securities_trader,price,buy,sell,securities_trader_id,stock_id,date
玉山數位,189.0,7390,0,884M,3035,2026-05-12
玉山數位,190.0,2000,1006,884M,3035,2026-05-12
玉山數位,194.0,2200,1070,884M,3035,2026-05-12
玉山數位,191.0,100,0,884M,3035,2026-05-12
玉山數位,188.0,100,0,884M,3035,2026-05-12
玉山大里,210.0,1103,1000,884J,3035,2026-05-12
玉山數位,192.0,3497,7000,884M,3035,2026-05-12
玉山數位,193.0,6500,2000,884M,3035,2026-05-12
玉山大里,208.5,0,5000,884J,3035,2026-05-12
玉山大里,207.0,0,1000,884J,3035,2026-05-12
玉山數位,195.0,200,0,884M,3035,2026-05-12
玉山數位,202.0,0,10,884M,3035,2026-05-12
玉山數位,198.0,310,3000,884M,3035,2026-05-12
國泰綜合,193.0,0,2000,8880,3035,2026-05-12
國泰綜合,194.0,10,2000,8880,3035,2026-05-12
國泰綜合,195.5,1000,0,8880,3035,2026-05-12
國泰綜合,192.0,100,9000,8880,3035,2026-05-12
國泰綜合,191.0,1000,0,8880,3035,2026-05-12
國泰綜合,197.0,0,2000,8880,3035,2026-05-12
國泰綜合,190.0,3,4000,8880,3035,2026-05-12
國泰綜合,189.0,2000,0,8880,3035,2026-05-12
國泰綜合,187.0,0,8000,8880,3035,2026-05-12
玉山數位,209.0,400,1000,884M,3035,2026-05-12
玉山數位,207.0,0,146,884M,3035,2026-05-12
玉山數位,204.5,0,100,884M,3035,2026-05-12
玉山數位,203.0,10,1000,884M,3035,2026-05-12
玉山數位,200.5,0,300,884M,3035,2026-05-12
玉山數位,199.5,1000,3000,884M,3035,2026-05-12
玉山數位,196.5,1000,0,884M,3035,2026-05-12
玉山大里,205.0,0,1000,884J,3035,2026-05-12
玉山新竹,206.0,1000,0,884H,3035,2026-05-12
玉山大里,202.5,1000,1000,884J,3035,2026-05-12
玉山新竹,194.5,1100,1500,884H,3035,2026-05-12
玉山新竹,193.5,2000,6300,884H,3035,2026-05-12
玉山新竹,192.5,4500,380,884H,3035,2026-05-12
玉山新竹,191.5,0,1000,884H,3035,2026-05-12
玉山新竹,190.5,0,600,884H,3035,2026-05-12
玉山新竹,189.5,1000,0,884H,3035,2026-05-12
玉山新竹,195.5,0,1100,884H,3035,2026-05-12
玉山新竹,188.5,1000,0,884H,3035,2026-05-12
玉山桃園,208.5,10000,1000,884F,3035,2026-05-12
玉山桃園,207.5,1000,0,884F,3035,2026-05-12
玉山桃園,200.5,10000,0,884F,3035,2026-05-12
玉山桃園,201.5,0,10000,884F,3035,2026-05-12
玉山桃園,204.5,3000,9000,884F,3035,2026-05-12
玉山桃園,203.0,1000,0,884F,3035,2026-05-12
國泰綜合,200.5,11000,3000,8880,3035,2026-05-12
玉山大里,204.0,0,2000,884J,3035,2026-05-12
玉山新竹,196.5,2000,0,884H,3035,2026-05-12
玉山新竹,199.0,6000,0,884H,3035,2026-05-12
玉山大里,201.5,1000,1000,884J,3035,2026-05-12
玉山大里,200.0,0,31000,884J,3035,2026-05-12
玉山大里,198.0,0,3000,884J,3035,2026-05-12
玉山大里,196.5,3000,0,884J,3035,2026-05-12
玉山大里,194.5,2100,1000,884J,3035,2026-05-12
玉山大里,193.5,0,4000,884J,3035,2026-05-12
玉山新竹,197.5,3000,1000,884H,3035,2026-05-12
玉山大里,192.0,0,2000,884J,3035,2026-05-12
玉山大里,189.0,2500,0,884J,3035,2026-05-12
玉山大里,188.0,1000,0,884J,3035,2026-05-12
玉山新竹,209.5,0,35,884H,3035,2026-05-12
玉山新竹,203.0,50,5000,884H,3035,2026-05-12
玉山新竹,202.0,1000,0,884H,3035,2026-05-12
玉山新竹,200.5,1000,0,884H,3035,2026-05-12
玉山大里,190.0,5007,0,884J,3035,2026-05-12
國泰綜合,201.5,2000,0,8880,3035,2026-05-12
國泰台中,192.5,26550,6050,8882,3035,2026-05-12
國泰綜合,203.5,0,1000,8880,3035,2026-05-12
國泰台中,198.5,6090,3000,8882,3035,2026-05-12
國泰台中,199.5,3000,2000,8882,3035,2026-05-12
國泰台中,200.5,6000,3200,8882,3035,2026-05-12
國泰台中,201.5,30,1000,8882,3035,2026-05-12
國泰台中,202.5,5040,2024,8882,3035,2026-05-12
國泰台中,203.5,200,0,8882,3035,2026-05-12
國泰台中,204.5,1200,1000,8882,3035,2026-05-12
國泰台中,205.5,0,1000,8882,3035,2026-05-12
國泰台中,206.5,11000,0,8882,3035,2026-05-12
國泰台中,207.5,2000,2000,8882,3035,2026-05-12
國泰台中,208.5,3283,6010,8882,3035,2026-05-12
國泰台中,209.5,2100,33,8882,3035,2026-05-12
國泰松江,188.0,1100,0,8883,3035,2026-05-12
國泰松江,189.0,5100,11050,8883,3035,2026-05-12
國泰松江,190.0,2040,1000,8883,3035,2026-05-12
國泰松江,191.5,4157,1000,8883,3035,2026-05-12
國泰松江,192.5,1131,2000,8883,3035,2026-05-12
國泰松江,206.0,48,0,8883,3035,2026-05-12
國泰松江,207.5,1000,0,8883,3035,2026-05-12
國泰松江,208.5,2100,1000,8883,3035,2026-05-12
國泰松江,205.0,0,60,8883,3035,2026-05-12
國泰松江,204.0,1000,0,8883,3035,2026-05-12
玉山桃園,199.0,500,0,884F,3035,2026-05-12
國泰台中,197.5,3200,1100,8882,3035,2026-05-12
國泰松江,202.5,100,1000,8883,3035,2026-05-12
國泰松江,200.0,0,1000,8883,3035,2026-05-12
國泰松江,199.0,2000,0,8883,3035,2026-05-12
國泰松江,198.0,210,0,8883,3035,2026-05-12
國泰松江,196.5,1000,1000,8883,3035,2026-05-12
國泰松江,195.0,2000,10,8883,3035,2026-05-12
國泰松江,194.0,1075,160,8883,3035,2026-05-12
國泰松江,201.5,0,1000,8883,3035,2026-05-12
國泰台中,196.5,5920,2000,8882,3035,2026-05-12
國泰台中,195.5,5400,4100,8882,3035,2026-05-12
國泰台中,194.5,22220,5000,8882,3035,2026-05-12
國泰高雄,195.5,3020,1000,8881,3035,2026-05-12
國泰高雄,194.5,8200,2000,8881,3035,2026-05-12
國泰高雄,193.5,1507,5204,8881,3035,2026-05-12
國泰高雄,192.5,1106,3100,8881,3035,2026-05-12
國泰高雄,191.5,2010,1000,8881,3035,2026-05-12
國泰高雄,190.0,1000,440,8881,3035,2026-05-12
國泰高雄,196.5,2100,1000,8881,3035,2026-05-12
國泰高雄,189.0,9110,1000,8881,3035,2026-05-12
國泰綜合,210.0,4000,0,8880,3035,2026-05-12
國泰綜合,209.0,13000,0,8880,3035,2026-05-12
國泰綜合,208.0,6000,0,8880,3035,2026-05-12
國泰綜合,207.0,16000,0,8880,3035,2026-05-12
國泰綜合,206.0,4000,0,8880,3035,2026-05-12
國泰綜合,205.0,8000,0,8880,3035,2026-05-12
國泰高雄,188.0,7100,0,8881,3035,2026-05-12
國泰綜合,202.5,11000,1000,8880,3035,2026-05-12
國泰高雄,197.5,3,1000,8881,3035,2026-05-12
國泰高雄,199.5,0,100,8881,3035,2026-05-12
國泰台中,193.5,9786,7000,8882,3035,2026-05-12
國泰台中,191.5,7200,1000,8882,3035,2026-05-12
國泰台中,190.5,5220,0,8882,3035,2026-05-12
國泰台中,189.5,2350,5100,8882,3035,2026-05-12
國泰台中,188.5,3256,1000,8882,3035,2026-05-12
國泰台中,187.5,2000,0,8882,3035,2026-05-12
國泰高雄,198.5,1060,0,8881,3035,2026-05-12
國泰高雄,210.5,0,250,8881,3035,2026-05-12
國泰高雄,208.0,1030,5000,8881,3035,2026-05-12
國泰高雄,207.0,0,1000,8881,3035,2026-05-12
國泰高雄,204.0,0,1000,8881,3035,2026-05-12
國泰高雄,202.5,50,0,8881,3035,2026-05-12
國泰高雄,201.5,1100,1000,8881,3035,2026-05-12
國泰高雄,200.5,5000,578,8881,3035,2026-05-12
國泰高雄,209.0,1000,5000,8881,3035,2026-05-12
玉山桃園,198.0,1000,1000,884F,3035,2026-05-12
玉山士林,207.0,0,10,884A,3035,2026-05-12
玉山桃園,195.5,2030,1000,884F,3035,2026-05-12
玉山嘉義,191.5,2000,3000,8848,3035,2026-05-12
玉山嘉義,192.5,0,3000,8848,3035,2026-05-12
玉山嘉義,193.5,3149,0,8848,3035,2026-05-12
玉山嘉義,194.5,0,6000,8848,3035,2026-05-12
玉山嘉義,195.5,0,5000,8848,3035,2026-05-12
玉山嘉義,200.5,1000,0,8848,3035,2026-05-12
玉山嘉義,202.0,2000,2000,8848,3035,2026-05-12
玉山嘉義,203.0,0,1000,8848,3035,2026-05-12
玉山嘉義,208.5,1000,0,8848,3035,2026-05-12
玉山景美,188.5,2000,0,8849,3035,2026-05-12
玉山景美,190.0,1000,0,8849,3035,2026-05-12
玉山景美,191.0,3000,0,8849,3035,2026-05-12
玉山景美,192.5,30300,0,8849,3035,2026-05-12
玉山景美,193.5,200,3000,8849,3035,2026-05-12
玉山景美,194.5,2000,30000,8849,3035,2026-05-12
玉山景美,195.5,16000,0,8849,3035,2026-05-12
玉山景美,197.0,2500,3000,8849,3035,2026-05-12
玉山士林,198.0,2000,1000,884A,3035,2026-05-12
玉山士林,195.0,9080,0,884A,3035,2026-05-12
玉山士林,194.0,2000,0,884A,3035,2026-05-12
玉山士林,193.0,0,1000,884A,3035,2026-05-12
玉山士林,192.0,3050,2000,884A,3035,2026-05-12
玉山士林,190.5,1050,0,884A,3035,2026-05-12
玉山嘉義,189.5,150,1000,8848,3035,2026-05-12
玉山士林,189.0,3010,0,884A,3035,2026-05-12
玉山景美,209.0,0,1000,8849,3035,2026-05-12
玉山景美,208.0,0,1000,8849,3035,2026-05-12
玉山景美,206.0,0,1000,8849,3035,2026-05-12
玉山景美,204.5,100,1000,8849,3035,2026-05-12
玉山景美,200.5,0,1001,8849,3035,2026-05-12
玉山景美,198.5,0,1000,8849,3035,2026-05-12
玉山景美,210.0,2200,1,8849,3035,2026-05-12
玉山士林,199.0,0,2000,884A,3035,2026-05-12
玉山台南,209.5,50,0,8847,3035,2026-05-12
玉山台南,206.0,0,1000,8847,3035,2026-05-12
玉山板橋,190.0,3100,0,8846,3035,2026-05-12
玉山板橋,191.5,1000,0,8846,3035,2026-05-12
玉山板橋,193.0,20020,4900,8846,3035,2026-05-12
玉山板橋,194.0,1000,1250,8846,3035,2026-05-12
國泰松江,210.0,33000,1000,8883,3035,2026-05-12
玉山板橋,195.0,12200,0,8846,3035,2026-05-12
玉山板橋,196.0,4000,2000,8846,3035,2026-05-12
玉山板橋,197.0,9000,1000,8846,3035,2026-05-12
玉山板橋,198.5,1000,0,8846,3035,2026-05-12
玉山板橋,199.5,3000,20000,8846,3035,2026-05-12
玉山板橋,200.5,3000,1000,8846,3035,2026-05-12
玉山板橋,201.5,0,2000,8846,3035,2026-05-12
玉山板橋,203.0,2000,1000,8846,3035,2026-05-12
玉山板橋,206.0,0,1000,8846,3035,2026-05-12
玉山板橋,207.5,0,1000,8846,3035,2026-05-12
玉山板橋,208.5,0,2000,8846,3035,2026-05-12
玉山板橋,210.0,400,20,8846,3035,2026-05-12
玉山台南,204.5,200,0,8847,3035,2026-05-12
玉山台南,203.0,0,3000,8847,3035,2026-05-12
玉山台南,202.0,1000,0,8847,3035,2026-05-12
玉山台南,199.5,4010,0,8847,3035,2026-05-12
玉山台南,198.5,1020,0,8847,3035,2026-05-12
玉山台南,197.5,100,0,8847,3035,2026-05-12
玉山台南,208.0,1000,1400,8847,3035,2026-05-12
玉山台南,196.0,1150,0,8847,3035,2026-05-12
玉山台南,194.0,21000,2000,8847,3035,2026-05-12
玉山台南,193.0,10100,0,8847,3035,2026-05-12
玉山台南,192.0,1100,11000,8847,3035,2026-05-12
玉山台南,191.0,0,1000,8847,3035,2026-05-12
玉山台南,189.5,3000,0,8847,3035,2026-05-12
玉山台南,188.5,2000,6000,8847,3035,2026-05-12
玉山台南,195.0,500,2322,8847,3035,2026-05-12
玉山士林,203.0,0,1000,884A,3035,2026-05-12
玉山士林,209.5,15,0,884A,3035,2026-05-12
玉山台中,187.5,1000,1000,884B,3035,2026-05-12
玉山左營,198.5,6000,5000,884D,3035,2026-05-12
玉山左營,200.0,0,3000,884D,3035,2026-05-12
玉山左營,201.0,4000,0,884D,3035,2026-05-12
玉山左營,203.0,3000,6005,884D,3035,2026-05-12
玉山左營,205.0,100,0,884D,3035,2026-05-12
玉山左營,210.0,0,1010,884D,3035,2026-05-12
玉山城中,188.5,10,0,884E,3035,2026-05-12
玉山城中,189.5,2000,10000,884E,3035,2026-05-12
玉山城中,190.5,6000,0,884E,3035,2026-05-12
玉山城中,191.5,10000,0,884E,3035,2026-05-12
玉山城中,192.5,6000,1000,884E,3035,2026-05-12
玉山城中,193.5,1000,10000,884E,3035,2026-05-12
玉山城中,194.5,1000,0,884E,3035,2026-05-12
玉山城中,195.5,0,1000,884E,3035,2026-05-12
玉山城中,196.5,2500,0,884E,3035,2026-05-12
玉山城中,197.5,6,0,884E,3035,2026-05-12
玉山城中,200.0,0,10003,884E,3035,2026-05-12
玉山桃園,194.5,1000,1000,884F,3035,2026-05-12
玉山桃園,193.5,1200,1000,884F,3035,2026-05-12
玉山桃園,192.5,1000,5000,884F,3035,2026-05-12
玉山桃園,191.5,0,1000,884F,3035,2026-05-12
玉山桃園,190.0,10,13000,884F,3035,2026-05-12
玉山桃園,189.0,1100,3001,884F,3035,2026-05-12
玉山左營,197.5,100,1000,884D,3035,2026-05-12
玉山桃園,188.0,300,0,884F,3035,2026-05-12
玉山城中,208.5,1000,0,884E,3035,2026-05-12
玉山城中,207.5,1000,0,884E,3035,2026-05-12
玉山城中,204.5,4080,0,884E,3035,2026-05-12
玉山城中,203.5,0,2000,884E,3035,2026-05-12
玉山城中,202.5,120,5000,884E,3035,2026-05-12
玉山城中,201.0,5000,4000,884E,3035,2026-05-12
玉山城中,209.5,0,1000,884E,3035,2026-05-12
玉山左營,196.0,0,1000,884D,3035,2026-05-12
玉山左營,195.0,450,1000,884D,3035,2026-05-12
玉山左營,194.0,2118,6000,884D,3035,2026-05-12
玉山台中,208.0,2,1000,884B,3035,2026-05-12
玉山台中,203.0,50,1000,884B,3035,2026-05-12
玉山台中,201.0,0,200,884B,3035,2026-05-12
玉山台中,200.0,1,4000,884B,3035,2026-05-12
玉山台中,199.0,1000,1000,884B,3035,2026-05-12
玉山台中,198.0,1000,5000,884B,3035,2026-05-12
玉山台中,209.0,2,0,884B,3035,2026-05-12
玉山台中,197.0,80,3000,884B,3035,2026-05-12
玉山台中,194.5,1200,3000,884B,3035,2026-05-12
玉山台中,193.5,13000,2000,884B,3035,2026-05-12
玉山台中,192.5,1000,3000,884B,3035,2026-05-12
玉山台中,191.5,3000,0,884B,3035,2026-05-12
玉山台中,190.0,3030,3000,884B,3035,2026-05-12
玉山台中,189.0,4000,6000,884B,3035,2026-05-12
玉山台中,195.5,3000,200,884B,3035,2026-05-12
玉山桃園,196.5,500,2000,884F,3035,2026-05-12
玉山台中,210.0,1008,1100,884B,3035,2026-05-12
玉山信義,192.0,2000,0,884C,3035,2026-05-12
玉山左營,193.0,5000,10000,884D,3035,2026-05-12
玉山左營,192.0,1000,1000,884D,3035,2026-05-12
玉山左營,191.0,0,1000,884D,3035,2026-05-12
玉山左營,190.0,4000,0,884D,3035,2026-05-12
玉山左營,189.0,4100,0,884D,3035,2026-05-12
玉山左營,188.0,5000,0,884D,3035,2026-05-12
玉山信義,189.0,1100,5000,884C,3035,2026-05-12
玉山左營,187.0,0,1000,884D,3035,2026-05-12
玉山信義,202.5,0,1000,884C,3035,2026-05-12
玉山信義,201.0,0,1200,884C,3035,2026-05-12
玉山信義,198.0,0,1000,884C,3035,2026-05-12
玉山信義,196.0,200,0,884C,3035,2026-05-12
玉山信義,195.0,1000,0,884C,3035,2026-05-12
玉山信義,193.5,7,1000,884C,3035,2026-05-12
玉山信義,208.5,0,1000,884C,3035,2026-05-12
國泰台南,188.5,7000,18000,8884,3035,2026-05-12
群益,190.0,2030,1000,9100,3035,2026-05-12
國泰台南,190.5,3000,0,8884,3035,2026-05-12
群益敦南,209.0,0,1000,9101,3035,2026-05-12
群益松山,187.5,0,10000,9103,3035,2026-05-12
群益松山,193.5,1000,0,9103,3035,2026-05-12
群益松山,201.0,0,1000,9103,3035,2026-05-12
群益松山,208.0,0,50,9103,3035,2026-05-12
群益松山,209.5,0,1000,9103,3035,2026-05-12
群益高盛,190.0,100,0,9105,3035,2026-05-12
群益高盛,192.0,1000,1000,9105,3035,2026-05-12
群益高盛,194.0,100,0,9105,3035,2026-05-12
群益高盛,195.0,2000,0,9105,3035,2026-05-12
群益高盛,198.0,0,1000,9105,3035,2026-05-12
群益高盛,199.5,1040,1000,9105,3035,2026-05-12
群益高盛,201.0,1000,4000,9105,3035,2026-05-12
群益高盛,206.5,2000,1000,9105,3035,2026-05-12
群益高盛,208.0,100,0,9105,3035,2026-05-12
群益海山,188.5,5000,1000,9108,3035,2026-05-12
群益海山,189.5,1034,0,9108,3035,2026-05-12
群益市府,194.5,1000,0,910D,3035,2026-05-12
群益市府,193.5,2000,2000,910D,3035,2026-05-12
群益市府,190.0,1000,0,910D,3035,2026-05-12
群益市府,189.0,1000,0,910D,3035,2026-05-12
群益海山,207.0,1000,3000,9108,3035,2026-05-12
群益海山,204.0,0,5000,9108,3035,2026-05-12
群益敦南,208.0,2000,0,9101,3035,2026-05-12
群益海山,201.0,0,5000,9108,3035,2026-05-12
群益海山,198.5,0,500,9108,3035,2026-05-12
群益海山,197.0,0,3000,9108,3035,2026-05-12
群益海山,195.5,0,1000,9108,3035,2026-05-12
群益海山,194.5,3000,0,9108,3035,2026-05-12
群益海山,193.0,0,3000,9108,3035,2026-05-12
群益海山,192.0,100,0,9108,3035,2026-05-12
群益海山,200.0,1000,0,9108,3035,2026-05-12
群益市府,196.0,26,0,910D,3035,2026-05-12
群益敦南,204.5,100,0,9101,3035,2026-05-12
群益敦南,197.0,1000,0,9101,3035,2026-05-12
國泰新竹,193.5,18,0,888N,3035,2026-05-12
國泰新竹,197.5,10,0,888N,3035,2026-05-12
法銀巴黎,191.5,1000,0,8900,3035,2026-05-12
群益,188.0,0,2000,9100,3035,2026-05-12
群益,189.0,27000,1000,9100,3035,2026-05-12
群益,191.0,2000,0,9100,3035,2026-05-12
群益,192.0,7000,12050,9100,3035,2026-05-12
群益,193.0,12000,7000,9100,3035,2026-05-12
群益,194.0,37000,41000,9100,3035,2026-05-12
群益,195.0,21000,55733,9100,3035,2026-05-12
群益,196.0,1000,17000,9100,3035,2026-05-12
群益,197.0,6000,44000,9100,3035,2026-05-12
群益,198.0,8000,0,9100,3035,2026-05-12
群益,199.0,16000,3000,9100,3035,2026-05-12
群益,200.0,125000,2000,9100,3035,2026-05-12
群益,201.0,21000,3000,9100,3035,2026-05-12
群益,202.0,6000,1000,9100,3035,2026-05-12
群益敦南,195.0,1000,0,9101,3035,2026-05-12
群益敦南,193.5,0,3000,9101,3035,2026-05-12
群益敦南,192.5,1000,1000,9101,3035,2026-05-12
群益敦南,190.5,1000,0,9101,3035,2026-05-12
群益敦南,189.5,2000,2000,9101,3035,2026-05-12
群益敦南,188.5,1000,0,9101,3035,2026-05-12
群益敦南,200.0,0,1000,9101,3035,2026-05-12
群益,210.0,0,40,9100,3035,2026-05-12
群益,208.0,0,2000,9100,3035,2026-05-12
群益,207.0,16000,0,9100,3035,2026-05-12
群益,206.0,2000,0,9100,3035,2026-05-12
群益,205.0,1000,2000,9100,3035,2026-05-12
群益,204.0,13000,2000,9100,3035,2026-05-12
群益,203.0,10000,0,9100,3035,2026-05-12
群益,209.0,1000,1050,9100,3035,2026-05-12
國泰板橋,210.0,605,0,888K,3035,2026-05-12
群益市府,198.5,1000,0,910D,3035,2026-05-12
群益市府,201.0,2000,0,910D,3035,2026-05-12
群益東大,194.5,20000,10000,9135,3035,2026-05-12
群益東大,196.5,21000,0,9135,3035,2026-05-12
群益東大,197.5,1000,0,9135,3035,2026-05-12
群益東大,198.5,2000,10,9135,3035,2026-05-12
群益東大,199.5,5000,0,9135,3035,2026-05-12
群益東大,201.5,2000,0,9135,3035,2026-05-12
群益東大,202.5,1000,4000,9135,3035,2026-05-12
群益東大,206.0,1000,0,9135,3035,2026-05-12
群益東大,208.0,1000,0,9135,3035,2026-05-12
群益東大,209.5,0,2000,9135,3035,2026-05-12
群益西松,191.0,15,0,9136,3035,2026-05-12
群益西松,192.0,1000,0,9136,3035,2026-05-12
群益西松,193.0,3010,0,9136,3035,2026-05-12
群益西松,194.5,1000,0,9136,3035,2026-05-12
群益西松,200.0,0,1000,9136,3035,2026-05-12
群益西松,202.0,0,2,9136,3035,2026-05-12
群益西松,203.5,0,2,9136,3035,2026-05-12
群益士林,204.0,0,1000,9137,3035,2026-05-12
群益士林,200.5,1000,1000,9137,3035,2026-05-12
群益士林,198.5,50,0,9137,3035,2026-05-12
玉山板橋,189.0,1000,4000,8846,3035,2026-05-12
群益士林,197.0,1000,0,9137,3035,2026-05-12
群益士林,195.5,0,3000,9137,3035,2026-05-12
群益東大,193.5,1000,0,9135,3035,2026-05-12
群益士林,194.5,1000,10,9137,3035,2026-05-12
群益士林,192.5,2000,0,9137,3035,2026-05-12
群益士林,191.5,0,1000,9137,3035,2026-05-12
群益士林,190.5,3000,1000,9137,3035,2026-05-12
群益士林,189.5,140,0,9137,3035,2026-05-12
群益士林,188.0,1000,0,9137,3035,2026-05-12
群益西松,206.5,0,1000,9136,3035,2026-05-12
群益士林,193.5,1000,0,9137,3035,2026-05-12
群益市府,199.5,0,1000,910D,3035,2026-05-12
群益東大,192.5,5,100,9135,3035,2026-05-12
群益東大,190.5,0,10000,9135,3035,2026-05-12
群益市府,208.0,0,2000,910D,3035,2026-05-12
群益民權,188.0,3000,0,9131,3035,2026-05-12
群益民權,189.0,6000,1000,9131,3035,2026-05-12
群益民權,190.0,4000,0,9131,3035,2026-05-12
群益民權,191.0,1000,0,9131,3035,2026-05-12
群益民權,192.5,4020,0,9131,3035,2026-05-12
群益民權,193.5,0,1000,9131,3035,2026-05-12
群益民權,194.5,4000,1000,9131,3035,2026-05-12
群益民權,196.5,1000,0,9131,3035,2026-05-12
群益民權,197.5,0,1000,9131,3035,2026-05-12
群益民權,198.5,300,1000,9131,3035,2026-05-12
群益民權,200.0,3000,0,9131,3035,2026-05-12
群益民權,202.5,2000,0,9131,3035,2026-05-12
群益民權,206.5,1000,0,9131,3035,2026-05-12
群益民權,208.5,4000,0,9131,3035,2026-05-12
群益民權,210.5,1000,0,9131,3035,2026-05-12
群益開元,188.5,0,5000,9134,3035,2026-05-12
群益東大,189.5,2000,1,9135,3035,2026-05-12
群益東大,188.5,3000,0,9135,3035,2026-05-12
群益開元,208.0,1000,0,9134,3035,2026-05-12
群益開元,206.5,4000,0,9134,3035,2026-05-12
群益開元,205.0,0,1000,9134,3035,2026-05-12
群益開元,201.0,0,2000,9134,3035,2026-05-12
群益東大,191.5,0,1000,9135,3035,2026-05-12
群益開元,199.0,3000,0,9134,3035,2026-05-12
群益開元,195.5,100,0,9134,3035,2026-05-12
群益開元,194.5,1000,0,9134,3035,2026-05-12
群益開元,193.5,2000,2000,9134,3035,2026-05-12
群益開元,192.5,2000,1000,9134,3035,2026-05-12
群益開元,191.0,1000,0,9134,3035,2026-05-12
群益開元,189.5,7000,0,9134,3035,2026-05-12
群益開元,197.5,0,1000,9134,3035,2026-05-12
國泰板橋,209.0,1050,1000,888K,3035,2026-05-12
國泰板橋,208.0,2030,3060,888K,3035,2026-05-12
國泰板橋,207.0,100,3000,888K,3035,2026-05-12
國泰桃園,209.5,50,100,8885,3035,2026-05-12
國泰桃園,210.5,5,150,8885,3035,2026-05-12
國泰新莊,188.5,2000,0,8886,3035,2026-05-12
國泰新莊,189.5,1708,100,8886,3035,2026-05-12
國泰新莊,190.5,500,0,8886,3035,2026-05-12
國泰新莊,191.5,100,1000,8886,3035,2026-05-12
國泰新莊,192.5,2000,0,8886,3035,2026-05-12
國泰新莊,193.5,1800,5000,8886,3035,2026-05-12
國泰新莊,194.5,1900,5000,8886,3035,2026-05-12
國泰新莊,195.5,3000,0,8886,3035,2026-05-12
國泰新莊,196.5,2000,0,8886,3035,2026-05-12
國泰新莊,197.5,500,0,8886,3035,2026-05-12
國泰新莊,198.5,2100,2000,8886,3035,2026-05-12
國泰新莊,199.5,6000,1000,8886,3035,2026-05-12
國泰新莊,200.5,2000,5,8886,3035,2026-05-12
國泰新莊,201.5,0,1000,8886,3035,2026-05-12
國泰新莊,202.5,10000,0,8886,3035,2026-05-12
國泰忠孝,198.0,1100,2000,8887,3035,2026-05-12
國泰忠孝,197.0,3000,0,8887,3035,2026-05-12
國泰忠孝,196.0,3100,2000,8887,3035,2026-05-12
國泰忠孝,195.0,5000,0,8887,3035,2026-05-12
國泰忠孝,194.0,4100,0,8887,3035,2026-05-12
國泰忠孝,193.0,25450,2350,8887,3035,2026-05-12
國泰桃園,208.5,3391,60,8885,3035,2026-05-12
國泰忠孝,192.0,25100,1000,8887,3035,2026-05-12
國泰忠孝,189.0,2500,0,8887,3035,2026-05-12
國泰新莊,209.5,1000,200,8886,3035,2026-05-12
國泰新莊,208.5,2000,3000,8886,3035,2026-05-12
國泰新莊,207.5,2000,0,8886,3035,2026-05-12
國泰新莊,204.5,5,0,8886,3035,2026-05-12
國泰新莊,203.5,15000,0,8886,3035,2026-05-12
國泰忠孝,190.5,5000,0,8887,3035,2026-05-12
國泰忠孝,199.0,50,12155,8887,3035,2026-05-12
國泰桃園,207.5,0,42,8885,3035,2026-05-12
國泰桃園,204.5,1150,0,8885,3035,2026-05-12
國泰台南,192.0,4100,2000,8884,3035,2026-05-12
國泰台南,193.0,9170,4000,8884,3035,2026-05-12
國泰台南,194.0,6000,4040,8884,3035,2026-05-12
國泰台南,195.0,6140,2500,8884,3035,2026-05-12
國泰台南,196.0,2550,1000,8884,3035,2026-05-12
國泰台南,197.0,1010,7000,8884,3035,2026-05-12
國泰台南,198.0,325,1023,8884,3035,2026-05-12
國泰台南,199.0,2040,1000,8884,3035,2026-05-12
國泰台南,200.0,1000,1000,8884,3035,2026-05-12
國泰台南,201.0,1100,2500,8884,3035,2026-05-12
國泰台南,202.0,0,1000,8884,3035,2026-05-12
國泰台南,204.0,1000,0,8884,3035,2026-05-12
國泰台南,206.5,1000,3000,8884,3035,2026-05-12
國泰台南,208.5,1050,0,8884,3035,2026-05-12
國泰台南,210.0,200,3157,8884,3035,2026-05-12
國泰桃園,188.0,2050,0,8885,3035,2026-05-12
國泰桃園,189.0,3040,0,8885,3035,2026-05-12
國泰桃園,203.5,0,1000,8885,3035,2026-05-12
國泰桃園,202.5,1510,1100,8885,3035,2026-05-12
國泰桃園,201.5,1005,0,8885,3035,2026-05-12
國泰桃園,200.5,5000,2000,8885,3035,2026-05-12
國泰桃園,199.5,1015,4000,8885,3035,2026-05-12
國泰桃園,198.0,5000,2000,8885,3035,2026-05-12
國泰桃園,206.5,3000,0,8885,3035,2026-05-12
國泰桃園,197.0,4000,0,8885,3035,2026-05-12
國泰桃園,195.0,5108,6256,8885,3035,2026-05-12
國泰桃園,194.0,11115,2000,8885,3035,2026-05-12
國泰桃園,193.0,13130,1200,8885,3035,2026-05-12
國泰桃園,192.0,4005,5400,8885,3035,2026-05-12
國泰桃園,191.0,2100,3000,8885,3035,2026-05-12
國泰桃園,190.0,9300,1100,8885,3035,2026-05-12
國泰桃園,196.0,2110,3000,8885,3035,2026-05-12
國泰忠孝,200.5,200,2300,8887,3035,2026-05-12
國泰忠孝,202.0,3000,5100,8887,3035,2026-05-12
國泰忠孝,203.0,0,200,8887,3035,2026-05-12
國泰館前,196.5,5500,2000,888A,3035,2026-05-12
國泰館前,197.5,0,3188,888A,3035,2026-05-12
國泰館前,198.5,3100,3112,888A,3035,2026-05-12
國泰館前,199.5,2101,1000,888A,3035,2026-05-12
國泰館前,200.5,0,30,888A,3035,2026-05-12
國泰館前,201.5,0,2000,888A,3035,2026-05-12
國泰館前,202.5,5000,3150,888A,3035,2026-05-12
國泰館前,204.5,0,120,888A,3035,2026-05-12
國泰館前,206.0,0,1025,888A,3035,2026-05-12
國泰館前,207.5,0,1000,888A,3035,2026-05-12
國泰館前,208.5,4000,2554,888A,3035,2026-05-12
國泰館前,209.5,3080,30,888A,3035,2026-05-12
國泰館前,210.5,0,100,888A,3035,2026-05-12
國泰板橋,188.0,2038,1000,888K,3035,2026-05-12
國泰板橋,189.0,8284,5500,888K,3035,2026-05-12
國泰板橋,190.0,10070,200,888K,3035,2026-05-12
國泰板橋,191.0,7051,3050,888K,3035,2026-05-12
國泰板橋,205.0,5000,600,888K,3035,2026-05-12
國泰板橋,204.0,0,1000,888K,3035,2026-05-12
國泰板橋,203.0,30091,1082,888K,3035,2026-05-12
國泰板橋,202.0,31000,3000,888K,3035,2026-05-12
國泰板橋,201.0,3010,9200,888K,3035,2026-05-12
國泰板橋,200.0,1001,7500,888K,3035,2026-05-12
國泰館前,195.5,2020,0,888A,3035,2026-05-12
國泰板橋,199.0,3224,6010,888K,3035,2026-05-12
國泰板橋,197.0,10000,2750,888K,3035,2026-05-12
國泰板橋,196.0,2000,3000,888K,3035,2026-05-12
國泰板橋,195.0,10450,2000,888K,3035,2026-05-12
國泰板橋,194.0,10326,8033,888K,3035,2026-05-12
國泰板橋,193.0,21891,16000,888K,3035,2026-05-12
國泰板橋,192.0,12610,4600,888K,3035,2026-05-12
國泰板橋,198.0,3090,6500,888K,3035,2026-05-12
國泰館前,194.5,4150,1100,888A,3035,2026-05-12
國泰館前,193.5,1170,4050,888A,3035,2026-05-12
國泰館前,192.5,4410,2000,888A,3035,2026-05-12
國泰敦南,196.5,32390,18005,8888,3035,2026-05-12
國泰敦南,195.5,35365,3145,8888,3035,2026-05-12
國泰敦南,194.5,51374,29805,8888,3035,2026-05-12
國泰敦南,193.5,62768,35171,8888,3035,2026-05-12
國泰敦南,192.5,35415,19833,8888,3035,2026-05-12
國泰敦南,191.5,14157,15026,8888,3035,2026-05-12
國泰敦南,197.5,22183,20414,8888,3035,2026-05-12
國泰敦南,190.5,10441,4343,8888,3035,2026-05-12
國泰敦南,188.5,27653,15208,8888,3035,2026-05-12
國泰敦南,187.5,5001,0,8888,3035,2026-05-12
國泰忠孝,210.0,100,0,8887,3035,2026-05-12
國泰忠孝,208.5,14000,100,8887,3035,2026-05-12
國泰忠孝,207.0,0,1000,8887,3035,2026-05-12
國泰忠孝,204.0,0,2000,8887,3035,2026-05-12
國泰敦南,189.5,13564,27383,8888,3035,2026-05-12
國泰台南,189.5,4189,5100,8884,3035,2026-05-12
國泰敦南,198.5,43345,24448,8888,3035,2026-05-12
國泰敦南,200.5,24000,11552,8888,3035,2026-05-12
國泰館前,191.5,7020,2000,888A,3035,2026-05-12
國泰館前,190.0,3000,2300,888A,3035,2026-05-12
國泰館前,189.0,5191,53600,888A,3035,2026-05-12
國泰館前,188.0,7010,0,888A,3035,2026-05-12
國泰敦南,210.5,3320,1100,8888,3035,2026-05-12
國泰敦南,209.5,6859,5800,8888,3035,2026-05-12
國泰敦南,199.5,12305,21650,8888,3035,2026-05-12
國泰敦南,208.5,19638,26001,8888,3035,2026-05-12
國泰敦南,206.5,2030,4000,8888,3035,2026-05-12
國泰敦南,205.5,0,25,8888,3035,2026-05-12
國泰敦南,204.5,6363,3811,8888,3035,2026-05-12
國泰敦南,203.5,3170,4000,8888,3035,2026-05-12
國泰敦南,202.5,12126,20011,8888,3035,2026-05-12
國泰敦南,201.5,13203,10226,8888,3035,2026-05-12
國泰敦南,207.5,11211,5501,8888,3035,2026-05-12
玉山高雄,210.0,590,1014,8843,3035,2026-05-12
康和台北,188.0,1000,0,845U,3035,2026-05-12
玉山高雄,208.0,1000,4000,8843,3035,2026-05-12
康和新竹,199.0,0,1000,8456,3035,2026-05-12
康和台南,189.0,0,1000,8458,3035,2026-05-12
康和台南,194.0,1000,20,8458,3035,2026-05-12
康和台南,197.0,0,1000,8458,3035,2026-05-12
康和台南,200.0,0,1000,8458,3035,2026-05-12
康和台南,202.0,2000,1000,8458,3035,2026-05-12
康和台南,203.5,1000,0,8458,3035,2026-05-12
康和嘉義,192.5,0,1000,8459,3035,2026-05-12
康和嘉義,193.5,50,0,8459,3035,2026-05-12
康和嘉義,194.5,1000,0,8459,3035,2026-05-12
康和嘉義,197.5,0,2000,8459,3035,2026-05-12
康和嘉義,198.5,0,4000,8459,3035,2026-05-12
康和嘉義,199.5,20000,0,8459,3035,2026-05-12
康和嘉義,200.5,1000,20000,8459,3035,2026-05-12
康和嘉義,202.5,2000,0,8459,3035,2026-05-12
康和嘉義,208.5,7000,0,8459,3035,2026-05-12
康和內湖,188.5,1000,0,845A,3035,2026-05-12
康和永和,199.0,2000,0,845B,3035,2026-05-12
康和永和,195.5,1000,0,845B,3035,2026-05-12
康和永和,194.0,0,1000,845B,3035,2026-05-12
康和永和,192.5,5000,0,845B,3035,2026-05-12
康和永和,191.5,0,1000,845B,3035,2026-05-12
康和永和,189.5,0,2000,845B,3035,2026-05-12
康和新竹,188.0,1000,0,8456,3035,2026-05-12
康和永和,188.0,2000,0,845B,3035,2026-05-12
康和內湖,204.5,1000,1000,845A,3035,2026-05-12
康和內湖,201.5,2000,0,845A,3035,2026-05-12
康和內湖,200.0,1000,2000,845A,3035,2026-05-12
康和內湖,195.0,1000,0,845A,3035,2026-05-12
康和內湖,193.5,0,3000,845A,3035,2026-05-12
康和內湖,190.0,2000,0,845A,3035,2026-05-12
康和內湖,208.0,5000,0,845A,3035,2026-05-12
康和永和,200.5,1000,1000,845B,3035,2026-05-12
康和台中,208.5,1000,0,8455,3035,2026-05-12
康和台中,205.0,0,2000,8455,3035,2026-05-12
摩根大通,197.0,2000,2000,8440,3035,2026-05-12
摩根大通,198.0,0,14000,8440,3035,2026-05-12
摩根大通,199.0,3000,15000,8440,3035,2026-05-12
摩根大通,200.0,17000,0,8440,3035,2026-05-12
摩根大通,201.0,0,6000,8440,3035,2026-05-12
摩根大通,202.5,6000,0,8440,3035,2026-05-12
摩根大通,204.5,1000,0,8440,3035,2026-05-12
摩根大通,208.0,0,13000,8440,3035,2026-05-12
康和,189.0,1000,0,8450,3035,2026-05-12
康和,193.5,3000,0,8450,3035,2026-05-12
康和,197.0,10000,1000,8450,3035,2026-05-12
康和,199.0,0,1000,8450,3035,2026-05-12
康和,201.0,75000,0,8450,3035,2026-05-12
康和,209.5,1000,0,8450,3035,2026-05-12
康和延平,189.0,0,6000,8451,3035,2026-05-12
康和延平,190.0,0,1000,8451,3035,2026-05-12
康和延平,192.0,10000,3000,8451,3035,2026-05-12
康和台中,202.5,100,0,8455,3035,2026-05-12
康和台中,200.5,0,6000,8455,3035,2026-05-12
康和台中,199.5,1100,0,8455,3035,2026-05-12
康和台中,198.5,0,1000,8455,3035,2026-05-12
康和台中,197.0,1000,1000,8455,3035,2026-05-12
康和台中,196.0,0,2000,8455,3035,2026-05-12
康和台中,206.5,1000,0,8455,3035,2026-05-12
康和台中,194.0,2000,1000,8455,3035,2026-05-12
康和台中,192.0,50,0,8455,3035,2026-05-12
康和台中,190.0,10,0,8455,3035,2026-05-12
康和台中,189.0,3060,0,8455,3035,2026-05-12
康和延平,202.0,1000,0,8451,3035,2026-05-12
康和延平,196.5,1000,0,8451,3035,2026-05-12
康和延平,194.0,0,200,8451,3035,2026-05-12
康和台中,193.0,2000,1000,8455,3035,2026-05-12
摩根大通,196.0,73000,3000,8440,3035,2026-05-12
康和永和,202.0,0,50,845B,3035,2026-05-12
康和永和,205.0,0,50,845B,3035,2026-05-12
康和高雄,206.5,0,2000,845J,3035,2026-05-12
康和高雄,209.0,3000,0,845J,3035,2026-05-12
康和石牌,190.0,1000,0,845R,3035,2026-05-12
康和石牌,193.5,1000,300,845R,3035,2026-05-12
康和石牌,195.0,2000,0,845R,3035,2026-05-12
康和石牌,197.5,1000,0,845R,3035,2026-05-12
康和石牌,201.0,0,1000,845R,3035,2026-05-12
康和石牌,204.5,100,0,845R,3035,2026-05-12
康和石牌,208.0,0,1000,845R,3035,2026-05-12
康和南崁,188.5,1000,0,845S,3035,2026-05-12
康和南崁,192.0,1100,0,845S,3035,2026-05-12
康和南崁,198.5,0,1000,845S,3035,2026-05-12
康和台北,189.5,1000,0,845U,3035,2026-05-12
康和台北,192.0,1000,1000,845U,3035,2026-05-12
康和台北,193.5,1000,0,845U,3035,2026-05-12
康和台北,195.0,4000,21100,845U,3035,2026-05-12
康和台北,200.5,3000,0,845U,3035,2026-05-12
京城嘉義,197.5,1000,0,8492,3035,2026-05-12
京城嘉義,195.0,2000,0,8492,3035,2026-05-12
京城嘉義,193.5,0,4000,8492,3035,2026-05-12
京城嘉義,192.5,0,1000,8492,3035,2026-05-12
京城嘉義,190.5,1000,0,8492,3035,2026-05-12
京城嘉義,189.0,2000,0,8492,3035,2026-05-12
康和高雄,204.5,0,2000,845J,3035,2026-05-12
京城嘉義,188.0,1000,0,8492,3035,2026-05-12
京城,193.5,1000,0,8490,3035,2026-05-12
京城,192.5,1000,3000,8490,3035,2026-05-12
京城,191.5,7,0,8490,3035,2026-05-12
京城,189.0,0,4000,8490,3035,2026-05-12
康和屏東,208.5,2000,0,845X,3035,2026-05-12
康和台北,208.5,0,2000,845U,3035,2026-05-12
京城,198.5,0,1000,8490,3035,2026-05-12
康和永和,203.0,0,50,845B,3035,2026-05-12
康和高雄,202.5,0,1000,845J,3035,2026-05-12
康和高雄,200.0,1000,1025,845J,3035,2026-05-12
康和永和,208.0,0,50,845B,3035,2026-05-12
康和板橋,188.0,10,0,845D,3035,2026-05-12
康和板橋,189.0,3000,0,845D,3035,2026-05-12
康和板橋,190.0,10010,0,845D,3035,2026-05-12
康和板橋,192.0,0,1000,845D,3035,2026-05-12
康和板橋,193.0,10,0,845D,3035,2026-05-12
康和板橋,194.0,10000,0,845D,3035,2026-05-12
康和板橋,195.5,2000,0,845D,3035,2026-05-12
康和板橋,198.0,0,1000,845D,3035,2026-05-12
康和板橋,200.0,0,500,845D,3035,2026-05-12
康和板橋,201.0,10,5000,845D,3035,2026-05-12
康和板橋,202.0,1000,0,845D,3035,2026-05-12
康和板橋,207.0,0,1000,845D,3035,2026-05-12
康和板橋,208.0,0,1000,845D,3035,2026-05-12
康和板橋,209.0,10,0,845D,3035,2026-05-12
康和澎湖,187.5,20,0,845E,3035,2026-05-12
康和澎湖,190.0,102,0,845E,3035,2026-05-12
康和高雄,198.0,2000,0,845J,3035,2026-05-12
康和高雄,196.5,3000,0,845J,3035,2026-05-12
康和高雄,195.0,1000,0,845J,3035,2026-05-12
康和高雄,194.0,2000,1000,845J,3035,2026-05-12
康和高雄,192.0,1000,1000,845J,3035,2026-05-12
康和高雄,189.5,1000,0,845J,3035,2026-05-12
康和高雄,201.0,2000,0,845J,3035,2026-05-12
康和仁愛,208.5,0,1000,845F,3035,2026-05-12
康和仁愛,202.0,10000,0,845F,3035,2026-05-12
康和仁愛,198.0,0,2000,845F,3035,2026-05-12
康和仁愛,194.5,5000,1000,845F,3035,2026-05-12
康和仁愛,193.0,1000,4000,845F,3035,2026-05-12
康和仁愛,189.0,0,11000,845F,3035,2026-05-12
康和澎湖,192.0,26,0,845E,3035,2026-05-12
康和仁愛,203.5,0,10000,845F,3035,2026-05-12
摩根大通,195.0,15000,50000,8440,3035,2026-05-12
摩根大通,194.0,14000,121000,8440,3035,2026-05-12
摩根大通,193.0,2000,0,8440,3035,2026-05-12
國票南京,193.0,0,1000,779n,3035,2026-05-12
國票南京,198.5,0,1000,779n,3035,2026-05-12
國票南京,202.5,1000,0,779n,3035,2026-05-12
國票南京,209.0,0,330,779n,3035,2026-05-12
國票九鼎,188.5,2000,1000,779P,3035,2026-05-12
國票九鼎,189.5,0,5000,779P,3035,2026-05-12
國票九鼎,192.0,5000,1000,779P,3035,2026-05-12
國票九鼎,194.0,5000,5000,779P,3035,2026-05-12
國票九鼎,196.5,0,5000,779P,3035,2026-05-12
國票九鼎,199.0,2000,0,779P,3035,2026-05-12
國票九鼎,201.0,1000,0,779P,3035,2026-05-12
國票九鼎,203.0,1000,0,779P,3035,2026-05-12
國票九鼎,208.0,10,0,779P,3035,2026-05-12
國票九鼎,210.0,2000,0,779P,3035,2026-05-12
國票桃園,190.0,200,0,779r,3035,2026-05-12
國票桃園,195.0,2000,0,779r,3035,2026-05-12
國票桃園,199.5,200,0,779r,3035,2026-05-12
國票台中,191.0,1000,1000,779v,3035,2026-05-12
國票台中,190.0,1000,0,779v,3035,2026-05-12
國票長城,208.5,0,150,779u,3035,2026-05-12
國票長城,204.0,0,1000,779u,3035,2026-05-12
國票長城,202.0,1000,1000,779u,3035,2026-05-12
國票長城,200.5,0,1000,779u,3035,2026-05-12
國票南京,189.5,0,1000,779n,3035,2026-05-12
國票長城,198.0,0,1000,779u,3035,2026-05-12
國票長城,193.5,0,1000,779u,3035,2026-05-12
國票長城,192.5,0,3000,779u,3035,2026-05-12
國票長城,190.5,0,1000,779u,3035,2026-05-12
國票長城,189.5,1000,5000,779u,3035,2026-05-12
國票長城,188.5,1000,0,779u,3035,2026-05-12
國票桃園,204.0,0,1000,779r,3035,2026-05-12
國票長城,196.0,1000,1000,779u,3035,2026-05-12
國票台中,192.0,2000,2000,779v,3035,2026-05-12
國票中港,209.5,1000,0,779m,3035,2026-05-12
國票中港,196.0,0,1000,779m,3035,2026-05-12
國票南崁,206.0,0,10000,779E,3035,2026-05-12
國票南崁,208.5,4000,0,779E,3035,2026-05-12
群益士林,208.5,6000,0,9137,3035,2026-05-12
國票新莊,187.5,1000,0,779G,3035,2026-05-12
國票新莊,191.5,0,1000,779G,3035,2026-05-12
國票新莊,194.0,0,2000,779G,3035,2026-05-12
國票新莊,198.0,0,1000,779G,3035,2026-05-12
國票新莊,199.0,50,0,779G,3035,2026-05-12
國票新莊,201.0,1000,1000,779G,3035,2026-05-12
國票新莊,208.5,0,5000,779G,3035,2026-05-12
國票嘉義,192.5,1000,0,779H,3035,2026-05-12
國票嘉義,197.5,1000,0,779H,3035,2026-05-12
國票嘉義,201.0,0,3000,779H,3035,2026-05-12
國票嘉義,205.0,0,1000,779H,3035,2026-05-12
國票嘉義,209.0,100,0,779H,3035,2026-05-12
國票和平,191.5,1000,0,779j,3035,2026-05-12
國票和平,193.5,1000,0,779j,3035,2026-05-12
國票中港,192.5,100,0,779m,3035,2026-05-12
國票中港,191.5,1000,0,779m,3035,2026-05-12
國票北高,210.0,1000,0,779J,3035,2026-05-12
國票北高,208.0,1000,1000,779J,3035,2026-05-12
國票北高,202.5,1000,0,779J,3035,2026-05-12
國票北高,201.5,0,6,779J,3035,2026-05-12
國票中港,199.5,0,1000,779m,3035,2026-05-12
國票北高,200.0,1000,1000,779J,3035,2026-05-12
國票北高,196.5,1000,0,779J,3035,2026-05-12
國票北高,193.5,3000,1000,779J,3035,2026-05-12
國票北高,191.5,0,1000,779J,3035,2026-05-12
國票和平,206.5,1000,0,779j,3035,2026-05-12
國票和平,201.5,100,0,779j,3035,2026-05-12
國票和平,196.5,1000,0,779j,3035,2026-05-12
國票北高,198.0,0,1000,779J,3035,2026-05-12
國票台中,193.0,1000,8000,779v,3035,2026-05-12
國票台中,194.0,1000,0,779v,3035,2026-05-12
國票台中,195.0,0,2000,779v,3035,2026-05-12
國票博愛,193.0,1000,1100,779z,3035,2026-05-12
國票博愛,194.0,1000,0,779z,3035,2026-05-12
國票博愛,195.0,0,1000,779z,3035,2026-05-12
國票博愛,196.0,1000,0,779z,3035,2026-05-12
國票博愛,198.0,1000,300,779z,3035,2026-05-12
國票博愛,200.0,0,1000,779z,3035,2026-05-12
國票博愛,203.5,0,101,779z,3035,2026-05-12
國票安和,192.0,0,1000,779Z,3035,2026-05-12
國票安和,196.0,0,100,779Z,3035,2026-05-12
國票安和,197.5,0,1000,779Z,3035,2026-05-12
國票安和,200.0,1000,0,779Z,3035,2026-05-12
國票安和,202.0,0,1000,779Z,3035,2026-05-12
國票安和,203.0,101,1000,779Z,3035,2026-05-12
國票安和,208.5,23000,0,779Z,3035,2026-05-12
國票安和,209.5,100000,0,779Z,3035,2026-05-12
安泰,193.0,0,1000,8380,3035,2026-05-12
安泰,203.0,0,150,8380,3035,2026-05-12
摩根大通,192.0,10000,0,8440,3035,2026-05-12
摩根大通,191.0,33000,0,8440,3035,2026-05-12
摩根大通,190.0,18000,17000,8440,3035,2026-05-12
摩根大通,189.0,4000,19000,8440,3035,2026-05-12
摩根大通,188.0,2000,0,8440,3035,2026-05-12
安泰楠梓,200.0,2000,0,8382,3035,2026-05-12
國票博愛,192.0,1000,1000,779z,3035,2026-05-12
安泰楠梓,195.5,1000,0,8382,3035,2026-05-12
安泰大發,204.0,1000,0,8381,3035,2026-05-12
安泰大發,200.5,1000,0,8381,3035,2026-05-12
安泰大發,197.5,1000,0,8381,3035,2026-05-12
安泰大發,192.0,0,1000,8381,3035,2026-05-12
安泰大發,189.0,1000,2000,8381,3035,2026-05-12
安泰,209.5,0,60,8380,3035,2026-05-12
安泰楠梓,192.0,1000,0,8382,3035,2026-05-12
國票博愛,190.5,1000,0,779z,3035,2026-05-12
國票博愛,189.5,1000,0,779z,3035,2026-05-12
國票博愛,188.5,5000,0,779z,3035,2026-05-12
國票天祥,204.5,0,3000,779V,3035,2026-05-12
國票天祥,201.0,12000,0,779V,3035,2026-05-12
國票天祥,194.5,1000,0,779V,3035,2026-05-12
國票天祥,193.0,1000,1000,779V,3035,2026-05-12
國票天祥,191.5,2000,0,779V,3035,2026-05-12
國票天祥,190.0,1000,0,779V,3035,2026-05-12
國票天祥,207.0,0,10000,779V,3035,2026-05-12
國票天祥,188.5,2000,0,779V,3035,2026-05-12
國票台中,204.0,0,1000,779v,3035,2026-05-12
國票台中,202.5,0,1100,779v,3035,2026-05-12
國票台中,201.0,0,1000,779v,3035,2026-05-12
國票台中,200.0,0,1000,779v,3035,2026-05-12
國票台中,198.5,1000,0,779v,3035,2026-05-12
國票台中,196.5,5000,1000,779v,3035,2026-05-12
國票台中,208.5,2000,0,779v,3035,2026-05-12
京城嘉義,200.5,1000,0,8492,3035,2026-05-12
國票天祥,208.5,0,2000,779V,3035,2026-05-12
國票彰化,192.5,0,1000,779W,3035,2026-05-12
國票中和,209.0,0,1000,779X,3035,2026-05-12
國票中和,207.0,0,11000,779X,3035,2026-05-12
國票中和,201.0,1000,0,779X,3035,2026-05-12
國票中和,200.0,1000,200,779X,3035,2026-05-12
國票中和,199.0,100,0,779X,3035,2026-05-12
國票中和,196.0,0,2000,779X,3035,2026-05-12
國票彰化,188.5,3000,0,779W,3035,2026-05-12
國票中和,195.0,0,3000,779X,3035,2026-05-12
國票中和,192.0,0,500,779X,3035,2026-05-12
國票中和,190.0,1000,1000,779X,3035,2026-05-12
國票彰化,209.5,2000,0,779W,3035,2026-05-12
國票彰化,199.0,5,0,779W,3035,2026-05-12
國票彰化,197.5,1000,0,779W,3035,2026-05-12
國票彰化,194.0,2100,0,779W,3035,2026-05-12
國票中和,193.5,1000,0,779X,3035,2026-05-12
京城嘉義,203.0,0,1000,8492,3035,2026-05-12
京城嘉義,204.5,1780,50,8492,3035,2026-05-12
京城嘉義,206.5,1000,0,8492,3035,2026-05-12
聯邦大業,203.0,0,1000,8586,3035,2026-05-12
聯邦大業,208.0,3000,0,8586,3035,2026-05-12
聯邦興中,189.0,1000,0,8587,3035,2026-05-12
聯邦興中,193.0,30,10000,8587,3035,2026-05-12
聯邦興中,194.0,1000,0,8587,3035,2026-05-12
聯邦興中,196.0,2000,0,8587,3035,2026-05-12
聯邦興中,198.0,1000,2000,8587,3035,2026-05-12
聯邦興中,199.0,300,1000,8587,3035,2026-05-12
聯邦興中,201.5,500,0,8587,3035,2026-05-12
聯邦興中,208.5,1000,0,8587,3035,2026-05-12
聯邦台南,188.5,0,3000,8588,3035,2026-05-12
聯邦台南,192.0,100,0,8588,3035,2026-05-12
聯邦台南,194.5,0,50,8588,3035,2026-05-12
聯邦台南,197.5,1000,0,8588,3035,2026-05-12
聯邦台南,200.0,0,310,8588,3035,2026-05-12
聯邦台南,203.0,1000,0,8588,3035,2026-05-12
陽信,189.0,0,1000,8710,3035,2026-05-12
陽信高雄,197.0,0,1000,8713,3035,2026-05-12
陽信高雄,192.5,0,1000,8713,3035,2026-05-12
陽信高雄,190.5,0,1000,8713,3035,2026-05-12
陽信高雄,189.0,0,7000,8713,3035,2026-05-12
陽信石牌,201.0,1000,0,8711,3035,2026-05-12
陽信石牌,200.0,1000,0,8711,3035,2026-05-12
聯邦大業,201.0,0,2000,8586,3035,2026-05-12
陽信石牌,197.0,0,1000,8711,3035,2026-05-12
陽信石牌,193.0,8000,0,8711,3035,2026-05-12
陽信石牌,191.0,1000,0,8711,3035,2026-05-12
陽信石牌,188.0,1000,0,8711,3035,2026-05-12
陽信,206.0,50,0,8710,3035,2026-05-12
陽信,198.0,0,20000,8710,3035,2026-05-12
陽信,195.0,0,200,8710,3035,2026-05-12
陽信石牌,194.0,2000,1000,8711,3035,2026-05-12
陽信高雄,204.5,1000,0,8713,3035,2026-05-12
聯邦大業,197.0,1000,0,8586,3035,2026-05-12
聯邦大業,194.0,3000,1000,8586,3035,2026-05-12
聯邦高雄,203.0,1000,0,8581,3035,2026-05-12
聯邦高雄,210.0,0,29,8581,3035,2026-05-12
聯邦嘉義,190.0,2000,0,8582,3035,2026-05-12
聯邦嘉義,192.5,1000,0,8582,3035,2026-05-12
聯邦嘉義,195.5,0,5000,8582,3035,2026-05-12
聯邦嘉義,197.0,1000,0,8582,3035,2026-05-12
聯邦嘉義,203.0,0,5000,8582,3035,2026-05-12
聯邦嘉義,206.5,0,9000,8582,3035,2026-05-12
聯邦嘉義,208.5,0,1000,8582,3035,2026-05-12
聯邦忠孝,188.0,1000,0,8583,3035,2026-05-12
聯邦忠孝,192.5,1000,0,8583,3035,2026-05-12
聯邦忠孝,195.0,100,1000,8583,3035,2026-05-12
聯邦忠孝,200.0,1000,0,8583,3035,2026-05-12
聯邦忠孝,201.5,0,1015,8583,3035,2026-05-12
聯邦忠孝,208.5,1000,0,8583,3035,2026-05-12
聯邦雙和,189.0,1000,0,8584,3035,2026-05-12
聯邦雙和,190.0,50,0,8584,3035,2026-05-12
聯邦大業,192.0,0,1000,8586,3035,2026-05-12
聯邦大業,189.0,0,3000,8586,3035,2026-05-12
聯邦大業,188.0,20,0,8586,3035,2026-05-12
聯邦三重,208.0,1000,0,8585,3035,2026-05-12
聯邦三重,207.0,1000,0,8585,3035,2026-05-12
聯邦三重,198.5,2000,0,8585,3035,2026-05-12
聯邦大業,195.5,4000,0,8586,3035,2026-05-12
聯邦三重,192.0,20,1000,8585,3035,2026-05-12
聯邦三重,187.5,0,1000,8585,3035,2026-05-12
聯邦雙和,201.5,100,0,8584,3035,2026-05-12
聯邦雙和,199.0,0,3000,8584,3035,2026-05-12
聯邦雙和,195.0,1000,0,8584,3035,2026-05-12
聯邦雙和,194.0,1020,1000,8584,3035,2026-05-12
聯邦雙和,192.5,1000,0,8584,3035,2026-05-12
聯邦三重,190.5,30,0,8585,3035,2026-05-12
陽信台南,197.5,1000,0,8714,3035,2026-05-12
陽信台中,194.0,10000,0,8715,3035,2026-05-12
玉山,188.0,1020,0,8840,3035,2026-05-12
玉山新莊,189.0,2000,0,8842,3035,2026-05-12
玉山新莊,190.0,100,0,8842,3035,2026-05-12
玉山新莊,191.0,0,2000,8842,3035,2026-05-12
玉山新莊,192.0,30,0,8842,3035,2026-05-12
玉山新莊,193.0,2005,5030,8842,3035,2026-05-12
玉山新莊,194.0,15,1000,8842,3035,2026-05-12
玉山新莊,195.5,4050,0,8842,3035,2026-05-12
玉山新莊,196.5,4500,0,8842,3035,2026-05-12
玉山新莊,198.5,100,0,8842,3035,2026-05-12
玉山新莊,200.0,0,4000,8842,3035,2026-05-12
玉山新莊,201.5,1100,11000,8842,3035,2026-05-12
玉山新莊,203.0,0,1000,8842,3035,2026-05-12
玉山新莊,204.0,1000,1000,8842,3035,2026-05-12
玉山新莊,207.0,0,100,8842,3035,2026-05-12
玉山新莊,209.0,1000,0,8842,3035,2026-05-12
玉山高雄,187.5,4000,1000,8843,3035,2026-05-12
玉山高雄,188.5,1001,0,8843,3035,2026-05-12
玉山高雄,205.0,0,2200,8843,3035,2026-05-12
玉山高雄,204.0,0,1000,8843,3035,2026-05-12
玉山高雄,203.0,1,1000,8843,3035,2026-05-12
玉山高雄,201.5,0,1000,8843,3035,2026-05-12
玉山高雄,200.0,2000,5000,8843,3035,2026-05-12
玉山高雄,198.5,0,1000,8843,3035,2026-05-12
玉山雙和,210.0,30,0,8841,3035,2026-05-12
玉山高雄,197.0,7000,1000,8843,3035,2026-05-12
玉山高雄,195.0,1000,1,8843,3035,2026-05-12
玉山高雄,194.0,0,5000,8843,3035,2026-05-12
玉山高雄,193.0,850,1000,8843,3035,2026-05-12
玉山高雄,192.0,6000,0,8843,3035,2026-05-12
玉山高雄,190.5,2000,0,8843,3035,2026-05-12
玉山高雄,189.5,1000,0,8843,3035,2026-05-12
玉山高雄,196.0,2000,0,8843,3035,2026-05-12
玉山雙和,208.5,1000,2000,8841,3035,2026-05-12
玉山雙和,207.5,0,1000,8841,3035,2026-05-12
玉山雙和,205.0,0,300,8841,3035,2026-05-12
玉山,202.5,2150,0,8840,3035,2026-05-12
玉山,201.5,1010,2050,8840,3035,2026-05-12
玉山,200.5,2000,5,8840,3035,2026-05-12
玉山,199.5,2009,10050,8840,3035,2026-05-12
玉山,198.5,10000,2100,8840,3035,2026-05-12
玉山,197.5,2100,0,8840,3035,2026-05-12
玉山,203.5,70,0,8840,3035,2026-05-12
玉山,196.5,3000,1000,8840,3035,2026-05-12
玉山,194.5,1000,2000,8840,3035,2026-05-12
玉山,193.5,1000,0,8840,3035,2026-05-12
玉山,192.5,1000,1000,8840,3035,2026-05-12
玉山,191.5,3100,3000,8840,3035,2026-05-12
玉山,190.0,1050,1000,8840,3035,2026-05-12
玉山,189.0,3200,1000,8840,3035,2026-05-12
玉山,195.5,2000,0,8840,3035,2026-05-12
聯邦高雄,200.0,0,1000,8581,3035,2026-05-12
玉山,204.5,0,100,8840,3035,2026-05-12
玉山,207.5,0,1100,8840,3035,2026-05-12
玉山雙和,204.0,1000,0,8841,3035,2026-05-12
玉山雙和,202.5,4,0,8841,3035,2026-05-12
玉山雙和,201.5,1000,0,8841,3035,2026-05-12
玉山雙和,200.5,3000,5,8841,3035,2026-05-12
玉山雙和,198.5,0,1000,8841,3035,2026-05-12
玉山雙和,197.5,3000,1000,8841,3035,2026-05-12
玉山,206.0,11,325,8840,3035,2026-05-12
玉山雙和,196.0,2000,5,8841,3035,2026-05-12
玉山雙和,193.0,0,1000,8841,3035,2026-05-12
玉山雙和,191.0,1000,0,8841,3035,2026-05-12
玉山雙和,189.5,0,8000,8841,3035,2026-05-12
玉山雙和,188.5,2000,0,8841,3035,2026-05-12
玉山,210.0,211,1179,8840,3035,2026-05-12
玉山,208.5,1000,7705,8840,3035,2026-05-12
玉山雙和,194.5,6000,0,8841,3035,2026-05-12
玉山高雄,209.0,150,2000,8843,3035,2026-05-12
聯邦高雄,194.0,1000,0,8581,3035,2026-05-12
聯邦,210.0,0,100,8580,3035,2026-05-12
新光台中,193.5,7296,5014,8561,3035,2026-05-12
新光台中,194.5,8400,29000,8561,3035,2026-05-12
新光台中,195.5,4400,1049,8561,3035,2026-05-12
新光台中,196.5,2000,0,8561,3035,2026-05-12
新光台中,197.5,4440,1000,8561,3035,2026-05-12
新光台中,198.5,4000,13000,8561,3035,2026-05-12
新光台中,199.5,12100,4000,8561,3035,2026-05-12
新光台中,200.5,1000,5300,8561,3035,2026-05-12
新光台中,201.5,5000,1000,8561,3035,2026-05-12
新光台中,202.5,1000,90,8561,3035,2026-05-12
新光台中,203.5,0,4000,8561,3035,2026-05-12
新光台中,204.5,10050,1000,8561,3035,2026-05-12
新光台中,207.0,1050,1000,8561,3035,2026-05-12
新光台中,208.0,33,1200,8561,3035,2026-05-12
新光台中,209.0,1000,1100,8561,3035,2026-05-12
新光台中,210.0,70,404,8561,3035,2026-05-12
新光高雄,188.5,1000,0,8562,3035,2026-05-12
新光高雄,204.0,2000,1000,8562,3035,2026-05-12
新光高雄,202.5,2050,1000,8562,3035,2026-05-12
新光高雄,201.5,5000,1000,8562,3035,2026-05-12
新光高雄,200.5,6500,500,8562,3035,2026-05-12
新光高雄,199.5,0,8100,8562,3035,2026-05-12
新光高雄,198.5,4000,50,8562,3035,2026-05-12
新光台中,192.5,1145,15000,8561,3035,2026-05-12
新光高雄,197.5,4020,8000,8562,3035,2026-05-12
新光高雄,195.0,3453,1000,8562,3035,2026-05-12
新光高雄,194.0,13005,0,8562,3035,2026-05-12
新光高雄,193.0,5000,1411,8562,3035,2026-05-12
新光高雄,192.0,2013,1100,8562,3035,2026-05-12
新光高雄,190.5,1000,0,8562,3035,2026-05-12
新光高雄,189.5,2052,14100,8562,3035,2026-05-12
新光高雄,196.5,1000,5000,8562,3035,2026-05-12
新光高雄,207.5,1000,0,8562,3035,2026-05-12
新光台中,191.5,4010,1019,8561,3035,2026-05-12
新光台中,189.5,4501,3200,8561,3035,2026-05-12
中農,189.0,3000,0,8520,3035,2026-05-12
中農,193.0,1000,0,8520,3035,2026-05-12
中農,194.5,1000,0,8520,3035,2026-05-12
中農,197.0,0,1000,8520,3035,2026-05-12
中農,200.5,10000,0,8520,3035,2026-05-12
中農,208.5,0,1000,8520,3035,2026-05-12
新光,188.0,23250,1000,8560,3035,2026-05-12
新光,189.0,23253,19000,8560,3035,2026-05-12
新光,190.0,7510,28001,8560,3035,2026-05-12
新光,191.0,4103,2000,8560,3035,2026-05-12
新光,192.0,14480,13100,8560,3035,2026-05-12
新光,193.0,12200,16210,8560,3035,2026-05-12
新光,194.0,14120,11400,8560,3035,2026-05-12
新光,195.0,12776,9300,8560,3035,2026-05-12
新光,196.0,4100,6000,8560,3035,2026-05-12
新光,197.0,4000,6010,8560,3035,2026-05-12
新光,198.0,6727,3000,8560,3035,2026-05-12
新光台中,188.5,8600,0,8561,3035,2026-05-12
新光台中,187.5,2000,0,8561,3035,2026-05-12
新光,210.0,2071,204,8560,3035,2026-05-12
新光,209.0,1050,3000,8560,3035,2026-05-12
新光,208.0,18378,11000,8560,3035,2026-05-12
新光,207.0,3000,0,8560,3035,2026-05-12
新光台中,190.5,2050,0,8561,3035,2026-05-12
新光,206.0,1000,2000,8560,3035,2026-05-12
新光,204.0,1000,5000,8560,3035,2026-05-12
新光,203.0,1775,11045,8560,3035,2026-05-12
新光,202.0,5000,18000,8560,3035,2026-05-12
新光,201.0,12020,8400,8560,3035,2026-05-12
新光,200.0,6255,7400,8560,3035,2026-05-12
新光,199.0,1000,5110,8560,3035,2026-05-12
新光,205.0,0,1000,8560,3035,2026-05-12
新光高雄,208.5,1100,5000,8562,3035,2026-05-12
新光高雄,209.5,20,2000,8562,3035,2026-05-12
新光新竹,187.5,0,1000,8563,3035,2026-05-12
新光台南,208.0,2000,1000,8564,3035,2026-05-12
新光台南,209.5,3,0,8564,3035,2026-05-12
新光桃園,187.5,1000,1000,8565,3035,2026-05-12
新光桃園,189.0,3100,2000,8565,3035,2026-05-12
新光桃園,190.0,100,50,8565,3035,2026-05-12
新光桃園,191.0,10000,0,8565,3035,2026-05-12
新光桃園,192.0,2100,9000,8565,3035,2026-05-12
新光桃園,193.0,2010,1000,8565,3035,2026-05-12
新光桃園,194.0,3050,5200,8565,3035,2026-05-12
新光桃園,195.0,0,20,8565,3035,2026-05-12
新光桃園,196.0,1000,0,8565,3035,2026-05-12
新光桃園,197.0,1000,2000,8565,3035,2026-05-12
新光桃園,198.0,1010,1503,8565,3035,2026-05-12
新光桃園,199.0,2100,0,8565,3035,2026-05-12
新光桃園,200.0,0,2000,8565,3035,2026-05-12
新光桃園,201.0,1000,3000,8565,3035,2026-05-12
新光桃園,202.0,3000,10000,8565,3035,2026-05-12
聯邦,202.5,0,600,8580,3035,2026-05-12
聯邦,199.0,1000,0,8580,3035,2026-05-12
聯邦,197.0,3000,0,8580,3035,2026-05-12
聯邦,196.0,2000,0,8580,3035,2026-05-12
聯邦,195.0,18000,0,8580,3035,2026-05-12
聯邦,193.5,11000,0,8580,3035,2026-05-12
新光台南,206.5,1000,0,8564,3035,2026-05-12
聯邦,192.5,0,2000,8580,3035,2026-05-12
新光桃園,209.5,1050,0,8565,3035,2026-05-12
新光桃園,208.5,5000,2000,8565,3035,2026-05-12
新光桃園,207.5,4000,0,8565,3035,2026-05-12
新光桃園,206.5,0,2000,8565,3035,2026-05-12
新光桃園,204.0,1000,6,8565,3035,2026-05-12
新光桃園,203.0,1020,2000,8565,3035,2026-05-12
聯邦,190.0,2000,0,8580,3035,2026-05-12
新光台南,205.0,0,1000,8564,3035,2026-05-12
新光台南,204.0,3000,0,8564,3035,2026-05-12
新光台南,202.0,1005,5000,8564,3035,2026-05-12
新光新竹,203.5,1000,0,8563,3035,2026-05-12
新光新竹,202.5,22500,2000,8563,3035,2026-05-12
新光新竹,201.5,6000,1000,8563,3035,2026-05-12
新光新竹,200.5,1000,1100,8563,3035,2026-05-12
新光新竹,199.0,0,4000,8563,3035,2026-05-12
新光新竹,198.0,2120,1570,8563,3035,2026-05-12
新光新竹,204.5,10,0,8563,3035,2026-05-12
新光新竹,197.0,3000,0,8563,3035,2026-05-12
新光新竹,195.0,2300,1000,8563,3035,2026-05-12
新光新竹,194.0,3300,1200,8563,3035,2026-05-12
新光新竹,193.0,9100,4000,8563,3035,2026-05-12
新光新竹,192.0,2210,5050,8563,3035,2026-05-12
新光新竹,190.5,3000,1000,8563,3035,2026-05-12
新光新竹,189.0,4000,0,8563,3035,2026-05-12
新光新竹,196.0,0,3000,8563,3035,2026-05-12
聯邦高雄,189.5,0,1200,8581,3035,2026-05-12
新光新竹,207.0,1200,0,8563,3035,2026-05-12
新光新竹,209.0,4000,1000,8563,3035,2026-05-12
新光台南,201.0,1015,20,8564,3035,2026-05-12
新光台南,200.0,0,4000,8564,3035,2026-05-12
新光台南,199.0,0,2019,8564,3035,2026-05-12
新光台南,197.5,4000,0,8564,3035,2026-05-12
新光台南,196.5,2027,0,8564,3035,2026-05-12
新光台南,195.5,3000,0,8564,3035,2026-05-12
新光新竹,208.0,0,1000,8563,3035,2026-05-12
新光台南,194.5,2000,0,8564,3035,2026-05-12
新光台南,192.5,1000,1000,8564,3035,2026-05-12
新光台南,191.5,0,2000,8564,3035,2026-05-12
新光台南,190.5,2130,0,8564,3035,2026-05-12
新光台南,189.5,5668,19000,8564,3035,2026-05-12
新光台南,188.0,30,0,8564,3035,2026-05-12
新光新竹,210.0,1020,20,8563,3035,2026-05-12
新光台南,193.5,0,4010,8564,3035,2026-05-12
群益士林,210.0,200,1000,9137,3035,2026-05-12
凱基彰化,191.5,0,5000,920G,3035,2026-05-12
群益中港,194.0,0,10000,9138,3035,2026-05-12
凱基民權,208.5,1000,0,921C,3035,2026-05-12
凱基三峽,190.0,1000,0,921E,3035,2026-05-12
凱基三峽,192.0,0,1000,921E,3035,2026-05-12
凱基三峽,194.5,26,0,921E,3035,2026-05-12
凱基三峽,195.5,10000,0,921E,3035,2026-05-12
凱基三峽,198.0,0,11000,921E,3035,2026-05-12
凱基三峽,204.0,500,1000,921E,3035,2026-05-12
凱基三峽,210.0,1000,10,921E,3035,2026-05-12
凱基五股,191.0,1000,0,921G,3035,2026-05-12
凱基五股,193.0,50,0,921G,3035,2026-05-12
凱基五股,194.0,2000,0,921G,3035,2026-05-12
凱基五股,199.0,0,1000,921G,3035,2026-05-12
凱基五股,201.0,0,1000,921G,3035,2026-05-12
凱基五股,202.0,3000,0,921G,3035,2026-05-12
凱基五股,203.0,1000,0,921G,3035,2026-05-12
凱基五股,206.0,4000,0,921G,3035,2026-05-12
凱基五股,209.0,0,200,921G,3035,2026-05-12
凱基新莊,189.5,0,2000,921S,3035,2026-05-12
凱基新莊,188.5,0,1000,921S,3035,2026-05-12
凱基八德,208.0,2000,0,921M,3035,2026-05-12
凱基八德,204.5,2000,1000,921M,3035,2026-05-12
凱基八德,202.0,3000,0,921M,3035,2026-05-12
凱基八德,199.0,1000,0,921M,3035,2026-05-12
凱基民權,204.5,3000,0,921C,3035,2026-05-12
凱基八德,197.0,1000,0,921M,3035,2026-05-12
凱基八德,189.0,1100,0,921M,3035,2026-05-12
凱基土城,203.5,1000,0,921J,3035,2026-05-12
凱基土城,201.0,0,1000,921J,3035,2026-05-12
凱基土城,199.5,1000,0,921J,3035,2026-05-12
凱基土城,198.0,150,0,921J,3035,2026-05-12
凱基土城,191.5,0,6000,921J,3035,2026-05-12
凱基八德,191.5,2000,0,921M,3035,2026-05-12
凱基新莊,190.5,30,0,921S,3035,2026-05-12
凱基民權,202.0,0,1000,921C,3035,2026-05-12
凱基民權,199.0,1000,0,921C,3035,2026-05-12
凱基高美,206.0,5000,0,9215,3035,2026-05-12
凱基高美,207.0,2000,0,9215,3035,2026-05-12
凱基高美,208.0,200,0,9215,3035,2026-05-12
凱基高美,209.0,1000,5000,9215,3035,2026-05-12
凱基高美,210.5,100,0,9215,3035,2026-05-12
凱基信義,195.0,0,1000,9216,3035,2026-05-12
凱基信義,201.5,100,1000,9216,3035,2026-05-12
凱基信義,208.0,1000,0,9216,3035,2026-05-12
凱基信義,210.0,100,0,9216,3035,2026-05-12
凱基松山,188.5,2000,0,9217,3035,2026-05-12
凱基松山,189.5,1000,1000,9217,3035,2026-05-12
凱基松山,191.5,2000,1000,9217,3035,2026-05-12
凱基松山,192.5,1000,0,9217,3035,2026-05-12
凱基松山,194.0,1000,2000,9217,3035,2026-05-12
凱基松山,196.5,1000,0,9217,3035,2026-05-12
凱基松山,201.5,0,1000,9217,3035,2026-05-12
凱基大直,189.0,5,1000,9218,3035,2026-05-12
凱基民權,196.0,0,500,921C,3035,2026-05-12
凱基民權,194.5,50,0,921C,3035,2026-05-12
凱基民權,193.5,50,0,921C,3035,2026-05-12
凱基民權,192.0,50,0,921C,3035,2026-05-12
凱基民權,189.5,325,45,921C,3035,2026-05-12
凱基大直,206.0,0,20000,9218,3035,2026-05-12
凱基民權,201.0,0,1000,921C,3035,2026-05-12
凱基大直,203.5,0,1000,9218,3035,2026-05-12
凱基大直,199.5,0,2000,9218,3035,2026-05-12
凱基大直,198.0,0,6000,9218,3035,2026-05-12
凱基大直,195.0,1000,0,9218,3035,2026-05-12
凱基大直,193.5,0,5000,9218,3035,2026-05-12
凱基大直,192.5,2000,0,9218,3035,2026-05-12
凱基大直,191.0,1000,0,9218,3035,2026-05-12
凱基大直,201.0,0,11000,9218,3035,2026-05-12
凱基高美,204.0,1000,0,9215,3035,2026-05-12
凱基新莊,192.0,0,1000,921S,3035,2026-05-12
凱基新莊,194.0,2000,20,921S,3035,2026-05-12
凱基汐止,197.5,1000,100,9226,3035,2026-05-12
凱基汐止,200.0,1000,1000,9226,3035,2026-05-12
凱基汐止,201.5,1300,0,9226,3035,2026-05-12
凱基汐止,206.0,0,1000,9226,3035,2026-05-12
凱基汐止,207.5,6000,0,9226,3035,2026-05-12
凱基汐止,209.0,0,1000,9226,3035,2026-05-12
凱基城中,189.5,1000,0,9227,3035,2026-05-12
凱基城中,191.0,1000,0,9227,3035,2026-05-12
凱基城中,192.0,3000,0,9227,3035,2026-05-12
凱基城中,193.0,1000,0,9227,3035,2026-05-12
凱基城中,195.0,1000,100,9227,3035,2026-05-12
凱基城中,196.0,0,2000,9227,3035,2026-05-12
凱基城中,197.0,0,1000,9227,3035,2026-05-12
凱基城中,199.0,10000,0,9227,3035,2026-05-12
凱基城中,203.0,10000,0,9227,3035,2026-05-12
凱基城中,209.5,0,2000,9227,3035,2026-05-12
凱基中山,188.0,3,0,9229,3035,2026-05-12
凱基屏東,192.0,0,100,922C,3035,2026-05-12
凱基屏東,190.0,1000,0,922C,3035,2026-05-12
凱基中山,210.0,0,15,9229,3035,2026-05-12
凱基中山,203.0,0,1000,9229,3035,2026-05-12
凱基中山,201.0,0,1000,9229,3035,2026-05-12
凱基中山,200.0,5000,0,9229,3035,2026-05-12
凱基汐止,195.5,5000,0,9226,3035,2026-05-12
凱基中山,198.0,0,4000,9229,3035,2026-05-12
凱基中山,195.5,1000,0,9229,3035,2026-05-12
凱基中山,194.0,50,0,9229,3035,2026-05-12
凱基中山,192.5,50,0,9229,3035,2026-05-12
凱基中山,191.0,3,0,9229,3035,2026-05-12
凱基中山,190.0,1003,0,9229,3035,2026-05-12
凱基中山,189.0,50,0,9229,3035,2026-05-12
凱基中山,197.0,0,1000,9229,3035,2026-05-12
凱基新莊,193.0,35,0,921S,3035,2026-05-12
凱基汐止,194.5,200,0,9226,3035,2026-05-12
凱基汐止,190.5,0,1000,9226,3035,2026-05-12
凱基新莊,195.0,3125,30,921S,3035,2026-05-12
凱基新莊,197.0,0,2000,921S,3035,2026-05-12
凱基新莊,198.0,1000,0,921S,3035,2026-05-12
凱基新莊,199.0,1000,1000,921S,3035,2026-05-12
凱基新莊,200.5,1000,1000,921S,3035,2026-05-12
凱基新莊,203.0,0,2000,921S,3035,2026-05-12
凱基新莊,205.5,0,2000,921S,3035,2026-05-12
凱基新莊,207.0,1000,0,921S,3035,2026-05-12
凱基新莊,208.5,2000,4000,921S,3035,2026-05-12
凱基東勢,189.5,1000,1000,921Y,3035,2026-05-12
凱基東勢,192.5,0,1000,921Y,3035,2026-05-12
凱基東勢,193.5,1000,0,921Y,3035,2026-05-12
凱基東勢,195.5,1000,0,921Y,3035,2026-05-12
凱基東勢,198.0,200,0,921Y,3035,2026-05-12
凱基豐中,189.0,1000,0,9223,3035,2026-05-12
凱基豐中,190.5,2000,0,9223,3035,2026-05-12
凱基豐中,193.0,2000,200,9223,3035,2026-05-12
凱基汐止,189.5,0,3100,9226,3035,2026-05-12
凱基汐止,188.5,2000,100,9226,3035,2026-05-12
凱基內埔,206.5,0,1000,9225,3035,2026-05-12
凱基內埔,197.0,50,0,9225,3035,2026-05-12
凱基內埔,194.0,2000,0,9225,3035,2026-05-12
凱基內埔,192.0,0,2000,9225,3035,2026-05-12
凱基汐止,193.5,6000,0,9226,3035,2026-05-12
凱基內埔,188.0,100,0,9225,3035,2026-05-12
凱基豐中,204.5,1000,0,9223,3035,2026-05-12
凱基豐中,200.5,0,20000,9223,3035,2026-05-12
凱基豐中,198.0,400,0,9223,3035,2026-05-12
凱基豐中,196.5,2250,0,9223,3035,2026-05-12
凱基豐中,195.0,0,3000,9223,3035,2026-05-12
凱基豐中,194.0,1000,10000,9223,3035,2026-05-12
凱基豐中,209.5,1000,0,9223,3035,2026-05-12
凱基高美,203.0,0,1000,9215,3035,2026-05-12
凱基高美,202.0,1000,0,9215,3035,2026-05-12
凱基高美,200.5,7000,3000,9215,3035,2026-05-12
凱基站前,201.5,0,3000,920F,3035,2026-05-12
凱基站前,203.0,0,2300,920F,3035,2026-05-12
凱基站前,204.0,1000,1000,920F,3035,2026-05-12
凱基站前,205.0,0,3000,920F,3035,2026-05-12
凱基站前,208.5,12000,2791,920F,3035,2026-05-12
凱基站前,209.5,0,2000,920F,3035,2026-05-12
凱基站前,210.5,1000,2000,920F,3035,2026-05-12
凱基彰化,189.5,7,0,920G,3035,2026-05-12
凱基彰化,193.0,1000,0,920G,3035,2026-05-12
凱基彰化,194.0,2070,1000,920G,3035,2026-05-12
凱基彰化,197.0,0,2000,920G,3035,2026-05-12
凱基彰化,199.0,0,100,920G,3035,2026-05-12
凱基彰化,201.0,0,28,920G,3035,2026-05-12
凱基彰化,202.0,0,5,920G,3035,2026-05-12
凱基彰化,203.0,20,13000,920G,3035,2026-05-12
凱基彰化,208.0,0,2000,920G,3035,2026-05-12
凱基基隆,187.0,0,2000,920H,3035,2026-05-12
凱基宜蘭,197.5,0,1000,920M,3035,2026-05-12
凱基宜蘭,195.5,1000,0,920M,3035,2026-05-12
凱基宜蘭,193.0,0,4000,920M,3035,2026-05-12
凱基宜蘭,192.0,0,3000,920M,3035,2026-05-12
凱基宜蘭,188.5,5000,0,920M,3035,2026-05-12
凱基基隆,207.5,1000,0,920H,3035,2026-05-12
凱基站前,200.5,4000,6185,920F,3035,2026-05-12
凱基基隆,203.0,0,1000,920H,3035,2026-05-12
凱基基隆,199.5,1000,0,920H,3035,2026-05-12
凱基基隆,198.5,100,1000,920H,3035,2026-05-12
凱基基隆,195.5,200,0,920H,3035,2026-05-12
凱基基隆,193.5,0,1000,920H,3035,2026-05-12
凱基基隆,192.5,1000,50,920H,3035,2026-05-12
凱基基隆,189.0,3000,0,920H,3035,2026-05-12
凱基基隆,200.5,0,2000,920H,3035,2026-05-12
凱基宜蘭,199.0,2000,0,920M,3035,2026-05-12
凱基站前,199.5,2000,0,920F,3035,2026-05-12
凱基站前,197.5,0,3000,920F,3035,2026-05-12
凱基雙和,193.5,0,1000,920C,3035,2026-05-12
凱基雙和,194.5,1000,0,920C,3035,2026-05-12
凱基雙和,195.5,2000,0,920C,3035,2026-05-12
凱基雙和,196.5,1000,0,920C,3035,2026-05-12
凱基雙和,197.5,1000,0,920C,3035,2026-05-12
凱基雙和,198.5,2000,1000,920C,3035,2026-05-12
凱基雙和,199.5,2000,0,920C,3035,2026-05-12
凱基雙和,200.5,2000,0,920C,3035,2026-05-12
凱基雙和,201.5,0,2000,920C,3035,2026-05-12
凱基雙和,203.0,1000,1000,920C,3035,2026-05-12
凱基雙和,204.5,1000,0,920C,3035,2026-05-12
凱基雙和,208.0,1000,0,920C,3035,2026-05-12
凱基雙和,209.5,0,2000,920C,3035,2026-05-12
凱基市府,188.5,1000,0,920D,3035,2026-05-12
凱基市府,190.0,1000,0,920D,3035,2026-05-12
凱基市府,192.0,100,2000,920D,3035,2026-05-12
凱基市府,193.0,0,1000,920D,3035,2026-05-12
凱基站前,196.0,1000,3000,920F,3035,2026-05-12
凱基站前,195.0,1300,0,920F,3035,2026-05-12
凱基站前,194.0,3000,1000,920F,3035,2026-05-12
凱基站前,193.0,2000,1000,920F,3035,2026-05-12
凱基站前,192.0,1000,38000,920F,3035,2026-05-12
凱基站前,191.0,2100,256000,920F,3035,2026-05-12
凱基站前,198.5,2000,0,920F,3035,2026-05-12
凱基站前,190.0,0,132000,920F,3035,2026-05-12
凱基站前,187.5,2000,0,920F,3035,2026-05-12
凱基市府,208.5,2000,1000,920D,3035,2026-05-12
凱基市府,201.0,2500,0,920D,3035,2026-05-12
凱基市府,199.0,1000,0,920D,3035,2026-05-12
凱基市府,195.0,100,0,920D,3035,2026-05-12
凱基市府,194.0,1100,1000,920D,3035,2026-05-12
凱基站前,189.0,10000,2000,920F,3035,2026-05-12
凱基宜蘭,200.5,1000,0,920M,3035,2026-05-12
凱基宜蘭,204.0,100,0,920M,3035,2026-05-12
凱基湖口,188.5,1000,0,920N,3035,2026-05-12
凱基台南,193.0,4070,10200,9211,3035,2026-05-12
凱基台南,194.0,6000,1000,9211,3035,2026-05-12
凱基台南,195.0,1000,0,9211,3035,2026-05-12
凱基台南,197.0,3000,0,9211,3035,2026-05-12
凱基台南,198.0,30,100,9211,3035,2026-05-12
凱基台南,199.0,5100,1000,9211,3035,2026-05-12
凱基台南,200.0,0,4000,9211,3035,2026-05-12
凱基台南,201.0,1000,100,9211,3035,2026-05-12
凱基台南,202.0,1000,3000,9211,3035,2026-05-12
凱基台南,208.5,2000,1100,9211,3035,2026-05-12
凱基東港,189.0,1000,0,9212,3035,2026-05-12
凱基東港,191.0,1000,0,9212,3035,2026-05-12
凱基東港,192.5,0,100,9212,3035,2026-05-12
凱基東港,193.5,1000,1000,9212,3035,2026-05-12
凱基東港,195.0,1000,2000,9212,3035,2026-05-12
凱基東港,196.0,0,1000,9212,3035,2026-05-12
凱基東港,198.0,0,1000,9212,3035,2026-05-12
凱基高美,199.5,0,7000,9215,3035,2026-05-12
凱基高美,198.5,1000,3000,9215,3035,2026-05-12
凱基高美,197.5,1000,0,9215,3035,2026-05-12
凱基高美,196.5,0,4000,9215,3035,2026-05-12
凱基高美,195.0,1000,5000,9215,3035,2026-05-12
凱基高美,194.0,2000,5000,9215,3035,2026-05-12
凱基台南,192.0,1100,3000,9211,3035,2026-05-12
凱基高美,193.0,6000,600,9215,3035,2026-05-12
凱基高美,189.5,2003,80,9215,3035,2026-05-12
凱基高美,188.5,2000,0,9215,3035,2026-05-12
凱基東港,210.0,0,1000,9212,3035,2026-05-12
凱基東港,203.0,0,1000,9212,3035,2026-05-12
凱基東港,200.5,1000,0,9212,3035,2026-05-12
凱基東港,199.0,0,1000,9212,3035,2026-05-12
凱基高美,191.5,1000,0,9215,3035,2026-05-12
凱基台南,191.0,1000,100,9211,3035,2026-05-12
凱基台南,190.0,2000,2050,9211,3035,2026-05-12
凱基台南,189.0,0,1000,9211,3035,2026-05-12
凱基湖口,209.0,5000,0,920N,3035,2026-05-12
凱基湖口,206.0,0,100,920N,3035,2026-05-12
凱基湖口,202.0,0,4000,920N,3035,2026-05-12
凱基湖口,201.0,1000,2000,920N,3035,2026-05-12
凱基湖口,200.0,0,40,920N,3035,2026-05-12
凱基湖口,198.5,1000,0,920N,3035,2026-05-12
凱基新店,193.0,1000,0,920V,3035,2026-05-12
凱基湖口,197.5,3100,0,920N,3035,2026-05-12
凱基湖口,195.5,2000,0,920N,3035,2026-05-12
凱基湖口,194.5,1100,6000,920N,3035,2026-05-12
凱基湖口,193.5,100,7000,920N,3035,2026-05-12
凱基湖口,191.5,2000,0,920N,3035,2026-05-12
凱基湖口,190.5,100,0,920N,3035,2026-05-12
凱基湖口,189.5,100,0,920N,3035,2026-05-12
凱基湖口,196.5,100,0,920N,3035,2026-05-12
凱基屏東,193.5,0,2000,922C,3035,2026-05-12
凱基新店,194.0,500,0,920V,3035,2026-05-12
凱基新店,198.5,1000,1000,920V,3035,2026-05-12
凱基台南,188.0,1000,0,9211,3035,2026-05-12
凱基台東,207.0,0,1000,920Z,3035,2026-05-12
凱基台東,202.5,0,1100,920Z,3035,2026-05-12
凱基台東,200.5,1000,0,920Z,3035,2026-05-12
凱基台東,198.0,100,0,920Z,3035,2026-05-12
凱基台東,194.0,2000,2000,920Z,3035,2026-05-12
凱基新店,196.5,60,0,920V,3035,2026-05-12
凱基大里,208.5,7000,2000,920W,3035,2026-05-12
凱基大里,196.5,2100,0,920W,3035,2026-05-12
凱基大里,192.0,100,0,920W,3035,2026-05-12
凱基大里,190.0,0,693,920W,3035,2026-05-12
凱基大里,188.0,100,0,920W,3035,2026-05-12
凱基新店,209.5,500,0,920V,3035,2026-05-12
凱基新店,206.0,1000,0,920V,3035,2026-05-12
凱基大里,206.5,0,1000,920W,3035,2026-05-12
凱基雙和,192.0,1000,1200,920C,3035,2026-05-12
凱基屏東,195.0,0,100,922C,3035,2026-05-12
凱基屏東,200.0,0,1000,922C,3035,2026-05-12
凱基竹科,195.5,2000,0,9272,3035,2026-05-12
凱基竹科,196.5,2000,5000,9272,3035,2026-05-12
凱基竹科,197.5,0,1000,9272,3035,2026-05-12
凱基竹科,199.0,1030,0,9272,3035,2026-05-12
凱基竹科,200.5,2000,50,9272,3035,2026-05-12
凱基竹科,201.5,0,1000,9272,3035,2026-05-12
凱基竹科,203.5,89,0,9272,3035,2026-05-12
凱基竹科,204.5,11,0,9272,3035,2026-05-12
凱基竹科,208.5,1000,0,9272,3035,2026-05-12
凱基竹科,210.0,0,61,9272,3035,2026-05-12
凱基竹東,191.5,0,5000,9273,3035,2026-05-12
凱基竹東,193.5,0,1000,9273,3035,2026-05-12
凱基竹東,196.5,1000,0,9273,3035,2026-05-12
凱基竹東,208.5,1000,0,9273,3035,2026-05-12
凱基鳳山,189.5,3000,0,9274,3035,2026-05-12
凱基鳳山,190.5,4000,2000,9274,3035,2026-05-12
凱基鳳山,192.5,0,1200,9274,3035,2026-05-12
凱基苗栗,187.5,1000,0,9276,3035,2026-05-12
凱基三多,209.5,0,50,9275,3035,2026-05-12
凱基三多,199.5,0,1100,9275,3035,2026-05-12
凱基三多,195.0,100,0,9275,3035,2026-05-12
凱基三多,194.0,1000,0,9275,3035,2026-05-12
凱基三多,192.0,1050,0,9275,3035,2026-05-12
凱基竹科,194.5,5000,0,9272,3035,2026-05-12
凱基三多,189.0,50,0,9275,3035,2026-05-12
凱基鳳山,204.5,1000,0,9274,3035,2026-05-12
凱基鳳山,200.5,1000,0,9274,3035,2026-05-12
凱基鳳山,199.5,0,1000,9274,3035,2026-05-12
凱基鳳山,196.5,2000,0,9274,3035,2026-05-12
凱基鳳山,194.5,30,0,9274,3035,2026-05-12
凱基鳳山,193.5,0,1000,9274,3035,2026-05-12
凱基鳳山,209.0,2000,0,9274,3035,2026-05-12
凱基苗栗,194.0,0,2000,9276,3035,2026-05-12
凱基竹科,193.5,2000,2000,9272,3035,2026-05-12
凱基竹科,191.0,100,0,9272,3035,2026-05-12
凱基新豐,199.0,1050,30,9266,3035,2026-05-12
凱基新豐,200.0,200,4000,9266,3035,2026-05-12
凱基新豐,201.0,1000,2000,9266,3035,2026-05-12
凱基新豐,202.5,0,2000,9266,3035,2026-05-12
凱基新豐,205.0,0,1000,9266,3035,2026-05-12
凱基新豐,208.5,400,1000,9266,3035,2026-05-12
凱基台北,187.5,55000,5000,9268,3035,2026-05-12
凱基台北,188.5,85000,2000,9268,3035,2026-05-12
凱基台北,189.5,33000,4000,9268,3035,2026-05-12
凱基台北,190.5,38000,10000,9268,3035,2026-05-12
凱基台北,191.5,44000,9000,9268,3035,2026-05-12
凱基台北,192.5,10000,83000,9268,3035,2026-05-12
凱基台北,193.5,65000,213000,9268,3035,2026-05-12
凱基台北,194.5,144000,134000,9268,3035,2026-05-12
凱基台北,195.5,68000,10000,9268,3035,2026-05-12
凱基台北,196.5,11000,98000,9268,3035,2026-05-12
凱基台北,197.5,12000,77000,9268,3035,2026-05-12
凱基竹科,190.0,1010,0,9272,3035,2026-05-12
凱基竹科,189.0,2010,6000,9272,3035,2026-05-12
凱基台北,210.5,8000,4000,9268,3035,2026-05-12
凱基台北,209.5,19000,74000,9268,3035,2026-05-12
凱基台北,208.0,0,44100,9268,3035,2026-05-12
凱基台北,206.5,0,11000,9268,3035,2026-05-12
凱基竹科,192.0,100,1000,9272,3035,2026-05-12
凱基台北,205.5,2000,0,9268,3035,2026-05-12
凱基台北,203.5,0,34000,9268,3035,2026-05-12
凱基台北,202.5,20000,93000,9268,3035,2026-05-12
凱基台北,201.5,3000,94000,9268,3035,2026-05-12
凱基台北,200.5,3000,15000,9268,3035,2026-05-12
凱基台北,199.5,21000,77000,9268,3035,2026-05-12
凱基台北,198.5,55000,137000,9268,3035,2026-05-12
凱基台北,204.5,30000,30000,9268,3035,2026-05-12
凱基新豐,198.0,50,1000,9266,3035,2026-05-12
凱基苗栗,201.0,0,1000,9276,3035,2026-05-12
凱基永康,189.5,7,0,9278,3035,2026-05-12
凱基中壢,200.0,0,9020,9285,3035,2026-05-12
凱基中壢,201.0,2000,0,9285,3035,2026-05-12
凱基中壢,202.0,1000,1000,9285,3035,2026-05-12
凱基中壢,203.0,1000,0,9285,3035,2026-05-12
凱基中壢,205.0,0,2000,9285,3035,2026-05-12
凱基中壢,207.5,1000,1000,9285,3035,2026-05-12
凱基內湖,190.5,2000,0,9287,3035,2026-05-12
凱基內湖,192.0,0,2000,9287,3035,2026-05-12
凱基內湖,193.5,1000,0,9287,3035,2026-05-12
凱基內湖,198.5,0,2000,9287,3035,2026-05-12
凱基內湖,200.0,0,100,9287,3035,2026-05-12
凱基內湖,202.0,1000,0,9287,3035,2026-05-12
凱基內湖,203.5,1000,0,9287,3035,2026-05-12
凱基內湖,207.0,0,2000,9287,3035,2026-05-12
凱基內湖,209.5,0,2000,9287,3035,2026-05-12
凱基埔墘,193.0,3050,0,9288,3035,2026-05-12
凱基埔墘,196.0,2000,0,9288,3035,2026-05-12
凱基大安,194.0,200,1000,9291,3035,2026-05-12
國票南崁,203.0,0,1000,779E,3035,2026-05-12
凱基大安,192.0,1000,0,9291,3035,2026-05-12
凱基大安,188.0,1000,0,9291,3035,2026-05-12
凱基興隆,199.5,0,1200,9289,3035,2026-05-12
凱基興隆,197.5,2000,0,9289,3035,2026-05-12
凱基中壢,199.0,5000,1000,9285,3035,2026-05-12
凱基興隆,195.5,2000,0,9289,3035,2026-05-12
凱基興隆,192.5,0,1000,9289,3035,2026-05-12
凱基興隆,191.0,0,1000,9289,3035,2026-05-12
凱基埔墘,208.0,100,0,9288,3035,2026-05-12
凱基埔墘,202.5,0,1000,9288,3035,2026-05-12
凱基埔墘,199.0,0,1000,9288,3035,2026-05-12
凱基埔墘,197.5,1000,0,9288,3035,2026-05-12
凱基興隆,194.0,50,0,9289,3035,2026-05-12
凱基永康,188.5,1007,0,9278,3035,2026-05-12
凱基中壢,198.0,2200,0,9285,3035,2026-05-12
凱基中壢,196.0,3000,1000,9285,3035,2026-05-12
凱基永康,191.0,150,0,9278,3035,2026-05-12
凱基永康,192.0,164,0,9278,3035,2026-05-12
凱基永康,193.0,2000,4000,9278,3035,2026-05-12
凱基永康,194.0,4000,0,9278,3035,2026-05-12
凱基永康,195.0,0,2000,9278,3035,2026-05-12
凱基永康,198.0,1000,500,9278,3035,2026-05-12
凱基永康,199.0,500,0,9278,3035,2026-05-12
凱基永康,200.5,1000,1000,9278,3035,2026-05-12
凱基永康,202.5,0,1000,9278,3035,2026-05-12
凱基永康,207.5,0,1000,9278,3035,2026-05-12
凱基永康,208.5,3000,0,9278,3035,2026-05-12
凱基永康,210.0,3000,0,9278,3035,2026-05-12
凱基斗六,193.0,15,0,9281,3035,2026-05-12
凱基斗六,194.0,1000,100,9281,3035,2026-05-12
凱基斗六,199.0,0,100,9281,3035,2026-05-12
凱基斗六,201.0,0,1000,9281,3035,2026-05-12
凱基北門,188.5,1000,0,9283,3035,2026-05-12
凱基中壢,195.0,100,1000,9285,3035,2026-05-12
凱基中壢,194.0,14000,1000,9285,3035,2026-05-12
凱基中壢,193.0,5050,2000,9285,3035,2026-05-12
凱基中壢,192.0,2000,3100,9285,3035,2026-05-12
凱基中壢,190.0,3000,1100,9285,3035,2026-05-12
凱基中壢,189.0,4000,0,9285,3035,2026-05-12
凱基中壢,197.0,1000,2000,9285,3035,2026-05-12
凱基北門,209.0,0,1000,9283,3035,2026-05-12
凱基北門,206.5,0,200,9283,3035,2026-05-12
凱基北門,199.0,1000,1000,9283,3035,2026-05-12
凱基北門,197.5,2000,0,9283,3035,2026-05-12
凱基北門,195.5,0,2000,9283,3035,2026-05-12
凱基北門,193.0,2000,1000,9283,3035,2026-05-12
凱基北門,191.0,1000,0,9283,3035,2026-05-12
凱基北門,207.5,1000,0,9283,3035,2026-05-12
凱基新豐,197.0,1000,1050,9266,3035,2026-05-12
凱基新豐,196.0,0,4000,9266,3035,2026-05-12
凱基新豐,194.0,2000,0,9266,3035,2026-05-12
凱基竹北,205.5,0,1000,9234,3035,2026-05-12
凱基竹北,206.5,0,4000,9234,3035,2026-05-12
凱基竹北,209.0,0,3000,9234,3035,2026-05-12
凱基永華,189.0,0,43000,9235,3035,2026-05-12
凱基永華,190.0,1000,12000,9235,3035,2026-05-12
凱基永華,193.0,11000,0,9235,3035,2026-05-12
凱基永華,195.0,1000,0,9235,3035,2026-05-12
凱基永華,197.0,0,1000,9235,3035,2026-05-12
凱基永華,199.0,0,1000,9235,3035,2026-05-12
凱基永華,200.0,0,1000,9235,3035,2026-05-12
凱基永華,202.5,0,3000,9235,3035,2026-05-12
凱基永華,208.0,0,1000,9235,3035,2026-05-12
凱基虎尾,189.0,1000,0,9236,3035,2026-05-12
凱基虎尾,190.5,1000,0,9236,3035,2026-05-12
凱基虎尾,192.5,0,1000,9236,3035,2026-05-12
凱基虎尾,194.0,1000,0,9236,3035,2026-05-12
凱基虎尾,195.0,275,0,9236,3035,2026-05-12
凱基士林,198.0,1000,2000,9238,3035,2026-05-12
凱基士林,197.0,0,56,9238,3035,2026-05-12
凱基士林,195.5,1000,4,9238,3035,2026-05-12
凱基士林,194.5,0,1000,9238,3035,2026-05-12
凱基士林,193.5,0,2,9238,3035,2026-05-12
凱基士林,192.0,1000,1003,9238,3035,2026-05-12
凱基竹北,204.5,2000,0,9234,3035,2026-05-12
凱基士林,190.0,1100,0,9238,3035,2026-05-12
凱基敦北,202.5,0,2000,9237,3035,2026-05-12
凱基敦北,192.0,1000,1000,9237,3035,2026-05-12
凱基虎尾,202.5,0,2000,9236,3035,2026-05-12
凱基虎尾,200.5,0,9000,9236,3035,2026-05-12
凱基虎尾,199.5,0,1000,9236,3035,2026-05-12
凱基虎尾,198.0,5000,1000,9236,3035,2026-05-12
凱基士林,189.0,1000,4000,9238,3035,2026-05-12
凱基士林,199.5,1000,0,9238,3035,2026-05-12
凱基竹北,203.0,2000,0,9234,3035,2026-05-12
凱基竹北,200.5,5000,0,9234,3035,2026-05-12
凱基屏東,206.5,0,1000,922C,3035,2026-05-12
凱基員林,192.5,2000,0,9231,3035,2026-05-12
凱基員林,194.0,1000,1000,9231,3035,2026-05-12
凱基員林,196.5,1000,0,9231,3035,2026-05-12
凱基員林,198.5,3000,0,9231,3035,2026-05-12
凱基員林,207.5,2000,0,9231,3035,2026-05-12
凱基員林,209.5,0,1000,9231,3035,2026-05-12
凱基長庚,189.0,1000,0,9233,3035,2026-05-12
凱基長庚,190.0,0,1000,9233,3035,2026-05-12
凱基長庚,191.5,2000,2000,9233,3035,2026-05-12
凱基長庚,192.5,1000,0,9233,3035,2026-05-12
凱基長庚,193.5,1000,0,9233,3035,2026-05-12
凱基長庚,194.5,0,20,9233,3035,2026-05-12
凱基長庚,196.0,1000,1,9233,3035,2026-05-12
凱基長庚,197.5,1000,1000,9233,3035,2026-05-12
凱基長庚,198.5,20000,0,9233,3035,2026-05-12
凱基長庚,199.5,0,1000,9233,3035,2026-05-12
凱基竹北,199.0,500,0,9234,3035,2026-05-12
凱基竹北,198.0,5000,1000,9234,3035,2026-05-12
凱基竹北,197.0,5000,0,9234,3035,2026-05-12
凱基竹北,195.5,500,10,9234,3035,2026-05-12
凱基竹北,194.5,1050,3000,9234,3035,2026-05-12
凱基竹北,193.5,8000,2360,9234,3035,2026-05-12
凱基竹北,202.0,0,1000,9234,3035,2026-05-12
凱基竹北,192.5,0,2000,9234,3035,2026-05-12
凱基竹北,189.0,2500,400,9234,3035,2026-05-12
凱基長庚,209.0,1100,0,9233,3035,2026-05-12
凱基長庚,207.5,0,2,9233,3035,2026-05-12
凱基長庚,203.0,100,0,9233,3035,2026-05-12
凱基長庚,202.0,1000,0,9233,3035,2026-05-12
凱基長庚,201.0,11000,0,9233,3035,2026-05-12
凱基竹北,191.5,3000,1000,9234,3035,2026-05-12
凱基士林,202.5,0,700,9238,3035,2026-05-12
凱基士林,207.5,10,0,9238,3035,2026-05-12
凱基市政,189.0,6000,1000,9239,3035,2026-05-12
凱基和平,199.0,50,0,9255,3035,2026-05-12
凱基和平,202.5,0,1000,9255,3035,2026-05-12
凱基和平,203.5,1000,0,9255,3035,2026-05-12
凱基和平,208.5,1000,0,9255,3035,2026-05-12
凱基和平,210.0,60,0,9255,3035,2026-05-12
凱基南崁,189.5,2000,0,9256,3035,2026-05-12
凱基南崁,192.5,1000,0,9256,3035,2026-05-12
凱基南崁,193.5,0,150,9256,3035,2026-05-12
凱基南崁,194.5,0,1000,9256,3035,2026-05-12
凱基南崁,196.0,2000,0,9256,3035,2026-05-12
凱基南崁,199.0,1000,0,9256,3035,2026-05-12
凱基南崁,203.0,100,0,9256,3035,2026-05-12
凱基南崁,208.0,1000,0,9256,3035,2026-05-12
凱基林口,187.5,1000,0,9257,3035,2026-05-12
凱基林口,191.5,1050,0,9257,3035,2026-05-12
凱基林口,193.0,1000,1000,9257,3035,2026-05-12
凱基林口,194.0,500,0,9257,3035,2026-05-12
凱基新豐,193.0,2000,0,9266,3035,2026-05-12
凱基新豐,192.0,3000,2000,9266,3035,2026-05-12
凱基新豐,190.5,1000,0,9266,3035,2026-05-12
凱基新豐,189.0,1000,0,9266,3035,2026-05-12
凱基新豐,188.0,3000,0,9266,3035,2026-05-12
凱基羅東,207.0,0,6000,9258,3035,2026-05-12
凱基和平,198.0,0,1000,9255,3035,2026-05-12
凱基羅東,200.5,1000,0,9258,3035,2026-05-12
凱基林口,208.5,0,1000,9257,3035,2026-05-12
凱基林口,207.0,0,1000,9257,3035,2026-05-12
凱基林口,203.0,0,1000,9257,3035,2026-05-12
凱基林口,200.0,0,3000,9257,3035,2026-05-12
凱基林口,197.5,2000,0,9257,3035,2026-05-12
凱基林口,195.5,18000,0,9257,3035,2026-05-12
凱基羅東,189.0,20,9000,9258,3035,2026-05-12
凱基和平,195.0,350,0,9255,3035,2026-05-12
凱基和平,194.0,2000,3000,9255,3035,2026-05-12
凱基和平,193.0,3000,0,9255,3035,2026-05-12
凱基市政,208.5,0,1000,9239,3035,2026-05-12
凱基市政,207.0,0,1000,9239,3035,2026-05-12
凱基市政,205.0,0,2000,9239,3035,2026-05-12
凱基市政,203.0,0,1000,9239,3035,2026-05-12
凱基市政,202.0,6000,0,9239,3035,2026-05-12
凱基市政,201.0,20,0,9239,3035,2026-05-12
凱基嘉義,189.0,3000,0,9252,3035,2026-05-12
凱基市政,200.0,1000,1000,9239,3035,2026-05-12
凱基市政,198.0,6005,0,9239,3035,2026-05-12
凱基市政,196.0,1000,0,9239,3035,2026-05-12
凱基市政,195.0,1100,2500,9239,3035,2026-05-12
凱基市政,194.0,1000,0,9239,3035,2026-05-12
凱基市政,193.0,1000,1000,9239,3035,2026-05-12
凱基市政,191.0,1000,0,9239,3035,2026-05-12
凱基市政,199.0,2000,0,9239,3035,2026-05-12
凱基屏東,197.5,1000,0,922C,3035,2026-05-12
凱基嘉義,190.5,1000,0,9252,3035,2026-05-12
凱基嘉義,194.5,0,1000,9252,3035,2026-05-12
凱基和平,192.0,3000,0,9255,3035,2026-05-12
凱基和平,189.5,1000,3474,9255,3035,2026-05-12
凱基和平,188.0,2000,0,9255,3035,2026-05-12
凱基科園,208.5,1000,0,9254,3035,2026-05-12
凱基科園,201.0,3000,0,9254,3035,2026-05-12
凱基科園,200.0,0,1000,9254,3035,2026-05-12
凱基嘉義,193.0,1000,1000,9252,3035,2026-05-12
凱基科園,198.5,100,0,9254,3035,2026-05-12
凱基科園,194.5,1100,0,9254,3035,2026-05-12
凱基科園,192.0,1000,0,9254,3035,2026-05-12
凱基科園,189.0,1000,1000,9254,3035,2026-05-12
凱基嘉義,202.5,5000,0,9252,3035,2026-05-12
凱基嘉義,197.5,1000,0,9252,3035,2026-05-12
凱基嘉義,195.5,2000,0,9252,3035,2026-05-12
凱基科園,197.5,3000,0,9254,3035,2026-05-12
凱基雙和,190.0,1000,0,920C,3035,2026-05-12
凱基雙和,189.0,3000,0,920C,3035,2026-05-12
凱基板橋,207.0,1000,0,920A,3035,2026-05-12
群益三民,203.0,2,0,9188,3035,2026-05-12
群益三民,204.5,2,0,9188,3035,2026-05-12
群益三民,208.0,2000,0,9188,3035,2026-05-12
群益桃園,187.5,1000,0,9189,3035,2026-05-12
群益桃園,190.0,1000,0,9189,3035,2026-05-12
群益桃園,192.5,1000,0,9189,3035,2026-05-12
群益桃園,193.5,1000,0,9189,3035,2026-05-12
群益桃園,194.5,1000,0,9189,3035,2026-05-12
群益桃園,195.5,1000,0,9189,3035,2026-05-12
群益桃園,200.0,0,1000,9189,3035,2026-05-12
群益桃園,201.0,0,1000,9189,3035,2026-05-12
群益桃園,202.5,1000,0,9189,3035,2026-05-12
群益桃園,205.0,1000,0,9189,3035,2026-05-12
群益桃園,206.5,0,1000,9189,3035,2026-05-12
群益桃園,209.0,0,1000,9189,3035,2026-05-12
群益中壢,188.5,3000,0,918A,3035,2026-05-12
群益中壢,189.5,2000,0,918A,3035,2026-05-12
群益中壢,209.5,200,2000,918A,3035,2026-05-12
群益中壢,208.5,2000,0,918A,3035,2026-05-12
群益中壢,206.0,1000,0,918A,3035,2026-05-12
群益中壢,204.5,0,1000,918A,3035,2026-05-12
群益中壢,203.5,0,2000,918A,3035,2026-05-12
群益中壢,202.0,0,10,918A,3035,2026-05-12
群益三民,201.5,2,0,9188,3035,2026-05-12
群益中壢,200.5,1000,0,918A,3035,2026-05-12
群益中壢,197.5,4010,0,918A,3035,2026-05-12
群益中壢,196.5,10,0,918A,3035,2026-05-12
群益中壢,195.0,2010,1000,918A,3035,2026-05-12
群益中壢,193.5,1000,0,918A,3035,2026-05-12
群益中壢,192.5,7000,7000,918A,3035,2026-05-12
群益中壢,191.0,2000,0,918A,3035,2026-05-12
群益中壢,198.5,0,1000,918A,3035,2026-05-12
群益板橋,190.0,1000,0,918B,3035,2026-05-12
群益三民,199.0,0,2000,9188,3035,2026-05-12
群益三民,196.5,0,2000,9188,3035,2026-05-12
群益台南,205.0,0,1000,9185,3035,2026-05-12
群益台南,209.5,0,1000,9185,3035,2026-05-12
群益新竹,189.5,6000,0,9186,3035,2026-05-12
群益新竹,190.5,0,5000,9186,3035,2026-05-12
群益新竹,192.0,0,5000,9186,3035,2026-05-12
群益新竹,193.5,400,0,9186,3035,2026-05-12
群益新竹,195.0,300,0,9186,3035,2026-05-12
群益新竹,196.5,0,1000,9186,3035,2026-05-12
群益新竹,198.5,2000,0,9186,3035,2026-05-12
群益新竹,200.5,1000,0,9186,3035,2026-05-12
群益新竹,203.0,1000,2000,9186,3035,2026-05-12
群益新竹,208.5,2000,1000,9186,3035,2026-05-12
群益新竹,210.0,50,0,9186,3035,2026-05-12
群益彰化,188.5,0,1000,9187,3035,2026-05-12
群益彰化,190.0,0,105,9187,3035,2026-05-12
群益彰化,191.0,2000,1000,9187,3035,2026-05-12
群益彰化,192.5,1000,0,9187,3035,2026-05-12
群益三民,195.0,100,30,9188,3035,2026-05-12
群益三民,193.5,0,100,9188,3035,2026-05-12
群益三民,192.5,0,1000,9188,3035,2026-05-12
群益三民,191.0,1000,0,9188,3035,2026-05-12
群益三民,189.5,5000,1000,9188,3035,2026-05-12
群益彰化,209.5,1000,0,9187,3035,2026-05-12
群益三民,197.5,1000,0,9188,3035,2026-05-12
群益彰化,208.0,0,4,9187,3035,2026-05-12
群益彰化,202.0,0,5000,9187,3035,2026-05-12
群益彰化,199.5,0,1000,9187,3035,2026-05-12
群益彰化,198.0,1000,0,9187,3035,2026-05-12
群益彰化,197.0,1000,1000,9187,3035,2026-05-12
群益彰化,195.0,1100,0,9187,3035,2026-05-12
群益彰化,193.5,1000,0,9187,3035,2026-05-12
群益彰化,203.0,0,1000,9187,3035,2026-05-12
群益台南,200.5,1000,0,9185,3035,2026-05-12
群益板橋,191.5,1000,2000,918B,3035,2026-05-12
群益板橋,194.5,1000,0,918B,3035,2026-05-12
群益古亭,207.0,1000,0,918C,3035,2026-05-12
群益古亭,210.0,0,1,918C,3035,2026-05-12
群益內湖,190.0,3000,1000,918d,3035,2026-05-12
群益內湖,191.5,2000,0,918d,3035,2026-05-12
群益內湖,192.5,2000,0,918d,3035,2026-05-12
群益內湖,193.5,1000,0,918d,3035,2026-05-12
群益內湖,194.5,50,2000,918d,3035,2026-05-12
群益內湖,196.0,0,22000,918d,3035,2026-05-12
群益內湖,197.0,0,1000,918d,3035,2026-05-12
群益內湖,198.5,50,1000,918d,3035,2026-05-12
群益內湖,200.0,0,15000,918d,3035,2026-05-12
群益內湖,202.0,1000,0,918d,3035,2026-05-12
群益內湖,203.5,1100,0,918d,3035,2026-05-12
群益內湖,208.5,10000,0,918d,3035,2026-05-12
群益內湖,210.0,350,0,918d,3035,2026-05-12
群益東門,190.5,1000,0,918D,3035,2026-05-12
群益東門,192.5,1000,0,918D,3035,2026-05-12
群益大安,202.5,100,0,918e,3035,2026-05-12
群益大安,196.0,1000,0,918e,3035,2026-05-12
群益大安,194.5,0,50,918e,3035,2026-05-12
群益大安,190.0,0,1000,918e,3035,2026-05-12
群益大安,187.5,0,4000,918e,3035,2026-05-12
群益東門,209.5,0,400,918D,3035,2026-05-12
群益古亭,203.0,0,1000,918C,3035,2026-05-12
群益東門,208.5,1000,1200,918D,3035,2026-05-12
群益東門,205.5,0,1000,918D,3035,2026-05-12
群益東門,203.0,0,6000,918D,3035,2026-05-12
群益東門,199.0,50,0,918D,3035,2026-05-12
群益東門,195.5,1000,0,918D,3035,2026-05-12
群益東門,194.5,1000,1000,918D,3035,2026-05-12
群益東門,193.5,0,1000,918D,3035,2026-05-12
群益東門,207.5,20000,0,918D,3035,2026-05-12
群益板橋,192.5,0,1000,918B,3035,2026-05-12
群益古亭,201.5,2000,0,918C,3035,2026-05-12
群益古亭,198.0,1000,0,918C,3035,2026-05-12
群益板橋,197.5,0,1200,918B,3035,2026-05-12
群益板橋,199.5,1000,0,918B,3035,2026-05-12
群益板橋,202.0,0,2000,918B,3035,2026-05-12
群益板橋,203.0,200,0,918B,3035,2026-05-12
群益板橋,206.0,0,1000,918B,3035,2026-05-12
群益板橋,208.5,2000,1000,918B,3035,2026-05-12
群益鳳山,189.0,3000,4000,918c,3035,2026-05-12
群益鳳山,190.0,1000,0,918c,3035,2026-05-12
群益鳳山,191.0,1000,0,918c,3035,2026-05-12
群益鳳山,192.0,2010,800,918c,3035,2026-05-12
群益鳳山,193.0,2010,0,918c,3035,2026-05-12
群益鳳山,194.0,2100,1000,918c,3035,2026-05-12
群益鳳山,195.0,0,5000,918c,3035,2026-05-12
群益鳳山,196.0,1000,0,918c,3035,2026-05-12
群益鳳山,197.5,0,10000,918c,3035,2026-05-12
群益鳳山,198.5,20,1000,918c,3035,2026-05-12
群益鳳山,199.5,10,3000,918c,3035,2026-05-12
群益古亭,196.5,0,1000,918C,3035,2026-05-12
群益古亭,195.0,1012,0,918C,3035,2026-05-12
群益古亭,194.0,8004,50,918C,3035,2026-05-12
群益古亭,193.0,1000,1,918C,3035,2026-05-12
群益古亭,192.0,1001,3000,918C,3035,2026-05-12
群益古亭,191.0,1,0,918C,3035,2026-05-12
群益古亭,200.5,1000,1000,918C,3035,2026-05-12
群益古亭,190.0,1101,0,918C,3035,2026-05-12
群益鳳山,210.0,200,1000,918c,3035,2026-05-12
群益鳳山,209.0,0,1000,918c,3035,2026-05-12
群益鳳山,206.0,0,1000,918c,3035,2026-05-12
群益鳳山,204.0,1000,0,918c,3035,2026-05-12
群益鳳山,202.0,5000,0,918c,3035,2026-05-12
群益鳳山,201.0,10,0,918c,3035,2026-05-12
群益古亭,188.5,3000,0,918C,3035,2026-05-12
群益台南,199.0,0,2000,9185,3035,2026-05-12
群益台南,196.5,1000,0,9185,3035,2026-05-12
群益台南,192.0,19,0,9185,3035,2026-05-12
群益屏東,192.5,0,1000,913H,3035,2026-05-12
群益屏東,194.5,1000,0,913H,3035,2026-05-12
群益屏東,198.5,1000,0,913H,3035,2026-05-12
群益屏東,201.0,1000,0,913H,3035,2026-05-12
群益屏東,207.0,1000,0,913H,3035,2026-05-12
群益屏東,208.5,0,1000,913H,3035,2026-05-12
群益萬華,187.5,2000,0,913I,3035,2026-05-12
群益萬華,189.0,1030,1000,913I,3035,2026-05-12
群益萬華,190.0,0,2000,913I,3035,2026-05-12
群益萬華,193.0,3100,0,913I,3035,2026-05-12
群益萬華,194.5,1000,0,913I,3035,2026-05-12
群益萬華,195.5,1000,0,913I,3035,2026-05-12
群益萬華,196.5,0,1000,913I,3035,2026-05-12
群益萬華,198.5,0,2000,913I,3035,2026-05-12
群益萬華,200.0,1000,0,913I,3035,2026-05-12
群益萬華,208.5,0,20,913I,3035,2026-05-12
群益萬華,210.0,300,2,913I,3035,2026-05-12
群益北高,197.0,5000,0,913R,3035,2026-05-12
群益北高,195.5,1100,32,913R,3035,2026-05-12
群益北高,193.0,100,0,913R,3035,2026-05-12
群益北高,191.5,50,0,913R,3035,2026-05-12
群益土城,210.5,1000,0,913N,3035,2026-05-12
群益土城,209.5,1000,1000,913N,3035,2026-05-12
群益屏東,190.5,0,1000,913H,3035,2026-05-12
群益土城,208.0,1000,0,913N,3035,2026-05-12
群益土城,203.0,3,0,913N,3035,2026-05-12
群益土城,199.5,2000,1000,913N,3035,2026-05-12
群益土城,196.0,0,2000,913N,3035,2026-05-12
群益土城,195.0,50,0,913N,3035,2026-05-12
群益土城,193.5,3015,0,913N,3035,2026-05-12
群益土城,191.0,1000,0,913N,3035,2026-05-12
群益土城,205.0,3,0,913N,3035,2026-05-12
群益北高,201.0,10,0,913R,3035,2026-05-12
群益屏東,189.5,0,1000,913H,3035,2026-05-12
群益三重,208.5,1000,1000,913g,3035,2026-05-12
群益中港,195.5,100,0,9138,3035,2026-05-12
群益中港,197.5,0,1000,9138,3035,2026-05-12
群益中港,198.5,1000,0,9138,3035,2026-05-12
群益中港,201.0,0,1000,9138,3035,2026-05-12
群益潭子,188.5,1005,2000,913D,3035,2026-05-12
群益潭子,190.0,5,2000,913D,3035,2026-05-12
群益潭子,191.0,0,1000,913D,3035,2026-05-12
群益潭子,192.5,2000,3000,913D,3035,2026-05-12
群益潭子,194.5,70,0,913D,3035,2026-05-12
群益潭子,195.5,15,0,913D,3035,2026-05-12
群益潭子,197.0,0,1000,913D,3035,2026-05-12
群益潭子,198.0,6200,1000,913D,3035,2026-05-12
群益潭子,200.5,5000,0,913D,3035,2026-05-12
群益潭子,202.0,1000,3000,913D,3035,2026-05-12
群益潭子,203.5,0,11000,913D,3035,2026-05-12
群益潭子,209.0,7,0,913D,3035,2026-05-12
群益基隆,191.5,0,2000,913E,3035,2026-05-12
群益三重,202.5,1000,0,913g,3035,2026-05-12
群益三重,201.0,10000,0,913g,3035,2026-05-12
群益三重,199.5,2000,0,913g,3035,2026-05-12
群益三重,196.0,2100,0,913g,3035,2026-05-12
群益三重,195.0,1050,0,913g,3035,2026-05-12
群益三重,193.0,1000,2000,913g,3035,2026-05-12
群益屏東,188.5,0,20000,913H,3035,2026-05-12
群益三重,190.0,2000,1000,913g,3035,2026-05-12
群益三重,188.0,1100,0,913g,3035,2026-05-12
群益基隆,205.5,0,1000,913E,3035,2026-05-12
群益基隆,203.0,0,1000,913E,3035,2026-05-12
群益基隆,202.0,1000,0,913E,3035,2026-05-12
群益基隆,201.0,0,2000,913E,3035,2026-05-12
群益基隆,196.0,1000,0,913E,3035,2026-05-12
群益三重,189.0,150,0,913g,3035,2026-05-12
群益北高,202.5,6000,1000,913R,3035,2026-05-12
群益北高,208.5,0,2010,913R,3035,2026-05-12
群益崇德,187.5,0,3000,913U,3035,2026-05-12
群益高雄,191.0,2000,0,9183,3035,2026-05-12
群益高雄,192.0,1000,3000,9183,3035,2026-05-12
群益高雄,193.0,2000,3000,9183,3035,2026-05-12
群益高雄,194.0,0,1000,9183,3035,2026-05-12
群益高雄,195.0,1100,0,9183,3035,2026-05-12
群益高雄,196.5,1000,0,9183,3035,2026-05-12
群益高雄,197.5,0,1000,9183,3035,2026-05-12
群益高雄,199.0,0,80,9183,3035,2026-05-12
群益高雄,200.5,10000,0,9183,3035,2026-05-12
群益高雄,203.0,0,100,9183,3035,2026-05-12
群益高雄,206.5,0,1000,9183,3035,2026-05-12
群益高雄,210.0,500,3000,9183,3035,2026-05-12
群益台中,187.0,6000,0,9184,3035,2026-05-12
群益台中,189.0,1000,0,9184,3035,2026-05-12
群益台中,190.0,1000,0,9184,3035,2026-05-12
群益台中,191.0,1000,1400,9184,3035,2026-05-12
群益台中,192.0,1050,3000,9184,3035,2026-05-12
群益台南,190.5,2000,0,9185,3035,2026-05-12
群益台中,210.0,0,77,9184,3035,2026-05-12
群益台中,208.5,13,1000,9184,3035,2026-05-12
群益台中,206.5,1000,0,9184,3035,2026-05-12
群益台中,205.0,0,100,9184,3035,2026-05-12
群益台中,203.5,0,100,9184,3035,2026-05-12
群益高雄,188.5,1000,5000,9183,3035,2026-05-12
群益台中,202.5,0,2100,9184,3035,2026-05-12
群益台中,199.5,0,1000,9184,3035,2026-05-12
群益台中,198.5,1000,100,9184,3035,2026-05-12
群益台中,197.5,1000,1000,9184,3035,2026-05-12
群益台中,195.5,1000,200,9184,3035,2026-05-12
群益台中,194.5,3000,7300,9184,3035,2026-05-12
群益台中,193.5,50,3100,9184,3035,2026-05-12
群益台中,201.0,1000,4000,9184,3035,2026-05-12
群益館前,209.5,0,2000,913Y,3035,2026-05-12
群益館前,208.5,2000,4000,913Y,3035,2026-05-12
群益館前,207.5,4000,1000,913Y,3035,2026-05-12
群益崇德,210.0,65,0,913U,3035,2026-05-12
群益崇德,208.5,0,2000,913U,3035,2026-05-12
群益崇德,204.5,0,1000,913U,3035,2026-05-12
群益崇德,202.0,0,1000,913U,3035,2026-05-12
群益崇德,201.0,1000,0,913U,3035,2026-05-12
群益崇德,199.5,1000,3000,913U,3035,2026-05-12
群益館前,188.5,1000,0,913Y,3035,2026-05-12
群益崇德,198.0,1001,0,913U,3035,2026-05-12
群益崇德,194.0,4000,2000,913U,3035,2026-05-12
群益崇德,193.0,0,6000,913U,3035,2026-05-12
群益崇德,192.0,200,1000,913U,3035,2026-05-12
群益崇德,191.0,1000,0,913U,3035,2026-05-12
群益崇德,190.0,5000,0,913U,3035,2026-05-12
群益崇德,189.0,100,0,913U,3035,2026-05-12
群益崇德,195.5,50,259,913U,3035,2026-05-12
群益南京,190.0,1050,0,918E,3035,2026-05-12
群益館前,189.5,100,100,913Y,3035,2026-05-12
群益館前,192.0,10,0,913Y,3035,2026-05-12
群益館前,206.5,2000,0,913Y,3035,2026-05-12
群益館前,205.5,0,2000,913Y,3035,2026-05-12
群益館前,204.0,0,2000,913Y,3035,2026-05-12
群益館前,203.0,4000,0,913Y,3035,2026-05-12
群益館前,202.0,1005,1000,913Y,3035,2026-05-12
群益館前,201.0,3000,0,913Y,3035,2026-05-12
群益館前,190.5,1000,1000,913Y,3035,2026-05-12
群益館前,200.0,4000,3000,913Y,3035,2026-05-12
群益館前,198.0,7000,2000,913Y,3035,2026-05-12
群益館前,197.0,1000,1000,913Y,3035,2026-05-12
群益館前,196.0,3000,0,913Y,3035,2026-05-12
群益館前,195.0,0,1000,913Y,3035,2026-05-12
群益館前,194.0,5000,1100,913Y,3035,2026-05-12
群益館前,193.0,0,5000,913Y,3035,2026-05-12
群益館前,199.0,1300,2000,913Y,3035,2026-05-12
群益南京,193.5,0,1000,918E,3035,2026-05-12
群益南京,198.0,0,160,918E,3035,2026-05-12
群益南京,199.5,1000,0,918E,3035,2026-05-12
凱基,201.5,6000,0,9200,3035,2026-05-12
凱基,202.5,7000,0,9200,3035,2026-05-12
凱基,203.5,2000,0,9200,3035,2026-05-12
凱基,204.5,6000,0,9200,3035,2026-05-12
凱基,206.0,4000,0,9200,3035,2026-05-12
凱基,207.0,9000,0,9200,3035,2026-05-12
凱基,208.5,74000,0,9200,3035,2026-05-12
凱基,209.5,83000,0,9200,3035,2026-05-12
凱基,210.5,4000,0,9200,3035,2026-05-12
凱基中港,189.5,6000,0,9202,3035,2026-05-12
凱基中港,191.0,0,1000,9202,3035,2026-05-12
凱基中港,192.0,0,30,9202,3035,2026-05-12
凱基中港,193.0,2000,0,9202,3035,2026-05-12
凱基中港,194.0,1050,5000,9202,3035,2026-05-12
凱基中港,195.0,1000,1000,9202,3035,2026-05-12
凱基中港,197.5,2000,0,9202,3035,2026-05-12
凱基中港,198.5,3000,3000,9202,3035,2026-05-12
凱基台中,202.0,1000,0,9204,3035,2026-05-12
凱基台中,201.0,1000,0,9204,3035,2026-05-12
凱基台中,199.0,0,2050,9204,3035,2026-05-12
凱基台中,198.0,10000,0,9204,3035,2026-05-12
凱基台中,196.5,2000,0,9204,3035,2026-05-12
凱基台中,194.5,2000,2000,9204,3035,2026-05-12
凱基,200.0,2000,0,9200,3035,2026-05-12
凱基台中,193.5,3000,0,9204,3035,2026-05-12
凱基台中,191.0,0,3000,9204,3035,2026-05-12
凱基台中,189.0,2000,0,9204,3035,2026-05-12
凱基台中,188.0,1000,0,9204,3035,2026-05-12
凱基中港,204.0,1000,0,9202,3035,2026-05-12
凱基中港,201.0,0,100,9202,3035,2026-05-12
凱基中港,199.5,2000,2000,9202,3035,2026-05-12
凱基台中,192.5,0,5000,9204,3035,2026-05-12
凱基台中,208.0,1000,1000,9204,3035,2026-05-12
凱基,198.0,4000,3000,9200,3035,2026-05-12
凱基,196.0,4000,0,9200,3035,2026-05-12
群益延平,194.0,50,2000,918x,3035,2026-05-12
群益延平,195.0,2000,0,918x,3035,2026-05-12
群益延平,197.0,30,0,918x,3035,2026-05-12
群益延平,200.0,100,0,918x,3035,2026-05-12
群益延平,203.0,0,1000,918x,3035,2026-05-12
群益延平,208.5,1000,1000,918x,3035,2026-05-12
群益台北,188.5,1000,0,918X,3035,2026-05-12
群益台北,190.5,1000,0,918X,3035,2026-05-12
群益台北,192.5,0,4000,918X,3035,2026-05-12
群益台北,194.5,1000,0,918X,3035,2026-05-12
群益台北,197.5,1000,0,918X,3035,2026-05-12
群益台北,200.5,0,50,918X,3035,2026-05-12
群益台北,204.5,0,1000,918X,3035,2026-05-12
群益台北,209.5,0,1000,918X,3035,2026-05-12
群益宜蘭,189.0,1000,0,918z,3035,2026-05-12
群益宜蘭,191.5,1000,2000,918z,3035,2026-05-12
群益宜蘭,192.5,1000,1000,918z,3035,2026-05-12
凱基,195.0,4000,0,9200,3035,2026-05-12
凱基,194.0,1000,0,9200,3035,2026-05-12
凱基,193.0,2000,16000,9200,3035,2026-05-12
凱基,192.0,2000,0,9200,3035,2026-05-12
凱基,191.0,1000,0,9200,3035,2026-05-12
凱基,190.0,1030,0,9200,3035,2026-05-12
凱基,197.0,2000,0,9200,3035,2026-05-12
凱基,188.5,2000,17000,9200,3035,2026-05-12
群益宜蘭,208.0,1000,1000,918z,3035,2026-05-12
群益宜蘭,206.5,1000,0,918z,3035,2026-05-12
群益宜蘭,202.5,0,5000,918z,3035,2026-05-12
群益宜蘭,199.5,0,1000,918z,3035,2026-05-12
群益宜蘭,195.5,0,2300,918z,3035,2026-05-12
群益宜蘭,194.0,3000,1000,918z,3035,2026-05-12
群益宜蘭,209.0,1000,1000,918z,3035,2026-05-12
凱基三重,189.0,102,0,9205,3035,2026-05-12
凱基三重,191.0,1000,0,9205,3035,2026-05-12
凱基三重,192.0,0,1000,9205,3035,2026-05-12
凱基桃園,192.0,5000,1000,9208,3035,2026-05-12
凱基桃園,193.0,3000,5200,9208,3035,2026-05-12
凱基桃園,194.0,2100,1000,9208,3035,2026-05-12
凱基桃園,195.5,3000,6500,9208,3035,2026-05-12
凱基桃園,196.5,0,1000,9208,3035,2026-05-12
凱基桃園,197.5,1000,0,9208,3035,2026-05-12
凱基桃園,198.5,0,1000,9208,3035,2026-05-12
凱基桃園,199.5,1000,2000,9208,3035,2026-05-12
凱基桃園,200.5,3000,1000,9208,3035,2026-05-12
凱基桃園,201.5,0,1020,9208,3035,2026-05-12
凱基桃園,202.5,100,0,9208,3035,2026-05-12
凱基桃園,204.0,0,1000,9208,3035,2026-05-12
凱基桃園,206.0,2000,0,9208,3035,2026-05-12
凱基桃園,207.0,1000,0,9208,3035,2026-05-12
凱基桃園,208.5,1000,4000,9208,3035,2026-05-12
凱基桃園,210.5,10,0,9208,3035,2026-05-12
凱基岡山,189.0,1000,0,9209,3035,2026-05-12
凱基板橋,203.0,0,1000,920A,3035,2026-05-12
凱基板橋,196.5,2000,0,920A,3035,2026-05-12
凱基板橋,195.0,3100,0,920A,3035,2026-05-12
凱基板橋,193.0,6,1020,920A,3035,2026-05-12
凱基板橋,188.5,0,1000,920A,3035,2026-05-12
凱基岡山,208.0,0,1600,9209,3035,2026-05-12
凱基桃園,191.0,7200,0,9208,3035,2026-05-12
凱基岡山,202.5,0,1000,9209,3035,2026-05-12
凱基岡山,198.0,0,1000,9209,3035,2026-05-12
凱基岡山,195.5,1000,0,9209,3035,2026-05-12
凱基岡山,194.5,0,1000,9209,3035,2026-05-12
凱基岡山,193.0,1100,2000,9209,3035,2026-05-12
凱基岡山,192.0,50,2000,9209,3035,2026-05-12
凱基岡山,190.0,2,0,9209,3035,2026-05-12
凱基岡山,200.0,0,1000,9209,3035,2026-05-12
凱基桃園,190.0,3000,1000,9208,3035,2026-05-12
凱基桃園,189.0,2100,10000,9208,3035,2026-05-12
凱基桃園,187.5,1000,0,9208,3035,2026-05-12
凱基高雄,192.0,1000,0,9206,3035,2026-05-12
凱基高雄,191.0,1000,0,9206,3035,2026-05-12
凱基高雄,190.0,0,550,9206,3035,2026-05-12
凱基三重,209.5,0,25,9205,3035,2026-05-12
凱基三重,207.5,0,1000,9205,3035,2026-05-12
凱基三重,205.5,0,1000,9205,3035,2026-05-12
凱基高雄,193.0,6000,0,9206,3035,2026-05-12
凱基三重,202.0,0,2000,9205,3035,2026-05-12
凱基三重,200.0,0,2000,9205,3035,2026-05-12
凱基三重,199.0,2000,3000,9205,3035,2026-05-12
凱基三重,198.0,1000,0,9205,3035,2026-05-12
凱基三重,196.0,1000,0,9205,3035,2026-05-12
凱基三重,194.0,0,1050,9205,3035,2026-05-12
凱基三重,193.0,60,2000,9205,3035,2026-05-12
凱基三重,201.0,0,1000,9205,3035,2026-05-12
群益延平,193.0,5000,3100,918x,3035,2026-05-12
凱基高雄,194.0,3200,1000,9206,3035,2026-05-12
凱基高雄,196.0,3000,0,9206,3035,2026-05-12
凱基永和,208.5,50,0,9207,3035,2026-05-12
凱基永和,200.5,0,1000,9207,3035,2026-05-12
凱基永和,198.0,0,20,9207,3035,2026-05-12
凱基永和,195.5,1000,0,9207,3035,2026-05-12
凱基永和,194.5,0,1000,9207,3035,2026-05-12
凱基永和,193.5,0,1000,9207,3035,2026-05-12
凱基高雄,195.0,1001,0,9206,3035,2026-05-12
凱基永和,192.0,50,0,9207,3035,2026-05-12
凱基高雄,208.5,0,7100,9206,3035,2026-05-12
凱基高雄,203.5,50,0,9206,3035,2026-05-12
凱基高雄,201.5,1000,0,9206,3035,2026-05-12
凱基高雄,200.5,3000,0,9206,3035,2026-05-12
凱基高雄,199.0,2000,2000,9206,3035,2026-05-12
凱基高雄,197.0,7000,0,9206,3035,2026-05-12
凱基永和,189.5,10,0,9207,3035,2026-05-12
群益中港,192.0,1000,0,9138,3035,2026-05-12
群益延平,190.0,4000,100,918x,3035,2026-05-12
群益延平,187.5,0,2000,918x,3035,2026-05-12
群益新莊,208.5,1000,0,918G,3035,2026-05-12
群益新莊,209.5,1000,0,918G,3035,2026-05-12
群益中山,189.0,1100,0,918H,3035,2026-05-12
群益中山,190.5,0,1000,918H,3035,2026-05-12
群益中山,192.0,100,0,918H,3035,2026-05-12
群益中山,193.0,1000,0,918H,3035,2026-05-12
群益中山,194.0,2000,0,918H,3035,2026-05-12
群益中山,195.0,0,11000,918H,3035,2026-05-12
群益中山,196.0,2000,2000,918H,3035,2026-05-12
群益中山,202.0,1000,0,918H,3035,2026-05-12
群益中山,206.5,1000,0,918H,3035,2026-05-12
群益竹南,190.0,1000,0,918i,3035,2026-05-12
群益竹南,194.5,5,0,918i,3035,2026-05-12
群益竹南,200.5,7000,0,918i,3035,2026-05-12
群益竹南,202.5,1000,1000,918i,3035,2026-05-12
群益竹南,210.0,1000,0,918i,3035,2026-05-12
群益永和,188.0,0,1000,918J,3035,2026-05-12
群益永和,209.0,100,1000,918J,3035,2026-05-12
群益永和,208.0,0,2000,918J,3035,2026-05-12
群益永和,207.0,3000,1000,918J,3035,2026-05-12
群益永和,202.5,0,1000,918J,3035,2026-05-12
群益永和,201.0,1000,1000,918J,3035,2026-05-12
群益永和,199.5,0,1000,918J,3035,2026-05-12
群益新莊,207.5,1000,0,918G,3035,2026-05-12
群益永和,198.0,1000,0,918J,3035,2026-05-12
群益永和,195.5,6000,0,918J,3035,2026-05-12
群益永和,194.0,1000,1001,918J,3035,2026-05-12
群益永和,193.0,0,1000,918J,3035,2026-05-12
群益永和,192.0,1100,1000,918J,3035,2026-05-12
群益永和,191.0,2000,0,918J,3035,2026-05-12
群益永和,189.5,6000,1000,918J,3035,2026-05-12
群益永和,196.5,0,1000,918J,3035,2026-05-12
群益東湖,188.0,3045,0,918K,3035,2026-05-12
群益新莊,203.5,0,1000,918G,3035,2026-05-12
群益新莊,200.0,1100,0,918G,3035,2026-05-12
群益南京,202.5,1000,0,918E,3035,2026-05-12
群益南京,208.5,1000,0,918E,3035,2026-05-12
群益新店,190.5,0,1000,918F,3035,2026-05-12
群益新店,192.0,100,0,918F,3035,2026-05-12
群益新店,193.5,200,0,918F,3035,2026-05-12
群益新店,195.5,2000,1000,918F,3035,2026-05-12
群益新店,201.0,1000,0,918F,3035,2026-05-12
群益新店,203.0,1000,0,918F,3035,2026-05-12
群益新店,208.0,1100,1000,918F,3035,2026-05-12
群益新店,209.0,100,0,918F,3035,2026-05-12
群益大甲,188.0,20,0,918g,3035,2026-05-12
群益大甲,189.0,1100,0,918g,3035,2026-05-12
群益大甲,190.0,0,1000,918g,3035,2026-05-12
群益大甲,191.5,1000,0,918g,3035,2026-05-12
群益大甲,193.0,0,2000,918g,3035,2026-05-12
群益大甲,194.5,50,0,918g,3035,2026-05-12
群益大甲,197.0,1200,0,918g,3035,2026-05-12
群益新莊,199.0,100,0,918G,3035,2026-05-12
群益新莊,198.0,1000,1000,918G,3035,2026-05-12
群益新莊,195.0,0,2000,918G,3035,2026-05-12
群益新莊,194.0,0,3000,918G,3035,2026-05-12
群益新莊,190.5,1000,1000,918G,3035,2026-05-12
群益新莊,189.5,1000,0,918G,3035,2026-05-12
群益新莊,202.0,0,1000,918G,3035,2026-05-12
群益新莊,188.5,3000,0,918G,3035,2026-05-12
群益大甲,208.5,0,1000,918g,3035,2026-05-12
群益大甲,206.5,0,1000,918g,3035,2026-05-12
群益大甲,203.0,0,2000,918g,3035,2026-05-12
群益大甲,201.5,0,1000,918g,3035,2026-05-12
群益大甲,200.5,0,100,918g,3035,2026-05-12
群益大甲,199.0,1010,1000,918g,3035,2026-05-12
群益大甲,210.0,10,0,918g,3035,2026-05-12
群益東湖,189.5,0,37,918K,3035,2026-05-12
群益東湖,191.5,1000,0,918K,3035,2026-05-12
群益東湖,192.5,100,0,918K,3035,2026-05-12
群益丹鳳,190.0,0,10000,918s,3035,2026-05-12
群益丹鳳,192.0,1000,0,918s,3035,2026-05-12
群益丹鳳,193.5,1000,1000,918s,3035,2026-05-12
群益丹鳳,195.0,3000,0,918s,3035,2026-05-12
群益丹鳳,196.5,2000,0,918s,3035,2026-05-12
群益丹鳳,198.5,1000,0,918s,3035,2026-05-12
群益丹鳳,199.5,2000,1000,918s,3035,2026-05-12
群益丹鳳,201.0,2000,0,918s,3035,2026-05-12
群益丹鳳,202.5,3000,0,918s,3035,2026-05-12
群益丹鳳,204.0,1000,0,918s,3035,2026-05-12
群益丹鳳,208.5,0,3000,918s,3035,2026-05-12
群益瑞豐,187.5,0,8000,918u,3035,2026-05-12
群益瑞豐,189.0,2100,1000,918u,3035,2026-05-12
群益瑞豐,190.0,0,1000,918u,3035,2026-05-12
群益瑞豐,192.0,2020,1000,918u,3035,2026-05-12
群益瑞豐,193.0,4000,0,918u,3035,2026-05-12
群益瑞豐,194.0,1000,3000,918u,3035,2026-05-12
群益忠孝,205.0,0,1000,918W,3035,2026-05-12
群益忠孝,199.5,1000,0,918W,3035,2026-05-12
群益忠孝,198.0,1000,0,918W,3035,2026-05-12
群益忠孝,196.0,0,2000,918W,3035,2026-05-12
群益忠孝,193.5,0,2000,918W,3035,2026-05-12
群益忠孝,190.5,2000,0,918W,3035,2026-05-12
群益丹鳳,188.5,1000,0,918s,3035,2026-05-12
群益忠孝,188.5,1000,0,918W,3035,2026-05-12
群益瑞豐,209.0,1000,1,918u,3035,2026-05-12
群益瑞豐,207.5,2000,0,918u,3035,2026-05-12
群益瑞豐,203.0,5,0,918u,3035,2026-05-12
群益瑞豐,201.5,0,2,918u,3035,2026-05-12
群益瑞豐,199.0,4000,1,918u,3035,2026-05-12
群益瑞豐,197.0,1100,0,918u,3035,2026-05-12
群益瑞豐,210.0,0,27,918u,3035,2026-05-12
群益天母,207.5,0,2000,918P,3035,2026-05-12
群益天母,202.5,2000,0,918P,3035,2026-05-12
群益天母,200.5,18000,0,918P,3035,2026-05-12
群益建成,201.5,40,0,918L,3035,2026-05-12
群益建成,199.5,50,0,918L,3035,2026-05-12
群益建成,198.5,0,2000,918L,3035,2026-05-12
群益建成,197.0,3000,0,918L,3035,2026-05-12
群益建成,195.0,4100,0,918L,3035,2026-05-12
群益建成,194.0,2000,0,918L,3035,2026-05-12
群益建成,202.5,1050,10,918L,3035,2026-05-12
群益建成,191.5,0,30,918L,3035,2026-05-12
群益東湖,210.0,0,1000,918K,3035,2026-05-12
群益東湖,208.0,1000,0,918K,3035,2026-05-12
群益東湖,202.0,0,8000,918K,3035,2026-05-12
群益東湖,197.5,100,1000,918K,3035,2026-05-12
群益東湖,194.5,5,0,918K,3035,2026-05-12
群益東湖,193.5,3000,1000,918K,3035,2026-05-12
群益建成,189.0,15,0,918L,3035,2026-05-12
群益延平,189.0,0,1000,918x,3035,2026-05-12
群益建成,207.5,1000,0,918L,3035,2026-05-12
群益嘉義,190.0,3000,5000,918M,3035,2026-05-12
群益天母,197.5,0,1000,918P,3035,2026-05-12
群益天母,196.0,1000,0,918P,3035,2026-05-12
群益天母,192.0,2000,0,918P,3035,2026-05-12
群益嘉義,209.0,1000,0,918M,3035,2026-05-12
群益嘉義,203.0,0,2000,918M,3035,2026-05-12
群益嘉義,202.0,2000,6000,918M,3035,2026-05-12
群益建成,209.5,1000,0,918L,3035,2026-05-12
群益嘉義,201.0,0,1000,918M,3035,2026-05-12
群益嘉義,197.0,0,1000,918M,3035,2026-05-12
群益嘉義,195.5,2000,0,918M,3035,2026-05-12
群益嘉義,194.5,0,2000,918M,3035,2026-05-12
群益嘉義,193.5,2000,0,918M,3035,2026-05-12
群益嘉義,192.5,3100,0,918M,3035,2026-05-12
群益嘉義,191.5,0,3000,918M,3035,2026-05-12
群益嘉義,200.0,5000,0,918M,3035,2026-05-12
國票南崁,200.0,1000,0,779E,3035,2026-05-12
統一,207.5,3,0,5850,3035,2026-05-12
國票南崁,194.0,1000,0,779E,3035,2026-05-12
高橋中壢,196.0,1000,0,5322,3035,2026-05-12
高橋中壢,210.0,0,3000,5322,3035,2026-05-12
高橋內壢,192.5,1000,0,5323,3035,2026-05-12
高橋內壢,199.5,1000,0,5323,3035,2026-05-12
高橋內壢,208.0,0,1000,5323,3035,2026-05-12
第一金證,189.0,100,0,5380,3035,2026-05-12
第一金證,190.0,0,1000,5380,3035,2026-05-12
第一金證,194.0,1200,0,5380,3035,2026-05-12
第一金證,195.5,0,4000,5380,3035,2026-05-12
第一金證,196.5,200,0,5380,3035,2026-05-12
第一金證,198.0,0,1,5380,3035,2026-05-12
第一金證,200.0,1000,0,5380,3035,2026-05-12
第一金證,201.0,0,1,5380,3035,2026-05-12
第一金證,203.0,0,1001,5380,3035,2026-05-12
第一金證,205.0,0,2001,5380,3035,2026-05-12
第一金證,207.0,0,1,5380,3035,2026-05-12
第一金證,209.0,0,1,5380,3035,2026-05-12
第一台中,192.0,500,2000,5382,3035,2026-05-12
第一台中,190.0,2020,1000,5382,3035,2026-05-12
第一台中,189.0,101,0,5382,3035,2026-05-12
第一員林,209.5,0,1000,5381,3035,2026-05-12
第一員林,208.5,0,1000,5381,3035,2026-05-12
第一員林,203.0,0,1000,5381,3035,2026-05-12
高橋中壢,193.5,0,1000,5322,3035,2026-05-12
第一員林,202.0,2000,0,5381,3035,2026-05-12
第一員林,199.0,1000,0,5381,3035,2026-05-12
第一員林,198.0,1000,0,5381,3035,2026-05-12
第一員林,195.5,1000,0,5381,3035,2026-05-12
第一員林,194.0,1000,0,5381,3035,2026-05-12
第一員林,192.5,1000,0,5381,3035,2026-05-12
第一員林,189.0,10,0,5381,3035,2026-05-12
第一員林,200.5,0,40,5381,3035,2026-05-12
第一台中,193.5,1000,0,5382,3035,2026-05-12
高橋龍潭,209.0,0,1000,5321,3035,2026-05-12
高橋龍潭,205.0,50,0,5321,3035,2026-05-12
美好中和,198.0,150,0,526A,3035,2026-05-12
美好中和,201.0,0,1000,526A,3035,2026-05-12
美好中和,207.0,1000,0,526A,3035,2026-05-12
美好富順,192.5,0,10000,526K,3035,2026-05-12
美好富順,194.0,1000,0,526K,3035,2026-05-12
美好富順,196.0,1000,0,526K,3035,2026-05-12
美好富順,199.0,15,0,526K,3035,2026-05-12
美好富順,202.0,0,2000,526K,3035,2026-05-12
美好富順,208.5,1000,0,526K,3035,2026-05-12
美好市政,191.0,1000,0,526M,3035,2026-05-12
美好市政,192.5,1000,0,526M,3035,2026-05-12
美好市政,195.5,0,2000,526M,3035,2026-05-12
美好市政,200.0,0,1000,526M,3035,2026-05-12
高橋,187.5,1000,0,5320,3035,2026-05-12
高橋,192.0,2000,1000,5320,3035,2026-05-12
高橋,196.0,0,2000,5320,3035,2026-05-12
高橋,197.5,1000,0,5320,3035,2026-05-12
高橋龍潭,202.5,0,1000,5321,3035,2026-05-12
高橋龍潭,201.5,1000,1000,5321,3035,2026-05-12
高橋龍潭,199.5,0,1000,5321,3035,2026-05-12
高橋龍潭,198.5,50,0,5321,3035,2026-05-12
高橋龍潭,197.5,100,0,5321,3035,2026-05-12
高橋龍潭,195.5,1000,0,5321,3035,2026-05-12
高橋龍潭,208.0,0,3000,5321,3035,2026-05-12
高橋龍潭,193.5,150,0,5321,3035,2026-05-12
高橋龍潭,190.0,200,0,5321,3035,2026-05-12
高橋,210.0,100,0,5320,3035,2026-05-12
高橋,204.5,0,1000,5320,3035,2026-05-12
高橋,203.0,0,1000,5320,3035,2026-05-12
高橋,202.0,0,5000,5320,3035,2026-05-12
高橋,199.0,1000,0,5320,3035,2026-05-12
高橋龍潭,192.0,1025,0,5321,3035,2026-05-12
美好中和,196.5,0,3000,526A,3035,2026-05-12
第一台中,195.0,100,0,5382,3035,2026-05-12
第一台中,200.0,0,1000,5382,3035,2026-05-12
第一桃園,198.0,0,1000,5385,3035,2026-05-12
第一桃園,199.0,0,3000,5385,3035,2026-05-12
第一桃園,200.0,0,3000,5385,3035,2026-05-12
第一桃園,201.0,0,1000,5385,3035,2026-05-12
第一桃園,202.0,0,1000,5385,3035,2026-05-12
第一桃園,204.0,0,2000,5385,3035,2026-05-12
第一桃園,206.0,0,1000,5385,3035,2026-05-12
第一桃園,207.0,1000,1000,5385,3035,2026-05-12
第一桃園,209.5,1004,1000,5385,3035,2026-05-12
第一彰化,189.0,1050,0,5386,3035,2026-05-12
第一彰化,190.0,3000,0,5386,3035,2026-05-12
第一彰化,192.5,90,1000,5386,3035,2026-05-12
第一彰化,194.0,190,0,5386,3035,2026-05-12
第一彰化,197.5,1000,0,5386,3035,2026-05-12
第一彰化,199.5,0,1000,5386,3035,2026-05-12
第一彰化,208.0,40,10,5386,3035,2026-05-12
第一彰化,210.0,20,30,5386,3035,2026-05-12
第一中山,202.0,0,1000,5389,3035,2026-05-12
第一中山,198.5,0,2000,5389,3035,2026-05-12
第一中山,196.0,0,1000,5389,3035,2026-05-12
第一中山,193.0,1000,0,5389,3035,2026-05-12
第一中山,190.0,3001,0,5389,3035,2026-05-12
第一中山,188.0,2000,0,5389,3035,2026-05-12
第一桃園,196.5,1000,0,5385,3035,2026-05-12
第一澎湖,208.0,1000,0,5387,3035,2026-05-12
第一澎湖,200.0,0,1550,5387,3035,2026-05-12
第一澎湖,197.0,1000,0,5387,3035,2026-05-12
第一澎湖,195.0,1000,1000,5387,3035,2026-05-12
第一澎湖,194.0,1000,50,5387,3035,2026-05-12
第一澎湖,192.5,300,0,5387,3035,2026-05-12
第一澎湖,190.0,50,0,5387,3035,2026-05-12
第一澎湖,203.0,0,80,5387,3035,2026-05-12
第一台中,197.0,0,1000,5382,3035,2026-05-12
第一桃園,195.5,2000,0,5385,3035,2026-05-12
第一桃園,193.0,3300,4260,5385,3035,2026-05-12
第一台中,202.0,1000,2000,5382,3035,2026-05-12
第一台中,203.5,500,0,5382,3035,2026-05-12
第一台中,204.5,0,1000,5382,3035,2026-05-12
第一高雄,188.0,100,0,5383,3035,2026-05-12
第一高雄,189.5,1000,0,5383,3035,2026-05-12
第一高雄,190.5,20,0,5383,3035,2026-05-12
第一高雄,193.0,1000,1000,5383,3035,2026-05-12
第一高雄,194.0,2000,2020,5383,3035,2026-05-12
第一高雄,196.5,1000,0,5383,3035,2026-05-12
第一高雄,199.5,0,2000,5383,3035,2026-05-12
第一高雄,201.0,2000,0,5383,3035,2026-05-12
第一高雄,202.0,1000,0,5383,3035,2026-05-12
第一高雄,206.0,1000,0,5383,3035,2026-05-12
第一高雄,210.0,200,0,5383,3035,2026-05-12
第一台南,188.0,2100,0,5384,3035,2026-05-12
第一台南,189.5,2000,0,5384,3035,2026-05-12
第一台南,190.5,1000,0,5384,3035,2026-05-12
第一桃園,192.0,0,100,5385,3035,2026-05-12
第一桃園,189.0,0,1000,5385,3035,2026-05-12
第一台南,208.5,550,0,5384,3035,2026-05-12
第一台南,206.0,0,1000,5384,3035,2026-05-12
第一台南,202.5,1000,0,5384,3035,2026-05-12
第一台南,201.5,0,1000,5384,3035,2026-05-12
第一桃園,194.0,1000,0,5385,3035,2026-05-12
第一台南,200.5,5000,0,5384,3035,2026-05-12
第一台南,198.0,10,0,5384,3035,2026-05-12
第一台南,196.5,0,14,5384,3035,2026-05-12
第一台南,195.5,1050,0,5384,3035,2026-05-12
第一台南,194.5,100,1000,5384,3035,2026-05-12
第一台南,193.5,1100,50,5384,3035,2026-05-12
第一台南,192.0,40,85,5384,3035,2026-05-12
第一台南,199.5,0,1000,5384,3035,2026-05-12
美好中和,193.0,10,0,526A,3035,2026-05-12
美好台南,200.0,0,1000,5268,3035,2026-05-12
美好台南,193.0,0,1000,5268,3035,2026-05-12
亞東板橋,200.5,1000,0,2181,3035,2026-05-12
亞東板橋,204.5,50,0,2181,3035,2026-05-12
亞東板橋,210.0,10,500,2181,3035,2026-05-12
亞東新竹,188.5,1000,0,2184,3035,2026-05-12
亞東新竹,189.5,6,0,2184,3035,2026-05-12
亞東新竹,190.5,11,0,2184,3035,2026-05-12
亞東新竹,191.5,20000,0,2184,3035,2026-05-12
亞東新竹,192.5,27,1000,2184,3035,2026-05-12
亞東新竹,197.5,10000,0,2184,3035,2026-05-12
亞東新竹,204.0,1000,0,2184,3035,2026-05-12
亞東新竹,208.0,0,1000,2184,3035,2026-05-12
亞東台南,194.0,2000,0,2185,3035,2026-05-12
亞東台南,199.5,0,3000,2185,3035,2026-05-12
亞東台南,203.0,0,1000,2185,3035,2026-05-12
亞東高雄,194.5,1000,0,2186,3035,2026-05-12
亞東高雄,197.5,0,1000,2186,3035,2026-05-12
亞東台中,188.5,8000,0,2187,3035,2026-05-12
大展台南,199.5,0,1000,5058,3035,2026-05-12
大展台南,196.5,1000,0,5058,3035,2026-05-12
大展台南,190.0,0,1000,5058,3035,2026-05-12
大展台南,188.5,1000,0,5058,3035,2026-05-12
大展,207.5,0,2000,5050,3035,2026-05-12
大展,201.5,0,2000,5050,3035,2026-05-12
亞東板橋,196.5,10,0,2181,3035,2026-05-12
大展,200.0,1000,1000,5050,3035,2026-05-12
大展,194.0,0,1000,5050,3035,2026-05-12
大展,192.0,0,2000,5050,3035,2026-05-12
亞東台中,210.0,1050,0,2187,3035,2026-05-12
亞東台中,199.5,0,8000,2187,3035,2026-05-12
亞東台中,193.0,1000,0,2187,3035,2026-05-12
亞東台中,190.0,1000,0,2187,3035,2026-05-12
大展,195.5,1000,0,5050,3035,2026-05-12
大展台南,209.0,1000,0,5058,3035,2026-05-12
亞東板橋,195.0,0,2000,2181,3035,2026-05-12
亞東,210.5,1000,0,2180,3035,2026-05-12
花旗環球,209.5,11000,0,1590,3035,2026-05-12
花旗環球,210.5,2000,0,1590,3035,2026-05-12
瑞銀,188.0,0,111000,1650,3035,2026-05-12
瑞銀,189.0,0,102000,1650,3035,2026-05-12
瑞銀,193.0,0,60000,1650,3035,2026-05-12
瑞銀,194.0,10000,24000,1650,3035,2026-05-12
瑞銀,195.0,131000,0,1650,3035,2026-05-12
瑞銀,196.0,0,77000,1650,3035,2026-05-12
瑞銀,197.0,0,33000,1650,3035,2026-05-12
瑞銀,198.0,32000,16000,1650,3035,2026-05-12
瑞銀,199.0,2000,113000,1650,3035,2026-05-12
瑞銀,200.0,73000,49000,1650,3035,2026-05-12
瑞銀,201.0,89000,2000,1650,3035,2026-05-12
瑞銀,202.5,35000,11000,1650,3035,2026-05-12
瑞銀,203.5,50000,0,1650,3035,2026-05-12
瑞銀,204.5,14000,1000,1650,3035,2026-05-12
瑞銀,206.5,16000,3000,1650,3035,2026-05-12
亞東,209.5,100,40,2180,3035,2026-05-12
亞東,206.5,1000,0,2180,3035,2026-05-12
亞東,203.0,50,1000,2180,3035,2026-05-12
亞東,200.5,3000,1000,2180,3035,2026-05-12
亞東,199.5,0,1000,2180,3035,2026-05-12
亞東,198.5,1000,0,2180,3035,2026-05-12
亞東板橋,192.5,1000,6070,2181,3035,2026-05-12
亞東,196.5,1000,0,2180,3035,2026-05-12
亞東,190.0,2000,0,2180,3035,2026-05-12
亞東,189.0,0,2000,2180,3035,2026-05-12
瑞銀,210.5,0,23000,1650,3035,2026-05-12
瑞銀,209.5,1000,4000,1650,3035,2026-05-12
瑞銀,208.5,8000,44000,1650,3035,2026-05-12
瑞銀,207.5,0,76000,1650,3035,2026-05-12
亞東,192.0,0,1000,2180,3035,2026-05-12
美好,191.5,0,1000,5260,3035,2026-05-12
美好,195.0,0,1000,5260,3035,2026-05-12
美好,196.0,0,2000,5260,3035,2026-05-12
美好泰山,188.5,2000,0,5263,3035,2026-05-12
美好泰山,191.0,0,1,5263,3035,2026-05-12
美好泰山,192.5,1000,0,5263,3035,2026-05-12
美好泰山,193.5,3000,1000,5263,3035,2026-05-12
美好泰山,195.5,0,1000,5263,3035,2026-05-12
美好泰山,197.0,0,1000,5263,3035,2026-05-12
美好泰山,198.0,0,4000,5263,3035,2026-05-12
美好泰山,200.5,1000,0,5263,3035,2026-05-12
美好泰山,208.0,0,1000,5263,3035,2026-05-12
美好高雄,191.0,1000,0,5264,3035,2026-05-12
美好高雄,196.0,0,1000,5264,3035,2026-05-12
美好苗栗,191.5,2000,0,5265,3035,2026-05-12
美好苗栗,193.5,0,2000,5265,3035,2026-05-12
美好苗栗,195.0,100,0,5265,3035,2026-05-12
美好苗栗,197.5,1000,0,5265,3035,2026-05-12
美好苗栗,198.5,1000,0,5265,3035,2026-05-12
美好苗栗,202.5,3000,0,5265,3035,2026-05-12
美好基隆,200.5,0,1000,5267,3035,2026-05-12
美好基隆,196.0,1000,0,5267,3035,2026-05-12
美好基隆,193.5,1000,1000,5267,3035,2026-05-12
美好基隆,192.5,2000,1000,5267,3035,2026-05-12
美好基隆,191.0,0,1000,5267,3035,2026-05-12
美好中壢,210.0,0,38,5266,3035,2026-05-12
美好楊梅,209.0,0,1000,5262,3035,2026-05-12
美好中壢,200.5,0,2000,5266,3035,2026-05-12
美好中壢,196.0,1000,0,5266,3035,2026-05-12
美好中壢,193.5,1000,0,5266,3035,2026-05-12
美好中壢,192.0,3000,0,5266,3035,2026-05-12
美好中壢,189.0,4000,0,5266,3035,2026-05-12
美好苗栗,210.5,1000,0,5265,3035,2026-05-12
美好苗栗,208.5,1000,1000,5265,3035,2026-05-12
美好中壢,199.0,0,1000,5266,3035,2026-05-12
美好楊梅,208.0,10000,1000,5262,3035,2026-05-12
美好楊梅,205.0,0,1000,5262,3035,2026-05-12
美好楊梅,202.5,2000,0,5262,3035,2026-05-12
美好蘆洲,193.5,1000,0,5261,3035,2026-05-12
美好蘆洲,192.5,1000,0,5261,3035,2026-05-12
美好蘆洲,190.5,1000,1000,5261,3035,2026-05-12
美好蘆洲,189.0,1000,1000,5261,3035,2026-05-12
美好,209.5,1000,0,5260,3035,2026-05-12
美好,205.0,0,2000,5260,3035,2026-05-12
美好蘆洲,194.5,0,2000,5261,3035,2026-05-12
美好,204.0,0,2000,5260,3035,2026-05-12
美好,202.0,0,2000,5260,3035,2026-05-12
美好,201.0,0,2000,5260,3035,2026-05-12
美好,200.0,0,2000,5260,3035,2026-05-12
美好,199.0,0,2000,5260,3035,2026-05-12
美好,198.0,0,2000,5260,3035,2026-05-12
美好,197.0,0,2000,5260,3035,2026-05-12
美好,203.0,0,3000,5260,3035,2026-05-12
第一中山,207.5,1000,0,5389,3035,2026-05-12
美好蘆洲,197.0,1000,0,5261,3035,2026-05-12
美好蘆洲,201.0,0,1000,5261,3035,2026-05-12
美好楊梅,200.0,0,1000,5262,3035,2026-05-12
美好楊梅,199.0,2000,3000,5262,3035,2026-05-12
美好楊梅,198.0,0,2000,5262,3035,2026-05-12
美好楊梅,196.5,100,100,5262,3035,2026-05-12
美好楊梅,195.5,2000,0,5262,3035,2026-05-12
美好楊梅,194.5,1000,0,5262,3035,2026-05-12
美好蘆洲,200.0,1000,0,5261,3035,2026-05-12
美好楊梅,193.5,2000,0,5262,3035,2026-05-12
美好楊梅,191.5,0,1000,5262,3035,2026-05-12
美好楊梅,189.5,1000,115,5262,3035,2026-05-12
美好楊梅,188.5,405,0,5262,3035,2026-05-12
美好蘆洲,210.5,0,1,5261,3035,2026-05-12
美好蘆洲,209.5,1000,0,5261,3035,2026-05-12
美好蘆洲,203.0,200,0,5261,3035,2026-05-12
美好楊梅,192.5,0,1000,5262,3035,2026-05-12
花旗環球,208.5,2000,0,1590,3035,2026-05-12
第一新興,188.0,1000,0,538A,3035,2026-05-12
第一新興,192.0,1016,0,538A,3035,2026-05-12
統一,199.0,1000,1009,5850,3035,2026-05-12
統一,200.5,23000,183000,5850,3035,2026-05-12
統一,201.5,1000,0,5850,3035,2026-05-12
統一,202.5,50,1000,5850,3035,2026-05-12
統一,203.5,2000,0,5850,3035,2026-05-12
統一,205.0,1000,0,5850,3035,2026-05-12
統一,206.5,10000,0,5850,3035,2026-05-12
統一,208.5,10000,9000,5850,3035,2026-05-12
統一,210.0,3000,5994,5850,3035,2026-05-12
統一高雄,191.5,0,2000,5851,3035,2026-05-12
統一高雄,193.5,0,1000,5851,3035,2026-05-12
統一高雄,196.0,500,0,5851,3035,2026-05-12
統一高雄,201.0,0,3000,5851,3035,2026-05-12
統一高雄,204.5,1000,0,5851,3035,2026-05-12
統一敦南,189.0,11000,0,5852,3035,2026-05-12
統一敦南,190.0,2030,81000,5852,3035,2026-05-12
統一敦南,191.5,2000,1000,5852,3035,2026-05-12
統一中壢,190.0,214,0,5853,3035,2026-05-12
統一中壢,189.0,7,1000,5853,3035,2026-05-12
統一中壢,187.5,0,1000,5853,3035,2026-05-12
統一敦南,209.5,1000,0,5852,3035,2026-05-12
統一敦南,208.5,2000,3000,5852,3035,2026-05-12
統一敦南,207.5,2000,0,5852,3035,2026-05-12
統一,198.0,3000,2000,5850,3035,2026-05-12
統一敦南,202.5,0,3000,5852,3035,2026-05-12
統一敦南,199.5,1000,2000,5852,3035,2026-05-12
統一敦南,197.5,1000,3000,5852,3035,2026-05-12
統一敦南,196.5,5000,0,5852,3035,2026-05-12
統一敦南,195.0,1000,1000,5852,3035,2026-05-12
統一敦南,193.5,2000,11000,5852,3035,2026-05-12
統一敦南,192.5,0,37,5852,3035,2026-05-12
統一敦南,200.5,2000,0,5852,3035,2026-05-12
統一中壢,192.0,5,0,5853,3035,2026-05-12
統一,197.0,1000,0,5850,3035,2026-05-12
統一,195.0,1010,0,5850,3035,2026-05-12
永興,200.0,1000,0,5600,3035,2026-05-12
永興,202.5,0,1000,5600,3035,2026-05-12
永興水湳,188.5,0,1000,5602,3035,2026-05-12
永興水湳,190.0,2000,0,5602,3035,2026-05-12
永興水湳,193.5,2000,200,5602,3035,2026-05-12
永興水湳,197.5,300,0,5602,3035,2026-05-12
永興水湳,198.5,0,1000,5602,3035,2026-05-12
永興水湳,202.0,2000,0,5602,3035,2026-05-12
永興水湳,208.0,1000,0,5602,3035,2026-05-12
永興台中,191.5,1000,0,5603,3035,2026-05-12
永興台中,195.0,200,0,5603,3035,2026-05-12
永興台中,196.5,1000,0,5603,3035,2026-05-12
永興台中,202.5,100,0,5603,3035,2026-05-12
永興台中,208.0,0,1000,5603,3035,2026-05-12
永興台中,210.0,200,0,5603,3035,2026-05-12
永興大墩,195.0,500,0,5604,3035,2026-05-12
永興大墩,199.0,30,0,5604,3035,2026-05-12
統一,194.0,2010,15003,5850,3035,2026-05-12
統一,193.0,7000,49000,5850,3035,2026-05-12
統一,192.0,0,3090,5850,3035,2026-05-12
統一,191.0,3000,55000,5850,3035,2026-05-12
統一,190.0,2000,9010,5850,3035,2026-05-12
統一,189.0,0,50000,5850,3035,2026-05-12
統一,196.0,1000,32100,5850,3035,2026-05-12
日進,208.0,18,1000,5660,3035,2026-05-12
日進,201.0,0,1000,5660,3035,2026-05-12
日進,199.0,0,1000,5660,3035,2026-05-12
日進,195.0,0,1000,5660,3035,2026-05-12
日進,193.5,0,1000,5660,3035,2026-05-12
日進,191.5,1000,0,5660,3035,2026-05-12
日進,189.5,1100,0,5660,3035,2026-05-12
日進,207.0,1000,1000,5660,3035,2026-05-12
永興,198.0,2000,1000,5600,3035,2026-05-12
統一中壢,194.5,0,1000,5853,3035,2026-05-12
統一中壢,199.0,60,0,5853,3035,2026-05-12
統一台中,203.0,0,2000,5856,3035,2026-05-12
統一台中,204.5,0,1000,5856,3035,2026-05-12
統一台中,206.0,0,2000,5856,3035,2026-05-12
統一台中,207.5,1000,1000,5856,3035,2026-05-12
統一台中,208.5,1000,1000,5856,3035,2026-05-12
統一新竹,189.0,3000,1000,5857,3035,2026-05-12
統一新竹,190.0,2000,1000,5857,3035,2026-05-12
統一新竹,191.5,1000,0,5857,3035,2026-05-12
統一新竹,193.0,2000,0,5857,3035,2026-05-12
統一新竹,194.5,1000,0,5857,3035,2026-05-12
統一新竹,195.5,1000,1000,5857,3035,2026-05-12
統一新竹,197.0,1000,0,5857,3035,2026-05-12
統一新竹,200.0,0,3000,5857,3035,2026-05-12
統一新竹,201.0,0,1000,5857,3035,2026-05-12
統一新竹,205.0,0,2000,5857,3035,2026-05-12
統一新竹,208.0,3000,0,5857,3035,2026-05-12
統一嘉義,189.0,100,1000,5858,3035,2026-05-12
統一屏東,202.5,0,3005,5859,3035,2026-05-12
統一屏東,199.5,1000,0,5859,3035,2026-05-12
統一屏東,198.0,4006,4000,5859,3035,2026-05-12
統一屏東,194.5,500,5,5859,3035,2026-05-12
統一屏東,193.0,1000,500,5859,3035,2026-05-12
統一屏東,190.5,1006,0,5859,3035,2026-05-12
統一台中,202.0,1000,0,5856,3035,2026-05-12
統一屏東,189.5,3000,0,5859,3035,2026-05-12
統一嘉義,207.0,0,2000,5858,3035,2026-05-12
統一嘉義,204.0,2000,0,5858,3035,2026-05-12
統一嘉義,199.5,40,0,5858,3035,2026-05-12
統一嘉義,196.5,500,1000,5858,3035,2026-05-12
統一嘉義,193.5,0,1000,5858,3035,2026-05-12
統一嘉義,192.5,1000,0,5858,3035,2026-05-12
統一嘉義,208.5,0,1000,5858,3035,2026-05-12
統一中壢,197.5,1000,250,5853,3035,2026-05-12
統一台中,201.0,1000,0,5856,3035,2026-05-12
統一台中,198.0,0,1000,5856,3035,2026-05-12
統一中壢,202.5,1000,1000,5853,3035,2026-05-12
統一城中,188.5,0,1000,5854,3035,2026-05-12
統一城中,190.0,0,5000,5854,3035,2026-05-12
統一城中,192.0,1000,1400,5854,3035,2026-05-12
統一城中,193.0,0,2000,5854,3035,2026-05-12
統一城中,194.0,100,2000,5854,3035,2026-05-12
統一城中,195.0,2000,874,5854,3035,2026-05-12
統一城中,196.0,0,1000,5854,3035,2026-05-12
統一城中,197.0,2000,0,5854,3035,2026-05-12
統一城中,198.0,2000,1000,5854,3035,2026-05-12
統一城中,199.0,2000,0,5854,3035,2026-05-12
統一城中,200.0,0,1000,5854,3035,2026-05-12
統一城中,201.0,1000,4000,5854,3035,2026-05-12
統一城中,202.5,0,1000,5854,3035,2026-05-12
統一城中,204.5,0,1000,5854,3035,2026-05-12
統一城中,207.0,1000,0,5854,3035,2026-05-12
統一城中,208.5,3000,0,5854,3035,2026-05-12
統一台中,196.0,1000,0,5856,3035,2026-05-12
統一台中,195.0,1143,1000,5856,3035,2026-05-12
統一台中,193.0,2000,2000,5856,3035,2026-05-12
統一台中,192.0,1000,0,5856,3035,2026-05-12
統一台中,190.0,20,25,5856,3035,2026-05-12
統一台中,189.0,500,0,5856,3035,2026-05-12
統一台中,200.0,2000,0,5856,3035,2026-05-12
統一台中,188.0,1200,0,5856,3035,2026-05-12
統一台南,207.0,0,10000,5855,3035,2026-05-12
統一台南,202.5,3000,0,5855,3035,2026-05-12
統一台南,197.5,3000,0,5855,3035,2026-05-12
統一台南,193.0,3000,0,5855,3035,2026-05-12
統一台南,191.5,0,1000,5855,3035,2026-05-12
統一台南,189.5,0,100,5855,3035,2026-05-12
統一台南,209.5,18,0,5855,3035,2026-05-12
永興,193.0,1000,0,5600,3035,2026-05-12
永興,189.0,1000,0,5600,3035,2026-05-12
寶盛,194.5,1000,0,5460,3035,2026-05-12
第一忠孝,194.5,1000,1000,538D,3035,2026-05-12
第一忠孝,197.5,2000,0,538D,3035,2026-05-12
第一忠孝,199.5,1000,2000,538D,3035,2026-05-12
第一忠孝,202.0,1000,0,538D,3035,2026-05-12
第一忠孝,206.0,0,2000,538D,3035,2026-05-12
第一自由,188.5,100,0,538E,3035,2026-05-12
第一自由,189.5,1000,1000,538E,3035,2026-05-12
第一自由,190.5,0,1000,538E,3035,2026-05-12
第一自由,192.0,200,0,538E,3035,2026-05-12
第一自由,193.0,0,1000,538E,3035,2026-05-12
第一自由,194.0,50130,0,538E,3035,2026-05-12
第一自由,195.0,300,0,538E,3035,2026-05-12
第一自由,197.0,125,0,538E,3035,2026-05-12
第一自由,198.0,120,73,538E,3035,2026-05-12
第一自由,199.0,2150,200,538E,3035,2026-05-12
第一自由,201.0,0,1000,538E,3035,2026-05-12
第一自由,202.5,6000,0,538E,3035,2026-05-12
第一頭份,196.5,1000,0,538I,3035,2026-05-12
第一頭份,194.0,5250,1000,538I,3035,2026-05-12
第一頭份,192.5,0,1000,538I,3035,2026-05-12
第一頭份,191.0,10000,0,538I,3035,2026-05-12
第一頭份,188.0,1000,0,538I,3035,2026-05-12
第一稻埕,207.5,500,0,538F,3035,2026-05-12
第一忠孝,193.5,4000,1000,538D,3035,2026-05-12
第一稻埕,204.5,0,1000,538F,3035,2026-05-12
第一稻埕,197.0,1000,0,538F,3035,2026-05-12
第一稻埕,194.0,1200,200,538F,3035,2026-05-12
第一稻埕,192.5,1000,0,538F,3035,2026-05-12
第一自由,210.0,0,22,538E,3035,2026-05-12
第一自由,209.0,0,1000,538E,3035,2026-05-12
第一自由,203.5,0,100,538E,3035,2026-05-12
第一稻埕,200.0,0,500,538F,3035,2026-05-12
第一頭份,199.5,1000,0,538I,3035,2026-05-12
第一忠孝,192.0,2030,1000,538D,3035,2026-05-12
第一忠孝,187.5,1000,0,538D,3035,2026-05-12
第一新興,193.0,1100,1000,538A,3035,2026-05-12
第一新興,195.0,1000,1000,538A,3035,2026-05-12
第一新興,197.0,1000,1000,538A,3035,2026-05-12
第一新興,198.5,1400,0,538A,3035,2026-05-12
第一新興,200.5,2000,0,538A,3035,2026-05-12
第一新興,202.5,0,1000,538A,3035,2026-05-12
第一新興,204.0,0,1000,538A,3035,2026-05-12
第一新興,208.5,0,1000,538A,3035,2026-05-12
第一新竹,189.0,400,0,538B,3035,2026-05-12
第一新竹,190.0,1000,1,538B,3035,2026-05-12
第一新竹,192.0,50,0,538B,3035,2026-05-12
第一新竹,193.0,50,0,538B,3035,2026-05-12
第一新竹,194.0,7000,0,538B,3035,2026-05-12
第一新竹,195.0,5000,0,538B,3035,2026-05-12
第一新竹,198.5,1000,1000,538B,3035,2026-05-12
第一新竹,199.5,1050,0,538B,3035,2026-05-12
第一新竹,200.5,1000,0,538B,3035,2026-05-12
第一光復,208.0,3200,0,538C,3035,2026-05-12
第一光復,201.0,0,1000,538C,3035,2026-05-12
第一光復,200.0,100,0,538C,3035,2026-05-12
第一光復,198.0,0,2000,538C,3035,2026-05-12
第一光復,195.5,2000,1000,538C,3035,2026-05-12
第一光復,194.0,1000,0,538C,3035,2026-05-12
第一忠孝,191.0,12,0,538D,3035,2026-05-12
第一光復,193.0,1000,100,538C,3035,2026-05-12
第一光復,191.0,20,0,538C,3035,2026-05-12
第一光復,190.0,0,1000,538C,3035,2026-05-12
第一光復,188.5,2000,0,538C,3035,2026-05-12
第一新竹,210.0,0,36,538B,3035,2026-05-12
第一新竹,204.0,200,0,538B,3035,2026-05-12
第一新竹,202.5,0,1000,538B,3035,2026-05-12
第一光復,192.0,0,3000,538C,3035,2026-05-12
第一頭份,204.5,1000,0,538I,3035,2026-05-12
第一頭份,208.5,0,13000,538I,3035,2026-05-12
第一安和,189.5,1000,0,538j,3035,2026-05-12
第一路竹,198.5,1050,60,538P,3035,2026-05-12
第一路竹,200.0,100,1000,538P,3035,2026-05-12
第一路竹,201.0,0,1000,538P,3035,2026-05-12
第一路竹,202.5,0,11000,538P,3035,2026-05-12
第一路竹,204.0,3000,1000,538P,3035,2026-05-12
第一路竹,208.5,0,1000,538P,3035,2026-05-12
第一華江,187.5,1000,0,538W,3035,2026-05-12
第一華江,189.0,0,1000,538W,3035,2026-05-12
第一華江,190.0,0,50,538W,3035,2026-05-12
第一華江,192.0,1000,3000,538W,3035,2026-05-12
第一華江,193.0,4000,0,538W,3035,2026-05-12
第一華江,194.0,11000,1000,538W,3035,2026-05-12
第一華江,195.0,1100,0,538W,3035,2026-05-12
第一華江,196.0,11000,0,538W,3035,2026-05-12
第一華江,197.0,5000,7600,538W,3035,2026-05-12
第一華江,198.0,0,150,538W,3035,2026-05-12
第一華江,199.0,1000,0,538W,3035,2026-05-12
第一中壢,208.5,33000,1000,538Y,3035,2026-05-12
第一中壢,202.5,1000,0,538Y,3035,2026-05-12
第一中壢,200.5,1000,5000,538Y,3035,2026-05-12
第一中壢,198.5,2000,0,538Y,3035,2026-05-12
第一中壢,197.0,1000,0,538Y,3035,2026-05-12
第一中壢,194.5,1000,0,538Y,3035,2026-05-12
第一路竹,197.0,0,10000,538P,3035,2026-05-12
第一中壢,192.5,2000,0,538Y,3035,2026-05-12
第一中壢,189.5,5,1000,538Y,3035,2026-05-12
第一華江,209.5,100,0,538W,3035,2026-05-12
第一華江,208.0,0,1000,538W,3035,2026-05-12
第一華江,204.0,0,1000,538W,3035,2026-05-12
第一華江,202.0,0,3000,538W,3035,2026-05-12
第一華江,200.5,1000,1000,538W,3035,2026-05-12
第一中壢,191.5,0,1000,538Y,3035,2026-05-12
第一路竹,196.0,0,5000,538P,3035,2026-05-12
第一路竹,194.5,1000,1000,538P,3035,2026-05-12
第一路竹,193.5,10000,2059,538P,3035,2026-05-12
第一嘉義,199.5,1000,0,538M,3035,2026-05-12
第一嘉義,197.5,0,200,538M,3035,2026-05-12
第一嘉義,196.0,1000,0,538M,3035,2026-05-12
第一嘉義,194.5,1000,0,538M,3035,2026-05-12
第一嘉義,193.0,1000,0,538M,3035,2026-05-12
第一嘉義,190.0,2000,0,538M,3035,2026-05-12
第一嘉義,201.0,1000,0,538M,3035,2026-05-12
第一嘉義,188.5,2000,0,538M,3035,2026-05-12
第一安和,204.5,1000,0,538j,3035,2026-05-12
第一安和,200.0,0,1000,538j,3035,2026-05-12
第一安和,196.5,1000,0,538j,3035,2026-05-12
第一安和,194.0,3000,3000,538j,3035,2026-05-12
第一安和,192.5,3006,0,538j,3035,2026-05-12
第一安和,191.5,1000,0,538j,3035,2026-05-12
第一安和,208.0,0,1000,538j,3035,2026-05-12
第一新興,189.5,105,0,538A,3035,2026-05-12
第一嘉義,202.5,1000,0,538M,3035,2026-05-12
第一嘉義,208.5,1000,1000,538M,3035,2026-05-12
第一路竹,192.5,5020,0,538P,3035,2026-05-12
第一路竹,191.5,0,1000,538P,3035,2026-05-12
第一路竹,190.0,2000,0,538P,3035,2026-05-12
第一路竹,188.0,0,1000,538P,3035,2026-05-12
第一豐原,208.5,0,25,538N,3035,2026-05-12
第一豐原,206.5,1000,0,538N,3035,2026-05-12
第一嘉義,205.0,0,1000,538M,3035,2026-05-12
第一豐原,204.0,0,1000,538N,3035,2026-05-12
第一豐原,198.0,1000,0,538N,3035,2026-05-12
第一豐原,196.5,1000,0,538N,3035,2026-05-12
第一豐原,195.5,0,100,538N,3035,2026-05-12
第一豐原,193.5,2000,2000,538N,3035,2026-05-12
第一豐原,192.5,2000,0,538N,3035,2026-05-12
第一豐原,189.5,1020,0,538N,3035,2026-05-12
第一豐原,200.5,3000,10000,538N,3035,2026-05-12
統一屏東,207.5,0,5,5859,3035,2026-05-12
花旗環球,207.5,6000,0,1590,3035,2026-05-12
花旗環球,200.5,4000,0,1590,3035,2026-05-12
土銀花蓮,199.0,25,0,1037,3035,2026-05-12
土銀和平,191.5,2000,0,1038,3035,2026-05-12
土銀和平,194.0,1000,0,1038,3035,2026-05-12
土銀和平,208.5,0,3000,1038,3035,2026-05-12
土銀士林,200.0,0,1000,1039,3035,2026-05-12
土銀建國,190.0,0,1000,103A,3035,2026-05-12
土銀建國,191.5,0,1000,103A,3035,2026-05-12
土銀建國,194.0,1000,0,103A,3035,2026-05-12
土銀建國,196.0,1000,0,103A,3035,2026-05-12
土銀建國,199.5,10000,0,103A,3035,2026-05-12
土銀彰化,190.5,2000,0,103B,3035,2026-05-12
土銀彰化,192.5,200,0,103B,3035,2026-05-12
土銀彰化,193.5,2050,0,103B,3035,2026-05-12
土銀彰化,197.0,0,3000,103B,3035,2026-05-12
土銀彰化,199.0,0,40,103B,3035,2026-05-12
土銀彰化,208.5,100,0,103B,3035,2026-05-12
土銀白河,194.0,1000,0,103C,3035,2026-05-12
臺銀,198.0,6000,3000,1040,3035,2026-05-12
臺銀,197.0,0,1000,1040,3035,2026-05-12
臺銀,196.0,1000,41000,1040,3035,2026-05-12
臺銀,195.0,3015,1000,1040,3035,2026-05-12
臺銀,194.0,7328,1000,1040,3035,2026-05-12
臺銀,193.0,8001,4000,1040,3035,2026-05-12
土銀花蓮,196.5,0,1000,1037,3035,2026-05-12
臺銀,191.5,5000,0,1040,3035,2026-05-12
臺銀,189.0,53000,0,1040,3035,2026-05-12
臺銀,188.0,6,0,1040,3035,2026-05-12
土銀南港,210.0,0,50,103F,3035,2026-05-12
土銀南港,207.5,10,0,103F,3035,2026-05-12
土銀南港,198.5,5,0,103F,3035,2026-05-12
土銀南港,192.5,1000,0,103F,3035,2026-05-12
臺銀,190.5,1000,0,1040,3035,2026-05-12
臺銀,199.0,1000,2000,1040,3035,2026-05-12
土銀花蓮,194.5,0,100,1037,3035,2026-05-12
土銀玉里,193.5,1000,0,1036,3035,2026-05-12
土銀,198.0,300,0,1030,3035,2026-05-12
土銀,204.0,300,1000,1030,3035,2026-05-12
土銀,207.5,0,1000,1030,3035,2026-05-12
土銀,209.5,10,0,1030,3035,2026-05-12
土銀台中,188.5,1000,0,1031,3035,2026-05-12
土銀台中,196.5,1000,0,1031,3035,2026-05-12
土銀台中,199.0,0,20,1031,3035,2026-05-12
土銀台中,200.5,1000,0,1031,3035,2026-05-12
土銀台中,205.0,0,1000,1031,3035,2026-05-12
土銀台南,198.0,0,1000,1032,3035,2026-05-12
土銀台南,202.5,50,0,1032,3035,2026-05-12
土銀高雄,191.5,0,1000,1033,3035,2026-05-12
土銀高雄,194.0,0,1000,1033,3035,2026-05-12
土銀高雄,201.0,500,0,1033,3035,2026-05-12
土銀嘉義,189.5,2050,0,1034,3035,2026-05-12
土銀嘉義,192.5,100,0,1034,3035,2026-05-12
土銀嘉義,193.5,1000,0,1034,3035,2026-05-12
土銀玉里,191.0,2000,0,1036,3035,2026-05-12
土銀新竹,207.5,0,1000,1035,3035,2026-05-12
土銀新竹,203.0,0,1000,1035,3035,2026-05-12
土銀新竹,200.5,0,1000,1035,3035,2026-05-12
土銀新竹,198.0,1000,1000,1035,3035,2026-05-12
土銀新竹,194.0,2000,3000,1035,3035,2026-05-12
土銀花蓮,189.0,430,0,1037,3035,2026-05-12
土銀新竹,193.0,0,1000,1035,3035,2026-05-12
土銀嘉義,209.0,1000,0,1034,3035,2026-05-12
土銀嘉義,206.5,1000,0,1034,3035,2026-05-12
土銀嘉義,203.5,1000,0,1034,3035,2026-05-12
土銀嘉義,200.0,0,3000,1034,3035,2026-05-12
土銀嘉義,198.5,0,1000,1034,3035,2026-05-12
土銀嘉義,195.5,50,0,1034,3035,2026-05-12
土銀新竹,191.5,1000,1000,1035,3035,2026-05-12
土銀,196.5,1000,0,1030,3035,2026-05-12
臺銀,200.5,7000,3000,1040,3035,2026-05-12
臺銀,203.0,2050,1000,1040,3035,2026-05-12
臺銀新竹,191.5,0,1000,1045,3035,2026-05-12
臺銀新竹,192.5,1000,1100,1045,3035,2026-05-12
臺銀新竹,193.5,1000,1200,1045,3035,2026-05-12
臺銀新竹,194.5,3000,10100,1045,3035,2026-05-12
臺銀新竹,195.5,60,2100,1045,3035,2026-05-12
臺銀新竹,196.5,2000,0,1045,3035,2026-05-12
臺銀新竹,198.5,2000,200,1045,3035,2026-05-12
臺銀新竹,199.5,0,2000,1045,3035,2026-05-12
臺銀新竹,200.5,6000,0,1045,3035,2026-05-12
臺銀新竹,202.0,200,1000,1045,3035,2026-05-12
臺銀新竹,204.5,0,2000,1045,3035,2026-05-12
臺銀新竹,208.5,200,2000,1045,3035,2026-05-12
臺銀臺中,188.5,1000,2000,104A,3035,2026-05-12
臺銀臺中,189.5,3000,3000,104A,3035,2026-05-12
臺銀臺中,191.0,1000,0,104A,3035,2026-05-12
臺銀臺中,193.0,50,5000,104A,3035,2026-05-12
臺銀臺中,194.0,4100,4820,104A,3035,2026-05-12
臺銀高雄,188.0,3500,0,104C,3035,2026-05-12
臺銀臺中,210.5,0,6,104A,3035,2026-05-12
臺銀臺中,209.5,1000,200,104A,3035,2026-05-12
臺銀臺中,208.5,1010,2000,104A,3035,2026-05-12
臺銀臺中,207.0,1000,0,104A,3035,2026-05-12
臺銀臺中,204.5,1000,0,104A,3035,2026-05-12
臺銀新竹,190.0,41,3000,1045,3035,2026-05-12
臺銀臺中,202.5,100,2000,104A,3035,2026-05-12
臺銀臺中,200.0,0,1000,104A,3035,2026-05-12
臺銀臺中,199.0,80,0,104A,3035,2026-05-12
臺銀臺中,198.0,3100,2075,104A,3035,2026-05-12
臺銀臺中,197.0,1000,1000,104A,3035,2026-05-12
臺銀臺中,196.0,3000,0,104A,3035,2026-05-12
臺銀臺中,195.0,7060,1000,104A,3035,2026-05-12
臺銀臺中,201.5,1000,200,104A,3035,2026-05-12
臺銀,202.0,2000,3500,1040,3035,2026-05-12
臺銀新竹,189.0,2121,2000,1045,3035,2026-05-12
臺銀民權,209.0,1050,0,1043,3035,2026-05-12
臺銀,206.0,1000,0,1040,3035,2026-05-12
臺銀,207.5,1000,0,1040,3035,2026-05-12
臺銀,208.5,0,13000,1040,3035,2026-05-12
臺銀,209.5,92,0,1040,3035,2026-05-12
臺銀臺南,188.0,11,0,1042,3035,2026-05-12
臺銀臺南,189.0,0,3000,1042,3035,2026-05-12
臺銀臺南,190.0,1120,0,1042,3035,2026-05-12
臺銀臺南,192.0,2000,0,1042,3035,2026-05-12
臺銀臺南,194.0,5000,300,1042,3035,2026-05-12
臺銀臺南,195.0,0,100,1042,3035,2026-05-12
臺銀臺南,198.5,1000,1000,1042,3035,2026-05-12
臺銀臺南,200.0,0,2000,1042,3035,2026-05-12
臺銀臺南,202.0,0,1000,1042,3035,2026-05-12
臺銀臺南,205.0,0,2000,1042,3035,2026-05-12
臺銀臺南,207.5,1000,0,1042,3035,2026-05-12
臺銀臺南,208.5,3475,0,1042,3035,2026-05-12
臺銀臺南,209.5,20,1060,1042,3035,2026-05-12
臺銀民權,208.0,1000,3001,1043,3035,2026-05-12
臺銀民權,206.5,3000,0,1043,3035,2026-05-12
臺銀民權,204.0,0,2000,1043,3035,2026-05-12
臺銀民權,203.0,1000,0,1043,3035,2026-05-12
臺銀民權,199.5,3000,0,1043,3035,2026-05-12
臺銀民權,198.0,1000,60,1043,3035,2026-05-12
臺銀民權,210.5,0,10,1043,3035,2026-05-12
臺銀民權,197.0,1000,0,1043,3035,2026-05-12
臺銀民權,194.0,4000,1000,1043,3035,2026-05-12
臺銀民權,193.0,1000,0,1043,3035,2026-05-12
臺銀民權,192.0,2000,0,1043,3035,2026-05-12
臺銀民權,190.5,0,23000,1043,3035,2026-05-12
臺銀民權,189.5,25,1000,1043,3035,2026-05-12
臺銀民權,188.0,20,0,1043,3035,2026-05-12
臺銀民權,195.0,1000,0,1043,3035,2026-05-12
土銀,194.0,530,0,1030,3035,2026-05-12
土銀,192.0,0,1000,1030,3035,2026-05-12
土銀,191.0,30,0,1030,3035,2026-05-12
合庫高雄,189.0,1250,0,1023,3035,2026-05-12
合庫高雄,190.5,100,0,1023,3035,2026-05-12
合庫高雄,192.5,3000,1000,1023,3035,2026-05-12
合庫高雄,193.5,5000,7000,1023,3035,2026-05-12
合庫高雄,194.5,1000,0,1023,3035,2026-05-12
合庫高雄,196.0,0,1000,1023,3035,2026-05-12
合庫高雄,199.0,0,1000,1023,3035,2026-05-12
合庫高雄,201.0,1000,0,1023,3035,2026-05-12
合庫高雄,202.5,2000,1000,1023,3035,2026-05-12
合庫高雄,204.0,0,2000,1023,3035,2026-05-12
合庫嘉義,188.5,0,9000,1024,3035,2026-05-12
合庫嘉義,191.5,10000,1000,1024,3035,2026-05-12
合庫嘉義,192.5,1000,0,1024,3035,2026-05-12
合庫嘉義,193.5,100,0,1024,3035,2026-05-12
合庫嘉義,194.5,2000,2000,1024,3035,2026-05-12
合庫嘉義,196.0,1000,0,1024,3035,2026-05-12
合庫嘉義,198.0,0,1000,1024,3035,2026-05-12
合庫彰化,192.0,1000,0,1028,3035,2026-05-12
合庫基隆,208.5,3000,0,1025,3035,2026-05-12
合庫基隆,202.5,2000,1000,1025,3035,2026-05-12
合庫基隆,200.0,0,50,1025,3035,2026-05-12
合庫基隆,196.0,3000,0,1025,3035,2026-05-12
合庫基隆,194.0,1000,100,1025,3035,2026-05-12
合庫台南,209.5,5000,0,1022,3035,2026-05-12
合庫基隆,192.0,200,10,1025,3035,2026-05-12
合庫基隆,189.0,1250,0,1025,3035,2026-05-12
合庫嘉義,210.0,20,40,1024,3035,2026-05-12
合庫嘉義,207.0,2000,0,1024,3035,2026-05-12
合庫嘉義,202.0,0,100,1024,3035,2026-05-12
合庫嘉義,200.5,1000,0,1024,3035,2026-05-12
合庫嘉義,199.0,0,10000,1024,3035,2026-05-12
合庫基隆,191.0,0,1000,1025,3035,2026-05-12
合庫彰化,194.0,1100,0,1028,3035,2026-05-12
合庫台南,207.5,300,0,1022,3035,2026-05-12
合庫台南,200.5,0,500,1022,3035,2026-05-12
凱基大安,202.0,0,1000,9291,3035,2026-05-12
合庫,191.5,0,4000,1020,3035,2026-05-12
合庫,192.5,5100,155,1020,3035,2026-05-12
合庫,193.5,1025,0,1020,3035,2026-05-12
合庫,194.5,1000,5000,1020,3035,2026-05-12
合庫,195.5,0,1000,1020,3035,2026-05-12
合庫,198.5,0,6,1020,3035,2026-05-12
合庫,201.0,0,7000,1020,3035,2026-05-12
合庫,202.0,1000,1000,1020,3035,2026-05-12
合庫,208.0,2000,0,1020,3035,2026-05-12
合庫,209.0,0,1000,1020,3035,2026-05-12
合庫台中,188.0,1000,0,1021,3035,2026-05-12
合庫台中,189.0,2000,2000,1021,3035,2026-05-12
合庫台中,190.0,1000,0,1021,3035,2026-05-12
合庫台中,193.0,1000,3000,1021,3035,2026-05-12
合庫台中,194.5,3050,0,1021,3035,2026-05-12
合庫台中,196.0,2000,0,1021,3035,2026-05-12
合庫台南,199.5,100,0,1022,3035,2026-05-12
合庫台南,196.0,0,100,1022,3035,2026-05-12
合庫台南,195.0,1000,0,1022,3035,2026-05-12
合庫台南,193.0,0,1000,1022,3035,2026-05-12
合庫台南,192.0,0,2000,1022,3035,2026-05-12
合庫台南,190.0,1000,0,1022,3035,2026-05-12
合庫台南,205.0,0,1000,1022,3035,2026-05-12
合庫台南,188.5,1000,0,1022,3035,2026-05-12
合庫台中,206.5,1086,0,1021,3035,2026-05-12
合庫台中,202.0,5000,1000,1021,3035,2026-05-12
合庫台中,201.0,3000,1000,1021,3035,2026-05-12
合庫台中,200.0,0,6500,1021,3035,2026-05-12
合庫台中,199.0,1000,0,1021,3035,2026-05-12
合庫台中,198.0,1000,1000,1021,3035,2026-05-12
合庫台中,209.0,300,0,1021,3035,2026-05-12
合庫彰化,195.0,1000,0,1028,3035,2026-05-12
合庫彰化,198.0,1000,0,1028,3035,2026-05-12
合庫彰化,200.0,0,1000,1028,3035,2026-05-12
合庫桃園,193.0,1000,500,102E,3035,2026-05-12
合庫桃園,194.0,0,1100,102E,3035,2026-05-12
合庫桃園,196.0,1000,0,102E,3035,2026-05-12
合庫桃園,197.5,1000,0,102E,3035,2026-05-12
合庫桃園,198.5,2000,0,102E,3035,2026-05-12
合庫桃園,199.5,1000,0,102E,3035,2026-05-12
合庫桃園,200.5,1000,0,102E,3035,2026-05-12
合庫桃園,201.5,0,1000,102E,3035,2026-05-12
合庫桃園,208.0,0,1100,102E,3035,2026-05-12
合庫桃園,209.5,200,0,102E,3035,2026-05-12
合庫西台,188.0,1000,1000,102F,3035,2026-05-12
合庫西台,190.0,0,1000,102F,3035,2026-05-12
合庫西台,193.0,3000,0,102F,3035,2026-05-12
合庫西台,194.0,2000,2000,102F,3035,2026-05-12
合庫西台,195.5,2000,0,102F,3035,2026-05-12
合庫西台,200.5,5000,700,102F,3035,2026-05-12
合庫西台,202.5,100,0,102F,3035,2026-05-12
土銀,189.5,0,100,1030,3035,2026-05-12
合庫三重,208.5,0,1000,102G,3035,2026-05-12
合庫三重,206.5,1000,0,102G,3035,2026-05-12
合庫三重,201.0,1000,1000,102G,3035,2026-05-12
合庫三重,196.5,1000,0,102G,3035,2026-05-12
合庫三重,195.5,6000,0,102G,3035,2026-05-12
合庫桃園,191.5,0,100,102E,3035,2026-05-12
合庫三重,194.5,2000,0,102G,3035,2026-05-12
合庫三重,191.0,1000,0,102G,3035,2026-05-12
合庫三重,189.5,1000,0,102G,3035,2026-05-12
合庫三重,188.0,6000,0,102G,3035,2026-05-12
合庫西台,208.5,0,3000,102F,3035,2026-05-12
合庫西台,206.0,1000,0,102F,3035,2026-05-12
合庫西台,204.5,0,2000,102F,3035,2026-05-12
合庫三重,193.0,1000,0,102G,3035,2026-05-12
合庫自強,210.0,70,0,102C,3035,2026-05-12
合庫自強,206.0,0,2000,102C,3035,2026-05-12
合庫自強,202.5,1000,1000,102C,3035,2026-05-12
合庫新竹,192.0,2250,0,102A,3035,2026-05-12
合庫新竹,190.5,3000,0,102A,3035,2026-05-12
合庫新竹,189.0,1000,0,102A,3035,2026-05-12
合庫鳳山,203.0,0,1000,1029,3035,2026-05-12
合庫鳳山,202.0,1200,150,1029,3035,2026-05-12
合庫鳳山,195.0,100,0,1029,3035,2026-05-12
合庫新竹,193.0,2100,0,102A,3035,2026-05-12
合庫鳳山,194.0,0,400,1029,3035,2026-05-12
合庫鳳山,189.5,0,100,1029,3035,2026-05-12
合庫鳳山,188.0,1000,0,1029,3035,2026-05-12
合庫彰化,208.5,1000,0,1028,3035,2026-05-12
合庫彰化,207.5,1000,0,1028,3035,2026-05-12
合庫彰化,205.0,100,0,1028,3035,2026-05-12
合庫彰化,201.0,1000,1000,1028,3035,2026-05-12
合庫鳳山,193.0,1000,300,1029,3035,2026-05-12
臺銀高雄,189.0,8162,17,104C,3035,2026-05-12
合庫新竹,195.0,1000,6,102A,3035,2026-05-12
合庫新竹,200.5,1000,0,102A,3035,2026-05-12
合庫自強,201.5,0,1000,102C,3035,2026-05-12
合庫自強,200.5,2000,0,102C,3035,2026-05-12
合庫自強,199.0,1000,1000,102C,3035,2026-05-12
合庫自強,198.0,0,100,102C,3035,2026-05-12
合庫自強,196.5,1000,0,102C,3035,2026-05-12
合庫自強,195.5,0,1000,102C,3035,2026-05-12
合庫新竹,197.5,2000,0,102A,3035,2026-05-12
合庫自強,194.5,0,3000,102C,3035,2026-05-12
合庫自強,192.0,6000,0,102C,3035,2026-05-12
合庫自強,191.0,1000,0,102C,3035,2026-05-12
合庫自強,189.5,1000,0,102C,3035,2026-05-12
合庫自強,188.5,3000,0,102C,3035,2026-05-12
合庫新竹,205.5,0,1000,102A,3035,2026-05-12
合庫新竹,203.0,0,1000,102A,3035,2026-05-12
合庫自強,193.5,0,1122,102C,3035,2026-05-12
花旗環球,202.0,9000,0,1590,3035,2026-05-12
臺銀高雄,190.0,2005,41000,104C,3035,2026-05-12
臺銀高雄,192.0,1100,3000,104C,3035,2026-05-12
宏遠高雄,189.0,1000,6000,126Q,3035,2026-05-12
宏遠高雄,193.5,12000,0,126Q,3035,2026-05-12
宏遠高雄,197.0,0,1000,126Q,3035,2026-05-12
宏遠高雄,198.5,2000,0,126Q,3035,2026-05-12
宏遠高雄,200.5,2000,12000,126Q,3035,2026-05-12
宏遠高雄,201.5,1000,0,126Q,3035,2026-05-12
宏遠高雄,207.0,25000,0,126Q,3035,2026-05-12
宏遠高雄,210.0,0,1000,126Q,3035,2026-05-12
宏遠館前,189.5,1000,0,126U,3035,2026-05-12
宏遠館前,191.5,3000,0,126U,3035,2026-05-12
宏遠館前,195.0,0,1000,126U,3035,2026-05-12
宏遠館前,198.0,100,250,126U,3035,2026-05-12
宏遠館前,202.0,0,2000,126U,3035,2026-05-12
宏遠新化,194.0,1000,1000,126X,3035,2026-05-12
宏遠新化,200.0,1000,50,126X,3035,2026-05-12
宏遠新化,202.5,0,1000,126X,3035,2026-05-12
宏遠新化,203.5,0,2000,126X,3035,2026-05-12
美林,198.5,2000,29000,1440,3035,2026-05-12
美林,197.5,2000,5000,1440,3035,2026-05-12
美林,196.5,0,33000,1440,3035,2026-05-12
美林,195.5,0,7000,1440,3035,2026-05-12
美林,194.5,7000,38000,1440,3035,2026-05-12
美林,193.5,31000,18000,1440,3035,2026-05-12
宏遠台中,205.0,0,1000,126L,3035,2026-05-12
美林,192.5,51000,4000,1440,3035,2026-05-12
美林,190.5,2000,30000,1440,3035,2026-05-12
美林,189.5,0,11000,1440,3035,2026-05-12
美林,188.5,2000,3000,1440,3035,2026-05-12
港麥格理,201.0,22000,0,1360,3035,2026-05-12
宏遠新化,208.5,0,3000,126X,3035,2026-05-12
宏遠新化,207.0,100,0,126X,3035,2026-05-12
美林,191.5,22000,12000,1440,3035,2026-05-12
美林,199.5,2000,4000,1440,3035,2026-05-12
宏遠台中,201.0,0,1000,126L,3035,2026-05-12
宏遠台中,196.5,1000,0,126L,3035,2026-05-12
宏遠桃園,191.5,10000,0,1262,3035,2026-05-12
宏遠桃園,193.0,1000,0,1262,3035,2026-05-12
宏遠桃園,194.0,0,1000,1262,3035,2026-05-12
宏遠桃園,200.0,0,1000,1262,3035,2026-05-12
宏遠桃園,209.0,0,1000,1262,3035,2026-05-12
宏遠台南,192.0,0,200,126D,3035,2026-05-12
宏遠台南,193.5,2000,0,126D,3035,2026-05-12
宏遠台南,198.5,5000,0,126D,3035,2026-05-12
宏遠台南,201.0,0,1000,126D,3035,2026-05-12
宏遠台南,207.5,1000,0,126D,3035,2026-05-12
宏遠台南,209.5,1000,0,126D,3035,2026-05-12
宏遠中和,191.0,1000,3000,126H,3035,2026-05-12
宏遠中和,192.0,1000,1000,126H,3035,2026-05-12
宏遠中和,193.0,1000,0,126H,3035,2026-05-12
宏遠中和,194.5,1000,0,126H,3035,2026-05-12
宏遠中和,198.0,0,1000,126H,3035,2026-05-12
宏遠中和,199.5,0,1000,126H,3035,2026-05-12
宏遠台中,194.0,0,1000,126L,3035,2026-05-12
宏遠台中,191.5,0,2000,126L,3035,2026-05-12
宏遠台中,189.5,0,400,126L,3035,2026-05-12
宏遠光隆,208.5,1000,1000,126i,3035,2026-05-12
宏遠光隆,201.5,0,1000,126i,3035,2026-05-12
宏遠光隆,199.0,0,5000,126i,3035,2026-05-12
宏遠台中,199.0,0,1000,126L,3035,2026-05-12
宏遠光隆,195.0,0,2000,126i,3035,2026-05-12
宏遠光隆,192.5,2000,0,126i,3035,2026-05-12
宏遠光隆,190.0,0,3000,126i,3035,2026-05-12
宏遠光隆,189.0,0,4000,126i,3035,2026-05-12
宏遠中和,210.0,1000,3000,126H,3035,2026-05-12
宏遠中和,208.0,0,300,126H,3035,2026-05-12
宏遠中和,203.5,300,0,126H,3035,2026-05-12
宏遠光隆,193.5,1000,0,126i,3035,2026-05-12
宏遠桃園,189.5,0,2000,1262,3035,2026-05-12
美林,200.5,3000,1000,1440,3035,2026-05-12
美林,203.5,0,2000,1440,3035,2026-05-12
美商高盛,196.5,63000,142000,1480,3035,2026-05-12
美商高盛,197.5,76000,114000,1480,3035,2026-05-12
美商高盛,198.5,4000,78000,1480,3035,2026-05-12
美商高盛,199.5,12000,31000,1480,3035,2026-05-12
美商高盛,200.5,0,161000,1480,3035,2026-05-12
美商高盛,201.5,123000,14000,1480,3035,2026-05-12
美商高盛,202.5,2000,29000,1480,3035,2026-05-12
美商高盛,203.5,36000,2000,1480,3035,2026-05-12
美商高盛,204.5,0,3000,1480,3035,2026-05-12
美商高盛,206.5,1000,0,1480,3035,2026-05-12
美商高盛,207.5,1000,3000,1480,3035,2026-05-12
美商高盛,208.5,2000,70000,1480,3035,2026-05-12
美商高盛,209.5,0,50000,1480,3035,2026-05-12
美商高盛,210.5,0,10000,1480,3035,2026-05-12
港商野村,189.0,22000,30000,1560,3035,2026-05-12
港商野村,190.0,1000,87000,1560,3035,2026-05-12
港商野村,191.5,1000,1000,1560,3035,2026-05-12
花旗環球,199.5,14000,0,1590,3035,2026-05-12
花旗環球,198.5,44000,0,1590,3035,2026-05-12
花旗環球,197.5,10000,0,1590,3035,2026-05-12
港商野村,208.5,0,2000,1560,3035,2026-05-12
港商野村,204.5,0,1000,1560,3035,2026-05-12
港商野村,201.0,0,1000,1560,3035,2026-05-12
美商高盛,195.5,37000,71000,1480,3035,2026-05-12
港商野村,199.5,0,1000,1560,3035,2026-05-12
港商野村,197.5,1000,1000,1560,3035,2026-05-12
港商野村,196.5,3000,1000,1560,3035,2026-05-12
港商野村,195.5,1000,73000,1560,3035,2026-05-12
港商野村,194.5,1000,0,1560,3035,2026-05-12
港商野村,193.5,22000,3000,1560,3035,2026-05-12
港商野村,192.5,27000,57000,1560,3035,2026-05-12
港商野村,198.5,0,1000,1560,3035,2026-05-12
美林,202.0,4000,3000,1440,3035,2026-05-12
美商高盛,194.5,27000,91000,1480,3035,2026-05-12
美商高盛,192.5,67000,23000,1480,3035,2026-05-12
美林,204.5,0,1000,1440,3035,2026-05-12
美林,206.0,3000,1000,1440,3035,2026-05-12
美林,207.0,0,1000,1440,3035,2026-05-12
美林,208.0,0,26000,1440,3035,2026-05-12
美林,209.0,2000,34000,1440,3035,2026-05-12
美林,210.0,0,15000,1440,3035,2026-05-12
台灣摩根,187.5,1000,0,1470,3035,2026-05-12
台灣摩根,189.0,16000,151000,1470,3035,2026-05-12
台灣摩根,190.0,16000,0,1470,3035,2026-05-12
台灣摩根,191.0,1000,0,1470,3035,2026-05-12
台灣摩根,192.0,49000,0,1470,3035,2026-05-12
台灣摩根,193.0,1000,1000,1470,3035,2026-05-12
台灣摩根,194.0,26000,59000,1470,3035,2026-05-12
台灣摩根,195.0,54000,52000,1470,3035,2026-05-12
台灣摩根,196.0,0,13000,1470,3035,2026-05-12
台灣摩根,197.0,57000,10000,1470,3035,2026-05-12
台灣摩根,198.0,88000,0,1470,3035,2026-05-12
美商高盛,191.5,83000,4000,1480,3035,2026-05-12
美商高盛,190.5,56000,28000,1480,3035,2026-05-12
美商高盛,189.5,89000,50000,1480,3035,2026-05-12
美商高盛,188.5,76000,53000,1480,3035,2026-05-12
台灣摩根,209.5,0,22000,1470,3035,2026-05-12
台灣摩根,208.5,11000,63000,1470,3035,2026-05-12
美商高盛,193.5,205000,60000,1480,3035,2026-05-12
台灣摩根,207.5,1000,50000,1470,3035,2026-05-12
台灣摩根,204.5,0,23000,1470,3035,2026-05-12
台灣摩根,203.0,55000,0,1470,3035,2026-05-12
台灣摩根,202.0,9000,0,1470,3035,2026-05-12
台灣摩根,201.0,9000,8000,1470,3035,2026-05-12
台灣摩根,200.0,0,49000,1470,3035,2026-05-12
台灣摩根,199.0,9000,1000,1470,3035,2026-05-12
台灣摩根,206.5,7000,6000,1470,3035,2026-05-12
宏遠民生,209.0,0,1000,1261,3035,2026-05-12
宏遠民生,207.0,1000,0,1261,3035,2026-05-12
宏遠民生,200.0,1000,0,1261,3035,2026-05-12
企銀,193.5,0,10000,1110,3035,2026-05-12
企銀,202.5,100,0,1110,3035,2026-05-12
企銀,208.0,1100,0,1110,3035,2026-05-12
企銀台中,188.5,1000,0,1111,3035,2026-05-12
企銀台中,193.0,100,0,1111,3035,2026-05-12
企銀台中,195.5,10000,0,1111,3035,2026-05-12
企銀台中,206.0,0,1000,1111,3035,2026-05-12
企銀九如,188.0,1000,0,1113,3035,2026-05-12
企銀九如,189.5,1000,0,1113,3035,2026-05-12
企銀九如,191.5,0,5000,1113,3035,2026-05-12
企銀九如,193.0,1000,0,1113,3035,2026-05-12
企銀九如,194.0,1000,0,1113,3035,2026-05-12
企銀九如,195.0,1000,0,1113,3035,2026-05-12
企銀九如,197.0,1000,1000,1113,3035,2026-05-12
企銀九如,200.5,1000,0,1113,3035,2026-05-12
企銀九如,203.0,1000,0,1113,3035,2026-05-12
企銀九如,205.0,0,1000,1113,3035,2026-05-12
企銀竹北,191.5,0,3000,1117,3035,2026-05-12
企銀竹北,188.0,1000,0,1117,3035,2026-05-12
企銀屏東,194.5,0,4000,1116,3035,2026-05-12
企銀屏東,187.5,1000,0,1116,3035,2026-05-12
企銀太平,208.5,0,1000,1115,3035,2026-05-12
企銀太平,200.5,1000,0,1115,3035,2026-05-12
企銀,192.0,2000,0,1110,3035,2026-05-12
企銀太平,195.5,1000,100,1115,3035,2026-05-12
企銀太平,192.0,1000,0,1115,3035,2026-05-12
企銀太平,190.0,0,400,1115,3035,2026-05-12
企銀嘉義,195.0,0,1000,1114,3035,2026-05-12
企銀嘉義,191.0,5000,0,1114,3035,2026-05-12
企銀嘉義,188.5,5000,0,1114,3035,2026-05-12
企銀九如,208.0,0,1000,1113,3035,2026-05-12
企銀太平,194.5,1000,0,1115,3035,2026-05-12
企銀竹北,192.5,2000,0,1117,3035,2026-05-12
企銀,190.0,2000,0,1110,3035,2026-05-12
臺銀金山,210.5,2000,0,104D,3035,2026-05-12
臺銀高雄,193.0,5000,6050,104C,3035,2026-05-12
臺銀高雄,194.0,1700,6000,104C,3035,2026-05-12
臺銀高雄,195.0,5100,2000,104C,3035,2026-05-12
臺銀高雄,196.0,8000,0,104C,3035,2026-05-12
臺銀高雄,197.5,1100,1000,104C,3035,2026-05-12
臺銀高雄,198.5,1000,3000,104C,3035,2026-05-12
臺銀高雄,199.5,0,5000,104C,3035,2026-05-12
臺銀高雄,200.5,1000,0,104C,3035,2026-05-12
臺銀高雄,201.5,1000,0,104C,3035,2026-05-12
臺銀高雄,202.5,0,1000,104C,3035,2026-05-12
臺銀高雄,203.5,1000,0,104C,3035,2026-05-12
臺銀高雄,204.5,100,0,104C,3035,2026-05-12
臺銀高雄,207.0,0,1000,104C,3035,2026-05-12
臺銀高雄,208.0,3000,0,104C,3035,2026-05-12
臺銀高雄,209.0,0,1000,104C,3035,2026-05-12
臺銀高雄,210.0,550,5251,104C,3035,2026-05-12
臺銀金山,188.0,4000,0,104D,3035,2026-05-12
臺銀金山,209.5,0,10,104D,3035,2026-05-12
臺銀金山,208.5,1000,0,104D,3035,2026-05-12
臺銀金山,207.0,1000,0,104D,3035,2026-05-12
臺銀金山,203.0,0,3000,104D,3035,2026-05-12
臺銀金山,202.0,1000,0,104D,3035,2026-05-12
臺銀金山,200.5,1000,0,104D,3035,2026-05-12
企銀,189.0,6000,0,1110,3035,2026-05-12
臺銀金山,199.0,2000,5000,104D,3035,2026-05-12
臺銀金山,196.0,2300,0,104D,3035,2026-05-12
臺銀金山,195.0,1010,0,104D,3035,2026-05-12
臺銀金山,194.0,1000,5000,104D,3035,2026-05-12
臺銀金山,193.0,2000,1000,104D,3035,2026-05-12
臺銀金山,192.0,1005,1000,104D,3035,2026-05-12
臺銀金山,190.0,1025,0,104D,3035,2026-05-12
臺銀金山,197.5,1000,0,104D,3035,2026-05-12
企銀竹北,196.5,1000,0,1117,3035,2026-05-12
企銀竹北,199.5,0,1000,1117,3035,2026-05-12
企銀竹北,201.5,2000,0,1117,3035,2026-05-12
彰銀七賢,189.5,200,0,1232,3035,2026-05-12
彰銀七賢,192.0,1000,0,1232,3035,2026-05-12
彰銀七賢,194.0,1000,0,1232,3035,2026-05-12
彰銀七賢,195.5,0,2000,1232,3035,2026-05-12
彰銀七賢,198.0,0,1000,1232,3035,2026-05-12
彰銀七賢,203.0,1000,0,1232,3035,2026-05-12
彰銀七賢,206.0,0,7000,1232,3035,2026-05-12
彰銀七賢,207.5,2000,0,1232,3035,2026-05-12
彰銀台中,188.0,1000,0,1233,3035,2026-05-12
彰銀台中,189.5,1000,0,1233,3035,2026-05-12
彰銀台中,191.5,1000,0,1233,3035,2026-05-12
彰銀台中,193.0,0,2000,1233,3035,2026-05-12
彰銀台中,194.5,3000,0,1233,3035,2026-05-12
彰銀台中,196.5,100,0,1233,3035,2026-05-12
彰銀台中,201.0,1000,0,1233,3035,2026-05-12
彰銀台中,202.0,1000,0,1233,3035,2026-05-12
彰銀台中,203.0,0,1000,1233,3035,2026-05-12
宏遠民生,197.5,0,2000,1261,3035,2026-05-12
宏遠民生,192.0,1000,0,1261,3035,2026-05-12
宏遠,208.5,3000,0,1260,3035,2026-05-12
宏遠,201.5,2000,2000,1260,3035,2026-05-12
宏遠,199.5,0,3000,1260,3035,2026-05-12
宏遠,198.5,1000,0,1260,3035,2026-05-12
彰銀,208.5,1000,0,1230,3035,2026-05-12
宏遠,197.0,1000,0,1260,3035,2026-05-12
宏遠,192.5,1000,1000,1260,3035,2026-05-12
宏遠,191.0,1000,0,1260,3035,2026-05-12
宏遠,190.0,2000,0,1260,3035,2026-05-12
宏遠,187.5,0,1000,1260,3035,2026-05-12
彰銀台中,209.5,0,500,1233,3035,2026-05-12
彰銀台中,208.0,12000,0,1233,3035,2026-05-12
宏遠,194.0,50,1000,1260,3035,2026-05-12
彰銀,199.0,0,1000,1230,3035,2026-05-12
彰銀,195.5,0,1000,1230,3035,2026-05-12
彰銀,194.5,0,4000,1230,3035,2026-05-12
企銀民雄,208.5,20,0,111A,3035,2026-05-12
企銀民雄,207.0,0,1000,111A,3035,2026-05-12
企銀民雄,189.0,1000,0,111A,3035,2026-05-12
企銀岡山,203.0,0,100,1119,3035,2026-05-12
企銀岡山,202.0,0,1050,1119,3035,2026-05-12
企銀岡山,199.5,0,10000,1119,3035,2026-05-12
台企建成,194.0,5000,0,111B,3035,2026-05-12
企銀岡山,194.0,0,1000,1119,3035,2026-05-12
企銀豐原,204.5,0,1000,1118,3035,2026-05-12
企銀豐原,201.0,10000,0,1118,3035,2026-05-12
企銀豐原,198.0,1000,0,1118,3035,2026-05-12
企銀豐原,193.5,0,150,1118,3035,2026-05-12
企銀豐原,191.0,0,1000,1118,3035,2026-05-12
企銀豐原,187.5,1000,0,1118,3035,2026-05-12
企銀岡山,192.0,1000,0,1119,3035,2026-05-12
臺銀高雄,191.0,0,4000,104C,3035,2026-05-12
台企建成,199.0,0,5000,111B,3035,2026-05-12
企銀桃園,194.0,1000,0,111E,3035,2026-05-12
彰銀,193.5,1000,1000,1230,3035,2026-05-12
彰銀,192.0,1000,1000,1230,3035,2026-05-12
彰銀,189.5,1000,0,1230,3035,2026-05-12
企銀埔墘,204.5,0,1000,111G,3035,2026-05-12
企銀埔墘,201.0,0,1000,111G,3035,2026-05-12
企銀埔墘,199.0,0,3000,111G,3035,2026-05-12
企銀桃園,192.0,3000,0,111E,3035,2026-05-12
企銀埔墘,196.0,1000,0,111G,3035,2026-05-12
企銀桃園,208.0,1000,3000,111E,3035,2026-05-12
企銀桃園,202.0,1000,0,111E,3035,2026-05-12
企銀桃園,200.5,1000,0,111E,3035,2026-05-12
企銀桃園,198.5,1000,0,111E,3035,2026-05-12
企銀桃園,197.0,1000,4000,111E,3035,2026-05-12
企銀桃園,195.0,2075,0,111E,3035,2026-05-12
企銀北高,188.0,1000,0,111F,3035,2026-05-12
統一基隆,191.0,0,1000,585A,3035,2026-05-12
統一基隆,199.0,0,1000,585A,3035,2026-05-12
統一基隆,200.5,1000,0,585A,3035,2026-05-12
兆豐西螺,194.0,1000,0,700D,3035,2026-05-12
兆豐西螺,195.0,2300,1000,700D,3035,2026-05-12
兆豐西螺,196.5,1000,0,700D,3035,2026-05-12
兆豐西螺,200.5,0,9000,700D,3035,2026-05-12
兆豐鹿港,188.0,10000,0,700f,3035,2026-05-12
兆豐鹿港,189.0,200,3000,700f,3035,2026-05-12
兆豐鹿港,192.5,0,1000,700f,3035,2026-05-12
兆豐鹿港,196.0,3000,0,700f,3035,2026-05-12
兆豐鹿港,197.0,0,13000,700f,3035,2026-05-12
兆豐鹿港,198.5,1000,0,700f,3035,2026-05-12
兆豐鹿港,200.0,0,1000,700f,3035,2026-05-12
兆豐鹿港,201.0,1000,2000,700f,3035,2026-05-12
兆豐鹿港,202.5,2000,0,700f,3035,2026-05-12
兆豐鹿港,204.5,100,0,700f,3035,2026-05-12
兆豐鹿港,209.0,0,1000,700f,3035,2026-05-12
兆豐虎尾,193.5,0,2000,700F,3035,2026-05-12
兆豐虎尾,194.5,0,3000,700F,3035,2026-05-12
兆豐南門,200.0,0,1000,700g,3035,2026-05-12
兆豐南門,199.0,1000,1000,700g,3035,2026-05-12
兆豐南門,198.0,1000,1000,700g,3035,2026-05-12
兆豐南門,197.0,2000,2000,700g,3035,2026-05-12
兆豐南門,195.5,1000,0,700g,3035,2026-05-12
兆豐南門,194.5,2000,0,700g,3035,2026-05-12
兆豐西螺,189.5,100,0,700D,3035,2026-05-12
兆豐南門,193.5,2000,1000,700g,3035,2026-05-12
兆豐南門,191.5,1000,0,700g,3035,2026-05-12
兆豐南門,189.0,1010,1000,700g,3035,2026-05-12
兆豐虎尾,207.5,250,0,700F,3035,2026-05-12
兆豐虎尾,202.0,0,1000,700F,3035,2026-05-12
兆豐虎尾,200.0,2000,0,700F,3035,2026-05-12
兆豐虎尾,195.5,0,4000,700F,3035,2026-05-12
兆豐南門,192.5,2000,0,700g,3035,2026-05-12
兆豐南門,201.0,50,0,700g,3035,2026-05-12
兆豐彰化,205.5,0,1000,700d,3035,2026-05-12
兆豐彰化,202.5,1000,0,700d,3035,2026-05-12
兆豐板橋,200.5,0,1000,700B,3035,2026-05-12
兆豐板橋,204.5,5000,0,700B,3035,2026-05-12
兆豐板橋,206.5,1000,0,700B,3035,2026-05-12
兆豐板橋,209.5,0,5000,700B,3035,2026-05-12
兆豐民生,189.0,20,0,700c,3035,2026-05-12
兆豐民生,190.0,0,80,700c,3035,2026-05-12
兆豐民生,197.5,3000,0,700c,3035,2026-05-12
兆豐民生,198.5,500,0,700c,3035,2026-05-12
兆豐民生,201.5,1000,0,700c,3035,2026-05-12
兆豐民生,208.0,1000,0,700c,3035,2026-05-12
兆豐來福,187.5,100,0,700C,3035,2026-05-12
兆豐來福,188.5,2000,0,700C,3035,2026-05-12
兆豐來福,190.0,0,1000,700C,3035,2026-05-12
兆豐來福,191.5,2000,0,700C,3035,2026-05-12
兆豐來福,192.5,0,4015,700C,3035,2026-05-12
兆豐來福,193.5,7050,2000,700C,3035,2026-05-12
兆豐來福,194.5,6000,2000,700C,3035,2026-05-12
兆豐彰化,200.0,0,1000,700d,3035,2026-05-12
兆豐彰化,197.5,1000,0,700d,3035,2026-05-12
兆豐彰化,195.0,1000,0,700d,3035,2026-05-12
兆豐彰化,192.0,0,2000,700d,3035,2026-05-12
兆豐彰化,190.5,1000,0,700d,3035,2026-05-12
兆豐彰化,189.5,3000,0,700d,3035,2026-05-12
兆豐彰化,204.0,1000,0,700d,3035,2026-05-12
兆豐來福,209.0,0,1000,700C,3035,2026-05-12
兆豐來福,202.5,6000,1100,700C,3035,2026-05-12
兆豐來福,201.0,0,1000,700C,3035,2026-05-12
兆豐來福,200.0,0,1000,700C,3035,2026-05-12
兆豐來福,198.5,2000,1000,700C,3035,2026-05-12
兆豐來福,196.5,1000,0,700C,3035,2026-05-12
兆豐來福,195.5,0,2000,700C,3035,2026-05-12
兆豐來福,204.0,0,1000,700C,3035,2026-05-12
兆豐板橋,199.0,0,1000,700B,3035,2026-05-12
兆豐南門,202.0,0,3000,700g,3035,2026-05-12
兆豐南門,206.0,0,2000,700g,3035,2026-05-12
兆豐北高,194.0,4450,1000,700I,3035,2026-05-12
兆豐北高,196.0,0,150,700I,3035,2026-05-12
兆豐北高,198.0,1000,1000,700I,3035,2026-05-12
兆豐北高,199.0,2000,0,700I,3035,2026-05-12
兆豐北高,200.0,0,1200,700I,3035,2026-05-12
兆豐北高,201.0,1000,0,700I,3035,2026-05-12
兆豐北高,202.0,1000,0,700I,3035,2026-05-12
兆豐北高,205.0,0,1000,700I,3035,2026-05-12
兆豐北高,207.5,200,0,700I,3035,2026-05-12
兆豐北高,208.5,0,2000,700I,3035,2026-05-12
兆豐大安,190.0,0,2000,700j,3035,2026-05-12
兆豐大安,191.5,1000,0,700j,3035,2026-05-12
兆豐大安,193.0,0,1000,700j,3035,2026-05-12
兆豐大安,197.0,1000,0,700j,3035,2026-05-12
兆豐大安,200.0,2000,0,700j,3035,2026-05-12
兆豐大安,202.0,0,1000,700j,3035,2026-05-12
兆豐公益,188.0,20,1000,700J,3035,2026-05-12
兆豐員林,191.5,1000,0,700k,3035,2026-05-12
兆豐員林,189.5,4000,0,700k,3035,2026-05-12
兆豐員林,188.0,2000,0,700k,3035,2026-05-12
兆豐公益,207.0,0,1000,700J,3035,2026-05-12
兆豐公益,202.0,1000,0,700J,3035,2026-05-12
兆豐公益,200.5,0,10000,700J,3035,2026-05-12
兆豐北高,193.0,4000,0,700I,3035,2026-05-12
兆豐公益,198.5,3000,0,700J,3035,2026-05-12
兆豐公益,195.0,1024,2000,700J,3035,2026-05-12
兆豐公益,194.0,2000,2000,700J,3035,2026-05-12
兆豐公益,193.0,1000,1000,700J,3035,2026-05-12
兆豐公益,192.0,3100,1000,700J,3035,2026-05-12
兆豐公益,190.5,0,2000,700J,3035,2026-05-12
兆豐公益,189.0,1000,0,700J,3035,2026-05-12
兆豐公益,196.0,1100,0,700J,3035,2026-05-12
兆豐南門,203.0,50,0,700g,3035,2026-05-12
兆豐北高,192.0,2000,0,700I,3035,2026-05-12
兆豐北高,189.0,3000,0,700I,3035,2026-05-12
兆豐南門,208.5,1000,0,700g,3035,2026-05-12
兆豐麻豆,189.5,1200,0,700G,3035,2026-05-12
兆豐麻豆,193.0,1500,0,700G,3035,2026-05-12
兆豐麻豆,194.0,8,0,700G,3035,2026-05-12
兆豐麻豆,196.5,2000,200,700G,3035,2026-05-12
兆豐麻豆,198.0,0,10,700G,3035,2026-05-12
兆豐麻豆,200.5,1000,2000,700G,3035,2026-05-12
兆豐麻豆,202.0,1000,0,700G,3035,2026-05-12
兆豐麻豆,204.5,1000,0,700G,3035,2026-05-12
兆豐三民,189.0,2,0,700h,3035,2026-05-12
兆豐三民,191.0,1000,0,700h,3035,2026-05-12
兆豐三民,193.0,0,1000,700h,3035,2026-05-12
兆豐三民,195.0,3000,0,700h,3035,2026-05-12
兆豐三民,197.5,1000,0,700h,3035,2026-05-12
兆豐三民,201.5,0,1000,700h,3035,2026-05-12
兆豐三民,203.0,0,2000,700h,3035,2026-05-12
兆豐三民,204.5,1000,13,700h,3035,2026-05-12
兆豐松德,209.0,1000,0,700i,3035,2026-05-12
兆豐松德,204.5,0,1000,700i,3035,2026-05-12
兆豐松德,201.0,0,2000,700i,3035,2026-05-12
兆豐松德,193.0,0,1000,700i,3035,2026-05-12
兆豐松德,191.0,5000,0,700i,3035,2026-05-12
兆豐松德,188.5,1000,0,700i,3035,2026-05-12
兆豐北高,190.0,1000,0,700I,3035,2026-05-12
兆豐東門,207.0,20,0,700H,3035,2026-05-12
兆豐東門,200.0,0,3000,700H,3035,2026-05-12
兆豐東門,198.0,0,1000,700H,3035,2026-05-12
兆豐東門,195.0,1000,0,700H,3035,2026-05-12
兆豐東門,193.5,0,2000,700H,3035,2026-05-12
兆豐東門,191.0,2000,0,700H,3035,2026-05-12
兆豐東門,189.0,1000,0,700H,3035,2026-05-12
兆豐東門,201.5,0,2000,700H,3035,2026-05-12
兆豐板橋,196.0,1000,0,700B,3035,2026-05-12
兆豐板橋,194.5,1000,0,700B,3035,2026-05-12
兆豐板橋,193.5,0,3000,700B,3035,2026-05-12
兆豐,209.0,8000,0,7000,3035,2026-05-12
兆豐,210.5,4000,0,7000,3035,2026-05-12
兆豐嘉義,189.0,0,2000,7001,3035,2026-05-12
兆豐嘉義,194.0,1000,0,7001,3035,2026-05-12
兆豐嘉義,195.0,1000,1,7001,3035,2026-05-12
兆豐嘉義,196.5,1000,0,7001,3035,2026-05-12
兆豐嘉義,198.0,2000,100,7001,3035,2026-05-12
兆豐嘉義,199.5,1000,0,7001,3035,2026-05-12
兆豐嘉義,201.0,3000,0,7001,3035,2026-05-12
兆豐嘉義,208.5,1000,0,7001,3035,2026-05-12
兆豐嘉義,209.5,100,0,7001,3035,2026-05-12
兆豐台中,189.0,1000,0,7003,3035,2026-05-12
兆豐台中,191.5,3000,1000,7003,3035,2026-05-12
兆豐台中,192.5,2000,1000,7003,3035,2026-05-12
兆豐台中,193.5,3000,0,7003,3035,2026-05-12
兆豐台中,194.5,1000,0,7003,3035,2026-05-12
兆豐台中,195.5,2000,0,7003,3035,2026-05-12
兆豐中港,202.0,1000,0,7005,3035,2026-05-12
兆豐中港,200.5,7000,0,7005,3035,2026-05-12
兆豐中港,199.0,1000,0,7005,3035,2026-05-12
兆豐中港,194.5,1000,0,7005,3035,2026-05-12
兆豐中港,193.5,1010,1000,7005,3035,2026-05-12
兆豐中港,192.5,1000,0,7005,3035,2026-05-12
兆豐,207.0,5000,0,7000,3035,2026-05-12
兆豐中港,189.0,1000,250,7005,3035,2026-05-12
兆豐台中,207.5,1000,0,7003,3035,2026-05-12
兆豐台中,202.0,0,2000,7003,3035,2026-05-12
兆豐台中,200.5,11000,0,7003,3035,2026-05-12
兆豐台中,199.5,0,6000,7003,3035,2026-05-12
兆豐台中,198.0,0,4000,7003,3035,2026-05-12
兆豐台中,196.5,8000,6000,7003,3035,2026-05-12
兆豐台中,209.0,0,1000,7003,3035,2026-05-12
兆豐中港,205.0,0,1000,7005,3035,2026-05-12
兆豐,206.0,2000,0,7000,3035,2026-05-12
兆豐,202.5,2000,0,7000,3035,2026-05-12
德信中正,192.5,0,400,6912,3035,2026-05-12
德信中正,196.5,1000,0,6912,3035,2026-05-12
德信中正,198.5,6000,0,6912,3035,2026-05-12
德信中正,201.0,1000,0,6912,3035,2026-05-12
德信中正,202.5,2000,1000,6912,3035,2026-05-12
德信中正,208.0,0,1000,6912,3035,2026-05-12
德信中正,210.0,0,5,6912,3035,2026-05-12
德信新營,190.5,0,1000,6913,3035,2026-05-12
德信新營,195.0,1000,0,6913,3035,2026-05-12
德信新營,203.0,0,1050,6913,3035,2026-05-12
德信和平,193.0,1000,0,6915,3035,2026-05-12
德信和平,200.0,0,1000,6915,3035,2026-05-12
德信和平,209.0,1000,0,6915,3035,2026-05-12
福勝,188.5,1000,0,6950,3035,2026-05-12
福勝,189.5,0,2000,6950,3035,2026-05-12
福勝,190.5,0,1088,6950,3035,2026-05-12
福勝,191.5,1000,0,6950,3035,2026-05-12
兆豐,201.5,7000,0,7000,3035,2026-05-12
兆豐,200.5,4000,0,7000,3035,2026-05-12
兆豐,199.5,2000,0,7000,3035,2026-05-12
兆豐,197.5,0,2000,7000,3035,2026-05-12
兆豐,195.5,1000,0,7000,3035,2026-05-12
兆豐,193.0,100,0,7000,3035,2026-05-12
兆豐,204.0,0,1000,7000,3035,2026-05-12
兆豐,190.0,1000,1000,7000,3035,2026-05-12
福勝,208.0,0,4000,6950,3035,2026-05-12
福勝,202.5,20000,0,6950,3035,2026-05-12
福勝,200.0,0,1000,6950,3035,2026-05-12
福勝,197.0,2000,0,6950,3035,2026-05-12
福勝,194.0,1000,2000,6950,3035,2026-05-12
福勝,192.5,1000,0,6950,3035,2026-05-12
福勝,210.0,0,2100,6950,3035,2026-05-12
兆豐中港,206.5,1000,0,7005,3035,2026-05-12
兆豐中港,208.0,0,2000,7005,3035,2026-05-12
兆豐中港,209.5,0,2000,7005,3035,2026-05-12
兆豐忠孝,192.5,2250,1000,700a,3035,2026-05-12
兆豐忠孝,193.5,3000,3002,700a,3035,2026-05-12
兆豐忠孝,194.5,0,17002,700a,3035,2026-05-12
兆豐忠孝,195.5,5050,2408,700a,3035,2026-05-12
兆豐忠孝,196.5,1500,178,700a,3035,2026-05-12
兆豐忠孝,197.5,1000,1400,700a,3035,2026-05-12
兆豐忠孝,198.5,1000,3,700a,3035,2026-05-12
兆豐忠孝,199.5,4000,2011,700a,3035,2026-05-12
兆豐忠孝,200.5,5000,3222,700a,3035,2026-05-12
兆豐忠孝,201.5,0,2168,700a,3035,2026-05-12
兆豐忠孝,202.5,18000,10,700a,3035,2026-05-12
兆豐忠孝,203.5,0,19,700a,3035,2026-05-12
兆豐忠孝,204.5,0,12,700a,3035,2026-05-12
兆豐忠孝,205.5,0,11,700a,3035,2026-05-12
兆豐忠孝,206.5,1000,8,700a,3035,2026-05-12
兆豐忠孝,207.5,2000,1005,700a,3035,2026-05-12
兆豐忠孝,208.5,2000,1001,700a,3035,2026-05-12
兆豐板橋,191.5,1000,0,700B,3035,2026-05-12
兆豐板橋,189.0,3000,0,700B,3035,2026-05-12
兆豐中壢,208.5,0,100000,700b,3035,2026-05-12
兆豐中壢,203.0,21,0,700b,3035,2026-05-12
兆豐中壢,200.5,1100,1000,700b,3035,2026-05-12
兆豐中壢,199.0,1000,0,700b,3035,2026-05-12
兆豐忠孝,191.5,3000,1000,700a,3035,2026-05-12
兆豐中壢,196.0,1000,0,700b,3035,2026-05-12
兆豐中壢,193.0,0,2000,700b,3035,2026-05-12
兆豐中壢,192.0,1000,0,700b,3035,2026-05-12
兆豐中壢,189.5,2000,1000,700b,3035,2026-05-12
兆豐中壢,187.5,0,1000,700b,3035,2026-05-12
兆豐忠孝,210.5,0,1,700a,3035,2026-05-12
兆豐忠孝,209.5,1000,1,700a,3035,2026-05-12
兆豐中壢,194.0,2000,0,700b,3035,2026-05-12
兆豐忠孝,190.5,1000,0,700a,3035,2026-05-12
兆豐忠孝,189.5,2020,6500,700a,3035,2026-05-12
兆豐忠孝,188.5,2000,0,700a,3035,2026-05-12
兆豐竹北,191.5,1000,4000,7007,3035,2026-05-12
兆豐竹北,190.5,1000,0,7007,3035,2026-05-12
兆豐竹北,189.5,2000,0,7007,3035,2026-05-12
兆豐台南,210.0,0,15,7006,3035,2026-05-12
兆豐台南,207.5,0,10,7006,3035,2026-05-12
兆豐台南,204.5,0,23100,7006,3035,2026-05-12
兆豐竹北,192.5,1000,0,7007,3035,2026-05-12
兆豐台南,203.0,170,1000,7006,3035,2026-05-12
兆豐台南,200.5,0,100,7006,3035,2026-05-12
兆豐台南,199.0,0,1000,7006,3035,2026-05-12
兆豐台南,196.0,6000,0,7006,3035,2026-05-12
兆豐台南,194.0,300,0,7006,3035,2026-05-12
兆豐台南,191.0,1000,0,7006,3035,2026-05-12
兆豐台南,189.0,1000,0,7006,3035,2026-05-12
兆豐台南,201.5,0,100,7006,3035,2026-05-12
兆豐員林,193.5,2300,0,700k,3035,2026-05-12
兆豐竹北,193.5,1000,0,7007,3035,2026-05-12
兆豐竹北,195.5,1000,0,7007,3035,2026-05-12
兆豐忠孝,187.5,1000,1000,700a,3035,2026-05-12
兆豐三重,209.5,50,0,7008,3035,2026-05-12
兆豐三重,206.5,1000,0,7008,3035,2026-05-12
兆豐三重,203.0,100,0,7008,3035,2026-05-12
兆豐三重,201.0,0,3000,7008,3035,2026-05-12
兆豐三重,200.0,0,4000,7008,3035,2026-05-12
兆豐竹北,194.5,2060,0,7007,3035,2026-05-12
兆豐三重,198.0,5000,0,7008,3035,2026-05-12
兆豐三重,192.0,0,1450,7008,3035,2026-05-12
兆豐竹北,209.5,300,0,7007,3035,2026-05-12
兆豐竹北,201.5,0,1000,7007,3035,2026-05-12
兆豐竹北,200.5,1000,0,7007,3035,2026-05-12
兆豐竹北,199.0,0,1300,7007,3035,2026-05-12
兆豐竹北,197.0,0,1000,7007,3035,2026-05-12
兆豐三重,194.5,1000,0,7008,3035,2026-05-12
德信中正,191.0,0,1000,6912,3035,2026-05-12
兆豐員林,195.0,4000,4000,700k,3035,2026-05-12
兆豐員林,199.0,0,1000,700k,3035,2026-05-12
致和崇德,188.5,1000,0,703B,3035,2026-05-12
致和崇德,189.5,1000,0,703B,3035,2026-05-12
致和崇德,191.0,1000,0,703B,3035,2026-05-12
致和崇德,194.0,0,1100,703B,3035,2026-05-12
致和崇德,196.5,1000,1000,703B,3035,2026-05-12
致和崇德,200.0,1000,1000,703B,3035,2026-05-12
致和崇德,205.0,0,12000,703B,3035,2026-05-12
北城,187.5,0,1000,7750,3035,2026-05-12
北城,191.5,0,2000,7750,3035,2026-05-12
北城,193.0,1000,0,7750,3035,2026-05-12
北城,194.0,0,1000,7750,3035,2026-05-12
北城,197.0,6000,0,7750,3035,2026-05-12
北城,198.0,0,1000,7750,3035,2026-05-12
北城,199.5,1000,0,7750,3035,2026-05-12
北城,201.0,1000,0,7750,3035,2026-05-12
北城,202.5,0,1000,7750,3035,2026-05-12
北城,205.0,1000,0,7750,3035,2026-05-12
國票綜合,203.0,500,0,7790,3035,2026-05-12
國票綜合,202.0,12013,0,7790,3035,2026-05-12
國票綜合,200.5,3000,22000,7790,3035,2026-05-12
國票綜合,199.5,4451,0,7790,3035,2026-05-12
國票綜合,197.5,10,2208,7790,3035,2026-05-12
國票綜合,196.0,0,230,7790,3035,2026-05-12
致和南京,208.0,0,1000,7038,3035,2026-05-12
國票綜合,195.0,0,5560,7790,3035,2026-05-12
國票綜合,193.0,0,1965,7790,3035,2026-05-12
國票綜合,192.0,1174,250,7790,3035,2026-05-12
國票綜合,190.5,1000,0,7790,3035,2026-05-12
國票綜合,189.5,200,2698,7790,3035,2026-05-12
國票綜合,188.5,1000,1000,7790,3035,2026-05-12
北城,207.0,0,1000,7750,3035,2026-05-12
國票綜合,194.0,8000,2086,7790,3035,2026-05-12
國票綜合,206.0,313,0,7790,3035,2026-05-12
致和南京,202.5,1000,0,7038,3035,2026-05-12
致和南京,198.0,1000,2000,7038,3035,2026-05-12
兆豐高雄,204.5,1000,0,700Z,3035,2026-05-12
兆豐高雄,208.0,0,1000,700Z,3035,2026-05-12
兆豐高雄,210.5,500,0,700Z,3035,2026-05-12
致和,189.5,100,0,7030,3035,2026-05-12
致和,194.5,0,2000,7030,3035,2026-05-12
致和,197.5,1000,0,7030,3035,2026-05-12
致和,203.5,1000,2000,7030,3035,2026-05-12
致和台北,193.0,2000,0,7031,3035,2026-05-12
致和佳里,188.5,6000,0,7032,3035,2026-05-12
致和佳里,189.5,1000,200,7032,3035,2026-05-12
致和佳里,190.5,0,15000,7032,3035,2026-05-12
致和佳里,198.0,0,2000,7032,3035,2026-05-12
致和佳里,199.5,4000,0,7032,3035,2026-05-12
致和佳里,200.5,3000,0,7032,3035,2026-05-12
致和佳里,207.0,0,1000,7032,3035,2026-05-12
致和金華,189.0,1000,0,7034,3035,2026-05-12
致和金華,190.0,0,1000,7034,3035,2026-05-12
致和南京,196.5,3000,0,7038,3035,2026-05-12
致和南京,195.5,2000,0,7038,3035,2026-05-12
致和南京,194.5,2000,0,7038,3035,2026-05-12
致和南京,192.0,2000,0,7038,3035,2026-05-12
致和南京,188.5,1000,0,7038,3035,2026-05-12
致和高雄,198.5,1000,100,7036,3035,2026-05-12
致和南京,200.5,1000,0,7038,3035,2026-05-12
致和高雄,188.0,0,1000,7036,3035,2026-05-12
致和金華,209.0,3000,0,7034,3035,2026-05-12
致和金華,207.5,2000,0,7034,3035,2026-05-12
致和金華,202.0,0,1000,7034,3035,2026-05-12
致和金華,195.5,5000,0,7034,3035,2026-05-12
致和金華,194.0,0,5000,7034,3035,2026-05-12
致和金華,192.5,1000,0,7034,3035,2026-05-12
致和金華,210.0,0,100,7034,3035,2026-05-12
兆豐高雄,201.5,0,1000,700Z,3035,2026-05-12
國票綜合,208.5,8000,1000,7790,3035,2026-05-12
國票台東,187.5,1000,0,7791,3035,2026-05-12
國票內壢,193.5,0,1000,7798,3035,2026-05-12
國票內壢,196.0,0,1000,7798,3035,2026-05-12
國票內壢,200.0,0,2000,7798,3035,2026-05-12
國票內壢,201.0,2000,3000,7798,3035,2026-05-12
國票內壢,202.0,0,4000,7798,3035,2026-05-12
國票內壢,206.0,0,20,7798,3035,2026-05-12
國票內壢,208.0,3000,0,7798,3035,2026-05-12
國票內壢,210.0,0,20,7798,3035,2026-05-12
國票敦北,194.5,1000,0,779c,3035,2026-05-12
國票敦北,200.5,0,200,779c,3035,2026-05-12
國票敦北,202.5,1000,1000,779c,3035,2026-05-12
國票敦北,204.5,1000,0,779c,3035,2026-05-12
國票敦北,209.0,0,1000,779c,3035,2026-05-12
國票台南,189.5,2000,1000,779D,3035,2026-05-12
國票台南,192.0,2000,0,779D,3035,2026-05-12
國票台南,193.5,1050,0,779D,3035,2026-05-12
國票台南,195.0,0,1000,779D,3035,2026-05-12
國票南科,209.5,0,1000,779e,3035,2026-05-12
國票南科,206.0,0,1000,779e,3035,2026-05-12
國票南科,199.5,1000,0,779e,3035,2026-05-12
國票南科,198.0,1000,2000,779e,3035,2026-05-12
國票南科,196.0,0,200,779e,3035,2026-05-12
國票南科,194.0,1000,0,779e,3035,2026-05-12
國票內壢,191.0,0,8000,7798,3035,2026-05-12
國票南科,190.0,0,1000,779e,3035,2026-05-12
國票台南,209.5,1000,0,779D,3035,2026-05-12
國票台南,208.0,1000,0,779D,3035,2026-05-12
國票台南,204.5,0,100,779D,3035,2026-05-12
國票台南,202.0,0,10,779D,3035,2026-05-12
國票台南,200.5,2000,0,779D,3035,2026-05-12
國票台南,198.5,40,0,779D,3035,2026-05-12
國票南科,188.5,1000,0,779e,3035,2026-05-12
國票綜合,209.5,1162,0,7790,3035,2026-05-12
國票內壢,189.5,1000,0,7798,3035,2026-05-12
國票中正,209.5,0,1000,7797,3035,2026-05-12
國票台東,190.5,1000,0,7791,3035,2026-05-12
國票台東,193.5,1000,0,7791,3035,2026-05-12
國票台東,195.5,0,1000,7791,3035,2026-05-12
國票台東,196.5,3000,0,7791,3035,2026-05-12
國票台東,202.5,1000,0,7791,3035,2026-05-12
國票台東,208.5,1000,0,7791,3035,2026-05-12
國票北投,188.0,11000,0,7792,3035,2026-05-12
國票北投,190.0,1000,0,7792,3035,2026-05-12
國票北投,192.0,0,1000,7792,3035,2026-05-12
國票北投,197.0,1000,0,7792,3035,2026-05-12
國票北投,201.0,1000,0,7792,3035,2026-05-12
國票北投,207.0,0,1000,7792,3035,2026-05-12
國票北投,210.0,15,0,7792,3035,2026-05-12
國票南港,190.0,10000,0,7795,3035,2026-05-12
國票南港,193.0,4000,1000,7795,3035,2026-05-12
國票南港,194.5,0,1000,7795,3035,2026-05-12
國票南港,198.0,0,1000,7795,3035,2026-05-12
國票中正,208.5,1000,0,7797,3035,2026-05-12
國票中正,203.0,0,1000,7797,3035,2026-05-12
國票中正,201.0,1000,0,7797,3035,2026-05-12
國票中正,199.5,0,1000,7797,3035,2026-05-12
國票中正,196.5,0,1000,7797,3035,2026-05-12
國票中正,194.0,10,2000,7797,3035,2026-05-12
國票內壢,188.5,0,3000,7798,3035,2026-05-12
國票中正,192.5,1000,2000,7797,3035,2026-05-12
國票中正,189.0,1050,0,7797,3035,2026-05-12
國票南港,210.0,1000,0,7795,3035,2026-05-12
國票南港,208.5,0,1000,7795,3035,2026-05-12
國票南港,206.5,1000,0,7795,3035,2026-05-12
國票南港,204.0,0,1000,7795,3035,2026-05-12
國票南港,200.0,0,1000,7795,3035,2026-05-12
國票中正,190.5,10,0,7797,3035,2026-05-12
兆豐高雄,200.0,1000,900,700Z,3035,2026-05-12
兆豐高雄,198.5,2000,0,700Z,3035,2026-05-12
兆豐高雄,197.5,1000,0,700Z,3035,2026-05-12
兆豐埔墘,202.5,0,1000,700N,3035,2026-05-12
兆豐復興,193.0,25,0,700p,3035,2026-05-12
兆豐復興,198.0,1000,0,700p,3035,2026-05-12
兆豐復興,200.0,0,1000,700p,3035,2026-05-12
兆豐復興,208.0,0,3000,700p,3035,2026-05-12
兆豐南京,190.0,1000,0,700P,3035,2026-05-12
兆豐南京,192.0,1010,0,700P,3035,2026-05-12
兆豐南京,194.0,1000,1000,700P,3035,2026-05-12
兆豐南京,197.0,2000,0,700P,3035,2026-05-12
兆豐南京,199.5,0,1000,700P,3035,2026-05-12
兆豐南京,208.0,0,1000,700P,3035,2026-05-12
兆豐南京,209.5,0,1000,700P,3035,2026-05-12
兆豐寶成,190.0,1000,0,700r,3035,2026-05-12
兆豐寶成,192.5,0,2000,700r,3035,2026-05-12
兆豐寶成,194.0,2000,0,700r,3035,2026-05-12
兆豐寶成,195.0,50,1000,700r,3035,2026-05-12
兆豐寶成,196.0,0,100,700r,3035,2026-05-12
兆豐岡山,194.0,1000,1000,700s,3035,2026-05-12
兆豐岡山,191.5,2000,0,700s,3035,2026-05-12
兆豐小港,209.5,0,1000,700R,3035,2026-05-12
兆豐小港,207.5,2,0,700R,3035,2026-05-12
兆豐小港,204.0,1000,0,700R,3035,2026-05-12
兆豐小港,202.0,0,1000,700R,3035,2026-05-12
兆豐埔墘,196.0,0,40,700N,3035,2026-05-12
兆豐小港,199.0,0,50,700R,3035,2026-05-12
兆豐寶成,209.0,0,3000,700r,3035,2026-05-12
兆豐寶成,207.0,10000,0,700r,3035,2026-05-12
兆豐寶成,203.0,3050,0,700r,3035,2026-05-12
兆豐寶成,201.0,1000,0,700r,3035,2026-05-12
兆豐寶成,200.0,0,1000,700r,3035,2026-05-12
兆豐寶成,198.5,1000,0,700r,3035,2026-05-12
兆豐小港,191.5,0,3000,700R,3035,2026-05-12
兆豐岡山,201.0,1000,0,700s,3035,2026-05-12
兆豐埔墘,194.5,0,1000,700N,3035,2026-05-12
兆豐埔墘,190.0,2000,0,700N,3035,2026-05-12
兆豐員林,205.0,1000,1001,700k,3035,2026-05-12
兆豐員林,208.5,1000,0,700k,3035,2026-05-12
兆豐新營,189.5,1050,0,700K,3035,2026-05-12
兆豐新營,192.0,1000,0,700K,3035,2026-05-12
兆豐新營,193.0,20,0,700K,3035,2026-05-12
兆豐新營,194.0,0,1000,700K,3035,2026-05-12
兆豐新營,195.0,1000,0,700K,3035,2026-05-12
兆豐新營,198.5,3000,0,700K,3035,2026-05-12
兆豐新營,199.5,335,0,700K,3035,2026-05-12
兆豐新營,202.5,1000,0,700K,3035,2026-05-12
兆豐新營,209.0,0,1000,700K,3035,2026-05-12
兆豐天母,189.0,1000,4000,700L,3035,2026-05-12
兆豐天母,190.5,200,0,700L,3035,2026-05-12
兆豐天母,194.0,0,100,700L,3035,2026-05-12
兆豐天母,195.0,0,100,700L,3035,2026-05-12
兆豐天母,196.0,0,2000,700L,3035,2026-05-12
兆豐天母,201.5,0,1000,700L,3035,2026-05-12
兆豐埔墘,189.0,2000,0,700N,3035,2026-05-12
兆豐桃園,210.5,45,0,700M,3035,2026-05-12
兆豐桃園,209.5,0,7,700M,3035,2026-05-12
兆豐桃園,206.5,1000,0,700M,3035,2026-05-12
兆豐桃園,202.0,1000,0,700M,3035,2026-05-12
兆豐桃園,200.5,2000,0,700M,3035,2026-05-12
兆豐埔墘,192.5,3000,0,700N,3035,2026-05-12
兆豐桃園,198.0,1000,200,700M,3035,2026-05-12
兆豐桃園,195.0,1001,899,700M,3035,2026-05-12
兆豐桃園,193.5,2001,1000,700M,3035,2026-05-12
兆豐桃園,192.5,1000,3000,700M,3035,2026-05-12
兆豐桃園,190.0,2100,0,700M,3035,2026-05-12
兆豐桃園,189.0,1007,2000,700M,3035,2026-05-12
兆豐天母,209.5,48,538,700L,3035,2026-05-12
兆豐桃園,196.5,1200,0,700M,3035,2026-05-12
兆豐岡山,202.5,0,2000,700s,3035,2026-05-12
兆豐岡山,206.5,2000,2000,700s,3035,2026-05-12
兆豐岡山,209.0,10,15,700s,3035,2026-05-12
兆豐新莊,197.0,100,6,700w,3035,2026-05-12
兆豐新莊,199.5,0,6,700w,3035,2026-05-12
兆豐新莊,200.5,1000,0,700w,3035,2026-05-12
兆豐新莊,202.0,2000,6,700w,3035,2026-05-12
兆豐新莊,203.0,0,3006,700w,3035,2026-05-12
兆豐新莊,204.0,0,6,700w,3035,2026-05-12
兆豐新莊,205.0,0,6,700w,3035,2026-05-12
兆豐新莊,206.5,0,2000,700w,3035,2026-05-12
兆豐新莊,208.0,0,6,700w,3035,2026-05-12
兆豐新莊,210.0,0,6,700w,3035,2026-05-12
兆豐城中,189.0,3,2000,700W,3035,2026-05-12
兆豐城中,191.0,1000,0,700W,3035,2026-05-12
兆豐城中,192.5,1000,0,700W,3035,2026-05-12
兆豐城中,193.5,2000,7000,700W,3035,2026-05-12
兆豐城中,194.5,0,1000,700W,3035,2026-05-12
兆豐城中,196.5,0,5000,700W,3035,2026-05-12
兆豐城中,197.5,3,20000,700W,3035,2026-05-12
兆豐高雄,196.0,0,1060,700Z,3035,2026-05-12
兆豐高雄,194.0,1000,2000,700Z,3035,2026-05-12
兆豐高雄,193.0,0,8000,700Z,3035,2026-05-12
兆豐高雄,192.0,2000,0,700Z,3035,2026-05-12
兆豐高雄,190.5,3030,0,700Z,3035,2026-05-12
兆豐高雄,189.0,1000,0,700Z,3035,2026-05-12
兆豐新莊,195.0,0,10000,700w,3035,2026-05-12
兆豐永和,208.5,0,1000,700X,3035,2026-05-12
兆豐永和,197.0,0,1000,700X,3035,2026-05-12
兆豐永和,193.0,300,0,700X,3035,2026-05-12
兆豐永和,192.0,1,0,700X,3035,2026-05-12
兆豐城中,209.5,1000,0,700W,3035,2026-05-12
兆豐城中,208.5,2000,1000,700W,3035,2026-05-12
兆豐城中,203.5,0,1000,700W,3035,2026-05-12
兆豐永和,204.5,0,1000,700X,3035,2026-05-12
兆豐新莊,193.5,0,1000,700w,3035,2026-05-12
兆豐新莊,192.5,1000,0,700w,3035,2026-05-12
兆豐新莊,190.5,0,2000,700w,3035,2026-05-12
兆豐桃鶯,202.5,1000,2000,700U,3035,2026-05-12
兆豐桃鶯,201.5,2000,0,700U,3035,2026-05-12
兆豐桃鶯,198.5,2000,0,700U,3035,2026-05-12
兆豐桃鶯,197.5,0,1000,700U,3035,2026-05-12
兆豐桃鶯,196.5,1000,0,700U,3035,2026-05-12
兆豐桃鶯,194.0,2010,0,700U,3035,2026-05-12
兆豐桃鶯,206.5,1000,0,700U,3035,2026-05-12
兆豐桃鶯,193.0,1000,1000,700U,3035,2026-05-12
兆豐桃鶯,190.5,0,20,700U,3035,2026-05-12
兆豐大同,203.0,0,2000,700S,3035,2026-05-12
兆豐大同,200.5,1000,0,700S,3035,2026-05-12
兆豐大同,195.0,100,0,700S,3035,2026-05-12
兆豐大同,191.0,1000,0,700S,3035,2026-05-12
兆豐大同,189.0,1000,0,700S,3035,2026-05-12
兆豐桃鶯,192.0,3000,0,700U,3035,2026-05-12
兆豐員林,196.5,1000,1000,700k,3035,2026-05-12
兆豐桃鶯,208.5,3000,30000,700U,3035,2026-05-12
兆豐新竹,190.0,1000,0,700V,3035,2026-05-12
兆豐新莊,189.5,14,0,700w,3035,2026-05-12
兆豐新莊,188.5,21,0,700w,3035,2026-05-12
兆豐新莊,187.5,7,0,700w,3035,2026-05-12
兆豐新竹,207.5,3000,0,700V,3035,2026-05-12
兆豐新竹,204.5,0,1000,700V,3035,2026-05-12
兆豐新竹,202.5,1000,0,700V,3035,2026-05-12
兆豐新竹,189.0,6000,5000,700V,3035,2026-05-12
兆豐新竹,200.5,10000,0,700V,3035,2026-05-12
兆豐新竹,198.0,0,1000,700V,3035,2026-05-12
兆豐新竹,197.0,1000,0,700V,3035,2026-05-12
兆豐新竹,196.0,1000,0,700V,3035,2026-05-12
兆豐新竹,194.5,3000,8000,700V,3035,2026-05-12
兆豐新竹,193.5,12000,5000,700V,3035,2026-05-12
兆豐新竹,192.5,6050,0,700V,3035,2026-05-12
兆豐新竹,199.0,0,1000,700V,3035,2026-05-12
德信中正,189.0,1000,0,6912,3035,2026-05-12
德信,201.0,1000,3000,6910,3035,2026-05-12
德信,198.5,2000,0,6910,3035,2026-05-12
日茂南投,193.5,1000,0,5962,3035,2026-05-12
日茂南投,210.0,10,0,5962,3035,2026-05-12
?亞網路,189.5,1000,0,6012,3035,2026-05-12
?亞網路,191.0,1000,0,6012,3035,2026-05-12
?亞網路,194.0,1020,0,6012,3035,2026-05-12
?亞網路,197.0,2,0,6012,3035,2026-05-12
?亞鑫豐,187.5,0,5000,601d,3035,2026-05-12
?亞鑫豐,189.0,1100,50,601d,3035,2026-05-12
?亞鑫豐,190.0,1000,0,601d,3035,2026-05-12
?亞鑫豐,191.0,36000,0,601d,3035,2026-05-12
?亞鑫豐,192.0,1000,1000,601d,3035,2026-05-12
?亞鑫豐,193.0,5000,0,601d,3035,2026-05-12
?亞鑫豐,194.0,7030,2000,601d,3035,2026-05-12
?亞鑫豐,195.0,1000,2000,601d,3035,2026-05-12
?亞鑫豐,197.0,1220,0,601d,3035,2026-05-12
?亞鑫豐,198.5,0,1000,601d,3035,2026-05-12
?亞鑫豐,200.0,1000,0,601d,3035,2026-05-12
台中銀,197.5,1000,1000,6110,3035,2026-05-12
台中銀,196.5,2000,0,6110,3035,2026-05-12
台中銀,195.5,1000,40,6110,3035,2026-05-12
台中銀,194.5,100,300,6110,3035,2026-05-12
台中銀,193.5,5000,3000,6110,3035,2026-05-12
台中銀,192.5,1000,0,6110,3035,2026-05-12
日茂,208.5,0,1000,5960,3035,2026-05-12
台中銀,191.5,1000,1000,6110,3035,2026-05-12
台中銀,187.5,1000,0,6110,3035,2026-05-12
?亞鑫豐,210.0,575,0,601d,3035,2026-05-12
?亞鑫豐,208.5,8000,0,601d,3035,2026-05-12
?亞鑫豐,206.5,0,2000,601d,3035,2026-05-12
?亞鑫豐,203.0,1000,1000,601d,3035,2026-05-12
?亞鑫豐,201.0,0,1000,601d,3035,2026-05-12
台中銀,189.0,300,0,6110,3035,2026-05-12
台中銀,198.5,200,80,6110,3035,2026-05-12
日茂,203.5,0,1000,5960,3035,2026-05-12
盈溢楠梓,209.0,0,1000,5862,3035,2026-05-12
統一南京,204.5,0,1000,585U,3035,2026-05-12
統一南京,206.5,0,6000,585U,3035,2026-05-12
統一南京,209.0,100,1000,585U,3035,2026-05-12
統一金門,188.0,3000,0,585W,3035,2026-05-12
統一金門,193.0,1000,0,585W,3035,2026-05-12
統一金門,196.5,0,1000,585W,3035,2026-05-12
統一金門,198.0,1000,0,585W,3035,2026-05-12
統一金門,200.0,0,1000,585W,3035,2026-05-12
統一金門,202.5,0,1000,585W,3035,2026-05-12
統一土城,188.5,2000,0,585Y,3035,2026-05-12
統一土城,190.5,0,1000,585Y,3035,2026-05-12
統一土城,192.5,1000,0,585Y,3035,2026-05-12
統一土城,193.5,1000,0,585Y,3035,2026-05-12
統一土城,195.0,500,0,585Y,3035,2026-05-12
統一土城,198.0,0,1000,585Y,3035,2026-05-12
統一土城,200.5,2000,4000,585Y,3035,2026-05-12
統一土城,202.5,0,1000,585Y,3035,2026-05-12
盈溢籬子內,196.0,0,1000,5861,3035,2026-05-12
統一松江,208.5,1000,1000,585Z,3035,2026-05-12
統一松江,206.0,0,30000,585Z,3035,2026-05-12
統一松江,204.0,0,1000,585Z,3035,2026-05-12
統一松江,203.0,0,750,585Z,3035,2026-05-12
統一松江,198.5,0,2000,585Z,3035,2026-05-12
日茂,195.5,1000,0,5960,3035,2026-05-12
統一松江,195.5,0,1000,585Z,3035,2026-05-12
統一松江,193.5,23000,0,585Z,3035,2026-05-12
統一松江,192.5,1000,0,585Z,3035,2026-05-12
統一松江,191.5,2000,0,585Z,3035,2026-05-12
統一松江,189.0,0,2000,585Z,3035,2026-05-12
統一土城,208.5,3000,1000,585Y,3035,2026-05-12
統一土城,207.5,1000,1000,585Y,3035,2026-05-12
統一松江,194.5,0,4,585Z,3035,2026-05-12
統一南京,200.0,2000,0,585U,3035,2026-05-12
台中銀,199.5,0,4000,6110,3035,2026-05-12
台中銀,201.5,0,2000,6110,3035,2026-05-12
中銀豐原,202.0,0,1000,611A,3035,2026-05-12
中銀豐原,205.0,0,10,611A,3035,2026-05-12
中銀豐原,208.0,0,10,611A,3035,2026-05-12
中銀豐原,209.0,0,10,611A,3035,2026-05-12
中銀豐原,210.0,500,105,611A,3035,2026-05-12
中國信託,188.0,3300,0,6160,3035,2026-05-12
中國信託,189.0,1050,7300,6160,3035,2026-05-12
中國信託,190.0,6350,5000,6160,3035,2026-05-12
中國信託,191.0,1025,0,6160,3035,2026-05-12
中國信託,192.0,2200,4000,6160,3035,2026-05-12
中國信託,193.0,3150,1079,6160,3035,2026-05-12
中國信託,194.0,5397,4000,6160,3035,2026-05-12
中國信託,195.0,1177,6000,6160,3035,2026-05-12
中國信託,196.0,5000,1,6160,3035,2026-05-12
中國信託,197.0,2100,0,6160,3035,2026-05-12
中國信託,198.0,2215,2000,6160,3035,2026-05-12
中國信託,199.0,3000,1000,6160,3035,2026-05-12
中信三重,194.0,1000,13000,6161,3035,2026-05-12
中信三重,192.5,1000,0,6161,3035,2026-05-12
中信三重,191.5,2000,20000,6161,3035,2026-05-12
中信三重,190.5,0,1000,6161,3035,2026-05-12
中信三重,189.5,1000,0,6161,3035,2026-05-12
中信三重,188.0,1080,0,6161,3035,2026-05-12
中銀豐原,200.5,4000,0,611A,3035,2026-05-12
中國信託,209.0,600,2000,6160,3035,2026-05-12
中國信託,206.0,6000,0,6160,3035,2026-05-12
中國信託,204.5,0,12000,6160,3035,2026-05-12
中國信託,203.0,3000,2029,6160,3035,2026-05-12
中國信託,202.0,5000,0,6160,3035,2026-05-12
中國信託,201.0,0,20,6160,3035,2026-05-12
中國信託,200.0,8000,1120,6160,3035,2026-05-12
中國信託,208.0,98,0,6160,3035,2026-05-12
台中銀,200.5,0,1000,6110,3035,2026-05-12
中銀豐原,199.5,3000,1000,611A,3035,2026-05-12
中銀豐原,197.5,50,1000,611A,3035,2026-05-12
台中銀,204.0,0,1000,6110,3035,2026-05-12
台中銀,207.5,1000,0,6110,3035,2026-05-12
台中銀,208.5,100,0,6110,3035,2026-05-12
台中銀,209.5,0,114,6110,3035,2026-05-12
中銀員林,188.5,2000,16000,6114,3035,2026-05-12
中銀員林,190.0,1000,0,6114,3035,2026-05-12
中銀員林,191.0,1000,0,6114,3035,2026-05-12
中銀員林,193.5,1000,0,6114,3035,2026-05-12
中銀員林,194.5,1000,4000,6114,3035,2026-05-12
中銀員林,195.5,1000,2000,6114,3035,2026-05-12
中銀員林,198.5,0,3000,6114,3035,2026-05-12
中銀員林,200.0,1000,1000,6114,3035,2026-05-12
中銀員林,203.0,100,0,6114,3035,2026-05-12
中銀員林,204.0,0,1000,6114,3035,2026-05-12
中銀員林,206.0,1000,1000,6114,3035,2026-05-12
中銀員林,210.0,50,0,6114,3035,2026-05-12
中銀台北,189.5,1000,0,6115,3035,2026-05-12
中銀豐原,195.0,2000,1000,611A,3035,2026-05-12
中銀豐原,194.0,1000,1000,611A,3035,2026-05-12
中銀豐原,193.0,3020,1000,611A,3035,2026-05-12
中銀豐原,191.0,2000,0,611A,3035,2026-05-12
中銀豐原,190.0,10000,1000,611A,3035,2026-05-12
中銀豐原,189.0,30,8000,611A,3035,2026-05-12
中銀豐原,198.5,0,1000,611A,3035,2026-05-12
中銀豐原,187.5,10,0,611A,3035,2026-05-12
中銀高雄,193.0,1000,0,6116,3035,2026-05-12
中銀台北,206.5,0,1000,6115,3035,2026-05-12
中銀台北,203.0,0,1000,6115,3035,2026-05-12
中銀台北,197.0,1000,0,6115,3035,2026-05-12
中銀台北,195.5,0,5000,6115,3035,2026-05-12
中銀台北,193.0,1000,0,6115,3035,2026-05-12
中銀高雄,200.0,0,250,6116,3035,2026-05-12
統一南京,197.0,0,2000,585U,3035,2026-05-12
統一南京,194.0,10000,3000,585U,3035,2026-05-12
統一南京,192.5,0,2000,585U,3035,2026-05-12
統一新營,193.0,0,1000,585E,3035,2026-05-12
統一新營,194.5,0,500,585E,3035,2026-05-12
統一新營,196.5,0,500,585E,3035,2026-05-12
統一新營,198.0,0,1000,585E,3035,2026-05-12
統一新營,204.5,0,200,585E,3035,2026-05-12
統一新營,210.0,0,1000,585E,3035,2026-05-12
統一彰化,189.0,1000,0,585F,3035,2026-05-12
統一彰化,190.0,1000,0,585F,3035,2026-05-12
統一彰化,193.0,0,2000,585F,3035,2026-05-12
統一彰化,194.5,1000,1000,585F,3035,2026-05-12
統一彰化,195.5,2000,2000,585F,3035,2026-05-12
統一彰化,198.0,0,2000,585F,3035,2026-05-12
統一彰化,199.5,0,1000,585F,3035,2026-05-12
統一彰化,201.0,0,1000,585F,3035,2026-05-12
統一彰化,203.0,200,0,585F,3035,2026-05-12
統一彰化,209.0,0,1000,585F,3035,2026-05-12
統一平鎮,191.0,0,1000,585g,3035,2026-05-12
統一桃園,208.5,1000,0,585H,3035,2026-05-12
統一桃園,204.0,0,2000,585H,3035,2026-05-12
統一桃園,199.5,1005,0,585H,3035,2026-05-12
統一桃園,197.5,0,1000,585H,3035,2026-05-12
統一桃園,196.5,1000,3000,585H,3035,2026-05-12
統一桃園,195.0,1025,0,585H,3035,2026-05-12
統一新營,191.5,0,2000,585E,3035,2026-05-12
統一桃園,193.0,3000,2000,585H,3035,2026-05-12
統一桃園,187.0,1000,0,585H,3035,2026-05-12
統一平鎮,208.5,0,300,585g,3035,2026-05-12
統一平鎮,203.0,0,20000,585g,3035,2026-05-12
統一平鎮,200.5,1000,0,585g,3035,2026-05-12
統一平鎮,197.0,1000,0,585g,3035,2026-05-12
統一平鎮,193.5,100,0,585g,3035,2026-05-12
統一桃園,191.5,1000,0,585H,3035,2026-05-12
統一員林,189.0,1000,0,585I,3035,2026-05-12
統一新營,188.5,0,5000,585E,3035,2026-05-12
統一新台中,203.0,200,1000,585D,3035,2026-05-12
統一基隆,208.5,1000,0,585A,3035,2026-05-12
統一內湖,189.0,0,1000,585b,3035,2026-05-12
統一內湖,190.0,40000,0,585b,3035,2026-05-12
統一內湖,194.5,300,0,585b,3035,2026-05-12
統一內湖,196.0,10000,2000,585b,3035,2026-05-12
統一內湖,198.5,0,1000,585b,3035,2026-05-12
統一內湖,200.5,0,7000,585b,3035,2026-05-12
統一內湖,202.5,0,5000,585b,3035,2026-05-12
統一內湖,208.0,3000,0,585b,3035,2026-05-12
統一內湖,210.0,100,40000,585b,3035,2026-05-12
統一永和,188.5,0,6000,585B,3035,2026-05-12
統一永和,190.0,0,1000,585B,3035,2026-05-12
統一永和,195.5,1000,0,585B,3035,2026-05-12
統一永和,196.5,0,1000,585B,3035,2026-05-12
統一永和,201.5,100,0,585B,3035,2026-05-12
統一仁愛,188.5,1000,9000,585c,3035,2026-05-12
統一仁愛,190.0,2000,0,585c,3035,2026-05-12
統一新台中,202.0,0,100,585D,3035,2026-05-12
統一新台中,201.0,0,10000,585D,3035,2026-05-12
統一新台中,199.5,0,1000,585D,3035,2026-05-12
統一新台中,197.5,1000,1000,585D,3035,2026-05-12
統一新台中,195.5,1000,0,585D,3035,2026-05-12
統一新台中,194.5,300,0,585D,3035,2026-05-12
統一新台中,210.0,0,5,585D,3035,2026-05-12
統一新台中,193.5,1000,0,585D,3035,2026-05-12
統一新台中,189.5,1000,0,585D,3035,2026-05-12
統一仁愛,208.0,1000,1000,585c,3035,2026-05-12
統一仁愛,202.5,3000,1000,585c,3035,2026-05-12
統一仁愛,200.5,0,3000,585c,3035,2026-05-12
統一仁愛,196.5,1000,1000,585c,3035,2026-05-12
統一仁愛,194.5,1000,0,585c,3035,2026-05-12
統一新台中,192.0,500,1000,585D,3035,2026-05-12
統一員林,191.5,0,1000,585I,3035,2026-05-12
統一員林,192.5,1000,0,585I,3035,2026-05-12
統一員林,193.5,0,1000,585I,3035,2026-05-12
統一士林,208.5,3000,6000,585M,3035,2026-05-12
統一板橋,192.0,2000,2000,585P,3035,2026-05-12
統一板橋,194.0,1000,1000,585P,3035,2026-05-12
統一板橋,195.5,0,2000,585P,3035,2026-05-12
統一板橋,198.0,0,1000,585P,3035,2026-05-12
統一板橋,200.5,0,6000,585P,3035,2026-05-12
統一板橋,202.5,1000,0,585P,3035,2026-05-12
統一板橋,205.0,0,1000,585P,3035,2026-05-12
統一板橋,207.5,0,1000,585P,3035,2026-05-12
統一板橋,208.5,10,0,585P,3035,2026-05-12
統一三多,189.5,1000,0,585Q,3035,2026-05-12
統一三多,194.0,2000,0,585Q,3035,2026-05-12
統一三多,195.0,200,0,585Q,3035,2026-05-12
統一三多,197.0,1000,0,585Q,3035,2026-05-12
統一三多,200.5,1000,0,585Q,3035,2026-05-12
統一三多,204.5,0,100,585Q,3035,2026-05-12
統一東湖,188.5,1000,0,585R,3035,2026-05-12
統一南京,190.0,0,2000,585U,3035,2026-05-12
統一南京,189.0,2000,2000,585U,3035,2026-05-12
統一宜蘭,198.5,0,2000,585S,3035,2026-05-12
統一宜蘭,195.5,0,6000,585S,3035,2026-05-12
統一宜蘭,190.0,0,3000,585S,3035,2026-05-12
統一宜蘭,188.5,1000,0,585S,3035,2026-05-12
統一士林,207.5,1000,1000,585M,3035,2026-05-12
統一東湖,209.5,1000,0,585R,3035,2026-05-12
統一東湖,202.0,1000,0,585R,3035,2026-05-12
統一東湖,200.0,1000,0,585R,3035,2026-05-12
統一東湖,195.5,1000,1000,585R,3035,2026-05-12
統一東湖,194.0,1000,4000,585R,3035,2026-05-12
統一東湖,192.5,1000,0,585R,3035,2026-05-12
統一東湖,191.0,0,60,585R,3035,2026-05-12
統一東湖,208.0,1000,0,585R,3035,2026-05-12
統一士林,204.5,100,0,585M,3035,2026-05-12
統一士林,203.0,1000,0,585M,3035,2026-05-12
統一士林,201.0,0,1000,585M,3035,2026-05-12
統一三重,197.0,2000,0,585J,3035,2026-05-12
統一三重,196.0,1000,0,585J,3035,2026-05-12
統一三重,195.0,1000,2000,585J,3035,2026-05-12
統一三重,194.0,1500,4000,585J,3035,2026-05-12
統一三重,192.5,3000,0,585J,3035,2026-05-12
統一三重,191.0,2000,0,585J,3035,2026-05-12
統一三重,198.5,0,1000,585J,3035,2026-05-12
統一三重,189.0,2000,0,585J,3035,2026-05-12
統一員林,208.0,1010,0,585I,3035,2026-05-12
統一員林,202.0,10,0,585I,3035,2026-05-12
統一員林,200.5,0,4000,585I,3035,2026-05-12
統一員林,198.5,0,2000,585I,3035,2026-05-12
統一員林,196.0,1000,0,585I,3035,2026-05-12
統一員林,194.5,10,1000,585I,3035,2026-05-12
統一三重,188.0,2510,0,585J,3035,2026-05-12
中信三重,195.0,228,19000,6161,3035,2026-05-12
統一三重,200.0,0,200,585J,3035,2026-05-12
統一三重,203.5,50,0,585J,3035,2026-05-12
統一士林,200.0,0,3000,585M,3035,2026-05-12
統一士林,197.5,1000,1000,585M,3035,2026-05-12
統一士林,196.0,0,5000,585M,3035,2026-05-12
統一士林,195.0,0,132,585M,3035,2026-05-12
統一士林,194.0,1000,15000,585M,3035,2026-05-12
統一士林,193.0,3000,1000,585M,3035,2026-05-12
統一三重,201.5,50,0,585J,3035,2026-05-12
統一士林,191.5,2000,0,585M,3035,2026-05-12
統一士林,189.5,0,6000,585M,3035,2026-05-12
統一竹南,208.5,0,1000,585m,3035,2026-05-12
統一竹南,204.0,1000,0,585m,3035,2026-05-12
統一竹南,201.0,2000,0,585m,3035,2026-05-12
統一竹南,192.0,0,30,585m,3035,2026-05-12
統一三重,210.0,104,100,585J,3035,2026-05-12
統一士林,190.5,10000,0,585M,3035,2026-05-12
中信三重,196.0,0,10000,6161,3035,2026-05-12
中信三重,197.0,0,1000,6161,3035,2026-05-12
中信三重,199.0,0,1000,6161,3035,2026-05-12
永全八德,197.5,0,1000,6452,3035,2026-05-12
永全八德,203.0,2000,0,6452,3035,2026-05-12
大昌,188.0,1000,0,6460,3035,2026-05-12
大昌,189.0,1000,2,6460,3035,2026-05-12
大昌,190.0,4000,1001,6460,3035,2026-05-12
大昌,192.0,0,2200,6460,3035,2026-05-12
大昌,193.0,0,2000,6460,3035,2026-05-12
大昌,194.0,1000,7001,6460,3035,2026-05-12
大昌,195.5,0,1,6460,3035,2026-05-12
大昌,197.0,100,0,6460,3035,2026-05-12
大昌,199.0,0,1000,6460,3035,2026-05-12
大昌,201.0,0,1,6460,3035,2026-05-12
大昌,202.5,2000,0,6460,3035,2026-05-12
大昌,204.0,0,1000,6460,3035,2026-05-12
大昌,207.0,1030,0,6460,3035,2026-05-12
大昌,208.5,1000,1000,6460,3035,2026-05-12
大昌樹林,188.5,2000,0,6461,3035,2026-05-12
大昌安康,193.0,1000,1000,6462,3035,2026-05-12
大昌安康,190.0,5000,6000,6462,3035,2026-05-12
大昌樹林,210.0,0,550,6461,3035,2026-05-12
大昌樹林,206.5,0,4,6461,3035,2026-05-12
大昌樹林,204.0,1000,0,6461,3035,2026-05-12
大昌樹林,200.5,2000,1000,6461,3035,2026-05-12
永全八德,194.0,1000,2000,6452,3035,2026-05-12
大昌樹林,199.0,1000,0,6461,3035,2026-05-12
大昌樹林,196.5,1000,0,6461,3035,2026-05-12
大昌樹林,195.5,1000,1000,6461,3035,2026-05-12
大昌樹林,194.0,1100,4000,6461,3035,2026-05-12
大昌樹林,192.5,10000,0,6461,3035,2026-05-12
大昌樹林,191.5,1000,0,6461,3035,2026-05-12
大昌樹林,190.0,1000,0,6461,3035,2026-05-12
大昌樹林,197.5,6200,0,6461,3035,2026-05-12
大昌安康,200.0,0,1000,6462,3035,2026-05-12
永全八德,193.0,2000,0,6452,3035,2026-05-12
永全南崁,195.5,1000,1000,6451,3035,2026-05-12
光和,200.5,0,1000,6380,3035,2026-05-12
光和,201.5,0,100,6380,3035,2026-05-12
光和,205.0,0,1000,6380,3035,2026-05-12
光和溪湖,188.0,1000,0,6381,3035,2026-05-12
光和溪湖,190.0,1000,0,6381,3035,2026-05-12
光和溪湖,193.0,100,1000,6381,3035,2026-05-12
光和溪湖,197.0,1000,0,6381,3035,2026-05-12
光和溪湖,201.5,20,0,6381,3035,2026-05-12
光和溪湖,202.5,0,1050,6381,3035,2026-05-12
光和溪湖,208.0,0,300,6381,3035,2026-05-12
光和田中,194.0,0,60,6382,3035,2026-05-12
光和田中,197.5,0,100,6382,3035,2026-05-12
光和田中,200.0,1000,0,6382,3035,2026-05-12
光和田中,210.0,0,1000,6382,3035,2026-05-12
光和和美,207.5,100,0,6383,3035,2026-05-12
光和花壇,193.5,0,5000,6385,3035,2026-05-12
光和花壇,200.0,5000,0,6385,3035,2026-05-12
永全南崁,194.0,1000,6300,6451,3035,2026-05-12
永全南崁,191.5,0,2000,6451,3035,2026-05-12
永全,199.5,0,2000,6450,3035,2026-05-12
永全,197.5,1000,0,6450,3035,2026-05-12
永全,189.5,1000,0,6450,3035,2026-05-12
光和高雄,209.0,0,100,638D,3035,2026-05-12
永全南崁,197.0,0,2000,6451,3035,2026-05-12
光和高雄,205.0,0,100,638D,3035,2026-05-12
光和高雄,195.0,0,1000,638D,3035,2026-05-12
光和高雄,190.5,0,300,638D,3035,2026-05-12
光和高雄,189.0,2000,0,638D,3035,2026-05-12
光和嘉義,198.5,0,1000,638A,3035,2026-05-12
光和嘉義,194.0,1000,0,638A,3035,2026-05-12
光和花壇,209.5,30,0,6385,3035,2026-05-12
光和高雄,200.5,0,100,638D,3035,2026-05-12
大昌安康,202.0,0,1000,6462,3035,2026-05-12
大昌安康,203.0,0,1000,6462,3035,2026-05-12
大昌安康,209.0,0,1000,6462,3035,2026-05-12
福邦,198.0,0,1000,6480,3035,2026-05-12
福邦,201.0,0,1000,6480,3035,2026-05-12
福邦新竹,189.0,100,0,6489,3035,2026-05-12
福邦新竹,193.0,100,0,6489,3035,2026-05-12
福邦新竹,194.0,50,0,6489,3035,2026-05-12
口袋,188.5,3000,0,6620,3035,2026-05-12
口袋,189.5,1000,1001,6620,3035,2026-05-12
口袋,190.5,3000,0,6620,3035,2026-05-12
口袋,191.5,3000,1000,6620,3035,2026-05-12
口袋,192.5,4040,1000,6620,3035,2026-05-12
口袋,193.5,4002,1000,6620,3035,2026-05-12
口袋,194.5,2500,2100,6620,3035,2026-05-12
口袋,195.5,2300,0,6620,3035,2026-05-12
口袋,196.5,20000,0,6620,3035,2026-05-12
口袋,197.5,1000,4000,6620,3035,2026-05-12
口袋,198.5,2110,1100,6620,3035,2026-05-12
口袋,199.5,0,5000,6620,3035,2026-05-12
德信,197.0,2000,0,6910,3035,2026-05-12
德信,194.5,1000,0,6910,3035,2026-05-12
德信,192.0,0,2000,6910,3035,2026-05-12
德信,190.0,3000,2000,6910,3035,2026-05-12
德信,188.5,1000,0,6910,3035,2026-05-12
口袋,210.0,25,101,6620,3035,2026-05-12
福邦,197.0,0,49000,6480,3035,2026-05-12
口袋,209.0,1010,1200,6620,3035,2026-05-12
口袋,206.5,4000,0,6620,3035,2026-05-12
口袋,204.5,5200,10000,6620,3035,2026-05-12
口袋,203.5,1005,6000,6620,3035,2026-05-12
口袋,202.5,5,0,6620,3035,2026-05-12
口袋,201.5,0,3000,6620,3035,2026-05-12
口袋,200.5,9000,0,6620,3035,2026-05-12
口袋,208.0,3054,5000,6620,3035,2026-05-12
福邦,193.5,1000,0,6480,3035,2026-05-12
大昌桃園,208.0,200,0,6465,3035,2026-05-12
大昌桃園,204.0,1000,0,6465,3035,2026-05-12
大昌新店,198.0,1110,0,6464,3035,2026-05-12
大昌新店,196.0,5000,115,6464,3035,2026-05-12
大昌新店,195.0,1000,0,6464,3035,2026-05-12
大昌新店,194.0,2000,2100,6464,3035,2026-05-12
大昌新店,193.0,5233,3000,6464,3035,2026-05-12
大昌新店,192.0,266,1000,6464,3035,2026-05-12
大昌新店,199.0,0,1000,6464,3035,2026-05-12
大昌新店,191.0,2000,0,6464,3035,2026-05-12
大昌新店,188.0,2000,0,6464,3035,2026-05-12
大昌新竹,209.5,1000,0,6463,3035,2026-05-12
大昌新竹,206.5,0,100,6463,3035,2026-05-12
大昌新竹,199.0,0,1000,6463,3035,2026-05-12
大昌新竹,195.5,1000,0,6463,3035,2026-05-12
大昌新竹,191.0,0,58,6463,3035,2026-05-12
大昌新店,190.0,1000,185,6464,3035,2026-05-12
光和,198.5,0,1000,6380,3035,2026-05-12
大昌新店,200.0,0,3000,6464,3035,2026-05-12
大昌新店,203.5,0,30,6464,3035,2026-05-12
大昌桃園,202.5,1000,5000,6465,3035,2026-05-12
大昌桃園,200.5,2000,0,6465,3035,2026-05-12
大昌桃園,199.0,0,3000,6465,3035,2026-05-12
大昌桃園,198.0,2000,0,6465,3035,2026-05-12
大昌桃園,197.0,0,1000,6465,3035,2026-05-12
大昌桃園,196.0,2000,1000,6465,3035,2026-05-12
大昌新店,202.5,1000,0,6464,3035,2026-05-12
大昌桃園,194.5,2000,1000,6465,3035,2026-05-12
大昌桃園,192.5,1000,0,6465,3035,2026-05-12
大昌桃園,190.5,1025,0,6465,3035,2026-05-12
大昌桃園,187.5,1000,0,6465,3035,2026-05-12
大昌新店,209.5,130,1000,6464,3035,2026-05-12
大昌新店,208.0,0,1000,6464,3035,2026-05-12
大昌新店,204.5,1010,1000,6464,3035,2026-05-12
大昌桃園,193.5,3200,1000,6465,3035,2026-05-12
國票南崁,197.5,2000,0,779E,3035,2026-05-12
光和,196.5,4000,1000,6380,3035,2026-05-12
光和,193.0,1000,0,6380,3035,2026-05-12
中信託永,204.5,1000,0,6163,3035,2026-05-12
中信託永,208.0,100,1000,6163,3035,2026-05-12
中信託永,209.0,0,10000,6163,3035,2026-05-12
中信託文,187.0,0,1000,6164,3035,2026-05-12
中信託文,189.0,5100,0,6164,3035,2026-05-12
中信託文,190.0,0,5000,6164,3035,2026-05-12
中信託文,191.0,2300,55,6164,3035,2026-05-12
中信託文,192.0,2000,0,6164,3035,2026-05-12
中信託文,193.0,15000,0,6164,3035,2026-05-12
中信託文,194.0,5000,1100,6164,3035,2026-05-12
中信託文,195.0,1000,0,6164,3035,2026-05-12
中信託文,196.0,11000,0,6164,3035,2026-05-12
中信託文,197.5,15000,0,6164,3035,2026-05-12
中信託文,198.5,3050,1000,6164,3035,2026-05-12
中信託文,199.5,6000,0,6164,3035,2026-05-12
中信託文,200.5,13000,0,6164,3035,2026-05-12
中信託文,201.5,200,0,6164,3035,2026-05-12
中信託新,196.5,6000,1000,6165,3035,2026-05-12
中信託新,195.5,2000,0,6165,3035,2026-05-12
中信託新,194.5,0,1000,6165,3035,2026-05-12
中信託新,193.5,0,6560,6165,3035,2026-05-12
中信託新,192.5,2000,2000,6165,3035,2026-05-12
中信託新,191.0,2000,0,6165,3035,2026-05-12
中信託永,202.0,2250,1000,6163,3035,2026-05-12
中信託新,189.0,3000,0,6165,3035,2026-05-12
中信託文,209.5,411,0,6164,3035,2026-05-12
中信託文,208.5,1100,0,6164,3035,2026-05-12
中信託文,207.5,1000,0,6164,3035,2026-05-12
中信託文,206.0,1000,1000,6164,3035,2026-05-12
中信託文,204.5,5000,0,6164,3035,2026-05-12
中信託文,202.5,1020,0,6164,3035,2026-05-12
中信託新,188.0,1000,0,6165,3035,2026-05-12
中信託新,198.0,1010,3076,6165,3035,2026-05-12
中信託永,200.0,1000,2000,6163,3035,2026-05-12
中信託永,197.5,0,7000,6163,3035,2026-05-12
中信三重,202.0,1000,0,6161,3035,2026-05-12
中信三重,203.0,0,1000,6161,3035,2026-05-12
中信三重,205.0,0,10,6161,3035,2026-05-12
中信三重,207.0,0,1000,6161,3035,2026-05-12
中信三重,208.5,0,10200,6161,3035,2026-05-12
中信三重,209.5,1000,1000,6161,3035,2026-05-12
中信託忠,188.0,100,0,6162,3035,2026-05-12
中信託忠,189.0,1015,0,6162,3035,2026-05-12
中信託忠,190.0,1000,8000,6162,3035,2026-05-12
中信託忠,191.0,50,2000,6162,3035,2026-05-12
中信託忠,192.0,3000,1100,6162,3035,2026-05-12
中信託忠,193.0,0,4000,6162,3035,2026-05-12
中信託忠,194.0,21000,3000,6162,3035,2026-05-12
中信託忠,195.0,1235,3000,6162,3035,2026-05-12
中信託忠,196.0,0,13000,6162,3035,2026-05-12
中信託忠,197.5,1000,0,6162,3035,2026-05-12
中信託忠,198.5,0,1000,6162,3035,2026-05-12
中信託永,196.5,0,5000,6163,3035,2026-05-12
中信託永,195.5,1100,0,6163,3035,2026-05-12
中信託永,194.5,2100,1000,6163,3035,2026-05-12
中信託永,193.5,2100,0,6163,3035,2026-05-12
中信託永,192.5,2000,3000,6163,3035,2026-05-12
中信託永,191.0,4000,0,6163,3035,2026-05-12
中信託永,199.0,1000,1000,6163,3035,2026-05-12
中信託永,190.0,5000,2150,6163,3035,2026-05-12
中信託忠,210.0,100,0,6162,3035,2026-05-12
中信託忠,209.0,1000,0,6162,3035,2026-05-12
中信託忠,208.0,1000,1000,6162,3035,2026-05-12
中信託忠,203.5,0,50,6162,3035,2026-05-12
中信託忠,201.5,2000,1000,6162,3035,2026-05-12
中信託忠,199.5,250,0,6162,3035,2026-05-12
中信託永,189.0,500,1000,6163,3035,2026-05-12
中信託新,199.5,0,2000,6165,3035,2026-05-12
中信託新,201.0,1000,0,6165,3035,2026-05-12
中信託新,203.5,1000,0,6165,3035,2026-05-12
中信中壢,210.5,1000,0,616A,3035,2026-05-12
中信託高,190.0,2000,1000,616K,3035,2026-05-12
中信託高,192.0,1000,11000,616K,3035,2026-05-12
中信託高,193.0,2000,16000,616K,3035,2026-05-12
中信託高,194.0,1500,0,616K,3035,2026-05-12
中信託高,195.0,1000,0,616K,3035,2026-05-12
中信託高,196.5,2000,0,616K,3035,2026-05-12
中信託高,198.0,1000,100,616K,3035,2026-05-12
中信託高,199.0,1000,3000,616K,3035,2026-05-12
中信託高,200.0,2000,2000,616K,3035,2026-05-12
中信託高,201.0,4000,2000,616K,3035,2026-05-12
中信託高,202.0,0,2000,616K,3035,2026-05-12
中信託高,206.5,1000,0,616K,3035,2026-05-12
中信託高,208.0,1000,5100,616K,3035,2026-05-12
中信託高,209.0,0,1000,616K,3035,2026-05-12
新百王,189.0,4110,0,6210,3035,2026-05-12
新百王,190.0,0,1000,6210,3035,2026-05-12
光和,191.5,20,0,6380,3035,2026-05-12
光和,189.0,4000,0,6380,3035,2026-05-12
新百王,210.0,0,10,6210,3035,2026-05-12
新百王,208.5,2000,3000,6210,3035,2026-05-12
新百王,207.0,1000,1000,6210,3035,2026-05-12
新百王,202.5,0,5000,6210,3035,2026-05-12
中信中壢,208.5,6000,1200,616A,3035,2026-05-12
新百王,201.0,1000,2000,6210,3035,2026-05-12
新百王,196.5,0,1000,6210,3035,2026-05-12
新百王,195.5,10000,0,6210,3035,2026-05-12
新百王,194.5,0,1000,6210,3035,2026-05-12
新百王,193.5,1020,7000,6210,3035,2026-05-12
新百王,192.5,20,3000,6210,3035,2026-05-12
新百王,191.5,1000,0,6210,3035,2026-05-12
新百王,198.5,1000,0,6210,3035,2026-05-12
中信中壢,207.0,0,1000,616A,3035,2026-05-12
中信中壢,204.5,1000,0,616A,3035,2026-05-12
中信中壢,202.5,1100,1000,616A,3035,2026-05-12
中信嘉義,193.5,0,1000,6168,3035,2026-05-12
中信嘉義,192.5,75,0,6168,3035,2026-05-12
中信嘉義,191.5,1000,1000,6168,3035,2026-05-12
中信嘉義,190.5,400,0,6168,3035,2026-05-12
中信嘉義,189.0,5100,1000,6168,3035,2026-05-12
中信松江,209.0,0,1000,6167,3035,2026-05-12
中信嘉義,194.5,0,1000,6168,3035,2026-05-12
中信松江,207.5,2000,0,6167,3035,2026-05-12
中信松江,197.5,1000,1000,6167,3035,2026-05-12
中信松江,195.0,1000,0,6167,3035,2026-05-12
中信松江,193.5,1000,0,6167,3035,2026-05-12
中信松江,192.5,1000,0,6167,3035,2026-05-12
中信託新,210.5,1000,0,6165,3035,2026-05-12
中信託新,208.5,2000,0,6165,3035,2026-05-12
中信松江,199.0,1000,0,6167,3035,2026-05-12
光和,194.5,100,0,6380,3035,2026-05-12
中信嘉義,195.5,75,0,6168,3035,2026-05-12
中信嘉義,198.5,1000,4000,6168,3035,2026-05-12
中信中壢,201.0,2000,1000,616A,3035,2026-05-12
中信中壢,200.0,0,1000,616A,3035,2026-05-12
中信中壢,197.0,100,0,616A,3035,2026-05-12
中信中壢,195.0,6505,0,616A,3035,2026-05-12
中信中壢,194.0,100,4000,616A,3035,2026-05-12
中信中壢,193.0,3000,1000,616A,3035,2026-05-12
中信嘉義,196.5,75,0,6168,3035,2026-05-12
中信中壢,192.0,1000,5000,616A,3035,2026-05-12
中信中壢,189.0,80,1000,616A,3035,2026-05-12
中信嘉義,209.5,1000,0,6168,3035,2026-05-12
中信嘉義,207.5,2000,0,6168,3035,2026-05-12
中信嘉義,203.5,0,1000,6168,3035,2026-05-12
中信嘉義,202.5,1000,0,6168,3035,2026-05-12
中信嘉義,200.5,1000,1000,6168,3035,2026-05-12
中信中壢,190.0,2100,0,616A,3035,2026-05-12
凱基大安,208.0,0,1000,9291,3035,2026-05-12
元大鳳中,199.0,2000,1000,985C,3035,2026-05-12
凱基頭份,189.0,1100,0,9296,3035,2026-05-12
元大嘉義,188.5,1000,0,989g,3035,2026-05-12
元大嘉義,189.5,0,15000,989g,3035,2026-05-12
元大嘉義,190.5,4000,0,989g,3035,2026-05-12
元大嘉義,191.5,3000,1000,989g,3035,2026-05-12
元大嘉義,192.5,2010,0,989g,3035,2026-05-12
元大嘉義,193.5,2000,4050,989g,3035,2026-05-12
元大嘉義,195.0,1000,1000,989g,3035,2026-05-12
元大嘉義,196.0,2000,0,989g,3035,2026-05-12
元大嘉義,197.0,1000,0,989g,3035,2026-05-12
元大嘉義,198.0,2014,1500,989g,3035,2026-05-12
元大嘉義,199.0,1028,0,989g,3035,2026-05-12
元大嘉義,200.0,1005,1000,989g,3035,2026-05-12
元大嘉義,202.0,0,6000,989g,3035,2026-05-12
元大嘉義,203.0,0,44,989g,3035,2026-05-12
元大嘉義,206.5,1000,0,989g,3035,2026-05-12
元大嘉義,208.5,0,3000,989g,3035,2026-05-12
元大嘉義,210.0,201,0,989g,3035,2026-05-12
元大大同,202.0,1000,1032,989G,3035,2026-05-12
元大大同,200.5,0,1000,989G,3035,2026-05-12
元大大同,199.5,3000,0,989G,3035,2026-05-12
元大大同,198.5,12,0,989G,3035,2026-05-12
元大大同,197.5,3200,1000,989G,3035,2026-05-12
元大大同,196.5,6000,0,989G,3035,2026-05-12
元大嘉義,187.5,1000,0,989g,3035,2026-05-12
元大大同,195.0,1023,0,989G,3035,2026-05-12
元大大同,193.0,1000,2000,989G,3035,2026-05-12
元大大同,192.0,100,2000,989G,3035,2026-05-12
元大大同,191.0,2000,0,989G,3035,2026-05-12
元大大同,190.0,4000,1000,989G,3035,2026-05-12
元大大同,189.0,3000,1000,989G,3035,2026-05-12
元大大同,188.0,3000,1000,989G,3035,2026-05-12
元大大同,194.0,3130,0,989G,3035,2026-05-12
元大大同,203.5,0,2000,989G,3035,2026-05-12
元大高雄,209.0,0,3,989F,3035,2026-05-12
元大高雄,203.5,1000,0,989F,3035,2026-05-12
元大草屯,202.0,0,1000,989E,3035,2026-05-12
元大草屯,204.5,1000,0,989E,3035,2026-05-12
元大草屯,207.5,1000,0,989E,3035,2026-05-12
元大草屯,209.0,0,1050,989E,3035,2026-05-12
元大草屯,210.0,0,2138,989E,3035,2026-05-12
元大東港,189.0,0,1000,989f,3035,2026-05-12
元大東港,190.5,1000,100,989f,3035,2026-05-12
元大東港,192.0,0,2000,989f,3035,2026-05-12
元大東港,193.0,0,1000,989f,3035,2026-05-12
元大東港,194.5,0,1000,989f,3035,2026-05-12
元大東港,195.5,2000,0,989f,3035,2026-05-12
元大東港,197.5,6000,0,989f,3035,2026-05-12
元大東港,199.0,1000,100,989f,3035,2026-05-12
元大東港,201.0,2000,0,989f,3035,2026-05-12
元大東港,203.5,500,25000,989f,3035,2026-05-12
元大東港,207.0,5000,0,989f,3035,2026-05-12
元大東港,208.5,100,3010,989f,3035,2026-05-12
元大高雄,202.0,0,1000,989F,3035,2026-05-12
元大高雄,200.5,4000,3000,989F,3035,2026-05-12
元大高雄,199.5,1000,1000,989F,3035,2026-05-12
元大高雄,198.5,3000,0,989F,3035,2026-05-12
元大高雄,197.5,1000,0,989F,3035,2026-05-12
元大高雄,196.0,5000,0,989F,3035,2026-05-12
元大高雄,204.5,1000,0,989F,3035,2026-05-12
元大高雄,194.5,1000,340,989F,3035,2026-05-12
元大高雄,192.5,0,1100,989F,3035,2026-05-12
元大高雄,191.5,1000,0,989F,3035,2026-05-12
元大高雄,190.0,2000,0,989F,3035,2026-05-12
元大高雄,189.0,5002,0,989F,3035,2026-05-12
元大高雄,188.0,4,0,989F,3035,2026-05-12
元大東港,210.0,0,50,989f,3035,2026-05-12
元大高雄,193.5,1300,11000,989F,3035,2026-05-12
元大草屯,200.5,7000,2000,989E,3035,2026-05-12
元大大同,206.0,0,2000,989G,3035,2026-05-12
元大大同,210.0,0,189,989G,3035,2026-05-12
元大彰生,192.5,1000,2000,989J,3035,2026-05-12
元大彰生,194.0,2000,0,989J,3035,2026-05-12
元大彰生,195.0,1120,2000,989J,3035,2026-05-12
元大彰生,198.0,1000,0,989J,3035,2026-05-12
元大彰生,199.5,100,1000,989J,3035,2026-05-12
元大彰生,201.0,0,2000,989J,3035,2026-05-12
元大彰生,202.0,0,1000,989J,3035,2026-05-12
元大彰生,206.0,1000,0,989J,3035,2026-05-12
元大彰生,209.5,0,1000,989J,3035,2026-05-12
元大古亭,189.0,2000,0,989k,3035,2026-05-12
元大古亭,191.5,10000,0,989k,3035,2026-05-12
元大古亭,192.5,3000,1000,989k,3035,2026-05-12
元大古亭,193.5,1000,0,989k,3035,2026-05-12
元大古亭,194.5,1000,1000,989k,3035,2026-05-12
元大古亭,196.0,0,1000,989k,3035,2026-05-12
元大古亭,197.0,1000,0,989k,3035,2026-05-12
元大古亭,198.5,1000,0,989k,3035,2026-05-12
元大成功,202.0,0,2000,989L,3035,2026-05-12
元大成功,200.5,2000,0,989L,3035,2026-05-12
元大成功,199.5,50,1000,989L,3035,2026-05-12
元大成功,198.5,1000,0,989L,3035,2026-05-12
元大成功,197.5,1038,0,989L,3035,2026-05-12
元大成功,195.0,150,0,989L,3035,2026-05-12
元大彰生,191.5,0,1000,989J,3035,2026-05-12
元大成功,194.0,2000,6000,989L,3035,2026-05-12
元大成功,189.5,0,2000,989L,3035,2026-05-12
元大古亭,208.5,1000,0,989k,3035,2026-05-12
元大古亭,207.5,3000,0,989k,3035,2026-05-12
元大古亭,203.0,25,0,989k,3035,2026-05-12
元大古亭,201.0,1000,1000,989k,3035,2026-05-12
元大古亭,200.0,1000,0,989k,3035,2026-05-12
元大成功,192.0,2500,1000,989L,3035,2026-05-12
元大大同,208.0,2000,1000,989G,3035,2026-05-12
元大彰生,190.0,50,1200,989J,3035,2026-05-12
元大樹林,210.0,1005,0,989j,3035,2026-05-12
元大蘆中,189.5,4005,10,989I,3035,2026-05-12
元大蘆中,190.5,0,5000,989I,3035,2026-05-12
元大蘆中,192.0,0,5147,989I,3035,2026-05-12
元大蘆中,193.0,7000,1000,989I,3035,2026-05-12
元大蘆中,194.0,3000,3000,989I,3035,2026-05-12
元大蘆中,195.0,1042,1200,989I,3035,2026-05-12
元大蘆中,196.0,20,0,989I,3035,2026-05-12
元大蘆中,197.0,100,1000,989I,3035,2026-05-12
元大蘆中,198.0,1000,1000,989I,3035,2026-05-12
元大蘆中,199.0,3000,0,989I,3035,2026-05-12
元大蘆中,201.0,300,0,989I,3035,2026-05-12
元大蘆中,203.0,1000,0,989I,3035,2026-05-12
元大蘆中,205.0,0,5000,989I,3035,2026-05-12
元大蘆中,208.0,150,0,989I,3035,2026-05-12
元大樹林,187.0,0,1000,989j,3035,2026-05-12
元大樹林,189.0,1300,0,989j,3035,2026-05-12
元大樹林,190.0,1012,100,989j,3035,2026-05-12
元大樹林,208.0,100,0,989j,3035,2026-05-12
元大樹林,206.5,0,1000,989j,3035,2026-05-12
元大樹林,205.0,0,2000,989j,3035,2026-05-12
元大樹林,203.0,0,1000,989j,3035,2026-05-12
元大樹林,201.0,1000,0,989j,3035,2026-05-12
元大樹林,200.0,120,1060,989j,3035,2026-05-12
元大彰生,189.0,3000,1000,989J,3035,2026-05-12
元大樹林,199.0,0,3000,989j,3035,2026-05-12
元大樹林,196.5,1001,0,989j,3035,2026-05-12
元大樹林,195.5,0,3000,989j,3035,2026-05-12
元大樹林,194.5,6000,3000,989j,3035,2026-05-12
元大樹林,193.5,0,2000,989j,3035,2026-05-12
元大樹林,192.5,1100,0,989j,3035,2026-05-12
元大樹林,191.5,1000,0,989j,3035,2026-05-12
元大樹林,197.5,99,1000,989j,3035,2026-05-12
元大草屯,199.5,1100,0,989E,3035,2026-05-12
元大草屯,198.0,1000,3000,989E,3035,2026-05-12
元大草屯,197.0,6000,0,989E,3035,2026-05-12
元大北投,192.0,2000,2000,989A,3035,2026-05-12
元大北投,193.5,11050,0,989A,3035,2026-05-12
元大北投,194.5,2010,0,989A,3035,2026-05-12
元大北投,195.5,400,1000,989A,3035,2026-05-12
元大北投,196.5,1000,0,989A,3035,2026-05-12
元大北投,197.5,1000,0,989A,3035,2026-05-12
元大北投,200.5,1000,0,989A,3035,2026-05-12
元大北投,202.5,1000,0,989A,3035,2026-05-12
元大北投,205.5,0,1000,989A,3035,2026-05-12
元大北投,207.5,2000,0,989A,3035,2026-05-12
元大北投,208.5,20,1000,989A,3035,2026-05-12
元大北投,210.0,0,700,989A,3035,2026-05-12
元大中港,189.0,1007,0,989B,3035,2026-05-12
元大中港,190.0,13,0,989B,3035,2026-05-12
元大中港,191.0,1000,0,989B,3035,2026-05-12
元大中港,192.0,1000,0,989B,3035,2026-05-12
元大中港,193.0,2000,1000,989B,3035,2026-05-12
元大板橋,189.0,0,23000,989C,3035,2026-05-12
元大板橋,188.0,1050,0,989C,3035,2026-05-12
元大中港,209.0,0,2050,989B,3035,2026-05-12
元大中港,206.0,2000,0,989B,3035,2026-05-12
元大中港,204.5,12000,0,989B,3035,2026-05-12
元大中港,202.5,0,1000,989B,3035,2026-05-12
元大北投,191.0,100,0,989A,3035,2026-05-12
元大中港,201.5,10000,0,989B,3035,2026-05-12
元大中港,199.0,0,1055,989B,3035,2026-05-12
元大中港,198.0,1000,2000,989B,3035,2026-05-12
元大中港,197.0,5000,0,989B,3035,2026-05-12
元大中港,196.0,6000,5000,989B,3035,2026-05-12
元大中港,195.0,15,2000,989B,3035,2026-05-12
元大中港,194.0,500,1000,989B,3035,2026-05-12
元大中港,200.0,0,2000,989B,3035,2026-05-12
元大板橋,190.0,0,230,989C,3035,2026-05-12
元大北投,190.0,2050,40,989A,3035,2026-05-12
元大北投,188.0,2000,0,989A,3035,2026-05-12
元大淡水,189.5,2000,1000,9899,3035,2026-05-12
元大淡水,190.5,1036,0,9899,3035,2026-05-12
元大淡水,191.5,1000,7000,9899,3035,2026-05-12
元大淡水,192.5,3015,0,9899,3035,2026-05-12
元大淡水,193.5,3005,0,9899,3035,2026-05-12
元大淡水,194.5,3006,0,9899,3035,2026-05-12
元大淡水,195.5,1000,0,9899,3035,2026-05-12
元大淡水,198.0,1000,1000,9899,3035,2026-05-12
元大淡水,199.0,1000,0,9899,3035,2026-05-12
元大淡水,201.0,3000,0,9899,3035,2026-05-12
元大淡水,202.5,1000,2000,9899,3035,2026-05-12
元大淡水,204.0,1000,0,9899,3035,2026-05-12
元大淡水,208.0,0,1000,9899,3035,2026-05-12
元大淡水,210.0,2200,1000,9899,3035,2026-05-12
元大苑裡,188.5,1000,0,989a,3035,2026-05-12
元大苑裡,189.5,111,0,989a,3035,2026-05-12
元大苑裡,192.0,0,100,989a,3035,2026-05-12
元大苑裡,209.0,1000,100,989a,3035,2026-05-12
元大苑裡,208.0,1000,0,989a,3035,2026-05-12
元大苑裡,205.5,0,100,989a,3035,2026-05-12
元大苑裡,204.5,330,0,989a,3035,2026-05-12
元大苑裡,203.0,0,1000,989a,3035,2026-05-12
元大苑裡,202.0,0,4200,989a,3035,2026-05-12
元大北投,189.0,1000,4000,989A,3035,2026-05-12
元大苑裡,201.0,4000,1000,989a,3035,2026-05-12
元大苑裡,198.5,0,700,989a,3035,2026-05-12
元大苑裡,197.5,2200,0,989a,3035,2026-05-12
元大苑裡,196.0,0,2000,989a,3035,2026-05-12
元大苑裡,195.0,1000,0,989a,3035,2026-05-12
元大苑裡,194.0,3000,4000,989a,3035,2026-05-12
元大苑裡,193.0,100,1100,989a,3035,2026-05-12
元大苑裡,200.0,1040,0,989a,3035,2026-05-12
元大板橋,191.0,150,0,989C,3035,2026-05-12
元大板橋,192.0,1000,3000,989C,3035,2026-05-12
元大板橋,193.0,9250,0,989C,3035,2026-05-12
元大左營,197.5,1020,53,989D,3035,2026-05-12
元大左營,200.0,0,200,989D,3035,2026-05-12
元大左營,202.0,0,2000,989D,3035,2026-05-12
元大左營,203.5,0,1000,989D,3035,2026-05-12
元大左營,205.0,0,1000,989D,3035,2026-05-12
元大左營,207.0,0,20,989D,3035,2026-05-12
元大左營,208.0,0,1000,989D,3035,2026-05-12
元大左營,210.0,2000,210,989D,3035,2026-05-12
元大中和,188.0,1003,0,989e,3035,2026-05-12
元大中和,189.5,1530,600,989e,3035,2026-05-12
元大中和,191.5,0,1000,989e,3035,2026-05-12
元大中和,192.5,2000,0,989e,3035,2026-05-12
元大中和,193.5,4000,1000,989e,3035,2026-05-12
元大中和,194.5,1000,2000,989e,3035,2026-05-12
元大中和,195.5,1010,2000,989e,3035,2026-05-12
元大中和,197.5,0,58,989e,3035,2026-05-12
元大中和,199.0,0,1000,989e,3035,2026-05-12
元大草屯,196.0,2000,1000,989E,3035,2026-05-12
元大草屯,194.0,75,5000,989E,3035,2026-05-12
元大草屯,193.0,4150,2000,989E,3035,2026-05-12
元大草屯,192.0,2050,2000,989E,3035,2026-05-12
元大草屯,191.0,1100,0,989E,3035,2026-05-12
元大草屯,190.0,1110,1000,989E,3035,2026-05-12
元大左營,196.0,1040,0,989D,3035,2026-05-12
元大草屯,189.0,4000,1000,989E,3035,2026-05-12
元大中和,210.0,1005,0,989e,3035,2026-05-12
元大中和,208.5,1000,3005,989e,3035,2026-05-12
元大中和,207.0,0,1000,989e,3035,2026-05-12
元大中和,204.5,1000,0,989e,3035,2026-05-12
元大中和,203.0,6000,0,989e,3035,2026-05-12
元大中和,200.5,1000,0,989e,3035,2026-05-12
元大草屯,188.0,1200,0,989E,3035,2026-05-12
元大左營,195.0,40,0,989D,3035,2026-05-12
元大左營,194.0,2040,1000,989D,3035,2026-05-12
元大左營,193.0,25,0,989D,3035,2026-05-12
元大北屯,188.5,2000,0,989d,3035,2026-05-12
元大板橋,210.0,1000,0,989C,3035,2026-05-12
元大板橋,209.0,1100,0,989C,3035,2026-05-12
元大板橋,208.0,2080,1000,989C,3035,2026-05-12
元大板橋,204.0,0,2000,989C,3035,2026-05-12
元大板橋,203.0,0,20000,989C,3035,2026-05-12
元大北屯,189.5,4150,12500,989d,3035,2026-05-12
元大板橋,202.0,1000,0,989C,3035,2026-05-12
元大板橋,199.0,1000,1005,989C,3035,2026-05-12
元大板橋,198.0,4000,5000,989C,3035,2026-05-12
元大板橋,197.0,1100,1000,989C,3035,2026-05-12
元大板橋,196.0,1150,0,989C,3035,2026-05-12
元大板橋,195.0,1404,1000,989C,3035,2026-05-12
元大板橋,194.0,4030,1000,989C,3035,2026-05-12
元大板橋,200.0,0,1000,989C,3035,2026-05-12
元大成功,203.0,100,0,989L,3035,2026-05-12
元大北屯,191.5,0,3000,989d,3035,2026-05-12
元大北屯,193.5,3000,2000,989d,3035,2026-05-12
元大左營,192.0,4000,20,989D,3035,2026-05-12
元大左營,190.5,10,0,989D,3035,2026-05-12
元大左營,188.5,1000,0,989D,3035,2026-05-12
元大北屯,209.0,30,0,989d,3035,2026-05-12
元大北屯,208.0,1000,1000,989d,3035,2026-05-12
元大北屯,204.0,2000,0,989d,3035,2026-05-12
元大北屯,192.5,3000,2000,989d,3035,2026-05-12
元大北屯,202.0,0,2000,989d,3035,2026-05-12
元大北屯,200.0,0,1000,989d,3035,2026-05-12
元大北屯,198.5,20,1000,989d,3035,2026-05-12
元大北屯,197.5,20,1000,989d,3035,2026-05-12
元大北屯,196.5,9000,0,989d,3035,2026-05-12
元大北屯,195.5,0,1000,989d,3035,2026-05-12
元大北屯,194.5,4050,1000,989d,3035,2026-05-12
元大北屯,201.0,2000,0,989d,3035,2026-05-12
元大淡水,188.5,4000,0,9899,3035,2026-05-12
元大成功,206.0,0,1000,989L,3035,2026-05-12
元大成功,209.0,1000,0,989L,3035,2026-05-12
永豐金,210.0,2339,2034,9A00,3035,2026-05-12
永豐鳳山,189.0,1000,0,9A61,3035,2026-05-12
永豐鳳山,190.0,1000,0,9A61,3035,2026-05-12
永豐鳳山,192.0,0,100,9A61,3035,2026-05-12
永豐鳳山,193.0,4000,1000,9A61,3035,2026-05-12
永豐鳳山,194.0,20,1000,9A61,3035,2026-05-12
永豐鳳山,195.5,0,1000,9A61,3035,2026-05-12
永豐鳳山,200.0,300,0,9A61,3035,2026-05-12
永豐鳳山,203.0,0,1000,9A61,3035,2026-05-12
永豐鳳山,204.0,1000,0,9A61,3035,2026-05-12
永豐鳳山,206.5,1000,0,9A61,3035,2026-05-12
永豐鳳山,208.0,0,20,9A61,3035,2026-05-12
永豐鳳山,209.5,0,50,9A61,3035,2026-05-12
永豐屏東,188.0,50,0,9A69,3035,2026-05-12
永豐屏東,189.0,0,5000,9A69,3035,2026-05-12
永豐屏東,190.0,0,20000,9A69,3035,2026-05-12
永豐屏東,193.0,1050,0,9A69,3035,2026-05-12
永豐埔里,204.5,5000,0,9A79,3035,2026-05-12
永豐埔里,202.5,1000,0,9A79,3035,2026-05-12
永豐埔里,201.5,0,100,9A79,3035,2026-05-12
永豐埔里,200.5,2000,0,9A79,3035,2026-05-12
永豐埔里,199.0,2000,1000,9A79,3035,2026-05-12
永豐埔里,196.0,1000,0,9A79,3035,2026-05-12
永豐金,209.0,3320,0,9A00,3035,2026-05-12
永豐埔里,194.0,3000,0,9A79,3035,2026-05-12
永豐埔里,190.0,1000,1000,9A79,3035,2026-05-12
永豐埔里,188.0,1000,0,9A79,3035,2026-05-12
永豐屏東,208.0,0,1000,9A69,3035,2026-05-12
永豐屏東,201.0,0,4000,9A69,3035,2026-05-12
永豐屏東,197.0,25,0,9A69,3035,2026-05-12
永豐屏東,194.5,14,0,9A69,3035,2026-05-12
永豐埔里,192.0,0,2000,9A79,3035,2026-05-12
永豐埔里,208.5,0,3000,9A79,3035,2026-05-12
永豐金,208.0,10125,1000,9A00,3035,2026-05-12
永豐金,206.0,0,100,9A00,3035,2026-05-12
元大基隆,204.0,0,1000,989Y,3035,2026-05-12
元大基隆,208.0,0,1000,989Y,3035,2026-05-12
元大基隆,210.0,0,2100,989Y,3035,2026-05-12
元大小港,189.5,1000,0,989Z,3035,2026-05-12
元大小港,192.0,99,0,989Z,3035,2026-05-12
元大小港,193.5,0,1000,989Z,3035,2026-05-12
元大小港,194.5,0,1000,989Z,3035,2026-05-12
元大小港,199.5,2000,150,989Z,3035,2026-05-12
元大小港,201.0,2000,3000,989Z,3035,2026-05-12
元大小港,203.5,1000,0,989Z,3035,2026-05-12
元大小港,208.0,1000,0,989Z,3035,2026-05-12
元大小港,209.0,7,0,989Z,3035,2026-05-12
永豐金,187.0,0,1000,9A00,3035,2026-05-12
永豐金,188.0,6256,9000,9A00,3035,2026-05-12
永豐金,189.0,8320,7000,9A00,3035,2026-05-12
永豐金,190.0,1548,6630,9A00,3035,2026-05-12
永豐金,191.0,3000,5514,9A00,3035,2026-05-12
永豐金,205.0,605,2700,9A00,3035,2026-05-12
永豐金,204.0,15355,4000,9A00,3035,2026-05-12
永豐金,203.0,5958,2100,9A00,3035,2026-05-12
永豐金,202.0,18445,5410,9A00,3035,2026-05-12
永豐金,201.0,18100,1200,9A00,3035,2026-05-12
永豐金,200.0,8206,6010,9A00,3035,2026-05-12
永豐金,207.0,3096,1010,9A00,3035,2026-05-12
永豐金,199.0,5350,2211,9A00,3035,2026-05-12
永豐金,197.0,3090,2050,9A00,3035,2026-05-12
永豐金,196.0,3000,2000,9A00,3035,2026-05-12
永豐金,195.0,5090,4035,9A00,3035,2026-05-12
永豐金,194.0,14013,11250,9A00,3035,2026-05-12
永豐金,193.0,10450,11040,9A00,3035,2026-05-12
永豐金,192.0,24162,5844,9A00,3035,2026-05-12
永豐金,198.0,4662,2180,9A00,3035,2026-05-12
元大基隆,203.0,50,0,989Y,3035,2026-05-12
永豐敦北,189.0,3000,4000,9A89,3035,2026-05-12
永豐敦北,191.5,1000,0,9A89,3035,2026-05-12
永豐松山,202.0,0,3200,9A91,3035,2026-05-12
永豐松山,204.0,0,2000,9A91,3035,2026-05-12
永豐松山,208.0,1090,0,9A91,3035,2026-05-12
永豐松山,209.0,0,1000,9A91,3035,2026-05-12
永豐松山,210.0,50,0,9A91,3035,2026-05-12
永豐萬盛,188.5,1100,0,9A92,3035,2026-05-12
永豐萬盛,189.5,5000,50,9A92,3035,2026-05-12
永豐萬盛,190.5,2000,0,9A92,3035,2026-05-12
永豐萬盛,192.0,1030,1000,9A92,3035,2026-05-12
永豐萬盛,193.0,1000,1000,9A92,3035,2026-05-12
永豐萬盛,194.0,6060,1000,9A92,3035,2026-05-12
永豐萬盛,195.5,1200,0,9A92,3035,2026-05-12
永豐萬盛,197.5,560,0,9A92,3035,2026-05-12
永豐萬盛,198.5,5130,2100,9A92,3035,2026-05-12
永豐萬盛,200.0,0,1020,9A92,3035,2026-05-12
永豐萬盛,201.0,1000,2000,9A92,3035,2026-05-12
永豐萬盛,203.0,0,1000,9A92,3035,2026-05-12
永豐新竹,201.0,1100,50,9A97,3035,2026-05-12
永豐新竹,200.0,100,8000,9A97,3035,2026-05-12
永豐新竹,199.0,2056,100,9A97,3035,2026-05-12
永豐新竹,198.0,1000,2000,9A97,3035,2026-05-12
永豐新竹,197.0,0,1050,9A97,3035,2026-05-12
永豐新竹,196.0,100,0,9A97,3035,2026-05-12
永豐松山,200.0,1000,1000,9A91,3035,2026-05-12
永豐新竹,195.0,2200,1000,9A97,3035,2026-05-12
永豐新竹,193.0,2000,0,9A97,3035,2026-05-12
永豐新竹,190.5,1000,0,9A97,3035,2026-05-12
永豐新竹,189.5,100,100,9A97,3035,2026-05-12
永豐新竹,188.5,2000,1000,9A97,3035,2026-05-12
永豐萬盛,208.5,7000,1000,9A92,3035,2026-05-12
永豐萬盛,204.5,1000,0,9A92,3035,2026-05-12
永豐新竹,194.0,3010,0,9A97,3035,2026-05-12
永豐敦北,190.5,0,110000,9A89,3035,2026-05-12
永豐松山,196.5,1000,0,9A91,3035,2026-05-12
永豐松山,194.0,1000,1135,9A91,3035,2026-05-12
永豐敦北,192.5,1000,1000,9A89,3035,2026-05-12
永豐敦北,193.5,1100,11600,9A89,3035,2026-05-12
永豐敦北,194.5,0,29000,9A89,3035,2026-05-12
永豐敦北,195.5,1000,100,9A89,3035,2026-05-12
永豐敦北,198.0,0,1020,9A89,3035,2026-05-12
永豐敦北,200.0,0,2050,9A89,3035,2026-05-12
永豐敦北,201.0,1000,0,9A89,3035,2026-05-12
永豐敦北,202.5,0,50000,9A89,3035,2026-05-12
永豐敦北,203.5,1000,1000,9A89,3035,2026-05-12
永豐敦北,205.0,0,1000,9A89,3035,2026-05-12
永豐敦北,210.0,0,1000,9A89,3035,2026-05-12
永豐敦南,188.0,420,0,9A8F,3035,2026-05-12
永豐敦南,189.5,2050,0,9A8F,3035,2026-05-12
永豐敦南,191.0,0,1000,9A8F,3035,2026-05-12
永豐敦南,192.0,3000,600,9A8F,3035,2026-05-12
永豐敦南,193.0,1300,1000,9A8F,3035,2026-05-12
永豐敦南,194.0,1200,0,9A8F,3035,2026-05-12
永豐松山,193.0,0,1000,9A91,3035,2026-05-12
永豐松山,192.0,1100,0,9A91,3035,2026-05-12
永豐松山,191.0,2000,0,9A91,3035,2026-05-12
永豐松山,190.0,0,1000,9A91,3035,2026-05-12
永豐松山,189.0,20,17000,9A91,3035,2026-05-12
永豐松山,188.0,1000,0,9A91,3035,2026-05-12
永豐松山,195.0,4110,1000,9A91,3035,2026-05-12
永豐敦南,206.5,0,1000,9A8F,3035,2026-05-12
永豐敦南,203.0,100,2000,9A8F,3035,2026-05-12
永豐敦南,201.0,80000,0,9A8F,3035,2026-05-12
永豐敦南,199.5,20000,1000,9A8F,3035,2026-05-12
永豐敦南,198.0,1000,0,9A8F,3035,2026-05-12
永豐敦南,197.0,1000,1000,9A8F,3035,2026-05-12
永豐敦南,195.0,1100,0,9A8F,3035,2026-05-12
永豐敦南,204.0,1000,0,9A8F,3035,2026-05-12
元大基隆,200.5,1000,4045,989Y,3035,2026-05-12
元大基隆,199.0,0,2000,989Y,3035,2026-05-12
元大基隆,198.0,500,615,989Y,3035,2026-05-12
元大敦南,199.5,0,250,989P,3035,2026-05-12
元大敦南,200.5,17000,0,989P,3035,2026-05-12
元大敦南,203.0,4,0,989P,3035,2026-05-12
元大敦南,204.5,38,1000,989P,3035,2026-05-12
元大敦南,207.0,300,0,989P,3035,2026-05-12
元大敦南,208.5,5,1000,989P,3035,2026-05-12
元大敦南,209.5,4,0,989P,3035,2026-05-12
元大敦南,210.5,3,0,989P,3035,2026-05-12
元大汐止,188.5,2000,7000,989Q,3035,2026-05-12
元大汐止,189.5,2500,100,989Q,3035,2026-05-12
元大汐止,190.5,1000,0,989Q,3035,2026-05-12
元大汐止,191.5,1000,2000,989Q,3035,2026-05-12
元大汐止,192.5,1150,0,989Q,3035,2026-05-12
元大汐止,193.5,5100,3000,989Q,3035,2026-05-12
元大汐止,194.5,5000,0,989Q,3035,2026-05-12
元大汐止,195.5,5100,0,989Q,3035,2026-05-12
元大汐止,196.5,3100,0,989Q,3035,2026-05-12
元大鹿港,194.0,2000,0,989S,3035,2026-05-12
元大鹿港,193.0,500,0,989S,3035,2026-05-12
元大鹿港,190.5,200,0,989S,3035,2026-05-12
元大鹿港,189.5,500,40,989S,3035,2026-05-12
元大鹿港,188.5,1000,0,989S,3035,2026-05-12
元大汐止,210.5,0,1000,989Q,3035,2026-05-12
元大敦南,197.0,1000,0,989P,3035,2026-05-12
元大汐止,209.5,20,0,989Q,3035,2026-05-12
元大汐止,204.5,449,0,989Q,3035,2026-05-12
元大汐止,203.0,1000,2000,989Q,3035,2026-05-12
元大汐止,202.0,0,8000,989Q,3035,2026-05-12
元大汐止,200.5,1000,0,989Q,3035,2026-05-12
元大汐止,198.5,5000,0,989Q,3035,2026-05-12
元大汐止,197.5,1100,0,989Q,3035,2026-05-12
元大汐止,207.5,1000,0,989Q,3035,2026-05-12
元大鹿港,195.0,300,0,989S,3035,2026-05-12
元大敦南,196.0,0,1000,989P,3035,2026-05-12
元大敦南,193.5,1000,5000,989P,3035,2026-05-12
元大成功,210.0,2100,2000,989L,3035,2026-05-12
元大信義,189.0,300,0,989m,3035,2026-05-12
元大信義,191.5,0,1000,989m,3035,2026-05-12
元大信義,193.0,0,1000,989m,3035,2026-05-12
元大信義,194.0,50,0,989m,3035,2026-05-12
元大信義,195.0,0,3000,989m,3035,2026-05-12
元大信義,198.0,0,1000,989m,3035,2026-05-12
元大信義,200.5,0,10000,989m,3035,2026-05-12
元大信義,204.5,5,0,989m,3035,2026-05-12
元大信義,208.0,0,5000,989m,3035,2026-05-12
元大信義,209.5,5000,5000,989m,3035,2026-05-12
元大信義,210.5,5000,0,989m,3035,2026-05-12
元大內湖,188.5,2000,0,989N,3035,2026-05-12
元大內湖,190.0,4030,0,989N,3035,2026-05-12
元大內湖,191.0,0,50,989N,3035,2026-05-12
元大內湖,192.0,2000,0,989N,3035,2026-05-12
元大內湖,193.0,1000,2000,989N,3035,2026-05-12
元大敦南,192.0,1000,1000,989P,3035,2026-05-12
元大敦南,191.0,1000,0,989P,3035,2026-05-12
元大敦南,190.0,3000,1000,989P,3035,2026-05-12
元大敦南,189.0,1000,0,989P,3035,2026-05-12
元大內湖,210.0,13,0,989N,3035,2026-05-12
元大內湖,208.0,2000,3000,989N,3035,2026-05-12
元大敦南,194.5,1000,1000,989P,3035,2026-05-12
元大內湖,206.0,0,2000,989N,3035,2026-05-12
元大內湖,200.5,2000,0,989N,3035,2026-05-12
元大內湖,199.5,0,1000,989N,3035,2026-05-12
元大內湖,198.5,1000,1,989N,3035,2026-05-12
元大內湖,196.0,0,1000,989N,3035,2026-05-12
元大內湖,195.0,1000,2000,989N,3035,2026-05-12
元大內湖,194.0,0,1000,989N,3035,2026-05-12
元大內湖,202.0,2000,0,989N,3035,2026-05-12
元大鹿港,196.0,2000,3000,989S,3035,2026-05-12
元大鹿港,198.5,2020,0,989S,3035,2026-05-12
元大鹿港,200.0,0,1000,989S,3035,2026-05-12
元大站前,189.5,510,0,989W,3035,2026-05-12
元大站前,190.5,1000,1000,989W,3035,2026-05-12
元大站前,191.5,1000,0,989W,3035,2026-05-12
元大站前,192.5,3100,0,989W,3035,2026-05-12
元大站前,193.5,1020,0,989W,3035,2026-05-12
元大站前,194.5,1012,1000,989W,3035,2026-05-12
元大站前,195.5,500,0,989W,3035,2026-05-12
元大站前,197.0,0,2000,989W,3035,2026-05-12
元大站前,198.5,1000,0,989W,3035,2026-05-12
元大站前,199.5,0,3000,989W,3035,2026-05-12
元大站前,200.5,3000,50,989W,3035,2026-05-12
元大站前,202.0,0,1000,989W,3035,2026-05-12
元大站前,208.0,50,0,989W,3035,2026-05-12
元大三民,188.0,1000,0,989X,3035,2026-05-12
元大三民,189.0,6,0,989X,3035,2026-05-12
元大三民,190.5,4000,0,989X,3035,2026-05-12
元大三民,195.0,10,0,989X,3035,2026-05-12
元大基隆,197.0,2000,0,989Y,3035,2026-05-12
元大基隆,196.0,4000,234,989Y,3035,2026-05-12
元大基隆,194.5,2000,2000,989Y,3035,2026-05-12
元大基隆,193.5,100,0,989Y,3035,2026-05-12
元大基隆,192.5,1000,0,989Y,3035,2026-05-12
元大基隆,191.5,3000,0,989Y,3035,2026-05-12
元大站前,188.5,160,0,989W,3035,2026-05-12
元大基隆,190.5,0,2000,989Y,3035,2026-05-12
元大基隆,188.0,220,0,989Y,3035,2026-05-12
元大三民,208.0,0,3000,989X,3035,2026-05-12
元大三民,202.5,1030,0,989X,3035,2026-05-12
元大三民,200.0,0,200,989X,3035,2026-05-12
元大三民,199.0,0,3000,989X,3035,2026-05-12
元大三民,196.0,2000,0,989X,3035,2026-05-12
元大基隆,189.5,1000,5000,989Y,3035,2026-05-12
元大北重,210.0,57,250,989V,3035,2026-05-12
元大北重,208.0,10000,1000,989V,3035,2026-05-12
元大北重,203.5,1000,0,989V,3035,2026-05-12
元大大甲,200.0,0,2000,989U,3035,2026-05-12
元大大甲,199.0,2000,0,989U,3035,2026-05-12
元大大甲,197.0,0,3000,989U,3035,2026-05-12
元大大甲,195.5,2000,0,989U,3035,2026-05-12
元大大甲,194.0,1000,15000,989U,3035,2026-05-12
元大大甲,193.0,0,1000,989U,3035,2026-05-12
元大大甲,202.0,0,1000,989U,3035,2026-05-12
元大大甲,192.0,1050,0,989U,3035,2026-05-12
元大大甲,189.0,5000,9000,989U,3035,2026-05-12
元大大甲,187.5,0,1000,989U,3035,2026-05-12
元大鹿港,210.0,0,10,989S,3035,2026-05-12
元大鹿港,205.0,100,0,989S,3035,2026-05-12
元大鹿港,202.5,0,1000,989S,3035,2026-05-12
元大鹿港,201.0,0,1000,989S,3035,2026-05-12
元大大甲,190.5,0,1000,989U,3035,2026-05-12
元大成功,208.0,0,4020,989L,3035,2026-05-12
元大大甲,203.0,0,130,989U,3035,2026-05-12
元大大甲,208.5,1200,0,989U,3035,2026-05-12
元大北重,202.5,3000,2000,989V,3035,2026-05-12
元大北重,201.5,0,1000,989V,3035,2026-05-12
元大北重,200.0,2000,0,989V,3035,2026-05-12
元大北重,199.0,1000,0,989V,3035,2026-05-12
元大北重,198.0,3000,1000,989V,3035,2026-05-12
元大北重,197.0,110,1000,989V,3035,2026-05-12
元大大甲,207.0,0,1000,989U,3035,2026-05-12
元大北重,195.5,20000,1000,989V,3035,2026-05-12
元大北重,193.5,6000,4000,989V,3035,2026-05-12
元大北重,192.5,100,0,989V,3035,2026-05-12
元大北重,191.5,21000,0,989V,3035,2026-05-12
元大北重,190.5,1000,0,989V,3035,2026-05-12
元大北重,189.5,2100,0,989V,3035,2026-05-12
元大大甲,209.5,0,31000,989U,3035,2026-05-12
元大北重,194.5,1000,0,989V,3035,2026-05-12
永豐新竹,202.0,1000,0,9A97,3035,2026-05-12
元大新莊,210.0,30,1200,9898,3035,2026-05-12
元大新莊,208.0,1000,0,9898,3035,2026-05-12
元大經國,198.5,0,2000,9859,3035,2026-05-12
元大經國,199.5,5000,0,9859,3035,2026-05-12
元大經國,201.5,1000,0,9859,3035,2026-05-12
元大經國,202.5,2000,3000,9859,3035,2026-05-12
元大經國,205.0,0,100,9859,3035,2026-05-12
元大經國,207.0,0,1000,9859,3035,2026-05-12
元大經國,208.0,0,3000,9859,3035,2026-05-12
元大經國,209.0,344,2000,9859,3035,2026-05-12
元大鳳中,189.0,1529,1000,985C,3035,2026-05-12
元大鳳中,190.0,2011,2000,985C,3035,2026-05-12
元大鳳中,192.0,1000,0,985C,3035,2026-05-12
元大鳳中,193.0,1009,5000,985C,3035,2026-05-12
元大鳳中,194.0,6000,0,985C,3035,2026-05-12
元大鳳中,195.0,1200,0,985C,3035,2026-05-12
元大鳳中,196.0,1000,5000,985C,3035,2026-05-12
元大鳳中,197.5,0,1000,985C,3035,2026-05-12
合庫,190.0,1000,0,1020,3035,2026-05-12
元大南京,194.5,1000,3000,9862,3035,2026-05-12
元大南京,193.5,0,1000,9862,3035,2026-05-12
元大南京,192.5,0,1000,9862,3035,2026-05-12
元大南京,189.5,500,0,9862,3035,2026-05-12
元大南京,188.5,0,4000,9862,3035,2026-05-12
元大岡山,208.0,0,4000,985F,3035,2026-05-12
元大經國,197.5,1000,1157,9859,3035,2026-05-12
元大岡山,195.0,70,0,985F,3035,2026-05-12
元大鳳中,210.0,5050,0,985C,3035,2026-05-12
元大鳳中,209.0,0,5,985C,3035,2026-05-12
元大鳳中,208.0,20,38,985C,3035,2026-05-12
元大鳳中,202.5,1,0,985C,3035,2026-05-12
元大鳳中,201.0,0,1000,985C,3035,2026-05-12
元大鳳中,200.0,0,2000,985C,3035,2026-05-12
元大岡山,189.5,0,10,985F,3035,2026-05-12
元大南京,195.5,0,2000,9862,3035,2026-05-12
元大經國,196.5,1200,1000,9859,3035,2026-05-12
元大經國,194.5,2100,0,9859,3035,2026-05-12
元大蘆洲,197.5,1010,17,9857,3035,2026-05-12
元大蘆洲,198.5,0,258,9857,3035,2026-05-12
元大蘆洲,199.5,100,0,9857,3035,2026-05-12
元大蘆洲,200.5,2000,11000,9857,3035,2026-05-12
元大蘆洲,201.5,2000,0,9857,3035,2026-05-12
元大蘆洲,203.0,50,0,9857,3035,2026-05-12
元大蘆洲,204.0,2050,3000,9857,3035,2026-05-12
元大蘆洲,207.0,2000,1000,9857,3035,2026-05-12
元大蘆洲,210.0,50,0,9857,3035,2026-05-12
元大龍潭,188.5,2000,0,9858,3035,2026-05-12
元大龍潭,189.5,70,27000,9858,3035,2026-05-12
元大龍潭,190.5,1100,0,9858,3035,2026-05-12
元大龍潭,192.0,50,13100,9858,3035,2026-05-12
元大龍潭,193.0,0,1000,9858,3035,2026-05-12
元大龍潭,194.0,2012,2000,9858,3035,2026-05-12
元大龍潭,195.0,52,0,9858,3035,2026-05-12
元大龍潭,196.0,1000,0,9858,3035,2026-05-12
元大經國,193.5,4000,0,9859,3035,2026-05-12
元大經國,192.5,200,2100,9859,3035,2026-05-12
元大經國,191.0,1050,0,9859,3035,2026-05-12
元大經國,190.0,1000,0,9859,3035,2026-05-12
元大經國,189.0,1000,0,9859,3035,2026-05-12
元大經國,188.0,1050,0,9859,3035,2026-05-12
元大經國,195.5,14000,0,9859,3035,2026-05-12
元大龍潭,209.5,1000,0,9858,3035,2026-05-12
元大龍潭,204.5,1000,0,9858,3035,2026-05-12
元大龍潭,201.5,2000,1000,9858,3035,2026-05-12
元大龍潭,200.5,1000,0,9858,3035,2026-05-12
元大龍潭,199.5,1000,0,9858,3035,2026-05-12
元大龍潭,198.0,2000,1000,9858,3035,2026-05-12
元大龍潭,197.0,0,2000,9858,3035,2026-05-12
元大龍潭,208.5,0,2000,9858,3035,2026-05-12
元大蘆洲,196.0,1000,0,9857,3035,2026-05-12
元大南京,196.5,1000,2000,9862,3035,2026-05-12
元大南京,198.5,0,2000,9862,3035,2026-05-12
元大文心,192.0,1000,2000,9868,3035,2026-05-12
元大文心,193.0,3600,1000,9868,3035,2026-05-12
元大文心,194.0,4100,1000,9868,3035,2026-05-12
元大文心,195.0,2000,0,9868,3035,2026-05-12
元大文心,196.0,1050,0,9868,3035,2026-05-12
元大文心,198.5,0,1000,9868,3035,2026-05-12
元大文心,199.5,1000,0,9868,3035,2026-05-12
元大文心,200.5,0,50,9868,3035,2026-05-12
元大文心,202.0,0,5,9868,3035,2026-05-12
元大文心,207.5,100,0,9868,3035,2026-05-12
元大文心,209.5,1000,5,9868,3035,2026-05-12
元大新盛,189.0,2000,3000,9869,3035,2026-05-12
元大新盛,191.0,1000,0,9869,3035,2026-05-12
元大新盛,192.0,60,0,9869,3035,2026-05-12
元大新盛,193.0,0,1000,9869,3035,2026-05-12
元大新盛,194.0,0,50,9869,3035,2026-05-12
元大新盛,195.0,2000,10000,9869,3035,2026-05-12
元大基孝,197.0,1000,0,986K,3035,2026-05-12
元大基孝,196.0,0,1000,986K,3035,2026-05-12
元大基孝,195.0,0,2000,986K,3035,2026-05-12
元大基孝,194.0,11,0,986K,3035,2026-05-12
元大基孝,193.0,3000,0,986K,3035,2026-05-12
元大基孝,190.0,0,1000,986K,3035,2026-05-12
元大文心,190.0,1100,4060,9868,3035,2026-05-12
元大基孝,188.5,1000,0,986K,3035,2026-05-12
元大新盛,207.0,0,1000,9869,3035,2026-05-12
元大新盛,203.0,0,1000,9869,3035,2026-05-12
元大新盛,201.5,0,1000,9869,3035,2026-05-12
元大新盛,200.0,1000,2000,9869,3035,2026-05-12
元大新盛,198.5,0,1000,9869,3035,2026-05-12
元大新盛,197.5,3,0,9869,3035,2026-05-12
元大新盛,209.5,0,200,9869,3035,2026-05-12
元大南京,197.5,1000,1000,9862,3035,2026-05-12
元大文心,189.0,1000,0,9868,3035,2026-05-12
元大民權,206.5,1000,0,9867,3035,2026-05-12
元大南京,199.5,0,50,9862,3035,2026-05-12
元大南京,200.5,0,4050,9862,3035,2026-05-12
元大南京,201.5,0,1000,9862,3035,2026-05-12
元大南京,202.5,1000,1000,9862,3035,2026-05-12
元大南京,204.5,1000,0,9862,3035,2026-05-12
元大南京,208.0,1000,1000,9862,3035,2026-05-12
元大南京,209.5,0,100,9862,3035,2026-05-12
元大和平,188.0,1000,0,9863,3035,2026-05-12
元大和平,189.5,2000,0,9863,3035,2026-05-12
元大和平,192.5,2000,0,9863,3035,2026-05-12
元大和平,194.0,3200,1000,9863,3035,2026-05-12
元大和平,195.0,1000,0,9863,3035,2026-05-12
元大和平,196.0,5,0,9863,3035,2026-05-12
元大和平,197.5,10,0,9863,3035,2026-05-12
元大和平,199.5,10,1000,9863,3035,2026-05-12
元大和平,200.5,10,0,9863,3035,2026-05-12
元大和平,202.0,1000,0,9863,3035,2026-05-12
元大民權,204.5,0,1000,9867,3035,2026-05-12
元大民權,201.0,0,2000,9867,3035,2026-05-12
元大民權,200.0,1000,1000,9867,3035,2026-05-12
元大民權,199.0,1000,0,9867,3035,2026-05-12
元大民權,197.5,3,0,9867,3035,2026-05-12
元大民權,196.0,1000,1000,9867,3035,2026-05-12
元大民權,208.0,1035,0,9867,3035,2026-05-12
元大民權,195.0,2200,2000,9867,3035,2026-05-12
元大民權,193.0,1010,0,9867,3035,2026-05-12
元大民權,192.0,3000,1200,9867,3035,2026-05-12
元大民權,191.0,2000,0,9867,3035,2026-05-12
元大民權,189.0,3030,1000,9867,3035,2026-05-12
元大民權,187.0,0,1000,9867,3035,2026-05-12
元大和平,208.5,1000,1000,9863,3035,2026-05-12
元大民權,194.0,2000,2000,9867,3035,2026-05-12
元大蘆洲,195.0,1000,1,9857,3035,2026-05-12
元大蘆洲,194.0,4000,0,9857,3035,2026-05-12
元大蘆洲,193.0,3020,3000,9857,3035,2026-05-12
元大南勢,210.5,1000,0,984E,3035,2026-05-12
元大景美,189.5,1000,0,984H,3035,2026-05-12
元大景美,192.0,500,0,984H,3035,2026-05-12
元大景美,193.5,50,0,984H,3035,2026-05-12
元大景美,195.0,856,1000,984H,3035,2026-05-12
元大景美,196.0,50,0,984H,3035,2026-05-12
元大景美,197.0,1000,2000,984H,3035,2026-05-12
元大景美,198.5,2000,0,984H,3035,2026-05-12
元大景美,204.0,1000,0,984H,3035,2026-05-12
元大景美,206.5,0,10000,984H,3035,2026-05-12
元大景美,208.5,0,1000,984H,3035,2026-05-12
元大館前,188.0,100,0,984K,3035,2026-05-12
元大館前,189.0,5100,0,984K,3035,2026-05-12
元大館前,190.0,10,0,984K,3035,2026-05-12
元大館前,192.0,100,3000,984K,3035,2026-05-12
元大館前,193.0,3000,3000,984K,3035,2026-05-12
元大館前,194.5,1,1000,984K,3035,2026-05-12
元大永春,193.0,2100,0,9852,3035,2026-05-12
元大永春,192.0,1000,1000,9852,3035,2026-05-12
元大永春,190.5,400,0,9852,3035,2026-05-12
元大永春,189.0,3000,0,9852,3035,2026-05-12
元大館前,210.0,50,0,984K,3035,2026-05-12
元大館前,206.5,0,2000,984K,3035,2026-05-12
元大南勢,208.0,0,1000,984E,3035,2026-05-12
元大館前,203.0,0,2000,984K,3035,2026-05-12
元大館前,200.5,1000,1000,984K,3035,2026-05-12
元大館前,199.5,0,6000,984K,3035,2026-05-12
元大館前,198.5,2000,1000,984K,3035,2026-05-12
元大館前,197.5,3000,0,984K,3035,2026-05-12
元大館前,196.5,10000,0,984K,3035,2026-05-12
元大館前,195.5,100,0,984K,3035,2026-05-12
元大館前,202.0,1000,1000,984K,3035,2026-05-12
元大永春,194.0,200,3016,9852,3035,2026-05-12
元大南勢,196.5,1000,0,984E,3035,2026-05-12
元大南勢,194.0,0,2000,984E,3035,2026-05-12
元大鳳山,194.5,40,2000,983Z,3035,2026-05-12
元大鳳山,195.5,40,0,983Z,3035,2026-05-12
元大鳳山,196.5,0,1000,983Z,3035,2026-05-12
元大鳳山,198.0,10,0,983Z,3035,2026-05-12
元大鳳山,199.0,0,1000,983Z,3035,2026-05-12
元大鳳山,200.0,5,100,983Z,3035,2026-05-12
元大鳳山,201.0,1000,1000,983Z,3035,2026-05-12
元大鳳山,203.0,0,2000,983Z,3035,2026-05-12
元大鳳山,205.0,0,100,983Z,3035,2026-05-12
元大鳳山,208.0,1000,0,983Z,3035,2026-05-12
元大大直,191.5,1000,0,9846,3035,2026-05-12
元大大直,194.5,0,1000,9846,3035,2026-05-12
元大大直,208.5,1000,0,9846,3035,2026-05-12
元大新中,188.0,30,0,984C,3035,2026-05-12
元大新中,189.0,1020,0,984C,3035,2026-05-12
元大新中,190.0,3000,0,984C,3035,2026-05-12
元大新中,192.0,0,3000,984C,3035,2026-05-12
元大南勢,189.5,1400,0,984E,3035,2026-05-12
元大南勢,188.5,1000,0,984E,3035,2026-05-12
元大新中,210.0,3005,0,984C,3035,2026-05-12
元大新中,208.5,0,1001,984C,3035,2026-05-12
元大新中,204.0,0,1000,984C,3035,2026-05-12
元大新中,201.0,0,1000,984C,3035,2026-05-12
元大南勢,195.0,73,0,984E,3035,2026-05-12
元大新中,200.0,0,1000,984C,3035,2026-05-12
元大新中,198.0,3000,2000,984C,3035,2026-05-12
元大新中,197.0,0,3000,984C,3035,2026-05-12
元大新中,196.0,1000,0,984C,3035,2026-05-12
元大新中,195.0,526,2000,984C,3035,2026-05-12
元大新中,194.0,5100,3028,984C,3035,2026-05-12
元大新中,193.0,2800,1,984C,3035,2026-05-12
元大新中,199.0,200,39,984C,3035,2026-05-12
元大永春,195.0,10280,1000,9852,3035,2026-05-12
元大永春,196.0,1000,0,9852,3035,2026-05-12
元大永春,197.0,1100,1000,9852,3035,2026-05-12
元大興安,195.5,2000,100,9854,3035,2026-05-12
元大興安,197.0,6000,1000,9854,3035,2026-05-12
元大興安,198.0,10,1000,9854,3035,2026-05-12
元大興安,199.0,2000,6000,9854,3035,2026-05-12
元大興安,200.0,0,2000,9854,3035,2026-05-12
元大興安,201.0,2000,1000,9854,3035,2026-05-12
元大興安,202.5,0,1000,9854,3035,2026-05-12
元大興安,203.5,1000,0,9854,3035,2026-05-12
元大興安,205.0,1000,0,9854,3035,2026-05-12
元大興安,208.0,0,1000,9854,3035,2026-05-12
元大興安,209.0,250,0,9854,3035,2026-05-12
元大花蓮,188.5,3000,0,9856,3035,2026-05-12
元大花蓮,189.5,0,9000,9856,3035,2026-05-12
元大花蓮,191.0,1000,0,9856,3035,2026-05-12
元大花蓮,193.0,10000,1000,9856,3035,2026-05-12
元大花蓮,194.0,3070,6320,9856,3035,2026-05-12
元大花蓮,195.0,3210,1000,9856,3035,2026-05-12
元大蘆洲,192.0,1000,7000,9857,3035,2026-05-12
元大蘆洲,191.0,1000,0,9857,3035,2026-05-12
元大蘆洲,190.0,3010,250,9857,3035,2026-05-12
元大蘆洲,189.0,6220,1110,9857,3035,2026-05-12
元大蘆洲,188.0,1200,0,9857,3035,2026-05-12
元大花蓮,209.5,0,820,9856,3035,2026-05-12
元大興安,194.5,1000,0,9854,3035,2026-05-12
元大花蓮,208.0,0,2040,9856,3035,2026-05-12
元大花蓮,203.5,0,50,9856,3035,2026-05-12
元大花蓮,201.0,0,1100,9856,3035,2026-05-12
元大花蓮,199.5,30,2000,9856,3035,2026-05-12
元大花蓮,198.0,6000,0,9856,3035,2026-05-12
元大花蓮,197.0,0,2000,9856,3035,2026-05-12
元大花蓮,196.0,3000,0,9856,3035,2026-05-12
元大花蓮,206.0,1000,0,9856,3035,2026-05-12
元大興安,193.5,6010,0,9854,3035,2026-05-12
元大興安,192.5,3000,0,9854,3035,2026-05-12
元大興安,191.5,0,1000,9854,3035,2026-05-12
元大南屯,193.5,2035,2000,9853,3035,2026-05-12
元大南屯,192.0,3040,0,9853,3035,2026-05-12
元大南屯,191.0,1000,0,9853,3035,2026-05-12
元大南屯,190.0,1045,1000,9853,3035,2026-05-12
元大南屯,189.0,6000,0,9853,3035,2026-05-12
元大永春,208.5,1050,0,9852,3035,2026-05-12
元大南屯,194.5,2215,1200,9853,3035,2026-05-12
元大永春,207.0,1000,0,9852,3035,2026-05-12
元大永春,203.0,1000,0,9852,3035,2026-05-12
元大永春,202.0,2000,10,9852,3035,2026-05-12
元大永春,201.0,0,7000,9852,3035,2026-05-12
元大永春,200.0,0,3000,9852,3035,2026-05-12
元大永春,199.0,1064,2000,9852,3035,2026-05-12
元大永春,198.0,1040,2000,9852,3035,2026-05-12
元大永春,204.5,0,1000,9852,3035,2026-05-12
元大基孝,198.5,0,237,986K,3035,2026-05-12
元大南屯,195.5,200,0,9853,3035,2026-05-12
元大南屯,198.0,1006,1000,9853,3035,2026-05-12
元大興安,190.5,0,2000,9854,3035,2026-05-12
元大興安,189.5,1500,1000,9854,3035,2026-05-12
元大興安,188.0,2000,0,9854,3035,2026-05-12
元大南屯,210.5,1,0,9853,3035,2026-05-12
元大南屯,209.5,1000,0,9853,3035,2026-05-12
元大南屯,208.5,101,0,9853,3035,2026-05-12
元大南屯,197.0,1000,0,9853,3035,2026-05-12
元大南屯,207.5,0,2000,9853,3035,2026-05-12
元大南屯,204.0,0,1000,9853,3035,2026-05-12
元大南屯,203.0,0,1000,9853,3035,2026-05-12
元大南屯,202.0,1001,1000,9853,3035,2026-05-12
元大南屯,201.0,26,7,9853,3035,2026-05-12
元大南屯,200.0,0,2000,9853,3035,2026-05-12
元大南屯,199.0,0,1000,9853,3035,2026-05-12
元大南屯,206.0,4000,0,9853,3035,2026-05-12
元大新莊,209.0,28,80,9898,3035,2026-05-12
元大基孝,200.0,0,1000,986K,3035,2026-05-12
元大基孝,206.5,0,1000,986K,3035,2026-05-12
元大永和,188.0,0,1000,9891,3035,2026-05-12
元大永和,190.0,1010,0,9891,3035,2026-05-12
元大永和,191.5,3000,0,9891,3035,2026-05-12
元大永和,192.5,1000,0,9891,3035,2026-05-12
元大永和,194.0,3000,0,9891,3035,2026-05-12
元大永和,196.0,1000,0,9891,3035,2026-05-12
元大永和,200.5,1000,0,9891,3035,2026-05-12
元大永和,201.5,0,5,9891,3035,2026-05-12
元大永和,202.5,2000,0,9891,3035,2026-05-12
元大永和,204.5,100,1000,9891,3035,2026-05-12
元大永和,208.0,1000,1000,9891,3035,2026-05-12
元大永和,209.0,0,50,9891,3035,2026-05-12
元大屏東,188.5,1000,0,9892,3035,2026-05-12
元大屏東,189.5,100,0,9892,3035,2026-05-12
元大屏東,191.5,500,0,9892,3035,2026-05-12
元大屏東,193.0,1020,0,9892,3035,2026-05-12
元大屏東,194.0,1000,1100,9892,3035,2026-05-12
元大大天,196.5,0,1000,9893,3035,2026-05-12
元大大天,195.5,1000,0,9893,3035,2026-05-12
元大大天,194.5,2000,2000,9893,3035,2026-05-12
元大大天,193.5,1000,2000,9893,3035,2026-05-12
元大大天,192.0,0,1000,9893,3035,2026-05-12
元大大天,190.5,0,1000,9893,3035,2026-05-12
元大長庚,208.5,100,0,988V,3035,2026-05-12
元大大天,189.0,1030,2000,9893,3035,2026-05-12
元大屏東,208.5,2500,0,9892,3035,2026-05-12
元大屏東,206.0,0,1000,9892,3035,2026-05-12
元大屏東,200.0,0,1000,9892,3035,2026-05-12
元大屏東,198.0,200,2094,9892,3035,2026-05-12
元大屏東,196.5,500,6,9892,3035,2026-05-12
元大屏東,195.0,100,30,9892,3035,2026-05-12
元大大天,187.5,1000,2000,9893,3035,2026-05-12
元大大天,198.5,7000,0,9893,3035,2026-05-12
元大長庚,202.5,1000,0,988V,3035,2026-05-12
元大長庚,197.5,1000,0,988V,3035,2026-05-12
元大員林,208.5,1000,0,9889,3035,2026-05-12
元大員林,210.0,0,1200,9889,3035,2026-05-12
元大桃園,188.5,46,0,988B,3035,2026-05-12
元大桃園,189.5,10,0,988B,3035,2026-05-12
元大桃園,190.5,1000,2000,988B,3035,2026-05-12
元大桃園,192.0,2000,1000,988B,3035,2026-05-12
元大桃園,193.0,22,0,988B,3035,2026-05-12
元大桃園,194.0,2055,3000,988B,3035,2026-05-12
元大桃園,195.0,119,1000,988B,3035,2026-05-12
元大桃園,196.0,3000,0,988B,3035,2026-05-12
元大桃園,197.0,5020,0,988B,3035,2026-05-12
元大桃園,198.0,1100,5000,988B,3035,2026-05-12
元大桃園,201.0,1000,0,988B,3035,2026-05-12
元大桃園,202.0,0,1000,988B,3035,2026-05-12
元大桃園,205.0,1000,0,988B,3035,2026-05-12
元大桃園,206.5,2000,0,988B,3035,2026-05-12
元大桃園,208.5,10,3000,988B,3035,2026-05-12
元大長庚,194.0,0,10000,988V,3035,2026-05-12
元大長庚,192.0,0,1000,988V,3035,2026-05-12
元大長庚,191.0,1000,0,988V,3035,2026-05-12
元大長庚,190.0,1000,0,988V,3035,2026-05-12
元大長庚,187.5,1000,0,988V,3035,2026-05-12
元大三重,202.0,0,3000,988C,3035,2026-05-12
元大長庚,199.0,1000,0,988V,3035,2026-05-12
元大三重,201.0,1000,0,988C,3035,2026-05-12
元大三重,194.5,0,1015,988C,3035,2026-05-12
元大三重,193.5,1000,0,988C,3035,2026-05-12
元大三重,192.0,2200,0,988C,3035,2026-05-12
元大三重,189.5,1000,0,988C,3035,2026-05-12
元大三重,188.0,1000,0,988C,3035,2026-05-12
元大桃園,209.5,0,1000,988B,3035,2026-05-12
元大三重,199.0,0,1000,988C,3035,2026-05-12
元大員林,207.0,0,1000,9889,3035,2026-05-12
元大大天,200.0,0,10,9893,3035,2026-05-12
元大大天,202.0,0,1000,9893,3035,2026-05-12
元大台南,207.5,1000,0,9896,3035,2026-05-12
元大台南,209.0,0,1000,9896,3035,2026-05-12
元大台南,210.5,0,1000,9896,3035,2026-05-12
元大土城,190.0,2006,0,9897,3035,2026-05-12
元大土城,192.5,1000,3000,9897,3035,2026-05-12
元大土城,193.5,3000,0,9897,3035,2026-05-12
元大土城,194.5,1000,0,9897,3035,2026-05-12
元大土城,195.5,1000,0,9897,3035,2026-05-12
元大土城,198.0,0,1000,9897,3035,2026-05-12
元大土城,199.5,1000,0,9897,3035,2026-05-12
元大土城,201.0,3000,0,9897,3035,2026-05-12
元大土城,203.0,0,500,9897,3035,2026-05-12
元大土城,206.5,1000,0,9897,3035,2026-05-12
元大土城,208.0,3000,0,9897,3035,2026-05-12
元大土城,209.5,1000,0,9897,3035,2026-05-12
元大新莊,188.0,1300,15000,9898,3035,2026-05-12
元大新莊,189.5,51,1000,9898,3035,2026-05-12
元大新莊,207.0,0,1000,9898,3035,2026-05-12
元大新莊,204.5,15,0,9898,3035,2026-05-12
元大新莊,203.0,1000,2000,9898,3035,2026-05-12
元大新莊,202.0,0,13000,9898,3035,2026-05-12
元大新莊,201.0,1050,2000,9898,3035,2026-05-12
元大新莊,199.5,3000,1200,9898,3035,2026-05-12
元大台南,205.0,1000,0,9896,3035,2026-05-12
元大新莊,198.5,2050,1000,9898,3035,2026-05-12
元大新莊,196.5,0,2000,9898,3035,2026-05-12
元大新莊,195.5,1015,1000,9898,3035,2026-05-12
元大新莊,194.5,30080,4000,9898,3035,2026-05-12
元大新莊,193.5,3020,3000,9898,3035,2026-05-12
元大新莊,192.0,16000,14000,9898,3035,2026-05-12
元大新莊,191.0,1000,50,9898,3035,2026-05-12
元大新莊,197.5,2033,0,9898,3035,2026-05-12
元大大天,201.0,1000,0,9893,3035,2026-05-12
元大台南,204.0,2000,0,9896,3035,2026-05-12
元大台南,202.0,1000,6000,9896,3035,2026-05-12
元大大天,203.0,0,1000,9893,3035,2026-05-12
元大大天,206.0,1000,0,9893,3035,2026-05-12
元大大天,209.5,1000,0,9893,3035,2026-05-12
元大桃興,187.5,1000,0,9894,3035,2026-05-12
元大桃興,188.5,4000,0,9894,3035,2026-05-12
元大桃興,189.5,0,4000,9894,3035,2026-05-12
元大桃興,191.5,1000,0,9894,3035,2026-05-12
元大桃興,193.0,2050,2000,9894,3035,2026-05-12
元大桃興,194.0,7000,50,9894,3035,2026-05-12
元大桃興,195.0,2000,0,9894,3035,2026-05-12
元大桃興,196.0,1000,1000,9894,3035,2026-05-12
元大桃興,198.0,300,2170,9894,3035,2026-05-12
元大桃興,200.0,1000,3000,9894,3035,2026-05-12
元大桃興,201.0,0,1000,9894,3035,2026-05-12
元大桃興,202.5,0,3010,9894,3035,2026-05-12
元大桃興,204.0,0,1000,9894,3035,2026-05-12
元大桃興,206.0,2000,1000,9894,3035,2026-05-12
元大台南,201.0,3000,1000,9896,3035,2026-05-12
元大台南,200.0,0,1000,9896,3035,2026-05-12
元大台南,199.0,4007,1000,9896,3035,2026-05-12
元大台南,198.0,100,1049,9896,3035,2026-05-12
元大台南,196.5,1000,0,9896,3035,2026-05-12
元大台南,195.5,1000,0,9896,3035,2026-05-12
元大台南,203.0,0,7000,9896,3035,2026-05-12
元大台南,194.5,5050,1000,9896,3035,2026-05-12
元大台南,192.5,1200,10,9896,3035,2026-05-12
元大台南,191.0,0,150,9896,3035,2026-05-12
元大台南,190.0,6100,0,9896,3035,2026-05-12
元大台南,189.0,4000,0,9896,3035,2026-05-12
元大桃興,208.5,1000,0,9894,3035,2026-05-12
元大桃興,207.0,2000,0,9894,3035,2026-05-12
元大台南,193.5,3000,0,9896,3035,2026-05-12
元大員林,205.0,0,1000,9889,3035,2026-05-12
元大員林,203.5,1000,0,9889,3035,2026-05-12
元大員林,202.5,3000,0,9889,3035,2026-05-12
元大雙和,197.0,2000,0,9874,3035,2026-05-12
元大雙和,198.5,8000,14000,9874,3035,2026-05-12
元大雙和,199.5,1000,0,9874,3035,2026-05-12
元大雙和,200.5,3000,0,9874,3035,2026-05-12
元大雙和,202.5,1000,0,9874,3035,2026-05-12
元大雙和,206.0,1000,0,9874,3035,2026-05-12
元大雙和,208.0,0,1000,9874,3035,2026-05-12
元大雙和,210.0,1000,0,9874,3035,2026-05-12
元大永寧,189.0,1000,0,9875,3035,2026-05-12
元大永寧,192.5,1000,7000,9875,3035,2026-05-12
元大永寧,194.0,0,2000,9875,3035,2026-05-12
元大永寧,198.5,0,1000,9875,3035,2026-05-12
元大永寧,199.5,0,2000,9875,3035,2026-05-12
元大永寧,203.0,0,1000,9875,3035,2026-05-12
元大永寧,208.0,50,0,9875,3035,2026-05-12
元大金華,187.5,3,0,9878,3035,2026-05-12
元大金華,189.0,1000,2000,9878,3035,2026-05-12
元大板三,189.0,1020,300,9879,3035,2026-05-12
元大金華,210.5,2000,3,9878,3035,2026-05-12
元大金華,209.5,2000,0,9878,3035,2026-05-12
元大金華,207.5,0,1000,9878,3035,2026-05-12
元大金華,204.5,0,2003,9878,3035,2026-05-12
元大金華,203.0,0,1000,9878,3035,2026-05-12
元大雙和,196.0,4000,0,9874,3035,2026-05-12
元大金華,201.0,0,1000,9878,3035,2026-05-12
元大金華,198.0,3000,0,9878,3035,2026-05-12
元大金華,196.0,1000,0,9878,3035,2026-05-12
元大金華,194.5,1,4,9878,3035,2026-05-12
元大金華,193.5,93,2000,9878,3035,2026-05-12
元大金華,192.0,1000,0,9878,3035,2026-05-12
元大金華,190.0,1000,0,9878,3035,2026-05-12
元大金華,199.0,2000,0,9878,3035,2026-05-12
元大板三,190.0,4050,0,9879,3035,2026-05-12
元大雙和,195.0,100,0,9874,3035,2026-05-12
元大雙和,193.0,350,0,9874,3035,2026-05-12
元大基孝,209.5,0,5000,986K,3035,2026-05-12
元大忠孝,189.0,1000,16000,9871,3035,2026-05-12
元大忠孝,191.5,3000,0,9871,3035,2026-05-12
元大忠孝,192.5,1000,0,9871,3035,2026-05-12
元大忠孝,193.5,1000,1000,9871,3035,2026-05-12
元大忠孝,194.5,0,2000,9871,3035,2026-05-12
元大忠孝,195.5,1000,0,9871,3035,2026-05-12
元大忠孝,196.5,0,1000,9871,3035,2026-05-12
元大忠孝,198.5,15000,0,9871,3035,2026-05-12
元大忠孝,199.5,105,1000,9871,3035,2026-05-12
元大忠孝,202.0,1055,0,9871,3035,2026-05-12
元大忠孝,204.0,0,10070,9871,3035,2026-05-12
元大忠孝,207.0,2000,0,9871,3035,2026-05-12
元大忠孝,208.5,1000,1000,9871,3035,2026-05-12
元大忠孝,210.0,510,0,9871,3035,2026-05-12
元大復北,189.0,1000,0,9872,3035,2026-05-12
元大復北,192.0,200,0,9872,3035,2026-05-12
元大雙和,192.0,1200,9000,9874,3035,2026-05-12
元大雙和,191.0,1000,0,9874,3035,2026-05-12
元大雙和,190.0,1100,0,9874,3035,2026-05-12
元大雙和,189.0,2100,0,9874,3035,2026-05-12
元大復北,210.0,1000,470,9872,3035,2026-05-12
元大復北,204.5,0,1000,9872,3035,2026-05-12
元大雙和,194.0,2100,0,9874,3035,2026-05-12
元大復北,202.5,1000,1000,9872,3035,2026-05-12
元大復北,200.0,0,2000,9872,3035,2026-05-12
元大復北,199.0,0,2000,9872,3035,2026-05-12
元大復北,198.0,2000,0,9872,3035,2026-05-12
元大復北,195.5,1000,1020,9872,3035,2026-05-12
元大復北,194.0,1000,1100,9872,3035,2026-05-12
元大復北,193.0,1000,0,9872,3035,2026-05-12
元大復北,201.0,0,1001,9872,3035,2026-05-12
元大板三,192.0,2400,0,9879,3035,2026-05-12
元大板三,193.0,2000,1000,9879,3035,2026-05-12
元大板三,194.0,4200,0,9879,3035,2026-05-12
元大斗信,198.0,2000,0,9884,3035,2026-05-12
元大斗信,199.0,0,2000,9884,3035,2026-05-12
元大斗信,200.0,100,2100,9884,3035,2026-05-12
元大斗信,201.0,0,1000,9884,3035,2026-05-12
元大斗信,203.0,0,200,9884,3035,2026-05-12
元大斗信,206.5,250,0,9884,3035,2026-05-12
元大斗信,207.5,250,1000,9884,3035,2026-05-12
元大斗信,209.0,1000,3010,9884,3035,2026-05-12
元大鑫永,188.0,1000,0,9888,3035,2026-05-12
元大鑫永,190.0,1000,0,9888,3035,2026-05-12
元大鑫永,191.0,1000,0,9888,3035,2026-05-12
元大鑫永,192.0,1000,2000,9888,3035,2026-05-12
元大鑫永,193.5,1000,1000,9888,3035,2026-05-12
元大鑫永,194.5,100,0,9888,3035,2026-05-12
元大鑫永,196.0,0,1000,9888,3035,2026-05-12
元大鑫永,197.5,2000,0,9888,3035,2026-05-12
元大鑫永,199.5,1000,0,9888,3035,2026-05-12
元大員林,201.0,0,1000,9889,3035,2026-05-12
元大員林,200.0,0,2000,9889,3035,2026-05-12
元大員林,198.0,1000,0,9889,3035,2026-05-12
元大員林,196.5,1000,1000,9889,3035,2026-05-12
元大員林,195.0,2100,0,9889,3035,2026-05-12
元大員林,194.0,3100,1000,9889,3035,2026-05-12
元大斗信,196.5,2000,1000,9884,3035,2026-05-12
元大員林,193.0,8000,1000,9889,3035,2026-05-12
元大員林,190.5,0,2000,9889,3035,2026-05-12
元大員林,189.5,1100,1000,9889,3035,2026-05-12
元大員林,188.5,0,13000,9889,3035,2026-05-12
元大鑫永,208.5,0,10,9888,3035,2026-05-12
元大鑫永,207.0,1000,0,9888,3035,2026-05-12
元大鑫永,202.0,1000,0,9888,3035,2026-05-12
元大員林,192.0,2000,1000,9889,3035,2026-05-12
元大斗信,195.5,2000,2111,9884,3035,2026-05-12
元大斗信,194.5,0,2000,9884,3035,2026-05-12
元大斗信,193.5,1000,2000,9884,3035,2026-05-12
元大楊梅,190.0,2000,1000,987A,3035,2026-05-12
元大楊梅,189.0,1310,1998,987A,3035,2026-05-12
元大楊梅,188.0,1000,0,987A,3035,2026-05-12
元大板三,208.5,0,5350,9879,3035,2026-05-12
元大板三,207.5,11000,1000,9879,3035,2026-05-12
元大板三,206.0,0,2000,9879,3035,2026-05-12
元大楊梅,192.0,1000,1000,987A,3035,2026-05-12
元大板三,204.5,2000,1000,9879,3035,2026-05-12
元大板三,202.0,1000,1000,9879,3035,2026-05-12
元大板三,201.0,0,1000,9879,3035,2026-05-12
元大板三,200.0,1000,0,9879,3035,2026-05-12
元大板三,198.5,2000,0,9879,3035,2026-05-12
元大板三,196.5,3000,0,9879,3035,2026-05-12
元大板三,195.0,1451,0,9879,3035,2026-05-12
元大板三,203.0,1000,300,9879,3035,2026-05-12
元大基孝,202.0,1000,1006,986K,3035,2026-05-12
元大楊梅,193.0,0,1000,987A,3035,2026-05-12
元大楊梅,195.0,1500,0,987A,3035,2026-05-12
元大斗信,192.5,2000,3000,9884,3035,2026-05-12
元大斗信,191.5,1000,4000,9884,3035,2026-05-12
元大斗信,190.5,1154,0,9884,3035,2026-05-12
元大斗信,189.5,0,1000,9884,3035,2026-05-12
元大斗信,188.5,3000,0,9884,3035,2026-05-12
元大楊梅,209.5,100,1000,987A,3035,2026-05-12
元大楊梅,194.0,2000,1000,987A,3035,2026-05-12
元大楊梅,208.0,1000,0,987A,3035,2026-05-12
元大楊梅,201.0,2000,0,987A,3035,2026-05-12
元大楊梅,200.0,0,4000,987A,3035,2026-05-12
元大楊梅,199.0,200,0,987A,3035,2026-05-12
元大楊梅,198.0,1000,0,987A,3035,2026-05-12
元大楊梅,197.0,1000,0,987A,3035,2026-05-12
元大楊梅,196.0,3000,1000,987A,3035,2026-05-12
元大楊梅,203.0,0,2000,987A,3035,2026-05-12
永豐新竹,203.0,0,1000,9A97,3035,2026-05-12
永豐新竹,204.5,1000,2000,9A97,3035,2026-05-12
永豐新竹,206.0,2000,0,9A97,3035,2026-05-12
台新松德,192.5,3219,0,9B2a,3035,2026-05-12
台新松德,193.5,30,2000,9B2a,3035,2026-05-12
台新松德,194.5,981,0,9B2a,3035,2026-05-12
台新松德,195.5,1793,0,9B2a,3035,2026-05-12
台新松德,197.0,1000,0,9B2a,3035,2026-05-12
台新松德,198.0,7227,0,9B2a,3035,2026-05-12
台新松德,199.0,333,1000,9B2a,3035,2026-05-12
台新松德,200.0,1000,0,9B2a,3035,2026-05-12
台新松德,201.0,7000,0,9B2a,3035,2026-05-12
台新松德,202.5,0,7000,9B2a,3035,2026-05-12
台新松德,204.0,7000,0,9B2a,3035,2026-05-12
台新松德,208.5,0,3000,9B2a,3035,2026-05-12
台新緯城,189.0,1000,0,9B2A,3035,2026-05-12
台新緯城,191.0,1000,0,9B2A,3035,2026-05-12
台新緯城,193.0,0,1000,9B2A,3035,2026-05-12
台新緯城,194.0,1000,1000,9B2A,3035,2026-05-12
台新緯城,196.0,4000,2000,9B2A,3035,2026-05-12
台新板橋,199.5,1000,0,9B2b,3035,2026-05-12
台新板橋,195.0,1100,200,9B2b,3035,2026-05-12
台新板橋,194.0,2111,2001,9B2b,3035,2026-05-12
台新板橋,193.0,2000,1100,9B2b,3035,2026-05-12
台新板橋,192.0,2100,0,9B2b,3035,2026-05-12
台新板橋,190.0,2100,0,9B2b,3035,2026-05-12
台新松德,191.5,2000,0,9B2a,3035,2026-05-12
台新板橋,189.0,2100,35000,9B2b,3035,2026-05-12
台新緯城,204.0,1000,0,9B2A,3035,2026-05-12
台新緯城,202.5,2000,1000,9B2A,3035,2026-05-12
台新緯城,201.5,17000,0,9B2A,3035,2026-05-12
台新緯城,200.5,3000,1000,9B2A,3035,2026-05-12
台新緯城,199.5,25000,1000,9B2A,3035,2026-05-12
台新緯城,198.0,2000,0,9B2A,3035,2026-05-12
台新緯城,210.5,3000,0,9B2A,3035,2026-05-12
台新板橋,200.5,0,3000,9B2b,3035,2026-05-12
台新松德,190.0,2395,0,9B2a,3035,2026-05-12
台新府城,209.5,0,400,9B29,3035,2026-05-12
台新五權,187.5,1000,0,9B25,3035,2026-05-12
台新五權,189.5,0,580,9B25,3035,2026-05-12
台新五權,192.5,0,1000,9B25,3035,2026-05-12
台新五權,194.0,1000,2000,9B25,3035,2026-05-12
台新五權,195.5,1000,0,9B25,3035,2026-05-12
台新五權,197.0,1000,0,9B25,3035,2026-05-12
台新五權,200.5,0,2110,9B25,3035,2026-05-12
台新五權,203.0,300,1000,9B25,3035,2026-05-12
台新五權,206.5,1000,0,9B25,3035,2026-05-12
台新五權,209.0,0,1000,9B25,3035,2026-05-12
台新林園,188.0,1000,0,9B27,3035,2026-05-12
台新林園,189.0,4000,13000,9B27,3035,2026-05-12
台新林園,190.5,1000,0,9B27,3035,2026-05-12
台新林園,192.0,1000,6,9B27,3035,2026-05-12
台新林園,193.5,1000,0,9B27,3035,2026-05-12
台新林園,194.5,2080,10000,9B27,3035,2026-05-12
台新林園,196.0,0,1000,9B27,3035,2026-05-12
台新府城,198.5,1200,0,9B29,3035,2026-05-12
台新府城,193.0,1000,1000,9B29,3035,2026-05-12
台新府城,191.5,1000,0,9B29,3035,2026-05-12
台新府城,189.5,50,0,9B29,3035,2026-05-12
台新北新,209.0,0,6,9B28,3035,2026-05-12
台新北新,205.0,0,1000,9B28,3035,2026-05-12
台新松德,189.0,1025,0,9B2a,3035,2026-05-12
台新北新,198.5,200,0,9B28,3035,2026-05-12
台新北新,193.5,1000,2000,9B28,3035,2026-05-12
台新北新,190.0,0,2000,9B28,3035,2026-05-12
台新林園,208.0,1000,0,9B27,3035,2026-05-12
台新林園,202.0,0,2000,9B27,3035,2026-05-12
台新林園,198.0,100,1000,9B27,3035,2026-05-12
台新林園,197.0,4,0,9B27,3035,2026-05-12
台新北新,197.0,0,1000,9B28,3035,2026-05-12
台新三重,209.5,100,0,9B23,3035,2026-05-12
台新板橋,202.5,0,2000,9B2b,3035,2026-05-12
台新板橋,210.0,0,1200,9B2b,3035,2026-05-12
台新大昌,191.0,1000,0,9B2D,3035,2026-05-12
台新大昌,192.5,1000,1000,9B2D,3035,2026-05-12
台新大昌,194.0,1000,2000,9B2D,3035,2026-05-12
台新大昌,195.0,300,0,9B2D,3035,2026-05-12
台新大昌,197.0,0,1000,9B2D,3035,2026-05-12
台新大昌,198.5,150,94,9B2D,3035,2026-05-12
台新大昌,199.5,0,1000,9B2D,3035,2026-05-12
台新大昌,200.5,0,2000,9B2D,3035,2026-05-12
台新大昌,202.5,3000,0,9B2D,3035,2026-05-12
台新大昌,204.5,30,1000,9B2D,3035,2026-05-12
台新大昌,207.5,0,1000,9B2D,3035,2026-05-12
台新大昌,209.0,0,1000,9B2D,3035,2026-05-12
台新城中,189.0,0,1000,9B2E,3035,2026-05-12
台新城中,193.5,1000,0,9B2E,3035,2026-05-12
台新城中,196.0,1000,200,9B2E,3035,2026-05-12
台新城中,199.0,0,1000,9B2E,3035,2026-05-12
台新城中,200.5,0,1000,9B2E,3035,2026-05-12
台新新竹,196.5,1000,0,9B2G,3035,2026-05-12
台新新竹,195.0,184,0,9B2G,3035,2026-05-12
台新新竹,190.0,10,0,9B2G,3035,2026-05-12
台新中原,205.0,0,70,9B2g,3035,2026-05-12
台新中原,203.5,0,1006,9B2g,3035,2026-05-12
台新中原,202.5,1000,0,9B2g,3035,2026-05-12
台新大昌,189.5,0,2000,9B2D,3035,2026-05-12
台新中原,198.5,1000,1000,9B2g,3035,2026-05-12
台新中原,194.5,2000,7,9B2g,3035,2026-05-12
台新中原,192.0,0,300,9B2g,3035,2026-05-12
台新城中,209.0,0,1000,9B2E,3035,2026-05-12
台新城中,207.0,1000,1000,9B2E,3035,2026-05-12
台新城中,204.0,0,1000,9B2E,3035,2026-05-12
台新城中,202.0,200,0,9B2E,3035,2026-05-12
台新中原,197.0,1000,0,9B2g,3035,2026-05-12
台新板橋,208.5,1000,0,9B2b,3035,2026-05-12
台新大昌,188.0,100,0,9B2D,3035,2026-05-12
台新潮州,205.0,0,1000,9B2C,3035,2026-05-12
台新永和,189.0,1000,0,9B2B,3035,2026-05-12
台新永和,190.0,10,0,9B2B,3035,2026-05-12
台新永和,192.5,1000,0,9B2B,3035,2026-05-12
台新永和,193.5,0,2300,9B2B,3035,2026-05-12
台新永和,196.0,3000,0,9B2B,3035,2026-05-12
台新永和,201.0,1000,0,9B2B,3035,2026-05-12
台新永和,203.5,0,1000,9B2B,3035,2026-05-12
台新永和,207.5,1000,0,9B2B,3035,2026-05-12
台新永和,208.5,1000,1000,9B2B,3035,2026-05-12
台新烏日,189.0,3000,35000,9B2c,3035,2026-05-12
台新烏日,190.0,1000,0,9B2c,3035,2026-05-12
台新烏日,191.5,0,3000,9B2c,3035,2026-05-12
台新烏日,193.0,1000,0,9B2c,3035,2026-05-12
台新烏日,194.0,1000,1000,9B2c,3035,2026-05-12
台新烏日,195.0,1000,0,9B2c,3035,2026-05-12
台新烏日,197.5,0,2,9B2c,3035,2026-05-12
台新烏日,200.5,7000,0,9B2c,3035,2026-05-12
台新潮州,203.5,0,10,9B2C,3035,2026-05-12
台新潮州,201.5,0,1,9B2C,3035,2026-05-12
台新潮州,200.0,2000,1000,9B2C,3035,2026-05-12
台新潮州,199.0,5000,0,9B2C,3035,2026-05-12
台新潮州,197.5,1000,4000,9B2C,3035,2026-05-12
台新潮州,195.5,1000,0,9B2C,3035,2026-05-12
台新潮州,209.0,0,3000,9B2C,3035,2026-05-12
台新潮州,194.0,1000,0,9B2C,3035,2026-05-12
台新潮州,190.0,1000,0,9B2C,3035,2026-05-12
台新潮州,188.5,1000,0,9B2C,3035,2026-05-12
台新烏日,208.0,1000,0,9B2c,3035,2026-05-12
台新烏日,207.0,1000,0,9B2c,3035,2026-05-12
台新烏日,204.0,0,1000,9B2c,3035,2026-05-12
台新烏日,202.5,50,100,9B2c,3035,2026-05-12
台新潮州,193.0,1000,0,9B2C,3035,2026-05-12
台新三重,208.0,100,0,9B23,3035,2026-05-12
台新三重,204.0,1000,5000,9B23,3035,2026-05-12
台新三重,201.0,0,1000,9B23,3035,2026-05-12
台新左楠,209.0,2000,2000,9B1d,3035,2026-05-12
台新左楠,210.0,0,1050,9B1d,3035,2026-05-12
台新高雄,188.0,4000,0,9B1g,3035,2026-05-12
台新高雄,189.0,5000,29000,9B1g,3035,2026-05-12
台新高雄,190.0,6000,1030,9B1g,3035,2026-05-12
台新高雄,191.0,0,1000,9B1g,3035,2026-05-12
台新高雄,192.0,4000,10000,9B1g,3035,2026-05-12
台新高雄,193.0,8100,2000,9B1g,3035,2026-05-12
台新高雄,194.0,3100,4544,9B1g,3035,2026-05-12
台新高雄,195.0,2600,3050,9B1g,3035,2026-05-12
台新高雄,196.0,3050,1000,9B1g,3035,2026-05-12
台新高雄,197.0,1000,0,9B1g,3035,2026-05-12
台新高雄,198.0,2030,2200,9B1g,3035,2026-05-12
台新高雄,199.0,3000,3000,9B1g,3035,2026-05-12
台新高雄,200.0,1000,1000,9B1g,3035,2026-05-12
台新高雄,201.0,3000,2000,9B1g,3035,2026-05-12
台新高雄,202.0,1000,1000,9B1g,3035,2026-05-12
台新台中,193.5,34020,11000,9B1h,3035,2026-05-12
台新台中,192.5,8000,3110,9B1h,3035,2026-05-12
台新台中,191.5,2000,3000,9B1h,3035,2026-05-12
台新台中,190.5,4500,2000,9B1h,3035,2026-05-12
台新台中,189.5,3150,5330,9B1h,3035,2026-05-12
台新台中,188.5,5000,2000,9B1h,3035,2026-05-12
台新左楠,207.5,1000,1000,9B1d,3035,2026-05-12
台新高雄,210.5,0,100,9B1g,3035,2026-05-12
台新高雄,208.5,7150,3000,9B1g,3035,2026-05-12
台新高雄,207.5,3000,0,9B1g,3035,2026-05-12
台新高雄,206.5,1000,2000,9B1g,3035,2026-05-12
台新高雄,205.0,500,3000,9B1g,3035,2026-05-12
台新高雄,204.0,1000,0,9B1g,3035,2026-05-12
台新高雄,203.0,1075,2000,9B1g,3035,2026-05-12
台新高雄,209.5,500,0,9B1g,3035,2026-05-12
台新台中,194.5,6000,1000,9B1h,3035,2026-05-12
台新左楠,203.0,0,2000,9B1d,3035,2026-05-12
台新左楠,201.0,0,1000,9B1d,3035,2026-05-12
台新建北,198.5,1000,0,9B18,3035,2026-05-12
台新建北,199.5,2000,1000,9B18,3035,2026-05-12
台新建北,201.0,1000,6000,9B18,3035,2026-05-12
台新建北,202.5,0,3000,9B18,3035,2026-05-12
台新建北,203.5,0,1000,9B18,3035,2026-05-12
台新建北,207.0,1000,0,9B18,3035,2026-05-12
台新建北,208.5,0,1000,9B18,3035,2026-05-12
台新新莊,189.0,4000,0,9B19,3035,2026-05-12
台新新莊,191.0,1000,1000,9B19,3035,2026-05-12
台新新莊,192.5,1050,1000,9B19,3035,2026-05-12
台新新莊,193.5,0,1000,9B19,3035,2026-05-12
台新新莊,195.0,2110,50,9B19,3035,2026-05-12
台新新莊,196.0,1000,0,9B19,3035,2026-05-12
台新新莊,197.0,0,1000,9B19,3035,2026-05-12
台新新莊,198.0,0,1000,9B19,3035,2026-05-12
台新新莊,199.5,0,1000,9B19,3035,2026-05-12
台新新莊,200.5,2000,0,9B19,3035,2026-05-12
台新左楠,199.5,0,1000,9B1d,3035,2026-05-12
台新左楠,198.0,2000,0,9B1d,3035,2026-05-12
台新左楠,196.5,3000,0,9B1d,3035,2026-05-12
台新左楠,195.5,1000,0,9B1d,3035,2026-05-12
台新左楠,194.5,1100,0,9B1d,3035,2026-05-12
台新左楠,193.0,0,2000,9B1d,3035,2026-05-12
台新左楠,202.0,1000,3000,9B1d,3035,2026-05-12
台新左楠,191.0,0,1000,9B1d,3035,2026-05-12
台新左楠,187.5,1000,1000,9B1d,3035,2026-05-12
台新新莊,208.5,4000,0,9B19,3035,2026-05-12
台新新莊,207.0,1000,1000,9B19,3035,2026-05-12
台新新莊,204.0,1000,1000,9B19,3035,2026-05-12
台新新莊,203.0,0,2000,9B19,3035,2026-05-12
台新新莊,202.0,1000,0,9B19,3035,2026-05-12
台新左楠,190.0,1000,0,9B1d,3035,2026-05-12
台新台中,195.5,4000,1000,9B1h,3035,2026-05-12
台新台中,196.5,8100,1000,9B1h,3035,2026-05-12
台新台中,197.5,4400,1000,9B1h,3035,2026-05-12
台新台北,192.0,20,0,9B20,3035,2026-05-12
台新台北,193.5,1000,0,9B20,3035,2026-05-12
台新台北,194.5,2050,0,9B20,3035,2026-05-12
台新台北,197.0,200,0,9B20,3035,2026-05-12
台新台北,198.0,4000,0,9B20,3035,2026-05-12
台新台北,200.0,0,100,9B20,3035,2026-05-12
台新台北,202.5,0,9,9B20,3035,2026-05-12
台新台北,205.0,50000,0,9B20,3035,2026-05-12
台新台北,209.5,0,1000,9B20,3035,2026-05-12
台新九如,188.0,1100,0,9B21,3035,2026-05-12
台新九如,190.5,0,1000,9B21,3035,2026-05-12
台新九如,193.5,1000,0,9B21,3035,2026-05-12
台新九如,197.5,1000,0,9B21,3035,2026-05-12
台新九如,202.5,1000,0,9B21,3035,2026-05-12
台新九如,208.0,200,0,9B21,3035,2026-05-12
台新新店,189.5,1,0,9B22,3035,2026-05-12
台新新店,192.5,2000,1000,9B22,3035,2026-05-12
台新三重,199.5,200,0,9B23,3035,2026-05-12
台新三重,198.5,200,0,9B23,3035,2026-05-12
台新三重,194.5,0,1000,9B23,3035,2026-05-12
台新三重,193.5,1000,4000,9B23,3035,2026-05-12
台新三重,192.0,0,1000,9B23,3035,2026-05-12
台新三重,191.0,1000,0,9B23,3035,2026-05-12
台新台北,190.5,0,1000,9B20,3035,2026-05-12
台新新店,210.0,1000,0,9B22,3035,2026-05-12
台新新店,207.0,0,100,9B22,3035,2026-05-12
台新新店,203.5,0,1,9B22,3035,2026-05-12
台新新店,201.5,0,1000,9B22,3035,2026-05-12
台新新店,200.0,1000,0,9B22,3035,2026-05-12
台新新店,197.5,1000,0,9B22,3035,2026-05-12
台新新店,194.0,0,1000,9B22,3035,2026-05-12
台新新店,208.5,0,2000,9B22,3035,2026-05-12
台新台北,189.0,1000,0,9B20,3035,2026-05-12
台新中壢,210.0,2001,10,9B1y,3035,2026-05-12
台新中壢,209.0,1000,100,9B1y,3035,2026-05-12
台新屏東,193.0,1000,0,9B1n,3035,2026-05-12
台新屏東,189.5,50,0,9B1n,3035,2026-05-12
台新屏東,188.0,1000,0,9B1n,3035,2026-05-12
台新台中,209.5,0,3000,9B1h,3035,2026-05-12
台新台中,208.5,6000,4590,9B1h,3035,2026-05-12
台新台中,207.5,50,0,9B1h,3035,2026-05-12
台新屏東,198.0,0,1000,9B1n,3035,2026-05-12
台新台中,206.0,0,6000,9B1h,3035,2026-05-12
台新台中,203.5,0,1000,9B1h,3035,2026-05-12
台新台中,202.5,2000,0,9B1h,3035,2026-05-12
台新台中,201.5,1000,0,9B1h,3035,2026-05-12
台新台中,200.5,1000,0,9B1h,3035,2026-05-12
台新台中,199.5,0,1000,9B1h,3035,2026-05-12
台新台中,198.5,20,2050,9B1h,3035,2026-05-12
台新台中,204.5,0,1000,9B1h,3035,2026-05-12
台新新竹,199.0,5000,0,9B2G,3035,2026-05-12
台新屏東,199.5,1000,0,9B1n,3035,2026-05-12
台新屏東,203.0,0,1000,9B1n,3035,2026-05-12
台新中壢,208.0,2000,0,9B1y,3035,2026-05-12
台新中壢,207.0,1000,2000,9B1y,3035,2026-05-12
台新中壢,204.0,0,1000,9B1y,3035,2026-05-12
台新中壢,202.0,0,1000,9B1y,3035,2026-05-12
台新中壢,200.5,0,1000,9B1y,3035,2026-05-12
台新中壢,198.0,200,0,9B1y,3035,2026-05-12
台新屏東,202.0,0,1000,9B1n,3035,2026-05-12
台新中壢,196.0,0,1000,9B1y,3035,2026-05-12
台新中壢,193.5,1000,10,9B1y,3035,2026-05-12
台新中壢,192.5,3000,0,9B1y,3035,2026-05-12
台新中壢,191.5,3000,0,9B1y,3035,2026-05-12
台新中壢,188.0,1000,0,9B1y,3035,2026-05-12
台新屏東,209.5,0,1000,9B1n,3035,2026-05-12
台新屏東,208.5,0,1100,9B1n,3035,2026-05-12
台新中壢,194.5,1000,1000,9B1y,3035,2026-05-12
台新建北,197.5,0,10000,9B18,3035,2026-05-12
台新新竹,202.5,4000,0,9B2G,3035,2026-05-12
台新信義,189.0,2000,0,9B2H,3035,2026-05-12
台新世貿,201.5,3000,0,9B2u,3035,2026-05-12
台新世貿,202.5,0,2000,9B2u,3035,2026-05-12
台新世貿,204.0,0,2000,9B2u,3035,2026-05-12
台新世貿,206.0,100,0,9B2u,3035,2026-05-12
台新世貿,208.5,1000,0,9B2u,3035,2026-05-12
台新世貿,209.5,100,0,9B2u,3035,2026-05-12
台新宜蘭,190.0,1000,0,9B2U,3035,2026-05-12
台新宜蘭,191.0,1000,0,9B2U,3035,2026-05-12
台新宜蘭,192.0,100,0,9B2U,3035,2026-05-12
台新宜蘭,193.0,100,0,9B2U,3035,2026-05-12
台新宜蘭,194.0,1200,0,9B2U,3035,2026-05-12
台新宜蘭,196.0,2100,0,9B2U,3035,2026-05-12
台新宜蘭,197.0,0,1000,9B2U,3035,2026-05-12
台新宜蘭,199.0,0,100,9B2U,3035,2026-05-12
台新宜蘭,204.5,0,1000,9B2U,3035,2026-05-12
台新宜蘭,206.0,0,1000,9B2U,3035,2026-05-12
台新宜蘭,208.5,10000,0,9B2U,3035,2026-05-12
台新佳里,190.5,1000,0,9B2w,3035,2026-05-12
台新佳里,188.0,1000,0,9B2w,3035,2026-05-12
台新桃園,203.5,0,1000,9B2v,3035,2026-05-12
台新桃園,201.5,0,1000,9B2v,3035,2026-05-12
台新桃園,200.5,1000,0,9B2v,3035,2026-05-12
台新桃園,199.5,0,1000,9B2v,3035,2026-05-12
台新世貿,200.0,2000,0,9B2u,3035,2026-05-12
台新桃園,198.0,1000,1000,9B2v,3035,2026-05-12
台新桃園,194.0,0,1000,9B2v,3035,2026-05-12
台新桃園,193.0,1000,2007,9B2v,3035,2026-05-12
台新桃園,191.0,1005,1000,9B2v,3035,2026-05-12
台新桃園,190.0,5000,2000,9B2v,3035,2026-05-12
台新桃園,189.0,1000,0,9B2v,3035,2026-05-12
台新宜蘭,210.0,0,1000,9B2U,3035,2026-05-12
台新桃園,196.5,2000,0,9B2v,3035,2026-05-12
台新佳里,192.5,1000,1000,9B2w,3035,2026-05-12
台新世貿,198.0,2000,0,9B2u,3035,2026-05-12
台新世貿,189.5,0,100,9B2u,3035,2026-05-12
台新敦南,188.5,1000,0,9B2Q,3035,2026-05-12
台新敦南,191.5,0,4000,9B2Q,3035,2026-05-12
台新敦南,192.5,0,1000,9B2Q,3035,2026-05-12
台新敦南,193.5,1000,0,9B2Q,3035,2026-05-12
台新敦南,195.0,7,0,9B2Q,3035,2026-05-12
台新敦南,196.5,0,1000,9B2Q,3035,2026-05-12
台新敦南,199.0,0,1000,9B2Q,3035,2026-05-12
台新敦南,200.0,0,1000,9B2Q,3035,2026-05-12
台新敦南,203.0,0,1000,9B2Q,3035,2026-05-12
台新敦南,206.0,1000,0,9B2Q,3035,2026-05-12
台新敦南,207.5,0,1000,9B2Q,3035,2026-05-12
台新敦南,210.0,30,0,9B2Q,3035,2026-05-12
台新城東,188.0,1000,0,9B2r,3035,2026-05-12
台新城東,189.5,1005,0,9B2r,3035,2026-05-12
台新城東,192.0,3050,0,9B2r,3035,2026-05-12
台新城東,193.0,3000,1000,9B2r,3035,2026-05-12
台新城東,194.0,11000,0,9B2r,3035,2026-05-12
台新基隆,209.0,0,1000,9B2S,3035,2026-05-12
台新基隆,206.5,1000,0,9B2S,3035,2026-05-12
台新基隆,201.5,1000,0,9B2S,3035,2026-05-12
台新基隆,198.5,1000,0,9B2S,3035,2026-05-12
台新基隆,192.0,1000,0,9B2S,3035,2026-05-12
台新城東,210.0,0,100,9B2r,3035,2026-05-12
台新世貿,194.5,4000,1000,9B2u,3035,2026-05-12
台新城東,206.5,8000,3000,9B2r,3035,2026-05-12
台新城東,203.0,0,2005,9B2r,3035,2026-05-12
台新城東,201.0,0,100,9B2r,3035,2026-05-12
台新城東,200.0,0,2001,9B2r,3035,2026-05-12
台新城東,198.5,0,1000,9B2r,3035,2026-05-12
台新城東,196.0,0,1000,9B2r,3035,2026-05-12
台新城東,195.0,8000,0,9B2r,3035,2026-05-12
台新城東,205.5,0,3000,9B2r,3035,2026-05-12
台新屏新,208.5,1000,0,9B2q,3035,2026-05-12
台新佳里,193.5,1000,0,9B2w,3035,2026-05-12
台新佳里,196.0,0,1000,9B2w,3035,2026-05-12
台新埔里,198.0,1000,1000,9B2Y,3035,2026-05-12
台新埔里,199.5,0,1000,9B2Y,3035,2026-05-12
台新埔里,200.5,1000,0,9B2Y,3035,2026-05-12
台新埔里,204.0,0,1000,9B2Y,3035,2026-05-12
台新埔里,207.0,0,1000,9B2Y,3035,2026-05-12
台新埔里,208.0,10,0,9B2Y,3035,2026-05-12
台新埔里,209.5,0,2000,9B2Y,3035,2026-05-12
台新文心,189.0,1000,120,9B2z,3035,2026-05-12
台新文心,190.5,3000,0,9B2z,3035,2026-05-12
台新文心,192.0,2000,0,9B2z,3035,2026-05-12
台新文心,194.0,4000,0,9B2z,3035,2026-05-12
台新文心,196.0,3000,0,9B2z,3035,2026-05-12
台新文心,197.5,1000,1000,9B2z,3035,2026-05-12
台新文心,199.0,13000,1000,9B2z,3035,2026-05-12
台新文心,200.0,0,10000,9B2z,3035,2026-05-12
台新文心,201.0,12000,170,9B2z,3035,2026-05-12
台新文心,202.0,1000,0,9B2z,3035,2026-05-12
台新安南,204.0,1000,0,9B2Z,3035,2026-05-12
台新安南,202.5,1000,100,9B2Z,3035,2026-05-12
台新安南,200.0,0,1000,9B2Z,3035,2026-05-12
台新安南,198.5,1000,0,9B2Z,3035,2026-05-12
台新安南,197.5,52,0,9B2Z,3035,2026-05-12
台新安南,196.0,0,1000,9B2Z,3035,2026-05-12
台新埔里,194.5,2000,5000,9B2Y,3035,2026-05-12
台新安南,194.0,3000,1000,9B2Z,3035,2026-05-12
台新安南,191.5,1000,0,9B2Z,3035,2026-05-12
台新安南,189.0,2000,6000,9B2Z,3035,2026-05-12
台新文心,208.5,0,2000,9B2z,3035,2026-05-12
台新文心,207.0,0,1000,9B2z,3035,2026-05-12
台新文心,204.5,0,5,9B2z,3035,2026-05-12
台新文心,203.0,0,5,9B2z,3035,2026-05-12
台新安南,193.0,0,2000,9B2Z,3035,2026-05-12
台新佳里,194.5,1000,0,9B2w,3035,2026-05-12
台新埔里,193.0,0,7000,9B2Y,3035,2026-05-12
台新埔里,189.5,2000,0,9B2Y,3035,2026-05-12
台新佳里,198.0,0,1000,9B2w,3035,2026-05-12
台新佳里,200.5,1000,1000,9B2w,3035,2026-05-12
台新佳里,202.5,1000,0,9B2w,3035,2026-05-12
台新佳里,205.0,0,1000,9B2w,3035,2026-05-12
台新吉利,191.0,10000,0,9B2W,3035,2026-05-12
台新吉利,193.5,2000,0,9B2W,3035,2026-05-12
台新吉利,195.5,10000,0,9B2W,3035,2026-05-12
台新吉利,197.0,0,1000,9B2W,3035,2026-05-12
台新吉利,198.0,1000,0,9B2W,3035,2026-05-12
台新吉利,200.5,10000,0,9B2W,3035,2026-05-12
台新吉利,201.5,200,0,9B2W,3035,2026-05-12
台新吉利,208.0,0,1050,9B2W,3035,2026-05-12
台新吉利,209.5,0,50,9B2W,3035,2026-05-12
台新草屯,188.5,2000,0,9B2X,3035,2026-05-12
台新草屯,191.0,37,0,9B2X,3035,2026-05-12
台新草屯,193.0,0,2000,9B2X,3035,2026-05-12
台新草屯,194.5,0,1000,9B2X,3035,2026-05-12
台新花蓮,209.5,0,1000,9B2y,3035,2026-05-12
台新花蓮,202.5,0,60,9B2y,3035,2026-05-12
台新花蓮,200.0,0,1000,9B2y,3035,2026-05-12
台新花蓮,199.0,1000,0,9B2y,3035,2026-05-12
台新花蓮,197.0,2026,0,9B2y,3035,2026-05-12
台新花蓮,194.5,1000,0,9B2y,3035,2026-05-12
台新埔里,192.0,1020,0,9B2Y,3035,2026-05-12
台新花蓮,193.5,26,0,9B2y,3035,2026-05-12
台新花蓮,188.5,0,3000,9B2y,3035,2026-05-12
台新草屯,209.5,0,26,9B2X,3035,2026-05-12
台新草屯,204.0,1000,0,9B2X,3035,2026-05-12
台新草屯,202.5,500,24,9B2X,3035,2026-05-12
台新草屯,198.5,0,275,9B2X,3035,2026-05-12
台新草屯,195.5,1000,0,9B2X,3035,2026-05-12
台新花蓮,191.5,0,3000,9B2y,3035,2026-05-12
台新屏新,205.5,0,1000,9B2q,3035,2026-05-12
台新屏新,202.5,0,1000,9B2q,3035,2026-05-12
台新屏新,201.0,1000,0,9B2q,3035,2026-05-12
台新嘉義,204.5,0,100,9B2I,3035,2026-05-12
台新嘉義,209.5,0,30,9B2I,3035,2026-05-12
台新大裕,189.0,1000,0,9B2l,3035,2026-05-12
台新大裕,191.5,31000,0,9B2l,3035,2026-05-12
台新大裕,192.5,11000,170,9B2l,3035,2026-05-12
台新大裕,193.5,15100,0,9B2l,3035,2026-05-12
台新大裕,194.5,15100,3010,9B2l,3035,2026-05-12
台新大裕,197.0,200,0,9B2l,3035,2026-05-12
台新大裕,198.5,1000,1000,9B2l,3035,2026-05-12
台新大裕,199.5,1000,0,9B2l,3035,2026-05-12
台新大裕,201.5,1000,0,9B2l,3035,2026-05-12
台新大裕,203.0,2000,0,9B2l,3035,2026-05-12
台新大裕,207.0,11000,0,9B2l,3035,2026-05-12
台新大裕,208.0,0,1000,9B2l,3035,2026-05-12
台新大裕,210.0,50,5,9B2l,3035,2026-05-12
台新北壢,191.5,0,6000,9B2L,3035,2026-05-12
台新北壢,192.5,1000,0,9B2L,3035,2026-05-12
台新成功,198.0,0,1500,9B2m,3035,2026-05-12
台新成功,196.0,2000,1000,9B2m,3035,2026-05-12
台新成功,195.0,0,1000,9B2m,3035,2026-05-12
台新成功,194.0,52500,10,9B2m,3035,2026-05-12
台新成功,193.0,1050,0,9B2m,3035,2026-05-12
台新成功,192.0,50020,0,9B2m,3035,2026-05-12
台新嘉義,202.5,0,1000,9B2I,3035,2026-05-12
台新成功,190.5,1200,0,9B2m,3035,2026-05-12
台新成功,188.5,1100,0,9B2m,3035,2026-05-12
台新北壢,209.0,0,1000,9B2L,3035,2026-05-12
台新北壢,199.0,0,7000,9B2L,3035,2026-05-12
台新北壢,197.5,0,100,9B2L,3035,2026-05-12
台新北壢,195.5,2000,0,9B2L,3035,2026-05-12
台新北壢,194.5,5000,0,9B2L,3035,2026-05-12
台新成功,189.5,100,1000,9B2m,3035,2026-05-12
台新成功,200.5,1000,0,9B2m,3035,2026-05-12
台新嘉義,200.5,1000,0,9B2I,3035,2026-05-12
台新嘉義,197.5,50,0,9B2I,3035,2026-05-12
台新信義,190.0,2000,0,9B2H,3035,2026-05-12
台新信義,191.0,2000,0,9B2H,3035,2026-05-12
台新信義,192.5,1000,2000,9B2H,3035,2026-05-12
台新信義,194.0,3000,2000,9B2H,3035,2026-05-12
台新信義,195.0,275,1000,9B2H,3035,2026-05-12
台新信義,197.0,0,1000,9B2H,3035,2026-05-12
台新信義,198.0,1000,2000,9B2H,3035,2026-05-12
台新信義,199.0,800,0,9B2H,3035,2026-05-12
台新信義,200.5,3000,0,9B2H,3035,2026-05-12
台新信義,202.0,1000,0,9B2H,3035,2026-05-12
台新信義,204.0,1000,0,9B2H,3035,2026-05-12
台新信義,206.0,0,2000,9B2H,3035,2026-05-12
台新信義,207.5,1000,2000,9B2H,3035,2026-05-12
台新信義,210.0,0,1006,9B2H,3035,2026-05-12
台新中港,188.5,1000,0,9B2i,3035,2026-05-12
台新中港,189.5,10,0,9B2i,3035,2026-05-12
台新中港,191.5,2000,0,9B2i,3035,2026-05-12
台新嘉義,196.0,0,1000,9B2I,3035,2026-05-12
台新嘉義,194.0,3000,0,9B2I,3035,2026-05-12
台新嘉義,191.5,1000,0,9B2I,3035,2026-05-12
台新嘉義,190.0,0,100,9B2I,3035,2026-05-12
台新嘉義,188.0,1000,0,9B2I,3035,2026-05-12
台新中港,209.5,0,20,9B2i,3035,2026-05-12
台新嘉義,198.5,0,3000,9B2I,3035,2026-05-12
台新中港,206.5,1000,0,9B2i,3035,2026-05-12
台新中港,201.0,1100,2000,9B2i,3035,2026-05-12
台新中港,199.5,1000,0,9B2i,3035,2026-05-12
台新中港,198.0,1000,0,9B2i,3035,2026-05-12
台新中港,196.5,2000,0,9B2i,3035,2026-05-12
台新中港,195.0,1000,0,9B2i,3035,2026-05-12
台新中港,193.5,0,50,9B2i,3035,2026-05-12
台新中港,203.0,0,30,9B2i,3035,2026-05-12
台新成功,202.5,1000,0,9B2m,3035,2026-05-12
台新成功,207.0,1000,0,9B2m,3035,2026-05-12
台新成功,208.0,1000,0,9B2m,3035,2026-05-12
台新新興,192.0,1500,5005,9B2o,3035,2026-05-12
台新新興,193.5,4200,0,9B2o,3035,2026-05-12
台新新興,194.5,100,5000,9B2o,3035,2026-05-12
台新新興,196.0,0,1000,9B2o,3035,2026-05-12
台新新興,198.0,100,1000,9B2o,3035,2026-05-12
台新新興,199.0,6000,1030,9B2o,3035,2026-05-12
台新新興,200.0,0,500,9B2o,3035,2026-05-12
台新新興,204.0,1000,0,9B2o,3035,2026-05-12
台新新興,208.0,3000,10,9B2o,3035,2026-05-12
台新新興,209.0,0,3000,9B2o,3035,2026-05-12
台新同大,187.5,0,1000,9B2P,3035,2026-05-12
台新同大,188.5,0,7000,9B2P,3035,2026-05-12
台新同大,190.0,2000,0,9B2P,3035,2026-05-12
台新同大,191.5,1000,1000,9B2P,3035,2026-05-12
台新同大,192.5,0,5000,9B2P,3035,2026-05-12
台新同大,193.5,1000,1000,9B2P,3035,2026-05-12
台新同大,195.5,1000,0,9B2P,3035,2026-05-12
台新屏新,199.0,0,4000,9B2q,3035,2026-05-12
台新屏新,197.5,5000,0,9B2q,3035,2026-05-12
台新屏新,196.5,1000,0,9B2q,3035,2026-05-12
台新屏新,195.0,6000,1000,9B2q,3035,2026-05-12
台新屏新,193.5,2000,2000,9B2q,3035,2026-05-12
台新屏新,192.5,1000,0,9B2q,3035,2026-05-12
台新新興,190.5,3000,0,9B2o,3035,2026-05-12
台新屏新,189.5,1000,0,9B2q,3035,2026-05-12
台新同大,207.5,2109,1000,9B2P,3035,2026-05-12
台新同大,204.5,10,0,9B2P,3035,2026-05-12
台新同大,202.5,5000,2000,9B2P,3035,2026-05-12
台新同大,200.5,0,1000,9B2P,3035,2026-05-12
台新同大,198.5,2000,3000,9B2P,3035,2026-05-12
台新同大,197.0,1000,1000,9B2P,3035,2026-05-12
台新同大,209.0,2000,1000,9B2P,3035,2026-05-12
台新新興,189.5,1000,0,9B2o,3035,2026-05-12
台新新興,188.5,3000,4000,9B2o,3035,2026-05-12
台新虎尾,210.0,1100,0,9B2N,3035,2026-05-12
台新西松,195.5,0,1000,9B2n,3035,2026-05-12
台新西松,194.5,0,1000,9B2n,3035,2026-05-12
台新西松,193.5,2000,0,9B2n,3035,2026-05-12
台新西松,191.5,1000,2000,9B2n,3035,2026-05-12
台新西松,190.5,1000,1000,9B2n,3035,2026-05-12
台新西松,189.5,1000,0,9B2n,3035,2026-05-12
台新西松,197.0,1000,0,9B2n,3035,2026-05-12
台新彰化,210.5,0,1,9B2M,3035,2026-05-12
台新彰化,199.0,0,1000,9B2M,3035,2026-05-12
台新彰化,198.0,0,1000,9B2M,3035,2026-05-12
台新彰化,196.5,0,1000,9B2M,3035,2026-05-12
台新彰化,195.0,10,0,9B2M,3035,2026-05-12
台新彰化,193.0,1000,0,9B2M,3035,2026-05-12
台新成功,210.0,0,2000,9B2m,3035,2026-05-12
台新彰化,201.5,0,1000,9B2M,3035,2026-05-12
台新新竹,207.5,5000,0,9B2G,3035,2026-05-12
台新西松,198.0,1000,0,9B2n,3035,2026-05-12
台新西松,202.0,1000,0,9B2n,3035,2026-05-12
台新虎尾,208.5,0,1000,9B2N,3035,2026-05-12
台新虎尾,207.5,1000,0,9B2N,3035,2026-05-12
台新虎尾,203.0,30,1000,9B2N,3035,2026-05-12
台新虎尾,200.0,0,2000,9B2N,3035,2026-05-12
台新虎尾,198.5,0,1000,9B2N,3035,2026-05-12
台新虎尾,197.0,1000,0,9B2N,3035,2026-05-12
台新西松,199.5,2000,1000,9B2n,3035,2026-05-12
台新虎尾,194.5,1000,0,9B2N,3035,2026-05-12
台新虎尾,192.0,0,1000,9B2N,3035,2026-05-12
台新虎尾,190.0,1000,0,9B2N,3035,2026-05-12
台新虎尾,188.5,2000,0,9B2N,3035,2026-05-12
台新西松,209.0,1000,0,9B2n,3035,2026-05-12
台新西松,208.0,1000,0,9B2n,3035,2026-05-12
台新西松,204.5,0,150,9B2n,3035,2026-05-12
台新虎尾,193.5,2000,2000,9B2N,3035,2026-05-12
台新建北,196.5,3000,10000,9B18,3035,2026-05-12
台新建北,195.5,0,3000,9B18,3035,2026-05-12
台新建北,194.5,500,0,9B18,3035,2026-05-12
永豐台南,195.0,1000,0,9A9h,3035,2026-05-12
永豐台南,196.0,0,1000,9A9h,3035,2026-05-12
永豐台南,197.0,2000,3000,9A9h,3035,2026-05-12
永豐台南,198.0,2020,1000,9A9h,3035,2026-05-12
永豐台南,200.0,0,1000,9A9h,3035,2026-05-12
永豐台南,201.0,8050,0,9A9h,3035,2026-05-12
永豐台南,202.0,200,1000,9A9h,3035,2026-05-12
永豐台南,203.0,4050,100,9A9h,3035,2026-05-12
永豐台南,204.5,0,215,9A9h,3035,2026-05-12
永豐台南,206.0,2000,50,9A9h,3035,2026-05-12
永豐台南,208.5,6100,3000,9A9h,3035,2026-05-12
永豐台南,209.5,0,25,9A9h,3035,2026-05-12
永豐新莊,188.5,1000,0,9A9H,3035,2026-05-12
永豐新莊,190.0,1000,0,9A9H,3035,2026-05-12
永豐新莊,193.0,6000,0,9A9H,3035,2026-05-12
永豐新莊,194.5,17,1000,9A9H,3035,2026-05-12
永豐新莊,196.5,56000,0,9A9H,3035,2026-05-12
永豐新店,195.0,2000,0,9A9i,3035,2026-05-12
永豐新店,194.0,1000,0,9A9i,3035,2026-05-12
永豐新店,193.0,0,2000,9A9i,3035,2026-05-12
永豐新店,192.0,188,20,9A9i,3035,2026-05-12
永豐新店,190.0,5,0,9A9i,3035,2026-05-12
永豐新店,189.0,1010,0,9A9i,3035,2026-05-12
永豐台南,194.0,2020,3130,9A9h,3035,2026-05-12
永豐新莊,208.0,3000,1000,9A9H,3035,2026-05-12
永豐新莊,203.5,0,1000,9A9H,3035,2026-05-12
永豐新莊,202.5,0,5000,9A9H,3035,2026-05-12
永豐新莊,201.5,0,60000,9A9H,3035,2026-05-12
永豐新莊,200.5,0,31000,9A9H,3035,2026-05-12
永豐新莊,199.0,0,1000,9A9H,3035,2026-05-12
永豐新莊,198.0,50000,250000,9A9H,3035,2026-05-12
永豐新莊,206.0,2000,280,9A9H,3035,2026-05-12
永豐新店,196.0,9,1000,9A9i,3035,2026-05-12
永豐台南,193.0,14000,3030,9A9h,3035,2026-05-12
永豐台南,190.0,48080,0,9A9h,3035,2026-05-12
永豐高雄,206.0,100,0,9A9e,3035,2026-05-12
永豐高雄,207.0,0,2000,9A9e,3035,2026-05-12
永豐高雄,208.5,0,2000,9A9e,3035,2026-05-12
永豐高雄,210.5,0,1000,9A9e,3035,2026-05-12
永豐內湖,189.5,2000,0,9A9g,3035,2026-05-12
永豐內湖,191.0,2000,0,9A9g,3035,2026-05-12
永豐內湖,192.0,2000,0,9A9g,3035,2026-05-12
永豐內湖,193.0,1000,0,9A9g,3035,2026-05-12
永豐內湖,194.5,2000,1000,9A9g,3035,2026-05-12
永豐內湖,196.0,1000,0,9A9g,3035,2026-05-12
永豐內湖,198.0,11000,1000,9A9g,3035,2026-05-12
永豐內湖,200.5,0,61000,9A9g,3035,2026-05-12
永豐內湖,202.5,0,2000,9A9g,3035,2026-05-12
永豐內湖,205.5,0,1000,9A9g,3035,2026-05-12
永豐內湖,207.5,10000,0,9A9g,3035,2026-05-12
永豐內湖,208.5,24050,0,9A9g,3035,2026-05-12
永豐內湖,209.5,34,0,9A9g,3035,2026-05-12
永豐台南,189.0,63080,25500,9A9h,3035,2026-05-12
永豐台南,188.0,100,0,9A9h,3035,2026-05-12
永豐天母,207.5,0,2000,9A9G,3035,2026-05-12
永豐天母,202.5,0,2000,9A9G,3035,2026-05-12
永豐天母,201.0,1000,0,9A9G,3035,2026-05-12
永豐天母,198.0,0,100,9A9G,3035,2026-05-12
永豐台南,191.5,1000,0,9A9h,3035,2026-05-12
永豐天母,196.5,1000,0,9A9G,3035,2026-05-12
永豐天母,194.5,300,0,9A9G,3035,2026-05-12
永豐天母,193.0,20,0,9A9G,3035,2026-05-12
永豐天母,192.0,0,1000,9A9G,3035,2026-05-12
永豐天母,190.5,2000,0,9A9G,3035,2026-05-12
永豐天母,189.5,1000,0,9A9G,3035,2026-05-12
永豐天母,188.0,1000,3000,9A9G,3035,2026-05-12
永豐天母,195.5,10000,0,9A9G,3035,2026-05-12
永豐高雄,204.0,300,0,9A9e,3035,2026-05-12
永豐新店,198.0,1000,0,9A9i,3035,2026-05-12
永豐新店,203.0,0,10,9A9i,3035,2026-05-12
永豐三重,188.0,1000,0,9A9K,3035,2026-05-12
永豐三重,189.5,100,0,9A9K,3035,2026-05-12
永豐三重,190.5,1000,0,9A9K,3035,2026-05-12
永豐三重,192.0,2000,2000,9A9K,3035,2026-05-12
永豐三重,194.0,1000,6009,9A9K,3035,2026-05-12
永豐三重,195.0,1100,1000,9A9K,3035,2026-05-12
永豐三重,196.5,1000,0,9A9K,3035,2026-05-12
永豐三重,198.0,0,12020,9A9K,3035,2026-05-12
永豐三重,199.0,0,1000,9A9K,3035,2026-05-12
永豐三重,200.0,0,1000,9A9K,3035,2026-05-12
永豐三重,202.5,3000,0,9A9K,3035,2026-05-12
永豐三重,206.5,1000,0,9A9K,3035,2026-05-12
永豐三重,208.0,1000,1000,9A9K,3035,2026-05-12
永豐三重,209.0,2500,0,9A9K,3035,2026-05-12
永豐台中,187.0,0,2000,9A9L,3035,2026-05-12
永豐台中,188.5,2100,0,9A9L,3035,2026-05-12
永豐台中,190.0,155,0,9A9L,3035,2026-05-12
永豐台中,207.0,0,1000,9A9L,3035,2026-05-12
永豐台中,205.5,0,1000,9A9L,3035,2026-05-12
永豐台中,204.0,1000,1000,9A9L,3035,2026-05-12
永豐台中,203.0,0,2000,9A9L,3035,2026-05-12
永豐台中,202.0,2000,4000,9A9L,3035,2026-05-12
永豐台中,200.0,1000,3000,9A9L,3035,2026-05-12
永豐板新,209.5,0,1000,9A9J,3035,2026-05-12
永豐台中,199.0,4000,2010,9A9L,3035,2026-05-12
永豐台中,197.0,8,0,9A9L,3035,2026-05-12
永豐台中,195.0,3050,0,9A9L,3035,2026-05-12
永豐台中,194.0,0,6000,9A9L,3035,2026-05-12
永豐台中,193.0,7000,0,9A9L,3035,2026-05-12
永豐台中,192.0,2010,150,9A9L,3035,2026-05-12
永豐台中,191.0,1000,0,9A9L,3035,2026-05-12
永豐台中,198.0,2020,0,9A9L,3035,2026-05-12
永豐新店,201.5,91,5040,9A9i,3035,2026-05-12
永豐板新,208.5,3290,0,9A9J,3035,2026-05-12
永豐板新,206.5,0,1000,9A9J,3035,2026-05-12
永豐新店,205.0,1000,0,9A9i,3035,2026-05-12
永豐新店,206.5,0,2000,9A9i,3035,2026-05-12
永豐新店,208.0,1000,1000,9A9i,3035,2026-05-12
永豐新店,209.5,0,10,9A9i,3035,2026-05-12
永豐嘉義,187.5,1000,0,9A9j,3035,2026-05-12
永豐嘉義,189.5,0,1000,9A9j,3035,2026-05-12
永豐嘉義,193.0,1000,0,9A9j,3035,2026-05-12
永豐嘉義,194.5,2000,0,9A9j,3035,2026-05-12
永豐嘉義,196.0,0,1000,9A9j,3035,2026-05-12
永豐嘉義,197.0,50,0,9A9j,3035,2026-05-12
永豐嘉義,198.0,50,0,9A9j,3035,2026-05-12
永豐嘉義,200.5,1000,0,9A9j,3035,2026-05-12
永豐嘉義,204.0,0,1000,9A9j,3035,2026-05-12
永豐嘉義,208.0,0,1000,9A9j,3035,2026-05-12
永豐板新,187.5,100,0,9A9J,3035,2026-05-12
永豐板新,189.0,1120,1000,9A9J,3035,2026-05-12
永豐板新,190.0,4250,500,9A9J,3035,2026-05-12
永豐板新,205.0,0,1000,9A9J,3035,2026-05-12
永豐板新,204.0,0,1000,9A9J,3035,2026-05-12
永豐板新,203.0,150,500,9A9J,3035,2026-05-12
永豐板新,202.0,1000,2000,9A9J,3035,2026-05-12
永豐板新,201.0,7110,0,9A9J,3035,2026-05-12
永豐板新,200.0,0,150,9A9J,3035,2026-05-12
永豐板新,207.5,1000,1000,9A9J,3035,2026-05-12
永豐板新,199.0,1600,1100,9A9J,3035,2026-05-12
永豐板新,197.0,0,3000,9A9J,3035,2026-05-12
永豐板新,196.0,0,3000,9A9J,3035,2026-05-12
永豐板新,194.5,4000,0,9A9J,3035,2026-05-12
永豐板新,193.5,1047,1000,9A9J,3035,2026-05-12
永豐板新,192.5,2000,100,9A9J,3035,2026-05-12
永豐板新,191.0,500,0,9A9J,3035,2026-05-12
永豐板新,198.0,0,3000,9A9J,3035,2026-05-12
永豐高雄,202.0,0,1000,9A9e,3035,2026-05-12
永豐高雄,200.5,3000,482,9A9e,3035,2026-05-12
永豐高雄,199.5,0,7,9A9e,3035,2026-05-12
永豐苓雅,196.5,1000,0,9A9a,3035,2026-05-12
永豐苓雅,199.0,2500,0,9A9a,3035,2026-05-12
永豐苓雅,200.0,0,1000,9A9a,3035,2026-05-12
永豐苓雅,201.0,2000,0,9A9a,3035,2026-05-12
永豐苓雅,202.0,0,2000,9A9a,3035,2026-05-12
永豐苓雅,203.0,0,1000,9A9a,3035,2026-05-12
永豐苓雅,204.5,19,0,9A9a,3035,2026-05-12
永豐苓雅,208.5,8000,4000,9A9a,3035,2026-05-12
永豐羅東,189.0,1000,0,9A9A,3035,2026-05-12
永豐羅東,192.0,0,100,9A9A,3035,2026-05-12
永豐羅東,193.0,3000,11000,9A9A,3035,2026-05-12
永豐羅東,194.0,1000,150,9A9A,3035,2026-05-12
永豐羅東,195.0,1000,1090,9A9A,3035,2026-05-12
永豐羅東,198.0,1000,0,9A9A,3035,2026-05-12
永豐羅東,201.0,1000,0,9A9A,3035,2026-05-12
永豐羅東,205.5,0,50,9A9A,3035,2026-05-12
永豐羅東,209.5,72,0,9A9A,3035,2026-05-12
永豐永康,187.0,1000,0,9A9c,3035,2026-05-12
永豐中和,202.5,5140,0,9A9B,3035,2026-05-12
永豐中和,200.5,2000,0,9A9B,3035,2026-05-12
永豐中和,198.5,1000,0,9A9B,3035,2026-05-12
永豐中和,196.0,2000,0,9A9B,3035,2026-05-12
永豐中和,194.5,15,0,9A9B,3035,2026-05-12
永豐苓雅,195.0,3000,0,9A9a,3035,2026-05-12
永豐中和,193.5,0,2000,9A9B,3035,2026-05-12
永豐中和,189.0,1500,0,9A9B,3035,2026-05-12
永豐虎尾,209.0,1000,0,9A9b,3035,2026-05-12
永豐虎尾,201.0,1000,0,9A9b,3035,2026-05-12
永豐虎尾,199.5,1000,0,9A9b,3035,2026-05-12
永豐虎尾,196.5,1000,0,9A9b,3035,2026-05-12
永豐虎尾,192.0,100,0,9A9b,3035,2026-05-12
永豐中和,191.5,0,3000,9A9B,3035,2026-05-12
永豐永康,188.5,1000,0,9A9c,3035,2026-05-12
永豐苓雅,194.0,2000,0,9A9a,3035,2026-05-12
永豐苓雅,192.0,1000,0,9A9a,3035,2026-05-12
永豐新竹,207.5,1000,0,9A97,3035,2026-05-12
永豐新竹,208.5,1000,1000,9A97,3035,2026-05-12
永豐新竹,210.0,0,2000,9A97,3035,2026-05-12
永豐大園,189.5,300,200,9A98,3035,2026-05-12
永豐大園,192.0,100,2000,9A98,3035,2026-05-12
永豐大園,193.5,11000,4000,9A98,3035,2026-05-12
永豐大園,194.5,100,0,9A98,3035,2026-05-12
永豐大園,196.0,2800,0,9A98,3035,2026-05-12
永豐大園,197.0,1000,0,9A98,3035,2026-05-12
永豐大園,198.0,1000,0,9A98,3035,2026-05-12
永豐大園,199.0,0,3000,9A98,3035,2026-05-12
永豐大園,200.0,1000,0,9A98,3035,2026-05-12
永豐大園,201.5,0,1000,9A98,3035,2026-05-12
永豐大園,203.5,0,1000,9A98,3035,2026-05-12
永豐大園,210.0,50,0,9A98,3035,2026-05-12
永豐中壢,189.0,4000,0,9A99,3035,2026-05-12
永豐中壢,190.0,0,1000,9A99,3035,2026-05-12
永豐苓雅,190.0,100,0,9A9a,3035,2026-05-12
永豐苓雅,188.5,1000,0,9A9a,3035,2026-05-12
永豐中壢,210.0,0,5005,9A99,3035,2026-05-12
永豐中壢,208.0,1000,55,9A99,3035,2026-05-12
永豐中壢,205.5,3000,0,9A99,3035,2026-05-12
永豐中壢,203.5,0,16,9A99,3035,2026-05-12
永豐苓雅,193.0,2020,0,9A9a,3035,2026-05-12
永豐中壢,201.0,1000,0,9A99,3035,2026-05-12
永豐中壢,197.5,1000,50,9A99,3035,2026-05-12
永豐中壢,195.5,11000,0,9A99,3035,2026-05-12
永豐中壢,194.5,1000,0,9A99,3035,2026-05-12
永豐中壢,193.5,0,2000,9A99,3035,2026-05-12
永豐中壢,192.5,1000,1000,9A99,3035,2026-05-12
永豐中壢,191.5,1000,0,9A99,3035,2026-05-12
永豐中壢,199.5,10000,2000,9A99,3035,2026-05-12
永豐永康,190.0,1100,0,9A9c,3035,2026-05-12
永豐永康,191.5,5000,0,9A9c,3035,2026-05-12
永豐永康,192.5,2000,8000,9A9c,3035,2026-05-12
永豐古亭,201.5,100,1000,9A9d,3035,2026-05-12
永豐古亭,203.5,0,1000,9A9d,3035,2026-05-12
永豐古亭,206.5,1000,0,9A9d,3035,2026-05-12
永豐古亭,207.5,0,1000,9A9d,3035,2026-05-12
永豐古亭,208.5,0,1000,9A9d,3035,2026-05-12
永豐古亭,209.5,40,1000,9A9d,3035,2026-05-12
永豐忠孝,187.5,0,1000,9A9D,3035,2026-05-12
永豐忠孝,189.0,1000,0,9A9D,3035,2026-05-12
永豐忠孝,190.5,2000,200,9A9D,3035,2026-05-12
永豐忠孝,192.0,588,3000,9A9D,3035,2026-05-12
永豐忠孝,193.5,2000,0,9A9D,3035,2026-05-12
永豐忠孝,194.5,5000,0,9A9D,3035,2026-05-12
永豐忠孝,195.5,3000,2000,9A9D,3035,2026-05-12
永豐忠孝,196.5,3000,0,9A9D,3035,2026-05-12
永豐忠孝,197.5,0,8000,9A9D,3035,2026-05-12
永豐忠孝,199.0,1000,0,9A9D,3035,2026-05-12
永豐忠孝,200.0,1000,2000,9A9D,3035,2026-05-12
永豐高雄,198.0,10,0,9A9e,3035,2026-05-12
永豐高雄,196.5,2000,6000,9A9e,3035,2026-05-12
永豐高雄,195.5,12000,100,9A9e,3035,2026-05-12
永豐高雄,194.5,0,330,9A9e,3035,2026-05-12
永豐高雄,193.5,1200,1230,9A9e,3035,2026-05-12
永豐高雄,191.5,1000,2000,9A9e,3035,2026-05-12
永豐古亭,200.5,1000,0,9A9d,3035,2026-05-12
永豐高雄,190.5,1500,0,9A9e,3035,2026-05-12
永豐高雄,188.0,2000,0,9A9e,3035,2026-05-12
永豐忠孝,210.0,2050,0,9A9D,3035,2026-05-12
永豐忠孝,206.5,0,1000,9A9D,3035,2026-05-12
永豐忠孝,204.0,1000,0,9A9D,3035,2026-05-12
永豐忠孝,203.0,1000,0,9A9D,3035,2026-05-12
永豐忠孝,201.5,5000,1000,9A9D,3035,2026-05-12
永豐高雄,189.5,1000,700,9A9e,3035,2026-05-12
永豐古亭,199.5,200,0,9A9d,3035,2026-05-12
永豐古亭,198.0,1000,1000,9A9d,3035,2026-05-12
永豐古亭,197.0,0,51000,9A9d,3035,2026-05-12
永豐永康,209.0,2010,0,9A9c,3035,2026-05-12
永豐永康,208.0,3000,5000,9A9c,3035,2026-05-12
永豐永康,206.5,5000,5000,9A9c,3035,2026-05-12
永豐永康,205.0,1000,0,9A9c,3035,2026-05-12
永豐永康,204.0,0,5000,9A9c,3035,2026-05-12
永豐永康,202.0,4000,0,9A9c,3035,2026-05-12
永豐永康,210.5,5000,0,9A9c,3035,2026-05-12
永豐永康,201.0,3000,0,9A9c,3035,2026-05-12
永豐永康,198.5,250,0,9A9c,3035,2026-05-12
永豐永康,197.5,1000,1000,9A9c,3035,2026-05-12
永豐永康,196.5,4000,6000,9A9c,3035,2026-05-12
永豐永康,195.5,6000,9000,9A9c,3035,2026-05-12
永豐永康,194.5,3000,1001,9A9c,3035,2026-05-12
永豐永康,193.5,6000,6000,9A9c,3035,2026-05-12
永豐永康,199.5,3000,1000,9A9c,3035,2026-05-12
永豐台中,208.0,1000,1000,9A9L,3035,2026-05-12
永豐員林,188.5,0,1000,9A9C,3035,2026-05-12
永豐員林,191.0,1000,1000,9A9C,3035,2026-05-12
永豐古亭,195.5,2040,0,9A9d,3035,2026-05-12
永豐古亭,194.5,1000,0,9A9d,3035,2026-05-12
永豐古亭,193.5,1000,2000,9A9d,3035,2026-05-12
永豐古亭,192.0,2006,0,9A9d,3035,2026-05-12
永豐古亭,190.0,2000,0,9A9d,3035,2026-05-12
永豐古亭,189.0,1000,1000,9A9d,3035,2026-05-12
永豐員林,189.5,50,0,9A9C,3035,2026-05-12
永豐古亭,188.0,50,0,9A9d,3035,2026-05-12
永豐員林,203.0,0,10000,9A9C,3035,2026-05-12
永豐員林,200.5,1000,2000,9A9C,3035,2026-05-12
永豐員林,199.0,0,100,9A9C,3035,2026-05-12
永豐員林,195.0,2200,1000,9A9C,3035,2026-05-12
永豐員林,194.0,1530,0,9A9C,3035,2026-05-12
永豐員林,192.0,15,0,9A9C,3035,2026-05-12
永豐員林,208.5,0,1000,9A9C,3035,2026-05-12
永豐台中,209.0,2050,1000,9A9L,3035,2026-05-12
永豐台中,210.0,2020,0,9A9L,3035,2026-05-12
永豐南投,190.0,2000,1000,9A9M,3035,2026-05-12
永豐竹科,208.0,100,0,9A9X,3035,2026-05-12
永豐竹科,210.0,70,0,9A9X,3035,2026-05-12
永豐板盛,189.0,0,1000,9A9Y,3035,2026-05-12
永豐板盛,191.5,2000,0,9A9Y,3035,2026-05-12
永豐板盛,193.0,0,1000,9A9Y,3035,2026-05-12
永豐板盛,194.0,0,7000,9A9Y,3035,2026-05-12
永豐板盛,195.5,1000,0,9A9Y,3035,2026-05-12
永豐板盛,197.5,0,4000,9A9Y,3035,2026-05-12
永豐板盛,198.5,0,4000,9A9Y,3035,2026-05-12
永豐板盛,200.0,2000,1000,9A9Y,3035,2026-05-12
永豐板盛,201.0,3000,0,9A9Y,3035,2026-05-12
永豐板盛,206.0,4000,0,9A9Y,3035,2026-05-12
永豐板盛,208.5,5000,0,9A9Y,3035,2026-05-12
永豐復興,191.5,25000,0,9A9Z,3035,2026-05-12
永豐復興,192.5,0,1000,9A9Z,3035,2026-05-12
永豐復興,195.0,100,0,9A9Z,3035,2026-05-12
永豐復興,201.0,2000,0,9A9Z,3035,2026-05-12
台新證券,199.0,8175,5100,9B00,3035,2026-05-12
台新證券,198.0,5433,2050,9B00,3035,2026-05-12
台新證券,197.0,7265,93090,9B00,3035,2026-05-12
台新證券,196.0,5000,3000,9B00,3035,2026-05-12
台新證券,195.0,7653,1210,9B00,3035,2026-05-12
台新證券,194.0,16335,21738,9B00,3035,2026-05-12
永豐竹科,207.0,2000,0,9A9X,3035,2026-05-12
台新證券,193.0,21435,23020,9B00,3035,2026-05-12
台新證券,191.0,11200,61000,9B00,3035,2026-05-12
台新證券,190.0,6670,71380,9B00,3035,2026-05-12
台新證券,189.0,16070,7120,9B00,3035,2026-05-12
台新證券,188.0,3100,1000,9B00,3035,2026-05-12
台新證券,187.0,1000,0,9B00,3035,2026-05-12
永豐復興,203.5,0,1000,9A9Z,3035,2026-05-12
台新證券,192.0,7615,46160,9B00,3035,2026-05-12
台新證券,200.0,150,17400,9B00,3035,2026-05-12
永豐竹科,202.5,0,500,9A9X,3035,2026-05-12
永豐竹科,199.0,0,3100,9A9X,3035,2026-05-12
永豐桃園,187.5,3000,0,9A9x,3035,2026-05-12
永豐桃園,188.5,1000,0,9A9x,3035,2026-05-12
永豐桃園,189.5,1000,0,9A9x,3035,2026-05-12
永豐桃園,190.5,1040,0,9A9x,3035,2026-05-12
永豐桃園,191.5,0,1000,9A9x,3035,2026-05-12
永豐桃園,192.5,3200,1000,9A9x,3035,2026-05-12
永豐桃園,193.5,3000,5000,9A9x,3035,2026-05-12
永豐桃園,194.5,2100,2020,9A9x,3035,2026-05-12
永豐桃園,195.5,3000,1000,9A9x,3035,2026-05-12
永豐桃園,196.5,3000,0,9A9x,3035,2026-05-12
永豐桃園,197.5,0,2000,9A9x,3035,2026-05-12
永豐桃園,198.5,0,5000,9A9x,3035,2026-05-12
永豐桃園,199.5,1000,0,9A9x,3035,2026-05-12
永豐桃園,200.5,7000,0,9A9x,3035,2026-05-12
永豐桃園,202.0,2000,1000,9A9x,3035,2026-05-12
永豐桃園,203.0,1000,2000,9A9x,3035,2026-05-12
永豐桃園,204.5,2200,0,9A9x,3035,2026-05-12
永豐竹科,198.0,2000,1000,9A9X,3035,2026-05-12
永豐竹科,197.0,10,0,9A9X,3035,2026-05-12
永豐竹科,196.0,1000,2000,9A9X,3035,2026-05-12
永豐竹科,195.0,159,1000,9A9X,3035,2026-05-12
永豐竹科,194.0,2100,2000,9A9X,3035,2026-05-12
永豐竹科,193.0,2500,0,9A9X,3035,2026-05-12
永豐竹科,201.0,0,2000,9A9X,3035,2026-05-12
永豐竹科,192.0,8105,6250,9A9X,3035,2026-05-12
永豐竹科,189.5,230,0,9A9X,3035,2026-05-12
永豐竹科,188.0,1050,0,9A9X,3035,2026-05-12
永豐桃園,209.5,0,200,9A9x,3035,2026-05-12
永豐桃園,208.5,1000,4000,9A9x,3035,2026-05-12
永豐桃園,207.0,0,1000,9A9x,3035,2026-05-12
永豐桃園,205.5,50,0,9A9x,3035,2026-05-12
永豐竹科,191.0,2,0,9A9X,3035,2026-05-12
台新證券,201.0,12000,3000,9B00,3035,2026-05-12
台新證券,202.0,5100,6000,9B00,3035,2026-05-12
台新證券,203.0,100,3100,9B00,3035,2026-05-12
台新松江,192.0,100,1000,9B15,3035,2026-05-12
台新松江,193.5,0,5000,9B15,3035,2026-05-12
台新松江,194.5,1000,0,9B15,3035,2026-05-12
台新松江,195.5,5000,0,9B15,3035,2026-05-12
台新松江,196.5,1000,1000,9B15,3035,2026-05-12
台新松江,198.5,1060,1000,9B15,3035,2026-05-12
台新松江,200.5,0,100,9B15,3035,2026-05-12
台新松江,201.5,6,0,9B15,3035,2026-05-12
台新松江,203.0,0,5000,9B15,3035,2026-05-12
台新松江,208.0,1080,0,9B15,3035,2026-05-12
台新台南,188.5,1200,0,9B16,3035,2026-05-12
台新台南,189.5,5000,0,9B16,3035,2026-05-12
台新台南,190.5,1170,0,9B16,3035,2026-05-12
台新台南,192.5,2110,0,9B16,3035,2026-05-12
台新台南,193.5,2200,0,9B16,3035,2026-05-12
台新台南,194.5,1000,0,9B16,3035,2026-05-12
台新台南,197.0,2000,2000,9B16,3035,2026-05-12
台新建北,193.5,5000,2000,9B18,3035,2026-05-12
台新建北,192.5,1100,5000,9B18,3035,2026-05-12
台新建北,191.5,1000,1000,9B18,3035,2026-05-12
台新建北,190.5,0,150,9B18,3035,2026-05-12
台新建北,189.5,2000,0,9B18,3035,2026-05-12
台新建北,188.0,0,4000,9B18,3035,2026-05-12
台新松江,189.5,1200,0,9B15,3035,2026-05-12
台新台南,208.5,0,2000,9B16,3035,2026-05-12
台新台南,205.5,0,1000,9B16,3035,2026-05-12
台新台南,203.0,0,1100,9B16,3035,2026-05-12
台新台南,202.0,250,0,9B16,3035,2026-05-12
台新台南,201.0,3000,1000,9B16,3035,2026-05-12
台新台南,199.0,1200,0,9B16,3035,2026-05-12
台新台南,198.0,1000,1000,9B16,3035,2026-05-12
台新台南,207.0,1000,0,9B16,3035,2026-05-12
台新三民,210.0,0,1000,9B13,3035,2026-05-12
台新三民,208.0,2300,0,9B13,3035,2026-05-12
台新三民,206.5,0,1000,9B13,3035,2026-05-12
台新新營,198.5,5000,0,9B11,3035,2026-05-12
台新新營,197.0,300,0,9B11,3035,2026-05-12
台新新營,196.0,1000,0,9B11,3035,2026-05-12
台新新營,194.5,3200,0,9B11,3035,2026-05-12
台新新營,193.0,12000,1000,9B11,3035,2026-05-12
台新新營,191.5,0,10000,9B11,3035,2026-05-12
台新新營,199.5,1070,0,9B11,3035,2026-05-12
台新新營,189.5,50,4000,9B11,3035,2026-05-12
台新證券,209.5,5,2650,9B00,3035,2026-05-12
台新證券,208.5,12310,4000,9B00,3035,2026-05-12
台新證券,207.5,7010,1000,9B00,3035,2026-05-12
台新證券,206.5,1000,0,9B00,3035,2026-05-12
台新證券,205.0,0,2000,9B00,3035,2026-05-12
台新證券,204.0,20000,1000,9B00,3035,2026-05-12
台新證券,210.5,1000,0,9B00,3035,2026-05-12
永豐市政,209.5,1150,1363,9A9W,3035,2026-05-12
台新新營,200.5,0,1000,9B11,3035,2026-05-12
台新新營,202.5,10,6000,9B11,3035,2026-05-12
台新三民,202.0,1000,2000,9B13,3035,2026-05-12
台新三民,201.0,1000,0,9B13,3035,2026-05-12
台新三民,199.0,0,1000,9B13,3035,2026-05-12
台新三民,198.0,1000,1000,9B13,3035,2026-05-12
台新三民,197.0,2000,1000,9B13,3035,2026-05-12
台新三民,195.5,500,0,9B13,3035,2026-05-12
台新新營,201.5,0,20,9B11,3035,2026-05-12
台新三民,194.5,1000,3000,9B13,3035,2026-05-12
台新三民,192.5,1000,0,9B13,3035,2026-05-12
台新三民,191.0,1000,0,9B13,3035,2026-05-12
台新三民,189.0,0,1000,9B13,3035,2026-05-12
台新三民,188.0,2000,0,9B13,3035,2026-05-12
台新新營,209.0,1000,0,9B11,3035,2026-05-12
台新新營,208.0,200,0,9B11,3035,2026-05-12
台新三民,193.5,2000,1000,9B13,3035,2026-05-12
元大鳳山,193.0,4020,1000,983Z,3035,2026-05-12
永豐市政,208.5,1002,6000,9A9W,3035,2026-05-12
永豐市政,206.0,100,100,9A9W,3035,2026-05-12
永豐潮州,188.0,1000,0,9A9q,3035,2026-05-12
永豐潮州,192.5,100,0,9A9q,3035,2026-05-12
永豐潮州,196.0,1000,0,9A9q,3035,2026-05-12
永豐潮州,197.0,3000,0,9A9q,3035,2026-05-12
永豐潮州,200.5,1000,0,9A9q,3035,2026-05-12
永豐潮州,203.0,0,2000,9A9q,3035,2026-05-12
永豐潮州,204.5,0,1000,9A9q,3035,2026-05-12
永豐潮州,207.5,60,0,9A9q,3035,2026-05-12
永豐潮州,210.0,250,0,9A9q,3035,2026-05-12
永豐豐原,188.0,1100,0,9A9Q,3035,2026-05-12
永豐豐原,189.0,100,0,9A9Q,3035,2026-05-12
永豐豐原,190.0,2125,0,9A9Q,3035,2026-05-12
永豐豐原,191.5,1100,0,9A9Q,3035,2026-05-12
永豐豐原,193.0,1000,0,9A9Q,3035,2026-05-12
永豐豐原,194.0,1000,0,9A9Q,3035,2026-05-12
永豐豐原,195.0,4100,100,9A9Q,3035,2026-05-12
永豐豐原,196.0,100,0,9A9Q,3035,2026-05-12
永豐北高,198.5,1000,0,9A9r,3035,2026-05-12
永豐北高,196.5,1000,0,9A9r,3035,2026-05-12
永豐北高,195.5,1000,1000,9A9r,3035,2026-05-12
永豐北高,194.5,400,13000,9A9r,3035,2026-05-12
永豐北高,193.5,9000,2000,9A9r,3035,2026-05-12
永豐北高,192.5,0,1000,9A9r,3035,2026-05-12
永豐竹北,208.5,100,1000,9A9P,3035,2026-05-12
永豐北高,190.0,300,5000,9A9r,3035,2026-05-12
永豐豐原,210.0,1000,3,9A9Q,3035,2026-05-12
永豐豐原,208.0,0,3000,9A9Q,3035,2026-05-12
永豐豐原,204.0,0,1000,9A9Q,3035,2026-05-12
永豐豐原,202.0,3000,0,9A9Q,3035,2026-05-12
永豐豐原,200.0,0,1000,9A9Q,3035,2026-05-12
永豐豐原,197.0,1000,0,9A9Q,3035,2026-05-12
永豐北高,189.0,1000,3000,9A9r,3035,2026-05-12
永豐北高,201.0,4000,0,9A9r,3035,2026-05-12
永豐竹北,202.5,1000,3000,9A9P,3035,2026-05-12
永豐竹北,200.0,0,1000,9A9P,3035,2026-05-12
永豐南投,193.0,1100,2000,9A9M,3035,2026-05-12
永豐南投,195.0,50,0,9A9M,3035,2026-05-12
永豐南投,198.5,1000,0,9A9M,3035,2026-05-12
永豐南投,200.5,1000,5000,9A9M,3035,2026-05-12
永豐南投,202.0,0,1000,9A9M,3035,2026-05-12
永豐南投,206.5,1000,0,9A9M,3035,2026-05-12
永豐南投,208.5,1000,0,9A9M,3035,2026-05-12
永豐桃盛,189.0,1301,0,9A9N,3035,2026-05-12
永豐桃盛,191.0,3000,0,9A9N,3035,2026-05-12
永豐桃盛,192.5,0,6000,9A9N,3035,2026-05-12
永豐桃盛,194.0,1000,0,9A9N,3035,2026-05-12
永豐桃盛,195.0,5000,1000,9A9N,3035,2026-05-12
永豐桃盛,196.5,100,0,9A9N,3035,2026-05-12
永豐桃盛,198.5,1000,0,9A9N,3035,2026-05-12
永豐桃盛,200.5,1000,0,9A9N,3035,2026-05-12
永豐桃盛,201.5,1000,0,9A9N,3035,2026-05-12
永豐桃盛,203.0,0,1000,9A9N,3035,2026-05-12
永豐竹北,199.0,1000,2000,9A9P,3035,2026-05-12
永豐竹北,198.0,1000,100,9A9P,3035,2026-05-12
永豐竹北,195.5,2000,0,9A9P,3035,2026-05-12
永豐竹北,194.5,3050,2000,9A9P,3035,2026-05-12
永豐竹北,193.5,500,1000,9A9P,3035,2026-05-12
永豐竹北,192.5,1000,0,9A9P,3035,2026-05-12
永豐竹北,201.0,5000,15,9A9P,3035,2026-05-12
永豐竹北,190.5,0,1000,9A9P,3035,2026-05-12
永豐竹北,188.0,1000,0,9A9P,3035,2026-05-12
永豐桃盛,210.5,0,10,9A9N,3035,2026-05-12
永豐桃盛,209.5,0,800,9A9N,3035,2026-05-12
永豐桃盛,208.0,1005,0,9A9N,3035,2026-05-12
永豐桃盛,205.0,0,1000,9A9N,3035,2026-05-12
永豐桃盛,204.0,150,0,9A9N,3035,2026-05-12
永豐竹北,189.0,3003,0,9A9P,3035,2026-05-12
永豐北高,203.0,5,0,9A9r,3035,2026-05-12
永豐北高,208.5,1000,1000,9A9r,3035,2026-05-12
永豐信義,188.0,100,0,9A9R,3035,2026-05-12
永豐中正,190.0,1100,105,9A9U,3035,2026-05-12
永豐中正,191.5,6000,6000,9A9U,3035,2026-05-12
永豐中正,192.5,1000,0,9A9U,3035,2026-05-12
永豐中正,193.5,3200,0,9A9U,3035,2026-05-12
永豐中正,194.5,0,3000,9A9U,3035,2026-05-12
永豐中正,196.5,1030,0,9A9U,3035,2026-05-12
永豐中正,197.5,80,1000,9A9U,3035,2026-05-12
永豐中正,198.5,2000,0,9A9U,3035,2026-05-12
永豐中正,200.0,300,2000,9A9U,3035,2026-05-12
永豐中正,201.0,0,1500,9A9U,3035,2026-05-12
永豐中正,202.5,250,0,9A9U,3035,2026-05-12
永豐中正,208.0,1020,0,9A9U,3035,2026-05-12
永豐中正,209.0,0,2300,9A9U,3035,2026-05-12
永豐中正,210.0,0,1000,9A9U,3035,2026-05-12
永豐市政,188.0,2111,0,9A9W,3035,2026-05-12
永豐市政,189.0,200,1000,9A9W,3035,2026-05-12
永豐市政,190.0,1640,1000,9A9W,3035,2026-05-12
永豐市政,204.0,3000,0,9A9W,3035,2026-05-12
永豐市政,203.0,50,50,9A9W,3035,2026-05-12
永豐市政,202.0,1000,1000,9A9W,3035,2026-05-12
永豐市政,201.0,4000,0,9A9W,3035,2026-05-12
永豐市政,200.0,2100,4000,9A9W,3035,2026-05-12
永豐市政,199.0,1000,1000,9A9W,3035,2026-05-12
永豐中正,189.0,3000,0,9A9U,3035,2026-05-12
永豐市政,198.0,6000,0,9A9W,3035,2026-05-12
永豐市政,196.0,0,2000,9A9W,3035,2026-05-12
永豐市政,195.0,1030,0,9A9W,3035,2026-05-12
永豐市政,194.0,5200,3000,9A9W,3035,2026-05-12
永豐市政,193.0,7264,9000,9A9W,3035,2026-05-12
永豐市政,192.0,1215,1000,9A9W,3035,2026-05-12
永豐市政,191.0,4000,0,9A9W,3035,2026-05-12
永豐市政,197.0,1000,0,9A9W,3035,2026-05-12
永豐中正,188.0,100,0,9A9U,3035,2026-05-12
永豐南京,209.5,0,1000,9A9S,3035,2026-05-12
永豐南京,208.5,9000,3000,9A9S,3035,2026-05-12
永豐彰化,196.5,1000,0,9A9s,3035,2026-05-12
永豐彰化,194.0,0,1000,9A9s,3035,2026-05-12
永豐彰化,192.0,1500,1000,9A9s,3035,2026-05-12
永豐彰化,190.5,4000,0,9A9s,3035,2026-05-12
永豐彰化,189.5,2000,0,9A9s,3035,2026-05-12
永豐信義,206.5,0,1000,9A9R,3035,2026-05-12
永豐彰化,198.0,5000,3000,9A9s,3035,2026-05-12
永豐信義,202.5,1000,0,9A9R,3035,2026-05-12
永豐信義,195.0,0,1000,9A9R,3035,2026-05-12
永豐信義,194.0,0,1000,9A9R,3035,2026-05-12
永豐信義,193.0,0,1000,9A9R,3035,2026-05-12
永豐信義,192.0,100,0,9A9R,3035,2026-05-12
永豐信義,190.0,3000,0,9A9R,3035,2026-05-12
永豐信義,189.0,1050,0,9A9R,3035,2026-05-12
永豐信義,201.0,1000,4000,9A9R,3035,2026-05-12
永豐市政,207.5,15000,1000,9A9W,3035,2026-05-12
永豐彰化,200.5,10,0,9A9s,3035,2026-05-12
永豐彰化,204.5,0,20,9A9s,3035,2026-05-12
永豐南京,204.0,0,1000,9A9S,3035,2026-05-12
永豐南京,200.5,2000,12000,9A9S,3035,2026-05-12
永豐南京,199.5,2000,1000,9A9S,3035,2026-05-12
永豐南京,198.5,3000,0,9A9S,3035,2026-05-12
永豐南京,196.5,30,0,9A9S,3035,2026-05-12
永豐南京,194.5,2150,0,9A9S,3035,2026-05-12
永豐彰化,202.0,0,10,9A9s,3035,2026-05-12
永豐南京,193.5,5050,0,9A9S,3035,2026-05-12
永豐南京,191.0,3000,0,9A9S,3035,2026-05-12
永豐南京,189.5,2,0,9A9S,3035,2026-05-12
永豐南京,188.5,2,1000,9A9S,3035,2026-05-12
永豐彰化,210.0,1000,1041,9A9s,3035,2026-05-12
永豐彰化,208.5,3000,2020,9A9s,3035,2026-05-12
永豐彰化,206.5,0,100,9A9s,3035,2026-05-12
永豐南京,192.5,92,2000,9A9S,3035,2026-05-12
元大鳳山,192.0,2110,1000,983Z,3035,2026-05-12
元大鳳山,191.0,1020,1000,983Z,3035,2026-05-12
元大鳳山,190.0,14,0,983Z,3035,2026-05-12
富邦南港,209.0,0,1010,962A,3035,2026-05-12
富邦南港,210.0,0,10,962A,3035,2026-05-12
富邦二林,189.0,0,100,962B,3035,2026-05-12
富邦二林,190.5,0,200,962B,3035,2026-05-12
富邦二林,192.0,100,0,962B,3035,2026-05-12
富邦二林,195.0,300,0,962B,3035,2026-05-12
富邦二林,200.0,100,0,962B,3035,2026-05-12
富邦二林,201.0,0,1100,962B,3035,2026-05-12
富邦二林,202.0,0,1000,962B,3035,2026-05-12
富邦二林,207.0,1000,0,962B,3035,2026-05-12
富邦二林,210.0,270,200,962B,3035,2026-05-12
富邦竹科,189.0,4060,0,962C,3035,2026-05-12
富邦竹科,190.0,0,1000,962C,3035,2026-05-12
富邦竹科,191.5,0,2000,962C,3035,2026-05-12
富邦竹科,192.5,4000,0,962C,3035,2026-05-12
富邦竹科,193.5,6000,6040,962C,3035,2026-05-12
富邦竹科,194.5,3000,3100,962C,3035,2026-05-12
富邦新莊,195.0,0,1000,962D,3035,2026-05-12
富邦新莊,192.5,10,0,962D,3035,2026-05-12
富邦新莊,191.5,0,1000,962D,3035,2026-05-12
富邦竹科,210.0,2000,384,962C,3035,2026-05-12
富邦竹科,209.0,0,1000,962C,3035,2026-05-12
富邦竹科,207.5,1000,0,962C,3035,2026-05-12
富邦南港,208.0,0,10,962A,3035,2026-05-12
富邦竹科,203.5,1000,0,962C,3035,2026-05-12
富邦竹科,201.5,0,5000,962C,3035,2026-05-12
富邦竹科,200.5,2000,0,962C,3035,2026-05-12
富邦竹科,199.5,0,10,962C,3035,2026-05-12
富邦竹科,198.5,0,1000,962C,3035,2026-05-12
富邦竹科,196.5,2000,2000,962C,3035,2026-05-12
富邦竹科,195.5,0,5000,962C,3035,2026-05-12
富邦竹科,202.5,0,1000,962C,3035,2026-05-12
富邦新莊,197.0,50,0,962D,3035,2026-05-12
富邦南港,207.0,0,10,962A,3035,2026-05-12
富邦南港,205.0,0,10,962A,3035,2026-05-12
富邦內湖,188.5,2100,0,9627,3035,2026-05-12
富邦內湖,190.0,2000,202,9627,3035,2026-05-12
富邦內湖,192.0,100,0,9627,3035,2026-05-12
富邦內湖,193.0,2000,0,9627,3035,2026-05-12
富邦內湖,194.0,4000,1300,9627,3035,2026-05-12
富邦內湖,195.0,0,1,9627,3035,2026-05-12
富邦內湖,196.0,2000,50,9627,3035,2026-05-12
富邦內湖,197.5,2051,0,9627,3035,2026-05-12
富邦內湖,198.5,6000,0,9627,3035,2026-05-12
富邦內湖,199.5,0,6000,9627,3035,2026-05-12
富邦內湖,200.5,4000,0,9627,3035,2026-05-12
富邦內湖,202.5,12,1150,9627,3035,2026-05-12
富邦內湖,203.5,0,1000,9627,3035,2026-05-12
富邦內湖,204.5,0,1000,9627,3035,2026-05-12
富邦內湖,208.0,0,1000,9627,3035,2026-05-12
富邦內湖,209.0,4000,0,9627,3035,2026-05-12
富邦南港,188.0,60,0,962A,3035,2026-05-12
富邦南港,204.0,0,10,962A,3035,2026-05-12
富邦南港,203.0,0,10,962A,3035,2026-05-12
富邦南港,202.0,0,10,962A,3035,2026-05-12
富邦南港,201.0,50,1020,962A,3035,2026-05-12
富邦南港,200.0,0,4000,962A,3035,2026-05-12
富邦南港,198.5,1000,1040,962A,3035,2026-05-12
富邦南港,206.0,1000,10,962A,3035,2026-05-12
富邦南港,197.5,0,10,962A,3035,2026-05-12
富邦南港,195.5,3000,10,962A,3035,2026-05-12
富邦南港,194.5,0,10,962A,3035,2026-05-12
富邦南港,193.0,100,2200,962A,3035,2026-05-12
富邦南港,191.0,10,0,962A,3035,2026-05-12
富邦南港,190.0,4010,0,962A,3035,2026-05-12
富邦南港,189.0,10,0,962A,3035,2026-05-12
富邦南港,196.5,0,10,962A,3035,2026-05-12
富邦內湖,187.5,1000,0,9627,3035,2026-05-12
富邦新莊,200.0,0,2000,962D,3035,2026-05-12
富邦新莊,203.0,0,1,962D,3035,2026-05-12
富邦頭份,193.0,0,1000,962P,3035,2026-05-12
富邦頭份,194.0,13020,2000,962P,3035,2026-05-12
富邦頭份,195.0,41,0,962P,3035,2026-05-12
富邦頭份,197.0,0,3000,962P,3035,2026-05-12
富邦頭份,198.0,500,0,962P,3035,2026-05-12
富邦頭份,199.0,0,2000,962P,3035,2026-05-12
富邦頭份,200.0,2000,4000,962P,3035,2026-05-12
富邦頭份,201.5,3000,0,962P,3035,2026-05-12
富邦頭份,202.5,0,2000,962P,3035,2026-05-12
富邦頭份,204.5,1015,2000,962P,3035,2026-05-12
富邦頭份,206.5,0,2000,962P,3035,2026-05-12
富邦頭份,208.0,3000,0,962P,3035,2026-05-12
富邦頭份,209.0,0,1000,962P,3035,2026-05-12
富邦北高,189.0,5,0,962Q,3035,2026-05-12
富邦北高,191.0,10,0,962Q,3035,2026-05-12
富邦北高,193.0,2000,0,962Q,3035,2026-05-12
富邦北高,196.5,1000,0,962Q,3035,2026-05-12
富邦羅東,199.0,0,3400,9634,3035,2026-05-12
富邦羅東,198.0,1000,0,9634,3035,2026-05-12
富邦羅東,196.5,1000,0,9634,3035,2026-05-12
富邦羅東,194.5,2000,0,9634,3035,2026-05-12
富邦羅東,193.5,0,5000,9634,3035,2026-05-12
富邦羅東,192.5,1000,0,9634,3035,2026-05-12
富邦頭份,192.0,1000,3000,962P,3035,2026-05-12
富邦羅東,191.5,4000,0,9634,3035,2026-05-12
富邦羅東,189.0,0,15000,9634,3035,2026-05-12
富邦北高,209.5,0,1000,962Q,3035,2026-05-12
富邦北高,205.0,0,1000,962Q,3035,2026-05-12
富邦北高,202.0,0,107,962Q,3035,2026-05-12
富邦北高,199.5,0,1000,962Q,3035,2026-05-12
富邦北高,198.0,0,20,962Q,3035,2026-05-12
富邦羅東,190.0,2000,1000,9634,3035,2026-05-12
富邦新莊,201.5,0,2000,962D,3035,2026-05-12
富邦頭份,190.0,13000,40,962P,3035,2026-05-12
富邦頭份,187.5,1000,0,962P,3035,2026-05-12
富邦新莊,207.0,100,0,962D,3035,2026-05-12
富邦樹林,188.5,1000,0,962E,3035,2026-05-12
富邦樹林,189.5,0,1250,962E,3035,2026-05-12
富邦樹林,190.5,1000,0,962E,3035,2026-05-12
富邦樹林,193.0,2000,0,962E,3035,2026-05-12
富邦樹林,194.0,2010,2050,962E,3035,2026-05-12
富邦樹林,195.0,10,0,962E,3035,2026-05-12
富邦樹林,197.0,100,0,962E,3035,2026-05-12
富邦樹林,199.5,0,1050,962E,3035,2026-05-12
富邦樹林,201.0,1050,0,962E,3035,2026-05-12
富邦樹林,204.5,0,1000,962E,3035,2026-05-12
富邦樹林,208.5,2000,0,962E,3035,2026-05-12
富邦斗六,189.0,0,1000,962G,3035,2026-05-12
富邦斗六,191.5,1000,0,962G,3035,2026-05-12
富邦斗六,194.0,0,1000,962G,3035,2026-05-12
富邦斗六,195.0,4000,0,962G,3035,2026-05-12
富邦斗六,198.0,1000,2000,962G,3035,2026-05-12
富邦三峽,209.0,1000,0,962J,3035,2026-05-12
富邦三峽,207.5,0,2,962J,3035,2026-05-12
富邦三峽,204.0,0,1000,962J,3035,2026-05-12
富邦三峽,201.5,0,1000,962J,3035,2026-05-12
富邦三峽,200.5,1000,1000,962J,3035,2026-05-12
富邦三峽,195.5,1000,0,962J,3035,2026-05-12
富邦頭份,189.0,3000,1000,962P,3035,2026-05-12
富邦三峽,194.5,0,1000,962J,3035,2026-05-12
富邦三峽,190.5,0,2000,962J,3035,2026-05-12
富邦三峽,189.5,3000,0,962J,3035,2026-05-12
富邦三峽,188.0,1000,0,962J,3035,2026-05-12
富邦斗六,209.5,10,0,962G,3035,2026-05-12
富邦斗六,207.5,1000,0,962G,3035,2026-05-12
富邦斗六,199.5,1000,0,962G,3035,2026-05-12
富邦三峽,192.0,0,1000,962J,3035,2026-05-12
富邦竹東,209.5,0,2000,9625,3035,2026-05-12
富邦竹東,208.5,1000,1000,9625,3035,2026-05-12
富邦竹東,204.5,1000,1000,9625,3035,2026-05-12
富邦和美,208.0,1000,0,961P,3035,2026-05-12
富邦和美,209.0,0,1000,961P,3035,2026-05-12
富邦和美,210.0,50,0,961P,3035,2026-05-12
富邦南員,188.0,1000,0,961R,3035,2026-05-12
富邦南員,189.0,3000,0,961R,3035,2026-05-12
富邦南員,190.0,1000,250,961R,3035,2026-05-12
富邦南員,191.0,100,0,961R,3035,2026-05-12
富邦南員,192.5,20,1000,961R,3035,2026-05-12
富邦南員,194.0,1000,3000,961R,3035,2026-05-12
富邦南員,195.0,2000,0,961R,3035,2026-05-12
富邦南員,196.5,5000,0,961R,3035,2026-05-12
富邦南員,197.5,0,1000,961R,3035,2026-05-12
富邦南員,199.5,0,100,961R,3035,2026-05-12
富邦南員,200.5,7000,0,961R,3035,2026-05-12
富邦南員,203.0,0,1000,961R,3035,2026-05-12
富邦南員,206.0,1000,0,961R,3035,2026-05-12
富邦南員,208.5,1000,0,961R,3035,2026-05-12
富邦永康,190.0,0,1000,961Z,3035,2026-05-12
富邦永康,189.0,5000,100,961Z,3035,2026-05-12
富邦永康,188.0,10,0,961Z,3035,2026-05-12
富邦屏東,205.0,0,4000,961Y,3035,2026-05-12
富邦屏東,204.0,1000,0,961Y,3035,2026-05-12
富邦屏東,203.0,0,350,961Y,3035,2026-05-12
富邦和美,204.5,30,0,961P,3035,2026-05-12
富邦屏東,201.5,100,0,961Y,3035,2026-05-12
富邦屏東,199.0,25,0,961Y,3035,2026-05-12
富邦屏東,197.0,1000,0,961Y,3035,2026-05-12
富邦屏東,194.5,125,0,961Y,3035,2026-05-12
富邦屏東,190.0,50,0,961Y,3035,2026-05-12
富邦屏東,188.5,0,6000,961Y,3035,2026-05-12
富邦屏東,187.5,0,1000,961Y,3035,2026-05-12
富邦屏東,200.5,1000,0,961Y,3035,2026-05-12
富邦永康,191.5,0,1000,961Z,3035,2026-05-12
富邦和美,202.0,0,2000,961P,3035,2026-05-12
富邦和美,200.0,1000,1000,961P,3035,2026-05-12
富邦木柵,189.0,2000,0,961M,3035,2026-05-12
富邦木柵,192.0,0,1000,961M,3035,2026-05-12
富邦木柵,193.5,0,7000,961M,3035,2026-05-12
富邦木柵,194.5,1000,0,961M,3035,2026-05-12
富邦木柵,197.5,1000,0,961M,3035,2026-05-12
富邦木柵,199.0,4000,1000,961M,3035,2026-05-12
富邦木柵,200.5,0,5000,961M,3035,2026-05-12
富邦木柵,202.0,3000,50,961M,3035,2026-05-12
富邦木柵,204.0,0,1000,961M,3035,2026-05-12
富邦木柵,207.5,1000,0,961M,3035,2026-05-12
富邦木柵,209.0,0,2000,961M,3035,2026-05-12
富邦青埔,188.5,0,1000,961N,3035,2026-05-12
富邦青埔,190.0,4000,0,961N,3035,2026-05-12
富邦青埔,191.5,3000,0,961N,3035,2026-05-12
富邦青埔,192.5,1000,1000,961N,3035,2026-05-12
富邦青埔,193.5,0,1000,961N,3035,2026-05-12
富邦青埔,194.5,1030,1000,961N,3035,2026-05-12
富邦和美,199.0,0,1000,961P,3035,2026-05-12
富邦和美,197.5,600,0,961P,3035,2026-05-12
富邦和美,195.5,1000,0,961P,3035,2026-05-12
富邦和美,194.0,1000,0,961P,3035,2026-05-12
富邦和美,192.0,2000,0,961P,3035,2026-05-12
富邦和美,189.5,0,1000,961P,3035,2026-05-12
富邦和美,201.0,0,2000,961P,3035,2026-05-12
富邦青埔,210.0,0,4,961N,3035,2026-05-12
富邦青埔,207.0,0,4000,961N,3035,2026-05-12
富邦青埔,205.0,0,2000,961N,3035,2026-05-12
富邦青埔,202.5,1000,2000,961N,3035,2026-05-12
富邦青埔,200.5,1000,0,961N,3035,2026-05-12
富邦青埔,198.5,50,0,961N,3035,2026-05-12
富邦青埔,196.0,0,1000,961N,3035,2026-05-12
富邦青埔,208.5,1000,0,961N,3035,2026-05-12
富邦永康,192.5,1000,2000,961Z,3035,2026-05-12
富邦永康,194.0,1035,0,961Z,3035,2026-05-12
富邦永康,195.0,0,2000,961Z,3035,2026-05-12
富邦台北,203.0,50,3031,9623,3035,2026-05-12
富邦台北,204.5,1170,3000,9623,3035,2026-05-12
富邦台北,206.0,2000,2000,9623,3035,2026-05-12
富邦台北,207.5,10000,25,9623,3035,2026-05-12
富邦台北,208.5,7160,9050,9623,3035,2026-05-12
富邦台北,209.5,1220,3000,9623,3035,2026-05-12
富邦竹北,188.0,2000,0,9624,3035,2026-05-12
富邦竹北,189.0,300,0,9624,3035,2026-05-12
富邦竹北,190.5,1000,30,9624,3035,2026-05-12
富邦竹北,192.0,2000,5000,9624,3035,2026-05-12
富邦竹北,193.5,2000,0,9624,3035,2026-05-12
富邦竹北,194.5,1050,100,9624,3035,2026-05-12
富邦竹北,195.5,0,100,9624,3035,2026-05-12
富邦竹北,197.5,1000,296,9624,3035,2026-05-12
富邦竹北,198.5,1000,2000,9624,3035,2026-05-12
富邦竹北,200.0,300,0,9624,3035,2026-05-12
富邦竹北,202.0,0,2000,9624,3035,2026-05-12
富邦竹東,202.5,2000,2000,9625,3035,2026-05-12
富邦竹東,198.0,100,2000,9625,3035,2026-05-12
富邦竹東,196.5,1000,0,9625,3035,2026-05-12
富邦竹東,195.0,0,1000,9625,3035,2026-05-12
富邦竹東,193.0,0,1000,9625,3035,2026-05-12
富邦竹東,192.0,0,4500,9625,3035,2026-05-12
富邦台北,202.0,6000,6000,9623,3035,2026-05-12
富邦竹東,191.0,1000,0,9625,3035,2026-05-12
富邦竹東,189.0,2010,0,9625,3035,2026-05-12
富邦竹北,210.0,50,1030,9624,3035,2026-05-12
富邦竹北,209.0,2000,5000,9624,3035,2026-05-12
富邦竹北,208.0,1280,1000,9624,3035,2026-05-12
富邦竹北,205.0,0,1000,9624,3035,2026-05-12
富邦竹北,203.0,0,1000,9624,3035,2026-05-12
富邦竹東,190.0,1000,0,9625,3035,2026-05-12
富邦台北,201.0,0,6000,9623,3035,2026-05-12
富邦台北,200.0,5000,3411,9623,3035,2026-05-12
富邦台北,199.0,6146,7000,9623,3035,2026-05-12
富邦花蓮,197.0,1000,0,9621,3035,2026-05-12
富邦花蓮,194.5,4000,1000,9621,3035,2026-05-12
富邦花蓮,193.5,2000,0,9621,3035,2026-05-12
富邦花蓮,192.5,3050,1214,9621,3035,2026-05-12
富邦花蓮,191.5,0,2000,9621,3035,2026-05-12
富邦花蓮,190.0,1000,50,9621,3035,2026-05-12
富邦花蓮,198.0,0,3000,9621,3035,2026-05-12
富邦花蓮,189.0,12035,0,9621,3035,2026-05-12
富邦永康,208.5,0,1000,961Z,3035,2026-05-12
富邦永康,201.0,60,0,961Z,3035,2026-05-12
富邦永康,200.0,0,1000,961Z,3035,2026-05-12
富邦永康,198.5,20,0,961Z,3035,2026-05-12
富邦永康,197.5,100,701,961Z,3035,2026-05-12
富邦永康,196.5,1000,0,961Z,3035,2026-05-12
富邦花蓮,188.0,2005,0,9621,3035,2026-05-12
富邦羅東,200.5,2000,0,9634,3035,2026-05-12
富邦花蓮,200.0,0,5000,9621,3035,2026-05-12
富邦花蓮,202.5,3000,50,9621,3035,2026-05-12
富邦台北,198.0,0,7000,9623,3035,2026-05-12
富邦台北,197.0,9000,0,9623,3035,2026-05-12
富邦台北,196.0,0,2010,9623,3035,2026-05-12
富邦台北,195.0,2100,2000,9623,3035,2026-05-12
富邦台北,194.0,11010,6000,9623,3035,2026-05-12
富邦台北,193.0,7200,3010,9623,3035,2026-05-12
富邦花蓮,201.0,1000,0,9621,3035,2026-05-12
富邦台北,192.0,18005,20000,9623,3035,2026-05-12
富邦台北,190.0,6000,1000,9623,3035,2026-05-12
富邦台北,189.0,6030,2000,9623,3035,2026-05-12
富邦花蓮,209.0,0,1000,9621,3035,2026-05-12
富邦花蓮,207.5,1000,0,9621,3035,2026-05-12
富邦花蓮,206.5,0,100,9621,3035,2026-05-12
富邦花蓮,203.5,0,100,9621,3035,2026-05-12
富邦台北,191.0,100,0,9623,3035,2026-05-12
富邦木柵,188.0,100,4000,961M,3035,2026-05-12
富邦羅東,202.5,2000,0,9634,3035,2026-05-12
富邦羅東,205.5,200,0,9634,3035,2026-05-12
富邦彰化,209.0,2000,0,965U,3035,2026-05-12
富邦彰化,210.5,100,0,965U,3035,2026-05-12
富邦新店,188.0,1000,0,9661,3035,2026-05-12
富邦新店,189.0,3110,0,9661,3035,2026-05-12
富邦新店,190.0,2000,16450,9661,3035,2026-05-12
富邦新店,191.0,0,2000,9661,3035,2026-05-12
富邦新店,192.0,1000,0,9661,3035,2026-05-12
富邦新店,193.0,3000,3000,9661,3035,2026-05-12
富邦新店,194.0,7000,6000,9661,3035,2026-05-12
富邦新店,195.0,4000,3020,9661,3035,2026-05-12
富邦新店,196.5,2000,0,9661,3035,2026-05-12
富邦新店,197.5,1000,7000,9661,3035,2026-05-12
富邦新店,198.5,0,1020,9661,3035,2026-05-12
富邦新店,199.5,272,1000,9661,3035,2026-05-12
富邦新店,200.5,3000,600,9661,3035,2026-05-12
富邦新店,201.5,10000,0,9661,3035,2026-05-12
富邦新店,202.5,2000,1000,9661,3035,2026-05-12
富邦敦南,197.0,2000,1000,9663,3035,2026-05-12
富邦敦南,195.5,2000,1000,9663,3035,2026-05-12
富邦敦南,194.5,10000,11000,9663,3035,2026-05-12
富邦敦南,193.5,1000,0,9663,3035,2026-05-12
富邦敦南,192.5,3000,0,9663,3035,2026-05-12
富邦敦南,191.5,1000,0,9663,3035,2026-05-12
富邦彰化,208.0,1000,0,965U,3035,2026-05-12
富邦敦南,190.5,1000,0,9663,3035,2026-05-12
富邦敦南,188.5,2000,4000,9663,3035,2026-05-12
富邦新店,209.0,0,1000,9661,3035,2026-05-12
富邦新店,208.0,2000,1000,9661,3035,2026-05-12
富邦新店,207.0,1000,600,9661,3035,2026-05-12
富邦新店,205.0,0,3000,9661,3035,2026-05-12
富邦新店,203.5,1000,0,9661,3035,2026-05-12
富邦敦南,189.5,500,0,9663,3035,2026-05-12
富邦敦南,199.0,0,1100,9663,3035,2026-05-12
富邦彰化,202.0,1000,0,965U,3035,2026-05-12
富邦彰化,198.5,200,120,965U,3035,2026-05-12
富邦高雄,200.5,2000,1000,9659,3035,2026-05-12
富邦高雄,201.5,10000,0,9659,3035,2026-05-12
富邦高雄,202.5,1000,0,9659,3035,2026-05-12
富邦高雄,207.0,3000,0,9659,3035,2026-05-12
富邦高雄,208.5,2000,12000,9659,3035,2026-05-12
富邦高雄,210.0,20,5,9659,3035,2026-05-12
富邦台中,188.5,1015,0,965K,3035,2026-05-12
富邦台中,189.5,1130,0,965K,3035,2026-05-12
富邦台中,190.5,200,39,965K,3035,2026-05-12
富邦台中,191.5,1000,2000,965K,3035,2026-05-12
富邦台中,192.5,2000,2000,965K,3035,2026-05-12
富邦台中,193.5,4000,1000,965K,3035,2026-05-12
富邦台中,194.5,2360,1000,965K,3035,2026-05-12
富邦台中,195.5,4000,1200,965K,3035,2026-05-12
富邦台中,197.0,0,3000,965K,3035,2026-05-12
富邦台中,198.0,2234,0,965K,3035,2026-05-12
富邦台中,199.5,0,1000,965K,3035,2026-05-12
富邦彰化,196.5,2000,0,965U,3035,2026-05-12
富邦彰化,195.5,1000,0,965U,3035,2026-05-12
富邦彰化,194.5,250,0,965U,3035,2026-05-12
富邦彰化,192.0,1000,0,965U,3035,2026-05-12
富邦彰化,189.5,300,0,965U,3035,2026-05-12
富邦彰化,188.0,100,0,965U,3035,2026-05-12
富邦彰化,200.0,0,200,965U,3035,2026-05-12
富邦台中,209.5,24,100,965K,3035,2026-05-12
富邦台中,207.5,0,1000,965K,3035,2026-05-12
富邦台中,206.5,0,250,965K,3035,2026-05-12
富邦台中,204.5,50,0,965K,3035,2026-05-12
富邦台中,203.0,0,1000,965K,3035,2026-05-12
富邦台中,202.0,1010,3000,965K,3035,2026-05-12
富邦台中,200.5,2000,1100,965K,3035,2026-05-12
富邦台中,208.5,8040,1000,965K,3035,2026-05-12
富邦高雄,199.5,50,0,9659,3035,2026-05-12
富邦敦南,200.0,100,2025,9663,3035,2026-05-12
富邦敦南,202.5,1200,0,9663,3035,2026-05-12
富邦南屯,209.0,0,3000,9666,3035,2026-05-12
富邦台南,187.0,0,1000,9667,3035,2026-05-12
富邦台南,188.0,1301,0,9667,3035,2026-05-12
富邦台南,189.5,1018,200,9667,3035,2026-05-12
富邦台南,190.5,2000,0,9667,3035,2026-05-12
富邦台南,191.5,2000,0,9667,3035,2026-05-12
富邦台南,192.5,6000,2000,9667,3035,2026-05-12
富邦台南,193.5,0,1000,9667,3035,2026-05-12
富邦台南,194.5,4049,6005,9667,3035,2026-05-12
富邦台南,195.5,1007,2000,9667,3035,2026-05-12
富邦台南,196.5,1000,1000,9667,3035,2026-05-12
富邦台南,198.5,2250,30,9667,3035,2026-05-12
富邦台南,199.5,0,1,9667,3035,2026-05-12
富邦台南,200.5,1000,4,9667,3035,2026-05-12
富邦台南,202.0,0,15,9667,3035,2026-05-12
富邦台南,204.5,1000,0,9667,3035,2026-05-12
富邦台南,206.0,0,1000,9667,3035,2026-05-12
富邦左營,200.5,0,1000,966F,3035,2026-05-12
富邦左營,198.5,6000,0,966F,3035,2026-05-12
富邦左營,197.5,4000,0,966F,3035,2026-05-12
富邦左營,196.0,1000,0,966F,3035,2026-05-12
富邦左營,195.0,0,1000,966F,3035,2026-05-12
富邦左營,194.0,1050,0,966F,3035,2026-05-12
富邦南屯,207.0,0,1000,9666,3035,2026-05-12
富邦左營,193.0,5000,1000,966F,3035,2026-05-12
富邦左營,190.0,1026,2000,966F,3035,2026-05-12
富邦左營,189.0,3000,0,966F,3035,2026-05-12
富邦台南,210.0,57,1150,9667,3035,2026-05-12
富邦台南,209.0,250,0,9667,3035,2026-05-12
富邦台南,208.0,0,1012,9667,3035,2026-05-12
富邦台南,207.0,1000,0,9667,3035,2026-05-12
富邦左營,192.0,5050,2000,966F,3035,2026-05-12
富邦敦南,201.0,1050,0,9663,3035,2026-05-12
富邦南屯,203.0,0,1000,9666,3035,2026-05-12
富邦南屯,201.0,1020,1000,9666,3035,2026-05-12
富邦敦南,208.0,1050,10,9663,3035,2026-05-12
富邦敦南,209.0,0,1010,9663,3035,2026-05-12
富邦敦南,210.5,0,230,9663,3035,2026-05-12
富邦桃園,189.0,2650,0,9665,3035,2026-05-12
富邦桃園,190.0,11240,300,9665,3035,2026-05-12
富邦桃園,191.0,1000,0,9665,3035,2026-05-12
富邦桃園,192.0,5210,1000,9665,3035,2026-05-12
富邦桃園,193.0,1000,1000,9665,3035,2026-05-12
富邦桃園,194.0,2130,3000,9665,3035,2026-05-12
富邦桃園,195.0,1060,0,9665,3035,2026-05-12
富邦桃園,196.0,10000,12,9665,3035,2026-05-12
富邦桃園,197.5,2000,0,9665,3035,2026-05-12
富邦桃園,199.0,1000,3000,9665,3035,2026-05-12
富邦桃園,202.0,1000,0,9665,3035,2026-05-12
富邦桃園,204.0,3300,0,9665,3035,2026-05-12
富邦桃園,205.0,10,0,9665,3035,2026-05-12
富邦桃園,206.5,1000,0,9665,3035,2026-05-12
富邦南屯,200.0,2100,4000,9666,3035,2026-05-12
富邦南屯,199.0,0,100,9666,3035,2026-05-12
富邦南屯,198.0,1000,1000,9666,3035,2026-05-12
富邦南屯,197.0,2100,0,9666,3035,2026-05-12
富邦南屯,195.0,2500,1100,9666,3035,2026-05-12
富邦南屯,194.0,3000,5050,9666,3035,2026-05-12
富邦南屯,202.0,0,4000,9666,3035,2026-05-12
富邦南屯,193.0,1000,1000,9666,3035,2026-05-12
富邦南屯,191.0,0,149,9666,3035,2026-05-12
富邦南屯,190.0,2200,0,9666,3035,2026-05-12
富邦南屯,189.0,3050,0,9666,3035,2026-05-12
富邦南屯,188.0,1250,0,9666,3035,2026-05-12
富邦桃園,210.0,150,1000,9665,3035,2026-05-12
富邦桃園,208.0,0,500,9665,3035,2026-05-12
富邦南屯,192.0,1050,0,9666,3035,2026-05-12
富邦高雄,198.0,2000,0,9659,3035,2026-05-12
富邦高雄,197.0,100,0,9659,3035,2026-05-12
富邦高雄,194.5,1000,0,9659,3035,2026-05-12
富邦八德,203.0,0,10000,963A,3035,2026-05-12
富邦八德,205.0,0,1100,963A,3035,2026-05-12
富邦八德,208.0,1000,0,963A,3035,2026-05-12
富邦豐原,189.0,85,0,963L,3035,2026-05-12
富邦豐原,192.0,10,0,963L,3035,2026-05-12
富邦豐原,194.0,1000,0,963L,3035,2026-05-12
富邦豐原,196.0,0,1000,963L,3035,2026-05-12
富邦豐原,198.0,15,0,963L,3035,2026-05-12
富邦豐原,202.0,3000,0,963L,3035,2026-05-12
富邦豐原,208.0,2000,0,963L,3035,2026-05-12
富邦豐原,210.0,100,1000,963L,3035,2026-05-12
富邦新竹,188.0,2300,0,9647,3035,2026-05-12
富邦新竹,189.5,1400,0,9647,3035,2026-05-12
富邦新竹,190.5,2100,2100,9647,3035,2026-05-12
富邦新竹,191.5,1000,2000,9647,3035,2026-05-12
富邦新竹,192.5,1005,100,9647,3035,2026-05-12
富邦新竹,193.5,1000,6000,9647,3035,2026-05-12
富邦永和,187.5,1000,0,9654,3035,2026-05-12
富邦新竹,210.0,0,1210,9647,3035,2026-05-12
富邦新竹,208.5,3000,0,9647,3035,2026-05-12
富邦新竹,205.5,0,1000,9647,3035,2026-05-12
富邦新竹,204.0,50,1000,9647,3035,2026-05-12
富邦新竹,202.5,4000,1020,9647,3035,2026-05-12
富邦八德,202.0,1000,10000,963A,3035,2026-05-12
富邦新竹,201.5,1000,0,9647,3035,2026-05-12
富邦新竹,199.5,10000,0,9647,3035,2026-05-12
富邦新竹,198.5,0,3000,9647,3035,2026-05-12
富邦新竹,197.5,0,160,9647,3035,2026-05-12
富邦新竹,196.5,1000,1100,9647,3035,2026-05-12
富邦新竹,195.5,3100,2000,9647,3035,2026-05-12
富邦新竹,194.5,1000,0,9647,3035,2026-05-12
富邦新竹,200.5,2000,0,9647,3035,2026-05-12
富邦永和,188.5,0,1000,9654,3035,2026-05-12
富邦八德,200.5,2000,0,963A,3035,2026-05-12
富邦八德,196.5,2500,0,963A,3035,2026-05-12
富邦羅東,207.0,550,0,9634,3035,2026-05-12
富邦羅東,209.0,0,1000,9634,3035,2026-05-12
富邦羅東,210.0,0,1000,9634,3035,2026-05-12
富邦中壢,188.0,2050,0,9636,3035,2026-05-12
富邦中壢,190.0,100,13900,9636,3035,2026-05-12
富邦中壢,191.5,0,3100,9636,3035,2026-05-12
富邦中壢,192.5,1050,100,9636,3035,2026-05-12
富邦中壢,193.5,2000,9000,9636,3035,2026-05-12
富邦中壢,194.5,2100,1000,9636,3035,2026-05-12
富邦中壢,195.5,2,1210,9636,3035,2026-05-12
富邦中壢,196.5,3000,0,9636,3035,2026-05-12
富邦中壢,197.5,4000,0,9636,3035,2026-05-12
富邦中壢,198.5,7000,1000,9636,3035,2026-05-12
富邦中壢,199.5,0,4000,9636,3035,2026-05-12
富邦中壢,200.5,1020,200,9636,3035,2026-05-12
富邦中壢,201.5,0,50,9636,3035,2026-05-12
富邦中壢,202.5,4050,4000,9636,3035,2026-05-12
富邦八德,195.5,2000,100,963A,3035,2026-05-12
富邦八德,194.5,0,400,963A,3035,2026-05-12
富邦八德,193.0,2100,2000,963A,3035,2026-05-12
富邦八德,192.0,1000,2000,963A,3035,2026-05-12
富邦八德,190.0,0,1000,963A,3035,2026-05-12
富邦八德,189.0,500,0,963A,3035,2026-05-12
富邦八德,198.5,0,1000,963A,3035,2026-05-12
富邦八德,188.0,3000,0,963A,3035,2026-05-12
富邦中壢,208.5,1050,8000,9636,3035,2026-05-12
富邦中壢,207.5,2073,100,9636,3035,2026-05-12
富邦中壢,206.5,4000,0,9636,3035,2026-05-12
富邦中壢,205.5,0,50,9636,3035,2026-05-12
富邦中壢,204.5,21000,100,9636,3035,2026-05-12
富邦中壢,203.5,1000,0,9636,3035,2026-05-12
富邦中壢,209.5,0,2100,9636,3035,2026-05-12
富邦永和,189.5,600,1000,9654,3035,2026-05-12
富邦永和,190.5,1000,2000,9654,3035,2026-05-12
富邦永和,191.5,2000,0,9654,3035,2026-05-12
富邦板橋,207.5,25,0,9655,3035,2026-05-12
富邦板橋,208.5,2051,5000,9655,3035,2026-05-12
富邦板橋,209.5,60,0,9655,3035,2026-05-12
富邦苗栗,188.5,15,0,9657,3035,2026-05-12
富邦苗栗,192.0,1010,10000,9657,3035,2026-05-12
富邦苗栗,195.0,10,0,9657,3035,2026-05-12
富邦苗栗,196.0,5000,0,9657,3035,2026-05-12
富邦苗栗,203.0,10,0,9657,3035,2026-05-12
富邦苗栗,207.5,0,100,9657,3035,2026-05-12
富邦苗栗,210.0,450,0,9657,3035,2026-05-12
富邦建國,189.0,10060,300,9658,3035,2026-05-12
富邦建國,190.0,6100,0,9658,3035,2026-05-12
富邦建國,191.5,0,1000,9658,3035,2026-05-12
富邦建國,192.5,7000,2000,9658,3035,2026-05-12
富邦建國,193.5,0,4000,9658,3035,2026-05-12
富邦建國,194.5,11100,0,9658,3035,2026-05-12
富邦建國,195.5,5150,2,9658,3035,2026-05-12
富邦高雄,193.5,8100,2000,9659,3035,2026-05-12
富邦高雄,192.5,2125,1200,9659,3035,2026-05-12
富邦高雄,190.5,0,1000,9659,3035,2026-05-12
富邦高雄,189.5,103,0,9659,3035,2026-05-12
富邦高雄,188.5,1600,0,9659,3035,2026-05-12
富邦建國,209.5,0,1100,9658,3035,2026-05-12
富邦板橋,206.0,0,1100,9655,3035,2026-05-12
富邦建國,208.5,2000,10100,9658,3035,2026-05-12
富邦建國,202.5,14000,0,9658,3035,2026-05-12
富邦建國,201.5,0,4,9658,3035,2026-05-12
富邦建國,200.5,0,2000,9658,3035,2026-05-12
富邦建國,199.5,1000,3000,9658,3035,2026-05-12
富邦建國,198.0,0,200,9658,3035,2026-05-12
富邦建國,196.5,2000,0,9658,3035,2026-05-12
富邦建國,204.5,0,1,9658,3035,2026-05-12
富邦板橋,204.5,2000,100,9655,3035,2026-05-12
富邦板橋,203.5,1000,1000,9655,3035,2026-05-12
富邦板橋,202.5,4000,2000,9655,3035,2026-05-12
富邦永和,206.5,1000,0,9654,3035,2026-05-12
富邦永和,205.0,0,15,9654,3035,2026-05-12
富邦永和,203.5,1000,2005,9654,3035,2026-05-12
富邦永和,202.5,2000,5,9654,3035,2026-05-12
富邦永和,201.5,200,1000,9654,3035,2026-05-12
富邦永和,200.5,3000,2500,9654,3035,2026-05-12
富邦永和,207.5,1000,0,9654,3035,2026-05-12
富邦永和,199.5,2000,0,9654,3035,2026-05-12
富邦永和,197.5,1000,1000,9654,3035,2026-05-12
富邦永和,196.5,0,1000,9654,3035,2026-05-12
富邦永和,195.5,5200,2000,9654,3035,2026-05-12
富邦永和,194.5,4010,0,9654,3035,2026-05-12
富邦永和,193.5,2000,0,9654,3035,2026-05-12
富邦永和,192.5,2000,0,9654,3035,2026-05-12
富邦永和,198.5,2000,0,9654,3035,2026-05-12
富邦羅東,203.5,250,0,9634,3035,2026-05-12
富邦永和,208.5,0,20,9654,3035,2026-05-12
富邦永和,210.5,0,20,9654,3035,2026-05-12
富邦板橋,201.5,1000,5000,9655,3035,2026-05-12
富邦板橋,200.5,0,3445,9655,3035,2026-05-12
富邦板橋,199.5,2000,0,9655,3035,2026-05-12
富邦板橋,198.0,4100,1050,9655,3035,2026-05-12
富邦板橋,197.0,5000,0,9655,3035,2026-05-12
富邦板橋,196.0,3000,1000,9655,3035,2026-05-12
富邦永和,209.5,0,2010,9654,3035,2026-05-12
富邦板橋,195.0,300,5200,9655,3035,2026-05-12
富邦板橋,193.0,4003,8000,9655,3035,2026-05-12
富邦板橋,192.0,2860,1000,9655,3035,2026-05-12
富邦板橋,191.0,1000,2000,9655,3035,2026-05-12
富邦板橋,190.0,5110,150,9655,3035,2026-05-12
富邦板橋,189.0,2100,0,9655,3035,2026-05-12
富邦板橋,188.0,1100,0,9655,3035,2026-05-12
富邦板橋,194.0,3301,3000,9655,3035,2026-05-12
富邦七賢,209.5,500,0,961K,3035,2026-05-12
富邦七賢,208.0,50,3000,961K,3035,2026-05-12
富邦七賢,204.5,0,329,961K,3035,2026-05-12
華南鶯歌,196.0,1000,0,9319,3035,2026-05-12
華南鶯歌,197.0,2000,0,9319,3035,2026-05-12
華南鶯歌,198.0,500,1000,9319,3035,2026-05-12
華南鶯歌,199.0,0,10000,9319,3035,2026-05-12
華南鶯歌,200.5,1000,1000,9319,3035,2026-05-12
華南鶯歌,202.0,5000,0,9319,3035,2026-05-12
華南鶯歌,204.0,1000,1000,9319,3035,2026-05-12
華南鶯歌,207.0,0,1100,9319,3035,2026-05-12
華南鶯歌,208.5,1000,0,9319,3035,2026-05-12
華南基隆,189.5,1000,0,9322,3035,2026-05-12
華南基隆,190.5,1000,0,9322,3035,2026-05-12
華南基隆,192.0,3000,0,9322,3035,2026-05-12
華南基隆,193.0,3000,200,9322,3035,2026-05-12
華南基隆,194.0,2100,0,9322,3035,2026-05-12
華南基隆,195.0,200,4000,9322,3035,2026-05-12
華南基隆,196.0,60,0,9322,3035,2026-05-12
華南基隆,200.0,1000,3000,9322,3035,2026-05-12
華南岡山,198.5,0,10022,9324,3035,2026-05-12
華南岡山,197.0,1000,1000,9324,3035,2026-05-12
華南岡山,194.5,1000,0,9324,3035,2026-05-12
華南岡山,193.5,1000,2000,9324,3035,2026-05-12
華南岡山,192.5,2200,5000,9324,3035,2026-05-12
華南岡山,189.5,300,2000,9324,3035,2026-05-12
華南鶯歌,195.0,1000,0,9319,3035,2026-05-12
華南岡山,188.0,100,0,9324,3035,2026-05-12
華南小港,196.0,1000,0,9323,3035,2026-05-12
華南小港,194.0,0,1000,9323,3035,2026-05-12
華南小港,192.0,1000,0,9323,3035,2026-05-12
華南小港,189.5,1000,1000,9323,3035,2026-05-12
華南基隆,210.0,0,11000,9322,3035,2026-05-12
華南基隆,202.5,2000,0,9322,3035,2026-05-12
華南小港,197.5,0,1000,9323,3035,2026-05-12
華南岡山,202.0,0,2000,9324,3035,2026-05-12
華南鶯歌,194.0,2020,1000,9319,3035,2026-05-12
華南鶯歌,190.5,2000,0,9319,3035,2026-05-12
華南大甲,200.5,0,2000,9315,3035,2026-05-12
華南大甲,202.5,2000,0,9315,3035,2026-05-12
華南大甲,203.5,100,0,9315,3035,2026-05-12
華南淡水,188.5,2000,0,9316,3035,2026-05-12
華南淡水,189.5,1050,0,9316,3035,2026-05-12
華南淡水,190.5,1000,0,9316,3035,2026-05-12
華南淡水,192.0,5000,0,9316,3035,2026-05-12
華南淡水,193.5,0,1000,9316,3035,2026-05-12
華南淡水,195.0,5,0,9316,3035,2026-05-12
華南淡水,196.5,1000,1000,9316,3035,2026-05-12
華南淡水,197.5,0,1000,9316,3035,2026-05-12
華南淡水,200.0,0,3000,9316,3035,2026-05-12
華南淡水,201.0,0,50,9316,3035,2026-05-12
華南淡水,203.0,1001,8,9316,3035,2026-05-12
華南淡水,204.0,1000,6000,9316,3035,2026-05-12
華南淡水,208.0,0,1000,9316,3035,2026-05-12
華南林口,188.0,1000,0,9317,3035,2026-05-12
華南鶯歌,189.5,0,1000,9319,3035,2026-05-12
華南鶯歌,188.5,2100,0,9319,3035,2026-05-12
華南林口,209.0,2000,0,9317,3035,2026-05-12
華南林口,204.5,10,1000,9317,3035,2026-05-12
華南林口,200.5,0,1000,9317,3035,2026-05-12
華南林口,199.0,2000,0,9317,3035,2026-05-12
華南鶯歌,193.0,2000,0,9319,3035,2026-05-12
華南林口,198.0,1000,0,9317,3035,2026-05-12
華南林口,195.5,1000,0,9317,3035,2026-05-12
華南林口,193.5,1000,0,9317,3035,2026-05-12
華南林口,192.5,3000,0,9317,3035,2026-05-12
華南林口,191.5,1000,0,9317,3035,2026-05-12
華南林口,190.5,9000,1000,9317,3035,2026-05-12
華南林口,189.0,1000,0,9317,3035,2026-05-12
華南林口,196.5,100,1000,9317,3035,2026-05-12
華南大甲,198.0,0,1000,9315,3035,2026-05-12
華南岡山,203.0,6050,2,9324,3035,2026-05-12
華南岡山,205.0,0,1002,9324,3035,2026-05-12
華南潮州,189.0,200,0,9328,3035,2026-05-12
華南潮州,192.0,2000,1000,9328,3035,2026-05-12
華南潮州,194.0,1050,0,9328,3035,2026-05-12
華南潮州,196.0,0,3000,9328,3035,2026-05-12
華南潮州,200.5,1000,0,9328,3035,2026-05-12
華南潮州,202.5,1000,0,9328,3035,2026-05-12
華南潮州,209.0,2000,0,9328,3035,2026-05-12
華南朴子,188.5,0,1000,9329,3035,2026-05-12
華南朴子,189.5,0,1000,9329,3035,2026-05-12
華南朴子,190.5,2000,0,9329,3035,2026-05-12
華南朴子,192.0,0,1000,9329,3035,2026-05-12
華南朴子,193.0,2000,0,9329,3035,2026-05-12
華南朴子,194.5,1000,2000,9329,3035,2026-05-12
華南朴子,195.5,0,2000,9329,3035,2026-05-12
華南朴子,196.5,0,4000,9329,3035,2026-05-12
華南朴子,197.5,1000,0,9329,3035,2026-05-12
華南朴子,200.5,1000,0,9329,3035,2026-05-12
華南鳳山,202.0,20000,100,9331,3035,2026-05-12
華南鳳山,200.0,0,1100,9331,3035,2026-05-12
華南鳳山,196.5,12000,0,9331,3035,2026-05-12
華南鳳山,195.0,50,0,9331,3035,2026-05-12
華南鳳山,194.0,4830,2000,9331,3035,2026-05-12
華南鳳山,193.0,2000,1000,9331,3035,2026-05-12
華南斗六,204.5,1000,0,9327,3035,2026-05-12
華南鳳山,192.0,2000,0,9331,3035,2026-05-12
華南鳳山,190.0,12100,0,9331,3035,2026-05-12
華南鳳山,189.0,1000,0,9331,3035,2026-05-12
華南朴子,209.5,0,10000,9329,3035,2026-05-12
華南朴子,204.5,0,1000,9329,3035,2026-05-12
華南朴子,203.0,0,1000,9329,3035,2026-05-12
華南朴子,202.0,0,1000,9329,3035,2026-05-12
華南鳳山,191.0,1000,0,9331,3035,2026-05-12
華南岡山,204.0,0,1000,9324,3035,2026-05-12
華南斗六,202.0,0,11000,9327,3035,2026-05-12
華南斗六,199.5,1000,2000,9327,3035,2026-05-12
華南岡山,208.0,6000,0,9324,3035,2026-05-12
華南岡山,209.0,0,4000,9324,3035,2026-05-12
華南忠孝,192.0,0,5000,9325,3035,2026-05-12
華南忠孝,193.5,20000,2000,9325,3035,2026-05-12
華南忠孝,197.0,1000,2000,9325,3035,2026-05-12
華南忠孝,200.5,0,9000,9325,3035,2026-05-12
華南南京,188.0,6000,0,9326,3035,2026-05-12
華南南京,189.0,3000,0,9326,3035,2026-05-12
華南南京,190.0,1000,0,9326,3035,2026-05-12
華南南京,192.0,1000,52000,9326,3035,2026-05-12
華南南京,193.0,1000,1000,9326,3035,2026-05-12
華南南京,194.0,1000,2000,9326,3035,2026-05-12
華南南京,195.0,3150,1000,9326,3035,2026-05-12
華南南京,196.0,1000,1000,9326,3035,2026-05-12
華南南京,197.0,1000,1000,9326,3035,2026-05-12
華南南京,198.5,0,4000,9326,3035,2026-05-12
華南南京,199.5,2000,1000,9326,3035,2026-05-12
華南斗六,198.0,100,3000,9327,3035,2026-05-12
華南斗六,196.5,1000,0,9327,3035,2026-05-12
華南斗六,194.0,1050,1000,9327,3035,2026-05-12
華南斗六,193.0,1000,0,9327,3035,2026-05-12
華南斗六,191.5,0,2000,9327,3035,2026-05-12
華南斗六,190.0,6000,0,9327,3035,2026-05-12
華南斗六,200.5,0,1000,9327,3035,2026-05-12
華南斗六,189.0,1000,0,9327,3035,2026-05-12
華南南京,209.0,0,2000,9326,3035,2026-05-12
華南南京,208.0,2000,0,9326,3035,2026-05-12
華南南京,206.0,0,1000,9326,3035,2026-05-12
華南南京,203.5,0,1000,9326,3035,2026-05-12
華南南京,202.5,1000,7000,9326,3035,2026-05-12
華南南京,200.5,2000,0,9326,3035,2026-05-12
華南南京,210.0,0,1200,9326,3035,2026-05-12
華南大甲,190.0,0,1000,9315,3035,2026-05-12
華南大甲,187.5,1000,0,9315,3035,2026-05-12
華南嘉義,196.5,0,1000,9314,3035,2026-05-12
華南台中,192.5,4100,0,9302,3035,2026-05-12
華南台中,193.5,1500,4000,9302,3035,2026-05-12
華南台中,194.5,4200,0,9302,3035,2026-05-12
華南台中,195.5,1400,325,9302,3035,2026-05-12
華南台中,196.5,0,1000,9302,3035,2026-05-12
華南台中,197.5,0,3000,9302,3035,2026-05-12
華南台中,198.5,0,100,9302,3035,2026-05-12
華南台中,199.5,0,2000,9302,3035,2026-05-12
華南台中,201.5,0,1000,9302,3035,2026-05-12
華南台中,202.5,1100,2000,9302,3035,2026-05-12
華南台中,203.5,2600,0,9302,3035,2026-05-12
華南台中,204.5,11100,0,9302,3035,2026-05-12
華南台中,206.0,0,180,9302,3035,2026-05-12
華南台中,207.0,2000,0,9302,3035,2026-05-12
華南台中,208.0,0,2000,9302,3035,2026-05-12
華南台中,209.5,100,3000,9302,3035,2026-05-12
華南台中,210.5,100,0,9302,3035,2026-05-12
華南高雄,208.5,2000,0,9303,3035,2026-05-12
華南高雄,206.0,1000,0,9303,3035,2026-05-12
華南高雄,204.0,50,1000,9303,3035,2026-05-12
華南高雄,203.0,1000,0,9303,3035,2026-05-12
華南高雄,202.0,1000,0,9303,3035,2026-05-12
華南高雄,200.5,0,1020,9303,3035,2026-05-12
華南台中,191.0,4100,2000,9302,3035,2026-05-12
華南高雄,198.5,5,0,9303,3035,2026-05-12
華南高雄,196.5,1000,0,9303,3035,2026-05-12
華南高雄,194.5,1002,50,9303,3035,2026-05-12
華南高雄,193.5,3050,1000,9303,3035,2026-05-12
華南高雄,192.5,1050,0,9303,3035,2026-05-12
華南高雄,190.0,1120,1000,9303,3035,2026-05-12
華南高雄,188.5,1200,0,9303,3035,2026-05-12
華南高雄,197.5,1000,0,9303,3035,2026-05-12
華南高雄,210.0,30,0,9303,3035,2026-05-12
華南台中,190.0,1200,0,9302,3035,2026-05-12
華南台中,188.0,2000,0,9302,3035,2026-05-12
凱基頭份,191.5,1000,0,9296,3035,2026-05-12
凱基頭份,195.0,2000,0,9296,3035,2026-05-12
凱基頭份,199.0,0,1000,9296,3035,2026-05-12
凱基頭份,210.0,10,0,9296,3035,2026-05-12
凱基文心,189.0,0,10,9297,3035,2026-05-12
凱基文心,192.0,10,400,9297,3035,2026-05-12
凱基文心,193.5,2000,2000,9297,3035,2026-05-12
凱基文心,194.5,0,36,9297,3035,2026-05-12
凱基文心,197.0,1000,0,9297,3035,2026-05-12
凱基文心,198.0,135,200,9297,3035,2026-05-12
凱基文心,199.5,0,1000,9297,3035,2026-05-12
凱基文心,200.5,2000,164,9297,3035,2026-05-12
華南永昌,189.0,0,1000,9300,3035,2026-05-12
華南永昌,190.0,2000,2000,9300,3035,2026-05-12
華南永昌,191.0,1000,1000,9300,3035,2026-05-12
華南永昌,192.5,3000,1000,9300,3035,2026-05-12
華南永昌,193.5,1000,2000,9300,3035,2026-05-12
華南永昌,209.5,0,1000,9300,3035,2026-05-12
華南永昌,208.5,2000,0,9300,3035,2026-05-12
華南永昌,207.5,1000,0,9300,3035,2026-05-12
華南永昌,206.0,0,1000,9300,3035,2026-05-12
華南永昌,204.5,2000,0,9300,3035,2026-05-12
華南永昌,203.0,1000,11000,9300,3035,2026-05-12
華南台中,189.0,1100,0,9302,3035,2026-05-12
華南永昌,202.0,100,0,9300,3035,2026-05-12
華南永昌,200.0,1012,0,9300,3035,2026-05-12
華南永昌,198.5,2000,0,9300,3035,2026-05-12
華南永昌,197.5,2000,1000,9300,3035,2026-05-12
華南永昌,196.5,1050,5000,9300,3035,2026-05-12
華南永昌,195.5,1000,0,9300,3035,2026-05-12
華南永昌,194.5,5010,19,9300,3035,2026-05-12
華南永昌,201.0,1000,2000,9300,3035,2026-05-12
華南新莊,189.0,1000,0,9305,3035,2026-05-12
華南新莊,190.5,0,700,9305,3035,2026-05-12
華南新莊,192.5,0,1000,9305,3035,2026-05-12
華南麻豆,200.5,1000,0,9308,3035,2026-05-12
華南麻豆,202.0,1136,1000,9308,3035,2026-05-12
華南麻豆,203.0,100,0,9308,3035,2026-05-12
華南麻豆,204.5,2000,0,9308,3035,2026-05-12
華南麻豆,208.0,2000,0,9308,3035,2026-05-12
華南麻豆,209.0,2000,0,9308,3035,2026-05-12
華南古亭,188.0,5000,0,9309,3035,2026-05-12
華南古亭,189.5,0,6000,9309,3035,2026-05-12
華南古亭,192.0,6000,0,9309,3035,2026-05-12
華南古亭,194.0,0,10000,9309,3035,2026-05-12
華南古亭,195.0,1,0,9309,3035,2026-05-12
華南古亭,196.0,1000,0,9309,3035,2026-05-12
華南古亭,197.0,1000,0,9309,3035,2026-05-12
華南古亭,199.5,1000,0,9309,3035,2026-05-12
華南古亭,202.0,0,1000,9309,3035,2026-05-12
華南古亭,204.0,0,1000,9309,3035,2026-05-12
華南古亭,208.5,6000,1000,9309,3035,2026-05-12
華南嘉義,194.5,0,1000,9314,3035,2026-05-12
華南嘉義,193.5,1000,0,9314,3035,2026-05-12
華南嘉義,191.5,3000,0,9314,3035,2026-05-12
華南嘉義,189.0,1000,0,9314,3035,2026-05-12
華南民權,209.0,0,1000,9312,3035,2026-05-12
華南民權,202.0,1000,0,9312,3035,2026-05-12
華南麻豆,199.5,0,1000,9308,3035,2026-05-12
華南民權,199.5,1000,0,9312,3035,2026-05-12
華南民權,196.5,1000,0,9312,3035,2026-05-12
華南民權,195.0,1000,0,9312,3035,2026-05-12
華南民權,193.0,1000,0,9312,3035,2026-05-12
華南民權,192.0,4000,0,9312,3035,2026-05-12
華南民權,191.0,1000,0,9312,3035,2026-05-12
華南民權,188.0,10,0,9312,3035,2026-05-12
華南民權,198.0,1000,0,9312,3035,2026-05-12
華南麻豆,197.5,1000,0,9308,3035,2026-05-12
華南麻豆,196.5,1170,1000,9308,3035,2026-05-12
華南麻豆,192.0,1000,0,9308,3035,2026-05-12
華南台南,202.5,0,5000,9306,3035,2026-05-12
華南台南,200.0,10,0,9306,3035,2026-05-12
華南台南,198.5,0,2000,9306,3035,2026-05-12
華南台南,197.0,1000,0,9306,3035,2026-05-12
華南台南,194.5,1000,0,9306,3035,2026-05-12
華南台南,193.0,2370,3000,9306,3035,2026-05-12
華南台南,204.0,10,0,9306,3035,2026-05-12
華南台南,191.5,1000,0,9306,3035,2026-05-12
華南新莊,202.5,0,1000,9305,3035,2026-05-12
華南新莊,201.0,0,1300,9305,3035,2026-05-12
華南新莊,199.0,0,3000,9305,3035,2026-05-12
華南新莊,196.5,1000,0,9305,3035,2026-05-12
華南新莊,195.5,1000,0,9305,3035,2026-05-12
華南新莊,194.0,0,1000,9305,3035,2026-05-12
華南台南,188.5,1000,0,9306,3035,2026-05-12
華南鳳山,203.0,0,100,9331,3035,2026-05-12
華南台南,208.0,1000,0,9306,3035,2026-05-12
華南大安,189.5,6,0,9307,3035,2026-05-12
華南麻豆,190.0,4000,0,9308,3035,2026-05-12
華南麻豆,189.0,1200,5000,9308,3035,2026-05-12
華南大安,210.0,1150,0,9307,3035,2026-05-12
華南大安,208.5,150,3000,9307,3035,2026-05-12
華南大安,202.5,0,1000,9307,3035,2026-05-12
華南大安,201.5,50,0,9307,3035,2026-05-12
華南大安,187.0,1000,0,9307,3035,2026-05-12
華南大安,200.5,2000,0,9307,3035,2026-05-12
華南大安,197.5,0,1000,9307,3035,2026-05-12
華南大安,196.0,0,1000,9307,3035,2026-05-12
華南大安,194.5,126,0,9307,3035,2026-05-12
華南大安,193.5,100,7000,9307,3035,2026-05-12
華南大安,192.5,2000,1000,9307,3035,2026-05-12
華南大安,190.5,1000,0,9307,3035,2026-05-12
華南大安,198.5,0,1000,9307,3035,2026-05-12
華南鳳山,204.0,3000,0,9331,3035,2026-05-12
華南鳳山,208.5,1000,4000,9331,3035,2026-05-12
華南楠梓,189.0,1000,200,9332,3035,2026-05-12
富邦,209.0,2000,0,9600,3035,2026-05-12
富邦陽明,187.5,1000,0,9604,3035,2026-05-12
富邦陽明,189.0,4150,23000,9604,3035,2026-05-12
富邦陽明,190.0,6000,2000,9604,3035,2026-05-12
富邦陽明,191.0,1000,1000,9604,3035,2026-05-12
富邦陽明,192.0,14300,1000,9604,3035,2026-05-12
富邦陽明,193.0,4045,1000,9604,3035,2026-05-12
富邦陽明,194.0,16000,3054,9604,3035,2026-05-12
富邦陽明,195.0,6000,42000,9604,3035,2026-05-12
富邦陽明,196.0,8000,2000,9604,3035,2026-05-12
富邦陽明,197.0,3002,4000,9604,3035,2026-05-12
富邦陽明,198.0,3110,3000,9604,3035,2026-05-12
富邦陽明,199.0,0,7000,9604,3035,2026-05-12
富邦陽明,200.0,4000,1200,9604,3035,2026-05-12
富邦陽明,201.0,1000,4000,9604,3035,2026-05-12
富邦陽明,202.0,1000,2300,9604,3035,2026-05-12
富邦陽明,203.0,0,2110,9604,3035,2026-05-12
富邦基隆,191.0,2000,0,9614,3035,2026-05-12
富邦台東,210.0,1000,0,9608,3035,2026-05-12
富邦台東,205.0,0,100,9608,3035,2026-05-12
富邦台東,203.0,0,1000,9608,3035,2026-05-12
富邦台東,202.0,1000,1000,9608,3035,2026-05-12
富邦台東,199.5,1000,0,9608,3035,2026-05-12
富邦,208.0,5000,100,9600,3035,2026-05-12
富邦台東,194.0,5,0,9608,3035,2026-05-12
富邦陽明,210.0,15,50,9604,3035,2026-05-12
富邦陽明,209.0,0,2000,9604,3035,2026-05-12
富邦陽明,208.0,1001,0,9604,3035,2026-05-12
富邦陽明,206.5,1000,1000,9604,3035,2026-05-12
富邦陽明,205.0,0,150,9604,3035,2026-05-12
富邦陽明,204.0,1000,0,9604,3035,2026-05-12
富邦台東,190.0,0,1000,9608,3035,2026-05-12
富邦基隆,193.0,2008,3000,9614,3035,2026-05-12
富邦,207.0,5000,0,9600,3035,2026-05-12
富邦,203.5,1000,0,9600,3035,2026-05-12
華南三重,191.0,5,0,9369,3035,2026-05-12
華南三重,192.0,1026,1000,9369,3035,2026-05-12
華南三重,193.0,20,4000,9369,3035,2026-05-12
華南三重,201.0,0,1000,9369,3035,2026-05-12
華南三重,208.0,1000,0,9369,3035,2026-05-12
華南虎尾,188.0,1000,0,9377,3035,2026-05-12
華南虎尾,190.0,6,0,9377,3035,2026-05-12
華南虎尾,197.5,1000,0,9377,3035,2026-05-12
華南虎尾,199.0,1000,1000,9377,3035,2026-05-12
華南虎尾,200.5,2000,0,9377,3035,2026-05-12
華南虎尾,203.0,3000,0,9377,3035,2026-05-12
華南虎尾,207.5,20,2,9377,3035,2026-05-12
華南虎尾,208.5,4000,0,9377,3035,2026-05-12
華南東昇,189.5,1000,0,9386,3035,2026-05-12
華南東昇,194.0,2000,0,9386,3035,2026-05-12
華南東昇,199.5,1000,100,9386,3035,2026-05-12
華南東昇,202.0,1000,0,9386,3035,2026-05-12
富邦,202.5,3000,1000,9600,3035,2026-05-12
富邦,201.5,32000,0,9600,3035,2026-05-12
富邦,200.5,20170,185000,9600,3035,2026-05-12
富邦,199.5,38653,0,9600,3035,2026-05-12
富邦,198.5,2005,0,9600,3035,2026-05-12
富邦,197.5,2000,0,9600,3035,2026-05-12
富邦,204.5,7718,0,9600,3035,2026-05-12
富邦,196.0,37509,75000,9600,3035,2026-05-12
富邦,193.5,0,2000,9600,3035,2026-05-12
富邦,192.5,0,13000,9600,3035,2026-05-12
富邦,191.5,0,99000,9600,3035,2026-05-12
富邦,189.5,0,1000,9600,3035,2026-05-12
華南東昇,210.0,0,1000,9386,3035,2026-05-12
華南東昇,203.0,0,100,9386,3035,2026-05-12
富邦,194.5,0,1000,9600,3035,2026-05-12
富邦基隆,194.5,8017,0,9614,3035,2026-05-12
富邦基隆,196.0,1000,0,9614,3035,2026-05-12
富邦基隆,197.0,0,1000,9614,3035,2026-05-12
富邦公益,197.5,5,1000,961F,3035,2026-05-12
富邦公益,198.5,2000,5,961F,3035,2026-05-12
富邦公益,199.5,1000,110,961F,3035,2026-05-12
富邦公益,200.5,1000,0,961F,3035,2026-05-12
富邦公益,202.0,1000,1000,961F,3035,2026-05-12
富邦公益,203.0,1000,500,961F,3035,2026-05-12
富邦公益,204.0,1000,2005,961F,3035,2026-05-12
富邦公益,205.5,0,1000,961F,3035,2026-05-12
富邦公益,206.5,1000,0,961F,3035,2026-05-12
富邦公益,208.5,0,1000,961F,3035,2026-05-12
富邦公益,209.5,135,1000,961F,3035,2026-05-12
富邦新板,188.0,100,0,961H,3035,2026-05-12
富邦新板,190.0,1000,0,961H,3035,2026-05-12
富邦新板,191.5,1000,0,961H,3035,2026-05-12
富邦新板,193.5,2000,1000,961H,3035,2026-05-12
富邦新板,194.5,1000,0,961H,3035,2026-05-12
富邦新板,195.5,1000,0,961H,3035,2026-05-12
富邦七賢,202.0,0,1000,961K,3035,2026-05-12
富邦七賢,201.0,0,1000,961K,3035,2026-05-12
富邦七賢,199.0,0,1000,961K,3035,2026-05-12
富邦七賢,197.5,0,1000,961K,3035,2026-05-12
富邦七賢,196.5,0,1000,961K,3035,2026-05-12
富邦七賢,194.0,3000,0,961K,3035,2026-05-12
富邦公益,196.5,3000,0,961F,3035,2026-05-12
富邦七賢,193.0,5100,1200,961K,3035,2026-05-12
富邦新板,210.0,250,0,961H,3035,2026-05-12
富邦新板,208.0,100,20,961H,3035,2026-05-12
富邦新板,205.5,0,1000,961H,3035,2026-05-12
富邦新板,203.5,100,0,961H,3035,2026-05-12
富邦新板,201.5,0,21000,961H,3035,2026-05-12
富邦新板,198.5,0,50,961H,3035,2026-05-12
富邦七賢,190.0,30,0,961K,3035,2026-05-12
富邦公益,195.5,2000,0,961F,3035,2026-05-12
富邦公益,194.5,0,300,961F,3035,2026-05-12
富邦公益,193.5,2000,3300,961F,3035,2026-05-12
富邦南京,193.0,0,21000,961C,3035,2026-05-12
富邦南京,192.0,3350,3040,961C,3035,2026-05-12
富邦南京,191.0,2000,100,961C,3035,2026-05-12
富邦南京,190.0,0,400,961C,3035,2026-05-12
富邦南京,189.0,11,0,961C,3035,2026-05-12
富邦南京,188.0,2040,0,961C,3035,2026-05-12
富邦南京,194.0,5170,12000,961C,3035,2026-05-12
富邦岡山,208.0,0,200,9616,3035,2026-05-12
富邦岡山,195.0,100,0,9616,3035,2026-05-12
富邦岡山,189.5,100,0,9616,3035,2026-05-12
富邦岡山,188.0,100,0,9616,3035,2026-05-12
富邦基隆,203.0,100,0,9614,3035,2026-05-12
富邦基隆,201.5,200,0,9614,3035,2026-05-12
富邦基隆,198.0,2000,0,9614,3035,2026-05-12
富邦岡山,203.0,0,2000,9616,3035,2026-05-12
華南三重,189.5,1000,0,9369,3035,2026-05-12
富邦南京,195.0,1000,18003,961C,3035,2026-05-12
富邦南京,197.0,0,1000,961C,3035,2026-05-12
富邦公益,192.5,1000,1100,961F,3035,2026-05-12
富邦公益,190.5,0,1000,961F,3035,2026-05-12
富邦公益,189.5,220,1000,961F,3035,2026-05-12
富邦公益,188.0,3000,0,961F,3035,2026-05-12
富邦南京,209.5,0,762,961C,3035,2026-05-12
富邦南京,208.5,2000,0,961C,3035,2026-05-12
富邦南京,196.0,1000,18000,961C,3035,2026-05-12
富邦南京,207.5,465,1,961C,3035,2026-05-12
富邦南京,204.5,1030,1,961C,3035,2026-05-12
富邦南京,203.5,0,39,961C,3035,2026-05-12
富邦南京,202.0,1000,10,961C,3035,2026-05-12
富邦南京,201.0,2000,0,961C,3035,2026-05-12
富邦南京,199.5,0,2000,961C,3035,2026-05-12
富邦南京,198.0,0,10000,961C,3035,2026-05-12
富邦南京,205.5,0,1,961C,3035,2026-05-12
富邦左營,202.0,0,1000,966F,3035,2026-05-12
華南豐原,209.5,0,1000,9366,3035,2026-05-12
華南豐原,198.0,0,2000,9366,3035,2026-05-12
華南內壢,195.0,100,0,9337,3035,2026-05-12
華南內壢,196.5,1000,1,9337,3035,2026-05-12
華南內壢,198.0,0,1000,9337,3035,2026-05-12
華南內壢,201.0,1000,0,9337,3035,2026-05-12
華南內壢,202.5,6000,0,9337,3035,2026-05-12
華南內壢,208.0,1000,0,9337,3035,2026-05-12
華南竹北,189.0,0,1000,9339,3035,2026-05-12
華南竹北,190.0,12000,0,9339,3035,2026-05-12
華南竹北,191.0,0,3000,9339,3035,2026-05-12
華南竹北,192.0,1000,0,9339,3035,2026-05-12
華南竹北,194.0,1000,0,9339,3035,2026-05-12
華南竹北,195.0,2000,0,9339,3035,2026-05-12
華南竹北,196.5,1000,0,9339,3035,2026-05-12
華南竹北,198.0,1000,2000,9339,3035,2026-05-12
華南竹北,200.0,1000,0,9339,3035,2026-05-12
華南竹北,201.0,6000,0,9339,3035,2026-05-12
華南竹北,202.5,1000,0,9339,3035,2026-05-12
華南敦南,208.5,0,1000,9347,3035,2026-05-12
華南敦南,202.5,0,1000,9347,3035,2026-05-12
華南敦南,201.0,0,1000,9347,3035,2026-05-12
華南敦南,199.5,1000,0,9347,3035,2026-05-12
華南敦南,197.5,0,1000,9347,3035,2026-05-12
華南敦南,196.0,0,1000,9347,3035,2026-05-12
華南內壢,194.0,0,5000,9337,3035,2026-05-12
華南敦南,194.0,2000,1000,9347,3035,2026-05-12
華南敦南,189.5,0,1000,9347,3035,2026-05-12
華南敦南,188.5,3000,0,9347,3035,2026-05-12
華南頭份,194.0,0,1000,9343,3035,2026-05-12
華南頭份,189.0,1100,0,9343,3035,2026-05-12
華南竹北,208.5,1000,2000,9339,3035,2026-05-12
華南竹北,204.5,0,1000,9339,3035,2026-05-12
華南敦南,190.5,0,5000,9347,3035,2026-05-12
華南板橋,188.5,1000,2000,9349,3035,2026-05-12
華南內壢,192.0,0,1000,9337,3035,2026-05-12
華南世貿,210.0,0,177,9334,3035,2026-05-12
華南楠梓,190.5,1000,0,9332,3035,2026-05-12
華南楠梓,192.0,2000,0,9332,3035,2026-05-12
華南楠梓,193.0,2300,1000,9332,3035,2026-05-12
華南楠梓,194.0,0,350,9332,3035,2026-05-12
華南楠梓,197.5,1000,3000,9332,3035,2026-05-12
華南楠梓,198.5,1000,3003,9332,3035,2026-05-12
華南楠梓,199.5,2000,40,9332,3035,2026-05-12
華南楠梓,201.5,3,0,9332,3035,2026-05-12
華南楠梓,203.0,1000,3100,9332,3035,2026-05-12
華南楠梓,205.0,0,1000,9332,3035,2026-05-12
華南楠梓,207.0,1000,1000,9332,3035,2026-05-12
華南楠梓,208.5,1000,1000,9332,3035,2026-05-12
華南楠梓,210.0,0,100,9332,3035,2026-05-12
華南長虹,189.0,1000,0,9333,3035,2026-05-12
華南長虹,191.0,1000,0,9333,3035,2026-05-12
華南長虹,193.0,1000,1030,9333,3035,2026-05-12
華南長虹,195.0,1000,1000,9333,3035,2026-05-12
華南世貿,203.5,0,50,9334,3035,2026-05-12
華南世貿,201.0,0,1000,9334,3035,2026-05-12
華南世貿,199.5,0,1000,9334,3035,2026-05-12
華南世貿,198.5,1000,0,9334,3035,2026-05-12
華南世貿,197.0,0,1000,9334,3035,2026-05-12
華南世貿,195.0,1002,0,9334,3035,2026-05-12
華南內壢,188.5,1000,0,9337,3035,2026-05-12
華南世貿,194.0,2000,0,9334,3035,2026-05-12
華南長虹,209.5,0,1200,9333,3035,2026-05-12
華南長虹,208.0,0,1030,9333,3035,2026-05-12
華南長虹,204.0,0,30,9333,3035,2026-05-12
華南長虹,199.5,0,1000,9333,3035,2026-05-12
華南長虹,198.0,500,30,9333,3035,2026-05-12
華南長虹,196.0,400,0,9333,3035,2026-05-12
華南世貿,189.0,1000,0,9334,3035,2026-05-12
華南板橋,189.5,1000,0,9349,3035,2026-05-12
華南板橋,190.5,2010,0,9349,3035,2026-05-12
華南板橋,192.0,10,0,9349,3035,2026-05-12
華南中正,206.0,1000,0,9359,3035,2026-05-12
華南中正,208.0,1000,0,9359,3035,2026-05-12
華南中正,210.0,0,500,9359,3035,2026-05-12
華南苗栗,192.0,5000,0,9362,3035,2026-05-12
華南苗栗,193.0,3000,1000,9362,3035,2026-05-12
華南苗栗,194.0,1000,0,9362,3035,2026-05-12
華南苗栗,195.0,100,0,9362,3035,2026-05-12
華南苗栗,198.5,1000,0,9362,3035,2026-05-12
華南苗栗,201.0,0,7000,9362,3035,2026-05-12
華南苗栗,203.5,100,0,9362,3035,2026-05-12
華南苗栗,205.0,0,5000,9362,3035,2026-05-12
華南彰化,189.5,5000,1150,9363,3035,2026-05-12
華南彰化,192.5,1000,0,9363,3035,2026-05-12
華南彰化,194.0,100,3000,9363,3035,2026-05-12
華南彰化,196.0,0,30,9363,3035,2026-05-12
華南彰化,197.0,1000,0,9363,3035,2026-05-12
華南彰化,199.5,0,1000,9363,3035,2026-05-12
華南豐原,196.5,305,1000,9366,3035,2026-05-12
華南豐原,194.5,3000,0,9366,3035,2026-05-12
華南豐原,193.5,0,1060,9366,3035,2026-05-12
華南豐原,192.5,0,1000,9366,3035,2026-05-12
華南豐原,191.5,3000,0,9366,3035,2026-05-12
華南豐原,190.0,1050,0,9366,3035,2026-05-12
華南中正,202.0,1000,0,9359,3035,2026-05-12
華南豐原,189.0,2100,0,9366,3035,2026-05-12
華南彰化,210.0,0,1000,9363,3035,2026-05-12
華南彰化,209.0,0,1000,9363,3035,2026-05-12
華南彰化,208.0,7000,1000,9363,3035,2026-05-12
華南彰化,203.5,2000,0,9363,3035,2026-05-12
華南彰化,201.5,20,0,9363,3035,2026-05-12
華南彰化,200.5,3000,2000,9363,3035,2026-05-12
華南豐原,188.0,100,0,9366,3035,2026-05-12
華南中正,199.5,0,1000,9359,3035,2026-05-12
華南中正,197.0,2000,0,9359,3035,2026-05-12
華南中正,196.0,100,0,9359,3035,2026-05-12
華南桃園,195.5,0,1000,9352,3035,2026-05-12
華南桃園,194.5,0,1000,9352,3035,2026-05-12
華南桃園,192.0,1000,0,9352,3035,2026-05-12
華南桃園,189.5,470,100,9352,3035,2026-05-12
華南桃園,188.0,200,0,9352,3035,2026-05-12
華南板橋,206.5,1000,0,9349,3035,2026-05-12
華南桃園,197.0,0,1000,9352,3035,2026-05-12
華南板橋,205.0,0,1000,9349,3035,2026-05-12
華南板橋,201.5,0,7000,9349,3035,2026-05-12
華南板橋,200.0,0,1000,9349,3035,2026-05-12
華南板橋,198.0,4,0,9349,3035,2026-05-12
華南板橋,197.0,4100,0,9349,3035,2026-05-12
華南板橋,195.0,1000,2000,9349,3035,2026-05-12
華南板橋,193.5,2000,8000,9349,3035,2026-05-12
華南板橋,204.0,2000,0,9349,3035,2026-05-12
華南豐原,200.5,0,6000,9366,3035,2026-05-12
華南桃園,198.5,0,2360,9352,3035,2026-05-12
華南桃園,204.5,0,1000,9352,3035,2026-05-12
華南中正,194.5,1000,0,9359,3035,2026-05-12
華南中正,193.5,2000,6000,9359,3035,2026-05-12
華南中正,192.5,2000,3000,9359,3035,2026-05-12
華南中正,191.5,0,1000,9359,3035,2026-05-12
華南中正,190.5,1000,0,9359,3035,2026-05-12
華南中正,189.0,1000,5000,9359,3035,2026-05-12
華南桃園,202.5,1000,0,9352,3035,2026-05-12
華南東勢,208.5,254,0,9358,3035,2026-05-12
華南東勢,198.5,0,1000,9358,3035,2026-05-12
華南東勢,195.5,1000,0,9358,3035,2026-05-12
華南東勢,194.0,200,3000,9358,3035,2026-05-12
華南東勢,192.0,200,1000,9358,3035,2026-05-12
華南桃園,210.0,50,0,9352,3035,2026-05-12
華南桃園,208.5,2000,0,9352,3035,2026-05-12
華南東勢,200.0,1000,0,9358,3035,2026-05-12
凱基頭份,187.5,1000,0,9296,3035,2026-05-12
富邦左營,203.5,0,1000,966F,3035,2026-05-12
富邦左營,206.5,0,1000,966F,3035,2026-05-12
元大崇德,194.5,1000,1400,981S,3035,2026-05-12
元大崇德,195.5,0,1000,981S,3035,2026-05-12
元大崇德,196.5,1000,1000,981S,3035,2026-05-12
元大崇德,198.0,1000,0,981S,3035,2026-05-12
元大崇德,200.0,0,1000,981S,3035,2026-05-12
元大崇德,201.0,1000,0,981S,3035,2026-05-12
元大崇德,202.5,1000,2000,981S,3035,2026-05-12
元大崇德,204.0,1000,0,981S,3035,2026-05-12
元大崇德,208.0,1000,1000,981S,3035,2026-05-12
元大崇德,209.5,2,0,981S,3035,2026-05-12
元大華山,188.5,1000,0,981U,3035,2026-05-12
元大華山,192.0,0,4000,981U,3035,2026-05-12
元大華山,193.0,2000,0,981U,3035,2026-05-12
元大華山,195.0,1000,0,981U,3035,2026-05-12
元大華山,209.5,0,1,981U,3035,2026-05-12
元大民雄,191.5,0,50,981V,3035,2026-05-12
元大民雄,194.5,7000,0,981V,3035,2026-05-12
元大新生,210.0,100,0,981X,3035,2026-05-12
元大新生,204.0,1000,0,981X,3035,2026-05-12
元大新生,200.0,0,200,981X,3035,2026-05-12
元大新生,198.0,1000,1000,981X,3035,2026-05-12
元大新生,194.5,100,0,981X,3035,2026-05-12
元大新生,193.5,60,0,981X,3035,2026-05-12
元大崇德,193.5,5,7000,981S,3035,2026-05-12
元大新生,192.0,2000,0,981X,3035,2026-05-12
元大民雄,209.5,2000,0,981V,3035,2026-05-12
元大民雄,208.0,1015,0,981V,3035,2026-05-12
元大民雄,205.0,150,0,981V,3035,2026-05-12
元大民雄,203.5,52,0,981V,3035,2026-05-12
元大民雄,200.0,150,0,981V,3035,2026-05-12
元大民雄,196.0,1000,0,981V,3035,2026-05-12
元大新生,190.5,1100,0,981X,3035,2026-05-12
元大善化,189.0,1000,2000,981y,3035,2026-05-12
元大崇德,192.5,1000,1000,981S,3035,2026-05-12
元大崇德,190.5,1000,0,981S,3035,2026-05-12
元大太平,205.0,0,2000,981Q,3035,2026-05-12
元大太平,207.0,2000,0,981Q,3035,2026-05-12
元大太平,208.5,2500,0,981Q,3035,2026-05-12
元大太平,210.0,1000,0,981Q,3035,2026-05-12
元大屏南,188.5,1000,6,981r,3035,2026-05-12
元大屏南,189.5,0,1000,981r,3035,2026-05-12
元大屏南,191.5,1000,0,981r,3035,2026-05-12
元大屏南,193.0,3000,1000,981r,3035,2026-05-12
元大屏南,194.0,1000,1000,981r,3035,2026-05-12
元大屏南,196.0,30,0,981r,3035,2026-05-12
元大屏南,198.0,0,200,981r,3035,2026-05-12
元大屏南,199.5,50,0,981r,3035,2026-05-12
元大屏南,202.5,1000,0,981r,3035,2026-05-12
元大屏南,209.0,0,100,981r,3035,2026-05-12
元大屏南,210.0,0,2000,981r,3035,2026-05-12
元大竹山,189.5,100,0,981R,3035,2026-05-12
元大竹山,191.0,2000,0,981R,3035,2026-05-12
元大崇德,189.5,2000,1000,981S,3035,2026-05-12
元大崇德,188.5,2000,0,981S,3035,2026-05-12
元大竹山,209.5,1000,1000,981R,3035,2026-05-12
元大竹山,208.5,2000,0,981R,3035,2026-05-12
元大竹山,206.0,1000,0,981R,3035,2026-05-12
元大竹山,204.0,100,1000,981R,3035,2026-05-12
元大崇德,191.5,1000,8000,981S,3035,2026-05-12
元大竹山,202.5,3015,0,981R,3035,2026-05-12
元大竹山,197.0,1000,0,981R,3035,2026-05-12
元大竹山,196.0,3000,1000,981R,3035,2026-05-12
元大竹山,195.0,20,100,981R,3035,2026-05-12
元大竹山,194.0,1050,104,981R,3035,2026-05-12
元大竹山,193.0,1015,27,981R,3035,2026-05-12
元大竹山,192.0,200,1000,981R,3035,2026-05-12
元大竹山,200.5,3000,0,981R,3035,2026-05-12
元大太平,203.0,1,0,981Q,3035,2026-05-12
元大善化,190.0,1000,1500,981y,3035,2026-05-12
元大善化,192.0,110,0,981y,3035,2026-05-12
元大潮州,200.5,0,50,981Z,3035,2026-05-12
元大潮州,202.5,1000,0,981Z,3035,2026-05-12
元大潮州,206.5,1000,0,981Z,3035,2026-05-12
元大潮州,210.0,0,1000,981Z,3035,2026-05-12
元大學府,189.0,2050,0,9822,3035,2026-05-12
元大學府,190.0,1005,0,9822,3035,2026-05-12
元大學府,192.0,1000,1000,9822,3035,2026-05-12
元大學府,193.5,1000,0,9822,3035,2026-05-12
元大學府,194.5,200,0,9822,3035,2026-05-12
元大學府,195.5,6000,2000,9822,3035,2026-05-12
元大學府,196.5,3100,0,9822,3035,2026-05-12
元大學府,198.0,1000,1000,9822,3035,2026-05-12
元大學府,199.0,2000,1000,9822,3035,2026-05-12
元大學府,200.0,0,5000,9822,3035,2026-05-12
元大學府,201.0,1000,0,9822,3035,2026-05-12
元大學府,203.5,5,3000,9822,3035,2026-05-12
元大學府,205.0,0,1000,9822,3035,2026-05-12
元大新營,193.0,0,1000,9825,3035,2026-05-12
元大新營,192.0,2000,1000,9825,3035,2026-05-12
元大新營,190.0,3200,1000,9825,3035,2026-05-12
元大新營,188.5,2000,0,9825,3035,2026-05-12
元大新營,187.0,1000,0,9825,3035,2026-05-12
元大向上,207.0,1000,0,9824,3035,2026-05-12
元大潮州,199.0,300,0,981Z,3035,2026-05-12
元大向上,204.0,0,1000,9824,3035,2026-05-12
元大向上,199.0,0,2000,9824,3035,2026-05-12
元大向上,195.5,300,0,9824,3035,2026-05-12
元大向上,194.5,1000,3000,9824,3035,2026-05-12
元大向上,193.5,0,2000,9824,3035,2026-05-12
元大向上,192.0,1000,0,9824,3035,2026-05-12
元大向上,188.0,2000,50,9824,3035,2026-05-12
元大向上,201.0,0,1000,9824,3035,2026-05-12
元大善化,191.0,1000,1000,981y,3035,2026-05-12
元大潮州,198.0,0,50,981Z,3035,2026-05-12
元大潮州,195.0,100,0,981Z,3035,2026-05-12
元大善化,193.0,5000,6000,981y,3035,2026-05-12
元大善化,194.0,2000,2000,981y,3035,2026-05-12
元大善化,195.0,2088,3000,981y,3035,2026-05-12
元大善化,196.5,1000,0,981y,3035,2026-05-12
元大善化,197.5,1000,0,981y,3035,2026-05-12
元大善化,198.5,0,70,981y,3035,2026-05-12
元大善化,199.5,1000,0,981y,3035,2026-05-12
元大善化,200.5,2000,0,981y,3035,2026-05-12
元大善化,201.5,50,0,981y,3035,2026-05-12
元大善化,203.0,0,1000,981y,3035,2026-05-12
元大善化,206.0,50,0,981y,3035,2026-05-12
元大善化,207.0,1000,1000,981y,3035,2026-05-12
元大善化,208.0,500,0,981y,3035,2026-05-12
元大善化,209.0,100,0,981y,3035,2026-05-12
元大大統,188.0,1100,0,981z,3035,2026-05-12
元大大統,189.0,300,0,981z,3035,2026-05-12
元大大統,191.0,0,100,981z,3035,2026-05-12
元大潮州,194.0,3000,0,981Z,3035,2026-05-12
元大潮州,193.0,3000,1000,981Z,3035,2026-05-12
元大潮州,190.5,50,1000,981Z,3035,2026-05-12
元大大統,209.0,0,100,981z,3035,2026-05-12
元大大統,207.5,1000,0,981z,3035,2026-05-12
元大大統,204.5,120,0,981z,3035,2026-05-12
元大潮州,196.5,1000,0,981Z,3035,2026-05-12
元大大統,202.0,1000,1000,981z,3035,2026-05-12
元大大統,198.0,1000,0,981z,3035,2026-05-12
元大大統,197.0,4000,0,981z,3035,2026-05-12
元大大統,196.0,1,50,981z,3035,2026-05-12
元大大統,195.0,3200,1000,981z,3035,2026-05-12
元大大統,193.5,2000,500,981z,3035,2026-05-12
元大大統,192.5,1000,1000,981z,3035,2026-05-12
元大大統,199.0,0,2000,981z,3035,2026-05-12
元大太平,201.5,0,3000,981Q,3035,2026-05-12
元大太平,200.5,2000,0,981Q,3035,2026-05-12
元大太平,199.5,1000,3000,981Q,3035,2026-05-12
元大林園,209.5,300,0,981K,3035,2026-05-12
元大莒光,189.5,50,0,981L,3035,2026-05-12
元大莒光,190.5,1000,0,981L,3035,2026-05-12
元大莒光,191.5,2000,0,981L,3035,2026-05-12
元大莒光,193.0,5000,3000,981L,3035,2026-05-12
元大莒光,194.0,1000,0,981L,3035,2026-05-12
元大莒光,195.5,3000,0,981L,3035,2026-05-12
元大莒光,198.0,1000,0,981L,3035,2026-05-12
元大莒光,199.0,4000,0,981L,3035,2026-05-12
元大莒光,200.0,2010,0,981L,3035,2026-05-12
元大莒光,201.0,2000,0,981L,3035,2026-05-12
元大莒光,202.0,2010,6000,981L,3035,2026-05-12
元大莒光,203.0,0,3000,981L,3035,2026-05-12
元大莒光,205.0,0,100,981L,3035,2026-05-12
元大莒光,207.5,0,2000,981L,3035,2026-05-12
元大莒光,208.5,0,3000,981L,3035,2026-05-12
元大莒光,209.5,0,1000,981L,3035,2026-05-12
元大前金,208.0,0,1000,981m,3035,2026-05-12
元大前金,202.5,100,0,981m,3035,2026-05-12
元大前金,201.0,1000,0,981m,3035,2026-05-12
元大前金,200.0,0,1000,981m,3035,2026-05-12
元大前金,199.0,10,0,981m,3035,2026-05-12
元大前金,197.0,1000,0,981m,3035,2026-05-12
元大林園,206.5,0,1000,981K,3035,2026-05-12
元大前金,195.5,1000,0,981m,3035,2026-05-12
元大前金,193.5,1000,2000,981m,3035,2026-05-12
元大前金,192.5,5,139,981m,3035,2026-05-12
元大前金,191.5,0,1000,981m,3035,2026-05-12
元大前金,190.5,1000,0,981m,3035,2026-05-12
元大前金,189.5,1000,0,981m,3035,2026-05-12
元大前金,188.0,5,0,981m,3035,2026-05-12
元大前金,194.5,100,0,981m,3035,2026-05-12
元大前金,210.0,0,2,981m,3035,2026-05-12
元大林園,201.0,0,1000,981K,3035,2026-05-12
元大林園,193.5,5000,0,981K,3035,2026-05-12
元大西螺,202.5,1000,0,981i,3035,2026-05-12
元大西螺,203.5,49,1000,981i,3035,2026-05-12
元大西螺,206.0,0,1000,981i,3035,2026-05-12
元大西螺,210.0,10000,0,981i,3035,2026-05-12
元大天母,189.5,1000,0,981I,3035,2026-05-12
元大天母,191.0,200,3000,981I,3035,2026-05-12
元大天母,193.5,5200,0,981I,3035,2026-05-12
元大天母,194.5,200,1000,981I,3035,2026-05-12
元大天母,196.0,2000,1000,981I,3035,2026-05-12
元大天母,197.0,3200,2000,981I,3035,2026-05-12
元大天母,199.0,100,0,981I,3035,2026-05-12
元大天母,200.0,0,2000,981I,3035,2026-05-12
元大天母,201.5,0,1000,981I,3035,2026-05-12
元大天母,207.0,0,1000,981I,3035,2026-05-12
元大天母,208.0,200,6000,981I,3035,2026-05-12
元大天母,210.0,0,1001,981I,3035,2026-05-12
元大士林,190.0,1000,0,981j,3035,2026-05-12
元大林園,192.0,0,2,981K,3035,2026-05-12
元大林園,188.5,1000,0,981K,3035,2026-05-12
元大士林,209.5,0,1000,981j,3035,2026-05-12
元大士林,208.5,1011,1000,981j,3035,2026-05-12
元大士林,206.5,2000,0,981j,3035,2026-05-12
元大士林,204.5,9000,0,981j,3035,2026-05-12
元大林園,198.5,400,0,981K,3035,2026-05-12
元大士林,203.5,1000,0,981j,3035,2026-05-12
元大士林,199.0,2000,0,981j,3035,2026-05-12
元大士林,197.5,0,1000,981j,3035,2026-05-12
元大士林,195.5,1500,0,981j,3035,2026-05-12
元大士林,194.5,24,0,981j,3035,2026-05-12
元大士林,193.0,2000,1000,981j,3035,2026-05-12
元大士林,192.0,0,200,981j,3035,2026-05-12
元大士林,200.5,3000,0,981j,3035,2026-05-12
元大苗栗,188.0,100,0,981M,3035,2026-05-12
元大苗栗,190.0,5,0,981M,3035,2026-05-12
元大苗栗,192.5,1000,0,981M,3035,2026-05-12
元大金門,208.5,1000,0,981N,3035,2026-05-12
元大金門,209.5,0,1000,981N,3035,2026-05-12
元大松山,190.0,1000,0,981p,3035,2026-05-12
元大松山,194.5,10,65,981p,3035,2026-05-12
元大松山,196.0,0,1000,981p,3035,2026-05-12
元大松山,198.0,0,6000,981p,3035,2026-05-12
元大松山,201.0,1000,3000,981p,3035,2026-05-12
元大松山,204.0,0,3000,981p,3035,2026-05-12
元大松山,207.0,0,3000,981p,3035,2026-05-12
元大萬華,188.5,1000,0,981q,3035,2026-05-12
元大萬華,190.0,30,3000,981q,3035,2026-05-12
元大萬華,193.0,2000,1000,981q,3035,2026-05-12
元大萬華,194.0,1000,1000,981q,3035,2026-05-12
元大萬華,195.0,20,0,981q,3035,2026-05-12
元大萬華,196.5,0,2000,981q,3035,2026-05-12
元大萬華,198.5,2000,1000,981q,3035,2026-05-12
元大萬華,199.5,1000,1000,981q,3035,2026-05-12
元大太平,198.5,2000,0,981Q,3035,2026-05-12
元大太平,197.5,1050,2000,981Q,3035,2026-05-12
元大太平,196.5,2000,1000,981Q,3035,2026-05-12
元大太平,195.0,50,0,981Q,3035,2026-05-12
元大太平,194.0,3005,0,981Q,3035,2026-05-12
元大太平,193.0,6000,0,981Q,3035,2026-05-12
元大金門,204.5,100,2000,981N,3035,2026-05-12
元大太平,192.0,5,3003,981Q,3035,2026-05-12
元大太平,189.5,1105,0,981Q,3035,2026-05-12
元大太平,188.5,1000,0,981Q,3035,2026-05-12
元大萬華,207.0,0,1000,981q,3035,2026-05-12
元大萬華,204.0,1000,0,981q,3035,2026-05-12
元大萬華,202.5,5000,0,981q,3035,2026-05-12
元大萬華,201.0,2000,1000,981q,3035,2026-05-12
元大太平,190.5,1000,0,981Q,3035,2026-05-12
元大金門,202.5,1000,1000,981N,3035,2026-05-12
元大金門,200.0,0,2000,981N,3035,2026-05-12
元大金門,198.5,1000,0,981N,3035,2026-05-12
元大旗山,192.5,0,2000,981n,3035,2026-05-12
元大旗山,191.5,1000,0,981n,3035,2026-05-12
元大旗山,190.0,1000,0,981n,3035,2026-05-12
元大旗山,189.0,1000,1000,981n,3035,2026-05-12
元大苗栗,210.0,5,0,981M,3035,2026-05-12
元大苗栗,206.5,0,1000,981M,3035,2026-05-12
元大旗山,193.5,1050,1000,981n,3035,2026-05-12
元大苗栗,202.5,550,0,981M,3035,2026-05-12
元大苗栗,200.5,0,1200,981M,3035,2026-05-12
元大苗栗,199.0,50,1000,981M,3035,2026-05-12
元大苗栗,196.5,0,2000,981M,3035,2026-05-12
元大苗栗,195.5,1000,1000,981M,3035,2026-05-12
元大苗栗,194.5,1100,1000,981M,3035,2026-05-12
元大苗栗,193.5,11000,1000,981M,3035,2026-05-12
元大苗栗,201.5,0,2000,981M,3035,2026-05-12
元大新營,194.0,100,0,9825,3035,2026-05-12
元大旗山,194.5,50,1000,981n,3035,2026-05-12
元大旗山,196.5,100,1000,981n,3035,2026-05-12
元大金門,196.0,1010,0,981N,3035,2026-05-12
元大金門,194.5,1000,0,981N,3035,2026-05-12
元大金門,193.0,30,0,981N,3035,2026-05-12
元大金門,192.0,2000,32,981N,3035,2026-05-12
元大金門,191.0,1000,0,981N,3035,2026-05-12
元大金門,189.0,1200,0,981N,3035,2026-05-12
元大旗山,195.5,3000,0,981n,3035,2026-05-12
元大旗山,210.0,100,0,981n,3035,2026-05-12
元大旗山,205.5,0,1000,981n,3035,2026-05-12
元大旗山,204.0,0,1000,981n,3035,2026-05-12
元大旗山,203.0,100,0,981n,3035,2026-05-12
元大旗山,201.5,1000,0,981n,3035,2026-05-12
元大旗山,200.5,0,1005,981n,3035,2026-05-12
元大旗山,198.5,2300,0,981n,3035,2026-05-12
元大旗山,208.5,0,1000,981n,3035,2026-05-12
元大西螺,201.0,1000,1000,981i,3035,2026-05-12
元大新營,195.0,0,2000,9825,3035,2026-05-12
元大新營,198.5,3000,2000,9825,3035,2026-05-12
元大上新,194.5,200,0,983G,3035,2026-05-12
元大上新,195.5,4115,0,983G,3035,2026-05-12
元大上新,196.5,100,1500,983G,3035,2026-05-12
元大上新,197.5,0,3100,983G,3035,2026-05-12
元大上新,198.5,1020,0,983G,3035,2026-05-12
元大上新,199.5,1000,0,983G,3035,2026-05-12
元大上新,203.0,300,0,983G,3035,2026-05-12
元大上新,204.0,2000,0,983G,3035,2026-05-12
元大上新,207.0,0,1000,983G,3035,2026-05-12
元大上新,208.5,1000,1000,983G,3035,2026-05-12
元大大雅,188.5,0,2000,983i,3035,2026-05-12
元大大雅,189.5,2055,650,983i,3035,2026-05-12
元大大雅,190.5,1200,0,983i,3035,2026-05-12
元大大雅,191.5,0,1000,983i,3035,2026-05-12
元大大雅,192.5,2000,0,983i,3035,2026-05-12
元大大雅,193.5,2010,3000,983i,3035,2026-05-12
元大大雅,194.5,2005,1000,983i,3035,2026-05-12
元大仁愛,191.5,1000,0,983j,3035,2026-05-12
元大仁愛,189.0,0,2000,983j,3035,2026-05-12
元大大雅,210.0,1575,1000,983i,3035,2026-05-12
元大大雅,208.5,9000,0,983i,3035,2026-05-12
元大大雅,207.5,0,2000,983i,3035,2026-05-12
元大大雅,205.0,0,2000,983i,3035,2026-05-12
元大上新,193.5,210,1000,983G,3035,2026-05-12
元大大雅,204.0,0,1000,983i,3035,2026-05-12
元大大雅,202.0,6000,1000,983i,3035,2026-05-12
元大大雅,200.5,3000,1000,983i,3035,2026-05-12
元大大雅,199.0,1000,0,983i,3035,2026-05-12
元大大雅,198.0,5200,2000,983i,3035,2026-05-12
元大大雅,197.0,2000,0,983i,3035,2026-05-12
元大大雅,195.5,4000,0,983i,3035,2026-05-12
元大大雅,203.0,1100,3000,983i,3035,2026-05-12
元大仁愛,194.0,0,2035,983j,3035,2026-05-12
元大上新,192.5,0,1000,983G,3035,2026-05-12
元大上新,190.0,1050,0,983G,3035,2026-05-12
元大豐原,202.0,1000,0,9838,3035,2026-05-12
元大豐原,203.0,1000,0,9838,3035,2026-05-12
元大豐原,204.5,1250,0,9838,3035,2026-05-12
元大豐原,207.0,0,2000,9838,3035,2026-05-12
元大豐原,208.5,0,1000,9838,3035,2026-05-12
元大豐原,210.5,2000,0,9838,3035,2026-05-12
元大林森,189.0,500,0,983B,3035,2026-05-12
元大林森,191.0,10,0,983B,3035,2026-05-12
元大林森,192.0,0,1000,983B,3035,2026-05-12
元大林森,193.5,1000,0,983B,3035,2026-05-12
元大林森,195.0,1000,0,983B,3035,2026-05-12
元大林森,197.5,0,1000,983B,3035,2026-05-12
元大林森,202.0,0,2000,983B,3035,2026-05-12
元大林森,207.0,1000,0,983B,3035,2026-05-12
元大竹東,187.5,0,1000,983f,3035,2026-05-12
元大竹東,189.0,1000,0,983f,3035,2026-05-12
元大竹東,190.0,2000,0,983f,3035,2026-05-12
元大上新,189.0,1000,0,983G,3035,2026-05-12
元大上新,188.0,1000,0,983G,3035,2026-05-12
元大竹東,209.5,0,1000,983f,3035,2026-05-12
元大竹東,206.5,0,2000,983f,3035,2026-05-12
元大竹東,204.5,2000,0,983f,3035,2026-05-12
元大竹東,202.5,0,1000,983f,3035,2026-05-12
元大上新,191.5,0,1000,983G,3035,2026-05-12
元大竹東,200.5,5000,1000,983f,3035,2026-05-12
元大竹東,198.5,1000,0,983f,3035,2026-05-12
元大竹東,196.0,2000,0,983f,3035,2026-05-12
元大竹東,195.0,2000,0,983f,3035,2026-05-12
元大竹東,194.0,2000,2000,983f,3035,2026-05-12
元大竹東,193.0,0,500,983f,3035,2026-05-12
元大竹東,192.0,2000,1000,983f,3035,2026-05-12
元大竹東,199.5,1100,0,983f,3035,2026-05-12
元大豐原,201.0,0,100,9838,3035,2026-05-12
元大仁愛,196.5,0,1000,983j,3035,2026-05-12
元大仁愛,201.5,0,2000,983j,3035,2026-05-12
元大頭份,208.5,50,1000,983U,3035,2026-05-12
元大頭份,210.0,0,9000,983U,3035,2026-05-12
元大竹南,189.5,300,0,983V,3035,2026-05-12
元大竹南,192.5,0,2000,983V,3035,2026-05-12
元大竹南,194.0,1000,0,983V,3035,2026-05-12
元大竹南,197.0,1000,0,983V,3035,2026-05-12
元大竹南,199.0,0,2000,983V,3035,2026-05-12
元大竹南,200.0,0,1000,983V,3035,2026-05-12
元大竹南,201.0,1000,0,983V,3035,2026-05-12
元大竹南,203.0,200,0,983V,3035,2026-05-12
元大竹南,205.0,0,1000,983V,3035,2026-05-12
元大竹南,208.5,2100,0,983V,3035,2026-05-12
元大竹南,210.0,80,0,983V,3035,2026-05-12
元大德芳,189.0,12000,1150,983W,3035,2026-05-12
元大德芳,190.0,3000,3950,983W,3035,2026-05-12
元大德芳,191.0,0,1000,983W,3035,2026-05-12
元大德芳,192.0,1200,3000,983W,3035,2026-05-12
元大鳳山,189.0,2020,0,983Z,3035,2026-05-12
元大德芳,209.5,1011,1000,983W,3035,2026-05-12
元大德芳,208.5,1000,0,983W,3035,2026-05-12
元大德芳,207.0,0,1000,983W,3035,2026-05-12
元大德芳,206.0,0,1000,983W,3035,2026-05-12
元大德芳,203.5,0,1000,983W,3035,2026-05-12
元大頭份,207.5,2000,0,983U,3035,2026-05-12
元大德芳,200.5,1000,0,983W,3035,2026-05-12
元大德芳,198.0,2000,30,983W,3035,2026-05-12
元大德芳,197.0,0,10,983W,3035,2026-05-12
元大德芳,196.0,1000,1000,983W,3035,2026-05-12
元大德芳,195.0,1000,2000,983W,3035,2026-05-12
元大德芳,194.0,1000,2000,983W,3035,2026-05-12
元大德芳,193.0,0,1000,983W,3035,2026-05-12
元大德芳,199.5,0,2077,983W,3035,2026-05-12
元大仁愛,200.5,1000,0,983j,3035,2026-05-12
元大頭份,203.5,1000,0,983U,3035,2026-05-12
元大頭份,200.0,1000,0,983U,3035,2026-05-12
元大仁愛,203.5,0,1000,983j,3035,2026-05-12
元大仁愛,206.5,0,3,983j,3035,2026-05-12
元大仁愛,207.5,1000,1000,983j,3035,2026-05-12
元大仁愛,208.5,0,1000,983j,3035,2026-05-12
元大仁愛,210.5,0,1000,983j,3035,2026-05-12
元大學甲,192.5,0,1000,983K,3035,2026-05-12
元大學甲,196.5,0,3000,983K,3035,2026-05-12
元大學甲,203.0,0,1000,983K,3035,2026-05-12
元大木柵,188.0,101,0,983M,3035,2026-05-12
元大木柵,189.0,200,0,983M,3035,2026-05-12
元大木柵,190.0,0,3000,983M,3035,2026-05-12
元大木柵,191.0,0,1000,983M,3035,2026-05-12
元大木柵,192.5,3,0,983M,3035,2026-05-12
元大木柵,193.5,2,0,983M,3035,2026-05-12
元大木柵,194.5,1000,0,983M,3035,2026-05-12
元大木柵,196.5,1000,0,983M,3035,2026-05-12
元大木柵,199.0,2000,0,983M,3035,2026-05-12
元大頭份,199.0,1000,1000,983U,3035,2026-05-12
元大頭份,198.0,1000,0,983U,3035,2026-05-12
元大頭份,196.0,5000,0,983U,3035,2026-05-12
元大頭份,195.0,2100,0,983U,3035,2026-05-12
元大頭份,194.0,1050,5000,983U,3035,2026-05-12
元大頭份,193.0,1400,3000,983U,3035,2026-05-12
元大頭份,201.5,12000,0,983U,3035,2026-05-12
元大頭份,192.0,1000,2000,983U,3035,2026-05-12
元大頭份,187.0,0,1000,983U,3035,2026-05-12
元大大安,200.0,2000,0,983N,3035,2026-05-12
元大大安,195.0,50,0,983N,3035,2026-05-12
元大大安,190.0,4000,0,983N,3035,2026-05-12
元大木柵,204.0,0,1000,983M,3035,2026-05-12
元大木柵,201.5,1000,0,983M,3035,2026-05-12
元大頭份,190.0,2000,0,983U,3035,2026-05-12
元大豐原,199.0,3150,50,9838,3035,2026-05-12
元大豐原,198.0,2000,0,9838,3035,2026-05-12
元大豐原,197.0,200,1000,9838,3035,2026-05-12
元大博愛,195.5,2000,1000,982B,3035,2026-05-12
元大博愛,196.5,2000,0,982B,3035,2026-05-12
元大博愛,197.5,300,0,982B,3035,2026-05-12
元大博愛,199.0,3000,2000,982B,3035,2026-05-12
元大博愛,200.5,1000,2000,982B,3035,2026-05-12
元大博愛,202.0,1000,0,982B,3035,2026-05-12
元大博愛,203.0,510,2000,982B,3035,2026-05-12
元大博愛,205.0,1000,0,982B,3035,2026-05-12
元大博愛,207.5,200,1000,982B,3035,2026-05-12
元大博愛,208.5,0,1000,982B,3035,2026-05-12
元大博愛,210.0,4,50,982B,3035,2026-05-12
元大六合,187.5,1000,0,982C,3035,2026-05-12
元大六合,188.5,0,3000,982C,3035,2026-05-12
元大六合,189.5,2100,0,982C,3035,2026-05-12
元大六合,192.0,3100,1000,982C,3035,2026-05-12
元大六合,193.0,1000,0,982C,3035,2026-05-12
元大六合,194.0,1100,0,982C,3035,2026-05-12
元大四維,190.5,1000,0,9831,3035,2026-05-12
元大四維,189.0,10,0,9831,3035,2026-05-12
元大忠鼎,199.5,50,0,982F,3035,2026-05-12
元大忠鼎,197.0,3000,0,982F,3035,2026-05-12
元大忠鼎,195.0,0,1000,982F,3035,2026-05-12
元大忠鼎,193.5,2000,0,982F,3035,2026-05-12
元大博愛,194.5,1000,6000,982B,3035,2026-05-12
元大六合,210.0,0,100,982C,3035,2026-05-12
元大六合,203.0,0,1000,982C,3035,2026-05-12
元大六合,202.0,100,0,982C,3035,2026-05-12
元大六合,201.0,0,1000,982C,3035,2026-05-12
元大六合,199.0,1185,2089,982C,3035,2026-05-12
元大六合,197.5,1000,0,982C,3035,2026-05-12
元大六合,196.5,10000,1000,982C,3035,2026-05-12
元大六合,207.5,3000,0,982C,3035,2026-05-12
元大四維,191.5,2000,1000,9831,3035,2026-05-12
元大博愛,193.5,3100,2000,982B,3035,2026-05-12
元大博愛,191.5,1000,0,982B,3035,2026-05-12
元大新營,200.0,1000,7000,9825,3035,2026-05-12
元大新營,202.0,1000,2000,9825,3035,2026-05-12
元大新營,207.5,1000,1000,9825,3035,2026-05-12
元大永康,189.0,2000,1000,9829,3035,2026-05-12
元大永康,190.0,1004,0,9829,3035,2026-05-12
元大永康,192.0,100,1000,9829,3035,2026-05-12
元大永康,193.0,200,0,9829,3035,2026-05-12
元大永康,194.0,1055,0,9829,3035,2026-05-12
元大永康,195.0,4100,0,9829,3035,2026-05-12
元大永康,197.0,2000,0,9829,3035,2026-05-12
元大永康,198.0,1000,0,9829,3035,2026-05-12
元大永康,200.0,1000,0,9829,3035,2026-05-12
元大永康,206.5,1000,0,9829,3035,2026-05-12
元大永康,208.5,0,3000,9829,3035,2026-05-12
元大羅東,189.0,3000,0,982A,3035,2026-05-12
元大羅東,190.5,1079,0,982A,3035,2026-05-12
元大羅東,192.0,2000,0,982A,3035,2026-05-12
元大博愛,190.5,0,1000,982B,3035,2026-05-12
元大博愛,189.0,4050,1000,982B,3035,2026-05-12
元大博愛,188.0,50,0,982B,3035,2026-05-12
元大羅東,208.5,1000,0,982A,3035,2026-05-12
元大羅東,207.0,2,0,982A,3035,2026-05-12
元大羅東,206.0,4,0,982A,3035,2026-05-12
元大博愛,192.5,2070,100,982B,3035,2026-05-12
元大羅東,204.0,1000,0,982A,3035,2026-05-12
元大羅東,198.5,3000,0,982A,3035,2026-05-12
元大羅東,197.5,5,0,982A,3035,2026-05-12
元大羅東,196.5,200,0,982A,3035,2026-05-12
元大羅東,195.5,2000,28,982A,3035,2026-05-12
元大羅東,194.5,50,300,982A,3035,2026-05-12
元大羅東,193.0,1100,3000,982A,3035,2026-05-12
元大羅東,200.0,100,0,982A,3035,2026-05-12
元大四維,192.5,1000,2000,9831,3035,2026-05-12
元大四維,194.0,3000,1040,9831,3035,2026-05-12
元大四維,195.0,1010,0,9831,3035,2026-05-12
元大中壢,209.0,1000,9000,9834,3035,2026-05-12
元大中壢,210.0,0,1000,9834,3035,2026-05-12
元大中山,192.0,50,20,9835,3035,2026-05-12
元大中山,193.5,1000,0,9835,3035,2026-05-12
元大中山,196.0,1000,0,9835,3035,2026-05-12
元大中山,197.0,100,0,9835,3035,2026-05-12
元大中山,198.0,100,2000,9835,3035,2026-05-12
元大中山,199.5,10,1000,9835,3035,2026-05-12
元大中山,201.0,100,0,9835,3035,2026-05-12
元大中山,202.0,100,0,9835,3035,2026-05-12
元大中山,203.0,100,100,9835,3035,2026-05-12
元大中山,208.5,1000,0,9835,3035,2026-05-12
元大北港,190.0,1000,0,9837,3035,2026-05-12
元大北港,192.5,200,1000,9837,3035,2026-05-12
元大北港,193.5,1000,1000,9837,3035,2026-05-12
元大北港,194.5,240,0,9837,3035,2026-05-12
元大北港,195.5,2000,0,9837,3035,2026-05-12
元大豐原,195.5,1000,0,9838,3035,2026-05-12
元大豐原,194.5,2000,7000,9838,3035,2026-05-12
元大豐原,193.0,4000,2000,9838,3035,2026-05-12
元大豐原,192.0,300,0,9838,3035,2026-05-12
元大豐原,190.5,81,6000,9838,3035,2026-05-12
元大豐原,189.5,2000,400,9838,3035,2026-05-12
元大中壢,208.0,30,2000,9834,3035,2026-05-12
元大豐原,188.5,1000,0,9838,3035,2026-05-12
元大北港,208.5,0,1000,9837,3035,2026-05-12
元大北港,203.5,0,100,9837,3035,2026-05-12
元大北港,202.5,0,1000,9837,3035,2026-05-12
元大北港,201.0,2000,2000,9837,3035,2026-05-12
元大北港,200.0,0,100,9837,3035,2026-05-12
元大北港,198.5,0,200,9837,3035,2026-05-12
元大北港,209.5,0,1000,9837,3035,2026-05-12
元大中壢,206.0,1000,0,9834,3035,2026-05-12
元大中壢,204.0,1000,1000,9834,3035,2026-05-12
元大中壢,202.5,5000,0,9834,3035,2026-05-12
元大敦化,200.0,2000,0,9833,3035,2026-05-12
元大敦化,198.0,1000,0,9833,3035,2026-05-12
元大敦化,195.5,0,10000,9833,3035,2026-05-12
元大敦化,194.0,1000,0,9833,3035,2026-05-12
元大敦化,192.0,1000,1000,9833,3035,2026-05-12
元大敦化,189.0,0,4000,9833,3035,2026-05-12
元大敦化,203.5,200,0,9833,3035,2026-05-12
元大四維,209.0,0,100,9831,3035,2026-05-12
元大四維,203.5,0,10000,9831,3035,2026-05-12
元大四維,202.5,1000,1000,9831,3035,2026-05-12
元大四維,200.0,0,2000,9831,3035,2026-05-12
元大四維,198.5,37,1000,9831,3035,2026-05-12
元大四維,197.5,100,0,9831,3035,2026-05-12
元大四維,196.5,0,4000,9831,3035,2026-05-12
元大四維,208.0,0,1200,9831,3035,2026-05-12
元大新營,197.5,5000,0,9825,3035,2026-05-12
元大敦化,207.5,10000,0,9833,3035,2026-05-12
元大中壢,187.5,0,10000,9834,3035,2026-05-12
元大中壢,201.5,2,1000,9834,3035,2026-05-12
元大中壢,200.5,0,9000,9834,3035,2026-05-12
元大中壢,199.5,1000,0,9834,3035,2026-05-12
元大中壢,198.5,3000,7000,9834,3035,2026-05-12
元大中壢,197.5,4002,6000,9834,3035,2026-05-12
元大中壢,196.5,1300,6000,9834,3035,2026-05-12
元大敦化,208.5,1000,0,9833,3035,2026-05-12
元大中壢,195.5,1000,6000,9834,3035,2026-05-12
元大中壢,193.5,13300,4350,9834,3035,2026-05-12
元大中壢,192.5,2457,3000,9834,3035,2026-05-12
元大中壢,191.5,1000,5000,9834,3035,2026-05-12
元大中壢,190.5,1000,6000,9834,3035,2026-05-12
元大中壢,189.5,1200,9000,9834,3035,2026-05-12
元大中壢,188.5,1000,3000,9834,3035,2026-05-12
元大中壢,194.5,4455,6000,9834,3035,2026-05-12
元大西螺,195.5,1000,0,981i,3035,2026-05-12
元大西螺,194.0,100,0,981i,3035,2026-05-12
元大西螺,193.0,0,107,981i,3035,2026-05-12
元大斗六,207.5,250,0,980C,3035,2026-05-12
元大斗六,209.0,100,1000,980C,3035,2026-05-12
元大斗六,210.0,0,10,980C,3035,2026-05-12
元大沙鹿,188.0,100,0,980d,3035,2026-05-12
元大沙鹿,189.0,150,3000,980d,3035,2026-05-12
元大沙鹿,190.5,2030,0,980d,3035,2026-05-12
元大沙鹿,192.0,0,2440,980d,3035,2026-05-12
元大沙鹿,193.0,1500,100,980d,3035,2026-05-12
元大沙鹿,194.0,1010,5000,980d,3035,2026-05-12
元大沙鹿,195.0,1091,0,980d,3035,2026-05-12
元大沙鹿,196.0,1000,0,980d,3035,2026-05-12
元大沙鹿,197.0,5000,1000,980d,3035,2026-05-12
元大沙鹿,198.0,50,357,980d,3035,2026-05-12
元大沙鹿,199.0,3010,0,980d,3035,2026-05-12
元大沙鹿,200.0,1400,0,980d,3035,2026-05-12
元大沙鹿,201.0,1050,1000,980d,3035,2026-05-12
元大沙鹿,202.0,1000,1000,980d,3035,2026-05-12
元大北府,203.0,1000,0,980D,3035,2026-05-12
元大北府,200.0,0,1000,980D,3035,2026-05-12
元大北府,198.5,1000,0,980D,3035,2026-05-12
元大北府,197.5,1000,0,980D,3035,2026-05-12
元大北府,196.5,2000,0,980D,3035,2026-05-12
元大北府,195.0,2000,1000,980D,3035,2026-05-12
元大斗六,206.5,0,1000,980C,3035,2026-05-12
元大北府,193.5,0,1000,980D,3035,2026-05-12
元大北府,189.5,2000,1000,980D,3035,2026-05-12
元大沙鹿,210.0,100,0,980d,3035,2026-05-12
元大沙鹿,208.5,2100,0,980d,3035,2026-05-12
元大沙鹿,207.0,1000,1000,980d,3035,2026-05-12
元大沙鹿,205.5,0,6000,980d,3035,2026-05-12
元大沙鹿,204.0,0,1000,980d,3035,2026-05-12
元大北府,191.5,0,1000,980D,3035,2026-05-12
元大北府,207.5,0,200,980D,3035,2026-05-12
元大斗六,204.0,0,3000,980C,3035,2026-05-12
元大斗六,200.5,3000,1000,980C,3035,2026-05-12
元大松江,193.0,4000,3000,9801,3035,2026-05-12
元大松江,194.0,1000,0,9801,3035,2026-05-12
元大松江,196.0,0,11,9801,3035,2026-05-12
元大松江,197.0,1000,0,9801,3035,2026-05-12
元大松江,198.0,0,11000,9801,3035,2026-05-12
元大松江,199.0,0,1000,9801,3035,2026-05-12
元大松江,201.5,1000,0,9801,3035,2026-05-12
元大松江,204.5,0,1000,9801,3035,2026-05-12
元大松江,208.5,260,1000,9801,3035,2026-05-12
元大中北,189.5,51,0,980a,3035,2026-05-12
元大中北,190.5,0,1000,980a,3035,2026-05-12
元大中北,192.5,0,1000,980a,3035,2026-05-12
元大中北,193.5,2000,4000,980a,3035,2026-05-12
元大中北,194.5,5100,1000,980a,3035,2026-05-12
元大中北,195.5,1000,0,980a,3035,2026-05-12
元大中北,197.0,5000,5000,980a,3035,2026-05-12
元大中北,198.0,5,2000,980a,3035,2026-05-12
元大斗六,199.5,2000,0,980C,3035,2026-05-12
元大斗六,198.5,200,0,980C,3035,2026-05-12
元大斗六,197.0,0,600,980C,3035,2026-05-12
元大斗六,196.0,1000,6000,980C,3035,2026-05-12
元大斗六,195.0,1300,0,980C,3035,2026-05-12
元大斗六,194.0,3000,9000,980C,3035,2026-05-12
元大斗六,202.5,1000,3350,980C,3035,2026-05-12
元大斗六,193.0,7100,3000,980C,3035,2026-05-12
元大斗六,190.0,1012,0,980C,3035,2026-05-12
元大斗六,188.5,1015,0,980C,3035,2026-05-12
元大中北,208.5,1000,0,980a,3035,2026-05-12
元大中北,207.0,0,6000,980a,3035,2026-05-12
元大中北,202.0,5000,0,980a,3035,2026-05-12
元大中北,200.5,0,8000,980a,3035,2026-05-12
元大斗六,191.5,4000,2000,980C,3035,2026-05-12
元大松江,192.0,0,6000,9801,3035,2026-05-12
元大北府,208.5,1000,1000,980D,3035,2026-05-12
元大清水,189.0,1000,7000,980e,3035,2026-05-12
元大竹科,198.0,41000,1000,980K,3035,2026-05-12
元大竹科,199.0,3000,2250,980K,3035,2026-05-12
元大竹科,200.0,0,2000,980K,3035,2026-05-12
元大竹科,201.5,5000,0,980K,3035,2026-05-12
元大竹科,202.5,1000,9000,980K,3035,2026-05-12
元大竹科,203.5,2000,2000,980K,3035,2026-05-12
元大竹科,206.0,1000,0,980K,3035,2026-05-12
元大竹科,207.0,1000,0,980K,3035,2026-05-12
元大竹科,208.5,3000,6000,980K,3035,2026-05-12
元大竹科,209.5,250,0,980K,3035,2026-05-12
元大竹科,210.5,1000,0,980K,3035,2026-05-12
元大虎尾,188.5,3000,0,980l,3035,2026-05-12
元大虎尾,189.5,4000,5000,980l,3035,2026-05-12
元大虎尾,191.5,0,1000,980l,3035,2026-05-12
元大虎尾,193.0,500,0,980l,3035,2026-05-12
元大虎尾,194.0,2010,2050,980l,3035,2026-05-12
元大虎尾,195.0,2000,1000,980l,3035,2026-05-12
元大南崁,196.0,100,0,980Q,3035,2026-05-12
元大南崁,195.0,1100,0,980Q,3035,2026-05-12
元大南崁,194.0,2000,0,980Q,3035,2026-05-12
元大南崁,193.0,0,1000,980Q,3035,2026-05-12
元大南崁,192.0,0,1,980Q,3035,2026-05-12
元大南崁,190.0,500,100,980Q,3035,2026-05-12
元大竹科,197.0,1000,2000,980K,3035,2026-05-12
元大南崁,188.5,0,1000,980Q,3035,2026-05-12
元大虎尾,206.5,1000,0,980l,3035,2026-05-12
元大虎尾,202.0,0,2000,980l,3035,2026-05-12
元大虎尾,200.5,0,8000,980l,3035,2026-05-12
元大虎尾,199.5,0,1000,980l,3035,2026-05-12
元大虎尾,197.5,1000,0,980l,3035,2026-05-12
元大虎尾,196.0,150,0,980l,3035,2026-05-12
元大虎尾,208.5,0,1100,980l,3035,2026-05-12
元大清水,188.0,0,5000,980e,3035,2026-05-12
元大竹科,196.0,1000,0,980K,3035,2026-05-12
元大竹科,194.0,11000,1000,980K,3035,2026-05-12
元大清水,190.0,1000,2000,980e,3035,2026-05-12
元大清水,192.5,1000,2000,980e,3035,2026-05-12
元大清水,194.0,4450,1000,980e,3035,2026-05-12
元大清水,195.0,2000,140,980e,3035,2026-05-12
元大清水,197.5,30,0,980e,3035,2026-05-12
元大清水,198.5,0,1000,980e,3035,2026-05-12
元大清水,199.5,1000,2000,980e,3035,2026-05-12
元大清水,203.0,0,5000,980e,3035,2026-05-12
元大清水,207.5,1000,0,980e,3035,2026-05-12
元大清水,208.5,700,0,980e,3035,2026-05-12
元大清水,210.5,0,40,980e,3035,2026-05-12
元大台北,189.0,2030,40000,980h,3035,2026-05-12
元大台北,190.0,5000,1000,980h,3035,2026-05-12
元大台北,191.5,0,1000,980h,3035,2026-05-12
元大台北,193.0,6630,2000,980h,3035,2026-05-12
元大台北,194.0,0,1000,980h,3035,2026-05-12
元大台北,195.5,1030,11000,980h,3035,2026-05-12
元大竹科,193.0,65005,4000,980K,3035,2026-05-12
元大竹科,192.0,1000,3000,980K,3035,2026-05-12
元大竹科,190.5,10,4000,980K,3035,2026-05-12
元大竹科,189.5,2000,5000,980K,3035,2026-05-12
元大台北,210.0,0,2000,980h,3035,2026-05-12
元大台北,209.0,0,5,980h,3035,2026-05-12
元大竹科,195.0,3000,0,980K,3035,2026-05-12
元大台北,208.0,1000,3000,980h,3035,2026-05-12
元大台北,202.5,2000,1005,980h,3035,2026-05-12
元大台北,201.5,1,0,980h,3035,2026-05-12
元大台北,200.0,20,0,980h,3035,2026-05-12
元大台北,199.0,20,4005,980h,3035,2026-05-12
元大台北,197.5,67041,0,980h,3035,2026-05-12
元大台北,196.5,1130,1000,980h,3035,2026-05-12
元大台北,207.0,0,4000,980h,3035,2026-05-12
元大松江,190.5,0,1000,9801,3035,2026-05-12
元大松江,189.0,2000,0,9801,3035,2026-05-12
元大,210.5,6000,1409,9800,3035,2026-05-12
富邦仁愛,208.5,4000,27000,9676,3035,2026-05-12
富邦仁愛,209.5,0,2200,9676,3035,2026-05-12
富邦仁愛,210.5,0,100,9676,3035,2026-05-12
富邦三重,188.5,50,2000,9677,3035,2026-05-12
富邦三重,189.5,200,2200,9677,3035,2026-05-12
富邦三重,191.5,100,0,9677,3035,2026-05-12
富邦三重,192.5,1005,100,9677,3035,2026-05-12
富邦三重,193.5,6150,2090,9677,3035,2026-05-12
富邦三重,194.5,3000,2000,9677,3035,2026-05-12
富邦三重,195.5,1100,0,9677,3035,2026-05-12
富邦三重,196.5,2000,0,9677,3035,2026-05-12
富邦三重,198.5,2000,1000,9677,3035,2026-05-12
富邦三重,199.5,2010,1150,9677,3035,2026-05-12
富邦三重,200.5,1000,100,9677,3035,2026-05-12
富邦三重,202.5,200,0,9677,3035,2026-05-12
富邦三重,203.5,0,200,9677,3035,2026-05-12
富邦三重,206.0,0,1000,9677,3035,2026-05-12
富邦宜蘭,201.0,0,1000,9686,3035,2026-05-12
富邦宜蘭,198.5,100,0,9686,3035,2026-05-12
富邦宜蘭,197.5,500,2000,9686,3035,2026-05-12
富邦宜蘭,195.5,3000,0,9686,3035,2026-05-12
富邦宜蘭,194.5,1000,1000,9686,3035,2026-05-12
富邦宜蘭,193.5,0,1000,9686,3035,2026-05-12
富邦仁愛,207.5,1050,1000,9676,3035,2026-05-12
富邦宜蘭,192.5,0,1000,9686,3035,2026-05-12
富邦宜蘭,190.5,1000,4000,9686,3035,2026-05-12
富邦宜蘭,189.5,0,350,9686,3035,2026-05-12
富邦宜蘭,188.5,2000,0,9686,3035,2026-05-12
富邦宜蘭,187.0,1000,0,9686,3035,2026-05-12
富邦三重,209.5,253,150,9677,3035,2026-05-12
富邦三重,208.0,1088,0,9677,3035,2026-05-12
富邦宜蘭,191.5,100,0,9686,3035,2026-05-12
富邦宜蘭,202.5,2000,1000,9686,3035,2026-05-12
富邦仁愛,206.0,1000,0,9676,3035,2026-05-12
富邦仁愛,203.5,0,8000,9676,3035,2026-05-12
富邦左營,208.0,2000,30,966F,3035,2026-05-12
富邦左營,209.5,0,1000,966F,3035,2026-05-12
富邦員林,189.5,1100,0,9672,3035,2026-05-12
富邦員林,192.5,1000,0,9672,3035,2026-05-12
富邦員林,193.5,1000,3000,9672,3035,2026-05-12
富邦員林,194.5,1450,0,9672,3035,2026-05-12
富邦員林,195.5,1000,0,9672,3035,2026-05-12
富邦員林,197.0,0,1000,9672,3035,2026-05-12
富邦員林,198.0,2000,0,9672,3035,2026-05-12
富邦員林,199.0,1000,0,9672,3035,2026-05-12
富邦員林,201.0,1000,0,9672,3035,2026-05-12
富邦員林,203.0,0,1000,9672,3035,2026-05-12
富邦員林,205.0,0,250,9672,3035,2026-05-12
富邦員林,207.0,1000,0,9672,3035,2026-05-12
富邦員林,208.0,0,2001,9672,3035,2026-05-12
富邦員林,210.0,0,250,9672,3035,2026-05-12
富邦仁愛,188.0,3000,0,9676,3035,2026-05-12
富邦仁愛,202.5,0,2000,9676,3035,2026-05-12
富邦仁愛,201.0,21100,1020,9676,3035,2026-05-12
富邦仁愛,200.0,1500,25050,9676,3035,2026-05-12
富邦仁愛,199.0,2000,0,9676,3035,2026-05-12
富邦仁愛,198.0,3200,5000,9676,3035,2026-05-12
富邦仁愛,197.0,1100,1000,9676,3035,2026-05-12
富邦仁愛,204.5,2000,0,9676,3035,2026-05-12
富邦仁愛,196.0,2000,1100,9676,3035,2026-05-12
富邦仁愛,194.0,2000,5150,9676,3035,2026-05-12
富邦仁愛,193.0,6350,0,9676,3035,2026-05-12
富邦仁愛,192.0,4090,8400,9676,3035,2026-05-12
富邦仁愛,191.0,8020,1000,9676,3035,2026-05-12
富邦仁愛,190.0,3020,2000,9676,3035,2026-05-12
富邦仁愛,189.0,8000,83000,9676,3035,2026-05-12
富邦仁愛,195.0,4600,1000,9676,3035,2026-05-12
富邦宜蘭,203.5,200,1000,9686,3035,2026-05-12
富邦宜蘭,204.5,400,0,9686,3035,2026-05-12
富邦宜蘭,206.5,0,1000,9686,3035,2026-05-12
富邦虎尾,204.0,0,2000,9697,3035,2026-05-12
富邦虎尾,208.0,1000,0,9697,3035,2026-05-12
富邦北港,194.5,3000,0,969C,3035,2026-05-12
富邦北港,198.0,0,1000,969C,3035,2026-05-12
富邦北港,200.0,0,100,969C,3035,2026-05-12
富邦北港,202.0,2000,0,969C,3035,2026-05-12
富邦北港,205.0,0,100,969C,3035,2026-05-12
富邦北港,208.5,1000,0,969C,3035,2026-05-12
元大,187.5,34000,5000,9800,3035,2026-05-12
元大,188.5,159000,185649,9800,3035,2026-05-12
元大,189.5,209100,79015,9800,3035,2026-05-12
元大,190.5,111000,75724,9800,3035,2026-05-12
元大,191.5,177000,31975,9800,3035,2026-05-12
元大,192.5,72000,96013,9800,3035,2026-05-12
元大,193.5,78000,202974,9800,3035,2026-05-12
元大,194.5,139601,229130,9800,3035,2026-05-12
元大,195.5,122472,154483,9800,3035,2026-05-12
元大,209.5,54906,581,9800,3035,2026-05-12
元大,208.5,97000,17992,9800,3035,2026-05-12
元大,207.5,40000,4699,9800,3035,2026-05-12
元大,206.5,14000,32000,9800,3035,2026-05-12
元大,205.5,12000,0,9800,3035,2026-05-12
元大,204.5,17999,43370,9800,3035,2026-05-12
富邦虎尾,201.5,50,1000,9697,3035,2026-05-12
元大,203.5,7000,7985,9800,3035,2026-05-12
元大,201.5,70070,66172,9800,3035,2026-05-12
元大,200.5,96920,23295,9800,3035,2026-05-12
元大,199.5,58000,56230,9800,3035,2026-05-12
元大,198.5,125999,83589,9800,3035,2026-05-12
元大,197.5,67000,69132,9800,3035,2026-05-12
元大,196.5,57000,124058,9800,3035,2026-05-12
元大,202.5,40000,84328,9800,3035,2026-05-12
富邦虎尾,199.0,100,0,9697,3035,2026-05-12
富邦虎尾,197.5,1000,0,9697,3035,2026-05-12
富邦虎尾,196.0,0,5000,9697,3035,2026-05-12
富邦嘉義,200.0,0,1000,9692,3035,2026-05-12
富邦嘉義,199.0,0,70,9692,3035,2026-05-12
富邦嘉義,198.0,3000,1000,9692,3035,2026-05-12
富邦嘉義,196.5,200,2000,9692,3035,2026-05-12
富邦嘉義,195.5,3000,3000,9692,3035,2026-05-12
富邦嘉義,194.5,1,20,9692,3035,2026-05-12
富邦嘉義,201.0,0,20,9692,3035,2026-05-12
富邦嘉義,193.5,1500,1000,9692,3035,2026-05-12
富邦嘉義,191.5,100,2000,9692,3035,2026-05-12
富邦嘉義,190.5,1050,0,9692,3035,2026-05-12
富邦嘉義,189.5,2000,0,9692,3035,2026-05-12
富邦嘉義,188.5,0,1000,9692,3035,2026-05-12
富邦宜蘭,209.5,1000,0,9686,3035,2026-05-12
富邦宜蘭,208.5,0,3000,9686,3035,2026-05-12
富邦嘉義,192.5,4000,2000,9692,3035,2026-05-12
元大南崁,197.5,4000,0,980Q,3035,2026-05-12
富邦嘉義,202.0,0,1000,9692,3035,2026-05-12
富邦嘉義,208.5,1000,10010,9692,3035,2026-05-12
富邦虎尾,195.0,100,0,9697,3035,2026-05-12
富邦虎尾,194.0,3000,0,9697,3035,2026-05-12
富邦虎尾,193.0,1000,0,9697,3035,2026-05-12
富邦虎尾,189.5,50,2000,9697,3035,2026-05-12
富邦新營,209.5,2000,0,9693,3035,2026-05-12
富邦新營,203.0,2000,0,9693,3035,2026-05-12
富邦嘉義,203.5,0,1000,9692,3035,2026-05-12
富邦新營,199.0,30,0,9693,3035,2026-05-12
富邦新營,195.0,0,256,9693,3035,2026-05-12
富邦新營,194.0,100,200,9693,3035,2026-05-12
富邦新營,192.5,1050,0,9693,3035,2026-05-12
富邦新營,191.0,0,200,9693,3035,2026-05-12
富邦新營,189.0,2050,0,9693,3035,2026-05-12
富邦嘉義,210.0,0,1000,9692,3035,2026-05-12
富邦新營,197.0,0,1000,9693,3035,2026-05-12
元大南崁,199.5,80,0,980Q,3035,2026-05-12
元大南崁,202.0,1000,4000,980Q,3035,2026-05-12
元大南崁,203.0,2000,1000,980Q,3035,2026-05-12
元大南投,193.5,3000,0,981D,3035,2026-05-12
元大南投,195.0,1200,0,981D,3035,2026-05-12
元大南投,196.0,0,1010,981D,3035,2026-05-12
元大南投,197.5,1000,0,981D,3035,2026-05-12
元大南投,198.5,34,0,981D,3035,2026-05-12
元大南投,199.5,1000,0,981D,3035,2026-05-12
元大南投,201.5,0,2000,981D,3035,2026-05-12
元大南投,204.5,0,2000,981D,3035,2026-05-12
元大南投,206.0,0,200,981D,3035,2026-05-12
元大南投,207.5,1000,10,981D,3035,2026-05-12
元大南投,208.5,8,1000,981D,3035,2026-05-12
元大南投,210.0,5,0,981D,3035,2026-05-12
元大佳里,188.5,2000,0,981e,3035,2026-05-12
元大佳里,189.5,8000,6000,981e,3035,2026-05-12
元大佳里,191.0,5000,1000,981e,3035,2026-05-12
元大佳里,192.0,1100,0,981e,3035,2026-05-12
元大佳里,193.0,2000,2000,981e,3035,2026-05-12
元大發財,196.5,3000,0,981E,3035,2026-05-12
元大發財,194.0,2000,1000,981E,3035,2026-05-12
元大發財,192.0,3000,2000,981E,3035,2026-05-12
元大發財,189.0,0,1000,981E,3035,2026-05-12
元大佳里,210.5,0,1000,981e,3035,2026-05-12
元大佳里,208.5,0,2000,981e,3035,2026-05-12
元大南投,192.5,0,3000,981D,3035,2026-05-12
元大佳里,202.5,0,1000,981e,3035,2026-05-12
元大佳里,200.5,2000,500,981e,3035,2026-05-12
元大佳里,199.0,3000,0,981e,3035,2026-05-12
元大佳里,198.0,0,1000,981e,3035,2026-05-12
元大佳里,196.5,0,1000,981e,3035,2026-05-12
元大佳里,195.5,2000,0,981e,3035,2026-05-12
元大佳里,194.0,2000,1000,981e,3035,2026-05-12
元大佳里,201.5,0,1000,981e,3035,2026-05-12
元大發財,198.0,2000,1000,981E,3035,2026-05-12
元大南投,191.5,0,3000,981D,3035,2026-05-12
元大南投,189.0,2000,2000,981D,3035,2026-05-12
元大三峽,200.5,0,2000,981A,3035,2026-05-12
元大三峽,202.0,0,4000,981A,3035,2026-05-12
元大三峽,210.0,100,100,981A,3035,2026-05-12
元大竹北,188.5,2000,0,981B,3035,2026-05-12
元大竹北,190.0,1000,1300,981B,3035,2026-05-12
元大竹北,191.5,0,1000,981B,3035,2026-05-12
元大竹北,192.5,1050,2000,981B,3035,2026-05-12
元大竹北,193.5,4000,0,981B,3035,2026-05-12
元大竹北,194.5,3004,1000,981B,3035,2026-05-12
元大竹北,195.5,0,14000,981B,3035,2026-05-12
元大竹北,196.5,1005,0,981B,3035,2026-05-12
元大竹北,197.5,10,1000,981B,3035,2026-05-12
元大竹北,199.0,50,0,981B,3035,2026-05-12
元大竹北,201.0,0,1000,981B,3035,2026-05-12
元大竹北,202.5,0,1000,981B,3035,2026-05-12
元大竹北,204.0,1000,0,981B,3035,2026-05-12
元大竹北,208.0,3,0,981B,3035,2026-05-12
元大南投,188.0,2000,0,981D,3035,2026-05-12
元大路竹,204.5,100,0,981C,3035,2026-05-12
元大路竹,202.5,0,3000,981C,3035,2026-05-12
元大路竹,201.5,0,1000,981C,3035,2026-05-12
元大路竹,200.0,0,4000,981C,3035,2026-05-12
元大路竹,199.0,1150,0,981C,3035,2026-05-12
元大南投,190.0,3110,0,981D,3035,2026-05-12
元大路竹,197.5,0,1000,981C,3035,2026-05-12
元大路竹,195.0,250,0,981C,3035,2026-05-12
元大路竹,194.0,6200,2000,981C,3035,2026-05-12
元大路竹,193.0,5020,2000,981C,3035,2026-05-12
元大路竹,191.5,2000,0,981C,3035,2026-05-12
元大路竹,190.0,50,0,981C,3035,2026-05-12
元大路竹,188.0,20,0,981C,3035,2026-05-12
元大路竹,196.5,0,2000,981C,3035,2026-05-12
元大發財,200.0,1000,1000,981E,3035,2026-05-12
元大發財,201.0,0,1000,981E,3035,2026-05-12
元大發財,206.0,0,1000,981E,3035,2026-05-12
元大大里,209.5,1000,0,981g,3035,2026-05-12
元大彰化,188.0,80,0,981G,3035,2026-05-12
元大彰化,189.5,4005,0,981G,3035,2026-05-12
元大彰化,190.5,1000,0,981G,3035,2026-05-12
元大彰化,192.0,1150,0,981G,3035,2026-05-12
元大彰化,193.5,1000,0,981G,3035,2026-05-12
元大彰化,194.5,7000,0,981G,3035,2026-05-12
元大彰化,195.5,1000,0,981G,3035,2026-05-12
元大彰化,197.0,2000,0,981G,3035,2026-05-12
元大彰化,199.0,0,1000,981G,3035,2026-05-12
元大彰化,200.0,0,1000,981G,3035,2026-05-12
元大彰化,201.5,0,1000,981G,3035,2026-05-12
元大彰化,202.5,0,10,981G,3035,2026-05-12
元大彰化,208.0,10,0,981G,3035,2026-05-12
元大彰化,209.0,1000,0,981G,3035,2026-05-12
元大彰化,210.0,0,2,981G,3035,2026-05-12
元大屏生,189.0,1000,0,981h,3035,2026-05-12
元大西螺,190.0,0,15,981i,3035,2026-05-12
元大西螺,187.5,2000,0,981i,3035,2026-05-12
元大屏生,209.0,1000,100,981h,3035,2026-05-12
元大屏生,208.0,0,1000,981h,3035,2026-05-12
元大屏生,203.0,1050,1000,981h,3035,2026-05-12
元大屏生,202.0,0,1000,981h,3035,2026-05-12
元大大里,208.5,2168,1000,981g,3035,2026-05-12
元大屏生,201.0,0,1000,981h,3035,2026-05-12
元大屏生,198.5,300,2000,981h,3035,2026-05-12
元大屏生,196.5,2000,0,981h,3035,2026-05-12
元大屏生,195.5,1000,0,981h,3035,2026-05-12
元大屏生,193.5,2000,1000,981h,3035,2026-05-12
元大屏生,192.5,50,0,981h,3035,2026-05-12
元大屏生,190.5,1000,0,981h,3035,2026-05-12
元大屏生,200.0,500,1000,981h,3035,2026-05-12
元大大里,207.5,20,0,981g,3035,2026-05-12
元大大里,205.0,0,2000,981g,3035,2026-05-12
元大大里,202.5,1000,3000,981g,3035,2026-05-12
元大福營,201.5,20000,1000,981F,3035,2026-05-12
元大福營,200.5,1000,8000,981F,3035,2026-05-12
元大福營,199.5,6000,6000,981F,3035,2026-05-12
元大福營,198.0,3000,0,981F,3035,2026-05-12
元大福營,197.0,1000,5000,981F,3035,2026-05-12
元大福營,196.0,0,1000,981F,3035,2026-05-12
元大福營,202.5,5000,0,981F,3035,2026-05-12
元大福營,195.0,1000,3100,981F,3035,2026-05-12
元大福營,193.0,7300,3000,981F,3035,2026-05-12
元大福營,192.0,1400,3000,981F,3035,2026-05-12
元大福營,190.0,1000,20,981F,3035,2026-05-12
元大福營,189.0,12000,0,981F,3035,2026-05-12
元大福營,187.5,1000,0,981F,3035,2026-05-12
元大發財,209.5,1000,0,981E,3035,2026-05-12
元大福營,194.0,9270,1030,981F,3035,2026-05-12
元大三峽,195.5,50,0,981A,3035,2026-05-12
元大福營,203.5,0,10,981F,3035,2026-05-12
元大福營,207.0,1000,0,981F,3035,2026-05-12
元大大里,201.5,100,1000,981g,3035,2026-05-12
元大大里,200.5,2000,1050,981g,3035,2026-05-12
元大大里,199.5,30,1002,981g,3035,2026-05-12
元大大里,198.5,17,0,981g,3035,2026-05-12
元大大里,197.5,51,0,981g,3035,2026-05-12
元大大里,196.5,1100,0,981g,3035,2026-05-12
元大福營,204.5,5,0,981F,3035,2026-05-12
元大大里,195.0,31,2000,981g,3035,2026-05-12
元大大里,193.0,2000,0,981g,3035,2026-05-12
元大大里,192.0,26,0,981g,3035,2026-05-12
元大大里,191.0,1000,0,981g,3035,2026-05-12
元大大里,190.0,3000,1068,981g,3035,2026-05-12
元大大里,189.0,48,0,981g,3035,2026-05-12
元大大里,187.5,1000,0,981g,3035,2026-05-12
元大大里,194.0,3031,1000,981g,3035,2026-05-12
富邦左營,204.5,0,1000,966F,3035,2026-05-12
元大三峽,190.5,1000,1000,981A,3035,2026-05-12
元大三峽,188.0,1030,0,981A,3035,2026-05-12
元大西屯,199.5,0,1000,980w,3035,2026-05-12
元大西屯,200.5,12000,1000,980w,3035,2026-05-12
元大西屯,202.0,6000,0,980w,3035,2026-05-12
元大西屯,204.0,1000,0,980w,3035,2026-05-12
元大西屯,205.0,0,1259,980w,3035,2026-05-12
元大西屯,210.0,1000,249,980w,3035,2026-05-12
元大台中,188.5,1010,0,9812,3035,2026-05-12
元大台中,189.5,0,300,9812,3035,2026-05-12
元大台中,190.5,0,1000,9812,3035,2026-05-12
元大台中,191.5,5000,0,9812,3035,2026-05-12
元大台中,193.0,0,1000,9812,3035,2026-05-12
元大台中,194.0,1500,0,9812,3035,2026-05-12
元大台中,195.0,100,0,9812,3035,2026-05-12
元大台中,197.0,0,1000,9812,3035,2026-05-12
元大台中,198.0,100,10000,9812,3035,2026-05-12
元大台中,199.0,100,1000,9812,3035,2026-05-12
元大台中,200.5,2000,50,9812,3035,2026-05-12
元大大益,190.0,100,0,9814,3035,2026-05-12
元大大益,189.0,3000,0,9814,3035,2026-05-12
元大大益,188.0,1100,0,9814,3035,2026-05-12
元大中崙,208.5,1000,0,9813,3035,2026-05-12
元大中崙,200.5,0,8000,9813,3035,2026-05-12
元大中崙,199.5,0,10,9813,3035,2026-05-12
元大西屯,198.5,1000,1000,980w,3035,2026-05-12
元大中崙,195.0,1000,1000,9813,3035,2026-05-12
元大中崙,189.0,3000,500,9813,3035,2026-05-12
元大中崙,188.0,0,2000,9813,3035,2026-05-12
元大台中,208.5,1000,8000,9812,3035,2026-05-12
元大台中,207.0,2000,0,9812,3035,2026-05-12
元大台中,203.0,0,1000,9812,3035,2026-05-12
元大台中,201.5,1000,0,9812,3035,2026-05-12
元大中崙,193.5,0,2000,9813,3035,2026-05-12
元大大益,191.5,0,1000,9814,3035,2026-05-12
元大西屯,197.5,2000,0,980w,3035,2026-05-12
元大西屯,195.0,1000,0,980w,3035,2026-05-12
元大南崁,207.5,0,1000,980Q,3035,2026-05-12
元大南崁,209.5,200,0,980Q,3035,2026-05-12
元大南海,187.0,0,1000,980R,3035,2026-05-12
元大南海,189.5,100,0,980R,3035,2026-05-12
元大南海,190.5,20,0,980R,3035,2026-05-12
元大南海,192.5,3170,4000,980R,3035,2026-05-12
元大南海,193.5,1000,5000,980R,3035,2026-05-12
元大南海,196.0,20,0,980R,3035,2026-05-12
元大南海,197.5,1100,0,980R,3035,2026-05-12
元大南海,199.0,0,1000,980R,3035,2026-05-12
元大南海,200.5,2000,100,980R,3035,2026-05-12
元大南海,202.0,100,1000,980R,3035,2026-05-12
元大南海,204.5,0,1000,980R,3035,2026-05-12
元大南海,206.0,100,0,980R,3035,2026-05-12
元大南海,210.0,500,1000,980R,3035,2026-05-12
元大府城,189.0,500,0,980u,3035,2026-05-12
元大府城,192.0,1100,1000,980u,3035,2026-05-12
元大西屯,194.0,1050,2001,980w,3035,2026-05-12
元大西屯,193.0,0,3000,980w,3035,2026-05-12
元大西屯,192.0,1020,200,980w,3035,2026-05-12
元大西屯,191.0,11000,0,980w,3035,2026-05-12
元大西屯,190.0,12600,7000,980w,3035,2026-05-12
元大西屯,189.0,3000,0,980w,3035,2026-05-12
元大西屯,196.0,200,0,980w,3035,2026-05-12
元大府城,208.5,1000,328,980u,3035,2026-05-12
元大府城,200.0,50,3000,980u,3035,2026-05-12
元大府城,198.5,2000,1000,980u,3035,2026-05-12
元大府城,197.5,1000,0,980u,3035,2026-05-12
元大府城,195.5,1000,0,980u,3035,2026-05-12
元大府城,194.5,1000,0,980u,3035,2026-05-12
元大府城,193.5,2000,0,980u,3035,2026-05-12
元大府城,203.5,1000,0,980u,3035,2026-05-12
元大大益,192.5,0,1006,9814,3035,2026-05-12
元大大益,193.5,0,1000,9814,3035,2026-05-12
元大大益,194.5,1000,0,9814,3035,2026-05-12
元大新竹,207.0,1000,0,9816,3035,2026-05-12
元大新竹,208.0,1010,0,9816,3035,2026-05-12
元大新竹,209.0,10,0,9816,3035,2026-05-12
元大新竹,210.0,0,100,9816,3035,2026-05-12
元大東泰,190.0,2000,0,9817,3035,2026-05-12
元大東泰,193.0,1000,0,9817,3035,2026-05-12
元大東泰,194.0,5000,0,9817,3035,2026-05-12
元大東泰,195.0,200,0,9817,3035,2026-05-12
元大東泰,197.5,0,100,9817,3035,2026-05-12
元大東泰,198.5,1000,0,9817,3035,2026-05-12
元大東泰,201.5,2000,0,9817,3035,2026-05-12
元大東泰,202.5,1000,0,9817,3035,2026-05-12
元大東泰,204.0,0,2000,9817,3035,2026-05-12
元大東泰,209.0,0,3000,9817,3035,2026-05-12
元大東泰,210.0,2000,3000,9817,3035,2026-05-12
元大歸仁,189.5,100,1000,981a,3035,2026-05-12
元大歸仁,192.0,20,0,981a,3035,2026-05-12
元大歸仁,210.0,30,3000,981a,3035,2026-05-12
元大歸仁,209.0,10,2000,981a,3035,2026-05-12
元大歸仁,206.5,1000,1000,981a,3035,2026-05-12
元大歸仁,205.0,1000,0,981a,3035,2026-05-12
元大歸仁,203.5,0,1000,981a,3035,2026-05-12
元大歸仁,202.5,1000,0,981a,3035,2026-05-12
元大新竹,202.0,39,0,9816,3035,2026-05-12
元大歸仁,201.5,0,1000,981a,3035,2026-05-12
元大歸仁,199.5,0,1000,981a,3035,2026-05-12
元大歸仁,198.5,1000,2000,981a,3035,2026-05-12
元大歸仁,197.5,2020,0,981a,3035,2026-05-12
元大歸仁,196.0,0,5000,981a,3035,2026-05-12
元大歸仁,194.5,1000,1000,981a,3035,2026-05-12
元大歸仁,193.5,1000,10,981a,3035,2026-05-12
元大歸仁,200.5,0,300,981a,3035,2026-05-12
元大新竹,200.5,11000,0,9816,3035,2026-05-12
元大新竹,199.0,1008,2000,9816,3035,2026-05-12
元大新竹,197.5,1000,0,9816,3035,2026-05-12
元大大灣,194.5,110,1010,9815,3035,2026-05-12
元大大灣,192.5,3000,0,9815,3035,2026-05-12
元大大灣,191.0,2000,0,9815,3035,2026-05-12
元大大灣,190.0,3004,0,9815,3035,2026-05-12
元大大灣,189.0,1000,2000,9815,3035,2026-05-12
元大大灣,188.0,2000,0,9815,3035,2026-05-12
元大大灣,195.5,1000,2000,9815,3035,2026-05-12
元大大益,210.0,50,0,9814,3035,2026-05-12
元大大益,204.0,0,1,9814,3035,2026-05-12
元大大益,201.5,1000,2000,9814,3035,2026-05-12
元大大益,200.0,0,1000,9814,3035,2026-05-12
元大大益,199.0,0,1000,9814,3035,2026-05-12
元大大益,197.5,0,1005,9814,3035,2026-05-12
元大大益,195.5,2000,0,9814,3035,2026-05-12
元大大益,208.0,300,1020,9814,3035,2026-05-12
元大三峽,189.5,30,0,981A,3035,2026-05-12
元大大灣,197.0,20,0,9815,3035,2026-05-12
元大大灣,199.5,1120,13000,9815,3035,2026-05-12
元大新竹,195.5,1000,0,9816,3035,2026-05-12
元大新竹,194.5,1003,720,9816,3035,2026-05-12
元大新竹,193.5,1000,0,9816,3035,2026-05-12
元大新竹,192.0,1000,2,9816,3035,2026-05-12
元大新竹,191.0,0,4000,9816,3035,2026-05-12
元大新竹,189.0,1000,0,9816,3035,2026-05-12
元大大灣,198.5,200,0,9815,3035,2026-05-12
元大新竹,188.0,100,0,9816,3035,2026-05-12
元大大灣,208.5,2000,0,9815,3035,2026-05-12
元大大灣,207.5,1000,0,9815,3035,2026-05-12
元大大灣,206.0,2000,1000,9815,3035,2026-05-12
元大大灣,203.5,1000,0,9815,3035,2026-05-12
元大大灣,202.5,21,1058,9815,3035,2026-05-12
元大大灣,200.5,3000,0,9815,3035,2026-05-12
元大大灣,210.0,5,4000,9815,3035,2026-05-12
合庫,189.0,1160,3000,1020,3035,2026-05-12
元大敦化,197.5,25,0,9833,3035,2026-05-12
台新安南,208.0,850,0,9B2Z,3035,2026-05-12
玉山大里,203.0,1000,0,884J,3035,2026-05-12
玉山大里,204.5,1000,0,884J,3035,2026-05-12
玉山大里,206.0,0,1000,884J,3035,2026-05-12
玉山大里,208.0,5001,2000,884J,3035,2026-05-12
玉山大里,209.5,70,0,884J,3035,2026-05-12
玉山數位,187.5,5,0,884M,3035,2026-05-12
玉山數位,188.5,5,0,884M,3035,2026-05-12
玉山數位,189.5,100,0,884M,3035,2026-05-12
玉山數位,190.5,1006,25,884M,3035,2026-05-12
玉山數位,191.5,1000,0,884M,3035,2026-05-12
玉山數位,192.5,0,1000,884M,3035,2026-05-12
玉山數位,193.5,2600,1705,884M,3035,2026-05-12
玉山數位,194.5,100,0,884M,3035,2026-05-12
玉山數位,195.5,1000,50,884M,3035,2026-05-12
玉山數位,197.0,5,0,884M,3035,2026-05-12
玉山數位,198.5,20,0,884M,3035,2026-05-12
玉山數位,200.0,0,100,884M,3035,2026-05-12
國泰綜合,196.5,0,1000,8880,3035,2026-05-12
國泰綜合,195.0,11003,0,8880,3035,2026-05-12
國泰綜合,193.5,7100,0,8880,3035,2026-05-12
國泰綜合,192.5,6000,0,8880,3035,2026-05-12
國泰綜合,191.5,0,14000,8880,3035,2026-05-12
國泰綜合,190.5,3000,1000,8880,3035,2026-05-12
玉山大里,202.0,0,6000,884J,3035,2026-05-12
國泰綜合,189.5,1000,4000,8880,3035,2026-05-12
玉山數位,210.0,600,1,884M,3035,2026-05-12
玉山數位,207.5,1000,0,884M,3035,2026-05-12
玉山數位,205.0,0,150,884M,3035,2026-05-12
玉山數位,204.0,1000,0,884M,3035,2026-05-12
玉山數位,202.5,1010,0,884M,3035,2026-05-12
玉山數位,201.0,1300,0,884M,3035,2026-05-12
國泰綜合,188.5,0,5000,8880,3035,2026-05-12
國泰綜合,199.0,1000,0,8880,3035,2026-05-12
玉山大里,200.5,0,1025,884J,3035,2026-05-12
玉山大里,197.5,5000,20,884J,3035,2026-05-12
玉山桃園,197.0,1000,1130,884F,3035,2026-05-12
玉山桃園,198.5,3000,2000,884F,3035,2026-05-12
玉山桃園,200.0,0,9000,884F,3035,2026-05-12
玉山桃園,201.0,2000,0,884F,3035,2026-05-12
玉山桃園,202.5,11000,5300,884F,3035,2026-05-12
玉山桃園,203.5,0,1000,884F,3035,2026-05-12
玉山桃園,206.0,2000,0,884F,3035,2026-05-12
玉山桃園,208.0,0,1000,884F,3035,2026-05-12
玉山桃園,210.0,0,20,884F,3035,2026-05-12
玉山新竹,189.0,11000,0,884H,3035,2026-05-12
玉山新竹,190.0,1000,1000,884H,3035,2026-05-12
玉山新竹,191.0,1000,100,884H,3035,2026-05-12
玉山新竹,192.0,0,12000,884H,3035,2026-05-12
玉山新竹,193.0,1100,150,884H,3035,2026-05-12
玉山新竹,194.0,2000,1330,884H,3035,2026-05-12
玉山新竹,195.0,1000,0,884H,3035,2026-05-12
玉山新竹,196.0,1000,100,884H,3035,2026-05-12
玉山大里,195.0,3026,2,884J,3035,2026-05-12
玉山大里,194.0,1100,2001,884J,3035,2026-05-12
玉山大里,193.0,300,0,884J,3035,2026-05-12
玉山大里,190.5,1000,0,884J,3035,2026-05-12
玉山大里,189.5,17,0,884J,3035,2026-05-12
玉山大里,188.5,0,1000,884J,3035,2026-05-12
玉山大里,199.0,1,10,884J,3035,2026-05-12
玉山新竹,210.0,0,20,884H,3035,2026-05-12
玉山新竹,204.5,0,1000,884H,3035,2026-05-12
玉山新竹,202.5,1000,0,884H,3035,2026-05-12
玉山新竹,201.0,1000,0,884H,3035,2026-05-12
玉山新竹,200.0,1000,1000,884H,3035,2026-05-12
玉山新竹,198.5,1000,100,884H,3035,2026-05-12
玉山新竹,197.0,0,1000,884H,3035,2026-05-12
玉山新竹,208.5,100,0,884H,3035,2026-05-12
玉山桃園,196.0,0,3000,884F,3035,2026-05-12
國泰綜合,201.0,24000,0,8880,3035,2026-05-12
國泰綜合,203.0,6000,0,8880,3035,2026-05-12
國泰台中,196.0,4510,5000,8882,3035,2026-05-12
國泰台中,197.0,1203,4000,8882,3035,2026-05-12
國泰台中,198.0,6713,2000,8882,3035,2026-05-12
國泰台中,199.0,5000,4010,8882,3035,2026-05-12
國泰台中,200.0,2000,2000,8882,3035,2026-05-12
國泰台中,201.0,9500,12024,8882,3035,2026-05-12
國泰台中,202.0,1105,3000,8882,3035,2026-05-12
國泰台中,203.0,2210,5000,8882,3035,2026-05-12
國泰台中,204.0,1000,3050,8882,3035,2026-05-12
國泰台中,205.0,0,2139,8882,3035,2026-05-12
國泰台中,206.0,1000,1000,8882,3035,2026-05-12
國泰台中,207.0,0,23010,8882,3035,2026-05-12
國泰台中,208.0,4070,3050,8882,3035,2026-05-12
國泰台中,209.0,1050,2050,8882,3035,2026-05-12
國泰台中,210.0,3210,70,8882,3035,2026-05-12
國泰松江,188.5,1010,23000,8883,3035,2026-05-12
國泰松江,189.5,3050,9,8883,3035,2026-05-12
國泰松江,206.5,24,0,8883,3035,2026-05-12
國泰松江,205.5,24,0,8883,3035,2026-05-12
國泰松江,204.5,146,0,8883,3035,2026-05-12
國泰松江,203.0,1000,0,8883,3035,2026-05-12
國泰松江,202.0,0,100,8883,3035,2026-05-12
國泰松江,200.5,24000,2100,8883,3035,2026-05-12
國泰台中,195.0,6595,2149,8882,3035,2026-05-12
國泰松江,199.5,2000,1000,8883,3035,2026-05-12
國泰松江,197.5,1000,0,8883,3035,2026-05-12
國泰松江,196.0,0,30,8883,3035,2026-05-12
國泰松江,194.5,2000,2000,8883,3035,2026-05-12
國泰松江,193.5,3035,0,8883,3035,2026-05-12
國泰松江,192.0,1300,2420,8883,3035,2026-05-12
國泰松江,190.5,0,50,8883,3035,2026-05-12
國泰松江,198.5,0,3000,8883,3035,2026-05-12
國泰綜合,202.0,4000,1000,8880,3035,2026-05-12
國泰台中,194.0,11450,8000,8882,3035,2026-05-12
國泰台中,192.0,13540,4100,8882,3035,2026-05-12
國泰綜合,204.0,38000,0,8880,3035,2026-05-12
國泰綜合,205.5,4000,0,8880,3035,2026-05-12
國泰綜合,206.5,0,1000,8880,3035,2026-05-12
國泰綜合,207.5,0,1000,8880,3035,2026-05-12
國泰綜合,208.5,1000,1000,8880,3035,2026-05-12
國泰綜合,209.5,4000,0,8880,3035,2026-05-12
國泰綜合,210.5,4000,0,8880,3035,2026-05-12
國泰高雄,188.5,6000,2000,8881,3035,2026-05-12
國泰高雄,189.5,3210,3000,8881,3035,2026-05-12
國泰高雄,190.5,1010,0,8881,3035,2026-05-12
國泰高雄,192.0,1705,4000,8881,3035,2026-05-12
國泰高雄,193.0,3113,6080,8881,3035,2026-05-12
國泰高雄,194.0,6000,3000,8881,3035,2026-05-12
國泰高雄,195.0,3603,0,8881,3035,2026-05-12
國泰高雄,196.0,3000,0,8881,3035,2026-05-12
國泰高雄,197.0,100,9000,8881,3035,2026-05-12
國泰高雄,198.0,2100,3000,8881,3035,2026-05-12
國泰台中,191.0,1050,6000,8882,3035,2026-05-12
國泰台中,190.0,13420,1075,8882,3035,2026-05-12
國泰台中,189.0,6150,10600,8882,3035,2026-05-12
國泰台中,188.0,1643,0,8882,3035,2026-05-12
國泰台中,187.0,0,5000,8882,3035,2026-05-12
國泰高雄,209.5,1000,6000,8881,3035,2026-05-12
國泰台中,193.0,11870,6100,8882,3035,2026-05-12
國泰高雄,208.5,2000,6000,8881,3035,2026-05-12
國泰高雄,206.5,2000,0,8881,3035,2026-05-12
國泰高雄,203.0,1100,0,8881,3035,2026-05-12
國泰高雄,202.0,3000,5000,8881,3035,2026-05-12
國泰高雄,201.0,0,2000,8881,3035,2026-05-12
國泰高雄,200.0,1000,0,8881,3035,2026-05-12
國泰高雄,199.0,1100,0,8881,3035,2026-05-12
國泰高雄,207.5,400,1000,8881,3035,2026-05-12
玉山桃園,195.0,211,0,884F,3035,2026-05-12
玉山桃園,194.0,2011,3000,884F,3035,2026-05-12
玉山桃園,193.0,2100,0,884F,3035,2026-05-12
玉山嘉義,189.0,4010,0,8848,3035,2026-05-12
玉山嘉義,190.5,70,5,8848,3035,2026-05-12
玉山嘉義,192.0,600,1005,8848,3035,2026-05-12
玉山嘉義,193.0,100,0,8848,3035,2026-05-12
玉山嘉義,194.0,1000,1000,8848,3035,2026-05-12
玉山嘉義,195.0,410,0,8848,3035,2026-05-12
玉山嘉義,200.0,0,1000,8848,3035,2026-05-12
玉山嘉義,201.5,3000,20,8848,3035,2026-05-12
玉山嘉義,202.5,5000,1000,8848,3035,2026-05-12
玉山嘉義,208.0,5000,0,8848,3035,2026-05-12
玉山嘉義,210.0,0,2080,8848,3035,2026-05-12
玉山景美,189.0,2160,0,8849,3035,2026-05-12
玉山景美,190.5,1000,0,8849,3035,2026-05-12
玉山景美,192.0,1500,1000,8849,3035,2026-05-12
玉山景美,193.0,2000,150,8849,3035,2026-05-12
玉山景美,194.0,1000,15000,8849,3035,2026-05-12
玉山景美,195.0,401,0,8849,3035,2026-05-12
玉山士林,194.5,7000,5000,884A,3035,2026-05-12
玉山士林,193.5,2000,0,884A,3035,2026-05-12
玉山士林,192.5,2000,0,884A,3035,2026-05-12
玉山士林,191.5,7000,0,884A,3035,2026-05-12
玉山士林,189.5,9000,10000,884A,3035,2026-05-12
玉山士林,188.5,12000,0,884A,3035,2026-05-12
玉山台南,208.5,0,1000,8847,3035,2026-05-12
玉山景美,209.5,100,0,8849,3035,2026-05-12
玉山景美,207.0,1000,0,8849,3035,2026-05-12
玉山景美,205.0,0,1,8849,3035,2026-05-12
玉山景美,202.0,1000,1000,8849,3035,2026-05-12
玉山景美,199.0,0,1000,8849,3035,2026-05-12
玉山景美,198.0,2000,0,8849,3035,2026-05-12
玉山景美,196.5,1000,0,8849,3035,2026-05-12
玉山景美,208.5,1000,0,8849,3035,2026-05-12
玉山士林,197.0,5000,2000,884A,3035,2026-05-12
玉山台南,206.5,1000,0,8847,3035,2026-05-12
玉山台南,204.0,1000,0,8847,3035,2026-05-12
玉山高雄,209.5,20,0,8843,3035,2026-05-12
玉山板橋,188.5,1200,0,8846,3035,2026-05-12
玉山板橋,189.5,0,3000,8846,3035,2026-05-12
玉山板橋,191.0,2000,1000,8846,3035,2026-05-12
玉山板橋,192.5,1000,2000,8846,3035,2026-05-12
玉山板橋,193.5,200,2000,8846,3035,2026-05-12
玉山板橋,194.5,200,2000,8846,3035,2026-05-12
玉山板橋,195.5,3000,0,8846,3035,2026-05-12
玉山板橋,196.5,13000,0,8846,3035,2026-05-12
玉山板橋,198.0,5,1000,8846,3035,2026-05-12
玉山板橋,199.0,1000,500,8846,3035,2026-05-12
玉山板橋,200.0,1000,1000,8846,3035,2026-05-12
玉山板橋,201.0,0,3000,8846,3035,2026-05-12
玉山板橋,202.5,200,10000,8846,3035,2026-05-12
玉山板橋,204.5,0,1000,8846,3035,2026-05-12
玉山板橋,207.0,1000,0,8846,3035,2026-05-12
玉山板橋,208.0,0,1000,8846,3035,2026-05-12
玉山台南,202.5,1000,0,8847,3035,2026-05-12
玉山台南,200.0,0,2190,8847,3035,2026-05-12
玉山台南,199.0,1000,22000,8847,3035,2026-05-12
玉山台南,198.0,11000,1000,8847,3035,2026-05-12
玉山台南,197.0,0,1000,8847,3035,2026-05-12
玉山台南,195.5,2000,28000,8847,3035,2026-05-12
玉山台南,205.0,0,50,8847,3035,2026-05-12
玉山台南,194.5,5120,0,8847,3035,2026-05-12
玉山台南,192.5,3200,1000,8847,3035,2026-05-12
玉山台南,191.5,0,7000,8847,3035,2026-05-12
玉山台南,190.0,4000,2050,8847,3035,2026-05-12
玉山台南,189.0,3000,10100,8847,3035,2026-05-12
玉山台南,188.0,1011,0,8847,3035,2026-05-12
玉山板橋,209.5,0,100,8846,3035,2026-05-12
玉山台南,193.5,500,0,8847,3035,2026-05-12
玉山士林,198.5,1000,1000,884A,3035,2026-05-12
玉山士林,200.0,0,1000,884A,3035,2026-05-12
玉山士林,204.0,0,1000,884A,3035,2026-05-12
玉山左營,195.5,1000,0,884D,3035,2026-05-12
玉山左營,197.0,1000,1000,884D,3035,2026-05-12
玉山左營,198.0,0,1000,884D,3035,2026-05-12
玉山左營,199.0,1000,1000,884D,3035,2026-05-12
玉山左營,200.5,1000,0,884D,3035,2026-05-12
玉山左營,202.5,3100,2000,884D,3035,2026-05-12
玉山左營,203.5,0,3000,884D,3035,2026-05-12
玉山左營,208.0,1000,0,884D,3035,2026-05-12
玉山城中,187.5,0,5000,884E,3035,2026-05-12
玉山城中,189.0,7010,0,884E,3035,2026-05-12
玉山城中,190.0,8000,0,884E,3035,2026-05-12
玉山城中,191.0,4000,1000,884E,3035,2026-05-12
玉山城中,192.0,5000,1000,884E,3035,2026-05-12
玉山城中,193.0,2000,2000,884E,3035,2026-05-12
玉山城中,194.0,6000,11000,884E,3035,2026-05-12
玉山城中,195.0,1000,4400,884E,3035,2026-05-12
玉山城中,196.0,2000,0,884E,3035,2026-05-12
玉山桃園,192.0,35,0,884F,3035,2026-05-12
玉山桃園,190.5,1000,0,884F,3035,2026-05-12
玉山桃園,189.5,220,13999,884F,3035,2026-05-12
玉山桃園,188.5,0,5000,884F,3035,2026-05-12
玉山城中,210.0,1000,1000,884E,3035,2026-05-12
玉山城中,209.0,2000,0,884E,3035,2026-05-12
玉山左營,194.5,2000,0,884D,3035,2026-05-12
玉山城中,208.0,2000,0,884E,3035,2026-05-12
玉山城中,204.0,1000,0,884E,3035,2026-05-12
玉山城中,203.0,0,1000,884E,3035,2026-05-12
玉山城中,201.5,5000,0,884E,3035,2026-05-12
玉山城中,200.5,14000,0,884E,3035,2026-05-12
玉山城中,198.0,1000,0,884E,3035,2026-05-12
玉山城中,197.0,0,7000,884E,3035,2026-05-12
玉山城中,206.0,2,0,884E,3035,2026-05-12
玉山左營,193.5,2000,0,884D,3035,2026-05-12
玉山左營,192.5,600,2000,884D,3035,2026-05-12
玉山左營,191.5,1000,0,884D,3035,2026-05-12
玉山台中,200.5,1000,1000,884B,3035,2026-05-12
玉山台中,199.5,1,0,884B,3035,2026-05-12
玉山台中,198.5,1000,0,884B,3035,2026-05-12
玉山台中,197.5,10,0,884B,3035,2026-05-12
玉山台中,196.0,4000,0,884B,3035,2026-05-12
玉山台中,195.0,1096,0,884B,3035,2026-05-12
玉山台中,201.5,0,2100,884B,3035,2026-05-12
玉山台中,194.0,1000,0,884B,3035,2026-05-12
玉山台中,192.0,1000,2000,884B,3035,2026-05-12
玉山台中,190.5,24,0,884B,3035,2026-05-12
玉山台中,189.5,0,3000,884B,3035,2026-05-12
玉山台中,188.0,1000,1000,884B,3035,2026-05-12
玉山士林,210.0,2000,0,884A,3035,2026-05-12
玉山士林,209.0,100,150,884A,3035,2026-05-12
玉山台中,193.0,5060,6000,884B,3035,2026-05-12
國泰松江,208.0,0,2000,8883,3035,2026-05-12
玉山台中,207.0,0,200,884B,3035,2026-05-12
玉山台中,209.5,0,10,884B,3035,2026-05-12
玉山左營,190.5,1050,0,884D,3035,2026-05-12
玉山左營,189.5,1000,1000,884D,3035,2026-05-12
玉山左營,188.5,1000,1000,884D,3035,2026-05-12
玉山左營,187.5,1000,0,884D,3035,2026-05-12
玉山信義,210.0,0,1000,884C,3035,2026-05-12
玉山信義,203.0,0,10000,884C,3035,2026-05-12
玉山台中,208.5,1021,3000,884B,3035,2026-05-12
玉山信義,202.0,0,1000,884C,3035,2026-05-12
玉山信義,196.5,1000,0,884C,3035,2026-05-12
玉山信義,195.5,0,3000,884C,3035,2026-05-12
玉山信義,194.0,2020,0,884C,3035,2026-05-12
玉山信義,193.0,0,2000,884C,3035,2026-05-12
玉山信義,191.5,0,2000,884C,3035,2026-05-12
玉山信義,187.0,1000,0,884C,3035,2026-05-12
玉山信義,200.0,1000,1000,884C,3035,2026-05-12
玉山高雄,208.5,335,5000,8843,3035,2026-05-12
國泰松江,209.5,0,1000,8883,3035,2026-05-12
國泰台南,189.0,3200,2100,8884,3035,2026-05-12
群益敦南,203.0,0,1000,9101,3035,2026-05-12
群益敦南,207.5,0,2000,9101,3035,2026-05-12
群益敦南,208.5,1000,2000,9101,3035,2026-05-12
群益敦南,210.0,1000,0,9101,3035,2026-05-12
群益松山,192.5,0,2000,9103,3035,2026-05-12
群益松山,194.0,0,1000,9103,3035,2026-05-12
群益松山,204.0,0,1000,9103,3035,2026-05-12
群益松山,208.5,1000,0,9103,3035,2026-05-12
群益松山,210.5,200,0,9103,3035,2026-05-12
群益高盛,190.5,0,1500,9105,3035,2026-05-12
群益高盛,193.5,3000,1000,9105,3035,2026-05-12
群益高盛,194.5,50,0,9105,3035,2026-05-12
群益高盛,196.0,0,2000,9105,3035,2026-05-12
群益高盛,199.0,1000,0,9105,3035,2026-05-12
群益高盛,200.5,0,150,9105,3035,2026-05-12
群益高盛,202.5,1000,1100,9105,3035,2026-05-12
群益高盛,207.5,40,1040,9105,3035,2026-05-12
群益市府,189.5,100,0,910D,3035,2026-05-12
群益市府,188.0,100,0,910D,3035,2026-05-12
群益海山,204.5,0,3000,9108,3035,2026-05-12
群益海山,202.5,0,5000,9108,3035,2026-05-12
群益海山,200.5,1000,0,9108,3035,2026-05-12
群益海山,199.5,0,6000,9108,3035,2026-05-12
群益敦南,198.5,100,0,9101,3035,2026-05-12
群益海山,198.0,1000,1000,9108,3035,2026-05-12
群益海山,195.0,1000,0,9108,3035,2026-05-12
群益海山,194.0,6100,1000,9108,3035,2026-05-12
群益海山,192.5,4000,1000,9108,3035,2026-05-12
群益海山,191.5,1000,0,9108,3035,2026-05-12
群益海山,189.0,1000,0,9108,3035,2026-05-12
群益高盛,209.0,0,1000,9105,3035,2026-05-12
群益海山,196.0,3000,1000,9108,3035,2026-05-12
群益市府,192.0,0,1000,910D,3035,2026-05-12
群益敦南,195.5,1000,0,9101,3035,2026-05-12
群益敦南,193.0,1060,0,9101,3035,2026-05-12
國泰板橋,209.5,0,5,888K,3035,2026-05-12
國泰新竹,190.0,62,0,888N,3035,2026-05-12
國泰新竹,195.0,10,0,888N,3035,2026-05-12
國泰新竹,204.5,50,0,888N,3035,2026-05-12
法銀巴黎,204.0,8000,0,8900,3035,2026-05-12
群益,188.5,3000,1000,9100,3035,2026-05-12
群益,189.5,2030,0,9100,3035,2026-05-12
群益,190.5,3000,2000,9100,3035,2026-05-12
群益,191.5,21000,6000,9100,3035,2026-05-12
群益,192.5,14180,8000,9100,3035,2026-05-12
群益,193.5,29050,7000,9100,3035,2026-05-12
群益,194.5,36000,43000,9100,3035,2026-05-12
群益,195.5,1000,37000,9100,3035,2026-05-12
群益,196.5,2000,13000,9100,3035,2026-05-12
群益,197.5,14000,20000,9100,3035,2026-05-12
群益,198.5,19000,4000,9100,3035,2026-05-12
群益,199.5,29000,2000,9100,3035,2026-05-12
群益敦南,192.0,2000,9000,9101,3035,2026-05-12
群益敦南,190.0,2000,0,9101,3035,2026-05-12
群益敦南,189.0,3000,0,9101,3035,2026-05-12
群益,210.5,2000,0,9100,3035,2026-05-12
群益,209.5,2000,4000,9100,3035,2026-05-12
群益,208.5,29000,0,9100,3035,2026-05-12
群益敦南,194.0,1000,0,9101,3035,2026-05-12
群益,207.5,1000,0,9100,3035,2026-05-12
群益,205.5,4000,0,9100,3035,2026-05-12
群益,204.5,2000,0,9100,3035,2026-05-12
群益,203.5,17000,1000,9100,3035,2026-05-12
群益,202.5,36000,5000,9100,3035,2026-05-12
群益,201.5,1000,50,9100,3035,2026-05-12
群益,200.5,62000,4050,9100,3035,2026-05-12
群益,206.5,4000,0,9100,3035,2026-05-12
國泰板橋,208.5,5553,1000,888K,3035,2026-05-12
群益市府,194.0,300,0,910D,3035,2026-05-12
群益市府,197.5,3000,0,910D,3035,2026-05-12
群益東大,192.0,1100,5000,9135,3035,2026-05-12
群益東大,193.0,3000,0,9135,3035,2026-05-12
群益東大,194.0,12030,0,9135,3035,2026-05-12
群益東大,196.0,7000,1000,9135,3035,2026-05-12
群益東大,197.0,0,1000,9135,3035,2026-05-12
群益東大,198.0,1000,10000,9135,3035,2026-05-12
群益東大,199.0,1001,0,9135,3035,2026-05-12
群益東大,200.5,2000,0,9135,3035,2026-05-12
群益東大,202.0,1000,0,9135,3035,2026-05-12
群益東大,203.0,0,1000,9135,3035,2026-05-12
群益東大,206.5,1000,0,9135,3035,2026-05-12
群益東大,208.5,1000,8000,9135,3035,2026-05-12
群益西松,189.5,1000,0,9136,3035,2026-05-12
群益西松,191.5,0,1000,9136,3035,2026-05-12
群益西松,192.5,20,0,9136,3035,2026-05-12
群益西松,193.5,0,1000,9136,3035,2026-05-12
群益西松,197.0,1000,2000,9136,3035,2026-05-12
群益士林,199.5,0,5,9137,3035,2026-05-12
群益士林,198.0,0,150,9137,3035,2026-05-12
群益士林,196.0,1000,0,9137,3035,2026-05-12
群益士林,195.0,1000,0,9137,3035,2026-05-12
群益士林,194.0,1000,1000,9137,3035,2026-05-12
群益士林,193.0,1000,3000,9137,3035,2026-05-12
群益東大,191.0,0,50,9135,3035,2026-05-12
群益士林,192.0,1000,0,9137,3035,2026-05-12
群益士林,190.0,5500,0,9137,3035,2026-05-12
群益士林,188.5,1000,0,9137,3035,2026-05-12
群益西松,208.5,0,1000,9136,3035,2026-05-12
群益西松,205.5,0,1000,9136,3035,2026-05-12
群益西松,203.0,0,2,9136,3035,2026-05-12
群益西松,201.0,1000,2,9136,3035,2026-05-12
群益士林,191.0,0,1000,9137,3035,2026-05-12
群益市府,195.0,400,1000,910D,3035,2026-05-12
群益東大,190.0,4000,3000,9135,3035,2026-05-12
群益開元,208.5,0,3000,9134,3035,2026-05-12
群益市府,199.0,0,1000,910D,3035,2026-05-12
群益市府,200.5,2000,2000,910D,3035,2026-05-12
群益市府,202.5,10,0,910D,3035,2026-05-12
群益市府,210.0,2000,0,910D,3035,2026-05-12
群益民權,188.5,3000,1000,9131,3035,2026-05-12
群益民權,189.5,1020,1000,9131,3035,2026-05-12
群益民權,190.5,3010,0,9131,3035,2026-05-12
群益民權,191.5,2000,1000,9131,3035,2026-05-12
群益民權,193.0,0,3000,9131,3035,2026-05-12
群益民權,194.0,2000,0,9131,3035,2026-05-12
群益民權,195.0,1000,0,9131,3035,2026-05-12
群益民權,197.0,1000,0,9131,3035,2026-05-12
群益民權,198.0,0,1000,9131,3035,2026-05-12
群益民權,199.0,0,2000,9131,3035,2026-05-12
群益民權,202.0,5000,1000,9131,3035,2026-05-12
群益民權,204.5,1000,0,9131,3035,2026-05-12
群益民權,208.0,0,1000,9131,3035,2026-05-12
群益開元,207.0,0,1000,9134,3035,2026-05-12
群益開元,206.0,1000,0,9134,3035,2026-05-12
群益開元,202.0,0,2000,9134,3035,2026-05-12
群益開元,200.0,1000,0,9134,3035,2026-05-12
群益開元,198.5,1000,1000,9134,3035,2026-05-12
群益開元,196.5,100,0,9134,3035,2026-05-12
群益東大,189.0,5000,0,9135,3035,2026-05-12
群益開元,195.0,1000,1000,9134,3035,2026-05-12
群益開元,193.0,100,1000,9134,3035,2026-05-12
群益開元,191.5,1000,0,9134,3035,2026-05-12
群益開元,190.0,1100,0,9134,3035,2026-05-12
群益開元,189.0,100,0,9134,3035,2026-05-12
群益開元,188.0,1000,0,9134,3035,2026-05-12
群益民權,209.0,2000,1000,9131,3035,2026-05-12
群益開元,194.0,0,1000,9134,3035,2026-05-12
國泰板橋,207.5,150,0,888K,3035,2026-05-12
國泰板橋,206.5,11000,1000,888K,3035,2026-05-12
國泰板橋,204.5,2000,4300,888K,3035,2026-05-12
國泰桃園,208.0,50,2100,8885,3035,2026-05-12
國泰桃園,209.0,2050,3000,8885,3035,2026-05-12
國泰桃園,210.0,1000,2330,8885,3035,2026-05-12
國泰新莊,188.0,3030,0,8886,3035,2026-05-12
國泰新莊,189.0,2100,0,8886,3035,2026-05-12
國泰新莊,190.0,1430,3000,8886,3035,2026-05-12
國泰新莊,191.0,100,3000,8886,3035,2026-05-12
國泰新莊,192.0,2300,1000,8886,3035,2026-05-12
國泰新莊,193.0,3252,9000,8886,3035,2026-05-12
國泰新莊,194.0,3130,2050,8886,3035,2026-05-12
國泰新莊,195.0,3910,2000,8886,3035,2026-05-12
國泰新莊,196.0,3210,1000,8886,3035,2026-05-12
國泰新莊,197.0,0,1000,8886,3035,2026-05-12
國泰新莊,198.0,70,0,8886,3035,2026-05-12
國泰新莊,199.0,3150,1000,8886,3035,2026-05-12
國泰新莊,200.0,15,0,8886,3035,2026-05-12
國泰新莊,201.0,0,1000,8886,3035,2026-05-12
國泰忠孝,196.5,30,0,8887,3035,2026-05-12
國泰忠孝,195.5,1000,0,8887,3035,2026-05-12
國泰忠孝,194.5,2000,5100,8887,3035,2026-05-12
國泰忠孝,193.5,4003,41000,8887,3035,2026-05-12
國泰忠孝,192.5,7300,0,8887,3035,2026-05-12
國泰忠孝,191.5,7000,0,8887,3035,2026-05-12
國泰桃園,207.0,50,6000,8885,3035,2026-05-12
國泰忠孝,189.5,2130,1000,8887,3035,2026-05-12
國泰新莊,209.0,0,2000,8886,3035,2026-05-12
國泰新莊,208.0,1100,15,8886,3035,2026-05-12
國泰新莊,206.0,3000,1000,8886,3035,2026-05-12
國泰新莊,204.0,25000,0,8886,3035,2026-05-12
國泰新莊,203.0,0,2000,8886,3035,2026-05-12
國泰新莊,202.0,1000,2000,8886,3035,2026-05-12
國泰新莊,210.0,501,3000,8886,3035,2026-05-12
國泰忠孝,197.5,5000,0,8887,3035,2026-05-12
國泰桃園,205.0,0,200,8885,3035,2026-05-12
國泰桃園,203.0,2075,2000,8885,3035,2026-05-12
國泰台南,190.0,1230,3000,8884,3035,2026-05-12
國泰台南,191.5,15000,2000,8884,3035,2026-05-12
國泰台南,192.5,7000,3000,8884,3035,2026-05-12
國泰台南,193.5,22090,3000,8884,3035,2026-05-12
國泰台南,194.5,13130,10,8884,3035,2026-05-12
國泰台南,195.5,4000,0,8884,3035,2026-05-12
國泰台南,196.5,6030,0,8884,3035,2026-05-12
國泰台南,197.5,2000,150,8884,3035,2026-05-12
國泰台南,198.5,3300,0,8884,3035,2026-05-12
國泰台南,199.5,170,0,8884,3035,2026-05-12
國泰台南,200.5,0,2000,8884,3035,2026-05-12
國泰台南,201.5,100,1000,8884,3035,2026-05-12
國泰台南,202.5,0,1000,8884,3035,2026-05-12
國泰台南,206.0,1000,0,8884,3035,2026-05-12
國泰台南,207.0,1000,0,8884,3035,2026-05-12
國泰台南,209.0,0,40,8884,3035,2026-05-12
國泰桃園,187.5,1000,2000,8885,3035,2026-05-12
國泰桃園,202.0,0,1200,8885,3035,2026-05-12
國泰桃園,201.0,2000,7049,8885,3035,2026-05-12
國泰桃園,200.0,300,4030,8885,3035,2026-05-12
國泰桃園,199.0,3010,1000,8885,3035,2026-05-12
國泰桃園,197.5,4000,3000,8885,3035,2026-05-12
國泰桃園,196.5,3000,1000,8885,3035,2026-05-12
國泰桃園,204.0,0,2000,8885,3035,2026-05-12
國泰桃園,195.5,4250,0,8885,3035,2026-05-12
國泰桃園,193.5,4300,0,8885,3035,2026-05-12
國泰桃園,192.5,3055,7100,8885,3035,2026-05-12
國泰桃園,191.5,3000,3002,8885,3035,2026-05-12
國泰桃園,190.5,1000,3100,8885,3035,2026-05-12
國泰桃園,189.5,5205,3302,8885,3035,2026-05-12
國泰桃園,188.5,1100,0,8885,3035,2026-05-12
國泰桃園,194.5,7011,6300,8885,3035,2026-05-12
國泰忠孝,198.5,0,16000,8887,3035,2026-05-12
國泰忠孝,199.5,0,1050,8887,3035,2026-05-12
國泰忠孝,201.5,1000,0,8887,3035,2026-05-12
國泰館前,195.0,2110,100,888A,3035,2026-05-12
國泰館前,196.0,4000,2880,888A,3035,2026-05-12
國泰館前,197.0,0,4000,888A,3035,2026-05-12
國泰館前,198.0,15100,4100,888A,3035,2026-05-12
國泰館前,199.0,9110,2020,888A,3035,2026-05-12
國泰館前,200.0,0,7000,888A,3035,2026-05-12
國泰館前,201.0,4070,4000,888A,3035,2026-05-12
國泰館前,202.0,1600,2800,888A,3035,2026-05-12
國泰館前,203.0,500,17020,888A,3035,2026-05-12
國泰館前,205.0,2000,225,888A,3035,2026-05-12
國泰館前,206.5,1000,100,888A,3035,2026-05-12
國泰館前,208.0,0,1100,888A,3035,2026-05-12
國泰館前,209.0,2020,1000,888A,3035,2026-05-12
國泰館前,210.0,0,100,888A,3035,2026-05-12
國泰板橋,187.5,1000,1000,888K,3035,2026-05-12
國泰板橋,188.5,3352,6000,888K,3035,2026-05-12
國泰板橋,189.5,4090,4500,888K,3035,2026-05-12
國泰板橋,203.5,0,1000,888K,3035,2026-05-12
國泰板橋,202.5,3050,2000,888K,3035,2026-05-12
國泰板橋,201.5,1000,2505,888K,3035,2026-05-12
國泰板橋,200.5,3000,1100,888K,3035,2026-05-12
國泰板橋,199.5,2000,2380,888K,3035,2026-05-12
國泰板橋,198.5,2150,4000,888K,3035,2026-05-12
國泰館前,194.0,9915,10100,888A,3035,2026-05-12
國泰板橋,197.5,15,2100,888K,3035,2026-05-12
國泰板橋,195.5,5235,1010,888K,3035,2026-05-12
國泰板橋,194.5,10529,6040,888K,3035,2026-05-12
國泰板橋,193.5,6361,2000,888K,3035,2026-05-12
國泰板橋,192.5,3075,8100,888K,3035,2026-05-12
國泰板橋,191.5,4131,2000,888K,3035,2026-05-12
國泰板橋,190.5,2024,0,888K,3035,2026-05-12
國泰板橋,196.5,5270,10,888K,3035,2026-05-12
國泰館前,193.0,5560,4000,888A,3035,2026-05-12
國泰館前,192.0,4651,12000,888A,3035,2026-05-12
國泰館前,191.0,7000,0,888A,3035,2026-05-12
國泰敦南,195.0,22138,16704,8888,3035,2026-05-12
國泰敦南,194.0,76054,35142,8888,3035,2026-05-12
國泰敦南,193.0,61379,30226,8888,3035,2026-05-12
國泰敦南,192.0,33911,58620,8888,3035,2026-05-12
國泰敦南,191.0,28345,28905,8888,3035,2026-05-12
國泰敦南,190.0,30933,38493,8888,3035,2026-05-12
國泰敦南,196.0,17843,22145,8888,3035,2026-05-12
國泰敦南,189.0,35183,23830,8888,3035,2026-05-12
國泰敦南,187.0,3000,1000,8888,3035,2026-05-12
國泰忠孝,209.0,1017,0,8887,3035,2026-05-12
國泰忠孝,207.5,0,3000,8887,3035,2026-05-12
國泰忠孝,204.5,3000,0,8887,3035,2026-05-12
國泰忠孝,203.5,1000,100,8887,3035,2026-05-12
國泰忠孝,202.5,0,1000,8887,3035,2026-05-12
國泰敦南,188.0,17318,7000,8888,3035,2026-05-12
國泰松江,210.5,69,0,8883,3035,2026-05-12
國泰敦南,197.0,18307,21440,8888,3035,2026-05-12
國泰敦南,199.0,23862,11804,8888,3035,2026-05-12
國泰館前,189.5,2250,1200,888A,3035,2026-05-12
國泰館前,188.5,3010,1000,888A,3035,2026-05-12
國泰館前,187.5,6000,0,888A,3035,2026-05-12
國泰敦南,210.0,6798,11122,8888,3035,2026-05-12
國泰敦南,209.0,4874,10120,8888,3035,2026-05-12
國泰敦南,208.0,10055,17168,8888,3035,2026-05-12
國泰敦南,198.0,25086,22909,8888,3035,2026-05-12
國泰敦南,207.0,6000,9400,8888,3035,2026-05-12
國泰敦南,205.0,0,6201,8888,3035,2026-05-12
國泰敦南,204.0,5470,10140,8888,3035,2026-05-12
國泰敦南,203.0,12316,16310,8888,3035,2026-05-12
國泰敦南,202.0,8205,28380,8888,3035,2026-05-12
國泰敦南,201.0,20098,23274,8888,3035,2026-05-12
國泰敦南,200.0,17085,20271,8888,3035,2026-05-12
國泰敦南,206.0,21000,7100,8888,3035,2026-05-12
群益士林,203.0,0,1000,9137,3035,2026-05-12
玉山高雄,207.5,0,2000,8843,3035,2026-05-12
玉山高雄,203.5,15,14,8843,3035,2026-05-12
康和新竹,192.0,1000,0,8456,3035,2026-05-12
康和新竹,204.0,0,1000,8456,3035,2026-05-12
康和台南,190.5,100,0,8458,3035,2026-05-12
康和台南,195.0,50,0,8458,3035,2026-05-12
康和台南,199.0,0,1000,8458,3035,2026-05-12
康和台南,200.5,10000,0,8458,3035,2026-05-12
康和台南,202.5,2000,0,8458,3035,2026-05-12
康和台南,208.5,0,1000,8458,3035,2026-05-12
康和嘉義,193.0,0,5000,8459,3035,2026-05-12
康和嘉義,194.0,1000,0,8459,3035,2026-05-12
康和嘉義,196.5,0,1000,8459,3035,2026-05-12
康和嘉義,198.0,0,1200,8459,3035,2026-05-12
康和嘉義,199.0,0,3000,8459,3035,2026-05-12
康和嘉義,200.0,0,4000,8459,3035,2026-05-12
康和嘉義,202.0,1000,0,8459,3035,2026-05-12
康和嘉義,206.0,0,10000,8459,3035,2026-05-12
康和嘉義,209.0,0,1000,8459,3035,2026-05-12
康和永和,197.5,0,100,845B,3035,2026-05-12
康和永和,195.0,1000,0,845B,3035,2026-05-12
康和永和,193.0,0,2000,845B,3035,2026-05-12
康和永和,192.0,0,1000,845B,3035,2026-05-12
康和永和,190.0,0,8000,845B,3035,2026-05-12
康和永和,189.0,0,12000,845B,3035,2026-05-12
康和台中,210.5,2000,0,8455,3035,2026-05-12
康和內湖,208.5,0,3000,845A,3035,2026-05-12
康和內湖,202.0,0,1000,845A,3035,2026-05-12
康和內湖,201.0,1000,2000,845A,3035,2026-05-12
康和內湖,199.5,0,1000,845A,3035,2026-05-12
康和內湖,194.0,0,40,845A,3035,2026-05-12
康和內湖,192.0,0,1000,845A,3035,2026-05-12
康和內湖,189.0,2000,0,845A,3035,2026-05-12
康和內湖,205.0,0,1000,845A,3035,2026-05-12
康和永和,200.0,0,1000,845B,3035,2026-05-12
康和台中,208.0,0,3000,8455,3035,2026-05-12
康和台中,203.0,30,4000,8455,3035,2026-05-12
摩根大通,196.5,2000,4000,8440,3035,2026-05-12
摩根大通,197.5,48000,10000,8440,3035,2026-05-12
摩根大通,198.5,0,23000,8440,3035,2026-05-12
摩根大通,199.5,7000,0,8440,3035,2026-05-12
摩根大通,200.5,114000,73000,8440,3035,2026-05-12
摩根大通,202.0,3000,0,8440,3035,2026-05-12
摩根大通,203.5,70000,0,8440,3035,2026-05-12
摩根大通,207.5,0,13000,8440,3035,2026-05-12
摩根大通,208.5,0,123000,8440,3035,2026-05-12
康和,193.0,0,1000,8450,3035,2026-05-12
康和,194.0,10000,0,8450,3035,2026-05-12
康和,197.5,46000,0,8450,3035,2026-05-12
康和,200.0,20000,0,8450,3035,2026-05-12
康和,201.5,25000,0,8450,3035,2026-05-12
康和延平,188.5,1000,0,8451,3035,2026-05-12
康和延平,189.5,0,2000,8451,3035,2026-05-12
康和延平,191.5,0,1000,8451,3035,2026-05-12
康和台中,202.0,1000,0,8455,3035,2026-05-12
康和台中,200.0,0,2000,8455,3035,2026-05-12
康和台中,199.0,1000,1000,8455,3035,2026-05-12
康和台中,197.5,1000,0,8455,3035,2026-05-12
康和台中,196.5,0,1000,8455,3035,2026-05-12
康和台中,195.0,100,0,8455,3035,2026-05-12
康和台中,206.0,1000,1000,8455,3035,2026-05-12
康和台中,193.5,2000,0,8455,3035,2026-05-12
康和台中,191.0,2010,0,8455,3035,2026-05-12
康和台中,189.5,3020,0,8455,3035,2026-05-12
康和台中,188.0,1000,0,8455,3035,2026-05-12
康和延平,198.5,0,1000,8451,3035,2026-05-12
康和延平,195.0,10000,1000,8451,3035,2026-05-12
康和延平,192.5,1000,2000,8451,3035,2026-05-12
康和台中,192.5,3050,10,8455,3035,2026-05-12
摩根大通,195.5,10000,5000,8440,3035,2026-05-12
康和永和,201.0,0,1000,845B,3035,2026-05-12
康和永和,204.0,0,1000,845B,3035,2026-05-12
康和高雄,206.0,0,1000,845J,3035,2026-05-12
康和高雄,208.5,1000,0,845J,3035,2026-05-12
康和石牌,189.5,1000,0,845R,3035,2026-05-12
康和石牌,192.0,0,1000,845R,3035,2026-05-12
康和石牌,194.5,1000,1500,845R,3035,2026-05-12
康和石牌,197.0,3000,1000,845R,3035,2026-05-12
康和石牌,198.0,0,2000,845R,3035,2026-05-12
康和石牌,202.5,0,2000,845R,3035,2026-05-12
康和石牌,207.5,0,1000,845R,3035,2026-05-12
康和石牌,208.5,100,1000,845R,3035,2026-05-12
康和南崁,190.0,100,0,845S,3035,2026-05-12
康和南崁,193.5,0,99,845S,3035,2026-05-12
康和台北,187.5,0,1000,845U,3035,2026-05-12
康和台北,189.0,4000,0,845U,3035,2026-05-12
康和台北,191.0,4000,1000,845U,3035,2026-05-12
康和台北,193.0,0,1000,845U,3035,2026-05-12
康和台北,194.5,6000,0,845U,3035,2026-05-12
京城嘉義,194.0,2000,0,8492,3035,2026-05-12
京城嘉義,193.0,1000,0,8492,3035,2026-05-12
京城嘉義,191.0,1000,0,8492,3035,2026-05-12
京城嘉義,189.5,0,1000,8492,3035,2026-05-12
京城嘉義,188.5,0,1000,8492,3035,2026-05-12
京城,202.5,0,1000,8490,3035,2026-05-12
康和高雄,204.0,0,1000,845J,3035,2026-05-12
京城,198.0,6000,0,8490,3035,2026-05-12
京城,192.0,50,0,8490,3035,2026-05-12
京城,190.0,1000,0,8490,3035,2026-05-12
京城,188.0,50,0,8490,3035,2026-05-12
康和屏東,204.0,1000,0,845X,3035,2026-05-12
康和台北,202.0,1000,0,845U,3035,2026-05-12
康和台北,198.5,0,1000,845U,3035,2026-05-12
京城,193.0,4000,0,8490,3035,2026-05-12
康和永和,202.5,0,4000,845B,3035,2026-05-12
康和高雄,202.0,1000,1000,845J,3035,2026-05-12
康和高雄,198.5,0,1000,845J,3035,2026-05-12
康和永和,207.0,0,1000,845B,3035,2026-05-12
康和永和,209.5,0,100,845B,3035,2026-05-12
康和板橋,188.5,2000,0,845D,3035,2026-05-12
康和板橋,189.5,0,1000,845D,3035,2026-05-12
康和板橋,191.5,1000,21000,845D,3035,2026-05-12
康和板橋,192.5,0,11000,845D,3035,2026-05-12
康和板橋,193.5,2000,4000,845D,3035,2026-05-12
康和板橋,194.5,0,10000,845D,3035,2026-05-12
康和板橋,196.5,0,1000,845D,3035,2026-05-12
康和板橋,199.0,10000,0,845D,3035,2026-05-12
康和板橋,200.5,2000,0,845D,3035,2026-05-12
康和板橋,201.5,0,6000,845D,3035,2026-05-12
康和板橋,202.5,0,1000,845D,3035,2026-05-12
康和板橋,207.5,0,1000,845D,3035,2026-05-12
康和板橋,208.5,1000,0,845D,3035,2026-05-12
康和板橋,210.0,0,2,845D,3035,2026-05-12
康和澎湖,189.0,1100,0,845E,3035,2026-05-12
康和高雄,197.5,2000,1000,845J,3035,2026-05-12
康和高雄,195.5,0,1000,845J,3035,2026-05-12
康和高雄,194.5,0,1000,845J,3035,2026-05-12
康和高雄,193.0,0,2000,845J,3035,2026-05-12
康和高雄,191.5,1000,2000,845J,3035,2026-05-12
康和高雄,189.0,5,0,845J,3035,2026-05-12
康和高雄,200.5,0,1000,845J,3035,2026-05-12
康和仁愛,206.0,26000,1000,845F,3035,2026-05-12
康和仁愛,199.5,2000,0,845F,3035,2026-05-12
康和仁愛,196.5,2000,0,845F,3035,2026-05-12
康和仁愛,193.5,0,3000,845F,3035,2026-05-12
康和仁愛,190.0,3000,0,845F,3035,2026-05-12
康和澎湖,193.5,1000,0,845E,3035,2026-05-12
康和澎湖,190.5,1000,0,845E,3035,2026-05-12
康和仁愛,202.5,1000,0,845F,3035,2026-05-12
摩根大通,194.5,51000,79000,8440,3035,2026-05-12
摩根大通,193.5,30000,36000,8440,3035,2026-05-12
摩根大通,192.5,33000,6000,8440,3035,2026-05-12
國票南京,191.0,0,30,779n,3035,2026-05-12
國票南京,194.0,1000,0,779n,3035,2026-05-12
國票南京,201.0,0,5000,779n,3035,2026-05-12
國票南京,207.5,1000,0,779n,3035,2026-05-12
國票南京,209.5,0,100,779n,3035,2026-05-12
國票九鼎,189.0,1010,9000,779P,3035,2026-05-12
國票九鼎,191.0,0,1000,779P,3035,2026-05-12
國票九鼎,192.5,1000,0,779P,3035,2026-05-12
國票九鼎,195.0,5,0,779P,3035,2026-05-12
國票九鼎,197.5,1000,0,779P,3035,2026-05-12
國票九鼎,200.5,5000,160,779P,3035,2026-05-12
國票九鼎,202.5,1000,0,779P,3035,2026-05-12
國票九鼎,204.0,1000,1000,779P,3035,2026-05-12
國票九鼎,208.5,0,2000,779P,3035,2026-05-12
國票桃園,189.0,0,1000,779r,3035,2026-05-12
國票桃園,194.0,2000,0,779r,3035,2026-05-12
國票桃園,198.0,6000,0,779r,3035,2026-05-12
國票台中,190.5,2000,2000,779v,3035,2026-05-12
國票台中,189.0,2020,0,779v,3035,2026-05-12
國票長城,206.0,0,1000,779u,3035,2026-05-12
國票長城,203.0,1000,0,779u,3035,2026-05-12
國票長城,201.0,0,2000,779u,3035,2026-05-12
國票長城,200.0,0,1000,779u,3035,2026-05-12
國票中港,210.0,0,1000,779m,3035,2026-05-12
國票長城,196.5,1000,0,779u,3035,2026-05-12
國票長城,193.0,2000,1000,779u,3035,2026-05-12
國票長城,191.0,2000,0,779u,3035,2026-05-12
國票長城,190.0,1000,0,779u,3035,2026-05-12
國票長城,189.0,1000,0,779u,3035,2026-05-12
國票桃園,210.0,230,1000,779r,3035,2026-05-12
國票桃園,203.0,1,0,779r,3035,2026-05-12
國票長城,194.0,3000,0,779u,3035,2026-05-12
國票台中,191.5,3000,1000,779v,3035,2026-05-12
國票中港,200.5,0,8000,779m,3035,2026-05-12
國票中港,193.5,0,1000,779m,3035,2026-05-12
國票南崁,200.5,4000,30000,779E,3035,2026-05-12
國票南崁,204.5,1000,1000,779E,3035,2026-05-12
國票南崁,208.0,0,1000,779E,3035,2026-05-12
國票南崁,210.0,0,20000,779E,3035,2026-05-12
國票新莊,188.5,1000,0,779G,3035,2026-05-12
國票新莊,193.5,1000,0,779G,3035,2026-05-12
國票新莊,194.5,1050,0,779G,3035,2026-05-12
國票新莊,198.5,83,0,779G,3035,2026-05-12
國票新莊,199.5,1000,0,779G,3035,2026-05-12
國票新莊,206.0,1000,0,779G,3035,2026-05-12
國票嘉義,190.0,1000,0,779H,3035,2026-05-12
國票嘉義,194.0,0,1000,779H,3035,2026-05-12
國票嘉義,200.0,1000,0,779H,3035,2026-05-12
國票嘉義,201.5,0,1000,779H,3035,2026-05-12
國票嘉義,206.5,3000,0,779H,3035,2026-05-12
國票嘉義,210.0,50,0,779H,3035,2026-05-12
國票和平,193.0,100,0,779j,3035,2026-05-12
國票中港,192.0,1150,0,779m,3035,2026-05-12
國票中港,189.0,1150,0,779m,3035,2026-05-12
國票北高,208.5,0,1000,779J,3035,2026-05-12
國票北高,203.0,0,1000,779J,3035,2026-05-12
國票北高,202.0,1000,2000,779J,3035,2026-05-12
國票北高,200.5,0,2000,779J,3035,2026-05-12
國票中港,196.5,3000,0,779m,3035,2026-05-12
國票北高,198.5,0,1000,779J,3035,2026-05-12
國票北高,195.0,3000,0,779J,3035,2026-05-12
國票北高,192.0,2000,0,779J,3035,2026-05-12
國票北高,188.5,1000,0,779J,3035,2026-05-12
國票和平,203.0,100,0,779j,3035,2026-05-12
國票和平,198.5,4000,2000,779j,3035,2026-05-12
國票和平,194.5,0,1000,779j,3035,2026-05-12
國票北高,197.5,0,1000,779J,3035,2026-05-12
國票台中,192.5,0,3100,779v,3035,2026-05-12
國票台中,193.5,8000,2000,779v,3035,2026-05-12
國票台中,194.5,0,2100,779v,3035,2026-05-12
國票博愛,192.5,1000,1000,779z,3035,2026-05-12
國票博愛,193.5,0,4000,779z,3035,2026-05-12
國票博愛,194.5,1000,3000,779z,3035,2026-05-12
國票博愛,195.5,0,2000,779z,3035,2026-05-12
國票博愛,196.5,0,2000,779z,3035,2026-05-12
國票博愛,198.5,3000,0,779z,3035,2026-05-12
國票博愛,200.5,1000,1000,779z,3035,2026-05-12
國票安和,189.0,1000,0,779Z,3035,2026-05-12
國票安和,195.5,2000,0,779Z,3035,2026-05-12
國票安和,196.5,2010,0,779Z,3035,2026-05-12
國票安和,198.5,0,2000,779Z,3035,2026-05-12
國票安和,200.5,1000,0,779Z,3035,2026-05-12
國票安和,202.5,10,4000,779Z,3035,2026-05-12
國票安和,208.0,10000,9000,779Z,3035,2026-05-12
國票安和,209.0,23000,0,779Z,3035,2026-05-12
安泰,188.0,1000,0,8380,3035,2026-05-12
安泰,202.0,0,1000,8380,3035,2026-05-12
摩根大通,191.5,10000,0,8440,3035,2026-05-12
摩根大通,190.5,7000,0,8440,3035,2026-05-12
摩根大通,189.5,38000,4000,8440,3035,2026-05-12
摩根大通,188.5,2000,17000,8440,3035,2026-05-12
摩根大通,187.5,2000,0,8440,3035,2026-05-12
安泰楠梓,198.5,0,1000,8382,3035,2026-05-12
國票博愛,191.5,2000,0,779z,3035,2026-05-12
安泰楠梓,195.0,100,0,8382,3035,2026-05-12
安泰大發,202.5,6000,0,8381,3035,2026-05-12
安泰大發,199.5,2000,0,8381,3035,2026-05-12
安泰大發,193.0,2000,0,8381,3035,2026-05-12
安泰大發,190.0,120,0,8381,3035,2026-05-12
安泰,210.0,200,1000,8380,3035,2026-05-12
安泰,208.5,4000,0,8380,3035,2026-05-12
安泰大發,210.5,1000,0,8381,3035,2026-05-12
國票博愛,190.0,1000,2000,779z,3035,2026-05-12
國票博愛,189.0,1000,0,779z,3035,2026-05-12
國票中和,210.0,0,8,779X,3035,2026-05-12
國票天祥,202.0,3000,0,779V,3035,2026-05-12
國票天祥,195.5,1000,0,779V,3035,2026-05-12
國票天祥,194.0,0,1000,779V,3035,2026-05-12
國票天祥,192.0,1000,1000,779V,3035,2026-05-12
國票天祥,191.0,1000,0,779V,3035,2026-05-12
國票天祥,189.0,1000,0,779V,3035,2026-05-12
國票天祥,206.0,0,1000,779V,3035,2026-05-12
國票台中,209.5,0,1000,779v,3035,2026-05-12
國票台中,203.0,0,1000,779v,3035,2026-05-12
國票台中,202.0,0,1000,779v,3035,2026-05-12
國票台中,200.5,2000,0,779v,3035,2026-05-12
國票台中,199.0,0,100,779v,3035,2026-05-12
國票台中,198.0,0,2000,779v,3035,2026-05-12
國票台中,195.5,0,4000,779v,3035,2026-05-12
國票台中,206.5,0,1000,779v,3035,2026-05-12
京城嘉義,197.0,1000,0,8492,3035,2026-05-12
國票天祥,208.0,1000,1000,779V,3035,2026-05-12
國票彰化,191.5,2000,0,779W,3035,2026-05-12
國票中和,208.5,0,1000,779X,3035,2026-05-12
國票中和,201.5,0,2000,779X,3035,2026-05-12
國票中和,200.5,0,40,779X,3035,2026-05-12
國票中和,199.5,2000,1000,779X,3035,2026-05-12
國票中和,196.5,2000,0,779X,3035,2026-05-12
國票中和,195.5,1000,1000,779X,3035,2026-05-12
國票天祥,210.0,0,1000,779V,3035,2026-05-12
國票中和,194.5,2100,0,779X,3035,2026-05-12
國票中和,191.0,0,1000,779X,3035,2026-05-12
國票中和,189.0,1000,50,779X,3035,2026-05-12
國票彰化,207.0,0,1000,779W,3035,2026-05-12
國票彰化,198.5,0,1000,779W,3035,2026-05-12
國票彰化,196.5,0,1000,779W,3035,2026-05-12
國票彰化,193.5,1000,1000,779W,3035,2026-05-12
國票中和,192.5,1000,0,779X,3035,2026-05-12
玉山高雄,204.5,30,1000,8843,3035,2026-05-12
京城嘉義,199.0,50,0,8492,3035,2026-05-12
京城嘉義,203.5,450,0,8492,3035,2026-05-12
聯邦大業,200.5,1000,0,8586,3035,2026-05-12
聯邦大業,202.0,2000,0,8586,3035,2026-05-12
聯邦大業,206.5,0,1000,8586,3035,2026-05-12
聯邦大業,208.5,3000,0,8586,3035,2026-05-12
聯邦興中,192.0,0,40,8587,3035,2026-05-12
聯邦興中,193.5,1000,0,8587,3035,2026-05-12
聯邦興中,195.0,1200,0,8587,3035,2026-05-12
聯邦興中,197.0,1000,0,8587,3035,2026-05-12
聯邦興中,198.5,200,0,8587,3035,2026-05-12
聯邦興中,201.0,5,0,8587,3035,2026-05-12
聯邦興中,206.0,1000,0,8587,3035,2026-05-12
聯邦台南,188.0,1000,0,8588,3035,2026-05-12
聯邦台南,191.5,1000,0,8588,3035,2026-05-12
聯邦台南,193.0,5020,0,8588,3035,2026-05-12
聯邦台南,195.0,0,5000,8588,3035,2026-05-12
聯邦台南,198.0,1000,0,8588,3035,2026-05-12
聯邦台南,201.0,0,1000,8588,3035,2026-05-12
陽信高雄,191.0,0,1000,8713,3035,2026-05-12
陽信高雄,189.5,0,3000,8713,3035,2026-05-12
陽信石牌,203.0,3000,0,8711,3035,2026-05-12
陽信石牌,200.5,0,1000,8711,3035,2026-05-12
陽信石牌,197.5,50,0,8711,3035,2026-05-12
陽信石牌,195.0,1000,0,8711,3035,2026-05-12
聯邦大業,196.0,6000,0,8586,3035,2026-05-12
陽信石牌,193.5,0,1000,8711,3035,2026-05-12
陽信石牌,189.5,5000,0,8711,3035,2026-05-12
陽信,209.0,0,30000,8710,3035,2026-05-12
陽信,205.0,0,11000,8710,3035,2026-05-12
陽信,195.5,0,5000,8710,3035,2026-05-12
陽信,193.5,2000,0,8710,3035,2026-05-12
聯邦台南,210.0,123,0,8588,3035,2026-05-12
陽信石牌,191.5,0,1000,8711,3035,2026-05-12
陽信高雄,194.5,1000,0,8713,3035,2026-05-12
聯邦大業,195.0,27,0,8586,3035,2026-05-12
聯邦大業,191.0,1000,0,8586,3035,2026-05-12
聯邦高雄,197.0,0,5000,8581,3035,2026-05-12
聯邦高雄,201.0,0,5000,8581,3035,2026-05-12
聯邦高雄,203.5,0,10000,8581,3035,2026-05-12
聯邦嘉義,189.5,0,15000,8582,3035,2026-05-12
聯邦嘉義,192.0,400,0,8582,3035,2026-05-12
聯邦嘉義,194.5,6,1000,8582,3035,2026-05-12
聯邦嘉義,196.5,2000,0,8582,3035,2026-05-12
聯邦嘉義,199.5,0,5000,8582,3035,2026-05-12
聯邦嘉義,204.0,0,2000,8582,3035,2026-05-12
聯邦嘉義,208.0,0,100,8582,3035,2026-05-12
聯邦嘉義,209.0,0,2070,8582,3035,2026-05-12
聯邦忠孝,189.0,100,0,8583,3035,2026-05-12
聯邦忠孝,193.0,1000,0,8583,3035,2026-05-12
聯邦忠孝,196.5,1100,2000,8583,3035,2026-05-12
聯邦忠孝,201.0,1000,0,8583,3035,2026-05-12
聯邦忠孝,202.5,0,1000,8583,3035,2026-05-12
聯邦雙和,188.5,1000,0,8584,3035,2026-05-12
聯邦大業,188.5,25,0,8586,3035,2026-05-12
聯邦三重,210.5,1000,0,8585,3035,2026-05-12
聯邦三重,207.5,1000,0,8585,3035,2026-05-12
聯邦三重,206.5,4000,0,8585,3035,2026-05-12
聯邦三重,193.0,0,2000,8585,3035,2026-05-12
聯邦三重,191.5,0,1000,8585,3035,2026-05-12
聯邦大業,193.0,2010,0,8586,3035,2026-05-12
聯邦三重,189.5,1000,0,8585,3035,2026-05-12
聯邦雙和,201.0,1100,0,8584,3035,2026-05-12
聯邦雙和,198.0,1000,0,8584,3035,2026-05-12
聯邦雙和,194.5,0,1000,8584,3035,2026-05-12
聯邦雙和,193.5,1000,2000,8584,3035,2026-05-12
聯邦雙和,191.5,0,1000,8584,3035,2026-05-12
聯邦雙和,189.5,1100,0,8584,3035,2026-05-12
聯邦雙和,208.0,0,1000,8584,3035,2026-05-12
聯邦高雄,193.0,0,5000,8581,3035,2026-05-12
陽信高雄,201.5,0,1000,8713,3035,2026-05-12
陽信台南,200.5,0,1000,8714,3035,2026-05-12
玉山雙和,208.0,0,1000,8841,3035,2026-05-12
玉山雙和,209.0,0,10,8841,3035,2026-05-12
玉山新莊,188.5,1000,0,8842,3035,2026-05-12
玉山新莊,189.5,464,0,8842,3035,2026-05-12
玉山新莊,190.5,0,500,8842,3035,2026-05-12
玉山新莊,191.5,2000,0,8842,3035,2026-05-12
玉山新莊,192.5,5,1000,8842,3035,2026-05-12
玉山新莊,193.5,1010,2000,8842,3035,2026-05-12
玉山新莊,194.5,0,1000,8842,3035,2026-05-12
玉山新莊,196.0,2000,0,8842,3035,2026-05-12
玉山新莊,198.0,2000,0,8842,3035,2026-05-12
玉山新莊,199.5,2000,1000,8842,3035,2026-05-12
玉山新莊,201.0,2000,1050,8842,3035,2026-05-12
玉山新莊,202.0,1000,1000,8842,3035,2026-05-12
玉山新莊,203.5,150,0,8842,3035,2026-05-12
玉山新莊,204.5,0,1000,8842,3035,2026-05-12
玉山新莊,208.5,6100,1000,8842,3035,2026-05-12
玉山高雄,202.0,0,1000,8843,3035,2026-05-12
玉山高雄,200.5,35000,2020,8843,3035,2026-05-12
玉山高雄,199.0,1002,1000,8843,3035,2026-05-12
玉山高雄,198.0,6050,3200,8843,3035,2026-05-12
玉山高雄,196.5,0,2000,8843,3035,2026-05-12
玉山高雄,195.5,2000,0,8843,3035,2026-05-12
玉山雙和,206.5,1000,0,8841,3035,2026-05-12
玉山高雄,194.5,1030,0,8843,3035,2026-05-12
玉山高雄,192.5,65,5020,8843,3035,2026-05-12
玉山高雄,191.0,1000,0,8843,3035,2026-05-12
玉山高雄,190.0,0,3000,8843,3035,2026-05-12
玉山高雄,189.0,2006,300,8843,3035,2026-05-12
玉山高雄,188.0,1000,0,8843,3035,2026-05-12
玉山新莊,210.0,2143,0,8842,3035,2026-05-12
玉山高雄,193.5,1050,2200,8843,3035,2026-05-12
陽信高雄,207.0,0,10000,8713,3035,2026-05-12
玉山雙和,204.5,0,1000,8841,3035,2026-05-12
玉山雙和,202.0,1,0,8841,3035,2026-05-12
玉山,187.0,1000,0,8840,3035,2026-05-12
玉山,188.5,4000,0,8840,3035,2026-05-12
玉山,189.5,1200,2000,8840,3035,2026-05-12
玉山,191.0,6000,0,8840,3035,2026-05-12
玉山,192.0,30,1000,8840,3035,2026-05-12
玉山,193.0,1000,0,8840,3035,2026-05-12
玉山,194.0,9073,4000,8840,3035,2026-05-12
玉山,195.0,410,5000,8840,3035,2026-05-12
玉山,196.0,0,5,8840,3035,2026-05-12
玉山,197.0,3000,1100,8840,3035,2026-05-12
玉山,198.0,2000,3015,8840,3035,2026-05-12
玉山,199.0,2017,0,8840,3035,2026-05-12
玉山,200.0,3000,6000,8840,3035,2026-05-12
玉山,201.0,3000,4150,8840,3035,2026-05-12
玉山,202.0,0,1000,8840,3035,2026-05-12
玉山,203.0,1000,2020,8840,3035,2026-05-12
玉山,204.0,0,1000,8840,3035,2026-05-12
玉山雙和,201.0,0,1000,8841,3035,2026-05-12
玉山雙和,200.0,1000,3000,8841,3035,2026-05-12
玉山雙和,198.0,3000,0,8841,3035,2026-05-12
玉山雙和,197.0,6017,0,8841,3035,2026-05-12
玉山雙和,195.0,1000,0,8841,3035,2026-05-12
玉山雙和,194.0,1000,0,8841,3035,2026-05-12
玉山雙和,203.0,2050,0,8841,3035,2026-05-12
玉山雙和,192.0,2000,0,8841,3035,2026-05-12
玉山雙和,189.0,2000,0,8841,3035,2026-05-12
玉山,210.5,1000,0,8840,3035,2026-05-12
玉山,209.5,200,700,8840,3035,2026-05-12
玉山,208.0,9,2000,8840,3035,2026-05-12
玉山,207.0,1000,1000,8840,3035,2026-05-12
玉山,205.0,0,1010,8840,3035,2026-05-12
玉山雙和,190.0,0,500,8841,3035,2026-05-12
聯邦高雄,188.5,5000,82,8581,3035,2026-05-12
聯邦,208.0,0,4000,8580,3035,2026-05-12
聯邦,201.5,0,3000,8580,3035,2026-05-12
新光台中,192.0,5341,3000,8561,3035,2026-05-12
新光台中,193.0,3176,5000,8561,3035,2026-05-12
新光台中,194.0,19121,14000,8561,3035,2026-05-12
新光台中,195.0,5868,1000,8561,3035,2026-05-12
新光台中,196.0,6000,0,8561,3035,2026-05-12
新光台中,197.0,4200,5000,8561,3035,2026-05-12
新光台中,198.0,352,7000,8561,3035,2026-05-12
新光台中,199.0,6110,11030,8561,3035,2026-05-12
新光台中,200.0,100,4000,8561,3035,2026-05-12
新光台中,201.0,7000,1010,8561,3035,2026-05-12
新光台中,202.0,6000,4000,8561,3035,2026-05-12
新光台中,203.0,220,2000,8561,3035,2026-05-12
新光台中,204.0,0,6000,8561,3035,2026-05-12
新光台中,206.5,1000,1000,8561,3035,2026-05-12
新光台中,207.5,1000,0,8561,3035,2026-05-12
新光台中,208.5,4000,13025,8561,3035,2026-05-12
新光台中,209.5,1000,5281,8561,3035,2026-05-12
新光高雄,202.0,0,2000,8562,3035,2026-05-12
新光高雄,201.0,0,8000,8562,3035,2026-05-12
新光高雄,200.0,0,8360,8562,3035,2026-05-12
新光高雄,199.0,2000,1000,8562,3035,2026-05-12
新光高雄,198.0,1030,4000,8562,3035,2026-05-12
新光高雄,197.0,4000,0,8562,3035,2026-05-12
新光台中,191.0,3000,1000,8561,3035,2026-05-12
新光高雄,196.0,0,1000,8562,3035,2026-05-12
新光高雄,193.5,1101,5005,8562,3035,2026-05-12
新光高雄,192.5,12001,3000,8562,3035,2026-05-12
新光高雄,191.5,0,2000,8562,3035,2026-05-12
新光高雄,190.0,4000,5510,8562,3035,2026-05-12
新光高雄,189.0,3050,29000,8562,3035,2026-05-12
新光高雄,188.0,6000,0,8562,3035,2026-05-12
新光高雄,194.5,3000,4800,8562,3035,2026-05-12
新光高雄,203.0,1100,2200,8562,3035,2026-05-12
新光台中,190.0,3914,9600,8561,3035,2026-05-12
新光台中,188.0,2110,0,8561,3035,2026-05-12
京城嘉義,205.0,0,1000,8492,3035,2026-05-12
京城嘉義,208.5,0,2000,8492,3035,2026-05-12
中農,192.0,1000,0,8520,3035,2026-05-12
中農,193.5,1000,0,8520,3035,2026-05-12
中農,196.5,0,1000,8520,3035,2026-05-12
中農,197.5,5000,0,8520,3035,2026-05-12
中農,204.5,100,10000,8520,3035,2026-05-12
新光,187.5,1000,3000,8560,3035,2026-05-12
新光,188.5,2160,1000,8560,3035,2026-05-12
新光,189.5,3284,16700,8560,3035,2026-05-12
新光,190.5,5050,15000,8560,3035,2026-05-12
新光,191.5,9600,5010,8560,3035,2026-05-12
新光,192.5,7128,10000,8560,3035,2026-05-12
新光,193.5,13610,25000,8560,3035,2026-05-12
新光,194.5,12200,6000,8560,3035,2026-05-12
新光,195.5,6000,3050,8560,3035,2026-05-12
新光,196.5,6100,1000,8560,3035,2026-05-12
新光台中,187.0,1000,0,8561,3035,2026-05-12
新光,209.5,5050,1301,8560,3035,2026-05-12
新光,208.5,6030,9000,8560,3035,2026-05-12
新光,207.5,8151,1000,8560,3035,2026-05-12
新光,206.5,5000,1000,8560,3035,2026-05-12
新光,205.5,0,2000,8560,3035,2026-05-12
新光台中,189.0,9087,2000,8561,3035,2026-05-12
新光,204.5,3007,15000,8560,3035,2026-05-12
新光,202.5,1000,9000,8560,3035,2026-05-12
新光,201.5,1600,13100,8560,3035,2026-05-12
新光,200.5,14000,6100,8560,3035,2026-05-12
新光,199.5,18000,4300,8560,3035,2026-05-12
新光,198.5,3285,4110,8560,3035,2026-05-12
新光,197.5,3200,2060,8560,3035,2026-05-12
新光,203.5,2000,33073,8560,3035,2026-05-12
新光高雄,205.0,1000,0,8562,3035,2026-05-12
新光高雄,208.0,2100,1100,8562,3035,2026-05-12
新光高雄,209.0,0,1000,8562,3035,2026-05-12
新光台南,205.5,0,2000,8564,3035,2026-05-12
新光台南,207.0,1000,1000,8564,3035,2026-05-12
新光台南,208.5,2000,0,8564,3035,2026-05-12
新光台南,210.0,190,0,8564,3035,2026-05-12
新光桃園,188.0,1000,0,8565,3035,2026-05-12
新光桃園,189.5,0,1000,8565,3035,2026-05-12
新光桃園,190.5,1000,0,8565,3035,2026-05-12
新光桃園,191.5,1000,1000,8565,3035,2026-05-12
新光桃園,192.5,2000,1000,8565,3035,2026-05-12
新光桃園,193.5,2050,4000,8565,3035,2026-05-12
新光桃園,194.5,2010,2400,8565,3035,2026-05-12
新光桃園,195.5,2000,0,8565,3035,2026-05-12
新光桃園,196.5,4000,0,8565,3035,2026-05-12
新光桃園,197.5,0,515,8565,3035,2026-05-12
新光桃園,198.5,1000,0,8565,3035,2026-05-12
新光桃園,199.5,2000,1000,8565,3035,2026-05-12
新光桃園,200.5,4000,1000,8565,3035,2026-05-12
聯邦,198.5,0,1000,8580,3035,2026-05-12
聯邦,196.5,2000,0,8580,3035,2026-05-12
聯邦,195.5,10000,0,8580,3035,2026-05-12
聯邦,194.5,2000,0,8580,3035,2026-05-12
聯邦,193.0,3000,0,8580,3035,2026-05-12
聯邦,192.0,1000,0,8580,3035,2026-05-12
新光台南,204.5,0,2000,8564,3035,2026-05-12
新光桃園,210.0,50,1000,8565,3035,2026-05-12
新光桃園,208.0,40,0,8565,3035,2026-05-12
新光桃園,207.0,0,1000,8565,3035,2026-05-12
新光桃園,205.5,1000,0,8565,3035,2026-05-12
新光桃園,203.5,0,1,8565,3035,2026-05-12
新光桃園,202.5,3000,2000,8565,3035,2026-05-12
新光桃園,201.5,0,1100,8565,3035,2026-05-12
新光桃園,209.0,0,1000,8565,3035,2026-05-12
新光台南,202.5,3060,100,8564,3035,2026-05-12
新光台南,201.5,1000,310,8564,3035,2026-05-12
新光台南,200.5,1000,2000,8564,3035,2026-05-12
新光新竹,202.0,1000,6000,8563,3035,2026-05-12
新光新竹,201.0,0,6000,8563,3035,2026-05-12
新光新竹,199.5,1000,5000,8563,3035,2026-05-12
新光新竹,198.5,7100,90,8563,3035,2026-05-12
新光新竹,197.5,3100,2100,8563,3035,2026-05-12
新光新竹,196.5,0,1000,8563,3035,2026-05-12
新光新竹,203.0,0,1100,8563,3035,2026-05-12
新光新竹,195.5,1000,1000,8563,3035,2026-05-12
新光新竹,193.5,21000,6000,8563,3035,2026-05-12
新光新竹,192.5,4250,6000,8563,3035,2026-05-12
新光新竹,191.0,1000,0,8563,3035,2026-05-12
新光新竹,189.5,1060,50,8563,3035,2026-05-12
新光新竹,188.5,300,1000,8563,3035,2026-05-12
新光高雄,210.0,1340,1000,8562,3035,2026-05-12
新光新竹,194.5,5000,1000,8563,3035,2026-05-12
京城嘉義,202.5,2000,0,8492,3035,2026-05-12
新光新竹,204.0,0,3000,8563,3035,2026-05-12
新光新竹,207.5,1000,5000,8563,3035,2026-05-12
新光台南,199.5,2000,3000,8564,3035,2026-05-12
新光台南,198.5,1500,11000,8564,3035,2026-05-12
新光台南,197.0,10073,1000,8564,3035,2026-05-12
新光台南,196.0,0,1000,8564,3035,2026-05-12
新光台南,195.0,2200,2000,8564,3035,2026-05-12
新光台南,194.0,6204,2100,8564,3035,2026-05-12
新光新竹,206.0,1000,0,8563,3035,2026-05-12
新光台南,193.0,2220,3190,8564,3035,2026-05-12
新光台南,191.0,1000,2000,8564,3035,2026-05-12
新光台南,190.0,3200,1000,8564,3035,2026-05-12
新光台南,189.0,3000,0,8564,3035,2026-05-12
新光台南,187.5,6,0,8564,3035,2026-05-12
新光新竹,209.5,0,100,8563,3035,2026-05-12
新光新竹,208.5,1160,2120,8563,3035,2026-05-12
新光台南,192.0,12000,0,8564,3035,2026-05-12
群益士林,204.5,0,1000,9137,3035,2026-05-12
群益士林,209.0,1000,0,9137,3035,2026-05-12
群益中港,191.5,1000,0,9138,3035,2026-05-12
凱基民權,201.5,250,0,921C,3035,2026-05-12
凱基民權,203.5,300,0,921C,3035,2026-05-12
凱基民權,205.0,0,5,921C,3035,2026-05-12
凱基民權,209.0,0,300,921C,3035,2026-05-12
凱基三峽,191.5,1000,0,921E,3035,2026-05-12
凱基三峽,193.5,1000,5000,921E,3035,2026-05-12
凱基三峽,195.0,2000,0,921E,3035,2026-05-12
凱基三峽,197.0,0,1000,921E,3035,2026-05-12
凱基三峽,202.0,0,1000,921E,3035,2026-05-12
凱基三峽,207.5,1000,0,921E,3035,2026-05-12
凱基五股,190.0,1000,0,921G,3035,2026-05-12
凱基五股,192.5,0,30000,921G,3035,2026-05-12
凱基五股,193.5,1000,200,921G,3035,2026-05-12
凱基五股,197.0,0,1000,921G,3035,2026-05-12
凱基五股,200.0,0,3000,921G,3035,2026-05-12
凱基五股,201.5,0,100,921G,3035,2026-05-12
凱基五股,202.5,0,1000,921G,3035,2026-05-12
凱基八德,206.0,0,1000,921M,3035,2026-05-12
凱基八德,203.5,1000,0,921M,3035,2026-05-12
凱基八德,200.0,0,1000,921M,3035,2026-05-12
凱基八德,197.5,1000,0,921M,3035,2026-05-12
凱基八德,193.5,1000,3000,921M,3035,2026-05-12
凱基八德,190.0,1000,0,921M,3035,2026-05-12
凱基民權,199.5,0,1029,921C,3035,2026-05-12
凱基土城,209.0,0,1000,921J,3035,2026-05-12
凱基土城,200.0,1000,0,921J,3035,2026-05-12
凱基土城,199.0,100,0,921J,3035,2026-05-12
凱基土城,197.0,3000,0,921J,3035,2026-05-12
凱基土城,190.0,6000,0,921J,3035,2026-05-12
凱基五股,208.0,1000,0,921G,3035,2026-05-12
凱基五股,205.0,0,1000,921G,3035,2026-05-12
凱基土城,203.0,3000,0,921J,3035,2026-05-12
凱基八德,208.5,0,4000,921M,3035,2026-05-12
凱基民權,198.0,100,0,921C,3035,2026-05-12
凱基民權,194.0,4550,6000,921C,3035,2026-05-12
凱基高美,202.5,3000,0,9215,3035,2026-05-12
凱基高美,203.5,0,2000,9215,3035,2026-05-12
凱基高美,204.5,1000,0,9215,3035,2026-05-12
凱基高美,206.5,1000,0,9215,3035,2026-05-12
凱基高美,207.5,5000,0,9215,3035,2026-05-12
凱基高美,208.5,10,0,9215,3035,2026-05-12
凱基高美,210.0,6,100,9215,3035,2026-05-12
凱基信義,194.0,3000,0,9216,3035,2026-05-12
凱基信義,198.5,1000,0,9216,3035,2026-05-12
凱基信義,203.0,150,1000,9216,3035,2026-05-12
凱基信義,208.5,1000,0,9216,3035,2026-05-12
凱基松山,188.0,1000,0,9217,3035,2026-05-12
凱基松山,189.0,0,11000,9217,3035,2026-05-12
凱基松山,190.0,0,1000,9217,3035,2026-05-12
凱基松山,192.0,2000,0,9217,3035,2026-05-12
凱基松山,193.5,0,3300,9217,3035,2026-05-12
凱基松山,195.5,3000,1000,9217,3035,2026-05-12
凱基民權,193.0,2050,0,921C,3035,2026-05-12
凱基民權,190.0,25,0,921C,3035,2026-05-12
凱基民權,188.0,1500,1000,921C,3035,2026-05-12
凱基大直,204.5,100,0,9218,3035,2026-05-12
凱基大直,203.0,100,0,9218,3035,2026-05-12
凱基大直,200.0,0,3000,9218,3035,2026-05-12
凱基民權,195.0,1350,0,921C,3035,2026-05-12
凱基大直,199.0,1000,2000,9218,3035,2026-05-12
凱基大直,194.0,100,1100,9218,3035,2026-05-12
凱基大直,193.0,1000,0,9218,3035,2026-05-12
凱基大直,192.0,1000,2000,9218,3035,2026-05-12
凱基大直,190.0,0,1000,9218,3035,2026-05-12
凱基松山,202.5,0,2000,9217,3035,2026-05-12
凱基松山,197.5,0,200,9217,3035,2026-05-12
凱基大直,196.0,1000,0,9218,3035,2026-05-12
凱基高美,201.5,0,2000,9215,3035,2026-05-12
凱基新莊,189.0,1000,0,921S,3035,2026-05-12
凱基新莊,191.5,1000,1000,921S,3035,2026-05-12
凱基汐止,194.0,1000,2000,9226,3035,2026-05-12
凱基汐止,195.0,100,0,9226,3035,2026-05-12
凱基汐止,196.0,1000,100,9226,3035,2026-05-12
凱基汐止,199.5,0,1000,9226,3035,2026-05-12
凱基汐止,201.0,100,0,9226,3035,2026-05-12
凱基汐止,202.0,0,5000,9226,3035,2026-05-12
凱基汐止,207.0,0,1000,9226,3035,2026-05-12
凱基汐止,208.0,1000,0,9226,3035,2026-05-12
凱基城中,189.0,3000,0,9227,3035,2026-05-12
凱基城中,190.5,1000,15000,9227,3035,2026-05-12
凱基城中,191.5,3000,0,9227,3035,2026-05-12
凱基城中,192.5,1000,0,9227,3035,2026-05-12
凱基城中,193.5,1000,0,9227,3035,2026-05-12
凱基城中,195.5,3000,1000,9227,3035,2026-05-12
凱基城中,196.5,0,1000,9227,3035,2026-05-12
凱基城中,198.5,2000,0,9227,3035,2026-05-12
凱基城中,200.5,2000,0,9227,3035,2026-05-12
凱基中山,207.5,1100,0,9229,3035,2026-05-12
凱基中山,201.5,0,1000,9229,3035,2026-05-12
凱基中山,200.5,4000,6000,9229,3035,2026-05-12
凱基中山,199.5,0,50,9229,3035,2026-05-12
凱基中山,197.5,2000,0,9229,3035,2026-05-12
凱基中山,196.0,1000,0,9229,3035,2026-05-12
凱基汐止,192.0,1000,180,9226,3035,2026-05-12
凱基中山,195.0,1000,200,9229,3035,2026-05-12
凱基中山,192.0,1000,1000,9229,3035,2026-05-12
凱基中山,190.5,6000,0,9229,3035,2026-05-12
凱基中山,189.5,1000,0,9229,3035,2026-05-12
凱基中山,188.5,3,0,9229,3035,2026-05-12
凱基中山,187.0,2000,0,9229,3035,2026-05-12
凱基城中,208.5,1000,0,9227,3035,2026-05-12
凱基中山,193.0,12,2000,9229,3035,2026-05-12
凱基新莊,190.0,0,2000,921S,3035,2026-05-12
凱基汐止,190.0,0,1500,9226,3035,2026-05-12
凱基內埔,208.5,2000,1000,9225,3035,2026-05-12
凱基新莊,192.5,1100,0,921S,3035,2026-05-12
凱基新莊,193.5,3050,0,921S,3035,2026-05-12
凱基新莊,194.5,3000,0,921S,3035,2026-05-12
凱基新莊,196.0,5000,0,921S,3035,2026-05-12
凱基新莊,197.5,1000,1000,921S,3035,2026-05-12
凱基新莊,198.5,1100,0,921S,3035,2026-05-12
凱基新莊,199.5,0,2000,921S,3035,2026-05-12
凱基新莊,202.0,0,3000,921S,3035,2026-05-12
凱基新莊,204.5,0,3000,921S,3035,2026-05-12
凱基新莊,206.0,1000,0,921S,3035,2026-05-12
凱基新莊,208.0,1000,0,921S,3035,2026-05-12
凱基新莊,209.5,400,0,921S,3035,2026-05-12
凱基東勢,192.0,0,1000,921Y,3035,2026-05-12
凱基東勢,193.0,5000,0,921Y,3035,2026-05-12
凱基東勢,195.0,0,5000,921Y,3035,2026-05-12
凱基東勢,196.5,0,2000,921Y,3035,2026-05-12
凱基東勢,199.0,100,0,921Y,3035,2026-05-12
凱基內埔,197.5,0,1000,9225,3035,2026-05-12
凱基內埔,196.0,100,0,9225,3035,2026-05-12
凱基內埔,193.5,0,100,9225,3035,2026-05-12
凱基內埔,189.5,0,15000,9225,3035,2026-05-12
凱基豐中,210.0,0,80,9223,3035,2026-05-12
凱基豐中,205.0,3000,0,9223,3035,2026-05-12
凱基汐止,189.0,0,1000,9226,3035,2026-05-12
凱基豐中,203.0,25,0,9223,3035,2026-05-12
凱基豐中,197.5,100,0,9223,3035,2026-05-12
凱基豐中,196.0,0,1000,9223,3035,2026-05-12
凱基豐中,194.5,1000,20000,9223,3035,2026-05-12
凱基豐中,193.5,0,1000,9223,3035,2026-05-12
凱基豐中,192.5,2000,0,9223,3035,2026-05-12
凱基豐中,189.5,1000,0,9223,3035,2026-05-12
凱基豐中,199.0,1000,0,9223,3035,2026-05-12
凱基高美,200.0,0,1000,9215,3035,2026-05-12
凱基高美,199.0,0,9000,9215,3035,2026-05-12
凱基高美,198.0,3000,5000,9215,3035,2026-05-12
凱基站前,200.0,0,1000,920F,3035,2026-05-12
凱基站前,201.0,1000,0,920F,3035,2026-05-12
凱基站前,202.5,0,1000,920F,3035,2026-05-12
凱基站前,203.5,50,0,920F,3035,2026-05-12
凱基站前,204.5,1000,0,920F,3035,2026-05-12
凱基站前,208.0,20000,2000,920F,3035,2026-05-12
凱基站前,209.0,1006,0,920F,3035,2026-05-12
凱基站前,210.0,1010,1020,920F,3035,2026-05-12
凱基彰化,188.0,1000,0,920G,3035,2026-05-12
凱基彰化,190.5,0,10000,920G,3035,2026-05-12
凱基彰化,192.0,0,2000,920G,3035,2026-05-12
凱基彰化,193.5,1000,0,920G,3035,2026-05-12
凱基彰化,194.5,8000,0,920G,3035,2026-05-12
凱基彰化,198.0,2000,450,920G,3035,2026-05-12
凱基彰化,200.5,0,1000,920G,3035,2026-05-12
凱基彰化,201.5,0,1000,920G,3035,2026-05-12
凱基彰化,202.5,1000,0,920G,3035,2026-05-12
凱基宜蘭,192.5,1000,0,920M,3035,2026-05-12
凱基宜蘭,191.5,0,5000,920M,3035,2026-05-12
凱基基隆,209.0,0,1000,920H,3035,2026-05-12
凱基基隆,206.0,1000,0,920H,3035,2026-05-12
凱基基隆,202.0,0,1000,920H,3035,2026-05-12
凱基基隆,200.0,0,1000,920H,3035,2026-05-12
凱基站前,199.0,4000,1000,920F,3035,2026-05-12
凱基基隆,199.0,2060,1000,920H,3035,2026-05-12
凱基基隆,194.0,0,3000,920H,3035,2026-05-12
凱基基隆,193.0,0,2000,920H,3035,2026-05-12
凱基基隆,192.0,0,1050,920H,3035,2026-05-12
凱基基隆,188.5,1000,0,920H,3035,2026-05-12
凱基彰化,210.0,5,50,920G,3035,2026-05-12
凱基彰化,206.0,0,2000,920G,3035,2026-05-12
凱基基隆,198.0,40000,2000,920H,3035,2026-05-12
凱基宜蘭,194.5,1000,0,920M,3035,2026-05-12
凱基站前,198.0,2108,2000,920F,3035,2026-05-12
凱基站前,195.5,3000,2000,920F,3035,2026-05-12
凱基雙和,191.5,0,1000,920C,3035,2026-05-12
凱基雙和,193.0,0,1000,920C,3035,2026-05-12
凱基雙和,194.0,2000,0,920C,3035,2026-05-12
凱基雙和,195.0,1000,0,920C,3035,2026-05-12
凱基雙和,196.0,1000,0,920C,3035,2026-05-12
凱基雙和,197.0,1000,1000,920C,3035,2026-05-12
凱基雙和,198.0,1000,2000,920C,3035,2026-05-12
凱基雙和,199.0,1000,2000,920C,3035,2026-05-12
凱基雙和,200.0,0,1000,920C,3035,2026-05-12
凱基雙和,201.0,1000,2000,920C,3035,2026-05-12
凱基雙和,202.0,1000,1000,920C,3035,2026-05-12
凱基雙和,204.0,0,1000,920C,3035,2026-05-12
凱基雙和,206.5,0,3000,920C,3035,2026-05-12
凱基雙和,208.5,1005,0,920C,3035,2026-05-12
凱基市府,188.0,1000,0,920D,3035,2026-05-12
凱基市府,189.0,2000,25,920D,3035,2026-05-12
凱基市府,190.5,1000,0,920D,3035,2026-05-12
凱基站前,194.5,0,3050,920F,3035,2026-05-12
凱基站前,193.5,2000,0,920F,3035,2026-05-12
凱基站前,192.5,3000,3000,920F,3035,2026-05-12
凱基站前,191.5,1000,198000,920F,3035,2026-05-12
凱基站前,190.5,0,45000,920F,3035,2026-05-12
凱基站前,189.5,2000,0,920F,3035,2026-05-12
凱基站前,197.0,1000,3000,920F,3035,2026-05-12
凱基站前,188.5,2000,0,920F,3035,2026-05-12
凱基市府,202.5,0,1000,920D,3035,2026-05-12
凱基市府,200.5,0,1000,920D,3035,2026-05-12
凱基市府,198.5,0,1000,920D,3035,2026-05-12
凱基市府,194.5,0,2000,920D,3035,2026-05-12
凱基市府,193.5,0,200,920D,3035,2026-05-12
凱基市府,192.5,50,2000,920D,3035,2026-05-12
凱基市府,209.0,0,1000,920D,3035,2026-05-12
凱基宜蘭,197.0,5000,0,920M,3035,2026-05-12
凱基宜蘭,198.0,200,0,920M,3035,2026-05-12
凱基宜蘭,199.5,0,1000,920M,3035,2026-05-12
凱基台南,190.5,1000,2000,9211,3035,2026-05-12
凱基台南,191.5,1000,1000,9211,3035,2026-05-12
凱基台南,192.5,1000,0,9211,3035,2026-05-12
凱基台南,193.5,0,3000,9211,3035,2026-05-12
凱基台南,194.5,1500,3000,9211,3035,2026-05-12
凱基台南,196.0,0,1200,9211,3035,2026-05-12
凱基台南,197.5,0,80,9211,3035,2026-05-12
凱基台南,198.5,1000,2000,9211,3035,2026-05-12
凱基台南,199.5,0,1000,9211,3035,2026-05-12
凱基台南,200.5,1000,3000,9211,3035,2026-05-12
凱基台南,201.5,0,3100,9211,3035,2026-05-12
凱基台南,202.5,0,2000,9211,3035,2026-05-12
凱基台南,210.0,1000,0,9211,3035,2026-05-12
凱基東港,190.0,1002,0,9212,3035,2026-05-12
凱基東港,192.0,2000,1000,9212,3035,2026-05-12
凱基東港,193.0,1000,1258,9212,3035,2026-05-12
凱基東港,194.0,1100,0,9212,3035,2026-05-12
凱基高美,197.0,0,2000,9215,3035,2026-05-12
凱基高美,195.5,5000,10,9215,3035,2026-05-12
凱基高美,194.5,2000,2003,9215,3035,2026-05-12
凱基高美,193.5,3100,1017,9215,3035,2026-05-12
凱基高美,192.0,10,180,9215,3035,2026-05-12
凱基高美,190.0,4000,0,9215,3035,2026-05-12
凱基台南,189.5,4025,0,9211,3035,2026-05-12
凱基高美,189.0,1000,8000,9215,3035,2026-05-12
凱基東港,208.5,50,0,9212,3035,2026-05-12
凱基東港,202.5,1000,0,9212,3035,2026-05-12
凱基東港,200.0,10,0,9212,3035,2026-05-12
凱基東港,198.5,1000,0,9212,3035,2026-05-12
凱基東港,197.5,1000,0,9212,3035,2026-05-12
凱基東港,195.5,1000,0,9212,3035,2026-05-12
凱基高美,188.0,1000,0,9215,3035,2026-05-12
凱基台南,188.5,1000,0,9211,3035,2026-05-12
凱基台東,208.5,0,500,920Z,3035,2026-05-12
凱基台東,206.5,0,1000,920Z,3035,2026-05-12
凱基湖口,201.5,3000,200,920N,3035,2026-05-12
凱基湖口,200.5,5000,0,920N,3035,2026-05-12
凱基湖口,199.5,0,2000,920N,3035,2026-05-12
凱基湖口,198.0,1250,0,920N,3035,2026-05-12
凱基湖口,197.0,6000,1000,920N,3035,2026-05-12
凱基湖口,196.0,100,0,920N,3035,2026-05-12
凱基湖口,203.0,0,1000,920N,3035,2026-05-12
凱基湖口,195.0,1000,0,920N,3035,2026-05-12
凱基湖口,192.5,1000,7000,920N,3035,2026-05-12
凱基湖口,191.0,200,0,920N,3035,2026-05-12
凱基湖口,190.0,0,100,920N,3035,2026-05-12
凱基湖口,189.0,6000,10000,920N,3035,2026-05-12
凱基宜蘭,204.5,0,1000,920M,3035,2026-05-12
凱基宜蘭,201.0,1000,2000,920M,3035,2026-05-12
凱基湖口,194.0,11100,0,920N,3035,2026-05-12
凱基屏東,189.0,1000,0,922C,3035,2026-05-12
凱基湖口,208.5,2000,1000,920N,3035,2026-05-12
凱基新店,193.5,30,0,920V,3035,2026-05-12
凱基台東,201.0,0,1000,920Z,3035,2026-05-12
凱基台東,198.5,1000,0,920Z,3035,2026-05-12
凱基台東,197.5,0,2000,920Z,3035,2026-05-12
凱基台東,193.5,0,1000,920Z,3035,2026-05-12
凱基大里,207.5,2000,0,920W,3035,2026-05-12
凱基大里,200.0,0,7000,920W,3035,2026-05-12
凱基新店,190.5,0,2100,920V,3035,2026-05-12
凱基大里,194.5,1000,0,920W,3035,2026-05-12
凱基大里,189.0,500,0,920W,3035,2026-05-12
凱基新店,210.0,1000,0,920V,3035,2026-05-12
凱基新店,207.5,1000,0,920V,3035,2026-05-12
凱基新店,202.5,2000,0,920V,3035,2026-05-12
凱基新店,198.0,100,1000,920V,3035,2026-05-12
凱基新店,195.0,1300,0,920V,3035,2026-05-12
凱基大里,190.5,0,3000,920W,3035,2026-05-12
凱基雙和,189.5,2000,0,920C,3035,2026-05-12
凱基屏東,191.5,3000,0,922C,3035,2026-05-12
凱基屏東,194.0,1000,0,922C,3035,2026-05-12
凱基竹科,192.5,0,1120,9272,3035,2026-05-12
凱基竹科,194.0,7020,13000,9272,3035,2026-05-12
凱基竹科,195.0,2020,50,9272,3035,2026-05-12
凱基竹科,196.0,0,151,9272,3035,2026-05-12
凱基竹科,197.0,0,6000,9272,3035,2026-05-12
凱基竹科,198.5,0,1030,9272,3035,2026-05-12
凱基竹科,199.5,0,2000,9272,3035,2026-05-12
凱基竹科,201.0,1000,0,9272,3035,2026-05-12
凱基竹科,202.0,1000,1000,9272,3035,2026-05-12
凱基竹科,204.0,1000,1000,9272,3035,2026-05-12
凱基竹科,208.0,0,1000,9272,3035,2026-05-12
凱基竹科,209.0,0,1000,9272,3035,2026-05-12
凱基竹科,210.5,0,39,9272,3035,2026-05-12
凱基竹東,193.0,1000,0,9273,3035,2026-05-12
凱基竹東,195.0,10,0,9273,3035,2026-05-12
凱基竹東,200.5,5000,0,9273,3035,2026-05-12
凱基竹東,209.0,2000,0,9273,3035,2026-05-12
凱基三多,195.5,50,1000,9275,3035,2026-05-12
凱基三多,194.5,0,10,9275,3035,2026-05-12
凱基三多,193.0,100,0,9275,3035,2026-05-12
凱基三多,191.0,1000,0,9275,3035,2026-05-12
凱基鳳山,210.0,200,0,9274,3035,2026-05-12
凱基鳳山,207.5,0,2000,9274,3035,2026-05-12
凱基竹科,191.5,0,1000,9272,3035,2026-05-12
凱基鳳山,202.0,1000,0,9274,3035,2026-05-12
凱基鳳山,199.0,1000,0,9274,3035,2026-05-12
凱基鳳山,195.0,0,100,9274,3035,2026-05-12
凱基鳳山,194.0,3000,0,9274,3035,2026-05-12
凱基鳳山,193.0,2000,2000,9274,3035,2026-05-12
凱基鳳山,192.0,2020,30,9274,3035,2026-05-12
凱基鳳山,190.0,1000,1000,9274,3035,2026-05-12
凱基鳳山,200.0,1000,0,9274,3035,2026-05-12
凱基三多,200.5,0,8000,9275,3035,2026-05-12
凱基竹科,190.5,1000,0,9272,3035,2026-05-12
凱基竹科,188.5,1000,1000,9272,3035,2026-05-12
凱基新豐,196.5,30,0,9266,3035,2026-05-12
凱基新豐,197.5,1000,0,9266,3035,2026-05-12
凱基新豐,198.5,2000,0,9266,3035,2026-05-12
凱基新豐,199.5,1000,1000,9266,3035,2026-05-12
凱基新豐,200.5,3000,0,9266,3035,2026-05-12
凱基新豐,202.0,0,3000,9266,3035,2026-05-12
凱基新豐,204.5,0,300,9266,3035,2026-05-12
凱基新豐,208.0,10000,0,9266,3035,2026-05-12
凱基新豐,210.0,1020,5,9266,3035,2026-05-12
凱基台北,188.0,0,18000,9268,3035,2026-05-12
凱基台北,189.0,150000,40500,9268,3035,2026-05-12
凱基台北,190.0,41000,11200,9268,3035,2026-05-12
凱基台北,191.0,3000,3000,9268,3035,2026-05-12
凱基台北,192.0,91000,47000,9268,3035,2026-05-12
凱基台北,193.0,72000,172000,9268,3035,2026-05-12
凱基台北,194.0,28000,315300,9268,3035,2026-05-12
凱基台北,195.0,20010,91000,9268,3035,2026-05-12
凱基台北,210.0,21000,35400,9268,3035,2026-05-12
凱基台北,208.5,272000,31000,9268,3035,2026-05-12
凱基台北,207.5,0,82000,9268,3035,2026-05-12
凱基台北,206.0,0,1100,9268,3035,2026-05-12
凱基台北,205.0,0,1000,9268,3035,2026-05-12
凱基台北,204.0,60000,71591,9268,3035,2026-05-12
凱基竹科,189.5,0,1000,9272,3035,2026-05-12
凱基台北,203.0,5000,34100,9268,3035,2026-05-12
凱基台北,201.0,9000,72000,9268,3035,2026-05-12
凱基台北,200.0,32000,16300,9268,3035,2026-05-12
凱基台北,199.0,360000,122000,9268,3035,2026-05-12
凱基台北,198.0,0,9000,9268,3035,2026-05-12
凱基台北,197.0,7000,63000,9268,3035,2026-05-12
凱基台北,196.0,168000,7056,9268,3035,2026-05-12
凱基台北,202.0,14000,4100,9268,3035,2026-05-12
凱基新豐,195.0,2520,0,9266,3035,2026-05-12
凱基三多,210.0,0,38,9275,3035,2026-05-12
凱基苗栗,200.0,1000,0,9276,3035,2026-05-12
凱基中壢,197.5,1000,150,9285,3035,2026-05-12
凱基中壢,198.5,1000,1000,9285,3035,2026-05-12
凱基中壢,199.5,0,1000,9285,3035,2026-05-12
凱基中壢,200.5,1000,0,9285,3035,2026-05-12
凱基中壢,201.5,1000,1000,9285,3035,2026-05-12
凱基中壢,202.5,0,1000,9285,3035,2026-05-12
凱基中壢,204.0,100,0,9285,3035,2026-05-12
凱基中壢,207.0,1000,1000,9285,3035,2026-05-12
凱基中壢,210.0,1,0,9285,3035,2026-05-12
凱基內湖,191.5,1000,0,9287,3035,2026-05-12
凱基內湖,192.5,2000,0,9287,3035,2026-05-12
凱基內湖,194.5,1000,2000,9287,3035,2026-05-12
凱基內湖,199.0,0,100,9287,3035,2026-05-12
凱基內湖,201.0,2000,0,9287,3035,2026-05-12
凱基內湖,202.5,0,1000,9287,3035,2026-05-12
凱基內湖,204.0,2000,0,9287,3035,2026-05-12
凱基內湖,209.0,0,1000,9287,3035,2026-05-12
凱基大安,190.0,1000,0,9291,3035,2026-05-12
凱基興隆,209.5,0,3000,9289,3035,2026-05-12
凱基興隆,199.0,1000,1000,9289,3035,2026-05-12
凱基興隆,197.0,50,0,9289,3035,2026-05-12
凱基興隆,194.5,1100,1000,9289,3035,2026-05-12
凱基興隆,193.5,1100,0,9289,3035,2026-05-12
凱基中壢,196.5,100,0,9285,3035,2026-05-12
凱基興隆,192.0,50,0,9289,3035,2026-05-12
凱基埔墘,206.5,1000,0,9288,3035,2026-05-12
凱基埔墘,200.0,1000,2000,9288,3035,2026-05-12
凱基埔墘,198.0,1000,0,9288,3035,2026-05-12
凱基埔墘,197.0,2000,0,9288,3035,2026-05-12
凱基埔墘,195.5,2000,0,9288,3035,2026-05-12
凱基埔墘,189.0,1000,6000,9288,3035,2026-05-12
凱基興隆,189.0,50,0,9289,3035,2026-05-12
凱基苗栗,193.5,1000,0,9276,3035,2026-05-12
凱基中壢,195.5,1000,0,9285,3035,2026-05-12
凱基中壢,193.5,1000,1000,9285,3035,2026-05-12
凱基苗栗,208.0,1000,0,9276,3035,2026-05-12
凱基永康,189.0,1507,0,9278,3035,2026-05-12
凱基永康,190.0,7,0,9278,3035,2026-05-12
凱基永康,191.5,2000,0,9278,3035,2026-05-12
凱基永康,192.5,7,0,9278,3035,2026-05-12
凱基永康,193.5,4000,0,9278,3035,2026-05-12
凱基永康,194.5,3000,0,9278,3035,2026-05-12
凱基永康,195.5,1000,0,9278,3035,2026-05-12
凱基永康,198.5,2000,0,9278,3035,2026-05-12
凱基永康,199.5,0,1000,9278,3035,2026-05-12
凱基永康,201.0,1000,0,9278,3035,2026-05-12
凱基永康,207.0,1000,0,9278,3035,2026-05-12
凱基永康,208.0,0,1000,9278,3035,2026-05-12
凱基永康,209.0,0,2000,9278,3035,2026-05-12
凱基斗六,192.0,15,0,9281,3035,2026-05-12
凱基斗六,193.5,15,0,9281,3035,2026-05-12
凱基斗六,198.0,30,0,9281,3035,2026-05-12
凱基中壢,192.5,0,1000,9285,3035,2026-05-12
凱基中壢,191.5,1000,1000,9285,3035,2026-05-12
凱基中壢,189.5,1000,2320,9285,3035,2026-05-12
凱基中壢,188.5,1000,14000,9285,3035,2026-05-12
凱基北門,208.5,0,1000,9283,3035,2026-05-12
凱基北門,207.0,1000,0,9283,3035,2026-05-12
凱基中壢,194.5,1100,0,9285,3035,2026-05-12
凱基北門,202.5,5000,0,9283,3035,2026-05-12
凱基北門,197.0,0,2000,9283,3035,2026-05-12
凱基北門,195.0,1000,0,9283,3035,2026-05-12
凱基北門,192.0,10000,2500,9283,3035,2026-05-12
凱基北門,189.5,0,5000,9283,3035,2026-05-12
凱基斗六,209.0,0,100,9281,3035,2026-05-12
凱基斗六,200.5,1000,0,9281,3035,2026-05-12
凱基北門,198.0,0,10000,9283,3035,2026-05-12
凱基新豐,193.5,6000,0,9266,3035,2026-05-12
凱基新豐,192.5,1250,0,9266,3035,2026-05-12
凱基新豐,191.5,1000,0,9266,3035,2026-05-12
凱基竹北,202.5,0,1000,9234,3035,2026-05-12
凱基竹北,203.5,1000,0,9234,3035,2026-05-12
凱基竹北,205.0,0,5,9234,3035,2026-05-12
凱基竹北,206.0,1000,0,9234,3035,2026-05-12
凱基竹北,208.5,1000,4000,9234,3035,2026-05-12
凱基竹北,210.0,4000,1000,9234,3035,2026-05-12
凱基永華,189.5,0,9000,9235,3035,2026-05-12
凱基永華,192.0,1020,0,9235,3035,2026-05-12
凱基永華,193.5,1000,0,9235,3035,2026-05-12
凱基永華,196.5,0,1000,9235,3035,2026-05-12
凱基永華,198.0,0,1000,9235,3035,2026-05-12
凱基永華,199.5,0,1000,9235,3035,2026-05-12
凱基永華,201.0,1000,0,9235,3035,2026-05-12
凱基永華,204.0,1000,0,9235,3035,2026-05-12
凱基永華,209.0,0,2000,9235,3035,2026-05-12
凱基虎尾,190.0,1000,0,9236,3035,2026-05-12
凱基虎尾,192.0,3000,0,9236,3035,2026-05-12
凱基士林,195.0,2013,122,9238,3035,2026-05-12
凱基士林,194.0,1000,6002,9238,3035,2026-05-12
凱基士林,193.0,1000,1000,9238,3035,2026-05-12
凱基士林,191.0,1000,0,9238,3035,2026-05-12
凱基士林,189.5,1000,0,9238,3035,2026-05-12
凱基士林,188.5,1000,0,9238,3035,2026-05-12
凱基竹北,201.0,2000,1000,9234,3035,2026-05-12
凱基敦北,198.5,2000,0,9237,3035,2026-05-12
凱基虎尾,202.0,1000,1000,9236,3035,2026-05-12
凱基虎尾,200.0,0,100,9236,3035,2026-05-12
凱基虎尾,198.5,1000,0,9236,3035,2026-05-12
凱基虎尾,197.5,5000,0,9236,3035,2026-05-12
凱基虎尾,194.5,1000,0,9236,3035,2026-05-12
凱基虎尾,193.0,2000,0,9236,3035,2026-05-12
凱基虎尾,207.5,1000,0,9236,3035,2026-05-12
凱基士林,196.5,0,1002,9238,3035,2026-05-12
凱基竹北,199.5,0,100,9234,3035,2026-05-12
凱基竹北,197.5,1000,1050,9234,3035,2026-05-12
凱基屏東,195.5,2000,0,922C,3035,2026-05-12
凱基屏東,199.5,0,1000,922C,3035,2026-05-12
凱基屏東,201.0,0,100,922C,3035,2026-05-12
凱基員林,188.5,1000,0,9231,3035,2026-05-12
凱基員林,193.0,1000,0,9231,3035,2026-05-12
凱基員林,195.0,10,3000,9231,3035,2026-05-12
凱基員林,197.5,0,1000,9231,3035,2026-05-12
凱基員林,200.5,1000,0,9231,3035,2026-05-12
凱基員林,208.5,5000,0,9231,3035,2026-05-12
凱基長庚,188.5,2000,0,9233,3035,2026-05-12
凱基長庚,189.5,1000,0,9233,3035,2026-05-12
凱基長庚,190.5,100,0,9233,3035,2026-05-12
凱基長庚,192.0,1000,0,9233,3035,2026-05-12
凱基長庚,193.0,0,6000,9233,3035,2026-05-12
凱基長庚,194.0,2000,1000,9233,3035,2026-05-12
凱基長庚,195.5,2000,0,9233,3035,2026-05-12
凱基長庚,196.5,1000,0,9233,3035,2026-05-12
凱基竹北,196.5,2000,0,9234,3035,2026-05-12
凱基竹北,195.0,11100,0,9234,3035,2026-05-12
凱基竹北,194.0,30000,0,9234,3035,2026-05-12
凱基竹北,193.0,1000,0,9234,3035,2026-05-12
凱基竹北,192.0,1000,0,9234,3035,2026-05-12
凱基竹北,191.0,2000,0,9234,3035,2026-05-12
凱基竹北,198.5,1000,0,9234,3035,2026-05-12
凱基長庚,210.5,300,0,9233,3035,2026-05-12
凱基長庚,207.0,1000,0,9233,3035,2026-05-12
凱基長庚,202.5,0,3000,9233,3035,2026-05-12
凱基長庚,201.5,0,499,9233,3035,2026-05-12
凱基長庚,200.5,2000,1002,9233,3035,2026-05-12
凱基長庚,199.0,2000,2000,9233,3035,2026-05-12
凱基長庚,198.0,0,1000,9233,3035,2026-05-12
凱基長庚,208.5,1000,0,9233,3035,2026-05-12
凱基士林,197.5,0,252,9238,3035,2026-05-12
凱基士林,199.0,0,2,9238,3035,2026-05-12
凱基士林,200.5,0,260,9238,3035,2026-05-12
凱基和平,194.5,0,1000,9255,3035,2026-05-12
凱基和平,197.0,0,1000,9255,3035,2026-05-12
凱基和平,198.5,1000,0,9255,3035,2026-05-12
凱基和平,201.0,2000,0,9255,3035,2026-05-12
凱基和平,203.0,0,1020,9255,3035,2026-05-12
凱基和平,204.0,0,1000,9255,3035,2026-05-12
凱基和平,209.0,0,1000,9255,3035,2026-05-12
凱基南崁,188.0,1000,0,9256,3035,2026-05-12
凱基南崁,190.0,1050,0,9256,3035,2026-05-12
凱基南崁,193.0,1000,0,9256,3035,2026-05-12
凱基南崁,194.0,1000,3000,9256,3035,2026-05-12
凱基南崁,195.0,56,2000,9256,3035,2026-05-12
凱基南崁,197.0,50,0,9256,3035,2026-05-12
凱基南崁,202.0,0,2000,9256,3035,2026-05-12
凱基南崁,204.0,0,1000,9256,3035,2026-05-12
凱基南崁,210.0,0,1000,9256,3035,2026-05-12
凱基林口,188.0,0,1000,9257,3035,2026-05-12
凱基新豐,189.5,100,0,9266,3035,2026-05-12
凱基新豐,188.5,2000,0,9266,3035,2026-05-12
凱基羅東,208.0,0,2000,9258,3035,2026-05-12
凱基羅東,204.5,0,2000,9258,3035,2026-05-12
凱基羅東,189.5,0,2000,9258,3035,2026-05-12
凱基林口,209.0,0,1000,9257,3035,2026-05-12
凱基和平,193.5,0,6000,9255,3035,2026-05-12
凱基林口,208.0,1000,0,9257,3035,2026-05-12
凱基林口,202.5,1000,0,9257,3035,2026-05-12
凱基林口,198.0,0,1000,9257,3035,2026-05-12
凱基林口,196.0,0,1000,9257,3035,2026-05-12
凱基林口,194.5,2000,2000,9257,3035,2026-05-12
凱基林口,193.5,1000,0,9257,3035,2026-05-12
凱基林口,192.0,1000,0,9257,3035,2026-05-12
凱基林口,204.0,1000,0,9257,3035,2026-05-12
凱基和平,192.5,2000,0,9255,3035,2026-05-12
凱基和平,190.0,1000,1000,9255,3035,2026-05-12
凱基和平,189.0,2000,2000,9255,3035,2026-05-12
凱基市政,204.5,0,5000,9239,3035,2026-05-12
凱基市政,202.5,4000,0,9239,3035,2026-05-12
凱基市政,201.5,1010,0,9239,3035,2026-05-12
凱基市政,200.5,2005,1000,9239,3035,2026-05-12
凱基市政,199.5,2000,0,9239,3035,2026-05-12
凱基市政,198.5,5,0,9239,3035,2026-05-12
凱基市政,206.5,0,1000,9239,3035,2026-05-12
凱基市政,197.0,5,0,9239,3035,2026-05-12
凱基市政,194.5,2000,0,9239,3035,2026-05-12
凱基市政,193.5,1300,0,9239,3035,2026-05-12
凱基市政,192.5,0,1000,9239,3035,2026-05-12
凱基市政,190.0,0,40,9239,3035,2026-05-12
凱基市政,188.0,1000,0,9239,3035,2026-05-12
凱基士林,203.5,0,1003,9238,3035,2026-05-12
凱基市政,195.5,0,100,9239,3035,2026-05-12
凱基屏東,193.0,0,5000,922C,3035,2026-05-12
凱基市政,208.0,100,0,9239,3035,2026-05-12
凱基嘉義,190.0,1000,0,9252,3035,2026-05-12
凱基科園,210.0,1000,0,9254,3035,2026-05-12
凱基科園,203.0,50,0,9254,3035,2026-05-12
凱基科園,200.5,0,1000,9254,3035,2026-05-12
凱基科園,199.5,100,0,9254,3035,2026-05-12
凱基科園,198.0,76,0,9254,3035,2026-05-12
凱基科園,195.0,10,0,9254,3035,2026-05-12
凱基市政,210.0,1000,0,9239,3035,2026-05-12
凱基科園,193.0,5300,0,9254,3035,2026-05-12
凱基嘉義,207.5,0,5000,9252,3035,2026-05-12
凱基嘉義,199.0,1000,0,9252,3035,2026-05-12
凱基嘉義,196.5,1000,0,9252,3035,2026-05-12
凱基嘉義,195.0,0,1000,9252,3035,2026-05-12
凱基嘉義,193.5,0,1000,9252,3035,2026-05-12
凱基嘉義,191.5,2000,25000,9252,3035,2026-05-12
凱基科園,190.0,4000,0,9254,3035,2026-05-12
凱基板橋,209.0,0,1000,920A,3035,2026-05-12
凱基板橋,206.5,1000,0,920A,3035,2026-05-12
凱基板橋,198.5,2000,0,920A,3035,2026-05-12
群益三民,200.5,4002,1000,9188,3035,2026-05-12
群益三民,202.5,1000,0,9188,3035,2026-05-12
群益三民,204.0,1000,0,9188,3035,2026-05-12
群益三民,205.5,30,0,9188,3035,2026-05-12
群益三民,208.5,0,1000,9188,3035,2026-05-12
群益桃園,189.0,100,0,9189,3035,2026-05-12
群益桃園,191.0,1000,1000,9189,3035,2026-05-12
群益桃園,193.0,1000,0,9189,3035,2026-05-12
群益桃園,194.0,1000,0,9189,3035,2026-05-12
群益桃園,195.0,1000,0,9189,3035,2026-05-12
群益桃園,198.5,0,1000,9189,3035,2026-05-12
群益桃園,200.5,1000,100,9189,3035,2026-05-12
群益桃園,202.0,1000,0,9189,3035,2026-05-12
群益桃園,203.0,0,61,9189,3035,2026-05-12
群益桃園,206.0,0,2000,9189,3035,2026-05-12
群益桃園,207.0,0,1000,9189,3035,2026-05-12
群益桃園,210.0,0,1000,9189,3035,2026-05-12
群益中壢,208.0,1000,0,918A,3035,2026-05-12
群益中壢,205.0,0,2000,918A,3035,2026-05-12
群益中壢,204.0,1000,0,918A,3035,2026-05-12
群益中壢,203.0,10,1000,918A,3035,2026-05-12
群益中壢,201.0,1000,0,918A,3035,2026-05-12
群益中壢,199.0,1000,2010,918A,3035,2026-05-12
群益三民,198.5,1000,2000,9188,3035,2026-05-12
群益中壢,198.0,2000,5000,918A,3035,2026-05-12
群益中壢,195.5,2000,0,918A,3035,2026-05-12
群益中壢,194.0,10,1000,918A,3035,2026-05-12
群益中壢,193.0,200,3000,918A,3035,2026-05-12
群益中壢,192.0,6000,3000,918A,3035,2026-05-12
群益中壢,190.0,2000,0,918A,3035,2026-05-12
群益中壢,189.0,8000,0,918A,3035,2026-05-12
群益中壢,197.0,1000,0,918A,3035,2026-05-12
群益中壢,209.0,0,1000,918A,3035,2026-05-12
群益三民,197.0,200,1000,9188,3035,2026-05-12
群益三民,194.5,1000,0,9188,3035,2026-05-12
群益台南,199.5,0,4000,9185,3035,2026-05-12
群益台南,201.0,1000,0,9185,3035,2026-05-12
群益台南,208.5,1000,0,9185,3035,2026-05-12
群益新竹,189.0,1000,0,9186,3035,2026-05-12
群益新竹,190.0,1000,0,9186,3035,2026-05-12
群益新竹,191.5,0,1000,9186,3035,2026-05-12
群益新竹,192.5,1000,1000,9186,3035,2026-05-12
群益新竹,194.5,11000,0,9186,3035,2026-05-12
群益新竹,195.5,100,0,9186,3035,2026-05-12
群益新竹,198.0,1000,0,9186,3035,2026-05-12
群益新竹,200.0,0,1000,9186,3035,2026-05-12
群益新竹,201.5,0,1000,9186,3035,2026-05-12
群益新竹,203.5,1000,0,9186,3035,2026-05-12
群益新竹,209.0,0,1000,9186,3035,2026-05-12
群益彰化,188.0,200,0,9187,3035,2026-05-12
群益彰化,189.5,0,1500,9187,3035,2026-05-12
群益彰化,190.5,50,0,9187,3035,2026-05-12
群益三民,193.0,1000,0,9188,3035,2026-05-12
群益三民,191.5,0,1000,9188,3035,2026-05-12
群益三民,190.5,50,7000,9188,3035,2026-05-12
群益三民,188.5,0,7000,9188,3035,2026-05-12
群益彰化,208.5,0,1000,9187,3035,2026-05-12
群益彰化,207.5,0,1000,9187,3035,2026-05-12
群益三民,195.5,2000,0,9188,3035,2026-05-12
群益彰化,202.5,100,0,9187,3035,2026-05-12
群益彰化,198.5,0,1000,9187,3035,2026-05-12
群益彰化,197.5,0,1000,9187,3035,2026-05-12
群益彰化,195.5,2000,1000,9187,3035,2026-05-12
群益彰化,194.0,1150,4000,9187,3035,2026-05-12
群益彰化,193.0,1000,0,9187,3035,2026-05-12
群益彰化,192.0,0,1000,9187,3035,2026-05-12
群益彰化,200.5,1000,0,9187,3035,2026-05-12
群益台南,198.5,1000,0,9185,3035,2026-05-12
群益板橋,189.0,0,2000,918B,3035,2026-05-12
群益板橋,192.0,0,1000,918B,3035,2026-05-12
群益古亭,202.0,0,2002,918C,3035,2026-05-12
群益古亭,204.5,0,20,918C,3035,2026-05-12
群益古亭,208.5,1000,1000,918C,3035,2026-05-12
群益內湖,189.5,0,200,918d,3035,2026-05-12
群益內湖,191.0,0,500,918d,3035,2026-05-12
群益內湖,192.0,0,100,918d,3035,2026-05-12
群益內湖,193.0,50,0,918d,3035,2026-05-12
群益內湖,194.0,0,21000,918d,3035,2026-05-12
群益內湖,195.0,0,209,918d,3035,2026-05-12
群益內湖,196.5,0,8000,918d,3035,2026-05-12
群益內湖,198.0,1000,0,918d,3035,2026-05-12
群益內湖,199.5,1,3001,918d,3035,2026-05-12
群益內湖,201.0,3000,200,918d,3035,2026-05-12
群益內湖,203.0,50,5000,918d,3035,2026-05-12
群益內湖,207.0,2000,0,918d,3035,2026-05-12
群益內湖,209.0,10200,0,918d,3035,2026-05-12
群益內湖,210.5,100,0,918d,3035,2026-05-12
群益大安,195.0,0,100,918e,3035,2026-05-12
群益大安,192.5,2000,0,918e,3035,2026-05-12
群益大安,188.5,1000,0,918e,3035,2026-05-12
群益東門,210.0,0,100,918D,3035,2026-05-12
群益東門,209.0,2000,0,918D,3035,2026-05-12
群益東門,208.0,20000,0,918D,3035,2026-05-12
群益古亭,201.0,1000,1000,918C,3035,2026-05-12
群益東門,206.5,0,2000,918D,3035,2026-05-12
群益東門,202.5,1000,0,918D,3035,2026-05-12
群益東門,198.0,1000,0,918D,3035,2026-05-12
群益東門,195.0,0,1000,918D,3035,2026-05-12
群益東門,194.0,1000,0,918D,3035,2026-05-12
群益東門,193.0,0,1000,918D,3035,2026-05-12
群益東門,191.0,1000,0,918D,3035,2026-05-12
群益東門,204.5,0,1000,918D,3035,2026-05-12
群益板橋,191.0,0,7000,918B,3035,2026-05-12
群益古亭,198.5,0,1000,918C,3035,2026-05-12
群益古亭,195.5,1100,100,918C,3035,2026-05-12
群益板橋,194.0,5000,0,918B,3035,2026-05-12
群益板橋,195.0,2000,0,918B,3035,2026-05-12
群益板橋,199.0,50,0,918B,3035,2026-05-12
群益板橋,200.5,1000,0,918B,3035,2026-05-12
群益板橋,202.5,0,1000,918B,3035,2026-05-12
群益板橋,204.0,1000,0,918B,3035,2026-05-12
群益板橋,208.0,50,1000,918B,3035,2026-05-12
群益板橋,209.5,1000,0,918B,3035,2026-05-12
群益鳳山,189.5,100,0,918c,3035,2026-05-12
群益鳳山,190.5,1000,200,918c,3035,2026-05-12
群益鳳山,191.5,1000,0,918c,3035,2026-05-12
群益鳳山,192.5,1000,0,918c,3035,2026-05-12
群益鳳山,193.5,150,2000,918c,3035,2026-05-12
群益鳳山,194.5,0,1000,918c,3035,2026-05-12
群益鳳山,195.5,1000,0,918c,3035,2026-05-12
群益鳳山,197.0,0,2000,918c,3035,2026-05-12
群益鳳山,198.0,3000,0,918c,3035,2026-05-12
群益古亭,194.5,200,0,918C,3035,2026-05-12
群益古亭,193.5,4000,0,918C,3035,2026-05-12
群益古亭,192.5,1000,0,918C,3035,2026-05-12
群益古亭,191.5,1000,0,918C,3035,2026-05-12
群益古亭,190.5,0,1000,918C,3035,2026-05-12
群益古亭,189.0,1101,0,918C,3035,2026-05-12
群益古亭,197.5,6000,0,918C,3035,2026-05-12
群益古亭,188.0,1,0,918C,3035,2026-05-12
群益鳳山,208.5,1000,1000,918c,3035,2026-05-12
群益鳳山,204.5,0,500,918c,3035,2026-05-12
群益鳳山,202.5,3000,0,918c,3035,2026-05-12
群益鳳山,201.5,0,1000,918c,3035,2026-05-12
群益鳳山,200.5,2000,0,918c,3035,2026-05-12
群益鳳山,199.0,1010,2000,918c,3035,2026-05-12
群益鳳山,209.5,1000,0,918c,3035,2026-05-12
群益台南,194.0,100,0,9185,3035,2026-05-12
群益台南,191.0,1000,1000,9185,3035,2026-05-12
群益台南,190.0,0,1000,9185,3035,2026-05-12
群益屏東,190.0,1000,0,913H,3035,2026-05-12
群益屏東,192.0,0,2000,913H,3035,2026-05-12
群益屏東,193.5,0,1000,913H,3035,2026-05-12
群益屏東,195.5,1000,0,913H,3035,2026-05-12
群益屏東,200.0,1000,200,913H,3035,2026-05-12
群益屏東,203.5,0,1000,913H,3035,2026-05-12
群益屏東,207.5,1000,0,913H,3035,2026-05-12
群益萬華,187.0,1000,0,913I,3035,2026-05-12
群益萬華,188.5,1000,0,913I,3035,2026-05-12
群益萬華,189.5,4000,0,913I,3035,2026-05-12
群益萬華,192.0,0,1000,913I,3035,2026-05-12
群益萬華,194.0,1000,1010,913I,3035,2026-05-12
群益萬華,195.0,250,2000,913I,3035,2026-05-12
群益萬華,196.0,0,1000,913I,3035,2026-05-12
群益萬華,197.0,0,5000,913I,3035,2026-05-12
群益萬華,199.0,0,30,913I,3035,2026-05-12
群益萬華,203.0,0,1000,913I,3035,2026-05-12
群益北高,194.0,100,0,913R,3035,2026-05-12
群益北高,192.0,2000,0,913R,3035,2026-05-12
群益北高,187.5,100,0,913R,3035,2026-05-12
群益土城,210.0,10,0,913N,3035,2026-05-12
群益土城,208.5,1000,2000,913N,3035,2026-05-12
群益土城,205.5,0,4,913N,3035,2026-05-12
群益屏東,189.0,1000,0,913H,3035,2026-05-12
群益土城,204.5,1000,0,913N,3035,2026-05-12
群益土城,199.0,1000,0,913N,3035,2026-05-12
群益土城,195.5,1040,0,913N,3035,2026-05-12
群益土城,194.0,2000,1050,913N,3035,2026-05-12
群益土城,192.5,1000,1000,913N,3035,2026-05-12
群益土城,190.0,1000,0,913N,3035,2026-05-12
群益萬華,209.0,50,0,913I,3035,2026-05-12
群益土城,200.5,3000,0,913N,3035,2026-05-12
群益北高,196.5,5000,0,913R,3035,2026-05-12
群益三重,209.0,200,0,913g,3035,2026-05-12
群益三重,202.0,0,1000,913g,3035,2026-05-12
群益中港,193.0,1000,10,9138,3035,2026-05-12
群益中港,195.0,25,0,9138,3035,2026-05-12
群益中港,197.0,0,1000,9138,3035,2026-05-12
群益中港,198.0,1000,0,9138,3035,2026-05-12
群益中港,200.5,1000,0,9138,3035,2026-05-12
群益潭子,188.0,1000,0,913D,3035,2026-05-12
群益潭子,189.0,3000,0,913D,3035,2026-05-12
群益潭子,190.5,1000,0,913D,3035,2026-05-12
群益潭子,192.0,1000,0,913D,3035,2026-05-12
群益潭子,194.0,1200,1002,913D,3035,2026-05-12
群益潭子,195.0,1000,0,913D,3035,2026-05-12
群益潭子,196.0,0,4000,913D,3035,2026-05-12
群益潭子,197.5,100,0,913D,3035,2026-05-12
群益潭子,198.5,1000,0,913D,3035,2026-05-12
群益潭子,201.0,1000,0,913D,3035,2026-05-12
群益潭子,202.5,2000,2000,913D,3035,2026-05-12
群益潭子,204.0,0,7000,913D,3035,2026-05-12
群益三重,200.0,0,2000,913g,3035,2026-05-12
群益三重,196.5,1000,0,913g,3035,2026-05-12
群益三重,195.5,1000,0,913g,3035,2026-05-12
群益三重,194.0,3020,0,913g,3035,2026-05-12
群益三重,192.5,0,10000,913g,3035,2026-05-12
群益三重,189.5,150,4000,913g,3035,2026-05-12
群益三重,205.0,0,1000,913g,3035,2026-05-12
群益三重,188.5,100,0,913g,3035,2026-05-12
群益基隆,204.5,1000,0,913E,3035,2026-05-12
群益基隆,202.5,1000,0,913E,3035,2026-05-12
群益基隆,201.5,1030,0,913E,3035,2026-05-12
群益基隆,200.0,1000,1000,913E,3035,2026-05-12
群益基隆,195.5,1000,0,913E,3035,2026-05-12
群益潭子,209.5,193,0,913D,3035,2026-05-12
群益基隆,208.5,0,1000,913E,3035,2026-05-12
群益北高,200.5,9000,0,913R,3035,2026-05-12
群益北高,201.5,20,0,913R,3035,2026-05-12
群益北高,204.0,0,1000,913R,3035,2026-05-12
群益館前,210.0,300,0,913Y,3035,2026-05-12
群益高雄,190.0,1362,50,9183,3035,2026-05-12
群益高雄,191.5,2000,0,9183,3035,2026-05-12
群益高雄,192.5,0,1000,9183,3035,2026-05-12
群益高雄,193.5,1000,1000,9183,3035,2026-05-12
群益高雄,194.5,2000,2000,9183,3035,2026-05-12
群益高雄,196.0,1000,1000,9183,3035,2026-05-12
群益高雄,197.0,1000,0,9183,3035,2026-05-12
群益高雄,198.0,2000,1000,9183,3035,2026-05-12
群益高雄,199.5,90,0,9183,3035,2026-05-12
群益高雄,201.5,0,20,9183,3035,2026-05-12
群益高雄,204.0,0,11000,9183,3035,2026-05-12
群益高雄,208.5,50,0,9183,3035,2026-05-12
群益高雄,210.5,50,0,9183,3035,2026-05-12
群益台中,187.5,0,2000,9184,3035,2026-05-12
群益台中,189.5,1250,300,9184,3035,2026-05-12
群益台中,190.5,1000,0,9184,3035,2026-05-12
群益台中,209.0,1000,0,9184,3035,2026-05-12
群益台中,207.0,0,10000,9184,3035,2026-05-12
群益台中,206.0,1000,0,9184,3035,2026-05-12
群益台中,204.5,1000,2000,9184,3035,2026-05-12
群益台中,203.0,0,7000,9184,3035,2026-05-12
群益台中,201.5,0,100,9184,3035,2026-05-12
群益館前,209.0,4000,2000,913Y,3035,2026-05-12
群益台中,200.0,0,2000,9184,3035,2026-05-12
群益台中,198.0,2100,0,9184,3035,2026-05-12
群益台中,196.5,1000,2000,9184,3035,2026-05-12
群益台中,195.0,2000,0,9184,3035,2026-05-12
群益台中,194.0,2100,1000,9184,3035,2026-05-12
群益台中,192.5,150,1300,9184,3035,2026-05-12
群益台中,191.5,1000,1000,9184,3035,2026-05-12
群益台中,199.0,0,1000,9184,3035,2026-05-12
群益館前,208.0,2000,3000,913Y,3035,2026-05-12
群益館前,207.0,1000,0,913Y,3035,2026-05-12
群益館前,206.0,3000,3000,913Y,3035,2026-05-12
群益崇德,205.0,0,1030,913U,3035,2026-05-12
群益崇德,203.5,0,1000,913U,3035,2026-05-12
群益崇德,201.5,1000,0,913U,3035,2026-05-12
群益崇德,200.0,50,130,913U,3035,2026-05-12
群益崇德,198.5,1000,0,913U,3035,2026-05-12
群益崇德,196.5,6000,0,913U,3035,2026-05-12
群益崇德,209.0,0,2000,913U,3035,2026-05-12
群益崇德,195.0,0,2,913U,3035,2026-05-12
群益崇德,192.5,1000,0,913U,3035,2026-05-12
群益崇德,191.5,1100,0,913U,3035,2026-05-12
群益崇德,190.5,2000,1000,913U,3035,2026-05-12
群益崇德,189.5,60,0,913U,3035,2026-05-12
群益崇德,188.5,1000,0,913U,3035,2026-05-12
群益北高,209.5,0,1020,913R,3035,2026-05-12
群益崇德,193.5,2000,2000,913U,3035,2026-05-12
群益大安,197.0,1000,0,918e,3035,2026-05-12
群益館前,187.5,0,2000,913Y,3035,2026-05-12
群益館前,190.0,0,1000,913Y,3035,2026-05-12
群益館前,204.5,0,3000,913Y,3035,2026-05-12
群益館前,203.5,2000,0,913Y,3035,2026-05-12
群益館前,202.5,8005,9000,913Y,3035,2026-05-12
群益館前,201.5,2000,1000,913Y,3035,2026-05-12
群益館前,200.5,1000,1000,913Y,3035,2026-05-12
群益館前,199.5,3000,5000,913Y,3035,2026-05-12
群益館前,189.0,100,0,913Y,3035,2026-05-12
群益館前,198.5,0,2000,913Y,3035,2026-05-12
群益館前,196.5,5000,0,913Y,3035,2026-05-12
群益館前,195.5,1000,12100,913Y,3035,2026-05-12
群益館前,194.5,2100,0,913Y,3035,2026-05-12
群益館前,193.5,50,1050,913Y,3035,2026-05-12
群益館前,192.5,1000,500,913Y,3035,2026-05-12
群益館前,191.0,1000,0,913Y,3035,2026-05-12
群益館前,197.5,0,1050,913Y,3035,2026-05-12
群益南京,189.5,0,1000,918E,3035,2026-05-12
群益南京,193.0,0,2600,918E,3035,2026-05-12
群益南京,194.0,1000,0,918E,3035,2026-05-12
凱基,199.0,41000,0,9200,3035,2026-05-12
凱基,201.0,1000,0,9200,3035,2026-05-12
凱基,202.0,2000,1000,9200,3035,2026-05-12
凱基,203.0,2000,0,9200,3035,2026-05-12
凱基,204.0,2000,0,9200,3035,2026-05-12
凱基,205.0,2000,0,9200,3035,2026-05-12
凱基,206.5,3000,0,9200,3035,2026-05-12
凱基,208.0,42000,0,9200,3035,2026-05-12
凱基,209.0,104000,0,9200,3035,2026-05-12
凱基,210.0,111005,0,9200,3035,2026-05-12
凱基中港,189.0,2000,0,9202,3035,2026-05-12
凱基中港,190.0,20,0,9202,3035,2026-05-12
凱基中港,191.5,1000,0,9202,3035,2026-05-12
凱基中港,192.5,0,1000,9202,3035,2026-05-12
凱基中港,193.5,0,6000,9202,3035,2026-05-12
凱基中港,194.5,0,1000,9202,3035,2026-05-12
凱基中港,196.5,1000,0,9202,3035,2026-05-12
凱基台中,199.5,100,0,9204,3035,2026-05-12
凱基台中,198.5,0,1000,9204,3035,2026-05-12
凱基台中,197.5,1000,0,9204,3035,2026-05-12
凱基台中,195.5,1000,0,9204,3035,2026-05-12
凱基台中,194.0,1000,0,9204,3035,2026-05-12
凱基台中,193.0,2000,1000,9204,3035,2026-05-12
凱基,197.5,1000,0,9200,3035,2026-05-12
凱基台中,192.0,1000,1000,9204,3035,2026-05-12
凱基台中,188.5,0,1000,9204,3035,2026-05-12
凱基台中,187.5,0,1000,9204,3035,2026-05-12
凱基中港,202.0,1000,0,9202,3035,2026-05-12
凱基中港,200.5,4000,4000,9202,3035,2026-05-12
凱基中港,199.0,1000,0,9202,3035,2026-05-12
凱基中港,198.0,0,1000,9202,3035,2026-05-12
凱基台中,190.0,1000,0,9204,3035,2026-05-12
凱基台中,201.5,200,1000,9204,3035,2026-05-12
凱基,196.5,4000,0,9200,3035,2026-05-12
凱基,194.5,4000,0,9200,3035,2026-05-12
群益延平,192.0,1000,1000,918x,3035,2026-05-12
群益延平,193.5,4000,1000,918x,3035,2026-05-12
群益延平,194.5,0,3000,918x,3035,2026-05-12
群益延平,196.5,1000,1000,918x,3035,2026-05-12
群益延平,198.5,0,1000,918x,3035,2026-05-12
群益延平,201.5,0,1000,918x,3035,2026-05-12
群益延平,207.5,1000,0,918x,3035,2026-05-12
群益延平,209.5,1000,0,918x,3035,2026-05-12
群益台北,189.5,1000,3000,918X,3035,2026-05-12
群益台北,191.5,1000,0,918X,3035,2026-05-12
群益台北,194.0,0,1000,918X,3035,2026-05-12
群益台北,195.5,0,300,918X,3035,2026-05-12
群益台北,200.0,0,200,918X,3035,2026-05-12
群益台北,202.0,1000,0,918X,3035,2026-05-12
群益台北,208.5,0,1000,918X,3035,2026-05-12
群益宜蘭,187.5,1000,0,918z,3035,2026-05-12
群益宜蘭,191.0,0,1000,918z,3035,2026-05-12
凱基,193.5,2000,0,9200,3035,2026-05-12
凱基,192.5,7000,2000,9200,3035,2026-05-12
凱基,191.5,1000,0,9200,3035,2026-05-12
凱基,190.5,0,10000,9200,3035,2026-05-12
凱基,189.5,1000,0,9200,3035,2026-05-12
凱基,187.0,0,1000,9200,3035,2026-05-12
凱基,195.5,2000,0,9200,3035,2026-05-12
群益宜蘭,208.5,2000,0,918z,3035,2026-05-12
群益宜蘭,204.0,0,2000,918z,3035,2026-05-12
群益宜蘭,202.0,2000,0,918z,3035,2026-05-12
群益宜蘭,196.0,0,200,918z,3035,2026-05-12
群益宜蘭,194.5,2000,0,918z,3035,2026-05-12
群益宜蘭,193.5,3000,3000,918z,3035,2026-05-12
群益宜蘭,192.0,1000,0,918z,3035,2026-05-12
群益宜蘭,207.5,1000,0,918z,3035,2026-05-12
凱基台中,204.5,1000,0,9204,3035,2026-05-12
凱基台中,209.5,1250,0,9204,3035,2026-05-12
凱基三重,190.0,1000,0,9205,3035,2026-05-12
凱基桃園,190.5,1000,2000,9208,3035,2026-05-12
凱基桃園,191.5,1000,0,9208,3035,2026-05-12
凱基桃園,192.5,1000,1000,9208,3035,2026-05-12
凱基桃園,193.5,2000,1000,9208,3035,2026-05-12
凱基桃園,195.0,300,0,9208,3035,2026-05-12
凱基桃園,196.0,0,5000,9208,3035,2026-05-12
凱基桃園,197.0,0,1000,9208,3035,2026-05-12
凱基桃園,198.0,1000,0,9208,3035,2026-05-12
凱基桃園,199.0,1000,0,9208,3035,2026-05-12
凱基桃園,200.0,1000,0,9208,3035,2026-05-12
凱基桃園,201.0,0,4000,9208,3035,2026-05-12
凱基桃園,202.0,2000,1000,9208,3035,2026-05-12
凱基桃園,203.0,10,1000,9208,3035,2026-05-12
凱基桃園,205.0,0,1000,9208,3035,2026-05-12
凱基桃園,206.5,2000,1000,9208,3035,2026-05-12
凱基桃園,208.0,2000,0,9208,3035,2026-05-12
凱基桃園,209.0,10,0,9208,3035,2026-05-12
凱基板橋,195.5,0,1000,920A,3035,2026-05-12
凱基板橋,194.5,1000,1000,920A,3035,2026-05-12
凱基板橋,192.5,1100,0,920A,3035,2026-05-12
凱基岡山,208.5,1000,1000,9209,3035,2026-05-12
凱基岡山,203.0,1000,1000,9209,3035,2026-05-12
凱基岡山,202.0,2000,0,9209,3035,2026-05-12
凱基桃園,189.5,132,3000,9208,3035,2026-05-12
凱基岡山,198.5,1000,0,9209,3035,2026-05-12
凱基岡山,195.0,0,1000,9209,3035,2026-05-12
凱基岡山,194.0,100,0,9209,3035,2026-05-12
凱基岡山,192.5,0,1000,9209,3035,2026-05-12
凱基岡山,191.5,2000,0,9209,3035,2026-05-12
凱基岡山,189.5,1100,0,9209,3035,2026-05-12
凱基岡山,188.0,1000,0,9209,3035,2026-05-12
凱基岡山,197.5,1000,1000,9209,3035,2026-05-12
凱基桃園,188.5,2000,0,9208,3035,2026-05-12
凱基永和,210.0,0,20,9207,3035,2026-05-12
凱基永和,201.5,0,1000,9207,3035,2026-05-12
凱基高雄,190.5,0,1000,9206,3035,2026-05-12
凱基高雄,188.0,400,0,9206,3035,2026-05-12
凱基三重,208.5,4000,1000,9205,3035,2026-05-12
凱基三重,206.5,0,1000,9205,3035,2026-05-12
凱基三重,202.5,1000,1000,9205,3035,2026-05-12
凱基三重,201.5,0,2000,9205,3035,2026-05-12
凱基高雄,191.5,2000,1000,9206,3035,2026-05-12
凱基三重,200.5,0,1000,9205,3035,2026-05-12
凱基三重,198.5,0,4000,9205,3035,2026-05-12
凱基三重,196.5,1100,0,9205,3035,2026-05-12
凱基三重,195.5,13000,0,9205,3035,2026-05-12
凱基三重,193.5,1000,1000,9205,3035,2026-05-12
凱基三重,192.5,2000,0,9205,3035,2026-05-12
凱基三重,191.5,1000,0,9205,3035,2026-05-12
凱基三重,199.5,1000,8000,9205,3035,2026-05-12
群益延平,189.5,1000,0,918x,3035,2026-05-12
凱基高雄,192.5,3000,0,9206,3035,2026-05-12
凱基高雄,194.5,10,0,9206,3035,2026-05-12
凱基永和,199.0,350,0,9207,3035,2026-05-12
凱基永和,196.5,20,0,9207,3035,2026-05-12
凱基永和,195.0,50,0,9207,3035,2026-05-12
凱基永和,194.0,1000,0,9207,3035,2026-05-12
凱基永和,193.0,1000,1000,9207,3035,2026-05-12
凱基永和,191.0,1000,0,9207,3035,2026-05-12
凱基高雄,193.5,2000,1000,9206,3035,2026-05-12
凱基永和,189.0,200,0,9207,3035,2026-05-12
凱基高雄,203.0,100,0,9206,3035,2026-05-12
凱基高雄,201.0,5000,1000,9206,3035,2026-05-12
凱基高雄,200.0,2000,0,9206,3035,2026-05-12
凱基高雄,198.0,1000,0,9206,3035,2026-05-12
凱基高雄,196.5,1000,0,9206,3035,2026-05-12
凱基高雄,195.5,0,1000,9206,3035,2026-05-12
凱基高雄,207.0,0,1000,9206,3035,2026-05-12
國票南崁,199.5,1000,0,779E,3035,2026-05-12
群益延平,188.0,1000,0,918x,3035,2026-05-12
群益忠孝,202.0,0,1000,918W,3035,2026-05-12
群益新莊,206.5,1000,2000,918G,3035,2026-05-12
群益新莊,208.0,1000,2000,918G,3035,2026-05-12
群益新莊,209.0,1000,0,918G,3035,2026-05-12
群益新莊,210.0,0,200,918G,3035,2026-05-12
群益中山,189.5,2000,0,918H,3035,2026-05-12
群益中山,191.0,0,1000,918H,3035,2026-05-12
群益中山,192.5,0,1000,918H,3035,2026-05-12
群益中山,193.5,1000,0,918H,3035,2026-05-12
群益中山,194.5,0,1000,918H,3035,2026-05-12
群益中山,195.5,1000,0,918H,3035,2026-05-12
群益中山,196.5,0,1000,918H,3035,2026-05-12
群益中山,203.0,0,1000,918H,3035,2026-05-12
群益中山,208.5,1000,0,918H,3035,2026-05-12
群益竹南,194.0,0,2000,918i,3035,2026-05-12
群益竹南,200.0,0,50,918i,3035,2026-05-12
群益竹南,201.0,0,1000,918i,3035,2026-05-12
群益竹南,209.0,0,1000,918i,3035,2026-05-12
群益永和,207.5,1,0,918J,3035,2026-05-12
群益永和,206.0,1000,0,918J,3035,2026-05-12
群益永和,202.0,1000,0,918J,3035,2026-05-12
群益永和,200.5,0,1000,918J,3035,2026-05-12
群益永和,199.0,3000,2000,918J,3035,2026-05-12
群益永和,197.5,1000,0,918J,3035,2026-05-12
群益新莊,202.5,1000,0,918G,3035,2026-05-12
群益永和,196.0,2000,0,918J,3035,2026-05-12
群益永和,193.5,1000,0,918J,3035,2026-05-12
群益永和,192.5,100,0,918J,3035,2026-05-12
群益永和,191.5,1000,0,918J,3035,2026-05-12
群益永和,190.0,6000,2000,918J,3035,2026-05-12
群益永和,189.0,0,3001,918J,3035,2026-05-12
群益永和,187.5,1000,0,918J,3035,2026-05-12
群益永和,194.5,1000,2000,918J,3035,2026-05-12
群益永和,208.5,0,1000,918J,3035,2026-05-12
群益新莊,200.5,5000,0,918G,3035,2026-05-12
群益新莊,198.5,0,4000,918G,3035,2026-05-12
群益南京,198.5,1000,0,918E,3035,2026-05-12
群益南京,202.0,2000,0,918E,3035,2026-05-12
群益南京,204.5,0,1000,918E,3035,2026-05-12
群益新店,189.5,1000,0,918F,3035,2026-05-12
群益新店,191.0,100,0,918F,3035,2026-05-12
群益新店,193.0,2000,1000,918F,3035,2026-05-12
群益新店,194.0,600,0,918F,3035,2026-05-12
群益新店,199.5,100,0,918F,3035,2026-05-12
群益新店,202.5,50,1000,918F,3035,2026-05-12
群益新店,207.5,50,0,918F,3035,2026-05-12
群益新店,208.5,1000,1000,918F,3035,2026-05-12
群益新店,210.0,100,0,918F,3035,2026-05-12
群益大甲,188.5,2000,0,918g,3035,2026-05-12
群益大甲,189.5,1000,0,918g,3035,2026-05-12
群益大甲,190.5,100,0,918g,3035,2026-05-12
群益大甲,192.0,0,2000,918g,3035,2026-05-12
群益大甲,193.5,1000,10000,918g,3035,2026-05-12
群益新莊,196.5,0,3000,918G,3035,2026-05-12
群益新莊,194.5,2058,0,918G,3035,2026-05-12
群益新莊,192.0,0,2000,918G,3035,2026-05-12
群益新莊,190.0,3000,1000,918G,3035,2026-05-12
群益新莊,189.0,7000,0,918G,3035,2026-05-12
群益新莊,188.0,5000,0,918G,3035,2026-05-12
群益新莊,199.5,0,200,918G,3035,2026-05-12
群益大甲,209.5,10,100,918g,3035,2026-05-12
群益大甲,205.0,50,0,918g,3035,2026-05-12
群益大甲,202.5,1000,0,918g,3035,2026-05-12
群益大甲,201.0,20,0,918g,3035,2026-05-12
群益大甲,199.5,0,1000,918g,3035,2026-05-12
群益大甲,198.0,0,2000,918g,3035,2026-05-12
群益大甲,195.0,0,1000,918g,3035,2026-05-12
群益大甲,208.0,1000,0,918g,3035,2026-05-12
群益永和,210.0,0,1000,918J,3035,2026-05-12
群益東湖,188.5,2,2000,918K,3035,2026-05-12
群益東湖,190.5,1000,0,918K,3035,2026-05-12
群益天母,209.0,1000,2000,918P,3035,2026-05-12
群益丹鳳,189.0,1000,0,918s,3035,2026-05-12
群益丹鳳,191.5,0,1000,918s,3035,2026-05-12
群益丹鳳,193.0,0,1000,918s,3035,2026-05-12
群益丹鳳,194.0,2000,1000,918s,3035,2026-05-12
群益丹鳳,195.5,0,1000,918s,3035,2026-05-12
群益丹鳳,197.0,0,1000,918s,3035,2026-05-12
群益丹鳳,199.0,1000,150,918s,3035,2026-05-12
群益丹鳳,200.5,1000,0,918s,3035,2026-05-12
群益丹鳳,202.0,1000,1000,918s,3035,2026-05-12
群益丹鳳,203.0,9,0,918s,3035,2026-05-12
群益丹鳳,208.0,0,1000,918s,3035,2026-05-12
群益丹鳳,209.5,50,0,918s,3035,2026-05-12
群益瑞豐,188.5,0,4000,918u,3035,2026-05-12
群益瑞豐,189.5,1000,0,918u,3035,2026-05-12
群益瑞豐,190.5,0,2000,918u,3035,2026-05-12
群益瑞豐,192.5,16,4000,918u,3035,2026-05-12
群益忠孝,198.5,1000,0,918W,3035,2026-05-12
群益忠孝,197.0,10,0,918W,3035,2026-05-12
群益忠孝,194.0,4000,2000,918W,3035,2026-05-12
群益忠孝,192.0,0,1000,918W,3035,2026-05-12
群益忠孝,190.0,1005,0,918W,3035,2026-05-12
群益忠孝,188.0,1000,0,918W,3035,2026-05-12
群益天母,204.0,0,2000,918P,3035,2026-05-12
群益瑞豐,209.5,0,1,918u,3035,2026-05-12
群益瑞豐,206.0,0,10,918u,3035,2026-05-12
群益瑞豐,202.5,0,1000,918u,3035,2026-05-12
群益瑞豐,201.0,0,1,918u,3035,2026-05-12
群益瑞豐,197.5,20,0,918u,3035,2026-05-12
群益瑞豐,196.0,1000,0,918u,3035,2026-05-12
群益瑞豐,193.5,1000,0,918u,3035,2026-05-12
群益瑞豐,208.5,0,1002,918u,3035,2026-05-12
群益天母,201.0,1000,0,918P,3035,2026-05-12
群益天母,199.5,1000,0,918P,3035,2026-05-12
群益天母,196.5,4000,0,918P,3035,2026-05-12
群益建成,199.0,0,4000,918L,3035,2026-05-12
群益建成,197.5,0,30,918L,3035,2026-05-12
群益建成,195.5,3000,0,918L,3035,2026-05-12
群益建成,194.5,1000,0,918L,3035,2026-05-12
群益建成,193.0,0,1000,918L,3035,2026-05-12
群益建成,190.0,4000,0,918L,3035,2026-05-12
群益建成,200.0,0,1000,918L,3035,2026-05-12
群益建成,188.0,20,30,918L,3035,2026-05-12
群益東湖,202.5,1000,0,918K,3035,2026-05-12
群益東湖,200.5,5000,0,918K,3035,2026-05-12
群益東湖,195.5,0,1000,918K,3035,2026-05-12
群益東湖,194.0,0,4000,918K,3035,2026-05-12
群益東湖,193.0,0,1000,918K,3035,2026-05-12
群益東湖,192.0,0,1000,918K,3035,2026-05-12
群益東湖,209.5,1000,0,918K,3035,2026-05-12
群益忠孝,210.0,50,0,918W,3035,2026-05-12
群益建成,202.0,1000,0,918L,3035,2026-05-12
群益建成,208.5,0,2000,918L,3035,2026-05-12
群益天母,194.5,2000,0,918P,3035,2026-05-12
群益嘉義,209.5,100,1000,918M,3035,2026-05-12
群益嘉義,204.0,0,2000,918M,3035,2026-05-12
群益嘉義,202.5,1100,2000,918M,3035,2026-05-12
群益嘉義,201.5,0,3000,918M,3035,2026-05-12
群益嘉義,200.5,1000,0,918M,3035,2026-05-12
群益建成,204.0,1000,1000,918L,3035,2026-05-12
群益嘉義,199.5,2,0,918M,3035,2026-05-12
群益嘉義,195.0,1100,0,918M,3035,2026-05-12
群益嘉義,194.0,1100,1000,918M,3035,2026-05-12
群益嘉義,193.0,1000,0,918M,3035,2026-05-12
群益嘉義,192.0,0,3000,918M,3035,2026-05-12
群益嘉義,190.5,1000,0,918M,3035,2026-05-12
群益嘉義,189.5,520,0,918M,3035,2026-05-12
群益嘉義,196.5,2000,1000,918M,3035,2026-05-12
國票南崁,196.0,0,4000,779E,3035,2026-05-12
國票南崁,192.0,2000,0,779E,3035,2026-05-12
國票南科,208.0,0,1000,779e,3035,2026-05-12
高橋中壢,195.0,0,50,5322,3035,2026-05-12
高橋中壢,205.5,0,20,5322,3035,2026-05-12
高橋內壢,190.0,2000,0,5323,3035,2026-05-12
高橋內壢,193.0,1000,0,5323,3035,2026-05-12
高橋內壢,205.0,0,1000,5323,3035,2026-05-12
高橋內壢,208.5,25,0,5323,3035,2026-05-12
第一金證,189.5,0,250,5380,3035,2026-05-12
第一金證,190.5,550,0,5380,3035,2026-05-12
第一金證,195.0,238,0,5380,3035,2026-05-12
第一金證,196.0,0,1,5380,3035,2026-05-12
第一金證,197.0,0,1,5380,3035,2026-05-12
第一金證,199.5,0,1,5380,3035,2026-05-12
第一金證,200.5,1000,1,5380,3035,2026-05-12
第一金證,202.0,0,1,5380,3035,2026-05-12
第一金證,204.0,0,1,5380,3035,2026-05-12
第一金證,206.0,0,1,5380,3035,2026-05-12
第一金證,208.0,0,1,5380,3035,2026-05-12
第一台中,190.5,1101,0,5382,3035,2026-05-12
第一台中,189.5,1001,0,5382,3035,2026-05-12
第一台中,188.5,0,3000,5382,3035,2026-05-12
第一員林,209.0,0,50,5381,3035,2026-05-12
第一員林,206.0,0,1100,5381,3035,2026-05-12
第一員林,202.5,1000,1000,5381,3035,2026-05-12
高橋中壢,188.0,3000,0,5322,3035,2026-05-12
第一員林,201.0,0,1000,5381,3035,2026-05-12
第一員林,198.5,2000,0,5381,3035,2026-05-12
第一員林,197.5,0,2000,5381,3035,2026-05-12
第一員林,195.0,0,1000,5381,3035,2026-05-12
第一員林,193.0,100,0,5381,3035,2026-05-12
第一員林,191.5,1000,0,5381,3035,2026-05-12
第一金證,210.0,0,1,5380,3035,2026-05-12
第一員林,200.0,1000,1000,5381,3035,2026-05-12
第一台中,193.0,1030,1000,5382,3035,2026-05-12
高橋龍潭,208.5,0,1200,5321,3035,2026-05-12
高橋龍潭,204.5,50,1000,5321,3035,2026-05-12
美好中和,197.0,0,2000,526A,3035,2026-05-12
美好中和,198.5,0,5000,526A,3035,2026-05-12
美好中和,204.0,1000,0,526A,3035,2026-05-12
美好富順,189.5,20,0,526K,3035,2026-05-12
美好富順,193.5,0,1000,526K,3035,2026-05-12
美好富順,195.0,2100,0,526K,3035,2026-05-12
美好富順,198.5,10000,0,526K,3035,2026-05-12
美好富順,201.0,0,1000,526K,3035,2026-05-12
美好富順,202.5,0,1000,526K,3035,2026-05-12
美好市政,189.5,0,5000,526M,3035,2026-05-12
美好市政,191.5,0,1000,526M,3035,2026-05-12
美好市政,194.0,6000,0,526M,3035,2026-05-12
美好市政,199.0,1000,0,526M,3035,2026-05-12
美好市政,203.0,1000,0,526M,3035,2026-05-12
高橋,189.0,1000,10000,5320,3035,2026-05-12
高橋,194.0,1000,2000,5320,3035,2026-05-12
高橋,197.0,6000,0,5320,3035,2026-05-12
高橋龍潭,202.0,0,2000,5321,3035,2026-05-12
高橋龍潭,200.5,2000,0,5321,3035,2026-05-12
高橋龍潭,199.0,2000,0,5321,3035,2026-05-12
高橋龍潭,198.0,2000,0,5321,3035,2026-05-12
高橋龍潭,196.5,0,100,5321,3035,2026-05-12
高橋龍潭,194.5,1000,0,5321,3035,2026-05-12
高橋龍潭,206.0,1000,0,5321,3035,2026-05-12
高橋龍潭,192.5,500,1000,5321,3035,2026-05-12
高橋龍潭,189.0,100,0,5321,3035,2026-05-12
高橋,208.0,2000,0,5320,3035,2026-05-12
高橋,204.0,0,4000,5320,3035,2026-05-12
高橋,202.5,2000,0,5320,3035,2026-05-12
高橋,200.5,11000,1000,5320,3035,2026-05-12
高橋,198.5,1000,0,5320,3035,2026-05-12
高橋龍潭,191.0,100,0,5321,3035,2026-05-12
美好中和,195.0,0,1000,526A,3035,2026-05-12
第一台中,194.0,2000,0,5382,3035,2026-05-12
第一台中,199.0,0,1000,5382,3035,2026-05-12
第一桃園,197.5,1000,5000,5385,3035,2026-05-12
第一桃園,198.5,1000,0,5385,3035,2026-05-12
第一桃園,199.5,0,1000,5385,3035,2026-05-12
第一桃園,200.5,2000,0,5385,3035,2026-05-12
第一桃園,201.5,2000,0,5385,3035,2026-05-12
第一桃園,202.5,1000,1000,5385,3035,2026-05-12
第一桃園,204.5,0,1000,5385,3035,2026-05-12
第一桃園,206.5,0,1000,5385,3035,2026-05-12
第一桃園,208.0,0,1000,5385,3035,2026-05-12
第一彰化,187.5,1000,0,5386,3035,2026-05-12
第一彰化,189.5,80,0,5386,3035,2026-05-12
第一彰化,192.0,100,0,5386,3035,2026-05-12
第一彰化,193.5,0,3000,5386,3035,2026-05-12
第一彰化,195.0,400,0,5386,3035,2026-05-12
第一彰化,198.5,1000,0,5386,3035,2026-05-12
第一彰化,200.5,0,1000,5386,3035,2026-05-12
第一彰化,208.5,40,0,5386,3035,2026-05-12
第一中山,200.0,0,2100,5389,3035,2026-05-12
第一中山,196.5,1000,0,5389,3035,2026-05-12
第一中山,193.5,1000,3000,5389,3035,2026-05-12
第一中山,192.5,1000,0,5389,3035,2026-05-12
第一中山,189.5,0,1000,5389,3035,2026-05-12
第一澎湖,209.5,0,2000,5387,3035,2026-05-12
第一桃園,196.0,1000,0,5385,3035,2026-05-12
第一澎湖,207.5,1000,0,5387,3035,2026-05-12
第一澎湖,197.5,0,3000,5387,3035,2026-05-12
第一澎湖,196.5,4000,0,5387,3035,2026-05-12
第一澎湖,194.5,1000,0,5387,3035,2026-05-12
第一澎湖,193.0,0,100,5387,3035,2026-05-12
第一澎湖,192.0,100,0,5387,3035,2026-05-12
第一澎湖,189.5,1050,0,5387,3035,2026-05-12
第一澎湖,202.0,1000,1000,5387,3035,2026-05-12
第一台中,196.0,1000,0,5382,3035,2026-05-12
第一桃園,194.5,5000,0,5385,3035,2026-05-12
第一桃園,192.5,1000,0,5385,3035,2026-05-12
第一台中,200.5,1000,1000,5382,3035,2026-05-12
第一台中,202.5,2000,0,5382,3035,2026-05-12
第一台中,204.0,1000,0,5382,3035,2026-05-12
第一台中,207.5,1000,0,5382,3035,2026-05-12
第一高雄,189.0,3000,0,5383,3035,2026-05-12
第一高雄,190.0,0,1000,5383,3035,2026-05-12
第一高雄,192.0,0,1000,5383,3035,2026-05-12
第一高雄,193.5,1030,0,5383,3035,2026-05-12
第一高雄,194.5,2050,500,5383,3035,2026-05-12
第一高雄,197.5,0,1000,5383,3035,2026-05-12
第一高雄,200.5,1000,0,5383,3035,2026-05-12
第一高雄,201.5,0,1000,5383,3035,2026-05-12
第一高雄,205.0,0,2000,5383,3035,2026-05-12
第一高雄,208.0,0,2000,5383,3035,2026-05-12
第一台南,187.5,1000,0,5384,3035,2026-05-12
第一台南,188.5,0,1055,5384,3035,2026-05-12
第一台南,190.0,3000,50,5384,3035,2026-05-12
第一桃園,191.0,0,1000,5385,3035,2026-05-12
第一台南,210.5,200,0,5384,3035,2026-05-12
第一台南,207.5,100,1000,5384,3035,2026-05-12
第一台南,203.0,75,2000,5384,3035,2026-05-12
第一台南,202.0,1000,0,5384,3035,2026-05-12
第一台南,201.0,0,1000,5384,3035,2026-05-12
第一桃園,193.5,2000,2000,5385,3035,2026-05-12
第一台南,200.0,3000,0,5384,3035,2026-05-12
第一台南,197.5,30,0,5384,3035,2026-05-12
第一台南,196.0,1000,36,5384,3035,2026-05-12
第一台南,195.0,1050,1000,5384,3035,2026-05-12
第一台南,194.0,1060,17,5384,3035,2026-05-12
第一台南,193.0,2000,50,5384,3035,2026-05-12
第一台南,191.5,0,1000,5384,3035,2026-05-12
第一台南,199.0,1015,0,5384,3035,2026-05-12
美好台南,204.5,1000,0,5268,3035,2026-05-12
美好台南,196.5,400,0,5268,3035,2026-05-12
美好台南,191.0,1000,0,5268,3035,2026-05-12
亞東板橋,198.5,0,20,2181,3035,2026-05-12
亞東板橋,202.5,50,1000,2181,3035,2026-05-12
亞東板橋,208.5,0,1000,2181,3035,2026-05-12
亞東新竹,188.0,1000,0,2184,3035,2026-05-12
亞東新竹,189.0,3,0,2184,3035,2026-05-12
亞東新竹,190.0,2000,0,2184,3035,2026-05-12
亞東新竹,191.0,1000,0,2184,3035,2026-05-12
亞東新竹,192.0,11,40,2184,3035,2026-05-12
亞東新竹,193.0,0,1000,2184,3035,2026-05-12
亞東新竹,202.0,10000,0,2184,3035,2026-05-12
亞東新竹,204.5,1000,1000,2184,3035,2026-05-12
亞東台南,189.0,10000,0,2185,3035,2026-05-12
亞東台南,195.5,0,1000,2185,3035,2026-05-12
亞東台南,200.5,0,1000,2185,3035,2026-05-12
亞東台南,209.5,1000,0,2185,3035,2026-05-12
亞東高雄,195.0,1000,0,2186,3035,2026-05-12
亞東高雄,198.5,0,1000,2186,3035,2026-05-12
大展台南,199.0,1000,0,5058,3035,2026-05-12
大展台南,194.0,1000,1000,5058,3035,2026-05-12
大展台南,189.0,1000,0,5058,3035,2026-05-12
大展台南,187.5,0,1000,5058,3035,2026-05-12
大展,202.5,2000,0,5050,3035,2026-05-12
大展,200.5,0,1000,5050,3035,2026-05-12
亞東板橋,196.0,0,1000,2181,3035,2026-05-12
大展,198.5,1000,0,5050,3035,2026-05-12
大展,192.5,100,0,5050,3035,2026-05-12
大展,190.0,1000,150,5050,3035,2026-05-12
亞東台中,201.5,0,12,2187,3035,2026-05-12
亞東台中,198.5,1000,0,2187,3035,2026-05-12
亞東台中,192.0,20000,0,2187,3035,2026-05-12
亞東台中,189.0,1000,1000,2187,3035,2026-05-12
大展,194.5,0,1000,5050,3035,2026-05-12
大展台南,208.5,0,1000,5058,3035,2026-05-12
亞東板橋,193.5,0,1000,2181,3035,2026-05-12
亞東,210.0,0,100,2180,3035,2026-05-12
花旗環球,209.0,16000,0,1590,3035,2026-05-12
花旗環球,210.0,7000,0,1590,3035,2026-05-12
瑞銀,187.5,0,24000,1650,3035,2026-05-12
瑞銀,188.5,8000,0,1650,3035,2026-05-12
瑞銀,192.5,0,7000,1650,3035,2026-05-12
瑞銀,193.5,0,120000,1650,3035,2026-05-12
瑞銀,194.5,14000,16000,1650,3035,2026-05-12
瑞銀,195.5,0,70000,1650,3035,2026-05-12
瑞銀,196.5,0,92000,1650,3035,2026-05-12
瑞銀,197.5,2000,29000,1650,3035,2026-05-12
瑞銀,198.5,9000,31000,1650,3035,2026-05-12
瑞銀,199.5,81000,35000,1650,3035,2026-05-12
瑞銀,200.5,0,1000,1650,3035,2026-05-12
瑞銀,202.0,109000,42000,1650,3035,2026-05-12
瑞銀,203.0,23000,2000,1650,3035,2026-05-12
瑞銀,204.0,50000,8000,1650,3035,2026-05-12
瑞銀,206.0,0,13000,1650,3035,2026-05-12
亞東,208.0,1050,0,2180,3035,2026-05-12
亞東,205.0,0,1000,2180,3035,2026-05-12
亞東,202.5,0,6000,2180,3035,2026-05-12
亞東,200.0,1000,0,2180,3035,2026-05-12
亞東,199.0,300,1000,2180,3035,2026-05-12
亞東,198.0,0,1000,2180,3035,2026-05-12
亞東板橋,189.0,158000,0,2181,3035,2026-05-12
亞東,194.5,300,0,2180,3035,2026-05-12
亞東,189.5,200,0,2180,3035,2026-05-12
亞東,188.5,1000,0,2180,3035,2026-05-12
瑞銀,210.0,20000,12000,1650,3035,2026-05-12
瑞銀,209.0,0,48000,1650,3035,2026-05-12
瑞銀,208.0,1000,63000,1650,3035,2026-05-12
瑞銀,207.0,0,1000,1650,3035,2026-05-12
亞東,191.5,1000,0,2180,3035,2026-05-12
美好,190.0,1000,0,5260,3035,2026-05-12
美好,193.0,1000,0,5260,3035,2026-05-12
美好,195.5,0,2000,5260,3035,2026-05-12
美好楊梅,210.0,2000,0,5262,3035,2026-05-12
美好泰山,190.0,2000,1,5263,3035,2026-05-12
美好泰山,191.5,1000,0,5263,3035,2026-05-12
美好泰山,193.0,0,1000,5263,3035,2026-05-12
美好泰山,194.0,1000,1000,5263,3035,2026-05-12
美好泰山,196.5,0,1000,5263,3035,2026-05-12
美好泰山,197.5,0,1000,5263,3035,2026-05-12
美好泰山,199.5,1030,0,5263,3035,2026-05-12
美好泰山,207.5,0,1000,5263,3035,2026-05-12
美好高雄,190.0,1000,0,5264,3035,2026-05-12
美好高雄,195.0,0,1000,5264,3035,2026-05-12
美好高雄,199.5,0,2,5264,3035,2026-05-12
美好苗栗,192.5,1000,0,5265,3035,2026-05-12
美好苗栗,194.0,5000,0,5265,3035,2026-05-12
美好苗栗,195.5,0,1000,5265,3035,2026-05-12
美好苗栗,198.0,1000,0,5265,3035,2026-05-12
美好苗栗,201.5,1000,0,5265,3035,2026-05-12
美好基隆,198.0,1000,0,5267,3035,2026-05-12
美好基隆,194.0,1000,0,5267,3035,2026-05-12
美好基隆,193.0,1000,0,5267,3035,2026-05-12
美好基隆,192.0,1000,1000,5267,3035,2026-05-12
美好基隆,190.0,1000,2000,5267,3035,2026-05-12
美好中壢,201.0,0,1000,5266,3035,2026-05-12
美好楊梅,208.5,1000,0,5262,3035,2026-05-12
美好中壢,200.0,0,118,5266,3035,2026-05-12
美好中壢,194.0,0,2400,5266,3035,2026-05-12
美好中壢,193.0,4000,0,5266,3035,2026-05-12
美好中壢,190.0,300,0,5266,3035,2026-05-12
美好中壢,188.5,2000,0,5266,3035,2026-05-12
美好苗栗,209.0,0,5000,5265,3035,2026-05-12
美好苗栗,203.0,1000,0,5265,3035,2026-05-12
美好中壢,197.0,0,2000,5266,3035,2026-05-12
美好楊梅,206.5,1000,0,5262,3035,2026-05-12
美好楊梅,203.0,1000,1000,5262,3035,2026-05-12
美好楊梅,200.5,0,2000,5262,3035,2026-05-12
美好蘆洲,193.0,3000,0,5261,3035,2026-05-12
美好蘆洲,191.0,1000,0,5261,3035,2026-05-12
美好蘆洲,190.0,0,1000,5261,3035,2026-05-12
美好蘆洲,188.5,1000,0,5261,3035,2026-05-12
美好,209.0,1000,0,5260,3035,2026-05-12
美好,204.5,0,2000,5260,3035,2026-05-12
美好蘆洲,194.0,1000,0,5261,3035,2026-05-12
美好,203.5,0,2200,5260,3035,2026-05-12
美好,201.5,0,2000,5260,3035,2026-05-12
美好,200.5,0,2196,5260,3035,2026-05-12
美好,199.5,0,2000,5260,3035,2026-05-12
美好,198.5,0,2000,5260,3035,2026-05-12
美好,197.5,0,2000,5260,3035,2026-05-12
美好,196.5,0,2000,5260,3035,2026-05-12
美好,202.5,0,2000,5260,3035,2026-05-12
第一中山,206.0,0,1000,5389,3035,2026-05-12
美好蘆洲,196.5,1000,0,5261,3035,2026-05-12
美好蘆洲,200.5,1000,1000,5261,3035,2026-05-12
美好楊梅,199.5,1000,0,5262,3035,2026-05-12
美好楊梅,198.5,1000,1000,5262,3035,2026-05-12
美好楊梅,197.5,1000,0,5262,3035,2026-05-12
美好楊梅,196.0,0,1000,5262,3035,2026-05-12
美好楊梅,195.0,1000,0,5262,3035,2026-05-12
美好楊梅,194.0,0,1000,5262,3035,2026-05-12
美好蘆洲,198.0,0,2000,5261,3035,2026-05-12
美好楊梅,193.0,0,1000,5262,3035,2026-05-12
美好楊梅,190.5,1000,0,5262,3035,2026-05-12
美好楊梅,189.0,1000,1000,5262,3035,2026-05-12
美好楊梅,187.0,1000,0,5262,3035,2026-05-12
美好蘆洲,210.0,0,1000,5261,3035,2026-05-12
美好蘆洲,208.0,0,1000,5261,3035,2026-05-12
美好蘆洲,202.5,1000,1000,5261,3035,2026-05-12
美好楊梅,192.0,3000,250,5262,3035,2026-05-12
花旗環球,208.0,15000,0,1590,3035,2026-05-12
第一新興,187.0,1000,0,538A,3035,2026-05-12
第一新興,191.0,5,0,538A,3035,2026-05-12
統一,198.5,2000,20470,5850,3035,2026-05-12
統一,200.0,12000,3050,5850,3035,2026-05-12
統一,201.0,10000,100000,5850,3035,2026-05-12
統一,202.0,3000,0,5850,3035,2026-05-12
統一,203.0,1000,0,5850,3035,2026-05-12
統一,204.0,1000,1000,5850,3035,2026-05-12
統一,206.0,4000,5000,5850,3035,2026-05-12
統一,207.0,16000,0,5850,3035,2026-05-12
統一,208.0,2000,5996,5850,3035,2026-05-12
統一,209.0,1000,80,5850,3035,2026-05-12
統一高雄,188.5,1000,0,5851,3035,2026-05-12
統一高雄,193.0,1000,0,5851,3035,2026-05-12
統一高雄,194.0,2000,0,5851,3035,2026-05-12
統一高雄,200.5,16000,0,5851,3035,2026-05-12
統一高雄,202.5,0,1000,5851,3035,2026-05-12
統一高雄,208.5,0,17000,5851,3035,2026-05-12
統一敦南,189.5,2000,0,5852,3035,2026-05-12
統一中壢,188.5,1000,1000,5853,3035,2026-05-12
統一敦南,210.0,0,1100,5852,3035,2026-05-12
統一敦南,209.0,20,0,5852,3035,2026-05-12
統一敦南,208.0,5,0,5852,3035,2026-05-12
統一敦南,203.0,0,1000,5852,3035,2026-05-12
統一敦南,201.0,0,1000,5852,3035,2026-05-12
統一,197.5,2000,55000,5850,3035,2026-05-12
統一敦南,200.0,0,2000,5852,3035,2026-05-12
統一敦南,197.0,0,6000,5852,3035,2026-05-12
統一敦南,196.0,1000,0,5852,3035,2026-05-12
統一敦南,194.0,1005,0,5852,3035,2026-05-12
統一敦南,193.0,4000,121000,5852,3035,2026-05-12
統一敦南,192.0,5000,0,5852,3035,2026-05-12
統一敦南,191.0,0,1000,5852,3035,2026-05-12
統一敦南,199.0,1000,1000,5852,3035,2026-05-12
統一中壢,189.5,157,0,5853,3035,2026-05-12
統一,196.5,0,52000,5850,3035,2026-05-12
統一,194.5,3000,0,5850,3035,2026-05-12
永興,199.5,1000,0,5600,3035,2026-05-12
永興,202.0,0,10000,5600,3035,2026-05-12
永興,210.0,0,200,5600,3035,2026-05-12
永興水湳,189.0,0,1000,5602,3035,2026-05-12
永興水湳,191.5,1000,0,5602,3035,2026-05-12
永興水湳,194.0,1000,2000,5602,3035,2026-05-12
永興水湳,198.0,0,6000,5602,3035,2026-05-12
永興水湳,200.5,4000,0,5602,3035,2026-05-12
永興水湳,202.5,0,3000,5602,3035,2026-05-12
永興水湳,209.0,0,1000,5602,3035,2026-05-12
永興台中,194.0,1000,0,5603,3035,2026-05-12
永興台中,195.5,1000,0,5603,3035,2026-05-12
永興台中,201.0,0,2000,5603,3035,2026-05-12
永興台中,207.5,3000,0,5603,3035,2026-05-12
永興台中,208.5,5000,0,5603,3035,2026-05-12
永興大墩,194.0,1500,0,5604,3035,2026-05-12
永興大墩,196.0,3000,0,5604,3035,2026-05-12
統一,193.5,4000,4000,5850,3035,2026-05-12
統一,192.5,6000,3000,5850,3035,2026-05-12
統一,191.5,1000,0,5850,3035,2026-05-12
統一,190.5,5,2000,5850,3035,2026-05-12
統一,189.5,110,4000,5850,3035,2026-05-12
統一,188.5,1000,4000,5850,3035,2026-05-12
統一,195.5,1000,80068,5850,3035,2026-05-12
日進,207.5,5,0,5660,3035,2026-05-12
日進,200.0,0,2000,5660,3035,2026-05-12
日進,198.0,2000,0,5660,3035,2026-05-12
日進,194.0,0,2000,5660,3035,2026-05-12
日進,192.0,1000,1000,5660,3035,2026-05-12
日進,190.5,1000,0,5660,3035,2026-05-12
日進,188.5,1000,0,5660,3035,2026-05-12
日進,206.5,1000,0,5660,3035,2026-05-12
永興,194.5,1000,0,5600,3035,2026-05-12
統一中壢,191.5,2000,0,5853,3035,2026-05-12
統一中壢,197.0,1000,3000,5853,3035,2026-05-12
統一台中,201.5,50,1000,5856,3035,2026-05-12
統一台中,202.5,100,1000,5856,3035,2026-05-12
統一台中,204.0,1000,0,5856,3035,2026-05-12
統一台中,205.0,0,1000,5856,3035,2026-05-12
統一台中,207.0,0,1000,5856,3035,2026-05-12
統一台中,208.0,3020,1000,5856,3035,2026-05-12
統一新竹,188.5,1000,2000,5857,3035,2026-05-12
統一新竹,189.5,1000,10000,5857,3035,2026-05-12
統一新竹,191.0,0,1000,5857,3035,2026-05-12
統一新竹,192.5,1000,0,5857,3035,2026-05-12
統一新竹,194.0,3000,2000,5857,3035,2026-05-12
統一新竹,195.0,1000,0,5857,3035,2026-05-12
統一新竹,196.5,1000,0,5857,3035,2026-05-12
統一新竹,198.0,1000,0,5857,3035,2026-05-12
統一新竹,200.5,0,1000,5857,3035,2026-05-12
統一新竹,203.0,1000,0,5857,3035,2026-05-12
統一新竹,206.0,1000,0,5857,3035,2026-05-12
統一屏東,198.5,0,1000,5859,3035,2026-05-12
統一屏東,197.0,2000,0,5859,3035,2026-05-12
統一屏東,194.0,2000,3000,5859,3035,2026-05-12
統一屏東,192.0,0,3000,5859,3035,2026-05-12
統一屏東,190.0,2000,1000,5859,3035,2026-05-12
統一屏東,189.0,1050,0,5859,3035,2026-05-12
統一台中,200.5,1000,0,5856,3035,2026-05-12
統一嘉義,208.0,1000,1000,5858,3035,2026-05-12
統一嘉義,200.5,0,13000,5858,3035,2026-05-12
統一嘉義,198.0,20,0,5858,3035,2026-05-12
統一嘉義,195.0,200,0,5858,3035,2026-05-12
統一嘉義,193.0,1000,3000,5858,3035,2026-05-12
統一嘉義,190.0,0,1000,5858,3035,2026-05-12
統一新竹,208.5,13000,0,5857,3035,2026-05-12
統一嘉義,204.5,2000,0,5858,3035,2026-05-12
統一中壢,193.0,1000,1000,5853,3035,2026-05-12
統一台中,199.0,1000,2000,5856,3035,2026-05-12
統一台中,195.5,0,1000,5856,3035,2026-05-12
統一中壢,198.0,1100,0,5853,3035,2026-05-12
統一中壢,200.5,1000,1000,5853,3035,2026-05-12
統一中壢,204.5,1000,0,5853,3035,2026-05-12
統一城中,189.0,2100,1000,5854,3035,2026-05-12
統一城中,191.0,0,4000,5854,3035,2026-05-12
統一城中,192.5,2000,1000,5854,3035,2026-05-12
統一城中,193.5,2000,1000,5854,3035,2026-05-12
統一城中,194.5,1026,0,5854,3035,2026-05-12
統一城中,195.5,1000,0,5854,3035,2026-05-12
統一城中,196.5,2000,1000,5854,3035,2026-05-12
統一城中,197.5,0,1000,5854,3035,2026-05-12
統一城中,198.5,2000,0,5854,3035,2026-05-12
統一城中,199.5,1000,1000,5854,3035,2026-05-12
統一城中,200.5,3000,2000,5854,3035,2026-05-12
統一城中,202.0,0,1000,5854,3035,2026-05-12
統一城中,203.0,3000,1,5854,3035,2026-05-12
統一城中,206.5,0,1000,5854,3035,2026-05-12
統一台中,194.0,1055,2000,5856,3035,2026-05-12
統一台中,192.5,2000,2000,5856,3035,2026-05-12
統一台中,190.5,10,0,5856,3035,2026-05-12
統一台中,189.5,3200,150,5856,3035,2026-05-12
統一台中,188.5,1000,0,5856,3035,2026-05-12
統一台南,210.0,400,0,5855,3035,2026-05-12
統一台中,197.0,1000,50,5856,3035,2026-05-12
統一台南,208.5,4400,0,5855,3035,2026-05-12
統一台南,198.0,1000,0,5855,3035,2026-05-12
統一台南,194.0,1000,1000,5855,3035,2026-05-12
統一台南,192.0,0,1000,5855,3035,2026-05-12
統一台南,190.5,0,25,5855,3035,2026-05-12
統一城中,209.0,9000,2000,5854,3035,2026-05-12
統一城中,208.0,9000,0,5854,3035,2026-05-12
統一台南,205.5,0,10000,5855,3035,2026-05-12
永興,192.0,0,1000,5600,3035,2026-05-12
寶盛,200.5,1000,0,5460,3035,2026-05-12
第一中壢,210.0,12,5,538Y,3035,2026-05-12
第一忠孝,194.0,1000,1000,538D,3035,2026-05-12
第一忠孝,196.5,3000,0,538D,3035,2026-05-12
第一忠孝,199.0,20,450,538D,3035,2026-05-12
第一忠孝,200.0,0,2000,538D,3035,2026-05-12
第一忠孝,204.5,2000,0,538D,3035,2026-05-12
第一忠孝,208.5,0,1000,538D,3035,2026-05-12
第一自由,189.0,150,3000,538E,3035,2026-05-12
第一自由,190.0,14000,0,538E,3035,2026-05-12
第一自由,191.0,1100,1000,538E,3035,2026-05-12
第一自由,192.5,0,20000,538E,3035,2026-05-12
第一自由,193.5,2100,0,538E,3035,2026-05-12
第一自由,194.5,50000,0,538E,3035,2026-05-12
第一自由,195.5,2050,0,538E,3035,2026-05-12
第一自由,197.5,100,0,538E,3035,2026-05-12
第一自由,198.5,360,50,538E,3035,2026-05-12
第一自由,200.0,1000,1500,538E,3035,2026-05-12
第一自由,202.0,5000,1000,538E,3035,2026-05-12
第一頭份,194.5,5050,0,538I,3035,2026-05-12
第一頭份,193.5,0,1000,538I,3035,2026-05-12
第一頭份,191.5,0,6000,538I,3035,2026-05-12
第一頭份,188.5,1000,10000,538I,3035,2026-05-12
第一稻埕,210.0,50,0,538F,3035,2026-05-12
第一稻埕,205.0,0,1000,538F,3035,2026-05-12
第一忠孝,193.0,0,3000,538D,3035,2026-05-12
第一稻埕,202.0,6000,1200,538F,3035,2026-05-12
第一稻埕,194.5,2000,1200,538F,3035,2026-05-12
第一稻埕,193.5,0,2000,538F,3035,2026-05-12
第一稻埕,189.0,1000,0,538F,3035,2026-05-12
第一自由,209.5,0,50,538E,3035,2026-05-12
第一自由,207.0,0,1000,538E,3035,2026-05-12
第一自由,203.0,0,1000,538E,3035,2026-05-12
第一稻埕,199.0,1000,0,538F,3035,2026-05-12
第一頭份,198.0,1000,0,538I,3035,2026-05-12
第一忠孝,191.5,1000,1000,538D,3035,2026-05-12
第一光復,208.5,1000,1000,538C,3035,2026-05-12
第一新興,192.5,0,1000,538A,3035,2026-05-12
第一新興,194.5,20,0,538A,3035,2026-05-12
第一新興,195.5,1000,0,538A,3035,2026-05-12
第一新興,197.5,4000,1000,538A,3035,2026-05-12
第一新興,199.0,0,1000,538A,3035,2026-05-12
第一新興,201.0,3000,0,538A,3035,2026-05-12
第一新興,203.0,0,3000,538A,3035,2026-05-12
第一新興,206.0,1000,0,538A,3035,2026-05-12
第一新興,209.0,0,2000,538A,3035,2026-05-12
第一新竹,189.5,1110,0,538B,3035,2026-05-12
第一新竹,190.5,1000,0,538B,3035,2026-05-12
第一新竹,192.5,100,0,538B,3035,2026-05-12
第一新竹,193.5,1000,0,538B,3035,2026-05-12
第一新竹,194.5,1000,0,538B,3035,2026-05-12
第一新竹,198.0,200,2000,538B,3035,2026-05-12
第一新竹,199.0,1050,1000,538B,3035,2026-05-12
第一新竹,200.0,0,1000,538B,3035,2026-05-12
第一光復,202.5,100,0,538C,3035,2026-05-12
第一光復,200.5,0,100,538C,3035,2026-05-12
第一光復,199.5,0,2000,538C,3035,2026-05-12
第一光復,197.0,5000,2000,538C,3035,2026-05-12
第一光復,194.5,1000,0,538C,3035,2026-05-12
第一光復,193.5,0,50,538C,3035,2026-05-12
第一忠孝,189.0,9,0,538D,3035,2026-05-12
第一光復,192.5,1000,0,538C,3035,2026-05-12
第一光復,190.5,1000,0,538C,3035,2026-05-12
第一光復,189.5,1000,0,538C,3035,2026-05-12
第一新竹,210.5,0,1014,538B,3035,2026-05-12
第一新竹,207.0,1000,0,538B,3035,2026-05-12
第一新竹,203.0,200,0,538B,3035,2026-05-12
第一新竹,202.0,0,1000,538B,3035,2026-05-12
第一光復,191.5,1000,6000,538C,3035,2026-05-12
第一頭份,202.5,1000,1000,538I,3035,2026-05-12
第一頭份,208.0,0,1000,538I,3035,2026-05-12
第一頭份,210.0,1000,0,538I,3035,2026-05-12
第一路竹,197.5,1000,1000,538P,3035,2026-05-12
第一路竹,199.0,0,1000,538P,3035,2026-05-12
第一路竹,200.5,1000,0,538P,3035,2026-05-12
第一路竹,202.0,1000,5000,538P,3035,2026-05-12
第一路竹,203.0,0,40,538P,3035,2026-05-12
第一路竹,206.5,1000,0,538P,3035,2026-05-12
第一路竹,210.5,0,6,538P,3035,2026-05-12
第一華江,188.5,4000,0,538W,3035,2026-05-12
第一華江,189.5,1200,101,538W,3035,2026-05-12
第一華江,191.0,2000,1100,538W,3035,2026-05-12
第一華江,192.5,100,0,538W,3035,2026-05-12
第一華江,193.5,0,1000,538W,3035,2026-05-12
第一華江,194.5,1100,0,538W,3035,2026-05-12
第一華江,195.5,0,300,538W,3035,2026-05-12
第一華江,196.5,0,4000,538W,3035,2026-05-12
第一華江,197.5,1000,0,538W,3035,2026-05-12
第一華江,198.5,3000,1,538W,3035,2026-05-12
第一中壢,206.5,0,1000,538Y,3035,2026-05-12
第一中壢,202.0,0,2000,538Y,3035,2026-05-12
第一中壢,199.0,1060,0,538Y,3035,2026-05-12
第一中壢,198.0,1100,1000,538Y,3035,2026-05-12
第一中壢,195.0,1000,0,538Y,3035,2026-05-12
第一中壢,194.0,1000,2000,538Y,3035,2026-05-12
第一路竹,196.5,6000,0,538P,3035,2026-05-12
第一中壢,192.0,0,1000,538Y,3035,2026-05-12
第一中壢,189.0,0,1000,538Y,3035,2026-05-12
第一華江,208.5,2000,20,538W,3035,2026-05-12
第一華江,207.0,2000,0,538W,3035,2026-05-12
第一華江,202.5,2110,3000,538W,3035,2026-05-12
第一華江,201.0,2000,2000,538W,3035,2026-05-12
第一華江,200.0,0,2000,538W,3035,2026-05-12
第一中壢,191.0,1000,0,538Y,3035,2026-05-12
第一路竹,195.0,15050,0,538P,3035,2026-05-12
第一路竹,194.0,7300,0,538P,3035,2026-05-12
第一路竹,193.0,6000,16000,538P,3035,2026-05-12
第一嘉義,198.5,3000,0,538M,3035,2026-05-12
第一嘉義,197.0,0,1000,538M,3035,2026-05-12
第一嘉義,195.5,2000,0,538M,3035,2026-05-12
第一嘉義,193.5,0,2000,538M,3035,2026-05-12
第一嘉義,191.5,0,1000,538M,3035,2026-05-12
第一嘉義,189.0,3000,0,538M,3035,2026-05-12
第一嘉義,200.5,1000,0,538M,3035,2026-05-12
第一安和,209.5,0,50,538j,3035,2026-05-12
第一安和,200.5,0,250,538j,3035,2026-05-12
第一安和,197.0,1000,1000,538j,3035,2026-05-12
第一安和,195.5,0,1000,538j,3035,2026-05-12
第一安和,193.0,0,3000,538j,3035,2026-05-12
第一安和,192.0,1012,0,538j,3035,2026-05-12
第一安和,191.0,1000,0,538j,3035,2026-05-12
第一安和,205.5,0,1000,538j,3035,2026-05-12
第一新興,189.0,1050,0,538A,3035,2026-05-12
第一嘉義,202.0,0,4000,538M,3035,2026-05-12
第一嘉義,207.5,1000,0,538M,3035,2026-05-12
第一路竹,192.0,0,2000,538P,3035,2026-05-12
第一路竹,190.5,1000,0,538P,3035,2026-05-12
第一路竹,189.5,1000,1000,538P,3035,2026-05-12
第一豐原,209.0,0,10000,538N,3035,2026-05-12
第一豐原,208.0,10000,0,538N,3035,2026-05-12
第一豐原,206.0,5000,0,538N,3035,2026-05-12
第一嘉義,204.5,0,8,538M,3035,2026-05-12
第一豐原,202.0,0,20,538N,3035,2026-05-12
第一豐原,197.5,0,50,538N,3035,2026-05-12
第一豐原,196.0,1000,0,538N,3035,2026-05-12
第一豐原,194.5,3000,0,538N,3035,2026-05-12
第一豐原,193.0,3000,0,538N,3035,2026-05-12
第一豐原,190.0,0,1000,538N,3035,2026-05-12
第一嘉義,209.5,100,0,538M,3035,2026-05-12
第一豐原,200.0,1000,0,538N,3035,2026-05-12
花旗環球,207.0,1000,0,1590,3035,2026-05-12
花旗環球,201.0,6000,0,1590,3035,2026-05-12
花旗環球,200.0,5000,0,1590,3035,2026-05-12
土銀花蓮,196.0,1000,0,1037,3035,2026-05-12
土銀花蓮,198.5,2000,0,1037,3035,2026-05-12
土銀花蓮,208.5,0,1000,1037,3035,2026-05-12
土銀和平,192.5,1000,0,1038,3035,2026-05-12
土銀和平,202.5,3000,0,1038,3035,2026-05-12
土銀士林,192.0,100,0,1039,3035,2026-05-12
土銀建國,188.5,200,0,103A,3035,2026-05-12
土銀建國,191.0,1000,0,103A,3035,2026-05-12
土銀建國,193.0,1000,0,103A,3035,2026-05-12
土銀建國,195.0,200,1000,103A,3035,2026-05-12
土銀建國,198.0,0,10000,103A,3035,2026-05-12
土銀建國,204.0,10000,0,103A,3035,2026-05-12
土銀彰化,192.0,200,0,103B,3035,2026-05-12
土銀彰化,193.0,200,4000,103B,3035,2026-05-12
土銀彰化,194.0,100,0,103B,3035,2026-05-12
土銀彰化,198.5,1000,0,103B,3035,2026-05-12
土銀彰化,200.5,0,3000,103B,3035,2026-05-12
臺銀,196.5,6000,1000,1040,3035,2026-05-12
臺銀,195.5,3000,0,1040,3035,2026-05-12
臺銀,194.5,1000,8000,1040,3035,2026-05-12
臺銀,193.5,3000,3000,1040,3035,2026-05-12
臺銀,192.0,3000,0,1040,3035,2026-05-12
臺銀,191.0,2000,0,1040,3035,2026-05-12
土銀花蓮,192.0,0,303,1037,3035,2026-05-12
臺銀,190.0,105,2000,1040,3035,2026-05-12
臺銀,187.0,1000,0,1040,3035,2026-05-12
土銀南港,209.5,10,0,103F,3035,2026-05-12
土銀南港,202.5,20,0,103F,3035,2026-05-12
土銀南港,194.5,20,0,103F,3035,2026-05-12
土銀白河,203.0,0,1000,103C,3035,2026-05-12
土銀白河,192.0,2000,0,103C,3035,2026-05-12
臺銀,188.5,1000,40000,1040,3035,2026-05-12
臺銀,197.5,2000,3000,1040,3035,2026-05-12
土銀玉里,194.5,0,2000,1036,3035,2026-05-12
土銀新竹,209.0,1000,0,1035,3035,2026-05-12
土銀,195.5,1000,0,1030,3035,2026-05-12
土銀,197.5,0,200,1030,3035,2026-05-12
土銀,200.0,0,1000,1030,3035,2026-05-12
土銀,207.0,1000,0,1030,3035,2026-05-12
土銀,208.5,500,0,1030,3035,2026-05-12
土銀,210.0,18,0,1030,3035,2026-05-12
土銀台中,192.5,1000,0,1031,3035,2026-05-12
土銀台中,197.0,0,2000,1031,3035,2026-05-12
土銀台中,199.5,1000,1000,1031,3035,2026-05-12
土銀台中,201.0,1000,0,1031,3035,2026-05-12
土銀台中,210.0,300,0,1031,3035,2026-05-12
土銀台南,201.5,50,0,1032,3035,2026-05-12
土銀高雄,190.0,0,1000,1033,3035,2026-05-12
土銀高雄,193.5,1000,0,1033,3035,2026-05-12
土銀高雄,199.5,1000,0,1033,3035,2026-05-12
土銀嘉義,189.0,1000,0,1034,3035,2026-05-12
土銀嘉義,190.0,5050,0,1034,3035,2026-05-12
土銀新竹,206.5,1000,0,1035,3035,2026-05-12
土銀新竹,202.0,0,1000,1035,3035,2026-05-12
土銀新竹,199.5,1000,0,1035,3035,2026-05-12
土銀新竹,195.5,1000,0,1035,3035,2026-05-12
土銀新竹,193.5,1000,0,1035,3035,2026-05-12
土銀新竹,192.0,2088,0,1035,3035,2026-05-12
土銀玉里,193.0,1000,0,1036,3035,2026-05-12
土銀嘉義,210.0,0,15,1034,3035,2026-05-12
土銀嘉義,205.0,1000,0,1034,3035,2026-05-12
土銀嘉義,203.0,0,5000,1034,3035,2026-05-12
土銀嘉義,199.5,0,1000,1034,3035,2026-05-12
土銀嘉義,196.5,2000,0,1034,3035,2026-05-12
土銀嘉義,194.0,1000,0,1034,3035,2026-05-12
土銀嘉義,193.0,0,1000,1034,3035,2026-05-12
土銀嘉義,208.5,1000,1000,1034,3035,2026-05-12
土銀,193.5,1000,0,1030,3035,2026-05-12
臺銀,198.5,1000,3000,1040,3035,2026-05-12
臺銀,201.5,0,1000,1040,3035,2026-05-12
臺銀新竹,189.5,0,10000,1045,3035,2026-05-12
臺銀新竹,190.5,0,5000,1045,3035,2026-05-12
臺銀新竹,192.0,1050,0,1045,3035,2026-05-12
臺銀新竹,193.0,1000,2500,1045,3035,2026-05-12
臺銀新竹,194.0,1000,4300,1045,3035,2026-05-12
臺銀新竹,195.0,1100,200,1045,3035,2026-05-12
臺銀新竹,196.0,0,1000,1045,3035,2026-05-12
臺銀新竹,198.0,1000,2000,1045,3035,2026-05-12
臺銀新竹,199.0,0,140,1045,3035,2026-05-12
臺銀新竹,200.0,0,100,1045,3035,2026-05-12
臺銀新竹,201.0,2000,0,1045,3035,2026-05-12
臺銀新竹,202.5,100,200,1045,3035,2026-05-12
臺銀新竹,208.0,0,2000,1045,3035,2026-05-12
臺銀臺中,188.0,50,0,104A,3035,2026-05-12
臺銀臺中,189.0,1100,6000,104A,3035,2026-05-12
臺銀臺中,190.0,100,1200,104A,3035,2026-05-12
臺銀臺中,192.0,1060,8000,104A,3035,2026-05-12
臺銀臺中,210.0,1225,64,104A,3035,2026-05-12
臺銀臺中,209.0,0,2000,104A,3035,2026-05-12
臺銀臺中,207.5,1000,0,104A,3035,2026-05-12
臺銀臺中,205.0,0,1000,104A,3035,2026-05-12
臺銀臺中,203.0,1000,0,104A,3035,2026-05-12
臺銀臺中,202.0,1000,1000,104A,3035,2026-05-12
臺銀新竹,188.5,6000,0,1045,3035,2026-05-12
臺銀臺中,200.5,0,1000,104A,3035,2026-05-12
臺銀臺中,198.5,25,10000,104A,3035,2026-05-12
臺銀臺中,197.5,200,0,104A,3035,2026-05-12
臺銀臺中,196.5,10100,1000,104A,3035,2026-05-12
臺銀臺中,195.5,4000,0,104A,3035,2026-05-12
臺銀臺中,194.5,2000,2000,104A,3035,2026-05-12
臺銀臺中,193.5,5015,4000,104A,3035,2026-05-12
臺銀臺中,199.5,7000,0,104A,3035,2026-05-12
臺銀,199.5,2000,2000,1040,3035,2026-05-12
臺銀民權,209.5,1000,799,1043,3035,2026-05-12
臺銀民權,207.0,0,1000,1043,3035,2026-05-12
臺銀,202.5,0,3000,1040,3035,2026-05-12
臺銀,204.0,2000,1001,1040,3035,2026-05-12
臺銀,207.0,0,2000,1040,3035,2026-05-12
臺銀,208.0,0,7000,1040,3035,2026-05-12
臺銀,209.0,0,1000,1040,3035,2026-05-12
臺銀,210.0,5,0,1040,3035,2026-05-12
臺銀臺南,188.5,1000,0,1042,3035,2026-05-12
臺銀臺南,189.5,0,60,1042,3035,2026-05-12
臺銀臺南,191.0,3000,0,1042,3035,2026-05-12
臺銀臺南,192.5,0,1000,1042,3035,2026-05-12
臺銀臺南,194.5,20,1000,1042,3035,2026-05-12
臺銀臺南,196.5,1000,0,1042,3035,2026-05-12
臺銀臺南,199.0,50,0,1042,3035,2026-05-12
臺銀臺南,200.5,0,3000,1042,3035,2026-05-12
臺銀臺南,202.5,1000,0,1042,3035,2026-05-12
臺銀臺南,207.0,3000,0,1042,3035,2026-05-12
臺銀臺南,208.0,2020,0,1042,3035,2026-05-12
臺銀民權,206.0,4000,0,1043,3035,2026-05-12
臺銀民權,203.5,1000,10,1043,3035,2026-05-12
臺銀民權,202.0,1000,300,1043,3035,2026-05-12
臺銀民權,199.0,1000,50,1043,3035,2026-05-12
臺銀民權,197.5,2000,4000,1043,3035,2026-05-12
臺銀民權,196.0,1000,0,1043,3035,2026-05-12
臺銀民權,208.5,1,1000,1043,3035,2026-05-12
臺銀民權,194.5,1000,20,1043,3035,2026-05-12
臺銀民權,192.5,27,1000,1043,3035,2026-05-12
臺銀民權,191.5,20,0,1043,3035,2026-05-12
臺銀民權,190.0,2000,0,1043,3035,2026-05-12
臺銀民權,188.5,3009,0,1043,3035,2026-05-12
臺銀臺南,210.0,30,0,1042,3035,2026-05-12
臺銀臺南,209.0,0,1000,1042,3035,2026-05-12
臺銀民權,193.5,0,1000,1043,3035,2026-05-12
土銀,191.5,30,0,1030,3035,2026-05-12
土銀,190.0,1090,0,1030,3035,2026-05-12
土銀,188.5,150,0,1030,3035,2026-05-12
合庫台南,208.0,0,100,1022,3035,2026-05-12
合庫台南,210.0,58,500,1022,3035,2026-05-12
合庫高雄,190.0,1000,0,1023,3035,2026-05-12
合庫高雄,192.0,200,0,1023,3035,2026-05-12
合庫高雄,193.0,2000,11000,1023,3035,2026-05-12
合庫高雄,194.0,3000,0,1023,3035,2026-05-12
合庫高雄,195.0,100,0,1023,3035,2026-05-12
合庫高雄,198.0,1000,0,1023,3035,2026-05-12
合庫高雄,200.5,1000,1000,1023,3035,2026-05-12
合庫高雄,202.0,0,1000,1023,3035,2026-05-12
合庫高雄,203.0,0,1000,1023,3035,2026-05-12
合庫高雄,208.5,3000,0,1023,3035,2026-05-12
合庫嘉義,190.0,100,0,1024,3035,2026-05-12
合庫嘉義,192.0,0,1000,1024,3035,2026-05-12
合庫嘉義,193.0,2000,0,1024,3035,2026-05-12
合庫嘉義,194.0,50,1000,1024,3035,2026-05-12
合庫嘉義,195.5,1000,0,1024,3035,2026-05-12
合庫基隆,203.0,0,1000,1025,3035,2026-05-12
合庫基隆,202.0,1000,0,1025,3035,2026-05-12
合庫基隆,196.5,1000,0,1025,3035,2026-05-12
合庫基隆,194.5,0,90,1025,3035,2026-05-12
合庫基隆,193.0,100,0,1025,3035,2026-05-12
合庫基隆,191.5,1000,0,1025,3035,2026-05-12
合庫台南,206.0,0,2000,1022,3035,2026-05-12
合庫基隆,190.0,2000,0,1025,3035,2026-05-12
合庫嘉義,209.5,0,60,1024,3035,2026-05-12
合庫嘉義,203.0,3000,0,1024,3035,2026-05-12
合庫嘉義,201.0,1000,1000,1024,3035,2026-05-12
合庫嘉義,200.0,0,1000,1024,3035,2026-05-12
合庫嘉義,198.5,0,1000,1024,3035,2026-05-12
合庫嘉義,197.0,0,1000,1024,3035,2026-05-12
合庫基隆,188.5,1000,0,1025,3035,2026-05-12
合庫彰化,187.5,137,0,1028,3035,2026-05-12
合庫台南,204.5,200,0,1022,3035,2026-05-12
合庫台南,197.0,2000,0,1022,3035,2026-05-12
合庫,188.0,1080,0,1020,3035,2026-05-12
合庫,189.5,0,7000,1020,3035,2026-05-12
合庫,191.0,3080,0,1020,3035,2026-05-12
合庫,192.0,10,1000,1020,3035,2026-05-12
合庫,193.0,4000,0,1020,3035,2026-05-12
合庫,194.0,4200,1000,1020,3035,2026-05-12
合庫,195.0,4250,0,1020,3035,2026-05-12
合庫,198.0,0,3000,1020,3035,2026-05-12
合庫,200.0,0,5101,1020,3035,2026-05-12
合庫,201.5,6,0,1020,3035,2026-05-12
合庫,202.5,0,4000,1020,3035,2026-05-12
合庫,208.5,100,0,1020,3035,2026-05-12
合庫,210.0,200,200,1020,3035,2026-05-12
合庫台中,188.5,2000,7000,1021,3035,2026-05-12
合庫台中,189.5,1000,1425,1021,3035,2026-05-12
合庫台中,192.5,0,1000,1021,3035,2026-05-12
合庫台中,194.0,0,100,1021,3035,2026-05-12
合庫台南,195.5,0,300,1022,3035,2026-05-12
合庫台南,193.5,0,5348,1022,3035,2026-05-12
合庫台南,192.5,0,500,1022,3035,2026-05-12
合庫台南,191.5,0,1000,1022,3035,2026-05-12
合庫台南,189.0,100,0,1022,3035,2026-05-12
合庫台中,210.0,100,0,1021,3035,2026-05-12
合庫台南,200.0,0,4000,1022,3035,2026-05-12
合庫台中,208.0,2000,1000,1021,3035,2026-05-12
合庫台中,201.5,50,0,1021,3035,2026-05-12
合庫台中,200.5,2000,1000,1021,3035,2026-05-12
合庫台中,199.5,0,1000,1021,3035,2026-05-12
合庫台中,198.5,0,3000,1021,3035,2026-05-12
合庫台中,197.0,2000,1050,1021,3035,2026-05-12
合庫台中,195.0,2000,2500,1021,3035,2026-05-12
合庫台中,204.0,3100,0,1021,3035,2026-05-12
合庫彰化,193.5,1000,0,1028,3035,2026-05-12
合庫彰化,194.5,100,0,1028,3035,2026-05-12
合庫彰化,196.5,1000,0,1028,3035,2026-05-12
合庫桃園,190.0,2000,2000,102E,3035,2026-05-12
合庫桃園,192.0,0,1000,102E,3035,2026-05-12
合庫桃園,193.5,1000,2000,102E,3035,2026-05-12
合庫桃園,195.0,2600,0,102E,3035,2026-05-12
合庫桃園,196.5,2000,1000,102E,3035,2026-05-12
合庫桃園,198.0,1000,1000,102E,3035,2026-05-12
合庫桃園,199.0,0,1000,102E,3035,2026-05-12
合庫桃園,200.0,0,1000,102E,3035,2026-05-12
合庫桃園,201.0,0,1000,102E,3035,2026-05-12
合庫桃園,202.5,100,1100,102E,3035,2026-05-12
合庫桃園,208.5,6000,0,102E,3035,2026-05-12
合庫桃園,210.0,100,1005,102E,3035,2026-05-12
合庫西台,188.5,1000,0,102F,3035,2026-05-12
合庫西台,191.0,1300,0,102F,3035,2026-05-12
合庫西台,193.5,0,1000,102F,3035,2026-05-12
合庫西台,195.0,0,1000,102F,3035,2026-05-12
合庫西台,198.5,100,2200,102F,3035,2026-05-12
合庫三重,208.0,0,1000,102G,3035,2026-05-12
合庫三重,204.0,0,1000,102G,3035,2026-05-12
合庫三重,198.5,1000,0,102G,3035,2026-05-12
合庫三重,196.0,1000,0,102G,3035,2026-05-12
合庫三重,195.0,1000,2000,102G,3035,2026-05-12
合庫三重,194.0,1000,1000,102G,3035,2026-05-12
合庫自強,207.0,16,1000,102C,3035,2026-05-12
合庫三重,192.0,1000,0,102G,3035,2026-05-12
合庫三重,189.0,1000,1000,102G,3035,2026-05-12
合庫西台,209.0,0,1000,102F,3035,2026-05-12
合庫西台,207.5,0,1000,102F,3035,2026-05-12
合庫西台,205.0,0,1050,102F,3035,2026-05-12
合庫西台,203.0,0,1000,102F,3035,2026-05-12
合庫西台,202.0,2000,1000,102F,3035,2026-05-12
合庫三重,190.0,0,1000,102G,3035,2026-05-12
合庫自強,204.5,0,199,102C,3035,2026-05-12
合庫自強,202.0,0,1000,102C,3035,2026-05-12
合庫自強,201.0,0,1000,102C,3035,2026-05-12
合庫新竹,189.5,0,3050,102A,3035,2026-05-12
合庫鳳山,208.5,0,1000,1029,3035,2026-05-12
合庫鳳山,202.5,1000,0,1029,3035,2026-05-12
合庫鳳山,198.5,3000,0,1029,3035,2026-05-12
合庫鳳山,194.5,0,2000,1029,3035,2026-05-12
合庫鳳山,193.5,1000,1000,1029,3035,2026-05-12
合庫新竹,191.5,4000,0,102A,3035,2026-05-12
合庫鳳山,190.0,40,1000,1029,3035,2026-05-12
合庫彰化,209.0,0,2000,1028,3035,2026-05-12
合庫彰化,208.0,1000,0,1028,3035,2026-05-12
合庫彰化,207.0,1000,0,1028,3035,2026-05-12
合庫彰化,202.5,1000,1000,1028,3035,2026-05-12
合庫彰化,200.5,1000,0,1028,3035,2026-05-12
合庫彰化,199.0,1000,0,1028,3035,2026-05-12
合庫鳳山,189.0,0,1000,1029,3035,2026-05-12
臺銀高雄,187.5,0,1000,104C,3035,2026-05-12
合庫新竹,192.5,1050,1000,102A,3035,2026-05-12
合庫新竹,195.5,1000,0,102A,3035,2026-05-12
合庫自強,199.5,0,100,102C,3035,2026-05-12
合庫自強,198.5,1000,1000,102C,3035,2026-05-12
合庫自強,197.5,0,2000,102C,3035,2026-05-12
合庫自強,196.0,2000,0,102C,3035,2026-05-12
合庫自強,195.0,1000,1000,102C,3035,2026-05-12
合庫自強,194.0,0,4000,102C,3035,2026-05-12
合庫新竹,194.0,11000,2000,102A,3035,2026-05-12
合庫自強,193.0,1200,1000,102C,3035,2026-05-12
合庫自強,190.0,2100,50,102C,3035,2026-05-12
合庫自強,189.0,2000,1000,102C,3035,2026-05-12
合庫新竹,208.5,0,1000,102A,3035,2026-05-12
合庫新竹,204.0,0,5000,102A,3035,2026-05-12
合庫新竹,202.5,0,1000,102A,3035,2026-05-12
合庫新竹,198.5,1000,0,102A,3035,2026-05-12
合庫自強,191.5,3000,0,102C,3035,2026-05-12
臺銀高雄,188.5,1000,0,104C,3035,2026-05-12
臺銀高雄,189.5,1475,2020,104C,3035,2026-05-12
臺銀高雄,190.5,2000,1000,104C,3035,2026-05-12
宏遠台中,202.0,50,0,126L,3035,2026-05-12
宏遠台中,206.0,0,1000,126L,3035,2026-05-12
宏遠高雄,193.0,100,0,126Q,3035,2026-05-12
宏遠高雄,194.0,13000,0,126Q,3035,2026-05-12
宏遠高雄,198.0,1000,0,126Q,3035,2026-05-12
宏遠高雄,199.5,17000,0,126Q,3035,2026-05-12
宏遠高雄,201.0,3000,0,126Q,3035,2026-05-12
宏遠高雄,203.5,0,1000,126Q,3035,2026-05-12
宏遠高雄,208.5,0,113000,126Q,3035,2026-05-12
宏遠館前,189.0,2000,0,126U,3035,2026-05-12
宏遠館前,190.5,2000,0,126U,3035,2026-05-12
宏遠館前,194.0,0,3100,126U,3035,2026-05-12
宏遠館前,196.0,0,1000,126U,3035,2026-05-12
宏遠館前,199.0,0,100,126U,3035,2026-05-12
宏遠館前,208.5,1000,0,126U,3035,2026-05-12
宏遠新化,199.5,1000,0,126X,3035,2026-05-12
宏遠新化,201.5,3000,0,126X,3035,2026-05-12
美林,197.0,0,12000,1440,3035,2026-05-12
美林,196.0,0,90000,1440,3035,2026-05-12
美林,195.0,0,120000,1440,3035,2026-05-12
美林,194.0,11000,69000,1440,3035,2026-05-12
美林,193.0,4000,12000,1440,3035,2026-05-12
美林,192.0,7000,14000,1440,3035,2026-05-12
宏遠台中,200.0,0,1000,126L,3035,2026-05-12
美林,191.0,9000,13000,1440,3035,2026-05-12
美林,189.0,9000,50000,1440,3035,2026-05-12
美林,188.0,0,39000,1440,3035,2026-05-12
宏遠新化,209.0,100,0,126X,3035,2026-05-12
宏遠新化,207.5,2000,0,126X,3035,2026-05-12
宏遠新化,204.0,0,2000,126X,3035,2026-05-12
宏遠新化,203.0,0,1000,126X,3035,2026-05-12
美林,190.0,27000,7000,1440,3035,2026-05-12
美林,198.0,2000,75000,1440,3035,2026-05-12
宏遠台中,198.0,0,5000,126L,3035,2026-05-12
宏遠台中,192.0,1000,0,126L,3035,2026-05-12
宏遠桃園,189.0,0,2000,1262,3035,2026-05-12
宏遠桃園,190.0,1000,2000,1262,3035,2026-05-12
宏遠桃園,192.0,5000,0,1262,3035,2026-05-12
宏遠桃園,193.5,0,1000,1262,3035,2026-05-12
宏遠桃園,199.0,0,3000,1262,3035,2026-05-12
宏遠桃園,200.5,1000,0,1262,3035,2026-05-12
宏遠台南,188.5,1000,0,126D,3035,2026-05-12
宏遠台南,193.0,0,120,126D,3035,2026-05-12
宏遠台南,198.0,1000,0,126D,3035,2026-05-12
宏遠台南,199.5,0,2000,126D,3035,2026-05-12
宏遠台南,204.5,0,1000,126D,3035,2026-05-12
宏遠台南,208.5,0,2000,126D,3035,2026-05-12
宏遠中和,190.5,0,1000,126H,3035,2026-05-12
宏遠中和,191.5,1000,0,126H,3035,2026-05-12
宏遠中和,192.5,0,1000,126H,3035,2026-05-12
宏遠中和,194.0,1100,0,126H,3035,2026-05-12
宏遠中和,197.0,0,1000,126H,3035,2026-05-12
宏遠台中,191.0,1000,0,126L,3035,2026-05-12
宏遠台中,188.5,2000,0,126L,3035,2026-05-12
宏遠光隆,206.5,1000,0,126i,3035,2026-05-12
宏遠光隆,201.0,0,1000,126i,3035,2026-05-12
宏遠光隆,198.0,3000,0,126i,3035,2026-05-12
宏遠光隆,194.0,0,1000,126i,3035,2026-05-12
宏遠台中,195.0,5000,0,126L,3035,2026-05-12
宏遠光隆,193.0,0,100,126i,3035,2026-05-12
宏遠光隆,189.5,0,1100,126i,3035,2026-05-12
宏遠光隆,188.0,2000,0,126i,3035,2026-05-12
宏遠中和,208.5,1000,1000,126H,3035,2026-05-12
宏遠中和,205.0,0,100,126H,3035,2026-05-12
宏遠中和,200.0,1000,0,126H,3035,2026-05-12
宏遠中和,199.0,0,1000,126H,3035,2026-05-12
宏遠光隆,192.0,1000,0,126i,3035,2026-05-12
美林,199.0,2000,11000,1440,3035,2026-05-12
美林,200.0,64000,0,1440,3035,2026-05-12
美林,201.5,0,1000,1440,3035,2026-05-12
美商高盛,196.0,24000,156000,1480,3035,2026-05-12
美商高盛,197.0,37000,35000,1480,3035,2026-05-12
美商高盛,198.0,10000,115000,1480,3035,2026-05-12
美商高盛,199.0,53000,29000,1480,3035,2026-05-12
美商高盛,200.0,37000,39000,1480,3035,2026-05-12
美商高盛,201.0,2000,30000,1480,3035,2026-05-12
美商高盛,202.0,39000,2000,1480,3035,2026-05-12
美商高盛,203.0,76000,1000,1480,3035,2026-05-12
美商高盛,204.0,36000,18000,1480,3035,2026-05-12
美商高盛,206.0,0,2000,1480,3035,2026-05-12
美商高盛,207.0,0,2000,1480,3035,2026-05-12
美商高盛,208.0,1000,44000,1480,3035,2026-05-12
美商高盛,209.0,0,6000,1480,3035,2026-05-12
美商高盛,210.0,0,22000,1480,3035,2026-05-12
港商野村,188.5,0,55000,1560,3035,2026-05-12
港商野村,189.5,0,4000,1560,3035,2026-05-12
港商野村,190.5,0,2000,1560,3035,2026-05-12
花旗環球,199.0,27000,0,1590,3035,2026-05-12
花旗環球,198.0,22000,0,1590,3035,2026-05-12
花旗環球,197.0,4000,0,1590,3035,2026-05-12
港商野村,208.0,0,1000,1560,3035,2026-05-12
港商野村,204.0,0,69000,1560,3035,2026-05-12
港商野村,200.0,38000,25000,1560,3035,2026-05-12
美商高盛,195.0,21000,56000,1480,3035,2026-05-12
港商野村,199.0,1000,1000,1560,3035,2026-05-12
港商野村,197.0,3000,4000,1560,3035,2026-05-12
港商野村,196.0,0,1000,1560,3035,2026-05-12
港商野村,195.0,0,31000,1560,3035,2026-05-12
港商野村,194.0,171000,46000,1560,3035,2026-05-12
港商野村,193.0,2000,2000,1560,3035,2026-05-12
港商野村,192.0,0,14000,1560,3035,2026-05-12
港商野村,198.0,2000,13000,1560,3035,2026-05-12
美商高盛,194.0,104000,82000,1480,3035,2026-05-12
美商高盛,193.0,167000,168000,1480,3035,2026-05-12
美商高盛,192.0,123000,127000,1480,3035,2026-05-12
台灣摩根,193.5,25000,14000,1470,3035,2026-05-12
台灣摩根,192.5,9000,78000,1470,3035,2026-05-12
台灣摩根,191.5,1000,0,1470,3035,2026-05-12
台灣摩根,190.5,75000,0,1470,3035,2026-05-12
台灣摩根,189.5,110000,0,1470,3035,2026-05-12
台灣摩根,188.0,0,1000,1470,3035,2026-05-12
台灣摩根,194.5,42000,7000,1470,3035,2026-05-12
美林,210.5,0,1000,1440,3035,2026-05-12
美林,208.5,4000,70000,1440,3035,2026-05-12
美林,207.5,2000,17000,1440,3035,2026-05-12
美林,206.5,2000,0,1440,3035,2026-05-12
美林,205.5,34000,0,1440,3035,2026-05-12
美林,204.0,0,1000,1440,3035,2026-05-12
美林,202.5,2000,3000,1440,3035,2026-05-12
美林,209.5,0,6000,1440,3035,2026-05-12
宏遠民生,208.0,1000,0,1261,3035,2026-05-12
台灣摩根,195.5,1000,24000,1470,3035,2026-05-12
台灣摩根,197.5,3000,24000,1470,3035,2026-05-12
美商高盛,191.0,23000,6000,1480,3035,2026-05-12
美商高盛,190.0,55000,121000,1480,3035,2026-05-12
美商高盛,189.0,145000,99000,1480,3035,2026-05-12
美商高盛,188.0,50000,60000,1480,3035,2026-05-12
台灣摩根,209.0,1000,0,1470,3035,2026-05-12
台灣摩根,208.0,0,107000,1470,3035,2026-05-12
台灣摩根,196.5,0,28000,1470,3035,2026-05-12
台灣摩根,207.0,3000,0,1470,3035,2026-05-12
台灣摩根,204.0,1000,0,1470,3035,2026-05-12
台灣摩根,202.5,37000,0,1470,3035,2026-05-12
台灣摩根,201.5,9000,10000,1470,3035,2026-05-12
台灣摩根,200.5,9000,19000,1470,3035,2026-05-12
台灣摩根,199.5,10000,28000,1470,3035,2026-05-12
台灣摩根,198.5,16000,0,1470,3035,2026-05-12
台灣摩根,206.0,20000,15000,1470,3035,2026-05-12
統一屏東,200.5,0,5,5859,3035,2026-05-12
宏遠民生,201.0,2000,0,1261,3035,2026-05-12
宏遠民生,192.5,1000,0,1261,3035,2026-05-12
企銀,190.5,5000,0,1110,3035,2026-05-12
企銀,193.0,1000,9000,1110,3035,2026-05-12
企銀,194.0,4000,10000,1110,3035,2026-05-12
企銀,204.0,100,0,1110,3035,2026-05-12
企銀,208.5,0,2000,1110,3035,2026-05-12
企銀台中,191.0,1000,1000,1111,3035,2026-05-12
企銀台中,194.0,1000,0,1111,3035,2026-05-12
企銀台中,198.0,2000,0,1111,3035,2026-05-12
企銀台中,208.0,1000,0,1111,3035,2026-05-12
企銀九如,188.5,1000,0,1113,3035,2026-05-12
企銀九如,190.0,1000,0,1113,3035,2026-05-12
企銀九如,192.5,2000,0,1113,3035,2026-05-12
企銀九如,193.5,0,1001,1113,3035,2026-05-12
企銀九如,194.5,1000,0,1113,3035,2026-05-12
企銀九如,196.5,0,1000,1113,3035,2026-05-12
企銀九如,198.0,1000,0,1113,3035,2026-05-12
企銀九如,202.0,0,1000,1113,3035,2026-05-12
企銀屏東,205.0,0,3000,1116,3035,2026-05-12
企銀屏東,193.5,3000,0,1116,3035,2026-05-12
企銀太平,210.5,0,1000,1115,3035,2026-05-12
企銀太平,202.5,1000,0,1115,3035,2026-05-12
企銀太平,200.0,0,4000,1115,3035,2026-05-12
企銀太平,195.0,1000,0,1115,3035,2026-05-12
企銀,189.5,1000,0,1110,3035,2026-05-12
企銀太平,194.0,2100,0,1115,3035,2026-05-12
企銀太平,189.0,1000,50,1115,3035,2026-05-12
企銀嘉義,193.5,1000,6000,1114,3035,2026-05-12
企銀嘉義,190.0,5,0,1114,3035,2026-05-12
企銀九如,208.5,0,1000,1113,3035,2026-05-12
企銀九如,206.0,0,1000,1113,3035,2026-05-12
企銀九如,204.5,0,100,1113,3035,2026-05-12
企銀太平,191.0,1000,0,1115,3035,2026-05-12
企銀竹北,189.5,0,2000,1117,3035,2026-05-12
企銀,187.5,0,10000,1110,3035,2026-05-12
臺銀金山,209.0,1000,0,104D,3035,2026-05-12
臺銀高雄,191.5,0,6000,104C,3035,2026-05-12
臺銀高雄,192.5,3000,6000,104C,3035,2026-05-12
臺銀高雄,193.5,5030,2160,104C,3035,2026-05-12
臺銀高雄,194.5,2000,5000,104C,3035,2026-05-12
臺銀高雄,195.5,0,2000,104C,3035,2026-05-12
臺銀高雄,196.5,2000,0,104C,3035,2026-05-12
臺銀高雄,198.0,4000,12008,104C,3035,2026-05-12
臺銀高雄,199.0,0,3000,104C,3035,2026-05-12
臺銀高雄,200.0,1000,2000,104C,3035,2026-05-12
臺銀高雄,201.0,2000,1000,104C,3035,2026-05-12
臺銀高雄,202.0,4000,0,104C,3035,2026-05-12
臺銀高雄,203.0,1000,0,104C,3035,2026-05-12
臺銀高雄,204.0,50,4000,104C,3035,2026-05-12
臺銀高雄,205.0,0,1050,104C,3035,2026-05-12
臺銀高雄,207.5,2100,0,104C,3035,2026-05-12
臺銀高雄,208.5,1000,1000,104C,3035,2026-05-12
臺銀高雄,209.5,0,1103,104C,3035,2026-05-12
臺銀金山,208.0,2000,20,104D,3035,2026-05-12
臺銀金山,203.5,90,0,104D,3035,2026-05-12
臺銀金山,202.5,0,1000,104D,3035,2026-05-12
臺銀金山,201.0,1000,0,104D,3035,2026-05-12
臺銀金山,199.5,1000,0,104D,3035,2026-05-12
臺銀金山,198.0,3000,0,104D,3035,2026-05-12
臺銀金山,210.0,2000,0,104D,3035,2026-05-12
臺銀金山,197.0,1000,1000,104D,3035,2026-05-12
臺銀金山,194.5,5020,0,104D,3035,2026-05-12
臺銀金山,193.5,4000,0,104D,3035,2026-05-12
臺銀金山,192.5,2000,0,104D,3035,2026-05-12
臺銀金山,191.0,1000,0,104D,3035,2026-05-12
臺銀金山,189.0,3000,0,104D,3035,2026-05-12
臺銀金山,187.5,1000,0,104D,3035,2026-05-12
臺銀金山,195.5,0,1000,104D,3035,2026-05-12
企銀竹北,192.0,0,1000,1117,3035,2026-05-12
企銀竹北,193.5,0,1000,1117,3035,2026-05-12
企銀竹北,197.5,1000,1000,1117,3035,2026-05-12
彰銀,202.5,15000,0,1230,3035,2026-05-12
彰銀,209.5,0,200,1230,3035,2026-05-12
彰銀七賢,190.0,1000,0,1232,3035,2026-05-12
彰銀七賢,192.5,1000,0,1232,3035,2026-05-12
彰銀七賢,194.5,1000,0,1232,3035,2026-05-12
彰銀七賢,196.5,0,100,1232,3035,2026-05-12
彰銀七賢,202.5,0,1000,1232,3035,2026-05-12
彰銀七賢,204.5,200,0,1232,3035,2026-05-12
彰銀七賢,206.5,272,0,1232,3035,2026-05-12
彰銀台中,187.5,1000,0,1233,3035,2026-05-12
彰銀台中,189.0,1000,1000,1233,3035,2026-05-12
彰銀台中,191.0,0,1000,1233,3035,2026-05-12
彰銀台中,192.5,100,1000,1233,3035,2026-05-12
彰銀台中,194.0,1000,0,1233,3035,2026-05-12
彰銀台中,196.0,0,1000,1233,3035,2026-05-12
彰銀台中,198.0,2000,4000,1233,3035,2026-05-12
彰銀台中,201.5,2200,2000,1233,3035,2026-05-12
宏遠民生,191.5,2000,0,1261,3035,2026-05-12
宏遠,208.0,1000,0,1260,3035,2026-05-12
宏遠,200.5,30,1000,1260,3035,2026-05-12
宏遠,199.0,1030,2000,1260,3035,2026-05-12
宏遠,198.0,3000,0,1260,3035,2026-05-12
宏遠,195.0,1000,1000,1260,3035,2026-05-12
彰銀,196.0,1000,0,1230,3035,2026-05-12
宏遠,193.5,4000,0,1260,3035,2026-05-12
宏遠,190.5,1000,1000,1260,3035,2026-05-12
宏遠,189.0,1000,1000,1260,3035,2026-05-12
宏遠,187.0,0,1000,1260,3035,2026-05-12
彰銀台中,208.5,2000,0,1233,3035,2026-05-12
彰銀台中,205.5,0,1000,1233,3035,2026-05-12
彰銀台中,202.5,1000,1000,1233,3035,2026-05-12
宏遠,192.0,100,0,1260,3035,2026-05-12
彰銀,195.0,0,1000,1230,3035,2026-05-12
彰銀,194.0,0,5000,1230,3035,2026-05-12
彰銀,193.0,500,0,1230,3035,2026-05-12
企銀民雄,205.0,0,1000,111A,3035,2026-05-12
企銀岡山,210.0,100,0,1119,3035,2026-05-12
企銀岡山,202.5,0,100,1119,3035,2026-05-12
企銀岡山,200.0,0,1000,1119,3035,2026-05-12
企銀岡山,196.0,1000,0,1119,3035,2026-05-12
企銀岡山,193.5,10000,0,1119,3035,2026-05-12
企銀民雄,208.0,0,1000,111A,3035,2026-05-12
企銀岡山,189.5,100,0,1119,3035,2026-05-12
企銀豐原,200.0,0,1000,1118,3035,2026-05-12
企銀豐原,194.0,0,1000,1118,3035,2026-05-12
企銀豐原,193.0,1000,0,1118,3035,2026-05-12
企銀豐原,189.0,1000,0,1118,3035,2026-05-12
企銀竹北,207.5,1000,0,1117,3035,2026-05-12
企銀竹北,201.0,0,1000,1117,3035,2026-05-12
企銀豐原,202.0,160,0,1118,3035,2026-05-12
宏遠民生,199.5,1000,0,1261,3035,2026-05-12
台企建成,190.0,5000,0,111B,3035,2026-05-12
企銀桃園,190.0,0,1000,111E,3035,2026-05-12
彰銀,190.0,2000,1000,1230,3035,2026-05-12
企銀埔墘,206.5,1000,0,111G,3035,2026-05-12
企銀埔墘,202.5,1000,0,111G,3035,2026-05-12
企銀埔墘,199.5,1000,0,111G,3035,2026-05-12
企銀埔墘,198.5,0,1000,111G,3035,2026-05-12
企銀埔墘,194.5,0,2000,111G,3035,2026-05-12
台企建成,198.0,500,0,111B,3035,2026-05-12
企銀桃園,210.0,0,1000,111E,3035,2026-05-12
企銀桃園,201.0,0,1000,111E,3035,2026-05-12
企銀桃園,199.5,0,2000,111E,3035,2026-05-12
企銀桃園,198.0,1000,0,111E,3035,2026-05-12
企銀桃園,196.0,0,1000,111E,3035,2026-05-12
企銀桃園,194.5,1000,0,111E,3035,2026-05-12
企銀桃園,193.5,4000,1000,111E,3035,2026-05-12
企銀桃園,204.0,0,2000,111E,3035,2026-05-12
凱基大安,193.5,1000,3000,9291,3035,2026-05-12
統一屏東,204.5,100,1005,5859,3035,2026-05-12
統一基隆,192.0,0,1000,585A,3035,2026-05-12
兆豐彰化,208.5,1000,0,700d,3035,2026-05-12
兆豐西螺,193.5,220,1000,700D,3035,2026-05-12
兆豐西螺,194.5,1000,2000,700D,3035,2026-05-12
兆豐西螺,195.5,1000,2000,700D,3035,2026-05-12
兆豐西螺,198.0,0,1000,700D,3035,2026-05-12
兆豐西螺,208.5,1000,0,700D,3035,2026-05-12
兆豐鹿港,188.5,10000,0,700f,3035,2026-05-12
兆豐鹿港,190.0,1000,0,700f,3035,2026-05-12
兆豐鹿港,194.0,1000,0,700f,3035,2026-05-12
兆豐鹿港,196.5,3000,6000,700f,3035,2026-05-12
兆豐鹿港,198.0,1000,0,700f,3035,2026-05-12
兆豐鹿港,199.0,3000,0,700f,3035,2026-05-12
兆豐鹿港,200.5,2000,0,700f,3035,2026-05-12
兆豐鹿港,202.0,2000,1000,700f,3035,2026-05-12
兆豐鹿港,203.0,0,1100,700f,3035,2026-05-12
兆豐鹿港,205.5,0,4,700f,3035,2026-05-12
兆豐鹿港,209.5,0,4,700f,3035,2026-05-12
兆豐南門,198.5,1000,50,700g,3035,2026-05-12
兆豐南門,197.5,0,200,700g,3035,2026-05-12
兆豐南門,196.5,0,2000,700g,3035,2026-05-12
兆豐南門,195.0,1000,0,700g,3035,2026-05-12
兆豐南門,194.0,2000,440,700g,3035,2026-05-12
兆豐南門,193.0,2000,1000,700g,3035,2026-05-12
兆豐彰化,204.5,0,1000,700d,3035,2026-05-12
兆豐南門,192.0,3000,1000,700g,3035,2026-05-12
兆豐虎尾,208.5,0,1000,700F,3035,2026-05-12
兆豐虎尾,204.5,1000,0,700F,3035,2026-05-12
兆豐虎尾,200.5,0,16000,700F,3035,2026-05-12
兆豐虎尾,197.5,2000,0,700F,3035,2026-05-12
兆豐虎尾,195.0,0,2000,700F,3035,2026-05-12
兆豐虎尾,194.0,0,1000,700F,3035,2026-05-12
兆豐南門,190.0,1000,0,700g,3035,2026-05-12
兆豐南門,199.5,1000,3000,700g,3035,2026-05-12
兆豐彰化,203.0,1000,2000,700d,3035,2026-05-12
兆豐彰化,198.5,0,1000,700d,3035,2026-05-12
兆豐板橋,198.0,1000,0,700B,3035,2026-05-12
兆豐板橋,200.0,1000,0,700B,3035,2026-05-12
兆豐板橋,202.5,1000,0,700B,3035,2026-05-12
兆豐板橋,206.0,5000,0,700B,3035,2026-05-12
兆豐板橋,208.5,0,5000,700B,3035,2026-05-12
兆豐板橋,210.0,0,1000,700B,3035,2026-05-12
兆豐民生,189.5,1000,0,700c,3035,2026-05-12
兆豐民生,194.0,1000,100,700c,3035,2026-05-12
兆豐民生,198.0,0,2000,700c,3035,2026-05-12
兆豐民生,200.0,1000,0,700c,3035,2026-05-12
兆豐民生,204.5,0,100,700c,3035,2026-05-12
兆豐民生,209.5,20,0,700c,3035,2026-05-12
兆豐來福,188.0,1010,0,700C,3035,2026-05-12
兆豐來福,189.0,2030,0,700C,3035,2026-05-12
兆豐來福,190.5,1000,0,700C,3035,2026-05-12
兆豐來福,192.0,1000,2000,700C,3035,2026-05-12
兆豐來福,193.0,1050,0,700C,3035,2026-05-12
兆豐彰化,195.5,1000,0,700d,3035,2026-05-12
兆豐彰化,193.0,2000,0,700d,3035,2026-05-12
兆豐彰化,191.0,200,0,700d,3035,2026-05-12
兆豐彰化,190.0,0,3000,700d,3035,2026-05-12
兆豐彰化,189.0,0,2000,700d,3035,2026-05-12
兆豐來福,208.0,0,25,700C,3035,2026-05-12
兆豐彰化,200.5,0,1000,700d,3035,2026-05-12
兆豐來福,203.0,0,1000,700C,3035,2026-05-12
兆豐來福,200.5,1000,8000,700C,3035,2026-05-12
兆豐來福,199.0,2000,1000,700C,3035,2026-05-12
兆豐來福,197.0,2500,5000,700C,3035,2026-05-12
兆豐來福,196.0,5000,0,700C,3035,2026-05-12
兆豐來福,195.0,2200,2000,700C,3035,2026-05-12
兆豐來福,194.0,4000,1000,700C,3035,2026-05-12
兆豐來福,202.0,300,1000,700C,3035,2026-05-12
兆豐板橋,195.0,1000,2000,700B,3035,2026-05-12
兆豐南門,200.5,2000,2000,700g,3035,2026-05-12
兆豐南門,202.5,0,1000,700g,3035,2026-05-12
兆豐北高,192.5,2000,0,700I,3035,2026-05-12
兆豐北高,193.5,2200,0,700I,3035,2026-05-12
兆豐北高,195.0,300,12000,700I,3035,2026-05-12
兆豐北高,197.5,1000,0,700I,3035,2026-05-12
兆豐北高,198.5,1000,0,700I,3035,2026-05-12
兆豐北高,199.5,1000,0,700I,3035,2026-05-12
兆豐北高,200.5,27000,130,700I,3035,2026-05-12
兆豐北高,201.5,0,1000,700I,3035,2026-05-12
兆豐北高,204.5,1000,0,700I,3035,2026-05-12
兆豐北高,206.5,0,1000,700I,3035,2026-05-12
兆豐北高,208.0,0,1000,700I,3035,2026-05-12
兆豐北高,210.0,0,1000,700I,3035,2026-05-12
兆豐大安,190.5,1000,1000,700j,3035,2026-05-12
兆豐大安,192.5,1000,0,700j,3035,2026-05-12
兆豐大安,194.0,0,5000,700j,3035,2026-05-12
兆豐大安,198.0,0,5000,700j,3035,2026-05-12
兆豐大安,200.5,1000,0,700j,3035,2026-05-12
兆豐員林,189.0,3000,0,700k,3035,2026-05-12
兆豐公益,209.0,0,1000,700J,3035,2026-05-12
兆豐公益,203.5,2000,0,700J,3035,2026-05-12
兆豐公益,201.5,0,1000,700J,3035,2026-05-12
兆豐公益,199.0,0,1000,700J,3035,2026-05-12
兆豐公益,197.0,100,0,700J,3035,2026-05-12
兆豐北高,191.5,1000,0,700I,3035,2026-05-12
兆豐公益,195.5,3000,2000,700J,3035,2026-05-12
兆豐公益,193.5,0,1000,700J,3035,2026-05-12
兆豐公益,192.5,0,1000,700J,3035,2026-05-12
兆豐公益,191.0,0,1000,700J,3035,2026-05-12
兆豐公益,189.5,0,1000,700J,3035,2026-05-12
兆豐公益,188.5,1000,1000,700J,3035,2026-05-12
兆豐大安,210.0,0,150,700j,3035,2026-05-12
兆豐公益,194.5,0,2050,700J,3035,2026-05-12
兆豐南門,201.5,1000,0,700g,3035,2026-05-12
兆豐北高,189.5,1000,0,700I,3035,2026-05-12
兆豐松德,208.5,1000,0,700i,3035,2026-05-12
兆豐南門,204.5,0,1000,700g,3035,2026-05-12
兆豐南門,206.5,0,1000,700g,3035,2026-05-12
兆豐麻豆,189.0,1000,11,700G,3035,2026-05-12
兆豐麻豆,190.5,0,1000,700G,3035,2026-05-12
兆豐麻豆,193.5,1020,0,700G,3035,2026-05-12
兆豐麻豆,195.0,0,5,700G,3035,2026-05-12
兆豐麻豆,197.5,1000,0,700G,3035,2026-05-12
兆豐麻豆,198.5,0,2000,700G,3035,2026-05-12
兆豐麻豆,201.0,400,0,700G,3035,2026-05-12
兆豐麻豆,202.5,0,1000,700G,3035,2026-05-12
兆豐麻豆,208.5,43,0,700G,3035,2026-05-12
兆豐三民,189.5,1000,0,700h,3035,2026-05-12
兆豐三民,192.5,1000,0,700h,3035,2026-05-12
兆豐三民,194.0,0,1000,700h,3035,2026-05-12
兆豐三民,196.0,1000,0,700h,3035,2026-05-12
兆豐三民,200.5,1000,0,700h,3035,2026-05-12
兆豐三民,202.0,1100,0,700h,3035,2026-05-12
兆豐松德,202.0,1000,0,700i,3035,2026-05-12
兆豐松德,194.5,1000,0,700i,3035,2026-05-12
兆豐松德,191.5,5000,0,700i,3035,2026-05-12
兆豐松德,189.0,1000,0,700i,3035,2026-05-12
兆豐東門,209.0,30,0,700H,3035,2026-05-12
兆豐東門,202.0,0,1000,700H,3035,2026-05-12
兆豐北高,188.5,1000,1000,700I,3035,2026-05-12
兆豐東門,201.0,0,2000,700H,3035,2026-05-12
兆豐東門,197.0,1000,0,700H,3035,2026-05-12
兆豐東門,194.5,0,2000,700H,3035,2026-05-12
兆豐東門,192.0,4000,0,700H,3035,2026-05-12
兆豐東門,190.0,2000,0,700H,3035,2026-05-12
兆豐東門,188.0,1000,5,700H,3035,2026-05-12
兆豐三民,203.5,0,1000,700h,3035,2026-05-12
兆豐東門,199.5,0,3000,700H,3035,2026-05-12
兆豐板橋,194.0,1000,0,700B,3035,2026-05-12
兆豐板橋,193.0,0,1000,700B,3035,2026-05-12
兆豐板橋,190.0,1000,0,700B,3035,2026-05-12
兆豐,206.5,7000,0,7000,3035,2026-05-12
兆豐,208.5,2000,0,7000,3035,2026-05-12
兆豐,210.0,1000,0,7000,3035,2026-05-12
兆豐嘉義,188.0,200,0,7001,3035,2026-05-12
兆豐嘉義,192.0,100,0,7001,3035,2026-05-12
兆豐嘉義,194.5,2000,0,7001,3035,2026-05-12
兆豐嘉義,195.5,1000,1000,7001,3035,2026-05-12
兆豐嘉義,197.5,1000,0,7001,3035,2026-05-12
兆豐嘉義,199.0,1000,0,7001,3035,2026-05-12
兆豐嘉義,200.0,500,0,7001,3035,2026-05-12
兆豐嘉義,208.0,1000,0,7001,3035,2026-05-12
兆豐嘉義,209.0,0,1000,7001,3035,2026-05-12
兆豐嘉義,210.0,100,0,7001,3035,2026-05-12
兆豐台中,190.0,1000,1000,7003,3035,2026-05-12
兆豐台中,192.0,0,1020,7003,3035,2026-05-12
兆豐台中,193.0,10000,0,7003,3035,2026-05-12
兆豐台中,194.0,6000,2010,7003,3035,2026-05-12
兆豐中港,200.0,0,1000,7005,3035,2026-05-12
兆豐中港,196.0,1000,0,7005,3035,2026-05-12
兆豐中港,194.0,0,60,7005,3035,2026-05-12
兆豐中港,193.0,1000,0,7005,3035,2026-05-12
兆豐中港,190.0,10,0,7005,3035,2026-05-12
兆豐中港,188.0,1000,0,7005,3035,2026-05-12
兆豐,204.5,6000,0,7000,3035,2026-05-12
兆豐台中,208.0,6050,0,7003,3035,2026-05-12
兆豐台中,201.5,0,1000,7003,3035,2026-05-12
兆豐台中,200.0,0,2000,7003,3035,2026-05-12
兆豐台中,198.5,0,2000,7003,3035,2026-05-12
兆豐台中,197.5,500,0,7003,3035,2026-05-12
兆豐台中,196.0,0,2000,7003,3035,2026-05-12
兆豐台中,195.0,1080,0,7003,3035,2026-05-12
兆豐台中,203.0,300,2000,7003,3035,2026-05-12
兆豐中港,201.5,1000,0,7005,3035,2026-05-12
兆豐,203.0,1000,0,7000,3035,2026-05-12
兆豐,201.0,200,0,7000,3035,2026-05-12
德信中正,190.5,0,1000,6912,3035,2026-05-12
德信中正,192.0,1000,0,6912,3035,2026-05-12
德信中正,195.0,1000,0,6912,3035,2026-05-12
德信中正,197.5,5000,0,6912,3035,2026-05-12
德信中正,199.0,10000,1000,6912,3035,2026-05-12
德信中正,202.0,1000,0,6912,3035,2026-05-12
德信中正,207.0,0,2000,6912,3035,2026-05-12
德信中正,209.5,1000,0,6912,3035,2026-05-12
德信新營,189.5,1000,0,6913,3035,2026-05-12
德信新營,194.0,0,1000,6913,3035,2026-05-12
德信新營,197.5,1000,0,6913,3035,2026-05-12
德信和平,189.0,2000,0,6915,3035,2026-05-12
德信和平,194.0,5100,0,6915,3035,2026-05-12
德信和平,208.5,4000,0,6915,3035,2026-05-12
福勝,188.0,1000,2000,6950,3035,2026-05-12
福勝,189.0,1010,0,6950,3035,2026-05-12
福勝,190.0,10,1800,6950,3035,2026-05-12
兆豐,200.0,1000,0,7000,3035,2026-05-12
兆豐,199.0,8000,0,7000,3035,2026-05-12
兆豐,196.5,1000,0,7000,3035,2026-05-12
兆豐,193.5,3000,0,7000,3035,2026-05-12
兆豐,192.5,3,3,7000,3035,2026-05-12
兆豐,187.5,0,2000,7000,3035,2026-05-12
兆豐,202.0,6000,0,7000,3035,2026-05-12
福勝,209.0,0,1000,6950,3035,2026-05-12
福勝,201.0,0,1000,6950,3035,2026-05-12
福勝,198.0,0,20,6950,3035,2026-05-12
福勝,195.0,1000,0,6950,3035,2026-05-12
福勝,193.0,1000,0,6950,3035,2026-05-12
福勝,192.0,1000,0,6950,3035,2026-05-12
福勝,191.0,2000,2000,6950,3035,2026-05-12
福勝,207.0,8000,0,6950,3035,2026-05-12
兆豐中港,203.0,0,50,7005,3035,2026-05-12
兆豐中港,205.5,1000,0,7005,3035,2026-05-12
兆豐中港,207.0,0,1000,7005,3035,2026-05-12
兆豐忠孝,191.0,1000,3000,700a,3035,2026-05-12
兆豐忠孝,192.0,1000,0,700a,3035,2026-05-12
兆豐忠孝,193.0,2010,9000,700a,3035,2026-05-12
兆豐忠孝,194.0,1000,3003,700a,3035,2026-05-12
兆豐忠孝,195.0,600,1002,700a,3035,2026-05-12
兆豐忠孝,196.0,0,1001,700a,3035,2026-05-12
兆豐忠孝,197.0,1000,0,700a,3035,2026-05-12
兆豐忠孝,198.0,4050,15006,700a,3035,2026-05-12
兆豐忠孝,199.0,0,6003,700a,3035,2026-05-12
兆豐忠孝,200.0,1000,2002,700a,3035,2026-05-12
兆豐忠孝,201.0,15000,1018,700a,3035,2026-05-12
兆豐忠孝,202.0,1000,1110,700a,3035,2026-05-12
兆豐忠孝,203.0,49000,12,700a,3035,2026-05-12
兆豐忠孝,204.0,0,13,700a,3035,2026-05-12
兆豐忠孝,205.0,0,9,700a,3035,2026-05-12
兆豐忠孝,206.0,0,12,700a,3035,2026-05-12
兆豐忠孝,207.0,0,5,700a,3035,2026-05-12
兆豐板橋,188.0,1000,0,700B,3035,2026-05-12
兆豐中壢,205.5,0,1000,700b,3035,2026-05-12
兆豐中壢,202.5,0,2000,700b,3035,2026-05-12
兆豐中壢,199.5,0,1000,700b,3035,2026-05-12
兆豐中壢,198.5,1000,0,700b,3035,2026-05-12
兆豐中壢,194.5,1000,0,700b,3035,2026-05-12
兆豐忠孝,190.0,3005,0,700a,3035,2026-05-12
兆豐中壢,193.5,4000,0,700b,3035,2026-05-12
兆豐中壢,190.0,1000,1000,700b,3035,2026-05-12
兆豐中壢,188.0,2000,0,700b,3035,2026-05-12
兆豐中壢,187.0,0,1000,700b,3035,2026-05-12
兆豐忠孝,210.0,0,82,700a,3035,2026-05-12
兆豐忠孝,209.0,0,1,700a,3035,2026-05-12
兆豐忠孝,208.0,0,7,700a,3035,2026-05-12
兆豐中壢,192.5,100,2000,700b,3035,2026-05-12
兆豐忠孝,189.0,3010,0,700a,3035,2026-05-12
兆豐忠孝,188.0,1000,0,700a,3035,2026-05-12
兆豐三重,210.5,50,0,7008,3035,2026-05-12
兆豐竹北,190.0,0,1000,7007,3035,2026-05-12
兆豐竹北,189.0,210,0,7007,3035,2026-05-12
兆豐台南,208.5,0,10,7006,3035,2026-05-12
兆豐台南,207.0,0,60,7006,3035,2026-05-12
兆豐台南,204.0,1000,0,7006,3035,2026-05-12
兆豐台南,202.5,23000,100,7006,3035,2026-05-12
兆豐竹北,191.0,200,0,7007,3035,2026-05-12
兆豐台南,201.0,1000,0,7006,3035,2026-05-12
兆豐台南,196.5,1000,0,7006,3035,2026-05-12
兆豐台南,195.0,100,3000,7006,3035,2026-05-12
兆豐台南,193.0,4000,2000,7006,3035,2026-05-12
兆豐台南,190.5,1000,0,7006,3035,2026-05-12
兆豐中港,210.0,35,0,7005,3035,2026-05-12
兆豐中港,208.5,7000,0,7005,3035,2026-05-12
兆豐台南,200.0,2000,0,7006,3035,2026-05-12
兆豐員林,190.0,0,100,700k,3035,2026-05-12
兆豐竹北,192.0,3000,0,7007,3035,2026-05-12
兆豐竹北,194.0,4000,0,7007,3035,2026-05-12
兆豐三重,208.0,100,5000,7008,3035,2026-05-12
兆豐三重,205.5,0,1000,7008,3035,2026-05-12
兆豐三重,202.0,0,5000,7008,3035,2026-05-12
兆豐三重,200.5,2000,0,7008,3035,2026-05-12
兆豐三重,198.5,0,1000,7008,3035,2026-05-12
兆豐三重,195.0,1050,0,7008,3035,2026-05-12
兆豐竹北,193.0,1000,5000,7007,3035,2026-05-12
兆豐三重,193.0,100,0,7008,3035,2026-05-12
兆豐竹北,208.5,0,3000,7007,3035,2026-05-12
兆豐竹北,201.0,1000,0,7007,3035,2026-05-12
兆豐竹北,200.0,2000,1000,7007,3035,2026-05-12
兆豐竹北,198.0,0,5,7007,3035,2026-05-12
兆豐竹北,196.0,1000,0,7007,3035,2026-05-12
兆豐竹北,195.0,2000,0,7007,3035,2026-05-12
兆豐竹北,210.0,50,0,7007,3035,2026-05-12
德信,202.0,5000,0,6910,3035,2026-05-12
兆豐員林,193.0,2000,0,700k,3035,2026-05-12
兆豐員林,196.0,2000,0,700k,3035,2026-05-12
致和南京,204.0,2000,0,7038,3035,2026-05-12
致和南京,208.5,3000,0,7038,3035,2026-05-12
致和崇德,189.0,1000,0,703B,3035,2026-05-12
致和崇德,190.0,1000,0,703B,3035,2026-05-12
致和崇德,193.0,13000,0,703B,3035,2026-05-12
致和崇德,195.5,1000,0,703B,3035,2026-05-12
致和崇德,197.0,100,0,703B,3035,2026-05-12
致和崇德,201.5,0,3000,703B,3035,2026-05-12
致和崇德,210.0,0,1000,703B,3035,2026-05-12
北城,188.5,1000,0,7750,3035,2026-05-12
北城,192.5,3000,1000,7750,3035,2026-05-12
北城,193.5,2000,40,7750,3035,2026-05-12
北城,195.0,1000,0,7750,3035,2026-05-12
北城,197.5,1000,0,7750,3035,2026-05-12
北城,199.0,0,1000,7750,3035,2026-05-12
北城,200.5,1000,1000,7750,3035,2026-05-12
北城,201.5,400,0,7750,3035,2026-05-12
國票綜合,201.0,2079,0,7790,3035,2026-05-12
國票綜合,200.0,1300,0,7790,3035,2026-05-12
國票綜合,198.0,15010,4000,7790,3035,2026-05-12
國票綜合,196.5,0,449,7790,3035,2026-05-12
國票綜合,195.5,0,157,7790,3035,2026-05-12
國票綜合,194.5,1000,316,7790,3035,2026-05-12
致和南京,202.0,1000,0,7038,3035,2026-05-12
國票綜合,193.5,11000,3000,7790,3035,2026-05-12
國票綜合,191.0,2119,0,7790,3035,2026-05-12
國票綜合,190.0,0,1000,7790,3035,2026-05-12
國票綜合,189.0,2000,1479,7790,3035,2026-05-12
北城,209.0,1000,0,7750,3035,2026-05-12
北城,206.0,0,5000,7750,3035,2026-05-12
北城,203.0,1000,0,7750,3035,2026-05-12
國票綜合,192.5,1050,986,7790,3035,2026-05-12
國票綜合,202.5,1000,0,7790,3035,2026-05-12
致和南京,200.0,1000,0,7038,3035,2026-05-12
致和南京,196.0,1000,0,7038,3035,2026-05-12
兆豐高雄,200.5,1000,0,700Z,3035,2026-05-12
兆豐高雄,202.5,0,1000,700Z,3035,2026-05-12
兆豐高雄,205.0,0,1000,700Z,3035,2026-05-12
兆豐高雄,208.5,1000,0,700Z,3035,2026-05-12
致和,189.0,1000,0,7030,3035,2026-05-12
致和,194.0,0,1000,7030,3035,2026-05-12
致和,196.0,1000,1000,7030,3035,2026-05-12
致和,200.0,0,1000,7030,3035,2026-05-12
致和,209.0,0,1000,7030,3035,2026-05-12
致和佳里,188.0,1000,0,7032,3035,2026-05-12
致和佳里,189.0,10000,0,7032,3035,2026-05-12
致和佳里,190.0,0,300,7032,3035,2026-05-12
致和佳里,191.0,0,1000,7032,3035,2026-05-12
致和佳里,199.0,0,1000,7032,3035,2026-05-12
致和佳里,200.0,0,2000,7032,3035,2026-05-12
致和佳里,203.0,4000,0,7032,3035,2026-05-12
致和府前,202.0,2000,0,7033,3035,2026-05-12
致和南京,195.0,2000,0,7038,3035,2026-05-12
致和南京,194.0,3000,0,7038,3035,2026-05-12
致和南京,189.5,0,1000,7038,3035,2026-05-12
致和高雄,199.0,1000,0,7036,3035,2026-05-12
致和高雄,189.5,0,1000,7036,3035,2026-05-12
致和東門,192.5,10000,0,7035,3035,2026-05-12
致和南京,197.5,2000,2000,7038,3035,2026-05-12
致和金華,209.5,0,1000,7034,3035,2026-05-12
致和金華,206.5,60,0,7034,3035,2026-05-12
致和金華,199.0,1000,0,7034,3035,2026-05-12
致和金華,194.5,0,1100,7034,3035,2026-05-12
致和金華,193.0,1000,1000,7034,3035,2026-05-12
致和金華,192.0,1000,0,7034,3035,2026-05-12
致和金華,189.5,0,2000,7034,3035,2026-05-12
致和金華,208.0,3000,0,7034,3035,2026-05-12
兆豐高雄,199.0,0,2000,700Z,3035,2026-05-12
國票綜合,205.5,61,0,7790,3035,2026-05-12
國票綜合,209.0,250,1000,7790,3035,2026-05-12
國票內壢,190.0,20,0,7798,3035,2026-05-12
國票內壢,191.5,1000,0,7798,3035,2026-05-12
國票內壢,195.0,20,0,7798,3035,2026-05-12
國票內壢,197.0,2000,0,7798,3035,2026-05-12
國票內壢,200.5,0,2000,7798,3035,2026-05-12
國票內壢,201.5,0,3000,7798,3035,2026-05-12
國票內壢,204.0,1000,0,7798,3035,2026-05-12
國票內壢,207.5,3000,0,7798,3035,2026-05-12
國票內壢,208.5,0,9000,7798,3035,2026-05-12
國票敦北,188.5,1000,0,779c,3035,2026-05-12
國票敦北,200.0,0,205,779c,3035,2026-05-12
國票敦北,201.0,0,1000,779c,3035,2026-05-12
國票敦北,204.0,0,1000,779c,3035,2026-05-12
國票敦北,208.0,1000,0,779c,3035,2026-05-12
國票台南,189.0,1000,0,779D,3035,2026-05-12
國票台南,191.5,0,100,779D,3035,2026-05-12
國票台南,193.0,100,0,779D,3035,2026-05-12
國票南科,205.0,0,3000,779e,3035,2026-05-12
國票南科,199.0,1000,0,779e,3035,2026-05-12
國票南科,197.0,3000,0,779e,3035,2026-05-12
國票南科,194.5,0,1000,779e,3035,2026-05-12
國票南科,192.0,1000,1000,779e,3035,2026-05-12
國票南科,189.5,0,1000,779e,3035,2026-05-12
國票內壢,189.0,13000,0,7798,3035,2026-05-12
國票南科,188.0,1000,0,779e,3035,2026-05-12
國票台南,205.0,1000,10,779D,3035,2026-05-12
國票台南,202.5,0,1000,779D,3035,2026-05-12
國票台南,201.0,0,1000,779D,3035,2026-05-12
國票台南,200.0,0,1000,779D,3035,2026-05-12
國票台南,195.5,0,1000,779D,3035,2026-05-12
國票台南,194.0,60,0,779D,3035,2026-05-12
國票台南,208.5,1000,0,779D,3035,2026-05-12
國票綜合,208.0,639,0,7790,3035,2026-05-12
國票中正,210.0,0,1000,7797,3035,2026-05-12
國票中正,208.0,0,1000,7797,3035,2026-05-12
國票綜合,210.0,6333,0,7790,3035,2026-05-12
國票台東,188.0,5,0,7791,3035,2026-05-12
國票台東,192.5,5000,0,7791,3035,2026-05-12
國票台東,194.5,1000,0,7791,3035,2026-05-12
國票台東,196.0,3000,0,7791,3035,2026-05-12
國票台東,200.5,5000,0,7791,3035,2026-05-12
國票台東,204.5,0,100,7791,3035,2026-05-12
國票台東,210.0,300,0,7791,3035,2026-05-12
國票北投,189.0,1000,0,7792,3035,2026-05-12
國票北投,190.5,0,10,7792,3035,2026-05-12
國票北投,194.0,0,38,7792,3035,2026-05-12
國票北投,200.0,0,1000,7792,3035,2026-05-12
國票北投,203.0,10,0,7792,3035,2026-05-12
國票北投,209.5,0,3,7792,3035,2026-05-12
國票南港,189.0,0,4000,7795,3035,2026-05-12
國票南港,192.0,1000,0,7795,3035,2026-05-12
國票南港,193.5,2000,0,7795,3035,2026-05-12
國票中正,202.5,1000,2000,7797,3035,2026-05-12
國票中正,200.5,1000,0,7797,3035,2026-05-12
國票中正,198.0,1000,0,7797,3035,2026-05-12
國票中正,195.0,100,0,7797,3035,2026-05-12
國票中正,193.0,0,3000,7797,3035,2026-05-12
國票中正,192.0,2000,1000,7797,3035,2026-05-12
國票中正,209.0,0,1000,7797,3035,2026-05-12
國票中正,190.0,2110,1000,7797,3035,2026-05-12
國票南港,209.0,0,6,7795,3035,2026-05-12
國票南港,207.0,0,1000,7795,3035,2026-05-12
國票南港,206.0,1000,0,7795,3035,2026-05-12
國票南港,202.5,1000,0,7795,3035,2026-05-12
國票南港,199.0,1000,0,7795,3035,2026-05-12
國票南港,195.0,0,1000,7795,3035,2026-05-12
國票中正,188.5,2000,0,7797,3035,2026-05-12
兆豐高雄,198.0,0,1000,700Z,3035,2026-05-12
兆豐高雄,197.0,0,2000,700Z,3035,2026-05-12
兆豐高雄,195.0,4020,1000,700Z,3035,2026-05-12
兆豐埔墘,195.5,1050,0,700N,3035,2026-05-12
兆豐埔墘,201.0,1000,0,700N,3035,2026-05-12
兆豐埔墘,209.5,0,60,700N,3035,2026-05-12
兆豐復興,195.0,1000,0,700p,3035,2026-05-12
兆豐復興,199.0,0,1000,700p,3035,2026-05-12
兆豐復興,205.0,3000,0,700p,3035,2026-05-12
兆豐南京,189.0,2000,0,700P,3035,2026-05-12
兆豐南京,191.0,1000,0,700P,3035,2026-05-12
兆豐南京,193.0,400,0,700P,3035,2026-05-12
兆豐南京,195.5,1000,0,700P,3035,2026-05-12
兆豐南京,199.0,0,1000,700P,3035,2026-05-12
兆豐南京,203.0,100,0,700P,3035,2026-05-12
兆豐南京,208.5,0,2000,700P,3035,2026-05-12
兆豐寶成,189.5,20,0,700r,3035,2026-05-12
兆豐寶成,192.0,1000,2000,700r,3035,2026-05-12
兆豐寶成,193.0,2000,0,700r,3035,2026-05-12
兆豐寶成,194.5,0,4000,700r,3035,2026-05-12
兆豐岡山,188.5,0,1000,700s,3035,2026-05-12
兆豐小港,209.0,0,50,700R,3035,2026-05-12
兆豐小港,205.0,3,0,700R,3035,2026-05-12
兆豐小港,202.5,0,1000,700R,3035,2026-05-12
兆豐小港,201.0,1000,1000,700R,3035,2026-05-12
兆豐小港,193.5,1000,0,700R,3035,2026-05-12
兆豐埔墘,193.0,0,2000,700N,3035,2026-05-12
兆豐小港,188.5,1000,0,700R,3035,2026-05-12
兆豐寶成,206.0,1000,0,700r,3035,2026-05-12
兆豐寶成,202.5,100,0,700r,3035,2026-05-12
兆豐寶成,200.5,1000,0,700r,3035,2026-05-12
兆豐寶成,199.0,1000,0,700r,3035,2026-05-12
兆豐寶成,198.0,5000,0,700r,3035,2026-05-12
兆豐寶成,195.5,50,0,700r,3035,2026-05-12
兆豐寶成,208.5,1000,0,700r,3035,2026-05-12
兆豐岡山,192.0,1000,0,700s,3035,2026-05-12
兆豐埔墘,191.5,1000,0,700N,3035,2026-05-12
兆豐埔墘,188.5,500,0,700N,3035,2026-05-12
兆豐員林,197.0,100,0,700k,3035,2026-05-12
兆豐員林,204.5,0,2000,700k,3035,2026-05-12
兆豐員林,208.0,0,1000,700k,3035,2026-05-12
兆豐新營,189.0,2100,2000,700K,3035,2026-05-12
兆豐新營,190.0,1000,2000,700K,3035,2026-05-12
兆豐新營,192.5,1000,0,700K,3035,2026-05-12
兆豐新營,193.5,1000,1000,700K,3035,2026-05-12
兆豐新營,194.5,1000,0,700K,3035,2026-05-12
兆豐新營,196.5,1000,0,700K,3035,2026-05-12
兆豐新營,199.0,0,2000,700K,3035,2026-05-12
兆豐新營,201.0,1000,0,700K,3035,2026-05-12
兆豐新營,204.0,1000,0,700K,3035,2026-05-12
兆豐新營,210.0,100,0,700K,3035,2026-05-12
兆豐天母,189.5,200,0,700L,3035,2026-05-12
兆豐天母,192.5,300,0,700L,3035,2026-05-12
兆豐天母,194.5,300,0,700L,3035,2026-05-12
兆豐天母,195.5,0,100,700L,3035,2026-05-12
兆豐桃園,210.0,0,100,700M,3035,2026-05-12
兆豐桃園,208.5,0,1000,700M,3035,2026-05-12
兆豐桃園,202.5,1000,0,700M,3035,2026-05-12
兆豐桃園,201.0,0,301,700M,3035,2026-05-12
兆豐桃園,199.5,1000,0,700M,3035,2026-05-12
兆豐桃園,197.5,1000,0,700M,3035,2026-05-12
兆豐埔墘,189.5,50,0,700N,3035,2026-05-12
兆豐桃園,196.0,0,100,700M,3035,2026-05-12
兆豐桃園,193.0,0,5000,700M,3035,2026-05-12
兆豐桃園,191.5,2000,1000,700M,3035,2026-05-12
兆豐桃園,189.5,1000,0,700M,3035,2026-05-12
兆豐天母,210.0,0,50,700L,3035,2026-05-12
兆豐天母,208.5,48,0,700L,3035,2026-05-12
兆豐天母,196.5,1000,0,700L,3035,2026-05-12
兆豐桃園,194.5,0,1000,700M,3035,2026-05-12
兆豐岡山,196.0,50,0,700s,3035,2026-05-12
兆豐岡山,201.5,0,1025,700s,3035,2026-05-12
兆豐岡山,204.0,2000,0,700s,3035,2026-05-12
兆豐新莊,194.5,2000,0,700w,3035,2026-05-12
兆豐新莊,196.0,5000,6,700w,3035,2026-05-12
兆豐新莊,198.0,0,6,700w,3035,2026-05-12
兆豐新莊,200.0,0,6,700w,3035,2026-05-12
兆豐新莊,201.0,0,6,700w,3035,2026-05-12
兆豐新莊,202.5,2000,0,700w,3035,2026-05-12
兆豐新莊,203.5,0,1000,700w,3035,2026-05-12
兆豐新莊,204.5,1000,0,700w,3035,2026-05-12
兆豐新莊,206.0,0,6,700w,3035,2026-05-12
兆豐新莊,207.0,0,6,700w,3035,2026-05-12
兆豐新莊,209.0,0,6,700w,3035,2026-05-12
兆豐城中,188.5,2000,0,700W,3035,2026-05-12
兆豐城中,190.0,3000,0,700W,3035,2026-05-12
兆豐城中,191.5,6,0,700W,3035,2026-05-12
兆豐城中,193.0,0,2000,700W,3035,2026-05-12
兆豐城中,194.0,5200,3000,700W,3035,2026-05-12
兆豐城中,195.0,5000,2000,700W,3035,2026-05-12
兆豐高雄,193.5,1000,1000,700Z,3035,2026-05-12
兆豐高雄,192.5,1000,0,700Z,3035,2026-05-12
兆豐高雄,191.0,2000,0,700Z,3035,2026-05-12
兆豐高雄,190.0,3000,1020,700Z,3035,2026-05-12
兆豐高雄,188.5,1000,0,700Z,3035,2026-05-12
兆豐永和,205.0,0,1000,700X,3035,2026-05-12
兆豐新莊,193.0,1000,0,700w,3035,2026-05-12
兆豐永和,198.5,0,100,700X,3035,2026-05-12
兆豐永和,192.5,1000,0,700X,3035,2026-05-12
兆豐城中,210.0,100,0,700W,3035,2026-05-12
兆豐城中,209.0,2000,0,700W,3035,2026-05-12
兆豐城中,208.0,1000,0,700W,3035,2026-05-12
兆豐城中,200.5,0,32000,700W,3035,2026-05-12
兆豐城中,197.0,5000,16000,700W,3035,2026-05-12
兆豐永和,195.0,0,1000,700X,3035,2026-05-12
兆豐新莊,192.0,0,10000,700w,3035,2026-05-12
兆豐新莊,190.0,164,4000,700w,3035,2026-05-12
兆豐新莊,189.0,21,0,700w,3035,2026-05-12
兆豐桃鶯,200.5,5000,0,700U,3035,2026-05-12
兆豐桃鶯,198.0,3000,0,700U,3035,2026-05-12
兆豐桃鶯,197.0,0,4000,700U,3035,2026-05-12
兆豐桃鶯,195.0,1000,0,700U,3035,2026-05-12
兆豐桃鶯,193.5,3000,2000,700U,3035,2026-05-12
兆豐桃鶯,192.5,1000,1000,700U,3035,2026-05-12
兆豐桃鶯,202.0,0,1000,700U,3035,2026-05-12
兆豐桃鶯,191.0,1000,2000,700U,3035,2026-05-12
兆豐大同,202.0,0,1000,700S,3035,2026-05-12
兆豐大同,197.0,1000,0,700S,3035,2026-05-12
兆豐大同,194.0,1000,1000,700S,3035,2026-05-12
兆豐大同,190.5,0,1000,700S,3035,2026-05-12
兆豐岡山,210.0,0,1300,700s,3035,2026-05-12
兆豐岡山,208.5,2000,0,700s,3035,2026-05-12
兆豐大同,208.0,1000,0,700S,3035,2026-05-12
兆豐員林,194.0,3000,0,700k,3035,2026-05-12
兆豐桃鶯,205.5,1000,0,700U,3035,2026-05-12
兆豐新竹,188.5,0,9000,700V,3035,2026-05-12
兆豐新莊,188.0,114,0,700w,3035,2026-05-12
兆豐新竹,208.5,1072,0,700V,3035,2026-05-12
兆豐新竹,206.5,0,1000,700V,3035,2026-05-12
兆豐新竹,204.0,0,1000,700V,3035,2026-05-12
兆豐新竹,202.0,1000,2000,700V,3035,2026-05-12
兆豐新竹,199.5,0,1000,700V,3035,2026-05-12
兆豐桃鶯,207.0,3000,0,700U,3035,2026-05-12
兆豐新竹,198.5,3030,1000,700V,3035,2026-05-12
兆豐新竹,196.5,1000,5000,700V,3035,2026-05-12
兆豐新竹,195.5,0,1000,700V,3035,2026-05-12
兆豐新竹,194.0,3000,1000,700V,3035,2026-05-12
兆豐新竹,193.0,3050,0,700V,3035,2026-05-12
兆豐新竹,191.5,10000,0,700V,3035,2026-05-12
兆豐新竹,189.5,5000,0,700V,3035,2026-05-12
兆豐新竹,197.5,0,3000,700V,3035,2026-05-12
德信,200.0,6000,0,6910,3035,2026-05-12
德信,198.0,3000,0,6910,3035,2026-05-12
德信,195.0,1000,2000,6910,3035,2026-05-12
日茂,204.0,0,1000,5960,3035,2026-05-12
日茂,210.0,100,0,5960,3035,2026-05-12
日茂南投,195.5,1000,0,5962,3035,2026-05-12
?亞網路,189.0,1000,0,6012,3035,2026-05-12
?亞網路,190.0,1000,0,6012,3035,2026-05-12
?亞網路,191.5,0,1000,6012,3035,2026-05-12
?亞網路,195.0,21,0,6012,3035,2026-05-12
?亞網路,200.0,0,1000,6012,3035,2026-05-12
?亞鑫豐,188.5,1000,0,601d,3035,2026-05-12
?亞鑫豐,189.5,300,1000,601d,3035,2026-05-12
?亞鑫豐,190.5,23000,0,601d,3035,2026-05-12
?亞鑫豐,191.5,2000,0,601d,3035,2026-05-12
?亞鑫豐,192.5,3000,0,601d,3035,2026-05-12
?亞鑫豐,193.5,4000,1000,601d,3035,2026-05-12
?亞鑫豐,194.5,1250,0,601d,3035,2026-05-12
?亞鑫豐,196.5,3000,1000,601d,3035,2026-05-12
?亞鑫豐,198.0,1000,2,601d,3035,2026-05-12
台中銀,196.0,3000,0,6110,3035,2026-05-12
台中銀,195.0,2050,0,6110,3035,2026-05-12
台中銀,194.0,6000,4000,6110,3035,2026-05-12
台中銀,193.0,2100,1000,6110,3035,2026-05-12
台中銀,192.0,0,12000,6110,3035,2026-05-12
台中銀,191.0,10000,1000,6110,3035,2026-05-12
日茂,203.0,0,2000,5960,3035,2026-05-12
台中銀,188.0,20014,0,6110,3035,2026-05-12
?亞鑫豐,209.0,100,1000,601d,3035,2026-05-12
?亞鑫豐,208.0,0,10,601d,3035,2026-05-12
?亞鑫豐,204.0,0,1000,601d,3035,2026-05-12
?亞鑫豐,202.0,0,1000,601d,3035,2026-05-12
?亞鑫豐,200.5,1000,1000,601d,3035,2026-05-12
?亞鑫豐,199.0,1000,2000,601d,3035,2026-05-12
台中銀,187.0,1000,0,6110,3035,2026-05-12
台中銀,197.0,2000,0,6110,3035,2026-05-12
日茂,191.0,1000,0,5960,3035,2026-05-12
統一松江,210.0,0,1000,585Z,3035,2026-05-12
統一南京,199.5,0,300,585U,3035,2026-05-12
統一南京,200.5,0,5000,585U,3035,2026-05-12
統一南京,206.0,2000,0,585U,3035,2026-05-12
統一南京,208.0,0,1000,585U,3035,2026-05-12
統一南京,210.0,0,200,585U,3035,2026-05-12
統一金門,192.0,1000,0,585W,3035,2026-05-12
統一金門,195.5,0,2000,585W,3035,2026-05-12
統一金門,197.0,1000,0,585W,3035,2026-05-12
統一金門,199.5,1000,0,585W,3035,2026-05-12
統一金門,200.5,0,1000,585W,3035,2026-05-12
統一金門,209.0,0,1000,585W,3035,2026-05-12
統一土城,190.0,2000,0,585Y,3035,2026-05-12
統一土城,192.0,2000,1020,585Y,3035,2026-05-12
統一土城,193.0,0,1000,585Y,3035,2026-05-12
統一土城,194.0,1000,1030,585Y,3035,2026-05-12
統一土城,197.5,1000,0,585Y,3035,2026-05-12
統一土城,199.0,1000,0,585Y,3035,2026-05-12
統一松江,206.5,0,92000,585Z,3035,2026-05-12
統一松江,205.0,120000,0,585Z,3035,2026-05-12
統一松江,203.5,500,0,585Z,3035,2026-05-12
統一松江,202.5,0,2000,585Z,3035,2026-05-12
統一松江,197.5,2000,33000,585Z,3035,2026-05-12
統一松江,195.0,4,0,585Z,3035,2026-05-12
盈溢楠梓,208.0,1000,0,5862,3035,2026-05-12
統一松江,194.0,10000,1000,585Z,3035,2026-05-12
統一松江,192.0,100,0,585Z,3035,2026-05-12
統一松江,191.0,2000,0,585Z,3035,2026-05-12
統一土城,210.0,0,1000,585Y,3035,2026-05-12
統一土城,208.0,2100,0,585Y,3035,2026-05-12
統一土城,207.0,0,3000,585Y,3035,2026-05-12
統一土城,202.0,1000,0,585Y,3035,2026-05-12
統一松江,193.0,2000,0,585Z,3035,2026-05-12
統一南京,194.5,1000,3000,585U,3035,2026-05-12
台中銀,198.0,0,8000,6110,3035,2026-05-12
台中銀,200.0,4000,2000,6110,3035,2026-05-12
中銀豐原,200.0,1040,1150,611A,3035,2026-05-12
中銀豐原,201.0,0,10000,611A,3035,2026-05-12
中銀豐原,202.5,50,0,611A,3035,2026-05-12
中銀豐原,205.5,0,1100,611A,3035,2026-05-12
中銀豐原,208.5,10,2000,611A,3035,2026-05-12
中銀豐原,209.5,4,10,611A,3035,2026-05-12
中國信託,187.5,1000,1000,6160,3035,2026-05-12
中國信託,188.5,1000,5000,6160,3035,2026-05-12
中國信託,189.5,2000,3135,6160,3035,2026-05-12
中國信託,190.5,2100,4000,6160,3035,2026-05-12
中國信託,191.5,1000,0,6160,3035,2026-05-12
中國信託,192.5,4200,1530,6160,3035,2026-05-12
中國信託,193.5,1210,1121,6160,3035,2026-05-12
中國信託,194.5,4400,1200,6160,3035,2026-05-12
中國信託,195.5,21000,1000,6160,3035,2026-05-12
中國信託,196.5,4250,1000,6160,3035,2026-05-12
中國信託,197.5,5000,0,6160,3035,2026-05-12
中信三重,192.0,2000,31000,6161,3035,2026-05-12
中信三重,191.0,1000,0,6161,3035,2026-05-12
中信三重,190.0,2000,6510,6161,3035,2026-05-12
中信三重,189.0,2000,3000,6161,3035,2026-05-12
中國信託,210.0,5,1070,6160,3035,2026-05-12
中國信託,208.5,2010,6000,6160,3035,2026-05-12
中銀豐原,199.0,2000,1000,611A,3035,2026-05-12
中國信託,207.5,3000,0,6160,3035,2026-05-12
中國信託,204.0,1000,105,6160,3035,2026-05-12
中國信託,202.5,3000,0,6160,3035,2026-05-12
中國信託,201.5,0,2000,6160,3035,2026-05-12
中國信託,200.5,4200,1000,6160,3035,2026-05-12
中國信託,199.5,4000,0,6160,3035,2026-05-12
中國信託,198.5,5050,1000,6160,3035,2026-05-12
中國信託,205.0,0,100,6160,3035,2026-05-12
台中銀,199.0,1000,3000,6110,3035,2026-05-12
中銀豐原,198.0,0,10,611A,3035,2026-05-12
中銀豐原,194.5,1100,0,611A,3035,2026-05-12
台中銀,201.0,0,1100,6110,3035,2026-05-12
台中銀,202.5,0,2014,6110,3035,2026-05-12
台中銀,207.0,2000,0,6110,3035,2026-05-12
台中銀,208.0,2000,1000,6110,3035,2026-05-12
台中銀,209.0,0,1000,6110,3035,2026-05-12
台中銀,210.0,120,0,6110,3035,2026-05-12
中銀員林,189.0,1000,5000,6114,3035,2026-05-12
中銀員林,190.5,100,0,6114,3035,2026-05-12
中銀員林,193.0,2000,3000,6114,3035,2026-05-12
中銀員林,194.0,3000,2100,6114,3035,2026-05-12
中銀員林,195.0,20,0,6114,3035,2026-05-12
中銀員林,198.0,1000,0,6114,3035,2026-05-12
中銀員林,199.5,1000,0,6114,3035,2026-05-12
中銀員林,202.0,1000,1000,6114,3035,2026-05-12
中銀員林,203.5,0,500,6114,3035,2026-05-12
中銀員林,204.5,0,1000,6114,3035,2026-05-12
中銀員林,208.0,0,1000,6114,3035,2026-05-12
中銀豐原,193.5,50,0,611A,3035,2026-05-12
中銀豐原,191.5,50,0,611A,3035,2026-05-12
中銀豐原,190.5,0,1000,611A,3035,2026-05-12
中銀豐原,189.5,2000,0,611A,3035,2026-05-12
中銀豐原,188.0,1000,0,611A,3035,2026-05-12
中銀高雄,200.5,0,50,6116,3035,2026-05-12
中銀豐原,196.0,0,2000,611A,3035,2026-05-12
中銀高雄,199.5,1000,100,6116,3035,2026-05-12
中銀台北,204.0,1000,0,6115,3035,2026-05-12
中銀台北,199.5,1000,0,6115,3035,2026-05-12
中銀台北,196.0,1000,0,6115,3035,2026-05-12
中銀台北,195.0,1000,0,6115,3035,2026-05-12
中銀台北,192.5,1000,1000,6115,3035,2026-05-12
中銀台北,189.0,12000,0,6115,3035,2026-05-12
中銀高雄,190.5,0,400,6116,3035,2026-05-12
統一南京,193.0,2000,0,585U,3035,2026-05-12
統一南京,191.0,0,1000,585U,3035,2026-05-12
統一南京,189.5,1000,0,585U,3035,2026-05-12
統一新營,189.5,2000,3000,585E,3035,2026-05-12
統一新營,192.5,1000,0,585E,3035,2026-05-12
統一新營,194.0,2000,0,585E,3035,2026-05-12
統一新營,195.0,1000,0,585E,3035,2026-05-12
統一新營,197.0,2000,0,585E,3035,2026-05-12
統一新營,202.0,0,200,585E,3035,2026-05-12
統一新營,208.0,10,0,585E,3035,2026-05-12
統一彰化,188.0,3000,0,585F,3035,2026-05-12
統一彰化,189.5,0,1000,585F,3035,2026-05-12
統一彰化,192.0,1020,0,585F,3035,2026-05-12
統一彰化,194.0,0,1200,585F,3035,2026-05-12
統一彰化,195.0,1000,1000,585F,3035,2026-05-12
統一彰化,197.5,2000,151,585F,3035,2026-05-12
統一彰化,199.0,0,1000,585F,3035,2026-05-12
統一彰化,200.5,0,8000,585F,3035,2026-05-12
統一彰化,202.5,3000,0,585F,3035,2026-05-12
統一彰化,208.0,20,1000,585F,3035,2026-05-12
統一桃園,201.0,0,2000,585H,3035,2026-05-12
統一桃園,199.0,0,1000,585H,3035,2026-05-12
統一桃園,197.0,0,1000,585H,3035,2026-05-12
統一桃園,196.0,3000,0,585H,3035,2026-05-12
統一桃園,194.5,7000,1000,585H,3035,2026-05-12
統一桃園,192.0,100,0,585H,3035,2026-05-12
統一新營,188.0,0,2000,585E,3035,2026-05-12
統一桃園,188.0,2005,0,585H,3035,2026-05-12
統一平鎮,207.0,0,1000,585g,3035,2026-05-12
統一平鎮,201.5,0,5000,585g,3035,2026-05-12
統一平鎮,200.0,5000,0,585g,3035,2026-05-12
統一平鎮,194.0,6000,0,585g,3035,2026-05-12
統一平鎮,192.0,1000,0,585g,3035,2026-05-12
統一彰化,210.0,0,1000,585F,3035,2026-05-12
統一平鎮,209.5,20,0,585g,3035,2026-05-12
統一桃園,207.0,1000,0,585H,3035,2026-05-12
統一新台中,204.0,0,100,585D,3035,2026-05-12
統一新台中,201.5,0,2000,585D,3035,2026-05-12
統一基隆,200.0,1000,0,585A,3035,2026-05-12
統一基隆,202.0,1000,0,585A,3035,2026-05-12
統一基隆,209.0,1000,1000,585A,3035,2026-05-12
統一內湖,189.5,2000,0,585b,3035,2026-05-12
統一內湖,192.0,0,21000,585b,3035,2026-05-12
統一內湖,195.0,115,2000,585b,3035,2026-05-12
統一內湖,196.5,10000,0,585b,3035,2026-05-12
統一內湖,199.5,0,1000,585b,3035,2026-05-12
統一內湖,201.5,0,1000,585b,3035,2026-05-12
統一內湖,203.0,0,2000,585b,3035,2026-05-12
統一內湖,208.5,0,4000,585b,3035,2026-05-12
統一永和,188.0,1000,0,585B,3035,2026-05-12
統一永和,189.0,0,53000,585B,3035,2026-05-12
統一永和,194.0,0,1000,585B,3035,2026-05-12
統一永和,196.0,0,10,585B,3035,2026-05-12
統一永和,199.5,0,1000,585B,3035,2026-05-12
統一永和,206.0,0,7000,585B,3035,2026-05-12
統一新台中,200.5,4000,0,585D,3035,2026-05-12
統一新台中,198.5,1000,0,585D,3035,2026-05-12
統一新台中,196.5,300,0,585D,3035,2026-05-12
統一新台中,195.0,2000,1000,585D,3035,2026-05-12
統一新台中,194.0,3000,3006,585D,3035,2026-05-12
統一新台中,193.0,1000,0,585D,3035,2026-05-12
統一新台中,202.5,5000,0,585D,3035,2026-05-12
統一新台中,191.0,3200,0,585D,3035,2026-05-12
統一仁愛,204.0,1000,0,585c,3035,2026-05-12
統一仁愛,201.0,1000,0,585c,3035,2026-05-12
統一仁愛,197.5,0,1000,585c,3035,2026-05-12
統一仁愛,195.0,120,0,585c,3035,2026-05-12
統一仁愛,194.0,0,1000,585c,3035,2026-05-12
統一仁愛,189.5,1500,4000,585c,3035,2026-05-12
統一仁愛,210.5,0,5000,585c,3035,2026-05-12
統一桃園,210.0,5,0,585H,3035,2026-05-12
統一員林,190.0,1000,0,585I,3035,2026-05-12
統一員林,192.0,1050,6000,585I,3035,2026-05-12
統一士林,206.0,0,1000,585M,3035,2026-05-12
統一士林,208.0,0,2000,585M,3035,2026-05-12
統一板橋,191.5,0,2000,585P,3035,2026-05-12
統一板橋,192.5,0,2000,585P,3035,2026-05-12
統一板橋,194.5,0,1000,585P,3035,2026-05-12
統一板橋,196.5,2000,0,585P,3035,2026-05-12
統一板橋,198.5,1000,0,585P,3035,2026-05-12
統一板橋,201.5,1000,0,585P,3035,2026-05-12
統一板橋,203.5,1000,0,585P,3035,2026-05-12
統一板橋,207.0,0,1000,585P,3035,2026-05-12
統一板橋,208.0,50,0,585P,3035,2026-05-12
統一三多,189.0,100,0,585Q,3035,2026-05-12
統一三多,193.5,1000,0,585Q,3035,2026-05-12
統一三多,194.5,1000,0,585Q,3035,2026-05-12
統一三多,196.5,0,1000,585Q,3035,2026-05-12
統一三多,199.5,0,1000,585Q,3035,2026-05-12
統一三多,201.0,1000,3000,585Q,3035,2026-05-12
統一南京,188.0,1000,0,585U,3035,2026-05-12
統一宜蘭,197.5,300,0,585S,3035,2026-05-12
統一宜蘭,194.0,0,5000,585S,3035,2026-05-12
統一宜蘭,189.5,2000,0,585S,3035,2026-05-12
統一宜蘭,188.0,5000,0,585S,3035,2026-05-12
統一東湖,208.5,1000,1000,585R,3035,2026-05-12
統一士林,204.0,1000,0,585M,3035,2026-05-12
統一東湖,205.0,0,1000,585R,3035,2026-05-12
統一東湖,197.5,1000,0,585R,3035,2026-05-12
統一東湖,195.0,0,1000,585R,3035,2026-05-12
統一東湖,193.5,1000,3000,585R,3035,2026-05-12
統一東湖,192.0,1000,0,585R,3035,2026-05-12
統一東湖,189.0,1000,0,585R,3035,2026-05-12
統一三多,208.5,0,3000,585Q,3035,2026-05-12
統一東湖,200.5,0,1000,585R,3035,2026-05-12
統一士林,202.5,2000,0,585M,3035,2026-05-12
統一士林,200.5,0,1000,585M,3035,2026-05-12
統一士林,198.0,3100,0,585M,3035,2026-05-12
統一三重,195.5,3000,1000,585J,3035,2026-05-12
統一三重,194.5,3000,15000,585J,3035,2026-05-12
統一三重,193.5,3000,1000,585J,3035,2026-05-12
統一三重,192.0,0,168,585J,3035,2026-05-12
統一三重,189.5,1000,0,585J,3035,2026-05-12
統一三重,188.5,3000,0,585J,3035,2026-05-12
統一三重,196.5,4000,0,585J,3035,2026-05-12
統一員林,210.5,10,0,585I,3035,2026-05-12
統一員林,201.5,1000,0,585I,3035,2026-05-12
統一員林,199.0,10,0,585I,3035,2026-05-12
統一員林,197.0,0,2000,585I,3035,2026-05-12
統一員林,195.5,3000,0,585I,3035,2026-05-12
統一員林,194.0,0,1000,585I,3035,2026-05-12
統一員林,193.0,1000,1000,585I,3035,2026-05-12
統一員林,204.5,20,0,585I,3035,2026-05-12
中信三重,193.0,200,0,6161,3035,2026-05-12
統一三重,197.5,1000,0,585J,3035,2026-05-12
統一三重,200.5,2000,0,585J,3035,2026-05-12
統一士林,197.0,1000,0,585M,3035,2026-05-12
統一士林,195.5,0,10000,585M,3035,2026-05-12
統一士林,194.5,2000,10000,585M,3035,2026-05-12
統一士林,193.5,7000,0,585M,3035,2026-05-12
統一士林,192.5,0,1000,585M,3035,2026-05-12
統一士林,191.0,15000,3000,585M,3035,2026-05-12
統一三重,199.0,1000,0,585J,3035,2026-05-12
統一士林,190.0,2000,0,585M,3035,2026-05-12
統一竹南,204.5,10000,0,585m,3035,2026-05-12
統一竹南,202.5,100,1000,585m,3035,2026-05-12
統一竹南,199.0,100,0,585m,3035,2026-05-12
統一竹南,190.5,0,3000,585m,3035,2026-05-12
統一三重,205.0,1000,0,585J,3035,2026-05-12
統一三重,203.0,100,0,585J,3035,2026-05-12
統一士林,188.5,0,10000,585M,3035,2026-05-12
中信三重,194.5,1100,0,6161,3035,2026-05-12
中信三重,195.5,1000,1000,6161,3035,2026-05-12
中信三重,196.5,100,0,6161,3035,2026-05-12
永全八德,193.5,1000,0,6452,3035,2026-05-12
永全八德,194.5,1000,0,6452,3035,2026-05-12
永全八德,199.0,0,1000,6452,3035,2026-05-12
永全八德,207.0,100,0,6452,3035,2026-05-12
大昌,188.5,1000,0,6460,3035,2026-05-12
大昌,189.5,0,1001,6460,3035,2026-05-12
大昌,191.5,50,1,6460,3035,2026-05-12
大昌,192.5,1000,2,6460,3035,2026-05-12
大昌,193.5,1000,0,6460,3035,2026-05-12
大昌,194.5,0,1001,6460,3035,2026-05-12
大昌,196.0,2000,0,6460,3035,2026-05-12
大昌,198.5,0,1,6460,3035,2026-05-12
大昌,200.5,2000,20,6460,3035,2026-05-12
大昌,202.0,1000,0,6460,3035,2026-05-12
大昌,203.0,0,1000,6460,3035,2026-05-12
大昌,205.0,0,1000,6460,3035,2026-05-12
大昌,208.0,2000,0,6460,3035,2026-05-12
大昌安康,189.0,1000,0,6462,3035,2026-05-12
大昌樹林,208.5,2200,1000,6461,3035,2026-05-12
大昌樹林,204.5,0,2000,6461,3035,2026-05-12
大昌樹林,201.0,1000,6000,6461,3035,2026-05-12
大昌樹林,199.5,0,1000,6461,3035,2026-05-12
大昌樹林,198.5,10,2000,6461,3035,2026-05-12
永全南崁,200.5,0,2000,6451,3035,2026-05-12
大昌樹林,197.0,1000,0,6461,3035,2026-05-12
大昌樹林,194.5,0,10000,6461,3035,2026-05-12
大昌樹林,193.0,0,1000,6461,3035,2026-05-12
大昌樹林,192.0,0,1000,6461,3035,2026-05-12
大昌樹林,190.5,6000,0,6461,3035,2026-05-12
大昌樹林,189.0,6000,2000,6461,3035,2026-05-12
大昌樹林,188.0,2000,0,6461,3035,2026-05-12
大昌樹林,196.0,1000,0,6461,3035,2026-05-12
大昌安康,191.0,1000,0,6462,3035,2026-05-12
永全南崁,196.0,0,2000,6451,3035,2026-05-12
永全南崁,192.5,2000,0,6451,3035,2026-05-12
光和,198.0,1000,0,6380,3035,2026-05-12
光和,199.0,1000,3000,6380,3035,2026-05-12
光和,201.0,1000,0,6380,3035,2026-05-12
光和,202.5,0,9000,6380,3035,2026-05-12
光和,208.5,3010,0,6380,3035,2026-05-12
光和溪湖,189.0,1000,0,6381,3035,2026-05-12
光和溪湖,192.5,1000,0,6381,3035,2026-05-12
光和溪湖,193.5,1000,0,6381,3035,2026-05-12
光和溪湖,200.5,1000,0,6381,3035,2026-05-12
光和溪湖,202.0,1000,1000,6381,3035,2026-05-12
光和溪湖,205.0,0,1000,6381,3035,2026-05-12
光和溪湖,210.0,0,50,6381,3035,2026-05-12
光和田中,196.5,1000,0,6382,3035,2026-05-12
光和田中,198.5,0,100,6382,3035,2026-05-12
光和田中,208.0,0,1000,6382,3035,2026-05-12
光和和美,200.0,1000,0,6383,3035,2026-05-12
光和花壇,193.0,1000,0,6385,3035,2026-05-12
永全,202.0,0,1000,6450,3035,2026-05-12
永全,198.0,0,1000,6450,3035,2026-05-12
永全,193.0,0,1000,6450,3035,2026-05-12
永全,188.5,1000,0,6450,3035,2026-05-12
光和高雄,208.5,1000,0,638D,3035,2026-05-12
光和高雄,202.0,0,500,638D,3035,2026-05-12
永全南崁,195.0,1000,100,6451,3035,2026-05-12
光和高雄,197.0,5000,1000,638D,3035,2026-05-12
光和高雄,189.5,500,0,638D,3035,2026-05-12
光和嘉義,203.0,0,1000,638A,3035,2026-05-12
光和嘉義,195.5,1000,1000,638A,3035,2026-05-12
光和花壇,210.0,102,0,6385,3035,2026-05-12
光和花壇,208.0,0,6000,6385,3035,2026-05-12
光和花壇,194.5,1000,0,6385,3035,2026-05-12
光和高雄,194.5,0,1000,638D,3035,2026-05-12
大昌安康,198.5,1000,0,6462,3035,2026-05-12
大昌安康,200.5,1000,0,6462,3035,2026-05-12
大昌安康,202.5,0,2000,6462,3035,2026-05-12
福邦,194.0,1000,0,6480,3035,2026-05-12
福邦,197.5,0,1000,6480,3035,2026-05-12
福邦,198.5,0,1000,6480,3035,2026-05-12
福邦,203.5,0,200,6480,3035,2026-05-12
福邦新竹,190.0,5000,0,6489,3035,2026-05-12
福邦新竹,193.5,50,1000,6489,3035,2026-05-12
口袋,188.0,40,0,6620,3035,2026-05-12
口袋,189.0,5073,7000,6620,3035,2026-05-12
口袋,190.0,0,3550,6620,3035,2026-05-12
口袋,191.0,6000,1000,6620,3035,2026-05-12
口袋,192.0,2210,1466,6620,3035,2026-05-12
口袋,193.0,4250,2000,6620,3035,2026-05-12
口袋,194.0,12620,0,6620,3035,2026-05-12
口袋,195.0,70,2201,6620,3035,2026-05-12
口袋,196.0,7000,100,6620,3035,2026-05-12
口袋,197.0,20000,0,6620,3035,2026-05-12
口袋,198.0,1030,0,6620,3035,2026-05-12
德信,194.0,2000,0,6910,3035,2026-05-12
德信,191.5,0,3000,6910,3035,2026-05-12
德信,189.5,0,3000,6910,3035,2026-05-12
口袋,210.5,0,3000,6620,3035,2026-05-12
口袋,209.5,4,0,6620,3035,2026-05-12
口袋,208.5,4002,7000,6620,3035,2026-05-12
大昌桃園,208.5,1000,0,6465,3035,2026-05-12
口袋,207.0,2000,1000,6620,3035,2026-05-12
口袋,204.0,30,0,6620,3035,2026-05-12
口袋,203.0,2560,1020,6620,3035,2026-05-12
口袋,202.0,0,1000,6620,3035,2026-05-12
口袋,201.0,1000,1000,6620,3035,2026-05-12
口袋,200.0,0,100,6620,3035,2026-05-12
口袋,199.0,3026,21000,6620,3035,2026-05-12
口袋,206.0,1000,0,6620,3035,2026-05-12
大昌桃園,207.5,200,0,6465,3035,2026-05-12
大昌桃園,203.5,0,1000,6465,3035,2026-05-12
大昌桃園,202.0,0,8000,6465,3035,2026-05-12
大昌新店,195.5,0,3000,6464,3035,2026-05-12
大昌新店,194.5,4000,0,6464,3035,2026-05-12
大昌新店,193.5,2000,2000,6464,3035,2026-05-12
大昌新店,192.5,4020,7000,6464,3035,2026-05-12
大昌新店,191.5,0,1000,6464,3035,2026-05-12
大昌新店,190.5,1000,1000,6464,3035,2026-05-12
大昌新店,196.5,2000,1000,6464,3035,2026-05-12
大昌新店,189.0,1141,3000,6464,3035,2026-05-12
大昌新竹,208.5,1000,0,6463,3035,2026-05-12
大昌新竹,202.5,1000,0,6463,3035,2026-05-12
大昌新竹,198.0,3000,0,6463,3035,2026-05-12
大昌新竹,195.0,0,1000,6463,3035,2026-05-12
大昌新竹,187.5,0,1000,6463,3035,2026-05-12
大昌安康,204.5,0,500,6462,3035,2026-05-12
大昌新店,187.5,1000,0,6464,3035,2026-05-12
光和,195.0,300,1000,6380,3035,2026-05-12
大昌新店,198.5,1000,1000,6464,3035,2026-05-12
大昌新店,201.0,0,4000,6464,3035,2026-05-12
大昌桃園,199.5,2000,0,6465,3035,2026-05-12
大昌桃園,198.5,800,2000,6465,3035,2026-05-12
大昌桃園,197.5,3000,0,6465,3035,2026-05-12
大昌桃園,196.5,1000,0,6465,3035,2026-05-12
大昌桃園,195.0,100,0,6465,3035,2026-05-12
大昌桃園,194.0,2100,10,6465,3035,2026-05-12
大昌新店,199.5,1000,3000,6464,3035,2026-05-12
大昌桃園,193.0,1100,0,6465,3035,2026-05-12
大昌桃園,189.0,4000,0,6465,3035,2026-05-12
大昌新店,210.0,0,1000,6464,3035,2026-05-12
大昌新店,208.5,3000,2000,6464,3035,2026-05-12
大昌新店,205.0,0,1000,6464,3035,2026-05-12
大昌新店,204.0,1000,1100,6464,3035,2026-05-12
大昌新店,203.0,1000,0,6464,3035,2026-05-12
大昌桃園,192.0,2100,4000,6465,3035,2026-05-12
統一屏東,209.5,0,5,5859,3035,2026-05-12
光和,193.5,1000,1000,6380,3035,2026-05-12
光和,190.5,30,0,6380,3035,2026-05-12
中信託永,201.5,0,100,6163,3035,2026-05-12
中信託永,202.5,14015,0,6163,3035,2026-05-12
中信託永,207.0,0,1000,6163,3035,2026-05-12
中信託永,208.5,0,1000,6163,3035,2026-05-12
中信託永,210.0,0,500,6163,3035,2026-05-12
中信託文,188.5,12000,1000,6164,3035,2026-05-12
中信託文,189.5,10300,0,6164,3035,2026-05-12
中信託文,190.5,25000,1050,6164,3035,2026-05-12
中信託文,191.5,1000,1000,6164,3035,2026-05-12
中信託文,192.5,1000,1000,6164,3035,2026-05-12
中信託文,193.5,6000,1000,6164,3035,2026-05-12
中信託文,194.5,8050,60,6164,3035,2026-05-12
中信託文,195.5,21000,55,6164,3035,2026-05-12
中信託文,197.0,1000,0,6164,3035,2026-05-12
中信託文,198.0,13150,0,6164,3035,2026-05-12
中信託文,199.0,4000,0,6164,3035,2026-05-12
中信託文,200.0,0,11000,6164,3035,2026-05-12
中信託新,195.0,0,2100,6165,3035,2026-05-12
中信託新,194.0,6000,7000,6165,3035,2026-05-12
中信託新,193.0,2200,4000,6165,3035,2026-05-12
中信託新,192.0,1000,3000,6165,3035,2026-05-12
中信託新,190.0,6100,1768,6165,3035,2026-05-12
中信託新,188.5,3000,0,6165,3035,2026-05-12
中信託永,199.5,1100,0,6163,3035,2026-05-12
中信託文,210.0,150,2300,6164,3035,2026-05-12
中信託文,208.0,1500,1000,6164,3035,2026-05-12
中信託文,207.0,1000,0,6164,3035,2026-05-12
中信託文,205.0,1000,0,6164,3035,2026-05-12
中信託文,203.0,0,15130,6164,3035,2026-05-12
中信託文,202.0,100,300,6164,3035,2026-05-12
中信託文,201.0,2000,0,6164,3035,2026-05-12
中信託文,209.0,1000,0,6164,3035,2026-05-12
中信託新,196.0,3000,0,6165,3035,2026-05-12
中信託永,198.0,1110,0,6163,3035,2026-05-12
中信託永,196.0,1000,500,6163,3035,2026-05-12
中信三重,198.0,2000,0,6161,3035,2026-05-12
中信三重,200.0,0,100,6161,3035,2026-05-12
中信三重,202.5,3000,0,6161,3035,2026-05-12
中信三重,203.5,0,250,6161,3035,2026-05-12
中信三重,206.0,1000,0,6161,3035,2026-05-12
中信三重,208.0,0,5,6161,3035,2026-05-12
中信三重,209.0,0,3000,6161,3035,2026-05-12
中信三重,210.0,0,10,6161,3035,2026-05-12
中信託忠,188.5,0,1000,6162,3035,2026-05-12
中信託忠,189.5,3000,20000,6162,3035,2026-05-12
中信託忠,190.5,0,52000,6162,3035,2026-05-12
中信託忠,191.5,11000,0,6162,3035,2026-05-12
中信託忠,192.5,50,1000,6162,3035,2026-05-12
中信託忠,193.5,1000,0,6162,3035,2026-05-12
中信託忠,194.5,14000,1100,6162,3035,2026-05-12
中信託忠,195.5,1000,0,6162,3035,2026-05-12
中信託忠,196.5,0,1000,6162,3035,2026-05-12
中信託永,195.0,100,0,6163,3035,2026-05-12
中信託永,194.0,4108,0,6163,3035,2026-05-12
中信託永,193.0,4500,1000,6163,3035,2026-05-12
中信託永,192.0,1100,1000,6163,3035,2026-05-12
中信託永,190.5,0,11000,6163,3035,2026-05-12
中信託永,189.5,200,2250,6163,3035,2026-05-12
中信託永,197.0,0,2000,6163,3035,2026-05-12
中信託永,188.5,1000,0,6163,3035,2026-05-12
中信託忠,208.5,7000,5000,6162,3035,2026-05-12
中信託忠,206.5,3000,0,6162,3035,2026-05-12
中信託忠,202.0,21000,1000,6162,3035,2026-05-12
中信託忠,200.5,2000,0,6162,3035,2026-05-12
中信託忠,199.0,2000,0,6162,3035,2026-05-12
中信託忠,198.0,1000,0,6162,3035,2026-05-12
中信託忠,209.5,0,10000,6162,3035,2026-05-12
中信託新,197.0,4000,0,6165,3035,2026-05-12
中信託新,199.0,1000,0,6165,3035,2026-05-12
中信託新,200.0,2000,6000,6165,3035,2026-05-12
中信中壢,208.0,0,1000,616A,3035,2026-05-12
中信中壢,209.0,0,1000,616A,3035,2026-05-12
中信託高,189.5,2000,1000,616K,3035,2026-05-12
中信託高,191.0,0,5000,616K,3035,2026-05-12
中信託高,192.5,1000,1000,616K,3035,2026-05-12
中信託高,193.5,2000,0,616K,3035,2026-05-12
中信託高,194.5,2000,0,616K,3035,2026-05-12
中信託高,195.5,1000,0,616K,3035,2026-05-12
中信託高,197.5,4000,0,616K,3035,2026-05-12
中信託高,198.5,2550,1000,616K,3035,2026-05-12
中信託高,199.5,0,1000,616K,3035,2026-05-12
中信託高,200.5,0,16000,616K,3035,2026-05-12
中信託高,201.5,12000,0,616K,3035,2026-05-12
中信託高,206.0,2000,0,616K,3035,2026-05-12
中信託高,207.0,0,1000,616K,3035,2026-05-12
中信託高,208.5,4000,4300,616K,3035,2026-05-12
中信託高,210.0,50,200,616K,3035,2026-05-12
光和,188.0,1000,0,6380,3035,2026-05-12
新百王,209.0,0,20,6210,3035,2026-05-12
新百王,208.0,8065,0,6210,3035,2026-05-12
新百王,206.0,1000,0,6210,3035,2026-05-12
新百王,201.5,0,1000,6210,3035,2026-05-12
新百王,200.5,2050,36000,6210,3035,2026-05-12
中信中壢,206.5,1000,1000,616A,3035,2026-05-12
新百王,198.0,43000,0,6210,3035,2026-05-12
新百王,195.0,0,1000,6210,3035,2026-05-12
新百王,194.0,43000,1000,6210,3035,2026-05-12
新百王,193.0,1070,5000,6210,3035,2026-05-12
新百王,192.0,2000,2000,6210,3035,2026-05-12
新百王,191.0,2000,1000,6210,3035,2026-05-12
新百王,189.5,2000,1000,6210,3035,2026-05-12
新百王,196.0,50001,1000,6210,3035,2026-05-12
中信中壢,204.0,0,1000,616A,3035,2026-05-12
中信中壢,202.0,1000,1000,616A,3035,2026-05-12
中信中壢,200.5,0,1000,616A,3035,2026-05-12
中信嘉義,192.0,4000,0,6168,3035,2026-05-12
中信嘉義,191.0,3000,0,6168,3035,2026-05-12
中信嘉義,190.0,2000,0,6168,3035,2026-05-12
中信嘉義,188.0,25,0,6168,3035,2026-05-12
中信松江,208.5,1000,0,6167,3035,2026-05-12
中信松江,202.5,1000,0,6167,3035,2026-05-12
中信嘉義,193.0,1000,4000,6168,3035,2026-05-12
中信松江,198.5,2050,2000,6167,3035,2026-05-12
中信松江,194.0,2000,0,6167,3035,2026-05-12
中信松江,193.0,0,4000,6167,3035,2026-05-12
中信松江,189.5,0,1000,6167,3035,2026-05-12
中信託新,209.0,5,0,6165,3035,2026-05-12
中信託新,206.5,0,1000,6165,3035,2026-05-12
中信託新,203.0,1000,0,6165,3035,2026-05-12
中信松江,195.5,1000,1000,6167,3035,2026-05-12
光和,192.0,1120,4000,6380,3035,2026-05-12
中信嘉義,194.0,0,3000,6168,3035,2026-05-12
中信嘉義,196.0,0,4000,6168,3035,2026-05-12
中信中壢,198.0,1000,0,616A,3035,2026-05-12
中信中壢,196.5,1000,0,616A,3035,2026-05-12
中信中壢,194.5,2000,0,616A,3035,2026-05-12
中信中壢,193.5,1100,1000,616A,3035,2026-05-12
中信中壢,192.5,10000,1000,616A,3035,2026-05-12
中信中壢,190.5,1200,0,616A,3035,2026-05-12
中信嘉義,195.0,1000,0,6168,3035,2026-05-12
中信中壢,189.5,100,0,616A,3035,2026-05-12
中信嘉義,208.5,2000,0,6168,3035,2026-05-12
中信嘉義,206.0,1000,2000,6168,3035,2026-05-12
中信嘉義,203.0,0,1000,6168,3035,2026-05-12
中信嘉義,202.0,1000,1000,6168,3035,2026-05-12
中信嘉義,200.0,2300,0,6168,3035,2026-05-12
中信嘉義,197.5,1000,0,6168,3035,2026-05-12
中信嘉義,210.0,0,300,6168,3035,2026-05-12
凱基大安,201.5,0,1000,9291,3035,2026-05-12
凱基大安,203.5,1000,0,9291,3035,2026-05-12
凱基大安,210.0,1000,400,9291,3035,2026-05-12
元大嘉義,188.0,2000,3000,989g,3035,2026-05-12
元大嘉義,189.0,2030,1000,989g,3035,2026-05-12
元大嘉義,190.0,3025,0,989g,3035,2026-05-12
元大嘉義,191.0,8000,0,989g,3035,2026-05-12
元大嘉義,192.0,1000,3000,989g,3035,2026-05-12
元大嘉義,193.0,1050,1000,989g,3035,2026-05-12
元大嘉義,194.5,300,1300,989g,3035,2026-05-12
元大嘉義,195.5,2000,0,989g,3035,2026-05-12
元大嘉義,196.5,2000,0,989g,3035,2026-05-12
元大嘉義,197.5,2100,2000,989g,3035,2026-05-12
元大嘉義,198.5,1014,2000,989g,3035,2026-05-12
元大嘉義,199.5,2000,2000,989g,3035,2026-05-12
元大嘉義,200.5,3000,0,989g,3035,2026-05-12
元大嘉義,202.5,0,1000,989g,3035,2026-05-12
元大嘉義,203.5,26,0,989g,3035,2026-05-12
元大嘉義,208.0,0,6000,989g,3035,2026-05-12
元大嘉義,209.0,0,2000,989g,3035,2026-05-12
元大大同,201.5,1000,1000,989G,3035,2026-05-12
元大大同,200.0,270,0,989G,3035,2026-05-12
元大大同,199.0,4020,50,989G,3035,2026-05-12
元大大同,198.0,1010,3000,989G,3035,2026-05-12
元大大同,197.0,0,2000,989G,3035,2026-05-12
元大大同,195.5,0,1000,989G,3035,2026-05-12
元大高雄,209.5,20,2000,989F,3035,2026-05-12
元大大同,194.5,1004,6000,989G,3035,2026-05-12
元大大同,192.5,1000,0,989G,3035,2026-05-12
元大大同,191.5,0,7000,989G,3035,2026-05-12
元大大同,190.5,0,1100,989G,3035,2026-05-12
元大大同,189.5,0,1350,989G,3035,2026-05-12
元大大同,188.5,0,3000,989G,3035,2026-05-12
元大大同,187.5,0,4000,989G,3035,2026-05-12
元大大同,193.5,2000,0,989G,3035,2026-05-12
元大大同,202.5,1000,0,989G,3035,2026-05-12
元大高雄,208.5,0,1000,989F,3035,2026-05-12
元大高雄,203.0,1000,4000,989F,3035,2026-05-12
元大草屯,201.0,1000,1000,989E,3035,2026-05-12
元大草屯,202.5,50,0,989E,3035,2026-05-12
元大草屯,207.0,0,1000,989E,3035,2026-05-12
元大草屯,208.5,0,1000,989E,3035,2026-05-12
元大草屯,209.5,107,0,989E,3035,2026-05-12
元大草屯,210.5,0,3000,989E,3035,2026-05-12
元大東港,190.0,1000,11000,989f,3035,2026-05-12
元大東港,191.5,2000,0,989f,3035,2026-05-12
元大東港,192.5,10,2000,989f,3035,2026-05-12
元大東港,194.0,50,0,989f,3035,2026-05-12
元大東港,195.0,19000,0,989f,3035,2026-05-12
元大東港,196.0,12000,1000,989f,3035,2026-05-12
元大東港,198.0,2000,0,989f,3035,2026-05-12
元大東港,200.5,1000,0,989f,3035,2026-05-12
元大東港,202.5,1000,0,989f,3035,2026-05-12
元大東港,204.0,1000,0,989f,3035,2026-05-12
元大東港,208.0,2050,1000,989f,3035,2026-05-12
元大高雄,201.0,1000,4000,989F,3035,2026-05-12
元大高雄,200.0,200,4000,989F,3035,2026-05-12
元大高雄,199.0,3055,0,989F,3035,2026-05-12
元大高雄,198.0,0,1000,989F,3035,2026-05-12
元大高雄,196.5,1000,0,989F,3035,2026-05-12
元大高雄,195.0,3660,1000,989F,3035,2026-05-12
元大高雄,204.0,3000,0,989F,3035,2026-05-12
元大高雄,194.0,1100,5005,989F,3035,2026-05-12
元大高雄,192.0,1000,2001,989F,3035,2026-05-12
元大高雄,191.0,1000,0,989F,3035,2026-05-12
元大高雄,189.5,4011,0,989F,3035,2026-05-12
元大高雄,188.5,103,0,989F,3035,2026-05-12
元大高雄,187.5,0,900,989F,3035,2026-05-12
元大東港,209.0,25,0,989f,3035,2026-05-12
元大高雄,193.0,7060,3000,989F,3035,2026-05-12
元大草屯,200.0,2000,4000,989E,3035,2026-05-12
元大大同,205.0,2200,1000,989G,3035,2026-05-12
元大大同,208.5,50,1000,989G,3035,2026-05-12
元大彰生,192.0,720,2000,989J,3035,2026-05-12
元大彰生,193.0,1000,0,989J,3035,2026-05-12
元大彰生,194.5,3000,0,989J,3035,2026-05-12
元大彰生,196.5,3000,0,989J,3035,2026-05-12
元大彰生,199.0,1100,0,989J,3035,2026-05-12
元大彰生,200.0,1000,0,989J,3035,2026-05-12
元大彰生,201.5,2200,25,989J,3035,2026-05-12
元大彰生,203.0,0,1000,989J,3035,2026-05-12
元大彰生,208.5,1000,0,989J,3035,2026-05-12
元大彰生,210.0,50,0,989J,3035,2026-05-12
元大古亭,191.0,1000,0,989k,3035,2026-05-12
元大古亭,192.0,12000,0,989k,3035,2026-05-12
元大古亭,193.0,22000,0,989k,3035,2026-05-12
元大古亭,194.0,5000,41000,989k,3035,2026-05-12
元大古亭,195.0,100,2286,989k,3035,2026-05-12
元大古亭,196.5,0,1000,989k,3035,2026-05-12
元大古亭,198.0,0,5000,989k,3035,2026-05-12
元大成功,201.5,1000,0,989L,3035,2026-05-12
元大成功,200.0,2000,0,989L,3035,2026-05-12
元大成功,199.0,1000,1000,989L,3035,2026-05-12
元大成功,198.0,1060,0,989L,3035,2026-05-12
元大成功,195.5,2000,0,989L,3035,2026-05-12
元大成功,194.5,2030,1000,989L,3035,2026-05-12
元大彰生,190.5,1000,1000,989J,3035,2026-05-12
元大成功,193.0,30,0,989L,3035,2026-05-12
元大成功,189.0,1000,0,989L,3035,2026-05-12
元大古亭,208.0,1000,0,989k,3035,2026-05-12
元大古亭,206.5,2000,0,989k,3035,2026-05-12
元大古亭,202.5,2000,1000,989k,3035,2026-05-12
元大古亭,200.5,0,1000,989k,3035,2026-05-12
元大古亭,199.0,1000,0,989k,3035,2026-05-12
元大成功,190.0,310,1020,989L,3035,2026-05-12
元大大同,206.5,2000,0,989G,3035,2026-05-12
元大彰生,189.5,2000,1000,989J,3035,2026-05-12
元大樹林,208.5,1000,1000,989j,3035,2026-05-12
元大蘆中,188.5,2000,0,989I,3035,2026-05-12
元大蘆中,190.0,2000,12000,989I,3035,2026-05-12
元大蘆中,191.5,1000,11000,989I,3035,2026-05-12
元大蘆中,192.5,2000,6553,989I,3035,2026-05-12
元大蘆中,193.5,1000,3000,989I,3035,2026-05-12
元大蘆中,194.5,3088,3000,989I,3035,2026-05-12
元大蘆中,195.5,2050,1000,989I,3035,2026-05-12
元大蘆中,196.5,1000,0,989I,3035,2026-05-12
元大蘆中,197.5,1000,0,989I,3035,2026-05-12
元大蘆中,198.5,3000,0,989I,3035,2026-05-12
元大蘆中,200.0,5000,0,989I,3035,2026-05-12
元大蘆中,202.5,0,2000,989I,3035,2026-05-12
元大蘆中,203.5,0,1000,989I,3035,2026-05-12
元大蘆中,206.5,0,5000,989I,3035,2026-05-12
元大蘆中,210.0,0,1000,989I,3035,2026-05-12
元大樹林,188.5,5000,6000,989j,3035,2026-05-12
元大樹林,189.5,1000,0,989j,3035,2026-05-12
元大樹林,207.0,10,0,989j,3035,2026-05-12
元大樹林,205.5,0,1000,989j,3035,2026-05-12
元大樹林,203.5,450,0,989j,3035,2026-05-12
元大樹林,201.5,0,1000,989j,3035,2026-05-12
元大樹林,200.5,1000,1000,989j,3035,2026-05-12
元大樹林,199.5,10,0,989j,3035,2026-05-12
元大彰生,188.0,0,1000,989J,3035,2026-05-12
元大樹林,198.0,0,3000,989j,3035,2026-05-12
元大樹林,196.0,2000,28000,989j,3035,2026-05-12
元大樹林,195.0,1000,10,989j,3035,2026-05-12
元大樹林,194.0,4000,4000,989j,3035,2026-05-12
元大樹林,193.0,1000,3000,989j,3035,2026-05-12
元大樹林,192.0,1100,1000,989j,3035,2026-05-12
元大樹林,191.0,2100,0,989j,3035,2026-05-12
元大樹林,197.0,4000,1000,989j,3035,2026-05-12
元大草屯,198.5,0,1000,989E,3035,2026-05-12
元大草屯,197.5,1000,0,989E,3035,2026-05-12
元大草屯,196.5,1000,50,989E,3035,2026-05-12
元大北投,191.5,1000,1000,989A,3035,2026-05-12
元大北投,193.0,1100,0,989A,3035,2026-05-12
元大北投,194.0,2170,0,989A,3035,2026-05-12
元大北投,195.0,1000,300,989A,3035,2026-05-12
元大北投,196.0,1020,0,989A,3035,2026-05-12
元大北投,197.0,100,1000,989A,3035,2026-05-12
元大北投,198.0,1000,0,989A,3035,2026-05-12
元大北投,201.0,1000,1000,989A,3035,2026-05-12
元大北投,204.5,50,0,989A,3035,2026-05-12
元大北投,206.0,0,1000,989A,3035,2026-05-12
元大北投,208.0,40,0,989A,3035,2026-05-12
元大北投,209.5,0,120,989A,3035,2026-05-12
元大中港,188.5,3000,0,989B,3035,2026-05-12
元大中港,189.5,5,0,989B,3035,2026-05-12
元大中港,190.5,0,10,989B,3035,2026-05-12
元大中港,191.5,4000,2000,989B,3035,2026-05-12
元大中港,192.5,1000,0,989B,3035,2026-05-12
元大板橋,188.5,0,45000,989C,3035,2026-05-12
元大中港,210.0,96,2,989B,3035,2026-05-12
元大中港,207.0,1000,0,989B,3035,2026-05-12
元大中港,205.0,0,2,989B,3035,2026-05-12
元大中港,203.0,0,50,989B,3035,2026-05-12
元大中港,202.0,3000,0,989B,3035,2026-05-12
元大北投,190.5,0,2000,989A,3035,2026-05-12
元大中港,200.5,1000,0,989B,3035,2026-05-12
元大中港,198.5,7000,1000,989B,3035,2026-05-12
元大中港,197.5,0,3000,989B,3035,2026-05-12
元大中港,196.5,2000,0,989B,3035,2026-05-12
元大中港,195.5,1000,5000,989B,3035,2026-05-12
元大中港,194.5,0,2000,989B,3035,2026-05-12
元大中港,193.5,4012,34000,989B,3035,2026-05-12
元大中港,199.5,1000,0,989B,3035,2026-05-12
元大板橋,189.5,200,34000,989C,3035,2026-05-12
元大北投,189.5,30,0,989A,3035,2026-05-12
元大苑裡,209.5,50,0,989a,3035,2026-05-12
元大淡水,189.0,3000,0,9899,3035,2026-05-12
元大淡水,190.0,1064,4000,9899,3035,2026-05-12
元大淡水,191.0,2300,0,9899,3035,2026-05-12
元大淡水,192.0,4200,7000,9899,3035,2026-05-12
元大淡水,193.0,2000,0,9899,3035,2026-05-12
元大淡水,194.0,4000,0,9899,3035,2026-05-12
元大淡水,195.0,2000,1000,9899,3035,2026-05-12
元大淡水,196.0,1000,0,9899,3035,2026-05-12
元大淡水,198.5,1000,0,9899,3035,2026-05-12
元大淡水,200.0,1100,6000,9899,3035,2026-05-12
元大淡水,202.0,1000,3200,9899,3035,2026-05-12
元大淡水,203.0,300,8000,9899,3035,2026-05-12
元大淡水,207.0,0,2000,9899,3035,2026-05-12
元大淡水,208.5,1000,3000,9899,3035,2026-05-12
元大苑裡,188.0,1100,0,989a,3035,2026-05-12
元大苑裡,189.0,100,0,989a,3035,2026-05-12
元大苑裡,190.0,3380,0,989a,3035,2026-05-12
元大苑裡,208.5,268,0,989a,3035,2026-05-12
元大苑裡,207.5,0,2000,989a,3035,2026-05-12
元大苑裡,205.0,0,1000,989a,3035,2026-05-12
元大苑裡,204.0,200,0,989a,3035,2026-05-12
元大苑裡,202.5,0,1000,989a,3035,2026-05-12
元大苑裡,201.5,0,100,989a,3035,2026-05-12
元大北投,188.5,2000,0,989A,3035,2026-05-12
元大苑裡,200.5,1000,4000,989a,3035,2026-05-12
元大苑裡,198.0,0,100,989a,3035,2026-05-12
元大苑裡,197.0,1000,0,989a,3035,2026-05-12
元大苑裡,195.5,2000,0,989a,3035,2026-05-12
元大苑裡,194.5,0,1000,989a,3035,2026-05-12
元大苑裡,193.5,0,6000,989a,3035,2026-05-12
元大苑裡,192.5,5000,300,989a,3035,2026-05-12
元大苑裡,199.5,1000,0,989a,3035,2026-05-12
元大板橋,190.5,5000,0,989C,3035,2026-05-12
元大板橋,191.5,2000,0,989C,3035,2026-05-12
元大板橋,192.5,100,1000,989C,3035,2026-05-12
元大左營,197.0,20,0,989D,3035,2026-05-12
元大左營,199.0,2020,0,989D,3035,2026-05-12
元大左營,201.0,1000,1020,989D,3035,2026-05-12
元大左營,202.5,2100,0,989D,3035,2026-05-12
元大左營,204.0,0,1000,989D,3035,2026-05-12
元大左營,205.5,10,0,989D,3035,2026-05-12
元大左營,207.5,1009,352,989D,3035,2026-05-12
元大左營,209.5,0,10,989D,3035,2026-05-12
元大中和,187.0,1000,0,989e,3035,2026-05-12
元大中和,188.5,3000,0,989e,3035,2026-05-12
元大中和,190.0,500,0,989e,3035,2026-05-12
元大中和,192.0,1000,3000,989e,3035,2026-05-12
元大中和,193.0,0,2000,989e,3035,2026-05-12
元大中和,194.0,50,1000,989e,3035,2026-05-12
元大中和,195.0,5,1000,989e,3035,2026-05-12
元大中和,196.0,1000,1000,989e,3035,2026-05-12
元大中和,198.5,1000,0,989e,3035,2026-05-12
元大草屯,195.5,2000,100,989E,3035,2026-05-12
元大草屯,193.5,3000,2000,989E,3035,2026-05-12
元大草屯,192.5,10,0,989E,3035,2026-05-12
元大草屯,191.5,3000,1000,989E,3035,2026-05-12
元大草屯,190.5,1010,0,989E,3035,2026-05-12
元大草屯,189.5,1000,8000,989E,3035,2026-05-12
元大左營,195.5,75,0,989D,3035,2026-05-12
元大草屯,188.5,5000,0,989E,3035,2026-05-12
元大中和,209.5,0,4,989e,3035,2026-05-12
元大中和,208.0,40,0,989e,3035,2026-05-12
元大中和,206.5,0,1000,989e,3035,2026-05-12
元大中和,204.0,1000,0,989e,3035,2026-05-12
元大中和,202.5,0,1000,989e,3035,2026-05-12
元大中和,200.0,5000,0,989e,3035,2026-05-12
元大草屯,187.5,1010,0,989E,3035,2026-05-12
元大左營,194.5,160,0,989D,3035,2026-05-12
元大左營,193.5,50,1000,989D,3035,2026-05-12
元大左營,192.5,10,0,989D,3035,2026-05-12
元大北屯,187.0,0,2000,989d,3035,2026-05-12
元大板橋,209.5,1000,0,989C,3035,2026-05-12
元大板橋,208.5,2000,1000,989C,3035,2026-05-12
元大板橋,206.5,0,1000,989C,3035,2026-05-12
元大板橋,203.5,0,1000,989C,3035,2026-05-12
元大板橋,202.5,2000,0,989C,3035,2026-05-12
元大北屯,189.0,30,6000,989d,3035,2026-05-12
元大板橋,200.5,20000,8000,989C,3035,2026-05-12
元大板橋,198.5,1000,0,989C,3035,2026-05-12
元大板橋,197.5,102,0,989C,3035,2026-05-12
元大板橋,196.5,1055,50,989C,3035,2026-05-12
元大板橋,195.5,8000,4000,989C,3035,2026-05-12
元大板橋,194.5,97,0,989C,3035,2026-05-12
元大板橋,193.5,199,7001,989C,3035,2026-05-12
元大板橋,199.5,2000,3000,989C,3035,2026-05-12
元大成功,202.5,2000,0,989L,3035,2026-05-12
元大北屯,190.0,1000,0,989d,3035,2026-05-12
元大北屯,193.0,0,100,989d,3035,2026-05-12
元大左營,191.5,1000,0,989D,3035,2026-05-12
元大左營,189.0,2000,0,989D,3035,2026-05-12
元大北屯,209.5,1030,100,989d,3035,2026-05-12
元大北屯,208.5,1000,8000,989d,3035,2026-05-12
元大北屯,205.0,0,1000,989d,3035,2026-05-12
元大北屯,202.5,2025,0,989d,3035,2026-05-12
元大北屯,192.0,1000,0,989d,3035,2026-05-12
元大北屯,201.5,30,0,989d,3035,2026-05-12
元大北屯,199.5,1000,0,989d,3035,2026-05-12
元大北屯,198.0,80,0,989d,3035,2026-05-12
元大北屯,197.0,1030,1000,989d,3035,2026-05-12
元大北屯,196.0,50,0,989d,3035,2026-05-12
元大北屯,195.0,1120,0,989d,3035,2026-05-12
元大北屯,194.0,620,1100,989d,3035,2026-05-12
元大北屯,200.5,0,100,989d,3035,2026-05-12
元大淡水,188.0,5120,100,9899,3035,2026-05-12
元大成功,204.5,150,0,989L,3035,2026-05-12
元大成功,208.5,3200,0,989L,3035,2026-05-12
永豐金,209.5,1000,3000,9A00,3035,2026-05-12
永豐金,210.5,0,1000,9A00,3035,2026-05-12
永豐鳳山,189.5,1050,2000,9A61,3035,2026-05-12
永豐鳳山,191.0,1000,200,9A61,3035,2026-05-12
永豐鳳山,192.5,0,1000,9A61,3035,2026-05-12
永豐鳳山,193.5,1000,0,9A61,3035,2026-05-12
永豐鳳山,195.0,489,0,9A61,3035,2026-05-12
永豐鳳山,196.0,3000,0,9A61,3035,2026-05-12
永豐鳳山,202.0,2000,0,9A61,3035,2026-05-12
永豐鳳山,203.5,50,0,9A61,3035,2026-05-12
永豐鳳山,204.5,0,100,9A61,3035,2026-05-12
永豐鳳山,207.5,0,100,9A61,3035,2026-05-12
永豐鳳山,209.0,0,50,9A61,3035,2026-05-12
永豐鳳山,210.0,1000,1000,9A61,3035,2026-05-12
永豐屏東,188.5,20000,0,9A69,3035,2026-05-12
永豐屏東,189.5,0,1000,9A69,3035,2026-05-12
永豐屏東,192.5,1000,0,9A69,3035,2026-05-12
永豐埔里,203.0,0,1000,9A79,3035,2026-05-12
永豐埔里,202.0,2000,2000,9A79,3035,2026-05-12
永豐埔里,201.0,0,100,9A79,3035,2026-05-12
永豐埔里,200.0,1000,500,9A79,3035,2026-05-12
永豐埔里,198.0,0,100,9A79,3035,2026-05-12
永豐埔里,195.0,1000,1500,9A79,3035,2026-05-12
永豐金,208.5,15565,21200,9A00,3035,2026-05-12
永豐埔里,193.5,1000,0,9A79,3035,2026-05-12
永豐埔里,189.0,0,5000,9A79,3035,2026-05-12
永豐屏東,208.5,0,2000,9A69,3035,2026-05-12
永豐屏東,207.5,0,3000,9A69,3035,2026-05-12
永豐屏東,199.5,2000,0,9A69,3035,2026-05-12
永豐屏東,195.0,1025,1000,9A69,3035,2026-05-12
永豐屏東,194.0,36,30,9A69,3035,2026-05-12
永豐埔里,190.5,0,500,9A79,3035,2026-05-12
永豐埔里,208.0,0,2000,9A79,3035,2026-05-12
永豐金,207.5,1903,0,9A00,3035,2026-05-12
永豐金,205.5,0,1000,9A00,3035,2026-05-12
元大基隆,203.5,0,1000,989Y,3035,2026-05-12
元大基隆,206.0,1000,0,989Y,3035,2026-05-12
元大基隆,208.5,6000,1000,989Y,3035,2026-05-12
元大小港,189.0,1000,2000,989Z,3035,2026-05-12
元大小港,191.5,0,1000,989Z,3035,2026-05-12
元大小港,192.5,1000,0,989Z,3035,2026-05-12
元大小港,194.0,1000,1200,989Z,3035,2026-05-12
元大小港,197.5,1100,0,989Z,3035,2026-05-12
元大小港,200.0,1000,3000,989Z,3035,2026-05-12
元大小港,202.5,2000,0,989Z,3035,2026-05-12
元大小港,205.0,0,7000,989Z,3035,2026-05-12
元大小港,208.5,1000,0,989Z,3035,2026-05-12
元大小港,210.0,50,0,989Z,3035,2026-05-12
永豐金,187.5,1051,1000,9A00,3035,2026-05-12
永豐金,188.5,6122,0,9A00,3035,2026-05-12
永豐金,189.5,16200,3220,9A00,3035,2026-05-12
永豐金,190.5,1201,31100,9A00,3035,2026-05-12
永豐金,204.5,9350,500,9A00,3035,2026-05-12
永豐金,203.5,1966,500,9A00,3035,2026-05-12
永豐金,202.5,18099,3010,9A00,3035,2026-05-12
永豐金,201.5,13140,2020,9A00,3035,2026-05-12
永豐金,200.5,12674,6010,9A00,3035,2026-05-12
永豐金,199.5,1590,2100,9A00,3035,2026-05-12
永豐金,206.5,6013,1000,9A00,3035,2026-05-12
永豐金,198.5,7908,4814,9A00,3035,2026-05-12
永豐金,196.5,4150,2000,9A00,3035,2026-05-12
永豐金,195.5,9018,5000,9A00,3035,2026-05-12
永豐金,194.5,2721,24114,9A00,3035,2026-05-12
永豐金,193.5,3674,22250,9A00,3035,2026-05-12
永豐金,192.5,7620,5400,9A00,3035,2026-05-12
永豐金,191.5,8000,6000,9A00,3035,2026-05-12
永豐金,197.5,806,11000,9A00,3035,2026-05-12
元大基隆,201.0,1000,1000,989Y,3035,2026-05-12
永豐埔里,210.0,500,1000,9A79,3035,2026-05-12
永豐敦北,191.0,0,150,9A89,3035,2026-05-12
永豐松山,200.5,26000,0,9A91,3035,2026-05-12
永豐松山,202.5,0,6400,9A91,3035,2026-05-12
永豐松山,207.0,1000,0,9A91,3035,2026-05-12
永豐松山,208.5,1000,0,9A91,3035,2026-05-12
永豐松山,209.5,250,70,9A91,3035,2026-05-12
永豐萬盛,188.0,1300,0,9A92,3035,2026-05-12
永豐萬盛,189.0,5000,3000,9A92,3035,2026-05-12
永豐萬盛,190.0,3150,0,9A92,3035,2026-05-12
永豐萬盛,191.5,1000,0,9A92,3035,2026-05-12
永豐萬盛,192.5,0,2000,9A92,3035,2026-05-12
永豐萬盛,193.5,5050,1000,9A92,3035,2026-05-12
永豐萬盛,195.0,1000,0,9A92,3035,2026-05-12
永豐萬盛,197.0,0,2000,9A92,3035,2026-05-12
永豐萬盛,198.0,2000,0,9A92,3035,2026-05-12
永豐萬盛,199.5,1000,0,9A92,3035,2026-05-12
永豐萬盛,200.5,2000,0,9A92,3035,2026-05-12
永豐萬盛,202.5,50,0,9A92,3035,2026-05-12
永豐新竹,200.5,0,1000,9A97,3035,2026-05-12
永豐新竹,199.5,1000,0,9A97,3035,2026-05-12
永豐新竹,198.5,0,2100,9A97,3035,2026-05-12
永豐新竹,197.5,2000,0,9A97,3035,2026-05-12
永豐新竹,196.5,50,0,9A97,3035,2026-05-12
永豐新竹,195.5,1100,0,9A97,3035,2026-05-12
永豐松山,198.0,0,1000,9A91,3035,2026-05-12
永豐新竹,194.5,100,0,9A97,3035,2026-05-12
永豐新竹,191.5,1000,0,9A97,3035,2026-05-12
永豐新竹,190.0,1000,1000,9A97,3035,2026-05-12
永豐新竹,189.0,150,0,9A97,3035,2026-05-12
永豐萬盛,210.0,300,0,9A92,3035,2026-05-12
永豐萬盛,205.0,500,0,9A92,3035,2026-05-12
永豐萬盛,204.0,0,2000,9A92,3035,2026-05-12
永豐新竹,193.5,2000,2000,9A97,3035,2026-05-12
永豐敦北,190.0,1000,0,9A89,3035,2026-05-12
永豐松山,195.5,1000,0,9A91,3035,2026-05-12
永豐松山,193.5,1000,0,9A91,3035,2026-05-12
永豐敦北,192.0,450,100,9A89,3035,2026-05-12
永豐敦北,193.0,2100,10000,9A89,3035,2026-05-12
永豐敦北,194.0,20000,147050,9A89,3035,2026-05-12
永豐敦北,195.0,1000,0,9A89,3035,2026-05-12
永豐敦北,196.5,20000,0,9A89,3035,2026-05-12
永豐敦北,199.0,0,2000,9A89,3035,2026-05-12
永豐敦北,200.5,8000,0,9A89,3035,2026-05-12
永豐敦北,202.0,0,51000,9A89,3035,2026-05-12
永豐敦北,203.0,100000,0,9A89,3035,2026-05-12
永豐敦北,204.5,0,10,9A89,3035,2026-05-12
永豐敦北,207.5,0,50,9A89,3035,2026-05-12
永豐敦南,187.5,0,1000,9A8F,3035,2026-05-12
永豐敦南,189.0,4000,1,9A8F,3035,2026-05-12
永豐敦南,190.0,2188,0,9A8F,3035,2026-05-12
永豐敦南,191.5,0,1000,9A8F,3035,2026-05-12
永豐敦南,192.5,3000,0,9A8F,3035,2026-05-12
永豐敦南,193.5,2000,3000,9A8F,3035,2026-05-12
永豐松山,192.5,2000,0,9A91,3035,2026-05-12
永豐松山,191.5,2000,2000,9A91,3035,2026-05-12
永豐松山,190.5,0,2100,9A91,3035,2026-05-12
永豐松山,189.5,3030,40000,9A91,3035,2026-05-12
永豐松山,188.5,6000,1000,9A91,3035,2026-05-12
永豐松山,187.0,0,1000,9A91,3035,2026-05-12
永豐松山,194.5,1010,4000,9A91,3035,2026-05-12
永豐敦南,206.0,0,3000,9A8F,3035,2026-05-12
永豐敦南,202.5,1000,20000,9A8F,3035,2026-05-12
永豐敦南,200.5,4000,0,9A8F,3035,2026-05-12
永豐敦南,198.5,1000,0,9A8F,3035,2026-05-12
永豐敦南,197.5,3191,0,9A8F,3035,2026-05-12
永豐敦南,196.5,2000,0,9A8F,3035,2026-05-12
永豐敦南,194.5,3200,0,9A8F,3035,2026-05-12
永豐敦南,203.5,0,1000,9A8F,3035,2026-05-12
元大基隆,199.5,1000,0,989Y,3035,2026-05-12
元大基隆,198.5,1000,2000,989Y,3035,2026-05-12
元大基隆,197.5,2000,0,989Y,3035,2026-05-12
元大敦南,198.0,6053,120,989P,3035,2026-05-12
元大敦南,200.0,15,1000,989P,3035,2026-05-12
元大敦南,202.0,0,3000,989P,3035,2026-05-12
元大敦南,203.5,5,0,989P,3035,2026-05-12
元大敦南,206.0,1000,0,989P,3035,2026-05-12
元大敦南,207.5,0,1000,989P,3035,2026-05-12
元大敦南,209.0,1,0,989P,3035,2026-05-12
元大敦南,210.0,13,0,989P,3035,2026-05-12
元大汐止,188.0,20,0,989Q,3035,2026-05-12
元大汐止,189.0,3000,0,989Q,3035,2026-05-12
元大汐止,190.0,1000,150,989Q,3035,2026-05-12
元大汐止,191.0,2100,0,989Q,3035,2026-05-12
元大汐止,192.0,2100,0,989Q,3035,2026-05-12
元大汐止,193.0,4100,0,989Q,3035,2026-05-12
元大汐止,194.0,3150,1000,989Q,3035,2026-05-12
元大汐止,195.0,2000,1000,989Q,3035,2026-05-12
元大汐止,196.0,3000,0,989Q,3035,2026-05-12
元大鹿港,193.5,100,2000,989S,3035,2026-05-12
元大鹿港,191.5,0,1000,989S,3035,2026-05-12
元大鹿港,190.0,2000,0,989S,3035,2026-05-12
元大鹿港,189.0,1520,0,989S,3035,2026-05-12
元大鹿港,188.0,4000,0,989S,3035,2026-05-12
元大汐止,210.0,54,1400,989Q,3035,2026-05-12
元大敦南,196.5,1000,0,989P,3035,2026-05-12
元大汐止,208.5,0,4000,989Q,3035,2026-05-12
元大汐止,204.0,0,1000,989Q,3035,2026-05-12
元大汐止,202.5,0,3000,989Q,3035,2026-05-12
元大汐止,201.0,0,2000,989Q,3035,2026-05-12
元大汐止,200.0,0,194,989Q,3035,2026-05-12
元大汐止,198.0,100,0,989Q,3035,2026-05-12
元大汐止,197.0,1000,0,989Q,3035,2026-05-12
元大汐止,206.0,0,1000,989Q,3035,2026-05-12
元大鹿港,194.5,5051,0,989S,3035,2026-05-12
元大敦南,195.0,100,0,989P,3035,2026-05-12
元大敦南,193.0,2265,0,989P,3035,2026-05-12
元大成功,209.5,15,0,989L,3035,2026-05-12
元大信義,188.0,1000,0,989m,3035,2026-05-12
元大信義,191.0,1000,0,989m,3035,2026-05-12
元大信義,192.0,1000,0,989m,3035,2026-05-12
元大信義,193.5,1000,0,989m,3035,2026-05-12
元大信義,194.5,0,400,989m,3035,2026-05-12
元大信義,195.5,1000,17000,989m,3035,2026-05-12
元大信義,199.0,1000,0,989m,3035,2026-05-12
元大信義,202.5,0,1000,989m,3035,2026-05-12
元大信義,207.5,5000,5000,989m,3035,2026-05-12
元大信義,209.0,0,5000,989m,3035,2026-05-12
元大信義,210.0,5000,100,989m,3035,2026-05-12
元大內湖,188.0,2000,0,989N,3035,2026-05-12
元大內湖,189.5,2000,0,989N,3035,2026-05-12
元大內湖,190.5,0,50,989N,3035,2026-05-12
元大內湖,191.5,0,1000,989N,3035,2026-05-12
元大內湖,192.5,1000,0,989N,3035,2026-05-12
元大敦南,191.5,0,1000,989P,3035,2026-05-12
元大敦南,190.5,0,2000,989P,3035,2026-05-12
元大敦南,189.5,0,5000,989P,3035,2026-05-12
元大敦南,188.5,1000,0,989P,3035,2026-05-12
元大內湖,208.5,1000,1,989N,3035,2026-05-12
元大內湖,207.5,1000,2000,989N,3035,2026-05-12
元大敦南,194.0,0,1000,989P,3035,2026-05-12
元大內湖,204.5,0,1000,989N,3035,2026-05-12
元大內湖,200.0,4,1000,989N,3035,2026-05-12
元大內湖,199.0,4,0,989N,3035,2026-05-12
元大內湖,198.0,0,3000,989N,3035,2026-05-12
元大內湖,195.5,1000,0,989N,3035,2026-05-12
元大內湖,194.5,0,1000,989N,3035,2026-05-12
元大內湖,193.5,1000,5,989N,3035,2026-05-12
元大內湖,201.0,4000,0,989N,3035,2026-05-12
元大鹿港,195.5,1060,0,989S,3035,2026-05-12
元大鹿港,198.0,1100,2000,989S,3035,2026-05-12
元大鹿港,199.5,0,1000,989S,3035,2026-05-12
元大站前,189.0,13308,0,989W,3035,2026-05-12
元大站前,190.0,4000,0,989W,3035,2026-05-12
元大站前,191.0,1000,0,989W,3035,2026-05-12
元大站前,192.0,2000,1000,989W,3035,2026-05-12
元大站前,193.0,2000,100,989W,3035,2026-05-12
元大站前,194.0,3500,3000,989W,3035,2026-05-12
元大站前,195.0,1000,200,989W,3035,2026-05-12
元大站前,196.0,1000,1000,989W,3035,2026-05-12
元大站前,197.5,1000,100,989W,3035,2026-05-12
元大站前,199.0,0,1000,989W,3035,2026-05-12
元大站前,200.0,1000,0,989W,3035,2026-05-12
元大站前,201.5,0,100,989W,3035,2026-05-12
元大站前,203.0,2,50,989W,3035,2026-05-12
元大站前,210.0,100,0,989W,3035,2026-05-12
元大三民,188.5,2000,0,989X,3035,2026-05-12
元大三民,190.0,1000,0,989X,3035,2026-05-12
元大三民,192.5,3000,0,989X,3035,2026-05-12
元大基隆,196.5,3000,0,989Y,3035,2026-05-12
元大基隆,195.5,0,1000,989Y,3035,2026-05-12
元大基隆,194.0,1010,0,989Y,3035,2026-05-12
元大基隆,193.0,2000,3000,989Y,3035,2026-05-12
元大基隆,192.0,200,0,989Y,3035,2026-05-12
元大基隆,191.0,1000,0,989Y,3035,2026-05-12
元大站前,188.0,3110,0,989W,3035,2026-05-12
元大基隆,190.0,1050,0,989Y,3035,2026-05-12
元大三民,208.5,1000,0,989X,3035,2026-05-12
元大三民,204.0,0,1000,989X,3035,2026-05-12
元大三民,201.0,0,1000,989X,3035,2026-05-12
元大三民,199.5,0,4000,989X,3035,2026-05-12
元大三民,198.0,0,1000,989X,3035,2026-05-12
元大三民,195.5,0,1000,989X,3035,2026-05-12
元大基隆,188.5,2000,0,989Y,3035,2026-05-12
元大北重,209.5,50,1000,989V,3035,2026-05-12
元大北重,204.0,0,8000,989V,3035,2026-05-12
元大北重,203.0,0,2000,989V,3035,2026-05-12
元大大甲,199.5,1000,0,989U,3035,2026-05-12
元大大甲,197.5,1000,0,989U,3035,2026-05-12
元大大甲,196.0,2000,0,989U,3035,2026-05-12
元大大甲,194.5,0,14100,989U,3035,2026-05-12
元大大甲,193.5,7000,0,989U,3035,2026-05-12
元大大甲,192.5,9000,0,989U,3035,2026-05-12
元大大甲,201.0,100,1000,989U,3035,2026-05-12
元大大甲,191.0,5000,0,989U,3035,2026-05-12
元大大甲,188.5,0,7000,989U,3035,2026-05-12
元大鹿港,210.5,100,0,989S,3035,2026-05-12
元大鹿港,206.5,100,0,989S,3035,2026-05-12
元大鹿港,203.0,1000,3000,989S,3035,2026-05-12
元大鹿港,202.0,0,3000,989S,3035,2026-05-12
元大鹿港,200.5,1000,1000,989S,3035,2026-05-12
元大大甲,189.5,0,400,989U,3035,2026-05-12
元大成功,207.0,0,2000,989L,3035,2026-05-12
元大大甲,202.5,1000,0,989U,3035,2026-05-12
元大大甲,207.5,1000,1000,989U,3035,2026-05-12
元大北重,202.0,0,2000,989V,3035,2026-05-12
元大北重,200.5,4000,200,989V,3035,2026-05-12
元大北重,199.5,1000,10000,989V,3035,2026-05-12
元大北重,198.5,0,1000,989V,3035,2026-05-12
元大北重,197.5,1000,0,989V,3035,2026-05-12
元大北重,196.5,20000,1000,989V,3035,2026-05-12
元大大甲,205.0,0,2,989U,3035,2026-05-12
元大北重,195.0,1000,0,989V,3035,2026-05-12
元大北重,193.0,1000,2000,989V,3035,2026-05-12
元大北重,192.0,1000,400,989V,3035,2026-05-12
元大北重,191.0,0,1000,989V,3035,2026-05-12
元大北重,190.0,5000,2000,989V,3035,2026-05-12
元大北重,188.5,1000,1000,989V,3035,2026-05-12
元大大甲,209.0,10000,0,989U,3035,2026-05-12
元大北重,194.0,2000,200,989V,3035,2026-05-12
元大新莊,209.5,0,1000,9898,3035,2026-05-12
元大新莊,208.5,3000,0,9898,3035,2026-05-12
元大新莊,207.5,3000,0,9898,3035,2026-05-12
元大經國,197.0,1004,0,9859,3035,2026-05-12
元大經國,198.0,600,0,9859,3035,2026-05-12
元大經國,199.0,2000,1000,9859,3035,2026-05-12
元大經國,200.5,1000,1000,9859,3035,2026-05-12
元大經國,202.0,1000,1000,9859,3035,2026-05-12
元大經國,204.0,2000,30,9859,3035,2026-05-12
元大經國,206.5,10000,0,9859,3035,2026-05-12
元大經國,207.5,5000,0,9859,3035,2026-05-12
元大經國,208.5,3000,1000,9859,3035,2026-05-12
元大鳳中,188.0,20,10000,985C,3035,2026-05-12
元大鳳中,189.5,500,0,985C,3035,2026-05-12
元大鳳中,191.5,2000,2000,985C,3035,2026-05-12
元大鳳中,192.5,3200,4000,985C,3035,2026-05-12
元大鳳中,193.5,3000,1000,985C,3035,2026-05-12
元大鳳中,194.5,1001,1062,985C,3035,2026-05-12
元大鳳中,195.5,1000,4000,985C,3035,2026-05-12
元大鳳中,196.5,1000,1000,985C,3035,2026-05-12
元大南京,193.0,1000,1000,9862,3035,2026-05-12
元大南京,192.0,191,1000,9862,3035,2026-05-12
元大南京,189.0,2200,0,9862,3035,2026-05-12
元大岡山,208.5,0,1000,985F,3035,2026-05-12
元大岡山,199.0,1000,0,985F,3035,2026-05-12
元大岡山,192.5,5000,0,985F,3035,2026-05-12
元大經國,196.0,2000,0,9859,3035,2026-05-12
元大岡山,188.0,150,0,985F,3035,2026-05-12
元大鳳中,208.5,3000,5,985C,3035,2026-05-12
元大鳳中,204.5,10000,0,985C,3035,2026-05-12
元大鳳中,201.5,0,1000,985C,3035,2026-05-12
元大鳳中,200.5,1000,0,985C,3035,2026-05-12
元大鳳中,199.5,1000,1000,985C,3035,2026-05-12
元大鳳中,198.0,1000,0,985C,3035,2026-05-12
元大鳳中,209.5,0,15,985C,3035,2026-05-12
元大南京,194.0,5000,4000,9862,3035,2026-05-12
元大經國,195.0,1000,1000,9859,3035,2026-05-12
元大經國,193.0,8150,0,9859,3035,2026-05-12
元大蘆洲,195.5,1000,3000,9857,3035,2026-05-12
元大蘆洲,197.0,5000,2000,9857,3035,2026-05-12
元大蘆洲,198.0,1000,383,9857,3035,2026-05-12
元大蘆洲,199.0,0,2000,9857,3035,2026-05-12
元大蘆洲,200.0,0,2000,9857,3035,2026-05-12
元大蘆洲,201.0,1000,2000,9857,3035,2026-05-12
元大蘆洲,202.0,1000,3000,9857,3035,2026-05-12
元大蘆洲,203.5,1000,2000,9857,3035,2026-05-12
元大蘆洲,204.5,20,1000,9857,3035,2026-05-12
元大蘆洲,207.5,20,20,9857,3035,2026-05-12
元大龍潭,188.0,1030,0,9858,3035,2026-05-12
元大龍潭,189.0,1030,0,9858,3035,2026-05-12
元大龍潭,190.0,1000,0,9858,3035,2026-05-12
元大龍潭,191.0,0,10,9858,3035,2026-05-12
元大龍潭,192.5,10500,500,9858,3035,2026-05-12
元大龍潭,193.5,1168,0,9858,3035,2026-05-12
元大龍潭,194.5,5000,0,9858,3035,2026-05-12
元大經國,192.0,1825,0,9859,3035,2026-05-12
元大經國,190.5,100,1000,9859,3035,2026-05-12
元大經國,189.5,1100,1000,9859,3035,2026-05-12
元大經國,188.5,1045,0,9859,3035,2026-05-12
元大龍潭,210.0,1000,1100,9858,3035,2026-05-12
元大龍潭,209.0,50,0,9858,3035,2026-05-12
元大經國,194.0,4200,1000,9859,3035,2026-05-12
元大龍潭,208.0,50,0,9858,3035,2026-05-12
元大龍潭,201.0,1000,0,9858,3035,2026-05-12
元大龍潭,200.0,0,500,9858,3035,2026-05-12
元大龍潭,199.0,1000,500,9858,3035,2026-05-12
元大龍潭,197.5,0,3000,9858,3035,2026-05-12
元大龍潭,196.5,1100,0,9858,3035,2026-05-12
元大龍潭,195.5,250,0,9858,3035,2026-05-12
元大龍潭,203.0,50,0,9858,3035,2026-05-12
元大蘆洲,194.5,0,2000,9857,3035,2026-05-12
元大南京,195.0,0,2000,9862,3035,2026-05-12
元大南京,197.0,0,2000,9862,3035,2026-05-12
元大文心,189.5,1000,0,9868,3035,2026-05-12
元大文心,190.5,10,0,9868,3035,2026-05-12
元大文心,192.5,0,1000,9868,3035,2026-05-12
元大文心,193.5,1000,0,9868,3035,2026-05-12
元大文心,194.5,0,2000,9868,3035,2026-05-12
元大文心,195.5,0,1000,9868,3035,2026-05-12
元大文心,196.5,1000,0,9868,3035,2026-05-12
元大文心,199.0,9000,1000,9868,3035,2026-05-12
元大文心,200.0,0,100,9868,3035,2026-05-12
元大文心,201.0,0,1000,9868,3035,2026-05-12
元大文心,202.5,0,5000,9868,3035,2026-05-12
元大文心,208.5,20,0,9868,3035,2026-05-12
元大新盛,188.5,2100,0,9869,3035,2026-05-12
元大新盛,190.0,1000,3000,9869,3035,2026-05-12
元大新盛,191.5,1100,0,9869,3035,2026-05-12
元大新盛,192.5,300,0,9869,3035,2026-05-12
元大新盛,193.5,1000,0,9869,3035,2026-05-12
元大基孝,195.5,1000,0,986K,3035,2026-05-12
元大基孝,194.5,0,1000,986K,3035,2026-05-12
元大基孝,193.5,1000,0,986K,3035,2026-05-12
元大基孝,192.0,0,2115,986K,3035,2026-05-12
元大基孝,189.0,1112,0,986K,3035,2026-05-12
元大新盛,210.0,1,0,9869,3035,2026-05-12
元大文心,188.0,1000,0,9868,3035,2026-05-12
元大新盛,208.0,2000,0,9869,3035,2026-05-12
元大新盛,202.5,0,1000,9869,3035,2026-05-12
元大新盛,200.5,6000,0,9869,3035,2026-05-12
元大新盛,199.0,0,1000,9869,3035,2026-05-12
元大新盛,198.0,3225,2000,9869,3035,2026-05-12
元大新盛,195.5,5050,0,9869,3035,2026-05-12
元大新盛,194.5,1100,10000,9869,3035,2026-05-12
元大新盛,206.5,0,1000,9869,3035,2026-05-12
元大南京,196.0,1000,1000,9862,3035,2026-05-12
元大民權,207.5,1000,0,9867,3035,2026-05-12
元大民權,202.5,0,1000,9867,3035,2026-05-12
元大南京,198.0,1000,1000,9862,3035,2026-05-12
元大南京,199.0,0,1000,9862,3035,2026-05-12
元大南京,200.0,1000,0,9862,3035,2026-05-12
元大南京,201.0,0,20,9862,3035,2026-05-12
元大南京,202.0,2000,0,9862,3035,2026-05-12
元大南京,203.0,3,1000,9862,3035,2026-05-12
元大南京,205.0,0,1100,9862,3035,2026-05-12
元大南京,208.5,1000,1000,9862,3035,2026-05-12
元大南京,210.0,0,70,9862,3035,2026-05-12
元大和平,189.0,2000,2000,9863,3035,2026-05-12
元大和平,192.0,2000,0,9863,3035,2026-05-12
元大和平,193.5,1000,0,9863,3035,2026-05-12
元大和平,194.5,0,218,9863,3035,2026-05-12
元大和平,195.5,5000,0,9863,3035,2026-05-12
元大和平,196.5,10,0,9863,3035,2026-05-12
元大和平,198.5,1010,0,9863,3035,2026-05-12
元大和平,200.0,1000,0,9863,3035,2026-05-12
元大民權,200.5,1000,0,9867,3035,2026-05-12
元大民權,199.5,2000,1000,9867,3035,2026-05-12
元大民權,198.0,3000,0,9867,3035,2026-05-12
元大民權,197.0,1000,1000,9867,3035,2026-05-12
元大民權,195.5,0,1000,9867,3035,2026-05-12
元大民權,194.5,2000,2000,9867,3035,2026-05-12
元大民權,206.0,5000,0,9867,3035,2026-05-12
元大民權,193.5,3000,0,9867,3035,2026-05-12
元大民權,191.5,1000,1000,9867,3035,2026-05-12
元大民權,190.0,2000,0,9867,3035,2026-05-12
元大民權,187.5,0,1000,9867,3035,2026-05-12
元大和平,210.5,0,1000,9863,3035,2026-05-12
元大和平,206.0,1000,0,9863,3035,2026-05-12
元大和平,201.5,20,0,9863,3035,2026-05-12
元大民權,192.5,1000,0,9867,3035,2026-05-12
元大蘆洲,193.5,5000,6000,9857,3035,2026-05-12
元大蘆洲,192.5,10210,24000,9857,3035,2026-05-12
元大蘆洲,191.5,0,3000,9857,3035,2026-05-12
元大南勢,207.5,1000,0,984E,3035,2026-05-12
元大南勢,209.0,0,1000,984E,3035,2026-05-12
元大景美,188.0,10,0,984H,3035,2026-05-12
元大景美,190.0,1000,0,984H,3035,2026-05-12
元大景美,193.0,1000,0,984H,3035,2026-05-12
元大景美,194.0,50,0,984H,3035,2026-05-12
元大景美,195.5,1000,0,984H,3035,2026-05-12
元大景美,196.5,1000,0,984H,3035,2026-05-12
元大景美,198.0,1000,0,984H,3035,2026-05-12
元大景美,201.5,0,500,984H,3035,2026-05-12
元大景美,204.5,0,10000,984H,3035,2026-05-12
元大景美,208.0,1000,1,984H,3035,2026-05-12
元大景美,210.5,0,10000,984H,3035,2026-05-12
元大館前,188.5,4000,1700,984K,3035,2026-05-12
元大館前,189.5,0,1000,984K,3035,2026-05-12
元大館前,190.5,1000,0,984K,3035,2026-05-12
元大館前,192.5,1000,1000,984K,3035,2026-05-12
元大永春,191.5,4000,0,9852,3035,2026-05-12
元大永春,190.0,4128,0,9852,3035,2026-05-12
元大永春,188.0,2100,0,9852,3035,2026-05-12
元大館前,208.5,1000,0,984K,3035,2026-05-12
元大館前,205.0,1000,1000,984K,3035,2026-05-12
元大館前,202.5,0,1000,984K,3035,2026-05-12
元大南勢,195.5,0,200,984E,3035,2026-05-12
元大館前,201.0,4000,0,984K,3035,2026-05-12
元大館前,199.0,0,235,984K,3035,2026-05-12
元大館前,198.0,0,1000,984K,3035,2026-05-12
元大館前,197.0,20,0,984K,3035,2026-05-12
元大館前,196.0,1200,1000,984K,3035,2026-05-12
元大館前,195.0,200,0,984K,3035,2026-05-12
元大館前,193.5,4000,3000,984K,3035,2026-05-12
元大館前,200.0,1000,1000,984K,3035,2026-05-12
元大永春,192.5,0,1000,9852,3035,2026-05-12
元大南勢,194.5,6000,100,984E,3035,2026-05-12
元大南勢,189.0,1000,0,984E,3035,2026-05-12
元大鳳山,192.5,0,2000,983Z,3035,2026-05-12
元大鳳山,194.0,3020,3000,983Z,3035,2026-05-12
元大鳳山,195.0,1198,0,983Z,3035,2026-05-12
元大鳳山,196.0,1000,0,983Z,3035,2026-05-12
元大鳳山,197.5,20,10,983Z,3035,2026-05-12
元大鳳山,198.5,0,1000,983Z,3035,2026-05-12
元大鳳山,199.5,1000,0,983Z,3035,2026-05-12
元大鳳山,200.5,1000,0,983Z,3035,2026-05-12
元大鳳山,202.5,1000,1000,983Z,3035,2026-05-12
元大鳳山,204.5,0,1000,983Z,3035,2026-05-12
元大鳳山,206.5,1000,0,983Z,3035,2026-05-12
元大鳳山,209.5,1000,0,983Z,3035,2026-05-12
元大大直,194.0,1100,0,9846,3035,2026-05-12
元大大直,203.0,0,1000,9846,3035,2026-05-12
元大大直,210.0,250,0,9846,3035,2026-05-12
元大新中,188.5,1150,0,984C,3035,2026-05-12
元大新中,189.5,1000,0,984C,3035,2026-05-12
元大南勢,188.0,3,0,984E,3035,2026-05-12
元大新中,209.5,500,40,984C,3035,2026-05-12
元大新中,208.0,4000,0,984C,3035,2026-05-12
元大新中,202.0,1000,0,984C,3035,2026-05-12
元大新中,200.5,0,200,984C,3035,2026-05-12
元大新中,199.5,1000,400,984C,3035,2026-05-12
元大南勢,192.0,0,1000,984E,3035,2026-05-12
元大新中,198.5,800,0,984C,3035,2026-05-12
元大新中,196.5,2000,1000,984C,3035,2026-05-12
元大新中,195.5,90,1000,984C,3035,2026-05-12
元大新中,194.5,1125,1000,984C,3035,2026-05-12
元大新中,193.5,3500,50,984C,3035,2026-05-12
元大新中,192.5,0,1000,984C,3035,2026-05-12
元大新中,191.5,0,1000,984C,3035,2026-05-12
元大新中,197.5,1000,0,984C,3035,2026-05-12
元大永春,193.5,1000,1017,9852,3035,2026-05-12
元大永春,194.5,0,2000,9852,3035,2026-05-12
元大永春,195.5,0,1000,9852,3035,2026-05-12
元大興安,194.0,3100,0,9854,3035,2026-05-12
元大興安,195.0,0,300,9854,3035,2026-05-12
元大興安,196.5,1007,1000,9854,3035,2026-05-12
元大興安,197.5,50,0,9854,3035,2026-05-12
元大興安,198.5,0,4000,9854,3035,2026-05-12
元大興安,199.5,2000,1000,9854,3035,2026-05-12
元大興安,200.5,0,1130,9854,3035,2026-05-12
元大興安,202.0,1000,100,9854,3035,2026-05-12
元大興安,203.0,0,1000,9854,3035,2026-05-12
元大興安,204.5,2000,0,9854,3035,2026-05-12
元大興安,206.0,0,1000,9854,3035,2026-05-12
元大興安,208.5,1000,0,9854,3035,2026-05-12
元大興安,210.0,500,100,9854,3035,2026-05-12
元大花蓮,189.0,2000,0,9856,3035,2026-05-12
元大花蓮,190.5,3000,0,9856,3035,2026-05-12
元大花蓮,191.5,3100,0,9856,3035,2026-05-12
元大花蓮,193.5,9053,2050,9856,3035,2026-05-12
元大蘆洲,190.5,10100,7000,9857,3035,2026-05-12
元大蘆洲,189.5,1200,0,9857,3035,2026-05-12
元大蘆洲,188.5,6000,0,9857,3035,2026-05-12
元大花蓮,210.0,62,0,9856,3035,2026-05-12
元大花蓮,208.5,0,1000,9856,3035,2026-05-12
元大花蓮,207.0,3000,0,9856,3035,2026-05-12
元大興安,193.0,1000,2000,9854,3035,2026-05-12
元大花蓮,204.0,1000,0,9856,3035,2026-05-12
元大花蓮,200.5,1000,0,9856,3035,2026-05-12
元大花蓮,199.0,0,50,9856,3035,2026-05-12
元大花蓮,197.5,50,0,9856,3035,2026-05-12
元大花蓮,196.5,1000,0,9856,3035,2026-05-12
元大花蓮,195.5,2000,0,9856,3035,2026-05-12
元大花蓮,194.5,3000,1000,9856,3035,2026-05-12
元大花蓮,202.0,0,1000,9856,3035,2026-05-12
元大興安,192.0,0,1000,9854,3035,2026-05-12
元大興安,191.0,1000,3000,9854,3035,2026-05-12
元大興安,190.0,2100,20,9854,3035,2026-05-12
元大南屯,191.5,100,2000,9853,3035,2026-05-12
元大南屯,190.5,15,2000,9853,3035,2026-05-12
元大南屯,189.5,10,501,9853,3035,2026-05-12
元大南屯,188.0,1000,0,9853,3035,2026-05-12
元大永春,208.0,0,1000,9852,3035,2026-05-12
元大永春,206.0,100,2008,9852,3035,2026-05-12
元大南屯,193.0,2000,3000,9853,3035,2026-05-12
元大永春,203.5,1000,0,9852,3035,2026-05-12
元大永春,201.5,1110,11,9852,3035,2026-05-12
元大永春,200.5,0,12000,9852,3035,2026-05-12
元大永春,199.5,1000,2000,9852,3035,2026-05-12
元大永春,198.5,110,0,9852,3035,2026-05-12
元大永春,197.5,1200,1000,9852,3035,2026-05-12
元大永春,196.5,1000,0,9852,3035,2026-05-12
元大永春,202.5,1000,0,9852,3035,2026-05-12
元大基孝,196.5,1000,0,986K,3035,2026-05-12
元大南屯,194.0,4000,0,9853,3035,2026-05-12
元大南屯,196.5,1000,0,9853,3035,2026-05-12
元大興安,188.5,1000,0,9854,3035,2026-05-12
元大興安,187.5,0,1000,9854,3035,2026-05-12
元大南屯,210.0,1001,10,9853,3035,2026-05-12
元大南屯,209.0,3002,150,9853,3035,2026-05-12
元大南屯,208.0,1020,0,9853,3035,2026-05-12
元大南屯,206.5,0,1000,9853,3035,2026-05-12
元大南屯,195.0,2080,3100,9853,3035,2026-05-12
元大南屯,204.5,1000,0,9853,3035,2026-05-12
元大南屯,202.5,1002,0,9853,3035,2026-05-12
元大南屯,201.5,2,5100,9853,3035,2026-05-12
元大南屯,200.5,0,4000,9853,3035,2026-05-12
元大南屯,199.5,4,0,9853,3035,2026-05-12
元大南屯,198.5,6,14,9853,3035,2026-05-12
元大南屯,197.5,100,0,9853,3035,2026-05-12
元大南屯,203.5,20,2000,9853,3035,2026-05-12
元大基孝,198.0,0,1000,986K,3035,2026-05-12
元大基孝,199.5,1000,0,986K,3035,2026-05-12
元大基孝,201.0,0,150,986K,3035,2026-05-12
元大長庚,203.0,0,1000,988V,3035,2026-05-12
元大長庚,210.0,0,5,988V,3035,2026-05-12
元大永和,189.5,7005,62,9891,3035,2026-05-12
元大永和,190.5,1000,0,9891,3035,2026-05-12
元大永和,192.0,0,1100,9891,3035,2026-05-12
元大永和,193.0,0,20,9891,3035,2026-05-12
元大永和,194.5,0,10,9891,3035,2026-05-12
元大永和,196.5,100,0,9891,3035,2026-05-12
元大永和,201.0,0,2000,9891,3035,2026-05-12
元大永和,202.0,0,1000,9891,3035,2026-05-12
元大永和,203.0,0,1200,9891,3035,2026-05-12
元大永和,207.5,1000,250,9891,3035,2026-05-12
元大永和,208.5,300,2000,9891,3035,2026-05-12
元大永和,210.0,1100,100,9891,3035,2026-05-12
元大屏東,189.0,1000,4000,9892,3035,2026-05-12
元大屏東,191.0,1000,0,9892,3035,2026-05-12
元大屏東,192.5,1000,100,9892,3035,2026-05-12
元大大天,195.0,0,2000,9893,3035,2026-05-12
元大大天,194.0,3030,0,9893,3035,2026-05-12
元大大天,193.0,1000,1000,9893,3035,2026-05-12
元大大天,191.5,2100,0,9893,3035,2026-05-12
元大大天,189.5,0,1000,9893,3035,2026-05-12
元大大天,188.5,1000,0,9893,3035,2026-05-12
元大長庚,202.0,0,10,988V,3035,2026-05-12
元大屏東,210.0,0,30,9892,3035,2026-05-12
元大屏東,203.0,10000,0,9892,3035,2026-05-12
元大屏東,199.0,1000,2000,9892,3035,2026-05-12
元大屏東,197.0,1000,0,9892,3035,2026-05-12
元大屏東,195.5,2000,1000,9892,3035,2026-05-12
元大屏東,194.5,5,1000,9892,3035,2026-05-12
元大屏東,193.5,1000,4000,9892,3035,2026-05-12
元大屏東,208.0,1000,1000,9892,3035,2026-05-12
元大大天,196.0,0,2000,9893,3035,2026-05-12
元大長庚,198.0,4000,0,988V,3035,2026-05-12
元大長庚,193.0,10,0,988V,3035,2026-05-12
元大員林,206.0,1000,1000,9889,3035,2026-05-12
元大員林,207.5,1000,0,9889,3035,2026-05-12
元大員林,209.0,0,3000,9889,3035,2026-05-12
元大桃園,188.0,100,0,988B,3035,2026-05-12
元大桃園,189.0,49,0,988B,3035,2026-05-12
元大桃園,190.0,0,1000,988B,3035,2026-05-12
元大桃園,191.5,0,2000,988B,3035,2026-05-12
元大桃園,192.5,1060,0,988B,3035,2026-05-12
元大桃園,193.5,1050,0,988B,3035,2026-05-12
元大桃園,194.5,1000,0,988B,3035,2026-05-12
元大桃園,195.5,1000,0,988B,3035,2026-05-12
元大桃園,196.5,0,1000,988B,3035,2026-05-12
元大桃園,197.5,45,0,988B,3035,2026-05-12
元大桃園,198.5,1,0,988B,3035,2026-05-12
元大桃園,201.5,1000,0,988B,3035,2026-05-12
元大桃園,202.5,5,0,988B,3035,2026-05-12
元大桃園,206.0,1000,0,988B,3035,2026-05-12
元大長庚,191.5,1000,0,988V,3035,2026-05-12
元大長庚,190.5,0,3000,988V,3035,2026-05-12
元大長庚,188.5,30,0,988V,3035,2026-05-12
元大三重,202.5,10,0,988C,3035,2026-05-12
元大三重,201.5,3000,0,988C,3035,2026-05-12
元大三重,200.5,1000,0,988C,3035,2026-05-12
元大長庚,197.0,0,2000,988V,3035,2026-05-12
元大三重,195.0,0,2000,988C,3035,2026-05-12
元大三重,192.5,1000,1000,988C,3035,2026-05-12
元大三重,191.5,0,1000,988C,3035,2026-05-12
元大三重,189.0,1000,0,988C,3035,2026-05-12
元大桃園,210.0,1010,55,988B,3035,2026-05-12
元大桃園,209.0,0,11000,988B,3035,2026-05-12
元大桃園,208.0,1000,0,988B,3035,2026-05-12
元大三重,194.0,500,0,988C,3035,2026-05-12
元大大天,197.0,0,1000,9893,3035,2026-05-12
元大大天,199.5,2000,0,9893,3035,2026-05-12
元大大天,200.5,1000,1000,9893,3035,2026-05-12
元大台南,207.0,0,7000,9896,3035,2026-05-12
元大台南,208.0,0,1000,9896,3035,2026-05-12
元大台南,210.0,1000,0,9896,3035,2026-05-12
元大土城,188.0,1000,0,9897,3035,2026-05-12
元大土城,191.5,1000,0,9897,3035,2026-05-12
元大土城,193.0,1000,0,9897,3035,2026-05-12
元大土城,194.0,4200,0,9897,3035,2026-05-12
元大土城,195.0,1000,2000,9897,3035,2026-05-12
元大土城,197.0,1000,0,9897,3035,2026-05-12
元大土城,199.0,0,1000,9897,3035,2026-05-12
元大土城,200.5,6000,0,9897,3035,2026-05-12
元大土城,202.0,0,2000,9897,3035,2026-05-12
元大土城,204.5,1000,0,9897,3035,2026-05-12
元大土城,207.0,0,9000,9897,3035,2026-05-12
元大土城,208.5,0,1000,9897,3035,2026-05-12
元大土城,210.0,50,0,9897,3035,2026-05-12
元大新莊,189.0,13000,150,9898,3035,2026-05-12
元大新莊,206.5,0,2000,9898,3035,2026-05-12
元大新莊,204.0,6000,0,9898,3035,2026-05-12
元大新莊,202.5,1000,4000,9898,3035,2026-05-12
元大新莊,201.5,1000,0,9898,3035,2026-05-12
元大新莊,200.0,0,17000,9898,3035,2026-05-12
元大新莊,199.0,14000,2000,9898,3035,2026-05-12
元大台南,204.5,1000,1000,9896,3035,2026-05-12
元大新莊,198.0,6000,0,9898,3035,2026-05-12
元大新莊,196.0,1000,0,9898,3035,2026-05-12
元大新莊,195.0,4000,1000,9898,3035,2026-05-12
元大新莊,194.0,4000,1000,9898,3035,2026-05-12
元大新莊,193.0,3005,0,9898,3035,2026-05-12
元大新莊,191.5,1000,33000,9898,3035,2026-05-12
元大新莊,190.0,3000,0,9898,3035,2026-05-12
元大新莊,197.0,0,3000,9898,3035,2026-05-12
元大台南,203.5,0,1000,9896,3035,2026-05-12
元大台南,202.5,16,1000,9896,3035,2026-05-12
元大台南,201.5,500,1000,9896,3035,2026-05-12
元大桃興,199.0,1000,9000,9894,3035,2026-05-12
元大桃興,196.5,2000,0,9894,3035,2026-05-12
元大桃興,195.5,1000,0,9894,3035,2026-05-12
元大桃興,194.5,1000,0,9894,3035,2026-05-12
元大桃興,193.5,3000,5000,9894,3035,2026-05-12
元大桃興,192.5,1000,1000,9894,3035,2026-05-12
元大桃興,200.5,2000,1000,9894,3035,2026-05-12
元大桃興,190.0,1000,0,9894,3035,2026-05-12
元大桃興,188.0,1005,0,9894,3035,2026-05-12
元大大天,210.0,0,1010,9893,3035,2026-05-12
元大大天,208.5,0,1000,9893,3035,2026-05-12
元大大天,203.5,1000,0,9893,3035,2026-05-12
元大大天,202.5,0,2000,9893,3035,2026-05-12
元大大天,201.5,0,20,9893,3035,2026-05-12
元大桃興,189.0,0,3000,9894,3035,2026-05-12
元大員林,204.5,0,1000,9889,3035,2026-05-12
元大桃興,202.0,4000,0,9894,3035,2026-05-12
元大桃興,204.5,2000,1000,9894,3035,2026-05-12
元大台南,200.5,0,1000,9896,3035,2026-05-12
元大台南,199.5,7000,100,9896,3035,2026-05-12
元大台南,198.5,0,3000,9896,3035,2026-05-12
元大台南,197.5,2000,2017,9896,3035,2026-05-12
元大台南,196.0,2000,0,9896,3035,2026-05-12
元大台南,195.0,2000,10100,9896,3035,2026-05-12
元大桃興,203.0,0,1000,9894,3035,2026-05-12
元大台南,194.0,3000,4000,9896,3035,2026-05-12
元大台南,192.0,76,1100,9896,3035,2026-05-12
元大台南,190.5,1000,1000,9896,3035,2026-05-12
元大台南,189.5,1000,0,9896,3035,2026-05-12
元大桃興,209.0,0,2000,9894,3035,2026-05-12
元大桃興,207.5,2000,2000,9894,3035,2026-05-12
元大桃興,206.5,4000,0,9894,3035,2026-05-12
元大台南,193.0,1000,1000,9896,3035,2026-05-12
永豐新竹,201.5,55,0,9A97,3035,2026-05-12
元大員林,203.0,0,1582,9889,3035,2026-05-12
元大員林,200.5,3000,500,9889,3035,2026-05-12
元大雙和,195.5,1000,600,9874,3035,2026-05-12
元大雙和,196.5,5000,0,9874,3035,2026-05-12
元大雙和,198.0,0,3000,9874,3035,2026-05-12
元大雙和,199.0,1000,3000,9874,3035,2026-05-12
元大雙和,200.0,100,0,9874,3035,2026-05-12
元大雙和,201.0,0,2000,9874,3035,2026-05-12
元大雙和,203.0,1020,0,9874,3035,2026-05-12
元大雙和,207.0,4000,0,9874,3035,2026-05-12
元大雙和,209.5,0,1000,9874,3035,2026-05-12
元大永寧,188.0,1050,0,9875,3035,2026-05-12
元大永寧,191.0,1000,0,9875,3035,2026-05-12
元大永寧,193.0,2000,1000,9875,3035,2026-05-12
元大永寧,198.0,0,1000,9875,3035,2026-05-12
元大永寧,199.0,3000,0,9875,3035,2026-05-12
元大永寧,200.5,2000,0,9875,3035,2026-05-12
元大永寧,207.5,1000,0,9875,3035,2026-05-12
元大永寧,208.5,1000,1000,9875,3035,2026-05-12
元大金華,210.0,500,0,9878,3035,2026-05-12
元大金華,208.0,1000,0,9878,3035,2026-05-12
元大金華,206.5,2000,0,9878,3035,2026-05-12
元大金華,203.5,0,1000,9878,3035,2026-05-12
元大金華,202.5,0,1000,9878,3035,2026-05-12
元大金華,200.5,3000,0,9878,3035,2026-05-12
元大雙和,194.5,2000,2000,9874,3035,2026-05-12
元大金華,198.5,10000,0,9878,3035,2026-05-12
元大金華,195.0,2000,0,9878,3035,2026-05-12
元大金華,194.0,30,1000,9878,3035,2026-05-12
元大金華,193.0,2000,1000,9878,3035,2026-05-12
元大金華,191.5,1000,2000,9878,3035,2026-05-12
元大金華,189.5,1000,0,9878,3035,2026-05-12
元大金華,188.5,2000,6000,9878,3035,2026-05-12
元大金華,197.5,4000,0,9878,3035,2026-05-12
元大板三,188.5,300,0,9879,3035,2026-05-12
元大雙和,193.5,2000,0,9874,3035,2026-05-12
元大雙和,191.5,0,3000,9874,3035,2026-05-12
元大基孝,202.5,5000,0,986K,3035,2026-05-12
元大基孝,208.5,0,1000,986K,3035,2026-05-12
元大基孝,210.0,0,10000,986K,3035,2026-05-12
元大忠孝,191.0,0,15030,9871,3035,2026-05-12
元大忠孝,192.0,3000,3000,9871,3035,2026-05-12
元大忠孝,193.0,1000,1000,9871,3035,2026-05-12
元大忠孝,194.0,3000,4300,9871,3035,2026-05-12
元大忠孝,195.0,2200,0,9871,3035,2026-05-12
元大忠孝,196.0,16000,0,9871,3035,2026-05-12
元大忠孝,197.5,2000,0,9871,3035,2026-05-12
元大忠孝,199.0,2015,0,9871,3035,2026-05-12
元大忠孝,200.0,1000,0,9871,3035,2026-05-12
元大忠孝,202.5,10005,1000,9871,3035,2026-05-12
元大忠孝,205.0,0,1000,9871,3035,2026-05-12
元大忠孝,208.0,3000,0,9871,3035,2026-05-12
元大忠孝,209.0,0,1000,9871,3035,2026-05-12
元大復北,188.0,50,0,9872,3035,2026-05-12
元大雙和,190.5,100,1000,9874,3035,2026-05-12
元大雙和,189.5,200,0,9874,3035,2026-05-12
元大雙和,188.0,6110,0,9874,3035,2026-05-12
元大復北,208.5,0,1000,9872,3035,2026-05-12
元大復北,204.0,0,2000,9872,3035,2026-05-12
元大復北,201.5,1000,0,9872,3035,2026-05-12
元大雙和,192.5,1180,0,9874,3035,2026-05-12
元大復北,200.5,0,2000,9872,3035,2026-05-12
元大復北,198.5,2050,1000,9872,3035,2026-05-12
元大復北,196.5,2000,0,9872,3035,2026-05-12
元大復北,195.0,1000,6000,9872,3035,2026-05-12
元大復北,193.5,1000,0,9872,3035,2026-05-12
元大復北,192.5,1100,2000,9872,3035,2026-05-12
元大復北,189.5,0,1000,9872,3035,2026-05-12
元大復北,199.5,0,100,9872,3035,2026-05-12
元大板三,189.5,1000,0,9879,3035,2026-05-12
元大板三,191.0,3000,1000,9879,3035,2026-05-12
元大板三,192.5,0,1000,9879,3035,2026-05-12
元大斗信,196.0,1000,0,9884,3035,2026-05-12
元大斗信,197.5,1000,0,9884,3035,2026-05-12
元大斗信,198.5,1000,0,9884,3035,2026-05-12
元大斗信,199.5,0,1000,9884,3035,2026-05-12
元大斗信,200.5,1000,9000,9884,3035,2026-05-12
元大斗信,202.5,0,2000,9884,3035,2026-05-12
元大斗信,203.5,0,50,9884,3035,2026-05-12
元大斗信,207.0,0,1000,9884,3035,2026-05-12
元大斗信,208.0,0,2000,9884,3035,2026-05-12
元大斗信,210.0,10,50,9884,3035,2026-05-12
元大鑫永,189.5,50,0,9888,3035,2026-05-12
元大鑫永,190.5,1000,0,9888,3035,2026-05-12
元大鑫永,191.5,0,3000,9888,3035,2026-05-12
元大鑫永,192.5,1000,0,9888,3035,2026-05-12
元大鑫永,194.0,50,0,9888,3035,2026-05-12
元大鑫永,195.0,1000,2100,9888,3035,2026-05-12
元大鑫永,197.0,2000,0,9888,3035,2026-05-12
元大員林,198.5,2000,0,9889,3035,2026-05-12
元大員林,197.5,0,2000,9889,3035,2026-05-12
元大員林,195.5,3000,5000,9889,3035,2026-05-12
元大員林,194.5,300,0,9889,3035,2026-05-12
元大員林,193.5,1030,10000,9889,3035,2026-05-12
元大員林,192.5,1060,0,9889,3035,2026-05-12
元大斗信,195.0,252,1000,9884,3035,2026-05-12
元大員林,191.5,1000,0,9889,3035,2026-05-12
元大員林,189.0,4050,10000,9889,3035,2026-05-12
元大鑫永,209.5,0,125,9888,3035,2026-05-12
元大鑫永,208.0,1000,0,9888,3035,2026-05-12
元大鑫永,203.0,0,1000,9888,3035,2026-05-12
元大鑫永,201.0,0,2000,9888,3035,2026-05-12
元大鑫永,198.5,1000,0,9888,3035,2026-05-12
元大員林,190.0,2000,0,9889,3035,2026-05-12
元大斗信,194.0,4000,41000,9884,3035,2026-05-12
元大斗信,193.0,1000,2000,9884,3035,2026-05-12
元大斗信,192.0,1000,2000,9884,3035,2026-05-12
元大楊梅,188.5,2000,0,987A,3035,2026-05-12
元大板三,209.5,0,11000,9879,3035,2026-05-12
元大板三,208.0,0,2000,9879,3035,2026-05-12
元大板三,207.0,1000,1000,9879,3035,2026-05-12
元大板三,205.0,0,2000,9879,3035,2026-05-12
元大板三,203.5,0,2000,9879,3035,2026-05-12
元大楊梅,189.5,1000,2000,987A,3035,2026-05-12
元大板三,202.5,0,1000,9879,3035,2026-05-12
元大板三,200.5,1000,1099,9879,3035,2026-05-12
元大板三,199.0,1000,0,9879,3035,2026-05-12
元大板三,197.5,1000,3000,9879,3035,2026-05-12
元大板三,196.0,0,4000,9879,3035,2026-05-12
元大板三,194.5,2000,1100,9879,3035,2026-05-12
元大板三,193.5,6800,0,9879,3035,2026-05-12
元大板三,201.5,0,1000,9879,3035,2026-05-12
元大員林,202.0,2000,1000,9889,3035,2026-05-12
元大楊梅,191.5,0,2000,987A,3035,2026-05-12
元大楊梅,193.5,3100,1000,987A,3035,2026-05-12
元大斗信,191.0,1000,0,9884,3035,2026-05-12
元大斗信,190.0,4000,2000,9884,3035,2026-05-12
元大斗信,189.0,4000,0,9884,3035,2026-05-12
元大斗信,188.0,1054,0,9884,3035,2026-05-12
元大楊梅,209.0,0,1000,987A,3035,2026-05-12
元大楊梅,204.5,0,1000,987A,3035,2026-05-12
元大楊梅,192.5,3000,0,987A,3035,2026-05-12
元大楊梅,201.5,0,2000,987A,3035,2026-05-12
元大楊梅,199.5,1000,3000,987A,3035,2026-05-12
元大楊梅,198.5,1000,0,987A,3035,2026-05-12
元大楊梅,197.5,0,1000,987A,3035,2026-05-12
元大楊梅,196.5,50,0,987A,3035,2026-05-12
元大楊梅,195.5,1200,0,987A,3035,2026-05-12
元大楊梅,194.5,2000,0,987A,3035,2026-05-12
元大楊梅,200.5,0,40,987A,3035,2026-05-12
元大鳳山,191.5,10,100,983Z,3035,2026-05-12
永豐新竹,202.5,1000,3045,9A97,3035,2026-05-12
永豐新竹,205.0,0,1000,9A97,3035,2026-05-12
台新松德,192.0,442,0,9B2a,3035,2026-05-12
台新松德,193.0,507,0,9B2a,3035,2026-05-12
台新松德,194.0,3410,3000,9B2a,3035,2026-05-12
台新松德,195.0,1586,0,9B2a,3035,2026-05-12
台新松德,196.0,1797,1000,9B2a,3035,2026-05-12
台新松德,197.5,200,0,9B2a,3035,2026-05-12
台新松德,198.5,669,18000,9B2a,3035,2026-05-12
台新松德,199.5,500,1000,9B2a,3035,2026-05-12
台新松德,200.5,1468,0,9B2a,3035,2026-05-12
台新松德,201.5,0,2000,9B2a,3035,2026-05-12
台新松德,203.5,100,0,9B2a,3035,2026-05-12
台新松德,206.5,0,7000,9B2a,3035,2026-05-12
台新緯城,188.5,1000,0,9B2A,3035,2026-05-12
台新緯城,189.5,1030,0,9B2A,3035,2026-05-12
台新緯城,192.0,1000,1000,9B2A,3035,2026-05-12
台新緯城,193.5,1000,3000,9B2A,3035,2026-05-12
台新緯城,195.5,2020,0,9B2A,3035,2026-05-12
台新板橋,195.5,0,100,9B2b,3035,2026-05-12
台新板橋,194.5,2100,200,9B2b,3035,2026-05-12
台新板橋,193.5,100,32000,9B2b,3035,2026-05-12
台新板橋,192.5,1000,1000,9B2b,3035,2026-05-12
台新板橋,191.0,100,0,9B2b,3035,2026-05-12
台新板橋,189.5,1200,18000,9B2b,3035,2026-05-12
台新松德,191.0,1000,0,9B2a,3035,2026-05-12
台新板橋,188.5,2000,0,9B2b,3035,2026-05-12
台新緯城,203.0,1000,0,9B2A,3035,2026-05-12
台新緯城,202.0,0,1000,9B2A,3035,2026-05-12
台新緯城,201.0,15000,2000,9B2A,3035,2026-05-12
台新緯城,200.0,6000,0,9B2A,3035,2026-05-12
台新緯城,199.0,2000,1000,9B2A,3035,2026-05-12
台新緯城,197.0,3000,0,9B2A,3035,2026-05-12
台新緯城,208.5,0,2000,9B2A,3035,2026-05-12
台新板橋,200.0,2000,1000,9B2b,3035,2026-05-12
台新松德,189.5,656,60,9B2a,3035,2026-05-12
台新府城,199.5,0,100,9B29,3035,2026-05-12
台新三重,210.0,0,1000,9B23,3035,2026-05-12
台新五權,189.0,1000,0,9B25,3035,2026-05-12
台新五權,190.0,0,300,9B25,3035,2026-05-12
台新五權,193.0,0,1000,9B25,3035,2026-05-12
台新五權,195.0,1050,0,9B25,3035,2026-05-12
台新五權,196.5,1000,0,9B25,3035,2026-05-12
台新五權,198.5,10250,0,9B25,3035,2026-05-12
台新五權,201.0,300,0,9B25,3035,2026-05-12
台新五權,205.0,0,1010,9B25,3035,2026-05-12
台新五權,208.5,2014,1000,9B25,3035,2026-05-12
台新五權,210.0,55,10,9B25,3035,2026-05-12
台新林園,188.5,1000,0,9B27,3035,2026-05-12
台新林園,189.5,5000,0,9B27,3035,2026-05-12
台新林園,191.5,0,4000,9B27,3035,2026-05-12
台新林園,192.5,1000,1000,9B27,3035,2026-05-12
台新林園,194.0,1000,2000,9B27,3035,2026-05-12
台新林園,195.0,20,1000,9B27,3035,2026-05-12
台新府城,194.5,0,1000,9B29,3035,2026-05-12
台新府城,192.5,30,0,9B29,3035,2026-05-12
台新府城,190.0,50,0,9B29,3035,2026-05-12
台新府城,189.0,1020,0,9B29,3035,2026-05-12
台新北新,208.5,2000,0,9B28,3035,2026-05-12
台新北新,200.5,0,2000,9B28,3035,2026-05-12
台新松德,188.0,210,0,9B2a,3035,2026-05-12
台新北新,197.5,0,1000,9B28,3035,2026-05-12
台新北新,192.0,10,0,9B28,3035,2026-05-12
台新林園,210.0,1000,50,9B27,3035,2026-05-12
台新林園,205.0,0,1000,9B27,3035,2026-05-12
台新林園,201.5,0,100,9B27,3035,2026-05-12
台新林園,197.5,2000,0,9B27,3035,2026-05-12
台新林園,196.5,0,1000,9B27,3035,2026-05-12
台新北新,194.0,3000,0,9B28,3035,2026-05-12
台新三重,208.5,1000,1000,9B23,3035,2026-05-12
台新板橋,201.0,0,1000,9B2b,3035,2026-05-12
台新板橋,209.0,0,100,9B2b,3035,2026-05-12
台新大昌,190.0,203,0,9B2D,3035,2026-05-12
台新大昌,192.0,1000,0,9B2D,3035,2026-05-12
台新大昌,193.5,4000,0,9B2D,3035,2026-05-12
台新大昌,194.5,1,3000,9B2D,3035,2026-05-12
台新大昌,195.5,1000,0,9B2D,3035,2026-05-12
台新大昌,198.0,1000,1000,9B2D,3035,2026-05-12
台新大昌,199.0,1000,0,9B2D,3035,2026-05-12
台新大昌,200.0,0,1000,9B2D,3035,2026-05-12
台新大昌,201.5,0,1000,9B2D,3035,2026-05-12
台新大昌,203.0,0,1000,9B2D,3035,2026-05-12
台新大昌,206.0,0,1000,9B2D,3035,2026-05-12
台新大昌,208.5,0,1000,9B2D,3035,2026-05-12
台新城中,188.5,10,0,9B2E,3035,2026-05-12
台新城中,190.5,0,1000,9B2E,3035,2026-05-12
台新城中,195.5,0,1000,9B2E,3035,2026-05-12
台新城中,198.0,60,0,9B2E,3035,2026-05-12
台新城中,200.0,0,5000,9B2E,3035,2026-05-12
台新新竹,195.5,2000,0,9B2G,3035,2026-05-12
台新新竹,194.0,1000,0,9B2G,3035,2026-05-12
台新中原,208.5,6000,0,9B2g,3035,2026-05-12
台新中原,204.0,1000,0,9B2g,3035,2026-05-12
台新中原,203.0,0,10,9B2g,3035,2026-05-12
台新中原,199.0,0,1000,9B2g,3035,2026-05-12
台新大昌,189.0,1000,0,9B2D,3035,2026-05-12
台新中原,198.0,0,7,9B2g,3035,2026-05-12
台新中原,192.5,1000,0,9B2g,3035,2026-05-12
台新中原,189.0,2,0,9B2g,3035,2026-05-12
台新城中,208.0,0,1000,9B2E,3035,2026-05-12
台新城中,205.5,0,5000,9B2E,3035,2026-05-12
台新城中,202.5,1000,0,9B2E,3035,2026-05-12
台新城中,201.0,0,2000,9B2E,3035,2026-05-12
台新中原,196.5,0,1000,9B2g,3035,2026-05-12
台新板橋,203.5,0,100,9B2b,3035,2026-05-12
台新潮州,210.0,0,1,9B2C,3035,2026-05-12
台新潮州,204.5,0,1000,9B2C,3035,2026-05-12
台新永和,188.0,2000,0,9B2B,3035,2026-05-12
台新永和,189.5,1000,0,9B2B,3035,2026-05-12
台新永和,191.5,700,1000,9B2B,3035,2026-05-12
台新永和,193.0,0,1000,9B2B,3035,2026-05-12
台新永和,194.5,0,5010,9B2B,3035,2026-05-12
台新永和,198.0,1000,0,9B2B,3035,2026-05-12
台新永和,201.5,180,0,9B2B,3035,2026-05-12
台新永和,207.0,0,2000,9B2B,3035,2026-05-12
台新永和,208.0,0,1000,9B2B,3035,2026-05-12
台新永和,209.5,1000,0,9B2B,3035,2026-05-12
台新烏日,189.5,1000,0,9B2c,3035,2026-05-12
台新烏日,190.5,1000,0,9B2c,3035,2026-05-12
台新烏日,192.0,5,0,9B2c,3035,2026-05-12
台新烏日,193.5,0,3100,9B2c,3035,2026-05-12
台新烏日,194.5,20,200,9B2c,3035,2026-05-12
台新烏日,196.0,1000,0,9B2c,3035,2026-05-12
台新烏日,199.5,2000,1100,9B2c,3035,2026-05-12
台新潮州,202.0,0,1000,9B2C,3035,2026-05-12
台新潮州,201.0,3000,3000,9B2C,3035,2026-05-12
台新潮州,199.5,0,100,9B2C,3035,2026-05-12
台新潮州,198.0,2000,5000,9B2C,3035,2026-05-12
台新潮州,197.0,0,2000,9B2C,3035,2026-05-12
台新潮州,195.0,100,0,9B2C,3035,2026-05-12
台新潮州,207.5,0,1,9B2C,3035,2026-05-12
台新潮州,193.5,0,1000,9B2C,3035,2026-05-12
台新潮州,189.0,1000,0,9B2C,3035,2026-05-12
台新烏日,208.5,0,127,9B2c,3035,2026-05-12
台新烏日,207.5,1000,0,9B2c,3035,2026-05-12
台新烏日,205.0,0,1100,9B2c,3035,2026-05-12
台新烏日,203.5,0,2,9B2c,3035,2026-05-12
台新烏日,201.0,6000,0,9B2c,3035,2026-05-12
台新潮州,192.5,0,1000,9B2C,3035,2026-05-12
台新三重,205.0,0,1000,9B23,3035,2026-05-12
台新三重,201.5,200,0,9B23,3035,2026-05-12
台新三重,200.5,0,1000,9B23,3035,2026-05-12
台新左楠,208.0,1000,0,9B1d,3035,2026-05-12
台新左楠,209.5,15,0,9B1d,3035,2026-05-12
台新高雄,187.5,0,1000,9B1g,3035,2026-05-12
台新高雄,188.5,3000,2000,9B1g,3035,2026-05-12
台新高雄,189.5,14045,1000,9B1g,3035,2026-05-12
台新高雄,190.5,1000,190,9B1g,3035,2026-05-12
台新高雄,191.5,3000,7000,9B1g,3035,2026-05-12
台新高雄,192.5,3000,4300,9B1g,3035,2026-05-12
台新高雄,193.5,3000,4000,9B1g,3035,2026-05-12
台新高雄,194.5,4535,1656,9B1g,3035,2026-05-12
台新高雄,195.5,6150,1100,9B1g,3035,2026-05-12
台新高雄,196.5,5000,0,9B1g,3035,2026-05-12
台新高雄,197.5,11000,1200,9B1g,3035,2026-05-12
台新高雄,198.5,200,0,9B1g,3035,2026-05-12
台新高雄,199.5,0,3000,9B1g,3035,2026-05-12
台新高雄,200.5,1000,4200,9B1g,3035,2026-05-12
台新高雄,201.5,200,3000,9B1g,3035,2026-05-12
台新台中,193.0,4400,0,9B1h,3035,2026-05-12
台新台中,192.0,3350,3000,9B1h,3035,2026-05-12
台新台中,191.0,2100,0,9B1h,3035,2026-05-12
台新台中,190.0,2400,0,9B1h,3035,2026-05-12
台新台中,189.0,2000,4000,9B1h,3035,2026-05-12
台新台中,188.0,1010,0,9B1h,3035,2026-05-12
台新左楠,204.0,1000,0,9B1d,3035,2026-05-12
台新高雄,210.0,1000,3000,9B1g,3035,2026-05-12
台新高雄,208.0,3000,1000,9B1g,3035,2026-05-12
台新高雄,207.0,2000,170,9B1g,3035,2026-05-12
台新高雄,206.0,0,1000,9B1g,3035,2026-05-12
台新高雄,204.5,2000,0,9B1g,3035,2026-05-12
台新高雄,203.5,2000,0,9B1g,3035,2026-05-12
台新高雄,202.5,3300,2100,9B1g,3035,2026-05-12
台新高雄,209.0,240,3040,9B1g,3035,2026-05-12
台新台中,194.0,6312,5080,9B1h,3035,2026-05-12
台新左楠,202.5,0,1000,9B1d,3035,2026-05-12
台新左楠,200.0,3025,1000,9B1d,3035,2026-05-12
台新建北,198.0,5000,0,9B18,3035,2026-05-12
台新建北,199.0,1000,0,9B18,3035,2026-05-12
台新建北,200.5,3000,0,9B18,3035,2026-05-12
台新建北,202.0,3000,0,9B18,3035,2026-05-12
台新建北,203.0,0,1000,9B18,3035,2026-05-12
台新建北,205.0,0,2000,9B18,3035,2026-05-12
台新建北,208.0,300,0,9B18,3035,2026-05-12
台新建北,209.5,0,1000,9B18,3035,2026-05-12
台新新莊,190.0,1280,0,9B19,3035,2026-05-12
台新新莊,192.0,100,1000,9B19,3035,2026-05-12
台新新莊,193.0,170,1000,9B19,3035,2026-05-12
台新新莊,194.0,1000,2000,9B19,3035,2026-05-12
台新新莊,195.5,1000,0,9B19,3035,2026-05-12
台新新莊,196.5,3000,1000,9B19,3035,2026-05-12
台新新莊,197.5,1000,0,9B19,3035,2026-05-12
台新新莊,199.0,1100,2000,9B19,3035,2026-05-12
台新新莊,200.0,0,1000,9B19,3035,2026-05-12
台新左楠,199.0,0,1000,9B1d,3035,2026-05-12
台新左楠,197.0,2000,0,9B1d,3035,2026-05-12
台新左楠,196.0,0,2000,9B1d,3035,2026-05-12
台新左楠,195.0,1050,0,9B1d,3035,2026-05-12
台新左楠,193.5,250,3000,9B1d,3035,2026-05-12
台新左楠,192.0,1000,0,9B1d,3035,2026-05-12
台新左楠,201.5,1000,0,9B1d,3035,2026-05-12
台新左楠,190.5,1000,0,9B1d,3035,2026-05-12
台新新莊,209.0,300,0,9B19,3035,2026-05-12
台新新莊,208.0,1000,0,9B19,3035,2026-05-12
台新新莊,205.0,0,35,9B19,3035,2026-05-12
台新新莊,203.5,0,1000,9B19,3035,2026-05-12
台新新莊,202.5,0,3000,9B19,3035,2026-05-12
台新新莊,201.0,2000,2000,9B19,3035,2026-05-12
台新左楠,189.0,1000,2000,9B1d,3035,2026-05-12
台新台中,195.0,6955,12000,9B1h,3035,2026-05-12
台新台中,196.0,1100,2000,9B1h,3035,2026-05-12
台新台中,197.0,5250,2036,9B1h,3035,2026-05-12
台新台北,191.0,50,0,9B20,3035,2026-05-12
台新台北,193.0,4000,0,9B20,3035,2026-05-12
台新台北,194.0,150,0,9B20,3035,2026-05-12
台新台北,195.0,5020,0,9B20,3035,2026-05-12
台新台北,197.5,3000,0,9B20,3035,2026-05-12
台新台北,199.0,50,1000,9B20,3035,2026-05-12
台新台北,200.5,4000,1000,9B20,3035,2026-05-12
台新台北,203.0,0,41,9B20,3035,2026-05-12
台新台北,208.5,1000,0,9B20,3035,2026-05-12
台新台北,210.0,10,0,9B20,3035,2026-05-12
台新九如,188.5,1000,0,9B21,3035,2026-05-12
台新九如,193.0,1000,0,9B21,3035,2026-05-12
台新九如,196.5,0,1000,9B21,3035,2026-05-12
台新九如,198.5,1000,0,9B21,3035,2026-05-12
台新九如,205.0,0,1000,9B21,3035,2026-05-12
台新新店,188.0,50,0,9B22,3035,2026-05-12
台新新店,192.0,2000,0,9B22,3035,2026-05-12
台新三重,199.0,1000,0,9B23,3035,2026-05-12
台新三重,198.0,0,1000,9B23,3035,2026-05-12
台新三重,194.0,6000,0,9B23,3035,2026-05-12
台新三重,192.5,0,1000,9B23,3035,2026-05-12
台新三重,191.5,1000,0,9B23,3035,2026-05-12
台新三重,189.5,2000,0,9B23,3035,2026-05-12
台新台北,189.5,0,2000,9B20,3035,2026-05-12
台新新店,209.0,1000,0,9B22,3035,2026-05-12
台新新店,204.0,4000,0,9B22,3035,2026-05-12
台新新店,202.0,0,1000,9B22,3035,2026-05-12
台新新店,200.5,14000,0,9B22,3035,2026-05-12
台新新店,198.0,0,5000,9B22,3035,2026-05-12
台新新店,195.0,1000,3000,9B22,3035,2026-05-12
台新新店,193.0,250,0,9B22,3035,2026-05-12
台新新店,208.0,3000,0,9B22,3035,2026-05-12
台新台北,188.5,1000,0,9B20,3035,2026-05-12
台新中壢,209.5,0,100,9B1y,3035,2026-05-12
台新中壢,208.5,0,1000,9B1y,3035,2026-05-12
台新屏東,192.0,1000,50,9B1n,3035,2026-05-12
台新屏東,189.0,1000,0,9B1n,3035,2026-05-12
台新台中,210.0,100,11004,9B1h,3035,2026-05-12
台新台中,209.0,15,1000,9B1h,3035,2026-05-12
台新台中,208.0,3013,1000,9B1h,3035,2026-05-12
台新台中,207.0,1000,12000,9B1h,3035,2026-05-12
台新屏東,196.5,500,0,9B1n,3035,2026-05-12
台新台中,205.0,0,3000,9B1h,3035,2026-05-12
台新台中,203.0,1020,0,9B1h,3035,2026-05-12
台新台中,202.0,0,2000,9B1h,3035,2026-05-12
台新台中,201.0,1000,6000,9B1h,3035,2026-05-12
台新台中,200.0,1000,1000,9B1h,3035,2026-05-12
台新台中,199.0,250,4000,9B1h,3035,2026-05-12
台新台中,198.0,2100,4000,9B1h,3035,2026-05-12
台新台中,204.0,60,2000,9B1h,3035,2026-05-12
台新新竹,198.5,1000,0,9B2G,3035,2026-05-12
台新屏東,199.0,150,0,9B1n,3035,2026-05-12
台新屏東,202.5,1000,0,9B1n,3035,2026-05-12
台新中壢,207.5,0,10,9B1y,3035,2026-05-12
台新中壢,205.0,0,10,9B1y,3035,2026-05-12
台新中壢,203.5,1000,0,9B1y,3035,2026-05-12
台新中壢,201.0,1000,1000,9B1y,3035,2026-05-12
台新中壢,199.5,1000,0,9B1y,3035,2026-05-12
台新中壢,196.5,0,4000,9B1y,3035,2026-05-12
台新屏東,201.5,1000,0,9B1n,3035,2026-05-12
台新中壢,195.5,256,0,9B1y,3035,2026-05-12
台新中壢,193.0,2005,0,9B1y,3035,2026-05-12
台新中壢,192.0,7000,1000,9B1y,3035,2026-05-12
台新中壢,188.5,1000,0,9B1y,3035,2026-05-12
台新屏東,210.0,200,0,9B1n,3035,2026-05-12
台新屏東,209.0,0,50,9B1n,3035,2026-05-12
台新屏東,206.0,1000,0,9B1n,3035,2026-05-12
台新中壢,194.0,2000,10000,9B1y,3035,2026-05-12
台新建北,197.0,1000,20000,9B18,3035,2026-05-12
台新新竹,201.0,0,2000,9B2G,3035,2026-05-12
台新信義,188.5,54,1000,9B2H,3035,2026-05-12
台新世貿,202.0,0,3000,9B2u,3035,2026-05-12
台新世貿,203.5,100,0,9B2u,3035,2026-05-12
台新世貿,204.5,400,0,9B2u,3035,2026-05-12
台新世貿,206.5,2000,0,9B2u,3035,2026-05-12
台新世貿,209.0,0,1000,9B2u,3035,2026-05-12
台新宜蘭,189.0,1000,50000,9B2U,3035,2026-05-12
台新宜蘭,190.5,0,1000,9B2U,3035,2026-05-12
台新宜蘭,191.5,3000,1000,9B2U,3035,2026-05-12
台新宜蘭,192.5,1000,0,9B2U,3035,2026-05-12
台新宜蘭,193.5,0,1000,9B2U,3035,2026-05-12
台新宜蘭,195.0,0,2000,9B2U,3035,2026-05-12
台新宜蘭,196.5,1000,0,9B2U,3035,2026-05-12
台新宜蘭,198.0,0,1030,9B2U,3035,2026-05-12
台新宜蘭,201.5,0,30,9B2U,3035,2026-05-12
台新宜蘭,205.0,10000,0,9B2U,3035,2026-05-12
台新宜蘭,207.0,0,1000,9B2U,3035,2026-05-12
台新宜蘭,209.0,2000,0,9B2U,3035,2026-05-12
台新佳里,192.0,0,300,9B2w,3035,2026-05-12
台新佳里,189.0,1000,1000,9B2w,3035,2026-05-12
台新桃園,206.0,0,1000,9B2v,3035,2026-05-12
台新桃園,202.5,5000,0,9B2v,3035,2026-05-12
台新桃園,201.0,0,1000,9B2v,3035,2026-05-12
台新桃園,200.0,1000,1000,9B2v,3035,2026-05-12
台新世貿,200.5,0,1000,9B2u,3035,2026-05-12
台新桃園,198.5,1000,1000,9B2v,3035,2026-05-12
台新桃園,194.5,1050,1000,9B2v,3035,2026-05-12
台新桃園,193.5,5000,0,9B2v,3035,2026-05-12
台新桃園,192.5,0,4000,9B2v,3035,2026-05-12
台新桃園,190.5,0,50,9B2v,3035,2026-05-12
台新桃園,189.5,1000,2000,9B2v,3035,2026-05-12
台新桃園,188.5,1000,5000,9B2v,3035,2026-05-12
台新桃園,197.5,1000,3000,9B2v,3035,2026-05-12
台新佳里,193.0,3000,0,9B2w,3035,2026-05-12
台新世貿,199.5,1000,0,9B2u,3035,2026-05-12
台新世貿,193.0,1000,1000,9B2u,3035,2026-05-12
台新敦南,189.5,1000,0,9B2Q,3035,2026-05-12
台新敦南,192.0,1000,1000,9B2Q,3035,2026-05-12
台新敦南,193.0,1000,0,9B2Q,3035,2026-05-12
台新敦南,194.5,2000,0,9B2Q,3035,2026-05-12
台新敦南,196.0,1000,0,9B2Q,3035,2026-05-12
台新敦南,198.0,4000,0,9B2Q,3035,2026-05-12
台新敦南,199.5,0,1000,9B2Q,3035,2026-05-12
台新敦南,202.0,0,1000,9B2Q,3035,2026-05-12
台新敦南,203.5,1000,0,9B2Q,3035,2026-05-12
台新敦南,206.5,1000,0,9B2Q,3035,2026-05-12
台新敦南,208.0,1000,0,9B2Q,3035,2026-05-12
台新城東,187.5,0,3000,9B2r,3035,2026-05-12
台新城東,189.0,300,0,9B2r,3035,2026-05-12
台新城東,191.0,1000,1000,9B2r,3035,2026-05-12
台新城東,192.5,10,0,9B2r,3035,2026-05-12
台新城東,193.5,1000,2000,9B2r,3035,2026-05-12
台新城東,194.5,2000,5,9B2r,3035,2026-05-12
台新世貿,189.0,5,0,9B2u,3035,2026-05-12
台新基隆,208.0,0,5,9B2S,3035,2026-05-12
台新基隆,202.0,0,1000,9B2S,3035,2026-05-12
台新基隆,199.5,0,2000,9B2S,3035,2026-05-12
台新基隆,194.0,1000,0,9B2S,3035,2026-05-12
台新基隆,191.5,1000,0,9B2S,3035,2026-05-12
台新世貿,197.0,1000,0,9B2u,3035,2026-05-12
台新城東,209.0,0,3000,9B2r,3035,2026-05-12
台新城東,204.0,0,2000,9B2r,3035,2026-05-12
台新城東,202.0,0,1000,9B2r,3035,2026-05-12
台新城東,200.5,9000,22000,9B2r,3035,2026-05-12
台新城東,199.0,1010,0,9B2r,3035,2026-05-12
台新城東,197.0,1000,0,9B2r,3035,2026-05-12
台新城東,195.5,1100,100,9B2r,3035,2026-05-12
台新城東,206.0,0,3000,9B2r,3035,2026-05-12
台新敦南,188.0,1000,0,9B2Q,3035,2026-05-12
台新佳里,194.0,2000,0,9B2w,3035,2026-05-12
台新佳里,197.0,1000,0,9B2w,3035,2026-05-12
台新埔里,199.0,0,1000,9B2Y,3035,2026-05-12
台新埔里,200.0,1000,1000,9B2Y,3035,2026-05-12
台新埔里,203.5,10,0,9B2Y,3035,2026-05-12
台新埔里,205.0,0,1000,9B2Y,3035,2026-05-12
台新埔里,207.5,1000,0,9B2Y,3035,2026-05-12
台新埔里,208.5,2000,100,9B2Y,3035,2026-05-12
台新文心,188.0,2000,0,9B2z,3035,2026-05-12
台新文心,189.5,1000,1000,9B2z,3035,2026-05-12
台新文心,191.0,1000,0,9B2z,3035,2026-05-12
台新文心,193.0,200,1000,9B2z,3035,2026-05-12
台新文心,195.0,0,1000,9B2z,3035,2026-05-12
台新文心,196.5,1000,0,9B2z,3035,2026-05-12
台新文心,198.5,3000,1000,9B2z,3035,2026-05-12
台新文心,199.5,0,2000,9B2z,3035,2026-05-12
台新文心,200.5,1000,2000,9B2z,3035,2026-05-12
台新文心,201.5,1000,4000,9B2z,3035,2026-05-12
台新文心,202.5,3000,22015,9B2z,3035,2026-05-12
台新安南,205.0,0,10,9B2Z,3035,2026-05-12
台新安南,203.0,1000,0,9B2Z,3035,2026-05-12
台新安南,200.5,0,2100,9B2Z,3035,2026-05-12
台新安南,199.0,1000,0,9B2Z,3035,2026-05-12
台新安南,198.0,5000,0,9B2Z,3035,2026-05-12
台新安南,196.5,1052,2000,9B2Z,3035,2026-05-12
台新埔里,195.0,20,0,9B2Y,3035,2026-05-12
台新安南,195.5,3000,0,9B2Z,3035,2026-05-12
台新安南,192.0,1015,1000,9B2Z,3035,2026-05-12
台新安南,189.5,52,0,9B2Z,3035,2026-05-12
台新文心,209.0,0,6000,9B2z,3035,2026-05-12
台新文心,208.0,5100,0,9B2z,3035,2026-05-12
台新文心,205.0,0,5,9B2z,3035,2026-05-12
台新文心,204.0,0,2000,9B2z,3035,2026-05-12
台新安南,193.5,0,2000,9B2Z,3035,2026-05-12
台新佳里,195.5,1000,0,9B2w,3035,2026-05-12
台新埔里,193.5,1000,1000,9B2Y,3035,2026-05-12
台新埔里,191.5,1000,0,9B2Y,3035,2026-05-12
台新佳里,199.0,1000,2000,9B2w,3035,2026-05-12
台新佳里,201.5,200,0,9B2w,3035,2026-05-12
台新佳里,203.0,0,2000,9B2w,3035,2026-05-12
台新吉利,189.0,0,550,9B2W,3035,2026-05-12
台新吉利,193.0,0,3000,9B2W,3035,2026-05-12
台新吉利,194.0,10000,0,9B2W,3035,2026-05-12
台新吉利,196.0,1000,0,9B2W,3035,2026-05-12
台新吉利,197.5,0,50,9B2W,3035,2026-05-12
台新吉利,200.0,100,1000,9B2W,3035,2026-05-12
台新吉利,201.0,200,50,9B2W,3035,2026-05-12
台新吉利,203.0,1000,0,9B2W,3035,2026-05-12
台新吉利,208.5,1000,0,9B2W,3035,2026-05-12
台新草屯,188.0,4,2000,9B2X,3035,2026-05-12
台新草屯,189.0,5304,0,9B2X,3035,2026-05-12
台新草屯,192.5,0,1000,9B2X,3035,2026-05-12
台新草屯,194.0,0,200,9B2X,3035,2026-05-12
台新草屯,195.0,0,1000,9B2X,3035,2026-05-12
台新埔里,189.0,1000,0,9B2Y,3035,2026-05-12
台新花蓮,208.5,0,2000,9B2y,3035,2026-05-12
台新花蓮,202.0,0,1000,9B2y,3035,2026-05-12
台新花蓮,199.5,1000,0,9B2y,3035,2026-05-12
台新花蓮,197.5,1000,0,9B2y,3035,2026-05-12
台新花蓮,196.5,4000,0,9B2y,3035,2026-05-12
台新埔里,192.5,0,2000,9B2Y,3035,2026-05-12
台新花蓮,194.0,81,0,9B2y,3035,2026-05-12
台新花蓮,190.5,0,2000,9B2y,3035,2026-05-12
台新草屯,210.0,0,30,9B2X,3035,2026-05-12
台新草屯,205.0,0,1000,9B2X,3035,2026-05-12
台新草屯,203.0,0,20,9B2X,3035,2026-05-12
台新草屯,201.5,100,1000,9B2X,3035,2026-05-12
台新草屯,197.0,0,1000,9B2X,3035,2026-05-12
台新花蓮,192.0,1035,0,9B2y,3035,2026-05-12
台新屏新,206.0,0,1000,9B2q,3035,2026-05-12
台新屏新,205.0,10,0,9B2q,3035,2026-05-12
台新屏新,201.5,15,0,9B2q,3035,2026-05-12
台新嘉義,208.0,1000,0,9B2I,3035,2026-05-12
台新嘉義,210.0,0,1000,9B2I,3035,2026-05-12
台新大裕,191.0,2000,2000,9B2l,3035,2026-05-12
台新大裕,192.0,25000,10,9B2l,3035,2026-05-12
台新大裕,193.0,11250,6000,9B2l,3035,2026-05-12
台新大裕,194.0,30000,0,9B2l,3035,2026-05-12
台新大裕,195.0,16000,2000,9B2l,3035,2026-05-12
台新大裕,198.0,2000,1000,9B2l,3035,2026-05-12
台新大裕,199.0,2000,0,9B2l,3035,2026-05-12
台新大裕,200.5,20000,0,9B2l,3035,2026-05-12
台新大裕,202.0,1000,154,9B2l,3035,2026-05-12
台新大裕,203.5,0,10,9B2l,3035,2026-05-12
台新大裕,207.5,1000,0,9B2l,3035,2026-05-12
台新大裕,209.5,20,0,9B2l,3035,2026-05-12
台新北壢,190.0,1000,2000,9B2L,3035,2026-05-12
台新北壢,192.0,0,2000,9B2L,3035,2026-05-12
台新北壢,193.5,0,2000,9B2L,3035,2026-05-12
台新成功,199.0,10000,2000,9B2m,3035,2026-05-12
台新成功,197.0,2299,0,9B2m,3035,2026-05-12
台新成功,195.5,1000,0,9B2m,3035,2026-05-12
台新成功,194.5,1000,1000,9B2m,3035,2026-05-12
台新成功,193.5,0,1000,9B2m,3035,2026-05-12
台新成功,192.5,1000,0,9B2m,3035,2026-05-12
台新嘉義,203.0,0,3,9B2I,3035,2026-05-12
台新成功,191.5,1000,0,9B2m,3035,2026-05-12
台新成功,189.0,1000,0,9B2m,3035,2026-05-12
台新成功,188.0,1000,0,9B2m,3035,2026-05-12
台新北壢,202.0,1000,0,9B2L,3035,2026-05-12
台新北壢,198.5,0,359,9B2L,3035,2026-05-12
台新北壢,196.0,3000,0,9B2L,3035,2026-05-12
台新北壢,195.0,100,1000,9B2L,3035,2026-05-12
台新成功,190.0,1000,0,9B2m,3035,2026-05-12
台新成功,202.0,2000,0,9B2m,3035,2026-05-12
台新嘉義,201.5,1000,0,9B2I,3035,2026-05-12
台新嘉義,198.0,1000,0,9B2I,3035,2026-05-12
台新信義,189.5,2000,0,9B2H,3035,2026-05-12
台新信義,190.5,100,0,9B2H,3035,2026-05-12
台新信義,192.0,1100,0,9B2H,3035,2026-05-12
台新信義,193.5,0,1000,9B2H,3035,2026-05-12
台新信義,194.5,1000,5000,9B2H,3035,2026-05-12
台新信義,196.0,2000,0,9B2H,3035,2026-05-12
台新信義,197.5,2000,2000,9B2H,3035,2026-05-12
台新信義,198.5,1000,4000,9B2H,3035,2026-05-12
台新信義,200.0,0,100,9B2H,3035,2026-05-12
台新信義,201.0,1000,0,9B2H,3035,2026-05-12
台新信義,202.5,25,0,9B2H,3035,2026-05-12
台新信義,204.5,2000,0,9B2H,3035,2026-05-12
台新信義,206.5,0,1000,9B2H,3035,2026-05-12
台新信義,208.0,1000,0,9B2H,3035,2026-05-12
台新中港,187.5,1000,0,9B2i,3035,2026-05-12
台新中港,189.0,1000,200,9B2i,3035,2026-05-12
台新中港,190.0,0,1000,9B2i,3035,2026-05-12
台新嘉義,196.5,1000,1000,9B2I,3035,2026-05-12
台新嘉義,194.5,3000,1000,9B2I,3035,2026-05-12
台新嘉義,193.0,0,1000,9B2I,3035,2026-05-12
台新嘉義,191.0,1000,0,9B2I,3035,2026-05-12
台新嘉義,189.0,1000,0,9B2I,3035,2026-05-12
台新中港,210.0,0,50,9B2i,3035,2026-05-12
台新嘉義,200.0,0,2000,9B2I,3035,2026-05-12
台新中港,208.0,0,10,9B2i,3035,2026-05-12
台新中港,200.5,1000,1000,9B2i,3035,2026-05-12
台新中港,199.0,500,0,9B2i,3035,2026-05-12
台新中港,197.5,1000,0,9B2i,3035,2026-05-12
台新中港,195.5,1000,0,9B2i,3035,2026-05-12
台新中港,194.0,1000,0,9B2i,3035,2026-05-12
台新中港,192.0,0,1000,9B2i,3035,2026-05-12
台新中港,202.0,2000,1000,9B2i,3035,2026-05-12
台新成功,204.0,1000,0,9B2m,3035,2026-05-12
台新成功,207.5,1000,0,9B2m,3035,2026-05-12
台新成功,208.5,5030,1000,9B2m,3035,2026-05-12
台新新興,193.0,0,1000,9B2o,3035,2026-05-12
台新新興,194.0,200,0,9B2o,3035,2026-05-12
台新新興,195.0,100,1000,9B2o,3035,2026-05-12
台新新興,197.0,7,0,9B2o,3035,2026-05-12
台新新興,198.5,0,111,9B2o,3035,2026-05-12
台新新興,199.5,100,0,9B2o,3035,2026-05-12
台新新興,200.5,1000,3000,9B2o,3035,2026-05-12
台新新興,204.5,0,4000,9B2o,3035,2026-05-12
台新新興,208.5,0,2000,9B2o,3035,2026-05-12
台新新興,209.5,0,100,9B2o,3035,2026-05-12
台新同大,188.0,2000,0,9B2P,3035,2026-05-12
台新同大,189.0,1000,3000,9B2P,3035,2026-05-12
台新同大,191.0,1000,0,9B2P,3035,2026-05-12
台新同大,192.0,0,2000,9B2P,3035,2026-05-12
台新同大,193.0,1000,3000,9B2P,3035,2026-05-12
台新同大,194.0,0,2200,9B2P,3035,2026-05-12
台新同大,196.5,2000,0,9B2P,3035,2026-05-12
台新屏新,200.5,0,1000,9B2q,3035,2026-05-12
台新屏新,198.5,0,1000,9B2q,3035,2026-05-12
台新屏新,197.0,0,2000,9B2q,3035,2026-05-12
台新屏新,196.0,2000,0,9B2q,3035,2026-05-12
台新屏新,194.0,2000,3000,9B2q,3035,2026-05-12
台新屏新,193.0,2000,0,9B2q,3035,2026-05-12
台新新興,191.5,1000,0,9B2o,3035,2026-05-12
台新屏新,190.5,2000,0,9B2q,3035,2026-05-12
台新同大,208.5,0,1000,9B2P,3035,2026-05-12
台新同大,206.5,1000,0,9B2P,3035,2026-05-12
台新同大,204.0,0,2000,9B2P,3035,2026-05-12
台新同大,202.0,0,2000,9B2P,3035,2026-05-12
台新同大,199.5,1000,0,9B2P,3035,2026-05-12
台新同大,198.0,1000,0,9B2P,3035,2026-05-12
台新同大,210.0,0,2000,9B2P,3035,2026-05-12
台新新興,190.0,1100,1000,9B2o,3035,2026-05-12
台新新興,189.0,7000,3000,9B2o,3035,2026-05-12
台新新興,188.0,1000,0,9B2o,3035,2026-05-12
台新西松,196.5,1000,1000,9B2n,3035,2026-05-12
台新西松,195.0,0,2000,9B2n,3035,2026-05-12
台新西松,194.0,1000,2000,9B2n,3035,2026-05-12
台新西松,192.0,100,1483,9B2n,3035,2026-05-12
台新西松,191.0,2000,0,9B2n,3035,2026-05-12
台新西松,190.0,1060,0,9B2n,3035,2026-05-12
台新西松,197.5,0,1050,9B2n,3035,2026-05-12
台新西松,189.0,1000,0,9B2n,3035,2026-05-12
台新彰化,200.5,20,0,9B2M,3035,2026-05-12
台新彰化,198.5,500,0,9B2M,3035,2026-05-12
台新彰化,197.0,0,1000,9B2M,3035,2026-05-12
台新彰化,196.0,1000,1000,9B2M,3035,2026-05-12
台新彰化,194.5,1000,0,9B2M,3035,2026-05-12
台新彰化,188.5,1000,0,9B2M,3035,2026-05-12
台新彰化,203.0,100,0,9B2M,3035,2026-05-12
台新新竹,204.0,1000,0,9B2G,3035,2026-05-12
台新西松,198.5,1000,0,9B2n,3035,2026-05-12
台新西松,202.5,1000,1000,9B2n,3035,2026-05-12
台新虎尾,209.0,61,1000,9B2N,3035,2026-05-12
台新虎尾,208.0,0,1000,9B2N,3035,2026-05-12
台新虎尾,206.5,1000,0,9B2N,3035,2026-05-12
台新虎尾,201.0,1000,0,9B2N,3035,2026-05-12
台新虎尾,199.5,1000,0,9B2N,3035,2026-05-12
台新虎尾,197.5,300,1000,9B2N,3035,2026-05-12
台新西松,201.5,0,2000,9B2n,3035,2026-05-12
台新虎尾,196.0,0,70,9B2N,3035,2026-05-12
台新虎尾,193.0,1000,0,9B2N,3035,2026-05-12
台新虎尾,191.0,0,2000,9B2N,3035,2026-05-12
台新虎尾,189.5,0,1000,9B2N,3035,2026-05-12
台新西松,210.0,10,50,9B2n,3035,2026-05-12
台新西松,208.5,10,2000,9B2n,3035,2026-05-12
台新西松,207.5,0,1000,9B2n,3035,2026-05-12
台新虎尾,194.0,0,2000,9B2N,3035,2026-05-12
台新建北,196.0,1000,0,9B18,3035,2026-05-12
台新建北,195.0,50,1000,9B18,3035,2026-05-12
台新建北,194.0,1050,4000,9B18,3035,2026-05-12
永豐台南,194.5,4000,0,9A9h,3035,2026-05-12
永豐台南,195.5,2000,0,9A9h,3035,2026-05-12
永豐台南,196.5,1000,0,9A9h,3035,2026-05-12
永豐台南,197.5,3000,1000,9A9h,3035,2026-05-12
永豐台南,199.5,2000,0,9A9h,3035,2026-05-12
永豐台南,200.5,6000,1000,9A9h,3035,2026-05-12
永豐台南,201.5,12000,0,9A9h,3035,2026-05-12
永豐台南,202.5,17000,3000,9A9h,3035,2026-05-12
永豐台南,204.0,0,85,9A9h,3035,2026-05-12
永豐台南,205.0,0,300,9A9h,3035,2026-05-12
永豐台南,208.0,20,2050,9A9h,3035,2026-05-12
永豐台南,209.0,24100,0,9A9h,3035,2026-05-12
永豐台南,210.0,0,30,9A9h,3035,2026-05-12
永豐新莊,189.0,3000,0,9A9H,3035,2026-05-12
永豐新莊,192.5,1000,1000,9A9H,3035,2026-05-12
永豐新莊,194.0,0,1000,9A9H,3035,2026-05-12
永豐新莊,195.0,2000,0,9A9H,3035,2026-05-12
永豐新店,194.5,0,20,9A9i,3035,2026-05-12
永豐新店,193.5,2000,20,9A9i,3035,2026-05-12
永豐新店,192.5,12,0,9A9i,3035,2026-05-12
永豐新店,191.0,0,1000,9A9i,3035,2026-05-12
永豐新店,189.5,0,250,9A9i,3035,2026-05-12
永豐新莊,208.5,0,5000,9A9H,3035,2026-05-12
永豐台南,193.5,20,3000,9A9h,3035,2026-05-12
永豐新莊,206.5,0,1000,9A9H,3035,2026-05-12
永豐新莊,203.0,0,1000,9A9H,3035,2026-05-12
永豐新莊,202.0,0,60000,9A9H,3035,2026-05-12
永豐新莊,201.0,2000,30000,9A9H,3035,2026-05-12
永豐新莊,200.0,101000,0,9A9H,3035,2026-05-12
永豐新莊,198.5,100,0,9A9H,3035,2026-05-12
永豐新莊,197.0,224000,0,9A9H,3035,2026-05-12
永豐新莊,204.0,0,2000,9A9H,3035,2026-05-12
永豐新店,195.5,1200,0,9A9i,3035,2026-05-12
永豐台南,192.5,0,1010,9A9h,3035,2026-05-12
永豐台南,189.5,22120,77000,9A9h,3035,2026-05-12
永豐高雄,204.5,3000,0,9A9e,3035,2026-05-12
永豐高雄,206.5,0,1000,9A9e,3035,2026-05-12
永豐高雄,207.5,3000,1000,9A9e,3035,2026-05-12
永豐高雄,210.0,400,211,9A9e,3035,2026-05-12
永豐內湖,189.0,3000,0,9A9g,3035,2026-05-12
永豐內湖,190.0,1000,1000,9A9g,3035,2026-05-12
永豐內湖,191.5,0,1000,9A9g,3035,2026-05-12
永豐內湖,192.5,0,4135,9A9g,3035,2026-05-12
永豐內湖,194.0,1000,1000,9A9g,3035,2026-05-12
永豐內湖,195.0,1000,0,9A9g,3035,2026-05-12
永豐內湖,197.0,1000,0,9A9g,3035,2026-05-12
永豐內湖,199.0,1000,0,9A9g,3035,2026-05-12
永豐內湖,201.0,0,2000,9A9g,3035,2026-05-12
永豐內湖,204.5,5000,0,9A9g,3035,2026-05-12
永豐內湖,206.5,1000,0,9A9g,3035,2026-05-12
永豐內湖,208.0,13000,0,9A9g,3035,2026-05-12
永豐內湖,209.0,8000,0,9A9g,3035,2026-05-12
永豐台南,188.5,22000,0,9A9h,3035,2026-05-12
永豐天母,208.5,2000,0,9A9G,3035,2026-05-12
永豐天母,204.0,0,1000,9A9G,3035,2026-05-12
永豐天母,202.0,0,10000,9A9G,3035,2026-05-12
永豐天母,198.5,2000,0,9A9G,3035,2026-05-12
永豐天母,197.5,1000,0,9A9G,3035,2026-05-12
永豐台南,190.5,1050,0,9A9h,3035,2026-05-12
永豐天母,196.0,0,1000,9A9G,3035,2026-05-12
永豐天母,193.5,1,100,9A9G,3035,2026-05-12
永豐天母,192.5,0,1000,9A9G,3035,2026-05-12
永豐天母,191.5,5000,0,9A9G,3035,2026-05-12
永豐天母,190.0,1000,1000,9A9G,3035,2026-05-12
永豐天母,189.0,1000,6000,9A9G,3035,2026-05-12
永豐內湖,210.0,100,0,9A9g,3035,2026-05-12
永豐天母,195.0,1000,4000,9A9G,3035,2026-05-12
永豐高雄,203.5,100,0,9A9e,3035,2026-05-12
永豐新店,197.5,1000,0,9A9i,3035,2026-05-12
永豐新店,202.5,1000,1020,9A9i,3035,2026-05-12
永豐板新,210.0,1050,0,9A9J,3035,2026-05-12
永豐三重,189.0,1000,0,9A9K,3035,2026-05-12
永豐三重,190.0,1000,3000,9A9K,3035,2026-05-12
永豐三重,191.5,0,1000,9A9K,3035,2026-05-12
永豐三重,193.5,0,1000,9A9K,3035,2026-05-12
永豐三重,194.5,0,4000,9A9K,3035,2026-05-12
永豐三重,196.0,0,300,9A9K,3035,2026-05-12
永豐三重,197.5,100,1000,9A9K,3035,2026-05-12
永豐三重,198.5,200,0,9A9K,3035,2026-05-12
永豐三重,199.5,1000,0,9A9K,3035,2026-05-12
永豐三重,201.0,0,1000,9A9K,3035,2026-05-12
永豐三重,204.5,0,2000,9A9K,3035,2026-05-12
永豐三重,207.0,1000,0,9A9K,3035,2026-05-12
永豐三重,208.5,7000,0,9A9K,3035,2026-05-12
永豐三重,210.0,0,300,9A9K,3035,2026-05-12
永豐台中,187.5,0,3000,9A9L,3035,2026-05-12
永豐台中,189.0,400,0,9A9L,3035,2026-05-12
永豐台中,206.0,2005,0,9A9L,3035,2026-05-12
永豐台中,204.5,1000,0,9A9L,3035,2026-05-12
永豐台中,203.5,0,1000,9A9L,3035,2026-05-12
永豐台中,202.5,0,4000,9A9L,3035,2026-05-12
永豐台中,200.5,0,4005,9A9L,3035,2026-05-12
永豐台中,199.5,0,1000,9A9L,3035,2026-05-12
永豐板新,209.0,100,53,9A9J,3035,2026-05-12
永豐台中,198.5,0,1000,9A9L,3035,2026-05-12
永豐台中,195.5,1000,0,9A9L,3035,2026-05-12
永豐台中,194.5,1000,0,9A9L,3035,2026-05-12
永豐台中,193.5,1000,0,9A9L,3035,2026-05-12
永豐台中,192.5,0,4000,9A9L,3035,2026-05-12
永豐台中,191.5,200,1000,9A9L,3035,2026-05-12
永豐台中,190.5,1000,0,9A9L,3035,2026-05-12
永豐台中,197.5,1000,0,9A9L,3035,2026-05-12
永豐新店,199.5,0,1000,9A9i,3035,2026-05-12
永豐板新,208.0,0,10,9A9J,3035,2026-05-12
永豐板新,206.0,1050,1010,9A9J,3035,2026-05-12
永豐新店,204.0,0,10,9A9i,3035,2026-05-12
永豐新店,206.0,0,1010,9A9i,3035,2026-05-12
永豐新店,207.0,0,10,9A9i,3035,2026-05-12
永豐新店,208.5,1100,1010,9A9i,3035,2026-05-12
永豐新店,210.5,1000,0,9A9i,3035,2026-05-12
永豐嘉義,189.0,1050,200,9A9j,3035,2026-05-12
永豐嘉義,190.0,200,0,9A9j,3035,2026-05-12
永豐嘉義,194.0,0,1000,9A9j,3035,2026-05-12
永豐嘉義,195.0,1020,200,9A9j,3035,2026-05-12
永豐嘉義,196.5,50,0,9A9j,3035,2026-05-12
永豐嘉義,197.5,1000,0,9A9j,3035,2026-05-12
永豐嘉義,200.0,0,3000,9A9j,3035,2026-05-12
永豐嘉義,202.5,0,1000,9A9j,3035,2026-05-12
永豐嘉義,206.5,0,1000,9A9j,3035,2026-05-12
永豐嘉義,209.5,0,125,9A9j,3035,2026-05-12
永豐板新,188.0,3000,0,9A9J,3035,2026-05-12
永豐板新,189.5,2071,130,9A9J,3035,2026-05-12
永豐板新,204.5,500,0,9A9J,3035,2026-05-12
永豐板新,203.5,0,1000,9A9J,3035,2026-05-12
永豐板新,202.5,100,5300,9A9J,3035,2026-05-12
永豐板新,201.5,300,0,9A9J,3035,2026-05-12
永豐板新,200.5,0,10,9A9J,3035,2026-05-12
永豐板新,199.5,30,200,9A9J,3035,2026-05-12
永豐板新,207.0,0,3000,9A9J,3035,2026-05-12
永豐板新,198.5,0,2000,9A9J,3035,2026-05-12
永豐板新,196.5,1000,0,9A9J,3035,2026-05-12
永豐板新,195.0,3500,0,9A9J,3035,2026-05-12
永豐板新,194.0,8000,5000,9A9J,3035,2026-05-12
永豐板新,193.0,1000,5000,9A9J,3035,2026-05-12
永豐板新,191.5,0,1000,9A9J,3035,2026-05-12
永豐板新,190.5,0,1000,9A9J,3035,2026-05-12
永豐板新,197.5,2000,1050,9A9J,3035,2026-05-12
永豐高雄,201.0,2000,0,9A9e,3035,2026-05-12
永豐高雄,200.0,1000,0,9A9e,3035,2026-05-12
永豐高雄,199.0,0,1000,9A9e,3035,2026-05-12
永豐苓雅,195.5,1000,0,9A9a,3035,2026-05-12
永豐苓雅,197.0,6031,1000,9A9a,3035,2026-05-12
永豐苓雅,199.5,2000,0,9A9a,3035,2026-05-12
永豐苓雅,200.5,27000,11000,9A9a,3035,2026-05-12
永豐苓雅,201.5,240,0,9A9a,3035,2026-05-12
永豐苓雅,202.5,0,3000,9A9a,3035,2026-05-12
永豐苓雅,204.0,50,3000,9A9a,3035,2026-05-12
永豐苓雅,206.5,1000,0,9A9a,3035,2026-05-12
永豐苓雅,210.5,30,0,9A9a,3035,2026-05-12
永豐羅東,191.0,0,1038,9A9A,3035,2026-05-12
永豐羅東,192.5,1000,1000,9A9A,3035,2026-05-12
永豐羅東,193.5,0,2500,9A9A,3035,2026-05-12
永豐羅東,194.5,1000,0,9A9A,3035,2026-05-12
永豐羅東,195.5,1000,0,9A9A,3035,2026-05-12
永豐羅東,199.5,0,2000,9A9A,3035,2026-05-12
永豐羅東,202.0,0,50,9A9A,3035,2026-05-12
永豐羅東,209.0,1025,0,9A9A,3035,2026-05-12
永豐中和,204.0,5000,0,9A9B,3035,2026-05-12
永豐中和,201.0,100,0,9A9B,3035,2026-05-12
永豐中和,200.0,2000,0,9A9B,3035,2026-05-12
永豐中和,197.0,0,2000,9A9B,3035,2026-05-12
永豐中和,195.0,1000,0,9A9B,3035,2026-05-12
永豐中和,194.0,600,1000,9A9B,3035,2026-05-12
永豐苓雅,194.5,5030,1310,9A9a,3035,2026-05-12
永豐中和,193.0,2000,0,9A9B,3035,2026-05-12
永豐中和,188.0,200,0,9A9B,3035,2026-05-12
永豐虎尾,208.5,1000,0,9A9b,3035,2026-05-12
永豐虎尾,200.5,0,8000,9A9b,3035,2026-05-12
永豐虎尾,197.5,0,6,9A9b,3035,2026-05-12
永豐虎尾,195.0,1000,0,9A9b,3035,2026-05-12
永豐羅東,210.0,0,1000,9A9A,3035,2026-05-12
永豐中和,191.0,0,5000,9A9B,3035,2026-05-12
永豐永康,188.0,1100,0,9A9c,3035,2026-05-12
永豐苓雅,193.5,2000,6000,9A9a,3035,2026-05-12
永豐苓雅,191.5,0,5000,9A9a,3035,2026-05-12
永豐新竹,206.5,1000,1000,9A97,3035,2026-05-12
永豐新竹,208.0,4100,0,9A97,3035,2026-05-12
永豐新竹,209.5,0,1000,9A97,3035,2026-05-12
永豐大園,189.0,1000,0,9A98,3035,2026-05-12
永豐大園,190.0,0,1000,9A98,3035,2026-05-12
永豐大園,193.0,0,5000,9A98,3035,2026-05-12
永豐大園,194.0,1000,0,9A98,3035,2026-05-12
永豐大園,195.0,300,40,9A98,3035,2026-05-12
永豐大園,196.5,2000,0,9A98,3035,2026-05-12
永豐大園,197.5,1000,0,9A98,3035,2026-05-12
永豐大園,198.5,0,2000,9A98,3035,2026-05-12
永豐大園,199.5,0,5000,9A98,3035,2026-05-12
永豐大園,201.0,0,6000,9A98,3035,2026-05-12
永豐大園,202.5,1000,0,9A98,3035,2026-05-12
永豐大園,208.5,1000,0,9A98,3035,2026-05-12
永豐中壢,188.0,1000,0,9A99,3035,2026-05-12
永豐中壢,189.5,1000,0,9A99,3035,2026-05-12
永豐苓雅,189.5,10,0,9A9a,3035,2026-05-12
永豐苓雅,188.0,0,1000,9A9a,3035,2026-05-12
永豐中壢,208.5,0,3000,9A99,3035,2026-05-12
永豐中壢,206.5,17000,0,9A99,3035,2026-05-12
永豐中壢,204.5,1000,8,9A99,3035,2026-05-12
永豐中壢,202.0,1000,0,9A99,3035,2026-05-12
永豐苓雅,192.5,2000,0,9A9a,3035,2026-05-12
永豐中壢,200.5,1000,0,9A99,3035,2026-05-12
永豐中壢,196.0,5000,0,9A99,3035,2026-05-12
永豐中壢,195.0,2000,0,9A99,3035,2026-05-12
永豐中壢,194.0,1000,0,9A99,3035,2026-05-12
永豐中壢,193.0,1000,0,9A99,3035,2026-05-12
永豐中壢,192.0,1000,0,9A99,3035,2026-05-12
永豐中壢,191.0,1000,0,9A99,3035,2026-05-12
永豐中壢,198.5,1000,1000,9A99,3035,2026-05-12
永豐永康,189.0,1000,6000,9A9c,3035,2026-05-12
永豐永康,190.5,2000,0,9A9c,3035,2026-05-12
永豐永康,192.0,2000,0,9A9c,3035,2026-05-12
永豐古亭,201.0,1000,0,9A9d,3035,2026-05-12
永豐古亭,203.0,0,50,9A9d,3035,2026-05-12
永豐古亭,204.5,1000,0,9A9d,3035,2026-05-12
永豐古亭,207.0,100,0,9A9d,3035,2026-05-12
永豐古亭,208.0,1000,0,9A9d,3035,2026-05-12
永豐古亭,209.0,0,1000,9A9d,3035,2026-05-12
永豐古亭,210.0,200,10,9A9d,3035,2026-05-12
永豐忠孝,188.0,1100,1000,9A9D,3035,2026-05-12
永豐忠孝,189.5,3000,0,9A9D,3035,2026-05-12
永豐忠孝,191.5,1000,3195,9A9D,3035,2026-05-12
永豐忠孝,192.5,1000,0,9A9D,3035,2026-05-12
永豐忠孝,194.0,9200,0,9A9D,3035,2026-05-12
永豐忠孝,195.0,2050,1000,9A9D,3035,2026-05-12
永豐忠孝,196.0,1000,0,9A9D,3035,2026-05-12
永豐忠孝,197.0,0,2000,9A9D,3035,2026-05-12
永豐忠孝,198.0,100,1000,9A9D,3035,2026-05-12
永豐忠孝,199.5,1000,0,9A9D,3035,2026-05-12
永豐高雄,197.5,2500,0,9A9e,3035,2026-05-12
永豐高雄,196.0,1000,0,9A9e,3035,2026-05-12
永豐高雄,195.0,200,0,9A9e,3035,2026-05-12
永豐高雄,194.0,3000,235,9A9e,3035,2026-05-12
永豐高雄,192.0,100,3030,9A9e,3035,2026-05-12
永豐高雄,191.0,1000,0,9A9e,3035,2026-05-12
永豐古亭,200.0,0,2000,9A9d,3035,2026-05-12
永豐高雄,190.0,100,0,9A9e,3035,2026-05-12
永豐忠孝,210.5,260,0,9A9D,3035,2026-05-12
永豐忠孝,209.5,270,1000,9A9D,3035,2026-05-12
永豐忠孝,205.0,0,50,9A9D,3035,2026-05-12
永豐忠孝,203.5,0,1000,9A9D,3035,2026-05-12
永豐忠孝,202.0,0,650,9A9D,3035,2026-05-12
永豐忠孝,200.5,0,1000,9A9D,3035,2026-05-12
永豐高雄,189.0,10,0,9A9e,3035,2026-05-12
永豐古亭,199.0,1000,0,9A9d,3035,2026-05-12
永豐古亭,197.5,300,2000,9A9d,3035,2026-05-12
永豐古亭,196.0,1200,50000,9A9d,3035,2026-05-12
永豐永康,208.5,2000,3000,9A9c,3035,2026-05-12
永豐永康,207.5,4000,0,9A9c,3035,2026-05-12
永豐永康,206.0,1000,0,9A9c,3035,2026-05-12
永豐永康,204.5,4000,1000,9A9c,3035,2026-05-12
永豐永康,202.5,1000,3000,9A9c,3035,2026-05-12
永豐永康,201.5,0,4000,9A9c,3035,2026-05-12
永豐永康,209.5,2000,7000,9A9c,3035,2026-05-12
永豐永康,200.5,2000,4000,9A9c,3035,2026-05-12
永豐永康,198.0,1150,0,9A9c,3035,2026-05-12
永豐永康,197.0,1000,0,9A9c,3035,2026-05-12
永豐永康,196.0,1000,0,9A9c,3035,2026-05-12
永豐永康,195.0,14010,0,9A9c,3035,2026-05-12
永豐永康,194.0,3050,0,9A9c,3035,2026-05-12
永豐永康,193.0,2000,50,9A9c,3035,2026-05-12
永豐永康,199.0,3100,2000,9A9c,3035,2026-05-12
永豐台中,207.5,2000,1000,9A9L,3035,2026-05-12
永豐員林,188.0,155,0,9A9C,3035,2026-05-12
永豐員林,190.0,158,1000,9A9C,3035,2026-05-12
永豐古亭,195.0,1050,0,9A9d,3035,2026-05-12
永豐古亭,194.0,1050,0,9A9d,3035,2026-05-12
永豐古亭,192.5,0,2000,9A9d,3035,2026-05-12
永豐古亭,190.5,1000,0,9A9d,3035,2026-05-12
永豐古亭,189.5,2040,0,9A9d,3035,2026-05-12
永豐古亭,188.5,0,1000,9A9d,3035,2026-05-12
永豐員林,189.0,2000,2000,9A9C,3035,2026-05-12
永豐員林,210.0,1000,40,9A9C,3035,2026-05-12
永豐員林,202.0,1000,1000,9A9C,3035,2026-05-12
永豐員林,200.0,4,0,9A9C,3035,2026-05-12
永豐員林,198.5,0,2100,9A9C,3035,2026-05-12
永豐員林,194.5,0,180,9A9C,3035,2026-05-12
永豐員林,193.0,4000,0,9A9C,3035,2026-05-12
永豐員林,191.5,0,1000,9A9C,3035,2026-05-12
永豐員林,205.0,0,200,9A9C,3035,2026-05-12
永豐台中,208.5,2030,80,9A9L,3035,2026-05-12
永豐台中,209.5,5,0,9A9L,3035,2026-05-12
永豐南投,189.0,1000,0,9A9M,3035,2026-05-12
永豐竹科,207.5,100,0,9A9X,3035,2026-05-12
永豐竹科,209.0,0,1000,9A9X,3035,2026-05-12
永豐板盛,188.5,2000,0,9A9Y,3035,2026-05-12
永豐板盛,189.5,0,3000,9A9Y,3035,2026-05-12
永豐板盛,192.0,0,2000,9A9Y,3035,2026-05-12
永豐板盛,193.5,0,1000,9A9Y,3035,2026-05-12
永豐板盛,195.0,1001,0,9A9Y,3035,2026-05-12
永豐板盛,197.0,1350,2000,9A9Y,3035,2026-05-12
永豐板盛,198.0,2000,11000,9A9Y,3035,2026-05-12
永豐板盛,199.0,0,1000,9A9Y,3035,2026-05-12
永豐板盛,200.5,0,3000,9A9Y,3035,2026-05-12
永豐板盛,202.0,2150,0,9A9Y,3035,2026-05-12
永豐板盛,207.5,3000,0,9A9Y,3035,2026-05-12
永豐板盛,209.5,100,0,9A9Y,3035,2026-05-12
永豐復興,192.0,2000,0,9A9Z,3035,2026-05-12
永豐復興,193.0,0,26000,9A9Z,3035,2026-05-12
永豐復興,197.0,1000,0,9A9Z,3035,2026-05-12
台新證券,198.5,8008,4300,9B00,3035,2026-05-12
台新證券,197.5,0,41000,9B00,3035,2026-05-12
台新證券,196.5,4200,40000,9B00,3035,2026-05-12
台新證券,195.5,8000,11000,9B00,3035,2026-05-12
台新證券,194.5,11179,23175,9B00,3035,2026-05-12
台新證券,193.5,26200,16050,9B00,3035,2026-05-12
永豐竹科,203.5,100,0,9A9X,3035,2026-05-12
台新證券,192.5,15200,12050,9B00,3035,2026-05-12
台新證券,190.5,4200,3250,9B00,3035,2026-05-12
台新證券,189.5,4710,3600,9B00,3035,2026-05-12
台新證券,188.5,7125,4000,9B00,3035,2026-05-12
台新證券,187.5,0,1000,9B00,3035,2026-05-12
永豐復興,204.0,0,1000,9A9Z,3035,2026-05-12
永豐復興,203.0,0,50,9A9Z,3035,2026-05-12
台新證券,191.5,4100,11000,9B00,3035,2026-05-12
台新證券,199.5,1140,8000,9B00,3035,2026-05-12
永豐竹科,201.5,1010,0,9A9X,3035,2026-05-12
永豐竹科,198.5,100,1000,9A9X,3035,2026-05-12
永豐市政,210.0,75,1038,9A9W,3035,2026-05-12
永豐桃園,188.0,120,0,9A9x,3035,2026-05-12
永豐桃園,189.0,1000,6000,9A9x,3035,2026-05-12
永豐桃園,190.0,3000,1750,9A9x,3035,2026-05-12
永豐桃園,191.0,6100,0,9A9x,3035,2026-05-12
永豐桃園,192.0,1000,1000,9A9x,3035,2026-05-12
永豐桃園,193.0,3000,3000,9A9x,3035,2026-05-12
永豐桃園,194.0,4000,3000,9A9x,3035,2026-05-12
永豐桃園,195.0,60,1030,9A9x,3035,2026-05-12
永豐桃園,196.0,1000,0,9A9x,3035,2026-05-12
永豐桃園,197.0,60,10,9A9x,3035,2026-05-12
永豐桃園,198.0,0,3050,9A9x,3035,2026-05-12
永豐桃園,199.0,38,0,9A9x,3035,2026-05-12
永豐桃園,200.0,0,2000,9A9x,3035,2026-05-12
永豐桃園,201.0,10,1000,9A9x,3035,2026-05-12
永豐桃園,202.5,3000,1000,9A9x,3035,2026-05-12
永豐桃園,204.0,0,1000,9A9x,3035,2026-05-12
永豐竹科,197.5,1020,1000,9A9X,3035,2026-05-12
永豐竹科,196.5,1000,0,9A9X,3035,2026-05-12
永豐竹科,195.5,0,5000,9A9X,3035,2026-05-12
永豐竹科,194.5,4000,176,9A9X,3035,2026-05-12
永豐竹科,193.5,2000,0,9A9X,3035,2026-05-12
永豐竹科,192.5,0,100,9A9X,3035,2026-05-12
永豐竹科,199.5,1000,2000,9A9X,3035,2026-05-12
永豐竹科,191.5,8000,0,9A9X,3035,2026-05-12
永豐竹科,189.0,100,0,9A9X,3035,2026-05-12
永豐桃園,210.0,3000,1000,9A9x,3035,2026-05-12
永豐桃園,209.0,0,2000,9A9x,3035,2026-05-12
永豐桃園,208.0,100,2000,9A9x,3035,2026-05-12
永豐桃園,206.0,3000,1000,9A9x,3035,2026-05-12
永豐桃園,205.0,0,1000,9A9x,3035,2026-05-12
永豐竹科,190.0,1051,6000,9A9X,3035,2026-05-12
台新證券,200.5,2000,7120,9B00,3035,2026-05-12
台新證券,201.5,2100,3050,9B00,3035,2026-05-12
台新證券,202.5,3100,2039,9B00,3035,2026-05-12
台新松江,190.0,300,0,9B15,3035,2026-05-12
台新松江,193.0,160,0,9B15,3035,2026-05-12
台新松江,194.0,2000,1000,9B15,3035,2026-05-12
台新松江,195.0,100,23100,9B15,3035,2026-05-12
台新松江,196.0,1000,1000,9B15,3035,2026-05-12
台新松江,197.0,0,1000,9B15,3035,2026-05-12
台新松江,200.0,0,1000,9B15,3035,2026-05-12
台新松江,201.0,1000,0,9B15,3035,2026-05-12
台新松江,202.5,0,1000,9B15,3035,2026-05-12
台新松江,206.0,1000,0,9B15,3035,2026-05-12
台新台南,188.0,1000,0,9B16,3035,2026-05-12
台新台南,189.0,5000,3000,9B16,3035,2026-05-12
台新台南,190.0,2000,0,9B16,3035,2026-05-12
台新台南,192.0,4000,4000,9B16,3035,2026-05-12
台新台南,193.0,5000,6000,9B16,3035,2026-05-12
台新台南,194.0,7000,3000,9B16,3035,2026-05-12
台新台南,195.0,6000,1000,9B16,3035,2026-05-12
台新建北,193.0,3000,3000,9B18,3035,2026-05-12
台新建北,192.0,250,10000,9B18,3035,2026-05-12
台新建北,191.0,1000,16000,9B18,3035,2026-05-12
台新建北,190.0,1020,15050,9B18,3035,2026-05-12
台新建北,189.0,4020,0,9B18,3035,2026-05-12
台新台南,210.0,1000,50,9B16,3035,2026-05-12
台新松江,188.5,0,1000,9B15,3035,2026-05-12
台新台南,207.5,100,1000,9B16,3035,2026-05-12
台新台南,205.0,0,1000,9B16,3035,2026-05-12
台新台南,202.5,1000,0,9B16,3035,2026-05-12
台新台南,201.5,1000,0,9B16,3035,2026-05-12
台新台南,200.5,6500,1000,9B16,3035,2026-05-12
台新台南,198.5,1000,3000,9B16,3035,2026-05-12
台新台南,197.5,3500,0,9B16,3035,2026-05-12
台新台南,206.0,1000,0,9B16,3035,2026-05-12
台新三民,208.5,0,2000,9B13,3035,2026-05-12
台新三民,207.5,1000,0,9B13,3035,2026-05-12
台新三民,206.0,2000,0,9B13,3035,2026-05-12
台新新營,197.5,1050,0,9B11,3035,2026-05-12
台新新營,196.5,4000,10000,9B11,3035,2026-05-12
台新新營,195.0,1000,0,9B11,3035,2026-05-12
台新新營,193.5,1100,1000,9B11,3035,2026-05-12
台新新營,192.0,1000,4000,9B11,3035,2026-05-12
台新新營,190.0,0,1000,9B11,3035,2026-05-12
台新新營,199.0,1030,100,9B11,3035,2026-05-12
台新新營,188.5,10015,0,9B11,3035,2026-05-12
台新證券,209.0,1135,7000,9B00,3035,2026-05-12
台新證券,208.0,6505,1300,9B00,3035,2026-05-12
台新證券,207.0,1200,2000,9B00,3035,2026-05-12
台新證券,206.0,4210,1000,9B00,3035,2026-05-12
台新證券,204.5,10,3200,9B00,3035,2026-05-12
台新證券,203.5,10,2000,9B00,3035,2026-05-12
台新證券,210.0,5600,1050,9B00,3035,2026-05-12
永豐市政,209.0,300,1285,9A9W,3035,2026-05-12
台新新營,200.0,0,5005,9B11,3035,2026-05-12
台新新營,202.0,0,1000,9B11,3035,2026-05-12
台新三民,201.5,0,1000,9B13,3035,2026-05-12
台新三民,200.5,1000,1000,9B13,3035,2026-05-12
台新三民,198.5,0,1000,9B13,3035,2026-05-12
台新三民,197.5,0,1000,9B13,3035,2026-05-12
台新三民,196.5,0,3000,9B13,3035,2026-05-12
台新三民,195.0,2003,0,9B13,3035,2026-05-12
台新新營,201.0,0,70,9B11,3035,2026-05-12
台新三民,194.0,1030,4000,9B13,3035,2026-05-12
台新三民,192.0,80,0,9B13,3035,2026-05-12
台新三民,190.5,20,0,9B13,3035,2026-05-12
台新三民,188.5,3000,0,9B13,3035,2026-05-12
台新新營,209.5,100,20,9B11,3035,2026-05-12
台新新營,208.5,1000,0,9B11,3035,2026-05-12
台新新營,204.5,0,200,9B11,3035,2026-05-12
台新三民,193.0,1000,0,9B13,3035,2026-05-12
永豐新竹,203.5,1000,0,9A97,3035,2026-05-12
永豐市政,208.0,2020,1000,9A9W,3035,2026-05-12
永豐市政,204.5,1000,0,9A9W,3035,2026-05-12
永豐竹北,209.0,0,1000,9A9P,3035,2026-05-12
永豐潮州,192.0,2000,0,9A9q,3035,2026-05-12
永豐潮州,194.5,1000,0,9A9q,3035,2026-05-12
永豐潮州,196.5,1000,0,9A9q,3035,2026-05-12
永豐潮州,200.0,1000,0,9A9q,3035,2026-05-12
永豐潮州,202.0,0,1000,9A9q,3035,2026-05-12
永豐潮州,204.0,1000,0,9A9q,3035,2026-05-12
永豐潮州,207.0,30,0,9A9q,3035,2026-05-12
永豐潮州,209.0,20,0,9A9q,3035,2026-05-12
永豐豐原,187.5,100,0,9A9Q,3035,2026-05-12
永豐豐原,188.5,100,0,9A9Q,3035,2026-05-12
永豐豐原,189.5,100,0,9A9Q,3035,2026-05-12
永豐豐原,190.5,200,0,9A9Q,3035,2026-05-12
永豐豐原,192.0,100,0,9A9Q,3035,2026-05-12
永豐豐原,193.5,1000,0,9A9Q,3035,2026-05-12
永豐豐原,194.5,3500,10,9A9Q,3035,2026-05-12
永豐豐原,195.5,2000,1000,9A9Q,3035,2026-05-12
永豐北高,197.5,0,1000,9A9r,3035,2026-05-12
永豐北高,196.0,0,5,9A9r,3035,2026-05-12
永豐北高,195.0,50,100,9A9r,3035,2026-05-12
永豐北高,194.0,0,2005,9A9r,3035,2026-05-12
永豐北高,193.0,10,0,9A9r,3035,2026-05-12
永豐北高,190.5,1000,0,9A9r,3035,2026-05-12
永豐竹北,204.0,1000,0,9A9P,3035,2026-05-12
永豐北高,189.5,1050,0,9A9r,3035,2026-05-12
永豐豐原,209.5,20,0,9A9Q,3035,2026-05-12
永豐豐原,204.5,0,3000,9A9Q,3035,2026-05-12
永豐豐原,203.5,0,1000,9A9Q,3035,2026-05-12
永豐豐原,200.5,0,3,9A9Q,3035,2026-05-12
永豐豐原,198.5,1000,0,9A9Q,3035,2026-05-12
永豐豐原,196.5,100,0,9A9Q,3035,2026-05-12
永豐北高,188.5,3,0,9A9r,3035,2026-05-12
永豐北高,200.5,0,1000,9A9r,3035,2026-05-12
永豐竹北,202.0,10000,100,9A9P,3035,2026-05-12
永豐竹北,199.5,3000,0,9A9P,3035,2026-05-12
永豐南投,190.5,0,1000,9A9M,3035,2026-05-12
永豐南投,194.0,1000,0,9A9M,3035,2026-05-12
永豐南投,197.0,2000,0,9A9M,3035,2026-05-12
永豐南投,199.0,0,1000,9A9M,3035,2026-05-12
永豐南投,201.0,0,1000,9A9M,3035,2026-05-12
永豐南投,203.5,0,2000,9A9M,3035,2026-05-12
永豐南投,208.0,10,0,9A9M,3035,2026-05-12
永豐南投,209.0,5,0,9A9M,3035,2026-05-12
永豐桃盛,189.5,1258,2000,9A9N,3035,2026-05-12
永豐桃盛,192.0,0,5000,9A9N,3035,2026-05-12
永豐桃盛,193.0,150,2000,9A9N,3035,2026-05-12
永豐桃盛,194.5,12000,0,9A9N,3035,2026-05-12
永豐桃盛,195.5,1000,0,9A9N,3035,2026-05-12
永豐桃盛,197.5,1000,1000,9A9N,3035,2026-05-12
永豐桃盛,199.0,1000,0,9A9N,3035,2026-05-12
永豐桃盛,201.0,100,0,9A9N,3035,2026-05-12
永豐桃盛,202.0,0,1000,9A9N,3035,2026-05-12
永豐竹北,198.5,3000,1000,9A9P,3035,2026-05-12
永豐竹北,197.0,2000,0,9A9P,3035,2026-05-12
永豐竹北,195.0,1000,0,9A9P,3035,2026-05-12
永豐竹北,194.0,2000,0,9A9P,3035,2026-05-12
永豐竹北,193.0,2000,1000,9A9P,3035,2026-05-12
永豐竹北,192.0,0,1000,9A9P,3035,2026-05-12
永豐竹北,200.5,2000,0,9A9P,3035,2026-05-12
永豐竹北,190.0,1000,3000,9A9P,3035,2026-05-12
永豐竹北,187.5,1000,0,9A9P,3035,2026-05-12
永豐桃盛,210.0,0,1,9A9N,3035,2026-05-12
永豐桃盛,208.5,100,0,9A9N,3035,2026-05-12
永豐桃盛,206.5,1000,0,9A9N,3035,2026-05-12
永豐桃盛,204.5,1000,0,9A9N,3035,2026-05-12
永豐桃盛,203.5,1000,0,9A9N,3035,2026-05-12
永豐竹北,188.5,1000,0,9A9P,3035,2026-05-12
永豐北高,202.0,0,1000,9A9r,3035,2026-05-12
永豐北高,205.0,1000,0,9A9r,3035,2026-05-12
永豐北高,209.0,2,0,9A9r,3035,2026-05-12
永豐中正,189.5,2,1000,9A9U,3035,2026-05-12
永豐中正,191.0,3100,0,9A9U,3035,2026-05-12
永豐中正,192.0,1300,0,9A9U,3035,2026-05-12
永豐中正,193.0,2125,0,9A9U,3035,2026-05-12
永豐中正,194.0,2000,2200,9A9U,3035,2026-05-12
永豐中正,195.0,2000,1000,9A9U,3035,2026-05-12
永豐中正,197.0,1100,0,9A9U,3035,2026-05-12
永豐中正,198.0,50,0,9A9U,3035,2026-05-12
永豐中正,199.0,10,1100,9A9U,3035,2026-05-12
永豐中正,200.5,1000,0,9A9U,3035,2026-05-12
永豐中正,201.5,200,500,9A9U,3035,2026-05-12
永豐中正,207.0,1000,0,9A9U,3035,2026-05-12
永豐中正,208.5,0,2000,9A9U,3035,2026-05-12
永豐中正,209.5,100,550,9A9U,3035,2026-05-12
永豐市政,187.5,100,0,9A9W,3035,2026-05-12
永豐市政,188.5,10100,0,9A9W,3035,2026-05-12
永豐市政,189.5,2360,130,9A9W,3035,2026-05-12
永豐市政,203.5,0,250,9A9W,3035,2026-05-12
永豐市政,202.5,0,2000,9A9W,3035,2026-05-12
永豐市政,201.5,1500,1000,9A9W,3035,2026-05-12
永豐市政,200.5,7100,8050,9A9W,3035,2026-05-12
永豐市政,199.5,5000,0,9A9W,3035,2026-05-12
永豐市政,198.5,1200,6100,9A9W,3035,2026-05-12
永豐中正,188.5,54,0,9A9U,3035,2026-05-12
永豐市政,197.5,2000,2000,9A9W,3035,2026-05-12
永豐市政,195.5,2100,28,9A9W,3035,2026-05-12
永豐市政,194.5,2111,2000,9A9W,3035,2026-05-12
永豐市政,193.5,2401,3300,9A9W,3035,2026-05-12
永豐市政,192.5,44,6120,9A9W,3035,2026-05-12
永豐市政,191.5,1100,1000,9A9W,3035,2026-05-12
永豐市政,190.5,4200,0,9A9W,3035,2026-05-12
永豐市政,196.5,1015,0,9A9W,3035,2026-05-12
永豐南京,210.0,0,1005,9A9S,3035,2026-05-12
永豐南京,209.0,2000,0,9A9S,3035,2026-05-12
永豐南京,207.5,10,0,9A9S,3035,2026-05-12
永豐彰化,194.5,3000,0,9A9s,3035,2026-05-12
永豐彰化,193.0,0,1000,9A9s,3035,2026-05-12
永豐彰化,191.5,0,1000,9A9s,3035,2026-05-12
永豐彰化,190.0,1000,0,9A9s,3035,2026-05-12
永豐彰化,189.0,6500,0,9A9s,3035,2026-05-12
永豐信義,205.0,0,2000,9A9R,3035,2026-05-12
永豐彰化,197.0,1000,6000,9A9s,3035,2026-05-12
永豐信義,202.0,0,1000,9A9R,3035,2026-05-12
永豐信義,194.5,1000,1000,9A9R,3035,2026-05-12
永豐信義,193.5,4000,0,9A9R,3035,2026-05-12
永豐信義,192.5,1000,1000,9A9R,3035,2026-05-12
永豐信義,191.5,1000,0,9A9R,3035,2026-05-12
永豐信義,189.5,0,2000,9A9R,3035,2026-05-12
永豐信義,188.5,1000,0,9A9R,3035,2026-05-12
永豐信義,197.5,0,1000,9A9R,3035,2026-05-12
永豐市政,206.5,2000,0,9A9W,3035,2026-05-12
永豐彰化,199.5,0,8000,9A9s,3035,2026-05-12
永豐彰化,203.0,50,0,9A9s,3035,2026-05-12
永豐南京,201.0,1000,1000,9A9S,3035,2026-05-12
永豐南京,200.0,4000,5000,9A9S,3035,2026-05-12
永豐南京,199.0,7000,5000,9A9S,3035,2026-05-12
永豐南京,198.0,1000,0,9A9S,3035,2026-05-12
永豐南京,196.0,0,1000,9A9S,3035,2026-05-12
永豐南京,194.0,1100,1005,9A9S,3035,2026-05-12
永豐彰化,201.0,1000,1000,9A9s,3035,2026-05-12
永豐南京,193.0,2000,0,9A9S,3035,2026-05-12
永豐南京,190.0,1050,0,9A9S,3035,2026-05-12
永豐南京,189.0,102,0,9A9S,3035,2026-05-12
永豐南京,187.0,0,2000,9A9S,3035,2026-05-12
永豐彰化,209.0,0,10,9A9s,3035,2026-05-12
永豐彰化,208.0,0,40,9A9s,3035,2026-05-12
永豐彰化,205.0,0,10,9A9s,3035,2026-05-12
永豐南京,192.0,3050,4000,9A9S,3035,2026-05-12
台新安南,209.5,3,0,9B2Z,3035,2026-05-12
元大鳳山,190.5,50,0,983Z,3035,2026-05-12
元大鳳山,188.0,2000,0,983Z,3035,2026-05-12
富邦南港,207.5,0,10,962A,3035,2026-05-12
富邦南港,208.5,0,10,962A,3035,2026-05-12
富邦南港,209.5,1000,210,962A,3035,2026-05-12
富邦南港,210.5,0,10,962A,3035,2026-05-12
富邦二林,190.0,1000,0,962B,3035,2026-05-12
富邦二林,191.0,1000,0,962B,3035,2026-05-12
富邦二林,194.0,0,4000,962B,3035,2026-05-12
富邦二林,195.5,2000,2000,962B,3035,2026-05-12
富邦二林,200.5,1000,0,962B,3035,2026-05-12
富邦二林,201.5,0,1000,962B,3035,2026-05-12
富邦二林,203.5,0,6,962B,3035,2026-05-12
富邦二林,209.5,0,1000,962B,3035,2026-05-12
富邦竹科,188.5,12000,0,962C,3035,2026-05-12
富邦竹科,189.5,4000,50,962C,3035,2026-05-12
富邦竹科,191.0,1000,0,962C,3035,2026-05-12
富邦竹科,192.0,0,6000,962C,3035,2026-05-12
富邦竹科,193.0,5090,2000,962C,3035,2026-05-12
富邦新莊,192.0,0,1000,962D,3035,2026-05-12
富邦新莊,190.0,200,0,962D,3035,2026-05-12
富邦竹科,209.5,0,40,962C,3035,2026-05-12
富邦竹科,208.5,4000,1000,962C,3035,2026-05-12
富邦竹科,204.5,0,2000,962C,3035,2026-05-12
富邦竹科,203.0,0,2000,962C,3035,2026-05-12
富邦南港,206.5,0,10,962A,3035,2026-05-12
富邦竹科,202.0,0,1000,962C,3035,2026-05-12
富邦竹科,200.0,1000,4013,962C,3035,2026-05-12
富邦竹科,199.0,1000,210,962C,3035,2026-05-12
富邦竹科,198.0,2000,0,962C,3035,2026-05-12
富邦竹科,196.0,0,1000,962C,3035,2026-05-12
富邦竹科,195.0,4050,0,962C,3035,2026-05-12
富邦竹科,194.0,4000,4000,962C,3035,2026-05-12
富邦竹科,201.0,2000,7020,962C,3035,2026-05-12
富邦新莊,193.0,5,2000,962D,3035,2026-05-12
富邦南港,205.5,0,10,962A,3035,2026-05-12
富邦南港,203.5,0,1010,962A,3035,2026-05-12
富邦竹東,210.0,0,50,9625,3035,2026-05-12
富邦內湖,188.0,50,0,9627,3035,2026-05-12
富邦內湖,189.0,1000,0,9627,3035,2026-05-12
富邦內湖,191.5,1100,0,9627,3035,2026-05-12
富邦內湖,192.5,3000,1003,9627,3035,2026-05-12
富邦內湖,193.5,3000,3000,9627,3035,2026-05-12
富邦內湖,194.5,2000,1000,9627,3035,2026-05-12
富邦內湖,195.5,10000,0,9627,3035,2026-05-12
富邦內湖,197.0,0,1000,9627,3035,2026-05-12
富邦內湖,198.0,1000,11000,9627,3035,2026-05-12
富邦內湖,199.0,2000,0,9627,3035,2026-05-12
富邦內湖,200.0,1,1000,9627,3035,2026-05-12
富邦內湖,201.0,0,2200,9627,3035,2026-05-12
富邦內湖,203.0,0,1000,9627,3035,2026-05-12
富邦內湖,204.0,2000,0,9627,3035,2026-05-12
富邦內湖,205.0,3000,5000,9627,3035,2026-05-12
富邦內湖,208.5,0,1000,9627,3035,2026-05-12
富邦南港,202.5,1000,2010,962A,3035,2026-05-12
富邦南港,201.5,0,2010,962A,3035,2026-05-12
富邦南港,200.5,0,10,962A,3035,2026-05-12
富邦南港,199.5,50,4020,962A,3035,2026-05-12
富邦南港,198.0,0,10,962A,3035,2026-05-12
富邦南港,197.0,0,10,962A,3035,2026-05-12
富邦南港,204.5,0,1010,962A,3035,2026-05-12
富邦南港,196.0,0,20,962A,3035,2026-05-12
富邦南港,194.0,2000,0,962A,3035,2026-05-12
富邦南港,191.5,0,1000,962A,3035,2026-05-12
富邦南港,190.5,10,0,962A,3035,2026-05-12
富邦南港,189.5,107,0,962A,3035,2026-05-12
富邦南港,188.5,10,0,962A,3035,2026-05-12
富邦內湖,210.0,25,0,9627,3035,2026-05-12
富邦南港,195.0,50,10,962A,3035,2026-05-12
富邦竹東,209.0,1000,0,9625,3035,2026-05-12
富邦新莊,195.5,1000,0,962D,3035,2026-05-12
富邦新莊,201.0,0,2000,962D,3035,2026-05-12
富邦頭份,191.5,0,1000,962P,3035,2026-05-12
富邦頭份,192.5,1000,0,962P,3035,2026-05-12
富邦頭份,193.5,1000,2000,962P,3035,2026-05-12
富邦頭份,194.5,0,22000,962P,3035,2026-05-12
富邦頭份,196.0,1000,0,962P,3035,2026-05-12
富邦頭份,197.5,2000,0,962P,3035,2026-05-12
富邦頭份,198.5,1000,0,962P,3035,2026-05-12
富邦頭份,199.5,1000,1000,962P,3035,2026-05-12
富邦頭份,201.0,8000,4000,962P,3035,2026-05-12
富邦頭份,202.0,0,3000,962P,3035,2026-05-12
富邦頭份,204.0,0,1000,962P,3035,2026-05-12
富邦頭份,206.0,0,1000,962P,3035,2026-05-12
富邦頭份,207.0,0,1000,962P,3035,2026-05-12
富邦頭份,208.5,0,1000,962P,3035,2026-05-12
富邦頭份,209.5,2000,1000,962P,3035,2026-05-12
富邦北高,190.0,0,2000,962Q,3035,2026-05-12
富邦北高,192.5,1000,0,962Q,3035,2026-05-12
富邦羅東,197.0,50,0,9634,3035,2026-05-12
富邦羅東,196.0,2000,0,9634,3035,2026-05-12
富邦羅東,194.0,0,3000,9634,3035,2026-05-12
富邦羅東,193.0,2000,0,9634,3035,2026-05-12
富邦羅東,192.0,2000,0,9634,3035,2026-05-12
富邦羅東,191.0,3000,1000,9634,3035,2026-05-12
富邦頭份,189.5,220,0,962P,3035,2026-05-12
富邦羅東,189.5,1000,0,9634,3035,2026-05-12
富邦北高,208.0,0,1000,962Q,3035,2026-05-12
富邦北高,202.5,0,2000,962Q,3035,2026-05-12
富邦北高,200.5,1000,0,962Q,3035,2026-05-12
富邦北高,198.5,1000,500,962Q,3035,2026-05-12
富邦北高,197.5,1000,0,962Q,3035,2026-05-12
富邦北高,194.0,2005,0,962Q,3035,2026-05-12
富邦羅東,188.5,1000,110,9634,3035,2026-05-12
富邦新莊,197.5,1100,0,962D,3035,2026-05-12
富邦頭份,188.5,1000,0,962P,3035,2026-05-12
富邦三峽,208.0,0,1,962J,3035,2026-05-12
富邦新莊,202.0,0,1000,962D,3035,2026-05-12
富邦新莊,203.5,0,100,962D,3035,2026-05-12
富邦新莊,209.5,1000,0,962D,3035,2026-05-12
富邦樹林,189.0,0,5000,962E,3035,2026-05-12
富邦樹林,190.0,3050,0,962E,3035,2026-05-12
富邦樹林,192.0,10,0,962E,3035,2026-05-12
富邦樹林,193.5,2000,0,962E,3035,2026-05-12
富邦樹林,194.5,5030,0,962E,3035,2026-05-12
富邦樹林,195.5,0,15,962E,3035,2026-05-12
富邦樹林,198.5,50,0,962E,3035,2026-05-12
富邦樹林,200.5,11000,0,962E,3035,2026-05-12
富邦樹林,201.5,0,1000,962E,3035,2026-05-12
富邦樹林,205.0,0,1000,962E,3035,2026-05-12
富邦樹林,210.0,1000,0,962E,3035,2026-05-12
富邦斗六,190.5,1000,0,962G,3035,2026-05-12
富邦斗六,192.0,0,20000,962G,3035,2026-05-12
富邦斗六,194.5,1000,0,962G,3035,2026-05-12
富邦三峽,207.0,1000,0,962J,3035,2026-05-12
富邦三峽,203.0,0,2,962J,3035,2026-05-12
富邦三峽,201.0,0,7000,962J,3035,2026-05-12
富邦三峽,196.0,1000,1000,962J,3035,2026-05-12
富邦三峽,195.0,0,2200,962J,3035,2026-05-12
富邦三峽,194.0,0,100,962J,3035,2026-05-12
富邦頭份,187.0,1000,1000,962P,3035,2026-05-12
富邦三峽,191.0,1000,0,962J,3035,2026-05-12
富邦三峽,189.0,2000,0,962J,3035,2026-05-12
富邦斗六,210.0,0,6,962G,3035,2026-05-12
富邦斗六,208.5,1000,1000,962G,3035,2026-05-12
富邦斗六,206.5,4000,0,962G,3035,2026-05-12
富邦斗六,199.0,200,0,962G,3035,2026-05-12
富邦斗六,195.5,0,10,962G,3035,2026-05-12
富邦三峽,190.0,1000,0,962J,3035,2026-05-12
富邦竹東,207.0,5000,0,9625,3035,2026-05-12
富邦竹東,203.5,0,2000,9625,3035,2026-05-12
富邦竹東,200.5,3000,0,9625,3035,2026-05-12
富邦和美,202.5,1100,2000,961P,3035,2026-05-12
富邦和美,207.0,0,1000,961P,3035,2026-05-12
富邦和美,208.5,150,1000,961P,3035,2026-05-12
富邦和美,209.5,100,0,961P,3035,2026-05-12
富邦南員,187.5,0,2000,961R,3035,2026-05-12
富邦南員,188.5,3000,0,961R,3035,2026-05-12
富邦南員,189.5,200,10500,961R,3035,2026-05-12
富邦南員,190.5,1000,0,961R,3035,2026-05-12
富邦南員,192.0,100,4000,961R,3035,2026-05-12
富邦南員,193.5,3100,1000,961R,3035,2026-05-12
富邦南員,194.5,1200,0,961R,3035,2026-05-12
富邦南員,196.0,2000,1000,961R,3035,2026-05-12
富邦南員,197.0,2100,0,961R,3035,2026-05-12
富邦南員,199.0,1000,2000,961R,3035,2026-05-12
富邦南員,200.0,100,0,961R,3035,2026-05-12
富邦南員,201.0,1000,0,961R,3035,2026-05-12
富邦南員,205.0,100,0,961R,3035,2026-05-12
富邦永康,188.5,1000,0,961Z,3035,2026-05-12
富邦屏東,207.0,0,1000,961Y,3035,2026-05-12
富邦屏東,204.5,0,1000,961Y,3035,2026-05-12
富邦屏東,203.5,1000,0,961Y,3035,2026-05-12
富邦屏東,202.0,1000,0,961Y,3035,2026-05-12
富邦屏東,201.0,100,0,961Y,3035,2026-05-12
富邦和美,201.5,0,200,961P,3035,2026-05-12
富邦屏東,200.0,100,2000,961Y,3035,2026-05-12
富邦屏東,195.0,100,0,961Y,3035,2026-05-12
富邦屏東,193.0,1000,0,961Y,3035,2026-05-12
富邦屏東,189.0,0,19000,961Y,3035,2026-05-12
富邦屏東,188.0,192,0,961Y,3035,2026-05-12
富邦南員,209.0,0,1000,961R,3035,2026-05-12
富邦南員,207.0,0,1000,961R,3035,2026-05-12
富邦屏東,198.0,25,2000,961Y,3035,2026-05-12
富邦永康,189.5,5,200,961Z,3035,2026-05-12
富邦和美,200.5,2000,0,961P,3035,2026-05-12
富邦和美,198.0,0,12,961P,3035,2026-05-12
富邦七賢,210.0,15,0,961K,3035,2026-05-12
富邦木柵,188.5,0,4000,961M,3035,2026-05-12
富邦木柵,189.5,1050,0,961M,3035,2026-05-12
富邦木柵,192.5,0,1000,961M,3035,2026-05-12
富邦木柵,194.0,1150,3000,961M,3035,2026-05-12
富邦木柵,195.0,1000,0,961M,3035,2026-05-12
富邦木柵,198.5,2000,0,961M,3035,2026-05-12
富邦木柵,200.0,2000,0,961M,3035,2026-05-12
富邦木柵,201.5,0,1000,961M,3035,2026-05-12
富邦木柵,202.5,4000,1000,961M,3035,2026-05-12
富邦木柵,205.0,0,100,961M,3035,2026-05-12
富邦木柵,208.5,5000,0,961M,3035,2026-05-12
富邦木柵,210.0,0,1000,961M,3035,2026-05-12
富邦青埔,189.0,2000,12400,961N,3035,2026-05-12
富邦青埔,191.0,3000,0,961N,3035,2026-05-12
富邦青埔,192.0,20,0,961N,3035,2026-05-12
富邦青埔,193.0,0,1000,961N,3035,2026-05-12
富邦和美,196.0,1000,5,961P,3035,2026-05-12
富邦和美,195.0,110,0,961P,3035,2026-05-12
富邦和美,193.0,2000,4000,961P,3035,2026-05-12
富邦和美,190.0,1110,0,961P,3035,2026-05-12
富邦和美,189.0,1000,2000,961P,3035,2026-05-12
富邦青埔,209.0,0,5000,961N,3035,2026-05-12
富邦和美,199.5,1026,0,961P,3035,2026-05-12
富邦青埔,208.0,0,1000,961N,3035,2026-05-12
富邦青埔,204.0,25,0,961N,3035,2026-05-12
富邦青埔,201.0,1000,3000,961N,3035,2026-05-12
富邦青埔,199.5,0,1000,961N,3035,2026-05-12
富邦青埔,197.0,3000,1000,961N,3035,2026-05-12
富邦青埔,195.0,0,1000,961N,3035,2026-05-12
富邦青埔,194.0,50,4000,961N,3035,2026-05-12
富邦青埔,206.5,1000,0,961N,3035,2026-05-12
富邦永康,191.0,1010,0,961Z,3035,2026-05-12
富邦永康,192.0,10,1000,961Z,3035,2026-05-12
富邦永康,193.5,1010,0,961Z,3035,2026-05-12
富邦台北,201.5,4000,3005,9623,3035,2026-05-12
富邦台北,202.5,100,5020,9623,3035,2026-05-12
富邦台北,203.5,0,2000,9623,3035,2026-05-12
富邦台北,205.0,0,40,9623,3035,2026-05-12
富邦台北,207.0,1000,1000,9623,3035,2026-05-12
富邦台北,208.0,4050,1050,9623,3035,2026-05-12
富邦台北,209.0,0,1010,9623,3035,2026-05-12
富邦台北,210.0,0,4106,9623,3035,2026-05-12
富邦竹北,188.5,5000,0,9624,3035,2026-05-12
富邦竹北,189.5,300,0,9624,3035,2026-05-12
富邦竹北,191.5,200,0,9624,3035,2026-05-12
富邦竹北,193.0,1239,1000,9624,3035,2026-05-12
富邦竹北,194.0,2031,50,9624,3035,2026-05-12
富邦竹北,195.0,2369,1100,9624,3035,2026-05-12
富邦竹北,197.0,2000,0,9624,3035,2026-05-12
富邦竹北,198.0,1060,2000,9624,3035,2026-05-12
富邦竹北,199.5,0,1000,9624,3035,2026-05-12
富邦竹東,197.5,1000,0,9625,3035,2026-05-12
富邦竹東,195.5,0,1000,9625,3035,2026-05-12
富邦竹東,193.5,2000,0,9625,3035,2026-05-12
富邦竹東,192.5,0,3000,9625,3035,2026-05-12
富邦竹東,191.5,0,1000,9625,3035,2026-05-12
富邦竹東,190.5,2000,0,9625,3035,2026-05-12
富邦台北,200.5,1000,50,9623,3035,2026-05-12
富邦竹東,189.5,1000,0,9625,3035,2026-05-12
富邦竹北,209.5,0,30,9624,3035,2026-05-12
富邦竹北,208.5,1000,1000,9624,3035,2026-05-12
富邦竹北,206.5,1000,0,9624,3035,2026-05-12
富邦竹北,204.0,1000,0,9624,3035,2026-05-12
富邦竹北,202.5,1000,1000,9624,3035,2026-05-12
富邦竹北,201.0,1000,0,9624,3035,2026-05-12
富邦竹東,188.5,1000,0,9625,3035,2026-05-12
富邦台北,199.5,5000,14000,9623,3035,2026-05-12
富邦台北,198.5,0,1000,9623,3035,2026-05-12
富邦台北,197.5,2022,1000,9623,3035,2026-05-12
富邦花蓮,194.0,2000,1000,9621,3035,2026-05-12
富邦花蓮,193.0,5,1000,9621,3035,2026-05-12
富邦花蓮,192.0,1000,0,9621,3035,2026-05-12
富邦花蓮,190.5,10000,0,9621,3035,2026-05-12
富邦花蓮,189.5,50,2000,9621,3035,2026-05-12
富邦花蓮,188.5,0,1000,9621,3035,2026-05-12
富邦花蓮,195.0,1100,0,9621,3035,2026-05-12
富邦永康,209.5,5,0,961Z,3035,2026-05-12
富邦永康,200.5,2000,0,961Z,3035,2026-05-12
富邦永康,199.5,0,1000,961Z,3035,2026-05-12
富邦永康,198.0,60,0,961Z,3035,2026-05-12
富邦永康,197.0,0,999,961Z,3035,2026-05-12
富邦永康,196.0,1000,5000,961Z,3035,2026-05-12
富邦永康,194.5,6010,0,961Z,3035,2026-05-12
富邦永康,208.0,100,0,961Z,3035,2026-05-12
富邦羅東,198.5,0,1000,9634,3035,2026-05-12
富邦花蓮,197.5,3000,1000,9621,3035,2026-05-12
富邦花蓮,200.5,11000,0,9621,3035,2026-05-12
富邦台北,196.5,12011,0,9623,3035,2026-05-12
富邦台北,195.5,2000,100,9623,3035,2026-05-12
富邦台北,194.5,6146,18000,9623,3035,2026-05-12
富邦台北,193.5,1077,1000,9623,3035,2026-05-12
富邦台北,192.5,5000,200,9623,3035,2026-05-12
富邦台北,191.5,1000,1000,9623,3035,2026-05-12
富邦花蓮,199.5,1000,0,9621,3035,2026-05-12
富邦台北,190.5,0,1000,9623,3035,2026-05-12
富邦台北,188.0,5000,0,9623,3035,2026-05-12
富邦花蓮,208.5,1000,0,9621,3035,2026-05-12
富邦花蓮,207.0,1000,0,9621,3035,2026-05-12
富邦花蓮,205.0,0,3000,9621,3035,2026-05-12
富邦花蓮,203.0,0,1000,9621,3035,2026-05-12
富邦花蓮,201.5,0,1000,9621,3035,2026-05-12
富邦台北,189.5,65,12000,9623,3035,2026-05-12
富邦七賢,208.5,1000,0,961K,3035,2026-05-12
富邦羅東,200.0,0,7000,9634,3035,2026-05-12
富邦羅東,203.0,0,1000,9634,3035,2026-05-12
富邦彰化,203.5,0,1000,965U,3035,2026-05-12
富邦彰化,208.5,1000,0,965U,3035,2026-05-12
富邦彰化,210.0,0,5000,965U,3035,2026-05-12
富邦新店,187.5,2000,0,9661,3035,2026-05-12
富邦新店,188.5,2010,0,9661,3035,2026-05-12
富邦新店,189.5,2010,0,9661,3035,2026-05-12
富邦新店,190.5,2000,0,9661,3035,2026-05-12
富邦新店,191.5,2000,6000,9661,3035,2026-05-12
富邦新店,192.5,1000,4000,9661,3035,2026-05-12
富邦新店,193.5,10000,3000,9661,3035,2026-05-12
富邦新店,194.5,6250,4000,9661,3035,2026-05-12
富邦新店,195.5,1051,0,9661,3035,2026-05-12
富邦新店,197.0,0,1000,9661,3035,2026-05-12
富邦新店,198.0,1000,3000,9661,3035,2026-05-12
富邦新店,199.0,1000,273000,9661,3035,2026-05-12
富邦新店,200.0,1100,4000,9661,3035,2026-05-12
富邦新店,201.0,1000,1000,9661,3035,2026-05-12
富邦敦南,195.0,11200,1000,9663,3035,2026-05-12
富邦敦南,194.0,2152,700,9663,3035,2026-05-12
富邦敦南,193.0,1000,0,9663,3035,2026-05-12
富邦敦南,192.0,2400,1000,9663,3035,2026-05-12
富邦敦南,191.0,3000,1000,9663,3035,2026-05-12
富邦敦南,190.0,2360,250,9663,3035,2026-05-12
富邦彰化,200.5,2000,0,965U,3035,2026-05-12
富邦敦南,189.0,3000,2000,9663,3035,2026-05-12
富邦新店,208.5,15,1000,9661,3035,2026-05-12
富邦新店,207.5,3000,0,9661,3035,2026-05-12
富邦新店,206.5,1000,0,9661,3035,2026-05-12
富邦新店,204.5,0,1000,9661,3035,2026-05-12
富邦新店,203.0,0,1000,9661,3035,2026-05-12
富邦新店,202.0,1000,0,9661,3035,2026-05-12
富邦新店,210.0,1,2500,9661,3035,2026-05-12
富邦敦南,196.0,2000,0,9663,3035,2026-05-12
富邦彰化,199.5,1100,0,965U,3035,2026-05-12
富邦彰化,196.0,1000,100,965U,3035,2026-05-12
富邦高雄,199.0,200,1000,9659,3035,2026-05-12
富邦高雄,200.0,0,3040,9659,3035,2026-05-12
富邦高雄,201.0,1000,0,9659,3035,2026-05-12
富邦高雄,202.0,0,3000,9659,3035,2026-05-12
富邦高雄,205.0,3000,0,9659,3035,2026-05-12
富邦高雄,208.0,100,1000,9659,3035,2026-05-12
富邦高雄,209.0,0,1000,9659,3035,2026-05-12
富邦高雄,210.5,0,1000,9659,3035,2026-05-12
富邦台中,189.0,2000,6000,965K,3035,2026-05-12
富邦台中,190.0,450,1000,965K,3035,2026-05-12
富邦台中,191.0,3270,0,965K,3035,2026-05-12
富邦台中,192.0,3090,1000,965K,3035,2026-05-12
富邦台中,193.0,2100,2000,965K,3035,2026-05-12
富邦台中,194.0,1050,0,965K,3035,2026-05-12
富邦台中,195.0,3110,0,965K,3035,2026-05-12
富邦台中,196.0,1000,0,965K,3035,2026-05-12
富邦台中,197.5,1000,1000,965K,3035,2026-05-12
富邦彰化,195.0,1300,0,965U,3035,2026-05-12
富邦彰化,193.0,6000,200,965U,3035,2026-05-12
富邦彰化,191.0,1000,0,965U,3035,2026-05-12
富邦彰化,189.0,500,0,965U,3035,2026-05-12
富邦彰化,187.5,100,0,965U,3035,2026-05-12
富邦台中,209.0,1000,0,965K,3035,2026-05-12
富邦彰化,198.0,1000,180,965U,3035,2026-05-12
富邦台中,208.0,100,1000,965K,3035,2026-05-12
富邦台中,205.0,0,2000,965K,3035,2026-05-12
富邦台中,204.0,0,4000,965K,3035,2026-05-12
富邦台中,202.5,0,1000,965K,3035,2026-05-12
富邦台中,201.0,6000,2002,965K,3035,2026-05-12
富邦台中,200.0,1000,0,965K,3035,2026-05-12
富邦台中,198.5,2366,0,965K,3035,2026-05-12
富邦台中,207.0,0,1000,965K,3035,2026-05-12
富邦高雄,197.5,100,0,9659,3035,2026-05-12
富邦敦南,198.0,1000,11000,9663,3035,2026-05-12
富邦敦南,200.5,3000,11600,9663,3035,2026-05-12
富邦南屯,205.0,0,2000,9666,3035,2026-05-12
富邦南屯,208.0,2400,1000,9666,3035,2026-05-12
富邦南屯,209.5,0,1000,9666,3035,2026-05-12
富邦台南,187.5,0,11000,9667,3035,2026-05-12
富邦台南,189.0,1000,100,9667,3035,2026-05-12
富邦台南,190.0,1,150,9667,3035,2026-05-12
富邦台南,191.0,0,1000,9667,3035,2026-05-12
富邦台南,192.0,5010,5,9667,3035,2026-05-12
富邦台南,193.0,2001,1,9667,3035,2026-05-12
富邦台南,194.0,3205,2000,9667,3035,2026-05-12
富邦台南,195.0,1026,1000,9667,3035,2026-05-12
富邦台南,196.0,1015,2006,9667,3035,2026-05-12
富邦台南,198.0,1000,1,9667,3035,2026-05-12
富邦台南,199.0,0,2000,9667,3035,2026-05-12
富邦台南,200.0,0,1000,9667,3035,2026-05-12
富邦台南,201.0,2000,1000,9667,3035,2026-05-12
富邦台南,203.0,1000,1001,9667,3035,2026-05-12
富邦左營,198.0,2000,1000,966F,3035,2026-05-12
富邦左營,196.5,100,0,966F,3035,2026-05-12
富邦左營,195.5,0,50,966F,3035,2026-05-12
富邦左營,194.5,4000,1000,966F,3035,2026-05-12
富邦左營,193.5,1100,0,966F,3035,2026-05-12
富邦左營,192.5,0,400,966F,3035,2026-05-12
富邦南屯,202.5,0,1000,9666,3035,2026-05-12
富邦左營,191.0,1000,0,966F,3035,2026-05-12
富邦左營,188.0,1100,0,966F,3035,2026-05-12
富邦台南,209.5,0,100,9667,3035,2026-05-12
富邦台南,208.5,1000,1300,9667,3035,2026-05-12
富邦台南,207.5,0,100,9667,3035,2026-05-12
富邦台南,206.5,2000,0,9667,3035,2026-05-12
富邦台南,205.0,0,1003,9667,3035,2026-05-12
富邦左營,189.5,1150,20,966F,3035,2026-05-12
富邦敦南,199.5,0,3000,9663,3035,2026-05-12
富邦南屯,201.5,0,1100,9666,3035,2026-05-12
富邦南屯,199.5,100,0,9666,3035,2026-05-12
富邦敦南,201.5,2000,0,9663,3035,2026-05-12
富邦敦南,206.5,1000,0,9663,3035,2026-05-12
富邦敦南,208.5,2100,0,9663,3035,2026-05-12
富邦敦南,210.0,30,800,9663,3035,2026-05-12
富邦桃園,187.5,0,10000,9665,3035,2026-05-12
富邦桃園,189.5,105,1012,9665,3035,2026-05-12
富邦桃園,190.5,1010,200,9665,3035,2026-05-12
富邦桃園,191.5,0,2000,9665,3035,2026-05-12
富邦桃園,192.5,0,2000,9665,3035,2026-05-12
富邦桃園,193.5,10000,1029,9665,3035,2026-05-12
富邦桃園,194.5,2000,4000,9665,3035,2026-05-12
富邦桃園,195.5,100,30000,9665,3035,2026-05-12
富邦桃園,196.5,10000,0,9665,3035,2026-05-12
富邦桃園,198.0,6000,0,9665,3035,2026-05-12
富邦桃園,200.5,3000,1000,9665,3035,2026-05-12
富邦桃園,202.5,2100,0,9665,3035,2026-05-12
富邦桃園,204.5,300,400,9665,3035,2026-05-12
富邦南屯,198.5,1000,1000,9666,3035,2026-05-12
富邦南屯,197.5,0,2000,9666,3035,2026-05-12
富邦南屯,195.5,1000,1000,9666,3035,2026-05-12
富邦南屯,194.5,1010,127,9666,3035,2026-05-12
富邦南屯,193.5,8000,0,9666,3035,2026-05-12
富邦南屯,192.5,1000,1051,9666,3035,2026-05-12
富邦南屯,200.5,1000,1000,9666,3035,2026-05-12
富邦南屯,191.5,2000,1000,9666,3035,2026-05-12
富邦南屯,189.5,30,130,9666,3035,2026-05-12
富邦南屯,188.5,5000,1000,9666,3035,2026-05-12
富邦南屯,187.5,1000,0,9666,3035,2026-05-12
富邦桃園,208.5,1000,1000,9665,3035,2026-05-12
富邦桃園,207.5,0,1000,9665,3035,2026-05-12
富邦桃園,206.0,1000,3000,9665,3035,2026-05-12
富邦南屯,190.5,50,50,9666,3035,2026-05-12
富邦高雄,195.5,100,0,9659,3035,2026-05-12
富邦高雄,194.0,1110,6000,9659,3035,2026-05-12
富邦高雄,193.0,3000,1000,9659,3035,2026-05-12
富邦八德,201.5,0,100,963A,3035,2026-05-12
富邦八德,202.5,100,0,963A,3035,2026-05-12
富邦八德,204.0,0,1000,963A,3035,2026-05-12
富邦八德,206.5,2000,1000,963A,3035,2026-05-12
富邦八德,210.0,0,1000,963A,3035,2026-05-12
富邦豐原,189.5,1000,1000,963L,3035,2026-05-12
富邦豐原,193.0,0,1000,963L,3035,2026-05-12
富邦豐原,195.5,0,1000,963L,3035,2026-05-12
富邦豐原,196.5,50,0,963L,3035,2026-05-12
富邦豐原,201.0,2000,0,963L,3035,2026-05-12
富邦豐原,202.5,100,0,963L,3035,2026-05-12
富邦豐原,209.0,0,180,963L,3035,2026-05-12
富邦新竹,187.0,1000,0,9647,3035,2026-05-12
富邦新竹,189.0,4050,2000,9647,3035,2026-05-12
富邦新竹,190.0,19000,0,9647,3035,2026-05-12
富邦新竹,191.0,1010,0,9647,3035,2026-05-12
富邦新竹,192.0,2027,2000,9647,3035,2026-05-12
富邦新竹,209.5,0,5,9647,3035,2026-05-12
富邦新竹,208.0,0,1000,9647,3035,2026-05-12
富邦新竹,204.5,0,2000,9647,3035,2026-05-12
富邦新竹,203.0,0,2020,9647,3035,2026-05-12
富邦新竹,202.0,0,22,9647,3035,2026-05-12
富邦新竹,201.0,1050,0,9647,3035,2026-05-12
富邦八德,199.0,1000,0,963A,3035,2026-05-12
富邦新竹,200.0,1000,2000,9647,3035,2026-05-12
富邦新竹,198.0,1000,5100,9647,3035,2026-05-12
富邦新竹,197.0,1100,0,9647,3035,2026-05-12
富邦新竹,196.0,3000,200,9647,3035,2026-05-12
富邦新竹,195.0,2003,3000,9647,3035,2026-05-12
富邦新竹,194.0,5000,4000,9647,3035,2026-05-12
富邦新竹,193.0,12050,5000,9647,3035,2026-05-12
富邦新竹,199.0,3100,1000,9647,3035,2026-05-12
富邦新竹,210.5,2000,11,9647,3035,2026-05-12
富邦八德,198.0,0,3000,963A,3035,2026-05-12
富邦八德,195.0,2000,0,963A,3035,2026-05-12
富邦羅東,204.0,300,1000,9634,3035,2026-05-12
富邦羅東,206.5,0,1000,9634,3035,2026-05-12
富邦羅東,208.5,8000,1000,9634,3035,2026-05-12
富邦羅東,209.5,0,450,9634,3035,2026-05-12
富邦中壢,187.5,5000,0,9636,3035,2026-05-12
富邦中壢,189.5,100,1100,9636,3035,2026-05-12
富邦中壢,190.5,1000,100,9636,3035,2026-05-12
富邦中壢,192.0,1000,1100,9636,3035,2026-05-12
富邦中壢,193.0,2000,0,9636,3035,2026-05-12
富邦中壢,194.0,5100,5486,9636,3035,2026-05-12
富邦中壢,195.0,2400,1000,9636,3035,2026-05-12
富邦中壢,196.0,1020,0,9636,3035,2026-05-12
富邦中壢,197.0,3000,0,9636,3035,2026-05-12
富邦中壢,198.0,1250,2000,9636,3035,2026-05-12
富邦中壢,199.0,1000,1000,9636,3035,2026-05-12
富邦中壢,200.0,1100,2000,9636,3035,2026-05-12
富邦中壢,201.0,3200,1100,9636,3035,2026-05-12
富邦八德,193.5,1000,1000,963A,3035,2026-05-12
富邦八德,192.5,10000,0,963A,3035,2026-05-12
富邦八德,191.0,10000,0,963A,3035,2026-05-12
富邦八德,189.5,0,5000,963A,3035,2026-05-12
富邦八德,188.5,1000,20000,963A,3035,2026-05-12
富邦中壢,210.0,1460,0,9636,3035,2026-05-12
富邦八德,196.0,1000,0,963A,3035,2026-05-12
富邦中壢,209.0,50,1000,9636,3035,2026-05-12
富邦中壢,207.0,0,100,9636,3035,2026-05-12
富邦中壢,206.0,0,100,9636,3035,2026-05-12
富邦中壢,205.0,100,0,9636,3035,2026-05-12
富邦中壢,204.0,1000,1000,9636,3035,2026-05-12
富邦中壢,203.0,2100,10100,9636,3035,2026-05-12
富邦中壢,202.0,5000,0,9636,3035,2026-05-12
富邦中壢,208.0,1025,200,9636,3035,2026-05-12
富邦永和,188.0,1000,2000,9654,3035,2026-05-12
富邦永和,189.0,4200,0,9654,3035,2026-05-12
富邦永和,190.0,40125,1000,9654,3035,2026-05-12
富邦板橋,205.0,1000,2000,9655,3035,2026-05-12
富邦板橋,206.5,1000,2000,9655,3035,2026-05-12
富邦板橋,208.0,0,1000,9655,3035,2026-05-12
富邦板橋,209.0,1001,2100,9655,3035,2026-05-12
富邦板橋,210.0,900,5005,9655,3035,2026-05-12
富邦苗栗,189.5,1000,0,9657,3035,2026-05-12
富邦苗栗,193.5,15,0,9657,3035,2026-05-12
富邦苗栗,195.5,0,1000,9657,3035,2026-05-12
富邦苗栗,196.5,5000,0,9657,3035,2026-05-12
富邦苗栗,204.0,1000,0,9657,3035,2026-05-12
富邦苗栗,208.5,2000,0,9657,3035,2026-05-12
富邦建國,188.5,1000,6000,9658,3035,2026-05-12
富邦建國,189.5,1010,1000,9658,3035,2026-05-12
富邦建國,191.0,1,0,9658,3035,2026-05-12
富邦建國,192.0,2000,8000,9658,3035,2026-05-12
富邦建國,193.0,4155,1200,9658,3035,2026-05-12
富邦建國,194.0,2010,0,9658,3035,2026-05-12
富邦高雄,191.5,0,5000,9659,3035,2026-05-12
富邦高雄,190.0,20,0,9659,3035,2026-05-12
富邦高雄,189.0,100,30000,9659,3035,2026-05-12
富邦建國,210.0,25,60,9658,3035,2026-05-12
富邦建國,209.0,35000,0,9658,3035,2026-05-12
富邦建國,208.0,1000,2101,9658,3035,2026-05-12
富邦板橋,204.0,50,3000,9655,3035,2026-05-12
富邦建國,203.0,0,2004,9658,3035,2026-05-12
富邦建國,201.0,3000,10,9658,3035,2026-05-12
富邦建國,200.0,2050,500,9658,3035,2026-05-12
富邦建國,199.0,2000,1000,9658,3035,2026-05-12
富邦建國,197.0,1000,0,9658,3035,2026-05-12
富邦建國,196.0,9000,1000,9658,3035,2026-05-12
富邦建國,195.0,4010,4500,9658,3035,2026-05-12
富邦建國,202.0,0,50,9658,3035,2026-05-12
富邦板橋,203.0,500,0,9655,3035,2026-05-12
富邦板橋,202.0,0,2000,9655,3035,2026-05-12
富邦板橋,201.0,0,1000,9655,3035,2026-05-12
富邦永和,204.5,0,7,9654,3035,2026-05-12
富邦永和,203.0,0,80,9654,3035,2026-05-12
富邦永和,202.0,2000,2015,9654,3035,2026-05-12
富邦永和,201.0,300,1000,9654,3035,2026-05-12
富邦永和,200.0,2000,1012,9654,3035,2026-05-12
富邦永和,199.0,0,2000,9654,3035,2026-05-12
富邦永和,206.0,1000,0,9654,3035,2026-05-12
富邦永和,198.0,4000,3100,9654,3035,2026-05-12
富邦永和,196.0,2000,1000,9654,3035,2026-05-12
富邦永和,195.0,3700,0,9654,3035,2026-05-12
富邦永和,194.0,2920,41000,9654,3035,2026-05-12
富邦永和,193.0,8200,90,9654,3035,2026-05-12
富邦永和,192.0,210,1200,9654,3035,2026-05-12
富邦永和,191.0,100,0,9654,3035,2026-05-12
富邦永和,197.0,1000,0,9654,3035,2026-05-12
富邦羅東,201.0,0,1000,9634,3035,2026-05-12
富邦永和,207.0,0,1000,9654,3035,2026-05-12
富邦永和,209.0,100,22,9654,3035,2026-05-12
富邦板橋,200.0,500,1000,9655,3035,2026-05-12
富邦板橋,198.5,1000,0,9655,3035,2026-05-12
富邦板橋,197.5,1350,6001,9655,3035,2026-05-12
富邦板橋,196.5,1000,0,9655,3035,2026-05-12
富邦板橋,195.5,2000,0,9655,3035,2026-05-12
富邦板橋,194.5,5336,500,9655,3035,2026-05-12
富邦永和,208.0,2000,3010,9654,3035,2026-05-12
富邦板橋,193.5,10150,20000,9655,3035,2026-05-12
富邦板橋,191.5,4000,0,9655,3035,2026-05-12
富邦板橋,190.5,60,11000,9655,3035,2026-05-12
富邦板橋,189.5,4503,0,9655,3035,2026-05-12
富邦板橋,188.5,4010,0,9655,3035,2026-05-12
富邦板橋,187.5,4000,0,9655,3035,2026-05-12
富邦永和,210.0,0,60,9654,3035,2026-05-12
富邦板橋,192.5,5030,3100,9655,3035,2026-05-12
富邦七賢,205.0,0,3000,961K,3035,2026-05-12
富邦七賢,203.5,0,70,961K,3035,2026-05-12
富邦七賢,201.5,50,1000,961K,3035,2026-05-12
華南鶯歌,194.5,1000,1500,9319,3035,2026-05-12
華南鶯歌,195.5,1000,1000,9319,3035,2026-05-12
華南鶯歌,196.5,0,2000,9319,3035,2026-05-12
華南鶯歌,197.5,1000,0,9319,3035,2026-05-12
華南鶯歌,198.5,10000,0,9319,3035,2026-05-12
華南鶯歌,200.0,4000,7000,9319,3035,2026-05-12
華南鶯歌,201.0,3000,0,9319,3035,2026-05-12
華南鶯歌,203.0,0,3000,9319,3035,2026-05-12
華南鶯歌,206.5,1000,0,9319,3035,2026-05-12
華南鶯歌,208.0,0,1000,9319,3035,2026-05-12
華南鶯歌,209.5,1000,1000,9319,3035,2026-05-12
華南基隆,190.0,4350,0,9322,3035,2026-05-12
華南基隆,191.0,0,1000,9322,3035,2026-05-12
華南基隆,192.5,6000,2000,9322,3035,2026-05-12
華南基隆,193.5,0,3000,9322,3035,2026-05-12
華南基隆,194.5,2000,1000,9322,3035,2026-05-12
華南基隆,195.5,0,20,9322,3035,2026-05-12
華南岡山,195.5,0,5,9324,3035,2026-05-12
華南岡山,194.0,0,1000,9324,3035,2026-05-12
華南岡山,193.0,1000,5000,9324,3035,2026-05-12
華南岡山,190.0,1200,2010,9324,3035,2026-05-12
華南岡山,189.0,1010,0,9324,3035,2026-05-12
華南小港,200.5,1000,0,9323,3035,2026-05-12
華南鶯歌,193.5,0,2000,9319,3035,2026-05-12
華南小港,197.0,0,1000,9323,3035,2026-05-12
華南小港,192.5,1000,0,9323,3035,2026-05-12
華南小港,190.0,0,320,9323,3035,2026-05-12
華南小港,188.0,1000,0,9323,3035,2026-05-12
華南基隆,207.0,0,2000,9322,3035,2026-05-12
華南基隆,201.0,0,5000,9322,3035,2026-05-12
華南基隆,196.5,1000,0,9322,3035,2026-05-12
華南小港,195.0,150,0,9323,3035,2026-05-12
華南岡山,197.5,0,1000,9324,3035,2026-05-12
華南鶯歌,192.5,0,1000,9319,3035,2026-05-12
華南鶯歌,189.0,2000,1000,9319,3035,2026-05-12
華南大甲,193.0,1000,0,9315,3035,2026-05-12
華南大甲,198.5,1000,0,9315,3035,2026-05-12
華南大甲,202.0,2000,0,9315,3035,2026-05-12
華南大甲,203.0,100,0,9315,3035,2026-05-12
華南淡水,188.0,1000,0,9316,3035,2026-05-12
華南淡水,189.0,0,1000,9316,3035,2026-05-12
華南淡水,190.0,0,2080,9316,3035,2026-05-12
華南淡水,191.5,1000,0,9316,3035,2026-05-12
華南淡水,193.0,3000,0,9316,3035,2026-05-12
華南淡水,194.0,1000,0,9316,3035,2026-05-12
華南淡水,196.0,1000,0,9316,3035,2026-05-12
華南淡水,197.0,3000,0,9316,3035,2026-05-12
華南淡水,199.5,0,100,9316,3035,2026-05-12
華南淡水,200.5,1000,0,9316,3035,2026-05-12
華南淡水,202.0,0,1000,9316,3035,2026-05-12
華南淡水,203.5,0,1000,9316,3035,2026-05-12
華南淡水,206.0,1000,0,9316,3035,2026-05-12
華南林口,210.0,0,1000,9317,3035,2026-05-12
華南林口,208.5,1000,1000,9317,3035,2026-05-12
華南林口,201.0,0,1000,9317,3035,2026-05-12
華南林口,200.0,1000,1000,9317,3035,2026-05-12
華南林口,198.5,10000,8000,9317,3035,2026-05-12
華南林口,197.0,0,1000,9317,3035,2026-05-12
華南鶯歌,190.0,6000,0,9319,3035,2026-05-12
華南林口,196.0,1100,2000,9317,3035,2026-05-12
華南林口,193.0,200,0,9317,3035,2026-05-12
華南林口,192.0,0,1000,9317,3035,2026-05-12
華南林口,191.0,1000,0,9317,3035,2026-05-12
華南林口,190.0,1000,0,9317,3035,2026-05-12
華南林口,188.5,2000,1000,9317,3035,2026-05-12
華南淡水,208.5,0,1000,9316,3035,2026-05-12
華南林口,194.5,7000,1017,9317,3035,2026-05-12
華南大甲,188.0,100,0,9315,3035,2026-05-12
華南岡山,200.5,1000,0,9324,3035,2026-05-12
華南岡山,203.5,1000,0,9324,3035,2026-05-12
華南斗六,203.0,100,0,9327,3035,2026-05-12
華南斗六,208.5,0,1000,9327,3035,2026-05-12
華南潮州,190.5,0,100,9328,3035,2026-05-12
華南潮州,193.5,30,0,9328,3035,2026-05-12
華南潮州,194.5,100,0,9328,3035,2026-05-12
華南潮州,197.0,500,0,9328,3035,2026-05-12
華南潮州,201.5,11000,0,9328,3035,2026-05-12
華南潮州,204.0,0,1000,9328,3035,2026-05-12
華南潮州,210.0,50,0,9328,3035,2026-05-12
華南朴子,189.0,2050,0,9329,3035,2026-05-12
華南朴子,190.0,0,20,9329,3035,2026-05-12
華南朴子,191.0,1000,0,9329,3035,2026-05-12
華南朴子,192.5,1000,0,9329,3035,2026-05-12
華南朴子,194.0,1000,1000,9329,3035,2026-05-12
華南朴子,195.0,320,10000,9329,3035,2026-05-12
華南朴子,196.0,0,2000,9329,3035,2026-05-12
華南朴子,197.0,2000,3000,9329,3035,2026-05-12
華南鳳山,197.5,1058,20000,9331,3035,2026-05-12
華南鳳山,196.0,42000,0,9331,3035,2026-05-12
華南鳳山,194.5,2000,1000,9331,3035,2026-05-12
華南鳳山,193.5,3000,4000,9331,3035,2026-05-12
華南鳳山,192.5,0,250,9331,3035,2026-05-12
華南鳳山,191.5,1000,5000,9331,3035,2026-05-12
華南斗六,201.0,2000,0,9327,3035,2026-05-12
華南鳳山,190.5,2000,1000,9331,3035,2026-05-12
華南鳳山,188.0,1200,0,9331,3035,2026-05-12
華南朴子,205.0,0,1000,9329,3035,2026-05-12
華南朴子,204.0,0,1000,9329,3035,2026-05-12
華南朴子,202.5,5000,0,9329,3035,2026-05-12
華南朴子,201.5,0,1000,9329,3035,2026-05-12
華南朴子,198.0,3000,0,9329,3035,2026-05-12
華南鳳山,189.5,1050,0,9331,3035,2026-05-12
華南岡山,202.5,50,0,9324,3035,2026-05-12
華南斗六,200.0,0,1000,9327,3035,2026-05-12
華南斗六,197.0,0,1000,9327,3035,2026-05-12
華南岡山,204.5,50,2002,9324,3035,2026-05-12
華南岡山,207.5,0,2,9324,3035,2026-05-12
華南岡山,208.5,0,353,9324,3035,2026-05-12
華南岡山,210.0,4000,250,9324,3035,2026-05-12
華南忠孝,192.5,1000,0,9325,3035,2026-05-12
華南忠孝,194.5,0,11000,9325,3035,2026-05-12
華南忠孝,199.0,1000,0,9325,3035,2026-05-12
華南忠孝,202.5,490,0,9325,3035,2026-05-12
華南南京,188.5,1000,1000,9326,3035,2026-05-12
華南南京,189.5,2050,0,9326,3035,2026-05-12
華南南京,190.5,1000,0,9326,3035,2026-05-12
華南南京,192.5,3000,28000,9326,3035,2026-05-12
華南南京,193.5,5300,3000,9326,3035,2026-05-12
華南南京,194.5,0,2000,9326,3035,2026-05-12
華南南京,195.5,2000,1000,9326,3035,2026-05-12
華南南京,196.5,1000,0,9326,3035,2026-05-12
華南南京,198.0,1100,0,9326,3035,2026-05-12
華南斗六,196.0,1000,0,9327,3035,2026-05-12
華南斗六,193.5,0,1060,9327,3035,2026-05-12
華南斗六,192.5,1000,0,9327,3035,2026-05-12
華南斗六,191.0,1000,0,9327,3035,2026-05-12
華南斗六,189.5,1000,0,9327,3035,2026-05-12
華南斗六,188.0,2010,0,9327,3035,2026-05-12
華南斗六,199.0,0,1076,9327,3035,2026-05-12
華南南京,209.5,0,1000,9326,3035,2026-05-12
華南南京,207.0,2000,0,9326,3035,2026-05-12
華南南京,204.0,1000,2000,9326,3035,2026-05-12
華南南京,203.0,100,0,9326,3035,2026-05-12
華南南京,201.5,50,0,9326,3035,2026-05-12
華南南京,200.0,0,1000,9326,3035,2026-05-12
華南南京,199.0,1000,5000,9326,3035,2026-05-12
華南南京,208.5,81000,0,9326,3035,2026-05-12
華南嘉義,208.5,1000,1000,9314,3035,2026-05-12
華南嘉義,195.0,80,0,9314,3035,2026-05-12
華南嘉義,194.0,0,2200,9314,3035,2026-05-12
華南台中,190.5,10,0,9302,3035,2026-05-12
華南台中,192.0,100,1018,9302,3035,2026-05-12
華南台中,193.0,2500,4200,9302,3035,2026-05-12
華南台中,194.0,4010,0,9302,3035,2026-05-12
華南台中,195.0,200,0,9302,3035,2026-05-12
華南台中,196.0,1300,0,9302,3035,2026-05-12
華南台中,197.0,4000,1000,9302,3035,2026-05-12
華南台中,198.0,1100,2000,9302,3035,2026-05-12
華南台中,199.0,1050,4000,9302,3035,2026-05-12
華南台中,200.0,100,3000,9302,3035,2026-05-12
華南台中,202.0,50,0,9302,3035,2026-05-12
華南台中,203.0,0,1900,9302,3035,2026-05-12
華南台中,204.0,0,1000,9302,3035,2026-05-12
華南台中,205.0,0,1009,9302,3035,2026-05-12
華南台中,206.5,0,1000,9302,3035,2026-05-12
華南台中,207.5,1000,1000,9302,3035,2026-05-12
華南台中,208.5,3000,6000,9302,3035,2026-05-12
華南高雄,204.5,4050,0,9303,3035,2026-05-12
華南高雄,203.5,0,1000,9303,3035,2026-05-12
華南高雄,202.5,0,50,9303,3035,2026-05-12
華南高雄,201.0,100,1000,9303,3035,2026-05-12
華南高雄,199.5,0,17,9303,3035,2026-05-12
華南高雄,198.0,0,1000,9303,3035,2026-05-12
華南台中,189.5,100,180,9302,3035,2026-05-12
華南高雄,197.0,58,0,9303,3035,2026-05-12
華南高雄,194.0,4100,0,9303,3035,2026-05-12
華南高雄,193.0,2050,0,9303,3035,2026-05-12
華南高雄,192.0,20,0,9303,3035,2026-05-12
華南高雄,189.0,3100,0,9303,3035,2026-05-12
華南高雄,188.0,2000,0,9303,3035,2026-05-12
華南台中,210.0,20,5100,9302,3035,2026-05-12
華南高雄,195.0,3000,0,9303,3035,2026-05-12
華南高雄,206.5,1000,10,9303,3035,2026-05-12
華南台中,188.5,1461,0,9302,3035,2026-05-12
華南永昌,209.0,20,0,9300,3035,2026-05-12
凱基頭份,188.0,1000,0,9296,3035,2026-05-12
凱基頭份,190.0,1050,0,9296,3035,2026-05-12
凱基頭份,193.0,0,1000,9296,3035,2026-05-12
凱基頭份,198.0,1000,0,9296,3035,2026-05-12
凱基頭份,209.5,0,50,9296,3035,2026-05-12
凱基文心,188.5,1000,0,9297,3035,2026-05-12
凱基文心,190.0,2000,1000,9297,3035,2026-05-12
凱基文心,192.5,0,2000,9297,3035,2026-05-12
凱基文心,194.0,0,300,9297,3035,2026-05-12
凱基文心,195.5,1000,0,9297,3035,2026-05-12
凱基文心,197.5,2000,0,9297,3035,2026-05-12
凱基文心,198.5,764,0,9297,3035,2026-05-12
凱基文心,200.0,0,1251,9297,3035,2026-05-12
華南永昌,188.0,0,1000,9300,3035,2026-05-12
華南永昌,189.5,13000,137,9300,3035,2026-05-12
華南永昌,190.5,1000,0,9300,3035,2026-05-12
華南永昌,192.0,1061,251,9300,3035,2026-05-12
華南永昌,208.0,100,0,9300,3035,2026-05-12
華南永昌,206.5,50,0,9300,3035,2026-05-12
華南永昌,205.0,0,1000,9300,3035,2026-05-12
華南永昌,204.0,0,1000,9300,3035,2026-05-12
華南永昌,202.5,1000,0,9300,3035,2026-05-12
華南永昌,201.5,0,1,9300,3035,2026-05-12
華南永昌,210.0,107,100,9300,3035,2026-05-12
華南永昌,200.5,10000,30,9300,3035,2026-05-12
華南永昌,198.0,20,0,9300,3035,2026-05-12
華南永昌,197.0,100,1000,9300,3035,2026-05-12
華南永昌,196.0,0,15060,9300,3035,2026-05-12
華南永昌,195.0,3000,0,9300,3035,2026-05-12
華南永昌,194.0,2001,2000,9300,3035,2026-05-12
華南永昌,193.0,14100,0,9300,3035,2026-05-12
華南永昌,199.0,1000,2000,9300,3035,2026-05-12
華南高雄,209.5,30,0,9303,3035,2026-05-12
華南新莊,188.0,1000,0,9305,3035,2026-05-12
華南新莊,189.5,0,1000,9305,3035,2026-05-12
華南麻豆,198.0,1000,0,9308,3035,2026-05-12
華南麻豆,200.0,0,4000,9308,3035,2026-05-12
華南麻豆,201.0,0,1000,9308,3035,2026-05-12
華南麻豆,202.5,2035,0,9308,3035,2026-05-12
華南麻豆,203.5,8000,0,9308,3035,2026-05-12
華南麻豆,205.0,0,1000,9308,3035,2026-05-12
華南麻豆,208.5,4000,0,9308,3035,2026-05-12
華南麻豆,210.0,1000,0,9308,3035,2026-05-12
華南古亭,189.0,5000,0,9309,3035,2026-05-12
華南古亭,191.5,0,5000,9309,3035,2026-05-12
華南古亭,193.5,1000,0,9309,3035,2026-05-12
華南古亭,194.5,5000,2000,9309,3035,2026-05-12
華南古亭,195.5,5000,0,9309,3035,2026-05-12
華南古亭,196.5,1000,2000,9309,3035,2026-05-12
華南古亭,198.0,3000,0,9309,3035,2026-05-12
華南古亭,200.5,1000,10000,9309,3035,2026-05-12
華南古亭,202.5,0,1000,9309,3035,2026-05-12
華南嘉義,192.0,0,100,9314,3035,2026-05-12
華南嘉義,190.0,2000,2000,9314,3035,2026-05-12
華南嘉義,188.5,2000,0,9314,3035,2026-05-12
華南民權,208.5,0,1000,9312,3035,2026-05-12
華南民權,200.5,5000,0,9312,3035,2026-05-12
華南民權,199.0,0,1000,9312,3035,2026-05-12
華南麻豆,197.0,0,2000,9308,3035,2026-05-12
華南民權,197.5,0,1000,9312,3035,2026-05-12
華南民權,194.5,2000,1000,9312,3035,2026-05-12
華南民權,192.5,1000,0,9312,3035,2026-05-12
華南民權,191.5,0,2000,9312,3035,2026-05-12
華南民權,190.0,1000,2000,9312,3035,2026-05-12
華南民權,187.5,0,1000,9312,3035,2026-05-12
華南古亭,208.0,1000,0,9309,3035,2026-05-12
華南民權,195.5,4000,0,9312,3035,2026-05-12
華南麻豆,193.0,3100,0,9308,3035,2026-05-12
華南麻豆,190.5,1000,0,9308,3035,2026-05-12
華南麻豆,189.5,0,2000,9308,3035,2026-05-12
華南台南,199.0,1000,2000,9306,3035,2026-05-12
華南台南,198.0,0,500,9306,3035,2026-05-12
華南台南,195.0,2000,0,9306,3035,2026-05-12
華南台南,194.0,10,0,9306,3035,2026-05-12
華南台南,192.0,35,1000,9306,3035,2026-05-12
華南台南,189.5,1015,0,9306,3035,2026-05-12
華南台南,202.0,0,1000,9306,3035,2026-05-12
華南台南,188.0,1100,0,9306,3035,2026-05-12
華南新莊,200.0,0,1000,9305,3035,2026-05-12
華南新莊,197.5,0,1000,9305,3035,2026-05-12
華南新莊,196.0,0,1000,9305,3035,2026-05-12
華南新莊,195.0,1000,2000,9305,3035,2026-05-12
華南新莊,193.0,3000,19,9305,3035,2026-05-12
華南新莊,191.0,3000,1,9305,3035,2026-05-12
華南新莊,201.5,0,100,9305,3035,2026-05-12
華南鳳山,200.5,0,1000,9331,3035,2026-05-12
華南台南,203.0,1000,0,9306,3035,2026-05-12
華南台南,209.5,1000,0,9306,3035,2026-05-12
華南麻豆,188.5,0,50,9308,3035,2026-05-12
華南大安,209.0,1000,2000,9307,3035,2026-05-12
華南大安,204.0,0,500,9307,3035,2026-05-12
華南大安,202.0,0,3000,9307,3035,2026-05-12
華南大安,201.0,1000,1000,9307,3035,2026-05-12
華南大安,199.5,1000,0,9307,3035,2026-05-12
華南台南,207.5,10,0,9306,3035,2026-05-12
華南大安,198.0,2000,0,9307,3035,2026-05-12
華南大安,195.5,250,0,9307,3035,2026-05-12
華南大安,194.0,1000,2100,9307,3035,2026-05-12
華南大安,193.0,3000,1000,9307,3035,2026-05-12
華南大安,192.0,1000,0,9307,3035,2026-05-12
華南大安,190.0,4100,0,9307,3035,2026-05-12
華南大安,187.5,1000,0,9307,3035,2026-05-12
華南大安,197.0,2000,2000,9307,3035,2026-05-12
華南鳳山,202.5,5000,0,9331,3035,2026-05-12
華南鳳山,203.5,0,100,9331,3035,2026-05-12
華南鳳山,206.5,1000,0,9331,3035,2026-05-12
富邦,207.5,0,1000,9600,3035,2026-05-12
富邦,208.5,10535,0,9600,3035,2026-05-12
富邦陽明,187.0,1000,0,9604,3035,2026-05-12
富邦陽明,188.0,7200,0,9604,3035,2026-05-12
富邦陽明,189.5,1000,2000,9604,3035,2026-05-12
富邦陽明,190.5,0,1000,9604,3035,2026-05-12
富邦陽明,191.5,3000,1000,9604,3035,2026-05-12
富邦陽明,192.5,0,3000,9604,3035,2026-05-12
富邦陽明,193.5,7000,3000,9604,3035,2026-05-12
富邦陽明,194.5,5300,1010,9604,3035,2026-05-12
富邦陽明,195.5,1000,1000,9604,3035,2026-05-12
富邦陽明,196.5,3000,0,9604,3035,2026-05-12
富邦陽明,197.5,4000,3000,9604,3035,2026-05-12
富邦陽明,198.5,2000,1000,9604,3035,2026-05-12
富邦陽明,199.5,1200,3050,9604,3035,2026-05-12
富邦陽明,200.5,1000,2050,9604,3035,2026-05-12
富邦陽明,201.5,0,21000,9604,3035,2026-05-12
富邦台東,206.5,1000,0,9608,3035,2026-05-12
富邦台東,204.5,0,1000,9608,3035,2026-05-12
富邦台東,202.5,50,0,9608,3035,2026-05-12
富邦台東,201.5,1000,0,9608,3035,2026-05-12
富邦台東,196.5,0,130,9608,3035,2026-05-12
富邦台東,193.0,1000,0,9608,3035,2026-05-12
富邦,205.0,0,1000,9600,3035,2026-05-12
富邦陽明,210.5,1000,0,9604,3035,2026-05-12
富邦陽明,208.5,2000,1000,9604,3035,2026-05-12
富邦陽明,207.5,1000,250,9604,3035,2026-05-12
富邦陽明,206.0,0,1000,9604,3035,2026-05-12
富邦陽明,204.5,0,200,9604,3035,2026-05-12
富邦陽明,203.5,0,1000,9604,3035,2026-05-12
富邦陽明,202.5,2000,75,9604,3035,2026-05-12
富邦陽明,209.5,2000,10,9604,3035,2026-05-12
富邦基隆,189.0,6000,0,9614,3035,2026-05-12
富邦,204.0,983,1000,9600,3035,2026-05-12
富邦,202.0,7000,0,9600,3035,2026-05-12
華南三重,189.0,3000,0,9369,3035,2026-05-12
華南三重,190.0,1000,0,9369,3035,2026-05-12
華南三重,191.5,50,2000,9369,3035,2026-05-12
華南三重,192.5,1000,1000,9369,3035,2026-05-12
華南三重,195.0,1000,300,9369,3035,2026-05-12
華南三重,206.5,1000,0,9369,3035,2026-05-12
華南三重,208.5,0,1000,9369,3035,2026-05-12
華南虎尾,188.5,1000,0,9377,3035,2026-05-12
華南虎尾,193.0,2000,4000,9377,3035,2026-05-12
華南虎尾,198.0,0,3000,9377,3035,2026-05-12
華南虎尾,200.0,0,2000,9377,3035,2026-05-12
華南虎尾,202.5,30,0,9377,3035,2026-05-12
華南虎尾,204.0,1000,0,9377,3035,2026-05-12
華南虎尾,208.0,2000,0,9377,3035,2026-05-12
華南虎尾,210.0,100,0,9377,3035,2026-05-12
華南東昇,193.0,1000,0,9386,3035,2026-05-12
華南東昇,196.5,1000,0,9386,3035,2026-05-12
富邦,201.0,9128,0,9600,3035,2026-05-12
富邦,200.0,1578,1000,9600,3035,2026-05-12
富邦,199.0,1000,1000,9600,3035,2026-05-12
富邦,198.0,288080,0,9600,3035,2026-05-12
富邦,196.5,4000,25000,9600,3035,2026-05-12
富邦,195.5,3000,25979,9600,3035,2026-05-12
富邦,203.0,2322,0,9600,3035,2026-05-12
富邦,194.0,1000,4000,9600,3035,2026-05-12
富邦,192.0,0,18000,9600,3035,2026-05-12
富邦,190.0,1000,0,9600,3035,2026-05-12
富邦,187.0,1000,0,9600,3035,2026-05-12
華南東昇,208.5,1000,1000,9386,3035,2026-05-12
華南東昇,202.5,0,1000,9386,3035,2026-05-12
華南東昇,200.5,1000,0,9386,3035,2026-05-12
富邦,193.0,1000,8000,9600,3035,2026-05-12
富邦基隆,191.5,1000,1000,9614,3035,2026-05-12
富邦基隆,193.5,0,3000,9614,3035,2026-05-12
富邦基隆,195.5,1000,0,9614,3035,2026-05-12
富邦公益,196.0,4000,1000,961F,3035,2026-05-12
富邦公益,197.0,1000,0,961F,3035,2026-05-12
富邦公益,198.0,1000,4000,961F,3035,2026-05-12
富邦公益,199.0,1000,0,961F,3035,2026-05-12
富邦公益,200.0,1000,2005,961F,3035,2026-05-12
富邦公益,201.5,1000,0,961F,3035,2026-05-12
富邦公益,202.5,4000,0,961F,3035,2026-05-12
富邦公益,203.5,100,1000,961F,3035,2026-05-12
富邦公益,205.0,0,1000,961F,3035,2026-05-12
富邦公益,206.0,1000,0,961F,3035,2026-05-12
富邦公益,207.0,0,1000,961F,3035,2026-05-12
富邦公益,209.0,10,110,961F,3035,2026-05-12
富邦公益,210.0,10,0,961F,3035,2026-05-12
富邦新板,188.5,2000,0,961H,3035,2026-05-12
富邦新板,190.5,3000,0,961H,3035,2026-05-12
富邦新板,193.0,1000,0,961H,3035,2026-05-12
富邦新板,194.0,1000,5000,961H,3035,2026-05-12
富邦七賢,200.0,0,50,961K,3035,2026-05-12
富邦七賢,198.0,1000,1000,961K,3035,2026-05-12
富邦七賢,197.0,2000,0,961K,3035,2026-05-12
富邦七賢,195.5,1000,0,961K,3035,2026-05-12
富邦七賢,193.5,0,1000,961K,3035,2026-05-12
富邦七賢,192.0,3000,300,961K,3035,2026-05-12
富邦公益,195.0,1010,1000,961F,3035,2026-05-12
富邦七賢,189.0,3000,5000,961K,3035,2026-05-12
富邦新板,206.5,1000,1000,961H,3035,2026-05-12
富邦新板,205.0,0,1000,961H,3035,2026-05-12
富邦新板,203.0,1100,100,961H,3035,2026-05-12
富邦新板,200.5,2000,0,961H,3035,2026-05-12
富邦新板,198.0,0,1000,961H,3035,2026-05-12
富邦新板,195.0,200,0,961H,3035,2026-05-12
富邦新板,209.5,1000,0,961H,3035,2026-05-12
富邦公益,194.0,1000,4001,961F,3035,2026-05-12
富邦公益,193.0,3005,5000,961F,3035,2026-05-12
富邦公益,192.0,3000,1000,961F,3035,2026-05-12
富邦南京,191.5,1000,8000,961C,3035,2026-05-12
富邦南京,190.5,10,0,961C,3035,2026-05-12
富邦南京,189.5,0,1000,961C,3035,2026-05-12
富邦南京,188.5,0,1000,961C,3035,2026-05-12
富邦岡山,210.0,100,3000,9616,3035,2026-05-12
富邦岡山,206.0,0,500,9616,3035,2026-05-12
富邦南京,192.5,0,21000,961C,3035,2026-05-12
富邦岡山,195.5,30,0,9616,3035,2026-05-12
富邦岡山,189.0,200,0,9616,3035,2026-05-12
富邦基隆,208.0,100,0,9614,3035,2026-05-12
富邦基隆,202.5,99,0,9614,3035,2026-05-12
富邦基隆,201.0,0,1000,9614,3035,2026-05-12
富邦基隆,197.5,5000,1000,9614,3035,2026-05-12
富邦基隆,196.5,100,0,9614,3035,2026-05-12
富邦岡山,193.5,1060,0,9616,3035,2026-05-12
華南豐原,208.0,3100,0,9366,3035,2026-05-12
富邦南京,193.5,5000,17000,961C,3035,2026-05-12
富邦南京,195.5,0,92000,961C,3035,2026-05-12
富邦公益,190.0,2300,0,961F,3035,2026-05-12
富邦公益,189.0,16105,0,961F,3035,2026-05-12
富邦南京,210.0,800,0,961C,3035,2026-05-12
富邦南京,209.0,13000,1000,961C,3035,2026-05-12
富邦南京,208.0,3000,1002,961C,3035,2026-05-12
富邦南京,207.0,0,1,961C,3035,2026-05-12
富邦南京,194.5,2000,0,961C,3035,2026-05-12
富邦南京,205.0,0,5000,961C,3035,2026-05-12
富邦南京,202.5,0,1000,961C,3035,2026-05-12
富邦南京,201.5,0,1000,961C,3035,2026-05-12
富邦南京,200.5,11000,1000,961C,3035,2026-05-12
富邦南京,199.0,0,1000,961C,3035,2026-05-12
富邦南京,197.5,1000,1000,961C,3035,2026-05-12
富邦南京,196.5,4000,10000,961C,3035,2026-05-12
富邦南京,204.0,1000,0,961C,3035,2026-05-12
富邦左營,199.5,1000,7000,966F,3035,2026-05-12
華南豐原,199.0,0,5000,9366,3035,2026-05-12
華南豐原,195.0,200,0,9366,3035,2026-05-12
華南內壢,193.0,2000,0,9337,3035,2026-05-12
華南內壢,194.5,1000,0,9337,3035,2026-05-12
華南內壢,196.0,0,1000,9337,3035,2026-05-12
華南內壢,197.0,0,2000,9337,3035,2026-05-12
華南內壢,199.5,500,0,9337,3035,2026-05-12
華南內壢,202.0,0,1000,9337,3035,2026-05-12
華南內壢,205.0,0,6000,9337,3035,2026-05-12
華南竹北,188.0,0,3000,9339,3035,2026-05-12
華南竹北,189.5,0,2000,9339,3035,2026-05-12
華南竹北,190.5,0,2000,9339,3035,2026-05-12
華南竹北,191.5,5000,14000,9339,3035,2026-05-12
華南竹北,193.0,3000,0,9339,3035,2026-05-12
華南竹北,194.5,5000,0,9339,3035,2026-05-12
華南竹北,196.0,2000,0,9339,3035,2026-05-12
華南竹北,197.5,30,2000,9339,3035,2026-05-12
華南竹北,198.5,1000,0,9339,3035,2026-05-12
華南竹北,200.5,50000,0,9339,3035,2026-05-12
華南敦南,202.0,0,1500,9347,3035,2026-05-12
華南敦南,200.0,0,2000,9347,3035,2026-05-12
華南敦南,198.0,0,2000,9347,3035,2026-05-12
華南敦南,196.5,0,2000,9347,3035,2026-05-12
華南敦南,194.5,2000,0,9347,3035,2026-05-12
華南敦南,193.0,1000,2000,9347,3035,2026-05-12
華南內壢,189.5,1000,1000,9337,3035,2026-05-12
華南敦南,190.0,2000,3000,9347,3035,2026-05-12
華南頭份,208.0,2000,0,9343,3035,2026-05-12
華南頭份,192.5,0,1000,9343,3035,2026-05-12
華南竹北,209.0,0,3000,9339,3035,2026-05-12
華南竹北,208.0,1000,0,9339,3035,2026-05-12
華南竹北,204.0,3000,0,9339,3035,2026-05-12
華南竹北,202.0,1000,0,9339,3035,2026-05-12
華南敦南,189.0,0,5000,9347,3035,2026-05-12
華南敦南,208.0,0,1000,9347,3035,2026-05-12
華南世貿,210.5,1000,0,9334,3035,2026-05-12
華南世貿,202.5,0,3000,9334,3035,2026-05-12
華南楠梓,187.5,0,1000,9332,3035,2026-05-12
華南楠梓,190.0,1100,0,9332,3035,2026-05-12
華南楠梓,191.5,0,1000,9332,3035,2026-05-12
華南楠梓,192.5,1000,0,9332,3035,2026-05-12
華南楠梓,193.5,1000,1000,9332,3035,2026-05-12
華南楠梓,194.5,2000,50,9332,3035,2026-05-12
華南楠梓,198.0,1000,0,9332,3035,2026-05-12
華南楠梓,199.0,1078,0,9332,3035,2026-05-12
華南楠梓,200.5,1000,0,9332,3035,2026-05-12
華南楠梓,202.5,3000,0,9332,3035,2026-05-12
華南楠梓,204.5,100,0,9332,3035,2026-05-12
華南楠梓,206.0,0,1000,9332,3035,2026-05-12
華南楠梓,208.0,2000,1000,9332,3035,2026-05-12
華南楠梓,209.0,1,0,9332,3035,2026-05-12
華南長虹,187.0,1000,0,9333,3035,2026-05-12
華南長虹,190.0,30,0,9333,3035,2026-05-12
華南長虹,192.0,2000,0,9333,3035,2026-05-12
華南世貿,200.5,0,1000,9334,3035,2026-05-12
華南世貿,199.0,1000,0,9334,3035,2026-05-12
華南世貿,198.0,2000,0,9334,3035,2026-05-12
華南世貿,196.5,2000,0,9334,3035,2026-05-12
華南世貿,194.5,1000,0,9334,3035,2026-05-12
華南世貿,193.5,6200,0,9334,3035,2026-05-12
華南世貿,206.0,0,1000,9334,3035,2026-05-12
華南長虹,210.0,0,1030,9333,3035,2026-05-12
華南長虹,206.5,0,1000,9333,3035,2026-05-12
華南長虹,202.0,1000,0,9333,3035,2026-05-12
華南長虹,198.5,0,30,9333,3035,2026-05-12
華南長虹,196.5,0,1000,9333,3035,2026-05-12
華南長虹,195.5,50,0,9333,3035,2026-05-12
華南長虹,194.0,50,60,9333,3035,2026-05-12
華南長虹,209.0,2000,0,9333,3035,2026-05-12
華南板橋,188.0,1015,0,9349,3035,2026-05-12
華南板橋,189.0,3010,0,9349,3035,2026-05-12
華南板橋,190.0,13,0,9349,3035,2026-05-12
華南中正,200.5,0,1000,9359,3035,2026-05-12
華南中正,202.5,1000,0,9359,3035,2026-05-12
華南中正,207.0,0,1000,9359,3035,2026-05-12
華南中正,208.5,0,2000,9359,3035,2026-05-12
華南苗栗,189.5,1000,0,9362,3035,2026-05-12
華南苗栗,192.5,200,0,9362,3035,2026-05-12
華南苗栗,193.5,0,1000,9362,3035,2026-05-12
華南苗栗,194.5,200,0,9362,3035,2026-05-12
華南苗栗,198.0,2100,2000,9362,3035,2026-05-12
華南苗栗,199.5,0,200,9362,3035,2026-05-12
華南苗栗,203.0,0,1000,9362,3035,2026-05-12
華南苗栗,204.0,0,1000,9362,3035,2026-05-12
華南彰化,189.0,1000,0,9363,3035,2026-05-12
華南彰化,192.0,1050,0,9363,3035,2026-05-12
華南彰化,193.0,1050,1000,9363,3035,2026-05-12
華南彰化,195.5,0,3000,9363,3035,2026-05-12
華南彰化,196.5,1000,0,9363,3035,2026-05-12
華南豐原,194.0,1100,3000,9366,3035,2026-05-12
華南豐原,193.0,2100,0,9366,3035,2026-05-12
華南豐原,192.0,2100,0,9366,3035,2026-05-12
華南豐原,191.0,6000,0,9366,3035,2026-05-12
華南豐原,189.5,3100,0,9366,3035,2026-05-12
華南豐原,188.5,1000,0,9366,3035,2026-05-12
華南中正,198.5,1000,0,9359,3035,2026-05-12
華南豐原,187.5,50,0,9366,3035,2026-05-12
華南彰化,208.5,2000,2000,9363,3035,2026-05-12
華南彰化,204.5,100,10,9363,3035,2026-05-12
華南彰化,202.5,2000,0,9363,3035,2026-05-12
華南彰化,201.0,0,1000,9363,3035,2026-05-12
華南彰化,200.0,100,0,9363,3035,2026-05-12
華南彰化,199.0,6000,0,9363,3035,2026-05-12
華南彰化,209.5,5000,10,9363,3035,2026-05-12
華南中正,196.5,4000,0,9359,3035,2026-05-12
華南中正,195.0,5000,0,9359,3035,2026-05-12
華南中正,194.0,1000,5000,9359,3035,2026-05-12
華南桃園,193.5,252,0,9352,3035,2026-05-12
華南桃園,191.0,2000,0,9352,3035,2026-05-12
華南桃園,189.0,1000,0,9352,3035,2026-05-12
華南板橋,210.0,1000,0,9349,3035,2026-05-12
華南板橋,206.0,1000,0,9349,3035,2026-05-12
華南板橋,204.5,3000,0,9349,3035,2026-05-12
華南桃園,195.0,102,0,9352,3035,2026-05-12
華南板橋,202.5,0,1000,9349,3035,2026-05-12
華南板橋,199.0,1000,0,9349,3035,2026-05-12
華南板橋,197.5,100,0,9349,3035,2026-05-12
華南板橋,195.5,1000,1000,9349,3035,2026-05-12
華南板橋,194.0,0,1000,9349,3035,2026-05-12
華南板橋,193.0,3400,0,9349,3035,2026-05-12
華南板橋,191.0,1010,2000,9349,3035,2026-05-12
華南板橋,200.5,1000,0,9349,3035,2026-05-12
華南豐原,197.5,2000,0,9366,3035,2026-05-12
華南桃園,196.0,2000,0,9352,3035,2026-05-12
華南桃園,199.5,0,1000,9352,3035,2026-05-12
華南中正,193.0,2000,0,9359,3035,2026-05-12
華南中正,192.0,2000,2000,9359,3035,2026-05-12
華南中正,191.0,2000,0,9359,3035,2026-05-12
華南中正,190.0,1000,0,9359,3035,2026-05-12
華南中正,188.5,2000,0,9359,3035,2026-05-12
華南東勢,205.0,0,1000,9358,3035,2026-05-12
華南桃園,198.0,350,0,9352,3035,2026-05-12
華南東勢,199.0,1000,0,9358,3035,2026-05-12
華南東勢,194.5,100,0,9358,3035,2026-05-12
華南東勢,193.5,0,5000,9358,3035,2026-05-12
華南東勢,191.0,1000,0,9358,3035,2026-05-12
華南桃園,209.0,0,1000,9352,3035,2026-05-12
華南桃園,205.0,0,1000,9352,3035,2026-05-12
華南桃園,203.5,0,4,9352,3035,2026-05-12
華南東勢,197.5,500,0,9358,3035,2026-05-12
元大鳳山,189.5,0,50,983Z,3035,2026-05-12
富邦左營,201.5,0,1000,966F,3035,2026-05-12
富邦左營,204.0,0,6000,966F,3035,2026-05-12
元大崇德,193.0,2080,2000,981S,3035,2026-05-12
元大崇德,194.0,2000,3000,981S,3035,2026-05-12
元大崇德,195.0,210,2100,981S,3035,2026-05-12
元大崇德,196.0,1000,0,981S,3035,2026-05-12
元大崇德,197.5,40,0,981S,3035,2026-05-12
元大崇德,199.5,1000,0,981S,3035,2026-05-12
元大崇德,200.5,1000,1000,981S,3035,2026-05-12
元大崇德,202.0,1000,1000,981S,3035,2026-05-12
元大崇德,203.0,2105,0,981S,3035,2026-05-12
元大崇德,206.5,4000,0,981S,3035,2026-05-12
元大崇德,208.5,1000,200,981S,3035,2026-05-12
元大崇德,210.0,9,1000,981S,3035,2026-05-12
元大華山,191.5,1000,0,981U,3035,2026-05-12
元大華山,192.5,1000,0,981U,3035,2026-05-12
元大華山,194.0,2000,0,981U,3035,2026-05-12
元大華山,196.5,1000,0,981U,3035,2026-05-12
元大民雄,190.0,4100,0,981V,3035,2026-05-12
元大新生,202.0,0,1000,981X,3035,2026-05-12
元大新生,198.5,1000,0,981X,3035,2026-05-12
元大新生,196.5,1000,0,981X,3035,2026-05-12
元大新生,194.0,0,2000,981X,3035,2026-05-12
元大新生,193.0,1000,0,981X,3035,2026-05-12
元大新生,191.5,0,1000,981X,3035,2026-05-12
元大崇德,192.0,1000,0,981S,3035,2026-05-12
元大民雄,210.0,86,0,981V,3035,2026-05-12
元大民雄,207.5,1000,0,981V,3035,2026-05-12
元大民雄,204.5,0,1000,981V,3035,2026-05-12
元大民雄,203.0,17,106,981V,3035,2026-05-12
元大民雄,198.0,0,1000,981V,3035,2026-05-12
元大民雄,195.0,1334,1000,981V,3035,2026-05-12
元大民雄,193.5,1036,0,981V,3035,2026-05-12
元大民雄,208.5,0,9000,981V,3035,2026-05-12
元大新生,208.5,0,1000,981X,3035,2026-05-12
元大崇德,191.0,1000,2000,981S,3035,2026-05-12
元大崇德,189.0,2060,0,981S,3035,2026-05-12
元大太平,202.0,0,2000,981Q,3035,2026-05-12
元大太平,204.5,0,2000,981Q,3035,2026-05-12
元大太平,206.0,1000,0,981Q,3035,2026-05-12
元大太平,207.5,1000,0,981Q,3035,2026-05-12
元大太平,209.5,550,0,981Q,3035,2026-05-12
元大屏南,187.5,1000,0,981r,3035,2026-05-12
元大屏南,189.0,2000,1000,981r,3035,2026-05-12
元大屏南,191.0,0,1000,981r,3035,2026-05-12
元大屏南,192.5,1000,3000,981r,3035,2026-05-12
元大屏南,193.5,1000,1000,981r,3035,2026-05-12
元大屏南,194.5,0,400,981r,3035,2026-05-12
元大屏南,196.5,0,1000,981r,3035,2026-05-12
元大屏南,198.5,50,0,981r,3035,2026-05-12
元大屏南,200.5,0,4300,981r,3035,2026-05-12
元大屏南,208.0,1000,0,981r,3035,2026-05-12
元大屏南,209.5,0,1000,981r,3035,2026-05-12
元大竹山,188.0,100,0,981R,3035,2026-05-12
元大崇德,187.5,0,1000,981S,3035,2026-05-12
元大竹山,209.0,0,50,981R,3035,2026-05-12
元大竹山,207.5,0,1000,981R,3035,2026-05-12
元大竹山,204.5,4000,0,981R,3035,2026-05-12
元大竹山,203.5,70,0,981R,3035,2026-05-12
元大竹山,202.0,100,2000,981R,3035,2026-05-12
元大崇德,190.0,3000,0,981S,3035,2026-05-12
元大竹山,199.5,0,50,981R,3035,2026-05-12
元大竹山,195.5,0,1000,981R,3035,2026-05-12
元大竹山,194.5,200,103,981R,3035,2026-05-12
元大竹山,193.5,2000,1000,981R,3035,2026-05-12
元大竹山,192.5,0,2000,981R,3035,2026-05-12
元大竹山,191.5,1000,0,981R,3035,2026-05-12
元大竹山,190.5,1000,1000,981R,3035,2026-05-12
元大竹山,196.5,1000,0,981R,3035,2026-05-12
元大太平,201.0,0,1000,981Q,3035,2026-05-12
元大善化,188.0,1010,0,981y,3035,2026-05-12
元大善化,190.5,1000,0,981y,3035,2026-05-12
元大潮州,198.5,0,1000,981Z,3035,2026-05-12
元大潮州,199.5,0,1000,981Z,3035,2026-05-12
元大潮州,201.0,2000,0,981Z,3035,2026-05-12
元大潮州,206.0,0,1000,981Z,3035,2026-05-12
元大潮州,209.0,0,1000,981Z,3035,2026-05-12
元大學府,188.5,1000,0,9822,3035,2026-05-12
元大學府,189.5,2000,0,9822,3035,2026-05-12
元大學府,190.5,50,1000,9822,3035,2026-05-12
元大學府,192.5,1000,3000,9822,3035,2026-05-12
元大學府,194.0,0,1000,9822,3035,2026-05-12
元大學府,195.0,1000,1000,9822,3035,2026-05-12
元大學府,196.0,100,0,9822,3035,2026-05-12
元大學府,197.5,1000,0,9822,3035,2026-05-12
元大學府,198.5,1005,0,9822,3035,2026-05-12
元大學府,199.5,0,1000,9822,3035,2026-05-12
元大學府,200.5,5000,0,9822,3035,2026-05-12
元大學府,203.0,30,1000,9822,3035,2026-05-12
元大新營,190.5,2000,0,9825,3035,2026-05-12
元大新營,189.0,0,1000,9825,3035,2026-05-12
元大新營,188.0,2000,0,9825,3035,2026-05-12
元大向上,208.0,0,30,9824,3035,2026-05-12
元大向上,204.5,0,15,9824,3035,2026-05-12
元大向上,203.0,0,3000,9824,3035,2026-05-12
元大潮州,197.5,50,0,981Z,3035,2026-05-12
元大向上,200.0,0,1000,9824,3035,2026-05-12
元大向上,195.0,200,30,9824,3035,2026-05-12
元大向上,194.0,1000,1000,9824,3035,2026-05-12
元大向上,193.0,1000,0,9824,3035,2026-05-12
元大向上,190.0,1000,0,9824,3035,2026-05-12
元大學府,208.5,1000,1000,9822,3035,2026-05-12
元大學府,204.0,5,0,9822,3035,2026-05-12
元大向上,198.5,1000,2000,9824,3035,2026-05-12
元大善化,189.5,2100,0,981y,3035,2026-05-12
元大潮州,196.0,200,0,981Z,3035,2026-05-12
元大潮州,193.5,4000,0,981Z,3035,2026-05-12
元大善化,191.5,0,2000,981y,3035,2026-05-12
元大善化,192.5,0,1300,981y,3035,2026-05-12
元大善化,193.5,1000,0,981y,3035,2026-05-12
元大善化,194.5,2000,2000,981y,3035,2026-05-12
元大善化,195.5,1000,1000,981y,3035,2026-05-12
元大善化,197.0,2000,0,981y,3035,2026-05-12
元大善化,198.0,0,2000,981y,3035,2026-05-12
元大善化,199.0,0,3000,981y,3035,2026-05-12
元大善化,200.0,0,4010,981y,3035,2026-05-12
元大善化,201.0,0,1000,981y,3035,2026-05-12
元大善化,202.5,0,2000,981y,3035,2026-05-12
元大善化,203.5,1000,0,981y,3035,2026-05-12
元大善化,206.5,1000,0,981y,3035,2026-05-12
元大善化,207.5,50,0,981y,3035,2026-05-12
元大善化,208.5,2050,1000,981y,3035,2026-05-12
元大大統,187.5,0,8000,981z,3035,2026-05-12
元大大統,188.5,0,1000,981z,3035,2026-05-12
元大潮州,191.5,50,0,981Z,3035,2026-05-12
元大潮州,189.5,150,0,981Z,3035,2026-05-12
元大大統,208.0,0,3000,981z,3035,2026-05-12
元大大統,206.0,0,1000,981z,3035,2026-05-12
元大大統,203.5,0,1000,981z,3035,2026-05-12
元大大統,200.0,8000,17000,981z,3035,2026-05-12
元大潮州,194.5,100,0,981Z,3035,2026-05-12
元大大統,198.5,0,1000,981z,3035,2026-05-12
元大大統,196.5,1000,0,981z,3035,2026-05-12
元大大統,195.5,2000,0,981z,3035,2026-05-12
元大大統,194.5,1020,2050,981z,3035,2026-05-12
元大大統,193.0,1050,0,981z,3035,2026-05-12
元大大統,192.0,0,1310,981z,3035,2026-05-12
元大大統,190.0,2000,0,981z,3035,2026-05-12
元大大統,197.5,8000,2000,981z,3035,2026-05-12
元大太平,200.0,1000,1000,981Q,3035,2026-05-12
元大太平,199.0,6200,0,981Q,3035,2026-05-12
元大太平,198.0,1000,1000,981Q,3035,2026-05-12
元大林園,202.5,1000,0,981K,3035,2026-05-12
元大林園,208.5,1050,0,981K,3035,2026-05-12
元大莒光,189.0,1000,4246,981L,3035,2026-05-12
元大莒光,190.0,1100,2000,981L,3035,2026-05-12
元大莒光,191.0,1000,0,981L,3035,2026-05-12
元大莒光,192.0,25,100,981L,3035,2026-05-12
元大莒光,193.5,1000,0,981L,3035,2026-05-12
元大莒光,194.5,1000,0,981L,3035,2026-05-12
元大莒光,196.5,1000,5000,981L,3035,2026-05-12
元大莒光,198.5,3000,100,981L,3035,2026-05-12
元大莒光,199.5,2000,0,981L,3035,2026-05-12
元大莒光,200.5,8000,0,981L,3035,2026-05-12
元大莒光,201.5,1000,0,981L,3035,2026-05-12
元大莒光,202.5,0,7000,981L,3035,2026-05-12
元大莒光,204.0,0,1000,981L,3035,2026-05-12
元大莒光,206.5,2000,0,981L,3035,2026-05-12
元大莒光,208.0,1000,4000,981L,3035,2026-05-12
元大前金,201.5,1,10,981m,3035,2026-05-12
元大前金,200.5,0,1000,981m,3035,2026-05-12
元大前金,199.5,1000,0,981m,3035,2026-05-12
元大前金,198.5,2000,0,981m,3035,2026-05-12
元大前金,196.5,0,1000,981m,3035,2026-05-12
元大前金,195.0,1248,180,981m,3035,2026-05-12
元大林園,199.0,1000,5000,981K,3035,2026-05-12
元大前金,194.0,1050,0,981m,3035,2026-05-12
元大前金,192.0,2040,0,981m,3035,2026-05-12
元大前金,191.0,100,0,981m,3035,2026-05-12
元大前金,190.0,20,0,981m,3035,2026-05-12
元大前金,189.0,120,0,981m,3035,2026-05-12
元大莒光,210.0,0,302,981L,3035,2026-05-12
元大莒光,209.0,0,2000,981L,3035,2026-05-12
元大前金,193.0,0,1000,981m,3035,2026-05-12
元大前金,206.5,0,1000,981m,3035,2026-05-12
元大林園,194.0,100,0,981K,3035,2026-05-12
元大林園,189.0,2000,0,981K,3035,2026-05-12
元大西螺,198.0,0,1000,981i,3035,2026-05-12
元大西螺,202.0,1000,0,981i,3035,2026-05-12
元大西螺,203.0,0,10000,981i,3035,2026-05-12
元大西螺,204.5,1000,0,981i,3035,2026-05-12
元大西螺,208.5,1000,0,981i,3035,2026-05-12
元大天母,188.0,1000,0,981I,3035,2026-05-12
元大天母,190.0,1200,0,981I,3035,2026-05-12
元大天母,192.0,2000,2000,981I,3035,2026-05-12
元大天母,194.0,0,1000,981I,3035,2026-05-12
元大天母,195.0,2200,0,981I,3035,2026-05-12
元大天母,196.5,3000,0,981I,3035,2026-05-12
元大天母,198.0,2000,3000,981I,3035,2026-05-12
元大天母,199.5,1000,10,981I,3035,2026-05-12
元大天母,200.5,1000,0,981I,3035,2026-05-12
元大天母,203.0,0,4000,981I,3035,2026-05-12
元大天母,207.5,1000,0,981I,3035,2026-05-12
元大天母,208.5,2000,1000,981I,3035,2026-05-12
元大士林,210.0,1000,0,981j,3035,2026-05-12
元大士林,209.0,322,0,981j,3035,2026-05-12
元大士林,208.0,1011,1000,981j,3035,2026-05-12
元大士林,206.0,0,1000,981j,3035,2026-05-12
元大士林,204.0,3000,0,981j,3035,2026-05-12
元大士林,202.5,0,100,981j,3035,2026-05-12
元大林園,192.5,1,1000,981K,3035,2026-05-12
元大士林,200.0,2000,0,981j,3035,2026-05-12
元大士林,196.5,1000,0,981j,3035,2026-05-12
元大士林,195.0,2024,100,981j,3035,2026-05-12
元大士林,193.5,2000,2000,981j,3035,2026-05-12
元大士林,192.5,2120,1000,981j,3035,2026-05-12
元大士林,191.0,1000,0,981j,3035,2026-05-12
元大士林,187.0,1000,0,981j,3035,2026-05-12
元大士林,198.0,0,4200,981j,3035,2026-05-12
元大前金,209.0,190,2000,981m,3035,2026-05-12
元大苗栗,187.5,0,2000,981M,3035,2026-05-12
元大苗栗,189.0,2200,0,981M,3035,2026-05-12
元大金門,203.0,139,100,981N,3035,2026-05-12
元大金門,206.0,0,1000,981N,3035,2026-05-12
元大金門,209.0,1000,0,981N,3035,2026-05-12
元大松山,189.5,30,0,981p,3035,2026-05-12
元大松山,191.5,0,12000,981p,3035,2026-05-12
元大松山,195.5,1000,0,981p,3035,2026-05-12
元大松山,197.0,0,1000,981p,3035,2026-05-12
元大松山,198.5,1000,0,981p,3035,2026-05-12
元大松山,203.5,0,1020,981p,3035,2026-05-12
元大松山,205.5,0,1000,981p,3035,2026-05-12
元大松山,208.0,1000,0,981p,3035,2026-05-12
元大萬華,189.0,1030,0,981q,3035,2026-05-12
元大萬華,191.0,10,0,981q,3035,2026-05-12
元大萬華,193.5,4000,0,981q,3035,2026-05-12
元大萬華,194.5,1000,0,981q,3035,2026-05-12
元大萬華,196.0,100,0,981q,3035,2026-05-12
元大萬華,197.5,0,1000,981q,3035,2026-05-12
元大太平,197.0,3000,2000,981Q,3035,2026-05-12
元大太平,196.0,3000,1000,981Q,3035,2026-05-12
元大太平,194.5,25,2,981Q,3035,2026-05-12
元大太平,193.5,2020,7000,981Q,3035,2026-05-12
元大太平,192.5,1000,0,981Q,3035,2026-05-12
元大太平,191.5,3000,1000,981Q,3035,2026-05-12
元大金門,200.5,1000,0,981N,3035,2026-05-12
元大太平,190.0,1250,1000,981Q,3035,2026-05-12
元大萬華,210.0,1000,0,981q,3035,2026-05-12
元大萬華,205.5,0,1000,981q,3035,2026-05-12
元大萬華,203.0,0,3000,981q,3035,2026-05-12
元大萬華,202.0,1000,0,981q,3035,2026-05-12
元大萬華,200.5,4000,1000,981q,3035,2026-05-12
元大萬華,199.0,0,4000,981q,3035,2026-05-12
元大太平,189.0,1150,1000,981Q,3035,2026-05-12
元大金門,199.0,2000,0,981N,3035,2026-05-12
元大金門,198.0,1000,0,981N,3035,2026-05-12
元大金門,195.0,0,1000,981N,3035,2026-05-12
元大旗山,191.0,2000,0,981n,3035,2026-05-12
元大旗山,189.5,50,0,981n,3035,2026-05-12
元大旗山,188.5,1050,0,981n,3035,2026-05-12
元大苗栗,208.5,0,1000,981M,3035,2026-05-12
元大苗栗,204.5,200,0,981M,3035,2026-05-12
元大苗栗,202.0,50,0,981M,3035,2026-05-12
元大旗山,192.0,3000,0,981n,3035,2026-05-12
元大苗栗,201.0,0,5000,981M,3035,2026-05-12
元大苗栗,197.0,0,1000,981M,3035,2026-05-12
元大苗栗,196.0,2000,1000,981M,3035,2026-05-12
元大苗栗,195.0,2000,1000,981M,3035,2026-05-12
元大苗栗,194.0,2000,0,981M,3035,2026-05-12
元大苗栗,193.0,2000,0,981M,3035,2026-05-12
元大苗栗,192.0,1000,0,981M,3035,2026-05-12
元大苗栗,200.0,150,0,981M,3035,2026-05-12
元大新營,192.5,5000,2000,9825,3035,2026-05-12
元大旗山,193.0,112,2000,981n,3035,2026-05-12
元大旗山,195.0,0,3000,981n,3035,2026-05-12
元大金門,193.5,100,3000,981N,3035,2026-05-12
元大金門,192.5,30,0,981N,3035,2026-05-12
元大金門,191.5,1000,0,981N,3035,2026-05-12
元大金門,190.0,100,0,981N,3035,2026-05-12
元大金門,187.0,0,1000,981N,3035,2026-05-12
元大旗山,209.5,0,34,981n,3035,2026-05-12
元大旗山,194.0,1000,1000,981n,3035,2026-05-12
元大旗山,207.0,0,1000,981n,3035,2026-05-12
元大旗山,203.5,0,500,981n,3035,2026-05-12
元大旗山,202.5,200,1000,981n,3035,2026-05-12
元大旗山,201.0,1000,0,981n,3035,2026-05-12
元大旗山,200.0,0,1000,981n,3035,2026-05-12
元大旗山,197.0,2000,0,981n,3035,2026-05-12
元大旗山,196.0,0,1000,981n,3035,2026-05-12
元大旗山,204.5,0,1000,981n,3035,2026-05-12
元大西螺,194.5,0,1000,981i,3035,2026-05-12
元大新營,193.5,3000,1000,9825,3035,2026-05-12
元大新營,196.5,2000,2000,9825,3035,2026-05-12
元大上新,193.0,0,2000,983G,3035,2026-05-12
元大上新,194.0,1000,1000,983G,3035,2026-05-12
元大上新,195.0,1000,1000,983G,3035,2026-05-12
元大上新,196.0,80,0,983G,3035,2026-05-12
元大上新,197.0,1000,0,983G,3035,2026-05-12
元大上新,198.0,1000,1000,983G,3035,2026-05-12
元大上新,199.0,100,1000,983G,3035,2026-05-12
元大上新,202.5,1000,1001,983G,3035,2026-05-12
元大上新,203.5,0,110,983G,3035,2026-05-12
元大上新,206.5,1000,0,983G,3035,2026-05-12
元大上新,207.5,1000,0,983G,3035,2026-05-12
元大上新,210.0,0,1000,983G,3035,2026-05-12
元大大雅,189.0,1000,2000,983i,3035,2026-05-12
元大大雅,190.0,0,2000,983i,3035,2026-05-12
元大大雅,191.0,0,1000,983i,3035,2026-05-12
元大大雅,192.0,1000,0,983i,3035,2026-05-12
元大大雅,193.0,8040,4000,983i,3035,2026-05-12
元大仁愛,188.0,1100,0,983j,3035,2026-05-12
元大大雅,209.0,0,3000,983i,3035,2026-05-12
元大大雅,208.0,1000,9000,983i,3035,2026-05-12
元大大雅,206.0,1000,0,983i,3035,2026-05-12
元大大雅,204.5,1200,0,983i,3035,2026-05-12
元大大雅,203.5,1000,0,983i,3035,2026-05-12
元大上新,192.0,100,1000,983G,3035,2026-05-12
元大大雅,202.5,1040,0,983i,3035,2026-05-12
元大大雅,200.0,6010,1000,983i,3035,2026-05-12
元大大雅,198.5,10,0,983i,3035,2026-05-12
元大大雅,197.5,90,0,983i,3035,2026-05-12
元大大雅,196.0,1000,0,983i,3035,2026-05-12
元大大雅,195.0,1300,0,983i,3035,2026-05-12
元大大雅,194.0,2000,0,983i,3035,2026-05-12
元大大雅,201.0,2000,3000,983i,3035,2026-05-12
元大仁愛,191.0,1000,0,983j,3035,2026-05-12
元大上新,191.0,0,2000,983G,3035,2026-05-12
元大上新,188.5,1000,0,983G,3035,2026-05-12
元大豐原,199.5,3000,1000,9838,3035,2026-05-12
元大豐原,201.5,0,10,9838,3035,2026-05-12
元大豐原,202.5,2000,26000,9838,3035,2026-05-12
元大豐原,204.0,100,11000,9838,3035,2026-05-12
元大豐原,205.0,0,15,9838,3035,2026-05-12
元大豐原,208.0,2000,8000,9838,3035,2026-05-12
元大豐原,210.0,2000,0,9838,3035,2026-05-12
元大林森,188.5,0,1000,983B,3035,2026-05-12
元大林森,190.0,2000,0,983B,3035,2026-05-12
元大林森,191.5,1000,0,983B,3035,2026-05-12
元大林森,193.0,1000,0,983B,3035,2026-05-12
元大林森,194.0,3000,0,983B,3035,2026-05-12
元大林森,197.0,0,1000,983B,3035,2026-05-12
元大林森,199.0,1000,0,983B,3035,2026-05-12
元大林森,203.0,0,1000,983B,3035,2026-05-12
元大林森,208.0,1000,0,983B,3035,2026-05-12
元大竹東,188.0,1000,0,983f,3035,2026-05-12
元大上新,187.5,0,1000,983G,3035,2026-05-12
元大竹東,208.0,0,1000,983f,3035,2026-05-12
元大竹東,206.0,1000,0,983f,3035,2026-05-12
元大竹東,203.0,12,0,983f,3035,2026-05-12
元大竹東,201.5,0,1000,983f,3035,2026-05-12
元大竹東,200.0,1000,0,983f,3035,2026-05-12
元大上新,189.5,2000,0,983G,3035,2026-05-12
元大竹東,199.0,1000,1000,983f,3035,2026-05-12
元大竹東,195.5,3000,0,983f,3035,2026-05-12
元大竹東,194.5,0,1000,983f,3035,2026-05-12
元大竹東,193.5,2050,0,983f,3035,2026-05-12
元大竹東,192.5,0,2400,983f,3035,2026-05-12
元大竹東,191.5,0,1000,983f,3035,2026-05-12
元大竹東,189.5,2150,0,983f,3035,2026-05-12
元大竹東,196.5,2000,0,983f,3035,2026-05-12
元大豐原,198.5,1100,1000,9838,3035,2026-05-12
元大仁愛,193.0,100,0,983j,3035,2026-05-12
元大仁愛,199.5,500,0,983j,3035,2026-05-12
元大頭份,204.0,7000,0,983U,3035,2026-05-12
元大頭份,208.0,0,1000,983U,3035,2026-05-12
元大頭份,209.5,0,1000,983U,3035,2026-05-12
元大竹南,188.0,1000,0,983V,3035,2026-05-12
元大竹南,190.0,2000,0,983V,3035,2026-05-12
元大竹南,193.0,1000,0,983V,3035,2026-05-12
元大竹南,195.5,1000,0,983V,3035,2026-05-12
元大竹南,198.0,1000,0,983V,3035,2026-05-12
元大竹南,199.5,0,1000,983V,3035,2026-05-12
元大竹南,200.5,5000,0,983V,3035,2026-05-12
元大竹南,202.5,5000,0,983V,3035,2026-05-12
元大竹南,204.0,50,0,983V,3035,2026-05-12
元大竹南,208.0,5000,0,983V,3035,2026-05-12
元大竹南,209.0,0,1000,983V,3035,2026-05-12
元大德芳,188.0,1000,0,983W,3035,2026-05-12
元大德芳,189.5,100,0,983W,3035,2026-05-12
元大德芳,190.5,1000,0,983W,3035,2026-05-12
元大德芳,209.0,161,1000,983W,3035,2026-05-12
元大德芳,207.5,1000,1000,983W,3035,2026-05-12
元大德芳,206.5,1000,0,983W,3035,2026-05-12
元大德芳,204.0,1600,0,983W,3035,2026-05-12
元大德芳,202.5,1031,2030,983W,3035,2026-05-12
元大德芳,200.0,0,2000,983W,3035,2026-05-12
元大頭份,202.5,16030,0,983U,3035,2026-05-12
元大德芳,198.5,0,1000,983W,3035,2026-05-12
元大德芳,196.5,6000,0,983W,3035,2026-05-12
元大德芳,195.5,3000,2000,983W,3035,2026-05-12
元大德芳,194.5,1001,1000,983W,3035,2026-05-12
元大德芳,193.5,2000,1000,983W,3035,2026-05-12
元大德芳,192.5,1000,1000,983W,3035,2026-05-12
元大德芳,191.5,0,1000,983W,3035,2026-05-12
元大德芳,197.5,1000,0,983W,3035,2026-05-12
元大仁愛,195.0,80,0,983j,3035,2026-05-12
元大頭份,201.0,1000,1000,983U,3035,2026-05-12
元大頭份,198.5,5,0,983U,3035,2026-05-12
元大仁愛,201.0,0,1000,983j,3035,2026-05-12
元大仁愛,202.5,0,1000,983j,3035,2026-05-12
元大仁愛,204.0,2000,0,983j,3035,2026-05-12
元大仁愛,207.0,0,2000,983j,3035,2026-05-12
元大仁愛,208.0,0,2000,983j,3035,2026-05-12
元大仁愛,209.5,1000,0,983j,3035,2026-05-12
元大學甲,189.0,1000,0,983K,3035,2026-05-12
元大學甲,194.0,0,1166,983K,3035,2026-05-12
元大學甲,201.0,1000,0,983K,3035,2026-05-12
元大學甲,207.5,1200,0,983K,3035,2026-05-12
元大木柵,188.5,1,1000,983M,3035,2026-05-12
元大木柵,189.5,0,200,983M,3035,2026-05-12
元大木柵,190.5,300,0,983M,3035,2026-05-12
元大木柵,192.0,230,1000,983M,3035,2026-05-12
元大木柵,193.0,6002,0,983M,3035,2026-05-12
元大木柵,194.0,0,45,983M,3035,2026-05-12
元大木柵,195.0,11,0,983M,3035,2026-05-12
元大頭份,197.5,1000,0,983U,3035,2026-05-12
元大頭份,195.5,3000,0,983U,3035,2026-05-12
元大頭份,194.5,8200,0,983U,3035,2026-05-12
元大頭份,193.5,4000,2000,983U,3035,2026-05-12
元大頭份,192.5,2050,0,983U,3035,2026-05-12
元大頭份,191.5,3000,2000,983U,3035,2026-05-12
元大頭份,199.5,0,1000,983U,3035,2026-05-12
元大頭份,188.5,1000,0,983U,3035,2026-05-12
元大大安,196.5,50,0,983N,3035,2026-05-12
元大大安,192.0,300,0,983N,3035,2026-05-12
元大木柵,207.0,0,3000,983M,3035,2026-05-12
元大木柵,203.0,0,1000,983M,3035,2026-05-12
元大木柵,201.0,1000,0,983M,3035,2026-05-12
元大木柵,198.0,1000,0,983M,3035,2026-05-12
元大大安,210.0,3000,0,983N,3035,2026-05-12
元大豐原,197.5,3000,1000,9838,3035,2026-05-12
元大豐原,196.0,1000,0,9838,3035,2026-05-12
元大豐原,195.0,10200,0,9838,3035,2026-05-12
元大博愛,194.0,3050,1000,982B,3035,2026-05-12
元大博愛,195.0,2100,0,982B,3035,2026-05-12
元大博愛,196.0,1000,3000,982B,3035,2026-05-12
元大博愛,197.0,1200,1000,982B,3035,2026-05-12
元大博愛,198.0,2000,1100,982B,3035,2026-05-12
元大博愛,199.5,1000,0,982B,3035,2026-05-12
元大博愛,201.0,0,1000,982B,3035,2026-05-12
元大博愛,202.5,200,1000,982B,3035,2026-05-12
元大博愛,204.0,0,1000,982B,3035,2026-05-12
元大博愛,207.0,0,3000,982B,3035,2026-05-12
元大博愛,208.0,200,11000,982B,3035,2026-05-12
元大博愛,209.5,0,1000,982B,3035,2026-05-12
元大博愛,210.5,0,51,982B,3035,2026-05-12
元大六合,188.0,100,0,982C,3035,2026-05-12
元大六合,189.0,4000,0,982C,3035,2026-05-12
元大六合,191.5,0,1000,982C,3035,2026-05-12
元大六合,192.5,0,1100,982C,3035,2026-05-12
元大四維,188.5,1000,0,9831,3035,2026-05-12
元大忠鼎,198.0,1000,0,982F,3035,2026-05-12
元大忠鼎,196.0,1000,0,982F,3035,2026-05-12
元大忠鼎,194.0,1000,0,982F,3035,2026-05-12
元大忠鼎,193.0,3000,0,982F,3035,2026-05-12
元大六合,208.5,0,4000,982C,3035,2026-05-12
元大博愛,193.0,1150,3000,982B,3035,2026-05-12
元大六合,206.5,1000,0,982C,3035,2026-05-12
元大六合,201.5,1000,0,982C,3035,2026-05-12
元大六合,199.5,0,1000,982C,3035,2026-05-12
元大六合,198.5,0,1000,982C,3035,2026-05-12
元大六合,197.0,500,0,982C,3035,2026-05-12
元大六合,194.5,2000,1000,982C,3035,2026-05-12
元大六合,193.5,1000,3000,982C,3035,2026-05-12
元大六合,202.5,0,1000,982C,3035,2026-05-12
元大四維,190.0,1010,0,9831,3035,2026-05-12
元大博愛,192.0,2158,1180,982B,3035,2026-05-12
元大博愛,190.0,1020,3000,982B,3035,2026-05-12
元大新營,198.0,100,0,9825,3035,2026-05-12
元大新營,199.0,0,5000,9825,3035,2026-05-12
元大新營,201.0,5000,0,9825,3035,2026-05-12
元大新營,202.5,0,3000,9825,3035,2026-05-12
元大永康,188.0,3100,0,9829,3035,2026-05-12
元大永康,189.5,0,1000,9829,3035,2026-05-12
元大永康,191.0,7000,0,9829,3035,2026-05-12
元大永康,192.5,100,0,9829,3035,2026-05-12
元大永康,193.5,2000,0,9829,3035,2026-05-12
元大永康,194.5,1000,1000,9829,3035,2026-05-12
元大永康,196.5,2000,0,9829,3035,2026-05-12
元大永康,197.5,3005,0,9829,3035,2026-05-12
元大永康,198.5,10,0,9829,3035,2026-05-12
元大永康,202.5,0,5000,9829,3035,2026-05-12
元大永康,208.0,1000,0,9829,3035,2026-05-12
元大羅東,188.0,3000,0,982A,3035,2026-05-12
元大羅東,189.5,3157,2500,982A,3035,2026-05-12
元大博愛,188.5,4000,0,982B,3035,2026-05-12
元大博愛,187.5,2000,0,982B,3035,2026-05-12
元大羅東,207.5,2,0,982A,3035,2026-05-12
元大羅東,206.5,0,1000,982A,3035,2026-05-12
元大羅東,204.5,1000,0,982A,3035,2026-05-12
元大羅東,200.5,3000,0,982A,3035,2026-05-12
元大博愛,191.0,3000,0,982B,3035,2026-05-12
元大羅東,199.5,0,50,982A,3035,2026-05-12
元大羅東,197.0,0,6000,982A,3035,2026-05-12
元大羅東,196.0,300,0,982A,3035,2026-05-12
元大羅東,195.0,50,0,982A,3035,2026-05-12
元大羅東,194.0,4200,1000,982A,3035,2026-05-12
元大羅東,192.5,1000,0,982A,3035,2026-05-12
元大羅東,191.0,1310,0,982A,3035,2026-05-12
元大羅東,198.0,0,1000,982A,3035,2026-05-12
元大四維,191.0,1000,0,9831,3035,2026-05-12
元大四維,192.0,1040,3000,9831,3035,2026-05-12
元大四維,193.0,0,1000,9831,3035,2026-05-12
元大中壢,207.5,1000,0,9834,3035,2026-05-12
元大中壢,208.5,2038,2000,9834,3035,2026-05-12
元大中壢,209.5,1000,0,9834,3035,2026-05-12
元大中山,189.5,50,0,9835,3035,2026-05-12
元大中山,193.0,1100,0,9835,3035,2026-05-12
元大中山,195.0,100,0,9835,3035,2026-05-12
元大中山,196.5,2000,0,9835,3035,2026-05-12
元大中山,197.5,101,200,9835,3035,2026-05-12
元大中山,198.5,100,0,9835,3035,2026-05-12
元大中山,200.0,0,1000,9835,3035,2026-05-12
元大中山,201.5,0,2000,9835,3035,2026-05-12
元大中山,202.5,30,1000,9835,3035,2026-05-12
元大中山,204.5,100,0,9835,3035,2026-05-12
元大北港,189.5,1000,0,9837,3035,2026-05-12
元大北港,190.5,1150,0,9837,3035,2026-05-12
元大北港,193.0,1000,1000,9837,3035,2026-05-12
元大北港,194.0,0,2000,9837,3035,2026-05-12
元大豐原,193.5,2000,0,9838,3035,2026-05-12
元大豐原,192.5,1100,70,9838,3035,2026-05-12
元大豐原,191.5,1000,0,9838,3035,2026-05-12
元大豐原,190.0,5119,0,9838,3035,2026-05-12
元大豐原,189.0,1300,4200,9838,3035,2026-05-12
元大豐原,188.0,0,112,9838,3035,2026-05-12
元大中壢,205.5,0,1000,9834,3035,2026-05-12
元大北港,209.0,2000,0,9837,3035,2026-05-12
元大北港,203.0,2000,0,9837,3035,2026-05-12
元大北港,201.5,100,0,9837,3035,2026-05-12
元大北港,200.5,2000,0,9837,3035,2026-05-12
元大北港,199.5,0,1000,9837,3035,2026-05-12
元大北港,197.5,1000,0,9837,3035,2026-05-12
元大北港,195.0,1000,0,9837,3035,2026-05-12
元大北港,204.0,1000,0,9837,3035,2026-05-12
元大中壢,203.5,5,5000,9834,3035,2026-05-12
元大中壢,202.0,0,2300,9834,3035,2026-05-12
元大中壢,201.0,1000,3000,9834,3035,2026-05-12
台新安南,207.5,1000,0,9B2Z,3035,2026-05-12
元大敦化,194.5,0,1000,9833,3035,2026-05-12
元大敦化,193.5,2000,0,9833,3035,2026-05-12
元大敦化,190.0,0,1000,9833,3035,2026-05-12
元大四維,210.0,0,100,9831,3035,2026-05-12
元大四維,208.5,1000,0,9831,3035,2026-05-12
元大敦化,198.5,150,0,9833,3035,2026-05-12
元大四維,204.5,0,70,9831,3035,2026-05-12
元大四維,202.0,0,1000,9831,3035,2026-05-12
元大四維,199.0,0,1300,9831,3035,2026-05-12
元大四維,198.0,100,0,9831,3035,2026-05-12
元大四維,197.0,100,0,9831,3035,2026-05-12
元大四維,196.0,300,0,9831,3035,2026-05-12
元大四維,194.5,2000,0,9831,3035,2026-05-12
元大四維,203.0,10,0,9831,3035,2026-05-12
元大新營,194.5,3000,0,9825,3035,2026-05-12
元大敦化,203.0,0,1000,9833,3035,2026-05-12
元大敦化,208.0,0,3000,9833,3035,2026-05-12
元大中壢,200.0,1000,6000,9834,3035,2026-05-12
元大中壢,199.0,2000,2000,9834,3035,2026-05-12
元大中壢,198.0,3100,1000,9834,3035,2026-05-12
元大中壢,197.0,2000,8000,9834,3035,2026-05-12
元大中壢,196.0,2000,5000,9834,3035,2026-05-12
元大中壢,195.0,3908,4000,9834,3035,2026-05-12
元大敦化,206.0,200,0,9833,3035,2026-05-12
元大中壢,194.0,11600,2302,9834,3035,2026-05-12
元大中壢,192.0,3300,5000,9834,3035,2026-05-12
元大中壢,191.0,1000,7000,9834,3035,2026-05-12
元大中壢,190.0,4707,6058,9834,3035,2026-05-12
元大中壢,189.0,4400,5000,9834,3035,2026-05-12
元大中壢,188.0,1000,5000,9834,3035,2026-05-12
元大中壢,187.0,9000,5000,9834,3035,2026-05-12
元大中壢,193.0,3070,6000,9834,3035,2026-05-12
元大西螺,193.5,12010,0,981i,3035,2026-05-12
元大西螺,192.5,0,1000,981i,3035,2026-05-12
元大西螺,189.0,1000,1000,981i,3035,2026-05-12
元大斗六,205.0,1000,0,980C,3035,2026-05-12
元大斗六,207.0,1000,0,980C,3035,2026-05-12
元大斗六,208.5,1000,0,980C,3035,2026-05-12
元大斗六,209.5,0,1000,980C,3035,2026-05-12
元大沙鹿,187.5,0,1000,980d,3035,2026-05-12
元大沙鹿,188.5,100,1000,980d,3035,2026-05-12
元大沙鹿,189.5,1000,60000,980d,3035,2026-05-12
元大沙鹿,191.5,1000,0,980d,3035,2026-05-12
元大沙鹿,192.5,2000,210,980d,3035,2026-05-12
元大沙鹿,193.5,1100,0,980d,3035,2026-05-12
元大沙鹿,194.5,1131,600,980d,3035,2026-05-12
元大沙鹿,195.5,1130,20,980d,3035,2026-05-12
元大沙鹿,196.5,500,0,980d,3035,2026-05-12
元大沙鹿,197.5,1000,0,980d,3035,2026-05-12
元大沙鹿,198.5,1000,0,980d,3035,2026-05-12
元大沙鹿,199.5,1000,1000,980d,3035,2026-05-12
元大沙鹿,200.5,0,20,980d,3035,2026-05-12
元大北府,199.5,2000,0,980D,3035,2026-05-12
元大北府,198.0,100,0,980D,3035,2026-05-12
元大北府,197.0,4150,1000,980D,3035,2026-05-12
元大北府,196.0,2010,0,980D,3035,2026-05-12
元大北府,194.0,2000,1000,980D,3035,2026-05-12
元大北府,192.5,1000,0,980D,3035,2026-05-12
元大斗六,203.0,0,2000,980C,3035,2026-05-12
元大北府,190.0,72,3000,980D,3035,2026-05-12
元大沙鹿,209.0,0,110,980d,3035,2026-05-12
元大沙鹿,208.0,0,1000,980d,3035,2026-05-12
元大沙鹿,206.0,2000,0,980d,3035,2026-05-12
元大沙鹿,204.5,0,2200,980d,3035,2026-05-12
元大沙鹿,203.0,0,1000,980d,3035,2026-05-12
元大沙鹿,201.5,100,0,980d,3035,2026-05-12
元大北府,187.5,1000,0,980D,3035,2026-05-12
元大北府,202.0,2000,0,980D,3035,2026-05-12
元大斗六,201.0,2000,1000,980C,3035,2026-05-12
元大斗六,199.0,7025,500,980C,3035,2026-05-12
元大松江,191.5,3000,0,9801,3035,2026-05-12
元大松江,192.5,1000,0,9801,3035,2026-05-12
元大松江,193.5,1000,0,9801,3035,2026-05-12
元大松江,195.0,0,1000,9801,3035,2026-05-12
元大松江,196.5,1000,0,9801,3035,2026-05-12
元大松江,197.5,0,1150,9801,3035,2026-05-12
元大松江,198.5,0,2000,9801,3035,2026-05-12
元大松江,200.5,1000,0,9801,3035,2026-05-12
元大松江,202.5,0,1000,9801,3035,2026-05-12
元大松江,207.5,1000,0,9801,3035,2026-05-12
元大中北,189.0,102,100,980a,3035,2026-05-12
元大中北,190.0,100,0,980a,3035,2026-05-12
元大中北,192.0,2,0,980a,3035,2026-05-12
元大中北,193.0,1000,1000,980a,3035,2026-05-12
元大中北,194.0,0,1000,980a,3035,2026-05-12
元大中北,195.0,450,5000,980a,3035,2026-05-12
元大中北,196.0,1000,0,980a,3035,2026-05-12
元大斗六,198.0,2000,1010,980C,3035,2026-05-12
元大斗六,196.5,0,1000,980C,3035,2026-05-12
元大斗六,195.5,4000,5000,980C,3035,2026-05-12
元大斗六,194.5,2012,10,980C,3035,2026-05-12
元大斗六,193.5,0,2650,980C,3035,2026-05-12
元大斗六,192.5,0,4000,980C,3035,2026-05-12
元大斗六,200.0,0,20,980C,3035,2026-05-12
元大斗六,191.0,1000,10,980C,3035,2026-05-12
元大中北,210.0,1000,0,980a,3035,2026-05-12
元大中北,207.5,1000,0,980a,3035,2026-05-12
元大中北,206.0,1000,0,980a,3035,2026-05-12
元大中北,201.0,0,1000,980a,3035,2026-05-12
元大中北,199.5,50,100,980a,3035,2026-05-12
元大中北,197.5,0,2000,980a,3035,2026-05-12
元大斗六,189.5,1000,3000,980C,3035,2026-05-12
元大松江,189.5,20,1000,9801,3035,2026-05-12
元大北府,204.5,2000,0,980D,3035,2026-05-12
元大北府,209.0,0,6000,980D,3035,2026-05-12
元大竹科,196.5,1010,0,980K,3035,2026-05-12
元大竹科,197.5,1085,1150,980K,3035,2026-05-12
元大竹科,198.5,13,0,980K,3035,2026-05-12
元大竹科,199.5,0,1000,980K,3035,2026-05-12
元大竹科,200.5,7000,1600,980K,3035,2026-05-12
元大竹科,202.0,4000,5000,980K,3035,2026-05-12
元大竹科,203.0,100,1000,980K,3035,2026-05-12
元大竹科,204.5,1000,0,980K,3035,2026-05-12
元大竹科,206.5,0,2000,980K,3035,2026-05-12
元大竹科,208.0,187,4000,980K,3035,2026-05-12
元大竹科,209.0,152,2000,980K,3035,2026-05-12
元大竹科,210.0,1001,51,980K,3035,2026-05-12
元大虎尾,187.5,1000,0,980l,3035,2026-05-12
元大虎尾,189.0,100,0,980l,3035,2026-05-12
元大虎尾,190.0,0,25,980l,3035,2026-05-12
元大虎尾,192.5,5000,400,980l,3035,2026-05-12
元大虎尾,193.5,3020,3000,980l,3035,2026-05-12
元大南崁,194.5,25,0,980Q,3035,2026-05-12
元大南崁,193.5,4000,0,980Q,3035,2026-05-12
元大南崁,192.5,1000,2100,980Q,3035,2026-05-12
元大南崁,190.5,1000,0,980Q,3035,2026-05-12
元大南崁,189.0,1000,1000,980Q,3035,2026-05-12
元大南崁,188.0,1000,0,980Q,3035,2026-05-12
元大竹科,195.5,3050,0,980K,3035,2026-05-12
元大虎尾,208.0,4092,0,980l,3035,2026-05-12
元大虎尾,201.0,1000,1000,980l,3035,2026-05-12
元大虎尾,200.0,0,3000,980l,3035,2026-05-12
元大虎尾,198.5,0,1000,980l,3035,2026-05-12
元大虎尾,196.5,5000,0,980l,3035,2026-05-12
元大虎尾,195.5,1000,2000,980l,3035,2026-05-12
元大虎尾,194.5,4000,3000,980l,3035,2026-05-12
元大虎尾,202.5,0,2000,980l,3035,2026-05-12
元大北府,208.0,10,1000,980D,3035,2026-05-12
元大竹科,194.5,0,2133,980K,3035,2026-05-12
元大竹科,192.5,1000,8000,980K,3035,2026-05-12
元大清水,188.5,1000,5000,980e,3035,2026-05-12
元大清水,189.5,0,8000,980e,3035,2026-05-12
元大清水,191.0,1000,0,980e,3035,2026-05-12
元大清水,193.5,2000,0,980e,3035,2026-05-12
元大清水,194.5,0,5000,980e,3035,2026-05-12
元大清水,196.0,10000,0,980e,3035,2026-05-12
元大清水,198.0,0,2000,980e,3035,2026-05-12
元大清水,199.0,11,0,980e,3035,2026-05-12
元大清水,201.0,0,4000,980e,3035,2026-05-12
元大清水,203.5,0,5000,980e,3035,2026-05-12
元大清水,208.0,320,0,980e,3035,2026-05-12
元大清水,210.0,100,0,980e,3035,2026-05-12
元大台北,188.5,0,28000,980h,3035,2026-05-12
元大台北,189.5,0,35000,980h,3035,2026-05-12
元大台北,191.0,30,0,980h,3035,2026-05-12
元大台北,192.0,1000,0,980h,3035,2026-05-12
元大台北,193.5,0,50,980h,3035,2026-05-12
元大竹科,191.5,1000,0,980K,3035,2026-05-12
元大竹科,190.0,6200,3000,980K,3035,2026-05-12
元大竹科,189.0,3010,2000,980K,3035,2026-05-12
元大台北,209.5,0,1000,980h,3035,2026-05-12
元大台北,208.5,13012,2000,980h,3035,2026-05-12
元大台北,207.5,20,0,980h,3035,2026-05-12
元大竹科,193.5,1100,0,980K,3035,2026-05-12
元大台北,203.5,0,1000,980h,3035,2026-05-12
元大台北,200.5,1000,2000,980h,3035,2026-05-12
元大台北,199.5,1015,0,980h,3035,2026-05-12
元大台北,198.5,1,0,980h,3035,2026-05-12
元大台北,197.0,34012,0,980h,3035,2026-05-12
元大台北,196.0,3000,0,980h,3035,2026-05-12
元大台北,194.5,88,0,980h,3035,2026-05-12
元大台北,202.0,13,0,980h,3035,2026-05-12
元大松江,188.0,1000,0,9801,3035,2026-05-12
元大,210.0,7100,6046,9800,3035,2026-05-12
元大,209.0,36000,11865,9800,3035,2026-05-12
富邦仁愛,207.0,0,2000,9676,3035,2026-05-12
富邦仁愛,208.0,1650,300,9676,3035,2026-05-12
富邦仁愛,209.0,100,200,9676,3035,2026-05-12
富邦仁愛,210.0,20300,2320,9676,3035,2026-05-12
富邦三重,188.0,25,0,9677,3035,2026-05-12
富邦三重,189.0,325,1000,9677,3035,2026-05-12
富邦三重,190.0,4100,0,9677,3035,2026-05-12
富邦三重,192.0,2150,400,9677,3035,2026-05-12
富邦三重,193.0,125,0,9677,3035,2026-05-12
富邦三重,194.0,1000,200,9677,3035,2026-05-12
富邦三重,195.0,14,0,9677,3035,2026-05-12
富邦三重,196.0,0,950,9677,3035,2026-05-12
富邦三重,197.5,200,0,9677,3035,2026-05-12
富邦三重,199.0,2000,4000,9677,3035,2026-05-12
富邦三重,200.0,0,1000,9677,3035,2026-05-12
富邦三重,201.5,500,0,9677,3035,2026-05-12
富邦三重,203.0,5000,1000,9677,3035,2026-05-12
富邦宜蘭,198.0,1000,1005,9686,3035,2026-05-12
富邦宜蘭,196.0,1000,0,9686,3035,2026-05-12
富邦宜蘭,195.0,1030,0,9686,3035,2026-05-12
富邦宜蘭,194.0,200,7000,9686,3035,2026-05-12
富邦宜蘭,193.0,300,8000,9686,3035,2026-05-12
富邦宜蘭,192.0,5100,1000,9686,3035,2026-05-12
富邦仁愛,205.0,1000,0,9676,3035,2026-05-12
富邦宜蘭,191.0,1000,6000,9686,3035,2026-05-12
富邦宜蘭,189.0,2000,6000,9686,3035,2026-05-12
富邦宜蘭,188.0,20,0,9686,3035,2026-05-12
富邦三重,210.0,0,200,9677,3035,2026-05-12
富邦三重,208.5,3000,1015,9677,3035,2026-05-12
富邦三重,206.5,1000,0,9677,3035,2026-05-12
富邦三重,204.5,5100,0,9677,3035,2026-05-12
富邦宜蘭,190.0,430,100,9686,3035,2026-05-12
富邦宜蘭,200.0,1000,2200,9686,3035,2026-05-12
富邦仁愛,204.0,0,3000,9676,3035,2026-05-12
富邦仁愛,201.5,0,4000,9676,3035,2026-05-12
富邦左營,205.5,0,1000,966F,3035,2026-05-12
富邦左營,207.0,0,1000,966F,3035,2026-05-12
富邦左營,208.5,1000,3000,966F,3035,2026-05-12
富邦員林,189.0,1000,0,9672,3035,2026-05-12
富邦員林,190.0,0,6000,9672,3035,2026-05-12
富邦員林,193.0,1050,0,9672,3035,2026-05-12
富邦員林,194.0,2251,2000,9672,3035,2026-05-12
富邦員林,195.0,1001,0,9672,3035,2026-05-12
富邦員林,196.0,0,1000,9672,3035,2026-05-12
富邦員林,197.5,250,0,9672,3035,2026-05-12
富邦員林,198.5,28,0,9672,3035,2026-05-12
富邦員林,200.0,0,2001,9672,3035,2026-05-12
富邦員林,201.5,500,1000,9672,3035,2026-05-12
富邦員林,204.5,0,2000,9672,3035,2026-05-12
富邦員林,205.5,1000,0,9672,3035,2026-05-12
富邦員林,207.5,1000,0,9672,3035,2026-05-12
富邦員林,209.0,1000,1000,9672,3035,2026-05-12
富邦仁愛,200.5,36000,4000,9676,3035,2026-05-12
富邦仁愛,199.5,1000,0,9676,3035,2026-05-12
富邦仁愛,198.5,2000,1000,9676,3035,2026-05-12
富邦仁愛,197.5,11300,2000,9676,3035,2026-05-12
富邦仁愛,196.5,2000,0,9676,3035,2026-05-12
富邦仁愛,195.5,0,2000,9676,3035,2026-05-12
富邦仁愛,203.0,1000,0,9676,3035,2026-05-12
富邦仁愛,194.5,4050,11000,9676,3035,2026-05-12
富邦仁愛,192.5,3210,3000,9676,3035,2026-05-12
富邦仁愛,191.5,1020,5000,9676,3035,2026-05-12
富邦仁愛,190.5,1020,1000,9676,3035,2026-05-12
富邦仁愛,189.5,4090,5050,9676,3035,2026-05-12
富邦仁愛,188.5,15000,114000,9676,3035,2026-05-12
富邦仁愛,187.0,0,1000,9676,3035,2026-05-12
富邦仁愛,193.5,4000,2000,9676,3035,2026-05-12
富邦宜蘭,202.0,0,2000,9686,3035,2026-05-12
富邦宜蘭,203.0,0,4000,9686,3035,2026-05-12
富邦宜蘭,204.0,100,3000,9686,3035,2026-05-12
富邦虎尾,200.5,1000,30000,9697,3035,2026-05-12
富邦虎尾,203.0,0,1000,9697,3035,2026-05-12
富邦虎尾,206.5,0,1000,9697,3035,2026-05-12
富邦虎尾,208.5,2000,0,9697,3035,2026-05-12
富邦北港,197.5,0,1000,969C,3035,2026-05-12
富邦北港,198.5,2000,100,969C,3035,2026-05-12
富邦北港,201.5,1000,0,969C,3035,2026-05-12
富邦北港,204.0,1000,0,969C,3035,2026-05-12
富邦北港,208.0,0,1000,969C,3035,2026-05-12
富邦北港,209.0,0,100,969C,3035,2026-05-12
元大,188.0,9000,192681,9800,3035,2026-05-12
元大,189.0,189870,147337,9800,3035,2026-05-12
元大,190.0,103803,168759,9800,3035,2026-05-12
元大,191.0,49000,35378,9800,3035,2026-05-12
元大,192.0,159000,129213,9800,3035,2026-05-12
元大,193.0,180020,214688,9800,3035,2026-05-12
元大,194.0,158254,161554,9800,3035,2026-05-12
元大,208.0,120397,4258,9800,3035,2026-05-12
元大,207.0,7000,0,9800,3035,2026-05-12
元大,206.0,11999,2000,9800,3035,2026-05-12
元大,205.0,3529,1000,9800,3035,2026-05-12
元大,204.0,39000,29084,9800,3035,2026-05-12
元大,203.0,21082,14028,9800,3035,2026-05-12
富邦虎尾,198.5,2010,0,9697,3035,2026-05-12
元大,202.0,61010,15000,9800,3035,2026-05-12
元大,200.0,129000,19758,9800,3035,2026-05-12
元大,199.0,178050,108588,9800,3035,2026-05-12
元大,198.0,44999,156321,9800,3035,2026-05-12
元大,197.0,53000,133960,9800,3035,2026-05-12
元大,196.0,84000,100350,9800,3035,2026-05-12
元大,195.0,50346,100606,9800,3035,2026-05-12
元大,201.0,67999,200575,9800,3035,2026-05-12
富邦虎尾,197.0,1000,0,9697,3035,2026-05-12
富邦虎尾,195.5,100,1000,9697,3035,2026-05-12
富邦虎尾,194.5,100,410,9697,3035,2026-05-12
富邦嘉義,198.5,1000,0,9692,3035,2026-05-12
富邦嘉義,197.0,500,0,9692,3035,2026-05-12
富邦嘉義,196.0,1000,0,9692,3035,2026-05-12
富邦嘉義,195.0,2002,0,9692,3035,2026-05-12
富邦嘉義,194.0,13000,1150,9692,3035,2026-05-12
富邦嘉義,193.0,1060,6000,9692,3035,2026-05-12
富邦嘉義,199.5,0,3000,9692,3035,2026-05-12
富邦嘉義,192.0,1000,3000,9692,3035,2026-05-12
富邦嘉義,190.0,3100,0,9692,3035,2026-05-12
富邦嘉義,189.0,100,3000,9692,3035,2026-05-12
富邦宜蘭,210.0,0,31,9686,3035,2026-05-12
富邦宜蘭,209.0,1000,0,9686,3035,2026-05-12
富邦宜蘭,208.0,4000,0,9686,3035,2026-05-12
富邦宜蘭,205.5,0,1000,9686,3035,2026-05-12
富邦嘉義,191.0,2000,0,9692,3035,2026-05-12
元大南崁,195.5,3000,0,980Q,3035,2026-05-12
富邦嘉義,200.5,6000,0,9692,3035,2026-05-12
富邦嘉義,202.5,4000,1000,9692,3035,2026-05-12
富邦虎尾,193.5,100,0,9697,3035,2026-05-12
富邦虎尾,190.0,2000,0,9697,3035,2026-05-12
富邦虎尾,189.0,8000,0,9697,3035,2026-05-12
富邦新營,204.0,0,25000,9693,3035,2026-05-12
富邦新營,201.5,0,2000,9693,3035,2026-05-12
富邦新營,198.0,1000,300,9693,3035,2026-05-12
富邦嘉義,201.5,1000,10,9692,3035,2026-05-12
富邦新營,196.5,50,0,9693,3035,2026-05-12
富邦新營,193.0,50,0,9693,3035,2026-05-12
富邦新營,192.0,0,1000,9693,3035,2026-05-12
富邦新營,189.5,50,250,9693,3035,2026-05-12
富邦新營,188.5,1000,0,9693,3035,2026-05-12
富邦嘉義,209.0,0,1000,9692,3035,2026-05-12
富邦嘉義,204.0,1000,1000,9692,3035,2026-05-12
富邦新營,194.5,1000,0,9693,3035,2026-05-12
元大南崁,197.0,3000,0,980Q,3035,2026-05-12
元大南崁,199.0,5000,2000,980Q,3035,2026-05-12
元大南崁,200.0,0,4000,980Q,3035,2026-05-12
元大南投,192.0,1000,2000,981D,3035,2026-05-12
元大南投,193.0,2100,1000,981D,3035,2026-05-12
元大南投,194.0,6000,3000,981D,3035,2026-05-12
元大南投,195.5,3000,300,981D,3035,2026-05-12
元大南投,196.5,2000,1000,981D,3035,2026-05-12
元大南投,198.0,20,1000,981D,3035,2026-05-12
元大南投,199.0,0,20,981D,3035,2026-05-12
元大南投,201.0,3000,0,981D,3035,2026-05-12
元大南投,203.0,5,3000,981D,3035,2026-05-12
元大南投,205.0,0,5000,981D,3035,2026-05-12
元大南投,207.0,1005,0,981D,3035,2026-05-12
元大南投,208.0,2043,1000,981D,3035,2026-05-12
元大南投,209.0,0,1000,981D,3035,2026-05-12
元大南投,210.5,4,0,981D,3035,2026-05-12
元大佳里,189.0,1030,0,981e,3035,2026-05-12
元大佳里,190.0,1300,0,981e,3035,2026-05-12
元大佳里,191.5,0,1000,981e,3035,2026-05-12
元大發財,193.0,100,1000,981E,3035,2026-05-12
元大發財,191.0,1000,1000,981E,3035,2026-05-12
元大發財,188.0,100,0,981E,3035,2026-05-12
元大佳里,210.0,50,0,981e,3035,2026-05-12
元大佳里,204.0,1000,0,981e,3035,2026-05-12
元大佳里,202.0,0,1000,981e,3035,2026-05-12
元大南投,191.0,1000,0,981D,3035,2026-05-12
元大佳里,201.0,0,1000,981e,3035,2026-05-12
元大佳里,198.5,0,4000,981e,3035,2026-05-12
元大佳里,197.5,100,1000,981e,3035,2026-05-12
元大佳里,196.0,100,1000,981e,3035,2026-05-12
元大佳里,194.5,1000,0,981e,3035,2026-05-12
元大佳里,193.5,4000,2310,981e,3035,2026-05-12
元大佳里,192.5,1000,0,981e,3035,2026-05-12
元大佳里,200.0,200,0,981e,3035,2026-05-12
元大發財,195.0,1000,0,981E,3035,2026-05-12
元大南投,189.5,1000,1000,981D,3035,2026-05-12
元大路竹,209.5,2000,0,981C,3035,2026-05-12
元大三峽,194.5,3000,0,981A,3035,2026-05-12
元大三峽,199.5,0,1000,981A,3035,2026-05-12
元大三峽,201.5,0,50,981A,3035,2026-05-12
元大三峽,208.5,3000,0,981A,3035,2026-05-12
元大竹北,188.0,1000,0,981B,3035,2026-05-12
元大竹北,189.0,2000,755,981B,3035,2026-05-12
元大竹北,191.0,1000,0,981B,3035,2026-05-12
元大竹北,192.0,60,0,981B,3035,2026-05-12
元大竹北,193.0,4020,0,981B,3035,2026-05-12
元大竹北,194.0,1005,2000,981B,3035,2026-05-12
元大竹北,195.0,1000,0,981B,3035,2026-05-12
元大竹北,196.0,5000,1000,981B,3035,2026-05-12
元大竹北,197.0,3000,0,981B,3035,2026-05-12
元大竹北,198.5,1000,2000,981B,3035,2026-05-12
元大竹北,200.0,2050,0,981B,3035,2026-05-12
元大竹北,202.0,0,1000,981B,3035,2026-05-12
元大竹北,203.0,0,1000,981B,3035,2026-05-12
元大路竹,203.0,55,1000,981C,3035,2026-05-12
元大路竹,202.0,0,10000,981C,3035,2026-05-12
元大路竹,200.5,1000,1000,981C,3035,2026-05-12
元大路竹,199.5,1000,0,981C,3035,2026-05-12
元大路竹,198.0,10,0,981C,3035,2026-05-12
元大路竹,197.0,1000,3000,981C,3035,2026-05-12
元大南投,188.5,1000,0,981D,3035,2026-05-12
元大路竹,195.5,1000,0,981C,3035,2026-05-12
元大路竹,193.5,9000,1000,981C,3035,2026-05-12
元大路竹,192.0,1000,0,981C,3035,2026-05-12
元大路竹,190.5,2000,0,981C,3035,2026-05-12
元大路竹,189.0,1000,0,981C,3035,2026-05-12
元大竹北,209.0,6,0,981B,3035,2026-05-12
元大竹北,205.5,0,1000,981B,3035,2026-05-12
元大路竹,194.5,310,4000,981C,3035,2026-05-12
元大發財,197.5,1000,0,981E,3035,2026-05-12
元大發財,199.0,0,5000,981E,3035,2026-05-12
元大發財,200.5,11000,0,981E,3035,2026-05-12
元大大里,208.0,1000,1000,981g,3035,2026-05-12
元大大里,209.0,0,1000,981g,3035,2026-05-12
元大大里,210.0,0,3524,981g,3035,2026-05-12
元大彰化,189.0,1100,0,981G,3035,2026-05-12
元大彰化,190.0,100,0,981G,3035,2026-05-12
元大彰化,191.0,1000,0,981G,3035,2026-05-12
元大彰化,193.0,1030,0,981G,3035,2026-05-12
元大彰化,194.0,120,0,981G,3035,2026-05-12
元大彰化,195.0,1000,0,981G,3035,2026-05-12
元大彰化,196.5,100,0,981G,3035,2026-05-12
元大彰化,198.5,1000,0,981G,3035,2026-05-12
元大彰化,199.5,0,12000,981G,3035,2026-05-12
元大彰化,200.5,5000,0,981G,3035,2026-05-12
元大彰化,202.0,1000,0,981G,3035,2026-05-12
元大彰化,204.5,0,23,981G,3035,2026-05-12
元大彰化,208.5,0,2,981G,3035,2026-05-12
元大彰化,209.5,0,100,981G,3035,2026-05-12
元大屏生,209.5,0,100,981h,3035,2026-05-12
元大屏生,208.5,1000,0,981h,3035,2026-05-12
元大屏生,203.5,1000,0,981h,3035,2026-05-12
元大屏生,202.5,2000,0,981h,3035,2026-05-12
元大屏生,201.5,1000,2000,981h,3035,2026-05-12
元大屏生,200.5,2000,1000,981h,3035,2026-05-12
元大大里,206.5,0,1000,981g,3035,2026-05-12
元大屏生,199.0,3000,2000,981h,3035,2026-05-12
元大屏生,196.0,3000,2000,981h,3035,2026-05-12
元大屏生,194.0,1000,0,981h,3035,2026-05-12
元大屏生,193.0,300,1000,981h,3035,2026-05-12
元大屏生,191.0,1000,1000,981h,3035,2026-05-12
元大屏生,189.5,1000,0,981h,3035,2026-05-12
元大屏生,187.0,1000,0,981h,3035,2026-05-12
元大屏生,198.0,1000,0,981h,3035,2026-05-12
元大大里,204.5,0,1000,981g,3035,2026-05-12
元大大里,202.0,0,1000,981g,3035,2026-05-12
元大大里,201.0,2000,2000,981g,3035,2026-05-12
元大福營,200.0,100,0,981F,3035,2026-05-12
元大福營,198.5,2250,3000,981F,3035,2026-05-12
元大福營,197.5,1000,3000,981F,3035,2026-05-12
元大福營,196.5,0,2000,981F,3035,2026-05-12
元大福營,195.5,30000,6000,981F,3035,2026-05-12
元大福營,194.5,1000,0,981F,3035,2026-05-12
元大福營,201.0,1000,1000,981F,3035,2026-05-12
元大福營,193.5,1300,4000,981F,3035,2026-05-12
元大福營,191.5,1000,1000,981F,3035,2026-05-12
元大福營,189.5,2150,380,981F,3035,2026-05-12
元大福營,188.5,3000,0,981F,3035,2026-05-12
元大發財,210.0,0,2000,981E,3035,2026-05-12
元大發財,208.5,0,11000,981E,3035,2026-05-12
元大發財,203.0,0,1000,981E,3035,2026-05-12
元大福營,192.5,200,0,981F,3035,2026-05-12
元大三峽,190.0,1000,0,981A,3035,2026-05-12
元大福營,202.0,400,0,981F,3035,2026-05-12
元大福營,204.0,20000,0,981F,3035,2026-05-12
元大大里,200.0,20,2000,981g,3035,2026-05-12
元大大里,199.0,0,1000,981g,3035,2026-05-12
元大大里,198.0,1100,20,981g,3035,2026-05-12
元大大里,197.0,3000,0,981g,3035,2026-05-12
元大大里,195.5,100,1000,981g,3035,2026-05-12
元大大里,194.5,3020,2000,981g,3035,2026-05-12
元大福營,203.0,20005,2000,981F,3035,2026-05-12
元大大里,193.5,3000,0,981g,3035,2026-05-12
元大大里,191.5,1000,0,981g,3035,2026-05-12
元大大里,190.5,1000,0,981g,3035,2026-05-12
元大大里,189.5,360,3950,981g,3035,2026-05-12
元大大里,188.0,1150,0,981g,3035,2026-05-12
元大福營,208.0,10,100,981F,3035,2026-05-12
元大福營,205.0,0,1000,981F,3035,2026-05-12
元大大里,192.5,0,1950,981g,3035,2026-05-12
富邦左營,202.5,0,4000,966F,3035,2026-05-12
元大三峽,189.0,2000,0,981A,3035,2026-05-12
元大歸仁,209.5,0,1000,981a,3035,2026-05-12
元大西屯,198.0,400,2000,980w,3035,2026-05-12
元大西屯,199.0,2000,0,980w,3035,2026-05-12
元大西屯,200.0,1000,0,980w,3035,2026-05-12
元大西屯,201.0,0,1000,980w,3035,2026-05-12
元大西屯,202.5,30,0,980w,3035,2026-05-12
元大西屯,204.5,1000,0,980w,3035,2026-05-12
元大西屯,208.5,0,3000,980w,3035,2026-05-12
元大台中,188.0,1000,0,9812,3035,2026-05-12
元大台中,189.0,10000,0,9812,3035,2026-05-12
元大台中,190.0,1050,1000,9812,3035,2026-05-12
元大台中,191.0,2000,0,9812,3035,2026-05-12
元大台中,192.0,0,160,9812,3035,2026-05-12
元大台中,193.5,20,5000,9812,3035,2026-05-12
元大台中,194.5,1000,1400,9812,3035,2026-05-12
元大台中,195.5,1000,0,9812,3035,2026-05-12
元大台中,197.5,100,2000,9812,3035,2026-05-12
元大台中,198.5,1000,0,9812,3035,2026-05-12
元大大益,188.5,0,3000,9814,3035,2026-05-12
元大中崙,209.5,50,0,9813,3035,2026-05-12
元大中崙,205.5,0,1000,9813,3035,2026-05-12
元大中崙,200.0,1000,0,9813,3035,2026-05-12
元大中崙,195.5,0,3000,9813,3035,2026-05-12
元大中崙,194.5,0,2010,9813,3035,2026-05-12
元大西屯,196.5,1000,0,980w,3035,2026-05-12
元大中崙,191.0,0,1650,9813,3035,2026-05-12
元大台中,209.5,40,0,9812,3035,2026-05-12
元大台中,208.0,100,0,9812,3035,2026-05-12
元大台中,203.5,0,1000,9812,3035,2026-05-12
元大台中,202.5,1200,0,9812,3035,2026-05-12
元大台中,201.0,0,1000,9812,3035,2026-05-12
元大台中,200.0,1015,1000,9812,3035,2026-05-12
元大中崙,188.5,1000,0,9813,3035,2026-05-12
元大大益,189.5,2040,20,9814,3035,2026-05-12
元大西屯,195.5,1000,0,980w,3035,2026-05-12
元大西屯,193.5,1,0,980w,3035,2026-05-12
元大南崁,202.5,0,3215,980Q,3035,2026-05-12
元大南崁,204.0,200,1000,980Q,3035,2026-05-12
元大南崁,208.0,2000,4000,980Q,3035,2026-05-12
元大南崁,210.0,4015,1100,980Q,3035,2026-05-12
元大南海,188.0,250,0,980R,3035,2026-05-12
元大南海,190.0,1000,2130,980R,3035,2026-05-12
元大南海,191.0,200,0,980R,3035,2026-05-12
元大南海,193.0,0,11000,980R,3035,2026-05-12
元大南海,194.5,1000,0,980R,3035,2026-05-12
元大南海,196.5,1050,0,980R,3035,2026-05-12
元大南海,198.0,0,3000,980R,3035,2026-05-12
元大南海,200.0,0,1000,980R,3035,2026-05-12
元大南海,201.0,1000,0,980R,3035,2026-05-12
元大南海,203.0,100,2000,980R,3035,2026-05-12
元大南海,205.0,0,1000,980R,3035,2026-05-12
元大南海,208.0,100,0,980R,3035,2026-05-12
元大南海,210.5,100,0,980R,3035,2026-05-12
元大西屯,192.5,5000,5100,980w,3035,2026-05-12
元大西屯,191.5,1000,22000,980w,3035,2026-05-12
元大西屯,190.5,1000,0,980w,3035,2026-05-12
元大西屯,189.5,2500,0,980w,3035,2026-05-12
元大西屯,188.5,1000,1000,980w,3035,2026-05-12
元大府城,206.0,1000,1000,980u,3035,2026-05-12
元大西屯,194.5,0,3000,980w,3035,2026-05-12
元大府城,203.0,200,0,980u,3035,2026-05-12
元大府城,198.0,0,1000,980u,3035,2026-05-12
元大府城,196.0,1000,0,980u,3035,2026-05-12
元大府城,195.0,1015,1000,980u,3035,2026-05-12
元大府城,194.0,1000,2000,980u,3035,2026-05-12
元大府城,193.0,1000,0,980u,3035,2026-05-12
元大府城,189.5,300,0,980u,3035,2026-05-12
元大府城,199.0,1050,0,980u,3035,2026-05-12
元大大益,190.5,10000,0,9814,3035,2026-05-12
元大大益,192.0,0,3000,9814,3035,2026-05-12
元大大益,193.0,30,2000,9814,3035,2026-05-12
元大新竹,201.0,1000,2000,9816,3035,2026-05-12
元大新竹,202.5,1077,0,9816,3035,2026-05-12
元大新竹,207.5,2000,1000,9816,3035,2026-05-12
元大新竹,208.5,1,1000,9816,3035,2026-05-12
元大新竹,209.5,0,1000,9816,3035,2026-05-12
元大東泰,189.0,58,0,9817,3035,2026-05-12
元大東泰,192.0,2000,0,9817,3035,2026-05-12
元大東泰,193.5,3100,1000,9817,3035,2026-05-12
元大東泰,194.5,10,0,9817,3035,2026-05-12
元大東泰,195.5,0,1000,9817,3035,2026-05-12
元大東泰,198.0,0,3000,9817,3035,2026-05-12
元大東泰,199.0,1000,0,9817,3035,2026-05-12
元大東泰,202.0,0,2000,9817,3035,2026-05-12
元大東泰,203.5,0,200,9817,3035,2026-05-12
元大東泰,208.5,1000,0,9817,3035,2026-05-12
元大東泰,209.5,0,2000,9817,3035,2026-05-12
元大歸仁,189.0,1000,1000,981a,3035,2026-05-12
元大歸仁,208.5,1000,1000,981a,3035,2026-05-12
元大歸仁,206.0,5,0,981a,3035,2026-05-12
元大歸仁,204.5,500,0,981a,3035,2026-05-12
元大歸仁,203.0,0,3000,981a,3035,2026-05-12
元大歸仁,202.0,0,2001,981a,3035,2026-05-12
元大歸仁,201.0,1000,3000,981a,3035,2026-05-12
元大新竹,200.0,0,1000,9816,3035,2026-05-12
元大歸仁,200.0,1000,0,981a,3035,2026-05-12
元大歸仁,198.0,2000,0,981a,3035,2026-05-12
元大歸仁,197.0,2000,0,981a,3035,2026-05-12
元大歸仁,195.0,2600,0,981a,3035,2026-05-12
元大歸仁,194.0,1000,3000,981a,3035,2026-05-12
元大歸仁,193.0,100,0,981a,3035,2026-05-12
元大歸仁,191.5,1000,0,981a,3035,2026-05-12
元大歸仁,199.0,0,3000,981a,3035,2026-05-12
元大新竹,198.5,0,2,9816,3035,2026-05-12
元大新竹,196.0,1000,3000,9816,3035,2026-05-12
元大新竹,195.0,1260,0,9816,3035,2026-05-12
元大大灣,192.0,1000,1000,9815,3035,2026-05-12
元大大灣,190.5,1000,1000,9815,3035,2026-05-12
元大大灣,189.5,20,2000,9815,3035,2026-05-12
元大大灣,188.5,2000,0,9815,3035,2026-05-12
元大大灣,187.5,2000,0,9815,3035,2026-05-12
元大大益,209.0,0,2100,9814,3035,2026-05-12
元大大灣,194.0,1020,0,9815,3035,2026-05-12
元大大益,205.0,0,280,9814,3035,2026-05-12
元大大益,201.0,0,1000,9814,3035,2026-05-12
元大大益,199.5,2000,1,9814,3035,2026-05-12
元大大益,198.5,1000,1000,9814,3035,2026-05-12
元大大益,196.5,11000,0,9814,3035,2026-05-12
元大大益,195.0,1000,0,9814,3035,2026-05-12
元大大益,194.0,1000,0,9814,3035,2026-05-12
元大大益,203.0,0,5000,9814,3035,2026-05-12
元大三峽,187.5,0,7000,981A,3035,2026-05-12
元大大灣,195.0,1000,0,9815,3035,2026-05-12
元大大灣,198.0,300,0,9815,3035,2026-05-12
元大新竹,194.0,1000,10000,9816,3035,2026-05-12
元大新竹,193.0,2030,3000,9816,3035,2026-05-12
元大新竹,191.5,10,10000,9816,3035,2026-05-12
元大新竹,190.0,2010,20,9816,3035,2026-05-12
元大新竹,188.5,2010,0,9816,3035,2026-05-12
元大大灣,210.5,5,0,9815,3035,2026-05-12
元大大灣,196.5,1000,0,9815,3035,2026-05-12
元大大灣,209.5,7,0,9815,3035,2026-05-12
元大大灣,206.5,1000,0,9815,3035,2026-05-12
元大大灣,204.0,100,0,9815,3035,2026-05-12
元大大灣,203.0,1,0,9815,3035,2026-05-12
元大大灣,201.0,5,0,9815,3035,2026-05-12
元大大灣,200.0,1000,0,9815,3035,2026-05-12
元大大灣,199.0,1000,0,9815,3035,2026-05-12
元大大灣,208.0,150,0,9815,3035,2026-05-12
台新安南,208.5,0,2100,9B2Z,3035,2026-05-12
台新中港,204.0,0,200,9B2i,3035,2026-05-12
