securities_trader,price,buy,sell,securities_trader_id,stock_id,date
富邦,197.5,0,2392,9600,3035,2026-05-21
富邦,196.5,3000,0,9600,3035,2026-05-21
台新安南,205.0,1000,0,9B2Z,3035,2026-05-21
群益崇德,208.0,1000,0,913U,3035,2026-05-21
群益崇德,205.5,0,12000,913U,3035,2026-05-21
群益崇德,204.0,1020,1000,913U,3035,2026-05-21
群益崇德,202.0,0,1000,913U,3035,2026-05-21
群益崇德,200.5,0,1000,913U,3035,2026-05-21
群益崇德,199.5,0,2034,913U,3035,2026-05-21
群益崇德,196.0,3000,0,913U,3035,2026-05-21
群益北高,204.5,0,2000,913R,3035,2026-05-21
群益北高,203.5,0,2000,913R,3035,2026-05-21
群益北高,201.5,0,1000,913R,3035,2026-05-21
群益北高,200.5,0,1000,913R,3035,2026-05-21
群益北高,199.0,0,230,913R,3035,2026-05-21
群益北高,198.0,500,0,913R,3035,2026-05-21
群益土城,207.5,100,0,913N,3035,2026-05-21
群益土城,203.5,2000,0,913N,3035,2026-05-21
群益館前,196.0,1000,0,913Y,3035,2026-05-21
群益館前,198.5,10,1000,913Y,3035,2026-05-21
群益館前,199.5,1018,2000,913Y,3035,2026-05-21
群益館前,200.5,3000,1000,913Y,3035,2026-05-21
群益台中,200.0,2,300,9184,3035,2026-05-21
群益台中,199.0,3000,2000,9184,3035,2026-05-21
群益台中,198.0,1000,100,9184,3035,2026-05-21
群益台中,196.5,0,1000,9184,3035,2026-05-21
群益高雄,207.5,0,3000,9183,3035,2026-05-21
群益高雄,205.0,0,1000,9183,3035,2026-05-21
群益高雄,204.0,0,4000,9183,3035,2026-05-21
群益土城,201.5,1000,0,913N,3035,2026-05-21
群益高雄,203.0,2000,0,9183,3035,2026-05-21
群益高雄,201.0,0,6100,9183,3035,2026-05-21
群益高雄,199.0,2000,0,9183,3035,2026-05-21
群益館前,206.0,0,1000,913Y,3035,2026-05-21
群益館前,204.5,200,1000,913Y,3035,2026-05-21
群益館前,203.5,0,5000,913Y,3035,2026-05-21
群益館前,202.5,0,4000,913Y,3035,2026-05-21
群益館前,201.5,1000,2000,913Y,3035,2026-05-21
群益高雄,202.0,1090,10020,9183,3035,2026-05-21
群益台中,201.0,0,6100,9184,3035,2026-05-21
群益土城,200.0,1000,1000,913N,3035,2026-05-21
群益萬華,208.0,0,28,913I,3035,2026-05-21
群益潭子,208.0,0,5200,913D,3035,2026-05-21
群益潭子,207.0,0,1000,913D,3035,2026-05-21
群益潭子,203.0,1000,0,913D,3035,2026-05-21
群益潭子,199.0,1000,0,913D,3035,2026-05-21
群益潭子,198.0,1000,0,913D,3035,2026-05-21
群益中港,204.0,0,10,9138,3035,2026-05-21
群益中港,201.0,0,6000,9138,3035,2026-05-21
群益中港,199.0,0,1000,9138,3035,2026-05-21
群益士林,204.5,0,500,9137,3035,2026-05-21
群益士林,203.0,0,1000,9137,3035,2026-05-21
群益士林,201.5,0,9000,9137,3035,2026-05-21
群益士林,200.5,3000,4000,9137,3035,2026-05-21
群益士林,199.5,7000,1000,9137,3035,2026-05-21
群益士林,196.0,1000,0,9137,3035,2026-05-21
群益西松,208.0,0,3050,9136,3035,2026-05-21
群益基隆,199.5,0,1000,913E,3035,2026-05-21
群益基隆,201.0,1000,0,913E,3035,2026-05-21
群益基隆,205.5,0,1000,913E,3035,2026-05-21
群益三重,196.0,20000,0,913g,3035,2026-05-21
群益萬華,202.0,2000,30,913I,3035,2026-05-21
群益萬華,199.0,50,2000,913I,3035,2026-05-21
群益萬華,196.0,0,1000,913I,3035,2026-05-21
群益屏東,203.5,1000,1000,913H,3035,2026-05-21
群益屏東,201.5,1000,0,913H,3035,2026-05-21
群益屏東,200.0,1000,1000,913H,3035,2026-05-21
群益屏東,198.5,1000,0,913H,3035,2026-05-21
群益土城,197.5,0,1000,913N,3035,2026-05-21
群益屏東,197.5,1000,0,913H,3035,2026-05-21
群益三重,204.5,22000,0,913g,3035,2026-05-21
群益三重,203.5,6000,0,913g,3035,2026-05-21
群益三重,202.5,50000,0,913g,3035,2026-05-21
群益三重,201.0,0,44000,913g,3035,2026-05-21
群益三重,200.0,1000,12000,913g,3035,2026-05-21
群益三重,199.0,0,1000,913g,3035,2026-05-21
群益三重,198.0,0,2000,913g,3035,2026-05-21
群益三重,208.0,0,5200,913g,3035,2026-05-21
群益台中,202.0,0,7000,9184,3035,2026-05-21
群益台中,203.0,0,6000,9184,3035,2026-05-21
群益台中,205.0,0,1000,9184,3035,2026-05-21
群益鳳山,202.5,0,30,918c,3035,2026-05-21
群益鳳山,201.5,50,1000,918c,3035,2026-05-21
群益鳳山,200.5,1000,100,918c,3035,2026-05-21
群益鳳山,199.0,1000,2001,918c,3035,2026-05-21
群益鳳山,196.5,0,1000,918c,3035,2026-05-21
群益鳳山,195.5,1000,0,918c,3035,2026-05-21
群益板橋,206.0,2000,0,918B,3035,2026-05-21
群益板橋,204.0,0,4000,918B,3035,2026-05-21
群益板橋,203.0,1000,0,918B,3035,2026-05-21
群益板橋,201.0,0,1000,918B,3035,2026-05-21
群益板橋,200.0,1100,100,918B,3035,2026-05-21
群益板橋,199.0,0,1000,918B,3035,2026-05-21
群益板橋,198.0,1000,0,918B,3035,2026-05-21
群益中壢,208.0,500,2000,918A,3035,2026-05-21
群益中壢,207.0,0,50,918A,3035,2026-05-21
群益鳳山,204.0,0,300,918c,3035,2026-05-21
群益鳳山,205.5,0,1000,918c,3035,2026-05-21
群益鳳山,208.0,0,2000,918c,3035,2026-05-21
群益古亭,198.5,0,10,918C,3035,2026-05-21
群益南京,197.0,0,1000,918E,3035,2026-05-21
群益大安,204.0,0,1000,918e,3035,2026-05-21
群益東門,208.0,0,6100,918D,3035,2026-05-21
群益東門,204.0,0,22000,918D,3035,2026-05-21
群益東門,202.5,0,150,918D,3035,2026-05-21
群益東門,199.0,0,1000,918D,3035,2026-05-21
群益內湖,208.0,2000,2250,918d,3035,2026-05-21
群益中壢,205.0,0,2000,918A,3035,2026-05-21
群益內湖,204.0,0,1000,918d,3035,2026-05-21
群益內湖,200.5,100,0,918d,3035,2026-05-21
群益內湖,196.5,0,1000,918d,3035,2026-05-21
群益古亭,205.0,0,1501,918C,3035,2026-05-21
群益古亭,203.5,1000,0,918C,3035,2026-05-21
群益古亭,201.5,0,1010,918C,3035,2026-05-21
群益古亭,200.5,1000,0,918C,3035,2026-05-21
群益古亭,199.5,1450,4000,918C,3035,2026-05-21
群益內湖,202.0,0,1000,918d,3035,2026-05-21
群益中壢,204.0,20,11010,918A,3035,2026-05-21
群益中壢,202.5,1000,100,918A,3035,2026-05-21
群益中壢,201.0,0,2100,918A,3035,2026-05-21
群益彰化,200.5,1000,1050,9187,3035,2026-05-21
群益彰化,199.5,1024,1000,9187,3035,2026-05-21
群益新竹,208.0,0,14035,9186,3035,2026-05-21
群益新竹,206.0,0,1000,9186,3035,2026-05-21
群益新竹,204.0,1000,3000,9186,3035,2026-05-21
群益新竹,202.0,0,3000,9186,3035,2026-05-21
群益新竹,201.0,1000,1000,9186,3035,2026-05-21
群益彰化,202.0,0,1000,9187,3035,2026-05-21
群益新竹,198.0,0,400,9186,3035,2026-05-21
群益台南,202.0,1000,0,9185,3035,2026-05-21
群益台南,201.0,1000,0,9185,3035,2026-05-21
群益台南,200.0,0,1001,9185,3035,2026-05-21
群益台南,199.0,1000,1000,9185,3035,2026-05-21
群益台南,197.0,5000,0,9185,3035,2026-05-21
群益台南,195.5,5000,0,9185,3035,2026-05-21
群益台中,207.5,0,150,9184,3035,2026-05-21
群益台南,203.5,0,10000,9185,3035,2026-05-21
群益西松,205.0,0,1000,9136,3035,2026-05-21
群益彰化,204.5,0,250,9187,3035,2026-05-21
群益三民,196.0,0,1000,9188,3035,2026-05-21
群益中壢,200.0,1000,200,918A,3035,2026-05-21
群益中壢,199.0,21000,0,918A,3035,2026-05-21
群益桃園,208.0,2000,4305,9189,3035,2026-05-21
群益桃園,204.5,0,1000,9189,3035,2026-05-21
群益桃園,203.5,0,1000,9189,3035,2026-05-21
群益桃園,202.5,0,2000,9189,3035,2026-05-21
群益桃園,201.0,2000,2000,9189,3035,2026-05-21
群益彰化,206.0,0,1000,9187,3035,2026-05-21
群益桃園,199.5,2000,4000,9189,3035,2026-05-21
群益桃園,196.5,0,1000,9189,3035,2026-05-21
群益三民,207.5,1000,0,9188,3035,2026-05-21
群益三民,204.0,500,0,9188,3035,2026-05-21
群益三民,202.5,0,3000,9188,3035,2026-05-21
群益三民,201.5,1000,1000,9188,3035,2026-05-21
群益三民,200.0,1000,2000,9188,3035,2026-05-21
群益三民,198.5,0,6000,9188,3035,2026-05-21
群益桃園,198.0,0,1000,9189,3035,2026-05-21
群益西松,204.0,0,1000,9136,3035,2026-05-21
群益西松,202.0,400,0,9136,3035,2026-05-21
群益西松,201.0,0,1000,9136,3035,2026-05-21
國泰館前,196.0,1000,1000,888A,3035,2026-05-21
國泰敦南,208.0,5271,75876,8888,3035,2026-05-21
國泰敦南,207.0,1000,2200,8888,3035,2026-05-21
國泰敦南,206.0,1000,5103,8888,3035,2026-05-21
國泰敦南,205.0,1320,31265,8888,3035,2026-05-21
國泰敦南,204.0,20665,26846,8888,3035,2026-05-21
國泰敦南,203.0,15391,20123,8888,3035,2026-05-21
國泰敦南,202.0,17503,73230,8888,3035,2026-05-21
國泰敦南,201.0,17518,58472,8888,3035,2026-05-21
國泰敦南,200.0,69866,45616,8888,3035,2026-05-21
國泰敦南,199.0,32463,24075,8888,3035,2026-05-21
國泰敦南,198.0,18907,9580,8888,3035,2026-05-21
國泰敦南,197.0,9000,10000,8888,3035,2026-05-21
國泰敦南,196.0,6000,17000,8888,3035,2026-05-21
國泰忠孝,208.0,0,6329,8887,3035,2026-05-21
國泰館前,197.0,2000,0,888A,3035,2026-05-21
國泰館前,198.0,1080,2000,888A,3035,2026-05-21
國泰館前,199.0,5030,1220,888A,3035,2026-05-21
國泰館前,200.0,6250,9140,888A,3035,2026-05-21
國泰板橋,203.5,1000,1000,888K,3035,2026-05-21
國泰板橋,202.5,2000,0,888K,3035,2026-05-21
國泰板橋,201.5,5000,3004,888K,3035,2026-05-21
國泰板橋,200.5,7300,6000,888K,3035,2026-05-21
國泰板橋,199.5,4116,4000,888K,3035,2026-05-21
國泰板橋,198.5,400,1000,888K,3035,2026-05-21
國泰板橋,197.5,1000,1000,888K,3035,2026-05-21
國泰忠孝,205.0,1000,100,8887,3035,2026-05-21
國泰板橋,196.5,1000,1000,888K,3035,2026-05-21
國泰館前,207.0,0,1000,888A,3035,2026-05-21
國泰館前,206.0,0,1000,888A,3035,2026-05-21
國泰館前,205.0,1000,5500,888A,3035,2026-05-21
國泰館前,204.0,2300,2015,888A,3035,2026-05-21
國泰館前,203.0,1000,12525,888A,3035,2026-05-21
國泰館前,202.0,1000,18000,888A,3035,2026-05-21
國泰館前,201.0,2288,5000,888A,3035,2026-05-21
國泰館前,208.0,160,13885,888A,3035,2026-05-21
國泰忠孝,204.0,1,3000,8887,3035,2026-05-21
國泰忠孝,202.5,5000,0,8887,3035,2026-05-21
國泰忠孝,201.5,3100,2000,8887,3035,2026-05-21
國泰桃園,202.0,2000,4150,8885,3035,2026-05-21
國泰桃園,201.0,2000,2790,8885,3035,2026-05-21
國泰桃園,200.0,2600,2100,8885,3035,2026-05-21
國泰桃園,199.0,2100,1175,8885,3035,2026-05-21
國泰桃園,198.0,2000,5000,8885,3035,2026-05-21
國泰桃園,197.0,1000,2000,8885,3035,2026-05-21
國泰桃園,196.0,3000,1000,8885,3035,2026-05-21
國泰桃園,203.0,0,5300,8885,3035,2026-05-21
國泰台南,207.0,0,2100,8884,3035,2026-05-21
國泰台南,204.0,1512,21000,8884,3035,2026-05-21
國泰台南,203.0,1005,11700,8884,3035,2026-05-21
國泰台南,202.0,1000,5100,8884,3035,2026-05-21
國泰台南,201.0,6200,1000,8884,3035,2026-05-21
國泰台南,200.0,3000,2085,8884,3035,2026-05-21
國泰台南,199.0,1070,3391,8884,3035,2026-05-21
國泰台南,198.0,3000,25,8884,3035,2026-05-21
國泰台南,205.0,400,11175,8884,3035,2026-05-21
國泰板橋,204.5,10,3050,888K,3035,2026-05-21
國泰桃園,204.0,1450,100,8885,3035,2026-05-21
國泰桃園,206.0,0,100,8885,3035,2026-05-21
國泰忠孝,200.5,80000,1000,8887,3035,2026-05-21
國泰忠孝,199.5,0,6000,8887,3035,2026-05-21
國泰忠孝,198.5,10000,50000,8887,3035,2026-05-21
國泰忠孝,197.5,1000,0,8887,3035,2026-05-21
國泰忠孝,196.5,0,3000,8887,3035,2026-05-21
國泰新莊,208.0,1000,3135,8886,3035,2026-05-21
國泰新莊,205.0,0,100,8886,3035,2026-05-21
國泰桃園,205.0,0,3210,8885,3035,2026-05-21
國泰新莊,204.0,1100,4214,8886,3035,2026-05-21
國泰新莊,202.0,2000,3300,8886,3035,2026-05-21
國泰新莊,201.0,0,260,8886,3035,2026-05-21
國泰新莊,200.0,0,5180,8886,3035,2026-05-21
國泰新莊,199.0,1400,5000,8886,3035,2026-05-21
國泰新莊,198.0,1110,0,8886,3035,2026-05-21
國泰新莊,196.5,5000,2000,8886,3035,2026-05-21
國泰桃園,208.0,300,20830,8885,3035,2026-05-21
國泰新莊,203.0,1000,2000,8886,3035,2026-05-21
群益南京,198.0,5,0,918E,3035,2026-05-21
國泰板橋,205.5,10,0,888K,3035,2026-05-21
國泰板橋,208.0,0,16050,888K,3035,2026-05-21
群益開元,197.0,1000,0,9134,3035,2026-05-21
群益開元,195.5,1000,0,9134,3035,2026-05-21
群益民權,205.0,0,6000,9131,3035,2026-05-21
群益民權,203.5,0,1000,9131,3035,2026-05-21
群益民權,202.5,0,2000,9131,3035,2026-05-21
群益民權,201.5,1000,0,9131,3035,2026-05-21
群益民權,200.0,1000,1000,9131,3035,2026-05-21
群益民權,198.5,0,3000,9131,3035,2026-05-21
群益民權,196.0,1000,0,9131,3035,2026-05-21
群益市府,207.5,1000,0,910D,3035,2026-05-21
群益市府,204.0,30000,0,910D,3035,2026-05-21
群益市府,203.0,20000,1000,910D,3035,2026-05-21
群益市府,202.0,10000,0,910D,3035,2026-05-21
群益市府,201.0,5260,0,910D,3035,2026-05-21
群益市府,200.0,15250,0,910D,3035,2026-05-21
群益開元,198.0,3000,0,9134,3035,2026-05-21
群益開元,199.0,2000,6100,9134,3035,2026-05-21
群益開元,200.0,0,450,9134,3035,2026-05-21
群益開元,201.0,0,2110,9134,3035,2026-05-21
群益西松,199.5,1000,0,9136,3035,2026-05-21
群益西松,196.0,0,3000,9136,3035,2026-05-21
群益東大,208.0,0,150,9135,3035,2026-05-21
群益東大,206.5,0,1000,9135,3035,2026-05-21
群益東大,204.5,1000,0,9135,3035,2026-05-21
群益東大,203.0,0,1000,9135,3035,2026-05-21
群益東大,201.0,11001,10000,9135,3035,2026-05-21
群益市府,199.0,1000,1056,910D,3035,2026-05-21
群益東大,200.0,1,1000,9135,3035,2026-05-21
群益東大,198.0,1000,40,9135,3035,2026-05-21
群益東大,196.0,0,1000,9135,3035,2026-05-21
群益開元,208.0,0,1504,9134,3035,2026-05-21
群益開元,205.0,0,350,9134,3035,2026-05-21
群益開元,204.0,0,3000,9134,3035,2026-05-21
群益開元,203.0,2000,100,9134,3035,2026-05-21
群益開元,202.0,7000,200,9134,3035,2026-05-21
群益東大,199.0,4300,0,9135,3035,2026-05-21
群益市府,197.5,1000,1000,910D,3035,2026-05-21
群益海山,208.0,0,2100,9108,3035,2026-05-21
群益海山,207.0,0,1000,9108,3035,2026-05-21
群益敦南,196.0,0,1000,9101,3035,2026-05-21
群益,208.0,2000,1000,9100,3035,2026-05-21
群益,206.5,2000,0,9100,3035,2026-05-21
群益,205.0,3000,1000,9100,3035,2026-05-21
群益,204.0,2000,10000,9100,3035,2026-05-21
群益,203.0,3000,5000,9100,3035,2026-05-21
群益,202.0,0,1100,9100,3035,2026-05-21
群益敦南,198.5,10000,10000,9101,3035,2026-05-21
群益,201.0,9000,7050,9100,3035,2026-05-21
群益,199.0,11000,10000,9100,3035,2026-05-21
群益,198.0,1000,3000,9100,3035,2026-05-21
群益,197.0,0,3000,9100,3035,2026-05-21
群益,196.0,3000,4000,9100,3035,2026-05-21
法銀巴黎,196.5,2000,0,8900,3035,2026-05-21
國泰新竹,204.5,250,0,888N,3035,2026-05-21
國泰新竹,201.0,0,2000,888N,3035,2026-05-21
群益,200.0,13000,18050,9100,3035,2026-05-21
國泰板橋,206.5,0,1000,888K,3035,2026-05-21
群益敦南,200.0,1000,1000,9101,3035,2026-05-21
群益敦南,207.5,1050,0,9101,3035,2026-05-21
群益海山,204.5,0,6000,9108,3035,2026-05-21
群益海山,203.5,0,6000,9108,3035,2026-05-21
群益海山,202.0,0,6000,9108,3035,2026-05-21
群益海山,201.0,1000,14000,9108,3035,2026-05-21
群益海山,200.0,3050,6000,9108,3035,2026-05-21
群益海山,199.0,0,200,9108,3035,2026-05-21
群益海山,198.0,11000,0,9108,3035,2026-05-21
群益敦南,202.5,0,50,9101,3035,2026-05-21
群益海山,197.0,0,5000,9108,3035,2026-05-21
群益高盛,204.5,0,1000,9105,3035,2026-05-21
群益高盛,202.0,0,1000,9105,3035,2026-05-21
群益高盛,200.5,0,1100,9105,3035,2026-05-21
群益高盛,199.5,3350,0,9105,3035,2026-05-21
群益高盛,197.5,1000,0,9105,3035,2026-05-21
群益松山,208.0,0,1000,9103,3035,2026-05-21
群益松山,196.0,0,1000,9103,3035,2026-05-21
群益海山,196.0,0,1000,9108,3035,2026-05-21
群益南京,200.0,2000,2000,918E,3035,2026-05-21
群益南京,201.0,2,2000,918E,3035,2026-05-21
群益南京,203.5,0,1000,918E,3035,2026-05-21
凱基東港,198.5,100,0,9212,3035,2026-05-21
凱基台南,208.0,5000,3230,9211,3035,2026-05-21
凱基台南,207.0,0,6000,9211,3035,2026-05-21
凱基台南,204.0,3200,1000,9211,3035,2026-05-21
凱基台南,203.0,0,9000,9211,3035,2026-05-21
凱基台南,201.5,4000,1000,9211,3035,2026-05-21
凱基台南,200.0,5000,1000,9211,3035,2026-05-21
凱基台南,199.0,0,2100,9211,3035,2026-05-21
凱基台南,198.0,0,1000,9211,3035,2026-05-21
凱基台南,196.0,0,1000,9211,3035,2026-05-21
凱基台東,208.0,0,2001,920Z,3035,2026-05-21
凱基台東,206.0,1000,0,920Z,3035,2026-05-21
凱基台東,203.5,1000,0,920Z,3035,2026-05-21
凱基台東,202.5,0,300,920Z,3035,2026-05-21
凱基台東,200.5,0,1000,920Z,3035,2026-05-21
凱基東港,199.5,0,5000,9212,3035,2026-05-21
凱基東港,200.5,1000,0,9212,3035,2026-05-21
凱基東港,203.0,0,1000,9212,3035,2026-05-21
凱基東港,208.0,0,500,9212,3035,2026-05-21
凱基松山,204.0,0,1000,9217,3035,2026-05-21
凱基松山,200.5,1000,1000,9217,3035,2026-05-21
凱基松山,198.0,1000,1000,9217,3035,2026-05-21
凱基松山,195.5,0,1000,9217,3035,2026-05-21
凱基信義,205.0,50,0,9216,3035,2026-05-21
凱基信義,199.0,100,0,9216,3035,2026-05-21
凱基高美,207.5,0,1000,9215,3035,2026-05-21
凱基台東,199.5,0,1000,920Z,3035,2026-05-21
凱基高美,205.0,0,12000,9215,3035,2026-05-21
凱基高美,203.0,1000,0,9215,3035,2026-05-21
凱基高美,202.0,1000,1000,9215,3035,2026-05-21
凱基高美,201.0,2000,1000,9215,3035,2026-05-21
凱基高美,200.0,1000,1000,9215,3035,2026-05-21
凱基高美,199.0,2000,3000,9215,3035,2026-05-21
凱基高美,198.0,0,1000,9215,3035,2026-05-21
凱基高美,196.5,1000,1000,9215,3035,2026-05-21
凱基高美,204.0,5,1000,9215,3035,2026-05-21
凱基台東,196.0,1000,0,920Z,3035,2026-05-21
凱基大里,205.0,0,10500,920W,3035,2026-05-21
凱基大里,204.0,0,1000,920W,3035,2026-05-21
凱基基隆,203.0,0,50,920H,3035,2026-05-21
凱基基隆,201.5,2000,7000,920H,3035,2026-05-21
凱基基隆,200.5,2000,2000,920H,3035,2026-05-21
凱基基隆,199.5,4000,0,920H,3035,2026-05-21
凱基基隆,198.5,3000,0,920H,3035,2026-05-21
凱基基隆,196.0,3000,0,920H,3035,2026-05-21
凱基彰化,208.0,0,5,920G,3035,2026-05-21
凱基基隆,204.5,2000,1000,920H,3035,2026-05-21
凱基彰化,205.0,50,1100,920G,3035,2026-05-21
凱基彰化,202.5,0,1000,920G,3035,2026-05-21
凱基彰化,201.5,1000,0,920G,3035,2026-05-21
凱基彰化,200.5,0,1000,920G,3035,2026-05-21
凱基彰化,199.5,0,1200,920G,3035,2026-05-21
凱基彰化,198.5,0,2000,920G,3035,2026-05-21
凱基彰化,197.0,3000,1000,920G,3035,2026-05-21
凱基站前,207.5,0,30,920F,3035,2026-05-21
凱基彰化,204.0,1000,0,920G,3035,2026-05-21
凱基松山,205.5,0,259,9217,3035,2026-05-21
凱基基隆,207.0,0,2000,920H,3035,2026-05-21
凱基宜蘭,200.5,0,3000,920M,3035,2026-05-21
凱基大里,202.0,0,1000,920W,3035,2026-05-21
凱基大里,200.5,0,1000,920W,3035,2026-05-21
凱基大里,199.5,0,100,920W,3035,2026-05-21
凱基大里,196.0,10000,3000,920W,3035,2026-05-21
凱基大里,195.0,0,1000,920W,3035,2026-05-21
凱基新店,204.0,10,0,920V,3035,2026-05-21
凱基新店,200.5,300,0,920V,3035,2026-05-21
凱基宜蘭,196.5,0,1000,920M,3035,2026-05-21
凱基湖口,208.0,0,1000,920N,3035,2026-05-21
凱基湖口,203.5,0,4000,920N,3035,2026-05-21
凱基湖口,202.0,0,100,920N,3035,2026-05-21
凱基湖口,201.0,0,1100,920N,3035,2026-05-21
凱基湖口,200.0,0,2510,920N,3035,2026-05-21
凱基湖口,198.5,0,20000,920N,3035,2026-05-21
凱基宜蘭,208.0,0,2150,920M,3035,2026-05-21
凱基宜蘭,203.5,1000,0,920M,3035,2026-05-21
凱基湖口,205.0,0,100,920N,3035,2026-05-21
凱基站前,206.0,0,1000,920F,3035,2026-05-21
凱基松山,208.0,0,4000,9217,3035,2026-05-21
凱基大直,198.5,2000,0,9218,3035,2026-05-21
凱基汐止,201.0,1000,0,9226,3035,2026-05-21
凱基汐止,199.5,0,2000,9226,3035,2026-05-21
凱基汐止,198.0,0,3000,9226,3035,2026-05-21
凱基汐止,195.5,0,2000,9226,3035,2026-05-21
凱基內埔,204.5,0,1000,9225,3035,2026-05-21
凱基內埔,202.5,159,7000,9225,3035,2026-05-21
凱基內埔,201.0,5000,0,9225,3035,2026-05-21
凱基內埔,199.5,2000,2000,9225,3035,2026-05-21
凱基豐中,208.0,0,2035,9223,3035,2026-05-21
凱基豐中,204.0,0,1000,9223,3035,2026-05-21
凱基豐中,202.0,0,1000,9223,3035,2026-05-21
凱基豐中,201.0,0,2000,9223,3035,2026-05-21
凱基豐中,200.0,1000,7000,9223,3035,2026-05-21
凱基豐中,199.0,2000,0,9223,3035,2026-05-21
凱基豐中,196.0,1000,0,9223,3035,2026-05-21
凱基汐止,202.0,0,2000,9226,3035,2026-05-21
凱基汐止,204.5,0,1000,9226,3035,2026-05-21
凱基汐止,207.0,0,1000,9226,3035,2026-05-21
凱基城中,196.0,0,2000,9227,3035,2026-05-21
凱基屏東,201.0,0,300,922C,3035,2026-05-21
凱基中山,205.0,0,5000,9229,3035,2026-05-21
凱基中山,202.5,4000,2000,9229,3035,2026-05-21
凱基中山,201.5,0,1000,9229,3035,2026-05-21
凱基中山,200.5,0,1000,9229,3035,2026-05-21
凱基中山,197.5,50,0,9229,3035,2026-05-21
凱基中山,196.0,1000,0,9229,3035,2026-05-21
凱基東勢,205.0,0,3000,921Y,3035,2026-05-21
凱基城中,207.0,0,100,9227,3035,2026-05-21
凱基城中,204.0,0,1000,9227,3035,2026-05-21
凱基城中,203.0,0,4000,9227,3035,2026-05-21
凱基城中,201.5,3000,0,9227,3035,2026-05-21
凱基城中,200.0,1000,1000,9227,3035,2026-05-21
凱基城中,199.0,0,3000,9227,3035,2026-05-21
凱基城中,198.0,0,100,9227,3035,2026-05-21
凱基城中,197.0,0,1000,9227,3035,2026-05-21
凱基城中,205.5,0,100,9227,3035,2026-05-21
凱基東勢,202.0,100,1000,921Y,3035,2026-05-21
凱基東勢,200.0,0,100,921Y,3035,2026-05-21
凱基東勢,199.0,0,100,921Y,3035,2026-05-21
凱基五股,197.0,2000,0,921G,3035,2026-05-21
凱基三峽,204.0,1000,2000,921E,3035,2026-05-21
凱基三峽,201.5,2000,5000,921E,3035,2026-05-21
凱基三峽,199.5,1000,0,921E,3035,2026-05-21
凱基三峽,198.5,1000,2000,921E,3035,2026-05-21
凱基民權,205.0,0,5000,921C,3035,2026-05-21
凱基民權,202.0,0,200,921C,3035,2026-05-21
凱基五股,199.5,1000,0,921G,3035,2026-05-21
凱基民權,201.0,0,3200,921C,3035,2026-05-21
凱基民權,198.0,1000,0,921C,3035,2026-05-21
凱基民權,196.0,0,1000,921C,3035,2026-05-21
凱基大直,206.0,0,1000,9218,3035,2026-05-21
凱基大直,203.0,0,1050,9218,3035,2026-05-21
凱基大直,202.0,0,1000,9218,3035,2026-05-21
凱基大直,200.5,1100,0,9218,3035,2026-05-21
凱基大直,199.5,1000,1000,9218,3035,2026-05-21
凱基民權,199.5,100,0,921C,3035,2026-05-21
凱基大直,197.5,3000,0,9218,3035,2026-05-21
凱基五股,201.0,0,10,921G,3035,2026-05-21
凱基五股,203.5,1000,0,921G,3035,2026-05-21
凱基新莊,208.0,0,8000,921S,3035,2026-05-21
凱基新莊,205.0,0,2000,921S,3035,2026-05-21
凱基新莊,203.0,1000,7000,921S,3035,2026-05-21
凱基新莊,201.5,2000,0,921S,3035,2026-05-21
凱基新莊,199.5,1000,0,921S,3035,2026-05-21
凱基新莊,196.0,0,1000,921S,3035,2026-05-21
凱基八德,207.0,0,1000,921M,3035,2026-05-21
凱基五股,202.5,1000,1000,921G,3035,2026-05-21
凱基八德,204.5,10,1000,921M,3035,2026-05-21
凱基八德,199.5,0,1000,921M,3035,2026-05-21
凱基八德,198.5,1000,1000,921M,3035,2026-05-21
凱基土城,205.0,200,0,921J,3035,2026-05-21
凱基土城,203.5,1000,0,921J,3035,2026-05-21
凱基土城,201.0,0,2000,921J,3035,2026-05-21
凱基土城,199.5,3000,0,921J,3035,2026-05-21
凱基五股,207.5,1000,4000,921G,3035,2026-05-21
凱基八德,201.5,20,0,921M,3035,2026-05-21
國泰台南,196.5,1000,7000,8884,3035,2026-05-21
凱基站前,204.5,0,1000,920F,3035,2026-05-21
凱基站前,202.0,5000,7100,920F,3035,2026-05-21
群益瑞豐,196.5,1000,0,918u,3035,2026-05-21
群益丹鳳,204.0,0,1000,918s,3035,2026-05-21
群益丹鳳,201.5,0,6000,918s,3035,2026-05-21
群益丹鳳,200.0,0,2000,918s,3035,2026-05-21
群益天母,203.0,0,100,918P,3035,2026-05-21
群益嘉義,208.0,0,1000,918M,3035,2026-05-21
群益嘉義,204.0,2005,2000,918M,3035,2026-05-21
群益嘉義,202.0,0,1000,918M,3035,2026-05-21
群益嘉義,201.0,10,4000,918M,3035,2026-05-21
群益嘉義,200.0,3000,0,918M,3035,2026-05-21
群益嘉義,197.5,2000,0,918M,3035,2026-05-21
群益建成,208.0,0,1000,918L,3035,2026-05-21
群益建成,204.0,0,1000,918L,3035,2026-05-21
群益建成,202.5,10000,0,918L,3035,2026-05-21
群益建成,201.5,0,1000,918L,3035,2026-05-21
群益瑞豐,198.5,100,0,918u,3035,2026-05-21
群益瑞豐,200.5,0,100,918u,3035,2026-05-21
群益瑞豐,201.5,0,2000,918u,3035,2026-05-21
群益瑞豐,202.5,1000,1000,918u,3035,2026-05-21
群益宜蘭,201.0,90,0,918z,3035,2026-05-21
群益台北,208.0,0,1000,918X,3035,2026-05-21
群益台北,202.5,300,0,918X,3035,2026-05-21
群益台北,200.5,0,1000,918X,3035,2026-05-21
群益台北,199.5,0,1000,918X,3035,2026-05-21
群益延平,208.0,0,1010,918x,3035,2026-05-21
群益延平,203.0,0,1000,918x,3035,2026-05-21
群益建成,199.5,0,5000,918L,3035,2026-05-21
群益延平,200.0,0,1000,918x,3035,2026-05-21
群益延平,198.0,0,3000,918x,3035,2026-05-21
群益忠孝,203.0,0,1000,918W,3035,2026-05-21
群益忠孝,201.5,1000,1000,918W,3035,2026-05-21
群益忠孝,200.0,2000,0,918W,3035,2026-05-21
群益瑞豐,208.0,0,55,918u,3035,2026-05-21
群益瑞豐,206.0,0,1000,918u,3035,2026-05-21
群益瑞豐,204.0,1000,1000,918u,3035,2026-05-21
群益延平,199.0,1000,0,918x,3035,2026-05-21
群益建成,197.0,0,1000,918L,3035,2026-05-21
群益東湖,205.0,0,500,918K,3035,2026-05-21
群益東湖,203.0,0,1050,918K,3035,2026-05-21
群益新莊,203.0,0,4000,918G,3035,2026-05-21
群益新莊,201.0,0,2000,918G,3035,2026-05-21
群益新莊,199.0,0,1000,918G,3035,2026-05-21
群益大甲,208.0,0,4,918g,3035,2026-05-21
群益大甲,202.0,0,1000,918g,3035,2026-05-21
群益大甲,201.0,100,1000,918g,3035,2026-05-21
群益大甲,199.0,100,0,918g,3035,2026-05-21
群益新莊,204.0,0,1000,918G,3035,2026-05-21
群益大甲,197.5,4000,1000,918g,3035,2026-05-21
群益新店,203.0,1000,300,918F,3035,2026-05-21
群益新店,201.0,0,100,918F,3035,2026-05-21
群益新店,200.0,1000,0,918F,3035,2026-05-21
群益新店,199.0,0,1000,918F,3035,2026-05-21
群益新店,198.0,100,1000,918F,3035,2026-05-21
群益南京,208.0,0,4100,918E,3035,2026-05-21
群益南京,205.0,1000,1000,918E,3035,2026-05-21
群益新店,205.0,0,1000,918F,3035,2026-05-21
群益宜蘭,203.5,0,2000,918z,3035,2026-05-21
群益新莊,205.0,0,1200,918G,3035,2026-05-21
群益竹南,197.5,0,2000,918i,3035,2026-05-21
群益東湖,200.5,3000,2210,918K,3035,2026-05-21
群益東湖,199.5,2000,0,918K,3035,2026-05-21
群益東湖,196.0,0,1000,918K,3035,2026-05-21
群益永和,204.5,2,0,918J,3035,2026-05-21
群益永和,203.5,1001,0,918J,3035,2026-05-21
群益永和,202.0,50,0,918J,3035,2026-05-21
群益永和,201.0,0,2000,918J,3035,2026-05-21
群益中山,200.5,0,1000,918H,3035,2026-05-21
群益永和,200.0,2,1100,918J,3035,2026-05-21
群益永和,197.5,2000,0,918J,3035,2026-05-21
群益永和,196.0,0,10000,918J,3035,2026-05-21
群益竹南,208.0,3000,2050,918i,3035,2026-05-21
群益竹南,205.5,0,2000,918i,3035,2026-05-21
群益竹南,204.0,1000,6000,918i,3035,2026-05-21
群益竹南,203.0,0,1000,918i,3035,2026-05-21
群益竹南,200.0,2000,1000,918i,3035,2026-05-21
群益永和,199.0,5001,0,918J,3035,2026-05-21
凱基站前,203.0,0,5011,920F,3035,2026-05-21
凱基,195.5,0,1000,9200,3035,2026-05-21
凱基,197.5,8000,0,9200,3035,2026-05-21
凱基板橋,202.0,0,1100,920A,3035,2026-05-21
凱基板橋,201.0,0,5000,920A,3035,2026-05-21
凱基板橋,199.5,1000,0,920A,3035,2026-05-21
凱基板橋,196.0,1000,0,920A,3035,2026-05-21
凱基岡山,208.0,0,1000,9209,3035,2026-05-21
凱基岡山,205.0,100,2000,9209,3035,2026-05-21
凱基岡山,202.0,0,1000,9209,3035,2026-05-21
凱基岡山,201.0,100,0,9209,3035,2026-05-21
凱基岡山,200.0,0,50,9209,3035,2026-05-21
凱基桃園,208.0,3005,6000,9208,3035,2026-05-21
凱基桃園,207.0,10000,0,9208,3035,2026-05-21
凱基桃園,205.0,4002,2000,9208,3035,2026-05-21
凱基桃園,204.0,2000,3100,9208,3035,2026-05-21
凱基桃園,203.0,3000,0,9208,3035,2026-05-21
凱基桃園,202.0,0,500,9208,3035,2026-05-21
凱基板橋,204.0,0,5000,920A,3035,2026-05-21
凱基板橋,205.0,2000,0,920A,3035,2026-05-21
凱基雙和,196.0,1000,0,920C,3035,2026-05-21
凱基雙和,198.0,1000,0,920C,3035,2026-05-21
凱基站前,201.0,2000,2250,920F,3035,2026-05-21
凱基站前,200.0,500,430,920F,3035,2026-05-21
凱基站前,199.0,2000,7000,920F,3035,2026-05-21
凱基站前,198.0,2000,0,920F,3035,2026-05-21
凱基站前,197.0,0,1000,920F,3035,2026-05-21
凱基站前,196.0,0,3000,920F,3035,2026-05-21
凱基市府,208.0,10000,2000,920D,3035,2026-05-21
凱基桃園,201.0,0,9000,9208,3035,2026-05-21
凱基市府,204.5,0,7000,920D,3035,2026-05-21
凱基市府,200.5,0,1000,920D,3035,2026-05-21
凱基市府,197.5,1000,0,920D,3035,2026-05-21
凱基雙和,207.0,0,2000,920C,3035,2026-05-21
凱基雙和,205.0,0,1000,920C,3035,2026-05-21
凱基雙和,203.5,0,1000,920C,3035,2026-05-21
凱基雙和,201.5,0,1000,920C,3035,2026-05-21
凱基雙和,200.5,1000,0,920C,3035,2026-05-21
凱基市府,203.0,0,1000,920D,3035,2026-05-21
凱基桃園,200.0,2000,2050,9208,3035,2026-05-21
凱基桃園,199.0,1000,1100,9208,3035,2026-05-21
凱基永和,205.0,0,450,9207,3035,2026-05-21
凱基台中,202.0,3000,0,9204,3035,2026-05-21
凱基台中,200.5,1000,2350,9204,3035,2026-05-21
凱基台中,199.0,1000,0,9204,3035,2026-05-21
凱基中港,208.0,1000,4032,9202,3035,2026-05-21
凱基中港,207.0,0,1000,9202,3035,2026-05-21
凱基中港,204.5,0,1000,9202,3035,2026-05-21
凱基中港,202.5,0,50,9202,3035,2026-05-21
凱基台中,203.5,3000,1000,9204,3035,2026-05-21
凱基中港,201.5,1000,0,9202,3035,2026-05-21
凱基中港,199.5,10000,0,9202,3035,2026-05-21
凱基,205.5,3000,0,9200,3035,2026-05-21
凱基,204.5,13000,0,9200,3035,2026-05-21
凱基,203.0,31000,0,9200,3035,2026-05-21
凱基,202.0,3000,0,9200,3035,2026-05-21
凱基,200.5,14000,0,9200,3035,2026-05-21
凱基,199.5,8000,0,9200,3035,2026-05-21
凱基中港,200.5,2000,0,9202,3035,2026-05-21
凱基,196.5,4000,0,9200,3035,2026-05-21
凱基台中,204.5,1000,0,9204,3035,2026-05-21
凱基三重,198.0,1000,5000,9205,3035,2026-05-21
凱基永和,202.0,0,40,9207,3035,2026-05-21
凱基永和,198.0,60,0,9207,3035,2026-05-21
凱基高雄,205.0,0,2000,9206,3035,2026-05-21
凱基高雄,203.5,0,3000,9206,3035,2026-05-21
凱基高雄,202.5,0,1000,9206,3035,2026-05-21
凱基高雄,201.0,100,200,9206,3035,2026-05-21
凱基高雄,200.0,1000,0,9206,3035,2026-05-21
凱基台中,207.5,0,3000,9204,3035,2026-05-21
凱基高雄,199.0,0,200,9206,3035,2026-05-21
凱基三重,207.5,0,2,9205,3035,2026-05-21
凱基三重,205.5,0,1000,9205,3035,2026-05-21
凱基三重,204.0,0,1000,9205,3035,2026-05-21
凱基三重,203.0,0,101,9205,3035,2026-05-21
凱基三重,202.0,0,1001,9205,3035,2026-05-21
凱基三重,200.5,5011,0,9205,3035,2026-05-21
凱基三重,199.0,1000,0,9205,3035,2026-05-21
凱基高雄,197.5,20,0,9206,3035,2026-05-21
國泰松江,208.0,0,10270,8883,3035,2026-05-21
國泰松江,205.0,0,100,8883,3035,2026-05-21
國泰松江,204.0,0,10400,8883,3035,2026-05-21
國票安和,201.0,1000,2000,779Z,3035,2026-05-21
國票安和,200.0,1000,0,779Z,3035,2026-05-21
國票安和,198.5,1000,0,779Z,3035,2026-05-21
國票安和,196.0,1000,0,779Z,3035,2026-05-21
國票博愛,204.0,0,2000,779z,3035,2026-05-21
國票博愛,203.0,1000,0,779z,3035,2026-05-21
國票博愛,201.5,0,1000,779z,3035,2026-05-21
國票博愛,200.5,1000,3000,779z,3035,2026-05-21
國票博愛,199.0,2000,1002,779z,3035,2026-05-21
國票博愛,198.0,2000,2000,779z,3035,2026-05-21
國票中和,208.0,0,2050,779X,3035,2026-05-21
國票中和,202.0,0,3000,779X,3035,2026-05-21
國票中和,199.5,0,2000,779X,3035,2026-05-21
國票中和,196.5,2000,1000,779X,3035,2026-05-21
國票彰化,208.0,0,200,779W,3035,2026-05-21
國票安和,202.0,0,11000,779Z,3035,2026-05-21
國票安和,203.0,1000,2000,779Z,3035,2026-05-21
國票安和,204.5,0,1000,779Z,3035,2026-05-21
國票安和,208.0,0,4000,779Z,3035,2026-05-21
摩根大通,202.5,89000,6000,8440,3035,2026-05-21
摩根大通,201.5,19000,0,8440,3035,2026-05-21
摩根大通,200.5,15000,9000,8440,3035,2026-05-21
摩根大通,199.5,175000,0,8440,3035,2026-05-21
摩根大通,198.5,13000,0,8440,3035,2026-05-21
摩根大通,197.0,0,3000,8440,3035,2026-05-21
摩根大通,196.0,0,5000,8440,3035,2026-05-21
國票彰化,205.0,0,1000,779W,3035,2026-05-21
安泰大發,208.0,0,1000,8381,3035,2026-05-21
安泰大發,200.0,1000,120,8381,3035,2026-05-21
安泰大發,198.0,0,1000,8381,3035,2026-05-21
安泰,207.5,0,1000,8380,3035,2026-05-21
安泰,203.0,0,1000,8380,3035,2026-05-21
安泰,202.0,128,2000,8380,3035,2026-05-21
安泰,200.5,2000,3000,8380,3035,2026-05-21
安泰,199.5,2000,0,8380,3035,2026-05-21
安泰大發,203.0,0,1000,8381,3035,2026-05-21
國票彰化,203.0,0,1000,779W,3035,2026-05-21
國票彰化,200.0,0,200,779W,3035,2026-05-21
國票彰化,198.0,1000,0,779W,3035,2026-05-21
國票長城,200.0,0,1,779u,3035,2026-05-21
國票長城,198.0,1000,0,779u,3035,2026-05-21
國票長城,196.0,0,3000,779u,3035,2026-05-21
國票桃園,203.0,0,2000,779r,3035,2026-05-21
國票九鼎,208.0,0,1020,779P,3035,2026-05-21
國票九鼎,205.0,0,7010,779P,3035,2026-05-21
國票九鼎,203.5,2000,0,779P,3035,2026-05-21
國票長城,202.0,1000,0,779u,3035,2026-05-21
國票九鼎,202.0,1000,1000,779P,3035,2026-05-21
國票九鼎,200.0,50,0,779P,3035,2026-05-21
國票九鼎,198.0,2500,0,779P,3035,2026-05-21
國票南京,208.0,0,11000,779n,3035,2026-05-21
國票南京,195.5,0,1000,779n,3035,2026-05-21
國票中港,207.5,6000,0,779m,3035,2026-05-21
國票中港,206.0,2000,0,779m,3035,2026-05-21
國票中港,202.0,1000,1000,779m,3035,2026-05-21
國票九鼎,201.0,45,1005,779P,3035,2026-05-21
摩根大通,203.5,48000,0,8440,3035,2026-05-21
國票長城,204.0,1000,0,779u,3035,2026-05-21
國票台中,196.5,0,2000,779v,3035,2026-05-21
國票天祥,207.5,0,1000,779V,3035,2026-05-21
國票天祥,204.0,0,4000,779V,3035,2026-05-21
國票天祥,202.5,1000,2,779V,3035,2026-05-21
國票天祥,201.5,1000,2000,779V,3035,2026-05-21
國票天祥,200.5,1000,1000,779V,3035,2026-05-21
國票天祥,199.5,3,0,779V,3035,2026-05-21
國票天祥,198.5,0,1000,779V,3035,2026-05-21
國票台中,195.5,0,2000,779v,3035,2026-05-21
國票台中,208.0,1002,1000,779v,3035,2026-05-21
國票台中,204.0,0,1000,779v,3035,2026-05-21
國票台中,203.0,0,3000,779v,3035,2026-05-21
國票台中,202.0,0,3000,779v,3035,2026-05-21
國票台中,201.0,1000,0,779v,3035,2026-05-21
國票台中,200.0,1000,0,779v,3035,2026-05-21
國票台中,199.0,1000,0,779v,3035,2026-05-21
國票台中,198.0,4000,2000,779v,3035,2026-05-21
國票台中,205.0,0,50,779v,3035,2026-05-21
國票中港,197.5,0,1000,779m,3035,2026-05-21
摩根大通,204.5,166000,0,8440,3035,2026-05-21
康和,196.0,0,1000,8450,3035,2026-05-21
康和仁愛,205.0,0,10000,845F,3035,2026-05-21
康和仁愛,204.0,12000,0,845F,3035,2026-05-21
康和仁愛,202.5,1000,0,845F,3035,2026-05-21
康和仁愛,201.5,0,1000,845F,3035,2026-05-21
康和仁愛,200.0,2000,0,845F,3035,2026-05-21
康和澎湖,206.0,0,1000,845E,3035,2026-05-21
康和澎湖,201.0,0,2000,845E,3035,2026-05-21
康和澎湖,198.5,0,2000,845E,3035,2026-05-21
康和板橋,207.0,0,1000,845D,3035,2026-05-21
康和板橋,203.5,0,2015,845D,3035,2026-05-21
康和板橋,202.0,0,3005,845D,3035,2026-05-21
康和板橋,201.0,0,3000,845D,3035,2026-05-21
康和板橋,199.5,0,2000,845D,3035,2026-05-21
康和板橋,198.0,2000,0,845D,3035,2026-05-21
康和永和,207.5,0,2000,845B,3035,2026-05-21
康和高雄,195.5,39000,0,845J,3035,2026-05-21
康和高雄,196.5,1000,0,845J,3035,2026-05-21
康和高雄,198.0,1000,0,845J,3035,2026-05-21
康和高雄,199.0,4000,0,845J,3035,2026-05-21
康和台北,200.0,0,1000,845U,3035,2026-05-21
康和台北,199.0,1000,0,845U,3035,2026-05-21
康和南崁,200.5,100,0,845S,3035,2026-05-21
康和南崁,199.0,0,100,845S,3035,2026-05-21
康和石牌,204.0,0,3000,845R,3035,2026-05-21
康和石牌,202.5,0,1000,845R,3035,2026-05-21
康和石牌,201.5,0,30,845R,3035,2026-05-21
康和永和,204.5,0,5050,845B,3035,2026-05-21
康和石牌,200.0,0,1000,845R,3035,2026-05-21
康和石牌,197.0,0,2000,845R,3035,2026-05-21
康和石牌,195.5,2000,0,845R,3035,2026-05-21
康和高雄,207.5,0,50,845J,3035,2026-05-21
康和高雄,204.0,2000,150,845J,3035,2026-05-21
康和高雄,202.0,2050,5000,845J,3035,2026-05-21
康和高雄,201.0,2000,2073,845J,3035,2026-05-21
康和高雄,200.0,20,1000,845J,3035,2026-05-21
康和石牌,198.5,1000,0,845R,3035,2026-05-21
康和永和,203.5,0,1000,845B,3035,2026-05-21
康和永和,201.0,0,5000,845B,3035,2026-05-21
康和永和,199.0,1000,0,845B,3035,2026-05-21
康和台南,201.5,0,10000,8458,3035,2026-05-21
康和台南,200.0,0,400,8458,3035,2026-05-21
康和台南,198.5,0,1000,8458,3035,2026-05-21
康和新竹,208.0,0,1000,8456,3035,2026-05-21
康和台中,208.0,0,1000,8455,3035,2026-05-21
康和台中,205.0,100,0,8455,3035,2026-05-21
康和台中,201.0,1000,150,8455,3035,2026-05-21
康和台南,202.5,1000,0,8458,3035,2026-05-21
康和台中,199.0,0,398,8455,3035,2026-05-21
康和延平,204.5,2000,0,8451,3035,2026-05-21
康和延平,201.0,3000,4000,8451,3035,2026-05-21
康和延平,200.0,1000,0,8451,3035,2026-05-21
康和延平,198.5,2000,0,8451,3035,2026-05-21
康和,208.0,0,1000,8450,3035,2026-05-21
康和,201.0,0,1000,8450,3035,2026-05-21
康和,199.5,0,1000,8450,3035,2026-05-21
康和台中,197.0,0,1000,8455,3035,2026-05-21
摩根大通,207.5,0,9000,8440,3035,2026-05-21
康和台南,204.0,0,1000,8458,3035,2026-05-21
康和嘉義,199.0,1000,2000,8459,3035,2026-05-21
康和永和,198.0,1000,0,845B,3035,2026-05-21
康和永和,196.5,0,5000,845B,3035,2026-05-21
康和內湖,206.0,0,1000,845A,3035,2026-05-21
康和內湖,205.0,0,1000,845A,3035,2026-05-21
康和內湖,204.0,1000,0,845A,3035,2026-05-21
康和內湖,203.0,15000,2000,845A,3035,2026-05-21
康和內湖,201.5,1000,3000,845A,3035,2026-05-21
康和嘉義,197.0,1000,0,8459,3035,2026-05-21
康和內湖,200.5,0,3000,845A,3035,2026-05-21
康和內湖,198.5,0,1000,845A,3035,2026-05-21
康和內湖,197.5,0,1000,845A,3035,2026-05-21
康和嘉義,208.0,0,2000,8459,3035,2026-05-21
康和嘉義,206.0,9000,0,8459,3035,2026-05-21
康和嘉義,204.0,0,200,8459,3035,2026-05-21
康和嘉義,202.5,0,2000,8459,3035,2026-05-21
康和嘉義,201.0,100,1000,8459,3035,2026-05-21
康和內湖,199.5,3,0,845A,3035,2026-05-21
康和台北,203.0,0,100,845U,3035,2026-05-21
國票北高,207.5,0,1000,779J,3035,2026-05-21
國票北高,202.5,0,4000,779J,3035,2026-05-21
致和,208.0,0,2100,7030,3035,2026-05-21
致和,204.0,100,1000,7030,3035,2026-05-21
致和,199.0,0,5000,7030,3035,2026-05-21
兆豐高雄,207.0,0,2000,700Z,3035,2026-05-21
兆豐高雄,205.0,0,1010,700Z,3035,2026-05-21
兆豐高雄,203.5,0,2000,700Z,3035,2026-05-21
兆豐高雄,201.5,1000,2000,700Z,3035,2026-05-21
兆豐高雄,200.5,0,700,700Z,3035,2026-05-21
兆豐高雄,199.5,2100,1000,700Z,3035,2026-05-21
兆豐高雄,198.5,1000,3000,700Z,3035,2026-05-21
兆豐高雄,197.5,0,1000,700Z,3035,2026-05-21
兆豐高雄,196.0,1000,0,700Z,3035,2026-05-21
兆豐永和,207.5,2000,0,700X,3035,2026-05-21
兆豐永和,200.5,0,11,700X,3035,2026-05-21
兆豐永和,198.5,0,1000,700X,3035,2026-05-21
致和台北,203.5,2000,0,7031,3035,2026-05-21
致和佳里,198.0,1000,0,7032,3035,2026-05-21
致和佳里,200.0,0,3000,7032,3035,2026-05-21
致和佳里,202.0,0,1000,7032,3035,2026-05-21
致和崇德,205.5,0,18000,703B,3035,2026-05-21
致和崇德,202.5,0,1000,703B,3035,2026-05-21
致和崇德,201.0,2000,0,703B,3035,2026-05-21
致和崇德,199.5,0,1000,703B,3035,2026-05-21
致和崇德,198.5,1000,0,703B,3035,2026-05-21
致和南京,207.5,0,1000,7038,3035,2026-05-21
致和南京,205.5,0,1000,7038,3035,2026-05-21
兆豐城中,205.5,0,1000,700W,3035,2026-05-21
致和南京,202.0,0,1000,7038,3035,2026-05-21
致和高雄,207.0,0,1000,7036,3035,2026-05-21
致和高雄,203.5,0,2000,7036,3035,2026-05-21
致和東門,198.0,10000,1000,7035,3035,2026-05-21
致和金華,203.0,0,100,7034,3035,2026-05-21
致和府前,207.0,0,2300,7033,3035,2026-05-21
致和佳里,206.0,0,1000,7032,3035,2026-05-21
致和佳里,203.0,0,1000,7032,3035,2026-05-21
致和南京,200.0,2000,0,7038,3035,2026-05-21
兆豐城中,204.0,4200,2000,700W,3035,2026-05-21
兆豐城中,203.0,300,0,700W,3035,2026-05-21
兆豐城中,201.5,1000,0,700W,3035,2026-05-21
兆豐桃鶯,202.0,0,1000,700U,3035,2026-05-21
兆豐桃鶯,200.0,0,2000,700U,3035,2026-05-21
兆豐桃鶯,199.0,0,51,700U,3035,2026-05-21
兆豐桃鶯,197.5,150,0,700U,3035,2026-05-21
兆豐桃鶯,196.5,1000,0,700U,3035,2026-05-21
兆豐大同,207.5,0,1000,700S,3035,2026-05-21
兆豐大同,201.5,0,1000,700S,3035,2026-05-21
兆豐桃鶯,203.0,1000,0,700U,3035,2026-05-21
兆豐大同,200.5,0,1000,700S,3035,2026-05-21
兆豐岡山,208.0,20,1002,700s,3035,2026-05-21
兆豐岡山,203.0,1000,0,700s,3035,2026-05-21
兆豐岡山,201.5,0,1000,700s,3035,2026-05-21
兆豐岡山,200.5,0,50,700s,3035,2026-05-21
兆豐岡山,199.5,0,1000,700s,3035,2026-05-21
兆豐小港,206.0,0,1100,700R,3035,2026-05-21
兆豐小港,202.0,0,100,700R,3035,2026-05-21
兆豐大同,199.5,100,0,700S,3035,2026-05-21
致和崇德,207.0,0,1000,703B,3035,2026-05-21
兆豐桃鶯,204.5,100,0,700U,3035,2026-05-21
兆豐新竹,196.0,0,1000,700V,3035,2026-05-21
兆豐城中,200.5,0,4000,700W,3035,2026-05-21
兆豐城中,198.5,0,50,700W,3035,2026-05-21
兆豐城中,197.0,0,2000,700W,3035,2026-05-21
兆豐新莊,207.5,0,2000,700w,3035,2026-05-21
兆豐新莊,206.0,0,6,700w,3035,2026-05-21
兆豐新莊,204.5,0,17006,700w,3035,2026-05-21
兆豐新莊,202.5,0,500,700w,3035,2026-05-21
兆豐桃鶯,207.5,500,0,700U,3035,2026-05-21
兆豐新莊,201.0,100,6006,700w,3035,2026-05-21
兆豐新莊,199.0,0,318,700w,3035,2026-05-21
兆豐新竹,207.5,50,0,700V,3035,2026-05-21
兆豐新竹,204.0,0,1000,700V,3035,2026-05-21
兆豐新竹,203.0,0,1000,700V,3035,2026-05-21
兆豐新竹,201.5,11000,0,700V,3035,2026-05-21
兆豐新竹,200.5,1010,5000,700V,3035,2026-05-21
兆豐新竹,199.5,55,0,700V,3035,2026-05-21
兆豐新莊,200.0,0,106,700w,3035,2026-05-21
國票北高,205.5,0,1000,779J,3035,2026-05-21
石橋,202.0,0,1000,7080,3035,2026-05-21
北城,199.5,0,5000,7750,3035,2026-05-21
國票南科,207.0,0,5000,779e,3035,2026-05-21
國票南科,204.0,0,2000,779e,3035,2026-05-21
國票南科,202.5,0,150,779e,3035,2026-05-21
國票南科,201.0,1000,1000,779e,3035,2026-05-21
國票南科,200.0,0,4000,779e,3035,2026-05-21
國票南科,199.0,2000,1000,779e,3035,2026-05-21
國票台南,208.0,1000,2000,779D,3035,2026-05-21
國票台南,203.5,1000,0,779D,3035,2026-05-21
國票台南,201.5,10,0,779D,3035,2026-05-21
國票台南,200.5,0,1200,779D,3035,2026-05-21
國票台南,199.0,4000,1000,779D,3035,2026-05-21
國票敦北,208.0,0,1000,779c,3035,2026-05-21
國票敦北,206.5,0,500,779c,3035,2026-05-21
國票敦北,204.5,0,1000,779c,3035,2026-05-21
國票敦北,201.0,1000,0,779c,3035,2026-05-21
國票南崁,195.5,0,40000,779E,3035,2026-05-21
國票南崁,196.5,0,10000,779E,3035,2026-05-21
國票南崁,198.0,0,2000,779E,3035,2026-05-21
國票南崁,200.0,0,10000,779E,3035,2026-05-21
國票北高,201.5,1000,1000,779J,3035,2026-05-21
國票北高,199.0,0,1000,779J,3035,2026-05-21
國票北高,198.0,1000,0,779J,3035,2026-05-21
國票和平,207.5,1000,0,779j,3035,2026-05-21
國票和平,204.0,0,1000,779j,3035,2026-05-21
國票和平,203.0,1000,1000,779j,3035,2026-05-21
國票和平,200.5,0,3000,779j,3035,2026-05-21
國票敦北,199.5,0,3000,779c,3035,2026-05-21
國票嘉義,207.5,0,2000,779H,3035,2026-05-21
國票嘉義,199.5,2000,1000,779H,3035,2026-05-21
國票新莊,208.0,0,42,779G,3035,2026-05-21
國票新莊,205.0,0,2000,779G,3035,2026-05-21
國票新莊,203.0,0,10050,779G,3035,2026-05-21
國票新莊,200.5,0,50,779G,3035,2026-05-21
國票新莊,199.0,0,11,779G,3035,2026-05-21
國票南崁,203.5,0,2010,779E,3035,2026-05-21
國票嘉義,202.5,0,1000,779H,3035,2026-05-21
國票敦北,196.0,0,3000,779c,3035,2026-05-21
國票內壢,207.5,0,5000,7798,3035,2026-05-21
國票內壢,205.0,0,5030,7798,3035,2026-05-21
國票台東,199.5,10,1000,7791,3035,2026-05-21
國票綜合,208.0,4000,3063,7790,3035,2026-05-21
國票綜合,205.0,1000,1000,7790,3035,2026-05-21
國票綜合,204.0,1000,20,7790,3035,2026-05-21
國票綜合,203.0,111,4010,7790,3035,2026-05-21
國票綜合,202.0,420,1000,7790,3035,2026-05-21
國票綜合,201.0,13554,0,7790,3035,2026-05-21
國票台東,201.5,100,0,7791,3035,2026-05-21
國票綜合,200.0,3393,2000,7790,3035,2026-05-21
國票綜合,198.0,3936,3000,7790,3035,2026-05-21
國票綜合,196.5,0,1000,7790,3035,2026-05-21
國票綜合,195.5,0,7000,7790,3035,2026-05-21
北城,206.5,0,1000,7750,3035,2026-05-21
北城,204.0,0,2000,7750,3035,2026-05-21
北城,202.5,0,100,7750,3035,2026-05-21
北城,201.5,2000,0,7750,3035,2026-05-21
國票綜合,199.0,375,669,7790,3035,2026-05-21
北城,197.5,1000,0,7750,3035,2026-05-21
國票北投,197.5,0,1000,7792,3035,2026-05-21
國票北投,201.0,1000,0,7792,3035,2026-05-21
國票內壢,204.0,0,1000,7798,3035,2026-05-21
國票內壢,202.0,0,3000,7798,3035,2026-05-21
國票內壢,201.0,0,3020,7798,3035,2026-05-21
國票內壢,200.0,0,38,7798,3035,2026-05-21
國票內壢,199.0,1000,0,7798,3035,2026-05-21
國票內壢,196.5,0,1000,7798,3035,2026-05-21
國票內壢,195.5,0,1000,7798,3035,2026-05-21
國票北投,199.5,0,3,7792,3035,2026-05-21
國票中正,201.5,0,1000,7797,3035,2026-05-21
國票中正,197.0,0,1000,7797,3035,2026-05-21
國票南港,205.0,0,3000,7795,3035,2026-05-21
國票南港,200.5,0,2000,7795,3035,2026-05-21
國票南港,198.0,5,0,7795,3035,2026-05-21
國票南港,196.5,0,1000,7795,3035,2026-05-21
國票北投,205.0,0,2000,7792,3035,2026-05-21
國票北投,202.5,0,2,7792,3035,2026-05-21
國票中正,199.0,1000,0,7797,3035,2026-05-21
凱基屏東,202.5,0,100,922C,3035,2026-05-21
康和台北,208.0,0,2000,845U,3035,2026-05-21
京城,198.0,0,3000,8490,3035,2026-05-21
玉山信義,199.0,1000,0,884C,3035,2026-05-21
玉山台中,208.0,2340,6022,884B,3035,2026-05-21
玉山台中,206.5,0,10000,884B,3035,2026-05-21
玉山台中,205.0,2,1000,884B,3035,2026-05-21
玉山台中,203.5,5000,4000,884B,3035,2026-05-21
玉山台中,202.0,0,1,884B,3035,2026-05-21
玉山台中,201.0,2101,25,884B,3035,2026-05-21
玉山台中,200.0,2000,1126,884B,3035,2026-05-21
玉山台中,199.0,1000,6090,884B,3035,2026-05-21
玉山台中,198.0,0,1000,884B,3035,2026-05-21
玉山台中,196.0,1000,1000,884B,3035,2026-05-21
玉山士林,207.5,200,2000,884A,3035,2026-05-21
玉山士林,206.0,0,1000,884A,3035,2026-05-21
玉山士林,204.5,3000,1000,884A,3035,2026-05-21
玉山士林,203.0,1000,9000,884A,3035,2026-05-21
玉山信義,200.5,1000,0,884C,3035,2026-05-21
玉山信義,203.5,0,1000,884C,3035,2026-05-21
玉山信義,207.5,0,2000,884C,3035,2026-05-21
玉山左營,196.5,0,1000,884D,3035,2026-05-21
玉山城中,204.5,1000,50,884E,3035,2026-05-21
玉山城中,203.0,0,1000,884E,3035,2026-05-21
玉山城中,202.0,1000,5003,884E,3035,2026-05-21
玉山城中,201.0,1000,7000,884E,3035,2026-05-21
玉山城中,200.0,0,8,884E,3035,2026-05-21
玉山城中,199.0,1000,11,884E,3035,2026-05-21
玉山城中,198.0,5000,0,884E,3035,2026-05-21
玉山士林,202.0,5000,4000,884A,3035,2026-05-21
玉山城中,196.0,0,3000,884E,3035,2026-05-21
玉山左營,204.0,1000,3000,884D,3035,2026-05-21
玉山左營,203.0,0,4000,884D,3035,2026-05-21
玉山左營,202.0,0,2300,884D,3035,2026-05-21
玉山左營,201.0,2000,8328,884D,3035,2026-05-21
玉山左營,200.0,5000,1100,884D,3035,2026-05-21
玉山左營,199.0,6000,1000,884D,3035,2026-05-21
玉山左營,198.0,3000,1000,884D,3035,2026-05-21
玉山左營,207.0,0,1000,884D,3035,2026-05-21
玉山士林,200.5,11000,0,884A,3035,2026-05-21
玉山士林,199.5,0,1000,884A,3035,2026-05-21
玉山士林,198.5,2000,4000,884A,3035,2026-05-21
玉山台南,202.5,1,0,8847,3035,2026-05-21
玉山台南,201.5,1051,4170,8847,3035,2026-05-21
玉山台南,200.5,1001,0,8847,3035,2026-05-21
玉山台南,199.5,3,2000,8847,3035,2026-05-21
玉山台南,198.5,1015,1105,8847,3035,2026-05-21
玉山台南,197.5,1000,100,8847,3035,2026-05-21
玉山板橋,208.0,0,5100,8846,3035,2026-05-21
玉山台南,203.5,10,3000,8847,3035,2026-05-21
玉山板橋,205.5,0,1000,8846,3035,2026-05-21
玉山板橋,203.0,1000,12000,8846,3035,2026-05-21
玉山板橋,202.0,0,3000,8846,3035,2026-05-21
玉山板橋,201.0,0,4000,8846,3035,2026-05-21
玉山板橋,200.0,1000,120,8846,3035,2026-05-21
玉山板橋,199.0,0,3000,8846,3035,2026-05-21
玉山板橋,197.0,1000,0,8846,3035,2026-05-21
玉山高雄,208.0,10000,16044,8843,3035,2026-05-21
玉山板橋,204.5,0,4100,8846,3035,2026-05-21
玉山城中,207.0,0,1000,884E,3035,2026-05-21
玉山台南,204.5,0,1002,8847,3035,2026-05-21
玉山台南,208.0,0,7100,8847,3035,2026-05-21
玉山士林,197.0,1000,1000,884A,3035,2026-05-21
玉山景美,208.0,2000,10360,8849,3035,2026-05-21
玉山景美,205.0,0,80,8849,3035,2026-05-21
玉山景美,203.0,1000,0,8849,3035,2026-05-21
玉山景美,201.0,250,0,8849,3035,2026-05-21
玉山景美,200.0,0,3400,8849,3035,2026-05-21
玉山景美,199.0,0,2000,8849,3035,2026-05-21
玉山台南,207.0,0,100,8847,3035,2026-05-21
玉山景美,196.5,5000,2000,8849,3035,2026-05-21
玉山嘉義,204.0,0,1000,8848,3035,2026-05-21
玉山嘉義,203.0,1000,1000,8848,3035,2026-05-21
玉山嘉義,202.0,0,1100,8848,3035,2026-05-21
玉山嘉義,201.0,1000,19030,8848,3035,2026-05-21
玉山嘉義,200.0,60,0,8848,3035,2026-05-21
玉山嘉義,199.0,3050,4000,8848,3035,2026-05-21
玉山嘉義,198.0,3000,0,8848,3035,2026-05-21
玉山嘉義,207.5,400,1000,8848,3035,2026-05-21
玉山高雄,207.0,0,1000,8843,3035,2026-05-21
玉山桃園,196.0,1000,0,884F,3035,2026-05-21
玉山桃園,199.0,222,1040,884F,3035,2026-05-21
國泰高雄,207.0,0,3000,8881,3035,2026-05-21
國泰高雄,205.0,0,6000,8881,3035,2026-05-21
國泰高雄,204.0,0,5100,8881,3035,2026-05-21
國泰高雄,203.0,0,5400,8881,3035,2026-05-21
國泰高雄,202.0,2000,6200,8881,3035,2026-05-21
國泰高雄,201.0,5000,5115,8881,3035,2026-05-21
國泰高雄,200.0,1000,4852,8881,3035,2026-05-21
國泰高雄,199.0,2100,1500,8881,3035,2026-05-21
國泰高雄,198.0,4000,0,8881,3035,2026-05-21
國泰高雄,197.0,0,1000,8881,3035,2026-05-21
國泰高雄,196.0,1000,2000,8881,3035,2026-05-21
國泰綜合,208.0,39000,2000,8880,3035,2026-05-21
國泰綜合,205.0,4000,3,8880,3035,2026-05-21
國泰綜合,204.0,7100,0,8880,3035,2026-05-21
國泰綜合,203.0,20000,0,8880,3035,2026-05-21
國泰高雄,208.0,0,7720,8881,3035,2026-05-21
國泰台中,196.0,0,20000,8882,3035,2026-05-21
國泰台中,197.0,1000,5000,8882,3035,2026-05-21
國泰台中,198.0,1000,2000,8882,3035,2026-05-21
國泰松江,203.0,0,4000,8883,3035,2026-05-21
國泰松江,202.0,17000,2000,8883,3035,2026-05-21
國泰松江,201.0,2000,2110,8883,3035,2026-05-21
國泰松江,200.0,5000,2030,8883,3035,2026-05-21
國泰松江,199.0,0,30,8883,3035,2026-05-21
國泰松江,198.0,1000,0,8883,3035,2026-05-21
國泰台中,208.0,200,15808,8882,3035,2026-05-21
國泰綜合,202.0,3000,1000,8880,3035,2026-05-21
國泰台中,207.0,1000,2000,8882,3035,2026-05-21
國泰台中,205.0,4000,8500,8882,3035,2026-05-21
國泰台中,204.0,2000,9150,8882,3035,2026-05-21
國泰台中,203.0,2020,17045,8882,3035,2026-05-21
國泰台中,202.0,5000,16420,8882,3035,2026-05-21
國泰台中,201.0,8100,10567,8882,3035,2026-05-21
國泰台中,200.0,7910,5460,8882,3035,2026-05-21
國泰台中,199.0,1410,25417,8882,3035,2026-05-21
國泰台中,206.0,11000,3050,8882,3035,2026-05-21
國泰綜合,201.0,14000,4000,8880,3035,2026-05-21
國泰綜合,200.0,14000,7000,8880,3035,2026-05-21
國泰綜合,199.0,26,3000,8880,3035,2026-05-21
玉山大里,197.5,1000,0,884J,3035,2026-05-21
玉山大里,196.5,1000,0,884J,3035,2026-05-21
玉山新竹,208.0,0,2000,884H,3035,2026-05-21
玉山新竹,205.0,0,8000,884H,3035,2026-05-21
玉山新竹,203.0,100,2000,884H,3035,2026-05-21
玉山新竹,202.0,0,9000,884H,3035,2026-05-21
玉山新竹,200.5,0,1000,884H,3035,2026-05-21
玉山大里,199.0,1000,76,884J,3035,2026-05-21
玉山新竹,199.0,100,5000,884H,3035,2026-05-21
玉山桃園,208.0,0,4000,884F,3035,2026-05-21
玉山桃園,207.0,0,2000,884F,3035,2026-05-21
玉山桃園,204.5,0,21000,884F,3035,2026-05-21
玉山桃園,203.5,0,1000,884F,3035,2026-05-21
玉山桃園,202.5,10,0,884F,3035,2026-05-21
玉山桃園,201.5,0,1100,884F,3035,2026-05-21
玉山桃園,200.5,1000,3010,884F,3035,2026-05-21
玉山新竹,197.5,1000,0,884H,3035,2026-05-21
玉山桃園,197.0,1000,0,884F,3035,2026-05-21
玉山大里,200.0,1000,4210,884J,3035,2026-05-21
玉山大里,202.0,0,1022,884J,3035,2026-05-21
國泰綜合,198.0,5000,1000,8880,3035,2026-05-21
國泰綜合,197.0,8000,0,8880,3035,2026-05-21
國泰綜合,196.0,8000,0,8880,3035,2026-05-21
玉山數位,208.0,0,3204,884M,3035,2026-05-21
玉山數位,206.0,0,1000,884M,3035,2026-05-21
玉山數位,205.0,0,2300,884M,3035,2026-05-21
玉山數位,204.0,1000,1082,884M,3035,2026-05-21
玉山大里,201.0,0,1010,884J,3035,2026-05-21
玉山數位,203.0,0,2300,884M,3035,2026-05-21
玉山數位,200.5,1030,0,884M,3035,2026-05-21
玉山數位,199.0,1002,0,884M,3035,2026-05-21
玉山數位,198.0,3,1900,884M,3035,2026-05-21
玉山大里,207.5,0,1579,884J,3035,2026-05-21
玉山大里,205.0,0,6000,884J,3035,2026-05-21
玉山大里,204.0,0,1050,884J,3035,2026-05-21
玉山大里,203.0,0,6,884J,3035,2026-05-21
玉山數位,201.5,0,50,884M,3035,2026-05-21
康和屏東,200.0,1000,0,845X,3035,2026-05-21
玉山高雄,205.0,0,1000,8843,3035,2026-05-21
玉山高雄,203.0,0,100,8843,3035,2026-05-21
新光新竹,205.5,0,1000,8563,3035,2026-05-21
新光新竹,204.5,0,1000,8563,3035,2026-05-21
新光新竹,203.5,0,3000,8563,3035,2026-05-21
新光新竹,202.5,400,1000,8563,3035,2026-05-21
新光新竹,201.5,1000,1100,8563,3035,2026-05-21
新光新竹,200.5,5000,15100,8563,3035,2026-05-21
新光新竹,199.5,15000,2030,8563,3035,2026-05-21
新光新竹,198.5,0,5000,8563,3035,2026-05-21
新光新竹,197.5,4000,0,8563,3035,2026-05-21
新光新竹,196.5,0,1000,8563,3035,2026-05-21
新光高雄,206.0,1000,5002,8562,3035,2026-05-21
新光高雄,204.5,0,3003,8562,3035,2026-05-21
新光高雄,203.5,1000,3002,8562,3035,2026-05-21
新光高雄,202.5,1000,4000,8562,3035,2026-05-21
新光高雄,201.5,0,5000,8562,3035,2026-05-21
新光新竹,207.5,0,200,8563,3035,2026-05-21
新光台南,196.0,0,3000,8564,3035,2026-05-21
新光台南,197.5,100,0,8564,3035,2026-05-21
新光台南,199.0,15010,1035,8564,3035,2026-05-21
新光桃園,207.5,1000,0,8565,3035,2026-05-21
新光桃園,204.5,1000,2005,8565,3035,2026-05-21
新光桃園,203.5,2000,0,8565,3035,2026-05-21
新光桃園,202.0,1000,8000,8565,3035,2026-05-21
新光桃園,201.0,1000,2000,8565,3035,2026-05-21
新光桃園,200.0,2300,3170,8565,3035,2026-05-21
新光桃園,199.0,0,1024,8565,3035,2026-05-21
新光高雄,200.5,2003,1230,8562,3035,2026-05-21
新光桃園,198.0,1000,1000,8565,3035,2026-05-21
新光台南,208.0,1000,3125,8564,3035,2026-05-21
新光台南,206.0,0,2000,8564,3035,2026-05-21
新光台南,204.5,0,1000,8564,3035,2026-05-21
新光台南,203.5,1000,0,8564,3035,2026-05-21
新光台南,202.0,0,2060,8564,3035,2026-05-21
新光台南,201.0,1000,8010,8564,3035,2026-05-21
新光台南,200.0,503,1192,8564,3035,2026-05-21
新光桃園,196.5,0,2000,8565,3035,2026-05-21
新光高雄,199.5,6000,3000,8562,3035,2026-05-21
新光高雄,198.5,2000,0,8562,3035,2026-05-21
新光高雄,197.5,0,2000,8562,3035,2026-05-21
新光,199.0,14527,15700,8560,3035,2026-05-21
新光,198.0,2223,7040,8560,3035,2026-05-21
新光,197.0,2000,2000,8560,3035,2026-05-21
新光,196.0,4000,3000,8560,3035,2026-05-21
新光,195.0,1000,0,8560,3035,2026-05-21
中農,206.0,0,1000,8520,3035,2026-05-21
中農,202.0,2000,0,8520,3035,2026-05-21
新光,200.0,19650,29300,8560,3035,2026-05-21
中農,201.0,0,1000,8520,3035,2026-05-21
中農,196.0,1000,0,8520,3035,2026-05-21
京城嘉義,205.0,0,160,8492,3035,2026-05-21
京城嘉義,200.0,2000,3050,8492,3035,2026-05-21
京城嘉義,196.5,0,2000,8492,3035,2026-05-21
京城,203.5,0,1000,8490,3035,2026-05-21
京城,202.0,1000,1000,8490,3035,2026-05-21
京城,200.5,0,1000,8490,3035,2026-05-21
中農,199.0,3000,0,8520,3035,2026-05-21
聯邦,197.5,1000,0,8580,3035,2026-05-21
新光,201.0,3363,9480,8560,3035,2026-05-21
新光,203.0,2100,13040,8560,3035,2026-05-21
新光高雄,196.5,1000,4000,8562,3035,2026-05-21
新光台中,208.0,1000,24341,8561,3035,2026-05-21
新光台中,207.0,1000,1000,8561,3035,2026-05-21
新光台中,205.0,0,3100,8561,3035,2026-05-21
新光台中,204.0,2210,2200,8561,3035,2026-05-21
新光台中,203.0,2000,3160,8561,3035,2026-05-21
新光台中,202.0,1400,4300,8561,3035,2026-05-21
新光,202.0,2160,11000,8560,3035,2026-05-21
新光台中,201.0,1080,8128,8561,3035,2026-05-21
新光台中,199.0,86120,2000,8561,3035,2026-05-21
新光台中,198.0,2200,1000,8561,3035,2026-05-21
新光台中,196.5,2000,3000,8561,3035,2026-05-21
新光,208.0,5510,41569,8560,3035,2026-05-21
新光,206.0,0,3000,8560,3035,2026-05-21
新光,205.0,7000,31360,8560,3035,2026-05-21
新光,204.0,8200,32040,8560,3035,2026-05-21
新光台中,200.0,11730,3650,8561,3035,2026-05-21
玉山高雄,204.0,2000,500,8843,3035,2026-05-21
聯邦,199.5,1000,0,8580,3035,2026-05-21
聯邦,203.5,0,30,8580,3035,2026-05-21
玉山雙和,200.5,0,2000,8841,3035,2026-05-21
玉山雙和,199.5,0,2005,8841,3035,2026-05-21
玉山雙和,198.0,0,1000,8841,3035,2026-05-21
玉山雙和,196.0,0,2000,8841,3035,2026-05-21
玉山,207.5,0,1000,8840,3035,2026-05-21
玉山,205.5,0,50,8840,3035,2026-05-21
玉山,204.5,0,1001,8840,3035,2026-05-21
玉山,203.5,10000,0,8840,3035,2026-05-21
玉山,202.5,21,20,8840,3035,2026-05-21
玉山,201.5,0,2000,8840,3035,2026-05-21
玉山,200.5,2000,8200,8840,3035,2026-05-21
玉山,199.5,3050,0,8840,3035,2026-05-21
玉山,198.5,3000,0,8840,3035,2026-05-21
玉山,197.5,1000,1000,8840,3035,2026-05-21
玉山,196.5,2000,2000,8840,3035,2026-05-21
玉山雙和,201.5,0,1005,8841,3035,2026-05-21
玉山雙和,202.5,0,35,8841,3035,2026-05-21
玉山雙和,203.5,0,22000,8841,3035,2026-05-21
玉山雙和,205.0,0,705,8841,3035,2026-05-21
玉山高雄,202.0,1000,1000,8843,3035,2026-05-21
玉山高雄,201.0,2000,1269,8843,3035,2026-05-21
玉山高雄,200.0,5000,1014,8843,3035,2026-05-21
玉山高雄,199.0,0,1081,8843,3035,2026-05-21
玉山高雄,197.0,1000,1000,8843,3035,2026-05-21
玉山高雄,196.0,0,2000,8843,3035,2026-05-21
玉山新莊,207.5,64,1000,8842,3035,2026-05-21
玉山,195.5,1000,1000,8840,3035,2026-05-21
玉山新莊,205.5,1000,0,8842,3035,2026-05-21
玉山新莊,203.5,30,0,8842,3035,2026-05-21
玉山新莊,202.0,0,100,8842,3035,2026-05-21
玉山新莊,201.0,1000,2000,8842,3035,2026-05-21
玉山新莊,200.0,0,1000,8842,3035,2026-05-21
玉山新莊,199.0,5000,10000,8842,3035,2026-05-21
玉山新莊,196.5,10000,1000,8842,3035,2026-05-21
玉山雙和,208.0,0,3000,8841,3035,2026-05-21
玉山新莊,204.5,0,4000,8842,3035,2026-05-21
陽信台中,198.5,1000,0,8715,3035,2026-05-21
陽信高雄,208.0,2000,200,8713,3035,2026-05-21
陽信高雄,204.0,0,1000,8713,3035,2026-05-21
聯邦大業,199.0,0,6000,8586,3035,2026-05-21
聯邦大業,197.5,1000,8000,8586,3035,2026-05-21
聯邦三重,204.5,0,1000,8585,3035,2026-05-21
聯邦三重,201.0,299,0,8585,3035,2026-05-21
聯邦雙和,208.0,0,2000,8584,3035,2026-05-21
聯邦雙和,199.5,0,13000,8584,3035,2026-05-21
聯邦雙和,196.5,0,1000,8584,3035,2026-05-21
聯邦大業,200.5,3000,2000,8586,3035,2026-05-21
聯邦忠孝,204.0,1000,0,8583,3035,2026-05-21
聯邦忠孝,198.5,1000,0,8583,3035,2026-05-21
聯邦嘉義,205.0,0,6060,8582,3035,2026-05-21
聯邦高雄,208.0,0,1000,8581,3035,2026-05-21
聯邦高雄,207.0,0,1000,8581,3035,2026-05-21
聯邦高雄,202.0,0,12000,8581,3035,2026-05-21
聯邦高雄,200.0,200,0,8581,3035,2026-05-21
聯邦,205.0,0,2005,8580,3035,2026-05-21
聯邦忠孝,200.0,2000,1200,8583,3035,2026-05-21
聯邦,200.5,0,10,8580,3035,2026-05-21
聯邦大業,202.0,0,50,8586,3035,2026-05-21
聯邦大業,205.0,0,1000,8586,3035,2026-05-21
陽信高雄,201.5,10000,0,8713,3035,2026-05-21
陽信高雄,197.0,0,5000,8713,3035,2026-05-21
陽信石牌,203.5,0,2000,8711,3035,2026-05-21
陽信石牌,200.5,1000,0,8711,3035,2026-05-21
陽信石牌,199.0,0,2000,8711,3035,2026-05-21
陽信,205.0,0,20000,8710,3035,2026-05-21
陽信,204.0,5,0,8710,3035,2026-05-21
聯邦大業,203.5,0,1040,8586,3035,2026-05-21
陽信,202.5,0,11000,8710,3035,2026-05-21
陽信,196.0,0,1000,8710,3035,2026-05-21
聯邦台南,198.0,0,2000,8588,3035,2026-05-21
聯邦興中,208.0,0,2050,8587,3035,2026-05-21
聯邦興中,204.0,2,0,8587,3035,2026-05-21
聯邦興中,201.5,0,2000,8587,3035,2026-05-21
聯邦興中,200.0,2000,0,8587,3035,2026-05-21
聯邦大業,208.0,0,4000,8586,3035,2026-05-21
陽信,198.5,0,1000,8710,3035,2026-05-21
兆豐小港,200.5,0,1000,700R,3035,2026-05-21
凱基員林,200.5,0,10,9231,3035,2026-05-21
凱基員林,204.0,1000,0,9231,3035,2026-05-21
永豐豐原,199.5,3000,0,9A9Q,3035,2026-05-21
永豐豐原,198.5,0,2000,9A9Q,3035,2026-05-21
永豐豐原,197.5,0,1000,9A9Q,3035,2026-05-21
永豐潮州,208.0,0,225,9A9q,3035,2026-05-21
永豐潮州,201.0,0,2000,9A9q,3035,2026-05-21
永豐潮州,200.0,0,1000,9A9q,3035,2026-05-21
永豐竹北,208.0,0,4000,9A9P,3035,2026-05-21
永豐竹北,205.0,0,50,9A9P,3035,2026-05-21
永豐竹北,204.0,0,3000,9A9P,3035,2026-05-21
永豐竹北,202.5,1000,0,9A9P,3035,2026-05-21
永豐竹北,201.5,0,1000,9A9P,3035,2026-05-21
永豐竹北,200.0,2000,0,9A9P,3035,2026-05-21
永豐竹北,198.5,30,0,9A9P,3035,2026-05-21
永豐竹北,197.5,0,2000,9A9P,3035,2026-05-21
永豐竹北,195.5,1000,0,9A9P,3035,2026-05-21
永豐豐原,200.5,0,2100,9A9Q,3035,2026-05-21
永豐豐原,201.5,0,200,9A9Q,3035,2026-05-21
永豐豐原,202.5,0,120,9A9Q,3035,2026-05-21
永豐豐原,203.5,0,128,9A9Q,3035,2026-05-21
永豐信義,204.0,0,1000,9A9R,3035,2026-05-21
永豐信義,203.0,1000,0,9A9R,3035,2026-05-21
永豐信義,201.0,0,1000,9A9R,3035,2026-05-21
永豐信義,199.0,1000,362,9A9R,3035,2026-05-21
永豐信義,198.0,1000,0,9A9R,3035,2026-05-21
永豐北高,207.5,60,0,9A9r,3035,2026-05-21
永豐北高,205.0,0,1000,9A9r,3035,2026-05-21
永豐桃盛,207.5,0,11,9A9N,3035,2026-05-21
永豐北高,203.5,1000,2000,9A9r,3035,2026-05-21
永豐北高,201.5,2000,1069,9A9r,3035,2026-05-21
永豐北高,200.5,1000,1001,9A9r,3035,2026-05-21
永豐北高,199.5,2000,0,9A9r,3035,2026-05-21
永豐北高,196.5,0,1000,9A9r,3035,2026-05-21
永豐豐原,206.5,0,1000,9A9Q,3035,2026-05-21
永豐豐原,205.5,0,100,9A9Q,3035,2026-05-21
永豐豐原,204.5,0,2200,9A9Q,3035,2026-05-21
永豐北高,202.5,0,3000,9A9r,3035,2026-05-21
永豐信義,205.0,0,6000,9A9R,3035,2026-05-21
永豐桃盛,205.0,0,4100,9A9N,3035,2026-05-21
永豐桃盛,202.0,0,3000,9A9N,3035,2026-05-21
永豐三重,206.5,0,100,9A9K,3035,2026-05-21
永豐三重,205.0,0,1100,9A9K,3035,2026-05-21
永豐三重,204.0,0,2100,9A9K,3035,2026-05-21
永豐三重,203.0,1000,0,9A9K,3035,2026-05-21
永豐三重,201.0,1000,100,9A9K,3035,2026-05-21
永豐三重,200.0,0,1400,9A9K,3035,2026-05-21
永豐三重,198.5,100,1000,9A9K,3035,2026-05-21
永豐三重,197.5,1000,4000,9A9K,3035,2026-05-21
永豐板新,208.0,0,4315,9A9J,3035,2026-05-21
永豐板新,207.0,0,1000,9A9J,3035,2026-05-21
永豐板新,205.0,0,2050,9A9J,3035,2026-05-21
永豐板新,204.0,0,3050,9A9J,3035,2026-05-21
永豐板新,203.0,0,2365,9A9J,3035,2026-05-21
永豐板新,201.5,0,3206,9A9J,3035,2026-05-21
永豐板新,200.5,2000,2050,9A9J,3035,2026-05-21
永豐三重,208.0,0,31600,9A9K,3035,2026-05-21
永豐台中,198.0,0,1000,9A9L,3035,2026-05-21
永豐台中,199.0,0,4000,9A9L,3035,2026-05-21
永豐台中,200.0,1700,600,9A9L,3035,2026-05-21
永豐桃盛,201.0,1000,5000,9A9N,3035,2026-05-21
永豐桃盛,200.0,5000,21,9A9N,3035,2026-05-21
永豐桃盛,198.5,1000,200,9A9N,3035,2026-05-21
永豐桃盛,197.0,1000,0,9A9N,3035,2026-05-21
永豐南投,207.5,2000,0,9A9M,3035,2026-05-21
永豐南投,204.5,1000,100,9A9M,3035,2026-05-21
永豐南投,203.0,0,3000,9A9M,3035,2026-05-21
永豐桃盛,203.0,1000,3011,9A9N,3035,2026-05-21
永豐南投,202.0,1000,0,9A9M,3035,2026-05-21
永豐南投,199.5,2000,1043,9A9M,3035,2026-05-21
永豐南投,198.5,1000,0,9A9M,3035,2026-05-21
永豐台中,208.0,0,2020,9A9L,3035,2026-05-21
永豐台中,204.0,4050,1000,9A9L,3035,2026-05-21
永豐台中,203.0,2000,1000,9A9L,3035,2026-05-21
永豐台中,202.0,1000,0,9A9L,3035,2026-05-21
永豐台中,201.0,0,4000,9A9L,3035,2026-05-21
永豐南投,200.5,0,30,9A9M,3035,2026-05-21
永豐彰化,198.0,0,2000,9A9s,3035,2026-05-21
永豐彰化,199.0,0,6050,9A9s,3035,2026-05-21
永豐彰化,200.0,0,3050,9A9s,3035,2026-05-21
永豐板盛,203.5,1000,0,9A9Y,3035,2026-05-21
永豐板盛,202.0,0,6000,9A9Y,3035,2026-05-21
永豐板盛,201.0,2250,0,9A9Y,3035,2026-05-21
永豐板盛,200.0,0,3000,9A9Y,3035,2026-05-21
永豐板盛,198.5,0,2400,9A9Y,3035,2026-05-21
永豐板盛,195.5,0,1000,9A9Y,3035,2026-05-21
永豐竹科,207.5,1000,0,9A9X,3035,2026-05-21
永豐竹科,205.0,0,2450,9A9X,3035,2026-05-21
永豐竹科,204.0,1000,3079,9A9X,3035,2026-05-21
永豐竹科,203.0,0,50,9A9X,3035,2026-05-21
永豐竹科,202.0,0,3050,9A9X,3035,2026-05-21
永豐竹科,200.5,0,1050,9A9X,3035,2026-05-21
永豐竹科,199.5,1000,30,9A9X,3035,2026-05-21
永豐竹科,198.5,1000,0,9A9X,3035,2026-05-21
永豐竹科,195.5,0,1000,9A9X,3035,2026-05-21
永豐板盛,204.5,0,2200,9A9Y,3035,2026-05-21
永豐板盛,206.5,2000,0,9A9Y,3035,2026-05-21
永豐板盛,208.0,0,10000,9A9Y,3035,2026-05-21
永豐復興,199.5,1000,0,9A9Z,3035,2026-05-21
台新新營,196.0,0,1000,9B11,3035,2026-05-21
台新證券,207.5,225,1655,9B00,3035,2026-05-21
台新證券,206.5,231,0,9B00,3035,2026-05-21
台新證券,205.5,1000,1000,9B00,3035,2026-05-21
台新證券,204.5,3100,2100,9B00,3035,2026-05-21
台新證券,203.5,7000,12000,9B00,3035,2026-05-21
台新證券,202.5,1000,11800,9B00,3035,2026-05-21
永豐桃園,207.0,0,1000,9A9x,3035,2026-05-21
台新證券,201.5,5225,16040,9B00,3035,2026-05-21
台新證券,199.5,19181,13620,9B00,3035,2026-05-21
台新證券,198.5,2000,2050,9B00,3035,2026-05-21
台新證券,197.5,3200,6000,9B00,3035,2026-05-21
台新證券,196.5,8000,0,9B00,3035,2026-05-21
台新證券,195.5,2000,0,9B00,3035,2026-05-21
永豐復興,205.0,0,1000,9A9Z,3035,2026-05-21
永豐復興,203.0,0,1000,9A9Z,3035,2026-05-21
台新證券,200.5,24592,12138,9B00,3035,2026-05-21
永豐桃園,205.5,0,1000,9A9x,3035,2026-05-21
永豐桃園,204.5,10,1000,9A9x,3035,2026-05-21
永豐桃園,203.5,2100,4200,9A9x,3035,2026-05-21
永豐中正,202.0,0,2200,9A9U,3035,2026-05-21
永豐中正,201.0,2000,1450,9A9U,3035,2026-05-21
永豐中正,200.0,0,1000,9A9U,3035,2026-05-21
永豐中正,199.0,5,1100,9A9U,3035,2026-05-21
永豐中正,198.0,0,600,9A9U,3035,2026-05-21
永豐南京,207.0,0,1000,9A9S,3035,2026-05-21
永豐南京,203.5,0,1000,9A9S,3035,2026-05-21
永豐中正,203.0,0,1000,9A9U,3035,2026-05-21
永豐南京,202.5,0,59,9A9S,3035,2026-05-21
永豐南京,200.0,2000,0,9A9S,3035,2026-05-21
永豐南京,199.0,10,0,9A9S,3035,2026-05-21
永豐南京,198.0,1000,0,9A9S,3035,2026-05-21
永豐彰化,208.0,0,3230,9A9s,3035,2026-05-21
永豐彰化,205.0,0,1000,9A9s,3035,2026-05-21
永豐彰化,203.0,0,2000,9A9s,3035,2026-05-21
永豐彰化,201.0,0,1210,9A9s,3035,2026-05-21
永豐南京,201.5,0,1221,9A9S,3035,2026-05-21
永豐板新,199.5,320,1150,9A9J,3035,2026-05-21
永豐中正,206.0,0,200,9A9U,3035,2026-05-21
永豐市政,196.5,1000,1000,9A9W,3035,2026-05-21
永豐桃園,202.5,10,20,9A9x,3035,2026-05-21
永豐桃園,201.5,100,130,9A9x,3035,2026-05-21
永豐桃園,200.5,10,100,9A9x,3035,2026-05-21
永豐桃園,199.5,0,2000,9A9x,3035,2026-05-21
永豐桃園,198.0,1040,1000,9A9x,3035,2026-05-21
永豐桃園,197.0,2000,0,9A9x,3035,2026-05-21
永豐桃園,196.0,0,1000,9A9x,3035,2026-05-21
永豐市政,195.5,0,6000,9A9W,3035,2026-05-21
永豐市政,207.5,3200,1126,9A9W,3035,2026-05-21
永豐市政,204.0,1200,3406,9A9W,3035,2026-05-21
永豐市政,202.5,0,2000,9A9W,3035,2026-05-21
永豐市政,201.5,2010,2000,9A9W,3035,2026-05-21
永豐市政,200.5,410,3034,9A9W,3035,2026-05-21
永豐市政,199.5,3150,3000,9A9W,3035,2026-05-21
永豐市政,198.5,1200,1000,9A9W,3035,2026-05-21
永豐市政,197.5,0,2000,9A9W,3035,2026-05-21
永豐市政,205.0,0,2510,9A9W,3035,2026-05-21
永豐板新,198.5,2000,0,9A9J,3035,2026-05-21
永豐板新,197.5,0,1000,9A9J,3035,2026-05-21
永豐板新,195.0,0,1000,9A9J,3035,2026-05-21
永豐苓雅,206.0,1000,1000,9A9a,3035,2026-05-21
永豐苓雅,204.5,1000,1000,9A9a,3035,2026-05-21
永豐苓雅,202.0,0,1000,9A9a,3035,2026-05-21
永豐苓雅,201.0,10,1000,9A9a,3035,2026-05-21
永豐苓雅,200.0,0,3200,9A9a,3035,2026-05-21
永豐苓雅,199.0,1000,0,9A9a,3035,2026-05-21
永豐中壢,208.0,2000,2010,9A99,3035,2026-05-21
永豐中壢,205.0,0,500,9A99,3035,2026-05-21
永豐中壢,204.0,2100,2000,9A99,3035,2026-05-21
永豐中壢,201.5,1000,0,9A99,3035,2026-05-21
永豐中壢,200.5,10,7000,9A99,3035,2026-05-21
永豐中壢,199.5,0,1000,9A99,3035,2026-05-21
永豐中壢,198.0,1000,0,9A99,3035,2026-05-21
永豐大園,205.0,0,2000,9A98,3035,2026-05-21
永豐大園,203.0,1000,1000,9A98,3035,2026-05-21
永豐羅東,196.5,3000,0,9A9A,3035,2026-05-21
永豐羅東,198.0,1000,0,9A9A,3035,2026-05-21
永豐羅東,199.5,0,1000,9A9A,3035,2026-05-21
永豐羅東,201.0,0,1061,9A9A,3035,2026-05-21
永豐永康,200.0,3000,3001,9A9c,3035,2026-05-21
永豐永康,199.0,0,1040,9A9c,3035,2026-05-21
永豐永康,198.0,0,2001,9A9c,3035,2026-05-21
永豐永康,197.0,0,1000,9A9c,3035,2026-05-21
永豐中和,205.0,500,1000,9A9B,3035,2026-05-21
永豐中和,202.0,5300,1000,9A9B,3035,2026-05-21
永豐中和,200.5,0,7150,9A9B,3035,2026-05-21
永豐大園,202.0,0,300,9A98,3035,2026-05-21
永豐中和,199.5,0,118,9A9B,3035,2026-05-21
永豐中和,196.0,0,3000,9A9B,3035,2026-05-21
永豐虎尾,206.0,4000,0,9A9b,3035,2026-05-21
永豐虎尾,199.5,0,1000,9A9b,3035,2026-05-21
永豐羅東,207.5,2000,0,9A9A,3035,2026-05-21
永豐羅東,206.0,0,1000,9A9A,3035,2026-05-21
永豐羅東,203.5,1000,0,9A9A,3035,2026-05-21
永豐羅東,202.0,15000,0,9A9A,3035,2026-05-21
永豐中和,198.0,300,0,9A9B,3035,2026-05-21
永豐大園,201.0,0,1000,9A98,3035,2026-05-21
永豐大園,200.0,0,2000,9A98,3035,2026-05-21
永豐新竹,207.5,1000,50,9A97,3035,2026-05-21
永豐松山,197.5,0,1000,9A91,3035,2026-05-21
永豐松山,196.5,1000,0,9A91,3035,2026-05-21
永豐敦南,208.0,1000,6000,9A8F,3035,2026-05-21
永豐敦南,205.5,1000,0,9A8F,3035,2026-05-21
永豐敦南,204.0,1000,3000,9A8F,3035,2026-05-21
永豐敦南,202.5,0,15000,9A8F,3035,2026-05-21
永豐敦南,201.5,0,1000,9A8F,3035,2026-05-21
永豐松山,199.0,0,2045,9A91,3035,2026-05-21
永豐敦南,200.5,1100,1100,9A8F,3035,2026-05-21
永豐敦南,198.0,0,188,9A8F,3035,2026-05-21
永豐敦南,197.0,0,1000,9A8F,3035,2026-05-21
永豐敦北,208.0,200000,3060,9A89,3035,2026-05-21
永豐敦北,207.0,199000,0,9A89,3035,2026-05-21
永豐敦北,204.0,0,1000,9A89,3035,2026-05-21
永豐敦北,201.5,1000,0,9A89,3035,2026-05-21
永豐敦北,200.5,1000,0,9A89,3035,2026-05-21
永豐敦南,199.5,0,100,9A8F,3035,2026-05-21
永豐永康,201.5,3000,4000,9A9c,3035,2026-05-21
永豐松山,200.0,30,2045,9A91,3035,2026-05-21
永豐松山,202.0,1000,1000,9A91,3035,2026-05-21
永豐新竹,205.5,0,1000,9A97,3035,2026-05-21
永豐新竹,203.5,0,1000,9A97,3035,2026-05-21
永豐新竹,202.0,900,3000,9A97,3035,2026-05-21
永豐新竹,200.5,1000,50,9A97,3035,2026-05-21
永豐新竹,199.5,0,5200,9A97,3035,2026-05-21
永豐新竹,198.5,1000,1000,9A97,3035,2026-05-21
永豐新竹,197.0,1000,1000,9A97,3035,2026-05-21
永豐松山,201.0,0,2001,9A91,3035,2026-05-21
永豐萬盛,207.5,50,0,9A92,3035,2026-05-21
永豐萬盛,203.0,1000,1000,9A92,3035,2026-05-21
永豐萬盛,201.0,2020,600,9A92,3035,2026-05-21
永豐萬盛,200.0,0,1000,9A92,3035,2026-05-21
永豐萬盛,199.0,0,1000,9A92,3035,2026-05-21
永豐萬盛,196.0,1000,0,9A92,3035,2026-05-21
永豐松山,205.0,0,15,9A91,3035,2026-05-21
永豐松山,203.5,2000,0,9A91,3035,2026-05-21
永豐萬盛,204.5,1370,0,9A92,3035,2026-05-21
台新新營,198.0,1000,0,9B11,3035,2026-05-21
永豐永康,202.5,8000,2000,9A9c,3035,2026-05-21
永豐永康,204.5,1000,1,9A9c,3035,2026-05-21
永豐台南,203.0,2000,0,9A9h,3035,2026-05-21
永豐台南,202.0,30,3000,9A9h,3035,2026-05-21
永豐台南,201.0,1010,1000,9A9h,3035,2026-05-21
永豐台南,200.0,60,350,9A9h,3035,2026-05-21
永豐台南,199.0,2000,3150,9A9h,3035,2026-05-21
永豐台南,198.0,0,1000,9A9h,3035,2026-05-21
永豐台南,196.0,1000,1000,9A9h,3035,2026-05-21
永豐天母,204.5,20,1000,9A9G,3035,2026-05-21
永豐天母,203.5,0,1000,9A9G,3035,2026-05-21
永豐天母,201.5,0,2120,9A9G,3035,2026-05-21
永豐天母,200.0,100,0,9A9G,3035,2026-05-21
永豐天母,199.0,0,1000,9A9G,3035,2026-05-21
永豐內湖,208.0,0,1000,9A9g,3035,2026-05-21
永豐內湖,207.0,0,1000,9A9g,3035,2026-05-21
永豐內湖,205.0,0,200,9A9g,3035,2026-05-21
永豐台南,204.0,2100,50,9A9h,3035,2026-05-21
永豐台南,205.0,1000,0,9A9h,3035,2026-05-21
永豐新莊,196.0,0,1000,9A9H,3035,2026-05-21
永豐新莊,197.5,153,0,9A9H,3035,2026-05-21
永豐嘉義,204.0,500,1000,9A9j,3035,2026-05-21
永豐嘉義,203.0,0,1000,9A9j,3035,2026-05-21
永豐嘉義,201.5,1000,1000,9A9j,3035,2026-05-21
永豐嘉義,199.5,0,45,9A9j,3035,2026-05-21
永豐嘉義,198.5,1000,0,9A9j,3035,2026-05-21
永豐新店,207.5,0,10,9A9i,3035,2026-05-21
永豐新店,204.0,0,1010,9A9i,3035,2026-05-21
永豐內湖,203.5,1000,1000,9A9g,3035,2026-05-21
永豐新店,201.5,0,100,9A9i,3035,2026-05-21
永豐新店,199.0,0,2000,9A9i,3035,2026-05-21
永豐新莊,208.0,2000,1011,9A9H,3035,2026-05-21
永豐新莊,204.0,0,1000,9A9H,3035,2026-05-21
永豐新莊,203.0,1000,1000,9A9H,3035,2026-05-21
永豐新莊,201.5,5000,0,9A9H,3035,2026-05-21
永豐新莊,200.5,104,4000,9A9H,3035,2026-05-21
永豐新莊,199.5,0,1000,9A9H,3035,2026-05-21
永豐新店,200.0,0,1000,9A9i,3035,2026-05-21
永豐內湖,201.5,0,4100,9A9g,3035,2026-05-21
永豐內湖,200.5,1000,1000,9A9g,3035,2026-05-21
永豐內湖,199.5,2000,2000,9A9g,3035,2026-05-21
永豐忠孝,195.5,8000,0,9A9D,3035,2026-05-21
永豐古亭,207.5,0,1000,9A9d,3035,2026-05-21
永豐古亭,202.5,10,0,9A9d,3035,2026-05-21
永豐古亭,201.0,10000,200,9A9d,3035,2026-05-21
永豐古亭,200.0,2150,1400,9A9d,3035,2026-05-21
永豐古亭,198.5,1000,0,9A9d,3035,2026-05-21
永豐古亭,196.0,0,1000,9A9d,3035,2026-05-21
永豐忠孝,196.5,1000,0,9A9D,3035,2026-05-21
永豐員林,207.5,0,1000,9A9C,3035,2026-05-21
永豐員林,203.5,1000,50,9A9C,3035,2026-05-21
永豐員林,202.5,0,100,9A9C,3035,2026-05-21
永豐員林,201.0,2000,14000,9A9C,3035,2026-05-21
永豐員林,200.0,1100,0,9A9C,3035,2026-05-21
永豐員林,198.5,4000,0,9A9C,3035,2026-05-21
永豐員林,197.5,0,1000,9A9C,3035,2026-05-21
永豐永康,207.5,40,0,9A9c,3035,2026-05-21
永豐員林,204.5,0,1000,9A9C,3035,2026-05-21
永豐永康,203.5,3000,2000,9A9c,3035,2026-05-21
永豐忠孝,198.0,5100,3000,9A9D,3035,2026-05-21
永豐忠孝,200.0,0,2888,9A9D,3035,2026-05-21
永豐內湖,198.5,1000,0,9A9g,3035,2026-05-21
永豐高雄,208.0,1000,130,9A9e,3035,2026-05-21
永豐高雄,207.0,0,2000,9A9e,3035,2026-05-21
永豐高雄,203.5,0,1200,9A9e,3035,2026-05-21
永豐高雄,202.5,250,0,9A9e,3035,2026-05-21
永豐高雄,201.0,300,228,9A9e,3035,2026-05-21
永豐高雄,200.0,0,4340,9A9e,3035,2026-05-21
永豐忠孝,199.0,0,2000,9A9D,3035,2026-05-21
永豐高雄,199.0,200,1100,9A9e,3035,2026-05-21
永豐忠孝,208.0,0,2350,9A9D,3035,2026-05-21
永豐忠孝,207.0,0,1000,9A9D,3035,2026-05-21
永豐忠孝,205.0,0,1050,9A9D,3035,2026-05-21
永豐忠孝,204.0,0,1000,9A9D,3035,2026-05-21
永豐忠孝,203.0,1000,1000,9A9D,3035,2026-05-21
永豐忠孝,202.0,2000,125,9A9D,3035,2026-05-21
永豐忠孝,201.0,150,1000,9A9D,3035,2026-05-21
永豐高雄,198.0,0,10,9A9e,3035,2026-05-21
台新新營,199.0,1200,30,9B11,3035,2026-05-21
台新新營,200.0,0,3210,9B11,3035,2026-05-21
台新新營,201.0,0,2020,9B11,3035,2026-05-21
台新成功,204.0,3000,1000,9B2m,3035,2026-05-21
台新成功,202.0,0,1000,9B2m,3035,2026-05-21
台新成功,201.0,0,2000,9B2m,3035,2026-05-21
台新成功,200.0,0,2000,9B2m,3035,2026-05-21
台新成功,199.0,2000,1000,9B2m,3035,2026-05-21
台新成功,198.0,100,1000,9B2m,3035,2026-05-21
台新成功,196.0,1000,0,9B2m,3035,2026-05-21
台新北壢,208.0,0,2000,9B2L,3035,2026-05-21
台新北壢,204.0,0,1000,9B2L,3035,2026-05-21
台新北壢,201.0,2000,2000,9B2L,3035,2026-05-21
台新北壢,200.0,200,0,9B2L,3035,2026-05-21
台新大裕,204.5,5000,5,9B2l,3035,2026-05-21
台新大裕,203.0,0,3000,9B2l,3035,2026-05-21
台新大裕,201.0,0,1005,9B2l,3035,2026-05-21
台新大裕,200.0,1000,16000,9B2l,3035,2026-05-21
台新成功,207.5,1000,0,9B2m,3035,2026-05-21
台新彰化,197.5,20000,0,9B2M,3035,2026-05-21
台新彰化,198.5,3000,400,9B2M,3035,2026-05-21
台新彰化,199.5,0,31000,9B2M,3035,2026-05-21
台新同大,200.5,1000,0,9B2P,3035,2026-05-21
台新同大,199.5,0,1000,9B2P,3035,2026-05-21
台新同大,196.5,0,1000,9B2P,3035,2026-05-21
台新新興,207.5,0,1000,9B2o,3035,2026-05-21
台新新興,204.5,1000,0,9B2o,3035,2026-05-21
台新新興,202.0,0,50,9B2o,3035,2026-05-21
台新新興,200.0,0,150,9B2o,3035,2026-05-21
台新大裕,199.0,100,3000,9B2l,3035,2026-05-21
台新新興,198.5,0,30,9B2o,3035,2026-05-21
台新虎尾,200.5,0,3000,9B2N,3035,2026-05-21
台新西松,204.0,0,1000,9B2n,3035,2026-05-21
台新西松,201.0,30000,1000,9B2n,3035,2026-05-21
台新西松,199.5,0,1000,9B2n,3035,2026-05-21
台新西松,198.0,30000,0,9B2n,3035,2026-05-21
台新彰化,208.0,1000,0,9B2M,3035,2026-05-21
台新彰化,201.5,0,1000,9B2M,3035,2026-05-21
台新新興,197.5,0,1000,9B2o,3035,2026-05-21
台新大裕,197.5,10000,0,9B2l,3035,2026-05-21
台新嘉義,207.5,100,5000,9B2I,3035,2026-05-21
台新嘉義,203.5,1000,0,9B2I,3035,2026-05-21
台新新竹,199.0,0,18,9B2G,3035,2026-05-21
台新中原,205.5,0,128,9B2g,3035,2026-05-21
台新中原,202.5,0,150,9B2g,3035,2026-05-21
台新中原,201.0,0,100,9B2g,3035,2026-05-21
台新中原,199.5,0,1000,9B2g,3035,2026-05-21
台新城中,208.0,0,3010,9B2E,3035,2026-05-21
台新城中,204.0,300,3300,9B2E,3035,2026-05-21
台新新竹,200.0,2000,0,9B2G,3035,2026-05-21
台新城中,202.0,2000,1000,9B2E,3035,2026-05-21
台新城中,199.0,5000,0,9B2E,3035,2026-05-21
台新大昌,208.0,0,7400,9B2D,3035,2026-05-21
台新大昌,207.0,0,1000,9B2D,3035,2026-05-21
台新大昌,205.5,0,3000,9B2D,3035,2026-05-21
台新大昌,204.0,1000,0,9B2D,3035,2026-05-21
台新大昌,202.5,1000,100,9B2D,3035,2026-05-21
台新大昌,201.0,50,500,9B2D,3035,2026-05-21
台新城中,200.0,0,2000,9B2E,3035,2026-05-21
台新同大,201.5,1000,1000,9B2P,3035,2026-05-21
台新新竹,201.5,0,1000,9B2G,3035,2026-05-21
台新信義,196.0,1000,0,9B2H,3035,2026-05-21
台新嘉義,201.5,0,1000,9B2I,3035,2026-05-21
台新嘉義,200.5,1100,1000,9B2I,3035,2026-05-21
台新嘉義,199.5,1000,1000,9B2I,3035,2026-05-21
台新嘉義,198.0,1000,0,9B2I,3035,2026-05-21
台新中港,208.0,0,200,9B2i,3035,2026-05-21
台新中港,204.5,0,50,9B2i,3035,2026-05-21
台新中港,203.0,0,1000,9B2i,3035,2026-05-21
台新新竹,205.0,0,1000,9B2G,3035,2026-05-21
台新中港,201.5,0,2000,9B2i,3035,2026-05-21
台新中港,197.0,1000,1000,9B2i,3035,2026-05-21
台新信義,206.0,1000,0,9B2H,3035,2026-05-21
台新信義,203.5,1000,1000,9B2H,3035,2026-05-21
台新信義,201.5,0,1000,9B2H,3035,2026-05-21
台新信義,200.5,1000,1100,9B2H,3035,2026-05-21
台新信義,199.5,1000,3000,9B2H,3035,2026-05-21
台新信義,198.5,0,1000,9B2H,3035,2026-05-21
台新中港,199.5,0,150,9B2i,3035,2026-05-21
台新大昌,200.0,0,14000,9B2D,3035,2026-05-21
台新同大,204.0,1000,1000,9B2P,3035,2026-05-21
台新同大,207.0,0,1000,9B2P,3035,2026-05-21
台新草屯,196.5,0,1000,9B2X,3035,2026-05-21
台新吉利,205.0,0,100,9B2W,3035,2026-05-21
台新吉利,203.0,0,2100,9B2W,3035,2026-05-21
台新吉利,200.5,0,50,9B2W,3035,2026-05-21
台新吉利,199.0,0,2000,9B2W,3035,2026-05-21
台新吉利,198.0,1000,0,9B2W,3035,2026-05-21
台新吉利,195.5,2000,0,9B2W,3035,2026-05-21
台新佳里,204.0,0,1,9B2w,3035,2026-05-21
台新佳里,199.0,0,2000,9B2w,3035,2026-05-21
台新桃園,208.0,0,3000,9B2v,3035,2026-05-21
台新桃園,203.5,1000,0,9B2v,3035,2026-05-21
台新桃園,202.0,0,2000,9B2v,3035,2026-05-21
台新桃園,200.5,10000,0,9B2v,3035,2026-05-21
台新桃園,199.0,0,2000,9B2v,3035,2026-05-21
台新桃園,198.0,0,1000,9B2v,3035,2026-05-21
台新草屯,199.0,0,1500,9B2X,3035,2026-05-21
台新草屯,200.0,0,2000,9B2X,3035,2026-05-21
台新草屯,201.0,0,1020,9B2X,3035,2026-05-21
台新草屯,204.5,0,35,9B2X,3035,2026-05-21
台新安南,203.5,1000,0,9B2Z,3035,2026-05-21
台新安南,200.0,0,1000,9B2Z,3035,2026-05-21
台新安南,199.0,0,100,9B2Z,3035,2026-05-21
台新文心,207.5,0,2000,9B2z,3035,2026-05-21
台新文心,205.0,0,1000,9B2z,3035,2026-05-21
台新文心,204.0,0,4000,9B2z,3035,2026-05-21
台新文心,203.0,0,2000,9B2z,3035,2026-05-21
台新宜蘭,208.0,1000,5000,9B2U,3035,2026-05-21
台新文心,202.0,0,1000,9B2z,3035,2026-05-21
台新文心,200.0,0,11000,9B2z,3035,2026-05-21
台新文心,197.0,0,2000,9B2z,3035,2026-05-21
台新埔里,204.0,2000,1000,9B2Y,3035,2026-05-21
台新埔里,197.0,0,1000,9B2Y,3035,2026-05-21
台新花蓮,204.5,0,1000,9B2y,3035,2026-05-21
台新花蓮,202.5,1035,0,9B2y,3035,2026-05-21
台新花蓮,200.0,1000,4000,9B2y,3035,2026-05-21
台新文心,201.0,0,4000,9B2z,3035,2026-05-21
台新宜蘭,206.0,0,1000,9B2U,3035,2026-05-21
台新宜蘭,204.0,200,300,9B2U,3035,2026-05-21
台新宜蘭,202.5,0,30,9B2U,3035,2026-05-21
台新城東,196.0,0,1000,9B2r,3035,2026-05-21
台新敦南,206.0,0,1000,9B2Q,3035,2026-05-21
台新敦南,204.5,0,2000,9B2Q,3035,2026-05-21
台新敦南,202.5,2000,0,9B2Q,3035,2026-05-21
台新敦南,201.5,150,1007,9B2Q,3035,2026-05-21
台新敦南,200.5,0,4000,9B2Q,3035,2026-05-21
台新敦南,199.5,1000,1000,9B2Q,3035,2026-05-21
台新城東,198.0,0,4000,9B2r,3035,2026-05-21
台新敦南,198.0,1000,1000,9B2Q,3035,2026-05-21
台新屏新,208.0,0,4000,9B2q,3035,2026-05-21
台新屏新,206.0,0,1000,9B2q,3035,2026-05-21
台新屏新,203.0,1000,1010,9B2q,3035,2026-05-21
台新屏新,202.0,1000,0,9B2q,3035,2026-05-21
台新屏新,201.0,1000,0,9B2q,3035,2026-05-21
台新屏新,200.0,1000,0,9B2q,3035,2026-05-21
台新屏新,196.5,0,2000,9B2q,3035,2026-05-21
台新敦南,196.0,0,1000,9B2Q,3035,2026-05-21
台新同大,205.5,0,1000,9B2P,3035,2026-05-21
台新城東,199.5,0,2003,9B2r,3035,2026-05-21
台新城東,201.5,0,1000,9B2r,3035,2026-05-21
台新宜蘭,199.5,0,1000,9B2U,3035,2026-05-21
台新世貿,208.0,0,1000,9B2u,3035,2026-05-21
台新世貿,204.5,1000,0,9B2u,3035,2026-05-21
台新世貿,203.0,0,1000,9B2u,3035,2026-05-21
台新世貿,202.0,4015,0,9B2u,3035,2026-05-21
台新世貿,200.5,0,1000,9B2u,3035,2026-05-21
台新世貿,199.5,1000,25000,9B2u,3035,2026-05-21
台新城東,200.5,3000,2015,9B2r,3035,2026-05-21
台新基隆,208.0,0,2000,9B2S,3035,2026-05-21
台新基隆,201.0,0,1000,9B2S,3035,2026-05-21
台新基隆,200.0,0,100,9B2S,3035,2026-05-21
台新基隆,196.0,3000,0,9B2S,3035,2026-05-21
台新城東,207.5,1000,1000,9B2r,3035,2026-05-21
台新城東,205.5,0,1000,9B2r,3035,2026-05-21
台新城東,203.5,1000,0,9B2r,3035,2026-05-21
台新城東,202.5,0,1000,9B2r,3035,2026-05-21
台新基隆,202.0,0,2000,9B2S,3035,2026-05-21
永豐敦北,199.5,1200,0,9A89,3035,2026-05-21
台新大昌,199.0,1000,100,9B2D,3035,2026-05-21
台新大昌,195.5,0,1000,9B2D,3035,2026-05-21
台新高雄,201.5,4100,2000,9B1g,3035,2026-05-21
台新高雄,200.5,400,1012,9B1g,3035,2026-05-21
台新高雄,199.5,2328,2000,9B1g,3035,2026-05-21
台新高雄,198.5,1000,0,9B1g,3035,2026-05-21
台新高雄,196.5,2000,1000,9B1g,3035,2026-05-21
台新高雄,195.5,2000,0,9B1g,3035,2026-05-21
台新左楠,207.5,1000,2000,9B1d,3035,2026-05-21
台新左楠,204.0,1000,2150,9B1d,3035,2026-05-21
台新左楠,202.0,0,3000,9B1d,3035,2026-05-21
台新左楠,200.5,0,3000,9B1d,3035,2026-05-21
台新左楠,199.5,2000,0,9B1d,3035,2026-05-21
台新左楠,196.5,0,1000,9B1d,3035,2026-05-21
台新新莊,208.0,0,1050,9B19,3035,2026-05-21
台新新莊,205.0,0,1000,9B19,3035,2026-05-21
台新新莊,202.5,1000,0,9B19,3035,2026-05-21
台新高雄,202.5,0,1500,9B1g,3035,2026-05-21
台新高雄,203.5,3000,2000,9B1g,3035,2026-05-21
台新高雄,204.5,0,2000,9B1g,3035,2026-05-21
台新高雄,206.0,0,2000,9B1g,3035,2026-05-21
台新屏東,202.0,0,1000,9B1n,3035,2026-05-21
台新屏東,200.0,0,1000,9B1n,3035,2026-05-21
台新屏東,199.0,350,40,9B1n,3035,2026-05-21
台新屏東,196.0,0,1000,9B1n,3035,2026-05-21
台新台中,207.5,4300,4000,9B1h,3035,2026-05-21
台新台中,205.0,0,7000,9B1h,3035,2026-05-21
台新台中,204.0,1000,1000,9B1h,3035,2026-05-21
台新新莊,201.0,0,1080,9B19,3035,2026-05-21
台新台中,203.0,0,4640,9B1h,3035,2026-05-21
台新台中,201.0,6683,7000,9B1h,3035,2026-05-21
台新台中,200.0,5130,6880,9B1h,3035,2026-05-21
台新台中,199.0,2100,5250,9B1h,3035,2026-05-21
台新台中,198.0,6017,3000,9B1h,3035,2026-05-21
台新台中,197.0,0,1000,9B1h,3035,2026-05-21
台新台中,196.0,5000,4000,9B1h,3035,2026-05-21
台新高雄,208.0,210,12340,9B1g,3035,2026-05-21
台新台中,202.0,4000,23100,9B1h,3035,2026-05-21
台新新莊,200.0,2000,200,9B19,3035,2026-05-21
台新新莊,199.0,0,181,9B19,3035,2026-05-21
台新新莊,197.5,1000,0,9B19,3035,2026-05-21
台新松江,203.5,1000,1000,9B15,3035,2026-05-21
台新松江,201.5,1000,2000,9B15,3035,2026-05-21
台新松江,200.0,0,6000,9B15,3035,2026-05-21
台新松江,197.0,0,1000,9B15,3035,2026-05-21
台新三民,208.0,0,5835,9B13,3035,2026-05-21
台新三民,207.0,0,100,9B13,3035,2026-05-21
台新三民,205.0,0,1000,9B13,3035,2026-05-21
台新松江,208.0,0,1000,9B15,3035,2026-05-21
台新三民,204.0,1000,1000,9B13,3035,2026-05-21
台新三民,200.5,1000,0,9B13,3035,2026-05-21
台新三民,199.5,3000,300,9B13,3035,2026-05-21
台新三民,198.5,1000,0,9B13,3035,2026-05-21
台新新營,207.5,100,0,9B11,3035,2026-05-21
台新新營,204.0,0,1010,9B11,3035,2026-05-21
台新新營,203.0,0,1000,9B11,3035,2026-05-21
台新新營,202.0,0,20,9B11,3035,2026-05-21
台新三民,201.5,1000,8000,9B13,3035,2026-05-21
台新屏東,203.5,0,1000,9B1n,3035,2026-05-21
台新台南,198.0,6100,4500,9B16,3035,2026-05-21
台新台南,200.5,13000,2000,9B16,3035,2026-05-21
台新建北,207.5,1000,0,9B18,3035,2026-05-21
台新建北,205.0,0,2035,9B18,3035,2026-05-21
台新建北,204.0,0,4000,9B18,3035,2026-05-21
台新建北,203.0,1000,1000,9B18,3035,2026-05-21
台新建北,202.0,2000,1000,9B18,3035,2026-05-21
台新建北,201.0,1000,1000,9B18,3035,2026-05-21
台新建北,199.5,3100,2050,9B18,3035,2026-05-21
台新台南,199.5,7000,12000,9B16,3035,2026-05-21
台新建北,198.0,0,500,9B18,3035,2026-05-21
台新建北,196.0,5000,2000,9B18,3035,2026-05-21
台新台南,208.0,1000,3100,9B16,3035,2026-05-21
台新台南,207.0,0,1000,9B16,3035,2026-05-21
台新台南,205.0,0,3400,9B16,3035,2026-05-21
台新台南,203.5,0,100,9B16,3035,2026-05-21
台新台南,202.5,0,1050,9B16,3035,2026-05-21
台新台南,201.5,50,1000,9B16,3035,2026-05-21
台新建北,197.0,1000,0,9B18,3035,2026-05-21
台新大昌,198.0,45,0,9B2D,3035,2026-05-21
台新屏東,204.5,0,1000,9B1n,3035,2026-05-21
台新中壢,200.0,0,2009,9B1y,3035,2026-05-21
台新板橋,196.5,1000,0,9B2b,3035,2026-05-21
台新緯城,207.5,1000,0,9B2A,3035,2026-05-21
台新緯城,205.0,0,5000,9B2A,3035,2026-05-21
台新緯城,203.5,1000,1000,9B2A,3035,2026-05-21
台新緯城,202.0,1000,2000,9B2A,3035,2026-05-21
台新緯城,201.0,2000,1105,9B2A,3035,2026-05-21
台新緯城,198.5,0,4000,9B2A,3035,2026-05-21
台新緯城,197.0,0,4000,9B2A,3035,2026-05-21
台新緯城,196.0,3000,0,9B2A,3035,2026-05-21
台新松德,207.5,0,1000,9B2a,3035,2026-05-21
台新松德,205.0,0,300,9B2a,3035,2026-05-21
台新松德,204.0,0,7000,9B2a,3035,2026-05-21
台新松德,201.5,0,1000,9B2a,3035,2026-05-21
台新松德,200.5,4362,1000,9B2a,3035,2026-05-21
台新松德,199.5,1000,10000,9B2a,3035,2026-05-21
台新板橋,198.5,100,0,9B2b,3035,2026-05-21
台新板橋,199.5,100,1,9B2b,3035,2026-05-21
台新板橋,201.0,0,1050,9B2b,3035,2026-05-21
台新板橋,202.0,0,100,9B2b,3035,2026-05-21
台新潮州,205.0,0,2000,9B2C,3035,2026-05-21
台新潮州,202.0,9000,1000,9B2C,3035,2026-05-21
台新潮州,199.5,1000,0,9B2C,3035,2026-05-21
台新潮州,197.0,16000,0,9B2C,3035,2026-05-21
台新烏日,204.0,0,1000,9B2c,3035,2026-05-21
台新烏日,202.5,2000,3,9B2c,3035,2026-05-21
台新烏日,196.5,0,1000,9B2c,3035,2026-05-21
台新松德,198.0,0,1000,9B2a,3035,2026-05-21
台新永和,204.0,0,1000,9B2B,3035,2026-05-21
台新永和,201.5,0,1000,9B2B,3035,2026-05-21
台新永和,200.0,1000,2000,9B2B,3035,2026-05-21
台新永和,198.5,2000,0,9B2B,3035,2026-05-21
台新永和,196.5,1000,1000,9B2B,3035,2026-05-21
台新板橋,205.5,0,200,9B2b,3035,2026-05-21
台新板橋,204.5,0,100,9B2b,3035,2026-05-21
台新板橋,203.0,0,2010,9B2b,3035,2026-05-21
台新永和,202.5,0,1000,9B2B,3035,2026-05-21
台新府城,208.0,1000,30,9B29,3035,2026-05-21
台新府城,202.5,0,300,9B29,3035,2026-05-21
台新府城,199.5,1,0,9B29,3035,2026-05-21
台新新店,199.5,0,1100,9B22,3035,2026-05-21
台新九如,208.0,0,1000,9B21,3035,2026-05-21
台新九如,203.5,100,0,9B21,3035,2026-05-21
台新九如,201.0,50,0,9B21,3035,2026-05-21
台新九如,199.5,50,1200,9B21,3035,2026-05-21
台新九如,197.5,0,1000,9B21,3035,2026-05-21
台新台北,208.0,0,2000,9B20,3035,2026-05-21
台新新店,200.5,0,100,9B22,3035,2026-05-21
台新台北,205.0,0,1000,9B20,3035,2026-05-21
台新台北,201.5,0,3001,9B20,3035,2026-05-21
台新台北,199.5,30000,1002,9B20,3035,2026-05-21
台新中壢,208.0,0,6330,9B1y,3035,2026-05-21
台新中壢,205.5,0,3000,9B1y,3035,2026-05-21
台新中壢,204.5,0,500,9B1y,3035,2026-05-21
台新中壢,203.0,0,1000,9B1y,3035,2026-05-21
台新中壢,201.0,4025,1000,9B1y,3035,2026-05-21
台新台北,203.5,0,1000,9B20,3035,2026-05-21
台新中壢,199.0,3000,0,9B1y,3035,2026-05-21
台新新店,201.5,2000,0,9B22,3035,2026-05-21
台新新店,208.0,0,4000,9B22,3035,2026-05-21
台新北新,208.0,0,400,9B28,3035,2026-05-21
台新北新,204.5,0,1000,9B28,3035,2026-05-21
台新北新,201.5,0,100,9B28,3035,2026-05-21
台新北新,200.5,0,1000,9B28,3035,2026-05-21
台新北新,199.0,100,1000,9B28,3035,2026-05-21
台新北新,198.0,1000,0,9B28,3035,2026-05-21
台新林園,206.0,0,1000,9B27,3035,2026-05-21
台新新店,202.5,1,0,9B22,3035,2026-05-21
台新林園,202.0,0,6000,9B27,3035,2026-05-21
台新五權,205.0,0,10,9B25,3035,2026-05-21
台新五權,202.5,200,1000,9B25,3035,2026-05-21
台新五權,201.5,0,1000,9B25,3035,2026-05-21
台新五權,200.0,0,2010,9B25,3035,2026-05-21
台新三重,205.0,0,1300,9B23,3035,2026-05-21
台新三重,202.0,0,2000,9B23,3035,2026-05-21
台新三重,200.0,1000,0,9B23,3035,2026-05-21
台新五權,208.0,0,1010,9B25,3035,2026-05-21
永豐敦北,198.0,0,40,9A89,3035,2026-05-21
永豐埔里,208.0,0,1010,9A79,3035,2026-05-21
永豐埔里,204.0,100,500,9A79,3035,2026-05-21
華南大安,199.5,3000,1000,9307,3035,2026-05-21
華南大安,196.0,1000,0,9307,3035,2026-05-21
華南台南,207.5,20,0,9306,3035,2026-05-21
華南台南,204.0,0,35,9306,3035,2026-05-21
華南台南,201.5,0,1,9306,3035,2026-05-21
華南台南,200.5,1040,1050,9306,3035,2026-05-21
華南台南,199.5,0,60,9306,3035,2026-05-21
華南台南,198.5,0,100,9306,3035,2026-05-21
華南台南,196.5,0,5000,9306,3035,2026-05-21
華南新莊,208.0,0,1100,9305,3035,2026-05-21
華南新莊,205.5,10,0,9305,3035,2026-05-21
華南新莊,203.0,10,0,9305,3035,2026-05-21
華南新莊,202.0,0,1000,9305,3035,2026-05-21
華南新莊,201.0,0,3100,9305,3035,2026-05-21
華南新莊,200.0,10,0,9305,3035,2026-05-21
華南大安,200.5,1,150,9307,3035,2026-05-21
華南大安,201.5,1000,12,9307,3035,2026-05-21
華南大安,203.0,0,3000,9307,3035,2026-05-21
華南大安,205.0,0,2000,9307,3035,2026-05-21
華南民權,201.0,0,1000,9312,3035,2026-05-21
華南民權,199.5,1100,2000,9312,3035,2026-05-21
華南民權,196.5,2000,0,9312,3035,2026-05-21
華南民權,195.5,3000,0,9312,3035,2026-05-21
華南古亭,204.0,0,1000,9309,3035,2026-05-21
華南古亭,203.0,0,6000,9309,3035,2026-05-21
華南古亭,202.0,0,15000,9309,3035,2026-05-21
華南新莊,198.5,20,1000,9305,3035,2026-05-21
華南古亭,201.0,3000,5100,9309,3035,2026-05-21
華南古亭,197.5,5000,0,9309,3035,2026-05-21
華南麻豆,205.0,0,2000,9308,3035,2026-05-21
華南麻豆,203.5,1000,1000,9308,3035,2026-05-21
華南麻豆,200.5,0,6000,9308,3035,2026-05-21
華南麻豆,199.5,0,2000,9308,3035,2026-05-21
華南麻豆,198.0,2000,0,9308,3035,2026-05-21
華南大安,208.0,0,6000,9307,3035,2026-05-21
華南古亭,199.5,10000,5000,9309,3035,2026-05-21
華南新莊,197.5,10,0,9305,3035,2026-05-21
華南高雄,208.0,1000,3325,9303,3035,2026-05-21
華南高雄,204.5,0,2000,9303,3035,2026-05-21
華南永昌,203.0,2015,3000,9300,3035,2026-05-21
華南永昌,202.0,1000,3000,9300,3035,2026-05-21
華南永昌,201.0,2000,4000,9300,3035,2026-05-21
華南永昌,200.0,1,3000,9300,3035,2026-05-21
華南永昌,198.5,2000,1000,9300,3035,2026-05-21
華南永昌,196.5,2000,0,9300,3035,2026-05-21
凱基文心,208.0,0,1000,9297,3035,2026-05-21
華南永昌,204.0,4100,3000,9300,3035,2026-05-21
凱基文心,203.0,50,0,9297,3035,2026-05-21
凱基文心,200.0,0,300,9297,3035,2026-05-21
凱基文心,195.5,0,1000,9297,3035,2026-05-21
凱基頭份,203.5,0,1000,9296,3035,2026-05-21
凱基頭份,199.0,100,3000,9296,3035,2026-05-21
凱基大安,202.0,1000,1000,9291,3035,2026-05-21
凱基大安,200.0,1000,1000,9291,3035,2026-05-21
凱基興隆,207.5,1000,0,9289,3035,2026-05-21
凱基文心,201.5,0,2000,9297,3035,2026-05-21
華南民權,202.0,0,3000,9312,3035,2026-05-21
華南永昌,205.0,1000,3201,9300,3035,2026-05-21
華南台中,196.0,0,1000,9302,3035,2026-05-21
華南高雄,203.5,2530,1000,9303,3035,2026-05-21
華南高雄,202.0,5000,0,9303,3035,2026-05-21
華南高雄,200.5,1000,0,9303,3035,2026-05-21
華南高雄,199.5,2000,1000,9303,3035,2026-05-21
華南高雄,198.5,2000,1000,9303,3035,2026-05-21
華南高雄,197.0,1000,2000,9303,3035,2026-05-21
華南台中,208.0,2001,5100,9302,3035,2026-05-21
華南永昌,207.0,0,5000,9300,3035,2026-05-21
華南台中,206.5,0,2000,9302,3035,2026-05-21
華南台中,204.5,108,2000,9302,3035,2026-05-21
華南台中,203.5,25,1000,9302,3035,2026-05-21
華南台中,202.5,0,1000,9302,3035,2026-05-21
華南台中,201.5,650,50,9302,3035,2026-05-21
華南台中,200.5,4000,3000,9302,3035,2026-05-21
華南台中,199.5,5000,7017,9302,3035,2026-05-21
華南台中,198.5,2000,1000,9302,3035,2026-05-21
華南台中,205.5,0,1000,9302,3035,2026-05-21
凱基興隆,204.5,0,1000,9289,3035,2026-05-21
華南民權,203.0,0,3000,9312,3035,2026-05-21
華南大甲,200.0,1000,0,9315,3035,2026-05-21
華南南京,205.5,0,1000,9326,3035,2026-05-21
華南南京,204.0,0,1000,9326,3035,2026-05-21
華南南京,202.5,0,1000,9326,3035,2026-05-21
華南南京,201.0,1030,3130,9326,3035,2026-05-21
華南南京,200.0,1000,0,9326,3035,2026-05-21
華南南京,198.5,1000,0,9326,3035,2026-05-21
華南南京,197.5,0,2000,9326,3035,2026-05-21
華南忠孝,201.0,0,1000,9325,3035,2026-05-21
華南忠孝,199.5,0,1000,9325,3035,2026-05-21
華南忠孝,198.0,1000,0,9325,3035,2026-05-21
華南忠孝,195.5,1000,0,9325,3035,2026-05-21
華南岡山,207.5,1000,0,9324,3035,2026-05-21
華南岡山,204.0,0,350,9324,3035,2026-05-21
華南岡山,203.0,1000,0,9324,3035,2026-05-21
華南岡山,201.0,0,2000,9324,3035,2026-05-21
華南南京,208.0,0,14177,9326,3035,2026-05-21
華南斗六,198.5,1000,1000,9327,3035,2026-05-21
華南斗六,199.5,0,2000,9327,3035,2026-05-21
華南斗六,200.5,23000,2000,9327,3035,2026-05-21
華南鳳山,198.0,1000,0,9331,3035,2026-05-21
華南朴子,208.0,0,1005,9329,3035,2026-05-21
華南朴子,204.0,0,1000,9329,3035,2026-05-21
華南朴子,201.5,6000,1020,9329,3035,2026-05-21
華南朴子,200.0,0,5000,9329,3035,2026-05-21
華南朴子,197.5,1000,0,9329,3035,2026-05-21
華南朴子,195.5,0,1000,9329,3035,2026-05-21
華南岡山,200.0,100,1,9324,3035,2026-05-21
華南潮州,207.5,0,400,9328,3035,2026-05-21
華南潮州,202.0,0,3000,9328,3035,2026-05-21
華南潮州,200.0,2000,0,9328,3035,2026-05-21
華南潮州,198.0,2000,100,9328,3035,2026-05-21
華南斗六,208.0,10000,4000,9327,3035,2026-05-21
華南斗六,204.0,0,6000,9327,3035,2026-05-21
華南斗六,203.0,0,3000,9327,3035,2026-05-21
華南斗六,201.5,1000,2000,9327,3035,2026-05-21
華南潮州,204.0,30,20000,9328,3035,2026-05-21
華南岡山,199.0,1050,3000,9324,3035,2026-05-21
華南岡山,197.5,1000,0,9324,3035,2026-05-21
華南小港,208.0,0,2000,9323,3035,2026-05-21
華南鶯歌,200.5,2000,1000,9319,3035,2026-05-21
華南鶯歌,199.5,0,1000,9319,3035,2026-05-21
華南鶯歌,196.5,1000,1000,9319,3035,2026-05-21
華南林口,207.5,1000,0,9317,3035,2026-05-21
華南林口,205.0,1000,0,9317,3035,2026-05-21
華南林口,203.0,0,1000,9317,3035,2026-05-21
華南林口,201.5,1000,0,9317,3035,2026-05-21
華南鶯歌,201.5,200,4000,9319,3035,2026-05-21
華南林口,200.5,100,1000,9317,3035,2026-05-21
華南林口,198.5,1000,0,9317,3035,2026-05-21
華南林口,196.0,1000,2000,9317,3035,2026-05-21
華南淡水,205.0,0,3000,9316,3035,2026-05-21
華南淡水,202.5,1050,0,9316,3035,2026-05-21
華南淡水,200.0,1016,0,9316,3035,2026-05-21
華南淡水,198.0,0,1000,9316,3035,2026-05-21
華南淡水,195.5,0,1000,9316,3035,2026-05-21
華南林口,199.5,1000,2000,9317,3035,2026-05-21
華南嘉義,203.5,0,1000,9314,3035,2026-05-21
華南鶯歌,202.5,1000,0,9319,3035,2026-05-21
華南鶯歌,204.5,0,1000,9319,3035,2026-05-21
華南小港,204.5,0,200,9323,3035,2026-05-21
華南小港,202.5,2001,0,9323,3035,2026-05-21
華南小港,201.5,2000,6000,9323,3035,2026-05-21
華南小港,200.5,0,1000,9323,3035,2026-05-21
華南小港,199.5,0,6000,9323,3035,2026-05-21
華南小港,198.0,3,500,9323,3035,2026-05-21
華南小港,197.0,2000,0,9323,3035,2026-05-21
華南鶯歌,203.5,2000,100,9319,3035,2026-05-21
華南基隆,204.0,0,2000,9322,3035,2026-05-21
華南基隆,202.0,0,11000,9322,3035,2026-05-21
華南基隆,200.5,0,3000,9322,3035,2026-05-21
華南基隆,199.0,3600,0,9322,3035,2026-05-21
華南基隆,198.0,2000,2000,9322,3035,2026-05-21
華南基隆,196.5,1000,2000,9322,3035,2026-05-21
華南鶯歌,207.5,0,2000,9319,3035,2026-05-21
華南鶯歌,206.0,0,200,9319,3035,2026-05-21
華南基隆,203.0,0,200,9322,3035,2026-05-21
華南鳳山,199.0,1000,0,9331,3035,2026-05-21
凱基興隆,202.0,0,1000,9289,3035,2026-05-21
凱基興隆,199.0,0,1000,9289,3035,2026-05-21
凱基嘉義,208.0,0,3000,9252,3035,2026-05-21
凱基嘉義,205.0,1000,0,9252,3035,2026-05-21
凱基嘉義,203.5,0,1000,9252,3035,2026-05-21
凱基嘉義,201.5,0,2000,9252,3035,2026-05-21
凱基嘉義,200.5,0,2000,9252,3035,2026-05-21
凱基嘉義,199.5,1000,4000,9252,3035,2026-05-21
凱基嘉義,197.5,0,2000,9252,3035,2026-05-21
凱基市政,204.5,0,1000,9239,3035,2026-05-21
凱基市政,203.5,1000,2000,9239,3035,2026-05-21
凱基市政,202.5,1000,0,9239,3035,2026-05-21
凱基市政,201.5,1200,0,9239,3035,2026-05-21
凱基市政,200.5,0,1000,9239,3035,2026-05-21
凱基市政,199.5,300,1000,9239,3035,2026-05-21
凱基市政,198.0,0,200,9239,3035,2026-05-21
凱基士林,207.0,0,1000,9238,3035,2026-05-21
凱基科園,196.5,0,1000,9254,3035,2026-05-21
凱基科園,199.0,0,1500,9254,3035,2026-05-21
凱基科園,201.5,0,100,9254,3035,2026-05-21
凱基科園,202.5,1000,1000,9254,3035,2026-05-21
凱基林口,200.5,1000,2000,9257,3035,2026-05-21
凱基林口,199.0,0,1000,9257,3035,2026-05-21
凱基林口,196.0,1000,0,9257,3035,2026-05-21
凱基南崁,204.5,5,0,9256,3035,2026-05-21
凱基南崁,203.5,1000,2000,9256,3035,2026-05-21
凱基南崁,200.5,1045,0,9256,3035,2026-05-21
凱基南崁,199.5,1000,1000,9256,3035,2026-05-21
凱基士林,203.5,1000,0,9238,3035,2026-05-21
凱基南崁,198.0,1000,3000,9256,3035,2026-05-21
凱基和平,207.0,0,1000,9255,3035,2026-05-21
凱基和平,205.5,0,1000,9255,3035,2026-05-21
凱基和平,204.0,6000,10,9255,3035,2026-05-21
凱基和平,202.0,0,1000,9255,3035,2026-05-21
凱基和平,200.5,0,1100,9255,3035,2026-05-21
凱基和平,199.5,0,100,9255,3035,2026-05-21
凱基科園,205.0,200,0,9254,3035,2026-05-21
凱基南崁,196.0,1000,0,9256,3035,2026-05-21
凱基士林,202.0,3000,1000,9238,3035,2026-05-21
凱基士林,201.0,3000,1,9238,3035,2026-05-21
凱基士林,200.0,50,0,9238,3035,2026-05-21
凱基竹北,208.0,0,8000,9234,3035,2026-05-21
凱基竹北,204.0,2500,2000,9234,3035,2026-05-21
凱基竹北,202.0,0,1000,9234,3035,2026-05-21
凱基竹北,201.0,0,6000,9234,3035,2026-05-21
凱基竹北,200.0,0,1050,9234,3035,2026-05-21
凱基竹北,199.0,1000,0,9234,3035,2026-05-21
凱基竹北,198.0,1000,0,9234,3035,2026-05-21
凱基永華,198.0,5,0,9235,3035,2026-05-21
凱基竹北,196.5,1000,0,9234,3035,2026-05-21
凱基長庚,207.5,100,1000,9233,3035,2026-05-21
凱基長庚,203.5,1000,0,9233,3035,2026-05-21
凱基長庚,202.5,0,1020,9233,3035,2026-05-21
凱基長庚,201.5,3000,0,9233,3035,2026-05-21
凱基長庚,200.5,1000,2000,9233,3035,2026-05-21
凱基長庚,199.5,1000,1000,9233,3035,2026-05-21
凱基長庚,196.5,2000,0,9233,3035,2026-05-21
凱基竹北,195.5,1000,0,9234,3035,2026-05-21
凱基林口,201.5,1000,0,9257,3035,2026-05-21
凱基永華,199.5,2000,0,9235,3035,2026-05-21
凱基永華,202.5,0,1000,9235,3035,2026-05-21
凱基士林,198.0,1000,0,9238,3035,2026-05-21
凱基士林,196.0,0,1000,9238,3035,2026-05-21
凱基敦北,203.5,1000,0,9237,3035,2026-05-21
凱基敦北,201.0,1000,3000,9237,3035,2026-05-21
凱基敦北,199.5,3000,0,9237,3035,2026-05-21
凱基敦北,198.5,4000,0,9237,3035,2026-05-21
凱基敦北,196.5,0,1000,9237,3035,2026-05-21
凱基永華,200.5,0,1040,9235,3035,2026-05-21
凱基虎尾,207.5,7000,0,9236,3035,2026-05-21
凱基虎尾,203.5,0,7000,9236,3035,2026-05-21
凱基虎尾,202.5,1000,0,9236,3035,2026-05-21
凱基虎尾,201.5,3000,0,9236,3035,2026-05-21
凱基虎尾,200.0,0,1000,9236,3035,2026-05-21
凱基虎尾,199.0,3050,0,9236,3035,2026-05-21
凱基虎尾,197.5,0,1000,9236,3035,2026-05-21
凱基永華,205.5,0,1000,9235,3035,2026-05-21
凱基虎尾,204.5,1000,7000,9236,3035,2026-05-21
凱基興隆,200.0,1050,0,9289,3035,2026-05-21
凱基林口,202.5,1000,0,9257,3035,2026-05-21
凱基林口,207.5,0,5000,9257,3035,2026-05-21
凱基北門,201.5,0,1100,9283,3035,2026-05-21
凱基北門,200.5,0,150,9283,3035,2026-05-21
凱基北門,198.5,0,300,9283,3035,2026-05-21
凱基斗六,208.0,0,3000,9281,3035,2026-05-21
凱基斗六,203.0,1000,0,9281,3035,2026-05-21
凱基斗六,201.0,0,1000,9281,3035,2026-05-21
凱基斗六,199.5,0,100,9281,3035,2026-05-21
凱基永康,207.5,0,100,9278,3035,2026-05-21
凱基永康,204.0,0,2000,9278,3035,2026-05-21
凱基永康,203.0,1000,0,9278,3035,2026-05-21
凱基永康,202.0,1000,2000,9278,3035,2026-05-21
凱基永康,199.0,0,1000,9278,3035,2026-05-21
凱基永康,198.0,1000,1000,9278,3035,2026-05-21
凱基苗栗,208.0,0,1000,9276,3035,2026-05-21
凱基苗栗,203.0,0,1000,9276,3035,2026-05-21
凱基北門,202.5,0,50,9283,3035,2026-05-21
凱基北門,204.0,0,150,9283,3035,2026-05-21
凱基北門,208.0,0,1000,9283,3035,2026-05-21
凱基中壢,196.5,1000,1000,9285,3035,2026-05-21
凱基興隆,195.5,1000,0,9289,3035,2026-05-21
凱基埔墘,205.5,0,1000,9288,3035,2026-05-21
凱基埔墘,202.0,0,1000,9288,3035,2026-05-21
凱基埔墘,198.0,0,1000,9288,3035,2026-05-21
凱基內湖,205.0,0,1000,9287,3035,2026-05-21
凱基內湖,202.0,0,4000,9287,3035,2026-05-21
凱基內湖,201.0,50,0,9287,3035,2026-05-21
凱基三多,204.5,300,0,9275,3035,2026-05-21
凱基內湖,199.0,0,100,9287,3035,2026-05-21
凱基中壢,203.5,13000,0,9285,3035,2026-05-21
凱基中壢,202.5,0,1000,9285,3035,2026-05-21
凱基中壢,201.5,6,1000,9285,3035,2026-05-21
凱基中壢,200.5,30,2000,9285,3035,2026-05-21
凱基中壢,199.5,1000,6100,9285,3035,2026-05-21
凱基中壢,198.5,2000,1500,9285,3035,2026-05-21
凱基中壢,197.5,0,2000,9285,3035,2026-05-21
凱基中壢,205.0,0,3100,9285,3035,2026-05-21
凱基鳳山,208.0,0,1030,9274,3035,2026-05-21
凱基鳳山,205.0,0,2000,9274,3035,2026-05-21
凱基鳳山,202.0,0,2000,9274,3035,2026-05-21
凱基台北,202.5,90000,72000,9268,3035,2026-05-21
凱基台北,201.5,137000,75000,9268,3035,2026-05-21
凱基台北,200.5,56000,218000,9268,3035,2026-05-21
凱基台北,199.5,129001,61100,9268,3035,2026-05-21
凱基台北,198.5,27000,33000,9268,3035,2026-05-21
凱基台北,197.5,6000,40005,9268,3035,2026-05-21
凱基台北,196.5,39000,9000,9268,3035,2026-05-21
凱基台北,203.5,24000,145000,9268,3035,2026-05-21
凱基台北,195.5,4000,0,9268,3035,2026-05-21
凱基新豐,204.0,500,1000,9266,3035,2026-05-21
凱基新豐,201.0,2000,128,9266,3035,2026-05-21
凱基新豐,200.0,0,1090,9266,3035,2026-05-21
凱基新豐,199.0,2000,1050,9266,3035,2026-05-21
凱基新豐,198.0,0,1000,9266,3035,2026-05-21
凱基羅東,208.0,0,5000,9258,3035,2026-05-21
凱基羅東,199.0,0,2,9258,3035,2026-05-21
凱基新豐,207.5,2000,1000,9266,3035,2026-05-21
凱基林口,204.0,0,2000,9257,3035,2026-05-21
凱基台北,204.5,7000,47000,9268,3035,2026-05-21
凱基台北,207.5,103000,115000,9268,3035,2026-05-21
凱基鳳山,200.5,0,105,9274,3035,2026-05-21
凱基鳳山,199.0,0,1000,9274,3035,2026-05-21
凱基竹東,208.0,0,1300,9273,3035,2026-05-21
凱基竹東,204.5,1000,1000,9273,3035,2026-05-21
凱基竹東,203.0,0,1000,9273,3035,2026-05-21
凱基竹東,201.5,100,0,9273,3035,2026-05-21
凱基竹科,208.0,0,6100,9272,3035,2026-05-21
凱基台北,206.0,147000,0,9268,3035,2026-05-21
凱基竹科,204.5,0,3000,9272,3035,2026-05-21
凱基竹科,202.0,2000,1200,9272,3035,2026-05-21
凱基竹科,201.0,1000,1000,9272,3035,2026-05-21
凱基竹科,200.0,1000,1000,9272,3035,2026-05-21
凱基竹科,198.5,2000,1000,9272,3035,2026-05-21
凱基竹科,197.5,0,1000,9272,3035,2026-05-21
凱基竹科,196.0,2000,0,9272,3035,2026-05-21
凱基竹科,195.0,1000,0,9272,3035,2026-05-21
凱基竹科,203.5,3000,7000,9272,3035,2026-05-21
凱基員林,202.5,0,200,9231,3035,2026-05-21
華南鳳山,200.0,0,200,9331,3035,2026-05-21
華南鳳山,203.5,2051,0,9331,3035,2026-05-21
元大內湖,208.0,0,3102,989N,3035,2026-05-21
元大內湖,206.0,0,1000,989N,3035,2026-05-21
元大內湖,205.0,1000,4020,989N,3035,2026-05-21
元大內湖,204.0,0,2000,989N,3035,2026-05-21
元大內湖,203.0,1000,3000,989N,3035,2026-05-21
元大內湖,202.0,0,2000,989N,3035,2026-05-21
元大內湖,201.0,1009,1000,989N,3035,2026-05-21
元大內湖,200.0,1000,3000,989N,3035,2026-05-21
元大內湖,199.0,1000,700,989N,3035,2026-05-21
元大內湖,198.0,1000,5000,989N,3035,2026-05-21
元大內湖,197.0,0,5000,989N,3035,2026-05-21
元大信義,207.5,10000,0,989m,3035,2026-05-21
元大信義,201.0,16,1000,989m,3035,2026-05-21
元大信義,200.0,0,2300,989m,3035,2026-05-21
元大信義,198.0,0,1000,989m,3035,2026-05-21
元大敦南,197.5,1000,0,989P,3035,2026-05-21
元大敦南,198.5,2,0,989P,3035,2026-05-21
元大敦南,199.5,0,10,989P,3035,2026-05-21
元大敦南,201.0,0,1000,989P,3035,2026-05-21
元大鹿港,198.0,15,0,989S,3035,2026-05-21
元大鹿港,196.0,0,3000,989S,3035,2026-05-21
元大汐止,208.0,120,2550,989Q,3035,2026-05-21
元大汐止,207.0,0,1000,989Q,3035,2026-05-21
元大汐止,205.5,0,1000,989Q,3035,2026-05-21
元大汐止,204.5,0,1000,989Q,3035,2026-05-21
元大汐止,203.5,1030,1000,989Q,3035,2026-05-21
元大成功,208.0,0,2350,989L,3035,2026-05-21
元大汐止,202.5,0,1100,989Q,3035,2026-05-21
元大汐止,200.5,200,17050,989Q,3035,2026-05-21
元大汐止,199.5,2050,3250,989Q,3035,2026-05-21
元大汐止,197.5,1000,0,989Q,3035,2026-05-21
元大汐止,196.5,0,1000,989Q,3035,2026-05-21
元大敦南,208.0,2,2000,989P,3035,2026-05-21
元大敦南,204.0,0,1000,989P,3035,2026-05-21
元大敦南,202.5,1000,0,989P,3035,2026-05-21
元大汐止,201.5,1000,3,989Q,3035,2026-05-21
元大成功,206.0,0,2000,989L,3035,2026-05-21
元大成功,205.0,1000,1100,989L,3035,2026-05-21
元大成功,204.0,50,281,989L,3035,2026-05-21
元大彰生,196.5,2000,0,989J,3035,2026-05-21
元大樹林,207.0,0,1000,989j,3035,2026-05-21
元大樹林,205.0,0,1050,989j,3035,2026-05-21
元大樹林,203.0,0,3000,989j,3035,2026-05-21
元大樹林,202.0,1000,1000,989j,3035,2026-05-21
元大樹林,201.0,0,8050,989j,3035,2026-05-21
元大樹林,200.0,1000,3000,989j,3035,2026-05-21
元大彰生,198.0,130,0,989J,3035,2026-05-21
元大樹林,199.0,0,1000,989j,3035,2026-05-21
元大樹林,197.0,0,1000,989j,3035,2026-05-21
元大蘆中,208.0,0,3000,989I,3035,2026-05-21
元大蘆中,204.5,0,200,989I,3035,2026-05-21
元大蘆中,203.5,0,10000,989I,3035,2026-05-21
元大蘆中,202.5,0,1000,989I,3035,2026-05-21
元大蘆中,201.5,1005,1000,989I,3035,2026-05-21
元大蘆中,200.5,0,2000,989I,3035,2026-05-21
元大樹林,198.0,0,1000,989j,3035,2026-05-21
元大鹿港,199.0,2030,0,989S,3035,2026-05-21
元大彰生,199.0,0,150,989J,3035,2026-05-21
元大彰生,201.0,0,1000,989J,3035,2026-05-21
元大成功,202.5,0,1010,989L,3035,2026-05-21
元大成功,201.0,0,3000,989L,3035,2026-05-21
元大成功,200.0,2000,6200,989L,3035,2026-05-21
元大成功,198.5,0,500,989L,3035,2026-05-21
元大成功,196.5,3000,0,989L,3035,2026-05-21
元大古亭,206.5,0,2000,989k,3035,2026-05-21
元大古亭,203.5,0,1000,989k,3035,2026-05-21
元大彰生,200.0,10,200,989J,3035,2026-05-21
元大古亭,202.5,1000,0,989k,3035,2026-05-21
元大古亭,199.5,0,1000,989k,3035,2026-05-21
元大古亭,198.5,20,1000,989k,3035,2026-05-21
元大古亭,196.5,1000,0,989k,3035,2026-05-21
元大彰生,207.5,0,1000,989J,3035,2026-05-21
元大彰生,204.0,1000,0,989J,3035,2026-05-21
元大彰生,203.0,1000,0,989J,3035,2026-05-21
元大彰生,202.0,0,4000,989J,3035,2026-05-21
元大古亭,201.0,0,2000,989k,3035,2026-05-21
元大蘆中,199.5,1026,10000,989I,3035,2026-05-21
元大鹿港,200.0,1000,5000,989S,3035,2026-05-21
元大鹿港,202.0,2000,1000,989S,3035,2026-05-21
永豐金,200.5,22665,9354,9A00,3035,2026-05-21
永豐金,199.5,15075,2855,9A00,3035,2026-05-21
永豐金,198.5,1243,401,9A00,3035,2026-05-21
永豐金,197.5,3000,9000,9A00,3035,2026-05-21
永豐金,196.0,11000,5000,9A00,3035,2026-05-21
元大小港,208.0,0,1000,989Z,3035,2026-05-21
元大小港,204.5,0,2000,989Z,3035,2026-05-21
元大小港,203.5,0,1000,989Z,3035,2026-05-21
元大小港,202.0,0,50,989Z,3035,2026-05-21
元大小港,201.0,80,1800,989Z,3035,2026-05-21
元大小港,199.5,2000,1000,989Z,3035,2026-05-21
元大小港,198.0,1000,3600,989Z,3035,2026-05-21
元大小港,196.5,1000,0,989Z,3035,2026-05-21
元大基隆,208.0,0,130,989Y,3035,2026-05-21
元大基隆,205.5,0,1000,989Y,3035,2026-05-21
永豐金,201.5,4102,17210,9A00,3035,2026-05-21
永豐金,202.5,2171,5200,9A00,3035,2026-05-21
永豐金,203.5,3709,36740,9A00,3035,2026-05-21
永豐金,204.5,4008,145,9A00,3035,2026-05-21
永豐埔里,201.0,0,1000,9A79,3035,2026-05-21
永豐埔里,199.0,2000,15,9A79,3035,2026-05-21
永豐屏東,208.0,0,2000,9A69,3035,2026-05-21
永豐屏東,203.5,1000,0,9A69,3035,2026-05-21
永豐屏東,200.0,10,0,9A69,3035,2026-05-21
永豐鳳山,208.0,1000,1150,9A61,3035,2026-05-21
永豐鳳山,207.0,0,1000,9A61,3035,2026-05-21
元大基隆,204.0,5000,1000,989Y,3035,2026-05-21
永豐鳳山,203.5,3000,50,9A61,3035,2026-05-21
永豐鳳山,200.5,14,2070,9A61,3035,2026-05-21
永豐鳳山,199.5,0,2000,9A61,3035,2026-05-21
永豐鳳山,198.0,1000,2000,9A61,3035,2026-05-21
永豐鳳山,196.5,1000,0,9A61,3035,2026-05-21
永豐金,208.0,37466,10732,9A00,3035,2026-05-21
永豐金,207.0,2503,500,9A00,3035,2026-05-21
永豐金,205.5,326,0,9A00,3035,2026-05-21
永豐鳳山,201.5,1000,0,9A61,3035,2026-05-21
元大基隆,203.0,0,4070,989Y,3035,2026-05-21
元大基隆,201.0,8000,1100,989Y,3035,2026-05-21
元大基隆,199.5,1400,1000,989Y,3035,2026-05-21
元大北重,202.5,0,3251,989V,3035,2026-05-21
元大北重,201.5,0,1000,989V,3035,2026-05-21
元大北重,200.5,50,0,989V,3035,2026-05-21
元大北重,199.5,1006,120,989V,3035,2026-05-21
元大北重,198.5,0,1000,989V,3035,2026-05-21
元大北重,196.5,1000,0,989V,3035,2026-05-21
元大大甲,208.0,0,1004,989U,3035,2026-05-21
元大北重,203.5,0,1000,989V,3035,2026-05-21
元大大甲,203.0,1000,0,989U,3035,2026-05-21
元大大甲,201.0,50,0,989U,3035,2026-05-21
元大大甲,200.0,2000,300,989U,3035,2026-05-21
元大大甲,199.0,1000,0,989U,3035,2026-05-21
元大大甲,197.5,2000,1000,989U,3035,2026-05-21
元大鹿港,207.5,0,3300,989S,3035,2026-05-21
元大鹿港,204.5,2000,0,989S,3035,2026-05-21
元大鹿港,203.5,100,1000,989S,3035,2026-05-21
元大大甲,202.0,0,10100,989U,3035,2026-05-21
元大鹿港,201.0,4000,2000,989S,3035,2026-05-21
元大北重,204.5,1000,1000,989V,3035,2026-05-21
元大站前,196.0,0,2000,989W,3035,2026-05-21
元大基隆,198.5,0,1000,989Y,3035,2026-05-21
元大基隆,196.5,1000,0,989Y,3035,2026-05-21
元大三民,208.0,0,2000,989X,3035,2026-05-21
元大三民,205.0,0,2000,989X,3035,2026-05-21
元大三民,203.5,1000,0,989X,3035,2026-05-21
元大三民,201.5,0,1000,989X,3035,2026-05-21
元大三民,200.0,20,0,989X,3035,2026-05-21
元大北重,208.0,0,60,989V,3035,2026-05-21
元大三民,196.5,0,1000,989X,3035,2026-05-21
元大站前,205.0,0,1000,989W,3035,2026-05-21
元大站前,203.5,1000,2000,989W,3035,2026-05-21
元大站前,202.5,0,1000,989W,3035,2026-05-21
元大站前,201.5,0,1200,989W,3035,2026-05-21
元大站前,200.5,3000,1500,989W,3035,2026-05-21
元大站前,199.5,1000,3000,989W,3035,2026-05-21
元大站前,198.5,0,2000,989W,3035,2026-05-21
元大站前,208.0,0,1650,989W,3035,2026-05-21
華南鳳山,202.0,1000,0,9331,3035,2026-05-21
元大蘆中,198.5,1000,4000,989I,3035,2026-05-21
元大蘆中,196.5,0,1000,989I,3035,2026-05-21
華南桃園,207.5,0,1000,9352,3035,2026-05-21
華南桃園,204.5,2000,0,9352,3035,2026-05-21
華南桃園,202.5,0,1000,9352,3035,2026-05-21
華南桃園,201.0,2000,2000,9352,3035,2026-05-21
華南桃園,200.0,1000,1000,9352,3035,2026-05-21
華南桃園,199.0,0,1000,9352,3035,2026-05-21
華南板橋,208.0,0,1050,9349,3035,2026-05-21
華南板橋,204.5,150,0,9349,3035,2026-05-21
華南板橋,203.0,0,50,9349,3035,2026-05-21
華南板橋,201.0,0,1050,9349,3035,2026-05-21
華南板橋,198.5,1000,0,9349,3035,2026-05-21
華南敦南,208.0,0,3000,9347,3035,2026-05-21
華南敦南,203.0,0,2000,9347,3035,2026-05-21
華南敦南,201.5,0,1000,9347,3035,2026-05-21
華南敦南,200.5,1000,1000,9347,3035,2026-05-21
華南東勢,196.0,0,4000,9358,3035,2026-05-21
華南東勢,203.0,0,1000,9358,3035,2026-05-21
華南東勢,207.5,1000,1000,9358,3035,2026-05-21
華南中正,200.0,0,2000,9359,3035,2026-05-21
華南彰化,202.0,0,1000,9363,3035,2026-05-21
華南彰化,200.0,0,5,9363,3035,2026-05-21
華南彰化,199.0,2500,0,9363,3035,2026-05-21
華南苗栗,208.0,0,6133,9362,3035,2026-05-21
華南苗栗,205.0,0,1000,9362,3035,2026-05-21
華南苗栗,202.0,0,1000,9362,3035,2026-05-21
華南苗栗,201.0,0,1000,9362,3035,2026-05-21
華南敦南,199.5,0,3001,9347,3035,2026-05-21
華南苗栗,199.5,0,1000,9362,3035,2026-05-21
華南苗栗,196.5,0,1000,9362,3035,2026-05-21
華南中正,207.5,2000,1000,9359,3035,2026-05-21
華南中正,205.5,0,1000,9359,3035,2026-05-21
華南中正,204.0,2000,2000,9359,3035,2026-05-21
華南中正,203.0,0,1000,9359,3035,2026-05-21
華南中正,202.0,1000,2000,9359,3035,2026-05-21
華南中正,201.0,0,5000,9359,3035,2026-05-21
華南苗栗,198.5,1000,0,9362,3035,2026-05-21
華南敦南,198.0,2000,200,9347,3035,2026-05-21
華南頭份,207.5,0,1000,9343,3035,2026-05-21
華南頭份,204.0,1000,0,9343,3035,2026-05-21
華南長虹,204.5,0,30,9333,3035,2026-05-21
華南長虹,203.0,0,1000,9333,3035,2026-05-21
華南長虹,202.0,0,1060,9333,3035,2026-05-21
華南長虹,201.0,2000,200,9333,3035,2026-05-21
華南長虹,199.5,2000,2030,9333,3035,2026-05-21
華南長虹,198.5,0,30,9333,3035,2026-05-21
華南楠梓,207.5,1000,0,9332,3035,2026-05-21
華南長虹,208.0,0,1030,9333,3035,2026-05-21
華南楠梓,205.0,0,130,9332,3035,2026-05-21
華南楠梓,202.0,1000,2000,9332,3035,2026-05-21
華南楠梓,201.0,0,200,9332,3035,2026-05-21
華南楠梓,200.0,0,4000,9332,3035,2026-05-21
華南楠梓,199.0,1000,1050,9332,3035,2026-05-21
華南楠梓,195.5,1000,0,9332,3035,2026-05-21
華南鳳山,207.5,0,8000,9331,3035,2026-05-21
華南鳳山,205.0,0,5000,9331,3035,2026-05-21
華南楠梓,204.0,3,0,9332,3035,2026-05-21
華南彰化,203.5,3000,0,9363,3035,2026-05-21
華南世貿,198.5,0,2,9334,3035,2026-05-21
華南世貿,202.0,12000,0,9334,3035,2026-05-21
華南頭份,203.0,0,1000,9343,3035,2026-05-21
華南頭份,202.0,0,1000,9343,3035,2026-05-21
華南頭份,200.5,2000,2000,9343,3035,2026-05-21
華南頭份,199.5,2030,0,9343,3035,2026-05-21
華南頭份,198.5,100,0,9343,3035,2026-05-21
華南頭份,197.5,60,0,9343,3035,2026-05-21
華南竹北,208.0,0,2000,9339,3035,2026-05-21
華南世貿,199.5,0,2000,9334,3035,2026-05-21
華南竹北,203.5,1000,1000,9339,3035,2026-05-21
華南竹北,201.0,0,2000,9339,3035,2026-05-21
華南竹北,199.5,1000,0,9339,3035,2026-05-21
華南竹北,198.0,1000,0,9339,3035,2026-05-21
華南內壢,208.0,500,0,9337,3035,2026-05-21
華南內壢,200.0,0,133,9337,3035,2026-05-21
華南世貿,208.0,0,6000,9334,3035,2026-05-21
華南世貿,203.5,5000,2000,9334,3035,2026-05-21
華南竹北,202.0,0,1000,9339,3035,2026-05-21
元大蘆中,197.5,5000,2000,989I,3035,2026-05-21
華南彰化,205.0,0,180,9363,3035,2026-05-21
華南豐原,200.0,3000,10000,9366,3035,2026-05-21
元大高雄,202.0,1050,1100,989F,3035,2026-05-21
元大高雄,200.5,1200,102,989F,3035,2026-05-21
元大高雄,199.5,1020,0,989F,3035,2026-05-21
元大高雄,198.5,0,1000,989F,3035,2026-05-21
元大東港,208.0,0,2040,989f,3035,2026-05-21
元大東港,205.0,0,75,989f,3035,2026-05-21
元大東港,202.5,0,5000,989f,3035,2026-05-21
元大東港,201.5,0,1000,989f,3035,2026-05-21
元大東港,200.5,0,1000,989f,3035,2026-05-21
元大東港,199.0,1025,1020,989f,3035,2026-05-21
元大東港,198.0,100,0,989f,3035,2026-05-21
元大草屯,207.5,0,1000,989E,3035,2026-05-21
元大草屯,205.0,0,3000,989E,3035,2026-05-21
元大草屯,204.0,2000,2000,989E,3035,2026-05-21
元大草屯,203.0,0,200,989E,3035,2026-05-21
元大高雄,205.0,0,1000,989F,3035,2026-05-21
元大高雄,207.5,0,10,989F,3035,2026-05-21
元大嘉義,195.5,0,4000,989g,3035,2026-05-21
元大嘉義,197.5,1000,1000,989g,3035,2026-05-21
元大大同,207.5,0,4000,989G,3035,2026-05-21
元大大同,204.0,14,259000,989G,3035,2026-05-21
元大大同,203.0,0,102000,989G,3035,2026-05-21
元大大同,202.0,5000,103000,989G,3035,2026-05-21
元大大同,201.0,1000,100050,989G,3035,2026-05-21
元大大同,200.0,3070,101100,989G,3035,2026-05-21
元大大同,199.0,12,1000,989G,3035,2026-05-21
元大草屯,201.5,0,2000,989E,3035,2026-05-21
元大大同,198.0,0,2000,989G,3035,2026-05-21
元大大同,195.5,0,1000,989G,3035,2026-05-21
元大嘉義,205.0,13,1100,989g,3035,2026-05-21
元大嘉義,204.0,30,1000,989g,3035,2026-05-21
元大嘉義,202.0,0,1000,989g,3035,2026-05-21
元大嘉義,201.0,1000,1124,989g,3035,2026-05-21
元大嘉義,200.0,1000,2004,989g,3035,2026-05-21
元大嘉義,199.0,1100,0,989g,3035,2026-05-21
元大大同,196.5,1000,0,989G,3035,2026-05-21
元大草屯,200.5,1000,1000,989E,3035,2026-05-21
元大草屯,199.5,1000,20000,989E,3035,2026-05-21
元大草屯,198.0,1000,0,989E,3035,2026-05-21
華南東昇,199.5,1000,0,9386,3035,2026-05-21
華南虎尾,207.5,0,36000,9377,3035,2026-05-21
華南虎尾,204.0,1000,1000,9377,3035,2026-05-21
華南虎尾,203.0,0,1000,9377,3035,2026-05-21
華南虎尾,202.0,0,1000,9377,3035,2026-05-21
華南虎尾,200.5,5000,1000,9377,3035,2026-05-21
華南虎尾,199.0,3000,3002,9377,3035,2026-05-21
華南東昇,200.5,1000,2000,9386,3035,2026-05-21
華南三重,208.0,0,400,9369,3035,2026-05-21
華南三重,203.5,1000,0,9369,3035,2026-05-21
華南三重,201.0,0,1000,9369,3035,2026-05-21
華南三重,199.5,0,1000,9369,3035,2026-05-21
華南豐原,208.0,0,3000,9366,3035,2026-05-21
華南豐原,205.5,0,1000,9366,3035,2026-05-21
華南豐原,203.0,0,3000,9366,3035,2026-05-21
華南豐原,201.0,0,14000,9366,3035,2026-05-21
華南三重,205.0,0,1000,9369,3035,2026-05-21
華南彰化,208.0,1000,0,9363,3035,2026-05-21
華南東昇,203.0,0,2000,9386,3035,2026-05-21
富邦,195.5,0,7000,9600,3035,2026-05-21
元大草屯,197.0,1000,1000,989E,3035,2026-05-21
元大中和,208.0,0,2000,989e,3035,2026-05-21
元大中和,205.5,0,1000,989e,3035,2026-05-21
元大中和,204.0,0,1000,989e,3035,2026-05-21
元大中和,201.5,50,1000,989e,3035,2026-05-21
元大中和,200.5,0,1000,989e,3035,2026-05-21
元大中和,199.5,1500,0,989e,3035,2026-05-21
華南東昇,204.0,0,1000,9386,3035,2026-05-21
元大中和,197.0,0,1000,989e,3035,2026-05-21
元大左營,204.0,3,0,989D,3035,2026-05-21
元大左營,202.5,0,2000,989D,3035,2026-05-21
元大左營,201.0,0,1100,989D,3035,2026-05-21
元大左營,200.0,20,0,989D,3035,2026-05-21
元大左營,198.5,0,150,989D,3035,2026-05-21
元大左營,197.5,1000,0,989D,3035,2026-05-21
元大左營,196.0,3000,0,989D,3035,2026-05-21
元大左營,206.0,0,1000,989D,3035,2026-05-21
台新安南,204.5,0,300,9B2Z,3035,2026-05-21
兆豐小港,199.0,1000,0,700R,3035,2026-05-21
兆豐寶成,205.0,0,1000,700r,3035,2026-05-21
元大北府,203.5,3000,0,980D,3035,2026-05-21
元大北府,204.5,30,20,980D,3035,2026-05-21
元大北府,207.0,0,4000,980D,3035,2026-05-21
元大北府,208.0,0,6000,980D,3035,2026-05-21
元大清水,197.5,11,0,980e,3035,2026-05-21
元大清水,199.0,1010,2011,980e,3035,2026-05-21
元大清水,200.0,1200,0,980e,3035,2026-05-21
元大清水,201.0,2000,3000,980e,3035,2026-05-21
元大清水,202.0,0,1050,980e,3035,2026-05-21
元大清水,203.5,0,2000,980e,3035,2026-05-21
元大清水,204.5,11,0,980e,3035,2026-05-21
元大清水,206.0,0,1000,980e,3035,2026-05-21
元大清水,208.0,0,800,980e,3035,2026-05-21
元大台北,196.0,1000,1000,980h,3035,2026-05-21
元大台北,199.0,2200,1000,980h,3035,2026-05-21
元大北府,202.0,0,1000,980D,3035,2026-05-21
元大北府,201.0,0,2000,980D,3035,2026-05-21
元大北府,200.0,228,0,980D,3035,2026-05-21
元大北府,199.0,300,0,980D,3035,2026-05-21
元大斗六,201.5,0,1000,980C,3035,2026-05-21
元大斗六,202.5,0,2000,980C,3035,2026-05-21
元大斗六,203.5,1000,1000,980C,3035,2026-05-21
元大斗六,204.5,1000,0,980C,3035,2026-05-21
元大斗六,206.5,1000,0,980C,3035,2026-05-21
元大沙鹿,196.0,2000,0,980d,3035,2026-05-21
元大沙鹿,197.0,14000,2000,980d,3035,2026-05-21
元大台北,200.0,200,0,980h,3035,2026-05-21
元大沙鹿,198.0,0,1000,980d,3035,2026-05-21
元大沙鹿,200.0,700,920,980d,3035,2026-05-21
元大沙鹿,201.0,0,1158,980d,3035,2026-05-21
元大沙鹿,202.0,1000,5101,980d,3035,2026-05-21
元大沙鹿,203.5,97000,3000,980d,3035,2026-05-21
元大沙鹿,204.5,2000,0,980d,3035,2026-05-21
元大沙鹿,207.0,0,130,980d,3035,2026-05-21
元大北府,197.0,0,1000,980D,3035,2026-05-21
元大沙鹿,199.0,4900,10040,980d,3035,2026-05-21
元大斗六,200.5,0,10,980C,3035,2026-05-21
元大台北,201.0,500,0,980h,3035,2026-05-21
元大台北,203.0,0,2005,980h,3035,2026-05-21
元大南崁,202.5,1000,0,980Q,3035,2026-05-21
元大南崁,203.5,1000,0,980Q,3035,2026-05-21
元大南崁,204.5,0,1000,980Q,3035,2026-05-21
元大南崁,206.5,0,1000,980Q,3035,2026-05-21
元大信安,200.0,0,100,980R,3035,2026-05-21
元大信安,202.0,0,3000,980R,3035,2026-05-21
元大府城,196.5,0,1000,980u,3035,2026-05-21
元大府城,198.5,0,22,980u,3035,2026-05-21
元大府城,199.5,0,26,980u,3035,2026-05-21
元大府城,200.5,0,1050,980u,3035,2026-05-21
元大府城,201.5,1000,2000,980u,3035,2026-05-21
元大府城,203.0,1000,0,980u,3035,2026-05-21
元大府城,205.0,0,2000,980u,3035,2026-05-21
元大府城,208.0,0,500,980u,3035,2026-05-21
元大西屯,198.0,600,2,980w,3035,2026-05-21
元大南崁,201.0,0,203,980Q,3035,2026-05-21
元大南崁,200.0,0,60,980Q,3035,2026-05-21
元大南崁,199.0,0,1000,980Q,3035,2026-05-21
元大虎尾,206.0,4000,0,980l,3035,2026-05-21
元大台北,205.0,0,3000,980h,3035,2026-05-21
元大竹科,197.5,10000,3025,980K,3035,2026-05-21
元大竹科,199.0,4000,0,980K,3035,2026-05-21
元大竹科,200.0,0,4407,980K,3035,2026-05-21
元大竹科,201.0,6030,105,980K,3035,2026-05-21
元大竹科,202.0,2000,0,980K,3035,2026-05-21
元大竹科,203.5,2000,0,980K,3035,2026-05-21
元大台北,202.0,0,8,980h,3035,2026-05-21
元大竹科,204.5,0,50,980K,3035,2026-05-21
元大竹科,208.0,11000,3100,980K,3035,2026-05-21
元大虎尾,197.5,0,2000,980l,3035,2026-05-21
元大虎尾,198.5,0,100,980l,3035,2026-05-21
元大虎尾,200.5,1000,0,980l,3035,2026-05-21
元大虎尾,202.0,1000,3000,980l,3035,2026-05-21
元大虎尾,203.0,0,2010,980l,3035,2026-05-21
元大虎尾,204.0,6000,1100,980l,3035,2026-05-21
元大竹科,205.5,0,1000,980K,3035,2026-05-21
元大斗六,199.5,0,6000,980C,3035,2026-05-21
元大斗六,198.5,1000,0,980C,3035,2026-05-21
元大斗六,196.5,0,5000,980C,3035,2026-05-21
富邦宜蘭,207.5,1000,6,9686,3035,2026-05-21
富邦嘉義,196.0,0,1000,9692,3035,2026-05-21
富邦嘉義,197.0,1000,0,9692,3035,2026-05-21
富邦嘉義,198.5,0,2000,9692,3035,2026-05-21
富邦嘉義,199.5,1000,3000,9692,3035,2026-05-21
富邦嘉義,200.5,7000,200,9692,3035,2026-05-21
富邦嘉義,201.5,0,2020,9692,3035,2026-05-21
富邦嘉義,202.5,1000,0,9692,3035,2026-05-21
富邦嘉義,204.5,0,4000,9692,3035,2026-05-21
富邦嘉義,207.5,3000,10,9692,3035,2026-05-21
富邦新營,196.0,0,1000,9693,3035,2026-05-21
富邦新營,200.0,0,1000,9693,3035,2026-05-21
富邦新營,201.0,0,1000,9693,3035,2026-05-21
富邦新營,203.0,0,2000,9693,3035,2026-05-21
富邦新營,208.0,0,1000,9693,3035,2026-05-21
富邦宜蘭,206.0,0,1000,9686,3035,2026-05-21
富邦宜蘭,204.5,0,1003,9686,3035,2026-05-21
富邦宜蘭,203.5,1100,1200,9686,3035,2026-05-21
富邦宜蘭,202.5,0,1000,9686,3035,2026-05-21
富邦仁愛,205.0,0,7100,9676,3035,2026-05-21
富邦仁愛,207.5,20,1000,9676,3035,2026-05-21
富邦三重,197.0,0,1000,9677,3035,2026-05-21
富邦三重,198.0,1000,10,9677,3035,2026-05-21
富邦三重,199.5,2000,2020,9677,3035,2026-05-21
富邦三重,200.5,3000,2020,9677,3035,2026-05-21
富邦三重,201.5,0,1210,9677,3035,2026-05-21
富邦虎尾,197.5,2000,0,9697,3035,2026-05-21
富邦三重,202.5,0,300,9677,3035,2026-05-21
富邦三重,205.0,0,1000,9677,3035,2026-05-21
富邦三重,207.5,1000,0,9677,3035,2026-05-21
富邦宜蘭,196.0,0,2000,9686,3035,2026-05-21
富邦宜蘭,198.5,26,0,9686,3035,2026-05-21
富邦宜蘭,199.5,2000,1000,9686,3035,2026-05-21
富邦宜蘭,200.5,0,2000,9686,3035,2026-05-21
富邦宜蘭,201.5,2000,1300,9686,3035,2026-05-21
富邦三重,203.5,0,100,9677,3035,2026-05-21
富邦虎尾,199.0,1000,1000,9697,3035,2026-05-21
富邦虎尾,200.5,4000,1000,9697,3035,2026-05-21
富邦虎尾,201.5,0,3000,9697,3035,2026-05-21
元大,208.0,175133,6000,9800,3035,2026-05-21
元大松江,200.0,1000,0,9801,3035,2026-05-21
元大松江,201.5,2000,1000,9801,3035,2026-05-21
元大松江,202.5,0,3000,9801,3035,2026-05-21
元大松江,204.0,0,2023,9801,3035,2026-05-21
元大松江,205.0,1000,0,9801,3035,2026-05-21
元大松江,208.0,0,1000,9801,3035,2026-05-21
元大,207.0,2,1000,9800,3035,2026-05-21
元大中北,197.5,1000,1000,980a,3035,2026-05-21
元大中北,199.5,1000,0,980a,3035,2026-05-21
元大中北,200.5,1200,3000,980a,3035,2026-05-21
元大中北,201.5,1000,3000,980a,3035,2026-05-21
元大中北,202.5,0,185,980a,3035,2026-05-21
元大中北,204.0,10,0,980a,3035,2026-05-21
元大中北,206.0,4000,1000,980a,3035,2026-05-21
元大中北,208.0,0,2000,980a,3035,2026-05-21
元大中北,198.5,0,50,980a,3035,2026-05-21
元大西屯,200.0,0,3000,980w,3035,2026-05-21
元大,206.0,1503,12000,9800,3035,2026-05-21
元大,204.0,60000,86181,9800,3035,2026-05-21
富邦虎尾,203.0,14000,0,9697,3035,2026-05-21
富邦虎尾,204.5,0,1000,9697,3035,2026-05-21
富邦虎尾,206.5,0,1000,9697,3035,2026-05-21
富邦虎尾,208.0,0,8000,9697,3035,2026-05-21
富邦北港,199.5,0,1000,969C,3035,2026-05-21
富邦北港,201.5,0,1000,969C,3035,2026-05-21
富邦北港,203.5,1000,0,969C,3035,2026-05-21
元大,205.0,56130,12000,9800,3035,2026-05-21
富邦北港,208.0,0,60,969C,3035,2026-05-21
元大,197.0,7000,17000,9800,3035,2026-05-21
元大,198.0,30144,25000,9800,3035,2026-05-21
元大,199.0,163381,51085,9800,3035,2026-05-21
元大,200.0,252791,152003,9800,3035,2026-05-21
元大,201.0,105871,114000,9800,3035,2026-05-21
元大,202.0,309214,103000,9800,3035,2026-05-21
元大,203.0,24000,45000,9800,3035,2026-05-21
元大,196.0,74000,8000,9800,3035,2026-05-21
元大西屯,201.0,2000,1280,980w,3035,2026-05-21
元大西屯,203.5,0,7000,980w,3035,2026-05-21
元大西屯,205.0,0,1000,980w,3035,2026-05-21
元大福營,206.0,4000,0,981F,3035,2026-05-21
元大福營,208.0,1000,1000,981F,3035,2026-05-21
元大大里,196.0,0,1000,981g,3035,2026-05-21
元大大里,197.0,0,1000,981g,3035,2026-05-21
元大大里,199.0,3116,3000,981g,3035,2026-05-21
元大大里,200.0,3000,2400,981g,3035,2026-05-21
元大大里,201.0,1003,2100,981g,3035,2026-05-21
元大大里,202.0,1000,8100,981g,3035,2026-05-21
元大大里,203.0,1000,1000,981g,3035,2026-05-21
元大大里,204.0,2000,5000,981g,3035,2026-05-21
元大大里,205.0,1000,5000,981g,3035,2026-05-21
元大大里,208.0,2000,8400,981g,3035,2026-05-21
元大彰化,197.5,1000,0,981G,3035,2026-05-21
元大彰化,198.5,0,1000,981G,3035,2026-05-21
元大彰化,199.5,1000,5100,981G,3035,2026-05-21
元大福營,204.5,0,1100,981F,3035,2026-05-21
元大福營,203.5,0,1000,981F,3035,2026-05-21
元大福營,201.0,0,1000,981F,3035,2026-05-21
元大福營,200.0,1000,1060,981F,3035,2026-05-21
元大佳里,198.0,200,0,981e,3035,2026-05-21
元大佳里,199.0,1000,2000,981e,3035,2026-05-21
元大佳里,200.0,0,1350,981e,3035,2026-05-21
元大佳里,201.0,1000,1000,981e,3035,2026-05-21
元大佳里,202.5,1000,1000,981e,3035,2026-05-21
元大佳里,204.0,0,2000,981e,3035,2026-05-21
元大佳里,206.0,0,1000,981e,3035,2026-05-21
元大彰化,200.5,1000,0,981G,3035,2026-05-21
元大佳里,208.0,0,4000,981e,3035,2026-05-21
元大發財,199.5,0,5000,981E,3035,2026-05-21
元大發財,200.5,0,1000,981E,3035,2026-05-21
元大發財,202.5,0,1000,981E,3035,2026-05-21
元大發財,204.0,0,1000,981E,3035,2026-05-21
元大發財,205.5,0,1000,981E,3035,2026-05-21
元大發財,208.0,0,6100,981E,3035,2026-05-21
元大福營,196.0,1000,1000,981F,3035,2026-05-21
元大發財,197.0,0,4000,981E,3035,2026-05-21
元大彰化,201.5,49,2000,981G,3035,2026-05-21
元大彰化,208.0,0,3000,981G,3035,2026-05-21
元大屏生,196.0,0,1000,981h,3035,2026-05-21
元大士林,199.0,0,1040,981j,3035,2026-05-21
元大士林,200.0,2000,4450,981j,3035,2026-05-21
元大士林,201.0,1000,2200,981j,3035,2026-05-21
元大士林,202.0,7000,100,981j,3035,2026-05-21
元大士林,203.0,6200,2000,981j,3035,2026-05-21
元大士林,204.0,600,0,981j,3035,2026-05-21
元大士林,205.0,1000,100,981j,3035,2026-05-21
元大士林,197.5,1000,0,981j,3035,2026-05-21
元大士林,207.5,3000,0,981j,3035,2026-05-21
元大林園,200.5,300,0,981K,3035,2026-05-21
元大林園,202.0,150,0,981K,3035,2026-05-21
元大林園,203.0,0,1000,981K,3035,2026-05-21
元大林園,207.5,100,0,981K,3035,2026-05-21
元大莒光,196.0,0,1000,981L,3035,2026-05-21
元大莒光,198.5,1100,0,981L,3035,2026-05-21
元大莒光,199.5,2000,0,981L,3035,2026-05-21
元大林園,199.0,1000,0,981K,3035,2026-05-21
元大南投,207.0,0,10,981D,3035,2026-05-21
元大士林,196.0,2000,2000,981j,3035,2026-05-21
元大天母,205.0,0,2020,981I,3035,2026-05-21
元大屏生,198.5,0,1000,981h,3035,2026-05-21
元大屏生,199.5,1010,0,981h,3035,2026-05-21
元大屏生,200.5,0,1000,981h,3035,2026-05-21
元大屏生,202.0,1000,0,981h,3035,2026-05-21
元大屏生,204.0,1200,1000,981h,3035,2026-05-21
元大屏生,208.0,1000,5101,981h,3035,2026-05-21
元大西螺,200.0,1000,0,981i,3035,2026-05-21
元大天母,208.0,0,30,981I,3035,2026-05-21
元大西螺,201.5,0,150,981i,3035,2026-05-21
元大西螺,204.0,2000,0,981i,3035,2026-05-21
元大西螺,208.0,0,1000,981i,3035,2026-05-21
元大天母,199.0,100,1000,981I,3035,2026-05-21
元大天母,200.0,1000,3000,981I,3035,2026-05-21
元大天母,201.0,0,1000,981I,3035,2026-05-21
元大天母,203.0,1000,0,981I,3035,2026-05-21
元大天母,204.0,0,2000,981I,3035,2026-05-21
元大西螺,202.5,0,1000,981i,3035,2026-05-21
富邦仁愛,204.0,2100,4350,9676,3035,2026-05-21
元大南投,204.0,0,1000,981D,3035,2026-05-21
元大南投,201.5,0,3000,981D,3035,2026-05-21
元大大益,201.5,0,1000,9814,3035,2026-05-21
元大大益,202.5,2000,0,9814,3035,2026-05-21
元大大益,203.5,0,1000,9814,3035,2026-05-21
元大大益,205.0,0,300,9814,3035,2026-05-21
元大大灣,199.0,11,0,9815,3035,2026-05-21
元大大灣,200.0,51,35,9815,3035,2026-05-21
元大大灣,201.0,0,3000,9815,3035,2026-05-21
元大大灣,202.0,105,1000,9815,3035,2026-05-21
元大大灣,204.0,42,52,9815,3035,2026-05-21
元大大灣,205.0,1,0,9815,3035,2026-05-21
元大大灣,207.5,31,0,9815,3035,2026-05-21
元大新竹,195.5,1000,0,9816,3035,2026-05-21
元大新竹,199.0,0,4000,9816,3035,2026-05-21
元大新竹,200.0,20,4010,9816,3035,2026-05-21
元大新竹,201.0,0,1000,9816,3035,2026-05-21
元大大益,200.5,5000,10,9814,3035,2026-05-21
元大大益,199.5,4000,1000,9814,3035,2026-05-21
元大大益,197.5,20,4000,9814,3035,2026-05-21
元大大益,196.0,1000,1000,9814,3035,2026-05-21
元大台中,196.0,1000,0,9812,3035,2026-05-21
元大台中,198.5,2000,0,9812,3035,2026-05-21
元大台中,199.5,200,1000,9812,3035,2026-05-21
元大台中,200.5,1095,2000,9812,3035,2026-05-21
元大台中,202.0,0,5350,9812,3035,2026-05-21
元大台中,203.0,0,200,9812,3035,2026-05-21
元大台中,204.0,0,100,9812,3035,2026-05-21
元大新竹,202.0,0,1000,9816,3035,2026-05-21
元大台中,205.5,0,1000,9812,3035,2026-05-21
元大中崙,200.5,0,1200,9813,3035,2026-05-21
元大中崙,201.5,0,25,9813,3035,2026-05-21
元大中崙,203.0,0,1000,9813,3035,2026-05-21
元大中崙,204.0,0,150,9813,3035,2026-05-21
元大中崙,205.0,0,2000,9813,3035,2026-05-21
元大中崙,206.0,4000,0,9813,3035,2026-05-21
元大中崙,208.0,0,1400,9813,3035,2026-05-21
元大台中,208.0,0,1068,9812,3035,2026-05-21
元大新竹,204.5,3000,359,9816,3035,2026-05-21
元大新竹,207.0,0,1000,9816,3035,2026-05-21
元大東泰,196.0,2000,0,9817,3035,2026-05-21
元大竹北,201.0,2000,0,981B,3035,2026-05-21
元大竹北,203.0,5000,0,981B,3035,2026-05-21
元大竹北,206.0,0,1000,981B,3035,2026-05-21
元大路竹,197.5,0,1000,981C,3035,2026-05-21
元大路竹,199.0,2000,0,981C,3035,2026-05-21
元大路竹,200.0,10000,0,981C,3035,2026-05-21
元大路竹,201.5,6010,0,981C,3035,2026-05-21
元大竹北,199.5,50,0,981B,3035,2026-05-21
元大路竹,202.5,1000,1000,981C,3035,2026-05-21
元大路竹,204.5,0,1000,981C,3035,2026-05-21
元大路竹,207.5,100,0,981C,3035,2026-05-21
元大南投,195.5,0,1000,981D,3035,2026-05-21
元大南投,197.5,1000,0,981D,3035,2026-05-21
元大南投,198.5,1000,0,981D,3035,2026-05-21
元大南投,199.5,0,3000,981D,3035,2026-05-21
元大南投,200.5,5000,2025,981D,3035,2026-05-21
元大路竹,203.5,1000,2000,981C,3035,2026-05-21
元大南投,203.0,0,2000,981D,3035,2026-05-21
元大竹北,198.5,1000,1000,981B,3035,2026-05-21
元大三峽,203.0,1000,0,981A,3035,2026-05-21
元大東泰,197.5,0,1000,9817,3035,2026-05-21
元大東泰,198.5,1000,0,9817,3035,2026-05-21
元大東泰,199.5,0,1000,9817,3035,2026-05-21
元大東泰,201.0,1000,0,9817,3035,2026-05-21
元大東泰,202.0,2000,6000,9817,3035,2026-05-21
元大東泰,203.5,2000,0,9817,3035,2026-05-21
元大東泰,204.5,0,165,9817,3035,2026-05-21
元大三峽,205.0,0,1000,981A,3035,2026-05-21
元大歸仁,197.0,1000,0,981a,3035,2026-05-21
元大歸仁,201.0,1000,1000,981a,3035,2026-05-21
元大歸仁,202.0,0,100,981a,3035,2026-05-21
元大歸仁,204.0,0,10,981a,3035,2026-05-21
元大歸仁,208.0,1000,2000,981a,3035,2026-05-21
元大三峽,197.5,0,1000,981A,3035,2026-05-21
元大三峽,200.0,50,200,981A,3035,2026-05-21
元大三峽,201.0,1000,0,981A,3035,2026-05-21
元大歸仁,199.5,0,1030,981a,3035,2026-05-21
富邦仁愛,203.0,1000,3000,9676,3035,2026-05-21
富邦仁愛,202.0,300,1000,9676,3035,2026-05-21
富邦仁愛,201.0,1016,2115,9676,3035,2026-05-21
富邦竹科,201.0,0,1100,962C,3035,2026-05-21
富邦竹科,202.5,50,0,962C,3035,2026-05-21
富邦竹科,204.0,0,1000,962C,3035,2026-05-21
富邦竹科,206.0,0,25,962C,3035,2026-05-21
富邦新莊,196.0,0,1000,962D,3035,2026-05-21
富邦新莊,199.5,2100,0,962D,3035,2026-05-21
富邦新莊,200.5,0,10,962D,3035,2026-05-21
富邦新莊,201.5,0,3338,962D,3035,2026-05-21
富邦新莊,203.5,1000,1000,962D,3035,2026-05-21
富邦樹林,197.0,2000,0,962E,3035,2026-05-21
富邦樹林,198.0,1000,0,962E,3035,2026-05-21
富邦樹林,199.5,2000,0,962E,3035,2026-05-21
富邦樹林,200.5,1000,1000,962E,3035,2026-05-21
富邦樹林,202.0,0,3050,962E,3035,2026-05-21
富邦樹林,204.0,0,1050,962E,3035,2026-05-21
富邦竹科,200.0,0,1012,962C,3035,2026-05-21
富邦竹科,199.0,0,6000,962C,3035,2026-05-21
富邦竹科,198.0,0,1000,962C,3035,2026-05-21
富邦竹科,196.0,1000,0,962C,3035,2026-05-21
富邦內湖,205.0,0,2000,9627,3035,2026-05-21
富邦內湖,208.0,0,9000,9627,3035,2026-05-21
富邦南港,198.0,10,0,962A,3035,2026-05-21
富邦南港,200.0,50,10,962A,3035,2026-05-21
富邦南港,201.0,100,60,962A,3035,2026-05-21
富邦南港,202.0,0,80,962A,3035,2026-05-21
富邦南港,204.0,0,1020,962A,3035,2026-05-21
富邦樹林,205.0,0,2292,962E,3035,2026-05-21
富邦南港,205.0,0,10,962A,3035,2026-05-21
富邦南港,207.5,0,10,962A,3035,2026-05-21
富邦二林,199.0,1100,0,962B,3035,2026-05-21
富邦二林,200.5,0,1000,962B,3035,2026-05-21
富邦二林,201.5,0,150,962B,3035,2026-05-21
富邦二林,204.0,500,6,962B,3035,2026-05-21
富邦二林,205.0,0,6,962B,3035,2026-05-21
富邦二林,206.0,0,1006,962B,3035,2026-05-21
富邦南港,206.5,0,10,962A,3035,2026-05-21
富邦樹林,207.0,0,4000,962E,3035,2026-05-21
富邦樹林,208.0,1000,2190,962E,3035,2026-05-21
富邦斗六,200.0,3000,200,962G,3035,2026-05-21
富邦北高,202.5,0,3000,962Q,3035,2026-05-21
富邦北高,204.0,0,1000,962Q,3035,2026-05-21
富邦北高,205.0,0,1000,962Q,3035,2026-05-21
富邦北高,208.0,50,5000,962Q,3035,2026-05-21
富邦羅東,198.5,2000,1000,9634,3035,2026-05-21
富邦羅東,199.5,3000,2000,9634,3035,2026-05-21
富邦羅東,200.5,52000,50,9634,3035,2026-05-21
富邦北高,201.5,0,2000,962Q,3035,2026-05-21
富邦羅東,201.5,0,1000,9634,3035,2026-05-21
富邦羅東,205.0,0,3000,9634,3035,2026-05-21
富邦羅東,207.5,0,1000,9634,3035,2026-05-21
富邦中壢,196.0,1000,0,9636,3035,2026-05-21
富邦中壢,197.5,1000,100,9636,3035,2026-05-21
富邦中壢,199.5,1020,2100,9636,3035,2026-05-21
富邦中壢,201.0,3000,6157,9636,3035,2026-05-21
富邦中壢,202.0,0,4100,9636,3035,2026-05-21
富邦羅東,203.5,0,1000,9634,3035,2026-05-21
富邦內湖,204.0,0,1000,9627,3035,2026-05-21
富邦北高,200.5,0,90,962Q,3035,2026-05-21
富邦北高,198.0,2000,1000,962Q,3035,2026-05-21
富邦斗六,201.0,0,50,962G,3035,2026-05-21
富邦斗六,202.5,3000,0,962G,3035,2026-05-21
富邦三峽,197.0,0,2000,962J,3035,2026-05-21
富邦三峽,200.0,1000,200,962J,3035,2026-05-21
富邦三峽,201.0,0,1000,962J,3035,2026-05-21
富邦三峽,202.0,1000,1000,962J,3035,2026-05-21
富邦三峽,203.5,0,1000,962J,3035,2026-05-21
富邦北高,199.0,1000,2,962Q,3035,2026-05-21
富邦三峽,208.0,0,2000,962J,3035,2026-05-21
富邦頭份,199.5,3000,1500,962P,3035,2026-05-21
富邦頭份,200.5,1000,0,962P,3035,2026-05-21
富邦頭份,201.5,0,6000,962P,3035,2026-05-21
富邦頭份,203.0,1000,1000,962P,3035,2026-05-21
富邦頭份,205.0,0,2000,962P,3035,2026-05-21
富邦頭份,208.0,0,4020,962P,3035,2026-05-21
富邦北高,196.0,1000,1000,962Q,3035,2026-05-21
富邦頭份,198.5,2000,0,962P,3035,2026-05-21
富邦中壢,203.0,0,3010,9636,3035,2026-05-21
富邦內湖,202.0,0,30,9627,3035,2026-05-21
富邦內湖,200.0,10000,2600,9627,3035,2026-05-21
富邦南員,200.5,2000,0,961R,3035,2026-05-21
富邦南員,201.5,0,3000,961R,3035,2026-05-21
富邦南員,204.0,0,1060,961R,3035,2026-05-21
富邦南員,208.0,0,2000,961R,3035,2026-05-21
富邦屏東,196.5,0,1000,961Y,3035,2026-05-21
富邦屏東,199.0,0,200,961Y,3035,2026-05-21
富邦屏東,203.0,2000,100,961Y,3035,2026-05-21
富邦屏東,204.0,0,3100,961Y,3035,2026-05-21
富邦屏東,208.0,0,3300,961Y,3035,2026-05-21
富邦永康,198.0,0,300,961Z,3035,2026-05-21
富邦永康,199.0,0,1050,961Z,3035,2026-05-21
富邦永康,200.0,30,2000,961Z,3035,2026-05-21
富邦永康,201.0,1020,2000,961Z,3035,2026-05-21
富邦永康,202.5,30,0,961Z,3035,2026-05-21
富邦永康,204.0,2000,1000,961Z,3035,2026-05-21
富邦南員,199.5,0,1200,961R,3035,2026-05-21
富邦南員,198.0,0,1000,961R,3035,2026-05-21
富邦和美,208.0,0,1000,961P,3035,2026-05-21
富邦和美,204.0,200,1000,961P,3035,2026-05-21
富邦木柵,204.0,9000,0,961M,3035,2026-05-21
富邦木柵,207.5,1000,0,961M,3035,2026-05-21
富邦青埔,196.5,0,2000,961N,3035,2026-05-21
富邦青埔,199.0,0,41000,961N,3035,2026-05-21
富邦青埔,200.0,0,2025,961N,3035,2026-05-21
富邦青埔,201.0,1000,10,961N,3035,2026-05-21
富邦青埔,202.0,1000,1001,961N,3035,2026-05-21
富邦永康,205.0,0,1000,961Z,3035,2026-05-21
富邦青埔,203.5,0,1000,961N,3035,2026-05-21
富邦青埔,207.0,0,1000,961N,3035,2026-05-21
富邦青埔,208.0,0,4009,961N,3035,2026-05-21
富邦和美,197.0,0,2000,961P,3035,2026-05-21
富邦和美,198.0,110,0,961P,3035,2026-05-21
富邦和美,199.5,0,5026,961P,3035,2026-05-21
富邦和美,200.5,1000,265,961P,3035,2026-05-21
富邦和美,202.0,1000,2000,961P,3035,2026-05-21
富邦青埔,205.0,0,50,961N,3035,2026-05-21
富邦永康,208.0,0,2000,961Z,3035,2026-05-21
富邦花蓮,196.5,1000,0,9621,3035,2026-05-21
富邦花蓮,199.5,2000,0,9621,3035,2026-05-21
富邦竹北,201.0,0,2000,9624,3035,2026-05-21
富邦竹北,202.0,0,1700,9624,3035,2026-05-21
富邦竹北,203.0,0,2200,9624,3035,2026-05-21
富邦竹北,204.0,1000,0,9624,3035,2026-05-21
富邦竹北,207.5,1000,0,9624,3035,2026-05-21
富邦竹東,195.5,0,1000,9625,3035,2026-05-21
富邦竹東,198.0,16,3000,9625,3035,2026-05-21
富邦竹北,200.0,100,2000,9624,3035,2026-05-21
富邦竹東,199.0,1000,1180,9625,3035,2026-05-21
富邦竹東,201.0,2000,0,9625,3035,2026-05-21
富邦竹東,202.5,0,5000,9625,3035,2026-05-21
富邦竹東,203.5,2000,0,9625,3035,2026-05-21
富邦竹東,205.0,1000,1100,9625,3035,2026-05-21
富邦內湖,195.5,1000,2000,9627,3035,2026-05-21
富邦內湖,197.5,1000,0,9627,3035,2026-05-21
富邦內湖,199.0,500,1052,9627,3035,2026-05-21
富邦竹東,200.0,1000,7200,9625,3035,2026-05-21
富邦內湖,201.0,1000,1000,9627,3035,2026-05-21
富邦竹北,199.0,1000,1000,9624,3035,2026-05-21
富邦竹北,196.5,0,1000,9624,3035,2026-05-21
富邦花蓮,200.5,1000,6100,9621,3035,2026-05-21
富邦花蓮,202.0,0,7100,9621,3035,2026-05-21
富邦花蓮,203.5,2020,0,9621,3035,2026-05-21
富邦花蓮,206.0,0,2000,9621,3035,2026-05-21
富邦台北,196.5,0,1000,9623,3035,2026-05-21
富邦台北,197.5,0,2000,9623,3035,2026-05-21
富邦台北,198.5,5000,1000,9623,3035,2026-05-21
富邦竹北,197.5,0,1000,9624,3035,2026-05-21
富邦台北,199.5,401,4000,9623,3035,2026-05-21
富邦台北,201.5,1000,53060,9623,3035,2026-05-21
富邦台北,202.5,2000,5016,9623,3035,2026-05-21
富邦台北,203.5,3000,75,9623,3035,2026-05-21
富邦台北,204.5,0,1100,9623,3035,2026-05-21
富邦台北,205.5,0,1000,9623,3035,2026-05-21
富邦台北,207.0,0,4000,9623,3035,2026-05-21
富邦台北,208.0,10000,14674,9623,3035,2026-05-21
富邦台北,200.5,1000,1062,9623,3035,2026-05-21
元大莒光,200.5,0,2025,981L,3035,2026-05-21
富邦中壢,204.0,100,2100,9636,3035,2026-05-21
富邦中壢,208.0,0,4040,9636,3035,2026-05-21
富邦敦南,200.0,0,1000,9663,3035,2026-05-21
富邦敦南,201.0,0,1000,9663,3035,2026-05-21
富邦敦南,202.0,0,3000,9663,3035,2026-05-21
富邦敦南,203.0,0,2003,9663,3035,2026-05-21
富邦敦南,204.0,2000,1300,9663,3035,2026-05-21
富邦敦南,207.5,0,15000,9663,3035,2026-05-21
富邦桃園,195.5,1000,0,9665,3035,2026-05-21
富邦桃園,197.0,0,1000,9665,3035,2026-05-21
富邦桃園,198.5,100,50,9665,3035,2026-05-21
富邦桃園,200.0,2015,20070,9665,3035,2026-05-21
富邦桃園,201.0,10,0,9665,3035,2026-05-21
富邦桃園,202.0,0,1000,9665,3035,2026-05-21
富邦桃園,203.0,1000,0,9665,3035,2026-05-21
富邦桃園,204.0,0,5,9665,3035,2026-05-21
富邦桃園,206.0,0,2000,9665,3035,2026-05-21
富邦敦南,199.0,0,50,9663,3035,2026-05-21
富邦敦南,198.0,0,122,9663,3035,2026-05-21
富邦敦南,196.5,0,5000,9663,3035,2026-05-21
富邦新店,208.0,1000,8580,9661,3035,2026-05-21
富邦台中,207.0,0,1000,965K,3035,2026-05-21
富邦台中,208.0,2000,5426,965K,3035,2026-05-21
富邦彰化,196.5,0,2000,965U,3035,2026-05-21
富邦彰化,200.0,0,1050,965U,3035,2026-05-21
富邦彰化,201.5,0,1000,965U,3035,2026-05-21
富邦彰化,204.0,1000,1000,965U,3035,2026-05-21
富邦彰化,208.0,0,1002,965U,3035,2026-05-21
富邦桃園,208.0,0,7105,9665,3035,2026-05-21
富邦新店,197.5,0,1000,9661,3035,2026-05-21
富邦新店,199.5,100,14150,9661,3035,2026-05-21
富邦新店,200.5,100,1025,9661,3035,2026-05-21
富邦新店,201.5,10,1410,9661,3035,2026-05-21
富邦新店,202.5,10,2000,9661,3035,2026-05-21
富邦新店,203.5,4000,1000,9661,3035,2026-05-21
富邦新店,204.5,1000,3000,9661,3035,2026-05-21
富邦新店,207.0,0,1000,9661,3035,2026-05-21
富邦新店,198.5,1000,2000,9661,3035,2026-05-21
富邦南屯,198.0,1000,2000,9666,3035,2026-05-21
富邦南屯,199.0,1050,1000,9666,3035,2026-05-21
富邦南屯,200.0,203,1100,9666,3035,2026-05-21
富邦左營,204.5,0,2000,966F,3035,2026-05-21
富邦左營,208.0,0,4030,966F,3035,2026-05-21
富邦員林,196.5,0,1000,9672,3035,2026-05-21
富邦員林,198.0,1000,0,9672,3035,2026-05-21
富邦員林,199.0,2000,300,9672,3035,2026-05-21
富邦員林,200.0,1000,1250,9672,3035,2026-05-21
富邦員林,201.0,0,2100,9672,3035,2026-05-21
富邦左營,203.0,1000,1000,966F,3035,2026-05-21
富邦員林,202.0,0,1100,9672,3035,2026-05-21
富邦員林,204.5,0,300,9672,3035,2026-05-21
富邦員林,208.0,0,3500,9672,3035,2026-05-21
富邦仁愛,196.0,2000,2000,9676,3035,2026-05-21
富邦仁愛,197.0,4000,7000,9676,3035,2026-05-21
富邦仁愛,198.0,0,2001,9676,3035,2026-05-21
富邦仁愛,199.0,3002,3130,9676,3035,2026-05-21
富邦仁愛,200.0,1472,2473,9676,3035,2026-05-21
富邦員林,203.0,2000,300,9672,3035,2026-05-21
富邦台中,206.0,0,3000,965K,3035,2026-05-21
富邦左營,201.5,1000,0,966F,3035,2026-05-21
富邦台南,208.0,0,2038,9667,3035,2026-05-21
富邦南屯,201.0,1045,1000,9666,3035,2026-05-21
富邦南屯,202.0,30,2000,9666,3035,2026-05-21
富邦南屯,203.0,0,1000,9666,3035,2026-05-21
富邦南屯,204.0,0,7000,9666,3035,2026-05-21
富邦南屯,207.0,0,5000,9666,3035,2026-05-21
富邦南屯,208.0,301000,3000,9666,3035,2026-05-21
富邦台南,196.0,1000,1000,9667,3035,2026-05-21
富邦左營,200.0,2000,5100,966F,3035,2026-05-21
富邦台南,198.5,0,1100,9667,3035,2026-05-21
富邦台南,200.5,3000,2026,9667,3035,2026-05-21
富邦台南,201.5,0,1001,9667,3035,2026-05-21
富邦台南,202.5,0,1,9667,3035,2026-05-21
富邦台南,203.5,0,5001,9667,3035,2026-05-21
富邦台南,204.5,2000,3,9667,3035,2026-05-21
富邦台南,205.5,0,1001,9667,3035,2026-05-21
富邦台南,207.0,0,2001,9667,3035,2026-05-21
富邦台南,199.5,1000,3000,9667,3035,2026-05-21
富邦中壢,205.0,0,3000,9636,3035,2026-05-21
富邦台中,205.0,0,6376,965K,3035,2026-05-21
富邦台中,203.0,0,2000,965K,3035,2026-05-21
富邦永和,195.5,0,2000,9654,3035,2026-05-21
富邦永和,196.5,1000,6000,9654,3035,2026-05-21
富邦永和,198.0,0,10,9654,3035,2026-05-21
富邦永和,199.0,3,4018,9654,3035,2026-05-21
富邦永和,200.0,100,9605,9654,3035,2026-05-21
富邦永和,201.0,3060,1311,9654,3035,2026-05-21
富邦永和,202.0,1100,5817,9654,3035,2026-05-21
富邦永和,203.0,0,100,9654,3035,2026-05-21
富邦永和,204.0,550,2400,9654,3035,2026-05-21
富邦永和,205.0,6000,2000,9654,3035,2026-05-21
富邦永和,207.0,0,2000,9654,3035,2026-05-21
富邦永和,208.0,50,5010,9654,3035,2026-05-21
富邦板橋,196.0,0,1000,9655,3035,2026-05-21
富邦板橋,197.0,0,1000,9655,3035,2026-05-21
富邦板橋,198.0,2000,200,9655,3035,2026-05-21
富邦新竹,207.5,1000,3200,9647,3035,2026-05-21
富邦新竹,205.0,0,4200,9647,3035,2026-05-21
富邦新竹,203.5,1020,1000,9647,3035,2026-05-21
富邦新竹,202.5,0,500,9647,3035,2026-05-21
富邦八德,196.5,0,2000,963A,3035,2026-05-21
富邦八德,199.0,1000,1000,963A,3035,2026-05-21
富邦八德,200.0,1050,1000,963A,3035,2026-05-21
富邦八德,201.0,1000,80,963A,3035,2026-05-21
富邦八德,202.0,100,2000,963A,3035,2026-05-21
富邦八德,205.0,0,1580,963A,3035,2026-05-21
富邦八德,208.0,0,3000,963A,3035,2026-05-21
富邦板橋,199.0,2000,1100,9655,3035,2026-05-21
富邦豐原,199.5,3000,200,963L,3035,2026-05-21
富邦豐原,204.0,0,140,963L,3035,2026-05-21
富邦新竹,196.0,0,6000,9647,3035,2026-05-21
富邦新竹,197.0,0,3000,9647,3035,2026-05-21
富邦新竹,198.5,2000,1000,9647,3035,2026-05-21
富邦新竹,199.5,1300,1219,9647,3035,2026-05-21
富邦新竹,200.5,1000,8000,9647,3035,2026-05-21
富邦新竹,201.5,1000,100,9647,3035,2026-05-21
富邦豐原,201.5,0,50,963L,3035,2026-05-21
富邦板橋,200.0,0,300,9655,3035,2026-05-21
富邦板橋,201.0,1100,3000,9655,3035,2026-05-21
富邦板橋,202.0,0,15560,9655,3035,2026-05-21
富邦建國,207.0,0,2000,9658,3035,2026-05-21
富邦建國,208.0,562,14239,9658,3035,2026-05-21
富邦高雄,198.0,2000,3,9659,3035,2026-05-21
富邦高雄,199.0,50,1100,9659,3035,2026-05-21
富邦高雄,200.5,0,3000,9659,3035,2026-05-21
富邦高雄,201.5,0,300,9659,3035,2026-05-21
富邦高雄,202.5,100,0,9659,3035,2026-05-21
富邦建國,205.5,0,1000,9658,3035,2026-05-21
富邦高雄,203.5,1000,5000,9659,3035,2026-05-21
富邦高雄,207.5,5000,1000,9659,3035,2026-05-21
富邦台中,196.0,1000,0,965K,3035,2026-05-21
富邦台中,198.0,1000,1165,965K,3035,2026-05-21
富邦台中,199.0,4000,570,965K,3035,2026-05-21
富邦台中,200.0,2000,2320,965K,3035,2026-05-21
富邦台中,201.0,0,4350,965K,3035,2026-05-21
富邦台中,202.0,0,2015,965K,3035,2026-05-21
富邦高雄,204.5,0,1000,9659,3035,2026-05-21
富邦台中,204.0,1200,0,965K,3035,2026-05-21
富邦建國,204.0,0,1000,9658,3035,2026-05-21
富邦建國,202.0,0,3000,9658,3035,2026-05-21
富邦板橋,203.0,1000,3050,9655,3035,2026-05-21
富邦板橋,204.0,1000,1000,9655,3035,2026-05-21
富邦板橋,205.0,1,4001,9655,3035,2026-05-21
富邦板橋,207.5,0,4000,9655,3035,2026-05-21
富邦苗栗,197.0,1000,0,9657,3035,2026-05-21
富邦苗栗,200.0,1000,0,9657,3035,2026-05-21
富邦苗栗,201.5,1000,0,9657,3035,2026-05-21
富邦建國,203.0,2000,5000,9658,3035,2026-05-21
富邦苗栗,202.5,100,1000,9657,3035,2026-05-21
富邦苗栗,205.0,0,1000,9657,3035,2026-05-21
富邦苗栗,208.0,0,4130,9657,3035,2026-05-21
富邦建國,196.0,0,1000,9658,3035,2026-05-21
富邦建國,198.0,1050,0,9658,3035,2026-05-21
富邦建國,199.0,1050,60,9658,3035,2026-05-21
富邦建國,200.0,0,100,9658,3035,2026-05-21
富邦建國,201.0,1000,7000,9658,3035,2026-05-21
富邦苗栗,204.0,0,70,9657,3035,2026-05-21
元大莒光,201.5,60,1000,981L,3035,2026-05-21
元大莒光,203.0,1000,3000,981L,3035,2026-05-21
元大莒光,207.0,1000,3000,981L,3035,2026-05-21
元大新盛,200.5,1015,10,9869,3035,2026-05-21
元大新盛,202.0,1000,1000,9869,3035,2026-05-21
元大新盛,203.5,1000,0,9869,3035,2026-05-21
元大新盛,205.0,0,2000,9869,3035,2026-05-21
元大新盛,207.0,0,1000,9869,3035,2026-05-21
元大新盛,208.0,0,2022,9869,3035,2026-05-21
元大基孝,196.0,0,1000,986K,3035,2026-05-21
元大基孝,198.0,2000,0,986K,3035,2026-05-21
元大基孝,199.5,0,1000,986K,3035,2026-05-21
元大基孝,200.5,0,1000,986K,3035,2026-05-21
元大基孝,201.5,0,1000,986K,3035,2026-05-21
元大基孝,202.5,0,1000,986K,3035,2026-05-21
元大基孝,203.5,1000,1000,986K,3035,2026-05-21
元大基孝,205.0,0,2100,986K,3035,2026-05-21
元大忠孝,197.5,1000,0,9871,3035,2026-05-21
元大新盛,199.0,60,12,9869,3035,2026-05-21
元大新盛,196.0,0,1000,9869,3035,2026-05-21
元大文心,207.5,1000,0,9868,3035,2026-05-21
元大文心,204.5,0,1000,9868,3035,2026-05-21
元大民權,196.0,0,1000,9867,3035,2026-05-21
元大民權,197.5,2000,0,9867,3035,2026-05-21
元大民權,198.5,493,1000,9867,3035,2026-05-21
元大民權,199.5,2000,0,9867,3035,2026-05-21
元大民權,200.5,17,4000,9867,3035,2026-05-21
元大民權,201.5,1000,4000,9867,3035,2026-05-21
元大民權,202.5,0,2000,9867,3035,2026-05-21
元大忠孝,198.5,1000,2000,9871,3035,2026-05-21
元大民權,203.5,1000,0,9867,3035,2026-05-21
元大民權,207.5,1000,70,9867,3035,2026-05-21
元大文心,196.0,0,2000,9868,3035,2026-05-21
元大文心,199.0,0,1000,9868,3035,2026-05-21
元大文心,200.0,0,40,9868,3035,2026-05-21
元大文心,201.0,0,1500,9868,3035,2026-05-21
元大文心,202.0,0,1050,9868,3035,2026-05-21
元大文心,203.5,0,2000,9868,3035,2026-05-21
元大民權,204.5,10,2000,9867,3035,2026-05-21
元大忠孝,200.0,0,20,9871,3035,2026-05-21
元大忠孝,201.0,2000,3000,9871,3035,2026-05-21
元大忠孝,202.0,2000,2000,9871,3035,2026-05-21
元大永寧,202.0,1000,1000,9875,3035,2026-05-21
元大永寧,204.0,25,1000,9875,3035,2026-05-21
元大永寧,207.5,0,1000,9875,3035,2026-05-21
元大金華,195.5,1000,0,9878,3035,2026-05-21
元大金華,199.5,1010,1000,9878,3035,2026-05-21
元大金華,200.5,1000,0,9878,3035,2026-05-21
元大金華,201.5,1000,1000,9878,3035,2026-05-21
元大永寧,200.5,50,1000,9875,3035,2026-05-21
元大金華,202.5,2000,95,9878,3035,2026-05-21
元大金華,205.0,0,1000,9878,3035,2026-05-21
元大金華,207.0,0,1000,9878,3035,2026-05-21
元大金華,208.0,0,1000,9878,3035,2026-05-21
元大板三,199.0,0,1100,9879,3035,2026-05-21
元大板三,200.0,1000,0,9879,3035,2026-05-21
元大板三,201.0,0,1020,9879,3035,2026-05-21
元大板三,203.5,5,0,9879,3035,2026-05-21
元大金華,204.0,1000,2000,9878,3035,2026-05-21
元大和平,207.5,1000,0,9863,3035,2026-05-21
元大永寧,199.5,2000,200,9875,3035,2026-05-21
元大永寧,196.0,0,2000,9875,3035,2026-05-21
元大忠孝,203.5,0,1000,9871,3035,2026-05-21
元大忠孝,204.5,0,30,9871,3035,2026-05-21
元大忠孝,207.5,0,4000,9871,3035,2026-05-21
元大復北,196.5,0,1000,9872,3035,2026-05-21
元大復北,198.5,0,60,9872,3035,2026-05-21
元大復北,199.5,2300,3,9872,3035,2026-05-21
元大復北,201.0,10,7000,9872,3035,2026-05-21
元大永寧,198.0,1000,0,9875,3035,2026-05-21
元大復北,202.0,0,1000,9872,3035,2026-05-21
元大復北,205.0,1000,1000,9872,3035,2026-05-21
元大復北,207.0,0,1000,9872,3035,2026-05-21
元大復北,208.0,0,4070,9872,3035,2026-05-21
元大雙和,199.5,1000,0,9874,3035,2026-05-21
元大雙和,200.5,1000,0,9874,3035,2026-05-21
元大雙和,202.5,1000,3000,9874,3035,2026-05-21
元大雙和,204.0,0,3000,9874,3035,2026-05-21
元大復北,204.0,50,4000,9872,3035,2026-05-21
元大板三,205.0,1000,100,9879,3035,2026-05-21
元大和平,204.0,10,1000,9863,3035,2026-05-21
元大和平,201.0,2010,0,9863,3035,2026-05-21
元大花蓮,198.0,120,0,9856,3035,2026-05-21
元大花蓮,199.5,17000,2000,9856,3035,2026-05-21
元大花蓮,200.5,1000,0,9856,3035,2026-05-21
元大花蓮,201.5,0,50,9856,3035,2026-05-21
元大花蓮,203.0,0,1000,9856,3035,2026-05-21
元大花蓮,207.5,0,50,9856,3035,2026-05-21
元大蘆洲,195.5,3000,0,9857,3035,2026-05-21
元大蘆洲,197.0,0,3000,9857,3035,2026-05-21
元大蘆洲,198.0,4000,7500,9857,3035,2026-05-21
元大蘆洲,199.0,1000,0,9857,3035,2026-05-21
元大蘆洲,200.0,2146,4670,9857,3035,2026-05-21
元大蘆洲,201.0,1000,3000,9857,3035,2026-05-21
元大蘆洲,202.0,6000,5000,9857,3035,2026-05-21
元大蘆洲,203.0,6000,6000,9857,3035,2026-05-21
元大蘆洲,204.0,30,1000,9857,3035,2026-05-21
元大興安,208.0,0,3020,9854,3035,2026-05-21
元大興安,204.5,0,1000,9854,3035,2026-05-21
元大興安,203.0,0,1000,9854,3035,2026-05-21
元大興安,201.0,1000,70,9854,3035,2026-05-21
元大永春,200.0,10000,25,9852,3035,2026-05-21
元大永春,201.0,1000,1000,9852,3035,2026-05-21
元大永春,202.0,0,10000,9852,3035,2026-05-21
元大永春,203.5,1000,10000,9852,3035,2026-05-21
元大永春,204.5,120,0,9852,3035,2026-05-21
元大永春,207.5,1050,0,9852,3035,2026-05-21
元大南屯,198.0,0,1000,9853,3035,2026-05-21
元大蘆洲,205.0,1000,2000,9857,3035,2026-05-21
元大南屯,200.5,1124,460,9853,3035,2026-05-21
元大南屯,202.5,0,1000,9853,3035,2026-05-21
元大南屯,203.5,4000,0,9853,3035,2026-05-21
元大南屯,204.5,10,0,9853,3035,2026-05-21
元大南屯,207.5,3010,0,9853,3035,2026-05-21
元大興安,198.0,50,0,9854,3035,2026-05-21
元大興安,199.0,0,171,9854,3035,2026-05-21
元大興安,200.0,1000,10,9854,3035,2026-05-21
元大南屯,201.5,0,2010,9853,3035,2026-05-21
元大蘆洲,207.5,50,0,9857,3035,2026-05-21
元大龍潭,196.0,1000,0,9858,3035,2026-05-21
元大龍潭,199.0,100,1000,9858,3035,2026-05-21
元大鳳中,200.5,0,2000,985C,3035,2026-05-21
元大鳳中,201.5,150,5,985C,3035,2026-05-21
元大鳳中,202.5,300,0,985C,3035,2026-05-21
元大鳳中,203.5,1000,1000,985C,3035,2026-05-21
元大鳳中,205.0,0,5,985C,3035,2026-05-21
元大鳳中,208.0,0,300,985C,3035,2026-05-21
元大南京,196.5,0,1000,9862,3035,2026-05-21
元大鳳中,199.5,1000,5001,985C,3035,2026-05-21
元大南京,199.0,1050,2000,9862,3035,2026-05-21
元大南京,201.0,50,1020,9862,3035,2026-05-21
元大南京,203.5,0,1000,9862,3035,2026-05-21
元大南京,205.0,0,1000,9862,3035,2026-05-21
元大和平,196.0,1000,0,9863,3035,2026-05-21
元大和平,198.0,5,180,9863,3035,2026-05-21
元大和平,199.0,5,3000,9863,3035,2026-05-21
元大和平,200.0,5,2000,9863,3035,2026-05-21
元大南京,200.0,1000,1000,9862,3035,2026-05-21
元大和平,202.0,0,1000,9863,3035,2026-05-21
元大鳳中,198.0,1000,1000,985C,3035,2026-05-21
元大經國,208.0,30,2200,9859,3035,2026-05-21
元大龍潭,200.0,4000,1800,9858,3035,2026-05-21
元大龍潭,201.0,1000,3100,9858,3035,2026-05-21
元大龍潭,202.0,145,0,9858,3035,2026-05-21
元大龍潭,203.0,418,100,9858,3035,2026-05-21
元大龍潭,204.0,1707,6000,9858,3035,2026-05-21
元大龍潭,205.0,10,0,9858,3035,2026-05-21
元大龍潭,206.0,0,2000,9858,3035,2026-05-21
元大鳳中,197.0,1000,0,985C,3035,2026-05-21
元大龍潭,208.0,0,6030,9858,3035,2026-05-21
元大經國,199.0,5000,1000,9859,3035,2026-05-21
元大經國,200.0,0,1050,9859,3035,2026-05-21
元大經國,201.0,0,100,9859,3035,2026-05-21
元大經國,202.0,0,1000,9859,3035,2026-05-21
元大經國,203.5,2000,0,9859,3035,2026-05-21
元大經國,204.5,0,1000,9859,3035,2026-05-21
元大經國,205.5,0,400,9859,3035,2026-05-21
元大經國,197.5,0,1000,9859,3035,2026-05-21
元大永春,199.0,1000,0,9852,3035,2026-05-21
元大板三,208.0,0,2100,9879,3035,2026-05-21
元大楊梅,197.5,5000,1000,987A,3035,2026-05-21
元大新莊,203.5,2000,1035,9898,3035,2026-05-21
元大新莊,204.5,0,2000,9898,3035,2026-05-21
元大新莊,208.0,1000,5498,9898,3035,2026-05-21
元大淡水,196.0,1000,0,9899,3035,2026-05-21
元大淡水,197.5,1000,1000,9899,3035,2026-05-21
元大淡水,199.0,0,24,9899,3035,2026-05-21
元大淡水,200.0,0,1501,9899,3035,2026-05-21
元大淡水,201.0,0,1,9899,3035,2026-05-21
元大淡水,202.0,0,101,9899,3035,2026-05-21
元大淡水,203.0,0,1001,9899,3035,2026-05-21
元大淡水,204.5,0,1,9899,3035,2026-05-21
元大淡水,206.0,0,1,9899,3035,2026-05-21
元大淡水,207.5,0,100,9899,3035,2026-05-21
元大苑裡,199.5,0,111,989a,3035,2026-05-21
元大苑裡,200.5,0,2000,989a,3035,2026-05-21
元大新莊,202.5,3500,1000,9898,3035,2026-05-21
元大新莊,201.5,0,1000,9898,3035,2026-05-21
元大新莊,200.5,1000,5013,9898,3035,2026-05-21
元大新莊,199.5,3005,1150,9898,3035,2026-05-21
元大台南,196.5,1000,1000,9896,3035,2026-05-21
元大台南,198.0,1000,0,9896,3035,2026-05-21
元大台南,199.0,3000,0,9896,3035,2026-05-21
元大台南,200.0,7000,2000,9896,3035,2026-05-21
元大台南,201.0,2000,3000,9896,3035,2026-05-21
元大台南,202.0,1000,4100,9896,3035,2026-05-21
元大台南,203.0,2006,1007,9896,3035,2026-05-21
元大苑裡,201.5,1000,0,989a,3035,2026-05-21
元大台南,204.0,1000,1000,9896,3035,2026-05-21
元大土城,198.5,25,0,9897,3035,2026-05-21
元大土城,200.0,0,100,9897,3035,2026-05-21
元大土城,202.0,0,3500,9897,3035,2026-05-21
元大土城,203.5,0,1000,9897,3035,2026-05-21
元大新莊,196.0,0,2000,9898,3035,2026-05-21
元大新莊,197.5,1000,1000,9898,3035,2026-05-21
元大新莊,198.5,10,0,9898,3035,2026-05-21
元大台南,208.0,1000,2200,9896,3035,2026-05-21
元大苑裡,202.5,0,150,989a,3035,2026-05-21
元大苑裡,203.5,0,1000,989a,3035,2026-05-21
元大苑裡,205.0,300,0,989a,3035,2026-05-21
元大板橋,197.5,0,2000,989C,3035,2026-05-21
元大板橋,199.5,0,1000,989C,3035,2026-05-21
元大板橋,200.5,1005,1010,989C,3035,2026-05-21
元大板橋,202.0,0,1000,989C,3035,2026-05-21
元大板橋,205.0,0,1000,989C,3035,2026-05-21
元大板橋,207.5,5,1000,989C,3035,2026-05-21
元大北屯,197.0,1000,0,989d,3035,2026-05-21
元大板橋,196.0,1000,1000,989C,3035,2026-05-21
元大北屯,198.0,50,0,989d,3035,2026-05-21
元大北屯,200.0,1000,220,989d,3035,2026-05-21
元大北屯,201.0,3000,1130,989d,3035,2026-05-21
元大北屯,202.0,4000,1050,989d,3035,2026-05-21
元大北屯,203.0,4000,3000,989d,3035,2026-05-21
元大北屯,204.5,1000,1000,989d,3035,2026-05-21
元大北屯,207.0,0,100,989d,3035,2026-05-21
元大北屯,208.0,1000,10000,989d,3035,2026-05-21
元大北屯,199.0,0,1000,989d,3035,2026-05-21
元大桃興,208.0,0,8265,9894,3035,2026-05-21
元大中港,208.0,1000,2050,989B,3035,2026-05-21
元大中港,204.0,244,1,989B,3035,2026-05-21
元大苑裡,208.0,100,1100,989a,3035,2026-05-21
元大北投,198.5,2000,0,989A,3035,2026-05-21
元大北投,199.5,150,3000,989A,3035,2026-05-21
元大北投,200.5,0,4100,989A,3035,2026-05-21
元大北投,201.5,0,1000,989A,3035,2026-05-21
元大北投,202.5,500,0,989A,3035,2026-05-21
元大北投,203.5,2000,1000,989A,3035,2026-05-21
元大中港,205.0,0,1000,989B,3035,2026-05-21
元大北投,205.0,0,2000,989A,3035,2026-05-21
元大中港,195.0,5000,0,989B,3035,2026-05-21
元大中港,196.0,26000,0,989B,3035,2026-05-21
元大中港,198.5,5,0,989B,3035,2026-05-21
元大中港,199.5,3000,2,989B,3035,2026-05-21
元大中港,200.5,1000,0,989B,3035,2026-05-21
元大中港,201.5,2000,3001,989B,3035,2026-05-21
元大中港,202.5,0,1000,989B,3035,2026-05-21
元大北投,207.5,0,1000,989A,3035,2026-05-21
元大楊梅,196.5,5000,1000,987A,3035,2026-05-21
元大桃興,204.0,1000,0,9894,3035,2026-05-21
元大桃興,201.5,0,3000,9894,3035,2026-05-21
元大員林,198.5,0,1000,9889,3035,2026-05-21
元大員林,199.5,1000,200,9889,3035,2026-05-21
元大員林,200.5,2000,0,9889,3035,2026-05-21
元大員林,201.5,0,2000,9889,3035,2026-05-21
元大員林,202.5,1000,1011,9889,3035,2026-05-21
元大員林,203.5,10,2000,9889,3035,2026-05-21
元大員林,204.5,0,1150,9889,3035,2026-05-21
元大員林,206.0,0,6000,9889,3035,2026-05-21
元大員林,208.0,0,2180,9889,3035,2026-05-21
元大桃園,199.0,20,1000,988B,3035,2026-05-21
元大桃園,200.5,1000,0,988B,3035,2026-05-21
元大桃園,201.5,0,1000,988B,3035,2026-05-21
元大桃園,203.0,1000,1000,988B,3035,2026-05-21
元大桃園,204.0,1000,1000,988B,3035,2026-05-21
元大桃園,205.0,0,1000,988B,3035,2026-05-21
元大鑫永,208.0,200,105,9888,3035,2026-05-21
元大鑫永,205.0,0,1000,9888,3035,2026-05-21
元大鑫永,200.0,4000,1016,9888,3035,2026-05-21
元大斗信,208.0,1000,1130,9884,3035,2026-05-21
元大楊梅,199.0,2500,4090,987A,3035,2026-05-21
元大楊梅,200.0,3060,4000,987A,3035,2026-05-21
元大楊梅,201.0,1000,4200,987A,3035,2026-05-21
元大楊梅,202.0,2010,2050,987A,3035,2026-05-21
元大楊梅,203.0,0,2000,987A,3035,2026-05-21
元大楊梅,204.0,3050,1000,987A,3035,2026-05-21
元大楊梅,205.0,0,2000,987A,3035,2026-05-21
元大三重,196.5,1000,1000,988C,3035,2026-05-21
元大楊梅,208.0,1050,23000,987A,3035,2026-05-21
元大斗信,198.0,0,1300,9884,3035,2026-05-21
元大斗信,199.5,1000,2050,9884,3035,2026-05-21
元大斗信,200.5,1000,0,9884,3035,2026-05-21
元大斗信,201.5,5000,5000,9884,3035,2026-05-21
元大斗信,202.5,0,1000,9884,3035,2026-05-21
元大斗信,204.0,1000,2050,9884,3035,2026-05-21
元大斗信,206.0,4000,0,9884,3035,2026-05-21
元大斗信,196.5,0,4000,9884,3035,2026-05-21
元大三重,199.0,0,1000,988C,3035,2026-05-21
元大三重,200.5,2000,0,988C,3035,2026-05-21
元大三重,202.0,1000,3000,988C,3035,2026-05-21
元大屏東,200.0,1000,0,9892,3035,2026-05-21
元大屏東,202.0,0,8000,9892,3035,2026-05-21
元大屏東,205.0,0,2000,9892,3035,2026-05-21
元大大天,195.5,0,2000,9893,3035,2026-05-21
元大大天,196.5,0,2000,9893,3035,2026-05-21
元大大天,198.0,0,1000,9893,3035,2026-05-21
元大大天,199.5,4000,3000,9893,3035,2026-05-21
元大屏東,198.0,8000,1000,9892,3035,2026-05-21
元大大天,201.0,0,2000,9893,3035,2026-05-21
元大大天,204.0,0,4000,9893,3035,2026-05-21
元大大天,205.0,0,1000,9893,3035,2026-05-21
元大大天,207.5,0,3000,9893,3035,2026-05-21
元大桃興,196.0,2000,0,9894,3035,2026-05-21
元大桃興,198.0,1000,1100,9894,3035,2026-05-21
元大桃興,199.5,2000,2000,9894,3035,2026-05-21
元大桃興,200.5,0,1000,9894,3035,2026-05-21
元大大天,202.0,0,4000,9893,3035,2026-05-21
元大桃興,203.0,0,2000,9894,3035,2026-05-21
元大屏東,196.0,1000,0,9892,3035,2026-05-21
元大永和,207.0,0,200,9891,3035,2026-05-21
元大三重,204.0,0,2000,988C,3035,2026-05-21
元大三重,207.5,0,1000,988C,3035,2026-05-21
元大長庚,196.5,1000,0,988V,3035,2026-05-21
元大長庚,199.0,1350,0,988V,3035,2026-05-21
元大長庚,200.0,100,1200,988V,3035,2026-05-21
元大長庚,201.0,0,1000,988V,3035,2026-05-21
元大長庚,202.0,0,2009,988V,3035,2026-05-21
元大永和,208.0,72,7000,9891,3035,2026-05-21
元大長庚,203.5,0,1000,988V,3035,2026-05-21
元大長庚,208.0,48,0,988V,3035,2026-05-21
元大永和,197.5,1000,0,9891,3035,2026-05-21
元大永和,199.5,1000,0,9891,3035,2026-05-21
元大永和,200.5,1000,1000,9891,3035,2026-05-21
元大永和,201.5,1000,0,9891,3035,2026-05-21
元大永和,203.0,0,3200,9891,3035,2026-05-21
元大永和,204.0,0,200,9891,3035,2026-05-21
元大長庚,204.5,0,100,988V,3035,2026-05-21
富邦木柵,203.0,0,1000,961M,3035,2026-05-21
元大永春,197.0,11000,0,9852,3035,2026-05-21
元大館前,207.0,10000,0,984K,3035,2026-05-21
元大潮州,201.5,1000,2000,981Z,3035,2026-05-21
元大潮州,202.5,0,1000,981Z,3035,2026-05-21
元大潮州,205.0,0,1000,981Z,3035,2026-05-21
元大學府,196.0,2000,1000,9822,3035,2026-05-21
元大學府,199.5,0,10,9822,3035,2026-05-21
元大學府,200.5,0,184,9822,3035,2026-05-21
元大學府,201.5,0,210,9822,3035,2026-05-21
元大學府,202.5,0,10,9822,3035,2026-05-21
元大學府,204.0,0,3000,9822,3035,2026-05-21
元大學府,205.0,0,1000,9822,3035,2026-05-21
元大學府,208.0,1000,3015,9822,3035,2026-05-21
元大向上,199.5,25,1000,9824,3035,2026-05-21
元大向上,202.0,0,4000,9824,3035,2026-05-21
元大向上,203.5,0,3000,9824,3035,2026-05-21
元大向上,205.0,1000,2000,9824,3035,2026-05-21
元大潮州,200.5,3000,0,981Z,3035,2026-05-21
元大潮州,199.5,0,1000,981Z,3035,2026-05-21
元大潮州,198.0,5,2000,981Z,3035,2026-05-21
元大潮州,196.5,0,2000,981Z,3035,2026-05-21
元大新生,205.0,1000,150,981X,3035,2026-05-21
元大善化,196.0,1000,1000,981y,3035,2026-05-21
元大善化,199.0,3010,1000,981y,3035,2026-05-21
元大善化,200.0,1000,1000,981y,3035,2026-05-21
元大善化,201.0,0,3000,981y,3035,2026-05-21
元大善化,202.0,1000,3110,981y,3035,2026-05-21
元大善化,203.0,1000,1000,981y,3035,2026-05-21
元大向上,208.0,0,2000,9824,3035,2026-05-21
元大善化,204.5,50,1000,981y,3035,2026-05-21
元大善化,208.0,0,2000,981y,3035,2026-05-21
元大大統,197.0,10000,0,981z,3035,2026-05-21
元大大統,200.0,0,2000,981z,3035,2026-05-21
元大大統,201.0,0,1000,981z,3035,2026-05-21
元大大統,202.0,1000,3000,981z,3035,2026-05-21
元大大統,203.5,1000,1000,981z,3035,2026-05-21
元大大統,205.5,1000,0,981z,3035,2026-05-21
元大善化,206.0,0,1000,981y,3035,2026-05-21
元大新營,199.0,1000,1000,9825,3035,2026-05-21
元大新營,200.0,0,7,9825,3035,2026-05-21
元大新營,201.0,0,1000,9825,3035,2026-05-21
元大博愛,195.5,0,1000,982B,3035,2026-05-21
元大博愛,197.5,1000,0,982B,3035,2026-05-21
元大博愛,199.0,2000,11,982B,3035,2026-05-21
元大博愛,200.0,100,1175,982B,3035,2026-05-21
元大博愛,201.0,2000,1043,982B,3035,2026-05-21
元大博愛,202.0,1000,1010,982B,3035,2026-05-21
元大博愛,203.0,0,2100,982B,3035,2026-05-21
元大羅東,207.5,1000,2000,982A,3035,2026-05-21
元大博愛,204.5,20,1000,982B,3035,2026-05-21
元大博愛,208.0,0,3010,982B,3035,2026-05-21
元大六合,198.0,50,1000,982C,3035,2026-05-21
元大六合,199.5,1100,0,982C,3035,2026-05-21
元大六合,201.0,1000,10,982C,3035,2026-05-21
元大六合,202.5,1000,0,982C,3035,2026-05-21
元大六合,204.5,11000,0,982C,3035,2026-05-21
元大六合,206.0,0,100,982C,3035,2026-05-21
元大博愛,207.0,0,1000,982B,3035,2026-05-21
元大新生,200.0,0,2150,981X,3035,2026-05-21
元大羅東,205.0,1000,2000,982A,3035,2026-05-21
元大羅東,203.0,1000,9000,982A,3035,2026-05-21
元大新營,202.0,0,1000,9825,3035,2026-05-21
元大新營,203.0,0,2000,9825,3035,2026-05-21
元大新營,204.0,200,0,9825,3035,2026-05-21
元大新營,206.0,1000,0,9825,3035,2026-05-21
元大永康,198.0,0,1000,9829,3035,2026-05-21
元大永康,199.5,2000,1000,9829,3035,2026-05-21
元大永康,200.5,6000,1000,9829,3035,2026-05-21
元大羅東,204.0,3000,0,982A,3035,2026-05-21
元大永康,201.5,0,2000,9829,3035,2026-05-21
元大永康,207.0,0,4000,9829,3035,2026-05-21
元大羅東,196.5,0,2000,982A,3035,2026-05-21
元大羅東,198.0,0,7000,982A,3035,2026-05-21
元大羅東,199.0,0,1,982A,3035,2026-05-21
元大羅東,200.0,350,3515,982A,3035,2026-05-21
元大羅東,201.0,2000,1020,982A,3035,2026-05-21
元大羅東,202.0,4000,2000,982A,3035,2026-05-21
元大永康,203.0,1000,1000,9829,3035,2026-05-21
元大忠鼎,199.0,0,400,982F,3035,2026-05-21
元大民雄,204.0,200,190,981V,3035,2026-05-21
元大民雄,201.5,14,1000,981V,3035,2026-05-21
元大旗山,207.0,0,1000,981n,3035,2026-05-21
元大金門,196.0,3000,0,981N,3035,2026-05-21
元大金門,197.5,0,1000,981N,3035,2026-05-21
元大金門,198.5,1000,0,981N,3035,2026-05-21
元大金門,199.5,3050,6000,981N,3035,2026-05-21
元大金門,201.0,2000,0,981N,3035,2026-05-21
元大金門,202.0,2000,50,981N,3035,2026-05-21
元大金門,204.5,0,400,981N,3035,2026-05-21
元大金門,208.0,100,1000,981N,3035,2026-05-21
元大松山,199.5,3000,0,981p,3035,2026-05-21
元大松山,200.5,0,1000,981p,3035,2026-05-21
元大松山,202.5,1000,1000,981p,3035,2026-05-21
元大松山,203.5,1000,0,981p,3035,2026-05-21
元大松山,205.5,0,1000,981p,3035,2026-05-21
元大萬華,196.5,0,2000,981q,3035,2026-05-21
元大旗山,204.5,1000,0,981n,3035,2026-05-21
元大旗山,203.0,0,7000,981n,3035,2026-05-21
元大旗山,201.5,0,2000,981n,3035,2026-05-21
元大旗山,200.5,0,11,981n,3035,2026-05-21
元大莒光,208.0,0,2232,981L,3035,2026-05-21
元大前金,199.5,0,1000,981m,3035,2026-05-21
元大前金,200.5,3000,20,981m,3035,2026-05-21
元大前金,201.5,1000,1000,981m,3035,2026-05-21
元大前金,204.0,1039,2000,981m,3035,2026-05-21
元大前金,205.0,0,1000,981m,3035,2026-05-21
元大前金,208.0,0,1000,981m,3035,2026-05-21
元大萬華,200.0,100,1000,981q,3035,2026-05-21
元大苗栗,196.5,0,1000,981M,3035,2026-05-21
元大苗栗,201.0,0,5000,981M,3035,2026-05-21
元大苗栗,202.0,79,200,981M,3035,2026-05-21
元大苗栗,203.0,1000,0,981M,3035,2026-05-21
元大苗栗,204.0,100,0,981M,3035,2026-05-21
元大苗栗,207.5,100,0,981M,3035,2026-05-21
元大旗山,198.0,100,150,981n,3035,2026-05-21
元大旗山,199.5,1000,1000,981n,3035,2026-05-21
元大苗栗,199.5,100,0,981M,3035,2026-05-21
元大萬華,201.0,0,40,981q,3035,2026-05-21
元大萬華,202.5,10,0,981q,3035,2026-05-21
元大萬華,205.0,0,2000,981q,3035,2026-05-21
元大竹山,208.0,0,2033,981R,3035,2026-05-21
元大崇德,197.5,1000,2000,981S,3035,2026-05-21
元大崇德,198.5,0,2000,981S,3035,2026-05-21
元大崇德,199.5,1005,2200,981S,3035,2026-05-21
元大崇德,201.0,6,8000,981S,3035,2026-05-21
元大崇德,202.0,1000,6,981S,3035,2026-05-21
元大崇德,203.0,0,6,981S,3035,2026-05-21
元大竹山,205.0,2000,1000,981R,3035,2026-05-21
元大崇德,204.0,0,3002,981S,3035,2026-05-21
元大崇德,208.0,0,5500,981S,3035,2026-05-21
元大華山,200.0,0,6,981U,3035,2026-05-21
元大華山,201.0,300,2000,981U,3035,2026-05-21
元大華山,203.0,0,6,981U,3035,2026-05-21
元大華山,205.0,0,6,981U,3035,2026-05-21
元大民雄,196.0,1000,0,981V,3035,2026-05-21
元大民雄,197.5,0,1000,981V,3035,2026-05-21
元大崇德,205.0,0,1123,981S,3035,2026-05-21
元大民雄,202.5,0,1000,981V,3035,2026-05-21
元大竹山,203.5,1000,0,981R,3035,2026-05-21
元大竹山,201.0,3000,50,981R,3035,2026-05-21
元大萬華,207.0,3000,0,981q,3035,2026-05-21
元大萬華,208.0,1000,6000,981q,3035,2026-05-21
元大太平,197.0,0,1000,981Q,3035,2026-05-21
元大太平,198.0,0,1000,981Q,3035,2026-05-21
元大太平,199.0,1000,1000,981Q,3035,2026-05-21
元大太平,200.0,1000,5000,981Q,3035,2026-05-21
元大太平,201.0,50,0,981Q,3035,2026-05-21
元大竹山,202.0,0,500,981R,3035,2026-05-21
元大太平,202.0,1000,2500,981Q,3035,2026-05-21
元大太平,204.0,1000,0,981Q,3035,2026-05-21
元大太平,208.0,0,3000,981Q,3035,2026-05-21
元大屏南,199.0,0,1230,981r,3035,2026-05-21
元大屏南,200.0,2000,1593,981r,3035,2026-05-21
元大屏南,201.5,0,99,981r,3035,2026-05-21
元大屏南,208.0,0,1150,981r,3035,2026-05-21
元大竹山,200.0,2000,1000,981R,3035,2026-05-21
元大太平,203.0,100,2305,981Q,3035,2026-05-21
元大永春,195.5,1000,0,9852,3035,2026-05-21
元大忠鼎,200.5,0,2000,982F,3035,2026-05-21
元大四維,196.5,0,5000,9831,3035,2026-05-21
元大大安,196.0,0,1000,983N,3035,2026-05-21
元大大安,199.0,15,0,983N,3035,2026-05-21
元大大安,201.0,0,57,983N,3035,2026-05-21
元大大安,202.0,0,1,983N,3035,2026-05-21
元大大安,208.0,30000,6000,983N,3035,2026-05-21
元大頭份,197.5,7000,0,983U,3035,2026-05-21
元大頭份,199.5,2000,0,983U,3035,2026-05-21
元大頭份,200.5,0,350,983U,3035,2026-05-21
元大頭份,202.0,0,2500,983U,3035,2026-05-21
元大頭份,203.5,0,1050,983U,3035,2026-05-21
元大頭份,204.5,123,0,983U,3035,2026-05-21
元大頭份,207.0,0,200,983U,3035,2026-05-21
元大竹南,197.0,0,1000,983V,3035,2026-05-21
元大竹南,198.5,2000,0,983V,3035,2026-05-21
元大竹南,199.5,0,9000,983V,3035,2026-05-21
元大木柵,205.5,22,2,983M,3035,2026-05-21
元大木柵,204.5,41,6,983M,3035,2026-05-21
元大木柵,203.5,1009,0,983M,3035,2026-05-21
元大木柵,202.5,19,2,983M,3035,2026-05-21
元大仁愛,201.5,1000,1000,983j,3035,2026-05-21
元大仁愛,202.5,0,1000,983j,3035,2026-05-21
元大仁愛,203.5,2000,1000,983j,3035,2026-05-21
元大仁愛,205.5,0,1000,983j,3035,2026-05-21
元大仁愛,208.0,0,3000,983j,3035,2026-05-21
元大學甲,198.0,1000,0,983K,3035,2026-05-21
元大學甲,199.5,0,150,983K,3035,2026-05-21
元大竹南,201.0,7000,50,983V,3035,2026-05-21
元大學甲,200.5,1000,5000,983K,3035,2026-05-21
元大學甲,202.5,1000,0,983K,3035,2026-05-21
元大學甲,204.5,1000,0,983K,3035,2026-05-21
元大木柵,197.5,12,0,983M,3035,2026-05-21
元大木柵,198.5,15,0,983M,3035,2026-05-21
元大木柵,199.5,23,6003,983M,3035,2026-05-21
元大木柵,200.5,64,3,983M,3035,2026-05-21
元大木柵,201.5,1058,1090,983M,3035,2026-05-21
元大學甲,201.5,0,2000,983K,3035,2026-05-21
元大竹南,203.0,1000,50,983V,3035,2026-05-21
元大竹南,204.0,40,19000,983V,3035,2026-05-21
元大竹南,205.0,1000,2050,983V,3035,2026-05-21
元大新中,203.0,0,1000,984C,3035,2026-05-21
元大新中,204.5,0,1,984C,3035,2026-05-21
元大新中,206.0,1000,0,984C,3035,2026-05-21
元大南勢,198.0,0,1230,984E,3035,2026-05-21
元大南勢,199.0,1000,1000,984E,3035,2026-05-21
元大南勢,202.5,0,100,984E,3035,2026-05-21
元大南勢,208.0,0,2000,984E,3035,2026-05-21
元大新中,201.5,1000,1000,984C,3035,2026-05-21
元大景美,199.5,1000,0,984H,3035,2026-05-21
元大景美,208.0,0,2000,984H,3035,2026-05-21
元大館前,197.5,0,1000,984K,3035,2026-05-21
元大館前,198.5,1000,300,984K,3035,2026-05-21
元大館前,200.0,1024,4200,984K,3035,2026-05-21
元大館前,201.5,0,2200,984K,3035,2026-05-21
元大館前,203.0,2000,0,984K,3035,2026-05-21
元大館前,204.5,1000,1000,984K,3035,2026-05-21
元大景美,201.0,50,4015,984H,3035,2026-05-21
元大仁愛,200.5,2000,1100,983j,3035,2026-05-21
元大新中,200.5,2000,1300,984C,3035,2026-05-21
元大新中,198.0,100,1000,984C,3035,2026-05-21
元大竹南,208.0,0,2013,983V,3035,2026-05-21
元大德芳,198.5,100,200,983W,3035,2026-05-21
元大德芳,199.5,3000,6000,983W,3035,2026-05-21
元大德芳,201.0,0,3000,983W,3035,2026-05-21
元大德芳,202.5,0,1000,983W,3035,2026-05-21
元大德芳,203.5,0,50,983W,3035,2026-05-21
元大德芳,205.0,77,0,983W,3035,2026-05-21
元大新中,199.0,1,1050,984C,3035,2026-05-21
元大德芳,208.0,100,130,983W,3035,2026-05-21
元大鳳山,200.0,0,4,983Z,3035,2026-05-21
元大鳳山,201.5,0,1000,983Z,3035,2026-05-21
元大鳳山,203.0,0,7000,983Z,3035,2026-05-21
元大鳳山,205.0,100,1000,983Z,3035,2026-05-21
元大鳳山,207.5,0,2,983Z,3035,2026-05-21
元大大直,203.0,1000,0,9846,3035,2026-05-21
元大新中,195.5,0,1000,984C,3035,2026-05-21
元大鳳山,198.5,0,3000,983Z,3035,2026-05-21
元大忠鼎,202.0,0,5000,982F,3035,2026-05-21
元大仁愛,199.5,1000,0,983j,3035,2026-05-21
元大仁愛,196.0,1000,0,983j,3035,2026-05-21
元大中壢,203.0,2000,1000,9834,3035,2026-05-21
元大中壢,204.0,0,3000,9834,3035,2026-05-21
元大中壢,205.0,1,5001,9834,3035,2026-05-21
元大中壢,206.0,1000,0,9834,3035,2026-05-21
元大中壢,207.5,650,1002,9834,3035,2026-05-21
元大中山,198.0,1200,500,9835,3035,2026-05-21
元大中山,199.5,0,1000,9835,3035,2026-05-21
元大中山,201.0,100,0,9835,3035,2026-05-21
元大中山,202.0,0,3000,9835,3035,2026-05-21
元大中山,204.0,0,1150,9835,3035,2026-05-21
元大中山,208.0,0,4000,9835,3035,2026-05-21
元大北港,199.0,300,1000,9837,3035,2026-05-21
元大北港,200.0,0,150,9837,3035,2026-05-21
元大北港,201.0,1000,0,9837,3035,2026-05-21
元大北港,202.5,0,10,9837,3035,2026-05-21
元大中壢,202.0,0,2227,9834,3035,2026-05-21
元大中壢,201.0,2060,3000,9834,3035,2026-05-21
元大中壢,200.0,3000,1000,9834,3035,2026-05-21
元大中壢,199.0,1500,1000,9834,3035,2026-05-21
元大四維,197.5,10,0,9831,3035,2026-05-21
元大四維,198.5,0,1000,9831,3035,2026-05-21
元大四維,200.0,3300,1200,9831,3035,2026-05-21
元大四維,201.0,1000,3000,9831,3035,2026-05-21
元大四維,202.0,0,2000,9831,3035,2026-05-21
元大四維,203.5,0,1000,9831,3035,2026-05-21
元大四維,205.0,30,0,9831,3035,2026-05-21
元大北港,203.5,1000,140,9837,3035,2026-05-21
元大四維,208.0,6000,1005,9831,3035,2026-05-21
元大敦化,200.0,1000,0,9833,3035,2026-05-21
元大敦化,202.0,22000,0,9833,3035,2026-05-21
元大敦化,203.5,0,1000,9833,3035,2026-05-21
元大敦化,204.5,1000,0,9833,3035,2026-05-21
元大敦化,207.5,0,4000,9833,3035,2026-05-21
元大中壢,196.0,2000,2000,9834,3035,2026-05-21
元大中壢,197.5,0,6000,9834,3035,2026-05-21
元大敦化,199.0,500,0,9833,3035,2026-05-21
元大豐原,196.5,0,2000,9838,3035,2026-05-21
元大豐原,198.0,1000,2000,9838,3035,2026-05-21
元大豐原,199.0,10,2000,9838,3035,2026-05-21
元大竹東,208.0,0,2000,983f,3035,2026-05-21
元大上新,197.0,0,1000,983G,3035,2026-05-21
元大上新,199.0,1010,0,983G,3035,2026-05-21
元大上新,200.0,0,1000,983G,3035,2026-05-21
元大上新,201.0,0,2120,983G,3035,2026-05-21
元大上新,203.0,0,3000,983G,3035,2026-05-21
元大上新,205.0,1488,1000,983G,3035,2026-05-21
元大竹東,204.0,1010,0,983f,3035,2026-05-21
元大上新,207.5,1000,0,983G,3035,2026-05-21
元大大雅,198.0,0,100,983i,3035,2026-05-21
元大大雅,199.0,0,3000,983i,3035,2026-05-21
元大大雅,200.5,3000,500,983i,3035,2026-05-21
元大大雅,201.5,0,5000,983i,3035,2026-05-21
元大大雅,202.5,0,4020,983i,3035,2026-05-21
元大大雅,203.5,0,3000,983i,3035,2026-05-21
元大大雅,207.5,1000,2000,983i,3035,2026-05-21
元大大雅,196.0,0,1000,983i,3035,2026-05-21
元大仁愛,198.5,2000,6000,983j,3035,2026-05-21
元大竹東,203.0,2000,0,983f,3035,2026-05-21
元大竹東,201.0,1000,3000,983f,3035,2026-05-21
元大豐原,200.0,2010,4050,9838,3035,2026-05-21
元大豐原,201.0,1100,0,9838,3035,2026-05-21
元大豐原,202.0,1015,3000,9838,3035,2026-05-21
元大豐原,203.0,1000,1000,9838,3035,2026-05-21
元大豐原,204.0,1000,1280,9838,3035,2026-05-21
元大豐原,205.0,1000,4000,9838,3035,2026-05-21
元大豐原,208.0,0,2015,9838,3035,2026-05-21
元大竹東,202.0,0,1100,983f,3035,2026-05-21
元大林森,197.5,1000,0,983B,3035,2026-05-21
元大林森,202.5,0,55,983B,3035,2026-05-21
元大林森,207.5,0,100,983B,3035,2026-05-21
元大竹東,196.0,0,1000,983f,3035,2026-05-21
元大竹東,197.0,0,1000,983f,3035,2026-05-21
元大竹東,198.0,1000,0,983f,3035,2026-05-21
元大竹東,199.0,1000,2000,983f,3035,2026-05-21
元大竹東,200.0,0,1000,983f,3035,2026-05-21
元大林森,199.5,0,1000,983B,3035,2026-05-21
兆豐寶成,208.0,0,6100,700r,3035,2026-05-21
富邦木柵,201.5,1000,2000,961M,3035,2026-05-21
富邦木柵,198.0,3000,0,961M,3035,2026-05-21
日茂,204.0,1000,0,5960,3035,2026-05-21
日茂,203.0,0,2000,5960,3035,2026-05-21
日茂,200.0,1000,0,5960,3035,2026-05-21
統一松江,207.5,0,1000,585Z,3035,2026-05-21
統一松江,203.5,1000,0,585Z,3035,2026-05-21
統一松江,202.0,2000,1000,585Z,3035,2026-05-21
統一松江,199.5,0,1000,585Z,3035,2026-05-21
統一松江,196.0,0,1000,585Z,3035,2026-05-21
統一土城,202.0,0,3000,585Y,3035,2026-05-21
統一土城,201.0,0,2000,585Y,3035,2026-05-21
統一土城,199.0,2000,1000,585Y,3035,2026-05-21
統一土城,196.5,0,1000,585Y,3035,2026-05-21
統一金門,205.0,0,1000,585W,3035,2026-05-21
統一金門,202.0,0,3000,585W,3035,2026-05-21
統一金門,200.5,5000,5200,585W,3035,2026-05-21
日茂,208.0,0,2000,5960,3035,2026-05-21
?亞,195.5,0,1000,6010,3035,2026-05-21
?亞網路,199.5,42,0,6012,3035,2026-05-21
?亞網路,201.0,0,1000,6012,3035,2026-05-21
台中銀,203.0,0,1270,6110,3035,2026-05-21
台中銀,202.0,0,4000,6110,3035,2026-05-21
台中銀,201.0,2000,2000,6110,3035,2026-05-21
台中銀,199.0,10,10000,6110,3035,2026-05-21
?亞鑫豐,208.0,10,2103,601d,3035,2026-05-21
?亞鑫豐,205.5,0,1000,601d,3035,2026-05-21
?亞鑫豐,204.5,0,1549,601d,3035,2026-05-21
統一金門,198.5,5000,0,585W,3035,2026-05-21
?亞鑫豐,203.5,1000,39050,601d,3035,2026-05-21
?亞鑫豐,201.5,3100,1050,601d,3035,2026-05-21
?亞鑫豐,200.5,38000,11050,601d,3035,2026-05-21
?亞鑫豐,199.5,2000,9000,601d,3035,2026-05-21
?亞鑫豐,198.5,1000,0,601d,3035,2026-05-21
?亞鑫豐,196.5,0,1000,601d,3035,2026-05-21
?亞網路,204.5,100,0,6012,3035,2026-05-21
?亞網路,202.0,0,1000,6012,3035,2026-05-21
?亞鑫豐,202.5,2000,0,601d,3035,2026-05-21
台中銀,204.0,1000,0,6110,3035,2026-05-21
統一南京,204.0,0,100,585U,3035,2026-05-21
統一南京,201.0,1000,0,585U,3035,2026-05-21
統一板橋,201.5,0,1000,585P,3035,2026-05-21
統一板橋,200.0,0,1000,585P,3035,2026-05-21
統一板橋,196.0,1000,0,585P,3035,2026-05-21
統一士林,207.5,1000,0,585M,3035,2026-05-21
統一士林,204.0,1000,0,585M,3035,2026-05-21
統一士林,203.0,0,1000,585M,3035,2026-05-21
統一士林,201.0,2000,2000,585M,3035,2026-05-21
統一士林,200.0,1000,2000,585M,3035,2026-05-21
統一士林,199.0,2050,0,585M,3035,2026-05-21
統一竹南,204.0,1000,0,585m,3035,2026-05-21
統一竹南,200.5,1000,0,585m,3035,2026-05-21
統一竹南,199.0,0,18,585m,3035,2026-05-21
統一三重,208.0,0,2150,585J,3035,2026-05-21
統一三重,204.5,0,1000,585J,3035,2026-05-21
統一三重,203.0,0,100,585J,3035,2026-05-21
統一板橋,204.0,4000,0,585P,3035,2026-05-21
統一板橋,208.0,0,3000,585P,3035,2026-05-21
統一三多,198.5,500,0,585Q,3035,2026-05-21
統一三多,199.5,1000,0,585Q,3035,2026-05-21
統一南京,199.0,1000,1000,585U,3035,2026-05-21
統一宜蘭,205.0,0,5000,585S,3035,2026-05-21
統一宜蘭,204.0,2000,0,585S,3035,2026-05-21
統一宜蘭,203.0,0,200,585S,3035,2026-05-21
統一宜蘭,200.5,6,0,585S,3035,2026-05-21
統一東湖,208.0,1000,14040,585R,3035,2026-05-21
統一東湖,207.0,0,14000,585R,3035,2026-05-21
統一南京,203.0,1000,1000,585U,3035,2026-05-21
統一東湖,205.0,1000,3000,585R,3035,2026-05-21
統一東湖,201.5,5000,3000,585R,3035,2026-05-21
統一東湖,200.5,7000,0,585R,3035,2026-05-21
統一東湖,199.5,6000,0,585R,3035,2026-05-21
統一東湖,195.5,0,1000,585R,3035,2026-05-21
統一三多,203.5,0,1000,585Q,3035,2026-05-21
統一三多,202.5,0,1000,585Q,3035,2026-05-21
統一三多,201.5,0,1000,585Q,3035,2026-05-21
統一東湖,203.0,0,5000,585R,3035,2026-05-21
台中銀,206.0,0,1000,6110,3035,2026-05-21
台中銀,207.5,5000,200,6110,3035,2026-05-21
中銀員林,196.5,0,10000,6114,3035,2026-05-21
中信託文,196.5,2000,0,6164,3035,2026-05-21
中信託永,207.5,0,4000,6163,3035,2026-05-21
中信託永,205.5,0,1000,6163,3035,2026-05-21
中信託永,204.0,1000,0,6163,3035,2026-05-21
中信託永,203.0,150,0,6163,3035,2026-05-21
中信託永,201.5,1000,2101,6163,3035,2026-05-21
中信託永,200.0,3000,4000,6163,3035,2026-05-21
中信託永,199.0,0,2300,6163,3035,2026-05-21
中信託永,198.0,0,4000,6163,3035,2026-05-21
中信託忠,208.0,0,3009,6162,3035,2026-05-21
中信託忠,207.0,0,1000,6162,3035,2026-05-21
中信託忠,204.5,0,250,6162,3035,2026-05-21
中信託忠,203.5,1000,1000,6162,3035,2026-05-21
中信託忠,202.5,1000,9000,6162,3035,2026-05-21
中信託忠,201.5,4000,2006,6162,3035,2026-05-21
中信託文,197.5,1000,0,6164,3035,2026-05-21
中信託文,199.0,110,3200,6164,3035,2026-05-21
中信託文,200.0,4010,13100,6164,3035,2026-05-21
中信託文,201.0,1000,12410,6164,3035,2026-05-21
中信嘉義,198.0,40,0,6168,3035,2026-05-21
中信嘉義,197.0,1000,0,6168,3035,2026-05-21
中信松江,204.5,0,1000,6167,3035,2026-05-21
中信松江,201.5,0,1000,6167,3035,2026-05-21
中信松江,200.0,1000,1000,6167,3035,2026-05-21
中信松江,199.0,0,1000,6167,3035,2026-05-21
中信託新,207.5,1000,0,6165,3035,2026-05-21
中信託忠,200.5,1000,493,6162,3035,2026-05-21
中信託新,204.0,0,1000,6165,3035,2026-05-21
中信託新,200.0,1000,0,6165,3035,2026-05-21
中信託新,199.0,7000,0,6165,3035,2026-05-21
中信託文,208.0,2600,8200,6164,3035,2026-05-21
中信託文,205.0,0,2000,6164,3035,2026-05-21
中信託文,204.0,10000,3100,6164,3035,2026-05-21
中信託文,203.0,2000,6000,6164,3035,2026-05-21
中信託文,202.0,0,4000,6164,3035,2026-05-21
中信託新,202.0,100,0,6165,3035,2026-05-21
中信託忠,199.5,2000,4000,6162,3035,2026-05-21
中信託忠,198.5,1000,0,6162,3035,2026-05-21
中信三重,208.0,0,5010,6161,3035,2026-05-21
中銀豐原,203.0,0,2000,611A,3035,2026-05-21
中銀豐原,202.0,1000,0,611A,3035,2026-05-21
中銀豐原,200.5,0,2000,611A,3035,2026-05-21
中銀豐原,199.5,150,2000,611A,3035,2026-05-21
中銀豐原,197.5,2000,1000,611A,3035,2026-05-21
中銀豐原,195.5,0,1000,611A,3035,2026-05-21
中銀高雄,203.0,0,1000,6116,3035,2026-05-21
中銀豐原,205.0,0,1,611A,3035,2026-05-21
中銀高雄,200.5,1000,0,6116,3035,2026-05-21
中銀員林,208.0,0,500,6114,3035,2026-05-21
中銀員林,207.0,0,2000,6114,3035,2026-05-21
中銀員林,204.0,2000,2000,6114,3035,2026-05-21
中銀員林,203.0,0,1000,6114,3035,2026-05-21
中銀員林,202.0,2000,4000,6114,3035,2026-05-21
中銀員林,200.5,0,2000,6114,3035,2026-05-21
中銀員林,199.0,0,300,6114,3035,2026-05-21
中銀台北,208.0,0,1000,6115,3035,2026-05-21
統一三重,199.5,0,2000,585J,3035,2026-05-21
中銀豐原,207.0,0,1,611A,3035,2026-05-21
中國信託,196.0,1000,1000,6160,3035,2026-05-21
中信三重,204.5,0,500,6161,3035,2026-05-21
中信三重,202.5,5000,0,6161,3035,2026-05-21
中信三重,201.5,0,5000,6161,3035,2026-05-21
中信三重,200.5,0,2500,6161,3035,2026-05-21
中信三重,199.5,0,5000,6161,3035,2026-05-21
中信三重,198.5,0,1000,6161,3035,2026-05-21
中國信託,208.0,1000,10940,6160,3035,2026-05-21
中銀豐原,208.0,2000,11001,611A,3035,2026-05-21
中國信託,207.0,0,3000,6160,3035,2026-05-21
中國信託,204.0,300,4200,6160,3035,2026-05-21
中國信託,203.0,5000,1000,6160,3035,2026-05-21
中國信託,201.5,100,11050,6160,3035,2026-05-21
中國信託,200.5,1050,29784,6160,3035,2026-05-21
中國信託,199.5,1040,5200,6160,3035,2026-05-21
中國信託,198.5,1100,2000,6160,3035,2026-05-21
中國信託,197.5,0,1700,6160,3035,2026-05-21
中國信託,205.0,244,550,6160,3035,2026-05-21
統一三重,198.5,0,1000,585J,3035,2026-05-21
統一員林,207.5,1000,0,585I,3035,2026-05-21
統一員林,202.0,0,1000,585I,3035,2026-05-21
統一高雄,200.0,5,0,5851,3035,2026-05-21
統一,208.0,41000,6010,5850,3035,2026-05-21
統一,207.0,1000,0,5850,3035,2026-05-21
統一,205.0,2000,1050,5850,3035,2026-05-21
統一,204.0,5000,12000,5850,3035,2026-05-21
統一,203.0,8000,2000,5850,3035,2026-05-21
統一,202.0,7000,2000,5850,3035,2026-05-21
統一,201.0,3998,4000,5850,3035,2026-05-21
統一,200.0,7999,1000,5850,3035,2026-05-21
統一,199.0,502,6000,5850,3035,2026-05-21
統一,198.0,12000,3000,5850,3035,2026-05-21
統一,197.0,2000,2000,5850,3035,2026-05-21
統一,196.0,6000,0,5850,3035,2026-05-21
日進,208.0,0,1000,5660,3035,2026-05-21
日進,205.5,0,1000,5660,3035,2026-05-21
統一高雄,202.5,1000,0,5851,3035,2026-05-21
統一高雄,206.0,0,1000,5851,3035,2026-05-21
統一敦南,196.0,1000,0,5852,3035,2026-05-21
統一敦南,198.0,1000,1000,5852,3035,2026-05-21
統一城中,201.5,1000,1250,5854,3035,2026-05-21
統一城中,200.5,1000,1000,5854,3035,2026-05-21
統一城中,199.5,2000,0,5854,3035,2026-05-21
統一城中,198.5,0,3000,5854,3035,2026-05-21
統一城中,197.0,1000,1000,5854,3035,2026-05-21
統一中壢,208.0,0,105,5853,3035,2026-05-21
統一中壢,203.5,100,1000,5853,3035,2026-05-21
日進,202.0,0,8200,5660,3035,2026-05-21
統一中壢,202.0,1000,1000,5853,3035,2026-05-21
統一中壢,200.0,23000,100,5853,3035,2026-05-21
統一中壢,199.0,0,1000,5853,3035,2026-05-21
統一敦南,208.0,0,120,5852,3035,2026-05-21
統一敦南,204.0,4000,2000,5852,3035,2026-05-21
統一敦南,202.0,46000,1000,5852,3035,2026-05-21
統一敦南,200.5,0,2000,5852,3035,2026-05-21
統一敦南,199.5,133000,1000,5852,3035,2026-05-21
統一中壢,201.0,0,2000,5853,3035,2026-05-21
日進,200.5,1000,0,5660,3035,2026-05-21
日進,199.5,1000,0,5660,3035,2026-05-21
日進,198.5,1000,0,5660,3035,2026-05-21
第一華江,204.0,0,1000,538W,3035,2026-05-21
第一華江,203.0,1100,5010,538W,3035,2026-05-21
第一華江,202.0,0,5000,538W,3035,2026-05-21
第一華江,201.0,2010,2150,538W,3035,2026-05-21
第一華江,200.0,0,1499,538W,3035,2026-05-21
第一華江,199.0,0,1000,538W,3035,2026-05-21
第一華江,197.5,2300,0,538W,3035,2026-05-21
第一華江,205.0,0,1000,538W,3035,2026-05-21
第一華江,196.0,0,1000,538W,3035,2026-05-21
第一路竹,204.0,0,2000,538P,3035,2026-05-21
第一路竹,202.5,0,1000,538P,3035,2026-05-21
第一路竹,201.5,0,2150,538P,3035,2026-05-21
第一路竹,200.5,6000,1000,538P,3035,2026-05-21
第一路竹,199.5,0,1100,538P,3035,2026-05-21
第一路竹,198.0,1000,30,538P,3035,2026-05-21
第一豐原,204.5,0,1000,538N,3035,2026-05-21
第一路竹,208.0,0,1000,538P,3035,2026-05-21
統一城中,202.5,0,1000,5854,3035,2026-05-21
第一華江,208.0,2,3035,538W,3035,2026-05-21
第一中壢,201.5,10,0,538Y,3035,2026-05-21
日進,195.5,0,3000,5660,3035,2026-05-21
永興大墩,205.0,0,2000,5604,3035,2026-05-21
永興大墩,202.0,0,4000,5604,3035,2026-05-21
永興大墩,200.0,0,2700,5604,3035,2026-05-21
永興台中,200.5,3000,0,5603,3035,2026-05-21
永興台中,199.5,0,2000,5603,3035,2026-05-21
永興水湳,208.0,0,2050,5602,3035,2026-05-21
第一中壢,200.5,0,1000,538Y,3035,2026-05-21
永興水湳,201.5,0,2000,5602,3035,2026-05-21
永興,206.5,0,1000,5600,3035,2026-05-21
永興,202.5,0,1000,5600,3035,2026-05-21
永興,201.5,1000,1000,5600,3035,2026-05-21
永興,199.0,1000,0,5600,3035,2026-05-21
第一中壢,208.0,0,1000,538Y,3035,2026-05-21
第一中壢,204.0,100,2000,538Y,3035,2026-05-21
第一中壢,202.5,0,2000,538Y,3035,2026-05-21
永興水湳,198.0,0,1000,5602,3035,2026-05-21
中信嘉義,199.0,0,1000,6168,3035,2026-05-21
統一城中,204.0,0,1000,5854,3035,2026-05-21
統一城中,208.0,0,4000,5854,3035,2026-05-21
統一新營,205.0,1000,0,585E,3035,2026-05-21
統一新營,203.5,1000,0,585E,3035,2026-05-21
統一新營,200.0,0,1000,585E,3035,2026-05-21
統一新營,197.0,0,1000,585E,3035,2026-05-21
統一新台中,206.0,0,100,585D,3035,2026-05-21
統一新台中,204.0,0,1000,585D,3035,2026-05-21
統一新台中,203.0,0,2000,585D,3035,2026-05-21
統一新台中,201.5,1000,14000,585D,3035,2026-05-21
統一新台中,200.5,0,1107,585D,3035,2026-05-21
統一新台中,199.5,1000,3000,585D,3035,2026-05-21
統一新台中,198.5,2000,0,585D,3035,2026-05-21
統一新台中,196.0,3000,0,585D,3035,2026-05-21
統一仁愛,207.5,30000,0,585c,3035,2026-05-21
統一仁愛,204.0,2000,1000,585c,3035,2026-05-21
統一仁愛,202.0,0,1002,585c,3035,2026-05-21
統一新營,208.0,1000,3800,585E,3035,2026-05-21
統一彰化,199.0,0,100,585F,3035,2026-05-21
統一彰化,200.0,0,1000,585F,3035,2026-05-21
統一彰化,202.0,0,1000,585F,3035,2026-05-21
統一員林,200.5,1000,0,585I,3035,2026-05-21
統一員林,199.5,0,800,585I,3035,2026-05-21
統一員林,198.5,1000,2000,585I,3035,2026-05-21
統一桃園,208.0,9000,100,585H,3035,2026-05-21
統一桃園,205.0,0,200,585H,3035,2026-05-21
統一桃園,203.5,1000,0,585H,3035,2026-05-21
統一桃園,202.5,0,1050,585H,3035,2026-05-21
統一仁愛,201.0,0,1000,585c,3035,2026-05-21
統一桃園,201.5,100,3000,585H,3035,2026-05-21
統一桃園,197.5,0,4000,585H,3035,2026-05-21
統一桃園,196.5,0,1000,585H,3035,2026-05-21
統一桃園,195.5,0,1000,585H,3035,2026-05-21
統一平鎮,203.0,0,1000,585g,3035,2026-05-21
統一平鎮,201.0,0,1000,585g,3035,2026-05-21
統一彰化,208.0,0,4000,585F,3035,2026-05-21
統一彰化,203.0,1000,0,585F,3035,2026-05-21
統一桃園,200.5,1000,0,585H,3035,2026-05-21
統一仁愛,199.5,1000,0,585c,3035,2026-05-21
統一仁愛,197.5,0,1000,585c,3035,2026-05-21
統一永和,208.0,0,4000,585B,3035,2026-05-21
統一新竹,205.0,0,2000,5857,3035,2026-05-21
統一新竹,202.5,1000,0,5857,3035,2026-05-21
統一新竹,200.5,0,2000,5857,3035,2026-05-21
統一新竹,199.0,0,2000,5857,3035,2026-05-21
統一台中,208.0,1000,410,5856,3035,2026-05-21
統一台中,207.0,0,1000,5856,3035,2026-05-21
統一台中,204.5,0,1000,5856,3035,2026-05-21
統一新竹,208.0,0,3000,5857,3035,2026-05-21
統一台中,203.5,1000,0,5856,3035,2026-05-21
統一台中,201.5,1000,1000,5856,3035,2026-05-21
統一台中,200.5,2000,1000,5856,3035,2026-05-21
統一台中,199.5,0,1240,5856,3035,2026-05-21
統一台中,198.5,7000,0,5856,3035,2026-05-21
統一台中,196.5,0,2000,5856,3035,2026-05-21
統一台南,207.5,1000,0,5855,3035,2026-05-21
統一台南,199.5,0,1000,5855,3035,2026-05-21
統一台中,202.5,0,3000,5856,3035,2026-05-21
統一城中,205.5,1000,0,5854,3035,2026-05-21
統一嘉義,197.0,3000,0,5858,3035,2026-05-21
統一嘉義,202.5,0,1000,5858,3035,2026-05-21
統一永和,206.5,0,2000,585B,3035,2026-05-21
統一永和,202.0,0,1000,585B,3035,2026-05-21
統一永和,201.0,1000,1000,585B,3035,2026-05-21
統一永和,198.5,0,4000,585B,3035,2026-05-21
統一內湖,208.0,0,2000,585b,3035,2026-05-21
統一內湖,203.5,0,1000,585b,3035,2026-05-21
統一內湖,201.0,0,1000,585b,3035,2026-05-21
統一嘉義,200.0,1000,0,5858,3035,2026-05-21
統一內湖,199.0,0,1000,585b,3035,2026-05-21
統一基隆,201.0,0,2000,585A,3035,2026-05-21
統一基隆,196.5,0,3000,585A,3035,2026-05-21
統一屏東,205.0,0,1000,5859,3035,2026-05-21
統一屏東,204.0,0,5,5859,3035,2026-05-21
統一屏東,200.5,6,0,5859,3035,2026-05-21
統一屏東,199.0,0,5,5859,3035,2026-05-21
統一嘉義,207.5,2000,0,5858,3035,2026-05-21
統一基隆,206.0,0,1000,585A,3035,2026-05-21
中信嘉義,200.0,0,100,6168,3035,2026-05-21
中信嘉義,201.0,1000,1000,6168,3035,2026-05-21
中信嘉義,202.0,1000,0,6168,3035,2026-05-21
兆豐西螺,203.5,0,1000,700D,3035,2026-05-21
兆豐西螺,202.0,0,1000,700D,3035,2026-05-21
兆豐西螺,200.5,0,4000,700D,3035,2026-05-21
兆豐西螺,196.0,0,10000,700D,3035,2026-05-21
兆豐彰化,203.5,0,1000,700d,3035,2026-05-21
兆豐彰化,202.0,0,2000,700d,3035,2026-05-21
兆豐彰化,199.5,0,1000,700d,3035,2026-05-21
兆豐彰化,197.5,0,2000,700d,3035,2026-05-21
兆豐來福,208.0,24,2000,700C,3035,2026-05-21
兆豐來福,206.0,6000,0,700C,3035,2026-05-21
兆豐來福,204.5,0,1000,700C,3035,2026-05-21
兆豐來福,203.0,1000,2004,700C,3035,2026-05-21
兆豐來福,202.0,0,1000,700C,3035,2026-05-21
兆豐來福,200.0,0,1000,700C,3035,2026-05-21
兆豐民生,208.0,2010,1000,700c,3035,2026-05-21
兆豐西螺,207.5,2000,0,700D,3035,2026-05-21
兆豐鹿港,199.0,0,200,700f,3035,2026-05-21
兆豐鹿港,200.0,0,10000,700f,3035,2026-05-21
兆豐鹿港,201.0,0,500,700f,3035,2026-05-21
兆豐麻豆,198.0,300,0,700G,3035,2026-05-21
兆豐南門,207.5,100,1000,700g,3035,2026-05-21
兆豐南門,204.5,0,4000,700g,3035,2026-05-21
兆豐南門,203.5,0,3000,700g,3035,2026-05-21
兆豐南門,202.5,0,1000,700g,3035,2026-05-21
兆豐南門,201.5,3000,2000,700g,3035,2026-05-21
兆豐南門,200.0,21000,1000,700g,3035,2026-05-21
兆豐民生,204.5,0,1000,700c,3035,2026-05-21
兆豐南門,199.0,21050,100,700g,3035,2026-05-21
兆豐南門,195.5,20000,0,700g,3035,2026-05-21
兆豐虎尾,206.0,12000,0,700F,3035,2026-05-21
兆豐虎尾,200.0,0,30,700F,3035,2026-05-21
兆豐虎尾,198.0,1000,0,700F,3035,2026-05-21
兆豐鹿港,207.5,100,0,700f,3035,2026-05-21
兆豐鹿港,204.5,0,4,700f,3035,2026-05-21
兆豐鹿港,202.0,1000,0,700f,3035,2026-05-21
兆豐南門,198.0,1000,6000,700g,3035,2026-05-21
兆豐民生,203.0,1000,0,700c,3035,2026-05-21
兆豐民生,201.5,3000,1000,700c,3035,2026-05-21
兆豐民生,200.5,2000,0,700c,3035,2026-05-21
兆豐忠孝,199.0,0,5202,700a,3035,2026-05-21
兆豐忠孝,198.0,1000,0,700a,3035,2026-05-21
兆豐忠孝,197.0,0,2000,700a,3035,2026-05-21
兆豐三重,207.5,5,0,7008,3035,2026-05-21
兆豐三重,204.0,0,1000,7008,3035,2026-05-21
兆豐三重,200.5,0,1000,7008,3035,2026-05-21
兆豐三重,198.5,1000,18,7008,3035,2026-05-21
兆豐忠孝,200.0,2000,5007,700a,3035,2026-05-21
兆豐竹北,205.0,100,0,7007,3035,2026-05-21
兆豐竹北,202.5,80,0,7007,3035,2026-05-21
兆豐竹北,199.5,2120,0,7007,3035,2026-05-21
兆豐竹北,198.0,0,1000,7007,3035,2026-05-21
兆豐台南,204.0,1000,0,7006,3035,2026-05-21
兆豐台南,201.5,0,20,7006,3035,2026-05-21
兆豐台南,200.5,15,0,7006,3035,2026-05-21
兆豐台南,199.0,1000,0,7006,3035,2026-05-21
兆豐竹北,204.0,40,3000,7007,3035,2026-05-21
兆豐麻豆,199.5,0,9,700G,3035,2026-05-21
兆豐忠孝,201.0,0,2015,700a,3035,2026-05-21
兆豐忠孝,203.0,0,2018,700a,3035,2026-05-21
兆豐民生,199.0,0,4000,700c,3035,2026-05-21
兆豐板橋,208.0,0,1000,700B,3035,2026-05-21
兆豐板橋,204.5,1000,0,700B,3035,2026-05-21
兆豐板橋,202.5,0,1000,700B,3035,2026-05-21
兆豐板橋,199.5,0,2000,700B,3035,2026-05-21
兆豐板橋,197.0,0,2000,700B,3035,2026-05-21
兆豐板橋,196.0,2000,0,700B,3035,2026-05-21
兆豐忠孝,202.0,0,3009,700a,3035,2026-05-21
兆豐中壢,207.5,0,1000,700b,3035,2026-05-21
兆豐中壢,200.5,0,1100,700b,3035,2026-05-21
兆豐中壢,199.5,0,1000,700b,3035,2026-05-21
兆豐忠孝,208.0,1140,8,700a,3035,2026-05-21
兆豐忠孝,207.0,0,3,700a,3035,2026-05-21
兆豐忠孝,206.0,0,11,700a,3035,2026-05-21
兆豐忠孝,205.0,0,1011,700a,3035,2026-05-21
兆豐忠孝,204.0,0,3010,700a,3035,2026-05-21
兆豐中壢,201.5,0,2000,700b,3035,2026-05-21
兆豐台南,198.0,1000,0,7006,3035,2026-05-21
兆豐麻豆,200.5,1000,0,700G,3035,2026-05-21
兆豐三民,199.0,50,0,700h,3035,2026-05-21
兆豐桃園,201.5,0,2000,700M,3035,2026-05-21
兆豐桃園,200.5,0,1000,700M,3035,2026-05-21
兆豐桃園,198.5,1000,0,700M,3035,2026-05-21
兆豐桃園,197.5,0,1000,700M,3035,2026-05-21
兆豐天母,207.5,1000,0,700L,3035,2026-05-21
兆豐天母,204.5,0,1000,700L,3035,2026-05-21
兆豐天母,202.0,0,30,700L,3035,2026-05-21
兆豐天母,200.5,0,350,700L,3035,2026-05-21
兆豐天母,199.0,0,3000,700L,3035,2026-05-21
兆豐新營,208.0,1000,3100,700K,3035,2026-05-21
兆豐新營,205.0,0,11150,700K,3035,2026-05-21
兆豐新營,203.5,0,1000,700K,3035,2026-05-21
兆豐新營,202.5,0,250,700K,3035,2026-05-21
兆豐新營,201.5,0,1000,700K,3035,2026-05-21
兆豐新營,200.0,0,1000,700K,3035,2026-05-21
兆豐桃園,203.0,0,1000,700M,3035,2026-05-21
兆豐桃園,207.5,1000,0,700M,3035,2026-05-21
兆豐埔墘,197.5,0,1000,700N,3035,2026-05-21
兆豐埔墘,201.0,0,240,700N,3035,2026-05-21
兆豐寶成,200.5,0,1000,700r,3035,2026-05-21
兆豐寶成,199.0,200,14000,700r,3035,2026-05-21
兆豐寶成,195.5,1000,0,700r,3035,2026-05-21
兆豐南京,206.5,0,1000,700P,3035,2026-05-21
兆豐南京,203.5,0,2000,700P,3035,2026-05-21
兆豐南京,201.5,1000,0,700P,3035,2026-05-21
兆豐南京,200.0,1000,0,700P,3035,2026-05-21
兆豐員林,206.0,0,1000,700k,3035,2026-05-21
兆豐南京,197.0,1000,0,700P,3035,2026-05-21
兆豐復興,204.5,0,1000,700p,3035,2026-05-21
兆豐復興,203.5,1000,0,700p,3035,2026-05-21
兆豐復興,202.0,1000,3000,700p,3035,2026-05-21
兆豐復興,201.0,50,0,700p,3035,2026-05-21
兆豐復興,200.0,0,1000,700p,3035,2026-05-21
兆豐復興,199.0,0,1000,700p,3035,2026-05-21
兆豐埔墘,208.0,0,9,700N,3035,2026-05-21
兆豐復興,207.5,0,1000,700p,3035,2026-05-21
兆豐員林,204.5,0,100,700k,3035,2026-05-21
兆豐員林,203.0,100,0,700k,3035,2026-05-21
兆豐員林,201.5,0,1000,700k,3035,2026-05-21
兆豐北高,195.5,0,1000,700I,3035,2026-05-21
兆豐松德,207.5,1000,0,700i,3035,2026-05-21
兆豐松德,203.5,0,4000,700i,3035,2026-05-21
兆豐松德,202.5,0,3000,700i,3035,2026-05-21
兆豐松德,201.0,2000,100,700i,3035,2026-05-21
兆豐松德,200.0,0,72,700i,3035,2026-05-21
兆豐松德,199.0,2000,0,700i,3035,2026-05-21
兆豐北高,196.5,0,2000,700I,3035,2026-05-21
兆豐松德,197.5,2000,0,700i,3035,2026-05-21
兆豐東門,202.0,0,2000,700H,3035,2026-05-21
兆豐東門,200.5,100,0,700H,3035,2026-05-21
兆豐東門,199.0,1600,1000,700H,3035,2026-05-21
兆豐三民,207.0,0,1000,700h,3035,2026-05-21
兆豐三民,205.0,0,1000,700h,3035,2026-05-21
兆豐三民,202.0,10000,2,700h,3035,2026-05-21
兆豐三民,201.0,0,1000,700h,3035,2026-05-21
兆豐東門,204.5,0,20,700H,3035,2026-05-21
兆豐麻豆,205.0,0,3000,700G,3035,2026-05-21
兆豐北高,198.5,1000,300,700I,3035,2026-05-21
兆豐北高,200.5,0,3000,700I,3035,2026-05-21
兆豐員林,200.5,1000,2000,700k,3035,2026-05-21
兆豐員林,199.5,1000,0,700k,3035,2026-05-21
兆豐員林,195.5,0,1000,700k,3035,2026-05-21
兆豐公益,207.5,2000,1000,700J,3035,2026-05-21
兆豐公益,204.0,0,1000,700J,3035,2026-05-21
兆豐公益,202.5,0,1000,700J,3035,2026-05-21
兆豐公益,201.5,0,100,700J,3035,2026-05-21
兆豐北高,199.5,1000,0,700I,3035,2026-05-21
兆豐公益,200.5,1000,0,700J,3035,2026-05-21
兆豐大安,205.0,0,100,700j,3035,2026-05-21
兆豐大安,201.0,1000,0,700j,3035,2026-05-21
兆豐大安,200.0,1000,0,700j,3035,2026-05-21
兆豐大安,195.5,0,1000,700j,3035,2026-05-21
兆豐北高,207.0,0,1000,700I,3035,2026-05-21
兆豐北高,203.0,0,2000,700I,3035,2026-05-21
兆豐北高,201.5,0,2000,700I,3035,2026-05-21
兆豐公益,198.0,2000,1000,700J,3035,2026-05-21
第一豐原,203.5,6000,0,538N,3035,2026-05-21
兆豐中港,208.0,1000,6000,7005,3035,2026-05-21
兆豐中港,203.0,1000,0,7005,3035,2026-05-21
永全,202.5,1000,0,6450,3035,2026-05-21
永全,199.5,0,2000,6450,3035,2026-05-21
光和高雄,204.5,0,1000,638D,3035,2026-05-21
光和高雄,201.0,0,300,638D,3035,2026-05-21
光和高雄,199.0,1000,0,638D,3035,2026-05-21
光和嘉義,208.0,0,200,638A,3035,2026-05-21
光和嘉義,203.0,0,1000,638A,3035,2026-05-21
光和嘉義,201.5,1000,0,638A,3035,2026-05-21
光和嘉義,200.0,400,0,638A,3035,2026-05-21
光和嘉義,195.5,1000,0,638A,3035,2026-05-21
光和花壇,207.0,0,1000,6385,3035,2026-05-21
光和花壇,205.0,0,1000,6385,3035,2026-05-21
光和花壇,200.0,0,1000,6385,3035,2026-05-21
光和田中,208.0,0,2000,6382,3035,2026-05-21
光和田中,204.0,0,1000,6382,3035,2026-05-21
永全,208.0,0,2,6450,3035,2026-05-21
永全南崁,200.0,0,1000,6451,3035,2026-05-21
永全南崁,208.0,5,0,6451,3035,2026-05-21
永全八德,201.5,0,1000,6452,3035,2026-05-21
大昌樹林,205.5,2000,0,6461,3035,2026-05-21
大昌樹林,204.0,2000,1000,6461,3035,2026-05-21
大昌樹林,203.0,1000,9000,6461,3035,2026-05-21
大昌樹林,202.0,0,7000,6461,3035,2026-05-21
大昌樹林,200.5,0,4000,6461,3035,2026-05-21
大昌樹林,199.5,0,4000,6461,3035,2026-05-21
大昌樹林,198.5,30,2000,6461,3035,2026-05-21
光和田中,201.5,0,3000,6382,3035,2026-05-21
大昌樹林,196.0,1000,1000,6461,3035,2026-05-21
大昌,206.0,0,1000,6460,3035,2026-05-21
大昌,203.0,1000,0,6460,3035,2026-05-21
大昌,201.0,0,1250,6460,3035,2026-05-21
大昌,199.5,1000,1000,6460,3035,2026-05-21
大昌,198.5,0,100,6460,3035,2026-05-21
大昌,197.5,1000,0,6460,3035,2026-05-21
永全八德,205.0,0,1000,6452,3035,2026-05-21
大昌,207.5,0,1000,6460,3035,2026-05-21
光和溪湖,207.5,0,1000,6381,3035,2026-05-21
光和溪湖,204.0,1000,4000,6381,3035,2026-05-21
光和溪湖,201.0,0,5000,6381,3035,2026-05-21
中信託高,202.5,0,1000,616K,3035,2026-05-21
中信託高,201.0,0,1000,616K,3035,2026-05-21
中信託高,200.0,3000,2000,616K,3035,2026-05-21
中信託高,199.0,2000,4000,616K,3035,2026-05-21
中信託高,197.5,0,1000,616K,3035,2026-05-21
中信託高,196.5,2000,0,616K,3035,2026-05-21
中信中壢,206.0,0,1000,616A,3035,2026-05-21
中信託高,203.5,10000,1000,616K,3035,2026-05-21
中信中壢,204.0,0,3000,616A,3035,2026-05-21
中信中壢,201.5,73,0,616A,3035,2026-05-21
中信中壢,200.0,0,2000,616A,3035,2026-05-21
中信中壢,199.0,0,650,616A,3035,2026-05-21
中信中壢,197.5,2000,0,616A,3035,2026-05-21
中信中壢,195.5,4000,0,616A,3035,2026-05-21
中信嘉義,204.5,0,1000,6168,3035,2026-05-21
中信嘉義,203.5,0,1000,6168,3035,2026-05-21
中信中壢,203.0,0,1000,616A,3035,2026-05-21
大昌安康,195.5,1000,0,6462,3035,2026-05-21
中信託高,204.5,0,2000,616K,3035,2026-05-21
新百王,196.0,1000,0,6210,3035,2026-05-21
光和溪湖,199.5,0,1300,6381,3035,2026-05-21
光和,208.0,0,30,6380,3035,2026-05-21
光和,204.0,0,1050,6380,3035,2026-05-21
光和,203.0,300,0,6380,3035,2026-05-21
光和,201.0,50,1000,6380,3035,2026-05-21
光和,199.0,0,10000,6380,3035,2026-05-21
光和,196.5,0,1000,6380,3035,2026-05-21
中信託高,206.0,0,6000,616K,3035,2026-05-21
新百王,206.0,0,7000,6210,3035,2026-05-21
新百王,203.0,1000,150,6210,3035,2026-05-21
新百王,202.0,0,200,6210,3035,2026-05-21
新百王,201.0,0,2150,6210,3035,2026-05-21
新百王,200.0,2000,0,6210,3035,2026-05-21
新百王,199.0,1000,0,6210,3035,2026-05-21
新百王,198.0,7000,0,6210,3035,2026-05-21
新百王,197.0,0,1000,6210,3035,2026-05-21
新百王,204.0,0,2000,6210,3035,2026-05-21
兆豐中港,204.0,0,100,7005,3035,2026-05-21
大昌安康,197.0,0,2000,6462,3035,2026-05-21
大昌安康,201.5,0,1000,6462,3035,2026-05-21
福勝,208.0,20000,3058,6950,3035,2026-05-21
福勝,205.0,0,1000,6950,3035,2026-05-21
福勝,202.5,0,2000,6950,3035,2026-05-21
福勝,201.0,0,2000,6950,3035,2026-05-21
福勝,200.0,0,1500,6950,3035,2026-05-21
福勝,197.0,0,1000,6950,3035,2026-05-21
德信和平,202.0,0,2000,6915,3035,2026-05-21
德信和平,201.0,0,1000,6915,3035,2026-05-21
德信和平,197.5,0,1000,6915,3035,2026-05-21
德信新營,206.0,0,1000,6913,3035,2026-05-21
德信新營,202.5,0,1000,6913,3035,2026-05-21
德信新營,199.5,1000,0,6913,3035,2026-05-21
德信中正,207.5,4000,0,6912,3035,2026-05-21
德信中正,202.0,0,5,6912,3035,2026-05-21
德信中正,199.0,0,5,6912,3035,2026-05-21
兆豐,197.5,3000,0,7000,3035,2026-05-21
兆豐,199.0,1000,2000,7000,3035,2026-05-21
兆豐,201.0,5000,1000,7000,3035,2026-05-21
兆豐,204.5,0,40,7000,3035,2026-05-21
兆豐中港,202.0,0,3000,7005,3035,2026-05-21
兆豐中港,200.5,2000,310,7005,3035,2026-05-21
兆豐中港,199.5,1000,2200,7005,3035,2026-05-21
兆豐中港,198.0,2000,0,7005,3035,2026-05-21
兆豐中港,196.5,1000,1000,7005,3035,2026-05-21
兆豐台中,204.5,400,0,7003,3035,2026-05-21
兆豐台中,202.5,100,0,7003,3035,2026-05-21
德信,207.5,5,0,6910,3035,2026-05-21
兆豐台中,201.5,0,7000,7003,3035,2026-05-21
兆豐台中,199.0,2000,6000,7003,3035,2026-05-21
兆豐嘉義,208.0,0,355,7001,3035,2026-05-21
兆豐嘉義,204.0,462,1000,7001,3035,2026-05-21
兆豐嘉義,200.5,500,0,7001,3035,2026-05-21
兆豐嘉義,199.5,200,45,7001,3035,2026-05-21
兆豐,208.0,0,4000,7000,3035,2026-05-21
兆豐,207.0,4000,0,7000,3035,2026-05-21
兆豐台中,200.0,2000,10000,7003,3035,2026-05-21
德信,201.5,0,1020,6910,3035,2026-05-21
德信,200.5,0,10,6910,3035,2026-05-21
德信,199.5,2000,0,6910,3035,2026-05-21
大昌桃園,197.0,1000,0,6465,3035,2026-05-21
大昌桃園,195.5,1000,0,6465,3035,2026-05-21
大昌新店,207.5,0,262,6464,3035,2026-05-21
大昌新店,205.5,0,1000,6464,3035,2026-05-21
大昌新店,204.5,0,300,6464,3035,2026-05-21
大昌新店,203.5,0,300,6464,3035,2026-05-21
大昌新店,202.0,1000,0,6464,3035,2026-05-21
大昌桃園,199.0,3000,0,6465,3035,2026-05-21
大昌新店,201.0,5100,1000,6464,3035,2026-05-21
大昌新店,199.0,3000,5500,6464,3035,2026-05-21
大昌新店,197.0,0,2000,6464,3035,2026-05-21
大昌新竹,204.0,0,1000,6463,3035,2026-05-21
大昌新竹,203.0,0,30000,6463,3035,2026-05-21
大昌新竹,200.0,4000,1000,6463,3035,2026-05-21
大昌新竹,196.5,1000,0,6463,3035,2026-05-21
大昌安康,204.5,0,1000,6462,3035,2026-05-21
大昌新店,200.0,1100,1050,6464,3035,2026-05-21
大昌安康,199.0,2000,0,6462,3035,2026-05-21
大昌桃園,200.5,1000,2000,6465,3035,2026-05-21
大昌桃園,202.5,1000,0,6465,3035,2026-05-21
口袋,208.0,1025,1030,6620,3035,2026-05-21
口袋,205.0,149,0,6620,3035,2026-05-21
口袋,204.0,3040,0,6620,3035,2026-05-21
口袋,203.0,2000,1017,6620,3035,2026-05-21
口袋,202.0,1275,4000,6620,3035,2026-05-21
口袋,201.0,1100,1325,6620,3035,2026-05-21
口袋,200.0,1080,4199,6620,3035,2026-05-21
大昌桃園,201.5,5200,0,6465,3035,2026-05-21
口袋,199.0,3010,43006,6620,3035,2026-05-21
口袋,196.0,0,1000,6620,3035,2026-05-21
福邦新竹,200.0,0,900,6489,3035,2026-05-21
福邦,204.5,0,100,6480,3035,2026-05-21
福邦,199.5,0,2000,6480,3035,2026-05-21
大昌桃園,207.0,0,15000,6465,3035,2026-05-21
大昌桃園,205.5,0,1000,6465,3035,2026-05-21
大昌桃園,204.0,10000,5000,6465,3035,2026-05-21
口袋,198.0,4330,1000,6620,3035,2026-05-21
第一豐原,202.5,0,1000,538N,3035,2026-05-21
第一豐原,201.5,1000,1000,538N,3035,2026-05-21
第一豐原,200.5,0,200,538N,3035,2026-05-21
臺銀新竹,198.5,200,2000,1045,3035,2026-05-21
臺銀民權,207.5,1000,0,1043,3035,2026-05-21
臺銀民權,206.0,0,2000,1043,3035,2026-05-21
臺銀民權,204.0,0,60,1043,3035,2026-05-21
臺銀民權,203.0,0,75,1043,3035,2026-05-21
臺銀民權,202.0,1000,2040,1043,3035,2026-05-21
臺銀民權,201.0,0,50,1043,3035,2026-05-21
臺銀民權,200.0,0,1000,1043,3035,2026-05-21
臺銀民權,199.0,0,3000,1043,3035,2026-05-21
臺銀民權,198.0,1000,0,1043,3035,2026-05-21
臺銀民權,196.0,1000,0,1043,3035,2026-05-21
臺銀臺南,207.5,0,1000,1042,3035,2026-05-21
臺銀臺南,204.0,5,50,1042,3035,2026-05-21
臺銀臺南,202.0,2000,3300,1042,3035,2026-05-21
臺銀臺南,200.5,0,5000,1042,3035,2026-05-21
臺銀新竹,199.5,50,0,1045,3035,2026-05-21
臺銀新竹,201.0,0,860,1045,3035,2026-05-21
臺銀新竹,202.0,0,1000,1045,3035,2026-05-21
臺銀新竹,203.5,1000,2000,1045,3035,2026-05-21
臺銀高雄,199.0,3000,3400,104C,3035,2026-05-21
臺銀高雄,198.0,1150,713,104C,3035,2026-05-21
臺銀高雄,197.0,0,4000,104C,3035,2026-05-21
臺銀高雄,195.5,0,1000,104C,3035,2026-05-21
臺銀臺中,207.5,250,0,104A,3035,2026-05-21
臺銀臺中,205.0,1000,3070,104A,3035,2026-05-21
臺銀臺中,203.5,1000,11100,104A,3035,2026-05-21
臺銀臺南,199.5,2000,0,1042,3035,2026-05-21
臺銀臺中,202.5,6000,0,104A,3035,2026-05-21
臺銀臺中,200.5,0,7000,104A,3035,2026-05-21
臺銀臺中,199.5,1000,210,104A,3035,2026-05-21
臺銀臺中,198.0,1200,2000,104A,3035,2026-05-21
臺銀臺中,196.5,2000,0,104A,3035,2026-05-21
臺銀新竹,208.0,0,4010,1045,3035,2026-05-21
臺銀新竹,206.0,0,1000,1045,3035,2026-05-21
臺銀新竹,204.5,0,200,1045,3035,2026-05-21
臺銀臺中,201.5,0,3105,104A,3035,2026-05-21
臺銀臺南,197.5,0,1000,1042,3035,2026-05-21
臺銀,208.0,0,1650,1040,3035,2026-05-21
臺銀,207.0,0,10,1040,3035,2026-05-21
土銀和平,198.0,1000,0,1038,3035,2026-05-21
土銀花蓮,208.0,0,1000,1037,3035,2026-05-21
土銀花蓮,204.0,1000,0,1037,3035,2026-05-21
土銀花蓮,200.0,0,1000,1037,3035,2026-05-21
土銀玉里,206.0,0,1000,1036,3035,2026-05-21
土銀新竹,208.0,0,2000,1035,3035,2026-05-21
土銀新竹,203.5,2100,0,1035,3035,2026-05-21
土銀和平,206.0,0,1000,1038,3035,2026-05-21
土銀新竹,202.0,0,3050,1035,3035,2026-05-21
土銀嘉義,208.0,0,10023,1034,3035,2026-05-21
土銀嘉義,204.0,0,1000,1034,3035,2026-05-21
土銀嘉義,201.5,0,50,1034,3035,2026-05-21
土銀嘉義,200.0,100,1000,1034,3035,2026-05-21
土銀嘉義,199.0,0,200,1034,3035,2026-05-21
土銀嘉義,196.5,0,1000,1034,3035,2026-05-21
土銀高雄,202.0,0,1000,1033,3035,2026-05-21
土銀新竹,200.0,0,1000,1035,3035,2026-05-21
臺銀高雄,200.0,10100,1430,104C,3035,2026-05-21
土銀士林,199.0,10000,0,1039,3035,2026-05-21
土銀建國,202.0,0,1000,103A,3035,2026-05-21
臺銀,204.0,0,1092,1040,3035,2026-05-21
臺銀,203.0,2000,0,1040,3035,2026-05-21
臺銀,201.5,30,0,1040,3035,2026-05-21
臺銀,200.5,0,2000,1040,3035,2026-05-21
臺銀,199.5,2000,0,1040,3035,2026-05-21
臺銀,198.5,2000,0,1040,3035,2026-05-21
臺銀,197.5,1000,1000,1040,3035,2026-05-21
土銀建國,199.5,0,1000,103A,3035,2026-05-21
土銀南港,201.0,0,1000,103F,3035,2026-05-21
土銀白河,208.0,0,6000,103C,3035,2026-05-21
土銀白河,203.0,0,1000,103C,3035,2026-05-21
土銀白河,200.0,4000,0,103C,3035,2026-05-21
土銀白河,196.5,1000,0,103C,3035,2026-05-21
土銀彰化,205.0,1000,0,103B,3035,2026-05-21
土銀彰化,200.0,89,0,103B,3035,2026-05-21
土銀彰化,199.0,11,0,103B,3035,2026-05-21
土銀南港,199.0,0,4,103F,3035,2026-05-21
土銀高雄,200.0,0,1000,1033,3035,2026-05-21
臺銀高雄,201.0,1000,6350,104C,3035,2026-05-21
臺銀高雄,203.0,1000,14000,104C,3035,2026-05-21
企銀埔墘,205.5,0,2000,111G,3035,2026-05-21
企銀埔墘,199.5,2,0,111G,3035,2026-05-21
企銀北高,204.0,0,1000,111F,3035,2026-05-21
企銀桃園,203.0,0,1000,111E,3035,2026-05-21
企銀桃園,198.5,0,10000,111E,3035,2026-05-21
企銀桃園,196.0,10000,0,111E,3035,2026-05-21
台企建成,208.0,0,300,111B,3035,2026-05-21
台企建成,201.0,0,1000,111B,3035,2026-05-21
台企建成,196.0,5000,0,111B,3035,2026-05-21
企銀民雄,202.0,0,200,111A,3035,2026-05-21
企銀民雄,199.5,0,2000,111A,3035,2026-05-21
企銀岡山,203.5,1000,0,1119,3035,2026-05-21
企銀岡山,198.5,0,5000,1119,3035,2026-05-21
企銀豐原,202.0,0,3000,1118,3035,2026-05-21
企銀竹北,207.5,1000,0,1117,3035,2026-05-21
彰銀,199.0,0,2000,1230,3035,2026-05-21
彰銀,200.5,100,0,1230,3035,2026-05-21
彰銀,205.0,0,210,1230,3035,2026-05-21
彰銀,208.0,0,1000,1230,3035,2026-05-21
宏遠台南,199.5,150,0,126D,3035,2026-05-21
宏遠台南,198.0,0,1000,126D,3035,2026-05-21
宏遠桃園,199.5,100,0,1262,3035,2026-05-21
宏遠民生,208.0,0,500,1261,3035,2026-05-21
宏遠民生,200.0,2000,0,1261,3035,2026-05-21
宏遠民生,196.0,0,1000,1261,3035,2026-05-21
宏遠,207.5,3000,0,1260,3035,2026-05-21
企銀竹北,204.0,0,1000,1117,3035,2026-05-21
宏遠,203.0,0,1000,1260,3035,2026-05-21
宏遠,196.5,2000,0,1260,3035,2026-05-21
宏遠,195.5,0,1000,1260,3035,2026-05-21
彰銀台中,204.0,0,3000,1233,3035,2026-05-21
彰銀台中,201.5,0,1000,1233,3035,2026-05-21
彰銀台中,200.5,0,2000,1233,3035,2026-05-21
彰銀台中,199.0,0,100,1233,3035,2026-05-21
彰銀七賢,200.5,1000,0,1232,3035,2026-05-21
宏遠,199.5,10,2000,1260,3035,2026-05-21
企銀竹北,202.5,1000,0,1117,3035,2026-05-21
企銀竹北,201.5,7000,0,1117,3035,2026-05-21
企銀竹北,200.5,0,2000,1117,3035,2026-05-21
企銀,208.0,0,116,1110,3035,2026-05-21
企銀,202.0,0,2000,1110,3035,2026-05-21
企銀,200.5,0,1000,1110,3035,2026-05-21
企銀,199.0,0,1000,1110,3035,2026-05-21
企銀,198.0,0,1000,1110,3035,2026-05-21
臺銀金山,208.0,0,7070,104D,3035,2026-05-21
臺銀金山,204.0,0,2000,104D,3035,2026-05-21
企銀台中,198.0,1100,0,1111,3035,2026-05-21
臺銀金山,203.0,3,0,104D,3035,2026-05-21
臺銀金山,201.0,0,200,104D,3035,2026-05-21
臺銀金山,199.5,1000,1000,104D,3035,2026-05-21
臺銀金山,198.5,2000,0,104D,3035,2026-05-21
臺銀金山,196.0,1000,0,104D,3035,2026-05-21
臺銀高雄,207.5,1000,0,104C,3035,2026-05-21
臺銀高雄,206.0,0,2000,104C,3035,2026-05-21
臺銀高雄,204.0,1,0,104C,3035,2026-05-21
臺銀金山,202.0,0,3000,104D,3035,2026-05-21
臺銀高雄,202.0,0,53250,104C,3035,2026-05-21
企銀台中,204.0,0,2000,1111,3035,2026-05-21
企銀台南,200.0,0,50,1112,3035,2026-05-21
企銀竹北,199.0,2000,0,1117,3035,2026-05-21
企銀竹北,197.5,0,14000,1117,3035,2026-05-21
企銀屏東,208.0,0,1000,1116,3035,2026-05-21
企銀屏東,202.5,0,1000,1116,3035,2026-05-21
企銀屏東,199.5,1000,0,1116,3035,2026-05-21
企銀屏東,196.0,0,2000,1116,3035,2026-05-21
企銀太平,205.0,0,100,1115,3035,2026-05-21
企銀台中,208.0,0,1400,1111,3035,2026-05-21
企銀太平,201.5,2000,0,1115,3035,2026-05-21
企銀太平,199.0,2000,1000,1115,3035,2026-05-21
企銀太平,198.0,2000,0,1115,3035,2026-05-21
企銀嘉義,208.0,60,1000,1114,3035,2026-05-21
企銀嘉義,204.0,1000,0,1114,3035,2026-05-21
企銀九如,208.0,0,1000,1113,3035,2026-05-21
企銀九如,204.0,50,0,1113,3035,2026-05-21
企銀九如,196.0,0,1000,1113,3035,2026-05-21
企銀太平,200.0,0,100,1115,3035,2026-05-21
宏遠台南,201.0,200,0,126D,3035,2026-05-21
土銀台南,203.0,0,1000,1032,3035,2026-05-21
土銀台中,200.0,0,5000,1031,3035,2026-05-21
富邦陽明,204.0,0,50,9604,3035,2026-05-21
富邦陽明,205.0,0,1050,9604,3035,2026-05-21
富邦陽明,207.0,0,2000,9604,3035,2026-05-21
富邦陽明,208.0,9000,10322,9604,3035,2026-05-21
富邦台東,199.0,1000,200,9608,3035,2026-05-21
富邦台東,200.0,1000,150,9608,3035,2026-05-21
富邦台東,203.0,0,2000,9608,3035,2026-05-21
富邦台東,205.0,100,0,9608,3035,2026-05-21
富邦台東,208.0,1000,0,9608,3035,2026-05-21
富邦基隆,198.0,0,1100,9614,3035,2026-05-21
富邦基隆,201.5,0,1000,9614,3035,2026-05-21
富邦基隆,203.0,0,1000,9614,3035,2026-05-21
富邦基隆,204.5,0,1000,9614,3035,2026-05-21
富邦基隆,206.0,0,10000,9614,3035,2026-05-21
富邦基隆,208.0,1000,4005,9614,3035,2026-05-21
富邦陽明,203.0,0,11080,9604,3035,2026-05-21
富邦陽明,202.0,1000,3000,9604,3035,2026-05-21
富邦陽明,201.0,1000,3363,9604,3035,2026-05-21
富邦陽明,200.0,5001,9113,9604,3035,2026-05-21
合庫,203.0,0,2000,1020,3035,2026-05-21
合庫,201.0,2000,2000,1020,3035,2026-05-21
合庫,200.0,189,0,1020,3035,2026-05-21
合庫,199.0,1000,200,1020,3035,2026-05-21
合庫,198.0,5000,100,1020,3035,2026-05-21
富邦,199.5,11755,0,9600,3035,2026-05-21
富邦,200.5,7015,8000,9600,3035,2026-05-21
富邦岡山,199.0,2000,0,9616,3035,2026-05-21
富邦,201.5,0,1050,9600,3035,2026-05-21
富邦,203.5,4000,0,9600,3035,2026-05-21
富邦,204.5,7874,0,9600,3035,2026-05-21
富邦,206.0,1097,1000,9600,3035,2026-05-21
富邦,207.5,6000,0,9600,3035,2026-05-21
富邦陽明,196.0,3000,0,9604,3035,2026-05-21
富邦陽明,197.5,0,1000,9604,3035,2026-05-21
富邦陽明,199.0,1000,1202,9604,3035,2026-05-21
富邦,202.5,1521,0,9600,3035,2026-05-21
富邦岡山,200.0,0,2000,9616,3035,2026-05-21
富邦岡山,201.0,60,0,9616,3035,2026-05-21
富邦岡山,204.0,300,0,9616,3035,2026-05-21
富邦新板,200.0,20000,2000,961H,3035,2026-05-21
富邦新板,201.5,1,120,961H,3035,2026-05-21
富邦新板,202.5,50,0,961H,3035,2026-05-21
富邦新板,203.5,0,1000,961H,3035,2026-05-21
富邦新板,205.0,100,1000,961H,3035,2026-05-21
富邦新板,208.0,0,7000,961H,3035,2026-05-21
富邦七賢,197.0,0,1000,961K,3035,2026-05-21
富邦新板,199.0,2000,0,961H,3035,2026-05-21
富邦七賢,198.0,10,0,961K,3035,2026-05-21
富邦七賢,201.5,50,2000,961K,3035,2026-05-21
富邦七賢,202.5,0,100,961K,3035,2026-05-21
富邦七賢,203.5,0,1000,961K,3035,2026-05-21
富邦七賢,204.5,0,1000,961K,3035,2026-05-21
富邦七賢,205.5,0,1000,961K,3035,2026-05-21
富邦七賢,208.0,5,8000,961K,3035,2026-05-21
富邦木柵,196.0,0,1000,961M,3035,2026-05-21
富邦七賢,199.5,3000,0,961K,3035,2026-05-21
合庫,204.0,0,3000,1020,3035,2026-05-21
富邦公益,208.0,5,6050,961F,3035,2026-05-21
富邦公益,205.0,0,5,961F,3035,2026-05-21
富邦岡山,207.0,0,1000,9616,3035,2026-05-21
富邦南京,198.0,100,500,961C,3035,2026-05-21
富邦南京,199.0,1000,122,961C,3035,2026-05-21
富邦南京,200.5,3000,1020,961C,3035,2026-05-21
富邦南京,202.0,0,2000,961C,3035,2026-05-21
富邦南京,203.5,1000,1000,961C,3035,2026-05-21
富邦南京,204.5,0,1004,961C,3035,2026-05-21
富邦公益,207.0,0,1000,961F,3035,2026-05-21
富邦南京,207.0,0,2,961C,3035,2026-05-21
富邦公益,197.5,0,20000,961F,3035,2026-05-21
富邦公益,198.5,10,3000,961F,3035,2026-05-21
富邦公益,199.5,12050,1000,961F,3035,2026-05-21
富邦公益,200.5,0,10000,961F,3035,2026-05-21
富邦公益,201.5,1000,1000,961F,3035,2026-05-21
富邦公益,202.5,1005,5,961F,3035,2026-05-21
富邦公益,203.5,1100,0,961F,3035,2026-05-21
富邦南京,208.0,50000,3018,961C,3035,2026-05-21
土銀台中,204.0,5000,0,1031,3035,2026-05-21
合庫,205.5,0,1000,1020,3035,2026-05-21
合庫台中,195.5,0,1000,1021,3035,2026-05-21
合庫自強,205.5,0,2000,102C,3035,2026-05-21
合庫自強,204.5,1000,2000,102C,3035,2026-05-21
合庫自強,203.0,1000,2000,102C,3035,2026-05-21
合庫自強,201.5,1000,0,102C,3035,2026-05-21
合庫自強,200.5,0,3000,102C,3035,2026-05-21
合庫自強,199.0,0,4000,102C,3035,2026-05-21
合庫自強,197.5,1000,0,102C,3035,2026-05-21
合庫新竹,208.0,18,1000,102A,3035,2026-05-21
合庫新竹,205.0,0,1000,102A,3035,2026-05-21
合庫新竹,203.0,0,1000,102A,3035,2026-05-21
合庫新竹,202.0,0,1000,102A,3035,2026-05-21
合庫新竹,201.0,0,1000,102A,3035,2026-05-21
合庫新竹,200.0,2000,0,102A,3035,2026-05-21
合庫新竹,199.0,31000,0,102A,3035,2026-05-21
合庫新竹,197.5,1000,1000,102A,3035,2026-05-21
合庫自強,208.0,0,100,102C,3035,2026-05-21
合庫桃園,196.5,1000,0,102E,3035,2026-05-21
合庫桃園,199.0,0,1000,102E,3035,2026-05-21
合庫桃園,200.0,1000,2300,102E,3035,2026-05-21
土銀台中,199.0,0,1000,1031,3035,2026-05-21
土銀,205.5,0,50,1030,3035,2026-05-21
土銀,202.0,0,2000,1030,3035,2026-05-21
土銀,199.5,2000,1000,1030,3035,2026-05-21
土銀,197.5,1000,0,1030,3035,2026-05-21
合庫三重,208.0,0,1154,102G,3035,2026-05-21
合庫三重,201.0,0,1000,102G,3035,2026-05-21
合庫鳳山,205.0,0,25000,1029,3035,2026-05-21
合庫三重,199.5,1000,0,102G,3035,2026-05-21
合庫西台,204.0,50,0,102F,3035,2026-05-21
合庫西台,200.0,1200,4000,102F,3035,2026-05-21
合庫西台,199.0,0,2000,102F,3035,2026-05-21
合庫西台,196.0,2000,0,102F,3035,2026-05-21
合庫桃園,205.0,0,1000,102E,3035,2026-05-21
合庫桃園,203.0,1000,0,102E,3035,2026-05-21
合庫桃園,201.0,0,5000,102E,3035,2026-05-21
合庫西台,208.0,0,1000,102F,3035,2026-05-21
合庫鳳山,201.5,1000,0,1029,3035,2026-05-21
合庫鳳山,200.0,0,2030,1029,3035,2026-05-21
合庫鳳山,198.0,0,3000,1029,3035,2026-05-21
合庫高雄,196.5,0,1000,1023,3035,2026-05-21
合庫台南,205.0,0,2000,1022,3035,2026-05-21
合庫台南,203.0,100,2000,1022,3035,2026-05-21
合庫台南,202.0,0,1500,1022,3035,2026-05-21
合庫台南,200.5,0,2000,1022,3035,2026-05-21
合庫台南,199.0,1000,100,1022,3035,2026-05-21
合庫台南,197.0,1000,0,1022,3035,2026-05-21
合庫高雄,199.0,1000,500,1023,3035,2026-05-21
合庫台中,208.0,1250,10200,1021,3035,2026-05-21
合庫台中,204.0,50,0,1021,3035,2026-05-21
合庫台中,202.5,0,100,1021,3035,2026-05-21
合庫台中,201.5,1000,5000,1021,3035,2026-05-21
合庫台中,200.5,4000,0,1021,3035,2026-05-21
合庫台中,199.5,0,1000,1021,3035,2026-05-21
合庫台中,198.5,1000,0,1021,3035,2026-05-21
合庫台中,197.5,0,1000,1021,3035,2026-05-21
合庫台中,205.0,0,100,1021,3035,2026-05-21
合庫,207.5,100,150,1020,3035,2026-05-21
合庫高雄,201.0,100,100,1023,3035,2026-05-21
合庫高雄,204.0,0,2000,1023,3035,2026-05-21
合庫彰化,204.5,0,4000,1028,3035,2026-05-21
合庫彰化,203.5,1000,0,1028,3035,2026-05-21
合庫彰化,202.5,0,2000,1028,3035,2026-05-21
合庫彰化,201.0,0,1000,1028,3035,2026-05-21
合庫彰化,199.0,0,1000,1028,3035,2026-05-21
合庫基隆,208.0,0,250,1025,3035,2026-05-21
合庫基隆,202.0,1000,0,1025,3035,2026-05-21
合庫高雄,203.0,1000,0,1023,3035,2026-05-21
合庫基隆,200.5,1000,0,1025,3035,2026-05-21
合庫嘉義,206.0,0,1000,1024,3035,2026-05-21
合庫嘉義,203.5,1000,0,1024,3035,2026-05-21
合庫嘉義,202.0,0,1100,1024,3035,2026-05-21
合庫嘉義,200.5,1000,3000,1024,3035,2026-05-21
合庫嘉義,198.5,0,1000,1024,3035,2026-05-21
台新安南,207.5,1000,0,9B2Z,3035,2026-05-21
合庫高雄,208.0,0,1005,1023,3035,2026-05-21
合庫基隆,198.0,0,53,1025,3035,2026-05-21
富邦木柵,200.0,23000,23000,961M,3035,2026-05-21
宏遠台南,202.5,100,0,126D,3035,2026-05-21
宏遠中和,198.0,1000,0,126H,3035,2026-05-21
第一台中,208.0,0,2000,5382,3035,2026-05-21
第一台中,207.0,0,1000,5382,3035,2026-05-21
第一台中,206.0,0,1000,5382,3035,2026-05-21
第一台中,203.5,0,5000,5382,3035,2026-05-21
第一台中,202.5,0,200,5382,3035,2026-05-21
第一台中,201.5,1000,2000,5382,3035,2026-05-21
第一台中,200.5,6000,3000,5382,3035,2026-05-21
第一台中,199.5,4051,1000,5382,3035,2026-05-21
第一台中,198.5,1000,0,5382,3035,2026-05-21
第一台中,197.5,1000,3000,5382,3035,2026-05-21
第一員林,206.5,0,1000,5381,3035,2026-05-21
第一員林,204.5,20,0,5381,3035,2026-05-21
第一員林,201.5,2000,2051,5381,3035,2026-05-21
第一員林,200.5,1000,103,5381,3035,2026-05-21
第一員林,199.0,2000,1000,5381,3035,2026-05-21
第一高雄,197.0,1000,0,5383,3035,2026-05-21
第一高雄,199.0,1000,0,5383,3035,2026-05-21
第一高雄,200.5,0,3000,5383,3035,2026-05-21
第一高雄,201.5,0,5000,5383,3035,2026-05-21
第一桃園,206.5,0,1000,5385,3035,2026-05-21
第一桃園,205.0,0,3000,5385,3035,2026-05-21
第一桃園,202.0,2000,0,5385,3035,2026-05-21
第一桃園,201.0,1000,2000,5385,3035,2026-05-21
第一桃園,200.0,0,350,5385,3035,2026-05-21
第一桃園,199.0,1000,0,5385,3035,2026-05-21
第一桃園,196.0,0,2000,5385,3035,2026-05-21
第一員林,198.0,0,70,5381,3035,2026-05-21
第一台南,207.0,0,2000,5384,3035,2026-05-21
第一台南,203.5,1000,0,5384,3035,2026-05-21
第一台南,202.0,3000,0,5384,3035,2026-05-21
第一台南,200.0,300,1180,5384,3035,2026-05-21
第一台南,199.0,1210,2000,5384,3035,2026-05-21
第一高雄,205.0,0,2000,5383,3035,2026-05-21
第一高雄,204.0,0,2400,5383,3035,2026-05-21
第一高雄,202.5,0,35,5383,3035,2026-05-21
第一台南,204.5,0,1000,5384,3035,2026-05-21
第一員林,196.0,0,1000,5381,3035,2026-05-21
第一金證,207.5,0,3000,5380,3035,2026-05-21
第一金證,206.0,0,1,5380,3035,2026-05-21
高橋龍潭,199.0,1000,0,5321,3035,2026-05-21
高橋,207.5,2000,0,5320,3035,2026-05-21
高橋,205.5,0,2000,5320,3035,2026-05-21
高橋,204.5,0,1000,5320,3035,2026-05-21
高橋,202.0,0,2100,5320,3035,2026-05-21
高橋,198.5,0,1000,5320,3035,2026-05-21
高橋,197.5,1000,0,5320,3035,2026-05-21
高橋龍潭,200.5,0,4000,5321,3035,2026-05-21
高橋,196.5,0,4000,5320,3035,2026-05-21
美好富順,208.0,0,2000,526K,3035,2026-05-21
美好富順,206.0,0,2000,526K,3035,2026-05-21
美好富順,203.0,0,1000,526K,3035,2026-05-21
美好富順,201.5,132,10,526K,3035,2026-05-21
美好富順,200.5,0,1000,526K,3035,2026-05-21
美好富順,198.0,1000,0,526K,3035,2026-05-21
美好中和,202.0,1000,0,526A,3035,2026-05-21
美好市政,208.0,0,1000,526M,3035,2026-05-21
第一桃園,208.0,0,5230,5385,3035,2026-05-21
高橋龍潭,201.5,0,100,5321,3035,2026-05-21
高橋龍潭,204.5,0,1000,5321,3035,2026-05-21
第一金證,204.0,0,2001,5380,3035,2026-05-21
第一金證,203.0,25,5000,5380,3035,2026-05-21
第一金證,202.0,0,5000,5380,3035,2026-05-21
第一金證,201.0,0,12000,5380,3035,2026-05-21
第一金證,200.0,1000,10100,5380,3035,2026-05-21
第一金證,199.0,0,12000,5380,3035,2026-05-21
第一金證,198.0,0,3000,5380,3035,2026-05-21
高橋龍潭,203.0,3000,0,5321,3035,2026-05-21
第一金證,197.0,0,1000,5380,3035,2026-05-21
高橋內壢,208.0,0,2000,5323,3035,2026-05-21
高橋內壢,204.0,0,1000,5323,3035,2026-05-21
高橋內壢,199.5,0,2000,5323,3035,2026-05-21
高橋中壢,208.0,0,3010,5322,3035,2026-05-21
高橋中壢,203.0,1000,0,5322,3035,2026-05-21
高橋中壢,197.5,0,1000,5322,3035,2026-05-21
高橋中壢,196.0,0,5000,5322,3035,2026-05-21
第一金證,196.0,6000,1000,5380,3035,2026-05-21
美好中和,199.0,1000,0,526A,3035,2026-05-21
第一彰化,199.0,0,302,5386,3035,2026-05-21
第一彰化,205.0,0,1000,5386,3035,2026-05-21
第一稻埕,200.5,0,3000,538F,3035,2026-05-21
第一稻埕,199.0,2000,0,538F,3035,2026-05-21
第一自由,208.0,1000,10102,538E,3035,2026-05-21
第一自由,204.5,0,150,538E,3035,2026-05-21
第一自由,203.5,1000,0,538E,3035,2026-05-21
第一自由,201.0,1100,1070,538E,3035,2026-05-21
第一自由,200.0,1000,200,538E,3035,2026-05-21
第一自由,199.0,1000,1000,538E,3035,2026-05-21
第一自由,196.5,1000,0,538E,3035,2026-05-21
第一忠孝,205.0,0,2000,538D,3035,2026-05-21
第一忠孝,203.5,20,2000,538D,3035,2026-05-21
第一忠孝,201.5,0,2200,538D,3035,2026-05-21
第一忠孝,200.5,2000,1100,538D,3035,2026-05-21
第一忠孝,199.5,2000,23000,538D,3035,2026-05-21
第一忠孝,198.0,0,1000,538D,3035,2026-05-21
第一稻埕,204.0,1000,3000,538F,3035,2026-05-21
第一頭份,196.0,1000,0,538I,3035,2026-05-21
第一頭份,197.5,1000,0,538I,3035,2026-05-21
第一頭份,198.5,1000,0,538I,3035,2026-05-21
第一豐原,199.5,0,10006,538N,3035,2026-05-21
第一豐原,198.0,0,1000,538N,3035,2026-05-21
第一豐原,196.0,0,1000,538N,3035,2026-05-21
第一嘉義,208.0,0,1000,538M,3035,2026-05-21
第一嘉義,203.0,0,3050,538M,3035,2026-05-21
第一嘉義,202.0,0,1000,538M,3035,2026-05-21
第一嘉義,199.5,0,11000,538M,3035,2026-05-21
第一忠孝,196.5,1000,0,538D,3035,2026-05-21
第一嘉義,198.5,3000,0,538M,3035,2026-05-21
第一安和,203.0,100,1000,538j,3035,2026-05-21
第一安和,199.0,0,60,538j,3035,2026-05-21
第一安和,196.0,1000,0,538j,3035,2026-05-21
第一頭份,205.5,0,1000,538I,3035,2026-05-21
第一頭份,202.5,1000,0,538I,3035,2026-05-21
第一頭份,200.5,4000,0,538I,3035,2026-05-21
第一頭份,199.5,0,11000,538I,3035,2026-05-21
第一安和,208.0,0,1000,538j,3035,2026-05-21
第一光復,208.0,1000,5000,538C,3035,2026-05-21
第一光復,204.5,1000,0,538C,3035,2026-05-21
第一光復,202.5,1000,0,538C,3035,2026-05-21
第一新興,201.5,0,2000,538A,3035,2026-05-21
第一新興,200.0,2000,1,538A,3035,2026-05-21
第一新興,199.0,1000,20,538A,3035,2026-05-21
第一新興,196.5,0,1000,538A,3035,2026-05-21
第一中山,208.0,0,1000,5389,3035,2026-05-21
第一中山,200.5,0,3000,5389,3035,2026-05-21
第一中山,199.0,12,0,5389,3035,2026-05-21
第一新興,202.5,0,1005,538A,3035,2026-05-21
第一澎湖,208.0,0,1000,5387,3035,2026-05-21
第一澎湖,204.0,0,1000,5387,3035,2026-05-21
第一澎湖,202.5,300,2000,5387,3035,2026-05-21
第一澎湖,201.0,0,100,5387,3035,2026-05-21
第一澎湖,200.0,0,1000,5387,3035,2026-05-21
第一澎湖,199.0,4100,3050,5387,3035,2026-05-21
第一澎湖,196.5,0,2000,5387,3035,2026-05-21
第一彰化,207.5,0,1000,5386,3035,2026-05-21
第一澎湖,205.5,0,1000,5387,3035,2026-05-21
第一彰化,200.5,1000,0,5386,3035,2026-05-21
第一新興,203.5,1000,0,538A,3035,2026-05-21
第一新興,205.5,0,1000,538A,3035,2026-05-21
第一光復,201.5,0,1000,538C,3035,2026-05-21
第一光復,200.5,1000,1000,538C,3035,2026-05-21
第一光復,199.0,0,4000,538C,3035,2026-05-21
第一新竹,208.0,0,2000,538B,3035,2026-05-21
第一新竹,206.5,1000,0,538B,3035,2026-05-21
第一新竹,205.0,0,50,538B,3035,2026-05-21
第一新竹,204.0,0,3000,538B,3035,2026-05-21
第一新興,204.5,0,1000,538A,3035,2026-05-21
第一新竹,202.5,0,100,538B,3035,2026-05-21
第一新竹,200.0,5000,2200,538B,3035,2026-05-21
第一新竹,199.0,3000,2000,538B,3035,2026-05-21
第一新竹,198.0,1000,1000,538B,3035,2026-05-21
第一新竹,197.0,0,1000,538B,3035,2026-05-21
第一新竹,196.0,1000,0,538B,3035,2026-05-21
第一新興,208.0,0,2110,538A,3035,2026-05-21
第一新興,206.5,0,2000,538A,3035,2026-05-21
第一新竹,201.5,0,100,538B,3035,2026-05-21
宏遠台南,207.5,50,1000,126D,3035,2026-05-21
美好台南,202.0,0,100,5268,3035,2026-05-21
美好基隆,199.5,1000,0,5267,3035,2026-05-21
美商高盛,198.5,3000,8000,1480,3035,2026-05-21
台灣摩根,208.0,164000,0,1470,3035,2026-05-21
台灣摩根,206.5,20000,0,1470,3035,2026-05-21
台灣摩根,205.5,5000,0,1470,3035,2026-05-21
台灣摩根,204.5,139000,0,1470,3035,2026-05-21
台灣摩根,203.5,160000,0,1470,3035,2026-05-21
台灣摩根,202.5,194000,16000,1470,3035,2026-05-21
台灣摩根,201.5,205000,11000,1470,3035,2026-05-21
台灣摩根,200.5,191000,16000,1470,3035,2026-05-21
台灣摩根,199.5,105000,23000,1470,3035,2026-05-21
台灣摩根,198.5,162000,34000,1470,3035,2026-05-21
台灣摩根,197.5,2000,18000,1470,3035,2026-05-21
台灣摩根,196.5,6000,24000,1470,3035,2026-05-21
台灣摩根,195.5,8000,13000,1470,3035,2026-05-21
美林,205.5,2000,0,1440,3035,2026-05-21
美商高盛,199.5,36000,10000,1480,3035,2026-05-21
美商高盛,200.5,30000,3000,1480,3035,2026-05-21
美商高盛,201.5,70000,25000,1480,3035,2026-05-21
美商高盛,202.5,26000,0,1480,3035,2026-05-21
瑞銀,204.5,36000,2000,1650,3035,2026-05-21
瑞銀,203.5,51000,1000,1650,3035,2026-05-21
瑞銀,202.5,52000,20000,1650,3035,2026-05-21
瑞銀,201.5,139000,0,1650,3035,2026-05-21
瑞銀,200.5,41000,2000,1650,3035,2026-05-21
瑞銀,199.5,14000,4000,1650,3035,2026-05-21
瑞銀,198.5,1000,2000,1650,3035,2026-05-21
美林,204.0,7000,0,1440,3035,2026-05-21
瑞銀,196.5,46000,0,1650,3035,2026-05-21
港商野村,201.5,168000,1000,1560,3035,2026-05-21
港商野村,200.5,0,25000,1560,3035,2026-05-21
港商野村,199.5,0,34000,1560,3035,2026-05-21
美商高盛,208.0,168000,13000,1480,3035,2026-05-21
美商高盛,206.5,39000,0,1480,3035,2026-05-21
美商高盛,204.5,1000,1000,1480,3035,2026-05-21
美商高盛,203.5,158000,0,1480,3035,2026-05-21
港商野村,204.0,0,3000,1560,3035,2026-05-21
美林,203.0,24000,0,1440,3035,2026-05-21
美林,202.0,56000,0,1440,3035,2026-05-21
美林,201.0,193000,26000,1440,3035,2026-05-21
宏遠台中,207.5,2000,0,126L,3035,2026-05-21
宏遠台中,203.5,0,1000,126L,3035,2026-05-21
宏遠台中,201.5,1000,2000,126L,3035,2026-05-21
宏遠台中,200.0,1000,1500,126L,3035,2026-05-21
宏遠台中,196.0,0,12000,126L,3035,2026-05-21
宏遠光隆,207.5,1000,0,126i,3035,2026-05-21
宏遠光隆,202.5,500,0,126i,3035,2026-05-21
宏遠高雄,195.5,2000,0,126Q,3035,2026-05-21
宏遠光隆,200.5,0,2000,126i,3035,2026-05-21
宏遠光隆,198.5,0,1000,126i,3035,2026-05-21
宏遠中和,206.0,0,1000,126H,3035,2026-05-21
宏遠中和,204.5,0,499,126H,3035,2026-05-21
宏遠中和,203.5,1000,0,126H,3035,2026-05-21
宏遠中和,201.0,0,2000,126H,3035,2026-05-21
宏遠中和,200.0,1000,2001,126H,3035,2026-05-21
宏遠中和,199.0,1000,0,126H,3035,2026-05-21
宏遠光隆,199.5,200,1000,126i,3035,2026-05-21
瑞銀,205.5,199000,0,1650,3035,2026-05-21
宏遠高雄,199.0,0,2000,126Q,3035,2026-05-21
宏遠高雄,201.5,3000,0,126Q,3035,2026-05-21
美林,200.0,115000,0,1440,3035,2026-05-21
美林,199.0,83000,1000,1440,3035,2026-05-21
美林,196.0,0,1000,1440,3035,2026-05-21
港麥格理,200.5,1000,0,1360,3035,2026-05-21
港麥格理,198.0,1000,0,1360,3035,2026-05-21
宏遠新化,208.0,0,3000,126X,3035,2026-05-21
宏遠新化,203.5,0,3000,126X,3035,2026-05-21
宏遠高雄,200.0,1000,0,126Q,3035,2026-05-21
宏遠新化,201.0,0,1000,126X,3035,2026-05-21
宏遠館前,208.0,0,2000,126U,3035,2026-05-21
宏遠館前,204.5,0,1000,126U,3035,2026-05-21
宏遠館前,203.5,2000,1000,126U,3035,2026-05-21
宏遠館前,201.0,0,1000,126U,3035,2026-05-21
宏遠館前,199.5,0,1000,126U,3035,2026-05-21
宏遠館前,196.0,0,1000,126U,3035,2026-05-21
宏遠高雄,204.5,0,1000,126Q,3035,2026-05-21
宏遠新化,200.0,1000,0,126X,3035,2026-05-21
美好基隆,201.5,1000,2000,5267,3035,2026-05-21
亞東,196.5,1000,0,2180,3035,2026-05-21
亞東,198.5,100,0,2180,3035,2026-05-21
美好楊梅,203.5,1000,1000,5262,3035,2026-05-21
美好楊梅,202.0,0,1000,5262,3035,2026-05-21
美好楊梅,201.0,1000,2100,5262,3035,2026-05-21
美好楊梅,200.0,3000,1050,5262,3035,2026-05-21
美好楊梅,199.0,0,1000,5262,3035,2026-05-21
美好楊梅,198.0,1000,0,5262,3035,2026-05-21
美好楊梅,196.0,0,1000,5262,3035,2026-05-21
美好蘆洲,208.0,0,5000,5261,3035,2026-05-21
美好蘆洲,205.0,0,2000,5261,3035,2026-05-21
美好蘆洲,203.0,0,2000,5261,3035,2026-05-21
美好蘆洲,201.5,1000,0,5261,3035,2026-05-21
美好蘆洲,200.5,0,1000,5261,3035,2026-05-21
美好蘆洲,199.5,4000,1031,5261,3035,2026-05-21
美好,207.5,0,1000,5260,3035,2026-05-21
美好,206.5,0,1000,5260,3035,2026-05-21
美好楊梅,204.5,1000,5100,5262,3035,2026-05-21
美好楊梅,207.5,1000,0,5262,3035,2026-05-21
美好泰山,195.0,0,5000,5263,3035,2026-05-21
美好泰山,196.0,0,1000,5263,3035,2026-05-21
美好中壢,205.0,0,1300,5266,3035,2026-05-21
美好中壢,201.5,0,100,5266,3035,2026-05-21
美好中壢,200.5,1000,1000,5266,3035,2026-05-21
美好中壢,199.0,1000,1000,5266,3035,2026-05-21
美好中壢,196.5,1000,0,5266,3035,2026-05-21
美好苗栗,207.5,1000,0,5265,3035,2026-05-21
美好苗栗,204.0,1000,0,5265,3035,2026-05-21
美好,205.5,0,1000,5260,3035,2026-05-21
美好苗栗,202.5,0,1000,5265,3035,2026-05-21
美好苗栗,199.0,1000,0,5265,3035,2026-05-21
美好高雄,201.0,200,0,5264,3035,2026-05-21
美好泰山,206.0,0,1000,5263,3035,2026-05-21
美好泰山,204.5,0,3000,5263,3035,2026-05-21
美好泰山,201.5,0,1000,5263,3035,2026-05-21
美好泰山,199.5,0,2050,5263,3035,2026-05-21
美好泰山,198.5,2000,0,5263,3035,2026-05-21
美好苗栗,200.5,1000,2000,5265,3035,2026-05-21
美好,204.5,18000,0,5260,3035,2026-05-21
美好,202.5,1000,0,5260,3035,2026-05-21
美好,201.5,1000,0,5260,3035,2026-05-21
亞東新竹,201.5,3000,2000,2184,3035,2026-05-21
亞東新竹,200.5,0,600,2184,3035,2026-05-21
亞東新竹,199.5,2000,2000,2184,3035,2026-05-21
亞東新竹,196.5,0,3000,2184,3035,2026-05-21
亞東板橋,208.0,0,3000,2181,3035,2026-05-21
亞東板橋,207.0,0,1000,2181,3035,2026-05-21
亞東板橋,204.5,100,0,2181,3035,2026-05-21
亞東新竹,203.5,0,1000,2184,3035,2026-05-21
亞東板橋,203.0,100,1000,2181,3035,2026-05-21
亞東板橋,200.0,0,2700,2181,3035,2026-05-21
亞東板橋,199.0,1300,0,2181,3035,2026-05-21
亞東,208.0,0,3006,2180,3035,2026-05-21
亞東,203.0,0,100,2180,3035,2026-05-21
亞東,201.5,0,4200,2180,3035,2026-05-21
亞東,200.5,0,4000,2180,3035,2026-05-21
亞東,199.5,0,4000,2180,3035,2026-05-21
亞東板橋,202.0,0,5100,2181,3035,2026-05-21
亞東,197.5,1000,0,2180,3035,2026-05-21
亞東新竹,208.0,0,2000,2184,3035,2026-05-21
亞東台南,200.5,1000,0,2185,3035,2026-05-21
美好,200.5,1000,1000,5260,3035,2026-05-21
美好,199.5,2000,0,5260,3035,2026-05-21
美好,198.5,1000,0,5260,3035,2026-05-21
美好,197.0,1000,0,5260,3035,2026-05-21
大展台南,207.5,0,1000,5058,3035,2026-05-21
大展台南,203.5,1000,1000,5058,3035,2026-05-21
大展台南,202.0,0,1000,5058,3035,2026-05-21
亞東台南,197.0,2000,0,2185,3035,2026-05-21
大展台南,200.0,0,1000,5058,3035,2026-05-21
大展,200.0,0,2000,5050,3035,2026-05-21
大展,198.5,2000,0,5050,3035,2026-05-21
亞東台中,208.0,0,550,2187,3035,2026-05-21
亞東台中,205.5,0,1000,2187,3035,2026-05-21
亞東台中,200.0,1000,14,2187,3035,2026-05-21
亞東台南,208.0,0,4000,2185,3035,2026-05-21
亞東台南,201.5,100,0,2185,3035,2026-05-21
大展台南,197.5,1000,0,5058,3035,2026-05-21
台新安南,206.5,0,1000,9B2Z,3035,2026-05-21
元大蘆中,195.5,1000,0,989I,3035,2026-05-21
合庫,198.5,1000,18,1020,3035,2026-05-21
元大清水,204.0,100,100,980e,3035,2026-05-21
元大清水,203.0,222,0,980e,3035,2026-05-21
元大清水,201.5,11,2000,980e,3035,2026-05-21
元大清水,200.5,1000,0,980e,3035,2026-05-21
元大清水,199.5,1222,1000,980e,3035,2026-05-21
元大清水,198.5,100,0,980e,3035,2026-05-21
元大清水,196.0,1000,0,980e,3035,2026-05-21
元大北府,207.5,1000,1000,980D,3035,2026-05-21
元大北府,205.0,4000,1000,980D,3035,2026-05-21
元大北府,204.0,3000,200,980D,3035,2026-05-21
元大北府,203.0,1000,0,980D,3035,2026-05-21
元大北府,201.5,0,1100,980D,3035,2026-05-21
元大北府,200.5,50,3000,980D,3035,2026-05-21
元大北府,199.5,1000,1211,980D,3035,2026-05-21
元大北府,197.5,0,1000,980D,3035,2026-05-21
元大清水,205.0,0,1100,980e,3035,2026-05-21
元大清水,207.5,0,1000,980e,3035,2026-05-21
元大台北,195.5,0,7000,980h,3035,2026-05-21
元大台北,198.0,1052,112,980h,3035,2026-05-21
元大虎尾,198.0,0,1000,980l,3035,2026-05-21
元大虎尾,196.5,2000,0,980l,3035,2026-05-21
元大竹科,207.5,0,1051,980K,3035,2026-05-21
元大竹科,205.0,1000,0,980K,3035,2026-05-21
元大竹科,204.0,0,25,980K,3035,2026-05-21
元大竹科,203.0,0,76,980K,3035,2026-05-21
元大竹科,201.5,5,2007,980K,3035,2026-05-21
元大沙鹿,208.0,1000,0,980d,3035,2026-05-21
元大竹科,200.5,1000,1000,980K,3035,2026-05-21
元大竹科,198.0,26,1000,980K,3035,2026-05-21
元大台北,208.0,0,2505,980h,3035,2026-05-21
元大台北,204.0,0,1000,980h,3035,2026-05-21
元大台北,202.5,0,1000,980h,3035,2026-05-21
元大台北,201.5,130,0,980h,3035,2026-05-21
元大台北,200.5,0,500,980h,3035,2026-05-21
元大台北,199.5,1000,0,980h,3035,2026-05-21
元大竹科,199.5,1000,4250,980K,3035,2026-05-21
元大虎尾,200.0,1100,0,980l,3035,2026-05-21
元大沙鹿,205.0,0,3010,980d,3035,2026-05-21
元大沙鹿,203.0,9000,2000,980d,3035,2026-05-21
元大中北,201.0,200,1410,980a,3035,2026-05-21
元大中北,200.0,20,1000,980a,3035,2026-05-21
元大中北,199.0,2000,200,980a,3035,2026-05-21
元大中北,198.0,1000,0,980a,3035,2026-05-21
元大中北,196.0,1000,0,980a,3035,2026-05-21
元大松江,207.5,1000,1000,9801,3035,2026-05-21
元大松江,204.5,1000,0,9801,3035,2026-05-21
元大松江,203.0,10,0,9801,3035,2026-05-21
元大松江,202.0,5000,150,9801,3035,2026-05-21
元大松江,201.0,0,1000,9801,3035,2026-05-21
元大松江,199.5,7007,5000,9801,3035,2026-05-21
元大,207.5,60028,3200,9800,3035,2026-05-21
元大,206.5,12000,31000,9800,3035,2026-05-21
元大,205.5,24002,10000,9800,3035,2026-05-21
元大,204.5,41380,151048,9800,3035,2026-05-21
元大中北,202.0,0,4010,980a,3035,2026-05-21
元大中北,203.5,2200,3000,980a,3035,2026-05-21
元大中北,204.5,0,3115,980a,3035,2026-05-21
元大中北,207.5,4000,0,980a,3035,2026-05-21
元大沙鹿,201.5,1000,3762,980d,3035,2026-05-21
元大沙鹿,200.5,4000,1200,980d,3035,2026-05-21
元大沙鹿,199.5,4180,0,980d,3035,2026-05-21
元大沙鹿,198.5,0,2000,980d,3035,2026-05-21
元大沙鹿,197.5,38000,0,980d,3035,2026-05-21
元大沙鹿,196.5,6000,0,980d,3035,2026-05-21
元大斗六,208.0,0,6000,980C,3035,2026-05-21
元大沙鹿,204.0,1020,7050,980d,3035,2026-05-21
元大斗六,205.0,1000,0,980C,3035,2026-05-21
元大斗六,203.0,10500,100,980C,3035,2026-05-21
元大斗六,202.0,0,5000,980C,3035,2026-05-21
元大斗六,201.0,1000,4012,980C,3035,2026-05-21
元大斗六,200.0,1000,0,980C,3035,2026-05-21
元大斗六,199.0,0,5500,980C,3035,2026-05-21
元大斗六,198.0,0,3000,980C,3035,2026-05-21
元大斗六,196.0,1000,0,980C,3035,2026-05-21
元大斗六,204.0,25,0,980C,3035,2026-05-21
元大虎尾,201.0,3000,1050,980l,3035,2026-05-21
元大虎尾,202.5,0,1000,980l,3035,2026-05-21
元大虎尾,203.5,2000,0,980l,3035,2026-05-21
元大大灣,208.0,50,200,9815,3035,2026-05-21
元大大灣,207.0,0,1000,9815,3035,2026-05-21
元大大灣,204.5,4,1000,9815,3035,2026-05-21
元大大灣,202.5,112,0,9815,3035,2026-05-21
元大大灣,201.5,58,0,9815,3035,2026-05-21
元大大灣,200.5,140,0,9815,3035,2026-05-21
元大大灣,199.5,1023,1000,9815,3035,2026-05-21
元大大益,208.0,0,3000,9814,3035,2026-05-21
元大大益,204.0,0,2000,9814,3035,2026-05-21
元大大益,203.0,1000,2000,9814,3035,2026-05-21
元大大益,202.0,0,3000,9814,3035,2026-05-21
元大大益,201.0,20,0,9814,3035,2026-05-21
元大大益,200.0,0,1000,9814,3035,2026-05-21
元大大益,198.0,0,2000,9814,3035,2026-05-21
元大大益,196.5,1000,0,9814,3035,2026-05-21
元大新竹,196.0,0,1000,9816,3035,2026-05-21
元大新竹,199.5,7000,0,9816,3035,2026-05-21
元大新竹,200.5,0,6000,9816,3035,2026-05-21
元大新竹,201.5,20,0,9816,3035,2026-05-21
元大歸仁,204.5,1000,10,981a,3035,2026-05-21
元大歸仁,203.0,0,1200,981a,3035,2026-05-21
元大歸仁,201.5,1005,0,981a,3035,2026-05-21
元大歸仁,200.0,50,1030,981a,3035,2026-05-21
元大歸仁,199.0,0,1000,981a,3035,2026-05-21
元大東泰,208.0,0,2020,9817,3035,2026-05-21
元大東泰,204.0,0,7000,9817,3035,2026-05-21
元大大益,195.5,1000,0,9814,3035,2026-05-21
元大東泰,203.0,1000,1000,9817,3035,2026-05-21
元大東泰,200.0,2000,2000,9817,3035,2026-05-21
元大東泰,199.0,2000,0,9817,3035,2026-05-21
元大東泰,198.0,10,3000,9817,3035,2026-05-21
元大東泰,196.5,1000,0,9817,3035,2026-05-21
元大新竹,208.0,0,1200,9816,3035,2026-05-21
元大新竹,205.0,0,3000,9816,3035,2026-05-21
元大新竹,204.0,100,0,9816,3035,2026-05-21
元大東泰,201.5,1000,6000,9817,3035,2026-05-21
元大中崙,207.5,4000,0,9813,3035,2026-05-21
元大中崙,205.5,0,25,9813,3035,2026-05-21
元大中崙,204.5,5,0,9813,3035,2026-05-21
元大府城,202.0,0,1500,980u,3035,2026-05-21
元大府城,201.0,1000,0,980u,3035,2026-05-21
元大府城,200.0,1000,0,980u,3035,2026-05-21
元大府城,199.0,0,27,980u,3035,2026-05-21
元大府城,197.5,0,1000,980u,3035,2026-05-21
元大信安,208.0,15000,4000,980R,3035,2026-05-21
元大信安,201.0,0,1000,980R,3035,2026-05-21
元大府城,204.0,2000,1000,980u,3035,2026-05-21
元大南崁,208.0,0,14000,980Q,3035,2026-05-21
元大南崁,204.0,0,10,980Q,3035,2026-05-21
元大南崁,203.0,0,1000,980Q,3035,2026-05-21
元大南崁,202.0,0,2000,980Q,3035,2026-05-21
元大南崁,200.5,2000,4038,980Q,3035,2026-05-21
元大南崁,199.5,0,2000,980Q,3035,2026-05-21
元大虎尾,207.5,4000,2000,980l,3035,2026-05-21
元大虎尾,205.0,0,300,980l,3035,2026-05-21
元大南崁,205.5,0,1000,980Q,3035,2026-05-21
台新安南,208.0,0,5008,9B2Z,3035,2026-05-21
元大府城,207.5,38,0,980u,3035,2026-05-21
元大西屯,199.5,4000,2000,980w,3035,2026-05-21
元大中崙,203.5,0,2100,9813,3035,2026-05-21
元大中崙,202.5,1000,1000,9813,3035,2026-05-21
元大中崙,201.0,0,1205,9813,3035,2026-05-21
元大中崙,198.5,1000,0,9813,3035,2026-05-21
元大台中,207.5,0,2000,9812,3035,2026-05-21
元大台中,204.5,0,1400,9812,3035,2026-05-21
元大台中,203.5,0,1000,9812,3035,2026-05-21
元大西屯,196.0,1000,0,980w,3035,2026-05-21
元大台中,202.5,300,1000,9812,3035,2026-05-21
元大台中,200.0,2200,0,9812,3035,2026-05-21
元大台中,199.0,1025,0,9812,3035,2026-05-21
元大台中,197.0,1000,0,9812,3035,2026-05-21
元大西屯,208.0,0,100,980w,3035,2026-05-21
元大西屯,204.0,0,11000,980w,3035,2026-05-21
元大西屯,202.0,1007,0,980w,3035,2026-05-21
元大西屯,200.5,2000,0,980w,3035,2026-05-21
元大台中,201.5,150,1070,9812,3035,2026-05-21
元大,202.5,23000,81025,9800,3035,2026-05-21
元大,201.5,94214,120000,9800,3035,2026-05-21
元大,200.5,143405,163000,9800,3035,2026-05-21
富邦桃園,201.5,0,4000,9665,3035,2026-05-21
富邦桃園,200.5,4000,150,9665,3035,2026-05-21
富邦桃園,199.0,1106,3080,9665,3035,2026-05-21
富邦桃園,198.0,20000,0,9665,3035,2026-05-21
富邦桃園,196.0,0,6000,9665,3035,2026-05-21
富邦敦南,208.0,30,7300,9663,3035,2026-05-21
富邦敦南,205.0,0,1000,9663,3035,2026-05-21
富邦敦南,203.5,100,500,9663,3035,2026-05-21
富邦敦南,202.5,0,1000,9663,3035,2026-05-21
富邦敦南,201.5,50,2000,9663,3035,2026-05-21
富邦敦南,200.5,0,100,9663,3035,2026-05-21
富邦敦南,199.5,40,1000,9663,3035,2026-05-21
富邦敦南,198.5,0,1000,9663,3035,2026-05-21
富邦敦南,197.0,0,5000,9663,3035,2026-05-21
富邦敦南,196.0,0,1000,9663,3035,2026-05-21
富邦桃園,202.5,1000,200,9665,3035,2026-05-21
富邦桃園,203.5,1000,1000,9665,3035,2026-05-21
富邦桃園,204.5,2000,0,9665,3035,2026-05-21
富邦桃園,207.5,2000,1000,9665,3035,2026-05-21
富邦台南,203.0,2000,1000,9667,3035,2026-05-21
富邦台南,202.0,0,3102,9667,3035,2026-05-21
富邦台南,201.0,1250,2101,9667,3035,2026-05-21
富邦台南,200.0,0,201,9667,3035,2026-05-21
富邦台南,199.0,2001,1100,9667,3035,2026-05-21
富邦台南,197.5,0,2000,9667,3035,2026-05-21
富邦台南,195.5,0,1000,9667,3035,2026-05-21
富邦新店,207.5,0,1500,9661,3035,2026-05-21
富邦南屯,207.5,30000,0,9666,3035,2026-05-21
富邦南屯,203.5,2025,0,9666,3035,2026-05-21
富邦南屯,202.5,200,0,9666,3035,2026-05-21
富邦南屯,201.5,14,2000,9666,3035,2026-05-21
富邦南屯,200.5,10,5000,9666,3035,2026-05-21
富邦南屯,199.5,10,2015,9666,3035,2026-05-21
富邦南屯,198.5,0,1000,9666,3035,2026-05-21
富邦南屯,197.0,0,1000,9666,3035,2026-05-21
富邦南屯,205.5,1000,0,9666,3035,2026-05-21
富邦新店,205.0,1000,2010,9661,3035,2026-05-21
富邦新店,204.0,50,8000,9661,3035,2026-05-21
富邦新店,203.0,0,2000,9661,3035,2026-05-21
富邦台中,198.5,1000,145,965K,3035,2026-05-21
富邦台中,197.5,1000,1000,965K,3035,2026-05-21
富邦高雄,208.0,0,9030,9659,3035,2026-05-21
富邦高雄,206.5,0,2000,9659,3035,2026-05-21
富邦高雄,204.0,0,200,9659,3035,2026-05-21
富邦高雄,203.0,1000,2000,9659,3035,2026-05-21
富邦高雄,202.0,0,1000,9659,3035,2026-05-21
富邦台中,199.5,1000,3400,965K,3035,2026-05-21
富邦高雄,201.0,1001,1170,9659,3035,2026-05-21
富邦高雄,198.5,0,40,9659,3035,2026-05-21
富邦高雄,197.5,0,2000,9659,3035,2026-05-21
富邦建國,207.5,12000,0,9658,3035,2026-05-21
富邦建國,206.0,0,158000,9658,3035,2026-05-21
富邦建國,205.0,488,0,9658,3035,2026-05-21
富邦建國,203.5,2000,0,9658,3035,2026-05-21
富邦建國,202.5,0,1000,9658,3035,2026-05-21
富邦高雄,200.0,3000,4104,9659,3035,2026-05-21
富邦台南,204.0,0,4001,9667,3035,2026-05-21
富邦台中,200.5,4015,1030,965K,3035,2026-05-21
富邦台中,202.5,1100,1000,965K,3035,2026-05-21
富邦新店,202.0,2000,4000,9661,3035,2026-05-21
富邦新店,201.0,4000,10,9661,3035,2026-05-21
富邦新店,200.0,0,5025,9661,3035,2026-05-21
富邦新店,199.0,2000,1050,9661,3035,2026-05-21
富邦新店,198.0,64,0,9661,3035,2026-05-21
富邦新店,196.0,0,1000,9661,3035,2026-05-21
富邦彰化,205.0,0,1000,965U,3035,2026-05-21
富邦台中,201.5,2000,2100,965K,3035,2026-05-21
富邦彰化,202.0,0,100,965U,3035,2026-05-21
富邦彰化,199.0,0,4000,965U,3035,2026-05-21
富邦彰化,195.5,0,1000,965U,3035,2026-05-21
富邦台中,207.5,100,104,965K,3035,2026-05-21
富邦台中,206.5,0,100,965K,3035,2026-05-21
富邦台中,205.5,0,2000,965K,3035,2026-05-21
富邦台中,204.5,0,1200,965K,3035,2026-05-21
富邦台中,203.5,0,1010,965K,3035,2026-05-21
富邦彰化,201.0,1000,7000,965U,3035,2026-05-21
元大三峽,196.5,0,1000,981A,3035,2026-05-21
富邦台南,205.0,0,2001,9667,3035,2026-05-21
富邦台南,207.5,20,1,9667,3035,2026-05-21
富邦新營,199.0,10,1000,9693,3035,2026-05-21
富邦嘉義,208.0,17000,4235,9692,3035,2026-05-21
富邦嘉義,205.0,15,0,9692,3035,2026-05-21
富邦嘉義,204.0,2005,1015,9692,3035,2026-05-21
富邦嘉義,202.0,0,3008,9692,3035,2026-05-21
富邦嘉義,201.0,0,1005,9692,3035,2026-05-21
富邦嘉義,200.0,4000,2100,9692,3035,2026-05-21
富邦嘉義,199.0,500,1000,9692,3035,2026-05-21
富邦嘉義,198.0,1000,3100,9692,3035,2026-05-21
富邦嘉義,196.5,1000,1000,9692,3035,2026-05-21
富邦宜蘭,208.0,2000,3300,9686,3035,2026-05-21
富邦宜蘭,207.0,0,1000,9686,3035,2026-05-21
富邦宜蘭,205.0,0,2000,9686,3035,2026-05-21
富邦宜蘭,204.0,0,1303,9686,3035,2026-05-21
富邦宜蘭,203.0,0,1000,9686,3035,2026-05-21
富邦新營,200.5,0,2000,9693,3035,2026-05-21
富邦新營,202.0,0,1000,9693,3035,2026-05-21
富邦新營,204.0,5,100,9693,3035,2026-05-21
富邦虎尾,196.5,0,5000,9697,3035,2026-05-21
元大,199.5,67599,100367,9800,3035,2026-05-21
元大,198.5,21128,37302,9800,3035,2026-05-21
元大,197.5,18000,42000,9800,3035,2026-05-21
元大,196.5,28000,31000,9800,3035,2026-05-21
元大,195.5,3000,42000,9800,3035,2026-05-21
富邦北港,204.5,0,50,969C,3035,2026-05-21
富邦北港,202.5,1000,0,969C,3035,2026-05-21
富邦宜蘭,202.0,0,2100,9686,3035,2026-05-21
富邦北港,200.0,1100,0,969C,3035,2026-05-21
富邦虎尾,207.5,12000,0,9697,3035,2026-05-21
富邦虎尾,206.0,4000,0,9697,3035,2026-05-21
富邦虎尾,203.5,0,7000,9697,3035,2026-05-21
富邦虎尾,202.0,10,0,9697,3035,2026-05-21
富邦虎尾,201.0,0,4000,9697,3035,2026-05-21
富邦虎尾,200.0,0,11000,9697,3035,2026-05-21
富邦虎尾,198.0,0,132,9697,3035,2026-05-21
富邦北港,198.0,1,0,969C,3035,2026-05-21
富邦宜蘭,201.0,0,3000,9686,3035,2026-05-21
富邦宜蘭,200.0,0,6000,9686,3035,2026-05-21
富邦宜蘭,199.0,26,1005,9686,3035,2026-05-21
富邦仁愛,196.5,2000,1000,9676,3035,2026-05-21
富邦仁愛,195.5,2000,1000,9676,3035,2026-05-21
富邦員林,205.0,0,200,9672,3035,2026-05-21
富邦員林,203.5,0,2000,9672,3035,2026-05-21
富邦員林,202.5,3000,3138,9672,3035,2026-05-21
富邦員林,201.5,2000,1250,9672,3035,2026-05-21
富邦員林,200.5,0,1000,9672,3035,2026-05-21
富邦仁愛,197.5,3003,0,9676,3035,2026-05-21
富邦員林,199.5,1000,1100,9672,3035,2026-05-21
富邦員林,197.5,0,1000,9672,3035,2026-05-21
富邦員林,196.0,0,2000,9672,3035,2026-05-21
富邦左營,207.5,0,1000,966F,3035,2026-05-21
富邦左營,204.0,5000,1030,966F,3035,2026-05-21
富邦左營,202.0,2000,2565,966F,3035,2026-05-21
富邦左營,200.5,100,10,966F,3035,2026-05-21
富邦左營,198.5,1000,0,966F,3035,2026-05-21
富邦員林,198.5,30,0,9672,3035,2026-05-21
富邦台南,206.0,0,1001,9667,3035,2026-05-21
富邦仁愛,198.5,0,10000,9676,3035,2026-05-21
富邦仁愛,200.5,1000,2140,9676,3035,2026-05-21
富邦宜蘭,198.0,2000,3000,9686,3035,2026-05-21
富邦三重,208.0,2000,2399,9677,3035,2026-05-21
富邦三重,206.0,0,1000,9677,3035,2026-05-21
富邦三重,204.0,100,115,9677,3035,2026-05-21
富邦三重,203.0,100,1250,9677,3035,2026-05-21
富邦三重,202.0,0,1200,9677,3035,2026-05-21
富邦三重,201.0,50,2225,9677,3035,2026-05-21
富邦仁愛,199.5,1500,16000,9676,3035,2026-05-21
富邦三重,200.0,2200,1995,9677,3035,2026-05-21
富邦三重,197.5,0,1000,9677,3035,2026-05-21
富邦仁愛,208.0,100,18050,9676,3035,2026-05-21
富邦仁愛,206.0,0,2000,9676,3035,2026-05-21
富邦仁愛,204.5,0,300,9676,3035,2026-05-21
富邦仁愛,203.5,2000,1000,9676,3035,2026-05-21
富邦仁愛,202.5,100,0,9676,3035,2026-05-21
富邦仁愛,201.5,3000,3000,9676,3035,2026-05-21
富邦三重,199.0,0,500,9677,3035,2026-05-21
元大三峽,199.0,0,1000,981A,3035,2026-05-21
元大三峽,200.5,0,1000,981A,3035,2026-05-21
元大三峽,202.5,1000,0,981A,3035,2026-05-21
元大向上,196.0,0,2000,9824,3035,2026-05-21
元大學府,206.0,0,30,9822,3035,2026-05-21
元大學府,204.5,0,10,9822,3035,2026-05-21
元大學府,203.5,1000,0,9822,3035,2026-05-21
元大學府,202.0,0,1000,9822,3035,2026-05-21
元大學府,201.0,0,10,9822,3035,2026-05-21
元大學府,200.0,1000,150,9822,3035,2026-05-21
元大學府,197.0,0,1000,9822,3035,2026-05-21
元大潮州,206.0,0,1000,981Z,3035,2026-05-21
元大潮州,203.5,1000,1000,981Z,3035,2026-05-21
元大潮州,202.0,0,3000,981Z,3035,2026-05-21
元大潮州,201.0,5000,1000,981Z,3035,2026-05-21
元大潮州,200.0,0,1000,981Z,3035,2026-05-21
元大潮州,199.0,1000,0,981Z,3035,2026-05-21
元大潮州,197.5,1000,0,981Z,3035,2026-05-21
元大向上,201.5,4000,600,9824,3035,2026-05-21
元大向上,203.0,1000,0,9824,3035,2026-05-21
元大向上,204.0,0,1000,9824,3035,2026-05-21
元大向上,207.5,0,1000,9824,3035,2026-05-21
元大羅東,198.5,0,2000,982A,3035,2026-05-21
元大羅東,197.5,9000,0,982A,3035,2026-05-21
元大永康,208.0,0,1100,9829,3035,2026-05-21
元大永康,205.0,0,2000,9829,3035,2026-05-21
元大永康,202.0,1000,1000,9829,3035,2026-05-21
元大永康,201.0,1030,20,9829,3035,2026-05-21
元大永康,200.0,0,2000,9829,3035,2026-05-21
元大大統,208.0,0,5000,981z,3035,2026-05-21
元大永康,199.0,0,1000,9829,3035,2026-05-21
元大新營,205.0,0,1000,9825,3035,2026-05-21
元大新營,203.5,0,1000,9825,3035,2026-05-21
元大新營,202.5,0,2000,9825,3035,2026-05-21
元大新營,201.5,2000,1000,9825,3035,2026-05-21
元大新營,200.5,0,3008,9825,3035,2026-05-21
元大新營,199.5,2000,1000,9825,3035,2026-05-21
元大新營,198.5,1000,0,9825,3035,2026-05-21
元大新營,208.0,4000,2140,9825,3035,2026-05-21
元大大統,204.0,0,5000,981z,3035,2026-05-21
元大大統,203.0,2000,0,981z,3035,2026-05-21
元大大統,201.5,0,1000,981z,3035,2026-05-21
元大華山,201.5,0,2000,981U,3035,2026-05-21
元大華山,200.5,1,0,981U,3035,2026-05-21
元大華山,197.5,0,1000,981U,3035,2026-05-21
元大崇德,207.5,1000,0,981S,3035,2026-05-21
元大崇德,204.5,1000,0,981S,3035,2026-05-21
元大崇德,203.5,0,1000,981S,3035,2026-05-21
元大崇德,202.5,1000,0,981S,3035,2026-05-21
元大華山,204.0,2000,7,981U,3035,2026-05-21
元大崇德,201.5,0,8000,981S,3035,2026-05-21
元大崇德,199.0,0,200,981S,3035,2026-05-21
元大崇德,198.0,3000,0,981S,3035,2026-05-21
元大崇德,195.5,1000,0,981S,3035,2026-05-21
元大竹山,205.5,0,1000,981R,3035,2026-05-21
元大竹山,204.0,1000,100,981R,3035,2026-05-21
元大竹山,202.5,1000,0,981R,3035,2026-05-21
元大竹山,201.5,0,9,981R,3035,2026-05-21
元大崇德,200.0,0,50,981S,3035,2026-05-21
元大羅東,199.5,5000,1000,982A,3035,2026-05-21
元大華山,208.0,0,1007,981U,3035,2026-05-21
元大民雄,201.0,0,2,981V,3035,2026-05-21
元大大統,200.5,0,1022,981z,3035,2026-05-21
元大大統,199.5,0,12000,981z,3035,2026-05-21
元大大統,196.0,1000,0,981z,3035,2026-05-21
元大善化,207.5,1000,1000,981y,3035,2026-05-21
元大善化,205.0,0,2200,981y,3035,2026-05-21
元大善化,203.5,200,0,981y,3035,2026-05-21
元大善化,202.5,0,2000,981y,3035,2026-05-21
元大民雄,196.5,0,1000,981V,3035,2026-05-21
元大善化,201.5,0,3000,981y,3035,2026-05-21
元大善化,199.5,3000,2000,981y,3035,2026-05-21
元大善化,198.0,0,10000,981y,3035,2026-05-21
元大新生,208.0,0,1000,981X,3035,2026-05-21
元大新生,201.5,0,1000,981X,3035,2026-05-21
元大新生,196.0,0,1000,981X,3035,2026-05-21
元大民雄,203.5,2000,0,981V,3035,2026-05-21
元大民雄,202.0,17,285,981V,3035,2026-05-21
元大善化,200.5,0,1000,981y,3035,2026-05-21
元大竹山,200.5,0,1200,981R,3035,2026-05-21
元大羅東,200.5,300,1000,982A,3035,2026-05-21
元大羅東,202.5,0,10000,982A,3035,2026-05-21
元大北港,198.5,1000,1000,9837,3035,2026-05-21
元大中山,204.5,25,1000,9835,3035,2026-05-21
元大中山,203.0,0,1000,9835,3035,2026-05-21
元大中山,201.5,0,100,9835,3035,2026-05-21
元大中山,200.5,2000,300,9835,3035,2026-05-21
元大中山,198.5,100,300,9835,3035,2026-05-21
元大中壢,208.0,1001,1735,9834,3035,2026-05-21
元大中壢,206.5,4000,0,9834,3035,2026-05-21
元大中壢,205.5,2000,0,9834,3035,2026-05-21
元大中壢,204.5,3000,1001,9834,3035,2026-05-21
元大中壢,203.5,0,2015,9834,3035,2026-05-21
元大中壢,202.5,200,0,9834,3035,2026-05-21
元大中壢,201.5,0,5,9834,3035,2026-05-21
元大中壢,200.5,0,30,9834,3035,2026-05-21
元大中壢,199.5,2000,2250,9834,3035,2026-05-21
元大北港,199.5,1000,1300,9837,3035,2026-05-21
元大北港,200.5,0,1000,9837,3035,2026-05-21
元大北港,202.0,0,1000,9837,3035,2026-05-21
元大北港,203.0,0,6000,9837,3035,2026-05-21
元大竹東,196.5,0,1000,983f,3035,2026-05-21
元大林森,208.0,1000,2000,983B,3035,2026-05-21
元大林森,205.5,0,34,983B,3035,2026-05-21
元大林森,202.0,0,1000,983B,3035,2026-05-21
元大林森,199.0,2000,1000,983B,3035,2026-05-21
元大林森,196.0,2000,0,983B,3035,2026-05-21
元大豐原,206.0,0,3000,9838,3035,2026-05-21
元大中壢,198.0,25,0,9834,3035,2026-05-21
元大豐原,204.5,15,0,9838,3035,2026-05-21
元大豐原,202.5,25,0,9838,3035,2026-05-21
元大豐原,201.5,5000,1000,9838,3035,2026-05-21
元大豐原,200.5,2010,1000,9838,3035,2026-05-21
元大豐原,199.5,1015,2000,9838,3035,2026-05-21
元大豐原,198.5,1000,1000,9838,3035,2026-05-21
元大豐原,197.0,0,1000,9838,3035,2026-05-21
元大北港,204.0,1000,0,9837,3035,2026-05-21
元大豐原,203.5,2000,3020,9838,3035,2026-05-21
元大中壢,197.0,0,2000,9834,3035,2026-05-21
元大中壢,195.5,4000,0,9834,3035,2026-05-21
元大敦化,205.0,0,100,9833,3035,2026-05-21
元大六合,200.5,48,3000,982C,3035,2026-05-21
元大六合,199.0,4350,50,982C,3035,2026-05-21
元大六合,197.5,55,0,982C,3035,2026-05-21
元大博愛,207.5,0,300,982B,3035,2026-05-21
元大博愛,205.0,0,160,982B,3035,2026-05-21
元大博愛,204.0,2000,2024,982B,3035,2026-05-21
元大博愛,202.5,0,1010,982B,3035,2026-05-21
元大六合,201.5,0,6,982C,3035,2026-05-21
元大博愛,201.5,0,51,982B,3035,2026-05-21
元大博愛,199.5,1020,7100,982B,3035,2026-05-21
元大博愛,198.0,0,2000,982B,3035,2026-05-21
元大博愛,196.0,2000,0,982B,3035,2026-05-21
元大羅東,208.0,0,6000,982A,3035,2026-05-21
元大羅東,207.0,0,5000,982A,3035,2026-05-21
元大羅東,204.5,0,250,982A,3035,2026-05-21
元大羅東,203.5,3000,0,982A,3035,2026-05-21
元大博愛,200.5,1100,0,982B,3035,2026-05-21
元大羅東,201.5,1000,3000,982A,3035,2026-05-21
元大六合,203.0,0,1200,982C,3035,2026-05-21
元大六合,208.0,0,520,982C,3035,2026-05-21
元大敦化,204.0,0,1000,9833,3035,2026-05-21
元大敦化,202.5,0,100,9833,3035,2026-05-21
元大敦化,200.5,0,1050,9833,3035,2026-05-21
元大敦化,199.5,1000,1000,9833,3035,2026-05-21
元大敦化,198.0,500,0,9833,3035,2026-05-21
元大四維,205.5,0,400,9831,3035,2026-05-21
元大四維,204.5,0,200,9831,3035,2026-05-21
元大六合,205.0,0,2000,982C,3035,2026-05-21
元大四維,202.5,0,3000,9831,3035,2026-05-21
元大四維,200.5,0,2000,9831,3035,2026-05-21
元大四維,199.5,10,1000,9831,3035,2026-05-21
元大四維,198.0,1000,1000,9831,3035,2026-05-21
元大四維,197.0,5000,0,9831,3035,2026-05-21
元大忠鼎,203.0,1000,0,982F,3035,2026-05-21
元大忠鼎,201.5,0,15000,982F,3035,2026-05-21
元大忠鼎,200.0,0,103,982F,3035,2026-05-21
元大四維,201.5,0,2000,9831,3035,2026-05-21
富邦建國,201.5,1000,10000,9658,3035,2026-05-21
元大竹山,196.5,0,1000,981R,3035,2026-05-21
元大屏南,201.0,0,1000,981r,3035,2026-05-21
元大大里,207.5,1000,0,981g,3035,2026-05-21
元大大里,204.5,0,200,981g,3035,2026-05-21
元大大里,203.5,0,1000,981g,3035,2026-05-21
元大大里,202.5,1000,1000,981g,3035,2026-05-21
元大大里,201.5,1000,1000,981g,3035,2026-05-21
元大大里,200.5,0,2100,981g,3035,2026-05-21
元大大里,199.5,0,30,981g,3035,2026-05-21
元大大里,198.0,3100,1000,981g,3035,2026-05-21
元大大里,196.5,1000,1000,981g,3035,2026-05-21
元大大里,195.5,3000,0,981g,3035,2026-05-21
元大福營,207.5,4030,0,981F,3035,2026-05-21
元大福營,205.0,500,0,981F,3035,2026-05-21
元大福營,204.0,500,1100,981F,3035,2026-05-21
元大福營,202.0,0,1000,981F,3035,2026-05-21
元大福營,200.5,0,1000,981F,3035,2026-05-21
元大彰化,196.5,1000,0,981G,3035,2026-05-21
元大彰化,198.0,1000,100,981G,3035,2026-05-21
元大彰化,199.0,0,2000,981G,3035,2026-05-21
元大彰化,200.0,1000,0,981G,3035,2026-05-21
元大天母,199.5,1010,3000,981I,3035,2026-05-21
元大天母,197.5,1000,0,981I,3035,2026-05-21
元大西螺,207.5,0,6000,981i,3035,2026-05-21
元大西螺,203.5,2000,0,981i,3035,2026-05-21
元大西螺,202.0,0,4000,981i,3035,2026-05-21
元大西螺,201.0,1000,1000,981i,3035,2026-05-21
元大西螺,199.5,5000,1000,981i,3035,2026-05-21
元大福營,199.0,0,3000,981F,3035,2026-05-21
元大屏生,204.5,0,1000,981h,3035,2026-05-21
元大屏生,201.5,1000,2000,981h,3035,2026-05-21
元大屏生,200.0,0,15600,981h,3035,2026-05-21
元大屏生,199.0,0,3000,981h,3035,2026-05-21
元大屏生,196.5,0,1000,981h,3035,2026-05-21
元大屏生,195.5,0,1000,981h,3035,2026-05-21
元大彰化,207.5,0,2000,981G,3035,2026-05-21
元大彰化,201.0,200,0,981G,3035,2026-05-21
元大屏生,203.0,1000,0,981h,3035,2026-05-21
元大福營,195.5,0,1000,981F,3035,2026-05-21
元大發財,207.0,0,1000,981E,3035,2026-05-21
元大發財,204.5,0,1000,981E,3035,2026-05-21
元大南投,196.0,0,2000,981D,3035,2026-05-21
元大路竹,208.0,50,0,981C,3035,2026-05-21
元大路竹,205.0,50,0,981C,3035,2026-05-21
元大路竹,204.0,800,0,981C,3035,2026-05-21
元大路竹,203.0,1050,0,981C,3035,2026-05-21
元大路竹,202.0,5050,7046,981C,3035,2026-05-21
元大路竹,200.5,4000,0,981C,3035,2026-05-21
元大南投,198.0,100,0,981D,3035,2026-05-21
元大路竹,199.5,1000,0,981C,3035,2026-05-21
元大竹北,207.5,1,0,981B,3035,2026-05-21
元大竹北,204.5,0,150,981B,3035,2026-05-21
元大竹北,202.0,0,2000,981B,3035,2026-05-21
元大竹北,200.5,1030,3100,981B,3035,2026-05-21
元大竹北,199.0,3000,0,981B,3035,2026-05-21
元大三峽,208.0,0,6100,981A,3035,2026-05-21
元大三峽,204.0,0,1000,981A,3035,2026-05-21
元大路竹,198.0,1000,11000,981C,3035,2026-05-21
元大天母,200.5,1000,0,981I,3035,2026-05-21
元大南投,199.0,0,2000,981D,3035,2026-05-21
元大南投,201.0,2000,3000,981D,3035,2026-05-21
元大發財,203.0,0,1020,981E,3035,2026-05-21
元大發財,201.0,0,80,981E,3035,2026-05-21
元大發財,200.0,105,1400,981E,3035,2026-05-21
元大發財,198.5,0,15,981E,3035,2026-05-21
元大發財,196.0,0,1000,981E,3035,2026-05-21
元大佳里,207.5,0,100,981e,3035,2026-05-21
元大佳里,204.5,100,0,981e,3035,2026-05-21
元大南投,200.0,1000,1300,981D,3035,2026-05-21
元大佳里,203.0,1000,0,981e,3035,2026-05-21
元大佳里,200.5,5000,100,981e,3035,2026-05-21
元大佳里,199.5,2000,0,981e,3035,2026-05-21
元大佳里,198.5,50,0,981e,3035,2026-05-21
元大南投,208.0,200,4500,981D,3035,2026-05-21
元大南投,205.0,0,6750,981D,3035,2026-05-21
元大南投,203.5,1000,12000,981D,3035,2026-05-21
元大南投,202.0,0,2000,981D,3035,2026-05-21
元大佳里,202.0,0,1000,981e,3035,2026-05-21
元大屏南,202.0,0,1000,981r,3035,2026-05-21
元大天母,201.5,0,2000,981I,3035,2026-05-21
元大天母,204.5,0,1250,981I,3035,2026-05-21
元大松山,201.5,0,30,981p,3035,2026-05-21
元大松山,200.0,2000,4000,981p,3035,2026-05-21
元大松山,199.0,2000,20,981p,3035,2026-05-21
元大金門,206.0,0,1000,981N,3035,2026-05-21
元大金門,202.5,1000,0,981N,3035,2026-05-21
元大金門,201.5,1000,2000,981N,3035,2026-05-21
元大金門,200.0,0,50,981N,3035,2026-05-21
元大金門,199.0,1000,2000,981N,3035,2026-05-21
元大金門,198.0,50,0,981N,3035,2026-05-21
元大金門,196.5,1000,0,981N,3035,2026-05-21
元大旗山,208.0,0,2050,981n,3035,2026-05-21
元大旗山,205.5,0,1000,981n,3035,2026-05-21
元大旗山,203.5,0,100,981n,3035,2026-05-21
元大旗山,202.5,0,1000,981n,3035,2026-05-21
元大旗山,201.0,1000,0,981n,3035,2026-05-21
元大松山,203.0,1000,1000,981p,3035,2026-05-21
元大松山,205.0,0,1000,981p,3035,2026-05-21
元大松山,208.0,0,200,981p,3035,2026-05-21
元大萬華,199.0,300,2000,981q,3035,2026-05-21
元大屏南,199.5,0,7,981r,3035,2026-05-21
元大屏南,198.5,0,10,981r,3035,2026-05-21
元大太平,207.5,2000,0,981Q,3035,2026-05-21
元大太平,203.5,1000,3000,981Q,3035,2026-05-21
元大太平,202.5,3000,0,981Q,3035,2026-05-21
元大太平,201.5,0,1071,981Q,3035,2026-05-21
元大太平,200.5,1000,3100,981Q,3035,2026-05-21
元大旗山,200.0,3000,1000,981n,3035,2026-05-21
元大太平,199.5,2,2150,981Q,3035,2026-05-21
元大太平,197.5,50,0,981Q,3035,2026-05-21
元大太平,196.0,2000,0,981Q,3035,2026-05-21
元大萬華,207.5,0,50,981q,3035,2026-05-21
元大萬華,205.5,0,1000,981q,3035,2026-05-21
元大萬華,203.0,0,1000,981q,3035,2026-05-21
元大萬華,201.5,1000,10000,981q,3035,2026-05-21
元大萬華,200.5,2000,2000,981q,3035,2026-05-21
元大太平,198.5,0,100,981Q,3035,2026-05-21
元大旗山,199.0,0,2000,981n,3035,2026-05-21
元大苗栗,208.0,0,100,981M,3035,2026-05-21
元大苗栗,204.5,0,100,981M,3035,2026-05-21
元大林園,204.5,100,1000,981K,3035,2026-05-21
元大林園,202.5,0,1000,981K,3035,2026-05-21
元大林園,201.0,0,1000,981K,3035,2026-05-21
元大林園,199.5,0,2000,981K,3035,2026-05-21
元大士林,208.0,2100,3338,981j,3035,2026-05-21
元大士林,206.5,0,2000,981j,3035,2026-05-21
元大士林,204.5,0,1000,981j,3035,2026-05-21
元大林園,208.0,100,10000,981K,3035,2026-05-21
元大士林,203.5,4000,0,981j,3035,2026-05-21
元大士林,201.5,0,3000,981j,3035,2026-05-21
元大士林,200.5,1200,100,981j,3035,2026-05-21
元大士林,199.5,0,3000,981j,3035,2026-05-21
元大士林,198.0,1000,0,981j,3035,2026-05-21
元大士林,196.5,0,1000,981j,3035,2026-05-21
元大士林,195.5,1000,0,981j,3035,2026-05-21
元大天母,207.5,1000,1,981I,3035,2026-05-21
元大士林,202.5,1500,0,981j,3035,2026-05-21
元大天母,203.5,3000,1000,981I,3035,2026-05-21
元大莒光,196.5,1000,0,981L,3035,2026-05-21
元大莒光,200.0,1500,7000,981L,3035,2026-05-21
元大苗栗,203.5,100,4000,981M,3035,2026-05-21
元大苗栗,202.5,221,1200,981M,3035,2026-05-21
元大苗栗,201.5,0,3000,981M,3035,2026-05-21
元大苗栗,200.5,1000,0,981M,3035,2026-05-21
元大苗栗,198.0,0,3000,981M,3035,2026-05-21
元大苗栗,195.5,2000,0,981M,3035,2026-05-21
元大前金,207.5,1000,0,981m,3035,2026-05-21
元大莒光,199.0,1000,1000,981L,3035,2026-05-21
元大前金,204.5,146,0,981m,3035,2026-05-21
元大前金,201.0,1000,0,981m,3035,2026-05-21
元大前金,200.0,0,1000,981m,3035,2026-05-21
元大前金,199.0,0,1000,981m,3035,2026-05-21
元大莒光,207.5,1000,0,981L,3035,2026-05-21
元大莒光,204.0,1000,1030,981L,3035,2026-05-21
元大莒光,202.0,500,1000,981L,3035,2026-05-21
元大莒光,201.0,2100,0,981L,3035,2026-05-21
元大前金,203.5,0,3000,981m,3035,2026-05-21
富邦建國,200.5,2000,3100,9658,3035,2026-05-21
富邦建國,199.5,1000,22000,9658,3035,2026-05-21
富邦建國,198.5,0,11070,9658,3035,2026-05-21
華南南京,196.0,0,4000,9326,3035,2026-05-21
華南忠孝,200.0,3000,1000,9325,3035,2026-05-21
華南忠孝,199.0,1000,0,9325,3035,2026-05-21
華南忠孝,196.5,2000,0,9325,3035,2026-05-21
華南岡山,208.0,0,14002,9324,3035,2026-05-21
華南岡山,205.0,0,9050,9324,3035,2026-05-21
華南岡山,203.5,4000,2000,9324,3035,2026-05-21
華南岡山,202.0,8000,3000,9324,3035,2026-05-21
華南岡山,200.5,1000,0,9324,3035,2026-05-21
華南岡山,199.5,1000,0,9324,3035,2026-05-21
華南岡山,198.0,0,2001,9324,3035,2026-05-21
華南岡山,196.5,0,1000,9324,3035,2026-05-21
華南小港,205.0,2000,0,9323,3035,2026-05-21
華南小港,203.0,0,2000,9323,3035,2026-05-21
華南小港,202.0,200,2000,9323,3035,2026-05-21
華南南京,198.0,0,5000,9326,3035,2026-05-21
華南南京,199.0,1000,2000,9326,3035,2026-05-21
華南南京,200.5,2018,50,9326,3035,2026-05-21
華南南京,201.5,0,2000,9326,3035,2026-05-21
華南潮州,208.0,0,1110,9328,3035,2026-05-21
華南潮州,205.0,0,3000,9328,3035,2026-05-21
華南潮州,203.0,0,1000,9328,3035,2026-05-21
華南潮州,201.5,1000,0,9328,3035,2026-05-21
華南潮州,199.5,0,1030,9328,3035,2026-05-21
華南潮州,197.5,20000,0,9328,3035,2026-05-21
華南斗六,207.5,4200,0,9327,3035,2026-05-21
華南小港,201.0,0,1000,9323,3035,2026-05-21
華南斗六,203.5,0,1000,9327,3035,2026-05-21
華南斗六,201.0,0,1000,9327,3035,2026-05-21
華南斗六,200.0,2000,100,9327,3035,2026-05-21
華南斗六,199.0,2000,10000,9327,3035,2026-05-21
華南斗六,197.5,0,1000,9327,3035,2026-05-21
華南南京,207.5,0,2020,9326,3035,2026-05-21
華南南京,205.0,0,8100,9326,3035,2026-05-21
華南南京,203.0,1000,0,9326,3035,2026-05-21
華南斗六,202.0,2000,2000,9327,3035,2026-05-21
華南小港,200.0,0,3,9323,3035,2026-05-21
華南小港,199.0,0,1000,9323,3035,2026-05-21
華南小港,197.5,3000,0,9323,3035,2026-05-21
華南林口,201.0,0,3000,9317,3035,2026-05-21
華南林口,200.0,4000,4000,9317,3035,2026-05-21
華南林口,199.0,1000,0,9317,3035,2026-05-21
華南林口,198.0,1000,100,9317,3035,2026-05-21
華南淡水,208.0,0,3250,9316,3035,2026-05-21
華南淡水,203.5,0,8,9316,3035,2026-05-21
華南淡水,201.5,0,1100,9316,3035,2026-05-21
華南林口,202.5,0,3000,9317,3035,2026-05-21
華南淡水,199.0,0,500,9316,3035,2026-05-21
華南大甲,208.0,0,2000,9315,3035,2026-05-21
華南嘉義,208.0,1000,3000,9314,3035,2026-05-21
華南民權,204.5,0,3000,9312,3035,2026-05-21
華南民權,202.5,1000,0,9312,3035,2026-05-21
華南民權,201.5,0,70,9312,3035,2026-05-21
華南民權,200.0,0,1000,9312,3035,2026-05-21
華南民權,198.5,1000,0,9312,3035,2026-05-21
華南淡水,197.5,0,1000,9316,3035,2026-05-21
華南朴子,196.0,0,2000,9329,3035,2026-05-21
華南林口,204.0,0,2000,9317,3035,2026-05-21
華南鶯歌,196.0,0,1000,9319,3035,2026-05-21
華南基隆,208.0,0,1010,9322,3035,2026-05-21
華南基隆,203.5,40,2000,9322,3035,2026-05-21
華南基隆,202.5,51000,0,9322,3035,2026-05-21
華南基隆,201.5,13000,2000,9322,3035,2026-05-21
華南基隆,199.5,11000,1000,9322,3035,2026-05-21
華南基隆,198.5,10000,1000,9322,3035,2026-05-21
華南基隆,197.0,0,2000,9322,3035,2026-05-21
華南林口,207.0,0,1000,9317,3035,2026-05-21
華南鶯歌,208.0,1000,4000,9319,3035,2026-05-21
華南鶯歌,205.0,1000,100,9319,3035,2026-05-21
華南鶯歌,204.0,1000,1000,9319,3035,2026-05-21
華南鶯歌,203.0,1000,2000,9319,3035,2026-05-21
華南鶯歌,202.0,1000,3000,9319,3035,2026-05-21
華南鶯歌,201.0,5,0,9319,3035,2026-05-21
華南鶯歌,200.0,0,2000,9319,3035,2026-05-21
華南鶯歌,198.0,1000,2000,9319,3035,2026-05-21
華南鶯歌,206.5,1000,0,9319,3035,2026-05-21
華南民權,196.0,1000,0,9312,3035,2026-05-21
華南朴子,198.0,0,290,9329,3035,2026-05-21
華南朴子,202.5,0,1000,9329,3035,2026-05-21
華南板橋,205.0,0,1000,9349,3035,2026-05-21
華南板橋,203.5,2000,8000,9349,3035,2026-05-21
華南板橋,201.5,0,1000,9349,3035,2026-05-21
華南板橋,200.5,0,1200,9349,3035,2026-05-21
華南板橋,197.5,0,1000,9349,3035,2026-05-21
華南敦南,203.5,1000,1000,9347,3035,2026-05-21
華南敦南,202.0,0,600,9347,3035,2026-05-21
華南敦南,201.0,0,4007,9347,3035,2026-05-21
華南敦南,200.0,0,2050,9347,3035,2026-05-21
華南敦南,199.0,5000,0,9347,3035,2026-05-21
華南頭份,208.0,2000,0,9343,3035,2026-05-21
華南頭份,205.0,1000,1000,9343,3035,2026-05-21
華南頭份,203.5,1000,0,9343,3035,2026-05-21
華南頭份,202.5,0,1000,9343,3035,2026-05-21
華南頭份,201.0,0,1160,9343,3035,2026-05-21
華南桃園,197.5,0,2000,9352,3035,2026-05-21
華南桃園,199.5,0,100,9352,3035,2026-05-21
華南桃園,200.5,0,660,9352,3035,2026-05-21
華南桃園,201.5,200,0,9352,3035,2026-05-21
華南苗栗,200.5,0,3000,9362,3035,2026-05-21
華南苗栗,199.0,1000,2000,9362,3035,2026-05-21
華南苗栗,198.0,1000,0,9362,3035,2026-05-21
華南中正,208.0,3000,2000,9359,3035,2026-05-21
華南中正,207.0,0,1000,9359,3035,2026-05-21
華南中正,205.0,0,1000,9359,3035,2026-05-21
華南中正,203.5,3000,2000,9359,3035,2026-05-21
華南頭份,200.0,3000,1000,9343,3035,2026-05-21
華南中正,202.5,2000,0,9359,3035,2026-05-21
華南中正,200.5,0,2000,9359,3035,2026-05-21
華南中正,199.5,2000,0,9359,3035,2026-05-21
華南東勢,204.0,1000,4000,9358,3035,2026-05-21
華南東勢,201.5,100,0,9358,3035,2026-05-21
華南桃園,208.0,4000,1000,9352,3035,2026-05-21
華南桃園,205.0,0,2000,9352,3035,2026-05-21
華南桃園,203.5,1000,1000,9352,3035,2026-05-21
華南中正,201.5,2200,2000,9359,3035,2026-05-21
華南頭份,199.0,0,1100,9343,3035,2026-05-21
華南頭份,198.0,100,0,9343,3035,2026-05-21
華南頭份,196.5,2000,0,9343,3035,2026-05-21
華南楠梓,205.5,0,2000,9332,3035,2026-05-21
華南楠梓,204.5,0,2000,9332,3035,2026-05-21
華南楠梓,203.0,0,1000,9332,3035,2026-05-21
華南楠梓,201.5,0,3000,9332,3035,2026-05-21
華南楠梓,200.5,1000,0,9332,3035,2026-05-21
華南楠梓,199.5,0,1000,9332,3035,2026-05-21
華南楠梓,196.0,1000,1000,9332,3035,2026-05-21
華南長虹,198.0,1000,0,9333,3035,2026-05-21
華南鳳山,208.0,0,1100,9331,3035,2026-05-21
華南鳳山,204.0,31,10000,9331,3035,2026-05-21
華南鳳山,203.0,10000,0,9331,3035,2026-05-21
華南鳳山,200.5,0,1000,9331,3035,2026-05-21
華南鳳山,199.5,0,3000,9331,3035,2026-05-21
華南鳳山,198.5,0,1000,9331,3035,2026-05-21
華南鳳山,197.0,0,1000,9331,3035,2026-05-21
華南朴子,204.5,0,6000,9329,3035,2026-05-21
華南鳳山,206.0,0,100,9331,3035,2026-05-21
華南朴子,200.5,0,2000,9329,3035,2026-05-21
華南長虹,199.0,1000,1330,9333,3035,2026-05-21
華南長虹,201.5,0,1000,9333,3035,2026-05-21
華南竹北,207.0,0,1000,9339,3035,2026-05-21
華南竹北,203.0,0,1000,9339,3035,2026-05-21
華南竹北,201.5,0,2000,9339,3035,2026-05-21
華南竹北,200.5,1000,0,9339,3035,2026-05-21
華南竹北,199.0,1000,1000,9339,3035,2026-05-21
華南竹北,196.0,1000,0,9339,3035,2026-05-21
華南內壢,204.0,0,3000,9337,3035,2026-05-21
華南長虹,200.0,0,1000,9333,3035,2026-05-21
華南內壢,199.5,0,2000,9337,3035,2026-05-21
華南世貿,203.0,0,1000,9334,3035,2026-05-21
華南世貿,200.0,10000,0,9334,3035,2026-05-21
華南世貿,199.0,100,20,9334,3035,2026-05-21
華南世貿,198.0,101,0,9334,3035,2026-05-21
華南長虹,207.5,0,1000,9333,3035,2026-05-21
華南長虹,203.5,0,30,9333,3035,2026-05-21
華南長虹,202.5,0,1000,9333,3035,2026-05-21
華南世貿,204.0,0,3000,9334,3035,2026-05-21
華南苗栗,201.5,1000,1,9362,3035,2026-05-21
華南古亭,208.0,0,1000,9309,3035,2026-05-21
華南古亭,202.5,0,1000,9309,3035,2026-05-21
凱基斗六,198.5,1000,0,9281,3035,2026-05-21
凱基永康,205.0,0,50,9278,3035,2026-05-21
凱基永康,203.5,1000,0,9278,3035,2026-05-21
凱基永康,202.5,104,1000,9278,3035,2026-05-21
凱基永康,200.5,1000,0,9278,3035,2026-05-21
凱基永康,198.5,0,1000,9278,3035,2026-05-21
凱基永康,196.0,1000,1000,9278,3035,2026-05-21
凱基苗栗,205.0,0,9000,9276,3035,2026-05-21
凱基苗栗,199.5,0,1000,9276,3035,2026-05-21
凱基三多,203.5,100,0,9275,3035,2026-05-21
凱基鳳山,205.5,0,200,9274,3035,2026-05-21
凱基鳳山,204.0,0,200,9274,3035,2026-05-21
凱基鳳山,201.5,0,20000,9274,3035,2026-05-21
凱基鳳山,199.5,1000,0,9274,3035,2026-05-21
凱基鳳山,198.0,1000,0,9274,3035,2026-05-21
凱基斗六,200.0,0,100,9281,3035,2026-05-21
凱基斗六,202.5,2000,0,9281,3035,2026-05-21
凱基斗六,204.0,0,1000,9281,3035,2026-05-21
凱基北門,196.0,0,10000,9283,3035,2026-05-21
凱基內湖,200.5,0,2000,9287,3035,2026-05-21
凱基中壢,208.0,1000,4050,9285,3035,2026-05-21
凱基中壢,204.0,5007,14000,9285,3035,2026-05-21
凱基中壢,203.0,0,1100,9285,3035,2026-05-21
凱基中壢,202.0,0,4200,9285,3035,2026-05-21
凱基中壢,201.0,6,3000,9285,3035,2026-05-21
凱基中壢,200.0,2000,3000,9285,3035,2026-05-21
凱基竹東,205.0,0,4000,9273,3035,2026-05-21
凱基中壢,199.0,0,5000,9285,3035,2026-05-21
凱基中壢,197.0,1000,2000,9285,3035,2026-05-21
凱基中壢,196.0,0,2000,9285,3035,2026-05-21
凱基北門,205.0,0,1000,9283,3035,2026-05-21
凱基北門,203.5,0,1000,9283,3035,2026-05-21
凱基北門,202.0,0,100,9283,3035,2026-05-21
凱基北門,201.0,0,150,9283,3035,2026-05-21
凱基北門,199.5,11000,1000,9283,3035,2026-05-21
凱基中壢,198.0,6000,0,9285,3035,2026-05-21
凱基竹東,204.0,1000,0,9273,3035,2026-05-21
凱基竹東,202.5,0,1000,9273,3035,2026-05-21
凱基竹東,198.0,0,1000,9273,3035,2026-05-21
凱基台北,196.0,53000,35000,9268,3035,2026-05-21
凱基新豐,208.0,2000,1000,9266,3035,2026-05-21
凱基新豐,205.0,0,200,9266,3035,2026-05-21
凱基新豐,203.0,1000,0,9266,3035,2026-05-21
凱基新豐,200.5,100,150,9266,3035,2026-05-21
凱基新豐,199.5,0,1000,9266,3035,2026-05-21
凱基新豐,198.5,0,1000,9266,3035,2026-05-21
凱基台北,197.0,81000,55000,9268,3035,2026-05-21
凱基新豐,196.0,0,1000,9266,3035,2026-05-21
凱基林口,208.0,1000,0,9257,3035,2026-05-21
凱基林口,204.5,0,1000,9257,3035,2026-05-21
凱基林口,203.0,0,10000,9257,3035,2026-05-21
凱基林口,202.0,0,2000,9257,3035,2026-05-21
凱基林口,201.0,0,1000,9257,3035,2026-05-21
凱基林口,199.5,1000,1000,9257,3035,2026-05-21
凱基林口,196.5,1000,0,9257,3035,2026-05-21
凱基羅東,200.5,0,4000,9258,3035,2026-05-21
凱基內湖,201.5,2000,0,9287,3035,2026-05-21
凱基台北,198.0,45000,92000,9268,3035,2026-05-21
凱基台北,200.0,112000,182000,9268,3035,2026-05-21
凱基竹科,205.0,0,11000,9272,3035,2026-05-21
凱基竹科,204.0,1000,4000,9272,3035,2026-05-21
凱基竹科,203.0,1000,0,9272,3035,2026-05-21
凱基竹科,201.5,100,2000,9272,3035,2026-05-21
凱基竹科,200.5,5000,2000,9272,3035,2026-05-21
凱基竹科,199.5,100,1000,9272,3035,2026-05-21
凱基竹科,198.0,0,2100,9272,3035,2026-05-21
凱基台北,199.0,76000,145000,9268,3035,2026-05-21
凱基竹科,196.5,1000,0,9272,3035,2026-05-21
凱基台北,208.0,251000,7000,9268,3035,2026-05-21
凱基台北,206.5,8000,4000,9268,3035,2026-05-21
凱基台北,205.0,245000,6000,9268,3035,2026-05-21
凱基台北,204.0,205000,79000,9268,3035,2026-05-21
凱基台北,203.0,11415,5000,9268,3035,2026-05-21
凱基台北,202.0,148000,102000,9268,3035,2026-05-21
凱基台北,201.0,151000,122000,9268,3035,2026-05-21
凱基竹科,195.5,0,2000,9272,3035,2026-05-21
華南古亭,203.5,0,10000,9309,3035,2026-05-21
凱基內湖,203.0,1000,1000,9287,3035,2026-05-21
凱基埔墘,200.0,0,1000,9288,3035,2026-05-21
華南台南,199.0,1000,0,9306,3035,2026-05-21
華南台南,197.0,0,1000,9306,3035,2026-05-21
華南台南,195.5,5000,2000,9306,3035,2026-05-21
華南新莊,207.5,0,1000,9305,3035,2026-05-21
華南新莊,204.0,30,2000,9305,3035,2026-05-21
華南新莊,202.5,20,0,9305,3035,2026-05-21
華南新莊,201.5,0,1000,9305,3035,2026-05-21
華南新莊,200.5,1010,0,9305,3035,2026-05-21
華南新莊,199.0,1010,1000,9305,3035,2026-05-21
華南新莊,198.0,10,0,9305,3035,2026-05-21
華南新莊,195.5,1000,0,9305,3035,2026-05-21
華南高雄,205.0,0,2047,9303,3035,2026-05-21
華南高雄,204.0,50,3000,9303,3035,2026-05-21
華南高雄,203.0,0,1000,9303,3035,2026-05-21
華南高雄,201.0,0,1300,9303,3035,2026-05-21
華南台南,200.0,20,0,9306,3035,2026-05-21
華南台南,201.0,0,5000,9306,3035,2026-05-21
華南台南,202.0,0,1000,9306,3035,2026-05-21
華南台南,205.0,40,0,9306,3035,2026-05-21
華南古亭,201.5,2000,10000,9309,3035,2026-05-21
華南古亭,200.5,6000,0,9309,3035,2026-05-21
華南古亭,199.0,5000,200,9309,3035,2026-05-21
華南麻豆,208.0,2000,2000,9308,3035,2026-05-21
華南麻豆,204.0,2100,2000,9308,3035,2026-05-21
華南麻豆,203.0,2000,20,9308,3035,2026-05-21
華南麻豆,200.0,1000,3000,9308,3035,2026-05-21
華南高雄,200.0,1,0,9303,3035,2026-05-21
華南麻豆,199.0,0,1000,9308,3035,2026-05-21
華南大安,205.5,0,1000,9307,3035,2026-05-21
華南大安,203.5,0,2000,9307,3035,2026-05-21
華南大安,202.0,0,3000,9307,3035,2026-05-21
華南大安,201.0,0,1000,9307,3035,2026-05-21
華南大安,200.0,2000,2000,9307,3035,2026-05-21
華南大安,198.5,0,1000,9307,3035,2026-05-21
華南台南,208.0,0,1110,9306,3035,2026-05-21
華南麻豆,197.5,0,2000,9308,3035,2026-05-21
華南高雄,199.0,1000,1070,9303,3035,2026-05-21
華南高雄,198.0,2000,6,9303,3035,2026-05-21
華南高雄,196.0,0,1000,9303,3035,2026-05-21
凱基文心,205.5,0,1000,9297,3035,2026-05-21
凱基文心,202.5,1000,1000,9297,3035,2026-05-21
凱基文心,200.5,0,500,9297,3035,2026-05-21
凱基文心,198.5,0,1000,9297,3035,2026-05-21
凱基頭份,204.5,1000,2000,9296,3035,2026-05-21
凱基頭份,201.5,100,0,9296,3035,2026-05-21
凱基大安,204.0,0,1000,9291,3035,2026-05-21
華南永昌,196.0,1000,2000,9300,3035,2026-05-21
凱基大安,200.5,0,1000,9291,3035,2026-05-21
凱基興隆,205.0,0,600,9289,3035,2026-05-21
凱基興隆,204.0,0,1000,9289,3035,2026-05-21
凱基興隆,201.0,1000,2000,9289,3035,2026-05-21
凱基興隆,199.5,0,1000,9289,3035,2026-05-21
凱基興隆,198.5,0,1000,9289,3035,2026-05-21
凱基埔墘,208.0,1000,0,9288,3035,2026-05-21
凱基埔墘,204.0,0,2000,9288,3035,2026-05-21
凱基興隆,208.0,0,100,9289,3035,2026-05-21
凱基內湖,208.0,3000,2000,9287,3035,2026-05-21
華南永昌,198.0,0,1700,9300,3035,2026-05-21
華南永昌,200.5,1000,0,9300,3035,2026-05-21
華南台中,207.5,1000,5100,9302,3035,2026-05-21
華南台中,206.0,0,400,9302,3035,2026-05-21
華南台中,205.0,0,2100,9302,3035,2026-05-21
華南台中,204.0,2060,3100,9302,3035,2026-05-21
華南台中,203.0,0,5000,9302,3035,2026-05-21
華南台中,202.0,0,2012,9302,3035,2026-05-21
華南台中,201.0,1040,5000,9302,3035,2026-05-21
華南永昌,199.5,5,0,9300,3035,2026-05-21
華南台中,200.0,2000,0,9302,3035,2026-05-21
華南台中,198.0,4000,2000,9302,3035,2026-05-21
華南永昌,208.0,1010,8010,9300,3035,2026-05-21
華南永昌,206.5,0,1000,9300,3035,2026-05-21
華南永昌,204.5,1002,10,9300,3035,2026-05-21
華南永昌,203.5,0,6100,9300,3035,2026-05-21
華南永昌,202.5,100,1000,9300,3035,2026-05-21
華南永昌,201.5,0,3300,9300,3035,2026-05-21
華南台中,199.0,2000,0,9302,3035,2026-05-21
元大竹東,197.5,0,1000,983f,3035,2026-05-21
華南苗栗,204.0,3000,0,9362,3035,2026-05-21
華南彰化,197.0,0,1000,9363,3035,2026-05-21
富邦樹林,198.5,3000,5000,962E,3035,2026-05-21
富邦樹林,197.5,1000,0,962E,3035,2026-05-21
富邦新莊,204.0,0,100,962D,3035,2026-05-21
富邦新莊,202.0,0,2300,962D,3035,2026-05-21
富邦新莊,201.0,4000,0,962D,3035,2026-05-21
富邦新莊,200.0,1000,200,962D,3035,2026-05-21
富邦新莊,198.0,0,70,962D,3035,2026-05-21
富邦竹科,208.0,1000,2000,962C,3035,2026-05-21
富邦竹科,204.5,0,2000,962C,3035,2026-05-21
富邦竹科,203.5,0,1000,962C,3035,2026-05-21
富邦竹科,201.5,0,20,962C,3035,2026-05-21
富邦竹科,200.5,0,2000,962C,3035,2026-05-21
富邦竹科,199.5,0,1000,962C,3035,2026-05-21
富邦竹科,198.5,0,5000,962C,3035,2026-05-21
富邦竹科,196.5,0,1000,962C,3035,2026-05-21
富邦樹林,200.0,0,2000,962E,3035,2026-05-21
富邦樹林,201.0,0,2000,962E,3035,2026-05-21
富邦樹林,203.0,0,1000,962E,3035,2026-05-21
富邦樹林,204.5,0,2050,962E,3035,2026-05-21
富邦頭份,202.0,2000,0,962P,3035,2026-05-21
富邦頭份,201.0,0,3150,962P,3035,2026-05-21
富邦頭份,200.0,0,2500,962P,3035,2026-05-21
富邦頭份,199.0,2000,0,962P,3035,2026-05-21
富邦頭份,196.5,0,1000,962P,3035,2026-05-21
富邦三峽,204.0,0,2,962J,3035,2026-05-21
富邦三峽,202.5,1000,0,962J,3035,2026-05-21
富邦二林,208.0,0,2000,962B,3035,2026-05-21
富邦三峽,201.5,1000,0,962J,3035,2026-05-21
富邦三峽,199.5,0,1000,962J,3035,2026-05-21
富邦斗六,205.0,0,2300,962G,3035,2026-05-21
富邦斗六,202.0,1000,1000,962G,3035,2026-05-21
富邦斗六,200.5,0,1000,962G,3035,2026-05-21
富邦斗六,199.5,0,1000,962G,3035,2026-05-21
富邦樹林,207.5,1050,0,962E,3035,2026-05-21
富邦樹林,205.5,0,1000,962E,3035,2026-05-21
富邦三峽,200.5,0,1000,962J,3035,2026-05-21
富邦二林,205.5,0,1000,962B,3035,2026-05-21
富邦二林,204.5,0,1100,962B,3035,2026-05-21
富邦二林,203.5,0,200,962B,3035,2026-05-21
富邦竹東,204.5,0,10,9625,3035,2026-05-21
富邦竹東,203.0,1000,0,9625,3035,2026-05-21
富邦竹東,202.0,0,4000,9625,3035,2026-05-21
富邦竹東,200.5,4000,1000,9625,3035,2026-05-21
富邦竹東,199.5,10,0,9625,3035,2026-05-21
富邦竹東,198.5,0,4000,9625,3035,2026-05-21
富邦竹東,197.5,10,0,9625,3035,2026-05-21
富邦竹東,208.0,2000,2280,9625,3035,2026-05-21
富邦竹北,208.0,0,28100,9624,3035,2026-05-21
富邦竹北,203.5,1000,1100,9624,3035,2026-05-21
富邦竹北,202.5,3000,3240,9624,3035,2026-05-21
富邦竹北,201.5,0,1100,9624,3035,2026-05-21
富邦竹北,200.5,0,1000,9624,3035,2026-05-21
富邦竹北,199.5,9000,1310,9624,3035,2026-05-21
富邦竹北,198.0,2000,0,9624,3035,2026-05-21
富邦竹北,197.0,1000,1000,9624,3035,2026-05-21
富邦竹北,205.0,0,2000,9624,3035,2026-05-21
富邦頭份,203.5,0,2000,962P,3035,2026-05-21
富邦內湖,196.0,4000,0,9627,3035,2026-05-21
富邦內湖,199.5,3000,0,9627,3035,2026-05-21
富邦二林,201.0,0,300,962B,3035,2026-05-21
富邦二林,200.0,1000,2000,962B,3035,2026-05-21
富邦南港,208.0,0,20,962A,3035,2026-05-21
富邦南港,207.0,0,2010,962A,3035,2026-05-21
富邦南港,206.0,0,20,962A,3035,2026-05-21
富邦南港,204.5,0,30,962A,3035,2026-05-21
富邦南港,203.0,0,20,962A,3035,2026-05-21
富邦內湖,198.0,3000,0,9627,3035,2026-05-21
富邦南港,201.5,0,10,962A,3035,2026-05-21
富邦南港,199.0,0,140,962A,3035,2026-05-21
富邦南港,197.5,10,0,962A,3035,2026-05-21
富邦內湖,207.0,0,1030,9627,3035,2026-05-21
富邦內湖,204.5,500,1040,9627,3035,2026-05-21
富邦內湖,203.0,10,1000,9627,3035,2026-05-21
富邦內湖,201.5,10,8000,9627,3035,2026-05-21
富邦內湖,200.5,500,0,9627,3035,2026-05-21
富邦南港,200.5,0,70,962A,3035,2026-05-21
富邦竹北,196.0,0,1000,9624,3035,2026-05-21
富邦頭份,207.5,1000,1000,962P,3035,2026-05-21
富邦北高,196.5,0,2000,962Q,3035,2026-05-21
富邦永和,207.5,81,3200,9654,3035,2026-05-21
富邦永和,206.0,2000,1475,9654,3035,2026-05-21
富邦永和,204.5,0,4000,9654,3035,2026-05-21
富邦永和,203.5,1101,5000,9654,3035,2026-05-21
富邦永和,202.5,100,7,9654,3035,2026-05-21
富邦永和,201.5,1140,4350,9654,3035,2026-05-21
富邦永和,200.5,1100,5226,9654,3035,2026-05-21
富邦永和,199.5,1000,2056,9654,3035,2026-05-21
富邦永和,198.5,90,1020,9654,3035,2026-05-21
富邦永和,197.5,1000,1040,9654,3035,2026-05-21
富邦永和,196.0,1000,0,9654,3035,2026-05-21
富邦新竹,208.0,0,11350,9647,3035,2026-05-21
富邦新竹,205.5,0,2000,9647,3035,2026-05-21
富邦新竹,204.0,5010,1000,9647,3035,2026-05-21
富邦新竹,203.0,1000,2000,9647,3035,2026-05-21
富邦板橋,195.5,5000,0,9655,3035,2026-05-21
富邦板橋,196.5,0,2000,9655,3035,2026-05-21
富邦板橋,197.5,3000,0,9655,3035,2026-05-21
富邦板橋,198.5,1102,1439,9655,3035,2026-05-21
富邦建國,196.5,2000,0,9658,3035,2026-05-21
富邦建國,195.5,0,11000,9658,3035,2026-05-21
富邦苗栗,207.5,0,50,9657,3035,2026-05-21
富邦苗栗,204.5,0,1000,9657,3035,2026-05-21
富邦苗栗,203.5,1000,0,9657,3035,2026-05-21
富邦苗栗,202.0,1000,0,9657,3035,2026-05-21
富邦苗栗,201.0,0,1000,9657,3035,2026-05-21
富邦新竹,202.0,1000,9129,9647,3035,2026-05-21
富邦苗栗,199.0,0,1000,9657,3035,2026-05-21
富邦板橋,205.5,1000,0,9655,3035,2026-05-21
富邦板橋,204.5,0,134,9655,3035,2026-05-21
富邦板橋,203.5,2000,3000,9655,3035,2026-05-21
富邦板橋,202.5,3600,3000,9655,3035,2026-05-21
富邦板橋,201.5,2000,4150,9655,3035,2026-05-21
富邦板橋,200.5,1000,8485,9655,3035,2026-05-21
富邦板橋,199.5,7270,11100,9655,3035,2026-05-21
富邦板橋,208.0,500,22455,9655,3035,2026-05-21
富邦新竹,201.0,1050,1060,9647,3035,2026-05-21
富邦新竹,200.0,12000,2311,9647,3035,2026-05-21
富邦新竹,199.0,272,7100,9647,3035,2026-05-21
富邦中壢,196.5,3000,0,9636,3035,2026-05-21
富邦羅東,208.0,0,15300,9634,3035,2026-05-21
富邦羅東,205.5,0,120,9634,3035,2026-05-21
富邦羅東,204.0,0,1000,9634,3035,2026-05-21
富邦羅東,202.0,0,2000,9634,3035,2026-05-21
富邦羅東,201.0,1000,2090,9634,3035,2026-05-21
富邦羅東,200.0,0,5000,9634,3035,2026-05-21
富邦中壢,199.0,1000,5950,9636,3035,2026-05-21
富邦羅東,199.0,1000,1030,9634,3035,2026-05-21
富邦北高,207.0,0,3000,962Q,3035,2026-05-21
富邦北高,204.5,0,1000,962Q,3035,2026-05-21
富邦北高,203.0,0,4,962Q,3035,2026-05-21
富邦北高,202.0,0,3000,962Q,3035,2026-05-21
富邦北高,201.0,0,2039,962Q,3035,2026-05-21
富邦北高,199.5,0,3000,962Q,3035,2026-05-21
富邦北高,198.5,2000,2000,962Q,3035,2026-05-21
富邦羅東,196.0,0,1000,9634,3035,2026-05-21
富邦北高,195.5,0,3000,962Q,3035,2026-05-21
富邦中壢,200.0,2000,5810,9636,3035,2026-05-21
富邦中壢,202.5,0,1010,9636,3035,2026-05-21
富邦新竹,198.0,2000,3000,9647,3035,2026-05-21
富邦新竹,196.5,0,3000,9647,3035,2026-05-21
富邦豐原,208.0,0,2060,963L,3035,2026-05-21
富邦豐原,203.5,1000,0,963L,3035,2026-05-21
富邦豐原,200.0,50,50,963L,3035,2026-05-21
富邦豐原,197.0,2000,0,963L,3035,2026-05-21
富邦八德,206.0,0,10000,963A,3035,2026-05-21
富邦中壢,201.5,0,3000,9636,3035,2026-05-21
富邦八德,203.5,0,1000,963A,3035,2026-05-21
富邦八德,200.5,7000,4000,963A,3035,2026-05-21
富邦八德,199.5,2010,1000,963A,3035,2026-05-21
富邦八德,198.0,5000,100,963A,3035,2026-05-21
富邦八德,195.5,2000,0,963A,3035,2026-05-21
富邦中壢,207.5,0,100,9636,3035,2026-05-21
富邦中壢,204.5,0,1100,9636,3035,2026-05-21
富邦中壢,203.5,1000,2000,9636,3035,2026-05-21
富邦八德,201.5,0,1000,963A,3035,2026-05-21
華南苗栗,205.5,0,1000,9362,3035,2026-05-21
富邦台北,207.5,5,17000,9623,3035,2026-05-21
富邦台北,205.0,0,5050,9623,3035,2026-05-21
富邦基隆,202.5,10,0,9614,3035,2026-05-21
富邦基隆,199.5,2100,0,9614,3035,2026-05-21
富邦基隆,197.5,0,1000,9614,3035,2026-05-21
富邦台東,207.5,1000,0,9608,3035,2026-05-21
富邦台東,204.0,2200,0,9608,3035,2026-05-21
富邦台東,200.5,200,1050,9608,3035,2026-05-21
富邦台東,199.5,1000,100,9608,3035,2026-05-21
富邦台東,196.0,0,1000,9608,3035,2026-05-21
富邦陽明,207.5,1000,1050,9604,3035,2026-05-21
富邦陽明,206.5,0,2000,9604,3035,2026-05-21
富邦陽明,204.5,80,1,9604,3035,2026-05-21
富邦陽明,203.5,0,1010,9604,3035,2026-05-21
富邦陽明,202.5,0,3000,9604,3035,2026-05-21
富邦陽明,201.5,9000,1103,9604,3035,2026-05-21
富邦陽明,200.5,3000,2002,9604,3035,2026-05-21
富邦基隆,204.0,100,2000,9614,3035,2026-05-21
富邦基隆,205.0,0,2100,9614,3035,2026-05-21
富邦基隆,207.5,2000,0,9614,3035,2026-05-21
富邦岡山,197.5,0,1000,9616,3035,2026-05-21
富邦公益,200.0,0,2000,961F,3035,2026-05-21
富邦公益,199.0,13050,1400,961F,3035,2026-05-21
富邦公益,198.0,60,0,961F,3035,2026-05-21
富邦公益,196.0,0,4000,961F,3035,2026-05-21
富邦南京,207.5,30,2,961C,3035,2026-05-21
富邦南京,206.0,0,1000,961C,3035,2026-05-21
富邦南京,204.0,2000,10,961C,3035,2026-05-21
富邦陽明,199.5,1000,5222,9604,3035,2026-05-21
富邦南京,203.0,0,3000,961C,3035,2026-05-21
富邦南京,200.0,1000,4200,961C,3035,2026-05-21
富邦南京,198.5,10,0,961C,3035,2026-05-21
富邦南京,197.5,10,0,961C,3035,2026-05-21
富邦岡山,205.0,0,2000,9616,3035,2026-05-21
富邦岡山,201.5,0,30,9616,3035,2026-05-21
富邦岡山,200.5,0,30,9616,3035,2026-05-21
富邦岡山,199.5,1000,0,9616,3035,2026-05-21
富邦南京,201.0,0,100,961C,3035,2026-05-21
富邦陽明,198.0,1000,2000,9604,3035,2026-05-21
富邦陽明,196.5,4000,0,9604,3035,2026-05-21
富邦陽明,195.5,1000,2000,9604,3035,2026-05-21
華南虎尾,198.5,50,0,9377,3035,2026-05-21
華南三重,206.0,0,1000,9369,3035,2026-05-21
華南三重,204.5,2000,0,9369,3035,2026-05-21
華南三重,202.0,1000,0,9369,3035,2026-05-21
華南三重,200.5,2000,0,9369,3035,2026-05-21
華南三重,199.0,15,1000,9369,3035,2026-05-21
華南豐原,207.5,0,1000,9366,3035,2026-05-21
華南虎尾,199.5,1000,6000,9377,3035,2026-05-21
華南豐原,204.5,0,1000,9366,3035,2026-05-21
華南豐原,200.5,0,2000,9366,3035,2026-05-21
華南豐原,199.0,1000,0,9366,3035,2026-05-21
華南彰化,206.0,0,1000,9363,3035,2026-05-21
華南彰化,204.0,0,1000,9363,3035,2026-05-21
華南彰化,202.5,0,5000,9363,3035,2026-05-21
華南彰化,200.5,0,2000,9363,3035,2026-05-21
華南彰化,199.5,2000,2000,9363,3035,2026-05-21
華南豐原,202.0,0,3000,9366,3035,2026-05-21
富邦公益,201.0,2000,4105,961F,3035,2026-05-21
華南虎尾,201.0,2000,1002,9377,3035,2026-05-21
華南虎尾,203.5,2000,1000,9377,3035,2026-05-21
富邦,206.5,2000,0,9600,3035,2026-05-21
富邦,205.0,1000,13000,9600,3035,2026-05-21
富邦,204.0,1010,0,9600,3035,2026-05-21
富邦,203.0,2745,100,9600,3035,2026-05-21
富邦,202.0,801,1000,9600,3035,2026-05-21
富邦,201.0,0,6004,9600,3035,2026-05-21
富邦,200.0,1001,19000,9600,3035,2026-05-21
華南虎尾,202.5,0,2000,9377,3035,2026-05-21
富邦,198.0,0,1142,9600,3035,2026-05-21
富邦,196.0,5000,0,9600,3035,2026-05-21
華南東昇,208.0,0,1000,9386,3035,2026-05-21
華南東昇,203.5,1000,0,9386,3035,2026-05-21
華南東昇,201.0,0,1000,9386,3035,2026-05-21
華南東昇,200.0,0,3000,9386,3035,2026-05-21
華南東昇,199.0,1000,2200,9386,3035,2026-05-21
華南虎尾,205.0,42000,2000,9377,3035,2026-05-21
富邦,197.0,0,1000,9600,3035,2026-05-21
富邦台北,206.5,0,2000,9623,3035,2026-05-21
富邦公益,202.0,1000,1039,961F,3035,2026-05-21
富邦公益,204.0,2100,1120,961F,3035,2026-05-21
富邦永康,199.5,0,1000,961Z,3035,2026-05-21
富邦永康,198.5,0,1000,961Z,3035,2026-05-21
富邦永康,195.5,1000,0,961Z,3035,2026-05-21
富邦屏東,204.5,0,4000,961Y,3035,2026-05-21
富邦屏東,203.5,0,1000,961Y,3035,2026-05-21
富邦屏東,200.0,100,2000,961Y,3035,2026-05-21
富邦屏東,198.5,1000,0,961Y,3035,2026-05-21
富邦屏東,196.0,0,2000,961Y,3035,2026-05-21
富邦南員,207.0,0,1000,961R,3035,2026-05-21
富邦南員,202.5,0,120,961R,3035,2026-05-21
富邦南員,201.0,0,1000,961R,3035,2026-05-21
富邦南員,200.0,200,1000,961R,3035,2026-05-21
富邦南員,199.0,1000,0,961R,3035,2026-05-21
富邦南員,197.5,1000,140,961R,3035,2026-05-21
富邦和美,206.0,0,1000,961P,3035,2026-05-21
富邦永康,200.5,30,0,961Z,3035,2026-05-21
富邦永康,201.5,0,1000,961Z,3035,2026-05-21
富邦永康,203.0,0,1000,961Z,3035,2026-05-21
富邦永康,204.5,0,2000,961Z,3035,2026-05-21
富邦台北,204.0,1042,4100,9623,3035,2026-05-21
富邦台北,203.0,20,4140,9623,3035,2026-05-21
富邦台北,202.0,2000,6305,9623,3035,2026-05-21
富邦台北,201.0,2521,54910,9623,3035,2026-05-21
富邦台北,200.0,3000,6204,9623,3035,2026-05-21
富邦台北,199.0,1010,2070,9623,3035,2026-05-21
富邦台北,198.0,3005,6002,9623,3035,2026-05-21
富邦和美,203.0,0,2000,961P,3035,2026-05-21
富邦台北,197.0,0,2000,9623,3035,2026-05-21
富邦花蓮,204.0,1000,10170,9621,3035,2026-05-21
富邦花蓮,203.0,0,2400,9621,3035,2026-05-21
富邦花蓮,201.5,2000,1000,9621,3035,2026-05-21
富邦花蓮,200.0,0,30,9621,3035,2026-05-21
富邦花蓮,198.5,1000,0,9621,3035,2026-05-21
富邦花蓮,196.0,1000,0,9621,3035,2026-05-21
富邦永康,207.5,0,2000,961Z,3035,2026-05-21
富邦花蓮,208.0,10,7010,9621,3035,2026-05-21
富邦和美,201.0,0,2006,961P,3035,2026-05-21
富邦和美,200.0,1000,150,961P,3035,2026-05-21
富邦和美,198.5,0,1150,961P,3035,2026-05-21
富邦七賢,204.0,8,1,961K,3035,2026-05-21
富邦七賢,203.0,0,2000,961K,3035,2026-05-21
富邦七賢,202.0,0,8000,961K,3035,2026-05-21
富邦七賢,200.0,0,1000,961K,3035,2026-05-21
富邦七賢,199.0,1000,1020,961K,3035,2026-05-21
富邦七賢,197.5,0,1000,961K,3035,2026-05-21
富邦七賢,196.5,1000,0,961K,3035,2026-05-21
富邦七賢,205.0,0,2500,961K,3035,2026-05-21
富邦新板,207.5,2000,1100,961H,3035,2026-05-21
富邦新板,203.0,0,1000,961H,3035,2026-05-21
富邦新板,202.0,1000,2000,961H,3035,2026-05-21
富邦新板,201.0,0,6500,961H,3035,2026-05-21
富邦新板,199.5,2100,0,961H,3035,2026-05-21
富邦新板,196.5,1000,0,961H,3035,2026-05-21
富邦公益,207.5,50,4000,961F,3035,2026-05-21
富邦公益,205.5,0,1000,961F,3035,2026-05-21
富邦新板,204.0,0,3000,961H,3035,2026-05-21
富邦公益,203.0,1000,4000,961F,3035,2026-05-21
富邦七賢,207.5,0,100,961K,3035,2026-05-21
富邦木柵,197.5,0,1,961M,3035,2026-05-21
富邦和美,197.5,0,1000,961P,3035,2026-05-21
富邦和美,196.0,3000,1000,961P,3035,2026-05-21
富邦青埔,207.5,0,5000,961N,3035,2026-05-21
富邦青埔,205.5,0,1000,961N,3035,2026-05-21
富邦青埔,204.5,1000,0,961N,3035,2026-05-21
富邦青埔,203.0,100,0,961N,3035,2026-05-21
富邦青埔,201.5,0,1000,961N,3035,2026-05-21
富邦木柵,195.5,0,10000,961M,3035,2026-05-21
富邦青埔,200.5,500,50,961N,3035,2026-05-21
富邦青埔,198.0,1000,1000,961N,3035,2026-05-21
富邦木柵,208.0,3000,3000,961M,3035,2026-05-21
富邦木柵,205.0,0,2000,961M,3035,2026-05-21
富邦木柵,203.5,1000,1000,961M,3035,2026-05-21
富邦木柵,202.5,0,2200,961M,3035,2026-05-21
富邦木柵,200.5,200,1000,961M,3035,2026-05-21
富邦木柵,199.5,3100,0,961M,3035,2026-05-21
富邦青埔,199.5,0,2015,961N,3035,2026-05-21
元大竹東,198.5,1000,2000,983f,3035,2026-05-21
元大竹東,199.5,2000,2000,983f,3035,2026-05-21
元大竹東,200.5,0,1000,983f,3035,2026-05-21
永豐豐原,200.0,100,200,9A9Q,3035,2026-05-21
永豐豐原,199.0,100,0,9A9Q,3035,2026-05-21
永豐豐原,198.0,100,0,9A9Q,3035,2026-05-21
永豐豐原,196.5,0,1000,9A9Q,3035,2026-05-21
永豐潮州,204.0,0,1000,9A9q,3035,2026-05-21
永豐潮州,200.5,0,2200,9A9q,3035,2026-05-21
永豐潮州,199.0,150,1200,9A9q,3035,2026-05-21
永豐竹北,207.5,0,50,9A9P,3035,2026-05-21
永豐竹北,204.5,0,1000,9A9P,3035,2026-05-21
永豐竹北,203.0,1000,1000,9A9P,3035,2026-05-21
永豐竹北,202.0,0,2000,9A9P,3035,2026-05-21
永豐竹北,201.0,0,1100,9A9P,3035,2026-05-21
永豐竹北,199.0,2030,1000,9A9P,3035,2026-05-21
永豐竹北,198.0,1140,5000,9A9P,3035,2026-05-21
永豐竹北,197.0,0,1000,9A9P,3035,2026-05-21
永豐豐原,201.0,1000,1203,9A9Q,3035,2026-05-21
永豐豐原,202.0,0,8200,9A9Q,3035,2026-05-21
永豐豐原,203.0,1000,72,9A9Q,3035,2026-05-21
永豐豐原,204.0,1000,100,9A9Q,3035,2026-05-21
永豐信義,204.5,0,1000,9A9R,3035,2026-05-21
永豐信義,203.5,0,10,9A9R,3035,2026-05-21
永豐信義,201.5,0,1000,9A9R,3035,2026-05-21
永豐信義,199.5,100,0,9A9R,3035,2026-05-21
永豐信義,198.5,1000,0,9A9R,3035,2026-05-21
永豐北高,208.0,0,5050,9A9r,3035,2026-05-21
永豐北高,207.0,0,1000,9A9r,3035,2026-05-21
永豐桃盛,208.0,1000,2098,9A9N,3035,2026-05-21
永豐北高,204.5,0,2000,9A9r,3035,2026-05-21
永豐北高,202.0,0,1000,9A9r,3035,2026-05-21
永豐北高,201.0,0,2000,9A9r,3035,2026-05-21
永豐北高,200.0,0,1000,9A9r,3035,2026-05-21
永豐北高,198.0,1000,0,9A9r,3035,2026-05-21
永豐豐原,207.5,1000,0,9A9Q,3035,2026-05-21
永豐豐原,206.0,0,2000,9A9Q,3035,2026-05-21
永豐豐原,205.0,1000,100,9A9Q,3035,2026-05-21
永豐北高,203.0,5,0,9A9r,3035,2026-05-21
永豐桃盛,206.0,1000,0,9A9N,3035,2026-05-21
永豐桃盛,203.5,1000,0,9A9N,3035,2026-05-21
永豐桃盛,202.5,2000,3000,9A9N,3035,2026-05-21
永豐三重,207.5,0,100,9A9K,3035,2026-05-21
永豐三重,206.0,2000,1000,9A9K,3035,2026-05-21
永豐三重,204.5,0,200,9A9K,3035,2026-05-21
永豐三重,203.5,2000,200,9A9K,3035,2026-05-21
永豐三重,201.5,1000,1000,9A9K,3035,2026-05-21
永豐三重,200.5,0,10000,9A9K,3035,2026-05-21
永豐三重,199.0,1000,0,9A9K,3035,2026-05-21
永豐台中,197.5,10,0,9A9L,3035,2026-05-21
永豐三重,198.0,2000,1020,9A9K,3035,2026-05-21
永豐板新,207.5,1000,0,9A9J,3035,2026-05-21
永豐板新,205.5,0,2000,9A9J,3035,2026-05-21
永豐板新,204.5,0,1050,9A9J,3035,2026-05-21
永豐板新,203.5,3000,0,9A9J,3035,2026-05-21
永豐板新,202.0,1010,2300,9A9J,3035,2026-05-21
永豐板新,201.0,3000,4000,9A9J,3035,2026-05-21
永豐板新,200.0,3000,67,9A9J,3035,2026-05-21
永豐三重,196.5,0,10000,9A9K,3035,2026-05-21
永豐信義,208.0,0,2000,9A9R,3035,2026-05-21
永豐台中,198.5,1010,3000,9A9L,3035,2026-05-21
永豐台中,200.5,10,1200,9A9L,3035,2026-05-21
永豐桃盛,201.5,0,6000,9A9N,3035,2026-05-21
永豐桃盛,200.5,5050,2000,9A9N,3035,2026-05-21
永豐桃盛,199.0,1000,0,9A9N,3035,2026-05-21
永豐桃盛,198.0,0,1000,9A9N,3035,2026-05-21
永豐南投,208.0,0,3050,9A9M,3035,2026-05-21
永豐南投,205.0,0,50,9A9M,3035,2026-05-21
永豐南投,204.0,2000,0,9A9M,3035,2026-05-21
永豐台中,199.5,2010,0,9A9L,3035,2026-05-21
永豐南投,202.5,5,0,9A9M,3035,2026-05-21
永豐南投,200.0,1000,0,9A9M,3035,2026-05-21
永豐南投,199.0,0,207,9A9M,3035,2026-05-21
永豐南投,196.0,0,1000,9A9M,3035,2026-05-21
永豐台中,205.0,0,6000,9A9L,3035,2026-05-21
永豐台中,203.5,2000,0,9A9L,3035,2026-05-21
永豐台中,202.5,0,1000,9A9L,3035,2026-05-21
永豐台中,201.5,0,2000,9A9L,3035,2026-05-21
永豐南投,201.0,0,200,9A9M,3035,2026-05-21
永豐板新,199.0,1000,3200,9A9J,3035,2026-05-21
永豐彰化,198.5,1000,1000,9A9s,3035,2026-05-21
永豐彰化,200.5,0,1000,9A9s,3035,2026-05-21
永豐板盛,204.0,50,2000,9A9Y,3035,2026-05-21
永豐板盛,203.0,1300,0,9A9Y,3035,2026-05-21
永豐板盛,201.5,0,1000,9A9Y,3035,2026-05-21
永豐板盛,200.5,100,4100,9A9Y,3035,2026-05-21
永豐板盛,199.5,1000,0,9A9Y,3035,2026-05-21
永豐板盛,196.0,0,10000,9A9Y,3035,2026-05-21
永豐竹科,208.0,30,4282,9A9X,3035,2026-05-21
永豐竹科,207.0,0,1000,9A9X,3035,2026-05-21
永豐竹科,204.5,0,1000,9A9X,3035,2026-05-21
永豐竹科,203.5,20,3000,9A9X,3035,2026-05-21
永豐竹科,202.5,1100,257,9A9X,3035,2026-05-21
永豐竹科,201.0,2000,50,9A9X,3035,2026-05-21
永豐竹科,200.0,0,1080,9A9X,3035,2026-05-21
永豐竹科,199.0,0,5000,9A9X,3035,2026-05-21
永豐竹科,198.0,0,247,9A9X,3035,2026-05-21
永豐板盛,205.0,0,2700,9A9Y,3035,2026-05-21
永豐板盛,207.5,0,2000,9A9Y,3035,2026-05-21
永豐復興,197.0,0,2000,9A9Z,3035,2026-05-21
永豐復興,201.0,1000,0,9A9Z,3035,2026-05-21
台新新營,197.5,10000,0,9B11,3035,2026-05-21
台新證券,208.0,1078,13830,9B00,3035,2026-05-21
台新證券,207.0,0,1000,9B00,3035,2026-05-21
台新證券,206.0,0,1000,9B00,3035,2026-05-21
台新證券,205.0,500,9600,9B00,3035,2026-05-21
台新證券,204.0,17100,4000,9B00,3035,2026-05-21
台新證券,203.0,4204,34330,9B00,3035,2026-05-21
永豐桃園,208.0,0,13101,9A9x,3035,2026-05-21
台新證券,202.0,9377,15850,9B00,3035,2026-05-21
台新證券,200.0,7375,6100,9B00,3035,2026-05-21
台新證券,199.0,20926,12570,9B00,3035,2026-05-21
台新證券,198.0,5625,50,9B00,3035,2026-05-21
台新證券,197.0,5000,1000,9B00,3035,2026-05-21
台新證券,196.0,5000,8000,9B00,3035,2026-05-21
永豐復興,208.0,0,1000,9A9Z,3035,2026-05-21
永豐復興,204.0,2000,0,9A9Z,3035,2026-05-21
台新證券,201.0,15220,17680,9B00,3035,2026-05-21
永豐桃園,206.0,0,1000,9A9x,3035,2026-05-21
永豐桃園,205.0,3000,1000,9A9x,3035,2026-05-21
永豐桃園,204.0,4100,5000,9A9x,3035,2026-05-21
永豐中正,202.5,0,1050,9A9U,3035,2026-05-21
永豐中正,201.5,0,1000,9A9U,3035,2026-05-21
永豐中正,200.5,0,1000,9A9U,3035,2026-05-21
永豐中正,199.5,3000,2000,9A9U,3035,2026-05-21
永豐中正,198.5,0,4020,9A9U,3035,2026-05-21
永豐中正,195.5,0,1000,9A9U,3035,2026-05-21
永豐南京,204.0,2000,0,9A9S,3035,2026-05-21
永豐中正,205.0,0,1050,9A9U,3035,2026-05-21
永豐南京,203.0,0,1000,9A9S,3035,2026-05-21
永豐南京,200.5,2,1000,9A9S,3035,2026-05-21
永豐南京,199.5,2000,1000,9A9S,3035,2026-05-21
永豐南京,198.5,0,1000,9A9S,3035,2026-05-21
永豐南京,195.5,0,8000,9A9S,3035,2026-05-21
永豐彰化,206.0,0,2000,9A9s,3035,2026-05-21
永豐彰化,203.5,1000,0,9A9s,3035,2026-05-21
永豐彰化,202.0,0,100,9A9s,3035,2026-05-21
永豐南京,202.0,0,5000,9A9S,3035,2026-05-21
永豐彰化,199.5,1000,0,9A9s,3035,2026-05-21
永豐中正,208.0,0,33004,9A9U,3035,2026-05-21
永豐市政,197.0,0,7000,9A9W,3035,2026-05-21
永豐桃園,203.0,0,1530,9A9x,3035,2026-05-21
永豐桃園,202.0,1000,1050,9A9x,3035,2026-05-21
永豐桃園,201.0,0,2135,9A9x,3035,2026-05-21
永豐桃園,200.0,1000,750,9A9x,3035,2026-05-21
永豐桃園,199.0,0,10000,9A9x,3035,2026-05-21
永豐桃園,197.5,15000,0,9A9x,3035,2026-05-21
永豐桃園,196.5,1000,0,9A9x,3035,2026-05-21
永豐市政,196.0,1000,2000,9A9W,3035,2026-05-21
永豐市政,208.0,1000,6230,9A9W,3035,2026-05-21
永豐市政,204.5,150,110,9A9W,3035,2026-05-21
永豐市政,203.0,0,6200,9A9W,3035,2026-05-21
永豐市政,202.0,2000,6000,9A9W,3035,2026-05-21
永豐市政,201.0,1150,3200,9A9W,3035,2026-05-21
永豐市政,200.0,150,2020,9A9W,3035,2026-05-21
永豐市政,199.0,1250,20,9A9W,3035,2026-05-21
永豐市政,198.0,1000,900,9A9W,3035,2026-05-21
永豐市政,206.0,1000,0,9A9W,3035,2026-05-21
台新新營,198.5,0,30,9B11,3035,2026-05-21
永豐板新,198.0,1000,0,9A9J,3035,2026-05-21
永豐嘉義,208.0,0,2000,9A9j,3035,2026-05-21
永豐苓雅,205.0,0,2000,9A9a,3035,2026-05-21
永豐苓雅,204.0,0,1000,9A9a,3035,2026-05-21
永豐苓雅,201.5,2000,5000,9A9a,3035,2026-05-21
永豐苓雅,200.5,0,2000,9A9a,3035,2026-05-21
永豐苓雅,199.5,5000,1000,9A9a,3035,2026-05-21
永豐苓雅,195.5,0,1000,9A9a,3035,2026-05-21
永豐中壢,206.0,0,1000,9A99,3035,2026-05-21
永豐中壢,204.5,0,4000,9A99,3035,2026-05-21
永豐中壢,203.5,1000,0,9A99,3035,2026-05-21
永豐中壢,201.0,1000,1000,9A99,3035,2026-05-21
永豐中壢,200.0,1112,3500,9A99,3035,2026-05-21
永豐中壢,198.5,0,2000,9A99,3035,2026-05-21
永豐中壢,196.0,0,2000,9A99,3035,2026-05-21
永豐大園,204.0,2050,4000,9A98,3035,2026-05-21
永豐大園,202.5,1000,0,9A98,3035,2026-05-21
永豐苓雅,208.0,1050,2014,9A9a,3035,2026-05-21
永豐羅東,197.5,1000,0,9A9A,3035,2026-05-21
永豐羅東,199.0,2000,9000,9A9A,3035,2026-05-21
永豐羅東,200.0,15000,1000,9A9A,3035,2026-05-21
永豐永康,199.5,1007,2000,9A9c,3035,2026-05-21
永豐永康,198.5,0,1000,9A9c,3035,2026-05-21
永豐永康,197.5,0,1001,9A9c,3035,2026-05-21
永豐中和,208.0,0,2000,9A9B,3035,2026-05-21
永豐中和,203.0,1000,0,9A9B,3035,2026-05-21
永豐中和,201.0,3000,0,9A9B,3035,2026-05-21
永豐中和,200.0,1000,1500,9A9B,3035,2026-05-21
永豐大園,201.5,0,2200,9A98,3035,2026-05-21
永豐中和,198.5,5000,0,9A9B,3035,2026-05-21
永豐虎尾,207.5,6000,0,9A9b,3035,2026-05-21
永豐虎尾,200.0,0,1000,9A9b,3035,2026-05-21
永豐羅東,208.0,0,10050,9A9A,3035,2026-05-21
永豐羅東,207.0,0,15000,9A9A,3035,2026-05-21
永豐羅東,204.5,0,50,9A9A,3035,2026-05-21
永豐羅東,202.5,1000,0,9A9A,3035,2026-05-21
永豐羅東,201.5,5000,1005,9A9A,3035,2026-05-21
永豐中和,196.5,5000,0,9A9B,3035,2026-05-21
永豐大園,200.5,0,500,9A98,3035,2026-05-21
永豐新竹,208.0,0,1010,9A97,3035,2026-05-21
永豐新竹,206.0,0,1000,9A97,3035,2026-05-21
永豐松山,197.0,1000,0,9A91,3035,2026-05-21
永豐松山,196.0,0,3000,9A91,3035,2026-05-21
永豐敦南,207.5,0,13100,9A8F,3035,2026-05-21
永豐敦南,205.0,1000,0,9A8F,3035,2026-05-21
永豐敦南,203.0,3000,11000,9A8F,3035,2026-05-21
永豐敦南,202.0,1000,0,9A8F,3035,2026-05-21
永豐敦南,201.0,6000,0,9A8F,3035,2026-05-21
永豐松山,198.5,1000,3000,9A91,3035,2026-05-21
永豐敦南,200.0,9000,560,9A8F,3035,2026-05-21
永豐敦南,197.5,0,8000,9A8F,3035,2026-05-21
永豐敦南,195.5,10000,0,9A8F,3035,2026-05-21
永豐敦北,207.5,1020,0,9A89,3035,2026-05-21
永豐敦北,205.0,0,20000,9A89,3035,2026-05-21
永豐敦北,203.5,0,2000,9A89,3035,2026-05-21
永豐敦北,201.0,0,1000,9A89,3035,2026-05-21
永豐敦北,200.0,2000,3010,9A89,3035,2026-05-21
永豐敦南,199.0,4000,1084,9A8F,3035,2026-05-21
永豐永康,201.0,0,4200,9A9c,3035,2026-05-21
永豐松山,199.5,1060,1000,9A91,3035,2026-05-21
永豐松山,201.5,40,0,9A91,3035,2026-05-21
永豐新竹,205.0,0,6100,9A97,3035,2026-05-21
永豐新竹,203.0,1000,2050,9A97,3035,2026-05-21
永豐新竹,201.0,1000,1000,9A97,3035,2026-05-21
永豐新竹,200.0,1000,1200,9A97,3035,2026-05-21
永豐新竹,199.0,3099,2073,9A97,3035,2026-05-21
永豐新竹,198.0,1000,0,9A97,3035,2026-05-21
永豐萬盛,208.0,1150,2000,9A92,3035,2026-05-21
永豐松山,200.5,1000,2015,9A91,3035,2026-05-21
永豐萬盛,205.0,0,1000,9A92,3035,2026-05-21
永豐萬盛,202.0,1000,2000,9A92,3035,2026-05-21
永豐萬盛,200.5,2100,3198,9A92,3035,2026-05-21
永豐萬盛,199.5,3000,2145,9A92,3035,2026-05-21
永豐萬盛,198.0,1050,0,9A92,3035,2026-05-21
永豐松山,208.0,0,2000,9A91,3035,2026-05-21
永豐松山,204.0,0,15,9A91,3035,2026-05-21
永豐松山,203.0,2000,1000,9A91,3035,2026-05-21
永豐萬盛,204.0,50,2000,9A92,3035,2026-05-21
永豐板新,196.0,0,1000,9A9J,3035,2026-05-21
永豐永康,202.0,1000,1003,9A9c,3035,2026-05-21
永豐永康,204.0,1100,4350,9A9c,3035,2026-05-21
永豐台南,202.5,0,1000,9A9h,3035,2026-05-21
永豐台南,201.5,50,2000,9A9h,3035,2026-05-21
永豐台南,200.5,5200,1050,9A9h,3035,2026-05-21
永豐台南,199.5,6000,4000,9A9h,3035,2026-05-21
永豐台南,198.5,1150,6000,9A9h,3035,2026-05-21
永豐台南,197.5,2000,0,9A9h,3035,2026-05-21
永豐天母,208.0,0,1070,9A9G,3035,2026-05-21
永豐天母,204.0,20,4000,9A9G,3035,2026-05-21
永豐天母,202.0,0,1070,9A9G,3035,2026-05-21
永豐天母,201.0,1000,0,9A9G,3035,2026-05-21
永豐天母,199.5,1000,0,9A9G,3035,2026-05-21
永豐天母,198.0,1000,100,9A9G,3035,2026-05-21
永豐內湖,207.5,0,200,9A9g,3035,2026-05-21
永豐內湖,205.5,0,50,9A9g,3035,2026-05-21
永豐內湖,204.0,0,3000,9A9g,3035,2026-05-21
永豐台南,203.5,2000,0,9A9h,3035,2026-05-21
永豐台南,204.5,200,0,9A9h,3035,2026-05-21
永豐台南,208.0,1000,2700,9A9h,3035,2026-05-21
永豐新莊,196.5,0,1000,9A9H,3035,2026-05-21
永豐嘉義,203.5,1000,988,9A9j,3035,2026-05-21
永豐嘉義,202.5,1000,1000,9A9j,3035,2026-05-21
永豐嘉義,201.0,0,1000,9A9j,3035,2026-05-21
永豐嘉義,199.0,1000,0,9A9j,3035,2026-05-21
永豐新店,208.0,0,1000,9A9i,3035,2026-05-21
永豐新店,204.5,0,10,9A9i,3035,2026-05-21
永豐新店,203.0,0,478,9A9i,3035,2026-05-21
永豐內湖,202.0,1000,2000,9A9g,3035,2026-05-21
永豐新店,200.5,1000,3200,9A9i,3035,2026-05-21
永豐新店,198.0,1000,0,9A9i,3035,2026-05-21
永豐新莊,206.5,0,100,9A9H,3035,2026-05-21
永豐新莊,203.5,1000,300,9A9H,3035,2026-05-21
永豐新莊,202.0,1000,0,9A9H,3035,2026-05-21
永豐新莊,201.0,0,10,9A9H,3035,2026-05-21
永豐新莊,200.0,1090,5000,9A9H,3035,2026-05-21
永豐新莊,199.0,0,2000,9A9H,3035,2026-05-21
永豐新店,199.5,3000,2000,9A9i,3035,2026-05-21
永豐內湖,201.0,1000,5100,9A9g,3035,2026-05-21
永豐內湖,200.0,0,2000,9A9g,3035,2026-05-21
永豐內湖,199.0,1000,400,9A9g,3035,2026-05-21
永豐古亭,208.0,1000,1014,9A9d,3035,2026-05-21
永豐古亭,204.0,1000,1000,9A9d,3035,2026-05-21
永豐古亭,201.5,10,0,9A9d,3035,2026-05-21
永豐古亭,200.5,0,30,9A9d,3035,2026-05-21
永豐古亭,199.0,1020,100,9A9d,3035,2026-05-21
永豐古亭,198.0,1000,0,9A9d,3035,2026-05-21
永豐員林,208.0,0,2000,9A9C,3035,2026-05-21
永豐忠孝,196.0,0,1000,9A9D,3035,2026-05-21
永豐員林,205.0,1000,1100,9A9C,3035,2026-05-21
永豐員林,203.0,2000,0,9A9C,3035,2026-05-21
永豐員林,201.5,1040,1005,9A9C,3035,2026-05-21
永豐員林,200.5,0,2050,9A9C,3035,2026-05-21
永豐員林,199.0,1000,0,9A9C,3035,2026-05-21
永豐員林,198.0,4000,0,9A9C,3035,2026-05-21
永豐永康,208.0,2224,1,9A9c,3035,2026-05-21
永豐永康,205.5,0,1,9A9c,3035,2026-05-21
永豐員林,204.0,0,1000,9A9C,3035,2026-05-21
永豐永康,203.0,0,2000,9A9c,3035,2026-05-21
永豐忠孝,197.5,1000,0,9A9D,3035,2026-05-21
永豐忠孝,199.5,2000,2122,9A9D,3035,2026-05-21
永豐內湖,198.0,1000,0,9A9g,3035,2026-05-21
永豐高雄,207.5,1000,0,9A9e,3035,2026-05-21
永豐高雄,204.0,10000,1000,9A9e,3035,2026-05-21
永豐高雄,203.0,1100,0,9A9e,3035,2026-05-21
永豐高雄,201.5,500,0,9A9e,3035,2026-05-21
永豐高雄,200.5,31000,8200,9A9e,3035,2026-05-21
永豐高雄,199.5,0,100,9A9e,3035,2026-05-21
永豐忠孝,198.5,1000,0,9A9D,3035,2026-05-21
永豐高雄,198.5,25,50,9A9e,3035,2026-05-21
永豐忠孝,207.5,0,2000,9A9D,3035,2026-05-21
永豐忠孝,205.5,0,1000,9A9D,3035,2026-05-21
永豐忠孝,204.5,0,100,9A9D,3035,2026-05-21
永豐忠孝,203.5,4000,2000,9A9D,3035,2026-05-21
永豐忠孝,202.5,3000,1000,9A9D,3035,2026-05-21
永豐忠孝,201.5,2000,1000,9A9D,3035,2026-05-21
永豐忠孝,200.5,1000,1000,9A9D,3035,2026-05-21
永豐高雄,197.0,1000,0,9A9e,3035,2026-05-21
永豐敦北,199.0,0,2000,9A89,3035,2026-05-21
台新新營,199.5,1000,1020,9B11,3035,2026-05-21
台新新營,201.5,0,1300,9B11,3035,2026-05-21
台新成功,206.0,0,1000,9B2m,3035,2026-05-21
台新成功,202.5,0,2000,9B2m,3035,2026-05-21
台新成功,201.5,0,1000,9B2m,3035,2026-05-21
台新成功,200.5,0,2000,9B2m,3035,2026-05-21
台新成功,199.5,0,3000,9B2m,3035,2026-05-21
台新成功,198.5,0,400,9B2m,3035,2026-05-21
台新成功,196.5,0,1000,9B2m,3035,2026-05-21
台新成功,195.5,0,1000,9B2m,3035,2026-05-21
台新北壢,205.0,0,2000,9B2L,3035,2026-05-21
台新北壢,203.5,1000,0,9B2L,3035,2026-05-21
台新北壢,200.5,1000,1000,9B2L,3035,2026-05-21
台新大裕,208.0,0,6200,9B2l,3035,2026-05-21
台新大裕,204.0,0,5,9B2l,3035,2026-05-21
台新大裕,202.0,0,2350,9B2l,3035,2026-05-21
台新大裕,200.5,1000,200,9B2l,3035,2026-05-21
台新成功,208.0,0,7000,9B2m,3035,2026-05-21
台新彰化,198.0,8000,0,9B2M,3035,2026-05-21
台新彰化,199.0,0,1015,9B2M,3035,2026-05-21
台新彰化,200.5,0,1000,9B2M,3035,2026-05-21
台新同大,201.0,1000,1000,9B2P,3035,2026-05-21
台新同大,200.0,0,2000,9B2P,3035,2026-05-21
台新同大,199.0,100,0,9B2P,3035,2026-05-21
台新同大,196.0,1000,0,9B2P,3035,2026-05-21
台新新興,206.5,0,1000,9B2o,3035,2026-05-21
台新新興,202.5,0,2000,9B2o,3035,2026-05-21
台新新興,200.5,0,125,9B2o,3035,2026-05-21
台新大裕,199.5,15000,6,9B2l,3035,2026-05-21
台新新興,199.5,0,200,9B2o,3035,2026-05-21
台新虎尾,202.0,100,0,9B2N,3035,2026-05-21
台新虎尾,200.0,0,2000,9B2N,3035,2026-05-21
台新西松,202.5,0,60000,9B2n,3035,2026-05-21
台新西松,200.0,0,189,9B2n,3035,2026-05-21
台新西松,199.0,0,400,9B2n,3035,2026-05-21
台新西松,195.0,1000,0,9B2n,3035,2026-05-21
台新彰化,205.0,0,1499,9B2M,3035,2026-05-21
台新新興,198.0,1000,0,9B2o,3035,2026-05-21
台新大裕,198.0,10000,0,9B2l,3035,2026-05-21
台新嘉義,208.0,400,5055,9B2I,3035,2026-05-21
台新嘉義,205.0,0,1000,9B2I,3035,2026-05-21
台新新竹,199.5,7101,0,9B2G,3035,2026-05-21
台新新竹,198.0,0,30,9B2G,3035,2026-05-21
台新中原,205.0,0,1050,9B2g,3035,2026-05-21
台新中原,201.5,0,1000,9B2g,3035,2026-05-21
台新中原,200.0,51,2050,9B2g,3035,2026-05-21
台新中原,199.0,0,5,9B2g,3035,2026-05-21
台新城中,204.5,200,0,9B2E,3035,2026-05-21
台新新竹,201.0,0,1000,9B2G,3035,2026-05-21
台新城中,203.5,1000,0,9B2E,3035,2026-05-21
台新城中,199.5,0,4000,9B2E,3035,2026-05-21
台新城中,198.0,1000,0,9B2E,3035,2026-05-21
台新大昌,207.5,1010,0,9B2D,3035,2026-05-21
台新大昌,206.0,0,1000,9B2D,3035,2026-05-21
台新大昌,205.0,0,6,9B2D,3035,2026-05-21
台新大昌,203.0,0,1000,9B2D,3035,2026-05-21
台新大昌,202.0,0,2100,9B2D,3035,2026-05-21
台新城中,201.0,0,5000,9B2E,3035,2026-05-21
台新同大,203.0,0,1000,9B2P,3035,2026-05-21
台新新竹,202.0,0,4000,9B2G,3035,2026-05-21
台新信義,196.5,0,1000,9B2H,3035,2026-05-21
台新嘉義,203.0,3000,1000,9B2I,3035,2026-05-21
台新嘉義,201.0,0,1003,9B2I,3035,2026-05-21
台新嘉義,200.0,0,1000,9B2I,3035,2026-05-21
台新嘉義,199.0,10,2000,9B2I,3035,2026-05-21
台新嘉義,196.5,0,4000,9B2I,3035,2026-05-21
台新中港,207.5,0,1000,9B2i,3035,2026-05-21
台新中港,203.5,1000,0,9B2i,3035,2026-05-21
台新信義,195.5,0,1000,9B2H,3035,2026-05-21
台新中港,202.0,0,15000,9B2i,3035,2026-05-21
台新中港,199.0,1000,0,9B2i,3035,2026-05-21
台新信義,208.0,0,116,9B2H,3035,2026-05-21
台新信義,205.0,0,1000,9B2H,3035,2026-05-21
台新信義,202.0,0,2000,9B2H,3035,2026-05-21
台新信義,201.0,0,6000,9B2H,3035,2026-05-21
台新信義,200.0,1000,1300,9B2H,3035,2026-05-21
台新信義,199.0,5000,0,9B2H,3035,2026-05-21
台新中港,201.0,0,1005,9B2i,3035,2026-05-21
台新大昌,200.5,150,0,9B2D,3035,2026-05-21
台新同大,204.5,0,200,9B2P,3035,2026-05-21
台新同大,208.0,0,3000,9B2P,3035,2026-05-21
台新草屯,198.5,1000,0,9B2X,3035,2026-05-21
台新吉利,208.0,0,88,9B2W,3035,2026-05-21
台新吉利,204.5,0,150,9B2W,3035,2026-05-21
台新吉利,201.0,0,1000,9B2W,3035,2026-05-21
台新吉利,200.0,1000,3200,9B2W,3035,2026-05-21
台新吉利,198.5,1000,0,9B2W,3035,2026-05-21
台新吉利,196.0,2000,0,9B2W,3035,2026-05-21
台新佳里,207.5,1000,1000,9B2w,3035,2026-05-21
台新佳里,201.5,0,2001,9B2w,3035,2026-05-21
台新佳里,196.5,0,1000,9B2w,3035,2026-05-21
台新桃園,205.5,0,1000,9B2v,3035,2026-05-21
台新桃園,203.0,3000,0,9B2v,3035,2026-05-21
台新桃園,201.0,0,2000,9B2v,3035,2026-05-21
台新桃園,199.5,0,5250,9B2v,3035,2026-05-21
台新桃園,198.5,2000,1000,9B2v,3035,2026-05-21
台新草屯,199.5,1000,1000,9B2X,3035,2026-05-21
台新草屯,200.5,50,1050,9B2X,3035,2026-05-21
台新草屯,203.0,0,25,9B2X,3035,2026-05-21
台新草屯,208.0,0,1065,9B2X,3035,2026-05-21
台新安南,204.0,1000,0,9B2Z,3035,2026-05-21
台新安南,201.0,0,1000,9B2Z,3035,2026-05-21
台新安南,199.5,0,1000,9B2Z,3035,2026-05-21
台新文心,208.0,0,8000,9B2z,3035,2026-05-21
台新文心,206.0,3000,0,9B2z,3035,2026-05-21
台新文心,204.5,1000,0,9B2z,3035,2026-05-21
台新文心,203.5,1000,0,9B2z,3035,2026-05-21
台新桃園,196.0,1000,0,9B2v,3035,2026-05-21
台新文心,202.5,5000,0,9B2z,3035,2026-05-21
台新文心,200.5,0,1000,9B2z,3035,2026-05-21
台新文心,199.5,0,12000,9B2z,3035,2026-05-21
台新埔里,208.0,0,2000,9B2Y,3035,2026-05-21
台新埔里,200.0,0,120,9B2Y,3035,2026-05-21
台新花蓮,208.0,0,2000,9B2y,3035,2026-05-21
台新花蓮,204.0,0,1000,9B2y,3035,2026-05-21
台新花蓮,201.0,1000,0,9B2y,3035,2026-05-21
台新文心,201.5,1000,1000,9B2z,3035,2026-05-21
台新宜蘭,207.5,0,5000,9B2U,3035,2026-05-21
台新宜蘭,204.5,0,200,9B2U,3035,2026-05-21
台新宜蘭,203.0,5000,0,9B2U,3035,2026-05-21
台新城東,197.5,1000,1000,9B2r,3035,2026-05-21
台新敦南,208.0,0,1200,9B2Q,3035,2026-05-21
台新敦南,205.0,0,1000,9B2Q,3035,2026-05-21
台新敦南,204.0,1150,0,9B2Q,3035,2026-05-21
台新敦南,202.0,7,2000,9B2Q,3035,2026-05-21
台新敦南,201.0,3000,0,9B2Q,3035,2026-05-21
台新敦南,200.0,1000,0,9B2Q,3035,2026-05-21
台新城東,199.0,2000,17000,9B2r,3035,2026-05-21
台新敦南,199.0,2000,0,9B2Q,3035,2026-05-21
台新敦南,195.5,0,1000,9B2Q,3035,2026-05-21
台新屏新,207.0,0,2000,9B2q,3035,2026-05-21
台新屏新,205.0,0,1000,9B2q,3035,2026-05-21
台新屏新,202.5,0,1000,9B2q,3035,2026-05-21
台新屏新,201.5,0,3000,9B2q,3035,2026-05-21
台新屏新,200.5,0,1000,9B2q,3035,2026-05-21
台新屏新,199.5,50,1000,9B2q,3035,2026-05-21
台新敦南,197.5,6000,0,9B2Q,3035,2026-05-21
台新同大,206.0,0,1000,9B2P,3035,2026-05-21
台新城東,200.0,0,101,9B2r,3035,2026-05-21
台新城東,202.0,1000,1000,9B2r,3035,2026-05-21
台新宜蘭,201.0,0,30,9B2U,3035,2026-05-21
台新宜蘭,196.0,0,1000,9B2U,3035,2026-05-21
台新世貿,207.5,1,0,9B2u,3035,2026-05-21
台新世貿,203.5,0,2000,9B2u,3035,2026-05-21
台新世貿,202.5,0,7000,9B2u,3035,2026-05-21
台新世貿,201.5,1000,1000,9B2u,3035,2026-05-21
台新世貿,200.0,2000,4000,9B2u,3035,2026-05-21
台新城東,201.0,0,50,9B2r,3035,2026-05-21
台新世貿,197.5,1000,0,9B2u,3035,2026-05-21
台新基隆,201.5,1000,0,9B2S,3035,2026-05-21
台新基隆,200.5,1000,0,9B2S,3035,2026-05-21
台新基隆,198.5,0,1000,9B2S,3035,2026-05-21
台新城東,208.0,10000,0,9B2r,3035,2026-05-21
台新城東,206.0,0,1000,9B2r,3035,2026-05-21
台新城東,205.0,1000,1000,9B2r,3035,2026-05-21
台新城東,203.0,0,1000,9B2r,3035,2026-05-21
台新基隆,203.0,1000,0,9B2S,3035,2026-05-21
台新新營,200.5,10,10080,9B11,3035,2026-05-21
台新大昌,199.5,50,4000,9B2D,3035,2026-05-21
台新大昌,196.0,0,1000,9B2D,3035,2026-05-21
台新高雄,202.0,1200,4100,9B1g,3035,2026-05-21
台新高雄,201.0,70,3200,9B1g,3035,2026-05-21
台新高雄,200.0,2120,3838,9B1g,3035,2026-05-21
台新高雄,199.0,2250,5420,9B1g,3035,2026-05-21
台新高雄,197.5,0,3010,9B1g,3035,2026-05-21
台新高雄,196.0,0,1000,9B1g,3035,2026-05-21
台新左楠,208.0,0,4260,9B1d,3035,2026-05-21
台新左楠,205.0,0,1450,9B1d,3035,2026-05-21
台新左楠,202.5,100,0,9B1d,3035,2026-05-21
台新左楠,201.0,0,1000,9B1d,3035,2026-05-21
台新左楠,200.0,2600,2623,9B1d,3035,2026-05-21
台新左楠,198.5,8100,0,9B1d,3035,2026-05-21
台新左楠,195.5,1000,0,9B1d,3035,2026-05-21
台新新莊,207.5,1000,0,9B19,3035,2026-05-21
台新新莊,204.0,200,0,9B19,3035,2026-05-21
台新高雄,203.0,0,2085,9B1g,3035,2026-05-21
台新高雄,204.0,2000,3000,9B1g,3035,2026-05-21
台新高雄,205.0,4000,2500,9B1g,3035,2026-05-21
台新高雄,207.5,1010,500,9B1g,3035,2026-05-21
台新屏東,202.5,1000,3000,9B1n,3035,2026-05-21
台新屏東,201.5,10000,100,9B1n,3035,2026-05-21
台新屏東,199.5,1000,10,9B1n,3035,2026-05-21
台新屏東,197.0,1000,0,9B1n,3035,2026-05-21
台新台中,208.0,7049,4523,9B1h,3035,2026-05-21
台新台中,207.0,0,1000,9B1h,3035,2026-05-21
台新台中,204.5,1000,8300,9B1h,3035,2026-05-21
台新新莊,201.5,1000,2000,9B19,3035,2026-05-21
台新台中,203.5,18000,16000,9B1h,3035,2026-05-21
台新台中,201.5,7207,100,9B1h,3035,2026-05-21
台新台中,200.5,11000,4100,9B1h,3035,2026-05-21
台新台中,199.5,0,26150,9B1h,3035,2026-05-21
台新台中,198.5,1000,2000,9B1h,3035,2026-05-21
台新台中,197.5,6000,12000,9B1h,3035,2026-05-21
台新台中,196.5,1000,9000,9B1h,3035,2026-05-21
台新台中,195.5,1000,1000,9B1h,3035,2026-05-21
台新台中,202.5,0,1000,9B1h,3035,2026-05-21
台新新莊,200.5,5000,0,9B19,3035,2026-05-21
台新新莊,199.5,1000,1000,9B19,3035,2026-05-21
台新新莊,198.0,0,2000,9B19,3035,2026-05-21
台新松江,204.0,0,1000,9B15,3035,2026-05-21
台新松江,202.0,0,4000,9B15,3035,2026-05-21
台新松江,201.0,2000,0,9B15,3035,2026-05-21
台新松江,199.5,0,1000,9B15,3035,2026-05-21
台新松江,195.5,0,2000,9B15,3035,2026-05-21
台新三民,207.5,0,1000,9B13,3035,2026-05-21
台新三民,206.0,0,1000,9B13,3035,2026-05-21
台新台南,195.5,0,1000,9B16,3035,2026-05-21
台新三民,204.5,0,200,9B13,3035,2026-05-21
台新三民,201.0,1000,1000,9B13,3035,2026-05-21
台新三民,200.0,200,1050,9B13,3035,2026-05-21
台新三民,199.0,1000,0,9B13,3035,2026-05-21
台新新營,208.0,200,1285,9B11,3035,2026-05-21
台新新營,205.0,0,400,9B11,3035,2026-05-21
台新新營,203.5,0,2000,9B11,3035,2026-05-21
台新新營,202.5,1000,1000,9B11,3035,2026-05-21
台新三民,202.0,1000,2000,9B13,3035,2026-05-21
台新屏東,204.0,0,100,9B1n,3035,2026-05-21
台新台南,199.0,3015,3000,9B16,3035,2026-05-21
台新台南,201.0,4000,3150,9B16,3035,2026-05-21
台新建北,208.0,0,15100,9B18,3035,2026-05-21
台新建北,207.0,0,3000,9B18,3035,2026-05-21
台新建北,204.5,0,1000,9B18,3035,2026-05-21
台新建北,203.5,1000,2000,9B18,3035,2026-05-21
台新建北,202.5,4000,1010,9B18,3035,2026-05-21
台新建北,201.5,200,2000,9B18,3035,2026-05-21
台新建北,200.0,2000,4025,9B18,3035,2026-05-21
台新台南,200.0,6230,5200,9B16,3035,2026-05-21
台新建北,199.0,2000,2000,9B18,3035,2026-05-21
台新建北,196.5,0,3000,9B18,3035,2026-05-21
台新建北,195.5,0,1000,9B18,3035,2026-05-21
台新台南,207.5,1000,0,9B16,3035,2026-05-21
台新台南,206.0,0,4000,9B16,3035,2026-05-21
台新台南,204.0,0,200,9B16,3035,2026-05-21
台新台南,203.0,0,6000,9B16,3035,2026-05-21
台新台南,202.0,6100,10000,9B16,3035,2026-05-21
台新建北,197.5,1000,0,9B18,3035,2026-05-21
台新大昌,198.5,240,0,9B2D,3035,2026-05-21
台新中壢,198.0,1000,0,9B1y,3035,2026-05-21
台新中壢,200.5,1000,0,9B1y,3035,2026-05-21
台新板橋,198.0,0,1000,9B2b,3035,2026-05-21
台新緯城,208.0,2000,0,9B2A,3035,2026-05-21
台新緯城,205.5,0,1000,9B2A,3035,2026-05-21
台新緯城,204.0,0,2000,9B2A,3035,2026-05-21
台新緯城,203.0,1000,0,9B2A,3035,2026-05-21
台新緯城,201.5,0,1000,9B2A,3035,2026-05-21
台新緯城,199.5,2000,10000,9B2A,3035,2026-05-21
台新緯城,197.5,1000,0,9B2A,3035,2026-05-21
台新緯城,196.5,0,1000,9B2A,3035,2026-05-21
台新松德,208.0,0,6000,9B2a,3035,2026-05-21
台新松德,206.0,0,1000,9B2a,3035,2026-05-21
台新松德,204.5,0,1410,9B2a,3035,2026-05-21
台新松德,203.0,8000,5000,9B2a,3035,2026-05-21
台新松德,201.0,1000,3000,9B2a,3035,2026-05-21
台新松德,200.0,20638,1000,9B2a,3035,2026-05-21
台新板橋,199.0,1000,51,9B2b,3035,2026-05-21
台新板橋,200.5,100,51,9B2b,3035,2026-05-21
台新板橋,201.5,0,3000,9B2b,3035,2026-05-21
台新板橋,202.5,0,7000,9B2b,3035,2026-05-21
台新潮州,207.0,0,1000,9B2C,3035,2026-05-21
台新潮州,203.0,0,150,9B2C,3035,2026-05-21
台新潮州,200.5,0,1000,9B2C,3035,2026-05-21
台新潮州,198.0,0,2000,9B2C,3035,2026-05-21
台新烏日,207.5,1000,300,9B2c,3035,2026-05-21
台新烏日,203.0,0,4000,9B2c,3035,2026-05-21
台新烏日,199.5,0,1000,9B2c,3035,2026-05-21
台新松德,199.0,2000,0,9B2a,3035,2026-05-21
台新永和,208.0,0,2000,9B2B,3035,2026-05-21
台新永和,202.0,0,1000,9B2B,3035,2026-05-21
台新永和,200.5,0,1000,9B2B,3035,2026-05-21
台新永和,199.5,1000,0,9B2B,3035,2026-05-21
台新永和,197.0,0,1000,9B2B,3035,2026-05-21
台新板橋,208.0,100,3732,9B2b,3035,2026-05-21
台新板橋,205.0,0,2000,9B2b,3035,2026-05-21
台新板橋,203.5,0,100,9B2b,3035,2026-05-21
台新永和,203.0,0,1000,9B2B,3035,2026-05-21
台新松德,195.5,3000,0,9B2a,3035,2026-05-21
台新府城,204.0,0,1000,9B29,3035,2026-05-21
台新府城,201.5,1000,0,9B29,3035,2026-05-21
台新新店,200.0,0,11001,9B22,3035,2026-05-21
台新新店,199.0,2000,50001,9B22,3035,2026-05-21
台新九如,204.5,0,200,9B21,3035,2026-05-21
台新九如,201.5,0,1000,9B21,3035,2026-05-21
台新九如,200.0,300,6000,9B21,3035,2026-05-21
台新九如,199.0,1000,1000,9B21,3035,2026-05-21
台新九如,196.0,1000,1000,9B21,3035,2026-05-21
台新新店,201.0,1001,20251,9B22,3035,2026-05-21
台新台北,207.5,0,20260,9B20,3035,2026-05-21
台新台北,202.5,0,1,9B20,3035,2026-05-21
台新台北,200.0,0,200,9B20,3035,2026-05-21
台新台北,199.0,2,10000,9B20,3035,2026-05-21
台新中壢,207.0,0,1000,9B1y,3035,2026-05-21
台新中壢,205.0,0,1000,9B1y,3035,2026-05-21
台新中壢,203.5,0,60,9B1y,3035,2026-05-21
台新中壢,202.5,0,260,9B1y,3035,2026-05-21
台新台北,204.0,0,15,9B20,3035,2026-05-21
台新中壢,199.5,0,1001,9B1y,3035,2026-05-21
台新新店,202.0,1000,20000,9B22,3035,2026-05-21
台新三重,197.5,2000,0,9B23,3035,2026-05-21
台新府城,199.0,0,1000,9B29,3035,2026-05-21
台新北新,207.5,1000,0,9B28,3035,2026-05-21
台新北新,203.0,1000,0,9B28,3035,2026-05-21
台新北新,201.0,1000,2000,9B28,3035,2026-05-21
台新北新,200.0,0,1110,9B28,3035,2026-05-21
台新北新,198.5,200,0,9B28,3035,2026-05-21
台新林園,208.0,0,1050,9B27,3035,2026-05-21
台新新店,204.0,0,1000,9B22,3035,2026-05-21
台新林園,205.0,0,1100,9B27,3035,2026-05-21
台新五權,205.5,0,50000,9B25,3035,2026-05-21
台新五權,204.5,24,0,9B25,3035,2026-05-21
台新五權,202.0,0,1000,9B25,3035,2026-05-21
台新五權,200.5,0,50,9B25,3035,2026-05-21
台新三重,205.5,0,1000,9B23,3035,2026-05-21
台新三重,204.0,10,0,9B23,3035,2026-05-21
台新三重,200.5,1000,0,9B23,3035,2026-05-21
台新林園,198.5,100,0,9B27,3035,2026-05-21
凱基南崁,205.0,3,10000,9256,3035,2026-05-21
永豐敦北,195.5,0,1000,9A89,3035,2026-05-21
永豐埔里,202.5,1000,2100,9A79,3035,2026-05-21
元大基孝,202.0,0,1010,986K,3035,2026-05-21
元大基孝,201.0,0,2100,986K,3035,2026-05-21
元大基孝,200.0,0,1250,986K,3035,2026-05-21
元大基孝,198.5,1000,0,986K,3035,2026-05-21
元大基孝,197.0,0,1000,986K,3035,2026-05-21
元大基孝,195.5,1000,0,986K,3035,2026-05-21
元大新盛,207.5,0,3065,9869,3035,2026-05-21
元大新盛,206.5,0,2000,9869,3035,2026-05-21
元大新盛,204.5,1000,0,9869,3035,2026-05-21
元大新盛,203.0,1000,0,9869,3035,2026-05-21
元大新盛,201.0,2005,1498,9869,3035,2026-05-21
元大新盛,199.5,3000,0,9869,3035,2026-05-21
元大新盛,198.0,1000,800,9869,3035,2026-05-21
元大文心,208.0,0,10510,9868,3035,2026-05-21
元大文心,205.0,0,1000,9868,3035,2026-05-21
元大基孝,203.0,0,1000,986K,3035,2026-05-21
元大基孝,204.0,0,100,986K,3035,2026-05-21
元大基孝,208.0,0,3200,986K,3035,2026-05-21
元大忠孝,198.0,1000,1000,9871,3035,2026-05-21
元大雙和,199.0,0,1249,9874,3035,2026-05-21
元大復北,207.5,0,4000,9872,3035,2026-05-21
元大復北,205.5,0,1000,9872,3035,2026-05-21
元大復北,204.5,0,1000,9872,3035,2026-05-21
元大復北,203.0,0,1100,9872,3035,2026-05-21
元大復北,201.5,3000,2000,9872,3035,2026-05-21
元大復北,200.0,0,2000,9872,3035,2026-05-21
元大文心,204.0,1000,0,9868,3035,2026-05-21
元大復北,199.0,1010,1000,9872,3035,2026-05-21
元大忠孝,208.0,0,15000,9871,3035,2026-05-21
元大忠孝,205.0,0,3000,9871,3035,2026-05-21
元大忠孝,204.0,0,1000,9871,3035,2026-05-21
元大忠孝,203.0,0,1000,9871,3035,2026-05-21
元大忠孝,201.5,1000,3000,9871,3035,2026-05-21
元大忠孝,200.5,2000,7000,9871,3035,2026-05-21
元大忠孝,199.5,5000,2000,9871,3035,2026-05-21
元大復北,198.0,100,1000,9872,3035,2026-05-21
元大文心,203.0,2000,0,9868,3035,2026-05-21
元大文心,201.5,1000,1160,9868,3035,2026-05-21
元大文心,200.5,1000,1,9868,3035,2026-05-21
元大南京,208.0,0,100,9862,3035,2026-05-21
元大南京,204.5,0,1000,9862,3035,2026-05-21
元大南京,202.0,0,1000,9862,3035,2026-05-21
元大南京,200.5,0,500,9862,3035,2026-05-21
元大南京,199.5,5,0,9862,3035,2026-05-21
元大南京,198.0,100,1000,9862,3035,2026-05-21
元大岡山,208.0,30000,0,985F,3035,2026-05-21
元大和平,197.5,5,0,9863,3035,2026-05-21
元大鳳中,207.5,1000,5,985C,3035,2026-05-21
元大鳳中,203.0,1000,0,985C,3035,2026-05-21
元大鳳中,202.0,2000,1000,985C,3035,2026-05-21
元大鳳中,201.0,0,2000,985C,3035,2026-05-21
元大鳳中,200.0,6,0,985C,3035,2026-05-21
元大鳳中,198.5,0,2550,985C,3035,2026-05-21
元大鳳中,197.5,0,1000,985C,3035,2026-05-21
元大鳳中,196.0,2000,0,985C,3035,2026-05-21
元大鳳中,204.5,0,1000,985C,3035,2026-05-21
元大雙和,200.0,0,1200,9874,3035,2026-05-21
元大和平,198.5,10,3000,9863,3035,2026-05-21
元大和平,200.5,5,171,9863,3035,2026-05-21
元大文心,199.5,0,1000,9868,3035,2026-05-21
元大文心,198.5,1000,0,9868,3035,2026-05-21
元大民權,208.0,0,12000,9867,3035,2026-05-21
元大民權,205.0,17,1000,9867,3035,2026-05-21
元大民權,204.0,0,2000,9867,3035,2026-05-21
元大民權,203.0,0,1000,9867,3035,2026-05-21
元大民權,202.0,0,2000,9867,3035,2026-05-21
元大和平,199.5,2005,2000,9863,3035,2026-05-21
元大民權,201.0,0,7000,9867,3035,2026-05-21
元大民權,199.0,1000,0,9867,3035,2026-05-21
元大民權,198.0,1107,0,9867,3035,2026-05-21
元大民權,197.0,0,2000,9867,3035,2026-05-21
元大和平,208.0,380,2000,9863,3035,2026-05-21
元大和平,205.0,0,2000,9863,3035,2026-05-21
元大和平,203.0,0,1000,9863,3035,2026-05-21
元大和平,201.5,4000,2000,9863,3035,2026-05-21
元大民權,200.0,0,1400,9867,3035,2026-05-21
元大經國,207.5,0,1000,9859,3035,2026-05-21
元大雙和,201.5,2000,1000,9874,3035,2026-05-21
元大雙和,208.0,0,1020,9874,3035,2026-05-21
元大桃園,201.0,2025,1100,988B,3035,2026-05-21
元大桃園,200.0,1000,0,988B,3035,2026-05-21
元大桃園,198.5,0,2000,988B,3035,2026-05-21
元大員林,207.5,0,1060,9889,3035,2026-05-21
元大員林,205.0,0,176,9889,3035,2026-05-21
元大員林,204.0,2000,0,9889,3035,2026-05-21
元大員林,203.0,0,11,9889,3035,2026-05-21
元大員林,202.0,0,1210,9889,3035,2026-05-21
元大員林,201.0,0,200,9889,3035,2026-05-21
元大員林,200.0,2000,3000,9889,3035,2026-05-21
元大員林,199.0,20,44,9889,3035,2026-05-21
元大員林,198.0,0,200,9889,3035,2026-05-21
元大鑫永,205.5,0,1000,9888,3035,2026-05-21
元大鑫永,204.0,1000,2246,9888,3035,2026-05-21
元大鑫永,199.5,4000,0,9888,3035,2026-05-21
元大桃園,202.5,0,1000,988B,3035,2026-05-21
元大桃園,203.5,0,3000,988B,3035,2026-05-21
元大桃園,204.5,10,1000,988B,3035,2026-05-21
元大桃園,208.0,0,5000,988B,3035,2026-05-21
元大永和,200.0,0,200,9891,3035,2026-05-21
元大永和,198.0,2000,0,9891,3035,2026-05-21
元大永和,196.0,0,1000,9891,3035,2026-05-21
元大長庚,205.0,0,1000,988V,3035,2026-05-21
元大長庚,204.0,0,100,988V,3035,2026-05-21
元大長庚,203.0,50,0,988V,3035,2026-05-21
元大長庚,201.5,50,4,988V,3035,2026-05-21
元大斗信,207.5,4000,0,9884,3035,2026-05-21
元大長庚,200.5,100,200,988V,3035,2026-05-21
元大長庚,198.0,100,0,988V,3035,2026-05-21
元大三重,208.0,0,5000,988C,3035,2026-05-21
元大三重,207.0,0,1000,988C,3035,2026-05-21
元大三重,203.0,0,1100,988C,3035,2026-05-21
元大三重,201.5,2000,5,988C,3035,2026-05-21
元大三重,199.5,0,10,988C,3035,2026-05-21
元大三重,198.0,0,2000,988C,3035,2026-05-21
元大長庚,199.5,100,1000,988V,3035,2026-05-21
元大斗信,205.0,0,3035,9884,3035,2026-05-21
元大斗信,203.5,1100,0,9884,3035,2026-05-21
元大斗信,202.0,2000,2000,9884,3035,2026-05-21
元大板三,198.5,0,3000,9879,3035,2026-05-21
元大金華,207.5,5000,0,9878,3035,2026-05-21
元大金華,206.5,0,2,9878,3035,2026-05-21
元大金華,204.5,0,300,9878,3035,2026-05-21
元大金華,203.0,0,1000,9878,3035,2026-05-21
元大金華,202.0,0,1000,9878,3035,2026-05-21
元大金華,201.0,2000,2,9878,3035,2026-05-21
元大板三,199.5,1000,1000,9879,3035,2026-05-21
元大金華,200.0,200,0,9878,3035,2026-05-21
元大永寧,208.0,0,3000,9875,3035,2026-05-21
元大永寧,205.0,0,5000,9875,3035,2026-05-21
元大永寧,203.0,0,1000,9875,3035,2026-05-21
元大永寧,201.0,0,2000,9875,3035,2026-05-21
元大永寧,200.0,1000,300,9875,3035,2026-05-21
元大永寧,199.0,1050,2000,9875,3035,2026-05-21
元大永寧,197.0,2000,0,9875,3035,2026-05-21
元大金華,198.0,1000,0,9878,3035,2026-05-21
元大雙和,203.0,0,1000,9874,3035,2026-05-21
元大板三,200.5,0,7000,9879,3035,2026-05-21
元大板三,204.0,1000,2000,9879,3035,2026-05-21
元大斗信,201.0,2150,2100,9884,3035,2026-05-21
元大斗信,200.0,0,30,9884,3035,2026-05-21
元大斗信,199.0,20,2020,9884,3035,2026-05-21
元大斗信,197.5,0,2000,9884,3035,2026-05-21
元大斗信,196.0,0,3000,9884,3035,2026-05-21
元大楊梅,207.5,1000,1000,987A,3035,2026-05-21
元大楊梅,204.5,0,1020,987A,3035,2026-05-21
元大板三,202.0,1000,2000,9879,3035,2026-05-21
元大楊梅,203.5,0,1000,987A,3035,2026-05-21
元大楊梅,201.5,0,4200,987A,3035,2026-05-21
元大楊梅,200.5,5000,3245,987A,3035,2026-05-21
元大楊梅,199.5,7050,4130,987A,3035,2026-05-21
元大楊梅,198.0,1000,1000,987A,3035,2026-05-21
元大楊梅,197.0,2000,0,987A,3035,2026-05-21
元大楊梅,196.0,0,3000,987A,3035,2026-05-21
元大板三,205.5,0,2000,9879,3035,2026-05-21
元大楊梅,202.5,1000,1000,987A,3035,2026-05-21
元大永和,201.0,0,1300,9891,3035,2026-05-21
元大經國,205.0,2000,0,9859,3035,2026-05-21
元大經國,202.5,3000,1000,9859,3035,2026-05-21
元大頭份,206.0,0,1000,983U,3035,2026-05-21
元大頭份,204.0,0,9100,983U,3035,2026-05-21
元大頭份,203.0,1000,10000,983U,3035,2026-05-21
元大頭份,201.0,0,50,983U,3035,2026-05-21
元大頭份,200.0,0,4000,983U,3035,2026-05-21
元大頭份,198.5,0,1000,983U,3035,2026-05-21
元大頭份,196.0,2000,1000,983U,3035,2026-05-21
元大大安,202.5,0,20,983N,3035,2026-05-21
元大大安,201.5,60,0,983N,3035,2026-05-21
元大大安,200.5,40,1000,983N,3035,2026-05-21
元大大安,198.5,10,0,983N,3035,2026-05-21
元大木柵,208.0,1000,1067,983M,3035,2026-05-21
元大木柵,205.0,1101,1000,983M,3035,2026-05-21
元大木柵,204.0,76,0,983M,3035,2026-05-21
元大木柵,203.0,1,2004,983M,3035,2026-05-21
元大頭份,208.0,0,6000,983U,3035,2026-05-21
元大竹南,198.0,5000,0,983V,3035,2026-05-21
元大竹南,199.0,0,2000,983V,3035,2026-05-21
元大竹南,200.5,2000,0,983V,3035,2026-05-21
元大鳳山,204.0,60,100,983Z,3035,2026-05-21
元大鳳山,202.0,2000,0,983Z,3035,2026-05-21
元大鳳山,200.5,50,0,983Z,3035,2026-05-21
元大鳳山,199.5,1000,50,983Z,3035,2026-05-21
元大鳳山,198.0,0,1000,983Z,3035,2026-05-21
元大德芳,207.5,0,1000,983W,3035,2026-05-21
元大德芳,204.0,100,50,983W,3035,2026-05-21
元大木柵,202.0,47,3,983M,3035,2026-05-21
元大德芳,203.0,1000,2000,983W,3035,2026-05-21
元大德芳,200.0,600,2040,983W,3035,2026-05-21
元大德芳,199.0,2000,3040,983W,3035,2026-05-21
元大德芳,198.0,0,1000,983W,3035,2026-05-21
元大竹南,206.0,0,1000,983V,3035,2026-05-21
元大竹南,204.5,0,3000,983V,3035,2026-05-21
元大竹南,203.5,0,3000,983V,3035,2026-05-21
元大竹南,202.5,2000,0,983V,3035,2026-05-21
元大德芳,202.0,0,1001,983W,3035,2026-05-21
元大木柵,201.0,118,100,983M,3035,2026-05-21
元大木柵,200.0,22,1000,983M,3035,2026-05-21
元大木柵,199.0,512,15,983M,3035,2026-05-21
元大大雅,201.0,4000,0,983i,3035,2026-05-21
元大大雅,199.5,1100,1060,983i,3035,2026-05-21
元大大雅,198.5,1000,0,983i,3035,2026-05-21
元大大雅,197.5,1000,1000,983i,3035,2026-05-21
元大上新,208.0,5,3000,983G,3035,2026-05-21
元大上新,206.0,0,1000,983G,3035,2026-05-21
元大上新,204.0,1000,2000,983G,3035,2026-05-21
元大大雅,202.0,4000,40,983i,3035,2026-05-21
元大上新,201.5,0,1000,983G,3035,2026-05-21
元大上新,199.5,1010,1000,983G,3035,2026-05-21
元大上新,198.5,4000,0,983G,3035,2026-05-21
元大上新,196.0,1000,0,983G,3035,2026-05-21
元大竹東,205.0,0,2300,983f,3035,2026-05-21
元大竹東,203.5,1000,0,983f,3035,2026-05-21
元大竹東,202.5,0,300,983f,3035,2026-05-21
元大竹東,201.5,0,1000,983f,3035,2026-05-21
元大上新,200.5,0,100,983G,3035,2026-05-21
元大鳳山,205.5,0,1000,983Z,3035,2026-05-21
元大大雅,203.0,1000,8000,983i,3035,2026-05-21
元大大雅,208.0,0,1000,983i,3035,2026-05-21
元大木柵,198.0,3,28,983M,3035,2026-05-21
元大學甲,205.0,0,1000,983K,3035,2026-05-21
元大學甲,204.0,0,2000,983K,3035,2026-05-21
元大學甲,202.0,0,1000,983K,3035,2026-05-21
元大學甲,201.0,1000,2000,983K,3035,2026-05-21
元大學甲,200.0,0,6000,983K,3035,2026-05-21
元大學甲,198.5,7,0,983K,3035,2026-05-21
元大大雅,204.0,0,1000,983i,3035,2026-05-21
元大學甲,196.0,1000,0,983K,3035,2026-05-21
元大仁愛,205.0,0,1000,983j,3035,2026-05-21
元大仁愛,203.0,1000,0,983j,3035,2026-05-21
元大仁愛,202.0,2000,0,983j,3035,2026-05-21
元大仁愛,201.0,1000,0,983j,3035,2026-05-21
元大仁愛,200.0,5000,4000,983j,3035,2026-05-21
元大仁愛,199.0,4000,7100,983j,3035,2026-05-21
元大仁愛,198.0,0,2000,983j,3035,2026-05-21
元大仁愛,206.5,0,1000,983j,3035,2026-05-21
元大經國,204.0,9100,50,9859,3035,2026-05-21
元大鳳山,208.0,1000,3000,983Z,3035,2026-05-21
元大新中,197.5,100,0,984C,3035,2026-05-21
元大蘆洲,200.5,8200,1000,9857,3035,2026-05-21
元大蘆洲,199.5,3000,8030,9857,3035,2026-05-21
元大蘆洲,198.5,0,2000,9857,3035,2026-05-21
元大蘆洲,197.5,3000,1000,9857,3035,2026-05-21
元大蘆洲,196.0,0,2000,9857,3035,2026-05-21
元大花蓮,208.0,0,100,9856,3035,2026-05-21
元大花蓮,204.0,1000,0,9856,3035,2026-05-21
元大花蓮,202.5,0,1000,9856,3035,2026-05-21
元大花蓮,201.0,0,1000,9856,3035,2026-05-21
元大花蓮,200.0,0,405,9856,3035,2026-05-21
元大花蓮,199.0,0,100,9856,3035,2026-05-21
元大花蓮,196.0,1000,2000,9856,3035,2026-05-21
元大興安,205.0,1000,150,9854,3035,2026-05-21
元大興安,204.0,0,2100,9854,3035,2026-05-21
元大興安,201.5,50,2020,9854,3035,2026-05-21
元大蘆洲,201.5,0,3000,9857,3035,2026-05-21
元大蘆洲,202.5,120,1000,9857,3035,2026-05-21
元大蘆洲,203.5,50,2000,9857,3035,2026-05-21
元大蘆洲,204.5,10,1000,9857,3035,2026-05-21
元大經國,201.5,1050,0,9859,3035,2026-05-21
元大經國,200.5,0,2000,9859,3035,2026-05-21
元大經國,199.5,50,2000,9859,3035,2026-05-21
元大經國,198.0,1000,1000,9859,3035,2026-05-21
元大經國,197.0,0,1000,9859,3035,2026-05-21
元大龍潭,207.5,40,0,9858,3035,2026-05-21
元大龍潭,205.5,0,3000,9858,3035,2026-05-21
元大興安,200.5,50,60,9854,3035,2026-05-21
元大龍潭,204.5,135,0,9858,3035,2026-05-21
元大龍潭,202.5,1250,4000,9858,3035,2026-05-21
元大龍潭,201.5,3000,0,9858,3035,2026-05-21
元大龍潭,200.5,50,2250,9858,3035,2026-05-21
元大龍潭,199.5,2030,5050,9858,3035,2026-05-21
元大龍潭,196.5,5000,0,9858,3035,2026-05-21
元大蘆洲,208.0,48,7450,9857,3035,2026-05-21
元大蘆洲,205.5,10,1000,9857,3035,2026-05-21
元大龍潭,203.5,0,450,9858,3035,2026-05-21
元大興安,199.5,250,1000,9854,3035,2026-05-21
元大興安,198.5,122,0,9854,3035,2026-05-21
元大南屯,208.0,100550,1100,9853,3035,2026-05-21
元大館前,199.0,0,2200,984K,3035,2026-05-21
元大館前,198.0,0,12000,984K,3035,2026-05-21
元大館前,196.5,0,6000,984K,3035,2026-05-21
元大景美,205.0,0,1000,984H,3035,2026-05-21
元大景美,200.0,0,1000,984H,3035,2026-05-21
元大景美,197.0,0,1000,984H,3035,2026-05-21
元大南勢,204.0,100,0,984E,3035,2026-05-21
元大館前,200.5,0,2003,984K,3035,2026-05-21
元大南勢,200.5,0,3000,984E,3035,2026-05-21
元大新中,208.0,0,135,984C,3035,2026-05-21
元大新中,205.0,0,100,984C,3035,2026-05-21
元大新中,204.0,5000,0,984C,3035,2026-05-21
元大新中,202.0,0,1000,984C,3035,2026-05-21
元大新中,201.0,200,1000,984C,3035,2026-05-21
元大新中,199.5,100,50,984C,3035,2026-05-21
元大新中,198.5,1000,0,984C,3035,2026-05-21
元大南勢,198.5,2000,0,984E,3035,2026-05-21
元大大直,204.5,0,1000,9846,3035,2026-05-21
元大館前,202.0,0,1000,984K,3035,2026-05-21
元大館前,205.0,0,5000,984K,3035,2026-05-21
元大南屯,205.0,1,1000,9853,3035,2026-05-21
元大南屯,204.0,2000,0,9853,3035,2026-05-21
元大南屯,203.0,0,2037,9853,3035,2026-05-21
元大南屯,202.0,0,1000,9853,3035,2026-05-21
元大南屯,201.0,15,14,9853,3035,2026-05-21
元大南屯,199.5,1000,0,9853,3035,2026-05-21
元大永春,208.0,4000,3033,9852,3035,2026-05-21
元大館前,203.5,2000,0,984K,3035,2026-05-21
元大永春,205.0,0,330,9852,3035,2026-05-21
元大永春,203.0,0,10000,9852,3035,2026-05-21
元大永春,201.5,0,1335,9852,3035,2026-05-21
元大永春,200.5,15,500,9852,3035,2026-05-21
元大永春,199.5,1000,1000,9852,3035,2026-05-21
元大永春,197.5,10000,0,9852,3035,2026-05-21
元大永春,196.0,0,1000,9852,3035,2026-05-21
元大館前,208.0,2000,14055,984K,3035,2026-05-21
元大永春,204.0,0,2000,9852,3035,2026-05-21
永豐埔里,205.0,0,5,9A79,3035,2026-05-21
元大永和,202.5,20,0,9891,3035,2026-05-21
元大永和,204.5,0,29,9891,3035,2026-05-21
元大內湖,207.5,1008,20,989N,3035,2026-05-21
元大內湖,205.5,0,1000,989N,3035,2026-05-21
元大內湖,204.5,3,1000,989N,3035,2026-05-21
元大內湖,203.5,1000,2000,989N,3035,2026-05-21
元大內湖,202.5,0,1000,989N,3035,2026-05-21
元大內湖,201.5,1000,2000,989N,3035,2026-05-21
元大內湖,200.5,4,22,989N,3035,2026-05-21
元大內湖,199.5,4000,2000,989N,3035,2026-05-21
元大內湖,198.5,3000,0,989N,3035,2026-05-21
元大內湖,197.5,1020,0,989N,3035,2026-05-21
元大信義,208.0,0,10000,989m,3035,2026-05-21
元大信義,204.5,5000,0,989m,3035,2026-05-21
元大信義,200.5,1000,1000,989m,3035,2026-05-21
元大信義,199.0,0,1000,989m,3035,2026-05-21
元大信義,197.0,0,2000,989m,3035,2026-05-21
元大敦南,196.0,1000,0,989P,3035,2026-05-21
元大敦南,198.0,3,0,989P,3035,2026-05-21
元大敦南,199.0,0,1500,989P,3035,2026-05-21
元大敦南,200.0,5,0,989P,3035,2026-05-21
元大鹿港,197.0,1000,1000,989S,3035,2026-05-21
元大鹿港,195.5,0,1000,989S,3035,2026-05-21
元大汐止,207.5,30,1000,989Q,3035,2026-05-21
元大汐止,206.0,0,2000,989Q,3035,2026-05-21
元大汐止,205.0,0,3100,989Q,3035,2026-05-21
元大汐止,204.0,0,2000,989Q,3035,2026-05-21
元大汐止,203.0,200,200,989Q,3035,2026-05-21
元大成功,206.5,1000,0,989L,3035,2026-05-21
元大汐止,202.0,0,10000,989Q,3035,2026-05-21
元大汐止,200.0,0,6050,989Q,3035,2026-05-21
元大汐止,198.0,500,1000,989Q,3035,2026-05-21
元大汐止,197.0,2000,1000,989Q,3035,2026-05-21
元大汐止,195.5,1000,0,989Q,3035,2026-05-21
元大敦南,207.5,8,0,989P,3035,2026-05-21
元大敦南,203.5,1000,0,989P,3035,2026-05-21
元大敦南,201.5,1000,0,989P,3035,2026-05-21
元大汐止,201.0,1000,0,989Q,3035,2026-05-21
元大成功,205.5,0,1000,989L,3035,2026-05-21
元大成功,204.5,1000,0,989L,3035,2026-05-21
元大成功,203.5,22000,0,989L,3035,2026-05-21
元大樹林,208.0,1000,22100,989j,3035,2026-05-21
元大樹林,205.5,0,1000,989j,3035,2026-05-21
元大樹林,204.5,0,100,989j,3035,2026-05-21
元大樹林,202.5,0,1000,989j,3035,2026-05-21
元大樹林,201.5,0,1000,989j,3035,2026-05-21
元大樹林,200.5,100,1000,989j,3035,2026-05-21
元大樹林,199.5,0,3050,989j,3035,2026-05-21
元大彰生,197.5,30,0,989J,3035,2026-05-21
元大樹林,198.5,3000,0,989j,3035,2026-05-21
元大樹林,196.5,0,3000,989j,3035,2026-05-21
元大蘆中,205.0,0,2000,989I,3035,2026-05-21
元大蘆中,204.0,0,4000,989I,3035,2026-05-21
元大蘆中,203.0,1660,2000,989I,3035,2026-05-21
元大蘆中,202.0,1000,2000,989I,3035,2026-05-21
元大蘆中,201.0,2000,4043,989I,3035,2026-05-21
元大蘆中,200.0,50,5000,989I,3035,2026-05-21
元大樹林,197.5,3000,0,989j,3035,2026-05-21
元大鹿港,198.5,1020,200,989S,3035,2026-05-21
元大彰生,198.5,1000,0,989J,3035,2026-05-21
元大彰生,200.5,1000,0,989J,3035,2026-05-21
元大成功,201.5,0,10,989L,3035,2026-05-21
元大成功,200.5,1000,2000,989L,3035,2026-05-21
元大成功,199.5,1050,10,989L,3035,2026-05-21
元大成功,198.0,3000,0,989L,3035,2026-05-21
元大成功,196.0,2000,2000,989L,3035,2026-05-21
元大古亭,206.0,0,1000,989k,3035,2026-05-21
元大古亭,203.0,1000,4050,989k,3035,2026-05-21
元大彰生,199.5,1050,1004,989J,3035,2026-05-21
元大古亭,201.5,1000,20000,989k,3035,2026-05-21
元大古亭,199.0,2000,100,989k,3035,2026-05-21
元大古亭,198.0,0,2000,989k,3035,2026-05-21
元大彰生,208.0,0,1040,989J,3035,2026-05-21
元大彰生,207.0,0,1000,989J,3035,2026-05-21
元大彰生,203.5,0,4000,989J,3035,2026-05-21
元大彰生,202.5,0,1000,989J,3035,2026-05-21
元大彰生,201.5,0,1160,989J,3035,2026-05-21
元大古亭,200.5,20000,1000,989k,3035,2026-05-21
元大蘆中,199.0,1008,2000,989I,3035,2026-05-21
元大鹿港,199.5,1000,4075,989S,3035,2026-05-21
元大鹿港,201.5,2000,1000,989S,3035,2026-05-21
永豐金,200.0,21259,4850,9A00,3035,2026-05-21
永豐金,199.0,6505,2839,9A00,3035,2026-05-21
永豐金,198.0,1000,5150,9A00,3035,2026-05-21
永豐金,197.0,0,4000,9A00,3035,2026-05-21
永豐金,195.5,6000,20000,9A00,3035,2026-05-21
元大小港,207.5,0,2000,989Z,3035,2026-05-21
元大小港,204.0,2,100,989Z,3035,2026-05-21
元大小港,202.5,1000,0,989Z,3035,2026-05-21
元大小港,201.5,0,1000,989Z,3035,2026-05-21
元大小港,200.0,1000,8000,989Z,3035,2026-05-21
元大小港,199.0,2000,0,989Z,3035,2026-05-21
元大小港,197.5,1000,0,989Z,3035,2026-05-21
元大小港,195.5,5000,0,989Z,3035,2026-05-21
元大基隆,207.5,0,2,989Y,3035,2026-05-21
元大基隆,205.0,0,100,989Y,3035,2026-05-21
永豐金,201.0,7376,8137,9A00,3035,2026-05-21
永豐金,202.0,5498,25250,9A00,3035,2026-05-21
永豐金,203.0,908,5479,9A00,3035,2026-05-21
永豐金,204.0,13464,12298,9A00,3035,2026-05-21
永豐埔里,200.0,0,200,9A79,3035,2026-05-21
永豐埔里,195.5,0,1000,9A79,3035,2026-05-21
永豐屏東,205.0,0,30,9A69,3035,2026-05-21
永豐屏東,203.0,1010,1000,9A69,3035,2026-05-21
永豐屏東,199.5,0,150,9A69,3035,2026-05-21
永豐鳳山,207.5,0,1000,9A61,3035,2026-05-21
永豐鳳山,204.5,0,10,9A61,3035,2026-05-21
元大基隆,203.5,0,2000,989Y,3035,2026-05-21
永豐鳳山,203.0,1000,0,9A61,3035,2026-05-21
永豐鳳山,200.0,20,2000,9A61,3035,2026-05-21
永豐鳳山,199.0,1000,0,9A61,3035,2026-05-21
永豐鳳山,197.5,1000,0,9A61,3035,2026-05-21
永豐鳳山,195.5,2000,0,9A61,3035,2026-05-21
永豐金,207.5,10998,4070,9A00,3035,2026-05-21
永豐金,206.0,1371,0,9A00,3035,2026-05-21
永豐金,205.0,13500,6300,9A00,3035,2026-05-21
永豐鳳山,201.0,200,1000,9A61,3035,2026-05-21
元大基隆,202.0,0,1000,989Y,3035,2026-05-21
元大基隆,200.5,3000,1000,989Y,3035,2026-05-21
元大基隆,199.0,0,1000,989Y,3035,2026-05-21
元大北重,202.0,1000,0,989V,3035,2026-05-21
元大北重,201.0,100,1500,989V,3035,2026-05-21
元大北重,200.0,11,2000,989V,3035,2026-05-21
元大北重,199.0,0,1000,989V,3035,2026-05-21
元大北重,198.0,0,1000,989V,3035,2026-05-21
元大北重,196.0,0,1000,989V,3035,2026-05-21
元大大甲,203.5,2000,0,989U,3035,2026-05-21
元大北重,203.0,0,1000,989V,3035,2026-05-21
元大大甲,202.5,0,15,989U,3035,2026-05-21
元大大甲,200.5,40,0,989U,3035,2026-05-21
元大大甲,199.5,0,5,989U,3035,2026-05-21
元大大甲,198.5,0,3000,989U,3035,2026-05-21
元大鹿港,208.0,0,4000,989S,3035,2026-05-21
元大鹿港,205.0,0,5641,989S,3035,2026-05-21
元大鹿港,204.0,0,2000,989S,3035,2026-05-21
元大鹿港,202.5,0,25,989S,3035,2026-05-21
元大大甲,201.5,0,1000,989U,3035,2026-05-21
元大鹿港,200.5,60,2040,989S,3035,2026-05-21
元大北重,204.0,0,1100,989V,3035,2026-05-21
元大站前,195.5,0,2000,989W,3035,2026-05-21
元大基隆,198.0,0,1000,989Y,3035,2026-05-21
元大基隆,196.0,2000,0,989Y,3035,2026-05-21
元大三民,207.5,0,1000,989X,3035,2026-05-21
元大三民,204.0,1000,0,989X,3035,2026-05-21
元大三民,203.0,0,1000,989X,3035,2026-05-21
元大三民,201.0,20,1000,989X,3035,2026-05-21
元大三民,199.0,1000,1000,989X,3035,2026-05-21
元大北重,205.0,0,3000,989V,3035,2026-05-21
元大三民,196.0,0,4000,989X,3035,2026-05-21
元大站前,204.0,50,6398,989W,3035,2026-05-21
元大站前,203.0,0,2000,989W,3035,2026-05-21
元大站前,202.0,1000,1300,989W,3035,2026-05-21
元大站前,201.0,0,1000,989W,3035,2026-05-21
元大站前,200.0,1150,0,989W,3035,2026-05-21
元大站前,199.0,0,1000,989W,3035,2026-05-21
元大站前,197.5,1000,0,989W,3035,2026-05-21
元大站前,205.5,0,1000,989W,3035,2026-05-21
元大永和,203.5,0,1000,9891,3035,2026-05-21
元大蘆中,198.0,4000,0,989I,3035,2026-05-21
元大蘆中,196.0,0,1000,989I,3035,2026-05-21
元大淡水,205.0,0,1,9899,3035,2026-05-21
元大淡水,204.0,0,135,9899,3035,2026-05-21
元大淡水,202.5,0,100,9899,3035,2026-05-21
元大淡水,201.5,5,0,9899,3035,2026-05-21
元大淡水,200.5,0,3000,9899,3035,2026-05-21
元大淡水,199.5,5,1000,9899,3035,2026-05-21
元大淡水,198.5,0,1000,9899,3035,2026-05-21
元大淡水,197.0,0,2000,9899,3035,2026-05-21
元大淡水,195.5,0,2000,9899,3035,2026-05-21
元大新莊,205.0,1000,2000,9898,3035,2026-05-21
元大新莊,204.0,12,1000,9898,3035,2026-05-21
元大新莊,203.0,1000,2000,9898,3035,2026-05-21
元大新莊,202.0,0,9050,9898,3035,2026-05-21
元大新莊,201.0,1000,2050,9898,3035,2026-05-21
元大新莊,200.0,2000,8000,9898,3035,2026-05-21
元大淡水,207.0,0,1,9899,3035,2026-05-21
元大淡水,208.0,0,10114,9899,3035,2026-05-21
元大苑裡,200.0,1000,120,989a,3035,2026-05-21
元大苑裡,201.0,0,1150,989a,3035,2026-05-21
元大中港,199.0,0,2000,989B,3035,2026-05-21
元大中港,196.5,0,2000,989B,3035,2026-05-21
元大中港,195.5,1000,0,989B,3035,2026-05-21
元大北投,208.0,0,3400,989A,3035,2026-05-21
元大北投,206.5,0,4000,989A,3035,2026-05-21
元大北投,204.0,1000,0,989A,3035,2026-05-21
元大北投,203.0,0,2050,989A,3035,2026-05-21
元大新莊,199.0,15,1000,9898,3035,2026-05-21
元大北投,202.0,0,2000,989A,3035,2026-05-21
元大北投,200.0,0,1000,989A,3035,2026-05-21
元大北投,199.0,500,1050,989A,3035,2026-05-21
元大北投,195.5,0,1000,989A,3035,2026-05-21
元大苑裡,207.5,1500,0,989a,3035,2026-05-21
元大苑裡,204.0,0,2100,989a,3035,2026-05-21
元大苑裡,203.0,250,1000,989a,3035,2026-05-21
元大苑裡,202.0,0,1000,989a,3035,2026-05-21
元大北投,201.0,0,4050,989A,3035,2026-05-21
元大新莊,198.0,5,0,9898,3035,2026-05-21
元大新莊,196.5,7000,4000,9898,3035,2026-05-21
元大土城,208.0,0,1400,9897,3035,2026-05-21
元大大天,208.0,1000,1010,9893,3035,2026-05-21
元大大天,207.0,1000,1000,9893,3035,2026-05-21
元大大天,204.5,0,1010,9893,3035,2026-05-21
元大大天,202.5,0,1100,9893,3035,2026-05-21
元大大天,201.5,1000,10,9893,3035,2026-05-21
元大大天,200.0,0,1000,9893,3035,2026-05-21
元大大天,198.5,1000,0,9893,3035,2026-05-21
元大桃興,197.0,1000,1000,9894,3035,2026-05-21
元大大天,197.5,2000,1000,9893,3035,2026-05-21
元大屏東,208.0,0,5480,9892,3035,2026-05-21
元大屏東,204.0,1,0,9892,3035,2026-05-21
元大屏東,201.5,100,0,9892,3035,2026-05-21
元大屏東,199.0,0,1135,9892,3035,2026-05-21
元大屏東,197.0,0,1000,9892,3035,2026-05-21
元大屏東,195.5,0,1000,9892,3035,2026-05-21
元大永和,207.5,1000,0,9891,3035,2026-05-21
元大大天,196.0,1000,0,9893,3035,2026-05-21
元大中港,200.0,3000,500,989B,3035,2026-05-21
元大桃興,199.0,1000,0,9894,3035,2026-05-21
元大桃興,201.0,1000,0,9894,3035,2026-05-21
元大土城,203.0,200,0,9897,3035,2026-05-21
元大土城,201.5,0,70,9897,3035,2026-05-21
元大土城,199.5,0,1000,9897,3035,2026-05-21
元大土城,198.0,1000,0,9897,3035,2026-05-21
元大台南,204.5,0,1000,9896,3035,2026-05-21
元大台南,203.5,0,1100,9896,3035,2026-05-21
元大台南,202.5,0,16,9896,3035,2026-05-21
元大桃興,200.0,300,1250,9894,3035,2026-05-21
元大台南,201.5,2000,0,9896,3035,2026-05-21
元大台南,199.5,0,4000,9896,3035,2026-05-21
元大台南,198.5,10000,1000,9896,3035,2026-05-21
元大台南,197.5,0,8000,9896,3035,2026-05-21
元大台南,196.0,1000,4000,9896,3035,2026-05-21
元大桃興,204.5,0,1000,9894,3035,2026-05-21
元大桃興,203.5,5,0,9894,3035,2026-05-21
元大桃興,202.5,0,100,9894,3035,2026-05-21
元大台南,200.5,0,3000,9896,3035,2026-05-21
元大蘆中,197.0,7000,0,989I,3035,2026-05-21
元大中港,201.0,15,1010,989B,3035,2026-05-21
元大中港,203.5,44,3000,989B,3035,2026-05-21
元大高雄,204.0,0,1000,989F,3035,2026-05-21
元大高雄,201.0,0,2302,989F,3035,2026-05-21
元大高雄,200.0,1050,0,989F,3035,2026-05-21
元大高雄,199.0,1000,1000,989F,3035,2026-05-21
元大高雄,196.0,1000,0,989F,3035,2026-05-21
元大東港,207.5,100,0,989f,3035,2026-05-21
元大東港,203.0,0,1000,989f,3035,2026-05-21
元大東港,202.0,1000,0,989f,3035,2026-05-21
元大東港,201.0,0,1000,989f,3035,2026-05-21
元大東港,199.5,20,1000,989f,3035,2026-05-21
元大東港,198.5,320,0,989f,3035,2026-05-21
元大草屯,208.0,0,10,989E,3035,2026-05-21
元大草屯,206.5,0,3100,989E,3035,2026-05-21
元大草屯,204.5,11,0,989E,3035,2026-05-21
元大草屯,203.5,1000,0,989E,3035,2026-05-21
元大高雄,206.0,0,1000,989F,3035,2026-05-21
元大高雄,208.0,0,1000,989F,3035,2026-05-21
元大嘉義,196.5,0,1000,989g,3035,2026-05-21
元大嘉義,198.5,0,1000,989g,3035,2026-05-21
元大大同,208.0,0,9000,989G,3035,2026-05-21
元大大同,205.0,0,5000,989G,3035,2026-05-21
元大大同,203.5,8000,100000,989G,3035,2026-05-21
元大大同,202.5,0,102000,989G,3035,2026-05-21
元大大同,201.5,2000,101000,989G,3035,2026-05-21
元大大同,200.5,0,100000,989G,3035,2026-05-21
元大大同,199.5,3000,101000,989G,3035,2026-05-21
元大草屯,202.0,0,2000,989E,3035,2026-05-21
元大大同,198.5,1000,0,989G,3035,2026-05-21
元大大同,196.0,0,1000,989G,3035,2026-05-21
元大嘉義,208.0,10000,4005,989g,3035,2026-05-21
元大嘉義,204.5,0,2000,989g,3035,2026-05-21
元大嘉義,203.0,200,100,989g,3035,2026-05-21
元大嘉義,201.5,150,8000,989g,3035,2026-05-21
元大嘉義,200.5,15,1000,989g,3035,2026-05-21
元大嘉義,199.5,0,1000,989g,3035,2026-05-21
元大大同,197.5,0,1150,989G,3035,2026-05-21
元大草屯,201.0,0,1000,989E,3035,2026-05-21
元大草屯,200.0,0,150,989E,3035,2026-05-21
元大草屯,199.0,5000,5000,989E,3035,2026-05-21
元大北屯,202.5,2020,2000,989d,3035,2026-05-21
元大北屯,201.5,2000,2000,989d,3035,2026-05-21
元大北屯,200.5,4000,4150,989d,3035,2026-05-21
元大北屯,199.5,3000,0,989d,3035,2026-05-21
元大北屯,198.5,20,1000,989d,3035,2026-05-21
元大北屯,197.5,1020,2000,989d,3035,2026-05-21
元大板橋,208.0,1000,3100,989C,3035,2026-05-21
元大北屯,204.0,0,1300,989d,3035,2026-05-21
元大板橋,207.0,0,2000,989C,3035,2026-05-21
元大板橋,201.0,3000,0,989C,3035,2026-05-21
元大板橋,200.0,0,2150,989C,3035,2026-05-21
元大板橋,199.0,0,5300,989C,3035,2026-05-21
元大板橋,196.5,0,1000,989C,3035,2026-05-21
元大板橋,195.5,3000,0,989C,3035,2026-05-21
元大中港,207.5,1000,1000,989B,3035,2026-05-21
元大中港,204.5,0,3001,989B,3035,2026-05-21
元大板橋,203.0,1000,1000,989C,3035,2026-05-21
元大中港,202.0,1000,1800,989B,3035,2026-05-21
元大北屯,205.0,0,3000,989d,3035,2026-05-21
元大左營,195.5,2000,0,989D,3035,2026-05-21
元大草屯,197.5,0,3000,989E,3035,2026-05-21
元大草屯,196.0,2000,5000,989E,3035,2026-05-21
元大中和,207.5,0,2000,989e,3035,2026-05-21
元大中和,205.0,0,1000,989e,3035,2026-05-21
元大中和,203.5,2000,0,989e,3035,2026-05-21
元大中和,201.0,0,1000,989e,3035,2026-05-21
元大中和,200.0,0,3000,989e,3035,2026-05-21
元大北屯,207.5,0,1000,989d,3035,2026-05-21
元大中和,198.0,5000,1000,989e,3035,2026-05-21
元大左營,205.0,0,7000,989D,3035,2026-05-21
元大左營,203.0,1015,2100,989D,3035,2026-05-21
元大左營,201.5,0,2000,989D,3035,2026-05-21
元大左營,200.5,111,6050,989D,3035,2026-05-21
元大左營,199.5,1013,1000,989D,3035,2026-05-21
元大左營,198.0,1000,1000,989D,3035,2026-05-21
元大左營,197.0,0,1000,989D,3035,2026-05-21
元大左營,208.0,0,2410,989D,3035,2026-05-21
凱基南崁,204.0,20,0,9256,3035,2026-05-21
元大,203.5,34887,126000,9800,3035,2026-05-21
凱基南崁,200.0,0,154,9256,3035,2026-05-21
中信託永,199.5,0,100,6163,3035,2026-05-21
中信託永,198.5,0,1000,6163,3035,2026-05-21
中信託永,196.0,0,5000,6163,3035,2026-05-21
中信託忠,207.5,4000,500,6162,3035,2026-05-21
中信託忠,206.5,1000,0,6162,3035,2026-05-21
中信託忠,204.0,0,2000,6162,3035,2026-05-21
中信託忠,203.0,50,1000,6162,3035,2026-05-21
中信託忠,202.0,1100,1001,6162,3035,2026-05-21
中信託忠,201.0,2000,2050,6162,3035,2026-05-21
中信託忠,200.0,0,600,6162,3035,2026-05-21
中信託忠,199.0,0,150,6162,3035,2026-05-21
中信託忠,198.0,1000,0,6162,3035,2026-05-21
中信三重,206.0,0,100,6161,3035,2026-05-21
中信三重,204.0,0,6000,6161,3035,2026-05-21
中信三重,202.0,5000,0,6161,3035,2026-05-21
中信託永,200.5,0,2000,6163,3035,2026-05-21
中信託永,202.0,0,1000,6163,3035,2026-05-21
中信託永,203.5,0,148,6163,3035,2026-05-21
中信託永,205.0,0,5000,6163,3035,2026-05-21
中信託新,205.0,0,2000,6165,3035,2026-05-21
中信託新,203.5,1000,3000,6165,3035,2026-05-21
中信託新,200.5,0,1000,6165,3035,2026-05-21
中信託新,199.5,1000,6000,6165,3035,2026-05-21
中信託新,198.0,6000,0,6165,3035,2026-05-21
中信託文,206.5,1000,0,6164,3035,2026-05-21
中信託文,204.5,1000,0,6164,3035,2026-05-21
中信三重,201.0,0,1100,6161,3035,2026-05-21
中信託文,203.5,4000,0,6164,3035,2026-05-21
中信託文,201.5,1090,5000,6164,3035,2026-05-21
中信託文,200.5,0,27000,6164,3035,2026-05-21
中信託文,199.5,3200,11200,6164,3035,2026-05-21
中信託文,198.0,1000,3030,6164,3035,2026-05-21
中信託文,197.0,0,5000,6164,3035,2026-05-21
中信託文,195.5,0,1000,6164,3035,2026-05-21
中信託永,206.5,0,1000,6163,3035,2026-05-21
中信託文,202.5,0,1100,6164,3035,2026-05-21
中信託新,208.0,2000,4200,6165,3035,2026-05-21
中信三重,200.0,0,2005,6161,3035,2026-05-21
中信三重,196.0,0,1000,6161,3035,2026-05-21
中銀高雄,201.0,0,1000,6116,3035,2026-05-21
中銀高雄,199.0,0,1000,6116,3035,2026-05-21
中銀台北,205.0,0,1000,6115,3035,2026-05-21
中銀員林,207.5,0,1000,6114,3035,2026-05-21
中銀員林,204.5,0,1000,6114,3035,2026-05-21
中銀員林,203.5,1000,0,6114,3035,2026-05-21
中銀員林,202.5,0,2000,6114,3035,2026-05-21
中銀員林,201.0,0,11000,6114,3035,2026-05-21
中銀員林,200.0,5000,1000,6114,3035,2026-05-21
中銀員林,198.0,1000,0,6114,3035,2026-05-21
台中銀,208.0,0,3126,6110,3035,2026-05-21
台中銀,207.0,0,100,6110,3035,2026-05-21
台中銀,204.5,0,1000,6110,3035,2026-05-21
台中銀,203.5,0,1000,6110,3035,2026-05-21
台中銀,202.5,1000,2000,6110,3035,2026-05-21
中銀高雄,208.0,0,1000,6116,3035,2026-05-21
中銀豐原,196.5,1000,0,611A,3035,2026-05-21
中銀豐原,199.0,0,1100,611A,3035,2026-05-21
中銀豐原,200.0,0,2100,611A,3035,2026-05-21
中國信託,207.5,50,0,6160,3035,2026-05-21
中國信託,205.5,0,5000,6160,3035,2026-05-21
中國信託,204.5,0,1000,6160,3035,2026-05-21
中國信託,203.5,2000,1150,6160,3035,2026-05-21
中國信託,202.0,10800,5200,6160,3035,2026-05-21
中國信託,201.0,200,16420,6160,3035,2026-05-21
中國信託,200.0,2000,79080,6160,3035,2026-05-21
中信三重,199.0,0,2000,6161,3035,2026-05-21
中國信託,199.0,2550,4000,6160,3035,2026-05-21
中國信託,197.0,1000,4000,6160,3035,2026-05-21
中國信託,195.5,2000,0,6160,3035,2026-05-21
中銀豐原,207.5,1006,0,611A,3035,2026-05-21
中銀豐原,206.0,0,1,611A,3035,2026-05-21
中銀豐原,203.5,1000,0,611A,3035,2026-05-21
中銀豐原,202.5,0,1000,611A,3035,2026-05-21
中銀豐原,201.0,1030,1000,611A,3035,2026-05-21
中國信託,198.0,1100,5500,6160,3035,2026-05-21
中信松江,199.5,1000,1000,6167,3035,2026-05-21
中信松江,201.0,0,200,6167,3035,2026-05-21
中信松江,203.5,5000,0,6167,3035,2026-05-21
光和嘉義,202.5,0,1000,638A,3035,2026-05-21
光和嘉義,200.5,1000,100,638A,3035,2026-05-21
光和嘉義,196.5,1000,0,638A,3035,2026-05-21
光和花壇,208.0,0,50,6385,3035,2026-05-21
光和花壇,205.5,0,5000,6385,3035,2026-05-21
光和花壇,204.0,5000,0,6385,3035,2026-05-21
光和和美,205.0,0,11000,6383,3035,2026-05-21
光和田中,204.5,0,100,6382,3035,2026-05-21
光和田中,202.0,0,1000,6382,3035,2026-05-21
光和田中,198.0,0,50,6382,3035,2026-05-21
光和溪湖,206.5,0,1000,6381,3035,2026-05-21
光和溪湖,202.5,1000,2000,6381,3035,2026-05-21
光和溪湖,200.0,0,1000,6381,3035,2026-05-21
光和溪湖,197.5,0,1000,6381,3035,2026-05-21
光和,205.0,3000,195,6380,3035,2026-05-21
光和嘉義,204.0,1000,4000,638A,3035,2026-05-21
光和高雄,197.0,0,1000,638D,3035,2026-05-21
光和高雄,199.5,4000,1000,638D,3035,2026-05-21
光和高雄,202.0,0,100,638D,3035,2026-05-21
大昌樹林,198.0,1000,0,6461,3035,2026-05-21
大昌,208.0,0,77,6460,3035,2026-05-21
大昌,207.0,0,1000,6460,3035,2026-05-21
大昌,205.0,0,1100,6460,3035,2026-05-21
大昌,202.5,0,1000,6460,3035,2026-05-21
大昌,200.0,0,4000,6460,3035,2026-05-21
大昌,199.0,0,2000,6460,3035,2026-05-21
光和,203.5,0,1150,6380,3035,2026-05-21
大昌,198.0,0,4300,6460,3035,2026-05-21
永全八德,204.0,800,0,6452,3035,2026-05-21
永全八德,201.0,0,2000,6452,3035,2026-05-21
永全南崁,202.0,0,1000,6451,3035,2026-05-21
永全南崁,199.5,0,1000,6451,3035,2026-05-21
永全,205.0,0,1000,6450,3035,2026-05-21
永全,201.0,0,1000,6450,3035,2026-05-21
永全,195.5,0,1000,6450,3035,2026-05-21
永全八德,208.0,0,2000,6452,3035,2026-05-21
光和,202.5,0,2000,6380,3035,2026-05-21
光和,199.5,1000,2000,6380,3035,2026-05-21
光和,198.5,2000,0,6380,3035,2026-05-21
中信中壢,205.0,0,5000,616A,3035,2026-05-21
中信中壢,203.5,0,10000,616A,3035,2026-05-21
中信中壢,202.0,1000,11000,616A,3035,2026-05-21
中信中壢,201.0,0,1000,616A,3035,2026-05-21
中信中壢,199.5,20000,2000,616A,3035,2026-05-21
中信中壢,198.0,1000,5000,616A,3035,2026-05-21
中信中壢,196.0,0,1000,616A,3035,2026-05-21
中信中壢,207.5,1000,0,616A,3035,2026-05-21
中信嘉義,205.0,0,1000,6168,3035,2026-05-21
中信嘉義,203.0,0,1000,6168,3035,2026-05-21
中信嘉義,201.5,3000,0,6168,3035,2026-05-21
中信嘉義,200.5,1000,0,6168,3035,2026-05-21
中信嘉義,199.5,1000,1000,6168,3035,2026-05-21
中信嘉義,198.5,0,1000,6168,3035,2026-05-21
中信嘉義,197.5,0,2000,6168,3035,2026-05-21
中信松江,208.0,0,1000,6167,3035,2026-05-21
中信嘉義,204.0,0,2000,6168,3035,2026-05-21
台中銀,201.5,1121,10200,6110,3035,2026-05-21
中信託高,197.0,2000,0,616K,3035,2026-05-21
中信託高,199.5,1000,3000,616K,3035,2026-05-21
新百王,208.0,0,1010,6210,3035,2026-05-21
新百王,204.5,0,1000,6210,3035,2026-05-21
新百王,203.5,3000,1000,6210,3035,2026-05-21
新百王,202.5,1000,2000,6210,3035,2026-05-21
新百王,201.5,1000,2000,6210,3035,2026-05-21
新百王,200.5,0,1023,6210,3035,2026-05-21
新百王,199.5,0,2085,6210,3035,2026-05-21
中信託高,198.0,0,1000,616K,3035,2026-05-21
新百王,198.5,1000,1000,6210,3035,2026-05-21
新百王,196.5,0,1000,6210,3035,2026-05-21
中信託高,208.0,0,3200,616K,3035,2026-05-21
中信託高,205.0,0,1130,616K,3035,2026-05-21
中信託高,204.0,100,2000,616K,3035,2026-05-21
中信託高,203.0,0,1300,616K,3035,2026-05-21
中信託高,202.0,1000,1000,616K,3035,2026-05-21
中信託高,200.5,0,4000,616K,3035,2026-05-21
新百王,197.5,1000,1000,6210,3035,2026-05-21
台中銀,200.0,0,4000,6110,3035,2026-05-21
台中銀,198.0,2100,0,6110,3035,2026-05-21
?亞鑫豐,207.0,0,1000,601d,3035,2026-05-21
統一新台中,202.0,2000,1000,585D,3035,2026-05-21
統一新台中,201.0,5,0,585D,3035,2026-05-21
統一新台中,200.0,0,3000,585D,3035,2026-05-21
統一新台中,199.0,0,1000,585D,3035,2026-05-21
統一新台中,198.0,50,2000,585D,3035,2026-05-21
統一仁愛,208.0,0,1000,585c,3035,2026-05-21
統一仁愛,206.0,0,1000,585c,3035,2026-05-21
統一仁愛,203.0,5000,7100,585c,3035,2026-05-21
統一仁愛,201.5,1000,0,585c,3035,2026-05-21
統一仁愛,200.5,1000,0,585c,3035,2026-05-21
統一仁愛,198.0,0,1000,585c,3035,2026-05-21
統一仁愛,195.5,0,5000,585c,3035,2026-05-21
統一永和,207.5,0,5000,585B,3035,2026-05-21
統一永和,203.5,2000,0,585B,3035,2026-05-21
統一永和,201.5,2000,0,585B,3035,2026-05-21
統一新台中,203.5,3000,0,585D,3035,2026-05-21
統一新台中,205.0,0,2000,585D,3035,2026-05-21
統一新營,195.5,2000,1000,585E,3035,2026-05-21
統一新營,199.5,0,2000,585E,3035,2026-05-21
統一桃園,202.0,0,200,585H,3035,2026-05-21
統一桃園,201.0,0,1000,585H,3035,2026-05-21
統一桃園,200.0,100,0,585H,3035,2026-05-21
統一桃園,197.0,0,1000,585H,3035,2026-05-21
統一桃園,196.0,0,1000,585H,3035,2026-05-21
統一平鎮,208.0,0,1000,585g,3035,2026-05-21
統一平鎮,202.0,0,1500,585g,3035,2026-05-21
統一永和,199.5,2000,0,585B,3035,2026-05-21
統一平鎮,199.0,1000,0,585g,3035,2026-05-21
統一彰化,202.5,2000,1000,585F,3035,2026-05-21
統一彰化,200.5,1000,2000,585F,3035,2026-05-21
統一彰化,199.5,0,2000,585F,3035,2026-05-21
統一彰化,196.0,5000,0,585F,3035,2026-05-21
統一新營,206.0,0,1000,585E,3035,2026-05-21
統一新營,204.0,1000,0,585E,3035,2026-05-21
統一新營,201.5,0,3000,585E,3035,2026-05-21
統一彰化,207.5,8000,1000,585F,3035,2026-05-21
統一永和,197.5,2000,1000,585B,3035,2026-05-21
統一內湖,207.0,0,2000,585b,3035,2026-05-21
統一內湖,202.0,0,300,585b,3035,2026-05-21
統一台中,204.0,300,9000,5856,3035,2026-05-21
統一台中,203.0,0,1000,5856,3035,2026-05-21
統一台中,202.0,1000,3000,5856,3035,2026-05-21
統一台中,201.0,0,2018,5856,3035,2026-05-21
統一台中,200.0,2000,2000,5856,3035,2026-05-21
統一台中,199.0,125,1000,5856,3035,2026-05-21
統一台中,198.0,1100,0,5856,3035,2026-05-21
統一台中,205.0,0,2000,5856,3035,2026-05-21
統一台南,208.0,0,1000,5855,3035,2026-05-21
統一台南,199.0,0,3000,5855,3035,2026-05-21
統一城中,207.5,1000,0,5854,3035,2026-05-21
統一城中,205.0,0,2000,5854,3035,2026-05-21
統一城中,203.0,2000,2000,5854,3035,2026-05-21
統一城中,202.0,0,1000,5854,3035,2026-05-21
統一城中,201.0,3000,0,5854,3035,2026-05-21
統一城中,200.0,2000,0,5854,3035,2026-05-21
統一台南,201.0,0,50,5855,3035,2026-05-21
統一桃園,203.0,50,0,585H,3035,2026-05-21
統一台中,207.5,1000,2000,5856,3035,2026-05-21
統一新竹,199.5,1000,3000,5857,3035,2026-05-21
統一內湖,199.5,2000,0,585b,3035,2026-05-21
統一內湖,196.0,0,1000,585b,3035,2026-05-21
統一基隆,205.0,0,50,585A,3035,2026-05-21
統一基隆,199.5,0,1000,585A,3035,2026-05-21
統一屏東,208.0,0,10205,5859,3035,2026-05-21
統一屏東,204.5,0,5,5859,3035,2026-05-21
統一屏東,201.0,0,600,5859,3035,2026-05-21
統一新竹,198.0,200,0,5857,3035,2026-05-21
統一屏東,199.5,0,2000,5859,3035,2026-05-21
統一嘉義,203.5,0,1150,5858,3035,2026-05-21
統一嘉義,202.0,0,300,5858,3035,2026-05-21
統一嘉義,199.0,1000,3000,5858,3035,2026-05-21
統一嘉義,196.5,0,1000,5858,3035,2026-05-21
統一新竹,207.5,0,1000,5857,3035,2026-05-21
統一新竹,203.0,2000,1000,5857,3035,2026-05-21
統一新竹,201.5,0,100,5857,3035,2026-05-21
統一嘉義,208.0,0,2000,5858,3035,2026-05-21
大昌樹林,199.0,0,2000,6461,3035,2026-05-21
統一桃園,204.0,50,0,585H,3035,2026-05-21
統一員林,197.5,0,1000,585I,3035,2026-05-21
統一松江,201.5,0,1000,585Z,3035,2026-05-21
統一松江,197.0,4000,0,585Z,3035,2026-05-21
統一土城,202.5,0,1000,585Y,3035,2026-05-21
統一土城,201.5,0,500,585Y,3035,2026-05-21
統一土城,200.0,0,1000,585Y,3035,2026-05-21
統一土城,198.5,0,10,585Y,3035,2026-05-21
統一金門,208.0,0,2000,585W,3035,2026-05-21
統一金門,203.0,0,1000,585W,3035,2026-05-21
統一金門,201.5,0,5000,585W,3035,2026-05-21
統一金門,200.0,0,5000,585W,3035,2026-05-21
統一南京,208.0,0,3000,585U,3035,2026-05-21
統一南京,203.5,1000,1000,585U,3035,2026-05-21
統一南京,202.0,5000,2000,585U,3035,2026-05-21
統一南京,200.0,1000,1000,585U,3035,2026-05-21
統一南京,198.5,1000,0,585U,3035,2026-05-21
統一松江,202.5,2000,0,585Z,3035,2026-05-21
統一松江,204.0,2000,0,585Z,3035,2026-05-21
統一松江,208.0,0,3000,585Z,3035,2026-05-21
日茂,201.0,2000,2000,5960,3035,2026-05-21
?亞鑫豐,205.0,0,1,601d,3035,2026-05-21
?亞鑫豐,204.0,2000,0,601d,3035,2026-05-21
?亞鑫豐,203.0,0,2000,601d,3035,2026-05-21
?亞鑫豐,202.0,0,1008,601d,3035,2026-05-21
?亞鑫豐,201.0,1000,1100,601d,3035,2026-05-21
?亞鑫豐,200.0,3000,4000,601d,3035,2026-05-21
?亞鑫豐,199.0,200,2200,601d,3035,2026-05-21
統一宜蘭,204.5,0,1000,585S,3035,2026-05-21
?亞鑫豐,198.0,1050,2300,601d,3035,2026-05-21
?亞網路,202.5,150,0,6012,3035,2026-05-21
?亞網路,201.5,1000,0,6012,3035,2026-05-21
?亞網路,200.0,1000,2000,6012,3035,2026-05-21
?亞,203.5,0,1000,6010,3035,2026-05-21
日茂南投,198.0,0,1000,5962,3035,2026-05-21
日茂,204.5,0,3000,5960,3035,2026-05-21
日茂,203.5,0,16000,5960,3035,2026-05-21
?亞網路,208.0,0,20,6012,3035,2026-05-21
統一宜蘭,203.5,0,100,585S,3035,2026-05-21
統一宜蘭,201.0,1000,0,585S,3035,2026-05-21
統一宜蘭,196.0,0,1000,585S,3035,2026-05-21
統一士林,201.5,1000,1000,585M,3035,2026-05-21
統一士林,200.5,10,0,585M,3035,2026-05-21
統一士林,199.5,2000,0,585M,3035,2026-05-21
統一士林,197.5,0,50,585M,3035,2026-05-21
統一竹南,202.5,1000,0,585m,3035,2026-05-21
統一竹南,199.5,1000,0,585m,3035,2026-05-21
統一竹南,198.5,1000,0,585m,3035,2026-05-21
統一士林,203.5,1000,0,585M,3035,2026-05-21
統一三重,205.0,0,1100,585J,3035,2026-05-21
統一三重,201.5,1000,0,585J,3035,2026-05-21
統一三重,199.0,1520,1000,585J,3035,2026-05-21
統一員林,208.0,12000,0,585I,3035,2026-05-21
統一員林,204.5,0,1000,585I,3035,2026-05-21
統一員林,201.5,0,4000,585I,3035,2026-05-21
統一員林,200.0,0,5050,585I,3035,2026-05-21
統一員林,199.0,2000,5000,585I,3035,2026-05-21
統一三重,203.5,0,2000,585J,3035,2026-05-21
統一桃園,205.5,0,1000,585H,3035,2026-05-21
統一士林,204.5,1052,0,585M,3035,2026-05-21
統一板橋,198.5,0,2000,585P,3035,2026-05-21
統一東湖,207.5,2000,0,585R,3035,2026-05-21
統一東湖,206.0,0,2000,585R,3035,2026-05-21
統一東湖,203.5,100,0,585R,3035,2026-05-21
統一東湖,202.5,0,5000,585R,3035,2026-05-21
統一東湖,201.0,7000,3000,585R,3035,2026-05-21
統一東湖,200.0,0,51100,585R,3035,2026-05-21
統一東湖,199.0,8000,1000,585R,3035,2026-05-21
統一士林,208.0,1000,2000,585M,3035,2026-05-21
統一三多,208.0,0,2000,585Q,3035,2026-05-21
統一三多,202.0,1000,0,585Q,3035,2026-05-21
統一三多,200.0,1000,2000,585Q,3035,2026-05-21
統一三多,199.0,500,0,585Q,3035,2026-05-21
統一三多,196.0,2000,0,585Q,3035,2026-05-21
統一板橋,205.0,0,1000,585P,3035,2026-05-21
統一板橋,202.0,0,2000,585P,3035,2026-05-21
統一板橋,200.5,2000,0,585P,3035,2026-05-21
統一三多,203.0,3000,0,585Q,3035,2026-05-21
大昌樹林,200.0,6000,4000,6461,3035,2026-05-21
大昌樹林,201.0,1000,1000,6461,3035,2026-05-21
大昌樹林,202.5,0,3000,6461,3035,2026-05-21
兆豐天母,201.5,2000,0,700L,3035,2026-05-21
兆豐天母,200.0,100,4000,700L,3035,2026-05-21
兆豐天母,198.5,1000,0,700L,3035,2026-05-21
兆豐新營,207.5,0,1000,700K,3035,2026-05-21
兆豐新營,204.0,246,1100,700K,3035,2026-05-21
兆豐新營,203.0,0,1000,700K,3035,2026-05-21
兆豐新營,202.0,0,1000,700K,3035,2026-05-21
兆豐新營,201.0,1000,0,700K,3035,2026-05-21
兆豐員林,208.0,0,1010,700k,3035,2026-05-21
兆豐員林,205.0,0,1000,700k,3035,2026-05-21
兆豐員林,204.0,0,1000,700k,3035,2026-05-21
兆豐員林,202.0,1000,3000,700k,3035,2026-05-21
兆豐員林,201.0,0,12000,700k,3035,2026-05-21
兆豐員林,200.0,1000,0,700k,3035,2026-05-21
兆豐員林,199.0,0,4000,700k,3035,2026-05-21
兆豐天母,203.5,0,3000,700L,3035,2026-05-21
兆豐天母,205.0,0,500,700L,3035,2026-05-21
兆豐天母,208.0,0,200,700L,3035,2026-05-21
兆豐桃園,198.0,100,100,700M,3035,2026-05-21
兆豐南京,199.0,0,1000,700P,3035,2026-05-21
兆豐復興,208.0,2000,11000,700p,3035,2026-05-21
兆豐復興,205.0,1000,1000,700p,3035,2026-05-21
兆豐復興,204.0,2000,0,700p,3035,2026-05-21
兆豐復興,202.5,0,2000,700p,3035,2026-05-21
兆豐復興,201.5,2000,1000,700p,3035,2026-05-21
兆豐復興,200.5,25,1000,700p,3035,2026-05-21
兆豐公益,208.0,1000,1000,700J,3035,2026-05-21
兆豐復興,199.5,0,1000,700p,3035,2026-05-21
兆豐埔墘,203.0,0,2000,700N,3035,2026-05-21
兆豐埔墘,199.0,1000,40,700N,3035,2026-05-21
兆豐桃園,208.0,0,12006,700M,3035,2026-05-21
兆豐桃園,204.5,0,6,700M,3035,2026-05-21
兆豐桃園,202.0,0,1000,700M,3035,2026-05-21
兆豐桃園,201.0,0,150,700M,3035,2026-05-21
兆豐桃園,199.0,0,1000,700M,3035,2026-05-21
兆豐復興,198.5,3000,0,700p,3035,2026-05-21
兆豐公益,206.0,6000,0,700J,3035,2026-05-21
兆豐公益,203.5,1000,0,700J,3035,2026-05-21
兆豐公益,202.0,0,6000,700J,3035,2026-05-21
兆豐松德,198.0,1000,0,700i,3035,2026-05-21
兆豐東門,205.0,0,1000,700H,3035,2026-05-21
兆豐東門,202.5,200,1000,700H,3035,2026-05-21
兆豐東門,201.0,2050,1000,700H,3035,2026-05-21
兆豐東門,199.5,1000,0,700H,3035,2026-05-21
兆豐三民,208.0,0,2000,700h,3035,2026-05-21
兆豐三民,205.5,0,1000,700h,3035,2026-05-21
兆豐松德,199.5,2000,0,700i,3035,2026-05-21
兆豐三民,203.0,0,1000,700h,3035,2026-05-21
兆豐三民,199.5,0,2000,700h,3035,2026-05-21
兆豐麻豆,206.0,0,3000,700G,3035,2026-05-21
兆豐麻豆,201.5,1000,1000,700G,3035,2026-05-21
兆豐麻豆,200.0,600,2000,700G,3035,2026-05-21
兆豐麻豆,199.0,0,10,700G,3035,2026-05-21
兆豐南門,208.0,0,1038,700g,3035,2026-05-21
兆豐南門,205.0,0,12000,700g,3035,2026-05-21
兆豐三民,201.5,0,250,700h,3035,2026-05-21
兆豐南京,200.5,45,0,700P,3035,2026-05-21
兆豐松德,200.5,0,9000,700i,3035,2026-05-21
兆豐松德,203.0,0,1000,700i,3035,2026-05-21
兆豐公益,201.0,5000,1000,700J,3035,2026-05-21
兆豐公益,199.5,2000,2000,700J,3035,2026-05-21
兆豐大安,208.0,0,2000,700j,3035,2026-05-21
兆豐大安,203.0,1000,1000,700j,3035,2026-05-21
兆豐大安,200.5,0,100,700j,3035,2026-05-21
兆豐大安,199.0,1000,0,700j,3035,2026-05-21
兆豐北高,208.0,100,0,700I,3035,2026-05-21
兆豐松德,202.0,0,2000,700i,3035,2026-05-21
兆豐北高,205.5,0,1000,700I,3035,2026-05-21
兆豐北高,201.0,0,1000,700I,3035,2026-05-21
兆豐北高,200.0,0,2310,700I,3035,2026-05-21
兆豐北高,199.0,2100,1000,700I,3035,2026-05-21
兆豐北高,197.0,0,1000,700I,3035,2026-05-21
兆豐北高,196.0,0,1000,700I,3035,2026-05-21
兆豐松德,208.0,1000,1000,700i,3035,2026-05-21
兆豐松德,205.0,0,4000,700i,3035,2026-05-21
兆豐北高,202.0,0,4030,700I,3035,2026-05-21
兆豐南門,204.0,0,12000,700g,3035,2026-05-21
兆豐南京,202.0,0,1000,700P,3035,2026-05-21
兆豐南京,208.0,0,1000,700P,3035,2026-05-21
兆豐高雄,201.0,0,1000,700Z,3035,2026-05-21
兆豐高雄,200.0,2000,10000,700Z,3035,2026-05-21
兆豐高雄,199.0,2000,0,700Z,3035,2026-05-21
兆豐高雄,198.0,0,2000,700Z,3035,2026-05-21
兆豐高雄,196.5,0,1000,700Z,3035,2026-05-21
兆豐高雄,195.5,0,3000,700Z,3035,2026-05-21
兆豐永和,202.0,0,1000,700X,3035,2026-05-21
兆豐永和,199.0,0,4000,700X,3035,2026-05-21
兆豐城中,208.0,0,2050,700W,3035,2026-05-21
兆豐城中,205.0,0,50,700W,3035,2026-05-21
兆豐城中,203.5,0,1000,700W,3035,2026-05-21
兆豐城中,202.0,0,5000,700W,3035,2026-05-21
兆豐城中,201.0,0,5000,700W,3035,2026-05-21
兆豐城中,199.0,0,5000,700W,3035,2026-05-21
兆豐城中,197.5,10000,0,700W,3035,2026-05-21
兆豐高雄,202.0,0,1000,700Z,3035,2026-05-21
兆豐高雄,204.0,300,0,700Z,3035,2026-05-21
兆豐高雄,205.5,0,1000,700Z,3035,2026-05-21
兆豐高雄,208.0,0,2000,700Z,3035,2026-05-21
致和南京,202.5,0,1000,7038,3035,2026-05-21
致和南京,201.0,0,1000,7038,3035,2026-05-21
致和高雄,208.0,1,0,7036,3035,2026-05-21
致和高雄,205.0,0,1000,7036,3035,2026-05-21
致和高雄,202.5,0,3000,7036,3035,2026-05-21
致和金華,208.0,0,1000,7034,3035,2026-05-21
致和金華,195.5,1000,0,7034,3035,2026-05-21
兆豐新莊,208.0,0,6,700w,3035,2026-05-21
致和佳里,207.5,1000,0,7032,3035,2026-05-21
致和佳里,202.5,0,2000,7032,3035,2026-05-21
致和佳里,201.0,0,4000,7032,3035,2026-05-21
致和佳里,199.5,0,1000,7032,3035,2026-05-21
致和佳里,196.5,1000,1000,7032,3035,2026-05-21
致和台北,201.5,0,1000,7031,3035,2026-05-21
致和,204.5,5000,0,7030,3035,2026-05-21
致和,200.0,1000,1000,7030,3035,2026-05-21
致和佳里,204.0,1000,0,7032,3035,2026-05-21
兆豐新莊,207.0,0,6,700w,3035,2026-05-21
兆豐新莊,205.0,0,1006,700w,3035,2026-05-21
兆豐新莊,203.0,0,6,700w,3035,2026-05-21
兆豐大同,201.0,1000,1000,700S,3035,2026-05-21
兆豐大同,200.0,0,1000,700S,3035,2026-05-21
兆豐大同,198.0,1000,0,700S,3035,2026-05-21
兆豐岡山,203.5,1000,0,700s,3035,2026-05-21
兆豐岡山,202.0,500,0,700s,3035,2026-05-21
兆豐岡山,201.0,500,0,700s,3035,2026-05-21
兆豐岡山,200.0,4300,1000,700s,3035,2026-05-21
兆豐大同,205.0,0,1000,700S,3035,2026-05-21
兆豐岡山,196.0,0,1000,700s,3035,2026-05-21
兆豐小港,201.5,0,160,700R,3035,2026-05-21
兆豐小港,199.5,1000,100,700R,3035,2026-05-21
兆豐小港,198.5,0,1000,700R,3035,2026-05-21
兆豐寶成,207.5,0,500,700r,3035,2026-05-21
兆豐寶成,201.0,2100,100,700r,3035,2026-05-21
兆豐寶成,200.0,10000,0,700r,3035,2026-05-21
兆豐寶成,198.0,2000,0,700r,3035,2026-05-21
兆豐小港,204.5,0,1000,700R,3035,2026-05-21
兆豐南京,205.0,0,1000,700P,3035,2026-05-21
兆豐大同,208.0,0,3000,700S,3035,2026-05-21
兆豐桃鶯,198.0,0,1000,700U,3035,2026-05-21
兆豐新莊,202.0,0,6,700w,3035,2026-05-21
兆豐新莊,200.5,0,100,700w,3035,2026-05-21
兆豐新莊,199.5,0,1000,700w,3035,2026-05-21
兆豐新竹,208.0,0,1250,700V,3035,2026-05-21
兆豐新竹,205.0,0,5000,700V,3035,2026-05-21
兆豐新竹,203.5,1000,3000,700V,3035,2026-05-21
兆豐新竹,202.0,0,1000,700V,3035,2026-05-21
兆豐桃鶯,197.0,0,1000,700U,3035,2026-05-21
兆豐新竹,201.0,0,1600,700V,3035,2026-05-21
兆豐新竹,199.0,2010,390,700V,3035,2026-05-21
兆豐桃鶯,208.0,0,100,700U,3035,2026-05-21
兆豐桃鶯,205.0,0,1000,700U,3035,2026-05-21
兆豐桃鶯,204.0,1078,0,700U,3035,2026-05-21
兆豐桃鶯,202.5,0,200,700U,3035,2026-05-21
兆豐桃鶯,201.0,0,1220,700U,3035,2026-05-21
兆豐桃鶯,199.5,100,0,700U,3035,2026-05-21
兆豐新竹,200.0,0,140,700V,3035,2026-05-21
統一城中,199.0,1000,1000,5854,3035,2026-05-21
兆豐南門,203.0,0,9000,700g,3035,2026-05-21
兆豐南門,201.0,10,0,700g,3035,2026-05-21
德信和平,201.5,0,2000,6915,3035,2026-05-21
德信和平,198.5,11000,0,6915,3035,2026-05-21
德信新營,208.0,0,2050,6913,3035,2026-05-21
德信新營,204.0,0,30,6913,3035,2026-05-21
德信新營,200.5,1000,1000,6913,3035,2026-05-21
德信中正,208.0,0,1005,6912,3035,2026-05-21
德信中正,204.0,0,1000,6912,3035,2026-05-21
德信中正,199.5,1000,0,6912,3035,2026-05-21
德信,208.0,0,1050,6910,3035,2026-05-21
德信,204.0,1000,0,6910,3035,2026-05-21
德信,201.0,1000,0,6910,3035,2026-05-21
德信,200.0,3000,1000,6910,3035,2026-05-21
德信,199.0,0,10,6910,3035,2026-05-21
口袋,207.5,1,0,6620,3035,2026-05-21
口袋,204.5,2000,0,6620,3035,2026-05-21
德信和平,202.5,0,1000,6915,3035,2026-05-21
福勝,199.0,1000,0,6950,3035,2026-05-21
福勝,200.5,0,1000,6950,3035,2026-05-21
福勝,202.0,10000,1000,6950,3035,2026-05-21
兆豐台中,202.0,0,1050,7003,3035,2026-05-21
兆豐台中,200.5,0,1000,7003,3035,2026-05-21
兆豐台中,199.5,1000,30000,7003,3035,2026-05-21
兆豐台中,196.5,2000,0,7003,3035,2026-05-21
兆豐嘉義,205.0,0,10,7001,3035,2026-05-21
兆豐嘉義,203.0,0,1000,7001,3035,2026-05-21
兆豐嘉義,200.0,0,3150,7001,3035,2026-05-21
口袋,203.5,1000,3000,6620,3035,2026-05-21
兆豐嘉義,196.5,0,2000,7001,3035,2026-05-21
兆豐,206.5,5000,0,7000,3035,2026-05-21
兆豐,202.5,4000,0,7000,3035,2026-05-21
兆豐,199.5,15000,0,7000,3035,2026-05-21
兆豐,198.5,1000,0,7000,3035,2026-05-21
兆豐,197.0,2000,0,7000,3035,2026-05-21
福勝,205.5,0,2000,6950,3035,2026-05-21
福勝,204.0,1000,1000,6950,3035,2026-05-21
兆豐,207.5,0,2000,7000,3035,2026-05-21
口袋,202.5,235,1000,6620,3035,2026-05-21
口袋,201.5,2200,2085,6620,3035,2026-05-21
口袋,200.5,1000,0,6620,3035,2026-05-21
大昌新店,201.5,1000,4000,6464,3035,2026-05-21
大昌新店,200.5,1000,2000,6464,3035,2026-05-21
大昌新店,199.5,6000,1000,6464,3035,2026-05-21
大昌新店,198.5,100,0,6464,3035,2026-05-21
大昌新店,195.5,0,2000,6464,3035,2026-05-21
大昌新竹,203.5,201,0,6463,3035,2026-05-21
大昌新竹,202.0,31000,0,6463,3035,2026-05-21
大昌新店,203.0,0,1500,6464,3035,2026-05-21
大昌新竹,199.5,1000,0,6463,3035,2026-05-21
大昌安康,203.0,0,1000,6462,3035,2026-05-21
大昌安康,200.0,1000,0,6462,3035,2026-05-21
大昌安康,198.5,0,1000,6462,3035,2026-05-21
大昌安康,196.5,0,1000,6462,3035,2026-05-21
大昌樹林,208.0,1000,0,6461,3035,2026-05-21
大昌樹林,205.0,0,2000,6461,3035,2026-05-21
大昌樹林,203.5,2000,0,6461,3035,2026-05-21
大昌安康,207.5,0,1000,6462,3035,2026-05-21
兆豐台中,203.5,0,155,7003,3035,2026-05-21
大昌新店,204.0,10000,5000,6464,3035,2026-05-21
大昌新店,206.5,0,1000,6464,3035,2026-05-21
口袋,199.5,100,2930,6620,3035,2026-05-21
口袋,198.5,100,100,6620,3035,2026-05-21
口袋,197.5,50,0,6620,3035,2026-05-21
口袋,195.5,40000,0,6620,3035,2026-05-21
福邦,208.0,0,193,6480,3035,2026-05-21
福邦,204.0,0,200,6480,3035,2026-05-21
大昌桃園,207.5,0,1000,6465,3035,2026-05-21
大昌新店,205.0,300,0,6464,3035,2026-05-21
大昌桃園,206.5,0,10,6465,3035,2026-05-21
大昌桃園,203.5,3000,6000,6465,3035,2026-05-21
大昌桃園,202.0,5000,0,6465,3035,2026-05-21
大昌桃園,201.0,0,2000,6465,3035,2026-05-21
大昌桃園,199.5,0,7000,6465,3035,2026-05-21
大昌桃園,198.0,3000,0,6465,3035,2026-05-21
大昌桃園,196.5,2000,0,6465,3035,2026-05-21
大昌新店,208.0,10000,1204,6464,3035,2026-05-21
大昌桃園,204.5,71,0,6465,3035,2026-05-21
兆豐南門,202.0,3000,0,700g,3035,2026-05-21
兆豐台中,207.0,0,2000,7003,3035,2026-05-21
兆豐中港,198.5,40,0,7005,3035,2026-05-21
兆豐彰化,198.0,1000,1000,700d,3035,2026-05-21
兆豐彰化,196.5,0,1000,700d,3035,2026-05-21
兆豐來福,207.5,2000,1000,700C,3035,2026-05-21
兆豐來福,205.0,0,5500,700C,3035,2026-05-21
兆豐來福,204.0,0,2000,700C,3035,2026-05-21
兆豐來福,202.5,1000,60,700C,3035,2026-05-21
兆豐來福,200.5,0,1200,700C,3035,2026-05-21
兆豐來福,197.5,1000,1000,700C,3035,2026-05-21
兆豐民生,207.5,1000,200,700c,3035,2026-05-21
兆豐民生,204.0,2000,0,700c,3035,2026-05-21
兆豐民生,202.0,0,2000,700c,3035,2026-05-21
兆豐民生,201.0,2000,1200,700c,3035,2026-05-21
兆豐民生,200.0,1000,20,700c,3035,2026-05-21
兆豐民生,196.5,1000,0,700c,3035,2026-05-21
兆豐板橋,207.5,1000,0,700B,3035,2026-05-21
兆豐彰化,201.5,3000,0,700d,3035,2026-05-21
兆豐彰化,203.0,0,1000,700d,3035,2026-05-21
兆豐彰化,205.0,100,0,700d,3035,2026-05-21
兆豐西螺,198.0,0,1000,700D,3035,2026-05-21
兆豐南門,199.5,1000,3000,700g,3035,2026-05-21
兆豐南門,198.5,1008,0,700g,3035,2026-05-21
兆豐南門,197.0,10000,0,700g,3035,2026-05-21
兆豐虎尾,207.5,4000,0,700F,3035,2026-05-21
兆豐虎尾,202.0,0,1000,700F,3035,2026-05-21
兆豐虎尾,198.5,0,10,700F,3035,2026-05-21
兆豐鹿港,208.0,0,1000,700f,3035,2026-05-21
兆豐板橋,203.0,0,120,700B,3035,2026-05-21
兆豐鹿港,205.0,0,1000,700f,3035,2026-05-21
兆豐鹿港,201.5,1000,0,700f,3035,2026-05-21
兆豐鹿港,200.5,1000,0,700f,3035,2026-05-21
兆豐鹿港,199.5,0,8000,700f,3035,2026-05-21
兆豐鹿港,198.0,100,0,700f,3035,2026-05-21
兆豐西螺,206.0,6000,0,700D,3035,2026-05-21
兆豐西螺,203.0,2000,0,700D,3035,2026-05-21
兆豐西螺,201.0,0,1000,700D,3035,2026-05-21
兆豐鹿港,203.5,0,1000,700f,3035,2026-05-21
兆豐板橋,200.5,0,3000,700B,3035,2026-05-21
兆豐板橋,198.0,0,3000,700B,3035,2026-05-21
兆豐板橋,196.5,1000,0,700B,3035,2026-05-21
兆豐竹北,208.0,60,6000,7007,3035,2026-05-21
兆豐竹北,204.5,0,2000,7007,3035,2026-05-21
兆豐竹北,203.5,0,8000,7007,3035,2026-05-21
兆豐竹北,200.5,80,150,7007,3035,2026-05-21
兆豐竹北,199.0,0,1000,7007,3035,2026-05-21
兆豐竹北,197.0,0,1000,7007,3035,2026-05-21
兆豐台南,203.5,2000,5,7006,3035,2026-05-21
兆豐三重,200.0,1000,0,7008,3035,2026-05-21
兆豐台南,201.0,100,255,7006,3035,2026-05-21
兆豐台南,198.5,0,1080,7006,3035,2026-05-21
兆豐台南,197.0,0,1000,7006,3035,2026-05-21
兆豐中港,207.5,0,1000,7005,3035,2026-05-21
兆豐中港,203.5,1000,0,7005,3035,2026-05-21
兆豐中港,202.5,0,1000,7005,3035,2026-05-21
兆豐中港,201.0,0,1000,7005,3035,2026-05-21
兆豐中港,200.0,1520,400,7005,3035,2026-05-21
兆豐台南,199.5,0,300,7006,3035,2026-05-21
兆豐中港,197.5,1000,0,7005,3035,2026-05-21
兆豐三重,201.0,0,1000,7008,3035,2026-05-21
兆豐忠孝,195.5,0,1000,700a,3035,2026-05-21
兆豐中壢,208.0,0,1000,700b,3035,2026-05-21
兆豐中壢,204.0,0,1000,700b,3035,2026-05-21
兆豐中壢,201.0,0,1000,700b,3035,2026-05-21
兆豐中壢,200.0,1000,0,700b,3035,2026-05-21
兆豐中壢,196.0,0,1000,700b,3035,2026-05-21
兆豐忠孝,207.5,1105,3003,700a,3035,2026-05-21
兆豐忠孝,206.5,0,9,700a,3035,2026-05-21
兆豐三重,205.0,0,1200,7008,3035,2026-05-21
兆豐忠孝,205.5,0,1010,700a,3035,2026-05-21
兆豐忠孝,203.5,0,5,700a,3035,2026-05-21
兆豐忠孝,202.5,0,2005,700a,3035,2026-05-21
兆豐忠孝,201.5,0,2005,700a,3035,2026-05-21
兆豐忠孝,200.5,0,3260,700a,3035,2026-05-21
兆豐忠孝,199.5,2000,2001,700a,3035,2026-05-21
兆豐忠孝,198.5,15,0,700a,3035,2026-05-21
兆豐忠孝,197.5,1000,0,700a,3035,2026-05-21
兆豐忠孝,204.5,2000,2015,700a,3035,2026-05-21
統一城中,197.5,0,1000,5854,3035,2026-05-21
統一城中,196.5,1000,1000,5854,3035,2026-05-21
統一中壢,205.0,1000,0,5853,3035,2026-05-21
台企建成,203.0,0,75,111B,3035,2026-05-21
台企建成,196.5,5000,0,111B,3035,2026-05-21
企銀民雄,203.0,0,1000,111A,3035,2026-05-21
企銀民雄,201.0,0,3000,111A,3035,2026-05-21
企銀民雄,195.5,0,1000,111A,3035,2026-05-21
企銀岡山,199.0,0,30,1119,3035,2026-05-21
企銀豐原,203.5,1000,0,1118,3035,2026-05-21
企銀豐原,201.0,0,1000,1118,3035,2026-05-21
企銀竹北,207.0,0,1000,1117,3035,2026-05-21
企銀竹北,203.0,0,5000,1117,3035,2026-05-21
企銀竹北,202.0,10000,6000,1117,3035,2026-05-21
企銀竹北,201.0,0,1000,1117,3035,2026-05-21
企銀竹北,200.0,0,100,1117,3035,2026-05-21
企銀竹北,198.5,3000,0,1117,3035,2026-05-21
企銀竹北,197.0,0,1000,1117,3035,2026-05-21
企銀桃園,195.5,0,2000,111E,3035,2026-05-21
企銀桃園,198.0,0,3000,111E,3035,2026-05-21
企銀桃園,201.5,0,2000,111E,3035,2026-05-21
企銀北高,203.5,0,20000,111F,3035,2026-05-21
宏遠,204.0,1000,1200,1260,3035,2026-05-21
宏遠,201.0,0,1000,1260,3035,2026-05-21
宏遠,198.5,1000,0,1260,3035,2026-05-21
宏遠,196.0,0,1000,1260,3035,2026-05-21
彰銀台中,208.0,0,2000,1233,3035,2026-05-21
彰銀台中,202.5,0,1000,1233,3035,2026-05-21
彰銀台中,201.0,0,1000,1233,3035,2026-05-21
企銀屏東,203.5,0,1000,1116,3035,2026-05-21
彰銀台中,200.0,1000,1000,1233,3035,2026-05-21
彰銀七賢,200.0,0,1000,1232,3035,2026-05-21
彰銀,207.5,0,200,1230,3035,2026-05-21
彰銀,204.0,300,0,1230,3035,2026-05-21
彰銀,200.0,100,0,1230,3035,2026-05-21
彰銀,198.0,100,0,1230,3035,2026-05-21
企銀埔墘,204.0,2000,0,111G,3035,2026-05-21
企銀北高,208.0,0,10,111F,3035,2026-05-21
彰銀七賢,204.0,0,6000,1232,3035,2026-05-21
企銀屏東,202.0,5000,2000,1116,3035,2026-05-21
企銀屏東,196.5,0,1000,1116,3035,2026-05-21
企銀太平,208.0,0,2100,1115,3035,2026-05-21
臺銀金山,203.5,0,1000,104D,3035,2026-05-21
臺銀金山,202.5,0,5000,104D,3035,2026-05-21
臺銀金山,201.5,0,1000,104D,3035,2026-05-21
臺銀金山,200.0,1,1000,104D,3035,2026-05-21
臺銀金山,199.0,400,20,104D,3035,2026-05-21
臺銀金山,196.5,0,1000,104D,3035,2026-05-21
臺銀高雄,208.0,0,5100,104C,3035,2026-05-21
臺銀金山,205.0,0,1000,104D,3035,2026-05-21
臺銀高雄,207.0,0,2000,104C,3035,2026-05-21
臺銀高雄,203.5,0,3000,104C,3035,2026-05-21
臺銀高雄,202.5,1000,5100,104C,3035,2026-05-21
臺銀高雄,201.5,1000,2250,104C,3035,2026-05-21
臺銀高雄,200.5,3000,9000,104C,3035,2026-05-21
臺銀高雄,199.5,2100,100,104C,3035,2026-05-21
臺銀高雄,198.5,0,100,104C,3035,2026-05-21
臺銀高雄,197.5,0,50,104C,3035,2026-05-21
臺銀高雄,205.0,406,1588,104C,3035,2026-05-21
宏遠,208.0,0,1000,1260,3035,2026-05-21
企銀,197.5,0,4000,1110,3035,2026-05-21
企銀,199.5,0,1000,1110,3035,2026-05-21
企銀太平,203.0,2000,0,1115,3035,2026-05-21
企銀太平,201.0,1000,0,1115,3035,2026-05-21
企銀太平,199.5,1000,1000,1115,3035,2026-05-21
企銀太平,198.5,1000,0,1115,3035,2026-05-21
企銀太平,196.0,0,5000,1115,3035,2026-05-21
企銀嘉義,207.5,0,1000,1114,3035,2026-05-21
企銀嘉義,199.0,0,1000,1114,3035,2026-05-21
企銀,198.5,0,3000,1110,3035,2026-05-21
企銀九如,205.0,0,1000,1113,3035,2026-05-21
企銀台南,204.0,1000,0,1112,3035,2026-05-21
企銀台南,199.0,50,0,1112,3035,2026-05-21
企銀台中,207.5,0,10000,1111,3035,2026-05-21
企銀台中,201.5,0,2000,1111,3035,2026-05-21
企銀台中,197.0,0,1000,1111,3035,2026-05-21
企銀,204.0,0,1000,1110,3035,2026-05-21
企銀,201.5,0,1000,1110,3035,2026-05-21
企銀九如,202.0,0,1000,1113,3035,2026-05-21
臺銀高雄,196.5,1000,2000,104C,3035,2026-05-21
宏遠民生,196.5,0,1000,1261,3035,2026-05-21
宏遠桃園,198.5,5000,0,1262,3035,2026-05-21
台灣摩根,202.0,211000,58000,1470,3035,2026-05-21
台灣摩根,201.0,254000,7000,1470,3035,2026-05-21
台灣摩根,200.0,167000,41000,1470,3035,2026-05-21
台灣摩根,199.0,71000,72000,1470,3035,2026-05-21
台灣摩根,198.0,108000,67000,1470,3035,2026-05-21
台灣摩根,197.0,5000,0,1470,3035,2026-05-21
台灣摩根,196.0,35000,57000,1470,3035,2026-05-21
美林,208.0,0,1000,1440,3035,2026-05-21
美林,204.5,75000,0,1440,3035,2026-05-21
美林,203.5,81000,0,1440,3035,2026-05-21
美林,202.5,43000,0,1440,3035,2026-05-21
美林,201.5,60000,9000,1440,3035,2026-05-21
美林,200.5,134000,0,1440,3035,2026-05-21
美林,199.5,42000,1000,1440,3035,2026-05-21
美林,196.5,0,3000,1440,3035,2026-05-21
台灣摩根,203.0,285000,0,1470,3035,2026-05-21
台灣摩根,204.0,264000,0,1470,3035,2026-05-21
台灣摩根,205.0,156000,0,1470,3035,2026-05-21
台灣摩根,206.0,102000,0,1470,3035,2026-05-21
瑞銀,198.0,0,1000,1650,3035,2026-05-21
港商野村,208.0,166000,0,1560,3035,2026-05-21
港商野村,202.0,0,1000,1560,3035,2026-05-21
港商野村,201.0,35000,0,1560,3035,2026-05-21
港商野村,200.0,20000,0,1560,3035,2026-05-21
港商野村,199.0,37000,0,1560,3035,2026-05-21
美商高盛,207.5,11000,0,1480,3035,2026-05-21
港麥格理,201.0,1000,0,1360,3035,2026-05-21
美商高盛,205.0,321000,0,1480,3035,2026-05-21
美商高盛,203.0,45000,0,1480,3035,2026-05-21
美商高盛,202.0,64000,9000,1480,3035,2026-05-21
美商高盛,201.0,63000,1000,1480,3035,2026-05-21
美商高盛,200.0,177000,3000,1480,3035,2026-05-21
美商高盛,199.0,4024,21000,1480,3035,2026-05-21
美商高盛,196.0,1000,0,1480,3035,2026-05-21
台灣摩根,207.5,31000,23000,1470,3035,2026-05-21
美商高盛,204.0,6000,1000,1480,3035,2026-05-21
港麥格理,199.5,1000,0,1360,3035,2026-05-21
港麥格理,195.5,1000,0,1360,3035,2026-05-21
宏遠新化,204.0,100,1000,126X,3035,2026-05-21
宏遠光隆,201.5,1000,0,126i,3035,2026-05-21
宏遠光隆,200.0,1000,1000,126i,3035,2026-05-21
宏遠光隆,199.0,0,1000,126i,3035,2026-05-21
宏遠光隆,198.0,0,3000,126i,3035,2026-05-21
宏遠中和,205.0,0,1000,126H,3035,2026-05-21
宏遠中和,204.0,0,1000,126H,3035,2026-05-21
宏遠中和,202.0,50,0,126H,3035,2026-05-21
宏遠光隆,203.0,1000,0,126i,3035,2026-05-21
宏遠中和,200.5,0,100,126H,3035,2026-05-21
宏遠中和,198.5,0,1000,126H,3035,2026-05-21
宏遠台南,208.0,0,4000,126D,3035,2026-05-21
宏遠台南,204.0,1000,0,126D,3035,2026-05-21
宏遠台南,201.5,100,1000,126D,3035,2026-05-21
宏遠台南,200.0,550,0,126D,3035,2026-05-21
宏遠台南,199.0,0,1000,126D,3035,2026-05-21
宏遠桃園,204.5,0,2000,1262,3035,2026-05-21
宏遠中和,199.5,1000,0,126H,3035,2026-05-21
宏遠民生,204.5,0,4000,1261,3035,2026-05-21
宏遠光隆,208.0,0,1000,126i,3035,2026-05-21
宏遠台中,200.5,1000,2000,126L,3035,2026-05-21
宏遠新化,201.5,1000,0,126X,3035,2026-05-21
宏遠新化,200.5,0,5000,126X,3035,2026-05-21
宏遠新化,199.0,2100,4150,126X,3035,2026-05-21
宏遠館前,207.5,1000,0,126U,3035,2026-05-21
宏遠館前,204.0,1000,5000,126U,3035,2026-05-21
宏遠館前,201.5,0,5000,126U,3035,2026-05-21
宏遠館前,200.0,0,1000,126U,3035,2026-05-21
宏遠台中,199.0,7000,0,126L,3035,2026-05-21
宏遠館前,197.5,1000,0,126U,3035,2026-05-21
宏遠高雄,204.0,0,5000,126Q,3035,2026-05-21
宏遠高雄,201.0,0,1000,126Q,3035,2026-05-21
宏遠高雄,199.5,4000,2000,126Q,3035,2026-05-21
宏遠高雄,198.0,1000,0,126Q,3035,2026-05-21
宏遠台中,208.0,0,1030,126L,3035,2026-05-21
宏遠台中,205.0,0,5000,126L,3035,2026-05-21
宏遠台中,202.5,0,1000,126L,3035,2026-05-21
宏遠高雄,207.5,5000,0,126Q,3035,2026-05-21
瑞銀,199.0,81000,0,1650,3035,2026-05-21
臺銀臺中,208.0,0,5030,104A,3035,2026-05-21
臺銀臺中,204.0,0,3000,104A,3035,2026-05-21
合庫自強,196.0,1000,0,102C,3035,2026-05-21
合庫新竹,207.5,1000,1000,102A,3035,2026-05-21
合庫新竹,204.0,0,2000,102A,3035,2026-05-21
合庫新竹,202.5,0,2000,102A,3035,2026-05-21
合庫新竹,201.5,2000,1000,102A,3035,2026-05-21
合庫新竹,200.5,0,1000,102A,3035,2026-05-21
合庫新竹,199.5,1000,3000,102A,3035,2026-05-21
合庫新竹,198.5,1000,0,102A,3035,2026-05-21
合庫新竹,195.5,0,1000,102A,3035,2026-05-21
合庫鳳山,202.0,0,1000,1029,3035,2026-05-21
合庫鳳山,201.0,1000,1000,1029,3035,2026-05-21
合庫鳳山,199.0,1000,1000,1029,3035,2026-05-21
合庫彰化,208.0,0,1100,1028,3035,2026-05-21
合庫彰化,204.0,1000,0,1028,3035,2026-05-21
合庫彰化,203.0,0,2000,1028,3035,2026-05-21
合庫自強,198.5,3000,10000,102C,3035,2026-05-21
合庫自強,199.5,4000,10000,102C,3035,2026-05-21
合庫自強,201.0,1000,1000,102C,3035,2026-05-21
合庫自強,202.0,1000,1000,102C,3035,2026-05-21
合庫三重,200.0,0,1,102G,3035,2026-05-21
合庫三重,199.0,200,0,102G,3035,2026-05-21
合庫西台,205.5,0,1000,102F,3035,2026-05-21
合庫西台,201.0,0,1000,102F,3035,2026-05-21
合庫西台,199.5,1000,0,102F,3035,2026-05-21
合庫西台,197.5,0,1000,102F,3035,2026-05-21
合庫桃園,208.0,0,6000,102E,3035,2026-05-21
合庫彰化,201.5,0,2000,1028,3035,2026-05-21
合庫桃園,203.5,2000,0,102E,3035,2026-05-21
合庫桃園,200.5,0,1200,102E,3035,2026-05-21
合庫桃園,199.5,1000,2000,102E,3035,2026-05-21
合庫桃園,197.0,1000,0,102E,3035,2026-05-21
合庫桃園,196.0,0,2000,102E,3035,2026-05-21
合庫自強,207.5,2000,0,102C,3035,2026-05-21
合庫自強,205.0,1000,1000,102C,3035,2026-05-21
合庫自強,204.0,0,6000,102C,3035,2026-05-21
合庫桃園,202.0,0,2100,102E,3035,2026-05-21
合庫彰化,200.5,0,3000,1028,3035,2026-05-21
合庫彰化,197.5,1000,0,1028,3035,2026-05-21
合庫基隆,203.0,0,1000,1025,3035,2026-05-21
合庫台中,207.0,0,100,1021,3035,2026-05-21
合庫台中,204.5,0,1100,1021,3035,2026-05-21
合庫台中,203.0,3000,0,1021,3035,2026-05-21
合庫台中,202.0,0,2000,1021,3035,2026-05-21
合庫台中,201.0,0,2000,1021,3035,2026-05-21
合庫台中,200.0,0,3000,1021,3035,2026-05-21
合庫台中,199.0,5000,2000,1021,3035,2026-05-21
合庫台南,196.0,1000,0,1022,3035,2026-05-21
合庫台中,198.0,1000,50,1021,3035,2026-05-21
合庫,208.0,2000,3160,1020,3035,2026-05-21
合庫,206.0,0,1000,1020,3035,2026-05-21
合庫,204.5,0,1500,1020,3035,2026-05-21
合庫,203.5,0,4000,1020,3035,2026-05-21
合庫,201.5,2000,6050,1020,3035,2026-05-21
合庫,200.5,3300,10050,1020,3035,2026-05-21
合庫,199.5,1000,4011,1020,3035,2026-05-21
合庫台中,196.0,5000,1000,1021,3035,2026-05-21
合庫三重,202.0,0,7198,102G,3035,2026-05-21
合庫台南,198.0,0,4000,1022,3035,2026-05-21
合庫台南,201.0,0,4000,1022,3035,2026-05-21
合庫基隆,201.0,0,1000,1025,3035,2026-05-21
合庫基隆,199.0,0,1000,1025,3035,2026-05-21
合庫嘉義,207.5,1100,1000,1024,3035,2026-05-21
合庫嘉義,204.0,12000,0,1024,3035,2026-05-21
合庫嘉義,202.5,30,100,1024,3035,2026-05-21
合庫嘉義,201.0,0,1000,1024,3035,2026-05-21
合庫嘉義,200.0,200,8000,1024,3035,2026-05-21
合庫台南,199.5,0,5000,1022,3035,2026-05-21
合庫嘉義,197.5,1000,0,1024,3035,2026-05-21
合庫高雄,203.5,1000,0,1023,3035,2026-05-21
合庫高雄,201.5,0,1000,1023,3035,2026-05-21
合庫高雄,200.0,1000,1300,1023,3035,2026-05-21
合庫高雄,198.0,300,0,1023,3035,2026-05-21
合庫台南,208.0,0,1740,1022,3035,2026-05-21
合庫台南,204.5,2000,50,1022,3035,2026-05-21
合庫台南,202.5,0,2000,1022,3035,2026-05-21
合庫高雄,207.5,0,1000,1023,3035,2026-05-21
臺銀臺中,205.5,0,1000,104A,3035,2026-05-21
土銀,196.0,1000,0,1030,3035,2026-05-21
土銀,200.5,50,1000,1030,3035,2026-05-21
臺銀民權,200.5,100,0,1043,3035,2026-05-21
臺銀民權,199.5,3000,0,1043,3035,2026-05-21
臺銀民權,198.5,50,0,1043,3035,2026-05-21
臺銀民權,197.0,0,1000,1043,3035,2026-05-21
臺銀臺南,208.0,0,4030,1042,3035,2026-05-21
臺銀臺南,204.5,1000,300,1042,3035,2026-05-21
臺銀臺南,202.5,5,1000,1042,3035,2026-05-21
臺銀臺南,201.5,4000,1000,1042,3035,2026-05-21
臺銀臺南,200.0,1000,0,1042,3035,2026-05-21
臺銀臺南,198.0,0,5000,1042,3035,2026-05-21
臺銀臺南,196.5,0,1000,1042,3035,2026-05-21
臺銀,207.5,2000,5000,1040,3035,2026-05-21
臺銀,205.5,0,1000,1040,3035,2026-05-21
臺銀,203.5,0,50,1040,3035,2026-05-21
臺銀,202.5,1000,2000,1040,3035,2026-05-21
臺銀民權,201.5,1000,0,1043,3035,2026-05-21
臺銀民權,202.5,0,2000,1043,3035,2026-05-21
臺銀民權,203.5,2000,10,1043,3035,2026-05-21
臺銀民權,204.5,0,1000,1043,3035,2026-05-21
臺銀臺中,203.0,1000,1000,104A,3035,2026-05-21
臺銀臺中,202.0,0,4000,104A,3035,2026-05-21
臺銀臺中,201.0,1000,4100,104A,3035,2026-05-21
臺銀臺中,200.0,3000,8365,104A,3035,2026-05-21
臺銀臺中,199.0,1000,80,104A,3035,2026-05-21
臺銀臺中,197.0,0,2000,104A,3035,2026-05-21
臺銀臺中,196.0,1000,0,104A,3035,2026-05-21
臺銀,201.0,10,2000,1040,3035,2026-05-21
臺銀新竹,207.0,1000,0,1045,3035,2026-05-21
臺銀新竹,204.0,2000,0,1045,3035,2026-05-21
臺銀新竹,202.5,0,1050,1045,3035,2026-05-21
臺銀新竹,201.5,2,50,1045,3035,2026-05-21
臺銀新竹,200.0,0,1280,1045,3035,2026-05-21
臺銀新竹,199.0,300,1000,1045,3035,2026-05-21
臺銀民權,208.0,0,5585,1043,3035,2026-05-21
臺銀民權,207.0,0,50,1043,3035,2026-05-21
臺銀新竹,205.0,0,50,1045,3035,2026-05-21
臺銀,200.0,1000,1000,1040,3035,2026-05-21
臺銀,199.0,2000,2035,1040,3035,2026-05-21
臺銀,198.0,1100,1,1040,3035,2026-05-21
土銀新竹,203.0,0,1000,1035,3035,2026-05-21
土銀新竹,201.0,0,2000,1035,3035,2026-05-21
土銀新竹,199.5,0,1000,1035,3035,2026-05-21
土銀嘉義,207.0,0,2000,1034,3035,2026-05-21
土銀嘉義,203.5,2000,0,1034,3035,2026-05-21
土銀嘉義,201.0,1015,0,1034,3035,2026-05-21
土銀嘉義,199.5,0,1000,1034,3035,2026-05-21
土銀新竹,206.5,0,1000,1035,3035,2026-05-21
土銀嘉義,197.5,5,0,1034,3035,2026-05-21
土銀高雄,201.5,0,2000,1033,3035,2026-05-21
土銀高雄,196.5,1000,0,1033,3035,2026-05-21
土銀台中,208.0,2000,20,1031,3035,2026-05-21
土銀台中,202.5,0,10,1031,3035,2026-05-21
土銀台中,199.5,0,200,1031,3035,2026-05-21
土銀,208.0,0,1000,1030,3035,2026-05-21
土銀,203.5,0,30,1030,3035,2026-05-21
土銀高雄,203.0,0,1000,1033,3035,2026-05-21
土銀,198.0,0,500,1030,3035,2026-05-21
土銀玉里,201.0,1000,0,1036,3035,2026-05-21
土銀花蓮,201.0,0,2000,1037,3035,2026-05-21
臺銀,196.5,2000,0,1040,3035,2026-05-21
土銀南港,199.5,0,5000,103F,3035,2026-05-21
土銀南港,197.5,0,50,103F,3035,2026-05-21
土銀白河,204.0,0,1000,103C,3035,2026-05-21
土銀白河,202.5,0,1000,103C,3035,2026-05-21
土銀白河,199.5,0,1000,103C,3035,2026-05-21
土銀彰化,207.0,0,1000,103B,3035,2026-05-21
土銀花蓮,199.5,0,420,1037,3035,2026-05-21
土銀彰化,204.0,100,0,103B,3035,2026-05-21
土銀建國,208.0,0,4000,103A,3035,2026-05-21
土銀建國,201.5,0,1000,103A,3035,2026-05-21
土銀士林,202.0,0,1000,1039,3035,2026-05-21
土銀士林,196.0,2000,0,1039,3035,2026-05-21
土銀和平,201.0,0,1000,1038,3035,2026-05-21
土銀和平,197.0,0,1000,1038,3035,2026-05-21
土銀花蓮,206.0,0,20,1037,3035,2026-05-21
土銀彰化,199.5,200,0,103B,3035,2026-05-21
致和南京,206.0,1000,0,7038,3035,2026-05-21
瑞銀,200.0,66000,0,1650,3035,2026-05-21
瑞銀,202.0,117000,0,1650,3035,2026-05-21
第一自由,199.5,1000,0,538E,3035,2026-05-21
第一自由,198.0,0,1000,538E,3035,2026-05-21
第一忠孝,208.0,0,1000,538D,3035,2026-05-21
第一忠孝,204.0,20,0,538D,3035,2026-05-21
第一忠孝,203.0,2000,0,538D,3035,2026-05-21
第一忠孝,201.0,1000,1000,538D,3035,2026-05-21
第一忠孝,200.0,0,2500,538D,3035,2026-05-21
第一忠孝,198.5,0,2000,538D,3035,2026-05-21
第一忠孝,197.5,2000,0,538D,3035,2026-05-21
第一忠孝,196.0,2000,1000,538D,3035,2026-05-21
第一光復,207.5,1000,1000,538C,3035,2026-05-21
第一光復,204.0,3000,5000,538C,3035,2026-05-21
第一光復,202.0,0,4000,538C,3035,2026-05-21
第一光復,201.0,2000,0,538C,3035,2026-05-21
第一光復,200.0,1000,0,538C,3035,2026-05-21
第一自由,200.5,0,1070,538E,3035,2026-05-21
第一自由,203.0,0,1000,538E,3035,2026-05-21
第一自由,204.0,0,130,538E,3035,2026-05-21
第一自由,205.5,0,1000,538E,3035,2026-05-21
第一嘉義,199.0,0,1001,538M,3035,2026-05-21
第一嘉義,195.5,10000,1000,538M,3035,2026-05-21
第一安和,203.5,0,1000,538j,3035,2026-05-21
第一安和,199.5,0,1000,538j,3035,2026-05-21
第一安和,197.0,0,1000,538j,3035,2026-05-21
第一頭份,208.0,0,6100,538I,3035,2026-05-21
第一頭份,204.0,0,2000,538I,3035,2026-05-21
第一光復,197.5,1000,0,538C,3035,2026-05-21
第一頭份,201.0,10000,3000,538I,3035,2026-05-21
第一頭份,199.0,0,1000,538I,3035,2026-05-21
第一頭份,198.0,20,0,538I,3035,2026-05-21
第一頭份,197.0,0,4000,538I,3035,2026-05-21
第一稻埕,205.0,0,2000,538F,3035,2026-05-21
第一稻埕,202.0,0,1000,538F,3035,2026-05-21
第一稻埕,199.5,0,1000,538F,3035,2026-05-21
第一稻埕,196.0,2000,0,538F,3035,2026-05-21
第一頭份,200.0,1000,0,538I,3035,2026-05-21
第一新竹,207.5,0,1000,538B,3035,2026-05-21
第一新竹,205.5,0,1000,538B,3035,2026-05-21
第一新竹,204.5,0,2000,538B,3035,2026-05-21
第一中山,197.5,1000,0,5389,3035,2026-05-21
第一澎湖,207.5,1000,2000,5387,3035,2026-05-21
第一澎湖,205.0,0,3000,5387,3035,2026-05-21
第一澎湖,203.5,2000,0,5387,3035,2026-05-21
第一澎湖,202.0,0,100,5387,3035,2026-05-21
第一澎湖,200.5,0,50,5387,3035,2026-05-21
第一澎湖,199.5,1000,50,5387,3035,2026-05-21
第一中山,199.5,11,0,5389,3035,2026-05-21
第一澎湖,198.5,0,600,5387,3035,2026-05-21
第一彰化,206.0,25,0,5386,3035,2026-05-21
第一彰化,203.0,0,1000,5386,3035,2026-05-21
第一彰化,200.0,0,250,5386,3035,2026-05-21
第一彰化,197.5,0,1000,5386,3035,2026-05-21
第一桃園,207.5,0,400,5385,3035,2026-05-21
第一桃園,205.5,0,1000,5385,3035,2026-05-21
第一桃園,204.0,0,1000,5385,3035,2026-05-21
第一彰化,208.0,1001,1030,5386,3035,2026-05-21
第一嘉義,201.0,0,1000,538M,3035,2026-05-21
第一中山,204.5,0,1000,5389,3035,2026-05-21
第一新興,198.0,0,1000,538A,3035,2026-05-21
第一新竹,203.5,3000,0,538B,3035,2026-05-21
第一新竹,202.0,1000,4000,538B,3035,2026-05-21
第一新竹,201.0,1000,1100,538B,3035,2026-05-21
第一新竹,199.5,1000,7000,538B,3035,2026-05-21
第一新竹,198.5,1000,7,538B,3035,2026-05-21
第一新竹,197.5,3000,0,538B,3035,2026-05-21
第一新竹,196.5,0,1000,538B,3035,2026-05-21
第一新興,196.0,0,1000,538A,3035,2026-05-21
第一新竹,195.5,1000,0,538B,3035,2026-05-21
第一新興,206.0,0,100,538A,3035,2026-05-21
第一新興,205.0,0,6000,538A,3035,2026-05-21
第一新興,204.0,0,2000,538A,3035,2026-05-21
第一新興,203.0,0,2000,538A,3035,2026-05-21
第一新興,202.0,0,2040,538A,3035,2026-05-21
第一新興,201.0,170,0,538A,3035,2026-05-21
第一新興,199.5,0,1200,538A,3035,2026-05-21
第一新興,207.5,1000,2000,538A,3035,2026-05-21
第一桃園,201.5,0,3000,5385,3035,2026-05-21
第一嘉義,202.5,0,50,538M,3035,2026-05-21
第一豐原,195.5,1000,0,538N,3035,2026-05-21
統一,201.5,0,3128,5850,3035,2026-05-21
統一,200.5,0,6000,5850,3035,2026-05-21
統一,199.5,7000,9000,5850,3035,2026-05-21
統一,198.5,3000,8050,5850,3035,2026-05-21
統一,197.5,2000,5000,5850,3035,2026-05-21
統一,196.5,3000,1000,5850,3035,2026-05-21
統一,195.5,1000,7000,5850,3035,2026-05-21
日進,207.5,0,2000,5660,3035,2026-05-21
日進,204.0,0,1000,5660,3035,2026-05-21
日進,201.5,0,1000,5660,3035,2026-05-21
日進,200.0,1000,6000,5660,3035,2026-05-21
日進,199.0,0,100,5660,3035,2026-05-21
日進,196.5,0,1000,5660,3035,2026-05-21
永興大墩,208.0,0,1000,5604,3035,2026-05-21
永興大墩,202.5,0,1000,5604,3035,2026-05-21
統一,202.5,4000,5000,5850,3035,2026-05-21
統一,203.5,10000,2000,5850,3035,2026-05-21
統一,204.5,6000,1020,5850,3035,2026-05-21
統一,205.5,1000,0,5850,3035,2026-05-21
統一中壢,203.0,1000,0,5853,3035,2026-05-21
統一中壢,201.5,1000,0,5853,3035,2026-05-21
統一中壢,200.5,1000,0,5853,3035,2026-05-21
統一中壢,199.5,20,0,5853,3035,2026-05-21
統一中壢,198.0,0,2014,5853,3035,2026-05-21
統一敦南,205.0,0,1100,5852,3035,2026-05-21
統一敦南,203.0,100000,1200,5852,3035,2026-05-21
永興大墩,201.0,0,1000,5604,3035,2026-05-21
統一敦南,201.5,2000,0,5852,3035,2026-05-21
統一敦南,199.0,7000,2000,5852,3035,2026-05-21
統一敦南,196.5,1000,0,5852,3035,2026-05-21
統一高雄,208.0,0,11000,5851,3035,2026-05-21
統一高雄,204.0,2100,1000,5851,3035,2026-05-21
統一高雄,202.0,2000,0,5851,3035,2026-05-21
統一高雄,198.0,150,0,5851,3035,2026-05-21
統一,207.5,3500,1000,5850,3035,2026-05-21
統一敦南,200.0,0,1000,5852,3035,2026-05-21
永興台中,201.0,500,0,5603,3035,2026-05-21
永興台中,200.0,1000,0,5603,3035,2026-05-21
永興台中,198.0,1000,0,5603,3035,2026-05-21
第一華江,197.0,0,1000,538W,3035,2026-05-21
第一華江,195.0,0,1000,538W,3035,2026-05-21
第一路竹,207.5,450,0,538P,3035,2026-05-21
第一路竹,203.5,1000,0,538P,3035,2026-05-21
第一路竹,202.0,1000,1000,538P,3035,2026-05-21
第一路竹,201.0,0,3000,538P,3035,2026-05-21
第一路竹,200.0,0,1205,538P,3035,2026-05-21
第一華江,198.0,1400,0,538W,3035,2026-05-21
第一路竹,198.5,1000,0,538P,3035,2026-05-21
第一豐原,204.0,1000,0,538N,3035,2026-05-21
第一豐原,203.0,0,1000,538N,3035,2026-05-21
第一豐原,202.0,0,1000,538N,3035,2026-05-21
第一豐原,201.0,1000,0,538N,3035,2026-05-21
第一豐原,200.0,1000,1000,538N,3035,2026-05-21
第一豐原,198.5,0,25,538N,3035,2026-05-21
第一豐原,197.5,0,1000,538N,3035,2026-05-21
第一路竹,197.5,0,1000,538P,3035,2026-05-21
第一嘉義,203.5,10,0,538M,3035,2026-05-21
第一華江,199.5,1000,2000,538W,3035,2026-05-21
第一華江,201.5,1000,5000,538W,3035,2026-05-21
永興水湳,203.0,1000,1000,5602,3035,2026-05-21
永興水湳,199.5,0,200,5602,3035,2026-05-21
永興,208.0,0,10200,5600,3035,2026-05-21
永興,203.5,0,1000,5600,3035,2026-05-21
永興,202.0,0,1000,5600,3035,2026-05-21
永興,200.0,1000,0,5600,3035,2026-05-21
寶盛,200.0,2000,0,5460,3035,2026-05-21
第一華江,200.5,1000,0,538W,3035,2026-05-21
第一中壢,206.0,0,1000,538Y,3035,2026-05-21
第一中壢,202.0,2000,0,538Y,3035,2026-05-21
第一中壢,201.0,10,1000,538Y,3035,2026-05-21
第一中壢,196.5,1000,0,538Y,3035,2026-05-21
第一華江,207.5,5,100,538W,3035,2026-05-21
第一華江,204.5,0,1020,538W,3035,2026-05-21
第一華江,203.5,0,2000,538W,3035,2026-05-21
第一華江,202.5,0,1000,538W,3035,2026-05-21
第一中壢,203.0,10,3000,538Y,3035,2026-05-21
瑞銀,201.0,111000,1000,1650,3035,2026-05-21
第一桃園,200.5,0,3500,5385,3035,2026-05-21
第一桃園,198.0,0,13000,5385,3035,2026-05-21
美好楊梅,195.5,3000,0,5262,3035,2026-05-21
美好蘆洲,207.5,1000,0,5261,3035,2026-05-21
美好蘆洲,204.0,1000,1125,5261,3035,2026-05-21
美好蘆洲,202.5,0,2000,5261,3035,2026-05-21
美好蘆洲,201.0,0,2050,5261,3035,2026-05-21
美好蘆洲,200.0,0,1000,5261,3035,2026-05-21
美好,208.0,0,1000,5260,3035,2026-05-21
美好,207.0,0,1000,5260,3035,2026-05-21
美好,206.0,0,1000,5260,3035,2026-05-21
美好,205.0,0,1000,5260,3035,2026-05-21
美好,203.0,1000,0,5260,3035,2026-05-21
美好,202.0,1000,1000,5260,3035,2026-05-21
美好,201.0,2000,4000,5260,3035,2026-05-21
美好,200.0,2000,0,5260,3035,2026-05-21
美好,199.0,2000,50,5260,3035,2026-05-21
美好楊梅,197.0,0,1000,5262,3035,2026-05-21
美好楊梅,198.5,1000,0,5262,3035,2026-05-21
美好楊梅,199.5,2000,4000,5262,3035,2026-05-21
美好楊梅,200.5,1000,1000,5262,3035,2026-05-21
美好苗栗,203.0,0,4000,5265,3035,2026-05-21
美好苗栗,202.0,0,2000,5265,3035,2026-05-21
美好苗栗,200.0,1000,1000,5265,3035,2026-05-21
美好高雄,208.0,0,2000,5264,3035,2026-05-21
美好泰山,208.0,0,2000,5263,3035,2026-05-21
美好泰山,205.5,0,500,5263,3035,2026-05-21
美好泰山,203.0,0,1000,5263,3035,2026-05-21
美好,198.0,2000,0,5260,3035,2026-05-21
美好泰山,201.0,0,1000,5263,3035,2026-05-21
美好泰山,197.5,1000,0,5263,3035,2026-05-21
美好泰山,195.5,0,2000,5263,3035,2026-05-21
美好楊梅,208.0,0,1000,5262,3035,2026-05-21
美好楊梅,205.0,0,1000,5262,3035,2026-05-21
美好楊梅,204.0,1000,1000,5262,3035,2026-05-21
美好楊梅,203.0,0,1000,5262,3035,2026-05-21
美好楊梅,201.5,1000,0,5262,3035,2026-05-21
美好泰山,199.0,1000,0,5263,3035,2026-05-21
美好,196.5,0,1000,5260,3035,2026-05-21
大展台南,204.5,0,1000,5058,3035,2026-05-21
大展台南,203.0,0,1000,5058,3035,2026-05-21
亞東板橋,204.0,0,1000,2181,3035,2026-05-21
亞東板橋,202.5,50,0,2181,3035,2026-05-21
亞東板橋,201.0,100,0,2181,3035,2026-05-21
亞東板橋,199.5,50,0,2181,3035,2026-05-21
亞東板橋,198.5,100,0,2181,3035,2026-05-21
亞東,204.0,0,1100,2180,3035,2026-05-21
亞東,202.0,0,5000,2180,3035,2026-05-21
亞東板橋,206.0,1000,0,2181,3035,2026-05-21
亞東,201.0,0,7100,2180,3035,2026-05-21
亞東,199.0,5100,0,2180,3035,2026-05-21
亞東,198.0,100,0,2180,3035,2026-05-21
亞東,197.0,1000,0,2180,3035,2026-05-21
亞東,196.0,0,1000,2180,3035,2026-05-21
瑞銀,205.0,54000,0,1650,3035,2026-05-21
瑞銀,204.0,263000,0,1650,3035,2026-05-21
瑞銀,203.0,7000,0,1650,3035,2026-05-21
亞東,200.0,0,20000,2180,3035,2026-05-21
美好苗栗,204.5,0,1000,5265,3035,2026-05-21
亞東板橋,207.5,1000,0,2181,3035,2026-05-21
亞東新竹,198.0,0,2000,2184,3035,2026-05-21
大展台南,201.0,0,1000,5058,3035,2026-05-21
大展台南,199.0,1000,0,5058,3035,2026-05-21
大展,204.0,0,1000,5050,3035,2026-05-21
大展,199.5,1000,0,5050,3035,2026-05-21
大展,196.0,0,1000,5050,3035,2026-05-21
亞東台中,207.5,1000,0,2187,3035,2026-05-21
亞東台中,203.0,0,7,2187,3035,2026-05-21
亞東新竹,195.5,1000,0,2184,3035,2026-05-21
亞東台中,199.0,0,7,2187,3035,2026-05-21
亞東台南,201.0,0,3000,2185,3035,2026-05-21
亞東台南,199.0,2000,1000,2185,3035,2026-05-21
亞東台南,196.0,0,1000,2185,3035,2026-05-21
亞東新竹,204.5,0,2000,2184,3035,2026-05-21
亞東新竹,202.0,0,2000,2184,3035,2026-05-21
亞東新竹,201.0,0,2000,2184,3035,2026-05-21
亞東新竹,200.0,0,1000,2184,3035,2026-05-21
亞東台南,202.0,1000,0,2185,3035,2026-05-21
第一桃園,199.5,1777,2500,5385,3035,2026-05-21
美好苗栗,208.0,0,1000,5265,3035,2026-05-21
美好中壢,199.5,0,12000,5266,3035,2026-05-21
第一台中,200.0,3000,1000,5382,3035,2026-05-21
第一台中,199.0,0,3000,5382,3035,2026-05-21
第一台中,198.0,2350,0,5382,3035,2026-05-21
第一台中,197.0,1000,1000,5382,3035,2026-05-21
第一員林,205.0,0,2000,5381,3035,2026-05-21
第一員林,202.0,0,2000,5381,3035,2026-05-21
第一員林,201.0,2000,2000,5381,3035,2026-05-21
第一員林,199.5,0,1000,5381,3035,2026-05-21
第一員林,198.5,1000,0,5381,3035,2026-05-21
第一員林,197.5,0,4000,5381,3035,2026-05-21
第一金證,208.0,0,11,5380,3035,2026-05-21
第一金證,207.0,0,1,5380,3035,2026-05-21
第一金證,205.0,0,1,5380,3035,2026-05-21
第一金證,203.5,0,4000,5380,3035,2026-05-21
第一金證,202.5,0,7000,5380,3035,2026-05-21
第一台中,201.0,1000,0,5382,3035,2026-05-21
第一台中,202.0,0,3000,5382,3035,2026-05-21
第一台中,203.0,0,1000,5382,3035,2026-05-21
第一台中,204.0,1000,0,5382,3035,2026-05-21
凱基南崁,201.0,1000,3000,9256,3035,2026-05-21
第一台南,205.0,1000,1100,5384,3035,2026-05-21
第一台南,204.0,1100,4000,5384,3035,2026-05-21
第一台南,203.0,1000,1000,5384,3035,2026-05-21
第一台南,201.0,0,3017,5384,3035,2026-05-21
第一台南,199.5,2210,0,5384,3035,2026-05-21
第一高雄,208.0,0,1325,5383,3035,2026-05-21
第一金證,201.5,0,9000,5380,3035,2026-05-21
第一高雄,204.5,0,2000,5383,3035,2026-05-21
第一高雄,202.0,0,1000,5383,3035,2026-05-21
第一高雄,201.0,0,2000,5383,3035,2026-05-21
第一高雄,200.0,2430,0,5383,3035,2026-05-21
第一高雄,198.5,2000,0,5383,3035,2026-05-21
第一高雄,196.0,1000,0,5383,3035,2026-05-21
第一台中,207.5,1000,0,5382,3035,2026-05-21
第一台中,206.5,0,3000,5382,3035,2026-05-21
第一高雄,203.5,0,1030,5383,3035,2026-05-21
第一金證,200.5,0,17000,5380,3035,2026-05-21
第一金證,199.5,25,21000,5380,3035,2026-05-21
第一金證,198.5,0,9000,5380,3035,2026-05-21
高橋,197.0,1000,0,5320,3035,2026-05-21
高橋,196.0,0,1000,5320,3035,2026-05-21
美好市政,204.0,0,400,526M,3035,2026-05-21
美好富順,207.5,25,0,526K,3035,2026-05-21
美好富順,203.5,1010,0,526K,3035,2026-05-21
美好富順,202.0,68,0,526K,3035,2026-05-21
美好富順,201.0,1000,17000,526K,3035,2026-05-21
高橋,198.0,1000,0,5320,3035,2026-05-21
美好富順,199.5,1000,210,526K,3035,2026-05-21
美好中和,199.5,0,10,526A,3035,2026-05-21
美好中和,197.0,0,1000,526A,3035,2026-05-21
美好基隆,208.0,0,1000,5267,3035,2026-05-21
美好基隆,200.0,1000,0,5267,3035,2026-05-21
美好中壢,206.0,0,1000,5266,3035,2026-05-21
美好中壢,202.0,1000,1000,5266,3035,2026-05-21
美好中壢,201.0,0,1000,5266,3035,2026-05-21
美好中和,203.5,0,1000,526A,3035,2026-05-21
美好中壢,198.0,1000,0,5266,3035,2026-05-21
高橋,200.0,0,5000,5320,3035,2026-05-21
高橋,205.0,0,1000,5320,3035,2026-05-21
第一金證,197.5,0,5000,5380,3035,2026-05-21
第一金證,196.5,0,1000,5380,3035,2026-05-21
第一金證,195.5,0,1000,5380,3035,2026-05-21
高橋內壢,205.0,0,1000,5323,3035,2026-05-21
高橋內壢,202.0,0,1000,5323,3035,2026-05-21
高橋內壢,199.0,1000,0,5323,3035,2026-05-21
高橋中壢,205.0,0,2000,5322,3035,2026-05-21
高橋,203.5,0,1000,5320,3035,2026-05-21
高橋中壢,201.0,1000,1000,5322,3035,2026-05-21
高橋龍潭,205.0,50,2150,5321,3035,2026-05-21
高橋龍潭,203.5,0,100,5321,3035,2026-05-21
高橋龍潭,202.0,0,6000,5321,3035,2026-05-21
高橋龍潭,201.0,50,0,5321,3035,2026-05-21
高橋龍潭,200.0,0,1100,5321,3035,2026-05-21
高橋,208.0,1000,4100,5320,3035,2026-05-21
高橋,206.5,0,1000,5320,3035,2026-05-21
高橋中壢,196.5,1000,0,5322,3035,2026-05-21
致和南京,208.0,0,75,7038,3035,2026-05-21
第一台南,208.0,50,3000,5384,3035,2026-05-21
致和崇德,200.5,1000,0,703B,3035,2026-05-21
群益板橋,205.0,0,1000,918B,3035,2026-05-21
群益板橋,203.5,1000,0,918B,3035,2026-05-21
群益板橋,201.5,4000,3000,918B,3035,2026-05-21
群益板橋,200.5,2000,2000,918B,3035,2026-05-21
群益板橋,199.5,0,4000,918B,3035,2026-05-21
群益板橋,198.5,1000,4000,918B,3035,2026-05-21
群益板橋,196.0,1000,0,918B,3035,2026-05-21
群益中壢,207.5,0,100,918A,3035,2026-05-21
群益中壢,205.5,0,30,918A,3035,2026-05-21
群益中壢,204.5,10,1110,918A,3035,2026-05-21
群益中壢,203.5,0,10100,918A,3035,2026-05-21
群益中壢,202.0,0,100,918A,3035,2026-05-21
群益中壢,200.5,1100,1000,918A,3035,2026-05-21
群益中壢,199.5,15010,1000,918A,3035,2026-05-21
群益中壢,196.0,0,2000,918A,3035,2026-05-21
群益板橋,208.0,0,1000,918B,3035,2026-05-21
群益鳳山,196.0,0,1000,918c,3035,2026-05-21
群益鳳山,197.0,2000,2000,918c,3035,2026-05-21
群益鳳山,200.0,0,100,918c,3035,2026-05-21
群益內湖,205.0,0,1000,918d,3035,2026-05-21
群益內湖,202.5,0,1,918d,3035,2026-05-21
群益內湖,201.0,1000,1000,918d,3035,2026-05-21
群益內湖,198.5,1000,150,918d,3035,2026-05-21
群益古亭,208.0,400,5024,918C,3035,2026-05-21
群益古亭,204.0,100,10,918C,3035,2026-05-21
群益古亭,202.0,1000,0,918C,3035,2026-05-21
群益桃園,207.5,0,2100,9189,3035,2026-05-21
群益古亭,201.0,0,150,918C,3035,2026-05-21
群益古亭,199.0,50,1000,918C,3035,2026-05-21
群益古亭,198.0,1083,1000,918C,3035,2026-05-21
群益鳳山,207.0,0,1000,918c,3035,2026-05-21
群益鳳山,205.0,0,11000,918c,3035,2026-05-21
群益鳳山,203.0,0,3000,918c,3035,2026-05-21
群益鳳山,202.0,0,3200,918c,3035,2026-05-21
群益鳳山,201.0,12002,1050,918c,3035,2026-05-21
群益古亭,200.0,1000,1671,918C,3035,2026-05-21
群益桃園,204.0,0,1000,9189,3035,2026-05-21
群益桃園,203.0,500,1000,9189,3035,2026-05-21
群益桃園,202.0,0,11000,9189,3035,2026-05-21
群益新竹,199.5,0,1000,9186,3035,2026-05-21
群益台南,208.0,0,1,9185,3035,2026-05-21
群益台南,202.5,3000,0,9185,3035,2026-05-21
群益台南,201.5,1000,1000,9185,3035,2026-05-21
群益台南,200.5,1000,4000,9185,3035,2026-05-21
群益台南,199.5,1008,4000,9185,3035,2026-05-21
群益台南,198.5,1000,0,9185,3035,2026-05-21
群益新竹,201.5,5000,0,9186,3035,2026-05-21
群益台南,196.0,0,1000,9185,3035,2026-05-21
群益台中,207.0,0,7000,9184,3035,2026-05-21
群益台中,204.0,1300,9000,9184,3035,2026-05-21
群益台中,202.5,1,0,9184,3035,2026-05-21
群益台中,201.5,1000,3010,9184,3035,2026-05-21
群益台中,200.5,4001,5000,9184,3035,2026-05-21
群益台中,199.5,4100,2000,9184,3035,2026-05-21
群益台中,198.5,2000,0,9184,3035,2026-05-21
群益台中,208.0,2030,3150,9184,3035,2026-05-21
群益東門,197.0,0,3000,918D,3035,2026-05-21
群益新竹,203.0,1000,2000,9186,3035,2026-05-21
群益新竹,207.5,1000,0,9186,3035,2026-05-21
群益桃園,200.5,1000,100,9189,3035,2026-05-21
群益桃園,199.0,1000,0,9189,3035,2026-05-21
群益桃園,197.5,1000,0,9189,3035,2026-05-21
群益三民,208.0,0,8010,9188,3035,2026-05-21
群益三民,205.0,0,1000,9188,3035,2026-05-21
群益三民,203.5,1000,1000,9188,3035,2026-05-21
群益三民,202.0,1000,0,9188,3035,2026-05-21
群益新竹,204.5,1000,0,9186,3035,2026-05-21
群益三民,201.0,0,1000,9188,3035,2026-05-21
群益三民,196.5,0,2000,9188,3035,2026-05-21
群益彰化,208.0,0,10,9187,3035,2026-05-21
群益彰化,205.0,3,200,9187,3035,2026-05-21
群益彰化,202.5,100,0,9187,3035,2026-05-21
群益彰化,201.5,1000,0,9187,3035,2026-05-21
群益彰化,200.0,0,10,9187,3035,2026-05-21
群益彰化,198.5,0,3,9187,3035,2026-05-21
群益三民,199.5,11000,0,9188,3035,2026-05-21
群益台中,197.5,1000,0,9184,3035,2026-05-21
群益東門,201.0,0,2000,918D,3035,2026-05-21
群益東門,205.5,0,1000,918D,3035,2026-05-21
群益嘉義,203.5,2000,3000,918M,3035,2026-05-21
群益嘉義,201.5,3000,1000,918M,3035,2026-05-21
群益嘉義,200.5,3045,2050,918M,3035,2026-05-21
群益嘉義,199.0,1050,4000,918M,3035,2026-05-21
群益嘉義,196.0,2000,0,918M,3035,2026-05-21
群益建成,204.5,1010,0,918L,3035,2026-05-21
群益建成,203.0,15,100,918L,3035,2026-05-21
群益建成,202.0,0,5000,918L,3035,2026-05-21
群益建成,200.5,1000,0,918L,3035,2026-05-21
群益建成,198.0,10,40,918L,3035,2026-05-21
群益東湖,208.0,0,3010,918K,3035,2026-05-21
群益東湖,203.5,0,1000,918K,3035,2026-05-21
群益東湖,201.0,0,1060,918K,3035,2026-05-21
群益東湖,200.0,5,2005,918K,3035,2026-05-21
群益東湖,199.0,1000,0,918K,3035,2026-05-21
群益嘉義,205.0,0,1000,918M,3035,2026-05-21
群益天母,198.0,0,2000,918P,3035,2026-05-21
群益丹鳳,199.0,2000,0,918s,3035,2026-05-21
群益丹鳳,201.0,1000,0,918s,3035,2026-05-21
群益延平,202.0,1000,0,918x,3035,2026-05-21
群益延平,199.5,0,1000,918x,3035,2026-05-21
群益延平,198.5,0,1000,918x,3035,2026-05-21
群益忠孝,205.0,0,2000,918W,3035,2026-05-21
群益忠孝,202.0,0,1000,918W,3035,2026-05-21
群益忠孝,200.5,1000,0,918W,3035,2026-05-21
群益忠孝,199.5,0,1000,918W,3035,2026-05-21
群益永和,208.0,0,11000,918J,3035,2026-05-21
群益瑞豐,207.5,0,2,918u,3035,2026-05-21
群益瑞豐,203.0,0,1600,918u,3035,2026-05-21
群益瑞豐,202.0,1000,2000,918u,3035,2026-05-21
群益瑞豐,201.0,0,1000,918u,3035,2026-05-21
群益瑞豐,199.5,1000,1000,918u,3035,2026-05-21
群益瑞豐,197.5,0,29000,918u,3035,2026-05-21
群益丹鳳,208.0,0,7000,918s,3035,2026-05-21
群益丹鳳,202.0,0,1200,918s,3035,2026-05-21
群益瑞豐,205.0,0,5,918u,3035,2026-05-21
群益永和,204.0,0,2000,918J,3035,2026-05-21
群益永和,203.0,0,2000,918J,3035,2026-05-21
群益永和,201.5,0,6000,918J,3035,2026-05-21
群益大甲,198.5,0,1100,918g,3035,2026-05-21
群益新店,206.0,0,1000,918F,3035,2026-05-21
群益新店,204.0,0,1000,918F,3035,2026-05-21
群益新店,202.5,1000,0,918F,3035,2026-05-21
群益新店,200.5,5000,0,918F,3035,2026-05-21
群益新店,199.5,100,0,918F,3035,2026-05-21
群益新店,198.5,100,0,918F,3035,2026-05-21
群益大甲,200.0,5000,0,918g,3035,2026-05-21
群益新店,197.5,0,1000,918F,3035,2026-05-21
群益南京,204.0,5,2000,918E,3035,2026-05-21
群益南京,203.0,0,1000,918E,3035,2026-05-21
群益南京,200.5,1000,3000,918E,3035,2026-05-21
群益南京,199.0,0,1000,918E,3035,2026-05-21
群益南京,197.5,1000,0,918E,3035,2026-05-21
群益南京,196.0,2000,0,918E,3035,2026-05-21
群益大安,199.5,11000,0,918e,3035,2026-05-21
群益南京,205.5,0,15,918E,3035,2026-05-21
群益東門,203.0,100,1000,918D,3035,2026-05-21
群益大甲,201.5,0,1000,918g,3035,2026-05-21
群益新莊,198.5,0,1000,918G,3035,2026-05-21
群益永和,200.5,1,0,918J,3035,2026-05-21
群益永和,199.5,2000,0,918J,3035,2026-05-21
群益永和,198.5,1000,2000,918J,3035,2026-05-21
群益永和,196.5,2000,0,918J,3035,2026-05-21
群益永和,195.5,5000,10000,918J,3035,2026-05-21
群益竹南,207.5,2000,0,918i,3035,2026-05-21
群益竹南,204.5,0,2000,918i,3035,2026-05-21
群益大甲,205.0,0,1000,918g,3035,2026-05-21
群益竹南,203.5,1000,2000,918i,3035,2026-05-21
群益竹南,199.5,2000,0,918i,3035,2026-05-21
群益中山,208.0,0,2145,918H,3035,2026-05-21
群益中山,198.0,200,0,918H,3035,2026-05-21
群益新莊,204.5,0,2000,918G,3035,2026-05-21
群益新莊,203.5,2000,0,918G,3035,2026-05-21
群益新莊,201.5,1000,0,918G,3035,2026-05-21
群益新莊,200.5,1000,5000,918G,3035,2026-05-21
群益竹南,201.0,1000,4000,918i,3035,2026-05-21
群益延平,204.0,1000,1004,918x,3035,2026-05-21
群益高雄,208.0,30,0,9183,3035,2026-05-21
群益高雄,204.5,0,500,9183,3035,2026-05-21
群益民權,197.5,1000,0,9131,3035,2026-05-21
群益市府,208.0,0,133000,910D,3035,2026-05-21
群益市府,205.0,20000,0,910D,3035,2026-05-21
群益市府,203.5,1000,0,910D,3035,2026-05-21
群益市府,202.5,12000,0,910D,3035,2026-05-21
群益市府,201.5,10000,3000,910D,3035,2026-05-21
群益市府,200.5,11480,0,910D,3035,2026-05-21
群益市府,199.5,0,1000,910D,3035,2026-05-21
群益市府,198.5,0,2000,910D,3035,2026-05-21
群益市府,197.0,1000,0,910D,3035,2026-05-21
群益海山,207.5,2000,150,9108,3035,2026-05-21
群益海山,205.0,0,3050,9108,3035,2026-05-21
群益海山,204.0,1000,0,9108,3035,2026-05-21
群益海山,202.5,0,2000,9108,3035,2026-05-21
群益海山,201.5,0,3000,9108,3035,2026-05-21
群益民權,199.5,100,1000,9131,3035,2026-05-21
群益民權,201.0,2000,1000,9131,3035,2026-05-21
群益民權,202.0,1000,100,9131,3035,2026-05-21
群益民權,203.0,0,100,9131,3035,2026-05-21
群益東大,199.5,1100,3000,9135,3035,2026-05-21
群益東大,198.5,2000,20021,9135,3035,2026-05-21
群益東大,197.5,0,25,9135,3035,2026-05-21
群益東大,195.5,0,1000,9135,3035,2026-05-21
群益開元,206.0,0,1102,9134,3035,2026-05-21
群益開元,204.5,0,1006,9134,3035,2026-05-21
群益開元,203.5,1000,0,9134,3035,2026-05-21
群益海山,200.5,1000,5000,9108,3035,2026-05-21
群益開元,202.5,200,6000,9134,3035,2026-05-21
群益開元,200.5,0,3200,9134,3035,2026-05-21
群益開元,199.5,2000,2000,9134,3035,2026-05-21
群益開元,198.5,5000,0,9134,3035,2026-05-21
群益開元,197.5,0,5000,9134,3035,2026-05-21
群益開元,196.5,1000,0,9134,3035,2026-05-21
群益民權,208.0,0,1050,9131,3035,2026-05-21
群益民權,204.0,1000,2000,9131,3035,2026-05-21
群益開元,201.5,2000,3200,9134,3035,2026-05-21
群益海山,199.5,4000,5000,9108,3035,2026-05-21
群益海山,198.5,5000,0,9108,3035,2026-05-21
群益海山,197.5,0,1000,9108,3035,2026-05-21
群益,200.5,3000,12000,9100,3035,2026-05-21
群益,199.5,16000,7000,9100,3035,2026-05-21
群益,198.5,4000,6000,9100,3035,2026-05-21
群益,197.5,3000,4000,9100,3035,2026-05-21
群益,196.5,4000,1000,9100,3035,2026-05-21
群益,195.5,15000,3000,9100,3035,2026-05-21
國泰新竹,208.0,0,200,888N,3035,2026-05-21
群益,201.5,9000,6000,9100,3035,2026-05-21
國泰新竹,204.0,3000,0,888N,3035,2026-05-21
國泰板橋,207.5,100,1200,888K,3035,2026-05-21
國泰板橋,206.0,0,600,888K,3035,2026-05-21
國泰板橋,205.0,0,3500,888K,3035,2026-05-21
國泰板橋,204.0,3000,3105,888K,3035,2026-05-21
國泰板橋,203.0,1000,4584,888K,3035,2026-05-21
國泰板橋,202.0,3000,7770,888K,3035,2026-05-21
國泰板橋,201.0,0,8351,888K,3035,2026-05-21
國泰新竹,199.5,1000,0,888N,3035,2026-05-21
群益東大,200.5,10000,1000,9135,3035,2026-05-21
群益,202.5,1000,9850,9100,3035,2026-05-21
群益,204.5,7000,1000,9100,3035,2026-05-21
群益海山,196.5,0,6000,9108,3035,2026-05-21
群益高盛,208.0,0,5000,9105,3035,2026-05-21
群益高盛,204.0,0,40,9105,3035,2026-05-21
群益高盛,201.0,100,0,9105,3035,2026-05-21
群益高盛,200.0,1030,1100,9105,3035,2026-05-21
群益高盛,199.0,0,2000,9105,3035,2026-05-21
群益高盛,196.5,1000,0,9105,3035,2026-05-21
群益,203.5,3000,5000,9100,3035,2026-05-21
群益松山,203.0,0,1000,9103,3035,2026-05-21
群益敦南,203.0,1000,0,9101,3035,2026-05-21
群益敦南,201.0,0,1000,9101,3035,2026-05-21
群益敦南,199.5,0,10000,9101,3035,2026-05-21
群益敦南,196.5,10000,0,9101,3035,2026-05-21
群益敦南,195.5,0,1000,9101,3035,2026-05-21
群益,207.5,1000,5000,9100,3035,2026-05-21
群益,205.5,2000,0,9100,3035,2026-05-21
群益敦南,208.0,0,1000,9101,3035,2026-05-21
群益高雄,206.5,0,2000,9183,3035,2026-05-21
群益東大,202.0,0,10000,9135,3035,2026-05-21
群益東大,206.0,0,4000,9135,3035,2026-05-21
群益北高,205.0,0,1000,913R,3035,2026-05-21
群益北高,204.0,1000,1300,913R,3035,2026-05-21
群益北高,202.5,0,1000,913R,3035,2026-05-21
群益北高,201.0,0,1000,913R,3035,2026-05-21
群益北高,199.5,0,1000,913R,3035,2026-05-21
群益北高,198.5,1000,20,913R,3035,2026-05-21
群益土城,208.0,0,7000,913N,3035,2026-05-21
群益土城,204.0,0,1000,913N,3035,2026-05-21
群益土城,202.0,1000,1000,913N,3035,2026-05-21
群益土城,201.0,0,4000,913N,3035,2026-05-21
群益土城,199.0,1000,0,913N,3035,2026-05-21
群益土城,196.5,1000,0,913N,3035,2026-05-21
群益萬華,206.0,0,1000,913I,3035,2026-05-21
群益萬華,201.0,1000,0,913I,3035,2026-05-21
群益萬華,198.0,0,2000,913I,3035,2026-05-21
群益崇德,198.0,1000,0,913U,3035,2026-05-21
群益崇德,200.0,100,1000,913U,3035,2026-05-21
群益崇德,201.0,1000,1000,913U,3035,2026-05-21
群益崇德,202.5,0,1000,913U,3035,2026-05-21
群益高雄,203.5,0,1000,9183,3035,2026-05-21
群益高雄,202.5,4000,1100,9183,3035,2026-05-21
群益高雄,201.5,0,90,9183,3035,2026-05-21
群益高雄,199.5,0,5000,9183,3035,2026-05-21
群益館前,208.0,200,1000,913Y,3035,2026-05-21
群益館前,205.0,1000,1000,913Y,3035,2026-05-21
群益館前,204.0,1000,0,913Y,3035,2026-05-21
群益屏東,207.0,0,3000,913H,3035,2026-05-21
群益館前,203.0,11000,0,913Y,3035,2026-05-21
群益館前,201.0,0,2000,913Y,3035,2026-05-21
群益館前,200.0,1000,3100,913Y,3035,2026-05-21
群益館前,199.0,1070,1000,913Y,3035,2026-05-21
群益館前,196.5,4000,0,913Y,3035,2026-05-21
群益館前,195.5,2000,10000,913Y,3035,2026-05-21
群益崇德,206.0,0,1000,913U,3035,2026-05-21
群益崇德,204.5,0,1000,913U,3035,2026-05-21
群益館前,202.0,5000,1000,913Y,3035,2026-05-21
群益屏東,202.0,1000,0,913H,3035,2026-05-21
群益屏東,200.5,100,1000,913H,3035,2026-05-21
群益屏東,199.5,3000,2000,913H,3035,2026-05-21
群益中港,200.5,0,1100,9138,3035,2026-05-21
群益士林,208.0,0,3000,9137,3035,2026-05-21
群益士林,203.5,2,600,9137,3035,2026-05-21
群益士林,202.0,50,200,9137,3035,2026-05-21
群益士林,201.0,0,2050,9137,3035,2026-05-21
群益士林,200.0,10200,700,9137,3035,2026-05-21
群益士林,199.0,3000,0,9137,3035,2026-05-21
群益中港,202.0,0,5000,9138,3035,2026-05-21
群益士林,195.5,1000,0,9137,3035,2026-05-21
群益西松,204.5,0,1000,9136,3035,2026-05-21
群益西松,203.0,3000,1000,9136,3035,2026-05-21
群益西松,201.5,0,5000,9136,3035,2026-05-21
群益西松,200.0,0,1000,9136,3035,2026-05-21
群益西松,196.5,0,1000,9136,3035,2026-05-21
群益西松,195.5,0,3000,9136,3035,2026-05-21
群益東大,207.5,0,100,9135,3035,2026-05-21
群益西松,205.5,0,1000,9136,3035,2026-05-21
群益東大,203.5,0,1070,9135,3035,2026-05-21
群益潭子,197.5,0,1000,913D,3035,2026-05-21
群益潭子,202.0,0,1000,913D,3035,2026-05-21
群益屏東,198.0,1000,1000,913H,3035,2026-05-21
群益屏東,196.0,0,1000,913H,3035,2026-05-21
群益三重,207.5,0,1000,913g,3035,2026-05-21
群益三重,204.0,0,2000,913g,3035,2026-05-21
群益三重,203.0,0,2000,913g,3035,2026-05-21
群益三重,201.5,0,7020,913g,3035,2026-05-21
群益三重,200.5,1000,0,913g,3035,2026-05-21
群益潭子,198.5,0,1000,913D,3035,2026-05-21
群益三重,199.5,1000,0,913g,3035,2026-05-21
群益三重,196.5,30000,0,913g,3035,2026-05-21
群益基隆,208.0,0,10000,913E,3035,2026-05-21
群益基隆,201.5,0,1000,913E,3035,2026-05-21
群益基隆,200.5,2000,1000,913E,3035,2026-05-21
群益基隆,196.5,10000,0,913E,3035,2026-05-21
群益潭子,207.5,0,1000,913D,3035,2026-05-21
群益潭子,204.0,1000,600,913D,3035,2026-05-21
群益三重,198.5,0,1000,913g,3035,2026-05-21
國泰板橋,200.0,3020,9050,888K,3035,2026-05-21
群益台北,199.0,1000,0,918X,3035,2026-05-21
群益台北,201.5,0,400,918X,3035,2026-05-21
凱基內埔,202.0,0,2000,9225,3035,2026-05-21
凱基內埔,200.5,1000,0,9225,3035,2026-05-21
凱基內埔,199.0,1000,2000,9225,3035,2026-05-21
凱基豐中,204.5,1000,0,9223,3035,2026-05-21
凱基豐中,203.5,0,2000,9223,3035,2026-05-21
凱基豐中,201.5,0,3000,9223,3035,2026-05-21
凱基豐中,200.5,0,1000,9223,3035,2026-05-21
凱基豐中,199.5,3000,0,9223,3035,2026-05-21
凱基豐中,197.0,1000,0,9223,3035,2026-05-21
凱基東勢,208.0,0,3020,921Y,3035,2026-05-21
凱基東勢,203.5,3000,10000,921Y,3035,2026-05-21
凱基東勢,200.5,0,5000,921Y,3035,2026-05-21
凱基東勢,199.5,0,1000,921Y,3035,2026-05-21
凱基東勢,198.5,0,10000,921Y,3035,2026-05-21
凱基新莊,207.0,0,1000,921S,3035,2026-05-21
凱基內埔,203.0,0,1000,9225,3035,2026-05-21
凱基內埔,208.0,0,2150,9225,3035,2026-05-21
凱基汐止,197.5,2000,0,9226,3035,2026-05-21
凱基汐止,199.0,1000,0,9226,3035,2026-05-21
凱基中山,196.5,1000,0,9229,3035,2026-05-21
凱基城中,208.0,2000,2000,9227,3035,2026-05-21
凱基城中,206.0,0,1,9227,3035,2026-05-21
凱基城中,205.0,0,2000,9227,3035,2026-05-21
凱基城中,203.5,2000,0,9227,3035,2026-05-21
凱基城中,202.0,0,1000,9227,3035,2026-05-21
凱基城中,201.0,0,2000,9227,3035,2026-05-21
凱基新莊,203.5,1000,3000,921S,3035,2026-05-21
凱基城中,199.5,0,1000,9227,3035,2026-05-21
凱基城中,197.5,0,1000,9227,3035,2026-05-21
凱基城中,196.5,0,1000,9227,3035,2026-05-21
凱基汐止,208.0,0,6000,9226,3035,2026-05-21
凱基汐止,206.0,2000,0,9226,3035,2026-05-21
凱基汐止,204.0,3000,0,9226,3035,2026-05-21
凱基汐止,201.5,1000,3000,9226,3035,2026-05-21
凱基汐止,200.5,2000,0,9226,3035,2026-05-21
凱基城中,198.5,1000,0,9227,3035,2026-05-21
凱基新莊,202.5,0,100,921S,3035,2026-05-21
凱基新莊,200.5,1000,1000,921S,3035,2026-05-21
凱基新莊,198.0,1000,1000,921S,3035,2026-05-21
凱基民權,203.5,0,2000,921C,3035,2026-05-21
凱基民權,201.5,0,100,921C,3035,2026-05-21
凱基民權,200.0,1073,350,921C,3035,2026-05-21
凱基民權,199.0,3600,1000,921C,3035,2026-05-21
凱基民權,197.5,62,0,921C,3035,2026-05-21
凱基大直,208.0,0,1050,9218,3035,2026-05-21
凱基大直,205.0,0,2000,9218,3035,2026-05-21
凱基三峽,197.5,1000,0,921E,3035,2026-05-21
凱基大直,202.5,0,4000,9218,3035,2026-05-21
凱基大直,200.0,3000,1000,9218,3035,2026-05-21
凱基大直,199.0,1000,1000,9218,3035,2026-05-21
凱基大直,198.0,100,1000,9218,3035,2026-05-21
凱基大直,196.5,0,1000,9218,3035,2026-05-21
凱基松山,206.0,0,1041,9217,3035,2026-05-21
凱基松山,205.0,0,2000,9217,3035,2026-05-21
凱基松山,202.0,1000,0,9217,3035,2026-05-21
凱基大直,201.0,0,1000,9218,3035,2026-05-21
凱基中山,198.5,1000,1000,9229,3035,2026-05-21
凱基三峽,199.0,1000,0,921E,3035,2026-05-21
凱基三峽,202.0,0,1000,921E,3035,2026-05-21
凱基八德,208.0,0,10000,921M,3035,2026-05-21
凱基八德,205.5,0,5000,921M,3035,2026-05-21
凱基八德,202.5,1000,0,921M,3035,2026-05-21
凱基八德,200.0,0,1000,921M,3035,2026-05-21
凱基八德,199.0,30,0,921M,3035,2026-05-21
凱基土城,208.0,4000,510,921J,3035,2026-05-21
凱基土城,204.5,0,1050,921J,3035,2026-05-21
凱基三峽,201.0,1000,1000,921E,3035,2026-05-21
凱基土城,201.5,0,1000,921J,3035,2026-05-21
凱基五股,208.0,0,10,921G,3035,2026-05-21
凱基五股,205.0,0,2000,921G,3035,2026-05-21
凱基五股,203.0,0,1000,921G,3035,2026-05-21
凱基五股,201.5,0,2000,921G,3035,2026-05-21
凱基五股,200.5,0,1000,921G,3035,2026-05-21
凱基五股,198.0,1000,0,921G,3035,2026-05-21
凱基三峽,208.0,0,1000,921E,3035,2026-05-21
凱基土城,200.0,1000,7000,921J,3035,2026-05-21
凱基松山,199.5,0,3000,9217,3035,2026-05-21
凱基中山,201.0,1000,0,9229,3035,2026-05-21
凱基中山,204.0,0,1000,9229,3035,2026-05-21
凱基嘉義,199.0,0,2000,9252,3035,2026-05-21
凱基市政,208.0,0,6000,9239,3035,2026-05-21
凱基市政,204.0,0,2020,9239,3035,2026-05-21
凱基市政,203.0,0,1000,9239,3035,2026-05-21
凱基市政,202.0,1150,2000,9239,3035,2026-05-21
凱基市政,201.0,100,1300,9239,3035,2026-05-21
凱基市政,200.0,1025,2020,9239,3035,2026-05-21
凱基市政,199.0,0,200,9239,3035,2026-05-21
凱基士林,208.0,0,3000,9238,3035,2026-05-21
凱基士林,205.0,0,1000,9238,3035,2026-05-21
凱基士林,203.0,1000,1000,9238,3035,2026-05-21
凱基士林,201.5,0,18000,9238,3035,2026-05-21
凱基士林,200.5,1000,0,9238,3035,2026-05-21
凱基士林,198.5,0,1005,9238,3035,2026-05-21
凱基士林,197.0,0,1000,9238,3035,2026-05-21
凱基嘉義,200.0,0,2000,9252,3035,2026-05-21
凱基嘉義,201.0,0,2000,9252,3035,2026-05-21
凱基嘉義,202.5,0,1000,9252,3035,2026-05-21
凱基嘉義,204.0,0,115,9252,3035,2026-05-21
凱基南崁,199.0,3,5000,9256,3035,2026-05-21
致和崇德,199.0,1000,0,703B,3035,2026-05-21
凱基南崁,196.5,9000,0,9256,3035,2026-05-21
凱基和平,208.0,0,3000,9255,3035,2026-05-21
凱基和平,206.0,0,100,9255,3035,2026-05-21
凱基和平,204.5,10,0,9255,3035,2026-05-21
凱基和平,202.5,0,1100,9255,3035,2026-05-21
凱基士林,195.5,0,3000,9238,3035,2026-05-21
凱基和平,201.5,0,25,9255,3035,2026-05-21
凱基和平,199.0,0,110,9255,3035,2026-05-21
凱基科園,203.0,0,1000,9254,3035,2026-05-21
凱基科園,202.0,0,1000,9254,3035,2026-05-21
凱基科園,201.0,0,100,9254,3035,2026-05-21
凱基科園,197.0,0,1000,9254,3035,2026-05-21
凱基科園,195.5,0,1000,9254,3035,2026-05-21
凱基嘉義,205.5,0,2000,9252,3035,2026-05-21
凱基和平,200.0,5,150,9255,3035,2026-05-21
凱基敦北,202.0,0,100,9237,3035,2026-05-21
凱基敦北,200.5,1000,1000,9237,3035,2026-05-21
凱基敦北,199.0,3000,0,9237,3035,2026-05-21
凱基竹北,198.5,20,0,9234,3035,2026-05-21
凱基竹北,197.5,1000,0,9234,3035,2026-05-21
凱基竹北,196.0,2000,1000,9234,3035,2026-05-21
凱基長庚,208.0,0,10005,9233,3035,2026-05-21
凱基長庚,204.0,0,7000,9233,3035,2026-05-21
凱基長庚,203.0,0,1000,9233,3035,2026-05-21
凱基長庚,202.0,1000,1000,9233,3035,2026-05-21
凱基竹北,199.5,1000,1000,9234,3035,2026-05-21
凱基長庚,201.0,2000,10,9233,3035,2026-05-21
凱基長庚,199.0,2000,150,9233,3035,2026-05-21
凱基員林,205.0,2000,0,9231,3035,2026-05-21
凱基員林,203.0,0,2000,9231,3035,2026-05-21
凱基員林,201.0,4000,0,9231,3035,2026-05-21
凱基員林,197.5,0,5000,9231,3035,2026-05-21
凱基屏東,201.5,0,2000,922C,3035,2026-05-21
凱基中山,208.0,0,2000,9229,3035,2026-05-21
凱基長庚,200.0,2000,32,9233,3035,2026-05-21
凱基中山,202.0,7000,1020,9229,3035,2026-05-21
凱基竹北,200.5,0,50,9234,3035,2026-05-21
凱基竹北,203.0,0,2000,9234,3035,2026-05-21
凱基敦北,198.0,0,1000,9237,3035,2026-05-21
凱基虎尾,208.0,4000,1100,9236,3035,2026-05-21
凱基虎尾,206.0,4000,1000,9236,3035,2026-05-21
凱基虎尾,204.0,0,1000,9236,3035,2026-05-21
凱基虎尾,203.0,14000,0,9236,3035,2026-05-21
凱基虎尾,202.0,1000,0,9236,3035,2026-05-21
凱基虎尾,201.0,100,1000,9236,3035,2026-05-21
凱基竹北,201.5,0,1050,9234,3035,2026-05-21
凱基虎尾,199.5,0,1000,9236,3035,2026-05-21
凱基虎尾,196.0,1000,0,9236,3035,2026-05-21
凱基永華,203.5,0,200,9235,3035,2026-05-21
凱基永華,202.0,0,1000,9235,3035,2026-05-21
凱基永華,200.0,7000,0,9235,3035,2026-05-21
凱基永華,199.0,5,0,9235,3035,2026-05-21
凱基永華,197.5,5,0,9235,3035,2026-05-21
凱基竹北,205.0,0,1000,9234,3035,2026-05-21
凱基虎尾,198.0,50,0,9236,3035,2026-05-21
群益台北,200.0,0,50,918X,3035,2026-05-21
凱基松山,196.0,0,5000,9217,3035,2026-05-21
凱基信義,202.5,100,0,9216,3035,2026-05-21
凱基岡山,201.5,0,200,9209,3035,2026-05-21
凱基岡山,200.5,1000,100,9209,3035,2026-05-21
凱基岡山,195.5,0,1000,9209,3035,2026-05-21
凱基桃園,207.5,1005,0,9208,3035,2026-05-21
凱基桃園,206.5,0,1000,9208,3035,2026-05-21
凱基桃園,204.5,5,2066,9208,3035,2026-05-21
凱基桃園,203.5,1000,1074,9208,3035,2026-05-21
凱基桃園,202.5,0,3000,9208,3035,2026-05-21
凱基桃園,201.5,1000,2000,9208,3035,2026-05-21
凱基桃園,200.5,2000,1500,9208,3035,2026-05-21
凱基桃園,199.5,2000,0,9208,3035,2026-05-21
凱基永和,208.0,0,500,9207,3035,2026-05-21
凱基永和,203.5,5000,0,9207,3035,2026-05-21
凱基永和,200.0,0,60,9207,3035,2026-05-21
凱基高雄,208.0,0,1100,9206,3035,2026-05-21
凱基岡山,203.5,0,1200,9209,3035,2026-05-21
凱基岡山,207.5,1100,0,9209,3035,2026-05-21
凱基板橋,195.5,0,2000,920A,3035,2026-05-21
凱基板橋,197.5,2000,0,920A,3035,2026-05-21
凱基市府,205.0,0,1000,920D,3035,2026-05-21
凱基市府,203.5,0,1000,920D,3035,2026-05-21
凱基市府,201.5,0,1000,920D,3035,2026-05-21
凱基市府,200.0,0,1000,920D,3035,2026-05-21
凱基雙和,208.0,0,1000,920C,3035,2026-05-21
凱基雙和,205.5,0,1000,920C,3035,2026-05-21
凱基雙和,204.0,0,1000,920C,3035,2026-05-21
凱基高雄,204.0,0,5000,9206,3035,2026-05-21
凱基雙和,202.0,0,1000,920C,3035,2026-05-21
凱基雙和,200.0,0,2000,920C,3035,2026-05-21
凱基雙和,196.5,1000,0,920C,3035,2026-05-21
凱基板橋,208.0,0,1100,920A,3035,2026-05-21
凱基板橋,204.5,0,3000,920A,3035,2026-05-21
凱基板橋,202.5,5000,2000,920A,3035,2026-05-21
凱基板橋,201.5,1000,2000,920A,3035,2026-05-21
凱基板橋,200.0,1000,0,920A,3035,2026-05-21
凱基雙和,201.0,1005,1000,920C,3035,2026-05-21
凱基高雄,203.0,1000,1200,9206,3035,2026-05-21
凱基高雄,202.0,0,1000,9206,3035,2026-05-21
凱基高雄,200.5,0,6,9206,3035,2026-05-21
凱基中港,202.0,2000,1000,9202,3035,2026-05-21
凱基中港,201.0,20000,1000,9202,3035,2026-05-21
凱基中港,200.0,3000,11000,9202,3035,2026-05-21
凱基中港,199.0,0,3100,9202,3035,2026-05-21
凱基,205.0,18000,0,9200,3035,2026-05-21
凱基,203.5,12000,3000,9200,3035,2026-05-21
凱基,202.5,1000,0,9200,3035,2026-05-21
凱基中港,204.0,0,1000,9202,3035,2026-05-21
凱基,201.0,10000,0,9200,3035,2026-05-21
凱基,198.0,4007,0,9200,3035,2026-05-21
凱基,197.0,15000,0,9200,3035,2026-05-21
凱基,196.0,7000,0,9200,3035,2026-05-21
群益宜蘭,208.0,0,2000,918z,3035,2026-05-21
群益宜蘭,202.0,4000,0,918z,3035,2026-05-21
群益宜蘭,199.0,0,50,918z,3035,2026-05-21
群益台北,205.0,0,2000,918X,3035,2026-05-21
凱基,200.0,8000,0,9200,3035,2026-05-21
凱基站前,195.5,12000,3000,920F,3035,2026-05-21
凱基中港,205.0,0,1100,9202,3035,2026-05-21
凱基台中,196.0,0,1000,9204,3035,2026-05-21
凱基高雄,199.5,20,0,9206,3035,2026-05-21
凱基高雄,198.5,0,3000,9206,3035,2026-05-21
凱基三重,208.0,0,3120,9205,3035,2026-05-21
凱基三重,206.0,0,1000,9205,3035,2026-05-21
凱基三重,205.0,0,1000,9205,3035,2026-05-21
凱基三重,203.5,0,1000,9205,3035,2026-05-21
凱基三重,202.5,0,1000,9205,3035,2026-05-21
凱基中港,207.5,0,2000,9202,3035,2026-05-21
凱基三重,201.5,1000,0,9205,3035,2026-05-21
凱基三重,198.5,0,60,9205,3035,2026-05-21
凱基台中,208.0,0,6050,9204,3035,2026-05-21
凱基台中,206.0,0,2000,9204,3035,2026-05-21
凱基台中,204.0,0,2000,9204,3035,2026-05-21
凱基台中,203.0,1000,0,9204,3035,2026-05-21
凱基台中,201.0,0,6015,9204,3035,2026-05-21
凱基台中,200.0,0,1000,9204,3035,2026-05-21
凱基三重,200.0,0,1000,9205,3035,2026-05-21
凱基信義,208.0,0,1000,9216,3035,2026-05-21
凱基站前,197.5,1100,1000,920F,3035,2026-05-21
凱基站前,199.5,2000,0,920F,3035,2026-05-21
凱基台南,201.0,1000,5100,9211,3035,2026-05-21
凱基台南,199.5,9005,1100,9211,3035,2026-05-21
凱基台南,198.5,2000,0,9211,3035,2026-05-21
凱基台南,196.5,0,1000,9211,3035,2026-05-21
凱基台南,195.5,1000,1000,9211,3035,2026-05-21
凱基台東,207.5,100,2000,920Z,3035,2026-05-21
凱基台東,204.0,2000,0,920Z,3035,2026-05-21
凱基台東,203.0,1000,0,920Z,3035,2026-05-21
凱基台東,202.0,0,100,920Z,3035,2026-05-21
凱基台東,200.0,0,50,920Z,3035,2026-05-21
凱基台東,199.0,0,622,920Z,3035,2026-05-21
凱基大里,208.0,0,1000,920W,3035,2026-05-21
凱基大里,204.5,0,5000,920W,3035,2026-05-21
凱基大里,203.0,0,2000,920W,3035,2026-05-21
凱基大里,201.0,0,1000,920W,3035,2026-05-21
凱基台南,202.0,0,3175,9211,3035,2026-05-21
凱基台南,203.5,100,1000,9211,3035,2026-05-21
凱基台南,205.0,1000,0,9211,3035,2026-05-21
凱基台南,207.5,0,1000,9211,3035,2026-05-21
凱基高美,208.0,0,6010,9215,3035,2026-05-21
凱基高美,205.5,0,10000,9215,3035,2026-05-21
凱基高美,204.5,0,1200,9215,3035,2026-05-21
凱基高美,203.5,0,3000,9215,3035,2026-05-21
凱基高美,202.5,0,2035,9215,3035,2026-05-21
凱基高美,201.5,2020,0,9215,3035,2026-05-21
凱基高美,200.5,3000,3,9215,3035,2026-05-21
凱基大里,200.0,1000,2050,920W,3035,2026-05-21
凱基高美,199.5,1010,1000,9215,3035,2026-05-21
凱基高美,197.5,0,2000,9215,3035,2026-05-21
凱基高美,195.5,1000,0,9215,3035,2026-05-21
凱基東港,205.0,0,1000,9212,3035,2026-05-21
凱基東港,201.5,1000,0,9212,3035,2026-05-21
凱基東港,200.0,20510,2000,9212,3035,2026-05-21
凱基東港,199.0,0,1000,9212,3035,2026-05-21
凱基東港,198.0,1000,0,9212,3035,2026-05-21
凱基高美,198.5,0,3000,9215,3035,2026-05-21
凱基大里,196.5,0,2000,920W,3035,2026-05-21
凱基大里,195.5,0,2000,920W,3035,2026-05-21
凱基新店,208.0,0,2000,920V,3035,2026-05-21
凱基基隆,195.5,0,5000,920H,3035,2026-05-21
凱基彰化,207.5,1000,0,920G,3035,2026-05-21
凱基彰化,204.5,0,1000,920G,3035,2026-05-21
凱基彰化,203.0,3000,1000,920G,3035,2026-05-21
凱基彰化,202.0,0,2050,920G,3035,2026-05-21
凱基彰化,201.0,1000,3050,920G,3035,2026-05-21
凱基彰化,200.0,0,3400,920G,3035,2026-05-21
凱基基隆,196.5,0,1000,920H,3035,2026-05-21
凱基彰化,199.0,1000,11000,920G,3035,2026-05-21
凱基站前,208.0,1000,5210,920F,3035,2026-05-21
凱基站前,207.0,0,1000,920F,3035,2026-05-21
凱基站前,205.0,0,7000,920F,3035,2026-05-21
凱基站前,203.5,1000,1000,920F,3035,2026-05-21
凱基站前,202.5,0,1000,920F,3035,2026-05-21
凱基站前,201.5,0,10,920F,3035,2026-05-21
凱基站前,200.5,1050,1000,920F,3035,2026-05-21
凱基彰化,198.0,0,1500,920G,3035,2026-05-21
凱基站前,198.5,0,1000,920F,3035,2026-05-21
凱基基隆,199.0,3000,1050,920H,3035,2026-05-21
凱基基隆,201.0,5000,3000,920H,3035,2026-05-21
凱基新店,202.5,0,200,920V,3035,2026-05-21
凱基新店,199.0,100,0,920V,3035,2026-05-21
凱基湖口,206.0,0,1000,920N,3035,2026-05-21
凱基湖口,204.0,1000,2000,920N,3035,2026-05-21
凱基湖口,202.5,0,100,920N,3035,2026-05-21
凱基湖口,201.5,1000,0,920N,3035,2026-05-21
凱基湖口,200.5,3000,0,920N,3035,2026-05-21
凱基基隆,200.0,4000,0,920H,3035,2026-05-21
凱基湖口,199.5,1000,250,920N,3035,2026-05-21
凱基宜蘭,204.5,1000,0,920M,3035,2026-05-21
凱基宜蘭,203.0,15000,500,920M,3035,2026-05-21
凱基宜蘭,199.0,0,1000,920M,3035,2026-05-21
凱基基隆,208.0,0,1052,920H,3035,2026-05-21
凱基基隆,206.0,0,1000,920H,3035,2026-05-21
凱基基隆,204.0,1000,0,920H,3035,2026-05-21
凱基基隆,202.0,0,4500,920H,3035,2026-05-21
凱基湖口,196.0,1000,0,920N,3035,2026-05-21
國泰板橋,199.0,3600,20120,888K,3035,2026-05-21
凱基站前,196.5,1000,0,920F,3035,2026-05-21
國泰板橋,197.0,0,1000,888K,3035,2026-05-21
康和澎湖,199.5,0,1000,845E,3035,2026-05-21
康和澎湖,198.0,0,2000,845E,3035,2026-05-21
康和板橋,205.0,2000,1000,845D,3035,2026-05-21
康和板橋,202.5,1000,0,845D,3035,2026-05-21
康和板橋,201.5,0,50,845D,3035,2026-05-21
康和板橋,200.5,8000,11000,845D,3035,2026-05-21
康和板橋,199.0,0,3000,845D,3035,2026-05-21
康和永和,208.0,0,1100,845B,3035,2026-05-21
康和永和,205.0,0,1000,845B,3035,2026-05-21
康和永和,204.0,0,8000,845B,3035,2026-05-21
康和永和,202.5,0,50,845B,3035,2026-05-21
康和永和,200.5,5000,0,845B,3035,2026-05-21
康和永和,198.5,5000,0,845B,3035,2026-05-21
康和永和,197.5,1000,0,845B,3035,2026-05-21
康和內湖,208.0,3000,4000,845A,3035,2026-05-21
康和澎湖,201.5,1000,0,845E,3035,2026-05-21
康和仁愛,197.5,1000,0,845F,3035,2026-05-21
康和仁愛,201.0,0,2000,845F,3035,2026-05-21
康和仁愛,202.0,0,2000,845F,3035,2026-05-21
康和石牌,200.5,2000,1000,845R,3035,2026-05-21
康和石牌,199.0,1000,0,845R,3035,2026-05-21
康和石牌,198.0,0,1000,845R,3035,2026-05-21
康和石牌,196.0,0,1000,845R,3035,2026-05-21
康和高雄,208.0,1000,0,845J,3035,2026-05-21
康和高雄,206.0,0,3000,845J,3035,2026-05-21
康和高雄,202.5,20,4000,845J,3035,2026-05-21
康和內湖,205.5,0,1000,845A,3035,2026-05-21
康和高雄,201.5,0,4000,845J,3035,2026-05-21
康和高雄,199.5,24000,23000,845J,3035,2026-05-21
康和高雄,198.5,0,16000,845J,3035,2026-05-21
康和高雄,197.5,5000,1000,845J,3035,2026-05-21
康和高雄,196.0,1000,0,845J,3035,2026-05-21
康和仁愛,207.5,0,9000,845F,3035,2026-05-21
康和仁愛,204.5,0,1000,845F,3035,2026-05-21
康和仁愛,203.5,0,1000,845F,3035,2026-05-21
康和高雄,200.5,6000,1000,845J,3035,2026-05-21
康和內湖,204.5,1000,0,845A,3035,2026-05-21
康和內湖,203.5,60,0,845A,3035,2026-05-21
康和內湖,202.0,0,2000,845A,3035,2026-05-21
康和台中,200.0,1000,0,8455,3035,2026-05-21
康和台中,198.0,1000,0,8455,3035,2026-05-21
康和延平,207.5,1000,0,8451,3035,2026-05-21
康和延平,203.0,0,1000,8451,3035,2026-05-21
康和延平,200.5,0,1000,8451,3035,2026-05-21
康和延平,199.0,2000,0,8451,3035,2026-05-21
康和延平,197.0,0,1000,8451,3035,2026-05-21
康和台中,202.0,0,2000,8455,3035,2026-05-21
康和,201.5,0,2000,8450,3035,2026-05-21
康和,197.5,2000,0,8450,3035,2026-05-21
摩根大通,208.0,419000,5000,8440,3035,2026-05-21
摩根大通,205.0,5000,0,8440,3035,2026-05-21
摩根大通,204.0,122000,0,8440,3035,2026-05-21
摩根大通,203.0,60000,0,8440,3035,2026-05-21
摩根大通,202.0,252000,0,8440,3035,2026-05-21
摩根大通,201.0,96000,0,8440,3035,2026-05-21
康和,200.5,0,3000,8450,3035,2026-05-21
康和石牌,202.0,0,1000,845R,3035,2026-05-21
康和台中,207.5,0,1000,8455,3035,2026-05-21
康和台南,197.0,0,3000,8458,3035,2026-05-21
康和內湖,201.0,1000,3000,845A,3035,2026-05-21
康和內湖,200.0,2000,4000,845A,3035,2026-05-21
康和內湖,199.0,2000,0,845A,3035,2026-05-21
康和內湖,198.0,1000,0,845A,3035,2026-05-21
康和內湖,197.0,0,2000,845A,3035,2026-05-21
康和嘉義,207.5,8000,0,8459,3035,2026-05-21
康和嘉義,205.0,0,1000,8459,3035,2026-05-21
康和新竹,200.0,0,1000,8456,3035,2026-05-21
康和嘉義,203.5,1000,0,8459,3035,2026-05-21
康和嘉義,199.5,0,3000,8459,3035,2026-05-21
康和嘉義,197.5,1000,0,8459,3035,2026-05-21
康和台南,208.0,0,2000,8458,3035,2026-05-21
康和台南,203.5,1000,1000,8458,3035,2026-05-21
康和台南,202.0,1010,0,8458,3035,2026-05-21
康和台南,200.5,0,1000,8458,3035,2026-05-21
康和台南,199.0,0,100,8458,3035,2026-05-21
康和嘉義,202.0,0,1500,8459,3035,2026-05-21
摩根大通,200.0,6000,8000,8440,3035,2026-05-21
康和石牌,203.5,0,1000,845R,3035,2026-05-21
康和南崁,199.5,0,200,845S,3035,2026-05-21
新光新竹,199.0,2125,7100,8563,3035,2026-05-21
新光新竹,198.0,25,1000,8563,3035,2026-05-21
新光新竹,197.0,0,1000,8563,3035,2026-05-21
新光高雄,208.0,1000,7030,8562,3035,2026-05-21
新光高雄,205.0,0,2150,8562,3035,2026-05-21
新光高雄,204.0,0,4050,8562,3035,2026-05-21
新光高雄,203.0,2000,1030,8562,3035,2026-05-21
新光高雄,202.0,1000,5200,8562,3035,2026-05-21
新光高雄,201.0,5300,5100,8562,3035,2026-05-21
新光高雄,200.0,3000,3003,8562,3035,2026-05-21
新光高雄,199.0,4000,6000,8562,3035,2026-05-21
新光高雄,198.0,4000,1050,8562,3035,2026-05-21
新光高雄,197.0,1000,0,8562,3035,2026-05-21
新光高雄,196.0,0,4000,8562,3035,2026-05-21
新光台中,207.5,0,4050,8561,3035,2026-05-21
新光新竹,200.0,2000,5054,8563,3035,2026-05-21
新光新竹,201.0,2000,1080,8563,3035,2026-05-21
新光新竹,202.0,0,1056,8563,3035,2026-05-21
新光新竹,203.0,2000,9,8563,3035,2026-05-21
新光桃園,198.5,0,1000,8565,3035,2026-05-21
新光桃園,197.5,3000,50,8565,3035,2026-05-21
新光桃園,196.0,1000,0,8565,3035,2026-05-21
新光台南,207.5,0,5000,8564,3035,2026-05-21
新光台南,205.0,0,2000,8564,3035,2026-05-21
新光台南,204.0,500,100,8564,3035,2026-05-21
新光台南,202.5,0,1510,8564,3035,2026-05-21
新光台中,206.0,1000,2000,8561,3035,2026-05-21
新光台南,201.5,500,0,8564,3035,2026-05-21
新光台南,199.5,11010,1083,8564,3035,2026-05-21
新光台南,198.0,280,1010,8564,3035,2026-05-21
新光台南,197.0,1000,1000,8564,3035,2026-05-21
新光新竹,208.0,0,3127,8563,3035,2026-05-21
新光新竹,206.0,0,200,8563,3035,2026-05-21
新光新竹,205.0,0,3100,8563,3035,2026-05-21
新光新竹,204.0,0,6200,8563,3035,2026-05-21
新光台南,200.5,5000,1110,8564,3035,2026-05-21
新光台中,204.5,3000,2050,8561,3035,2026-05-21
新光台中,203.5,0,4000,8561,3035,2026-05-21
新光台中,202.5,1120,5100,8561,3035,2026-05-21
中農,201.5,0,1000,8520,3035,2026-05-21
中農,200.5,0,1000,8520,3035,2026-05-21
中農,196.5,1000,0,8520,3035,2026-05-21
京城嘉義,208.0,0,4100,8492,3035,2026-05-21
京城嘉義,202.0,0,2000,8492,3035,2026-05-21
京城嘉義,198.5,50,0,8492,3035,2026-05-21
京城,208.0,0,1030,8490,3035,2026-05-21
中農,205.0,0,1000,8520,3035,2026-05-21
京城,203.0,0,6000,8490,3035,2026-05-21
京城,200.0,1000,4000,8490,3035,2026-05-21
康和屏東,200.5,0,2000,845X,3035,2026-05-21
康和屏東,198.5,1000,0,845X,3035,2026-05-21
康和台北,204.0,0,1000,845U,3035,2026-05-21
康和台北,201.0,1000,1000,845U,3035,2026-05-21
康和台北,199.5,0,1000,845U,3035,2026-05-21
康和南崁,208.0,0,100,845S,3035,2026-05-21
京城,201.5,0,3000,8490,3035,2026-05-21
康和石牌,208.0,0,1000,845R,3035,2026-05-21
中農,208.0,0,3000,8520,3035,2026-05-21
新光,196.5,6000,2000,8560,3035,2026-05-21
新光台中,201.5,3000,4010,8561,3035,2026-05-21
新光台中,200.5,2800,3018,8561,3035,2026-05-21
新光台中,199.5,5025,9099,8561,3035,2026-05-21
新光台中,198.5,3105,3500,8561,3035,2026-05-21
新光台中,197.5,4050,1000,8561,3035,2026-05-21
新光台中,196.0,0,4000,8561,3035,2026-05-21
新光,207.5,4000,7000,8560,3035,2026-05-21
新光,195.5,0,4000,8560,3035,2026-05-21
新光,205.5,0,1000,8560,3035,2026-05-21
新光,203.5,5000,44200,8560,3035,2026-05-21
新光,202.5,2000,4027,8560,3035,2026-05-21
新光,201.5,8055,31445,8560,3035,2026-05-21
新光,200.5,17000,7430,8560,3035,2026-05-21
新光,199.5,22190,11040,8560,3035,2026-05-21
新光,198.5,3120,3050,8560,3035,2026-05-21
新光,197.5,5150,1000,8560,3035,2026-05-21
新光,204.5,10,12535,8560,3035,2026-05-21
新光桃園,199.5,2000,1050,8565,3035,2026-05-21
摩根大通,199.0,5000,6000,8440,3035,2026-05-21
摩根大通,196.5,3000,4000,8440,3035,2026-05-21
國票台南,203.0,2000,0,779D,3035,2026-05-21
國票台南,201.0,4000,3000,779D,3035,2026-05-21
國票台南,200.0,100,0,779D,3035,2026-05-21
國票台南,198.0,0,1000,779D,3035,2026-05-21
國票敦北,207.0,0,1000,779c,3035,2026-05-21
國票敦北,205.0,1000,0,779c,3035,2026-05-21
國票敦北,203.0,0,1,779c,3035,2026-05-21
國票敦北,200.5,2000,0,779c,3035,2026-05-21
國票敦北,199.0,1000,0,779c,3035,2026-05-21
國票內壢,208.0,10000,3000,7798,3035,2026-05-21
國票內壢,207.0,0,100,7798,3035,2026-05-21
國票內壢,204.5,0,1000,7798,3035,2026-05-21
國票內壢,202.5,0,5000,7798,3035,2026-05-21
國票內壢,201.5,0,2000,7798,3035,2026-05-21
國票內壢,200.5,4000,6000,7798,3035,2026-05-21
國票台南,204.0,1000,0,779D,3035,2026-05-21
國票南科,197.5,50,0,779e,3035,2026-05-21
國票南科,199.5,4000,0,779e,3035,2026-05-21
國票南科,200.5,2000,0,779e,3035,2026-05-21
國票嘉義,205.0,0,1000,779H,3035,2026-05-21
國票嘉義,200.0,0,2000,779H,3035,2026-05-21
國票嘉義,199.0,0,1000,779H,3035,2026-05-21
國票新莊,207.5,0,42,779G,3035,2026-05-21
國票新莊,204.0,0,1000,779G,3035,2026-05-21
國票新莊,202.0,0,1000,779G,3035,2026-05-21
國票新莊,200.0,0,300,779G,3035,2026-05-21
國票內壢,199.5,1000,1000,7798,3035,2026-05-21
國票南崁,204.0,0,3000,779E,3035,2026-05-21
國票南崁,199.5,0,1000,779E,3035,2026-05-21
國票南崁,197.5,150,0,779E,3035,2026-05-21
國票南崁,196.0,0,10000,779E,3035,2026-05-21
國票南科,208.0,0,2000,779e,3035,2026-05-21
國票南科,205.0,0,4500,779e,3035,2026-05-21
國票南科,203.0,0,4000,779e,3035,2026-05-21
國票南科,202.0,2000,2000,779e,3035,2026-05-21
國票南崁,201.5,2000,10000,779E,3035,2026-05-21
國票內壢,198.5,0,5000,7798,3035,2026-05-21
國票內壢,196.0,2000,5000,7798,3035,2026-05-21
國票中正,204.0,20,0,7797,3035,2026-05-21
國票綜合,199.5,2136,1102,7790,3035,2026-05-21
國票綜合,198.5,3473,577,7790,3035,2026-05-21
國票綜合,197.5,0,2000,7790,3035,2026-05-21
國票綜合,196.0,10000,2000,7790,3035,2026-05-21
北城,208.0,0,1000,7750,3035,2026-05-21
北城,206.0,0,200,7750,3035,2026-05-21
北城,203.5,0,1000,7750,3035,2026-05-21
國票綜合,200.5,5230,0,7790,3035,2026-05-21
北城,202.0,1000,2000,7750,3035,2026-05-21
北城,198.0,0,5000,7750,3035,2026-05-21
北城,196.0,1000,0,7750,3035,2026-05-21
致和崇德,207.5,0,1000,703B,3035,2026-05-21
致和崇德,206.5,0,3000,703B,3035,2026-05-21
國泰板橋,198.0,3591,45000,888K,3035,2026-05-21
致和崇德,203.5,11000,1000,703B,3035,2026-05-21
致和崇德,201.5,2000,0,703B,3035,2026-05-21
北城,200.5,1039,0,7750,3035,2026-05-21
國票和平,198.0,100,1000,779j,3035,2026-05-21
國票綜合,201.5,606,0,7790,3035,2026-05-21
國票綜合,203.5,100,3000,7790,3035,2026-05-21
國票中正,200.0,0,1000,7797,3035,2026-05-21
國票中正,197.5,1000,0,7797,3035,2026-05-21
國票南港,208.0,0,2000,7795,3035,2026-05-21
國票南港,201.5,1000,0,7795,3035,2026-05-21
國票南港,200.0,0,1000,7795,3035,2026-05-21
國票南港,197.5,5,0,7795,3035,2026-05-21
國票北投,208.0,0,2,7792,3035,2026-05-21
國票綜合,202.5,2193,4000,7790,3035,2026-05-21
國票北投,203.0,0,1000,7792,3035,2026-05-21
國票北投,200.0,0,100,7792,3035,2026-05-21
國票北投,199.0,0,1000,7792,3035,2026-05-21
國票台東,208.0,1000,0,7791,3035,2026-05-21
國票台東,201.0,100,2000,7791,3035,2026-05-21
國票台東,199.0,80,0,7791,3035,2026-05-21
國票綜合,206.0,5000,0,7790,3035,2026-05-21
國票綜合,204.5,1019,10010,7790,3035,2026-05-21
國票北投,202.0,0,1000,7792,3035,2026-05-21
摩根大通,198.0,0,1000,8440,3035,2026-05-21
國票和平,201.5,0,100,779j,3035,2026-05-21
國票和平,205.0,0,1000,779j,3035,2026-05-21
國票博愛,201.0,0,1000,779z,3035,2026-05-21
國票博愛,199.5,2000,7000,779z,3035,2026-05-21
國票博愛,198.5,1000,0,779z,3035,2026-05-21
國票博愛,197.5,0,2000,779z,3035,2026-05-21
國票中和,205.0,0,1000,779X,3035,2026-05-21
國票中和,201.0,0,1000,779X,3035,2026-05-21
國票中和,198.0,0,1000,779X,3035,2026-05-21
國票中和,196.0,3000,0,779X,3035,2026-05-21
國票彰化,207.5,5000,0,779W,3035,2026-05-21
國票彰化,204.0,0,1000,779W,3035,2026-05-21
國票彰化,202.0,0,1000,779W,3035,2026-05-21
國票彰化,199.0,0,500,779W,3035,2026-05-21
國票天祥,208.0,0,5001,779V,3035,2026-05-21
國票天祥,204.5,0,2000,779V,3035,2026-05-21
國票天祥,203.0,0,3000,779V,3035,2026-05-21
國票博愛,202.0,0,8000,779z,3035,2026-05-21
國票博愛,203.5,0,1000,779z,3035,2026-05-21
國票博愛,205.0,0,1000,779z,3035,2026-05-21
國票安和,197.0,1000,0,779Z,3035,2026-05-21
摩根大通,195.5,5000,0,8440,3035,2026-05-21
安泰大發,205.0,0,21000,8381,3035,2026-05-21
安泰大發,201.0,0,10000,8381,3035,2026-05-21
安泰大發,198.5,1000,0,8381,3035,2026-05-21
安泰,208.0,1000,0,8380,3035,2026-05-21
安泰,205.0,0,8000,8380,3035,2026-05-21
安泰,202.5,0,2000,8380,3035,2026-05-21
國票天祥,201.0,0,502,779V,3035,2026-05-21
安泰,201.5,4100,1000,8380,3035,2026-05-21
安泰,199.0,1000,0,8380,3035,2026-05-21
國票安和,205.0,0,1000,779Z,3035,2026-05-21
國票安和,204.0,0,3000,779Z,3035,2026-05-21
國票安和,202.5,1000,1000,779Z,3035,2026-05-21
國票安和,201.5,0,1000,779Z,3035,2026-05-21
國票安和,200.5,0,2000,779Z,3035,2026-05-21
國票安和,199.0,0,1000,779Z,3035,2026-05-21
安泰,200.0,8000,1000,8380,3035,2026-05-21
國票天祥,200.0,4000,1000,779V,3035,2026-05-21
國票天祥,199.0,1000,2,779V,3035,2026-05-21
國票天祥,198.0,4000,0,779V,3035,2026-05-21
國票九鼎,201.5,2000,0,779P,3035,2026-05-21
國票九鼎,200.5,0,3000,779P,3035,2026-05-21
國票九鼎,199.5,0,1000,779P,3035,2026-05-21
國票九鼎,195.5,6000,0,779P,3035,2026-05-21
國票南京,207.5,0,1000,779n,3035,2026-05-21
國票中港,208.0,5,0,779m,3035,2026-05-21
國票中港,207.0,0,1000,779m,3035,2026-05-21
國票九鼎,203.0,1000,0,779P,3035,2026-05-21
國票中港,203.5,0,1000,779m,3035,2026-05-21
國票北高,208.0,0,4000,779J,3035,2026-05-21
國票北高,207.0,0,1000,779J,3035,2026-05-21
國票北高,205.0,0,1000,779J,3035,2026-05-21
國票北高,202.0,1000,0,779J,3035,2026-05-21
國票北高,201.0,0,2000,779J,3035,2026-05-21
國票北高,198.5,1000,0,779J,3035,2026-05-21
國票北高,196.0,0,1000,779J,3035,2026-05-21
國票中港,199.5,1000,100,779m,3035,2026-05-21
國票和平,203.5,0,2000,779j,3035,2026-05-21
國票九鼎,204.0,0,1000,779P,3035,2026-05-21
國票桃園,199.0,0,10000,779r,3035,2026-05-21
國票台中,207.5,2000,0,779v,3035,2026-05-21
國票台中,204.5,0,1000,779v,3035,2026-05-21
國票台中,203.5,1000,0,779v,3035,2026-05-21
國票台中,202.5,0,1000,779v,3035,2026-05-21
國票台中,201.5,2000,0,779v,3035,2026-05-21
國票台中,200.5,1000,4000,779v,3035,2026-05-21
國票台中,199.5,1000,11000,779v,3035,2026-05-21
國票九鼎,206.0,0,2000,779P,3035,2026-05-21
國票台中,198.5,4000,0,779v,3035,2026-05-21
國票台中,196.0,0,1000,779v,3035,2026-05-21
國票長城,207.5,0,1000,779u,3035,2026-05-21
國票長城,202.5,0,1000,779u,3035,2026-05-21
國票長城,200.5,0,20000,779u,3035,2026-05-21
國票長城,199.5,0,21000,779u,3035,2026-05-21
國票長城,196.5,0,38000,779u,3035,2026-05-21
國票桃園,208.0,1000,450,779r,3035,2026-05-21
國票台中,197.5,0,2000,779v,3035,2026-05-21
新光桃園,200.5,5,2010,8565,3035,2026-05-21
國票天祥,202.0,0,3000,779V,3035,2026-05-21
新光桃園,203.0,0,10,8565,3035,2026-05-21
國泰高雄,198.5,2000,0,8881,3035,2026-05-21
國泰高雄,197.5,1000,1000,8881,3035,2026-05-21
國泰高雄,196.5,1000,2000,8881,3035,2026-05-21
國泰高雄,195.5,0,5000,8881,3035,2026-05-21
國泰綜合,206.0,6000,0,8880,3035,2026-05-21
國泰綜合,204.5,6004,1000,8880,3035,2026-05-21
國泰綜合,203.5,12000,0,8880,3035,2026-05-21
國泰綜合,202.5,3000,0,8880,3035,2026-05-21
國泰綜合,201.5,1000,6000,8880,3035,2026-05-21
國泰綜合,200.5,4000,0,8880,3035,2026-05-21
國泰綜合,199.5,5000,0,8880,3035,2026-05-21
國泰綜合,198.5,0,1000,8880,3035,2026-05-21
國泰綜合,197.5,1000,0,8880,3035,2026-05-21
國泰綜合,196.5,4000,0,8880,3035,2026-05-21
國泰綜合,195.5,2000,0,8880,3035,2026-05-21
國泰高雄,199.5,1580,2580,8881,3035,2026-05-21
國泰高雄,200.5,1000,4700,8881,3035,2026-05-21
國泰高雄,201.5,1020,4100,8881,3035,2026-05-21
國泰高雄,202.5,0,2000,8881,3035,2026-05-21
國泰台中,206.5,1000,0,8882,3035,2026-05-21
國泰台中,205.5,0,1000,8882,3035,2026-05-21
國泰台中,204.5,0,100,8882,3035,2026-05-21
國泰台中,203.5,11100,1548,8882,3035,2026-05-21
國泰台中,202.5,1050,3100,8882,3035,2026-05-21
國泰台中,201.5,13111,4199,8882,3035,2026-05-21
國泰台中,200.5,4036,5456,8882,3035,2026-05-21
玉山數位,207.5,1100,0,884M,3035,2026-05-21
國泰台中,199.5,6330,19340,8882,3035,2026-05-21
國泰台中,197.5,8000,2000,8882,3035,2026-05-21
國泰台中,196.5,1000,6000,8882,3035,2026-05-21
國泰台中,195.5,21000,0,8882,3035,2026-05-21
國泰高雄,207.5,1000,200,8881,3035,2026-05-21
國泰高雄,206.0,0,3000,8881,3035,2026-05-21
國泰高雄,204.5,0,1050,8881,3035,2026-05-21
國泰高雄,203.5,0,4010,8881,3035,2026-05-21
國泰台中,198.5,2030,0,8882,3035,2026-05-21
玉山數位,205.5,0,300,884M,3035,2026-05-21
玉山數位,204.5,0,148,884M,3035,2026-05-21
玉山數位,203.5,1000,20,884M,3035,2026-05-21
玉山新竹,198.0,0,525,884H,3035,2026-05-21
玉山新竹,197.0,0,1000,884H,3035,2026-05-21
玉山桃園,207.5,0,1000,884F,3035,2026-05-21
玉山桃園,205.0,100,1000,884F,3035,2026-05-21
玉山桃園,204.0,1005,1000,884F,3035,2026-05-21
玉山桃園,203.0,3200,0,884F,3035,2026-05-21
玉山桃園,202.0,1000,0,884F,3035,2026-05-21
玉山新竹,199.5,0,2000,884H,3035,2026-05-21
玉山桃園,201.0,1100,3500,884F,3035,2026-05-21
玉山桃園,198.0,1000,0,884F,3035,2026-05-21
玉山桃園,196.5,0,1000,884F,3035,2026-05-21
玉山城中,208.0,0,15053,884E,3035,2026-05-21
玉山城中,205.0,0,4000,884E,3035,2026-05-21
玉山城中,204.0,0,500,884E,3035,2026-05-21
玉山城中,202.5,1000,2000,884E,3035,2026-05-21
玉山城中,201.5,0,2000,884E,3035,2026-05-21
玉山桃園,199.5,1000,12000,884F,3035,2026-05-21
國泰台中,207.5,1193,1100,8882,3035,2026-05-21
玉山新竹,201.0,1000,22000,884H,3035,2026-05-21
玉山新竹,203.5,0,6000,884H,3035,2026-05-21
玉山數位,202.0,0,6260,884M,3035,2026-05-21
玉山數位,201.0,20,4300,884M,3035,2026-05-21
玉山數位,200.0,1000,2100,884M,3035,2026-05-21
玉山數位,198.5,1000,0,884M,3035,2026-05-21
玉山大里,208.0,0,3025,884J,3035,2026-05-21
玉山大里,205.5,0,1000,884J,3035,2026-05-21
玉山大里,204.5,1000,6,884J,3035,2026-05-21
玉山新竹,202.5,2000,3300,884H,3035,2026-05-21
玉山大里,203.5,2000,0,884J,3035,2026-05-21
玉山大里,201.5,0,1000,884J,3035,2026-05-21
玉山大里,200.5,20,3016,884J,3035,2026-05-21
玉山大里,199.5,1000,2020,884J,3035,2026-05-21
玉山大里,198.0,5,1000,884J,3035,2026-05-21
玉山大里,197.0,1000,0,884J,3035,2026-05-21
玉山大里,196.0,0,1000,884J,3035,2026-05-21
玉山新竹,207.5,1000,1005,884H,3035,2026-05-21
玉山大里,202.5,0,1012,884J,3035,2026-05-21
玉山城中,200.5,0,1000,884E,3035,2026-05-21
國泰松江,196.0,0,1000,8883,3035,2026-05-21
國泰松江,199.5,2010,1000,8883,3035,2026-05-21
國泰敦南,202.5,11072,14276,8888,3035,2026-05-21
國泰敦南,201.5,37806,38091,8888,3035,2026-05-21
國泰敦南,200.5,38066,26557,8888,3035,2026-05-21
國泰敦南,199.5,37210,61467,8888,3035,2026-05-21
國泰敦南,198.5,15362,14400,8888,3035,2026-05-21
國泰敦南,197.5,11130,11287,8888,3035,2026-05-21
國泰敦南,196.5,12000,6000,8888,3035,2026-05-21
國泰敦南,195.5,3000,9000,8888,3035,2026-05-21
國泰忠孝,207.5,0,3030,8887,3035,2026-05-21
國泰忠孝,204.5,40,24,8887,3035,2026-05-21
國泰忠孝,203.0,1000,1000,8887,3035,2026-05-21
國泰忠孝,202.0,2,3000,8887,3035,2026-05-21
國泰忠孝,201.0,21000,4130,8887,3035,2026-05-21
國泰忠孝,200.0,2,0,8887,3035,2026-05-21
國泰忠孝,199.0,12000,66000,8887,3035,2026-05-21
國泰敦南,203.5,20304,34807,8888,3035,2026-05-21
國泰敦南,204.5,8723,12552,8888,3035,2026-05-21
國泰敦南,205.5,0,8305,8888,3035,2026-05-21
國泰敦南,206.5,0,1300,8888,3035,2026-05-21
國泰館前,207.5,2005,2000,888A,3035,2026-05-21
國泰館前,206.5,1000,0,888A,3035,2026-05-21
國泰板橋,196.0,4000,2000,888K,3035,2026-05-21
新光桃園,201.5,2000,100,8565,3035,2026-05-21
國泰館前,205.5,0,100,888A,3035,2026-05-21
國泰館前,204.5,0,1000,888A,3035,2026-05-21
國泰館前,203.5,1000,3000,888A,3035,2026-05-21
國泰忠孝,198.0,1101,2000,8887,3035,2026-05-21
國泰館前,202.5,0,3000,888A,3035,2026-05-21
國泰館前,200.5,2000,1130,888A,3035,2026-05-21
國泰館前,199.5,3650,9150,888A,3035,2026-05-21
國泰館前,198.5,3000,250,888A,3035,2026-05-21
國泰館前,197.5,1000,1000,888A,3035,2026-05-21
國泰館前,196.5,0,4000,888A,3035,2026-05-21
國泰館前,195.5,3000,0,888A,3035,2026-05-21
國泰敦南,207.5,10313,11280,8888,3035,2026-05-21
國泰館前,201.5,1000,4600,888A,3035,2026-05-21
國泰忠孝,197.0,1000,1000,8887,3035,2026-05-21
國泰忠孝,196.0,2000,0,8887,3035,2026-05-21
國泰新莊,206.0,0,200,8886,3035,2026-05-21
國泰台南,208.0,24,7280,8884,3035,2026-05-21
國泰台南,205.5,0,2000,8884,3035,2026-05-21
國泰台南,204.5,0,87,8884,3035,2026-05-21
國泰台南,202.5,1000,12000,8884,3035,2026-05-21
國泰台南,201.5,3000,130,8884,3035,2026-05-21
國泰台南,200.5,4050,20650,8884,3035,2026-05-21
國泰台南,199.5,1210,3390,8884,3035,2026-05-21
國泰桃園,196.5,0,1000,8885,3035,2026-05-21
國泰台南,198.5,2000,1025,8884,3035,2026-05-21
國泰台南,195.5,1000,0,8884,3035,2026-05-21
國泰松江,207.5,1030,0,8883,3035,2026-05-21
國泰松江,204.5,1500,2000,8883,3035,2026-05-21
國泰松江,203.5,200,15030,8883,3035,2026-05-21
國泰松江,202.5,0,5000,8883,3035,2026-05-21
國泰松江,201.5,0,150,8883,3035,2026-05-21
國泰松江,200.5,0,2100,8883,3035,2026-05-21
國泰台南,197.5,2000,0,8884,3035,2026-05-21
國泰松江,198.5,2000,1000,8883,3035,2026-05-21
國泰桃園,197.5,1000,1000,8885,3035,2026-05-21
國泰桃園,199.5,2015,20000,8885,3035,2026-05-21
國泰新莊,204.5,100,0,8886,3035,2026-05-21
國泰新莊,203.5,0,3000,8886,3035,2026-05-21
國泰新莊,202.5,1000,3000,8886,3035,2026-05-21
國泰新莊,201.5,110,4000,8886,3035,2026-05-21
國泰新莊,200.5,0,1000,8886,3035,2026-05-21
國泰新莊,199.5,4050,0,8886,3035,2026-05-21
國泰新莊,198.5,0,1010,8886,3035,2026-05-21
國泰桃園,198.5,2000,4020,8885,3035,2026-05-21
國泰新莊,197.5,0,1000,8886,3035,2026-05-21
國泰桃園,207.5,4000,0,8885,3035,2026-05-21
國泰桃園,205.5,0,4000,8885,3035,2026-05-21
國泰桃園,204.5,1200,1100,8885,3035,2026-05-21
國泰桃園,203.5,9000,220,8885,3035,2026-05-21
國泰桃園,202.5,2000,4000,8885,3035,2026-05-21
國泰桃園,201.5,1000,6155,8885,3035,2026-05-21
國泰桃園,200.5,1000,100,8885,3035,2026-05-21
國泰新莊,196.0,0,1000,8886,3035,2026-05-21
玉山城中,199.5,9000,0,884E,3035,2026-05-21
國泰台南,203.5,1000,1000,8884,3035,2026-05-21
玉山城中,196.5,0,1000,884E,3035,2026-05-21
玉山,204.0,1000,6000,8840,3035,2026-05-21
玉山,203.0,20000,9000,8840,3035,2026-05-21
玉山,202.0,0,4140,8840,3035,2026-05-21
玉山,201.0,21000,1000,8840,3035,2026-05-21
玉山,200.0,2000,13411,8840,3035,2026-05-21
玉山,199.0,11020,0,8840,3035,2026-05-21
玉山,198.0,1000,5220,8840,3035,2026-05-21
玉山,197.0,0,2000,8840,3035,2026-05-21
玉山,196.0,0,1000,8840,3035,2026-05-21
陽信台中,200.0,0,1000,8715,3035,2026-05-21
陽信台中,198.0,0,20000,8715,3035,2026-05-21
陽信高雄,207.5,0,10000,8713,3035,2026-05-21
陽信高雄,203.0,5000,1000,8713,3035,2026-05-21
陽信高雄,199.0,1000,0,8713,3035,2026-05-21
陽信石牌,208.0,1000,1000,8711,3035,2026-05-21
玉山,205.0,500,3000,8840,3035,2026-05-21
玉山,206.5,0,1000,8840,3035,2026-05-21
玉山,208.0,7000,32825,8840,3035,2026-05-21
玉山雙和,196.5,5000,0,8841,3035,2026-05-21
玉山新莊,206.0,0,1000,8842,3035,2026-05-21
玉山新莊,205.0,0,1100,8842,3035,2026-05-21
玉山新莊,204.0,300,1200,8842,3035,2026-05-21
玉山新莊,203.0,0,500,8842,3035,2026-05-21
玉山新莊,201.5,48,5200,8842,3035,2026-05-21
玉山新莊,200.5,200,1032,8842,3035,2026-05-21
玉山新莊,199.5,1000,4000,8842,3035,2026-05-21
陽信石牌,202.5,0,1000,8711,3035,2026-05-21
玉山新莊,198.0,1000,1000,8842,3035,2026-05-21
玉山雙和,207.0,0,1000,8841,3035,2026-05-21
玉山雙和,204.0,0,1000,8841,3035,2026-05-21
玉山雙和,203.0,0,1000,8841,3035,2026-05-21
玉山雙和,202.0,9000,2000,8841,3035,2026-05-21
玉山雙和,201.0,15000,3100,8841,3035,2026-05-21
玉山雙和,200.0,0,2055,8841,3035,2026-05-21
玉山雙和,199.0,3000,3015,8841,3035,2026-05-21
玉山新莊,196.0,2000,0,8842,3035,2026-05-21
陽信石牌,199.5,0,6000,8711,3035,2026-05-21
陽信,208.0,0,10000,8710,3035,2026-05-21
陽信,204.5,0,62000,8710,3035,2026-05-21
聯邦忠孝,202.5,0,2690,8583,3035,2026-05-21
聯邦忠孝,199.0,1000,0,8583,3035,2026-05-21
聯邦嘉義,208.0,0,200,8582,3035,2026-05-21
聯邦嘉義,201.0,5000,0,8582,3035,2026-05-21
聯邦高雄,207.5,0,4000,8581,3035,2026-05-21
聯邦高雄,203.5,0,1000,8581,3035,2026-05-21
聯邦高雄,200.5,1000,0,8581,3035,2026-05-21
聯邦忠孝,205.0,0,238,8583,3035,2026-05-21
聯邦,208.0,0,148,8580,3035,2026-05-21
聯邦,202.0,0,5000,8580,3035,2026-05-21
聯邦,200.0,1000,6000,8580,3035,2026-05-21
玉山城中,198.5,1000,0,884E,3035,2026-05-21
新光桃園,204.0,5,1200,8565,3035,2026-05-21
聯邦,199.0,1300,0,8580,3035,2026-05-21
新光桃園,208.0,0,1005,8565,3035,2026-05-21
新光桃園,205.0,0,1000,8565,3035,2026-05-21
聯邦,204.0,0,5,8580,3035,2026-05-21
玉山新莊,208.0,64,2121,8842,3035,2026-05-21
聯邦雙和,198.5,0,1000,8584,3035,2026-05-21
聯邦三重,199.5,2010,0,8585,3035,2026-05-21
陽信,203.0,0,18000,8710,3035,2026-05-21
陽信,200.0,0,1100,8710,3035,2026-05-21
陽信,198.0,100,0,8710,3035,2026-05-21
聯邦台南,196.5,0,1000,8588,3035,2026-05-21
聯邦興中,205.0,0,700,8587,3035,2026-05-21
聯邦興中,203.0,3,1000,8587,3035,2026-05-21
聯邦興中,200.5,0,110,8587,3035,2026-05-21
聯邦雙和,204.0,0,300,8584,3035,2026-05-21
聯邦興中,199.5,1000,0,8587,3035,2026-05-21
聯邦大業,204.0,2000,1000,8586,3035,2026-05-21
聯邦大業,203.0,0,30,8586,3035,2026-05-21
聯邦大業,201.0,1000,0,8586,3035,2026-05-21
聯邦大業,200.0,3000,0,8586,3035,2026-05-21
聯邦大業,198.0,1000,2000,8586,3035,2026-05-21
聯邦三重,205.0,0,1000,8585,3035,2026-05-21
聯邦三重,204.0,0,1000,8585,3035,2026-05-21
聯邦大業,207.5,2000,1000,8586,3035,2026-05-21
玉山高雄,196.5,0,4000,8843,3035,2026-05-21
聯邦台南,201.5,1000,0,8588,3035,2026-05-21
玉山高雄,199.5,2250,2030,8843,3035,2026-05-21
玉山台中,199.5,1000,6252,884B,3035,2026-05-21
玉山台中,198.5,0,3000,884B,3035,2026-05-21
玉山台中,196.5,1000,0,884B,3035,2026-05-21
玉山士林,208.0,0,7020,884A,3035,2026-05-21
玉山士林,207.0,0,3000,884A,3035,2026-05-21
玉山士林,205.0,0,5000,884A,3035,2026-05-21
玉山士林,204.0,1000,1000,884A,3035,2026-05-21
玉山台中,200.5,3000,3010,884B,3035,2026-05-21
玉山士林,202.5,10000,1035,884A,3035,2026-05-21
玉山士林,200.0,0,5010,884A,3035,2026-05-21
玉山士林,199.0,21000,10,884A,3035,2026-05-21
玉山士林,198.0,10000,0,884A,3035,2026-05-21
玉山士林,195.5,11000,0,884A,3035,2026-05-21
玉山景美,207.5,0,2,8849,3035,2026-05-21
玉山景美,204.0,0,2001,8849,3035,2026-05-21
玉山景美,201.5,0,50,8849,3035,2026-05-21
玉山士林,201.0,0,1000,884A,3035,2026-05-21
玉山景美,200.5,0,1000,8849,3035,2026-05-21
玉山台中,203.0,2000,1000,884B,3035,2026-05-21
玉山台中,206.0,0,200,884B,3035,2026-05-21
玉山左營,204.5,0,3500,884D,3035,2026-05-21
玉山左營,203.5,2000,0,884D,3035,2026-05-21
玉山左營,202.5,0,1000,884D,3035,2026-05-21
玉山左營,208.0,10,2501,884D,3035,2026-05-21
玉山高雄,198.5,0,350,8843,3035,2026-05-21
玉山左營,201.5,0,8000,884D,3035,2026-05-21
玉山左營,200.5,1000,2200,884D,3035,2026-05-21
玉山台中,204.0,1000,8000,884B,3035,2026-05-21
玉山左營,199.5,1000,0,884D,3035,2026-05-21
玉山左營,197.5,2000,0,884D,3035,2026-05-21
玉山信義,208.0,0,2000,884C,3035,2026-05-21
玉山信義,204.0,1000,1000,884C,3035,2026-05-21
玉山信義,202.0,0,4130,884C,3035,2026-05-21
玉山信義,199.5,1000,1050,884C,3035,2026-05-21
玉山信義,198.0,1000,0,884C,3035,2026-05-21
玉山台中,207.5,0,12,884B,3035,2026-05-21
玉山左營,198.5,1004,15,884D,3035,2026-05-21
玉山景美,199.5,0,1000,8849,3035,2026-05-21
玉山台中,201.5,1000,1000,884B,3035,2026-05-21
玉山嘉義,208.0,0,20,8848,3035,2026-05-21
玉山板橋,206.0,0,1000,8846,3035,2026-05-21
玉山板橋,205.0,0,2000,8846,3035,2026-05-21
玉山板橋,204.0,0,1000,8846,3035,2026-05-21
玉山板橋,202.5,0,200,8846,3035,2026-05-21
玉山板橋,201.5,0,1000,8846,3035,2026-05-21
玉山高雄,201.5,0,1000,8843,3035,2026-05-21
玉山板橋,199.5,0,2000,8846,3035,2026-05-21
玉山台南,195.5,0,2000,8847,3035,2026-05-21
玉山板橋,198.0,100,0,8846,3035,2026-05-21
玉山高雄,207.5,0,4000,8843,3035,2026-05-21
玉山高雄,206.0,0,100,8843,3035,2026-05-21
玉山高雄,204.5,0,1000,8843,3035,2026-05-21
玉山景美,197.5,3000,0,8849,3035,2026-05-21
玉山高雄,203.5,0,3000,8843,3035,2026-05-21
玉山高雄,200.5,7000,6000,8843,3035,2026-05-21
玉山高雄,202.5,1300,0,8843,3035,2026-05-21
玉山板橋,196.0,10000,2000,8846,3035,2026-05-21
玉山台南,198.0,1000,2000,8847,3035,2026-05-21
玉山板橋,200.5,1009,1200,8846,3035,2026-05-21
玉山嘉義,200.5,1100,2000,8848,3035,2026-05-21
玉山嘉義,202.5,1000,1010,8848,3035,2026-05-21
玉山台南,199.0,1000,6005,8847,3035,2026-05-21
玉山嘉義,205.0,0,500,8848,3035,2026-05-21
玉山嘉義,201.5,0,2020,8848,3035,2026-05-21
玉山嘉義,199.5,2120,0,8848,3035,2026-05-21
玉山嘉義,198.5,0,1000,8848,3035,2026-05-21
玉山嘉義,196.5,2000,0,8848,3035,2026-05-21
玉山嘉義,203.5,2000,1000,8848,3035,2026-05-21
玉山台南,205.0,0,4200,8847,3035,2026-05-21
玉山台南,204.0,1800,20000,8847,3035,2026-05-21
玉山台南,203.0,1000,0,8847,3035,2026-05-21
玉山台南,202.0,1000,9500,8847,3035,2026-05-21
玉山台南,201.0,2005,1000,8847,3035,2026-05-21
玉山台南,200.0,1001,1420,8847,3035,2026-05-21
玉山台南,207.5,1041,0,8847,3035,2026-05-21
