securities_trader,price,buy,sell,securities_trader_id,stock_id,date
第一安和,1890.0,0,114,538j,2330,2026-03-10
第一嘉義,1840.0,200,1,538M,2330,2026-03-10
第一安和,1880.0,783,5401,538j,2330,2026-03-10
第一安和,1870.0,414,20,538j,2330,2026-03-10
第一安和,1860.0,157,0,538j,2330,2026-03-10
第一路竹,1850.0,7375,2000,538P,2330,2026-03-10
第一路竹,1880.0,2207,11094,538P,2330,2026-03-10
第一路竹,1870.0,1114,1145,538P,2330,2026-03-10
第一安和,1840.0,1034,108,538j,2330,2026-03-10
第一安和,1830.0,10,0,538j,2330,2026-03-10
第一頭份,1885.0,4483,1030,538I,2330,2026-03-10
第一安和,1850.0,1241,1003,538j,2330,2026-03-10
第一嘉義,1850.0,74,0,538M,2330,2026-03-10
第一豐原,1870.0,3496,1000,538N,2330,2026-03-10
第一嘉義,1870.0,87,0,538M,2330,2026-03-10
第一嘉義,1880.0,20994,121,538M,2330,2026-03-10
第一嘉義,1890.0,0,10,538M,2330,2026-03-10
第一豐原,1840.0,127,0,538N,2330,2026-03-10
第一豐原,1850.0,10398,3050,538N,2330,2026-03-10
第一豐原,1860.0,5568,76,538N,2330,2026-03-10
第一豐原,1880.0,2619,420,538N,2330,2026-03-10
第一豐原,1890.0,25,0,538N,2330,2026-03-10
第一路竹,1860.0,1406,705,538P,2330,2026-03-10
第一頭份,1875.0,2135,3222,538I,2330,2026-03-10
第一路竹,1840.0,1116,190,538P,2330,2026-03-10
第一嘉義,1860.0,1127,1000,538M,2330,2026-03-10
第一頭份,1865.0,25,10,538I,2330,2026-03-10
第一光復,1890.0,0,100,538C,2330,2026-03-10
第一頭份,1845.0,3054,0,538I,2330,2026-03-10
第一光復,1830.0,1000,0,538C,2330,2026-03-10
第一光復,1840.0,1227,0,538C,2330,2026-03-10
第一光復,1850.0,3471,1000,538C,2330,2026-03-10
第一路竹,1890.0,1,1154,538P,2330,2026-03-10
第一光復,1860.0,1453,27,538C,2330,2026-03-10
第一新竹,1880.0,3310,2676,538B,2330,2026-03-10
第一光復,1870.0,1048,2000,538C,2330,2026-03-10
第一光復,1880.0,5467,4032,538C,2330,2026-03-10
第一忠孝,1840.0,1590,1000,538D,2330,2026-03-10
第一忠孝,1850.0,1080,1050,538D,2330,2026-03-10
第一忠孝,1860.0,1782,124,538D,2330,2026-03-10
第一忠孝,1870.0,8145,1000,538D,2330,2026-03-10
第一頭份,1855.0,230,200,538I,2330,2026-03-10
第一忠孝,1880.0,2577,445,538D,2330,2026-03-10
第一自由,1840.0,1504,1000,538E,2330,2026-03-10
第一自由,1850.0,1408,10,538E,2330,2026-03-10
第一自由,1860.0,2117,0,538E,2330,2026-03-10
第一自由,1870.0,2306,2000,538E,2330,2026-03-10
第一自由,1880.0,2672,5260,538E,2330,2026-03-10
第一自由,1890.0,25,0,538E,2330,2026-03-10
第一稻埕,1840.0,164,5,538F,2330,2026-03-10
第一稻埕,1850.0,1149,100,538F,2330,2026-03-10
第一稻埕,1860.0,466,1030,538F,2330,2026-03-10
第一稻埕,1870.0,2031,0,538F,2330,2026-03-10
第一稻埕,1880.0,184,1257,538F,2330,2026-03-10
第一頭份,1835.0,13,410,538I,2330,2026-03-10
第一忠孝,1890.0,70,0,538D,2330,2026-03-10
第一華江,1840.0,1209,111,538W,2330,2026-03-10
統一高雄,1840.0,2050,66,5851,2330,2026-03-10
第一華江,1860.0,4469,542,538W,2330,2026-03-10
永興大墩,1860.0,100,285,5604,2330,2026-03-10
永興大墩,1870.0,60,0,5604,2330,2026-03-10
永興大墩,1880.0,425,1018,5604,2330,2026-03-10
永興大墩,1890.0,10,0,5604,2330,2026-03-10
日進,1840.0,108,0,5660,2330,2026-03-10
日進,1850.0,111,5,5660,2330,2026-03-10
日進,1860.0,2110,5,5660,2330,2026-03-10
日進,1870.0,1195,1025,5660,2330,2026-03-10
日進,1880.0,2254,1115,5660,2330,2026-03-10
日進,1890.0,0,30,5660,2330,2026-03-10
統一,1840.0,11203,36100,5850,2330,2026-03-10
統一,1850.0,15858,23204,5850,2330,2026-03-10
永興大墩,1850.0,3110,0,5604,2330,2026-03-10
統一,1860.0,14718,42685,5850,2330,2026-03-10
統一,1880.0,37223,48815,5850,2330,2026-03-10
統一,1890.0,20,2520,5850,2330,2026-03-10
統一高雄,1850.0,118,0,5851,2330,2026-03-10
統一高雄,1860.0,1263,2000,5851,2330,2026-03-10
統一高雄,1870.0,2085,1000,5851,2330,2026-03-10
統一高雄,1880.0,2324,2250,5851,2330,2026-03-10
統一高雄,1890.0,0,15,5851,2330,2026-03-10
統一敦南,1865.0,1210,0,5852,2330,2026-03-10
統一敦南,1835.0,3021,0,5852,2330,2026-03-10
第一新竹,1870.0,2104,1150,538B,2330,2026-03-10
統一敦南,1845.0,1060,0,5852,2330,2026-03-10
統一敦南,1855.0,2252,0,5852,2330,2026-03-10
統一,1870.0,21319,17200,5850,2330,2026-03-10
第一華江,1850.0,1494,2010,538W,2330,2026-03-10
永興大墩,1840.0,10,0,5604,2330,2026-03-10
永興台中,1875.0,2020,1010,5603,2330,2026-03-10
第一華江,1870.0,1797,0,538W,2330,2026-03-10
第一華江,1880.0,2962,9015,538W,2330,2026-03-10
第一華江,1890.0,246,5,538W,2330,2026-03-10
第一中壢,1835.0,1030,0,538Y,2330,2026-03-10
第一中壢,1845.0,1042,56,538Y,2330,2026-03-10
第一中壢,1855.0,3154,2030,538Y,2330,2026-03-10
第一中壢,1865.0,5142,3080,538Y,2330,2026-03-10
第一中壢,1875.0,7980,6004,538Y,2330,2026-03-10
第一中壢,1885.0,13886,18210,538Y,2330,2026-03-10
寶盛,1860.0,122,100,5460,2330,2026-03-10
寶盛,1880.0,3000,1000,5460,2330,2026-03-10
永興,1840.0,40,0,5600,2330,2026-03-10
永興台中,1885.0,100,0,5603,2330,2026-03-10
永興,1850.0,13000,0,5600,2330,2026-03-10
永興,1870.0,0,6000,5600,2330,2026-03-10
永興,1880.0,1300,0,5600,2330,2026-03-10
永興,1890.0,50,0,5600,2330,2026-03-10
永興水湳,1840.0,1,0,5602,2330,2026-03-10
永興水湳,1850.0,102,0,5602,2330,2026-03-10
永興水湳,1860.0,116,100,5602,2330,2026-03-10
永興水湳,1870.0,1050,0,5602,2330,2026-03-10
永興水湳,1880.0,20,2000,5602,2330,2026-03-10
永興台中,1835.0,5,0,5603,2330,2026-03-10
永興台中,1845.0,300,0,5603,2330,2026-03-10
永興台中,1855.0,1002,0,5603,2330,2026-03-10
永興台中,1865.0,50,200,5603,2330,2026-03-10
永興,1860.0,70,0,5600,2330,2026-03-10
第一新竹,1860.0,941,1040,538B,2330,2026-03-10
美好台南,1855.0,39,0,5268,2330,2026-03-10
第一新竹,1840.0,1420,1100,538B,2330,2026-03-10
美好市政,1860.0,1215,0,526M,2330,2026-03-10
美好市政,1870.0,1055,1000,526M,2330,2026-03-10
美好市政,1880.0,3232,20,526M,2330,2026-03-10
高橋,1840.0,1376,2000,5320,2330,2026-03-10
高橋,1850.0,1144,2000,5320,2330,2026-03-10
高橋,1860.0,5227,106,5320,2330,2026-03-10
高橋,1870.0,15163,2000,5320,2330,2026-03-10
高橋,1880.0,628,1045,5320,2330,2026-03-10
高橋,1890.0,0,40,5320,2330,2026-03-10
高橋龍潭,1845.0,0,10,5321,2330,2026-03-10
高橋龍潭,1855.0,1024,91,5321,2330,2026-03-10
高橋龍潭,1865.0,50,8,5321,2330,2026-03-10
美好市政,1850.0,63,0,526M,2330,2026-03-10
高橋龍潭,1875.0,669,5470,5321,2330,2026-03-10
高橋中壢,1840.0,10,1000,5322,2330,2026-03-10
高橋中壢,1850.0,1015,0,5322,2330,2026-03-10
高橋中壢,1860.0,1,0,5322,2330,2026-03-10
高橋中壢,1875.0,1000,150,5322,2330,2026-03-10
高橋中壢,1890.0,0,10,5322,2330,2026-03-10
高橋內壢,1840.0,110,10,5323,2330,2026-03-10
高橋內壢,1855.0,0,8000,5323,2330,2026-03-10
高橋內壢,1865.0,812,0,5323,2330,2026-03-10
高橋內壢,1875.0,1120,2010,5323,2330,2026-03-10
高橋內壢,1885.0,120,2058,5323,2330,2026-03-10
第一金證,1835.0,1021,0,5380,2330,2026-03-10
第一金證,1845.0,1097,1556,5380,2330,2026-03-10
高橋龍潭,1885.0,5,1290,5321,2330,2026-03-10
第一金證,1855.0,620,100,5380,2330,2026-03-10
美好市政,1840.0,25,0,526M,2330,2026-03-10
美好富順,1875.0,1080,3155,526K,2330,2026-03-10
美好苗栗,1890.0,0,10,5265,2330,2026-03-10
統一敦南,1875.0,3229,4083,5852,2330,2026-03-10
美好苗栗,1880.0,63,2060,5265,2330,2026-03-10
美好苗栗,1870.0,15,1000,5265,2330,2026-03-10
美好中壢,1845.0,1090,200,5266,2330,2026-03-10
美好中壢,1855.0,1110,0,5266,2330,2026-03-10
美好中壢,1865.0,2202,0,5266,2330,2026-03-10
美好中壢,1875.0,255,1403,5266,2330,2026-03-10
美好中壢,1885.0,27,51,5266,2330,2026-03-10
美好基隆,1835.0,5,0,5267,2330,2026-03-10
美好基隆,1845.0,0,100,5267,2330,2026-03-10
美好基隆,1855.0,60,0,5267,2330,2026-03-10
美好富順,1885.0,276,748,526K,2330,2026-03-10
美好基隆,1870.0,1000,0,5267,2330,2026-03-10
美好基隆,1890.0,0,50,5267,2330,2026-03-10
美好台南,1865.0,2000,0,5268,2330,2026-03-10
美好台南,1875.0,12,1131,5268,2330,2026-03-10
美好台南,1885.0,1000,15,5268,2330,2026-03-10
美好中和,1840.0,4,0,526A,2330,2026-03-10
美好中和,1855.0,11,0,526A,2330,2026-03-10
美好中和,1865.0,20,0,526A,2330,2026-03-10
美好中和,1880.0,39,50,526A,2330,2026-03-10
美好富順,1835.0,37,0,526K,2330,2026-03-10
美好富順,1845.0,41,0,526K,2330,2026-03-10
美好富順,1855.0,149,100,526K,2330,2026-03-10
美好富順,1865.0,3323,10,526K,2330,2026-03-10
美好基隆,1880.0,110,0,5267,2330,2026-03-10
第一新竹,1850.0,4495,0,538B,2330,2026-03-10
第一金證,1865.0,377,116,5380,2330,2026-03-10
第一金證,1885.0,1167,2497,5380,2330,2026-03-10
第一桃園,1885.0,945,2789,5385,2330,2026-03-10
第一彰化,1835.0,28,0,5386,2330,2026-03-10
第一彰化,1845.0,620,25,5386,2330,2026-03-10
第一彰化,1855.0,444,1005,5386,2330,2026-03-10
第一彰化,1865.0,1491,1000,5386,2330,2026-03-10
第一彰化,1875.0,8190,5004,5386,2330,2026-03-10
第一彰化,1885.0,1332,1098,5386,2330,2026-03-10
第一澎湖,1835.0,20,60,5387,2330,2026-03-10
第一澎湖,1845.0,1120,0,5387,2330,2026-03-10
第一澎湖,1855.0,213,7,5387,2330,2026-03-10
第一澎湖,1865.0,1403,21,5387,2330,2026-03-10
第一澎湖,1875.0,2273,1320,5387,2330,2026-03-10
第一桃園,1875.0,3385,242,5385,2330,2026-03-10
第一澎湖,1885.0,42,76,5387,2330,2026-03-10
第一中山,1845.0,2238,0,5389,2330,2026-03-10
第一中山,1855.0,227,305,5389,2330,2026-03-10
第一中山,1865.0,2282,10,5389,2330,2026-03-10
第一中山,1875.0,2811,1325,5389,2330,2026-03-10
第一中山,1885.0,2949,1000,5389,2330,2026-03-10
第一新興,1830.0,1000,0,538A,2330,2026-03-10
第一新興,1840.0,181,0,538A,2330,2026-03-10
第一新興,1850.0,1345,1030,538A,2330,2026-03-10
第一新興,1860.0,2845,0,538A,2330,2026-03-10
第一新興,1870.0,2179,3000,538A,2330,2026-03-10
第一新興,1880.0,1695,2220,538A,2330,2026-03-10
第一新興,1890.0,22,30,538A,2330,2026-03-10
第一中山,1835.0,1013,0,5389,2330,2026-03-10
第一金證,1875.0,3819,22333,5380,2330,2026-03-10
第一桃園,1865.0,325,50,5385,2330,2026-03-10
第一桃園,1845.0,198,0,5385,2330,2026-03-10
第一員林,1835.0,1010,0,5381,2330,2026-03-10
第一員林,1845.0,166,0,5381,2330,2026-03-10
第一員林,1855.0,134,10,5381,2330,2026-03-10
第一員林,1865.0,70,0,5381,2330,2026-03-10
第一員林,1875.0,206,1362,5381,2330,2026-03-10
第一員林,1885.0,354,3337,5381,2330,2026-03-10
第一台中,1835.0,31,1000,5382,2330,2026-03-10
第一台中,1845.0,153,0,5382,2330,2026-03-10
第一台中,1855.0,2155,50,5382,2330,2026-03-10
第一台中,1865.0,2220,55,5382,2330,2026-03-10
第一台中,1875.0,321,1527,5382,2330,2026-03-10
第一台中,1885.0,2498,2235,5382,2330,2026-03-10
第一桃園,1855.0,1550,30,5385,2330,2026-03-10
第一高雄,1835.0,54,1000,5383,2330,2026-03-10
第一高雄,1855.0,12191,1101,5383,2330,2026-03-10
第一高雄,1865.0,1298,8,5383,2330,2026-03-10
第一高雄,1875.0,4054,5269,5383,2330,2026-03-10
第一高雄,1885.0,480,1674,5383,2330,2026-03-10
第一台南,1830.0,2000,0,5384,2330,2026-03-10
第一台南,1840.0,1632,60,5384,2330,2026-03-10
第一台南,1850.0,1579,20,5384,2330,2026-03-10
第一台南,1860.0,5452,1197,5384,2330,2026-03-10
第一台南,1870.0,3549,2000,5384,2330,2026-03-10
第一台南,1880.0,1805,12291,5384,2330,2026-03-10
第一台南,1890.0,51,50,5384,2330,2026-03-10
第一桃園,1835.0,2057,1000,5385,2330,2026-03-10
第一高雄,1845.0,50,101,5383,2330,2026-03-10
統一敦南,1885.0,691,1090,5852,2330,2026-03-10
中國信託,1860.0,60368,14796,6160,2330,2026-03-10
統一中壢,1845.0,22,60,5853,2330,2026-03-10
統一土城,1875.0,63,1200,585Y,2330,2026-03-10
統一土城,1885.0,221,82,585Y,2330,2026-03-10
統一松江,1840.0,1010,0,585Z,2330,2026-03-10
統一松江,1850.0,3071,0,585Z,2330,2026-03-10
統一松江,1860.0,116,1105,585Z,2330,2026-03-10
統一松江,1870.0,3017,0,585Z,2330,2026-03-10
統一松江,1880.0,1235,2105,585Z,2330,2026-03-10
統一松江,1890.0,1000,65,585Z,2330,2026-03-10
盈溢,1860.0,190,0,5860,2330,2026-03-10
盈溢,1875.0,2000,0,5860,2330,2026-03-10
盈溢楠梓,1870.0,1000,0,5862,2330,2026-03-10
日茂,1835.0,5000,0,5960,2330,2026-03-10
統一土城,1865.0,253,0,585Y,2330,2026-03-10
日茂,1860.0,1813,1500,5960,2330,2026-03-10
日茂埔里,1860.0,130,0,5961,2330,2026-03-10
日茂南投,1850.0,3000,0,5962,2330,2026-03-10
日茂南投,1880.0,0,1000,5962,2330,2026-03-10
?亞,1875.0,200,0,6010,2330,2026-03-10
?亞,1885.0,0,1000,6010,2330,2026-03-10
?亞網路,1840.0,1170,1000,6012,2330,2026-03-10
?亞網路,1850.0,3075,1000,6012,2330,2026-03-10
?亞網路,1860.0,1226,2000,6012,2330,2026-03-10
?亞網路,1870.0,4104,2000,6012,2330,2026-03-10
?亞網路,1880.0,10146,1421,6012,2330,2026-03-10
?亞網路,1890.0,0,10,6012,2330,2026-03-10
?亞鑫豐,1840.0,1319,1020,601d,2330,2026-03-10
日茂,1875.0,1000,0,5960,2330,2026-03-10
?亞鑫豐,1850.0,2240,180,601d,2330,2026-03-10
統一土城,1855.0,131,0,585Y,2330,2026-03-10
統一土城,1835.0,10,0,585Y,2330,2026-03-10
統一三多,1850.0,30,0,585Q,2330,2026-03-10
統一三多,1860.0,642,1000,585Q,2330,2026-03-10
統一三多,1875.0,1270,0,585Q,2330,2026-03-10
統一三多,1885.0,1100,1207,585Q,2330,2026-03-10
統一東湖,1840.0,51,0,585R,2330,2026-03-10
統一東湖,1850.0,374,0,585R,2330,2026-03-10
統一東湖,1860.0,123,0,585R,2330,2026-03-10
統一東湖,1870.0,1235,1000,585R,2330,2026-03-10
統一東湖,1880.0,220,53,585R,2330,2026-03-10
統一宜蘭,1835.0,105,1000,585S,2330,2026-03-10
統一宜蘭,1845.0,170,0,585S,2330,2026-03-10
統一宜蘭,1855.0,210,0,585S,2330,2026-03-10
統一土城,1845.0,3,0,585Y,2330,2026-03-10
統一宜蘭,1865.0,174,0,585S,2330,2026-03-10
統一宜蘭,1885.0,1128,40,585S,2330,2026-03-10
統一南京,1840.0,88,1001,585U,2330,2026-03-10
統一南京,1850.0,1132,4000,585U,2330,2026-03-10
統一南京,1860.0,1555,0,585U,2330,2026-03-10
統一南京,1870.0,3055,5000,585U,2330,2026-03-10
統一南京,1880.0,3211,2210,585U,2330,2026-03-10
統一南京,1890.0,0,20,585U,2330,2026-03-10
統一金門,1840.0,37,0,585W,2330,2026-03-10
統一金門,1850.0,11,0,585W,2330,2026-03-10
統一金門,1860.0,71,0,585W,2330,2026-03-10
統一金門,1870.0,1,0,585W,2330,2026-03-10
統一金門,1880.0,282,2031,585W,2330,2026-03-10
統一宜蘭,1875.0,50,91,585S,2330,2026-03-10
統一三多,1835.0,2100,6,585Q,2330,2026-03-10
?亞鑫豐,1860.0,2104,1485,601d,2330,2026-03-10
?亞鑫豐,1880.0,3247,10613,601d,2330,2026-03-10
中國信託,1850.0,87526,41855,6160,2330,2026-03-10
中國信託,1870.0,48580,22326,6160,2330,2026-03-10
中國信託,1880.0,39814,19718,6160,2330,2026-03-10
中國信託,1890.0,3599,3520,6160,2330,2026-03-10
中信三重,1840.0,436,10,6161,2330,2026-03-10
中信三重,1850.0,843,1000,6161,2330,2026-03-10
中信三重,1860.0,673,1000,6161,2330,2026-03-10
中信三重,1870.0,565,4000,6161,2330,2026-03-10
中信三重,1880.0,3480,11283,6161,2330,2026-03-10
中信三重,1890.0,54,0,6161,2330,2026-03-10
中信託忠,1840.0,1909,2022,6162,2330,2026-03-10
中信託忠,1850.0,6998,3000,6162,2330,2026-03-10
中國信託,1840.0,26598,562,6160,2330,2026-03-10
中信託忠,1860.0,4092,10,6162,2330,2026-03-10
中信託忠,1880.0,7748,2839,6162,2330,2026-03-10
中信託忠,1890.0,60,1315,6162,2330,2026-03-10
中信託永,1840.0,3833,150,6163,2330,2026-03-10
中信託永,1850.0,4260,60,6163,2330,2026-03-10
中信託永,1860.0,4747,792,6163,2330,2026-03-10
中信託永,1870.0,2069,5,6163,2330,2026-03-10
中信託永,1880.0,5832,6953,6163,2330,2026-03-10
中信託永,1890.0,267,53,6163,2330,2026-03-10
中信託文,1840.0,4338,54,6164,2330,2026-03-10
美好苗栗,1860.0,1092,0,5265,2330,2026-03-10
中信託文,1850.0,2754,1214,6164,2330,2026-03-10
中信託文,1860.0,2264,1689,6164,2330,2026-03-10
中信託忠,1870.0,7780,9000,6162,2330,2026-03-10
?亞鑫豐,1870.0,8062,6000,601d,2330,2026-03-10
中國信託,1830.0,14,0,6160,2330,2026-03-10
中銀豐原,1875.0,1230,1027,611A,2330,2026-03-10
?亞鑫豐,1890.0,985,1160,601d,2330,2026-03-10
台中銀,1840.0,293,0,6110,2330,2026-03-10
台中銀,1850.0,4568,800,6110,2330,2026-03-10
台中銀,1860.0,1517,0,6110,2330,2026-03-10
台中銀,1870.0,2333,1000,6110,2330,2026-03-10
台中銀,1880.0,2521,4950,6110,2330,2026-03-10
台中銀,1890.0,100,0,6110,2330,2026-03-10
中銀員林,1840.0,207,100,6114,2330,2026-03-10
中銀員林,1850.0,2290,40,6114,2330,2026-03-10
中銀員林,1860.0,1311,140,6114,2330,2026-03-10
中銀員林,1870.0,578,0,6114,2330,2026-03-10
中銀員林,1880.0,971,3178,6114,2330,2026-03-10
中銀豐原,1885.0,2215,2305,611A,2330,2026-03-10
中銀員林,1890.0,1,1000,6114,2330,2026-03-10
中銀台北,1850.0,1023,0,6115,2330,2026-03-10
中銀台北,1860.0,76,1,6115,2330,2026-03-10
中銀台北,1870.0,80,0,6115,2330,2026-03-10
中銀台北,1880.0,663,10,6115,2330,2026-03-10
中銀高雄,1840.0,5,0,6116,2330,2026-03-10
中銀高雄,1855.0,4,0,6116,2330,2026-03-10
中銀高雄,1870.0,3,0,6116,2330,2026-03-10
中銀高雄,1880.0,32,0,6116,2330,2026-03-10
中銀豐原,1835.0,160,200,611A,2330,2026-03-10
中銀豐原,1845.0,102,10,611A,2330,2026-03-10
中銀豐原,1855.0,225,10,611A,2330,2026-03-10
中銀豐原,1865.0,1175,22,611A,2330,2026-03-10
中銀台北,1840.0,3,0,6115,2330,2026-03-10
統一中壢,1835.0,120,2000,5853,2330,2026-03-10
統一板橋,1880.0,30,75,585P,2330,2026-03-10
統一板橋,1860.0,212,20,585P,2330,2026-03-10
統一嘉義,1860.0,1130,0,5858,2330,2026-03-10
統一嘉義,1870.0,156,0,5858,2330,2026-03-10
統一嘉義,1880.0,107,1430,5858,2330,2026-03-10
統一屏東,1835.0,15,0,5859,2330,2026-03-10
統一屏東,1845.0,15,0,5859,2330,2026-03-10
統一屏東,1855.0,182,102,5859,2330,2026-03-10
統一屏東,1865.0,1350,1,5859,2330,2026-03-10
統一屏東,1875.0,1084,2015,5859,2330,2026-03-10
統一屏東,1885.0,107,106,5859,2330,2026-03-10
統一基隆,1835.0,1000,0,585A,2330,2026-03-10
統一基隆,1845.0,11,0,585A,2330,2026-03-10
統一基隆,1855.0,280,1000,585A,2330,2026-03-10
統一嘉義,1850.0,2,0,5858,2330,2026-03-10
統一基隆,1865.0,33,0,585A,2330,2026-03-10
統一基隆,1885.0,19,700,585A,2330,2026-03-10
統一內湖,1840.0,5105,1011,585b,2330,2026-03-10
統一內湖,1850.0,3041,1100,585b,2330,2026-03-10
統一內湖,1860.0,211,0,585b,2330,2026-03-10
統一內湖,1870.0,16104,5,585b,2330,2026-03-10
統一內湖,1880.0,1185,1204,585b,2330,2026-03-10
統一內湖,1890.0,0,10,585b,2330,2026-03-10
統一永和,1845.0,5,0,585B,2330,2026-03-10
統一永和,1855.0,40,0,585B,2330,2026-03-10
統一永和,1865.0,1311,1,585B,2330,2026-03-10
統一永和,1875.0,147,1,585B,2330,2026-03-10
統一永和,1885.0,174,1000,585B,2330,2026-03-10
統一基隆,1875.0,2317,2059,585A,2330,2026-03-10
統一仁愛,1840.0,113,38,585c,2330,2026-03-10
統一嘉義,1840.0,1299,1023,5858,2330,2026-03-10
統一新竹,1875.0,1544,11150,5857,2330,2026-03-10
統一中壢,1855.0,83,120,5853,2330,2026-03-10
統一中壢,1865.0,2173,110,5853,2330,2026-03-10
統一中壢,1875.0,224,3195,5853,2330,2026-03-10
統一中壢,1885.0,2191,459,5853,2330,2026-03-10
統一城中,1835.0,3031,0,5854,2330,2026-03-10
統一城中,1845.0,2011,70,5854,2330,2026-03-10
統一城中,1855.0,3130,2000,5854,2330,2026-03-10
統一城中,1865.0,5129,2010,5854,2330,2026-03-10
統一城中,1875.0,110,4143,5854,2330,2026-03-10
統一城中,1885.0,2578,7146,5854,2330,2026-03-10
統一台南,1835.0,160,0,5855,2330,2026-03-10
統一台南,1845.0,10,105,5855,2330,2026-03-10
統一新竹,1885.0,1620,1170,5857,2330,2026-03-10
統一台南,1855.0,1175,1000,5855,2330,2026-03-10
統一台南,1875.0,2034,3120,5855,2330,2026-03-10
統一台南,1885.0,2499,2620,5855,2330,2026-03-10
統一台中,1835.0,1031,50,5856,2330,2026-03-10
統一台中,1845.0,1049,100,5856,2330,2026-03-10
統一台中,1855.0,1167,10,5856,2330,2026-03-10
統一台中,1865.0,299,1100,5856,2330,2026-03-10
統一台中,1875.0,17581,5445,5856,2330,2026-03-10
統一台中,1885.0,179,7287,5856,2330,2026-03-10
統一新竹,1835.0,164,0,5857,2330,2026-03-10
統一新竹,1845.0,136,0,5857,2330,2026-03-10
統一新竹,1855.0,611,2060,5857,2330,2026-03-10
統一新竹,1865.0,296,1660,5857,2330,2026-03-10
統一台南,1865.0,2609,66,5855,2330,2026-03-10
統一板橋,1870.0,3,1000,585P,2330,2026-03-10
統一仁愛,1850.0,2155,20,585c,2330,2026-03-10
統一仁愛,1870.0,1111,2000,585c,2330,2026-03-10
統一桃園,1885.0,639,4151,585H,2330,2026-03-10
統一員林,1840.0,10,0,585I,2330,2026-03-10
統一員林,1850.0,53,10,585I,2330,2026-03-10
統一員林,1860.0,133,0,585I,2330,2026-03-10
統一員林,1870.0,5,0,585I,2330,2026-03-10
統一員林,1880.0,1006,50,585I,2330,2026-03-10
統一員林,1890.0,1,0,585I,2330,2026-03-10
統一三重,1840.0,130,110,585J,2330,2026-03-10
統一三重,1850.0,4104,0,585J,2330,2026-03-10
統一三重,1860.0,1047,600,585J,2330,2026-03-10
統一三重,1870.0,5368,4000,585J,2330,2026-03-10
統一三重,1880.0,86,292,585J,2330,2026-03-10
統一桃園,1875.0,247,2350,585H,2330,2026-03-10
統一三重,1890.0,10,20,585J,2330,2026-03-10
統一竹南,1860.0,171,0,585m,2330,2026-03-10
統一竹南,1870.0,130,0,585m,2330,2026-03-10
統一竹南,1880.0,1146,250,585m,2330,2026-03-10
統一竹南,1890.0,100,0,585m,2330,2026-03-10
統一士林,1840.0,5700,18000,585M,2330,2026-03-10
統一士林,1850.0,13087,1000,585M,2330,2026-03-10
統一士林,1860.0,6459,400,585M,2330,2026-03-10
統一士林,1870.0,6000,11000,585M,2330,2026-03-10
統一士林,1880.0,18195,12022,585M,2330,2026-03-10
統一士林,1890.0,0,8030,585M,2330,2026-03-10
統一板橋,1840.0,1060,0,585P,2330,2026-03-10
統一板橋,1850.0,1516,0,585P,2330,2026-03-10
統一竹南,1850.0,193,0,585m,2330,2026-03-10
統一仁愛,1860.0,43,0,585c,2330,2026-03-10
統一桃園,1865.0,931,0,585H,2330,2026-03-10
統一桃園,1845.0,116,100,585H,2330,2026-03-10
統一仁愛,1880.0,1130,1035,585c,2330,2026-03-10
統一新台中,1830.0,1000,0,585D,2330,2026-03-10
統一新台中,1840.0,1286,0,585D,2330,2026-03-10
統一新台中,1850.0,226,1000,585D,2330,2026-03-10
統一新台中,1860.0,647,10,585D,2330,2026-03-10
統一新台中,1870.0,2225,0,585D,2330,2026-03-10
統一新台中,1880.0,4337,2117,585D,2330,2026-03-10
統一新台中,1890.0,0,100,585D,2330,2026-03-10
統一新營,1840.0,21,35,585E,2330,2026-03-10
統一新營,1850.0,311,0,585E,2330,2026-03-10
統一新營,1860.0,582,1000,585E,2330,2026-03-10
統一新營,1870.0,46,0,585E,2330,2026-03-10
統一桃園,1855.0,2259,2090,585H,2330,2026-03-10
統一新營,1880.0,4666,25,585E,2330,2026-03-10
統一彰化,1845.0,126,0,585F,2330,2026-03-10
統一彰化,1855.0,1045,5,585F,2330,2026-03-10
統一彰化,1865.0,10,50,585F,2330,2026-03-10
統一彰化,1875.0,1061,5220,585F,2330,2026-03-10
統一彰化,1885.0,310,1839,585F,2330,2026-03-10
統一平鎮,1835.0,1030,1000,585g,2330,2026-03-10
統一平鎮,1845.0,214,60,585g,2330,2026-03-10
統一平鎮,1855.0,1212,1000,585g,2330,2026-03-10
統一平鎮,1865.0,182,100,585g,2330,2026-03-10
統一平鎮,1875.0,343,1000,585g,2330,2026-03-10
統一平鎮,1885.0,64,30,585g,2330,2026-03-10
統一桃園,1835.0,150,0,585H,2330,2026-03-10
統一彰化,1835.0,51,30,585F,2330,2026-03-10
美好苗栗,1850.0,6,10,5265,2330,2026-03-10
合庫嘉義,1870.0,140,10,1024,2330,2026-03-10
美好高雄,1885.0,0,1062,5264,2330,2026-03-10
土銀建國,1865.0,1032,0,103A,2330,2026-03-10
土銀建國,1875.0,3106,321,103A,2330,2026-03-10
土銀建國,1885.0,1075,105,103A,2330,2026-03-10
土銀彰化,1845.0,50,0,103B,2330,2026-03-10
土銀彰化,1855.0,40,100,103B,2330,2026-03-10
土銀彰化,1865.0,16,0,103B,2330,2026-03-10
土銀彰化,1875.0,106,300,103B,2330,2026-03-10
土銀彰化,1885.0,0,1001,103B,2330,2026-03-10
土銀白河,1850.0,150,0,103C,2330,2026-03-10
土銀白河,1865.0,36,100,103C,2330,2026-03-10
土銀白河,1875.0,518,2485,103C,2330,2026-03-10
土銀白河,1885.0,630,1920,103C,2330,2026-03-10
土銀建國,1855.0,50,1050,103A,2330,2026-03-10
土銀南港,1835.0,20,0,103F,2330,2026-03-10
土銀南港,1855.0,41,0,103F,2330,2026-03-10
土銀南港,1865.0,200,0,103F,2330,2026-03-10
土銀南港,1875.0,58,310,103F,2330,2026-03-10
土銀南港,1885.0,256,580,103F,2330,2026-03-10
臺銀,1835.0,3152,10,1040,2330,2026-03-10
臺銀,1845.0,303,152,1040,2330,2026-03-10
臺銀,1855.0,5533,2618,1040,2330,2026-03-10
臺銀,1865.0,3331,2159,1040,2330,2026-03-10
臺銀,1875.0,5963,2968,1040,2330,2026-03-10
臺銀,1885.0,3551,18211,1040,2330,2026-03-10
臺銀臺南,1835.0,1110,100,1042,2330,2026-03-10
臺銀臺南,1845.0,1288,1010,1042,2330,2026-03-10
土銀南港,1845.0,26,0,103F,2330,2026-03-10
臺銀臺南,1855.0,2076,1051,1042,2330,2026-03-10
土銀建國,1845.0,6,0,103A,2330,2026-03-10
土銀士林,1880.0,0,5,1039,2330,2026-03-10
土銀新竹,1835.0,20,0,1035,2330,2026-03-10
土銀新竹,1845.0,10,0,1035,2330,2026-03-10
土銀新竹,1855.0,22,60,1035,2330,2026-03-10
土銀新竹,1865.0,150,1000,1035,2330,2026-03-10
土銀新竹,1875.0,2546,2213,1035,2330,2026-03-10
土銀新竹,1885.0,66,3000,1035,2330,2026-03-10
土銀玉里,1840.0,12,0,1036,2330,2026-03-10
土銀玉里,1850.0,2110,0,1036,2330,2026-03-10
土銀玉里,1860.0,275,0,1036,2330,2026-03-10
土銀玉里,1870.0,100,0,1036,2330,2026-03-10
土銀玉里,1880.0,130,52,1036,2330,2026-03-10
土銀玉里,1890.0,2,0,1036,2330,2026-03-10
土銀建國,1835.0,101,0,103A,2330,2026-03-10
土銀花蓮,1845.0,1,0,1037,2330,2026-03-10
土銀花蓮,1865.0,4251,0,1037,2330,2026-03-10
土銀花蓮,1875.0,11,70,1037,2330,2026-03-10
土銀花蓮,1885.0,25,1005,1037,2330,2026-03-10
土銀和平,1840.0,5000,0,1038,2330,2026-03-10
土銀和平,1850.0,5,4000,1038,2330,2026-03-10
土銀和平,1860.0,230,0,1038,2330,2026-03-10
土銀和平,1870.0,65,0,1038,2330,2026-03-10
土銀和平,1880.0,3,9050,1038,2330,2026-03-10
土銀士林,1835.0,0,1000,1039,2330,2026-03-10
土銀士林,1845.0,4,0,1039,2330,2026-03-10
土銀士林,1855.0,1000,0,1039,2330,2026-03-10
土銀士林,1870.0,2000,0,1039,2330,2026-03-10
土銀花蓮,1855.0,125,0,1037,2330,2026-03-10
土銀嘉義,1885.0,122,150,1034,2330,2026-03-10
臺銀臺南,1865.0,2226,2121,1042,2330,2026-03-10
臺銀臺南,1885.0,801,2362,1042,2330,2026-03-10
臺銀金山,1890.0,4,50,104D,2330,2026-03-10
企銀,1840.0,2003,0,1110,2330,2026-03-10
企銀,1850.0,16832,2000,1110,2330,2026-03-10
企銀,1860.0,190,30,1110,2330,2026-03-10
企銀,1870.0,182,15000,1110,2330,2026-03-10
企銀,1880.0,2561,2028,1110,2330,2026-03-10
企銀台中,1840.0,90,0,1111,2330,2026-03-10
企銀台中,1850.0,54,0,1111,2330,2026-03-10
企銀台中,1860.0,540,0,1111,2330,2026-03-10
企銀台中,1870.0,160,1000,1111,2330,2026-03-10
企銀台中,1880.0,244,2000,1111,2330,2026-03-10
企銀台中,1890.0,0,310,1111,2330,2026-03-10
臺銀金山,1880.0,6634,3815,104D,2330,2026-03-10
企銀台南,1840.0,75,1000,1112,2330,2026-03-10
企銀台南,1865.0,1000,1000,1112,2330,2026-03-10
企銀台南,1875.0,22,5020,1112,2330,2026-03-10
企銀台南,1885.0,1050,95,1112,2330,2026-03-10
企銀九如,1835.0,50,0,1113,2330,2026-03-10
企銀九如,1845.0,50,0,1113,2330,2026-03-10
企銀九如,1855.0,117,10,1113,2330,2026-03-10
企銀九如,1865.0,0,50,1113,2330,2026-03-10
企銀九如,1875.0,10,1020,1113,2330,2026-03-10
企銀九如,1885.0,420,2020,1113,2330,2026-03-10
企銀嘉義,1840.0,1689,0,1114,2330,2026-03-10
企銀嘉義,1850.0,77,0,1114,2330,2026-03-10
企銀嘉義,1860.0,135,0,1114,2330,2026-03-10
企銀台南,1855.0,191,10,1112,2330,2026-03-10
臺銀臺南,1875.0,7212,8165,1042,2330,2026-03-10
臺銀金山,1870.0,5564,2870,104D,2330,2026-03-10
臺銀金山,1850.0,8141,2,104D,2330,2026-03-10
臺銀民權,1835.0,1126,0,1043,2330,2026-03-10
臺銀民權,1845.0,501,4480,1043,2330,2026-03-10
臺銀民權,1855.0,1919,42,1043,2330,2026-03-10
臺銀民權,1865.0,707,20,1043,2330,2026-03-10
臺銀民權,1875.0,1566,7182,1043,2330,2026-03-10
臺銀民權,1885.0,3904,4816,1043,2330,2026-03-10
臺銀新竹,1835.0,178,0,1045,2330,2026-03-10
臺銀新竹,1845.0,273,250,1045,2330,2026-03-10
臺銀新竹,1855.0,902,2050,1045,2330,2026-03-10
臺銀新竹,1865.0,3523,1000,1045,2330,2026-03-10
臺銀新竹,1875.0,4593,1805,1045,2330,2026-03-10
臺銀新竹,1885.0,1720,4330,1045,2330,2026-03-10
臺銀金山,1860.0,1670,1196,104D,2330,2026-03-10
臺銀臺中,1835.0,1646,0,104A,2330,2026-03-10
臺銀臺中,1855.0,1555,11646,104A,2330,2026-03-10
臺銀臺中,1865.0,2851,4502,104A,2330,2026-03-10
臺銀臺中,1875.0,23247,2644,104A,2330,2026-03-10
臺銀臺中,1885.0,1515,5002,104A,2330,2026-03-10
臺銀高雄,1830.0,1001,300,104C,2330,2026-03-10
臺銀高雄,1840.0,9879,105,104C,2330,2026-03-10
臺銀高雄,1850.0,8560,2047,104C,2330,2026-03-10
臺銀高雄,1860.0,6115,3502,104C,2330,2026-03-10
臺銀高雄,1870.0,12667,3190,104C,2330,2026-03-10
臺銀高雄,1880.0,9992,6573,104C,2330,2026-03-10
臺銀高雄,1890.0,63,100,104C,2330,2026-03-10
臺銀金山,1840.0,2479,200,104D,2330,2026-03-10
臺銀臺中,1845.0,434,270,104A,2330,2026-03-10
企銀嘉義,1870.0,21,0,1114,2330,2026-03-10
土銀嘉義,1875.0,245,320,1034,2330,2026-03-10
土銀嘉義,1855.0,411,5200,1034,2330,2026-03-10
合庫台中,1885.0,2819,725,1021,2330,2026-03-10
合庫台南,1835.0,27,0,1022,2330,2026-03-10
合庫台南,1845.0,564,200,1022,2330,2026-03-10
合庫台南,1855.0,840,1015,1022,2330,2026-03-10
合庫台南,1865.0,1330,10,1022,2330,2026-03-10
合庫台南,1875.0,7652,2093,1022,2330,2026-03-10
合庫台南,1885.0,3290,3237,1022,2330,2026-03-10
合庫高雄,1835.0,86,0,1023,2330,2026-03-10
合庫高雄,1845.0,163,287,1023,2330,2026-03-10
合庫高雄,1855.0,1368,1440,1023,2330,2026-03-10
合庫高雄,1865.0,1286,2010,1023,2330,2026-03-10
合庫高雄,1875.0,660,4505,1023,2330,2026-03-10
合庫台中,1875.0,6413,5343,1021,2330,2026-03-10
合庫高雄,1885.0,1779,2801,1023,2330,2026-03-10
合庫嘉義,1840.0,1137,0,1024,2330,2026-03-10
合庫嘉義,1850.0,1205,5010,1024,2330,2026-03-10
合庫嘉義,1860.0,1245,231,1024,2330,2026-03-10
合庫嘉義,1880.0,2406,1050,1024,2330,2026-03-10
合庫嘉義,1890.0,0,85,1024,2330,2026-03-10
合庫基隆,1845.0,10,0,1025,2330,2026-03-10
合庫基隆,1855.0,56,0,1025,2330,2026-03-10
合庫基隆,1865.0,240,0,1025,2330,2026-03-10
合庫基隆,1875.0,363,751,1025,2330,2026-03-10
合庫基隆,1885.0,210,1156,1025,2330,2026-03-10
合庫彰化,1840.0,489,40,1028,2330,2026-03-10
合庫彰化,1850.0,1232,1000,1028,2330,2026-03-10
合庫嘉義,1830.0,1000,0,1024,2330,2026-03-10
合庫彰化,1860.0,292,0,1028,2330,2026-03-10
合庫台中,1865.0,4452,1000,1021,2330,2026-03-10
合庫台中,1845.0,270,1000,1021,2330,2026-03-10
中信託文,1870.0,9468,4000,6164,2330,2026-03-10
光和高雄,1860.0,1110,1000,638D,2330,2026-03-10
光和高雄,1850.0,260,0,638D,2330,2026-03-10
光和高雄,1840.0,1010,200,638D,2330,2026-03-10
光和嘉義,1885.0,2020,1170,638A,2330,2026-03-10
光和嘉義,1875.0,1006,15,638A,2330,2026-03-10
光和嘉義,1865.0,20,58,638A,2330,2026-03-10
光和嘉義,1855.0,141,50,638A,2330,2026-03-10
光和嘉義,1845.0,75,0,638A,2330,2026-03-10
光和嘉義,1835.0,0,60,638A,2330,2026-03-10
光和花壇,1875.0,0,1000,6385,2330,2026-03-10
光和花壇,1865.0,1,0,6385,2330,2026-03-10
合庫台中,1855.0,484,162,1021,2330,2026-03-10
光和花壇,1855.0,20,0,6385,2330,2026-03-10
光和花壇,1835.0,16,0,6385,2330,2026-03-10
光和和美,1885.0,30,40,6383,2330,2026-03-10
光和和美,1875.0,135,10,6383,2330,2026-03-10
光和和美,1865.0,30,0,6383,2330,2026-03-10
光和和美,1855.0,14,0,6383,2330,2026-03-10
合庫,1835.0,220,1000,1020,2330,2026-03-10
合庫,1845.0,1878,150,1020,2330,2026-03-10
合庫,1855.0,1519,1005,1020,2330,2026-03-10
合庫,1865.0,2839,0,1020,2330,2026-03-10
合庫,1875.0,13014,3691,1020,2330,2026-03-10
合庫,1885.0,10271,1681,1020,2330,2026-03-10
合庫台中,1835.0,2131,30,1021,2330,2026-03-10
光和花壇,1845.0,18,0,6385,2330,2026-03-10
土銀嘉義,1865.0,15,0,1034,2330,2026-03-10
合庫彰化,1870.0,1246,0,1028,2330,2026-03-10
合庫鳳山,1835.0,137,1000,1029,2330,2026-03-10
合庫三重,1850.0,186,0,102G,2330,2026-03-10
合庫三重,1860.0,678,1000,102G,2330,2026-03-10
合庫三重,1870.0,3027,1000,102G,2330,2026-03-10
合庫三重,1880.0,219,1122,102G,2330,2026-03-10
合庫三重,1890.0,0,4040,102G,2330,2026-03-10
土銀,1840.0,158,60,1030,2330,2026-03-10
土銀,1850.0,4566,0,1030,2330,2026-03-10
土銀,1860.0,1209,83,1030,2330,2026-03-10
土銀,1870.0,2236,2000,1030,2330,2026-03-10
土銀,1880.0,1596,3210,1030,2330,2026-03-10
土銀台中,1835.0,10,0,1031,2330,2026-03-10
土銀台中,1845.0,40,0,1031,2330,2026-03-10
合庫三重,1840.0,118,0,102G,2330,2026-03-10
土銀台中,1855.0,1152,1000,1031,2330,2026-03-10
土銀台中,1875.0,130,2010,1031,2330,2026-03-10
土銀台中,1885.0,1720,110,1031,2330,2026-03-10
土銀台南,1840.0,2020,0,1032,2330,2026-03-10
土銀台南,1850.0,23,1000,1032,2330,2026-03-10
土銀台南,1865.0,5087,1020,1032,2330,2026-03-10
土銀台南,1875.0,54,4050,1032,2330,2026-03-10
土銀台南,1885.0,1300,0,1032,2330,2026-03-10
土銀高雄,1850.0,20,0,1033,2330,2026-03-10
土銀高雄,1860.0,200,32,1033,2330,2026-03-10
土銀高雄,1870.0,100,1000,1033,2330,2026-03-10
土銀高雄,1880.0,152,110,1033,2330,2026-03-10
土銀嘉義,1840.0,210,0,1034,2330,2026-03-10
土銀台中,1865.0,30,0,1031,2330,2026-03-10
合庫彰化,1880.0,137,1117,1028,2330,2026-03-10
合庫西台,1885.0,2637,2259,102F,2330,2026-03-10
合庫西台,1865.0,1514,150,102F,2330,2026-03-10
合庫鳳山,1845.0,84,200,1029,2330,2026-03-10
合庫鳳山,1855.0,1650,102,1029,2330,2026-03-10
合庫鳳山,1865.0,313,1000,1029,2330,2026-03-10
合庫鳳山,1875.0,407,2270,1029,2330,2026-03-10
合庫鳳山,1885.0,1590,1220,1029,2330,2026-03-10
合庫新竹,1835.0,1163,0,102A,2330,2026-03-10
合庫新竹,1845.0,80,0,102A,2330,2026-03-10
合庫新竹,1855.0,3318,53,102A,2330,2026-03-10
合庫新竹,1865.0,2142,2000,102A,2330,2026-03-10
合庫新竹,1875.0,2357,1137,102A,2330,2026-03-10
合庫新竹,1885.0,397,3371,102A,2330,2026-03-10
合庫自強,1835.0,1305,1000,102C,2330,2026-03-10
合庫西台,1875.0,4286,125,102F,2330,2026-03-10
合庫自強,1845.0,11210,10,102C,2330,2026-03-10
合庫自強,1865.0,1862,1231,102C,2330,2026-03-10
合庫自強,1875.0,343,3017,102C,2330,2026-03-10
合庫自強,1885.0,4115,2477,102C,2330,2026-03-10
合庫桃園,1835.0,40,1000,102E,2330,2026-03-10
合庫桃園,1845.0,1109,0,102E,2330,2026-03-10
合庫桃園,1855.0,1333,3153,102E,2330,2026-03-10
合庫桃園,1865.0,1379,0,102E,2330,2026-03-10
合庫桃園,1875.0,2628,2278,102E,2330,2026-03-10
合庫桃園,1885.0,2654,7507,102E,2330,2026-03-10
合庫西台,1835.0,215,0,102F,2330,2026-03-10
合庫西台,1845.0,14,1000,102F,2330,2026-03-10
合庫西台,1855.0,315,0,102F,2330,2026-03-10
合庫自強,1855.0,176,0,102C,2330,2026-03-10
美好苗栗,1835.0,1005,0,5265,2330,2026-03-10
企銀嘉義,1880.0,1025,1100,1114,2330,2026-03-10
企銀太平,1845.0,80,40,1115,2330,2026-03-10
港商野村,1870.0,32000,6000,1560,2330,2026-03-10
港商野村,1880.0,116000,28000,1560,2330,2026-03-10
港商野村,1890.0,8000,0,1560,2330,2026-03-10
花旗環球,1840.0,62000,48000,1590,2330,2026-03-10
花旗環球,1850.0,619000,309000,1590,2330,2026-03-10
花旗環球,1860.0,197000,10400,1590,2330,2026-03-10
花旗環球,1870.0,223000,92000,1590,2330,2026-03-10
花旗環球,1880.0,326000,73000,1590,2330,2026-03-10
瑞銀,1830.0,0,1000,1650,2330,2026-03-10
瑞銀,1840.0,100000,114000,1650,2330,2026-03-10
瑞銀,1850.0,298000,693000,1650,2330,2026-03-10
瑞銀,1860.0,15162,97000,1650,2330,2026-03-10
港商野村,1860.0,8000,2000,1560,2330,2026-03-10
瑞銀,1870.0,157000,316000,1650,2330,2026-03-10
亞東,1835.0,100,0,2180,2330,2026-03-10
亞東,1845.0,0,100,2180,2330,2026-03-10
亞東,1855.0,2282,1050,2180,2330,2026-03-10
亞東,1865.0,83,300,2180,2330,2026-03-10
亞東,1875.0,3404,6030,2180,2330,2026-03-10
亞東,1885.0,1070,66,2180,2330,2026-03-10
亞東板橋,1835.0,5,0,2181,2330,2026-03-10
亞東板橋,1845.0,44,10,2181,2330,2026-03-10
亞東板橋,1855.0,1085,1000,2181,2330,2026-03-10
亞東板橋,1865.0,1144,20,2181,2330,2026-03-10
亞東板橋,1875.0,2581,1535,2181,2330,2026-03-10
亞東板橋,1885.0,652,100,2181,2330,2026-03-10
瑞銀,1880.0,293000,352446,1650,2330,2026-03-10
亞東新竹,1835.0,2212,0,2184,2330,2026-03-10
港商野村,1850.0,209000,42000,1560,2330,2026-03-10
美商高盛,1890.0,11000,0,1480,2330,2026-03-10
宏遠新化,1865.0,101,200,126X,2330,2026-03-10
宏遠新化,1875.0,1030,0,126X,2330,2026-03-10
宏遠新化,1885.0,1137,1205,126X,2330,2026-03-10
港麥格理,1840.0,10000,3000,1360,2330,2026-03-10
港麥格理,1855.0,7000,4321,1360,2330,2026-03-10
港麥格理,1865.0,3000,135000,1360,2330,2026-03-10
港麥格理,1875.0,36959,122000,1360,2330,2026-03-10
港麥格理,1885.0,26000,43000,1360,2330,2026-03-10
美林,1830.0,0,24000,1440,2330,2026-03-10
美林,1840.0,251000,51000,1440,2330,2026-03-10
美林,1850.0,1099000,2316000,1440,2330,2026-03-10
美林,1860.0,180000,198000,1440,2330,2026-03-10
港商野村,1840.0,54000,11000,1560,2330,2026-03-10
美林,1870.0,212000,386000,1440,2330,2026-03-10
美林,1890.0,5000,0,1440,2330,2026-03-10
台灣摩根,1840.0,39000,205000,1470,2330,2026-03-10
台灣摩根,1850.0,566000,735000,1470,2330,2026-03-10
台灣摩根,1860.0,16050,74000,1470,2330,2026-03-10
台灣摩根,1870.0,81000,391000,1470,2330,2026-03-10
台灣摩根,1880.0,152000,172000,1470,2330,2026-03-10
台灣摩根,1890.0,4000,0,1470,2330,2026-03-10
美商高盛,1840.0,332000,96700,1480,2330,2026-03-10
美商高盛,1850.0,453000,560000,1480,2330,2026-03-10
美商高盛,1860.0,53000,74800,1480,2330,2026-03-10
美商高盛,1870.0,338000,82000,1480,2330,2026-03-10
美商高盛,1880.0,371000,112000,1480,2330,2026-03-10
美林,1880.0,752000,7000,1440,2330,2026-03-10
宏遠新化,1855.0,79,1,126X,2330,2026-03-10
亞東新竹,1845.0,61,0,2184,2330,2026-03-10
亞東新竹,1865.0,55,10,2184,2330,2026-03-10
美好,1855.0,1,0,5260,2330,2026-03-10
美好,1865.0,105,0,5260,2330,2026-03-10
美好,1875.0,216,2160,5260,2330,2026-03-10
美好,1885.0,170,125,5260,2330,2026-03-10
美好蘆洲,1835.0,21,5,5261,2330,2026-03-10
美好蘆洲,1845.0,114,5,5261,2330,2026-03-10
美好蘆洲,1855.0,2145,5,5261,2330,2026-03-10
美好蘆洲,1865.0,1305,100,5261,2330,2026-03-10
美好蘆洲,1875.0,2417,1141,5261,2330,2026-03-10
美好蘆洲,1885.0,1106,1056,5261,2330,2026-03-10
美好楊梅,1835.0,111,0,5262,2330,2026-03-10
美好楊梅,1845.0,53,101,5262,2330,2026-03-10
美好,1845.0,10,0,5260,2330,2026-03-10
美好楊梅,1855.0,1072,12,5262,2330,2026-03-10
美好楊梅,1875.0,1054,1110,5262,2330,2026-03-10
美好楊梅,1885.0,776,210,5262,2330,2026-03-10
美好泰山,1835.0,3010,0,5263,2330,2026-03-10
美好泰山,1845.0,0,2,5263,2330,2026-03-10
美好泰山,1855.0,1021,1041,5263,2330,2026-03-10
美好泰山,1865.0,1200,1,5263,2330,2026-03-10
美好泰山,1875.0,13,1130,5263,2330,2026-03-10
美好泰山,1885.0,1107,157,5263,2330,2026-03-10
美好高雄,1835.0,5,0,5264,2330,2026-03-10
美好高雄,1855.0,10,0,5264,2330,2026-03-10
美好高雄,1865.0,3000,0,5264,2330,2026-03-10
美好高雄,1875.0,1008,1020,5264,2330,2026-03-10
美好楊梅,1865.0,179,0,5262,2330,2026-03-10
亞東新竹,1855.0,13,51,2184,2330,2026-03-10
美好,1835.0,1001,0,5260,2330,2026-03-10
大展台南,1885.0,3,0,5058,2330,2026-03-10
亞東新竹,1875.0,8055,250,2184,2330,2026-03-10
亞東新竹,1885.0,122,305,2184,2330,2026-03-10
亞東台南,1835.0,5,0,2185,2330,2026-03-10
亞東台南,1850.0,50,0,2185,2330,2026-03-10
亞東台南,1860.0,65,10,2185,2330,2026-03-10
亞東台南,1870.0,1108,2000,2185,2330,2026-03-10
亞東台南,1880.0,31,1158,2185,2330,2026-03-10
亞東高雄,1835.0,11,0,2186,2330,2026-03-10
亞東高雄,1850.0,15,100,2186,2330,2026-03-10
亞東高雄,1860.0,31,1,2186,2330,2026-03-10
亞東高雄,1870.0,18,0,2186,2330,2026-03-10
亞東高雄,1880.0,45,30,2186,2330,2026-03-10
富隆,1885.0,6000,0,5110,2330,2026-03-10
亞東台中,1840.0,120,100,2187,2330,2026-03-10
亞東台中,1865.0,1020,0,2187,2330,2026-03-10
亞東台中,1875.0,70,1630,2187,2330,2026-03-10
亞東台中,1885.0,0,1010,2187,2330,2026-03-10
大展,1840.0,3080,0,5050,2330,2026-03-10
大展,1850.0,1430,20,5050,2330,2026-03-10
大展,1860.0,16,1005,5050,2330,2026-03-10
大展,1870.0,2031,4020,5050,2330,2026-03-10
大展,1880.0,1,7063,5050,2330,2026-03-10
大展,1890.0,10,10,5050,2330,2026-03-10
大展台南,1845.0,50,9000,5058,2330,2026-03-10
大展台南,1860.0,0,1000,5058,2330,2026-03-10
大展台南,1875.0,4,50,5058,2330,2026-03-10
亞東台中,1855.0,10,0,2187,2330,2026-03-10
企銀嘉義,1890.0,1000,0,1114,2330,2026-03-10
宏遠新化,1845.0,7,20,126X,2330,2026-03-10
宏遠館前,1885.0,1128,320,126U,2330,2026-03-10
台企建成,1855.0,10,0,111B,2330,2026-03-10
台企建成,1865.0,1042,0,111B,2330,2026-03-10
台企建成,1885.0,26,110,111B,2330,2026-03-10
企銀桃園,1840.0,28,0,111E,2330,2026-03-10
企銀桃園,1850.0,272,0,111E,2330,2026-03-10
企銀桃園,1860.0,165,0,111E,2330,2026-03-10
企銀桃園,1870.0,1,1000,111E,2330,2026-03-10
企銀桃園,1880.0,1384,5030,111E,2330,2026-03-10
企銀北高,1840.0,5,0,111F,2330,2026-03-10
企銀北高,1855.0,28,0,111F,2330,2026-03-10
企銀北高,1865.0,21,0,111F,2330,2026-03-10
企銀北高,1875.0,581,0,111F,2330,2026-03-10
台企建成,1845.0,41,0,111B,2330,2026-03-10
企銀北高,1885.0,81,130,111F,2330,2026-03-10
企銀埔墘,1850.0,1056,0,111G,2330,2026-03-10
企銀埔墘,1860.0,2012,0,111G,2330,2026-03-10
企銀埔墘,1870.0,101,0,111G,2330,2026-03-10
企銀埔墘,1880.0,1118,60,111G,2330,2026-03-10
企銀埔墘,1890.0,100,0,111G,2330,2026-03-10
彰銀,1845.0,160,0,1230,2330,2026-03-10
彰銀,1855.0,2117,130,1230,2330,2026-03-10
彰銀,1865.0,120,10,1230,2330,2026-03-10
彰銀,1875.0,2515,148130,1230,2330,2026-03-10
彰銀,1885.0,2770,50434,1230,2330,2026-03-10
彰銀七賢,1835.0,70,5,1232,2330,2026-03-10
彰銀七賢,1845.0,20,30,1232,2330,2026-03-10
企銀埔墘,1840.0,20,0,111G,2330,2026-03-10
彰銀七賢,1855.0,0,1010,1232,2330,2026-03-10
台企建成,1835.0,4,100,111B,2330,2026-03-10
企銀民雄,1875.0,62,20,111A,2330,2026-03-10
企銀太平,1855.0,93,300,1115,2330,2026-03-10
企銀太平,1865.0,57,227,1115,2330,2026-03-10
企銀太平,1875.0,178,0,1115,2330,2026-03-10
企銀太平,1885.0,1052,2128,1115,2330,2026-03-10
企銀屏東,1840.0,70,50,1116,2330,2026-03-10
企銀屏東,1850.0,135,0,1116,2330,2026-03-10
企銀屏東,1865.0,5,0,1116,2330,2026-03-10
企銀屏東,1875.0,0,3,1116,2330,2026-03-10
企銀屏東,1885.0,100,100,1116,2330,2026-03-10
企銀竹北,1845.0,1000,0,1117,2330,2026-03-10
企銀竹北,1855.0,25,50,1117,2330,2026-03-10
企銀竹北,1865.0,116,0,1117,2330,2026-03-10
企銀民雄,1885.0,2,250,111A,2330,2026-03-10
企銀竹北,1875.0,1041,200,1117,2330,2026-03-10
企銀豐原,1850.0,50,0,1118,2330,2026-03-10
企銀豐原,1860.0,1105,400,1118,2330,2026-03-10
企銀豐原,1870.0,4,2000,1118,2330,2026-03-10
企銀豐原,1880.0,10,10,1118,2330,2026-03-10
企銀岡山,1835.0,26,0,1119,2330,2026-03-10
企銀岡山,1845.0,10,5,1119,2330,2026-03-10
企銀岡山,1855.0,43,0,1119,2330,2026-03-10
企銀岡山,1865.0,20,0,1119,2330,2026-03-10
企銀岡山,1875.0,50,0,1119,2330,2026-03-10
企銀岡山,1885.0,40,5,1119,2330,2026-03-10
企銀民雄,1850.0,2,0,111A,2330,2026-03-10
企銀民雄,1860.0,15,0,111A,2330,2026-03-10
企銀竹北,1885.0,147,1010,1117,2330,2026-03-10
宏遠新化,1835.0,2,0,126X,2330,2026-03-10
彰銀七賢,1865.0,285,1000,1232,2330,2026-03-10
彰銀七賢,1885.0,1121,100,1232,2330,2026-03-10
宏遠中和,1860.0,41,8,126H,2330,2026-03-10
宏遠中和,1870.0,80,0,126H,2330,2026-03-10
宏遠中和,1880.0,37,1760,126H,2330,2026-03-10
宏遠中和,1890.0,10,0,126H,2330,2026-03-10
宏遠光隆,1840.0,21,0,126i,2330,2026-03-10
宏遠光隆,1850.0,1505,1000,126i,2330,2026-03-10
宏遠光隆,1860.0,5156,71,126i,2330,2026-03-10
宏遠光隆,1870.0,76,0,126i,2330,2026-03-10
宏遠光隆,1880.0,1496,1003,126i,2330,2026-03-10
宏遠台中,1835.0,0,50,126L,2330,2026-03-10
宏遠台中,1845.0,2,1,126L,2330,2026-03-10
宏遠台中,1855.0,180,1,126L,2330,2026-03-10
宏遠中和,1850.0,40,0,126H,2330,2026-03-10
宏遠台中,1865.0,56,50,126L,2330,2026-03-10
宏遠台中,1885.0,247,63,126L,2330,2026-03-10
宏遠高雄,1835.0,1,0,126Q,2330,2026-03-10
宏遠高雄,1845.0,100,0,126Q,2330,2026-03-10
宏遠高雄,1855.0,201,1000,126Q,2330,2026-03-10
宏遠高雄,1865.0,54,0,126Q,2330,2026-03-10
宏遠高雄,1875.0,312,2090,126Q,2330,2026-03-10
宏遠高雄,1885.0,1020,1104,126Q,2330,2026-03-10
宏遠館前,1835.0,2010,0,126U,2330,2026-03-10
宏遠館前,1845.0,11,0,126U,2330,2026-03-10
宏遠館前,1855.0,32,100,126U,2330,2026-03-10
宏遠館前,1865.0,225,1000,126U,2330,2026-03-10
宏遠館前,1875.0,1016,1812,126U,2330,2026-03-10
宏遠台中,1875.0,2102,1010,126L,2330,2026-03-10
彰銀七賢,1875.0,1160,170,1232,2330,2026-03-10
宏遠中和,1840.0,70,40,126H,2330,2026-03-10
宏遠台南,1880.0,625,1020,126D,2330,2026-03-10
彰銀台中,1835.0,10,0,1233,2330,2026-03-10
彰銀台中,1845.0,5120,0,1233,2330,2026-03-10
彰銀台中,1855.0,131,156,1233,2330,2026-03-10
彰銀台中,1865.0,7280,0,1233,2330,2026-03-10
彰銀台中,1875.0,2268,1050,1233,2330,2026-03-10
彰銀台中,1885.0,408,220,1233,2330,2026-03-10
宏遠,1835.0,6150,28000,1260,2330,2026-03-10
宏遠,1845.0,6116,57000,1260,2330,2026-03-10
宏遠,1855.0,4005,64000,1260,2330,2026-03-10
宏遠,1865.0,18210,14050,1260,2330,2026-03-10
宏遠,1875.0,5016,35123,1260,2330,2026-03-10
宏遠,1885.0,7405,8530,1260,2330,2026-03-10
宏遠台南,1890.0,1000,0,126D,2330,2026-03-10
宏遠民生,1835.0,1,0,1261,2330,2026-03-10
宏遠民生,1865.0,100,0,1261,2330,2026-03-10
宏遠民生,1875.0,2300,0,1261,2330,2026-03-10
宏遠民生,1885.0,60,100,1261,2330,2026-03-10
宏遠桃園,1845.0,5,0,1262,2330,2026-03-10
宏遠桃園,1855.0,147,215,1262,2330,2026-03-10
宏遠桃園,1865.0,106,1171,1262,2330,2026-03-10
宏遠桃園,1875.0,50,40209,1262,2330,2026-03-10
宏遠桃園,1885.0,2,384,1262,2330,2026-03-10
宏遠台南,1840.0,1013,100,126D,2330,2026-03-10
宏遠台南,1850.0,150,0,126D,2330,2026-03-10
宏遠台南,1860.0,459,0,126D,2330,2026-03-10
宏遠台南,1870.0,154,0,126D,2330,2026-03-10
宏遠民生,1850.0,1510,1000,1261,2330,2026-03-10
中信託文,1880.0,8822,13346,6164,2330,2026-03-10
聯邦三重,1840.0,1071,11,8585,2330,2026-03-10
中信託新,1840.0,1835,1887,6165,2330,2026-03-10
台新松江,1880.0,1969,1239,8158,2330,2026-03-10
台新松江,1890.0,16,8,8158,2330,2026-03-10
台新台南,1840.0,414,1680,8159,2330,2026-03-10
台新台南,1850.0,2028,1030,8159,2330,2026-03-10
台新台南,1860.0,1185,1446,8159,2330,2026-03-10
台新台南,1870.0,1524,4005,8159,2330,2026-03-10
台新台南,1880.0,2774,1047,8159,2330,2026-03-10
台新台南,1890.0,200,10,8159,2330,2026-03-10
台新高雄,1835.0,3493,5075,815A,2330,2026-03-10
台新高雄,1845.0,2470,1467,815A,2330,2026-03-10
台新高雄,1855.0,7880,2107,815A,2330,2026-03-10
台新高雄,1865.0,10605,4222,815A,2330,2026-03-10
台新松江,1870.0,9329,1000,8158,2330,2026-03-10
台新高雄,1875.0,14149,17477,815A,2330,2026-03-10
台新台中,1835.0,1558,10,815B,2330,2026-03-10
台新台中,1845.0,2053,257,815B,2330,2026-03-10
台新台中,1855.0,5220,2674,815B,2330,2026-03-10
台新台中,1865.0,4029,1671,815B,2330,2026-03-10
台新台中,1875.0,10942,8101,815B,2330,2026-03-10
台新台中,1885.0,3639,6116,815B,2330,2026-03-10
台新屏東,1835.0,100,0,815H,2330,2026-03-10
台新屏東,1845.0,103,50,815H,2330,2026-03-10
台新屏東,1855.0,1082,5,815H,2330,2026-03-10
台新屏東,1865.0,1028,3,815H,2330,2026-03-10
台新屏東,1875.0,264,31,815H,2330,2026-03-10
台新屏東,1885.0,74,290,815H,2330,2026-03-10
台新高雄,1885.0,6744,6909,815A,2330,2026-03-10
台新中壢,1835.0,165,0,815S,2330,2026-03-10
台新松江,1860.0,398,60,8158,2330,2026-03-10
台新松江,1840.0,210,1,8158,2330,2026-03-10
台新,1885.0,45694,33346,8150,2330,2026-03-10
台新建北,1835.0,2070,3,8151,2330,2026-03-10
台新建北,1845.0,389,117,8151,2330,2026-03-10
台新建北,1855.0,591,111,8151,2330,2026-03-10
台新建北,1865.0,3609,10,8151,2330,2026-03-10
台新建北,1875.0,3483,4120,8151,2330,2026-03-10
台新建北,1885.0,1837,372,8151,2330,2026-03-10
台新新莊,1830.0,3,0,8152,2330,2026-03-10
台新新莊,1840.0,815,310,8152,2330,2026-03-10
台新新莊,1850.0,1793,1100,8152,2330,2026-03-10
台新新莊,1860.0,706,20,8152,2330,2026-03-10
台新新莊,1870.0,3520,1011,8152,2330,2026-03-10
台新松江,1850.0,257,1000,8158,2330,2026-03-10
台新新莊,1880.0,3554,5436,8152,2330,2026-03-10
台新三民,1840.0,2235,1110,8156,2330,2026-03-10
台新三民,1850.0,2333,30,8156,2330,2026-03-10
台新三民,1860.0,1880,164,8156,2330,2026-03-10
台新三民,1870.0,3842,1000,8156,2330,2026-03-10
台新三民,1880.0,5541,886,8156,2330,2026-03-10
台新三民,1890.0,105,0,8156,2330,2026-03-10
台新左楠,1840.0,254,1000,8157,2330,2026-03-10
台新左楠,1850.0,2254,0,8157,2330,2026-03-10
台新左楠,1860.0,1096,50,8157,2330,2026-03-10
台新左楠,1870.0,5529,0,8157,2330,2026-03-10
台新左楠,1880.0,2210,1113,8157,2330,2026-03-10
台新左楠,1890.0,76,180,8157,2330,2026-03-10
台新新莊,1890.0,30,100,8152,2330,2026-03-10
台新,1875.0,43085,76627,8150,2330,2026-03-10
台新中壢,1845.0,431,30,815S,2330,2026-03-10
台新中壢,1865.0,2694,110,815S,2330,2026-03-10
康和,1850.0,3002,0,8450,2330,2026-03-10
康和,1860.0,1031,1000,8450,2330,2026-03-10
康和,1870.0,1306,3000,8450,2330,2026-03-10
康和,1880.0,100011,2000,8450,2330,2026-03-10
康和,1890.0,0,54,8450,2330,2026-03-10
康和延平,1845.0,0,400,8451,2330,2026-03-10
康和延平,1855.0,2001,1000,8451,2330,2026-03-10
康和延平,1865.0,1001,0,8451,2330,2026-03-10
康和延平,1875.0,1010,3930,8451,2330,2026-03-10
康和延平,1885.0,0,190,8451,2330,2026-03-10
康和台中,1835.0,1,0,8455,2330,2026-03-10
康和台中,1845.0,112,0,8455,2330,2026-03-10
康和,1840.0,1310,3000,8450,2330,2026-03-10
康和台中,1855.0,113,1350,8455,2330,2026-03-10
康和台中,1875.0,5071,250,8455,2330,2026-03-10
康和台中,1885.0,127,1660,8455,2330,2026-03-10
康和新竹,1850.0,40,0,8456,2330,2026-03-10
康和新竹,1860.0,466,456,8456,2330,2026-03-10
康和新竹,1870.0,105,100,8456,2330,2026-03-10
康和新竹,1880.0,186,2010,8456,2330,2026-03-10
康和新竹,1890.0,100,0,8456,2330,2026-03-10
康和台南,1840.0,53,0,8458,2330,2026-03-10
康和台南,1850.0,1222,0,8458,2330,2026-03-10
康和台南,1860.0,1336,100,8458,2330,2026-03-10
康和台南,1870.0,1057,4000,8458,2330,2026-03-10
康和台南,1880.0,3116,25,8458,2330,2026-03-10
康和台中,1865.0,3132,388,8455,2330,2026-03-10
台新中壢,1855.0,2203,100,815S,2330,2026-03-10
摩根大通,1885.0,161000,204365,8440,2330,2026-03-10
摩根大通,1865.0,157000,523644,8440,2330,2026-03-10
台新中壢,1875.0,2483,1275,815S,2330,2026-03-10
台新中壢,1885.0,2484,2535,815S,2330,2026-03-10
台新新營,1835.0,51,110,815Y,2330,2026-03-10
台新新營,1845.0,237,0,815Y,2330,2026-03-10
台新新營,1855.0,366,25,815Y,2330,2026-03-10
台新新營,1865.0,4756,100,815Y,2330,2026-03-10
台新新營,1875.0,562,5296,815Y,2330,2026-03-10
台新新營,1885.0,809,1410,815Y,2330,2026-03-10
安泰,1835.0,1000,0,8380,2330,2026-03-10
安泰,1845.0,20,0,8380,2330,2026-03-10
安泰,1855.0,40,1000,8380,2330,2026-03-10
安泰,1865.0,66,0,8380,2330,2026-03-10
摩根大通,1875.0,1010992,250555,8440,2330,2026-03-10
安泰,1875.0,1140,60,8380,2330,2026-03-10
安泰大發,1840.0,10,0,8381,2330,2026-03-10
安泰大發,1850.0,1101,0,8381,2330,2026-03-10
安泰大發,1860.0,960,0,8381,2330,2026-03-10
安泰大發,1870.0,8,0,8381,2330,2026-03-10
安泰大發,1880.0,80,5120,8381,2330,2026-03-10
安泰楠梓,1840.0,3,0,8382,2330,2026-03-10
安泰楠梓,1860.0,1070,0,8382,2330,2026-03-10
安泰楠梓,1870.0,60,0,8382,2330,2026-03-10
安泰楠梓,1880.0,29,10,8382,2330,2026-03-10
摩根大通,1835.0,8000,99000,8440,2330,2026-03-10
摩根大通,1845.0,8000,199326,8440,2330,2026-03-10
摩根大通,1855.0,132000,730940,8440,2330,2026-03-10
安泰,1885.0,375,0,8380,2330,2026-03-10
康和台南,1890.0,2,66,8458,2330,2026-03-10
台新,1865.0,23774,10305,8150,2330,2026-03-10
台新,1845.0,16122,4021,8150,2330,2026-03-10
國票新莊,1835.0,6,0,779G,2330,2026-03-10
國票新莊,1845.0,210,0,779G,2330,2026-03-10
國票新莊,1855.0,1035,3000,779G,2330,2026-03-10
國票新莊,1865.0,220,0,779G,2330,2026-03-10
國票新莊,1875.0,41,1016,779G,2330,2026-03-10
國票新莊,1885.0,51,161,779G,2330,2026-03-10
國票嘉義,1840.0,1029,0,779H,2330,2026-03-10
國票嘉義,1850.0,170,0,779H,2330,2026-03-10
國票嘉義,1860.0,159,0,779H,2330,2026-03-10
國票嘉義,1870.0,1051,1000,779H,2330,2026-03-10
國票嘉義,1880.0,533,1008,779H,2330,2026-03-10
國票嘉義,1890.0,10,0,779H,2330,2026-03-10
國票南崁,1885.0,1075,6000,779E,2330,2026-03-10
國票和平,1840.0,1072,0,779j,2330,2026-03-10
國票和平,1860.0,175,100,779j,2330,2026-03-10
國票和平,1870.0,4110,2000,779j,2330,2026-03-10
國票和平,1880.0,135,215,779j,2330,2026-03-10
國票和平,1890.0,1,0,779j,2330,2026-03-10
國票北高,1840.0,1247,0,779J,2330,2026-03-10
國票北高,1850.0,636,0,779J,2330,2026-03-10
國票北高,1860.0,550,0,779J,2330,2026-03-10
國票北高,1870.0,20,1000,779J,2330,2026-03-10
國票北高,1880.0,4283,30,779J,2330,2026-03-10
國票北高,1890.0,0,50,779J,2330,2026-03-10
國票中港,1840.0,66,0,779m,2330,2026-03-10
國票中港,1855.0,206,0,779m,2330,2026-03-10
國票和平,1850.0,61,1000,779j,2330,2026-03-10
國票中港,1865.0,11,0,779m,2330,2026-03-10
國票南崁,1875.0,2010,1110,779E,2330,2026-03-10
國票南崁,1855.0,4142,0,779E,2330,2026-03-10
國票中正,1880.0,1125,2010,7797,2330,2026-03-10
國票中正,1890.0,100,0,7797,2330,2026-03-10
國票內壢,1840.0,85,1000,7798,2330,2026-03-10
國票內壢,1855.0,232,0,7798,2330,2026-03-10
國票內壢,1865.0,17,0,7798,2330,2026-03-10
國票內壢,1875.0,438,1460,7798,2330,2026-03-10
國票內壢,1885.0,267,99,7798,2330,2026-03-10
國票敦北,1835.0,2010,10000,779c,2330,2026-03-10
國票敦北,1845.0,1070,1000,779c,2330,2026-03-10
國票敦北,1855.0,6087,34000,779c,2330,2026-03-10
國票敦北,1865.0,12039,38100,779c,2330,2026-03-10
國票敦北,1875.0,2602,4520,779c,2330,2026-03-10
國票南崁,1865.0,111,0,779E,2330,2026-03-10
國票敦北,1885.0,4654,40003,779c,2330,2026-03-10
國票台南,1845.0,4,600,779D,2330,2026-03-10
國票台南,1855.0,216,10,779D,2330,2026-03-10
國票台南,1865.0,378,140,779D,2330,2026-03-10
國票台南,1875.0,3302,91,779D,2330,2026-03-10
國票台南,1885.0,409,118,779D,2330,2026-03-10
國票南科,1835.0,1006,0,779e,2330,2026-03-10
國票南科,1845.0,10027,0,779e,2330,2026-03-10
國票南科,1855.0,28,0,779e,2330,2026-03-10
國票南科,1865.0,526,1000,779e,2330,2026-03-10
國票南科,1875.0,2322,1085,779e,2330,2026-03-10
國票南科,1885.0,149,321,779e,2330,2026-03-10
國票南崁,1845.0,42,0,779E,2330,2026-03-10
國票台南,1835.0,1054,0,779D,2330,2026-03-10
台新,1855.0,34377,9786,8150,2330,2026-03-10
國票中港,1875.0,2055,1000,779m,2330,2026-03-10
國票南京,1840.0,5,0,779n,2330,2026-03-10
國票天祥,1870.0,22,0,779V,2330,2026-03-10
國票天祥,1880.0,55,3585,779V,2330,2026-03-10
國票彰化,1835.0,0,1,779W,2330,2026-03-10
國票彰化,1855.0,0,5,779W,2330,2026-03-10
國票彰化,1865.0,2,0,779W,2330,2026-03-10
國票彰化,1875.0,100,20,779W,2330,2026-03-10
國票彰化,1885.0,14001,4101,779W,2330,2026-03-10
國票中和,1835.0,9000,0,779X,2330,2026-03-10
國票中和,1845.0,1018,0,779X,2330,2026-03-10
國票中和,1855.0,325,0,779X,2330,2026-03-10
國票中和,1865.0,11010,0,779X,2330,2026-03-10
國票中和,1875.0,1189,4050,779X,2330,2026-03-10
國票天祥,1860.0,172,0,779V,2330,2026-03-10
國票中和,1885.0,130,1250,779X,2330,2026-03-10
國票博愛,1845.0,1000,0,779z,2330,2026-03-10
國票博愛,1855.0,3004,990,779z,2330,2026-03-10
國票博愛,1865.0,0,3000,779z,2330,2026-03-10
國票博愛,1875.0,2161,1100,779z,2330,2026-03-10
國票博愛,1885.0,2055,1050,779z,2330,2026-03-10
國票安和,1830.0,1000,0,779Z,2330,2026-03-10
國票安和,1840.0,8155,0,779Z,2330,2026-03-10
國票安和,1850.0,4270,3200,779Z,2330,2026-03-10
國票安和,1860.0,4429,6,779Z,2330,2026-03-10
國票安和,1870.0,4107,10000,779Z,2330,2026-03-10
國票安和,1880.0,10638,10200,779Z,2330,2026-03-10
台新,1835.0,7258,3191,8150,2330,2026-03-10
國票博愛,1835.0,2000,0,779z,2330,2026-03-10
國票中港,1885.0,36,12,779m,2330,2026-03-10
國票天祥,1850.0,91,30,779V,2330,2026-03-10
國票台中,1890.0,0,100,779v,2330,2026-03-10
國票南京,1850.0,5020,0,779n,2330,2026-03-10
國票南京,1860.0,1114,0,779n,2330,2026-03-10
國票南京,1870.0,117,11000,779n,2330,2026-03-10
國票南京,1880.0,10,200,779n,2330,2026-03-10
國票九鼎,1835.0,102,20,779P,2330,2026-03-10
國票九鼎,1845.0,161,0,779P,2330,2026-03-10
國票九鼎,1855.0,1237,4111,779P,2330,2026-03-10
國票九鼎,1865.0,501,0,779P,2330,2026-03-10
國票九鼎,1875.0,2416,2715,779P,2330,2026-03-10
國票九鼎,1885.0,797,145,779P,2330,2026-03-10
國票桃園,1845.0,11,0,779r,2330,2026-03-10
國票桃園,1855.0,2021,0,779r,2330,2026-03-10
國票天祥,1840.0,297,12,779V,2330,2026-03-10
國票桃園,1865.0,1001,0,779r,2330,2026-03-10
國票桃園,1885.0,71,30,779r,2330,2026-03-10
國票長城,1835.0,1009,0,779u,2330,2026-03-10
國票長城,1845.0,4,0,779u,2330,2026-03-10
國票長城,1855.0,3023,0,779u,2330,2026-03-10
國票長城,1865.0,2020,1102,779u,2330,2026-03-10
國票長城,1875.0,2313,6240,779u,2330,2026-03-10
國票長城,1885.0,1089,150,779u,2330,2026-03-10
國票台中,1840.0,1171,0,779v,2330,2026-03-10
國票台中,1850.0,2156,1050,779v,2330,2026-03-10
國票台中,1860.0,1166,13,779v,2330,2026-03-10
國票台中,1870.0,232,150,779v,2330,2026-03-10
國票台中,1880.0,7041,8203,779v,2330,2026-03-10
國票桃園,1875.0,1062,4000,779r,2330,2026-03-10
國票中正,1870.0,1001,0,7797,2330,2026-03-10
康和嘉義,1840.0,2045,0,8459,2330,2026-03-10
康和嘉義,1860.0,5910,5,8459,2330,2026-03-10
聯邦大業,1850.0,1132,0,8586,2330,2026-03-10
聯邦大業,1860.0,256,300,8586,2330,2026-03-10
聯邦大業,1870.0,48,0,8586,2330,2026-03-10
聯邦大業,1880.0,313,73,8586,2330,2026-03-10
聯邦大業,1890.0,5,0,8586,2330,2026-03-10
聯邦興中,1840.0,130,2,8587,2330,2026-03-10
聯邦興中,1850.0,2012,10,8587,2330,2026-03-10
聯邦興中,1860.0,2156,47,8587,2330,2026-03-10
聯邦興中,1870.0,4134,0,8587,2330,2026-03-10
聯邦興中,1880.0,281,6010,8587,2330,2026-03-10
聯邦台南,1835.0,1,0,8588,2330,2026-03-10
聯邦台南,1845.0,10,0,8588,2330,2026-03-10
聯邦大業,1840.0,2090,9,8586,2330,2026-03-10
聯邦台南,1855.0,71,380,8588,2330,2026-03-10
聯邦台南,1875.0,1114,30,8588,2330,2026-03-10
聯邦台南,1885.0,39,70,8588,2330,2026-03-10
陽信,1835.0,20,0,8710,2330,2026-03-10
陽信,1845.0,7,10,8710,2330,2026-03-10
陽信,1855.0,1110,0,8710,2330,2026-03-10
陽信,1865.0,410,0,8710,2330,2026-03-10
陽信,1875.0,1015,0,8710,2330,2026-03-10
陽信,1885.0,84,380,8710,2330,2026-03-10
陽信石牌,1840.0,2180,1000,8711,2330,2026-03-10
陽信石牌,1855.0,360,1000,8711,2330,2026-03-10
陽信石牌,1865.0,5275,0,8711,2330,2026-03-10
陽信石牌,1875.0,1195,1374,8711,2330,2026-03-10
聯邦台南,1865.0,27,0,8588,2330,2026-03-10
陽信石牌,1885.0,102,1204,8711,2330,2026-03-10
聯邦三重,1890.0,0,10,8585,2330,2026-03-10
聯邦三重,1870.0,1066,100,8585,2330,2026-03-10
聯邦高雄,1835.0,0,1000,8581,2330,2026-03-10
聯邦高雄,1845.0,204,0,8581,2330,2026-03-10
聯邦高雄,1855.0,70,55,8581,2330,2026-03-10
聯邦高雄,1865.0,1181,0,8581,2330,2026-03-10
聯邦高雄,1875.0,2416,4000,8581,2330,2026-03-10
聯邦高雄,1885.0,87,2375,8581,2330,2026-03-10
聯邦嘉義,1840.0,12,300,8582,2330,2026-03-10
聯邦嘉義,1850.0,11,0,8582,2330,2026-03-10
聯邦嘉義,1860.0,45,0,8582,2330,2026-03-10
聯邦嘉義,1875.0,1037,10,8582,2330,2026-03-10
聯邦嘉義,1885.0,114,45,8582,2330,2026-03-10
聯邦忠孝,1840.0,22,105,8583,2330,2026-03-10
聯邦三重,1880.0,67,4020,8585,2330,2026-03-10
聯邦忠孝,1850.0,2133,0,8583,2330,2026-03-10
聯邦忠孝,1870.0,6192,0,8583,2330,2026-03-10
聯邦忠孝,1880.0,2061,50,8583,2330,2026-03-10
聯邦忠孝,1890.0,20,0,8583,2330,2026-03-10
聯邦雙和,1840.0,40,0,8584,2330,2026-03-10
聯邦雙和,1850.0,1016,10006,8584,2330,2026-03-10
聯邦雙和,1860.0,7,0,8584,2330,2026-03-10
聯邦雙和,1870.0,1118,1,8584,2330,2026-03-10
聯邦雙和,1880.0,1026,2,8584,2330,2026-03-10
聯邦雙和,1890.0,0,1,8584,2330,2026-03-10
光和高雄,1870.0,1000,0,638D,2330,2026-03-10
聯邦三重,1850.0,1373,0,8585,2330,2026-03-10
聯邦三重,1860.0,188,0,8585,2330,2026-03-10
聯邦忠孝,1860.0,5306,0,8583,2330,2026-03-10
聯邦,1885.0,76,6737,8580,2330,2026-03-10
陽信高雄,1830.0,2000,0,8713,2330,2026-03-10
陽信高雄,1855.0,20,0,8713,2330,2026-03-10
玉山高雄,1860.0,1589,210,8843,2330,2026-03-10
玉山高雄,1870.0,10124,1000,8843,2330,2026-03-10
玉山高雄,1880.0,7009,5290,8843,2330,2026-03-10
玉山高雄,1890.0,46,5,8843,2330,2026-03-10
玉山板橋,1835.0,191,4,8846,2330,2026-03-10
玉山板橋,1845.0,1229,35,8846,2330,2026-03-10
玉山板橋,1855.0,3122,2650,8846,2330,2026-03-10
玉山板橋,1865.0,1820,60,8846,2330,2026-03-10
玉山板橋,1875.0,6235,1130,8846,2330,2026-03-10
玉山板橋,1885.0,4211,3401,8846,2330,2026-03-10
玉山台南,1830.0,10,0,8847,2330,2026-03-10
玉山台南,1840.0,1627,24,8847,2330,2026-03-10
玉山高雄,1850.0,1447,1010,8843,2330,2026-03-10
玉山台南,1850.0,3624,20,8847,2330,2026-03-10
玉山台南,1870.0,5003,2098,8847,2330,2026-03-10
玉山台南,1880.0,6551,9649,8847,2330,2026-03-10
玉山台南,1890.0,37,5,8847,2330,2026-03-10
玉山嘉義,1835.0,1074,0,8848,2330,2026-03-10
玉山嘉義,1845.0,406,54,8848,2330,2026-03-10
玉山嘉義,1855.0,3104,140,8848,2330,2026-03-10
玉山嘉義,1865.0,2634,1100,8848,2330,2026-03-10
玉山嘉義,1875.0,2749,3402,8848,2330,2026-03-10
玉山嘉義,1885.0,693,8313,8848,2330,2026-03-10
玉山景美,1830.0,100,1000,8849,2330,2026-03-10
玉山景美,1840.0,2132,80,8849,2330,2026-03-10
玉山景美,1850.0,1614,1000,8849,2330,2026-03-10
玉山台南,1860.0,3792,3211,8847,2330,2026-03-10
陽信高雄,1840.0,211,450,8713,2330,2026-03-10
玉山高雄,1840.0,2590,1400,8843,2330,2026-03-10
玉山新莊,1880.0,5402,4668,8842,2330,2026-03-10
陽信高雄,1865.0,50,0,8713,2330,2026-03-10
陽信高雄,1875.0,115,0,8713,2330,2026-03-10
陽信高雄,1885.0,1151,1020,8713,2330,2026-03-10
陽信台南,1850.0,4,0,8714,2330,2026-03-10
陽信台南,1860.0,100,1,8714,2330,2026-03-10
陽信台南,1870.0,4000,49,8714,2330,2026-03-10
陽信台南,1885.0,0,1100,8714,2330,2026-03-10
陽信台中,1840.0,200,0,8715,2330,2026-03-10
陽信台中,1855.0,100,0,8715,2330,2026-03-10
陽信台中,1885.0,2,600,8715,2330,2026-03-10
玉山,1840.0,1520,1003,8840,2330,2026-03-10
玉山,1850.0,8373,7070,8840,2330,2026-03-10
玉山新莊,1890.0,3010,202,8842,2330,2026-03-10
玉山,1860.0,5665,478,8840,2330,2026-03-10
玉山,1880.0,10327,15772,8840,2330,2026-03-10
玉山,1890.0,1262,101,8840,2330,2026-03-10
玉山雙和,1840.0,330,50,8841,2330,2026-03-10
玉山雙和,1850.0,4242,5,8841,2330,2026-03-10
玉山雙和,1860.0,1907,1001,8841,2330,2026-03-10
玉山雙和,1870.0,3291,1001,8841,2330,2026-03-10
玉山雙和,1880.0,925,6140,8841,2330,2026-03-10
玉山雙和,1890.0,55,34,8841,2330,2026-03-10
玉山新莊,1840.0,6477,1030,8842,2330,2026-03-10
玉山新莊,1850.0,4457,54,8842,2330,2026-03-10
玉山新莊,1860.0,2615,3549,8842,2330,2026-03-10
玉山新莊,1870.0,7642,7600,8842,2330,2026-03-10
玉山,1870.0,16838,3080,8840,2330,2026-03-10
康和嘉義,1850.0,1113,3000,8459,2330,2026-03-10
聯邦,1875.0,1618,9322,8580,2330,2026-03-10
聯邦,1855.0,2273,0,8580,2330,2026-03-10
康和仁愛,1870.0,1073,1000,845F,2330,2026-03-10
康和仁愛,1880.0,39,1,845F,2330,2026-03-10
康和仁愛,1890.0,10,0,845F,2330,2026-03-10
康和高雄,1835.0,6,12,845J,2330,2026-03-10
康和高雄,1845.0,226,310,845J,2330,2026-03-10
康和高雄,1855.0,3100,0,845J,2330,2026-03-10
康和高雄,1865.0,1255,0,845J,2330,2026-03-10
康和高雄,1875.0,2200,105,845J,2330,2026-03-10
康和高雄,1885.0,2320,2186,845J,2330,2026-03-10
康和石牌,1840.0,101,0,845R,2330,2026-03-10
康和石牌,1855.0,80,0,845R,2330,2026-03-10
康和石牌,1865.0,3,0,845R,2330,2026-03-10
康和仁愛,1860.0,268,0,845F,2330,2026-03-10
康和石牌,1875.0,209,0,845R,2330,2026-03-10
康和南崁,1840.0,10,0,845S,2330,2026-03-10
康和南崁,1850.0,180,0,845S,2330,2026-03-10
康和南崁,1860.0,2198,0,845S,2330,2026-03-10
康和南崁,1870.0,50,0,845S,2330,2026-03-10
康和南崁,1880.0,25,0,845S,2330,2026-03-10
康和台北,1835.0,102,0,845U,2330,2026-03-10
康和台北,1845.0,1002,0,845U,2330,2026-03-10
康和台北,1855.0,52,0,845U,2330,2026-03-10
康和台北,1865.0,100,1101,845U,2330,2026-03-10
康和台北,1875.0,1089,201,845U,2330,2026-03-10
康和台北,1885.0,15,1271,845U,2330,2026-03-10
康和屏東,1835.0,10,0,845X,2330,2026-03-10
康和石牌,1885.0,0,1050,845R,2330,2026-03-10
康和屏東,1845.0,7,0,845X,2330,2026-03-10
康和仁愛,1850.0,310,0,845F,2330,2026-03-10
康和澎湖,1885.0,1,151,845E,2330,2026-03-10
康和嘉義,1870.0,125,1000,8459,2330,2026-03-10
康和嘉義,1880.0,238,1280,8459,2330,2026-03-10
康和嘉義,1890.0,0,1,8459,2330,2026-03-10
康和內湖,1840.0,1007,1000,845A,2330,2026-03-10
康和內湖,1850.0,1031,0,845A,2330,2026-03-10
康和內湖,1860.0,2276,1000,845A,2330,2026-03-10
康和內湖,1870.0,1013,0,845A,2330,2026-03-10
康和內湖,1880.0,2177,11,845A,2330,2026-03-10
康和內湖,1890.0,1000,4,845A,2330,2026-03-10
康和永和,1835.0,1000,0,845B,2330,2026-03-10
康和永和,1845.0,102,0,845B,2330,2026-03-10
康和永和,1855.0,11,0,845B,2330,2026-03-10
康和仁愛,1840.0,15,0,845F,2330,2026-03-10
康和永和,1865.0,15,0,845B,2330,2026-03-10
康和永和,1885.0,10,121,845B,2330,2026-03-10
康和板橋,1835.0,10,0,845D,2330,2026-03-10
康和板橋,1845.0,5,11,845D,2330,2026-03-10
康和板橋,1855.0,16,100,845D,2330,2026-03-10
康和板橋,1865.0,58,2205,845D,2330,2026-03-10
康和板橋,1875.0,4036,1451,845D,2330,2026-03-10
康和板橋,1885.0,245,202,845D,2330,2026-03-10
康和澎湖,1835.0,23,0,845E,2330,2026-03-10
康和澎湖,1845.0,15,0,845E,2330,2026-03-10
康和澎湖,1855.0,98,5,845E,2330,2026-03-10
康和澎湖,1865.0,300,0,845E,2330,2026-03-10
康和澎湖,1875.0,1015,50,845E,2330,2026-03-10
康和永和,1875.0,136,4255,845B,2330,2026-03-10
聯邦,1865.0,66,9000,8580,2330,2026-03-10
康和屏東,1860.0,10,0,845X,2330,2026-03-10
康和屏東,1880.0,8,31,845X,2330,2026-03-10
新光高雄,1840.0,2557,25,8562,2330,2026-03-10
新光高雄,1850.0,3911,2066,8562,2330,2026-03-10
新光高雄,1860.0,2327,1549,8562,2330,2026-03-10
新光高雄,1870.0,8694,5170,8562,2330,2026-03-10
新光高雄,1880.0,2657,7253,8562,2330,2026-03-10
新光高雄,1890.0,80,121,8562,2330,2026-03-10
新光新竹,1840.0,2588,2051,8563,2330,2026-03-10
新光新竹,1850.0,4094,6011,8563,2330,2026-03-10
新光新竹,1860.0,6443,7881,8563,2330,2026-03-10
新光新竹,1870.0,12690,2002,8563,2330,2026-03-10
新光新竹,1880.0,8380,12445,8563,2330,2026-03-10
新光新竹,1890.0,154,180,8563,2330,2026-03-10
新光台中,1890.0,948,1520,8561,2330,2026-03-10
新光台南,1840.0,614,4040,8564,2330,2026-03-10
新光台南,1860.0,2058,2012,8564,2330,2026-03-10
新光台南,1870.0,3695,3029,8564,2330,2026-03-10
新光台南,1880.0,2880,7088,8564,2330,2026-03-10
新光台南,1890.0,101,311,8564,2330,2026-03-10
新光桃園,1835.0,337,9,8565,2330,2026-03-10
新光桃園,1845.0,5435,1022,8565,2330,2026-03-10
新光桃園,1855.0,5547,5113,8565,2330,2026-03-10
新光桃園,1865.0,456,1245,8565,2330,2026-03-10
新光桃園,1875.0,8839,2693,8565,2330,2026-03-10
新光桃園,1885.0,2604,7474,8565,2330,2026-03-10
聯邦,1835.0,18,0,8580,2330,2026-03-10
聯邦,1845.0,305,11000,8580,2330,2026-03-10
新光台南,1850.0,17584,3016,8564,2330,2026-03-10
康和屏東,1870.0,100,0,845X,2330,2026-03-10
新光台中,1880.0,12224,17953,8561,2330,2026-03-10
新光台中,1860.0,8378,11342,8561,2330,2026-03-10
京城,1835.0,200,0,8490,2330,2026-03-10
京城,1845.0,200,0,8490,2330,2026-03-10
京城,1855.0,221,0,8490,2330,2026-03-10
京城,1865.0,135,0,8490,2330,2026-03-10
京城,1875.0,50,1020,8490,2330,2026-03-10
京城,1885.0,16,200,8490,2330,2026-03-10
京城嘉義,1830.0,2,0,8492,2330,2026-03-10
京城嘉義,1840.0,139,1005,8492,2330,2026-03-10
京城嘉義,1850.0,332,0,8492,2330,2026-03-10
京城嘉義,1860.0,204,0,8492,2330,2026-03-10
京城嘉義,1870.0,110,0,8492,2330,2026-03-10
京城嘉義,1880.0,569,2003,8492,2330,2026-03-10
新光台中,1870.0,18454,7170,8561,2330,2026-03-10
中農,1835.0,10,0,8520,2330,2026-03-10
中農,1860.0,380,0,8520,2330,2026-03-10
中農,1870.0,63,1100,8520,2330,2026-03-10
中農,1880.0,133,1010,8520,2330,2026-03-10
新光,1830.0,1000,0,8560,2330,2026-03-10
新光,1840.0,18056,27860,8560,2330,2026-03-10
新光,1850.0,33187,24882,8560,2330,2026-03-10
新光,1860.0,27119,12037,8560,2330,2026-03-10
新光,1870.0,46600,18080,8560,2330,2026-03-10
新光,1880.0,81295,40959,8560,2330,2026-03-10
新光,1890.0,3193,4174,8560,2330,2026-03-10
新光台中,1840.0,10517,4522,8561,2330,2026-03-10
新光台中,1850.0,7605,3283,8561,2330,2026-03-10
中農,1850.0,2002,0,8520,2330,2026-03-10
中信託文,1890.0,374,50,6164,2330,2026-03-10
國票中正,1860.0,470,0,7797,2330,2026-03-10
國票中正,1840.0,17,0,7797,2330,2026-03-10
德信新營,1855.0,100,0,6913,2330,2026-03-10
德信新營,1870.0,0,1000,6913,2330,2026-03-10
德信新營,1880.0,1,27,6913,2330,2026-03-10
德信和平,1840.0,21,1000,6915,2330,2026-03-10
德信和平,1850.0,10,0,6915,2330,2026-03-10
德信和平,1860.0,1166,15,6915,2330,2026-03-10
德信和平,1875.0,1001,1003,6915,2330,2026-03-10
德信和平,1885.0,0,104,6915,2330,2026-03-10
福勝,1835.0,10,0,6950,2330,2026-03-10
福勝,1845.0,130,20,6950,2330,2026-03-10
福勝,1855.0,301,0,6950,2330,2026-03-10
福勝,1865.0,0,1100,6950,2330,2026-03-10
德信新營,1845.0,5,0,6913,2330,2026-03-10
福勝,1875.0,350,1020,6950,2330,2026-03-10
兆豐,1840.0,6390,2000,7000,2330,2026-03-10
兆豐,1850.0,3330,5014,7000,2330,2026-03-10
兆豐,1860.0,286,80,7000,2330,2026-03-10
兆豐,1870.0,2192,2000,7000,2330,2026-03-10
兆豐,1880.0,1949,614,7000,2330,2026-03-10
兆豐,1890.0,100,0,7000,2330,2026-03-10
兆豐嘉義,1840.0,1096,1036,7001,2330,2026-03-10
兆豐嘉義,1850.0,3287,0,7001,2330,2026-03-10
兆豐嘉義,1860.0,475,2,7001,2330,2026-03-10
兆豐嘉義,1870.0,54,0,7001,2330,2026-03-10
兆豐嘉義,1880.0,711,25,7001,2330,2026-03-10
兆豐嘉義,1890.0,20,5,7001,2330,2026-03-10
福勝,1885.0,8,5100,6950,2330,2026-03-10
兆豐台中,1840.0,1156,2030,7003,2330,2026-03-10
德信中正,1885.0,52,1,6912,2330,2026-03-10
德信中正,1865.0,80,0,6912,2330,2026-03-10
大昌桃園,1855.0,73,0,6465,2330,2026-03-10
大昌桃園,1865.0,415,1075,6465,2330,2026-03-10
大昌桃園,1875.0,351,1125,6465,2330,2026-03-10
大昌桃園,1885.0,165,1430,6465,2330,2026-03-10
福邦,1845.0,10,0,6480,2330,2026-03-10
福邦,1855.0,70,0,6480,2330,2026-03-10
福邦,1865.0,5,0,6480,2330,2026-03-10
福邦,1875.0,10000,0,6480,2330,2026-03-10
福邦,1885.0,5,10,6480,2330,2026-03-10
福邦新竹,1860.0,10,0,6489,2330,2026-03-10
福邦新竹,1870.0,20,12,6489,2330,2026-03-10
福邦新竹,1880.0,170,30,6489,2330,2026-03-10
德信中正,1875.0,1040,2000,6912,2330,2026-03-10
口袋,1830.0,1000,0,6620,2330,2026-03-10
口袋,1850.0,1581,110,6620,2330,2026-03-10
口袋,1860.0,2731,698,6620,2330,2026-03-10
口袋,1870.0,1334,1202,6620,2330,2026-03-10
口袋,1880.0,1898,3140,6620,2330,2026-03-10
口袋,1890.0,110,184,6620,2330,2026-03-10
德信,1850.0,100,0,6910,2330,2026-03-10
德信,1860.0,41,90,6910,2330,2026-03-10
德信,1870.0,1,16000,6910,2330,2026-03-10
德信,1880.0,17,310,6910,2330,2026-03-10
德信中正,1835.0,1115,0,6912,2330,2026-03-10
德信中正,1845.0,10,10,6912,2330,2026-03-10
德信中正,1855.0,401,0,6912,2330,2026-03-10
口袋,1840.0,440,75,6620,2330,2026-03-10
大昌桃園,1845.0,30,40,6465,2330,2026-03-10
兆豐台中,1850.0,725,1050,7003,2330,2026-03-10
兆豐台中,1870.0,1295,20,7003,2330,2026-03-10
兆豐忠孝,1875.0,3522,3753,700a,2330,2026-03-10
兆豐忠孝,1885.0,3644,40615,700a,2330,2026-03-10
兆豐中壢,1835.0,8,2000,700b,2330,2026-03-10
兆豐中壢,1845.0,169,0,700b,2330,2026-03-10
兆豐中壢,1855.0,916,4,700b,2330,2026-03-10
兆豐中壢,1865.0,57,100,700b,2330,2026-03-10
兆豐中壢,1875.0,2855,1010,700b,2330,2026-03-10
兆豐中壢,1885.0,2030,1225,700b,2330,2026-03-10
兆豐板橋,1835.0,3003,0,700B,2330,2026-03-10
兆豐板橋,1845.0,17,0,700B,2330,2026-03-10
兆豐板橋,1855.0,34,1000,700B,2330,2026-03-10
兆豐板橋,1865.0,2127,1000,700B,2330,2026-03-10
兆豐忠孝,1865.0,22307,49,700a,2330,2026-03-10
兆豐板橋,1875.0,6170,40207,700B,2330,2026-03-10
兆豐民生,1835.0,11,0,700c,2330,2026-03-10
兆豐民生,1845.0,5,0,700c,2330,2026-03-10
兆豐民生,1855.0,86,0,700c,2330,2026-03-10
兆豐民生,1865.0,264,3,700c,2330,2026-03-10
兆豐民生,1875.0,1117,10149,700c,2330,2026-03-10
兆豐民生,1885.0,188,250,700c,2330,2026-03-10
兆豐來福,1835.0,55,0,700C,2330,2026-03-10
兆豐來福,1845.0,39,6,700C,2330,2026-03-10
兆豐來福,1855.0,5759,0,700C,2330,2026-03-10
兆豐來福,1865.0,5232,143,700C,2330,2026-03-10
兆豐來福,1875.0,5638,4855,700C,2330,2026-03-10
兆豐來福,1885.0,1349,3147,700C,2330,2026-03-10
兆豐板橋,1885.0,1332,3356,700B,2330,2026-03-10
兆豐台中,1860.0,1143,3100,7003,2330,2026-03-10
兆豐忠孝,1855.0,158,1140,700a,2330,2026-03-10
兆豐忠孝,1835.0,1017,200,700a,2330,2026-03-10
兆豐台中,1880.0,523,4730,7003,2330,2026-03-10
兆豐台中,1890.0,0,3000,7003,2330,2026-03-10
兆豐中港,1840.0,596,2020,7005,2330,2026-03-10
兆豐中港,1850.0,3412,1050,7005,2330,2026-03-10
兆豐中港,1860.0,1497,285,7005,2330,2026-03-10
兆豐中港,1870.0,1363,2000,7005,2330,2026-03-10
兆豐中港,1880.0,2004,497,7005,2330,2026-03-10
兆豐中港,1890.0,48,10,7005,2330,2026-03-10
兆豐台南,1840.0,7801,0,7006,2330,2026-03-10
兆豐台南,1850.0,1280,1000,7006,2330,2026-03-10
兆豐台南,1860.0,2320,5,7006,2330,2026-03-10
兆豐台南,1870.0,4213,3000,7006,2330,2026-03-10
兆豐忠孝,1845.0,26,0,700a,2330,2026-03-10
兆豐台南,1880.0,3828,20410,7006,2330,2026-03-10
兆豐竹北,1840.0,1411,100,7007,2330,2026-03-10
兆豐竹北,1850.0,1253,2000,7007,2330,2026-03-10
兆豐竹北,1860.0,2484,215,7007,2330,2026-03-10
兆豐竹北,1870.0,2429,1000,7007,2330,2026-03-10
兆豐竹北,1880.0,643,2470,7007,2330,2026-03-10
兆豐竹北,1890.0,1,0,7007,2330,2026-03-10
兆豐三重,1840.0,1030,0,7008,2330,2026-03-10
兆豐三重,1850.0,174,0,7008,2330,2026-03-10
兆豐三重,1860.0,1928,0,7008,2330,2026-03-10
兆豐三重,1870.0,1000,4020,7008,2330,2026-03-10
兆豐三重,1880.0,1153,245,7008,2330,2026-03-10
兆豐三重,1890.0,10,0,7008,2330,2026-03-10
兆豐台南,1890.0,80,0,7006,2330,2026-03-10
兆豐彰化,1835.0,110,0,700d,2330,2026-03-10
大昌桃園,1835.0,10,0,6465,2330,2026-03-10
大昌新店,1875.0,6830,7756,6464,2330,2026-03-10
新百王,1845.0,55,108,6210,2330,2026-03-10
新百王,1855.0,1467,2355,6210,2330,2026-03-10
新百王,1865.0,1157,1251,6210,2330,2026-03-10
新百王,1875.0,6164,2741,6210,2330,2026-03-10
新百王,1885.0,550,5495,6210,2330,2026-03-10
光和,1835.0,2010,0,6380,2330,2026-03-10
光和,1845.0,13,0,6380,2330,2026-03-10
光和,1855.0,2082,50,6380,2330,2026-03-10
光和,1865.0,1179,1000,6380,2330,2026-03-10
光和,1875.0,214,1036,6380,2330,2026-03-10
光和,1885.0,53,2356,6380,2330,2026-03-10
光和溪湖,1835.0,30,0,6381,2330,2026-03-10
新百王,1835.0,1117,0,6210,2330,2026-03-10
光和溪湖,1845.0,55,0,6381,2330,2026-03-10
光和溪湖,1865.0,16,0,6381,2330,2026-03-10
光和溪湖,1875.0,1060,1100,6381,2330,2026-03-10
光和溪湖,1885.0,1184,100,6381,2330,2026-03-10
光和田中,1835.0,60,0,6382,2330,2026-03-10
光和田中,1845.0,100,400,6382,2330,2026-03-10
光和田中,1855.0,70,0,6382,2330,2026-03-10
光和田中,1865.0,10,0,6382,2330,2026-03-10
光和田中,1875.0,101,2000,6382,2330,2026-03-10
光和田中,1885.0,107,10,6382,2330,2026-03-10
光和和美,1840.0,10,500,6383,2330,2026-03-10
光和和美,1850.0,32,0,6383,2330,2026-03-10
光和和美,1860.0,80,0,6383,2330,2026-03-10
光和溪湖,1855.0,1035,0,6381,2330,2026-03-10
光和和美,1870.0,20,0,6383,2330,2026-03-10
中信託高,1885.0,6522,1977,616K,2330,2026-03-10
中信託高,1865.0,539,1170,616K,2330,2026-03-10
中信託新,1850.0,2866,1115,6165,2330,2026-03-10
中信託新,1860.0,7171,2333,6165,2330,2026-03-10
中信託新,1870.0,5732,5,6165,2330,2026-03-10
中信託新,1880.0,11015,8129,6165,2330,2026-03-10
中信託新,1890.0,133,1135,6165,2330,2026-03-10
中信松江,1840.0,688,0,6167,2330,2026-03-10
中信松江,1850.0,4310,1050,6167,2330,2026-03-10
中信松江,1860.0,1386,160,6167,2330,2026-03-10
中信松江,1870.0,1403,1080,6167,2330,2026-03-10
中信松江,1880.0,2855,725,6167,2330,2026-03-10
中信松江,1890.0,67,50,6167,2330,2026-03-10
中信嘉義,1840.0,167,0,6168,2330,2026-03-10
中信託高,1875.0,4266,9175,616K,2330,2026-03-10
中信嘉義,1850.0,1880,0,6168,2330,2026-03-10
中信嘉義,1870.0,193,1003,6168,2330,2026-03-10
中信嘉義,1880.0,3903,495,6168,2330,2026-03-10
中信嘉義,1890.0,18,0,6168,2330,2026-03-10
中信中壢,1840.0,181,0,616A,2330,2026-03-10
中信中壢,1850.0,2672,100,616A,2330,2026-03-10
中信中壢,1860.0,421,1124,616A,2330,2026-03-10
中信中壢,1870.0,2747,1000,616A,2330,2026-03-10
中信中壢,1880.0,1989,1543,616A,2330,2026-03-10
中信中壢,1890.0,63,0,616A,2330,2026-03-10
中信託高,1835.0,442,2100,616K,2330,2026-03-10
中信託高,1845.0,518,100,616K,2330,2026-03-10
中信託高,1855.0,1547,4275,616K,2330,2026-03-10
中信嘉義,1860.0,705,0,6168,2330,2026-03-10
大昌新店,1885.0,5132,5983,6464,2330,2026-03-10
光和和美,1880.0,1045,3,6383,2330,2026-03-10
光和花壇,1840.0,26,0,6385,2330,2026-03-10
大昌,1850.0,3527,4000,6460,2330,2026-03-10
大昌,1860.0,274,2187,6460,2330,2026-03-10
大昌,1870.0,3138,1150,6460,2330,2026-03-10
大昌,1880.0,5733,4145,6460,2330,2026-03-10
大昌,1890.0,0,2060,6460,2330,2026-03-10
大昌樹林,1840.0,90,10,6461,2330,2026-03-10
大昌樹林,1850.0,2010,0,6461,2330,2026-03-10
大昌樹林,1860.0,2555,117,6461,2330,2026-03-10
大昌樹林,1870.0,78,2000,6461,2330,2026-03-10
大昌樹林,1880.0,382,2392,6461,2330,2026-03-10
大昌樹林,1890.0,2000,200,6461,2330,2026-03-10
大昌安康,1840.0,101,0,6462,2330,2026-03-10
大昌,1840.0,20,0,6460,2330,2026-03-10
大昌安康,1850.0,1100,0,6462,2330,2026-03-10
大昌安康,1870.0,2025,0,6462,2330,2026-03-10
大昌安康,1880.0,116,2480,6462,2330,2026-03-10
大昌安康,1890.0,0,10,6462,2330,2026-03-10
大昌新竹,1840.0,160,0,6463,2330,2026-03-10
大昌新竹,1850.0,140,0,6463,2330,2026-03-10
大昌新竹,1860.0,1019,10,6463,2330,2026-03-10
大昌新竹,1870.0,3100,0,6463,2330,2026-03-10
大昌新竹,1880.0,31,1000,6463,2330,2026-03-10
大昌新店,1835.0,840,0,6464,2330,2026-03-10
大昌新店,1845.0,420,1000,6464,2330,2026-03-10
大昌新店,1855.0,457,345,6464,2330,2026-03-10
大昌新店,1865.0,402,5020,6464,2330,2026-03-10
大昌安康,1860.0,450,100,6462,2330,2026-03-10
光和和美,1890.0,20,50,6383,2330,2026-03-10
永全八德,1885.0,100,0,6452,2330,2026-03-10
永全八德,1865.0,2000,0,6452,2330,2026-03-10
光和花壇,1850.0,2,0,6385,2330,2026-03-10
光和花壇,1860.0,122,20,6385,2330,2026-03-10
光和花壇,1870.0,5,0,6385,2330,2026-03-10
光和花壇,1885.0,400,0,6385,2330,2026-03-10
光和嘉義,1840.0,1000,1014,638A,2330,2026-03-10
光和嘉義,1850.0,5,0,638A,2330,2026-03-10
光和嘉義,1860.0,1821,180,638A,2330,2026-03-10
光和嘉義,1870.0,2030,1000,638A,2330,2026-03-10
光和嘉義,1880.0,201,1015,638A,2330,2026-03-10
光和嘉義,1890.0,10,2,638A,2330,2026-03-10
光和高雄,1845.0,200,0,638D,2330,2026-03-10
光和高雄,1855.0,1004,5,638D,2330,2026-03-10
永全八德,1875.0,2,1000,6452,2330,2026-03-10
光和高雄,1865.0,3100,5,638D,2330,2026-03-10
光和高雄,1885.0,50,310,638D,2330,2026-03-10
永全,1845.0,5,0,6450,2330,2026-03-10
永全,1855.0,1270,2000,6450,2330,2026-03-10
永全,1865.0,1108,0,6450,2330,2026-03-10
永全,1875.0,1011,3050,6450,2330,2026-03-10
永全,1885.0,130,200,6450,2330,2026-03-10
永全南崁,1850.0,10,0,6451,2330,2026-03-10
永全南崁,1860.0,250,0,6451,2330,2026-03-10
永全南崁,1870.0,115,0,6451,2330,2026-03-10
永全南崁,1880.0,100,1100,6451,2330,2026-03-10
永全南崁,1890.0,0,100,6451,2330,2026-03-10
永全八德,1850.0,0,1000,6452,2330,2026-03-10
光和高雄,1875.0,40,2500,638D,2330,2026-03-10
國票中正,1850.0,36,0,7797,2330,2026-03-10
兆豐彰化,1845.0,75,0,700d,2330,2026-03-10
兆豐彰化,1865.0,118,17,700d,2330,2026-03-10
兆豐永和,1835.0,15,0,700X,2330,2026-03-10
兆豐永和,1845.0,45,1041,700X,2330,2026-03-10
兆豐永和,1855.0,100,1000,700X,2330,2026-03-10
兆豐永和,1865.0,111,0,700X,2330,2026-03-10
兆豐永和,1875.0,1147,3210,700X,2330,2026-03-10
兆豐永和,1885.0,97,40,700X,2330,2026-03-10
兆豐高雄,1835.0,1030,0,700Z,2330,2026-03-10
兆豐高雄,1845.0,843,80,700Z,2330,2026-03-10
兆豐高雄,1855.0,1090,90,700Z,2330,2026-03-10
兆豐高雄,1865.0,1371,5,700Z,2330,2026-03-10
兆豐高雄,1875.0,13502,4400,700Z,2330,2026-03-10
兆豐高雄,1885.0,1939,3762,700Z,2330,2026-03-10
兆豐城中,1885.0,1110,18230,700W,2330,2026-03-10
致和,1835.0,0,1,7030,2330,2026-03-10
致和,1855.0,1025,50,7030,2330,2026-03-10
致和,1865.0,120,0,7030,2330,2026-03-10
致和,1875.0,141,463,7030,2330,2026-03-10
致和,1885.0,2,105,7030,2330,2026-03-10
致和台北,1855.0,30,0,7031,2330,2026-03-10
致和台北,1865.0,26,0,7031,2330,2026-03-10
致和台北,1875.0,25,0,7031,2330,2026-03-10
致和台北,1885.0,29,20,7031,2330,2026-03-10
致和佳里,1845.0,100,10,7032,2330,2026-03-10
致和佳里,1855.0,15,90,7032,2330,2026-03-10
致和佳里,1865.0,1040,1500,7032,2330,2026-03-10
致和佳里,1875.0,2,10,7032,2330,2026-03-10
致和,1845.0,10,0,7030,2330,2026-03-10
致和佳里,1885.0,100,1150,7032,2330,2026-03-10
兆豐城中,1875.0,10102,1088,700W,2330,2026-03-10
兆豐城中,1855.0,3601,1000,700W,2330,2026-03-10
兆豐岡山,1885.0,165,10,700s,2330,2026-03-10
兆豐大同,1840.0,280,1100,700S,2330,2026-03-10
兆豐大同,1855.0,1,0,700S,2330,2026-03-10
兆豐大同,1865.0,31,0,700S,2330,2026-03-10
兆豐大同,1875.0,1051,2000,700S,2330,2026-03-10
兆豐大同,1885.0,2,1010,700S,2330,2026-03-10
兆豐桃鶯,1835.0,29,0,700U,2330,2026-03-10
兆豐桃鶯,1845.0,4230,0,700U,2330,2026-03-10
兆豐桃鶯,1855.0,3271,0,700U,2330,2026-03-10
兆豐桃鶯,1865.0,244,83,700U,2330,2026-03-10
兆豐桃鶯,1875.0,204,2214,700U,2330,2026-03-10
兆豐桃鶯,1885.0,1318,1068,700U,2330,2026-03-10
兆豐城中,1865.0,2052,4000,700W,2330,2026-03-10
兆豐新竹,1835.0,1024,1000,700V,2330,2026-03-10
兆豐新竹,1855.0,2933,9,700V,2330,2026-03-10
兆豐新竹,1865.0,4408,0,700V,2330,2026-03-10
兆豐新竹,1875.0,4375,1802,700V,2330,2026-03-10
兆豐新竹,1885.0,3240,820,700V,2330,2026-03-10
兆豐新莊,1830.0,1000,0,700w,2330,2026-03-10
兆豐新莊,1840.0,51,0,700w,2330,2026-03-10
兆豐新莊,1850.0,32,0,700w,2330,2026-03-10
兆豐新莊,1860.0,1160,0,700w,2330,2026-03-10
兆豐新莊,1870.0,25,0,700w,2330,2026-03-10
兆豐新莊,1880.0,440,966,700w,2330,2026-03-10
兆豐城中,1835.0,1057,10,700W,2330,2026-03-10
兆豐城中,1845.0,1077,6142,700W,2330,2026-03-10
兆豐新竹,1845.0,1221,1013,700V,2330,2026-03-10
兆豐岡山,1875.0,435,0,700s,2330,2026-03-10
致和府前,1835.0,1000,0,7033,2330,2026-03-10
致和府前,1865.0,0,20,7033,2330,2026-03-10
北城,1870.0,210,2000,7750,2330,2026-03-10
北城,1880.0,1131,3025,7750,2330,2026-03-10
國票綜合,1835.0,1001,0,7790,2330,2026-03-10
國票綜合,1845.0,196,0,7790,2330,2026-03-10
國票綜合,1855.0,1125,21080,7790,2330,2026-03-10
國票綜合,1865.0,151,0,7790,2330,2026-03-10
國票綜合,1875.0,2480,2615,7790,2330,2026-03-10
國票綜合,1885.0,1196,2702,7790,2330,2026-03-10
國票台東,1835.0,1000,0,7791,2330,2026-03-10
國票台東,1845.0,50,0,7791,2330,2026-03-10
國票台東,1855.0,61,0,7791,2330,2026-03-10
國票台東,1865.0,10,1015,7791,2330,2026-03-10
北城,1860.0,4560,0,7750,2330,2026-03-10
國票台東,1875.0,35,3214,7791,2330,2026-03-10
國票北投,1840.0,100,0,7792,2330,2026-03-10
國票北投,1850.0,2100,0,7792,2330,2026-03-10
國票北投,1860.0,132,280,7792,2330,2026-03-10
國票北投,1870.0,1031,0,7792,2330,2026-03-10
國票北投,1880.0,10186,10,7792,2330,2026-03-10
國票北投,1890.0,200,0,7792,2330,2026-03-10
國票南港,1840.0,216,0,7795,2330,2026-03-10
國票南港,1850.0,3596,1000,7795,2330,2026-03-10
國票南港,1860.0,163,0,7795,2330,2026-03-10
國票南港,1870.0,142,1000,7795,2330,2026-03-10
國票南港,1880.0,179,2070,7795,2330,2026-03-10
國票南港,1890.0,0,1,7795,2330,2026-03-10
國票台東,1885.0,54,30,7791,2330,2026-03-10
致和府前,1850.0,1020,0,7033,2330,2026-03-10
北城,1850.0,26185,0,7750,2330,2026-03-10
石橋,1860.0,100,0,7080,2330,2026-03-10
致和府前,1875.0,102,10,7033,2330,2026-03-10
致和府前,1885.0,2,90,7033,2330,2026-03-10
致和金華,1845.0,20,0,7034,2330,2026-03-10
致和金華,1855.0,1021,0,7034,2330,2026-03-10
致和金華,1865.0,1389,1000,7034,2330,2026-03-10
致和金華,1875.0,1013,500,7034,2330,2026-03-10
致和金華,1885.0,150,100,7034,2330,2026-03-10
致和東門,1850.0,2100,0,7035,2330,2026-03-10
致和東門,1865.0,5050,2000,7035,2330,2026-03-10
致和東門,1875.0,81,1000,7035,2330,2026-03-10
致和東門,1885.0,1020,1020,7035,2330,2026-03-10
致和高雄,1845.0,1000,3000,7036,2330,2026-03-10
北城,1840.0,1540,26,7750,2330,2026-03-10
致和高雄,1855.0,40,0,7036,2330,2026-03-10
致和高雄,1875.0,14,1060,7036,2330,2026-03-10
致和高雄,1885.0,60,2125,7036,2330,2026-03-10
致和南京,1845.0,2000,0,7038,2330,2026-03-10
致和南京,1855.0,2010,0,7038,2330,2026-03-10
致和南京,1870.0,30,0,7038,2330,2026-03-10
致和南京,1880.0,30,1000,7038,2330,2026-03-10
致和崇德,1835.0,20,0,703B,2330,2026-03-10
致和崇德,1845.0,0,120,703B,2330,2026-03-10
致和崇德,1855.0,1200,2000,703B,2330,2026-03-10
致和崇德,1865.0,603,0,703B,2330,2026-03-10
致和崇德,1875.0,1255,145,703B,2330,2026-03-10
致和崇德,1885.0,110,1241,703B,2330,2026-03-10
致和高雄,1865.0,10,0,7036,2330,2026-03-10
兆豐彰化,1855.0,119,60,700d,2330,2026-03-10
兆豐岡山,1865.0,26,0,700s,2330,2026-03-10
兆豐岡山,1845.0,89,2,700s,2330,2026-03-10
兆豐三民,1845.0,75,16,700h,2330,2026-03-10
兆豐三民,1855.0,532,0,700h,2330,2026-03-10
兆豐三民,1865.0,2090,15,700h,2330,2026-03-10
兆豐三民,1875.0,1473,191,700h,2330,2026-03-10
兆豐三民,1885.0,433,1073,700h,2330,2026-03-10
兆豐東門,1840.0,105,0,700H,2330,2026-03-10
兆豐東門,1850.0,1181,2000,700H,2330,2026-03-10
兆豐東門,1860.0,1293,0,700H,2330,2026-03-10
兆豐東門,1870.0,3018,1000,700H,2330,2026-03-10
兆豐東門,1880.0,26,1100,700H,2330,2026-03-10
兆豐松德,1835.0,1006,0,700i,2330,2026-03-10
兆豐松德,1845.0,1444,0,700i,2330,2026-03-10
兆豐三民,1835.0,1035,0,700h,2330,2026-03-10
兆豐松德,1855.0,4033,0,700i,2330,2026-03-10
兆豐松德,1875.0,42,10485,700i,2330,2026-03-10
兆豐松德,1885.0,378,6555,700i,2330,2026-03-10
兆豐北高,1835.0,75,0,700I,2330,2026-03-10
兆豐北高,1845.0,440,0,700I,2330,2026-03-10
兆豐北高,1855.0,2393,1194,700I,2330,2026-03-10
兆豐北高,1865.0,3949,532,700I,2330,2026-03-10
兆豐北高,1875.0,4644,6771,700I,2330,2026-03-10
兆豐北高,1885.0,198,2436,700I,2330,2026-03-10
兆豐大安,1835.0,10,0,700j,2330,2026-03-10
兆豐大安,1845.0,5,50,700j,2330,2026-03-10
兆豐大安,1855.0,130,0,700j,2330,2026-03-10
兆豐大安,1865.0,1108,2010,700j,2330,2026-03-10
兆豐松德,1865.0,7112,1000,700i,2330,2026-03-10
兆豐大安,1875.0,1590,10,700j,2330,2026-03-10
兆豐麻豆,1880.0,668,98,700G,2330,2026-03-10
兆豐麻豆,1860.0,112,514,700G,2330,2026-03-10
兆豐彰化,1875.0,245,3,700d,2330,2026-03-10
兆豐彰化,1885.0,11,604,700d,2330,2026-03-10
兆豐西螺,1840.0,80,0,700D,2330,2026-03-10
兆豐西螺,1850.0,9,0,700D,2330,2026-03-10
兆豐西螺,1860.0,58,180,700D,2330,2026-03-10
兆豐西螺,1875.0,53,51,700D,2330,2026-03-10
兆豐西螺,1885.0,84,251,700D,2330,2026-03-10
兆豐鹿港,1840.0,1128,20,700f,2330,2026-03-10
兆豐鹿港,1850.0,1443,50,700f,2330,2026-03-10
兆豐鹿港,1860.0,500,1050,700f,2330,2026-03-10
兆豐鹿港,1870.0,575,1000,700f,2330,2026-03-10
兆豐鹿港,1880.0,377,1848,700f,2330,2026-03-10
兆豐麻豆,1870.0,717,0,700G,2330,2026-03-10
兆豐鹿港,1890.0,0,50,700f,2330,2026-03-10
兆豐虎尾,1855.0,20,0,700F,2330,2026-03-10
兆豐虎尾,1865.0,10,0,700F,2330,2026-03-10
兆豐虎尾,1875.0,46,1100,700F,2330,2026-03-10
兆豐虎尾,1885.0,257,1100,700F,2330,2026-03-10
兆豐南門,1840.0,1111,46,700g,2330,2026-03-10
兆豐南門,1850.0,215,0,700g,2330,2026-03-10
兆豐南門,1860.0,590,510,700g,2330,2026-03-10
兆豐南門,1870.0,4294,2000,700g,2330,2026-03-10
兆豐南門,1880.0,3613,200,700g,2330,2026-03-10
兆豐南門,1890.0,10,50,700g,2330,2026-03-10
兆豐麻豆,1840.0,10,0,700G,2330,2026-03-10
兆豐麻豆,1850.0,50,0,700G,2330,2026-03-10
兆豐虎尾,1845.0,117,0,700F,2330,2026-03-10
兆豐岡山,1855.0,384,1050,700s,2330,2026-03-10
兆豐大安,1885.0,610,3416,700j,2330,2026-03-10
兆豐公益,1845.0,465,100,700J,2330,2026-03-10
兆豐埔墘,1870.0,15,0,700N,2330,2026-03-10
兆豐埔墘,1880.0,530,1000,700N,2330,2026-03-10
兆豐復興,1835.0,1005,0,700p,2330,2026-03-10
兆豐復興,1845.0,23,0,700p,2330,2026-03-10
兆豐復興,1855.0,120,2,700p,2330,2026-03-10
兆豐復興,1865.0,1078,120,700p,2330,2026-03-10
兆豐復興,1875.0,3357,1048,700p,2330,2026-03-10
兆豐復興,1885.0,899,2116,700p,2330,2026-03-10
兆豐南京,1835.0,2353,0,700P,2330,2026-03-10
兆豐南京,1850.0,1261,0,700P,2330,2026-03-10
兆豐南京,1860.0,129,0,700P,2330,2026-03-10
兆豐南京,1870.0,6044,0,700P,2330,2026-03-10
兆豐埔墘,1860.0,98,0,700N,2330,2026-03-10
兆豐南京,1880.0,45,511070,700P,2330,2026-03-10
兆豐寶成,1840.0,1288,0,700r,2330,2026-03-10
兆豐寶成,1850.0,2487,1000,700r,2330,2026-03-10
兆豐寶成,1860.0,2277,210,700r,2330,2026-03-10
兆豐寶成,1870.0,1315,18,700r,2330,2026-03-10
兆豐寶成,1880.0,1883,3360,700r,2330,2026-03-10
兆豐寶成,1890.0,275,10,700r,2330,2026-03-10
兆豐小港,1840.0,60,1000,700R,2330,2026-03-10
兆豐小港,1850.0,1066,1000,700R,2330,2026-03-10
兆豐小港,1860.0,2568,5,700R,2330,2026-03-10
兆豐小港,1870.0,72,1000,700R,2330,2026-03-10
兆豐小港,1880.0,831,1487,700R,2330,2026-03-10
兆豐岡山,1835.0,0,1000,700s,2330,2026-03-10
兆豐南京,1890.0,20,30,700P,2330,2026-03-10
兆豐公益,1835.0,2050,0,700J,2330,2026-03-10
兆豐埔墘,1850.0,10035,0,700N,2330,2026-03-10
兆豐桃園,1880.0,393,3709,700M,2330,2026-03-10
兆豐公益,1855.0,1209,584,700J,2330,2026-03-10
兆豐公益,1865.0,454,2000,700J,2330,2026-03-10
兆豐公益,1875.0,3632,370,700J,2330,2026-03-10
兆豐公益,1885.0,3380,890,700J,2330,2026-03-10
兆豐員林,1835.0,2000,1000,700k,2330,2026-03-10
兆豐員林,1845.0,1024,300,700k,2330,2026-03-10
兆豐員林,1855.0,1359,0,700k,2330,2026-03-10
兆豐員林,1865.0,11503,625,700k,2330,2026-03-10
兆豐員林,1875.0,661,380,700k,2330,2026-03-10
兆豐員林,1885.0,2096,1365,700k,2330,2026-03-10
兆豐新營,1835.0,35,0,700K,2330,2026-03-10
兆豐新營,1845.0,295,0,700K,2330,2026-03-10
兆豐埔墘,1840.0,203,60,700N,2330,2026-03-10
兆豐新營,1855.0,933,1000,700K,2330,2026-03-10
兆豐新營,1875.0,3710,2612,700K,2330,2026-03-10
兆豐新營,1885.0,1291,190,700K,2330,2026-03-10
兆豐天母,1840.0,108,0,700L,2330,2026-03-10
兆豐天母,1850.0,535,50,700L,2330,2026-03-10
兆豐天母,1860.0,1486,0,700L,2330,2026-03-10
兆豐天母,1870.0,2247,0,700L,2330,2026-03-10
兆豐天母,1880.0,9593,3050,700L,2330,2026-03-10
兆豐天母,1890.0,105,100,700L,2330,2026-03-10
兆豐桃園,1840.0,69,110,700M,2330,2026-03-10
兆豐桃園,1850.0,1360,0,700M,2330,2026-03-10
兆豐桃園,1860.0,438,71,700M,2330,2026-03-10
兆豐桃園,1870.0,4124,1000,700M,2330,2026-03-10
兆豐新營,1865.0,46,0,700K,2330,2026-03-10
光和高雄,1880.0,27,2029,638D,2330,2026-03-10
玉山板橋,1890.0,30,100,8846,2330,2026-03-10
永全,1850.0,120,0,6450,2330,2026-03-10
群益建成,1860.0,1245,0,918L,2330,2026-03-10
群益建成,1850.0,21,1000,918L,2330,2026-03-10
群益建成,1840.0,101,10,918L,2330,2026-03-10
群益東湖,1890.0,70,1,918K,2330,2026-03-10
群益東湖,1880.0,5269,3508,918K,2330,2026-03-10
群益東湖,1870.0,164,1000,918K,2330,2026-03-10
群益東湖,1860.0,6392,3010,918K,2330,2026-03-10
群益東湖,1850.0,3101,3003,918K,2330,2026-03-10
群益東湖,1840.0,2219,0,918K,2330,2026-03-10
群益永和,1885.0,713,200,918J,2330,2026-03-10
群益永和,1875.0,317,3568,918J,2330,2026-03-10
群益永和,1865.0,201,107,918J,2330,2026-03-10
群益建成,1870.0,17,2000,918L,2330,2026-03-10
群益永和,1855.0,2296,39,918J,2330,2026-03-10
群益永和,1835.0,271,18,918J,2330,2026-03-10
群益竹南,1885.0,3180,3325,918i,2330,2026-03-10
群益竹南,1875.0,1813,2000,918i,2330,2026-03-10
群益竹南,1865.0,1065,1150,918i,2330,2026-03-10
群益竹南,1855.0,42,1045,918i,2330,2026-03-10
群益竹南,1845.0,99,1000,918i,2330,2026-03-10
群益竹南,1835.0,14,0,918i,2330,2026-03-10
群益中山,1885.0,30,100,918H,2330,2026-03-10
群益中山,1875.0,379,2215,918H,2330,2026-03-10
群益中山,1865.0,20,2000,918H,2330,2026-03-10
群益中山,1855.0,3,0,918H,2330,2026-03-10
群益中山,1845.0,13,0,918H,2330,2026-03-10
群益永和,1845.0,436,2000,918J,2330,2026-03-10
群益新莊,1890.0,10,0,918G,2330,2026-03-10
群益建成,1880.0,777,1021,918L,2330,2026-03-10
群益嘉義,1845.0,295,529,918M,2330,2026-03-10
群益忠孝,1870.0,1045,6000,918W,2330,2026-03-10
群益忠孝,1860.0,2374,2005,918W,2330,2026-03-10
群益忠孝,1850.0,7146,1000,918W,2330,2026-03-10
群益忠孝,1840.0,4025,1000,918W,2330,2026-03-10
群益瑞豐,1890.0,50,110,918u,2330,2026-03-10
群益瑞豐,1880.0,1187,94,918u,2330,2026-03-10
群益瑞豐,1870.0,80,3000,918u,2330,2026-03-10
群益瑞豐,1860.0,961,2051,918u,2330,2026-03-10
群益瑞豐,1850.0,1094,0,918u,2330,2026-03-10
群益瑞豐,1840.0,187,70,918u,2330,2026-03-10
群益丹鳳,1890.0,20,0,918s,2330,2026-03-10
群益丹鳳,1880.0,217,40,918s,2330,2026-03-10
群益嘉義,1835.0,62,1000,918M,2330,2026-03-10
群益丹鳳,1870.0,1125,0,918s,2330,2026-03-10
群益丹鳳,1850.0,1045,50,918s,2330,2026-03-10
群益丹鳳,1840.0,2094,50,918s,2330,2026-03-10
群益丹鳳,1830.0,1000,0,918s,2330,2026-03-10
群益天母,1880.0,2072,100,918P,2330,2026-03-10
群益天母,1870.0,1340,0,918P,2330,2026-03-10
群益天母,1860.0,265,1000,918P,2330,2026-03-10
群益天母,1850.0,3099,1000,918P,2330,2026-03-10
群益天母,1840.0,30,0,918P,2330,2026-03-10
群益嘉義,1885.0,2506,3956,918M,2330,2026-03-10
群益嘉義,1875.0,1259,1498,918M,2330,2026-03-10
群益嘉義,1865.0,1297,305,918M,2330,2026-03-10
群益嘉義,1855.0,257,0,918M,2330,2026-03-10
群益丹鳳,1860.0,340,0,918s,2330,2026-03-10
群益忠孝,1880.0,4218,8300,918W,2330,2026-03-10
群益新莊,1880.0,376,2620,918G,2330,2026-03-10
群益新莊,1860.0,3447,0,918G,2330,2026-03-10
群益東門,1840.0,125,1230,918D,2330,2026-03-10
群益內湖,1885.0,1210,1160,918d,2330,2026-03-10
群益內湖,1875.0,112,7008,918d,2330,2026-03-10
群益內湖,1865.0,80,0,918d,2330,2026-03-10
群益內湖,1855.0,2074,0,918d,2330,2026-03-10
群益內湖,1845.0,110,0,918d,2330,2026-03-10
群益內湖,1835.0,30,0,918d,2330,2026-03-10
群益古亭,1885.0,4399,10207,918C,2330,2026-03-10
群益古亭,1875.0,9696,15261,918C,2330,2026-03-10
群益古亭,1865.0,8265,380,918C,2330,2026-03-10
群益古亭,1855.0,116,12,918C,2330,2026-03-10
群益古亭,1845.0,113,1001,918C,2330,2026-03-10
群益東門,1850.0,32800,0,918D,2330,2026-03-10
群益古亭,1835.0,18,0,918C,2330,2026-03-10
群益鳳山,1880.0,2353,2247,918c,2330,2026-03-10
群益鳳山,1870.0,1170,2060,918c,2330,2026-03-10
群益鳳山,1860.0,582,506,918c,2330,2026-03-10
群益鳳山,1850.0,2238,10,918c,2330,2026-03-10
群益鳳山,1840.0,1069,0,918c,2330,2026-03-10
群益板橋,1890.0,0,50,918B,2330,2026-03-10
群益板橋,1880.0,1150,4,918B,2330,2026-03-10
群益板橋,1870.0,1261,0,918B,2330,2026-03-10
群益板橋,1860.0,72,640,918B,2330,2026-03-10
群益板橋,1850.0,1010,1035,918B,2330,2026-03-10
群益板橋,1840.0,84,0,918B,2330,2026-03-10
群益中壢,1890.0,0,100,918A,2330,2026-03-10
群益鳳山,1890.0,81,2080,918c,2330,2026-03-10
群益新莊,1870.0,173,1000,918G,2330,2026-03-10
群益東門,1860.0,1345,0,918D,2330,2026-03-10
群益東門,1880.0,3358,2620,918D,2330,2026-03-10
群益新莊,1850.0,2119,2000,918G,2330,2026-03-10
群益新莊,1840.0,489,250,918G,2330,2026-03-10
群益大甲,1885.0,1330,146,918g,2330,2026-03-10
群益大甲,1875.0,370,1010,918g,2330,2026-03-10
群益大甲,1865.0,635,2008,918g,2330,2026-03-10
群益大甲,1855.0,2270,2,918g,2330,2026-03-10
群益大甲,1845.0,131,0,918g,2330,2026-03-10
群益大甲,1835.0,1236,0,918g,2330,2026-03-10
群益新店,1885.0,2310,1216,918F,2330,2026-03-10
群益新店,1875.0,5179,2321,918F,2330,2026-03-10
群益新店,1865.0,2111,2018,918F,2330,2026-03-10
群益新店,1855.0,60,10,918F,2330,2026-03-10
群益東門,1870.0,463,2038,918D,2330,2026-03-10
群益新店,1845.0,2,400,918F,2330,2026-03-10
群益南京,1885.0,75,1016,918E,2330,2026-03-10
群益南京,1875.0,269,1132,918E,2330,2026-03-10
群益南京,1865.0,212,25,918E,2330,2026-03-10
群益南京,1855.0,53,1000,918E,2330,2026-03-10
群益南京,1845.0,9,1,918E,2330,2026-03-10
群益南京,1835.0,2,0,918E,2330,2026-03-10
群益大安,1890.0,10,50,918e,2330,2026-03-10
群益大安,1880.0,101,2000,918e,2330,2026-03-10
群益大安,1870.0,0,7000,918e,2330,2026-03-10
群益大安,1860.0,15,0,918e,2330,2026-03-10
群益大安,1850.0,70000,0,918e,2330,2026-03-10
群益東門,1890.0,0,50,918D,2330,2026-03-10
群益新店,1835.0,12,0,918F,2330,2026-03-10
群益中壢,1880.0,448,2300,918A,2330,2026-03-10
群益忠孝,1890.0,1,2010,918W,2330,2026-03-10
群益延平,1850.0,76,2400,918x,2330,2026-03-10
凱基彰化,1850.0,1417,3000,920G,2330,2026-03-10
凱基彰化,1840.0,293,1020,920G,2330,2026-03-10
凱基站前,1890.0,213,0,920F,2330,2026-03-10
凱基站前,1880.0,6751,3250,920F,2330,2026-03-10
凱基站前,1870.0,19549,3102,920F,2330,2026-03-10
凱基站前,1860.0,8900,30,920F,2330,2026-03-10
凱基站前,1850.0,2596,6305,920F,2330,2026-03-10
凱基站前,1840.0,2660,0,920F,2330,2026-03-10
凱基市府,1890.0,120,151,920D,2330,2026-03-10
凱基市府,1880.0,2695,1988,920D,2330,2026-03-10
凱基市府,1870.0,2268,5000,920D,2330,2026-03-10
凱基市府,1860.0,1224,1001,920D,2330,2026-03-10
凱基彰化,1860.0,2346,2000,920G,2330,2026-03-10
凱基市府,1850.0,2685,1000,920D,2330,2026-03-10
凱基雙和,1890.0,0,1000,920C,2330,2026-03-10
凱基雙和,1880.0,6646,2571,920C,2330,2026-03-10
凱基雙和,1870.0,101,1000,920C,2330,2026-03-10
凱基雙和,1860.0,1442,1000,920C,2330,2026-03-10
凱基雙和,1850.0,4094,0,920C,2330,2026-03-10
凱基雙和,1840.0,1079,0,920C,2330,2026-03-10
凱基板橋,1890.0,11,10,920A,2330,2026-03-10
凱基板橋,1880.0,322,3305,920A,2330,2026-03-10
凱基板橋,1870.0,76,3000,920A,2330,2026-03-10
凱基板橋,1860.0,2075,3,920A,2330,2026-03-10
凱基板橋,1850.0,224,2000,920A,2330,2026-03-10
凱基板橋,1840.0,359,0,920A,2330,2026-03-10
凱基市府,1840.0,236,0,920D,2330,2026-03-10
凱基岡山,1890.0,250,0,9209,2330,2026-03-10
凱基彰化,1870.0,2162,5010,920G,2330,2026-03-10
凱基彰化,1890.0,35,10,920G,2330,2026-03-10
凱基大里,1860.0,1085,50023,920W,2330,2026-03-10
凱基大里,1850.0,40029,10000,920W,2330,2026-03-10
凱基大里,1840.0,25,0,920W,2330,2026-03-10
凱基新店,1885.0,88,1021,920V,2330,2026-03-10
凱基新店,1875.0,7685,1250,920V,2330,2026-03-10
凱基新店,1865.0,175,0,920V,2330,2026-03-10
凱基新店,1855.0,8,0,920V,2330,2026-03-10
凱基新店,1845.0,422,0,920V,2330,2026-03-10
凱基新店,1835.0,92,0,920V,2330,2026-03-10
凱基湖口,1885.0,761,108,920N,2330,2026-03-10
凱基湖口,1875.0,144,1222,920N,2330,2026-03-10
凱基湖口,1865.0,1255,66,920N,2330,2026-03-10
凱基彰化,1880.0,3995,65464,920G,2330,2026-03-10
凱基湖口,1855.0,1254,5,920N,2330,2026-03-10
凱基湖口,1835.0,10,0,920N,2330,2026-03-10
凱基宜蘭,1885.0,156,60,920M,2330,2026-03-10
凱基宜蘭,1875.0,1545,5100,920M,2330,2026-03-10
凱基宜蘭,1865.0,1040,0,920M,2330,2026-03-10
凱基宜蘭,1855.0,3251,80,920M,2330,2026-03-10
凱基宜蘭,1845.0,118,0,920M,2330,2026-03-10
凱基宜蘭,1835.0,10,0,920M,2330,2026-03-10
凱基基隆,1880.0,1530,1340,920H,2330,2026-03-10
凱基基隆,1870.0,1425,510,920H,2330,2026-03-10
凱基基隆,1860.0,326,0,920H,2330,2026-03-10
凱基基隆,1850.0,122,0,920H,2330,2026-03-10
凱基基隆,1840.0,156,0,920H,2330,2026-03-10
凱基湖口,1845.0,1015,10,920N,2330,2026-03-10
群益延平,1840.0,207,0,918x,2330,2026-03-10
凱基岡山,1880.0,1247,2558,9209,2330,2026-03-10
凱基岡山,1860.0,1191,100,9209,2330,2026-03-10
凱基台中,1850.0,1172,25,9204,2330,2026-03-10
凱基台中,1840.0,324,2,9204,2330,2026-03-10
凱基中港,1890.0,10,8,9202,2330,2026-03-10
凱基中港,1880.0,2445,504,9202,2330,2026-03-10
凱基中港,1870.0,1076,1050,9202,2330,2026-03-10
凱基中港,1860.0,2483,2000,9202,2330,2026-03-10
凱基中港,1850.0,3575,0,9202,2330,2026-03-10
凱基中港,1840.0,1291,50,9202,2330,2026-03-10
凱基,1885.0,35034,4005,9200,2330,2026-03-10
凱基,1875.0,5062,6005,9200,2330,2026-03-10
凱基,1865.0,58440,1000,9200,2330,2026-03-10
凱基,1855.0,119540,0,9200,2330,2026-03-10
凱基台中,1860.0,370,31,9204,2330,2026-03-10
凱基,1845.0,10467,5,9200,2330,2026-03-10
群益宜蘭,1885.0,422,570,918z,2330,2026-03-10
群益宜蘭,1875.0,1052,460,918z,2330,2026-03-10
群益宜蘭,1865.0,1010,1016,918z,2330,2026-03-10
群益宜蘭,1855.0,36,9100,918z,2330,2026-03-10
群益宜蘭,1840.0,1055,200,918z,2330,2026-03-10
群益台北,1880.0,140,0,918X,2330,2026-03-10
群益台北,1870.0,1005,0,918X,2330,2026-03-10
群益台北,1860.0,1,0,918X,2330,2026-03-10
群益台北,1850.0,1030,0,918X,2330,2026-03-10
群益延平,1880.0,1314,27315,918x,2330,2026-03-10
群益延平,1870.0,28,2000,918x,2330,2026-03-10
群益延平,1860.0,1249,0,918x,2330,2026-03-10
凱基,1835.0,22,0,9200,2330,2026-03-10
凱基岡山,1870.0,1016,10,9209,2330,2026-03-10
凱基台中,1870.0,75,2000,9204,2330,2026-03-10
凱基台中,1890.0,0,20,9204,2330,2026-03-10
凱基岡山,1850.0,95,1000,9209,2330,2026-03-10
凱基岡山,1840.0,485,13,9209,2330,2026-03-10
凱基桃園,1885.0,4976,26507,9208,2330,2026-03-10
凱基桃園,1875.0,2316,2629,9208,2330,2026-03-10
凱基桃園,1865.0,1299,177,9208,2330,2026-03-10
凱基桃園,1855.0,2795,1132,9208,2330,2026-03-10
凱基桃園,1845.0,518,524,9208,2330,2026-03-10
凱基桃園,1835.0,2313,8,9208,2330,2026-03-10
凱基永和,1885.0,273,261,9207,2330,2026-03-10
凱基永和,1875.0,2147,1278,9207,2330,2026-03-10
凱基永和,1865.0,205,0,9207,2330,2026-03-10
凱基永和,1855.0,25,610,9207,2330,2026-03-10
凱基台中,1880.0,2657,1024,9204,2330,2026-03-10
凱基永和,1845.0,202,1000,9207,2330,2026-03-10
凱基高雄,1885.0,1384,4220,9206,2330,2026-03-10
凱基高雄,1875.0,4962,3145,9206,2330,2026-03-10
凱基高雄,1865.0,1128,1210,9206,2330,2026-03-10
凱基高雄,1855.0,1359,8390,9206,2330,2026-03-10
凱基高雄,1845.0,133,20,9206,2330,2026-03-10
凱基高雄,1835.0,65,90,9206,2330,2026-03-10
凱基三重,1890.0,77,250,9205,2330,2026-03-10
凱基三重,1880.0,515,1860,9205,2330,2026-03-10
凱基三重,1870.0,2052,3001,9205,2330,2026-03-10
凱基三重,1860.0,2101,138,9205,2330,2026-03-10
凱基三重,1850.0,582,20,9205,2330,2026-03-10
凱基三重,1840.0,1928,200,9205,2330,2026-03-10
凱基永和,1835.0,110,0,9207,2330,2026-03-10
凱基大里,1870.0,38,1000,920W,2330,2026-03-10
群益中壢,1870.0,4116,15,918A,2330,2026-03-10
群益中壢,1850.0,65,13,918A,2330,2026-03-10
群益松山,1870.0,300,20000,9103,2330,2026-03-10
群益松山,1860.0,341,1000,9103,2330,2026-03-10
群益松山,1850.0,3550,1000,9103,2330,2026-03-10
群益松山,1840.0,1110,0,9103,2330,2026-03-10
群益敦南,1890.0,101,0,9101,2330,2026-03-10
群益敦南,1880.0,2397,2331,9101,2330,2026-03-10
群益敦南,1870.0,215,1100,9101,2330,2026-03-10
群益敦南,1860.0,12347,350,9101,2330,2026-03-10
群益敦南,1850.0,305,593,9101,2330,2026-03-10
群益敦南,1840.0,1256,300,9101,2330,2026-03-10
群益,1890.0,50,0,9100,2330,2026-03-10
群益,1880.0,7844,1908,9100,2330,2026-03-10
群益松山,1880.0,30,5001,9103,2330,2026-03-10
群益,1870.0,11060,5050,9100,2330,2026-03-10
群益,1850.0,217140,9500,9100,2330,2026-03-10
群益,1840.0,3220,0,9100,2330,2026-03-10
上海匯豐,1885.0,2000,0,8960,2330,2026-03-10
上海匯豐,1875.0,2000,0,8960,2330,2026-03-10
上海匯豐,1865.0,2000,0,8960,2330,2026-03-10
上海匯豐,1855.0,3500,0,8960,2330,2026-03-10
上海匯豐,1845.0,1000,0,8960,2330,2026-03-10
上海匯豐,1835.0,2000,0,8960,2330,2026-03-10
法銀巴黎,1880.0,47000,117331,8900,2330,2026-03-10
法銀巴黎,1870.0,51000,19000,8900,2330,2026-03-10
法銀巴黎,1860.0,5000,70837,8900,2330,2026-03-10
法銀巴黎,1850.0,36000,443865,8900,2330,2026-03-10
群益,1860.0,12150,1250,9100,2330,2026-03-10
法銀巴黎,1840.0,5000,152910,8900,2330,2026-03-10
群益松山,1890.0,1000,1000,9103,2330,2026-03-10
群益高盛,1850.0,108,0,9105,2330,2026-03-10
群益開元,1870.0,95,1000,9134,2330,2026-03-10
群益開元,1860.0,536,2,9134,2330,2026-03-10
群益開元,1850.0,1323,60,9134,2330,2026-03-10
群益開元,1840.0,308,50,9134,2330,2026-03-10
群益民權,1890.0,0,15,9131,2330,2026-03-10
群益民權,1880.0,682,6191,9131,2330,2026-03-10
群益民權,1870.0,44,0,9131,2330,2026-03-10
群益民權,1860.0,513,314,9131,2330,2026-03-10
群益民權,1850.0,1360,1100,9131,2330,2026-03-10
群益民權,1840.0,1502,0,9131,2330,2026-03-10
群益市府,1890.0,1,0,910D,2330,2026-03-10
群益市府,1880.0,1187,2035,910D,2330,2026-03-10
群益高盛,1840.0,1150,10,9105,2330,2026-03-10
群益市府,1870.0,136,3000,910D,2330,2026-03-10
群益市府,1850.0,15193,0,910D,2330,2026-03-10
群益市府,1840.0,205,0,910D,2330,2026-03-10
群益市府,1830.0,1000,0,910D,2330,2026-03-10
群益海山,1885.0,207,3600,9108,2330,2026-03-10
群益海山,1875.0,37,2056,9108,2330,2026-03-10
群益海山,1865.0,182,0,9108,2330,2026-03-10
群益海山,1855.0,70,0,9108,2330,2026-03-10
群益海山,1845.0,181,50,9108,2330,2026-03-10
群益海山,1835.0,25,0,9108,2330,2026-03-10
群益高盛,1880.0,733,640,9105,2330,2026-03-10
群益高盛,1870.0,224,0,9105,2330,2026-03-10
群益高盛,1860.0,324,0,9105,2330,2026-03-10
群益市府,1860.0,240,15000,910D,2330,2026-03-10
群益開元,1880.0,425,1275,9134,2330,2026-03-10
大和國泰,1890.0,0,5000,8890,2330,2026-03-10
大和國泰,1870.0,17000,1000,8890,2330,2026-03-10
國泰忠孝,1875.0,20974,5483,8887,2330,2026-03-10
國泰忠孝,1865.0,4506,46,8887,2330,2026-03-10
國泰忠孝,1855.0,2717,4008,8887,2330,2026-03-10
國泰忠孝,1845.0,697,2065,8887,2330,2026-03-10
國泰忠孝,1835.0,1306,0,8887,2330,2026-03-10
國泰新莊,1890.0,1064,85,8886,2330,2026-03-10
國泰新莊,1880.0,4780,9784,8886,2330,2026-03-10
國泰新莊,1870.0,3865,2048,8886,2330,2026-03-10
國泰新莊,1860.0,1128,719,8886,2330,2026-03-10
國泰新莊,1850.0,2710,7002,8886,2330,2026-03-10
國泰新莊,1840.0,1653,70,8886,2330,2026-03-10
國泰桃園,1890.0,1808,190,8885,2330,2026-03-10
國泰忠孝,1885.0,8283,10040,8887,2330,2026-03-10
國泰桃園,1880.0,10158,9247,8885,2330,2026-03-10
國泰桃園,1860.0,6301,3217,8885,2330,2026-03-10
國泰桃園,1850.0,6493,107,8885,2330,2026-03-10
國泰桃園,1840.0,3953,2853,8885,2330,2026-03-10
國泰桃園,1830.0,10,0,8885,2330,2026-03-10
國泰台南,1885.0,5451,8806,8884,2330,2026-03-10
國泰台南,1875.0,12514,3932,8884,2330,2026-03-10
國泰台南,1865.0,4436,2552,8884,2330,2026-03-10
國泰台南,1855.0,5103,1828,8884,2330,2026-03-10
國泰台南,1845.0,949,346,8884,2330,2026-03-10
國泰台南,1835.0,1383,2050,8884,2330,2026-03-10
國泰松江,1885.0,4476,1841,8883,2330,2026-03-10
國泰松江,1875.0,8432,9964,8883,2330,2026-03-10
國泰桃園,1870.0,9511,2699,8885,2330,2026-03-10
大和國泰,1880.0,3000,17000,8890,2330,2026-03-10
國泰敦南,1830.0,1012,0,8888,2330,2026-03-10
國泰敦南,1850.0,77222,17954,8888,2330,2026-03-10
大和國泰,1860.0,2000,0,8890,2330,2026-03-10
大和國泰,1850.0,3000,1000,8890,2330,2026-03-10
大和國泰,1840.0,2000,0,8890,2330,2026-03-10
國泰新竹,1890.0,1,0,888N,2330,2026-03-10
國泰新竹,1880.0,1255,1869,888N,2330,2026-03-10
國泰新竹,1870.0,4164,1011,888N,2330,2026-03-10
國泰新竹,1860.0,512,0,888N,2330,2026-03-10
國泰新竹,1850.0,1165,0,888N,2330,2026-03-10
國泰新竹,1840.0,76,0,888N,2330,2026-03-10
國泰板橋,1890.0,1285,375,888K,2330,2026-03-10
國泰板橋,1880.0,15737,19137,888K,2330,2026-03-10
國泰板橋,1870.0,12275,10910,888K,2330,2026-03-10
國泰敦南,1840.0,45377,16154,8888,2330,2026-03-10
國泰板橋,1860.0,11146,4161,888K,2330,2026-03-10
國泰板橋,1840.0,12440,2408,888K,2330,2026-03-10
國泰板橋,1830.0,0,10,888K,2330,2026-03-10
國泰館前,1885.0,11796,19146,888A,2330,2026-03-10
國泰館前,1875.0,19097,21076,888A,2330,2026-03-10
國泰館前,1865.0,13195,6065,888A,2330,2026-03-10
國泰館前,1855.0,8900,6428,888A,2330,2026-03-10
國泰館前,1845.0,6276,1454,888A,2330,2026-03-10
國泰館前,1835.0,5904,1021,888A,2330,2026-03-10
國泰敦南,1890.0,5846,4200,8888,2330,2026-03-10
國泰敦南,1880.0,79711,89655,8888,2330,2026-03-10
國泰敦南,1870.0,82060,19949,8888,2330,2026-03-10
國泰敦南,1860.0,51123,21116,8888,2330,2026-03-10
國泰板橋,1850.0,15398,5671,888K,2330,2026-03-10
群益中壢,1860.0,384,1500,918A,2330,2026-03-10
群益開元,1890.0,20,100,9134,2330,2026-03-10
群益東大,1845.0,2127,5050,9135,2330,2026-03-10
群益台南,1835.0,23,150,9185,2330,2026-03-10
群益台中,1885.0,2216,3161,9184,2330,2026-03-10
群益台中,1875.0,5735,4634,9184,2330,2026-03-10
群益台中,1865.0,2521,2016,9184,2330,2026-03-10
群益台中,1855.0,4128,2222,9184,2330,2026-03-10
群益台中,1845.0,2027,61,9184,2330,2026-03-10
群益台中,1835.0,56,550,9184,2330,2026-03-10
群益高雄,1885.0,8610,1169,9183,2330,2026-03-10
群益高雄,1875.0,2651,785,9183,2330,2026-03-10
群益高雄,1865.0,116,100,9183,2330,2026-03-10
群益高雄,1855.0,393,15,9183,2330,2026-03-10
群益高雄,1845.0,515,130,9183,2330,2026-03-10
群益台南,1845.0,126,320,9185,2330,2026-03-10
群益高雄,1835.0,11,0,9183,2330,2026-03-10
群益館前,1870.0,7170,1000,913Y,2330,2026-03-10
群益館前,1860.0,600,0,913Y,2330,2026-03-10
群益館前,1850.0,62,0,913Y,2330,2026-03-10
群益館前,1840.0,261,200,913Y,2330,2026-03-10
群益崇德,1890.0,25,1000,913U,2330,2026-03-10
群益崇德,1880.0,144,1125,913U,2330,2026-03-10
群益崇德,1870.0,3220,0,913U,2330,2026-03-10
群益崇德,1860.0,405,0,913U,2330,2026-03-10
群益崇德,1850.0,6240,0,913U,2330,2026-03-10
群益崇德,1840.0,64,245,913U,2330,2026-03-10
群益北高,1890.0,0,10,913R,2330,2026-03-10
群益北高,1880.0,6914,4167,913R,2330,2026-03-10
群益館前,1880.0,19077,1071,913Y,2330,2026-03-10
群益北高,1870.0,1060,1000,913R,2330,2026-03-10
群益台南,1855.0,46,0,9185,2330,2026-03-10
群益台南,1875.0,132,440,9185,2330,2026-03-10
群益中壢,1840.0,1011,0,918A,2330,2026-03-10
群益桃園,1890.0,10,0,9189,2330,2026-03-10
群益桃園,1880.0,1900,190,9189,2330,2026-03-10
群益桃園,1870.0,48,1000,9189,2330,2026-03-10
群益桃園,1860.0,1235,300,9189,2330,2026-03-10
群益桃園,1850.0,58,0,9189,2330,2026-03-10
群益桃園,1840.0,45,2000,9189,2330,2026-03-10
群益三民,1890.0,2,0,9188,2330,2026-03-10
群益三民,1880.0,1217,2105,9188,2330,2026-03-10
群益三民,1870.0,1176,100,9188,2330,2026-03-10
群益三民,1860.0,608,50,9188,2330,2026-03-10
群益三民,1850.0,2496,330,9188,2330,2026-03-10
群益台南,1865.0,21,0,9185,2330,2026-03-10
群益三民,1840.0,1031,200,9188,2330,2026-03-10
群益彰化,1880.0,4378,2041,9187,2330,2026-03-10
群益彰化,1870.0,2051,1070,9187,2330,2026-03-10
群益彰化,1860.0,1599,1280,9187,2330,2026-03-10
群益彰化,1850.0,4178,10,9187,2330,2026-03-10
群益彰化,1840.0,1990,0,9187,2330,2026-03-10
群益新竹,1890.0,1010,0,9186,2330,2026-03-10
群益新竹,1880.0,3076,1687,9186,2330,2026-03-10
群益新竹,1870.0,104293,20,9186,2330,2026-03-10
群益新竹,1860.0,662,1036,9186,2330,2026-03-10
群益新竹,1850.0,4313,3000,9186,2330,2026-03-10
群益新竹,1840.0,478,4000,9186,2330,2026-03-10
群益台南,1885.0,179,230,9185,2330,2026-03-10
群益彰化,1890.0,20,100,9187,2330,2026-03-10
群益東大,1835.0,6031,1000,9135,2330,2026-03-10
群益北高,1860.0,1606,731,913R,2330,2026-03-10
群益北高,1840.0,1070,1730,913R,2330,2026-03-10
群益潭子,1875.0,541,2013,913D,2330,2026-03-10
群益潭子,1865.0,2252,70,913D,2330,2026-03-10
群益潭子,1855.0,1141,0,913D,2330,2026-03-10
群益潭子,1840.0,7177,100,913D,2330,2026-03-10
群益中港,1890.0,0,20,9138,2330,2026-03-10
群益中港,1880.0,193,52,9138,2330,2026-03-10
群益中港,1870.0,2015,1000,9138,2330,2026-03-10
群益中港,1860.0,2292,5050,9138,2330,2026-03-10
群益中港,1850.0,1082,1000,9138,2330,2026-03-10
群益中港,1840.0,41,1000,9138,2330,2026-03-10
群益士林,1885.0,1399,111,9137,2330,2026-03-10
群益士林,1875.0,354,4300,9137,2330,2026-03-10
群益潭子,1885.0,1108,394,913D,2330,2026-03-10
群益士林,1865.0,2259,1510,9137,2330,2026-03-10
群益士林,1845.0,1078,30,9137,2330,2026-03-10
群益士林,1835.0,1060,0,9137,2330,2026-03-10
群益西松,1885.0,4430,1132,9136,2330,2026-03-10
群益西松,1875.0,1209,43537,9136,2330,2026-03-10
群益西松,1865.0,2297,0,9136,2330,2026-03-10
群益西松,1855.0,1218,100,9136,2330,2026-03-10
群益西松,1845.0,1100,10,9136,2330,2026-03-10
群益西松,1835.0,114,1000,9136,2330,2026-03-10
群益東大,1885.0,1670,2275,9135,2330,2026-03-10
群益東大,1875.0,2403,87,9135,2330,2026-03-10
群益東大,1865.0,3256,175,9135,2330,2026-03-10
群益東大,1855.0,36,4000,9135,2330,2026-03-10
群益士林,1855.0,271,1110,9137,2330,2026-03-10
群益北高,1850.0,27,1000,913R,2330,2026-03-10
群益基隆,1835.0,100,0,913E,2330,2026-03-10
群益基隆,1855.0,70,0,913E,2330,2026-03-10
群益土城,1880.0,22,12,913N,2330,2026-03-10
群益土城,1870.0,3120,2000,913N,2330,2026-03-10
群益土城,1860.0,85,2010,913N,2330,2026-03-10
群益土城,1850.0,2180,1000,913N,2330,2026-03-10
群益土城,1835.0,2000,0,913N,2330,2026-03-10
群益萬華,1885.0,1195,4255,913I,2330,2026-03-10
群益萬華,1875.0,1251,1800,913I,2330,2026-03-10
群益萬華,1865.0,1431,2000,913I,2330,2026-03-10
群益萬華,1855.0,2043,0,913I,2330,2026-03-10
群益萬華,1845.0,4,55,913I,2330,2026-03-10
群益萬華,1835.0,10,0,913I,2330,2026-03-10
群益屏東,1885.0,131,1000,913H,2330,2026-03-10
群益基隆,1845.0,100,0,913E,2330,2026-03-10
群益屏東,1875.0,33,1120,913H,2330,2026-03-10
群益屏東,1855.0,287,0,913H,2330,2026-03-10
群益屏東,1845.0,102,50,913H,2330,2026-03-10
群益屏東,1835.0,7,5,913H,2330,2026-03-10
群益三重,1885.0,635,1015,913g,2330,2026-03-10
群益三重,1875.0,2677,1267,913g,2330,2026-03-10
群益三重,1865.0,610,100,913g,2330,2026-03-10
群益三重,1855.0,296,0,913g,2330,2026-03-10
群益三重,1845.0,26,1000,913g,2330,2026-03-10
群益三重,1835.0,1000,0,913g,2330,2026-03-10
群益基隆,1885.0,10,255,913E,2330,2026-03-10
群益基隆,1875.0,90,102,913E,2330,2026-03-10
群益基隆,1865.0,2067,0,913E,2330,2026-03-10
群益屏東,1865.0,28,10,913H,2330,2026-03-10
國泰松江,1865.0,3135,103,8883,2330,2026-03-10
凱基大里,1880.0,102,1092,920W,2330,2026-03-10
凱基台東,1840.0,51,0,920Z,2330,2026-03-10
華南台南,1835.0,1033,0,9306,2330,2026-03-10
華南新莊,1885.0,1159,406,9305,2330,2026-03-10
華南新莊,1875.0,1190,1808,9305,2330,2026-03-10
華南新莊,1865.0,73,0,9305,2330,2026-03-10
華南新莊,1855.0,197,275,9305,2330,2026-03-10
華南新莊,1845.0,139,0,9305,2330,2026-03-10
華南新莊,1835.0,59,0,9305,2330,2026-03-10
華南高雄,1885.0,3204,1330,9303,2330,2026-03-10
華南高雄,1875.0,3793,4191,9303,2330,2026-03-10
華南高雄,1865.0,1859,70,9303,2330,2026-03-10
華南高雄,1855.0,596,3,9303,2330,2026-03-10
華南高雄,1845.0,76,60,9303,2330,2026-03-10
華南台南,1845.0,1572,100,9306,2330,2026-03-10
華南高雄,1835.0,33,70,9303,2330,2026-03-10
華南台中,1880.0,3557,3818,9302,2330,2026-03-10
華南台中,1870.0,6394,1010,9302,2330,2026-03-10
華南台中,1860.0,1314,2070,9302,2330,2026-03-10
華南台中,1850.0,2644,2241,9302,2330,2026-03-10
華南台中,1840.0,1162,100,9302,2330,2026-03-10
華南台中,1830.0,2000,0,9302,2330,2026-03-10
華南永昌,1885.0,15059,11578,9300,2330,2026-03-10
華南永昌,1875.0,9589,23856,9300,2330,2026-03-10
華南永昌,1865.0,20019,6305,9300,2330,2026-03-10
華南永昌,1855.0,12251,3251,9300,2330,2026-03-10
華南永昌,1845.0,6444,27310,9300,2330,2026-03-10
華南永昌,1835.0,1233,1175,9300,2330,2026-03-10
華南台中,1890.0,205,216,9302,2330,2026-03-10
凱基文心,1890.0,100,0,9297,2330,2026-03-10
華南台南,1855.0,53,137,9306,2330,2026-03-10
華南台南,1875.0,1521,2560,9306,2330,2026-03-10
華南嘉義,1845.0,6,0,9314,2330,2026-03-10
華南嘉義,1835.0,1002,0,9314,2330,2026-03-10
華南民權,1885.0,204,1071,9312,2330,2026-03-10
華南民權,1875.0,170,4130,9312,2330,2026-03-10
華南民權,1865.0,6132,1416,9312,2330,2026-03-10
華南民權,1855.0,1,0,9312,2330,2026-03-10
華南民權,1845.0,75,0,9312,2330,2026-03-10
華南古亭,1890.0,36,10,9309,2330,2026-03-10
華南古亭,1880.0,2356,2207,9309,2330,2026-03-10
華南古亭,1870.0,3181,0,9309,2330,2026-03-10
華南古亭,1860.0,508,0,9309,2330,2026-03-10
華南古亭,1850.0,215,3100,9309,2330,2026-03-10
華南台南,1865.0,2081,1000,9306,2330,2026-03-10
華南古亭,1840.0,12,0,9309,2330,2026-03-10
華南麻豆,1875.0,2112,2484,9308,2330,2026-03-10
華南麻豆,1865.0,1169,10,9308,2330,2026-03-10
華南麻豆,1855.0,490,95,9308,2330,2026-03-10
華南麻豆,1845.0,409,571,9308,2330,2026-03-10
華南麻豆,1835.0,5047,5000,9308,2330,2026-03-10
華南大安,1885.0,338,381,9307,2330,2026-03-10
華南大安,1875.0,2158,2075,9307,2330,2026-03-10
華南大安,1865.0,287,1030,9307,2330,2026-03-10
華南大安,1855.0,2228,1100,9307,2330,2026-03-10
華南大安,1845.0,67,1069,9307,2330,2026-03-10
華南大安,1835.0,2038,20,9307,2330,2026-03-10
華南台南,1885.0,360,1322,9306,2330,2026-03-10
華南麻豆,1885.0,661,360,9308,2330,2026-03-10
華南嘉義,1855.0,3593,109,9314,2330,2026-03-10
凱基文心,1880.0,1498,1005,9297,2330,2026-03-10
凱基文心,1860.0,588,0,9297,2330,2026-03-10
凱基內湖,1835.0,10,105,9287,2330,2026-03-10
凱基中壢,1885.0,10249,3040,9285,2330,2026-03-10
凱基中壢,1875.0,4785,6282,9285,2330,2026-03-10
凱基中壢,1865.0,2214,1,9285,2330,2026-03-10
凱基中壢,1855.0,4434,13,9285,2330,2026-03-10
凱基中壢,1845.0,1395,0,9285,2330,2026-03-10
凱基中壢,1835.0,1088,2020,9285,2330,2026-03-10
凱基北門,1885.0,783,1483,9283,2330,2026-03-10
凱基北門,1875.0,2110,3050,9283,2330,2026-03-10
凱基北門,1865.0,1627,40,9283,2330,2026-03-10
凱基北門,1855.0,328,2000,9283,2330,2026-03-10
凱基北門,1845.0,140,500,9283,2330,2026-03-10
凱基內湖,1845.0,25,5,9287,2330,2026-03-10
凱基北門,1835.0,1320,0,9283,2330,2026-03-10
凱基斗六,1870.0,10,0,9281,2330,2026-03-10
凱基斗六,1860.0,57,100,9281,2330,2026-03-10
凱基斗六,1850.0,55,0,9281,2330,2026-03-10
凱基斗六,1840.0,22,0,9281,2330,2026-03-10
凱基永康,1885.0,1107,1285,9278,2330,2026-03-10
凱基永康,1875.0,509,2867,9278,2330,2026-03-10
凱基永康,1865.0,160,32,9278,2330,2026-03-10
凱基永康,1855.0,550,12,9278,2330,2026-03-10
凱基永康,1845.0,6,30,9278,2330,2026-03-10
凱基永康,1835.0,61,0,9278,2330,2026-03-10
凱基苗栗,1885.0,440,3000,9276,2330,2026-03-10
凱基苗栗,1875.0,4001,2255,9276,2330,2026-03-10
凱基斗六,1880.0,3,10010,9281,2330,2026-03-10
凱基文心,1870.0,2084,2000,9297,2330,2026-03-10
凱基內湖,1855.0,31,31,9287,2330,2026-03-10
凱基內湖,1875.0,470,2070,9287,2330,2026-03-10
凱基文心,1850.0,1160,0,9297,2330,2026-03-10
凱基文心,1840.0,1335,0,9297,2330,2026-03-10
凱基頭份,1890.0,100,0,9296,2330,2026-03-10
凱基頭份,1880.0,1116,90,9296,2330,2026-03-10
凱基頭份,1870.0,447,0,9296,2330,2026-03-10
凱基頭份,1860.0,554,514,9296,2330,2026-03-10
凱基頭份,1850.0,2134,7,9296,2330,2026-03-10
凱基頭份,1840.0,47,0,9296,2330,2026-03-10
凱基大安,1890.0,200,0,9291,2330,2026-03-10
凱基大安,1880.0,503,10,9291,2330,2026-03-10
凱基大安,1870.0,3062,0,9291,2330,2026-03-10
凱基大安,1860.0,377,1050,9291,2330,2026-03-10
凱基內湖,1865.0,10,6,9287,2330,2026-03-10
凱基大安,1850.0,5097,60,9291,2330,2026-03-10
凱基興隆,1885.0,3144,220,9289,2330,2026-03-10
凱基興隆,1875.0,551,2250,9289,2330,2026-03-10
凱基興隆,1865.0,197,0,9289,2330,2026-03-10
凱基興隆,1855.0,1033,1020,9289,2330,2026-03-10
凱基興隆,1845.0,3,100,9289,2330,2026-03-10
凱基興隆,1835.0,1102,0,9289,2330,2026-03-10
凱基埔墘,1880.0,1435,850,9288,2330,2026-03-10
凱基埔墘,1870.0,1205,0,9288,2330,2026-03-10
凱基埔墘,1860.0,368,1045,9288,2330,2026-03-10
凱基埔墘,1850.0,1165,0,9288,2330,2026-03-10
凱基埔墘,1840.0,126,3011,9288,2330,2026-03-10
凱基內湖,1885.0,13,1350,9287,2330,2026-03-10
凱基大安,1840.0,40,0,9291,2330,2026-03-10
凱基苗栗,1865.0,3,0,9276,2330,2026-03-10
華南嘉義,1865.0,154,11,9314,2330,2026-03-10
華南嘉義,1885.0,229,1526,9314,2330,2026-03-10
華南長虹,1850.0,1255,2050,9333,2330,2026-03-10
華南長虹,1840.0,359,50,9333,2330,2026-03-10
華南楠梓,1890.0,1,0,9332,2330,2026-03-10
華南楠梓,1880.0,5696,3569,9332,2330,2026-03-10
華南楠梓,1870.0,1792,3103,9332,2330,2026-03-10
華南楠梓,1860.0,2928,1528,9332,2330,2026-03-10
華南楠梓,1850.0,3311,0,9332,2330,2026-03-10
華南楠梓,1840.0,1399,305,9332,2330,2026-03-10
華南楠梓,1830.0,1000,0,9332,2330,2026-03-10
華南鳳山,1880.0,1120,6518,9331,2330,2026-03-10
華南鳳山,1870.0,7331,7029,9331,2330,2026-03-10
華南鳳山,1860.0,4684,6005,9331,2330,2026-03-10
華南長虹,1860.0,496,2001,9333,2330,2026-03-10
華南鳳山,1850.0,11355,0,9331,2330,2026-03-10
華南朴子,1890.0,2,0,9329,2330,2026-03-10
華南朴子,1880.0,310,2014,9329,2330,2026-03-10
華南朴子,1870.0,207,0,9329,2330,2026-03-10
華南朴子,1860.0,76,1000,9329,2330,2026-03-10
華南朴子,1850.0,691,0,9329,2330,2026-03-10
華南朴子,1840.0,1042,0,9329,2330,2026-03-10
華南潮州,1890.0,14,0,9328,2330,2026-03-10
華南潮州,1880.0,134,2795,9328,2330,2026-03-10
華南潮州,1870.0,698,0,9328,2330,2026-03-10
華南潮州,1860.0,2440,0,9328,2330,2026-03-10
華南潮州,1850.0,1272,0,9328,2330,2026-03-10
華南潮州,1840.0,417,0,9328,2330,2026-03-10
華南鳳山,1840.0,2327,0,9331,2330,2026-03-10
華南斗六,1890.0,10,0,9327,2330,2026-03-10
華南長虹,1870.0,2104,6,9333,2330,2026-03-10
華南長虹,1890.0,101,1,9333,2330,2026-03-10
華南敦南,1850.0,1180,0,9347,2330,2026-03-10
華南敦南,1840.0,5,0,9347,2330,2026-03-10
華南頭份,1890.0,1010,9,9343,2330,2026-03-10
華南頭份,1880.0,1618,2061,9343,2330,2026-03-10
華南頭份,1870.0,108,1000,9343,2330,2026-03-10
華南頭份,1860.0,546,0,9343,2330,2026-03-10
華南頭份,1850.0,1167,50,9343,2330,2026-03-10
華南頭份,1840.0,39,0,9343,2330,2026-03-10
華南竹北,1890.0,1,0,9339,2330,2026-03-10
華南竹北,1880.0,345,560,9339,2330,2026-03-10
華南竹北,1870.0,2148,0,9339,2330,2026-03-10
華南竹北,1860.0,70,30,9339,2330,2026-03-10
華南長虹,1880.0,1936,4291,9333,2330,2026-03-10
華南竹北,1850.0,2145,0,9339,2330,2026-03-10
華南內壢,1890.0,0,26,9337,2330,2026-03-10
華南內壢,1880.0,1471,27,9337,2330,2026-03-10
華南內壢,1870.0,3155,15,9337,2330,2026-03-10
華南內壢,1860.0,1378,0,9337,2330,2026-03-10
華南內壢,1850.0,7271,1000,9337,2330,2026-03-10
華南內壢,1840.0,1066,0,9337,2330,2026-03-10
華南內壢,1830.0,1,0,9337,2330,2026-03-10
華南世貿,1880.0,482,110,9334,2330,2026-03-10
華南世貿,1870.0,4282,1000,9334,2330,2026-03-10
華南世貿,1860.0,1237,2035,9334,2330,2026-03-10
華南世貿,1850.0,60,3025,9334,2330,2026-03-10
華南世貿,1840.0,2045,100,9334,2330,2026-03-10
華南竹北,1840.0,981,10,9339,2330,2026-03-10
華南嘉義,1875.0,5233,2000,9314,2330,2026-03-10
華南斗六,1880.0,1109,1030,9327,2330,2026-03-10
華南斗六,1860.0,306,0,9327,2330,2026-03-10
華南基隆,1850.0,1062,0,9322,2330,2026-03-10
華南基隆,1840.0,96,1101,9322,2330,2026-03-10
華南鶯歌,1890.0,17,0,9319,2330,2026-03-10
華南鶯歌,1880.0,3157,2008,9319,2330,2026-03-10
華南鶯歌,1870.0,155,7,9319,2330,2026-03-10
華南鶯歌,1860.0,407,881,9319,2330,2026-03-10
華南鶯歌,1850.0,1327,100,9319,2330,2026-03-10
華南鶯歌,1840.0,114,0,9319,2330,2026-03-10
華南林口,1890.0,0,5,9317,2330,2026-03-10
華南林口,1880.0,1392,370,9317,2330,2026-03-10
華南林口,1870.0,1330,5000,9317,2330,2026-03-10
華南林口,1860.0,774,2000,9317,2330,2026-03-10
華南基隆,1860.0,2870,0,9322,2330,2026-03-10
華南林口,1850.0,3492,1160,9317,2330,2026-03-10
華南淡水,1890.0,0,50,9316,2330,2026-03-10
華南淡水,1880.0,624,1348,9316,2330,2026-03-10
華南淡水,1870.0,357,2000,9316,2330,2026-03-10
華南淡水,1860.0,388,1032,9316,2330,2026-03-10
華南淡水,1850.0,1276,41,9316,2330,2026-03-10
華南淡水,1840.0,73,3000,9316,2330,2026-03-10
華南大甲,1890.0,1011,1000,9315,2330,2026-03-10
華南大甲,1880.0,1059,3650,9315,2330,2026-03-10
華南大甲,1870.0,10,0,9315,2330,2026-03-10
華南大甲,1860.0,130,0,9315,2330,2026-03-10
華南大甲,1850.0,129,0,9315,2330,2026-03-10
華南大甲,1840.0,15,0,9315,2330,2026-03-10
華南林口,1840.0,1836,200,9317,2330,2026-03-10
華南斗六,1870.0,1036,1000,9327,2330,2026-03-10
華南基隆,1870.0,3380,0,9322,2330,2026-03-10
華南基隆,1890.0,130,80,9322,2330,2026-03-10
華南斗六,1850.0,240,1000,9327,2330,2026-03-10
華南斗六,1840.0,222,1030,9327,2330,2026-03-10
華南南京,1890.0,51,0,9326,2330,2026-03-10
華南南京,1880.0,2708,2584,9326,2330,2026-03-10
華南南京,1870.0,21343,2010,9326,2330,2026-03-10
華南南京,1860.0,829,71,9326,2330,2026-03-10
華南南京,1850.0,279,20030,9326,2330,2026-03-10
華南南京,1840.0,10243,1020,9326,2330,2026-03-10
華南忠孝,1890.0,10,0,9325,2330,2026-03-10
華南忠孝,1880.0,1058,1000,9325,2330,2026-03-10
華南忠孝,1870.0,5227,0,9325,2330,2026-03-10
華南忠孝,1860.0,365,0,9325,2330,2026-03-10
華南基隆,1880.0,8048,383,9322,2330,2026-03-10
華南忠孝,1850.0,1046,0,9325,2330,2026-03-10
華南岡山,1890.0,40,0,9324,2330,2026-03-10
華南岡山,1880.0,4621,1564,9324,2330,2026-03-10
華南岡山,1870.0,1093,2055,9324,2330,2026-03-10
華南岡山,1860.0,400,1000,9324,2330,2026-03-10
華南岡山,1850.0,2075,1000,9324,2330,2026-03-10
華南岡山,1840.0,66,2,9324,2330,2026-03-10
華南小港,1890.0,727,0,9323,2330,2026-03-10
華南小港,1880.0,329,4310,9323,2330,2026-03-10
華南小港,1870.0,6142,0,9323,2330,2026-03-10
華南小港,1860.0,402,100,9323,2330,2026-03-10
華南小港,1850.0,268,0,9323,2330,2026-03-10
華南小港,1840.0,100,0,9323,2330,2026-03-10
華南忠孝,1840.0,51,5,9325,2330,2026-03-10
凱基大里,1890.0,1002,0,920W,2330,2026-03-10
凱基苗栗,1855.0,83,15,9276,2330,2026-03-10
凱基三多,1885.0,251,95,9275,2330,2026-03-10
凱基豐中,1865.0,156,2010,9223,2330,2026-03-10
凱基豐中,1855.0,2415,60,9223,2330,2026-03-10
凱基豐中,1845.0,221,50,9223,2330,2026-03-10
凱基豐中,1835.0,58,0,9223,2330,2026-03-10
凱基東勢,1885.0,1181,5800,921Y,2330,2026-03-10
凱基東勢,1875.0,1070,40,921Y,2330,2026-03-10
凱基東勢,1865.0,1152,0,921Y,2330,2026-03-10
凱基東勢,1855.0,3134,0,921Y,2330,2026-03-10
凱基東勢,1845.0,30,0,921Y,2330,2026-03-10
凱基東勢,1835.0,35,0,921Y,2330,2026-03-10
凱基新莊,1885.0,2329,1117,921S,2330,2026-03-10
凱基新莊,1875.0,1406,2096,921S,2330,2026-03-10
凱基豐中,1875.0,2447,1401,9223,2330,2026-03-10
凱基新莊,1865.0,1308,8,921S,2330,2026-03-10
凱基新莊,1845.0,121,11,921S,2330,2026-03-10
凱基新莊,1835.0,64,0,921S,2330,2026-03-10
凱基八德,1885.0,2546,30,921M,2330,2026-03-10
凱基八德,1875.0,6267,4345,921M,2330,2026-03-10
凱基八德,1865.0,630,80,921M,2330,2026-03-10
凱基八德,1855.0,224,1015,921M,2330,2026-03-10
凱基八德,1845.0,45,10,921M,2330,2026-03-10
凱基八德,1835.0,64,1,921M,2330,2026-03-10
凱基土城,1885.0,172,20,921J,2330,2026-03-10
凱基土城,1875.0,676,250,921J,2330,2026-03-10
凱基土城,1865.0,12,0,921J,2330,2026-03-10
凱基土城,1855.0,48,20,921J,2330,2026-03-10
凱基新莊,1855.0,1187,1250,921S,2330,2026-03-10
凱基土城,1845.0,12,0,921J,2330,2026-03-10
凱基豐中,1885.0,3295,2180,9223,2330,2026-03-10
凱基內埔,1845.0,32,1000,9225,2330,2026-03-10
凱基屏東,1865.0,12,32,922C,2330,2026-03-10
凱基屏東,1855.0,121,0,922C,2330,2026-03-10
凱基屏東,1845.0,65,0,922C,2330,2026-03-10
凱基屏東,1835.0,1,0,922C,2330,2026-03-10
凱基中山,1885.0,1924,5053,9229,2330,2026-03-10
凱基中山,1875.0,2606,117,9229,2330,2026-03-10
凱基中山,1865.0,525,1050,9229,2330,2026-03-10
凱基中山,1855.0,1338,1000,9229,2330,2026-03-10
凱基中山,1845.0,236,2,9229,2330,2026-03-10
凱基中山,1835.0,11,10,9229,2330,2026-03-10
凱基城中,1885.0,1420,181321,9227,2330,2026-03-10
凱基城中,1875.0,1111,3151,9227,2330,2026-03-10
凱基內埔,1835.0,203,0,9225,2330,2026-03-10
凱基城中,1865.0,2121,0,9227,2330,2026-03-10
凱基城中,1845.0,62,0,9227,2330,2026-03-10
凱基城中,1835.0,160,0,9227,2330,2026-03-10
凱基汐止,1885.0,232,1820,9226,2330,2026-03-10
凱基汐止,1875.0,2072,1168,9226,2330,2026-03-10
凱基汐止,1865.0,129,101,9226,2330,2026-03-10
凱基汐止,1855.0,1118,0,9226,2330,2026-03-10
凱基汐止,1845.0,7,100,9226,2330,2026-03-10
凱基汐止,1835.0,5,0,9226,2330,2026-03-10
凱基內埔,1885.0,215,1010,9225,2330,2026-03-10
凱基內埔,1875.0,10,1282,9225,2330,2026-03-10
凱基內埔,1865.0,1015,30,9225,2330,2026-03-10
凱基內埔,1855.0,25,60,9225,2330,2026-03-10
凱基城中,1855.0,651,195,9227,2330,2026-03-10
凱基屏東,1875.0,184,100,922C,2330,2026-03-10
凱基土城,1835.0,5,1000,921J,2330,2026-03-10
凱基五股,1875.0,2732,2310,921G,2330,2026-03-10
凱基信義,1860.0,1029,2,9216,2330,2026-03-10
凱基信義,1850.0,4276,0,9216,2330,2026-03-10
凱基信義,1840.0,135,0,9216,2330,2026-03-10
凱基高美,1890.0,1060,29,9215,2330,2026-03-10
凱基高美,1880.0,3220,4255,9215,2330,2026-03-10
凱基高美,1870.0,7476,0,9215,2330,2026-03-10
凱基高美,1860.0,2731,135,9215,2330,2026-03-10
凱基高美,1850.0,313,3030,9215,2330,2026-03-10
凱基高美,1840.0,189,10011,9215,2330,2026-03-10
凱基高美,1830.0,10000,0,9215,2330,2026-03-10
凱基東港,1885.0,65,3000,9212,2330,2026-03-10
凱基東港,1875.0,476,79,9212,2330,2026-03-10
凱基信義,1870.0,3011,2003,9216,2330,2026-03-10
凱基東港,1865.0,221,0,9212,2330,2026-03-10
凱基東港,1845.0,16,8,9212,2330,2026-03-10
凱基東港,1835.0,47,0,9212,2330,2026-03-10
凱基台南,1885.0,5122,3127,9211,2330,2026-03-10
凱基台南,1875.0,4561,5243,9211,2330,2026-03-10
凱基台南,1865.0,1670,1032,9211,2330,2026-03-10
凱基台南,1855.0,3355,2050,9211,2330,2026-03-10
凱基台南,1845.0,372,0,9211,2330,2026-03-10
凱基台南,1835.0,2105,2000,9211,2330,2026-03-10
凱基台東,1880.0,661,100,920Z,2330,2026-03-10
凱基台東,1870.0,272,1000,920Z,2330,2026-03-10
凱基台東,1860.0,68,50,920Z,2330,2026-03-10
凱基台東,1850.0,320,300,920Z,2330,2026-03-10
凱基東港,1855.0,97,0,9212,2330,2026-03-10
凱基五股,1885.0,12,150,921G,2330,2026-03-10
凱基信義,1880.0,2207,2050,9216,2330,2026-03-10
凱基松山,1845.0,65,50,9217,2330,2026-03-10
凱基五股,1865.0,1030,2107,921G,2330,2026-03-10
凱基五股,1855.0,28,2,921G,2330,2026-03-10
凱基五股,1845.0,60,0,921G,2330,2026-03-10
凱基五股,1835.0,109,0,921G,2330,2026-03-10
凱基三峽,1885.0,1656,591,921E,2330,2026-03-10
凱基三峽,1875.0,5169,1150,921E,2330,2026-03-10
凱基三峽,1865.0,13,1100,921E,2330,2026-03-10
凱基三峽,1855.0,37,1011,921E,2330,2026-03-10
凱基三峽,1845.0,104,0,921E,2330,2026-03-10
凱基三峽,1835.0,200,0,921E,2330,2026-03-10
凱基民權,1885.0,424,634,921C,2330,2026-03-10
凱基民權,1875.0,787,302,921C,2330,2026-03-10
凱基松山,1835.0,40358,0,9217,2330,2026-03-10
凱基民權,1865.0,2141,20,921C,2330,2026-03-10
凱基民權,1845.0,248,234,921C,2330,2026-03-10
凱基民權,1835.0,119,0,921C,2330,2026-03-10
凱基大直,1885.0,1994,1238,9218,2330,2026-03-10
凱基大直,1875.0,1733,1456,9218,2330,2026-03-10
凱基大直,1865.0,267,40,9218,2330,2026-03-10
凱基大直,1855.0,145,1250,9218,2330,2026-03-10
凱基大直,1845.0,138,20,9218,2330,2026-03-10
凱基大直,1835.0,95,0,9218,2330,2026-03-10
凱基松山,1885.0,1420,14192,9217,2330,2026-03-10
凱基松山,1875.0,9764,12313,9217,2330,2026-03-10
凱基松山,1865.0,2258,26010,9217,2330,2026-03-10
凱基松山,1855.0,26087,0,9217,2330,2026-03-10
凱基民權,1855.0,1645,35,921C,2330,2026-03-10
凱基苗栗,1840.0,25,0,9276,2330,2026-03-10
凱基屏東,1885.0,72,1072,922C,2330,2026-03-10
凱基員林,1845.0,24,50,9231,2330,2026-03-10
凱基新豐,1880.0,424,6214,9266,2330,2026-03-10
凱基新豐,1870.0,106,0,9266,2330,2026-03-10
凱基新豐,1860.0,263,1248,9266,2330,2026-03-10
凱基新豐,1850.0,3800,3,9266,2330,2026-03-10
凱基新豐,1840.0,476,0,9266,2330,2026-03-10
凱基新豐,1830.0,0,1000,9266,2330,2026-03-10
凱基羅東,1880.0,201,2200,9258,2330,2026-03-10
凱基羅東,1870.0,2,30,9258,2330,2026-03-10
凱基羅東,1860.0,1050,0,9258,2330,2026-03-10
凱基羅東,1850.0,1017,0,9258,2330,2026-03-10
凱基羅東,1840.0,4083,1000,9258,2330,2026-03-10
凱基林口,1885.0,321,1550,9257,2330,2026-03-10
凱基新豐,1890.0,3,0,9266,2330,2026-03-10
凱基林口,1875.0,113,4715,9257,2330,2026-03-10
凱基林口,1855.0,86,0,9257,2330,2026-03-10
凱基林口,1845.0,46,12,9257,2330,2026-03-10
凱基林口,1835.0,35,1000,9257,2330,2026-03-10
凱基南崁,1885.0,533,117,9256,2330,2026-03-10
凱基南崁,1875.0,1366,100,9256,2330,2026-03-10
凱基南崁,1865.0,455,21,9256,2330,2026-03-10
凱基南崁,1855.0,77,0,9256,2330,2026-03-10
凱基南崁,1845.0,38,0,9256,2330,2026-03-10
凱基南崁,1835.0,150,0,9256,2330,2026-03-10
凱基和平,1890.0,5,360,9255,2330,2026-03-10
凱基和平,1880.0,6996,2390,9255,2330,2026-03-10
凱基和平,1870.0,8016,2000,9255,2330,2026-03-10
凱基林口,1865.0,132,1000,9257,2330,2026-03-10
凱基和平,1860.0,1563,1000,9255,2330,2026-03-10
凱基台北,1835.0,75097,72002,9268,2330,2026-03-10
凱基台北,1855.0,102615,80192,9268,2330,2026-03-10
凱基三多,1875.0,1185,0,9275,2330,2026-03-10
凱基三多,1865.0,211,0,9275,2330,2026-03-10
凱基三多,1855.0,137,2000,9275,2330,2026-03-10
凱基三多,1845.0,81,0,9275,2330,2026-03-10
凱基三多,1835.0,73,1000,9275,2330,2026-03-10
凱基鳳山,1885.0,1497,210,9274,2330,2026-03-10
凱基鳳山,1875.0,358,3080,9274,2330,2026-03-10
凱基鳳山,1865.0,3095,2000,9274,2330,2026-03-10
凱基鳳山,1855.0,1613,0,9274,2330,2026-03-10
凱基鳳山,1845.0,215,120,9274,2330,2026-03-10
凱基鳳山,1835.0,3,0,9274,2330,2026-03-10
凱基竹東,1885.0,1068,1210,9273,2330,2026-03-10
凱基台北,1845.0,48276,102020,9268,2330,2026-03-10
凱基竹東,1875.0,183,80,9273,2330,2026-03-10
凱基竹東,1855.0,27,9,9273,2330,2026-03-10
凱基竹東,1845.0,2,1000,9273,2330,2026-03-10
凱基竹東,1835.0,10,0,9273,2330,2026-03-10
凱基竹科,1885.0,1261,3104,9272,2330,2026-03-10
凱基竹科,1875.0,5680,3559,9272,2330,2026-03-10
凱基竹科,1865.0,1391,1125,9272,2330,2026-03-10
凱基竹科,1855.0,4372,1066,9272,2330,2026-03-10
凱基竹科,1845.0,210,71,9272,2330,2026-03-10
凱基竹科,1835.0,1285,0,9272,2330,2026-03-10
凱基台北,1885.0,152751,28507,9268,2330,2026-03-10
凱基台北,1875.0,32889,362115,9268,2330,2026-03-10
凱基台北,1865.0,90799,186035,9268,2330,2026-03-10
凱基竹東,1865.0,270,0,9273,2330,2026-03-10
凱基員林,1835.0,10,0,9231,2330,2026-03-10
凱基和平,1850.0,1405,200,9255,2330,2026-03-10
凱基科園,1885.0,2396,730,9254,2330,2026-03-10
凱基虎尾,1870.0,1037,0,9236,2330,2026-03-10
凱基虎尾,1860.0,2388,13,9236,2330,2026-03-10
凱基虎尾,1850.0,357,5,9236,2330,2026-03-10
凱基虎尾,1840.0,1026,38,9236,2330,2026-03-10
凱基永華,1885.0,1027,190,9235,2330,2026-03-10
凱基永華,1875.0,1237,2000,9235,2330,2026-03-10
凱基永華,1865.0,1048,0,9235,2330,2026-03-10
凱基永華,1855.0,246,1000,9235,2330,2026-03-10
凱基永華,1845.0,26,1,9235,2330,2026-03-10
凱基永華,1835.0,10,0,9235,2330,2026-03-10
凱基竹北,1885.0,16542,4216,9234,2330,2026-03-10
凱基竹北,1875.0,18897,4642,9234,2330,2026-03-10
凱基虎尾,1880.0,585,1105,9236,2330,2026-03-10
凱基竹北,1865.0,2378,170,9234,2330,2026-03-10
凱基竹北,1845.0,292,300,9234,2330,2026-03-10
凱基竹北,1835.0,156,1000,9234,2330,2026-03-10
凱基長庚,1885.0,437,2061,9233,2330,2026-03-10
凱基長庚,1875.0,3712,4182,9233,2330,2026-03-10
凱基長庚,1865.0,379,140,9233,2330,2026-03-10
凱基長庚,1855.0,766,1014,9233,2330,2026-03-10
凱基長庚,1845.0,354,0,9233,2330,2026-03-10
凱基長庚,1835.0,115,0,9233,2330,2026-03-10
凱基員林,1885.0,5226,35,9231,2330,2026-03-10
凱基員林,1875.0,263,1500,9231,2330,2026-03-10
凱基員林,1865.0,11,0,9231,2330,2026-03-10
凱基員林,1855.0,30,10,9231,2330,2026-03-10
凱基竹北,1855.0,2283,0,9234,2330,2026-03-10
凱基和平,1840.0,1288,7250,9255,2330,2026-03-10
凱基敦北,1835.0,1,1900,9237,2330,2026-03-10
凱基敦北,1855.0,1263,150,9237,2330,2026-03-10
凱基科園,1875.0,4257,780,9254,2330,2026-03-10
凱基科園,1865.0,656,74,9254,2330,2026-03-10
凱基科園,1855.0,779,600,9254,2330,2026-03-10
凱基科園,1845.0,342,21,9254,2330,2026-03-10
凱基科園,1835.0,16,0,9254,2330,2026-03-10
凱基嘉義,1885.0,27,197,9252,2330,2026-03-10
凱基嘉義,1875.0,1372,1100,9252,2330,2026-03-10
凱基嘉義,1865.0,2162,372,9252,2330,2026-03-10
凱基嘉義,1855.0,359,1044,9252,2330,2026-03-10
凱基嘉義,1845.0,1023,1,9252,2330,2026-03-10
凱基嘉義,1835.0,1028,0,9252,2330,2026-03-10
凱基市政,1885.0,3726,1283,9239,2330,2026-03-10
凱基敦北,1845.0,100,0,9237,2330,2026-03-10
凱基市政,1875.0,3750,1714,9239,2330,2026-03-10
凱基市政,1855.0,409,2541,9239,2330,2026-03-10
凱基市政,1845.0,110,20,9239,2330,2026-03-10
凱基市政,1835.0,52,1000,9239,2330,2026-03-10
凱基士林,1885.0,2496,2227,9238,2330,2026-03-10
凱基士林,1875.0,14716,3661,9238,2330,2026-03-10
凱基士林,1865.0,6213,93,9238,2330,2026-03-10
凱基士林,1855.0,1305,2382,9238,2330,2026-03-10
凱基士林,1845.0,99,30,9238,2330,2026-03-10
凱基士林,1835.0,1018,0,9238,2330,2026-03-10
凱基敦北,1885.0,1001,1330,9237,2330,2026-03-10
凱基敦北,1875.0,1818,5467,9237,2330,2026-03-10
凱基敦北,1865.0,1032,0,9237,2330,2026-03-10
凱基市政,1865.0,2345,2100,9239,2330,2026-03-10
國泰松江,1855.0,2820,4227,8883,2330,2026-03-10
國泰松江,1845.0,365,156,8883,2330,2026-03-10
國泰松江,1835.0,211,1231,8883,2330,2026-03-10
兆豐高雄,1890.0,500,1,700Z,2330,2026-03-10
兆豐高雄,1880.0,4562,2210,700Z,2330,2026-03-10
兆豐高雄,1870.0,5060,2010,700Z,2330,2026-03-10
兆豐高雄,1860.0,1694,671,700Z,2330,2026-03-10
兆豐高雄,1850.0,1254,0,700Z,2330,2026-03-10
兆豐高雄,1840.0,1288,0,700Z,2330,2026-03-10
兆豐永和,1890.0,0,10,700X,2330,2026-03-10
兆豐永和,1880.0,159,240,700X,2330,2026-03-10
兆豐永和,1870.0,7,0,700X,2330,2026-03-10
兆豐永和,1860.0,47,0,700X,2330,2026-03-10
兆豐永和,1850.0,187,0,700X,2330,2026-03-10
兆豐永和,1840.0,2043,0,700X,2330,2026-03-10
致和,1840.0,20,0,7030,2330,2026-03-10
兆豐城中,1890.0,50,1,700W,2330,2026-03-10
兆豐城中,1870.0,25046,1001,700W,2330,2026-03-10
兆豐城中,1860.0,3338,1135,700W,2330,2026-03-10
兆豐城中,1850.0,1186,1020,700W,2330,2026-03-10
兆豐城中,1840.0,6080,0,700W,2330,2026-03-10
兆豐新莊,1885.0,97,244,700w,2330,2026-03-10
兆豐新莊,1875.0,2061,2163,700w,2330,2026-03-10
兆豐新莊,1865.0,13,30,700w,2330,2026-03-10
兆豐新莊,1855.0,58,26,700w,2330,2026-03-10
兆豐新莊,1845.0,60,1,700w,2330,2026-03-10
兆豐新莊,1835.0,1050,0,700w,2330,2026-03-10
兆豐新竹,1890.0,2,1025,700V,2330,2026-03-10
兆豐新竹,1880.0,5363,3134,700V,2330,2026-03-10
兆豐城中,1880.0,6762,5200,700W,2330,2026-03-10
兆豐新竹,1870.0,1567,0,700V,2330,2026-03-10
致和,1850.0,42,0,7030,2330,2026-03-10
致和,1870.0,5,0,7030,2330,2026-03-10
致和高雄,1850.0,125,1000,7036,2330,2026-03-10
致和高雄,1840.0,10,1000,7036,2330,2026-03-10
致和東門,1880.0,30,10,7035,2330,2026-03-10
致和東門,1870.0,15,0,7035,2330,2026-03-10
致和東門,1860.0,110,0,7035,2330,2026-03-10
致和東門,1840.0,7,0,7035,2330,2026-03-10
致和金華,1880.0,1000,2310,7034,2330,2026-03-10
致和金華,1870.0,1110,3000,7034,2330,2026-03-10
致和金華,1860.0,1550,0,7034,2330,2026-03-10
致和金華,1850.0,1482,0,7034,2330,2026-03-10
致和金華,1840.0,112,1000,7034,2330,2026-03-10
致和府前,1880.0,1,1250,7033,2330,2026-03-10
致和,1860.0,412,200,7030,2330,2026-03-10
致和府前,1870.0,0,1000,7033,2330,2026-03-10
致和府前,1840.0,20,0,7033,2330,2026-03-10
致和佳里,1890.0,10,10,7032,2330,2026-03-10
致和佳里,1880.0,346,10,7032,2330,2026-03-10
致和佳里,1870.0,1065,0,7032,2330,2026-03-10
致和佳里,1860.0,21,0,7032,2330,2026-03-10
致和佳里,1850.0,199,0,7032,2330,2026-03-10
致和佳里,1840.0,16,0,7032,2330,2026-03-10
致和台北,1880.0,50,0,7031,2330,2026-03-10
致和台北,1870.0,25,0,7031,2330,2026-03-10
致和台北,1860.0,20,0,7031,2330,2026-03-10
致和台北,1840.0,10,0,7031,2330,2026-03-10
致和,1880.0,2077,2020,7030,2330,2026-03-10
致和府前,1860.0,211,0,7033,2330,2026-03-10
致和高雄,1860.0,375,0,7036,2330,2026-03-10
兆豐新竹,1860.0,5436,0,700V,2330,2026-03-10
兆豐新竹,1840.0,333,1300,700V,2330,2026-03-10
兆豐南京,1875.0,5295,10110,700P,2330,2026-03-10
兆豐南京,1865.0,200014,0,700P,2330,2026-03-10
兆豐南京,1855.0,1151,60,700P,2330,2026-03-10
兆豐南京,1840.0,36,100,700P,2330,2026-03-10
兆豐復興,1890.0,100,70,700p,2330,2026-03-10
兆豐復興,1880.0,362,3150,700p,2330,2026-03-10
兆豐復興,1870.0,3210,0,700p,2330,2026-03-10
兆豐復興,1860.0,160,1105,700p,2330,2026-03-10
兆豐復興,1850.0,1111,2000,700p,2330,2026-03-10
兆豐復興,1840.0,1107,0,700p,2330,2026-03-10
兆豐埔墘,1885.0,126,102,700N,2330,2026-03-10
兆豐埔墘,1875.0,62,1072,700N,2330,2026-03-10
兆豐南京,1885.0,298,1000,700P,2330,2026-03-10
兆豐埔墘,1865.0,200,250,700N,2330,2026-03-10
兆豐埔墘,1845.0,300,0,700N,2330,2026-03-10
兆豐桃園,1885.0,106,646,700M,2330,2026-03-10
兆豐桃園,1875.0,1118,308,700M,2330,2026-03-10
兆豐桃園,1865.0,1074,0,700M,2330,2026-03-10
兆豐桃園,1855.0,128,100,700M,2330,2026-03-10
兆豐桃園,1845.0,114,0,700M,2330,2026-03-10
兆豐桃園,1835.0,14,0,700M,2330,2026-03-10
兆豐天母,1885.0,634,1392,700L,2330,2026-03-10
兆豐天母,1875.0,47343,1015,700L,2330,2026-03-10
兆豐天母,1865.0,1290,80,700L,2330,2026-03-10
兆豐天母,1855.0,3304,0,700L,2330,2026-03-10
兆豐天母,1845.0,71,319,700L,2330,2026-03-10
兆豐埔墘,1855.0,310,0,700N,2330,2026-03-10
兆豐新竹,1850.0,1424,3005,700V,2330,2026-03-10
兆豐寶成,1835.0,25,10,700r,2330,2026-03-10
兆豐寶成,1855.0,425,96,700r,2330,2026-03-10
兆豐桃鶯,1890.0,50,60,700U,2330,2026-03-10
兆豐桃鶯,1880.0,3097,2018,700U,2330,2026-03-10
兆豐桃鶯,1870.0,90,1000,700U,2330,2026-03-10
兆豐桃鶯,1860.0,2294,205,700U,2330,2026-03-10
兆豐桃鶯,1850.0,3137,3000,700U,2330,2026-03-10
兆豐桃鶯,1840.0,16,0,700U,2330,2026-03-10
兆豐大同,1890.0,0,10,700S,2330,2026-03-10
兆豐大同,1880.0,1035,2050,700S,2330,2026-03-10
兆豐大同,1870.0,1035,0,700S,2330,2026-03-10
兆豐大同,1860.0,117,0,700S,2330,2026-03-10
兆豐大同,1850.0,1075,0,700S,2330,2026-03-10
兆豐岡山,1890.0,210,0,700s,2330,2026-03-10
兆豐寶成,1845.0,56,312,700r,2330,2026-03-10
兆豐岡山,1880.0,131,4090,700s,2330,2026-03-10
兆豐岡山,1860.0,245,5,700s,2330,2026-03-10
兆豐岡山,1850.0,4062,0,700s,2330,2026-03-10
兆豐岡山,1840.0,125,10,700s,2330,2026-03-10
兆豐小港,1885.0,320,150,700R,2330,2026-03-10
兆豐小港,1875.0,2049,2240,700R,2330,2026-03-10
兆豐小港,1865.0,2150,1200,700R,2330,2026-03-10
兆豐小港,1855.0,286,5010,700R,2330,2026-03-10
兆豐小港,1845.0,84,0,700R,2330,2026-03-10
兆豐小港,1835.0,1064,20,700R,2330,2026-03-10
兆豐寶成,1885.0,1479,360,700r,2330,2026-03-10
兆豐寶成,1875.0,3029,2186,700r,2330,2026-03-10
兆豐寶成,1865.0,844,2,700r,2330,2026-03-10
兆豐岡山,1870.0,117,0,700s,2330,2026-03-10
兆豐新營,1890.0,100,0,700K,2330,2026-03-10
致和高雄,1870.0,1110,0,7036,2330,2026-03-10
致和南京,1830.0,2000,0,7038,2330,2026-03-10
國票和平,1835.0,10,0,779j,2330,2026-03-10
國票嘉義,1885.0,12,1001,779H,2330,2026-03-10
國票嘉義,1875.0,95,255,779H,2330,2026-03-10
國票嘉義,1865.0,12,0,779H,2330,2026-03-10
國票嘉義,1855.0,1103,1000,779H,2330,2026-03-10
國票嘉義,1845.0,10,0,779H,2330,2026-03-10
國票嘉義,1835.0,11,0,779H,2330,2026-03-10
國票新莊,1880.0,210,72,779G,2330,2026-03-10
國票新莊,1870.0,1,0,779G,2330,2026-03-10
國票新莊,1860.0,1064,0,779G,2330,2026-03-10
國票新莊,1850.0,20,1000,779G,2330,2026-03-10
國票新莊,1840.0,52,0,779G,2330,2026-03-10
國票和平,1845.0,100,0,779j,2330,2026-03-10
國票新莊,1830.0,1000,0,779G,2330,2026-03-10
國票南崁,1870.0,5001,11,779E,2330,2026-03-10
國票南崁,1860.0,1002,1000,779E,2330,2026-03-10
國票南崁,1850.0,1181,0,779E,2330,2026-03-10
國票南崁,1840.0,1008,0,779E,2330,2026-03-10
國票南科,1880.0,1038,1106,779e,2330,2026-03-10
國票南科,1870.0,1010,0,779e,2330,2026-03-10
國票南科,1860.0,2066,1043,779e,2330,2026-03-10
國票南科,1850.0,145,2000,779e,2330,2026-03-10
國票南科,1840.0,114,0,779e,2330,2026-03-10
國票台南,1890.0,1,10,779D,2330,2026-03-10
國票台南,1880.0,4150,143,779D,2330,2026-03-10
國票台南,1870.0,4082,5000,779D,2330,2026-03-10
國票南崁,1880.0,1224,1050,779E,2330,2026-03-10
國票台南,1860.0,179,2030,779D,2330,2026-03-10
國票和平,1855.0,3011,1000,779j,2330,2026-03-10
國票和平,1875.0,4021,2036,779j,2330,2026-03-10
國票桃園,1860.0,2046,0,779r,2330,2026-03-10
國票桃園,1850.0,50,0,779r,2330,2026-03-10
國票九鼎,1890.0,100,100,779P,2330,2026-03-10
國票九鼎,1880.0,961,2190,779P,2330,2026-03-10
國票九鼎,1870.0,15012,3015,779P,2330,2026-03-10
國票九鼎,1860.0,1965,0,779P,2330,2026-03-10
國票九鼎,1850.0,1170,1010,779P,2330,2026-03-10
國票九鼎,1840.0,1260,0,779P,2330,2026-03-10
國票南京,1885.0,130,7000,779n,2330,2026-03-10
國票南京,1875.0,4,6100,779n,2330,2026-03-10
國票南京,1865.0,5025,300,779n,2330,2026-03-10
國票南京,1855.0,59,0,779n,2330,2026-03-10
國票和平,1865.0,1252,0,779j,2330,2026-03-10
國票南京,1845.0,5050,0,779n,2330,2026-03-10
國票中港,1880.0,4025,4,779m,2330,2026-03-10
國票中港,1870.0,20,0,779m,2330,2026-03-10
國票中港,1860.0,1392,0,779m,2330,2026-03-10
國票中港,1850.0,70,0,779m,2330,2026-03-10
國票中港,1835.0,10,1000,779m,2330,2026-03-10
國票北高,1885.0,20,145,779J,2330,2026-03-10
國票北高,1875.0,166,2301,779J,2330,2026-03-10
國票北高,1865.0,211,0,779J,2330,2026-03-10
國票北高,1855.0,7,0,779J,2330,2026-03-10
國票北高,1845.0,1012,2600,779J,2330,2026-03-10
國票北高,1835.0,2060,0,779J,2330,2026-03-10
國票和平,1885.0,1005,3633,779j,2330,2026-03-10
國票南京,1835.0,1,0,779n,2330,2026-03-10
致和高雄,1880.0,10,1058,7036,2330,2026-03-10
國票台南,1850.0,160,1000,779D,2330,2026-03-10
國票敦北,1890.0,1002,0,779c,2330,2026-03-10
國票台東,1870.0,3000,10,7791,2330,2026-03-10
國票台東,1860.0,1138,0,7791,2330,2026-03-10
國票台東,1850.0,4300,0,7791,2330,2026-03-10
國票台東,1840.0,20,0,7791,2330,2026-03-10
國票綜合,1890.0,0,1,7790,2330,2026-03-10
國票綜合,1880.0,4071,1185,7790,2330,2026-03-10
國票綜合,1870.0,1056,8062,7790,2330,2026-03-10
國票綜合,1860.0,2533,1006,7790,2330,2026-03-10
國票綜合,1850.0,3263,11000,7790,2330,2026-03-10
國票綜合,1840.0,3215,6500,7790,2330,2026-03-10
北城,1885.0,5146,40,7750,2330,2026-03-10
北城,1875.0,1122,3030,7750,2330,2026-03-10
國票台東,1880.0,51,3406,7791,2330,2026-03-10
北城,1865.0,3220,0,7750,2330,2026-03-10
北城,1845.0,10,0,7750,2330,2026-03-10
北城,1835.0,12,0,7750,2330,2026-03-10
石橋,1845.0,20,0,7080,2330,2026-03-10
致和崇德,1880.0,15,3200,703B,2330,2026-03-10
致和崇德,1870.0,3009,1000,703B,2330,2026-03-10
致和崇德,1860.0,666,47,703B,2330,2026-03-10
致和崇德,1850.0,40,600,703B,2330,2026-03-10
致和崇德,1840.0,200,0,703B,2330,2026-03-10
致和南京,1885.0,0,15,7038,2330,2026-03-10
致和南京,1875.0,0,50,7038,2330,2026-03-10
致和南京,1860.0,2052,0,7038,2330,2026-03-10
致和南京,1850.0,2000,0,7038,2330,2026-03-10
北城,1855.0,540,0,7750,2330,2026-03-10
國票台南,1840.0,78,1000,779D,2330,2026-03-10
國票台東,1890.0,1,25,7791,2330,2026-03-10
國票北投,1855.0,110,0,7792,2330,2026-03-10
國票敦北,1880.0,3509,5200,779c,2330,2026-03-10
國票敦北,1870.0,18508,16000,779c,2330,2026-03-10
國票敦北,1860.0,5179,2000,779c,2330,2026-03-10
國票敦北,1850.0,5010,66000,779c,2330,2026-03-10
國票敦北,1840.0,2156,51000,779c,2330,2026-03-10
國票內壢,1890.0,1000,200,7798,2330,2026-03-10
國票內壢,1880.0,1117,1170,7798,2330,2026-03-10
國票內壢,1870.0,1030,0,7798,2330,2026-03-10
國票內壢,1860.0,1112,0,7798,2330,2026-03-10
國票內壢,1850.0,157,0,7798,2330,2026-03-10
國票內壢,1835.0,3029,0,7798,2330,2026-03-10
國票中正,1885.0,1235,160,7797,2330,2026-03-10
國票北投,1845.0,21,0,7792,2330,2026-03-10
國票中正,1875.0,2075,0,7797,2330,2026-03-10
國票中正,1855.0,20,0,7797,2330,2026-03-10
國票中正,1845.0,65,0,7797,2330,2026-03-10
國票中正,1835.0,11,0,7797,2330,2026-03-10
國票南港,1885.0,171,110,7795,2330,2026-03-10
國票南港,1875.0,276,2120,7795,2330,2026-03-10
國票南港,1865.0,184,2001,7795,2330,2026-03-10
國票南港,1855.0,326,1000,7795,2330,2026-03-10
國票南港,1845.0,2021,1005,7795,2330,2026-03-10
國票南港,1835.0,2020,0,7795,2330,2026-03-10
國票北投,1885.0,17,1000,7792,2330,2026-03-10
國票北投,1875.0,135,0,7792,2330,2026-03-10
國票北投,1865.0,45,0,7792,2330,2026-03-10
國票中正,1865.0,310,0,7797,2330,2026-03-10
國票桃園,1870.0,11,0,779r,2330,2026-03-10
兆豐新營,1880.0,1592,1082,700K,2330,2026-03-10
兆豐新營,1860.0,530,0,700K,2330,2026-03-10
福勝,1870.0,2080,0,6950,2330,2026-03-10
福勝,1860.0,1462,0,6950,2330,2026-03-10
福勝,1850.0,165,0,6950,2330,2026-03-10
福勝,1840.0,1092,0,6950,2330,2026-03-10
德信和平,1890.0,0,39,6915,2330,2026-03-10
德信和平,1880.0,0,10,6915,2330,2026-03-10
德信和平,1865.0,1010,400,6915,2330,2026-03-10
德信和平,1855.0,60,2100,6915,2330,2026-03-10
德信和平,1845.0,55,0,6915,2330,2026-03-10
德信新營,1885.0,2,22,6913,2330,2026-03-10
德信新營,1875.0,310,226,6913,2330,2026-03-10
德信新營,1860.0,10,10,6913,2330,2026-03-10
福勝,1880.0,710,4160,6950,2330,2026-03-10
德信新營,1850.0,2,0,6913,2330,2026-03-10
德信中正,1880.0,324,2601,6912,2330,2026-03-10
德信中正,1870.0,20,0,6912,2330,2026-03-10
德信中正,1860.0,267,22,6912,2330,2026-03-10
德信中正,1850.0,260,13,6912,2330,2026-03-10
德信中正,1840.0,1021,220,6912,2330,2026-03-10
德信,1885.0,106,1100,6910,2330,2026-03-10
德信,1875.0,1028,1680,6910,2330,2026-03-10
德信,1865.0,8,100,6910,2330,2026-03-10
德信,1855.0,1050,100,6910,2330,2026-03-10
德信,1835.0,10,0,6910,2330,2026-03-10
口袋,1885.0,904,6169,6620,2330,2026-03-10
口袋,1875.0,6730,2849,6620,2330,2026-03-10
德信中正,1890.0,0,1000,6912,2330,2026-03-10
口袋,1865.0,1700,1166,6620,2330,2026-03-10
兆豐,1835.0,1026,0,7000,2330,2026-03-10
兆豐,1855.0,651,0,7000,2330,2026-03-10
兆豐台南,1875.0,4869,3434,7006,2330,2026-03-10
兆豐台南,1865.0,1290,130,7006,2330,2026-03-10
兆豐台南,1855.0,1546,20,7006,2330,2026-03-10
兆豐台南,1845.0,1154,9,7006,2330,2026-03-10
兆豐台南,1835.0,60,2,7006,2330,2026-03-10
兆豐中港,1885.0,1560,2421,7005,2330,2026-03-10
兆豐中港,1875.0,2809,2564,7005,2330,2026-03-10
兆豐中港,1865.0,211,124,7005,2330,2026-03-10
兆豐中港,1855.0,1164,32,7005,2330,2026-03-10
兆豐中港,1845.0,180,3,7005,2330,2026-03-10
兆豐中港,1835.0,135,0,7005,2330,2026-03-10
兆豐台中,1885.0,2275,2614,7003,2330,2026-03-10
兆豐,1845.0,1,0,7000,2330,2026-03-10
兆豐台中,1875.0,2424,1284,7003,2330,2026-03-10
兆豐台中,1855.0,365,144,7003,2330,2026-03-10
兆豐台中,1845.0,613,400,7003,2330,2026-03-10
兆豐台中,1835.0,60,0,7003,2330,2026-03-10
兆豐嘉義,1885.0,134,500,7001,2330,2026-03-10
兆豐嘉義,1875.0,1208,235,7001,2330,2026-03-10
兆豐嘉義,1865.0,136,0,7001,2330,2026-03-10
兆豐嘉義,1855.0,125,135,7001,2330,2026-03-10
兆豐嘉義,1845.0,10,0,7001,2330,2026-03-10
兆豐嘉義,1835.0,15,0,7001,2330,2026-03-10
兆豐,1885.0,2051,60,7000,2330,2026-03-10
兆豐,1875.0,2259,2040,7000,2330,2026-03-10
兆豐,1865.0,1241,5190,7000,2330,2026-03-10
兆豐台中,1865.0,3188,1020,7003,2330,2026-03-10
兆豐台南,1885.0,1086,3587,7006,2330,2026-03-10
口袋,1855.0,1359,124,6620,2330,2026-03-10
口袋,1835.0,1342,43,6620,2330,2026-03-10
大昌安康,1845.0,270,0,6462,2330,2026-03-10
大昌安康,1835.0,0,1000,6462,2330,2026-03-10
大昌樹林,1885.0,432,5305,6461,2330,2026-03-10
大昌樹林,1875.0,1567,3328,6461,2330,2026-03-10
大昌樹林,1865.0,100,1790,6461,2330,2026-03-10
大昌樹林,1855.0,140,0,6461,2330,2026-03-10
大昌樹林,1845.0,11,0,6461,2330,2026-03-10
大昌樹林,1835.0,461,0,6461,2330,2026-03-10
大昌,1885.0,3302,4365,6460,2330,2026-03-10
大昌,1875.0,13447,4491,6460,2330,2026-03-10
大昌,1865.0,4112,2200,6460,2330,2026-03-10
大昌,1855.0,1371,45,6460,2330,2026-03-10
大昌安康,1855.0,5016,200,6462,2330,2026-03-10
大昌,1845.0,1040,0,6460,2330,2026-03-10
永全八德,1880.0,1020,50,6452,2330,2026-03-10
永全八德,1870.0,0,200,6452,2330,2026-03-10
永全八德,1860.0,50,0,6452,2330,2026-03-10
永全八德,1845.0,10,0,6452,2330,2026-03-10
永全南崁,1885.0,150,2000,6451,2330,2026-03-10
永全南崁,1875.0,10,1170,6451,2330,2026-03-10
永全南崁,1865.0,101,0,6451,2330,2026-03-10
永全南崁,1855.0,8,0,6451,2330,2026-03-10
永全,1890.0,0,3050,6450,2330,2026-03-10
永全,1880.0,1016,2020,6450,2330,2026-03-10
永全,1870.0,4001,1000,6450,2330,2026-03-10
永全,1860.0,1648,0,6450,2330,2026-03-10
大昌,1835.0,1510,120,6460,2330,2026-03-10
口袋,1845.0,383,313,6620,2330,2026-03-10
大昌安康,1865.0,1010,1000,6462,2330,2026-03-10
大昌安康,1885.0,102,2445,6462,2330,2026-03-10
福邦新竹,1885.0,0,40,6489,2330,2026-03-10
福邦新竹,1875.0,11,0,6489,2330,2026-03-10
福邦新竹,1865.0,1000,0,6489,2330,2026-03-10
福邦新竹,1855.0,1000,0,6489,2330,2026-03-10
福邦,1880.0,0,8,6480,2330,2026-03-10
福邦,1870.0,1010,0,6480,2330,2026-03-10
福邦,1860.0,168,6099,6480,2330,2026-03-10
福邦,1850.0,66001,0,6480,2330,2026-03-10
福邦,1840.0,110,0,6480,2330,2026-03-10
大昌桃園,1880.0,381,680,6465,2330,2026-03-10
大昌桃園,1870.0,12,0,6465,2330,2026-03-10
大昌桃園,1860.0,335,1150,6465,2330,2026-03-10
大昌安康,1875.0,1121,560,6462,2330,2026-03-10
大昌桃園,1850.0,75,250,6465,2330,2026-03-10
大昌新店,1890.0,210,5,6464,2330,2026-03-10
大昌新店,1880.0,7349,8512,6464,2330,2026-03-10
大昌新店,1870.0,243,2010,6464,2330,2026-03-10
大昌新店,1860.0,2767,1230,6464,2330,2026-03-10
大昌新店,1850.0,4044,0,6464,2330,2026-03-10
大昌新店,1840.0,2873,500,6464,2330,2026-03-10
大昌新竹,1885.0,131,1150,6463,2330,2026-03-10
大昌新竹,1875.0,209,100,6463,2330,2026-03-10
大昌新竹,1865.0,1100,0,6463,2330,2026-03-10
大昌新竹,1855.0,135,45,6463,2330,2026-03-10
大昌新竹,1845.0,100,0,6463,2330,2026-03-10
大昌新竹,1835.0,50,0,6463,2330,2026-03-10
大昌桃園,1840.0,146,9,6465,2330,2026-03-10
兆豐新營,1870.0,230,1000,700K,2330,2026-03-10
兆豐竹北,1835.0,250,3000,7007,2330,2026-03-10
兆豐竹北,1855.0,221,2060,7007,2330,2026-03-10
兆豐松德,1850.0,1080,4000,700i,2330,2026-03-10
兆豐松德,1840.0,9234,3,700i,2330,2026-03-10
兆豐東門,1885.0,2302,1500,700H,2330,2026-03-10
兆豐東門,1875.0,228,30,700H,2330,2026-03-10
兆豐東門,1865.0,100,20,700H,2330,2026-03-10
兆豐東門,1855.0,427,0,700H,2330,2026-03-10
兆豐東門,1845.0,0,100,700H,2330,2026-03-10
兆豐三民,1890.0,1006,6,700h,2330,2026-03-10
兆豐三民,1880.0,1577,6016,700h,2330,2026-03-10
兆豐三民,1870.0,183,3040,700h,2330,2026-03-10
兆豐三民,1860.0,1383,1011,700h,2330,2026-03-10
兆豐三民,1850.0,3238,1600,700h,2330,2026-03-10
兆豐松德,1860.0,1420,5,700i,2330,2026-03-10
兆豐三民,1840.0,66,1061,700h,2330,2026-03-10
兆豐麻豆,1875.0,478,3481,700G,2330,2026-03-10
兆豐麻豆,1865.0,200,0,700G,2330,2026-03-10
兆豐麻豆,1855.0,1090,5001,700G,2330,2026-03-10
兆豐麻豆,1845.0,41,10,700G,2330,2026-03-10
兆豐麻豆,1835.0,1,0,700G,2330,2026-03-10
兆豐南門,1885.0,127,171,700g,2330,2026-03-10
兆豐南門,1875.0,937,2170,700g,2330,2026-03-10
兆豐南門,1865.0,1521,180,700g,2330,2026-03-10
兆豐南門,1855.0,224,15,700g,2330,2026-03-10
兆豐南門,1845.0,2,120,700g,2330,2026-03-10
兆豐南門,1835.0,4013,50,700g,2330,2026-03-10
兆豐虎尾,1880.0,77,1100,700F,2330,2026-03-10
兆豐麻豆,1885.0,295,2061,700G,2330,2026-03-10
兆豐虎尾,1870.0,5,1000,700F,2330,2026-03-10
兆豐松德,1870.0,2047,10,700i,2330,2026-03-10
兆豐北高,1830.0,1000,0,700I,2330,2026-03-10
兆豐新營,1850.0,1062,0,700K,2330,2026-03-10
兆豐新營,1840.0,112,1000,700K,2330,2026-03-10
兆豐員林,1890.0,0,1050,700k,2330,2026-03-10
兆豐員林,1880.0,1224,311,700k,2330,2026-03-10
兆豐員林,1870.0,2055,0,700k,2330,2026-03-10
兆豐員林,1860.0,2283,10,700k,2330,2026-03-10
兆豐員林,1850.0,222,1000,700k,2330,2026-03-10
兆豐員林,1840.0,5100,10,700k,2330,2026-03-10
兆豐公益,1890.0,20,290,700J,2330,2026-03-10
兆豐公益,1880.0,8367,1615,700J,2330,2026-03-10
兆豐公益,1870.0,3093,3000,700J,2330,2026-03-10
兆豐公益,1860.0,1858,67,700J,2330,2026-03-10
兆豐松德,1880.0,3247,2220,700i,2330,2026-03-10
兆豐公益,1850.0,3397,0,700J,2330,2026-03-10
兆豐大安,1890.0,10,10,700j,2330,2026-03-10
兆豐大安,1880.0,1584,35,700j,2330,2026-03-10
兆豐大安,1870.0,4270,0,700j,2330,2026-03-10
兆豐大安,1860.0,330,0,700j,2330,2026-03-10
兆豐大安,1850.0,120,1000,700j,2330,2026-03-10
兆豐大安,1840.0,2090,0,700j,2330,2026-03-10
兆豐北高,1890.0,105,6,700I,2330,2026-03-10
兆豐北高,1880.0,7299,3665,700I,2330,2026-03-10
兆豐北高,1870.0,1754,1400,700I,2330,2026-03-10
兆豐北高,1860.0,1028,130,700I,2330,2026-03-10
兆豐北高,1850.0,5628,0,700I,2330,2026-03-10
兆豐北高,1840.0,1662,1204,700I,2330,2026-03-10
兆豐公益,1840.0,727,1010,700J,2330,2026-03-10
兆豐竹北,1845.0,327,215,7007,2330,2026-03-10
兆豐虎尾,1860.0,155,0,700F,2330,2026-03-10
兆豐虎尾,1840.0,1000,0,700F,2330,2026-03-10
兆豐板橋,1870.0,6028,0,700B,2330,2026-03-10
兆豐板橋,1860.0,429,100,700B,2330,2026-03-10
兆豐板橋,1850.0,1160,1000,700B,2330,2026-03-10
兆豐板橋,1840.0,1228,2000,700B,2330,2026-03-10
兆豐中壢,1890.0,0,8,700b,2330,2026-03-10
兆豐中壢,1880.0,501,1254,700b,2330,2026-03-10
兆豐中壢,1870.0,33,0,700b,2330,2026-03-10
兆豐中壢,1860.0,110,0,700b,2330,2026-03-10
兆豐中壢,1850.0,149,0,700b,2330,2026-03-10
兆豐中壢,1840.0,51,0,700b,2330,2026-03-10
兆豐忠孝,1890.0,23,0,700a,2330,2026-03-10
兆豐忠孝,1880.0,47436,1821,700a,2330,2026-03-10
兆豐板橋,1880.0,6200,1100,700B,2330,2026-03-10
兆豐忠孝,1870.0,1261,0,700a,2330,2026-03-10
兆豐忠孝,1850.0,9045,1000,700a,2330,2026-03-10
兆豐忠孝,1840.0,1384,0,700a,2330,2026-03-10
兆豐忠孝,1830.0,1000,0,700a,2330,2026-03-10
兆豐三重,1885.0,4074,5110,7008,2330,2026-03-10
兆豐三重,1875.0,1081,3325,7008,2330,2026-03-10
兆豐三重,1865.0,3010,0,7008,2330,2026-03-10
兆豐三重,1855.0,210,50,7008,2330,2026-03-10
兆豐三重,1845.0,4023,0,7008,2330,2026-03-10
兆豐三重,1835.0,1030,0,7008,2330,2026-03-10
兆豐竹北,1885.0,1343,4395,7007,2330,2026-03-10
兆豐竹北,1875.0,5290,2610,7007,2330,2026-03-10
兆豐竹北,1865.0,442,1300,7007,2330,2026-03-10
兆豐忠孝,1860.0,317,20580,700a,2330,2026-03-10
兆豐虎尾,1850.0,1,0,700F,2330,2026-03-10
兆豐板橋,1890.0,10,4,700B,2330,2026-03-10
兆豐民生,1850.0,40,0,700c,2330,2026-03-10
兆豐鹿港,1885.0,46641,544,700f,2330,2026-03-10
兆豐鹿港,1875.0,328,680,700f,2330,2026-03-10
兆豐鹿港,1865.0,21,20,700f,2330,2026-03-10
兆豐鹿港,1855.0,57083,1150,700f,2330,2026-03-10
兆豐鹿港,1845.0,8,30,700f,2330,2026-03-10
兆豐鹿港,1835.0,50,0,700f,2330,2026-03-10
兆豐西螺,1880.0,73,71,700D,2330,2026-03-10
兆豐西螺,1870.0,16,0,700D,2330,2026-03-10
兆豐西螺,1855.0,60,0,700D,2330,2026-03-10
兆豐西螺,1845.0,25,0,700D,2330,2026-03-10
兆豐彰化,1890.0,1,0,700d,2330,2026-03-10
兆豐彰化,1880.0,394,250,700d,2330,2026-03-10
兆豐民生,1840.0,1130,0,700c,2330,2026-03-10
兆豐彰化,1870.0,77,1000,700d,2330,2026-03-10
兆豐彰化,1850.0,1130,0,700d,2330,2026-03-10
兆豐彰化,1840.0,102,1000,700d,2330,2026-03-10
兆豐來福,1890.0,100,0,700C,2330,2026-03-10
兆豐來福,1880.0,2712,4377,700C,2330,2026-03-10
兆豐來福,1870.0,1179,10,700C,2330,2026-03-10
兆豐來福,1860.0,456,60,700C,2330,2026-03-10
兆豐來福,1850.0,1387,0,700C,2330,2026-03-10
兆豐來福,1840.0,2108,1009,700C,2330,2026-03-10
兆豐民生,1890.0,75,17,700c,2330,2026-03-10
兆豐民生,1880.0,1757,255,700c,2330,2026-03-10
兆豐民生,1870.0,185,1000,700c,2330,2026-03-10
兆豐民生,1860.0,135,2,700c,2330,2026-03-10
兆豐彰化,1860.0,191,0,700d,2330,2026-03-10
國票桃園,1880.0,2018,40,779r,2330,2026-03-10
國票桃園,1890.0,0,10,779r,2330,2026-03-10
國票長城,1840.0,140,0,779u,2330,2026-03-10
聯邦台南,1860.0,225,0,8588,2330,2026-03-10
聯邦台南,1850.0,1066,300,8588,2330,2026-03-10
聯邦台南,1840.0,157,0,8588,2330,2026-03-10
聯邦興中,1885.0,264,1248,8587,2330,2026-03-10
聯邦興中,1875.0,1523,2133,8587,2330,2026-03-10
聯邦興中,1865.0,164,20,8587,2330,2026-03-10
聯邦興中,1855.0,329,2020,8587,2330,2026-03-10
聯邦興中,1845.0,80,10,8587,2330,2026-03-10
聯邦興中,1835.0,3,10,8587,2330,2026-03-10
聯邦大業,1885.0,2115,1159,8586,2330,2026-03-10
聯邦大業,1875.0,2190,188,8586,2330,2026-03-10
聯邦大業,1865.0,280,0,8586,2330,2026-03-10
聯邦台南,1870.0,8,0,8588,2330,2026-03-10
聯邦大業,1855.0,76,118,8586,2330,2026-03-10
聯邦大業,1835.0,120,0,8586,2330,2026-03-10
聯邦三重,1885.0,697,1420,8585,2330,2026-03-10
聯邦三重,1875.0,1086,2181,8585,2330,2026-03-10
聯邦三重,1865.0,50,5000,8585,2330,2026-03-10
聯邦三重,1855.0,231,0,8585,2330,2026-03-10
聯邦三重,1845.0,32,0,8585,2330,2026-03-10
聯邦三重,1835.0,35,0,8585,2330,2026-03-10
聯邦雙和,1885.0,137,222,8584,2330,2026-03-10
聯邦雙和,1875.0,67,146,8584,2330,2026-03-10
聯邦雙和,1865.0,10165,4,8584,2330,2026-03-10
聯邦雙和,1855.0,1027,130,8584,2330,2026-03-10
聯邦雙和,1845.0,77,10001,8584,2330,2026-03-10
聯邦大業,1845.0,21,0,8586,2330,2026-03-10
聯邦雙和,1835.0,10001,0,8584,2330,2026-03-10
聯邦台南,1880.0,1233,9,8588,2330,2026-03-10
陽信,1840.0,1069,28,8710,2330,2026-03-10
玉山,1865.0,4362,8214,8840,2330,2026-03-10
玉山,1855.0,3058,1122,8840,2330,2026-03-10
玉山,1845.0,3643,190,8840,2330,2026-03-10
玉山,1835.0,1619,1,8840,2330,2026-03-10
陽信台中,1880.0,0,1000,8715,2330,2026-03-10
陽信台中,1845.0,75,0,8715,2330,2026-03-10
陽信台中,1835.0,100,0,8715,2330,2026-03-10
陽信台南,1880.0,10,0,8714,2330,2026-03-10
陽信台南,1865.0,200,100,8714,2330,2026-03-10
陽信台南,1855.0,200,100,8714,2330,2026-03-10
陽信台南,1840.0,200,0,8714,2330,2026-03-10
陽信高雄,1880.0,110,1100,8713,2330,2026-03-10
聯邦台南,1890.0,4,10,8588,2330,2026-03-10
陽信高雄,1870.0,1000,0,8713,2330,2026-03-10
陽信高雄,1850.0,1400,0,8713,2330,2026-03-10
陽信高雄,1835.0,500,0,8713,2330,2026-03-10
陽信石牌,1890.0,3,0,8711,2330,2026-03-10
陽信石牌,1880.0,7692,4250,8711,2330,2026-03-10
陽信石牌,1870.0,2041,1000,8711,2330,2026-03-10
陽信石牌,1860.0,88,1159,8711,2330,2026-03-10
陽信石牌,1850.0,1624,0,8711,2330,2026-03-10
陽信石牌,1835.0,1001,0,8711,2330,2026-03-10
陽信,1880.0,2435,2310,8710,2330,2026-03-10
陽信,1870.0,3110,0,8710,2330,2026-03-10
陽信,1860.0,243,5000,8710,2330,2026-03-10
陽信,1850.0,3020,0,8710,2330,2026-03-10
陽信高雄,1860.0,160,500,8713,2330,2026-03-10
玉山,1875.0,14148,35292,8840,2330,2026-03-10
聯邦忠孝,1885.0,76,50,8583,2330,2026-03-10
聯邦忠孝,1865.0,2116,50,8583,2330,2026-03-10
新光台南,1845.0,4431,1095,8564,2330,2026-03-10
新光台南,1835.0,1119,182,8564,2330,2026-03-10
新光新竹,1885.0,5411,10583,8563,2330,2026-03-10
新光新竹,1875.0,8169,10901,8563,2330,2026-03-10
新光新竹,1865.0,6616,7078,8563,2330,2026-03-10
新光新竹,1855.0,3534,1679,8563,2330,2026-03-10
新光新竹,1845.0,280,1093,8563,2330,2026-03-10
新光新竹,1835.0,13235,1000,8563,2330,2026-03-10
新光高雄,1885.0,11468,6394,8562,2330,2026-03-10
新光高雄,1875.0,7335,12286,8562,2330,2026-03-10
新光高雄,1865.0,9273,6643,8562,2330,2026-03-10
新光高雄,1855.0,429,1197,8562,2330,2026-03-10
新光台南,1855.0,1985,843,8564,2330,2026-03-10
新光高雄,1845.0,438,2283,8562,2330,2026-03-10
新光台中,1885.0,8986,9318,8561,2330,2026-03-10
新光台中,1875.0,4957,13798,8561,2330,2026-03-10
新光台中,1865.0,5180,3479,8561,2330,2026-03-10
新光台中,1855.0,6961,10775,8561,2330,2026-03-10
新光台中,1845.0,5180,2239,8561,2330,2026-03-10
新光台中,1835.0,3853,1010,8561,2330,2026-03-10
新光,1885.0,50950,81376,8560,2330,2026-03-10
新光,1875.0,72020,65480,8560,2330,2026-03-10
新光,1865.0,57545,12930,8560,2330,2026-03-10
新光,1855.0,22420,36349,8560,2330,2026-03-10
新光,1845.0,7363,4517,8560,2330,2026-03-10
新光,1835.0,10633,14398,8560,2330,2026-03-10
新光高雄,1835.0,157,2000,8562,2330,2026-03-10
聯邦忠孝,1875.0,8138,50,8583,2330,2026-03-10
新光台南,1865.0,4032,1141,8564,2330,2026-03-10
新光台南,1885.0,5093,19998,8564,2330,2026-03-10
聯邦忠孝,1855.0,71,100,8583,2330,2026-03-10
聯邦忠孝,1845.0,2,0,8583,2330,2026-03-10
聯邦忠孝,1835.0,16,0,8583,2330,2026-03-10
聯邦嘉義,1880.0,3572,85,8582,2330,2026-03-10
聯邦嘉義,1865.0,140,110,8582,2330,2026-03-10
聯邦嘉義,1855.0,100,1000,8582,2330,2026-03-10
聯邦嘉義,1845.0,1,0,8582,2330,2026-03-10
聯邦嘉義,1835.0,100,0,8582,2330,2026-03-10
聯邦高雄,1880.0,12197,140,8581,2330,2026-03-10
聯邦高雄,1870.0,165,100,8581,2330,2026-03-10
聯邦高雄,1860.0,1095,0,8581,2330,2026-03-10
聯邦高雄,1850.0,1067,0,8581,2330,2026-03-10
新光台南,1875.0,6308,12983,8564,2330,2026-03-10
聯邦高雄,1840.0,70,0,8581,2330,2026-03-10
聯邦,1880.0,6219,8122,8580,2330,2026-03-10
聯邦,1870.0,1157,4000,8580,2330,2026-03-10
聯邦,1860.0,1016,0,8580,2330,2026-03-10
聯邦,1850.0,3157,0,8580,2330,2026-03-10
聯邦,1840.0,1180,0,8580,2330,2026-03-10
新光桃園,1890.0,495,213,8565,2330,2026-03-10
新光桃園,1880.0,3517,9325,8565,2330,2026-03-10
新光桃園,1870.0,2872,1207,8565,2330,2026-03-10
新光桃園,1860.0,1671,1275,8565,2330,2026-03-10
新光桃園,1850.0,10369,3140,8565,2330,2026-03-10
新光桃園,1840.0,693,2064,8565,2330,2026-03-10
新光桃園,1830.0,1001,0,8565,2330,2026-03-10
聯邦,1890.0,20,0,8580,2330,2026-03-10
中農,1885.0,1020,1110,8520,2330,2026-03-10
玉山,1885.0,13747,14166,8840,2330,2026-03-10
玉山雙和,1845.0,1140,0,8841,2330,2026-03-10
玉山大里,1835.0,1185,0,884J,2330,2026-03-10
玉山新竹,1885.0,1293,1493,884H,2330,2026-03-10
玉山新竹,1875.0,3339,3332,884H,2330,2026-03-10
玉山新竹,1865.0,464,1100,884H,2330,2026-03-10
玉山新竹,1855.0,3669,76,884H,2330,2026-03-10
玉山新竹,1845.0,571,0,884H,2330,2026-03-10
玉山新竹,1835.0,370,2000,884H,2330,2026-03-10
玉山桃園,1885.0,853,14755,884F,2330,2026-03-10
玉山桃園,1875.0,1326,5024,884F,2330,2026-03-10
玉山桃園,1865.0,4792,5129,884F,2330,2026-03-10
玉山桃園,1855.0,1497,1105,884F,2330,2026-03-10
玉山桃園,1845.0,210,100,884F,2330,2026-03-10
玉山大里,1845.0,323,0,884J,2330,2026-03-10
玉山桃園,1835.0,130,0,884F,2330,2026-03-10
玉山城中,1875.0,1190,10158,884E,2330,2026-03-10
玉山城中,1865.0,2455,4165,884E,2330,2026-03-10
玉山城中,1855.0,3043,2016,884E,2330,2026-03-10
玉山城中,1845.0,660,8,884E,2330,2026-03-10
玉山城中,1835.0,2115,0,884E,2330,2026-03-10
玉山左營,1885.0,1816,1706,884D,2330,2026-03-10
玉山左營,1875.0,5274,6632,884D,2330,2026-03-10
玉山左營,1865.0,1201,2195,884D,2330,2026-03-10
玉山左營,1855.0,1030,1271,884D,2330,2026-03-10
玉山左營,1845.0,138,203,884D,2330,2026-03-10
玉山左營,1835.0,392,2111,884D,2330,2026-03-10
玉山信義,1885.0,1862,3579,884C,2330,2026-03-10
玉山城中,1885.0,1906,2648,884E,2330,2026-03-10
玉山信義,1875.0,14860,2180,884C,2330,2026-03-10
玉山大里,1855.0,4823,9,884J,2330,2026-03-10
玉山大里,1875.0,3622,1272,884J,2330,2026-03-10
國泰台中,1890.0,467,434,8882,2330,2026-03-10
國泰台中,1880.0,27137,21328,8882,2330,2026-03-10
國泰台中,1870.0,18855,13279,8882,2330,2026-03-10
國泰台中,1860.0,7271,7872,8882,2330,2026-03-10
國泰台中,1850.0,27866,3292,8882,2330,2026-03-10
國泰台中,1840.0,13417,6105,8882,2330,2026-03-10
國泰台中,1830.0,3000,0,8882,2330,2026-03-10
國泰高雄,1885.0,10546,13398,8881,2330,2026-03-10
國泰高雄,1875.0,7517,16706,8881,2330,2026-03-10
國泰高雄,1865.0,6386,2660,8881,2330,2026-03-10
國泰高雄,1855.0,2894,2976,8881,2330,2026-03-10
國泰高雄,1845.0,5048,2559,8881,2330,2026-03-10
玉山大里,1865.0,1564,605,884J,2330,2026-03-10
國泰高雄,1835.0,523,4051,8881,2330,2026-03-10
國泰綜合,1875.0,5407,7000,8880,2330,2026-03-10
國泰綜合,1865.0,13806,57430,8880,2330,2026-03-10
國泰綜合,1855.0,6226,108101,8880,2330,2026-03-10
國泰綜合,1845.0,7228,34100,8880,2330,2026-03-10
國泰綜合,1835.0,2054,6000,8880,2330,2026-03-10
玉山數位,1885.0,2193,528,884M,2330,2026-03-10
玉山數位,1875.0,4472,176,884M,2330,2026-03-10
玉山數位,1865.0,849,161,884M,2330,2026-03-10
玉山數位,1855.0,1332,620,884M,2330,2026-03-10
玉山數位,1845.0,572,36,884M,2330,2026-03-10
玉山數位,1835.0,578,1,884M,2330,2026-03-10
玉山大里,1885.0,2394,3482,884J,2330,2026-03-10
國泰綜合,1885.0,10877,2070,8880,2330,2026-03-10
玉山雙和,1835.0,109,6000,8841,2330,2026-03-10
玉山信義,1865.0,24265,90,884C,2330,2026-03-10
玉山信義,1845.0,235,1098,884C,2330,2026-03-10
玉山台南,1855.0,1081,300,8847,2330,2026-03-10
玉山台南,1845.0,281,1028,8847,2330,2026-03-10
玉山台南,1835.0,192,37,8847,2330,2026-03-10
玉山景美,1860.0,2006,96,8849,2330,2026-03-10
玉山板橋,1880.0,12928,2720,8846,2330,2026-03-10
玉山板橋,1870.0,6703,10060,8846,2330,2026-03-10
玉山板橋,1860.0,5098,2170,8846,2330,2026-03-10
玉山板橋,1850.0,3223,0,8846,2330,2026-03-10
玉山板橋,1840.0,4013,1320,8846,2330,2026-03-10
玉山板橋,1830.0,128,0,8846,2330,2026-03-10
玉山高雄,1885.0,4856,16816,8843,2330,2026-03-10
玉山高雄,1875.0,13612,6075,8843,2330,2026-03-10
玉山台南,1865.0,844,486,8847,2330,2026-03-10
玉山高雄,1865.0,2923,1228,8843,2330,2026-03-10
玉山高雄,1845.0,422,2901,8843,2330,2026-03-10
玉山高雄,1835.0,3292,2500,8843,2330,2026-03-10
玉山新莊,1885.0,658,4434,8842,2330,2026-03-10
玉山新莊,1875.0,9348,4624,8842,2330,2026-03-10
玉山新莊,1865.0,1470,2141,8842,2330,2026-03-10
玉山新莊,1855.0,3582,2090,8842,2330,2026-03-10
玉山新莊,1845.0,1244,73,8842,2330,2026-03-10
玉山新莊,1835.0,425,10,8842,2330,2026-03-10
玉山雙和,1885.0,4625,769,8841,2330,2026-03-10
玉山雙和,1875.0,14905,4041,8841,2330,2026-03-10
玉山雙和,1865.0,1471,452,8841,2330,2026-03-10
玉山雙和,1855.0,510,0,8841,2330,2026-03-10
玉山高雄,1855.0,836,11037,8843,2330,2026-03-10
玉山信義,1855.0,21704,7135,884C,2330,2026-03-10
玉山台南,1875.0,3321,10550,8847,2330,2026-03-10
玉山嘉義,1830.0,2000,0,8848,2330,2026-03-10
玉山信義,1835.0,1218,0,884C,2330,2026-03-10
玉山台中,1885.0,4756,4048,884B,2330,2026-03-10
玉山台中,1875.0,6020,11850,884B,2330,2026-03-10
玉山台中,1865.0,2141,1462,884B,2330,2026-03-10
玉山台中,1855.0,2603,4717,884B,2330,2026-03-10
玉山台中,1845.0,291,88,884B,2330,2026-03-10
玉山台中,1835.0,2045,100,884B,2330,2026-03-10
玉山士林,1890.0,79,60,884A,2330,2026-03-10
玉山士林,1880.0,1573,2405,884A,2330,2026-03-10
玉山士林,1870.0,2609,5,884A,2330,2026-03-10
玉山士林,1860.0,683,4,884A,2330,2026-03-10
玉山士林,1850.0,1293,0,884A,2330,2026-03-10
玉山台南,1885.0,3572,5832,8847,2330,2026-03-10
玉山士林,1840.0,682,0,884A,2330,2026-03-10
玉山景美,1885.0,920,4058,8849,2330,2026-03-10
玉山景美,1875.0,3116,4676,8849,2330,2026-03-10
玉山景美,1865.0,1821,1028,8849,2330,2026-03-10
玉山景美,1855.0,1799,5,8849,2330,2026-03-10
玉山景美,1845.0,123,42,8849,2330,2026-03-10
玉山景美,1835.0,1046,190,8849,2330,2026-03-10
玉山嘉義,1890.0,49,1020,8848,2330,2026-03-10
玉山嘉義,1880.0,8054,5341,8848,2330,2026-03-10
玉山嘉義,1870.0,2381,1030,8848,2330,2026-03-10
玉山嘉義,1860.0,8342,4165,8848,2330,2026-03-10
玉山嘉義,1850.0,3686,3016,8848,2330,2026-03-10
玉山嘉義,1840.0,7490,1,8848,2330,2026-03-10
玉山士林,1830.0,10,0,884A,2330,2026-03-10
中農,1875.0,428,2080,8520,2330,2026-03-10
中農,1865.0,6,0,8520,2330,2026-03-10
中農,1855.0,70,0,8520,2330,2026-03-10
台新高雄,1870.0,4229,18137,815A,2330,2026-03-10
台新高雄,1860.0,7031,415,815A,2330,2026-03-10
台新高雄,1850.0,7502,1394,815A,2330,2026-03-10
台新高雄,1840.0,3323,20168,815A,2330,2026-03-10
台新高雄,1830.0,1020,0,815A,2330,2026-03-10
台新台南,1885.0,3944,4064,8159,2330,2026-03-10
台新台南,1875.0,2221,3008,8159,2330,2026-03-10
台新台南,1865.0,3176,360,8159,2330,2026-03-10
台新台南,1855.0,3744,3427,8159,2330,2026-03-10
台新台南,1845.0,223,65,8159,2330,2026-03-10
台新台南,1835.0,3103,44,8159,2330,2026-03-10
台新松江,1885.0,606,2108,8158,2330,2026-03-10
台新高雄,1880.0,12856,8589,815A,2330,2026-03-10
台新松江,1875.0,309,2132,8158,2330,2026-03-10
台新松江,1855.0,272,3,8158,2330,2026-03-10
台新松江,1845.0,231,0,8158,2330,2026-03-10
台新松江,1835.0,299,0,8158,2330,2026-03-10
台新左楠,1885.0,2655,1835,8157,2330,2026-03-10
台新左楠,1875.0,1544,2111,8157,2330,2026-03-10
台新左楠,1865.0,1235,2050,8157,2330,2026-03-10
台新左楠,1855.0,404,3305,8157,2330,2026-03-10
台新左楠,1845.0,1275,0,8157,2330,2026-03-10
台新左楠,1835.0,143,0,8157,2330,2026-03-10
台新三民,1885.0,1750,4730,8156,2330,2026-03-10
台新三民,1875.0,3768,3465,8156,2330,2026-03-10
台新三民,1865.0,1261,60,8156,2330,2026-03-10
台新松江,1865.0,1351,0,8158,2330,2026-03-10
台新三民,1855.0,131,1002,8156,2330,2026-03-10
台新高雄,1890.0,8,1075,815A,2330,2026-03-10
台新台中,1850.0,4754,3203,815B,2330,2026-03-10
安泰,1870.0,112,2000,8380,2330,2026-03-10
安泰,1860.0,1210,20,8380,2330,2026-03-10
安泰,1850.0,1105,0,8380,2330,2026-03-10
安泰,1840.0,2040,0,8380,2330,2026-03-10
台新新營,1890.0,31,1060,815Y,2330,2026-03-10
台新新營,1880.0,6383,4582,815Y,2330,2026-03-10
台新新營,1870.0,1302,0,815Y,2330,2026-03-10
台新新營,1860.0,2365,211,815Y,2330,2026-03-10
台新新營,1850.0,2339,0,815Y,2330,2026-03-10
台新新營,1840.0,534,1077,815Y,2330,2026-03-10
台新中壢,1890.0,38,0,815S,2330,2026-03-10
台新中壢,1880.0,1415,671,815S,2330,2026-03-10
台新台中,1840.0,7377,135,815B,2330,2026-03-10
台新中壢,1870.0,2201,1018,815S,2330,2026-03-10
台新中壢,1850.0,757,55,815S,2330,2026-03-10
台新中壢,1840.0,633,0,815S,2330,2026-03-10
台新屏東,1890.0,100,0,815H,2330,2026-03-10
台新屏東,1880.0,318,287,815H,2330,2026-03-10
台新屏東,1870.0,311,0,815H,2330,2026-03-10
台新屏東,1860.0,762,0,815H,2330,2026-03-10
台新屏東,1850.0,64,0,815H,2330,2026-03-10
台新屏東,1840.0,293,0,815H,2330,2026-03-10
台新台中,1890.0,560,1051,815B,2330,2026-03-10
台新台中,1880.0,7522,9101,815B,2330,2026-03-10
台新台中,1870.0,13309,3000,815B,2330,2026-03-10
台新台中,1860.0,6152,4830,815B,2330,2026-03-10
台新中壢,1860.0,937,40,815S,2330,2026-03-10
安泰,1880.0,81,3060,8380,2330,2026-03-10
台新三民,1845.0,47,0,8156,2330,2026-03-10
台新新莊,1885.0,529,4381,8152,2330,2026-03-10
國票中和,1880.0,1202,4051,779X,2330,2026-03-10
國票中和,1870.0,10,10000,779X,2330,2026-03-10
國票中和,1860.0,1300,0,779X,2330,2026-03-10
國票中和,1850.0,1263,1001,779X,2330,2026-03-10
國票中和,1840.0,57,20,779X,2330,2026-03-10
國票彰化,1890.0,1000,10,779W,2330,2026-03-10
國票彰化,1880.0,22,45,779W,2330,2026-03-10
國票彰化,1870.0,3,0,779W,2330,2026-03-10
國票彰化,1860.0,1064,5,779W,2330,2026-03-10
國票彰化,1840.0,127,50,779W,2330,2026-03-10
國票天祥,1885.0,75,1125,779V,2330,2026-03-10
國票天祥,1875.0,2273,2100,779V,2330,2026-03-10
國票中和,1890.0,0,1000,779X,2330,2026-03-10
國票天祥,1865.0,1177,212,779V,2330,2026-03-10
國票天祥,1845.0,73,0,779V,2330,2026-03-10
國票天祥,1835.0,50,0,779V,2330,2026-03-10
國票台中,1885.0,7613,4234,779v,2330,2026-03-10
國票台中,1875.0,3059,3649,779v,2330,2026-03-10
國票台中,1865.0,1111,5,779v,2330,2026-03-10
國票台中,1855.0,57,0,779v,2330,2026-03-10
國票台中,1845.0,122,0,779v,2330,2026-03-10
國票台中,1835.0,2,100,779v,2330,2026-03-10
國票長城,1880.0,3161,2200,779u,2330,2026-03-10
國票長城,1870.0,3109,1000,779u,2330,2026-03-10
國票長城,1860.0,1114,10,779u,2330,2026-03-10
國票長城,1850.0,5008,0,779u,2330,2026-03-10
國票天祥,1855.0,97,30,779V,2330,2026-03-10
台新三民,1835.0,162,0,8156,2330,2026-03-10
國票博愛,1840.0,180,2005,779z,2330,2026-03-10
國票博愛,1860.0,1775,422,779z,2330,2026-03-10
台新新莊,1875.0,2482,2370,8152,2330,2026-03-10
台新新莊,1865.0,303,0,8152,2330,2026-03-10
台新新莊,1855.0,98,2020,8152,2330,2026-03-10
台新新莊,1845.0,1208,270,8152,2330,2026-03-10
台新新莊,1835.0,1035,8,8152,2330,2026-03-10
台新建北,1890.0,170,100,8151,2330,2026-03-10
台新建北,1880.0,6869,764,8151,2330,2026-03-10
台新建北,1870.0,4268,1000,8151,2330,2026-03-10
台新建北,1860.0,564,42,8151,2330,2026-03-10
台新建北,1850.0,3580,1010,8151,2330,2026-03-10
台新建北,1840.0,422,1037,8151,2330,2026-03-10
台新,1890.0,3645,302,8150,2330,2026-03-10
國票博愛,1850.0,50,1000,779z,2330,2026-03-10
台新,1880.0,50982,57778,8150,2330,2026-03-10
台新,1860.0,23321,16896,8150,2330,2026-03-10
台新,1850.0,43174,49293,8150,2330,2026-03-10
台新,1840.0,29242,13899,8150,2330,2026-03-10
國票安和,1885.0,1265,2231,779Z,2330,2026-03-10
國票安和,1875.0,1356,9100,779Z,2330,2026-03-10
國票安和,1865.0,16048,2000,779Z,2330,2026-03-10
國票安和,1855.0,1124,3030,779Z,2330,2026-03-10
國票安和,1845.0,2026,2200,779Z,2330,2026-03-10
國票安和,1835.0,20,1000,779Z,2330,2026-03-10
國票博愛,1890.0,0,100,779z,2330,2026-03-10
國票博愛,1880.0,134,3100,779z,2330,2026-03-10
國票博愛,1870.0,2051,2000,779z,2330,2026-03-10
台新,1870.0,55508,30687,8150,2330,2026-03-10
安泰大發,1835.0,15,0,8381,2330,2026-03-10
安泰大發,1845.0,1,0,8381,2330,2026-03-10
安泰大發,1855.0,110,0,8381,2330,2026-03-10
康和石牌,1880.0,1121,5,845R,2330,2026-03-10
康和石牌,1870.0,1015,2000,845R,2330,2026-03-10
康和石牌,1860.0,290,100,845R,2330,2026-03-10
康和石牌,1850.0,5200,0,845R,2330,2026-03-10
康和高雄,1890.0,25,0,845J,2330,2026-03-10
康和高雄,1880.0,204,1511,845J,2330,2026-03-10
康和高雄,1870.0,1540,1025,845J,2330,2026-03-10
康和高雄,1860.0,1365,0,845J,2330,2026-03-10
康和高雄,1850.0,2320,0,845J,2330,2026-03-10
康和高雄,1840.0,51,100,845J,2330,2026-03-10
康和高雄,1830.0,0,1000,845J,2330,2026-03-10
康和仁愛,1885.0,110,61,845F,2330,2026-03-10
康和南崁,1835.0,5,0,845S,2330,2026-03-10
康和仁愛,1875.0,76,0,845F,2330,2026-03-10
康和仁愛,1855.0,2105,0,845F,2330,2026-03-10
康和仁愛,1845.0,5,0,845F,2330,2026-03-10
康和仁愛,1835.0,1000,0,845F,2330,2026-03-10
康和澎湖,1880.0,142,2301,845E,2330,2026-03-10
康和澎湖,1870.0,23,0,845E,2330,2026-03-10
康和澎湖,1860.0,141,0,845E,2330,2026-03-10
康和澎湖,1850.0,1231,0,845E,2330,2026-03-10
康和澎湖,1840.0,222,0,845E,2330,2026-03-10
康和板橋,1890.0,5,1,845D,2330,2026-03-10
康和板橋,1880.0,1056,1078,845D,2330,2026-03-10
康和板橋,1870.0,113,12000,845D,2330,2026-03-10
康和板橋,1860.0,459,20,845D,2330,2026-03-10
康和仁愛,1865.0,1032,0,845F,2330,2026-03-10
康和板橋,1850.0,1057,0,845D,2330,2026-03-10
康和南崁,1845.0,810,0,845S,2330,2026-03-10
康和南崁,1865.0,70,0,845S,2330,2026-03-10
中農,1840.0,0,172,8520,2330,2026-03-10
京城嘉義,1885.0,416,5144,8492,2330,2026-03-10
京城嘉義,1875.0,2215,3202,8492,2330,2026-03-10
京城嘉義,1865.0,37,0,8492,2330,2026-03-10
京城嘉義,1855.0,186,300,8492,2330,2026-03-10
京城嘉義,1845.0,235,105,8492,2330,2026-03-10
京城嘉義,1835.0,12107,0,8492,2330,2026-03-10
京城,1890.0,1000,0,8490,2330,2026-03-10
京城,1880.0,419,500,8490,2330,2026-03-10
京城,1870.0,95,0,8490,2330,2026-03-10
京城,1860.0,1096,0,8490,2330,2026-03-10
京城,1850.0,2200,0,8490,2330,2026-03-10
康和南崁,1855.0,5066,5000,845S,2330,2026-03-10
京城,1840.0,300,0,8490,2330,2026-03-10
康和屏東,1875.0,0,351,845X,2330,2026-03-10
康和屏東,1865.0,60,20,845X,2330,2026-03-10
康和屏東,1855.0,40,0,845X,2330,2026-03-10
康和屏東,1840.0,31,0,845X,2330,2026-03-10
康和台北,1890.0,0,80,845U,2330,2026-03-10
康和台北,1880.0,3213,194,845U,2330,2026-03-10
康和台北,1870.0,40,1000,845U,2330,2026-03-10
康和台北,1860.0,123,0,845U,2330,2026-03-10
康和台北,1850.0,112,0,845U,2330,2026-03-10
康和台北,1840.0,207,0,845U,2330,2026-03-10
康和南崁,1885.0,53,0,845S,2330,2026-03-10
康和南崁,1875.0,25,0,845S,2330,2026-03-10
康和屏東,1885.0,14,16,845X,2330,2026-03-10
康和板橋,1840.0,1021,0,845D,2330,2026-03-10
康和永和,1890.0,50,0,845B,2330,2026-03-10
康和永和,1880.0,325,100,845B,2330,2026-03-10
康和台中,1850.0,1057,1000,8455,2330,2026-03-10
康和台中,1840.0,134,1000,8455,2330,2026-03-10
康和延平,1890.0,0,100,8451,2330,2026-03-10
康和延平,1880.0,11,0,8451,2330,2026-03-10
康和延平,1870.0,11,2000,8451,2330,2026-03-10
康和延平,1860.0,506,0,8451,2330,2026-03-10
康和延平,1850.0,120,0,8451,2330,2026-03-10
康和延平,1840.0,10,0,8451,2330,2026-03-10
康和,1885.0,125,110,8450,2330,2026-03-10
康和,1875.0,1009,49011,8450,2330,2026-03-10
康和,1865.0,1101,6000,8450,2330,2026-03-10
康和,1855.0,101,0,8450,2330,2026-03-10
康和台中,1860.0,253,100,8455,2330,2026-03-10
康和,1845.0,50,0,8450,2330,2026-03-10
摩根大通,1880.0,989648,681624,8440,2330,2026-03-10
摩根大通,1870.0,176000,896784,8440,2330,2026-03-10
摩根大通,1860.0,53771,606830,8440,2330,2026-03-10
摩根大通,1850.0,506000,1716658,8440,2330,2026-03-10
摩根大通,1840.0,125000,518000,8440,2330,2026-03-10
安泰楠梓,1885.0,11,1010,8382,2330,2026-03-10
安泰楠梓,1875.0,114,20,8382,2330,2026-03-10
安泰楠梓,1865.0,0,490,8382,2330,2026-03-10
安泰楠梓,1850.0,10,0,8382,2330,2026-03-10
安泰大發,1885.0,60,2000,8381,2330,2026-03-10
安泰大發,1875.0,1025,1005,8381,2330,2026-03-10
安泰大發,1865.0,10,0,8381,2330,2026-03-10
康和,1835.0,10,0,8450,2330,2026-03-10
康和台中,1870.0,2193,3000,8455,2330,2026-03-10
康和台中,1880.0,11026,3181,8455,2330,2026-03-10
康和新竹,1845.0,25,0,8456,2330,2026-03-10
康和永和,1870.0,210,0,845B,2330,2026-03-10
康和永和,1860.0,1005,0,845B,2330,2026-03-10
康和永和,1850.0,1,0,845B,2330,2026-03-10
康和永和,1840.0,114,0,845B,2330,2026-03-10
康和永和,1830.0,10,0,845B,2330,2026-03-10
康和內湖,1885.0,1095,1219,845A,2330,2026-03-10
康和內湖,1875.0,1297,2004,845A,2330,2026-03-10
康和內湖,1865.0,1019,7,845A,2330,2026-03-10
康和內湖,1855.0,324,5,845A,2330,2026-03-10
康和內湖,1845.0,2009,5,845A,2330,2026-03-10
康和內湖,1835.0,15,0,845A,2330,2026-03-10
康和嘉義,1885.0,1,318,8459,2330,2026-03-10
康和嘉義,1875.0,335,1166,8459,2330,2026-03-10
康和嘉義,1865.0,1107,1100,8459,2330,2026-03-10
康和嘉義,1855.0,24,5,8459,2330,2026-03-10
康和嘉義,1845.0,50,0,8459,2330,2026-03-10
康和嘉義,1835.0,1015,0,8459,2330,2026-03-10
康和台南,1885.0,1045,1010,8458,2330,2026-03-10
康和台南,1875.0,325,104,8458,2330,2026-03-10
康和台南,1865.0,57,1000,8458,2330,2026-03-10
康和台南,1855.0,114,2045,8458,2330,2026-03-10
康和台南,1845.0,5,0,8458,2330,2026-03-10
康和台南,1835.0,16,0,8458,2330,2026-03-10
康和新竹,1885.0,120,3000,8456,2330,2026-03-10
康和新竹,1875.0,1205,0,8456,2330,2026-03-10
康和新竹,1865.0,10,2000,8456,2330,2026-03-10
康和新竹,1855.0,1132,0,8456,2330,2026-03-10
永全,1840.0,1128,2000,6450,2330,2026-03-10
玉山景美,1870.0,1018,1000,8849,2330,2026-03-10
華南永昌,1890.0,173,280,9300,2330,2026-03-10
玉山景美,1890.0,202,0,8849,2330,2026-03-10
港麥格理,1860.0,23260,1000,1360,2330,2026-03-10
港麥格理,1850.0,272000,235000,1360,2330,2026-03-10
港麥格理,1835.0,8000,0,1360,2330,2026-03-10
宏遠新化,1880.0,129,2021,126X,2330,2026-03-10
宏遠新化,1870.0,1001,0,126X,2330,2026-03-10
宏遠新化,1860.0,282,1000,126X,2330,2026-03-10
宏遠新化,1850.0,17,0,126X,2330,2026-03-10
宏遠新化,1840.0,76,0,126X,2330,2026-03-10
宏遠館前,1890.0,0,13,126U,2330,2026-03-10
宏遠館前,1880.0,1004,2115,126U,2330,2026-03-10
宏遠館前,1870.0,1011,8000,126U,2330,2026-03-10
宏遠館前,1860.0,21155,0,126U,2330,2026-03-10
港麥格理,1870.0,4000,116000,1360,2330,2026-03-10
宏遠館前,1850.0,24072,2000,126U,2330,2026-03-10
宏遠高雄,1890.0,0,50,126Q,2330,2026-03-10
宏遠高雄,1880.0,235,4075,126Q,2330,2026-03-10
宏遠高雄,1870.0,11,1000,126Q,2330,2026-03-10
宏遠高雄,1860.0,273,10,126Q,2330,2026-03-10
宏遠高雄,1850.0,1,0,126Q,2330,2026-03-10
宏遠高雄,1840.0,27,1000,126Q,2330,2026-03-10
宏遠高雄,1830.0,1000,0,126Q,2330,2026-03-10
宏遠台中,1880.0,71,45,126L,2330,2026-03-10
宏遠台中,1870.0,117,1000,126L,2330,2026-03-10
宏遠台中,1860.0,58,50,126L,2330,2026-03-10
宏遠台中,1850.0,3161,0,126L,2330,2026-03-10
宏遠台中,1840.0,2082,225,126L,2330,2026-03-10
宏遠館前,1840.0,2025,50,126U,2330,2026-03-10
宏遠光隆,1885.0,10,320,126i,2330,2026-03-10
港麥格理,1880.0,59000,348000,1360,2330,2026-03-10
美林,1835.0,61000,64000,1440,2330,2026-03-10
花旗環球,1855.0,43000,19000,1590,2330,2026-03-10
花旗環球,1845.0,135000,1000,1590,2330,2026-03-10
花旗環球,1835.0,3000,4000,1590,2330,2026-03-10
港商野村,1885.0,28000,13000,1560,2330,2026-03-10
港商野村,1875.0,97000,10000,1560,2330,2026-03-10
港商野村,1865.0,31000,8000,1560,2330,2026-03-10
港商野村,1855.0,53000,12000,1560,2330,2026-03-10
港商野村,1845.0,0,2000,1560,2330,2026-03-10
港商野村,1835.0,13000,0,1560,2330,2026-03-10
美商高盛,1885.0,227000,12653,1480,2330,2026-03-10
美商高盛,1875.0,165000,182000,1480,2330,2026-03-10
美商高盛,1865.0,88000,214200,1480,2330,2026-03-10
港麥格理,1890.0,1000,0,1360,2330,2026-03-10
美商高盛,1855.0,183000,82500,1480,2330,2026-03-10
美商高盛,1835.0,52000,84108,1480,2330,2026-03-10
台灣摩根,1885.0,108667,76000,1470,2330,2026-03-10
台灣摩根,1875.0,33648,177000,1470,2330,2026-03-10
台灣摩根,1865.0,15000,162000,1470,2330,2026-03-10
台灣摩根,1855.0,29000,182627,1470,2330,2026-03-10
台灣摩根,1845.0,9100,57803,1470,2330,2026-03-10
台灣摩根,1835.0,8000,25000,1470,2330,2026-03-10
美林,1885.0,458000,4000,1440,2330,2026-03-10
美林,1875.0,223000,97871,1440,2330,2026-03-10
美林,1865.0,103616,72000,1440,2330,2026-03-10
美林,1855.0,247000,355000,1440,2330,2026-03-10
美林,1845.0,69846,12000,1440,2330,2026-03-10
美商高盛,1845.0,55000,6150,1480,2330,2026-03-10
花旗環球,1865.0,5000,36000,1590,2330,2026-03-10
宏遠光隆,1875.0,12286,37,126i,2330,2026-03-10
宏遠光隆,1855.0,115,0,126i,2330,2026-03-10
彰銀台中,1880.0,4863,2610,1233,2330,2026-03-10
彰銀台中,1870.0,6260,1000,1233,2330,2026-03-10
彰銀台中,1860.0,1576,100,1233,2330,2026-03-10
彰銀台中,1850.0,6122,21000,1233,2330,2026-03-10
彰銀台中,1840.0,6327,0,1233,2330,2026-03-10
彰銀七賢,1890.0,1,0,1232,2330,2026-03-10
彰銀七賢,1880.0,210,2020,1232,2330,2026-03-10
彰銀七賢,1870.0,116,1000,1232,2330,2026-03-10
彰銀七賢,1860.0,200,0,1232,2330,2026-03-10
彰銀七賢,1850.0,2201,0,1232,2330,2026-03-10
彰銀七賢,1840.0,1129,0,1232,2330,2026-03-10
彰銀,1890.0,2001,0,1230,2330,2026-03-10
彰銀台中,1890.0,330,0,1233,2330,2026-03-10
彰銀,1880.0,1965,2000,1230,2330,2026-03-10
彰銀,1860.0,1070,50,1230,2330,2026-03-10
彰銀,1850.0,1436,2000,1230,2330,2026-03-10
彰銀,1840.0,122,0,1230,2330,2026-03-10
企銀埔墘,1885.0,50,10,111G,2330,2026-03-10
企銀埔墘,1875.0,17,40,111G,2330,2026-03-10
企銀埔墘,1865.0,1008,0,111G,2330,2026-03-10
企銀埔墘,1855.0,67,0,111G,2330,2026-03-10
企銀埔墘,1845.0,10,0,111G,2330,2026-03-10
企銀埔墘,1835.0,15,10,111G,2330,2026-03-10
企銀北高,1880.0,105,190,111F,2330,2026-03-10
企銀北高,1870.0,50,0,111F,2330,2026-03-10
企銀北高,1860.0,20,0,111F,2330,2026-03-10
彰銀,1870.0,2135,10,1230,2330,2026-03-10
宏遠光隆,1865.0,111,0,126i,2330,2026-03-10
宏遠,1840.0,8135,16240,1260,2330,2026-03-10
宏遠,1860.0,130,30004,1260,2330,2026-03-10
宏遠光隆,1845.0,5,150,126i,2330,2026-03-10
宏遠光隆,1835.0,2120,100,126i,2330,2026-03-10
宏遠中和,1885.0,240,55,126H,2330,2026-03-10
宏遠中和,1875.0,12,0,126H,2330,2026-03-10
宏遠中和,1865.0,2020,0,126H,2330,2026-03-10
宏遠中和,1855.0,26,0,126H,2330,2026-03-10
宏遠中和,1845.0,83,0,126H,2330,2026-03-10
宏遠中和,1835.0,21,25,126H,2330,2026-03-10
宏遠台南,1885.0,655,24,126D,2330,2026-03-10
宏遠台南,1875.0,254,1280,126D,2330,2026-03-10
宏遠台南,1865.0,1000,0,126D,2330,2026-03-10
宏遠台南,1855.0,211,240,126D,2330,2026-03-10
宏遠,1850.0,9105,60000,1260,2330,2026-03-10
宏遠台南,1845.0,5,0,126D,2330,2026-03-10
宏遠桃園,1880.0,161,1222,1262,2330,2026-03-10
宏遠桃園,1870.0,200,1000,1262,2330,2026-03-10
宏遠桃園,1860.0,105,200,1262,2330,2026-03-10
宏遠桃園,1850.0,12,100,1262,2330,2026-03-10
宏遠桃園,1840.0,72,1200,1262,2330,2026-03-10
宏遠民生,1880.0,0,40,1261,2330,2026-03-10
宏遠民生,1870.0,1000,1000,1261,2330,2026-03-10
宏遠民生,1860.0,330,1000,1261,2330,2026-03-10
宏遠民生,1845.0,20,0,1261,2330,2026-03-10
宏遠,1890.0,50,2000,1260,2330,2026-03-10
宏遠,1880.0,10030,18188,1260,2330,2026-03-10
宏遠,1870.0,8200,4000,1260,2330,2026-03-10
宏遠台南,1835.0,10,0,126D,2330,2026-03-10
企銀北高,1850.0,27,0,111F,2330,2026-03-10
花旗環球,1875.0,122000,58000,1590,2330,2026-03-10
瑞銀,1835.0,86000,65000,1650,2330,2026-03-10
美好中壢,1860.0,254,20,5266,2330,2026-03-10
美好中壢,1850.0,70,0,5266,2330,2026-03-10
美好中壢,1840.0,1070,0,5266,2330,2026-03-10
美好苗栗,1885.0,101,470,5265,2330,2026-03-10
美好苗栗,1875.0,23,5,5265,2330,2026-03-10
美好苗栗,1865.0,1020,19,5265,2330,2026-03-10
美好苗栗,1855.0,105,10,5265,2330,2026-03-10
美好苗栗,1840.0,17,0,5265,2330,2026-03-10
美好高雄,1890.0,161,0,5264,2330,2026-03-10
美好高雄,1880.0,122,3102,5264,2330,2026-03-10
美好高雄,1870.0,5,0,5264,2330,2026-03-10
美好高雄,1860.0,55,10,5264,2330,2026-03-10
美好中壢,1870.0,135,0,5266,2330,2026-03-10
美好高雄,1850.0,30,10,5264,2330,2026-03-10
美好泰山,1880.0,8031,1200,5263,2330,2026-03-10
美好泰山,1870.0,3023,0,5263,2330,2026-03-10
美好泰山,1860.0,184,30,5263,2330,2026-03-10
美好泰山,1850.0,2000,0,5263,2330,2026-03-10
美好泰山,1840.0,10,0,5263,2330,2026-03-10
美好楊梅,1890.0,0,5,5262,2330,2026-03-10
美好楊梅,1880.0,89,202,5262,2330,2026-03-10
美好楊梅,1870.0,39,101,5262,2330,2026-03-10
美好楊梅,1860.0,2677,0,5262,2330,2026-03-10
美好楊梅,1850.0,1057,0,5262,2330,2026-03-10
美好楊梅,1840.0,1132,31,5262,2330,2026-03-10
美好蘆洲,1890.0,0,10,5261,2330,2026-03-10
美好泰山,1890.0,5,50,5263,2330,2026-03-10
美好蘆洲,1880.0,1459,5130,5261,2330,2026-03-10
美好中壢,1880.0,2292,200,5266,2330,2026-03-10
美好基隆,1840.0,1100,0,5267,2330,2026-03-10
高橋,1855.0,165,10,5320,2330,2026-03-10
高橋,1845.0,1085,0,5320,2330,2026-03-10
美好市政,1885.0,3011,25,526M,2330,2026-03-10
美好市政,1875.0,25,10,526M,2330,2026-03-10
美好市政,1865.0,3019,20,526M,2330,2026-03-10
美好市政,1855.0,45,110,526M,2330,2026-03-10
美好市政,1845.0,53,0,526M,2330,2026-03-10
美好富順,1890.0,0,31,526K,2330,2026-03-10
美好富順,1880.0,1178,1057,526K,2330,2026-03-10
美好富順,1870.0,265,30000,526K,2330,2026-03-10
美好富順,1860.0,2095,0,526K,2330,2026-03-10
美好富順,1850.0,11133,10,526K,2330,2026-03-10
美好中壢,1890.0,0,1100,5266,2330,2026-03-10
美好富順,1840.0,460,200,526K,2330,2026-03-10
美好中和,1875.0,11,110,526A,2330,2026-03-10
美好中和,1860.0,237,0,526A,2330,2026-03-10
美好中和,1850.0,10,0,526A,2330,2026-03-10
美好中和,1835.0,10,0,526A,2330,2026-03-10
美好台南,1880.0,5,10,5268,2330,2026-03-10
美好台南,1870.0,1000,0,5268,2330,2026-03-10
美好台南,1860.0,28,0,5268,2330,2026-03-10
美好台南,1840.0,1000,0,5268,2330,2026-03-10
美好基隆,1885.0,100,10,5267,2330,2026-03-10
美好基隆,1875.0,0,50,5267,2330,2026-03-10
美好基隆,1860.0,509,100,5267,2330,2026-03-10
美好基隆,1850.0,2,0,5267,2330,2026-03-10
美好中和,1885.0,70,0,526A,2330,2026-03-10
花旗環球,1885.0,305000,11450,1590,2330,2026-03-10
美好蘆洲,1870.0,1035,0,5261,2330,2026-03-10
美好蘆洲,1850.0,257,0,5261,2330,2026-03-10
亞東台南,1865.0,15,0,2185,2330,2026-03-10
亞東台南,1855.0,11,1010,2185,2330,2026-03-10
亞東台南,1840.0,1010,0,2185,2330,2026-03-10
亞東新竹,1890.0,0,6,2184,2330,2026-03-10
亞東新竹,1880.0,303,50,2184,2330,2026-03-10
亞東新竹,1870.0,1023,0,2184,2330,2026-03-10
亞東新竹,1860.0,306,0,2184,2330,2026-03-10
亞東新竹,1850.0,40,0,2184,2330,2026-03-10
亞東新竹,1840.0,12,0,2184,2330,2026-03-10
亞東板橋,1890.0,10,0,2181,2330,2026-03-10
亞東板橋,1880.0,106,1246,2181,2330,2026-03-10
亞東板橋,1870.0,4248,1000,2181,2330,2026-03-10
亞東台南,1875.0,1300,0,2185,2330,2026-03-10
亞東板橋,1860.0,505,0,2181,2330,2026-03-10
亞東板橋,1840.0,67,0,2181,2330,2026-03-10
亞東,1890.0,20,0,2180,2330,2026-03-10
亞東,1880.0,2555,2280,2180,2330,2026-03-10
亞東,1870.0,136,2000,2180,2330,2026-03-10
亞東,1860.0,260,1090,2180,2330,2026-03-10
亞東,1850.0,1065,1050,2180,2330,2026-03-10
亞東,1840.0,200,0,2180,2330,2026-03-10
瑞銀,1885.0,178000,49000,1650,2330,2026-03-10
瑞銀,1875.0,78000,116197,1650,2330,2026-03-10
瑞銀,1865.0,17000,67000,1650,2330,2026-03-10
瑞銀,1855.0,205000,105212,1650,2330,2026-03-10
瑞銀,1845.0,30000,27000,1650,2330,2026-03-10
亞東板橋,1850.0,1183,2176,2181,2330,2026-03-10
美好蘆洲,1860.0,607,10,5261,2330,2026-03-10
亞東台南,1885.0,57,0,2185,2330,2026-03-10
亞東高雄,1855.0,104,200,2186,2330,2026-03-10
美好蘆洲,1840.0,85,0,5261,2330,2026-03-10
美好,1890.0,80,1000,5260,2330,2026-03-10
美好,1880.0,81,27040,5260,2330,2026-03-10
美好,1870.0,100,2000,5260,2330,2026-03-10
美好,1860.0,126,0,5260,2330,2026-03-10
美好,1850.0,150,0,5260,2330,2026-03-10
美好,1840.0,10,100,5260,2330,2026-03-10
美好,1830.0,2000,0,5260,2330,2026-03-10
富隆,1880.0,3000,0,5110,2330,2026-03-10
大展台南,1880.0,11,110,5058,2330,2026-03-10
大展台南,1870.0,9005,0,5058,2330,2026-03-10
大展台南,1855.0,100,0,5058,2330,2026-03-10
亞東高雄,1845.0,5,0,2186,2330,2026-03-10
大展台南,1835.0,5,0,5058,2330,2026-03-10
大展,1875.0,1051,1221,5050,2330,2026-03-10
大展,1865.0,1033,155,5050,2330,2026-03-10
大展,1855.0,30,5,5050,2330,2026-03-10
大展,1845.0,516,0,5050,2330,2026-03-10
大展,1835.0,1045,30,5050,2330,2026-03-10
亞東台中,1880.0,195,1042,2187,2330,2026-03-10
亞東台中,1870.0,70,0,2187,2330,2026-03-10
亞東台中,1860.0,27,0,2187,2330,2026-03-10
亞東台中,1850.0,1061,0,2187,2330,2026-03-10
亞東高雄,1885.0,11005,160,2186,2330,2026-03-10
亞東高雄,1875.0,41,102,2186,2330,2026-03-10
亞東高雄,1865.0,32,100,2186,2330,2026-03-10
大展,1885.0,2050,262,5050,2330,2026-03-10
高橋,1865.0,1136,160,5320,2330,2026-03-10
企銀桃園,1885.0,1606,1050,111E,2330,2026-03-10
企銀桃園,1865.0,2015,0,111E,2330,2026-03-10
土銀新竹,1880.0,2328,3270,1035,2330,2026-03-10
土銀新竹,1870.0,1101,0,1035,2330,2026-03-10
土銀新竹,1860.0,1376,20,1035,2330,2026-03-10
土銀新竹,1850.0,185,0,1035,2330,2026-03-10
土銀新竹,1840.0,752,58,1035,2330,2026-03-10
土銀嘉義,1890.0,100,0,1034,2330,2026-03-10
土銀嘉義,1880.0,390,1005,1034,2330,2026-03-10
土銀嘉義,1870.0,130,0,1034,2330,2026-03-10
土銀嘉義,1860.0,346,6,1034,2330,2026-03-10
土銀嘉義,1850.0,200,0,1034,2330,2026-03-10
土銀高雄,1885.0,1563,3150,1033,2330,2026-03-10
土銀高雄,1875.0,1065,200,1033,2330,2026-03-10
土銀玉里,1835.0,100,0,1036,2330,2026-03-10
土銀高雄,1865.0,2010,0,1033,2330,2026-03-10
土銀高雄,1840.0,1330,0,1033,2330,2026-03-10
土銀台南,1880.0,2030,1000,1032,2330,2026-03-10
土銀台南,1870.0,6,2000,1032,2330,2026-03-10
土銀台南,1860.0,3020,2000,1032,2330,2026-03-10
土銀台南,1845.0,50,0,1032,2330,2026-03-10
土銀台南,1830.0,0,1000,1032,2330,2026-03-10
土銀台中,1880.0,682,1060,1031,2330,2026-03-10
土銀台中,1870.0,233,1000,1031,2330,2026-03-10
土銀台中,1860.0,196,100,1031,2330,2026-03-10
土銀台中,1850.0,71,1000,1031,2330,2026-03-10
土銀台中,1840.0,1051,1000,1031,2330,2026-03-10
土銀,1885.0,414,1870,1030,2330,2026-03-10
土銀高雄,1855.0,610,0,1033,2330,2026-03-10
土銀,1875.0,2915,2587,1030,2330,2026-03-10
土銀玉里,1845.0,30,0,1036,2330,2026-03-10
土銀玉里,1865.0,20,0,1036,2330,2026-03-10
土銀彰化,1860.0,35,0,103B,2330,2026-03-10
土銀彰化,1850.0,1160,0,103B,2330,2026-03-10
土銀彰化,1840.0,7,0,103B,2330,2026-03-10
土銀建國,1880.0,1010,3064,103A,2330,2026-03-10
土銀建國,1870.0,10039,2000,103A,2330,2026-03-10
土銀建國,1860.0,2457,0,103A,2330,2026-03-10
土銀建國,1850.0,822,800,103A,2330,2026-03-10
土銀建國,1840.0,234,1050,103A,2330,2026-03-10
土銀士林,1885.0,400,200,1039,2330,2026-03-10
土銀士林,1875.0,130,0,1039,2330,2026-03-10
土銀士林,1860.0,10,30,1039,2330,2026-03-10
土銀士林,1850.0,1000,1000,1039,2330,2026-03-10
土銀玉里,1855.0,91,1000,1036,2330,2026-03-10
土銀士林,1840.0,9,0,1039,2330,2026-03-10
土銀和平,1875.0,70,1022,1038,2330,2026-03-10
土銀和平,1865.0,50,0,1038,2330,2026-03-10
土銀和平,1855.0,20,0,1038,2330,2026-03-10
土銀和平,1845.0,20,0,1038,2330,2026-03-10
土銀和平,1835.0,4,0,1038,2330,2026-03-10
土銀花蓮,1880.0,52,10,1037,2330,2026-03-10
土銀花蓮,1870.0,0,1000,1037,2330,2026-03-10
土銀花蓮,1860.0,100,176,1037,2330,2026-03-10
土銀花蓮,1850.0,351,0,1037,2330,2026-03-10
土銀花蓮,1835.0,5,0,1037,2330,2026-03-10
土銀玉里,1885.0,1,200,1036,2330,2026-03-10
土銀玉里,1875.0,120,2000,1036,2330,2026-03-10
土銀和平,1885.0,6600,0,1038,2330,2026-03-10
土銀彰化,1870.0,3,0,103B,2330,2026-03-10
土銀,1865.0,656,1110,1030,2330,2026-03-10
土銀,1845.0,1160,0,1030,2330,2026-03-10
合庫鳳山,1890.0,13,0,1029,2330,2026-03-10
合庫鳳山,1880.0,2840,5050,1029,2330,2026-03-10
合庫鳳山,1870.0,11140,2,1029,2330,2026-03-10
合庫鳳山,1860.0,256,410,1029,2330,2026-03-10
合庫鳳山,1850.0,157,10,1029,2330,2026-03-10
合庫鳳山,1840.0,40,130,1029,2330,2026-03-10
合庫彰化,1885.0,7213,4240,1028,2330,2026-03-10
合庫彰化,1875.0,7430,968,1028,2330,2026-03-10
合庫彰化,1865.0,449,1020,1028,2330,2026-03-10
合庫彰化,1855.0,10071,0,1028,2330,2026-03-10
合庫彰化,1845.0,245,0,1028,2330,2026-03-10
合庫彰化,1835.0,26,0,1028,2330,2026-03-10
合庫新竹,1840.0,137,3000,102A,2330,2026-03-10
合庫基隆,1880.0,833,3412,1025,2330,2026-03-10
合庫基隆,1860.0,333,35,1025,2330,2026-03-10
合庫基隆,1850.0,1117,1000,1025,2330,2026-03-10
合庫基隆,1840.0,20,100,1025,2330,2026-03-10
合庫嘉義,1885.0,2162,1130,1024,2330,2026-03-10
合庫嘉義,1875.0,161,1092,1024,2330,2026-03-10
合庫嘉義,1865.0,3168,130,1024,2330,2026-03-10
合庫嘉義,1855.0,2150,500,1024,2330,2026-03-10
合庫嘉義,1845.0,1024,0,1024,2330,2026-03-10
合庫嘉義,1835.0,1101,0,1024,2330,2026-03-10
合庫高雄,1890.0,60,200,1023,2330,2026-03-10
合庫高雄,1880.0,3095,14870,1023,2330,2026-03-10
合庫高雄,1870.0,9288,3000,1023,2330,2026-03-10
合庫基隆,1870.0,1161,0,1025,2330,2026-03-10
土銀,1855.0,1312,2040,1030,2330,2026-03-10
合庫新竹,1850.0,6141,1011,102A,2330,2026-03-10
合庫新竹,1870.0,38,1000,102A,2330,2026-03-10
土銀,1835.0,1050,0,1030,2330,2026-03-10
合庫三重,1885.0,2115,2125,102G,2330,2026-03-10
合庫三重,1875.0,243,140,102G,2330,2026-03-10
合庫三重,1865.0,836,1000,102G,2330,2026-03-10
合庫三重,1855.0,79,0,102G,2330,2026-03-10
合庫三重,1845.0,5,100,102G,2330,2026-03-10
合庫三重,1835.0,10,1000,102G,2330,2026-03-10
合庫西台,1880.0,1495,6300,102F,2330,2026-03-10
合庫西台,1870.0,3060,12000,102F,2330,2026-03-10
合庫西台,1860.0,1459,1047,102F,2330,2026-03-10
合庫西台,1850.0,93,1700,102F,2330,2026-03-10
合庫西台,1840.0,652,15,102F,2330,2026-03-10
合庫新竹,1860.0,1566,62,102A,2330,2026-03-10
合庫桃園,1890.0,1010,0,102E,2330,2026-03-10
合庫桃園,1870.0,6773,0,102E,2330,2026-03-10
合庫桃園,1860.0,2419,1070,102E,2330,2026-03-10
合庫桃園,1850.0,1516,0,102E,2330,2026-03-10
合庫桃園,1840.0,3065,0,102E,2330,2026-03-10
合庫自強,1890.0,70,0,102C,2330,2026-03-10
合庫自強,1880.0,4906,291,102C,2330,2026-03-10
合庫自強,1870.0,1141,15000,102C,2330,2026-03-10
合庫自強,1860.0,1065,125,102C,2330,2026-03-10
合庫自強,1850.0,4904,5000,102C,2330,2026-03-10
合庫自強,1840.0,589,1000,102C,2330,2026-03-10
合庫新竹,1890.0,10,90,102A,2330,2026-03-10
合庫新竹,1880.0,1756,4725,102A,2330,2026-03-10
合庫桃園,1880.0,4687,2000,102E,2330,2026-03-10
企銀桃園,1875.0,1,2000,111E,2330,2026-03-10
土銀彰化,1880.0,72,112,103B,2330,2026-03-10
土銀白河,1860.0,250,0,103C,2330,2026-03-10
企銀屏東,1845.0,27,0,1116,2330,2026-03-10
企銀屏東,1835.0,5,0,1116,2330,2026-03-10
企銀太平,1880.0,1191,560,1115,2330,2026-03-10
企銀太平,1870.0,7117,0,1115,2330,2026-03-10
企銀太平,1860.0,280,0,1115,2330,2026-03-10
企銀太平,1850.0,505,0,1115,2330,2026-03-10
企銀太平,1840.0,1285,0,1115,2330,2026-03-10
企銀嘉義,1885.0,142,210,1114,2330,2026-03-10
企銀嘉義,1875.0,80,20,1114,2330,2026-03-10
企銀嘉義,1865.0,0,5,1114,2330,2026-03-10
企銀嘉義,1855.0,46,0,1114,2330,2026-03-10
企銀嘉義,1845.0,5,650,1114,2330,2026-03-10
企銀屏東,1860.0,1420,0,1116,2330,2026-03-10
企銀嘉義,1835.0,2080,1000,1114,2330,2026-03-10
企銀九如,1870.0,10,0,1113,2330,2026-03-10
企銀九如,1860.0,104,10,1113,2330,2026-03-10
企銀九如,1850.0,1000,0,1113,2330,2026-03-10
企銀九如,1840.0,19,0,1113,2330,2026-03-10
企銀台南,1890.0,0,1,1112,2330,2026-03-10
企銀台南,1880.0,1185,2223,1112,2330,2026-03-10
企銀台南,1870.0,3040,0,1112,2330,2026-03-10
企銀台南,1860.0,190,1020,1112,2330,2026-03-10
企銀台南,1850.0,3,0,1112,2330,2026-03-10
企銀台南,1835.0,60,0,1112,2330,2026-03-10
企銀台中,1885.0,810,411,1111,2330,2026-03-10
企銀台中,1875.0,1142,2700,1111,2330,2026-03-10
企銀九如,1880.0,140,1100,1113,2330,2026-03-10
企銀台中,1865.0,295,5,1111,2330,2026-03-10
企銀屏東,1870.0,10,0,1116,2330,2026-03-10
企銀竹北,1840.0,30,0,1117,2330,2026-03-10
企銀桃園,1855.0,275,0,111E,2330,2026-03-10
企銀桃園,1845.0,216,1000,111E,2330,2026-03-10
台企建成,1890.0,30,0,111B,2330,2026-03-10
台企建成,1875.0,26,200,111B,2330,2026-03-10
台企建成,1860.0,56,0,111B,2330,2026-03-10
台企建成,1850.0,1020,0,111B,2330,2026-03-10
台企建成,1840.0,1,150,111B,2330,2026-03-10
企銀民雄,1890.0,0,10,111A,2330,2026-03-10
企銀民雄,1880.0,40,10,111A,2330,2026-03-10
企銀民雄,1870.0,121,1000,111A,2330,2026-03-10
企銀民雄,1855.0,28,0,111A,2330,2026-03-10
企銀岡山,1890.0,10,0,1119,2330,2026-03-10
企銀屏東,1880.0,1010,1000,1116,2330,2026-03-10
企銀岡山,1880.0,180,300,1119,2330,2026-03-10
企銀岡山,1860.0,180,0,1119,2330,2026-03-10
企銀岡山,1850.0,101,0,1119,2330,2026-03-10
企銀岡山,1840.0,100,0,1119,2330,2026-03-10
企銀豐原,1885.0,118,2009,1118,2330,2026-03-10
企銀豐原,1875.0,7,1060,1118,2330,2026-03-10
企銀豐原,1865.0,0,20,1118,2330,2026-03-10
企銀豐原,1855.0,10,1,1118,2330,2026-03-10
企銀豐原,1845.0,50,0,1118,2330,2026-03-10
企銀竹北,1880.0,3037,2220,1117,2330,2026-03-10
企銀竹北,1870.0,1035,0,1117,2330,2026-03-10
企銀竹北,1860.0,1207,0,1117,2330,2026-03-10
企銀竹北,1850.0,75,0,1117,2330,2026-03-10
企銀岡山,1870.0,18,0,1119,2330,2026-03-10
土銀白河,1845.0,360,0,103C,2330,2026-03-10
企銀台中,1855.0,258,0,1111,2330,2026-03-10
企銀,1885.0,115,580,1110,2330,2026-03-10
臺銀民權,1880.0,6588,2431,1043,2330,2026-03-10
臺銀民權,1870.0,2454,2002,1043,2330,2026-03-10
臺銀民權,1860.0,2387,2320,1043,2330,2026-03-10
臺銀民權,1850.0,6548,0,1043,2330,2026-03-10
臺銀民權,1840.0,1457,113,1043,2330,2026-03-10
臺銀臺南,1890.0,59,130,1042,2330,2026-03-10
臺銀臺南,1880.0,6202,8606,1042,2330,2026-03-10
臺銀臺南,1870.0,3739,3020,1042,2330,2026-03-10
臺銀臺南,1860.0,2758,1023,1042,2330,2026-03-10
臺銀臺南,1850.0,4667,45,1042,2330,2026-03-10
臺銀臺南,1840.0,1492,60,1042,2330,2026-03-10
臺銀,1890.0,10222,86,1040,2330,2026-03-10
臺銀民權,1890.0,100,30,1043,2330,2026-03-10
臺銀,1880.0,11457,8524,1040,2330,2026-03-10
臺銀,1860.0,7041,2218,1040,2330,2026-03-10
臺銀,1850.0,7224,3540,1040,2330,2026-03-10
臺銀,1840.0,2844,3020,1040,2330,2026-03-10
臺銀,1830.0,5,0,1040,2330,2026-03-10
土銀南港,1880.0,50,1075,103F,2330,2026-03-10
土銀南港,1870.0,40,0,103F,2330,2026-03-10
土銀南港,1860.0,32,0,103F,2330,2026-03-10
土銀南港,1850.0,10,1000,103F,2330,2026-03-10
土銀南港,1840.0,131,0,103F,2330,2026-03-10
土銀白河,1890.0,0,10,103C,2330,2026-03-10
土銀白河,1880.0,535,1010,103C,2330,2026-03-10
土銀白河,1870.0,1011,0,103C,2330,2026-03-10
臺銀,1870.0,36682,1102,1040,2330,2026-03-10
企銀台中,1845.0,530,0,1111,2330,2026-03-10
臺銀新竹,1840.0,1420,0,1045,2330,2026-03-10
臺銀新竹,1860.0,1886,285,1045,2330,2026-03-10
企銀,1875.0,37,1210,1110,2330,2026-03-10
企銀,1865.0,1217,1000,1110,2330,2026-03-10
企銀,1855.0,4,600,1110,2330,2026-03-10
企銀,1845.0,31,0,1110,2330,2026-03-10
企銀,1835.0,2,0,1110,2330,2026-03-10
臺銀金山,1885.0,2388,277,104D,2330,2026-03-10
臺銀金山,1875.0,8739,8256,104D,2330,2026-03-10
臺銀金山,1865.0,1287,3289,104D,2330,2026-03-10
臺銀金山,1855.0,2707,1256,104D,2330,2026-03-10
臺銀金山,1845.0,1491,0,104D,2330,2026-03-10
臺銀金山,1835.0,3358,1000,104D,2330,2026-03-10
臺銀高雄,1885.0,8728,15177,104C,2330,2026-03-10
臺銀新竹,1850.0,1725,1050,1045,2330,2026-03-10
臺銀高雄,1875.0,6650,8177,104C,2330,2026-03-10
臺銀高雄,1855.0,6213,4190,104C,2330,2026-03-10
臺銀高雄,1845.0,1500,3228,104C,2330,2026-03-10
臺銀高雄,1835.0,4636,2120,104C,2330,2026-03-10
臺銀臺中,1890.0,33,112,104A,2330,2026-03-10
臺銀臺中,1880.0,3971,13014,104A,2330,2026-03-10
臺銀臺中,1870.0,3241,67,104A,2330,2026-03-10
臺銀臺中,1860.0,2086,2409,104A,2330,2026-03-10
臺銀臺中,1850.0,11319,165,104A,2330,2026-03-10
臺銀臺中,1840.0,1599,2210,104A,2330,2026-03-10
臺銀新竹,1890.0,63,30,1045,2330,2026-03-10
臺銀新竹,1880.0,2249,136,1045,2330,2026-03-10
臺銀新竹,1870.0,3494,1124,1045,2330,2026-03-10
臺銀高雄,1865.0,10227,1209,104C,2330,2026-03-10
合庫高雄,1860.0,2691,30,1023,2330,2026-03-10
高橋,1875.0,1380,2730,5320,2330,2026-03-10
高橋龍潭,1840.0,1117,0,5321,2330,2026-03-10
統一東湖,1855.0,68,0,585R,2330,2026-03-10
統一東湖,1845.0,105,0,585R,2330,2026-03-10
統一東湖,1835.0,205,0,585R,2330,2026-03-10
統一三多,1880.0,1076,120,585Q,2330,2026-03-10
統一三多,1865.0,10,0,585Q,2330,2026-03-10
統一三多,1855.0,69,1000,585Q,2330,2026-03-10
統一三多,1840.0,116,0,585Q,2330,2026-03-10
統一板橋,1885.0,160,125,585P,2330,2026-03-10
統一板橋,1875.0,110,514,585P,2330,2026-03-10
統一板橋,1865.0,7,1000,585P,2330,2026-03-10
統一板橋,1855.0,60,0,585P,2330,2026-03-10
統一板橋,1845.0,0,33,585P,2330,2026-03-10
統一東湖,1865.0,5,0,585R,2330,2026-03-10
統一板橋,1835.0,200,0,585P,2330,2026-03-10
統一士林,1875.0,9218,15138,585M,2330,2026-03-10
統一士林,1865.0,17127,9000,585M,2330,2026-03-10
統一士林,1855.0,12186,9000,585M,2330,2026-03-10
統一士林,1845.0,3035,3010,585M,2330,2026-03-10
統一士林,1835.0,20,0,585M,2330,2026-03-10
統一竹南,1885.0,14,3001,585m,2330,2026-03-10
統一竹南,1875.0,271,1000,585m,2330,2026-03-10
統一竹南,1865.0,69,0,585m,2330,2026-03-10
統一竹南,1855.0,6,0,585m,2330,2026-03-10
統一竹南,1845.0,1,50,585m,2330,2026-03-10
統一三重,1885.0,473,2338,585J,2330,2026-03-10
統一三重,1875.0,593,4365,585J,2330,2026-03-10
統一士林,1885.0,16031,15091,585M,2330,2026-03-10
統一三重,1865.0,142,159,585J,2330,2026-03-10
統一東湖,1875.0,123,4568,585R,2330,2026-03-10
統一宜蘭,1840.0,253,0,585S,2330,2026-03-10
統一松江,1875.0,3160,2400,585Z,2330,2026-03-10
統一松江,1865.0,1050,0,585Z,2330,2026-03-10
統一松江,1855.0,398,1000,585Z,2330,2026-03-10
統一松江,1845.0,2020,60,585Z,2330,2026-03-10
統一松江,1835.0,2008,1000,585Z,2330,2026-03-10
統一土城,1880.0,1317,2030,585Y,2330,2026-03-10
統一土城,1870.0,1100,0,585Y,2330,2026-03-10
統一土城,1860.0,1138,0,585Y,2330,2026-03-10
統一土城,1850.0,1027,0,585Y,2330,2026-03-10
統一土城,1840.0,23,0,585Y,2330,2026-03-10
統一金門,1885.0,66,0,585W,2330,2026-03-10
統一金門,1875.0,40,100,585W,2330,2026-03-10
統一東湖,1885.0,5,1055,585R,2330,2026-03-10
統一金門,1865.0,2,0,585W,2330,2026-03-10
統一金門,1845.0,3,0,585W,2330,2026-03-10
統一金門,1835.0,22,0,585W,2330,2026-03-10
統一南京,1885.0,1221,155,585U,2330,2026-03-10
統一南京,1875.0,1209,1300,585U,2330,2026-03-10
統一南京,1865.0,1147,5,585U,2330,2026-03-10
統一南京,1855.0,151,0,585U,2330,2026-03-10
統一南京,1845.0,1270,0,585U,2330,2026-03-10
統一南京,1835.0,1110,0,585U,2330,2026-03-10
統一宜蘭,1880.0,1123,224,585S,2330,2026-03-10
統一宜蘭,1870.0,11,0,585S,2330,2026-03-10
統一宜蘭,1860.0,246,0,585S,2330,2026-03-10
統一宜蘭,1850.0,63,5,585S,2330,2026-03-10
統一金門,1855.0,123,0,585W,2330,2026-03-10
統一松江,1885.0,1205,90,585Z,2330,2026-03-10
統一三重,1855.0,5139,34,585J,2330,2026-03-10
統一三重,1835.0,36,0,585J,2330,2026-03-10
統一新台中,1875.0,3190,2191,585D,2330,2026-03-10
統一新台中,1865.0,2139,20,585D,2330,2026-03-10
統一新台中,1855.0,1156,1001,585D,2330,2026-03-10
統一新台中,1845.0,114,50,585D,2330,2026-03-10
統一新台中,1835.0,6,20,585D,2330,2026-03-10
統一仁愛,1885.0,10,20,585c,2330,2026-03-10
統一仁愛,1875.0,17,3050,585c,2330,2026-03-10
統一仁愛,1865.0,71,1050,585c,2330,2026-03-10
統一仁愛,1855.0,7,1,585c,2330,2026-03-10
統一仁愛,1845.0,101,0,585c,2330,2026-03-10
統一仁愛,1835.0,1001,0,585c,2330,2026-03-10
統一永和,1880.0,130,60,585B,2330,2026-03-10
統一新台中,1885.0,136,7178,585D,2330,2026-03-10
統一永和,1870.0,101,4000,585B,2330,2026-03-10
統一永和,1850.0,50,0,585B,2330,2026-03-10
統一永和,1840.0,1,0,585B,2330,2026-03-10
統一內湖,1885.0,1055,1015,585b,2330,2026-03-10
統一內湖,1875.0,3035,1020,585b,2330,2026-03-10
統一內湖,1865.0,1035,0,585b,2330,2026-03-10
統一內湖,1855.0,2028,30,585b,2330,2026-03-10
統一內湖,1845.0,4023,0,585b,2330,2026-03-10
統一內湖,1835.0,1,1000,585b,2330,2026-03-10
統一基隆,1880.0,8099,2000,585A,2330,2026-03-10
統一基隆,1870.0,1010,10000,585A,2330,2026-03-10
統一基隆,1860.0,6736,1100,585A,2330,2026-03-10
統一基隆,1850.0,2057,0,585A,2330,2026-03-10
統一永和,1860.0,52,0,585B,2330,2026-03-10
統一三重,1845.0,1125,0,585J,2330,2026-03-10
統一新營,1835.0,100,20,585E,2330,2026-03-10
統一新營,1855.0,10,0,585E,2330,2026-03-10
統一員林,1885.0,127,10,585I,2330,2026-03-10
統一員林,1875.0,213,5,585I,2330,2026-03-10
統一員林,1865.0,32,0,585I,2330,2026-03-10
統一員林,1855.0,256,0,585I,2330,2026-03-10
統一員林,1845.0,72,0,585I,2330,2026-03-10
統一桃園,1890.0,20,0,585H,2330,2026-03-10
統一桃園,1880.0,605,2079,585H,2330,2026-03-10
統一桃園,1870.0,1205,2000,585H,2330,2026-03-10
統一桃園,1860.0,1613,400,585H,2330,2026-03-10
統一桃園,1850.0,6451,50,585H,2330,2026-03-10
統一桃園,1840.0,137,2000,585H,2330,2026-03-10
統一平鎮,1890.0,50,0,585g,2330,2026-03-10
統一新營,1845.0,3,0,585E,2330,2026-03-10
統一平鎮,1880.0,1166,110,585g,2330,2026-03-10
統一平鎮,1860.0,157,0,585g,2330,2026-03-10
統一平鎮,1850.0,177,2000,585g,2330,2026-03-10
統一平鎮,1840.0,136,0,585g,2330,2026-03-10
統一彰化,1890.0,10,17,585F,2330,2026-03-10
統一彰化,1880.0,1146,1020,585F,2330,2026-03-10
統一彰化,1870.0,200,1000,585F,2330,2026-03-10
統一彰化,1860.0,132,130,585F,2330,2026-03-10
統一彰化,1850.0,1325,0,585F,2330,2026-03-10
統一彰化,1840.0,105,100,585F,2330,2026-03-10
統一新營,1885.0,77,1001,585E,2330,2026-03-10
統一新營,1875.0,1116,1274,585E,2330,2026-03-10
統一新營,1865.0,606,3000,585E,2330,2026-03-10
統一平鎮,1870.0,1030,1000,585g,2330,2026-03-10
統一基隆,1840.0,111,0,585A,2330,2026-03-10
盈溢,1850.0,1000,0,5860,2330,2026-03-10
盈溢楠梓,1860.0,1030,0,5862,2330,2026-03-10
中信中壢,1835.0,1057,0,616A,2330,2026-03-10
中信嘉義,1885.0,1920,120,6168,2330,2026-03-10
中信嘉義,1875.0,3348,220,6168,2330,2026-03-10
中信嘉義,1865.0,669,0,6168,2330,2026-03-10
中信嘉義,1855.0,3177,2170,6168,2330,2026-03-10
中信嘉義,1845.0,90,0,6168,2330,2026-03-10
中信嘉義,1835.0,103,0,6168,2330,2026-03-10
中信松江,1885.0,123,11145,6167,2330,2026-03-10
中信松江,1875.0,2747,1180,6167,2330,2026-03-10
中信松江,1865.0,407,150,6167,2330,2026-03-10
中信松江,1855.0,2659,720,6167,2330,2026-03-10
中信松江,1845.0,123,180,6167,2330,2026-03-10
中信中壢,1845.0,158,20,616A,2330,2026-03-10
中信松江,1835.0,56,0,6167,2330,2026-03-10
中信託新,1875.0,11454,2151,6165,2330,2026-03-10
中信託新,1865.0,6394,2150,6165,2330,2026-03-10
中信託新,1855.0,4591,3175,6165,2330,2026-03-10
中信託新,1845.0,654,489,6165,2330,2026-03-10
中信託永,1845.0,932,280,6163,2330,2026-03-10
中信託永,1835.0,1235,150,6163,2330,2026-03-10
中信託忠,1885.0,4010,5993,6162,2330,2026-03-10
中信託忠,1875.0,6863,5698,6162,2330,2026-03-10
中信託忠,1865.0,10751,3085,6162,2330,2026-03-10
中信託忠,1855.0,1494,10400,6162,2330,2026-03-10
中信託忠,1845.0,182,1100,6162,2330,2026-03-10
中信託忠,1835.0,140,220,6162,2330,2026-03-10
中信託新,1885.0,5831,10826,6165,2330,2026-03-10
中信三重,1885.0,2355,1760,6161,2330,2026-03-10
中信中壢,1855.0,1514,509,616A,2330,2026-03-10
中信中壢,1875.0,7917,304,616A,2330,2026-03-10
光和溪湖,1890.0,0,20,6381,2330,2026-03-10
光和溪湖,1880.0,4177,2530,6381,2330,2026-03-10
光和溪湖,1870.0,23,0,6381,2330,2026-03-10
光和溪湖,1860.0,202,0,6381,2330,2026-03-10
光和溪湖,1850.0,1020,0,6381,2330,2026-03-10
光和溪湖,1840.0,51,1000,6381,2330,2026-03-10
光和,1890.0,100,1000,6380,2330,2026-03-10
光和,1880.0,121,18,6380,2330,2026-03-10
光和,1870.0,1027,2000,6380,2330,2026-03-10
光和,1860.0,677,105,6380,2330,2026-03-10
光和,1850.0,2405,0,6380,2330,2026-03-10
光和,1840.0,18,0,6380,2330,2026-03-10
中信中壢,1865.0,1090,394,616A,2330,2026-03-10
新百王,1890.0,0,50,6210,2330,2026-03-10
新百王,1870.0,5275,2097,6210,2330,2026-03-10
新百王,1860.0,1337,1302,6210,2330,2026-03-10
新百王,1850.0,8084,30,6210,2330,2026-03-10
新百王,1840.0,245,3050,6210,2330,2026-03-10
中信託高,1890.0,1132,70,616K,2330,2026-03-10
中信託高,1880.0,5353,3392,616K,2330,2026-03-10
中信託高,1870.0,6175,0,616K,2330,2026-03-10
中信託高,1860.0,2603,1290,616K,2330,2026-03-10
中信託高,1850.0,9141,7176,616K,2330,2026-03-10
中信託高,1840.0,4516,880,616K,2330,2026-03-10
中信託高,1830.0,1005,0,616K,2330,2026-03-10
中信中壢,1885.0,16212,371,616A,2330,2026-03-10
新百王,1880.0,5772,4434,6210,2330,2026-03-10
盈溢,1870.0,1000,1000,5860,2330,2026-03-10
中信三重,1875.0,8344,4635,6161,2330,2026-03-10
中信三重,1855.0,181,2000,6161,2330,2026-03-10
台中銀,1885.0,219,345,6110,2330,2026-03-10
台中銀,1875.0,4820,2274,6110,2330,2026-03-10
台中銀,1865.0,2410,2000,6110,2330,2026-03-10
台中銀,1855.0,132,4020,6110,2330,2026-03-10
台中銀,1845.0,312,0,6110,2330,2026-03-10
台中銀,1835.0,1130,0,6110,2330,2026-03-10
?亞鑫豐,1885.0,1725,4108,601d,2330,2026-03-10
?亞鑫豐,1875.0,22607,5327,601d,2330,2026-03-10
?亞鑫豐,1865.0,177,6010,601d,2330,2026-03-10
?亞鑫豐,1855.0,5102,5082,601d,2330,2026-03-10
?亞鑫豐,1845.0,1243,0,601d,2330,2026-03-10
?亞鑫豐,1835.0,3204,3000,601d,2330,2026-03-10
中銀員林,1835.0,307,0,6114,2330,2026-03-10
?亞網路,1885.0,116,945,6012,2330,2026-03-10
?亞網路,1865.0,3159,75,6012,2330,2026-03-10
?亞網路,1855.0,1076,10,6012,2330,2026-03-10
?亞網路,1845.0,1250,0,6012,2330,2026-03-10
?亞網路,1835.0,1010,353,6012,2330,2026-03-10
?亞,1880.0,50,2000,6010,2330,2026-03-10
?亞,1850.0,20,0,6010,2330,2026-03-10
日茂南投,1860.0,905,0,5962,2330,2026-03-10
日茂埔里,1880.0,1000,0,5961,2330,2026-03-10
日茂,1880.0,1000,6000,5960,2330,2026-03-10
日茂,1870.0,0,1000,5960,2330,2026-03-10
日茂,1850.0,3000,0,5960,2330,2026-03-10
盈溢楠梓,1875.0,0,1000,5862,2330,2026-03-10
?亞網路,1875.0,1361,4170,6012,2330,2026-03-10
中信三重,1865.0,682,18,6161,2330,2026-03-10
中銀員林,1845.0,155,1010,6114,2330,2026-03-10
中銀員林,1865.0,168,15,6114,2330,2026-03-10
中信三重,1845.0,251,90,6161,2330,2026-03-10
中信三重,1835.0,1182,0,6161,2330,2026-03-10
中國信託,1885.0,61457,8029,6160,2330,2026-03-10
中國信託,1875.0,48547,152176,6160,2330,2026-03-10
中國信託,1865.0,55342,51397,6160,2330,2026-03-10
中國信託,1855.0,105794,29092,6160,2330,2026-03-10
中國信託,1845.0,19019,28671,6160,2330,2026-03-10
中國信託,1835.0,13945,993,6160,2330,2026-03-10
中銀豐原,1890.0,100,141,611A,2330,2026-03-10
中銀豐原,1880.0,4888,2376,611A,2330,2026-03-10
中銀豐原,1870.0,3129,2000,611A,2330,2026-03-10
中銀豐原,1860.0,1315,1,611A,2330,2026-03-10
中銀員林,1855.0,385,1320,6114,2330,2026-03-10
中銀豐原,1850.0,1093,0,611A,2330,2026-03-10
中銀高雄,1885.0,150,0,6116,2330,2026-03-10
中銀高雄,1875.0,5,1005,6116,2330,2026-03-10
中銀高雄,1865.0,1005,0,6116,2330,2026-03-10
中銀高雄,1845.0,80,0,6116,2330,2026-03-10
中銀台北,1885.0,45,0,6115,2330,2026-03-10
中銀台北,1875.0,13,30,6115,2330,2026-03-10
中銀台北,1865.0,1043,0,6115,2330,2026-03-10
中銀台北,1855.0,1023,31,6115,2330,2026-03-10
中銀台北,1845.0,3,20,6115,2330,2026-03-10
中銀台北,1835.0,15,0,6115,2330,2026-03-10
中銀員林,1885.0,1326,135,6114,2330,2026-03-10
中銀員林,1875.0,203,2030,6114,2330,2026-03-10
中銀豐原,1840.0,261,2001,611A,2330,2026-03-10
高橋,1885.0,527,3122,5320,2330,2026-03-10
統一屏東,1890.0,50,120,5859,2330,2026-03-10
統一屏東,1870.0,1108,0,5859,2330,2026-03-10
第一光復,1865.0,514,3200,538C,2330,2026-03-10
第一光復,1855.0,626,1310,538C,2330,2026-03-10
第一光復,1845.0,1253,15,538C,2330,2026-03-10
第一光復,1835.0,92,0,538C,2330,2026-03-10
第一新竹,1885.0,2302,2308,538B,2330,2026-03-10
第一新竹,1875.0,4076,3457,538B,2330,2026-03-10
第一新竹,1865.0,4329,0,538B,2330,2026-03-10
第一新竹,1855.0,1764,20,538B,2330,2026-03-10
第一新竹,1845.0,32,3010,538B,2330,2026-03-10
第一新竹,1835.0,55,1000,538B,2330,2026-03-10
第一新興,1885.0,157,3111,538A,2330,2026-03-10
第一新興,1875.0,1289,780,538A,2330,2026-03-10
第一光復,1875.0,1544,1247,538C,2330,2026-03-10
第一新興,1865.0,578,1050,538A,2330,2026-03-10
第一新興,1845.0,194,0,538A,2330,2026-03-10
第一新興,1835.0,1225,0,538A,2330,2026-03-10
第一中山,1890.0,37,0,5389,2330,2026-03-10
第一中山,1880.0,3699,4130,5389,2330,2026-03-10
第一中山,1870.0,61,1000,5389,2330,2026-03-10
第一中山,1860.0,169,0,5389,2330,2026-03-10
第一中山,1850.0,1596,1005,5389,2330,2026-03-10
第一中山,1840.0,1048,3000,5389,2330,2026-03-10
第一中山,1830.0,2000,0,5389,2330,2026-03-10
第一澎湖,1880.0,264,2022,5387,2330,2026-03-10
第一澎湖,1870.0,210,0,5387,2330,2026-03-10
第一澎湖,1860.0,634,0,5387,2330,2026-03-10
第一新興,1855.0,1328,3017,538A,2330,2026-03-10
第一澎湖,1850.0,3211,0,5387,2330,2026-03-10
第一光復,1885.0,226,180,538C,2330,2026-03-10
第一忠孝,1845.0,2408,0,538D,2330,2026-03-10
第一安和,1865.0,2320,0,538j,2330,2026-03-10
第一安和,1855.0,1264,20,538j,2330,2026-03-10
第一安和,1845.0,22,0,538j,2330,2026-03-10
第一安和,1835.0,6102,0,538j,2330,2026-03-10
第一頭份,1890.0,3,0,538I,2330,2026-03-10
第一頭份,1880.0,1295,5141,538I,2330,2026-03-10
第一頭份,1870.0,1256,1000,538I,2330,2026-03-10
第一頭份,1860.0,1415,3013,538I,2330,2026-03-10
第一頭份,1850.0,1257,502,538I,2330,2026-03-10
第一頭份,1840.0,141,90,538I,2330,2026-03-10
第一稻埕,1885.0,304,7,538F,2330,2026-03-10
第一稻埕,1875.0,2236,1114,538F,2330,2026-03-10
第一忠孝,1835.0,12,0,538D,2330,2026-03-10
第一稻埕,1865.0,57,5,538F,2330,2026-03-10
第一稻埕,1845.0,10,5,538F,2330,2026-03-10
第一稻埕,1835.0,2004,0,538F,2330,2026-03-10
第一自由,1885.0,420,5327,538E,2330,2026-03-10
第一自由,1875.0,9170,173,538E,2330,2026-03-10
第一自由,1865.0,313,1006,538E,2330,2026-03-10
第一自由,1855.0,606,5,538E,2330,2026-03-10
第一自由,1845.0,1192,15,538E,2330,2026-03-10
第一自由,1835.0,37,20,538E,2330,2026-03-10
第一忠孝,1885.0,535,2276,538D,2330,2026-03-10
第一忠孝,1875.0,4337,4069,538D,2330,2026-03-10
第一忠孝,1865.0,2448,50,538D,2330,2026-03-10
第一忠孝,1855.0,1327,241,538D,2330,2026-03-10
第一稻埕,1855.0,58,15,538F,2330,2026-03-10
第一安和,1875.0,1323,1426,538j,2330,2026-03-10
第一澎湖,1840.0,54,100,5387,2330,2026-03-10
第一彰化,1880.0,1310,4170,5386,2330,2026-03-10
第一員林,1880.0,274,2256,5381,2330,2026-03-10
第一員林,1870.0,302,1000,5381,2330,2026-03-10
第一員林,1860.0,1238,0,5381,2330,2026-03-10
第一員林,1850.0,3200,0,5381,2330,2026-03-10
第一員林,1840.0,1261,1004,5381,2330,2026-03-10
第一金證,1890.0,220,2,5380,2330,2026-03-10
第一金證,1880.0,2513,10139,5380,2330,2026-03-10
第一金證,1870.0,12282,3050,5380,2330,2026-03-10
第一金證,1860.0,1416,1024,5380,2330,2026-03-10
第一金證,1850.0,522,1000,5380,2330,2026-03-10
第一金證,1840.0,51078,123,5380,2330,2026-03-10
高橋內壢,1890.0,5,0,5323,2330,2026-03-10
第一員林,1890.0,5,1000,5381,2330,2026-03-10
高橋內壢,1880.0,130,3580,5323,2330,2026-03-10
高橋內壢,1860.0,2058,10,5323,2330,2026-03-10
高橋內壢,1850.0,45,308,5323,2330,2026-03-10
高橋內壢,1835.0,5,0,5323,2330,2026-03-10
高橋中壢,1885.0,4000,60,5322,2330,2026-03-10
高橋中壢,1865.0,160,0,5322,2330,2026-03-10
高橋中壢,1855.0,122,0,5322,2330,2026-03-10
高橋中壢,1845.0,20,0,5322,2330,2026-03-10
高橋龍潭,1890.0,25,0,5321,2330,2026-03-10
高橋龍潭,1880.0,342,190,5321,2330,2026-03-10
高橋龍潭,1870.0,3057,1010,5321,2330,2026-03-10
高橋龍潭,1860.0,1928,100,5321,2330,2026-03-10
高橋龍潭,1850.0,165,0,5321,2330,2026-03-10
高橋內壢,1870.0,1145,0,5323,2330,2026-03-10
第一彰化,1890.0,1,77,5386,2330,2026-03-10
第一台中,1840.0,1117,0,5382,2330,2026-03-10
第一台中,1860.0,14404,1,5382,2330,2026-03-10
第一彰化,1870.0,1285,1000,5386,2330,2026-03-10
第一彰化,1860.0,2498,0,5386,2330,2026-03-10
第一彰化,1850.0,1112,20,5386,2330,2026-03-10
第一彰化,1840.0,1019,120,5386,2330,2026-03-10
第一桃園,1890.0,12,1000,5385,2330,2026-03-10
第一桃園,1880.0,2419,2409,5385,2330,2026-03-10
第一桃園,1870.0,1636,3000,5385,2330,2026-03-10
第一桃園,1860.0,1202,30,5385,2330,2026-03-10
第一桃園,1850.0,3374,10,5385,2330,2026-03-10
第一桃園,1840.0,1304,10,5385,2330,2026-03-10
第一桃園,1830.0,0,1000,5385,2330,2026-03-10
第一台南,1885.0,1849,5323,5384,2330,2026-03-10
第一台中,1850.0,163,100,5382,2330,2026-03-10
第一台南,1875.0,6057,4466,5384,2330,2026-03-10
第一台南,1855.0,1736,2295,5384,2330,2026-03-10
第一台南,1845.0,2173,1063,5384,2330,2026-03-10
第一台南,1835.0,4242,80,5384,2330,2026-03-10
第一高雄,1890.0,385,0,5383,2330,2026-03-10
第一高雄,1880.0,2772,2285,5383,2330,2026-03-10
第一高雄,1870.0,4047,3049,5383,2330,2026-03-10
第一高雄,1860.0,2556,50,5383,2330,2026-03-10
第一高雄,1850.0,4095,25,5383,2330,2026-03-10
第一高雄,1840.0,8190,10,5383,2330,2026-03-10
第一台中,1890.0,0,19,5382,2330,2026-03-10
第一台中,1880.0,398,2231,5382,2330,2026-03-10
第一台中,1870.0,223,2000,5382,2330,2026-03-10
第一台南,1865.0,4213,970,5384,2330,2026-03-10
統一屏東,1880.0,1297,2062,5859,2330,2026-03-10
第一安和,1885.0,327,266,538j,2330,2026-03-10
第一嘉義,1845.0,491,9,538M,2330,2026-03-10
統一城中,1850.0,3132,1000,5854,2330,2026-03-10
統一城中,1840.0,3238,0,5854,2330,2026-03-10
統一中壢,1890.0,0,100,5853,2330,2026-03-10
統一中壢,1880.0,1274,2661,5853,2330,2026-03-10
統一中壢,1870.0,243,1000,5853,2330,2026-03-10
統一中壢,1860.0,1341,50,5853,2330,2026-03-10
統一中壢,1850.0,462,2000,5853,2330,2026-03-10
統一中壢,1840.0,191,0,5853,2330,2026-03-10
統一敦南,1890.0,0,1000,5852,2330,2026-03-10
統一敦南,1880.0,2545,3111,5852,2330,2026-03-10
統一敦南,1870.0,2007,2000,5852,2330,2026-03-10
統一敦南,1860.0,1413,5,5852,2330,2026-03-10
統一城中,1860.0,6012,2002,5854,2330,2026-03-10
統一敦南,1850.0,3070,2010,5852,2330,2026-03-10
統一敦南,1830.0,1000,0,5852,2330,2026-03-10
統一高雄,1885.0,120,2002,5851,2330,2026-03-10
統一高雄,1875.0,125,6220,5851,2330,2026-03-10
統一高雄,1865.0,139,20,5851,2330,2026-03-10
統一高雄,1855.0,1069,200,5851,2330,2026-03-10
統一高雄,1845.0,15,0,5851,2330,2026-03-10
統一高雄,1835.0,0,50,5851,2330,2026-03-10
統一,1885.0,4964,55006,5850,2330,2026-03-10
統一,1875.0,21727,32641,5850,2330,2026-03-10
統一,1865.0,34953,5050,5850,2330,2026-03-10
統一,1855.0,68539,19110,5850,2330,2026-03-10
統一,1845.0,6123,1100,5850,2330,2026-03-10
統一敦南,1840.0,1309,1000,5852,2330,2026-03-10
統一,1835.0,7034,22050,5850,2330,2026-03-10
統一城中,1870.0,3244,39000,5854,2330,2026-03-10
統一城中,1890.0,100,3000,5854,2330,2026-03-10
統一屏東,1860.0,45,10,5859,2330,2026-03-10
統一屏東,1850.0,1168,0,5859,2330,2026-03-10
統一屏東,1840.0,166,0,5859,2330,2026-03-10
統一嘉義,1885.0,97,20,5858,2330,2026-03-10
統一嘉義,1875.0,241,1905,5858,2330,2026-03-10
統一嘉義,1865.0,160,3,5858,2330,2026-03-10
統一嘉義,1855.0,175,200,5858,2330,2026-03-10
統一嘉義,1845.0,13,100,5858,2330,2026-03-10
統一嘉義,1835.0,54,0,5858,2330,2026-03-10
統一新竹,1880.0,7118,5333,5857,2330,2026-03-10
統一新竹,1870.0,1783,4094,5857,2330,2026-03-10
統一新竹,1860.0,2183,90,5857,2330,2026-03-10
統一城中,1880.0,1385,4415,5854,2330,2026-03-10
統一新竹,1850.0,278,0,5857,2330,2026-03-10
統一台中,1890.0,1,20,5856,2330,2026-03-10
統一台中,1880.0,818,1380,5856,2330,2026-03-10
統一台中,1870.0,2201,48030,5856,2330,2026-03-10
統一台中,1860.0,1325,0,5856,2330,2026-03-10
統一台中,1850.0,865,1000,5856,2330,2026-03-10
統一台中,1840.0,1332,0,5856,2330,2026-03-10
統一台南,1890.0,0,1,5855,2330,2026-03-10
統一台南,1880.0,3283,5075,5855,2330,2026-03-10
統一台南,1870.0,4213,0,5855,2330,2026-03-10
統一台南,1860.0,1822,1079,5855,2330,2026-03-10
統一台南,1850.0,3080,30,5855,2330,2026-03-10
統一台南,1840.0,165,0,5855,2330,2026-03-10
統一新竹,1840.0,1443,0,5857,2330,2026-03-10
第一嘉義,1835.0,20,0,538M,2330,2026-03-10
日進,1885.0,211,1025,5660,2330,2026-03-10
日進,1865.0,110,310,5660,2330,2026-03-10
第一中壢,1860.0,1791,5,538Y,2330,2026-03-10
第一中壢,1850.0,79,10,538Y,2330,2026-03-10
第一中壢,1840.0,1194,2000,538Y,2330,2026-03-10
第一中壢,1830.0,10,0,538Y,2330,2026-03-10
第一華江,1885.0,1618,11519,538W,2330,2026-03-10
第一華江,1875.0,5042,1464,538W,2330,2026-03-10
第一華江,1865.0,24659,10003,538W,2330,2026-03-10
第一華江,1855.0,1260,2059,538W,2330,2026-03-10
第一華江,1845.0,1141,30,538W,2330,2026-03-10
第一華江,1835.0,72,0,538W,2330,2026-03-10
第一路竹,1885.0,441,7576,538P,2330,2026-03-10
第一路竹,1875.0,2094,2555,538P,2330,2026-03-10
第一中壢,1870.0,28157,1000,538Y,2330,2026-03-10
第一路竹,1865.0,385,2106,538P,2330,2026-03-10
第一路竹,1845.0,1053,0,538P,2330,2026-03-10
第一路竹,1835.0,86,0,538P,2330,2026-03-10
第一豐原,1885.0,2336,2348,538N,2330,2026-03-10
第一豐原,1875.0,5037,21,538N,2330,2026-03-10
第一豐原,1865.0,318,55,538N,2330,2026-03-10
第一豐原,1855.0,5167,1342,538N,2330,2026-03-10
第一豐原,1845.0,69,0,538N,2330,2026-03-10
第一豐原,1835.0,78,0,538N,2330,2026-03-10
第一嘉義,1885.0,1042,1210,538M,2330,2026-03-10
第一嘉義,1875.0,20278,1291,538M,2330,2026-03-10
第一嘉義,1865.0,1093,0,538M,2330,2026-03-10
第一嘉義,1855.0,153,0,538M,2330,2026-03-10
第一路竹,1855.0,1273,1150,538P,2330,2026-03-10
日進,1875.0,1180,50,5660,2330,2026-03-10
第一中壢,1880.0,20192,20135,538Y,2330,2026-03-10
寶盛,1870.0,1000,0,5460,2330,2026-03-10
日進,1855.0,382,0,5660,2330,2026-03-10
日進,1845.0,120,0,5660,2330,2026-03-10
日進,1835.0,5,0,5660,2330,2026-03-10
永興大墩,1885.0,170,80,5604,2330,2026-03-10
永興大墩,1875.0,300,2000,5604,2330,2026-03-10
永興大墩,1865.0,102,20,5604,2330,2026-03-10
永興大墩,1855.0,160,200,5604,2330,2026-03-10
永興大墩,1845.0,100,0,5604,2330,2026-03-10
永興台中,1890.0,0,10,5603,2330,2026-03-10
永興台中,1880.0,1110,1000,5603,2330,2026-03-10
永興台中,1870.0,11,0,5603,2330,2026-03-10
永興台中,1860.0,190,200,5603,2330,2026-03-10
第一中壢,1890.0,0,1000,538Y,2330,2026-03-10
永興台中,1850.0,3001,0,5603,2330,2026-03-10
永興水湳,1885.0,120,100,5602,2330,2026-03-10
永興水湳,1875.0,62,1000,5602,2330,2026-03-10
永興水湳,1865.0,51,0,5602,2330,2026-03-10
永興水湳,1855.0,101,0,5602,2330,2026-03-10
永興水湳,1845.0,100,0,5602,2330,2026-03-10
永興水湳,1835.0,90,0,5602,2330,2026-03-10
永興,1885.0,3000,60,5600,2330,2026-03-10
永興,1875.0,110,2050,5600,2330,2026-03-10
永興,1865.0,100,100,5600,2330,2026-03-10
永興,1855.0,2070,0,5600,2330,2026-03-10
永興,1845.0,10,0,5600,2330,2026-03-10
永興,1835.0,55,0,5600,2330,2026-03-10
永興台中,1840.0,1020,0,5603,2330,2026-03-10
光和田中,1840.0,65,0,6382,2330,2026-03-10
合庫高雄,1850.0,4254,28,1023,2330,2026-03-10
合庫台南,1890.0,200,0,1022,2330,2026-03-10
元大樹林,1875.0,3800,1365,989j,2330,2026-03-10
元大樹林,1865.0,3479,40,989j,2330,2026-03-10
元大樹林,1855.0,702,1182,989j,2330,2026-03-10
元大樹林,1845.0,116,92,989j,2330,2026-03-10
元大樹林,1835.0,161,50,989j,2330,2026-03-10
元大蘆中,1885.0,567,5625,989I,2330,2026-03-10
元大蘆中,1875.0,3703,3119,989I,2330,2026-03-10
元大蘆中,1865.0,293,214,989I,2330,2026-03-10
元大蘆中,1855.0,1414,10,989I,2330,2026-03-10
元大蘆中,1845.0,2219,10,989I,2330,2026-03-10
元大蘆中,1835.0,203,0,989I,2330,2026-03-10
元大大同,1885.0,493,1478,989G,2330,2026-03-10
元大樹林,1885.0,580,3103,989j,2330,2026-03-10
元大大同,1875.0,3243,799,989G,2330,2026-03-10
元大大同,1855.0,1439,120,989G,2330,2026-03-10
元大大同,1845.0,92,55,989G,2330,2026-03-10
元大大同,1835.0,151,0,989G,2330,2026-03-10
元大嘉義,1885.0,1845,3051,989g,2330,2026-03-10
元大嘉義,1875.0,2396,1259,989g,2330,2026-03-10
元大嘉義,1865.0,272,1140,989g,2330,2026-03-10
元大嘉義,1855.0,3310,1500,989g,2330,2026-03-10
元大嘉義,1845.0,1261,565,989g,2330,2026-03-10
元大嘉義,1835.0,1021,30,989g,2330,2026-03-10
元大高雄,1885.0,1495,10225,989F,2330,2026-03-10
元大高雄,1875.0,10255,3144,989F,2330,2026-03-10
元大高雄,1865.0,3356,1070,989F,2330,2026-03-10
元大大同,1865.0,202,0,989G,2330,2026-03-10
元大高雄,1855.0,997,266,989F,2330,2026-03-10
元大彰生,1835.0,1226,0,989J,2330,2026-03-10
元大彰生,1855.0,1461,1110,989J,2330,2026-03-10
元大內湖,1870.0,6405,6100,989N,2330,2026-03-10
元大內湖,1860.0,3680,2125,989N,2330,2026-03-10
元大內湖,1850.0,8803,0,989N,2330,2026-03-10
元大內湖,1840.0,6066,4116,989N,2330,2026-03-10
元大信義,1890.0,22,4,989m,2330,2026-03-10
元大信義,1880.0,3484,1075,989m,2330,2026-03-10
元大信義,1870.0,8185,21000,989m,2330,2026-03-10
元大信義,1860.0,324,1329,989m,2330,2026-03-10
元大信義,1850.0,1132,0,989m,2330,2026-03-10
元大信義,1840.0,3212,5005,989m,2330,2026-03-10
元大成功,1890.0,67,93,989L,2330,2026-03-10
元大成功,1880.0,3766,9734,989L,2330,2026-03-10
元大彰生,1845.0,233,1,989J,2330,2026-03-10
元大成功,1870.0,6379,30,989L,2330,2026-03-10
元大成功,1850.0,992,3000,989L,2330,2026-03-10
元大成功,1840.0,3076,152,989L,2330,2026-03-10
元大古亭,1890.0,102,0,989k,2330,2026-03-10
元大古亭,1880.0,6159,1306,989k,2330,2026-03-10
元大古亭,1870.0,4474,21,989k,2330,2026-03-10
元大古亭,1860.0,2054,1337,989k,2330,2026-03-10
元大古亭,1850.0,2619,28,989k,2330,2026-03-10
元大古亭,1840.0,203,0,989k,2330,2026-03-10
元大古亭,1830.0,1000,0,989k,2330,2026-03-10
元大彰生,1885.0,1343,29296,989J,2330,2026-03-10
元大彰生,1875.0,2455,3110,989J,2330,2026-03-10
元大彰生,1865.0,10330,1028,989J,2330,2026-03-10
元大成功,1860.0,7380,282,989L,2330,2026-03-10
元大內湖,1880.0,3515,4380,989N,2330,2026-03-10
元大高雄,1845.0,5293,6000,989F,2330,2026-03-10
元大東港,1885.0,547,2335,989f,2330,2026-03-10
元大板橋,1875.0,6761,6424,989C,2330,2026-03-10
元大板橋,1865.0,1260,10,989C,2330,2026-03-10
元大板橋,1855.0,4933,359,989C,2330,2026-03-10
元大板橋,1845.0,187,20,989C,2330,2026-03-10
元大板橋,1835.0,1018,37,989C,2330,2026-03-10
元大中港,1885.0,5553,1561,989B,2330,2026-03-10
元大中港,1875.0,5055,5140,989B,2330,2026-03-10
元大中港,1865.0,1464,189,989B,2330,2026-03-10
元大中港,1855.0,3525,2241,989B,2330,2026-03-10
元大中港,1845.0,268,20,989B,2330,2026-03-10
元大中港,1835.0,2309,100,989B,2330,2026-03-10
元大北投,1890.0,501,0,989A,2330,2026-03-10
元大板橋,1885.0,2380,3276,989C,2330,2026-03-10
元大北投,1880.0,3895,5191,989A,2330,2026-03-10
元大北投,1860.0,3641,1225,989A,2330,2026-03-10
元大北投,1850.0,4624,1000,989A,2330,2026-03-10
元大北投,1840.0,1817,1100,989A,2330,2026-03-10
元大苑裡,1890.0,406,0,989a,2330,2026-03-10
元大苑裡,1880.0,568,5050,989a,2330,2026-03-10
元大苑裡,1870.0,456,1,989a,2330,2026-03-10
元大苑裡,1860.0,762,1060,989a,2330,2026-03-10
元大苑裡,1850.0,75,0,989a,2330,2026-03-10
元大苑裡,1840.0,290,0,989a,2330,2026-03-10
元大淡水,1890.0,63,130,9899,2330,2026-03-10
元大淡水,1880.0,3441,9385,9899,2330,2026-03-10
元大淡水,1870.0,523,1000,9899,2330,2026-03-10
元大北投,1870.0,5591,2015,989A,2330,2026-03-10
元大高雄,1835.0,6463,0,989F,2330,2026-03-10
元大北屯,1835.0,220,0,989d,2330,2026-03-10
元大北屯,1855.0,1567,2055,989d,2330,2026-03-10
元大東港,1875.0,2732,1242,989f,2330,2026-03-10
元大東港,1865.0,222,54,989f,2330,2026-03-10
元大東港,1855.0,281,1172,989f,2330,2026-03-10
元大東港,1845.0,58,0,989f,2330,2026-03-10
元大東港,1835.0,68,0,989f,2330,2026-03-10
元大草屯,1885.0,3971,2292,989E,2330,2026-03-10
元大草屯,1875.0,2912,3706,989E,2330,2026-03-10
元大草屯,1865.0,3501,2090,989E,2330,2026-03-10
元大草屯,1855.0,536,1213,989E,2330,2026-03-10
元大草屯,1845.0,1482,9,989E,2330,2026-03-10
元大草屯,1835.0,86,2000,989E,2330,2026-03-10
元大中和,1885.0,1424,4784,989e,2330,2026-03-10
元大北屯,1845.0,1553,6,989d,2330,2026-03-10
元大中和,1875.0,1034,2015,989e,2330,2026-03-10
元大中和,1855.0,1902,131,989e,2330,2026-03-10
元大中和,1845.0,170,100,989e,2330,2026-03-10
元大中和,1835.0,306,1000,989e,2330,2026-03-10
元大左營,1885.0,1474,4627,989D,2330,2026-03-10
元大左營,1875.0,3853,5694,989D,2330,2026-03-10
元大左營,1865.0,596,1143,989D,2330,2026-03-10
元大左營,1855.0,2807,1031,989D,2330,2026-03-10
元大左營,1845.0,319,220,989D,2330,2026-03-10
元大左營,1835.0,126,0,989D,2330,2026-03-10
元大北屯,1885.0,701,3155,989d,2330,2026-03-10
元大北屯,1875.0,2576,6525,989d,2330,2026-03-10
元大北屯,1865.0,1292,1000,989d,2330,2026-03-10
元大中和,1865.0,200,101,989e,2330,2026-03-10
元大淡水,1860.0,1211,2080,9899,2330,2026-03-10
元大內湖,1890.0,106,0,989N,2330,2026-03-10
元大敦南,1845.0,786,10,989P,2330,2026-03-10
永豐敦北,1855.0,4977,225,9A89,2330,2026-03-10
永豐敦北,1845.0,1102,1710,9A89,2330,2026-03-10
永豐敦北,1835.0,4180,0,9A89,2330,2026-03-10
永豐匯立,1885.0,10000,3000,9A81,2330,2026-03-10
永豐匯立,1875.0,3401,9394,9A81,2330,2026-03-10
永豐匯立,1865.0,5751,2000,9A81,2330,2026-03-10
永豐匯立,1855.0,5000,6000,9A81,2330,2026-03-10
永豐匯立,1845.0,4000,0,9A81,2330,2026-03-10
永豐匯立,1835.0,1000,1000,9A81,2330,2026-03-10
永豐埔里,1885.0,2086,352,9A79,2330,2026-03-10
永豐埔里,1875.0,6247,1308,9A79,2330,2026-03-10
永豐埔里,1865.0,486,12,9A79,2330,2026-03-10
永豐敦北,1865.0,4520,1340,9A89,2330,2026-03-10
永豐埔里,1855.0,289,1009,9A79,2330,2026-03-10
永豐埔里,1835.0,125,1000,9A79,2330,2026-03-10
永豐屏東,1890.0,5,0,9A69,2330,2026-03-10
永豐屏東,1880.0,2235,45,9A69,2330,2026-03-10
永豐屏東,1870.0,15260,0,9A69,2330,2026-03-10
永豐屏東,1860.0,1661,0,9A69,2330,2026-03-10
永豐屏東,1850.0,51,0,9A69,2330,2026-03-10
永豐屏東,1840.0,420,0,9A69,2330,2026-03-10
永豐鳳山,1890.0,1000,53,9A61,2330,2026-03-10
永豐鳳山,1880.0,7971,1023,9A61,2330,2026-03-10
永豐鳳山,1870.0,259,0,9A61,2330,2026-03-10
永豐鳳山,1860.0,470,0,9A61,2330,2026-03-10
永豐鳳山,1850.0,2140,3000,9A61,2330,2026-03-10
永豐埔里,1845.0,28,43,9A79,2330,2026-03-10
永豐鳳山,1840.0,276,65,9A61,2330,2026-03-10
永豐敦北,1875.0,4196,7005,9A89,2330,2026-03-10
永豐敦南,1835.0,2171,0,9A8F,2330,2026-03-10
永豐大園,1850.0,1854,0,9A98,2330,2026-03-10
永豐大園,1840.0,113,634,9A98,2330,2026-03-10
永豐新竹,1890.0,52,0,9A97,2330,2026-03-10
永豐新竹,1880.0,2805,10516,9A97,2330,2026-03-10
永豐新竹,1870.0,5261,2000,9A97,2330,2026-03-10
永豐新竹,1860.0,7128,1309,9A97,2330,2026-03-10
永豐新竹,1850.0,2521,2210,9A97,2330,2026-03-10
永豐新竹,1840.0,892,40,9A97,2330,2026-03-10
永豐萬盛,1890.0,60,100,9A92,2330,2026-03-10
永豐萬盛,1880.0,1637,1723,9A92,2330,2026-03-10
永豐萬盛,1870.0,3400,2100,9A92,2330,2026-03-10
永豐萬盛,1860.0,3013,52,9A92,2330,2026-03-10
永豐敦北,1885.0,1579,4260,9A89,2330,2026-03-10
永豐萬盛,1850.0,4423,10,9A92,2330,2026-03-10
永豐松山,1890.0,1050,0,9A91,2330,2026-03-10
永豐松山,1880.0,4079,5390,9A91,2330,2026-03-10
永豐松山,1870.0,1355,1200,9A91,2330,2026-03-10
永豐松山,1860.0,657,12,9A91,2330,2026-03-10
永豐松山,1850.0,8444,4037,9A91,2330,2026-03-10
永豐松山,1840.0,1088,0,9A91,2330,2026-03-10
永豐松山,1830.0,2000,0,9A91,2330,2026-03-10
永豐敦南,1885.0,3880,19912,9A8F,2330,2026-03-10
永豐敦南,1875.0,6949,8576,9A8F,2330,2026-03-10
永豐敦南,1865.0,18509,239,9A8F,2330,2026-03-10
永豐敦南,1855.0,1592,1265,9A8F,2330,2026-03-10
永豐敦南,1845.0,652,111,9A8F,2330,2026-03-10
永豐萬盛,1840.0,2426,45,9A92,2330,2026-03-10
元大敦南,1835.0,14,0,989P,2330,2026-03-10
永豐金,1890.0,1563,488,9A00,2330,2026-03-10
永豐金,1870.0,19191,21536,9A00,2330,2026-03-10
元大北重,1865.0,106,20,989V,2330,2026-03-10
元大北重,1855.0,2465,4004,989V,2330,2026-03-10
元大北重,1845.0,264,0,989V,2330,2026-03-10
元大北重,1835.0,114,1,989V,2330,2026-03-10
元大大甲,1885.0,786,1349,989U,2330,2026-03-10
元大大甲,1875.0,882,12049,989U,2330,2026-03-10
元大大甲,1865.0,120,16,989U,2330,2026-03-10
元大大甲,1855.0,433,1010,989U,2330,2026-03-10
元大大甲,1845.0,1317,2230,989U,2330,2026-03-10
元大大甲,1835.0,12066,3000,989U,2330,2026-03-10
元大鹿港,1885.0,1817,1156,989S,2330,2026-03-10
元大鹿港,1875.0,2100,2283,989S,2330,2026-03-10
元大北重,1875.0,2165,1060,989V,2330,2026-03-10
元大鹿港,1865.0,307,0,989S,2330,2026-03-10
元大鹿港,1845.0,419,0,989S,2330,2026-03-10
元大鹿港,1835.0,137,0,989S,2330,2026-03-10
元大汐止,1885.0,5122,3830,989Q,2330,2026-03-10
元大汐止,1875.0,4991,3595,989Q,2330,2026-03-10
元大汐止,1865.0,2462,246,989Q,2330,2026-03-10
元大汐止,1855.0,2924,2023,989Q,2330,2026-03-10
元大汐止,1845.0,1382,2277,989Q,2330,2026-03-10
元大汐止,1835.0,1151,0,989Q,2330,2026-03-10
元大敦南,1885.0,592,780,989P,2330,2026-03-10
元大敦南,1875.0,6252,3310,989P,2330,2026-03-10
元大敦南,1865.0,1260,1030,989P,2330,2026-03-10
元大敦南,1855.0,1576,1010,989P,2330,2026-03-10
元大鹿港,1855.0,277,253,989S,2330,2026-03-10
永豐金,1880.0,220997,39358,9A00,2330,2026-03-10
元大北重,1885.0,990,1487,989V,2330,2026-03-10
元大站前,1845.0,1300,10,989W,2330,2026-03-10
永豐金,1860.0,35361,12354,9A00,2330,2026-03-10
永豐金,1850.0,32944,9498,9A00,2330,2026-03-10
永豐金,1840.0,11266,4780,9A00,2330,2026-03-10
元大小港,1890.0,7,50,989Z,2330,2026-03-10
元大小港,1880.0,280,4280,989Z,2330,2026-03-10
元大小港,1870.0,3258,0,989Z,2330,2026-03-10
元大小港,1860.0,730,2168,989Z,2330,2026-03-10
元大小港,1850.0,288,1000,989Z,2330,2026-03-10
元大小港,1840.0,272,20,989Z,2330,2026-03-10
元大小港,1830.0,10,0,989Z,2330,2026-03-10
元大基隆,1885.0,759,347,989Y,2330,2026-03-10
元大基隆,1875.0,535,5726,989Y,2330,2026-03-10
元大站前,1835.0,1021,0,989W,2330,2026-03-10
元大基隆,1865.0,1207,191,989Y,2330,2026-03-10
元大基隆,1845.0,95,10,989Y,2330,2026-03-10
元大基隆,1835.0,504,100,989Y,2330,2026-03-10
元大三民,1885.0,2008,620,989X,2330,2026-03-10
元大三民,1875.0,575,8265,989X,2330,2026-03-10
元大三民,1865.0,91,43,989X,2330,2026-03-10
元大三民,1855.0,2460,22,989X,2330,2026-03-10
元大三民,1845.0,1410,0,989X,2330,2026-03-10
元大三民,1835.0,2060,0,989X,2330,2026-03-10
元大站前,1885.0,2146,33730,989W,2330,2026-03-10
元大站前,1875.0,5412,1381,989W,2330,2026-03-10
元大站前,1865.0,130,181,989W,2330,2026-03-10
元大站前,1855.0,632,2103,989W,2330,2026-03-10
元大基隆,1855.0,1897,1,989Y,2330,2026-03-10
永豐大園,1860.0,538,10,9A98,2330,2026-03-10
元大淡水,1850.0,568,20,9899,2330,2026-03-10
元大新莊,1890.0,105,205,9898,2330,2026-03-10
元大南京,1890.0,1100,10,9862,2330,2026-03-10
元大南京,1880.0,3196,15249,9862,2330,2026-03-10
元大南京,1870.0,1970,15000,9862,2330,2026-03-10
元大南京,1860.0,6357,9060,9862,2330,2026-03-10
元大南京,1850.0,9399,1060,9862,2330,2026-03-10
元大南京,1840.0,18902,3033,9862,2330,2026-03-10
元大岡山,1890.0,0,165,985F,2330,2026-03-10
元大岡山,1880.0,163,1020,985F,2330,2026-03-10
元大岡山,1870.0,57,100,985F,2330,2026-03-10
元大岡山,1860.0,10,0,985F,2330,2026-03-10
元大岡山,1850.0,51,0,985F,2330,2026-03-10
元大岡山,1840.0,1002,0,985F,2330,2026-03-10
元大和平,1840.0,2086,1238,9863,2330,2026-03-10
元大鳳中,1890.0,3,21,985C,2330,2026-03-10
元大鳳中,1870.0,2229,1000,985C,2330,2026-03-10
元大鳳中,1860.0,769,5,985C,2330,2026-03-10
元大鳳中,1850.0,288,2031,985C,2330,2026-03-10
元大鳳中,1840.0,249,170,985C,2330,2026-03-10
元大鳳中,1830.0,0,1000,985C,2330,2026-03-10
元大經國,1885.0,3217,6689,9859,2330,2026-03-10
元大經國,1875.0,16677,3026,9859,2330,2026-03-10
元大經國,1865.0,1318,858,9859,2330,2026-03-10
元大經國,1855.0,2886,299,9859,2330,2026-03-10
元大經國,1845.0,466,100,9859,2330,2026-03-10
元大經國,1835.0,91,0,9859,2330,2026-03-10
元大龍潭,1885.0,866,1554,9858,2330,2026-03-10
元大鳳中,1880.0,3095,9582,985C,2330,2026-03-10
元大龍潭,1875.0,4214,2896,9858,2330,2026-03-10
元大和平,1850.0,3545,2000,9863,2330,2026-03-10
元大和平,1870.0,1633,2000,9863,2330,2026-03-10
元大基孝,1890.0,457,0,986K,2330,2026-03-10
元大基孝,1880.0,725,1672,986K,2330,2026-03-10
元大基孝,1870.0,6378,49,986K,2330,2026-03-10
元大基孝,1860.0,2645,14,986K,2330,2026-03-10
元大基孝,1850.0,3641,0,986K,2330,2026-03-10
元大基孝,1840.0,15702,0,986K,2330,2026-03-10
元大新盛,1890.0,0,100,9869,2330,2026-03-10
元大新盛,1880.0,2721,178,9869,2330,2026-03-10
元大新盛,1870.0,4279,1005,9869,2330,2026-03-10
元大新盛,1860.0,1915,69,9869,2330,2026-03-10
元大新盛,1850.0,447,1195,9869,2330,2026-03-10
元大新盛,1840.0,411,5,9869,2330,2026-03-10
元大和平,1860.0,1701,250,9863,2330,2026-03-10
元大文心,1890.0,0,30,9868,2330,2026-03-10
元大文心,1870.0,2447,10,9868,2330,2026-03-10
元大文心,1860.0,1974,29,9868,2330,2026-03-10
元大文心,1850.0,1894,1000,9868,2330,2026-03-10
元大文心,1840.0,105,6,9868,2330,2026-03-10
元大民權,1890.0,2120,1042,9867,2330,2026-03-10
元大民權,1880.0,3873,3546,9867,2330,2026-03-10
元大民權,1870.0,34599,3083,9867,2330,2026-03-10
元大民權,1860.0,1064,216,9867,2330,2026-03-10
元大民權,1850.0,3347,1008,9867,2330,2026-03-10
元大民權,1840.0,4511,3,9867,2330,2026-03-10
元大和平,1890.0,346,22,9863,2330,2026-03-10
元大和平,1880.0,1227,110,9863,2330,2026-03-10
元大文心,1880.0,2087,2517,9868,2330,2026-03-10
元大忠孝,1835.0,3064,1000,9871,2330,2026-03-10
元大龍潭,1865.0,3746,135,9858,2330,2026-03-10
元大龍潭,1845.0,1413,0,9858,2330,2026-03-10
元大永春,1835.0,83,70,9852,2330,2026-03-10
元大館前,1885.0,2921,6204,984K,2330,2026-03-10
元大館前,1875.0,3631,5765,984K,2330,2026-03-10
元大館前,1865.0,201,1132,984K,2330,2026-03-10
元大館前,1855.0,3542,1229,984K,2330,2026-03-10
元大館前,1845.0,973,15,984K,2330,2026-03-10
元大館前,1835.0,172,500,984K,2330,2026-03-10
元大景美,1890.0,2000,200,984H,2330,2026-03-10
元大景美,1880.0,6350,2175,984H,2330,2026-03-10
元大景美,1870.0,3734,1055,984H,2330,2026-03-10
元大景美,1860.0,2188,70,984H,2330,2026-03-10
元大景美,1850.0,646,2,984H,2330,2026-03-10
元大永春,1845.0,399,5,9852,2330,2026-03-10
元大景美,1840.0,424,0,984H,2330,2026-03-10
元大南勢,1875.0,341,110,984E,2330,2026-03-10
元大南勢,1865.0,116,20,984E,2330,2026-03-10
元大南勢,1855.0,239,100,984E,2330,2026-03-10
中信託永,1875.0,7235,10507,6163,2330,2026-03-10
中信託永,1885.0,2911,1022,6163,2330,2026-03-10
中信託文,1835.0,1315,1108,6164,2330,2026-03-10
中信託文,1845.0,1413,110,6164,2330,2026-03-10
中信託文,1855.0,5307,3131,6164,2330,2026-03-10
中信託文,1865.0,6107,154,6164,2330,2026-03-10
中信託文,1875.0,7898,6781,6164,2330,2026-03-10
中信託文,1885.0,7155,5660,6164,2330,2026-03-10
中信託新,1835.0,840,100,6165,2330,2026-03-10
元大南勢,1885.0,142,390,984E,2330,2026-03-10
元大龍潭,1855.0,1615,248,9858,2330,2026-03-10
元大永春,1855.0,4814,1151,9852,2330,2026-03-10
元大永春,1875.0,3188,1654,9852,2330,2026-03-10
元大龍潭,1835.0,1056,20,9858,2330,2026-03-10
元大蘆洲,1885.0,598,4559,9857,2330,2026-03-10
元大蘆洲,1875.0,2474,4132,9857,2330,2026-03-10
元大蘆洲,1865.0,1589,1145,9857,2330,2026-03-10
元大蘆洲,1855.0,1710,156,9857,2330,2026-03-10
元大蘆洲,1845.0,214,5,9857,2330,2026-03-10
元大蘆洲,1835.0,82,0,9857,2330,2026-03-10
元大花蓮,1885.0,835,811,9856,2330,2026-03-10
元大花蓮,1875.0,1645,1359,9856,2330,2026-03-10
元大花蓮,1865.0,2559,1767,9856,2330,2026-03-10
元大花蓮,1855.0,483,291,9856,2330,2026-03-10
元大花蓮,1845.0,354,360,9856,2330,2026-03-10
元大永春,1865.0,1554,3043,9852,2330,2026-03-10
元大花蓮,1835.0,2132,100,9856,2330,2026-03-10
元大興安,1875.0,4817,5629,9854,2330,2026-03-10
元大興安,1865.0,11488,1152,9854,2330,2026-03-10
元大興安,1855.0,2313,6540,9854,2330,2026-03-10
元大興安,1845.0,254,7330,9854,2330,2026-03-10
元大興安,1835.0,38,75,9854,2330,2026-03-10
元大南屯,1885.0,1780,2225,9853,2330,2026-03-10
元大南屯,1875.0,4760,255,9853,2330,2026-03-10
元大南屯,1865.0,262,1135,9853,2330,2026-03-10
元大南屯,1855.0,2436,2258,9853,2330,2026-03-10
元大南屯,1845.0,1276,456,9853,2330,2026-03-10
元大南屯,1835.0,239,210,9853,2330,2026-03-10
元大永春,1885.0,854,3444,9852,2330,2026-03-10
元大興安,1885.0,8580,2756,9854,2330,2026-03-10
元大淡水,1840.0,1286,0,9899,2330,2026-03-10
元大忠孝,1845.0,147,100,9871,2330,2026-03-10
元大忠孝,1865.0,19252,1117,9871,2330,2026-03-10
元大屏東,1880.0,591,1042,9892,2330,2026-03-10
元大屏東,1870.0,652,2000,9892,2330,2026-03-10
元大屏東,1860.0,670,4005,9892,2330,2026-03-10
元大屏東,1850.0,312,272,9892,2330,2026-03-10
元大屏東,1840.0,234,1,9892,2330,2026-03-10
元大永和,1890.0,301,50,9891,2330,2026-03-10
元大永和,1880.0,25959,264,9891,2330,2026-03-10
元大永和,1870.0,295,0,9891,2330,2026-03-10
元大永和,1860.0,2295,10,9891,2330,2026-03-10
元大永和,1850.0,2262,3100,9891,2330,2026-03-10
元大永和,1840.0,1552,1150,9891,2330,2026-03-10
元大長庚,1890.0,100,0,988V,2330,2026-03-10
元大屏東,1890.0,10,14,9892,2330,2026-03-10
元大長庚,1880.0,2635,226,988V,2330,2026-03-10
元大長庚,1860.0,519,125,988V,2330,2026-03-10
元大長庚,1850.0,3255,0,988V,2330,2026-03-10
元大長庚,1840.0,240,0,988V,2330,2026-03-10
元大三重,1890.0,5,0,988C,2330,2026-03-10
元大三重,1880.0,592,2034,988C,2330,2026-03-10
元大三重,1870.0,201,1000,988C,2330,2026-03-10
元大三重,1860.0,1116,2000,988C,2330,2026-03-10
元大三重,1850.0,266,8,988C,2330,2026-03-10
元大三重,1840.0,12382,0,988C,2330,2026-03-10
元大桃園,1890.0,22,0,988B,2330,2026-03-10
元大桃園,1880.0,2562,5756,988B,2330,2026-03-10
元大桃園,1870.0,5329,2000,988B,2330,2026-03-10
元大長庚,1870.0,1725,0,988V,2330,2026-03-10
元大桃園,1860.0,4844,19,988B,2330,2026-03-10
元大大天,1840.0,9133,190,9893,2330,2026-03-10
元大大天,1860.0,2570,100,9893,2330,2026-03-10
元大新莊,1880.0,7342,363,9898,2330,2026-03-10
元大新莊,1870.0,3327,2025,9898,2330,2026-03-10
元大新莊,1860.0,2145,115,9898,2330,2026-03-10
元大新莊,1850.0,3639,1060,9898,2330,2026-03-10
元大新莊,1840.0,340,201,9898,2330,2026-03-10
元大土城,1890.0,12,31,9897,2330,2026-03-10
元大土城,1880.0,392,3203,9897,2330,2026-03-10
元大土城,1870.0,9245,0,9897,2330,2026-03-10
元大土城,1860.0,1435,101,9897,2330,2026-03-10
元大土城,1850.0,1193,2,9897,2330,2026-03-10
元大土城,1840.0,1145,230,9897,2330,2026-03-10
元大台南,1890.0,66,25,9896,2330,2026-03-10
元大大天,1850.0,5343,2000,9893,2330,2026-03-10
元大台南,1880.0,2976,1705,9896,2330,2026-03-10
元大台南,1860.0,3167,1156,9896,2330,2026-03-10
元大台南,1850.0,2830,30,9896,2330,2026-03-10
元大台南,1840.0,1619,200,9896,2330,2026-03-10
元大桃興,1890.0,12,0,9894,2330,2026-03-10
元大桃興,1880.0,6420,4235,9894,2330,2026-03-10
元大桃興,1870.0,4499,7000,9894,2330,2026-03-10
元大桃興,1860.0,1881,2153,9894,2330,2026-03-10
元大桃興,1850.0,6835,2250,9894,2330,2026-03-10
元大桃興,1840.0,1107,1005,9894,2330,2026-03-10
元大大天,1890.0,30,0,9893,2330,2026-03-10
元大大天,1880.0,2635,4845,9893,2330,2026-03-10
元大大天,1870.0,2290,3000,9893,2330,2026-03-10
元大台南,1870.0,2735,0,9896,2330,2026-03-10
元大忠孝,1855.0,1797,3084,9871,2330,2026-03-10
元大桃園,1850.0,1473,100,988B,2330,2026-03-10
元大員林,1885.0,1557,862,9889,2330,2026-03-10
元大金華,1880.0,5276,4412,9878,2330,2026-03-10
元大金華,1870.0,1619,4000,9878,2330,2026-03-10
元大金華,1860.0,487,1153,9878,2330,2026-03-10
元大金華,1850.0,1411,1000,9878,2330,2026-03-10
元大金華,1840.0,234,555,9878,2330,2026-03-10
元大永寧,1890.0,85,25,9875,2330,2026-03-10
元大永寧,1880.0,3949,4511,9875,2330,2026-03-10
元大永寧,1870.0,300,1010,9875,2330,2026-03-10
元大永寧,1860.0,2292,42,9875,2330,2026-03-10
元大永寧,1850.0,2465,0,9875,2330,2026-03-10
元大永寧,1840.0,1592,0,9875,2330,2026-03-10
元大永寧,1830.0,10,0,9875,2330,2026-03-10
元大金華,1890.0,1021,1,9878,2330,2026-03-10
元大雙和,1885.0,3679,2407,9874,2330,2026-03-10
元大雙和,1865.0,17221,1023,9874,2330,2026-03-10
元大雙和,1855.0,2404,1009,9874,2330,2026-03-10
元大雙和,1845.0,207,46,9874,2330,2026-03-10
元大雙和,1835.0,1160,0,9874,2330,2026-03-10
元大復北,1885.0,3541,2239,9872,2330,2026-03-10
元大復北,1875.0,5799,17396,9872,2330,2026-03-10
元大復北,1865.0,4422,1060,9872,2330,2026-03-10
元大復北,1855.0,3139,1160,9872,2330,2026-03-10
元大復北,1845.0,157,1000,9872,2330,2026-03-10
元大復北,1835.0,135,25,9872,2330,2026-03-10
元大忠孝,1885.0,4020,13240,9871,2330,2026-03-10
元大忠孝,1875.0,18419,8156,9871,2330,2026-03-10
元大雙和,1875.0,12741,2730,9874,2330,2026-03-10
元大桃園,1840.0,1216,2200,988B,2330,2026-03-10
元大板三,1840.0,341,2050,9879,2330,2026-03-10
元大板三,1860.0,504,112,9879,2330,2026-03-10
元大員林,1875.0,7391,1155,9889,2330,2026-03-10
元大員林,1865.0,1466,56,9889,2330,2026-03-10
元大員林,1855.0,5451,1031,9889,2330,2026-03-10
元大員林,1845.0,60,0,9889,2330,2026-03-10
元大員林,1835.0,60,0,9889,2330,2026-03-10
元大鑫永,1885.0,1964,218,9888,2330,2026-03-10
元大鑫永,1875.0,249,7431,9888,2330,2026-03-10
元大鑫永,1865.0,1391,55,9888,2330,2026-03-10
元大鑫永,1855.0,1314,180,9888,2330,2026-03-10
元大鑫永,1845.0,41,1515,9888,2330,2026-03-10
元大鑫永,1835.0,40,0,9888,2330,2026-03-10
元大斗信,1885.0,1069,360,9884,2330,2026-03-10
元大板三,1850.0,13357,1000,9879,2330,2026-03-10
元大斗信,1875.0,3884,1481,9884,2330,2026-03-10
元大斗信,1855.0,6289,15,9884,2330,2026-03-10
元大斗信,1845.0,140,6,9884,2330,2026-03-10
元大斗信,1835.0,202,0,9884,2330,2026-03-10
元大楊梅,1885.0,3534,1458,987A,2330,2026-03-10
元大楊梅,1875.0,3748,4174,987A,2330,2026-03-10
元大楊梅,1865.0,512,4175,987A,2330,2026-03-10
元大楊梅,1855.0,1109,1010,987A,2330,2026-03-10
元大楊梅,1845.0,848,20,987A,2330,2026-03-10
元大楊梅,1835.0,207,1000,987A,2330,2026-03-10
元大板三,1890.0,29,0,9879,2330,2026-03-10
元大板三,1880.0,1821,2609,9879,2330,2026-03-10
元大板三,1870.0,1458,0,9879,2330,2026-03-10
元大斗信,1865.0,467,31,9884,2330,2026-03-10
合庫高雄,1840.0,1273,120,1023,2330,2026-03-10
永豐大園,1870.0,1286,1000,9A98,2330,2026-03-10
永豐大園,1890.0,0,4,9A98,2330,2026-03-10
元富嘉義,1855.0,68,2,9B2I,2330,2026-03-10
華南敦南,1860.0,67,1,9347,2330,2026-03-10
元富嘉義,1845.0,210,104,9B2I,2330,2026-03-10
元富嘉義,1835.0,80,2000,9B2I,2330,2026-03-10
元富中港,1885.0,153,112,9B2i,2330,2026-03-10
元富中港,1875.0,354,336,9B2i,2330,2026-03-10
元富中港,1865.0,530,0,9B2i,2330,2026-03-10
元富中港,1855.0,7,0,9B2i,2330,2026-03-10
元富中港,1845.0,61,341,9B2i,2330,2026-03-10
元富中港,1835.0,30,0,9B2i,2330,2026-03-10
元富信義,1885.0,614,2296,9B2H,2330,2026-03-10
元富信義,1875.0,384,3406,9B2H,2330,2026-03-10
元富嘉義,1865.0,4061,10,9B2I,2330,2026-03-10
元富信義,1865.0,1219,20,9B2H,2330,2026-03-10
元富信義,1845.0,1161,108,9B2H,2330,2026-03-10
元富信義,1835.0,1030,0,9B2H,2330,2026-03-10
元富新竹,1885.0,5278,875,9B2G,2330,2026-03-10
元富新竹,1875.0,1607,2230,9B2G,2330,2026-03-10
元富新竹,1865.0,51,0,9B2G,2330,2026-03-10
元富新竹,1855.0,3190,2000,9B2G,2330,2026-03-10
元富新竹,1845.0,77,0,9B2G,2330,2026-03-10
元富新竹,1835.0,237,1000,9B2G,2330,2026-03-10
元富中原,1880.0,298,644,9B2g,2330,2026-03-10
元富中原,1870.0,100253,3000,9B2g,2330,2026-03-10
元富中原,1860.0,496,2,9B2g,2330,2026-03-10
元富中原,1850.0,99,50,9B2g,2330,2026-03-10
元富信義,1855.0,217,30,9B2H,2330,2026-03-10
元富中原,1840.0,18,0,9B2g,2330,2026-03-10
元富嘉義,1875.0,231,1752,9B2I,2330,2026-03-10
元富大裕,1835.0,1000,0,9B2l,2330,2026-03-10
元富西松,1850.0,41021,41000,9B2n,2330,2026-03-10
元富西松,1840.0,12047,1,9B2n,2330,2026-03-10
元富西松,1830.0,1,0,9B2n,2330,2026-03-10
元富彰化,1885.0,95,3441,9B2M,2330,2026-03-10
元富彰化,1875.0,337,1151,9B2M,2330,2026-03-10
元富彰化,1865.0,267,1000,9B2M,2330,2026-03-10
元富彰化,1855.0,1266,50,9B2M,2330,2026-03-10
元富彰化,1845.0,145,0,9B2M,2330,2026-03-10
元富彰化,1835.0,2,0,9B2M,2330,2026-03-10
元富成功,1885.0,5567,3914,9B2m,2330,2026-03-10
元富成功,1875.0,5776,5249,9B2m,2330,2026-03-10
元富成功,1865.0,590,1000,9B2m,2330,2026-03-10
元富嘉義,1885.0,317,568,9B2I,2330,2026-03-10
元富成功,1855.0,4464,2356,9B2m,2330,2026-03-10
元富成功,1835.0,32,2000,9B2m,2330,2026-03-10
元富中壢,1885.0,4272,107,9B2L,2330,2026-03-10
元富中壢,1875.0,1473,470,9B2L,2330,2026-03-10
元富中壢,1865.0,1096,0,9B2L,2330,2026-03-10
元富中壢,1855.0,1139,72,9B2L,2330,2026-03-10
元富中壢,1845.0,87,0,9B2L,2330,2026-03-10
元富中壢,1835.0,2,0,9B2L,2330,2026-03-10
元富大裕,1885.0,3527,5451,9B2l,2330,2026-03-10
元富大裕,1875.0,556,3060,9B2l,2330,2026-03-10
元富大裕,1865.0,16614,1070,9B2l,2330,2026-03-10
元富大裕,1855.0,6338,200,9B2l,2330,2026-03-10
元富大裕,1845.0,325,10,9B2l,2330,2026-03-10
元富成功,1845.0,219,1,9B2m,2330,2026-03-10
元富西松,1860.0,41348,63037,9B2n,2330,2026-03-10
元富城中,1890.0,0,214,9B2E,2330,2026-03-10
元富城中,1870.0,141,1060,9B2E,2330,2026-03-10
元富板橋,1860.0,942,4200,9B2b,2330,2026-03-10
元富板橋,1850.0,7460,1050,9B2b,2330,2026-03-10
元富板橋,1840.0,1115,100,9B2b,2330,2026-03-10
元富緯城,1890.0,1,1007,9B2A,2330,2026-03-10
元富緯城,1880.0,1539,100,9B2A,2330,2026-03-10
元富緯城,1870.0,1169,1000,9B2A,2330,2026-03-10
元富緯城,1860.0,1369,0,9B2A,2330,2026-03-10
元富緯城,1850.0,1496,0,9B2A,2330,2026-03-10
元富緯城,1840.0,276,0,9B2A,2330,2026-03-10
元富緯城,1830.0,100,0,9B2A,2330,2026-03-10
元富松德,1885.0,901,3858,9B2a,2330,2026-03-10
元富松德,1875.0,914,5880,9B2a,2330,2026-03-10
元富板橋,1870.0,153,1000,9B2b,2330,2026-03-10
元富松德,1865.0,183,240,9B2a,2330,2026-03-10
元富松德,1845.0,1092,203,9B2a,2330,2026-03-10
元富松德,1835.0,90,0,9B2a,2330,2026-03-10
元富台南,1885.0,40,2105,9B29,2330,2026-03-10
元富台南,1875.0,1204,7014,9B29,2330,2026-03-10
元富台南,1865.0,3134,1000,9B29,2330,2026-03-10
元富台南,1855.0,189,0,9B29,2330,2026-03-10
元富台南,1845.0,2113,0,9B29,2330,2026-03-10
元富台南,1835.0,150,0,9B29,2330,2026-03-10
元富新莊,1880.0,958,190,9B28,2330,2026-03-10
元富新莊,1870.0,135,2000,9B28,2330,2026-03-10
元富新莊,1860.0,73,0,9B28,2330,2026-03-10
元富新莊,1850.0,87,0,9B28,2330,2026-03-10
元富松德,1855.0,1202,1000,9B2a,2330,2026-03-10
元富城中,1880.0,1224,1076,9B2E,2330,2026-03-10
元富板橋,1880.0,618,1108,9B2b,2330,2026-03-10
元富永和,1840.0,120,3,9B2B,2330,2026-03-10
元富城中,1860.0,354,270,9B2E,2330,2026-03-10
元富城中,1850.0,2195,10,9B2E,2330,2026-03-10
元富城中,1840.0,3307,2,9B2E,2330,2026-03-10
元富城中,1830.0,2000,0,9B2E,2330,2026-03-10
元富大昌,1885.0,2064,1303,9B2D,2330,2026-03-10
元富大昌,1875.0,2818,2412,9B2D,2330,2026-03-10
元富大昌,1865.0,5278,0,9B2D,2330,2026-03-10
元富大昌,1855.0,9788,110,9B2D,2330,2026-03-10
元富大昌,1845.0,75,10,9B2D,2330,2026-03-10
元富大昌,1835.0,1,10,9B2D,2330,2026-03-10
元富潮州,1885.0,793,359,9B2C,2330,2026-03-10
元富潮州,1875.0,1362,332,9B2C,2330,2026-03-10
元富板橋,1890.0,0,59,9B2b,2330,2026-03-10
元富潮州,1865.0,483,1,9B2C,2330,2026-03-10
元富潮州,1845.0,357,100,9B2C,2330,2026-03-10
元富潮州,1835.0,55,0,9B2C,2330,2026-03-10
元富烏日,1885.0,45,1318,9B2c,2330,2026-03-10
元富烏日,1875.0,3308,166,9B2c,2330,2026-03-10
元富烏日,1865.0,302,0,9B2c,2330,2026-03-10
元富烏日,1855.0,135,100,9B2c,2330,2026-03-10
元富烏日,1845.0,5,168,9B2c,2330,2026-03-10
元富烏日,1835.0,2060,0,9B2c,2330,2026-03-10
元富永和,1880.0,1046,1125,9B2B,2330,2026-03-10
元富永和,1870.0,384,0,9B2B,2330,2026-03-10
元富永和,1860.0,161,506,9B2B,2330,2026-03-10
元富永和,1850.0,2165,0,9B2B,2330,2026-03-10
元富潮州,1855.0,795,1450,9B2C,2330,2026-03-10
元富新莊,1840.0,136,0,9B28,2330,2026-03-10
元富西松,1870.0,29014,10,9B2n,2330,2026-03-10
元富虎尾,1835.0,1079,0,9B2N,2330,2026-03-10
元富埔里,1875.0,243,3211,9B2Y,2330,2026-03-10
元富埔里,1865.0,50,0,9B2Y,2330,2026-03-10
元富埔里,1855.0,133,1090,9B2Y,2330,2026-03-10
元富埔里,1845.0,190,10,9B2Y,2330,2026-03-10
元富埔里,1835.0,2,0,9B2Y,2330,2026-03-10
元富花蓮,1880.0,2077,2045,9B2y,2330,2026-03-10
元富花蓮,1870.0,1045,6000,9B2y,2330,2026-03-10
元富花蓮,1860.0,10167,2,9B2y,2330,2026-03-10
元富花蓮,1850.0,10018,0,9B2y,2330,2026-03-10
元富花蓮,1840.0,10003,0,9B2y,2330,2026-03-10
元富草屯,1885.0,123,1272,9B2X,2330,2026-03-10
元富草屯,1875.0,2180,2136,9B2X,2330,2026-03-10
元富埔里,1885.0,86,274,9B2Y,2330,2026-03-10
元富草屯,1865.0,186,2012,9B2X,2330,2026-03-10
元富草屯,1845.0,10,0,9B2X,2330,2026-03-10
元富草屯,1835.0,1,0,9B2X,2330,2026-03-10
元富吉利,1880.0,3250,310,9B2W,2330,2026-03-10
元富吉利,1870.0,1083,10,9B2W,2330,2026-03-10
元富吉利,1860.0,86,0,9B2W,2330,2026-03-10
元富吉利,1850.0,3132,5,9B2W,2330,2026-03-10
元富吉利,1840.0,30,0,9B2W,2330,2026-03-10
元富佳里,1890.0,1,10,9B2w,2330,2026-03-10
元富佳里,1880.0,167,105,9B2w,2330,2026-03-10
元富佳里,1870.0,100,100,9B2w,2330,2026-03-10
元富佳里,1860.0,67,2000,9B2w,2330,2026-03-10
元富佳里,1850.0,1334,0,9B2w,2330,2026-03-10
元富草屯,1855.0,24,2011,9B2X,2330,2026-03-10
元富佳里,1840.0,2136,0,9B2w,2330,2026-03-10
元富文心,1835.0,59,0,9B2z,2330,2026-03-10
元富文心,1855.0,403,3162,9B2z,2330,2026-03-10
合庫台南,1880.0,4805,1071,1022,2330,2026-03-10
合庫台南,1870.0,1289,0,1022,2330,2026-03-10
合庫台南,1860.0,5511,100,1022,2330,2026-03-10
合庫台南,1850.0,1416,2015,1022,2330,2026-03-10
合庫台南,1840.0,43,6005,1022,2330,2026-03-10
合庫台中,1890.0,17,1000,1021,2330,2026-03-10
合庫台中,1880.0,8906,5885,1021,2330,2026-03-10
合庫台中,1870.0,2627,2000,1021,2330,2026-03-10
合庫台中,1860.0,3124,1000,1021,2330,2026-03-10
合庫台中,1850.0,3290,2265,1021,2330,2026-03-10
合庫台中,1840.0,2440,10,1021,2330,2026-03-10
合庫,1890.0,118,61,1020,2330,2026-03-10
元富文心,1845.0,1082,18,9B2z,2330,2026-03-10
合庫,1880.0,7091,5171,1020,2330,2026-03-10
合庫,1860.0,1905,2000,1020,2330,2026-03-10
合庫,1850.0,2779,30,1020,2330,2026-03-10
合庫,1840.0,1715,130,1020,2330,2026-03-10
元富安南,1885.0,1215,501,9B2Z,2330,2026-03-10
元富安南,1875.0,274,34,9B2Z,2330,2026-03-10
元富安南,1865.0,241,1010,9B2Z,2330,2026-03-10
元富安南,1855.0,128,20,9B2Z,2330,2026-03-10
元富安南,1845.0,1320,30,9B2Z,2330,2026-03-10
元富安南,1835.0,6,0,9B2Z,2330,2026-03-10
元富文心,1885.0,347,2687,9B2z,2330,2026-03-10
元富文心,1875.0,2530,1312,9B2z,2330,2026-03-10
元富文心,1865.0,1381,6,9B2z,2330,2026-03-10
合庫,1870.0,2730,1000,1020,2330,2026-03-10
元富西松,1880.0,22461,1448,9B2n,2330,2026-03-10
元富桃園,1890.0,10,25,9B2v,2330,2026-03-10
元富桃園,1870.0,32,0,9B2v,2330,2026-03-10
元富敦南,1865.0,374,801,9B2Q,2330,2026-03-10
元富敦南,1855.0,3116,10,9B2Q,2330,2026-03-10
元富敦南,1845.0,13,1000,9B2Q,2330,2026-03-10
元富敦南,1835.0,10,0,9B2Q,2330,2026-03-10
元富屏東,1880.0,242,300,9B2q,2330,2026-03-10
元富屏東,1870.0,2006,0,9B2q,2330,2026-03-10
元富屏東,1860.0,270,70,9B2q,2330,2026-03-10
元富屏東,1850.0,1168,1020,9B2q,2330,2026-03-10
元富屏東,1840.0,1043,0,9B2q,2330,2026-03-10
元富同大,1885.0,409,502,9B2P,2330,2026-03-10
元富同大,1875.0,1419,1629,9B2P,2330,2026-03-10
元富同大,1865.0,2384,50,9B2P,2330,2026-03-10
元富敦南,1875.0,6623,7070,9B2Q,2330,2026-03-10
元富同大,1855.0,1188,1221,9B2P,2330,2026-03-10
元富同大,1835.0,25,50,9B2P,2330,2026-03-10
元富新興,1885.0,501,3338,9B2o,2330,2026-03-10
元富新興,1875.0,2116,2710,9B2o,2330,2026-03-10
元富新興,1865.0,424,20,9B2o,2330,2026-03-10
元富新興,1855.0,199,1055,9B2o,2330,2026-03-10
元富新興,1845.0,55,0,9B2o,2330,2026-03-10
元富新興,1835.0,2060,0,9B2o,2330,2026-03-10
元富虎尾,1885.0,17071,4000,9B2N,2330,2026-03-10
元富虎尾,1875.0,1105,3013,9B2N,2330,2026-03-10
元富虎尾,1865.0,136,50,9B2N,2330,2026-03-10
元富虎尾,1855.0,1043,0,9B2N,2330,2026-03-10
元富虎尾,1845.0,11,0,9B2N,2330,2026-03-10
元富同大,1845.0,50,0,9B2P,2330,2026-03-10
元富桃園,1880.0,305,1495,9B2v,2330,2026-03-10
元富敦南,1885.0,1409,1462,9B2Q,2330,2026-03-10
元富城東,1845.0,3210,2200,9B2r,2330,2026-03-10
元富桃園,1860.0,2200,1,9B2v,2330,2026-03-10
元富桃園,1850.0,1091,1320,9B2v,2330,2026-03-10
元富桃園,1840.0,41,1100,9B2v,2330,2026-03-10
元富宜蘭,1890.0,10,0,9B2U,2330,2026-03-10
元富宜蘭,1880.0,536,392,9B2U,2330,2026-03-10
元富宜蘭,1870.0,1016,0,9B2U,2330,2026-03-10
元富宜蘭,1860.0,1242,6,9B2U,2330,2026-03-10
元富宜蘭,1850.0,35,2,9B2U,2330,2026-03-10
元富宜蘭,1840.0,1017,23,9B2U,2330,2026-03-10
元富世貿,1890.0,205,35,9B2u,2330,2026-03-10
元富世貿,1880.0,1166,27307,9B2u,2330,2026-03-10
元富世貿,1870.0,26085,2000,9B2u,2330,2026-03-10
元富城東,1835.0,136,1401,9B2r,2330,2026-03-10
元富世貿,1860.0,1217,6058,9B2u,2330,2026-03-10
元富世貿,1840.0,161,0,9B2u,2330,2026-03-10
元富世貿,1830.0,0,1,9B2u,2330,2026-03-10
元富基隆,1885.0,148,1000,9B2S,2330,2026-03-10
元富基隆,1875.0,273,4015,9B2S,2330,2026-03-10
元富基隆,1865.0,26,0,9B2S,2330,2026-03-10
元富基隆,1855.0,170,0,9B2S,2330,2026-03-10
元富基隆,1845.0,10,0,9B2S,2330,2026-03-10
元富基隆,1835.0,156,0,9B2S,2330,2026-03-10
元富城東,1885.0,2985,5650,9B2r,2330,2026-03-10
元富城東,1875.0,11497,3590,9B2r,2330,2026-03-10
元富城東,1865.0,484,142,9B2r,2330,2026-03-10
元富城東,1855.0,1572,25,9B2r,2330,2026-03-10
元富世貿,1850.0,7159,9300,9B2u,2330,2026-03-10
永豐大園,1880.0,2549,1664,9A98,2330,2026-03-10
元富林園,1890.0,50,0,9B27,2330,2026-03-10
元富林園,1870.0,2023,1000,9B27,2330,2026-03-10
永豐新店,1855.0,206,1107,9A9i,2330,2026-03-10
永豐新店,1845.0,153,100,9A9i,2330,2026-03-10
永豐新店,1835.0,62,0,9A9i,2330,2026-03-10
永豐新莊,1885.0,1463,2435,9A9H,2330,2026-03-10
永豐新莊,1875.0,1990,4150,9A9H,2330,2026-03-10
永豐新莊,1865.0,1268,205,9A9H,2330,2026-03-10
永豐新莊,1855.0,2119,0,9A9H,2330,2026-03-10
永豐新莊,1845.0,246,0,9A9H,2330,2026-03-10
永豐新莊,1835.0,157,6,9A9H,2330,2026-03-10
永豐台南,1885.0,2468,1904,9A9h,2330,2026-03-10
永豐台南,1875.0,11475,4518,9A9h,2330,2026-03-10
永豐台南,1865.0,2266,12,9A9h,2330,2026-03-10
永豐新店,1865.0,2109,27,9A9i,2330,2026-03-10
永豐台南,1855.0,3099,1330,9A9h,2330,2026-03-10
永豐台南,1835.0,128,0,9A9h,2330,2026-03-10
永豐天母,1885.0,2228,297,9A9G,2330,2026-03-10
永豐天母,1875.0,4601,1164,9A9G,2330,2026-03-10
永豐天母,1865.0,2556,2000,9A9G,2330,2026-03-10
永豐天母,1855.0,1414,1500,9A9G,2330,2026-03-10
永豐天母,1845.0,17,56,9A9G,2330,2026-03-10
永豐天母,1835.0,80,20,9A9G,2330,2026-03-10
永豐內湖,1880.0,15780,7383,9A9g,2330,2026-03-10
永豐內湖,1870.0,10281,7000,9A9g,2330,2026-03-10
永豐內湖,1860.0,5847,4010,9A9g,2330,2026-03-10
永豐內湖,1850.0,4257,10,9A9g,2330,2026-03-10
永豐內湖,1840.0,281,5,9A9g,2330,2026-03-10
永豐台南,1845.0,413,866,9A9h,2330,2026-03-10
永豐高雄,1890.0,1001,0,9A9e,2330,2026-03-10
永豐新店,1875.0,2225,2441,9A9i,2330,2026-03-10
永豐嘉義,1835.0,20,0,9A9j,2330,2026-03-10
永豐南投,1855.0,247,0,9A9M,2330,2026-03-10
永豐南投,1845.0,501,410,9A9M,2330,2026-03-10
永豐南投,1835.0,1070,8,9A9M,2330,2026-03-10
永豐台中,1885.0,3112,3815,9A9L,2330,2026-03-10
永豐台中,1875.0,5399,1626,9A9L,2330,2026-03-10
永豐台中,1865.0,450,205,9A9L,2330,2026-03-10
永豐台中,1855.0,3578,123,9A9L,2330,2026-03-10
永豐台中,1845.0,1192,10,9A9L,2330,2026-03-10
永豐台中,1835.0,2227,20,9A9L,2330,2026-03-10
永豐三重,1885.0,2437,3428,9A9K,2330,2026-03-10
永豐三重,1875.0,7936,5538,9A9K,2330,2026-03-10
永豐三重,1865.0,148,1,9A9K,2330,2026-03-10
永豐新店,1885.0,3913,1054,9A9i,2330,2026-03-10
永豐三重,1855.0,163,213,9A9K,2330,2026-03-10
永豐三重,1835.0,1235,40,9A9K,2330,2026-03-10
永豐板新,1885.0,2554,2451,9A9J,2330,2026-03-10
永豐板新,1875.0,6550,5666,9A9J,2330,2026-03-10
永豐板新,1865.0,1650,1067,9A9J,2330,2026-03-10
永豐板新,1855.0,2177,550,9A9J,2330,2026-03-10
永豐板新,1845.0,1334,60,9A9J,2330,2026-03-10
永豐板新,1835.0,1226,1022,9A9J,2330,2026-03-10
永豐嘉義,1885.0,174,359,9A9j,2330,2026-03-10
永豐嘉義,1875.0,151,2125,9A9j,2330,2026-03-10
永豐嘉義,1865.0,212,30,9A9j,2330,2026-03-10
永豐嘉義,1855.0,2404,6,9A9j,2330,2026-03-10
永豐嘉義,1845.0,31,0,9A9j,2330,2026-03-10
永豐三重,1845.0,245,2002,9A9K,2330,2026-03-10
永豐南投,1865.0,61,40,9A9M,2330,2026-03-10
永豐高雄,1880.0,1680,3198,9A9e,2330,2026-03-10
永豐高雄,1860.0,1043,1150,9A9e,2330,2026-03-10
永豐中和,1855.0,382,0,9A9B,2330,2026-03-10
永豐中和,1845.0,1533,1040,9A9B,2330,2026-03-10
永豐中和,1835.0,7242,1000,9A9B,2330,2026-03-10
永豐虎尾,1880.0,1100,1106,9A9b,2330,2026-03-10
永豐虎尾,1870.0,31,0,9A9b,2330,2026-03-10
永豐虎尾,1860.0,117,0,9A9b,2330,2026-03-10
永豐虎尾,1850.0,31,0,9A9b,2330,2026-03-10
永豐虎尾,1835.0,1000,0,9A9b,2330,2026-03-10
永豐羅東,1885.0,171,3000,9A9A,2330,2026-03-10
永豐羅東,1875.0,1819,1100,9A9A,2330,2026-03-10
永豐羅東,1865.0,82,1000,9A9A,2330,2026-03-10
永豐羅東,1855.0,1330,0,9A9A,2330,2026-03-10
永豐中和,1865.0,297,300,9A9B,2330,2026-03-10
永豐羅東,1845.0,340,10,9A9A,2330,2026-03-10
永豐苓雅,1885.0,1500,2786,9A9a,2330,2026-03-10
永豐苓雅,1875.0,3282,8521,9A9a,2330,2026-03-10
永豐苓雅,1865.0,520,230,9A9a,2330,2026-03-10
永豐苓雅,1855.0,819,120,9A9a,2330,2026-03-10
永豐苓雅,1845.0,230,60,9A9a,2330,2026-03-10
永豐苓雅,1835.0,137,0,9A9a,2330,2026-03-10
永豐中壢,1885.0,3524,5172,9A99,2330,2026-03-10
永豐中壢,1875.0,2460,2145,9A99,2330,2026-03-10
永豐中壢,1865.0,2028,50,9A99,2330,2026-03-10
永豐中壢,1855.0,1237,59,9A99,2330,2026-03-10
永豐中壢,1845.0,35,1090,9A99,2330,2026-03-10
永豐中壢,1835.0,87,0,9A99,2330,2026-03-10
永豐羅東,1835.0,3050,0,9A9A,2330,2026-03-10
永豐高雄,1870.0,2410,99,9A9e,2330,2026-03-10
永豐中和,1875.0,1459,41413,9A9B,2330,2026-03-10
永豐永康,1835.0,1060,1000,9A9c,2330,2026-03-10
永豐高雄,1850.0,1784,9,9A9e,2330,2026-03-10
永豐高雄,1840.0,258,1140,9A9e,2330,2026-03-10
永豐忠孝,1890.0,6,0,9A9D,2330,2026-03-10
永豐忠孝,1880.0,3468,3133,9A9D,2330,2026-03-10
永豐忠孝,1870.0,1262,3000,9A9D,2330,2026-03-10
永豐忠孝,1860.0,254,2005,9A9D,2330,2026-03-10
永豐忠孝,1850.0,298,10,9A9D,2330,2026-03-10
永豐忠孝,1840.0,2107,0,9A9D,2330,2026-03-10
永豐古亭,1890.0,201,3000,9A9d,2330,2026-03-10
永豐古亭,1880.0,2848,375,9A9d,2330,2026-03-10
永豐古亭,1870.0,308,1000,9A9d,2330,2026-03-10
永豐古亭,1860.0,431,547,9A9d,2330,2026-03-10
永豐中和,1885.0,160,6512,9A9B,2330,2026-03-10
永豐古亭,1850.0,1427,100,9A9d,2330,2026-03-10
永豐古亭,1830.0,200,0,9A9d,2330,2026-03-10
永豐員林,1885.0,647,219,9A9C,2330,2026-03-10
永豐員林,1875.0,2874,1376,9A9C,2330,2026-03-10
永豐員林,1865.0,197,1202,9A9C,2330,2026-03-10
永豐員林,1855.0,84,3018,9A9C,2330,2026-03-10
永豐員林,1845.0,178,1000,9A9C,2330,2026-03-10
永豐員林,1835.0,1022,0,9A9C,2330,2026-03-10
永豐永康,1885.0,562,4012,9A9c,2330,2026-03-10
永豐永康,1875.0,4033,331,9A9c,2330,2026-03-10
永豐永康,1865.0,3133,751,9A9c,2330,2026-03-10
永豐永康,1855.0,118,1119,9A9c,2330,2026-03-10
永豐永康,1845.0,222,1010,9A9c,2330,2026-03-10
永豐古亭,1840.0,1055,0,9A9d,2330,2026-03-10
元富林園,1880.0,2054,2100,9B27,2330,2026-03-10
永豐南投,1875.0,1136,2095,9A9M,2330,2026-03-10
永豐桃盛,1835.0,126,30,9A9N,2330,2026-03-10
元富證券,1855.0,124368,51010,9B00,2330,2026-03-10
元富證券,1845.0,41012,41000,9B00,2330,2026-03-10
元富證券,1835.0,40144,20050,9B00,2330,2026-03-10
永豐復興,1885.0,86,2204,9A9Z,2330,2026-03-10
永豐復興,1875.0,2567,2186,9A9Z,2330,2026-03-10
永豐復興,1865.0,2193,1008,9A9Z,2330,2026-03-10
永豐復興,1855.0,155,0,9A9Z,2330,2026-03-10
永豐復興,1845.0,121,0,9A9Z,2330,2026-03-10
永豐復興,1835.0,60,0,9A9Z,2330,2026-03-10
永豐板盛,1885.0,546,2115,9A9Y,2330,2026-03-10
永豐板盛,1875.0,1236,2513,9A9Y,2330,2026-03-10
永豐板盛,1865.0,3170,30,9A9Y,2330,2026-03-10
元富證券,1865.0,41228,60110,9B00,2330,2026-03-10
永豐板盛,1855.0,1462,10,9A9Y,2330,2026-03-10
永豐板盛,1835.0,191,0,9A9Y,2330,2026-03-10
永豐竹科,1885.0,2241,2934,9A9X,2330,2026-03-10
永豐竹科,1875.0,14867,9752,9A9X,2330,2026-03-10
永豐竹科,1865.0,4715,3593,9A9X,2330,2026-03-10
永豐竹科,1855.0,3914,8361,9A9X,2330,2026-03-10
永豐竹科,1845.0,1590,251,9A9X,2330,2026-03-10
永豐竹科,1835.0,3478,2150,9A9X,2330,2026-03-10
永豐桃園,1885.0,2983,2954,9A9x,2330,2026-03-10
永豐桃園,1875.0,4326,5253,9A9x,2330,2026-03-10
永豐桃園,1865.0,1464,1285,9A9x,2330,2026-03-10
永豐桃園,1855.0,2815,1665,9A9x,2330,2026-03-10
永豐桃園,1845.0,862,1120,9A9x,2330,2026-03-10
永豐板盛,1845.0,4,0,9A9Y,2330,2026-03-10
永豐桃園,1835.0,1272,5,9A9x,2330,2026-03-10
元富證券,1875.0,3269,4146,9B00,2330,2026-03-10
元富高雄,1835.0,150,1000,9B21,2330,2026-03-10
元富林園,1860.0,124,36,9B27,2330,2026-03-10
元富林園,1850.0,2158,3000,9B27,2330,2026-03-10
元富林園,1840.0,6,2603,9B27,2330,2026-03-10
元富台中,1885.0,468,12072,9B25,2330,2026-03-10
元富台中,1875.0,1398,11301,9B25,2330,2026-03-10
元富台中,1865.0,1305,0,9B25,2330,2026-03-10
元富台中,1855.0,1911,90,9B25,2330,2026-03-10
元富台中,1845.0,1043,20,9B25,2330,2026-03-10
元富台中,1835.0,1004,102,9B25,2330,2026-03-10
元富三重,1885.0,656,147,9B23,2330,2026-03-10
元富三重,1875.0,8437,420,9B23,2330,2026-03-10
元富三重,1865.0,1410,155,9B23,2330,2026-03-10
元富證券,1885.0,2250,7132,9B00,2330,2026-03-10
元富三重,1855.0,343,1410,9B23,2330,2026-03-10
元富三重,1835.0,30,0,9B23,2330,2026-03-10
元富新店,1885.0,13043,3656,9B22,2330,2026-03-10
元富新店,1875.0,3268,567,9B22,2330,2026-03-10
元富新店,1865.0,1072,10000,9B22,2330,2026-03-10
元富新店,1855.0,427,150,9B22,2330,2026-03-10
元富新店,1845.0,19,0,9B22,2330,2026-03-10
元富新店,1835.0,2180,40,9B22,2330,2026-03-10
元富高雄,1885.0,2203,3032,9B21,2330,2026-03-10
元富高雄,1875.0,4314,2049,9B21,2330,2026-03-10
元富高雄,1865.0,271,100,9B21,2330,2026-03-10
元富高雄,1855.0,294,0,9B21,2330,2026-03-10
元富高雄,1845.0,152,0,9B21,2330,2026-03-10
元富三重,1845.0,210,0,9B23,2330,2026-03-10
永豐南投,1885.0,550,273,9A9M,2330,2026-03-10
永豐市政,1885.0,3116,6196,9A9W,2330,2026-03-10
永豐市政,1865.0,3548,88,9A9W,2330,2026-03-10
永豐北高,1860.0,1528,12,9A9r,2330,2026-03-10
永豐北高,1850.0,1678,10,9A9r,2330,2026-03-10
永豐北高,1840.0,464,7,9A9r,2330,2026-03-10
永豐豐原,1890.0,50,1,9A9Q,2330,2026-03-10
永豐豐原,1880.0,390,43,9A9Q,2330,2026-03-10
永豐豐原,1870.0,416,1,9A9Q,2330,2026-03-10
永豐豐原,1860.0,130,17,9A9Q,2330,2026-03-10
永豐豐原,1850.0,1188,3,9A9Q,2330,2026-03-10
永豐豐原,1840.0,43,0,9A9Q,2330,2026-03-10
永豐潮州,1890.0,3,0,9A9q,2330,2026-03-10
永豐潮州,1880.0,1241,24520,9A9q,2330,2026-03-10
永豐潮州,1870.0,82026,0,9A9q,2330,2026-03-10
永豐北高,1870.0,438,0,9A9r,2330,2026-03-10
永豐潮州,1860.0,1056,22,9A9q,2330,2026-03-10
永豐潮州,1840.0,316,0,9A9q,2330,2026-03-10
永豐竹北,1885.0,858,4990,9A9P,2330,2026-03-10
永豐竹北,1875.0,1709,3165,9A9P,2330,2026-03-10
永豐竹北,1865.0,383,1029,9A9P,2330,2026-03-10
永豐竹北,1855.0,4338,3005,9A9P,2330,2026-03-10
永豐竹北,1845.0,1097,0,9A9P,2330,2026-03-10
永豐竹北,1835.0,1165,7056,9A9P,2330,2026-03-10
永豐桃盛,1885.0,3659,4129,9A9N,2330,2026-03-10
永豐桃盛,1875.0,3709,2121,9A9N,2330,2026-03-10
永豐桃盛,1865.0,2863,297,9A9N,2330,2026-03-10
永豐桃盛,1855.0,1123,30,9A9N,2330,2026-03-10
永豐桃盛,1845.0,232,84,9A9N,2330,2026-03-10
永豐潮州,1850.0,2025,0,9A9q,2330,2026-03-10
永豐市政,1875.0,7280,12115,9A9W,2330,2026-03-10
永豐北高,1880.0,1314,630,9A9r,2330,2026-03-10
永豐信義,1840.0,2152,1000,9A9R,2330,2026-03-10
永豐市政,1855.0,1910,1657,9A9W,2330,2026-03-10
永豐市政,1845.0,766,2209,9A9W,2330,2026-03-10
永豐市政,1835.0,3059,203,9A9W,2330,2026-03-10
永豐中正,1885.0,3100,1411,9A9U,2330,2026-03-10
永豐中正,1875.0,4535,911,9A9U,2330,2026-03-10
永豐中正,1865.0,251,1007,9A9U,2330,2026-03-10
永豐中正,1855.0,306,2472,9A9U,2330,2026-03-10
永豐中正,1845.0,309,6,9A9U,2330,2026-03-10
永豐中正,1835.0,1477,505,9A9U,2330,2026-03-10
永豐南京,1890.0,1000,0,9A9S,2330,2026-03-10
永豐南京,1880.0,1468,640,9A9S,2330,2026-03-10
永豐南京,1870.0,3348,8000,9A9S,2330,2026-03-10
永豐北高,1890.0,5233,0,9A9r,2330,2026-03-10
永豐南京,1860.0,212,2,9A9S,2330,2026-03-10
永豐南京,1840.0,2227,0,9A9S,2330,2026-03-10
永豐彰化,1890.0,120,0,9A9s,2330,2026-03-10
永豐彰化,1880.0,3236,310,9A9s,2330,2026-03-10
永豐彰化,1870.0,1146,1000,9A9s,2330,2026-03-10
永豐彰化,1860.0,1437,1025,9A9s,2330,2026-03-10
永豐彰化,1850.0,1168,2020,9A9s,2330,2026-03-10
永豐彰化,1840.0,1577,70,9A9s,2330,2026-03-10
永豐信義,1890.0,442,100,9A9R,2330,2026-03-10
永豐信義,1880.0,242,371,9A9R,2330,2026-03-10
永豐信義,1870.0,389,1010,9A9R,2330,2026-03-10
永豐信義,1860.0,1480,100,9A9R,2330,2026-03-10
永豐信義,1850.0,1392,0,9A9R,2330,2026-03-10
永豐南京,1850.0,1229,3000,9A9S,2330,2026-03-10
玉山景美,1880.0,9624,4445,8849,2330,2026-03-10
光和田中,1850.0,37,0,6382,2330,2026-03-10
光和田中,1870.0,0,1000,6382,2330,2026-03-10
凱基新莊,1860.0,1497,1158,921S,2330,2026-03-10
凱基新莊,1870.0,1111,0,921S,2330,2026-03-10
凱基新莊,1880.0,4404,4535,921S,2330,2026-03-10
凱基新莊,1890.0,0,10,921S,2330,2026-03-10
凱基東勢,1840.0,2036,0,921Y,2330,2026-03-10
凱基東勢,1850.0,192,0,921Y,2330,2026-03-10
凱基東勢,1860.0,229,1042,921Y,2330,2026-03-10
凱基東勢,1870.0,2255,0,921Y,2330,2026-03-10
凱基東勢,1880.0,2145,2000,921Y,2330,2026-03-10
凱基東勢,1890.0,210,0,921Y,2330,2026-03-10
凱基豐中,1840.0,1052,200,9223,2330,2026-03-10
凱基豐中,1850.0,139,50,9223,2330,2026-03-10
凱基新莊,1850.0,399,0,921S,2330,2026-03-10
凱基豐中,1860.0,478,1,9223,2330,2026-03-10
凱基豐中,1880.0,2488,17382,9223,2330,2026-03-10
凱基豐中,1890.0,3,0,9223,2330,2026-03-10
凱基內埔,1840.0,240,0,9225,2330,2026-03-10
凱基內埔,1850.0,120,35,9225,2330,2026-03-10
凱基內埔,1860.0,1286,0,9225,2330,2026-03-10
凱基內埔,1870.0,2010,2000,9225,2330,2026-03-10
凱基內埔,1880.0,1789,1020,9225,2330,2026-03-10
凱基內埔,1890.0,0,100,9225,2330,2026-03-10
凱基汐止,1840.0,1058,0,9226,2330,2026-03-10
凱基汐止,1850.0,1007,0,9226,2330,2026-03-10
凱基汐止,1860.0,236,10,9226,2330,2026-03-10
凱基汐止,1870.0,79,2000,9226,2330,2026-03-10
凱基豐中,1870.0,3236,0,9223,2330,2026-03-10
凱基汐止,1880.0,1125,3000,9226,2330,2026-03-10
凱基新莊,1840.0,154,362,921S,2330,2026-03-10
凱基八德,1880.0,2128,1019,921M,2330,2026-03-10
凱基民權,1860.0,2973,52,921C,2330,2026-03-10
凱基民權,1870.0,1719,0,921C,2330,2026-03-10
凱基民權,1880.0,1714,3326,921C,2330,2026-03-10
凱基民權,1890.0,18,14,921C,2330,2026-03-10
凱基三峽,1840.0,567,0,921E,2330,2026-03-10
凱基三峽,1850.0,282,4,921E,2330,2026-03-10
凱基三峽,1860.0,1244,1002,921E,2330,2026-03-10
凱基三峽,1870.0,224,500,921E,2330,2026-03-10
凱基三峽,1880.0,7246,2200,921E,2330,2026-03-10
凱基三峽,1890.0,3,0,921E,2330,2026-03-10
凱基五股,1840.0,50,0,921G,2330,2026-03-10
凱基五股,1850.0,289,1000,921G,2330,2026-03-10
凱基八德,1890.0,0,30,921M,2330,2026-03-10
凱基五股,1860.0,188,20,921G,2330,2026-03-10
凱基五股,1880.0,34,5086,921G,2330,2026-03-10
凱基五股,1890.0,100,0,921G,2330,2026-03-10
凱基土城,1840.0,25,50,921J,2330,2026-03-10
凱基土城,1850.0,1112,80,921J,2330,2026-03-10
凱基土城,1860.0,61,3,921J,2330,2026-03-10
凱基土城,1870.0,153,0,921J,2330,2026-03-10
凱基土城,1880.0,118,112,921J,2330,2026-03-10
凱基土城,1890.0,1000,150,921J,2330,2026-03-10
凱基八德,1840.0,262,10,921M,2330,2026-03-10
凱基八德,1850.0,714,5,921M,2330,2026-03-10
凱基八德,1860.0,711,115,921M,2330,2026-03-10
凱基八德,1870.0,22,2000,921M,2330,2026-03-10
凱基五股,1870.0,225,100,921G,2330,2026-03-10
凱基民權,1850.0,756,1100,921C,2330,2026-03-10
凱基汐止,1890.0,0,100,9226,2330,2026-03-10
凱基城中,1850.0,1608,0,9227,2330,2026-03-10
凱基竹北,1860.0,1847,91,9234,2330,2026-03-10
凱基竹北,1870.0,1443,2000,9234,2330,2026-03-10
凱基竹北,1880.0,26201,4597,9234,2330,2026-03-10
凱基竹北,1890.0,80,1220,9234,2330,2026-03-10
凱基永華,1840.0,1156,0,9235,2330,2026-03-10
凱基永華,1850.0,113,30,9235,2330,2026-03-10
凱基永華,1860.0,106,0,9235,2330,2026-03-10
凱基永華,1870.0,2172,1000,9235,2330,2026-03-10
凱基永華,1880.0,62,311,9235,2330,2026-03-10
凱基永華,1890.0,5,0,9235,2330,2026-03-10
凱基虎尾,1845.0,152,0,9236,2330,2026-03-10
凱基虎尾,1855.0,7400,208,9236,2330,2026-03-10
凱基竹北,1850.0,2845,1000,9234,2330,2026-03-10
凱基虎尾,1865.0,310,0,9236,2330,2026-03-10
凱基虎尾,1885.0,1433,3123,9236,2330,2026-03-10
凱基敦北,1840.0,301,30,9237,2330,2026-03-10
凱基敦北,1850.0,11,0,9237,2330,2026-03-10
凱基敦北,1860.0,103,120,9237,2330,2026-03-10
凱基敦北,1870.0,1233,1050,9237,2330,2026-03-10
凱基敦北,1880.0,1305,50,9237,2330,2026-03-10
凱基敦北,1890.0,0,20,9237,2330,2026-03-10
凱基士林,1840.0,3972,0,9238,2330,2026-03-10
凱基士林,1850.0,3689,0,9238,2330,2026-03-10
凱基士林,1860.0,2242,103,9238,2330,2026-03-10
凱基士林,1870.0,11161,9020,9238,2330,2026-03-10
凱基士林,1880.0,1401,2561,9238,2330,2026-03-10
凱基虎尾,1875.0,1215,1718,9236,2330,2026-03-10
凱基城中,1840.0,391,0,9227,2330,2026-03-10
凱基竹北,1840.0,523,1020,9234,2330,2026-03-10
凱基長庚,1880.0,2822,3870,9233,2330,2026-03-10
凱基城中,1860.0,488,10,9227,2330,2026-03-10
凱基城中,1870.0,388,2000,9227,2330,2026-03-10
凱基城中,1880.0,2493,10,9227,2330,2026-03-10
凱基城中,1890.0,200,10,9227,2330,2026-03-10
凱基中山,1840.0,73,3000,9229,2330,2026-03-10
凱基中山,1850.0,2999,1000,9229,2330,2026-03-10
凱基中山,1860.0,1693,1115,9229,2330,2026-03-10
凱基中山,1870.0,2519,2000,9229,2330,2026-03-10
凱基中山,1880.0,877,5386,9229,2330,2026-03-10
凱基中山,1890.0,0,100,9229,2330,2026-03-10
凱基屏東,1840.0,61,0,922C,2330,2026-03-10
凱基屏東,1850.0,2042,0,922C,2330,2026-03-10
凱基長庚,1890.0,20,110,9233,2330,2026-03-10
凱基屏東,1860.0,224,500,922C,2330,2026-03-10
凱基屏東,1880.0,83,1010,922C,2330,2026-03-10
凱基屏東,1890.0,6,0,922C,2330,2026-03-10
凱基員林,1840.0,196,0,9231,2330,2026-03-10
凱基員林,1850.0,200,4000,9231,2330,2026-03-10
凱基員林,1860.0,63,2000,9231,2330,2026-03-10
凱基員林,1870.0,322,0,9231,2330,2026-03-10
凱基員林,1880.0,1168,21,9231,2330,2026-03-10
凱基員林,1890.0,50,0,9231,2330,2026-03-10
凱基長庚,1840.0,202,203,9233,2330,2026-03-10
凱基長庚,1850.0,2615,1000,9233,2330,2026-03-10
凱基長庚,1860.0,1399,270,9233,2330,2026-03-10
凱基長庚,1870.0,1302,1025,9233,2330,2026-03-10
凱基屏東,1870.0,11,0,922C,2330,2026-03-10
凱基士林,1890.0,1,0,9238,2330,2026-03-10
凱基民權,1840.0,599,356,921C,2330,2026-03-10
凱基大直,1880.0,2319,1275,9218,2330,2026-03-10
凱基市府,1845.0,86,15,920D,2330,2026-03-10
凱基市府,1855.0,3125,1150,920D,2330,2026-03-10
凱基市府,1865.0,4083,1019,920D,2330,2026-03-10
凱基市府,1875.0,1575,1527,920D,2330,2026-03-10
凱基市府,1885.0,5132,453,920D,2330,2026-03-10
凱基站前,1835.0,1027,10,920F,2330,2026-03-10
凱基站前,1845.0,1654,0,920F,2330,2026-03-10
凱基站前,1855.0,5703,6116,920F,2330,2026-03-10
凱基站前,1865.0,11639,19163,920F,2330,2026-03-10
凱基站前,1875.0,17823,7881,920F,2330,2026-03-10
凱基站前,1885.0,8567,10661,920F,2330,2026-03-10
凱基彰化,1835.0,22,0,920G,2330,2026-03-10
凱基市府,1835.0,2115,0,920D,2330,2026-03-10
凱基彰化,1845.0,263,100,920G,2330,2026-03-10
凱基彰化,1865.0,3232,1073,920G,2330,2026-03-10
凱基彰化,1875.0,527,4264,920G,2330,2026-03-10
凱基彰化,1885.0,3383,2123,920G,2330,2026-03-10
凱基基隆,1835.0,121,0,920H,2330,2026-03-10
凱基基隆,1845.0,26,0,920H,2330,2026-03-10
凱基基隆,1855.0,1082,0,920H,2330,2026-03-10
凱基基隆,1865.0,1502,150,920H,2330,2026-03-10
凱基基隆,1875.0,407,130,920H,2330,2026-03-10
凱基基隆,1885.0,79,1021,920H,2330,2026-03-10
凱基宜蘭,1840.0,23,0,920M,2330,2026-03-10
凱基宜蘭,1850.0,2017,0,920M,2330,2026-03-10
凱基宜蘭,1860.0,238,20,920M,2330,2026-03-10
凱基彰化,1855.0,75540,34,920G,2330,2026-03-10
凱基宜蘭,1870.0,3619,0,920M,2330,2026-03-10
凱基雙和,1885.0,1748,1650,920C,2330,2026-03-10
凱基雙和,1865.0,125,30,920C,2330,2026-03-10
凱基永和,1840.0,30,2,9207,2330,2026-03-10
凱基永和,1850.0,110,0,9207,2330,2026-03-10
凱基永和,1860.0,1440,0,9207,2330,2026-03-10
凱基永和,1870.0,2110,0,9207,2330,2026-03-10
凱基永和,1880.0,2433,16,9207,2330,2026-03-10
凱基永和,1890.0,5,10,9207,2330,2026-03-10
凱基桃園,1840.0,768,1177,9208,2330,2026-03-10
凱基桃園,1850.0,1326,20,9208,2330,2026-03-10
凱基桃園,1860.0,1697,2070,9208,2330,2026-03-10
凱基桃園,1870.0,3076,1030,9208,2330,2026-03-10
凱基桃園,1880.0,7245,8683,9208,2330,2026-03-10
凱基桃園,1890.0,140,1011,9208,2330,2026-03-10
凱基雙和,1875.0,960,5,920C,2330,2026-03-10
凱基岡山,1845.0,70,45,9209,2330,2026-03-10
凱基岡山,1865.0,2439,110,9209,2330,2026-03-10
凱基岡山,1875.0,4052,130,9209,2330,2026-03-10
凱基岡山,1885.0,191,49,9209,2330,2026-03-10
凱基板橋,1835.0,20,0,920A,2330,2026-03-10
凱基板橋,1845.0,32,0,920A,2330,2026-03-10
凱基板橋,1855.0,1193,3300,920A,2330,2026-03-10
凱基板橋,1865.0,1273,10,920A,2330,2026-03-10
凱基板橋,1875.0,1339,2136,920A,2330,2026-03-10
凱基板橋,1885.0,101,2555,920A,2330,2026-03-10
凱基雙和,1835.0,50,0,920C,2330,2026-03-10
凱基雙和,1845.0,34,30,920C,2330,2026-03-10
凱基雙和,1855.0,651,1000,920C,2330,2026-03-10
凱基岡山,1855.0,242,0,9209,2330,2026-03-10
凱基大直,1890.0,21,0,9218,2330,2026-03-10
凱基宜蘭,1880.0,495,2119,920M,2330,2026-03-10
凱基湖口,1840.0,2090,0,920N,2330,2026-03-10
凱基東港,1860.0,226,0,9212,2330,2026-03-10
凱基東港,1870.0,452,0,9212,2330,2026-03-10
凱基東港,1880.0,408,161,9212,2330,2026-03-10
凱基東港,1890.0,45,0,9212,2330,2026-03-10
凱基高美,1835.0,214,250,9215,2330,2026-03-10
凱基高美,1845.0,11157,60,9215,2330,2026-03-10
凱基高美,1855.0,713,11005,9215,2330,2026-03-10
凱基高美,1865.0,1356,1000,9215,2330,2026-03-10
凱基高美,1875.0,3608,24727,9215,2330,2026-03-10
凱基高美,1885.0,801,6300,9215,2330,2026-03-10
凱基信義,1835.0,0,2000,9216,2330,2026-03-10
凱基信義,1845.0,55,3000,9216,2330,2026-03-10
凱基東港,1850.0,618,0,9212,2330,2026-03-10
凱基信義,1855.0,1010,18,9216,2330,2026-03-10
凱基信義,1875.0,1060,1000,9216,2330,2026-03-10
凱基信義,1885.0,4490,2137,9216,2330,2026-03-10
凱基松山,1840.0,5055,0,9217,2330,2026-03-10
凱基松山,1850.0,10062,5000,9217,2330,2026-03-10
凱基松山,1860.0,3383,11013,9217,2330,2026-03-10
凱基松山,1870.0,3069,0,9217,2330,2026-03-10
凱基松山,1880.0,33733,44362,9217,2330,2026-03-10
凱基松山,1890.0,50,1000,9217,2330,2026-03-10
凱基大直,1840.0,3089,0,9218,2330,2026-03-10
凱基大直,1850.0,1162,0,9218,2330,2026-03-10
凱基大直,1860.0,372,0,9218,2330,2026-03-10
凱基大直,1870.0,3116,0,9218,2330,2026-03-10
凱基信義,1865.0,1295,10,9216,2330,2026-03-10
凱基宜蘭,1890.0,7,20,920M,2330,2026-03-10
凱基東港,1840.0,99,30,9212,2330,2026-03-10
凱基台南,1880.0,3573,2615,9211,2330,2026-03-10
凱基湖口,1850.0,3376,0,920N,2330,2026-03-10
凱基湖口,1860.0,616,0,920N,2330,2026-03-10
凱基湖口,1870.0,437,0,920N,2330,2026-03-10
凱基湖口,1880.0,3172,3126,920N,2330,2026-03-10
凱基湖口,1890.0,100,30,920N,2330,2026-03-10
凱基新店,1840.0,216,0,920V,2330,2026-03-10
凱基新店,1850.0,249,0,920V,2330,2026-03-10
凱基新店,1860.0,5136,340,920V,2330,2026-03-10
凱基新店,1870.0,60,0,920V,2330,2026-03-10
凱基新店,1880.0,5221,1350,920V,2330,2026-03-10
凱基大里,1835.0,22,0,920W,2330,2026-03-10
凱基大里,1845.0,80,0,920W,2330,2026-03-10
凱基台南,1890.0,2100,100,9211,2330,2026-03-10
凱基大里,1855.0,11031,0,920W,2330,2026-03-10
凱基大里,1875.0,1070,6014,920W,2330,2026-03-10
凱基大里,1885.0,419,120,920W,2330,2026-03-10
凱基台東,1835.0,7,0,920Z,2330,2026-03-10
凱基台東,1845.0,2,0,920Z,2330,2026-03-10
凱基台東,1855.0,260,200,920Z,2330,2026-03-10
凱基台東,1865.0,330,780,920Z,2330,2026-03-10
凱基台東,1875.0,2113,40,920Z,2330,2026-03-10
凱基台東,1885.0,221,431,920Z,2330,2026-03-10
凱基台南,1840.0,816,2000,9211,2330,2026-03-10
凱基台南,1850.0,13324,1000,9211,2330,2026-03-10
凱基台南,1860.0,4254,472,9211,2330,2026-03-10
凱基台南,1870.0,6168,5000,9211,2330,2026-03-10
凱基大里,1865.0,1118,0,920W,2330,2026-03-10
凱基高雄,1890.0,30,50,9206,2330,2026-03-10
凱基市政,1840.0,151,8000,9239,2330,2026-03-10
凱基市政,1860.0,1803,1230,9239,2330,2026-03-10
華南高雄,1840.0,1413,1030,9303,2330,2026-03-10
華南高雄,1850.0,297,1030,9303,2330,2026-03-10
華南高雄,1860.0,1211,2020,9303,2330,2026-03-10
華南高雄,1870.0,4462,2101,9303,2330,2026-03-10
華南高雄,1880.0,2379,5597,9303,2330,2026-03-10
華南高雄,1890.0,93,0,9303,2330,2026-03-10
華南新莊,1840.0,365,60,9305,2330,2026-03-10
華南新莊,1850.0,1217,1100,9305,2330,2026-03-10
華南新莊,1860.0,274,115,9305,2330,2026-03-10
華南新莊,1870.0,2046,0,9305,2330,2026-03-10
華南新莊,1880.0,1586,110,9305,2330,2026-03-10
華南新莊,1890.0,0,35,9305,2330,2026-03-10
華南高雄,1830.0,0,60,9303,2330,2026-03-10
華南台南,1840.0,1056,0,9306,2330,2026-03-10
華南台南,1860.0,235,3000,9306,2330,2026-03-10
華南台南,1870.0,1596,0,9306,2330,2026-03-10
華南台南,1880.0,1260,4236,9306,2330,2026-03-10
華南台南,1890.0,100,16,9306,2330,2026-03-10
華南大安,1840.0,2233,56,9307,2330,2026-03-10
華南大安,1850.0,2127,30,9307,2330,2026-03-10
華南大安,1860.0,1269,1635,9307,2330,2026-03-10
華南大安,1870.0,1258,0,9307,2330,2026-03-10
華南大安,1880.0,245,2175,9307,2330,2026-03-10
華南大安,1890.0,0,100,9307,2330,2026-03-10
華南麻豆,1840.0,266,30,9308,2330,2026-03-10
華南麻豆,1850.0,7125,0,9308,2330,2026-03-10
華南台南,1850.0,3169,6000,9306,2330,2026-03-10
華南麻豆,1860.0,1952,0,9308,2330,2026-03-10
華南台中,1885.0,5837,1878,9302,2330,2026-03-10
華南台中,1865.0,3700,225,9302,2330,2026-03-10
凱基大安,1845.0,35,0,9291,2330,2026-03-10
凱基大安,1855.0,4163,0,9291,2330,2026-03-10
凱基大安,1865.0,114,3000,9291,2330,2026-03-10
凱基大安,1875.0,3356,5070,9291,2330,2026-03-10
凱基大安,1885.0,3065,115,9291,2330,2026-03-10
凱基頭份,1835.0,50,0,9296,2330,2026-03-10
凱基頭份,1845.0,67,0,9296,2330,2026-03-10
凱基頭份,1855.0,46,150,9296,2330,2026-03-10
凱基頭份,1865.0,110,0,9296,2330,2026-03-10
凱基頭份,1875.0,135,1300,9296,2330,2026-03-10
凱基頭份,1885.0,654,98,9296,2330,2026-03-10
凱基文心,1835.0,7,0,9297,2330,2026-03-10
華南台中,1875.0,8210,7391,9302,2330,2026-03-10
凱基文心,1845.0,24,0,9297,2330,2026-03-10
凱基文心,1865.0,34,5,9297,2330,2026-03-10
凱基文心,1875.0,124,1050,9297,2330,2026-03-10
凱基文心,1885.0,30,30,9297,2330,2026-03-10
華南永昌,1830.0,5,13000,9300,2330,2026-03-10
華南永昌,1840.0,9635,19245,9300,2330,2026-03-10
華南永昌,1850.0,13748,2375,9300,2330,2026-03-10
華南永昌,1860.0,12229,3085,9300,2330,2026-03-10
華南永昌,1870.0,33520,5310,9300,2330,2026-03-10
華南永昌,1880.0,30115,19386,9300,2330,2026-03-10
華南台中,1835.0,53,0,9302,2330,2026-03-10
華南台中,1845.0,141,2002,9302,2330,2026-03-10
華南台中,1855.0,558,2100,9302,2330,2026-03-10
凱基文心,1855.0,141,0,9297,2330,2026-03-10
凱基大安,1835.0,50,0,9291,2330,2026-03-10
華南麻豆,1870.0,604,3000,9308,2330,2026-03-10
華南麻豆,1890.0,20,250,9308,2330,2026-03-10
華南林口,1855.0,1177,5,9317,2330,2026-03-10
華南林口,1865.0,564,20,9317,2330,2026-03-10
華南林口,1875.0,274,4400,9317,2330,2026-03-10
華南林口,1885.0,1066,385,9317,2330,2026-03-10
華南鶯歌,1835.0,65,53,9319,2330,2026-03-10
華南鶯歌,1845.0,60,0,9319,2330,2026-03-10
華南鶯歌,1855.0,1158,102,9319,2330,2026-03-10
華南鶯歌,1865.0,133,10,9319,2330,2026-03-10
華南鶯歌,1875.0,2934,1043,9319,2330,2026-03-10
華南鶯歌,1885.0,1310,1526,9319,2330,2026-03-10
華南基隆,1835.0,35,0,9322,2330,2026-03-10
華南基隆,1845.0,9,0,9322,2330,2026-03-10
華南林口,1845.0,123,0,9317,2330,2026-03-10
華南基隆,1855.0,1037,2000,9322,2330,2026-03-10
華南基隆,1875.0,2482,1470,9322,2330,2026-03-10
華南基隆,1885.0,310,268,9322,2330,2026-03-10
華南小港,1835.0,201,0,9323,2330,2026-03-10
華南小港,1845.0,24,0,9323,2330,2026-03-10
華南小港,1855.0,1272,5,9323,2330,2026-03-10
華南小港,1865.0,1394,140,9323,2330,2026-03-10
華南小港,1875.0,1317,255,9323,2330,2026-03-10
華南小港,1885.0,220,1420,9323,2330,2026-03-10
華南岡山,1835.0,1021,1000,9324,2330,2026-03-10
華南岡山,1845.0,2127,0,9324,2330,2026-03-10
華南岡山,1855.0,172,1010,9324,2330,2026-03-10
華南岡山,1865.0,1123,0,9324,2330,2026-03-10
華南基隆,1865.0,1141,0,9322,2330,2026-03-10
華南麻豆,1880.0,370,3143,9308,2330,2026-03-10
華南林口,1835.0,51,100,9317,2330,2026-03-10
華南淡水,1875.0,1226,1125,9316,2330,2026-03-10
華南古亭,1845.0,0,80,9309,2330,2026-03-10
華南古亭,1855.0,1163,0,9309,2330,2026-03-10
華南古亭,1865.0,82,320,9309,2330,2026-03-10
華南古亭,1875.0,550,520,9309,2330,2026-03-10
華南古亭,1885.0,157,2165,9309,2330,2026-03-10
華南民權,1840.0,27,0,9312,2330,2026-03-10
華南民權,1850.0,323,50,9312,2330,2026-03-10
華南民權,1860.0,433,21,9312,2330,2026-03-10
華南民權,1870.0,2132,0,9312,2330,2026-03-10
華南民權,1880.0,32,1026,9312,2330,2026-03-10
華南民權,1890.0,1,5,9312,2330,2026-03-10
華南嘉義,1840.0,1210,5,9314,2330,2026-03-10
華南淡水,1885.0,115,802,9316,2330,2026-03-10
華南嘉義,1850.0,1110,0,9314,2330,2026-03-10
華南嘉義,1870.0,1078,2000,9314,2330,2026-03-10
華南嘉義,1880.0,234,1022,9314,2330,2026-03-10
華南嘉義,1890.0,0,5,9314,2330,2026-03-10
華南大甲,1845.0,1,0,9315,2330,2026-03-10
華南大甲,1855.0,20,100,9315,2330,2026-03-10
華南大甲,1865.0,0,1,9315,2330,2026-03-10
華南大甲,1875.0,2193,50,9315,2330,2026-03-10
華南大甲,1885.0,70,25,9315,2330,2026-03-10
華南淡水,1835.0,2143,0,9316,2330,2026-03-10
華南淡水,1845.0,163,0,9316,2330,2026-03-10
華南淡水,1855.0,2241,0,9316,2330,2026-03-10
華南淡水,1865.0,2196,0,9316,2330,2026-03-10
華南嘉義,1860.0,719,0,9314,2330,2026-03-10
凱基市政,1850.0,5779,1000,9239,2330,2026-03-10
凱基興隆,1880.0,382,4808,9289,2330,2026-03-10
凱基興隆,1860.0,50,0,9289,2330,2026-03-10
凱基林口,1870.0,9180,0,9257,2330,2026-03-10
凱基林口,1880.0,1109,3202,9257,2330,2026-03-10
凱基羅東,1835.0,1010,0,9258,2330,2026-03-10
凱基羅東,1845.0,1000,0,9258,2330,2026-03-10
凱基羅東,1855.0,1162,0,9258,2330,2026-03-10
凱基羅東,1865.0,620,0,9258,2330,2026-03-10
凱基羅東,1875.0,300,51,9258,2330,2026-03-10
凱基羅東,1885.0,65,120,9258,2330,2026-03-10
凱基新豐,1835.0,6040,0,9266,2330,2026-03-10
凱基新豐,1845.0,136,119,9266,2330,2026-03-10
凱基新豐,1855.0,110,72,9266,2330,2026-03-10
凱基新豐,1865.0,13120,196,9266,2330,2026-03-10
凱基林口,1860.0,1380,0,9257,2330,2026-03-10
凱基新豐,1875.0,2488,5557,9266,2330,2026-03-10
凱基台北,1830.0,15,0,9268,2330,2026-03-10
凱基台北,1840.0,265276,133022,9268,2330,2026-03-10
凱基台北,1850.0,436736,151020,9268,2330,2026-03-10
凱基台北,1860.0,32099,232132,9268,2330,2026-03-10
凱基台北,1870.0,255288,424000,9268,2330,2026-03-10
凱基台北,1880.0,436158,93820,9268,2330,2026-03-10
凱基台北,1890.0,0,5010,9268,2330,2026-03-10
凱基竹科,1840.0,3033,150,9272,2330,2026-03-10
凱基竹科,1850.0,9432,447,9272,2330,2026-03-10
凱基竹科,1860.0,10829,102,9272,2330,2026-03-10
凱基竹科,1870.0,2387,1000,9272,2330,2026-03-10
凱基竹科,1880.0,11112,25370,9272,2330,2026-03-10
凱基新豐,1885.0,2939,559,9266,2330,2026-03-10
凱基竹科,1890.0,35,10,9272,2330,2026-03-10
凱基林口,1850.0,2203,16,9257,2330,2026-03-10
凱基南崁,1890.0,120,0,9256,2330,2026-03-10
凱基市政,1870.0,45,4000,9239,2330,2026-03-10
凱基市政,1880.0,3514,2549,9239,2330,2026-03-10
凱基市政,1890.0,10,10,9239,2330,2026-03-10
凱基嘉義,1840.0,106,15,9252,2330,2026-03-10
凱基嘉義,1850.0,102,3,9252,2330,2026-03-10
凱基嘉義,1860.0,210,152,9252,2330,2026-03-10
凱基嘉義,1870.0,1222,0,9252,2330,2026-03-10
凱基嘉義,1880.0,293,2753,9252,2330,2026-03-10
凱基嘉義,1890.0,20,0,9252,2330,2026-03-10
凱基科園,1840.0,3462,0,9254,2330,2026-03-10
凱基科園,1850.0,3018,0,9254,2330,2026-03-10
凱基科園,1860.0,759,17,9254,2330,2026-03-10
凱基林口,1840.0,1051,0,9257,2330,2026-03-10
凱基科園,1870.0,478,0,9254,2330,2026-03-10
凱基和平,1835.0,40,0,9255,2330,2026-03-10
凱基和平,1845.0,129,1200,9255,2330,2026-03-10
凱基和平,1855.0,2251,1040,9255,2330,2026-03-10
凱基和平,1865.0,7178,29,9255,2330,2026-03-10
凱基和平,1875.0,4271,6019,9255,2330,2026-03-10
凱基和平,1885.0,3244,835,9255,2330,2026-03-10
凱基南崁,1830.0,50,0,9256,2330,2026-03-10
凱基南崁,1840.0,115,0,9256,2330,2026-03-10
凱基南崁,1850.0,840,0,9256,2330,2026-03-10
凱基南崁,1860.0,451,50,9256,2330,2026-03-10
凱基南崁,1870.0,132,0,9256,2330,2026-03-10
凱基南崁,1880.0,2489,2375,9256,2330,2026-03-10
凱基科園,1880.0,1510,1220,9254,2330,2026-03-10
凱基興隆,1870.0,56,3000,9289,2330,2026-03-10
凱基竹東,1840.0,2083,0,9273,2330,2026-03-10
凱基竹東,1860.0,1109,1033,9273,2330,2026-03-10
凱基斗六,1890.0,0,2,9281,2330,2026-03-10
凱基北門,1840.0,530,0,9283,2330,2026-03-10
凱基北門,1850.0,342,0,9283,2330,2026-03-10
凱基北門,1860.0,1844,10,9283,2330,2026-03-10
凱基北門,1870.0,252,2120,9283,2330,2026-03-10
凱基北門,1880.0,5264,4520,9283,2330,2026-03-10
凱基北門,1890.0,40,5,9283,2330,2026-03-10
凱基中壢,1840.0,1331,103,9285,2330,2026-03-10
凱基中壢,1850.0,5015,0,9285,2330,2026-03-10
凱基中壢,1860.0,6716,231,9285,2330,2026-03-10
凱基中壢,1870.0,114,2000,9285,2330,2026-03-10
凱基中壢,1880.0,9221,2966,9285,2330,2026-03-10
凱基斗六,1875.0,15,0,9281,2330,2026-03-10
凱基中壢,1890.0,206,0,9285,2330,2026-03-10
凱基內湖,1850.0,242,0,9287,2330,2026-03-10
凱基內湖,1860.0,460,811,9287,2330,2026-03-10
凱基內湖,1870.0,10182,0,9287,2330,2026-03-10
凱基內湖,1880.0,220,44,9287,2330,2026-03-10
凱基埔墘,1835.0,106,10,9288,2330,2026-03-10
凱基埔墘,1845.0,1011,0,9288,2330,2026-03-10
凱基埔墘,1855.0,1028,4005,9288,2330,2026-03-10
凱基埔墘,1865.0,11,0,9288,2330,2026-03-10
凱基埔墘,1875.0,4094,1093,9288,2330,2026-03-10
凱基埔墘,1885.0,21,1561,9288,2330,2026-03-10
凱基興隆,1840.0,133,0,9289,2330,2026-03-10
凱基興隆,1850.0,1056,0,9289,2330,2026-03-10
凱基內湖,1840.0,1130,300,9287,2330,2026-03-10
凱基竹東,1850.0,211,0,9273,2330,2026-03-10
凱基斗六,1865.0,15,100,9281,2330,2026-03-10
凱基斗六,1845.0,0,35,9281,2330,2026-03-10
凱基竹東,1870.0,2120,0,9273,2330,2026-03-10
凱基竹東,1880.0,651,415,9273,2330,2026-03-10
凱基竹東,1890.0,8,0,9273,2330,2026-03-10
凱基鳳山,1840.0,140,1000,9274,2330,2026-03-10
凱基鳳山,1850.0,319,1000,9274,2330,2026-03-10
凱基鳳山,1860.0,1867,330,9274,2330,2026-03-10
凱基鳳山,1870.0,197,0,9274,2330,2026-03-10
凱基鳳山,1880.0,4566,2040,9274,2330,2026-03-10
凱基鳳山,1890.0,155,0,9274,2330,2026-03-10
凱基三多,1840.0,52,0,9275,2330,2026-03-10
凱基三多,1850.0,126,60,9275,2330,2026-03-10
凱基三多,1860.0,436,1000,9275,2330,2026-03-10
凱基斗六,1855.0,110,100,9281,2330,2026-03-10
凱基三多,1870.0,2122,1000,9275,2330,2026-03-10
凱基苗栗,1835.0,4,0,9276,2330,2026-03-10
凱基苗栗,1850.0,8,0,9276,2330,2026-03-10
凱基苗栗,1860.0,93,0,9276,2330,2026-03-10
凱基苗栗,1870.0,1086,0,9276,2330,2026-03-10
凱基苗栗,1880.0,181,2000,9276,2330,2026-03-10
凱基苗栗,1890.0,1,0,9276,2330,2026-03-10
凱基永康,1840.0,2235,0,9278,2330,2026-03-10
凱基永康,1850.0,195,200,9278,2330,2026-03-10
凱基永康,1860.0,191,21,9278,2330,2026-03-10
凱基永康,1870.0,1400,1070,9278,2330,2026-03-10
凱基永康,1880.0,1333,6120,9278,2330,2026-03-10
凱基永康,1890.0,3,200,9278,2330,2026-03-10
凱基三多,1880.0,1406,1097,9275,2330,2026-03-10
華南岡山,1875.0,5100,5181,9324,2330,2026-03-10
凱基高雄,1880.0,4665,7071,9206,2330,2026-03-10
凱基高雄,1860.0,1412,180,9206,2330,2026-03-10
群益,1865.0,14222,1300,9100,2330,2026-03-10
群益,1875.0,17012,1198,9100,2330,2026-03-10
群益,1885.0,19684,3805,9100,2330,2026-03-10
群益敦南,1835.0,21,0,9101,2330,2026-03-10
群益敦南,1845.0,1130,460,9101,2330,2026-03-10
群益敦南,1855.0,10282,2077,9101,2330,2026-03-10
群益敦南,1865.0,1072,1000,9101,2330,2026-03-10
群益敦南,1875.0,3172,2220,9101,2330,2026-03-10
群益敦南,1885.0,256,610,9101,2330,2026-03-10
群益松山,1835.0,1260,0,9103,2330,2026-03-10
群益松山,1845.0,1101,10,9103,2330,2026-03-10
群益松山,1855.0,210,0,9103,2330,2026-03-10
群益,1855.0,91108,100,9100,2330,2026-03-10
群益松山,1865.0,2150,1000,9103,2330,2026-03-10
群益松山,1885.0,75,3000,9103,2330,2026-03-10
群益高盛,1835.0,105,0,9105,2330,2026-03-10
群益高盛,1845.0,23,10,9105,2330,2026-03-10
群益高盛,1855.0,62,7,9105,2330,2026-03-10
群益高盛,1865.0,83,2,9105,2330,2026-03-10
群益高盛,1875.0,3128,430,9105,2330,2026-03-10
群益高盛,1885.0,264,1155,9105,2330,2026-03-10
群益海山,1840.0,1232,0,9108,2330,2026-03-10
群益海山,1850.0,3178,0,9108,2330,2026-03-10
群益海山,1860.0,1531,10,9108,2330,2026-03-10
群益海山,1870.0,1316,1070,9108,2330,2026-03-10
群益海山,1880.0,2394,4110,9108,2330,2026-03-10
群益松山,1875.0,2130,1203,9103,2330,2026-03-10
群益海山,1890.0,1000,180,9108,2330,2026-03-10
群益,1845.0,13070,0,9100,2330,2026-03-10
上海匯豐,1880.0,23917,0,8960,2330,2026-03-10
國泰板橋,1855.0,5463,2433,888K,2330,2026-03-10
國泰板橋,1865.0,6830,2465,888K,2330,2026-03-10
國泰板橋,1875.0,10566,30556,888K,2330,2026-03-10
國泰板橋,1885.0,5952,13145,888K,2330,2026-03-10
國泰新竹,1835.0,241,0,888N,2330,2026-03-10
國泰新竹,1845.0,163,0,888N,2330,2026-03-10
國泰新竹,1855.0,1229,10,888N,2330,2026-03-10
國泰新竹,1865.0,133,0,888N,2330,2026-03-10
國泰新竹,1875.0,2224,30,888N,2330,2026-03-10
國泰新竹,1885.0,1255,1180,888N,2330,2026-03-10
大和國泰,1835.0,2000,0,8890,2330,2026-03-10
大和國泰,1845.0,1000,1000,8890,2330,2026-03-10
群益,1835.0,5003,6000,9100,2330,2026-03-10
大和國泰,1855.0,1000,0,8890,2330,2026-03-10
大和國泰,1875.0,1000,15500,8890,2330,2026-03-10
大和國泰,1885.0,1400,2000,8890,2330,2026-03-10
法銀巴黎,1835.0,0,60000,8900,2330,2026-03-10
法銀巴黎,1845.0,0,80000,8900,2330,2026-03-10
法銀巴黎,1855.0,20000,153447,8900,2330,2026-03-10
法銀巴黎,1865.0,12000,28610,8900,2330,2026-03-10
法銀巴黎,1875.0,22000,0,8900,2330,2026-03-10
法銀巴黎,1885.0,13000,395000,8900,2330,2026-03-10
上海匯豐,1840.0,7000,0,8960,2330,2026-03-10
上海匯豐,1850.0,303000,49000,8960,2330,2026-03-10
上海匯豐,1860.0,7000,0,8960,2330,2026-03-10
上海匯豐,1870.0,7000,76000,8960,2330,2026-03-10
大和國泰,1865.0,5000,1100,8890,2330,2026-03-10
國泰板橋,1845.0,4795,4641,888K,2330,2026-03-10
群益市府,1835.0,30,0,910D,2330,2026-03-10
群益市府,1855.0,172,100,910D,2330,2026-03-10
群益士林,1860.0,486,40,9137,2330,2026-03-10
群益士林,1870.0,82,1000,9137,2330,2026-03-10
群益士林,1880.0,2298,8130,9137,2330,2026-03-10
群益中港,1835.0,40,0,9138,2330,2026-03-10
群益中港,1845.0,20,21,9138,2330,2026-03-10
群益中港,1855.0,1042,100,9138,2330,2026-03-10
群益中港,1865.0,2080,0,9138,2330,2026-03-10
群益中港,1875.0,1215,0,9138,2330,2026-03-10
群益中港,1885.0,1650,1207,9138,2330,2026-03-10
群益潭子,1835.0,10,0,913D,2330,2026-03-10
群益潭子,1850.0,106,20,913D,2330,2026-03-10
群益潭子,1860.0,711,1001,913D,2330,2026-03-10
群益士林,1850.0,1361,20,9137,2330,2026-03-10
群益潭子,1870.0,3090,1000,913D,2330,2026-03-10
群益潭子,1890.0,0,50,913D,2330,2026-03-10
群益基隆,1840.0,269,5,913E,2330,2026-03-10
群益基隆,1850.0,2190,0,913E,2330,2026-03-10
群益基隆,1860.0,170,1100,913E,2330,2026-03-10
群益基隆,1870.0,115,0,913E,2330,2026-03-10
群益基隆,1880.0,1208,1240,913E,2330,2026-03-10
群益基隆,1890.0,0,1,913E,2330,2026-03-10
群益三重,1840.0,263,0,913g,2330,2026-03-10
群益三重,1850.0,1261,0,913g,2330,2026-03-10
群益三重,1860.0,127,40,913g,2330,2026-03-10
群益三重,1870.0,1071,0,913g,2330,2026-03-10
群益三重,1880.0,3556,2577,913g,2330,2026-03-10
群益潭子,1880.0,216,205,913D,2330,2026-03-10
群益市府,1845.0,2,0,910D,2330,2026-03-10
群益士林,1840.0,179,0,9137,2330,2026-03-10
群益西松,1880.0,7554,15180,9136,2330,2026-03-10
群益市府,1865.0,2052,0,910D,2330,2026-03-10
群益市府,1875.0,123,2630,910D,2330,2026-03-10
群益市府,1885.0,2061,1000,910D,2330,2026-03-10
群益民權,1835.0,135,10,9131,2330,2026-03-10
群益民權,1845.0,517,2025,9131,2330,2026-03-10
群益民權,1855.0,664,1136,9131,2330,2026-03-10
群益民權,1865.0,1246,1010,9131,2330,2026-03-10
群益民權,1875.0,3703,13536,9131,2330,2026-03-10
群益民權,1885.0,1961,3000,9131,2330,2026-03-10
群益開元,1835.0,2,1000,9134,2330,2026-03-10
群益開元,1845.0,1032,280,9134,2330,2026-03-10
群益開元,1855.0,127,275,9134,2330,2026-03-10
群益西松,1890.0,0,5,9136,2330,2026-03-10
群益開元,1865.0,45,0,9134,2330,2026-03-10
群益開元,1885.0,1154,188,9134,2330,2026-03-10
群益東大,1830.0,6000,0,9135,2330,2026-03-10
群益東大,1840.0,5224,7000,9135,2330,2026-03-10
群益東大,1850.0,3418,4003,9135,2330,2026-03-10
群益東大,1860.0,802,1110,9135,2330,2026-03-10
群益東大,1870.0,196,0,9135,2330,2026-03-10
群益東大,1880.0,16651,4407,9135,2330,2026-03-10
群益東大,1890.0,0,1015,9135,2330,2026-03-10
群益西松,1840.0,6156,1050,9136,2330,2026-03-10
群益西松,1850.0,5106,0,9136,2330,2026-03-10
群益西松,1860.0,573,5,9136,2330,2026-03-10
群益西松,1870.0,3358,3000,9136,2330,2026-03-10
群益開元,1875.0,1149,5277,9134,2330,2026-03-10
群益三重,1890.0,100,5,913g,2330,2026-03-10
國泰板橋,1835.0,9060,2500,888K,2330,2026-03-10
國泰館前,1880.0,22607,33481,888A,2330,2026-03-10
玉山城中,1890.0,160,4,884E,2330,2026-03-10
玉山桃園,1840.0,2726,100,884F,2330,2026-03-10
玉山桃園,1850.0,1413,4,884F,2330,2026-03-10
玉山桃園,1860.0,1378,360,884F,2330,2026-03-10
玉山桃園,1870.0,519,1005,884F,2330,2026-03-10
玉山桃園,1880.0,4638,7842,884F,2330,2026-03-10
玉山桃園,1890.0,1032,0,884F,2330,2026-03-10
玉山新竹,1840.0,696,106,884H,2330,2026-03-10
玉山新竹,1850.0,10012,8,884H,2330,2026-03-10
玉山新竹,1860.0,2134,1000,884H,2330,2026-03-10
玉山新竹,1870.0,4581,2041,884H,2330,2026-03-10
玉山新竹,1880.0,5938,1818,884H,2330,2026-03-10
玉山城中,1880.0,5835,7076,884E,2330,2026-03-10
玉山新竹,1890.0,100,58,884H,2330,2026-03-10
玉山大里,1850.0,3622,3030,884J,2330,2026-03-10
玉山大里,1860.0,1174,441,884J,2330,2026-03-10
玉山大里,1870.0,436,1000,884J,2330,2026-03-10
玉山大里,1880.0,3470,2999,884J,2330,2026-03-10
玉山大里,1890.0,1065,56,884J,2330,2026-03-10
玉山數位,1840.0,2105,1063,884M,2330,2026-03-10
玉山數位,1850.0,1179,1010,884M,2330,2026-03-10
玉山數位,1860.0,1868,102,884M,2330,2026-03-10
玉山數位,1870.0,2392,9,884M,2330,2026-03-10
玉山數位,1880.0,4917,627,884M,2330,2026-03-10
玉山數位,1890.0,141,10,884M,2330,2026-03-10
國泰綜合,1840.0,4396,19010,8880,2330,2026-03-10
玉山大里,1840.0,478,0,884J,2330,2026-03-10
國泰綜合,1850.0,82674,136000,8880,2330,2026-03-10
玉山城中,1870.0,3841,4000,884E,2330,2026-03-10
玉山城中,1850.0,3145,1000,884E,2330,2026-03-10
玉山士林,1835.0,46,5,884A,2330,2026-03-10
玉山士林,1845.0,384,5,884A,2330,2026-03-10
玉山士林,1855.0,2265,80,884A,2330,2026-03-10
玉山士林,1865.0,425,0,884A,2330,2026-03-10
玉山士林,1875.0,2157,210,884A,2330,2026-03-10
玉山士林,1885.0,702,804,884A,2330,2026-03-10
玉山台中,1830.0,0,1000,884B,2330,2026-03-10
玉山台中,1840.0,4403,1234,884B,2330,2026-03-10
玉山台中,1850.0,6993,10,884B,2330,2026-03-10
玉山台中,1860.0,3859,490,884B,2330,2026-03-10
玉山台中,1870.0,7243,1000,884B,2330,2026-03-10
玉山台中,1880.0,9459,11864,884B,2330,2026-03-10
玉山城中,1860.0,3065,6021,884E,2330,2026-03-10
玉山台中,1890.0,48,1150,884B,2330,2026-03-10
玉山信義,1850.0,16402,0,884C,2330,2026-03-10
玉山信義,1860.0,11887,3011,884C,2330,2026-03-10
玉山信義,1870.0,20187,4051,884C,2330,2026-03-10
玉山信義,1880.0,6078,3895,884C,2330,2026-03-10
玉山信義,1890.0,150,0,884C,2330,2026-03-10
玉山左營,1840.0,726,30,884D,2330,2026-03-10
玉山左營,1850.0,2936,3201,884D,2330,2026-03-10
玉山左營,1860.0,4644,215,884D,2330,2026-03-10
玉山左營,1870.0,14509,5100,884D,2330,2026-03-10
玉山左營,1880.0,3956,444,884D,2330,2026-03-10
玉山左營,1890.0,13,0,884D,2330,2026-03-10
玉山城中,1840.0,5519,20021,884E,2330,2026-03-10
玉山信義,1840.0,135,157,884C,2330,2026-03-10
國泰館前,1890.0,287,1353,888A,2330,2026-03-10
國泰綜合,1860.0,17713,10060,8880,2330,2026-03-10
國泰綜合,1880.0,17341,8455,8880,2330,2026-03-10
國泰桃園,1875.0,15077,9089,8885,2330,2026-03-10
國泰桃園,1885.0,6006,16342,8885,2330,2026-03-10
國泰新莊,1835.0,614,20,8886,2330,2026-03-10
國泰新莊,1845.0,1153,1085,8886,2330,2026-03-10
國泰新莊,1855.0,2852,5713,8886,2330,2026-03-10
國泰新莊,1865.0,3853,374,8886,2330,2026-03-10
國泰新莊,1875.0,3761,4539,8886,2330,2026-03-10
國泰新莊,1885.0,4359,1186,8886,2330,2026-03-10
國泰忠孝,1830.0,1000,0,8887,2330,2026-03-10
國泰忠孝,1840.0,4698,2025,8887,2330,2026-03-10
國泰忠孝,1850.0,16965,2040,8887,2330,2026-03-10
國泰忠孝,1860.0,3897,148,8887,2330,2026-03-10
國泰桃園,1865.0,3947,2826,8885,2330,2026-03-10
國泰忠孝,1870.0,4340,4000,8887,2330,2026-03-10
國泰忠孝,1890.0,1371,1030,8887,2330,2026-03-10
國泰敦南,1835.0,21959,5922,8888,2330,2026-03-10
國泰敦南,1845.0,15407,13878,8888,2330,2026-03-10
國泰敦南,1855.0,48636,38152,8888,2330,2026-03-10
國泰敦南,1865.0,45717,19250,8888,2330,2026-03-10
國泰敦南,1875.0,113772,64147,8888,2330,2026-03-10
國泰敦南,1885.0,51939,71792,8888,2330,2026-03-10
國泰館前,1830.0,1020,0,888A,2330,2026-03-10
國泰館前,1840.0,8215,5656,888A,2330,2026-03-10
國泰館前,1850.0,17003,1577,888A,2330,2026-03-10
國泰館前,1860.0,20524,8693,888A,2330,2026-03-10
國泰館前,1870.0,29610,13060,888A,2330,2026-03-10
國泰忠孝,1880.0,8122,6574,8887,2330,2026-03-10
國泰綜合,1870.0,12201,88000,8880,2330,2026-03-10
國泰桃園,1855.0,4068,4142,8885,2330,2026-03-10
國泰桃園,1835.0,1026,3102,8885,2330,2026-03-10
國泰綜合,1890.0,1303,1000,8880,2330,2026-03-10
國泰高雄,1840.0,3000,1022,8881,2330,2026-03-10
國泰高雄,1850.0,5476,1001,8881,2330,2026-03-10
國泰高雄,1860.0,4123,1524,8881,2330,2026-03-10
國泰高雄,1870.0,8177,15162,8881,2330,2026-03-10
國泰高雄,1880.0,7840,20266,8881,2330,2026-03-10
國泰高雄,1890.0,180,121,8881,2330,2026-03-10
國泰台中,1835.0,4075,1446,8882,2330,2026-03-10
國泰台中,1845.0,4994,3108,8882,2330,2026-03-10
國泰台中,1855.0,12608,7763,8882,2330,2026-03-10
國泰台中,1865.0,12982,20427,8882,2330,2026-03-10
國泰台中,1875.0,29922,23270,8882,2330,2026-03-10
國泰桃園,1845.0,774,1153,8885,2330,2026-03-10
國泰台中,1885.0,17331,24789,8882,2330,2026-03-10
國泰松江,1840.0,2292,105,8883,2330,2026-03-10
國泰松江,1850.0,8964,3017,8883,2330,2026-03-10
國泰松江,1860.0,3911,199,8883,2330,2026-03-10
國泰松江,1870.0,8959,1318,8883,2330,2026-03-10
國泰松江,1880.0,4816,8761,8883,2330,2026-03-10
國泰松江,1890.0,1085,3866,8883,2330,2026-03-10
國泰台南,1840.0,2360,2034,8884,2330,2026-03-10
國泰台南,1850.0,4562,4929,8884,2330,2026-03-10
國泰台南,1860.0,3750,3583,8884,2330,2026-03-10
國泰台南,1870.0,5611,3010,8884,2330,2026-03-10
國泰台南,1880.0,15575,8169,8884,2330,2026-03-10
國泰台南,1890.0,229,71,8884,2330,2026-03-10
國泰松江,1830.0,0,3,8883,2330,2026-03-10
凱基高雄,1870.0,9071,200,9206,2330,2026-03-10
群益屏東,1840.0,73,0,913H,2330,2026-03-10
群益屏東,1860.0,136,0,913H,2330,2026-03-10
群益永和,1850.0,1514,15,918J,2330,2026-03-10
群益永和,1860.0,1400,21,918J,2330,2026-03-10
群益永和,1870.0,232,2000,918J,2330,2026-03-10
群益永和,1880.0,1371,2503,918J,2330,2026-03-10
群益東湖,1835.0,2150,0,918K,2330,2026-03-10
群益東湖,1845.0,3325,0,918K,2330,2026-03-10
群益東湖,1855.0,6102,6001,918K,2330,2026-03-10
群益東湖,1865.0,4154,7040,918K,2330,2026-03-10
群益東湖,1875.0,3355,4350,918K,2330,2026-03-10
群益東湖,1885.0,1043,1000,918K,2330,2026-03-10
群益建成,1835.0,1,0,918L,2330,2026-03-10
群益建成,1845.0,2,0,918L,2330,2026-03-10
群益永和,1840.0,420,65,918J,2330,2026-03-10
群益建成,1855.0,1202,4,918L,2330,2026-03-10
群益建成,1875.0,1553,10,918L,2330,2026-03-10
群益建成,1885.0,255,4025,918L,2330,2026-03-10
群益嘉義,1840.0,1192,0,918M,2330,2026-03-10
群益嘉義,1850.0,1171,1000,918M,2330,2026-03-10
群益嘉義,1860.0,1368,200,918M,2330,2026-03-10
群益嘉義,1870.0,3255,2102,918M,2330,2026-03-10
群益嘉義,1880.0,425,561,918M,2330,2026-03-10
群益嘉義,1890.0,1020,20,918M,2330,2026-03-10
群益天母,1845.0,100,10,918P,2330,2026-03-10
群益天母,1855.0,32,0,918P,2330,2026-03-10
群益天母,1865.0,1118,40,918P,2330,2026-03-10
群益天母,1875.0,215,1055,918P,2330,2026-03-10
群益建成,1865.0,106,230,918L,2330,2026-03-10
群益天母,1885.0,1040,2085,918P,2330,2026-03-10
群益竹南,1890.0,1102,30,918i,2330,2026-03-10
群益竹南,1870.0,4052,1000,918i,2330,2026-03-10
群益新店,1840.0,84,95,918F,2330,2026-03-10
群益新店,1850.0,2155,0,918F,2330,2026-03-10
群益新店,1860.0,1124,2006,918F,2330,2026-03-10
群益新店,1870.0,1603,1,918F,2330,2026-03-10
群益新店,1880.0,21485,45,918F,2330,2026-03-10
群益新店,1890.0,4,5,918F,2330,2026-03-10
群益大甲,1840.0,50,1005,918g,2330,2026-03-10
群益大甲,1850.0,488,0,918g,2330,2026-03-10
群益大甲,1860.0,297,25,918g,2330,2026-03-10
群益大甲,1870.0,4515,0,918g,2330,2026-03-10
群益大甲,1880.0,1104,1158,918g,2330,2026-03-10
群益大甲,1890.0,75,0,918g,2330,2026-03-10
群益竹南,1880.0,235,2180,918i,2330,2026-03-10
群益新莊,1845.0,116,0,918G,2330,2026-03-10
群益新莊,1865.0,1031,0,918G,2330,2026-03-10
群益新莊,1875.0,197,1050,918G,2330,2026-03-10
群益新莊,1885.0,1602,2761,918G,2330,2026-03-10
群益中山,1840.0,2015,0,918H,2330,2026-03-10
群益中山,1850.0,220,0,918H,2330,2026-03-10
群益中山,1860.0,1154,0,918H,2330,2026-03-10
群益中山,1870.0,220,0,918H,2330,2026-03-10
群益中山,1880.0,53,220,918H,2330,2026-03-10
群益中山,1890.0,52,0,918H,2330,2026-03-10
群益竹南,1840.0,62,0,918i,2330,2026-03-10
群益竹南,1850.0,141,0,918i,2330,2026-03-10
群益竹南,1860.0,2269,1000,918i,2330,2026-03-10
群益新莊,1855.0,375,1000,918G,2330,2026-03-10
群益南京,1890.0,10,20,918E,2330,2026-03-10
群益丹鳳,1835.0,115,50,918s,2330,2026-03-10
群益丹鳳,1855.0,85,1060,918s,2330,2026-03-10
凱基,1840.0,24037,0,9200,2330,2026-03-10
凱基,1850.0,58117,12005,9200,2330,2026-03-10
凱基,1860.0,34065,26000,9200,2330,2026-03-10
凱基,1870.0,2010,8000,9200,2330,2026-03-10
凱基,1880.0,47000,15010,9200,2330,2026-03-10
凱基中港,1835.0,95,4,9202,2330,2026-03-10
凱基中港,1845.0,2150,100,9202,2330,2026-03-10
凱基中港,1855.0,2436,0,9202,2330,2026-03-10
凱基中港,1865.0,164,2111,9202,2330,2026-03-10
凱基中港,1875.0,5046,2176,9202,2330,2026-03-10
凱基中港,1885.0,4271,5233,9202,2330,2026-03-10
凱基台中,1835.0,10,0,9204,2330,2026-03-10
群益宜蘭,1890.0,0,200,918z,2330,2026-03-10
凱基台中,1845.0,126,5,9204,2330,2026-03-10
凱基台中,1865.0,80,1110,9204,2330,2026-03-10
凱基台中,1875.0,546,1162,9204,2330,2026-03-10
凱基台中,1885.0,295,608,9204,2330,2026-03-10
凱基三重,1835.0,1147,100,9205,2330,2026-03-10
凱基三重,1845.0,1626,25,9205,2330,2026-03-10
凱基三重,1855.0,2505,3055,9205,2330,2026-03-10
凱基三重,1865.0,1244,221,9205,2330,2026-03-10
凱基三重,1875.0,3662,2851,9205,2330,2026-03-10
凱基三重,1885.0,1540,1327,9205,2330,2026-03-10
凱基高雄,1830.0,10,0,9206,2330,2026-03-10
凱基高雄,1840.0,66,7,9206,2330,2026-03-10
凱基高雄,1850.0,2202,1220,9206,2330,2026-03-10
凱基台中,1855.0,215,1125,9204,2330,2026-03-10
群益丹鳳,1845.0,30,0,918s,2330,2026-03-10
群益宜蘭,1880.0,167,1349,918z,2330,2026-03-10
群益宜蘭,1860.0,341,210,918z,2330,2026-03-10
群益丹鳳,1865.0,61,0,918s,2330,2026-03-10
群益丹鳳,1875.0,833,300,918s,2330,2026-03-10
群益丹鳳,1885.0,176,390,918s,2330,2026-03-10
群益瑞豐,1835.0,23,0,918u,2330,2026-03-10
群益瑞豐,1845.0,175,300,918u,2330,2026-03-10
群益瑞豐,1855.0,50,1,918u,2330,2026-03-10
群益瑞豐,1865.0,18,0,918u,2330,2026-03-10
群益瑞豐,1875.0,210,186,918u,2330,2026-03-10
群益瑞豐,1885.0,15,1326,918u,2330,2026-03-10
群益忠孝,1835.0,1015,1005,918W,2330,2026-03-10
群益忠孝,1845.0,1030,3002,918W,2330,2026-03-10
群益忠孝,1855.0,3147,7005,918W,2330,2026-03-10
群益宜蘭,1870.0,127,1000,918z,2330,2026-03-10
群益忠孝,1865.0,5730,7020,918W,2330,2026-03-10
群益忠孝,1885.0,1136,5072,918W,2330,2026-03-10
群益延平,1835.0,29,100,918x,2330,2026-03-10
群益延平,1845.0,45,26100,918x,2330,2026-03-10
群益延平,1855.0,178,100,918x,2330,2026-03-10
群益延平,1865.0,290,0,918x,2330,2026-03-10
群益延平,1875.0,54215,230,918x,2330,2026-03-10
群益延平,1885.0,50,1355,918x,2330,2026-03-10
群益台北,1855.0,0,10,918X,2330,2026-03-10
群益台北,1865.0,57,0,918X,2330,2026-03-10
群益台北,1875.0,40,125,918X,2330,2026-03-10
群益台北,1885.0,70,0,918X,2330,2026-03-10
群益宜蘭,1850.0,32,0,918z,2330,2026-03-10
群益忠孝,1875.0,1264,6060,918W,2330,2026-03-10
群益屏東,1850.0,1092,0,913H,2330,2026-03-10
群益南京,1880.0,2074,340,918E,2330,2026-03-10
群益南京,1860.0,1334,20,918E,2330,2026-03-10
群益館前,1885.0,4442,3133,913Y,2330,2026-03-10
群益高雄,1840.0,119,0,9183,2330,2026-03-10
群益高雄,1850.0,2764,0,9183,2330,2026-03-10
群益高雄,1860.0,1410,0,9183,2330,2026-03-10
群益高雄,1870.0,2076,1000,9183,2330,2026-03-10
群益高雄,1880.0,4600,1439,9183,2330,2026-03-10
群益高雄,1890.0,81,0,9183,2330,2026-03-10
群益台中,1840.0,8065,10,9184,2330,2026-03-10
群益台中,1850.0,5225,2000,9184,2330,2026-03-10
群益台中,1860.0,2749,2210,9184,2330,2026-03-10
群益台中,1870.0,6737,2000,9184,2330,2026-03-10
群益台中,1880.0,456,1869,9184,2330,2026-03-10
群益館前,1875.0,2186,2013,913Y,2330,2026-03-10
群益台中,1890.0,1000,5,9184,2330,2026-03-10
群益台南,1850.0,118,0,9185,2330,2026-03-10
群益台南,1860.0,1110,30,9185,2330,2026-03-10
群益台南,1870.0,106,2000,9185,2330,2026-03-10
群益台南,1880.0,248,230,9185,2330,2026-03-10
群益新竹,1835.0,6,5,9186,2330,2026-03-10
群益新竹,1845.0,2111,0,9186,2330,2026-03-10
群益新竹,1855.0,1088,1000,9186,2330,2026-03-10
群益新竹,1865.0,267,98000,9186,2330,2026-03-10
群益新竹,1875.0,1578,1031,9186,2330,2026-03-10
群益新竹,1885.0,900,2127,9186,2330,2026-03-10
群益彰化,1835.0,58,0,9187,2330,2026-03-10
群益彰化,1845.0,13,0,9187,2330,2026-03-10
群益台南,1840.0,85,2050,9185,2330,2026-03-10
群益彰化,1855.0,1218,2050,9187,2330,2026-03-10
群益館前,1865.0,2459,180,913Y,2330,2026-03-10
群益館前,1845.0,6,53,913Y,2330,2026-03-10
群益屏東,1870.0,31,0,913H,2330,2026-03-10
群益屏東,1880.0,5309,1090,913H,2330,2026-03-10
群益屏東,1890.0,0,100,913H,2330,2026-03-10
群益萬華,1840.0,178,1000,913I,2330,2026-03-10
群益萬華,1850.0,7105,1000,913I,2330,2026-03-10
群益萬華,1860.0,430,0,913I,2330,2026-03-10
群益萬華,1870.0,2125,50,913I,2330,2026-03-10
群益萬華,1880.0,1158,4020,913I,2330,2026-03-10
群益萬華,1890.0,30,100,913I,2330,2026-03-10
群益土城,1840.0,3094,2500,913N,2330,2026-03-10
群益土城,1855.0,1106,0,913N,2330,2026-03-10
群益土城,1865.0,53,1131,913N,2330,2026-03-10
群益館前,1855.0,1355,65,913Y,2330,2026-03-10
群益土城,1875.0,2034,2229,913N,2330,2026-03-10
群益北高,1845.0,401,100,913R,2330,2026-03-10
群益北高,1855.0,154,264,913R,2330,2026-03-10
群益北高,1865.0,1050,510,913R,2330,2026-03-10
群益北高,1875.0,1342,2531,913R,2330,2026-03-10
群益北高,1885.0,35,2380,913R,2330,2026-03-10
群益崇德,1835.0,3308,100,913U,2330,2026-03-10
群益崇德,1845.0,64,0,913U,2330,2026-03-10
群益崇德,1855.0,1043,105,913U,2330,2026-03-10
群益崇德,1865.0,293,0,913U,2330,2026-03-10
群益崇德,1875.0,240,1125,913U,2330,2026-03-10
群益崇德,1885.0,138,2050,913U,2330,2026-03-10
群益館前,1835.0,142,0,913Y,2330,2026-03-10
群益土城,1885.0,77,1045,913N,2330,2026-03-10
群益南京,1870.0,121,1000,918E,2330,2026-03-10
群益彰化,1865.0,4181,50,9187,2330,2026-03-10
群益彰化,1885.0,656,212,9187,2330,2026-03-10
群益古亭,1830.0,0,2000,918C,2330,2026-03-10
群益古亭,1840.0,223,5322,918C,2330,2026-03-10
群益古亭,1850.0,708,1000,918C,2330,2026-03-10
群益古亭,1860.0,1787,3002,918C,2330,2026-03-10
群益古亭,1870.0,37355,1000,918C,2330,2026-03-10
群益古亭,1880.0,3896,3137,918C,2330,2026-03-10
群益古亭,1890.0,10,20,918C,2330,2026-03-10
群益內湖,1840.0,1,0,918d,2330,2026-03-10
群益內湖,1850.0,3203,0,918d,2330,2026-03-10
群益內湖,1860.0,350,3000,918d,2330,2026-03-10
群益內湖,1870.0,15,0,918d,2330,2026-03-10
群益內湖,1880.0,4212,2055,918d,2330,2026-03-10
群益鳳山,1885.0,779,1263,918c,2330,2026-03-10
群益東門,1835.0,572,100,918D,2330,2026-03-10
群益東門,1855.0,548,1220,918D,2330,2026-03-10
群益東門,1865.0,2038,5,918D,2330,2026-03-10
群益東門,1875.0,2244,1195,918D,2330,2026-03-10
群益東門,1885.0,3123,343,918D,2330,2026-03-10
群益大安,1845.0,10,0,918e,2330,2026-03-10
群益大安,1855.0,20011,0,918e,2330,2026-03-10
群益大安,1865.0,50022,10,918e,2330,2026-03-10
群益大安,1875.0,0,4000,918e,2330,2026-03-10
群益大安,1885.0,2,3,918e,2330,2026-03-10
群益南京,1830.0,0,1000,918E,2330,2026-03-10
群益南京,1840.0,1049,0,918E,2330,2026-03-10
群益南京,1850.0,33,0,918E,2330,2026-03-10
群益東門,1845.0,165,1100,918D,2330,2026-03-10
群益彰化,1875.0,1525,2171,9187,2330,2026-03-10
群益鳳山,1875.0,1180,3079,918c,2330,2026-03-10
群益鳳山,1855.0,238,1080,918c,2330,2026-03-10
群益三民,1835.0,37,0,9188,2330,2026-03-10
群益三民,1845.0,54,50,9188,2330,2026-03-10
群益三民,1855.0,10359,1000,9188,2330,2026-03-10
群益三民,1865.0,2222,110,9188,2330,2026-03-10
群益三民,1875.0,546,1124,9188,2330,2026-03-10
群益三民,1885.0,1106,1137,9188,2330,2026-03-10
群益桃園,1835.0,62,0,9189,2330,2026-03-10
群益桃園,1845.0,30,0,9189,2330,2026-03-10
群益桃園,1855.0,109,50,9189,2330,2026-03-10
群益桃園,1865.0,61,60000,9189,2330,2026-03-10
群益桃園,1875.0,1117,3322,9189,2330,2026-03-10
群益桃園,1885.0,1106,2404,9189,2330,2026-03-10
群益鳳山,1865.0,4110,105,918c,2330,2026-03-10
群益中壢,1835.0,3015,0,918A,2330,2026-03-10
群益中壢,1855.0,657,2031,918A,2330,2026-03-10
群益中壢,1865.0,395,12,918A,2330,2026-03-10
群益中壢,1875.0,244,4274,918A,2330,2026-03-10
群益中壢,1885.0,1089,2402,918A,2330,2026-03-10
群益板橋,1835.0,0,1000,918B,2330,2026-03-10
群益板橋,1845.0,0,4,918B,2330,2026-03-10
群益板橋,1855.0,61,50,918B,2330,2026-03-10
群益板橋,1865.0,203,30,918B,2330,2026-03-10
群益板橋,1875.0,415,201,918B,2330,2026-03-10
群益板橋,1885.0,56,1135,918B,2330,2026-03-10
群益鳳山,1835.0,1100,0,918c,2330,2026-03-10
群益鳳山,1845.0,19,305,918c,2330,2026-03-10
群益中壢,1845.0,9,1000,918A,2330,2026-03-10
光和田中,1860.0,449,0,6382,2330,2026-03-10
華南岡山,1885.0,3819,1576,9324,2330,2026-03-10
華南忠孝,1845.0,1,150,9325,2330,2026-03-10
元大發財,1890.0,1000,106,981E,2330,2026-03-10
元大福營,1835.0,52,0,981F,2330,2026-03-10
元大福營,1845.0,591,0,981F,2330,2026-03-10
元大福營,1855.0,1420,254,981F,2330,2026-03-10
元大福營,1865.0,5465,277,981F,2330,2026-03-10
元大福營,1875.0,1532,597,981F,2330,2026-03-10
元大福營,1885.0,838,2537,981F,2330,2026-03-10
元大大里,1835.0,1693,37,981g,2330,2026-03-10
元大大里,1845.0,276,320,981g,2330,2026-03-10
元大大里,1855.0,1590,508,981g,2330,2026-03-10
元大大里,1865.0,3868,1540,981g,2330,2026-03-10
元大大里,1875.0,7577,3483,981g,2330,2026-03-10
元大發財,1880.0,302,5698,981E,2330,2026-03-10
元大大里,1885.0,3951,3189,981g,2330,2026-03-10
元大彰化,1840.0,359,3100,981G,2330,2026-03-10
元大彰化,1850.0,1206,3062,981G,2330,2026-03-10
元大彰化,1860.0,909,1260,981G,2330,2026-03-10
元大彰化,1870.0,2368,100,981G,2330,2026-03-10
元大彰化,1880.0,830,2149,981G,2330,2026-03-10
元大彰化,1890.0,2,11,981G,2330,2026-03-10
元大屏生,1840.0,207,1210,981h,2330,2026-03-10
元大屏生,1850.0,676,0,981h,2330,2026-03-10
元大屏生,1860.0,288,0,981h,2330,2026-03-10
元大屏生,1870.0,359,1000,981h,2330,2026-03-10
元大屏生,1880.0,7111,66,981h,2330,2026-03-10
元大屏生,1890.0,72,0,981h,2330,2026-03-10
元大彰化,1830.0,20,0,981G,2330,2026-03-10
元大西螺,1840.0,73,0,981i,2330,2026-03-10
元大發財,1870.0,2112,3000,981E,2330,2026-03-10
元大發財,1850.0,253,0,981E,2330,2026-03-10
元大竹北,1835.0,352,0,981B,2330,2026-03-10
元大竹北,1845.0,1427,20,981B,2330,2026-03-10
元大竹北,1855.0,917,1046,981B,2330,2026-03-10
元大竹北,1865.0,1542,306,981B,2330,2026-03-10
元大竹北,1875.0,1866,4138,981B,2330,2026-03-10
元大竹北,1885.0,2146,2498,981B,2330,2026-03-10
元大路竹,1835.0,30,175,981C,2330,2026-03-10
元大路竹,1845.0,183,0,981C,2330,2026-03-10
元大路竹,1855.0,1267,2110,981C,2330,2026-03-10
元大路竹,1865.0,464,14,981C,2330,2026-03-10
元大路竹,1875.0,1530,1131,981C,2330,2026-03-10
元大路竹,1885.0,18319,1464,981C,2330,2026-03-10
元大發財,1860.0,257,0,981E,2330,2026-03-10
元大南投,1830.0,1,1000,981D,2330,2026-03-10
元大南投,1850.0,2923,100,981D,2330,2026-03-10
元大南投,1860.0,1668,30,981D,2330,2026-03-10
元大南投,1870.0,1150,100,981D,2330,2026-03-10
元大南投,1880.0,3790,3491,981D,2330,2026-03-10
元大南投,1890.0,37,20,981D,2330,2026-03-10
元大佳里,1840.0,347,50,981e,2330,2026-03-10
元大佳里,1850.0,632,110,981e,2330,2026-03-10
元大佳里,1860.0,1001,108,981e,2330,2026-03-10
元大佳里,1870.0,1305,7036,981e,2330,2026-03-10
元大佳里,1880.0,593,3454,981e,2330,2026-03-10
元大佳里,1890.0,6,5,981e,2330,2026-03-10
元大發財,1840.0,75,0,981E,2330,2026-03-10
元大南投,1840.0,2993,100,981D,2330,2026-03-10
元大三峽,1880.0,1766,2060,981A,2330,2026-03-10
元大西螺,1850.0,325,3000,981i,2330,2026-03-10
元大西螺,1870.0,46,0,981i,2330,2026-03-10
元大前金,1870.0,4621,3000,981m,2330,2026-03-10
元大前金,1880.0,2284,9522,981m,2330,2026-03-10
元大前金,1890.0,144,408,981m,2330,2026-03-10
元大苗栗,1840.0,1352,2,981M,2330,2026-03-10
元大苗栗,1850.0,2357,1100,981M,2330,2026-03-10
元大苗栗,1860.0,114,54,981M,2330,2026-03-10
元大苗栗,1870.0,1234,22000,981M,2330,2026-03-10
元大苗栗,1880.0,330,30,981M,2330,2026-03-10
元大苗栗,1890.0,250,0,981M,2330,2026-03-10
元大旗山,1840.0,1045,55,981n,2330,2026-03-10
元大旗山,1850.0,343,0,981n,2330,2026-03-10
元大旗山,1860.0,308,1212,981n,2330,2026-03-10
元大前金,1860.0,3605,7150,981m,2330,2026-03-10
元大旗山,1870.0,489,2000,981n,2330,2026-03-10
元大旗山,1890.0,201,0,981n,2330,2026-03-10
元大金門,1840.0,249,0,981N,2330,2026-03-10
元大金門,1850.0,322,1,981N,2330,2026-03-10
元大金門,1860.0,345,310,981N,2330,2026-03-10
元大金門,1870.0,246,2000,981N,2330,2026-03-10
元大金門,1880.0,603,240,981N,2330,2026-03-10
元大金門,1890.0,21,0,981N,2330,2026-03-10
元大松山,1840.0,1098,0,981p,2330,2026-03-10
元大松山,1850.0,2663,5005,981p,2330,2026-03-10
元大松山,1860.0,380,1119,981p,2330,2026-03-10
元大松山,1870.0,127,10,981p,2330,2026-03-10
元大松山,1880.0,3381,3018,981p,2330,2026-03-10
元大旗山,1880.0,1306,2425,981n,2330,2026-03-10
元大西螺,1860.0,80,360,981i,2330,2026-03-10
元大前金,1850.0,1465,70,981m,2330,2026-03-10
元大前金,1830.0,100,0,981m,2330,2026-03-10
元大西螺,1880.0,601,460,981i,2330,2026-03-10
元大西螺,1890.0,6,0,981i,2330,2026-03-10
元大天母,1835.0,2035,0,981I,2330,2026-03-10
元大天母,1845.0,521,0,981I,2330,2026-03-10
元大天母,1855.0,350,2109,981I,2330,2026-03-10
元大天母,1865.0,1816,1000,981I,2330,2026-03-10
元大天母,1875.0,5759,3223,981I,2330,2026-03-10
元大天母,1885.0,414,3467,981I,2330,2026-03-10
元大士林,1835.0,5019,0,981j,2330,2026-03-10
元大士林,1845.0,126,0,981j,2330,2026-03-10
元大士林,1855.0,2593,1000,981j,2330,2026-03-10
元大士林,1865.0,1609,0,981j,2330,2026-03-10
元大前金,1840.0,3396,5,981m,2330,2026-03-10
元大士林,1875.0,4472,3212,981j,2330,2026-03-10
元大林園,1835.0,13,35,981K,2330,2026-03-10
元大林園,1845.0,13,0,981K,2330,2026-03-10
元大林園,1855.0,127,4254,981K,2330,2026-03-10
元大林園,1865.0,1491,1005,981K,2330,2026-03-10
元大林園,1875.0,227,70,981K,2330,2026-03-10
元大林園,1885.0,265,251,981K,2330,2026-03-10
元大莒光,1835.0,1048,5,981L,2330,2026-03-10
元大莒光,1845.0,358,84,981L,2330,2026-03-10
元大莒光,1855.0,1706,2166,981L,2330,2026-03-10
元大莒光,1865.0,2200,51,981L,2330,2026-03-10
元大莒光,1875.0,23304,1603,981L,2330,2026-03-10
元大莒光,1885.0,2605,2587,981L,2330,2026-03-10
元大士林,1885.0,2034,6612,981j,2330,2026-03-10
元大松山,1890.0,0,10,981p,2330,2026-03-10
元大三峽,1870.0,3145,0,981A,2330,2026-03-10
元大三峽,1850.0,1187,0,981A,2330,2026-03-10
元大清水,1890.0,181,55,980e,2330,2026-03-10
元大台北,1835.0,87,0,980h,2330,2026-03-10
元大台北,1845.0,3866,2,980h,2330,2026-03-10
元大台北,1855.0,104371,3015,980h,2330,2026-03-10
元大台北,1865.0,2394,10,980h,2330,2026-03-10
元大台北,1875.0,1933,173,980h,2330,2026-03-10
元大台北,1885.0,4425,5320,980h,2330,2026-03-10
元大竹科,1835.0,242,3235,980K,2330,2026-03-10
元大竹科,1845.0,1329,2186,980K,2330,2026-03-10
元大竹科,1855.0,4163,20520,980K,2330,2026-03-10
元大竹科,1865.0,9646,2230,980K,2330,2026-03-10
元大竹科,1875.0,26414,6940,980K,2330,2026-03-10
元大清水,1880.0,1354,7577,980e,2330,2026-03-10
元大竹科,1885.0,2376,5866,980K,2330,2026-03-10
元大虎尾,1845.0,367,0,980l,2330,2026-03-10
元大虎尾,1855.0,300,91,980l,2330,2026-03-10
元大虎尾,1865.0,248,466,980l,2330,2026-03-10
元大虎尾,1875.0,458,1125,980l,2330,2026-03-10
元大虎尾,1885.0,340,2294,980l,2330,2026-03-10
元大南崁,1835.0,34,0,980Q,2330,2026-03-10
元大南崁,1845.0,1136,28,980Q,2330,2026-03-10
元大南崁,1855.0,461,67,980Q,2330,2026-03-10
元大南崁,1865.0,1686,197,980Q,2330,2026-03-10
元大南崁,1875.0,1808,1294,980Q,2330,2026-03-10
元大南崁,1885.0,1190,2523,980Q,2330,2026-03-10
元大南海,1835.0,75,10,980R,2330,2026-03-10
元大虎尾,1835.0,31,161,980l,2330,2026-03-10
元大南海,1845.0,9,0,980R,2330,2026-03-10
元大清水,1870.0,2255,30,980e,2330,2026-03-10
元大清水,1850.0,697,80,980e,2330,2026-03-10
元大中北,1835.0,103,3,980a,2330,2026-03-10
元大中北,1845.0,189,125,980a,2330,2026-03-10
元大中北,1855.0,2657,1353,980a,2330,2026-03-10
元大中北,1865.0,3306,1035,980a,2330,2026-03-10
元大中北,1875.0,2024,2320,980a,2330,2026-03-10
元大中北,1885.0,1883,2538,980a,2330,2026-03-10
元大斗六,1835.0,130,0,980C,2330,2026-03-10
元大斗六,1845.0,85,0,980C,2330,2026-03-10
元大斗六,1855.0,2393,148,980C,2330,2026-03-10
元大斗六,1865.0,402,1350,980C,2330,2026-03-10
元大斗六,1875.0,3135,2477,980C,2330,2026-03-10
元大斗六,1885.0,1188,292,980C,2330,2026-03-10
元大清水,1860.0,2049,50,980e,2330,2026-03-10
元大沙鹿,1835.0,449,1000,980d,2330,2026-03-10
元大沙鹿,1855.0,1892,526,980d,2330,2026-03-10
元大沙鹿,1865.0,1563,1152,980d,2330,2026-03-10
元大沙鹿,1875.0,7927,11301,980d,2330,2026-03-10
元大沙鹿,1885.0,1089,3353,980d,2330,2026-03-10
元大北府,1830.0,1000,0,980D,2330,2026-03-10
元大北府,1840.0,477,50,980D,2330,2026-03-10
元大北府,1850.0,642,25,980D,2330,2026-03-10
元大北府,1860.0,1023,163,980D,2330,2026-03-10
元大北府,1870.0,3380,0,980D,2330,2026-03-10
元大北府,1880.0,3287,2612,980D,2330,2026-03-10
元大北府,1890.0,1000,5,980D,2330,2026-03-10
元大清水,1840.0,337,5,980e,2330,2026-03-10
元大沙鹿,1845.0,440,430,980d,2330,2026-03-10
元大三峽,1860.0,94,0,981A,2330,2026-03-10
元大南海,1855.0,137,100,980R,2330,2026-03-10
元大南海,1875.0,348,40,980R,2330,2026-03-10
元大大灣,1835.0,315,0,9815,2330,2026-03-10
元大大灣,1845.0,252,24,9815,2330,2026-03-10
元大大灣,1855.0,1153,1013,9815,2330,2026-03-10
元大大灣,1865.0,138,133,9815,2330,2026-03-10
元大大灣,1875.0,6361,1695,9815,2330,2026-03-10
元大大灣,1885.0,726,324,9815,2330,2026-03-10
元大新竹,1835.0,96,0,9816,2330,2026-03-10
元大新竹,1845.0,329,301,9816,2330,2026-03-10
元大新竹,1855.0,1486,1015,9816,2330,2026-03-10
元大新竹,1865.0,1416,1010,9816,2330,2026-03-10
元大新竹,1875.0,3522,3159,9816,2330,2026-03-10
元大新竹,1885.0,5400,2678,9816,2330,2026-03-10
元大大益,1885.0,763,5794,9814,2330,2026-03-10
元大東泰,1835.0,3151,70,9817,2330,2026-03-10
元大東泰,1855.0,788,180,9817,2330,2026-03-10
元大東泰,1865.0,954,373,9817,2330,2026-03-10
元大東泰,1875.0,2343,2376,9817,2330,2026-03-10
元大東泰,1885.0,2268,3844,9817,2330,2026-03-10
元大歸仁,1835.0,74,1050,981a,2330,2026-03-10
元大歸仁,1845.0,915,300,981a,2330,2026-03-10
元大歸仁,1855.0,344,228,981a,2330,2026-03-10
元大歸仁,1865.0,1175,153,981a,2330,2026-03-10
元大歸仁,1875.0,2765,5330,981a,2330,2026-03-10
元大歸仁,1885.0,1308,4867,981a,2330,2026-03-10
元大三峽,1830.0,5,0,981A,2330,2026-03-10
元大三峽,1840.0,1155,0,981A,2330,2026-03-10
元大東泰,1845.0,142,10,9817,2330,2026-03-10
元大南海,1865.0,46,50,980R,2330,2026-03-10
元大大益,1875.0,1792,8256,9814,2330,2026-03-10
元大大益,1855.0,1173,150,9814,2330,2026-03-10
元大南海,1885.0,553,134,980R,2330,2026-03-10
元大府城,1840.0,448,412,980u,2330,2026-03-10
元大府城,1850.0,1219,82,980u,2330,2026-03-10
元大府城,1860.0,2632,477,980u,2330,2026-03-10
元大府城,1870.0,1050,30000,980u,2330,2026-03-10
元大府城,1880.0,1476,15325,980u,2330,2026-03-10
元大西屯,1835.0,27,0,980w,2330,2026-03-10
元大西屯,1845.0,112,100,980w,2330,2026-03-10
元大西屯,1855.0,537,45060,980w,2330,2026-03-10
元大西屯,1865.0,11226,2064,980w,2330,2026-03-10
元大西屯,1875.0,23861,4368,980w,2330,2026-03-10
元大西屯,1885.0,7819,8194,980w,2330,2026-03-10
元大大益,1865.0,1131,17,9814,2330,2026-03-10
元大台中,1835.0,1074,5,9812,2330,2026-03-10
元大台中,1855.0,713,1021,9812,2330,2026-03-10
元大台中,1865.0,490,50,9812,2330,2026-03-10
元大台中,1875.0,2140,2590,9812,2330,2026-03-10
元大台中,1885.0,1740,6848,9812,2330,2026-03-10
元大八德,1835.0,133,1,9813,2330,2026-03-10
元大八德,1845.0,224,100,9813,2330,2026-03-10
元大八德,1855.0,6307,1000,9813,2330,2026-03-10
元大八德,1865.0,323,1011,9813,2330,2026-03-10
元大八德,1875.0,1715,1174,9813,2330,2026-03-10
元大八德,1885.0,2731,103,9813,2330,2026-03-10
元大大益,1835.0,3053,0,9814,2330,2026-03-10
元大大益,1845.0,655,100,9814,2330,2026-03-10
元大台中,1845.0,357,1,9812,2330,2026-03-10
元大松江,1885.0,6747,7141,9801,2330,2026-03-10
元大萬華,1840.0,1325,2020,981q,2330,2026-03-10
元大萬華,1860.0,614,117,981q,2330,2026-03-10
元大林森,1880.0,1746,4150,983B,2330,2026-03-10
元大林森,1890.0,67,0,983B,2330,2026-03-10
元大竹東,1840.0,1131,8,983f,2330,2026-03-10
元大竹東,1850.0,3394,90,983f,2330,2026-03-10
元大竹東,1860.0,693,2005,983f,2330,2026-03-10
元大竹東,1870.0,4120,0,983f,2330,2026-03-10
元大竹東,1880.0,407,236,983f,2330,2026-03-10
元大竹東,1890.0,10,51,983f,2330,2026-03-10
元大上新,1840.0,319,40,983G,2330,2026-03-10
元大上新,1850.0,1304,0,983G,2330,2026-03-10
元大上新,1860.0,1388,1020,983G,2330,2026-03-10
元大上新,1870.0,5214,0,983G,2330,2026-03-10
元大林森,1870.0,2274,1050,983B,2330,2026-03-10
元大上新,1880.0,3620,7217,983G,2330,2026-03-10
元大大雅,1835.0,90,1900,983i,2330,2026-03-10
元大大雅,1845.0,53,10,983i,2330,2026-03-10
元大大雅,1855.0,3122,19,983i,2330,2026-03-10
元大大雅,1865.0,2335,1011,983i,2330,2026-03-10
元大大雅,1875.0,1690,2538,983i,2330,2026-03-10
元大大雅,1885.0,1495,3656,983i,2330,2026-03-10
元大仁愛,1835.0,35,30,983j,2330,2026-03-10
元大仁愛,1845.0,181,5,983j,2330,2026-03-10
元大仁愛,1855.0,644,3000,983j,2330,2026-03-10
元大仁愛,1865.0,2904,85,983j,2330,2026-03-10
元大仁愛,1875.0,7584,1647,983j,2330,2026-03-10
元大仁愛,1885.0,455,2318,983j,2330,2026-03-10
元大上新,1890.0,5,1,983G,2330,2026-03-10
元大學甲,1835.0,158,0,983K,2330,2026-03-10
元大林森,1860.0,1739,0,983B,2330,2026-03-10
元大林森,1840.0,413,0,983B,2330,2026-03-10
元大敦化,1890.0,60,0,9833,2330,2026-03-10
元大中壢,1840.0,5318,4412,9834,2330,2026-03-10
元大中壢,1850.0,3500,2325,9834,2330,2026-03-10
元大中壢,1860.0,2167,152,9834,2330,2026-03-10
元大中壢,1870.0,6426,6046,9834,2330,2026-03-10
元大中壢,1880.0,9237,4367,9834,2330,2026-03-10
元大中壢,1890.0,168,927,9834,2330,2026-03-10
元大中山,1840.0,221,0,9835,2330,2026-03-10
元大中山,1850.0,375,10150,9835,2330,2026-03-10
元大中山,1860.0,444,0,9835,2330,2026-03-10
元大中山,1870.0,11260,5010,9835,2330,2026-03-10
元大中山,1880.0,1707,246,9835,2330,2026-03-10
元大林森,1850.0,437,0,983B,2330,2026-03-10
元大中山,1890.0,563,10,9835,2330,2026-03-10
元大北港,1845.0,1051,4520,9837,2330,2026-03-10
元大北港,1855.0,4097,1230,9837,2330,2026-03-10
元大北港,1865.0,3100,2200,9837,2330,2026-03-10
元大北港,1875.0,1439,3505,9837,2330,2026-03-10
元大北港,1885.0,1857,1420,9837,2330,2026-03-10
元大豐原,1835.0,1030,0,9838,2330,2026-03-10
元大豐原,1845.0,2163,1020,9838,2330,2026-03-10
元大豐原,1855.0,1391,173,9838,2330,2026-03-10
元大豐原,1865.0,2412,1,9838,2330,2026-03-10
元大豐原,1875.0,2437,2918,9838,2330,2026-03-10
元大豐原,1885.0,1714,3690,9838,2330,2026-03-10
元大林森,1830.0,1,0,983B,2330,2026-03-10
元大北港,1835.0,3038,0,9837,2330,2026-03-10
元大敦化,1880.0,4874,2078,9833,2330,2026-03-10
元大學甲,1845.0,21,30,983K,2330,2026-03-10
元大學甲,1865.0,47,0,983K,2330,2026-03-10
元大德芳,1870.0,1622,0,983W,2330,2026-03-10
元大德芳,1880.0,1157,495,983W,2330,2026-03-10
元大德芳,1890.0,100,20,983W,2330,2026-03-10
元大鳳山,1835.0,54,0,983Z,2330,2026-03-10
元大鳳山,1845.0,298,1004,983Z,2330,2026-03-10
元大鳳山,1855.0,1010,1002,983Z,2330,2026-03-10
元大鳳山,1865.0,331,3015,983Z,2330,2026-03-10
元大鳳山,1875.0,6303,16202,983Z,2330,2026-03-10
元大鳳山,1885.0,3756,10424,983Z,2330,2026-03-10
元大大直,1835.0,5,1,9846,2330,2026-03-10
元大大直,1845.0,66,0,9846,2330,2026-03-10
元大大直,1855.0,55,0,9846,2330,2026-03-10
元大德芳,1860.0,1450,20,983W,2330,2026-03-10
元大大直,1865.0,410,0,9846,2330,2026-03-10
元大大直,1885.0,122,19,9846,2330,2026-03-10
元大新中,1835.0,1118,0,984C,2330,2026-03-10
元大新中,1845.0,649,30,984C,2330,2026-03-10
元大新中,1855.0,950,0,984C,2330,2026-03-10
元大新中,1865.0,581,820,984C,2330,2026-03-10
元大新中,1875.0,1579,51,984C,2330,2026-03-10
元大新中,1885.0,2197,2108,984C,2330,2026-03-10
元大南勢,1835.0,10,0,984E,2330,2026-03-10
元大南勢,1845.0,126,0,984E,2330,2026-03-10
光和和美,1845.0,30,0,6383,2330,2026-03-10
光和和美,1835.0,10,0,6383,2330,2026-03-10
光和田中,1880.0,55,3000,6382,2330,2026-03-10
元大大直,1875.0,26,20,9846,2330,2026-03-10
元大學甲,1855.0,247,130,983K,2330,2026-03-10
元大德芳,1850.0,949,86,983W,2330,2026-03-10
元大竹南,1890.0,18,10,983V,2330,2026-03-10
元大學甲,1875.0,191,200,983K,2330,2026-03-10
元大學甲,1885.0,129,356,983K,2330,2026-03-10
元大木柵,1835.0,44,0,983M,2330,2026-03-10
元大木柵,1845.0,140,0,983M,2330,2026-03-10
元大木柵,1855.0,1511,0,983M,2330,2026-03-10
元大木柵,1865.0,147,1008,983M,2330,2026-03-10
元大木柵,1875.0,456,1110,983M,2330,2026-03-10
元大木柵,1885.0,375,1410,983M,2330,2026-03-10
元大大安,1835.0,12,0,983N,2330,2026-03-10
元大大安,1845.0,212,0,983N,2330,2026-03-10
元大大安,1855.0,1178,11,983N,2330,2026-03-10
元大大安,1865.0,1113,0,983N,2330,2026-03-10
元大德芳,1840.0,711,205,983W,2330,2026-03-10
元大大安,1875.0,1088,300,983N,2330,2026-03-10
元大頭份,1835.0,7,15,983U,2330,2026-03-10
元大頭份,1845.0,264,150,983U,2330,2026-03-10
元大頭份,1855.0,467,289,983U,2330,2026-03-10
元大頭份,1865.0,194,167,983U,2330,2026-03-10
元大頭份,1875.0,1507,214,983U,2330,2026-03-10
元大頭份,1885.0,449,1095,983U,2330,2026-03-10
元大竹南,1830.0,1,0,983V,2330,2026-03-10
元大竹南,1840.0,308,25,983V,2330,2026-03-10
元大竹南,1850.0,3154,100,983V,2330,2026-03-10
元大竹南,1860.0,571,1700,983V,2330,2026-03-10
元大竹南,1870.0,157,0,983V,2330,2026-03-10
元大竹南,1880.0,1937,8833,983V,2330,2026-03-10
元大大安,1885.0,286,1031,983N,2330,2026-03-10
元大萬華,1850.0,2396,1050,981q,2330,2026-03-10
元大敦化,1870.0,52400,3000,9833,2330,2026-03-10
元大敦化,1850.0,1554,1078,9833,2330,2026-03-10
元大華山,1870.0,2125,40,981U,2330,2026-03-10
元大華山,1880.0,10483,1762,981U,2330,2026-03-10
元大華山,1890.0,55,1,981U,2330,2026-03-10
元大民雄,1840.0,257,6,981V,2330,2026-03-10
元大民雄,1850.0,80,0,981V,2330,2026-03-10
元大民雄,1860.0,141,25,981V,2330,2026-03-10
元大民雄,1870.0,2413,2050,981V,2330,2026-03-10
元大民雄,1880.0,1341,296,981V,2330,2026-03-10
元大新生,1835.0,3028,0,981X,2330,2026-03-10
元大新生,1845.0,21,20,981X,2330,2026-03-10
元大新生,1855.0,76,3000,981X,2330,2026-03-10
元大新生,1865.0,199,0,981X,2330,2026-03-10
元大華山,1860.0,666,0,981U,2330,2026-03-10
元大新生,1875.0,121,4030,981X,2330,2026-03-10
元大善化,1840.0,2312,1317,981y,2330,2026-03-10
元大善化,1850.0,6521,1201,981y,2330,2026-03-10
元大善化,1860.0,2744,184,981y,2330,2026-03-10
元大善化,1870.0,7180,2245,981y,2330,2026-03-10
元大善化,1880.0,5219,4375,981y,2330,2026-03-10
元大善化,1890.0,111,2,981y,2330,2026-03-10
元大大統,1840.0,1209,1000,981z,2330,2026-03-10
元大大統,1850.0,4477,3,981z,2330,2026-03-10
元大大統,1860.0,3040,117,981z,2330,2026-03-10
元大大統,1870.0,312,72,981z,2330,2026-03-10
元大大統,1880.0,21736,63,981z,2330,2026-03-10
元大大統,1890.0,20,2012,981z,2330,2026-03-10
元大新生,1885.0,1324,297,981X,2330,2026-03-10
元大潮州,1840.0,719,710,981Z,2330,2026-03-10
元大華山,1850.0,440,1000,981U,2330,2026-03-10
元大崇德,1890.0,20,10,981S,2330,2026-03-10
元大萬華,1870.0,21344,4,981q,2330,2026-03-10
元大萬華,1880.0,1968,6764,981q,2330,2026-03-10
元大萬華,1890.0,50,0,981q,2330,2026-03-10
元大太平,1840.0,1177,0,981Q,2330,2026-03-10
元大太平,1850.0,728,0,981Q,2330,2026-03-10
元大太平,1860.0,1131,204,981Q,2330,2026-03-10
元大太平,1870.0,504,60,981Q,2330,2026-03-10
元大太平,1880.0,3130,1732,981Q,2330,2026-03-10
元大太平,1890.0,5,0,981Q,2330,2026-03-10
元大屏南,1840.0,321,0,981r,2330,2026-03-10
元大屏南,1850.0,386,0,981r,2330,2026-03-10
元大屏南,1860.0,512,200,981r,2330,2026-03-10
元大華山,1840.0,1243,0,981U,2330,2026-03-10
元大屏南,1870.0,165,0,981r,2330,2026-03-10
元大屏南,1890.0,20,30,981r,2330,2026-03-10
元大竹山,1840.0,310,0,981R,2330,2026-03-10
元大竹山,1850.0,1731,0,981R,2330,2026-03-10
元大竹山,1860.0,619,0,981R,2330,2026-03-10
元大竹山,1870.0,352,2010,981R,2330,2026-03-10
元大竹山,1880.0,1692,318,981R,2330,2026-03-10
元大竹山,1890.0,70,0,981R,2330,2026-03-10
元大崇德,1840.0,1208,1320,981S,2330,2026-03-10
元大崇德,1850.0,2135,9000,981S,2330,2026-03-10
元大崇德,1860.0,886,28,981S,2330,2026-03-10
元大崇德,1870.0,3684,2000,981S,2330,2026-03-10
元大崇德,1880.0,2288,1640,981S,2330,2026-03-10
元大屏南,1880.0,7198,1601,981r,2330,2026-03-10
元大敦化,1860.0,1420,72,9833,2330,2026-03-10
元大潮州,1850.0,40,0,981Z,2330,2026-03-10
元大潮州,1870.0,692,0,981Z,2330,2026-03-10
元大羅東,1885.0,2177,675,982A,2330,2026-03-10
元大博愛,1835.0,1393,0,982B,2330,2026-03-10
元大博愛,1845.0,2675,741,982B,2330,2026-03-10
元大博愛,1855.0,2683,1138,982B,2330,2026-03-10
元大博愛,1865.0,1847,113,982B,2330,2026-03-10
元大博愛,1875.0,8549,2629,982B,2330,2026-03-10
元大博愛,1885.0,2424,3415,982B,2330,2026-03-10
元大六合,1835.0,152,20,982C,2330,2026-03-10
元大六合,1845.0,70,10,982C,2330,2026-03-10
元大六合,1855.0,273,2086,982C,2330,2026-03-10
元大六合,1865.0,4130,720,982C,2330,2026-03-10
元大六合,1875.0,5133,1096,982C,2330,2026-03-10
元大羅東,1875.0,74589,3430,982A,2330,2026-03-10
元大六合,1885.0,3343,5124,982C,2330,2026-03-10
元大忠鼎,1850.0,2057,0,982F,2330,2026-03-10
元大忠鼎,1860.0,2640,1000,982F,2330,2026-03-10
元大忠鼎,1870.0,1130,2000,982F,2330,2026-03-10
元大忠鼎,1880.0,1048,1000,982F,2330,2026-03-10
元大四維,1835.0,88,0,9831,2330,2026-03-10
元大四維,1845.0,489,1270,9831,2330,2026-03-10
元大四維,1855.0,2564,326,9831,2330,2026-03-10
元大四維,1865.0,493,1222,9831,2330,2026-03-10
元大四維,1875.0,2558,5007,9831,2330,2026-03-10
元大四維,1885.0,15443,4028,9831,2330,2026-03-10
元大敦化,1830.0,2,0,9833,2330,2026-03-10
元大敦化,1840.0,222,1000,9833,2330,2026-03-10
元大忠鼎,1835.0,105,0,982F,2330,2026-03-10
元大潮州,1860.0,1365,101,981Z,2330,2026-03-10
元大羅東,1865.0,3654,425,982A,2330,2026-03-10
元大羅東,1845.0,2249,125,982A,2330,2026-03-10
元大潮州,1880.0,2480,511,981Z,2330,2026-03-10
元大潮州,1890.0,3,0,981Z,2330,2026-03-10
元大學府,1840.0,2110,0,9822,2330,2026-03-10
元大學府,1850.0,1326,1000,9822,2330,2026-03-10
元大學府,1860.0,1228,200,9822,2330,2026-03-10
元大學府,1870.0,1132,200,9822,2330,2026-03-10
元大學府,1880.0,1126,166,9822,2330,2026-03-10
元大學府,1890.0,50,0,9822,2330,2026-03-10
元大向上,1840.0,762,0,9824,2330,2026-03-10
元大向上,1850.0,170,5,9824,2330,2026-03-10
元大向上,1860.0,101,32,9824,2330,2026-03-10
元大向上,1870.0,3317,0,9824,2330,2026-03-10
元大羅東,1855.0,2266,1273,982A,2330,2026-03-10
元大向上,1880.0,1627,55,9824,2330,2026-03-10
元大新營,1845.0,309,60,9825,2330,2026-03-10
元大新營,1855.0,552,1030,9825,2330,2026-03-10
元大新營,1865.0,561,155,9825,2330,2026-03-10
元大新營,1875.0,2983,1393,9825,2330,2026-03-10
元大新營,1885.0,1951,1220,9825,2330,2026-03-10
元大永康,1835.0,45,0,9829,2330,2026-03-10
元大永康,1845.0,938,120,9829,2330,2026-03-10
元大永康,1855.0,312,1457,9829,2330,2026-03-10
元大永康,1865.0,1495,1044,9829,2330,2026-03-10
元大永康,1875.0,1845,2683,9829,2330,2026-03-10
元大永康,1885.0,1210,2279,9829,2330,2026-03-10
元大羅東,1835.0,3073,1,982A,2330,2026-03-10
元大新營,1835.0,2050,0,9825,2330,2026-03-10
華南忠孝,1835.0,21,0,9325,2330,2026-03-10
元大松江,1875.0,2365,2174,9801,2330,2026-03-10
元大松江,1855.0,1168,10,9801,2330,2026-03-10
富邦台東,1850.0,2371,0,9608,2330,2026-03-10
富邦台東,1860.0,101,15,9608,2330,2026-03-10
富邦台東,1870.0,90,0,9608,2330,2026-03-10
富邦台東,1880.0,1806,50,9608,2330,2026-03-10
富邦基隆,1835.0,116,0,9614,2330,2026-03-10
富邦基隆,1845.0,1,0,9614,2330,2026-03-10
富邦基隆,1855.0,694,40,9614,2330,2026-03-10
富邦基隆,1865.0,260,500,9614,2330,2026-03-10
富邦基隆,1875.0,1030,410,9614,2330,2026-03-10
富邦基隆,1885.0,723,138,9614,2330,2026-03-10
富邦岡山,1835.0,56,40,9616,2330,2026-03-10
富邦岡山,1845.0,5,10030,9616,2330,2026-03-10
富邦台東,1840.0,70,0,9608,2330,2026-03-10
富邦岡山,1855.0,127,15,9616,2330,2026-03-10
富邦岡山,1875.0,1365,132,9616,2330,2026-03-10
富邦岡山,1885.0,20068,164,9616,2330,2026-03-10
富邦南京,1835.0,1577,10000,961C,2330,2026-03-10
富邦南京,1845.0,1771,30,961C,2330,2026-03-10
富邦南京,1855.0,4731,1245,961C,2330,2026-03-10
富邦南京,1865.0,2246,1033,961C,2330,2026-03-10
富邦南京,1875.0,2860,6430,961C,2330,2026-03-10
富邦南京,1885.0,1531,2110,961C,2330,2026-03-10
富邦公益,1835.0,1283,0,961F,2330,2026-03-10
富邦公益,1845.0,262,370,961F,2330,2026-03-10
富邦公益,1855.0,344,130,961F,2330,2026-03-10
富邦公益,1865.0,627,8,961F,2330,2026-03-10
富邦岡山,1865.0,27,2001,9616,2330,2026-03-10
富邦公益,1875.0,3056,4096,961F,2330,2026-03-10
富邦陽明,1890.0,256,60,9604,2330,2026-03-10
富邦陽明,1870.0,20683,10106,9604,2330,2026-03-10
華南三重,1860.0,75,5,9369,2330,2026-03-10
華南三重,1870.0,1023,1000,9369,2330,2026-03-10
華南三重,1880.0,823,1002,9369,2330,2026-03-10
華南三重,1890.0,1,1000,9369,2330,2026-03-10
華南虎尾,1840.0,396,1245,9377,2330,2026-03-10
華南虎尾,1850.0,2023,1000,9377,2330,2026-03-10
華南虎尾,1860.0,725,5,9377,2330,2026-03-10
華南虎尾,1870.0,1154,0,9377,2330,2026-03-10
華南虎尾,1880.0,1104,1009,9377,2330,2026-03-10
華南虎尾,1890.0,133,0,9377,2330,2026-03-10
華南東昇,1840.0,1151,23,9386,2330,2026-03-10
華南東昇,1850.0,3244,606,9386,2330,2026-03-10
富邦陽明,1880.0,13134,7188,9604,2330,2026-03-10
華南東昇,1860.0,1451,205,9386,2330,2026-03-10
華南東昇,1880.0,174,2306,9386,2330,2026-03-10
華南東昇,1890.0,6,45,9386,2330,2026-03-10
富邦,1835.0,16168,323008,9600,2330,2026-03-10
富邦,1845.0,9431,81104,9600,2330,2026-03-10
富邦,1855.0,79349,531028,9600,2330,2026-03-10
富邦,1865.0,101492,111022,9600,2330,2026-03-10
富邦,1875.0,162297,222215,9600,2330,2026-03-10
富邦,1885.0,108369,78552,9600,2330,2026-03-10
富邦陽明,1830.0,11,0,9604,2330,2026-03-10
富邦陽明,1840.0,5604,3215,9604,2330,2026-03-10
富邦陽明,1850.0,15204,222,9604,2330,2026-03-10
富邦陽明,1860.0,5779,13102,9604,2330,2026-03-10
華南東昇,1870.0,2050,2000,9386,2330,2026-03-10
華南三重,1850.0,1437,0,9369,2330,2026-03-10
富邦公益,1885.0,3462,4644,961F,2330,2026-03-10
富邦新板,1845.0,1322,78,961H,2330,2026-03-10
富邦南員,1860.0,53344,10,961R,2330,2026-03-10
富邦南員,1870.0,2217,1536,961R,2330,2026-03-10
富邦南員,1880.0,404,2385,961R,2330,2026-03-10
富邦南員,1890.0,10,1,961R,2330,2026-03-10
富邦屏東,1840.0,670,0,961Y,2330,2026-03-10
富邦屏東,1850.0,178,30,961Y,2330,2026-03-10
富邦屏東,1860.0,102,85,961Y,2330,2026-03-10
富邦屏東,1870.0,196,0,961Y,2330,2026-03-10
富邦屏東,1880.0,891,20,961Y,2330,2026-03-10
富邦屏東,1890.0,50,0,961Y,2330,2026-03-10
富邦永康,1840.0,209,0,961Z,2330,2026-03-10
富邦永康,1850.0,3136,10003,961Z,2330,2026-03-10
富邦南員,1850.0,4199,1000,961R,2330,2026-03-10
富邦永康,1860.0,5741,72,961Z,2330,2026-03-10
富邦永康,1880.0,8955,3542,961Z,2330,2026-03-10
富邦永康,1890.0,0,5,961Z,2330,2026-03-10
富邦花蓮,1840.0,2391,0,9621,2330,2026-03-10
富邦花蓮,1850.0,2169,100,9621,2330,2026-03-10
富邦花蓮,1860.0,3640,1005,9621,2330,2026-03-10
富邦花蓮,1870.0,2125,3000,9621,2330,2026-03-10
富邦花蓮,1880.0,2111,4262,9621,2330,2026-03-10
富邦花蓮,1890.0,316,5,9621,2330,2026-03-10
富邦台北,1840.0,5710,3203,9623,2330,2026-03-10
富邦台北,1850.0,13326,550,9623,2330,2026-03-10
富邦台北,1860.0,8554,3033,9623,2330,2026-03-10
富邦台北,1870.0,39104,5050,9623,2330,2026-03-10
富邦永康,1870.0,1162,1011,961Z,2330,2026-03-10
富邦新板,1835.0,32,50,961H,2330,2026-03-10
富邦南員,1840.0,1265,0,961R,2330,2026-03-10
富邦和美,1880.0,2389,313,961P,2330,2026-03-10
富邦新板,1855.0,544,175,961H,2330,2026-03-10
富邦新板,1865.0,2002,1505,961H,2330,2026-03-10
富邦新板,1875.0,6590,2930,961H,2330,2026-03-10
富邦新板,1885.0,380,3761,961H,2330,2026-03-10
富邦七賢,1835.0,36,75,961K,2330,2026-03-10
富邦七賢,1845.0,1093,37,961K,2330,2026-03-10
富邦七賢,1855.0,197,100,961K,2330,2026-03-10
富邦七賢,1865.0,1407,40,961K,2330,2026-03-10
富邦七賢,1875.0,2347,7362,961K,2330,2026-03-10
富邦七賢,1885.0,1057,1424,961K,2330,2026-03-10
富邦木柵,1835.0,86,0,961M,2330,2026-03-10
富邦木柵,1845.0,315,10,961M,2330,2026-03-10
富邦和美,1890.0,1005,170,961P,2330,2026-03-10
富邦木柵,1855.0,4285,130,961M,2330,2026-03-10
富邦木柵,1875.0,4421,3339,961M,2330,2026-03-10
富邦木柵,1885.0,1415,1487,961M,2330,2026-03-10
富邦青埔,1840.0,1590,83,961N,2330,2026-03-10
富邦青埔,1850.0,304,2020,961N,2330,2026-03-10
富邦青埔,1860.0,365,130,961N,2330,2026-03-10
富邦青埔,1870.0,4478,145,961N,2330,2026-03-10
富邦青埔,1880.0,1457,2035,961N,2330,2026-03-10
富邦青埔,1890.0,206,0,961N,2330,2026-03-10
富邦和美,1840.0,391,0,961P,2330,2026-03-10
富邦和美,1850.0,1613,2000,961P,2330,2026-03-10
富邦和美,1860.0,679,43,961P,2330,2026-03-10
富邦和美,1870.0,140,1000,961P,2330,2026-03-10
富邦木柵,1865.0,1416,55,961M,2330,2026-03-10
富邦台北,1880.0,10835,14981,9623,2330,2026-03-10
華南三重,1840.0,65,0,9369,2330,2026-03-10
華南豐原,1875.0,243,2105,9366,2330,2026-03-10
華南鳳山,1855.0,2358,3,9331,2330,2026-03-10
華南鳳山,1865.0,317,0,9331,2330,2026-03-10
華南鳳山,1875.0,1321,2342,9331,2330,2026-03-10
華南鳳山,1885.0,1189,4392,9331,2330,2026-03-10
華南楠梓,1835.0,1063,1022,9332,2330,2026-03-10
華南楠梓,1845.0,212,35,9332,2330,2026-03-10
華南楠梓,1855.0,2250,100,9332,2330,2026-03-10
華南楠梓,1865.0,1156,200,9332,2330,2026-03-10
華南楠梓,1875.0,3309,3655,9332,2330,2026-03-10
華南楠梓,1885.0,1675,1642,9332,2330,2026-03-10
華南長虹,1835.0,52,0,9333,2330,2026-03-10
華南長虹,1845.0,9,0,9333,2330,2026-03-10
華南鳳山,1845.0,7395,5200,9331,2330,2026-03-10
華南長虹,1855.0,1368,91,9333,2330,2026-03-10
華南長虹,1875.0,4145,4133,9333,2330,2026-03-10
華南長虹,1885.0,372,117,9333,2330,2026-03-10
華南世貿,1835.0,1100,0,9334,2330,2026-03-10
華南世貿,1845.0,1330,0,9334,2330,2026-03-10
華南世貿,1855.0,157,2000,9334,2330,2026-03-10
華南世貿,1865.0,1119,0,9334,2330,2026-03-10
華南世貿,1875.0,2257,2181,9334,2330,2026-03-10
華南世貿,1885.0,2046,30,9334,2330,2026-03-10
華南內壢,1835.0,65,0,9337,2330,2026-03-10
華南內壢,1845.0,74,20,9337,2330,2026-03-10
華南內壢,1855.0,20,0,9337,2330,2026-03-10
華南內壢,1865.0,124,1020,9337,2330,2026-03-10
華南長虹,1865.0,1418,1,9333,2330,2026-03-10
華南內壢,1875.0,224,141,9337,2330,2026-03-10
華南鳳山,1835.0,10,0,9331,2330,2026-03-10
華南朴子,1875.0,1431,1072,9329,2330,2026-03-10
華南忠孝,1855.0,5,0,9325,2330,2026-03-10
華南忠孝,1865.0,1113,10,9325,2330,2026-03-10
華南忠孝,1875.0,1005,0,9325,2330,2026-03-10
華南忠孝,1885.0,3020,2000,9325,2330,2026-03-10
華南南京,1835.0,10311,4,9326,2330,2026-03-10
華南南京,1845.0,1162,500,9326,2330,2026-03-10
華南南京,1855.0,1737,101,9326,2330,2026-03-10
華南南京,1865.0,2424,12,9326,2330,2026-03-10
華南南京,1875.0,11705,5246,9326,2330,2026-03-10
華南南京,1885.0,3748,29694,9326,2330,2026-03-10
華南斗六,1835.0,4,0,9327,2330,2026-03-10
華南斗六,1845.0,40,76,9327,2330,2026-03-10
華南朴子,1885.0,1112,72,9329,2330,2026-03-10
華南斗六,1855.0,203,0,9327,2330,2026-03-10
華南斗六,1875.0,95,2052,9327,2330,2026-03-10
華南斗六,1885.0,2307,3212,9327,2330,2026-03-10
華南潮州,1835.0,2120,0,9328,2330,2026-03-10
華南潮州,1845.0,169,555,9328,2330,2026-03-10
華南潮州,1855.0,140,0,9328,2330,2026-03-10
華南潮州,1865.0,122,0,9328,2330,2026-03-10
華南潮州,1875.0,404,1340,9328,2330,2026-03-10
華南潮州,1885.0,113,10391,9328,2330,2026-03-10
華南朴子,1835.0,225,0,9329,2330,2026-03-10
華南朴子,1845.0,11,0,9329,2330,2026-03-10
華南朴子,1855.0,355,9,9329,2330,2026-03-10
華南朴子,1865.0,175,0,9329,2330,2026-03-10
華南斗六,1865.0,143,10,9327,2330,2026-03-10
華南豐原,1885.0,65,3504,9366,2330,2026-03-10
華南內壢,1885.0,2091,400,9337,2330,2026-03-10
華南竹北,1845.0,3,37,9339,2330,2026-03-10
華南東勢,1850.0,123,0,9358,2330,2026-03-10
華南東勢,1860.0,972,3000,9358,2330,2026-03-10
華南東勢,1870.0,1032,0,9358,2330,2026-03-10
華南東勢,1880.0,166,1070,9358,2330,2026-03-10
華南中正,1835.0,5068,1000,9359,2330,2026-03-10
華南中正,1845.0,101,0,9359,2330,2026-03-10
華南中正,1855.0,110,1005,9359,2330,2026-03-10
華南中正,1865.0,548,41,9359,2330,2026-03-10
華南中正,1875.0,6490,5200,9359,2330,2026-03-10
華南中正,1885.0,658,11964,9359,2330,2026-03-10
華南苗栗,1835.0,28,0,9362,2330,2026-03-10
華南苗栗,1845.0,24,8,9362,2330,2026-03-10
華南東勢,1840.0,1014,0,9358,2330,2026-03-10
華南苗栗,1855.0,1031,0,9362,2330,2026-03-10
華南苗栗,1875.0,2064,297,9362,2330,2026-03-10
華南苗栗,1885.0,156,200,9362,2330,2026-03-10
華南彰化,1835.0,120,1,9363,2330,2026-03-10
華南彰化,1845.0,54,11,9363,2330,2026-03-10
華南彰化,1855.0,157,200,9363,2330,2026-03-10
華南彰化,1865.0,91,1000,9363,2330,2026-03-10
華南彰化,1875.0,4504,1275,9363,2330,2026-03-10
華南彰化,1885.0,495,1178,9363,2330,2026-03-10
華南豐原,1835.0,1011,0,9366,2330,2026-03-10
華南豐原,1845.0,60,200,9366,2330,2026-03-10
華南豐原,1855.0,3060,0,9366,2330,2026-03-10
華南豐原,1865.0,410,0,9366,2330,2026-03-10
華南苗栗,1865.0,43,2,9362,2330,2026-03-10
華南竹北,1835.0,107,0,9339,2330,2026-03-10
華南桃園,1890.0,1,503,9352,2330,2026-03-10
華南桃園,1870.0,1289,0,9352,2330,2026-03-10
華南竹北,1855.0,2488,105,9339,2330,2026-03-10
華南竹北,1865.0,74,170,9339,2330,2026-03-10
華南竹北,1875.0,208,2072,9339,2330,2026-03-10
華南竹北,1885.0,824,310,9339,2330,2026-03-10
華南頭份,1835.0,15,10,9343,2330,2026-03-10
華南頭份,1845.0,15,2000,9343,2330,2026-03-10
華南頭份,1855.0,34,0,9343,2330,2026-03-10
華南頭份,1865.0,83,1000,9343,2330,2026-03-10
華南頭份,1875.0,112,132,9343,2330,2026-03-10
華南頭份,1885.0,138,103,9343,2330,2026-03-10
華南敦南,1835.0,1000,0,9347,2330,2026-03-10
華南敦南,1845.0,200,0,9347,2330,2026-03-10
華南桃園,1880.0,2194,11302,9352,2330,2026-03-10
華南敦南,1855.0,110,2,9347,2330,2026-03-10
華南敦南,1875.0,11676,41,9347,2330,2026-03-10
華南敦南,1885.0,2265,1050,9347,2330,2026-03-10
華南板橋,1835.0,1022,0,9349,2330,2026-03-10
華南板橋,1845.0,26,3,9349,2330,2026-03-10
華南板橋,1855.0,1160,50,9349,2330,2026-03-10
華南板橋,1865.0,23,2121,9349,2330,2026-03-10
華南板橋,1875.0,3279,2375,9349,2330,2026-03-10
華南板橋,1885.0,1377,281,9349,2330,2026-03-10
華南桃園,1830.0,50,0,9352,2330,2026-03-10
華南桃園,1840.0,13,0,9352,2330,2026-03-10
華南桃園,1850.0,2098,100,9352,2330,2026-03-10
華南桃園,1860.0,266,0,9352,2330,2026-03-10
華南敦南,1865.0,40,1000,9347,2330,2026-03-10
元大松江,1865.0,1242,11,9801,2330,2026-03-10
富邦台北,1890.0,2185,1148,9623,2330,2026-03-10
富邦竹北,1850.0,3874,2100,9624,2330,2026-03-10
富邦敦南,1850.0,7055,20,9663,2330,2026-03-10
富邦敦南,1860.0,2415,1456,9663,2330,2026-03-10
富邦敦南,1870.0,15995,6055,9663,2330,2026-03-10
富邦敦南,1880.0,7232,1565,9663,2330,2026-03-10
富邦敦南,1890.0,80,250,9663,2330,2026-03-10
富邦桃園,1840.0,708,28,9665,2330,2026-03-10
富邦桃園,1850.0,5973,1100,9665,2330,2026-03-10
富邦桃園,1860.0,3184,1784,9665,2330,2026-03-10
富邦桃園,1870.0,1790,2101,9665,2330,2026-03-10
富邦桃園,1880.0,2672,2746,9665,2330,2026-03-10
富邦桃園,1890.0,572,425,9665,2330,2026-03-10
富邦南屯,1840.0,1404,488,9666,2330,2026-03-10
富邦敦南,1840.0,2311,21,9663,2330,2026-03-10
富邦南屯,1850.0,1014,1540,9666,2330,2026-03-10
富邦南屯,1870.0,2342,1536,9666,2330,2026-03-10
富邦南屯,1880.0,4229,6184,9666,2330,2026-03-10
富邦南屯,1890.0,30,20,9666,2330,2026-03-10
富邦台南,1840.0,2430,52,9667,2330,2026-03-10
富邦台南,1850.0,3993,10,9667,2330,2026-03-10
富邦台南,1860.0,1143,1057,9667,2330,2026-03-10
富邦台南,1870.0,1728,7060,9667,2330,2026-03-10
富邦台南,1880.0,4523,10852,9667,2330,2026-03-10
富邦台南,1890.0,1174,56,9667,2330,2026-03-10
富邦左營,1840.0,106,1080,966F,2330,2026-03-10
富邦左營,1850.0,24673,2002,966F,2330,2026-03-10
富邦左營,1860.0,1726,1424,966F,2330,2026-03-10
富邦南屯,1860.0,1006,1868,9666,2330,2026-03-10
富邦左營,1870.0,7433,1000,966F,2330,2026-03-10
富邦新店,1890.0,345,234,9661,2330,2026-03-10
富邦新店,1870.0,13705,2029,9661,2330,2026-03-10
富邦建國,1850.0,11795,4530,9658,2330,2026-03-10
富邦建國,1860.0,9273,1270,9658,2330,2026-03-10
富邦建國,1870.0,5588,3200,9658,2330,2026-03-10
富邦建國,1880.0,11458,18526,9658,2330,2026-03-10
富邦建國,1890.0,305,2330,9658,2330,2026-03-10
富邦高雄,1840.0,4630,138,9659,2330,2026-03-10
富邦高雄,1850.0,4876,9,9659,2330,2026-03-10
富邦高雄,1860.0,2756,1030,9659,2330,2026-03-10
富邦高雄,1870.0,2339,2000,9659,2330,2026-03-10
富邦高雄,1880.0,2953,8564,9659,2330,2026-03-10
富邦高雄,1890.0,47,1111,9659,2330,2026-03-10
富邦台中,1840.0,429,1680,965K,2330,2026-03-10
富邦新店,1880.0,9033,5868,9661,2330,2026-03-10
富邦台中,1850.0,3632,1150,965K,2330,2026-03-10
富邦台中,1870.0,1909,1050,965K,2330,2026-03-10
富邦台中,1880.0,5953,4021,965K,2330,2026-03-10
富邦台中,1890.0,21,40,965K,2330,2026-03-10
富邦彰化,1840.0,75,20,965U,2330,2026-03-10
富邦彰化,1850.0,3148,10,965U,2330,2026-03-10
富邦彰化,1860.0,479,175,965U,2330,2026-03-10
富邦彰化,1870.0,203,2060,965U,2330,2026-03-10
富邦彰化,1880.0,1716,6597,965U,2330,2026-03-10
富邦彰化,1890.0,10,10,965U,2330,2026-03-10
富邦新店,1840.0,3414,380,9661,2330,2026-03-10
富邦新店,1850.0,4030,10,9661,2330,2026-03-10
富邦新店,1860.0,913,1266,9661,2330,2026-03-10
富邦台中,1860.0,3082,415,965K,2330,2026-03-10
富邦建國,1840.0,2315,2050,9658,2330,2026-03-10
富邦左營,1880.0,7874,1766,966F,2330,2026-03-10
富邦員林,1840.0,544,0,9672,2330,2026-03-10
富邦新營,1840.0,398,0,9693,2330,2026-03-10
富邦新營,1850.0,202,0,9693,2330,2026-03-10
富邦新營,1860.0,1100,0,9693,2330,2026-03-10
富邦新營,1870.0,2087,0,9693,2330,2026-03-10
富邦新營,1880.0,277,850,9693,2330,2026-03-10
富邦新營,1890.0,1000,20,9693,2330,2026-03-10
富邦虎尾,1840.0,99,35,9697,2330,2026-03-10
富邦虎尾,1850.0,123,0,9697,2330,2026-03-10
富邦虎尾,1860.0,1108,3,9697,2330,2026-03-10
富邦虎尾,1870.0,177,1050,9697,2330,2026-03-10
富邦虎尾,1880.0,10723,2204,9697,2330,2026-03-10
富邦虎尾,1890.0,0,1001,9697,2330,2026-03-10
富邦嘉義,1890.0,15,0,9692,2330,2026-03-10
富邦北港,1840.0,183,0,969C,2330,2026-03-10
富邦北港,1860.0,735,0,969C,2330,2026-03-10
富邦北港,1870.0,33,1000,969C,2330,2026-03-10
富邦北港,1880.0,1388,1250,969C,2330,2026-03-10
富邦北港,1890.0,1,0,969C,2330,2026-03-10
元大,1835.0,61138,7131,9800,2330,2026-03-10
元大,1845.0,144240,57021,9800,2330,2026-03-10
元大,1855.0,326428,20930,9800,2330,2026-03-10
元大,1865.0,142681,178345,9800,2330,2026-03-10
元大,1875.0,428145,280565,9800,2330,2026-03-10
元大,1885.0,97663,95869,9800,2330,2026-03-10
元大松江,1835.0,182,1050,9801,2330,2026-03-10
元大松江,1845.0,218,20,9801,2330,2026-03-10
富邦北港,1850.0,2162,1000,969C,2330,2026-03-10
富邦左營,1890.0,5,18,966F,2330,2026-03-10
富邦嘉義,1880.0,4403,6620,9692,2330,2026-03-10
富邦嘉義,1860.0,1406,357,9692,2330,2026-03-10
富邦員林,1850.0,396,300,9672,2330,2026-03-10
富邦員林,1860.0,1482,40,9672,2330,2026-03-10
富邦員林,1870.0,755,30,9672,2330,2026-03-10
富邦員林,1880.0,1686,2393,9672,2330,2026-03-10
富邦員林,1890.0,111,20,9672,2330,2026-03-10
富邦仁愛,1840.0,11136,2300,9676,2330,2026-03-10
富邦仁愛,1850.0,19260,4340,9676,2330,2026-03-10
富邦仁愛,1860.0,8269,3799,9676,2330,2026-03-10
富邦仁愛,1870.0,14290,9005,9676,2330,2026-03-10
富邦仁愛,1880.0,18194,20785,9676,2330,2026-03-10
富邦仁愛,1890.0,1060,1220,9676,2330,2026-03-10
富邦三重,1840.0,877,1000,9677,2330,2026-03-10
富邦嘉義,1870.0,388,0,9692,2330,2026-03-10
富邦三重,1850.0,1765,3129,9677,2330,2026-03-10
富邦三重,1870.0,1533,2000,9677,2330,2026-03-10
富邦三重,1880.0,2304,1789,9677,2330,2026-03-10
富邦三重,1890.0,200,3,9677,2330,2026-03-10
富邦宜蘭,1835.0,187,0,9686,2330,2026-03-10
富邦宜蘭,1845.0,205,0,9686,2330,2026-03-10
富邦宜蘭,1855.0,1502,165,9686,2330,2026-03-10
富邦宜蘭,1865.0,1171,10,9686,2330,2026-03-10
富邦宜蘭,1875.0,2807,1911,9686,2330,2026-03-10
富邦宜蘭,1885.0,456,3797,9686,2330,2026-03-10
富邦嘉義,1830.0,0,800,9692,2330,2026-03-10
富邦嘉義,1840.0,2554,202,9692,2330,2026-03-10
富邦嘉義,1850.0,7501,55,9692,2330,2026-03-10
富邦三重,1860.0,3192,1023,9677,2330,2026-03-10
富邦竹北,1840.0,3988,300,9624,2330,2026-03-10
富邦苗栗,1890.0,0,1,9657,2330,2026-03-10
富邦苗栗,1870.0,456,0,9657,2330,2026-03-10
富邦竹科,1855.0,1898,1606,962C,2330,2026-03-10
富邦竹科,1865.0,8483,2045,962C,2330,2026-03-10
富邦竹科,1875.0,4072,3571,962C,2330,2026-03-10
富邦竹科,1885.0,1418,1613,962C,2330,2026-03-10
富邦新莊,1835.0,112,1010,962D,2330,2026-03-10
富邦新莊,1845.0,29,2055,962D,2330,2026-03-10
富邦新莊,1855.0,1247,1231,962D,2330,2026-03-10
富邦新莊,1865.0,117,60,962D,2330,2026-03-10
富邦新莊,1875.0,2055,1773,962D,2330,2026-03-10
富邦新莊,1885.0,1822,142,962D,2330,2026-03-10
富邦樹林,1835.0,44,0,962E,2330,2026-03-10
富邦樹林,1845.0,1291,36,962E,2330,2026-03-10
富邦竹科,1845.0,171,29,962C,2330,2026-03-10
富邦樹林,1855.0,2115,30,962E,2330,2026-03-10
富邦樹林,1875.0,1512,2093,962E,2330,2026-03-10
富邦樹林,1885.0,727,1012,962E,2330,2026-03-10
富邦斗六,1835.0,100,0,962G,2330,2026-03-10
富邦斗六,1845.0,28,30,962G,2330,2026-03-10
富邦斗六,1855.0,1231,1011,962G,2330,2026-03-10
富邦斗六,1865.0,3038,120,962G,2330,2026-03-10
富邦斗六,1875.0,1270,2124,962G,2330,2026-03-10
富邦斗六,1885.0,209,165,962G,2330,2026-03-10
富邦三峽,1835.0,4,0,962J,2330,2026-03-10
富邦三峽,1845.0,35,1,962J,2330,2026-03-10
富邦三峽,1855.0,212,110,962J,2330,2026-03-10
富邦三峽,1865.0,1126,1000,962J,2330,2026-03-10
富邦樹林,1865.0,3186,120,962E,2330,2026-03-10
富邦三峽,1875.0,5377,3036,962J,2330,2026-03-10
富邦竹科,1835.0,2111,5000,962C,2330,2026-03-10
富邦二林,1880.0,992,3580,962B,2330,2026-03-10
富邦竹北,1860.0,2359,1763,9624,2330,2026-03-10
富邦竹北,1870.0,3687,4115,9624,2330,2026-03-10
富邦竹北,1880.0,6232,6824,9624,2330,2026-03-10
富邦竹北,1890.0,841,37,9624,2330,2026-03-10
富邦竹東,1840.0,5439,13,9625,2330,2026-03-10
富邦竹東,1850.0,9224,1000,9625,2330,2026-03-10
富邦竹東,1860.0,1657,1060,9625,2330,2026-03-10
富邦竹東,1870.0,1504,3100,9625,2330,2026-03-10
富邦竹東,1880.0,3385,12310,9625,2330,2026-03-10
富邦竹東,1890.0,20,0,9625,2330,2026-03-10
富邦內湖,1835.0,382,5,9627,2330,2026-03-10
富邦內湖,1845.0,281,0,9627,2330,2026-03-10
富邦二林,1890.0,20,0,962B,2330,2026-03-10
富邦內湖,1855.0,2722,3084,9627,2330,2026-03-10
富邦內湖,1875.0,3268,6770,9627,2330,2026-03-10
富邦內湖,1885.0,4963,4852,9627,2330,2026-03-10
富邦南港,1835.0,3,0,962A,2330,2026-03-10
富邦南港,1845.0,247,10,962A,2330,2026-03-10
富邦南港,1855.0,1273,1000,962A,2330,2026-03-10
富邦南港,1865.0,266,10,962A,2330,2026-03-10
富邦南港,1875.0,1268,1,962A,2330,2026-03-10
富邦南港,1885.0,421,1230,962A,2330,2026-03-10
富邦二林,1840.0,1317,2065,962B,2330,2026-03-10
富邦二林,1850.0,780,0,962B,2330,2026-03-10
富邦二林,1860.0,798,105,962B,2330,2026-03-10
富邦二林,1870.0,1361,3000,962B,2330,2026-03-10
富邦內湖,1865.0,1528,1045,9627,2330,2026-03-10
富邦苗栗,1880.0,1912,1970,9657,2330,2026-03-10
富邦三峽,1885.0,1398,73,962J,2330,2026-03-10
富邦頭份,1845.0,125,236,962P,2330,2026-03-10
富邦豐原,1855.0,101,40,963L,2330,2026-03-10
富邦豐原,1865.0,95,0,963L,2330,2026-03-10
富邦豐原,1875.0,99,2055,963L,2330,2026-03-10
富邦豐原,1885.0,1059,424,963L,2330,2026-03-10
富邦新竹,1830.0,30,0,9647,2330,2026-03-10
富邦新竹,1840.0,2497,2115,9647,2330,2026-03-10
富邦新竹,1850.0,69905,4000,9647,2330,2026-03-10
富邦新竹,1860.0,11184,3649,9647,2330,2026-03-10
富邦新竹,1870.0,8704,55163,9647,2330,2026-03-10
富邦新竹,1880.0,34350,34051,9647,2330,2026-03-10
富邦新竹,1890.0,67,1180,9647,2330,2026-03-10
富邦永和,1840.0,3732,1264,9654,2330,2026-03-10
富邦豐原,1845.0,38,0,963L,2330,2026-03-10
富邦永和,1850.0,9261,1000,9654,2330,2026-03-10
富邦永和,1870.0,13286,2050,9654,2330,2026-03-10
富邦永和,1880.0,12110,14928,9654,2330,2026-03-10
富邦永和,1890.0,53,5,9654,2330,2026-03-10
富邦板橋,1840.0,3175,3470,9655,2330,2026-03-10
富邦板橋,1850.0,7378,159,9655,2330,2026-03-10
富邦板橋,1860.0,5876,104,9655,2330,2026-03-10
富邦板橋,1870.0,6571,1026,9655,2330,2026-03-10
富邦板橋,1880.0,7887,13836,9655,2330,2026-03-10
富邦板橋,1890.0,961,162,9655,2330,2026-03-10
富邦苗栗,1840.0,205,15,9657,2330,2026-03-10
富邦苗栗,1850.0,1249,0,9657,2330,2026-03-10
富邦苗栗,1860.0,164,110,9657,2330,2026-03-10
富邦永和,1860.0,4719,1199,9654,2330,2026-03-10
富邦頭份,1835.0,235,0,962P,2330,2026-03-10
富邦豐原,1835.0,56,0,963L,2330,2026-03-10
富邦八德,1875.0,553,3470,963A,2330,2026-03-10
富邦頭份,1855.0,2200,115,962P,2330,2026-03-10
富邦頭份,1865.0,136,77,962P,2330,2026-03-10
富邦頭份,1875.0,898,1078,962P,2330,2026-03-10
富邦頭份,1885.0,3738,3822,962P,2330,2026-03-10
富邦北高,1835.0,1060,200,962Q,2330,2026-03-10
富邦北高,1845.0,163,300,962Q,2330,2026-03-10
富邦北高,1855.0,1068,204,962Q,2330,2026-03-10
富邦北高,1865.0,287,50,962Q,2330,2026-03-10
富邦北高,1875.0,450,1230,962Q,2330,2026-03-10
富邦北高,1885.0,317,81,962Q,2330,2026-03-10
富邦羅東,1835.0,187,60,9634,2330,2026-03-10
富邦羅東,1845.0,107,102,9634,2330,2026-03-10
富邦八德,1885.0,256,1844,963A,2330,2026-03-10
富邦羅東,1855.0,1721,1268,9634,2330,2026-03-10
富邦羅東,1875.0,2558,3471,9634,2330,2026-03-10
富邦羅東,1885.0,574,246,9634,2330,2026-03-10
富邦中壢,1835.0,87,0,9636,2330,2026-03-10
富邦中壢,1845.0,385,111,9636,2330,2026-03-10
富邦中壢,1855.0,2988,1641,9636,2330,2026-03-10
富邦中壢,1865.0,1982,13191,9636,2330,2026-03-10
富邦中壢,1875.0,7463,4598,9636,2330,2026-03-10
富邦中壢,1885.0,13239,7815,9636,2330,2026-03-10
富邦八德,1835.0,112,0,963A,2330,2026-03-10
富邦八德,1845.0,358,15,963A,2330,2026-03-10
富邦八德,1855.0,242,2000,963A,2330,2026-03-10
富邦八德,1865.0,346,1441,963A,2330,2026-03-10
富邦羅東,1865.0,3374,537,9634,2330,2026-03-10
華南敦南,1870.0,3032,1000,9347,2330,2026-03-10
中信託永,1865.0,4438,390,6163,2330,2026-03-10
華南敦南,1890.0,60,5,9347,2330,2026-03-10
元大中港,1850.0,3675,0,989B,2330,2026-03-10
元大中港,1840.0,4387,1,989B,2330,2026-03-10
元大中港,1830.0,1000,0,989B,2330,2026-03-10
元大北投,1885.0,2610,3574,989A,2330,2026-03-10
元大北投,1875.0,6733,3580,989A,2330,2026-03-10
元大北投,1865.0,2079,102,989A,2330,2026-03-10
元大北投,1855.0,2540,262,989A,2330,2026-03-10
元大北投,1845.0,1421,130,989A,2330,2026-03-10
元大北投,1835.0,315,9,989A,2330,2026-03-10
元大苑裡,1885.0,188,1503,989a,2330,2026-03-10
元大苑裡,1875.0,986,2007,989a,2330,2026-03-10
元大苑裡,1865.0,204,136,989a,2330,2026-03-10
元大苑裡,1855.0,182,1030,989a,2330,2026-03-10
元大中港,1860.0,519,160,989B,2330,2026-03-10
元大苑裡,1845.0,196,35,989a,2330,2026-03-10
元大淡水,1885.0,3364,2811,9899,2330,2026-03-10
元大淡水,1875.0,1632,4403,9899,2330,2026-03-10
元大淡水,1865.0,2280,1010,9899,2330,2026-03-10
元大淡水,1855.0,1211,636,9899,2330,2026-03-10
元大淡水,1845.0,363,0,9899,2330,2026-03-10
元大淡水,1835.0,240,0,9899,2330,2026-03-10
元大新莊,1885.0,2086,1334,9898,2330,2026-03-10
元大新莊,1875.0,7578,3590,9898,2330,2026-03-10
元大新莊,1865.0,2626,2006,9898,2330,2026-03-10
元大新莊,1855.0,760,3249,9898,2330,2026-03-10
元大新莊,1845.0,727,115,9898,2330,2026-03-10
元大新莊,1835.0,2199,10,9898,2330,2026-03-10
元大土城,1885.0,2352,1004,9897,2330,2026-03-10
元大苑裡,1835.0,1063,0,989a,2330,2026-03-10
元大土城,1875.0,3768,2045,9897,2330,2026-03-10
元大中港,1870.0,3221,1000,989B,2330,2026-03-10
元大中港,1890.0,1,1020,989B,2330,2026-03-10
元大草屯,1870.0,6227,0,989E,2330,2026-03-10
元大草屯,1860.0,1123,395,989E,2330,2026-03-10
元大草屯,1850.0,1816,0,989E,2330,2026-03-10
元大草屯,1840.0,4604,30,989E,2330,2026-03-10
元大中和,1890.0,255,50,989e,2330,2026-03-10
元大中和,1880.0,910,1250,989e,2330,2026-03-10
元大中和,1870.0,672,1030,989e,2330,2026-03-10
元大中和,1860.0,853,30,989e,2330,2026-03-10
元大中和,1850.0,2511,1013,989e,2330,2026-03-10
元大中和,1840.0,355,125,989e,2330,2026-03-10
元大左營,1890.0,163,60,989D,2330,2026-03-10
元大左營,1880.0,13178,7207,989D,2330,2026-03-10
元大左營,1870.0,2576,4020,989D,2330,2026-03-10
元大中港,1880.0,3898,1687,989B,2330,2026-03-10
元大左營,1860.0,1989,24,989D,2330,2026-03-10
元大左營,1840.0,291,285,989D,2330,2026-03-10
元大北屯,1890.0,200,2,989d,2330,2026-03-10
元大北屯,1880.0,3167,3524,989d,2330,2026-03-10
元大北屯,1870.0,6693,1000,989d,2330,2026-03-10
元大北屯,1860.0,985,123,989d,2330,2026-03-10
元大北屯,1850.0,5845,0,989d,2330,2026-03-10
元大北屯,1840.0,548,205,989d,2330,2026-03-10
元大板橋,1890.0,134,30,989C,2330,2026-03-10
元大板橋,1880.0,8390,8425,989C,2330,2026-03-10
元大板橋,1870.0,1548,1010,989C,2330,2026-03-10
元大板橋,1860.0,2636,0,989C,2330,2026-03-10
元大板橋,1850.0,1230,45,989C,2330,2026-03-10
元大板橋,1840.0,1326,1200,989C,2330,2026-03-10
元大左營,1850.0,3594,270,989D,2330,2026-03-10
元大土城,1865.0,2743,1001,9897,2330,2026-03-10
元大土城,1855.0,2423,35,9897,2330,2026-03-10
元大土城,1845.0,37,1000,9897,2330,2026-03-10
元大長庚,1865.0,1409,39,988V,2330,2026-03-10
元大長庚,1855.0,1735,720,988V,2330,2026-03-10
元大長庚,1845.0,82,80,988V,2330,2026-03-10
元大長庚,1835.0,82,0,988V,2330,2026-03-10
元大三重,1885.0,361,2021,988C,2330,2026-03-10
元大三重,1875.0,3296,4105,988C,2330,2026-03-10
元大三重,1865.0,1175,1000,988C,2330,2026-03-10
元大三重,1855.0,290,1000,988C,2330,2026-03-10
元大三重,1845.0,302,0,988C,2330,2026-03-10
元大三重,1835.0,2020,50,988C,2330,2026-03-10
元大桃園,1885.0,880,4286,988B,2330,2026-03-10
元大桃園,1875.0,4907,1127,988B,2330,2026-03-10
元大桃園,1865.0,1829,50,988B,2330,2026-03-10
元大長庚,1875.0,4509,2894,988V,2330,2026-03-10
元大桃園,1855.0,2622,2035,988B,2330,2026-03-10
元大桃園,1835.0,9,0,988B,2330,2026-03-10
元大員林,1880.0,1753,276,9889,2330,2026-03-10
元大員林,1870.0,2180,20,9889,2330,2026-03-10
元大員林,1860.0,1697,1230,9889,2330,2026-03-10
元大員林,1850.0,1636,0,9889,2330,2026-03-10
元大員林,1840.0,504,3,9889,2330,2026-03-10
元大鑫永,1890.0,37,0,9888,2330,2026-03-10
元大鑫永,1880.0,1507,386,9888,2330,2026-03-10
元大鑫永,1870.0,1325,1002,9888,2330,2026-03-10
元大鑫永,1860.0,439,0,9888,2330,2026-03-10
元大鑫永,1850.0,265,50,9888,2330,2026-03-10
元大鑫永,1840.0,484,50,9888,2330,2026-03-10
元大斗信,1890.0,501,30,9884,2330,2026-03-10
元大桃園,1845.0,2300,8,988B,2330,2026-03-10
元大長庚,1885.0,2519,1457,988V,2330,2026-03-10
元大永和,1835.0,310,0,9891,2330,2026-03-10
元大永和,1845.0,1064,52,9891,2330,2026-03-10
元大土城,1835.0,82,10,9897,2330,2026-03-10
元大台南,1885.0,9233,1481,9896,2330,2026-03-10
元大台南,1875.0,3436,3411,9896,2330,2026-03-10
元大台南,1865.0,2783,1131,9896,2330,2026-03-10
元大台南,1855.0,6317,1000,9896,2330,2026-03-10
元大台南,1845.0,262,305,9896,2330,2026-03-10
元大台南,1835.0,201,3000,9896,2330,2026-03-10
元大桃興,1885.0,3641,4575,9894,2330,2026-03-10
元大桃興,1875.0,1522,1754,9894,2330,2026-03-10
元大桃興,1865.0,3903,30,9894,2330,2026-03-10
元大桃興,1855.0,2803,1800,9894,2330,2026-03-10
元大桃興,1845.0,1737,1035,9894,2330,2026-03-10
元大桃興,1835.0,176,2000,9894,2330,2026-03-10
元大大天,1885.0,1509,9090,9893,2330,2026-03-10
元大大天,1875.0,1434,7304,9893,2330,2026-03-10
元大大天,1865.0,2502,1005,9893,2330,2026-03-10
元大大天,1855.0,276,2000,9893,2330,2026-03-10
元大大天,1845.0,281,0,9893,2330,2026-03-10
元大大天,1835.0,1062,1000,9893,2330,2026-03-10
元大屏東,1885.0,683,424,9892,2330,2026-03-10
元大屏東,1875.0,1023,3052,9892,2330,2026-03-10
元大屏東,1865.0,470,31,9892,2330,2026-03-10
元大屏東,1855.0,486,12,9892,2330,2026-03-10
元大屏東,1845.0,647,92,9892,2330,2026-03-10
元大屏東,1835.0,46,0,9892,2330,2026-03-10
元大永和,1885.0,2627,280,9891,2330,2026-03-10
元大永和,1875.0,2161,1643,9891,2330,2026-03-10
元大永和,1865.0,2268,3200,9891,2330,2026-03-10
元大永和,1855.0,1221,100,9891,2330,2026-03-10
元大草屯,1880.0,2872,3189,989E,2330,2026-03-10
元大草屯,1890.0,48,1101,989E,2330,2026-03-10
元大東港,1840.0,178,150,989f,2330,2026-03-10
元大東港,1850.0,1304,0,989f,2330,2026-03-10
元大北重,1870.0,243,100,989V,2330,2026-03-10
元大北重,1860.0,124,0,989V,2330,2026-03-10
元大北重,1850.0,1287,1000,989V,2330,2026-03-10
元大北重,1840.0,1305,2001,989V,2330,2026-03-10
元大大甲,1890.0,39,50,989U,2330,2026-03-10
元大大甲,1880.0,4211,10962,989U,2330,2026-03-10
元大大甲,1870.0,91,1000,989U,2330,2026-03-10
元大大甲,1860.0,837,1568,989U,2330,2026-03-10
元大大甲,1850.0,3371,1014,989U,2330,2026-03-10
元大大甲,1840.0,6185,510,989U,2330,2026-03-10
元大鹿港,1890.0,2,109,989S,2330,2026-03-10
元大鹿港,1880.0,2779,2096,989S,2330,2026-03-10
元大鹿港,1870.0,1259,140,989S,2330,2026-03-10
元大北重,1880.0,1536,26,989V,2330,2026-03-10
元大鹿港,1860.0,405,1003,989S,2330,2026-03-10
元大鹿港,1840.0,474,300,989S,2330,2026-03-10
元大汐止,1890.0,122,70,989Q,2330,2026-03-10
元大汐止,1880.0,6459,7376,989Q,2330,2026-03-10
元大汐止,1870.0,1298,4000,989Q,2330,2026-03-10
元大汐止,1860.0,7020,8129,989Q,2330,2026-03-10
元大汐止,1850.0,8494,166,989Q,2330,2026-03-10
元大汐止,1840.0,3128,6,989Q,2330,2026-03-10
元大敦南,1890.0,362,0,989P,2330,2026-03-10
元大敦南,1880.0,5774,1204,989P,2330,2026-03-10
元大敦南,1870.0,16767,4000,989P,2330,2026-03-10
元大敦南,1860.0,3461,0,989P,2330,2026-03-10
元大敦南,1850.0,5358,1015,989P,2330,2026-03-10
元大敦南,1840.0,4744,10,989P,2330,2026-03-10
元大鹿港,1850.0,3287,250,989S,2330,2026-03-10
元大北重,1890.0,32,0,989V,2330,2026-03-10
元大站前,1840.0,530,0,989W,2330,2026-03-10
元大站前,1850.0,2447,60,989W,2330,2026-03-10
永豐鳳山,1835.0,97,5,9A61,2330,2026-03-10
永豐金,1885.0,109228,16509,9A00,2330,2026-03-10
永豐金,1875.0,59545,81328,9A00,2330,2026-03-10
永豐金,1865.0,14364,17285,9A00,2330,2026-03-10
永豐金,1855.0,48573,16520,9A00,2330,2026-03-10
永豐金,1845.0,8624,6255,9A00,2330,2026-03-10
永豐金,1835.0,2712,16394,9A00,2330,2026-03-10
元大小港,1885.0,2762,464,989Z,2330,2026-03-10
元大小港,1875.0,8621,1452,989Z,2330,2026-03-10
元大小港,1865.0,3227,678,989Z,2330,2026-03-10
元大小港,1855.0,228,2034,989Z,2330,2026-03-10
元大小港,1845.0,136,831,989Z,2330,2026-03-10
元大小港,1835.0,89,1,989Z,2330,2026-03-10
元大基隆,1890.0,2,0,989Y,2330,2026-03-10
元大基隆,1880.0,692,290,989Y,2330,2026-03-10
元大基隆,1870.0,9324,1000,989Y,2330,2026-03-10
元大基隆,1860.0,394,66,989Y,2330,2026-03-10
元大基隆,1850.0,4604,0,989Y,2330,2026-03-10
元大基隆,1840.0,2469,0,989Y,2330,2026-03-10
元大三民,1890.0,115,0,989X,2330,2026-03-10
元大三民,1880.0,1462,2089,989X,2330,2026-03-10
元大三民,1870.0,3231,1000,989X,2330,2026-03-10
元大三民,1860.0,363,90,989X,2330,2026-03-10
元大三民,1850.0,383,5000,989X,2330,2026-03-10
元大三民,1840.0,5262,50,989X,2330,2026-03-10
元大站前,1890.0,17,165,989W,2330,2026-03-10
元大站前,1880.0,33889,2495,989W,2330,2026-03-10
元大站前,1870.0,2264,2060,989W,2330,2026-03-10
元大站前,1860.0,1953,376,989W,2330,2026-03-10
元大敦南,1830.0,1000,0,989P,2330,2026-03-10
元大斗信,1880.0,4282,85,9884,2330,2026-03-10
元大內湖,1885.0,7895,9758,989N,2330,2026-03-10
元大內湖,1865.0,4058,2200,989N,2330,2026-03-10
元大蘆中,1890.0,53,10,989I,2330,2026-03-10
元大蘆中,1880.0,1413,2772,989I,2330,2026-03-10
元大蘆中,1870.0,126,3005,989I,2330,2026-03-10
元大蘆中,1860.0,2475,1000,989I,2330,2026-03-10
元大蘆中,1850.0,5561,0,989I,2330,2026-03-10
元大蘆中,1840.0,1426,0,989I,2330,2026-03-10
元大大同,1890.0,116,25,989G,2330,2026-03-10
元大大同,1880.0,2353,3115,989G,2330,2026-03-10
元大大同,1870.0,339,20,989G,2330,2026-03-10
元大大同,1860.0,1605,118,989G,2330,2026-03-10
元大大同,1850.0,1427,96,989G,2330,2026-03-10
元大大同,1840.0,6372,16,989G,2330,2026-03-10
元大嘉義,1890.0,1,0,989g,2330,2026-03-10
元大樹林,1840.0,414,1027,989j,2330,2026-03-10
元大嘉義,1880.0,5223,5107,989g,2330,2026-03-10
元大嘉義,1860.0,361,71,989g,2330,2026-03-10
元大嘉義,1850.0,1481,2020,989g,2330,2026-03-10
元大嘉義,1840.0,586,310,989g,2330,2026-03-10
元大高雄,1890.0,11,70,989F,2330,2026-03-10
元大高雄,1880.0,1376,27990,989F,2330,2026-03-10
元大高雄,1870.0,36635,1200,989F,2330,2026-03-10
元大高雄,1860.0,2678,10,989F,2330,2026-03-10
元大高雄,1850.0,6343,40,989F,2330,2026-03-10
元大高雄,1840.0,515,117,989F,2330,2026-03-10
元大東港,1890.0,53,15,989f,2330,2026-03-10
元大東港,1880.0,3016,2232,989f,2330,2026-03-10
元大東港,1870.0,2136,2030,989f,2330,2026-03-10
元大東港,1860.0,539,3030,989f,2330,2026-03-10
元大嘉義,1870.0,1374,0,989g,2330,2026-03-10
元大樹林,1850.0,3857,354,989j,2330,2026-03-10
元大樹林,1860.0,2793,93,989j,2330,2026-03-10
元大樹林,1870.0,131,23015,989j,2330,2026-03-10
元大內湖,1855.0,1531,5094,989N,2330,2026-03-10
元大內湖,1845.0,1351,50,989N,2330,2026-03-10
元大內湖,1835.0,1074,2168,989N,2330,2026-03-10
元大信義,1885.0,1372,3545,989m,2330,2026-03-10
元大信義,1875.0,1102,11220,989m,2330,2026-03-10
元大信義,1865.0,840,10,989m,2330,2026-03-10
元大信義,1855.0,2336,1003,989m,2330,2026-03-10
元大信義,1845.0,17,66,989m,2330,2026-03-10
元大信義,1835.0,306,0,989m,2330,2026-03-10
元大成功,1885.0,871,2593,989L,2330,2026-03-10
元大成功,1875.0,6126,3598,989L,2330,2026-03-10
元大成功,1865.0,2715,166,989L,2330,2026-03-10
元大成功,1855.0,6139,180,989L,2330,2026-03-10
元大成功,1845.0,573,80,989L,2330,2026-03-10
元大成功,1835.0,1295,2000,989L,2330,2026-03-10
元大古亭,1885.0,1433,606,989k,2330,2026-03-10
元大古亭,1875.0,4994,5125,989k,2330,2026-03-10
元大古亭,1865.0,427,2009,989k,2330,2026-03-10
元大古亭,1855.0,409,312,989k,2330,2026-03-10
元大古亭,1845.0,7,60,989k,2330,2026-03-10
元大古亭,1835.0,72,0,989k,2330,2026-03-10
元大彰生,1890.0,30,300,989J,2330,2026-03-10
元大彰生,1880.0,1972,1481,989J,2330,2026-03-10
元大彰生,1870.0,2480,2000,989J,2330,2026-03-10
元大彰生,1860.0,2918,50,989J,2330,2026-03-10
元大彰生,1850.0,6374,1000,989J,2330,2026-03-10
元大彰生,1840.0,1251,10,989J,2330,2026-03-10
元大樹林,1890.0,30,84,989j,2330,2026-03-10
元大樹林,1880.0,9210,4836,989j,2330,2026-03-10
元大內湖,1875.0,10445,9595,989N,2330,2026-03-10
元大斗信,1870.0,1414,0,9884,2330,2026-03-10
元大斗信,1860.0,1587,1145,9884,2330,2026-03-10
元大斗信,1850.0,594,2,9884,2330,2026-03-10
元大大直,1850.0,11,0,9846,2330,2026-03-10
元大大直,1840.0,200,1,9846,2330,2026-03-10
元大鳳山,1890.0,20,400,983Z,2330,2026-03-10
元大鳳山,1880.0,1891,28285,983Z,2330,2026-03-10
元大鳳山,1870.0,3836,0,983Z,2330,2026-03-10
元大鳳山,1860.0,1458,40,983Z,2330,2026-03-10
元大鳳山,1850.0,572,70,983Z,2330,2026-03-10
元大鳳山,1840.0,754,1016,983Z,2330,2026-03-10
元大鳳山,1830.0,1,0,983Z,2330,2026-03-10
元大德芳,1885.0,744,395,983W,2330,2026-03-10
元大德芳,1875.0,7235,1030,983W,2330,2026-03-10
元大德芳,1865.0,385,20,983W,2330,2026-03-10
元大德芳,1855.0,523,1020,983W,2330,2026-03-10
元大大直,1860.0,126,0,9846,2330,2026-03-10
元大德芳,1845.0,136,0,983W,2330,2026-03-10
元大竹南,1885.0,682,1173,983V,2330,2026-03-10
元大竹南,1875.0,1676,11402,983V,2330,2026-03-10
元大竹南,1865.0,1247,206,983V,2330,2026-03-10
元大竹南,1855.0,161,41,983V,2330,2026-03-10
元大竹南,1845.0,6,120,983V,2330,2026-03-10
元大竹南,1835.0,45,1000,983V,2330,2026-03-10
元大頭份,1890.0,203,2,983U,2330,2026-03-10
元大頭份,1880.0,4769,800,983U,2330,2026-03-10
元大頭份,1870.0,95,1000,983U,2330,2026-03-10
元大頭份,1860.0,1324,1020,983U,2330,2026-03-10
元大頭份,1850.0,1570,1010,983U,2330,2026-03-10
元大頭份,1840.0,1085,7,983U,2330,2026-03-10
元大大安,1890.0,17,1050,983N,2330,2026-03-10
元大德芳,1835.0,256,100,983W,2330,2026-03-10
元大大直,1870.0,11,3000,9846,2330,2026-03-10
元大大直,1880.0,1116,531,9846,2330,2026-03-10
元大大直,1890.0,0,10,9846,2330,2026-03-10
元大永春,1880.0,3208,4236,9852,2330,2026-03-10
元大永春,1870.0,7284,250,9852,2330,2026-03-10
元大永春,1860.0,4122,1020,9852,2330,2026-03-10
元大永春,1850.0,4585,5000,9852,2330,2026-03-10
元大永春,1840.0,1137,75,9852,2330,2026-03-10
元大館前,1890.0,105,50,984K,2330,2026-03-10
元大館前,1880.0,1798,6072,984K,2330,2026-03-10
元大館前,1870.0,2325,1000,984K,2330,2026-03-10
元大館前,1860.0,51328,482,984K,2330,2026-03-10
元大館前,1850.0,1453,5,984K,2330,2026-03-10
元大館前,1840.0,533,1028,984K,2330,2026-03-10
元大館前,1830.0,1000,0,984K,2330,2026-03-10
元大景美,1885.0,1424,1607,984H,2330,2026-03-10
元大景美,1875.0,5341,2071,984H,2330,2026-03-10
元大景美,1865.0,2351,2010,984H,2330,2026-03-10
元大景美,1855.0,1374,459,984H,2330,2026-03-10
元大景美,1845.0,130,3006,984H,2330,2026-03-10
元大景美,1835.0,1091,0,984H,2330,2026-03-10
元大南勢,1880.0,112,66,984E,2330,2026-03-10
元大南勢,1870.0,212,0,984E,2330,2026-03-10
元大南勢,1860.0,1288,0,984E,2330,2026-03-10
元大南勢,1850.0,1123,0,984E,2330,2026-03-10
元大南勢,1840.0,1059,13,984E,2330,2026-03-10
元大新中,1890.0,6,4,984C,2330,2026-03-10
元大新中,1880.0,5013,2143,984C,2330,2026-03-10
元大新中,1870.0,8365,1500,984C,2330,2026-03-10
元大新中,1860.0,1430,2404,984C,2330,2026-03-10
元大新中,1850.0,3678,100,984C,2330,2026-03-10
元大新中,1840.0,871,1200,984C,2330,2026-03-10
元大大安,1880.0,1472,2900,983N,2330,2026-03-10
元大永春,1890.0,258,125,9852,2330,2026-03-10
元大大安,1870.0,31,1000,983N,2330,2026-03-10
元大大安,1850.0,2063,0,983N,2330,2026-03-10
元大竹東,1875.0,1357,2102,983f,2330,2026-03-10
元大竹東,1865.0,2346,0,983f,2330,2026-03-10
元大竹東,1855.0,305,1020,983f,2330,2026-03-10
元大竹東,1845.0,91,5,983f,2330,2026-03-10
元大竹東,1835.0,19,130,983f,2330,2026-03-10
元大林森,1885.0,2683,3433,983B,2330,2026-03-10
元大林森,1875.0,398,1295,983B,2330,2026-03-10
元大林森,1865.0,574,80,983B,2330,2026-03-10
元大林森,1855.0,224,54,983B,2330,2026-03-10
元大林森,1845.0,158,10,983B,2330,2026-03-10
元大林森,1835.0,264,1005,983B,2330,2026-03-10
元大豐原,1890.0,131,0,9838,2330,2026-03-10
元大豐原,1880.0,2896,3314,9838,2330,2026-03-10
元大竹東,1885.0,1080,85,983f,2330,2026-03-10
元大豐原,1870.0,4350,2345,9838,2330,2026-03-10
元大豐原,1850.0,1155,5,9838,2330,2026-03-10
元大豐原,1840.0,233,2005,9838,2330,2026-03-10
元大北港,1890.0,107,85,9837,2330,2026-03-10
元大北港,1880.0,1954,1322,9837,2330,2026-03-10
元大北港,1870.0,4147,5,9837,2330,2026-03-10
元大北港,1860.0,666,110,9837,2330,2026-03-10
元大北港,1850.0,2071,3010,9837,2330,2026-03-10
元大北港,1840.0,1120,3000,9837,2330,2026-03-10
元大北港,1830.0,15,0,9837,2330,2026-03-10
元大中山,1885.0,1716,279,9835,2330,2026-03-10
元大中山,1875.0,2934,300,9835,2330,2026-03-10
元大中山,1865.0,377,0,9835,2330,2026-03-10
元大中山,1855.0,516,167,9835,2330,2026-03-10
元大豐原,1860.0,2084,230,9838,2330,2026-03-10
元大上新,1835.0,1041,0,983G,2330,2026-03-10
元大上新,1845.0,226,30,983G,2330,2026-03-10
元大上新,1855.0,1131,5,983G,2330,2026-03-10
元大大安,1840.0,209,1000,983N,2330,2026-03-10
元大木柵,1890.0,106,2039,983M,2330,2026-03-10
元大木柵,1880.0,2899,1100,983M,2330,2026-03-10
元大木柵,1870.0,2181,0,983M,2330,2026-03-10
元大木柵,1860.0,1967,3,983M,2330,2026-03-10
元大木柵,1850.0,1186,1,983M,2330,2026-03-10
元大木柵,1840.0,1223,0,983M,2330,2026-03-10
元大學甲,1890.0,110,20,983K,2330,2026-03-10
元大學甲,1880.0,83,55,983K,2330,2026-03-10
元大學甲,1870.0,22,0,983K,2330,2026-03-10
元大學甲,1860.0,122,1000,983K,2330,2026-03-10
元大學甲,1850.0,188,20,983K,2330,2026-03-10
元大學甲,1840.0,1050,90,983K,2330,2026-03-10
元大仁愛,1890.0,0,70,983j,2330,2026-03-10
元大仁愛,1880.0,1745,3565,983j,2330,2026-03-10
元大仁愛,1870.0,2010,0,983j,2330,2026-03-10
元大仁愛,1860.0,1503,20,983j,2330,2026-03-10
元大仁愛,1850.0,3254,5000,983j,2330,2026-03-10
元大仁愛,1840.0,225,0,983j,2330,2026-03-10
元大大雅,1890.0,91,1,983i,2330,2026-03-10
元大大雅,1880.0,1374,9654,983i,2330,2026-03-10
元大大雅,1870.0,3494,0,983i,2330,2026-03-10
元大大雅,1860.0,2205,1068,983i,2330,2026-03-10
元大大雅,1850.0,8906,0,983i,2330,2026-03-10
元大大雅,1840.0,4321,0,983i,2330,2026-03-10
元大大雅,1830.0,1000,0,983i,2330,2026-03-10
元大上新,1885.0,1750,0,983G,2330,2026-03-10
元大上新,1875.0,3742,120,983G,2330,2026-03-10
元大上新,1865.0,233,380,983G,2330,2026-03-10
元大大安,1860.0,1361,1000,983N,2330,2026-03-10
永豐鳳山,1845.0,55,30,9A61,2330,2026-03-10
元大南屯,1840.0,3633,232,9853,2330,2026-03-10
元大南屯,1860.0,2026,44,9853,2330,2026-03-10
元大復北,1880.0,20593,6430,9872,2330,2026-03-10
元大復北,1870.0,54626,2000,9872,2330,2026-03-10
元大復北,1860.0,3447,530,9872,2330,2026-03-10
元大復北,1850.0,6407,1000,9872,2330,2026-03-10
元大復北,1840.0,2459,350,9872,2330,2026-03-10
元大忠孝,1890.0,10,0,9871,2330,2026-03-10
元大忠孝,1880.0,14920,8330,9871,2330,2026-03-10
元大忠孝,1870.0,3807,3030,9871,2330,2026-03-10
元大忠孝,1860.0,2778,2013,9871,2330,2026-03-10
元大忠孝,1850.0,12551,5000,9871,2330,2026-03-10
元大忠孝,1840.0,2492,101,9871,2330,2026-03-10
元大忠孝,1830.0,1000,0,9871,2330,2026-03-10
元大基孝,1885.0,1373,2077,986K,2330,2026-03-10
元大復北,1890.0,10,2050,9872,2330,2026-03-10
元大基孝,1875.0,12057,2051,986K,2330,2026-03-10
元大基孝,1855.0,1480,18,986K,2330,2026-03-10
元大基孝,1845.0,6088,10,986K,2330,2026-03-10
元大基孝,1835.0,71,0,986K,2330,2026-03-10
元大新盛,1885.0,1095,4397,9869,2330,2026-03-10
元大新盛,1875.0,3432,3350,9869,2330,2026-03-10
元大新盛,1865.0,1143,221,9869,2330,2026-03-10
元大新盛,1855.0,2276,34,9869,2330,2026-03-10
元大新盛,1845.0,1067,0,9869,2330,2026-03-10
元大新盛,1835.0,1079,0,9869,2330,2026-03-10
元大文心,1885.0,1538,1464,9868,2330,2026-03-10
元大文心,1875.0,410,2489,9868,2330,2026-03-10
元大文心,1865.0,1164,2130,9868,2330,2026-03-10
元大文心,1855.0,664,130,9868,2330,2026-03-10
元大基孝,1865.0,2929,20,986K,2330,2026-03-10
元大雙和,1840.0,5417,15000,9874,2330,2026-03-10
元大雙和,1850.0,4623,50,9874,2330,2026-03-10
元大雙和,1860.0,1010,5579,9874,2330,2026-03-10
元大斗信,1840.0,789,25,9884,2330,2026-03-10
元大楊梅,1890.0,192,0,987A,2330,2026-03-10
元大楊梅,1880.0,1778,3522,987A,2330,2026-03-10
元大楊梅,1870.0,4782,1000,987A,2330,2026-03-10
元大楊梅,1860.0,634,50,987A,2330,2026-03-10
元大楊梅,1850.0,3566,200,987A,2330,2026-03-10
元大楊梅,1840.0,1362,2000,987A,2330,2026-03-10
元大楊梅,1830.0,10,0,987A,2330,2026-03-10
元大板三,1885.0,715,3440,9879,2330,2026-03-10
元大板三,1875.0,2510,2023,9879,2330,2026-03-10
元大板三,1865.0,348,1066,9879,2330,2026-03-10
元大板三,1855.0,1764,10,9879,2330,2026-03-10
元大板三,1845.0,3541,0,9879,2330,2026-03-10
元大板三,1835.0,1226,1000,9879,2330,2026-03-10
元大金華,1885.0,412,3012,9878,2330,2026-03-10
元大金華,1875.0,2314,8122,9878,2330,2026-03-10
元大金華,1865.0,337,43,9878,2330,2026-03-10
元大金華,1855.0,1547,6,9878,2330,2026-03-10
元大金華,1845.0,1183,32,9878,2330,2026-03-10
元大金華,1835.0,2017,1000,9878,2330,2026-03-10
元大永寧,1885.0,3016,1589,9875,2330,2026-03-10
元大永寧,1875.0,6508,1167,9875,2330,2026-03-10
元大永寧,1865.0,838,361,9875,2330,2026-03-10
元大永寧,1855.0,4170,50,9875,2330,2026-03-10
元大永寧,1845.0,75,30,9875,2330,2026-03-10
元大永寧,1835.0,65,15,9875,2330,2026-03-10
元大雙和,1890.0,105,16269,9874,2330,2026-03-10
元大雙和,1880.0,4916,4921,9874,2330,2026-03-10
元大雙和,1870.0,3351,73,9874,2330,2026-03-10
元大文心,1845.0,99,0,9868,2330,2026-03-10
元大南屯,1850.0,3976,0,9853,2330,2026-03-10
元大文心,1835.0,1065,25,9868,2330,2026-03-10
元大民權,1875.0,6128,4217,9867,2330,2026-03-10
元大經國,1840.0,4476,6000,9859,2330,2026-03-10
元大龍潭,1890.0,18,25,9858,2330,2026-03-10
元大龍潭,1880.0,8580,5874,9858,2330,2026-03-10
元大龍潭,1870.0,862,46,9858,2330,2026-03-10
元大龍潭,1860.0,3255,5112,9858,2330,2026-03-10
元大龍潭,1850.0,3926,1036,9858,2330,2026-03-10
元大龍潭,1840.0,663,220,9858,2330,2026-03-10
元大蘆洲,1890.0,1,6,9857,2330,2026-03-10
元大蘆洲,1880.0,2602,3872,9857,2330,2026-03-10
元大蘆洲,1870.0,6138,1200,9857,2330,2026-03-10
元大蘆洲,1860.0,11130,65,9857,2330,2026-03-10
元大蘆洲,1850.0,10580,30,9857,2330,2026-03-10
元大蘆洲,1840.0,3119,100,9857,2330,2026-03-10
元大經國,1850.0,2782,3100,9859,2330,2026-03-10
元大花蓮,1890.0,135,20,9856,2330,2026-03-10
元大花蓮,1870.0,411,2803,9856,2330,2026-03-10
元大花蓮,1860.0,1045,1222,9856,2330,2026-03-10
元大花蓮,1850.0,3555,0,9856,2330,2026-03-10
元大花蓮,1840.0,1244,3112,9856,2330,2026-03-10
元大興安,1890.0,566,100,9854,2330,2026-03-10
元大興安,1880.0,2182,1548,9854,2330,2026-03-10
元大興安,1870.0,528,7000,9854,2330,2026-03-10
元大興安,1860.0,12012,1070,9854,2330,2026-03-10
元大興安,1850.0,6202,50,9854,2330,2026-03-10
元大興安,1840.0,7215,20001,9854,2330,2026-03-10
元大南屯,1890.0,107,6,9853,2330,2026-03-10
元大南屯,1880.0,4519,5395,9853,2330,2026-03-10
元大南屯,1870.0,4759,1020,9853,2330,2026-03-10
元大花蓮,1880.0,1969,3074,9856,2330,2026-03-10
元大經國,1860.0,4824,3140,9859,2330,2026-03-10
元大經國,1870.0,3500,110,9859,2330,2026-03-10
元大經國,1880.0,5125,5179,9859,2330,2026-03-10
元大民權,1865.0,3725,1064,9867,2330,2026-03-10
元大民權,1855.0,2911,456,9867,2330,2026-03-10
元大民權,1845.0,1221,2003,9867,2330,2026-03-10
元大民權,1835.0,1258,0,9867,2330,2026-03-10
元大和平,1885.0,2498,5151,9863,2330,2026-03-10
元大和平,1875.0,7605,2667,9863,2330,2026-03-10
元大和平,1865.0,2262,5370,9863,2330,2026-03-10
元大和平,1855.0,1524,10,9863,2330,2026-03-10
元大和平,1845.0,3189,25,9863,2330,2026-03-10
元大和平,1835.0,3189,0,9863,2330,2026-03-10
元大南京,1885.0,2051,25225,9862,2330,2026-03-10
元大南京,1875.0,11039,24350,9862,2330,2026-03-10
元大南京,1865.0,1717,3128,9862,2330,2026-03-10
元大南京,1855.0,8044,1020,9862,2330,2026-03-10
元大南京,1845.0,2392,30,9862,2330,2026-03-10
元大南京,1835.0,6046,316,9862,2330,2026-03-10
元大岡山,1885.0,40,150,985F,2330,2026-03-10
元大岡山,1875.0,70,1180,985F,2330,2026-03-10
元大岡山,1865.0,5,0,985F,2330,2026-03-10
元大岡山,1855.0,95,1,985F,2330,2026-03-10
元大岡山,1845.0,68,0,985F,2330,2026-03-10
元大岡山,1835.0,100,0,985F,2330,2026-03-10
元大鳳中,1885.0,1781,407,985C,2330,2026-03-10
元大鳳中,1875.0,3750,3269,985C,2330,2026-03-10
元大鳳中,1865.0,829,50,985C,2330,2026-03-10
元大鳳中,1855.0,822,1436,985C,2330,2026-03-10
元大鳳中,1845.0,260,2030,985C,2330,2026-03-10
元大鳳中,1835.0,1020,1001,985C,2330,2026-03-10
元大經國,1890.0,125,50,9859,2330,2026-03-10
元大民權,1885.0,3586,7992,9867,2330,2026-03-10
元大中山,1845.0,419,0,9835,2330,2026-03-10
永豐鳳山,1855.0,476,30,9A61,2330,2026-03-10
永豐鳳山,1875.0,4340,885,9A61,2330,2026-03-10
元富城中,1855.0,1249,100,9B2E,2330,2026-03-10
元富城中,1845.0,1112,0,9B2E,2330,2026-03-10
元富城中,1835.0,273,0,9B2E,2330,2026-03-10
元富大昌,1890.0,71,2,9B2D,2330,2026-03-10
元富大昌,1880.0,2187,10046,9B2D,2330,2026-03-10
元富大昌,1870.0,4225,0,9B2D,2330,2026-03-10
元富大昌,1860.0,2848,1110,9B2D,2330,2026-03-10
元富大昌,1850.0,3226,1001,9B2D,2330,2026-03-10
元富大昌,1840.0,1659,70,9B2D,2330,2026-03-10
元富潮州,1890.0,1015,10,9B2C,2330,2026-03-10
元富潮州,1880.0,204,1231,9B2C,2330,2026-03-10
元富潮州,1870.0,54,0,9B2C,2330,2026-03-10
元富潮州,1860.0,1079,250,9B2C,2330,2026-03-10
元富城中,1865.0,4614,1015,9B2E,2330,2026-03-10
元富潮州,1850.0,233,0,9B2C,2330,2026-03-10
元富烏日,1890.0,50,0,9B2c,2330,2026-03-10
元富烏日,1880.0,504,3257,9B2c,2330,2026-03-10
元富烏日,1870.0,2076,0,9B2c,2330,2026-03-10
元富烏日,1860.0,2593,0,9B2c,2330,2026-03-10
元富烏日,1850.0,177,1000,9B2c,2330,2026-03-10
元富烏日,1840.0,315,0,9B2c,2330,2026-03-10
元富永和,1885.0,7087,470,9B2B,2330,2026-03-10
元富永和,1875.0,1125,60,9B2B,2330,2026-03-10
元富永和,1865.0,235,0,9B2B,2330,2026-03-10
元富永和,1855.0,6,0,9B2B,2330,2026-03-10
元富永和,1845.0,7,0,9B2B,2330,2026-03-10
元富永和,1835.0,20,1000,9B2B,2330,2026-03-10
元富板橋,1885.0,1181,311,9B2b,2330,2026-03-10
元富潮州,1840.0,104,400,9B2C,2330,2026-03-10
元富板橋,1875.0,549,64434,9B2b,2330,2026-03-10
元富城中,1875.0,1517,2773,9B2E,2330,2026-03-10
元富中原,1835.0,21,0,9B2g,2330,2026-03-10
元富嘉義,1880.0,2222,2506,9B2I,2330,2026-03-10
元富嘉義,1870.0,1605,0,9B2I,2330,2026-03-10
元富嘉義,1860.0,2161,40,9B2I,2330,2026-03-10
元富嘉義,1850.0,84,0,9B2I,2330,2026-03-10
元富嘉義,1840.0,184,50,9B2I,2330,2026-03-10
元富嘉義,1830.0,1000,0,9B2I,2330,2026-03-10
元富中港,1880.0,468,1336,9B2i,2330,2026-03-10
元富中港,1870.0,23,202,9B2i,2330,2026-03-10
元富中港,1860.0,571,0,9B2i,2330,2026-03-10
元富中港,1850.0,225,0,9B2i,2330,2026-03-10
元富中港,1840.0,147,5,9B2i,2330,2026-03-10
元富信義,1890.0,300,1002,9B2H,2330,2026-03-10
元富信義,1880.0,2510,4804,9B2H,2330,2026-03-10
元富城中,1885.0,1136,9978,9B2E,2330,2026-03-10
元富信義,1870.0,85,1000,9B2H,2330,2026-03-10
元富信義,1850.0,4232,50,9B2H,2330,2026-03-10
元富信義,1840.0,248,0,9B2H,2330,2026-03-10
元富新竹,1890.0,15,20,9B2G,2330,2026-03-10
元富新竹,1880.0,844,15385,9B2G,2330,2026-03-10
元富新竹,1870.0,185,1000,9B2G,2330,2026-03-10
元富新竹,1860.0,1229,0,9B2G,2330,2026-03-10
元富新竹,1850.0,3222,6000,9B2G,2330,2026-03-10
元富新竹,1840.0,295,0,9B2G,2330,2026-03-10
元富中原,1885.0,531,74,9B2g,2330,2026-03-10
元富中原,1875.0,703,100080,9B2g,2330,2026-03-10
元富中原,1865.0,174,402,9B2g,2330,2026-03-10
元富中原,1855.0,99,1106,9B2g,2330,2026-03-10
元富中原,1845.0,26,62,9B2g,2330,2026-03-10
元富信義,1860.0,186,1005,9B2H,2330,2026-03-10
元富板橋,1865.0,3297,1020,9B2b,2330,2026-03-10
元富板橋,1855.0,2298,12,9B2b,2330,2026-03-10
元富板橋,1845.0,300,12,9B2b,2330,2026-03-10
元富台中,1860.0,186,108,9B25,2330,2026-03-10
元富台中,1850.0,1212,1000,9B25,2330,2026-03-10
元富台中,1840.0,345,0,9B25,2330,2026-03-10
元富三重,1890.0,1,0,9B23,2330,2026-03-10
元富三重,1880.0,1556,1065,9B23,2330,2026-03-10
元富三重,1870.0,76,0,9B23,2330,2026-03-10
元富三重,1860.0,756,150,9B23,2330,2026-03-10
元富三重,1850.0,1231,20,9B23,2330,2026-03-10
元富三重,1840.0,156,0,9B23,2330,2026-03-10
元富新店,1890.0,2,0,9B22,2330,2026-03-10
元富新店,1880.0,671,710,9B22,2330,2026-03-10
元富新店,1870.0,1202,0,9B22,2330,2026-03-10
元富新店,1860.0,638,200,9B22,2330,2026-03-10
元富台中,1870.0,7509,7000,9B25,2330,2026-03-10
元富新店,1850.0,1165,0,9B22,2330,2026-03-10
元富高雄,1890.0,0,2,9B21,2330,2026-03-10
元富高雄,1880.0,335,31760,9B21,2330,2026-03-10
元富高雄,1870.0,1168,0,9B21,2330,2026-03-10
元富高雄,1860.0,286,40,9B21,2330,2026-03-10
元富高雄,1850.0,3305,1004,9B21,2330,2026-03-10
元富高雄,1840.0,134,0,9B21,2330,2026-03-10
元富證券,1890.0,10,0,9B00,2330,2026-03-10
元富證券,1880.0,5296,27327,9B00,2330,2026-03-10
元富證券,1870.0,74032,5004,9B00,2330,2026-03-10
元富證券,1860.0,54245,40000,9B00,2330,2026-03-10
元富證券,1850.0,85121,42000,9B00,2330,2026-03-10
元富證券,1840.0,22186,20500,9B00,2330,2026-03-10
永豐復興,1890.0,260,0,9A9Z,2330,2026-03-10
元富新店,1840.0,469,0,9B22,2330,2026-03-10
元富台中,1880.0,460,30708,9B25,2330,2026-03-10
元富台中,1890.0,0,1,9B25,2330,2026-03-10
元富林園,1845.0,10,1253,9B27,2330,2026-03-10
元富板橋,1835.0,41,30,9B2b,2330,2026-03-10
元富緯城,1885.0,1850,1337,9B2A,2330,2026-03-10
元富緯城,1875.0,2241,3815,9B2A,2330,2026-03-10
元富緯城,1865.0,3057,1031,9B2A,2330,2026-03-10
元富緯城,1855.0,1314,30,9B2A,2330,2026-03-10
元富緯城,1845.0,21,1,9B2A,2330,2026-03-10
元富緯城,1835.0,11,0,9B2A,2330,2026-03-10
元富松德,1890.0,100,0,9B2a,2330,2026-03-10
元富松德,1880.0,385,3320,9B2a,2330,2026-03-10
元富松德,1870.0,1177,2010,9B2a,2330,2026-03-10
元富松德,1860.0,1149,1000,9B2a,2330,2026-03-10
元富松德,1850.0,2144,0,9B2a,2330,2026-03-10
元富松德,1840.0,1122,5,9B2a,2330,2026-03-10
元富台南,1890.0,5,11,9B29,2330,2026-03-10
元富台南,1880.0,239,10002,9B29,2330,2026-03-10
元富台南,1870.0,4186,1000,9B29,2330,2026-03-10
元富台南,1860.0,3494,0,9B29,2330,2026-03-10
元富台南,1850.0,9149,0,9B29,2330,2026-03-10
元富台南,1840.0,1143,0,9B29,2330,2026-03-10
元富新莊,1885.0,1202,34,9B28,2330,2026-03-10
元富新莊,1875.0,137,1033,9B28,2330,2026-03-10
元富新莊,1865.0,1048,102,9B28,2330,2026-03-10
元富新莊,1855.0,67,65,9B28,2330,2026-03-10
元富新莊,1845.0,5,6,9B28,2330,2026-03-10
元富新莊,1835.0,5,100,9B28,2330,2026-03-10
元富林園,1885.0,4245,2,9B27,2330,2026-03-10
元富林園,1875.0,5105,1350,9B27,2330,2026-03-10
元富林園,1865.0,25,0,9B27,2330,2026-03-10
元富林園,1855.0,68,0,9B27,2330,2026-03-10
元富嘉義,1890.0,51,0,9B2I,2330,2026-03-10
元富大裕,1840.0,2645,1039,9B2l,2330,2026-03-10
元富大裕,1850.0,10873,1105,9B2l,2330,2026-03-10
元富大裕,1860.0,477,1127,9B2l,2330,2026-03-10
元富吉利,1835.0,15,0,9B2W,2330,2026-03-10
元富佳里,1885.0,1341,1054,9B2w,2330,2026-03-10
元富佳里,1875.0,259,3570,9B2w,2330,2026-03-10
元富佳里,1865.0,2232,1,9B2w,2330,2026-03-10
元富佳里,1855.0,1322,2400,9B2w,2330,2026-03-10
元富佳里,1845.0,1,0,9B2w,2330,2026-03-10
元富佳里,1835.0,111,0,9B2w,2330,2026-03-10
元富桃園,1885.0,122,260,9B2v,2330,2026-03-10
元富桃園,1875.0,420,3899,9B2v,2330,2026-03-10
元富桃園,1865.0,57,1001,9B2v,2330,2026-03-10
元富桃園,1855.0,259,135,9B2v,2330,2026-03-10
元富桃園,1845.0,129,0,9B2v,2330,2026-03-10
元富桃園,1835.0,1211,100,9B2v,2330,2026-03-10
元富吉利,1845.0,21,0,9B2W,2330,2026-03-10
元富宜蘭,1885.0,109,1581,9B2U,2330,2026-03-10
元富宜蘭,1865.0,572,100,9B2U,2330,2026-03-10
元富宜蘭,1855.0,6,101,9B2U,2330,2026-03-10
元富宜蘭,1845.0,5,15,9B2U,2330,2026-03-10
元富宜蘭,1835.0,13,102,9B2U,2330,2026-03-10
元富世貿,1885.0,1345,2258,9B2u,2330,2026-03-10
元富世貿,1875.0,1665,13409,9B2u,2330,2026-03-10
元富世貿,1865.0,177,30,9B2u,2330,2026-03-10
元富世貿,1855.0,6344,7,9B2u,2330,2026-03-10
元富世貿,1845.0,9,40,9B2u,2330,2026-03-10
元富世貿,1835.0,10,0,9B2u,2330,2026-03-10
元富基隆,1890.0,3,0,9B2S,2330,2026-03-10
元富基隆,1880.0,815,3150,9B2S,2330,2026-03-10
元富基隆,1870.0,1015,1000,9B2S,2330,2026-03-10
元富宜蘭,1875.0,261,206,9B2U,2330,2026-03-10
元富吉利,1855.0,526,5,9B2W,2330,2026-03-10
元富吉利,1865.0,1042,10,9B2W,2330,2026-03-10
元富吉利,1875.0,5093,1070,9B2W,2330,2026-03-10
元富安南,1880.0,1294,3076,9B2Z,2330,2026-03-10
元富安南,1870.0,2133,2056,9B2Z,2330,2026-03-10
元富安南,1860.0,1328,1150,9B2Z,2330,2026-03-10
元富安南,1850.0,84,600,9B2Z,2330,2026-03-10
元富安南,1840.0,1063,0,9B2Z,2330,2026-03-10
元富文心,1890.0,20,111,9B2z,2330,2026-03-10
元富文心,1880.0,5719,446,9B2z,2330,2026-03-10
元富文心,1870.0,202,1000,9B2z,2330,2026-03-10
元富文心,1860.0,1391,1000,9B2z,2330,2026-03-10
元富文心,1850.0,2328,1100,9B2z,2330,2026-03-10
元富文心,1840.0,83,0,9B2z,2330,2026-03-10
元富埔里,1890.0,160,100,9B2Y,2330,2026-03-10
元富埔里,1880.0,76,3000,9B2Y,2330,2026-03-10
元富埔里,1870.0,31,1010,9B2Y,2330,2026-03-10
元富埔里,1860.0,151,124,9B2Y,2330,2026-03-10
元富埔里,1850.0,160,0,9B2Y,2330,2026-03-10
元富埔里,1840.0,114,0,9B2Y,2330,2026-03-10
元富花蓮,1885.0,1301,955,9B2y,2330,2026-03-10
元富花蓮,1875.0,82,1325,9B2y,2330,2026-03-10
元富花蓮,1865.0,221,1000,9B2y,2330,2026-03-10
元富花蓮,1855.0,10314,51000,9B2y,2330,2026-03-10
元富花蓮,1845.0,10274,5,9B2y,2330,2026-03-10
元富草屯,1890.0,0,113,9B2X,2330,2026-03-10
元富草屯,1880.0,1222,316,9B2X,2330,2026-03-10
元富草屯,1870.0,77,0,9B2X,2330,2026-03-10
元富草屯,1860.0,356,6003,9B2X,2330,2026-03-10
元富草屯,1850.0,1042,210,9B2X,2330,2026-03-10
元富草屯,1840.0,172,250,9B2X,2330,2026-03-10
元富吉利,1885.0,311,461,9B2W,2330,2026-03-10
元富基隆,1860.0,1025,10,9B2S,2330,2026-03-10
永豐復興,1880.0,459,3352,9A9Z,2330,2026-03-10
元富基隆,1850.0,2160,0,9B2S,2330,2026-03-10
元富城東,1890.0,62,0,9B2r,2330,2026-03-10
元富虎尾,1840.0,20,0,9B2N,2330,2026-03-10
元富西松,1885.0,631,3000,9B2n,2330,2026-03-10
元富西松,1875.0,19262,2025,9B2n,2330,2026-03-10
元富西松,1865.0,31517,21020,9B2n,2330,2026-03-10
元富西松,1855.0,36162,56000,9B2n,2330,2026-03-10
元富西松,1845.0,10240,12000,9B2n,2330,2026-03-10
元富西松,1835.0,10011,1000,9B2n,2330,2026-03-10
元富彰化,1890.0,0,10,9B2M,2330,2026-03-10
元富彰化,1880.0,1103,4203,9B2M,2330,2026-03-10
元富彰化,1870.0,1065,0,9B2M,2330,2026-03-10
元富彰化,1860.0,1304,10,9B2M,2330,2026-03-10
元富彰化,1850.0,673,150,9B2M,2330,2026-03-10
元富彰化,1840.0,385,1000,9B2M,2330,2026-03-10
元富虎尾,1850.0,12179,0,9B2N,2330,2026-03-10
元富成功,1890.0,11,101,9B2m,2330,2026-03-10
元富成功,1870.0,141,0,9B2m,2330,2026-03-10
元富成功,1860.0,1831,1400,9B2m,2330,2026-03-10
元富成功,1850.0,109,3050,9B2m,2330,2026-03-10
元富成功,1840.0,3484,6,9B2m,2330,2026-03-10
元富中壢,1890.0,0,3000,9B2L,2330,2026-03-10
元富中壢,1880.0,430,1103,9B2L,2330,2026-03-10
元富中壢,1870.0,1106,1000,9B2L,2330,2026-03-10
元富中壢,1860.0,723,50,9B2L,2330,2026-03-10
元富中壢,1850.0,1043,0,9B2L,2330,2026-03-10
元富中壢,1840.0,1142,1000,9B2L,2330,2026-03-10
元富大裕,1890.0,41,1,9B2l,2330,2026-03-10
元富大裕,1880.0,1142,2272,9B2l,2330,2026-03-10
元富大裕,1870.0,170,0,9B2l,2330,2026-03-10
元富成功,1880.0,4238,7557,9B2m,2330,2026-03-10
元富虎尾,1860.0,485,1010,9B2N,2330,2026-03-10
元富虎尾,1870.0,85,1000,9B2N,2330,2026-03-10
元富虎尾,1880.0,1159,1212,9B2N,2330,2026-03-10
元富城東,1880.0,4573,6290,9B2r,2330,2026-03-10
元富城東,1870.0,3373,3300,9B2r,2330,2026-03-10
元富城東,1860.0,3335,1085,9B2r,2330,2026-03-10
元富城東,1850.0,2572,3000,9B2r,2330,2026-03-10
元富城東,1840.0,379,1,9B2r,2330,2026-03-10
元富敦南,1890.0,0,11,9B2Q,2330,2026-03-10
元富敦南,1880.0,1190,5152,9B2Q,2330,2026-03-10
元富敦南,1870.0,3016,1000,9B2Q,2330,2026-03-10
元富敦南,1860.0,325,1120,9B2Q,2330,2026-03-10
元富敦南,1850.0,1048,50,9B2Q,2330,2026-03-10
元富敦南,1840.0,1321,0,9B2Q,2330,2026-03-10
元富屏東,1885.0,346,230,9B2q,2330,2026-03-10
元富屏東,1875.0,310,3114,9B2q,2330,2026-03-10
元富屏東,1865.0,1025,100,9B2q,2330,2026-03-10
元富屏東,1855.0,342,270,9B2q,2330,2026-03-10
元富屏東,1845.0,23,0,9B2q,2330,2026-03-10
元富屏東,1835.0,103,0,9B2q,2330,2026-03-10
元富同大,1880.0,512,3297,9B2P,2330,2026-03-10
元富同大,1870.0,235,2030,9B2P,2330,2026-03-10
元富同大,1860.0,1525,210,9B2P,2330,2026-03-10
元富同大,1850.0,3336,0,9B2P,2330,2026-03-10
元富同大,1840.0,494,1000,9B2P,2330,2026-03-10
元富新興,1890.0,717,0,9B2o,2330,2026-03-10
元富新興,1880.0,794,350,9B2o,2330,2026-03-10
元富新興,1870.0,3277,0,9B2o,2330,2026-03-10
元富新興,1860.0,174,101,9B2o,2330,2026-03-10
元富新興,1850.0,2463,2080,9B2o,2330,2026-03-10
元富新興,1840.0,859,0,9B2o,2330,2026-03-10
元富虎尾,1890.0,110,19,9B2N,2330,2026-03-10
元富基隆,1840.0,11,0,9B2S,2330,2026-03-10
永豐復興,1870.0,7,1000,9A9Z,2330,2026-03-10
永豐復興,1860.0,2424,10,9A9Z,2330,2026-03-10
永豐復興,1850.0,262,0,9A9Z,2330,2026-03-10
永豐員林,1850.0,1203,2025,9A9C,2330,2026-03-10
永豐員林,1840.0,123,1170,9A9C,2330,2026-03-10
永豐永康,1890.0,12,30,9A9c,2330,2026-03-10
永豐永康,1880.0,1875,3202,9A9c,2330,2026-03-10
永豐永康,1870.0,3964,0,9A9c,2330,2026-03-10
永豐永康,1860.0,2629,250,9A9c,2330,2026-03-10
永豐永康,1850.0,8253,1,9A9c,2330,2026-03-10
永豐永康,1840.0,2817,3870,9A9c,2330,2026-03-10
永豐中和,1890.0,0,21,9A9B,2330,2026-03-10
永豐中和,1880.0,4435,1202,9A9B,2330,2026-03-10
永豐中和,1870.0,13390,1000,9A9B,2330,2026-03-10
永豐中和,1860.0,2336,2000,9A9B,2330,2026-03-10
永豐中和,1850.0,2345,6000,9A9B,2330,2026-03-10
永豐員林,1860.0,257,2009,9A9C,2330,2026-03-10
永豐中和,1840.0,215,0,9A9B,2330,2026-03-10
永豐虎尾,1875.0,16,1000,9A9b,2330,2026-03-10
永豐虎尾,1865.0,0,40,9A9b,2330,2026-03-10
永豐虎尾,1840.0,8,0,9A9b,2330,2026-03-10
永豐羅東,1890.0,0,1000,9A9A,2330,2026-03-10
永豐羅東,1880.0,1945,1312,9A9A,2330,2026-03-10
永豐羅東,1870.0,132,0,9A9A,2330,2026-03-10
永豐羅東,1860.0,230,1200,9A9A,2330,2026-03-10
永豐羅東,1850.0,1328,1000,9A9A,2330,2026-03-10
永豐羅東,1840.0,196,20,9A9A,2330,2026-03-10
永豐苓雅,1890.0,103,0,9A9a,2330,2026-03-10
永豐苓雅,1880.0,5557,5824,9A9a,2330,2026-03-10
永豐苓雅,1870.0,1318,6017,9A9a,2330,2026-03-10
永豐苓雅,1860.0,1619,440,9A9a,2330,2026-03-10
永豐虎尾,1885.0,264,20,9A9b,2330,2026-03-10
永豐員林,1870.0,3020,20,9A9C,2330,2026-03-10
永豐員林,1880.0,1465,2201,9A9C,2330,2026-03-10
永豐員林,1890.0,515,20,9A9C,2330,2026-03-10
永豐天母,1880.0,7199,4300,9A9G,2330,2026-03-10
永豐天母,1870.0,1512,3000,9A9G,2330,2026-03-10
永豐天母,1860.0,1360,5008,9A9G,2330,2026-03-10
永豐天母,1850.0,8213,2000,9A9G,2330,2026-03-10
永豐天母,1840.0,6349,0,9A9G,2330,2026-03-10
永豐內湖,1885.0,2756,1305,9A9g,2330,2026-03-10
永豐內湖,1875.0,2302,8902,9A9g,2330,2026-03-10
永豐內湖,1865.0,195,2085,9A9g,2330,2026-03-10
永豐內湖,1855.0,43,50,9A9g,2330,2026-03-10
永豐內湖,1845.0,334,1011,9A9g,2330,2026-03-10
永豐內湖,1835.0,1011,3,9A9g,2330,2026-03-10
永豐高雄,1885.0,687,225,9A9e,2330,2026-03-10
永豐高雄,1875.0,803,5516,9A9e,2330,2026-03-10
永豐高雄,1865.0,1300,1121,9A9e,2330,2026-03-10
永豐高雄,1855.0,247,100,9A9e,2330,2026-03-10
永豐高雄,1845.0,69,140,9A9e,2330,2026-03-10
永豐高雄,1835.0,83,0,9A9e,2330,2026-03-10
永豐忠孝,1885.0,489,4482,9A9D,2330,2026-03-10
永豐忠孝,1875.0,4312,3241,9A9D,2330,2026-03-10
永豐忠孝,1865.0,1263,8,9A9D,2330,2026-03-10
永豐忠孝,1855.0,159,1365,9A9D,2330,2026-03-10
永豐忠孝,1845.0,44,186,9A9D,2330,2026-03-10
永豐忠孝,1835.0,34,50,9A9D,2330,2026-03-10
永豐古亭,1885.0,1049,1865,9A9d,2330,2026-03-10
永豐古亭,1875.0,5502,1245,9A9d,2330,2026-03-10
永豐古亭,1865.0,3415,9,9A9d,2330,2026-03-10
永豐古亭,1855.0,146,300,9A9d,2330,2026-03-10
永豐古亭,1845.0,744,0,9A9d,2330,2026-03-10
永豐古亭,1835.0,23,0,9A9d,2330,2026-03-10
永豐苓雅,1850.0,5567,1030,9A9a,2330,2026-03-10
永豐天母,1890.0,1000,4,9A9G,2330,2026-03-10
永豐苓雅,1840.0,1288,70,9A9a,2330,2026-03-10
永豐中壢,1880.0,1271,3222,9A99,2330,2026-03-10
永豐敦南,1850.0,7072,4105,9A8F,2330,2026-03-10
永豐敦南,1840.0,800,1141,9A8F,2330,2026-03-10
永豐敦北,1890.0,5,0,9A89,2330,2026-03-10
永豐敦北,1880.0,7212,15488,9A89,2330,2026-03-10
永豐敦北,1870.0,3545,6000,9A89,2330,2026-03-10
永豐敦北,1860.0,1808,172,9A89,2330,2026-03-10
永豐敦北,1850.0,8733,100,9A89,2330,2026-03-10
永豐敦北,1840.0,478,100,9A89,2330,2026-03-10
永豐敦北,1830.0,1000,0,9A89,2330,2026-03-10
永豐匯立,1880.0,13017,51000,9A81,2330,2026-03-10
永豐匯立,1870.0,26000,45500,9A81,2330,2026-03-10
永豐匯立,1860.0,1000,0,9A81,2330,2026-03-10
永豐匯立,1850.0,79000,277000,9A81,2330,2026-03-10
永豐敦南,1860.0,1059,98,9A8F,2330,2026-03-10
永豐匯立,1840.0,3000,3000,9A81,2330,2026-03-10
永豐埔里,1880.0,1469,2082,9A79,2330,2026-03-10
永豐埔里,1870.0,353,0,9A79,2330,2026-03-10
永豐埔里,1860.0,488,7,9A79,2330,2026-03-10
永豐埔里,1850.0,1425,0,9A79,2330,2026-03-10
永豐埔里,1840.0,158,10,9A79,2330,2026-03-10
永豐埔里,1830.0,1,0,9A79,2330,2026-03-10
永豐屏東,1885.0,1872,214,9A69,2330,2026-03-10
永豐屏東,1875.0,400,1066,9A69,2330,2026-03-10
永豐屏東,1865.0,251,8,9A69,2330,2026-03-10
永豐屏東,1855.0,620,5,9A69,2330,2026-03-10
永豐屏東,1845.0,1129,0,9A69,2330,2026-03-10
永豐屏東,1835.0,20,0,9A69,2330,2026-03-10
永豐鳳山,1885.0,3219,1142,9A61,2330,2026-03-10
永豐埔里,1890.0,20,100,9A79,2330,2026-03-10
永豐敦南,1870.0,5733,2002,9A8F,2330,2026-03-10
永豐敦南,1880.0,2971,10676,9A8F,2330,2026-03-10
永豐敦南,1890.0,112,100,9A8F,2330,2026-03-10
永豐中壢,1870.0,2140,0,9A99,2330,2026-03-10
永豐中壢,1860.0,1564,163,9A99,2330,2026-03-10
永豐中壢,1850.0,4439,0,9A99,2330,2026-03-10
永豐中壢,1840.0,216,2050,9A99,2330,2026-03-10
永豐中壢,1830.0,0,1000,9A99,2330,2026-03-10
永豐大園,1885.0,926,1368,9A98,2330,2026-03-10
永豐大園,1875.0,1334,6912,9A98,2330,2026-03-10
永豐大園,1865.0,541,0,9A98,2330,2026-03-10
永豐大園,1855.0,261,0,9A98,2330,2026-03-10
永豐大園,1845.0,173,10,9A98,2330,2026-03-10
永豐大園,1835.0,187,0,9A98,2330,2026-03-10
永豐新竹,1885.0,6108,5885,9A97,2330,2026-03-10
永豐新竹,1875.0,8098,3174,9A97,2330,2026-03-10
永豐新竹,1865.0,1286,240,9A97,2330,2026-03-10
永豐新竹,1855.0,530,2001,9A97,2330,2026-03-10
永豐新竹,1845.0,1437,127,9A97,2330,2026-03-10
永豐新竹,1835.0,1230,0,9A97,2330,2026-03-10
永豐萬盛,1885.0,3296,5311,9A92,2330,2026-03-10
永豐萬盛,1875.0,2407,401,9A92,2330,2026-03-10
永豐萬盛,1865.0,1397,1055,9A92,2330,2026-03-10
永豐萬盛,1855.0,1110,451,9A92,2330,2026-03-10
永豐萬盛,1845.0,288,40,9A92,2330,2026-03-10
永豐萬盛,1835.0,1372,100,9A92,2330,2026-03-10
永豐松山,1885.0,898,9319,9A91,2330,2026-03-10
永豐松山,1875.0,8049,7308,9A91,2330,2026-03-10
永豐松山,1865.0,87,40,9A91,2330,2026-03-10
永豐松山,1855.0,5247,4982,9A91,2330,2026-03-10
永豐松山,1845.0,49,150,9A91,2330,2026-03-10
永豐松山,1835.0,371,0,9A91,2330,2026-03-10
永豐中壢,1890.0,101,7,9A99,2330,2026-03-10
永豐鳳山,1865.0,3382,32,9A61,2330,2026-03-10
永豐台南,1840.0,916,23,9A9h,2330,2026-03-10
永豐台南,1860.0,1559,271,9A9h,2330,2026-03-10
永豐中正,1830.0,2020,0,9A9U,2330,2026-03-10
永豐南京,1885.0,815,2298,9A9S,2330,2026-03-10
永豐南京,1875.0,1414,8316,9A9S,2330,2026-03-10
永豐南京,1865.0,262,20,9A9S,2330,2026-03-10
永豐南京,1855.0,54,1000,9A9S,2330,2026-03-10
永豐南京,1845.0,142,2000,9A9S,2330,2026-03-10
永豐南京,1835.0,17,0,9A9S,2330,2026-03-10
永豐彰化,1885.0,1083,2597,9A9s,2330,2026-03-10
永豐彰化,1875.0,436,91,9A9s,2330,2026-03-10
永豐彰化,1865.0,185,45,9A9s,2330,2026-03-10
永豐彰化,1855.0,108,60,9A9s,2330,2026-03-10
永豐彰化,1845.0,101,34,9A9s,2330,2026-03-10
永豐彰化,1835.0,37,0,9A9s,2330,2026-03-10
永豐中正,1840.0,1555,86,9A9U,2330,2026-03-10
永豐信義,1885.0,430,1221,9A9R,2330,2026-03-10
永豐信義,1865.0,964,120,9A9R,2330,2026-03-10
永豐信義,1855.0,1260,112,9A9R,2330,2026-03-10
永豐信義,1845.0,1038,0,9A9R,2330,2026-03-10
永豐信義,1835.0,159,0,9A9R,2330,2026-03-10
永豐北高,1885.0,1377,1164,9A9r,2330,2026-03-10
永豐北高,1875.0,1484,5651,9A9r,2330,2026-03-10
永豐北高,1865.0,751,15,9A9r,2330,2026-03-10
永豐北高,1855.0,460,1033,9A9r,2330,2026-03-10
永豐北高,1845.0,197,10,9A9r,2330,2026-03-10
永豐北高,1835.0,1056,0,9A9r,2330,2026-03-10
永豐豐原,1885.0,1347,1029,9A9Q,2330,2026-03-10
永豐豐原,1875.0,635,3045,9A9Q,2330,2026-03-10
永豐豐原,1865.0,147,25,9A9Q,2330,2026-03-10
永豐信義,1875.0,268,2000,9A9R,2330,2026-03-10
永豐中正,1850.0,5535,1220,9A9U,2330,2026-03-10
永豐中正,1860.0,2638,2333,9A9U,2330,2026-03-10
永豐中正,1870.0,6629,370,9A9U,2330,2026-03-10
永豐復興,1840.0,152,0,9A9Z,2330,2026-03-10
永豐板盛,1890.0,52,12,9A9Y,2330,2026-03-10
永豐板盛,1880.0,1322,1463,9A9Y,2330,2026-03-10
永豐板盛,1870.0,87,14,9A9Y,2330,2026-03-10
永豐板盛,1860.0,286,0,9A9Y,2330,2026-03-10
永豐板盛,1850.0,2084,100,9A9Y,2330,2026-03-10
永豐板盛,1840.0,187,28,9A9Y,2330,2026-03-10
永豐竹科,1890.0,7,121,9A9X,2330,2026-03-10
永豐竹科,1880.0,4944,9287,9A9X,2330,2026-03-10
永豐竹科,1870.0,10658,1010,9A9X,2330,2026-03-10
永豐竹科,1860.0,4800,1106,9A9X,2330,2026-03-10
永豐竹科,1850.0,6424,4000,9A9X,2330,2026-03-10
中信託永,1855.0,3554,408,6163,2330,2026-03-10
華南敦南,1880.0,1230,1000,9347,2330,2026-03-10
永豐竹科,1840.0,11877,201,9A9X,2330,2026-03-10
永豐桃園,1890.0,594,0,9A9x,2330,2026-03-10
永豐桃園,1880.0,5097,6852,9A9x,2330,2026-03-10
永豐桃園,1870.0,2628,4050,9A9x,2330,2026-03-10
永豐桃園,1860.0,3764,70,9A9x,2330,2026-03-10
永豐桃園,1850.0,1660,2024,9A9x,2330,2026-03-10
永豐桃園,1840.0,1893,0,9A9x,2330,2026-03-10
永豐市政,1890.0,1111,500,9A9W,2330,2026-03-10
永豐市政,1880.0,5088,7263,9A9W,2330,2026-03-10
永豐市政,1870.0,11803,3130,9A9W,2330,2026-03-10
永豐市政,1860.0,2951,571,9A9W,2330,2026-03-10
永豐市政,1850.0,7744,457,9A9W,2330,2026-03-10
永豐市政,1840.0,4040,350,9A9W,2330,2026-03-10
永豐中正,1890.0,117,1155,9A9U,2330,2026-03-10
永豐中正,1880.0,2657,4895,9A9U,2330,2026-03-10
永豐豐原,1855.0,1073,3,9A9Q,2330,2026-03-10
永豐台南,1850.0,1627,390,9A9h,2330,2026-03-10
永豐豐原,1845.0,44,33,9A9Q,2330,2026-03-10
永豐潮州,1885.0,175,60050,9A9q,2330,2026-03-10
永豐三重,1840.0,1356,0,9A9K,2330,2026-03-10
永豐板新,1890.0,14,17,9A9J,2330,2026-03-10
永豐板新,1880.0,3948,10208,9A9J,2330,2026-03-10
永豐板新,1870.0,6534,6601,9A9J,2330,2026-03-10
永豐板新,1860.0,2976,561,9A9J,2330,2026-03-10
永豐板新,1850.0,3446,125,9A9J,2330,2026-03-10
永豐板新,1840.0,691,1004,9A9J,2330,2026-03-10
永豐嘉義,1890.0,0,66,9A9j,2330,2026-03-10
永豐嘉義,1880.0,872,3433,9A9j,2330,2026-03-10
永豐嘉義,1870.0,3023,0,9A9j,2330,2026-03-10
永豐嘉義,1860.0,233,0,9A9j,2330,2026-03-10
永豐嘉義,1850.0,347,0,9A9j,2330,2026-03-10
永豐嘉義,1840.0,187,0,9A9j,2330,2026-03-10
永豐三重,1850.0,1365,0,9A9K,2330,2026-03-10
永豐新店,1890.0,0,15,9A9i,2330,2026-03-10
永豐新店,1870.0,23,0,9A9i,2330,2026-03-10
永豐新店,1860.0,1353,266,9A9i,2330,2026-03-10
永豐新店,1850.0,1058,1000,9A9i,2330,2026-03-10
永豐新店,1840.0,2369,11,9A9i,2330,2026-03-10
永豐新莊,1890.0,1,75,9A9H,2330,2026-03-10
永豐新莊,1880.0,555,6581,9A9H,2330,2026-03-10
永豐新莊,1870.0,450,15,9A9H,2330,2026-03-10
永豐新莊,1860.0,1640,1000,9A9H,2330,2026-03-10
永豐新莊,1850.0,3655,0,9A9H,2330,2026-03-10
永豐新莊,1840.0,393,10,9A9H,2330,2026-03-10
永豐台南,1890.0,32,220,9A9h,2330,2026-03-10
永豐台南,1880.0,9236,6607,9A9h,2330,2026-03-10
永豐台南,1870.0,5034,3101,9A9h,2330,2026-03-10
永豐新店,1880.0,439,1230,9A9i,2330,2026-03-10
永豐三重,1860.0,398,4170,9A9K,2330,2026-03-10
永豐三重,1870.0,4173,2000,9A9K,2330,2026-03-10
永豐三重,1880.0,690,1227,9A9K,2330,2026-03-10
永豐潮州,1875.0,1790,2277,9A9q,2330,2026-03-10
永豐潮州,1865.0,38,0,9A9q,2330,2026-03-10
永豐潮州,1855.0,1018,0,9A9q,2330,2026-03-10
永豐潮州,1845.0,15,0,9A9q,2330,2026-03-10
永豐竹北,1890.0,15,300,9A9P,2330,2026-03-10
永豐竹北,1880.0,779,8492,9A9P,2330,2026-03-10
永豐竹北,1870.0,10801,2000,9A9P,2330,2026-03-10
永豐竹北,1860.0,3116,215,9A9P,2330,2026-03-10
永豐竹北,1850.0,6742,1000,9A9P,2330,2026-03-10
永豐竹北,1840.0,2443,1050,9A9P,2330,2026-03-10
永豐桃盛,1890.0,21,0,9A9N,2330,2026-03-10
永豐桃盛,1880.0,3521,2664,9A9N,2330,2026-03-10
永豐桃盛,1870.0,5250,2030,9A9N,2330,2026-03-10
永豐桃盛,1860.0,502,155,9A9N,2330,2026-03-10
永豐桃盛,1850.0,2228,2108,9A9N,2330,2026-03-10
永豐桃盛,1840.0,788,10,9A9N,2330,2026-03-10
永豐南投,1890.0,0,1,9A9M,2330,2026-03-10
永豐南投,1880.0,1879,1061,9A9M,2330,2026-03-10
永豐南投,1870.0,1273,1,9A9M,2330,2026-03-10
永豐南投,1860.0,519,230,9A9M,2330,2026-03-10
永豐南投,1850.0,250,2050,9A9M,2330,2026-03-10
永豐南投,1840.0,192,0,9A9M,2330,2026-03-10
永豐台中,1890.0,12,35,9A9L,2330,2026-03-10
永豐台中,1880.0,4252,5523,9A9L,2330,2026-03-10
永豐台中,1870.0,5797,3045,9A9L,2330,2026-03-10
永豐台中,1860.0,616,543,9A9L,2330,2026-03-10
永豐台中,1850.0,1009,1000,9A9L,2330,2026-03-10
永豐台中,1840.0,784,40,9A9L,2330,2026-03-10
永豐三重,1890.0,0,101,9A9K,2330,2026-03-10
永豐豐原,1835.0,25,0,9A9Q,2330,2026-03-10
元大中山,1835.0,31,2,9835,2330,2026-03-10
永豐虎尾,1855.0,231,20,9A9b,2330,2026-03-10
元大中壢,1875.0,12560,16024,9834,2330,2026-03-10
富邦永和,1855.0,2918,32,9654,2330,2026-03-10
元大竹北,1860.0,2578,1008,981B,2330,2026-03-10
元大竹北,1850.0,4592,0,981B,2330,2026-03-10
元大竹北,1840.0,300,1000,981B,2330,2026-03-10
元大三峽,1885.0,969,5260,981A,2330,2026-03-10
元大三峽,1875.0,752,3225,981A,2330,2026-03-10
元大三峽,1865.0,284,1010,981A,2330,2026-03-10
元大三峽,1855.0,2309,230,981A,2330,2026-03-10
元大三峽,1845.0,241,11,981A,2330,2026-03-10
富邦永和,1845.0,133,274,9654,2330,2026-03-10
元大三峽,1835.0,2046,0,981A,2330,2026-03-10
元大歸仁,1880.0,2096,1704,981a,2330,2026-03-10
元大歸仁,1870.0,5107,3100,981a,2330,2026-03-10
元大歸仁,1860.0,339,0,981a,2330,2026-03-10
元大歸仁,1850.0,5926,108,981a,2330,2026-03-10
元大歸仁,1840.0,311,4020,981a,2330,2026-03-10
元大東泰,1890.0,5,1,9817,2330,2026-03-10
元大東泰,1880.0,1650,1297,9817,2330,2026-03-10
元大東泰,1870.0,1104,5000,9817,2330,2026-03-10
元大東泰,1860.0,2610,593,9817,2330,2026-03-10
元大歸仁,1890.0,0,66,981a,2330,2026-03-10
元大東泰,1850.0,8686,66,9817,2330,2026-03-10
富邦永和,1835.0,4728,3000,9654,2330,2026-03-10
富邦新竹,1875.0,7578,18733,9647,2330,2026-03-10
富邦中壢,1860.0,1861,2152,9636,2330,2026-03-10
富邦中壢,1870.0,2317,3000,9636,2330,2026-03-10
富邦中壢,1880.0,33095,8374,9636,2330,2026-03-10
富邦中壢,1890.0,75,5,9636,2330,2026-03-10
富邦八德,1840.0,311,100,963A,2330,2026-03-10
富邦八德,1850.0,3409,1000,963A,2330,2026-03-10
富邦八德,1860.0,2101,2000,963A,2330,2026-03-10
富邦八德,1870.0,2376,0,963A,2330,2026-03-10
富邦八德,1880.0,4502,2709,963A,2330,2026-03-10
富邦新竹,1885.0,8062,17973,9647,2330,2026-03-10
富邦八德,1890.0,0,2011,963A,2330,2026-03-10
富邦豐原,1850.0,114,2000,963L,2330,2026-03-10
富邦豐原,1860.0,181,0,963L,2330,2026-03-10
富邦豐原,1870.0,67,0,963L,2330,2026-03-10
富邦豐原,1880.0,817,2202,963L,2330,2026-03-10
富邦豐原,1890.0,6,0,963L,2330,2026-03-10
富邦新竹,1835.0,522,100,9647,2330,2026-03-10
富邦新竹,1845.0,13782,1044,9647,2330,2026-03-10
富邦新竹,1855.0,20346,3408,9647,2330,2026-03-10
富邦新竹,1865.0,4748,2674,9647,2330,2026-03-10
富邦豐原,1840.0,1102,100,963L,2330,2026-03-10
富邦中壢,1850.0,9070,1141,9636,2330,2026-03-10
元大東泰,1840.0,1625,55,9817,2330,2026-03-10
元大新竹,1880.0,6066,5385,9816,2330,2026-03-10
元大台中,1870.0,1394,0,9812,2330,2026-03-10
元大台中,1860.0,725,66,9812,2330,2026-03-10
元大台中,1850.0,420,1,9812,2330,2026-03-10
元大台中,1840.0,2584,274,9812,2330,2026-03-10
元大西屯,1890.0,72,12,980w,2330,2026-03-10
元大西屯,1880.0,2859,659,980w,2330,2026-03-10
元大西屯,1870.0,3841,1001,980w,2330,2026-03-10
元大西屯,1860.0,823,3020,980w,2330,2026-03-10
元大西屯,1850.0,1585,5100,980w,2330,2026-03-10
元大台中,1880.0,6861,4654,9812,2330,2026-03-10
元大西屯,1840.0,1145,18262,980w,2330,2026-03-10
元大府城,1875.0,1321,6465,980u,2330,2026-03-10
元大府城,1865.0,278,222,980u,2330,2026-03-10
元大府城,1855.0,1246,1067,980u,2330,2026-03-10
元大府城,1845.0,1194,124,980u,2330,2026-03-10
元大府城,1835.0,285,0,980u,2330,2026-03-10
元大南海,1880.0,2485,460,980R,2330,2026-03-10
元大南海,1870.0,13123,0,980R,2330,2026-03-10
元大南海,1860.0,339,96,980R,2330,2026-03-10
元大南海,1850.0,201,66,980R,2330,2026-03-10
元大府城,1885.0,764,3080,980u,2330,2026-03-10
元大新竹,1890.0,121,15,9816,2330,2026-03-10
元大台中,1890.0,2171,300,9812,2330,2026-03-10
元大八德,1850.0,2684,2001,9813,2330,2026-03-10
元大新竹,1870.0,1510,0,9816,2330,2026-03-10
元大新竹,1860.0,1146,25,9816,2330,2026-03-10
元大新竹,1850.0,1145,0,9816,2330,2026-03-10
元大新竹,1840.0,615,0,9816,2330,2026-03-10
元大大灣,1890.0,118,20,9815,2330,2026-03-10
元大大灣,1880.0,622,14597,9815,2330,2026-03-10
元大大灣,1870.0,1121,140,9815,2330,2026-03-10
元大大灣,1860.0,1912,2000,9815,2330,2026-03-10
元大大灣,1850.0,2458,0,9815,2330,2026-03-10
元大八德,1840.0,3217,100,9813,2330,2026-03-10
元大大灣,1840.0,261,100,9815,2330,2026-03-10
元大大益,1880.0,12797,1247,9814,2330,2026-03-10
元大大益,1870.0,370,1000,9814,2330,2026-03-10
元大大益,1860.0,2117,556,9814,2330,2026-03-10
元大大益,1850.0,401,1000,9814,2330,2026-03-10
元大大益,1840.0,243,2000,9814,2330,2026-03-10
元大八德,1890.0,12,1,9813,2330,2026-03-10
元大八德,1880.0,1771,2260,9813,2330,2026-03-10
元大八德,1870.0,23633,4125,9813,2330,2026-03-10
元大八德,1860.0,3168,1036,9813,2330,2026-03-10
元大大益,1890.0,660,5,9814,2330,2026-03-10
富邦中壢,1840.0,3842,40,9636,2330,2026-03-10
富邦羅東,1890.0,70,0,9634,2330,2026-03-10
富邦羅東,1880.0,4183,4368,9634,2330,2026-03-10
富邦竹東,1855.0,3232,8,9625,2330,2026-03-10
富邦竹東,1865.0,1275,1100,9625,2330,2026-03-10
富邦竹東,1875.0,1436,5874,9625,2330,2026-03-10
富邦竹東,1885.0,3579,807,9625,2330,2026-03-10
富邦內湖,1830.0,1,0,9627,2330,2026-03-10
富邦內湖,1840.0,1104,1005,9627,2330,2026-03-10
富邦內湖,1850.0,6183,150,9627,2330,2026-03-10
富邦內湖,1860.0,1883,372,9627,2330,2026-03-10
富邦內湖,1870.0,2083,10010,9627,2330,2026-03-10
富邦竹東,1845.0,132,266,9625,2330,2026-03-10
富邦內湖,1880.0,7920,6713,9627,2330,2026-03-10
富邦南港,1840.0,174,0,962A,2330,2026-03-10
富邦南港,1850.0,1295,700,962A,2330,2026-03-10
富邦南港,1860.0,404,25,962A,2330,2026-03-10
富邦南港,1870.0,1381,1000,962A,2330,2026-03-10
富邦南港,1880.0,1989,3375,962A,2330,2026-03-10
富邦二林,1835.0,12,0,962B,2330,2026-03-10
富邦二林,1845.0,1116,0,962B,2330,2026-03-10
富邦二林,1855.0,305,13,962B,2330,2026-03-10
富邦二林,1865.0,1135,1007,962B,2330,2026-03-10
富邦內湖,1890.0,81,15,9627,2330,2026-03-10
富邦二林,1875.0,445,3260,962B,2330,2026-03-10
富邦竹東,1835.0,28,1000,9625,2330,2026-03-10
富邦竹北,1875.0,8239,5424,9624,2330,2026-03-10
富邦永康,1855.0,2217,2010,961Z,2330,2026-03-10
富邦永康,1865.0,1393,101,961Z,2330,2026-03-10
富邦永康,1875.0,1724,157,961Z,2330,2026-03-10
富邦永康,1885.0,2766,2679,961Z,2330,2026-03-10
富邦花蓮,1835.0,1032,0,9621,2330,2026-03-10
富邦花蓮,1845.0,285,5,9621,2330,2026-03-10
富邦花蓮,1855.0,3702,20,9621,2330,2026-03-10
富邦花蓮,1865.0,2357,47,9621,2330,2026-03-10
富邦花蓮,1875.0,4317,5479,9621,2330,2026-03-10
富邦竹北,1885.0,12199,2496,9624,2330,2026-03-10
富邦花蓮,1885.0,903,4538,9621,2330,2026-03-10
富邦台北,1845.0,600,201,9623,2330,2026-03-10
富邦台北,1855.0,6780,2342,9623,2330,2026-03-10
富邦台北,1865.0,6321,3569,9623,2330,2026-03-10
富邦台北,1875.0,13887,15473,9623,2330,2026-03-10
富邦台北,1885.0,9611,155933,9623,2330,2026-03-10
富邦竹北,1835.0,56,0,9624,2330,2026-03-10
富邦竹北,1845.0,648,31,9624,2330,2026-03-10
富邦竹北,1855.0,5619,2142,9624,2330,2026-03-10
富邦竹北,1865.0,7117,115,9624,2330,2026-03-10
富邦台北,1835.0,2488,118,9623,2330,2026-03-10
富邦二林,1885.0,372,3182,962B,2330,2026-03-10
富邦竹科,1830.0,110,0,962C,2330,2026-03-10
富邦竹科,1840.0,4186,1000,962C,2330,2026-03-10
富邦三峽,1860.0,1566,104,962J,2330,2026-03-10
富邦三峽,1870.0,2467,1001,962J,2330,2026-03-10
富邦三峽,1880.0,1441,1130,962J,2330,2026-03-10
富邦三峽,1890.0,0,1,962J,2330,2026-03-10
富邦頭份,1840.0,1977,1002,962P,2330,2026-03-10
富邦頭份,1850.0,1425,520,962P,2330,2026-03-10
富邦頭份,1860.0,834,1070,962P,2330,2026-03-10
富邦頭份,1870.0,3988,1002,962P,2330,2026-03-10
富邦頭份,1880.0,2883,1425,962P,2330,2026-03-10
富邦三峽,1850.0,3172,10,962J,2330,2026-03-10
富邦頭份,1890.0,15,21,962P,2330,2026-03-10
富邦北高,1850.0,3068,1000,962Q,2330,2026-03-10
富邦北高,1860.0,533,31,962Q,2330,2026-03-10
富邦北高,1870.0,1052,1000,962Q,2330,2026-03-10
富邦北高,1880.0,375,1191,962Q,2330,2026-03-10
富邦北高,1890.0,35,50,962Q,2330,2026-03-10
富邦羅東,1840.0,1600,3100,9634,2330,2026-03-10
富邦羅東,1850.0,3575,2504,9634,2330,2026-03-10
富邦羅東,1860.0,3574,1533,9634,2330,2026-03-10
富邦羅東,1870.0,5277,500,9634,2330,2026-03-10
富邦北高,1840.0,51,0,962Q,2330,2026-03-10
富邦三峽,1840.0,87,180,962J,2330,2026-03-10
富邦斗六,1890.0,25,20,962G,2330,2026-03-10
富邦斗六,1880.0,2445,30,962G,2330,2026-03-10
富邦竹科,1850.0,5387,0,962C,2330,2026-03-10
富邦竹科,1860.0,2511,200,962C,2330,2026-03-10
富邦竹科,1870.0,402,100,962C,2330,2026-03-10
富邦竹科,1880.0,5717,5870,962C,2330,2026-03-10
富邦竹科,1890.0,247,123,962C,2330,2026-03-10
富邦新莊,1840.0,102,2125,962D,2330,2026-03-10
富邦新莊,1850.0,1418,10,962D,2330,2026-03-10
富邦新莊,1860.0,184,125,962D,2330,2026-03-10
富邦新莊,1870.0,3082,20,962D,2330,2026-03-10
富邦新莊,1880.0,2104,247,962D,2330,2026-03-10
富邦新莊,1890.0,5,1,962D,2330,2026-03-10
富邦樹林,1840.0,336,10,962E,2330,2026-03-10
富邦樹林,1850.0,2257,10,962E,2330,2026-03-10
富邦樹林,1860.0,599,30,962E,2330,2026-03-10
富邦樹林,1870.0,6432,1000,962E,2330,2026-03-10
富邦樹林,1880.0,2356,4601,962E,2330,2026-03-10
富邦樹林,1890.0,15,110,962E,2330,2026-03-10
富邦斗六,1840.0,32,0,962G,2330,2026-03-10
富邦斗六,1850.0,1233,0,962G,2330,2026-03-10
富邦斗六,1860.0,475,60,962G,2330,2026-03-10
富邦斗六,1870.0,1385,5,962G,2330,2026-03-10
元大南海,1840.0,105,0,980R,2330,2026-03-10
富邦永康,1845.0,89,2,961Z,2330,2026-03-10
元大南崁,1890.0,58,170,980Q,2330,2026-03-10
元大南崁,1870.0,2298,10,980Q,2330,2026-03-10
富邦台南,1875.0,3949,8366,9667,2330,2026-03-10
富邦台南,1865.0,2992,576,9667,2330,2026-03-10
富邦台南,1855.0,3070,262,9667,2330,2026-03-10
富邦台南,1845.0,127,1015,9667,2330,2026-03-10
富邦台南,1835.0,178,20,9667,2330,2026-03-10
富邦南屯,1885.0,4557,4433,9666,2330,2026-03-10
富邦南屯,1875.0,2858,6720,9666,2330,2026-03-10
富邦南屯,1865.0,2338,352,9666,2330,2026-03-10
富邦南屯,1855.0,553,242,9666,2330,2026-03-10
富邦台南,1885.0,2381,3480,9667,2330,2026-03-10
富邦南屯,1845.0,298,264,9666,2330,2026-03-10
富邦桃園,1885.0,3687,2701,9665,2330,2026-03-10
富邦桃園,1875.0,6451,5337,9665,2330,2026-03-10
富邦桃園,1865.0,3667,2190,9665,2330,2026-03-10
富邦桃園,1855.0,3058,801,9665,2330,2026-03-10
富邦桃園,1845.0,515,530,9665,2330,2026-03-10
富邦桃園,1835.0,5106,10,9665,2330,2026-03-10
富邦敦南,1885.0,6256,921,9663,2330,2026-03-10
富邦敦南,1875.0,6243,6991,9663,2330,2026-03-10
富邦敦南,1865.0,4217,466,9663,2330,2026-03-10
富邦南屯,1835.0,346,80,9666,2330,2026-03-10
富邦敦南,1855.0,5527,434,9663,2330,2026-03-10
富邦左營,1835.0,134,0,966F,2330,2026-03-10
富邦左營,1855.0,3632,113,966F,2330,2026-03-10
富邦三重,1875.0,3919,2315,9677,2330,2026-03-10
富邦三重,1865.0,2466,1048,9677,2330,2026-03-10
富邦三重,1855.0,754,51,9677,2330,2026-03-10
富邦三重,1845.0,284,160,9677,2330,2026-03-10
富邦三重,1835.0,1395,0,9677,2330,2026-03-10
富邦仁愛,1885.0,17369,17154,9676,2330,2026-03-10
富邦仁愛,1875.0,21448,11103,9676,2330,2026-03-10
富邦仁愛,1865.0,6788,4271,9676,2330,2026-03-10
富邦仁愛,1855.0,7584,3828,9676,2330,2026-03-10
富邦左營,1845.0,2183,112,966F,2330,2026-03-10
富邦仁愛,1845.0,1966,323,9676,2330,2026-03-10
富邦員林,1885.0,1899,1283,9672,2330,2026-03-10
富邦員林,1875.0,618,1751,9672,2330,2026-03-10
富邦員林,1865.0,86,0,9672,2330,2026-03-10
富邦員林,1855.0,426,3,9672,2330,2026-03-10
富邦員林,1845.0,62,410,9672,2330,2026-03-10
富邦員林,1835.0,79,340,9672,2330,2026-03-10
富邦左營,1885.0,8040,901,966F,2330,2026-03-10
富邦左營,1875.0,6306,5891,966F,2330,2026-03-10
富邦左營,1865.0,2435,3017,966F,2330,2026-03-10
富邦仁愛,1835.0,2532,0,9676,2330,2026-03-10
富邦三重,1885.0,4369,2671,9677,2330,2026-03-10
富邦敦南,1845.0,358,308,9663,2330,2026-03-10
富邦新店,1885.0,3307,4984,9661,2330,2026-03-10
富邦建國,1875.0,14344,34558,9658,2330,2026-03-10
富邦建國,1865.0,6156,216,9658,2330,2026-03-10
富邦建國,1855.0,4522,3591,9658,2330,2026-03-10
富邦建國,1845.0,4906,1314,9658,2330,2026-03-10
富邦建國,1835.0,5170,0,9658,2330,2026-03-10
富邦苗栗,1885.0,213,1782,9657,2330,2026-03-10
富邦苗栗,1875.0,751,3400,9657,2330,2026-03-10
富邦苗栗,1865.0,159,53,9657,2330,2026-03-10
富邦苗栗,1855.0,1173,105,9657,2330,2026-03-10
富邦建國,1885.0,10040,10772,9658,2330,2026-03-10
富邦苗栗,1845.0,58,5,9657,2330,2026-03-10
富邦板橋,1885.0,6540,7720,9655,2330,2026-03-10
富邦板橋,1875.0,8906,3679,9655,2330,2026-03-10
富邦板橋,1865.0,2501,2250,9655,2330,2026-03-10
富邦永和,1875.0,19884,16399,9654,2330,2026-03-10
富邦永和,1885.0,1154,8917,9654,2330,2026-03-10
富邦板橋,1835.0,3477,1016,9655,2330,2026-03-10
富邦板橋,1845.0,2477,1471,9655,2330,2026-03-10
富邦板橋,1855.0,2230,1386,9655,2330,2026-03-10
元大中壢,1885.0,1878,6647,9834,2330,2026-03-10
富邦苗栗,1835.0,13,0,9657,2330,2026-03-10
富邦敦南,1835.0,3374,920,9663,2330,2026-03-10
富邦高雄,1835.0,1314,201,9659,2330,2026-03-10
富邦高雄,1855.0,3773,153,9659,2330,2026-03-10
富邦新店,1875.0,11932,15756,9661,2330,2026-03-10
富邦新店,1865.0,5095,4111,9661,2330,2026-03-10
富邦新店,1855.0,6029,2284,9661,2330,2026-03-10
富邦新店,1845.0,1657,31,9661,2330,2026-03-10
富邦新店,1835.0,296,2000,9661,2330,2026-03-10
富邦彰化,1885.0,654,4340,965U,2330,2026-03-10
富邦彰化,1875.0,4952,1344,965U,2330,2026-03-10
富邦彰化,1865.0,2394,10,965U,2330,2026-03-10
富邦彰化,1855.0,101,107,965U,2330,2026-03-10
富邦高雄,1845.0,1278,56,9659,2330,2026-03-10
富邦彰化,1845.0,610,20,965U,2330,2026-03-10
富邦台中,1885.0,2680,2700,965K,2330,2026-03-10
富邦台中,1875.0,2985,3615,965K,2330,2026-03-10
富邦台中,1865.0,1929,75,965K,2330,2026-03-10
富邦台中,1855.0,3574,201,965K,2330,2026-03-10
富邦台中,1845.0,2133,386,965K,2330,2026-03-10
富邦台中,1835.0,183,100,965K,2330,2026-03-10
富邦高雄,1885.0,2135,5593,9659,2330,2026-03-10
富邦高雄,1875.0,5405,4756,9659,2330,2026-03-10
富邦高雄,1865.0,1771,41,9659,2330,2026-03-10
富邦彰化,1835.0,76,0,965U,2330,2026-03-10
富邦宜蘭,1830.0,10,0,9686,2330,2026-03-10
富邦宜蘭,1840.0,410,1000,9686,2330,2026-03-10
富邦宜蘭,1850.0,1450,3,9686,2330,2026-03-10
元大清水,1865.0,551,6,980e,2330,2026-03-10
元大清水,1855.0,345,186,980e,2330,2026-03-10
元大清水,1845.0,89,41,980e,2330,2026-03-10
元大清水,1835.0,236,0,980e,2330,2026-03-10
元大北府,1885.0,1637,3724,980D,2330,2026-03-10
元大北府,1875.0,13167,1631,980D,2330,2026-03-10
元大北府,1865.0,466,1250,980D,2330,2026-03-10
元大北府,1855.0,1044,105,980D,2330,2026-03-10
元大北府,1845.0,70,40,980D,2330,2026-03-10
元大清水,1875.0,1381,1386,980e,2330,2026-03-10
元大北府,1835.0,69,0,980D,2330,2026-03-10
元大沙鹿,1880.0,1911,4200,980d,2330,2026-03-10
元大沙鹿,1870.0,2329,2050,980d,2330,2026-03-10
元大沙鹿,1860.0,3068,323,980d,2330,2026-03-10
元大沙鹿,1850.0,2766,20,980d,2330,2026-03-10
元大沙鹿,1840.0,191,58,980d,2330,2026-03-10
元大斗六,1890.0,25,80,980C,2330,2026-03-10
元大斗六,1880.0,4579,7365,980C,2330,2026-03-10
元大斗六,1870.0,2943,0,980C,2330,2026-03-10
元大斗六,1860.0,1025,80,980C,2330,2026-03-10
元大沙鹿,1890.0,57,15,980d,2330,2026-03-10
元大斗六,1850.0,7362,10,980C,2330,2026-03-10
元大清水,1885.0,316,1738,980e,2330,2026-03-10
元大台北,1840.0,6898,0,980h,2330,2026-03-10
元大南崁,1860.0,582,2200,980Q,2330,2026-03-10
元大南崁,1850.0,1955,0,980Q,2330,2026-03-10
元大虎尾,1890.0,88,0,980l,2330,2026-03-10
元大虎尾,1880.0,731,62,980l,2330,2026-03-10
元大虎尾,1870.0,3314,0,980l,2330,2026-03-10
元大虎尾,1860.0,330,230,980l,2330,2026-03-10
元大虎尾,1850.0,409,100,980l,2330,2026-03-10
元大虎尾,1840.0,582,1034,980l,2330,2026-03-10
元大竹科,1890.0,1315,100,980K,2330,2026-03-10
元大台北,1830.0,1000,1000,980h,2330,2026-03-10
元大竹科,1880.0,12233,6786,980K,2330,2026-03-10
元大竹科,1860.0,4243,3216,980K,2330,2026-03-10
元大竹科,1850.0,2250,2100,980K,2330,2026-03-10
元大竹科,1840.0,1864,3035,980K,2330,2026-03-10
元大台北,1890.0,105,20,980h,2330,2026-03-10
元大台北,1880.0,9139,9806,980h,2330,2026-03-10
富邦永和,1865.0,12477,1024,9654,2330,2026-03-10
元大台北,1870.0,8157,200,980h,2330,2026-03-10
元大台北,1860.0,3832,435,980h,2330,2026-03-10
元大台北,1850.0,12585,4004,980h,2330,2026-03-10
元大竹科,1870.0,4838,1000,980K,2330,2026-03-10
元大斗六,1840.0,1192,0,980C,2330,2026-03-10
元大中北,1890.0,1050,6,980a,2330,2026-03-10
元大中北,1880.0,1170,1202,980a,2330,2026-03-10
富邦虎尾,1865.0,666,255,9697,2330,2026-03-10
富邦虎尾,1855.0,1196,1000,9697,2330,2026-03-10
富邦虎尾,1845.0,52,0,9697,2330,2026-03-10
富邦虎尾,1835.0,2048,10,9697,2330,2026-03-10
富邦新營,1885.0,122,1510,9693,2330,2026-03-10
富邦新營,1875.0,229,470,9693,2330,2026-03-10
富邦新營,1865.0,202,20,9693,2330,2026-03-10
富邦新營,1855.0,291,1200,9693,2330,2026-03-10
富邦新營,1845.0,122,0,9693,2330,2026-03-10
富邦虎尾,1875.0,2824,1188,9697,2330,2026-03-10
富邦新營,1835.0,16,300,9693,2330,2026-03-10
富邦嘉義,1875.0,7021,50448,9692,2330,2026-03-10
富邦嘉義,1865.0,941,1020,9692,2330,2026-03-10
富邦嘉義,1855.0,1762,1590,9692,2330,2026-03-10
富邦嘉義,1845.0,143,103,9692,2330,2026-03-10
富邦嘉義,1835.0,1088,0,9692,2330,2026-03-10
富邦宜蘭,1890.0,1,300,9686,2330,2026-03-10
富邦宜蘭,1880.0,2384,3104,9686,2330,2026-03-10
富邦宜蘭,1870.0,1180,2000,9686,2330,2026-03-10
富邦宜蘭,1860.0,631,0,9686,2330,2026-03-10
富邦嘉義,1885.0,53278,5710,9692,2330,2026-03-10
富邦虎尾,1885.0,4896,2566,9697,2330,2026-03-10
富邦北港,1835.0,1006,0,969C,2330,2026-03-10
富邦北港,1845.0,106,1002,969C,2330,2026-03-10
元大中北,1870.0,2919,2000,980a,2330,2026-03-10
元大中北,1860.0,962,148,980a,2330,2026-03-10
元大中北,1850.0,1520,51,980a,2330,2026-03-10
元大中北,1840.0,1321,361,980a,2330,2026-03-10
元大中北,1830.0,1000,0,980a,2330,2026-03-10
元大松江,1880.0,6472,3244,9801,2330,2026-03-10
元大松江,1870.0,8378,30,9801,2330,2026-03-10
元大松江,1860.0,3090,203,9801,2330,2026-03-10
元大松江,1850.0,5380,10,9801,2330,2026-03-10
元大松江,1840.0,1126,0,9801,2330,2026-03-10
元大,1890.0,1101,19723,9800,2330,2026-03-10
元大,1880.0,348602,586104,9800,2330,2026-03-10
元大,1870.0,128677,285974,9800,2330,2026-03-10
元大,1860.0,158762,287949,9800,2330,2026-03-10
元大,1850.0,1772596,87040,9800,2330,2026-03-10
元大,1840.0,57438,215028,9800,2330,2026-03-10
元大,1830.0,4,0,9800,2330,2026-03-10
富邦北港,1885.0,1068,5550,969C,2330,2026-03-10
富邦北港,1875.0,2190,2051,969C,2330,2026-03-10
富邦北港,1865.0,2120,60,969C,2330,2026-03-10
富邦北港,1855.0,2009,200,969C,2330,2026-03-10
元大南崁,1880.0,4400,3094,980Q,2330,2026-03-10
富邦永康,1835.0,9,0,961Z,2330,2026-03-10
元大南崁,1840.0,1461,80,980Q,2330,2026-03-10
富邦屏東,1875.0,505,227,961Y,2330,2026-03-10
元大太平,1835.0,57,0,981Q,2330,2026-03-10
元大萬華,1885.0,2329,6025,981q,2330,2026-03-10
元大萬華,1875.0,5327,3446,981q,2330,2026-03-10
元大萬華,1865.0,1520,200,981q,2330,2026-03-10
元大萬華,1855.0,176,1008,981q,2330,2026-03-10
元大萬華,1845.0,60,0,981q,2330,2026-03-10
元大萬華,1835.0,6050,400,981q,2330,2026-03-10
元大松山,1885.0,2346,2212,981p,2330,2026-03-10
元大松山,1875.0,454,3022,981p,2330,2026-03-10
元大太平,1845.0,91,90,981Q,2330,2026-03-10
元大松山,1865.0,368,1100,981p,2330,2026-03-10
元大松山,1845.0,23,115,981p,2330,2026-03-10
元大松山,1835.0,112,0,981p,2330,2026-03-10
元大金門,1885.0,890,973,981N,2330,2026-03-10
元大金門,1875.0,620,260,981N,2330,2026-03-10
元大金門,1865.0,228,10,981N,2330,2026-03-10
元大金門,1855.0,325,1120,981N,2330,2026-03-10
元大金門,1845.0,53,101,981N,2330,2026-03-10
元大金門,1835.0,43,0,981N,2330,2026-03-10
元大旗山,1885.0,1663,2696,981n,2330,2026-03-10
元大松山,1855.0,706,5,981p,2330,2026-03-10
元大旗山,1875.0,2166,2645,981n,2330,2026-03-10
元大太平,1855.0,381,102,981Q,2330,2026-03-10
元大太平,1875.0,3081,2268,981Q,2330,2026-03-10
元大華山,1835.0,111,0,981U,2330,2026-03-10
元大崇德,1885.0,2574,2348,981S,2330,2026-03-10
元大崇德,1875.0,5807,7131,981S,2330,2026-03-10
元大崇德,1865.0,3256,1070,981S,2330,2026-03-10
元大崇德,1855.0,2542,1087,981S,2330,2026-03-10
元大崇德,1845.0,338,0,981S,2330,2026-03-10
元大崇德,1835.0,1414,0,981S,2330,2026-03-10
元大竹山,1885.0,1169,1060,981R,2330,2026-03-10
元大竹山,1875.0,931,1135,981R,2330,2026-03-10
元大太平,1865.0,233,163,981Q,2330,2026-03-10
元大竹山,1865.0,569,0,981R,2330,2026-03-10
元大竹山,1845.0,377,100,981R,2330,2026-03-10
元大竹山,1835.0,15,0,981R,2330,2026-03-10
元大屏南,1885.0,2496,200,981r,2330,2026-03-10
元大屏南,1875.0,742,776,981r,2330,2026-03-10
元大屏南,1865.0,68,170,981r,2330,2026-03-10
元大屏南,1855.0,210,726,981r,2330,2026-03-10
元大屏南,1845.0,1037,0,981r,2330,2026-03-10
元大屏南,1835.0,61,10,981r,2330,2026-03-10
元大太平,1885.0,1319,2336,981Q,2330,2026-03-10
元大竹山,1855.0,410,10,981R,2330,2026-03-10
元大華山,1845.0,30,0,981U,2330,2026-03-10
元大旗山,1865.0,1064,1,981n,2330,2026-03-10
元大旗山,1845.0,144,0,981n,2330,2026-03-10
元大林園,1840.0,32,2000,981K,2330,2026-03-10
元大士林,1890.0,80,15,981j,2330,2026-03-10
元大士林,1880.0,2498,5628,981j,2330,2026-03-10
元大士林,1870.0,1449,2000,981j,2330,2026-03-10
元大士林,1860.0,3342,479,981j,2330,2026-03-10
元大士林,1850.0,2523,5000,981j,2330,2026-03-10
元大士林,1840.0,2112,156,981j,2330,2026-03-10
元大天母,1890.0,120,76,981I,2330,2026-03-10
元大天母,1880.0,4273,1901,981I,2330,2026-03-10
元大林園,1850.0,2087,11,981K,2330,2026-03-10
元大天母,1870.0,631,7000,981I,2330,2026-03-10
元大天母,1850.0,11638,1010,981I,2330,2026-03-10
元大天母,1840.0,4001,0,981I,2330,2026-03-10
元大天母,1830.0,1000,0,981I,2330,2026-03-10
元大西螺,1885.0,415,519,981i,2330,2026-03-10
元大西螺,1875.0,1592,71,981i,2330,2026-03-10
元大西螺,1865.0,173,6,981i,2330,2026-03-10
元大西螺,1855.0,434,100,981i,2330,2026-03-10
元大西螺,1845.0,117,0,981i,2330,2026-03-10
元大西螺,1835.0,53,0,981i,2330,2026-03-10
元大天母,1860.0,352,106,981I,2330,2026-03-10
元大旗山,1855.0,1612,202,981n,2330,2026-03-10
元大林園,1860.0,894,1000,981K,2330,2026-03-10
元大林園,1880.0,1388,3024,981K,2330,2026-03-10
元大旗山,1835.0,67,0,981n,2330,2026-03-10
元大苗栗,1885.0,389,208,981M,2330,2026-03-10
元大苗栗,1875.0,1337,242,981M,2330,2026-03-10
元大苗栗,1865.0,172,103,981M,2330,2026-03-10
元大苗栗,1855.0,211,1056,981M,2330,2026-03-10
元大苗栗,1845.0,2,1019,981M,2330,2026-03-10
元大苗栗,1835.0,8,0,981M,2330,2026-03-10
元大前金,1885.0,1163,3531,981m,2330,2026-03-10
元大前金,1875.0,3039,1696,981m,2330,2026-03-10
元大林園,1870.0,108,0,981K,2330,2026-03-10
元大前金,1865.0,785,41,981m,2330,2026-03-10
元大前金,1845.0,1304,30,981m,2330,2026-03-10
元大前金,1835.0,165,10,981m,2330,2026-03-10
元大莒光,1890.0,180,0,981L,2330,2026-03-10
元大莒光,1880.0,3835,1208,981L,2330,2026-03-10
元大莒光,1870.0,1508,60,981L,2330,2026-03-10
元大莒光,1860.0,989,546,981L,2330,2026-03-10
元大莒光,1850.0,678,1000,981L,2330,2026-03-10
元大莒光,1840.0,464,131,981L,2330,2026-03-10
元大林園,1890.0,10,0,981K,2330,2026-03-10
元大前金,1855.0,1793,1100,981m,2330,2026-03-10
元大華山,1855.0,5072,0,981U,2330,2026-03-10
元大華山,1875.0,104,38,981U,2330,2026-03-10
元大華山,1885.0,66,147,981U,2330,2026-03-10
元大六合,1870.0,435,5050,982C,2330,2026-03-10
元大六合,1860.0,2995,15,982C,2330,2026-03-10
元大六合,1850.0,3224,90,982C,2330,2026-03-10
元大六合,1840.0,652,20,982C,2330,2026-03-10
元大博愛,1890.0,169,229,982B,2330,2026-03-10
元大博愛,1880.0,7262,9085,982B,2330,2026-03-10
元大博愛,1870.0,2576,5013,982B,2330,2026-03-10
元大博愛,1860.0,5630,1115,982B,2330,2026-03-10
元大博愛,1850.0,6012,2520,982B,2330,2026-03-10
元大六合,1880.0,2534,5646,982C,2330,2026-03-10
元大博愛,1840.0,875,2138,982B,2330,2026-03-10
元大羅東,1880.0,842,4430,982A,2330,2026-03-10
元大羅東,1870.0,308,1001,982A,2330,2026-03-10
元大羅東,1860.0,1220,1016,982A,2330,2026-03-10
元大羅東,1850.0,772,2003,982A,2330,2026-03-10
元大羅東,1840.0,1197,11,982A,2330,2026-03-10
元大永康,1890.0,155,0,9829,2330,2026-03-10
元大永康,1880.0,1566,1445,9829,2330,2026-03-10
元大永康,1870.0,1420,1000,9829,2330,2026-03-10
元大永康,1860.0,1322,44,9829,2330,2026-03-10
元大羅東,1890.0,81,51,982A,2330,2026-03-10
元大永康,1850.0,2312,5,9829,2330,2026-03-10
元大六合,1890.0,314,5,982C,2330,2026-03-10
元大忠鼎,1855.0,1000,0,982F,2330,2026-03-10
元大中壢,1865.0,6418,1781,9834,2330,2026-03-10
富邦屏東,1885.0,98,160,961Y,2330,2026-03-10
元大中壢,1855.0,4292,6,9834,2330,2026-03-10
元大中壢,1845.0,427,355,9834,2330,2026-03-10
元大中壢,1835.0,3635,2092,9834,2330,2026-03-10
元大敦化,1885.0,1527,462,9833,2330,2026-03-10
元大敦化,1875.0,1394,51100,9833,2330,2026-03-10
元大敦化,1865.0,420,3136,9833,2330,2026-03-10
元大敦化,1855.0,3302,1,9833,2330,2026-03-10
元大忠鼎,1840.0,1000,0,982F,2330,2026-03-10
元大敦化,1845.0,300,30,9833,2330,2026-03-10
元大四維,1890.0,275,2000,9831,2330,2026-03-10
元大四維,1880.0,471,10705,9831,2330,2026-03-10
元大四維,1870.0,1364,110,9831,2330,2026-03-10
元大四維,1860.0,1403,5051,9831,2330,2026-03-10
元大四維,1850.0,8721,1008,9831,2330,2026-03-10
元大四維,1840.0,1274,5,9831,2330,2026-03-10
元大忠鼎,1885.0,62,1000,982F,2330,2026-03-10
元大忠鼎,1875.0,221,1030,982F,2330,2026-03-10
元大忠鼎,1865.0,1155,0,982F,2330,2026-03-10
元大敦化,1835.0,1072,1010,9833,2330,2026-03-10
元大永康,1840.0,2573,0,9829,2330,2026-03-10
元大新營,1890.0,130,47,9825,2330,2026-03-10
元大新營,1880.0,1878,1101,9825,2330,2026-03-10
元大大統,1855.0,1885,133,981z,2330,2026-03-10
元大大統,1845.0,261,0,981z,2330,2026-03-10
元大大統,1835.0,1076,11,981z,2330,2026-03-10
元大善化,1885.0,4239,2554,981y,2330,2026-03-10
元大善化,1875.0,4993,2551,981y,2330,2026-03-10
元大善化,1865.0,458,1690,981y,2330,2026-03-10
元大善化,1855.0,1632,1082,981y,2330,2026-03-10
元大善化,1845.0,1169,2010,981y,2330,2026-03-10
元大善化,1835.0,1121,10,981y,2330,2026-03-10
元大大統,1865.0,281,5,981z,2330,2026-03-10
元大新生,1880.0,1205,30,981X,2330,2026-03-10
元大新生,1860.0,187,0,981X,2330,2026-03-10
元大新生,1850.0,2782,0,981X,2330,2026-03-10
元大新生,1840.0,6,10,981X,2330,2026-03-10
元大民雄,1885.0,451,1645,981V,2330,2026-03-10
元大民雄,1875.0,275,100,981V,2330,2026-03-10
元大民雄,1865.0,183,129,981V,2330,2026-03-10
元大民雄,1855.0,223,100,981V,2330,2026-03-10
元大民雄,1845.0,26,0,981V,2330,2026-03-10
元大民雄,1835.0,70,0,981V,2330,2026-03-10
元大新生,1870.0,1076,0,981X,2330,2026-03-10
元大大統,1875.0,1177,2680,981z,2330,2026-03-10
元大大統,1885.0,2213,1105,981z,2330,2026-03-10
元大潮州,1835.0,110,0,981Z,2330,2026-03-10
元大新營,1870.0,132,1000,9825,2330,2026-03-10
元大新營,1860.0,1483,415,9825,2330,2026-03-10
元大新營,1850.0,261,200,9825,2330,2026-03-10
元大新營,1840.0,1270,100,9825,2330,2026-03-10
元大向上,1885.0,257,163,9824,2330,2026-03-10
元大向上,1875.0,269,1550,9824,2330,2026-03-10
元大向上,1865.0,419,20,9824,2330,2026-03-10
元大向上,1855.0,55,26,9824,2330,2026-03-10
元大向上,1845.0,193,10,9824,2330,2026-03-10
元大向上,1835.0,14,0,9824,2330,2026-03-10
元大學府,1885.0,271,1688,9822,2330,2026-03-10
元大學府,1875.0,567,32,9822,2330,2026-03-10
元大學府,1865.0,3366,500,9822,2330,2026-03-10
元大學府,1855.0,351,1010,9822,2330,2026-03-10
元大學府,1845.0,238,0,9822,2330,2026-03-10
元大學府,1835.0,1078,6,9822,2330,2026-03-10
元大潮州,1885.0,165,55,981Z,2330,2026-03-10
元大潮州,1875.0,412,2050,981Z,2330,2026-03-10
元大潮州,1865.0,1263,0,981Z,2330,2026-03-10
元大潮州,1855.0,96,1510,981Z,2330,2026-03-10
元大潮州,1845.0,56,10,981Z,2330,2026-03-10
元大屏生,1885.0,4377,2749,981h,2330,2026-03-10
元大屏生,1875.0,3224,601,981h,2330,2026-03-10
元大華山,1865.0,2209,2000,981U,2330,2026-03-10
元大屏生,1855.0,496,55,981h,2330,2026-03-10
富邦台東,1835.0,8,0,9608,2330,2026-03-10
富邦台東,1845.0,46,0,9608,2330,2026-03-10
富邦台東,1855.0,236,10,9608,2330,2026-03-10
富邦台東,1865.0,2364,0,9608,2330,2026-03-10
富邦台東,1875.0,1125,28,9608,2330,2026-03-10
富邦台東,1885.0,1816,59,9608,2330,2026-03-10
富邦基隆,1840.0,5096,20,9614,2330,2026-03-10
富邦基隆,1850.0,1067,0,9614,2330,2026-03-10
富邦基隆,1860.0,225,300,9614,2330,2026-03-10
富邦陽明,1885.0,4814,5482,9604,2330,2026-03-10
富邦基隆,1870.0,1101,0,9614,2330,2026-03-10
富邦基隆,1890.0,11,10,9614,2330,2026-03-10
富邦岡山,1840.0,10081,1,9616,2330,2026-03-10
富邦岡山,1850.0,7338,10,9616,2330,2026-03-10
富邦岡山,1860.0,1400,5,9616,2330,2026-03-10
富邦岡山,1870.0,20232,0,9616,2330,2026-03-10
富邦岡山,1880.0,209,1021,9616,2330,2026-03-10
富邦岡山,1890.0,21,2,9616,2330,2026-03-10
富邦南京,1840.0,734,1180,961C,2330,2026-03-10
富邦南京,1850.0,1711,2081,961C,2330,2026-03-10
富邦基隆,1880.0,545,1035,9614,2330,2026-03-10
富邦南京,1870.0,6619,2040,961C,2330,2026-03-10
富邦陽明,1875.0,18823,13408,9604,2330,2026-03-10
富邦陽明,1855.0,1993,10937,9604,2330,2026-03-10
華南虎尾,1845.0,1021,148,9377,2330,2026-03-10
華南虎尾,1855.0,3125,60,9377,2330,2026-03-10
華南虎尾,1865.0,73,274,9377,2330,2026-03-10
華南虎尾,1875.0,3342,3650,9377,2330,2026-03-10
華南虎尾,1885.0,2483,1168,9377,2330,2026-03-10
華南東昇,1835.0,51,0,9386,2330,2026-03-10
華南東昇,1845.0,89,0,9386,2330,2026-03-10
華南東昇,1855.0,120,230,9386,2330,2026-03-10
華南東昇,1865.0,1216,12,9386,2330,2026-03-10
富邦陽明,1865.0,8087,20231,9604,2330,2026-03-10
華南東昇,1875.0,613,422,9386,2330,2026-03-10
富邦,1830.0,0,23000,9600,2330,2026-03-10
富邦,1840.0,20583,354009,9600,2330,2026-03-10
富邦,1850.0,29683,949005,9600,2330,2026-03-10
富邦,1860.0,103978,36374,9600,2330,2026-03-10
富邦,1870.0,254619,237047,9600,2330,2026-03-10
富邦,1880.0,354723,1155212,9600,2330,2026-03-10
富邦,1890.0,12067,5,9600,2330,2026-03-10
富邦陽明,1835.0,1403,1002,9604,2330,2026-03-10
富邦陽明,1845.0,3555,237,9604,2330,2026-03-10
華南東昇,1885.0,1406,160,9386,2330,2026-03-10
富邦南京,1880.0,11070,3880,961C,2330,2026-03-10
富邦南京,1890.0,30,0,961C,2330,2026-03-10
富邦公益,1840.0,2647,1000,961F,2330,2026-03-10
富邦青埔,1865.0,1363,1084,961N,2330,2026-03-10
富邦青埔,1875.0,3389,2705,961N,2330,2026-03-10
富邦青埔,1885.0,365,1750,961N,2330,2026-03-10
富邦和美,1835.0,33,0,961P,2330,2026-03-10
富邦和美,1845.0,2300,0,961P,2330,2026-03-10
富邦和美,1855.0,353,0,961P,2330,2026-03-10
富邦和美,1865.0,1223,1060,961P,2330,2026-03-10
富邦和美,1875.0,3062,3111,961P,2330,2026-03-10
富邦和美,1885.0,302,368,961P,2330,2026-03-10
富邦青埔,1855.0,441,102,961N,2330,2026-03-10
富邦南員,1835.0,275,0,961R,2330,2026-03-10
富邦南員,1855.0,584,17,961R,2330,2026-03-10
富邦南員,1865.0,1244,0,961R,2330,2026-03-10
富邦南員,1875.0,2285,5137,961R,2330,2026-03-10
富邦南員,1885.0,119,2207,961R,2330,2026-03-10
富邦屏東,1835.0,73,0,961Y,2330,2026-03-10
富邦屏東,1845.0,66,2,961Y,2330,2026-03-10
元大屏生,1865.0,277,30,981h,2330,2026-03-10
富邦屏東,1855.0,256,0,961Y,2330,2026-03-10
富邦屏東,1865.0,138,8,961Y,2330,2026-03-10
富邦南員,1845.0,46,10,961R,2330,2026-03-10
富邦青埔,1845.0,277,241,961N,2330,2026-03-10
富邦青埔,1835.0,1013,0,961N,2330,2026-03-10
富邦木柵,1880.0,2712,171,961M,2330,2026-03-10
富邦公益,1850.0,2845,1116,961F,2330,2026-03-10
富邦公益,1860.0,1377,2573,961F,2330,2026-03-10
富邦公益,1870.0,4924,1100,961F,2330,2026-03-10
富邦公益,1880.0,3310,5864,961F,2330,2026-03-10
富邦公益,1890.0,86,252,961F,2330,2026-03-10
富邦新板,1840.0,218,1000,961H,2330,2026-03-10
富邦新板,1850.0,3601,4000,961H,2330,2026-03-10
富邦新板,1860.0,1270,1003,961H,2330,2026-03-10
富邦新板,1870.0,1174,0,961H,2330,2026-03-10
富邦新板,1880.0,4664,1065,961H,2330,2026-03-10
富邦新板,1890.0,100,0,961H,2330,2026-03-10
富邦七賢,1840.0,2218,230,961K,2330,2026-03-10
富邦七賢,1850.0,1559,0,961K,2330,2026-03-10
富邦七賢,1860.0,2745,143,961K,2330,2026-03-10
富邦七賢,1870.0,1314,10,961K,2330,2026-03-10
富邦七賢,1880.0,1730,2433,961K,2330,2026-03-10
富邦七賢,1890.0,6,3,961K,2330,2026-03-10
富邦木柵,1840.0,3360,0,961M,2330,2026-03-10
富邦木柵,1850.0,2372,3350,961M,2330,2026-03-10
富邦木柵,1860.0,5403,0,961M,2330,2026-03-10
富邦木柵,1870.0,2308,3000,961M,2330,2026-03-10
華南虎尾,1835.0,51,0,9377,2330,2026-03-10
華南三重,1885.0,406,1,9369,2330,2026-03-10
富邦南京,1860.0,1667,418,961C,2330,2026-03-10
華南三重,1875.0,8490,1100,9369,2330,2026-03-10
元大發財,1845.0,79,0,981E,2330,2026-03-10
元大發財,1835.0,23,0,981E,2330,2026-03-10
元大佳里,1885.0,926,2016,981e,2330,2026-03-10
元大佳里,1875.0,1302,1245,981e,2330,2026-03-10
元大佳里,1865.0,350,420,981e,2330,2026-03-10
元大佳里,1855.0,1200,113,981e,2330,2026-03-10
元大佳里,1845.0,1034,200,981e,2330,2026-03-10
元大佳里,1835.0,1031,0,981e,2330,2026-03-10
元大南投,1885.0,1624,7204,981D,2330,2026-03-10
元大屏生,1845.0,1038,100,981h,2330,2026-03-10
元大南投,1875.0,4674,4245,981D,2330,2026-03-10
元大南投,1855.0,1545,4179,981D,2330,2026-03-10
元大南投,1845.0,2345,1,981D,2330,2026-03-10
元大南投,1835.0,33,0,981D,2330,2026-03-10
元大路竹,1890.0,1500,40,981C,2330,2026-03-10
元大路竹,1880.0,7019,1140,981C,2330,2026-03-10
元大路竹,1870.0,142,1000,981C,2330,2026-03-10
元大路竹,1860.0,331,10,981C,2330,2026-03-10
元大路竹,1850.0,519,500,981C,2330,2026-03-10
元大路竹,1840.0,44,3010,981C,2330,2026-03-10
元大南投,1865.0,2393,10,981D,2330,2026-03-10
元大竹北,1890.0,103,0,981B,2330,2026-03-10
元大發財,1865.0,1160,10,981E,2330,2026-03-10
元大發財,1885.0,4587,138,981E,2330,2026-03-10
元大屏生,1835.0,18,0,981h,2330,2026-03-10
元大彰化,1885.0,1541,170,981G,2330,2026-03-10
元大彰化,1875.0,3110,26,981G,2330,2026-03-10
元大彰化,1865.0,296,162,981G,2330,2026-03-10
元大彰化,1855.0,481,1051,981G,2330,2026-03-10
元大彰化,1845.0,158,80,981G,2330,2026-03-10
元大彰化,1835.0,1168,0,981G,2330,2026-03-10
元大大里,1890.0,294,5,981g,2330,2026-03-10
元大大里,1880.0,4598,5163,981g,2330,2026-03-10
元大發財,1875.0,147,4050,981E,2330,2026-03-10
元大大里,1870.0,3132,1023,981g,2330,2026-03-10
元大大里,1850.0,592,1113,981g,2330,2026-03-10
元大大里,1840.0,1575,3072,981g,2330,2026-03-10
元大福營,1890.0,51,0,981F,2330,2026-03-10
元大福營,1880.0,5741,1146,981F,2330,2026-03-10
元大福營,1870.0,1553,1000,981F,2330,2026-03-10
元大福營,1860.0,6390,1401,981F,2330,2026-03-10
元大福營,1850.0,1796,0,981F,2330,2026-03-10
元大福營,1840.0,1638,12,981F,2330,2026-03-10
元大福營,1830.0,8,0,981F,2330,2026-03-10
元大大里,1860.0,3630,25,981g,2330,2026-03-10
元大竹北,1880.0,4200,3849,981B,2330,2026-03-10
元大發財,1855.0,753,15,981E,2330,2026-03-10
華南彰化,1870.0,1079,0,9363,2330,2026-03-10
華南苗栗,1840.0,40,1,9362,2330,2026-03-10
華南苗栗,1850.0,42,11,9362,2330,2026-03-10
華南苗栗,1870.0,1056,3000,9362,2330,2026-03-10
華南苗栗,1880.0,549,1323,9362,2330,2026-03-10
華南苗栗,1890.0,1000,0,9362,2330,2026-03-10
華南彰化,1840.0,183,5,9363,2330,2026-03-10
華南彰化,1850.0,1409,15,9363,2330,2026-03-10
華南彰化,1860.0,259,5056,9363,2330,2026-03-10
華南彰化,1880.0,2502,1484,9363,2330,2026-03-10
華南中正,1890.0,36,0,9359,2330,2026-03-10
華南彰化,1890.0,5,210,9363,2330,2026-03-10
華南豐原,1850.0,70,1000,9366,2330,2026-03-10
華南豐原,1860.0,196,4,9366,2330,2026-03-10
華南豐原,1870.0,1048,0,9366,2330,2026-03-10
華南豐原,1880.0,4181,1036,9366,2330,2026-03-10
華南三重,1835.0,10,0,9369,2330,2026-03-10
華南三重,1845.0,100,0,9369,2330,2026-03-10
華南三重,1855.0,168,0,9369,2330,2026-03-10
元大竹北,1870.0,2430,2,981B,2330,2026-03-10
華南三重,1865.0,56,0,9369,2330,2026-03-10
華南豐原,1840.0,1106,0,9366,2330,2026-03-10
華南中正,1880.0,1408,3075,9359,2330,2026-03-10
華南苗栗,1860.0,3402,605,9362,2330,2026-03-10
華南中正,1860.0,2106,566,9359,2330,2026-03-10
華南板橋,1840.0,88,0,9349,2330,2026-03-10
華南板橋,1850.0,103,0,9349,2330,2026-03-10
華南板橋,1860.0,1247,0,9349,2330,2026-03-10
華南板橋,1870.0,450,1000,9349,2330,2026-03-10
華南板橋,1880.0,876,11,9349,2330,2026-03-10
華南板橋,1890.0,0,1000,9349,2330,2026-03-10
華南桃園,1835.0,10,0,9352,2330,2026-03-10
華南中正,1870.0,8226,25,9359,2330,2026-03-10
華南桃園,1855.0,362,50,9352,2330,2026-03-10
華南桃園,1865.0,657,1,9352,2330,2026-03-10
華南桃園,1875.0,2325,55,9352,2330,2026-03-10
華南桃園,1845.0,41,0,9352,2330,2026-03-10
華南中正,1840.0,1130,1000,9359,2330,2026-03-10
華南東勢,1835.0,2,0,9358,2330,2026-03-10
華南東勢,1845.0,112,0,9358,2330,2026-03-10
華南東勢,1855.0,135,0,9358,2330,2026-03-10
華南東勢,1865.0,313,0,9358,2330,2026-03-10
華南東勢,1875.0,89,1730,9358,2330,2026-03-10
華南東勢,1885.0,61,151,9358,2330,2026-03-10
華南桃園,1885.0,1313,387,9352,2330,2026-03-10
華南中正,1850.0,2369,9000,9359,2330,2026-03-10
