securities_trader,price,buy,sell,securities_trader_id,stock_id,date
群益萬華,206.5,0,180,913I,2603,2026-03-23
群益北高,206.5,1000,2000,913R,2603,2026-03-23
群益北高,204.5,800,0,913R,2603,2026-03-23
群益北高,203.5,10200,1000,913R,2603,2026-03-23
群益土城,208.0,1000,0,913N,2603,2026-03-23
群益土城,206.0,30,0,913N,2603,2026-03-23
群益土城,204.0,2000,5,913N,2603,2026-03-23
群益崇德,204.5,1000,0,913U,2603,2026-03-23
群益北高,205.5,10000,4000,913R,2603,2026-03-23
群益三重,205.0,1800,0,913g,2603,2026-03-23
群益萬華,204.0,2000,22180,913I,2603,2026-03-23
群益屏東,207.5,0,2000,913H,2603,2026-03-23
群益屏東,206.0,8000,0,913H,2603,2026-03-23
群益屏東,205.0,1,0,913H,2603,2026-03-23
群益屏東,204.0,5000,0,913H,2603,2026-03-23
群益三重,208.0,1000,1000,913g,2603,2026-03-23
群益崇德,206.0,100,0,913U,2603,2026-03-23
群益三重,204.0,206,1000,913g,2603,2026-03-23
群益三重,203.0,1000,0,913g,2603,2026-03-23
群益基隆,207.5,4000,0,913E,2603,2026-03-23
群益基隆,206.0,50,2000,913E,2603,2026-03-23
群益萬華,205.5,1,0,913I,2603,2026-03-23
群益崇德,207.5,5,0,913U,2603,2026-03-23
群益新竹,207.5,320,0,9186,2603,2026-03-23
群益館前,204.5,2000,1000,913Y,2603,2026-03-23
群益三民,208.0,1000,0,9188,2603,2026-03-23
群益桃園,204.0,1000,1000,9189,2603,2026-03-23
群益三民,206.5,0,500,9188,2603,2026-03-23
群益基隆,205.0,1094,0,913E,2603,2026-03-23
群益桃園,205.0,1000,500,9189,2603,2026-03-23
群益三民,205.0,400,0,9188,2603,2026-03-23
群益三民,204.0,1000,0,9188,2603,2026-03-23
群益彰化,206.0,100,0,9187,2603,2026-03-23
群益彰化,205.0,1000,81000,9187,2603,2026-03-23
群益彰化,204.0,1000,0,9187,2603,2026-03-23
群益新竹,206.0,2010,0,9186,2603,2026-03-23
群益新竹,205.0,10,0,9186,2603,2026-03-23
群益新竹,204.0,4005,0,9186,2603,2026-03-23
群益台中,208.0,50,0,9184,2603,2026-03-23
群益台中,206.5,1300,0,9184,2603,2026-03-23
群益台中,205.0,1000,0,9184,2603,2026-03-23
群益高雄,208.5,16,0,9183,2603,2026-03-23
群益高雄,207.0,10,0,9183,2603,2026-03-23
群益高雄,205.5,10,0,9183,2603,2026-03-23
群益高雄,204.5,1160,400,9183,2603,2026-03-23
群益高雄,203.5,10,0,9183,2603,2026-03-23
群益館前,206.5,5,30,913Y,2603,2026-03-23
群益館前,205.5,1010,0,913Y,2603,2026-03-23
群益館前,203.0,3000,0,913Y,2603,2026-03-23
群益基隆,204.0,3020,0,913E,2603,2026-03-23
群益,206.0,3000,12,9100,2603,2026-03-23
群益潭子,206.0,0,5,913D,2603,2026-03-23
群益海山,203.5,17,2000,9108,2603,2026-03-23
群益高盛,207.0,10,0,9105,2603,2026-03-23
群益高盛,205.5,125,0,9105,2603,2026-03-23
群益高盛,204.0,1010,0,9105,2603,2026-03-23
群益松山,203.0,0,2000,9103,2603,2026-03-23
群益敦南,206.5,80,0,9101,2603,2026-03-23
群益敦南,205.5,5,0,9101,2603,2026-03-23
群益敦南,204.0,4000,2000,9101,2603,2026-03-23
群益,208.5,1,0,9100,2603,2026-03-23
群益,207.5,0,8000,9100,2603,2026-03-23
群益,205.0,11000,3795,9100,2603,2026-03-23
群益,204.0,330000,176000,9100,2603,2026-03-23
群益,203.0,10000,0,9100,2603,2026-03-23
上海匯豐,207.5,0,139000,8960,2603,2026-03-23
上海匯豐,206.5,0,43000,8960,2603,2026-03-23
上海匯豐,205.5,0,38471,8960,2603,2026-03-23
上海匯豐,204.5,0,179210,8960,2603,2026-03-23
上海匯豐,203.5,0,52000,8960,2603,2026-03-23
法銀巴黎,208.0,1000,0,8900,2603,2026-03-23
法銀巴黎,205.0,0,4000,8900,2603,2026-03-23
群益桃園,206.0,1505,0,9189,2603,2026-03-23
法銀巴黎,206.0,0,1000,8900,2603,2026-03-23
法銀巴黎,207.0,0,2000,8900,2603,2026-03-23
群益海山,205.0,1005,1000,9108,2603,2026-03-23
群益基隆,202.5,1000,0,913E,2603,2026-03-23
群益海山,206.0,5,0,9108,2603,2026-03-23
群益海山,208.0,17,0,9108,2603,2026-03-23
群益潭子,204.0,1000,0,913D,2603,2026-03-23
群益中港,208.0,1000,0,9138,2603,2026-03-23
群益中港,207.0,1000,0,9138,2603,2026-03-23
群益中港,205.0,4600,0,9138,2603,2026-03-23
群益中港,204.0,1000,21000,9138,2603,2026-03-23
群益中港,203.0,7000,0,9138,2603,2026-03-23
群益士林,206.5,0,2000,9137,2603,2026-03-23
群益士林,204.5,3100,30,9137,2603,2026-03-23
群益西松,204.5,1000,0,9136,2603,2026-03-23
群益東大,207.5,10,0,9135,2603,2026-03-23
群益東大,205.0,210,1015,9135,2603,2026-03-23
群益開元,207.0,20,0,9134,2603,2026-03-23
群益開元,206.0,1000,0,9134,2603,2026-03-23
群益開元,204.5,108,0,9134,2603,2026-03-23
群益開元,203.5,50,0,9134,2603,2026-03-23
群益民權,207.5,0,100,9131,2603,2026-03-23
群益民權,205.5,1100,0,9131,2603,2026-03-23
群益民權,204.5,1000,0,9131,2603,2026-03-23
群益市府,208.0,3057,0,910D,2603,2026-03-23
群益市府,206.5,60,1000,910D,2603,2026-03-23
群益市府,205.0,1000,1000,910D,2603,2026-03-23
群益市府,204.0,1000,2000,910D,2603,2026-03-23
群益市府,203.0,1000,0,910D,2603,2026-03-23
群益海山,207.0,22,0,9108,2603,2026-03-23
群益桃園,208.5,1,0,9189,2603,2026-03-23
凱基台中,204.5,2005,500,9204,2603,2026-03-23
群益中壢,207.0,2100,0,918A,2603,2026-03-23
凱基,207.5,0,7000,9200,2603,2026-03-23
凱基,206.5,22225,3000,9200,2603,2026-03-23
凱基,205.5,65000,1000,9200,2603,2026-03-23
凱基,204.5,341128,1000,9200,2603,2026-03-23
凱基,203.5,0,3000,9200,2603,2026-03-23
群益宜蘭,204.5,2000,3000,918z,2603,2026-03-23
群益台北,208.5,0,250,918X,2603,2026-03-23
群益台北,205.0,1000,0,918X,2603,2026-03-23
群益台北,204.0,1000,1000,918X,2603,2026-03-23
群益台北,203.0,1000,0,918X,2603,2026-03-23
群益延平,204.5,1000,0,918x,2603,2026-03-23
群益忠孝,208.0,1000,0,918W,2603,2026-03-23
群益忠孝,207.0,6000,0,918W,2603,2026-03-23
群益瑞豐,206.5,10,0,918u,2603,2026-03-23
群益瑞豐,205.0,3050,0,918u,2603,2026-03-23
群益瑞豐,203.5,1000,0,918u,2603,2026-03-23
群益丹鳳,208.5,18,0,918s,2603,2026-03-23
群益丹鳳,205.5,1000,0,918s,2603,2026-03-23
群益天母,204.5,1200,100,918P,2603,2026-03-23
群益嘉義,206.0,3035,300,918M,2603,2026-03-23
群益嘉義,204.5,2001,0,918M,2603,2026-03-23
群益嘉義,203.5,0,1000,918M,2603,2026-03-23
群益建成,208.0,0,2000,918L,2603,2026-03-23
凱基中港,203.5,10,0,9202,2603,2026-03-23
群益建成,206.0,0,5000,918L,2603,2026-03-23
凱基中港,204.5,1055,0,9202,2603,2026-03-23
凱基中港,206.5,10,0,9202,2603,2026-03-23
凱基岡山,207.5,1000,0,9209,2603,2026-03-23
凱基岡山,206.0,0,3000,9209,2603,2026-03-23
法銀巴黎,204.0,0,34000,8900,2603,2026-03-23
凱基岡山,204.0,1000,0,9209,2603,2026-03-23
凱基桃園,207.5,1000,0,9208,2603,2026-03-23
凱基桃園,206.0,2000,0,9208,2603,2026-03-23
凱基桃園,205.0,3715,0,9208,2603,2026-03-23
凱基桃園,204.0,14005,1000,9208,2603,2026-03-23
凱基永和,208.5,100,0,9207,2603,2026-03-23
凱基永和,205.0,100,0,9207,2603,2026-03-23
凱基高雄,206.5,2100,0,9206,2603,2026-03-23
凱基高雄,205.5,17,0,9206,2603,2026-03-23
凱基高雄,204.5,4,0,9206,2603,2026-03-23
凱基三重,208.5,2,0,9205,2603,2026-03-23
凱基三重,207.5,100,0,9205,2603,2026-03-23
凱基三重,206.0,1025,1,9205,2603,2026-03-23
凱基三重,205.0,13071,2000,9205,2603,2026-03-23
凱基三重,204.0,4110,1098,9205,2603,2026-03-23
凱基三重,203.0,1000,0,9205,2603,2026-03-23
凱基台中,206.5,5,0,9204,2603,2026-03-23
凱基台中,205.5,5000,0,9204,2603,2026-03-23
凱基台中,203.5,1000,0,9204,2603,2026-03-23
凱基中港,207.5,10,0,9202,2603,2026-03-23
凱基中港,205.5,9,0,9202,2603,2026-03-23
群益中壢,205.0,14000,1000,918A,2603,2026-03-23
群益建成,204.5,0,6000,918L,2603,2026-03-23
群益東湖,208.0,1000,0,918K,2603,2026-03-23
群益南京,204.0,1000,0,918E,2603,2026-03-23
群益大安,204.0,0,1000,918e,2603,2026-03-23
群益東門,207.0,10,200,918D,2603,2026-03-23
群益東門,205.5,1005,0,918D,2603,2026-03-23
群益東門,204.0,1010,1000,918D,2603,2026-03-23
群益東門,203.0,4000,0,918D,2603,2026-03-23
群益內湖,207.0,3000,0,918d,2603,2026-03-23
群益內湖,205.5,1000,0,918d,2603,2026-03-23
群益內湖,204.5,1113,4000,918d,2603,2026-03-23
群益內湖,203.5,15,0,918d,2603,2026-03-23
群益古亭,207.5,1,0,918C,2603,2026-03-23
群益古亭,205.5,1,0,918C,2603,2026-03-23
群益古亭,204.5,11,2000,918C,2603,2026-03-23
群益古亭,203.5,1,0,918C,2603,2026-03-23
群益鳳山,208.5,50,0,918c,2603,2026-03-23
群益鳳山,207.5,4000,0,918c,2603,2026-03-23
群益鳳山,206.5,2002,0,918c,2603,2026-03-23
群益鳳山,205.0,200,0,918c,2603,2026-03-23
群益鳳山,204.0,203,1000,918c,2603,2026-03-23
群益板橋,207.0,1000,0,918B,2603,2026-03-23
群益板橋,205.5,1,0,918B,2603,2026-03-23
群益板橋,204.5,0,1000,918B,2603,2026-03-23
群益中壢,208.0,2000,0,918A,2603,2026-03-23
群益南京,205.0,3115,0,918E,2603,2026-03-23
群益建成,203.5,1000,0,918L,2603,2026-03-23
群益南京,206.0,1000,0,918E,2603,2026-03-23
群益新店,205.5,0,500,918F,2603,2026-03-23
群益東湖,205.5,0,1000,918K,2603,2026-03-23
群益東湖,204.5,100,0,918K,2603,2026-03-23
群益永和,208.5,0,100,918J,2603,2026-03-23
群益永和,207.5,2000,0,918J,2603,2026-03-23
群益永和,206.0,500,2000,918J,2603,2026-03-23
群益永和,205.0,15000,600,918J,2603,2026-03-23
群益永和,204.0,2150,1000,918J,2603,2026-03-23
群益永和,203.0,2000,0,918J,2603,2026-03-23
群益竹南,207.0,101,0,918i,2603,2026-03-23
群益竹南,205.5,100,0,918i,2603,2026-03-23
群益竹南,204.5,2000,0,918i,2603,2026-03-23
群益竹南,203.5,4100,0,918i,2603,2026-03-23
群益中山,207.5,1000,0,918H,2603,2026-03-23
群益中山,206.0,10,0,918H,2603,2026-03-23
群益中山,205.0,1120,0,918H,2603,2026-03-23
群益中山,204.0,2110,0,918H,2603,2026-03-23
群益新莊,205.5,1000,0,918G,2603,2026-03-23
群益新莊,204.5,4000,10000,918G,2603,2026-03-23
群益新莊,203.0,2000,0,918G,2603,2026-03-23
群益大甲,207.5,3000,0,918g,2603,2026-03-23
群益大甲,206.5,1000,0,918g,2603,2026-03-23
群益大甲,204.5,1010,0,918g,2603,2026-03-23
群益大甲,203.5,1000,0,918g,2603,2026-03-23
群益新店,204.5,0,1000,918F,2603,2026-03-23
法銀巴黎,203.0,0,16000,8900,2603,2026-03-23
聯邦高雄,203.5,100,0,8581,2603,2026-03-23
國泰板橋,208.0,3000,0,888K,2603,2026-03-23
玉山新莊,202.5,1000,0,8842,2603,2026-03-23
玉山雙和,207.0,100,0,8841,2603,2026-03-23
玉山雙和,206.0,1250,0,8841,2603,2026-03-23
玉山雙和,205.0,1110,1100,8841,2603,2026-03-23
玉山雙和,204.0,3400,4,8841,2603,2026-03-23
玉山,208.5,114,0,8840,2603,2026-03-23
玉山,207.5,2068,1025,8840,2603,2026-03-23
玉山,206.5,23540,0,8840,2603,2026-03-23
玉山,205.5,73329,11563,8840,2603,2026-03-23
玉山,204.5,61483,11000,8840,2603,2026-03-23
玉山新莊,203.5,5010,0,8842,2603,2026-03-23
玉山,203.5,22170,420,8840,2603,2026-03-23
陽信台南,204.5,1000,0,8714,2603,2026-03-23
陽信台南,203.5,0,2000,8714,2603,2026-03-23
陽信高雄,205.0,5000,0,8713,2603,2026-03-23
陽信石牌,206.5,1000,0,8711,2603,2026-03-23
陽信石牌,205.5,1200,0,8711,2603,2026-03-23
陽信石牌,204.0,1000,4000,8711,2603,2026-03-23
陽信石牌,203.0,1000,0,8711,2603,2026-03-23
陽信,205.5,10000,0,8710,2603,2026-03-23
陽信,203.5,10000,0,8710,2603,2026-03-23
聯邦台南,206.0,6,0,8588,2603,2026-03-23
玉山,202.5,11000,0,8840,2603,2026-03-23
玉山新莊,204.5,6001,1000,8842,2603,2026-03-23
玉山新莊,205.5,2200,10,8842,2603,2026-03-23
玉山新莊,206.5,6172,0,8842,2603,2026-03-23
玉山嘉義,208.0,1124,0,8848,2603,2026-03-23
玉山嘉義,207.0,121,0,8848,2603,2026-03-23
玉山嘉義,206.0,2015,900,8848,2603,2026-03-23
玉山嘉義,205.0,11128,4000,8848,2603,2026-03-23
玉山嘉義,204.0,4015,0,8848,2603,2026-03-23
玉山嘉義,203.0,1000,0,8848,2603,2026-03-23
玉山台南,207.5,16,0,8847,2603,2026-03-23
玉山台南,206.5,36,0,8847,2603,2026-03-23
玉山台南,205.5,6310,0,8847,2603,2026-03-23
玉山台南,204.5,5106,0,8847,2603,2026-03-23
玉山台南,203.5,10,0,8847,2603,2026-03-23
玉山板橋,207.5,12000,0,8846,2603,2026-03-23
玉山板橋,206.5,5000,0,8846,2603,2026-03-23
玉山板橋,205.5,1000,0,8846,2603,2026-03-23
玉山板橋,204.5,1106,1000,8846,2603,2026-03-23
玉山板橋,203.5,2040,0,8846,2603,2026-03-23
玉山高雄,208.5,718,0,8843,2603,2026-03-23
玉山高雄,207.0,1005,1000,8843,2603,2026-03-23
玉山高雄,206.0,31470,0,8843,2603,2026-03-23
玉山高雄,205.0,2020,0,8843,2603,2026-03-23
玉山高雄,204.0,7120,5050,8843,2603,2026-03-23
玉山新莊,208.5,110,0,8842,2603,2026-03-23
玉山新莊,207.5,50,0,8842,2603,2026-03-23
聯邦興中,205.0,200,100,8587,2603,2026-03-23
聯邦大業,208.0,200,0,8586,2603,2026-03-23
聯邦大業,205.5,1000,650,8586,2603,2026-03-23
聯邦大業,204.5,100,0,8586,2603,2026-03-23
新光新竹,204.5,10223,200,8563,2603,2026-03-23
新光新竹,203.5,3,0,8563,2603,2026-03-23
新光高雄,207.5,1000,0,8562,2603,2026-03-23
新光高雄,206.5,3190,0,8562,2603,2026-03-23
新光高雄,205.5,61,0,8562,2603,2026-03-23
新光高雄,204.5,17314,0,8562,2603,2026-03-23
新光高雄,203.5,100,100,8562,2603,2026-03-23
新光台中,208.5,62,1160,8561,2603,2026-03-23
新光台中,207.5,3012,2000,8561,2603,2026-03-23
新光台中,206.5,3044,70,8561,2603,2026-03-23
新光台中,205.5,3624,389,8561,2603,2026-03-23
新光台中,204.5,14322,1960,8561,2603,2026-03-23
新光台中,203.5,4020,0,8561,2603,2026-03-23
新光,208.5,462,999,8560,2603,2026-03-23
新光,207.5,12071,0,8560,2603,2026-03-23
新光,206.5,8559,5522,8560,2603,2026-03-23
新光,205.5,9918,3466,8560,2603,2026-03-23
新光,204.5,29117,21050,8560,2603,2026-03-23
新光,203.5,19191,21000,8560,2603,2026-03-23
新光,202.5,2000,0,8560,2603,2026-03-23
中農,206.0,100,0,8520,2603,2026-03-23
中農,204.0,1000,0,8520,2603,2026-03-23
凱基板橋,203.5,2000,1000,920A,2603,2026-03-23
新光新竹,205.5,3,0,8563,2603,2026-03-23
玉山景美,203.0,64,0,8849,2603,2026-03-23
新光新竹,206.5,1020,0,8563,2603,2026-03-23
新光台南,203.5,2000,2000,8564,2603,2026-03-23
聯邦大業,202.5,1000,0,8586,2603,2026-03-23
聯邦三重,207.5,100,0,8585,2603,2026-03-23
聯邦三重,204.5,1610,300,8585,2603,2026-03-23
聯邦雙和,204.5,2000,2000,8584,2603,2026-03-23
聯邦忠孝,207.0,75,0,8583,2603,2026-03-23
聯邦忠孝,205.5,1,0,8583,2603,2026-03-23
聯邦嘉義,208.5,500,0,8582,2603,2026-03-23
聯邦嘉義,205.5,200,0,8582,2603,2026-03-23
聯邦嘉義,204.5,100,0,8582,2603,2026-03-23
聯邦高雄,206.5,1050,0,8581,2603,2026-03-23
聯邦高雄,205.0,250,0,8581,2603,2026-03-23
聯邦,205.0,3600,0,8580,2603,2026-03-23
聯邦,204.0,1010,1000,8580,2603,2026-03-23
新光桃園,208.0,2000,100,8565,2603,2026-03-23
新光桃園,207.0,75,0,8565,2603,2026-03-23
新光桃園,206.0,1350,1000,8565,2603,2026-03-23
新光桃園,205.0,4335,2001,8565,2603,2026-03-23
新光桃園,204.0,4040,1000,8565,2603,2026-03-23
新光桃園,203.0,1000,0,8565,2603,2026-03-23
新光台南,208.0,14000,0,8564,2603,2026-03-23
新光台南,207.0,3000,2000,8564,2603,2026-03-23
新光台南,205.5,2004,0,8564,2603,2026-03-23
新光台南,204.5,1566,6100,8564,2603,2026-03-23
新光新竹,207.5,1200,5,8563,2603,2026-03-23
玉山景美,204.5,1155,1190,8849,2603,2026-03-23
玉山景美,205.5,2,0,8849,2603,2026-03-23
玉山景美,207.0,1602,0,8849,2603,2026-03-23
國泰新莊,203.5,1,0,8886,2603,2026-03-23
國泰桃園,208.5,2,0,8885,2603,2026-03-23
國泰桃園,207.5,1100,0,8885,2603,2026-03-23
國泰桃園,206.5,210,1400,8885,2603,2026-03-23
國泰桃園,205.5,5082,1025,8885,2603,2026-03-23
國泰桃園,204.5,1371,46,8885,2603,2026-03-23
國泰桃園,203.5,1010,1000,8885,2603,2026-03-23
國泰台南,208.0,30,0,8884,2603,2026-03-23
國泰台南,206.5,4006,0,8884,2603,2026-03-23
國泰台南,205.5,77,100,8884,2603,2026-03-23
國泰台南,204.5,1138,0,8884,2603,2026-03-23
國泰台南,203.5,6002,1000,8884,2603,2026-03-23
國泰松江,208.0,51,0,8883,2603,2026-03-23
國泰松江,207.0,1070,0,8883,2603,2026-03-23
國泰松江,206.0,2665,0,8883,2603,2026-03-23
國泰松江,205.0,4275,0,8883,2603,2026-03-23
國泰松江,204.0,6000,10,8883,2603,2026-03-23
國泰松江,203.0,3000,0,8883,2603,2026-03-23
國泰台中,208.0,4,1000,8882,2603,2026-03-23
國泰台中,207.0,2061,2128,8882,2603,2026-03-23
國泰台中,206.0,3453,5000,8882,2603,2026-03-23
國泰台中,205.0,5834,4070,8882,2603,2026-03-23
國泰台中,204.0,7323,8670,8882,2603,2026-03-23
國泰新莊,204.5,10144,16,8886,2603,2026-03-23
國泰台中,203.0,1000,0,8882,2603,2026-03-23
國泰新莊,205.5,1178,200,8886,2603,2026-03-23
國泰新莊,207.5,10,0,8886,2603,2026-03-23
國泰板橋,207.0,13259,201,888K,2603,2026-03-23
國泰板橋,206.0,12945,1000,888K,2603,2026-03-23
國泰板橋,205.0,19837,3232,888K,2603,2026-03-23
國泰板橋,204.0,19454,1000,888K,2603,2026-03-23
國泰板橋,203.0,11000,0,888K,2603,2026-03-23
國泰館前,208.0,10,7000,888A,2603,2026-03-23
國泰館前,207.0,7965,2109,888A,2603,2026-03-23
國泰館前,206.0,2449,2500,888A,2603,2026-03-23
國泰館前,205.0,15720,6100,888A,2603,2026-03-23
國泰館前,204.0,16049,5033,888A,2603,2026-03-23
國泰館前,203.0,6000,0,888A,2603,2026-03-23
國泰敦南,208.5,333,150,8888,2603,2026-03-23
國泰敦南,207.5,47601,1792,8888,2603,2026-03-23
國泰敦南,206.5,19482,8786,8888,2603,2026-03-23
國泰敦南,205.5,16606,17820,8888,2603,2026-03-23
國泰敦南,204.5,43950,46145,8888,2603,2026-03-23
國泰敦南,203.5,14733,8395,8888,2603,2026-03-23
國泰敦南,202.5,3000,0,8888,2603,2026-03-23
國泰忠孝,207.5,1000,0,8887,2603,2026-03-23
國泰忠孝,206.0,2400,0,8887,2603,2026-03-23
國泰忠孝,205.0,4842,500,8887,2603,2026-03-23
國泰忠孝,204.0,2090,6030,8887,2603,2026-03-23
國泰忠孝,203.0,1000,0,8887,2603,2026-03-23
國泰新莊,206.5,52,0,8886,2603,2026-03-23
國泰新竹,205.0,20,0,888N,2603,2026-03-23
國泰高雄,207.5,16000,5000,8881,2603,2026-03-23
國泰高雄,205.5,115,0,8881,2603,2026-03-23
玉山城中,205.0,2011,121,884E,2603,2026-03-23
玉山城中,204.0,7100,7000,884E,2603,2026-03-23
玉山城中,203.0,1000,0,884E,2603,2026-03-23
玉山左營,207.5,1000,0,884D,2603,2026-03-23
玉山左營,206.0,2020,0,884D,2603,2026-03-23
玉山左營,205.0,8530,0,884D,2603,2026-03-23
玉山左營,203.5,2150,0,884D,2603,2026-03-23
玉山信義,207.5,2000,105,884C,2603,2026-03-23
玉山信義,206.5,1600,0,884C,2603,2026-03-23
玉山信義,205.5,1020,1000,884C,2603,2026-03-23
玉山信義,204.0,3030,0,884C,2603,2026-03-23
玉山信義,202.5,1000,0,884C,2603,2026-03-23
玉山台中,208.0,10,0,884B,2603,2026-03-23
玉山台中,207.0,2304,0,884B,2603,2026-03-23
玉山台中,206.0,2100,0,884B,2603,2026-03-23
玉山台中,205.0,3471,400,884B,2603,2026-03-23
玉山台中,204.0,2020,2000,884B,2603,2026-03-23
玉山台中,203.0,3000,0,884B,2603,2026-03-23
玉山士林,208.0,50,0,884A,2603,2026-03-23
玉山士林,206.0,2213,0,884A,2603,2026-03-23
玉山士林,205.0,1000,0,884A,2603,2026-03-23
玉山士林,204.0,2015,0,884A,2603,2026-03-23
玉山景美,208.5,4,0,8849,2603,2026-03-23
玉山城中,207.0,2100,0,884E,2603,2026-03-23
國泰高雄,206.5,1242,500,8881,2603,2026-03-23
玉山城中,208.0,1000,0,884E,2603,2026-03-23
玉山桃園,204.5,1706,0,884F,2603,2026-03-23
國泰高雄,204.5,6410,2000,8881,2603,2026-03-23
國泰高雄,203.5,8500,1000,8881,2603,2026-03-23
國泰綜合,208.5,1,0,8880,2603,2026-03-23
國泰綜合,207.0,4,600,8880,2603,2026-03-23
國泰綜合,206.0,1003,0,8880,2603,2026-03-23
國泰綜合,205.0,1310,1001,8880,2603,2026-03-23
國泰綜合,204.0,1005,1000,8880,2603,2026-03-23
玉山數位,208.0,10,8000,884M,2603,2026-03-23
玉山數位,206.5,1000,0,884M,2603,2026-03-23
玉山數位,205.5,200,0,884M,2603,2026-03-23
玉山數位,204.5,4116,50,884M,2603,2026-03-23
玉山數位,203.5,6,0,884M,2603,2026-03-23
玉山大里,208.0,1000,0,884J,2603,2026-03-23
玉山大里,206.5,2000,250,884J,2603,2026-03-23
玉山大里,205.0,4050,0,884J,2603,2026-03-23
玉山大里,204.0,200,5,884J,2603,2026-03-23
玉山新竹,208.5,37,150,884H,2603,2026-03-23
玉山新竹,207.5,5050,350,884H,2603,2026-03-23
玉山新竹,206.0,110,1200,884H,2603,2026-03-23
玉山新竹,205.0,15,100,884H,2603,2026-03-23
玉山新竹,203.5,1000,0,884H,2603,2026-03-23
玉山桃園,206.5,300,0,884F,2603,2026-03-23
玉山桃園,205.5,212,200,884F,2603,2026-03-23
玉山桃園,203.5,1000,0,884F,2603,2026-03-23
凱基板橋,204.5,2000,2000,920A,2603,2026-03-23
富邦南京,204.5,1200,0,961C,2603,2026-03-23
凱基雙和,204.0,0,2000,920C,2603,2026-03-23
華南敦南,205.0,1000,1000,9347,2603,2026-03-23
華南敦南,204.0,1200,3000,9347,2603,2026-03-23
華南頭份,207.0,0,6,9343,2603,2026-03-23
華南頭份,205.0,3030,225,9343,2603,2026-03-23
華南頭份,203.0,1000,0,9343,2603,2026-03-23
華南竹北,205.5,11,0,9339,2603,2026-03-23
華南竹北,204.5,3010,0,9339,2603,2026-03-23
華南竹北,203.5,10,0,9339,2603,2026-03-23
華南內壢,206.5,8000,0,9337,2603,2026-03-23
華南內壢,205.0,50,4000,9337,2603,2026-03-23
華南內壢,204.0,1150,0,9337,2603,2026-03-23
華南世貿,205.0,50,0,9334,2603,2026-03-23
華南長虹,208.0,1000,0,9333,2603,2026-03-23
華南長虹,206.5,305,0,9333,2603,2026-03-23
華南長虹,205.0,2210,52,9333,2603,2026-03-23
華南長虹,204.0,2101,0,9333,2603,2026-03-23
華南長虹,203.0,1000,0,9333,2603,2026-03-23
華南楠梓,207.0,2000,0,9332,2603,2026-03-23
華南楠梓,206.0,1015,0,9332,2603,2026-03-23
華南楠梓,205.0,2011,0,9332,2603,2026-03-23
華南楠梓,204.0,2020,10,9332,2603,2026-03-23
華南楠梓,203.0,1000,0,9332,2603,2026-03-23
華南鳳山,207.0,20,0,9331,2603,2026-03-23
華南敦南,206.0,0,4000,9347,2603,2026-03-23
華南鳳山,206.0,1112,0,9331,2603,2026-03-23
華南敦南,207.5,2000,1000,9347,2603,2026-03-23
華南板橋,204.0,1000,0,9349,2603,2026-03-23
華南三重,204.5,0,10,9369,2603,2026-03-23
華南豐原,207.5,0,5000,9366,2603,2026-03-23
華南豐原,206.5,1000,0,9366,2603,2026-03-23
華南豐原,204.5,12,0,9366,2603,2026-03-23
華南彰化,207.5,1000,0,9363,2603,2026-03-23
華南彰化,206.5,10,0,9363,2603,2026-03-23
華南彰化,205.5,26,0,9363,2603,2026-03-23
華南彰化,204.5,1110,3000,9363,2603,2026-03-23
華南苗栗,207.0,100,0,9362,2603,2026-03-23
華南苗栗,205.0,200,7000,9362,2603,2026-03-23
華南苗栗,203.5,0,2000,9362,2603,2026-03-23
華南中正,206.5,1000,0,9359,2603,2026-03-23
華南中正,205.0,1060,0,9359,2603,2026-03-23
華南中正,204.0,0,50,9359,2603,2026-03-23
華南東勢,208.5,4,0,9358,2603,2026-03-23
華南東勢,205.5,1001,0,9358,2603,2026-03-23
華南桃園,208.5,16,0,9352,2603,2026-03-23
華南桃園,207.5,1000,0,9352,2603,2026-03-23
華南桃園,206.0,5,0,9352,2603,2026-03-23
華南桃園,205.0,1200,2000,9352,2603,2026-03-23
華南桃園,204.0,250,3000,9352,2603,2026-03-23
華南板橋,207.5,1000,1000,9349,2603,2026-03-23
華南板橋,205.0,49103,0,9349,2603,2026-03-23
華南敦南,208.5,0,2000,9347,2603,2026-03-23
華南三重,205.5,1000,10,9369,2603,2026-03-23
華南鳳山,204.5,2000,0,9331,2603,2026-03-23
華南朴子,208.0,1000,0,9329,2603,2026-03-23
華南鶯歌,206.5,0,10,9319,2603,2026-03-23
華南林口,208.0,20000,0,9317,2603,2026-03-23
華南林口,206.5,5000,0,9317,2603,2026-03-23
華南林口,205.0,1045,0,9317,2603,2026-03-23
華南淡水,208.5,10,0,9316,2603,2026-03-23
華南淡水,207.0,1100,0,9316,2603,2026-03-23
華南淡水,205.0,3090,40,9316,2603,2026-03-23
華南淡水,204.0,1140,5000,9316,2603,2026-03-23
華南淡水,203.0,1000,0,9316,2603,2026-03-23
華南大甲,208.5,31,0,9315,2603,2026-03-23
華南大甲,207.0,40,0,9315,2603,2026-03-23
華南大甲,205.0,8050,1000,9315,2603,2026-03-23
華南大甲,203.5,1050,0,9315,2603,2026-03-23
華南嘉義,206.5,30,0,9314,2603,2026-03-23
華南嘉義,205.0,10000,0,9314,2603,2026-03-23
華南嘉義,203.0,1000,0,9314,2603,2026-03-23
華南民權,206.0,100,0,9312,2603,2026-03-23
華南民權,204.5,10,0,9312,2603,2026-03-23
華南古亭,205.5,925,0,9309,2603,2026-03-23
華南麻豆,208.0,50,0,9308,2603,2026-03-23
華南麻豆,207.0,1100,0,9308,2603,2026-03-23
華南麻豆,206.0,1110,0,9308,2603,2026-03-23
華南麻豆,205.0,100,1000,9308,2603,2026-03-23
華南基隆,203.5,2000,0,9322,2603,2026-03-23
華南鳳山,203.5,1000,0,9331,2603,2026-03-23
華南基隆,204.5,3100,4200,9322,2603,2026-03-23
華南基隆,206.5,2000,0,9322,2603,2026-03-23
華南朴子,206.5,1000,0,9329,2603,2026-03-23
華南朴子,205.0,1000,0,9329,2603,2026-03-23
華南朴子,204.0,4000,0,9329,2603,2026-03-23
華南潮州,207.5,1000,0,9328,2603,2026-03-23
華南潮州,205.5,2025,0,9328,2603,2026-03-23
華南潮州,204.5,1030,0,9328,2603,2026-03-23
華南潮州,203.0,1000,0,9328,2603,2026-03-23
華南斗六,206.5,11000,0,9327,2603,2026-03-23
華南斗六,205.0,1151,0,9327,2603,2026-03-23
華南南京,208.5,2,0,9326,2603,2026-03-23
華南南京,206.5,30,0,9326,2603,2026-03-23
華南南京,205.0,1014,0,9326,2603,2026-03-23
華南南京,204.0,20,0,9326,2603,2026-03-23
華南南京,202.5,0,1000,9326,2603,2026-03-23
華南忠孝,204.0,1000,0,9325,2603,2026-03-23
華南岡山,207.5,20,0,9324,2603,2026-03-23
華南岡山,206.5,1020,10,9324,2603,2026-03-23
華南岡山,205.0,100,3000,9324,2603,2026-03-23
華南岡山,204.0,6000,0,9324,2603,2026-03-23
華南岡山,203.0,2000,0,9324,2603,2026-03-23
華南小港,207.0,1000,0,9323,2603,2026-03-23
華南小港,205.0,3010,0,9323,2603,2026-03-23
華南基隆,207.5,1000,0,9322,2603,2026-03-23
華南基隆,205.5,3100,0,9322,2603,2026-03-23
華南麻豆,204.0,500,0,9308,2603,2026-03-23
華南虎尾,203.5,10,0,9377,2603,2026-03-23
華南虎尾,205.5,1000,0,9377,2603,2026-03-23
富邦花蓮,206.5,3020,68,9621,2603,2026-03-23
富邦花蓮,205.5,2581,0,9621,2603,2026-03-23
富邦花蓮,204.5,97,1000,9621,2603,2026-03-23
富邦花蓮,203.5,5300,0,9621,2603,2026-03-23
富邦永康,208.5,5,0,961Z,2603,2026-03-23
富邦永康,207.0,2400,0,961Z,2603,2026-03-23
富邦永康,206.0,1000,100,961Z,2603,2026-03-23
富邦永康,205.0,3241,2000,961Z,2603,2026-03-23
富邦永康,204.0,2000,2000,961Z,2603,2026-03-23
富邦屏東,208.0,1000,0,961Y,2603,2026-03-23
富邦屏東,207.0,500,0,961Y,2603,2026-03-23
富邦屏東,206.0,6,0,961Y,2603,2026-03-23
富邦屏東,205.0,51,0,961Y,2603,2026-03-23
富邦屏東,203.5,0,1000,961Y,2603,2026-03-23
富邦南員,206.0,120,0,961R,2603,2026-03-23
富邦南員,204.5,4530,500,961R,2603,2026-03-23
富邦南員,203.0,0,2000,961R,2603,2026-03-23
富邦和美,207.0,1000,0,961P,2603,2026-03-23
富邦和美,205.5,1150,3000,961P,2603,2026-03-23
富邦和美,204.5,1000,3000,961P,2603,2026-03-23
富邦和美,203.5,1000,0,961P,2603,2026-03-23
富邦青埔,208.0,1000,0,961N,2603,2026-03-23
富邦青埔,207.0,10,0,961N,2603,2026-03-23
富邦花蓮,208.0,288,0,9621,2603,2026-03-23
富邦青埔,205.5,40,0,961N,2603,2026-03-23
富邦台北,202.5,3000,0,9623,2603,2026-03-23
富邦台北,204.5,5542,70,9623,2603,2026-03-23
富邦二林,204.0,110,500,962B,2603,2026-03-23
富邦南港,208.0,0,1000,962A,2603,2026-03-23
富邦南港,206.0,1000,0,962A,2603,2026-03-23
富邦南港,205.0,2001,0,962A,2603,2026-03-23
富邦內湖,208.5,3,0,9627,2603,2026-03-23
富邦內湖,207.0,31,0,9627,2603,2026-03-23
富邦內湖,206.0,3102,393,9627,2603,2026-03-23
富邦內湖,205.0,1003,0,9627,2603,2026-03-23
富邦內湖,204.0,1507,0,9627,2603,2026-03-23
富邦內湖,203.0,1000,0,9627,2603,2026-03-23
富邦竹東,208.0,1000,0,9625,2603,2026-03-23
富邦竹東,207.0,1000,0,9625,2603,2026-03-23
富邦竹東,205.5,1000,1000,9625,2603,2026-03-23
富邦竹東,204.5,20,0,9625,2603,2026-03-23
富邦竹東,203.0,3000,0,9625,2603,2026-03-23
富邦竹北,208.0,50,0,9624,2603,2026-03-23
富邦竹北,206.5,200,0,9624,2603,2026-03-23
富邦竹北,205.5,4056,0,9624,2603,2026-03-23
富邦竹北,204.5,4006,0,9624,2603,2026-03-23
富邦台北,208.5,10,0,9623,2603,2026-03-23
富邦台北,207.5,3000,0,9623,2603,2026-03-23
富邦台北,206.5,5020,155,9623,2603,2026-03-23
富邦台北,205.5,4310,0,9623,2603,2026-03-23
富邦台北,203.5,11326,1000,9623,2603,2026-03-23
華南虎尾,204.5,1,0,9377,2603,2026-03-23
富邦青埔,204.5,3002,0,961N,2603,2026-03-23
富邦木柵,207.5,2000,0,961M,2603,2026-03-23
富邦基隆,206.5,1000,0,9614,2603,2026-03-23
富邦基隆,205.5,1050,0,9614,2603,2026-03-23
富邦基隆,204.5,6,0,9614,2603,2026-03-23
富邦台東,207.5,1000,0,9608,2603,2026-03-23
富邦台東,206.0,5,0,9608,2603,2026-03-23
富邦台東,205.0,5,0,9608,2603,2026-03-23
富邦台東,204.0,5,0,9608,2603,2026-03-23
富邦陽明,208.0,1000,0,9604,2603,2026-03-23
富邦陽明,207.0,4178,0,9604,2603,2026-03-23
富邦陽明,206.0,14785,0,9604,2603,2026-03-23
富邦陽明,205.0,8923,5250,9604,2603,2026-03-23
富邦陽明,204.0,8070,0,9604,2603,2026-03-23
富邦陽明,203.0,3000,0,9604,2603,2026-03-23
富邦,207.5,11,0,9600,2603,2026-03-23
富邦,206.5,50,2,9600,2603,2026-03-23
富邦,205.5,40027,2200,9600,2603,2026-03-23
富邦,204.5,469617,2024,9600,2603,2026-03-23
富邦,203.5,75017,1,9600,2603,2026-03-23
華南東昇,206.0,300,2250,9386,2603,2026-03-23
華南東昇,205.0,3420,0,9386,2603,2026-03-23
華南東昇,204.0,5000,0,9386,2603,2026-03-23
華南虎尾,208.0,0,21000,9377,2603,2026-03-23
華南虎尾,207.0,1048,18036,9377,2603,2026-03-23
富邦基隆,208.5,31,0,9614,2603,2026-03-23
富邦青埔,203.0,2000,0,961N,2603,2026-03-23
富邦岡山,204.0,630,0,9616,2603,2026-03-23
富邦岡山,208.5,1,0,9616,2603,2026-03-23
富邦木柵,206.5,15,9000,961M,2603,2026-03-23
富邦木柵,205.5,1000,0,961M,2603,2026-03-23
富邦木柵,204.5,14000,0,961M,2603,2026-03-23
富邦木柵,203.5,1000,0,961M,2603,2026-03-23
富邦七賢,208.0,1000,1000,961K,2603,2026-03-23
富邦七賢,207.0,1000,0,961K,2603,2026-03-23
富邦七賢,205.5,1300,0,961K,2603,2026-03-23
富邦七賢,204.5,3034,300,961K,2603,2026-03-23
富邦七賢,203.5,5105,698,961K,2603,2026-03-23
富邦新板,208.5,51,0,961H,2603,2026-03-23
富邦新板,207.5,1000,0,961H,2603,2026-03-23
富邦新板,206.5,305,140,961H,2603,2026-03-23
富邦新板,205.5,125,0,961H,2603,2026-03-23
富邦新板,204.5,3300,0,961H,2603,2026-03-23
富邦新板,203.5,1425,0,961H,2603,2026-03-23
富邦公益,207.5,1000,0,961F,2603,2026-03-23
富邦公益,205.5,1000,0,961F,2603,2026-03-23
富邦公益,204.0,2030,0,961F,2603,2026-03-23
富邦南京,207.5,1000,0,961C,2603,2026-03-23
富邦南京,206.5,1000,80,961C,2603,2026-03-23
富邦南京,205.5,3100,0,961C,2603,2026-03-23
京城嘉義,207.5,1000,0,8492,2603,2026-03-23
富邦南京,203.5,1002,10,961C,2603,2026-03-23
富邦岡山,205.0,1000,0,9616,2603,2026-03-23
凱基板橋,206.0,2000,0,920A,2603,2026-03-23
華南麻豆,203.0,1000,0,9308,2603,2026-03-23
華南大安,204.5,4,0,9307,2603,2026-03-23
凱基新莊,206.0,200,1000,921S,2603,2026-03-23
凱基新莊,205.0,3346,0,921S,2603,2026-03-23
凱基新莊,204.0,1050,0,921S,2603,2026-03-23
凱基新莊,202.5,1000,0,921S,2603,2026-03-23
凱基八德,207.0,1000,0,921M,2603,2026-03-23
凱基八德,204.5,100,0,921M,2603,2026-03-23
凱基土城,208.0,0,2000,921J,2603,2026-03-23
凱基土城,207.0,2000,0,921J,2603,2026-03-23
凱基土城,205.0,1004,0,921J,2603,2026-03-23
凱基土城,204.0,30,0,921J,2603,2026-03-23
凱基五股,206.5,10050,0,921G,2603,2026-03-23
凱基五股,204.5,1020,19000,921G,2603,2026-03-23
凱基三峽,207.5,50,0,921E,2603,2026-03-23
凱基三峽,206.5,75,480,921E,2603,2026-03-23
凱基三峽,205.5,60,1000,921E,2603,2026-03-23
凱基三峽,204.5,65,0,921E,2603,2026-03-23
凱基三峽,203.5,1050,0,921E,2603,2026-03-23
凱基民權,207.5,1000,0,921C,2603,2026-03-23
凱基民權,206.0,0,1000,921C,2603,2026-03-23
凱基民權,205.0,100,100,921C,2603,2026-03-23
凱基民權,204.0,1010,550,921C,2603,2026-03-23
凱基大直,207.0,50,0,9218,2603,2026-03-23
凱基松山,207.5,0,2000,9217,2603,2026-03-23
凱基新莊,207.0,50,1000,921S,2603,2026-03-23
凱基松山,206.5,3000,0,9217,2603,2026-03-23
凱基東勢,203.0,1000,0,921Y,2603,2026-03-23
凱基東勢,206.5,50,0,921Y,2603,2026-03-23
凱基員林,206.0,1100,0,9231,2603,2026-03-23
凱基員林,204.5,0,5000,9231,2603,2026-03-23
凱基員林,203.0,1000,0,9231,2603,2026-03-23
凱基屏東,207.0,10,0,922C,2603,2026-03-23
凱基屏東,206.0,900,0,922C,2603,2026-03-23
凱基屏東,204.5,44,0,922C,2603,2026-03-23
凱基中山,207.0,90,0,9229,2603,2026-03-23
凱基中山,206.0,1000,0,9229,2603,2026-03-23
凱基中山,205.0,260,0,9229,2603,2026-03-23
凱基中山,203.5,1000,0,9229,2603,2026-03-23
凱基城中,206.5,1000,8000,9227,2603,2026-03-23
凱基城中,205.0,3050,0,9227,2603,2026-03-23
凱基城中,204.0,0,1000,9227,2603,2026-03-23
凱基汐止,207.5,1000,0,9226,2603,2026-03-23
凱基汐止,205.0,67,0,9226,2603,2026-03-23
凱基內埔,207.5,1000,0,9225,2603,2026-03-23
凱基內埔,206.0,30,0,9225,2603,2026-03-23
凱基內埔,204.5,2000,0,9225,2603,2026-03-23
凱基內埔,203.0,1000,0,9225,2603,2026-03-23
凱基豐中,207.0,2000,0,9223,2603,2026-03-23
凱基豐中,206.0,4000,0,9223,2603,2026-03-23
凱基豐中,204.5,3000,0,9223,2603,2026-03-23
凱基豐中,203.5,2000,0,9223,2603,2026-03-23
凱基東勢,205.0,0,400,921Y,2603,2026-03-23
凱基長庚,204.5,3000,1000,9233,2603,2026-03-23
凱基松山,205.5,2000,1000,9217,2603,2026-03-23
凱基松山,203.5,1000,0,9217,2603,2026-03-23
凱基宜蘭,203.5,1010,0,920M,2603,2026-03-23
凱基基隆,207.5,100,0,920H,2603,2026-03-23
凱基基隆,206.5,10,0,920H,2603,2026-03-23
凱基基隆,205.5,100,0,920H,2603,2026-03-23
凱基基隆,204.5,5000,0,920H,2603,2026-03-23
凱基基隆,203.5,1000,0,920H,2603,2026-03-23
凱基彰化,208.0,1100,0,920G,2603,2026-03-23
凱基彰化,206.0,4,0,920G,2603,2026-03-23
凱基彰化,205.0,170,1000,920G,2603,2026-03-23
凱基彰化,204.0,0,100,920G,2603,2026-03-23
凱基站前,208.5,1,0,920F,2603,2026-03-23
凱基站前,207.0,2000,0,920F,2603,2026-03-23
凱基站前,206.0,2300,0,920F,2603,2026-03-23
凱基站前,205.0,2109,10000,920F,2603,2026-03-23
凱基站前,204.0,5100,2100,920F,2603,2026-03-23
凱基站前,203.0,0,6000,920F,2603,2026-03-23
凱基市府,207.5,2000,0,920D,2603,2026-03-23
凱基市府,206.5,50,2000,920D,2603,2026-03-23
凱基市府,205.5,1005,0,920D,2603,2026-03-23
凱基市府,204.5,1000,2000,920D,2603,2026-03-23
凱基市府,203.5,1007,0,920D,2603,2026-03-23
凱基雙和,207.5,1000,0,920C,2603,2026-03-23
凱基雙和,205.0,1000,1000,920C,2603,2026-03-23
凱基宜蘭,204.5,3000,0,920M,2603,2026-03-23
凱基松山,204.5,2050,35,9217,2603,2026-03-23
凱基宜蘭,207.0,1010,0,920M,2603,2026-03-23
凱基湖口,205.0,5,40,920N,2603,2026-03-23
凱基信義,205.5,0,10,9216,2603,2026-03-23
凱基高美,208.5,1,0,9215,2603,2026-03-23
凱基高美,207.5,1000,0,9215,2603,2026-03-23
凱基高美,206.0,100,0,9215,2603,2026-03-23
凱基高美,205.0,2100,1200,9215,2603,2026-03-23
凱基高美,204.0,3200,1000,9215,2603,2026-03-23
凱基高美,203.0,1000,0,9215,2603,2026-03-23
凱基東港,206.5,0,100,9212,2603,2026-03-23
凱基東港,205.0,10,0,9212,2603,2026-03-23
凱基台南,208.0,1000,0,9211,2603,2026-03-23
凱基台南,206.5,2000,0,9211,2603,2026-03-23
凱基台南,205.5,2000,0,9211,2603,2026-03-23
凱基台南,204.5,3010,2400,9211,2603,2026-03-23
凱基台南,203.0,2000,0,9211,2603,2026-03-23
凱基台東,206.5,10,0,920Z,2603,2026-03-23
凱基台東,205.0,1000,3000,920Z,2603,2026-03-23
凱基台東,204.0,100,0,920Z,2603,2026-03-23
凱基大里,206.5,280,0,920W,2603,2026-03-23
凱基大里,204.5,65,0,920W,2603,2026-03-23
凱基新店,208.5,3,0,920V,2603,2026-03-23
凱基新店,203.0,1000,0,920V,2603,2026-03-23
凱基湖口,207.0,2200,0,920N,2603,2026-03-23
凱基湖口,206.0,100,0,920N,2603,2026-03-23
凱基湖口,204.0,1005,0,920N,2603,2026-03-23
華南大安,205.5,5,0,9307,2603,2026-03-23
凱基長庚,206.0,5000,0,9233,2603,2026-03-23
凱基竹北,203.5,3000,0,9234,2603,2026-03-23
凱基大安,205.0,2010,0,9291,2603,2026-03-23
凱基興隆,208.0,1000,0,9289,2603,2026-03-23
凱基興隆,205.5,1000,0,9289,2603,2026-03-23
凱基興隆,204.5,7000,0,9289,2603,2026-03-23
凱基興隆,203.5,1000,0,9289,2603,2026-03-23
凱基埔墘,206.0,4000,0,9288,2603,2026-03-23
凱基埔墘,204.0,1000,0,9288,2603,2026-03-23
凱基內湖,204.5,0,15,9287,2603,2026-03-23
凱基中壢,207.0,1000,0,9285,2603,2026-03-23
凱基中壢,206.0,30,10073,9285,2603,2026-03-23
凱基中壢,205.0,2115,2800,9285,2603,2026-03-23
凱基中壢,204.0,1000,2000,9285,2603,2026-03-23
凱基北門,208.5,15,0,9283,2603,2026-03-23
凱基北門,205.0,1310,1000,9283,2603,2026-03-23
凱基北門,203.5,20,0,9283,2603,2026-03-23
凱基斗六,204.0,200,0,9281,2603,2026-03-23
凱基永康,207.0,1200,0,9278,2603,2026-03-23
凱基永康,206.0,530,0,9278,2603,2026-03-23
凱基永康,204.5,0,1000,9278,2603,2026-03-23
凱基苗栗,204.5,2000,0,9276,2603,2026-03-23
凱基三多,205.0,1000,0,9275,2603,2026-03-23
凱基三多,203.0,1000,0,9275,2603,2026-03-23
凱基鳳山,206.5,1200,0,9274,2603,2026-03-23
凱基大安,206.5,0,180,9291,2603,2026-03-23
凱基鳳山,205.0,1050,1000,9274,2603,2026-03-23
凱基頭份,206.0,1000,0,9296,2603,2026-03-23
凱基文心,207.0,2300,0,9297,2603,2026-03-23
華南台南,207.5,5,0,9306,2603,2026-03-23
華南台南,205.0,4000,0,9306,2603,2026-03-23
華南台南,203.5,4000,0,9306,2603,2026-03-23
華南新莊,208.0,1000,0,9305,2603,2026-03-23
華南新莊,205.5,26,0,9305,2603,2026-03-23
華南新莊,204.5,2033,1000,9305,2603,2026-03-23
華南新莊,203.0,0,2000,9305,2603,2026-03-23
華南高雄,207.0,5,0,9303,2603,2026-03-23
華南高雄,206.0,3050,0,9303,2603,2026-03-23
華南高雄,205.0,50,1000,9303,2603,2026-03-23
華南高雄,204.0,1000,0,9303,2603,2026-03-23
華南高雄,203.0,0,1000,9303,2603,2026-03-23
華南台中,208.0,1000,0,9302,2603,2026-03-23
華南台中,207.0,1020,0,9302,2603,2026-03-23
華南台中,206.0,8204,0,9302,2603,2026-03-23
華南台中,205.0,9650,2000,9302,2603,2026-03-23
華南台中,203.5,35,0,9302,2603,2026-03-23
華南永昌,208.5,10,0,9300,2603,2026-03-23
華南永昌,207.5,1500,0,9300,2603,2026-03-23
華南永昌,206.5,1500,2000,9300,2603,2026-03-23
華南永昌,205.5,6258,1000,9300,2603,2026-03-23
華南永昌,204.5,3360,27030,9300,2603,2026-03-23
華南永昌,203.5,4050,1000,9300,2603,2026-03-23
凱基文心,205.0,20,0,9297,2603,2026-03-23
凱基長庚,207.0,1000,0,9233,2603,2026-03-23
凱基鳳山,204.0,5000,1000,9274,2603,2026-03-23
凱基竹科,208.0,1000,0,9272,2603,2026-03-23
凱基嘉義,206.0,100,0,9252,2603,2026-03-23
凱基嘉義,204.0,2012,0,9252,2603,2026-03-23
凱基嘉義,202.5,1000,0,9252,2603,2026-03-23
凱基市政,208.0,2025,2000,9239,2603,2026-03-23
凱基市政,206.0,5,0,9239,2603,2026-03-23
凱基市政,204.5,40,0,9239,2603,2026-03-23
凱基市政,203.5,0,4000,9239,2603,2026-03-23
凱基士林,208.0,1200,1200,9238,2603,2026-03-23
凱基士林,207.0,1119,0,9238,2603,2026-03-23
凱基士林,206.0,50,50,9238,2603,2026-03-23
凱基士林,205.0,1000,0,9238,2603,2026-03-23
凱基士林,204.0,10000,600,9238,2603,2026-03-23
凱基敦北,205.0,5,0,9237,2603,2026-03-23
凱基敦北,204.0,1005,0,9237,2603,2026-03-23
凱基虎尾,206.5,305,0,9236,2603,2026-03-23
凱基永華,208.0,3000,0,9235,2603,2026-03-23
凱基永華,207.0,1000,0,9235,2603,2026-03-23
凱基永華,206.0,10,0,9235,2603,2026-03-23
凱基永華,204.5,100,0,9235,2603,2026-03-23
凱基竹北,208.5,5,0,9234,2603,2026-03-23
凱基竹北,206.5,1100,0,9234,2603,2026-03-23
凱基竹北,205.5,0,1000,9234,2603,2026-03-23
凱基竹北,204.5,100,1000,9234,2603,2026-03-23
凱基嘉義,207.5,5,0,9252,2603,2026-03-23
凱基鳳山,203.0,1000,0,9274,2603,2026-03-23
凱基科園,203.0,0,4000,9254,2603,2026-03-23
凱基科園,205.5,89,1000,9254,2603,2026-03-23
凱基竹科,206.5,2000,0,9272,2603,2026-03-23
凱基竹科,205.5,10,0,9272,2603,2026-03-23
凱基竹科,204.5,0,150,9272,2603,2026-03-23
凱基竹科,203.5,50,0,9272,2603,2026-03-23
凱基台北,208.0,3000,23000,9268,2603,2026-03-23
凱基台北,207.0,15001,18000,9268,2603,2026-03-23
凱基台北,206.0,103000,5000,9268,2603,2026-03-23
凱基台北,205.0,127100,13000,9268,2603,2026-03-23
凱基台北,204.0,214302,77000,9268,2603,2026-03-23
凱基台北,203.0,70000,5000,9268,2603,2026-03-23
凱基新豐,205.5,2,0,9266,2603,2026-03-23
凱基新豐,204.5,8,0,9266,2603,2026-03-23
凱基新豐,203.5,100,0,9266,2603,2026-03-23
凱基羅東,205.5,0,3000,9258,2603,2026-03-23
凱基林口,206.5,2,0,9257,2603,2026-03-23
凱基林口,205.0,10,0,9257,2603,2026-03-23
凱基林口,203.5,2010,0,9257,2603,2026-03-23
凱基林口,202.5,1000,0,9257,2603,2026-03-23
凱基南崁,205.0,3000,0,9256,2603,2026-03-23
凱基南崁,204.0,1002,0,9256,2603,2026-03-23
凱基和平,204.0,8000,0,9255,2603,2026-03-23
凱基科園,208.0,58,0,9254,2603,2026-03-23
凱基科園,206.5,2000,0,9254,2603,2026-03-23
凱基科園,204.5,0,150,9254,2603,2026-03-23
京城嘉義,206.5,11010,0,8492,2603,2026-03-23
新百王,204.0,0,5200,6210,2603,2026-03-23
京城嘉義,204.5,1000,0,8492,2603,2026-03-23
第一自由,206.0,1000,400,538E,2603,2026-03-23
第一自由,205.0,1100,0,538E,2603,2026-03-23
第一自由,204.0,1000,1000,538E,2603,2026-03-23
第一忠孝,208.5,50,0,538D,2603,2026-03-23
第一忠孝,207.0,1100,0,538D,2603,2026-03-23
第一忠孝,206.0,150,0,538D,2603,2026-03-23
第一忠孝,205.0,1150,0,538D,2603,2026-03-23
第一忠孝,204.0,200,1000,538D,2603,2026-03-23
第一忠孝,203.0,1000,0,538D,2603,2026-03-23
第一光復,205.5,100,350,538C,2603,2026-03-23
第一自由,208.5,3000,0,538E,2603,2026-03-23
第一光復,204.0,2050,0,538C,2603,2026-03-23
第一新竹,206.0,1000,0,538B,2603,2026-03-23
第一新竹,204.0,0,1000,538B,2603,2026-03-23
第一新興,206.5,2000,0,538A,2603,2026-03-23
第一新興,204.5,1020,2000,538A,2603,2026-03-23
第一新興,203.5,1000,0,538A,2603,2026-03-23
第一中山,207.0,1000,1000,5389,2603,2026-03-23
第一中山,206.0,1300,1000,5389,2603,2026-03-23
第一中山,205.0,10,0,5389,2603,2026-03-23
第一中山,204.0,1000,0,5389,2603,2026-03-23
第一澎湖,207.0,1100,0,5387,2603,2026-03-23
第一新竹,208.0,1000,0,538B,2603,2026-03-23
第一稻埕,203.5,1000,0,538F,2603,2026-03-23
第一稻埕,204.5,7050,1000,538F,2603,2026-03-23
第一稻埕,205.5,1000,0,538F,2603,2026-03-23
第一華江,204.0,370,5000,538W,2603,2026-03-23
第一華江,203.0,2000,0,538W,2603,2026-03-23
第一路竹,206.5,1200,0,538P,2603,2026-03-23
第一路竹,205.5,0,1000,538P,2603,2026-03-23
第一路竹,204.5,268,3000,538P,2603,2026-03-23
第一路竹,203.5,50,0,538P,2603,2026-03-23
第一豐原,207.0,78,0,538N,2603,2026-03-23
第一豐原,206.0,100,5000,538N,2603,2026-03-23
第一豐原,205.0,100,0,538N,2603,2026-03-23
第一豐原,204.0,30,0,538N,2603,2026-03-23
第一豐原,203.0,1000,0,538N,2603,2026-03-23
第一嘉義,205.0,1070,1190,538M,2603,2026-03-23
第一安和,208.5,1,0,538j,2603,2026-03-23
第一安和,207.0,7,4000,538j,2603,2026-03-23
第一安和,206.0,2010,0,538j,2603,2026-03-23
第一安和,205.0,11059,8000,538j,2603,2026-03-23
第一安和,204.0,1000,1000,538j,2603,2026-03-23
第一頭份,207.0,3000,0,538I,2603,2026-03-23
第一頭份,206.0,1000,0,538I,2603,2026-03-23
第一頭份,205.0,0,1000,538I,2603,2026-03-23
第一頭份,204.0,45,1000,538I,2603,2026-03-23
第一稻埕,207.5,50,34,538F,2603,2026-03-23
第一稻埕,206.5,150,0,538F,2603,2026-03-23
第一澎湖,204.0,100,0,5387,2603,2026-03-23
第一彰化,204.5,100,0,5386,2603,2026-03-23
第一彰化,203.0,1000,0,5386,2603,2026-03-23
第一桃園,207.5,3015,0,5385,2603,2026-03-23
高橋龍潭,204.5,2000,0,5321,2603,2026-03-23
高橋,208.0,1000,0,5320,2603,2026-03-23
高橋,205.5,2150,0,5320,2603,2026-03-23
高橋,204.5,0,13000,5320,2603,2026-03-23
美好市政,207.5,1000,0,526M,2603,2026-03-23
美好市政,205.5,5000,0,526M,2603,2026-03-23
美好富順,206.0,100,0,526K,2603,2026-03-23
美好富順,205.0,100,0,526K,2603,2026-03-23
美好富順,204.0,1000,0,526K,2603,2026-03-23
美好中和,207.0,1000,0,526A,2603,2026-03-23
美好台南,206.0,1000,0,5268,2603,2026-03-23
美好基隆,205.0,1000,0,5267,2603,2026-03-23
美好中壢,208.0,1100,0,5266,2603,2026-03-23
美好中壢,205.0,101,0,5266,2603,2026-03-23
美好苗栗,208.0,20,0,5265,2603,2026-03-23
美好苗栗,206.5,50,0,5265,2603,2026-03-23
美好苗栗,205.0,1045,0,5265,2603,2026-03-23
美好苗栗,203.5,20,0,5265,2603,2026-03-23
美好高雄,205.0,0,1000,5264,2603,2026-03-23
美好泰山,205.0,1040,0,5263,2603,2026-03-23
美好泰山,203.0,1000,0,5263,2603,2026-03-23
美好楊梅,207.5,1100,0,5262,2603,2026-03-23
美好楊梅,206.5,101,0,5262,2603,2026-03-23
高橋龍潭,205.5,1000,0,5321,2603,2026-03-23
第一華江,205.0,270,0,538W,2603,2026-03-23
高橋龍潭,207.5,3000,0,5321,2603,2026-03-23
高橋內壢,205.0,1000,1000,5323,2603,2026-03-23
第一桃園,206.0,10005,0,5385,2603,2026-03-23
第一桃園,205.0,6010,0,5385,2603,2026-03-23
第一桃園,204.0,1001,1000,5385,2603,2026-03-23
第一桃園,203.0,3006,0,5385,2603,2026-03-23
第一台南,207.5,300,0,5384,2603,2026-03-23
第一台南,206.5,158,0,5384,2603,2026-03-23
第一台南,205.5,30,0,5384,2603,2026-03-23
第一台南,204.5,7659,0,5384,2603,2026-03-23
第一台南,203.5,10,0,5384,2603,2026-03-23
第一高雄,206.5,0,3,5383,2603,2026-03-23
第一高雄,205.5,10,0,5383,2603,2026-03-23
第一高雄,204.5,1000,1000,5383,2603,2026-03-23
第一高雄,203.5,10,0,5383,2603,2026-03-23
第一台中,206.5,1000,0,5382,2603,2026-03-23
第一台中,205.0,250,0,5382,2603,2026-03-23
第一員林,208.5,5,0,5381,2603,2026-03-23
第一員林,206.0,1,0,5381,2603,2026-03-23
第一員林,205.0,3,0,5381,2603,2026-03-23
第一員林,204.0,300,0,5381,2603,2026-03-23
第一金證,207.0,311,0,5380,2603,2026-03-23
第一金證,205.5,2000,0,5380,2603,2026-03-23
第一金證,204.5,36000,40,5380,2603,2026-03-23
第一金證,203.5,7000,0,5380,2603,2026-03-23
高橋內壢,203.5,250,0,5323,2603,2026-03-23
第一華江,206.0,2103,1000,538W,2603,2026-03-23
第一華江,207.0,1000,0,538W,2603,2026-03-23
第一中壢,204.0,100,0,538Y,2603,2026-03-23
統一桃園,206.5,1010,0,585H,2603,2026-03-23
統一桃園,205.0,2000,1000,585H,2603,2026-03-23
統一桃園,204.0,20000,0,585H,2603,2026-03-23
統一桃園,203.0,1000,0,585H,2603,2026-03-23
統一平鎮,207.0,1000,0,585g,2603,2026-03-23
統一平鎮,205.5,1000,0,585g,2603,2026-03-23
統一平鎮,204.5,50,2,585g,2603,2026-03-23
統一彰化,208.0,0,10000,585F,2603,2026-03-23
統一彰化,207.0,1520,0,585F,2603,2026-03-23
統一彰化,205.5,7000,0,585F,2603,2026-03-23
統一彰化,204.5,1000,5000,585F,2603,2026-03-23
統一彰化,203.5,1000,0,585F,2603,2026-03-23
統一彰化,202.5,1000,0,585F,2603,2026-03-23
統一新營,205.5,3000,0,585E,2603,2026-03-23
統一新營,204.5,2000,0,585E,2603,2026-03-23
統一新台中,207.5,0,5000,585D,2603,2026-03-23
統一新台中,205.5,1002,0,585D,2603,2026-03-23
統一新台中,204.5,130,0,585D,2603,2026-03-23
統一新台中,203.0,1000,0,585D,2603,2026-03-23
統一仁愛,204.5,1000,0,585c,2603,2026-03-23
統一永和,205.0,1000,0,585B,2603,2026-03-23
統一基隆,205.0,1000,0,585A,2603,2026-03-23
統一基隆,203.5,2000,0,585A,2603,2026-03-23
統一員林,204.0,0,1000,585I,2603,2026-03-23
統一屏東,205.5,6,2000,5859,2603,2026-03-23
統一員林,205.0,0,2000,585I,2603,2026-03-23
統一三重,205.0,1101,0,585J,2603,2026-03-23
統一南京,206.0,6000,0,585U,2603,2026-03-23
統一南京,205.0,1300,2000,585U,2603,2026-03-23
統一南京,204.0,1000,1000,585U,2603,2026-03-23
統一宜蘭,207.0,0,2000,585S,2603,2026-03-23
統一宜蘭,205.5,1100,0,585S,2603,2026-03-23
統一東湖,207.0,1000,0,585R,2603,2026-03-23
統一東湖,206.0,2200,0,585R,2603,2026-03-23
統一東湖,204.5,1100,0,585R,2603,2026-03-23
統一三多,207.5,0,1000,585Q,2603,2026-03-23
統一三多,206.5,0,1000,585Q,2603,2026-03-23
統一三多,204.5,1000,0,585Q,2603,2026-03-23
統一三多,203.5,0,2000,585Q,2603,2026-03-23
統一板橋,207.0,50,0,585P,2603,2026-03-23
統一板橋,205.5,0,3000,585P,2603,2026-03-23
統一板橋,204.0,50,1000,585P,2603,2026-03-23
統一士林,208.5,1,0,585M,2603,2026-03-23
統一士林,206.5,5000,0,585M,2603,2026-03-23
統一士林,205.0,0,10000,585M,2603,2026-03-23
統一竹南,207.0,20,0,585m,2603,2026-03-23
統一竹南,205.5,20,0,585m,2603,2026-03-23
統一竹南,204.0,20,0,585m,2603,2026-03-23
統一三重,207.5,1000,0,585J,2603,2026-03-23
統一三重,206.5,2000,0,585J,2603,2026-03-23
統一三重,203.5,1000,0,585J,2603,2026-03-23
美好楊梅,205.5,151,0,5262,2603,2026-03-23
統一屏東,204.5,1002,0,5859,2603,2026-03-23
統一嘉義,205.0,3000,0,5858,2603,2026-03-23
統一高雄,207.0,1000,0,5851,2603,2026-03-23
統一高雄,206.0,1000,0,5851,2603,2026-03-23
統一高雄,205.0,1428,0,5851,2603,2026-03-23
統一高雄,204.0,3099,1000,5851,2603,2026-03-23
統一,208.0,3000,0,5850,2603,2026-03-23
統一,206.5,15000,0,5850,2603,2026-03-23
統一,205.5,2000,7000,5850,2603,2026-03-23
統一,204.5,23010,11999,5850,2603,2026-03-23
統一,203.5,3000,8999,5850,2603,2026-03-23
日進,206.0,2000,0,5660,2603,2026-03-23
日進,204.0,1000,0,5660,2603,2026-03-23
日進,203.0,1000,0,5660,2603,2026-03-23
永興大墩,205.0,2000,0,5604,2603,2026-03-23
永興大墩,204.0,50,0,5604,2603,2026-03-23
永興台中,208.0,10000,0,5603,2603,2026-03-23
永興台中,206.0,100,0,5603,2603,2026-03-23
永興水湳,205.0,1000,0,5602,2603,2026-03-23
永興,204.5,1100,0,5600,2603,2026-03-23
寶盛,207.0,0,20000,5460,2603,2026-03-23
寶盛,205.5,0,1000,5460,2603,2026-03-23
第一中壢,207.0,14,0,538Y,2603,2026-03-23
第一中壢,206.0,1100,0,538Y,2603,2026-03-23
第一中壢,205.0,0,35,538Y,2603,2026-03-23
統一高雄,208.5,100,0,5851,2603,2026-03-23
統一嘉義,206.5,1000,0,5858,2603,2026-03-23
統一敦南,205.0,3000,10,5852,2603,2026-03-23
統一敦南,208.5,4,0,5852,2603,2026-03-23
統一嘉義,204.0,1000,2000,5858,2603,2026-03-23
統一新竹,208.0,1000,0,5857,2603,2026-03-23
統一新竹,207.0,1000,0,5857,2603,2026-03-23
統一新竹,206.0,1106,250,5857,2603,2026-03-23
統一新竹,205.0,2100,0,5857,2603,2026-03-23
統一新竹,204.0,1000,0,5857,2603,2026-03-23
統一台中,208.5,200,0,5856,2603,2026-03-23
統一台中,206.5,13,0,5856,2603,2026-03-23
統一台中,205.0,1040,8100,5856,2603,2026-03-23
統一台中,204.0,1058,0,5856,2603,2026-03-23
統一台中,202.5,1000,0,5856,2603,2026-03-23
統一台南,207.5,0,1000,5855,2603,2026-03-23
統一台南,206.0,1020,0,5855,2603,2026-03-23
統一台南,205.0,50,100,5855,2603,2026-03-23
統一台南,204.0,2010,0,5855,2603,2026-03-23
統一城中,207.5,1000,0,5854,2603,2026-03-23
統一城中,206.5,2000,0,5854,2603,2026-03-23
統一城中,205.5,200,0,5854,2603,2026-03-23
統一城中,204.5,2005,1000,5854,2603,2026-03-23
統一城中,203.5,1000,0,5854,2603,2026-03-23
統一中壢,207.0,12,0,5853,2603,2026-03-23
統一中壢,205.0,0,1000,5853,2603,2026-03-23
統一中壢,204.0,140,0,5853,2603,2026-03-23
統一敦南,206.0,1400,0,5852,2603,2026-03-23
美好楊梅,204.5,2000,3,5262,2603,2026-03-23
美好蘆洲,207.0,2000,0,5261,2603,2026-03-23
美好蘆洲,206.0,1000,0,5261,2603,2026-03-23
臺銀臺南,204.0,3100,1000,1042,2603,2026-03-23
臺銀臺南,203.0,1000,4000,1042,2603,2026-03-23
臺銀,207.5,3100,5,1040,2603,2026-03-23
臺銀,206.5,2190,0,1040,2603,2026-03-23
臺銀,205.5,1202,0,1040,2603,2026-03-23
臺銀,204.5,1011,1024,1040,2603,2026-03-23
臺銀,203.5,2100,0,1040,2603,2026-03-23
土銀白河,206.5,1000,0,103C,2603,2026-03-23
土銀白河,204.5,1000,0,103C,2603,2026-03-23
土銀彰化,205.0,1000,0,103B,2603,2026-03-23
土銀建國,205.5,1000,0,103A,2603,2026-03-23
土銀士林,205.0,1000,0,1039,2603,2026-03-23
土銀和平,204.0,10000,0,1038,2603,2026-03-23
土銀花蓮,204.0,1000,1000,1037,2603,2026-03-23
土銀新竹,208.0,3000,0,1035,2603,2026-03-23
土銀新竹,207.0,100,0,1035,2603,2026-03-23
土銀新竹,205.0,1000,0,1035,2603,2026-03-23
土銀新竹,204.0,1000,3000,1035,2603,2026-03-23
土銀嘉義,206.0,1000,0,1034,2603,2026-03-23
土銀嘉義,205.0,7100,0,1034,2603,2026-03-23
土銀嘉義,204.0,20,0,1034,2603,2026-03-23
土銀高雄,206.0,2000,0,1033,2603,2026-03-23
土銀台南,206.0,1000,0,1032,2603,2026-03-23
臺銀臺南,205.0,2100,1000,1042,2603,2026-03-23
土銀台中,205.0,1010,0,1031,2603,2026-03-23
臺銀臺南,206.0,2000,2000,1042,2603,2026-03-23
臺銀臺南,208.0,5000,0,1042,2603,2026-03-23
臺銀金山,206.0,7000,0,104D,2603,2026-03-23
臺銀金山,205.0,4123,0,104D,2603,2026-03-23
臺銀金山,204.0,2542,0,104D,2603,2026-03-23
臺銀高雄,208.0,2000,0,104C,2603,2026-03-23
臺銀高雄,207.0,263,0,104C,2603,2026-03-23
臺銀高雄,206.0,4810,1000,104C,2603,2026-03-23
臺銀高雄,205.0,17129,16,104C,2603,2026-03-23
臺銀高雄,204.0,3615,0,104C,2603,2026-03-23
臺銀高雄,203.0,3000,0,104C,2603,2026-03-23
臺銀臺中,207.5,3000,200,104A,2603,2026-03-23
臺銀臺中,206.5,3006,100,104A,2603,2026-03-23
臺銀臺中,205.5,1424,0,104A,2603,2026-03-23
臺銀臺中,204.5,108,4314,104A,2603,2026-03-23
臺銀臺中,203.5,1000,0,104A,2603,2026-03-23
臺銀新竹,208.0,1000,4050,1045,2603,2026-03-23
臺銀新竹,206.5,1000,0,1045,2603,2026-03-23
臺銀新竹,205.5,1010,0,1045,2603,2026-03-23
臺銀新竹,204.0,1050,0,1045,2603,2026-03-23
臺銀民權,207.5,0,1000,1043,2603,2026-03-23
臺銀民權,206.5,2150,3000,1043,2603,2026-03-23
臺銀民權,205.5,2213,0,1043,2603,2026-03-23
臺銀民權,204.5,3400,4080,1043,2603,2026-03-23
臺銀民權,203.5,54,0,1043,2603,2026-03-23
臺銀臺南,207.0,1110,0,1042,2603,2026-03-23
臺銀金山,207.0,3750,0,104D,2603,2026-03-23
土銀台中,204.0,1000,0,1031,2603,2026-03-23
土銀,205.0,1000,0,1030,2603,2026-03-23
合庫基隆,208.0,5000,0,1025,2603,2026-03-23
合庫基隆,206.0,1500,0,1025,2603,2026-03-23
合庫基隆,204.5,3000,0,1025,2603,2026-03-23
合庫嘉義,205.5,1000,0,1024,2603,2026-03-23
合庫嘉義,204.0,80,1000,1024,2603,2026-03-23
合庫高雄,206.5,100,0,1023,2603,2026-03-23
合庫高雄,205.5,100,0,1023,2603,2026-03-23
合庫高雄,204.5,100,0,1023,2603,2026-03-23
合庫台南,208.0,1000,0,1022,2603,2026-03-23
合庫台南,206.5,0,500,1022,2603,2026-03-23
合庫台南,205.5,1000,0,1022,2603,2026-03-23
合庫台南,204.5,1000,0,1022,2603,2026-03-23
合庫台中,208.0,0,1000,1021,2603,2026-03-23
合庫台中,206.5,450,0,1021,2603,2026-03-23
合庫台中,205.5,0,10000,1021,2603,2026-03-23
合庫台中,204.5,1178,1000,1021,2603,2026-03-23
合庫,208.5,15,0,1020,2603,2026-03-23
合庫,207.5,8000,0,1020,2603,2026-03-23
合庫,206.5,2414,2000,1020,2603,2026-03-23
合庫,205.5,2000,0,1020,2603,2026-03-23
合庫,204.5,220,14,1020,2603,2026-03-23
合庫,202.5,0,5000,1020,2603,2026-03-23
富邦二林,205.5,35,0,962B,2603,2026-03-23
合庫彰化,203.5,10,2000,1028,2603,2026-03-23
土銀,206.5,1030,0,1030,2603,2026-03-23
合庫彰化,204.5,35,0,1028,2603,2026-03-23
合庫彰化,207.5,1000,0,1028,2603,2026-03-23
土銀,203.5,1000,0,1030,2603,2026-03-23
合庫三重,207.5,1000,0,102G,2603,2026-03-23
合庫三重,204.5,0,32,102G,2603,2026-03-23
合庫三重,203.5,500,0,102G,2603,2026-03-23
合庫三重,202.5,1000,0,102G,2603,2026-03-23
合庫西台,206.5,100,0,102F,2603,2026-03-23
合庫西台,204.5,1000,22,102F,2603,2026-03-23
合庫西台,203.0,2000,0,102F,2603,2026-03-23
合庫桃園,207.0,100,0,102E,2603,2026-03-23
合庫桃園,206.0,1000,0,102E,2603,2026-03-23
合庫桃園,205.0,1303,2100,102E,2603,2026-03-23
合庫桃園,204.0,2100,0,102E,2603,2026-03-23
合庫桃園,203.0,3000,0,102E,2603,2026-03-23
合庫自強,205.5,155,0,102C,2603,2026-03-23
合庫自強,204.5,73,3750,102C,2603,2026-03-23
合庫自強,203.5,73,0,102C,2603,2026-03-23
合庫新竹,207.0,200,0,102A,2603,2026-03-23
合庫新竹,204.0,2000,0,102A,2603,2026-03-23
合庫鳳山,207.0,5000,0,1029,2603,2026-03-23
合庫鳳山,206.0,0,2000,1029,2603,2026-03-23
合庫鳳山,205.0,1000,0,1029,2603,2026-03-23
合庫鳳山,204.0,250,0,1029,2603,2026-03-23
合庫彰化,208.5,0,500,1028,2603,2026-03-23
合庫彰化,206.0,122,0,1028,2603,2026-03-23
統一南京,208.0,1000,0,585U,2603,2026-03-23
企銀,203.0,1000,2000,1110,2603,2026-03-23
企銀,205.0,4005,0,1110,2603,2026-03-23
花旗環球,207.0,0,2000,1590,2603,2026-03-23
花旗環球,204.5,17000,0,1590,2603,2026-03-23
港商野村,208.5,0,649,1560,2603,2026-03-23
美商高盛,208.0,2000,53000,1480,2603,2026-03-23
美商高盛,207.0,0,122000,1480,2603,2026-03-23
美商高盛,206.0,0,147000,1480,2603,2026-03-23
美商高盛,205.0,0,144000,1480,2603,2026-03-23
美商高盛,204.0,46000,252000,1480,2603,2026-03-23
美商高盛,203.0,0,15000,1480,2603,2026-03-23
台灣摩根,207.5,25000,11000,1470,2603,2026-03-23
台灣摩根,206.5,2000,175000,1470,2603,2026-03-23
台灣摩根,205.5,17563,39000,1470,2603,2026-03-23
台灣摩根,204.5,64000,346000,1470,2603,2026-03-23
台灣摩根,203.5,1000,156000,1470,2603,2026-03-23
美林,208.5,0,531,1440,2603,2026-03-23
美林,207.5,66000,16000,1440,2603,2026-03-23
美林,206.5,29000,9000,1440,2603,2026-03-23
美林,205.5,60000,164000,1440,2603,2026-03-23
美林,204.5,164000,85000,1440,2603,2026-03-23
美林,203.5,15000,10000,1440,2603,2026-03-23
宏遠新化,207.0,10,0,126X,2603,2026-03-23
宏遠新化,205.0,1000,0,126X,2603,2026-03-23
宏遠新化,203.5,0,2000,126X,2603,2026-03-23
花旗環球,208.0,10000,13000,1590,2603,2026-03-23
宏遠館前,206.0,100,0,126U,2603,2026-03-23
瑞銀,203.5,12000,101000,1650,2603,2026-03-23
瑞銀,205.5,4141,102000,1650,2603,2026-03-23
美好蘆洲,205.0,2005,0,5261,2603,2026-03-23
美好蘆洲,204.0,8000,1000,5261,2603,2026-03-23
美好蘆洲,203.0,1000,0,5261,2603,2026-03-23
美好,206.5,2000,0,5260,2603,2026-03-23
美好,203.0,1000,0,5260,2603,2026-03-23
大展,207.5,3000,0,5050,2603,2026-03-23
大展,206.0,0,10000,5050,2603,2026-03-23
大展,205.0,12000,0,5050,2603,2026-03-23
大展,204.0,0,8000,5050,2603,2026-03-23
亞東台中,206.5,55,2000,2187,2603,2026-03-23
亞東台中,205.0,0,2300,2187,2603,2026-03-23
亞東台中,204.0,2007,0,2187,2603,2026-03-23
亞東高雄,207.5,1000,0,2186,2603,2026-03-23
亞東高雄,205.0,1100,0,2186,2603,2026-03-23
亞東台南,204.0,25,0,2185,2603,2026-03-23
亞東板橋,204.5,0,100,2181,2603,2026-03-23
亞東板橋,203.5,0,1000,2181,2603,2026-03-23
亞東,208.5,2,0,2180,2603,2026-03-23
亞東,205.0,0,5000,2180,2603,2026-03-23
亞東,204.0,100,0,2180,2603,2026-03-23
亞東,203.0,1000,0,2180,2603,2026-03-23
瑞銀,207.5,50000,55000,1650,2603,2026-03-23
瑞銀,206.5,0,152000,1650,2603,2026-03-23
瑞銀,204.5,16100,308070,1650,2603,2026-03-23
企銀,204.0,1000,4000,1110,2603,2026-03-23
宏遠館前,204.5,2000,0,126U,2603,2026-03-23
宏遠高雄,207.0,5,0,126Q,2603,2026-03-23
企銀民雄,206.5,40,0,111A,2603,2026-03-23
企銀民雄,205.5,50,0,111A,2603,2026-03-23
企銀民雄,204.0,40,0,111A,2603,2026-03-23
企銀岡山,207.0,1000,0,1119,2603,2026-03-23
企銀岡山,205.5,1000,0,1119,2603,2026-03-23
企銀岡山,204.5,1000,0,1119,2603,2026-03-23
企銀岡山,203.0,1000,0,1119,2603,2026-03-23
企銀竹北,204.5,2000,0,1117,2603,2026-03-23
企銀竹北,203.5,1000,0,1117,2603,2026-03-23
企銀太平,208.0,1000,0,1115,2603,2026-03-23
企銀太平,206.0,100,0,1115,2603,2026-03-23
企銀太平,205.0,4150,1000,1115,2603,2026-03-23
企銀太平,203.0,1000,0,1115,2603,2026-03-23
企銀嘉義,207.0,1000,1,1114,2603,2026-03-23
企銀九如,206.0,1000,0,1113,2603,2026-03-23
企銀九如,205.0,1000,0,1113,2603,2026-03-23
企銀九如,204.0,1000,2000,1113,2603,2026-03-23
企銀台南,206.5,1000,0,1112,2603,2026-03-23
企銀台中,206.5,2000,0,1111,2603,2026-03-23
企銀台中,204.5,1000,0,1111,2603,2026-03-23
企銀台中,202.5,1000,0,1111,2603,2026-03-23
企銀,207.5,11005,0,1110,2603,2026-03-23
企銀,206.0,1000,5000,1110,2603,2026-03-23
企銀民雄,208.5,20,0,111A,2603,2026-03-23
宏遠館前,203.5,1000,0,126U,2603,2026-03-23
台企建成,206.5,0,300,111B,2603,2026-03-23
企銀北高,206.0,1000,0,111F,2603,2026-03-23
宏遠台中,205.5,100,0,126L,2603,2026-03-23
宏遠台中,204.5,50,0,126L,2603,2026-03-23
宏遠台中,203.5,5,0,126L,2603,2026-03-23
宏遠光隆,204.0,0,1000,126i,2603,2026-03-23
宏遠中和,206.5,2200,0,126H,2603,2026-03-23
宏遠台南,204.5,0,1000,126D,2603,2026-03-23
宏遠桃園,206.5,1100,0,1262,2603,2026-03-23
宏遠桃園,205.5,20,0,1262,2603,2026-03-23
宏遠,207.5,3000,0,1260,2603,2026-03-23
宏遠,205.5,1000,50000,1260,2603,2026-03-23
宏遠,204.5,0,5000,1260,2603,2026-03-23
彰銀台中,208.0,1000,0,1233,2603,2026-03-23
彰銀台中,207.0,2100,0,1233,2603,2026-03-23
彰銀台中,206.0,1000,0,1233,2603,2026-03-23
彰銀台中,205.0,5000,0,1233,2603,2026-03-23
彰銀台中,204.0,200,0,1233,2603,2026-03-23
彰銀七賢,203.0,0,100,1232,2603,2026-03-23
彰銀,206.5,1000,0,1230,2603,2026-03-23
彰銀,204.5,11000,1000,1230,2603,2026-03-23
彰銀,203.5,11000,0,1230,2603,2026-03-23
彰銀,202.5,10000,0,1230,2603,2026-03-23
企銀埔墘,205.5,2000,0,111G,2603,2026-03-23
企銀埔墘,204.0,5000,1000,111G,2603,2026-03-23
企銀桃園,206.0,4000,0,111E,2603,2026-03-23
統一金門,205.0,1178,0,585W,2603,2026-03-23
統一金門,206.0,0,1000,585W,2603,2026-03-23
統一金門,207.5,2000,0,585W,2603,2026-03-23
國票南科,203.0,3000,0,779e,2603,2026-03-23
國票台南,205.0,0,2000,779D,2603,2026-03-23
國票台南,204.0,1000,0,779D,2603,2026-03-23
國票敦北,208.0,1000,0,779c,2603,2026-03-23
國票敦北,206.0,8000,0,779c,2603,2026-03-23
國票敦北,205.0,4000,100,779c,2603,2026-03-23
國票敦北,204.0,8050,0,779c,2603,2026-03-23
國票敦北,203.0,1000,1000,779c,2603,2026-03-23
國票內壢,204.0,3000,0,7798,2603,2026-03-23
國票中正,206.0,0,1000,7797,2603,2026-03-23
國票南港,208.0,0,3000,7795,2603,2026-03-23
國票南港,206.0,21,0,7795,2603,2026-03-23
國票南港,204.5,3000,1,7795,2603,2026-03-23
國票北投,204.0,1000,0,7792,2603,2026-03-23
國票台東,205.5,1000,0,7791,2603,2026-03-23
國票台東,204.0,1000,0,7791,2603,2026-03-23
國票綜合,207.0,0,8674,7790,2603,2026-03-23
國票綜合,206.0,2180,2592,7790,2603,2026-03-23
國票綜合,205.0,0,13925,7790,2603,2026-03-23
國票綜合,204.0,11080,1781,7790,2603,2026-03-23
北城,207.5,100,0,7750,2603,2026-03-23
北城,204.5,2000,0,7750,2603,2026-03-23
石橋,204.5,1000,0,7080,2603,2026-03-23
國票南科,204.5,2000,0,779e,2603,2026-03-23
致和崇德,207.5,500,0,703B,2603,2026-03-23
國票南科,206.5,26,0,779e,2603,2026-03-23
國票南崁,204.5,3000,0,779E,2603,2026-03-23
國票台中,207.0,4000,0,779v,2603,2026-03-23
國票台中,206.0,0,1000,779v,2603,2026-03-23
國票台中,204.5,150,0,779v,2603,2026-03-23
國票長城,208.0,100,0,779u,2603,2026-03-23
國票長城,204.0,5000,0,779u,2603,2026-03-23
國票桃園,205.0,1010,0,779r,2603,2026-03-23
國票桃園,204.0,0,1000,779r,2603,2026-03-23
國票九鼎,206.5,0,10000,779P,2603,2026-03-23
國票九鼎,204.0,2000,0,779P,2603,2026-03-23
國票南京,206.0,200,0,779n,2603,2026-03-23
國票中港,204.0,10,0,779m,2603,2026-03-23
國票北高,207.5,1000,0,779J,2603,2026-03-23
國票北高,205.5,1000,0,779J,2603,2026-03-23
國票北高,204.5,4004,7,779J,2603,2026-03-23
國票北高,203.5,1000,0,779J,2603,2026-03-23
國票和平,207.5,1000,0,779j,2603,2026-03-23
國票和平,204.5,25,0,779j,2603,2026-03-23
國票嘉義,208.0,1000,0,779H,2603,2026-03-23
國票嘉義,206.0,100,1000,779H,2603,2026-03-23
國票嘉義,204.0,1000,2000,779H,2603,2026-03-23
國票新莊,206.0,20,0,779G,2603,2026-03-23
國票新莊,204.0,9000,0,779G,2603,2026-03-23
國票南崁,205.5,1000,0,779E,2603,2026-03-23
國票南崁,203.0,1000,0,779E,2603,2026-03-23
國票天祥,202.5,3000,0,779V,2603,2026-03-23
致和崇德,205.0,2200,0,703B,2603,2026-03-23
致和南京,204.0,0,2000,7038,2603,2026-03-23
兆豐岡山,206.0,402,0,700s,2603,2026-03-23
兆豐岡山,204.5,100,0,700s,2603,2026-03-23
兆豐小港,207.0,1110,0,700R,2603,2026-03-23
兆豐小港,206.0,1000,0,700R,2603,2026-03-23
兆豐小港,204.5,100,0,700R,2603,2026-03-23
兆豐小港,203.5,0,1000,700R,2603,2026-03-23
兆豐寶成,208.5,47,0,700r,2603,2026-03-23
兆豐寶成,207.5,1000,0,700r,2603,2026-03-23
兆豐寶成,206.5,1010,0,700r,2603,2026-03-23
兆豐寶成,205.5,1005,0,700r,2603,2026-03-23
兆豐寶成,204.5,130,0,700r,2603,2026-03-23
兆豐寶成,203.0,1000,0,700r,2603,2026-03-23
兆豐南京,207.0,3000,0,700P,2603,2026-03-23
兆豐南京,205.5,2000,0,700P,2603,2026-03-23
兆豐南京,203.5,1000,0,700P,2603,2026-03-23
兆豐復興,203.0,1000,0,700p,2603,2026-03-23
兆豐埔墘,204.5,1000,0,700N,2603,2026-03-23
兆豐桃園,207.5,1000,0,700M,2603,2026-03-23
兆豐桃園,206.5,1000,0,700M,2603,2026-03-23
兆豐桃園,205.5,2050,0,700M,2603,2026-03-23
兆豐桃園,204.5,21125,0,700M,2603,2026-03-23
兆豐桃園,203.5,1000,0,700M,2603,2026-03-23
兆豐桃園,202.5,1000,0,700M,2603,2026-03-23
兆豐岡山,207.5,1000,0,700s,2603,2026-03-23
致和崇德,204.0,1100,0,703B,2603,2026-03-23
兆豐大同,204.5,0,30000,700S,2603,2026-03-23
兆豐大同,207.0,0,1000,700S,2603,2026-03-23
致和高雄,205.0,0,3000,7036,2603,2026-03-23
致和東門,204.0,1000,0,7035,2603,2026-03-23
致和金華,205.5,180,0,7034,2603,2026-03-23
致和金華,204.5,100,0,7034,2603,2026-03-23
致和府前,204.5,10000,0,7033,2603,2026-03-23
致和,207.0,0,270,7030,2603,2026-03-23
兆豐高雄,208.5,30,0,700Z,2603,2026-03-23
兆豐高雄,207.0,1000,0,700Z,2603,2026-03-23
兆豐高雄,206.0,2050,0,700Z,2603,2026-03-23
兆豐高雄,205.0,2000,1065,700Z,2603,2026-03-23
兆豐高雄,204.0,3000,0,700Z,2603,2026-03-23
兆豐永和,207.0,2000,0,700X,2603,2026-03-23
兆豐永和,205.0,2000,0,700X,2603,2026-03-23
兆豐城中,205.5,1000,0,700W,2603,2026-03-23
兆豐城中,204.5,1,2100,700W,2603,2026-03-23
兆豐新莊,206.5,1000,0,700w,2603,2026-03-23
兆豐新竹,208.0,2010,0,700V,2603,2026-03-23
兆豐新竹,206.5,1000,0,700V,2603,2026-03-23
兆豐新竹,205.5,3020,0,700V,2603,2026-03-23
兆豐新竹,204.5,1525,0,700V,2603,2026-03-23
兆豐桃鶯,206.5,60,0,700U,2603,2026-03-23
兆豐桃鶯,205.5,110,0,700U,2603,2026-03-23
兆豐桃鶯,204.5,1030,1000,700U,2603,2026-03-23
兆豐大同,206.0,20,0,700S,2603,2026-03-23
兆豐天母,206.0,2100,0,700L,2603,2026-03-23
國票天祥,204.5,1000,0,779V,2603,2026-03-23
國票彰化,203.5,0,1000,779W,2603,2026-03-23
康和台中,205.0,1000,0,8455,2603,2026-03-23
康和台中,204.0,2200,0,8455,2603,2026-03-23
康和延平,206.5,100,0,8451,2603,2026-03-23
康和延平,204.0,1000,0,8451,2603,2026-03-23
摩根大通,208.0,0,128000,8440,2603,2026-03-23
摩根大通,207.0,27000,34000,8440,2603,2026-03-23
摩根大通,206.0,171000,154000,8440,2603,2026-03-23
摩根大通,205.0,61000,104000,8440,2603,2026-03-23
摩根大通,204.0,383000,176000,8440,2603,2026-03-23
摩根大通,203.0,55000,0,8440,2603,2026-03-23
安泰大發,207.0,0,50,8381,2603,2026-03-23
安泰大發,205.0,1000,2208,8381,2603,2026-03-23
安泰,208.0,3000,0,8380,2603,2026-03-23
安泰,205.0,0,1000,8380,2603,2026-03-23
安泰,204.0,2000,6000,8380,2603,2026-03-23
台新新營,206.0,2020,0,815Y,2603,2026-03-23
台新新營,205.0,1156,0,815Y,2603,2026-03-23
台新新營,204.0,3000,1000,815Y,2603,2026-03-23
台新中壢,207.5,0,500,815S,2603,2026-03-23
台新中壢,206.5,5,0,815S,2603,2026-03-23
台新中壢,205.0,2005,0,815S,2603,2026-03-23
台新中壢,202.5,1000,0,815S,2603,2026-03-23
台新屏東,207.0,1000,0,815H,2603,2026-03-23
康和台中,208.0,0,1000,8455,2603,2026-03-23
台新屏東,205.5,3,0,815H,2603,2026-03-23
康和新竹,204.0,1000,0,8456,2603,2026-03-23
康和嘉義,204.0,1100,3000,8459,2603,2026-03-23
京城嘉義,203.5,1000,0,8492,2603,2026-03-23
京城,207.0,1000,0,8490,2603,2026-03-23
京城,205.0,1000,0,8490,2603,2026-03-23
京城,204.0,1050,0,8490,2603,2026-03-23
康和屏東,208.0,3000,0,845X,2603,2026-03-23
康和屏東,204.0,0,5000,845X,2603,2026-03-23
康和台北,207.0,1000,0,845U,2603,2026-03-23
康和台北,204.0,1000,1000,845U,2603,2026-03-23
康和南崁,207.0,500,0,845S,2603,2026-03-23
康和南崁,204.0,500,0,845S,2603,2026-03-23
康和石牌,203.5,1000,0,845R,2603,2026-03-23
康和高雄,204.5,0,1000,845J,2603,2026-03-23
康和仁愛,208.0,6000,0,845F,2603,2026-03-23
康和澎湖,205.0,15,0,845E,2603,2026-03-23
康和板橋,207.0,100,0,845D,2603,2026-03-23
康和板橋,206.0,1000,0,845D,2603,2026-03-23
康和板橋,204.5,41360,398,845D,2603,2026-03-23
康和永和,206.0,6,0,845B,2603,2026-03-23
康和內湖,207.0,2000,0,845A,2603,2026-03-23
康和內湖,205.0,200,0,845A,2603,2026-03-23
康和內湖,204.0,1000,0,845A,2603,2026-03-23
康和嘉義,207.0,1000,0,8459,2603,2026-03-23
康和嘉義,205.0,1000,0,8459,2603,2026-03-23
康和台南,204.0,5000,0,8458,2603,2026-03-23
國票天祥,206.0,0,1000,779V,2603,2026-03-23
台新台中,208.5,11,400,815B,2603,2026-03-23
台新台中,206.5,494,10050,815B,2603,2026-03-23
台新新莊,206.0,1000,1000,8152,2603,2026-03-23
台新新莊,205.0,2,0,8152,2603,2026-03-23
台新新莊,204.0,350,0,8152,2603,2026-03-23
台新建北,207.0,2000,0,8151,2603,2026-03-23
台新建北,205.5,3,0,8151,2603,2026-03-23
台新建北,204.5,20,200,8151,2603,2026-03-23
台新建北,203.0,20000,0,8151,2603,2026-03-23
台新,207.5,5000,0,8150,2603,2026-03-23
台新,206.5,7322,3000,8150,2603,2026-03-23
台新,205.5,14376,3250,8150,2603,2026-03-23
台新,204.5,22062,14100,8150,2603,2026-03-23
台新,203.5,6070,5000,8150,2603,2026-03-23
台新,202.5,1000,0,8150,2603,2026-03-23
國票安和,207.0,1000,0,779Z,2603,2026-03-23
國票安和,205.5,1000,0,779Z,2603,2026-03-23
國票安和,204.5,3000,0,779Z,2603,2026-03-23
國票安和,203.0,2000,0,779Z,2603,2026-03-23
國票博愛,206.0,1000,3000,779z,2603,2026-03-23
國票博愛,204.5,5000,0,779z,2603,2026-03-23
國票中和,206.0,100,0,779X,2603,2026-03-23
國票中和,204.5,1400,0,779X,2603,2026-03-23
國票中和,203.5,1000,10000,779X,2603,2026-03-23
國票彰化,206.0,30,0,779W,2603,2026-03-23
台新新莊,207.5,1000,0,8152,2603,2026-03-23
台新台中,207.5,4015,0,815B,2603,2026-03-23
台新三民,203.5,100,0,8156,2603,2026-03-23
台新三民,205.5,100,1000,8156,2603,2026-03-23
台新台中,205.5,1485,210,815B,2603,2026-03-23
台新台中,204.5,10441,26820,815B,2603,2026-03-23
台新台中,203.5,130,0,815B,2603,2026-03-23
台新高雄,208.5,150,0,815A,2603,2026-03-23
台新高雄,207.5,1005,100,815A,2603,2026-03-23
台新高雄,206.5,2100,0,815A,2603,2026-03-23
台新高雄,205.5,2100,0,815A,2603,2026-03-23
台新高雄,204.5,20420,2000,815A,2603,2026-03-23
台新高雄,203.5,1,0,815A,2603,2026-03-23
台新台南,208.0,1000,1000,8159,2603,2026-03-23
台新台南,206.5,30,11000,8159,2603,2026-03-23
台新台南,205.5,0,1500,8159,2603,2026-03-23
台新台南,204.5,3020,1030,8159,2603,2026-03-23
台新松江,208.0,0,2000,8158,2603,2026-03-23
台新松江,205.0,100,600,8158,2603,2026-03-23
台新松江,203.5,300,0,8158,2603,2026-03-23
台新左楠,207.5,1008,0,8157,2603,2026-03-23
台新左楠,206.5,2100,1000,8157,2603,2026-03-23
台新左楠,205.5,51,0,8157,2603,2026-03-23
台新左楠,204.5,2000,0,8157,2603,2026-03-23
台新左楠,203.5,2000,0,8157,2603,2026-03-23
台新三民,208.5,1,0,8156,2603,2026-03-23
台新三民,206.5,7020,0,8156,2603,2026-03-23
台新三民,204.5,1005,0,8156,2603,2026-03-23
京城嘉義,205.5,50,0,8492,2603,2026-03-23
兆豐天母,204.5,0,100,700L,2603,2026-03-23
兆豐新營,206.5,200,750,700K,2603,2026-03-23
新百王,206.0,200,0,6210,2603,2026-03-23
中信託高,208.0,2000,0,616K,2603,2026-03-23
中信託高,207.0,15,84,616K,2603,2026-03-23
中信託高,206.0,7005,1,616K,2603,2026-03-23
中信託高,205.0,2302,0,616K,2603,2026-03-23
中信託高,204.0,20,0,616K,2603,2026-03-23
中信中壢,207.0,100,0,616A,2603,2026-03-23
中信中壢,205.0,100,0,616A,2603,2026-03-23
中信中壢,204.0,1000,500,616A,2603,2026-03-23
中信嘉義,206.5,1000,0,6168,2603,2026-03-23
中信嘉義,205.5,1000,0,6168,2603,2026-03-23
中信嘉義,204.5,1020,0,6168,2603,2026-03-23
中信松江,206.5,0,10000,6167,2603,2026-03-23
中信松江,205.5,100,0,6167,2603,2026-03-23
中信松江,204.5,230,0,6167,2603,2026-03-23
中信松江,203.5,100,0,6167,2603,2026-03-23
中信託新,208.0,1000,0,6165,2603,2026-03-23
中信託新,206.5,10,1,6165,2603,2026-03-23
中信託新,205.5,10,0,6165,2603,2026-03-23
中信託新,204.5,4110,0,6165,2603,2026-03-23
中信託新,203.5,3000,0,6165,2603,2026-03-23
中信託文,207.0,1000,0,6164,2603,2026-03-23
中信託文,206.0,2050,50,6164,2603,2026-03-23
光和,203.5,1000,15,6380,2603,2026-03-23
中信託文,205.0,3500,0,6164,2603,2026-03-23
光和,206.0,1000,0,6380,2603,2026-03-23
光和溪湖,204.0,2000,0,6381,2603,2026-03-23
大昌樹林,208.0,5000,0,6461,2603,2026-03-23
大昌樹林,206.5,510,0,6461,2603,2026-03-23
大昌樹林,205.5,0,1000,6461,2603,2026-03-23
大昌樹林,204.0,0,15000,6461,2603,2026-03-23
大昌,207.0,1000,0,6460,2603,2026-03-23
大昌,206.0,3000,0,6460,2603,2026-03-23
大昌,205.0,1100,1000,6460,2603,2026-03-23
大昌,204.0,12000,0,6460,2603,2026-03-23
永全八德,204.0,0,2000,6452,2603,2026-03-23
永全南崁,207.0,1000,0,6451,2603,2026-03-23
永全南崁,205.0,0,1000,6451,2603,2026-03-23
永全南崁,203.0,2000,0,6451,2603,2026-03-23
永全,207.0,47000,0,6450,2603,2026-03-23
光和高雄,206.0,2000,0,638D,2603,2026-03-23
光和高雄,204.5,1000,20,638D,2603,2026-03-23
光和嘉義,207.5,100,0,638A,2603,2026-03-23
光和花壇,205.0,50,2000,6385,2603,2026-03-23
光和花壇,203.0,1000,0,6385,2603,2026-03-23
光和和美,204.5,50,0,6383,2603,2026-03-23
光和田中,204.5,50,0,6382,2603,2026-03-23
光和溪湖,207.0,1000,0,6381,2603,2026-03-23
光和溪湖,206.0,2000,0,6381,2603,2026-03-23
光和溪湖,205.0,1100,0,6381,2603,2026-03-23
光和,208.0,1000,0,6380,2603,2026-03-23
大昌新竹,203.5,100,0,6463,2603,2026-03-23
中信託文,204.0,5000,0,6164,2603,2026-03-23
中信託永,207.5,13,0,6163,2603,2026-03-23
台中銀,206.5,100,0,6110,2603,2026-03-23
台中銀,205.0,8000,0,6110,2603,2026-03-23
台中銀,204.0,2000,1000,6110,2603,2026-03-23
?亞鑫豐,208.0,3000,0,601d,2603,2026-03-23
?亞鑫豐,207.0,1000,0,601d,2603,2026-03-23
?亞鑫豐,206.0,4005,0,601d,2603,2026-03-23
?亞鑫豐,205.0,6095,3100,601d,2603,2026-03-23
?亞鑫豐,204.0,4201,1000,601d,2603,2026-03-23
?亞鑫豐,203.0,4000,0,601d,2603,2026-03-23
?亞網路,206.5,201,0,6012,2603,2026-03-23
?亞網路,205.0,2100,0,6012,2603,2026-03-23
?亞網路,203.5,200,0,6012,2603,2026-03-23
日茂埔里,207.0,3000,0,5961,2603,2026-03-23
日茂,205.5,1000,0,5960,2603,2026-03-23
日茂,203.0,2000,0,5960,2603,2026-03-23
盈溢籬子內,205.0,0,1000,5861,2603,2026-03-23
盈溢,204.5,1000,0,5860,2603,2026-03-23
統一松江,207.5,0,3000,585Z,2603,2026-03-23
統一松江,206.5,100,0,585Z,2603,2026-03-23
統一松江,205.0,105,0,585Z,2603,2026-03-23
統一松江,204.0,0,40000,585Z,2603,2026-03-23
統一土城,205.5,1,0,585Y,2603,2026-03-23
統一土城,204.5,1000,0,585Y,2603,2026-03-23
中銀員林,203.0,1000,0,6114,2603,2026-03-23
中信託永,208.5,90,0,6163,2603,2026-03-23
中銀員林,204.0,7000,0,6114,2603,2026-03-23
中銀員林,206.5,1000,0,6114,2603,2026-03-23
中信託永,206.0,7150,0,6163,2603,2026-03-23
中信託永,205.0,3275,1000,6163,2603,2026-03-23
中信託永,204.0,2010,14000,6163,2603,2026-03-23
中信託永,203.0,0,13000,6163,2603,2026-03-23
中信託忠,207.5,150,0,6162,2603,2026-03-23
中信託忠,206.5,100,0,6162,2603,2026-03-23
中信託忠,205.0,2455,600,6162,2603,2026-03-23
中信託忠,203.5,1050,0,6162,2603,2026-03-23
中信三重,207.5,104,0,6161,2603,2026-03-23
中信三重,206.0,0,200,6161,2603,2026-03-23
中信三重,204.5,40,0,6161,2603,2026-03-23
中國信託,208.0,3000,1000,6160,2603,2026-03-23
中國信託,207.0,50,9200,6160,2603,2026-03-23
中國信託,206.0,9160,10,6160,2603,2026-03-23
中國信託,205.0,10036,2258,6160,2603,2026-03-23
中國信託,204.0,28035,72000,6160,2603,2026-03-23
中國信託,203.0,7000,0,6160,2603,2026-03-23
中銀豐原,206.5,50,0,611A,2603,2026-03-23
中銀豐原,204.5,1000,0,611A,2603,2026-03-23
中銀豐原,203.5,1000,0,611A,2603,2026-03-23
中銀台北,206.5,0,1000,6115,2603,2026-03-23
中銀台北,205.0,1000,0,6115,2603,2026-03-23
中銀台北,203.0,1000,0,6115,2603,2026-03-23
中銀員林,205.5,0,2000,6114,2603,2026-03-23
兆豐新營,208.5,14,150,700K,2603,2026-03-23
大昌新竹,204.5,1000,0,6463,2603,2026-03-23
大昌新竹,206.5,1000,0,6463,2603,2026-03-23
兆豐南門,204.5,0,1000,700g,2603,2026-03-23
兆豐南門,203.5,1000,0,700g,2603,2026-03-23
兆豐虎尾,206.5,35,0,700F,2603,2026-03-23
兆豐鹿港,206.0,1000,1000,700f,2603,2026-03-23
兆豐鹿港,205.0,1010,600,700f,2603,2026-03-23
兆豐鹿港,203.5,3000,0,700f,2603,2026-03-23
兆豐西螺,206.5,0,1000,700D,2603,2026-03-23
兆豐彰化,208.0,1000,0,700d,2603,2026-03-23
兆豐彰化,207.0,40,0,700d,2603,2026-03-23
兆豐彰化,206.0,1050,1000,700d,2603,2026-03-23
兆豐彰化,205.0,12,0,700d,2603,2026-03-23
兆豐彰化,204.0,0,1000,700d,2603,2026-03-23
兆豐來福,208.0,0,1000,700C,2603,2026-03-23
兆豐來福,206.5,1000,0,700C,2603,2026-03-23
兆豐來福,205.5,31000,0,700C,2603,2026-03-23
兆豐來福,204.5,4000,0,700C,2603,2026-03-23
兆豐來福,203.5,1000,0,700C,2603,2026-03-23
兆豐民生,207.5,4,0,700c,2603,2026-03-23
兆豐民生,206.5,50,0,700c,2603,2026-03-23
兆豐民生,205.0,0,1000,700c,2603,2026-03-23
兆豐民生,203.5,3000,0,700c,2603,2026-03-23
兆豐板橋,207.5,1000,1000,700B,2603,2026-03-23
兆豐板橋,205.0,120,1000,700B,2603,2026-03-23
兆豐南門,205.5,0,100,700g,2603,2026-03-23
兆豐板橋,203.5,0,2000,700B,2603,2026-03-23
兆豐南門,206.5,2103,1000,700g,2603,2026-03-23
兆豐麻豆,204.5,2000,8000,700G,2603,2026-03-23
兆豐新營,205.5,6,0,700K,2603,2026-03-23
兆豐新營,204.5,206,100,700K,2603,2026-03-23
兆豐員林,208.0,50,0,700k,2603,2026-03-23
兆豐員林,206.0,200,0,700k,2603,2026-03-23
兆豐員林,204.5,150,0,700k,2603,2026-03-23
兆豐公益,207.5,1,0,700J,2603,2026-03-23
兆豐公益,204.5,0,7000,700J,2603,2026-03-23
兆豐大安,208.0,14,0,700j,2603,2026-03-23
兆豐大安,205.5,1000,0,700j,2603,2026-03-23
兆豐大安,204.5,0,1000,700j,2603,2026-03-23
兆豐北高,207.5,1000,0,700I,2603,2026-03-23
兆豐北高,206.5,500,0,700I,2603,2026-03-23
兆豐北高,205.0,1000,1000,700I,2603,2026-03-23
兆豐北高,204.0,120,0,700I,2603,2026-03-23
兆豐松德,207.0,0,50,700i,2603,2026-03-23
兆豐松德,204.5,100,50,700i,2603,2026-03-23
兆豐東門,206.5,24,0,700H,2603,2026-03-23
兆豐東門,204.0,20,0,700H,2603,2026-03-23
兆豐三民,207.0,1000,0,700h,2603,2026-03-23
兆豐三民,205.0,10,1000,700h,2603,2026-03-23
兆豐三民,204.0,2,0,700h,2603,2026-03-23
兆豐麻豆,208.0,1000,2000,700G,2603,2026-03-23
兆豐麻豆,205.5,1000,0,700G,2603,2026-03-23
兆豐南門,207.5,6000,0,700g,2603,2026-03-23
大昌新竹,205.5,0,1000,6463,2603,2026-03-23
兆豐中壢,207.0,0,100,700b,2603,2026-03-23
兆豐中壢,204.0,1000,0,700b,2603,2026-03-23
福勝,206.0,1000,0,6950,2603,2026-03-23
福勝,205.0,1150,0,6950,2603,2026-03-23
福勝,204.0,100,3000,6950,2603,2026-03-23
德信和平,204.0,1000,0,6915,2603,2026-03-23
德信新營,206.0,5100,0,6913,2603,2026-03-23
德信新營,204.0,1100,0,6913,2603,2026-03-23
德信中正,205.0,5,2000,6912,2603,2026-03-23
德信中正,204.0,100,0,6912,2603,2026-03-23
德信,204.0,70,0,6910,2603,2026-03-23
口袋,208.0,75,100,6620,2603,2026-03-23
口袋,207.0,37,0,6620,2603,2026-03-23
口袋,206.0,26,235,6620,2603,2026-03-23
口袋,205.0,2356,0,6620,2603,2026-03-23
口袋,204.0,1246,5005,6620,2603,2026-03-23
福邦新竹,205.0,1000,0,6489,2603,2026-03-23
福邦,207.0,1000,0,6480,2603,2026-03-23
大昌桃園,205.5,1000,0,6465,2603,2026-03-23
大昌桃園,203.5,2000,0,6465,2603,2026-03-23
大昌新店,207.0,10000,0,6464,2603,2026-03-23
大昌新店,206.0,5000,2000,6464,2603,2026-03-23
大昌新店,205.0,2150,125,6464,2603,2026-03-23
大昌新店,204.0,3000,1000,6464,2603,2026-03-23
大昌新竹,208.0,2000,0,6463,2603,2026-03-23
兆豐,202.5,0,1000,7000,2603,2026-03-23
兆豐中壢,205.0,1000,77772,700b,2603,2026-03-23
兆豐,204.0,1000,6000,7000,2603,2026-03-23
兆豐,207.5,0,1000,7000,2603,2026-03-23
兆豐忠孝,208.0,1000,0,700a,2603,2026-03-23
兆豐忠孝,206.5,1000,0,700a,2603,2026-03-23
兆豐忠孝,205.5,160,0,700a,2603,2026-03-23
兆豐三重,208.0,1000,0,7008,2603,2026-03-23
兆豐三重,206.0,50,0,7008,2603,2026-03-23
兆豐三重,203.0,1000,0,7008,2603,2026-03-23
兆豐竹北,207.0,223,0,7007,2603,2026-03-23
兆豐竹北,206.0,22,0,7007,2603,2026-03-23
兆豐竹北,205.0,3050,0,7007,2603,2026-03-23
兆豐竹北,204.0,2000,0,7007,2603,2026-03-23
兆豐台南,207.5,10,0,7006,2603,2026-03-23
兆豐台南,204.0,100,0,7006,2603,2026-03-23
兆豐中港,206.0,3000,0,7005,2603,2026-03-23
兆豐中港,205.0,508,100,7005,2603,2026-03-23
兆豐中港,204.0,2000,0,7005,2603,2026-03-23
兆豐台中,208.5,1,0,7003,2603,2026-03-23
兆豐台中,206.0,1005,160,7003,2603,2026-03-23
兆豐台中,205.0,20,1000,7003,2603,2026-03-23
兆豐台中,204.0,3210,0,7003,2603,2026-03-23
兆豐嘉義,207.5,1000,0,7001,2603,2026-03-23
兆豐嘉義,206.5,0,6000,7001,2603,2026-03-23
兆豐嘉義,205.0,5,0,7001,2603,2026-03-23
兆豐嘉義,204.0,10,2000,7001,2603,2026-03-23
兆豐,206.0,1000,2000,7000,2603,2026-03-23
富邦二林,207.0,1000,0,962B,2603,2026-03-23
玉山城中,206.0,3040,0,884E,2603,2026-03-23
富邦竹科,204.0,1050,20040,962C,2603,2026-03-23
凱基和平,203.5,100,0,9255,2603,2026-03-23
凱基和平,205.0,1009,0,9255,2603,2026-03-23
凱基南崁,204.5,3000,0,9256,2603,2026-03-23
凱基南崁,205.5,2,0,9256,2603,2026-03-23
凱基林口,203.0,1000,0,9257,2603,2026-03-23
凱基林口,204.0,100,0,9257,2603,2026-03-23
凱基林口,206.0,1000,0,9257,2603,2026-03-23
凱基林口,207.0,23,0,9257,2603,2026-03-23
凱基羅東,207.0,0,4000,9258,2603,2026-03-23
凱基新豐,204.0,1000,0,9266,2603,2026-03-23
凱基新豐,205.0,51,0,9266,2603,2026-03-23
凱基新豐,207.0,5,0,9266,2603,2026-03-23
凱基台北,203.5,26000,29000,9268,2603,2026-03-23
凱基科園,207.0,1000,0,9254,2603,2026-03-23
凱基台北,204.5,67100,49000,9268,2603,2026-03-23
凱基台北,206.5,35000,14000,9268,2603,2026-03-23
凱基台北,207.5,22000,86000,9268,2603,2026-03-23
凱基台北,208.5,4,0,9268,2603,2026-03-23
凱基竹科,204.0,7001,0,9272,2603,2026-03-23
凱基竹科,205.0,250,0,9272,2603,2026-03-23
凱基竹科,206.0,5110,0,9272,2603,2026-03-23
凱基竹科,207.5,0,1000,9272,2603,2026-03-23
凱基竹東,205.0,2050,0,9273,2603,2026-03-23
凱基鳳山,203.5,0,1000,9274,2603,2026-03-23
凱基鳳山,204.5,100,0,9274,2603,2026-03-23
凱基鳳山,206.0,1000,0,9274,2603,2026-03-23
凱基鳳山,208.0,100,0,9274,2603,2026-03-23
凱基三多,204.5,500,3,9275,2603,2026-03-23
凱基台北,205.5,22002,9000,9268,2603,2026-03-23
凱基三多,205.5,1000,0,9275,2603,2026-03-23
凱基科園,206.0,2030,0,9254,2603,2026-03-23
凱基科園,204.0,200,0,9254,2603,2026-03-23
凱基長庚,205.0,2111,0,9233,2603,2026-03-23
凱基長庚,206.5,150,0,9233,2603,2026-03-23
凱基長庚,208.0,1000,0,9233,2603,2026-03-23
凱基竹北,204.0,2030,0,9234,2603,2026-03-23
凱基竹北,205.0,2150,0,9234,2603,2026-03-23
凱基竹北,206.0,300,0,9234,2603,2026-03-23
凱基竹北,208.0,100,0,9234,2603,2026-03-23
凱基永華,203.5,0,2,9235,2603,2026-03-23
凱基永華,205.0,2000,0,9235,2603,2026-03-23
凱基永華,206.5,3,0,9235,2603,2026-03-23
凱基永華,207.5,2000,0,9235,2603,2026-03-23
凱基虎尾,206.0,5000,2000,9236,2603,2026-03-23
凱基敦北,203.5,1000,0,9237,2603,2026-03-23
凱基科園,205.0,0,50,9254,2603,2026-03-23
凱基敦北,204.5,1000,1000,9237,2603,2026-03-23
凱基士林,204.5,10,0,9238,2603,2026-03-23
凱基士林,205.5,1170,0,9238,2603,2026-03-23
凱基士林,206.5,1000,0,9238,2603,2026-03-23
凱基士林,207.5,0,400,9238,2603,2026-03-23
凱基市政,203.0,1000,0,9239,2603,2026-03-23
凱基市政,204.0,1000,0,9239,2603,2026-03-23
凱基市政,205.0,15,0,9239,2603,2026-03-23
凱基市政,207.0,1000,0,9239,2603,2026-03-23
凱基市政,208.5,30,224,9239,2603,2026-03-23
凱基嘉義,203.0,1000,0,9252,2603,2026-03-23
凱基嘉義,205.0,20,1000,9252,2603,2026-03-23
凱基嘉義,206.5,1105,0,9252,2603,2026-03-23
凱基嘉義,208.5,50,0,9252,2603,2026-03-23
凱基敦北,207.0,1005,0,9237,2603,2026-03-23
凱基長庚,204.0,1010,0,9233,2603,2026-03-23
凱基永康,204.0,3000,0,9278,2603,2026-03-23
凱基永康,206.5,2080,0,9278,2603,2026-03-23
華南高雄,203.5,1000,0,9303,2603,2026-03-23
華南高雄,204.5,3000,1000,9303,2603,2026-03-23
華南高雄,205.5,1000,0,9303,2603,2026-03-23
華南高雄,206.5,1100,0,9303,2603,2026-03-23
華南高雄,207.5,100,0,9303,2603,2026-03-23
華南新莊,204.0,0,3000,9305,2603,2026-03-23
華南新莊,205.0,25,0,9305,2603,2026-03-23
華南新莊,206.0,1026,1000,9305,2603,2026-03-23
華南新莊,208.5,30,0,9305,2603,2026-03-23
華南台南,204.0,4,0,9306,2603,2026-03-23
華南台南,206.5,1000,0,9306,2603,2026-03-23
華南大安,203.0,2000,0,9307,2603,2026-03-23
華南大安,205.0,6,0,9307,2603,2026-03-23
華南台中,208.5,16,0,9302,2603,2026-03-23
華南大安,206.0,5000,0,9307,2603,2026-03-23
華南麻豆,204.5,1150,0,9308,2603,2026-03-23
華南麻豆,205.5,140,0,9308,2603,2026-03-23
華南麻豆,206.5,250,0,9308,2603,2026-03-23
華南麻豆,207.5,100,0,9308,2603,2026-03-23
華南古亭,204.0,2018,0,9309,2603,2026-03-23
華南古亭,207.5,9,0,9309,2603,2026-03-23
華南民權,205.0,0,1000,9312,2603,2026-03-23
華南民權,206.5,1000,0,9312,2603,2026-03-23
華南嘉義,204.0,1000,0,9314,2603,2026-03-23
華南嘉義,205.5,1000,0,9314,2603,2026-03-23
華南大甲,203.0,1000,0,9315,2603,2026-03-23
華南大甲,204.5,1000,1000,9315,2603,2026-03-23
華南大甲,205.5,1050,0,9315,2603,2026-03-23
華南麻豆,203.5,50,0,9308,2603,2026-03-23
凱基永康,205.0,2045,0,9278,2603,2026-03-23
華南台中,207.5,3000,0,9302,2603,2026-03-23
華南台中,205.5,4051,0,9302,2603,2026-03-23
凱基永康,208.0,16000,0,9278,2603,2026-03-23
凱基斗六,206.5,1000,0,9281,2603,2026-03-23
凱基北門,204.0,10020,0,9283,2603,2026-03-23
凱基北門,206.0,2000,0,9283,2603,2026-03-23
凱基中壢,203.5,1000,1000,9285,2603,2026-03-23
凱基中壢,204.5,6003,1050,9285,2603,2026-03-23
凱基中壢,205.5,50,1000,9285,2603,2026-03-23
凱基中壢,206.5,103,0,9285,2603,2026-03-23
凱基內湖,203.5,1000,0,9287,2603,2026-03-23
凱基內湖,205.5,1000,0,9287,2603,2026-03-23
凱基埔墘,205.0,1001,0,9288,2603,2026-03-23
凱基埔墘,206.5,2003,0,9288,2603,2026-03-23
凱基興隆,204.0,1300,0,9289,2603,2026-03-23
華南台中,206.5,3006,0,9302,2603,2026-03-23
凱基興隆,205.0,2000,0,9289,2603,2026-03-23
凱基大安,204.5,4000,0,9291,2603,2026-03-23
凱基大安,206.0,1000,0,9291,2603,2026-03-23
凱基頭份,204.5,0,1000,9296,2603,2026-03-23
凱基文心,204.5,2000,0,9297,2603,2026-03-23
凱基文心,205.5,200,0,9297,2603,2026-03-23
華南永昌,203.0,2000,2000,9300,2603,2026-03-23
華南永昌,204.0,8160,18966,9300,2603,2026-03-23
華南永昌,205.0,7702,46000,9300,2603,2026-03-23
華南永昌,206.0,3002,1000,9300,2603,2026-03-23
華南永昌,207.0,1150,0,9300,2603,2026-03-23
華南永昌,208.0,0,3000,9300,2603,2026-03-23
華南台中,203.0,0,2000,9302,2603,2026-03-23
華南台中,204.5,2281,0,9302,2603,2026-03-23
凱基興隆,207.0,1000,0,9289,2603,2026-03-23
凱基員林,205.0,1000,0,9231,2603,2026-03-23
凱基員林,204.0,1011,2000,9231,2603,2026-03-23
凱基屏東,208.5,10,0,922C,2603,2026-03-23
凱基站前,203.5,1000,1000,920F,2603,2026-03-23
凱基站前,204.5,310,10000,920F,2603,2026-03-23
凱基站前,205.5,100,1000,920F,2603,2026-03-23
凱基站前,206.5,1220,0,920F,2603,2026-03-23
凱基站前,207.5,100,0,920F,2603,2026-03-23
凱基彰化,203.5,4,0,920G,2603,2026-03-23
凱基彰化,204.5,200,609,920G,2603,2026-03-23
凱基彰化,205.5,0,100,920G,2603,2026-03-23
凱基彰化,207.0,1000,0,920G,2603,2026-03-23
凱基基隆,203.0,5000,0,920H,2603,2026-03-23
凱基基隆,204.0,1300,0,920H,2603,2026-03-23
凱基基隆,205.0,2215,1000,920H,2603,2026-03-23
凱基基隆,206.0,1200,0,920H,2603,2026-03-23
凱基市府,208.0,1000,0,920D,2603,2026-03-23
凱基基隆,207.0,1000,0,920H,2603,2026-03-23
凱基宜蘭,204.0,3010,0,920M,2603,2026-03-23
凱基宜蘭,206.0,1000,0,920M,2603,2026-03-23
凱基宜蘭,208.0,1000,0,920M,2603,2026-03-23
凱基湖口,204.5,112,0,920N,2603,2026-03-23
凱基湖口,205.5,1050,0,920N,2603,2026-03-23
凱基湖口,206.5,50,0,920N,2603,2026-03-23
凱基湖口,207.5,500,0,920N,2603,2026-03-23
凱基新店,204.5,0,55,920V,2603,2026-03-23
凱基大里,204.0,100,0,920W,2603,2026-03-23
凱基大里,205.5,130,0,920W,2603,2026-03-23
凱基大里,207.0,10,0,920W,2603,2026-03-23
凱基台東,204.5,1004,0,920Z,2603,2026-03-23
凱基台東,206.0,300,0,920Z,2603,2026-03-23
凱基基隆,208.0,1000,0,920H,2603,2026-03-23
凱基台東,208.5,80,0,920Z,2603,2026-03-23
凱基市府,207.0,6,0,920D,2603,2026-03-23
凱基市府,205.0,1256,0,920D,2603,2026-03-23
凱基台中,205.0,38,0,9204,2603,2026-03-23
凱基台中,206.0,200,0,9204,2603,2026-03-23
凱基台中,207.0,300,0,9204,2603,2026-03-23
凱基三重,203.5,1195,0,9205,2603,2026-03-23
凱基三重,204.5,3225,0,9205,2603,2026-03-23
凱基三重,205.5,0,2000,9205,2603,2026-03-23
凱基三重,206.5,133,0,9205,2603,2026-03-23
凱基三重,208.0,1000,0,9205,2603,2026-03-23
凱基高雄,203.5,1000,0,9206,2603,2026-03-23
凱基高雄,205.0,100,14000,9206,2603,2026-03-23
凱基高雄,206.0,100,5000,9206,2603,2026-03-23
凱基高雄,208.0,1000,0,9206,2603,2026-03-23
凱基永和,206.5,100,0,9207,2603,2026-03-23
凱基市府,206.0,2000,0,920D,2603,2026-03-23
凱基桃園,203.5,1105,0,9208,2603,2026-03-23
凱基桃園,205.5,2150,5000,9208,2603,2026-03-23
凱基桃園,207.0,1020,0,9208,2603,2026-03-23
凱基岡山,203.0,1000,0,9209,2603,2026-03-23
凱基岡山,204.5,10,0,9209,2603,2026-03-23
凱基岡山,206.5,50,0,9209,2603,2026-03-23
凱基板橋,203.0,1000,0,920A,2603,2026-03-23
凱基板橋,204.0,2000,0,920A,2603,2026-03-23
凱基板橋,205.0,150,0,920A,2603,2026-03-23
凱基板橋,207.5,1000,0,920A,2603,2026-03-23
凱基雙和,204.5,2000,0,920C,2603,2026-03-23
凱基雙和,205.5,2000,0,920C,2603,2026-03-23
凱基市府,202.5,1000,0,920D,2603,2026-03-23
凱基市府,204.0,3006,20,920D,2603,2026-03-23
凱基桃園,204.5,10142,0,9208,2603,2026-03-23
凱基台南,204.0,2100,8000,9211,2603,2026-03-23
凱基台南,205.0,2100,0,9211,2603,2026-03-23
凱基台南,206.0,2100,0,9211,2603,2026-03-23
凱基八德,207.5,1000,0,921M,2603,2026-03-23
凱基新莊,203.5,0,2000,921S,2603,2026-03-23
凱基新莊,204.5,6050,0,921S,2603,2026-03-23
凱基新莊,205.5,2300,0,921S,2603,2026-03-23
凱基新莊,206.5,200,0,921S,2603,2026-03-23
凱基新莊,208.0,1000,0,921S,2603,2026-03-23
凱基東勢,204.0,1000,0,921Y,2603,2026-03-23
凱基東勢,206.0,1000,2000,921Y,2603,2026-03-23
凱基東勢,207.0,1000,0,921Y,2603,2026-03-23
凱基豐中,204.0,1000,0,9223,2603,2026-03-23
凱基豐中,205.0,7000,0,9223,2603,2026-03-23
凱基豐中,206.5,1000,0,9223,2603,2026-03-23
凱基豐中,208.5,0,400,9223,2603,2026-03-23
凱基八德,205.0,50,0,921M,2603,2026-03-23
凱基內埔,204.0,400,0,9225,2603,2026-03-23
凱基內埔,207.0,100,0,9225,2603,2026-03-23
凱基汐止,204.0,2050,0,9226,2603,2026-03-23
凱基汐止,206.0,0,25000,9226,2603,2026-03-23
凱基城中,203.5,1000,0,9227,2603,2026-03-23
凱基城中,204.5,100,0,9227,2603,2026-03-23
凱基城中,206.0,100,1000,9227,2603,2026-03-23
凱基城中,208.0,4000,0,9227,2603,2026-03-23
凱基中山,204.5,160,0,9229,2603,2026-03-23
凱基中山,205.5,50,0,9229,2603,2026-03-23
凱基中山,206.5,300,0,9229,2603,2026-03-23
凱基中山,208.0,1080,0,9229,2603,2026-03-23
凱基屏東,205.0,5020,3000,922C,2603,2026-03-23
凱基屏東,206.5,112,100,922C,2603,2026-03-23
凱基內埔,205.0,1000,0,9225,2603,2026-03-23
凱基八德,203.5,1000,0,921M,2603,2026-03-23
凱基土城,207.5,1000,0,921J,2603,2026-03-23
凱基土城,206.0,100,0,921J,2603,2026-03-23
凱基台南,207.5,100,2000,9211,2603,2026-03-23
凱基東港,204.5,0,1000,9212,2603,2026-03-23
凱基東港,206.0,500,0,9212,2603,2026-03-23
凱基東港,207.5,2000,0,9212,2603,2026-03-23
凱基高美,203.5,1000,0,9215,2603,2026-03-23
凱基高美,204.5,104,0,9215,2603,2026-03-23
凱基高美,205.5,10,0,9215,2603,2026-03-23
凱基高美,206.5,100,0,9215,2603,2026-03-23
凱基高美,208.0,1000,0,9215,2603,2026-03-23
凱基信義,203.5,2000,0,9216,2603,2026-03-23
凱基松山,203.0,1000,0,9217,2603,2026-03-23
凱基松山,204.0,8000,0,9217,2603,2026-03-23
凱基松山,205.0,3000,2050,9217,2603,2026-03-23
凱基松山,206.0,6050,0,9217,2603,2026-03-23
凱基松山,207.0,0,10000,9217,2603,2026-03-23
凱基大直,205.0,0,1000,9218,2603,2026-03-23
凱基民權,203.5,0,500,921C,2603,2026-03-23
凱基民權,204.5,1017,1100,921C,2603,2026-03-23
凱基民權,205.5,1000,500,921C,2603,2026-03-23
凱基民權,207.0,1005,0,921C,2603,2026-03-23
凱基民權,208.5,4,0,921C,2603,2026-03-23
凱基三峽,204.0,2050,50,921E,2603,2026-03-23
凱基三峽,205.0,310,0,921E,2603,2026-03-23
凱基三峽,206.0,1075,0,921E,2603,2026-03-23
凱基三峽,207.0,25,0,921E,2603,2026-03-23
凱基五股,204.0,5,0,921G,2603,2026-03-23
凱基五股,205.0,3000,0,921G,2603,2026-03-23
凱基五股,208.5,1,0,921G,2603,2026-03-23
凱基土城,204.5,1,0,921J,2603,2026-03-23
華南大甲,207.5,2000,0,9315,2603,2026-03-23
華南淡水,202.5,1000,0,9316,2603,2026-03-23
華南淡水,203.5,1000,0,9316,2603,2026-03-23
華南淡水,204.5,3150,1000,9316,2603,2026-03-23
富邦永康,205.5,0,2000,961Z,2603,2026-03-23
富邦永康,206.5,2000,0,961Z,2603,2026-03-23
富邦永康,208.0,2000,0,961Z,2603,2026-03-23
富邦花蓮,203.0,1000,0,9621,2603,2026-03-23
富邦花蓮,204.0,3040,10,9621,2603,2026-03-23
富邦花蓮,205.0,2303,6000,9621,2603,2026-03-23
富邦花蓮,206.0,110,0,9621,2603,2026-03-23
富邦花蓮,207.0,1050,0,9621,2603,2026-03-23
富邦花蓮,208.5,50,0,9621,2603,2026-03-23
富邦台北,203.0,5000,0,9623,2603,2026-03-23
富邦台北,204.0,5592,10000,9623,2603,2026-03-23
富邦台北,205.0,4802,200,9623,2603,2026-03-23
富邦台北,206.0,4132,1000,9623,2603,2026-03-23
富邦永康,204.5,1006,0,961Z,2603,2026-03-23
富邦台北,207.0,4505,0,9623,2603,2026-03-23
富邦竹北,204.0,1100,0,9624,2603,2026-03-23
富邦竹北,205.0,2210,3105,9624,2603,2026-03-23
富邦竹北,206.0,150,0,9624,2603,2026-03-23
富邦竹北,207.0,50,0,9624,2603,2026-03-23
富邦竹北,208.5,26,0,9624,2603,2026-03-23
富邦竹東,204.0,0,2000,9625,2603,2026-03-23
富邦竹東,205.0,1000,1000,9625,2603,2026-03-23
富邦竹東,206.5,50,0,9625,2603,2026-03-23
富邦竹東,207.5,1000,0,9625,2603,2026-03-23
富邦竹東,208.5,500,0,9625,2603,2026-03-23
富邦內湖,203.5,2007,0,9627,2603,2026-03-23
富邦內湖,204.5,11251,1000,9627,2603,2026-03-23
富邦內湖,205.5,1021,100,9627,2603,2026-03-23
富邦台北,208.0,2000,0,9623,2603,2026-03-23
富邦內湖,206.5,141,2000,9627,2603,2026-03-23
富邦永康,203.0,2000,0,961Z,2603,2026-03-23
富邦屏東,206.5,1000,0,961Y,2603,2026-03-23
富邦新板,206.0,5,0,961H,2603,2026-03-23
富邦新板,207.0,30,0,961H,2603,2026-03-23
富邦新板,208.0,1030,0,961H,2603,2026-03-23
富邦七賢,203.0,2000,0,961K,2603,2026-03-23
富邦七賢,204.0,3000,200,961K,2603,2026-03-23
富邦七賢,205.0,1310,200,961K,2603,2026-03-23
富邦七賢,206.0,150,0,961K,2603,2026-03-23
富邦七賢,207.5,2050,0,961K,2603,2026-03-23
富邦木柵,203.0,1000,0,961M,2603,2026-03-23
富邦木柵,204.0,5000,0,961M,2603,2026-03-23
富邦木柵,205.0,6332,1130,961M,2603,2026-03-23
富邦木柵,206.0,1017,0,961M,2603,2026-03-23
富邦木柵,207.0,100,0,961M,2603,2026-03-23
富邦屏東,207.5,3000,0,961Y,2603,2026-03-23
富邦木柵,208.5,50,0,961M,2603,2026-03-23
富邦青埔,205.0,230,0,961N,2603,2026-03-23
富邦青埔,206.0,200,0,961N,2603,2026-03-23
富邦青埔,207.5,20,1000,961N,2603,2026-03-23
富邦青埔,208.5,1,0,961N,2603,2026-03-23
富邦和美,204.0,0,1000,961P,2603,2026-03-23
富邦和美,205.0,5,0,961P,2603,2026-03-23
富邦和美,206.5,62,0,961P,2603,2026-03-23
富邦和美,207.5,2000,0,961P,2603,2026-03-23
富邦南員,204.0,2000,2000,961R,2603,2026-03-23
富邦南員,205.0,25,0,961R,2603,2026-03-23
富邦南員,207.5,10,0,961R,2603,2026-03-23
富邦屏東,204.5,3012,6000,961Y,2603,2026-03-23
富邦屏東,205.5,5026,0,961Y,2603,2026-03-23
富邦青埔,204.0,1100,0,961N,2603,2026-03-23
富邦內湖,207.5,1,0,9627,2603,2026-03-23
富邦南港,204.0,1000,0,962A,2603,2026-03-23
富邦南港,205.5,0,100,962A,2603,2026-03-23
富邦羅東,204.0,2065,3000,9634,2603,2026-03-23
富邦羅東,205.0,1025,100,9634,2603,2026-03-23
富邦羅東,206.0,1035,0,9634,2603,2026-03-23
富邦羅東,207.0,20,0,9634,2603,2026-03-23
富邦羅東,208.0,3000,0,9634,2603,2026-03-23
富邦中壢,203.0,1000,0,9636,2603,2026-03-23
富邦中壢,204.0,7150,0,9636,2603,2026-03-23
富邦中壢,205.0,4307,1200,9636,2603,2026-03-23
富邦中壢,206.0,4320,100,9636,2603,2026-03-23
富邦中壢,207.0,8300,0,9636,2603,2026-03-23
富邦中壢,208.0,1000,0,9636,2603,2026-03-23
富邦八德,203.5,100,0,963A,2603,2026-03-23
富邦八德,204.5,3,0,963A,2603,2026-03-23
富邦北高,208.5,580,0,962Q,2603,2026-03-23
富邦八德,206.0,3200,0,963A,2603,2026-03-23
富邦八德,208.5,5,0,963A,2603,2026-03-23
富邦豐原,206.5,177,0,963L,2603,2026-03-23
富邦新竹,203.5,1040,10,9647,2603,2026-03-23
富邦新竹,204.5,5421,2086,9647,2603,2026-03-23
富邦新竹,205.5,3407,1000,9647,2603,2026-03-23
富邦新竹,206.5,450,30,9647,2603,2026-03-23
富邦新竹,207.5,0,20,9647,2603,2026-03-23
富邦新竹,208.5,525,0,9647,2603,2026-03-23
富邦永和,204.0,1310,2000,9654,2603,2026-03-23
富邦永和,205.0,3151,1000,9654,2603,2026-03-23
富邦永和,206.0,1004,1000,9654,2603,2026-03-23
富邦永和,207.0,2015,0,9654,2603,2026-03-23
富邦永和,208.0,1000,2000,9654,2603,2026-03-23
富邦八德,207.5,50,0,963A,2603,2026-03-23
富邦北高,206.0,67,1000,962Q,2603,2026-03-23
富邦北高,205.0,2,0,962Q,2603,2026-03-23
富邦北高,203.5,1,0,962Q,2603,2026-03-23
富邦南港,206.5,1000,0,962A,2603,2026-03-23
富邦二林,203.5,3000,0,962B,2603,2026-03-23
富邦二林,205.0,2000,3,962B,2603,2026-03-23
富邦二林,206.0,5,0,962B,2603,2026-03-23
富邦二林,207.5,30,0,962B,2603,2026-03-23
富邦竹科,203.5,0,1000,962C,2603,2026-03-23
富邦竹科,204.5,2010,20,962C,2603,2026-03-23
富邦竹科,205.5,1000,9000,962C,2603,2026-03-23
富邦竹科,206.5,15,0,962C,2603,2026-03-23
富邦竹科,207.5,1000,0,962C,2603,2026-03-23
富邦竹科,208.5,20,0,962C,2603,2026-03-23
富邦新莊,204.0,3,10000,962D,2603,2026-03-23
富邦新莊,205.5,3,0,962D,2603,2026-03-23
富邦新莊,207.0,2060,1000,962D,2603,2026-03-23
富邦樹林,203.5,2000,0,962E,2603,2026-03-23
富邦樹林,204.5,3015,0,962E,2603,2026-03-23
富邦樹林,205.5,2300,0,962E,2603,2026-03-23
富邦樹林,206.5,1000,0,962E,2603,2026-03-23
富邦樹林,207.5,5000,0,962E,2603,2026-03-23
富邦樹林,208.5,100,0,962E,2603,2026-03-23
富邦斗六,205.0,11,500,962G,2603,2026-03-23
富邦斗六,207.5,1000,0,962G,2603,2026-03-23
富邦三峽,204.0,3005,0,962J,2603,2026-03-23
富邦三峽,205.0,1423,5,962J,2603,2026-03-23
富邦三峽,206.0,1,2,962J,2603,2026-03-23
富邦三峽,207.0,2,1,962J,2603,2026-03-23
富邦三峽,208.0,1,0,962J,2603,2026-03-23
富邦頭份,204.0,1000,0,962P,2603,2026-03-23
富邦頭份,206.0,1000,0,962P,2603,2026-03-23
富邦新板,205.0,5400,0,961H,2603,2026-03-23
凱基台中,204.0,0,1000,9204,2603,2026-03-23
富邦新板,204.0,3005,0,961H,2603,2026-03-23
富邦公益,206.0,4,0,961F,2603,2026-03-23
華南朴子,205.5,2000,0,9329,2603,2026-03-23
華南朴子,207.0,1000,0,9329,2603,2026-03-23
華南鳳山,203.0,2000,0,9331,2603,2026-03-23
華南鳳山,204.0,80,0,9331,2603,2026-03-23
華南鳳山,205.0,2030,1000,9331,2603,2026-03-23
華南鳳山,206.5,30,0,9331,2603,2026-03-23
華南鳳山,208.5,50,0,9331,2603,2026-03-23
華南楠梓,203.5,1000,0,9332,2603,2026-03-23
華南楠梓,204.5,3000,0,9332,2603,2026-03-23
華南楠梓,205.5,0,81,9332,2603,2026-03-23
華南楠梓,206.5,1000,0,9332,2603,2026-03-23
華南楠梓,207.5,3000,400,9332,2603,2026-03-23
華南長虹,203.5,100,2000,9333,2603,2026-03-23
華南朴子,204.5,2000,0,9329,2603,2026-03-23
華南長虹,204.5,101,0,9333,2603,2026-03-23
華南長虹,207.0,300,0,9333,2603,2026-03-23
華南世貿,204.0,1050,0,9334,2603,2026-03-23
華南世貿,207.0,1050,0,9334,2603,2026-03-23
華南內壢,204.5,200,0,9337,2603,2026-03-23
華南內壢,206.0,2000,0,9337,2603,2026-03-23
華南內壢,208.5,11,0,9337,2603,2026-03-23
華南竹北,204.0,40,0,9339,2603,2026-03-23
華南竹北,205.0,5,0,9339,2603,2026-03-23
華南竹北,207.5,2000,0,9339,2603,2026-03-23
華南頭份,203.5,500,0,9343,2603,2026-03-23
華南頭份,205.5,4001,0,9343,2603,2026-03-23
華南頭份,207.5,1000,0,9343,2603,2026-03-23
華南敦南,204.5,1000,0,9347,2603,2026-03-23
華南長虹,205.5,400,0,9333,2603,2026-03-23
華南敦南,205.5,1000,1000,9347,2603,2026-03-23
華南朴子,203.5,5,0,9329,2603,2026-03-23
華南潮州,205.0,2030,0,9328,2603,2026-03-23
華南淡水,205.5,10,20,9316,2603,2026-03-23
華南淡水,207.5,7000,20,9316,2603,2026-03-23
華南林口,204.5,1000,0,9317,2603,2026-03-23
華南林口,205.5,10400,0,9317,2603,2026-03-23
華南林口,207.0,29000,0,9317,2603,2026-03-23
華南鶯歌,205.0,100,0,9319,2603,2026-03-23
華南基隆,203.0,3000,1000,9322,2603,2026-03-23
華南基隆,204.0,3050,14000,9322,2603,2026-03-23
華南基隆,205.0,6380,6550,9322,2603,2026-03-23
華南基隆,206.0,4000,0,9322,2603,2026-03-23
華南基隆,207.0,3100,0,9322,2603,2026-03-23
華南小港,204.0,2015,3000,9323,2603,2026-03-23
華南小港,206.5,1010,0,9323,2603,2026-03-23
華南潮州,206.0,1046,1000,9328,2603,2026-03-23
華南小港,207.5,1000,0,9323,2603,2026-03-23
華南岡山,204.5,2800,7000,9324,2603,2026-03-23
華南岡山,205.5,127,0,9324,2603,2026-03-23
華南岡山,207.0,7,0,9324,2603,2026-03-23
華南岡山,208.0,2,0,9324,2603,2026-03-23
華南忠孝,206.0,100,0,9325,2603,2026-03-23
華南南京,203.0,1000,0,9326,2603,2026-03-23
華南南京,204.5,50,1000,9326,2603,2026-03-23
華南南京,206.0,116,0,9326,2603,2026-03-23
華南南京,207.0,100,0,9326,2603,2026-03-23
華南斗六,204.5,3001,1000,9327,2603,2026-03-23
華南斗六,206.0,0,1000,9327,2603,2026-03-23
華南斗六,207.0,17001,0,9327,2603,2026-03-23
華南潮州,204.0,90,0,9328,2603,2026-03-23
華南岡山,203.5,2002,0,9324,2603,2026-03-23
華南敦南,206.5,1000,200,9347,2603,2026-03-23
華南敦南,208.0,0,2000,9347,2603,2026-03-23
華南板橋,203.0,2000,0,9349,2603,2026-03-23
富邦,204.0,746045,34918,9600,2603,2026-03-23
富邦,205.0,308834,1,9600,2603,2026-03-23
富邦,206.0,1156,1028,9600,2603,2026-03-23
富邦,207.0,65,2,9600,2603,2026-03-23
富邦,208.5,16,0,9600,2603,2026-03-23
富邦陽明,203.5,1140,0,9604,2603,2026-03-23
富邦陽明,204.5,14240,1800,9604,2603,2026-03-23
富邦陽明,205.5,8272,35,9604,2603,2026-03-23
富邦陽明,206.5,40,0,9604,2603,2026-03-23
富邦陽明,207.5,3020,0,9604,2603,2026-03-23
富邦陽明,208.5,100,0,9604,2603,2026-03-23
富邦台東,204.5,1200,0,9608,2603,2026-03-23
富邦台東,205.5,1003,0,9608,2603,2026-03-23
富邦,203.0,10000,1000,9600,2603,2026-03-23
富邦台東,206.5,2010,1000,9608,2603,2026-03-23
富邦基隆,205.0,1318,2325,9614,2603,2026-03-23
富邦基隆,206.0,1000,0,9614,2603,2026-03-23
富邦基隆,207.5,1000,0,9614,2603,2026-03-23
富邦岡山,203.5,0,2000,9616,2603,2026-03-23
富邦岡山,204.5,2000,1000,9616,2603,2026-03-23
富邦岡山,206.0,1100,0,9616,2603,2026-03-23
富邦南京,203.0,1000,0,961C,2603,2026-03-23
富邦南京,204.0,7000,183,961C,2603,2026-03-23
富邦南京,205.0,2002,0,961C,2603,2026-03-23
富邦南京,206.0,4010,140,961C,2603,2026-03-23
富邦南京,207.0,1041,5000,961C,2603,2026-03-23
富邦公益,203.5,1000,99,961F,2603,2026-03-23
富邦公益,205.0,455,139,961F,2603,2026-03-23
富邦基隆,204.0,0,3000,9614,2603,2026-03-23
華南東昇,205.5,1,1000,9386,2603,2026-03-23
華南東昇,204.5,0,1000,9386,2603,2026-03-23
華南東昇,203.0,1000,0,9386,2603,2026-03-23
華南板橋,204.5,100,1000,9349,2603,2026-03-23
華南板橋,205.5,200,0,9349,2603,2026-03-23
華南板橋,208.5,0,1000,9349,2603,2026-03-23
華南桃園,204.5,2000,0,9352,2603,2026-03-23
華南桃園,205.5,4000,0,9352,2603,2026-03-23
華南桃園,206.5,50,0,9352,2603,2026-03-23
華南桃園,208.0,1000,0,9352,2603,2026-03-23
華南東勢,204.5,1,0,9358,2603,2026-03-23
華南東勢,206.5,100,0,9358,2603,2026-03-23
華南中正,203.5,5,0,9359,2603,2026-03-23
華南中正,204.5,8010,1000,9359,2603,2026-03-23
華南中正,206.0,100,0,9359,2603,2026-03-23
華南中正,207.0,10,0,9359,2603,2026-03-23
華南苗栗,204.0,1200,0,9362,2603,2026-03-23
華南苗栗,206.0,20,0,9362,2603,2026-03-23
華南苗栗,208.0,1000,0,9362,2603,2026-03-23
華南彰化,205.0,2061,0,9363,2603,2026-03-23
華南彰化,206.0,3000,0,9363,2603,2026-03-23
華南彰化,207.0,10,0,9363,2603,2026-03-23
華南彰化,208.0,1010,0,9363,2603,2026-03-23
華南豐原,205.0,2105,0,9366,2603,2026-03-23
華南豐原,207.0,1000,0,9366,2603,2026-03-23
華南三重,204.0,1120,0,9369,2603,2026-03-23
華南三重,205.0,1,10,9369,2603,2026-03-23
華南三重,208.5,1,0,9369,2603,2026-03-23
華南虎尾,204.0,13,0,9377,2603,2026-03-23
華南虎尾,205.0,2000,0,9377,2603,2026-03-23
華南虎尾,206.5,110,0,9377,2603,2026-03-23
華南虎尾,207.5,1000,10000,9377,2603,2026-03-23
富邦新板,203.0,3000,0,961H,2603,2026-03-23
富邦板橋,203.0,2000,6000,9655,2603,2026-03-23
凱基中港,208.5,100,0,9202,2603,2026-03-23
凱基中港,206.0,2030,0,9202,2603,2026-03-23
聯邦大業,206.0,300,0,8586,2603,2026-03-23
聯邦興中,204.5,5,0,8587,2603,2026-03-23
聯邦興中,207.0,0,180,8587,2603,2026-03-23
聯邦台南,208.0,0,1000,8588,2603,2026-03-23
陽信,205.0,0,20000,8710,2603,2026-03-23
陽信,207.0,1000,0,8710,2603,2026-03-23
陽信石牌,203.5,150,0,8711,2603,2026-03-23
陽信石牌,204.5,30000,0,8711,2603,2026-03-23
陽信石牌,206.0,200,0,8711,2603,2026-03-23
陽信石牌,207.0,4000,0,8711,2603,2026-03-23
陽信台南,203.0,2000,0,8714,2603,2026-03-23
陽信台南,204.0,1000,0,8714,2603,2026-03-23
陽信台南,205.0,1000,0,8714,2603,2026-03-23
聯邦大業,205.0,0,400,8586,2603,2026-03-23
玉山,203.0,16000,1000,8840,2603,2026-03-23
玉山,205.0,52962,3800,8840,2603,2026-03-23
玉山,206.0,55174,2310,8840,2603,2026-03-23
玉山,207.0,3216,0,8840,2603,2026-03-23
玉山,208.0,0,1000,8840,2603,2026-03-23
玉山雙和,203.5,1000,0,8841,2603,2026-03-23
玉山雙和,204.5,6054,0,8841,2603,2026-03-23
玉山雙和,205.5,1100,3000,8841,2603,2026-03-23
玉山雙和,206.5,200,0,8841,2603,2026-03-23
玉山雙和,207.5,1300,0,8841,2603,2026-03-23
玉山新莊,203.0,2000,0,8842,2603,2026-03-23
玉山新莊,204.0,3160,3000,8842,2603,2026-03-23
玉山新莊,205.0,4226,50,8842,2603,2026-03-23
玉山新莊,206.0,182,0,8842,2603,2026-03-23
玉山,204.0,57244,15000,8840,2603,2026-03-23
玉山新莊,207.0,1102,0,8842,2603,2026-03-23
聯邦大業,203.0,1000,0,8586,2603,2026-03-23
聯邦三重,205.0,10,0,8585,2603,2026-03-23
新光新竹,203.0,3000,0,8563,2603,2026-03-23
新光新竹,204.0,6254,3075,8563,2603,2026-03-23
新光新竹,205.0,255,5000,8563,2603,2026-03-23
新光新竹,206.0,1057,210,8563,2603,2026-03-23
新光新竹,207.0,2005,0,8563,2603,2026-03-23
新光新竹,208.0,2003,0,8563,2603,2026-03-23
新光台南,204.0,2500,2400,8564,2603,2026-03-23
新光台南,205.0,4600,2131,8564,2603,2026-03-23
新光台南,206.0,1005,0,8564,2603,2026-03-23
新光台南,207.5,1000,50,8564,2603,2026-03-23
新光台南,208.5,4,0,8564,2603,2026-03-23
新光桃園,203.5,105,0,8565,2603,2026-03-23
新光桃園,204.5,4362,3000,8565,2603,2026-03-23
聯邦三重,208.0,1200,0,8585,2603,2026-03-23
新光桃園,205.5,1276,2000,8565,2603,2026-03-23
新光桃園,207.5,2100,2500,8565,2603,2026-03-23
新光桃園,208.5,20,0,8565,2603,2026-03-23
聯邦,204.5,20,0,8580,2603,2026-03-23
聯邦,205.5,1000,0,8580,2603,2026-03-23
聯邦高雄,204.5,1,1000,8581,2603,2026-03-23
聯邦高雄,205.5,0,3000,8581,2603,2026-03-23
聯邦高雄,207.0,200,0,8581,2603,2026-03-23
聯邦嘉義,205.0,300,0,8582,2603,2026-03-23
聯邦嘉義,208.0,0,1000,8582,2603,2026-03-23
聯邦忠孝,204.5,1000,100,8583,2603,2026-03-23
聯邦忠孝,206.0,25,0,8583,2603,2026-03-23
聯邦雙和,204.0,1000,0,8584,2603,2026-03-23
聯邦雙和,205.0,6000,0,8584,2603,2026-03-23
新光桃園,206.5,230,0,8565,2603,2026-03-23
新光高雄,207.0,2110,0,8562,2603,2026-03-23
玉山新莊,208.0,3000,0,8842,2603,2026-03-23
玉山高雄,204.5,1000,0,8843,2603,2026-03-23
玉山台中,206.5,2115,1000,884B,2603,2026-03-23
玉山台中,207.5,3000,0,884B,2603,2026-03-23
玉山台中,208.5,48,0,884B,2603,2026-03-23
玉山信義,203.5,1115,0,884C,2603,2026-03-23
玉山信義,205.0,1120,0,884C,2603,2026-03-23
玉山信義,206.0,3016,0,884C,2603,2026-03-23
玉山信義,207.0,2200,50,884C,2603,2026-03-23
玉山信義,208.5,37,0,884C,2603,2026-03-23
玉山左營,204.5,759,0,884D,2603,2026-03-23
玉山左營,205.5,1000,0,884D,2603,2026-03-23
玉山左營,206.5,1100,0,884D,2603,2026-03-23
玉山左營,208.0,1000,0,884D,2603,2026-03-23
玉山城中,203.5,2000,0,884E,2603,2026-03-23
玉山台中,205.5,4100,0,884B,2603,2026-03-23
玉山城中,204.5,3300,2074,884E,2603,2026-03-23
玉山城中,206.5,2000,0,884E,2603,2026-03-23
玉山城中,207.5,1000,1000,884E,2603,2026-03-23
玉山城中,208.5,24,0,884E,2603,2026-03-23
玉山桃園,204.0,1010,0,884F,2603,2026-03-23
玉山桃園,205.0,22011,8000,884F,2603,2026-03-23
玉山桃園,206.0,1000,0,884F,2603,2026-03-23
玉山桃園,208.5,96,0,884F,2603,2026-03-23
玉山新竹,204.5,2400,0,884H,2603,2026-03-23
玉山新竹,205.5,0,150,884H,2603,2026-03-23
玉山新竹,207.0,110,0,884H,2603,2026-03-23
玉山新竹,208.0,5000,0,884H,2603,2026-03-23
玉山大里,203.0,2000,0,884J,2603,2026-03-23
玉山大里,204.5,1150,3250,884J,2603,2026-03-23
玉山城中,205.5,1000,0,884E,2603,2026-03-23
玉山高雄,203.5,3000,0,8843,2603,2026-03-23
玉山台中,204.5,276,702,884B,2603,2026-03-23
玉山士林,208.5,25,0,884A,2603,2026-03-23
玉山高雄,205.5,2000,10600,8843,2603,2026-03-23
玉山高雄,206.5,1010,100,8843,2603,2026-03-23
玉山高雄,208.0,1000,42000,8843,2603,2026-03-23
玉山板橋,203.0,1000,0,8846,2603,2026-03-23
玉山板橋,204.0,1022,500,8846,2603,2026-03-23
玉山板橋,205.0,7211,0,8846,2603,2026-03-23
玉山板橋,206.0,2010,100,8846,2603,2026-03-23
玉山板橋,207.0,15024,0,8846,2603,2026-03-23
玉山台南,203.0,0,10000,8847,2603,2026-03-23
玉山台南,204.0,10386,1000,8847,2603,2026-03-23
玉山台南,205.0,2037,150,8847,2603,2026-03-23
玉山台南,206.0,112,0,8847,2603,2026-03-23
玉山台南,207.0,23,5,8847,2603,2026-03-23
玉山台中,203.5,3000,1000,884B,2603,2026-03-23
玉山台南,208.0,7000,0,8847,2603,2026-03-23
玉山嘉義,204.5,1016,0,8848,2603,2026-03-23
玉山嘉義,205.5,215,0,8848,2603,2026-03-23
玉山嘉義,206.5,1066,0,8848,2603,2026-03-23
玉山嘉義,207.5,1000,0,8848,2603,2026-03-23
玉山嘉義,208.5,123,0,8848,2603,2026-03-23
玉山景美,204.0,1053,1000,8849,2603,2026-03-23
玉山景美,205.0,50,0,8849,2603,2026-03-23
玉山景美,206.0,1142,0,8849,2603,2026-03-23
玉山景美,208.0,1000,0,8849,2603,2026-03-23
玉山士林,203.5,6015,0,884A,2603,2026-03-23
玉山士林,204.5,1000,0,884A,2603,2026-03-23
玉山士林,205.5,150,5000,884A,2603,2026-03-23
玉山士林,207.0,1000,0,884A,2603,2026-03-23
玉山嘉義,203.5,20,0,8848,2603,2026-03-23
新光高雄,206.0,9204,0,8562,2603,2026-03-23
新光高雄,205.0,10120,1300,8562,2603,2026-03-23
新光高雄,204.0,6200,1000,8562,2603,2026-03-23
台新左楠,205.0,2107,3026,8157,2603,2026-03-23
台新左楠,206.0,1000,1000,8157,2603,2026-03-23
台新左楠,207.0,1000,22,8157,2603,2026-03-23
台新左楠,208.0,1,12000,8157,2603,2026-03-23
台新松江,204.0,1200,0,8158,2603,2026-03-23
台新松江,207.0,100,0,8158,2603,2026-03-23
台新台南,204.0,10,0,8159,2603,2026-03-23
台新台南,205.0,50,1100,8159,2603,2026-03-23
台新台南,206.0,1100,0,8159,2603,2026-03-23
台新台南,207.5,2020,0,8159,2603,2026-03-23
台新高雄,203.0,5000,0,815A,2603,2026-03-23
台新高雄,204.0,1250,1000,815A,2603,2026-03-23
台新高雄,205.0,2050,0,815A,2603,2026-03-23
台新左楠,204.0,2001,1400,8157,2603,2026-03-23
台新高雄,206.0,200,5000,815A,2603,2026-03-23
台新高雄,208.0,1000,0,815A,2603,2026-03-23
台新台中,203.0,1000,0,815B,2603,2026-03-23
台新台中,204.0,15609,130,815B,2603,2026-03-23
台新台中,205.0,675,18080,815B,2603,2026-03-23
台新台中,206.0,2127,120,815B,2603,2026-03-23
台新台中,207.0,4199,0,815B,2603,2026-03-23
台新台中,208.0,2000,3000,815B,2603,2026-03-23
台新屏東,204.5,140,1000,815H,2603,2026-03-23
台新屏東,206.0,3000,0,815H,2603,2026-03-23
台新屏東,207.5,1000,0,815H,2603,2026-03-23
台新中壢,204.5,1000,2000,815S,2603,2026-03-23
台新中壢,205.5,100,0,815S,2603,2026-03-23
台新中壢,207.0,1000,0,815S,2603,2026-03-23
台新高雄,207.0,55,100,815A,2603,2026-03-23
台新新營,203.0,3000,0,815Y,2603,2026-03-23
台新左楠,203.0,3000,0,8157,2603,2026-03-23
台新三民,206.0,180,0,8156,2603,2026-03-23
國票天祥,206.5,1,0,779V,2603,2026-03-23
國票彰化,204.0,0,2000,779W,2603,2026-03-23
國票彰化,207.0,1000,0,779W,2603,2026-03-23
國票中和,204.0,16010,0,779X,2603,2026-03-23
國票中和,205.0,1500,0,779X,2603,2026-03-23
國票博愛,204.0,0,3000,779z,2603,2026-03-23
國票博愛,205.0,0,1000,779z,2603,2026-03-23
國票博愛,208.0,3000,0,779z,2603,2026-03-23
國票安和,204.0,6000,0,779Z,2603,2026-03-23
國票安和,205.0,1000,0,779Z,2603,2026-03-23
國票安和,206.0,1000,0,779Z,2603,2026-03-23
國票安和,208.0,1000,0,779Z,2603,2026-03-23
台新,203.0,4000,2000,8150,2603,2026-03-23
台新三民,208.0,100,0,8156,2603,2026-03-23
台新,204.0,18346,16000,8150,2603,2026-03-23
台新,206.0,7019,4150,8150,2603,2026-03-23
台新,207.0,8164,1000,8150,2603,2026-03-23
台新,208.0,4000,0,8150,2603,2026-03-23
台新建北,204.0,41005,2000,8151,2603,2026-03-23
台新建北,205.0,2201,10000,8151,2603,2026-03-23
台新建北,206.0,1200,21000,8151,2603,2026-03-23
台新新莊,203.5,100,0,8152,2603,2026-03-23
台新新莊,204.5,2400,0,8152,2603,2026-03-23
台新新莊,205.5,300,0,8152,2603,2026-03-23
台新新莊,206.5,2000,0,8152,2603,2026-03-23
台新新莊,208.0,2000,0,8152,2603,2026-03-23
台新三民,204.0,2000,1000,8156,2603,2026-03-23
台新三民,205.0,8615,1000,8156,2603,2026-03-23
台新,205.0,36121,10469,8150,2603,2026-03-23
台新新營,204.5,1033,0,815Y,2603,2026-03-23
台新新營,205.5,100,0,815Y,2603,2026-03-23
安泰,203.0,2000,0,8380,2603,2026-03-23
康和南崁,208.0,1000,0,845S,2603,2026-03-23
康和台北,204.5,100,0,845U,2603,2026-03-23
康和台北,208.0,1000,0,845U,2603,2026-03-23
康和屏東,207.0,2000,0,845X,2603,2026-03-23
京城,203.0,75000,0,8490,2603,2026-03-23
京城,204.5,10,0,8490,2603,2026-03-23
京城,205.5,25000,0,8490,2603,2026-03-23
京城嘉義,203.0,1000,0,8492,2603,2026-03-23
京城嘉義,204.0,0,2000,8492,2603,2026-03-23
京城嘉義,205.0,0,3500,8492,2603,2026-03-23
京城嘉義,206.0,3000,0,8492,2603,2026-03-23
京城嘉義,207.0,1100,0,8492,2603,2026-03-23
京城嘉義,208.0,1000,0,8492,2603,2026-03-23
康和南崁,206.5,1500,0,845S,2603,2026-03-23
中農,204.5,0,1000,8520,2603,2026-03-23
新光,203.0,9000,0,8560,2603,2026-03-23
新光,204.0,23168,4101,8560,2603,2026-03-23
新光,205.0,42838,85029,8560,2603,2026-03-23
新光,206.0,10695,69292,8560,2603,2026-03-23
新光,207.0,8365,2544,8560,2603,2026-03-23
新光,208.0,14050,1000,8560,2603,2026-03-23
新光台中,203.0,1000,0,8561,2603,2026-03-23
新光台中,204.0,5120,13200,8561,2603,2026-03-23
新光台中,205.0,9560,1341,8561,2603,2026-03-23
新光台中,206.0,34141,2000,8561,2603,2026-03-23
新光台中,207.0,100,2040,8561,2603,2026-03-23
新光台中,208.0,62000,1000,8561,2603,2026-03-23
新光高雄,203.0,5000,0,8562,2603,2026-03-23
中農,206.5,2010,0,8520,2603,2026-03-23
康和石牌,206.0,100,0,845R,2603,2026-03-23
康和高雄,205.0,4000,0,845J,2603,2026-03-23
康和高雄,204.0,3000,0,845J,2603,2026-03-23
安泰,204.5,1000,500,8380,2603,2026-03-23
安泰,206.0,15,0,8380,2603,2026-03-23
安泰大發,204.5,2000,3100,8381,2603,2026-03-23
安泰大發,206.0,1000,0,8381,2603,2026-03-23
安泰楠梓,206.0,100,0,8382,2603,2026-03-23
摩根大通,203.5,46000,40000,8440,2603,2026-03-23
摩根大通,204.5,185000,81000,8440,2603,2026-03-23
摩根大通,205.5,54000,37000,8440,2603,2026-03-23
摩根大通,206.5,60000,20000,8440,2603,2026-03-23
摩根大通,207.5,26000,69000,8440,2603,2026-03-23
康和,207.0,2,0,8450,2603,2026-03-23
康和延平,205.5,2000,0,8451,2603,2026-03-23
康和台中,203.0,2000,0,8455,2603,2026-03-23
康和台中,204.5,5000,0,8455,2603,2026-03-23
康和台中,206.0,100,0,8455,2603,2026-03-23
康和新竹,203.0,1000,0,8456,2603,2026-03-23
康和新竹,205.0,1000,0,8456,2603,2026-03-23
康和台南,205.0,3000,0,8458,2603,2026-03-23
康和嘉義,204.5,2010,150,8459,2603,2026-03-23
康和嘉義,206.5,200,0,8459,2603,2026-03-23
康和內湖,203.0,1000,0,845A,2603,2026-03-23
康和內湖,204.5,2015,0,845A,2603,2026-03-23
康和內湖,206.0,1000,0,845A,2603,2026-03-23
康和永和,204.0,0,100,845B,2603,2026-03-23
康和板橋,203.5,10,0,845D,2603,2026-03-23
康和板橋,205.0,1005,0,845D,2603,2026-03-23
康和板橋,206.5,1010,0,845D,2603,2026-03-23
康和澎湖,204.5,1000,0,845E,2603,2026-03-23
康和仁愛,206.0,6,0,845F,2603,2026-03-23
玉山大里,206.0,255,0,884J,2603,2026-03-23
玉山大里,207.5,5040,0,884J,2603,2026-03-23
玉山大里,208.5,55,20,884J,2603,2026-03-23
玉山數位,204.0,1130,225,884M,2603,2026-03-23
群益彰化,203.5,2000,4,9187,2603,2026-03-23
群益彰化,204.5,2100,0,9187,2603,2026-03-23
群益彰化,205.5,70,0,9187,2603,2026-03-23
群益彰化,206.5,10,0,9187,2603,2026-03-23
群益三民,204.5,0,4000,9188,2603,2026-03-23
群益三民,206.0,10,1300,9188,2603,2026-03-23
群益三民,207.0,1000,500,9188,2603,2026-03-23
群益桃園,203.5,5,0,9189,2603,2026-03-23
群益桃園,204.5,100,1000,9189,2603,2026-03-23
群益桃園,205.5,1000,0,9189,2603,2026-03-23
群益桃園,207.0,2000,0,9189,2603,2026-03-23
群益中壢,203.0,2000,0,918A,2603,2026-03-23
群益中壢,205.5,1040,0,918A,2603,2026-03-23
群益新竹,206.5,10,0,9186,2603,2026-03-23
群益中壢,207.5,1000,0,918A,2603,2026-03-23
群益板橋,205.0,1,0,918B,2603,2026-03-23
群益板橋,206.5,1000,0,918B,2603,2026-03-23
群益鳳山,203.5,2000,0,918c,2603,2026-03-23
群益鳳山,204.5,1000,0,918c,2603,2026-03-23
群益鳳山,205.5,2,14,918c,2603,2026-03-23
群益鳳山,207.0,20,0,918c,2603,2026-03-23
群益鳳山,208.0,3000,0,918c,2603,2026-03-23
群益古亭,203.0,5000,0,918C,2603,2026-03-23
群益古亭,204.0,2052,5000,918C,2603,2026-03-23
群益古亭,205.0,3100,0,918C,2603,2026-03-23
群益古亭,206.0,3,0,918C,2603,2026-03-23
群益內湖,202.5,1000,0,918d,2603,2026-03-23
群益內湖,204.0,1080,0,918d,2603,2026-03-23
群益板橋,203.0,1000,0,918B,2603,2026-03-23
群益內湖,205.0,200,200,918d,2603,2026-03-23
群益新竹,205.5,110,0,9186,2603,2026-03-23
群益台南,204.5,100,0,9185,2603,2026-03-23
群益屏東,204.5,6000,0,913H,2603,2026-03-23
群益屏東,205.5,1000,13000,913H,2603,2026-03-23
群益屏東,206.5,1000,0,913H,2603,2026-03-23
群益萬華,203.5,24,0,913I,2603,2026-03-23
群益萬華,204.5,1000,0,913I,2603,2026-03-23
群益萬華,206.0,16,0,913I,2603,2026-03-23
群益萬華,207.5,1,0,913I,2603,2026-03-23
群益土城,204.5,3000,0,913N,2603,2026-03-23
群益土城,207.0,1000,0,913N,2603,2026-03-23
群益北高,203.0,2000,0,913R,2603,2026-03-23
群益北高,204.0,200,0,913R,2603,2026-03-23
群益北高,205.0,2501,0,913R,2603,2026-03-23
群益北高,206.0,50,2000,913R,2603,2026-03-23
群益新竹,204.5,100,0,9186,2603,2026-03-23
群益北高,207.5,2000,0,913R,2603,2026-03-23
群益崇德,206.5,0,20000,913U,2603,2026-03-23
群益崇德,208.0,2009,0,913U,2603,2026-03-23
群益館前,204.0,31,10000,913Y,2603,2026-03-23
群益館前,205.0,1300,1000,913Y,2603,2026-03-23
群益館前,206.0,3005,0,913Y,2603,2026-03-23
群益高雄,203.0,1000,0,9183,2603,2026-03-23
群益高雄,204.0,1010,0,9183,2603,2026-03-23
群益高雄,205.0,6010,0,9183,2603,2026-03-23
群益高雄,206.0,20,0,9183,2603,2026-03-23
群益高雄,207.5,40,0,9183,2603,2026-03-23
群益台中,204.5,2007,4000,9184,2603,2026-03-23
群益台中,205.5,1000,750,9184,2603,2026-03-23
群益台中,207.5,1000,0,9184,2603,2026-03-23
群益崇德,205.0,1000,0,913U,2603,2026-03-23
群益內湖,206.5,1000,0,918d,2603,2026-03-23
群益內湖,208.0,2000,0,918d,2603,2026-03-23
群益東門,203.5,2000,0,918D,2603,2026-03-23
群益建成,204.0,3000,0,918L,2603,2026-03-23
群益建成,205.0,2000,700,918L,2603,2026-03-23
群益建成,207.0,300,0,918L,2603,2026-03-23
群益嘉義,203.0,2000,0,918M,2603,2026-03-23
群益嘉義,204.0,0,2000,918M,2603,2026-03-23
群益嘉義,205.0,2105,0,918M,2603,2026-03-23
群益嘉義,206.5,1000,0,918M,2603,2026-03-23
群益丹鳳,204.5,1000,0,918s,2603,2026-03-23
群益丹鳳,206.5,1012,0,918s,2603,2026-03-23
群益瑞豐,203.0,0,1000,918u,2603,2026-03-23
群益瑞豐,204.5,200,0,918u,2603,2026-03-23
群益瑞豐,206.0,450,0,918u,2603,2026-03-23
群益忠孝,205.0,1000,1000,918W,2603,2026-03-23
群益建成,203.0,1000,0,918L,2603,2026-03-23
群益忠孝,207.5,1000,0,918W,2603,2026-03-23
群益延平,205.5,65,0,918x,2603,2026-03-23
群益台北,203.5,2000,0,918X,2603,2026-03-23
群益台北,204.5,1000,0,918X,2603,2026-03-23
群益台北,206.0,100,0,918X,2603,2026-03-23
群益宜蘭,204.0,1000,0,918z,2603,2026-03-23
凱基,203.0,0,3000,9200,2603,2026-03-23
凱基,204.0,1000,54000,9200,2603,2026-03-23
凱基,205.0,633049,7432,9200,2603,2026-03-23
凱基,206.0,21000,2000,9200,2603,2026-03-23
凱基,207.0,0,11000,9200,2603,2026-03-23
凱基,208.0,0,3000,9200,2603,2026-03-23
凱基中港,204.0,2010,100,9202,2603,2026-03-23
凱基中港,205.0,10,0,9202,2603,2026-03-23
群益延平,203.5,100,0,918x,2603,2026-03-23
群益東湖,207.5,5,0,918K,2603,2026-03-23
群益東湖,205.0,1000,0,918K,2603,2026-03-23
群益東湖,204.0,1055,1000,918K,2603,2026-03-23
群益東門,204.5,1000,0,918D,2603,2026-03-23
群益東門,206.0,10,0,918D,2603,2026-03-23
群益東門,207.5,10,0,918D,2603,2026-03-23
群益大安,204.5,0,1000,918e,2603,2026-03-23
群益南京,204.5,20000,0,918E,2603,2026-03-23
群益南京,205.5,1200,4000,918E,2603,2026-03-23
群益新店,204.0,1000,0,918F,2603,2026-03-23
群益新店,205.0,1000,0,918F,2603,2026-03-23
群益新店,208.5,2,0,918F,2603,2026-03-23
群益大甲,204.0,2000,0,918g,2603,2026-03-23
群益大甲,205.0,50,1000,918g,2603,2026-03-23
群益大甲,207.0,1000,1000,918g,2603,2026-03-23
群益新莊,202.5,1000,0,918G,2603,2026-03-23
群益新莊,204.0,1000,0,918G,2603,2026-03-23
群益新莊,205.0,100,0,918G,2603,2026-03-23
群益新莊,208.0,11000,0,918G,2603,2026-03-23
群益中山,204.5,500,0,918H,2603,2026-03-23
群益中山,205.5,20,0,918H,2603,2026-03-23
群益中山,207.0,10,0,918H,2603,2026-03-23
群益中山,208.0,10,0,918H,2603,2026-03-23
群益竹南,204.0,2100,0,918i,2603,2026-03-23
群益竹南,205.0,100,0,918i,2603,2026-03-23
群益竹南,206.5,2301,0,918i,2603,2026-03-23
群益竹南,207.5,1000,0,918i,2603,2026-03-23
群益永和,203.5,2000,0,918J,2603,2026-03-23
群益永和,204.5,100,1010,918J,2603,2026-03-23
群益永和,205.5,150,1300,918J,2603,2026-03-23
群益永和,207.0,100,0,918J,2603,2026-03-23
群益永和,208.0,1000,0,918J,2603,2026-03-23
群益屏東,203.0,4000,0,913H,2603,2026-03-23
凱基中港,207.0,1010,0,9202,2603,2026-03-23
群益三重,206.0,1005,0,913g,2603,2026-03-23
群益三重,203.5,2,0,913g,2603,2026-03-23
國泰桃園,205.0,14454,4100,8885,2603,2026-03-23
國泰桃園,206.0,13219,2010,8885,2603,2026-03-23
國泰桃園,207.0,7275,300,8885,2603,2026-03-23
國泰桃園,208.0,6000,5000,8885,2603,2026-03-23
國泰新莊,203.0,2000,0,8886,2603,2026-03-23
國泰新莊,204.0,10261,1550,8886,2603,2026-03-23
國泰新莊,205.0,3103,13519,8886,2603,2026-03-23
國泰新莊,206.0,2147,0,8886,2603,2026-03-23
國泰新莊,207.0,30,0,8886,2603,2026-03-23
國泰新莊,208.5,43,0,8886,2603,2026-03-23
國泰忠孝,203.5,150,0,8887,2603,2026-03-23
國泰忠孝,204.5,1440,4050,8887,2603,2026-03-23
國泰忠孝,205.5,10,0,8887,2603,2026-03-23
國泰桃園,204.0,5460,6,8885,2603,2026-03-23
國泰忠孝,206.5,1000,20,8887,2603,2026-03-23
國泰敦南,203.0,10000,2000,8888,2603,2026-03-23
國泰敦南,204.0,68489,19298,8888,2603,2026-03-23
國泰敦南,205.0,51028,28228,8888,2603,2026-03-23
國泰敦南,206.0,18055,5199,8888,2603,2026-03-23
國泰敦南,207.0,25148,3385,8888,2603,2026-03-23
國泰敦南,208.0,9511,26000,8888,2603,2026-03-23
國泰館前,202.5,1000,0,888A,2603,2026-03-23
國泰館前,203.5,2950,9200,888A,2603,2026-03-23
國泰館前,204.5,1145,71900,888A,2603,2026-03-23
國泰館前,205.5,5307,3365,888A,2603,2026-03-23
國泰館前,206.5,3461,5035,888A,2603,2026-03-23
國泰館前,207.5,2722,2000,888A,2603,2026-03-23
國泰館前,208.5,51,100,888A,2603,2026-03-23
國泰忠孝,208.0,2000,1000,8887,2603,2026-03-23
國泰板橋,203.5,6326,80,888K,2603,2026-03-23
國泰桃園,203.0,1000,0,8885,2603,2026-03-23
國泰台南,206.0,419,242,8884,2603,2026-03-23
玉山數位,205.0,1020,1000,884M,2603,2026-03-23
玉山數位,206.0,271,0,884M,2603,2026-03-23
玉山數位,207.0,105,0,884M,2603,2026-03-23
玉山數位,208.5,11,0,884M,2603,2026-03-23
國泰綜合,204.5,4028,0,8880,2603,2026-03-23
國泰綜合,205.5,5202,0,8880,2603,2026-03-23
國泰綜合,206.5,1004,0,8880,2603,2026-03-23
國泰綜合,207.5,2001,0,8880,2603,2026-03-23
國泰高雄,203.0,1000,1000,8881,2603,2026-03-23
國泰高雄,204.0,2125,12210,8881,2603,2026-03-23
國泰高雄,205.0,10830,10320,8881,2603,2026-03-23
國泰高雄,206.0,7170,3100,8881,2603,2026-03-23
國泰高雄,207.0,3,60,8881,2603,2026-03-23
國泰台南,207.0,120,0,8884,2603,2026-03-23
國泰高雄,208.0,1000,0,8881,2603,2026-03-23
國泰台中,204.5,6287,9351,8882,2603,2026-03-23
富邦二林,208.0,1000,0,962B,2603,2026-03-23
國泰台中,206.5,1964,10,8882,2603,2026-03-23
國泰台中,207.5,2000,0,8882,2603,2026-03-23
國泰台中,208.5,126,0,8882,2603,2026-03-23
國泰松江,203.5,1151,0,8883,2603,2026-03-23
國泰松江,204.5,9421,12000,8883,2603,2026-03-23
國泰松江,205.5,3001,1040,8883,2603,2026-03-23
國泰松江,206.5,3180,0,8883,2603,2026-03-23
國泰松江,207.5,1070,4000,8883,2603,2026-03-23
國泰台南,203.0,2000,0,8884,2603,2026-03-23
國泰台南,204.0,2558,1000,8884,2603,2026-03-23
國泰台南,205.0,451,2018,8884,2603,2026-03-23
國泰台中,203.5,9140,50,8882,2603,2026-03-23
國泰板橋,204.5,8042,51100,888K,2603,2026-03-23
國泰板橋,205.5,386,2003,888K,2603,2026-03-23
國泰板橋,206.5,3554,0,888K,2603,2026-03-23
群益市府,204.5,201,339,910D,2603,2026-03-23
群益市府,206.0,120,0,910D,2603,2026-03-23
群益市府,207.0,2000,0,910D,2603,2026-03-23
群益民權,204.0,3400,0,9131,2603,2026-03-23
群益民權,205.0,4200,0,9131,2603,2026-03-23
群益民權,206.0,4350,1000,9131,2603,2026-03-23
群益民權,208.0,1000,0,9131,2603,2026-03-23
群益開元,204.0,43,0,9134,2603,2026-03-23
群益開元,205.0,20,0,9134,2603,2026-03-23
群益開元,206.5,20,0,9134,2603,2026-03-23
群益東大,204.5,1000,0,9135,2603,2026-03-23
群益東大,206.0,0,30000,9135,2603,2026-03-23
群益西松,203.0,1000,0,9136,2603,2026-03-23
群益市府,203.5,1100,0,910D,2603,2026-03-23
群益士林,203.0,1000,0,9137,2603,2026-03-23
群益士林,208.0,60,0,9137,2603,2026-03-23
群益中港,203.5,3000,0,9138,2603,2026-03-23
群益中港,204.5,1000,0,9138,2603,2026-03-23
群益中港,205.5,3000,0,9138,2603,2026-03-23
群益中港,207.5,2000,0,9138,2603,2026-03-23
群益潭子,203.0,1000,0,913D,2603,2026-03-23
群益潭子,205.0,100,0,913D,2603,2026-03-23
群益潭子,207.5,0,50,913D,2603,2026-03-23
群益基隆,203.0,1000,0,913E,2603,2026-03-23
群益基隆,204.5,1003,1240,913E,2603,2026-03-23
群益基隆,205.5,1090,1005,913E,2603,2026-03-23
群益基隆,206.5,1000,0,913E,2603,2026-03-23
群益基隆,208.0,1000,0,913E,2603,2026-03-23
群益士林,205.5,1050,10150,9137,2603,2026-03-23
群益海山,208.5,16,0,9108,2603,2026-03-23
群益海山,207.5,22,0,9108,2603,2026-03-23
群益海山,206.5,1010,0,9108,2603,2026-03-23
國泰板橋,207.5,3045,1000,888K,2603,2026-03-23
國泰板橋,208.5,48,0,888K,2603,2026-03-23
大和國泰,208.0,0,52000,8890,2603,2026-03-23
法銀巴黎,203.5,0,18000,8900,2603,2026-03-23
法銀巴黎,204.5,0,6000,8900,2603,2026-03-23
法銀巴黎,205.5,0,6000,8900,2603,2026-03-23
法銀巴黎,206.5,7000,1000,8900,2603,2026-03-23
法銀巴黎,207.5,0,2000,8900,2603,2026-03-23
上海匯豐,203.0,0,9000,8960,2603,2026-03-23
上海匯豐,204.0,0,118000,8960,2603,2026-03-23
上海匯豐,205.0,0,114000,8960,2603,2026-03-23
上海匯豐,206.0,0,127000,8960,2603,2026-03-23
上海匯豐,207.0,0,69000,8960,2603,2026-03-23
上海匯豐,208.0,0,106000,8960,2603,2026-03-23
群益,203.5,55000,1000,9100,2603,2026-03-23
群益,204.5,38000,15000,9100,2603,2026-03-23
群益,205.5,0,2000,9100,2603,2026-03-23
群益,206.5,5000,0,9100,2603,2026-03-23
群益,208.0,1000,14000,9100,2603,2026-03-23
群益敦南,203.5,4000,0,9101,2603,2026-03-23
群益敦南,205.0,300,1000,9101,2603,2026-03-23
群益敦南,206.0,2100,0,9101,2603,2026-03-23
群益敦南,208.0,3000,0,9101,2603,2026-03-23
群益松山,205.5,2000,0,9103,2603,2026-03-23
群益高盛,205.0,10,0,9105,2603,2026-03-23
群益高盛,206.0,10,0,9105,2603,2026-03-23
群益高盛,207.5,5,0,9105,2603,2026-03-23
群益海山,204.5,5,0,9108,2603,2026-03-23
群益海山,205.5,15,0,9108,2603,2026-03-23
群益三重,204.5,1,0,913g,2603,2026-03-23
國票天祥,205.0,0,1000,779V,2603,2026-03-23
富邦板橋,204.0,6020,0,9655,2603,2026-03-23
富邦板橋,206.0,8306,0,9655,2603,2026-03-23
元大鹿港,205.5,20,0,989S,2603,2026-03-23
元大鹿港,206.5,1110,0,989S,2603,2026-03-23
元大鹿港,208.0,1110,2000,989S,2603,2026-03-23
元大大甲,204.0,3005,100,989U,2603,2026-03-23
元大大甲,205.0,6064,0,989U,2603,2026-03-23
元大大甲,206.0,0,20000,989U,2603,2026-03-23
元大大甲,207.0,0,6000,989U,2603,2026-03-23
元大北重,203.0,0,6000,989V,2603,2026-03-23
元大北重,204.5,1003,13000,989V,2603,2026-03-23
元大北重,205.5,28,0,989V,2603,2026-03-23
元大北重,207.0,25,0,989V,2603,2026-03-23
元大北重,208.0,4000,0,989V,2603,2026-03-23
元大站前,204.0,1200,200,989W,2603,2026-03-23
元大鹿港,204.5,390,500,989S,2603,2026-03-23
元大站前,205.0,610,10,989W,2603,2026-03-23
元大站前,207.0,10,20,989W,2603,2026-03-23
元大站前,208.5,30,0,989W,2603,2026-03-23
元大三民,204.5,0,1000,989X,2603,2026-03-23
元大三民,207.0,10,0,989X,2603,2026-03-23
元大基隆,203.5,50,0,989Y,2603,2026-03-23
元大基隆,204.5,10,100,989Y,2603,2026-03-23
元大基隆,205.5,0,5050,989Y,2603,2026-03-23
元大基隆,207.0,1000,0,989Y,2603,2026-03-23
元大小港,203.5,125,0,989Z,2603,2026-03-23
元大小港,204.5,1116,1000,989Z,2603,2026-03-23
元大小港,205.5,170,0,989Z,2603,2026-03-23
元大小港,206.5,56,0,989Z,2603,2026-03-23
元大小港,207.5,1050,0,989Z,2603,2026-03-23
元大站前,206.0,10,0,989W,2603,2026-03-23
永豐金,203.0,1000,0,9A00,2603,2026-03-23
元大鹿港,203.5,120,0,989S,2603,2026-03-23
元大汐止,206.0,3320,0,989Q,2603,2026-03-23
元大彰生,205.0,1000,4000,989J,2603,2026-03-23
元大彰生,206.0,1010,0,989J,2603,2026-03-23
元大彰生,207.5,0,100,989J,2603,2026-03-23
元大古亭,204.0,2000,10,989k,2603,2026-03-23
元大古亭,205.0,1100,500,989k,2603,2026-03-23
元大古亭,206.0,3050,0,989k,2603,2026-03-23
元大古亭,207.5,5,0,989k,2603,2026-03-23
元大成功,204.5,3131,100,989L,2603,2026-03-23
元大成功,205.5,31,0,989L,2603,2026-03-23
元大成功,206.5,1105,0,989L,2603,2026-03-23
元大成功,207.5,1005,0,989L,2603,2026-03-23
元大信義,203.5,0,2000,989m,2603,2026-03-23
元大信義,204.5,0,1000,989m,2603,2026-03-23
元大汐止,208.0,1050,0,989Q,2603,2026-03-23
元大信義,205.5,100,0,989m,2603,2026-03-23
元大內湖,204.0,3012,520000,989N,2603,2026-03-23
元大內湖,205.0,10274,1122000,989N,2603,2026-03-23
元大內湖,206.0,2000,365000,989N,2603,2026-03-23
元大內湖,207.0,7110,76000,989N,2603,2026-03-23
元大內湖,208.0,0,25000,989N,2603,2026-03-23
元大敦南,203.0,1000,0,989P,2603,2026-03-23
元大敦南,204.0,10,3000,989P,2603,2026-03-23
元大敦南,205.0,2192,0,989P,2603,2026-03-23
元大敦南,206.5,59,0,989P,2603,2026-03-23
元大敦南,207.5,20,1000,989P,2603,2026-03-23
元大汐止,203.0,1000,0,989Q,2603,2026-03-23
元大汐止,204.0,0,2000,989Q,2603,2026-03-23
元大汐止,205.0,250,0,989Q,2603,2026-03-23
元大內湖,203.0,0,440000,989N,2603,2026-03-23
元大彰生,204.0,1,1000,989J,2603,2026-03-23
永豐金,204.0,44931,38499,9A00,2603,2026-03-23
永豐金,206.0,16362,17608,9A00,2603,2026-03-23
永豐萬盛,206.0,200,0,9A92,2603,2026-03-23
永豐新竹,203.5,1000,6000,9A97,2603,2026-03-23
永豐新竹,204.5,5000,1000,9A97,2603,2026-03-23
永豐新竹,205.5,1,80,9A97,2603,2026-03-23
永豐新竹,206.5,11001,100,9A97,2603,2026-03-23
永豐新竹,208.0,14,0,9A97,2603,2026-03-23
永豐大園,204.0,1015,0,9A98,2603,2026-03-23
永豐大園,205.0,1000,1000,9A98,2603,2026-03-23
永豐大園,206.0,2000,0,9A98,2603,2026-03-23
永豐中壢,203.0,1000,0,9A99,2603,2026-03-23
永豐中壢,204.0,3031,2000,9A99,2603,2026-03-23
永豐中壢,205.0,8400,0,9A99,2603,2026-03-23
永豐中壢,206.0,2000,17000,9A99,2603,2026-03-23
永豐萬盛,205.0,50,0,9A92,2603,2026-03-23
永豐中壢,207.0,1150,0,9A99,2603,2026-03-23
永豐苓雅,203.0,2000,0,9A9a,2603,2026-03-23
永豐苓雅,204.0,4500,0,9A9a,2603,2026-03-23
永豐苓雅,205.0,2110,1000,9A9a,2603,2026-03-23
永豐苓雅,206.0,2100,0,9A9a,2603,2026-03-23
永豐苓雅,207.0,1000,500,9A9a,2603,2026-03-23
永豐羅東,203.0,3000,0,9A9A,2603,2026-03-23
永豐羅東,204.5,10,0,9A9A,2603,2026-03-23
永豐羅東,206.0,1000,0,9A9A,2603,2026-03-23
永豐虎尾,206.5,500,0,9A9b,2603,2026-03-23
永豐中和,204.0,0,1000,9A9B,2603,2026-03-23
永豐中和,205.0,1150,0,9A9B,2603,2026-03-23
永豐中和,206.5,50,0,9A9B,2603,2026-03-23
永豐中和,207.5,50,0,9A9B,2603,2026-03-23
永豐中壢,208.0,2000,0,9A99,2603,2026-03-23
永豐金,205.0,5487,18830,9A00,2603,2026-03-23
永豐萬盛,204.0,1012,0,9A92,2603,2026-03-23
永豐松山,206.5,1000,200,9A91,2603,2026-03-23
永豐金,207.0,8951,19099,9A00,2603,2026-03-23
永豐金,208.0,10050,15020,9A00,2603,2026-03-23
永豐鳳山,203.5,12,0,9A61,2603,2026-03-23
永豐鳳山,204.5,1362,0,9A61,2603,2026-03-23
永豐鳳山,205.5,2,0,9A61,2603,2026-03-23
永豐屏東,204.0,100,0,9A69,2603,2026-03-23
永豐屏東,205.5,15,0,9A69,2603,2026-03-23
永豐埔里,204.5,1025,3000,9A79,2603,2026-03-23
永豐埔里,205.5,25,1000,9A79,2603,2026-03-23
永豐埔里,206.5,0,20,9A79,2603,2026-03-23
永豐匯立,202.5,1000,0,9A81,2603,2026-03-23
永豐匯立,203.5,33000,0,9A81,2603,2026-03-23
永豐匯立,204.5,215000,918,9A81,2603,2026-03-23
永豐松山,208.0,3000,2000,9A91,2603,2026-03-23
永豐匯立,205.5,38000,0,9A81,2603,2026-03-23
永豐匯立,207.5,11000,0,9A81,2603,2026-03-23
永豐敦北,203.5,0,5000,9A89,2603,2026-03-23
永豐敦北,204.5,1000,0,9A89,2603,2026-03-23
永豐敦北,205.5,521,0,9A89,2603,2026-03-23
永豐敦北,206.5,0,1000,9A89,2603,2026-03-23
永豐敦南,203.5,1045,5000,9A8F,2603,2026-03-23
永豐敦南,204.5,2256,1080,9A8F,2603,2026-03-23
永豐敦南,205.5,325,0,9A8F,2603,2026-03-23
永豐敦南,206.5,2005,0,9A8F,2603,2026-03-23
永豐松山,202.5,1000,0,9A91,2603,2026-03-23
永豐松山,203.5,4,0,9A91,2603,2026-03-23
永豐松山,204.5,1100,3048,9A91,2603,2026-03-23
永豐松山,205.5,2000,0,9A91,2603,2026-03-23
永豐匯立,206.5,45000,0,9A81,2603,2026-03-23
元大樹林,208.0,1000,3000,989j,2603,2026-03-23
元大樹林,207.0,15050,0,989j,2603,2026-03-23
元大樹林,206.0,6104,0,989j,2603,2026-03-23
元大屏東,203.5,1000,0,9892,2603,2026-03-23
元大屏東,204.5,15,0,9892,2603,2026-03-23
元大屏東,205.5,40,500,9892,2603,2026-03-23
元大屏東,206.5,3020,0,9892,2603,2026-03-23
元大屏東,207.5,1000,0,9892,2603,2026-03-23
元大大天,203.0,0,2000,9893,2603,2026-03-23
元大大天,204.0,5120,25000,9893,2603,2026-03-23
元大大天,205.0,50,0,9893,2603,2026-03-23
元大大天,206.0,10500,0,9893,2603,2026-03-23
元大大天,207.0,20,0,9893,2603,2026-03-23
元大大天,208.5,6,0,9893,2603,2026-03-23
元大桃興,203.5,0,2000,9894,2603,2026-03-23
元大桃興,204.5,9100,0,9894,2603,2026-03-23
元大永和,208.5,11,15,9891,2603,2026-03-23
元大桃興,205.5,1000,147,9894,2603,2026-03-23
元大桃興,207.5,1300,0,9894,2603,2026-03-23
元大台南,204.0,1250,1000,9896,2603,2026-03-23
元大台南,206.0,1256,0,9896,2603,2026-03-23
元大台南,207.0,200,0,9896,2603,2026-03-23
元大土城,203.0,1000,0,9897,2603,2026-03-23
元大土城,204.0,1100,1000,9897,2603,2026-03-23
元大土城,205.0,0,1000,9897,2603,2026-03-23
元大土城,207.0,0,1000,9897,2603,2026-03-23
元大土城,208.5,0,100,9897,2603,2026-03-23
元大新莊,204.0,4149,8000,9898,2603,2026-03-23
元大新莊,205.0,15147,0,9898,2603,2026-03-23
元大新莊,206.0,2110,0,9898,2603,2026-03-23
元大新莊,207.5,10,150,9898,2603,2026-03-23
元大桃興,206.5,500,0,9894,2603,2026-03-23
元大淡水,204.0,100,1000,9899,2603,2026-03-23
元大永和,206.5,200,10,9891,2603,2026-03-23
元大永和,204.5,10,100,9891,2603,2026-03-23
元大板三,205.0,3510,0,9879,2603,2026-03-23
元大板三,206.0,1000,200,9879,2603,2026-03-23
元大板三,207.5,1000,0,9879,2603,2026-03-23
元大楊梅,203.5,1000,0,987A,2603,2026-03-23
元大楊梅,204.5,506,50,987A,2603,2026-03-23
元大楊梅,205.5,2226,0,987A,2603,2026-03-23
元大楊梅,206.5,50,0,987A,2603,2026-03-23
元大楊梅,207.5,6050,0,987A,2603,2026-03-23
元大斗信,203.5,3001,0,9884,2603,2026-03-23
元大斗信,204.5,300,0,9884,2603,2026-03-23
元大斗信,205.5,100,25,9884,2603,2026-03-23
元大斗信,206.5,1,30,9884,2603,2026-03-23
元大鑫永,203.5,40,0,9888,2603,2026-03-23
元大永和,205.5,1250,0,9891,2603,2026-03-23
元大鑫永,205.0,105,0,9888,2603,2026-03-23
元大員林,203.0,1000,0,9889,2603,2026-03-23
元大員林,204.5,50,0,9889,2603,2026-03-23
元大員林,206.0,1000,0,9889,2603,2026-03-23
元大員林,207.5,1000,0,9889,2603,2026-03-23
元大桃園,203.5,1200,0,988B,2603,2026-03-23
元大桃園,204.5,2250,0,988B,2603,2026-03-23
元大桃園,205.5,1000,0,988B,2603,2026-03-23
元大桃園,206.5,30,0,988B,2603,2026-03-23
元大桃園,207.5,1000,0,988B,2603,2026-03-23
元大三重,204.0,2000,0,988C,2603,2026-03-23
元大三重,205.0,24,0,988C,2603,2026-03-23
元大長庚,204.5,60,0,988V,2603,2026-03-23
元大長庚,206.0,300,0,988V,2603,2026-03-23
元大鑫永,206.5,5,1,9888,2603,2026-03-23
元大淡水,205.0,1010,0,9899,2603,2026-03-23
元大淡水,206.5,110,0,9899,2603,2026-03-23
元大苑裡,204.0,1005,0,989a,2603,2026-03-23
元大草屯,208.0,1000,0,989E,2603,2026-03-23
元大東港,203.0,0,1000,989f,2603,2026-03-23
元大東港,204.5,120,1000,989f,2603,2026-03-23
元大東港,205.5,500,0,989f,2603,2026-03-23
元大東港,206.5,100,0,989f,2603,2026-03-23
元大東港,208.0,1000,2000,989f,2603,2026-03-23
元大高雄,204.0,1312,2000,989F,2603,2026-03-23
元大高雄,205.0,3210,8000,989F,2603,2026-03-23
元大高雄,206.0,1176,1000,989F,2603,2026-03-23
元大高雄,207.0,0,2000,989F,2603,2026-03-23
元大高雄,208.0,2000,0,989F,2603,2026-03-23
元大嘉義,203.5,100,0,989g,2603,2026-03-23
元大嘉義,204.5,6550,4000,989g,2603,2026-03-23
元大草屯,207.0,1164,0,989E,2603,2026-03-23
元大嘉義,205.5,10,63,989g,2603,2026-03-23
元大嘉義,207.5,1000,0,989g,2603,2026-03-23
元大大同,203.0,1000,0,989G,2603,2026-03-23
元大大同,204.5,130,0,989G,2603,2026-03-23
元大大同,205.5,1055,0,989G,2603,2026-03-23
元大大同,207.0,25,1000,989G,2603,2026-03-23
元大蘆中,203.0,2000,0,989I,2603,2026-03-23
元大蘆中,204.5,51,0,989I,2603,2026-03-23
元大蘆中,205.5,1100,0,989I,2603,2026-03-23
元大蘆中,206.5,167,0,989I,2603,2026-03-23
元大蘆中,207.5,1000,0,989I,2603,2026-03-23
元大樹林,203.0,10000,0,989j,2603,2026-03-23
元大樹林,204.0,12130,0,989j,2603,2026-03-23
元大樹林,205.0,2071,200,989j,2603,2026-03-23
元大嘉義,206.5,55,0,989g,2603,2026-03-23
元大草屯,205.5,1034,0,989E,2603,2026-03-23
元大草屯,204.5,205,2000,989E,2603,2026-03-23
元大草屯,203.5,20,0,989E,2603,2026-03-23
元大苑裡,206.0,1100,0,989a,2603,2026-03-23
元大苑裡,207.5,5,0,989a,2603,2026-03-23
元大北投,203.5,30,0,989A,2603,2026-03-23
元大北投,204.5,4010,0,989A,2603,2026-03-23
元大北投,205.5,202,0,989A,2603,2026-03-23
元大北投,206.5,130,0,989A,2603,2026-03-23
元大北投,207.5,20,0,989A,2603,2026-03-23
元大中港,204.0,61,0,989B,2603,2026-03-23
元大中港,205.0,1000,2000,989B,2603,2026-03-23
元大中港,206.0,3110,100,989B,2603,2026-03-23
元大中港,207.0,1000,0,989B,2603,2026-03-23
元大中港,208.5,4,0,989B,2603,2026-03-23
元大板橋,204.0,150,17000,989C,2603,2026-03-23
元大板橋,205.0,50,5000,989C,2603,2026-03-23
元大板橋,206.0,540,0,989C,2603,2026-03-23
元大板橋,207.0,22100,0,989C,2603,2026-03-23
元大板橋,208.0,2090,0,989C,2603,2026-03-23
元大北屯,204.5,1461,7050,989d,2603,2026-03-23
元大北屯,206.0,50,50,989d,2603,2026-03-23
元大北屯,207.0,1100,0,989d,2603,2026-03-23
元大北屯,208.0,7000,0,989d,2603,2026-03-23
元大左營,204.0,1000,4000,989D,2603,2026-03-23
元大左營,205.0,3005,1100,989D,2603,2026-03-23
元大左營,206.5,10,0,989D,2603,2026-03-23
元大中和,203.5,1,0,989e,2603,2026-03-23
元大中和,204.5,200,100,989e,2603,2026-03-23
元大中和,205.5,34,0,989e,2603,2026-03-23
元大中和,206.5,3031,0,989e,2603,2026-03-23
元大中和,208.0,20,0,989e,2603,2026-03-23
永豐永康,203.5,130,5000,9A9c,2603,2026-03-23
永豐永康,204.5,0,24500,9A9c,2603,2026-03-23
永豐永康,206.0,1030,0,9A9c,2603,2026-03-23
永豐員林,204.0,203,2000,9A9C,2603,2026-03-23
元富大昌,203.0,1000,0,9B2D,2603,2026-03-23
元富大昌,204.0,1005,10,9B2D,2603,2026-03-23
元富大昌,205.0,2000,1010,9B2D,2603,2026-03-23
元富大昌,206.0,11,0,9B2D,2603,2026-03-23
元富大昌,207.0,2000,0,9B2D,2603,2026-03-23
元富大昌,208.0,1009,0,9B2D,2603,2026-03-23
元富城中,204.0,1020,0,9B2E,2603,2026-03-23
元富城中,205.0,1100,0,9B2E,2603,2026-03-23
元富城中,206.5,250,108,9B2E,2603,2026-03-23
元富城中,208.0,5000,0,9B2E,2603,2026-03-23
元富中原,203.5,4000,0,9B2g,2603,2026-03-23
元富中原,204.5,1000,14000,9B2g,2603,2026-03-23
元富中原,205.5,2000,0,9B2g,2603,2026-03-23
元富潮州,208.5,20,0,9B2C,2603,2026-03-23
元富中原,208.0,1000,0,9B2g,2603,2026-03-23
元富信義,203.5,1000,0,9B2H,2603,2026-03-23
元富信義,204.5,0,150,9B2H,2603,2026-03-23
元富信義,205.5,300,0,9B2H,2603,2026-03-23
元富信義,207.5,1000,0,9B2H,2603,2026-03-23
元富中港,203.0,5000,0,9B2i,2603,2026-03-23
元富中港,204.5,4000,0,9B2i,2603,2026-03-23
元富中港,207.0,200,0,9B2i,2603,2026-03-23
元富嘉義,204.0,0,1000,9B2I,2603,2026-03-23
元富嘉義,205.0,2010,0,9B2I,2603,2026-03-23
元富嘉義,208.0,1000,0,9B2I,2603,2026-03-23
元富大裕,204.0,3000,0,9B2l,2603,2026-03-23
元富大裕,205.0,25,0,9B2l,2603,2026-03-23
元富大裕,206.0,2000,0,9B2l,2603,2026-03-23
元富新竹,205.5,3000,0,9B2G,2603,2026-03-23
元富大裕,207.5,1000,0,9B2l,2603,2026-03-23
元富潮州,207.5,1000,0,9B2C,2603,2026-03-23
元富潮州,205.0,105,1000,9B2C,2603,2026-03-23
元富林園,206.0,1000,0,9B27,2603,2026-03-23
元富林園,207.0,1000,0,9B27,2603,2026-03-23
元富新莊,203.5,80,0,9B28,2603,2026-03-23
元富新莊,204.5,30,3,9B28,2603,2026-03-23
元富新莊,205.5,6050,0,9B28,2603,2026-03-23
元富新莊,206.5,5350,0,9B28,2603,2026-03-23
元富新莊,208.0,2000,1000,9B28,2603,2026-03-23
元富台南,206.5,6,0,9B29,2603,2026-03-23
元富松德,202.5,1000,0,9B2a,2603,2026-03-23
元富松德,204.5,1000,0,9B2a,2603,2026-03-23
元富松德,205.5,1000,0,9B2a,2603,2026-03-23
元富松德,206.5,1000,0,9B2a,2603,2026-03-23
元富松德,208.0,100,0,9B2a,2603,2026-03-23
元富潮州,206.5,2000,0,9B2C,2603,2026-03-23
元富緯城,204.5,4,1049,9B2A,2603,2026-03-23
元富緯城,206.5,200,0,9B2A,2603,2026-03-23
元富緯城,207.5,10000,0,9B2A,2603,2026-03-23
元富板橋,203.0,2000,0,9B2b,2603,2026-03-23
元富板橋,204.0,100,5000,9B2b,2603,2026-03-23
元富板橋,205.0,5116,5000,9B2b,2603,2026-03-23
元富板橋,206.5,100,0,9B2b,2603,2026-03-23
元富板橋,208.5,0,1000,9B2b,2603,2026-03-23
元富永和,205.5,0,2000,9B2B,2603,2026-03-23
元富永和,208.5,23,0,9B2B,2603,2026-03-23
元富烏日,205.0,3000,10000,9B2c,2603,2026-03-23
元富烏日,206.0,1000,0,9B2c,2603,2026-03-23
元富烏日,207.0,11200,0,9B2c,2603,2026-03-23
元富潮州,204.0,6260,0,9B2C,2603,2026-03-23
元富緯城,205.5,1200,0,9B2A,2603,2026-03-23
元富成功,203.0,1000,0,9B2m,2603,2026-03-23
元富成功,204.5,6100,0,9B2m,2603,2026-03-23
元富成功,205.5,1060,0,9B2m,2603,2026-03-23
元富宜蘭,207.5,1000,0,9B2U,2603,2026-03-23
元富桃園,204.5,1000,0,9B2v,2603,2026-03-23
元富桃園,205.5,100,0,9B2v,2603,2026-03-23
元富佳里,204.0,1000,0,9B2w,2603,2026-03-23
元富佳里,205.0,10000,0,9B2w,2603,2026-03-23
元富佳里,206.0,1000,0,9B2w,2603,2026-03-23
元富佳里,207.5,70,0,9B2w,2603,2026-03-23
元富吉利,204.5,200,0,9B2W,2603,2026-03-23
元富吉利,207.0,34,0,9B2W,2603,2026-03-23
元富草屯,206.0,204,0,9B2X,2603,2026-03-23
元富花蓮,203.5,2000,0,9B2y,2603,2026-03-23
元富花蓮,204.5,10,1000,9B2y,2603,2026-03-23
元富花蓮,205.5,2004,0,9B2y,2603,2026-03-23
元富宜蘭,206.5,1003,0,9B2U,2603,2026-03-23
元富花蓮,207.0,2000,20,9B2y,2603,2026-03-23
元富埔里,205.0,100,0,9B2Y,2603,2026-03-23
元富埔里,206.0,1100,0,9B2Y,2603,2026-03-23
元富埔里,207.5,0,1000,9B2Y,2603,2026-03-23
元富文心,203.5,100,0,9B2z,2603,2026-03-23
元富文心,205.0,1005,0,9B2z,2603,2026-03-23
元富文心,206.0,6,0,9B2z,2603,2026-03-23
元富文心,207.0,5,0,9B2z,2603,2026-03-23
元富文心,208.0,5,0,9B2z,2603,2026-03-23
元富安南,203.0,1000,0,9B2Z,2603,2026-03-23
元富安南,204.0,1000,5000,9B2Z,2603,2026-03-23
元富安南,205.0,1100,0,9B2Z,2603,2026-03-23
元富安南,206.5,5100,0,9B2Z,2603,2026-03-23
元富安南,207.5,4000,0,9B2Z,2603,2026-03-23
元富埔里,204.0,10,0,9B2Y,2603,2026-03-23
元富宜蘭,205.5,1000,0,9B2U,2603,2026-03-23
元富宜蘭,204.5,2000,0,9B2U,2603,2026-03-23
元富宜蘭,203.0,1000,0,9B2U,2603,2026-03-23
元富成功,206.5,50,0,9B2m,2603,2026-03-23
元富彰化,205.0,1100,0,9B2M,2603,2026-03-23
元富彰化,206.5,100,0,9B2M,2603,2026-03-23
元富西松,202.5,2000,0,9B2n,2603,2026-03-23
元富西松,205.0,2000,1000,9B2n,2603,2026-03-23
元富虎尾,204.0,1000,1000,9B2N,2603,2026-03-23
元富虎尾,205.5,1000,0,9B2N,2603,2026-03-23
元富虎尾,208.0,16,0,9B2N,2603,2026-03-23
元富新興,204.0,1000,0,9B2o,2603,2026-03-23
元富新興,205.0,300,0,9B2o,2603,2026-03-23
元富新興,206.0,150,0,9B2o,2603,2026-03-23
元富新興,208.5,400,0,9B2o,2603,2026-03-23
元富同大,204.0,8000,0,9B2P,2603,2026-03-23
元富同大,205.0,4057,1100,9B2P,2603,2026-03-23
元富同大,206.5,60,0,9B2P,2603,2026-03-23
元富同大,208.5,3,0,9B2P,2603,2026-03-23
元富屏東,205.0,50,0,9B2q,2603,2026-03-23
元富屏東,206.0,1000,0,9B2q,2603,2026-03-23
元富屏東,208.0,200,0,9B2q,2603,2026-03-23
元富敦南,206.0,3,3000,9B2Q,2603,2026-03-23
元富城東,203.5,99,0,9B2r,2603,2026-03-23
元富城東,204.5,5,0,9B2r,2603,2026-03-23
元富城東,205.5,0,2,9B2r,2603,2026-03-23
元富城東,207.0,2000,0,9B2r,2603,2026-03-23
元富城東,208.0,7,0,9B2r,2603,2026-03-23
元富基隆,204.0,1000,0,9B2S,2603,2026-03-23
元富基隆,205.5,100,0,9B2S,2603,2026-03-23
元富基隆,208.0,1000,0,9B2S,2603,2026-03-23
元富世貿,204.0,2000,0,9B2u,2603,2026-03-23
元富林園,204.0,2000,0,9B27,2603,2026-03-23
元大金華,208.5,10,0,9878,2603,2026-03-23
元富林園,203.0,3000,0,9B27,2603,2026-03-23
元富台中,205.5,650,0,9B25,2603,2026-03-23
永豐嘉義,203.5,60,0,9A9j,2603,2026-03-23
永豐嘉義,205.0,13001,0,9A9j,2603,2026-03-23
永豐嘉義,206.0,150,0,9A9j,2603,2026-03-23
永豐板新,203.0,7000,0,9A9J,2603,2026-03-23
永豐板新,204.0,1051,6000,9A9J,2603,2026-03-23
永豐板新,205.0,1218,0,9A9J,2603,2026-03-23
永豐板新,206.0,45,112,9A9J,2603,2026-03-23
永豐板新,207.0,5000,0,9A9J,2603,2026-03-23
永豐板新,208.0,2500,0,9A9J,2603,2026-03-23
永豐三重,203.5,1004,0,9A9K,2603,2026-03-23
永豐三重,204.5,127,0,9A9K,2603,2026-03-23
永豐三重,205.5,4,0,9A9K,2603,2026-03-23
永豐三重,206.5,1,0,9A9K,2603,2026-03-23
永豐新店,205.0,100,0,9A9i,2603,2026-03-23
永豐台中,203.0,2000,0,9A9L,2603,2026-03-23
永豐台中,205.5,310,0,9A9L,2603,2026-03-23
永豐台中,206.5,20,0,9A9L,2603,2026-03-23
永豐台中,207.5,24000,0,9A9L,2603,2026-03-23
永豐南投,204.0,40,0,9A9M,2603,2026-03-23
永豐南投,205.0,7,50,9A9M,2603,2026-03-23
永豐南投,207.0,10,0,9A9M,2603,2026-03-23
永豐桃盛,203.0,2000,0,9A9N,2603,2026-03-23
永豐桃盛,204.5,100,0,9A9N,2603,2026-03-23
永豐桃盛,205.5,170,0,9A9N,2603,2026-03-23
永豐桃盛,206.5,100,2000,9A9N,2603,2026-03-23
永豐桃盛,208.5,1,0,9A9N,2603,2026-03-23
永豐竹北,203.5,100,0,9A9P,2603,2026-03-23
永豐竹北,204.5,400,20000,9A9P,2603,2026-03-23
永豐台中,204.5,2075,1000,9A9L,2603,2026-03-23
永豐竹北,206.0,5000,0,9A9P,2603,2026-03-23
永豐新店,203.5,2000,0,9A9i,2603,2026-03-23
永豐新莊,203.5,1000,0,9A9H,2603,2026-03-23
永豐員林,205.0,111,0,9A9C,2603,2026-03-23
永豐員林,206.0,2,0,9A9C,2603,2026-03-23
永豐員林,207.0,1000,0,9A9C,2603,2026-03-23
永豐古亭,205.0,4140,0,9A9d,2603,2026-03-23
永豐古亭,206.0,1000,0,9A9d,2603,2026-03-23
永豐古亭,207.5,1000,0,9A9d,2603,2026-03-23
永豐忠孝,204.5,100,60,9A9D,2603,2026-03-23
永豐忠孝,205.5,20,80,9A9D,2603,2026-03-23
永豐忠孝,207.5,0,1000,9A9D,2603,2026-03-23
永豐高雄,203.0,0,1000,9A9e,2603,2026-03-23
永豐高雄,204.0,150,0,9A9e,2603,2026-03-23
永豐高雄,205.0,2440,7,9A9e,2603,2026-03-23
永豐高雄,206.5,240,0,9A9e,2603,2026-03-23
永豐新莊,206.0,5051,0,9A9H,2603,2026-03-23
永豐高雄,207.5,0,200,9A9e,2603,2026-03-23
永豐內湖,204.0,2000,0,9A9g,2603,2026-03-23
永豐內湖,205.0,30,0,9A9g,2603,2026-03-23
永豐內湖,206.0,1010,0,9A9g,2603,2026-03-23
永豐內湖,207.0,2,0,9A9g,2603,2026-03-23
永豐天母,203.0,1000,0,9A9G,2603,2026-03-23
永豐天母,204.5,10101,30,9A9G,2603,2026-03-23
永豐天母,206.0,100,0,9A9G,2603,2026-03-23
永豐天母,207.5,110,0,9A9G,2603,2026-03-23
永豐台南,203.5,11000,0,9A9h,2603,2026-03-23
永豐台南,204.5,2165,2000,9A9h,2603,2026-03-23
永豐台南,205.5,1310,1000,9A9h,2603,2026-03-23
永豐台南,206.5,1000,1070,9A9h,2603,2026-03-23
永豐台南,207.5,150,0,9A9h,2603,2026-03-23
永豐高雄,208.5,210,0,9A9e,2603,2026-03-23
永豐潮州,204.0,0,500,9A9q,2603,2026-03-23
永豐潮州,206.0,0,1000,9A9q,2603,2026-03-23
永豐豐原,204.0,0,100,9A9Q,2603,2026-03-23
永豐桃園,207.5,100,50,9A9x,2603,2026-03-23
永豐桃園,208.5,360,0,9A9x,2603,2026-03-23
永豐竹科,203.5,0,2047,9A9X,2603,2026-03-23
永豐竹科,204.5,10,1000,9A9X,2603,2026-03-23
永豐竹科,205.5,7010,0,9A9X,2603,2026-03-23
永豐竹科,206.5,10000,0,9A9X,2603,2026-03-23
永豐竹科,207.5,17000,0,9A9X,2603,2026-03-23
永豐板盛,203.0,3000,0,9A9Y,2603,2026-03-23
永豐板盛,204.5,14000,0,9A9Y,2603,2026-03-23
永豐板盛,206.0,1100,0,9A9Y,2603,2026-03-23
永豐板盛,207.0,10000,0,9A9Y,2603,2026-03-23
永豐板盛,208.5,101,0,9A9Y,2603,2026-03-23
永豐復興,204.0,1025,0,9A9Z,2603,2026-03-23
永豐桃園,206.5,1105,0,9A9x,2603,2026-03-23
永豐復興,205.0,2000,0,9A9Z,2603,2026-03-23
元富證券,205.5,1100,1000,9B00,2603,2026-03-23
元富證券,207.5,0,1000,9B00,2603,2026-03-23
元富高雄,205.0,4005,20,9B21,2603,2026-03-23
元富高雄,207.0,5,0,9B21,2603,2026-03-23
元富新店,204.0,3000,0,9B22,2603,2026-03-23
元富新店,205.0,3050,0,9B22,2603,2026-03-23
元富新店,206.0,1,0,9B22,2603,2026-03-23
元富新店,208.0,50,0,9B22,2603,2026-03-23
元富三重,204.0,10,3000,9B23,2603,2026-03-23
元富三重,205.0,2000,1000,9B23,2603,2026-03-23
元富三重,207.0,1025,0,9B23,2603,2026-03-23
元富台中,203.0,1000,0,9B25,2603,2026-03-23
元富台中,204.5,101,40,9B25,2603,2026-03-23
元富證券,204.0,100,0,9B00,2603,2026-03-23
永豐桃園,205.5,185,27,9A9x,2603,2026-03-23
永豐桃園,204.5,1059,0,9A9x,2603,2026-03-23
永豐桃園,203.5,2000,0,9A9x,2603,2026-03-23
永豐豐原,205.0,1070,25,9A9Q,2603,2026-03-23
永豐豐原,206.0,150,0,9A9Q,2603,2026-03-23
永豐豐原,207.0,154,0,9A9Q,2603,2026-03-23
永豐豐原,208.0,100,0,9A9Q,2603,2026-03-23
永豐北高,204.0,1152,0,9A9r,2603,2026-03-23
永豐北高,206.0,100,0,9A9r,2603,2026-03-23
永豐北高,207.0,1100,0,9A9r,2603,2026-03-23
永豐信義,204.0,0,11000,9A9R,2603,2026-03-23
永豐信義,205.0,1000,0,9A9R,2603,2026-03-23
永豐信義,207.0,1000,0,9A9R,2603,2026-03-23
永豐信義,208.0,7000,0,9A9R,2603,2026-03-23
永豐彰化,203.0,0,20000,9A9s,2603,2026-03-23
永豐彰化,204.0,0,66000,9A9s,2603,2026-03-23
永豐彰化,205.0,106,20000,9A9s,2603,2026-03-23
永豐彰化,206.5,1006,0,9A9s,2603,2026-03-23
永豐彰化,207.5,7,0,9A9s,2603,2026-03-23
永豐南京,203.5,2000,0,9A9S,2603,2026-03-23
永豐南京,204.5,35,0,9A9S,2603,2026-03-23
永豐南京,206.0,1,0,9A9S,2603,2026-03-23
永豐中正,204.0,7077,1000,9A9U,2603,2026-03-23
永豐中正,205.0,3072,215000,9A9U,2603,2026-03-23
永豐中正,206.0,2067,1356,9A9U,2603,2026-03-23
永豐中正,207.0,5030,0,9A9U,2603,2026-03-23
永豐中正,208.0,2000,0,9A9U,2603,2026-03-23
永豐市政,204.0,5060,0,9A9W,2603,2026-03-23
永豐市政,205.0,575,1100,9A9W,2603,2026-03-23
永豐市政,206.0,3242,0,9A9W,2603,2026-03-23
永豐市政,207.0,2036,1000,9A9W,2603,2026-03-23
永豐市政,208.0,10,0,9A9W,2603,2026-03-23
元富台中,206.5,0,500,9B25,2603,2026-03-23
富邦板橋,205.0,6566,0,9655,2603,2026-03-23
元大金華,207.0,10,0,9878,2603,2026-03-23
元大金華,205.0,35,0,9878,2603,2026-03-23
元大大灣,204.0,1000,0,9815,2603,2026-03-23
元大大灣,205.0,2020,0,9815,2603,2026-03-23
元大大灣,206.0,6000,0,9815,2603,2026-03-23
元大大灣,208.0,1000,0,9815,2603,2026-03-23
元大新竹,203.0,1000,0,9816,2603,2026-03-23
元大新竹,204.5,6000,10,9816,2603,2026-03-23
元大新竹,205.5,100,220,9816,2603,2026-03-23
元大新竹,207.0,1000,0,9816,2603,2026-03-23
元大東泰,204.0,34,1000,9817,2603,2026-03-23
元大東泰,205.0,1111,0,9817,2603,2026-03-23
元大東泰,206.0,2,0,9817,2603,2026-03-23
元大東泰,207.0,4022,0,9817,2603,2026-03-23
元大歸仁,204.0,2000,0,981a,2603,2026-03-23
元大大益,208.0,22,0,9814,2603,2026-03-23
元大歸仁,205.5,100,0,981a,2603,2026-03-23
元大歸仁,207.5,150,0,981a,2603,2026-03-23
元大歸仁,208.5,200,0,981a,2603,2026-03-23
元大三峽,205.0,55,0,981A,2603,2026-03-23
元大三峽,207.5,1000,1000,981A,2603,2026-03-23
元大竹北,204.0,65,0,981B,2603,2026-03-23
元大竹北,205.5,0,1000,981B,2603,2026-03-23
元大路竹,203.0,0,1000,981C,2603,2026-03-23
元大路竹,204.5,100,0,981C,2603,2026-03-23
元大路竹,206.0,50,0,981C,2603,2026-03-23
元大路竹,208.5,30,0,981C,2603,2026-03-23
元大南投,204.0,1500,0,981D,2603,2026-03-23
元大南投,205.0,1146,1016,981D,2603,2026-03-23
元大南投,206.0,1000,0,981D,2603,2026-03-23
元大歸仁,206.5,300,0,981a,2603,2026-03-23
元大南投,207.0,1000,10,981D,2603,2026-03-23
元大大益,205.5,11,0,9814,2603,2026-03-23
元大大益,203.5,1000,0,9814,2603,2026-03-23
元大竹科,205.0,1001,2013,980K,2603,2026-03-23
元大竹科,206.0,0,1000,980K,2603,2026-03-23
元大竹科,207.5,2000,0,980K,2603,2026-03-23
元大虎尾,203.5,2000,0,980l,2603,2026-03-23
元大虎尾,205.0,2025,1130,980l,2603,2026-03-23
元大虎尾,206.0,2825,0,980l,2603,2026-03-23
元大虎尾,207.0,100,0,980l,2603,2026-03-23
元大虎尾,208.5,0,96,980l,2603,2026-03-23
元大南崁,203.5,1000,0,980Q,2603,2026-03-23
元大南崁,205.0,1004,5000,980Q,2603,2026-03-23
元大南崁,206.0,1000,5040,980Q,2603,2026-03-23
元大南海,204.0,1000,0,980R,2603,2026-03-23
元大南海,205.0,1000,0,980R,2603,2026-03-23
元大大益,204.5,0,1000,9814,2603,2026-03-23
元大府城,203.0,1000,0,980u,2603,2026-03-23
元大府城,205.5,150,1000,980u,2603,2026-03-23
元大府城,206.5,1040,100,980u,2603,2026-03-23
元大西屯,204.0,100,1000,980w,2603,2026-03-23
元大西屯,205.0,1080,50,980w,2603,2026-03-23
元大西屯,206.0,65,0,980w,2603,2026-03-23
元大西屯,207.0,60,0,980w,2603,2026-03-23
元大西屯,208.0,1000,0,980w,2603,2026-03-23
元大台中,204.0,1100,100000,9812,2603,2026-03-23
元大台中,205.5,200,0,9812,2603,2026-03-23
元大台中,207.0,1100,50,9812,2603,2026-03-23
元大八德,203.0,1000,0,9813,2603,2026-03-23
元大八德,205.0,5200,0,9813,2603,2026-03-23
元大八德,206.5,1000,0,9813,2603,2026-03-23
元大府城,204.0,1005,0,980u,2603,2026-03-23
元大竹科,204.0,4021,0,980K,2603,2026-03-23
元大佳里,203.0,2000,0,981e,2603,2026-03-23
元大佳里,205.5,135,0,981e,2603,2026-03-23
元大士林,204.0,2400,2000,981j,2603,2026-03-23
元大士林,205.0,1000,0,981j,2603,2026-03-23
元大士林,206.0,2300,0,981j,2603,2026-03-23
元大士林,207.0,1000,0,981j,2603,2026-03-23
元大士林,208.0,600,0,981j,2603,2026-03-23
元大林園,205.0,170,0,981K,2603,2026-03-23
元大林園,206.5,100,0,981K,2603,2026-03-23
元大莒光,203.0,34000,0,981L,2603,2026-03-23
元大莒光,204.0,51005,158000,981L,2603,2026-03-23
元大莒光,205.0,70020,1080,981L,2603,2026-03-23
元大莒光,206.0,22000,0,981L,2603,2026-03-23
元大莒光,207.0,20006,0,981L,2603,2026-03-23
元大莒光,208.0,1000,0,981L,2603,2026-03-23
元大士林,203.0,1000,0,981j,2603,2026-03-23
元大前金,204.5,5111,101,981m,2603,2026-03-23
元大前金,206.5,0,3,981m,2603,2026-03-23
元大前金,207.5,1100,0,981m,2603,2026-03-23
元大苗栗,204.0,5,0,981M,2603,2026-03-23
元大苗栗,205.0,1100,1000,981M,2603,2026-03-23
元大苗栗,207.0,3000,0,981M,2603,2026-03-23
元大旗山,203.5,55,0,981n,2603,2026-03-23
元大旗山,204.5,2100,0,981n,2603,2026-03-23
元大旗山,205.5,5000,0,981n,2603,2026-03-23
元大旗山,206.5,1023,0,981n,2603,2026-03-23
元大金門,203.5,2000,0,981N,2603,2026-03-23
元大金門,204.5,1000,3000,981N,2603,2026-03-23
元大金門,205.5,60,100,981N,2603,2026-03-23
元大金門,206.5,0,50,981N,2603,2026-03-23
元大前金,205.5,101,0,981m,2603,2026-03-23
元大佳里,204.5,100,0,981e,2603,2026-03-23
元大天母,207.0,5000,0,981I,2603,2026-03-23
元大天母,205.0,5011,0,981I,2603,2026-03-23
元大佳里,207.5,100,0,981e,2603,2026-03-23
元大發財,204.0,1800,0,981E,2603,2026-03-23
元大發財,205.0,3307,95,981E,2603,2026-03-23
元大福營,203.5,15,0,981F,2603,2026-03-23
元大福營,204.5,165,1000,981F,2603,2026-03-23
元大福營,205.5,220,0,981F,2603,2026-03-23
元大福營,207.0,25,15000,981F,2603,2026-03-23
元大大里,203.0,2000,0,981g,2603,2026-03-23
元大大里,204.0,1098,1000,981g,2603,2026-03-23
元大大里,205.0,4347,6000,981g,2603,2026-03-23
元大大里,206.0,3306,2300,981g,2603,2026-03-23
元大大里,207.0,1511,2100,981g,2603,2026-03-23
元大大里,208.0,11,0,981g,2603,2026-03-23
元大天母,206.0,6020,0,981I,2603,2026-03-23
元大彰化,204.5,10,0,981G,2603,2026-03-23
元大彰化,208.0,10,4000,981G,2603,2026-03-23
元大屏生,203.5,10,0,981h,2603,2026-03-23
元大屏生,204.5,1201,5000,981h,2603,2026-03-23
元大屏生,205.5,100,0,981h,2603,2026-03-23
元大屏生,206.5,50,0,981h,2603,2026-03-23
元大屏生,207.5,50,0,981h,2603,2026-03-23
元大西螺,202.5,1000,0,981i,2603,2026-03-23
元大西螺,203.5,10,0,981i,2603,2026-03-23
元大西螺,205.0,130,0,981i,2603,2026-03-23
元大西螺,206.0,0,2000,981i,2603,2026-03-23
元大西螺,207.0,10,2000,981i,2603,2026-03-23
元大天母,203.0,1000,0,981I,2603,2026-03-23
元大天母,204.0,1101,2000,981I,2603,2026-03-23
元大彰化,206.0,2200,1000,981G,2603,2026-03-23
元大竹科,203.0,0,2000,980K,2603,2026-03-23
元大台北,207.5,2000,0,980h,2603,2026-03-23
元大台北,205.5,419,0,980h,2603,2026-03-23
富邦新店,208.0,1000,0,9661,2603,2026-03-23
富邦敦南,203.0,4000,1000,9663,2603,2026-03-23
富邦敦南,204.0,1,5000,9663,2603,2026-03-23
富邦敦南,205.0,4105,0,9663,2603,2026-03-23
富邦敦南,206.0,1101,0,9663,2603,2026-03-23
富邦敦南,207.5,1000,100,9663,2603,2026-03-23
富邦桃園,203.0,1000,0,9665,2603,2026-03-23
富邦桃園,204.0,3326,2000,9665,2603,2026-03-23
富邦桃園,205.0,7428,3000,9665,2603,2026-03-23
富邦桃園,206.0,3000,10,9665,2603,2026-03-23
富邦桃園,207.0,235,0,9665,2603,2026-03-23
富邦桃園,208.5,250,0,9665,2603,2026-03-23
富邦南屯,204.0,0,2000,9666,2603,2026-03-23
富邦新店,207.0,1102,0,9661,2603,2026-03-23
富邦南屯,205.0,1250,4000,9666,2603,2026-03-23
富邦南屯,207.5,1000,2006,9666,2603,2026-03-23
富邦台南,203.5,25,0,9667,2603,2026-03-23
富邦台南,204.5,67,0,9667,2603,2026-03-23
富邦台南,205.5,1200,0,9667,2603,2026-03-23
富邦台南,206.5,270,310,9667,2603,2026-03-23
富邦台南,207.5,155,0,9667,2603,2026-03-23
富邦台南,208.5,103,0,9667,2603,2026-03-23
富邦左營,204.0,2486,100,966F,2603,2026-03-23
富邦左營,205.0,295,0,966F,2603,2026-03-23
富邦左營,206.0,121,3,966F,2603,2026-03-23
富邦員林,204.0,1000,0,9672,2603,2026-03-23
富邦員林,205.0,22,600,9672,2603,2026-03-23
富邦員林,206.0,2000,1000,9672,2603,2026-03-23
富邦南屯,206.5,1000,2000,9666,2603,2026-03-23
富邦員林,207.0,1,0,9672,2603,2026-03-23
富邦新店,206.0,3218,0,9661,2603,2026-03-23
富邦新店,204.0,1063,0,9661,2603,2026-03-23
富邦板橋,207.0,3120,0,9655,2603,2026-03-23
富邦板橋,208.0,5000,0,9655,2603,2026-03-23
富邦苗栗,203.0,1000,0,9657,2603,2026-03-23
富邦苗栗,204.0,6080,2500,9657,2603,2026-03-23
富邦苗栗,205.0,3020,35000,9657,2603,2026-03-23
富邦苗栗,206.0,46,0,9657,2603,2026-03-23
富邦苗栗,207.0,6,0,9657,2603,2026-03-23
富邦苗栗,208.0,1000,0,9657,2603,2026-03-23
富邦建國,203.5,93,0,9658,2603,2026-03-23
富邦建國,204.5,1222,4400,9658,2603,2026-03-23
富邦建國,205.5,1000,100,9658,2603,2026-03-23
富邦建國,206.5,9000,0,9658,2603,2026-03-23
富邦建國,207.5,1650,21000,9658,2603,2026-03-23
富邦新店,205.0,5892,419,9661,2603,2026-03-23
富邦高雄,203.5,12,0,9659,2603,2026-03-23
富邦高雄,205.5,1206,13000,9659,2603,2026-03-23
富邦高雄,206.5,22,0,9659,2603,2026-03-23
富邦高雄,207.5,1010,1100,9659,2603,2026-03-23
富邦台中,203.5,10,0,965K,2603,2026-03-23
富邦台中,204.5,5055,0,965K,2603,2026-03-23
富邦台中,206.0,2120,80,965K,2603,2026-03-23
富邦台中,207.0,1000,0,965K,2603,2026-03-23
富邦台中,208.0,150,0,965K,2603,2026-03-23
富邦彰化,204.0,2012,2000,965U,2603,2026-03-23
富邦彰化,205.0,1078,0,965U,2603,2026-03-23
富邦彰化,206.0,2,0,965U,2603,2026-03-23
富邦彰化,207.0,2010,0,965U,2603,2026-03-23
富邦新店,203.0,2000,7000,9661,2603,2026-03-23
富邦高雄,204.5,763,24200,9659,2603,2026-03-23
富邦員林,208.5,1,0,9672,2603,2026-03-23
富邦仁愛,203.0,2000,0,9676,2603,2026-03-23
富邦仁愛,204.0,24160,100,9676,2603,2026-03-23
元大,206.0,125674,89085,9800,2603,2026-03-23
元大,207.0,27050,91558,9800,2603,2026-03-23
元大,208.0,1000,29477,9800,2603,2026-03-23
元大松江,203.0,1000,0,9801,2603,2026-03-23
元大松江,204.0,200,0,9801,2603,2026-03-23
元大松江,205.0,1003,0,9801,2603,2026-03-23
元大松江,206.0,1200,0,9801,2603,2026-03-23
元大松江,207.0,1000,0,9801,2603,2026-03-23
元大中北,203.5,25,0,980a,2603,2026-03-23
元大中北,204.5,100,1160,980a,2603,2026-03-23
元大中北,205.5,0,1000,980a,2603,2026-03-23
元大中北,206.5,1010,0,980a,2603,2026-03-23
元大斗六,203.5,50,0,980C,2603,2026-03-23
元大,205.0,222143,71395,9800,2603,2026-03-23
元大斗六,204.5,10,1000,980C,2603,2026-03-23
元大沙鹿,204.5,400,0,980d,2603,2026-03-23
元大沙鹿,205.5,2150,0,980d,2603,2026-03-23
元大沙鹿,207.0,250,0,980d,2603,2026-03-23
元大北府,203.0,5000,0,980D,2603,2026-03-23
元大北府,204.5,3,0,980D,2603,2026-03-23
元大北府,205.5,2005,0,980D,2603,2026-03-23
元大北府,206.5,0,70,980D,2603,2026-03-23
元大北府,207.5,3000,0,980D,2603,2026-03-23
元大清水,204.5,20,0,980e,2603,2026-03-23
元大清水,205.5,100,100,980e,2603,2026-03-23
元大清水,206.5,100,0,980e,2603,2026-03-23
元大清水,208.5,200,0,980e,2603,2026-03-23
元大台北,204.5,2,2058,980h,2603,2026-03-23
元大斗六,205.5,2000,0,980C,2603,2026-03-23
元大,204.0,149990,331718,9800,2603,2026-03-23
元大,203.0,26000,38000,9800,2603,2026-03-23
富邦北港,207.5,0,1000,969C,2603,2026-03-23
富邦仁愛,205.0,6205,0,9676,2603,2026-03-23
富邦仁愛,206.0,14063,15,9676,2603,2026-03-23
富邦仁愛,207.0,2003,0,9676,2603,2026-03-23
富邦仁愛,208.0,3001,1000,9676,2603,2026-03-23
富邦三重,203.5,200,0,9677,2603,2026-03-23
富邦三重,204.5,3100,319,9677,2603,2026-03-23
富邦三重,205.5,103,0,9677,2603,2026-03-23
富邦三重,206.5,2010,0,9677,2603,2026-03-23
富邦三重,208.0,1000,1000,9677,2603,2026-03-23
富邦宜蘭,203.0,1000,0,9686,2603,2026-03-23
富邦宜蘭,204.0,1000,1000,9686,2603,2026-03-23
富邦宜蘭,205.0,1106,2000,9686,2603,2026-03-23
富邦宜蘭,206.0,2300,0,9686,2603,2026-03-23
富邦宜蘭,207.0,6112,0,9686,2603,2026-03-23
富邦嘉義,203.0,1000,0,9692,2603,2026-03-23
富邦嘉義,204.0,1003,200,9692,2603,2026-03-23
富邦嘉義,205.0,2011,500,9692,2603,2026-03-23
富邦嘉義,206.0,2030,0,9692,2603,2026-03-23
富邦嘉義,207.0,5029,0,9692,2603,2026-03-23
富邦嘉義,208.0,2010,0,9692,2603,2026-03-23
富邦新營,205.5,1003,0,9693,2603,2026-03-23
富邦新營,208.5,10,0,9693,2603,2026-03-23
富邦虎尾,204.0,3000,0,9697,2603,2026-03-23
富邦虎尾,205.0,2000,3000,9697,2603,2026-03-23
富邦虎尾,206.5,306,0,9697,2603,2026-03-23
富邦虎尾,207.5,50,0,9697,2603,2026-03-23
富邦虎尾,208.5,500,0,9697,2603,2026-03-23
富邦北港,204.5,1000,2000,969C,2603,2026-03-23
富邦北港,206.0,0,2000,969C,2603,2026-03-23
元大金門,208.0,1000,0,981N,2603,2026-03-23
元大松山,204.0,50,0,981p,2603,2026-03-23
元大松山,205.0,1050,0,981p,2603,2026-03-23
元大松山,206.0,1150,2000,981p,2603,2026-03-23
元大景美,207.5,0,10000,984H,2603,2026-03-23
元大館前,203.5,0,500,984K,2603,2026-03-23
元大館前,204.5,53,1000,984K,2603,2026-03-23
元大館前,205.5,20,0,984K,2603,2026-03-23
元大館前,206.5,0,1000,984K,2603,2026-03-23
元大館前,208.5,20,1000,984K,2603,2026-03-23
元大永春,203.5,75,0,9852,2603,2026-03-23
元大永春,204.5,177,1000,9852,2603,2026-03-23
元大永春,205.5,35,10000,9852,2603,2026-03-23
元大永春,206.5,1096,0,9852,2603,2026-03-23
元大永春,207.5,0,8000,9852,2603,2026-03-23
元大南屯,202.5,1000,0,9853,2603,2026-03-23
元大南屯,204.5,6,0,9853,2603,2026-03-23
元大景美,206.5,1000,0,984H,2603,2026-03-23
元大南屯,205.5,65,1000,9853,2603,2026-03-23
元大興安,203.5,2000,0,9854,2603,2026-03-23
元大興安,204.5,3120,0,9854,2603,2026-03-23
元大興安,205.5,1100,0,9854,2603,2026-03-23
元大興安,206.5,0,1000,9854,2603,2026-03-23
元大興安,207.5,5010,1000,9854,2603,2026-03-23
元大花蓮,203.0,1000,0,9856,2603,2026-03-23
元大花蓮,204.0,160,4000,9856,2603,2026-03-23
元大花蓮,205.0,5100,3000,9856,2603,2026-03-23
元大花蓮,206.0,50,3000,9856,2603,2026-03-23
元大花蓮,207.0,200,0,9856,2603,2026-03-23
元大花蓮,208.0,1000,20,9856,2603,2026-03-23
元大蘆洲,204.0,5144,0,9857,2603,2026-03-23
元大蘆洲,205.0,1191,0,9857,2603,2026-03-23
元大南屯,206.5,11,0,9853,2603,2026-03-23
元大蘆洲,206.0,3009,0,9857,2603,2026-03-23
元大景美,205.0,2045,0,984H,2603,2026-03-23
元大南勢,207.5,11000,0,984E,2603,2026-03-23
元大大安,206.5,155,0,983N,2603,2026-03-23
元大大安,208.0,2000,0,983N,2603,2026-03-23
元大頭份,204.5,2,0,983U,2603,2026-03-23
元大頭份,207.0,2000,1700,983U,2603,2026-03-23
元大竹南,204.0,3100,0,983V,2603,2026-03-23
元大竹南,205.0,1000,0,983V,2603,2026-03-23
元大竹南,206.0,2000,0,983V,2603,2026-03-23
元大竹南,208.0,1000,0,983V,2603,2026-03-23
元大德芳,203.5,2150,0,983W,2603,2026-03-23
元大德芳,204.5,2001,0,983W,2603,2026-03-23
元大德芳,205.5,1000,0,983W,2603,2026-03-23
元大德芳,206.5,1000,2109,983W,2603,2026-03-23
元大德芳,207.5,0,150,983W,2603,2026-03-23
元大景美,204.0,1150,0,984H,2603,2026-03-23
元大鳳山,203.0,1000,0,983Z,2603,2026-03-23
元大鳳山,205.0,100,0,983Z,2603,2026-03-23
元大鳳山,206.0,73,0,983Z,2603,2026-03-23
元大鳳山,207.0,50,4,983Z,2603,2026-03-23
元大鳳山,208.0,2000,0,983Z,2603,2026-03-23
元大新中,203.0,1000,0,984C,2603,2026-03-23
元大新中,204.0,6001,0,984C,2603,2026-03-23
元大新中,205.0,3030,2000,984C,2603,2026-03-23
元大新中,206.0,1000,1000,984C,2603,2026-03-23
元大新中,207.0,50,0,984C,2603,2026-03-23
元大新中,208.0,2000,0,984C,2603,2026-03-23
元大南勢,204.0,1020,0,984E,2603,2026-03-23
元大南勢,205.0,4000,1000,984E,2603,2026-03-23
元大南勢,206.5,1000,0,984E,2603,2026-03-23
元大鳳山,204.0,2009,1000,983Z,2603,2026-03-23
元大蘆洲,207.0,2100,0,9857,2603,2026-03-23
元大蘆洲,208.0,4080,1000,9857,2603,2026-03-23
元大龍潭,203.0,5000,2000,9858,2603,2026-03-23
元大文心,206.0,1158,0,9868,2603,2026-03-23
元大新盛,204.0,1000,2000,9869,2603,2026-03-23
元大新盛,205.0,2100,200,9869,2603,2026-03-23
元大新盛,206.0,3000,0,9869,2603,2026-03-23
元大新盛,207.0,1000,0,9869,2603,2026-03-23
元大新盛,208.0,1000,0,9869,2603,2026-03-23
元大基孝,205.0,1600,0,986K,2603,2026-03-23
元大基孝,206.5,1000,0,986K,2603,2026-03-23
元大基孝,208.5,600,0,986K,2603,2026-03-23
元大忠孝,204.0,1031,0,9871,2603,2026-03-23
元大忠孝,205.0,1020,1050,9871,2603,2026-03-23
元大忠孝,206.0,4120,0,9871,2603,2026-03-23
元大忠孝,207.0,0,1000,9871,2603,2026-03-23
元大文心,205.0,130,100,9868,2603,2026-03-23
元大復北,203.0,1000,0,9872,2603,2026-03-23
元大復北,205.5,30,0,9872,2603,2026-03-23
元大復北,206.5,2060,40,9872,2603,2026-03-23
元大復北,207.5,6000,0,9872,2603,2026-03-23
元大雙和,203.0,0,1000,9874,2603,2026-03-23
元大雙和,204.0,2301,0,9874,2603,2026-03-23
元大雙和,205.0,9251,0,9874,2603,2026-03-23
元大雙和,206.0,1001,3000,9874,2603,2026-03-23
元大雙和,207.0,2121,0,9874,2603,2026-03-23
元大永寧,204.0,1110,0,9875,2603,2026-03-23
元大永寧,205.0,3100,0,9875,2603,2026-03-23
元大永寧,206.0,1011,0,9875,2603,2026-03-23
元大永寧,207.0,1105,600,9875,2603,2026-03-23
元大金華,204.0,20,0,9878,2603,2026-03-23
元大復北,204.5,4013,1000,9872,2603,2026-03-23
元大文心,204.0,50,2350,9868,2603,2026-03-23
元大民權,207.5,1000,0,9867,2603,2026-03-23
元大民權,206.5,55,2000,9867,2603,2026-03-23
元大龍潭,204.0,5000,2015,9858,2603,2026-03-23
元大龍潭,205.0,12028,0,9858,2603,2026-03-23
元大龍潭,206.0,22000,0,9858,2603,2026-03-23
元大龍潭,207.0,4002,20,9858,2603,2026-03-23
元大龍潭,208.0,12000,0,9858,2603,2026-03-23
元大經國,204.0,4000,27000,9859,2603,2026-03-23
元大經國,205.0,1025,0,9859,2603,2026-03-23
元大經國,206.0,1010,100,9859,2603,2026-03-23
元大經國,207.0,3000,0,9859,2603,2026-03-23
元大鳳中,203.0,3000,0,985C,2603,2026-03-23
元大鳳中,204.5,101,0,985C,2603,2026-03-23
元大鳳中,205.5,1200,0,985C,2603,2026-03-23
元大鳳中,206.5,0,4,985C,2603,2026-03-23
元大鳳中,208.0,1100,0,985C,2603,2026-03-23
元大岡山,207.5,0,1000,985F,2603,2026-03-23
元大南京,203.0,1000,3000,9862,2603,2026-03-23
元大南京,204.0,3000,5000,9862,2603,2026-03-23
元大南京,205.0,5055,3300,9862,2603,2026-03-23
元大南京,206.0,2001,2000,9862,2603,2026-03-23
元大南京,207.0,2000,0,9862,2603,2026-03-23
元大南京,208.0,3000,0,9862,2603,2026-03-23
元大和平,203.5,1011,0,9863,2603,2026-03-23
元大和平,204.5,220,0,9863,2603,2026-03-23
元大和平,205.5,1021,20,9863,2603,2026-03-23
元大和平,206.5,1021,0,9863,2603,2026-03-23
元大和平,207.5,2000,0,9863,2603,2026-03-23
元大民權,203.5,1000,45000,9867,2603,2026-03-23
元大民權,204.5,2000,2500,9867,2603,2026-03-23
元大民權,205.5,1003,0,9867,2603,2026-03-23
元大大安,205.0,3000,0,983N,2603,2026-03-23
元大金華,206.0,10,0,9878,2603,2026-03-23
元大大安,204.0,2000,0,983N,2603,2026-03-23
元大木柵,207.0,1000,0,983M,2603,2026-03-23
元大善化,207.0,110,0,981y,2603,2026-03-23
元大善化,208.0,1000,0,981y,2603,2026-03-23
元大大統,204.0,170,0,981z,2603,2026-03-23
元大大統,205.0,2170,300,981z,2603,2026-03-23
元大大統,206.0,50,20000,981z,2603,2026-03-23
元大大統,207.0,30,0,981z,2603,2026-03-23
元大潮州,203.0,1000,0,981Z,2603,2026-03-23
元大潮州,204.0,0,1000,981Z,2603,2026-03-23
元大潮州,205.0,1000,1000,981Z,2603,2026-03-23
元大潮州,206.0,200,0,981Z,2603,2026-03-23
元大潮州,208.0,1000,0,981Z,2603,2026-03-23
元大學府,203.5,0,1000,9822,2603,2026-03-23
元大學府,205.0,1300,0,9822,2603,2026-03-23
元大善化,206.0,3100,0,981y,2603,2026-03-23
元大學府,206.0,10,0,9822,2603,2026-03-23
元大向上,204.5,1000,0,9824,2603,2026-03-23
元大向上,206.0,2000,0,9824,2603,2026-03-23
元大向上,208.0,8,0,9824,2603,2026-03-23
元大新營,204.0,8005,5184,9825,2603,2026-03-23
元大新營,205.0,0,50,9825,2603,2026-03-23
元大新營,207.5,3000,0,9825,2603,2026-03-23
元大永康,203.0,2000,0,9829,2603,2026-03-23
元大永康,204.5,1,0,9829,2603,2026-03-23
元大永康,205.5,1,0,9829,2603,2026-03-23
元大永康,207.0,5000,0,9829,2603,2026-03-23
元大羅東,204.0,70,2000,982A,2603,2026-03-23
元大羅東,205.0,2000,0,982A,2603,2026-03-23
元大羅東,206.5,2000,1000,982A,2603,2026-03-23
元大學府,207.5,3000,0,9822,2603,2026-03-23
元大博愛,203.5,1399,250,982B,2603,2026-03-23
元大善化,205.0,1075,1100,981y,2603,2026-03-23
元大新生,206.0,14,0,981X,2603,2026-03-23
元大松山,207.0,97,0,981p,2603,2026-03-23
元大松山,208.0,0,1000,981p,2603,2026-03-23
元大萬華,203.5,1000,0,981q,2603,2026-03-23
元大萬華,204.5,100,10100,981q,2603,2026-03-23
元大萬華,205.5,10,0,981q,2603,2026-03-23
元大萬華,206.5,1000,2000,981q,2603,2026-03-23
元大太平,203.5,4000,0,981Q,2603,2026-03-23
元大太平,204.5,2035,110,981Q,2603,2026-03-23
元大太平,205.5,0,5000,981Q,2603,2026-03-23
元大太平,206.5,200,0,981Q,2603,2026-03-23
元大屏南,202.5,1000,0,981r,2603,2026-03-23
元大屏南,205.5,50,0,981r,2603,2026-03-23
元大屏南,206.5,100,0,981r,2603,2026-03-23
元大善化,204.0,2150,100,981y,2603,2026-03-23
元大竹山,203.0,1000,1000,981R,2603,2026-03-23
元大竹山,206.0,50,0,981R,2603,2026-03-23
元大崇德,203.5,0,1000,981S,2603,2026-03-23
元大崇德,204.5,10,400,981S,2603,2026-03-23
元大崇德,205.5,7,40,981S,2603,2026-03-23
元大崇德,207.0,1000,0,981S,2603,2026-03-23
元大崇德,208.5,206,0,981S,2603,2026-03-23
元大華山,204.0,100,0,981U,2603,2026-03-23
元大華山,206.0,2000,0,981U,2603,2026-03-23
元大華山,207.0,1000,0,981U,2603,2026-03-23
元大民雄,204.0,1002,0,981V,2603,2026-03-23
元大民雄,205.5,14,0,981V,2603,2026-03-23
元大新生,203.5,1100,0,981X,2603,2026-03-23
元大新生,204.5,2000,1000,981X,2603,2026-03-23
元大竹山,205.0,4010,0,981R,2603,2026-03-23
元大博愛,204.5,10250,275,982B,2603,2026-03-23
元大博愛,205.5,117,540,982B,2603,2026-03-23
元大博愛,206.5,150,0,982B,2603,2026-03-23
元大豐原,208.0,1000,0,9838,2603,2026-03-23
元大林森,204.5,2,0,983B,2603,2026-03-23
元大林森,205.5,2,0,983B,2603,2026-03-23
元大林森,207.0,2,0,983B,2603,2026-03-23
元大林森,208.5,6,0,983B,2603,2026-03-23
元大竹東,204.0,2040,1000,983f,2603,2026-03-23
元大竹東,205.0,35,0,983f,2603,2026-03-23
元大竹東,206.0,10,0,983f,2603,2026-03-23
元大竹東,207.0,10,0,983f,2603,2026-03-23
元大上新,202.5,2000,0,983G,2603,2026-03-23
元大上新,204.5,250,0,983G,2603,2026-03-23
元大上新,205.5,0,400,983G,2603,2026-03-23
元大上新,206.5,117,0,983G,2603,2026-03-23
元大豐原,206.5,0,500,9838,2603,2026-03-23
元大大雅,204.5,1000,0,983i,2603,2026-03-23
元大大雅,206.5,1000,0,983i,2603,2026-03-23
元大大雅,207.5,3000,0,983i,2603,2026-03-23
元大仁愛,204.0,0,1000,983j,2603,2026-03-23
元大仁愛,205.5,0,1000,983j,2603,2026-03-23
元大仁愛,206.5,1300,0,983j,2603,2026-03-23
元大學甲,203.5,50,0,983K,2603,2026-03-23
元大學甲,204.5,50,0,983K,2603,2026-03-23
元大學甲,206.0,100,0,983K,2603,2026-03-23
元大學甲,207.0,1150,0,983K,2603,2026-03-23
元大木柵,203.0,1000,0,983M,2603,2026-03-23
元大木柵,204.0,2050,2000,983M,2603,2026-03-23
元大木柵,205.0,2000,2000,983M,2603,2026-03-23
元大木柵,206.0,3000,0,983M,2603,2026-03-23
元大大雅,205.5,400,1100,983i,2603,2026-03-23
元大豐原,205.5,0,79,9838,2603,2026-03-23
元大豐原,204.5,250,0,9838,2603,2026-03-23
元大北港,208.0,1000,0,9837,2603,2026-03-23
元大博愛,208.0,2000,1000,982B,2603,2026-03-23
元大六合,203.5,10010,0,982C,2603,2026-03-23
元大六合,204.5,70,10,982C,2603,2026-03-23
元大六合,205.5,3660,1000,982C,2603,2026-03-23
元大六合,206.5,1100,10,982C,2603,2026-03-23
元大六合,208.5,220,0,982C,2603,2026-03-23
元大忠鼎,204.5,10,0,982F,2603,2026-03-23
元大四維,203.5,50,0,9831,2603,2026-03-23
元大四維,204.5,13100,0,9831,2603,2026-03-23
元大四維,205.5,5,0,9831,2603,2026-03-23
元大四維,207.0,2005,0,9831,2603,2026-03-23
元大四維,208.0,1200,0,9831,2603,2026-03-23
元大敦化,202.5,3000,0,9833,2603,2026-03-23
元大敦化,205.0,6305,10,9833,2603,2026-03-23
元大敦化,206.0,55,0,9833,2603,2026-03-23
元大敦化,207.5,1000,0,9833,2603,2026-03-23
元大中壢,203.5,2340,2000,9834,2603,2026-03-23
元大中壢,204.5,3260,5150,9834,2603,2026-03-23
元大中壢,205.5,3316,2150,9834,2603,2026-03-23
元大中壢,206.5,910,30,9834,2603,2026-03-23
元大中壢,207.5,5029,0,9834,2603,2026-03-23
元大中壢,208.5,200,30,9834,2603,2026-03-23
元大中山,204.5,50,0,9835,2603,2026-03-23
元大中山,205.5,1,0,9835,2603,2026-03-23
元大中山,206.5,0,50,9835,2603,2026-03-23
元大中山,207.5,0,1000,9835,2603,2026-03-23
元大北港,204.5,61,0,9837,2603,2026-03-23
元大北港,205.5,200,0,9837,2603,2026-03-23
元大北港,206.5,70,300,9837,2603,2026-03-23
元大木柵,208.0,2000,0,983M,2603,2026-03-23
國票天祥,203.0,1000,0,779V,2603,2026-03-23
國泰台中,205.5,3554,6130,8882,2603,2026-03-23
元大板橋,204.5,1390,5000,989C,2603,2026-03-23
元大大雅,206.0,3550,15020,983i,2603,2026-03-23
元大大雅,207.0,1228,0,983i,2603,2026-03-23
元大大雅,208.0,1300,0,983i,2603,2026-03-23
元大仁愛,204.5,400,0,983j,2603,2026-03-23
元大仁愛,206.0,1100,1000,983j,2603,2026-03-23
元大仁愛,208.0,0,1000,983j,2603,2026-03-23
元大學甲,204.0,3000,0,983K,2603,2026-03-23
元大學甲,205.0,2000,0,983K,2603,2026-03-23
元大學甲,206.5,1100,0,983K,2603,2026-03-23
元大學甲,207.5,2000,0,983K,2603,2026-03-23
元大木柵,203.5,1000,0,983M,2603,2026-03-23
元大大雅,205.0,335,2100,983i,2603,2026-03-23
元大木柵,204.5,1000,0,983M,2603,2026-03-23
元大木柵,206.5,2000,0,983M,2603,2026-03-23
元大木柵,207.5,1000,0,983M,2603,2026-03-23
元大大安,203.0,1000,0,983N,2603,2026-03-23
元大大安,204.5,150,1000,983N,2603,2026-03-23
元大大安,206.0,1000,0,983N,2603,2026-03-23
元大大安,207.0,1000,0,983N,2603,2026-03-23
元大頭份,204.0,1000,0,983U,2603,2026-03-23
元大頭份,206.0,2000,0,983U,2603,2026-03-23
元大竹南,203.5,2000,0,983V,2603,2026-03-23
元大竹南,204.5,1150,200,983V,2603,2026-03-23
元大竹南,205.5,4000,200,983V,2603,2026-03-23
元大木柵,205.5,0,1212,983M,2603,2026-03-23
元大大雅,204.0,5010,0,983i,2603,2026-03-23
元大上新,206.0,100,0,983G,2603,2026-03-23
元大上新,205.0,100,1000,983G,2603,2026-03-23
元大中壢,206.0,5160,5000,9834,2603,2026-03-23
元大中壢,207.0,3082,100,9834,2603,2026-03-23
元大中壢,208.0,10,0,9834,2603,2026-03-23
元大中山,204.0,10,1250,9835,2603,2026-03-23
元大中山,205.0,3211,0,9835,2603,2026-03-23
元大中山,206.0,7,0,9835,2603,2026-03-23
元大中山,207.0,101,0,9835,2603,2026-03-23
元大北港,204.0,0,1000,9837,2603,2026-03-23
元大北港,205.0,56,0,9837,2603,2026-03-23
元大北港,206.0,110,0,9837,2603,2026-03-23
元大北港,207.0,0,100,9837,2603,2026-03-23
元大豐原,204.0,100,0,9838,2603,2026-03-23
元大豐原,205.0,2010,0,9838,2603,2026-03-23
元大豐原,206.0,16,1000,9838,2603,2026-03-23
元大豐原,207.0,70,0,9838,2603,2026-03-23
元大林森,204.0,5,0,983B,2603,2026-03-23
元大林森,205.0,15,1000,983B,2603,2026-03-23
元大林森,206.0,2,0,983B,2603,2026-03-23
元大林森,208.0,2,0,983B,2603,2026-03-23
元大竹東,203.5,20,0,983f,2603,2026-03-23
元大竹東,204.5,1020,1000,983f,2603,2026-03-23
元大竹東,205.5,20,0,983f,2603,2026-03-23
元大竹東,206.5,1010,0,983f,2603,2026-03-23
元大竹東,207.5,11,0,983f,2603,2026-03-23
元大上新,204.0,1000,0,983G,2603,2026-03-23
元大竹南,206.5,1001,0,983V,2603,2026-03-23
元大中壢,205.0,11813,18531,9834,2603,2026-03-23
元大德芳,203.0,2000,0,983W,2603,2026-03-23
元大德芳,205.0,3062,0,983W,2603,2026-03-23
元大永春,205.0,1000,0,9852,2603,2026-03-23
元大永春,206.0,682,0,9852,2603,2026-03-23
元大永春,207.0,1062,0,9852,2603,2026-03-23
元大永春,208.0,25,0,9852,2603,2026-03-23
元大南屯,204.0,1100,3100,9853,2603,2026-03-23
元大南屯,205.0,1023,2560,9853,2603,2026-03-23
元大南屯,206.0,110,0,9853,2603,2026-03-23
元大南屯,207.0,50,0,9853,2603,2026-03-23
元大興安,204.0,13100,4000,9854,2603,2026-03-23
元大興安,205.0,1050,10000,9854,2603,2026-03-23
元大興安,206.0,10,65,9854,2603,2026-03-23
元大永春,204.0,9030,25,9852,2603,2026-03-23
元大興安,207.0,1100,0,9854,2603,2026-03-23
元大花蓮,203.5,2010,0,9856,2603,2026-03-23
元大花蓮,204.5,9209,1000,9856,2603,2026-03-23
元大花蓮,205.5,1100,0,9856,2603,2026-03-23
元大花蓮,206.5,7,0,9856,2603,2026-03-23
元大花蓮,207.5,2100,0,9856,2603,2026-03-23
元大蘆洲,203.0,2000,0,9857,2603,2026-03-23
元大蘆洲,204.5,2000,0,9857,2603,2026-03-23
元大蘆洲,205.5,2020,0,9857,2603,2026-03-23
元大蘆洲,206.5,2242,1000,9857,2603,2026-03-23
第一路竹,204.0,2600,0,538P,2603,2026-03-23
第一豐原,207.5,44,0,538N,2603,2026-03-23
元大興安,208.0,1320,0,9854,2603,2026-03-23
元大永春,203.0,1000,0,9852,2603,2026-03-23
元大館前,208.0,11000,0,984K,2603,2026-03-23
元大館前,206.0,2103,0,984K,2603,2026-03-23
元大德芳,206.0,4000,0,983W,2603,2026-03-23
元大德芳,207.0,1000,15000,983W,2603,2026-03-23
元大德芳,208.0,4000,0,983W,2603,2026-03-23
元大鳳山,203.5,1050,0,983Z,2603,2026-03-23
元大鳳山,204.5,4113,0,983Z,2603,2026-03-23
元大鳳山,205.5,20,1000,983Z,2603,2026-03-23
元大鳳山,206.5,1000,0,983Z,2603,2026-03-23
元大鳳山,207.5,20,0,983Z,2603,2026-03-23
元大大直,204.0,20,0,9846,2603,2026-03-23
元大新中,203.5,2300,4000,984C,2603,2026-03-23
元大新中,204.5,2003,0,984C,2603,2026-03-23
元大新中,205.5,4000,0,984C,2603,2026-03-23
元大新中,206.5,1050,10,984C,2603,2026-03-23
元大新中,207.5,1000,0,984C,2603,2026-03-23
元大南勢,203.0,1000,0,984E,2603,2026-03-23
元大南勢,204.5,1000,0,984E,2603,2026-03-23
元大南勢,205.5,100,0,984E,2603,2026-03-23
元大南勢,207.0,2000,0,984E,2603,2026-03-23
元大景美,203.0,2000,0,984H,2603,2026-03-23
元大景美,204.5,50,50,984H,2603,2026-03-23
元大景美,205.5,0,8000,984H,2603,2026-03-23
元大景美,207.0,1000,0,984H,2603,2026-03-23
元大景美,208.5,120,0,984H,2603,2026-03-23
元大館前,204.0,3000,0,984K,2603,2026-03-23
元大館前,205.0,5004,2213,984K,2603,2026-03-23
元大德芳,204.0,1065,0,983W,2603,2026-03-23
元大中壢,204.0,5192,0,9834,2603,2026-03-23
元大敦化,208.0,3000,0,9833,2603,2026-03-23
元大敦化,206.5,0,30,9833,2603,2026-03-23
第一中壢,206.5,398,0,538Y,2603,2026-03-23
第一中壢,205.5,15,0,538Y,2603,2026-03-23
第一中壢,204.5,1015,1000,538Y,2603,2026-03-23
第一華江,208.0,5020,0,538W,2603,2026-03-23
第一華江,206.5,20000,0,538W,2603,2026-03-23
第一華江,205.5,2000,200,538W,2603,2026-03-23
第一華江,204.5,2310,100,538W,2603,2026-03-23
第一華江,203.5,1104,0,538W,2603,2026-03-23
第一路竹,208.5,10,0,538P,2603,2026-03-23
第一路竹,206.0,5105,0,538P,2603,2026-03-23
第一路竹,205.0,255,0,538P,2603,2026-03-23
第一中壢,207.5,1000,0,538Y,2603,2026-03-23
元大太平,205.0,2015,0,981Q,2603,2026-03-23
元大太平,208.5,50,0,981Q,2603,2026-03-23
元大屏南,204.5,50,1000,981r,2603,2026-03-23
元大屏南,206.0,50,0,981r,2603,2026-03-23
元大屏南,208.0,1000,0,981r,2603,2026-03-23
元大竹山,204.0,2000,0,981R,2603,2026-03-23
元大竹山,205.5,1000,0,981R,2603,2026-03-23
元大崇德,203.0,2000,0,981S,2603,2026-03-23
元大崇德,204.0,4,100,981S,2603,2026-03-23
元大崇德,205.0,100,0,981S,2603,2026-03-23
元大崇德,206.5,1006,0,981S,2603,2026-03-23
元大崇德,208.0,0,3000,981S,2603,2026-03-23
元大太平,206.0,0,1000,981Q,2603,2026-03-23
寶盛,206.5,0,1000,5460,2603,2026-03-23
永興,204.0,100,0,5600,2603,2026-03-23
永興水湳,204.5,100,0,5602,2603,2026-03-23
統一城中,204.0,1000,0,5854,2603,2026-03-23
統一城中,203.0,1000,0,5854,2603,2026-03-23
統一中壢,206.0,1030,0,5853,2603,2026-03-23
統一中壢,204.5,1210,0,5853,2603,2026-03-23
統一中壢,203.5,10,0,5853,2603,2026-03-23
統一敦南,206.5,102,0,5852,2603,2026-03-23
統一敦南,205.5,3000,100,5852,2603,2026-03-23
統一敦南,204.0,2000,100,5852,2603,2026-03-23
統一高雄,207.5,2000,0,5851,2603,2026-03-23
統一高雄,206.5,1000,0,5851,2603,2026-03-23
統一高雄,205.5,2000,0,5851,2603,2026-03-23
統一高雄,204.5,50000,0,5851,2603,2026-03-23
統一,208.5,7,0,5850,2603,2026-03-23
統一,207.0,4000,2000,5850,2603,2026-03-23
統一,206.0,7011,2000,5850,2603,2026-03-23
統一,205.0,12119,15026,5850,2603,2026-03-23
統一,204.0,11000,12000,5850,2603,2026-03-23
統一,203.0,1000,0,5850,2603,2026-03-23
日進,204.5,2100,0,5660,2603,2026-03-23
日進,203.5,1000,0,5660,2603,2026-03-23
永興大墩,206.0,2000,0,5604,2603,2026-03-23
永興大墩,204.5,1000,0,5604,2603,2026-03-23
永興大墩,203.5,0,1000,5604,2603,2026-03-23
永興台中,207.5,300,0,5603,2603,2026-03-23
永興台中,204.5,1000,0,5603,2603,2026-03-23
元大華山,203.0,1000,0,981U,2603,2026-03-23
元大華山,204.5,1007,2000,981U,2603,2026-03-23
元大華山,206.5,100,0,981U,2603,2026-03-23
元大民雄,203.0,2000,0,981V,2603,2026-03-23
元大永康,203.5,10,0,9829,2603,2026-03-23
元大永康,205.0,2100,1000,9829,2603,2026-03-23
元大永康,206.5,1001,0,9829,2603,2026-03-23
元大羅東,203.5,50,0,982A,2603,2026-03-23
元大羅東,204.5,1100,0,982A,2603,2026-03-23
元大羅東,206.0,1000,0,982A,2603,2026-03-23
元大羅東,208.0,1000,0,982A,2603,2026-03-23
元大博愛,204.0,6000,11000,982B,2603,2026-03-23
元大博愛,205.0,3412,2960,982B,2603,2026-03-23
元大博愛,206.0,1000,0,982B,2603,2026-03-23
元大博愛,207.0,50,0,982B,2603,2026-03-23
元大六合,203.0,2000,0,982C,2603,2026-03-23
元大六合,204.0,0,10000,982C,2603,2026-03-23
元大六合,205.0,1110,0,982C,2603,2026-03-23
元大六合,206.0,100,0,982C,2603,2026-03-23
元大六合,207.0,10,0,982C,2603,2026-03-23
元大忠鼎,204.0,1000,0,982F,2603,2026-03-23
元大忠鼎,205.0,1000,0,982F,2603,2026-03-23
元大四維,204.0,1350,0,9831,2603,2026-03-23
元大四維,205.0,7600,50,9831,2603,2026-03-23
元大四維,206.0,120,0,9831,2603,2026-03-23
元大四維,207.5,1000,0,9831,2603,2026-03-23
元大四維,208.5,200,0,9831,2603,2026-03-23
元大敦化,204.0,3100,6,9833,2603,2026-03-23
元大敦化,205.5,200,0,9833,2603,2026-03-23
元大新營,208.5,100,0,9825,2603,2026-03-23
第一豐原,206.5,220,1640,538N,2603,2026-03-23
元大新營,206.0,210,0,9825,2603,2026-03-23
元大新營,203.5,1000,5000,9825,2603,2026-03-23
元大民雄,205.0,600,0,981V,2603,2026-03-23
元大新生,203.0,1000,0,981X,2603,2026-03-23
元大新生,204.0,1114,0,981X,2603,2026-03-23
元大新生,205.0,1000,0,981X,2603,2026-03-23
元大新生,206.5,200,0,981X,2603,2026-03-23
元大善化,204.5,1100,3000,981y,2603,2026-03-23
元大善化,205.5,100,0,981y,2603,2026-03-23
元大善化,206.5,1690,0,981y,2603,2026-03-23
元大善化,207.5,1100,10,981y,2603,2026-03-23
元大大統,203.5,1080,0,981z,2603,2026-03-23
元大大統,204.5,1170,0,981z,2603,2026-03-23
元大大統,205.5,6210,0,981z,2603,2026-03-23
元大大統,206.5,80,0,981z,2603,2026-03-23
元大潮州,202.5,1000,0,981Z,2603,2026-03-23
元大潮州,203.5,3000,0,981Z,2603,2026-03-23
元大潮州,204.5,1000,2000,981Z,2603,2026-03-23
元大潮州,205.5,0,1000,981Z,2603,2026-03-23
元大潮州,206.5,20,0,981Z,2603,2026-03-23
元大學府,203.0,1000,0,9822,2603,2026-03-23
元大學府,204.0,1000,1000,9822,2603,2026-03-23
元大學府,205.5,3,0,9822,2603,2026-03-23
元大學府,207.0,3000,0,9822,2603,2026-03-23
元大向上,204.0,2000,1000,9824,2603,2026-03-23
元大向上,205.5,80,0,9824,2603,2026-03-23
元大向上,206.5,200,0,9824,2603,2026-03-23
元大新營,204.5,2005,1000,9825,2603,2026-03-23
第一豐原,205.5,188,0,538N,2603,2026-03-23
第一豐原,204.5,60,2000,538N,2603,2026-03-23
第一豐原,203.5,30,0,538N,2603,2026-03-23
花旗環球,205.0,4000,0,1590,2603,2026-03-23
花旗環球,204.0,2000,0,1590,2603,2026-03-23
港商野村,205.0,12000,0,1560,2603,2026-03-23
美商高盛,207.5,1000,164000,1480,2603,2026-03-23
美商高盛,206.5,0,103000,1480,2603,2026-03-23
美商高盛,205.5,2000,221000,1480,2603,2026-03-23
美商高盛,204.5,32000,248000,1480,2603,2026-03-23
美商高盛,203.5,0,74000,1480,2603,2026-03-23
台灣摩根,208.0,1000,37000,1470,2603,2026-03-23
台灣摩根,207.0,10000,181000,1470,2603,2026-03-23
台灣摩根,206.0,25000,199000,1470,2603,2026-03-23
花旗環球,207.5,0,10000,1590,2603,2026-03-23
台灣摩根,205.0,80000,248000,1470,2603,2026-03-23
台灣摩根,203.0,4000,79000,1470,2603,2026-03-23
美林,208.0,65000,11000,1440,2603,2026-03-23
美林,207.0,39000,5000,1440,2603,2026-03-23
美林,206.0,102000,18000,1440,2603,2026-03-23
美林,205.0,64000,115000,1440,2603,2026-03-23
美林,204.0,164000,305000,1440,2603,2026-03-23
美林,203.0,26000,1000,1440,2603,2026-03-23
宏遠新化,206.0,971,0,126X,2603,2026-03-23
宏遠新化,204.5,201,0,126X,2603,2026-03-23
宏遠館前,206.5,10000,0,126U,2603,2026-03-23
宏遠館前,205.0,110,0,126U,2603,2026-03-23
台灣摩根,204.0,104000,206000,1470,2603,2026-03-23
瑞銀,203.0,0,126000,1650,2603,2026-03-23
瑞銀,204.0,25000,253000,1650,2603,2026-03-23
瑞銀,205.0,6000,190000,1650,2603,2026-03-23
美好蘆洲,206.5,1000,0,5261,2603,2026-03-23
美好蘆洲,205.5,1050,50,5261,2603,2026-03-23
美好蘆洲,204.5,2005,40,5261,2603,2026-03-23
美好蘆洲,203.5,1000,0,5261,2603,2026-03-23
美好,207.5,1000,0,5260,2603,2026-03-23
美好,204.0,2000,0,5260,2603,2026-03-23
大展,208.0,3000,0,5050,2603,2026-03-23
大展,207.0,9000,0,5050,2603,2026-03-23
大展,205.5,1000,0,5050,2603,2026-03-23
大展,204.5,0,20000,5050,2603,2026-03-23
亞東台中,207.0,7,0,2187,2603,2026-03-23
亞東台中,206.0,6,1000,2187,2603,2026-03-23
亞東台中,204.5,7,1100,2187,2603,2026-03-23
亞東台中,203.5,0,2000,2187,2603,2026-03-23
亞東高雄,206.0,10,0,2186,2603,2026-03-23
亞東台南,207.0,0,2000,2185,2603,2026-03-23
亞東新竹,205.0,10028,0,2184,2603,2026-03-23
亞東板橋,204.0,3000,0,2181,2603,2026-03-23
亞東板橋,203.0,1000,0,2181,2603,2026-03-23
亞東,206.5,50,0,2180,2603,2026-03-23
亞東,204.5,5126,0,2180,2603,2026-03-23
亞東,203.5,10000,0,2180,2603,2026-03-23
瑞銀,208.0,1000,6000,1650,2603,2026-03-23
瑞銀,207.0,1000,62000,1650,2603,2026-03-23
瑞銀,206.0,44000,230000,1650,2603,2026-03-23
宏遠館前,204.0,1000,0,126U,2603,2026-03-23
宏遠高雄,207.5,5,0,126Q,2603,2026-03-23
宏遠高雄,205.5,1000,0,126Q,2603,2026-03-23
宏遠台中,205.0,20,0,126L,2603,2026-03-23
企銀岡山,205.0,1000,1000,1119,2603,2026-03-23
企銀岡山,204.0,0,1000,1119,2603,2026-03-23
企銀竹北,206.5,1000,0,1117,2603,2026-03-23
企銀竹北,204.0,3000,0,1117,2603,2026-03-23
企銀屏東,205.0,3000,0,1116,2603,2026-03-23
企銀太平,207.5,1005,0,1115,2603,2026-03-23
企銀太平,205.5,250,0,1115,2603,2026-03-23
企銀太平,203.5,50,0,1115,2603,2026-03-23
企銀太平,202.5,1000,0,1115,2603,2026-03-23
企銀嘉義,205.0,1000,1000,1114,2603,2026-03-23
企銀九如,205.5,1000,0,1113,2603,2026-03-23
企銀九如,204.5,40,1000,1113,2603,2026-03-23
企銀九如,203.5,1000,0,1113,2603,2026-03-23
企銀台南,203.5,2000,0,1112,2603,2026-03-23
企銀台中,205.0,2010,0,1111,2603,2026-03-23
企銀台中,204.0,3000,0,1111,2603,2026-03-23
企銀,208.0,0,14000,1110,2603,2026-03-23
企銀,206.5,10015,0,1110,2603,2026-03-23
企銀,205.5,2000,0,1110,2603,2026-03-23
企銀,204.5,1000,14000,1110,2603,2026-03-23
企銀,203.5,0,1000,1110,2603,2026-03-23
臺銀金山,208.5,100,0,104D,2603,2026-03-23
臺銀金山,206.5,50,245,104D,2603,2026-03-23
臺銀金山,205.5,155,0,104D,2603,2026-03-23
臺銀金山,204.5,2100,1000,104D,2603,2026-03-23
企銀岡山,206.5,1000,0,1119,2603,2026-03-23
美好楊梅,203.5,1000,0,5262,2603,2026-03-23
企銀民雄,203.0,0,5000,111A,2603,2026-03-23
企銀民雄,206.0,5040,0,111A,2603,2026-03-23
宏遠台中,204.0,0,1000,126L,2603,2026-03-23
宏遠光隆,207.0,50,0,126i,2603,2026-03-23
宏遠中和,208.5,350,0,126H,2603,2026-03-23
宏遠中和,205.5,2200,0,126H,2603,2026-03-23
宏遠桃園,208.0,1000,0,1262,2603,2026-03-23
宏遠桃園,206.0,2000,0,1262,2603,2026-03-23
宏遠民生,204.5,100,0,1261,2603,2026-03-23
宏遠,207.0,1000,0,1260,2603,2026-03-23
宏遠,205.0,1000,0,1260,2603,2026-03-23
宏遠,203.5,5000,0,1260,2603,2026-03-23
彰銀台中,207.5,0,100,1233,2603,2026-03-23
彰銀台中,206.5,1000,0,1233,2603,2026-03-23
彰銀台中,205.5,1000,0,1233,2603,2026-03-23
彰銀台中,204.5,4000,0,1233,2603,2026-03-23
彰銀七賢,205.0,10,0,1232,2603,2026-03-23
彰銀,208.0,1000,0,1230,2603,2026-03-23
彰銀,205.0,200,0,1230,2603,2026-03-23
彰銀,203.0,10000,0,1230,2603,2026-03-23
企銀埔墘,206.5,100,0,111G,2603,2026-03-23
企銀埔墘,204.5,2000,0,111G,2603,2026-03-23
企銀埔墘,202.5,4000,0,111G,2603,2026-03-23
企銀北高,204.0,100,0,111F,2603,2026-03-23
企銀桃園,203.5,100,0,111E,2603,2026-03-23
台企建成,205.0,1000,0,111B,2603,2026-03-23
企銀民雄,207.0,70,0,111A,2603,2026-03-23
企銀民雄,205.0,50,0,111A,2603,2026-03-23
統一城中,205.0,1210,0,5854,2603,2026-03-23
美好楊梅,205.0,101,0,5262,2603,2026-03-23
美好楊梅,207.0,100,0,5262,2603,2026-03-23
第一新竹,205.0,1540,1000,538B,2603,2026-03-23
第一新興,207.0,112,0,538A,2603,2026-03-23
第一新興,205.0,1542,1000,538A,2603,2026-03-23
第一新興,204.0,3000,1000,538A,2603,2026-03-23
第一中山,208.0,10000,0,5389,2603,2026-03-23
第一中山,206.5,3000,0,5389,2603,2026-03-23
第一中山,205.5,10,0,5389,2603,2026-03-23
第一中山,204.5,3100,0,5389,2603,2026-03-23
第一中山,203.0,10000,0,5389,2603,2026-03-23
第一澎湖,205.0,2000,1000,5387,2603,2026-03-23
第一彰化,205.0,0,1,5386,2603,2026-03-23
第一新竹,206.5,100,0,538B,2603,2026-03-23
第一彰化,204.0,1000,0,5386,2603,2026-03-23
第一桃園,206.5,200,0,5385,2603,2026-03-23
第一桃園,205.5,3050,0,5385,2603,2026-03-23
第一桃園,204.5,0,568,5385,2603,2026-03-23
第一桃園,203.5,1000,0,5385,2603,2026-03-23
第一台南,208.0,5000,1000,5384,2603,2026-03-23
第一台南,207.0,55,0,5384,2603,2026-03-23
第一台南,206.0,30,0,5384,2603,2026-03-23
第一台南,205.0,4161,0,5384,2603,2026-03-23
第一台南,204.0,1019,0,5384,2603,2026-03-23
第一高雄,207.0,20,0,5383,2603,2026-03-23
第一高雄,206.0,1310,1000,5383,2603,2026-03-23
第一桃園,208.0,2050,0,5385,2603,2026-03-23
第一光復,203.5,1000,0,538C,2603,2026-03-23
第一光復,205.0,3021,350,538C,2603,2026-03-23
第一光復,207.0,100,0,538C,2603,2026-03-23
第一嘉義,206.0,6,0,538M,2603,2026-03-23
第一嘉義,204.0,100,1000,538M,2603,2026-03-23
第一安和,208.0,2050,0,538j,2603,2026-03-23
第一安和,206.5,1000,2000,538j,2603,2026-03-23
第一安和,205.5,4000,0,538j,2603,2026-03-23
第一安和,204.5,1012,0,538j,2603,2026-03-23
第一頭份,208.0,1000,0,538I,2603,2026-03-23
第一頭份,206.5,340,0,538I,2603,2026-03-23
第一頭份,205.5,0,1000,538I,2603,2026-03-23
第一頭份,204.5,6000,1100,538I,2603,2026-03-23
第一頭份,203.5,0,1000,538I,2603,2026-03-23
第一稻埕,207.0,100,0,538F,2603,2026-03-23
第一稻埕,206.0,5000,2000,538F,2603,2026-03-23
第一稻埕,205.0,21100,20,538F,2603,2026-03-23
第一稻埕,204.0,5050,1000,538F,2603,2026-03-23
第一稻埕,203.0,1000,0,538F,2603,2026-03-23
第一自由,207.0,1000,0,538E,2603,2026-03-23
第一自由,205.5,50,0,538E,2603,2026-03-23
第一自由,204.5,1000,0,538E,2603,2026-03-23
第一自由,203.0,3000,2000,538E,2603,2026-03-23
第一忠孝,208.0,50,0,538D,2603,2026-03-23
第一忠孝,206.5,50,0,538D,2603,2026-03-23
第一忠孝,205.5,50,0,538D,2603,2026-03-23
第一忠孝,204.5,50,1000,538D,2603,2026-03-23
第一忠孝,203.5,5050,0,538D,2603,2026-03-23
第一高雄,205.0,2305,300,5383,2603,2026-03-23
第一高雄,204.0,2015,497,5383,2603,2026-03-23
第一高雄,203.0,1000,0,5383,2603,2026-03-23
第一台中,206.0,1000,0,5382,2603,2026-03-23
美好苗栗,204.5,5,0,5265,2603,2026-03-23
美好苗栗,203.0,1000,0,5265,2603,2026-03-23
美好高雄,203.5,2000,0,5264,2603,2026-03-23
美好泰山,204.5,200,0,5263,2603,2026-03-23
元大大里,205.5,1601,0,981g,2603,2026-03-23
元大大里,204.5,1057,15000,981g,2603,2026-03-23
元大大里,203.5,0,2000,981g,2603,2026-03-23
元大福營,207.5,3010,0,981F,2603,2026-03-23
元大福營,206.0,130,0,981F,2603,2026-03-23
元大福營,205.0,10,200,981F,2603,2026-03-23
元大福營,204.0,1020,0,981F,2603,2026-03-23
元大發財,206.5,10000,0,981E,2603,2026-03-23
元大發財,204.5,0,1000,981E,2603,2026-03-23
元大發財,203.5,1000,0,981E,2603,2026-03-23
元大佳里,206.5,1100,100,981e,2603,2026-03-23
元大佳里,205.0,0,50,981e,2603,2026-03-23
元大佳里,203.5,4500,0,981e,2603,2026-03-23
元大南投,207.5,100,0,981D,2603,2026-03-23
元大南投,206.5,1000,5,981D,2603,2026-03-23
元大南投,205.5,1000,1000,981D,2603,2026-03-23
元大南投,204.5,1351,0,981D,2603,2026-03-23
元大南投,203.0,1030,0,981D,2603,2026-03-23
元大路竹,206.5,1000,100,981C,2603,2026-03-23
元大路竹,205.0,5225,0,981C,2603,2026-03-23
美好楊梅,208.0,50,0,5262,2603,2026-03-23
美好苗栗,206.0,0,1000,5265,2603,2026-03-23
美好楊梅,206.0,101,0,5262,2603,2026-03-23
美好苗栗,207.5,1000,0,5265,2603,2026-03-23
美好中壢,206.5,1100,0,5266,2603,2026-03-23
第一台中,204.5,150,0,5382,2603,2026-03-23
第一員林,207.0,1,0,5381,2603,2026-03-23
第一員林,205.5,50,0,5381,2603,2026-03-23
第一員林,204.5,101,0,5381,2603,2026-03-23
第一金證,208.5,1,0,5380,2603,2026-03-23
第一金證,206.0,4024,15,5380,2603,2026-03-23
第一金證,205.0,15005,0,5380,2603,2026-03-23
第一金證,204.0,9000,0,5380,2603,2026-03-23
第一金證,203.0,3000,0,5380,2603,2026-03-23
高橋內壢,204.0,6000,0,5323,2603,2026-03-23
高橋中壢,208.0,1000,0,5322,2603,2026-03-23
高橋龍潭,206.0,1000,2000,5321,2603,2026-03-23
高橋龍潭,205.0,4000,0,5321,2603,2026-03-23
高橋龍潭,203.0,2000,0,5321,2603,2026-03-23
高橋,206.0,3000,2000,5320,2603,2026-03-23
高橋,205.0,1370,7000,5320,2603,2026-03-23
高橋,203.5,70,0,5320,2603,2026-03-23
美好市政,206.5,1000,0,526M,2603,2026-03-23
美好富順,207.0,100,0,526K,2603,2026-03-23
美好富順,205.5,25,0,526K,2603,2026-03-23
美好富順,204.5,0,188,526K,2603,2026-03-23
美好富順,203.0,1000,0,526K,2603,2026-03-23
美好中和,206.0,1100,0,526A,2603,2026-03-23
美好基隆,207.5,100,0,5267,2603,2026-03-23
美好中壢,208.5,100,0,5266,2603,2026-03-23
美好中壢,204.0,0,1700,5266,2603,2026-03-23
統一城中,206.0,3000,0,5854,2603,2026-03-23
統一城中,207.0,1000,0,5854,2603,2026-03-23
統一城中,208.0,4000,2000,5854,2603,2026-03-23
兆豐岡山,205.5,0,5,700s,2603,2026-03-23
兆豐小港,208.0,500,0,700R,2603,2026-03-23
兆豐小港,206.5,10,0,700R,2603,2026-03-23
兆豐小港,205.0,4000,0,700R,2603,2026-03-23
兆豐小港,204.0,100,0,700R,2603,2026-03-23
兆豐小港,203.0,2000,0,700R,2603,2026-03-23
兆豐寶成,208.0,1000,0,700r,2603,2026-03-23
兆豐寶成,207.0,10,0,700r,2603,2026-03-23
兆豐寶成,206.0,10,80,700r,2603,2026-03-23
兆豐寶成,205.0,10,1000,700r,2603,2026-03-23
兆豐寶成,204.0,350,0,700r,2603,2026-03-23
兆豐岡山,206.5,105,0,700s,2603,2026-03-23
兆豐南京,208.0,1000,0,700P,2603,2026-03-23
兆豐南京,205.0,2000,0,700P,2603,2026-03-23
兆豐復興,205.5,1000,0,700p,2603,2026-03-23
兆豐埔墘,205.0,100,0,700N,2603,2026-03-23
兆豐桃園,208.0,5000,0,700M,2603,2026-03-23
兆豐桃園,207.0,1025,0,700M,2603,2026-03-23
兆豐桃園,206.0,1025,150,700M,2603,2026-03-23
兆豐桃園,205.0,23025,5040,700M,2603,2026-03-23
兆豐桃園,204.0,2125,10000,700M,2603,2026-03-23
兆豐桃園,203.0,11000,0,700M,2603,2026-03-23
兆豐天母,208.0,1000,0,700L,2603,2026-03-23
兆豐天母,205.0,10,0,700L,2603,2026-03-23
兆豐南京,206.0,2000,0,700P,2603,2026-03-23
兆豐大同,203.5,5,0,700S,2603,2026-03-23
兆豐大同,205.0,5,30000,700S,2603,2026-03-23
兆豐大同,206.5,1000,1000,700S,2603,2026-03-23
元大苗栗,205.5,2000,0,981M,2603,2026-03-23
元大苗栗,208.0,2000,0,981M,2603,2026-03-23
元大旗山,204.0,2020,0,981n,2603,2026-03-23
元大旗山,205.0,1359,0,981n,2603,2026-03-23
元大旗山,206.0,5030,0,981n,2603,2026-03-23
元大旗山,208.5,0,50,981n,2603,2026-03-23
元大金門,204.0,1200,1000,981N,2603,2026-03-23
元大金門,205.0,1400,1000,981N,2603,2026-03-23
元大金門,206.0,50,0,981N,2603,2026-03-23
元大金門,207.5,100,0,981N,2603,2026-03-23
元大松山,203.5,6000,0,981p,2603,2026-03-23
元大松山,204.5,2108,0,981p,2603,2026-03-23
元大松山,205.5,100,0,981p,2603,2026-03-23
元大松山,206.5,5,0,981p,2603,2026-03-23
元大松山,207.5,1000,0,981p,2603,2026-03-23
元大萬華,203.0,1000,0,981q,2603,2026-03-23
元大萬華,204.0,200,1115,981q,2603,2026-03-23
元大萬華,205.0,500,0,981q,2603,2026-03-23
元大萬華,206.0,1030,0,981q,2603,2026-03-23
元大萬華,207.0,3100,200,981q,2603,2026-03-23
元大太平,204.0,1000,0,981Q,2603,2026-03-23
兆豐新竹,204.0,2005,0,700V,2603,2026-03-23
兆豐桃鶯,206.0,1100,0,700U,2603,2026-03-23
兆豐桃鶯,205.0,2100,1000,700U,2603,2026-03-23
兆豐桃鶯,204.0,1100,0,700U,2603,2026-03-23
兆豐天母,203.5,500,0,700L,2603,2026-03-23
兆豐新營,207.5,0,150,700K,2603,2026-03-23
兆豐新營,206.0,2000,0,700K,2603,2026-03-23
兆豐新營,205.0,3482,4000,700K,2603,2026-03-23
兆豐鹿港,205.5,5000,2000,700f,2603,2026-03-23
兆豐鹿港,204.5,50,0,700f,2603,2026-03-23
兆豐西螺,207.0,2000,0,700D,2603,2026-03-23
兆豐西螺,204.5,3000,0,700D,2603,2026-03-23
兆豐彰化,207.5,2000,0,700d,2603,2026-03-23
兆豐彰化,206.5,20,0,700d,2603,2026-03-23
兆豐彰化,205.5,6,0,700d,2603,2026-03-23
兆豐彰化,204.5,0,2000,700d,2603,2026-03-23
兆豐彰化,203.5,100,0,700d,2603,2026-03-23
兆豐來福,207.0,3300,0,700C,2603,2026-03-23
兆豐來福,206.0,1000,1000,700C,2603,2026-03-23
兆豐來福,205.0,18500,0,700C,2603,2026-03-23
兆豐來福,204.0,100,0,700C,2603,2026-03-23
兆豐來福,203.0,3000,0,700C,2603,2026-03-23
兆豐民生,207.0,70,0,700c,2603,2026-03-23
兆豐民生,205.5,1100,0,700c,2603,2026-03-23
兆豐民生,204.5,5050,3000,700c,2603,2026-03-23
兆豐板橋,208.5,4,0,700B,2603,2026-03-23
兆豐板橋,207.0,100,0,700B,2603,2026-03-23
兆豐板橋,204.0,20,2000,700B,2603,2026-03-23
兆豐板橋,203.0,1000,0,700B,2603,2026-03-23
兆豐中壢,205.5,20,0,700b,2603,2026-03-23
兆豐中壢,204.5,80,53228,700b,2603,2026-03-23
兆豐中壢,203.5,1000,0,700b,2603,2026-03-23
兆豐忠孝,207.0,1050,0,700a,2603,2026-03-23
兆豐虎尾,205.0,0,1000,700F,2603,2026-03-23
元大苗栗,204.5,100,0,981M,2603,2026-03-23
兆豐虎尾,207.0,1000,0,700F,2603,2026-03-23
兆豐南門,205.0,2000,0,700g,2603,2026-03-23
兆豐新營,204.0,106,20000,700K,2603,2026-03-23
兆豐員林,206.5,300,0,700k,2603,2026-03-23
兆豐員林,205.0,16,100,700k,2603,2026-03-23
兆豐公益,208.0,1100,0,700J,2603,2026-03-23
兆豐公益,205.0,1125,0,700J,2603,2026-03-23
兆豐公益,203.5,30,0,700J,2603,2026-03-23
兆豐大安,206.0,10121,0,700j,2603,2026-03-23
兆豐大安,205.0,10010,0,700j,2603,2026-03-23
兆豐大安,204.0,1000,0,700j,2603,2026-03-23
兆豐北高,207.0,1110,0,700I,2603,2026-03-23
兆豐北高,206.0,1000,0,700I,2603,2026-03-23
兆豐北高,204.5,1000,0,700I,2603,2026-03-23
兆豐北高,203.5,0,40,700I,2603,2026-03-23
兆豐松德,205.0,0,1000,700i,2603,2026-03-23
兆豐松德,202.5,10000,0,700i,2603,2026-03-23
兆豐東門,206.0,3010,0,700H,2603,2026-03-23
兆豐東門,203.5,200,0,700H,2603,2026-03-23
兆豐三民,205.5,1025,0,700h,2603,2026-03-23
兆豐三民,204.5,1,0,700h,2603,2026-03-23
兆豐三民,203.5,1,0,700h,2603,2026-03-23
兆豐麻豆,206.0,8,10,700G,2603,2026-03-23
兆豐麻豆,205.0,20,0,700G,2603,2026-03-23
兆豐南門,208.0,2000,0,700g,2603,2026-03-23
兆豐南門,207.0,2510,254,700g,2603,2026-03-23
兆豐南門,206.0,1000,2000,700g,2603,2026-03-23
兆豐南門,204.0,9020,0,700g,2603,2026-03-23
兆豐忠孝,206.0,1000,0,700a,2603,2026-03-23
元大前金,208.0,200,0,981m,2603,2026-03-23
元大前金,206.0,1011,0,981m,2603,2026-03-23
國票綜合,206.5,0,6027,7790,2603,2026-03-23
國票綜合,207.5,0,4542,7790,2603,2026-03-23
國票台東,205.0,2000,0,7791,2603,2026-03-23
國票台東,206.0,1000,0,7791,2603,2026-03-23
國票北投,206.5,500,0,7792,2603,2026-03-23
國票南港,205.0,3210,0,7795,2603,2026-03-23
國票南港,207.5,0,3000,7795,2603,2026-03-23
國票中正,205.0,100,0,7797,2603,2026-03-23
國票內壢,203.0,1000,0,7798,2603,2026-03-23
國票內壢,204.5,6,0,7798,2603,2026-03-23
國票敦北,203.5,5000,0,779c,2603,2026-03-23
國票綜合,205.5,200,3824,7790,2603,2026-03-23
國票敦北,204.5,20000,0,779c,2603,2026-03-23
國票敦北,206.5,4000,0,779c,2603,2026-03-23
國票台南,203.5,1000,0,779D,2603,2026-03-23
國票台南,204.5,1000,0,779D,2603,2026-03-23
國票台南,208.5,200,0,779D,2603,2026-03-23
國票南科,204.0,50,0,779e,2603,2026-03-23
國票南科,205.0,10,0,779e,2603,2026-03-23
國票南科,208.0,12000,0,779e,2603,2026-03-23
國票南崁,204.0,1300,0,779E,2603,2026-03-23
國票南崁,205.0,3000,0,779E,2603,2026-03-23
國票南崁,206.0,1000,0,779E,2603,2026-03-23
國票新莊,204.5,0,1000,779G,2603,2026-03-23
國票敦北,205.5,3000,0,779c,2603,2026-03-23
國票綜合,204.5,80,0,7790,2603,2026-03-23
國票綜合,203.5,1152,0,7790,2603,2026-03-23
北城,205.5,1000,0,7750,2603,2026-03-23
兆豐新竹,205.0,2200,0,700V,2603,2026-03-23
兆豐新竹,206.0,1020,0,700V,2603,2026-03-23
兆豐新竹,207.0,1000,0,700V,2603,2026-03-23
兆豐新莊,204.0,0,1000,700w,2603,2026-03-23
兆豐新莊,208.0,187,0,700w,2603,2026-03-23
兆豐城中,205.0,1000,0,700W,2603,2026-03-23
兆豐城中,206.0,1000,0,700W,2603,2026-03-23
兆豐永和,205.5,1000,0,700X,2603,2026-03-23
兆豐高雄,203.5,2000,0,700Z,2603,2026-03-23
兆豐高雄,204.5,2050,1000,700Z,2603,2026-03-23
兆豐高雄,205.5,2150,0,700Z,2603,2026-03-23
兆豐高雄,206.5,50,0,700Z,2603,2026-03-23
兆豐高雄,207.5,1000,0,700Z,2603,2026-03-23
致和,204.5,3000,0,7030,2603,2026-03-23
致和佳里,207.0,1000,0,7032,2603,2026-03-23
致和府前,207.0,0,10000,7033,2603,2026-03-23
致和金華,205.0,350,0,7034,2603,2026-03-23
致和東門,203.5,0,1000,7035,2603,2026-03-23
致和東門,205.5,0,1000,7035,2603,2026-03-23
致和高雄,207.5,1000,0,7036,2603,2026-03-23
致和南京,208.0,2000,0,7038,2603,2026-03-23
致和崇德,204.5,30,0,703B,2603,2026-03-23
致和崇德,207.0,1100,0,703B,2603,2026-03-23
致和崇德,208.0,2000,0,703B,2603,2026-03-23
北城,203.5,100,0,7750,2603,2026-03-23
國票新莊,207.0,5000,0,779G,2603,2026-03-23
國票嘉義,205.0,1000,0,779H,2603,2026-03-23
國票嘉義,207.0,200,0,779H,2603,2026-03-23
國票和平,204.0,1,0,779j,2603,2026-03-23
元大西螺,204.0,1000,0,981i,2603,2026-03-23
元大板橋,205.5,30,0,989C,2603,2026-03-23
元大西螺,205.5,5000,276,981i,2603,2026-03-23
元大西螺,206.5,0,195,981i,2603,2026-03-23
元大西螺,207.5,0,1000,981i,2603,2026-03-23
元大天母,203.5,2000,0,981I,2603,2026-03-23
元大天母,204.5,2000,0,981I,2603,2026-03-23
元大天母,205.5,20,0,981I,2603,2026-03-23
元大天母,206.5,1000,0,981I,2603,2026-03-23
元大天母,207.5,5000,0,981I,2603,2026-03-23
元大士林,203.5,100,0,981j,2603,2026-03-23
元大士林,204.5,1000,0,981j,2603,2026-03-23
元大士林,205.5,0,1000,981j,2603,2026-03-23
元大士林,206.5,371,0,981j,2603,2026-03-23
元大士林,207.5,1000,0,981j,2603,2026-03-23
元大林園,204.5,1100,0,981K,2603,2026-03-23
元大林園,206.0,6120,0,981K,2603,2026-03-23
元大林園,207.0,210,0,981K,2603,2026-03-23
元大莒光,203.5,51000,0,981L,2603,2026-03-23
元大莒光,204.5,1060,174025,981L,2603,2026-03-23
元大莒光,205.5,40000,1090,981L,2603,2026-03-23
元大莒光,206.5,1100,0,981L,2603,2026-03-23
元大莒光,207.5,51040,0,981L,2603,2026-03-23
元大前金,204.0,2000,10250,981m,2603,2026-03-23
元大前金,205.0,1221,3280,981m,2603,2026-03-23
元大西螺,203.0,1000,0,981i,2603,2026-03-23
元大前金,207.0,5000,0,981m,2603,2026-03-23
元大屏生,208.5,0,462,981h,2603,2026-03-23
元大屏生,206.0,10,2000,981h,2603,2026-03-23
國票和平,206.5,15,0,779j,2603,2026-03-23
國票北高,203.0,4000,0,779J,2603,2026-03-23
國票北高,204.0,1,0,779J,2603,2026-03-23
國票北高,205.0,7100,0,779J,2603,2026-03-23
國票北高,207.0,9,0,779J,2603,2026-03-23
國票北高,208.0,40000,47000,779J,2603,2026-03-23
國票中港,206.0,10,0,779m,2603,2026-03-23
國票南京,206.5,25,0,779n,2603,2026-03-23
國票九鼎,205.0,3,0,779P,2603,2026-03-23
國票桃園,203.0,0,1000,779r,2603,2026-03-23
國票桃園,204.5,100,0,779r,2603,2026-03-23
國票桃園,206.0,3000,0,779r,2603,2026-03-23
國票長城,207.0,1000,0,779u,2603,2026-03-23
國票台中,204.0,0,100,779v,2603,2026-03-23
國票台中,205.0,0,1000,779v,2603,2026-03-23
國票台中,206.5,1,0,779v,2603,2026-03-23
國票台中,207.5,100,0,779v,2603,2026-03-23
元大大里,206.5,1055,0,981g,2603,2026-03-23
元大大里,207.5,110,0,981g,2603,2026-03-23
元大彰化,204.0,2600,1000,981G,2603,2026-03-23
元大彰化,205.0,2000,0,981G,2603,2026-03-23
元大彰化,206.5,1,0,981G,2603,2026-03-23
元大彰化,208.5,10,0,981G,2603,2026-03-23
元大屏生,204.0,1020,1000,981h,2603,2026-03-23
元大屏生,205.0,2105,50,981h,2603,2026-03-23
元大屏生,207.0,100,0,981h,2603,2026-03-23
臺銀金山,203.5,1019,200,104D,2603,2026-03-23
兆豐忠孝,204.0,300,0,700a,2603,2026-03-23
兆豐三重,204.0,1,0,7008,2603,2026-03-23
日茂,204.0,1000,1000,5960,2603,2026-03-23
盈溢楠梓,204.5,2000,0,5862,2603,2026-03-23
盈溢籬子內,203.0,1000,0,5861,2603,2026-03-23
盈溢,204.0,1000,0,5860,2603,2026-03-23
統一松江,207.0,0,6,585Z,2603,2026-03-23
統一松江,206.0,14000,0,585Z,2603,2026-03-23
統一松江,204.5,5,0,585Z,2603,2026-03-23
統一松江,203.5,0,14000,585Z,2603,2026-03-23
統一土城,205.0,100,667,585Y,2603,2026-03-23
統一土城,204.0,0,1000,585Y,2603,2026-03-23
統一金門,207.0,1000,0,585W,2603,2026-03-23
日茂埔里,205.0,3000,0,5961,2603,2026-03-23
統一金門,205.5,5,0,585W,2603,2026-03-23
統一南京,207.0,1000,0,585U,2603,2026-03-23
統一南京,205.5,200,0,585U,2603,2026-03-23
統一南京,204.5,1006,2000,585U,2603,2026-03-23
統一南京,203.0,1000,0,585U,2603,2026-03-23
統一宜蘭,206.5,1000,0,585S,2603,2026-03-23
統一宜蘭,204.5,10,0,585S,2603,2026-03-23
統一東湖,206.5,0,40000,585R,2603,2026-03-23
統一東湖,205.0,1100,0,585R,2603,2026-03-23
統一東湖,203.5,1000,0,585R,2603,2026-03-23
統一三多,207.0,0,1000,585Q,2603,2026-03-23
統一三多,206.0,0,1000,585Q,2603,2026-03-23
統一金門,204.5,1000,0,585W,2603,2026-03-23
?亞,203.5,1000,0,6010,2603,2026-03-23
?亞網路,204.5,1,0,6012,2603,2026-03-23
?亞網路,206.0,0,119,6012,2603,2026-03-23
中國信託,207.5,3330,0,6160,2603,2026-03-23
中國信託,206.5,4100,0,6160,2603,2026-03-23
中國信託,205.5,3270,130,6160,2603,2026-03-23
中國信託,204.5,27620,3000,6160,2603,2026-03-23
中國信託,203.5,2050,200,6160,2603,2026-03-23
中銀豐原,207.0,0,20000,611A,2603,2026-03-23
中銀豐原,205.0,2525,0,611A,2603,2026-03-23
中銀豐原,204.0,20,0,611A,2603,2026-03-23
中銀台北,208.0,1000,0,6115,2603,2026-03-23
中銀台北,205.5,1000,0,6115,2603,2026-03-23
中銀台北,204.0,0,3000,6115,2603,2026-03-23
中銀台北,202.5,0,80000,6115,2603,2026-03-23
中銀員林,206.0,4001,0,6114,2603,2026-03-23
中銀員林,205.0,10,0,6114,2603,2026-03-23
中銀員林,203.5,2000,0,6114,2603,2026-03-23
台中銀,207.0,1000,0,6110,2603,2026-03-23
台中銀,205.5,1180,0,6110,2603,2026-03-23
台中銀,204.5,6000,0,6110,2603,2026-03-23
台中銀,203.5,50,0,6110,2603,2026-03-23
?亞鑫豐,207.5,1000,0,601d,2603,2026-03-23
?亞鑫豐,206.5,2011,0,601d,2603,2026-03-23
?亞鑫豐,205.5,2100,0,601d,2603,2026-03-23
?亞鑫豐,204.5,4036,1530,601d,2603,2026-03-23
?亞鑫豐,203.5,5289,0,601d,2603,2026-03-23
?亞鑫豐,202.5,3000,0,601d,2603,2026-03-23
統一三多,204.0,15000,1000,585Q,2603,2026-03-23
統一板橋,208.5,1,0,585P,2603,2026-03-23
統一板橋,206.0,2100,0,585P,2603,2026-03-23
統一板橋,204.5,1030,17000,585P,2603,2026-03-23
統一新台中,205.0,1100,0,585D,2603,2026-03-23
統一新台中,203.5,0,10000,585D,2603,2026-03-23
統一仁愛,207.0,500,0,585c,2603,2026-03-23
統一永和,207.0,5000,0,585B,2603,2026-03-23
統一內湖,206.0,2000,0,585b,2603,2026-03-23
統一基隆,204.5,3100,0,585A,2603,2026-03-23
統一屏東,207.5,1000,0,5859,2603,2026-03-23
統一屏東,205.0,2000,0,5859,2603,2026-03-23
統一嘉義,207.5,2000,0,5858,2603,2026-03-23
統一嘉義,205.5,2000,0,5858,2603,2026-03-23
統一嘉義,204.5,0,10448,5858,2603,2026-03-23
統一嘉義,203.5,4000,0,5858,2603,2026-03-23
統一新竹,207.5,1000,0,5857,2603,2026-03-23
統一新竹,206.5,160,0,5857,2603,2026-03-23
統一新竹,205.5,566,0,5857,2603,2026-03-23
統一新竹,204.5,6060,0,5857,2603,2026-03-23
統一新竹,203.5,1000,0,5857,2603,2026-03-23
統一台中,207.0,126,0,5856,2603,2026-03-23
統一台中,205.5,50,1000,5856,2603,2026-03-23
統一台中,204.5,30,0,5856,2603,2026-03-23
統一台中,203.5,1000,0,5856,2603,2026-03-23
統一台南,208.0,1000,0,5855,2603,2026-03-23
統一台南,207.0,1000,2000,5855,2603,2026-03-23
統一台南,205.5,1020,0,5855,2603,2026-03-23
統一台南,204.5,8430,1033,5855,2603,2026-03-23
統一新台中,206.0,25,20,585D,2603,2026-03-23
中信三重,204.0,101,1000,6161,2603,2026-03-23
統一新台中,208.0,1000,0,585D,2603,2026-03-23
統一新營,206.0,1000,0,585E,2603,2026-03-23
統一板橋,202.5,1000,0,585P,2603,2026-03-23
統一士林,207.5,9000,0,585M,2603,2026-03-23
統一士林,206.0,1000,0,585M,2603,2026-03-23
統一士林,204.0,1000,0,585M,2603,2026-03-23
統一竹南,206.0,100,0,585m,2603,2026-03-23
統一竹南,205.0,40,0,585m,2603,2026-03-23
統一三重,208.0,1000,0,585J,2603,2026-03-23
統一三重,207.0,1060,0,585J,2603,2026-03-23
統一三重,206.0,1000,0,585J,2603,2026-03-23
統一三重,204.5,151,0,585J,2603,2026-03-23
統一員林,207.0,1000,0,585I,2603,2026-03-23
統一員林,204.5,1000,0,585I,2603,2026-03-23
統一桃園,208.0,1050,0,585H,2603,2026-03-23
統一桃園,205.5,1100,1000,585H,2603,2026-03-23
統一桃園,204.5,2000,3000,585H,2603,2026-03-23
統一桃園,203.5,1000,0,585H,2603,2026-03-23
統一平鎮,207.5,1000,0,585g,2603,2026-03-23
統一平鎮,206.0,50,0,585g,2603,2026-03-23
統一平鎮,205.0,50,5,585g,2603,2026-03-23
統一平鎮,204.0,1000,0,585g,2603,2026-03-23
統一彰化,207.5,1000,0,585F,2603,2026-03-23
統一彰化,206.0,2300,0,585F,2603,2026-03-23
統一彰化,205.0,2300,0,585F,2603,2026-03-23
統一彰化,204.0,2000,0,585F,2603,2026-03-23
統一彰化,203.0,1000,0,585F,2603,2026-03-23
統一新營,205.0,2000,0,585E,2603,2026-03-23
兆豐三重,207.5,50,0,7008,2603,2026-03-23
中信三重,205.0,1,0,6161,2603,2026-03-23
中信三重,208.0,1000,0,6161,2603,2026-03-23
德信,205.0,100,0,6910,2603,2026-03-23
口袋,208.5,4,0,6620,2603,2026-03-23
口袋,207.5,4048,0,6620,2603,2026-03-23
口袋,206.5,39,0,6620,2603,2026-03-23
口袋,205.5,94,550,6620,2603,2026-03-23
口袋,204.5,69,6000,6620,2603,2026-03-23
口袋,203.5,2155,3,6620,2603,2026-03-23
福邦,207.5,1000,0,6480,2603,2026-03-23
福邦,205.0,2000,0,6480,2603,2026-03-23
大昌桃園,204.5,0,1000,6465,2603,2026-03-23
大昌新店,208.0,1000,0,6464,2603,2026-03-23
德信中正,204.5,5,0,6912,2603,2026-03-23
大昌新店,206.5,2000,0,6464,2603,2026-03-23
大昌新店,204.5,2660,0,6464,2603,2026-03-23
大昌新店,203.5,1000,0,6464,2603,2026-03-23
大昌新竹,207.0,0,130,6463,2603,2026-03-23
大昌新竹,206.0,2000,0,6463,2603,2026-03-23
大昌新竹,205.0,4000,0,6463,2603,2026-03-23
大昌新竹,204.0,20,0,6463,2603,2026-03-23
大昌新竹,203.0,1000,0,6463,2603,2026-03-23
大昌樹林,207.5,1000,0,6461,2603,2026-03-23
大昌樹林,206.0,1000,0,6461,2603,2026-03-23
大昌樹林,204.5,1000,0,6461,2603,2026-03-23
大昌樹林,203.5,10,0,6461,2603,2026-03-23
大昌新店,205.5,1000,2000,6464,2603,2026-03-23
德信中正,207.5,1000,0,6912,2603,2026-03-23
德信新營,205.5,200,0,6913,2603,2026-03-23
德信新營,207.0,1000,0,6913,2603,2026-03-23
兆豐竹北,208.5,1,0,7007,2603,2026-03-23
兆豐竹北,206.5,640,0,7007,2603,2026-03-23
兆豐竹北,205.5,0,1000,7007,2603,2026-03-23
兆豐竹北,204.5,1000,0,7007,2603,2026-03-23
兆豐竹北,203.5,400,0,7007,2603,2026-03-23
兆豐台南,204.5,110,0,7006,2603,2026-03-23
兆豐中港,207.5,20,0,7005,2603,2026-03-23
兆豐中港,205.5,500,0,7005,2603,2026-03-23
兆豐中港,204.5,2025,0,7005,2603,2026-03-23
兆豐中港,203.5,3000,0,7005,2603,2026-03-23
兆豐台中,206.5,1005,0,7003,2603,2026-03-23
兆豐台中,205.5,2000,0,7003,2603,2026-03-23
兆豐台中,204.5,205,0,7003,2603,2026-03-23
兆豐嘉義,208.0,1000,0,7001,2603,2026-03-23
兆豐嘉義,207.0,1005,0,7001,2603,2026-03-23
兆豐嘉義,205.5,5,0,7001,2603,2026-03-23
兆豐嘉義,204.5,1100,1000,7001,2603,2026-03-23
兆豐,208.0,0,7000,7000,2603,2026-03-23
兆豐,207.0,5002,0,7000,2603,2026-03-23
兆豐,204.5,0,2000,7000,2603,2026-03-23
兆豐,203.0,0,1000,7000,2603,2026-03-23
福勝,206.5,2000,0,6950,2603,2026-03-23
福勝,205.5,200,0,6950,2603,2026-03-23
福勝,204.5,1000,0,6950,2603,2026-03-23
德信和平,204.5,100,0,6915,2603,2026-03-23
大昌,206.5,50,0,6460,2603,2026-03-23
大昌,205.5,122,150,6460,2603,2026-03-23
大昌,204.5,50,1190,6460,2603,2026-03-23
大昌,203.0,1000,0,6460,2603,2026-03-23
中信嘉義,206.0,1050,0,6168,2603,2026-03-23
中信嘉義,205.0,3050,0,6168,2603,2026-03-23
中信嘉義,204.0,200,0,6168,2603,2026-03-23
中信松江,206.0,1080,0,6167,2603,2026-03-23
中信松江,205.0,1050,2800,6167,2603,2026-03-23
中信松江,204.0,2200,0,6167,2603,2026-03-23
中信松江,203.0,2000,0,6167,2603,2026-03-23
中信託新,207.0,1044,0,6165,2603,2026-03-23
中信託新,206.0,5105,10000,6165,2603,2026-03-23
中信託新,205.0,5240,1000,6165,2603,2026-03-23
中信託新,204.0,160,1000,6165,2603,2026-03-23
中信託文,208.0,2006,0,6164,2603,2026-03-23
中信託文,206.5,1000,0,6164,2603,2026-03-23
中信託文,205.5,1000,0,6164,2603,2026-03-23
中信託文,204.5,7500,6000,6164,2603,2026-03-23
中信託文,203.5,5100,0,6164,2603,2026-03-23
中信託永,208.0,0,3300,6163,2603,2026-03-23
中信託永,207.0,2200,0,6163,2603,2026-03-23
中信託永,205.5,1000,1000,6163,2603,2026-03-23
中信託永,204.5,2100,100,6163,2603,2026-03-23
中信託永,203.5,1000,0,6163,2603,2026-03-23
中信託忠,208.0,1010,0,6162,2603,2026-03-23
中信託忠,207.0,1000,0,6162,2603,2026-03-23
中信託忠,205.5,40,30,6162,2603,2026-03-23
中信託忠,204.0,1000,0,6162,2603,2026-03-23
中信嘉義,207.5,1006,0,6168,2603,2026-03-23
中信三重,207.0,100,0,6161,2603,2026-03-23
中信中壢,204.5,85,40,616A,2603,2026-03-23
中信託高,203.5,1000,0,616K,2603,2026-03-23
永全八德,203.0,1000,0,6452,2603,2026-03-23
永全南崁,206.0,1000,0,6451,2603,2026-03-23
永全南崁,204.5,1000,0,6451,2603,2026-03-23
永全,207.5,20,0,6450,2603,2026-03-23
永全,204.0,1000,0,6450,2603,2026-03-23
光和高雄,205.5,1000,0,638D,2603,2026-03-23
光和高雄,204.0,1150,10000,638D,2603,2026-03-23
光和嘉義,204.5,60,0,638A,2603,2026-03-23
光和花壇,204.5,0,2000,6385,2603,2026-03-23
光和和美,207.5,1000,0,6383,2603,2026-03-23
光和田中,205.0,30,0,6382,2603,2026-03-23
光和溪湖,208.0,1000,0,6381,2603,2026-03-23
光和溪湖,206.5,3000,0,6381,2603,2026-03-23
光和溪湖,205.5,1000,0,6381,2603,2026-03-23
光和溪湖,204.5,2000,3000,6381,2603,2026-03-23
光和溪湖,203.5,1000,0,6381,2603,2026-03-23
光和,207.0,100,0,6380,2603,2026-03-23
光和,205.5,0,100,6380,2603,2026-03-23
新百王,207.5,1000,0,6210,2603,2026-03-23
新百王,205.0,5000,0,6210,2603,2026-03-23
中信託高,208.5,20,200,616K,2603,2026-03-23
中信託高,207.5,200,0,616K,2603,2026-03-23
中信託高,206.5,1105,68,616K,2603,2026-03-23
中信託高,205.5,2050,0,616K,2603,2026-03-23
中信託高,204.5,76,1000,616K,2603,2026-03-23
中信中壢,205.5,3000,0,616A,2603,2026-03-23
臺銀高雄,207.5,3032,0,104C,2603,2026-03-23
彰銀,204.0,10000,0,1230,2603,2026-03-23
臺銀高雄,205.5,3519,0,104C,2603,2026-03-23
元富新莊,205.0,50,0,9B28,2603,2026-03-23
元富新莊,204.0,4030,0,9B28,2603,2026-03-23
元富林園,207.5,1000,0,9B27,2603,2026-03-23
元富林園,206.5,3200,0,9B27,2603,2026-03-23
元富林園,205.5,30,0,9B27,2603,2026-03-23
元富林園,203.5,50,0,9B27,2603,2026-03-23
元富台中,207.0,100,0,9B25,2603,2026-03-23
元富台中,206.0,100,0,9B25,2603,2026-03-23
元富台中,205.0,1000,200,9B25,2603,2026-03-23
元富台中,203.5,100,0,9B25,2603,2026-03-23
元富三重,207.5,1000,0,9B23,2603,2026-03-23
元富新莊,206.0,11000,0,9B28,2603,2026-03-23
元富三重,206.0,1000,0,9B23,2603,2026-03-23
元富三重,203.5,1000,2000,9B23,2603,2026-03-23
元富新店,207.0,200,0,9B22,2603,2026-03-23
元富新店,205.5,240,0,9B22,2603,2026-03-23
元富新店,204.5,2200,0,9B22,2603,2026-03-23
元富高雄,208.0,1000,0,9B21,2603,2026-03-23
元富高雄,206.0,5,0,9B21,2603,2026-03-23
元富高雄,204.0,5,0,9B21,2603,2026-03-23
元富證券,206.0,0,1790,9B00,2603,2026-03-23
元富證券,205.0,3070,1003,9B00,2603,2026-03-23
永豐復興,205.5,2025,0,9A9Z,2603,2026-03-23
永豐復興,204.5,1000,0,9A9Z,2603,2026-03-23
元富三重,204.5,2000,0,9B23,2603,2026-03-23
元富新莊,207.0,5000,0,9B28,2603,2026-03-23
元富台南,205.0,1000,0,9B29,2603,2026-03-23
元富台南,208.5,0,1,9B29,2603,2026-03-23
元富大昌,203.5,4100,17,9B2D,2603,2026-03-23
元富大昌,202.5,1000,0,9B2D,2603,2026-03-23
元富潮州,208.0,1000,0,9B2C,2603,2026-03-23
元富潮州,207.0,1000,0,9B2C,2603,2026-03-23
元富潮州,206.0,1150,0,9B2C,2603,2026-03-23
元富潮州,204.5,200,0,9B2C,2603,2026-03-23
元富烏日,208.0,0,7000,9B2c,2603,2026-03-23
元富烏日,206.5,1000,0,9B2c,2603,2026-03-23
元富烏日,205.5,3024,0,9B2c,2603,2026-03-23
元富烏日,204.0,0,3000,9B2c,2603,2026-03-23
元富永和,207.0,50,3000,9B2B,2603,2026-03-23
元富永和,204.5,0,13,9B2B,2603,2026-03-23
元富板橋,207.0,30,0,9B2b,2603,2026-03-23
元富板橋,205.5,6370,0,9B2b,2603,2026-03-23
元富板橋,204.5,5100,12000,9B2b,2603,2026-03-23
元富板橋,203.5,5020,0,9B2b,2603,2026-03-23
元富緯城,208.0,1000,0,9B2A,2603,2026-03-23
元富緯城,207.0,1000,0,9B2A,2603,2026-03-23
元富緯城,206.0,90,0,9B2A,2603,2026-03-23
元富緯城,205.0,50,0,9B2A,2603,2026-03-23
元富緯城,204.0,4235,0,9B2A,2603,2026-03-23
元富松德,207.0,100,0,9B2a,2603,2026-03-23
元富松德,206.0,1000,1000,9B2a,2603,2026-03-23
元富松德,205.0,100,0,9B2a,2603,2026-03-23
元富松德,203.5,1000,0,9B2a,2603,2026-03-23
永豐復興,203.5,50,0,9A9Z,2603,2026-03-23
永豐板盛,207.5,21000,3000,9A9Y,2603,2026-03-23
永豐板盛,206.5,15000,0,9A9Y,2603,2026-03-23
永豐板盛,205.0,1360,0,9A9Y,2603,2026-03-23
永豐彰化,203.5,100,50000,9A9s,2603,2026-03-23
永豐信義,208.5,100,0,9A9R,2603,2026-03-23
永豐信義,207.5,4000,0,9A9R,2603,2026-03-23
永豐信義,206.0,115,0,9A9R,2603,2026-03-23
永豐信義,204.5,35,0,9A9R,2603,2026-03-23
永豐北高,208.5,202,0,9A9r,2603,2026-03-23
永豐北高,206.5,100,89,9A9r,2603,2026-03-23
永豐北高,205.0,1115,0,9A9r,2603,2026-03-23
永豐北高,203.5,1,0,9A9r,2603,2026-03-23
永豐豐原,207.5,1100,150,9A9Q,2603,2026-03-23
永豐豐原,206.5,0,50,9A9Q,2603,2026-03-23
永豐豐原,205.5,100,200,9A9Q,2603,2026-03-23
永豐豐原,204.5,2201,0,9A9Q,2603,2026-03-23
永豐潮州,207.0,4000,0,9A9q,2603,2026-03-23
永豐潮州,204.5,50,0,9A9q,2603,2026-03-23
永豐竹北,206.5,3100,10000,9A9P,2603,2026-03-23
永豐竹北,205.0,1101,0,9A9P,2603,2026-03-23
永豐竹北,204.0,2100,68,9A9P,2603,2026-03-23
永豐竹北,203.0,2000,0,9A9P,2603,2026-03-23
永豐桃盛,207.0,1005,0,9A9N,2603,2026-03-23
永豐桃盛,206.0,2040,500,9A9N,2603,2026-03-23
永豐桃盛,205.0,2100,0,9A9N,2603,2026-03-23
永豐桃盛,204.0,1115,0,9A9N,2603,2026-03-23
永豐南投,207.5,15,0,9A9M,2603,2026-03-23
永豐南投,205.5,0,50,9A9M,2603,2026-03-23
永豐彰化,204.5,200,40000,9A9s,2603,2026-03-23
元富大昌,204.5,1000,710,9B2D,2603,2026-03-23
永豐彰化,205.5,2006,0,9A9s,2603,2026-03-23
永豐彰化,208.0,1000,0,9A9s,2603,2026-03-23
永豐板盛,204.0,5150,0,9A9Y,2603,2026-03-23
永豐竹科,208.0,6000,0,9A9X,2603,2026-03-23
永豐竹科,207.0,14000,0,9A9X,2603,2026-03-23
永豐竹科,206.0,4120,5000,9A9X,2603,2026-03-23
永豐竹科,205.0,2170,0,9A9X,2603,2026-03-23
永豐竹科,204.0,1015,2000,9A9X,2603,2026-03-23
永豐竹科,203.0,1000,0,9A9X,2603,2026-03-23
永豐桃園,208.0,100,0,9A9x,2603,2026-03-23
永豐桃園,207.0,330,50,9A9x,2603,2026-03-23
永豐桃園,206.0,4105,0,9A9x,2603,2026-03-23
永豐桃園,205.0,3973,0,9A9x,2603,2026-03-23
永豐桃園,204.0,1150,4050,9A9x,2603,2026-03-23
永豐市政,208.5,51,0,9A9W,2603,2026-03-23
永豐市政,207.5,2006,0,9A9W,2603,2026-03-23
永豐市政,206.5,2236,70,9A9W,2603,2026-03-23
永豐市政,205.5,1406,0,9A9W,2603,2026-03-23
永豐市政,204.5,3133,100,9A9W,2603,2026-03-23
永豐市政,203.5,62,0,9A9W,2603,2026-03-23
永豐中正,207.5,0,1000,9A9U,2603,2026-03-23
永豐中正,206.5,4016,0,9A9U,2603,2026-03-23
永豐中正,205.5,20,1000,9A9U,2603,2026-03-23
永豐中正,204.5,3108,90000,9A9U,2603,2026-03-23
永豐中正,203.0,2000,0,9A9U,2603,2026-03-23
永豐南京,205.0,11010,0,9A9S,2603,2026-03-23
永豐南京,204.0,2000,0,9A9S,2603,2026-03-23
永豐彰化,207.0,64,0,9A9s,2603,2026-03-23
永豐南投,204.5,10,5250,9A9M,2603,2026-03-23
元富大昌,205.5,3005,10,9B2D,2603,2026-03-23
元富大昌,207.5,2006,0,9B2D,2603,2026-03-23
富邦苗栗,204.5,31050,1000,9657,2603,2026-03-23
富邦苗栗,203.5,1050,0,9657,2603,2026-03-23
富邦板橋,208.5,2001,0,9655,2603,2026-03-23
富邦板橋,207.5,3000,63450,9655,2603,2026-03-23
富邦板橋,206.5,3440,85,9655,2603,2026-03-23
富邦板橋,205.5,2232,400,9655,2603,2026-03-23
富邦板橋,204.5,5282,4950,9655,2603,2026-03-23
富邦板橋,203.5,2100,0,9655,2603,2026-03-23
臺銀高雄,206.5,2430,300,104C,2603,2026-03-23
富邦永和,207.5,1085,0,9654,2603,2026-03-23
元富嘉義,206.0,1005,0,9B2I,2603,2026-03-23
富邦苗栗,205.5,5,0,9657,2603,2026-03-23
元富嘉義,204.5,0,3100,9B2I,2603,2026-03-23
元富中港,205.0,200,0,9B2i,2603,2026-03-23
元富中港,203.5,5000,0,9B2i,2603,2026-03-23
元富信義,208.0,4,0,9B2H,2603,2026-03-23
元富信義,206.0,7000,100,9B2H,2603,2026-03-23
元富信義,205.0,2000,0,9B2H,2603,2026-03-23
元富信義,204.0,0,1000,9B2H,2603,2026-03-23
元富新竹,207.0,300,1,9B2G,2603,2026-03-23
元富新竹,204.5,100,2000,9B2G,2603,2026-03-23
元富中原,206.5,2001,2000,9B2g,2603,2026-03-23
元富中原,205.0,2000,1000,9B2g,2603,2026-03-23
元富中原,204.0,2000,0,9B2g,2603,2026-03-23
元富嘉義,203.5,5000,0,9B2I,2603,2026-03-23
富邦苗栗,206.5,0,2,9657,2603,2026-03-23
富邦苗栗,207.5,1050,0,9657,2603,2026-03-23
富邦建國,203.0,1000,1000,9658,2603,2026-03-23
富邦新店,208.5,200,0,9661,2603,2026-03-23
富邦新店,207.5,3010,0,9661,2603,2026-03-23
富邦新店,206.5,2052,0,9661,2603,2026-03-23
富邦新店,205.5,1122,4000,9661,2603,2026-03-23
富邦新店,204.5,5207,0,9661,2603,2026-03-23
富邦新店,203.5,2102,0,9661,2603,2026-03-23
富邦彰化,208.0,1000,0,965U,2603,2026-03-23
富邦彰化,206.5,1012,0,965U,2603,2026-03-23
富邦彰化,205.5,40,9,965U,2603,2026-03-23
富邦彰化,204.5,1406,1020,965U,2603,2026-03-23
富邦台中,208.5,1,30,965K,2603,2026-03-23
富邦台中,207.5,2000,0,965K,2603,2026-03-23
富邦台中,206.5,90,0,965K,2603,2026-03-23
富邦台中,205.0,1157,1000,965K,2603,2026-03-23
富邦台中,204.0,2210,0,965K,2603,2026-03-23
富邦高雄,208.0,5000,1000,9659,2603,2026-03-23
富邦高雄,207.0,3106,0,9659,2603,2026-03-23
富邦高雄,206.0,5471,0,9659,2603,2026-03-23
富邦高雄,205.0,3150,1000,9659,2603,2026-03-23
富邦高雄,204.0,4111,0,9659,2603,2026-03-23
富邦高雄,203.0,3000,0,9659,2603,2026-03-23
富邦建國,207.0,1100,1000,9658,2603,2026-03-23
富邦建國,206.0,52,1000,9658,2603,2026-03-23
富邦建國,205.0,18430,2000,9658,2603,2026-03-23
富邦建國,204.0,4198,2000,9658,2603,2026-03-23
元富中原,203.0,2000,0,9B2g,2603,2026-03-23
元富城中,207.0,300,0,9B2E,2603,2026-03-23
元富城中,205.5,21,0,9B2E,2603,2026-03-23
元富城中,204.5,2000,0,9B2E,2603,2026-03-23
富邦北高,205.5,0,1600,962Q,2603,2026-03-23
富邦北高,204.5,6,418,962Q,2603,2026-03-23
富邦頭份,206.5,1050,0,962P,2603,2026-03-23
富邦頭份,204.5,2000,0,962P,2603,2026-03-23
富邦三峽,208.5,2,0,962J,2603,2026-03-23
富邦三峽,207.5,1,2,962J,2603,2026-03-23
富邦三峽,206.5,103,3,962J,2603,2026-03-23
富邦三峽,205.5,13,3,962J,2603,2026-03-23
富邦三峽,204.5,53,7,962J,2603,2026-03-23
富邦三峽,203.5,1,1,962J,2603,2026-03-23
富邦斗六,206.5,100,0,962G,2603,2026-03-23
富邦斗六,204.0,2100,0,962G,2603,2026-03-23
富邦樹林,208.0,200,0,962E,2603,2026-03-23
富邦樹林,207.0,200,0,962E,2603,2026-03-23
富邦樹林,206.0,2,0,962E,2603,2026-03-23
富邦樹林,205.0,0,10,962E,2603,2026-03-23
富邦樹林,204.0,300,4000,962E,2603,2026-03-23
富邦樹林,203.0,1000,0,962E,2603,2026-03-23
富邦新莊,206.0,420,0,962D,2603,2026-03-23
富邦新莊,205.0,4045,0,962D,2603,2026-03-23
富邦新莊,203.5,1060,0,962D,2603,2026-03-23
富邦竹科,208.0,1000,0,962C,2603,2026-03-23
富邦竹科,207.0,0,50,962C,2603,2026-03-23
富邦竹科,206.0,130,0,962C,2603,2026-03-23
富邦竹科,205.0,3281,10000,962C,2603,2026-03-23
富邦北高,206.5,43,0,962Q,2603,2026-03-23
元富大昌,206.5,355,0,9B2D,2603,2026-03-23
富邦羅東,203.0,2000,0,9634,2603,2026-03-23
富邦羅東,205.5,1000,0,9634,2603,2026-03-23
元富大昌,208.5,5,0,9B2D,2603,2026-03-23
富邦永和,206.5,1137,5000,9654,2603,2026-03-23
富邦永和,205.5,2446,0,9654,2603,2026-03-23
富邦永和,204.5,2190,154,9654,2603,2026-03-23
富邦永和,203.5,2034,2000,9654,2603,2026-03-23
富邦新竹,208.0,10,10,9647,2603,2026-03-23
富邦新竹,207.0,0,50,9647,2603,2026-03-23
富邦新竹,206.0,220,0,9647,2603,2026-03-23
富邦新竹,205.0,6260,0,9647,2603,2026-03-23
富邦新竹,204.0,1530,1020,9647,2603,2026-03-23
富邦新竹,203.0,3000,0,9647,2603,2026-03-23
富邦豐原,204.5,1000,0,963L,2603,2026-03-23
富邦八德,208.0,1000,0,963A,2603,2026-03-23
富邦八德,206.5,1000,0,963A,2603,2026-03-23
富邦八德,205.0,1050,8000,963A,2603,2026-03-23
富邦八德,204.0,1000,0,963A,2603,2026-03-23
富邦中壢,208.5,27,0,9636,2603,2026-03-23
富邦中壢,207.5,10,5000,9636,2603,2026-03-23
富邦中壢,206.5,450,0,9636,2603,2026-03-23
富邦中壢,205.5,9425,0,9636,2603,2026-03-23
富邦中壢,204.5,3432,15,9636,2603,2026-03-23
富邦中壢,203.5,1130,1000,9636,2603,2026-03-23
富邦羅東,208.5,50,0,9634,2603,2026-03-23
富邦羅東,207.5,2000,0,9634,2603,2026-03-23
富邦羅東,206.5,1100,1000,9634,2603,2026-03-23
富邦羅東,204.5,5000,0,9634,2603,2026-03-23
富邦敦南,203.5,200,0,9663,2603,2026-03-23
永豐台中,208.5,2,0,9A9L,2603,2026-03-23
永豐台中,206.0,1103,0,9A9L,2603,2026-03-23
元大鹿港,204.0,1191,1000,989S,2603,2026-03-23
元大汐止,208.5,100,0,989Q,2603,2026-03-23
元大汐止,206.5,2100,0,989Q,2603,2026-03-23
元大汐止,205.5,153,0,989Q,2603,2026-03-23
元大汐止,204.5,1717,300,989Q,2603,2026-03-23
元大汐止,203.5,1100,0,989Q,2603,2026-03-23
元大敦南,208.5,47,0,989P,2603,2026-03-23
元大敦南,207.0,15,0,989P,2603,2026-03-23
元大敦南,206.0,1000,0,989P,2603,2026-03-23
元大敦南,204.5,1005,0,989P,2603,2026-03-23
元大敦南,203.5,0,1000,989P,2603,2026-03-23
元大鹿港,205.0,8230,2000,989S,2603,2026-03-23
元大內湖,208.5,100,0,989N,2603,2026-03-23
元大內湖,206.5,100,65000,989N,2603,2026-03-23
元大內湖,205.5,2100,35000,989N,2603,2026-03-23
元大內湖,204.5,1030,509000,989N,2603,2026-03-23
元大內湖,203.5,2100,139000,989N,2603,2026-03-23
元大信義,208.0,2000,0,989m,2603,2026-03-23
元大信義,205.0,18,0,989m,2603,2026-03-23
元大信義,204.0,1000,0,989m,2603,2026-03-23
元大成功,208.0,1020,1000,989L,2603,2026-03-23
元大成功,207.0,3305,0,989L,2603,2026-03-23
元大成功,206.0,6000,1000,989L,2603,2026-03-23
元大成功,205.0,1000,0,989L,2603,2026-03-23
元大內湖,207.5,0,25011,989N,2603,2026-03-23
元大鹿港,206.0,1020,1000,989S,2603,2026-03-23
元大鹿港,207.0,3179,0,989S,2603,2026-03-23
元大大甲,203.5,1000,0,989U,2603,2026-03-23
元大小港,208.5,50,0,989Z,2603,2026-03-23
元大小港,207.0,1202,0,989Z,2603,2026-03-23
元大小港,206.0,1150,0,989Z,2603,2026-03-23
元大小港,205.0,2850,0,989Z,2603,2026-03-23
元大小港,204.0,2520,400,989Z,2603,2026-03-23
元大基隆,208.0,1000,0,989Y,2603,2026-03-23
元大基隆,206.0,2050,0,989Y,2603,2026-03-23
元大基隆,205.0,2000,50,989Y,2603,2026-03-23
元大基隆,204.0,8000,0,989Y,2603,2026-03-23
元大三民,208.5,10,0,989X,2603,2026-03-23
元大三民,205.0,1080,14000,989X,2603,2026-03-23
元大三民,204.0,4000,0,989X,2603,2026-03-23
元大站前,207.5,1000,0,989W,2603,2026-03-23
元大站前,206.5,1000,0,989W,2603,2026-03-23
元大站前,205.5,10,450,989W,2603,2026-03-23
元大站前,204.5,10,0,989W,2603,2026-03-23
元大站前,203.5,10,0,989W,2603,2026-03-23
元大北重,207.5,1000,0,989V,2603,2026-03-23
元大北重,206.0,4100,0,989V,2603,2026-03-23
元大北重,205.0,2000,500,989V,2603,2026-03-23
元大北重,203.5,11,20000,989V,2603,2026-03-23
元大大甲,207.5,1000,0,989U,2603,2026-03-23
元大大甲,206.5,1000,300,989U,2603,2026-03-23
元大大甲,205.5,300,0,989U,2603,2026-03-23
元大大甲,204.5,1,0,989U,2603,2026-03-23
元大成功,204.0,4000,0,989L,2603,2026-03-23
元大古亭,207.0,5,0,989k,2603,2026-03-23
元大古亭,205.5,0,6,989k,2603,2026-03-23
元大古亭,204.5,1020,0,989k,2603,2026-03-23
元大高雄,203.5,100,2000,989F,2603,2026-03-23
元大東港,207.5,100,20,989f,2603,2026-03-23
元大東港,206.0,210,7000,989f,2603,2026-03-23
元大東港,205.0,0,200,989f,2603,2026-03-23
元大東港,204.0,1140,1000,989f,2603,2026-03-23
元大草屯,208.5,55,0,989E,2603,2026-03-23
元大草屯,207.5,1000,0,989E,2603,2026-03-23
元大草屯,206.0,55,0,989E,2603,2026-03-23
元大草屯,205.0,3947,0,989E,2603,2026-03-23
元大草屯,204.0,2187,1000,989E,2603,2026-03-23
元大草屯,203.0,1000,0,989E,2603,2026-03-23
元大中和,207.5,1005,0,989e,2603,2026-03-23
元大中和,206.0,2005,0,989e,2603,2026-03-23
元大中和,205.0,5100,1000,989e,2603,2026-03-23
元大中和,204.0,2320,0,989e,2603,2026-03-23
元大左營,208.0,1000,0,989D,2603,2026-03-23
元大左營,205.5,0,140,989D,2603,2026-03-23
元大左營,204.5,15100,200,989D,2603,2026-03-23
元大左營,203.0,4000,0,989D,2603,2026-03-23
元大北屯,207.5,1000,0,989d,2603,2026-03-23
元大北屯,206.5,1000,0,989d,2603,2026-03-23
元大北屯,205.0,0,1000,989d,2603,2026-03-23
元大北屯,204.0,150,25,989d,2603,2026-03-23
元大板橋,207.5,90,0,989C,2603,2026-03-23
元大板橋,206.5,131,0,989C,2603,2026-03-23
元大高雄,204.5,22,3000,989F,2603,2026-03-23
永豐金,203.5,5415,28001,9A00,2603,2026-03-23
元大高雄,205.5,1312,100,989F,2603,2026-03-23
元大高雄,207.5,2000,0,989F,2603,2026-03-23
元大古亭,203.5,1000,0,989k,2603,2026-03-23
元大彰生,206.5,1000,0,989J,2603,2026-03-23
元大彰生,205.5,2210,0,989J,2603,2026-03-23
元大彰生,204.5,3020,2000,989J,2603,2026-03-23
元大彰生,203.5,1000,0,989J,2603,2026-03-23
元大樹林,207.5,15000,0,989j,2603,2026-03-23
元大樹林,206.5,10015,0,989j,2603,2026-03-23
元大樹林,205.5,15090,300,989j,2603,2026-03-23
元大樹林,204.5,32100,4000,989j,2603,2026-03-23
元大樹林,203.5,2015,0,989j,2603,2026-03-23
元大蘆中,208.5,400,0,989I,2603,2026-03-23
元大蘆中,207.0,1000,0,989I,2603,2026-03-23
元大蘆中,206.0,3110,500,989I,2603,2026-03-23
元大蘆中,205.0,2130,0,989I,2603,2026-03-23
元大蘆中,204.0,300,0,989I,2603,2026-03-23
元大大同,208.0,1000,0,989G,2603,2026-03-23
元大大同,206.0,70,0,989G,2603,2026-03-23
元大大同,205.0,5180,0,989G,2603,2026-03-23
元大大同,204.0,3000,0,989G,2603,2026-03-23
元大嘉義,208.0,1,0,989g,2603,2026-03-23
元大嘉義,207.0,1050,0,989g,2603,2026-03-23
元大嘉義,206.0,20,0,989g,2603,2026-03-23
元大嘉義,205.0,20,1000,989g,2603,2026-03-23
元大嘉義,204.0,20,5000,989g,2603,2026-03-23
元大高雄,208.5,20,0,989F,2603,2026-03-23
元大高雄,206.5,150,100,989F,2603,2026-03-23
永豐台中,207.0,20,750,9A9L,2603,2026-03-23
永豐金,204.5,22460,14556,9A00,2603,2026-03-23
永豐金,206.5,14404,5876,9A00,2603,2026-03-23
永豐內湖,206.5,2,0,9A9g,2603,2026-03-23
永豐內湖,205.5,200,0,9A9g,2603,2026-03-23
永豐內湖,204.5,1000,0,9A9g,2603,2026-03-23
永豐內湖,203.5,200,0,9A9g,2603,2026-03-23
永豐高雄,208.0,2000,0,9A9e,2603,2026-03-23
永豐高雄,207.0,130,100,9A9e,2603,2026-03-23
永豐高雄,205.5,30,0,9A9e,2603,2026-03-23
永豐高雄,204.5,2160,4000,9A9e,2603,2026-03-23
永豐高雄,203.5,150,0,9A9e,2603,2026-03-23
永豐忠孝,208.5,3,0,9A9D,2603,2026-03-23
永豐忠孝,207.0,50,0,9A9D,2603,2026-03-23
永豐內湖,207.5,2004,0,9A9g,2603,2026-03-23
永豐忠孝,205.0,2065,0,9A9D,2603,2026-03-23
永豐古亭,206.5,230,0,9A9d,2603,2026-03-23
永豐古亭,205.5,1000,0,9A9d,2603,2026-03-23
永豐古亭,204.5,150,0,9A9d,2603,2026-03-23
永豐員林,206.5,1000,0,9A9C,2603,2026-03-23
永豐員林,205.5,300,0,9A9C,2603,2026-03-23
永豐員林,204.5,1195,0,9A9C,2603,2026-03-23
永豐員林,203.5,67,0,9A9C,2603,2026-03-23
永豐永康,205.0,0,5,9A9c,2603,2026-03-23
永豐永康,204.0,0,6000,9A9c,2603,2026-03-23
永豐永康,203.0,0,15000,9A9c,2603,2026-03-23
永豐中和,207.0,1000,0,9A9B,2603,2026-03-23
永豐忠孝,203.0,1000,0,9A9D,2603,2026-03-23
永豐天母,204.0,3025,20000,9A9G,2603,2026-03-23
永豐天母,205.0,11200,0,9A9G,2603,2026-03-23
永豐天母,206.5,200,0,9A9G,2603,2026-03-23
永豐台中,205.0,2180,0,9A9L,2603,2026-03-23
永豐台中,204.0,10070,200,9A9L,2603,2026-03-23
永豐三重,207.0,1000,0,9A9K,2603,2026-03-23
永豐三重,206.0,1103,0,9A9K,2603,2026-03-23
永豐三重,205.0,1196,0,9A9K,2603,2026-03-23
永豐三重,204.0,2003,1000,9A9K,2603,2026-03-23
永豐板新,208.5,2,0,9A9J,2603,2026-03-23
永豐板新,207.5,16000,0,9A9J,2603,2026-03-23
永豐板新,206.5,100,0,9A9J,2603,2026-03-23
永豐板新,205.5,70,0,9A9J,2603,2026-03-23
永豐板新,204.5,2051,1020,9A9J,2603,2026-03-23
永豐板新,203.5,50,100,9A9J,2603,2026-03-23
永豐嘉義,208.5,101,0,9A9j,2603,2026-03-23
永豐嘉義,205.5,1100,0,9A9j,2603,2026-03-23
永豐嘉義,204.5,3062,1000,9A9j,2603,2026-03-23
永豐新店,207.5,4000,0,9A9i,2603,2026-03-23
永豐新店,204.0,10000,200,9A9i,2603,2026-03-23
永豐新莊,207.0,200,0,9A9H,2603,2026-03-23
永豐新莊,205.0,1080,0,9A9H,2603,2026-03-23
永豐台南,208.0,3000,400,9A9h,2603,2026-03-23
永豐台南,207.0,1000,3000,9A9h,2603,2026-03-23
永豐台南,206.0,2000,0,9A9h,2603,2026-03-23
永豐台南,205.0,4223,2100,9A9h,2603,2026-03-23
永豐台南,204.0,17550,0,9A9h,2603,2026-03-23
永豐台南,203.0,3000,0,9A9h,2603,2026-03-23
永豐中和,205.5,1050,0,9A9B,2603,2026-03-23
永豐中和,204.5,25,0,9A9B,2603,2026-03-23
永豐中和,203.5,100,0,9A9B,2603,2026-03-23
永豐羅東,207.0,15,0,9A9A,2603,2026-03-23
永豐松山,203.0,2000,0,9A91,2603,2026-03-23
永豐敦南,208.5,10,0,9A8F,2603,2026-03-23
永豐敦南,206.0,6300,0,9A8F,2603,2026-03-23
永豐敦南,205.0,45,0,9A8F,2603,2026-03-23
永豐敦南,204.0,125,1000,9A8F,2603,2026-03-23
永豐敦南,203.0,3000,0,9A8F,2603,2026-03-23
永豐敦北,206.0,0,6000,9A89,2603,2026-03-23
永豐敦北,205.0,2082,0,9A89,2603,2026-03-23
永豐敦北,204.0,1510,0,9A89,2603,2026-03-23
永豐匯立,208.0,15000,0,9A81,2603,2026-03-23
永豐匯立,207.0,18000,0,9A81,2603,2026-03-23
永豐匯立,206.0,115000,0,9A81,2603,2026-03-23
永豐匯立,205.0,78000,0,9A81,2603,2026-03-23
永豐匯立,204.0,107000,2000,9A81,2603,2026-03-23
永豐匯立,203.0,6000,0,9A81,2603,2026-03-23
永豐埔里,208.0,2000,0,9A79,2603,2026-03-23
永豐埔里,206.0,150,0,9A79,2603,2026-03-23
永豐埔里,205.0,100,268,9A79,2603,2026-03-23
永豐埔里,203.5,2000,1000,9A79,2603,2026-03-23
永豐屏東,205.0,10,0,9A69,2603,2026-03-23
永豐鳳山,206.0,1200,0,9A61,2603,2026-03-23
永豐鳳山,205.0,132,0,9A61,2603,2026-03-23
永豐鳳山,204.0,1000,0,9A61,2603,2026-03-23
永豐金,208.5,203,100,9A00,2603,2026-03-23
永豐金,207.5,4030,4000,9A00,2603,2026-03-23
永豐松山,204.0,1000,9050,9A91,2603,2026-03-23
永豐金,205.5,13252,18027,9A00,2603,2026-03-23
永豐松山,205.0,1700,4000,9A91,2603,2026-03-23
永豐松山,207.0,2000,0,9A91,2603,2026-03-23
永豐羅東,205.0,3100,0,9A9A,2603,2026-03-23
永豐羅東,204.0,1100,50,9A9A,2603,2026-03-23
永豐苓雅,208.0,4000,28,9A9a,2603,2026-03-23
永豐苓雅,206.5,1000,100,9A9a,2603,2026-03-23
永豐苓雅,205.5,2000,0,9A9a,2603,2026-03-23
永豐苓雅,204.5,1100,3012,9A9a,2603,2026-03-23
永豐苓雅,203.5,10,0,9A9a,2603,2026-03-23
永豐中壢,208.5,5,0,9A99,2603,2026-03-23
永豐中壢,207.5,0,3000,9A99,2603,2026-03-23
永豐中壢,206.5,165,0,9A99,2603,2026-03-23
永豐中壢,205.5,150,0,9A99,2603,2026-03-23
永豐中壢,204.5,0,1000,9A99,2603,2026-03-23
永豐中壢,203.5,100,0,9A99,2603,2026-03-23
永豐大園,206.5,5,0,9A98,2603,2026-03-23
永豐大園,205.5,1000,0,9A98,2603,2026-03-23
永豐大園,204.5,1150,0,9A98,2603,2026-03-23
永豐大園,203.0,2000,0,9A98,2603,2026-03-23
永豐新竹,207.0,2000,0,9A97,2603,2026-03-23
永豐新竹,206.0,10010,0,9A97,2603,2026-03-23
永豐新竹,205.0,1100,1000,9A97,2603,2026-03-23
永豐新竹,204.0,2040,25000,9A97,2603,2026-03-23
永豐萬盛,206.5,50,0,9A92,2603,2026-03-23
永豐萬盛,205.5,150,7,9A92,2603,2026-03-23
永豐萬盛,204.5,2028,1000,9A92,2603,2026-03-23
永豐萬盛,203.5,170,0,9A92,2603,2026-03-23
永豐松山,206.0,2000,0,9A91,2603,2026-03-23
富邦敦南,204.5,2050,3000,9663,2603,2026-03-23
富邦永和,208.5,9,0,9654,2603,2026-03-23
富邦敦南,207.0,1100,0,9663,2603,2026-03-23
元大員林,205.5,0,2000,9889,2603,2026-03-23
元大員林,207.0,0,500,9889,2603,2026-03-23
元大桃園,203.0,1000,0,988B,2603,2026-03-23
元大桃園,204.0,1003,7000,988B,2603,2026-03-23
元大桃園,205.0,3110,1000,988B,2603,2026-03-23
元大桃園,206.0,100,100,988B,2603,2026-03-23
元大桃園,207.0,4,300,988B,2603,2026-03-23
元大桃園,208.0,1000,4000,988B,2603,2026-03-23
元大三重,204.5,2000,0,988C,2603,2026-03-23
元大三重,207.5,0,1000,988C,2603,2026-03-23
元大長庚,205.0,1000,4000,988V,2603,2026-03-23
元大員林,204.0,1000,0,9889,2603,2026-03-23
元大永和,204.0,300,0,9891,2603,2026-03-23
元大永和,206.0,300,0,9891,2603,2026-03-23
元大永和,207.0,502,0,9891,2603,2026-03-23
元大屏東,203.0,1000,0,9892,2603,2026-03-23
元大屏東,204.0,13125,0,9892,2603,2026-03-23
元大屏東,205.0,1050,0,9892,2603,2026-03-23
元大屏東,206.0,250,0,9892,2603,2026-03-23
元大屏東,207.0,1,0,9892,2603,2026-03-23
元大屏東,208.0,1000,0,9892,2603,2026-03-23
元大大天,203.5,5015,0,9893,2603,2026-03-23
元大大天,204.5,210,0,9893,2603,2026-03-23
元大大天,205.5,0,60,9893,2603,2026-03-23
元大永和,205.0,1070,0,9891,2603,2026-03-23
元大鑫永,207.5,10,0,9888,2603,2026-03-23
合庫桃園,203.5,100,0,102E,2603,2026-03-23
合庫桃園,204.5,1000,0,102E,2603,2026-03-23
土銀花蓮,206.5,100,0,1037,2603,2026-03-23
土銀玉里,205.5,1000,0,1036,2603,2026-03-23
土銀新竹,207.5,1000,0,1035,2603,2026-03-23
土銀新竹,206.0,50,0,1035,2603,2026-03-23
土銀新竹,204.5,1000,0,1035,2603,2026-03-23
土銀嘉義,206.5,0,1000,1034,2603,2026-03-23
土銀嘉義,205.5,3000,0,1034,2603,2026-03-23
土銀嘉義,204.5,1000,0,1034,2603,2026-03-23
土銀嘉義,203.0,2000,0,1034,2603,2026-03-23
土銀高雄,204.0,1000,0,1033,2603,2026-03-23
土銀台中,206.5,1000,0,1031,2603,2026-03-23
土銀台中,204.5,2000,0,1031,2603,2026-03-23
土銀,207.0,2000,0,1030,2603,2026-03-23
土銀,205.5,2000,0,1030,2603,2026-03-23
土銀,204.0,3000,0,1030,2603,2026-03-23
土銀,203.0,1000,0,1030,2603,2026-03-23
合庫三重,205.0,3000,0,102G,2603,2026-03-23
合庫三重,204.0,1000,0,102G,2603,2026-03-23
合庫三重,203.0,3000,0,102G,2603,2026-03-23
合庫西台,207.0,30,0,102F,2603,2026-03-23
合庫西台,205.5,30,0,102F,2603,2026-03-23
合庫西台,204.0,3050,0,102F,2603,2026-03-23
合庫桃園,208.0,20000,0,102E,2603,2026-03-23
合庫桃園,206.5,220,0,102E,2603,2026-03-23
合庫桃園,205.5,0,50,102E,2603,2026-03-23
元大大天,206.5,520,0,9893,2603,2026-03-23
土銀士林,204.0,1070,0,1039,2603,2026-03-23
元大大天,208.0,10000,2000,9893,2603,2026-03-23
元大桃興,204.0,1000,1,9894,2603,2026-03-23
元大中港,206.5,1,0,989B,2603,2026-03-23
元大中港,207.5,1100,0,989B,2603,2026-03-23
元大板橋,203.0,1000,0,989C,2603,2026-03-23
合庫自強,206.0,100,0,102C,2603,2026-03-23
合庫自強,205.0,293,0,102C,2603,2026-03-23
合庫自強,204.0,1000,0,102C,2603,2026-03-23
合庫自強,203.0,2000,0,102C,2603,2026-03-23
合庫新竹,204.5,0,15,102A,2603,2026-03-23
合庫鳳山,207.5,10,0,1029,2603,2026-03-23
合庫鳳山,206.5,105,0,1029,2603,2026-03-23
合庫鳳山,205.5,400,0,1029,2603,2026-03-23
元大中港,205.5,100,1000,989B,2603,2026-03-23
合庫鳳山,204.5,10010,1000,1029,2603,2026-03-23
合庫彰化,208.0,1000,0,1028,2603,2026-03-23
合庫彰化,206.5,19,0,1028,2603,2026-03-23
合庫彰化,205.0,1015,0,1028,2603,2026-03-23
合庫彰化,204.0,1100,0,1028,2603,2026-03-23
合庫彰化,203.0,1000,0,1028,2603,2026-03-23
合庫基隆,207.5,300,0,1025,2603,2026-03-23
合庫基隆,205.0,2000,10,1025,2603,2026-03-23
合庫基隆,204.0,2000,1000,1025,2603,2026-03-23
合庫嘉義,204.5,5000,0,1024,2603,2026-03-23
合庫高雄,208.5,20,0,1023,2603,2026-03-23
合庫高雄,206.0,3000,0,1023,2603,2026-03-23
合庫鳳山,202.5,1000,0,1029,2603,2026-03-23
元大中港,204.5,1020,0,989B,2603,2026-03-23
元大中港,203.5,0,1000,989B,2603,2026-03-23
元大北投,207.0,200,0,989A,2603,2026-03-23
元大桃興,205.0,2164,0,9894,2603,2026-03-23
元大桃興,206.0,3000,0,9894,2603,2026-03-23
元大桃興,207.0,1500,0,9894,2603,2026-03-23
元大台南,203.5,1000,0,9896,2603,2026-03-23
元大台南,204.5,1010,0,9896,2603,2026-03-23
元大台南,206.5,3000,0,9896,2603,2026-03-23
元大台南,208.5,110,0,9896,2603,2026-03-23
元大土城,203.5,1000,0,9897,2603,2026-03-23
元大土城,204.5,100,0,9897,2603,2026-03-23
元大土城,206.0,100,4000,9897,2603,2026-03-23
元大土城,208.0,1000,0,9897,2603,2026-03-23
元大新莊,203.5,1150,0,9898,2603,2026-03-23
元大新莊,204.5,3936,4000,9898,2603,2026-03-23
元大新莊,205.5,1240,0,9898,2603,2026-03-23
元大新莊,207.0,110,0,9898,2603,2026-03-23
富邦敦南,205.5,1350,200,9663,2603,2026-03-23
元大淡水,204.5,314,0,9899,2603,2026-03-23
元大淡水,206.0,5000,0,9899,2603,2026-03-23
元大淡水,208.5,100,0,9899,2603,2026-03-23
元大苑裡,204.5,1,0,989a,2603,2026-03-23
元大苑裡,206.5,10,0,989a,2603,2026-03-23
元大北投,203.0,3000,0,989A,2603,2026-03-23
元大北投,204.0,100,0,989A,2603,2026-03-23
元大北投,205.0,6150,0,989A,2603,2026-03-23
元大北投,206.0,1270,0,989A,2603,2026-03-23
元大桃興,203.0,1000,0,9894,2603,2026-03-23
土銀建國,204.0,200,4000,103A,2603,2026-03-23
土銀建國,206.0,300,0,103A,2603,2026-03-23
土銀彰化,205.5,100,0,103B,2603,2026-03-23
元大南京,207.5,4000,0,9862,2603,2026-03-23
元大和平,203.0,2000,1000,9863,2603,2026-03-23
元大和平,204.0,11,1000,9863,2603,2026-03-23
元大和平,205.0,1030,1011,9863,2603,2026-03-23
元大和平,206.0,2040,0,9863,2603,2026-03-23
元大和平,207.0,20,0,9863,2603,2026-03-23
元大民權,203.0,1000,0,9867,2603,2026-03-23
元大民權,204.0,7230,1000,9867,2603,2026-03-23
元大民權,205.0,2050,1100,9867,2603,2026-03-23
元大民權,206.0,2100,0,9867,2603,2026-03-23
元大民權,207.0,3000,0,9867,2603,2026-03-23
元大南京,206.5,2000,1000,9862,2603,2026-03-23
元大民權,208.0,2000,0,9867,2603,2026-03-23
元大文心,205.5,70,0,9868,2603,2026-03-23
元大文心,207.0,1,0,9868,2603,2026-03-23
元大新盛,204.5,2000,0,9869,2603,2026-03-23
元大新盛,205.5,20,0,9869,2603,2026-03-23
元大新盛,206.5,1000,2000,9869,2603,2026-03-23
元大新盛,207.5,0,500,9869,2603,2026-03-23
元大基孝,204.5,100,50,986K,2603,2026-03-23
元大基孝,205.5,1050,0,986K,2603,2026-03-23
元大基孝,207.0,0,200,986K,2603,2026-03-23
元大忠孝,203.5,1020,1000,9871,2603,2026-03-23
元大忠孝,204.5,1020,20,9871,2603,2026-03-23
元大文心,204.5,11,0,9868,2603,2026-03-23
元大南京,205.5,1001,1000,9862,2603,2026-03-23
元大南京,204.5,1002,1000,9862,2603,2026-03-23
元大南京,203.5,2004,0,9862,2603,2026-03-23
臺銀高雄,204.5,4133,1308,104C,2603,2026-03-23
臺銀高雄,203.5,1000,5000,104C,2603,2026-03-23
臺銀臺中,208.0,2000,0,104A,2603,2026-03-23
臺銀臺中,207.0,1010,0,104A,2603,2026-03-23
臺銀臺中,206.0,2240,0,104A,2603,2026-03-23
臺銀臺中,205.0,6193,0,104A,2603,2026-03-23
臺銀臺中,204.0,1415,2050,104A,2603,2026-03-23
元大蘆洲,207.5,0,1000,9857,2603,2026-03-23
元大蘆洲,208.5,2,0,9857,2603,2026-03-23
元大龍潭,203.5,3006,0,9858,2603,2026-03-23
元大龍潭,204.5,1021,525,9858,2603,2026-03-23
元大龍潭,205.5,58,2,9858,2603,2026-03-23
元大龍潭,206.5,2024,0,9858,2603,2026-03-23
元大龍潭,207.5,2004,0,9858,2603,2026-03-23
元大經國,203.0,6000,0,9859,2603,2026-03-23
元大經國,204.5,1000,1000,9859,2603,2026-03-23
元大經國,205.5,0,2000,9859,2603,2026-03-23
元大經國,206.5,30,0,9859,2603,2026-03-23
元大經國,208.0,2000,3000,9859,2603,2026-03-23
元大鳳中,203.5,1040,0,985C,2603,2026-03-23
元大鳳中,205.0,1340,0,985C,2603,2026-03-23
元大鳳中,206.0,1445,0,985C,2603,2026-03-23
元大鳳中,207.0,105,0,985C,2603,2026-03-23
元大岡山,205.0,100,0,985F,2603,2026-03-23
元大岡山,208.5,100,0,985F,2603,2026-03-23
元大忠孝,205.5,1030,160,9871,2603,2026-03-23
元大忠孝,206.5,270,7000,9871,2603,2026-03-23
元大忠孝,208.5,25,0,9871,2603,2026-03-23
元大復北,204.0,2050,1120,9872,2603,2026-03-23
元大斗信,207.0,1000,0,9884,2603,2026-03-23
元大鑫永,204.5,20,0,9888,2603,2026-03-23
元大鑫永,206.0,50,0,9888,2603,2026-03-23
臺銀臺中,203.0,1000,0,104A,2603,2026-03-23
臺銀新竹,207.0,1150,30,1045,2603,2026-03-23
臺銀新竹,206.0,1150,0,1045,2603,2026-03-23
臺銀新竹,205.0,6030,0,1045,2603,2026-03-23
臺銀民權,208.0,2000,0,1043,2603,2026-03-23
臺銀民權,207.0,3400,0,1043,2603,2026-03-23
臺銀民權,206.0,3100,0,1043,2603,2026-03-23
臺銀民權,205.0,3300,11000,1043,2603,2026-03-23
臺銀民權,204.0,3004,0,1043,2603,2026-03-23
臺銀臺南,208.5,5,0,1042,2603,2026-03-23
臺銀臺南,207.5,2300,0,1042,2603,2026-03-23
臺銀臺南,206.5,4331,0,1042,2603,2026-03-23
臺銀臺南,205.5,212,75,1042,2603,2026-03-23
臺銀臺南,204.5,2200,0,1042,2603,2026-03-23
臺銀臺南,203.5,300,0,1042,2603,2026-03-23
臺銀,208.0,3000,0,1040,2603,2026-03-23
臺銀,207.0,1205,400,1040,2603,2026-03-23
臺銀,206.0,1540,0,1040,2603,2026-03-23
臺銀,205.0,4057,0,1040,2603,2026-03-23
臺銀,204.0,5110,0,1040,2603,2026-03-23
土銀白河,207.5,5,0,103C,2603,2026-03-23
土銀白河,206.0,5,0,103C,2603,2026-03-23
元大斗信,206.0,0,50,9884,2603,2026-03-23
合庫高雄,205.0,2250,1200,1023,2603,2026-03-23
元大斗信,205.0,50,0,9884,2603,2026-03-23
元大斗信,203.0,1000,0,9884,2603,2026-03-23
元大復北,205.0,6110,6000,9872,2603,2026-03-23
元大復北,206.0,2000,100,9872,2603,2026-03-23
元大復北,207.0,1000,0,9872,2603,2026-03-23
元大復北,208.0,1000,0,9872,2603,2026-03-23
元大雙和,203.5,1380,0,9874,2603,2026-03-23
元大雙和,204.5,10010,0,9874,2603,2026-03-23
元大雙和,205.5,10,0,9874,2603,2026-03-23
元大雙和,206.5,110,2000,9874,2603,2026-03-23
元大雙和,207.5,3100,0,9874,2603,2026-03-23
元大永寧,204.5,11042,2000,9875,2603,2026-03-23
元大永寧,205.5,100,0,9875,2603,2026-03-23
元大永寧,206.5,100,0,9875,2603,2026-03-23
元大金華,203.5,1000,0,9878,2603,2026-03-23
元大金華,204.5,130,0,9878,2603,2026-03-23
元大金華,205.5,205,0,9878,2603,2026-03-23
元大金華,206.5,0,10,9878,2603,2026-03-23
元大金華,207.5,1000,0,9878,2603,2026-03-23
元大板三,204.0,2000,1000,9879,2603,2026-03-23
元大板三,205.5,50,0,9879,2603,2026-03-23
元大板三,206.5,6,0,9879,2603,2026-03-23
元大楊梅,203.0,1000,0,987A,2603,2026-03-23
元大楊梅,204.0,1129,0,987A,2603,2026-03-23
元大楊梅,205.0,6020,0,987A,2603,2026-03-23
元大楊梅,206.0,10104,0,987A,2603,2026-03-23
元大楊梅,207.0,3000,500,987A,2603,2026-03-23
元大斗信,204.0,1150,2000,9884,2603,2026-03-23
合庫高雄,204.0,3200,0,1023,2603,2026-03-23
元大新莊,208.0,10000,0,9898,2603,2026-03-23
合庫台南,206.0,2000,3000,1022,2603,2026-03-23
元大北府,207.0,2010,0,980D,2603,2026-03-23
元大北府,206.0,1005,0,980D,2603,2026-03-23
元大北府,205.0,55,13000,980D,2603,2026-03-23
元大北府,204.0,2000,0,980D,2603,2026-03-23
元大沙鹿,208.0,1200,1000,980d,2603,2026-03-23
元大沙鹿,206.5,5,0,980d,2603,2026-03-23
元大沙鹿,205.0,7135,1000,980d,2603,2026-03-23
元大沙鹿,204.0,1250,1100,980d,2603,2026-03-23
合庫台南,207.0,149,0,1022,2603,2026-03-23
元大斗六,204.0,1200,2000,980C,2603,2026-03-23
元大中北,207.0,50,0,980a,2603,2026-03-23
元大清水,204.0,1000,0,980e,2603,2026-03-23
元大中北,206.0,20,0,980a,2603,2026-03-23
元大中北,204.0,200,0,980a,2603,2026-03-23
元大松江,208.0,3000,0,9801,2603,2026-03-23
元大松江,206.5,100,0,9801,2603,2026-03-23
元大松江,205.5,1110,0,9801,2603,2026-03-23
元大松江,204.5,1061,0,9801,2603,2026-03-23
元大松江,203.5,2000,0,9801,2603,2026-03-23
元大,208.5,0,7420,9800,2603,2026-03-23
元大,207.5,22000,91473,9800,2603,2026-03-23
元大,206.5,70110,56200,9800,2603,2026-03-23
元大,205.5,22091,72718,9800,2603,2026-03-23
元大,204.5,131466,126323,9800,2603,2026-03-23
元大中北,205.0,125,0,980a,2603,2026-03-23
元大清水,205.0,120,3000,980e,2603,2026-03-23
元大清水,206.0,1000,0,980e,2603,2026-03-23
元大清水,207.0,1040,0,980e,2603,2026-03-23
元大西屯,205.5,1010,0,980w,2603,2026-03-23
元大西屯,204.5,79,0,980w,2603,2026-03-23
元大西屯,203.5,70,0,980w,2603,2026-03-23
元大府城,206.0,1000,0,980u,2603,2026-03-23
元大府城,205.0,1150,200,980u,2603,2026-03-23
元大府城,203.5,2000,0,980u,2603,2026-03-23
元大南海,207.5,0,1000,980R,2603,2026-03-23
元大南海,204.5,1000,0,980R,2603,2026-03-23
元大南崁,207.0,0,1000,980Q,2603,2026-03-23
元大南崁,205.5,15,0,980Q,2603,2026-03-23
元大南崁,204.0,2000,1000,980Q,2603,2026-03-23
元大南崁,203.0,1000,0,980Q,2603,2026-03-23
元大虎尾,207.5,0,1000,980l,2603,2026-03-23
元大虎尾,206.5,100,1000,980l,2603,2026-03-23
元大虎尾,205.5,2,0,980l,2603,2026-03-23
元大虎尾,204.5,1110,0,980l,2603,2026-03-23
元大竹科,208.5,1,0,980K,2603,2026-03-23
元大竹科,207.0,1005,0,980K,2603,2026-03-23
元大竹科,205.5,0,160,980K,2603,2026-03-23
元大竹科,204.5,2001,0,980K,2603,2026-03-23
元大竹科,203.5,1000,0,980K,2603,2026-03-23
元大台北,208.0,3000,0,980h,2603,2026-03-23
元大台北,206.0,78,268,980h,2603,2026-03-23
元大台北,205.0,3290,0,980h,2603,2026-03-23
元大台北,204.0,1052,1000,980h,2603,2026-03-23
元大,203.5,135089,60052,9800,2603,2026-03-23
元大,202.5,0,1000,9800,2603,2026-03-23
富邦北港,206.5,1300,0,969C,2603,2026-03-23
富邦北港,205.0,9000,0,969C,2603,2026-03-23
富邦仁愛,202.5,2000,0,9676,2603,2026-03-23
富邦員林,207.5,1200,1000,9672,2603,2026-03-23
富邦員林,206.5,200,200,9672,2603,2026-03-23
富邦員林,205.5,1045,0,9672,2603,2026-03-23
富邦員林,204.5,450,0,9672,2603,2026-03-23
富邦左營,207.5,50,0,966F,2603,2026-03-23
富邦左營,205.5,0,100,966F,2603,2026-03-23
富邦左營,204.5,262,200,966F,2603,2026-03-23
富邦左營,203.5,6,0,966F,2603,2026-03-23
富邦台南,208.0,1000,0,9667,2603,2026-03-23
富邦台南,207.0,4043,0,9667,2603,2026-03-23
富邦台南,206.0,660,0,9667,2603,2026-03-23
富邦台南,205.0,2382,0,9667,2603,2026-03-23
富邦台南,204.0,6203,1000,9667,2603,2026-03-23
富邦南屯,208.0,1000,0,9666,2603,2026-03-23
富邦南屯,207.0,1000,1000,9666,2603,2026-03-23
富邦南屯,205.5,400,1000,9666,2603,2026-03-23
富邦南屯,204.5,1010,2200,9666,2603,2026-03-23
富邦南屯,203.5,1000,0,9666,2603,2026-03-23
富邦桃園,207.5,105,0,9665,2603,2026-03-23
富邦桃園,206.5,510,0,9665,2603,2026-03-23
富邦桃園,205.5,4000,1000,9665,2603,2026-03-23
富邦桃園,204.5,1120,0,9665,2603,2026-03-23
富邦桃園,203.5,302,0,9665,2603,2026-03-23
富邦敦南,208.0,0,3000,9663,2603,2026-03-23
富邦仁愛,203.5,3000,1200,9676,2603,2026-03-23
元大西屯,206.5,1030,0,980w,2603,2026-03-23
富邦仁愛,204.5,4563,2000,9676,2603,2026-03-23
富邦仁愛,206.5,1550,200,9676,2603,2026-03-23
富邦北港,204.0,50,0,969C,2603,2026-03-23
富邦虎尾,208.0,1000,0,9697,2603,2026-03-23
富邦虎尾,207.0,1060,1000,9697,2603,2026-03-23
富邦虎尾,205.5,100,0,9697,2603,2026-03-23
富邦虎尾,204.5,1000,3000,9697,2603,2026-03-23
富邦虎尾,203.0,0,2000,9697,2603,2026-03-23
富邦新營,206.0,20,300,9693,2603,2026-03-23
富邦新營,204.5,3001,1000,9693,2603,2026-03-23
富邦嘉義,207.5,1010,0,9692,2603,2026-03-23
富邦嘉義,206.5,1000,0,9692,2603,2026-03-23
富邦嘉義,205.5,10,0,9692,2603,2026-03-23
富邦嘉義,204.5,2500,0,9692,2603,2026-03-23
富邦嘉義,203.5,5002,150,9692,2603,2026-03-23
富邦宜蘭,207.5,200,0,9686,2603,2026-03-23
富邦宜蘭,206.5,0,12,9686,2603,2026-03-23
富邦宜蘭,205.5,1000,1000,9686,2603,2026-03-23
富邦宜蘭,204.5,5105,0,9686,2603,2026-03-23
富邦宜蘭,203.5,105,0,9686,2603,2026-03-23
富邦三重,208.5,100,0,9677,2603,2026-03-23
富邦三重,207.0,1002,0,9677,2603,2026-03-23
富邦三重,206.0,5105,0,9677,2603,2026-03-23
富邦三重,205.0,1300,10,9677,2603,2026-03-23
富邦三重,204.0,3100,1000,9677,2603,2026-03-23
富邦三重,203.0,2000,0,9677,2603,2026-03-23
富邦仁愛,207.5,6,50,9676,2603,2026-03-23
富邦仁愛,205.5,4192,6000,9676,2603,2026-03-23
元大西屯,207.5,1000,0,980w,2603,2026-03-23
元大斗六,205.0,1050,0,980C,2603,2026-03-23
元大台中,204.5,50,0,9812,2603,2026-03-23
元富桃園,205.0,630,0,9B2v,2603,2026-03-23
元大台中,203.0,1000,0,9812,2603,2026-03-23
元富桃園,206.5,500,0,9B2v,2603,2026-03-23
元富佳里,204.5,5000,0,9B2w,2603,2026-03-23
元富佳里,205.5,15,0,9B2w,2603,2026-03-23
元富佳里,206.5,1000,0,9B2w,2603,2026-03-23
元富吉利,203.5,1000,0,9B2W,2603,2026-03-23
元富吉利,206.5,1000,0,9B2W,2603,2026-03-23
元富草屯,204.0,1000,0,9B2X,2603,2026-03-23
元富草屯,208.0,23,0,9B2X,2603,2026-03-23
元富花蓮,204.0,2000,200,9B2y,2603,2026-03-23
元富花蓮,205.0,1005,200,9B2y,2603,2026-03-23
元富花蓮,206.0,5000,0,9B2y,2603,2026-03-23
元富花蓮,207.5,1000,0,9B2y,2603,2026-03-23
元富埔里,204.5,50,20000,9B2Y,2603,2026-03-23
元富埔里,205.5,10,0,9B2Y,2603,2026-03-23
元富埔里,206.5,10,0,9B2Y,2603,2026-03-23
元富文心,203.0,2000,0,9B2z,2603,2026-03-23
元富文心,204.0,5,0,9B2z,2603,2026-03-23
元富文心,205.5,110,0,9B2z,2603,2026-03-23
元富文心,206.5,10,0,9B2z,2603,2026-03-23
元富文心,207.5,2020,0,9B2z,2603,2026-03-23
元富文心,208.5,5,0,9B2z,2603,2026-03-23
元富安南,203.5,1300,0,9B2Z,2603,2026-03-23
元富安南,204.5,300,10,9B2Z,2603,2026-03-23
元富安南,206.0,6000,0,9B2Z,2603,2026-03-23
元富安南,207.0,3000,0,9B2Z,2603,2026-03-23
元富安南,208.0,6000,0,9B2Z,2603,2026-03-23
合庫,204.0,5500,0,1020,2603,2026-03-23
元富成功,206.0,2000,0,9B2m,2603,2026-03-23
合庫,205.0,1388,4000,1020,2603,2026-03-23
元富彰化,204.5,1050,0,9B2M,2603,2026-03-23
元富彰化,208.5,500,0,9B2M,2603,2026-03-23
元富宜蘭,206.0,2600,0,9B2U,2603,2026-03-23
元富宜蘭,205.0,2105,0,9B2U,2603,2026-03-23
元富宜蘭,204.0,1100,0,9B2U,2603,2026-03-23
元富世貿,205.0,3000,0,9B2u,2603,2026-03-23
元富世貿,203.0,2000,0,9B2u,2603,2026-03-23
元富基隆,207.5,1000,0,9B2S,2603,2026-03-23
元富基隆,205.0,1000,0,9B2S,2603,2026-03-23
元富基隆,203.5,15,0,9B2S,2603,2026-03-23
元富城東,207.5,1000,0,9B2r,2603,2026-03-23
元富城東,206.5,10,0,9B2r,2603,2026-03-23
元富城東,205.0,3051,1,9B2r,2603,2026-03-23
元富城東,204.0,2500,0,9B2r,2603,2026-03-23
元富敦南,208.0,23,350,9B2Q,2603,2026-03-23
元富敦南,205.0,0,100,9B2Q,2603,2026-03-23
元富屏東,207.0,1000,0,9B2q,2603,2026-03-23
元富屏東,205.5,80,0,9B2q,2603,2026-03-23
元富屏東,204.0,2,0,9B2q,2603,2026-03-23
元富同大,207.5,1000,0,9B2P,2603,2026-03-23
元富同大,206.0,1050,0,9B2P,2603,2026-03-23
元富同大,204.5,1000,1200,9B2P,2603,2026-03-23
元富同大,203.5,0,1000,9B2P,2603,2026-03-23
元富新興,206.5,0,200,9B2o,2603,2026-03-23
元富新興,205.5,50,1000,9B2o,2603,2026-03-23
元富新興,204.5,100,50,9B2o,2603,2026-03-23
元富新興,203.0,3000,0,9B2o,2603,2026-03-23
元富虎尾,206.0,1020,0,9B2N,2603,2026-03-23
元富虎尾,205.0,1000,0,9B2N,2603,2026-03-23
元富西松,206.5,1001,0,9B2n,2603,2026-03-23
元富西松,204.5,0,2000,9B2n,2603,2026-03-23
元富彰化,205.5,200,0,9B2M,2603,2026-03-23
元富宜蘭,207.0,1200,0,9B2U,2603,2026-03-23
合庫,206.0,5025,0,1020,2603,2026-03-23
合庫,208.0,1000,0,1020,2603,2026-03-23
元大竹北,206.5,17,30,981B,2603,2026-03-23
元大竹北,204.5,1000,0,981B,2603,2026-03-23
元大三峽,208.5,1,0,981A,2603,2026-03-23
元大三峽,207.0,1000,1000,981A,2603,2026-03-23
元大三峽,204.5,1005,0,981A,2603,2026-03-23
元大歸仁,208.0,1,0,981a,2603,2026-03-23
元大歸仁,207.0,4000,0,981a,2603,2026-03-23
元大歸仁,206.0,150,0,981a,2603,2026-03-23
元大歸仁,204.5,2000,0,981a,2603,2026-03-23
元大東泰,207.5,1000,0,9817,2603,2026-03-23
元大東泰,206.5,3,200,9817,2603,2026-03-23
元大東泰,205.5,11,0,9817,2603,2026-03-23
元大東泰,204.5,1000,500,9817,2603,2026-03-23
元大新竹,207.5,5015,0,9816,2603,2026-03-23
元大路竹,204.0,2050,500,981C,2603,2026-03-23
元大新竹,206.0,1150,132,9816,2603,2026-03-23
元大新竹,204.0,2300,0,9816,2603,2026-03-23
元大大灣,208.5,50,52,9815,2603,2026-03-23
元大大灣,207.5,1450,6000,9815,2603,2026-03-23
元大大灣,205.5,10,0,9815,2603,2026-03-23
元大大灣,204.5,7078,10000,9815,2603,2026-03-23
元大大灣,203.0,1000,0,9815,2603,2026-03-23
元大大益,206.0,26,0,9814,2603,2026-03-23
元大大益,205.0,1100,1000,9814,2603,2026-03-23
元大大益,204.0,1016,0,9814,2603,2026-03-23
元大八德,207.0,5005,0,9813,2603,2026-03-23
元大八德,206.0,1000,0,9813,2603,2026-03-23
元大八德,204.5,10,0,9813,2603,2026-03-23
元大台中,208.0,0,1000,9812,2603,2026-03-23
元大台中,206.0,1000,0,9812,2603,2026-03-23
元大新竹,205.0,1350,0,9816,2603,2026-03-23
合庫,207.0,4000,4000,1020,2603,2026-03-23
元富大裕,203.0,2000,0,9B2l,2603,2026-03-23
元富大裕,205.5,1200,0,9B2l,2603,2026-03-23
合庫台中,204.0,2000,1123,1021,2603,2026-03-23
合庫台中,205.0,2010,0,1021,2603,2026-03-23
合庫台中,206.0,510,0,1021,2603,2026-03-23
合庫台中,207.0,51,0,1021,2603,2026-03-23
合庫台南,203.0,0,2000,1022,2603,2026-03-23
合庫台南,205.0,0,100,1022,2603,2026-03-23
元富大裕,204.5,200,1000,9B2l,2603,2026-03-23
元富桃園,204.0,3000,0,9B2v,2603,2026-03-23
元富大裕,206.5,1,1000,9B2l,2603,2026-03-23
元富中壢,207.0,1000,0,9B2L,2603,2026-03-23
元富成功,204.0,4000,0,9B2m,2603,2026-03-23
元富成功,205.0,3000,15500,9B2m,2603,2026-03-23
