securities_trader,price,buy,sell,securities_trader_id,stock_id,date
凱基中壢,222.5,2100,1,9285,6239,2026-05-13
凱基鳳山,222.5,1000,0,9274,6239,2026-05-13
凱基鳳山,230.0,0,300,9274,6239,2026-05-13
凱基鳳山,231.5,1000,0,9274,6239,2026-05-13
凱基三多,222.0,100,0,9275,6239,2026-05-13
凱基三多,224.5,0,1000,9275,6239,2026-05-13
凱基三多,232.0,0,60,9275,6239,2026-05-13
凱基苗栗,229.0,1000,0,9276,6239,2026-05-13
凱基永康,222.0,5000,0,9278,6239,2026-05-13
凱基中壢,221.0,1000,0,9285,6239,2026-05-13
凱基永康,229.5,0,5000,9278,6239,2026-05-13
凱基興隆,225.0,10,0,9289,6239,2026-05-13
凱基興隆,221.0,1000,0,9289,6239,2026-05-13
凱基埔墘,224.0,1000,0,9288,6239,2026-05-13
凱基內湖,229.5,1000,0,9287,6239,2026-05-13
凱基中壢,232.0,0,4,9285,6239,2026-05-13
凱基北門,222.0,350,0,9283,6239,2026-05-13
凱基中壢,229.5,1000,0,9285,6239,2026-05-13
凱基中壢,228.0,0,1000,9285,6239,2026-05-13
凱基中壢,223.5,11000,0,9285,6239,2026-05-13
凱基斗六,220.0,100,0,9281,6239,2026-05-13
凱基中壢,231.0,0,3000,9285,6239,2026-05-13
華南永昌,228.5,1000,1000,9300,6239,2026-05-13
華南台南,229.0,0,1100,9306,6239,2026-05-13
華南永昌,226.0,0,1000,9300,6239,2026-05-13
華南永昌,223.0,2000,16201,9300,6239,2026-05-13
華南永昌,231.0,0,1000,9300,6239,2026-05-13
華南永昌,222.0,2,0,9300,6239,2026-05-13
華南永昌,221.0,1000,1000,9300,6239,2026-05-13
凱基文心,231.0,1000,0,9297,6239,2026-05-13
凱基文心,229.0,1000,3000,9297,6239,2026-05-13
凱基文心,224.0,4000,0,9297,6239,2026-05-13
凱基文心,222.5,2,1000,9297,6239,2026-05-13
凱基頭份,221.0,200,0,9296,6239,2026-05-13
凱基大安,223.0,3,0,9291,6239,2026-05-13
凱基興隆,232.0,0,1000,9289,6239,2026-05-13
華南台中,220.5,3000,0,9302,6239,2026-05-13
華南永昌,230.0,11000,1050,9300,6239,2026-05-13
華南台中,222.0,1013,500,9302,6239,2026-05-13
華南台中,230.0,2005,0,9302,6239,2026-05-13
凱基鳳山,220.5,1000,0,9274,6239,2026-05-13
華南台中,231.0,50,2000,9302,6239,2026-05-13
華南高雄,221.0,110,1000,9303,6239,2026-05-13
華南高雄,222.5,300,5000,9303,6239,2026-05-13
華南高雄,223.5,0,200,9303,6239,2026-05-13
華南高雄,229.0,5,1000,9303,6239,2026-05-13
華南高雄,230.0,1000,0,9303,6239,2026-05-13
華南高雄,231.0,1000,0,9303,6239,2026-05-13
華南新莊,229.0,0,1,9305,6239,2026-05-13
華南台南,221.5,3000,1000,9306,6239,2026-05-13
華南台南,223.5,1000,5000,9306,6239,2026-05-13
華南台南,226.0,0,100,9306,6239,2026-05-13
華南台中,224.0,0,200,9302,6239,2026-05-13
凱基竹東,230.0,0,60,9273,6239,2026-05-13
凱基新豐,230.0,0,2050,9266,6239,2026-05-13
凱基竹科,232.0,3030,0,9272,6239,2026-05-13
凱基林口,227.5,150,0,9257,6239,2026-05-13
凱基林口,223.0,200,0,9257,6239,2026-05-13
凱基林口,222.0,0,350,9257,6239,2026-05-13
凱基南崁,230.5,0,1000,9256,6239,2026-05-13
凱基南崁,229.5,0,6000,9256,6239,2026-05-13
凱基南崁,223.0,10,1000,9256,6239,2026-05-13
凱基南崁,221.5,1000,0,9256,6239,2026-05-13
凱基和平,230.5,1000,0,9255,6239,2026-05-13
凱基和平,228.0,0,1000,9255,6239,2026-05-13
凱基和平,222.5,1014,3000,9255,6239,2026-05-13
凱基和平,221.0,1000,0,9255,6239,2026-05-13
凱基科園,229.5,1000,0,9254,6239,2026-05-13
凱基科園,226.5,0,1000,9254,6239,2026-05-13
凱基科園,225.0,0,1000,9254,6239,2026-05-13
凱基嘉義,222.0,5,0,9252,6239,2026-05-13
凱基市政,231.0,0,1000,9239,6239,2026-05-13
凱基市政,229.0,0,100,9239,6239,2026-05-13
凱基市政,223.0,30,0,9239,6239,2026-05-13
凱基市政,221.0,10,0,9239,6239,2026-05-13
凱基士林,232.0,0,2000,9238,6239,2026-05-13
凱基士林,230.5,1000,1000,9238,6239,2026-05-13
凱基士林,224.0,0,1000,9238,6239,2026-05-13
凱基士林,222.5,21005,0,9238,6239,2026-05-13
凱基士林,221.5,10000,0,9238,6239,2026-05-13
凱基敦北,232.0,2000,0,9237,6239,2026-05-13
凱基林口,231.0,0,1000,9257,6239,2026-05-13
凱基竹東,226.5,0,1000,9273,6239,2026-05-13
凱基羅東,221.5,0,800,9258,6239,2026-05-13
凱基羅東,228.5,0,1000,9258,6239,2026-05-13
凱基竹科,231.0,3000,7000,9272,6239,2026-05-13
凱基竹科,230.0,1000,0,9272,6239,2026-05-13
凱基竹科,229.0,2000,0,9272,6239,2026-05-13
凱基竹科,224.0,0,1000,9272,6239,2026-05-13
凱基竹科,222.5,3050,1000,9272,6239,2026-05-13
凱基竹科,221.5,3000,0,9272,6239,2026-05-13
凱基竹科,220.5,1000,0,9272,6239,2026-05-13
凱基台北,231.5,0,10044,9268,6239,2026-05-13
凱基台北,230.5,5025,115000,9268,6239,2026-05-13
凱基台北,229.5,149000,61000,9268,6239,2026-05-13
凱基台北,228.5,7000,9000,9268,6239,2026-05-13
凱基台北,227.5,0,2000,9268,6239,2026-05-13
凱基台北,226.5,3000,2000,9268,6239,2026-05-13
凱基台北,225.5,0,3000,9268,6239,2026-05-13
凱基台北,224.5,15000,0,9268,6239,2026-05-13
凱基台北,223.5,15000,28000,9268,6239,2026-05-13
凱基台北,222.5,97000,62070,9268,6239,2026-05-13
凱基台北,221.5,40000,48000,9268,6239,2026-05-13
凱基台北,220.5,24050,8000,9268,6239,2026-05-13
凱基新豐,231.0,1000,0,9266,6239,2026-05-13
華南台南,230.0,100,0,9306,6239,2026-05-13
凱基新豐,224.0,10,0,9266,6239,2026-05-13
凱基新豐,222.5,250,0,9266,6239,2026-05-13
凱基新豐,220.5,1,0,9266,6239,2026-05-13
凱基羅東,230.5,1000,1000,9258,6239,2026-05-13
凱基羅東,223.5,1000,200,9258,6239,2026-05-13
華南台南,232.0,0,1000,9306,6239,2026-05-13
華南鶯歌,223.0,4000,0,9319,6239,2026-05-13
華南麻豆,220.5,10,0,9308,6239,2026-05-13
華南頭份,230.0,0,6000,9343,6239,2026-05-13
華南頭份,224.0,0,5,9343,6239,2026-05-13
華南竹北,229.0,0,1000,9339,6239,2026-05-13
華南竹北,222.5,2000,0,9339,6239,2026-05-13
華南內壢,232.0,1000,0,9337,6239,2026-05-13
華南內壢,230.5,0,1000,9337,6239,2026-05-13
華南內壢,228.0,0,100,9337,6239,2026-05-13
華南內壢,221.0,1000,0,9337,6239,2026-05-13
華南世貿,231.0,1000,0,9334,6239,2026-05-13
華南世貿,229.5,0,1000,9334,6239,2026-05-13
華南世貿,224.5,0,1000,9334,6239,2026-05-13
華南頭份,231.0,0,2000,9343,6239,2026-05-13
華南世貿,223.0,1000,0,9334,6239,2026-05-13
華南長虹,230.5,1000,0,9333,6239,2026-05-13
華南長虹,223.0,0,100,9333,6239,2026-05-13
華南長虹,222.0,6000,0,9333,6239,2026-05-13
華南長虹,221.0,1000,0,9333,6239,2026-05-13
華南楠梓,232.0,5000,0,9332,6239,2026-05-13
華南楠梓,230.5,2100,12000,9332,6239,2026-05-13
華南楠梓,229.0,0,6000,9332,6239,2026-05-13
華南楠梓,228.0,0,1000,9332,6239,2026-05-13
華南楠梓,221.5,2000,0,9332,6239,2026-05-13
華南鳳山,232.0,1000,0,9331,6239,2026-05-13
華南鳳山,230.5,0,1000,9331,6239,2026-05-13
華南世貿,222.0,2000,0,9334,6239,2026-05-13
華南敦南,223.5,1000,0,9347,6239,2026-05-13
華南敦南,230.5,1000,0,9347,6239,2026-05-13
華南敦南,232.0,100,0,9347,6239,2026-05-13
華南豐原,230.5,0,20,9366,6239,2026-05-13
華南豐原,229.0,0,740,9366,6239,2026-05-13
華南彰化,230.0,0,1100,9363,6239,2026-05-13
華南彰化,228.0,0,1000,9363,6239,2026-05-13
華南彰化,222.5,0,115,9363,6239,2026-05-13
華南苗栗,231.0,0,1000,9362,6239,2026-05-13
華南苗栗,230.0,1010,3000,9362,6239,2026-05-13
華南苗栗,223.5,0,30,9362,6239,2026-05-13
華南苗栗,222.5,0,170,9362,6239,2026-05-13
華南中正,230.5,0,4000,9359,6239,2026-05-13
華南中正,229.5,0,1000,9359,6239,2026-05-13
華南中正,223.0,1012,1000,9359,6239,2026-05-13
華南中正,220.5,1000,0,9359,6239,2026-05-13
華南東勢,225.0,0,1000,9358,6239,2026-05-13
華南桃園,232.0,18,1000,9352,6239,2026-05-13
華南桃園,230.5,59,0,9352,6239,2026-05-13
華南桃園,223.0,1000,0,9352,6239,2026-05-13
華南桃園,221.0,0,1000,9352,6239,2026-05-13
華南板橋,231.0,0,1000,9349,6239,2026-05-13
華南板橋,230.0,0,1000,9349,6239,2026-05-13
華南板橋,228.5,0,2,9349,6239,2026-05-13
華南板橋,227.5,0,2,9349,6239,2026-05-13
華南板橋,226.5,0,1000,9349,6239,2026-05-13
華南板橋,223.5,2230,100,9349,6239,2026-05-13
華南板橋,222.0,1050,0,9349,6239,2026-05-13
華南鳳山,229.5,1000,0,9331,6239,2026-05-13
華南鳳山,222.5,5,13,9331,6239,2026-05-13
華南朴子,232.0,0,1190,9329,6239,2026-05-13
華南朴子,231.0,0,300,9329,6239,2026-05-13
華南基隆,230.0,0,20,9322,6239,2026-05-13
華南基隆,220.5,2000,0,9322,6239,2026-05-13
華南鶯歌,230.0,0,99,9319,6239,2026-05-13
華南林口,231.5,0,500,9317,6239,2026-05-13
華南林口,229.5,0,1000,9317,6239,2026-05-13
華南林口,226.0,0,1000,9317,6239,2026-05-13
華南林口,221.0,1000,0,9317,6239,2026-05-13
華南淡水,231.0,0,1000,9316,6239,2026-05-13
華南淡水,229.5,1000,0,9316,6239,2026-05-13
華南淡水,226.0,0,1000,9316,6239,2026-05-13
華南淡水,223.0,0,100,9316,6239,2026-05-13
華南大甲,230.5,50,0,9315,6239,2026-05-13
華南嘉義,230.0,2000,0,9314,6239,2026-05-13
華南嘉義,228.5,0,1000,9314,6239,2026-05-13
華南嘉義,223.0,0,1000,9314,6239,2026-05-13
華南民權,232.0,0,1000,9312,6239,2026-05-13
華南古亭,231.0,1000,0,9309,6239,2026-05-13
華南古亭,229.0,0,1000,9309,6239,2026-05-13
華南古亭,223.0,0,1030,9309,6239,2026-05-13
華南古亭,221.5,0,20000,9309,6239,2026-05-13
華南麻豆,232.0,1000,1000,9308,6239,2026-05-13
華南麻豆,231.0,0,1030,9308,6239,2026-05-13
華南麻豆,230.0,0,2190,9308,6239,2026-05-13
華南麻豆,229.0,1029,0,9308,6239,2026-05-13
華南麻豆,222.5,0,3000,9308,6239,2026-05-13
華南基隆,232.0,2002,4000,9322,6239,2026-05-13
華南大安,227.5,10,0,9307,6239,2026-05-13
華南小港,222.0,400,0,9323,6239,2026-05-13
華南岡山,222.5,0,100,9324,6239,2026-05-13
華南朴子,230.0,150,200,9329,6239,2026-05-13
華南朴子,229.0,2000,1000,9329,6239,2026-05-13
華南朴子,226.5,0,2000,9329,6239,2026-05-13
華南朴子,222.0,200,1000,9329,6239,2026-05-13
華南朴子,221.0,3200,0,9329,6239,2026-05-13
華南潮州,231.5,1000,0,9328,6239,2026-05-13
華南潮州,230.0,0,1000,9328,6239,2026-05-13
華南潮州,222.5,15,0,9328,6239,2026-05-13
華南潮州,221.5,1000,0,9328,6239,2026-05-13
華南斗六,230.0,1105,0,9327,6239,2026-05-13
華南斗六,222.5,100,0,9327,6239,2026-05-13
華南南京,231.0,0,20000,9326,6239,2026-05-13
華南南京,230.0,1000,2000,9326,6239,2026-05-13
華南南京,229.0,1000,2000,9326,6239,2026-05-13
華南南京,227.5,1000,0,9326,6239,2026-05-13
華南南京,224.5,8000,0,9326,6239,2026-05-13
華南南京,223.5,2000,10,9326,6239,2026-05-13
華南南京,222.5,50,6000,9326,6239,2026-05-13
華南南京,221.5,5000,10000,9326,6239,2026-05-13
華南忠孝,231.5,0,2000,9325,6239,2026-05-13
華南忠孝,229.5,100,0,9325,6239,2026-05-13
華南忠孝,222.5,10,0,9325,6239,2026-05-13
華南岡山,232.0,0,3000,9324,6239,2026-05-13
華南岡山,229.5,400,0,9324,6239,2026-05-13
華南岡山,223.5,1000,0,9324,6239,2026-05-13
華南岡山,221.0,0,1000,9324,6239,2026-05-13
華南楠梓,223.0,0,2000,9332,6239,2026-05-13
台新新竹,220.5,1006,0,9B2G,6239,2026-05-13
凱基敦北,228.5,2000,0,9237,6239,2026-05-13
元大前金,231.0,1000,0,981m,6239,2026-05-13
元大前金,222.5,55,5,981m,6239,2026-05-13
元大莒光,232.0,0,1000,981L,6239,2026-05-13
元大莒光,230.0,3000,0,981L,6239,2026-05-13
元大莒光,229.0,180,1000,981L,6239,2026-05-13
元大莒光,226.5,0,200,981L,6239,2026-05-13
元大莒光,224.5,10,0,981L,6239,2026-05-13
元大莒光,223.0,0,1100,981L,6239,2026-05-13
元大莒光,222.0,2000,0,981L,6239,2026-05-13
元大林園,232.0,0,30,981K,6239,2026-05-13
元大林園,227.0,0,1000,981K,6239,2026-05-13
元大林園,222.5,1050,0,981K,6239,2026-05-13
元大苗栗,222.0,3000,0,981M,6239,2026-05-13
元大士林,231.5,1000,0,981j,6239,2026-05-13
元大士林,228.5,1000,0,981j,6239,2026-05-13
元大士林,223.0,0,4000,981j,6239,2026-05-13
元大士林,222.0,1045,1000,981j,6239,2026-05-13
元大士林,221.0,2000,0,981j,6239,2026-05-13
元大天母,232.0,1,0,981I,6239,2026-05-13
元大天母,230.0,0,1000,981I,6239,2026-05-13
元大天母,228.5,0,1000,981I,6239,2026-05-13
元大天母,223.0,0,2000,981I,6239,2026-05-13
元大天母,220.0,0,2000,981I,6239,2026-05-13
元大西螺,231.0,0,200,981i,6239,2026-05-13
元大西螺,230.0,1000,0,981i,6239,2026-05-13
元大西螺,222.5,1000,0,981i,6239,2026-05-13
元大士林,229.5,0,1055,981j,6239,2026-05-13
元大屏生,232.0,0,1050,981h,6239,2026-05-13
元大苗栗,229.0,0,7000,981M,6239,2026-05-13
元大旗山,221.0,5,0,981n,6239,2026-05-13
元大崇德,230.0,0,44,981S,6239,2026-05-13
元大崇德,229.0,1010,200,981S,6239,2026-05-13
元大崇德,223.0,1000,1000,981S,6239,2026-05-13
元大崇德,222.0,30,0,981S,6239,2026-05-13
元大崇德,220.5,1000,0,981S,6239,2026-05-13
元大竹山,230.0,0,1100,981R,6239,2026-05-13
元大竹山,229.0,1000,0,981R,6239,2026-05-13
元大竹山,222.5,1000,0,981R,6239,2026-05-13
元大屏南,232.0,0,410,981r,6239,2026-05-13
元大屏南,229.0,27000,1000,981r,6239,2026-05-13
元大屏南,222.5,10,0,981r,6239,2026-05-13
元大屏南,221.0,10,0,981r,6239,2026-05-13
元大苗栗,230.0,1000,1050,981M,6239,2026-05-13
元大太平,231.0,0,1000,981Q,6239,2026-05-13
元大太平,226.0,0,2000,981Q,6239,2026-05-13
元大太平,223.5,3000,0,981Q,6239,2026-05-13
元大萬華,232.0,30,0,981q,6239,2026-05-13
元大萬華,230.5,0,1000,981q,6239,2026-05-13
元大萬華,229.0,10,1000,981q,6239,2026-05-13
元大萬華,222.5,0,2000,981q,6239,2026-05-13
元大松山,231.5,200,0,981p,6239,2026-05-13
元大金門,231.0,1000,0,981N,6239,2026-05-13
元大金門,224.0,0,10,981N,6239,2026-05-13
元大旗山,232.0,0,2000,981n,6239,2026-05-13
元大旗山,223.5,0,4,981n,6239,2026-05-13
元大旗山,222.5,5,0,981n,6239,2026-05-13
元大太平,230.0,1000,0,981Q,6239,2026-05-13
元大屏生,229.5,2000,0,981h,6239,2026-05-13
元大屏生,228.0,250,0,981h,6239,2026-05-13
元大屏生,222.5,0,80,981h,6239,2026-05-13
元大南投,229.0,1,20,981D,6239,2026-05-13
元大南投,222.0,1005,20,981D,6239,2026-05-13
元大南投,221.0,100,0,981D,6239,2026-05-13
元大路竹,230.0,0,3300,981C,6239,2026-05-13
元大路竹,229.0,100,0,981C,6239,2026-05-13
元大路竹,222.0,20,0,981C,6239,2026-05-13
元大竹北,232.0,0,3000,981B,6239,2026-05-13
元大竹北,230.0,500,1401,981B,6239,2026-05-13
元大竹北,227.5,1000,0,981B,6239,2026-05-13
元大竹北,223.5,0,9000,981B,6239,2026-05-13
元大竹北,222.5,20005,0,981B,6239,2026-05-13
元大竹北,221.0,1000,1000,981B,6239,2026-05-13
元大南投,230.0,0,30,981D,6239,2026-05-13
元大三峽,230.5,10,0,981A,6239,2026-05-13
元大三峽,223.0,55,0,981A,6239,2026-05-13
元大三峽,222.0,50,1000,981A,6239,2026-05-13
元大歸仁,230.0,0,100,981a,6239,2026-05-13
元大歸仁,223.0,13000,5,981a,6239,2026-05-13
元大歸仁,222.0,1075,1000,981a,6239,2026-05-13
元大歸仁,221.0,100,0,981a,6239,2026-05-13
元大東泰,230.5,0,1000,9817,6239,2026-05-13
元大東泰,229.0,0,3200,9817,6239,2026-05-13
元大東泰,223.0,1002,1020,9817,6239,2026-05-13
元大新竹,231.5,0,1000,9816,6239,2026-05-13
元大新竹,230.5,0,3000,9816,6239,2026-05-13
元大新竹,229.5,0,1000,9816,6239,2026-05-13
元大三峽,224.5,1000,0,981A,6239,2026-05-13
元大南投,231.5,0,2030,981D,6239,2026-05-13
元大佳里,222.5,200,501,981e,6239,2026-05-13
元大佳里,228.5,0,1000,981e,6239,2026-05-13
元大屏生,220.5,10,0,981h,6239,2026-05-13
元大彰化,232.0,0,35,981G,6239,2026-05-13
元大彰化,230.0,0,1000,981G,6239,2026-05-13
元大彰化,229.0,0,2000,981G,6239,2026-05-13
元大彰化,222.0,15,0,981G,6239,2026-05-13
元大彰化,220.5,0,1000,981G,6239,2026-05-13
元大大里,231.5,0,1000,981g,6239,2026-05-13
元大大里,230.5,1000,1150,981g,6239,2026-05-13
元大大里,229.5,0,1000,981g,6239,2026-05-13
元大大里,228.5,1000,0,981g,6239,2026-05-13
元大大里,224.5,2050,0,981g,6239,2026-05-13
元大大里,223.0,600,1330,981g,6239,2026-05-13
元大大里,222.0,2002,1000,981g,6239,2026-05-13
元大大里,221.0,1000,0,981g,6239,2026-05-13
元大福營,232.0,200,1000,981F,6239,2026-05-13
元大福營,230.5,0,1000,981F,6239,2026-05-13
元大福營,229.5,1000,0,981F,6239,2026-05-13
元大福營,228.0,0,150,981F,6239,2026-05-13
元大福營,223.5,0,1099,981F,6239,2026-05-13
元大福營,222.0,1000,0,981F,6239,2026-05-13
元大發財,232.0,50,0,981E,6239,2026-05-13
元大發財,230.0,1150,0,981E,6239,2026-05-13
元大發財,229.0,50,0,981E,6239,2026-05-13
元大發財,223.0,75,0,981E,6239,2026-05-13
元大佳里,231.5,1000,0,981e,6239,2026-05-13
元大佳里,230.5,1000,12000,981e,6239,2026-05-13
元大佳里,229.5,2000,1000,981e,6239,2026-05-13
元大崇德,231.0,1000,1000,981S,6239,2026-05-13
元大新竹,228.5,0,1050,9816,6239,2026-05-13
元大華山,228.0,0,6,981U,6239,2026-05-13
元大民雄,221.0,0,1000,981V,6239,2026-05-13
元大北港,229.5,2000,0,9837,6239,2026-05-13
元大北港,228.5,2000,0,9837,6239,2026-05-13
元大北港,223.5,100,0,9837,6239,2026-05-13
元大北港,222.5,0,200,9837,6239,2026-05-13
元大中山,232.0,100,0,9835,6239,2026-05-13
元大中山,231.0,12,1100,9835,6239,2026-05-13
元大中山,230.0,12,0,9835,6239,2026-05-13
元大中山,228.5,1000,0,9835,6239,2026-05-13
元大中山,222.5,2010,0,9835,6239,2026-05-13
元大中山,221.0,5,0,9835,6239,2026-05-13
元大中壢,232.0,5000,7000,9834,6239,2026-05-13
元大中壢,231.0,1000,0,9834,6239,2026-05-13
元大北港,230.5,1000,0,9837,6239,2026-05-13
元大中壢,229.5,1000,1000,9834,6239,2026-05-13
元大中壢,223.5,2002,0,9834,6239,2026-05-13
元大中壢,222.5,1000,0,9834,6239,2026-05-13
元大中壢,221.5,1000,0,9834,6239,2026-05-13
元大敦化,232.0,5000,40,9833,6239,2026-05-13
元大敦化,230.0,0,2066,9833,6239,2026-05-13
元大敦化,229.0,1000,0,9833,6239,2026-05-13
元大敦化,228.0,1000,1000,9833,6239,2026-05-13
元大敦化,222.5,100,0,9833,6239,2026-05-13
元大敦化,220.5,1000,0,9833,6239,2026-05-13
元大四維,232.0,0,100,9831,6239,2026-05-13
元大四維,231.0,0,2000,9831,6239,2026-05-13
元大四維,229.0,0,1000,9831,6239,2026-05-13
元大中壢,228.0,8000,0,9834,6239,2026-05-13
元大四維,224.5,0,1000,9831,6239,2026-05-13
元大北港,231.5,0,1000,9837,6239,2026-05-13
元大豐原,222.5,225,1,9838,6239,2026-05-13
元大學甲,221.0,1000,0,983K,6239,2026-05-13
元大仁愛,223.0,200,38,983j,6239,2026-05-13
元大大雅,230.0,0,2010,983i,6239,2026-05-13
元大大雅,229.0,2000,0,983i,6239,2026-05-13
元大大雅,224.0,0,300,983i,6239,2026-05-13
元大大雅,223.0,0,2000,983i,6239,2026-05-13
元大大雅,222.0,0,5000,983i,6239,2026-05-13
元大大雅,221.0,2015,10200,983i,6239,2026-05-13
元大大雅,220.0,0,3000,983i,6239,2026-05-13
元大上新,230.5,65,0,983G,6239,2026-05-13
元大上新,229.5,100,0,983G,6239,2026-05-13
元大上新,222.5,3000,0,983G,6239,2026-05-13
元大豐原,221.5,1000,0,9838,6239,2026-05-13
元大竹東,232.0,0,1000,983f,6239,2026-05-13
元大竹東,230.0,1000,1054,983f,6239,2026-05-13
元大竹東,228.5,0,1000,983f,6239,2026-05-13
元大竹東,223.0,1000,0,983f,6239,2026-05-13
元大林森,230.0,0,1100,983B,6239,2026-05-13
元大林森,229.0,10,0,983B,6239,2026-05-13
元大林森,223.0,70,0,983B,6239,2026-05-13
元大林森,221.5,1000,0,983B,6239,2026-05-13
元大豐原,231.0,0,20,9838,6239,2026-05-13
元大豐原,230.0,1000,1000,9838,6239,2026-05-13
元大豐原,229.0,2000,0,9838,6239,2026-05-13
元大豐原,227.0,0,1000,9838,6239,2026-05-13
元大豐原,223.5,1400,0,9838,6239,2026-05-13
元大竹東,231.0,0,3000,983f,6239,2026-05-13
元大四維,223.5,1000,0,9831,6239,2026-05-13
元大四維,222.5,1070,1000,9831,6239,2026-05-13
元大四維,221.0,1025,0,9831,6239,2026-05-13
元大學府,224.0,0,2000,9822,6239,2026-05-13
元大學府,223.0,0,1000,9822,6239,2026-05-13
元大學府,222.0,2000,0,9822,6239,2026-05-13
元大潮州,231.0,0,50,981Z,6239,2026-05-13
元大潮州,229.0,1000,0,981Z,6239,2026-05-13
元大潮州,223.0,50,0,981Z,6239,2026-05-13
元大潮州,222.0,50,0,981Z,6239,2026-05-13
元大大統,232.0,0,400,981z,6239,2026-05-13
元大大統,231.0,0,2000,981z,6239,2026-05-13
元大大統,230.0,5000,3000,981z,6239,2026-05-13
元大大統,228.5,0,3000,981z,6239,2026-05-13
元大大統,223.5,10200,259,981z,6239,2026-05-13
元大學府,229.0,0,3000,9822,6239,2026-05-13
元大大統,222.0,1000,3000,981z,6239,2026-05-13
元大善化,230.5,0,59,981y,6239,2026-05-13
元大善化,229.5,50,1000,981y,6239,2026-05-13
元大善化,227.0,1000,0,981y,6239,2026-05-13
元大善化,223.0,0,1000,981y,6239,2026-05-13
元大善化,222.0,1010,0,981y,6239,2026-05-13
元大善化,221.0,20,0,981y,6239,2026-05-13
元大新生,229.5,3000,0,981X,6239,2026-05-13
元大新生,221.5,2000,0,981X,6239,2026-05-13
元大民雄,231.0,1000,0,981V,6239,2026-05-13
元大民雄,229.5,0,5000,981V,6239,2026-05-13
元大民雄,228.5,0,1000,981V,6239,2026-05-13
元大民雄,222.5,1010,0,981V,6239,2026-05-13
元大善化,232.0,1100,0,981y,6239,2026-05-13
元大學府,232.0,0,2500,9822,6239,2026-05-13
元大向上,221.5,0,50,9824,6239,2026-05-13
元大向上,223.5,1000,0,9824,6239,2026-05-13
元大六合,230.0,0,30,982C,6239,2026-05-13
元大六合,227.0,0,300,982C,6239,2026-05-13
元大六合,224.0,0,2000,982C,6239,2026-05-13
元大六合,223.0,2010,1000,982C,6239,2026-05-13
元大六合,220.5,1030,0,982C,6239,2026-05-13
元大博愛,231.5,100,1000,982B,6239,2026-05-13
元大博愛,230.5,105,1050,982B,6239,2026-05-13
元大博愛,229.5,50,1258,982B,6239,2026-05-13
元大博愛,228.0,1000,0,982B,6239,2026-05-13
元大博愛,226.0,0,1000,982B,6239,2026-05-13
元大博愛,223.5,200,3000,982B,6239,2026-05-13
元大博愛,222.5,149,300,982B,6239,2026-05-13
元大博愛,221.0,12,0,982B,6239,2026-05-13
元大羅東,231.0,0,60,982A,6239,2026-05-13
元大羅東,230.0,3000,0,982A,6239,2026-05-13
元大羅東,223.0,4,1000,982A,6239,2026-05-13
元大永康,232.0,0,2000,9829,6239,2026-05-13
元大永康,229.0,0,1000,9829,6239,2026-05-13
元大永康,228.0,1005,0,9829,6239,2026-05-13
元大永康,226.5,1000,0,9829,6239,2026-05-13
元大永康,223.0,110,1000,9829,6239,2026-05-13
元大新營,231.5,0,1000,9825,6239,2026-05-13
元大新營,229.0,0,1000,9825,6239,2026-05-13
元大新營,223.5,0,1000,9825,6239,2026-05-13
元大新營,222.5,45,0,9825,6239,2026-05-13
元大新營,220.5,1000,0,9825,6239,2026-05-13
元大向上,228.0,0,1000,9824,6239,2026-05-13
元大華山,229.5,0,6,981U,6239,2026-05-13
元大新竹,223.5,100,0,9816,6239,2026-05-13
元大新竹,222.5,2100,1000,9816,6239,2026-05-13
元大新竹,221.5,1000,0,9816,6239,2026-05-13
富邦南屯,229.0,100,1650,9666,6239,2026-05-13
富邦南屯,228.0,0,1000,9666,6239,2026-05-13
富邦南屯,223.0,0,2000,9666,6239,2026-05-13
富邦南屯,222.0,1000,1000,9666,6239,2026-05-13
富邦南屯,221.0,1000,0,9666,6239,2026-05-13
富邦桃園,232.0,0,200,9665,6239,2026-05-13
富邦桃園,230.5,0,1000,9665,6239,2026-05-13
富邦桃園,229.5,0,4000,9665,6239,2026-05-13
富邦桃園,224.0,0,1000,9665,6239,2026-05-13
富邦桃園,223.0,0,1000,9665,6239,2026-05-13
富邦桃園,222.0,200,0,9665,6239,2026-05-13
富邦敦南,231.5,0,5,9663,6239,2026-05-13
富邦南屯,230.0,0,3025,9666,6239,2026-05-13
富邦敦南,230.5,5,0,9663,6239,2026-05-13
富邦敦南,227.5,2000,0,9663,6239,2026-05-13
富邦敦南,223.5,2000,0,9663,6239,2026-05-13
富邦敦南,222.5,100,1000,9663,6239,2026-05-13
富邦敦南,221.0,1000,0,9663,6239,2026-05-13
富邦新店,232.0,100,1000,9661,6239,2026-05-13
富邦新店,231.0,3000,4000,9661,6239,2026-05-13
富邦新店,230.0,0,3000,9661,6239,2026-05-13
富邦新店,229.0,1000,21,9661,6239,2026-05-13
富邦新店,227.0,0,2000,9661,6239,2026-05-13
富邦新店,224.5,0,3000,9661,6239,2026-05-13
富邦新店,223.5,15,4000,9661,6239,2026-05-13
富邦新店,222.5,1210,0,9661,6239,2026-05-13
富邦敦南,229.5,1000,1220,9663,6239,2026-05-13
富邦新店,221.5,4000,0,9661,6239,2026-05-13
富邦南屯,232.0,0,1140,9666,6239,2026-05-13
富邦台南,222.5,1050,1000,9667,6239,2026-05-13
富邦三重,227.0,0,1000,9677,6239,2026-05-13
富邦三重,223.5,1000,1000,9677,6239,2026-05-13
富邦三重,222.5,120,250,9677,6239,2026-05-13
富邦三重,221.0,1000,0,9677,6239,2026-05-13
富邦仁愛,232.0,0,1020,9676,6239,2026-05-13
富邦仁愛,231.0,4,5000,9676,6239,2026-05-13
富邦仁愛,230.0,1009,5,9676,6239,2026-05-13
富邦仁愛,229.0,5008,2001,9676,6239,2026-05-13
富邦仁愛,228.0,0,7,9676,6239,2026-05-13
富邦仁愛,223.5,2010,0,9676,6239,2026-05-13
富邦仁愛,222.5,150,1440,9676,6239,2026-05-13
富邦仁愛,221.5,2000,0,9676,6239,2026-05-13
富邦台南,221.5,0,3000,9667,6239,2026-05-13
富邦仁愛,220.5,1000,1000,9676,6239,2026-05-13
富邦員林,230.0,0,100,9672,6239,2026-05-13
富邦員林,229.0,2000,0,9672,6239,2026-05-13
富邦員林,224.5,1000,0,9672,6239,2026-05-13
富邦員林,220.5,50,0,9672,6239,2026-05-13
富邦左營,231.5,0,1010,966F,6239,2026-05-13
富邦左營,228.5,0,200,966F,6239,2026-05-13
富邦左營,223.0,0,1100,966F,6239,2026-05-13
富邦左營,221.5,1000,0,966F,6239,2026-05-13
富邦台南,231.0,0,300,9667,6239,2026-05-13
富邦台南,230.0,1002,0,9667,6239,2026-05-13
富邦台南,229.0,1000,1000,9667,6239,2026-05-13
富邦台南,226.5,0,1000,9667,6239,2026-05-13
富邦員林,231.0,50,0,9672,6239,2026-05-13
富邦新店,220.5,3000,0,9661,6239,2026-05-13
富邦彰化,232.0,0,200,965U,6239,2026-05-13
富邦彰化,230.5,1000,0,965U,6239,2026-05-13
富邦苗栗,222.0,1000,0,9657,6239,2026-05-13
富邦板橋,232.0,2300,1000,9655,6239,2026-05-13
富邦板橋,231.0,2200,0,9655,6239,2026-05-13
富邦板橋,230.0,1500,1616,9655,6239,2026-05-13
富邦板橋,229.0,6020,1000,9655,6239,2026-05-13
富邦板橋,228.0,0,1000,9655,6239,2026-05-13
富邦板橋,227.0,0,2000,9655,6239,2026-05-13
富邦板橋,225.5,0,1000,9655,6239,2026-05-13
富邦板橋,223.5,2100,0,9655,6239,2026-05-13
富邦板橋,222.5,3661,0,9655,6239,2026-05-13
富邦板橋,221.5,2000,2000,9655,6239,2026-05-13
富邦板橋,220.5,2020,1000,9655,6239,2026-05-13
富邦苗栗,223.0,0,3000,9657,6239,2026-05-13
富邦永和,232.0,350,0,9654,6239,2026-05-13
富邦永和,230.0,2000,3000,9654,6239,2026-05-13
富邦永和,229.0,130,6150,9654,6239,2026-05-13
富邦永和,223.5,0,2000,9654,6239,2026-05-13
富邦永和,222.5,6454,2010,9654,6239,2026-05-13
富邦永和,221.5,3200,0,9654,6239,2026-05-13
富邦永和,220.5,2000,0,9654,6239,2026-05-13
富邦新竹,231.5,100,0,9647,6239,2026-05-13
富邦新竹,230.5,6000,8100,9647,6239,2026-05-13
富邦新竹,229.5,2000,1300,9647,6239,2026-05-13
富邦新竹,228.5,1000,0,9647,6239,2026-05-13
富邦新竹,225.5,1000,0,9647,6239,2026-05-13
富邦新竹,224.5,1000,0,9647,6239,2026-05-13
富邦永和,231.0,1030,1000,9654,6239,2026-05-13
富邦苗栗,224.0,0,2000,9657,6239,2026-05-13
富邦苗栗,225.0,0,1000,9657,6239,2026-05-13
富邦苗栗,227.0,0,1000,9657,6239,2026-05-13
富邦彰化,223.0,0,116,965U,6239,2026-05-13
富邦彰化,220.0,0,300,965U,6239,2026-05-13
富邦台中,231.0,23,200,965K,6239,2026-05-13
富邦台中,230.0,1100,1000,965K,6239,2026-05-13
富邦台中,229.0,2750,0,965K,6239,2026-05-13
富邦台中,226.5,1000,1000,965K,6239,2026-05-13
富邦台中,223.5,0,4000,965K,6239,2026-05-13
富邦台中,222.5,0,1000,965K,6239,2026-05-13
富邦台中,221.0,2000,0,965K,6239,2026-05-13
富邦台中,220.0,100,0,965K,6239,2026-05-13
富邦高雄,231.5,91,0,9659,6239,2026-05-13
富邦高雄,230.0,0,65,9659,6239,2026-05-13
富邦高雄,229.0,20000,3100,9659,6239,2026-05-13
富邦高雄,228.0,20000,0,9659,6239,2026-05-13
富邦高雄,225.0,1000,0,9659,6239,2026-05-13
富邦高雄,223.0,100,1000,9659,6239,2026-05-13
富邦高雄,222.0,50,0,9659,6239,2026-05-13
富邦建國,232.0,51100,3000,9658,6239,2026-05-13
富邦建國,231.0,100,0,9658,6239,2026-05-13
富邦建國,230.0,2000,1050,9658,6239,2026-05-13
富邦建國,229.0,2000,0,9658,6239,2026-05-13
富邦建國,228.0,1000,0,9658,6239,2026-05-13
富邦建國,223.0,25,0,9658,6239,2026-05-13
富邦建國,222.0,3100,20,9658,6239,2026-05-13
富邦建國,220.5,1000,0,9658,6239,2026-05-13
富邦苗栗,230.0,4000,1000,9657,6239,2026-05-13
富邦苗栗,228.5,0,1000,9657,6239,2026-05-13
富邦三重,228.5,0,1000,9677,6239,2026-05-13
富邦三重,229.5,50,1100,9677,6239,2026-05-13
富邦三重,230.5,2000,600,9677,6239,2026-05-13
富邦三重,231.5,100,1000,9677,6239,2026-05-13
元大南海,232.0,0,150,980R,6239,2026-05-13
元大南海,223.0,2,3000,980R,6239,2026-05-13
元大南崁,231.0,0,1000,980Q,6239,2026-05-13
元大南崁,229.0,0,100,980Q,6239,2026-05-13
元大南崁,222.0,100,0,980Q,6239,2026-05-13
元大虎尾,232.0,0,1000,980l,6239,2026-05-13
元大虎尾,230.0,100,0,980l,6239,2026-05-13
元大虎尾,221.5,50,0,980l,6239,2026-05-13
元大竹科,231.5,2000,1000,980K,6239,2026-05-13
元大竹科,230.5,1000,2000,980K,6239,2026-05-13
元大竹科,229.5,1000,2000,980K,6239,2026-05-13
元大竹科,228.5,0,1000,980K,6239,2026-05-13
元大府城,222.5,51,1000,980u,6239,2026-05-13
元大竹科,226.0,0,1000,980K,6239,2026-05-13
元大竹科,223.5,213,0,980K,6239,2026-05-13
元大竹科,222.5,131,0,980K,6239,2026-05-13
元大竹科,221.5,2000,0,980K,6239,2026-05-13
元大竹科,220.5,3000,0,980K,6239,2026-05-13
元大台北,231.0,0,2000,980h,6239,2026-05-13
元大台北,230.0,600,0,980h,6239,2026-05-13
元大台北,223.5,10,1000,980h,6239,2026-05-13
元大台北,222.5,21000,0,980h,6239,2026-05-13
元大清水,232.0,500,50,980e,6239,2026-05-13
元大清水,231.0,5000,0,980e,6239,2026-05-13
元大清水,229.5,30,2000,980e,6239,2026-05-13
元大清水,227.5,0,2000,980e,6239,2026-05-13
元大竹科,224.5,0,1000,980K,6239,2026-05-13
元大府城,225.0,3,0,980u,6239,2026-05-13
元大府城,229.5,50,0,980u,6239,2026-05-13
元大府城,231.5,2000,0,980u,6239,2026-05-13
元大新竹,220.5,3000,0,9816,6239,2026-05-13
元大大灣,231.5,1000,1000,9815,6239,2026-05-13
元大大灣,228.0,0,50,9815,6239,2026-05-13
元大大灣,223.0,0,1050,9815,6239,2026-05-13
元大大灣,222.0,2000,100,9815,6239,2026-05-13
元大大灣,220.5,50,0,9815,6239,2026-05-13
元大大益,231.5,0,200,9814,6239,2026-05-13
元大大益,223.5,0,200,9814,6239,2026-05-13
元大大益,222.5,100,0,9814,6239,2026-05-13
元大中崙,231.5,0,1000,9813,6239,2026-05-13
元大中崙,230.5,0,1000,9813,6239,2026-05-13
元大中崙,228.5,0,1000,9813,6239,2026-05-13
元大中崙,226.0,0,10000,9813,6239,2026-05-13
元大中崙,222.5,10,0,9813,6239,2026-05-13
元大台中,232.0,8020,7000,9812,6239,2026-05-13
元大台中,231.0,100,0,9812,6239,2026-05-13
元大台中,229.5,0,1000,9812,6239,2026-05-13
元大台中,228.5,0,1000,9812,6239,2026-05-13
元大台中,224.0,10,0,9812,6239,2026-05-13
元大台中,223.0,0,3010,9812,6239,2026-05-13
元大台中,222.0,1000,0,9812,6239,2026-05-13
元大台中,220.5,0,1000,9812,6239,2026-05-13
元大西屯,231.5,300,1000,980w,6239,2026-05-13
元大西屯,230.0,50,0,980w,6239,2026-05-13
元大西屯,227.5,208,0,980w,6239,2026-05-13
元大西屯,224.0,0,1000,980w,6239,2026-05-13
元大西屯,222.5,1255,1000,980w,6239,2026-05-13
元大清水,223.0,1000,0,980e,6239,2026-05-13
元大學甲,222.0,1000,0,983K,6239,2026-05-13
元大清水,221.5,3000,0,980e,6239,2026-05-13
元大北府,230.5,0,1000,980D,6239,2026-05-13
元大,221.5,14000,73999,9800,6239,2026-05-13
元大,220.5,12147,24993,9800,6239,2026-05-13
富邦北港,231.0,1000,1000,969C,6239,2026-05-13
富邦北港,229.5,1000,0,969C,6239,2026-05-13
富邦虎尾,232.0,50,0,9697,6239,2026-05-13
富邦虎尾,230.0,0,5000,9697,6239,2026-05-13
富邦虎尾,226.0,0,1000,9697,6239,2026-05-13
富邦虎尾,222.5,1000,0,9697,6239,2026-05-13
富邦新營,231.0,25,0,9693,6239,2026-05-13
富邦新營,230.0,0,2000,9693,6239,2026-05-13
富邦新營,229.0,50,50,9693,6239,2026-05-13
富邦新營,223.5,20,100,9693,6239,2026-05-13
元大,222.5,50030,85346,9800,6239,2026-05-13
富邦新營,222.5,100,0,9693,6239,2026-05-13
富邦嘉義,230.5,2150,0,9692,6239,2026-05-13
富邦嘉義,229.5,0,4000,9692,6239,2026-05-13
富邦嘉義,228.5,0,1000,9692,6239,2026-05-13
富邦嘉義,224.0,0,300,9692,6239,2026-05-13
富邦嘉義,223.0,0,102,9692,6239,2026-05-13
富邦嘉義,222.0,1,100,9692,6239,2026-05-13
富邦宜蘭,231.5,80,0,9686,6239,2026-05-13
富邦宜蘭,230.5,50,1000,9686,6239,2026-05-13
富邦宜蘭,229.5,0,100,9686,6239,2026-05-13
富邦宜蘭,228.0,0,1,9686,6239,2026-05-13
富邦宜蘭,223.0,100,0,9686,6239,2026-05-13
富邦宜蘭,222.0,1000,0,9686,6239,2026-05-13
富邦嘉義,231.5,0,2000,9692,6239,2026-05-13
元大,223.5,27074,31000,9800,6239,2026-05-13
元大,224.5,4090,0,9800,6239,2026-05-13
元大,225.5,0,1000,9800,6239,2026-05-13
元大北府,229.5,100,5,980D,6239,2026-05-13
元大北府,225.0,0,1000,980D,6239,2026-05-13
元大北府,221.0,1100,0,980D,6239,2026-05-13
元大沙鹿,231.5,0,4000,980d,6239,2026-05-13
元大沙鹿,229.5,0,1000,980d,6239,2026-05-13
元大沙鹿,225.5,1000,0,980d,6239,2026-05-13
元大沙鹿,222.5,812,0,980d,6239,2026-05-13
元大沙鹿,221.5,100,0,980d,6239,2026-05-13
元大斗六,232.0,1000,8,980C,6239,2026-05-13
元大斗六,230.5,2000,0,980C,6239,2026-05-13
元大斗六,229.5,1,0,980C,6239,2026-05-13
元大斗六,228.0,0,30,980C,6239,2026-05-13
元大斗六,223.0,0,1000,980C,6239,2026-05-13
元大中北,231.0,0,2050,980a,6239,2026-05-13
元大中北,230.0,1000,2000,980a,6239,2026-05-13
元大中北,223.0,0,8000,980a,6239,2026-05-13
元大中北,222.0,2000,0,980a,6239,2026-05-13
元大中北,220.5,4000,0,980a,6239,2026-05-13
元大松江,231.5,1000,0,9801,6239,2026-05-13
元大松江,230.0,0,1050,9801,6239,2026-05-13
元大松江,220.5,100,0,9801,6239,2026-05-13
元大,231.5,43000,21000,9800,6239,2026-05-13
元大,230.5,103020,57000,9800,6239,2026-05-13
元大,229.5,52979,23315,9800,6239,2026-05-13
元大,228.5,12030,4000,9800,6239,2026-05-13
元大,227.5,7000,6150,9800,6239,2026-05-13
元大,226.5,1000,9000,9800,6239,2026-05-13
元大清水,220.0,5,0,980e,6239,2026-05-13
元大學甲,226.5,0,2000,983K,6239,2026-05-13
元大學甲,229.5,20,1000,983K,6239,2026-05-13
元大木柵,222.5,50,50,983M,6239,2026-05-13
元大敦南,220.0,16000,0,989P,6239,2026-05-13
元大內湖,231.5,5,0,989N,6239,2026-05-13
元大內湖,229.5,4002,600,989N,6239,2026-05-13
元大內湖,227.5,0,1100,989N,6239,2026-05-13
元大內湖,224.5,1000,0,989N,6239,2026-05-13
元大內湖,223.5,0,5000,989N,6239,2026-05-13
元大內湖,222.0,0,1000,989N,6239,2026-05-13
元大內湖,220.5,0,10,989N,6239,2026-05-13
元大信義,229.0,0,1000,989m,6239,2026-05-13
元大信義,223.5,0,4000,989m,6239,2026-05-13
元大信義,221.0,1000,0,989m,6239,2026-05-13
元大成功,232.0,0,3000,989L,6239,2026-05-13
元大敦南,222.0,0,16000,989P,6239,2026-05-13
元大成功,231.0,0,2000,989L,6239,2026-05-13
元大成功,228.0,0,1000,989L,6239,2026-05-13
元大成功,223.0,90,0,989L,6239,2026-05-13
元大成功,220.5,1000,0,989L,6239,2026-05-13
元大古亭,230.5,0,1000,989k,6239,2026-05-13
元大古亭,229.0,11050,1000,989k,6239,2026-05-13
元大古亭,224.0,5,0,989k,6239,2026-05-13
元大古亭,223.0,0,1000,989k,6239,2026-05-13
元大古亭,222.0,2100,0,989k,6239,2026-05-13
元大彰生,231.5,44,55,989J,6239,2026-05-13
元大彰生,229.0,0,1300,989J,6239,2026-05-13
元大彰生,223.5,15,1000,989J,6239,2026-05-13
元大彰生,222.5,2000,0,989J,6239,2026-05-13
元大成功,230.0,0,1000,989L,6239,2026-05-13
元大彰生,220.5,0,1000,989J,6239,2026-05-13
元大敦南,223.0,2000,0,989P,6239,2026-05-13
元大汐止,220.5,1001,0,989Q,6239,2026-05-13
元大站前,225.5,1000,0,989W,6239,2026-05-13
元大站前,223.0,8,0,989W,6239,2026-05-13
元大站前,222.0,2230,1025,989W,6239,2026-05-13
元大北重,232.0,1000,3000,989V,6239,2026-05-13
元大北重,230.0,1000,3000,989V,6239,2026-05-13
元大北重,229.0,0,120,989V,6239,2026-05-13
元大北重,224.0,0,3000,989V,6239,2026-05-13
元大北重,222.0,200,2000,989V,6239,2026-05-13
元大大甲,231.5,0,2000,989U,6239,2026-05-13
元大大甲,229.0,20,350,989U,6239,2026-05-13
元大大甲,223.0,1000,0,989U,6239,2026-05-13
元大大甲,221.5,0,1000,989U,6239,2026-05-13
元大敦南,228.5,0,2000,989P,6239,2026-05-13
元大鹿港,232.0,0,2000,989S,6239,2026-05-13
元大鹿港,229.5,0,1000,989S,6239,2026-05-13
元大鹿港,228.5,1000,0,989S,6239,2026-05-13
元大鹿港,222.5,1000,0,989S,6239,2026-05-13
元大鹿港,221.0,1,0,989S,6239,2026-05-13
元大汐止,231.5,0,200,989Q,6239,2026-05-13
元大汐止,230.5,2000,3000,989Q,6239,2026-05-13
元大汐止,229.0,0,2000,989Q,6239,2026-05-13
元大汐止,227.0,0,15,989Q,6239,2026-05-13
元大汐止,224.5,40,0,989Q,6239,2026-05-13
元大汐止,223.5,0,100,989Q,6239,2026-05-13
元大汐止,222.5,1650,20,989Q,6239,2026-05-13
元大汐止,221.5,1007,0,989Q,6239,2026-05-13
元大鹿港,230.5,1000,417,989S,6239,2026-05-13
元大樹林,231.0,0,65,989j,6239,2026-05-13
元大樹林,230.0,0,3015,989j,6239,2026-05-13
元大樹林,228.5,0,1000,989j,6239,2026-05-13
元大草屯,222.0,180,1030,989E,6239,2026-05-13
元大中和,230.0,2000,3000,989e,6239,2026-05-13
元大中和,229.0,0,60,989e,6239,2026-05-13
元大中和,223.0,50,300,989e,6239,2026-05-13
元大中和,222.0,1200,1000,989e,6239,2026-05-13
元大左營,231.5,0,2000,989D,6239,2026-05-13
元大左營,230.5,1000,0,989D,6239,2026-05-13
元大左營,229.0,100,0,989D,6239,2026-05-13
元大左營,223.0,90,110,989D,6239,2026-05-13
元大北屯,232.0,0,50,989d,6239,2026-05-13
元大北屯,230.0,0,100,989d,6239,2026-05-13
元大北屯,224.5,0,1000,989d,6239,2026-05-13
元大草屯,223.0,15,2000,989E,6239,2026-05-13
元大北屯,223.0,2000,0,989d,6239,2026-05-13
元大北屯,221.0,0,1000,989d,6239,2026-05-13
元大板橋,232.0,4,0,989C,6239,2026-05-13
元大板橋,231.0,3000,200,989C,6239,2026-05-13
元大板橋,229.5,1000,100,989C,6239,2026-05-13
元大板橋,228.0,200,0,989C,6239,2026-05-13
元大板橋,223.5,2000,0,989C,6239,2026-05-13
元大板橋,222.5,2002,1100,989C,6239,2026-05-13
元大板橋,221.5,50,0,989C,6239,2026-05-13
元大中港,232.0,1000,0,989B,6239,2026-05-13
元大中港,230.0,0,2000,989B,6239,2026-05-13
元大中港,229.0,0,7000,989B,6239,2026-05-13
元大中港,223.5,0,1100,989B,6239,2026-05-13
元大北屯,222.0,3010,1000,989d,6239,2026-05-13
元大草屯,224.5,20,0,989E,6239,2026-05-13
元大草屯,228.0,0,2000,989E,6239,2026-05-13
元大草屯,229.0,807,0,989E,6239,2026-05-13
元大樹林,222.0,1100,0,989j,6239,2026-05-13
元大蘆中,232.0,0,1000,989I,6239,2026-05-13
元大蘆中,231.0,0,200,989I,6239,2026-05-13
元大蘆中,229.5,300,0,989I,6239,2026-05-13
元大蘆中,227.5,2000,0,989I,6239,2026-05-13
元大蘆中,222.5,50,0,989I,6239,2026-05-13
元大蘆中,221.5,20,1000,989I,6239,2026-05-13
元大大同,232.0,1000,0,989G,6239,2026-05-13
元大大同,229.5,0,1040,989G,6239,2026-05-13
元大大同,225.0,10,0,989G,6239,2026-05-13
元大大同,222.5,200,193,989G,6239,2026-05-13
元大大同,220.5,60,0,989G,6239,2026-05-13
元大嘉義,231.0,0,1000,989g,6239,2026-05-13
元大嘉義,230.0,0,35,989g,6239,2026-05-13
元大嘉義,229.0,1000,0,989g,6239,2026-05-13
元大嘉義,222.5,1000,0,989g,6239,2026-05-13
元大高雄,231.0,0,5250,989F,6239,2026-05-13
元大高雄,230.0,0,2000,989F,6239,2026-05-13
元大高雄,229.0,0,1000,989F,6239,2026-05-13
元大高雄,223.5,1000,0,989F,6239,2026-05-13
元大高雄,222.5,1010,5,989F,6239,2026-05-13
元大高雄,221.5,1000,0,989F,6239,2026-05-13
元大東港,230.5,0,1000,989f,6239,2026-05-13
元大東港,229.0,0,30,989f,6239,2026-05-13
元大東港,222.5,0,100,989f,6239,2026-05-13
元大草屯,231.5,3146,0,989E,6239,2026-05-13
元大草屯,230.0,0,1206,989E,6239,2026-05-13
元大站前,229.0,10,0,989W,6239,2026-05-13
元大站前,230.0,10,1200,989W,6239,2026-05-13
元大站前,232.0,0,200,989W,6239,2026-05-13
元大三民,221.5,1000,0,989X,6239,2026-05-13
永豐中和,228.5,1000,0,9A9B,6239,2026-05-13
永豐中和,224.0,0,5000,9A9B,6239,2026-05-13
永豐中和,221.0,5050,0,9A9B,6239,2026-05-13
永豐虎尾,231.5,0,1000,9A9b,6239,2026-05-13
永豐羅東,229.0,0,3100,9A9A,6239,2026-05-13
永豐羅東,222.0,1000,0,9A9A,6239,2026-05-13
永豐苓雅,231.5,0,2000,9A9a,6239,2026-05-13
永豐苓雅,230.5,1000,0,9A9a,6239,2026-05-13
永豐苓雅,229.0,0,1000,9A9a,6239,2026-05-13
永豐苓雅,224.5,0,6000,9A9a,6239,2026-05-13
永豐苓雅,222.5,0,4,9A9a,6239,2026-05-13
永豐苓雅,220.5,50,200,9A9a,6239,2026-05-13
永豐中和,229.5,0,8000,9A9B,6239,2026-05-13
永豐中壢,230.5,0,1000,9A99,6239,2026-05-13
永豐中壢,220.5,0,1000,9A99,6239,2026-05-13
永豐大園,231.0,1000,2000,9A98,6239,2026-05-13
永豐大園,230.0,1000,3000,9A98,6239,2026-05-13
永豐大園,228.5,2000,1000,9A98,6239,2026-05-13
永豐大園,227.0,1000,0,9A98,6239,2026-05-13
永豐大園,223.5,0,3000,9A98,6239,2026-05-13
永豐大園,222.5,1000,2000,9A98,6239,2026-05-13
永豐大園,221.5,2000,0,9A98,6239,2026-05-13
永豐大園,220.5,2000,0,9A98,6239,2026-05-13
永豐新竹,231.5,1000,2000,9A97,6239,2026-05-13
永豐新竹,230.0,100,50,9A97,6239,2026-05-13
永豐新竹,229.0,0,8250,9A97,6239,2026-05-13
永豐中壢,224.0,0,130,9A99,6239,2026-05-13
永豐中和,231.0,0,1000,9A9B,6239,2026-05-13
永豐永康,222.0,10,3150,9A9c,6239,2026-05-13
永豐永康,223.5,6,3000,9A9c,6239,2026-05-13
永豐內湖,229.5,30000,0,9A9g,6239,2026-05-13
永豐內湖,228.5,0,2000,9A9g,6239,2026-05-13
永豐內湖,223.5,1000,0,9A9g,6239,2026-05-13
永豐內湖,222.5,2000,0,9A9g,6239,2026-05-13
永豐內湖,221.0,1000,0,9A9g,6239,2026-05-13
永豐高雄,231.0,4,0,9A9e,6239,2026-05-13
永豐高雄,229.0,100,0,9A9e,6239,2026-05-13
永豐高雄,225.0,0,100,9A9e,6239,2026-05-13
永豐高雄,222.0,20,0,9A9e,6239,2026-05-13
永豐忠孝,231.5,100,0,9A9D,6239,2026-05-13
永豐忠孝,230.0,0,1000,9A9D,6239,2026-05-13
永豐忠孝,229.0,0,200,9A9D,6239,2026-05-13
永豐忠孝,223.5,0,1000,9A9D,6239,2026-05-13
永豐忠孝,222.5,100,1000,9A9D,6239,2026-05-13
永豐忠孝,221.5,0,1000,9A9D,6239,2026-05-13
永豐古亭,232.0,0,700,9A9d,6239,2026-05-13
永豐古亭,231.0,0,100,9A9d,6239,2026-05-13
永豐古亭,229.5,200,100,9A9d,6239,2026-05-13
永豐古亭,224.0,40,0,9A9d,6239,2026-05-13
永豐古亭,222.5,30,0,9A9d,6239,2026-05-13
永豐員林,231.5,20,0,9A9C,6239,2026-05-13
永豐員林,230.5,2000,2000,9A9C,6239,2026-05-13
永豐員林,229.5,6010,1000,9A9C,6239,2026-05-13
永豐員林,228.0,2000,0,9A9C,6239,2026-05-13
永豐員林,222.5,100,0,9A9C,6239,2026-05-13
永豐永康,231.0,0,15,9A9c,6239,2026-05-13
永豐永康,226.5,0,2000,9A9c,6239,2026-05-13
永豐新竹,228.0,0,3000,9A97,6239,2026-05-13
元大中港,222.5,1000,0,989B,6239,2026-05-13
永豐新竹,222.5,2,0,9A97,6239,2026-05-13
永豐萬盛,230.5,0,2500,9A92,6239,2026-05-13
永豐屏東,222.5,1100,300,9A69,6239,2026-05-13
永豐鳳山,230.5,0,4000,9A61,6239,2026-05-13
永豐鳳山,223.0,0,5,9A61,6239,2026-05-13
永豐鳳山,220.0,50,0,9A61,6239,2026-05-13
永豐金,231.5,4310,663,9A00,6239,2026-05-13
永豐金,230.5,7428,5500,9A00,6239,2026-05-13
永豐金,229.5,1124,3221,9A00,6239,2026-05-13
永豐金,228.5,2000,16100,9A00,6239,2026-05-13
永豐金,227.5,220,3000,9A00,6239,2026-05-13
永豐金,226.5,0,3000,9A00,6239,2026-05-13
永豐金,224.5,0,10000,9A00,6239,2026-05-13
永豐金,223.5,2062,20170,9A00,6239,2026-05-13
永豐屏東,223.5,1000,0,9A69,6239,2026-05-13
永豐金,222.5,2799,21200,9A00,6239,2026-05-13
永豐金,220.5,1312,0,9A00,6239,2026-05-13
元大小港,232.0,11,680,989Z,6239,2026-05-13
元大小港,231.0,100,99,989Z,6239,2026-05-13
元大小港,230.0,1000,100,989Z,6239,2026-05-13
元大小港,229.0,0,1045,989Z,6239,2026-05-13
元大小港,222.5,5,0,989Z,6239,2026-05-13
元大小港,221.5,0,100,989Z,6239,2026-05-13
元大基隆,232.0,0,1000,989Y,6239,2026-05-13
元大基隆,230.5,0,1000,989Y,6239,2026-05-13
元大基隆,224.0,3000,0,989Y,6239,2026-05-13
元大三民,232.0,0,1000,989X,6239,2026-05-13
元大三民,229.5,1,2001,989X,6239,2026-05-13
永豐金,221.5,5216,3000,9A00,6239,2026-05-13
永豐屏東,228.0,0,1000,9A69,6239,2026-05-13
永豐屏東,230.0,122,1000,9A69,6239,2026-05-13
永豐埔里,221.0,1000,0,9A79,6239,2026-05-13
永豐萬盛,229.5,0,439,9A92,6239,2026-05-13
永豐萬盛,228.5,350,0,9A92,6239,2026-05-13
永豐萬盛,227.0,59,0,9A92,6239,2026-05-13
永豐萬盛,222.5,0,1000,9A92,6239,2026-05-13
永豐萬盛,221.0,100,0,9A92,6239,2026-05-13
永豐松山,230.5,100,0,9A91,6239,2026-05-13
永豐松山,229.0,1500,0,9A91,6239,2026-05-13
永豐松山,224.5,0,1000,9A91,6239,2026-05-13
永豐松山,223.0,2104,0,9A91,6239,2026-05-13
永豐敦南,232.0,10,0,9A8F,6239,2026-05-13
永豐敦南,231.0,200,1000,9A8F,6239,2026-05-13
永豐敦南,230.0,1000,200,9A8F,6239,2026-05-13
永豐敦南,228.5,1000,3000,9A8F,6239,2026-05-13
永豐敦南,224.5,1000,0,9A8F,6239,2026-05-13
永豐敦南,223.5,1050,1000,9A8F,6239,2026-05-13
永豐敦南,222.5,5014,2000,9A8F,6239,2026-05-13
永豐敦南,220.5,1500,0,9A8F,6239,2026-05-13
永豐敦北,232.0,4250,0,9A89,6239,2026-05-13
永豐敦北,231.0,0,4,9A89,6239,2026-05-13
永豐敦北,229.0,3000,0,9A89,6239,2026-05-13
永豐敦北,222.5,50,0,9A89,6239,2026-05-13
永豐敦北,221.5,150,0,9A89,6239,2026-05-13
永豐匯立,224.0,0,4000,9A81,6239,2026-05-13
永豐匯立,222.5,0,3000,9A81,6239,2026-05-13
永豐埔里,231.5,50,0,9A79,6239,2026-05-13
永豐埔里,230.0,0,1000,9A79,6239,2026-05-13
永豐埔里,223.5,2000,0,9A79,6239,2026-05-13
永豐萬盛,232.0,100,0,9A92,6239,2026-05-13
富邦新竹,223.0,115,1000,9647,6239,2026-05-13
元大中港,221.0,0,1000,989B,6239,2026-05-13
元大北投,229.5,0,1301,989A,6239,2026-05-13
元大鳳中,228.0,0,1000,985C,6239,2026-05-13
元大鳳中,224.0,100,0,985C,6239,2026-05-13
元大鳳中,222.5,1000,0,985C,6239,2026-05-13
元大鳳中,221.5,2,0,985C,6239,2026-05-13
元大鳳中,220.5,10,0,985C,6239,2026-05-13
元大經國,231.0,0,1200,9859,6239,2026-05-13
元大經國,230.0,2000,7000,9859,6239,2026-05-13
元大經國,229.0,1000,2000,9859,6239,2026-05-13
元大經國,227.5,0,2000,9859,6239,2026-05-13
元大經國,224.5,5000,0,9859,6239,2026-05-13
元大經國,223.0,0,4000,9859,6239,2026-05-13
元大經國,222.0,2200,3000,9859,6239,2026-05-13
元大鳳中,229.5,100,0,985C,6239,2026-05-13
元大經國,221.0,4000,0,9859,6239,2026-05-13
元大龍潭,230.0,0,1500,9858,6239,2026-05-13
元大龍潭,229.0,70,2400,9858,6239,2026-05-13
元大龍潭,224.5,20,0,9858,6239,2026-05-13
元大龍潭,223.5,2,6,9858,6239,2026-05-13
元大龍潭,222.0,0,110,9858,6239,2026-05-13
元大龍潭,220.0,2000,0,9858,6239,2026-05-13
元大蘆洲,230.5,1000,2000,9857,6239,2026-05-13
元大蘆洲,229.0,200,10,9857,6239,2026-05-13
元大蘆洲,224.0,8,1000,9857,6239,2026-05-13
元大蘆洲,222.5,0,1001,9857,6239,2026-05-13
元大蘆洲,221.0,1000,0,9857,6239,2026-05-13
元大花蓮,232.0,0,1000,9856,6239,2026-05-13
元大龍潭,232.0,1000,5000,9858,6239,2026-05-13
元大花蓮,230.5,1030,2000,9856,6239,2026-05-13
元大鳳中,231.0,100,1000,985C,6239,2026-05-13
元大岡山,230.5,1000,0,985F,6239,2026-05-13
元大基孝,222.0,9,0,986K,6239,2026-05-13
元大新盛,232.0,300,0,9869,6239,2026-05-13
元大新盛,231.0,100,0,9869,6239,2026-05-13
元大新盛,230.0,0,5100,9869,6239,2026-05-13
元大新盛,229.0,0,1000,9869,6239,2026-05-13
元大新盛,224.0,100,0,9869,6239,2026-05-13
元大新盛,223.0,1080,0,9869,6239,2026-05-13
元大新盛,221.5,2000,0,9869,6239,2026-05-13
元大新盛,220.5,1013,0,9869,6239,2026-05-13
元大文心,229.5,0,1000,9868,6239,2026-05-13
元大文心,223.0,3,200,9868,6239,2026-05-13
元大文心,221.0,0,25000,9868,6239,2026-05-13
元大鳳中,232.0,100,1,985C,6239,2026-05-13
元大民權,231.5,0,1000,9867,6239,2026-05-13
元大民權,229.0,0,50,9867,6239,2026-05-13
元大民權,223.0,5000,100,9867,6239,2026-05-13
元大和平,229.5,100,2000,9863,6239,2026-05-13
元大和平,227.0,2000,0,9863,6239,2026-05-13
元大和平,223.0,23,0,9863,6239,2026-05-13
元大和平,222.0,150,0,9863,6239,2026-05-13
元大和平,220.0,1000,0,9863,6239,2026-05-13
元大南京,231.5,5000,0,9862,6239,2026-05-13
元大南京,230.0,7000,0,9862,6239,2026-05-13
元大南京,225.5,2000,0,9862,6239,2026-05-13
元大南京,222.0,1000,0,9862,6239,2026-05-13
元大南京,220.0,20,0,9862,6239,2026-05-13
元大民權,230.0,0,20,9867,6239,2026-05-13
元大花蓮,229.5,0,1000,9856,6239,2026-05-13
元大花蓮,228.5,1000,1000,9856,6239,2026-05-13
元大花蓮,223.5,1,0,9856,6239,2026-05-13
元大新中,227.0,0,10,984C,6239,2026-05-13
元大新中,222.5,2100,20,984C,6239,2026-05-13
元大新中,221.5,100,0,984C,6239,2026-05-13
元大大直,220.0,0,1000,9846,6239,2026-05-13
元大鳳山,230.5,0,15,983Z,6239,2026-05-13
元大鳳山,224.5,1000,0,983Z,6239,2026-05-13
元大德芳,231.5,0,1000,983W,6239,2026-05-13
元大德芳,230.0,1000,0,983W,6239,2026-05-13
元大德芳,229.0,0,2000,983W,6239,2026-05-13
元大德芳,225.0,0,2000,983W,6239,2026-05-13
元大德芳,223.5,0,1000,983W,6239,2026-05-13
元大德芳,222.5,3010,1100,983W,6239,2026-05-13
元大新中,229.0,2020,1000,984C,6239,2026-05-13
元大德芳,221.5,2000,0,983W,6239,2026-05-13
元大竹南,230.0,0,4000,983V,6239,2026-05-13
元大竹南,227.5,2000,0,983V,6239,2026-05-13
元大竹南,222.5,0,1000,983V,6239,2026-05-13
元大竹南,221.5,1000,0,983V,6239,2026-05-13
元大頭份,231.0,50,4000,983U,6239,2026-05-13
元大頭份,229.0,0,120,983U,6239,2026-05-13
元大頭份,224.0,0,2000,983U,6239,2026-05-13
元大頭份,223.0,0,100,983U,6239,2026-05-13
元大頭份,222.0,1000,0,983U,6239,2026-05-13
元大大安,231.0,0,100,983N,6239,2026-05-13
元大大安,230.0,50,2100,983N,6239,2026-05-13
元大大安,227.5,30,0,983N,6239,2026-05-13
元大竹南,232.0,1000,0,983V,6239,2026-05-13
元大新中,230.0,1000,0,984C,6239,2026-05-13
元大新中,231.0,0,1000,984C,6239,2026-05-13
元大南勢,222.5,65,0,984E,6239,2026-05-13
元大花蓮,222.5,1031,1100,9856,6239,2026-05-13
元大花蓮,220.5,1050,0,9856,6239,2026-05-13
元大興安,229.0,0,8000,9854,6239,2026-05-13
元大興安,223.5,20,100,9854,6239,2026-05-13
元大興安,222.5,1010,0,9854,6239,2026-05-13
元大興安,221.5,1000,0,9854,6239,2026-05-13
元大南屯,232.0,50,0,9853,6239,2026-05-13
元大南屯,230.5,0,1000,9853,6239,2026-05-13
元大南屯,229.5,1000,0,9853,6239,2026-05-13
元大南屯,223.5,105,0,9853,6239,2026-05-13
元大南屯,222.0,10,1000,9853,6239,2026-05-13
元大永春,232.0,30,20,9852,6239,2026-05-13
元大永春,231.0,23000,0,9852,6239,2026-05-13
元大永春,230.0,1000,1000,9852,6239,2026-05-13
元大永春,228.5,1000,0,9852,6239,2026-05-13
元大永春,225.0,0,1068,9852,6239,2026-05-13
元大永春,223.5,100,5000,9852,6239,2026-05-13
元大永春,222.5,1100,200,9852,6239,2026-05-13
元大永春,221.5,1000,0,9852,6239,2026-05-13
元大館前,232.0,0,3110,984K,6239,2026-05-13
元大館前,230.5,0,1000,984K,6239,2026-05-13
元大館前,223.5,0,10000,984K,6239,2026-05-13
元大館前,222.0,1030,0,984K,6239,2026-05-13
元大景美,231.5,0,50,984H,6239,2026-05-13
元大景美,221.5,0,15,984H,6239,2026-05-13
元大南勢,230.0,653,0,984E,6239,2026-05-13
元大南勢,228.5,0,1000,984E,6239,2026-05-13
元大基孝,229.5,0,1000,986K,6239,2026-05-13
元大基孝,230.5,0,1000,986K,6239,2026-05-13
元大基孝,232.0,0,1000,986K,6239,2026-05-13
元大忠孝,221.0,5,0,9871,6239,2026-05-13
元大桃興,231.5,0,2200,9894,6239,2026-05-13
元大桃興,230.0,0,1000,9894,6239,2026-05-13
元大桃興,229.0,1000,0,9894,6239,2026-05-13
元大桃興,223.5,1000,0,9894,6239,2026-05-13
元大桃興,222.0,1005,0,9894,6239,2026-05-13
元大大天,232.0,0,2000,9893,6239,2026-05-13
元大大天,230.0,106,0,9893,6239,2026-05-13
元大大天,229.0,101,0,9893,6239,2026-05-13
元大大天,225.0,0,1000,9893,6239,2026-05-13
元大大天,223.0,0,1000,9893,6239,2026-05-13
元大大天,222.0,0,1300,9893,6239,2026-05-13
元大大天,221.0,1000,1000,9893,6239,2026-05-13
元大台南,222.0,1,0,9896,6239,2026-05-13
元大屏東,232.0,0,50,9892,6239,2026-05-13
元大屏東,230.0,0,2050,9892,6239,2026-05-13
元大屏東,229.0,0,100,9892,6239,2026-05-13
元大屏東,222.5,67,0,9892,6239,2026-05-13
元大屏東,221.5,1000,2000,9892,6239,2026-05-13
元大屏東,220.5,7,0,9892,6239,2026-05-13
元大永和,231.5,0,2150,9891,6239,2026-05-13
元大永和,230.5,1000,0,9891,6239,2026-05-13
元大永和,229.5,1000,2000,9891,6239,2026-05-13
元大永和,228.5,0,6000,9891,6239,2026-05-13
元大永和,222.5,1030,0,9891,6239,2026-05-13
元大長庚,232.0,200,0,988V,6239,2026-05-13
元大長庚,228.0,0,1000,988V,6239,2026-05-13
元大屏東,231.0,1000,0,9892,6239,2026-05-13
元大台南,223.0,1220,0,9896,6239,2026-05-13
元大台南,224.5,0,1000,9896,6239,2026-05-13
元大台南,227.0,100,0,9896,6239,2026-05-13
元大北投,223.5,0,200,989A,6239,2026-05-13
元大北投,222.5,0,1050,989A,6239,2026-05-13
元大苑裡,231.0,2000,0,989a,6239,2026-05-13
元大苑裡,230.0,0,50,989a,6239,2026-05-13
元大苑裡,229.0,500,1000,989a,6239,2026-05-13
元大苑裡,222.0,10,0,989a,6239,2026-05-13
元大淡水,231.5,1000,0,9899,6239,2026-05-13
元大淡水,229.5,0,1000,9899,6239,2026-05-13
元大淡水,228.5,0,2000,9899,6239,2026-05-13
元大淡水,227.5,0,1000,9899,6239,2026-05-13
元大淡水,225.5,0,1000,9899,6239,2026-05-13
元大淡水,223.0,10,0,9899,6239,2026-05-13
元大淡水,221.5,1000,0,9899,6239,2026-05-13
元大新莊,232.0,0,200,9898,6239,2026-05-13
元大新莊,231.0,0,11025,9898,6239,2026-05-13
元大新莊,230.0,5400,2000,9898,6239,2026-05-13
元大新莊,229.0,0,10000,9898,6239,2026-05-13
元大新莊,223.5,0,45,9898,6239,2026-05-13
元大新莊,222.5,300,1000,9898,6239,2026-05-13
元大新莊,221.5,0,1000,9898,6239,2026-05-13
元大新莊,220.5,150,80,9898,6239,2026-05-13
元大土城,230.5,0,7000,9897,6239,2026-05-13
元大土城,222.5,7,0,9897,6239,2026-05-13
元大土城,221.5,5,0,9897,6239,2026-05-13
元大土城,220.5,35,0,9897,6239,2026-05-13
元大台南,231.5,1000,100,9896,6239,2026-05-13
元大台南,230.0,400,2000,9896,6239,2026-05-13
元大長庚,223.0,0,80,988V,6239,2026-05-13
元大北投,230.5,0,1099,989A,6239,2026-05-13
元大長庚,221.0,1000,0,988V,6239,2026-05-13
元大三重,224.0,0,3000,988C,6239,2026-05-13
元大板三,231.0,10,1000,9879,6239,2026-05-13
元大板三,228.5,1000,0,9879,6239,2026-05-13
元大板三,222.5,2360,1000,9879,6239,2026-05-13
元大板三,221.0,100,0,9879,6239,2026-05-13
元大金華,231.0,1000,1000,9878,6239,2026-05-13
元大金華,230.0,2000,1000,9878,6239,2026-05-13
元大金華,223.5,0,1000,9878,6239,2026-05-13
元大金華,222.5,0,100,9878,6239,2026-05-13
元大永寧,231.0,1000,0,9875,6239,2026-05-13
元大永寧,230.0,0,1000,9875,6239,2026-05-13
元大永寧,228.5,1000,0,9875,6239,2026-05-13
元大永寧,222.5,150,0,9875,6239,2026-05-13
元大楊梅,220.0,12,0,987A,6239,2026-05-13
元大雙和,231.0,1000,0,9874,6239,2026-05-13
元大雙和,229.0,1000,1172,9874,6239,2026-05-13
元大雙和,227.5,2000,0,9874,6239,2026-05-13
元大雙和,223.5,0,1000,9874,6239,2026-05-13
元大雙和,222.5,1025,0,9874,6239,2026-05-13
元大復北,232.0,0,12,9872,6239,2026-05-13
元大復北,230.0,0,2000,9872,6239,2026-05-13
元大復北,228.5,0,4000,9872,6239,2026-05-13
元大復北,223.5,0,1000,9872,6239,2026-05-13
元大復北,222.5,1305,3000,9872,6239,2026-05-13
元大忠孝,230.0,0,1000,9871,6239,2026-05-13
元大忠孝,223.0,1000,1000,9871,6239,2026-05-13
元大忠孝,222.0,5,1000,9871,6239,2026-05-13
元大雙和,230.0,1000,1010,9874,6239,2026-05-13
元大楊梅,222.0,4100,10000,987A,6239,2026-05-13
元大楊梅,223.0,2095,0,987A,6239,2026-05-13
元大楊梅,224.0,0,1000,987A,6239,2026-05-13
元大桃園,231.5,11000,99,988B,6239,2026-05-13
元大桃園,230.5,2010,100,988B,6239,2026-05-13
元大桃園,229.0,2000,1000,988B,6239,2026-05-13
元大桃園,224.0,130,0,988B,6239,2026-05-13
元大桃園,222.5,10,50,988B,6239,2026-05-13
元大桃園,221.0,0,2000,988B,6239,2026-05-13
元大員林,232.0,0,1000,9889,6239,2026-05-13
元大員林,231.0,2000,0,9889,6239,2026-05-13
元大員林,230.0,1000,3000,9889,6239,2026-05-13
元大員林,229.0,1300,0,9889,6239,2026-05-13
元大員林,224.0,0,170,9889,6239,2026-05-13
元大員林,223.0,1050,2131,9889,6239,2026-05-13
元大員林,222.0,3000,30,9889,6239,2026-05-13
元大員林,220.5,1000,0,9889,6239,2026-05-13
元大鑫永,229.0,2000,0,9888,6239,2026-05-13
元大鑫永,220.0,40,0,9888,6239,2026-05-13
元大斗信,231.5,0,1000,9884,6239,2026-05-13
元大斗信,230.5,250,0,9884,6239,2026-05-13
元大斗信,229.5,0,100,9884,6239,2026-05-13
元大斗信,228.5,0,15,9884,6239,2026-05-13
元大斗信,224.5,10,0,9884,6239,2026-05-13
元大斗信,222.5,100,0,9884,6239,2026-05-13
元大斗信,221.0,100,0,9884,6239,2026-05-13
元大楊梅,231.5,389,1000,987A,6239,2026-05-13
元大楊梅,230.0,1020,3000,987A,6239,2026-05-13
元大楊梅,229.0,0,55,987A,6239,2026-05-13
元大楊梅,228.0,0,1000,987A,6239,2026-05-13
元大三重,229.0,1000,0,988C,6239,2026-05-13
富邦新竹,222.0,2000,0,9647,6239,2026-05-13
富邦新竹,221.0,1000,0,9647,6239,2026-05-13
富邦新竹,220.0,0,150,9647,6239,2026-05-13
群益大甲,222.5,1001,2000,918g,6239,2026-05-13
群益大甲,221.5,0,20,918g,6239,2026-05-13
群益新店,231.5,0,6000,918F,6239,2026-05-13
群益新店,230.5,100,5000,918F,6239,2026-05-13
群益新店,229.0,325,0,918F,6239,2026-05-13
群益新店,223.0,11000,0,918F,6239,2026-05-13
群益南京,231.0,0,1000,918E,6239,2026-05-13
群益南京,229.0,0,1000,918E,6239,2026-05-13
群益南京,223.0,4,0,918E,6239,2026-05-13
群益大安,232.0,10000,0,918e,6239,2026-05-13
群益大安,223.0,2,0,918e,6239,2026-05-13
群益東門,231.0,0,1050,918D,6239,2026-05-13
群益大甲,223.5,1050,0,918g,6239,2026-05-13
群益東門,229.5,1000,0,918D,6239,2026-05-13
群益東門,223.0,105,0,918D,6239,2026-05-13
群益東門,220.0,100,0,918D,6239,2026-05-13
群益內湖,228.0,0,1000,918d,6239,2026-05-13
群益內湖,223.0,15,0,918d,6239,2026-05-13
群益古亭,232.0,200,0,918C,6239,2026-05-13
群益古亭,229.0,0,36,918C,6239,2026-05-13
群益古亭,223.0,0,1000,918C,6239,2026-05-13
群益鳳山,231.5,20,0,918c,6239,2026-05-13
群益鳳山,229.5,1000,0,918c,6239,2026-05-13
群益板橋,229.0,0,1000,918B,6239,2026-05-13
群益板橋,222.5,1000,0,918B,6239,2026-05-13
群益中壢,232.0,2000,0,918A,6239,2026-05-13
群益東門,224.0,0,1000,918D,6239,2026-05-13
群益中壢,230.0,0,2000,918A,6239,2026-05-13
群益大甲,229.0,8,350,918g,6239,2026-05-13
群益新莊,222.5,1000,0,918G,6239,2026-05-13
群益丹鳳,221.0,0,20000,918s,6239,2026-05-13
群益天母,222.5,0,50,918P,6239,2026-05-13
群益嘉義,231.0,1,0,918M,6239,2026-05-13
群益嘉義,229.5,300,0,918M,6239,2026-05-13
群益嘉義,224.0,300,0,918M,6239,2026-05-13
群益嘉義,222.5,8,0,918M,6239,2026-05-13
群益建成,230.0,1000,2000,918L,6239,2026-05-13
群益建成,229.0,0,100,918L,6239,2026-05-13
群益建成,223.5,110,0,918L,6239,2026-05-13
群益東湖,232.0,1000,0,918K,6239,2026-05-13
群益東湖,229.5,1000,0,918K,6239,2026-05-13
群益永和,231.5,1000,10,918J,6239,2026-05-13
群益新莊,221.0,1000,0,918G,6239,2026-05-13
群益永和,230.0,0,1000,918J,6239,2026-05-13
群益永和,222.0,1000,0,918J,6239,2026-05-13
群益竹南,232.0,50,0,918i,6239,2026-05-13
群益竹南,230.0,0,2000,918i,6239,2026-05-13
群益竹南,228.5,0,2000,918i,6239,2026-05-13
群益竹南,227.5,0,1000,918i,6239,2026-05-13
群益竹南,222.0,6000,0,918i,6239,2026-05-13
群益中山,232.0,0,1000,918H,6239,2026-05-13
群益中山,229.0,300,0,918H,6239,2026-05-13
群益新莊,231.5,0,1000,918G,6239,2026-05-13
群益新莊,230.0,0,1000,918G,6239,2026-05-13
群益新莊,229.0,1000,1000,918G,6239,2026-05-13
群益新莊,227.5,0,1000,918G,6239,2026-05-13
群益永和,229.0,17,0,918J,6239,2026-05-13
群益中壢,229.0,0,1000,918A,6239,2026-05-13
群益中壢,223.5,0,200,918A,6239,2026-05-13
群益中壢,222.5,2000,0,918A,6239,2026-05-13
群益高雄,231.0,0,7000,9183,6239,2026-05-13
群益高雄,223.0,2,0,9183,6239,2026-05-13
群益館前,231.0,100,0,913Y,6239,2026-05-13
群益館前,229.0,100,0,913Y,6239,2026-05-13
群益館前,223.0,100,0,913Y,6239,2026-05-13
群益崇德,232.0,0,132,913U,6239,2026-05-13
群益崇德,231.0,0,2000,913U,6239,2026-05-13
群益崇德,230.0,0,2000,913U,6239,2026-05-13
群益崇德,229.0,0,4,913U,6239,2026-05-13
群益崇德,223.5,10,0,913U,6239,2026-05-13
群益崇德,222.5,0,1000,913U,6239,2026-05-13
群益北高,227.0,100,0,913R,6239,2026-05-13
群益高雄,232.0,1020,1003,9183,6239,2026-05-13
群益北高,223.0,0,2,913R,6239,2026-05-13
群益土城,230.5,0,1000,913N,6239,2026-05-13
群益土城,229.5,0,200,913N,6239,2026-05-13
群益土城,224.0,0,30,913N,6239,2026-05-13
群益土城,222.5,200,0,913N,6239,2026-05-13
群益土城,221.5,12,0,913N,6239,2026-05-13
群益屏東,231.5,1000,0,913H,6239,2026-05-13
群益屏東,228.0,1007,0,913H,6239,2026-05-13
群益屏東,220.5,63,0,913H,6239,2026-05-13
群益三重,231.0,0,2000,913g,6239,2026-05-13
群益三重,229.5,2050,0,913g,6239,2026-05-13
群益三重,226.0,0,1000,913g,6239,2026-05-13
群益三重,222.5,2000,2000,913g,6239,2026-05-13
群益北高,221.5,1000,0,913R,6239,2026-05-13
群益台中,221.0,25,0,9184,6239,2026-05-13
群益台中,222.5,1000,0,9184,6239,2026-05-13
群益台中,227.0,0,100,9184,6239,2026-05-13
群益中壢,221.5,5,0,918A,6239,2026-05-13
群益中壢,220.5,5000,0,918A,6239,2026-05-13
群益桃園,232.0,0,3000,9189,6239,2026-05-13
群益桃園,231.0,2000,280,9189,6239,2026-05-13
群益桃園,228.5,1000,0,9189,6239,2026-05-13
群益三民,232.0,0,100,9188,6239,2026-05-13
群益三民,230.5,1000,0,9188,6239,2026-05-13
群益三民,228.5,0,2000,9188,6239,2026-05-13
群益三民,223.0,1000,0,9188,6239,2026-05-13
群益三民,222.0,1100,0,9188,6239,2026-05-13
群益三民,221.0,2000,0,9188,6239,2026-05-13
群益彰化,231.5,100,0,9187,6239,2026-05-13
群益彰化,230.5,7000,2000,9187,6239,2026-05-13
群益彰化,229.5,1000,0,9187,6239,2026-05-13
群益彰化,227.5,4000,0,9187,6239,2026-05-13
群益彰化,226.0,0,1000,9187,6239,2026-05-13
群益彰化,223.0,2100,2000,9187,6239,2026-05-13
群益彰化,222.0,1050,1000,9187,6239,2026-05-13
群益新竹,232.0,0,1000,9186,6239,2026-05-13
群益新竹,231.0,0,11000,9186,6239,2026-05-13
群益新竹,229.0,0,1000,9186,6239,2026-05-13
群益新竹,222.5,1000,6000,9186,6239,2026-05-13
群益新竹,220.5,0,1000,9186,6239,2026-05-13
群益台南,229.0,0,3000,9185,6239,2026-05-13
群益台中,232.0,3500,0,9184,6239,2026-05-13
群益台中,231.0,200,0,9184,6239,2026-05-13
群益台中,229.5,100,0,9184,6239,2026-05-13
群益丹鳳,223.5,1000,0,918s,6239,2026-05-13
群益丹鳳,227.5,0,2000,918s,6239,2026-05-13
群益丹鳳,229.5,0,1000,918s,6239,2026-05-13
群益丹鳳,232.0,5000,0,918s,6239,2026-05-13
凱基湖口,229.5,0,200,920N,6239,2026-05-13
凱基湖口,225.5,1000,0,920N,6239,2026-05-13
凱基湖口,223.0,200,0,920N,6239,2026-05-13
凱基湖口,221.5,50,0,920N,6239,2026-05-13
凱基宜蘭,224.0,1000,0,920M,6239,2026-05-13
凱基基隆,230.5,6000,0,920H,6239,2026-05-13
凱基基隆,229.0,0,2000,920H,6239,2026-05-13
凱基彰化,231.0,10050,0,920G,6239,2026-05-13
凱基彰化,229.5,15050,0,920G,6239,2026-05-13
凱基彰化,224.0,2000,0,920G,6239,2026-05-13
凱基彰化,221.5,25,0,920G,6239,2026-05-13
凱基站前,232.0,5000,1107,920F,6239,2026-05-13
凱基新店,224.0,0,25,920V,6239,2026-05-13
凱基站前,231.0,0,7,920F,6239,2026-05-13
凱基站前,229.0,50,6000,920F,6239,2026-05-13
凱基站前,223.5,2000,0,920F,6239,2026-05-13
凱基站前,222.5,260,0,920F,6239,2026-05-13
凱基站前,221.0,1050,0,920F,6239,2026-05-13
凱基市府,230.5,1000,0,920D,6239,2026-05-13
凱基市府,223.0,0,2000,920D,6239,2026-05-13
凱基市府,221.0,1000,0,920D,6239,2026-05-13
凱基雙和,230.0,2010,0,920C,6239,2026-05-13
凱基雙和,224.5,1000,0,920C,6239,2026-05-13
凱基雙和,223.0,1000,0,920C,6239,2026-05-13
凱基板橋,231.5,0,500,920A,6239,2026-05-13
凱基板橋,230.0,0,3000,920A,6239,2026-05-13
凱基站前,230.0,0,3000,920F,6239,2026-05-13
凱基大里,222.5,10,0,920W,6239,2026-05-13
凱基大里,231.0,200,0,920W,6239,2026-05-13
凱基台東,223.0,1000,0,920Z,6239,2026-05-13
凱基大直,223.5,4000,0,9218,6239,2026-05-13
凱基大直,222.0,4000,0,9218,6239,2026-05-13
凱基松山,231.5,0,6000,9217,6239,2026-05-13
凱基松山,230.0,0,2000,9217,6239,2026-05-13
凱基松山,229.0,2000,2000,9217,6239,2026-05-13
凱基松山,227.0,1000,1000,9217,6239,2026-05-13
凱基松山,226.0,0,2000,9217,6239,2026-05-13
凱基松山,223.0,0,4000,9217,6239,2026-05-13
凱基松山,222.0,1000,2000,9217,6239,2026-05-13
凱基松山,221.0,4000,0,9217,6239,2026-05-13
凱基信義,232.0,2000,0,9216,6239,2026-05-13
凱基信義,230.0,1000,2000,9216,6239,2026-05-13
凱基信義,229.0,1000,0,9216,6239,2026-05-13
凱基信義,228.0,51000,0,9216,6239,2026-05-13
凱基高美,231.0,2000,6000,9215,6239,2026-05-13
凱基高美,229.5,0,4000,9215,6239,2026-05-13
凱基高美,223.0,1000,0,9215,6239,2026-05-13
凱基東港,231.0,0,1000,9212,6239,2026-05-13
凱基東港,230.0,1000,0,9212,6239,2026-05-13
凱基東港,228.5,1000,0,9212,6239,2026-05-13
凱基台南,231.5,0,1000,9211,6239,2026-05-13
凱基台南,230.0,0,100,9211,6239,2026-05-13
凱基台南,228.5,0,5000,9211,6239,2026-05-13
凱基台南,224.0,0,1000,9211,6239,2026-05-13
凱基台南,222.5,1010,0,9211,6239,2026-05-13
凱基台南,221.0,0,1000,9211,6239,2026-05-13
凱基台南,220.0,1000,0,9211,6239,2026-05-13
凱基板橋,229.0,0,8100,920A,6239,2026-05-13
群益基隆,231.5,0,1000,913E,6239,2026-05-13
凱基板橋,227.5,1000,0,920A,6239,2026-05-13
凱基板橋,223.0,0,300,920A,6239,2026-05-13
凱基中港,230.0,0,1000,9202,6239,2026-05-13
凱基中港,226.0,0,1000,9202,6239,2026-05-13
凱基中港,222.5,1000,0,9202,6239,2026-05-13
凱基中港,221.5,0,1000,9202,6239,2026-05-13
凱基,231.5,5000,0,9200,6239,2026-05-13
凱基,230.5,10000,0,9200,6239,2026-05-13
凱基,229.5,0,8000,9200,6239,2026-05-13
凱基,228.5,3000,14000,9200,6239,2026-05-13
凱基,227.5,0,6000,9200,6239,2026-05-13
凱基,226.5,0,3000,9200,6239,2026-05-13
凱基,224.5,0,10000,9200,6239,2026-05-13
凱基,223.0,0,6000,9200,6239,2026-05-13
凱基台中,221.0,1000,0,9204,6239,2026-05-13
凱基,221.5,0,1000,9200,6239,2026-05-13
群益宜蘭,231.0,0,1000,918z,6239,2026-05-13
群益宜蘭,224.0,0,100,918z,6239,2026-05-13
群益延平,232.0,300,0,918x,6239,2026-05-13
群益延平,229.0,400,0,918x,6239,2026-05-13
群益忠孝,231.5,1000,0,918W,6239,2026-05-13
群益忠孝,220.5,100,0,918W,6239,2026-05-13
群益瑞豐,231.5,0,5000,918u,6239,2026-05-13
群益瑞豐,230.5,0,2,918u,6239,2026-05-13
群益瑞豐,229.0,100,0,918u,6239,2026-05-13
群益瑞豐,223.5,2100,0,918u,6239,2026-05-13
群益瑞豐,222.0,17000,0,918u,6239,2026-05-13
群益瑞豐,221.0,100,1000,918u,6239,2026-05-13
凱基,220.5,0,3000,9200,6239,2026-05-13
凱基台中,222.0,1000,0,9204,6239,2026-05-13
凱基台中,223.0,0,2000,9204,6239,2026-05-13
凱基台中,230.0,0,1000,9204,6239,2026-05-13
凱基板橋,221.5,1000,100,920A,6239,2026-05-13
凱基板橋,220.5,10,0,920A,6239,2026-05-13
凱基岡山,230.0,1000,0,9209,6239,2026-05-13
凱基岡山,225.0,50,0,9209,6239,2026-05-13
凱基岡山,223.0,3000,0,9209,6239,2026-05-13
凱基岡山,222.0,1000,4000,9209,6239,2026-05-13
凱基桃園,231.5,1000,1000,9208,6239,2026-05-13
凱基桃園,230.5,2000,0,9208,6239,2026-05-13
凱基桃園,229.5,2000,0,9208,6239,2026-05-13
凱基桃園,228.0,1000,0,9208,6239,2026-05-13
凱基桃園,223.5,0,1000,9208,6239,2026-05-13
凱基桃園,222.5,1300,0,9208,6239,2026-05-13
凱基桃園,221.5,1020,0,9208,6239,2026-05-13
凱基桃園,220.5,3000,0,9208,6239,2026-05-13
凱基永和,231.5,0,2150,9207,6239,2026-05-13
凱基永和,223.0,100,0,9207,6239,2026-05-13
凱基高雄,229.5,1000,0,9206,6239,2026-05-13
凱基高雄,228.5,1000,0,9206,6239,2026-05-13
凱基高雄,222.5,100,1000,9206,6239,2026-05-13
凱基高雄,221.5,1000,0,9206,6239,2026-05-13
凱基三重,231.0,0,5000,9205,6239,2026-05-13
凱基三重,230.0,0,2000,9205,6239,2026-05-13
凱基三重,229.0,1000,1000,9205,6239,2026-05-13
凱基三重,227.5,0,1000,9205,6239,2026-05-13
凱基三重,222.5,2215,2030,9205,6239,2026-05-13
凱基三重,221.5,1000,1100,9205,6239,2026-05-13
凱基台中,232.0,0,50,9204,6239,2026-05-13
凱基板橋,224.0,0,200,920A,6239,2026-05-13
凱基大直,228.0,1000,0,9218,6239,2026-05-13
群益基隆,230.0,0,1000,913E,6239,2026-05-13
群益潭子,232.0,0,10000,913D,6239,2026-05-13
國泰綜合,230.0,22,0,8880,6239,2026-05-13
國泰綜合,229.0,8011,100,8880,6239,2026-05-13
國泰綜合,228.0,12,0,8880,6239,2026-05-13
國泰綜合,225.5,3000,0,8880,6239,2026-05-13
國泰綜合,224.5,12,0,8880,6239,2026-05-13
國泰綜合,223.5,10053,17000,8880,6239,2026-05-13
國泰綜合,222.5,13077,43000,8880,6239,2026-05-13
國泰綜合,221.5,1000,0,8880,6239,2026-05-13
國泰綜合,220.5,256,0,8880,6239,2026-05-13
玉山數位,232.0,1300,0,884M,6239,2026-05-13
玉山數位,230.5,1000,2000,884M,6239,2026-05-13
玉山數位,229.0,0,1000,884M,6239,2026-05-13
國泰綜合,231.0,2005,0,8880,6239,2026-05-13
玉山數位,225.5,1000,0,884M,6239,2026-05-13
玉山數位,223.0,5152,2000,884M,6239,2026-05-13
玉山數位,222.0,45,10,884M,6239,2026-05-13
玉山數位,221.0,50,0,884M,6239,2026-05-13
玉山大里,231.0,0,1000,884J,6239,2026-05-13
玉山大里,230.0,1500,0,884J,6239,2026-05-13
玉山大里,229.0,0,19000,884J,6239,2026-05-13
玉山大里,227.5,51,0,884J,6239,2026-05-13
玉山大里,225.0,0,30,884J,6239,2026-05-13
玉山大里,222.5,1155,0,884J,6239,2026-05-13
玉山大里,220.5,0,10000,884J,6239,2026-05-13
玉山新竹,231.5,2000,2000,884H,6239,2026-05-13
玉山新竹,230.5,0,1000,884H,6239,2026-05-13
玉山數位,224.5,1000,0,884M,6239,2026-05-13
玉山新竹,229.5,1000,120,884H,6239,2026-05-13
國泰綜合,232.0,6005,0,8880,6239,2026-05-13
國泰高雄,222.5,3174,3000,8881,6239,2026-05-13
國泰台南,221.0,1033,0,8884,6239,2026-05-13
國泰松江,232.0,1000,0,8883,6239,2026-05-13
國泰松江,231.0,10300,0,8883,6239,2026-05-13
國泰松江,230.0,2000,20,8883,6239,2026-05-13
國泰松江,229.0,1000,0,8883,6239,2026-05-13
國泰松江,227.5,1000,180,8883,6239,2026-05-13
國泰松江,224.0,0,100,8883,6239,2026-05-13
國泰松江,223.0,1000,4000,8883,6239,2026-05-13
國泰松江,222.0,4250,0,8883,6239,2026-05-13
國泰松江,220.5,100,0,8883,6239,2026-05-13
國泰台中,231.5,1120,2529,8882,6239,2026-05-13
國泰台中,230.5,65,1000,8882,6239,2026-05-13
國泰高雄,221.5,3000,0,8881,6239,2026-05-13
國泰台中,229.5,25,2003,8882,6239,2026-05-13
國泰台中,227.0,1000,0,8882,6239,2026-05-13
國泰台中,224.5,1000,151,8882,6239,2026-05-13
國泰台中,223.5,1001,8052,8882,6239,2026-05-13
國泰台中,222.5,4167,2006,8882,6239,2026-05-13
國泰台中,221.5,10100,650,8882,6239,2026-05-13
國泰台中,220.5,1008,0,8882,6239,2026-05-13
國泰高雄,232.0,1,1800,8881,6239,2026-05-13
國泰高雄,231.0,5657,4000,8881,6239,2026-05-13
國泰高雄,230.0,4170,4100,8881,6239,2026-05-13
國泰高雄,229.0,100,0,8881,6239,2026-05-13
國泰高雄,228.0,1000,0,8881,6239,2026-05-13
國泰高雄,223.5,1046,1000,8881,6239,2026-05-13
國泰台中,228.5,0,1000,8882,6239,2026-05-13
玉山新竹,228.5,0,1000,884H,6239,2026-05-13
玉山新竹,227.0,0,200,884H,6239,2026-05-13
玉山新竹,223.0,14,500,884H,6239,2026-05-13
玉山台中,221.5,0,100,884B,6239,2026-05-13
玉山台中,220.0,12,400,884B,6239,2026-05-13
玉山士林,230.0,0,200,884A,6239,2026-05-13
玉山士林,223.0,1000,2000,884A,6239,2026-05-13
玉山士林,222.0,100,0,884A,6239,2026-05-13
玉山景美,232.0,0,1000,8849,6239,2026-05-13
玉山景美,231.0,2000,0,8849,6239,2026-05-13
玉山景美,229.0,1000,2000,8849,6239,2026-05-13
玉山景美,223.0,0,445,8849,6239,2026-05-13
玉山景美,220.5,1004,0,8849,6239,2026-05-13
玉山嘉義,231.5,1100,0,8848,6239,2026-05-13
玉山嘉義,230.5,7000,0,8848,6239,2026-05-13
玉山台中,222.5,60,400,884B,6239,2026-05-13
玉山嘉義,229.5,0,5000,8848,6239,2026-05-13
玉山嘉義,223.0,55,0,8848,6239,2026-05-13
玉山嘉義,222.0,150,1000,8848,6239,2026-05-13
玉山嘉義,220.5,0,10000,8848,6239,2026-05-13
玉山台南,231.5,0,5000,8847,6239,2026-05-13
玉山台南,230.5,1,3000,8847,6239,2026-05-13
玉山台南,229.5,3,5000,8847,6239,2026-05-13
玉山台南,224.0,10,0,8847,6239,2026-05-13
玉山台南,222.5,200,2042,8847,6239,2026-05-13
玉山台南,221.5,4000,35,8847,6239,2026-05-13
玉山台南,220.5,1150,0,8847,6239,2026-05-13
玉山板橋,231.5,0,1000,8846,6239,2026-05-13
玉山板橋,230.5,1000,0,8846,6239,2026-05-13
玉山嘉義,228.5,500,1000,8848,6239,2026-05-13
玉山台中,223.5,1000,1000,884B,6239,2026-05-13
玉山台中,228.0,0,2000,884B,6239,2026-05-13
玉山台中,229.0,100,1000,884B,6239,2026-05-13
玉山新竹,222.0,6000,0,884H,6239,2026-05-13
玉山新竹,220.5,2100,1000,884H,6239,2026-05-13
玉山桃園,232.0,0,5000,884F,6239,2026-05-13
玉山桃園,230.5,30,0,884F,6239,2026-05-13
玉山桃園,229.5,0,200,884F,6239,2026-05-13
玉山桃園,226.5,0,2000,884F,6239,2026-05-13
玉山桃園,223.0,2010,5,884F,6239,2026-05-13
玉山桃園,222.0,0,1000,884F,6239,2026-05-13
玉山桃園,220.5,0,24,884F,6239,2026-05-13
玉山城中,231.0,0,1055,884E,6239,2026-05-13
玉山城中,230.0,1000,0,884E,6239,2026-05-13
玉山城中,223.0,530,0,884E,6239,2026-05-13
玉山城中,221.0,505,0,884E,6239,2026-05-13
玉山左營,232.0,20,105,884D,6239,2026-05-13
玉山左營,231.0,300,0,884D,6239,2026-05-13
玉山左營,230.0,1000,3000,884D,6239,2026-05-13
玉山左營,228.5,0,2000,884D,6239,2026-05-13
玉山左營,227.0,50,0,884D,6239,2026-05-13
玉山左營,222.0,202,0,884D,6239,2026-05-13
玉山左營,221.0,3000,0,884D,6239,2026-05-13
玉山信義,232.0,0,50,884C,6239,2026-05-13
玉山信義,227.0,0,1000,884C,6239,2026-05-13
玉山信義,223.5,1000,0,884C,6239,2026-05-13
玉山信義,222.0,2000,0,884C,6239,2026-05-13
玉山信義,220.0,100,0,884C,6239,2026-05-13
玉山台中,231.0,50,2000,884B,6239,2026-05-13
玉山台中,230.0,1000,0,884B,6239,2026-05-13
國泰台南,223.0,0,200,8884,6239,2026-05-13
國泰台南,224.0,0,1000,8884,6239,2026-05-13
國泰台南,226.5,0,100,8884,6239,2026-05-13
國泰台南,228.0,500,1000,8884,6239,2026-05-13
群益海山,228.5,0,1000,9108,6239,2026-05-13
群益海山,223.0,2000,0,9108,6239,2026-05-13
群益海山,221.5,0,20,9108,6239,2026-05-13
群益高盛,228.0,0,1000,9105,6239,2026-05-13
群益高盛,221.0,1000,0,9105,6239,2026-05-13
群益松山,227.5,0,1000,9103,6239,2026-05-13
群益敦南,230.5,0,1000,9101,6239,2026-05-13
群益敦南,229.0,0,9000,9101,6239,2026-05-13
群益敦南,221.0,8045,0,9101,6239,2026-05-13
群益,231.5,1000,1000,9100,6239,2026-05-13
群益,230.5,1000,10000,9100,6239,2026-05-13
群益,229.5,0,16000,9100,6239,2026-05-13
群益海山,229.5,1000,30,9108,6239,2026-05-13
群益,228.5,5,9000,9100,6239,2026-05-13
群益,225.0,4000,0,9100,6239,2026-05-13
群益,223.0,16000,2000,9100,6239,2026-05-13
群益,222.0,69000,1000,9100,6239,2026-05-13
群益,221.0,5050,0,9100,6239,2026-05-13
上海匯豐,232.0,0,1000,8960,6239,2026-05-13
上海匯豐,229.0,0,1000,8960,6239,2026-05-13
上海匯豐,224.5,0,1000,8960,6239,2026-05-13
上海匯豐,222.5,0,2000,8960,6239,2026-05-13
法銀巴黎,230.0,2000,0,8900,6239,2026-05-13
國泰新竹,232.0,100,0,888N,6239,2026-05-13
國泰新竹,229.0,0,200,888N,6239,2026-05-13
國泰新竹,222.5,1181,0,888N,6239,2026-05-13
群益,227.0,2000,2000,9100,6239,2026-05-13
群益海山,230.5,0,2000,9108,6239,2026-05-13
群益海山,231.5,4,12,9108,6239,2026-05-13
群益市府,221.0,2000,0,910D,6239,2026-05-13
群益潭子,229.0,1000,1000,913D,6239,2026-05-13
群益潭子,223.0,5010,0,913D,6239,2026-05-13
群益潭子,222.0,0,1000,913D,6239,2026-05-13
群益中港,230.5,1000,2100,9138,6239,2026-05-13
群益中港,227.5,0,2000,9138,6239,2026-05-13
群益士林,232.0,0,1000,9137,6239,2026-05-13
群益士林,230.5,10,1000,9137,6239,2026-05-13
群益士林,229.0,1000,1000,9137,6239,2026-05-13
群益西松,232.0,0,1050,9136,6239,2026-05-13
群益西松,229.0,50,3000,9136,6239,2026-05-13
群益西松,227.5,0,11,9136,6239,2026-05-13
群益西松,223.0,0,3000,9136,6239,2026-05-13
群益西松,221.5,100,0,9136,6239,2026-05-13
群益東大,232.0,1000,0,9135,6239,2026-05-13
群益東大,230.0,0,1000,9135,6239,2026-05-13
群益東大,229.0,3000,0,9135,6239,2026-05-13
群益東大,223.5,100,0,9135,6239,2026-05-13
群益東大,222.5,1000,3000,9135,6239,2026-05-13
群益開元,232.0,300,0,9134,6239,2026-05-13
群益開元,230.5,0,1000,9134,6239,2026-05-13
群益開元,229.5,0,1000,9134,6239,2026-05-13
群益民權,231.0,0,1090,9131,6239,2026-05-13
群益民權,229.0,0,1000,9131,6239,2026-05-13
群益民權,222.5,1003,0,9131,6239,2026-05-13
群益民權,221.5,1,0,9131,6239,2026-05-13
群益市府,228.5,3000,0,910D,6239,2026-05-13
群益市府,223.5,2000,0,910D,6239,2026-05-13
國泰板橋,231.5,3337,0,888K,6239,2026-05-13
群益基隆,223.0,50,0,913E,6239,2026-05-13
國泰板橋,230.5,2110,2000,888K,6239,2026-05-13
國泰板橋,228.5,3000,20900,888K,6239,2026-05-13
國泰忠孝,229.0,1050,2000,8887,6239,2026-05-13
國泰忠孝,224.5,1000,0,8887,6239,2026-05-13
國泰忠孝,223.5,0,1200,8887,6239,2026-05-13
國泰忠孝,222.5,1005,4,8887,6239,2026-05-13
國泰忠孝,221.0,1000,50,8887,6239,2026-05-13
國泰新莊,232.0,50,100,8886,6239,2026-05-13
國泰新莊,231.0,1,0,8886,6239,2026-05-13
國泰新莊,230.0,5,0,8886,6239,2026-05-13
國泰新莊,229.0,4050,5000,8886,6239,2026-05-13
國泰新莊,227.5,1000,0,8886,6239,2026-05-13
國泰新莊,223.0,1201,1000,8886,6239,2026-05-13
國泰新莊,222.0,1515,1000,8886,6239,2026-05-13
國泰忠孝,230.0,0,5090,8887,6239,2026-05-13
國泰新莊,220.5,1000,0,8886,6239,2026-05-13
國泰桃園,231.0,200,5025,8885,6239,2026-05-13
國泰桃園,230.0,200,2000,8885,6239,2026-05-13
國泰桃園,229.0,408,1025,8885,6239,2026-05-13
國泰桃園,228.0,3018,2000,8885,6239,2026-05-13
國泰桃園,225.0,30,0,8885,6239,2026-05-13
國泰桃園,224.0,15,100,8885,6239,2026-05-13
國泰桃園,223.0,20,3015,8885,6239,2026-05-13
國泰桃園,222.0,1000,173,8885,6239,2026-05-13
國泰桃園,220.5,1000,0,8885,6239,2026-05-13
國泰台南,232.0,6180,0,8884,6239,2026-05-13
國泰台南,230.0,1000,0,8884,6239,2026-05-13
國泰台南,229.0,300,1000,8884,6239,2026-05-13
國泰桃園,232.0,50,1000,8885,6239,2026-05-13
國泰忠孝,231.0,0,3000,8887,6239,2026-05-13
國泰敦南,220.0,301,150,8888,6239,2026-05-13
國泰敦南,221.0,17526,8000,8888,6239,2026-05-13
國泰板橋,227.5,0,100,888K,6239,2026-05-13
國泰板橋,226.5,1000,100,888K,6239,2026-05-13
國泰板橋,225.0,0,1000,888K,6239,2026-05-13
國泰板橋,224.0,2110,35,888K,6239,2026-05-13
國泰板橋,223.0,4683,1023,888K,6239,2026-05-13
國泰板橋,222.0,24089,10,888K,6239,2026-05-13
國泰板橋,221.0,8005,1000,888K,6239,2026-05-13
國泰板橋,220.0,0,1000,888K,6239,2026-05-13
國泰館前,231.5,500,1000,888A,6239,2026-05-13
國泰館前,230.5,0,10000,888A,6239,2026-05-13
國泰館前,229.5,1700,4390,888A,6239,2026-05-13
國泰館前,228.0,0,40,888A,6239,2026-05-13
國泰館前,225.0,0,2000,888A,6239,2026-05-13
國泰館前,223.5,150,1000,888A,6239,2026-05-13
國泰館前,222.5,2560,2001,888A,6239,2026-05-13
國泰館前,221.5,63,1000,888A,6239,2026-05-13
國泰館前,220.5,0,200,888A,6239,2026-05-13
國泰敦南,231.5,15043,8833,8888,6239,2026-05-13
國泰敦南,230.5,12604,5402,8888,6239,2026-05-13
國泰敦南,229.5,6862,12988,8888,6239,2026-05-13
國泰敦南,228.5,5057,15000,8888,6239,2026-05-13
國泰敦南,227.5,10,2100,8888,6239,2026-05-13
國泰敦南,226.5,0,500,8888,6239,2026-05-13
國泰敦南,225.0,1020,3220,8888,6239,2026-05-13
國泰敦南,224.0,123,7880,8888,6239,2026-05-13
國泰敦南,223.0,11273,16876,8888,6239,2026-05-13
國泰敦南,222.0,18097,37370,8888,6239,2026-05-13
國泰板橋,229.5,3600,3200,888K,6239,2026-05-13
永豐天母,220.5,30,0,9A9G,6239,2026-05-13
凱基大直,230.0,0,1050,9218,6239,2026-05-13
凱基大直,232.0,100,0,9218,6239,2026-05-13
富邦基隆,229.5,300,2000,9614,6239,2026-05-13
富邦基隆,227.0,0,20,9614,6239,2026-05-13
富邦基隆,223.0,0,2000,9614,6239,2026-05-13
富邦台東,229.5,0,1000,9608,6239,2026-05-13
富邦陽明,232.0,1000,0,9604,6239,2026-05-13
富邦陽明,231.0,0,1000,9604,6239,2026-05-13
富邦陽明,230.0,0,2000,9604,6239,2026-05-13
富邦陽明,229.0,245,1000,9604,6239,2026-05-13
富邦陽明,225.0,0,100,9604,6239,2026-05-13
富邦陽明,223.5,0,3000,9604,6239,2026-05-13
富邦陽明,222.5,61,0,9604,6239,2026-05-13
富邦陽明,221.5,0,1000,9604,6239,2026-05-13
富邦岡山,220.5,3000,0,9616,6239,2026-05-13
富邦,232.0,2000,1000,9600,6239,2026-05-13
富邦,230.0,3764,1015,9600,6239,2026-05-13
富邦,229.0,1,9,9600,6239,2026-05-13
富邦,228.0,1000,0,9600,6239,2026-05-13
富邦,225.0,0,15,9600,6239,2026-05-13
富邦,223.5,17,1,9600,6239,2026-05-13
富邦,222.5,41,36001,9600,6239,2026-05-13
富邦,221.5,100,1000,9600,6239,2026-05-13
華南東昇,231.5,0,1200,9386,6239,2026-05-13
華南東昇,230.0,0,2200,9386,6239,2026-05-13
華南東昇,228.5,0,1000,9386,6239,2026-05-13
華南東昇,227.5,0,1000,9386,6239,2026-05-13
華南東昇,223.0,0,1000,9386,6239,2026-05-13
富邦,231.0,117,130,9600,6239,2026-05-13
華南東昇,221.0,2000,0,9386,6239,2026-05-13
富邦岡山,222.5,1000,0,9616,6239,2026-05-13
富邦岡山,229.5,300,0,9616,6239,2026-05-13
富邦木柵,229.5,0,4015,961M,6239,2026-05-13
富邦木柵,228.0,0,2000,961M,6239,2026-05-13
富邦木柵,223.5,0,3000,961M,6239,2026-05-13
富邦木柵,222.0,1000,0,961M,6239,2026-05-13
富邦木柵,220.5,4000,0,961M,6239,2026-05-13
富邦七賢,231.5,1000,0,961K,6239,2026-05-13
富邦七賢,230.0,300,100,961K,6239,2026-05-13
富邦七賢,229.0,100,60,961K,6239,2026-05-13
富邦七賢,227.5,0,2000,961K,6239,2026-05-13
富邦七賢,223.0,2000,1472,961K,6239,2026-05-13
富邦七賢,221.5,1000,0,961K,6239,2026-05-13
富邦新板,230.0,1100,0,961H,6239,2026-05-13
富邦岡山,228.5,1000,0,9616,6239,2026-05-13
富邦新板,229.0,0,100,961H,6239,2026-05-13
富邦新板,223.5,10,1000,961H,6239,2026-05-13
富邦新板,221.5,1000,0,961H,6239,2026-05-13
富邦公益,230.5,1000,0,961F,6239,2026-05-13
富邦公益,229.5,0,1050,961F,6239,2026-05-13
富邦公益,228.0,0,1035,961F,6239,2026-05-13
富邦公益,222.5,2,0,961F,6239,2026-05-13
富邦公益,221.0,1000,0,961F,6239,2026-05-13
富邦南京,231.5,0,1000,961C,6239,2026-05-13
富邦南京,230.5,2000,0,961C,6239,2026-05-13
富邦南京,229.5,0,1791,961C,6239,2026-05-13
富邦南京,223.0,50,200,961C,6239,2026-05-13
富邦南京,222.0,1000,3000,961C,6239,2026-05-13
富邦新板,227.5,1000,0,961H,6239,2026-05-13
華南虎尾,231.5,1000,10,9377,6239,2026-05-13
華南虎尾,230.5,0,20,9377,6239,2026-05-13
華南虎尾,229.5,40,10,9377,6239,2026-05-13
華南板橋,223.0,0,200,9349,6239,2026-05-13
華南板橋,221.0,2200,0,9349,6239,2026-05-13
華南敦南,231.5,0,100,9347,6239,2026-05-13
華南敦南,229.5,0,1000,9347,6239,2026-05-13
華南敦南,222.5,50,0,9347,6239,2026-05-13
華南頭份,230.5,0,201,9343,6239,2026-05-13
華南頭份,229.0,0,1000,9343,6239,2026-05-13
華南竹北,230.0,0,2000,9339,6239,2026-05-13
華南竹北,223.5,1000,0,9339,6239,2026-05-13
華南竹北,222.0,0,1000,9339,6239,2026-05-13
華南內壢,231.0,0,1000,9337,6239,2026-05-13
華南內壢,229.0,50,0,9337,6239,2026-05-13
華南板橋,225.0,0,1000,9349,6239,2026-05-13
華南內壢,222.5,100,0,9337,6239,2026-05-13
華南世貿,230.0,1000,0,9334,6239,2026-05-13
華南世貿,228.0,1000,0,9334,6239,2026-05-13
華南世貿,224.0,30,0,9334,6239,2026-05-13
華南世貿,222.5,20,1000,9334,6239,2026-05-13
華南長虹,232.0,1000,1000,9333,6239,2026-05-13
華南長虹,229.0,1000,0,9333,6239,2026-05-13
華南長虹,222.5,3100,0,9333,6239,2026-05-13
華南長虹,221.5,3000,0,9333,6239,2026-05-13
華南長虹,220.5,6000,0,9333,6239,2026-05-13
華南楠梓,231.0,100,1000,9332,6239,2026-05-13
華南楠梓,229.5,1000,0,9332,6239,2026-05-13
華南楠梓,228.5,2000,0,9332,6239,2026-05-13
華南世貿,231.5,0,2000,9334,6239,2026-05-13
華南板橋,227.0,0,4000,9349,6239,2026-05-13
華南板橋,228.0,1000,1004,9349,6239,2026-05-13
華南板橋,229.5,418,1000,9349,6239,2026-05-13
華南虎尾,228.0,0,1000,9377,6239,2026-05-13
華南虎尾,224.0,0,1000,9377,6239,2026-05-13
華南虎尾,222.5,2,3000,9377,6239,2026-05-13
華南虎尾,221.0,1000,0,9377,6239,2026-05-13
華南三重,228.5,1000,0,9369,6239,2026-05-13
華南三重,224.0,10,0,9369,6239,2026-05-13
華南三重,222.5,2,0,9369,6239,2026-05-13
華南豐原,231.0,0,1,9366,6239,2026-05-13
華南豐原,229.5,0,1000,9366,6239,2026-05-13
華南彰化,232.0,0,1000,9363,6239,2026-05-13
華南彰化,228.5,1000,0,9363,6239,2026-05-13
華南彰化,223.0,0,50,9363,6239,2026-05-13
華南彰化,222.0,1000,0,9363,6239,2026-05-13
華南苗栗,230.5,1000,0,9362,6239,2026-05-13
華南苗栗,224.0,0,2000,9362,6239,2026-05-13
華南苗栗,223.0,0,1000,9362,6239,2026-05-13
華南苗栗,221.0,0,10,9362,6239,2026-05-13
華南中正,230.0,0,5100,9359,6239,2026-05-13
華南中正,229.0,1000,0,9359,6239,2026-05-13
華南中正,221.0,0,13000,9359,6239,2026-05-13
華南東勢,229.5,2000,0,9358,6239,2026-05-13
華南東勢,222.0,1000,0,9358,6239,2026-05-13
華南桃園,231.0,66,0,9352,6239,2026-05-13
華南桃園,230.0,0,2000,9352,6239,2026-05-13
華南桃園,222.5,10,126,9352,6239,2026-05-13
華南板橋,232.0,0,2000,9349,6239,2026-05-13
華南板橋,230.5,20000,0,9349,6239,2026-05-13
富邦木柵,230.5,0,1000,961M,6239,2026-05-13
富邦木柵,231.5,0,11000,961M,6239,2026-05-13
富邦青埔,220.0,6,0,961N,6239,2026-05-13
富邦青埔,221.0,0,1000,961N,6239,2026-05-13
富邦三峽,232.0,500,0,962J,6239,2026-05-13
富邦三峽,230.5,0,1000,962J,6239,2026-05-13
富邦三峽,228.0,0,1100,962J,6239,2026-05-13
富邦三峽,222.5,100,0,962J,6239,2026-05-13
富邦斗六,229.5,100,1000,962G,6239,2026-05-13
富邦斗六,227.0,0,300,962G,6239,2026-05-13
富邦斗六,223.0,100,1250,962G,6239,2026-05-13
富邦樹林,230.5,1020,2000,962E,6239,2026-05-13
富邦樹林,229.5,1000,1000,962E,6239,2026-05-13
富邦樹林,228.0,0,2350,962E,6239,2026-05-13
富邦樹林,225.0,0,1000,962E,6239,2026-05-13
富邦樹林,223.5,1000,0,962E,6239,2026-05-13
富邦頭份,221.0,1000,0,962P,6239,2026-05-13
富邦樹林,222.5,1000,0,962E,6239,2026-05-13
富邦新莊,230.0,0,50,962D,6239,2026-05-13
富邦新莊,228.5,1000,0,962D,6239,2026-05-13
富邦新莊,221.5,1,0,962D,6239,2026-05-13
富邦竹科,231.0,1000,2000,962C,6239,2026-05-13
富邦竹科,230.0,1000,3000,962C,6239,2026-05-13
富邦竹科,229.0,0,4500,962C,6239,2026-05-13
富邦竹科,224.0,1000,0,962C,6239,2026-05-13
富邦竹科,223.0,50,0,962C,6239,2026-05-13
富邦竹科,222.0,0,1000,962C,6239,2026-05-13
富邦竹科,220.5,20,0,962C,6239,2026-05-13
富邦二林,230.0,0,1000,962B,6239,2026-05-13
富邦二林,223.0,0,4000,962B,6239,2026-05-13
富邦樹林,221.5,1000,0,962E,6239,2026-05-13
富邦頭份,222.5,1008,0,962P,6239,2026-05-13
富邦頭份,229.0,2000,1000,962P,6239,2026-05-13
富邦頭份,230.0,200,1000,962P,6239,2026-05-13
富邦豐原,221.0,0,1000,963L,6239,2026-05-13
富邦八德,231.5,0,1100,963A,6239,2026-05-13
富邦八德,230.5,1000,0,963A,6239,2026-05-13
富邦八德,229.5,50,1000,963A,6239,2026-05-13
富邦八德,228.0,0,1200,963A,6239,2026-05-13
富邦八德,225.5,0,1000,963A,6239,2026-05-13
富邦八德,224.0,0,2000,963A,6239,2026-05-13
富邦八德,223.0,0,100,963A,6239,2026-05-13
富邦八德,222.0,2000,2000,963A,6239,2026-05-13
富邦八德,221.0,1000,0,963A,6239,2026-05-13
富邦中壢,232.0,550,0,9636,6239,2026-05-13
富邦中壢,230.5,2100,200,9636,6239,2026-05-13
富邦中壢,229.0,0,1020,9636,6239,2026-05-13
富邦中壢,228.0,1000,0,9636,6239,2026-05-13
富邦中壢,223.5,40,0,9636,6239,2026-05-13
富邦中壢,222.5,175,3050,9636,6239,2026-05-13
富邦中壢,221.5,20000,0,9636,6239,2026-05-13
富邦羅東,232.0,500,3000,9634,6239,2026-05-13
富邦羅東,231.0,0,2000,9634,6239,2026-05-13
富邦羅東,230.0,0,5000,9634,6239,2026-05-13
富邦羅東,229.0,0,1000,9634,6239,2026-05-13
富邦羅東,224.0,1000,1000,9634,6239,2026-05-13
富邦羅東,222.5,155,0,9634,6239,2026-05-13
富邦羅東,220.5,1000,0,9634,6239,2026-05-13
富邦北高,230.0,0,2000,962Q,6239,2026-05-13
富邦頭份,232.0,1000,0,962P,6239,2026-05-13
富邦頭份,231.0,2200,0,962P,6239,2026-05-13
富邦南港,227.5,1000,0,962A,6239,2026-05-13
華南楠梓,227.5,0,1000,9332,6239,2026-05-13
富邦南港,223.0,100,0,962A,6239,2026-05-13
富邦內湖,232.0,4000,10,9627,6239,2026-05-13
富邦花蓮,229.0,0,1250,9621,6239,2026-05-13
富邦花蓮,225.5,1000,0,9621,6239,2026-05-13
富邦花蓮,223.5,10,1000,9621,6239,2026-05-13
富邦花蓮,222.5,0,2000,9621,6239,2026-05-13
富邦花蓮,221.0,10,0,9621,6239,2026-05-13
富邦永康,230.5,0,1000,961Z,6239,2026-05-13
富邦永康,229.5,0,9,961Z,6239,2026-05-13
富邦永康,222.5,10,10150,961Z,6239,2026-05-13
富邦永康,220.5,18,0,961Z,6239,2026-05-13
富邦屏東,230.0,0,200,961Y,6239,2026-05-13
富邦南員,231.5,0,1000,961R,6239,2026-05-13
富邦南員,230.0,0,1100,961R,6239,2026-05-13
富邦花蓮,230.0,0,1171,9621,6239,2026-05-13
富邦南員,229.0,0,2000,961R,6239,2026-05-13
富邦南員,223.5,0,200,961R,6239,2026-05-13
富邦南員,222.0,2000,0,961R,6239,2026-05-13
富邦和美,231.0,0,5,961P,6239,2026-05-13
富邦和美,229.0,0,2000,961P,6239,2026-05-13
富邦和美,227.0,0,1000,961P,6239,2026-05-13
富邦和美,223.0,6,0,961P,6239,2026-05-13
富邦和美,222.0,100,0,961P,6239,2026-05-13
富邦青埔,232.0,0,105,961N,6239,2026-05-13
富邦青埔,230.0,0,2352,961N,6239,2026-05-13
富邦青埔,227.5,1000,0,961N,6239,2026-05-13
富邦青埔,223.5,3000,0,961N,6239,2026-05-13
富邦青埔,222.5,176,0,961N,6239,2026-05-13
富邦南員,227.5,0,1000,961R,6239,2026-05-13
富邦花蓮,232.0,0,50,9621,6239,2026-05-13
富邦台北,222.0,2000,0,9623,6239,2026-05-13
富邦台北,223.0,2012,7000,9623,6239,2026-05-13
富邦內湖,230.0,1050,20,9627,6239,2026-05-13
富邦內湖,228.5,2,0,9627,6239,2026-05-13
富邦內湖,224.0,250,0,9627,6239,2026-05-13
富邦內湖,222.5,140,0,9627,6239,2026-05-13
富邦內湖,221.0,2000,0,9627,6239,2026-05-13
富邦竹東,231.0,0,1000,9625,6239,2026-05-13
富邦竹東,230.0,1000,3000,9625,6239,2026-05-13
富邦竹東,229.0,700,0,9625,6239,2026-05-13
富邦竹東,228.0,0,1000,9625,6239,2026-05-13
富邦竹東,227.0,100,0,9625,6239,2026-05-13
富邦竹東,224.5,1000,0,9625,6239,2026-05-13
富邦竹東,222.5,1010,505,9625,6239,2026-05-13
富邦竹東,221.0,1100,1000,9625,6239,2026-05-13
富邦竹北,231.5,1000,0,9624,6239,2026-05-13
富邦竹北,230.5,2142,25,9624,6239,2026-05-13
富邦竹北,229.0,2000,0,9624,6239,2026-05-13
富邦竹北,228.0,1000,0,9624,6239,2026-05-13
富邦竹北,224.0,1000,2000,9624,6239,2026-05-13
富邦竹北,223.0,1000,0,9624,6239,2026-05-13
富邦竹北,222.0,3000,2000,9624,6239,2026-05-13
富邦竹北,221.0,11000,0,9624,6239,2026-05-13
富邦台北,232.0,15,2340,9623,6239,2026-05-13
富邦台北,231.0,3550,10000,9623,6239,2026-05-13
富邦台北,230.0,3100,1500,9623,6239,2026-05-13
富邦台北,229.0,3000,0,9623,6239,2026-05-13
富邦台北,228.0,0,2000,9623,6239,2026-05-13
富邦台北,224.0,0,1000,9623,6239,2026-05-13
富邦南港,222.0,58,0,962A,6239,2026-05-13
凱基大直,231.0,0,20,9218,6239,2026-05-13
華南楠梓,222.5,2000,700,9332,6239,2026-05-13
華南鳳山,231.0,0,3600,9331,6239,2026-05-13
凱基南崁,230.0,0,150,9256,6239,2026-05-13
凱基南崁,229.0,1000,0,9256,6239,2026-05-13
凱基南崁,222.0,1000,5000,9256,6239,2026-05-13
凱基南崁,220.5,1000,0,9256,6239,2026-05-13
凱基和平,229.0,60,0,9255,6239,2026-05-13
凱基和平,227.5,0,1000,9255,6239,2026-05-13
凱基和平,221.5,1000,0,9255,6239,2026-05-13
凱基科園,232.0,3000,1000,9254,6239,2026-05-13
凱基科園,228.0,0,1000,9254,6239,2026-05-13
凱基科園,225.5,0,2000,9254,6239,2026-05-13
凱基嘉義,222.5,1000,0,9252,6239,2026-05-13
凱基嘉義,221.0,150,0,9252,6239,2026-05-13
凱基南崁,232.0,0,1000,9256,6239,2026-05-13
凱基市政,229.5,1000,0,9239,6239,2026-05-13
凱基市政,222.5,1023,0,9239,6239,2026-05-13
凱基市政,220.5,1015,0,9239,6239,2026-05-13
凱基士林,231.0,0,1000,9238,6239,2026-05-13
凱基士林,229.5,0,50,9238,6239,2026-05-13
凱基士林,223.5,0,5,9238,6239,2026-05-13
凱基士林,222.0,41020,0,9238,6239,2026-05-13
凱基士林,221.0,16000,0,9238,6239,2026-05-13
凱基敦北,229.0,0,123,9237,6239,2026-05-13
凱基敦北,227.0,1000,0,9237,6239,2026-05-13
凱基敦北,224.0,10000,0,9237,6239,2026-05-13
凱基敦北,222.5,40,0,9237,6239,2026-05-13
凱基虎尾,223.5,1000,0,9236,6239,2026-05-13
凱基市政,223.5,50,0,9239,6239,2026-05-13
凱基永華,230.5,1000,1000,9235,6239,2026-05-13
凱基林口,222.5,200,0,9257,6239,2026-05-13
凱基林口,228.0,0,1000,9257,6239,2026-05-13
凱基竹科,227.0,0,100,9272,6239,2026-05-13
凱基竹科,223.0,1000,1120,9272,6239,2026-05-13
凱基竹科,222.0,1000,0,9272,6239,2026-05-13
凱基竹科,221.0,1030,0,9272,6239,2026-05-13
凱基台北,232.0,72000,15000,9268,6239,2026-05-13
凱基台北,231.0,4000,12000,9268,6239,2026-05-13
凱基台北,230.0,130000,100000,9268,6239,2026-05-13
凱基台北,229.0,201050,114000,9268,6239,2026-05-13
凱基台北,228.0,26000,34000,9268,6239,2026-05-13
凱基台北,227.0,93000,6000,9268,6239,2026-05-13
凱基台北,226.0,0,1000,9268,6239,2026-05-13
凱基台北,225.0,67000,8000,9268,6239,2026-05-13
凱基林口,224.0,0,150,9257,6239,2026-05-13
凱基台北,224.0,121541,3000,9268,6239,2026-05-13
凱基台北,222.0,131000,11000,9268,6239,2026-05-13
凱基台北,221.0,77000,111000,9268,6239,2026-05-13
凱基台北,220.0,0,2000,9268,6239,2026-05-13
凱基新豐,230.5,0,1000,9266,6239,2026-05-13
凱基新豐,229.0,2020,600,9266,6239,2026-05-13
凱基新豐,223.5,0,1010,9266,6239,2026-05-13
凱基新豐,221.0,1000,0,9266,6239,2026-05-13
凱基羅東,231.0,1000,2000,9258,6239,2026-05-13
凱基羅東,229.0,0,1000,9258,6239,2026-05-13
凱基羅東,225.0,0,200,9258,6239,2026-05-13
凱基羅東,223.0,150,1000,9258,6239,2026-05-13
凱基羅東,221.0,1000,0,9258,6239,2026-05-13
凱基台北,223.0,156714,66000,9268,6239,2026-05-13
凱基永華,227.5,0,1000,9235,6239,2026-05-13
凱基永華,223.0,3000,1000,9235,6239,2026-05-13
凱基竹北,231.5,0,1000,9234,6239,2026-05-13
凱基內埔,223.0,1000,2000,9225,6239,2026-05-13
凱基豐中,231.0,1000,0,9223,6239,2026-05-13
凱基豐中,229.0,0,6000,9223,6239,2026-05-13
凱基豐中,223.5,1000,0,9223,6239,2026-05-13
凱基豐中,222.5,1010,0,9223,6239,2026-05-13
凱基豐中,221.0,1000,0,9223,6239,2026-05-13
凱基東勢,231.5,0,1000,921Y,6239,2026-05-13
凱基東勢,229.0,0,1000,921Y,6239,2026-05-13
凱基新莊,231.5,1000,0,921S,6239,2026-05-13
凱基新莊,227.5,0,1000,921S,6239,2026-05-13
凱基新莊,223.0,5710,100,921S,6239,2026-05-13
凱基新莊,222.0,1000,0,921S,6239,2026-05-13
凱基內埔,226.5,1000,0,9225,6239,2026-05-13
凱基八德,231.5,1000,0,921M,6239,2026-05-13
凱基土城,231.5,0,5000,921J,6239,2026-05-13
凱基土城,229.0,1000,0,921J,6239,2026-05-13
凱基土城,227.5,0,1000,921J,6239,2026-05-13
凱基五股,229.5,1000,0,921G,6239,2026-05-13
凱基五股,228.0,0,1000,921G,6239,2026-05-13
凱基五股,222.5,200,0,921G,6239,2026-05-13
凱基三峽,231.5,0,1000,921E,6239,2026-05-13
凱基三峽,223.5,0,1000,921E,6239,2026-05-13
凱基三峽,220.5,1000,0,921E,6239,2026-05-13
凱基民權,230.5,20,0,921C,6239,2026-05-13
凱基民權,223.5,1010,0,921C,6239,2026-05-13
凱基民權,222.0,500,0,921C,6239,2026-05-13
凱基八德,229.0,0,1000,921M,6239,2026-05-13
凱基內埔,229.0,0,1000,9225,6239,2026-05-13
凱基內埔,230.5,1000,0,9225,6239,2026-05-13
凱基汐止,222.5,25,0,9226,6239,2026-05-13
凱基竹北,230.5,1000,1000,9234,6239,2026-05-13
凱基竹北,229.0,1050,2000,9234,6239,2026-05-13
凱基竹北,227.5,2000,0,9234,6239,2026-05-13
凱基竹北,225.5,1000,0,9234,6239,2026-05-13
凱基竹北,223.0,0,1000,9234,6239,2026-05-13
凱基竹北,222.0,200,0,9234,6239,2026-05-13
凱基竹北,220.5,3000,0,9234,6239,2026-05-13
凱基長庚,231.5,0,1000,9233,6239,2026-05-13
凱基長庚,230.0,1000,2000,9233,6239,2026-05-13
凱基長庚,229.0,50,47,9233,6239,2026-05-13
凱基長庚,223.5,0,2000,9233,6239,2026-05-13
凱基長庚,222.0,2000,0,9233,6239,2026-05-13
凱基員林,229.0,0,2000,9231,6239,2026-05-13
凱基員林,223.5,1000,0,9231,6239,2026-05-13
凱基員林,222.5,1000,0,9231,6239,2026-05-13
凱基屏東,230.5,100,0,922C,6239,2026-05-13
凱基中山,230.0,0,2000,9229,6239,2026-05-13
凱基中山,229.0,10000,1000,9229,6239,2026-05-13
凱基中山,223.0,6000,1000,9229,6239,2026-05-13
凱基中山,222.0,1200,0,9229,6239,2026-05-13
凱基城中,230.0,2000,7000,9227,6239,2026-05-13
凱基城中,228.5,1000,0,9227,6239,2026-05-13
凱基城中,224.0,400,0,9227,6239,2026-05-13
凱基城中,222.5,1000,0,9227,6239,2026-05-13
凱基城中,221.5,1000,0,9227,6239,2026-05-13
凱基城中,220.5,100,0,9227,6239,2026-05-13
凱基汐止,230.0,1000,0,9226,6239,2026-05-13
凱基竹科,229.5,2000,0,9272,6239,2026-05-13
凱基竹科,230.5,1000,1000,9272,6239,2026-05-13
凱基竹科,231.5,0,1000,9272,6239,2026-05-13
凱基竹東,220.5,100,0,9273,6239,2026-05-13
華南岡山,220.0,0,1000,9324,6239,2026-05-13
華南小港,220.5,300,0,9323,6239,2026-05-13
華南基隆,231.5,1000,0,9322,6239,2026-05-13
華南基隆,223.0,50,1000,9322,6239,2026-05-13
華南鶯歌,230.5,0,2000,9319,6239,2026-05-13
華南鶯歌,228.5,0,1000,9319,6239,2026-05-13
華南鶯歌,222.5,1000,0,9319,6239,2026-05-13
華南林口,230.0,0,1000,9317,6239,2026-05-13
華南林口,229.0,3000,0,9317,6239,2026-05-13
華南林口,222.0,2000,0,9317,6239,2026-05-13
華南林口,220.5,100,0,9317,6239,2026-05-13
華南淡水,230.0,1000,1000,9316,6239,2026-05-13
華南岡山,222.0,0,1000,9324,6239,2026-05-13
華南淡水,229.0,0,1000,9316,6239,2026-05-13
華南淡水,222.5,1200,0,9316,6239,2026-05-13
華南大甲,222.5,20,0,9315,6239,2026-05-13
華南嘉義,229.0,40,1000,9314,6239,2026-05-13
華南嘉義,223.5,1000,0,9314,6239,2026-05-13
華南嘉義,220.5,1000,0,9314,6239,2026-05-13
華南民權,220.5,1000,0,9312,6239,2026-05-13
華南古亭,230.0,0,1000,9309,6239,2026-05-13
華南古亭,228.5,315,0,9309,6239,2026-05-13
華南古亭,222.5,0,100,9309,6239,2026-05-13
華南古亭,221.0,0,1000,9309,6239,2026-05-13
華南麻豆,231.5,0,200,9308,6239,2026-05-13
華南麻豆,230.5,1000,30,9308,6239,2026-05-13
華南淡水,223.5,2,0,9316,6239,2026-05-13
華南岡山,223.0,300,0,9324,6239,2026-05-13
華南岡山,229.0,2000,0,9324,6239,2026-05-13
華南岡山,230.0,1100,2000,9324,6239,2026-05-13
華南鳳山,230.0,0,3100,9331,6239,2026-05-13
華南鳳山,229.0,1050,2000,9331,6239,2026-05-13
華南鳳山,221.0,20,0,9331,6239,2026-05-13
華南朴子,231.5,0,310,9329,6239,2026-05-13
華南朴子,230.5,1150,200,9329,6239,2026-05-13
華南朴子,229.5,0,3450,9329,6239,2026-05-13
華南朴子,228.5,1000,0,9329,6239,2026-05-13
華南朴子,222.5,0,1000,9329,6239,2026-05-13
華南朴子,221.5,0,2000,9329,6239,2026-05-13
華南潮州,232.0,0,1000,9328,6239,2026-05-13
華南潮州,230.5,0,1000,9328,6239,2026-05-13
華南潮州,228.5,0,1000,9328,6239,2026-05-13
華南潮州,222.0,1010,0,9328,6239,2026-05-13
華南斗六,232.0,100,0,9327,6239,2026-05-13
華南斗六,229.5,5,0,9327,6239,2026-05-13
華南南京,232.0,2000,0,9326,6239,2026-05-13
華南南京,230.5,0,10000,9326,6239,2026-05-13
華南南京,229.5,0,1000,9326,6239,2026-05-13
華南南京,228.5,0,15000,9326,6239,2026-05-13
華南南京,225.5,10000,0,9326,6239,2026-05-13
華南南京,224.0,33,0,9326,6239,2026-05-13
華南南京,223.0,0,1000,9326,6239,2026-05-13
華南南京,222.0,200,0,9326,6239,2026-05-13
華南南京,220.5,10000,0,9326,6239,2026-05-13
華南忠孝,230.5,50,1000,9325,6239,2026-05-13
華南忠孝,224.0,1000,0,9325,6239,2026-05-13
華南忠孝,222.0,50,0,9325,6239,2026-05-13
華南麻豆,229.5,0,1000,9308,6239,2026-05-13
華南楠梓,221.0,1100,200,9332,6239,2026-05-13
華南麻豆,223.0,1010,2000,9308,6239,2026-05-13
華南大安,229.0,0,400,9307,6239,2026-05-13
凱基大安,221.0,4000,0,9291,6239,2026-05-13
凱基興隆,228.5,0,1000,9289,6239,2026-05-13
凱基興隆,222.5,5,0,9289,6239,2026-05-13
凱基興隆,220.5,30,100,9289,6239,2026-05-13
凱基內湖,231.5,0,1000,9287,6239,2026-05-13
凱基內湖,228.0,2000,0,9287,6239,2026-05-13
凱基中壢,231.5,0,1000,9285,6239,2026-05-13
凱基中壢,230.0,0,4200,9285,6239,2026-05-13
凱基中壢,229.0,4000,1000,9285,6239,2026-05-13
凱基中壢,224.5,0,10000,9285,6239,2026-05-13
凱基中壢,223.0,3025,1043,9285,6239,2026-05-13
凱基中壢,222.0,20,0,9285,6239,2026-05-13
凱基頭份,220.5,1000,0,9296,6239,2026-05-13
凱基中壢,220.5,100,0,9285,6239,2026-05-13
凱基永康,232.0,110,0,9278,6239,2026-05-13
凱基永康,229.0,2000,0,9278,6239,2026-05-13
凱基永康,220.5,13,0,9278,6239,2026-05-13
凱基苗栗,222.5,0,100,9276,6239,2026-05-13
凱基三多,230.5,0,1000,9275,6239,2026-05-13
凱基三多,224.0,0,1000,9275,6239,2026-05-13
凱基鳳山,232.0,100,0,9274,6239,2026-05-13
凱基鳳山,231.0,1000,1000,9274,6239,2026-05-13
凱基鳳山,229.5,0,1000,9274,6239,2026-05-13
凱基鳳山,222.0,0,1000,9274,6239,2026-05-13
凱基竹東,230.5,0,100,9273,6239,2026-05-13
凱基竹東,228.0,300,0,9273,6239,2026-05-13
凱基斗六,230.0,0,3000,9281,6239,2026-05-13
凱基頭份,229.5,1000,0,9296,6239,2026-05-13
凱基文心,223.0,0,300,9297,6239,2026-05-13
凱基文心,228.5,0,5000,9297,6239,2026-05-13
華南大安,222.0,2000,0,9307,6239,2026-05-13
華南台南,231.0,0,1000,9306,6239,2026-05-13
華南台南,229.5,1000,3000,9306,6239,2026-05-13
華南台南,227.0,0,50,9306,6239,2026-05-13
華南台南,224.0,0,6020,9306,6239,2026-05-13
華南台南,222.5,2000,0,9306,6239,2026-05-13
華南台南,221.0,1000,0,9306,6239,2026-05-13
華南高雄,232.0,300,0,9303,6239,2026-05-13
華南高雄,230.5,0,500,9303,6239,2026-05-13
華南高雄,229.5,100,0,9303,6239,2026-05-13
華南高雄,224.0,0,190,9303,6239,2026-05-13
華南高雄,223.0,0,200,9303,6239,2026-05-13
華南高雄,221.5,0,300,9303,6239,2026-05-13
華南台中,232.0,0,1,9302,6239,2026-05-13
華南台中,230.5,1000,6,9302,6239,2026-05-13
華南台中,229.0,0,500,9302,6239,2026-05-13
華南台中,222.5,12,100,9302,6239,2026-05-13
華南台中,221.0,2,0,9302,6239,2026-05-13
華南永昌,232.0,93003,0,9300,6239,2026-05-13
華南永昌,230.5,32005,1000,9300,6239,2026-05-13
華南永昌,229.5,200,3000,9300,6239,2026-05-13
華南永昌,228.0,0,1000,9300,6239,2026-05-13
華南永昌,224.0,1050,0,9300,6239,2026-05-13
華南永昌,222.5,0,1250,9300,6239,2026-05-13
華南永昌,221.5,0,4000,9300,6239,2026-05-13
華南永昌,220.5,0,1000,9300,6239,2026-05-13
凱基文心,229.5,0,1000,9297,6239,2026-05-13
華南麻豆,222.0,20,1000,9308,6239,2026-05-13
華南三重,222.0,1000,0,9369,6239,2026-05-13
永豐天母,222.5,197,2000,9A9G,6239,2026-05-13
永豐台南,220.5,45,0,9A9h,6239,2026-05-13
新光高雄,232.0,5208,1000,8562,6239,2026-05-13
新光高雄,231.0,1100,5000,8562,6239,2026-05-13
新光高雄,230.0,1150,6070,8562,6239,2026-05-13
新光高雄,229.0,1100,1000,8562,6239,2026-05-13
新光高雄,224.5,200,0,8562,6239,2026-05-13
新光高雄,223.0,6010,3175,8562,6239,2026-05-13
新光高雄,222.0,1022,20000,8562,6239,2026-05-13
新光高雄,221.0,100,0,8562,6239,2026-05-13
新光台中,232.0,20,0,8561,6239,2026-05-13
新光台中,231.0,2000,3000,8561,6239,2026-05-13
新光台中,230.0,0,2000,8561,6239,2026-05-13
新光台中,229.0,0,2000,8561,6239,2026-05-13
新光新竹,221.5,2000,2000,8563,6239,2026-05-13
新光台中,228.0,0,1000,8561,6239,2026-05-13
新光台中,223.0,217,1001,8561,6239,2026-05-13
新光台中,222.0,5,5000,8561,6239,2026-05-13
新光台中,221.0,2020,1000,8561,6239,2026-05-13
新光台中,220.0,1000,0,8561,6239,2026-05-13
新光,231.5,60,350,8560,6239,2026-05-13
新光,230.5,6000,8245,8560,6239,2026-05-13
新光,229.5,21150,1600,8560,6239,2026-05-13
新光,228.5,0,4020,8560,6239,2026-05-13
新光,227.5,1000,2000,8560,6239,2026-05-13
新光,225.0,5050,2100,8560,6239,2026-05-13
新光,224.0,0,3000,8560,6239,2026-05-13
新光,223.0,4051,8910,8560,6239,2026-05-13
新光台中,224.0,6,1002,8561,6239,2026-05-13
新光,222.0,2717,12000,8560,6239,2026-05-13
新光新竹,222.5,2000,1000,8563,6239,2026-05-13
新光新竹,226.5,0,1000,8563,6239,2026-05-13
聯邦雙和,224.0,0,50,8584,6239,2026-05-13
聯邦忠孝,229.5,0,1000,8583,6239,2026-05-13
聯邦忠孝,228.0,0,2000,8583,6239,2026-05-13
聯邦忠孝,221.0,1000,0,8583,6239,2026-05-13
聯邦嘉義,229.5,0,1000,8582,6239,2026-05-13
聯邦高雄,229.0,0,1000,8581,6239,2026-05-13
聯邦高雄,222.5,0,18,8581,6239,2026-05-13
聯邦,230.0,5000,0,8580,6239,2026-05-13
聯邦,222.5,208,0,8580,6239,2026-05-13
聯邦,221.5,3,0,8580,6239,2026-05-13
新光桃園,231.5,1043,2000,8565,6239,2026-05-13
新光桃園,230.5,3050,0,8565,6239,2026-05-13
新光新竹,223.5,3000,100,8563,6239,2026-05-13
新光桃園,229.5,58,22,8565,6239,2026-05-13
新光桃園,223.0,11,1000,8565,6239,2026-05-13
新光桃園,222.0,1020,0,8565,6239,2026-05-13
新光台南,232.0,1030,11,8564,6239,2026-05-13
新光台南,230.0,2000,0,8564,6239,2026-05-13
新光台南,229.0,3100,0,8564,6239,2026-05-13
新光台南,224.5,100,0,8564,6239,2026-05-13
新光台南,223.0,120,0,8564,6239,2026-05-13
新光台南,222.0,1003,1033,8564,6239,2026-05-13
新光台南,221.0,50,0,8564,6239,2026-05-13
新光新竹,231.5,0,126,8563,6239,2026-05-13
新光新竹,230.5,400,1000,8563,6239,2026-05-13
新光新竹,229.5,1500,0,8563,6239,2026-05-13
新光桃園,228.5,0,1000,8565,6239,2026-05-13
新光,221.0,4098,0,8560,6239,2026-05-13
中農,223.0,0,30,8520,6239,2026-05-13
京城,232.0,1000,0,8490,6239,2026-05-13
康和台中,226.0,0,2000,8455,6239,2026-05-13
康和台中,223.0,1000,0,8455,6239,2026-05-13
康和台中,221.5,1000,0,8455,6239,2026-05-13
康和延平,228.0,0,2000,8451,6239,2026-05-13
康和延平,221.0,1000,0,8451,6239,2026-05-13
康和,230.5,5000,350,8450,6239,2026-05-13
康和,229.5,24000,0,8450,6239,2026-05-13
康和,228.5,11000,0,8450,6239,2026-05-13
康和,227.5,20000,0,8450,6239,2026-05-13
康和,224.5,10000,0,8450,6239,2026-05-13
摩根大通,231.5,8000,13000,8440,6239,2026-05-13
摩根大通,230.5,4000,54000,8440,6239,2026-05-13
康和台中,230.0,0,2000,8455,6239,2026-05-13
摩根大通,229.5,23000,91000,8440,6239,2026-05-13
摩根大通,227.5,2000,6000,8440,6239,2026-05-13
摩根大通,226.0,0,1000,8440,6239,2026-05-13
摩根大通,225.0,0,12000,8440,6239,2026-05-13
摩根大通,223.5,45000,24000,8440,6239,2026-05-13
摩根大通,222.5,217000,64000,8440,6239,2026-05-13
摩根大通,221.5,2000,31000,8440,6239,2026-05-13
摩根大通,220.5,0,8000,8440,6239,2026-05-13
安泰楠梓,222.0,1000,0,8382,6239,2026-05-13
安泰,229.5,1000,0,8380,6239,2026-05-13
安泰,223.0,1000,0,8380,6239,2026-05-13
安泰,222.0,0,2000,8380,6239,2026-05-13
國票安和,230.5,2000,0,779Z,6239,2026-05-13
摩根大通,228.5,5000,1000,8440,6239,2026-05-13
康和新竹,221.0,0,1000,8456,6239,2026-05-13
康和新竹,230.5,0,1000,8456,6239,2026-05-13
康和台南,223.5,1000,0,8458,6239,2026-05-13
京城,231.0,1000,0,8490,6239,2026-05-13
康和屏東,224.0,125,0,845X,6239,2026-05-13
康和屏東,221.0,0,1000,845X,6239,2026-05-13
康和台北,231.0,9,0,845U,6239,2026-05-13
康和台北,230.0,0,150,845U,6239,2026-05-13
康和台北,223.5,3000,0,845U,6239,2026-05-13
康和台北,222.0,0,1000,845U,6239,2026-05-13
康和南崁,222.5,2,0,845S,6239,2026-05-13
康和石牌,231.5,0,2000,845R,6239,2026-05-13
康和石牌,229.5,10000,0,845R,6239,2026-05-13
康和石牌,227.5,10000,0,845R,6239,2026-05-13
康和石牌,222.5,1000,0,845R,6239,2026-05-13
康和高雄,231.5,3,0,845J,6239,2026-05-13
康和高雄,230.5,50,0,845J,6239,2026-05-13
康和高雄,223.0,0,10000,845J,6239,2026-05-13
康和高雄,220.5,10000,0,845J,6239,2026-05-13
康和板橋,229.5,218,0,845D,6239,2026-05-13
康和板橋,225.5,0,1000,845D,6239,2026-05-13
康和板橋,223.5,1000,0,845D,6239,2026-05-13
康和板橋,222.5,1000,0,845D,6239,2026-05-13
康和板橋,220.5,1000,0,845D,6239,2026-05-13
康和永和,222.5,15,0,845B,6239,2026-05-13
康和內湖,223.0,4000,0,845A,6239,2026-05-13
康和嘉義,230.5,0,1000,8459,6239,2026-05-13
康和嘉義,229.5,1000,0,8459,6239,2026-05-13
康和嘉義,222.0,2000,0,8459,6239,2026-05-13
康和嘉義,220.5,39,1000,8459,6239,2026-05-13
聯邦三重,220.5,92,0,8585,6239,2026-05-13
國票安和,229.0,20000,0,779Z,6239,2026-05-13
聯邦三重,222.0,100,0,8585,6239,2026-05-13
聯邦大業,227.0,0,1000,8586,6239,2026-05-13
玉山信義,222.5,204,0,884C,6239,2026-05-13
玉山信義,221.0,1000,0,884C,6239,2026-05-13
玉山台中,232.0,250,1300,884B,6239,2026-05-13
玉山台中,230.5,1000,0,884B,6239,2026-05-13
玉山台中,229.5,5000,0,884B,6239,2026-05-13
玉山台中,228.5,0,1000,884B,6239,2026-05-13
玉山台中,226.5,0,1000,884B,6239,2026-05-13
玉山台中,223.0,2000,20,884B,6239,2026-05-13
玉山台中,222.0,1005,0,884B,6239,2026-05-13
玉山台中,221.0,1000,0,884B,6239,2026-05-13
玉山士林,230.5,1000,0,884A,6239,2026-05-13
玉山士林,225.0,50,0,884A,6239,2026-05-13
玉山信義,224.0,0,1000,884C,6239,2026-05-13
玉山士林,222.5,0,50,884A,6239,2026-05-13
玉山景美,231.5,1000,500,8849,6239,2026-05-13
玉山景美,229.5,201,0,8849,6239,2026-05-13
玉山景美,224.0,1000,200,8849,6239,2026-05-13
玉山景美,222.0,2100,0,8849,6239,2026-05-13
玉山嘉義,232.0,5000,0,8848,6239,2026-05-13
玉山嘉義,231.0,0,3000,8848,6239,2026-05-13
玉山嘉義,230.0,0,2000,8848,6239,2026-05-13
玉山嘉義,229.0,5,0,8848,6239,2026-05-13
玉山嘉義,223.5,2045,0,8848,6239,2026-05-13
玉山嘉義,222.5,50,0,8848,6239,2026-05-13
玉山嘉義,221.5,1000,0,8848,6239,2026-05-13
玉山台南,232.0,0,3000,8847,6239,2026-05-13
玉山士林,220.5,1000,0,884A,6239,2026-05-13
玉山台南,231.0,1,0,8847,6239,2026-05-13
玉山信義,228.5,0,1000,884C,6239,2026-05-13
玉山左營,221.5,5,0,884D,6239,2026-05-13
玉山大里,221.0,3,0,884J,6239,2026-05-13
玉山新竹,232.0,190,0,884H,6239,2026-05-13
玉山新竹,231.0,5250,2800,884H,6239,2026-05-13
玉山新竹,230.0,0,1010,884H,6239,2026-05-13
玉山新竹,229.0,1000,1000,884H,6239,2026-05-13
玉山新竹,228.0,0,2,884H,6239,2026-05-13
玉山新竹,223.5,0,1001,884H,6239,2026-05-13
玉山新竹,222.5,100,1200,884H,6239,2026-05-13
玉山新竹,221.5,0,500,884H,6239,2026-05-13
玉山新竹,220.0,21,0,884H,6239,2026-05-13
玉山桃園,231.0,1000,0,884F,6239,2026-05-13
玉山桃園,230.0,0,1000,884F,6239,2026-05-13
玉山左營,220.5,1200,0,884D,6239,2026-05-13
玉山桃園,228.5,0,1000,884F,6239,2026-05-13
玉山桃園,222.5,300,0,884F,6239,2026-05-13
玉山桃園,221.0,0,1000,884F,6239,2026-05-13
玉山城中,231.5,0,100,884E,6239,2026-05-13
玉山城中,230.5,0,1000,884E,6239,2026-05-13
玉山城中,229.5,10000,0,884E,6239,2026-05-13
玉山城中,222.5,2,0,884E,6239,2026-05-13
玉山城中,220.5,6,0,884E,6239,2026-05-13
玉山左營,231.5,100,0,884D,6239,2026-05-13
玉山左營,230.5,0,300,884D,6239,2026-05-13
玉山左營,229.0,1000,0,884D,6239,2026-05-13
玉山左營,228.0,0,5,884D,6239,2026-05-13
玉山左營,223.0,2000,0,884D,6239,2026-05-13
玉山桃園,223.5,0,20,884F,6239,2026-05-13
玉山台南,230.0,2,10400,8847,6239,2026-05-13
玉山台南,229.0,1018,1100,8847,6239,2026-05-13
玉山台南,223.0,50,300,8847,6239,2026-05-13
玉山,231.0,100,1650,8840,6239,2026-05-13
玉山,230.0,1000,4000,8840,6239,2026-05-13
玉山,229.0,2550,1000,8840,6239,2026-05-13
玉山,228.0,1000,0,8840,6239,2026-05-13
玉山,225.0,10,400,8840,6239,2026-05-13
玉山,223.5,2020,0,8840,6239,2026-05-13
玉山,222.5,250,200,8840,6239,2026-05-13
玉山,221.5,1000,0,8840,6239,2026-05-13
陽信台南,230.5,250,0,8714,6239,2026-05-13
陽信高雄,227.0,0,1000,8713,6239,2026-05-13
陽信石牌,232.0,2000,1000,8711,6239,2026-05-13
陽信石牌,230.0,1000,0,8711,6239,2026-05-13
玉山雙和,221.5,300,0,8841,6239,2026-05-13
陽信石牌,222.0,1000,0,8711,6239,2026-05-13
陽信,229.0,0,100,8710,6239,2026-05-13
陽信,222.0,11000,0,8710,6239,2026-05-13
陽信,220.5,1000,0,8710,6239,2026-05-13
聯邦台南,231.5,1000,0,8588,6239,2026-05-13
聯邦台南,229.5,4,3000,8588,6239,2026-05-13
聯邦台南,223.0,0,2000,8588,6239,2026-05-13
聯邦台南,222.0,100,0,8588,6239,2026-05-13
聯邦台南,221.0,1000,0,8588,6239,2026-05-13
聯邦台南,220.0,1000,0,8588,6239,2026-05-13
聯邦興中,224.0,0,2000,8587,6239,2026-05-13
聯邦大業,231.5,200,0,8586,6239,2026-05-13
聯邦大業,230.5,100,0,8586,6239,2026-05-13
陽信,230.5,0,1000,8710,6239,2026-05-13
玉山雙和,223.0,2000,0,8841,6239,2026-05-13
玉山雙和,228.5,2000,0,8841,6239,2026-05-13
玉山雙和,230.0,0,2100,8841,6239,2026-05-13
玉山台南,222.0,0,1050,8847,6239,2026-05-13
玉山台南,221.0,1000,1050,8847,6239,2026-05-13
玉山板橋,232.0,0,1000,8846,6239,2026-05-13
玉山板橋,231.0,0,50,8846,6239,2026-05-13
玉山板橋,229.5,0,2,8846,6239,2026-05-13
玉山板橋,224.0,0,4,8846,6239,2026-05-13
玉山板橋,222.0,10,0,8846,6239,2026-05-13
玉山板橋,220.0,1000,0,8846,6239,2026-05-13
玉山高雄,231.0,0,1300,8843,6239,2026-05-13
玉山高雄,230.0,140,300,8843,6239,2026-05-13
玉山高雄,229.0,1300,5000,8843,6239,2026-05-13
玉山高雄,228.0,30,157,8843,6239,2026-05-13
玉山高雄,226.5,1000,0,8843,6239,2026-05-13
玉山高雄,224.5,100,0,8843,6239,2026-05-13
玉山高雄,223.0,1066,1000,8843,6239,2026-05-13
玉山高雄,222.0,1000,2000,8843,6239,2026-05-13
玉山高雄,221.0,2008,0,8843,6239,2026-05-13
玉山新莊,232.0,0,2000,8842,6239,2026-05-13
玉山新莊,231.0,3250,2000,8842,6239,2026-05-13
玉山新莊,230.0,0,2655,8842,6239,2026-05-13
玉山新莊,229.0,0,1001,8842,6239,2026-05-13
玉山新莊,228.0,0,2000,8842,6239,2026-05-13
玉山新莊,225.5,1000,0,8842,6239,2026-05-13
玉山新莊,223.0,2800,3000,8842,6239,2026-05-13
玉山新莊,222.0,1255,7000,8842,6239,2026-05-13
玉山新莊,221.0,100,0,8842,6239,2026-05-13
玉山雙和,232.0,1000,0,8841,6239,2026-05-13
聯邦大業,224.0,0,2000,8586,6239,2026-05-13
國票安和,228.0,0,10000,779Z,6239,2026-05-13
國票安和,227.0,6000,0,779Z,6239,2026-05-13
國票安和,226.0,74000,0,779Z,6239,2026-05-13
兆豐麻豆,230.0,0,8,700G,6239,2026-05-13
兆豐麻豆,229.0,0,1006,700G,6239,2026-05-13
兆豐麻豆,223.5,0,1,700G,6239,2026-05-13
兆豐麻豆,222.5,6,0,700G,6239,2026-05-13
兆豐麻豆,221.5,3000,0,700G,6239,2026-05-13
兆豐南門,230.5,0,2000,700g,6239,2026-05-13
兆豐南門,229.5,0,2000,700g,6239,2026-05-13
兆豐南門,222.5,0,1008,700g,6239,2026-05-13
兆豐虎尾,230.5,0,2000,700F,6239,2026-05-13
兆豐鹿港,231.5,1000,0,700f,6239,2026-05-13
兆豐鹿港,228.0,0,2000,700f,6239,2026-05-13
兆豐鹿港,222.5,100,0,700f,6239,2026-05-13
兆豐麻豆,231.0,0,2008,700G,6239,2026-05-13
兆豐西螺,231.0,1000,0,700D,6239,2026-05-13
兆豐彰化,232.0,2000,0,700d,6239,2026-05-13
兆豐彰化,230.0,0,4,700d,6239,2026-05-13
兆豐彰化,224.0,0,2000,700d,6239,2026-05-13
兆豐彰化,222.5,2000,0,700d,6239,2026-05-13
兆豐來福,231.5,0,3050,700C,6239,2026-05-13
兆豐來福,230.5,0,1000,700C,6239,2026-05-13
兆豐來福,229.5,0,1000,700C,6239,2026-05-13
兆豐來福,228.5,0,1000,700C,6239,2026-05-13
兆豐來福,223.0,0,1000,700C,6239,2026-05-13
兆豐來福,222.0,2089,0,700C,6239,2026-05-13
兆豐民生,231.0,0,1100,700c,6239,2026-05-13
兆豐民生,229.5,0,100,700c,6239,2026-05-13
兆豐西螺,229.0,1000,0,700D,6239,2026-05-13
兆豐民生,222.5,1000,2000,700c,6239,2026-05-13
兆豐三民,222.5,3,0,700h,6239,2026-05-13
兆豐三民,230.0,0,7,700h,6239,2026-05-13
兆豐桃園,229.0,100,0,700M,6239,2026-05-13
兆豐天母,228.5,0,1000,700L,6239,2026-05-13
兆豐新營,232.0,1000,0,700K,6239,2026-05-13
兆豐新營,230.5,130,2000,700K,6239,2026-05-13
兆豐新營,229.5,200,1000,700K,6239,2026-05-13
兆豐新營,228.5,0,1000,700K,6239,2026-05-13
兆豐新營,223.0,530,0,700K,6239,2026-05-13
兆豐新營,220.5,1000,0,700K,6239,2026-05-13
兆豐員林,230.0,0,1000,700k,6239,2026-05-13
兆豐員林,223.0,19,0,700k,6239,2026-05-13
兆豐公益,232.0,0,100,700J,6239,2026-05-13
兆豐公益,230.0,1000,0,700J,6239,2026-05-13
兆豐三民,228.5,1000,0,700h,6239,2026-05-13
兆豐公益,229.0,500,0,700J,6239,2026-05-13
兆豐公益,221.0,0,1000,700J,6239,2026-05-13
兆豐大安,229.0,0,441,700j,6239,2026-05-13
兆豐大安,223.0,0,50,700j,6239,2026-05-13
兆豐北高,232.0,1000,0,700I,6239,2026-05-13
兆豐北高,231.0,100,0,700I,6239,2026-05-13
兆豐北高,223.0,5000,105,700I,6239,2026-05-13
兆豐北高,222.0,0,8000,700I,6239,2026-05-13
兆豐松德,230.5,1000,2050,700i,6239,2026-05-13
兆豐松德,229.5,3000,0,700i,6239,2026-05-13
兆豐松德,227.5,1000,0,700i,6239,2026-05-13
兆豐東門,231.0,0,1000,700H,6239,2026-05-13
兆豐三民,232.0,0,2000,700h,6239,2026-05-13
兆豐公益,223.5,0,1000,700J,6239,2026-05-13
兆豐民生,221.5,5000,0,700c,6239,2026-05-13
兆豐民生,220.0,100,0,700c,6239,2026-05-13
兆豐板橋,230.0,0,1100,700B,6239,2026-05-13
兆豐,230.5,11000,0,7000,6239,2026-05-13
兆豐,229.5,2000,0,7000,6239,2026-05-13
兆豐,228.5,1100,5000,7000,6239,2026-05-13
兆豐,223.0,0,1000,7000,6239,2026-05-13
兆豐,221.0,0,5000,7000,6239,2026-05-13
福勝,232.0,1000,0,6950,6239,2026-05-13
福勝,230.0,0,2000,6950,6239,2026-05-13
福勝,229.0,1000,0,6950,6239,2026-05-13
福勝,227.5,0,1000,6950,6239,2026-05-13
福勝,223.0,1000,0,6950,6239,2026-05-13
福勝,222.0,1000,0,6950,6239,2026-05-13
德信和平,221.5,1000,0,6915,6239,2026-05-13
兆豐,231.5,9000,0,7000,6239,2026-05-13
德信新營,224.5,0,170,6913,6239,2026-05-13
德信中正,229.5,2000,0,6912,6239,2026-05-13
德信中正,221.0,1000,0,6912,6239,2026-05-13
德信,230.0,2000,0,6910,6239,2026-05-13
德信,222.5,1000,0,6910,6239,2026-05-13
口袋,232.0,4031,0,6620,6239,2026-05-13
口袋,231.0,2149,100,6620,6239,2026-05-13
口袋,230.0,15,100,6620,6239,2026-05-13
口袋,229.0,0,36,6620,6239,2026-05-13
口袋,227.0,15,0,6620,6239,2026-05-13
口袋,224.5,23,0,6620,6239,2026-05-13
口袋,223.0,28,4040,6620,6239,2026-05-13
口袋,222.0,110,1000,6620,6239,2026-05-13
德信新營,221.0,1000,0,6913,6239,2026-05-13
兆豐嘉義,220.5,50,0,7001,6239,2026-05-13
兆豐嘉義,222.5,1000,150,7001,6239,2026-05-13
兆豐嘉義,230.0,1000,0,7001,6239,2026-05-13
兆豐板橋,229.0,1000,0,700B,6239,2026-05-13
兆豐中壢,232.0,50,0,700b,6239,2026-05-13
兆豐中壢,230.5,0,1000,700b,6239,2026-05-13
兆豐中壢,229.0,50,200,700b,6239,2026-05-13
兆豐忠孝,230.5,300,0,700a,6239,2026-05-13
兆豐忠孝,228.5,0,5000,700a,6239,2026-05-13
兆豐忠孝,220.0,300,0,700a,6239,2026-05-13
兆豐三重,230.5,2000,1000,7008,6239,2026-05-13
兆豐三重,229.5,1000,0,7008,6239,2026-05-13
兆豐三重,224.5,0,40,7008,6239,2026-05-13
兆豐三重,220.0,0,300,7008,6239,2026-05-13
兆豐竹北,229.5,5000,2000,7007,6239,2026-05-13
兆豐竹北,222.5,25,0,7007,6239,2026-05-13
兆豐竹北,221.0,1000,0,7007,6239,2026-05-13
兆豐台南,232.0,0,200,7006,6239,2026-05-13
兆豐台南,229.0,0,1000,7006,6239,2026-05-13
兆豐台南,225.0,0,52,7006,6239,2026-05-13
兆豐台南,224.0,0,50,7006,6239,2026-05-13
兆豐台南,222.5,25,2000,7006,6239,2026-05-13
兆豐中港,232.0,1100,0,7005,6239,2026-05-13
兆豐中港,231.0,0,1250,7005,6239,2026-05-13
兆豐中港,230.0,100,0,7005,6239,2026-05-13
兆豐中港,229.0,0,2000,7005,6239,2026-05-13
兆豐中港,222.5,100,1000,7005,6239,2026-05-13
兆豐中港,221.0,1000,0,7005,6239,2026-05-13
兆豐台中,230.5,0,1000,7003,6239,2026-05-13
兆豐台中,222.0,1000,0,7003,6239,2026-05-13
兆豐桃園,232.0,1000,1000,700M,6239,2026-05-13
兆豐埔墘,229.5,1000,0,700N,6239,2026-05-13
兆豐復興,220.5,2000,1000,700p,6239,2026-05-13
兆豐復興,222.0,1000,0,700p,6239,2026-05-13
國票北高,220.5,1,0,779J,6239,2026-05-13
國票和平,229.0,10,0,779j,6239,2026-05-13
國票和平,221.5,0,20,779j,6239,2026-05-13
國票新莊,232.0,0,100,779G,6239,2026-05-13
國票新莊,229.0,0,200,779G,6239,2026-05-13
國票南崁,232.0,1000,0,779E,6239,2026-05-13
國票南崁,230.5,1000,0,779E,6239,2026-05-13
國票南科,232.0,1000,10,779e,6239,2026-05-13
國票南科,230.5,1000,4000,779e,6239,2026-05-13
國票南科,229.5,0,1000,779e,6239,2026-05-13
國票南科,222.5,3100,0,779e,6239,2026-05-13
國票台南,231.0,0,1000,779D,6239,2026-05-13
國票北高,223.5,1000,0,779J,6239,2026-05-13
國票台南,230.0,0,4000,779D,6239,2026-05-13
國票台南,221.0,8000,0,779D,6239,2026-05-13
國票敦北,231.5,450,0,779c,6239,2026-05-13
國票敦北,223.0,2000,1000,779c,6239,2026-05-13
國票敦北,222.0,1000,0,779c,6239,2026-05-13
國票內壢,232.0,0,50,7798,6239,2026-05-13
國票內壢,230.5,0,1000,7798,6239,2026-05-13
國票內壢,229.5,0,5,7798,6239,2026-05-13
國票內壢,228.5,1000,0,7798,6239,2026-05-13
國票內壢,223.5,0,2000,7798,6239,2026-05-13
國票中正,230.5,0,1000,7797,6239,2026-05-13
國票中正,223.0,20,0,7797,6239,2026-05-13
國票南港,231.0,0,200,7795,6239,2026-05-13
國票台南,229.0,0,1000,779D,6239,2026-05-13
國票北高,228.0,0,1000,779J,6239,2026-05-13
國票北高,230.5,0,2000,779J,6239,2026-05-13
國票中港,222.5,1000,0,779m,6239,2026-05-13
國票安和,224.0,6,0,779Z,6239,2026-05-13
國票安和,223.0,6000,4000,779Z,6239,2026-05-13
國票安和,220.5,1000,0,779Z,6239,2026-05-13
國票博愛,228.5,1000,0,779z,6239,2026-05-13
國票博愛,227.5,0,1000,779z,6239,2026-05-13
國票博愛,224.0,3000,0,779z,6239,2026-05-13
國票博愛,223.0,0,1000,779z,6239,2026-05-13
國票博愛,222.0,1000,0,779z,6239,2026-05-13
國票中和,231.0,0,5000,779X,6239,2026-05-13
國票中和,229.5,0,1000,779X,6239,2026-05-13
國票中和,221.0,1000,0,779X,6239,2026-05-13
國票彰化,222.5,10,0,779W,6239,2026-05-13
國票天祥,222.5,0,3000,779V,6239,2026-05-13
國票台中,230.5,0,1000,779v,6239,2026-05-13
國票長城,231.0,0,10,779u,6239,2026-05-13
國票長城,223.0,1000,0,779u,6239,2026-05-13
國票桃園,229.5,0,1000,779r,6239,2026-05-13
國票九鼎,232.0,100,2000,779P,6239,2026-05-13
國票九鼎,230.5,5000,1050,779P,6239,2026-05-13
國票九鼎,229.5,2000,0,779P,6239,2026-05-13
國票九鼎,223.5,0,1000,779P,6239,2026-05-13
國票九鼎,222.0,1000,0,779P,6239,2026-05-13
國票九鼎,220.5,1000,0,779P,6239,2026-05-13
國票南京,230.0,0,1000,779n,6239,2026-05-13
國票南京,225.0,0,1000,779n,6239,2026-05-13
國票南京,220.5,1000,0,779n,6239,2026-05-13
國票中港,227.5,1000,0,779m,6239,2026-05-13
國票南港,228.5,300,0,7795,6239,2026-05-13
玉山大里,223.0,5,0,884J,6239,2026-05-13
國票北投,222.5,0,1000,7792,6239,2026-05-13
國票綜合,231.5,0,100,7790,6239,2026-05-13
兆豐新竹,230.0,5000,1000,700V,6239,2026-05-13
兆豐新竹,228.5,0,1000,700V,6239,2026-05-13
兆豐新竹,222.5,1000,0,700V,6239,2026-05-13
兆豐新竹,221.5,0,1000,700V,6239,2026-05-13
兆豐桃鶯,230.0,0,4000,700U,6239,2026-05-13
兆豐桃鶯,222.5,1000,0,700U,6239,2026-05-13
兆豐桃鶯,221.5,0,1000,700U,6239,2026-05-13
兆豐岡山,231.5,0,1000,700s,6239,2026-05-13
兆豐岡山,230.5,1000,0,700s,6239,2026-05-13
兆豐岡山,223.5,2000,0,700s,6239,2026-05-13
兆豐小港,229.0,0,1000,700R,6239,2026-05-13
兆豐寶成,232.0,1000,0,700r,6239,2026-05-13
兆豐新竹,231.0,100,1000,700V,6239,2026-05-13
兆豐寶成,231.0,0,1000,700r,6239,2026-05-13
兆豐寶成,228.5,0,1000,700r,6239,2026-05-13
兆豐寶成,222.5,1067,0,700r,6239,2026-05-13
兆豐寶成,221.0,20,0,700r,6239,2026-05-13
兆豐南京,231.5,0,1000,700P,6239,2026-05-13
兆豐南京,229.0,1000,0,700P,6239,2026-05-13
兆豐南京,222.0,2000,0,700P,6239,2026-05-13
兆豐復興,231.5,0,4000,700p,6239,2026-05-13
兆豐復興,230.5,10000,4000,700p,6239,2026-05-13
兆豐復興,229.5,2000,2000,700p,6239,2026-05-13
兆豐復興,228.5,0,1000,700p,6239,2026-05-13
兆豐復興,224.5,0,2000,700p,6239,2026-05-13
兆豐復興,223.0,1050,0,700p,6239,2026-05-13
兆豐寶成,229.5,0,5000,700r,6239,2026-05-13
兆豐新莊,229.0,1100,0,700w,6239,2026-05-13
兆豐城中,220.5,2000,0,700W,6239,2026-05-13
兆豐城中,222.5,0,2000,700W,6239,2026-05-13
國票綜合,230.5,5318,0,7790,6239,2026-05-13
國票綜合,229.5,200,0,7790,6239,2026-05-13
國票綜合,224.0,0,9000,7790,6239,2026-05-13
國票綜合,223.0,0,6249,7790,6239,2026-05-13
國票綜合,222.0,0,46880,7790,6239,2026-05-13
北城,232.0,1000,0,7750,6239,2026-05-13
北城,223.5,0,2000,7750,6239,2026-05-13
北城,221.0,1000,0,7750,6239,2026-05-13
致和崇德,229.0,0,5150,703B,6239,2026-05-13
致和崇德,221.0,5000,0,703B,6239,2026-05-13
致和南京,224.0,0,1000,7038,6239,2026-05-13
致和高雄,231.0,0,1000,7036,6239,2026-05-13
致和東門,230.5,0,1000,7035,6239,2026-05-13
致和東門,223.5,0,1000,7035,6239,2026-05-13
致和東門,222.0,2000,0,7035,6239,2026-05-13
致和金華,223.0,0,1000,7034,6239,2026-05-13
致和府前,229.0,1000,0,7033,6239,2026-05-13
致和佳里,223.0,0,1000,7032,6239,2026-05-13
致和佳里,221.0,0,1000,7032,6239,2026-05-13
致和,220.5,2000,0,7030,6239,2026-05-13
兆豐高雄,231.0,0,1000,700Z,6239,2026-05-13
兆豐高雄,229.5,0,2000,700Z,6239,2026-05-13
兆豐高雄,223.5,0,1000,700Z,6239,2026-05-13
兆豐高雄,222.0,2000,0,700Z,6239,2026-05-13
兆豐永和,229.5,3000,0,700X,6239,2026-05-13
兆豐永和,222.5,175,0,700X,6239,2026-05-13
兆豐城中,229.5,15,1000,700W,6239,2026-05-13
國票台東,227.5,0,1000,7791,6239,2026-05-13
玉山大里,227.0,0,1000,884J,6239,2026-05-13
玉山大里,228.5,50,0,884J,6239,2026-05-13
玉山大里,229.5,0,1000,884J,6239,2026-05-13
凱基三重,228.5,2000,1000,9205,6239,2026-05-13
凱基三重,223.0,20,0,9205,6239,2026-05-13
凱基三重,222.0,0,10,9205,6239,2026-05-13
凱基三重,221.0,1000,0,9205,6239,2026-05-13
凱基台中,230.5,150,6000,9204,6239,2026-05-13
凱基台中,223.5,2000,0,9204,6239,2026-05-13
凱基台中,222.5,1000,0,9204,6239,2026-05-13
凱基台中,221.5,100,0,9204,6239,2026-05-13
凱基中港,230.5,100,1000,9202,6239,2026-05-13
凱基中港,228.5,1000,1000,9202,6239,2026-05-13
凱基中港,224.0,0,10000,9202,6239,2026-05-13
凱基中港,222.0,2000,2000,9202,6239,2026-05-13
凱基三重,229.5,0,100,9205,6239,2026-05-13
凱基,232.0,33000,0,9200,6239,2026-05-13
凱基,230.0,20000,6000,9200,6239,2026-05-13
凱基,229.0,0,11000,9200,6239,2026-05-13
凱基,228.0,5000,3000,9200,6239,2026-05-13
凱基,227.0,0,3000,9200,6239,2026-05-13
凱基,225.0,0,3000,9200,6239,2026-05-13
凱基,223.5,0,22000,9200,6239,2026-05-13
凱基,222.5,92,0,9200,6239,2026-05-13
凱基,221.0,0,5000,9200,6239,2026-05-13
凱基,220.0,0,4000,9200,6239,2026-05-13
群益宜蘭,229.5,2000,0,918z,6239,2026-05-13
群益台北,221.5,5000,0,918X,6239,2026-05-13
群益延平,231.0,0,1000,918x,6239,2026-05-13
凱基,231.0,19007,0,9200,6239,2026-05-13
群益延平,222.5,300,400,918x,6239,2026-05-13
凱基三重,230.5,0,4700,9205,6239,2026-05-13
凱基高雄,222.0,1000,0,9206,6239,2026-05-13
凱基雙和,223.5,2000,0,920C,6239,2026-05-13
凱基板橋,232.0,100,1000,920A,6239,2026-05-13
凱基板橋,230.5,0,100,920A,6239,2026-05-13
凱基板橋,229.5,0,20,920A,6239,2026-05-13
凱基板橋,228.5,1000,0,920A,6239,2026-05-13
凱基板橋,226.5,0,100,920A,6239,2026-05-13
凱基板橋,223.5,0,1000,920A,6239,2026-05-13
凱基板橋,222.5,110,150,920A,6239,2026-05-13
凱基板橋,221.0,1200,0,920A,6239,2026-05-13
凱基岡山,232.0,300,0,9209,6239,2026-05-13
凱基岡山,227.0,45,0,9209,6239,2026-05-13
凱基岡山,223.5,1000,0,9209,6239,2026-05-13
凱基三重,232.0,3000,0,9205,6239,2026-05-13
凱基岡山,222.5,1005,0,9209,6239,2026-05-13
凱基桃園,231.0,1000,0,9208,6239,2026-05-13
凱基桃園,230.0,0,1000,9208,6239,2026-05-13
凱基桃園,229.0,100,0,9208,6239,2026-05-13
凱基桃園,226.0,0,2000,9208,6239,2026-05-13
凱基桃園,223.0,300,25,9208,6239,2026-05-13
凱基桃園,222.0,2200,0,9208,6239,2026-05-13
凱基桃園,221.0,100,0,9208,6239,2026-05-13
凱基桃園,220.0,5,0,9208,6239,2026-05-13
凱基永和,223.5,0,2,9207,6239,2026-05-13
凱基高雄,230.0,1000,0,9206,6239,2026-05-13
凱基高雄,229.0,1000,1000,9206,6239,2026-05-13
凱基高雄,223.0,0,1000,9206,6239,2026-05-13
凱基桃園,232.0,0,1000,9208,6239,2026-05-13
群益忠孝,229.5,1000,0,918W,6239,2026-05-13
群益瑞豐,232.0,0,1,918u,6239,2026-05-13
群益瑞豐,231.0,0,2000,918u,6239,2026-05-13
群益新莊,231.0,0,3000,918G,6239,2026-05-13
群益新莊,229.5,0,1000,918G,6239,2026-05-13
群益新莊,228.0,0,2000,918G,6239,2026-05-13
群益新莊,227.0,0,1000,918G,6239,2026-05-13
群益新莊,222.0,1000,0,918G,6239,2026-05-13
群益大甲,231.5,10,0,918g,6239,2026-05-13
群益大甲,225.0,0,1000,918g,6239,2026-05-13
群益大甲,223.0,1000,0,918g,6239,2026-05-13
群益大甲,222.0,100,0,918g,6239,2026-05-13
群益大甲,220.0,30,0,918g,6239,2026-05-13
群益新店,231.0,38,130,918F,6239,2026-05-13
群益新店,229.5,100,0,918F,6239,2026-05-13
群益中山,222.5,1100,0,918H,6239,2026-05-13
群益新店,223.5,3000,0,918F,6239,2026-05-13
群益南京,230.0,2000,0,918E,6239,2026-05-13
群益南京,226.0,0,1000,918E,6239,2026-05-13
群益南京,222.5,1040,88,918E,6239,2026-05-13
群益大安,230.0,0,4,918e,6239,2026-05-13
群益東門,231.5,0,50,918D,6239,2026-05-13
群益東門,230.5,0,2000,918D,6239,2026-05-13
群益東門,229.0,0,50,918D,6239,2026-05-13
群益東門,223.5,2000,0,918D,6239,2026-05-13
群益東門,222.5,100,0,918D,6239,2026-05-13
群益內湖,229.5,0,1000,918d,6239,2026-05-13
群益內湖,223.5,10,0,918d,6239,2026-05-13
群益內湖,220.5,1000,0,918d,6239,2026-05-13
群益新店,222.5,4000,0,918F,6239,2026-05-13
群益中山,230.0,0,10,918H,6239,2026-05-13
群益竹南,221.5,0,4245,918i,6239,2026-05-13
群益竹南,223.0,1000,0,918i,6239,2026-05-13
群益瑞豐,229.5,20,0,918u,6239,2026-05-13
群益瑞豐,228.5,0,6000,918u,6239,2026-05-13
群益瑞豐,223.0,1000,5000,918u,6239,2026-05-13
群益瑞豐,221.5,2000,0,918u,6239,2026-05-13
群益瑞豐,220.5,10000,0,918u,6239,2026-05-13
群益丹鳳,231.5,1000,0,918s,6239,2026-05-13
群益丹鳳,229.0,15,0,918s,6239,2026-05-13
群益丹鳳,226.5,0,1000,918s,6239,2026-05-13
群益丹鳳,222.0,1000,1000,918s,6239,2026-05-13
群益天母,231.0,0,2000,918P,6239,2026-05-13
群益嘉義,232.0,0,20000,918M,6239,2026-05-13
群益嘉義,230.5,0,1000,918M,6239,2026-05-13
群益嘉義,229.0,1000,0,918M,6239,2026-05-13
群益嘉義,223.0,20000,0,918M,6239,2026-05-13
群益建成,230.5,0,5000,918L,6239,2026-05-13
群益建成,229.5,0,1000,918L,6239,2026-05-13
群益建成,228.5,0,1000,918L,6239,2026-05-13
群益建成,222.0,1,0,918L,6239,2026-05-13
群益東湖,231.5,0,1000,918K,6239,2026-05-13
群益東湖,222.5,0,1000,918K,6239,2026-05-13
群益永和,231.0,1000,100,918J,6239,2026-05-13
群益永和,229.5,5,100,918J,6239,2026-05-13
群益永和,228.5,5,0,918J,6239,2026-05-13
群益永和,221.5,0,1000,918J,6239,2026-05-13
群益竹南,230.5,0,100,918i,6239,2026-05-13
群益竹南,229.5,100,0,918i,6239,2026-05-13
群益竹南,228.0,0,1000,918i,6239,2026-05-13
凱基雙和,229.5,1000,0,920C,6239,2026-05-13
凱基雙和,231.0,0,2000,920C,6239,2026-05-13
凱基市府,222.5,1000,0,920D,6239,2026-05-13
凱基市府,229.5,0,2000,920D,6239,2026-05-13
凱基城中,222.0,0,1000,9227,6239,2026-05-13
凱基城中,221.0,0,1000,9227,6239,2026-05-13
凱基汐止,230.5,1000,0,9226,6239,2026-05-13
凱基汐止,229.0,1000,0,9226,6239,2026-05-13
凱基汐止,222.0,0,1000,9226,6239,2026-05-13
凱基內埔,230.0,1000,1000,9225,6239,2026-05-13
凱基內埔,228.5,0,500,9225,6239,2026-05-13
凱基內埔,226.0,0,1000,9225,6239,2026-05-13
凱基內埔,220.5,1000,0,9225,6239,2026-05-13
凱基豐中,229.5,1000,0,9223,6239,2026-05-13
凱基豐中,225.0,20,0,9223,6239,2026-05-13
凱基豐中,223.0,0,2100,9223,6239,2026-05-13
凱基城中,223.0,1000,1000,9227,6239,2026-05-13
凱基豐中,222.0,15,0,9223,6239,2026-05-13
凱基東勢,230.0,100,0,921Y,6239,2026-05-13
凱基新莊,232.0,1000,0,921S,6239,2026-05-13
凱基新莊,231.0,0,1000,921S,6239,2026-05-13
凱基新莊,223.5,640,2000,921S,6239,2026-05-13
凱基新莊,222.5,0,3000,921S,6239,2026-05-13
凱基新莊,221.0,2000,0,921S,6239,2026-05-13
凱基八德,229.5,0,1000,921M,6239,2026-05-13
凱基八德,224.0,0,1000,921M,6239,2026-05-13
凱基土城,231.0,0,1200,921J,6239,2026-05-13
凱基土城,228.5,0,1000,921J,6239,2026-05-13
凱基五股,230.0,0,2000,921G,6239,2026-05-13
凱基五股,229.0,0,1000,921G,6239,2026-05-13
凱基豐中,220.5,0,1000,9223,6239,2026-05-13
凱基城中,224.5,0,1000,9227,6239,2026-05-13
凱基城中,229.0,4000,1000,9227,6239,2026-05-13
凱基城中,232.0,0,4000,9227,6239,2026-05-13
凱基敦北,225.0,10000,0,9237,6239,2026-05-13
凱基敦北,223.0,0,2000,9237,6239,2026-05-13
凱基敦北,222.0,2000,0,9237,6239,2026-05-13
凱基永華,232.0,0,2000,9235,6239,2026-05-13
凱基永華,229.0,1000,20,9235,6239,2026-05-13
凱基永華,225.5,0,1000,9235,6239,2026-05-13
凱基竹北,232.0,1000,1000,9234,6239,2026-05-13
凱基竹北,231.0,2100,5000,9234,6239,2026-05-13
凱基竹北,230.0,0,4401,9234,6239,2026-05-13
凱基竹北,228.0,0,1,9234,6239,2026-05-13
凱基竹北,227.0,0,1000,9234,6239,2026-05-13
凱基竹北,225.0,0,2000,9234,6239,2026-05-13
凱基竹北,222.5,50,1000,9234,6239,2026-05-13
凱基竹北,221.0,2000,0,9234,6239,2026-05-13
凱基長庚,232.0,0,4000,9233,6239,2026-05-13
凱基長庚,231.0,0,1000,9233,6239,2026-05-13
凱基長庚,229.5,0,153,9233,6239,2026-05-13
凱基長庚,224.0,100,1000,9233,6239,2026-05-13
凱基長庚,222.5,5,2000,9233,6239,2026-05-13
凱基長庚,221.0,2000,0,9233,6239,2026-05-13
凱基員林,225.0,72,0,9231,6239,2026-05-13
凱基員林,223.0,3200,0,9231,6239,2026-05-13
凱基員林,222.0,1000,0,9231,6239,2026-05-13
凱基中山,231.5,0,2000,9229,6239,2026-05-13
凱基中山,229.5,20000,0,9229,6239,2026-05-13
凱基中山,228.5,0,1000,9229,6239,2026-05-13
凱基中山,222.5,2000,300,9229,6239,2026-05-13
凱基五股,223.0,2000,0,921G,6239,2026-05-13
群益古亭,230.5,0,40,918C,6239,2026-05-13
凱基三峽,232.0,1000,1000,921E,6239,2026-05-13
凱基三峽,221.5,1000,0,921E,6239,2026-05-13
凱基台南,223.0,1000,1000,9211,6239,2026-05-13
凱基台南,222.0,1000,0,9211,6239,2026-05-13
凱基台南,220.5,4000,0,9211,6239,2026-05-13
凱基台東,230.0,0,200,920Z,6239,2026-05-13
凱基台東,221.5,0,1000,920Z,6239,2026-05-13
凱基大里,230.0,0,2000,920W,6239,2026-05-13
凱基新店,230.0,0,25,920V,6239,2026-05-13
凱基湖口,230.0,600,1000,920N,6239,2026-05-13
凱基湖口,229.0,100,50,920N,6239,2026-05-13
凱基湖口,223.5,1000,1000,920N,6239,2026-05-13
凱基湖口,222.5,23,0,920N,6239,2026-05-13
凱基宜蘭,229.5,200,0,920M,6239,2026-05-13
凱基台南,228.0,0,2000,9211,6239,2026-05-13
凱基宜蘭,222.5,0,1000,920M,6239,2026-05-13
凱基彰化,232.0,0,1005,920G,6239,2026-05-13
凱基彰化,230.0,2000,0,920G,6239,2026-05-13
凱基彰化,229.0,13,0,920G,6239,2026-05-13
凱基彰化,222.5,69,0,920G,6239,2026-05-13
凱基彰化,221.0,1000,0,920G,6239,2026-05-13
凱基站前,231.5,1000,0,920F,6239,2026-05-13
凱基站前,230.5,1000,0,920F,6239,2026-05-13
凱基站前,229.5,0,5007,920F,6239,2026-05-13
凱基站前,224.0,50,0,920F,6239,2026-05-13
凱基站前,223.0,2050,4000,920F,6239,2026-05-13
凱基站前,222.0,50,0,920F,6239,2026-05-13
凱基市府,231.0,0,1000,920D,6239,2026-05-13
凱基基隆,230.0,17000,2000,920H,6239,2026-05-13
凱基台南,229.5,1000,1000,9211,6239,2026-05-13
凱基台南,230.5,1000,1000,9211,6239,2026-05-13
凱基東港,225.0,0,1000,9212,6239,2026-05-13
凱基民權,231.5,20,0,921C,6239,2026-05-13
凱基民權,229.5,0,500,921C,6239,2026-05-13
凱基民權,223.0,40,0,921C,6239,2026-05-13
凱基民權,221.0,50,0,921C,6239,2026-05-13
凱基大直,231.5,1000,0,9218,6239,2026-05-13
凱基大直,230.5,0,10,9218,6239,2026-05-13
凱基大直,229.5,2000,7000,9218,6239,2026-05-13
凱基大直,227.5,0,5000,9218,6239,2026-05-13
凱基大直,222.5,4050,0,9218,6239,2026-05-13
凱基松山,232.0,0,2000,9217,6239,2026-05-13
凱基松山,231.0,0,1000,9217,6239,2026-05-13
凱基松山,229.5,1000,0,9217,6239,2026-05-13
凱基松山,227.5,0,1000,9217,6239,2026-05-13
凱基松山,226.5,0,1000,9217,6239,2026-05-13
凱基松山,223.5,0,3000,9217,6239,2026-05-13
凱基松山,222.5,3000,5000,9217,6239,2026-05-13
凱基松山,221.5,4000,0,9217,6239,2026-05-13
凱基松山,220.5,3000,0,9217,6239,2026-05-13
凱基信義,231.5,0,1000,9216,6239,2026-05-13
凱基信義,229.5,1000,0,9216,6239,2026-05-13
凱基信義,228.5,100000,0,9216,6239,2026-05-13
凱基高美,232.0,62,0,9215,6239,2026-05-13
凱基高美,230.0,1000,200,9215,6239,2026-05-13
凱基高美,228.0,1000,0,9215,6239,2026-05-13
凱基高美,222.0,100,0,9215,6239,2026-05-13
凱基東港,230.5,0,1000,9212,6239,2026-05-13
凱基東港,229.5,1000,0,9212,6239,2026-05-13
凱基三峽,230.0,0,1000,921E,6239,2026-05-13
口袋,221.0,14,3000,6620,6239,2026-05-13
群益古亭,227.5,1000,0,918C,6239,2026-05-13
群益鳳山,230.0,0,1000,918c,6239,2026-05-13
國泰敦南,226.0,0,25,8888,6239,2026-05-13
國泰敦南,224.5,60,1010,8888,6239,2026-05-13
國泰敦南,223.5,4824,6629,8888,6239,2026-05-13
國泰敦南,222.5,21438,39022,8888,6239,2026-05-13
國泰敦南,221.5,7365,5160,8888,6239,2026-05-13
國泰敦南,220.5,9258,2115,8888,6239,2026-05-13
國泰忠孝,232.0,0,2000,8887,6239,2026-05-13
國泰忠孝,230.5,50,0,8887,6239,2026-05-13
國泰忠孝,229.5,2000,1000,8887,6239,2026-05-13
國泰忠孝,227.5,0,1000,8887,6239,2026-05-13
國泰忠孝,224.0,0,1000,8887,6239,2026-05-13
國泰忠孝,223.0,1150,1330,8887,6239,2026-05-13
國泰敦南,227.0,3220,50,8888,6239,2026-05-13
國泰忠孝,222.0,4250,2,8887,6239,2026-05-13
國泰新莊,231.5,0,1000,8886,6239,2026-05-13
國泰新莊,230.5,1000,1300,8886,6239,2026-05-13
國泰新莊,229.5,2050,4000,8886,6239,2026-05-13
國泰新莊,228.5,1000,1000,8886,6239,2026-05-13
國泰新莊,225.0,0,600,8886,6239,2026-05-13
國泰新莊,222.5,1050,4500,8886,6239,2026-05-13
國泰新莊,221.0,2005,0,8886,6239,2026-05-13
國泰新莊,220.0,100,0,8886,6239,2026-05-13
國泰桃園,231.5,1210,1000,8885,6239,2026-05-13
國泰桃園,230.5,1000,1200,8885,6239,2026-05-13
國泰桃園,229.5,1200,2300,8885,6239,2026-05-13
國泰桃園,228.5,5000,0,8885,6239,2026-05-13
國泰忠孝,220.5,300,0,8887,6239,2026-05-13
國泰桃園,227.5,1005,0,8885,6239,2026-05-13
國泰敦南,228.0,4100,5375,8888,6239,2026-05-13
國泰敦南,230.0,4223,16250,8888,6239,2026-05-13
法銀巴黎,229.0,3000,0,8900,6239,2026-05-13
國泰新竹,230.5,4,0,888N,6239,2026-05-13
國泰新竹,223.0,50,0,888N,6239,2026-05-13
國泰板橋,232.0,3100,3250,888K,6239,2026-05-13
國泰板橋,231.0,10130,6500,888K,6239,2026-05-13
國泰板橋,230.0,1110,23200,888K,6239,2026-05-13
國泰板橋,229.0,4050,6240,888K,6239,2026-05-13
國泰板橋,228.0,0,250,888K,6239,2026-05-13
國泰板橋,227.0,0,1000,888K,6239,2026-05-13
國泰板橋,225.5,1000,3000,888K,6239,2026-05-13
國泰板橋,224.5,1000,1000,888K,6239,2026-05-13
國泰板橋,223.5,1118,3042,888K,6239,2026-05-13
國泰敦南,229.0,11883,14700,8888,6239,2026-05-13
國泰板橋,222.5,2985,3000,888K,6239,2026-05-13
國泰板橋,220.5,2010,30,888K,6239,2026-05-13
國泰館前,232.0,1000,2100,888A,6239,2026-05-13
國泰館前,231.0,2000,12000,888A,6239,2026-05-13
國泰館前,230.0,4000,5000,888A,6239,2026-05-13
國泰館前,229.0,0,2400,888A,6239,2026-05-13
國泰館前,227.0,0,100,888A,6239,2026-05-13
國泰館前,224.0,0,1000,888A,6239,2026-05-13
國泰館前,223.0,9,2010,888A,6239,2026-05-13
國泰館前,222.0,10121,0,888A,6239,2026-05-13
國泰館前,221.0,14000,250,888A,6239,2026-05-13
國泰敦南,232.0,5023,21007,8888,6239,2026-05-13
國泰敦南,231.0,5486,9018,8888,6239,2026-05-13
國泰板橋,221.5,1107,2000,888K,6239,2026-05-13
國泰桃園,224.5,1100,0,8885,6239,2026-05-13
國泰桃園,223.5,514,1000,8885,6239,2026-05-13
國泰桃園,222.5,100,7005,8885,6239,2026-05-13
國泰高雄,229.5,1000,5110,8881,6239,2026-05-13
國泰高雄,228.5,0,2000,8881,6239,2026-05-13
國泰高雄,226.5,0,1000,8881,6239,2026-05-13
國泰高雄,223.0,1021,4200,8881,6239,2026-05-13
國泰高雄,222.0,1000,0,8881,6239,2026-05-13
國泰高雄,221.0,120,0,8881,6239,2026-05-13
國泰綜合,231.5,5,0,8880,6239,2026-05-13
國泰綜合,230.5,5,184,8880,6239,2026-05-13
國泰綜合,229.5,6,0,8880,6239,2026-05-13
國泰綜合,228.5,6,1,8880,6239,2026-05-13
國泰綜合,227.0,1000,0,8880,6239,2026-05-13
國泰綜合,225.0,1000,0,8880,6239,2026-05-13
國泰高雄,230.5,2100,0,8881,6239,2026-05-13
國泰綜合,224.0,2040,0,8880,6239,2026-05-13
國泰綜合,222.0,8055,11000,8880,6239,2026-05-13
國泰綜合,221.0,10000,4000,8880,6239,2026-05-13
國泰綜合,220.0,6,0,8880,6239,2026-05-13
玉山數位,231.0,0,3204,884M,6239,2026-05-13
玉山數位,229.5,0,50,884M,6239,2026-05-13
玉山數位,227.0,10,0,884M,6239,2026-05-13
玉山數位,225.0,40,0,884M,6239,2026-05-13
玉山數位,223.5,1000,0,884M,6239,2026-05-13
玉山數位,222.5,28,0,884M,6239,2026-05-13
玉山數位,221.5,30,0,884M,6239,2026-05-13
玉山大里,231.5,111,0,884J,6239,2026-05-13
玉山大里,230.5,202,100,884J,6239,2026-05-13
國泰綜合,223.0,7059,46000,8880,6239,2026-05-13
國泰高雄,231.5,2000,1300,8881,6239,2026-05-13
國泰台中,220.0,100,0,8882,6239,2026-05-13
國泰台中,221.0,2618,1000,8882,6239,2026-05-13
國泰桃園,221.0,1053,0,8885,6239,2026-05-13
國泰桃園,220.0,0,1000,8885,6239,2026-05-13
國泰台南,230.5,0,10000,8884,6239,2026-05-13
國泰台南,229.5,15,0,8884,6239,2026-05-13
國泰台南,228.5,1000,0,8884,6239,2026-05-13
國泰台南,227.5,0,1000,8884,6239,2026-05-13
國泰台南,226.0,0,1000,8884,6239,2026-05-13
國泰台南,223.5,1000,1000,8884,6239,2026-05-13
國泰台南,222.0,1040,0,8884,6239,2026-05-13
國泰台南,220.5,1,0,8884,6239,2026-05-13
國泰松江,231.5,5000,1050,8883,6239,2026-05-13
國泰松江,230.5,0,1000,8883,6239,2026-05-13
國泰松江,229.5,20,4000,8883,6239,2026-05-13
國泰松江,228.0,0,1000,8883,6239,2026-05-13
國泰松江,226.5,0,200,8883,6239,2026-05-13
國泰松江,223.5,0,100,8883,6239,2026-05-13
國泰松江,222.5,1134,5,8883,6239,2026-05-13
國泰松江,221.0,2000,0,8883,6239,2026-05-13
國泰台中,232.0,55,1050,8882,6239,2026-05-13
國泰台中,231.0,155,2600,8882,6239,2026-05-13
國泰台中,230.0,21,5900,8882,6239,2026-05-13
國泰台中,229.0,2066,3400,8882,6239,2026-05-13
國泰台中,228.0,0,253,8882,6239,2026-05-13
國泰台中,225.0,150,0,8882,6239,2026-05-13
國泰台中,224.0,50,2000,8882,6239,2026-05-13
國泰台中,223.0,635,0,8882,6239,2026-05-13
國泰台中,222.0,3210,57,8882,6239,2026-05-13
上海匯豐,222.0,0,2000,8960,6239,2026-05-13
上海匯豐,223.0,0,2000,8960,6239,2026-05-13
上海匯豐,227.0,0,1000,8960,6239,2026-05-13
上海匯豐,230.5,0,1000,8960,6239,2026-05-13
群益台南,220.0,0,1000,9185,6239,2026-05-13
群益台中,231.5,0,2000,9184,6239,2026-05-13
群益台中,230.5,1000,0,9184,6239,2026-05-13
群益台中,229.0,0,2900,9184,6239,2026-05-13
群益台中,223.0,0,200,9184,6239,2026-05-13
群益台中,222.0,1000,0,9184,6239,2026-05-13
群益台中,220.5,10,0,9184,6239,2026-05-13
群益高雄,231.5,10,0,9183,6239,2026-05-13
群益高雄,230.5,10,0,9183,6239,2026-05-13
群益高雄,222.0,2000,0,9183,6239,2026-05-13
群益館前,229.5,50,0,913Y,6239,2026-05-13
群益館前,224.5,100,0,913Y,6239,2026-05-13
群益台南,229.5,3000,0,9185,6239,2026-05-13
群益館前,222.5,100,0,913Y,6239,2026-05-13
群益崇德,230.5,1000,4302,913U,6239,2026-05-13
群益崇德,229.5,2000,0,913U,6239,2026-05-13
群益崇德,228.0,1000,0,913U,6239,2026-05-13
群益崇德,223.0,3,0,913U,6239,2026-05-13
群益北高,230.0,0,1,913R,6239,2026-05-13
群益北高,223.5,5,0,913R,6239,2026-05-13
群益北高,222.5,5,0,913R,6239,2026-05-13
群益土城,232.0,1300,0,913N,6239,2026-05-13
群益土城,230.0,2000,0,913N,6239,2026-05-13
群益土城,229.0,0,1000,913N,6239,2026-05-13
群益土城,223.0,10,2000,913N,6239,2026-05-13
群益土城,222.0,1,0,913N,6239,2026-05-13
群益崇德,231.5,220,4000,913U,6239,2026-05-13
群益新竹,222.0,201,1000,9186,6239,2026-05-13
群益新竹,223.5,1000,0,9186,6239,2026-05-13
群益新竹,230.0,4100,10,9186,6239,2026-05-13
群益板橋,230.0,1000,0,918B,6239,2026-05-13
群益板橋,223.0,0,1000,918B,6239,2026-05-13
群益板橋,222.0,1010,0,918B,6239,2026-05-13
群益中壢,230.5,0,5000,918A,6239,2026-05-13
群益中壢,229.5,60,0,918A,6239,2026-05-13
群益中壢,228.0,0,250,918A,6239,2026-05-13
群益中壢,223.0,2100,0,918A,6239,2026-05-13
群益中壢,222.0,4000,0,918A,6239,2026-05-13
群益中壢,221.0,10,1000,918A,6239,2026-05-13
群益中壢,220.0,0,1000,918A,6239,2026-05-13
群益桃園,231.5,1000,0,9189,6239,2026-05-13
群益桃園,230.0,0,1000,9189,6239,2026-05-13
群益桃園,223.0,10,0,9189,6239,2026-05-13
群益三民,231.0,50,0,9188,6239,2026-05-13
群益三民,229.5,0,1000,9188,6239,2026-05-13
群益三民,224.0,1000,0,9188,6239,2026-05-13
群益三民,222.5,4000,0,9188,6239,2026-05-13
群益三民,221.5,30,0,9188,6239,2026-05-13
群益彰化,232.0,0,1000,9187,6239,2026-05-13
群益彰化,231.0,1000,0,9187,6239,2026-05-13
群益彰化,230.0,0,2000,9187,6239,2026-05-13
群益彰化,229.0,2050,0,9187,6239,2026-05-13
群益彰化,227.0,0,1000,9187,6239,2026-05-13
群益彰化,224.5,0,1000,9187,6239,2026-05-13
群益彰化,222.5,1032,5000,9187,6239,2026-05-13
群益彰化,220.5,1000,0,9187,6239,2026-05-13
群益新竹,231.5,0,1000,9186,6239,2026-05-13
群益土城,221.0,1000,0,913N,6239,2026-05-13
群益古亭,221.5,30,0,918C,6239,2026-05-13
群益屏東,230.0,0,5000,913H,6239,2026-05-13
群益屏東,220.0,37,0,913H,6239,2026-05-13
群益民權,222.0,1001,0,9131,6239,2026-05-13
群益民權,221.0,1001,0,9131,6239,2026-05-13
群益市府,225.5,2000,0,910D,6239,2026-05-13
群益市府,221.5,0,1100,910D,6239,2026-05-13
群益海山,232.0,0,2000,9108,6239,2026-05-13
群益海山,231.0,0,5000,9108,6239,2026-05-13
群益海山,230.0,2000,5000,9108,6239,2026-05-13
群益海山,229.0,1000,0,9108,6239,2026-05-13
群益海山,228.0,0,2000,9108,6239,2026-05-13
群益海山,222.5,0,1000,9108,6239,2026-05-13
群益海山,220.5,1000,2000,9108,6239,2026-05-13
群益高盛,222.5,1005,1000,9105,6239,2026-05-13
群益民權,223.0,3,2000,9131,6239,2026-05-13
群益松山,232.0,1000,0,9103,6239,2026-05-13
群益敦南,229.5,1000,0,9101,6239,2026-05-13
群益敦南,222.5,100,0,9101,6239,2026-05-13
群益,232.0,10000,0,9100,6239,2026-05-13
群益,231.0,1000,4000,9100,6239,2026-05-13
群益,230.0,0,22000,9100,6239,2026-05-13
群益,229.0,1000,23000,9100,6239,2026-05-13
群益,228.0,5000,2000,9100,6239,2026-05-13
群益,225.5,1000,0,9100,6239,2026-05-13
群益,224.0,1000,0,9100,6239,2026-05-13
群益,222.5,9101,1,9100,6239,2026-05-13
群益,221.5,2000,1000,9100,6239,2026-05-13
群益,220.5,2000,0,9100,6239,2026-05-13
群益松山,222.0,1000,0,9103,6239,2026-05-13
群益民權,230.0,100,0,9131,6239,2026-05-13
群益民權,232.0,0,80,9131,6239,2026-05-13
群益開元,230.0,0,700,9134,6239,2026-05-13
群益三重,230.0,1000,300,913g,6239,2026-05-13
群益三重,229.0,10,0,913g,6239,2026-05-13
群益三重,223.0,3000,0,913g,6239,2026-05-13
群益基隆,232.0,0,2000,913E,6239,2026-05-13
群益基隆,231.0,0,20,913E,6239,2026-05-13
群益基隆,229.0,1000,1000,913E,6239,2026-05-13
群益基隆,222.0,0,1000,913E,6239,2026-05-13
群益潭子,230.0,1000,1000,913D,6239,2026-05-13
群益潭子,224.0,1000,0,913D,6239,2026-05-13
群益潭子,222.5,1000,0,913D,6239,2026-05-13
群益中港,231.5,1000,0,9138,6239,2026-05-13
群益中港,230.0,0,110,9138,6239,2026-05-13
群益中港,223.0,1000,0,9138,6239,2026-05-13
群益士林,231.0,10,0,9137,6239,2026-05-13
群益士林,230.0,1000,0,9137,6239,2026-05-13
群益士林,221.5,2000,0,9137,6239,2026-05-13
群益西松,229.5,40,0,9136,6239,2026-05-13
群益西松,228.0,0,14,9136,6239,2026-05-13
群益西松,225.0,20,0,9136,6239,2026-05-13
群益西松,222.5,100,1000,9136,6239,2026-05-13
群益西松,221.0,3,0,9136,6239,2026-05-13
群益東大,230.5,0,2000,9135,6239,2026-05-13
群益東大,229.5,2000,0,9135,6239,2026-05-13
群益東大,227.5,0,9000,9135,6239,2026-05-13
群益東大,223.0,9000,0,9135,6239,2026-05-13
群益東大,221.0,1000,0,9135,6239,2026-05-13
群益開元,231.5,100,0,9134,6239,2026-05-13
群益屏東,223.0,1000,0,913H,6239,2026-05-13
福邦新竹,228.0,0,4000,6489,6239,2026-05-13
福邦新竹,220.5,2000,0,6489,6239,2026-05-13
福邦,225.0,0,1000,6480,6239,2026-05-13
台新宜蘭,229.0,0,400,9B2U,6239,2026-05-13
台新宜蘭,223.5,0,1000,9B2U,6239,2026-05-13
台新宜蘭,222.5,0,1010,9B2U,6239,2026-05-13
台新宜蘭,221.5,0,3000,9B2U,6239,2026-05-13
台新世貿,232.0,1000,0,9B2u,6239,2026-05-13
台新世貿,231.0,100,1000,9B2u,6239,2026-05-13
台新世貿,230.0,1000,1000,9B2u,6239,2026-05-13
台新世貿,223.0,0,5000,9B2u,6239,2026-05-13
台新基隆,230.0,1000,0,9B2S,6239,2026-05-13
台新基隆,224.5,100,0,9B2S,6239,2026-05-13
台新城東,232.0,1000,1001,9B2r,6239,2026-05-13
台新城東,231.0,100,0,9B2r,6239,2026-05-13
台新宜蘭,230.0,0,4000,9B2U,6239,2026-05-13
台新城東,229.0,1007,0,9B2r,6239,2026-05-13
台新城東,222.5,1001,1000,9B2r,6239,2026-05-13
台新城東,220.5,1000,0,9B2r,6239,2026-05-13
台新敦南,229.5,0,5000,9B2Q,6239,2026-05-13
台新屏新,232.0,40,0,9B2q,6239,2026-05-13
台新屏新,230.5,5000,0,9B2q,6239,2026-05-13
台新屏新,229.5,80,0,9B2q,6239,2026-05-13
台新屏新,224.5,0,1000,9B2q,6239,2026-05-13
台新屏新,223.5,1001,0,9B2q,6239,2026-05-13
台新屏新,222.5,113,1000,9B2q,6239,2026-05-13
台新屏新,221.5,3000,0,9B2q,6239,2026-05-13
台新同大,231.5,50,0,9B2P,6239,2026-05-13
台新同大,230.0,0,500,9B2P,6239,2026-05-13
台新城東,223.5,0,1,9B2r,6239,2026-05-13
台新同大,225.0,4,0,9B2P,6239,2026-05-13
台新宜蘭,231.0,0,2004,9B2U,6239,2026-05-13
台新桃園,222.5,4000,0,9B2v,6239,2026-05-13
台新文心,232.0,1000,200,9B2z,6239,2026-05-13
台新文心,231.0,900,0,9B2z,6239,2026-05-13
台新文心,230.0,0,1000,9B2z,6239,2026-05-13
台新文心,229.0,1000,88000,9B2z,6239,2026-05-13
台新文心,227.5,0,1000,9B2z,6239,2026-05-13
台新文心,223.0,1015,0,9B2z,6239,2026-05-13
台新文心,222.0,1000,0,9B2z,6239,2026-05-13
台新文心,221.0,5,0,9B2z,6239,2026-05-13
台新埔里,229.5,0,20,9B2Y,6239,2026-05-13
台新埔里,224.5,0,500,9B2Y,6239,2026-05-13
台新埔里,222.5,5,0,9B2Y,6239,2026-05-13
台新埔里,221.5,0,3000,9B2Y,6239,2026-05-13
台新宜蘭,232.0,0,1000,9B2U,6239,2026-05-13
台新花蓮,230.0,0,1000,9B2y,6239,2026-05-13
台新花蓮,223.0,0,1000,9B2y,6239,2026-05-13
台新草屯,230.0,0,50,9B2X,6239,2026-05-13
台新草屯,229.0,1000,5000,9B2X,6239,2026-05-13
台新草屯,223.0,1015,1000,9B2X,6239,2026-05-13
台新吉利,230.0,0,40050,9B2W,6239,2026-05-13
台新吉利,229.0,0,50,9B2W,6239,2026-05-13
台新佳里,231.5,100,0,9B2w,6239,2026-05-13
台新佳里,230.5,0,1000,9B2w,6239,2026-05-13
台新佳里,225.0,10000,0,9B2w,6239,2026-05-13
台新佳里,222.5,0,1000,9B2w,6239,2026-05-13
台新桃園,231.0,0,200,9B2v,6239,2026-05-13
台新桃園,229.0,0,2000,9B2v,6239,2026-05-13
台新花蓮,229.0,0,50,9B2y,6239,2026-05-13
台新同大,223.5,59,1000,9B2P,6239,2026-05-13
台新同大,222.5,100,6000,9B2P,6239,2026-05-13
台新新興,231.0,0,1000,9B2o,6239,2026-05-13
台新中港,222.0,16,0,9B2i,6239,2026-05-13
台新信義,230.5,2000,0,9B2H,6239,2026-05-13
台新信義,229.0,50,100,9B2H,6239,2026-05-13
台新信義,225.5,3000,0,9B2H,6239,2026-05-13
台新信義,223.5,0,1000,9B2H,6239,2026-05-13
台新信義,222.5,500,0,9B2H,6239,2026-05-13
台新信義,221.5,1000,0,9B2H,6239,2026-05-13
台新新竹,232.0,0,150,9B2G,6239,2026-05-13
台新新竹,229.0,0,2000,9B2G,6239,2026-05-13
台新新竹,223.0,100,0,9B2G,6239,2026-05-13
台新中原,232.0,1,0,9B2g,6239,2026-05-13
台新中原,230.0,0,5000,9B2g,6239,2026-05-13
台新中港,223.0,0,5,9B2i,6239,2026-05-13
台新中原,229.0,6018,5000,9B2g,6239,2026-05-13
台新中原,222.5,1000,1000,9B2g,6239,2026-05-13
台新中原,221.5,1000,0,9B2g,6239,2026-05-13
台新城中,229.0,0,2000,9B2E,6239,2026-05-13
台新城中,223.0,6,0,9B2E,6239,2026-05-13
台新大昌,232.0,0,1000,9B2D,6239,2026-05-13
台新大昌,230.0,0,400,9B2D,6239,2026-05-13
台新大昌,227.5,0,500,9B2D,6239,2026-05-13
台新大昌,223.0,0,10000,9B2D,6239,2026-05-13
台新潮州,232.0,0,2100,9B2C,6239,2026-05-13
台新潮州,230.0,0,1100,9B2C,6239,2026-05-13
台新潮州,229.0,1000,2000,9B2C,6239,2026-05-13
台新潮州,222.5,3000,0,9B2C,6239,2026-05-13
台新中原,223.5,0,1000,9B2g,6239,2026-05-13
台新中港,230.0,1000,200,9B2i,6239,2026-05-13
台新中港,231.0,0,200,9B2i,6239,2026-05-13
台新嘉義,222.5,260,0,9B2I,6239,2026-05-13
台新新興,227.5,0,1000,9B2o,6239,2026-05-13
台新新興,222.5,50,0,9B2o,6239,2026-05-13
台新虎尾,230.0,1000,23,9B2N,6239,2026-05-13
台新虎尾,222.5,5,0,9B2N,6239,2026-05-13
台新虎尾,220.5,100,0,9B2N,6239,2026-05-13
台新西松,231.5,0,2000,9B2n,6239,2026-05-13
台新西松,230.0,200,0,9B2n,6239,2026-05-13
台新西松,228.5,0,2000,9B2n,6239,2026-05-13
台新西松,222.0,2000,0,9B2n,6239,2026-05-13
台新彰化,231.5,100,0,9B2M,6239,2026-05-13
台新成功,231.5,2000,0,9B2m,6239,2026-05-13
台新成功,230.5,4000,1000,9B2m,6239,2026-05-13
台新成功,229.5,8000,1000,9B2m,6239,2026-05-13
台新成功,228.5,0,1000,9B2m,6239,2026-05-13
台新成功,226.5,0,1000,9B2m,6239,2026-05-13
台新成功,223.5,0,1000,9B2m,6239,2026-05-13
台新成功,222.5,1000,1000,9B2m,6239,2026-05-13
台新成功,221.5,1000,1000,9B2m,6239,2026-05-13
台新成功,220.5,1100,0,9B2m,6239,2026-05-13
台新北壢,230.5,1000,0,9B2L,6239,2026-05-13
台新北壢,228.5,1000,0,9B2L,6239,2026-05-13
台新北壢,222.0,2000,0,9B2L,6239,2026-05-13
台新大裕,232.0,0,1000,9B2l,6239,2026-05-13
台新大裕,229.0,0,5300,9B2l,6239,2026-05-13
台新大裕,227.0,0,1000,9B2l,6239,2026-05-13
台新大裕,222.0,0,1000,9B2l,6239,2026-05-13
台新嘉義,229.5,0,1000,9B2I,6239,2026-05-13
台新安南,221.0,50,0,9B2Z,6239,2026-05-13
台新安南,222.5,0,1000,9B2Z,6239,2026-05-13
台新安南,223.5,0,1000,9B2Z,6239,2026-05-13
台新安南,228.5,0,1000,9B2Z,6239,2026-05-13
臺銀新竹,231.5,1000,1200,1045,6239,2026-05-13
臺銀新竹,230.0,0,1000,1045,6239,2026-05-13
臺銀新竹,228.5,0,1000,1045,6239,2026-05-13
臺銀新竹,222.5,217,0,1045,6239,2026-05-13
臺銀新竹,221.5,0,1000,1045,6239,2026-05-13
臺銀民權,229.5,0,2078,1043,6239,2026-05-13
臺銀民權,228.0,1000,0,1043,6239,2026-05-13
臺銀民權,224.0,17,2000,1043,6239,2026-05-13
臺銀民權,223.0,0,5300,1043,6239,2026-05-13
臺銀民權,221.5,4000,0,1043,6239,2026-05-13
臺銀臺南,231.0,0,20,1042,6239,2026-05-13
臺銀臺南,229.0,350,0,1042,6239,2026-05-13
臺銀臺中,222.5,100,100,104A,6239,2026-05-13
臺銀臺南,223.0,100,2000,1042,6239,2026-05-13
臺銀,232.0,0,3000,1040,6239,2026-05-13
臺銀,231.0,50,2130,1040,6239,2026-05-13
臺銀,230.0,0,2000,1040,6239,2026-05-13
臺銀,228.0,1000,0,1040,6239,2026-05-13
臺銀,223.5,20,100,1040,6239,2026-05-13
臺銀,222.5,2050,11000,1040,6239,2026-05-13
臺銀,221.5,4000,0,1040,6239,2026-05-13
臺銀,220.5,2000,0,1040,6239,2026-05-13
土銀白河,231.0,0,1000,103C,6239,2026-05-13
土銀白河,229.0,0,80,103C,6239,2026-05-13
土銀白河,222.5,1000,0,103C,6239,2026-05-13
土銀建國,223.5,20,0,103A,6239,2026-05-13
臺銀臺南,221.0,1100,0,1042,6239,2026-05-13
臺銀臺中,223.5,1000,0,104A,6239,2026-05-13
臺銀臺中,226.5,0,1000,104A,6239,2026-05-13
臺銀臺中,228.5,1000,0,104A,6239,2026-05-13
企銀岡山,221.0,2000,0,1119,6239,2026-05-13
企銀竹北,230.5,0,1000,1117,6239,2026-05-13
企銀竹北,228.5,2000,0,1117,6239,2026-05-13
企銀竹北,222.5,0,1000,1117,6239,2026-05-13
企銀太平,221.0,1000,0,1115,6239,2026-05-13
企銀九如,231.0,0,1000,1113,6239,2026-05-13
企銀台南,228.0,100,0,1112,6239,2026-05-13
企銀台中,222.0,300,0,1111,6239,2026-05-13
企銀,232.0,200,0,1110,6239,2026-05-13
企銀,231.0,10,0,1110,6239,2026-05-13
企銀,228.5,0,1000,1110,6239,2026-05-13
企銀,221.0,1000,0,1110,6239,2026-05-13
臺銀金山,231.0,2,0,104D,6239,2026-05-13
臺銀金山,229.5,10,0,104D,6239,2026-05-13
臺銀金山,223.0,1050,0,104D,6239,2026-05-13
臺銀金山,222.0,1000,0,104D,6239,2026-05-13
臺銀金山,220.5,1,0,104D,6239,2026-05-13
臺銀高雄,231.5,100,0,104C,6239,2026-05-13
臺銀高雄,230.0,2000,1000,104C,6239,2026-05-13
臺銀高雄,229.0,0,200,104C,6239,2026-05-13
臺銀高雄,227.0,0,2000,104C,6239,2026-05-13
臺銀高雄,223.5,0,2500,104C,6239,2026-05-13
臺銀高雄,222.0,4050,0,104C,6239,2026-05-13
臺銀高雄,221.0,0,1000,104C,6239,2026-05-13
臺銀臺中,232.0,10,0,104A,6239,2026-05-13
臺銀臺中,231.0,0,5500,104A,6239,2026-05-13
臺銀臺中,229.5,1000,1050,104A,6239,2026-05-13
土銀士林,232.0,1000,0,1039,6239,2026-05-13
台新烏日,229.5,1000,0,9B2c,6239,2026-05-13
土銀士林,229.0,0,80,1039,6239,2026-05-13
土銀花蓮,231.0,0,1000,1037,6239,2026-05-13
合庫新竹,222.0,0,2000,102A,6239,2026-05-13
合庫鳳山,230.5,0,1000,1029,6239,2026-05-13
合庫鳳山,222.0,0,1000,1029,6239,2026-05-13
合庫彰化,227.0,0,3000,1028,6239,2026-05-13
合庫彰化,222.5,0,1000,1028,6239,2026-05-13
合庫基隆,230.5,0,1000,1025,6239,2026-05-13
合庫基隆,223.0,0,3000,1025,6239,2026-05-13
合庫基隆,221.0,1000,0,1025,6239,2026-05-13
合庫嘉義,222.5,30,0,1024,6239,2026-05-13
合庫高雄,231.5,0,100,1023,6239,2026-05-13
合庫高雄,229.5,2000,0,1023,6239,2026-05-13
合庫高雄,224.5,0,1000,1023,6239,2026-05-13
合庫新竹,223.5,2000,0,102A,6239,2026-05-13
合庫高雄,222.5,0,1000,1023,6239,2026-05-13
合庫台南,231.5,0,1030,1022,6239,2026-05-13
合庫台南,230.5,55,0,1022,6239,2026-05-13
合庫台中,231.5,1000,0,1021,6239,2026-05-13
合庫台中,229.5,1000,0,1021,6239,2026-05-13
合庫台中,224.0,0,99,1021,6239,2026-05-13
合庫台中,222.5,0,30,1021,6239,2026-05-13
合庫,232.0,0,3000,1020,6239,2026-05-13
合庫,231.0,0,1000,1020,6239,2026-05-13
合庫,230.0,100,0,1020,6239,2026-05-13
合庫,229.0,0,100,1020,6239,2026-05-13
合庫,223.5,32,1000,1020,6239,2026-05-13
台新安南,232.0,0,2000,9B2Z,6239,2026-05-13
合庫高雄,220.5,3000,0,1023,6239,2026-05-13
合庫新竹,229.0,0,3250,102A,6239,2026-05-13
合庫新竹,230.5,2000,0,102A,6239,2026-05-13
合庫自強,221.5,1000,0,102C,6239,2026-05-13
土銀花蓮,220.5,0,1000,1037,6239,2026-05-13
土銀玉里,222.5,0,1000,1036,6239,2026-05-13
土銀新竹,232.0,0,100,1035,6239,2026-05-13
土銀嘉義,230.0,4,100,1034,6239,2026-05-13
土銀嘉義,223.0,0,1000,1034,6239,2026-05-13
土銀台南,230.0,0,1000,1032,6239,2026-05-13
土銀台中,232.0,0,2000,1031,6239,2026-05-13
土銀台中,229.0,0,2000,1031,6239,2026-05-13
土銀,232.0,5000,1100,1030,6239,2026-05-13
土銀,231.0,0,1000,1030,6239,2026-05-13
土銀,223.0,0,1000,1030,6239,2026-05-13
合庫三重,232.0,0,1180,102G,6239,2026-05-13
合庫三重,230.5,1000,0,102G,6239,2026-05-13
合庫三重,229.5,0,380,102G,6239,2026-05-13
合庫三重,225.0,0,1000,102G,6239,2026-05-13
合庫西台,232.0,0,1000,102F,6239,2026-05-13
合庫西台,228.5,1000,0,102F,6239,2026-05-13
合庫西台,222.0,1000,1000,102F,6239,2026-05-13
合庫西台,220.5,1000,0,102F,6239,2026-05-13
合庫桃園,231.0,1000,0,102E,6239,2026-05-13
合庫桃園,229.5,1200,0,102E,6239,2026-05-13
合庫桃園,223.0,100,0,102E,6239,2026-05-13
合庫桃園,222.0,5000,0,102E,6239,2026-05-13
合庫桃園,221.0,1000,0,102E,6239,2026-05-13
合庫自強,229.5,0,1000,102C,6239,2026-05-13
合庫自強,227.0,0,1000,102C,6239,2026-05-13
合庫自強,226.0,0,1000,102C,6239,2026-05-13
土銀士林,221.0,1000,0,1039,6239,2026-05-13
企銀民雄,220.5,1000,0,111A,6239,2026-05-13
台新烏日,222.0,0,1000,9B2c,6239,2026-05-13
台新永和,223.0,50,1000,9B2B,6239,2026-05-13
永豐中正,222.5,1065,150,9A9U,6239,2026-05-13
永豐中正,220.5,4000,0,9A9U,6239,2026-05-13
永豐南京,231.0,0,3000,9A9S,6239,2026-05-13
永豐南京,230.0,2000,0,9A9S,6239,2026-05-13
永豐南京,223.0,0,1000,9A9S,6239,2026-05-13
永豐南京,220.5,1000,0,9A9S,6239,2026-05-13
永豐彰化,231.0,0,60,9A9s,6239,2026-05-13
永豐彰化,229.5,0,1000,9A9s,6239,2026-05-13
永豐彰化,223.0,100,134,9A9s,6239,2026-05-13
永豐信義,231.0,0,2000,9A9R,6239,2026-05-13
永豐信義,227.0,0,3000,9A9R,6239,2026-05-13
永豐信義,222.5,3000,0,9A9R,6239,2026-05-13
永豐中正,227.5,100,1030,9A9U,6239,2026-05-13
永豐北高,230.5,0,1000,9A9r,6239,2026-05-13
永豐北高,223.5,2000,1000,9A9r,6239,2026-05-13
永豐北高,222.5,2000,1000,9A9r,6239,2026-05-13
永豐北高,220.5,2000,0,9A9r,6239,2026-05-13
永豐豐原,231.5,1000,0,9A9Q,6239,2026-05-13
永豐豐原,230.5,0,1000,9A9Q,6239,2026-05-13
永豐豐原,229.0,2000,0,9A9Q,6239,2026-05-13
永豐豐原,222.5,1004,0,9A9Q,6239,2026-05-13
永豐潮州,232.0,0,100,9A9q,6239,2026-05-13
永豐潮州,231.0,0,50,9A9q,6239,2026-05-13
永豐潮州,229.0,1000,0,9A9q,6239,2026-05-13
永豐潮州,223.5,0,100,9A9q,6239,2026-05-13
永豐潮州,222.5,1,0,9A9q,6239,2026-05-13
永豐北高,226.5,0,1000,9A9r,6239,2026-05-13
永豐潮州,221.5,1000,0,9A9q,6239,2026-05-13
永豐中正,229.5,81,0,9A9U,6239,2026-05-13
永豐中正,232.0,500,0,9A9U,6239,2026-05-13
永豐板盛,229.5,0,1000,9A9Y,6239,2026-05-13
永豐板盛,223.0,0,200,9A9Y,6239,2026-05-13
永豐板盛,221.5,1000,2000,9A9Y,6239,2026-05-13
永豐板盛,220.5,0,2000,9A9Y,6239,2026-05-13
永豐竹科,231.0,0,1109,9A9X,6239,2026-05-13
永豐竹科,230.0,1000,245,9A9X,6239,2026-05-13
永豐竹科,228.5,200,3000,9A9X,6239,2026-05-13
永豐竹科,224.5,1000,0,9A9X,6239,2026-05-13
永豐竹科,223.0,3200,1000,9A9X,6239,2026-05-13
永豐竹科,222.0,2000,1000,9A9X,6239,2026-05-13
永豐竹科,221.0,0,1000,9A9X,6239,2026-05-13
永豐桃園,231.0,0,2000,9A9x,6239,2026-05-13
永豐中正,230.5,0,2000,9A9U,6239,2026-05-13
永豐桃園,229.5,1000,1000,9A9x,6239,2026-05-13
永豐桃園,222.0,1010,0,9A9x,6239,2026-05-13
永豐桃園,221.0,1000,0,9A9x,6239,2026-05-13
永豐桃園,220.0,50,0,9A9x,6239,2026-05-13
永豐市政,231.5,500,0,9A9W,6239,2026-05-13
永豐市政,230.5,300,12000,9A9W,6239,2026-05-13
永豐市政,229.5,1000,29000,9A9W,6239,2026-05-13
永豐市政,228.5,1000,2000,9A9W,6239,2026-05-13
永豐市政,227.5,3000,1000,9A9W,6239,2026-05-13
永豐市政,225.0,3,0,9A9W,6239,2026-05-13
永豐市政,223.5,510,1000,9A9W,6239,2026-05-13
永豐市政,222.5,1123,0,9A9W,6239,2026-05-13
永豐市政,221.5,1120,0,9A9W,6239,2026-05-13
永豐桃園,223.0,110,3000,9A9x,6239,2026-05-13
永豐竹北,232.0,0,1100,9A9P,6239,2026-05-13
永豐竹北,231.0,0,1000,9A9P,6239,2026-05-13
永豐竹北,230.0,1000,1605,9A9P,6239,2026-05-13
永豐板新,230.5,1000,0,9A9J,6239,2026-05-13
永豐板新,229.5,0,1200,9A9J,6239,2026-05-13
永豐板新,227.5,100,8,9A9J,6239,2026-05-13
永豐板新,223.5,200,0,9A9J,6239,2026-05-13
永豐板新,222.5,1000,50,9A9J,6239,2026-05-13
永豐嘉義,231.0,0,245,9A9j,6239,2026-05-13
永豐嘉義,229.0,0,3300,9A9j,6239,2026-05-13
永豐嘉義,224.0,100,0,9A9j,6239,2026-05-13
永豐嘉義,223.0,0,900,9A9j,6239,2026-05-13
永豐嘉義,222.0,0,1000,9A9j,6239,2026-05-13
永豐嘉義,221.0,330,0,9A9j,6239,2026-05-13
永豐新店,231.0,10,0,9A9i,6239,2026-05-13
永豐板新,231.5,2000,0,9A9J,6239,2026-05-13
永豐新店,229.0,0,10,9A9i,6239,2026-05-13
永豐新莊,231.5,1000,0,9A9H,6239,2026-05-13
永豐新莊,230.0,8,100,9A9H,6239,2026-05-13
永豐新莊,228.5,0,5,9A9H,6239,2026-05-13
永豐新莊,224.0,10,0,9A9H,6239,2026-05-13
永豐新莊,222.0,2000,0,9A9H,6239,2026-05-13
永豐台南,231.5,3200,1700,9A9h,6239,2026-05-13
永豐台南,230.5,5,0,9A9h,6239,2026-05-13
永豐台南,229.0,50,0,9A9h,6239,2026-05-13
永豐台南,228.0,20,0,9A9h,6239,2026-05-13
永豐台南,224.0,0,20,9A9h,6239,2026-05-13
永豐台南,223.0,1000,0,9A9h,6239,2026-05-13
永豐台南,222.0,1100,0,9A9h,6239,2026-05-13
永豐新店,221.5,1000,0,9A9i,6239,2026-05-13
永豐三重,222.5,1000,0,9A9K,6239,2026-05-13
永豐三重,228.5,4000,0,9A9K,6239,2026-05-13
永豐三重,230.0,50,120,9A9K,6239,2026-05-13
永豐竹北,229.0,0,7220,9A9P,6239,2026-05-13
永豐竹北,227.0,4000,0,9A9P,6239,2026-05-13
永豐竹北,223.5,100,0,9A9P,6239,2026-05-13
永豐竹北,222.5,1000,0,9A9P,6239,2026-05-13
永豐竹北,221.0,2,0,9A9P,6239,2026-05-13
永豐桃盛,232.0,5,0,9A9N,6239,2026-05-13
永豐桃盛,230.5,50,0,9A9N,6239,2026-05-13
永豐桃盛,229.5,20,0,9A9N,6239,2026-05-13
永豐桃盛,228.0,1000,0,9A9N,6239,2026-05-13
永豐桃盛,223.5,1000,8000,9A9N,6239,2026-05-13
永豐桃盛,222.5,1000,0,9A9N,6239,2026-05-13
永豐南投,232.0,0,1000,9A9M,6239,2026-05-13
永豐南投,231.0,0,10000,9A9M,6239,2026-05-13
永豐南投,230.0,0,1000,9A9M,6239,2026-05-13
永豐南投,225.0,0,1000,9A9M,6239,2026-05-13
永豐南投,223.0,3050,0,9A9M,6239,2026-05-13
永豐南投,222.0,2000,0,9A9M,6239,2026-05-13
永豐台中,232.0,300,1000,9A9L,6239,2026-05-13
永豐台中,231.0,1000,0,9A9L,6239,2026-05-13
永豐台中,230.0,1000,1000,9A9L,6239,2026-05-13
永豐台中,229.0,1000,0,9A9L,6239,2026-05-13
永豐台中,228.0,11,0,9A9L,6239,2026-05-13
永豐台中,223.5,1,2050,9A9L,6239,2026-05-13
永豐台中,222.5,1021,150,9A9L,6239,2026-05-13
永豐台中,221.0,2000,1000,9A9L,6239,2026-05-13
永豐三重,232.0,0,1000,9A9K,6239,2026-05-13
永豐三重,231.0,1000,1000,9A9K,6239,2026-05-13
永豐板盛,232.0,50,0,9A9Y,6239,2026-05-13
永豐復興,224.5,30,0,9A9Z,6239,2026-05-13
永豐復興,229.0,0,2000,9A9Z,6239,2026-05-13
永豐復興,230.0,1000,0,9A9Z,6239,2026-05-13
台新五權,223.5,0,1000,9B25,6239,2026-05-13
台新三重,230.5,2000,1000,9B23,6239,2026-05-13
台新三重,229.5,0,2000,9B23,6239,2026-05-13
台新三重,225.5,0,3000,9B23,6239,2026-05-13
台新三重,223.5,1000,200,9B23,6239,2026-05-13
台新新店,232.0,10,0,9B22,6239,2026-05-13
台新新店,230.0,2000,0,9B22,6239,2026-05-13
台新新店,226.0,0,1000,9B22,6239,2026-05-13
台新新店,222.5,1000,1000,9B22,6239,2026-05-13
台新九如,228.5,0,1000,9B21,6239,2026-05-13
台新九如,220.5,100,0,9B21,6239,2026-05-13
台新台北,231.5,0,2000,9B20,6239,2026-05-13
台新五權,229.5,1000,0,9B25,6239,2026-05-13
台新台北,230.0,100,0,9B20,6239,2026-05-13
台新台北,228.0,5000,0,9B20,6239,2026-05-13
台新台北,223.5,1000,1000,9B20,6239,2026-05-13
台新台北,222.5,0,4500,9B20,6239,2026-05-13
台新台北,220.5,1000,0,9B20,6239,2026-05-13
台新中壢,231.5,0,1000,9B1y,6239,2026-05-13
台新中壢,230.5,0,1000,9B1y,6239,2026-05-13
台新中壢,229.0,250,0,9B1y,6239,2026-05-13
台新中壢,224.5,200,0,9B1y,6239,2026-05-13
台新屏東,229.5,100,0,9B1n,6239,2026-05-13
台新屏東,224.0,100,100,9B1n,6239,2026-05-13
台新台中,232.0,0,2330,9B1h,6239,2026-05-13
台新台中,230.5,2000,2000,9B1h,6239,2026-05-13
台新台北,229.0,4200,0,9B20,6239,2026-05-13
台新林園,221.5,0,1000,9B27,6239,2026-05-13
台新林園,222.5,0,50,9B27,6239,2026-05-13
台新林園,229.5,0,3000,9B27,6239,2026-05-13
台新永和,222.0,0,1000,9B2B,6239,2026-05-13
台新板橋,232.0,0,5000,9B2b,6239,2026-05-13
台新板橋,229.0,5000,0,9B2b,6239,2026-05-13
台新板橋,223.0,90,0,9B2b,6239,2026-05-13
台新板橋,222.0,2000,0,9B2b,6239,2026-05-13
台新板橋,220.0,0,4000,9B2b,6239,2026-05-13
台新緯城,229.5,0,1000,9B2A,6239,2026-05-13
台新緯城,226.0,0,1000,9B2A,6239,2026-05-13
台新緯城,223.5,1000,0,9B2A,6239,2026-05-13
台新緯城,221.0,3100,0,9B2A,6239,2026-05-13
台新松德,232.0,3000,0,9B2a,6239,2026-05-13
台新松德,231.0,1000,0,9B2a,6239,2026-05-13
台新松德,229.0,7005,0,9B2a,6239,2026-05-13
台新松德,227.5,10,0,9B2a,6239,2026-05-13
台新松德,226.5,2905,0,9B2a,6239,2026-05-13
台新松德,225.0,2001,0,9B2a,6239,2026-05-13
台新松德,223.5,0,2000,9B2a,6239,2026-05-13
台新松德,222.5,1754,688,9B2a,6239,2026-05-13
台新松德,221.5,194,15000,9B2a,6239,2026-05-13
台新松德,220.5,1000,0,9B2a,6239,2026-05-13
台新府城,231.0,100,2000,9B29,6239,2026-05-13
台新府城,229.0,4,0,9B29,6239,2026-05-13
台新府城,223.0,0,100,9B29,6239,2026-05-13
台新府城,222.0,525,0,9B29,6239,2026-05-13
台新北新,232.0,0,1000,9B28,6239,2026-05-13
台新北新,228.5,0,1000,9B28,6239,2026-05-13
台新北新,223.5,15000,0,9B28,6239,2026-05-13
台新台中,229.5,200,2000,9B1h,6239,2026-05-13
台新永和,229.5,2000,0,9B2B,6239,2026-05-13
台新台中,228.0,220,1000,9B1h,6239,2026-05-13
台新台中,223.0,296,2000,9B1h,6239,2026-05-13
台新台南,220.5,1030,1000,9B16,6239,2026-05-13
台新松江,231.5,0,500,9B15,6239,2026-05-13
台新松江,223.0,30,0,9B15,6239,2026-05-13
台新松江,221.5,1000,0,9B15,6239,2026-05-13
台新三民,231.0,0,1000,9B13,6239,2026-05-13
台新三民,229.0,0,1000,9B13,6239,2026-05-13
台新三民,225.0,1000,0,9B13,6239,2026-05-13
台新三民,223.0,1000,2000,9B13,6239,2026-05-13
台新三民,221.0,1100,0,9B13,6239,2026-05-13
台新新營,231.5,1000,0,9B11,6239,2026-05-13
台新新營,229.5,0,50,9B11,6239,2026-05-13
台新新營,223.5,0,1000,9B11,6239,2026-05-13
台新台南,222.0,1000,0,9B16,6239,2026-05-13
台新新營,222.0,0,1000,9B11,6239,2026-05-13
台新證券,231.5,3100,6930,9B00,6239,2026-05-13
台新證券,230.5,24000,1000,9B00,6239,2026-05-13
台新證券,229.5,7000,9165,9B00,6239,2026-05-13
台新證券,228.5,1200,1000,9B00,6239,2026-05-13
台新證券,227.5,0,1060,9B00,6239,2026-05-13
台新證券,226.5,0,1000,9B00,6239,2026-05-13
台新證券,225.0,50,300,9B00,6239,2026-05-13
台新證券,224.0,1217,0,9B00,6239,2026-05-13
台新證券,223.0,2120,5100,9B00,6239,2026-05-13
台新證券,222.0,1210,1350,9B00,6239,2026-05-13
台新證券,221.0,3000,13000,9B00,6239,2026-05-13
台新證券,220.0,20,0,9B00,6239,2026-05-13
台新新營,221.0,1000,0,9B11,6239,2026-05-13
台新台南,223.0,0,500,9B16,6239,2026-05-13
台新台南,227.5,100,50,9B16,6239,2026-05-13
台新台南,229.0,1100,400,9B16,6239,2026-05-13
台新台中,222.0,2200,550,9B1h,6239,2026-05-13
台新台中,221.0,1100,1000,9B1h,6239,2026-05-13
台新高雄,232.0,2300,1000,9B1g,6239,2026-05-13
台新高雄,230.5,0,1105,9B1g,6239,2026-05-13
台新高雄,229.0,200,0,9B1g,6239,2026-05-13
台新高雄,223.5,0,1155,9B1g,6239,2026-05-13
台新高雄,222.5,3050,1055,9B1g,6239,2026-05-13
台新高雄,221.5,1000,0,9B1g,6239,2026-05-13
台新高雄,220.5,1000,0,9B1g,6239,2026-05-13
台新左楠,231.5,1500,0,9B1d,6239,2026-05-13
台新左楠,230.5,257,0,9B1d,6239,2026-05-13
台新左楠,229.5,0,2000,9B1d,6239,2026-05-13
台新左楠,227.0,100,0,9B1d,6239,2026-05-13
台新左楠,223.5,0,1000,9B1d,6239,2026-05-13
台新左楠,222.5,1008,1000,9B1d,6239,2026-05-13
台新左楠,221.5,3000,0,9B1d,6239,2026-05-13
台新新莊,230.5,1000,0,9B19,6239,2026-05-13
台新新莊,229.0,100,0,9B19,6239,2026-05-13
台新新莊,222.0,2000,0,9B19,6239,2026-05-13
台新建北,232.0,10,1000,9B18,6239,2026-05-13
台新建北,230.5,0,1000,9B18,6239,2026-05-13
台新建北,229.5,0,1000,9B18,6239,2026-05-13
台新建北,223.0,1510,0,9B18,6239,2026-05-13
台新建北,221.5,0,30,9B18,6239,2026-05-13
台新台南,232.0,0,3000,9B16,6239,2026-05-13
台新台南,231.0,1100,1000,9B16,6239,2026-05-13
台新台南,230.0,6000,0,9B16,6239,2026-05-13
台新台中,224.0,780,1000,9B1h,6239,2026-05-13
永豐天母,225.0,0,1000,9A9G,6239,2026-05-13
企銀民雄,222.0,2000,1030,111A,6239,2026-05-13
企銀民雄,230.0,0,5000,111A,6239,2026-05-13
統一板橋,223.0,0,10000,585P,6239,2026-05-13
統一士林,230.0,20,1000,585M,6239,2026-05-13
統一士林,222.5,2000,0,585M,6239,2026-05-13
統一竹南,232.0,0,6000,585m,6239,2026-05-13
統一竹南,230.5,100,0,585m,6239,2026-05-13
統一竹南,229.5,100,0,585m,6239,2026-05-13
統一竹南,226.0,0,5,585m,6239,2026-05-13
統一竹南,224.0,2000,0,585m,6239,2026-05-13
統一竹南,223.0,8000,5,585m,6239,2026-05-13
統一竹南,222.0,2000,0,585m,6239,2026-05-13
統一三重,230.5,0,1000,585J,6239,2026-05-13
統一三重,229.0,100,0,585J,6239,2026-05-13
統一板橋,231.5,5000,0,585P,6239,2026-05-13
統一三重,227.5,1000,0,585J,6239,2026-05-13
統一三重,223.0,1100,0,585J,6239,2026-05-13
統一員林,231.5,1000,0,585I,6239,2026-05-13
統一桃園,231.0,2000,0,585H,6239,2026-05-13
統一桃園,229.0,1200,0,585H,6239,2026-05-13
統一桃園,223.0,3000,0,585H,6239,2026-05-13
統一桃園,221.0,3000,0,585H,6239,2026-05-13
統一平鎮,231.0,0,1000,585g,6239,2026-05-13
統一平鎮,229.5,0,1,585g,6239,2026-05-13
統一彰化,231.0,0,1003,585F,6239,2026-05-13
統一彰化,222.0,1000,0,585F,6239,2026-05-13
統一新營,230.0,0,1,585E,6239,2026-05-13
統一新營,223.0,0,1000,585E,6239,2026-05-13
統一三重,224.0,0,1000,585J,6239,2026-05-13
統一新台中,230.5,1000,0,585D,6239,2026-05-13
統一三多,229.0,35000,1000,585Q,6239,2026-05-13
統一東湖,222.0,1000,1000,585R,6239,2026-05-13
台中銀,227.0,0,300,6110,6239,2026-05-13
台中銀,224.5,0,50,6110,6239,2026-05-13
台中銀,223.5,11000,1,6110,6239,2026-05-13
台中銀,222.5,4000,0,6110,6239,2026-05-13
?亞鑫豐,232.0,0,20000,601d,6239,2026-05-13
?亞鑫豐,229.5,1000,10000,601d,6239,2026-05-13
?亞鑫豐,228.5,1000,0,601d,6239,2026-05-13
?亞鑫豐,222.0,100,0,601d,6239,2026-05-13
?亞網路,231.0,50,0,6012,6239,2026-05-13
?亞網路,230.0,1,0,6012,6239,2026-05-13
?亞網路,222.5,1000,0,6012,6239,2026-05-13
日茂南投,228.5,1000,0,5962,6239,2026-05-13
統一三多,230.5,0,1000,585Q,6239,2026-05-13
日茂,221.0,1000,0,5960,6239,2026-05-13
統一松江,230.0,0,1100,585Z,6239,2026-05-13
統一松江,222.5,100,0,585Z,6239,2026-05-13
統一土城,230.5,30000,0,585Y,6239,2026-05-13
統一土城,223.5,1000,0,585Y,6239,2026-05-13
統一金門,229.0,0,2000,585W,6239,2026-05-13
統一南京,231.5,90000,160,585U,6239,2026-05-13
統一南京,229.0,100000,0,585U,6239,2026-05-13
統一南京,223.0,0,6000,585U,6239,2026-05-13
統一宜蘭,232.0,1000,0,585S,6239,2026-05-13
統一東湖,231.5,1000,0,585R,6239,2026-05-13
統一東湖,230.0,0,1020,585R,6239,2026-05-13
統一東湖,229.0,0,10,585R,6239,2026-05-13
盈溢,231.0,0,1000,5860,6239,2026-05-13
統一新台中,229.5,0,4000,585D,6239,2026-05-13
統一新台中,228.0,0,1000,585D,6239,2026-05-13
統一新台中,222.0,1000,0,585D,6239,2026-05-13
統一敦南,229.0,1020,0,5852,6239,2026-05-13
統一敦南,222.5,47,301,5852,6239,2026-05-13
統一敦南,221.5,1000,0,5852,6239,2026-05-13
統一高雄,229.5,0,2100,5851,6239,2026-05-13
統一高雄,224.0,1000,0,5851,6239,2026-05-13
統一,232.0,3000,7997,5850,6239,2026-05-13
統一,231.0,2000,0,5850,6239,2026-05-13
統一,230.0,2000,0,5850,6239,2026-05-13
統一,229.0,11000,0,5850,6239,2026-05-13
統一,227.5,30000,0,5850,6239,2026-05-13
統一,224.5,1000,0,5850,6239,2026-05-13
統一,223.5,4000,1000,5850,6239,2026-05-13
統一敦南,231.0,100,1000,5852,6239,2026-05-13
統一,222.5,1022,3000,5850,6239,2026-05-13
統一,220.5,193,11000,5850,6239,2026-05-13
日進,231.0,0,1000,5660,6239,2026-05-13
日進,228.5,0,6000,5660,6239,2026-05-13
日進,226.0,0,1000,5660,6239,2026-05-13
日進,222.0,3000,0,5660,6239,2026-05-13
日進,220.0,2000,0,5660,6239,2026-05-13
永興大墩,221.0,1000,0,5604,6239,2026-05-13
永興台中,230.0,1000,0,5603,6239,2026-05-13
永興台中,229.0,0,1000,5603,6239,2026-05-13
永興台中,222.0,200,0,5603,6239,2026-05-13
永興水湳,231.5,0,1000,5602,6239,2026-05-13
永興,228.0,0,150,5600,6239,2026-05-13
統一,221.5,3000,8000,5850,6239,2026-05-13
統一敦南,232.0,101,1000,5852,6239,2026-05-13
統一中壢,223.5,100,0,5853,6239,2026-05-13
統一城中,220.5,1000,0,5854,6239,2026-05-13
統一新台中,220.5,50000,0,585D,6239,2026-05-13
統一仁愛,230.0,0,1000,585c,6239,2026-05-13
統一永和,231.0,1000,0,585B,6239,2026-05-13
統一內湖,231.0,0,1000,585b,6239,2026-05-13
統一內湖,228.0,10000,0,585b,6239,2026-05-13
統一內湖,221.5,1000,0,585b,6239,2026-05-13
統一基隆,226.5,0,1000,585A,6239,2026-05-13
統一屏東,231.0,0,1000,5859,6239,2026-05-13
統一屏東,230.0,0,6000,5859,6239,2026-05-13
統一屏東,228.0,0,1000,5859,6239,2026-05-13
統一屏東,222.5,15,2000,5859,6239,2026-05-13
統一嘉義,230.0,0,2100,5858,6239,2026-05-13
統一嘉義,228.5,0,3000,5858,6239,2026-05-13
統一嘉義,222.5,14,0,5858,6239,2026-05-13
統一新竹,231.0,2000,0,5857,6239,2026-05-13
統一新竹,230.0,0,4000,5857,6239,2026-05-13
統一新竹,229.0,0,2000,5857,6239,2026-05-13
統一新竹,226.5,0,5,5857,6239,2026-05-13
統一新竹,223.0,2000,1000,5857,6239,2026-05-13
統一台中,232.0,30,10000,5856,6239,2026-05-13
統一台中,223.0,1000,0,5856,6239,2026-05-13
統一台中,222.0,0,250,5856,6239,2026-05-13
統一台南,229.0,1000,0,5855,6239,2026-05-13
統一城中,232.0,1000,0,5854,6239,2026-05-13
統一城中,230.5,0,1000,5854,6239,2026-05-13
統一城中,224.5,0,1000,5854,6239,2026-05-13
統一城中,222.5,2010,1000,5854,6239,2026-05-13
台中銀,229.0,0,1000,6110,6239,2026-05-13
台中銀,230.5,1000,0,6110,6239,2026-05-13
台中銀,232.0,0,1,6110,6239,2026-05-13
中銀員林,222.5,10,0,6114,6239,2026-05-13
永全南崁,220.5,100,0,6451,6239,2026-05-13
永全,231.0,0,1000,6450,6239,2026-05-13
永全,230.0,0,1000,6450,6239,2026-05-13
永全,224.0,3000,0,6450,6239,2026-05-13
永全,222.5,0,380,6450,6239,2026-05-13
光和高雄,229.0,0,1000,638D,6239,2026-05-13
光和嘉義,230.5,45,1000,638A,6239,2026-05-13
光和嘉義,222.0,1000,0,638A,6239,2026-05-13
光和花壇,231.0,2000,0,6385,6239,2026-05-13
光和花壇,229.0,2000,0,6385,6239,2026-05-13
光和花壇,223.0,2000,0,6385,6239,2026-05-13
光和和美,231.0,0,10,6383,6239,2026-05-13
永全南崁,223.0,2000,0,6451,6239,2026-05-13
光和和美,221.0,1000,0,6383,6239,2026-05-13
光和溪湖,226.5,1000,0,6381,6239,2026-05-13
光和,232.0,100,0,6380,6239,2026-05-13
光和,229.5,0,50,6380,6239,2026-05-13
光和,223.0,200,0,6380,6239,2026-05-13
新百王,231.5,0,1000,6210,6239,2026-05-13
新百王,230.5,1000,0,6210,6239,2026-05-13
新百王,229.5,0,4000,6210,6239,2026-05-13
新百王,228.5,1000,1000,6210,6239,2026-05-13
新百王,223.5,0,1000,6210,6239,2026-05-13
新百王,222.5,2010,40,6210,6239,2026-05-13
中信託高,232.0,0,1000,616K,6239,2026-05-13
中信託高,231.0,0,1000,616K,6239,2026-05-13
光和溪湖,229.5,0,1000,6381,6239,2026-05-13
永全南崁,230.0,0,20000,6451,6239,2026-05-13
永全八德,222.0,1000,0,6452,6239,2026-05-13
永全八德,226.5,0,1000,6452,6239,2026-05-13
大昌桃園,231.5,1000,0,6465,6239,2026-05-13
大昌新店,231.0,1000,2000,6464,6239,2026-05-13
大昌新店,230.0,2000,1000,6464,6239,2026-05-13
大昌新店,229.0,0,6000,6464,6239,2026-05-13
大昌新店,227.5,0,1000,6464,6239,2026-05-13
大昌新店,223.5,500,0,6464,6239,2026-05-13
大昌新店,221.5,6000,0,6464,6239,2026-05-13
大昌新店,220.5,1050,0,6464,6239,2026-05-13
大昌新竹,230.5,0,1000,6463,6239,2026-05-13
大昌新竹,222.0,0,1000,6463,6239,2026-05-13
大昌安康,232.0,1000,0,6462,6239,2026-05-13
大昌安康,229.5,0,1000,6462,6239,2026-05-13
大昌安康,228.5,0,50,6462,6239,2026-05-13
大昌安康,225.0,0,100,6462,6239,2026-05-13
大昌安康,220.5,1000,0,6462,6239,2026-05-13
大昌樹林,230.5,0,1000,6461,6239,2026-05-13
大昌樹林,229.5,200,1200,6461,6239,2026-05-13
大昌樹林,228.0,0,1000,6461,6239,2026-05-13
大昌樹林,224.0,1000,0,6461,6239,2026-05-13
大昌樹林,222.0,0,199,6461,6239,2026-05-13
大昌樹林,221.0,100,0,6461,6239,2026-05-13
大昌,231.0,500,2000,6460,6239,2026-05-13
大昌,230.0,0,1,6460,6239,2026-05-13
大昌,223.5,0,2,6460,6239,2026-05-13
大昌,222.0,0,2000,6460,6239,2026-05-13
永全八德,230.5,0,1000,6452,6239,2026-05-13
永全八德,229.5,0,2000,6452,6239,2026-05-13
中信託高,230.0,1000,5000,616K,6239,2026-05-13
永興,222.0,1000,0,5600,6239,2026-05-13
中信託高,229.0,2000,0,616K,6239,2026-05-13
中信託高,224.0,50,0,616K,6239,2026-05-13
中信託忠,231.0,2000,2000,6162,6239,2026-05-13
中信託忠,230.0,2000,1000,6162,6239,2026-05-13
中信託忠,229.0,0,180,6162,6239,2026-05-13
中信託忠,222.5,0,1000,6162,6239,2026-05-13
中信託忠,221.0,1000,0,6162,6239,2026-05-13
中信三重,231.5,500,100,6161,6239,2026-05-13
中信三重,230.5,200,0,6161,6239,2026-05-13
中信三重,229.0,0,50,6161,6239,2026-05-13
中信三重,224.5,300,0,6161,6239,2026-05-13
中信三重,220.5,1050,0,6161,6239,2026-05-13
中國信託,231.5,6000,6300,6160,6239,2026-05-13
中國信託,230.5,8000,1500,6160,6239,2026-05-13
中信託忠,232.0,500,2000,6162,6239,2026-05-13
中國信託,229.5,1100,7300,6160,6239,2026-05-13
中國信託,225.0,1000,361,6160,6239,2026-05-13
中國信託,223.0,30,300,6160,6239,2026-05-13
中國信託,222.0,2100,1100,6160,6239,2026-05-13
中國信託,221.0,1100,0,6160,6239,2026-05-13
中銀豐原,231.0,0,1000,611A,6239,2026-05-13
中銀豐原,230.0,100,2000,611A,6239,2026-05-13
中銀豐原,229.0,100,0,611A,6239,2026-05-13
中銀豐原,228.0,300,0,611A,6239,2026-05-13
中銀豐原,223.5,600,0,611A,6239,2026-05-13
中銀台北,222.5,50,0,6115,6239,2026-05-13
中銀員林,231.5,0,50,6114,6239,2026-05-13
中銀員林,228.5,0,1000,6114,6239,2026-05-13
中國信託,228.5,0,5000,6160,6239,2026-05-13
中信託永,222.5,100,0,6163,6239,2026-05-13
中信託永,223.5,10,0,6163,6239,2026-05-13
中信託永,227.5,50,0,6163,6239,2026-05-13
中信託高,223.0,0,1000,616K,6239,2026-05-13
中信託高,222.0,89,0,616K,6239,2026-05-13
中信託高,220.0,3000,0,616K,6239,2026-05-13
中信中壢,231.5,18,0,616A,6239,2026-05-13
中信中壢,230.5,1000,11000,616A,6239,2026-05-13
中信中壢,229.0,10000,0,616A,6239,2026-05-13
中信中壢,224.0,50,8,616A,6239,2026-05-13
中信中壢,222.5,1068,0,616A,6239,2026-05-13
中信中壢,220.0,100,0,616A,6239,2026-05-13
中信嘉義,227.5,0,1000,6168,6239,2026-05-13
中信嘉義,222.5,0,1000,6168,6239,2026-05-13
中信松江,231.0,0,434,6167,6239,2026-05-13
中信松江,223.0,1000,1000,6167,6239,2026-05-13
中信託新,232.0,300,100,6165,6239,2026-05-13
中信託新,229.0,1000,200,6165,6239,2026-05-13
中信託新,223.5,1000,6000,6165,6239,2026-05-13
中信託新,222.5,0,2300,6165,6239,2026-05-13
中信託新,221.0,0,5000,6165,6239,2026-05-13
中信託文,230.5,0,1130,6164,6239,2026-05-13
中信託文,229.5,3000,300,6164,6239,2026-05-13
中信託文,228.5,1000,0,6164,6239,2026-05-13
中信託文,223.0,0,1000,6164,6239,2026-05-13
中信託文,222.0,2200,1000,6164,6239,2026-05-13
中信託文,221.0,2000,0,6164,6239,2026-05-13
中信託永,231.5,0,1020,6163,6239,2026-05-13
中信託永,230.5,2000,1000,6163,6239,2026-05-13
中信託永,229.5,0,1000,6163,6239,2026-05-13
中信託高,226.5,0,1000,616K,6239,2026-05-13
企銀民雄,229.0,0,5000,111A,6239,2026-05-13
永興,220.5,2000,0,5600,6239,2026-05-13
第一中壢,223.5,0,2000,538Y,6239,2026-05-13
瑞銀,225.0,0,1000,1650,6239,2026-05-13
瑞銀,224.0,21000,1000,1650,6239,2026-05-13
瑞銀,223.0,122000,12000,1650,6239,2026-05-13
瑞銀,222.0,36000,82000,1650,6239,2026-05-13
瑞銀,221.0,23000,45000,1650,6239,2026-05-13
花旗環球,232.0,16000,0,1590,6239,2026-05-13
花旗環球,231.0,6000,0,1590,6239,2026-05-13
花旗環球,230.0,9000,0,1590,6239,2026-05-13
花旗環球,229.0,11000,0,1590,6239,2026-05-13
花旗環球,228.0,5000,0,1590,6239,2026-05-13
花旗環球,227.0,2000,0,1590,6239,2026-05-13
花旗環球,224.0,3000,0,1590,6239,2026-05-13
瑞銀,228.5,11000,5000,1650,6239,2026-05-13
花旗環球,223.0,33000,0,1590,6239,2026-05-13
花旗環球,221.0,7000,0,1590,6239,2026-05-13
美商高盛,232.0,4000,85000,1480,6239,2026-05-13
美商高盛,231.0,4000,44000,1480,6239,2026-05-13
美商高盛,230.0,100000,41000,1480,6239,2026-05-13
美商高盛,229.0,142000,77000,1480,6239,2026-05-13
美商高盛,228.0,0,17000,1480,6239,2026-05-13
美商高盛,227.0,0,2000,1480,6239,2026-05-13
美商高盛,226.0,0,11000,1480,6239,2026-05-13
美商高盛,225.0,0,7000,1480,6239,2026-05-13
美商高盛,224.0,6000,9000,1480,6239,2026-05-13
美商高盛,223.0,104000,84000,1480,6239,2026-05-13
美商高盛,222.0,14000,52000,1480,6239,2026-05-13
花旗環球,222.0,13000,0,1590,6239,2026-05-13
美商高盛,221.0,0,64700,1480,6239,2026-05-13
瑞銀,229.5,36000,2000,1650,6239,2026-05-13
瑞銀,231.5,0,2000,1650,6239,2026-05-13
美好中壢,230.5,1000,0,5266,6239,2026-05-13
美好苗栗,223.5,0,1000,5265,6239,2026-05-13
美好泰山,230.5,0,20,5263,6239,2026-05-13
美好泰山,223.5,2000,1000,5263,6239,2026-05-13
美好泰山,222.0,100,0,5263,6239,2026-05-13
美好泰山,220.5,1000,0,5263,6239,2026-05-13
美好楊梅,231.5,0,1000,5262,6239,2026-05-13
美好楊梅,228.0,0,1000,5262,6239,2026-05-13
美好楊梅,223.0,1000,4000,5262,6239,2026-05-13
美好楊梅,221.5,1000,0,5262,6239,2026-05-13
美好楊梅,220.0,0,3000,5262,6239,2026-05-13
美好蘆洲,230.0,0,2000,5261,6239,2026-05-13
瑞銀,230.5,26000,10000,1650,6239,2026-05-13
美好蘆洲,229.0,0,1000,5261,6239,2026-05-13
美好,232.0,0,1000,5260,6239,2026-05-13
美好,222.0,100,0,5260,6239,2026-05-13
大展台南,221.0,100,0,5058,6239,2026-05-13
大展,221.0,2000,0,5050,6239,2026-05-13
亞東高雄,230.0,0,100,2186,6239,2026-05-13
亞東板橋,231.5,50,0,2181,6239,2026-05-13
亞東板橋,227.5,0,1000,2181,6239,2026-05-13
亞東板橋,223.0,0,200,2181,6239,2026-05-13
亞東板橋,221.0,1000,0,2181,6239,2026-05-13
亞東,231.0,300,0,2180,6239,2026-05-13
亞東,223.5,0,3000,2180,6239,2026-05-13
亞東,221.0,1000,0,2180,6239,2026-05-13
美好蘆洲,223.0,2000,0,5261,6239,2026-05-13
台灣摩根,232.0,2000,197000,1470,6239,2026-05-13
台灣摩根,231.0,283000,37000,1470,6239,2026-05-13
台灣摩根,230.0,67000,8000,1470,6239,2026-05-13
宏遠光隆,220.5,1000,0,126i,6239,2026-05-13
宏遠中和,223.0,31,0,126H,6239,2026-05-13
宏遠中和,221.0,2000,30,126H,6239,2026-05-13
宏遠台南,228.5,0,1000,126D,6239,2026-05-13
宏遠台南,225.0,200,250,126D,6239,2026-05-13
宏遠桃園,230.0,0,2000,1262,6239,2026-05-13
宏遠桃園,228.5,1000,0,1262,6239,2026-05-13
宏遠民生,229.5,0,1000,1261,6239,2026-05-13
宏遠民生,222.5,0,100,1261,6239,2026-05-13
宏遠,230.5,1000,0,1260,6239,2026-05-13
宏遠,228.0,0,1000,1260,6239,2026-05-13
宏遠,224.0,0,1000,1260,6239,2026-05-13
宏遠光隆,223.5,0,80,126i,6239,2026-05-13
宏遠,222.5,0,1000,1260,6239,2026-05-13
彰銀台中,230.0,0,200,1233,6239,2026-05-13
彰銀台中,228.0,1000,0,1233,6239,2026-05-13
彰銀台中,222.5,0,500,1233,6239,2026-05-13
彰銀七賢,224.0,0,1000,1232,6239,2026-05-13
彰銀七賢,221.5,0,2000,1232,6239,2026-05-13
彰銀,231.5,0,1000,1230,6239,2026-05-13
彰銀,228.0,5000,0,1230,6239,2026-05-13
彰銀,223.0,0,1000,1230,6239,2026-05-13
彰銀,222.0,1000,1000,1230,6239,2026-05-13
企銀埔墘,230.5,0,50,111G,6239,2026-05-13
企銀埔墘,229.5,0,10,111G,6239,2026-05-13
企銀桃園,220.5,10,0,111E,6239,2026-05-13
彰銀台中,232.0,0,100,1233,6239,2026-05-13
宏遠光隆,229.5,0,1000,126i,6239,2026-05-13
宏遠台中,230.5,0,1000,126L,6239,2026-05-13
宏遠高雄,222.5,0,30,126Q,6239,2026-05-13
台灣摩根,229.0,49000,23000,1470,6239,2026-05-13
台灣摩根,228.0,0,13000,1470,6239,2026-05-13
台灣摩根,227.0,2000,20000,1470,6239,2026-05-13
台灣摩根,226.0,0,1000,1470,6239,2026-05-13
台灣摩根,224.5,23000,4000,1470,6239,2026-05-13
台灣摩根,223.5,42000,14000,1470,6239,2026-05-13
台灣摩根,222.5,14000,34000,1470,6239,2026-05-13
台灣摩根,221.5,10000,11000,1470,6239,2026-05-13
台灣摩根,220.5,0,104000,1470,6239,2026-05-13
美林,231.5,4000,6000,1440,6239,2026-05-13
美林,230.5,15000,15000,1440,6239,2026-05-13
美林,229.5,18000,14000,1440,6239,2026-05-13
美林,228.5,8000,4000,1440,6239,2026-05-13
美林,227.5,4000,4000,1440,6239,2026-05-13
美林,226.5,1000,1000,1440,6239,2026-05-13
美林,225.0,0,4000,1440,6239,2026-05-13
美林,224.0,3000,24000,1440,6239,2026-05-13
美林,223.0,0,67000,1440,6239,2026-05-13
美林,222.0,9000,40000,1440,6239,2026-05-13
美林,221.0,0,14000,1440,6239,2026-05-13
港麥格理,232.0,0,2000,1360,6239,2026-05-13
港麥格理,222.5,5000,1000,1360,6239,2026-05-13
港麥格理,221.0,8000,0,1360,6239,2026-05-13
宏遠新化,230.5,100,0,126X,6239,2026-05-13
宏遠館前,232.0,0,1100,126U,6239,2026-05-13
宏遠館前,222.0,0,1000,126U,6239,2026-05-13
宏遠高雄,232.0,0,1000,126Q,6239,2026-05-13
美好基隆,221.5,0,1000,5267,6239,2026-05-13
美好基隆,229.0,0,10,5267,6239,2026-05-13
美好基隆,231.0,100,0,5267,6239,2026-05-13
美好台南,220.5,2000,0,5268,6239,2026-05-13
第一自由,231.0,0,1000,538E,6239,2026-05-13
第一自由,230.0,0,500,538E,6239,2026-05-13
第一自由,226.0,0,1000,538E,6239,2026-05-13
第一自由,223.0,1000,2000,538E,6239,2026-05-13
第一自由,222.0,150,0,538E,6239,2026-05-13
第一忠孝,231.0,0,2200,538D,6239,2026-05-13
第一忠孝,229.5,0,2000,538D,6239,2026-05-13
第一忠孝,227.0,0,500,538D,6239,2026-05-13
第一忠孝,223.0,100,0,538D,6239,2026-05-13
第一忠孝,222.0,0,1000,538D,6239,2026-05-13
第一忠孝,220.0,0,1000,538D,6239,2026-05-13
第一光復,230.0,0,40,538C,6239,2026-05-13
第一自由,232.0,1000,0,538E,6239,2026-05-13
第一光復,229.0,1000,0,538C,6239,2026-05-13
第一新竹,232.0,0,1010,538B,6239,2026-05-13
第一新竹,231.0,0,1100,538B,6239,2026-05-13
第一新竹,230.0,2000,1000,538B,6239,2026-05-13
第一新竹,229.0,0,100,538B,6239,2026-05-13
第一新竹,228.0,0,1000,538B,6239,2026-05-13
第一新竹,224.0,20,1000,538B,6239,2026-05-13
第一新竹,222.5,1000,0,538B,6239,2026-05-13
第一新竹,220.0,100,0,538B,6239,2026-05-13
第一新興,230.5,1000,0,538A,6239,2026-05-13
第一新興,229.0,1266,1000,538A,6239,2026-05-13
第一新興,223.0,0,5050,538A,6239,2026-05-13
第一新興,221.0,1100,0,538A,6239,2026-05-13
第一光復,224.0,0,1000,538C,6239,2026-05-13
第一稻埕,223.5,0,1000,538F,6239,2026-05-13
第一稻埕,232.0,500,0,538F,6239,2026-05-13
第一頭份,224.0,180,1000,538I,6239,2026-05-13
第一中壢,222.0,0,1000,538Y,6239,2026-05-13
第一中壢,221.0,124,0,538Y,6239,2026-05-13
第一華江,231.0,0,2001,538W,6239,2026-05-13
第一華江,230.0,5,1000,538W,6239,2026-05-13
第一華江,229.0,4500,4000,538W,6239,2026-05-13
第一華江,228.0,0,50,538W,6239,2026-05-13
第一華江,226.0,0,1000,538W,6239,2026-05-13
第一華江,223.0,2100,1013,538W,6239,2026-05-13
第一華江,222.0,1000,0,538W,6239,2026-05-13
第一路竹,231.0,200,100,538P,6239,2026-05-13
第一路竹,229.0,0,4100,538P,6239,2026-05-13
第一路竹,225.0,0,100,538P,6239,2026-05-13
第一路竹,224.0,0,3000,538P,6239,2026-05-13
第一路竹,223.0,3055,3000,538P,6239,2026-05-13
第一路竹,222.0,2000,0,538P,6239,2026-05-13
第一路竹,221.0,1000,0,538P,6239,2026-05-13
第一路竹,220.0,100,0,538P,6239,2026-05-13
第一豐原,230.0,3000,0,538N,6239,2026-05-13
第一豐原,228.5,0,1000,538N,6239,2026-05-13
第一豐原,222.5,1000,220,538N,6239,2026-05-13
第一嘉義,232.0,0,150,538M,6239,2026-05-13
第一嘉義,229.5,0,1000,538M,6239,2026-05-13
第一嘉義,223.5,1020,0,538M,6239,2026-05-13
第一嘉義,221.0,2000,100,538M,6239,2026-05-13
第一安和,230.5,0,11000,538j,6239,2026-05-13
第一安和,223.0,1000,0,538j,6239,2026-05-13
第一頭份,230.5,3000,0,538I,6239,2026-05-13
第一新興,220.0,0,200,538A,6239,2026-05-13
第一中壢,230.0,0,1000,538Y,6239,2026-05-13
第一中山,229.5,0,200000,5389,6239,2026-05-13
第一澎湖,231.5,0,1000,5387,6239,2026-05-13
第一金證,229.5,50,0,5380,6239,2026-05-13
第一金證,228.0,1000,0,5380,6239,2026-05-13
第一金證,221.5,5000,0,5380,6239,2026-05-13
高橋內壢,232.0,0,3000,5323,6239,2026-05-13
高橋中壢,231.5,0,1000,5322,6239,2026-05-13
高橋中壢,229.0,1000,0,5322,6239,2026-05-13
高橋中壢,223.5,1000,0,5322,6239,2026-05-13
高橋中壢,221.5,2000,0,5322,6239,2026-05-13
高橋龍潭,231.0,0,1000,5321,6239,2026-05-13
高橋龍潭,230.0,0,100,5321,6239,2026-05-13
高橋龍潭,229.0,1000,0,5321,6239,2026-05-13
高橋龍潭,225.0,0,1000,5321,6239,2026-05-13
第一金證,230.5,2,0,5380,6239,2026-05-13
高橋龍潭,222.5,100,0,5321,6239,2026-05-13
高橋,232.0,0,1000,5320,6239,2026-05-13
高橋,223.0,1000,0,5320,6239,2026-05-13
美好市政,229.5,0,100,526M,6239,2026-05-13
美好市政,222.0,16,0,526M,6239,2026-05-13
美好富順,230.5,0,2000,526K,6239,2026-05-13
美好富順,229.5,1000,0,526K,6239,2026-05-13
美好富順,228.5,1000,0,526K,6239,2026-05-13
美好富順,226.5,2000,0,526K,6239,2026-05-13
美好富順,223.5,0,1000,526K,6239,2026-05-13
美好富順,222.5,0,22,526K,6239,2026-05-13
美好台南,229.0,0,500,5268,6239,2026-05-13
美好台南,223.0,1000,0,5268,6239,2026-05-13
高橋龍潭,221.5,3000,0,5321,6239,2026-05-13
第一金證,232.0,0,1000,5380,6239,2026-05-13
第一員林,222.5,2000,0,5381,6239,2026-05-13
第一員林,230.0,2000,50,5381,6239,2026-05-13
第一澎湖,230.5,1000,1000,5387,6239,2026-05-13
第一澎湖,229.0,0,3000,5387,6239,2026-05-13
第一澎湖,223.0,50,0,5387,6239,2026-05-13
第一澎湖,222.0,1000,0,5387,6239,2026-05-13
第一彰化,232.0,0,1000,5386,6239,2026-05-13
第一彰化,228.5,50,0,5386,6239,2026-05-13
第一彰化,223.0,0,1000,5386,6239,2026-05-13
第一彰化,222.0,2018,0,5386,6239,2026-05-13
第一桃園,232.0,0,1000,5385,6239,2026-05-13
第一桃園,231.0,100,0,5385,6239,2026-05-13
第一桃園,230.0,0,200,5385,6239,2026-05-13
第一桃園,222.5,0,100,5385,6239,2026-05-13
第一桃園,221.5,1000,0,5385,6239,2026-05-13
第一桃園,220.0,0,600,5385,6239,2026-05-13
第一台南,231.0,0,2000,5384,6239,2026-05-13
第一台南,230.0,0,1000,5384,6239,2026-05-13
第一台南,227.0,0,10,5384,6239,2026-05-13
第一台南,223.0,2000,16,5384,6239,2026-05-13
第一台南,222.0,1000,0,5384,6239,2026-05-13
第一高雄,231.0,100,0,5383,6239,2026-05-13
第一高雄,229.0,0,3000,5383,6239,2026-05-13
第一高雄,223.0,0,1000,5383,6239,2026-05-13
第一高雄,221.0,1000,0,5383,6239,2026-05-13
第一台中,232.0,5,0,5382,6239,2026-05-13
第一台中,230.5,1000,1000,5382,6239,2026-05-13
第一台中,228.5,2000,0,5382,6239,2026-05-13
第一員林,231.5,0,100,5381,6239,2026-05-13
第一中山,222.5,0,130,5389,6239,2026-05-13
華南三重,223.0,3,0,9369,6239,2026-05-13
元大大里,232.0,11,250,981g,6239,2026-05-13
華南三重,229.0,1,500,9369,6239,2026-05-13
台灣摩根,222.0,2000,195000,1470,6239,2026-05-13
台灣摩根,223.0,31000,44000,1470,6239,2026-05-13
台灣摩根,224.0,7000,14000,1470,6239,2026-05-13
台灣摩根,225.5,1000,3000,1470,6239,2026-05-13
台灣摩根,226.5,8000,0,1470,6239,2026-05-13
台灣摩根,227.5,0,22000,1470,6239,2026-05-13
台灣摩根,228.5,29000,2000,1470,6239,2026-05-13
台灣摩根,229.5,148000,23000,1470,6239,2026-05-13
台灣摩根,230.5,120000,45000,1470,6239,2026-05-13
台灣摩根,231.5,0,15000,1470,6239,2026-05-13
美商高盛,220.5,0,121000,1480,6239,2026-05-13
美商高盛,221.5,0,42000,1480,6239,2026-05-13
美商高盛,222.5,51000,79000,1480,6239,2026-05-13
美商高盛,223.5,76000,48000,1480,6239,2026-05-13
美商高盛,224.5,0,12000,1480,6239,2026-05-13
台灣摩根,221.0,0,5000,1470,6239,2026-05-13
美林,232.0,31000,17000,1440,6239,2026-05-13
美林,231.0,11000,8000,1440,6239,2026-05-13
美林,230.0,13000,11000,1440,6239,2026-05-13
宏遠高雄,230.5,1000,0,126Q,6239,2026-05-13
宏遠館前,221.0,1000,0,126U,6239,2026-05-13
宏遠館前,228.5,0,10000,126U,6239,2026-05-13
宏遠新化,221.0,20,0,126X,6239,2026-05-13
港麥格理,220.5,0,1000,1360,6239,2026-05-13
港麥格理,221.5,3000,0,1360,6239,2026-05-13
港麥格理,223.0,19000,0,1360,6239,2026-05-13
美商高盛,225.5,0,3000,1480,6239,2026-05-13
美林,220.5,10000,7000,1440,6239,2026-05-13
美林,222.5,0,86000,1440,6239,2026-05-13
美林,223.5,8000,25000,1440,6239,2026-05-13
美林,224.5,3000,7000,1440,6239,2026-05-13
美林,225.5,1000,1000,1440,6239,2026-05-13
美林,227.0,4000,1000,1440,6239,2026-05-13
美林,228.0,4000,1000,1440,6239,2026-05-13
美林,229.0,26000,19000,1440,6239,2026-05-13
美林,221.5,4000,17000,1440,6239,2026-05-13
美商高盛,226.5,0,26000,1480,6239,2026-05-13
美商高盛,227.5,0,7000,1480,6239,2026-05-13
美商高盛,228.5,0,7000,1480,6239,2026-05-13
瑞銀,230.0,9000,6000,1650,6239,2026-05-13
瑞銀,231.0,62102,22000,1650,6239,2026-05-13
瑞銀,232.0,0,35200,1650,6239,2026-05-13
亞東,221.5,2000,0,2180,6239,2026-05-13
亞東,230.0,0,2000,2180,6239,2026-05-13
亞東板橋,220.5,1000,0,2181,6239,2026-05-13
亞東板橋,222.5,25,0,2181,6239,2026-05-13
瑞銀,229.0,109000,7000,1650,6239,2026-05-13
亞東板橋,223.5,0,2000,2181,6239,2026-05-13
亞東新竹,229.5,1000,0,2184,6239,2026-05-13
亞東台中,230.5,100,0,2187,6239,2026-05-13
大展,230.0,0,2000,5050,6239,2026-05-13
美好,221.0,1000,0,5260,6239,2026-05-13
美好,222.5,1000,0,5260,6239,2026-05-13
美好蘆洲,222.0,2000,0,5261,6239,2026-05-13
美好蘆洲,227.5,0,2000,5261,6239,2026-05-13
亞東板橋,229.0,0,1000,2181,6239,2026-05-13
宏遠台中,231.5,50,0,126L,6239,2026-05-13
瑞銀,228.0,0,3000,1650,6239,2026-05-13
瑞銀,223.5,63000,16000,1650,6239,2026-05-13
美商高盛,229.5,116000,82000,1480,6239,2026-05-13
美商高盛,230.5,125000,75000,1480,6239,2026-05-13
美商高盛,231.5,35000,44000,1480,6239,2026-05-13
花旗環球,220.5,5000,0,1590,6239,2026-05-13
花旗環球,221.5,10000,2000,1590,6239,2026-05-13
花旗環球,222.5,49000,3000,1590,6239,2026-05-13
花旗環球,223.5,20000,0,1590,6239,2026-05-13
瑞銀,224.5,7000,2000,1650,6239,2026-05-13
花旗環球,224.5,5000,0,1590,6239,2026-05-13
花旗環球,228.5,3000,0,1590,6239,2026-05-13
花旗環球,229.5,8000,0,1590,6239,2026-05-13
花旗環球,230.5,6000,0,1590,6239,2026-05-13
花旗環球,231.5,2000,0,1590,6239,2026-05-13
瑞銀,220.5,7000,8000,1650,6239,2026-05-13
瑞銀,221.5,19000,47000,1650,6239,2026-05-13
瑞銀,222.5,29000,64000,1650,6239,2026-05-13
花旗環球,227.5,6000,0,1590,6239,2026-05-13
宏遠台中,229.5,0,2000,126L,6239,2026-05-13
宏遠光隆,224.0,0,100,126i,6239,2026-05-13
宏遠光隆,221.0,0,1000,126i,6239,2026-05-13
臺銀臺中,230.0,0,1000,104A,6239,2026-05-13
臺銀臺中,231.5,50,0,104A,6239,2026-05-13
臺銀高雄,220.5,150,0,104C,6239,2026-05-13
臺銀高雄,221.5,2000,0,104C,6239,2026-05-13
臺銀高雄,223.0,1100,100,104C,6239,2026-05-13
臺銀高雄,224.0,0,20,104C,6239,2026-05-13
臺銀高雄,228.0,200,1000,104C,6239,2026-05-13
臺銀臺中,229.0,2000,0,104A,6239,2026-05-13
臺銀高雄,229.5,0,4000,104C,6239,2026-05-13
臺銀高雄,232.0,0,1200,104C,6239,2026-05-13
臺銀金山,221.5,0,4000,104D,6239,2026-05-13
臺銀金山,222.5,3,0,104D,6239,2026-05-13
臺銀金山,223.5,1000,1100,104D,6239,2026-05-13
臺銀金山,230.5,0,1000,104D,6239,2026-05-13
臺銀金山,231.5,73,0,104D,6239,2026-05-13
企銀,222.5,500,0,1110,6239,2026-05-13
臺銀高雄,230.5,4000,1000,104C,6239,2026-05-13
企銀,229.5,10,0,1110,6239,2026-05-13
臺銀臺中,227.5,0,1000,104A,6239,2026-05-13
臺銀臺中,223.0,0,1305,104A,6239,2026-05-13
臺銀,231.5,0,6000,1040,6239,2026-05-13
臺銀臺南,220.5,5000,0,1042,6239,2026-05-13
臺銀臺南,222.5,410,0,1042,6239,2026-05-13
臺銀臺南,224.0,1000,0,1042,6239,2026-05-13
臺銀臺南,230.0,1000,3000,1042,6239,2026-05-13
臺銀民權,221.0,1005,0,1043,6239,2026-05-13
臺銀民權,222.5,1230,50,1043,6239,2026-05-13
臺銀臺中,224.0,1000,0,104A,6239,2026-05-13
臺銀民權,223.5,1000,1000,1043,6239,2026-05-13
臺銀民權,229.0,0,25,1043,6239,2026-05-13
臺銀民權,230.0,3000,1000,1043,6239,2026-05-13
臺銀新竹,222.0,1000,0,1045,6239,2026-05-13
臺銀新竹,223.5,0,1000,1045,6239,2026-05-13
臺銀新竹,229.0,0,1000,1045,6239,2026-05-13
臺銀新竹,231.0,0,150,1045,6239,2026-05-13
臺銀臺中,222.0,1000,0,104A,6239,2026-05-13
臺銀民權,225.5,0,1000,1043,6239,2026-05-13
美好蘆洲,229.5,110,0,5261,6239,2026-05-13
企銀,231.5,10,0,1110,6239,2026-05-13
企銀台中,232.0,100,0,1111,6239,2026-05-13
彰銀台中,223.0,0,1000,1233,6239,2026-05-13
彰銀台中,229.0,1000,0,1233,6239,2026-05-13
彰銀台中,230.5,2000,0,1233,6239,2026-05-13
宏遠,222.0,4000,0,1260,6239,2026-05-13
宏遠,223.5,0,1000,1260,6239,2026-05-13
宏遠,227.0,0,1000,1260,6239,2026-05-13
宏遠,229.5,0,1000,1260,6239,2026-05-13
彰銀台中,222.0,400,0,1233,6239,2026-05-13
宏遠民生,222.0,1000,0,1261,6239,2026-05-13
宏遠桃園,222.5,1100,0,1262,6239,2026-05-13
宏遠桃園,229.5,500,0,1262,6239,2026-05-13
宏遠台南,222.5,2040,0,126D,6239,2026-05-13
宏遠台南,227.0,700,1000,126D,6239,2026-05-13
宏遠台南,230.0,1250,0,126D,6239,2026-05-13
宏遠中和,222.5,0,60,126H,6239,2026-05-13
宏遠中和,230.0,1000,1000,126H,6239,2026-05-13
宏遠民生,223.0,0,1000,1261,6239,2026-05-13
企銀台中,220.5,20,0,1111,6239,2026-05-13
彰銀七賢,223.5,1000,0,1232,6239,2026-05-13
彰銀,230.0,0,2000,1230,6239,2026-05-13
企銀九如,223.0,2000,0,1113,6239,2026-05-13
企銀嘉義,222.5,1000,0,1114,6239,2026-05-13
企銀屏東,220.0,500,0,1116,6239,2026-05-13
企銀竹北,223.0,0,1000,1117,6239,2026-05-13
企銀竹北,230.0,0,1000,1117,6239,2026-05-13
企銀竹北,231.0,0,1000,1117,6239,2026-05-13
企銀岡山,224.0,0,2000,1119,6239,2026-05-13
彰銀,232.0,5000,0,1230,6239,2026-05-13
企銀民雄,221.0,3000,0,111A,6239,2026-05-13
企銀民雄,229.5,0,5000,111A,6239,2026-05-13
台企建成,228.5,0,1000,111B,6239,2026-05-13
企銀桃園,223.0,100,0,111E,6239,2026-05-13
企銀埔墘,230.0,0,90,111G,6239,2026-05-13
企銀埔墘,231.5,0,50,111G,6239,2026-05-13
彰銀,222.5,50,5000,1230,6239,2026-05-13
彰銀,223.5,0,30,1230,6239,2026-05-13
企銀民雄,226.0,0,1000,111A,6239,2026-05-13
美好蘆洲,230.5,1000,1000,5261,6239,2026-05-13
美好楊梅,221.0,5000,0,5262,6239,2026-05-13
美好楊梅,222.5,102,0,5262,6239,2026-05-13
第一稻埕,222.5,1100,0,538F,6239,2026-05-13
第一稻埕,230.0,20,0,538F,6239,2026-05-13
第一頭份,222.5,1000,0,538I,6239,2026-05-13
第一頭份,230.0,1100,0,538I,6239,2026-05-13
第一安和,220.0,10,0,538j,6239,2026-05-13
第一安和,229.5,1000,0,538j,6239,2026-05-13
第一安和,232.0,0,1000,538j,6239,2026-05-13
第一自由,231.5,500,0,538E,6239,2026-05-13
第一嘉義,222.5,1001,0,538M,6239,2026-05-13
第一嘉義,230.0,0,1000,538M,6239,2026-05-13
第一豐原,222.0,70,0,538N,6239,2026-05-13
第一豐原,223.0,0,1400,538N,6239,2026-05-13
第一豐原,229.0,0,1000,538N,6239,2026-05-13
第一豐原,232.0,10,0,538N,6239,2026-05-13
第一路竹,220.5,3150,0,538P,6239,2026-05-13
第一路竹,221.5,7000,0,538P,6239,2026-05-13
第一嘉義,226.5,0,1000,538M,6239,2026-05-13
第一路竹,222.5,0,1060,538P,6239,2026-05-13
第一自由,230.5,2000,0,538E,6239,2026-05-13
第一自由,223.5,20,5000,538E,6239,2026-05-13
第一新竹,224.5,0,200,538B,6239,2026-05-13
第一新竹,228.5,0,5000,538B,6239,2026-05-13
第一新竹,229.5,0,1000,538B,6239,2026-05-13
第一新竹,230.5,1000,1265,538B,6239,2026-05-13
第一新竹,231.5,1050,1000,538B,6239,2026-05-13
第一光復,223.0,2050,0,538C,6239,2026-05-13
第一光復,227.5,1000,0,538C,6239,2026-05-13
第一自由,229.0,0,1000,538E,6239,2026-05-13
第一光復,229.5,0,2010,538C,6239,2026-05-13
第一忠孝,221.5,200,0,538D,6239,2026-05-13
第一忠孝,222.5,1000,0,538D,6239,2026-05-13
第一忠孝,224.0,2000,0,538D,6239,2026-05-13
第一忠孝,228.0,0,1000,538D,6239,2026-05-13
第一忠孝,230.0,0,1000,538D,6239,2026-05-13
第一自由,221.5,6000,0,538E,6239,2026-05-13
第一自由,222.5,0,2000,538E,6239,2026-05-13
第一光復,230.5,0,1000,538C,6239,2026-05-13
第一新竹,223.0,7000,1005,538B,6239,2026-05-13
第一路竹,223.5,0,2000,538P,6239,2026-05-13
第一路竹,228.0,0,2,538P,6239,2026-05-13
永興大墩,221.5,1000,0,5604,6239,2026-05-13
日進,221.0,2000,0,5660,6239,2026-05-13
日進,223.0,2000,0,5660,6239,2026-05-13
日進,226.5,0,1000,5660,6239,2026-05-13
日進,230.5,0,1000,5660,6239,2026-05-13
統一,220.0,0,3000,5850,6239,2026-05-13
統一,221.0,2000,7000,5850,6239,2026-05-13
永興台中,231.0,0,1000,5603,6239,2026-05-13
統一,222.0,50,7000,5850,6239,2026-05-13
統一,224.0,30000,1000,5850,6239,2026-05-13
統一,227.0,3000,0,5850,6239,2026-05-13
統一,228.5,2000,0,5850,6239,2026-05-13
統一,229.5,17000,0,5850,6239,2026-05-13
統一,230.5,2000,0,5850,6239,2026-05-13
統一,231.5,1000,0,5850,6239,2026-05-13
統一高雄,221.5,500,0,5851,6239,2026-05-13
統一,223.0,4017,1000,5850,6239,2026-05-13
第一路竹,224.5,0,1150,538P,6239,2026-05-13
永興台中,229.5,0,2000,5603,6239,2026-05-13
永興台中,221.5,1000,0,5603,6239,2026-05-13
第一路竹,230.0,0,1050,538P,6239,2026-05-13
第一路竹,231.5,2000,0,538P,6239,2026-05-13
第一華江,222.5,0,1000,538W,6239,2026-05-13
第一華江,223.5,100,250,538W,6239,2026-05-13
第一華江,226.5,0,1000,538W,6239,2026-05-13
第一華江,228.5,5,1000,538W,6239,2026-05-13
第一華江,229.5,2108,1000,538W,6239,2026-05-13
永興台中,222.5,0,1000,5603,6239,2026-05-13
第一華江,230.5,2,0,538W,6239,2026-05-13
第一中壢,221.5,76,0,538Y,6239,2026-05-13
第一中壢,223.0,0,45,538Y,6239,2026-05-13
第一中壢,229.0,2000,0,538Y,6239,2026-05-13
永興,220.0,150,0,5600,6239,2026-05-13
永興,221.5,9,0,5600,6239,2026-05-13
永興,222.5,141,0,5600,6239,2026-05-13
永興,232.0,0,100,5600,6239,2026-05-13
第一華江,232.0,0,1020,538W,6239,2026-05-13
臺銀,230.5,50,1100,1040,6239,2026-05-13
第一新竹,221.5,1000,0,538B,6239,2026-05-13
第一新興,230.0,0,1200,538A,6239,2026-05-13
美好富順,232.0,0,1000,526K,6239,2026-05-13
美好市政,222.5,24,0,526M,6239,2026-05-13
美好市政,231.0,0,500,526M,6239,2026-05-13
高橋,230.0,1000,0,5320,6239,2026-05-13
高橋龍潭,220.5,2000,0,5321,6239,2026-05-13
高橋龍潭,222.0,1000,2000,5321,6239,2026-05-13
高橋龍潭,223.5,0,1000,5321,6239,2026-05-13
美好富順,230.0,1000,0,526K,6239,2026-05-13
高橋龍潭,227.0,1000,0,5321,6239,2026-05-13
高橋龍潭,230.5,1000,0,5321,6239,2026-05-13
高橋龍潭,232.0,0,6000,5321,6239,2026-05-13
高橋中壢,222.0,50,0,5322,6239,2026-05-13
高橋中壢,227.5,0,1000,5322,6239,2026-05-13
高橋中壢,229.5,0,2000,5322,6239,2026-05-13
高橋內壢,230.0,1000,1000,5323,6239,2026-05-13
第一金證,221.0,3000,0,5380,6239,2026-05-13
高橋龍潭,229.5,1000,0,5321,6239,2026-05-13
第一金證,223.5,37,0,5380,6239,2026-05-13
美好富順,229.0,2000,300,526K,6239,2026-05-13
美好富順,225.0,0,2000,526K,6239,2026-05-13
美好楊梅,225.0,0,1000,5262,6239,2026-05-13
美好楊梅,228.5,1000,0,5262,6239,2026-05-13
美好楊梅,232.0,0,3000,5262,6239,2026-05-13
美好泰山,221.5,0,1000,5263,6239,2026-05-13
美好泰山,222.5,0,3000,5263,6239,2026-05-13
美好泰山,229.0,2000,0,5263,6239,2026-05-13
美好高雄,229.5,0,2000,5264,6239,2026-05-13
美好富順,228.0,0,2000,526K,6239,2026-05-13
美好苗栗,230.0,1000,0,5265,6239,2026-05-13
美好基隆,223.5,10,0,5267,6239,2026-05-13
美好基隆,230.0,0,100,5267,6239,2026-05-13
美好台南,220.0,10,0,5268,6239,2026-05-13
美好台南,222.5,2000,0,5268,6239,2026-05-13
美好台南,223.5,0,4000,5268,6239,2026-05-13
美好富順,220.5,3000,0,526K,6239,2026-05-13
美好富順,223.0,0,1000,526K,6239,2026-05-13
美好中壢,231.0,0,2000,5266,6239,2026-05-13
第一新興,231.0,0,1000,538A,6239,2026-05-13
第一金證,229.0,1000,0,5380,6239,2026-05-13
第一金證,231.0,0,3,5380,6239,2026-05-13
第一桃園,231.5,0,1000,5385,6239,2026-05-13
第一彰化,221.0,1201,0,5386,6239,2026-05-13
第一彰化,222.5,51,0,5386,6239,2026-05-13
第一彰化,225.0,0,2000,5386,6239,2026-05-13
第一彰化,230.0,2000,0,5386,6239,2026-05-13
第一澎湖,221.5,1000,0,5387,6239,2026-05-13
第一澎湖,222.5,1000,1000,5387,6239,2026-05-13
第一桃園,230.5,3000,1000,5385,6239,2026-05-13
第一澎湖,228.5,1000,0,5387,6239,2026-05-13
第一澎湖,231.0,0,100,5387,6239,2026-05-13
第一中山,221.5,0,1000,5389,6239,2026-05-13
第一中山,229.0,0,100000,5389,6239,2026-05-13
第一中山,230.5,0,1000,5389,6239,2026-05-13
第一新興,220.5,0,100,538A,6239,2026-05-13
第一新興,222.0,100,0,538A,6239,2026-05-13
第一新興,228.5,1000,0,538A,6239,2026-05-13
第一澎湖,230.0,0,2030,5387,6239,2026-05-13
第一金證,230.0,0,1200,5380,6239,2026-05-13
第一桃園,223.0,20,0,5385,6239,2026-05-13
第一桃園,221.0,100,0,5385,6239,2026-05-13
第一員林,221.5,91,0,5381,6239,2026-05-13
第一員林,229.0,0,2000,5381,6239,2026-05-13
第一員林,230.5,0,1000,5381,6239,2026-05-13
第一台中,222.5,115,0,5382,6239,2026-05-13
第一台中,229.5,1000,0,5382,6239,2026-05-13
第一台中,231.0,1000,2000,5382,6239,2026-05-13
第一高雄,220.5,0,30,5383,6239,2026-05-13
第一桃園,222.0,300,0,5385,6239,2026-05-13
第一高雄,222.5,2000,0,5383,6239,2026-05-13
第一高雄,229.5,0,1000,5383,6239,2026-05-13
第一高雄,232.0,0,1050,5383,6239,2026-05-13
第一台南,222.5,10,0,5384,6239,2026-05-13
第一台南,223.5,0,6000,5384,6239,2026-05-13
第一台南,229.0,20,0,5384,6239,2026-05-13
第一台南,230.5,0,1000,5384,6239,2026-05-13
第一台南,232.0,0,142,5384,6239,2026-05-13
第一高雄,227.0,0,1000,5383,6239,2026-05-13
統一高雄,229.0,0,1000,5851,6239,2026-05-13
臺銀,229.5,0,1000,1040,6239,2026-05-13
臺銀,223.0,3000,1600,1040,6239,2026-05-13
台新府城,222.5,25,300,9B29,6239,2026-05-13
台新府城,223.5,1000,0,9B29,6239,2026-05-13
台新府城,229.5,10,0,9B29,6239,2026-05-13
台新府城,231.5,25,0,9B29,6239,2026-05-13
台新松德,221.0,172,0,9B2a,6239,2026-05-13
台新松德,222.0,2437,0,9B2a,6239,2026-05-13
台新松德,223.0,1582,0,9B2a,6239,2026-05-13
台新松德,224.0,1000,0,9B2a,6239,2026-05-13
台新松德,226.0,350,0,9B2a,6239,2026-05-13
台新松德,227.0,590,0,9B2a,6239,2026-05-13
台新松德,228.0,0,1000,9B2a,6239,2026-05-13
台新松德,230.0,1000,1000,9B2a,6239,2026-05-13
台新松德,231.5,0,3000,9B2a,6239,2026-05-13
台新緯城,220.5,0,1000,9B2A,6239,2026-05-13
台新緯城,223.0,0,300,9B2A,6239,2026-05-13
台新府城,220.5,1300,0,9B29,6239,2026-05-13
台新北新,231.0,0,500,9B28,6239,2026-05-13
台新北新,227.5,1000,0,9B28,6239,2026-05-13
台新北新,223.0,200,0,9B28,6239,2026-05-13
台新台北,230.5,1050,0,9B20,6239,2026-05-13
台新台北,232.0,500,4000,9B20,6239,2026-05-13
台新九如,224.0,0,1000,9B21,6239,2026-05-13
台新新店,220.5,1002,0,9B22,6239,2026-05-13
台新新店,223.5,0,2000,9B22,6239,2026-05-13
台新新店,229.0,270,1000,9B22,6239,2026-05-13
台新新店,231.5,329,2005,9B22,6239,2026-05-13
台新緯城,225.0,1000,0,9B2A,6239,2026-05-13
台新三重,223.0,110,1000,9B23,6239,2026-05-13
台新三重,227.5,0,10,9B23,6239,2026-05-13
台新三重,230.0,0,1010,9B23,6239,2026-05-13
台新五權,222.5,1000,0,9B25,6239,2026-05-13
台新五權,225.0,0,30,9B25,6239,2026-05-13
台新五權,231.0,1000,0,9B25,6239,2026-05-13
台新林園,222.0,2010,0,9B27,6239,2026-05-13
台新林園,223.0,100,0,9B27,6239,2026-05-13
台新三重,224.5,0,1000,9B23,6239,2026-05-13
台新緯城,229.0,0,100,9B2A,6239,2026-05-13
台新緯城,231.5,0,1000,9B2A,6239,2026-05-13
台新板橋,221.5,3000,0,9B2b,6239,2026-05-13
台新中原,223.0,0,1000,9B2g,6239,2026-05-13
台新中原,224.5,0,1000,9B2g,6239,2026-05-13
台新中原,229.5,2482,5000,9B2g,6239,2026-05-13
台新中原,231.5,0,1,9B2g,6239,2026-05-13
台新新竹,225.0,100,0,9B2G,6239,2026-05-13
台新新竹,230.5,0,100,9B2G,6239,2026-05-13
台新信義,221.0,0,100,9B2H,6239,2026-05-13
台新中原,222.0,1000,0,9B2g,6239,2026-05-13
台新信義,222.0,2000,50,9B2H,6239,2026-05-13
台新信義,224.0,0,1000,9B2H,6239,2026-05-13
台新信義,228.0,0,2000,9B2H,6239,2026-05-13
台新信義,229.5,0,3000,9B2H,6239,2026-05-13
台新信義,232.0,0,2000,9B2H,6239,2026-05-13
台新中港,222.5,20,8,9B2i,6239,2026-05-13
台新中港,229.0,10,0,9B2i,6239,2026-05-13
台新中港,230.5,0,1000,9B2i,6239,2026-05-13
台新信義,223.0,1000,0,9B2H,6239,2026-05-13
台新台北,229.5,5000,6000,9B20,6239,2026-05-13
台新城中,230.5,1000,0,9B2E,6239,2026-05-13
台新城中,222.5,1,30,9B2E,6239,2026-05-13
台新板橋,222.5,0,1000,9B2b,6239,2026-05-13
台新板橋,223.5,0,3100,9B2b,6239,2026-05-13
台新板橋,230.0,0,3000,9B2b,6239,2026-05-13
台新永和,221.5,1000,0,9B2B,6239,2026-05-13
台新永和,222.5,1000,0,9B2B,6239,2026-05-13
台新永和,229.0,0,100,9B2B,6239,2026-05-13
台新烏日,220.5,0,1000,9B2c,6239,2026-05-13
台新城中,224.0,0,30,9B2E,6239,2026-05-13
台新烏日,228.0,0,1000,9B2c,6239,2026-05-13
台新潮州,228.5,0,3000,9B2C,6239,2026-05-13
台新潮州,229.5,0,3000,9B2C,6239,2026-05-13
台新潮州,231.0,0,100,9B2C,6239,2026-05-13
台新大昌,221.0,2000,0,9B2D,6239,2026-05-13
台新大昌,223.5,0,20,9B2D,6239,2026-05-13
台新大昌,229.5,0,1100,9B2D,6239,2026-05-13
台新大昌,231.0,0,2000,9B2D,6239,2026-05-13
台新潮州,222.0,100,3000,9B2C,6239,2026-05-13
台新台北,228.5,0,1000,9B20,6239,2026-05-13
台新台北,225.0,1,0,9B20,6239,2026-05-13
台新台北,223.0,0,1000,9B20,6239,2026-05-13
台新新營,229.0,1000,300,9B11,6239,2026-05-13
台新新營,231.0,0,2000,9B11,6239,2026-05-13
台新新營,232.0,5,500,9B11,6239,2026-05-13
台新三民,222.5,100,500,9B13,6239,2026-05-13
台新三民,223.5,1000,0,9B13,6239,2026-05-13
台新三民,227.5,0,1000,9B13,6239,2026-05-13
台新三民,229.5,0,400,9B13,6239,2026-05-13
台新新營,223.0,0,1000,9B11,6239,2026-05-13
台新三民,232.0,0,2000,9B13,6239,2026-05-13
台新松江,228.0,0,3000,9B15,6239,2026-05-13
台新松江,232.0,0,2150,9B15,6239,2026-05-13
台新台南,221.0,15,0,9B16,6239,2026-05-13
台新台南,222.5,3000,1000,9B16,6239,2026-05-13
台新台南,225.5,0,2000,9B16,6239,2026-05-13
台新台南,228.5,0,1000,9B16,6239,2026-05-13
台新台南,229.5,2000,0,9B16,6239,2026-05-13
台新松江,222.5,50,0,9B15,6239,2026-05-13
台新台南,230.5,2000,0,9B16,6239,2026-05-13
台新新營,221.5,1100,0,9B11,6239,2026-05-13
台新證券,231.0,6700,6030,9B00,6239,2026-05-13
永豐板盛,229.0,0,1000,9A9Y,6239,2026-05-13
永豐板盛,230.0,100,0,9A9Y,6239,2026-05-13
永豐復興,223.0,10,200,9A9Z,6239,2026-05-13
永豐復興,225.0,1000,0,9A9Z,6239,2026-05-13
永豐復興,229.5,1000,2000,9A9Z,6239,2026-05-13
永豐復興,232.0,0,1000,9A9Z,6239,2026-05-13
台新證券,220.5,4000,18000,9B00,6239,2026-05-13
台新證券,232.0,3367,13150,9B00,6239,2026-05-13
台新證券,221.5,0,3000,9B00,6239,2026-05-13
台新證券,223.5,6030,0,9B00,6239,2026-05-13
台新證券,224.5,4,0,9B00,6239,2026-05-13
台新證券,226.0,0,1000,9B00,6239,2026-05-13
台新證券,227.0,1000,1000,9B00,6239,2026-05-13
台新證券,228.0,2000,0,9B00,6239,2026-05-13
台新證券,229.0,5367,9240,9B00,6239,2026-05-13
台新證券,230.0,28000,3150,9B00,6239,2026-05-13
台新證券,222.5,4141,7890,9B00,6239,2026-05-13
台新中港,231.5,5000,0,9B2i,6239,2026-05-13
台新台南,231.5,1000,1000,9B16,6239,2026-05-13
台新建北,222.5,2,0,9B18,6239,2026-05-13
台新台中,220.5,0,1000,9B1h,6239,2026-05-13
台新台中,221.5,3100,0,9B1h,6239,2026-05-13
台新台中,222.5,1045,150,9B1h,6239,2026-05-13
台新台中,223.5,0,1106,9B1h,6239,2026-05-13
台新台中,225.0,0,1130,9B1h,6239,2026-05-13
台新台中,229.0,0,2050,9B1h,6239,2026-05-13
台新台中,230.0,300,50,9B1h,6239,2026-05-13
台新高雄,231.5,0,1000,9B1g,6239,2026-05-13
台新台中,231.0,2231,1000,9B1h,6239,2026-05-13
台新屏東,225.0,100,0,9B1n,6239,2026-05-13
台新屏東,230.0,0,1000,9B1n,6239,2026-05-13
台新中壢,228.5,1000,0,9B1y,6239,2026-05-13
台新中壢,230.0,0,300,9B1y,6239,2026-05-13
台新中壢,231.0,1000,1050,9B1y,6239,2026-05-13
台新中壢,232.0,50,60,9B1y,6239,2026-05-13
台新台北,222.0,0,2050,9B20,6239,2026-05-13
台新屏東,222.0,1000,1000,9B1n,6239,2026-05-13
台新建北,221.0,0,1000,9B18,6239,2026-05-13
台新高雄,229.5,1000,1000,9B1g,6239,2026-05-13
台新高雄,223.0,2000,1300,9B1g,6239,2026-05-13
台新建北,229.0,1000,2000,9B18,6239,2026-05-13
台新建北,230.0,0,30,9B18,6239,2026-05-13
台新建北,231.5,20,0,9B18,6239,2026-05-13
台新新莊,220.5,0,1000,9B19,6239,2026-05-13
台新新莊,223.0,0,5000,9B19,6239,2026-05-13
台新新莊,230.0,0,5000,9B19,6239,2026-05-13
台新左楠,220.0,1000,0,9B1d,6239,2026-05-13
台新高雄,228.0,500,0,9B1g,6239,2026-05-13
台新左楠,222.0,1000,500,9B1d,6239,2026-05-13
台新左楠,225.0,0,1000,9B1d,6239,2026-05-13
台新左楠,229.0,0,2100,9B1d,6239,2026-05-13
台新左楠,230.0,0,2020,9B1d,6239,2026-05-13
台新左楠,231.0,2000,0,9B1d,6239,2026-05-13
台新高雄,220.0,100,0,9B1g,6239,2026-05-13
台新高雄,221.0,0,2060,9B1g,6239,2026-05-13
台新高雄,222.0,1100,2000,9B1g,6239,2026-05-13
台新左楠,223.0,2050,0,9B1d,6239,2026-05-13
台新嘉義,223.5,350,0,9B2I,6239,2026-05-13
台新嘉義,230.5,1000,1000,9B2I,6239,2026-05-13
台新大裕,223.0,1000,1000,9B2l,6239,2026-05-13
合庫台南,232.0,0,1000,1022,6239,2026-05-13
合庫高雄,221.5,1000,0,1023,6239,2026-05-13
合庫高雄,223.0,2000,1000,1023,6239,2026-05-13
合庫高雄,229.0,3000,0,1023,6239,2026-05-13
合庫高雄,230.0,0,1300,1023,6239,2026-05-13
合庫嘉義,222.0,50,0,1024,6239,2026-05-13
合庫嘉義,229.5,0,100,1024,6239,2026-05-13
合庫台南,231.0,0,1000,1022,6239,2026-05-13
合庫基隆,222.0,1000,0,1025,6239,2026-05-13
合庫基隆,231.0,0,1100,1025,6239,2026-05-13
合庫彰化,223.0,5,150,1028,6239,2026-05-13
合庫鳳山,221.0,0,300,1029,6239,2026-05-13
合庫鳳山,226.0,0,100,1029,6239,2026-05-13
合庫新竹,221.5,0,1000,102A,6239,2026-05-13
合庫新竹,222.5,12,0,102A,6239,2026-05-13
合庫新竹,225.0,0,100,102A,6239,2026-05-13
合庫基隆,224.5,1000,0,1025,6239,2026-05-13
合庫新竹,229.5,1000,150,102A,6239,2026-05-13
合庫台南,229.0,200,1000,1022,6239,2026-05-13
合庫台中,229.0,0,12000,1021,6239,2026-05-13
台新文心,228.5,2000,0,9B2z,6239,2026-05-13
台新文心,229.5,0,24100,9B2z,6239,2026-05-13
台新文心,230.5,100,0,9B2z,6239,2026-05-13
台新文心,231.5,2000,0,9B2z,6239,2026-05-13
台新安南,220.5,100,0,9B2Z,6239,2026-05-13
台新安南,222.0,50,0,9B2Z,6239,2026-05-13
台新安南,223.0,0,1000,9B2Z,6239,2026-05-13
合庫台中,230.0,0,1100,1021,6239,2026-05-13
台新安南,227.5,3000,0,9B2Z,6239,2026-05-13
合庫,223.0,2000,0,1020,6239,2026-05-13
合庫,224.0,4,0,1020,6239,2026-05-13
合庫,229.5,0,2000,1020,6239,2026-05-13
合庫,230.5,100,1000,1020,6239,2026-05-13
合庫,231.5,100,200,1020,6239,2026-05-13
合庫台中,221.5,12000,0,1021,6239,2026-05-13
合庫台中,223.5,20,2000,1021,6239,2026-05-13
台新安南,230.5,2000,0,9B2Z,6239,2026-05-13
台新文心,224.0,0,500,9B2z,6239,2026-05-13
合庫自強,221.0,3000,0,102C,6239,2026-05-13
合庫自強,226.5,0,1000,102C,6239,2026-05-13
土銀嘉義,222.0,1000,0,1034,6239,2026-05-13
土銀嘉義,229.5,0,1000,1034,6239,2026-05-13
土銀新竹,222.0,100,0,1035,6239,2026-05-13
土銀玉里,221.0,1000,1000,1036,6239,2026-05-13
土銀玉里,230.5,2000,0,1036,6239,2026-05-13
土銀花蓮,222.0,0,1000,1037,6239,2026-05-13
土銀和平,221.0,2000,0,1038,6239,2026-05-13
土銀台南,223.0,1000,0,1032,6239,2026-05-13
土銀士林,223.0,0,1000,1039,6239,2026-05-13
土銀建國,221.0,2000,0,103A,6239,2026-05-13
土銀建國,225.0,0,1100,103A,6239,2026-05-13
土銀白河,223.0,1000,0,103C,6239,2026-05-13
土銀白河,230.5,0,1000,103C,6239,2026-05-13
土銀南港,231.0,0,1000,103F,6239,2026-05-13
臺銀,221.0,3010,0,1040,6239,2026-05-13
臺銀,222.0,1010,50,1040,6239,2026-05-13
土銀士林,230.5,0,1000,1039,6239,2026-05-13
合庫自強,222.0,0,1000,102C,6239,2026-05-13
土銀台中,231.5,0,5000,1031,6239,2026-05-13
土銀,231.5,0,200,1030,6239,2026-05-13
合庫自強,228.5,184,0,102C,6239,2026-05-13
合庫自強,231.0,50,0,102C,6239,2026-05-13
合庫桃園,221.5,1000,0,102E,6239,2026-05-13
合庫桃園,222.5,2000,0,102E,6239,2026-05-13
合庫桃園,223.5,68,1000,102E,6239,2026-05-13
合庫桃園,230.0,4000,0,102E,6239,2026-05-13
合庫桃園,232.0,1000,2000,102E,6239,2026-05-13
土銀台中,224.0,200,0,1031,6239,2026-05-13
合庫西台,221.5,1000,0,102F,6239,2026-05-13
合庫西台,229.0,1000,0,102F,6239,2026-05-13
合庫三重,222.5,1000,0,102G,6239,2026-05-13
合庫三重,229.0,0,80,102G,6239,2026-05-13
合庫三重,230.0,1000,100,102G,6239,2026-05-13
合庫三重,231.5,0,100,102G,6239,2026-05-13
土銀,220.5,1000,0,1030,6239,2026-05-13
土銀,229.0,0,300,1030,6239,2026-05-13
合庫西台,222.5,1020,0,102F,6239,2026-05-13
臺銀,224.0,40,0,1040,6239,2026-05-13
台新文心,222.5,3305,0,9B2z,6239,2026-05-13
台新埔里,231.0,0,2000,9B2Y,6239,2026-05-13
台新虎尾,222.0,15,0,9B2N,6239,2026-05-13
台新虎尾,223.5,0,5,9B2N,6239,2026-05-13
台新虎尾,230.5,2000,0,9B2N,6239,2026-05-13
台新新興,224.0,0,18,9B2o,6239,2026-05-13
台新新興,230.0,0,165,9B2o,6239,2026-05-13
台新同大,222.0,1000,100,9B2P,6239,2026-05-13
台新同大,223.0,0,400,9B2P,6239,2026-05-13
台新西松,232.0,0,2000,9B2n,6239,2026-05-13
台新同大,224.0,4,0,9B2P,6239,2026-05-13
台新同大,230.5,1000,0,9B2P,6239,2026-05-13
台新同大,232.0,100,200,9B2P,6239,2026-05-13
台新屏新,222.0,100,0,9B2q,6239,2026-05-13
台新屏新,223.0,0,1000,9B2q,6239,2026-05-13
台新屏新,224.0,0,330,9B2q,6239,2026-05-13
台新屏新,228.5,0,2000,9B2q,6239,2026-05-13
台新屏新,230.0,0,1000,9B2q,6239,2026-05-13
台新同大,229.5,50,0,9B2P,6239,2026-05-13
台新屏新,231.0,225,0,9B2q,6239,2026-05-13
台新西松,230.5,3,0,9B2n,6239,2026-05-13
台新西松,227.5,0,1000,9B2n,6239,2026-05-13
台新大裕,228.5,0,1000,9B2l,6239,2026-05-13
台新大裕,230.0,1000,2000,9B2l,6239,2026-05-13
台新北壢,220.5,1000,0,9B2L,6239,2026-05-13
台新北壢,223.5,0,3000,9B2L,6239,2026-05-13
台新北壢,230.0,0,13,9B2L,6239,2026-05-13
台新北壢,231.0,0,1000,9B2L,6239,2026-05-13
台新成功,221.0,1000,0,9B2m,6239,2026-05-13
台新西松,229.5,0,1000,9B2n,6239,2026-05-13
台新成功,222.0,1100,0,9B2m,6239,2026-05-13
台新成功,225.5,0,1000,9B2m,6239,2026-05-13
台新成功,228.0,0,1000,9B2m,6239,2026-05-13
台新成功,229.0,0,1000,9B2m,6239,2026-05-13
台新成功,230.0,1000,0,9B2m,6239,2026-05-13
台新成功,231.0,2000,100,9B2m,6239,2026-05-13
台新成功,232.0,0,1000,9B2m,6239,2026-05-13
台新西松,221.0,3000,0,9B2n,6239,2026-05-13
台新成功,223.0,2000,0,9B2m,6239,2026-05-13
台新文心,221.5,1000,0,9B2z,6239,2026-05-13
台新敦南,222.0,1000,0,9B2Q,6239,2026-05-13
台新城東,221.5,1000,0,9B2r,6239,2026-05-13
台新佳里,222.0,1000,0,9B2w,6239,2026-05-13
台新佳里,223.5,1000,0,9B2w,6239,2026-05-13
台新佳里,227.0,3000,0,9B2w,6239,2026-05-13
台新佳里,231.0,100,1000,9B2w,6239,2026-05-13
台新吉利,222.0,100,0,9B2W,6239,2026-05-13
台新吉利,229.5,0,3050,9B2W,6239,2026-05-13
台新草屯,222.0,2000,0,9B2X,6239,2026-05-13
台新桃園,230.5,1000,0,9B2v,6239,2026-05-13
台新草屯,228.0,5000,0,9B2X,6239,2026-05-13
台新花蓮,221.0,2000,0,9B2y,6239,2026-05-13
台新花蓮,223.5,0,2000,9B2y,6239,2026-05-13
台新花蓮,229.5,0,1000,9B2y,6239,2026-05-13
台新埔里,220.5,505,0,9B2Y,6239,2026-05-13
台新埔里,222.0,1005,0,9B2Y,6239,2026-05-13
台新埔里,223.0,0,1000,9B2Y,6239,2026-05-13
台新埔里,229.0,0,1000,9B2Y,6239,2026-05-13
台新草屯,229.5,5000,5000,9B2X,6239,2026-05-13
台新敦南,230.5,0,5000,9B2Q,6239,2026-05-13
台新桃園,223.0,1000,0,9B2v,6239,2026-05-13
台新宜蘭,231.5,0,1000,9B2U,6239,2026-05-13
台新城東,223.0,0,1000,9B2r,6239,2026-05-13
台新城東,225.0,0,1000,9B2r,6239,2026-05-13
台新城東,229.5,0,1000,9B2r,6239,2026-05-13
台新城東,231.5,0,1000,9B2r,6239,2026-05-13
台新基隆,222.0,0,1000,9B2S,6239,2026-05-13
台新基隆,229.0,0,1000,9B2S,6239,2026-05-13
台新基隆,231.5,4,0,9B2S,6239,2026-05-13
台新桃園,220.5,1000,0,9B2v,6239,2026-05-13
台新世貿,229.5,1000,0,9B2u,6239,2026-05-13
台新世貿,231.5,100,0,9B2u,6239,2026-05-13
台新宜蘭,220.5,1000,0,9B2U,6239,2026-05-13
台新宜蘭,222.0,3000,0,9B2U,6239,2026-05-13
台新宜蘭,223.0,0,5000,9B2U,6239,2026-05-13
台新宜蘭,224.0,0,1000,9B2U,6239,2026-05-13
台新宜蘭,229.5,9,0,9B2U,6239,2026-05-13
台新宜蘭,230.5,0,8000,9B2U,6239,2026-05-13
台新世貿,230.5,0,1090,9B2u,6239,2026-05-13
永豐板盛,222.5,6,4200,9A9Y,6239,2026-05-13
統一高雄,230.0,0,100,5851,6239,2026-05-13
統一敦南,223.0,0,1000,5852,6239,2026-05-13
國票新莊,222.5,0,75,779G,6239,2026-05-13
國票新莊,230.0,0,300,779G,6239,2026-05-13
國票嘉義,232.0,0,100,779H,6239,2026-05-13
國票和平,228.0,20,0,779j,6239,2026-05-13
國票和平,232.0,0,200,779j,6239,2026-05-13
國票北高,223.0,1000,0,779J,6239,2026-05-13
國票北高,227.0,1000,0,779J,6239,2026-05-13
國票北高,230.0,0,1000,779J,6239,2026-05-13
國票中港,222.0,0,4000,779m,6239,2026-05-13
國票中港,223.5,0,1000,779m,6239,2026-05-13
國票中港,229.5,2000,2000,779m,6239,2026-05-13
國票南京,223.5,8250,0,779n,6239,2026-05-13
國票南京,229.5,50,1000,779n,6239,2026-05-13
國票南京,230.5,50,0,779n,6239,2026-05-13
國票九鼎,221.0,1000,0,779P,6239,2026-05-13
國票南崁,231.5,1000,0,779E,6239,2026-05-13
國票南崁,229.0,0,1000,779E,6239,2026-05-13
國票南科,231.5,1000,1000,779e,6239,2026-05-13
國票南科,230.0,3000,2050,779e,6239,2026-05-13
國票中正,222.0,1000,0,7797,6239,2026-05-13
國票中正,223.5,0,120,7797,6239,2026-05-13
國票內壢,222.5,0,3000,7798,6239,2026-05-13
國票內壢,226.5,0,1000,7798,6239,2026-05-13
國票內壢,229.0,0,1000,7798,6239,2026-05-13
國票內壢,230.0,0,3,7798,6239,2026-05-13
國票內壢,231.0,1000,0,7798,6239,2026-05-13
國票九鼎,222.5,2,20,779P,6239,2026-05-13
國票敦北,221.0,1000,0,779c,6239,2026-05-13
國票敦北,228.5,1000,0,779c,6239,2026-05-13
國票台南,220.5,1000,0,779D,6239,2026-05-13
國票台南,228.0,0,4000,779D,6239,2026-05-13
國票台南,229.5,0,1000,779D,6239,2026-05-13
國票台南,230.5,0,1000,779D,6239,2026-05-13
國票南科,221.0,100,0,779e,6239,2026-05-13
國票南科,227.5,0,2000,779e,6239,2026-05-13
國票敦北,222.5,0,131,779c,6239,2026-05-13
國票九鼎,229.0,1000,1000,779P,6239,2026-05-13
國票九鼎,230.0,4310,200,779P,6239,2026-05-13
國票九鼎,231.0,1020,0,779P,6239,2026-05-13
國票安和,228.5,60000,1000,779Z,6239,2026-05-13
國票安和,230.0,60000,1000,779Z,6239,2026-05-13
安泰,221.0,0,2000,8380,6239,2026-05-13
安泰,222.5,2020,0,8380,6239,2026-05-13
安泰,229.0,1000,0,8380,6239,2026-05-13
安泰大發,230.0,1000,0,8381,6239,2026-05-13
安泰楠梓,231.5,0,1000,8382,6239,2026-05-13
國票安和,227.5,13000,0,779Z,6239,2026-05-13
摩根大通,221.0,0,55000,8440,6239,2026-05-13
摩根大通,223.0,28000,75000,8440,6239,2026-05-13
摩根大通,224.0,0,27000,8440,6239,2026-05-13
摩根大通,225.5,0,1000,8440,6239,2026-05-13
摩根大通,227.0,0,27000,8440,6239,2026-05-13
摩根大通,228.0,0,19000,8440,6239,2026-05-13
摩根大通,229.0,23000,68000,8440,6239,2026-05-13
摩根大通,230.0,64000,19000,8440,6239,2026-05-13
摩根大通,222.0,63000,35000,8440,6239,2026-05-13
國票南港,229.0,1000,0,7795,6239,2026-05-13
國票安和,226.5,50000,0,779Z,6239,2026-05-13
國票安和,223.5,5000,1000,779Z,6239,2026-05-13
國票桃園,229.0,0,1000,779r,6239,2026-05-13
國票長城,221.0,1000,0,779u,6239,2026-05-13
國票長城,229.5,8000,0,779u,6239,2026-05-13
國票台中,222.5,300,0,779v,6239,2026-05-13
國票台中,232.0,0,1,779v,6239,2026-05-13
國票天祥,229.5,1000,0,779V,6239,2026-05-13
國票彰化,224.5,0,1000,779W,6239,2026-05-13
國票安和,225.0,1000,0,779Z,6239,2026-05-13
國票中和,227.5,5000,0,779X,6239,2026-05-13
國票中和,231.5,0,1000,779X,6239,2026-05-13
國票博愛,222.5,2000,0,779z,6239,2026-05-13
國票博愛,223.5,0,2000,779z,6239,2026-05-13
國票博愛,225.0,0,1000,779z,6239,2026-05-13
國票博愛,228.0,0,100,779z,6239,2026-05-13
國票博愛,231.0,2,0,779z,6239,2026-05-13
國票安和,221.0,4010,0,779Z,6239,2026-05-13
國票中和,230.5,0,1000,779X,6239,2026-05-13
國票南港,222.0,1030,0,7795,6239,2026-05-13
國票北投,221.0,1000,0,7792,6239,2026-05-13
國票綜合,232.0,17000,0,7790,6239,2026-05-13
兆豐復興,223.5,2000,0,700p,6239,2026-05-13
兆豐復興,226.5,0,1000,700p,6239,2026-05-13
兆豐復興,229.0,11000,0,700p,6239,2026-05-13
兆豐復興,230.0,0,1000,700p,6239,2026-05-13
兆豐復興,231.0,1000,4000,700p,6239,2026-05-13
兆豐復興,232.0,0,2000,700p,6239,2026-05-13
兆豐南京,223.0,50,0,700P,6239,2026-05-13
兆豐復興,222.5,2000,0,700p,6239,2026-05-13
兆豐南京,229.5,1000,0,700P,6239,2026-05-13
兆豐寶成,221.5,2000,0,700r,6239,2026-05-13
兆豐寶成,223.5,0,50,700r,6239,2026-05-13
兆豐寶成,229.0,1000,0,700r,6239,2026-05-13
兆豐寶成,230.0,0,1000,700r,6239,2026-05-13
兆豐小港,223.0,1000,0,700R,6239,2026-05-13
兆豐岡山,222.0,65,0,700s,6239,2026-05-13
兆豐岡山,229.5,0,1000,700s,6239,2026-05-13
兆豐寶成,220.5,10,0,700r,6239,2026-05-13
兆豐岡山,231.0,0,1000,700s,6239,2026-05-13
兆豐復興,221.0,1000,0,700p,6239,2026-05-13
兆豐埔墘,223.0,1000,0,700N,6239,2026-05-13
兆豐大安,230.5,0,150,700j,6239,2026-05-13
兆豐公益,222.5,23,0,700J,6239,2026-05-13
兆豐公益,224.0,200,0,700J,6239,2026-05-13
兆豐公益,229.5,0,1000,700J,6239,2026-05-13
兆豐公益,231.5,500,0,700J,6239,2026-05-13
兆豐員林,221.0,100,0,700k,6239,2026-05-13
兆豐員林,229.0,1000,0,700k,6239,2026-05-13
兆豐埔墘,231.0,0,5000,700N,6239,2026-05-13
兆豐新營,220.0,5,0,700K,6239,2026-05-13
兆豐新營,224.5,0,1000,700K,6239,2026-05-13
兆豐新營,229.0,1000,10,700K,6239,2026-05-13
兆豐新營,230.0,1000,0,700K,6239,2026-05-13
兆豐新營,231.5,0,2000,700K,6239,2026-05-13
兆豐天母,223.5,0,200,700L,6239,2026-05-13
兆豐天母,230.0,0,325,700L,6239,2026-05-13
兆豐桃園,229.5,1000,0,700M,6239,2026-05-13
兆豐新營,222.5,1350,1000,700K,6239,2026-05-13
摩根大通,231.0,0,4000,8440,6239,2026-05-13
兆豐大同,229.0,200,0,700S,6239,2026-05-13
兆豐桃鶯,229.5,0,1000,700U,6239,2026-05-13
致和金華,224.0,0,1,7034,6239,2026-05-13
致和東門,223.0,0,1000,7035,6239,2026-05-13
致和東門,224.0,0,1000,7035,6239,2026-05-13
致和高雄,230.5,0,1000,7036,6239,2026-05-13
致和南京,223.0,1000,0,7038,6239,2026-05-13
致和南京,231.0,0,100,7038,6239,2026-05-13
致和崇德,224.0,0,100,703B,6239,2026-05-13
致和金華,222.0,1000,0,7034,6239,2026-05-13
致和崇德,229.5,0,100,703B,6239,2026-05-13
北城,227.5,0,1000,7750,6239,2026-05-13
國票綜合,221.0,1000,44000,7790,6239,2026-05-13
國票綜合,222.5,2048,3664,7790,6239,2026-05-13
國票綜合,223.5,0,1361,7790,6239,2026-05-13
國票綜合,229.0,1000,0,7790,6239,2026-05-13
國票綜合,230.0,5000,1000,7790,6239,2026-05-13
國票綜合,231.0,7775,1000,7790,6239,2026-05-13
北城,223.0,0,2000,7750,6239,2026-05-13
兆豐桃鶯,222.0,2000,5000,700U,6239,2026-05-13
致和佳里,229.0,0,1000,7032,6239,2026-05-13
致和,230.5,0,3000,7030,6239,2026-05-13
兆豐桃鶯,232.0,0,8,700U,6239,2026-05-13
兆豐新竹,222.0,5,0,700V,6239,2026-05-13
兆豐新竹,224.0,0,3000,700V,6239,2026-05-13
兆豐新竹,229.0,0,500,700V,6239,2026-05-13
兆豐新竹,230.5,0,1000,700V,6239,2026-05-13
兆豐新莊,220.5,100,0,700w,6239,2026-05-13
兆豐新莊,229.5,0,1000,700w,6239,2026-05-13
致和佳里,222.5,0,1000,7032,6239,2026-05-13
兆豐城中,222.0,1000,0,700W,6239,2026-05-13
兆豐永和,222.0,50,0,700X,6239,2026-05-13
兆豐永和,224.0,1000,0,700X,6239,2026-05-13
兆豐高雄,221.5,600,0,700Z,6239,2026-05-13
兆豐高雄,222.5,1000,850,700Z,6239,2026-05-13
兆豐高雄,225.5,0,1000,700Z,6239,2026-05-13
兆豐高雄,230.0,0,1200,700Z,6239,2026-05-13
兆豐高雄,232.0,10,0,700Z,6239,2026-05-13
兆豐城中,223.0,625,1000,700W,6239,2026-05-13
摩根大通,232.0,6000,70000,8440,6239,2026-05-13
康和,226.5,10000,0,8450,6239,2026-05-13
康和,228.0,18000,0,8450,6239,2026-05-13
聯邦三重,222.5,210,160,8585,6239,2026-05-13
聯邦大業,224.5,0,3000,8586,6239,2026-05-13
聯邦大業,230.0,1000,2000,8586,6239,2026-05-13
聯邦大業,231.0,450,0,8586,6239,2026-05-13
聯邦興中,222.0,20,0,8587,6239,2026-05-13
聯邦興中,230.0,0,2000,8587,6239,2026-05-13
聯邦台南,220.5,1000,0,8588,6239,2026-05-13
聯邦三重,221.5,108,0,8585,6239,2026-05-13
聯邦台南,221.5,1000,0,8588,6239,2026-05-13
聯邦台南,223.5,0,1000,8588,6239,2026-05-13
聯邦台南,230.0,0,1000,8588,6239,2026-05-13
聯邦台南,232.0,0,100,8588,6239,2026-05-13
陽信,221.0,10000,0,8710,6239,2026-05-13
陽信,224.0,0,20000,8710,6239,2026-05-13
陽信,230.0,0,1000,8710,6239,2026-05-13
陽信石牌,221.0,300,0,8711,6239,2026-05-13
聯邦台南,222.5,1000,2000,8588,6239,2026-05-13
陽信石牌,229.5,0,1000,8711,6239,2026-05-13
聯邦雙和,229.5,0,10,8584,6239,2026-05-13
聯邦忠孝,229.0,0,2000,8583,6239,2026-05-13
新光台南,229.5,2200,0,8564,6239,2026-05-13
新光台南,230.5,120,1089,8564,6239,2026-05-13
新光桃園,221.5,1000,0,8565,6239,2026-05-13
新光桃園,222.5,2148,1000,8565,6239,2026-05-13
新光桃園,224.0,0,1000,8565,6239,2026-05-13
新光桃園,229.0,100,0,8565,6239,2026-05-13
新光桃園,230.0,0,1020,8565,6239,2026-05-13
聯邦忠孝,230.0,0,1000,8583,6239,2026-05-13
新光桃園,231.0,0,1000,8565,6239,2026-05-13
聯邦,222.0,100,0,8580,6239,2026-05-13
聯邦,223.0,2100,0,8580,6239,2026-05-13
聯邦高雄,222.0,0,2000,8581,6239,2026-05-13
聯邦高雄,223.5,0,100,8581,6239,2026-05-13
聯邦嘉義,228.5,1000,0,8582,6239,2026-05-13
聯邦忠孝,220.5,1000,0,8583,6239,2026-05-13
聯邦忠孝,222.0,305,0,8583,6239,2026-05-13
聯邦,220.5,110,0,8580,6239,2026-05-13
新光台南,225.0,0,1000,8564,6239,2026-05-13
陽信石牌,231.0,1000,0,8711,6239,2026-05-13
陽信高雄,229.0,0,1000,8713,6239,2026-05-13
玉山新莊,230.5,1000,2000,8842,6239,2026-05-13
玉山新莊,231.5,100,0,8842,6239,2026-05-13
玉山高雄,220.5,1000,0,8843,6239,2026-05-13
玉山高雄,221.5,20,0,8843,6239,2026-05-13
玉山高雄,222.5,4250,10,8843,6239,2026-05-13
玉山高雄,223.5,3000,1000,8843,6239,2026-05-13
玉山高雄,225.0,1000,1000,8843,6239,2026-05-13
玉山新莊,229.5,2000,2000,8842,6239,2026-05-13
玉山高雄,227.5,10,108,8843,6239,2026-05-13
玉山高雄,229.5,132,2490,8843,6239,2026-05-13
玉山高雄,230.5,68,200,8843,6239,2026-05-13
玉山高雄,232.0,100,100,8843,6239,2026-05-13
玉山板橋,221.0,1000,600,8846,6239,2026-05-13
玉山板橋,222.5,100,0,8846,6239,2026-05-13
玉山板橋,229.0,10,3501,8846,6239,2026-05-13
華南三重,226.5,1000,0,9369,6239,2026-05-13
玉山高雄,228.5,1000,300,8843,6239,2026-05-13
陽信高雄,222.0,1000,0,8713,6239,2026-05-13
玉山新莊,228.5,0,3000,8842,6239,2026-05-13
玉山新莊,223.5,0,1000,8842,6239,2026-05-13
玉山,220.0,1000,0,8840,6239,2026-05-13
玉山,222.0,50,1000,8840,6239,2026-05-13
玉山,223.0,1065,1,8840,6239,2026-05-13
玉山,224.0,10,335,8840,6239,2026-05-13
玉山,227.0,0,1000,8840,6239,2026-05-13
玉山,228.5,50,0,8840,6239,2026-05-13
玉山,229.5,30,5000,8840,6239,2026-05-13
玉山新莊,227.0,216,0,8842,6239,2026-05-13
玉山,230.5,0,1000,8840,6239,2026-05-13
玉山雙和,222.0,150,0,8841,6239,2026-05-13
玉山雙和,223.5,0,15,8841,6239,2026-05-13
玉山雙和,229.0,0,1000,8841,6239,2026-05-13
玉山雙和,231.0,0,1000,8841,6239,2026-05-13
玉山新莊,220.5,2250,0,8842,6239,2026-05-13
玉山新莊,221.5,3000,0,8842,6239,2026-05-13
玉山新莊,222.5,2033,0,8842,6239,2026-05-13
玉山,232.0,25,1000,8840,6239,2026-05-13
兆豐大安,228.5,0,1000,700j,6239,2026-05-13
新光台南,223.5,3000,0,8564,6239,2026-05-13
新光台南,221.5,50,2000,8564,6239,2026-05-13
康和板橋,224.0,0,1000,845D,6239,2026-05-13
康和板橋,227.0,0,3000,845D,6239,2026-05-13
康和澎湖,229.5,0,1000,845E,6239,2026-05-13
康和高雄,222.5,1300,0,845J,6239,2026-05-13
康和高雄,228.5,0,1000,845J,6239,2026-05-13
康和高雄,231.0,1000,0,845J,6239,2026-05-13
康和石牌,220.5,1000,0,845R,6239,2026-05-13
康和板橋,223.0,1000,0,845D,6239,2026-05-13
康和石牌,223.5,0,21000,845R,6239,2026-05-13
康和石牌,230.0,0,1000,845R,6239,2026-05-13
康和石牌,232.0,0,1000,845R,6239,2026-05-13
康和南崁,229.0,1000,0,845S,6239,2026-05-13
康和台北,222.5,1000,0,845U,6239,2026-05-13
康和台北,228.5,0,1000,845U,6239,2026-05-13
康和台北,230.5,0,1000,845U,6239,2026-05-13
康和台北,232.0,0,3000,845U,6239,2026-05-13
康和石牌,228.5,0,1000,845R,6239,2026-05-13
康和屏東,222.5,500,0,845X,6239,2026-05-13
康和板橋,222.0,1000,0,845D,6239,2026-05-13
康和內湖,231.0,500,0,845A,6239,2026-05-13
康和,229.0,21000,0,8450,6239,2026-05-13
康和,230.0,6000,0,8450,6239,2026-05-13
康和,231.0,1000,0,8450,6239,2026-05-13
康和延平,221.5,2000,0,8451,6239,2026-05-13
康和台中,221.0,1000,0,8455,6239,2026-05-13
康和台中,222.0,1000,0,8455,6239,2026-05-13
康和台中,224.0,1000,0,8455,6239,2026-05-13
康和永和,230.0,0,9,845B,6239,2026-05-13
康和台中,229.5,0,6000,8455,6239,2026-05-13
康和新竹,230.0,0,200,8456,6239,2026-05-13
康和台南,222.5,0,2000,8458,6239,2026-05-13
康和台南,229.5,0,200,8458,6239,2026-05-13
康和嘉義,221.0,261,0,8459,6239,2026-05-13
康和嘉義,223.5,0,2000,8459,6239,2026-05-13
康和嘉義,230.0,0,1000,8459,6239,2026-05-13
康和嘉義,232.0,0,1000,8459,6239,2026-05-13
康和台中,231.0,1000,0,8455,6239,2026-05-13
新光台南,222.5,3061,1000,8564,6239,2026-05-13
京城,228.5,1000,0,8490,6239,2026-05-13
京城嘉義,230.0,0,800,8492,6239,2026-05-13
新光高雄,220.5,1010,0,8562,6239,2026-05-13
新光高雄,221.5,10,0,8562,6239,2026-05-13
新光高雄,222.5,5,1000,8562,6239,2026-05-13
新光高雄,224.0,10,350,8562,6239,2026-05-13
新光高雄,227.0,0,1000,8562,6239,2026-05-13
新光高雄,229.5,15000,3000,8562,6239,2026-05-13
新光高雄,230.5,16000,20,8562,6239,2026-05-13
新光台中,231.5,200,0,8561,6239,2026-05-13
新光高雄,231.5,225,11000,8562,6239,2026-05-13
新光新竹,222.0,10154,0,8563,6239,2026-05-13
新光新竹,223.0,2000,3650,8563,6239,2026-05-13
新光新竹,225.5,0,1000,8563,6239,2026-05-13
新光新竹,229.0,1000,200,8563,6239,2026-05-13
新光新竹,230.0,1540,55,8563,6239,2026-05-13
新光新竹,231.0,1000,2174,8563,6239,2026-05-13
新光新竹,232.0,1250,4345,8563,6239,2026-05-13
新光新竹,221.0,3,0,8563,6239,2026-05-13
京城,231.5,2000,0,8490,6239,2026-05-13
新光台中,230.5,100,1000,8561,6239,2026-05-13
新光台中,228.5,0,1000,8561,6239,2026-05-13
新光,220.5,4025,1000,8560,6239,2026-05-13
新光,221.5,136,1030,8560,6239,2026-05-13
新光,222.5,3486,4800,8560,6239,2026-05-13
新光,223.5,7000,2821,8560,6239,2026-05-13
新光,224.5,1000,0,8560,6239,2026-05-13
新光,226.5,1000,0,8560,6239,2026-05-13
新光,228.0,4000,4000,8560,6239,2026-05-13
新光台中,229.5,30,3000,8561,6239,2026-05-13
新光,229.0,5500,6080,8560,6239,2026-05-13
新光,231.0,3300,6658,8560,6239,2026-05-13
新光,232.0,7470,16100,8560,6239,2026-05-13
新光台中,220.5,0,1000,8561,6239,2026-05-13
新光台中,221.5,1000,0,8561,6239,2026-05-13
新光台中,222.5,49,0,8561,6239,2026-05-13
新光台中,223.5,450,400,8561,6239,2026-05-13
新光台中,227.0,1000,0,8561,6239,2026-05-13
新光,230.0,6050,10710,8560,6239,2026-05-13
統一敦南,222.0,1000,0,5852,6239,2026-05-13
兆豐大安,222.0,2000,0,700j,6239,2026-05-13
兆豐北高,223.5,0,15,700I,6239,2026-05-13
中銀豐原,228.5,1270,1000,611A,6239,2026-05-13
中銀豐原,229.5,1000,0,611A,6239,2026-05-13
中銀豐原,230.5,0,1000,611A,6239,2026-05-13
中國信託,220.5,1100,1000,6160,6239,2026-05-13
中國信託,221.5,0,2000,6160,6239,2026-05-13
中國信託,222.5,1070,250,6160,6239,2026-05-13
中國信託,223.5,40,220,6160,6239,2026-05-13
中國信託,226.0,0,20,6160,6239,2026-05-13
中國信託,229.0,4000,0,6160,6239,2026-05-13
中國信託,230.0,3000,4400,6160,6239,2026-05-13
中國信託,231.0,4000,1730,6160,6239,2026-05-13
中國信託,232.0,3010,1120,6160,6239,2026-05-13
中信三重,222.5,95,0,6161,6239,2026-05-13
中信三重,228.0,0,24,6161,6239,2026-05-13
中信三重,229.5,0,50,6161,6239,2026-05-13
中銀豐原,224.5,100,0,611A,6239,2026-05-13
中銀豐原,222.5,1000,2000,611A,6239,2026-05-13
中銀員林,232.0,50,0,6114,6239,2026-05-13
中銀員林,229.0,100,100,6114,6239,2026-05-13
?亞網路,221.5,1000,0,6012,6239,2026-05-13
?亞網路,223.5,0,1000,6012,6239,2026-05-13
?亞網路,230.5,2200,0,6012,6239,2026-05-13
?亞鑫豐,221.5,0,1000,601d,6239,2026-05-13
?亞鑫豐,222.5,40,0,601d,6239,2026-05-13
?亞鑫豐,229.0,2050,0,601d,6239,2026-05-13
?亞鑫豐,230.0,25,4,601d,6239,2026-05-13
中信三重,231.0,0,1050,6161,6239,2026-05-13
台中銀,221.5,100,0,6110,6239,2026-05-13
台中銀,224.0,0,400,6110,6239,2026-05-13
台中銀,225.0,0,3000,6110,6239,2026-05-13
台中銀,227.5,0,3000,6110,6239,2026-05-13
台中銀,229.5,0,2000,6110,6239,2026-05-13
台中銀,231.5,0,3000,6110,6239,2026-05-13
中銀員林,222.0,1000,0,6114,6239,2026-05-13
中銀員林,228.0,0,1000,6114,6239,2026-05-13
台中銀,223.0,1007,0,6110,6239,2026-05-13
中信三重,232.0,1000,200,6161,6239,2026-05-13
中信託忠,221.5,2000,0,6162,6239,2026-05-13
中信託忠,224.0,1000,0,6162,6239,2026-05-13
中信松江,221.0,0,1000,6167,6239,2026-05-13
中信松江,229.0,0,200,6167,6239,2026-05-13
中信嘉義,220.5,1000,0,6168,6239,2026-05-13
中信嘉義,223.0,40,0,6168,6239,2026-05-13
中信嘉義,229.0,1000,3000,6168,6239,2026-05-13
中信中壢,222.0,10,1000,616A,6239,2026-05-13
中信中壢,223.5,0,1000,616A,6239,2026-05-13
中信託新,230.0,1300,90,6165,6239,2026-05-13
中信中壢,228.5,1000,0,616A,6239,2026-05-13
中信中壢,231.0,1000,0,616A,6239,2026-05-13
中信中壢,232.0,1000,0,616A,6239,2026-05-13
中信託高,221.5,2000,0,616K,6239,2026-05-13
中信託高,222.5,0,113,616K,6239,2026-05-13
中信託高,223.5,100,1000,616K,6239,2026-05-13
中信託高,224.5,200,0,616K,6239,2026-05-13
中信託高,227.5,0,1000,616K,6239,2026-05-13
中信中壢,229.5,100,0,616A,6239,2026-05-13
日茂,223.0,0,1000,5960,6239,2026-05-13
中信託新,228.0,0,28,6165,6239,2026-05-13
中信託新,222.0,0,2000,6165,6239,2026-05-13
中信託忠,229.5,0,3000,6162,6239,2026-05-13
中信託忠,230.5,0,3000,6162,6239,2026-05-13
中信託忠,231.5,0,3400,6162,6239,2026-05-13
中信託永,221.0,0,1000,6163,6239,2026-05-13
中信託永,223.0,1100,100,6163,6239,2026-05-13
中信託永,224.0,0,4000,6163,6239,2026-05-13
中信託永,228.5,1000,20100,6163,6239,2026-05-13
中信託新,223.0,0,1000,6165,6239,2026-05-13
中信託永,230.0,1000,1000,6163,6239,2026-05-13
中信託文,220.5,0,1000,6164,6239,2026-05-13
中信託文,221.5,250,0,6164,6239,2026-05-13
中信託文,222.5,0,5000,6164,6239,2026-05-13
中信託文,228.0,0,1000,6164,6239,2026-05-13
中信託文,229.0,1000,2000,6164,6239,2026-05-13
中信託文,230.0,2000,1000,6164,6239,2026-05-13
中信託文,231.5,200,1000,6164,6239,2026-05-13
中信託永,231.0,0,1100,6163,6239,2026-05-13
盈溢籬子內,222.5,0,1000,5861,6239,2026-05-13
統一松江,231.5,0,50,585Z,6239,2026-05-13
統一松江,227.0,0,100,585Z,6239,2026-05-13
統一嘉義,231.5,0,2010,5858,6239,2026-05-13
統一屏東,223.0,0,2000,5859,6239,2026-05-13
統一屏東,229.5,10,0,5859,6239,2026-05-13
統一屏東,230.5,2000,0,5859,6239,2026-05-13
統一基隆,222.5,15,0,585A,6239,2026-05-13
統一基隆,230.0,0,1000,585A,6239,2026-05-13
統一內湖,223.5,1000,0,585b,6239,2026-05-13
統一嘉義,229.5,28,0,5858,6239,2026-05-13
統一內湖,230.0,0,2000,585b,6239,2026-05-13
統一仁愛,229.5,0,1000,585c,6239,2026-05-13
統一仁愛,230.5,100,0,585c,6239,2026-05-13
統一新台中,221.0,50000,0,585D,6239,2026-05-13
統一新台中,223.0,50,100000,585D,6239,2026-05-13
統一新台中,229.0,0,100000,585D,6239,2026-05-13
統一新台中,230.0,2000,0,585D,6239,2026-05-13
統一新台中,231.0,0,2000,585D,6239,2026-05-13
統一永和,229.5,4000,0,585B,6239,2026-05-13
統一新營,229.5,0,1000,585E,6239,2026-05-13
統一嘉義,223.0,2,2000,5858,6239,2026-05-13
統一新竹,230.5,0,6000,5857,6239,2026-05-13
統一敦南,229.5,1002,0,5852,6239,2026-05-13
統一敦南,231.5,1000,0,5852,6239,2026-05-13
統一中壢,222.5,6,0,5853,6239,2026-05-13
統一中壢,229.5,0,1000,5853,6239,2026-05-13
統一城中,221.5,1000,0,5854,6239,2026-05-13
統一城中,223.0,20,2000,5854,6239,2026-05-13
統一城中,226.5,0,1000,5854,6239,2026-05-13
統一嘉義,222.0,2,0,5858,6239,2026-05-13
統一城中,231.0,0,1020,5854,6239,2026-05-13
統一台中,221.0,5,100,5856,6239,2026-05-13
統一台中,222.5,115,0,5856,6239,2026-05-13
統一台中,229.0,250,1000,5856,6239,2026-05-13
統一新竹,222.0,10000,0,5857,6239,2026-05-13
統一新竹,223.5,1000,0,5857,6239,2026-05-13
統一新竹,228.0,0,4000,5857,6239,2026-05-13
統一新竹,229.5,0,100,5857,6239,2026-05-13
統一台南,223.0,250,1000,5855,6239,2026-05-13
中信託高,229.5,50,0,616K,6239,2026-05-13
統一新營,230.5,0,999,585E,6239,2026-05-13
統一平鎮,222.0,2000,0,585g,6239,2026-05-13
統一板橋,222.5,5000,0,585P,6239,2026-05-13
統一板橋,228.5,0,1000,585P,6239,2026-05-13
統一三多,222.5,0,200,585Q,6239,2026-05-13
統一三多,229.5,32500,0,585Q,6239,2026-05-13
統一東湖,220.5,100,300,585R,6239,2026-05-13
統一東湖,223.0,1000,0,585R,6239,2026-05-13
統一東湖,229.5,7000,0,585R,6239,2026-05-13
統一士林,227.0,0,100,585M,6239,2026-05-13
統一東湖,231.0,0,2000,585R,6239,2026-05-13
統一南京,221.0,1000,0,585U,6239,2026-05-13
統一南京,228.0,0,450,585U,6239,2026-05-13
統一南京,229.5,0,205,585U,6239,2026-05-13
統一南京,232.0,280000,0,585U,6239,2026-05-13
統一土城,222.5,100,0,585Y,6239,2026-05-13
統一土城,230.0,30000,0,585Y,6239,2026-05-13
統一松江,222.0,1,0,585Z,6239,2026-05-13
統一宜蘭,220.0,100,0,585S,6239,2026-05-13
統一彰化,222.5,300,0,585F,6239,2026-05-13
統一士林,220.5,1000,0,585M,6239,2026-05-13
統一竹南,230.0,100,0,585m,6239,2026-05-13
統一平鎮,230.5,1000,0,585g,6239,2026-05-13
統一平鎮,232.0,1000,0,585g,6239,2026-05-13
統一桃園,222.5,100,0,585H,6239,2026-05-13
統一桃園,225.0,0,6000,585H,6239,2026-05-13
統一桃園,229.5,0,1000,585H,6239,2026-05-13
統一員林,229.5,2000,0,585I,6239,2026-05-13
統一三重,221.5,1000,0,585J,6239,2026-05-13
統一竹南,231.0,100,6000,585m,6239,2026-05-13
統一三重,223.5,1000,1000,585J,6239,2026-05-13
統一三重,228.0,2000,0,585J,6239,2026-05-13
統一三重,230.0,0,2100,585J,6239,2026-05-13
統一三重,231.0,0,1000,585J,6239,2026-05-13
統一竹南,222.5,3000,0,585m,6239,2026-05-13
統一竹南,223.5,5000,0,585m,6239,2026-05-13
統一竹南,225.0,0,10,585m,6239,2026-05-13
統一竹南,229.0,10000,0,585m,6239,2026-05-13
統一三重,224.5,0,1000,585J,6239,2026-05-13
中信託高,230.5,0,1000,616K,6239,2026-05-13
中信託高,231.5,1050,2000,616K,6239,2026-05-13
新百王,221.0,1010,0,6210,6239,2026-05-13
兆豐台南,231.0,0,1000,7006,6239,2026-05-13
兆豐竹北,220.5,50,0,7007,6239,2026-05-13
兆豐竹北,222.0,2000,1000,7007,6239,2026-05-13
兆豐竹北,223.0,400,1000,7007,6239,2026-05-13
兆豐竹北,232.0,0,3000,7007,6239,2026-05-13
兆豐三重,220.5,6,0,7008,6239,2026-05-13
兆豐三重,229.0,1000,3000,7008,6239,2026-05-13
兆豐台南,227.5,0,25,7006,6239,2026-05-13
兆豐三重,230.0,300,250,7008,6239,2026-05-13
兆豐忠孝,222.0,2200,0,700a,6239,2026-05-13
兆豐忠孝,230.0,0,2000,700a,6239,2026-05-13
兆豐忠孝,232.0,1000,2000,700a,6239,2026-05-13
兆豐中壢,230.0,0,1000,700b,6239,2026-05-13
兆豐中壢,231.0,0,1000,700b,6239,2026-05-13
兆豐板橋,223.0,2000,0,700B,6239,2026-05-13
兆豐板橋,229.5,0,1000,700B,6239,2026-05-13
兆豐三重,232.0,110,1000,7008,6239,2026-05-13
兆豐板橋,231.0,0,1000,700B,6239,2026-05-13
兆豐台南,224.5,0,50,7006,6239,2026-05-13
兆豐台南,220.5,50,0,7006,6239,2026-05-13
兆豐,221.5,0,5000,7000,6239,2026-05-13
兆豐,228.0,9100,0,7000,6239,2026-05-13
兆豐,229.0,2000,2000,7000,6239,2026-05-13
兆豐,230.0,9000,0,7000,6239,2026-05-13
兆豐,231.0,2000,0,7000,6239,2026-05-13
兆豐,232.0,7000,0,7000,6239,2026-05-13
兆豐嘉義,221.5,0,1000,7001,6239,2026-05-13
兆豐台南,223.5,0,50,7006,6239,2026-05-13
兆豐嘉義,229.0,0,10000,7001,6239,2026-05-13
兆豐台中,230.0,1000,1150,7003,6239,2026-05-13
兆豐台中,232.0,4000,15,7003,6239,2026-05-13
兆豐中港,222.0,1000,0,7005,6239,2026-05-13
兆豐中港,223.0,100,0,7005,6239,2026-05-13
兆豐中港,229.5,2000,1000,7005,6239,2026-05-13
兆豐中港,230.5,0,1000,7005,6239,2026-05-13
兆豐中港,231.5,1000,1000,7005,6239,2026-05-13
兆豐台中,220.5,100,0,7003,6239,2026-05-13
兆豐,220.5,0,5000,7000,6239,2026-05-13
兆豐民生,220.5,100,0,700c,6239,2026-05-13
兆豐民生,228.0,0,1000,700c,6239,2026-05-13
兆豐南門,231.5,1000,0,700g,6239,2026-05-13
兆豐麻豆,222.0,1000,0,700G,6239,2026-05-13
兆豐麻豆,223.0,0,1000,700G,6239,2026-05-13
兆豐麻豆,228.0,0,1000,700G,6239,2026-05-13
兆豐麻豆,229.5,0,2000,700G,6239,2026-05-13
兆豐麻豆,230.5,0,8,700G,6239,2026-05-13
兆豐三民,220.5,300,0,700h,6239,2026-05-13
兆豐南門,230.0,2000,0,700g,6239,2026-05-13
兆豐三民,223.0,1000,0,700h,6239,2026-05-13
兆豐三民,231.5,0,1000,700h,6239,2026-05-13
兆豐東門,221.0,1000,0,700H,6239,2026-05-13
兆豐松德,222.5,0,1000,700i,6239,2026-05-13
兆豐松德,229.0,4000,0,700i,6239,2026-05-13
兆豐松德,230.0,2000,0,700i,6239,2026-05-13
兆豐松德,231.0,0,50,700i,6239,2026-05-13
兆豐北高,222.5,100,2000,700I,6239,2026-05-13
兆豐三民,229.0,1010,0,700h,6239,2026-05-13
兆豐民生,222.0,0,3000,700c,6239,2026-05-13
兆豐南門,229.0,3000,1000,700g,6239,2026-05-13
兆豐虎尾,222.5,0,100,700F,6239,2026-05-13
兆豐民生,230.0,0,2000,700c,6239,2026-05-13
兆豐來福,221.0,1000,0,700C,6239,2026-05-13
兆豐來福,222.5,10,0,700C,6239,2026-05-13
兆豐來福,224.0,0,1000,700C,6239,2026-05-13
兆豐來福,229.0,1000,160,700C,6239,2026-05-13
兆豐來福,230.0,0,1000,700C,6239,2026-05-13
兆豐來福,231.0,0,1050,700C,6239,2026-05-13
兆豐南門,221.5,0,1,700g,6239,2026-05-13
兆豐來福,232.0,0,50,700C,6239,2026-05-13
兆豐彰化,229.0,0,2000,700d,6239,2026-05-13
兆豐彰化,230.5,4,1000,700d,6239,2026-05-13
兆豐西螺,223.5,0,1000,700D,6239,2026-05-13
兆豐西螺,230.5,1000,0,700D,6239,2026-05-13
兆豐鹿港,222.0,1000,0,700f,6239,2026-05-13
兆豐鹿港,223.5,0,1000,700f,6239,2026-05-13
兆豐鹿港,228.5,0,1000,700f,6239,2026-05-13
兆豐彰化,223.0,10,0,700d,6239,2026-05-13
兆豐北高,231.5,0,1000,700I,6239,2026-05-13
福勝,231.0,1000,0,6950,6239,2026-05-13
福勝,228.5,0,1000,6950,6239,2026-05-13
永全,227.5,0,1000,6450,6239,2026-05-13
永全,230.5,0,1000,6450,6239,2026-05-13
永全,232.0,3000,0,6450,6239,2026-05-13
永全南崁,222.0,20000,0,6451,6239,2026-05-13
永全南崁,229.0,0,1000,6451,6239,2026-05-13
永全南崁,231.0,0,1000,6451,6239,2026-05-13
永全八德,223.5,1000,0,6452,6239,2026-05-13
永全,223.5,2000,0,6450,6239,2026-05-13
永全八德,229.0,0,6000,6452,6239,2026-05-13
大昌,221.0,0,3000,6460,6239,2026-05-13
大昌,223.0,0,2002,6460,6239,2026-05-13
大昌,225.0,0,1,6460,6239,2026-05-13
大昌,230.5,0,4001,6460,6239,2026-05-13
大昌,231.5,0,1000,6460,6239,2026-05-13
大昌樹林,221.5,1000,0,6461,6239,2026-05-13
大昌樹林,222.5,200,0,6461,6239,2026-05-13
永全八德,230.0,0,5000,6452,6239,2026-05-13
大昌樹林,225.0,0,1000,6461,6239,2026-05-13
光和高雄,230.0,0,1000,638D,6239,2026-05-13
光和嘉義,229.0,25,100,638A,6239,2026-05-13
新百王,223.0,0,10,6210,6239,2026-05-13
新百王,228.0,0,1000,6210,6239,2026-05-13
新百王,229.0,0,1000,6210,6239,2026-05-13
新百王,230.0,100,0,6210,6239,2026-05-13
新百王,231.0,0,1000,6210,6239,2026-05-13
光和,222.5,50,5000,6380,6239,2026-05-13
光和,229.0,0,1000,6380,6239,2026-05-13
光和高雄,221.0,1000,0,638D,6239,2026-05-13
光和,230.0,1000,0,6380,6239,2026-05-13
光和溪湖,229.0,100,0,6381,6239,2026-05-13
光和田中,229.5,0,30,6382,6239,2026-05-13
光和和美,230.0,0,52000,6383,6239,2026-05-13
光和和美,231.5,1000,0,6383,6239,2026-05-13
光和花壇,227.5,0,2000,6385,6239,2026-05-13
光和花壇,230.5,1000,0,6385,6239,2026-05-13
光和花壇,232.0,0,2000,6385,6239,2026-05-13
光和溪湖,224.0,0,10,6381,6239,2026-05-13
福勝,229.5,0,1000,6950,6239,2026-05-13
大昌樹林,228.5,1000,0,6461,6239,2026-05-13
大昌樹林,232.0,100,0,6461,6239,2026-05-13
口袋,223.5,1025,0,6620,6239,2026-05-13
口袋,225.0,0,32,6620,6239,2026-05-13
口袋,228.5,10,0,6620,6239,2026-05-13
口袋,229.5,10,0,6620,6239,2026-05-13
口袋,230.5,106,0,6620,6239,2026-05-13
口袋,231.5,22,0,6620,6239,2026-05-13
德信,221.5,0,100,6910,6239,2026-05-13
口袋,222.5,1054,1,6620,6239,2026-05-13
德信,229.5,0,1100,6910,6239,2026-05-13
德信中正,226.0,0,1000,6912,6239,2026-05-13
德信中正,230.0,2000,1000,6912,6239,2026-05-13
德信新營,222.5,0,2000,6913,6239,2026-05-13
德信新營,226.0,0,1000,6913,6239,2026-05-13
福勝,220.5,1000,0,6950,6239,2026-05-13
福勝,222.5,1000,0,6950,6239,2026-05-13
福勝,225.0,0,1000,6950,6239,2026-05-13
德信,230.5,2000,0,6910,6239,2026-05-13
大昌樹林,230.0,0,2000,6461,6239,2026-05-13
口袋,221.5,2,0,6620,6239,2026-05-13
福邦新竹,221.0,2000,0,6489,6239,2026-05-13
大昌安康,221.5,10,0,6462,6239,2026-05-13
大昌安康,227.5,0,1000,6462,6239,2026-05-13
大昌安康,229.0,0,50,6462,6239,2026-05-13
大昌安康,231.5,1100,0,6462,6239,2026-05-13
大昌新竹,220.5,0,1000,6463,6239,2026-05-13
大昌新竹,229.0,0,1000,6463,6239,2026-05-13
大昌新竹,231.0,0,200,6463,6239,2026-05-13
口袋,220.5,0,20,6620,6239,2026-05-13
大昌新店,221.0,2000,0,6464,6239,2026-05-13
大昌新店,226.5,1000,0,6464,6239,2026-05-13
大昌新店,228.0,0,1000,6464,6239,2026-05-13
大昌新店,229.5,0,1000,6464,6239,2026-05-13
大昌新店,230.5,1000,1500,6464,6239,2026-05-13
大昌新店,231.5,0,1000,6464,6239,2026-05-13
大昌桃園,232.0,1000,0,6465,6239,2026-05-13
福邦,230.5,0,3000,6480,6239,2026-05-13
大昌新店,223.0,0,2000,6464,6239,2026-05-13
永豐板盛,221.0,0,6000,9A9Y,6239,2026-05-13
兆豐寶成,231.5,250,0,700r,6239,2026-05-13
永豐竹科,230.5,1000,7000,9A9X,6239,2026-05-13
元大大益,222.0,4000,0,9814,6239,2026-05-13
元大大益,223.0,200,0,9814,6239,2026-05-13
元大大益,229.0,0,50,9814,6239,2026-05-13
元大大益,232.0,0,1000,9814,6239,2026-05-13
元大大灣,221.0,1000,0,9815,6239,2026-05-13
元大大灣,222.5,3000,0,9815,6239,2026-05-13
元大大灣,225.0,0,50,9815,6239,2026-05-13
元大大灣,230.0,0,2050,9815,6239,2026-05-13
元大新竹,220.0,10,0,9816,6239,2026-05-13
元大新竹,221.0,3000,0,9816,6239,2026-05-13
元大新竹,222.0,10,0,9816,6239,2026-05-13
元大新竹,223.0,2000,0,9816,6239,2026-05-13
元大新竹,226.0,0,3000,9816,6239,2026-05-13
元大新竹,229.0,2000,0,9816,6239,2026-05-13
元大新竹,230.0,100,1000,9816,6239,2026-05-13
元大中崙,231.0,0,1000,9813,6239,2026-05-13
元大中崙,229.5,1000,1000,9813,6239,2026-05-13
元大中崙,228.0,1000,0,9813,6239,2026-05-13
元大中崙,223.0,1000,0,9813,6239,2026-05-13
元大府城,229.0,2004,0,980u,6239,2026-05-13
元大府城,230.0,0,20,980u,6239,2026-05-13
元大西屯,221.5,1000,0,980w,6239,2026-05-13
元大西屯,223.0,5,1000,980w,6239,2026-05-13
元大西屯,225.0,0,1000,980w,6239,2026-05-13
元大西屯,229.0,0,10,980w,6239,2026-05-13
元大西屯,231.0,1000,0,980w,6239,2026-05-13
元大新竹,231.0,0,50,9816,6239,2026-05-13
元大西屯,232.0,30,1000,980w,6239,2026-05-13
元大台中,222.5,1000,0,9812,6239,2026-05-13
元大台中,223.5,40,0,9812,6239,2026-05-13
元大台中,228.0,1000,0,9812,6239,2026-05-13
元大台中,229.0,0,400,9812,6239,2026-05-13
元大台中,230.0,1000,0,9812,6239,2026-05-13
元大台中,231.5,1000,0,9812,6239,2026-05-13
元大中崙,221.5,1000,0,9813,6239,2026-05-13
元大台中,221.5,0,1000,9812,6239,2026-05-13
元大東泰,221.0,1000,0,9817,6239,2026-05-13
元大東泰,228.0,0,1000,9817,6239,2026-05-13
元大東泰,230.0,0,1020,9817,6239,2026-05-13
元大南投,229.5,1000,0,981D,6239,2026-05-13
元大南投,231.0,0,1000,981D,6239,2026-05-13
元大南投,232.0,1000,0,981D,6239,2026-05-13
元大佳里,223.0,5000,1,981e,6239,2026-05-13
元大佳里,229.0,1000,0,981e,6239,2026-05-13
元大佳里,230.0,0,1000,981e,6239,2026-05-13
元大佳里,231.0,100,1000,981e,6239,2026-05-13
元大南投,222.5,33,0,981D,6239,2026-05-13
元大發財,221.5,1000,0,981E,6239,2026-05-13
元大發財,229.5,0,2000,981E,6239,2026-05-13
元大發財,231.5,1000,2000,981E,6239,2026-05-13
元大福營,221.0,1000,0,981F,6239,2026-05-13
元大福營,222.5,0,1000,981F,6239,2026-05-13
元大福營,224.0,0,1,981F,6239,2026-05-13
元大福營,229.0,1000,2500,981F,6239,2026-05-13
元大福營,230.0,0,500,981F,6239,2026-05-13
元大發財,223.5,0,1000,981E,6239,2026-05-13
元大府城,224.5,2,0,980u,6239,2026-05-13
元大南投,221.5,1100,0,981D,6239,2026-05-13
元大路竹,229.5,10,1000,981C,6239,2026-05-13
元大東泰,232.0,0,300,9817,6239,2026-05-13
元大歸仁,221.5,2000,2000,981a,6239,2026-05-13
元大歸仁,222.5,1020,0,981a,6239,2026-05-13
元大歸仁,228.0,1000,0,981a,6239,2026-05-13
元大歸仁,231.5,0,1090,981a,6239,2026-05-13
元大三峽,222.5,5,0,981A,6239,2026-05-13
元大三峽,223.5,15,0,981A,6239,2026-05-13
元大路竹,232.0,60,2400,981C,6239,2026-05-13
元大三峽,229.0,1020,0,981A,6239,2026-05-13
元大竹北,221.5,0,1000,981B,6239,2026-05-13
元大竹北,223.0,602,11000,981B,6239,2026-05-13
元大竹北,224.0,50,0,981B,6239,2026-05-13
元大竹北,229.5,350,0,981B,6239,2026-05-13
元大竹北,231.5,0,100,981B,6239,2026-05-13
元大路竹,221.5,20,0,981C,6239,2026-05-13
元大路竹,224.0,0,1000,981C,6239,2026-05-13
元大三峽,231.0,0,100,981A,6239,2026-05-13
元大府城,221.5,2,0,980u,6239,2026-05-13
元大南海,231.5,0,150,980R,6239,2026-05-13
元大南海,222.5,1,0,980R,6239,2026-05-13
元大,225.0,8000,4000,9800,6239,2026-05-13
元大,226.0,1000,1000,9800,6239,2026-05-13
元大,227.0,20000,8000,9800,6239,2026-05-13
元大,228.0,13129,33153,9800,6239,2026-05-13
元大,229.0,57022,31000,9800,6239,2026-05-13
元大,230.0,48354,23536,9800,6239,2026-05-13
元大,231.0,32012,13660,9800,6239,2026-05-13
元大,224.0,50,11000,9800,6239,2026-05-13
元大,232.0,40030,26000,9800,6239,2026-05-13
元大松江,230.5,100,0,9801,6239,2026-05-13
元大松江,232.0,0,2000,9801,6239,2026-05-13
元大中北,221.5,4000,0,980a,6239,2026-05-13
元大中北,222.5,1000,1400,980a,6239,2026-05-13
元大中北,223.5,0,2000,980a,6239,2026-05-13
元大中北,230.5,0,50,980a,6239,2026-05-13
元大斗六,222.5,10,0,980C,6239,2026-05-13
元大松江,223.0,0,20,9801,6239,2026-05-13
元大斗六,224.0,1000,0,980C,6239,2026-05-13
元大,223.0,67180,61291,9800,6239,2026-05-13
元大,221.0,17071,80828,9800,6239,2026-05-13
富邦嘉義,227.0,1000,0,9692,6239,2026-05-13
富邦嘉義,229.0,0,12000,9692,6239,2026-05-13
富邦嘉義,230.0,1000,2140,9692,6239,2026-05-13
富邦嘉義,231.0,2000,3000,9692,6239,2026-05-13
富邦嘉義,232.0,1000,300,9692,6239,2026-05-13
富邦新營,223.0,0,1000,9693,6239,2026-05-13
富邦新營,228.5,0,4000,9693,6239,2026-05-13
元大,222.0,29010,45736,9800,6239,2026-05-13
富邦新營,229.5,50,0,9693,6239,2026-05-13
富邦新營,232.0,0,1000,9693,6239,2026-05-13
富邦虎尾,223.0,3000,0,9697,6239,2026-05-13
富邦虎尾,229.0,50,0,9697,6239,2026-05-13
富邦虎尾,231.5,0,1000,9697,6239,2026-05-13
富邦北港,222.5,1000,0,969C,6239,2026-05-13
富邦北港,230.0,1000,0,969C,6239,2026-05-13
富邦北港,232.0,0,1000,969C,6239,2026-05-13
富邦新營,230.5,5030,0,9693,6239,2026-05-13
元大福營,231.5,200,1000,981F,6239,2026-05-13
元大斗六,229.0,1000,0,980C,6239,2026-05-13
元大斗六,231.0,1000,0,980C,6239,2026-05-13
元大台北,231.5,0,80,980h,6239,2026-05-13
元大竹科,221.0,1100,10,980K,6239,2026-05-13
元大竹科,222.0,0,3000,980K,6239,2026-05-13
元大竹科,223.0,1016,0,980K,6239,2026-05-13
元大竹科,224.0,50,0,980K,6239,2026-05-13
元大竹科,225.0,0,3000,980K,6239,2026-05-13
元大竹科,227.5,0,1000,980K,6239,2026-05-13
元大台北,230.5,22,3000,980h,6239,2026-05-13
元大竹科,229.0,1000,0,980K,6239,2026-05-13
元大竹科,231.0,50,2000,980K,6239,2026-05-13
元大竹科,232.0,20,0,980K,6239,2026-05-13
元大虎尾,229.0,0,2000,980l,6239,2026-05-13
元大虎尾,230.5,1000,0,980l,6239,2026-05-13
元大南崁,220.5,3050,0,980Q,6239,2026-05-13
元大南崁,228.5,1000,3000,980Q,6239,2026-05-13
元大南崁,229.5,25,0,980Q,6239,2026-05-13
元大竹科,230.0,3000,1000,980K,6239,2026-05-13
元大斗六,230.0,0,500,980C,6239,2026-05-13
元大台北,224.5,442,0,980h,6239,2026-05-13
元大台北,221.5,5000,0,980h,6239,2026-05-13
元大沙鹿,221.0,1000,0,980d,6239,2026-05-13
元大沙鹿,222.0,0,1000,980d,6239,2026-05-13
元大沙鹿,223.0,200,0,980d,6239,2026-05-13
元大沙鹿,229.0,230,0,980d,6239,2026-05-13
元大沙鹿,230.0,3000,0,980d,6239,2026-05-13
元大沙鹿,232.0,100,2000,980d,6239,2026-05-13
元大北府,222.5,0,1000,980D,6239,2026-05-13
元大台北,223.0,3083,6000,980h,6239,2026-05-13
元大北府,229.0,0,4,980D,6239,2026-05-13
元大北府,231.5,2000,0,980D,6239,2026-05-13
元大清水,220.5,2000,0,980e,6239,2026-05-13
元大清水,222.0,0,1000,980e,6239,2026-05-13
元大清水,223.5,0,1000,980e,6239,2026-05-13
元大清水,229.0,1000,0,980e,6239,2026-05-13
元大清水,230.5,5000,0,980e,6239,2026-05-13
元大清水,231.5,0,6000,980e,6239,2026-05-13
元大北府,230.0,1000,0,980D,6239,2026-05-13
富邦嘉義,223.5,4,1100,9692,6239,2026-05-13
元大大里,220.5,1000,0,981g,6239,2026-05-13
元大大里,222.5,100,0,981g,6239,2026-05-13
元大學府,226.5,0,1000,9822,6239,2026-05-13
元大學府,230.0,0,1000,9822,6239,2026-05-13
元大向上,220.5,0,500,9824,6239,2026-05-13
元大向上,222.0,100,1000,9824,6239,2026-05-13
元大向上,227.5,0,1000,9824,6239,2026-05-13
元大向上,231.0,0,10,9824,6239,2026-05-13
元大新營,222.0,0,1000,9825,6239,2026-05-13
元大新營,223.0,1045,0,9825,6239,2026-05-13
元大新營,224.5,0,1000,9825,6239,2026-05-13
元大新營,230.5,1000,0,9825,6239,2026-05-13
元大永康,222.5,1010,0,9829,6239,2026-05-13
元大永康,224.5,0,4000,9829,6239,2026-05-13
元大永康,227.0,1000,0,9829,6239,2026-05-13
元大永康,228.5,0,3000,9829,6239,2026-05-13
元大永康,229.5,0,2005,9829,6239,2026-05-13
元大學府,223.5,0,1000,9822,6239,2026-05-13
元大學府,222.5,50,0,9822,6239,2026-05-13
元大學府,221.5,2000,0,9822,6239,2026-05-13
元大潮州,230.5,0,1000,981Z,6239,2026-05-13
元大善化,220.5,2012,0,981y,6239,2026-05-13
元大善化,221.5,1000,0,981y,6239,2026-05-13
元大善化,222.5,50,0,981y,6239,2026-05-13
元大善化,223.5,50,2000,981y,6239,2026-05-13
元大善化,229.0,0,2000,981y,6239,2026-05-13
元大善化,230.0,10,1000,981y,6239,2026-05-13
元大善化,231.5,50,1000,981y,6239,2026-05-13
元大羅東,222.5,100,0,982A,6239,2026-05-13
元大大統,221.5,200,0,981z,6239,2026-05-13
元大大統,226.5,0,2000,981z,6239,2026-05-13
元大大統,229.0,10000,0,981z,6239,2026-05-13
元大大統,230.5,0,100,981z,6239,2026-05-13
元大大統,231.5,500,0,981z,6239,2026-05-13
元大潮州,220.5,0,1000,981Z,6239,2026-05-13
元大潮州,222.5,100,0,981Z,6239,2026-05-13
元大潮州,223.5,2,0,981Z,6239,2026-05-13
元大大統,223.0,300,0,981z,6239,2026-05-13
元大羅東,229.0,2000,0,982A,6239,2026-05-13
元大羅東,230.5,3000,1000,982A,6239,2026-05-13
元大羅東,231.5,0,1000,982A,6239,2026-05-13
元大敦化,222.0,2000,1000,9833,6239,2026-05-13
元大敦化,223.5,0,2000,9833,6239,2026-05-13
元大敦化,228.5,0,3000,9833,6239,2026-05-13
元大敦化,229.5,0,2000,9833,6239,2026-05-13
元大敦化,231.0,1000,0,9833,6239,2026-05-13
元大中壢,221.0,1000,0,9834,6239,2026-05-13
元大中壢,222.0,1000,50000,9834,6239,2026-05-13
元大敦化,220.0,100,0,9833,6239,2026-05-13
元大中壢,223.0,1210,0,9834,6239,2026-05-13
元大中壢,229.0,80,4000,9834,6239,2026-05-13
元大中壢,230.0,1020,1000,9834,6239,2026-05-13
元大中壢,231.5,1000,3005,9834,6239,2026-05-13
元大中山,220.5,100,0,9835,6239,2026-05-13
元大中山,222.0,10,1000,9835,6239,2026-05-13
元大中山,224.0,12,0,9835,6239,2026-05-13
元大中山,229.5,100,0,9835,6239,2026-05-13
元大中壢,224.0,0,49,9834,6239,2026-05-13
元大新生,228.5,1000,0,981X,6239,2026-05-13
元大四維,231.5,1000,10,9831,6239,2026-05-13
元大四維,228.0,0,2,9831,6239,2026-05-13
元大博愛,222.0,3020,1000,982B,6239,2026-05-13
元大博愛,223.0,100,0,982B,6239,2026-05-13
元大博愛,225.0,0,1000,982B,6239,2026-05-13
元大博愛,227.0,0,2000,982B,6239,2026-05-13
元大博愛,229.0,0,1000,982B,6239,2026-05-13
元大博愛,230.0,1000,2020,982B,6239,2026-05-13
元大博愛,231.0,100,1000,982B,6239,2026-05-13
元大四維,230.0,1000,10010,9831,6239,2026-05-13
元大博愛,232.0,1500,2000,982B,6239,2026-05-13
元大六合,223.5,0,100,982C,6239,2026-05-13
元大六合,226.0,0,2000,982C,6239,2026-05-13
元大六合,229.5,0,140,982C,6239,2026-05-13
元大六合,230.5,3000,0,982C,6239,2026-05-13
元大四維,222.0,1000,0,9831,6239,2026-05-13
元大四維,223.0,1080,3,9831,6239,2026-05-13
元大四維,224.0,1000,0,9831,6239,2026-05-13
元大六合,221.5,1000,0,982C,6239,2026-05-13
元大民雄,232.0,0,1030,981V,6239,2026-05-13
元大民雄,230.0,1000,0,981V,6239,2026-05-13
元大民雄,229.0,12,0,981V,6239,2026-05-13
元大天母,229.5,200,0,981I,6239,2026-05-13
元大天母,231.0,1000,0,981I,6239,2026-05-13
元大士林,220.5,3010,0,981j,6239,2026-05-13
元大士林,221.5,1000,0,981j,6239,2026-05-13
元大士林,222.5,0,2017,981j,6239,2026-05-13
元大士林,227.0,0,1000,981j,6239,2026-05-13
元大士林,229.0,1000,0,981j,6239,2026-05-13
元大天母,224.0,0,1000,981I,6239,2026-05-13
元大士林,230.5,0,3005,981j,6239,2026-05-13
元大林園,223.0,10,0,981K,6239,2026-05-13
元大林園,231.5,10,0,981K,6239,2026-05-13
元大莒光,221.5,1000,0,981L,6239,2026-05-13
元大莒光,222.5,100,1000,981L,6239,2026-05-13
元大莒光,223.5,0,1000,981L,6239,2026-05-13
元大莒光,226.0,0,1000,981L,6239,2026-05-13
元大莒光,228.5,0,2000,981L,6239,2026-05-13
元大林園,221.5,3000,0,981K,6239,2026-05-13
元大莒光,229.5,2700,0,981L,6239,2026-05-13
元大天母,222.0,0,1000,981I,6239,2026-05-13
元大西螺,230.5,1000,0,981i,6239,2026-05-13
元大大里,223.5,0,1000,981g,6239,2026-05-13
元大大里,227.0,1000,0,981g,6239,2026-05-13
元大大里,229.0,0,7,981g,6239,2026-05-13
元大大里,230.0,1000,4000,981g,6239,2026-05-13
元大大里,231.0,0,2000,981g,6239,2026-05-13
元大彰化,221.0,100,2000,981G,6239,2026-05-13
元大彰化,223.0,200,0,981G,6239,2026-05-13
元大西螺,231.5,1000,0,981i,6239,2026-05-13
元大彰化,229.5,5,0,981G,6239,2026-05-13
元大屏生,220.0,20,0,981h,6239,2026-05-13
元大屏生,222.0,1001,0,981h,6239,2026-05-13
元大屏生,224.0,0,1100,981h,6239,2026-05-13
元大屏生,229.0,250,0,981h,6239,2026-05-13
元大屏生,231.0,0,1000,981h,6239,2026-05-13
元大西螺,221.0,2000,0,981i,6239,2026-05-13
元大西螺,228.0,0,2000,981i,6239,2026-05-13
元大彰化,231.5,0,1000,981G,6239,2026-05-13
元大大里,221.5,1000,0,981g,6239,2026-05-13
元大莒光,231.5,1000,0,981L,6239,2026-05-13
元大前金,229.5,0,5000,981m,6239,2026-05-13
元大屏南,224.0,0,2000,981r,6239,2026-05-13
元大屏南,229.5,0,150,981r,6239,2026-05-13
元大竹山,222.0,0,100,981R,6239,2026-05-13
元大竹山,223.0,0,100,981R,6239,2026-05-13
元大竹山,229.5,0,100,981R,6239,2026-05-13
元大竹山,231.0,27,0,981R,6239,2026-05-13
元大崇德,221.0,30,0,981S,6239,2026-05-13
元大屏南,222.0,1000,0,981r,6239,2026-05-13
元大崇德,222.5,52,0,981S,6239,2026-05-13
元大崇德,229.5,0,1200,981S,6239,2026-05-13
元大崇德,230.5,30,2000,981S,6239,2026-05-13
元大崇德,232.0,10000,1000,981S,6239,2026-05-13
元大華山,229.0,0,6,981U,6239,2026-05-13
元大華山,230.5,0,1000,981U,6239,2026-05-13
元大民雄,222.0,1000,1000,981V,6239,2026-05-13
元大民雄,223.0,25,150,981V,6239,2026-05-13
元大崇德,227.5,5000,0,981S,6239,2026-05-13
元大前金,221.5,10,0,981m,6239,2026-05-13
元大太平,232.0,0,1006,981Q,6239,2026-05-13
元大太平,228.0,0,3000,981Q,6239,2026-05-13
元大苗栗,221.0,4000,0,981M,6239,2026-05-13
元大苗栗,222.5,16,0,981M,6239,2026-05-13
元大苗栗,229.5,0,2000,981M,6239,2026-05-13
元大苗栗,231.0,500,2000,981M,6239,2026-05-13
元大旗山,222.0,4,450,981n,6239,2026-05-13
元大旗山,223.0,1010,100,981n,6239,2026-05-13
元大旗山,230.0,0,1000,981n,6239,2026-05-13
元大太平,230.5,0,2000,981Q,6239,2026-05-13
元大金門,220.5,10,0,981N,6239,2026-05-13
元大松山,224.0,200,0,981p,6239,2026-05-13
元大萬華,220.5,0,1000,981q,6239,2026-05-13
元大萬華,228.5,0,1000,981q,6239,2026-05-13
元大萬華,229.5,100,0,981q,6239,2026-05-13
元大萬華,231.5,1000,0,981q,6239,2026-05-13
元大太平,222.0,202,0,981Q,6239,2026-05-13
元大太平,224.0,100,0,981Q,6239,2026-05-13
元大金門,228.5,1000,0,981N,6239,2026-05-13
富邦嘉義,222.5,270,0,9692,6239,2026-05-13
富邦嘉義,221.0,0,1000,9692,6239,2026-05-13
富邦宜蘭,231.0,1000,0,9686,6239,2026-05-13
富邦台北,229.5,1246,3002,9623,6239,2026-05-13
富邦台北,230.5,6100,1002,9623,6239,2026-05-13
富邦台北,231.5,0,1000,9623,6239,2026-05-13
富邦竹北,220.5,2000,2231,9624,6239,2026-05-13
富邦竹北,221.5,1000,0,9624,6239,2026-05-13
富邦竹北,222.5,1001,10000,9624,6239,2026-05-13
富邦竹北,223.5,6000,0,9624,6239,2026-05-13
富邦竹北,225.0,100,0,9624,6239,2026-05-13
富邦竹北,228.5,100,0,9624,6239,2026-05-13
富邦竹北,229.5,0,20,9624,6239,2026-05-13
富邦竹北,231.0,0,2000,9624,6239,2026-05-13
富邦竹北,232.0,2022,0,9624,6239,2026-05-13
富邦竹東,222.0,1100,0,9625,6239,2026-05-13
富邦竹東,223.0,2000,0,9625,6239,2026-05-13
富邦竹東,226.5,0,1000,9625,6239,2026-05-13
富邦台北,228.5,0,2,9623,6239,2026-05-13
富邦台北,223.5,600,1000,9623,6239,2026-05-13
富邦台北,222.5,40,22,9623,6239,2026-05-13
富邦台北,220.5,1000,3000,9623,6239,2026-05-13
富邦南員,225.0,0,1000,961R,6239,2026-05-13
富邦南員,228.5,0,2000,961R,6239,2026-05-13
富邦南員,229.5,0,200,961R,6239,2026-05-13
富邦南員,230.5,0,150,961R,6239,2026-05-13
富邦屏東,220.5,2000,0,961Y,6239,2026-05-13
富邦屏東,231.5,0,50,961Y,6239,2026-05-13
富邦永康,221.0,0,20,961Z,6239,2026-05-13
富邦竹東,227.5,0,2000,9625,6239,2026-05-13
富邦永康,228.5,1000,0,961Z,6239,2026-05-13
富邦永康,231.5,0,1000,961Z,6239,2026-05-13
富邦花蓮,221.5,1000,0,9621,6239,2026-05-13
富邦花蓮,223.0,50,1000,9621,6239,2026-05-13
富邦花蓮,224.0,10,0,9621,6239,2026-05-13
富邦花蓮,228.0,0,1000,9621,6239,2026-05-13
富邦花蓮,229.5,0,270,9621,6239,2026-05-13
富邦花蓮,230.5,0,2000,9621,6239,2026-05-13
富邦永康,230.0,0,2000,961Z,6239,2026-05-13
富邦竹東,228.5,0,1000,9625,6239,2026-05-13
富邦竹東,229.5,3010,2130,9625,6239,2026-05-13
富邦竹東,230.5,100,1000,9625,6239,2026-05-13
富邦新莊,229.5,1000,0,962D,6239,2026-05-13
富邦樹林,221.0,14,0,962E,6239,2026-05-13
富邦樹林,222.0,1000,0,962E,6239,2026-05-13
富邦樹林,223.0,0,1000,962E,6239,2026-05-13
富邦樹林,224.0,0,1000,962E,6239,2026-05-13
富邦樹林,227.5,30,0,962E,6239,2026-05-13
富邦樹林,228.5,2000,1000,962E,6239,2026-05-13
富邦新莊,228.0,0,50,962D,6239,2026-05-13
富邦樹林,230.0,0,1350,962E,6239,2026-05-13
富邦斗六,224.0,0,200,962G,6239,2026-05-13
富邦斗六,229.0,100,0,962G,6239,2026-05-13
富邦斗六,231.0,0,2100,962G,6239,2026-05-13
富邦三峽,223.0,1000,0,962J,6239,2026-05-13
富邦三峽,230.0,0,1000,962J,6239,2026-05-13
富邦三峽,231.5,0,2000,962J,6239,2026-05-13
富邦頭份,220.5,1000,0,962P,6239,2026-05-13
富邦斗六,222.5,99,1000,962G,6239,2026-05-13
富邦南員,222.5,50,1000,961R,6239,2026-05-13
富邦竹科,232.0,200,0,962C,6239,2026-05-13
富邦竹科,229.5,100,5012,962C,6239,2026-05-13
富邦竹東,231.5,10,4000,9625,6239,2026-05-13
富邦內湖,222.0,3045,0,9627,6239,2026-05-13
富邦內湖,223.0,0,1477,9627,6239,2026-05-13
富邦內湖,227.5,50,3000,9627,6239,2026-05-13
富邦內湖,229.0,29,1000,9627,6239,2026-05-13
富邦內湖,231.5,200,0,9627,6239,2026-05-13
富邦南港,221.5,1000,0,962A,6239,2026-05-13
富邦竹科,230.5,100,2110,962C,6239,2026-05-13
富邦南港,222.5,10,41,962A,6239,2026-05-13
富邦南港,231.5,0,1000,962A,6239,2026-05-13
富邦二林,223.5,2000,2000,962B,6239,2026-05-13
富邦二林,231.0,0,1000,962B,6239,2026-05-13
富邦竹科,221.5,2000,0,962C,6239,2026-05-13
富邦竹科,222.5,2250,0,962C,6239,2026-05-13
富邦竹科,223.5,1000,0,962C,6239,2026-05-13
富邦竹科,228.0,0,1050,962C,6239,2026-05-13
富邦南港,223.5,0,5000,962A,6239,2026-05-13
富邦和美,232.0,0,5,961P,6239,2026-05-13
富邦和美,230.0,0,5,961P,6239,2026-05-13
富邦和美,227.5,0,1000,961P,6239,2026-05-13
富邦,230.5,1001,25,9600,6239,2026-05-13
富邦,231.5,0,500,9600,6239,2026-05-13
富邦陽明,220.5,1200,0,9604,6239,2026-05-13
富邦陽明,222.0,3000,100,9604,6239,2026-05-13
富邦陽明,223.0,330,4,9604,6239,2026-05-13
富邦陽明,224.5,0,4000,9604,6239,2026-05-13
富邦陽明,227.5,1000,0,9604,6239,2026-05-13
富邦,229.5,209,0,9600,6239,2026-05-13
富邦陽明,229.5,0,100,9604,6239,2026-05-13
富邦陽明,231.5,1000,0,9604,6239,2026-05-13
富邦台東,225.0,20,0,9608,6239,2026-05-13
富邦基隆,222.5,10,100,9614,6239,2026-05-13
富邦基隆,224.5,1000,0,9614,6239,2026-05-13
富邦基隆,229.0,0,320,9614,6239,2026-05-13
富邦基隆,230.0,1000,1000,9614,6239,2026-05-13
富邦岡山,221.0,1000,0,9616,6239,2026-05-13
富邦陽明,230.5,1130,500,9604,6239,2026-05-13
富邦岡山,223.0,8,1000,9616,6239,2026-05-13
富邦,228.5,1,1,9600,6239,2026-05-13
富邦,224.0,2010,0,9600,6239,2026-05-13
華南虎尾,222.0,1010,0,9377,6239,2026-05-13
永豐竹科,232.0,10,17,9A9X,6239,2026-05-13
華南虎尾,223.0,0,500,9377,6239,2026-05-13
華南虎尾,225.0,0,1000,9377,6239,2026-05-13
華南虎尾,229.0,0,2000,9377,6239,2026-05-13
華南虎尾,230.0,1000,1000,9377,6239,2026-05-13
華南虎尾,231.0,200,0,9377,6239,2026-05-13
富邦,227.0,1,0,9600,6239,2026-05-13
華南東昇,220.5,1000,0,9386,6239,2026-05-13
華南東昇,223.5,0,2000,9386,6239,2026-05-13
華南東昇,228.0,3000,1000,9386,6239,2026-05-13
華南東昇,229.0,0,1000,9386,6239,2026-05-13
華南東昇,231.0,3000,0,9386,6239,2026-05-13
華南東昇,232.0,0,6000,9386,6239,2026-05-13
富邦,222.0,2009,15000,9600,6239,2026-05-13
富邦,223.0,3023,548,9600,6239,2026-05-13
華南東昇,222.5,1000,0,9386,6239,2026-05-13
富邦頭份,222.0,200,1000,962P,6239,2026-05-13
富邦岡山,229.0,50,500,9616,6239,2026-05-13
富邦南京,222.5,50,1000,961C,6239,2026-05-13
富邦木柵,221.0,1000,0,961M,6239,2026-05-13
富邦木柵,222.5,1200,0,961M,6239,2026-05-13
富邦木柵,224.0,1000,1000,961M,6239,2026-05-13
富邦木柵,229.0,1000,0,961M,6239,2026-05-13
富邦木柵,230.0,0,4000,961M,6239,2026-05-13
富邦木柵,231.0,0,1000,961M,6239,2026-05-13
富邦木柵,232.0,0,25,961M,6239,2026-05-13
富邦七賢,232.0,1000,0,961K,6239,2026-05-13
富邦青埔,220.5,25,0,961N,6239,2026-05-13
富邦青埔,223.0,150,0,961N,6239,2026-05-13
富邦青埔,224.5,1000,0,961N,6239,2026-05-13
富邦青埔,229.5,1000,1500,961N,6239,2026-05-13
富邦青埔,230.5,0,398,961N,6239,2026-05-13
富邦和美,220.5,0,17,961P,6239,2026-05-13
富邦和美,222.5,200,0,961P,6239,2026-05-13
富邦和美,224.5,0,2000,961P,6239,2026-05-13
富邦青埔,221.5,0,800,961N,6239,2026-05-13
富邦南京,220.5,0,2000,961C,6239,2026-05-13
富邦七賢,230.5,1000,0,961K,6239,2026-05-13
富邦七賢,228.0,100,0,961K,6239,2026-05-13
富邦南京,228.5,2000,2000,961C,6239,2026-05-13
富邦南京,230.0,0,1020,961C,6239,2026-05-13
富邦南京,231.0,30,0,961C,6239,2026-05-13
富邦公益,220.0,0,900,961F,6239,2026-05-13
富邦公益,222.0,1000,0,961F,6239,2026-05-13
富邦公益,223.0,64,2,961F,6239,2026-05-13
富邦公益,229.0,2000,0,961F,6239,2026-05-13
富邦七賢,229.5,250,2000,961K,6239,2026-05-13
富邦公益,230.0,2000,5000,961F,6239,2026-05-13
富邦新板,223.0,1100,0,961H,6239,2026-05-13
富邦新板,225.5,0,1000,961H,6239,2026-05-13
富邦新板,228.5,0,1000,961H,6239,2026-05-13
富邦新板,229.5,0,2000,961H,6239,2026-05-13
富邦七賢,221.0,5000,0,961K,6239,2026-05-13
富邦七賢,222.0,0,1000,961K,6239,2026-05-13
富邦七賢,223.5,2198,0,961K,6239,2026-05-13
富邦公益,232.0,100,0,961F,6239,2026-05-13
富邦頭份,228.0,1000,0,962P,6239,2026-05-13
富邦頭份,229.5,0,1100,962P,6239,2026-05-13
富邦頭份,230.5,1000,0,962P,6239,2026-05-13
富邦敦南,222.0,55,1000,9663,6239,2026-05-13
富邦敦南,223.0,1000,0,9663,6239,2026-05-13
富邦敦南,225.0,500,0,9663,6239,2026-05-13
富邦敦南,228.0,2000,0,9663,6239,2026-05-13
富邦敦南,230.0,0,1006,9663,6239,2026-05-13
富邦敦南,231.0,5,0,9663,6239,2026-05-13
富邦敦南,232.0,205,0,9663,6239,2026-05-13
富邦敦南,220.5,5,0,9663,6239,2026-05-13
富邦桃園,222.5,320,0,9665,6239,2026-05-13
富邦桃園,229.0,0,1000,9665,6239,2026-05-13
富邦桃園,230.0,10,3000,9665,6239,2026-05-13
富邦桃園,231.5,13000,0,9665,6239,2026-05-13
富邦南屯,220.5,0,2000,9666,6239,2026-05-13
富邦南屯,221.5,1000,0,9666,6239,2026-05-13
富邦南屯,222.5,170,0,9666,6239,2026-05-13
富邦南屯,223.5,50,0,9666,6239,2026-05-13
富邦桃園,223.5,2,1000,9665,6239,2026-05-13
富邦南屯,228.5,0,2000,9666,6239,2026-05-13
富邦新店,231.5,206,1020,9661,6239,2026-05-13
富邦新店,229.5,112,0,9661,6239,2026-05-13
富邦台中,223.0,1007,1200,965K,6239,2026-05-13
富邦台中,225.5,0,1000,965K,6239,2026-05-13
富邦台中,228.5,0,1000,965K,6239,2026-05-13
富邦台中,229.5,0,3000,965K,6239,2026-05-13
富邦台中,230.5,70,1000,965K,6239,2026-05-13
富邦台中,231.5,0,1000,965K,6239,2026-05-13
富邦彰化,222.0,0,10,965U,6239,2026-05-13
富邦新店,230.5,2100,4060,9661,6239,2026-05-13
富邦彰化,229.0,0,1000,965U,6239,2026-05-13
富邦新店,220.0,6,0,9661,6239,2026-05-13
富邦新店,221.0,2000,0,9661,6239,2026-05-13
富邦新店,222.0,3000,0,9661,6239,2026-05-13
富邦新店,223.0,1350,1000,9661,6239,2026-05-13
富邦新店,224.0,112,1000,9661,6239,2026-05-13
富邦新店,225.5,0,2000,9661,6239,2026-05-13
富邦新店,228.5,1006,0,9661,6239,2026-05-13
富邦彰化,231.0,0,6,965U,6239,2026-05-13
富邦台中,222.0,8,0,965K,6239,2026-05-13
富邦南屯,229.5,0,1000,9666,6239,2026-05-13
富邦台南,221.0,1000,0,9667,6239,2026-05-13
富邦仁愛,229.5,434,0,9676,6239,2026-05-13
富邦仁愛,230.5,2009,0,9676,6239,2026-05-13
富邦仁愛,231.5,4,0,9676,6239,2026-05-13
富邦三重,220.5,3000,0,9677,6239,2026-05-13
富邦三重,221.5,2000,0,9677,6239,2026-05-13
富邦三重,223.0,28023,1000,9677,6239,2026-05-13
富邦三重,224.0,1000,0,9677,6239,2026-05-13
富邦仁愛,228.5,4,0,9676,6239,2026-05-13
富邦三重,228.0,0,1000,9677,6239,2026-05-13
富邦三重,230.0,0,1328,9677,6239,2026-05-13
富邦三重,231.0,0,3100,9677,6239,2026-05-13
富邦三重,232.0,200,0,9677,6239,2026-05-13
富邦宜蘭,222.5,100,200,9686,6239,2026-05-13
富邦宜蘭,225.0,0,30,9686,6239,2026-05-13
富邦宜蘭,229.0,9,2000,9686,6239,2026-05-13
富邦宜蘭,230.0,200,2020,9686,6239,2026-05-13
富邦三重,229.0,1100,5000,9677,6239,2026-05-13
富邦南屯,230.5,0,10,9666,6239,2026-05-13
富邦仁愛,224.0,40,0,9676,6239,2026-05-13
富邦仁愛,222.0,5200,1020,9676,6239,2026-05-13
富邦台南,222.0,300,0,9667,6239,2026-05-13
富邦台南,223.0,2250,2000,9667,6239,2026-05-13
富邦台南,228.0,0,2000,9667,6239,2026-05-13
富邦台南,229.5,0,100,9667,6239,2026-05-13
富邦台南,230.5,0,1000,9667,6239,2026-05-13
富邦台南,231.5,0,4600,9667,6239,2026-05-13
富邦左營,222.5,15,1100,966F,6239,2026-05-13
富邦仁愛,223.0,2200,5100,9676,6239,2026-05-13
富邦左營,224.0,0,2000,966F,6239,2026-05-13
富邦左營,232.0,200,300,966F,6239,2026-05-13
富邦員林,221.0,0,10000,9672,6239,2026-05-13
富邦員林,228.5,0,50,9672,6239,2026-05-13
富邦員林,229.5,14100,0,9672,6239,2026-05-13
富邦員林,230.5,0,200,9672,6239,2026-05-13
富邦員林,232.0,5,0,9672,6239,2026-05-13
富邦仁愛,221.0,13200,1000,9676,6239,2026-05-13
富邦左營,230.0,0,200,966F,6239,2026-05-13
元大中山,230.5,1012,1000,9835,6239,2026-05-13
富邦台中,220.5,2000,2000,965K,6239,2026-05-13
富邦高雄,230.5,43,0,9659,6239,2026-05-13
富邦八德,225.0,50,0,963A,6239,2026-05-13
富邦八德,226.0,0,1000,963A,6239,2026-05-13
富邦八德,229.0,0,1000,963A,6239,2026-05-13
富邦八德,230.0,0,9000,963A,6239,2026-05-13
富邦八德,231.0,1000,2000,963A,6239,2026-05-13
富邦八德,232.0,0,5000,963A,6239,2026-05-13
富邦豐原,232.0,200,0,963L,6239,2026-05-13
富邦八德,223.5,0,1200,963A,6239,2026-05-13
富邦新竹,220.5,2002,650,9647,6239,2026-05-13
富邦新竹,222.5,340,0,9647,6239,2026-05-13
富邦新竹,223.5,0,1000,9647,6239,2026-05-13
富邦新竹,225.0,0,1000,9647,6239,2026-05-13
富邦新竹,228.0,44,1000,9647,6239,2026-05-13
富邦新竹,229.0,1500,0,9647,6239,2026-05-13
富邦新竹,230.0,3000,5600,9647,6239,2026-05-13
富邦新竹,231.0,1000,3000,9647,6239,2026-05-13
富邦新竹,221.5,1000,1000,9647,6239,2026-05-13
富邦新竹,232.0,2050,4000,9647,6239,2026-05-13
富邦八德,222.5,200,1000,963A,6239,2026-05-13
富邦八德,220.5,2100,1000,963A,6239,2026-05-13
富邦頭份,231.5,0,100,962P,6239,2026-05-13
富邦北高,224.5,0,2,962Q,6239,2026-05-13
富邦北高,230.5,0,1000,962Q,6239,2026-05-13
富邦羅東,221.5,3000,0,9634,6239,2026-05-13
富邦羅東,223.0,45,0,9634,6239,2026-05-13
富邦羅東,228.0,0,5000,9634,6239,2026-05-13
富邦羅東,229.5,0,5000,9634,6239,2026-05-13
富邦八德,221.5,2000,1000,963A,6239,2026-05-13
富邦羅東,230.5,0,1000,9634,6239,2026-05-13
富邦中壢,220.5,1000,0,9636,6239,2026-05-13
富邦中壢,222.0,10,200,9636,6239,2026-05-13
富邦中壢,223.0,50,0,9636,6239,2026-05-13
富邦中壢,225.0,0,4,9636,6239,2026-05-13
富邦中壢,228.5,1013,0,9636,6239,2026-05-13
富邦中壢,230.0,0,1305,9636,6239,2026-05-13
富邦中壢,231.0,1000,4000,9636,6239,2026-05-13
富邦羅東,231.5,0,2000,9634,6239,2026-05-13
富邦高雄,232.0,0,1000,9659,6239,2026-05-13
富邦永和,221.0,3000,0,9654,6239,2026-05-13
富邦永和,223.0,0,5100,9654,6239,2026-05-13
富邦苗栗,228.0,3,0,9657,6239,2026-05-13
富邦苗栗,229.0,0,1000,9657,6239,2026-05-13
富邦苗栗,231.0,0,1000,9657,6239,2026-05-13
富邦建國,221.0,2220,0,9658,6239,2026-05-13
富邦建國,222.5,2600,11000,9658,6239,2026-05-13
富邦建國,224.0,0,100,9658,6239,2026-05-13
富邦建國,228.5,0,2000,9658,6239,2026-05-13
富邦苗栗,226.0,0,1000,9657,6239,2026-05-13
富邦建國,229.5,0,2000,9658,6239,2026-05-13
富邦建國,231.5,0,1000,9658,6239,2026-05-13
富邦高雄,221.5,1000,1000,9659,6239,2026-05-13
富邦高雄,222.5,100,6001,9659,6239,2026-05-13
富邦高雄,223.5,65,200,9659,6239,2026-05-13
富邦高雄,227.0,1000,0,9659,6239,2026-05-13
富邦高雄,228.5,0,6000,9659,6239,2026-05-13
富邦高雄,229.5,10100,8000,9659,6239,2026-05-13
富邦建國,230.5,1250,1000,9658,6239,2026-05-13
富邦永和,222.0,3055,0,9654,6239,2026-05-13
富邦苗栗,224.5,0,140,9657,6239,2026-05-13
富邦苗栗,222.5,0,200,9657,6239,2026-05-13
富邦永和,228.5,0,1000,9654,6239,2026-05-13
富邦永和,229.5,4000,5000,9654,6239,2026-05-13
富邦永和,230.5,0,10000,9654,6239,2026-05-13
富邦永和,231.5,0,3000,9654,6239,2026-05-13
富邦板橋,220.0,200,0,9655,6239,2026-05-13
富邦板橋,221.0,1106,0,9655,6239,2026-05-13
富邦板橋,222.0,2650,0,9655,6239,2026-05-13
富邦苗栗,223.5,0,1000,9657,6239,2026-05-13
富邦板橋,223.0,6100,3100,9655,6239,2026-05-13
富邦板橋,226.0,0,3000,9655,6239,2026-05-13
富邦板橋,227.5,2000,1000,9655,6239,2026-05-13
富邦板橋,228.5,1000,1000,9655,6239,2026-05-13
富邦板橋,229.5,1050,5000,9655,6239,2026-05-13
富邦板橋,230.5,1037,3050,9655,6239,2026-05-13
富邦板橋,231.5,0,300,9655,6239,2026-05-13
富邦苗栗,221.5,1000,0,9657,6239,2026-05-13
富邦板橋,224.0,0,1000,9655,6239,2026-05-13
元大中山,231.5,0,1000,9835,6239,2026-05-13
富邦台北,224.5,0,1000,9623,6239,2026-05-13
元大北港,223.0,1100,0,9837,6239,2026-05-13
元大鹿港,222.0,1000,1000,989S,6239,2026-05-13
元大鹿港,223.0,0,270,989S,6239,2026-05-13
元大鹿港,229.0,5,0,989S,6239,2026-05-13
元大鹿港,230.0,0,5100,989S,6239,2026-05-13
元大鹿港,231.5,0,1100,989S,6239,2026-05-13
元大大甲,220.5,25,0,989U,6239,2026-05-13
元大大甲,222.5,70,0,989U,6239,2026-05-13
元大大甲,228.0,1000,0,989U,6239,2026-05-13
元大大甲,231.0,1000,2000,989U,6239,2026-05-13
元大北重,220.5,35,0,989V,6239,2026-05-13
元大北重,222.5,105,1000,989V,6239,2026-05-13
元大北重,224.5,0,750,989V,6239,2026-05-13
元大北重,229.5,0,5,989V,6239,2026-05-13
元大北重,231.0,0,3000,989V,6239,2026-05-13
元大站前,221.0,10,0,989W,6239,2026-05-13
元大站前,222.5,20,1000,989W,6239,2026-05-13
元大站前,223.5,50,0,989W,6239,2026-05-13
元大站前,227.0,0,1000,989W,6239,2026-05-13
元大站前,229.5,0,3000,989W,6239,2026-05-13
元大汐止,232.0,200,0,989Q,6239,2026-05-13
元大汐止,231.0,0,2000,989Q,6239,2026-05-13
元大汐止,230.0,1300,0,989Q,6239,2026-05-13
元大汐止,228.0,0,5,989Q,6239,2026-05-13
元大信義,220.5,100,1000,989m,6239,2026-05-13
元大信義,222.5,30,0,989m,6239,2026-05-13
元大信義,228.5,0,1000,989m,6239,2026-05-13
元大信義,230.0,0,504,989m,6239,2026-05-13
元大內湖,221.5,1000,0,989N,6239,2026-05-13
元大內湖,223.0,3005,3000,989N,6239,2026-05-13
元大內湖,224.0,3005,0,989N,6239,2026-05-13
元大內湖,226.5,2000,0,989N,6239,2026-05-13
元大內湖,229.0,0,1011,989N,6239,2026-05-13
元大站前,230.5,10,0,989W,6239,2026-05-13
元大內湖,230.5,2009,0,989N,6239,2026-05-13
元大敦南,221.0,3000,1000,989P,6239,2026-05-13
元大敦南,222.5,1000,0,989P,6239,2026-05-13
元大敦南,226.0,0,100,989P,6239,2026-05-13
元大敦南,230.0,20000,0,989P,6239,2026-05-13
元大汐止,221.0,2000,0,989Q,6239,2026-05-13
元大汐止,222.0,1000,0,989Q,6239,2026-05-13
元大汐止,223.0,3010,20,989Q,6239,2026-05-13
元大汐止,224.0,0,1000,989Q,6239,2026-05-13
元大汐止,225.0,0,1000,989Q,6239,2026-05-13
元大內湖,232.0,20,0,989N,6239,2026-05-13
元大成功,231.5,100,0,989L,6239,2026-05-13
元大三民,220.5,1000,0,989X,6239,2026-05-13
元大三民,230.0,0,3000,989X,6239,2026-05-13
永豐屏東,223.0,0,99,9A69,6239,2026-05-13
永豐屏東,224.0,0,1000,9A69,6239,2026-05-13
永豐屏東,229.5,222,0,9A69,6239,2026-05-13
永豐屏東,230.5,0,1000,9A69,6239,2026-05-13
永豐埔里,223.0,0,1000,9A79,6239,2026-05-13
永豐埔里,229.5,1000,0,9A79,6239,2026-05-13
永豐埔里,230.5,100,0,9A79,6239,2026-05-13
永豐匯立,221.5,0,5000,9A81,6239,2026-05-13
永豐匯立,223.0,0,1000,9A81,6239,2026-05-13
永豐敦北,220.5,1000,1000,9A89,6239,2026-05-13
永豐敦北,222.0,2150,0,9A89,6239,2026-05-13
永豐敦北,223.0,0,1000,9A89,6239,2026-05-13
永豐敦北,230.5,0,1000,9A89,6239,2026-05-13
永豐敦北,231.5,146,0,9A89,6239,2026-05-13
永豐敦南,220.0,100,1000,9A8F,6239,2026-05-13
永豐敦南,222.0,1030,500,9A8F,6239,2026-05-13
永豐敦南,223.0,11120,2000,9A8F,6239,2026-05-13
永豐敦南,224.0,150,1000,9A8F,6239,2026-05-13
永豐敦南,227.5,0,1000,9A8F,6239,2026-05-13
永豐屏東,222.0,1000,101,9A69,6239,2026-05-13
永豐鳳山,229.5,1000,0,9A61,6239,2026-05-13
永豐鳳山,222.0,16,0,9A61,6239,2026-05-13
永豐金,232.0,4100,11120,9A00,6239,2026-05-13
元大基隆,221.5,21,0,989Y,6239,2026-05-13
元大基隆,229.0,0,70,989Y,6239,2026-05-13
元大基隆,231.5,1000,100,989Y,6239,2026-05-13
元大小港,221.0,1000,4000,989Z,6239,2026-05-13
元大小港,222.0,5,100,989Z,6239,2026-05-13
元大小港,223.0,7,0,989Z,6239,2026-05-13
元大小港,229.5,0,130,989Z,6239,2026-05-13
元大小港,230.5,0,1000,989Z,6239,2026-05-13
元大小港,231.5,1100,2068,989Z,6239,2026-05-13
元大三民,223.5,100,0,989X,6239,2026-05-13
永豐金,220.0,24,1000,9A00,6239,2026-05-13
永豐金,222.0,6569,37948,9A00,6239,2026-05-13
永豐金,223.0,5522,13375,9A00,6239,2026-05-13
永豐金,224.0,225,1008,9A00,6239,2026-05-13
永豐金,225.0,24,3005,9A00,6239,2026-05-13
永豐金,227.0,1000,7000,9A00,6239,2026-05-13
永豐金,228.0,280,5000,9A00,6239,2026-05-13
永豐金,229.0,4585,43000,9A00,6239,2026-05-13
永豐金,230.0,61062,14484,9A00,6239,2026-05-13
永豐金,231.0,5320,4652,9A00,6239,2026-05-13
永豐金,221.0,2035,0,9A00,6239,2026-05-13
永豐敦南,229.5,0,3200,9A8F,6239,2026-05-13
元大成功,230.5,0,1000,989L,6239,2026-05-13
永豐竹科,225.5,1000,0,9A9X,6239,2026-05-13
元大板橋,223.0,200,215,989C,6239,2026-05-13
元大板橋,224.5,50,0,989C,6239,2026-05-13
元大板橋,229.0,0,1125,989C,6239,2026-05-13
元大板橋,230.5,0,3000,989C,6239,2026-05-13
元大板橋,231.5,50,0,989C,6239,2026-05-13
元大北屯,220.5,0,50,989d,6239,2026-05-13
元大北屯,221.5,0,9000,989d,6239,2026-05-13
元大北屯,222.5,3100,100,989d,6239,2026-05-13
元大北屯,223.5,0,1000,989d,6239,2026-05-13
元大北屯,229.0,0,500,989d,6239,2026-05-13
元大北屯,231.0,3000,21090,989d,6239,2026-05-13
元大左營,220.5,1010,0,989D,6239,2026-05-13
元大左營,223.5,0,1000,989D,6239,2026-05-13
元大左營,230.0,2000,80,989D,6239,2026-05-13
元大左營,231.0,0,160,989D,6239,2026-05-13
元大左營,232.0,24,0,989D,6239,2026-05-13
元大中和,222.5,1200,0,989e,6239,2026-05-13
元大中和,223.5,0,1000,989e,6239,2026-05-13
元大中和,229.5,0,210,989e,6239,2026-05-13
元大板橋,222.0,25,6000,989C,6239,2026-05-13
元大板橋,220.5,2000,0,989C,6239,2026-05-13
元大中港,231.5,0,1000,989B,6239,2026-05-13
元大中港,229.5,0,600,989B,6239,2026-05-13
元大新莊,231.5,100,0,9898,6239,2026-05-13
元大淡水,221.0,1000,0,9899,6239,2026-05-13
元大淡水,222.0,3050,0,9899,6239,2026-05-13
元大淡水,223.5,7,1000,9899,6239,2026-05-13
元大淡水,226.5,0,1000,9899,6239,2026-05-13
元大淡水,228.0,3000,0,9899,6239,2026-05-13
元大淡水,229.0,0,500,9899,6239,2026-05-13
元大淡水,230.5,0,4000,9899,6239,2026-05-13
元大苑裡,221.0,0,1,989a,6239,2026-05-13
元大草屯,221.0,100,0,989E,6239,2026-05-13
元大苑裡,222.5,0,65,989a,6239,2026-05-13
元大苑裡,230.5,1000,0,989a,6239,2026-05-13
元大苑裡,231.5,0,1000,989a,6239,2026-05-13
元大北投,223.0,0,1000,989A,6239,2026-05-13
元大北投,229.0,106,0,989A,6239,2026-05-13
元大北投,230.0,0,200,989A,6239,2026-05-13
元大中港,220.5,30,0,989B,6239,2026-05-13
元大中港,222.0,0,20,989B,6239,2026-05-13
元大中港,223.0,4020,100,989B,6239,2026-05-13
元大中港,226.5,0,1000,989B,6239,2026-05-13
元大苑裡,229.5,0,6000,989a,6239,2026-05-13
元大成功,229.5,0,2000,989L,6239,2026-05-13
元大草屯,222.5,102,100,989E,6239,2026-05-13
元大草屯,227.5,0,1000,989E,6239,2026-05-13
元大蘆中,230.0,1000,1100,989I,6239,2026-05-13
元大蘆中,231.5,50,0,989I,6239,2026-05-13
元大樹林,221.5,100,0,989j,6239,2026-05-13
元大樹林,223.0,0,1000,989j,6239,2026-05-13
元大樹林,229.5,65,115,989j,6239,2026-05-13
元大樹林,230.5,1000,1000,989j,6239,2026-05-13
元大樹林,231.5,20,0,989j,6239,2026-05-13
元大彰生,221.5,3000,0,989J,6239,2026-05-13
元大彰生,223.0,3,0,989J,6239,2026-05-13
元大彰生,224.5,0,1000,989J,6239,2026-05-13
元大彰生,229.5,100,0,989J,6239,2026-05-13
元大彰生,232.0,1100,0,989J,6239,2026-05-13
元大古亭,222.5,1,0,989k,6239,2026-05-13
元大古亭,223.5,0,500,989k,6239,2026-05-13
元大古亭,226.5,0,1000,989k,6239,2026-05-13
元大古亭,229.5,0,5,989k,6239,2026-05-13
元大古亭,232.0,0,1,989k,6239,2026-05-13
元大成功,222.5,1000,0,989L,6239,2026-05-13
元大成功,224.5,0,1000,989L,6239,2026-05-13
元大蘆中,229.0,0,5000,989I,6239,2026-05-13
元大蘆中,223.5,20,0,989I,6239,2026-05-13
元大蘆中,221.0,10,1000,989I,6239,2026-05-13
元大大同,230.0,200,0,989G,6239,2026-05-13
元大草屯,228.5,0,1000,989E,6239,2026-05-13
元大草屯,229.5,13,1000,989E,6239,2026-05-13
元大草屯,231.0,110,0,989E,6239,2026-05-13
元大草屯,232.0,9,0,989E,6239,2026-05-13
元大東港,223.0,60,100,989f,6239,2026-05-13
元大東港,230.0,0,1000,989f,6239,2026-05-13
元大東港,231.0,0,1000,989f,6239,2026-05-13
元大高雄,222.0,0,1000,989F,6239,2026-05-13
元大高雄,223.0,0,1050,989F,6239,2026-05-13
元大草屯,223.5,30,8000,989E,6239,2026-05-13
元大高雄,224.0,10,0,989F,6239,2026-05-13
元大高雄,230.5,0,1000,989F,6239,2026-05-13
元大高雄,232.0,3,200,989F,6239,2026-05-13
元大嘉義,223.0,30,0,989g,6239,2026-05-13
元大嘉義,229.5,11,0,989g,6239,2026-05-13
元大嘉義,230.5,1000,0,989g,6239,2026-05-13
元大嘉義,232.0,1000,0,989g,6239,2026-05-13
元大大同,221.5,1000,0,989G,6239,2026-05-13
元大大同,223.0,5,0,989G,6239,2026-05-13
元大大同,227.0,0,1000,989G,6239,2026-05-13
元大高雄,229.5,200,0,989F,6239,2026-05-13
元大新莊,230.5,0,1100,9898,6239,2026-05-13
永豐敦南,230.5,200,2000,9A8F,6239,2026-05-13
永豐松山,222.5,2,0,9A91,6239,2026-05-13
永豐南投,231.5,1000,0,9A9M,6239,2026-05-13
永豐桃盛,222.0,2005,0,9A9N,6239,2026-05-13
永豐桃盛,223.0,103,301,9A9N,6239,2026-05-13
永豐桃盛,227.5,0,1000,9A9N,6239,2026-05-13
永豐桃盛,228.5,100,0,9A9N,6239,2026-05-13
永豐桃盛,230.0,0,1000,9A9N,6239,2026-05-13
永豐桃盛,231.0,0,1100,9A9N,6239,2026-05-13
永豐竹北,220.5,100,100,9A9P,6239,2026-05-13
永豐竹北,222.0,3000,0,9A9P,6239,2026-05-13
永豐竹北,223.0,1000,1000,9A9P,6239,2026-05-13
永豐竹北,224.0,100,4000,9A9P,6239,2026-05-13
永豐竹北,228.0,0,100,9A9P,6239,2026-05-13
永豐竹北,229.5,1000,0,9A9P,6239,2026-05-13
永豐竹北,230.5,0,1200,9A9P,6239,2026-05-13
永豐竹北,231.5,0,100,9A9P,6239,2026-05-13
永豐潮州,221.0,1,0,9A9q,6239,2026-05-13
永豐潮州,222.0,1000,0,9A9q,6239,2026-05-13
永豐潮州,223.0,0,1000,9A9q,6239,2026-05-13
永豐潮州,224.0,1000,0,9A9q,6239,2026-05-13
永豐南投,230.5,50,0,9A9M,6239,2026-05-13
永豐南投,228.0,1000,0,9A9M,6239,2026-05-13
永豐南投,224.0,0,1000,9A9M,6239,2026-05-13
永豐南投,222.5,0,500,9A9M,6239,2026-05-13
永豐板新,220.5,1000,0,9A9J,6239,2026-05-13
永豐板新,223.0,2280,600,9A9J,6239,2026-05-13
永豐板新,225.0,0,2000,9A9J,6239,2026-05-13
永豐板新,229.0,2000,4000,9A9J,6239,2026-05-13
永豐板新,230.0,1100,2000,9A9J,6239,2026-05-13
永豐板新,231.0,1000,1100,9A9J,6239,2026-05-13
永豐三重,222.0,30,0,9A9K,6239,2026-05-13
永豐三重,228.0,30,0,9A9K,6239,2026-05-13
永豐三重,229.5,50,0,9A9K,6239,2026-05-13
永豐潮州,229.5,100,0,9A9q,6239,2026-05-13
永豐三重,230.5,60,0,9A9K,6239,2026-05-13
永豐台中,220.5,2000,0,9A9L,6239,2026-05-13
永豐台中,222.0,2002,0,9A9L,6239,2026-05-13
永豐台中,223.0,5007,9208,9A9L,6239,2026-05-13
永豐台中,226.0,0,7000,9A9L,6239,2026-05-13
永豐台中,228.5,0,500,9A9L,6239,2026-05-13
永豐台中,229.5,2000,0,9A9L,6239,2026-05-13
永豐台中,230.5,2020,6000,9A9L,6239,2026-05-13
永豐台中,231.5,0,150,9A9L,6239,2026-05-13
永豐南投,221.0,1100,0,9A9M,6239,2026-05-13
永豐三重,231.5,0,80,9A9K,6239,2026-05-13
永豐嘉義,230.5,0,35,9A9j,6239,2026-05-13
永豐潮州,231.5,0,250,9A9q,6239,2026-05-13
永豐豐原,223.0,100,100,9A9Q,6239,2026-05-13
永豐市政,222.0,1005,0,9A9W,6239,2026-05-13
永豐市政,223.0,2115,0,9A9W,6239,2026-05-13
永豐市政,224.0,26,0,9A9W,6239,2026-05-13
永豐市政,227.0,0,31000,9A9W,6239,2026-05-13
永豐市政,228.0,1000,1000,9A9W,6239,2026-05-13
永豐市政,229.0,3200,1220,9A9W,6239,2026-05-13
永豐市政,230.0,75,3530,9A9W,6239,2026-05-13
永豐市政,231.0,165,5423,9A9W,6239,2026-05-13
永豐市政,232.0,138,180,9A9W,6239,2026-05-13
永豐桃園,220.5,200,0,9A9x,6239,2026-05-13
永豐桃園,221.5,0,1000,9A9x,6239,2026-05-13
永豐桃園,222.5,100,5300,9A9x,6239,2026-05-13
永豐桃園,229.0,100,0,9A9x,6239,2026-05-13
永豐桃園,230.0,0,1000,9A9x,6239,2026-05-13
永豐桃園,232.0,1000,1000,9A9x,6239,2026-05-13
永豐竹科,221.5,1004,500,9A9X,6239,2026-05-13
永豐竹科,222.5,1010,1030,9A9X,6239,2026-05-13
永豐竹科,223.5,200,1000,9A9X,6239,2026-05-13
元大北港,221.5,0,1000,9837,6239,2026-05-13
永豐市政,221.0,4005,8,9A9W,6239,2026-05-13
永豐中正,231.5,300,12,9A9U,6239,2026-05-13
永豐中正,230.0,1000,110,9A9U,6239,2026-05-13
永豐中正,229.0,3050,0,9A9U,6239,2026-05-13
永豐豐原,229.5,1500,0,9A9Q,6239,2026-05-13
永豐豐原,231.0,0,1000,9A9Q,6239,2026-05-13
永豐豐原,232.0,2000,0,9A9Q,6239,2026-05-13
永豐北高,222.0,0,1000,9A9r,6239,2026-05-13
永豐北高,223.0,2000,0,9A9r,6239,2026-05-13
永豐北高,225.0,0,1000,9A9r,6239,2026-05-13
永豐北高,229.5,0,1000,9A9r,6239,2026-05-13
永豐北高,232.0,4000,0,9A9r,6239,2026-05-13
永豐信義,223.5,2000,0,9A9R,6239,2026-05-13
永豐豐原,220.5,0,1000,9A9Q,6239,2026-05-13
永豐信義,230.0,2000,1000,9A9R,6239,2026-05-13
永豐彰化,229.0,3000,0,9A9s,6239,2026-05-13
永豐彰化,230.5,1110,1000,9A9s,6239,2026-05-13
永豐彰化,232.0,1000,0,9A9s,6239,2026-05-13
永豐南京,222.5,3000,1000,9A9S,6239,2026-05-13
永豐南京,227.5,250,0,9A9S,6239,2026-05-13
永豐南京,230.5,1000,1150,9A9S,6239,2026-05-13
永豐南京,232.0,0,1000,9A9S,6239,2026-05-13
永豐中正,222.0,1000,0,9A9U,6239,2026-05-13
永豐中正,223.0,0,1050,9A9U,6239,2026-05-13
永豐信義,232.0,0,2000,9A9R,6239,2026-05-13
永豐敦南,231.5,0,1000,9A8F,6239,2026-05-13
永豐嘉義,228.5,1000,0,9A9j,6239,2026-05-13
永豐嘉義,222.5,0,3000,9A9j,6239,2026-05-13
永豐中壢,223.0,0,7000,9A99,6239,2026-05-13
永豐中壢,229.5,0,205,9A99,6239,2026-05-13
永豐中壢,231.0,10,0,9A99,6239,2026-05-13
永豐苓雅,221.0,1000,0,9A9a,6239,2026-05-13
永豐苓雅,223.0,1000,4,9A9a,6239,2026-05-13
永豐苓雅,228.0,0,1000,9A9a,6239,2026-05-13
永豐苓雅,229.5,0,500,9A9a,6239,2026-05-13
永豐苓雅,231.0,0,1150,9A9a,6239,2026-05-13
永豐苓雅,232.0,0,4000,9A9a,6239,2026-05-13
永豐羅東,222.5,10,0,9A9A,6239,2026-05-13
永豐虎尾,220.5,2000,0,9A9b,6239,2026-05-13
永豐中和,220.5,1050,0,9A9B,6239,2026-05-13
永豐中和,222.0,2000,1000,9A9B,6239,2026-05-13
永豐中和,226.0,0,1000,9A9B,6239,2026-05-13
永豐中和,229.0,2000,400,9A9B,6239,2026-05-13
永豐中和,230.0,0,5000,9A9B,6239,2026-05-13
永豐中和,232.0,0,3000,9A9B,6239,2026-05-13
永豐永康,223.0,55,0,9A9c,6239,2026-05-13
永豐永康,224.0,100,0,9A9c,6239,2026-05-13
永豐大園,232.0,50,0,9A98,6239,2026-05-13
永豐大園,230.5,0,2000,9A98,6239,2026-05-13
永豐大園,229.5,0,1000,9A98,6239,2026-05-13
永豐大園,227.5,0,1000,9A98,6239,2026-05-13
永豐松山,224.0,0,1000,9A91,6239,2026-05-13
永豐松山,225.0,0,1000,9A91,6239,2026-05-13
永豐松山,229.5,1,0,9A91,6239,2026-05-13
永豐松山,232.0,0,1000,9A91,6239,2026-05-13
永豐萬盛,222.0,1005,0,9A92,6239,2026-05-13
永豐萬盛,223.0,5,0,9A92,6239,2026-05-13
永豐萬盛,228.0,0,1000,9A92,6239,2026-05-13
永豐萬盛,229.0,1026,0,9A92,6239,2026-05-13
永豐萬盛,230.0,5000,0,9A92,6239,2026-05-13
永豐永康,230.0,0,3000,9A9c,6239,2026-05-13
永豐萬盛,231.5,5030,0,9A92,6239,2026-05-13
永豐新竹,223.5,5,0,9A97,6239,2026-05-13
永豐新竹,228.5,0,1000,9A97,6239,2026-05-13
永豐新竹,229.5,1000,1000,9A97,6239,2026-05-13
永豐新竹,230.5,2000,1000,9A97,6239,2026-05-13
永豐新竹,232.0,1000,1000,9A97,6239,2026-05-13
永豐大園,221.0,2000,0,9A98,6239,2026-05-13
永豐大園,222.0,2000,2000,9A98,6239,2026-05-13
永豐大園,223.0,0,4000,9A98,6239,2026-05-13
永豐大園,224.0,0,3000,9A98,6239,2026-05-13
永豐新竹,221.0,2000,0,9A97,6239,2026-05-13
永豐嘉義,223.5,0,520,9A9j,6239,2026-05-13
永豐永康,232.0,1010,1,9A9c,6239,2026-05-13
永豐員林,229.0,1000,0,9A9C,6239,2026-05-13
永豐天母,223.5,10,0,9A9G,6239,2026-05-13
永豐天母,232.0,1000,1000,9A9G,6239,2026-05-13
永豐台南,221.5,1000,0,9A9h,6239,2026-05-13
永豐台南,222.5,7,0,9A9h,6239,2026-05-13
永豐台南,223.5,10,0,9A9h,6239,2026-05-13
永豐台南,225.0,0,1000,9A9h,6239,2026-05-13
永豐台南,228.5,20,0,9A9h,6239,2026-05-13
永豐台南,229.5,2000,0,9A9h,6239,2026-05-13
永豐台南,231.0,1110,2000,9A9h,6239,2026-05-13
永豐台南,232.0,0,20,9A9h,6239,2026-05-13
永豐新莊,223.5,0,23,9A9H,6239,2026-05-13
永豐新莊,228.0,0,35,9A9H,6239,2026-05-13
永豐新莊,229.5,2,20,9A9H,6239,2026-05-13
永豐新莊,231.0,0,1100,9A9H,6239,2026-05-13
永豐新店,221.0,2000,0,9A9i,6239,2026-05-13
永豐新店,222.5,1000,0,9A9i,6239,2026-05-13
永豐新店,229.5,0,500,9A9i,6239,2026-05-13
永豐嘉義,220.5,100,0,9A9j,6239,2026-05-13
永豐嘉義,221.5,1000,0,9A9j,6239,2026-05-13
永豐天母,222.0,0,4000,9A9G,6239,2026-05-13
永豐內湖,230.0,20000,7000,9A9g,6239,2026-05-13
永豐內湖,229.0,0,2000,9A9g,6239,2026-05-13
永豐內湖,225.0,0,200,9A9g,6239,2026-05-13
永豐員林,230.0,0,3500,9A9C,6239,2026-05-13
永豐員林,231.0,136,0,9A9C,6239,2026-05-13
永豐員林,232.0,100,0,9A9C,6239,2026-05-13
永豐古亭,223.5,0,1000,9A9d,6239,2026-05-13
永豐古亭,229.0,40,0,9A9d,6239,2026-05-13
永豐古亭,230.0,200,0,9A9d,6239,2026-05-13
永豐古亭,231.5,1022,0,9A9d,6239,2026-05-13
永豐忠孝,220.5,2000,0,9A9D,6239,2026-05-13
永豐忠孝,222.0,315,1000,9A9D,6239,2026-05-13
永豐員林,223.0,100,0,9A9C,6239,2026-05-13
永豐忠孝,223.0,100,100,9A9D,6239,2026-05-13
永豐忠孝,229.5,100,100,9A9D,6239,2026-05-13
永豐忠孝,230.5,40,0,9A9D,6239,2026-05-13
永豐忠孝,232.0,0,500,9A9D,6239,2026-05-13
永豐高雄,222.5,100,1010,9A9e,6239,2026-05-13
永豐高雄,227.5,1000,0,9A9e,6239,2026-05-13
永豐高雄,230.0,0,4000,9A9e,6239,2026-05-13
永豐高雄,231.5,2000,30,9A9e,6239,2026-05-13
永豐內湖,221.5,2000,0,9A9g,6239,2026-05-13
永豐內湖,223.0,40,600,9A9g,6239,2026-05-13
永豐忠孝,227.5,0,1000,9A9D,6239,2026-05-13
元大新莊,229.5,0,1100,9898,6239,2026-05-13
元大蘆中,222.0,15,0,989I,6239,2026-05-13
元大新莊,223.0,1004,0,9898,6239,2026-05-13
元大花蓮,223.0,1,100,9856,6239,2026-05-13
元大花蓮,222.0,1050,0,9856,6239,2026-05-13
元大興安,232.0,0,2166,9854,6239,2026-05-13
元大興安,228.5,1000,0,9854,6239,2026-05-13
元大興安,223.0,120,200,9854,6239,2026-05-13
元大興安,222.0,0,1000,9854,6239,2026-05-13
元大興安,220.5,2000,0,9854,6239,2026-05-13
元大南屯,231.0,0,1000,9853,6239,2026-05-13
元大南屯,230.0,20,1251,9853,6239,2026-05-13
元大南屯,229.0,20,3000,9853,6239,2026-05-13
元大南屯,222.5,6,0,9853,6239,2026-05-13
元大南屯,220.0,50,0,9853,6239,2026-05-13
元大永春,231.5,20000,1000,9852,6239,2026-05-13
元大花蓮,226.5,0,2000,9856,6239,2026-05-13
元大永春,230.5,100,1000,9852,6239,2026-05-13
元大永春,228.0,100,0,9852,6239,2026-05-13
元大永春,224.0,200,0,9852,6239,2026-05-13
元大永春,223.0,3100,1000,9852,6239,2026-05-13
元大永春,222.0,1000,1000,9852,6239,2026-05-13
元大永春,220.5,50,0,9852,6239,2026-05-13
元大館前,231.0,0,1000,984K,6239,2026-05-13
元大北港,229.0,2000,0,9837,6239,2026-05-13
元大北港,230.0,1000,0,9837,6239,2026-05-13
元大北港,231.0,0,1000,9837,6239,2026-05-13
元大豐原,220.5,10,0,9838,6239,2026-05-13
元大豐原,222.0,30,0,9838,6239,2026-05-13
元大豐原,223.0,0,50,9838,6239,2026-05-13
元大豐原,225.5,1000,0,9838,6239,2026-05-13
元大永春,229.5,3000,0,9852,6239,2026-05-13
元大花蓮,229.0,0,1000,9856,6239,2026-05-13
元大花蓮,230.0,0,3000,9856,6239,2026-05-13
元大花蓮,231.0,0,2000,9856,6239,2026-05-13
元大岡山,229.5,50,0,985F,6239,2026-05-13
元大鳳中,231.5,0,46,985C,6239,2026-05-13
元大鳳中,230.0,0,3018,985C,6239,2026-05-13
元大鳳中,228.5,0,1000,985C,6239,2026-05-13
元大鳳中,226.5,0,1000,985C,6239,2026-05-13
元大鳳中,223.0,0,100,985C,6239,2026-05-13
元大鳳中,222.0,0,1000,985C,6239,2026-05-13
元大鳳中,221.0,0,1000,985C,6239,2026-05-13
元大經國,232.0,2000,2000,9859,6239,2026-05-13
元大經國,230.5,1000,4000,9859,6239,2026-05-13
元大經國,229.5,2000,0,9859,6239,2026-05-13
元大經國,228.0,21000,0,9859,6239,2026-05-13
元大經國,226.5,0,1000,9859,6239,2026-05-13
元大經國,223.5,72,2000,9859,6239,2026-05-13
元大經國,222.5,0,5038,9859,6239,2026-05-13
元大經國,221.5,3000,10,9859,6239,2026-05-13
元大經國,220.5,5000,150,9859,6239,2026-05-13
元大龍潭,231.0,1010,2010,9858,6239,2026-05-13
元大龍潭,229.5,10,1000,9858,6239,2026-05-13
元大龍潭,228.5,3000,10,9858,6239,2026-05-13
元大龍潭,224.0,30,35,9858,6239,2026-05-13
元大龍潭,223.0,20,244,9858,6239,2026-05-13
元大龍潭,221.5,300,0,9858,6239,2026-05-13
元大蘆洲,231.0,0,3000,9857,6239,2026-05-13
元大蘆洲,230.0,3000,200,9857,6239,2026-05-13
元大蘆洲,228.5,0,3000,9857,6239,2026-05-13
元大蘆洲,223.0,6005,100,9857,6239,2026-05-13
元大蘆洲,222.0,3000,0,9857,6239,2026-05-13
元大蘆洲,220.5,2000,0,9857,6239,2026-05-13
元大豐原,227.5,2000,0,9838,6239,2026-05-13
元大豐原,229.5,3100,0,9838,6239,2026-05-13
元大豐原,230.5,0,300,9838,6239,2026-05-13
元大林森,221.0,3000,0,983B,6239,2026-05-13
元大竹南,222.0,1000,8000,983V,6239,2026-05-13
元大竹南,223.5,0,1000,983V,6239,2026-05-13
元大竹南,229.0,0,1110,983V,6239,2026-05-13
元大竹南,231.0,0,4027,983V,6239,2026-05-13
元大德芳,220.5,1000,0,983W,6239,2026-05-13
元大德芳,222.0,1100,0,983W,6239,2026-05-13
元大德芳,223.0,15,0,983W,6239,2026-05-13
元大德芳,224.5,5000,0,983W,6239,2026-05-13
元大德芳,227.5,5000,0,983W,6239,2026-05-13
元大德芳,229.5,1000,0,983W,6239,2026-05-13
元大德芳,231.0,100,0,983W,6239,2026-05-13
元大德芳,232.0,100,12,983W,6239,2026-05-13
元大鳳山,230.0,0,1000,983Z,6239,2026-05-13
元大鳳山,232.0,25,1000,983Z,6239,2026-05-13
元大新中,220.5,3000,0,984C,6239,2026-05-13
元大新中,222.0,0,1000,984C,6239,2026-05-13
元大新中,223.0,0,15,984C,6239,2026-05-13
元大新中,228.5,0,1000,984C,6239,2026-05-13
元大新中,229.5,0,1000,984C,6239,2026-05-13
元大新中,230.5,0,1000,984C,6239,2026-05-13
元大南勢,222.0,1010,1000,984E,6239,2026-05-13
元大南勢,223.0,50,0,984E,6239,2026-05-13
元大南勢,229.0,0,1000,984E,6239,2026-05-13
元大南勢,230.5,1000,0,984E,6239,2026-05-13
元大景美,230.0,5000,0,984H,6239,2026-05-13
元大館前,221.5,2000,10,984K,6239,2026-05-13
元大館前,222.5,5150,15,984K,6239,2026-05-13
元大新莊,227.5,0,3000,9898,6239,2026-05-13
元大館前,230.0,0,1000,984K,6239,2026-05-13
元大竹南,221.0,0,200,983V,6239,2026-05-13
元大南京,220.5,0,2000,9862,6239,2026-05-13
元大頭份,230.5,92,0,983U,6239,2026-05-13
元大頭份,223.5,1000,0,983U,6239,2026-05-13
元大林森,222.5,1010,3000,983B,6239,2026-05-13
元大林森,227.5,100,0,983B,6239,2026-05-13
元大林森,229.5,20,1000,983B,6239,2026-05-13
元大林森,231.0,1000,200,983B,6239,2026-05-13
元大竹東,225.5,1000,0,983f,6239,2026-05-13
元大竹東,229.0,0,2000,983f,6239,2026-05-13
元大竹東,230.5,20,0,983f,6239,2026-05-13
元大竹東,231.5,15,1000,983f,6239,2026-05-13
元大上新,220.5,3,0,983G,6239,2026-05-13
元大上新,223.0,200,0,983G,6239,2026-05-13
元大上新,230.0,0,4000,983G,6239,2026-05-13
元大上新,232.0,0,11000,983G,6239,2026-05-13
元大大雅,220.5,0,3000,983i,6239,2026-05-13
元大大雅,221.5,2000,0,983i,6239,2026-05-13
元大大雅,222.5,1000,4005,983i,6239,2026-05-13
元大大雅,223.5,1000,1000,983i,6239,2026-05-13
元大大雅,228.0,1000,0,983i,6239,2026-05-13
元大大雅,229.5,0,1300,983i,6239,2026-05-13
元大大雅,231.5,0,7,983i,6239,2026-05-13
元大仁愛,227.5,0,50,983j,6239,2026-05-13
元大學甲,221.5,1010,0,983K,6239,2026-05-13
元大學甲,223.0,0,1000,983K,6239,2026-05-13
元大學甲,229.0,100,0,983K,6239,2026-05-13
元大學甲,230.0,1000,1000,983K,6239,2026-05-13
元大木柵,229.5,1000,0,983M,6239,2026-05-13
元大大安,229.5,0,600,983N,6239,2026-05-13
元大大安,230.5,2000,200,983N,6239,2026-05-13
元大頭份,220.5,1000,0,983U,6239,2026-05-13
元大頭份,222.5,300,0,983U,6239,2026-05-13
元大頭份,224.5,0,100,983U,6239,2026-05-13
元大南京,222.5,0,2,9862,6239,2026-05-13
元大岡山,231.5,0,1000,985F,6239,2026-05-13
元大南京,230.5,2000,0,9862,6239,2026-05-13
元大永和,230.0,500,0,9891,6239,2026-05-13
元大永和,229.0,2000,2000,9891,6239,2026-05-13
元大永和,223.0,313,0,9891,6239,2026-05-13
元大永和,222.0,3000,500,9891,6239,2026-05-13
元大長庚,229.5,10000,0,988V,6239,2026-05-13
元大長庚,223.5,10,0,988V,6239,2026-05-13
元大長庚,222.0,100,0,988V,6239,2026-05-13
元大三重,231.5,1000,1000,988C,6239,2026-05-13
元大三重,226.5,0,700,988C,6239,2026-05-13
元大三重,221.5,0,2000,988C,6239,2026-05-13
元大桃園,231.0,0,10,988B,6239,2026-05-13
元大桃園,229.5,9,0,988B,6239,2026-05-13
元大桃園,228.5,1000,0,988B,6239,2026-05-13
元大桃園,223.5,2000,0,988B,6239,2026-05-13
元大桃園,222.0,100,2000,988B,6239,2026-05-13
元大桃園,220.5,0,1000,988B,6239,2026-05-13
元大員林,231.5,50,0,9889,6239,2026-05-13
元大員林,230.5,1000,1000,9889,6239,2026-05-13
元大員林,229.5,2000,0,9889,6239,2026-05-13
元大員林,227.0,0,2000,9889,6239,2026-05-13
元大員林,223.5,0,1000,9889,6239,2026-05-13
元大員林,222.5,1000,1000,9889,6239,2026-05-13
元大員林,221.0,2000,0,9889,6239,2026-05-13
元大鑫永,230.0,0,10000,9888,6239,2026-05-13
元大鑫永,222.5,50,100,9888,6239,2026-05-13
元大斗信,232.0,0,25,9884,6239,2026-05-13
元大斗信,231.0,50,1000,9884,6239,2026-05-13
元大斗信,230.0,0,150,9884,6239,2026-05-13
元大斗信,229.0,1015,0,9884,6239,2026-05-13
元大永和,231.0,0,1350,9891,6239,2026-05-13
元大南京,229.5,9000,0,9862,6239,2026-05-13
元大永和,232.0,0,1000,9891,6239,2026-05-13
元大屏東,222.0,2000,0,9892,6239,2026-05-13
元大新莊,222.0,1100,1000,9898,6239,2026-05-13
元大新莊,221.0,3000,1000,9898,6239,2026-05-13
元大土城,232.0,0,10,9897,6239,2026-05-13
元大土城,223.0,0,1200,9897,6239,2026-05-13
元大土城,222.0,10,400,9897,6239,2026-05-13
元大土城,221.0,250,0,9897,6239,2026-05-13
元大台南,232.0,0,2000,9896,6239,2026-05-13
元大台南,231.0,0,1000,9896,6239,2026-05-13
元大台南,229.0,1100,0,9896,6239,2026-05-13
元大台南,226.0,0,1000,9896,6239,2026-05-13
元大台南,223.5,120,100,9896,6239,2026-05-13
元大台南,222.5,2120,1050,9896,6239,2026-05-13
元大桃興,232.0,0,1000,9894,6239,2026-05-13
元大桃興,230.5,0,1000,9894,6239,2026-05-13
元大桃興,229.5,100,0,9894,6239,2026-05-13
元大桃興,224.5,1000,1000,9894,6239,2026-05-13
元大桃興,222.5,0,1000,9894,6239,2026-05-13
元大桃興,221.5,1000,0,9894,6239,2026-05-13
元大大天,230.5,1004,0,9893,6239,2026-05-13
元大大天,229.5,1,300,9893,6239,2026-05-13
元大大天,228.5,1,0,9893,6239,2026-05-13
元大大天,224.0,26,0,9893,6239,2026-05-13
元大大天,222.5,0,60,9893,6239,2026-05-13
元大大天,221.5,2000,0,9893,6239,2026-05-13
元大大天,220.0,0,300,9893,6239,2026-05-13
元大屏東,231.5,0,3000,9892,6239,2026-05-13
元大屏東,230.5,0,1000,9892,6239,2026-05-13
元大屏東,229.5,0,103,9892,6239,2026-05-13
元大屏東,224.5,0,50,9892,6239,2026-05-13
元大屏東,221.0,1000,0,9892,6239,2026-05-13
元大斗信,224.0,15,0,9884,6239,2026-05-13
元大斗信,227.0,20,1000,9884,6239,2026-05-13
元大楊梅,232.0,0,2000,987A,6239,2026-05-13
元大忠孝,222.5,25,140,9871,6239,2026-05-13
元大忠孝,221.5,5,0,9871,6239,2026-05-13
元大忠孝,220.5,30,0,9871,6239,2026-05-13
元大基孝,231.0,0,2100,986K,6239,2026-05-13
元大基孝,230.0,0,1000,986K,6239,2026-05-13
元大基孝,228.5,0,1000,986K,6239,2026-05-13
元大基孝,220.5,20,0,986K,6239,2026-05-13
元大新盛,231.5,0,3000,9869,6239,2026-05-13
永豐竹科,229.5,1000,0,9A9X,6239,2026-05-13
元大新盛,230.5,0,1000,9869,6239,2026-05-13
元大新盛,229.5,100,80,9869,6239,2026-05-13
元大新盛,227.5,1000,0,9869,6239,2026-05-13
元大新盛,223.5,0,2000,9869,6239,2026-05-13
元大斗信,222.0,1000,60,9884,6239,2026-05-13
元大新盛,222.5,100,2000,9869,6239,2026-05-13
元大文心,232.0,1000,0,9868,6239,2026-05-13
元大文心,224.0,1000,0,9868,6239,2026-05-13
元大文心,222.5,5,700,9868,6239,2026-05-13
元大民權,232.0,0,3000,9867,6239,2026-05-13
元大民權,231.0,0,1000,9867,6239,2026-05-13
元大民權,229.5,0,1000,9867,6239,2026-05-13
元大民權,225.0,0,5000,9867,6239,2026-05-13
元大和平,232.0,0,2000,9863,6239,2026-05-13
元大和平,229.0,60,0,9863,6239,2026-05-13
元大和平,224.5,0,2000,9863,6239,2026-05-13
元大和平,222.5,10,0,9863,6239,2026-05-13
元大和平,221.0,1000,0,9863,6239,2026-05-13
元大南京,232.0,270,15,9862,6239,2026-05-13
元大新盛,221.0,10000,0,9869,6239,2026-05-13
元大復北,220.5,1000,0,9872,6239,2026-05-13
元大忠孝,229.0,0,1000,9871,6239,2026-05-13
元大復北,225.0,0,1000,9872,6239,2026-05-13
元大楊梅,231.0,0,2,987A,6239,2026-05-13
元大楊梅,229.5,308,20,987A,6239,2026-05-13
元大楊梅,228.5,0,2000,987A,6239,2026-05-13
元大北港,227.0,0,71,9837,6239,2026-05-13
元大楊梅,227.5,0,5000,987A,6239,2026-05-13
元大楊梅,223.5,28,2000,987A,6239,2026-05-13
元大楊梅,222.5,2009,0,987A,6239,2026-05-13
元大楊梅,221.0,6000,0,987A,6239,2026-05-13
元大板三,231.5,0,100,9879,6239,2026-05-13
元大板三,229.0,1000,0,9879,6239,2026-05-13
元大板三,223.5,50,0,9879,6239,2026-05-13
元大板三,222.0,0,1000,9879,6239,2026-05-13
元大復北,223.0,1000,0,9872,6239,2026-05-13
元大金華,230.5,1000,1000,9878,6239,2026-05-13
元大金華,231.5,0,1000,9878,6239,2026-05-13
元大金華,223.0,0,1000,9878,6239,2026-05-13
元大復北,229.5,0,2000,9872,6239,2026-05-13
元大復北,230.5,1000,0,9872,6239,2026-05-13
元大雙和,220.5,1000,0,9874,6239,2026-05-13
元大雙和,223.0,1000,0,9874,6239,2026-05-13
元大金華,227.0,0,2000,9878,6239,2026-05-13
元大雙和,228.5,0,128,9874,6239,2026-05-13
元大雙和,224.0,0,1000,9874,6239,2026-05-13
元大雙和,230.5,0,1000,9874,6239,2026-05-13
元大永寧,222.0,1000,0,9875,6239,2026-05-13
元大永寧,223.0,6,0,9875,6239,2026-05-13
元大永寧,229.5,1000,50,9875,6239,2026-05-13
元大永寧,230.5,0,1000,9875,6239,2026-05-13
元大金華,220.5,60,0,9878,6239,2026-05-13
元大雙和,229.5,3250,2000,9874,6239,2026-05-13
