securities_trader,price,buy,sell,securities_trader_id,stock_id,date
元大永春,234.0,4000,0,9852,6239,2026-05-05
元大永春,236.5,0,1000,9852,6239,2026-05-05
元大南屯,221.0,1023,0,9853,6239,2026-05-05
元大南屯,223.0,1000,270,9853,6239,2026-05-05
元大南屯,224.5,2300,0,9853,6239,2026-05-05
元大南屯,225.5,1200,0,9853,6239,2026-05-05
元大南屯,227.0,225,1000,9853,6239,2026-05-05
元大南屯,230.0,2030,1200,9853,6239,2026-05-05
元大南屯,229.0,2100,2100,9853,6239,2026-05-05
元大南屯,231.5,1000,0,9853,6239,2026-05-05
元大南屯,233.0,1000,0,9853,6239,2026-05-05
富邦青埔,220.5,0,1000,961N,6239,2026-05-05
富邦青埔,223.0,1600,5000,961N,6239,2026-05-05
富邦青埔,225.0,2000,0,961N,6239,2026-05-05
富邦青埔,227.0,1300,350,961N,6239,2026-05-05
元大南屯,228.0,123,4000,9853,6239,2026-05-05
元大永春,232.5,2100,0,9852,6239,2026-05-05
元大永春,229.0,1000,1000,9852,6239,2026-05-05
元大永春,230.0,2250,400,9852,6239,2026-05-05
元大板三,225.5,1000,2000,9879,6239,2026-05-05
元大板三,224.0,1000,0,9879,6239,2026-05-05
元大板三,223.0,2160,0,9879,6239,2026-05-05
元大板三,222.0,4000,0,9879,6239,2026-05-05
元大板三,220.0,1000,0,9879,6239,2026-05-05
元大金華,235.5,1000,0,9878,6239,2026-05-05
元大金華,234.0,3000,0,9878,6239,2026-05-05
元大永春,231.5,100,0,9852,6239,2026-05-05
元大金華,230.5,1000,0,9878,6239,2026-05-05
元大金華,228.5,0,7000,9878,6239,2026-05-05
元大金華,227.5,1450,1000,9878,6239,2026-05-05
元大金華,226.5,2000,5000,9878,6239,2026-05-05
元大金華,225.5,0,1000,9878,6239,2026-05-05
元大永春,224.5,1050,0,9852,6239,2026-05-05
元大永春,226.0,3000,0,9852,6239,2026-05-05
元大永春,227.5,300,3000,9852,6239,2026-05-05
元大金華,229.5,1000,1000,9878,6239,2026-05-05
富邦青埔,228.0,150,0,961N,6239,2026-05-05
元大雙和,235.0,0,1000,9874,6239,2026-05-05
元大南屯,235.5,1000,0,9853,6239,2026-05-05
元大興安,229.5,20,50,9854,6239,2026-05-05
元大興安,228.5,1000,2000,9854,6239,2026-05-05
元大興安,227.5,3000,1000,9854,6239,2026-05-05
元大興安,226.5,1200,1000,9854,6239,2026-05-05
元大興安,225.0,1150,0,9854,6239,2026-05-05
元大興安,224.0,15,0,9854,6239,2026-05-05
元大興安,223.0,200,0,9854,6239,2026-05-05
元大雙和,228.0,242,2000,9874,6239,2026-05-05
元大興安,222.0,0,600,9854,6239,2026-05-05
元大永寧,232.0,5000,0,9875,6239,2026-05-05
元大永寧,234.5,1000,43,9875,6239,2026-05-05
元大雙和,229.0,16300,100,9874,6239,2026-05-05
元大永寧,235.5,1000,0,9875,6239,2026-05-05
元大金華,222.5,2000,0,9878,6239,2026-05-05
元大金華,223.5,0,1000,9878,6239,2026-05-05
元大金華,224.5,0,1000,9878,6239,2026-05-05
元大永寧,229.0,0,1000,9875,6239,2026-05-05
富邦青埔,229.0,200,0,961N,6239,2026-05-05
元大永寧,224.5,0,3000,9875,6239,2026-05-05
元大雙和,224.0,1000,0,9874,6239,2026-05-05
元大興安,221.0,1010,0,9854,6239,2026-05-05
元大雙和,234.0,0,1000,9874,6239,2026-05-05
元大雙和,232.0,1000,15,9874,6239,2026-05-05
元大永寧,226.5,10000,1000,9875,6239,2026-05-05
元大永寧,227.5,3000,20,9875,6239,2026-05-05
富邦青埔,230.0,1030,0,961N,6239,2026-05-05
富邦青埔,231.0,1100,0,961N,6239,2026-05-05
元大雙和,227.0,200,1000,9874,6239,2026-05-05
富邦青埔,232.0,1450,1000,961N,6239,2026-05-05
富邦和美,221.0,24000,0,961P,6239,2026-05-05
富邦和美,222.5,0,1000,961P,6239,2026-05-05
富邦和美,223.5,1000,0,961P,6239,2026-05-05
富邦和美,225.0,0,300,961P,6239,2026-05-05
富邦和美,226.5,1000,1000,961P,6239,2026-05-05
富邦和美,228.0,200,0,961P,6239,2026-05-05
富邦和美,230.5,1000,0,961P,6239,2026-05-05
富邦青埔,234.0,1000,0,961N,6239,2026-05-05
元大永寧,221.0,2000,0,9875,6239,2026-05-05
元大興安,232.5,0,1000,9854,6239,2026-05-05
元大雙和,221.0,1000,0,9874,6239,2026-05-05
元大鳳中,220.5,50,1000,985C,6239,2026-05-05
元大經國,235.0,1000,2000,9859,6239,2026-05-05
元大經國,234.0,0,2000,9859,6239,2026-05-05
元大經國,233.0,1000,0,9859,6239,2026-05-05
元大經國,232.0,4010,0,9859,6239,2026-05-05
元大經國,229.5,1000,2200,9859,6239,2026-05-05
元大經國,228.5,2110,50,9859,6239,2026-05-05
元大經國,227.5,5136,1000,9859,6239,2026-05-05
元大鳳中,222.5,1000,0,985C,6239,2026-05-05
元大經國,226.5,1000,1000,9859,6239,2026-05-05
元大經國,224.0,100,3000,9859,6239,2026-05-05
元大經國,223.0,100,1000,9859,6239,2026-05-05
元大經國,222.0,1100,1000,9859,6239,2026-05-05
元大經國,221.0,2000,0,9859,6239,2026-05-05
元大經國,220.0,4000,0,9859,6239,2026-05-05
元大龍潭,235.0,1000,0,9858,6239,2026-05-05
元大龍潭,234.0,0,3000,9858,6239,2026-05-05
元大龍潭,233.0,1000,0,9858,6239,2026-05-05
元大經國,225.0,2000,3000,9859,6239,2026-05-05
元大龍潭,232.0,3000,0,9858,6239,2026-05-05
元大鳳中,223.5,3003,0,985C,6239,2026-05-05
元大鳳中,227.0,1000,2000,985C,6239,2026-05-05
元大南京,228.0,0,4003,9862,6239,2026-05-05
元大南京,227.0,2000,2000,9862,6239,2026-05-05
元大南京,225.5,0,4000,9862,6239,2026-05-05
元大南京,224.5,4100,0,9862,6239,2026-05-05
元大南京,223.5,5000,0,9862,6239,2026-05-05
元大南京,222.5,3000,1000,9862,6239,2026-05-05
元大南京,221.5,1000,1000,9862,6239,2026-05-05
元大南京,220.5,1000,0,9862,6239,2026-05-05
元大鳳中,225.0,2000,50,985C,6239,2026-05-05
元大岡山,234.5,1000,0,985F,6239,2026-05-05
元大岡山,221.0,100,0,985F,6239,2026-05-05
元大鳳中,236.5,0,1000,985C,6239,2026-05-05
元大鳳中,235.5,5000,1000,985C,6239,2026-05-05
元大鳳中,234.5,0,1095,985C,6239,2026-05-05
元大鳳中,233.5,1000,0,985C,6239,2026-05-05
元大鳳中,231.0,1000,320,985C,6239,2026-05-05
元大鳳中,229.0,0,5150,985C,6239,2026-05-05
元大鳳中,228.0,2000,0,985C,6239,2026-05-05
元大岡山,224.5,0,1000,985F,6239,2026-05-05
元大南京,229.0,2000,1000,9862,6239,2026-05-05
元大龍潭,231.0,5000,700,9858,6239,2026-05-05
元大龍潭,229.0,2000,1000,9858,6239,2026-05-05
元大蘆洲,221.5,5109,0,9857,6239,2026-05-05
元大蘆洲,220.5,10100,0,9857,6239,2026-05-05
元大花蓮,236.5,1000,0,9856,6239,2026-05-05
元大花蓮,235.0,1000,1000,9856,6239,2026-05-05
元大花蓮,232.0,0,5000,9856,6239,2026-05-05
元大花蓮,230.5,2000,2000,9856,6239,2026-05-05
元大花蓮,229.5,2200,3000,9856,6239,2026-05-05
元大花蓮,228.5,1000,100,9856,6239,2026-05-05
元大蘆洲,222.5,2000,0,9857,6239,2026-05-05
元大花蓮,227.5,2100,4000,9856,6239,2026-05-05
元大花蓮,225.5,168,100,9856,6239,2026-05-05
元大花蓮,224.5,250,1000,9856,6239,2026-05-05
元大花蓮,223.5,3300,99,9856,6239,2026-05-05
元大花蓮,222.5,1000,0,9856,6239,2026-05-05
元大花蓮,221.0,0,2000,9856,6239,2026-05-05
元大花蓮,220.0,2000,0,9856,6239,2026-05-05
元大興安,235.5,4000,1000,9854,6239,2026-05-05
元大興安,233.5,3000,0,9854,6239,2026-05-05
元大花蓮,226.5,0,100,9856,6239,2026-05-05
元大龍潭,230.0,500,1115,9858,6239,2026-05-05
元大蘆洲,223.5,4000,2000,9857,6239,2026-05-05
元大蘆洲,225.5,2000,1000,9857,6239,2026-05-05
元大龍潭,228.0,5000,1000,9858,6239,2026-05-05
元大龍潭,227.0,7000,15000,9858,6239,2026-05-05
元大龍潭,225.5,4000,8000,9858,6239,2026-05-05
元大龍潭,224.5,10110,0,9858,6239,2026-05-05
元大龍潭,223.5,7200,0,9858,6239,2026-05-05
元大龍潭,222.5,6000,0,9858,6239,2026-05-05
元大板三,227.5,600,1000,9879,6239,2026-05-05
元大龍潭,221.0,10010,2000,9858,6239,2026-05-05
元大蘆洲,224.5,5177,0,9857,6239,2026-05-05
元大龍潭,220.0,2000,0,9858,6239,2026-05-05
元大蘆洲,234.0,0,28000,9857,6239,2026-05-05
元大蘆洲,233.0,1000,70000,9857,6239,2026-05-05
元大蘆洲,232.0,1000,58000,9857,6239,2026-05-05
元大蘆洲,231.0,500,0,9857,6239,2026-05-05
元大蘆洲,230.0,1005,2400,9857,6239,2026-05-05
元大蘆洲,228.5,2409,1099,9857,6239,2026-05-05
元大蘆洲,227.5,2000,5000,9857,6239,2026-05-05
元大蘆洲,226.5,0,3020,9857,6239,2026-05-05
元大蘆洲,235.0,2000,0,9857,6239,2026-05-05
元大雙和,223.0,100,0,9874,6239,2026-05-05
元大南京,230.0,100,0,9862,6239,2026-05-05
元大南京,232.5,0,1000,9862,6239,2026-05-05
元大忠孝,220.5,1000,0,9871,6239,2026-05-05
元大基孝,234.0,1000,0,986K,6239,2026-05-05
元大基孝,232.5,2000,0,986K,6239,2026-05-05
元大基孝,230.5,0,1000,986K,6239,2026-05-05
元大基孝,229.5,540,0,986K,6239,2026-05-05
元大基孝,228.5,2044,0,986K,6239,2026-05-05
元大基孝,227.5,1050,0,986K,6239,2026-05-05
元大基孝,226.5,1000,1000,986K,6239,2026-05-05
元大忠孝,221.5,5,0,9871,6239,2026-05-05
元大基孝,225.5,1000,0,986K,6239,2026-05-05
元大基孝,223.0,2200,0,986K,6239,2026-05-05
元大基孝,220.5,2000,0,986K,6239,2026-05-05
元大新盛,235.5,0,1000,9869,6239,2026-05-05
元大新盛,234.0,3000,0,9869,6239,2026-05-05
元大新盛,232.0,20,0,9869,6239,2026-05-05
元大新盛,229.5,0,1000,9869,6239,2026-05-05
元大新盛,228.0,4050,0,9869,6239,2026-05-05
元大新盛,227.0,30,0,9869,6239,2026-05-05
元大基孝,224.0,0,1000,986K,6239,2026-05-05
元大新盛,224.5,2000,0,9869,6239,2026-05-05
元大忠孝,222.5,5,0,9871,6239,2026-05-05
元大忠孝,224.5,2100,0,9871,6239,2026-05-05
元大復北,234.5,1000,200,9872,6239,2026-05-05
元大復北,232.5,50,0,9872,6239,2026-05-05
元大復北,230.5,1000,0,9872,6239,2026-05-05
元大復北,229.5,210,1000,9872,6239,2026-05-05
元大復北,228.0,4500,2000,9872,6239,2026-05-05
元大復北,227.0,0,5300,9872,6239,2026-05-05
元大復北,226.0,1030,1000,9872,6239,2026-05-05
元大復北,224.0,2030,1000,9872,6239,2026-05-05
元大忠孝,223.5,32,0,9871,6239,2026-05-05
元大復北,223.0,2000,0,9872,6239,2026-05-05
元大復北,220.0,1000,0,9872,6239,2026-05-05
元大忠孝,235.0,1000,0,9871,6239,2026-05-05
元大忠孝,231.5,500,0,9871,6239,2026-05-05
元大忠孝,230.5,0,1000,9871,6239,2026-05-05
元大忠孝,229.5,1000,0,9871,6239,2026-05-05
元大忠孝,228.5,0,1000,9871,6239,2026-05-05
元大忠孝,227.5,5038,3000,9871,6239,2026-05-05
元大忠孝,226.5,2000,1000,9871,6239,2026-05-05
元大復北,222.0,2000,2,9872,6239,2026-05-05
元大南京,231.5,200,0,9862,6239,2026-05-05
元大新盛,223.0,1100,0,9869,6239,2026-05-05
元大文心,237.0,1000,0,9868,6239,2026-05-05
元大民權,225.5,2000,5000,9867,6239,2026-05-05
元大民權,224.5,11036,0,9867,6239,2026-05-05
元大民權,223.5,3500,0,9867,6239,2026-05-05
元大民權,222.5,1000,0,9867,6239,2026-05-05
元大民權,221.5,1000,0,9867,6239,2026-05-05
元大民權,220.5,3000,0,9867,6239,2026-05-05
元大和平,235.0,2000,0,9863,6239,2026-05-05
元大和平,233.5,5000,0,9863,6239,2026-05-05
元大民權,226.5,2000,2000,9867,6239,2026-05-05
元大和平,230.0,20,100,9863,6239,2026-05-05
元大和平,227.5,1100,0,9863,6239,2026-05-05
元大和平,226.5,2000,0,9863,6239,2026-05-05
元大和平,225.0,0,2000,9863,6239,2026-05-05
元大和平,223.5,510,0,9863,6239,2026-05-05
元大和平,222.0,1000,0,9863,6239,2026-05-05
元大和平,220.0,1000,0,9863,6239,2026-05-05
元大南京,235.0,2000,0,9862,6239,2026-05-05
元大南京,234.0,2000,0,9862,6239,2026-05-05
元大和平,229.0,6000,0,9863,6239,2026-05-05
元大新盛,221.0,130,0,9869,6239,2026-05-05
元大民權,227.5,3200,13000,9867,6239,2026-05-05
元大民權,230.0,5000,0,9867,6239,2026-05-05
元大文心,235.5,1000,4000,9868,6239,2026-05-05
元大文心,234.0,1000,0,9868,6239,2026-05-05
元大文心,231.5,4,0,9868,6239,2026-05-05
元大文心,230.5,120,0,9868,6239,2026-05-05
元大文心,229.5,2170,1200,9868,6239,2026-05-05
元大文心,228.5,2000,0,9868,6239,2026-05-05
元大文心,227.5,100,2000,9868,6239,2026-05-05
元大文心,226.5,1000,0,9868,6239,2026-05-05
元大民權,228.5,1050,0,9867,6239,2026-05-05
元大文心,225.5,1000,1000,9868,6239,2026-05-05
元大文心,223.5,50,0,9868,6239,2026-05-05
元大文心,221.0,300,0,9868,6239,2026-05-05
元大民權,235.5,2000,0,9867,6239,2026-05-05
元大民權,234.5,4000,0,9867,6239,2026-05-05
元大民權,233.5,1000,0,9867,6239,2026-05-05
元大民權,232.5,2000,0,9867,6239,2026-05-05
元大興安,230.5,1020,0,9854,6239,2026-05-05
元大民權,231.5,1000,0,9867,6239,2026-05-05
元大文心,224.5,3000,0,9868,6239,2026-05-05
元大板三,228.5,110,0,9879,6239,2026-05-05
元大中港,228.5,2100,4000,989B,6239,2026-05-05
元大板三,233.0,1000,0,9879,6239,2026-05-05
元大樹林,229.5,0,4000,989j,6239,2026-05-05
元大樹林,232.0,15600,0,989j,6239,2026-05-05
元大樹林,233.0,1000,0,989j,6239,2026-05-05
元大樹林,234.5,6000,250,989j,6239,2026-05-05
元大樹林,235.5,2000,6000,989j,6239,2026-05-05
元大彰生,221.0,100,0,989J,6239,2026-05-05
元大彰生,222.0,60,0,989J,6239,2026-05-05
元大彰生,223.0,1000,0,989J,6239,2026-05-05
元大彰生,224.0,1100,0,989J,6239,2026-05-05
元大彰生,225.5,1000,1121,989J,6239,2026-05-05
元大彰生,226.5,0,1000,989J,6239,2026-05-05
元大樹林,228.5,1000,0,989j,6239,2026-05-05
元大彰生,227.5,1000,3000,989J,6239,2026-05-05
元大彰生,230.0,160,2050,989J,6239,2026-05-05
元大彰生,231.5,2000,0,989J,6239,2026-05-05
元大彰生,232.5,1000,0,989J,6239,2026-05-05
元大彰生,235.0,0,1000,989J,6239,2026-05-05
元大古亭,220.5,1000,0,989k,6239,2026-05-05
元大古亭,221.5,3000,0,989k,6239,2026-05-05
元大古亭,223.0,0,1000,989k,6239,2026-05-05
元大古亭,224.5,1000,0,989k,6239,2026-05-05
元大古亭,226.0,1000,0,989k,6239,2026-05-05
元大古亭,227.0,1000,2000,989k,6239,2026-05-05
元大古亭,228.0,3101,0,989k,6239,2026-05-05
元大彰生,228.5,150,0,989J,6239,2026-05-05
元大古亭,229.0,0,2,989k,6239,2026-05-05
元大樹林,227.5,0,3026,989j,6239,2026-05-05
元大北投,235.0,1000,0,989A,6239,2026-05-05
元大蘆中,221.0,1050,0,989I,6239,2026-05-05
元大蘆中,222.0,2000,1000,989I,6239,2026-05-05
元大蘆中,223.0,50,0,989I,6239,2026-05-05
元大蘆中,224.0,1050,0,989I,6239,2026-05-05
元大蘆中,225.0,0,15,989I,6239,2026-05-05
元大蘆中,227.0,3000,2000,989I,6239,2026-05-05
元大蘆中,228.0,0,1000,989I,6239,2026-05-05
元大蘆中,229.5,200,0,989I,6239,2026-05-05
元大蘆中,234.0,1000,1000,989I,6239,2026-05-05
元大蘆中,235.5,1000,0,989I,6239,2026-05-05
元大樹林,220.0,0,1000,989j,6239,2026-05-05
元大北投,233.5,1000,0,989A,6239,2026-05-05
元大樹林,221.0,200,0,989j,6239,2026-05-05
元大樹林,223.5,1010,1100,989j,6239,2026-05-05
元大樹林,224.5,1000,0,989j,6239,2026-05-05
元大樹林,225.5,2000,1000,989j,6239,2026-05-05
元大樹林,226.5,100,1050,989j,6239,2026-05-05
元大中港,226.5,1000,0,989B,6239,2026-05-05
元大中港,225.5,0,2000,989B,6239,2026-05-05
元大中港,224.5,1000,50,989B,6239,2026-05-05
元大中港,223.0,600,0,989B,6239,2026-05-05
元大中港,222.0,1000,0,989B,6239,2026-05-05
元大中港,221.0,1000,0,989B,6239,2026-05-05
元大北投,236.0,0,2000,989A,6239,2026-05-05
元大樹林,222.0,200,0,989j,6239,2026-05-05
元大古亭,232.0,1000,1000,989k,6239,2026-05-05
元大古亭,234.5,0,1000,989k,6239,2026-05-05
元大成功,220.0,9000,0,989L,6239,2026-05-05
元大內湖,234.0,2000,2000,989N,6239,2026-05-05
元大內湖,235.0,0,5000,989N,6239,2026-05-05
元大北投,231.5,150,0,989A,6239,2026-05-05
元大北投,229.5,1000,1000,989A,6239,2026-05-05
元大北投,228.0,3400,1000,989A,6239,2026-05-05
元大北投,227.0,1000,3000,989A,6239,2026-05-05
元大北投,226.0,1000,0,989A,6239,2026-05-05
元大北投,224.5,11500,0,989A,6239,2026-05-05
元大北投,223.0,5000,2000,989A,6239,2026-05-05
元大北投,222.0,6,0,989A,6239,2026-05-05
元大苑裡,235.5,0,1000,989a,6239,2026-05-05
元大內湖,231.5,5,0,989N,6239,2026-05-05
元大苑裡,234.5,1000,5000,989a,6239,2026-05-05
元大苑裡,230.5,1000,20,989a,6239,2026-05-05
元大苑裡,229.5,0,20,989a,6239,2026-05-05
元大苑裡,228.5,0,3000,989a,6239,2026-05-05
元大苑裡,227.5,2011,3000,989a,6239,2026-05-05
元大苑裡,226.5,0,1000,989a,6239,2026-05-05
元大苑裡,225.0,100,1000,989a,6239,2026-05-05
元大苑裡,224.0,3000,0,989a,6239,2026-05-05
元大苑裡,220.5,4000,0,989a,6239,2026-05-05
元大淡水,234.5,5100,0,9899,6239,2026-05-05
元大淡水,232.5,0,2000,9899,6239,2026-05-05
元大淡水,229.5,300,2000,9899,6239,2026-05-05
元大苑裡,232.0,1100,3000,989a,6239,2026-05-05
元大內湖,230.0,6000,200,989N,6239,2026-05-05
元大內湖,228.5,1500,1100,989N,6239,2026-05-05
元大內湖,227.5,0,2000,989N,6239,2026-05-05
元大成功,222.0,1000,0,989L,6239,2026-05-05
元大成功,223.0,10,4000,989L,6239,2026-05-05
元大成功,224.0,60,1000,989L,6239,2026-05-05
元大成功,225.0,10,5000,989L,6239,2026-05-05
元大成功,226.0,2010,0,989L,6239,2026-05-05
元大成功,227.0,1020,1000,989L,6239,2026-05-05
元大成功,228.0,4000,5000,989L,6239,2026-05-05
元大成功,229.0,0,8000,989L,6239,2026-05-05
元大成功,230.0,1345,2000,989L,6239,2026-05-05
元大成功,232.0,80,0,989L,6239,2026-05-05
元大成功,233.0,25,0,989L,6239,2026-05-05
元大成功,235.0,2000,0,989L,6239,2026-05-05
元大信義,220.5,1000,0,989m,6239,2026-05-05
元大信義,221.5,150,1000,989m,6239,2026-05-05
元大信義,223.5,1000,0,989m,6239,2026-05-05
元大信義,225.5,1006,1000,989m,6239,2026-05-05
元大信義,227.5,210,1000,989m,6239,2026-05-05
元大信義,229.5,6,0,989m,6239,2026-05-05
元大信義,231.5,20,0,989m,6239,2026-05-05
元大內湖,220.5,0,1000,989N,6239,2026-05-05
元大內湖,221.5,1000,1000,989N,6239,2026-05-05
元大內湖,223.0,0,1000,989N,6239,2026-05-05
元大內湖,224.5,2000,0,989N,6239,2026-05-05
元大內湖,225.5,5000,0,989N,6239,2026-05-05
元大內湖,226.5,1000,0,989N,6239,2026-05-05
元大大同,233.0,1000,0,989G,6239,2026-05-05
元大淡水,228.5,0,60,9899,6239,2026-05-05
元大大同,231.5,0,300,989G,6239,2026-05-05
元大大同,228.0,2050,4200,989G,6239,2026-05-05
元大北屯,232.5,1000,0,989d,6239,2026-05-05
元大北屯,234.5,3000,0,989d,6239,2026-05-05
元大左營,222.5,0,11000,989D,6239,2026-05-05
元大左營,223.5,0,1000,989D,6239,2026-05-05
元大左營,224.5,1000,0,989D,6239,2026-05-05
元大左營,226.0,0,1000,989D,6239,2026-05-05
元大左營,227.0,3000,0,989D,6239,2026-05-05
元大左營,228.0,10000,2000,989D,6239,2026-05-05
元大左營,229.0,2000,0,989D,6239,2026-05-05
元大左營,230.0,1000,300,989D,6239,2026-05-05
元大左營,232.0,1000,0,989D,6239,2026-05-05
元大北屯,229.5,60,0,989d,6239,2026-05-05
元大左營,234.5,0,1000,989D,6239,2026-05-05
元大中和,220.0,1000,0,989e,6239,2026-05-05
元大中和,222.0,6230,100,989e,6239,2026-05-05
元大中和,223.0,5000,2000,989e,6239,2026-05-05
元大中和,224.0,1002,100,989e,6239,2026-05-05
元大中和,225.5,1000,1000,989e,6239,2026-05-05
元大中和,227.0,1002,1000,989e,6239,2026-05-05
元大中和,228.0,3000,5010,989e,6239,2026-05-05
元大中和,229.0,2000,2000,989e,6239,2026-05-05
元大中和,230.0,2000,1100,989e,6239,2026-05-05
元大中和,231.0,2000,0,989e,6239,2026-05-05
元大中和,234.5,1000,0,989e,6239,2026-05-05
元大左營,236.0,0,2000,989D,6239,2026-05-05
元大草屯,220.5,2000,1000,989E,6239,2026-05-05
元大北屯,228.5,0,1000,989d,6239,2026-05-05
元大北屯,226.5,2000,10000,989d,6239,2026-05-05
元大中港,229.5,0,2000,989B,6239,2026-05-05
元大中港,231.0,1000,0,989B,6239,2026-05-05
元大中港,232.5,1000,1000,989B,6239,2026-05-05
元大中港,233.5,1000,0,989B,6239,2026-05-05
元大中港,235.0,1000,0,989B,6239,2026-05-05
元大板橋,220.0,6000,0,989C,6239,2026-05-05
元大板橋,221.5,1000,100,989C,6239,2026-05-05
元大板橋,222.5,50,0,989C,6239,2026-05-05
元大板橋,223.5,4000,0,989C,6239,2026-05-05
元大板橋,224.5,10,0,989C,6239,2026-05-05
元大板橋,226.0,10,150,989C,6239,2026-05-05
元大北屯,227.5,1060,40,989d,6239,2026-05-05
元大板橋,227.0,4000,0,989C,6239,2026-05-05
元大板橋,229.0,3010,3000,989C,6239,2026-05-05
元大板橋,230.5,3000,0,989C,6239,2026-05-05
元大板橋,231.5,40,0,989C,6239,2026-05-05
元大板橋,233.0,2300,0,989C,6239,2026-05-05
元大板橋,234.5,100,0,989C,6239,2026-05-05
元大板橋,235.5,1000,0,989C,6239,2026-05-05
元大北屯,220.5,4000,2000,989d,6239,2026-05-05
元大北屯,222.0,0,1000,989d,6239,2026-05-05
元大北屯,223.0,200,0,989d,6239,2026-05-05
元大北屯,224.0,330,0,989d,6239,2026-05-05
元大北屯,225.5,1100,2010,989d,6239,2026-05-05
元大板橋,228.0,3000,1000,989C,6239,2026-05-05
元大草屯,222.0,1010,0,989E,6239,2026-05-05
元大草屯,223.0,2350,0,989E,6239,2026-05-05
元大草屯,224.0,3000,135,989E,6239,2026-05-05
元大高雄,227.5,2180,1000,989F,6239,2026-05-05
元大高雄,228.5,5,0,989F,6239,2026-05-05
元大高雄,230.0,1001,2000,989F,6239,2026-05-05
元大高雄,231.5,20,0,989F,6239,2026-05-05
元大高雄,233.0,0,4000,989F,6239,2026-05-05
元大高雄,235.0,2000,5000,989F,6239,2026-05-05
元大嘉義,220.0,1000,0,989g,6239,2026-05-05
元大嘉義,222.5,0,1000,989g,6239,2026-05-05
元大嘉義,223.5,3000,0,989g,6239,2026-05-05
元大嘉義,224.5,50,1000,989g,6239,2026-05-05
元大嘉義,225.5,0,200,989g,6239,2026-05-05
元大高雄,225.5,5,0,989F,6239,2026-05-05
元大嘉義,226.5,1000,1000,989g,6239,2026-05-05
元大嘉義,228.5,50,18,989g,6239,2026-05-05
元大嘉義,229.5,100,1000,989g,6239,2026-05-05
元大嘉義,230.5,0,100,989g,6239,2026-05-05
元大嘉義,232.0,3000,200,989g,6239,2026-05-05
元大嘉義,233.0,1000,0,989g,6239,2026-05-05
元大嘉義,234.5,2000,1100,989g,6239,2026-05-05
元大大同,220.5,3000,1000,989G,6239,2026-05-05
元大大同,223.0,3000,0,989G,6239,2026-05-05
元大大同,224.0,1000,0,989G,6239,2026-05-05
元大大同,226.0,0,2000,989G,6239,2026-05-05
元大大同,227.0,4000,1000,989G,6239,2026-05-05
元大嘉義,227.5,2012,4150,989g,6239,2026-05-05
元大永春,223.5,1000,0,9852,6239,2026-05-05
元大高雄,224.5,2310,0,989F,6239,2026-05-05
元大高雄,223.5,4010,1200,989F,6239,2026-05-05
元大草屯,225.0,50,100,989E,6239,2026-05-05
元大草屯,226.0,0,1000,989E,6239,2026-05-05
元大草屯,227.0,6200,6000,989E,6239,2026-05-05
元大草屯,228.0,205,9000,989E,6239,2026-05-05
元大草屯,229.0,1080,2000,989E,6239,2026-05-05
元大草屯,230.0,3250,140,989E,6239,2026-05-05
元大草屯,231.5,1650,0,989E,6239,2026-05-05
元大草屯,232.5,100,1000,989E,6239,2026-05-05
元大草屯,233.5,3000,0,989E,6239,2026-05-05
元大草屯,234.5,3000,150,989E,6239,2026-05-05
元大草屯,235.5,3000,2000,989E,6239,2026-05-05
元大東港,220.0,1000,0,989f,6239,2026-05-05
元大東港,221.5,0,2000,989f,6239,2026-05-05
元大東港,222.5,2000,0,989f,6239,2026-05-05
元大東港,223.5,2025,0,989f,6239,2026-05-05
元大東港,225.5,1000,0,989f,6239,2026-05-05
元大東港,227.0,0,1000,989f,6239,2026-05-05
元大東港,228.0,2000,3000,989f,6239,2026-05-05
元大東港,229.0,4000,1448,989f,6239,2026-05-05
元大東港,230.0,1000,0,989f,6239,2026-05-05
元大東港,233.5,1000,0,989f,6239,2026-05-05
元大東港,234.5,1000,0,989f,6239,2026-05-05
元大高雄,220.5,5000,2000,989F,6239,2026-05-05
元大高雄,221.5,51,0,989F,6239,2026-05-05
元大高雄,222.5,100,1000,989F,6239,2026-05-05
元大大同,229.5,0,50,989G,6239,2026-05-05
元大板三,232.0,1000,0,9879,6239,2026-05-05
元大淡水,227.5,16000,7000,9899,6239,2026-05-05
元大淡水,225.0,1200,1000,9899,6239,2026-05-05
元大汐止,224.0,250,0,989Q,6239,2026-05-05
元大汐止,225.0,1025,0,989Q,6239,2026-05-05
元大汐止,226.5,0,2000,989Q,6239,2026-05-05
元大汐止,227.5,8000,2000,989Q,6239,2026-05-05
元大汐止,228.5,2000,0,989Q,6239,2026-05-05
元大汐止,232.0,0,3000,989Q,6239,2026-05-05
元大汐止,233.0,300,0,989Q,6239,2026-05-05
元大汐止,234.0,4000,0,989Q,6239,2026-05-05
元大汐止,235.5,3000,3000,989Q,6239,2026-05-05
元大鹿港,220.5,2050,0,989S,6239,2026-05-05
元大鹿港,223.0,100,0,989S,6239,2026-05-05
元大汐止,223.0,3550,0,989Q,6239,2026-05-05
元大鹿港,224.0,0,1000,989S,6239,2026-05-05
元大鹿港,227.0,2230,1000,989S,6239,2026-05-05
元大鹿港,228.0,2130,0,989S,6239,2026-05-05
元大鹿港,229.0,1030,2000,989S,6239,2026-05-05
元大鹿港,230.0,20,161,989S,6239,2026-05-05
元大鹿港,231.0,0,50,989S,6239,2026-05-05
元大鹿港,233.0,17,0,989S,6239,2026-05-05
元大鹿港,234.0,2000,0,989S,6239,2026-05-05
元大大甲,220.5,1000,0,989U,6239,2026-05-05
元大大甲,222.0,1000,0,989U,6239,2026-05-05
元大大甲,223.5,2002,0,989U,6239,2026-05-05
元大大甲,225.0,1000,2000,989U,6239,2026-05-05
元大鹿港,226.0,190,0,989S,6239,2026-05-05
元大大甲,226.5,1000,0,989U,6239,2026-05-05
元大汐止,222.0,25,1000,989Q,6239,2026-05-05
元大敦南,233.5,0,7000,989P,6239,2026-05-05
元大桃園,220.5,0,3000,988B,6239,2026-05-05
元大員林,235.5,2000,6000,9889,6239,2026-05-05
元大員林,234.5,1000,0,9889,6239,2026-05-05
元大員林,232.5,2000,0,9889,6239,2026-05-05
元大員林,231.5,1000,0,9889,6239,2026-05-05
元大員林,230.0,1030,0,9889,6239,2026-05-05
元大員林,228.5,1173,1050,9889,6239,2026-05-05
元大員林,227.5,5,1000,9889,6239,2026-05-05
元大員林,226.5,4000,0,9889,6239,2026-05-05
元大員林,225.5,0,4000,9889,6239,2026-05-05
元大員林,224.5,1110,1000,9889,6239,2026-05-05
元大汐止,221.0,1000,0,989Q,6239,2026-05-05
元大員林,223.5,1000,0,9889,6239,2026-05-05
元大員林,221.0,1200,0,9889,6239,2026-05-05
元大鑫永,234.5,0,180,9888,6239,2026-05-05
元大中港,227.5,2100,1000,989B,6239,2026-05-05
元大敦南,220.5,100,0,989P,6239,2026-05-05
元大敦南,221.5,100,0,989P,6239,2026-05-05
元大敦南,222.5,2000,0,989P,6239,2026-05-05
元大敦南,224.5,1150,4000,989P,6239,2026-05-05
元大敦南,226.5,1000,0,989P,6239,2026-05-05
元大敦南,229.0,1000,0,989P,6239,2026-05-05
元大敦南,230.0,500,0,989P,6239,2026-05-05
元大敦南,231.0,44,0,989P,6239,2026-05-05
元大員林,222.5,5,2000,9889,6239,2026-05-05
元大大甲,227.5,1040,20,989U,6239,2026-05-05
元大大甲,228.5,0,1050,989U,6239,2026-05-05
元大大甲,230.0,0,1000,989U,6239,2026-05-05
元大斗信,234.0,0,2000,9884,6239,2026-05-05
元大斗信,232.0,4100,0,9884,6239,2026-05-05
元大斗信,229.5,1000,0,9884,6239,2026-05-05
元大斗信,228.5,1000,100,9884,6239,2026-05-05
元大斗信,227.5,3010,1000,9884,6239,2026-05-05
元大斗信,226.0,2000,0,9884,6239,2026-05-05
元大斗信,225.0,1000,0,9884,6239,2026-05-05
元大斗信,222.5,50,0,9884,6239,2026-05-05
元大斗信,220.5,2000,0,9884,6239,2026-05-05
元大楊梅,235.5,2000,0,987A,6239,2026-05-05
元大楊梅,234.5,4000,100,987A,6239,2026-05-05
元大鑫永,220.0,100,0,9888,6239,2026-05-05
元大楊梅,233.0,0,1000,987A,6239,2026-05-05
元大楊梅,230.5,4000,1000,987A,6239,2026-05-05
元大楊梅,229.5,100,3000,987A,6239,2026-05-05
元大楊梅,228.5,0,20,987A,6239,2026-05-05
元大楊梅,227.5,14000,6112,987A,6239,2026-05-05
元大楊梅,226.5,1000,0,987A,6239,2026-05-05
元大楊梅,225.0,2000,100,987A,6239,2026-05-05
元大楊梅,224.0,10,60,987A,6239,2026-05-05
元大楊梅,223.0,1000,0,987A,6239,2026-05-05
元大楊梅,222.0,5100,1000,987A,6239,2026-05-05
元大楊梅,220.5,4000,3000,987A,6239,2026-05-05
元大板三,234.5,0,300,9879,6239,2026-05-05
元大楊梅,231.5,0,500,987A,6239,2026-05-05
元大鑫永,222.0,200,0,9888,6239,2026-05-05
元大鑫永,223.0,1100,0,9888,6239,2026-05-05
元大鑫永,224.5,100,0,9888,6239,2026-05-05
元大大甲,231.5,100,0,989U,6239,2026-05-05
元大大甲,232.5,1000,0,989U,6239,2026-05-05
元大大甲,233.5,1000,0,989U,6239,2026-05-05
元大大甲,234.5,3450,0,989U,6239,2026-05-05
元大北重,221.0,2100,0,989V,6239,2026-05-05
元大北重,223.5,4000,0,989V,6239,2026-05-05
元大北重,224.5,1036,100,989V,6239,2026-05-05
元大北重,225.5,0,1000,989V,6239,2026-05-05
元大北重,227.0,0,1200,989V,6239,2026-05-05
元大北重,228.0,1006,2000,989V,6239,2026-05-05
元大北重,229.0,1000,2000,989V,6239,2026-05-05
元大北重,232.0,1000,1000,989V,6239,2026-05-05
元大北重,233.5,1000,0,989V,6239,2026-05-05
元大站前,220.0,1000,0,989W,6239,2026-05-05
元大站前,221.5,0,1000,989W,6239,2026-05-05
元大站前,222.5,15,0,989W,6239,2026-05-05
元大站前,223.5,1000,150,989W,6239,2026-05-05
元大站前,224.5,1000,1200,989W,6239,2026-05-05
元大站前,226.0,0,1000,989W,6239,2026-05-05
元大站前,227.0,1000,0,989W,6239,2026-05-05
元大站前,228.0,2000,1150,989W,6239,2026-05-05
元大鑫永,230.5,100,0,9888,6239,2026-05-05
元大鑫永,229.0,100,0,9888,6239,2026-05-05
元大鑫永,228.0,0,1000,9888,6239,2026-05-05
元大鑫永,226.5,100,0,9888,6239,2026-05-05
元大桃園,222.0,4055,0,988B,6239,2026-05-05
元大淡水,226.5,1000,1000,9899,6239,2026-05-05
元大桃園,223.5,4000,0,988B,6239,2026-05-05
元大桃園,225.5,130,0,988B,6239,2026-05-05
元大台南,233.0,100,0,9896,6239,2026-05-05
元大台南,229.5,0,100,9896,6239,2026-05-05
元大台南,228.5,0,3000,9896,6239,2026-05-05
元大台南,227.5,4000,15,9896,6239,2026-05-05
元大台南,226.5,1000,1000,9896,6239,2026-05-05
元大台南,224.5,2405,0,9896,6239,2026-05-05
元大台南,223.5,1001,0,9896,6239,2026-05-05
元大台南,222.5,1000,0,9896,6239,2026-05-05
元大桃興,236.0,0,10000,9894,6239,2026-05-05
元大桃興,235.0,2000,0,9894,6239,2026-05-05
元大桃興,234.0,2000,1000,9894,6239,2026-05-05
元大台南,235.0,0,1000,9896,6239,2026-05-05
元大桃興,232.0,3000,5000,9894,6239,2026-05-05
元大桃興,229.0,0,2000,9894,6239,2026-05-05
元大桃興,228.0,10000,1115,9894,6239,2026-05-05
元大桃興,227.0,2000,3000,9894,6239,2026-05-05
元大桃興,225.5,1080,0,9894,6239,2026-05-05
元大桃興,223.5,3000,0,9894,6239,2026-05-05
元大桃興,222.0,5000,0,9894,6239,2026-05-05
元大大天,236.0,0,1000,9893,6239,2026-05-05
元大大天,234.0,1000,1000,9893,6239,2026-05-05
元大大天,232.0,2000,1000,9893,6239,2026-05-05
元大大天,230.5,0,1000,9893,6239,2026-05-05
元大大天,229.5,0,2,9893,6239,2026-05-05
元大桃興,230.0,1000,1060,9894,6239,2026-05-05
元大大天,228.0,100,0,9893,6239,2026-05-05
元大土城,220.5,2000,0,9897,6239,2026-05-05
元大土城,224.0,100,1000,9897,6239,2026-05-05
元大淡水,224.0,10,300,9899,6239,2026-05-05
元大淡水,222.5,4000,100,9899,6239,2026-05-05
元大淡水,221.5,0,5000,9899,6239,2026-05-05
元大新莊,235.5,1000,0,9898,6239,2026-05-05
元大新莊,232.0,2000,2000,9898,6239,2026-05-05
元大新莊,230.5,50,1045,9898,6239,2026-05-05
元大新莊,229.5,100,150,9898,6239,2026-05-05
元大新莊,228.5,2000,1000,9898,6239,2026-05-05
元大新莊,227.5,1230,1000,9898,6239,2026-05-05
元大新莊,226.5,30,2000,9898,6239,2026-05-05
元大新莊,225.5,100,0,9898,6239,2026-05-05
元大土城,222.0,20,0,9897,6239,2026-05-05
元大新莊,224.5,100,0,9898,6239,2026-05-05
元大新莊,222.0,2000,0,9898,6239,2026-05-05
元大新莊,220.5,1100,100,9898,6239,2026-05-05
元大土城,235.5,2000,1000,9897,6239,2026-05-05
元大土城,234.0,1000,0,9897,6239,2026-05-05
元大土城,233.0,1000,0,9897,6239,2026-05-05
元大土城,232.0,2000,1000,9897,6239,2026-05-05
元大土城,230.5,1000,0,9897,6239,2026-05-05
元大土城,229.5,0,308,9897,6239,2026-05-05
元大土城,228.0,0,6010,9897,6239,2026-05-05
元大土城,227.0,1000,0,9897,6239,2026-05-05
元大土城,225.0,1000,0,9897,6239,2026-05-05
元大新莊,223.0,100,0,9898,6239,2026-05-05
元大大天,227.0,1000,3000,9893,6239,2026-05-05
元大大天,225.0,4000,3000,9893,6239,2026-05-05
元大大天,223.0,2000,2200,9893,6239,2026-05-05
元大長庚,228.0,30,0,988V,6239,2026-05-05
元大長庚,226.5,2000,0,988V,6239,2026-05-05
元大長庚,225.0,2000,0,988V,6239,2026-05-05
元大長庚,224.0,0,150,988V,6239,2026-05-05
元大長庚,223.0,6150,1000,988V,6239,2026-05-05
元大長庚,220.0,0,1000,988V,6239,2026-05-05
元大三重,235.0,2000,0,988C,6239,2026-05-05
元大三重,234.0,0,200,988C,6239,2026-05-05
元大三重,230.0,0,3000,988C,6239,2026-05-05
元大三重,228.0,200,1020,988C,6239,2026-05-05
元大三重,226.0,0,300,988C,6239,2026-05-05
元大長庚,229.0,0,1000,988V,6239,2026-05-05
元大三重,225.0,1030,0,988C,6239,2026-05-05
元大三重,223.0,1,0,988C,6239,2026-05-05
元大三重,222.0,0,50,988C,6239,2026-05-05
元大三重,220.0,1000,0,988C,6239,2026-05-05
元大桃園,235.0,1000,0,988B,6239,2026-05-05
元大桃園,234.0,1000,0,988B,6239,2026-05-05
元大桃園,233.0,1010,1000,988B,6239,2026-05-05
元大桃園,231.5,580,0,988B,6239,2026-05-05
元大桃園,229.5,30,434,988B,6239,2026-05-05
元大桃園,228.5,50,0,988B,6239,2026-05-05
元大桃園,227.5,100,0,988B,6239,2026-05-05
元大桃園,226.5,40,3000,988B,6239,2026-05-05
元大三重,224.0,100,0,988C,6239,2026-05-05
元大長庚,231.0,500,0,988V,6239,2026-05-05
元大長庚,234.5,1000,0,988V,6239,2026-05-05
元大永和,221.0,100,0,9891,6239,2026-05-05
元大大天,220.5,1000,0,9893,6239,2026-05-05
元大屏東,236.0,1000,0,9892,6239,2026-05-05
元大屏東,234.5,1100,0,9892,6239,2026-05-05
元大屏東,232.5,0,1,9892,6239,2026-05-05
元大屏東,230.5,200,1000,9892,6239,2026-05-05
元大屏東,229.5,50,2000,9892,6239,2026-05-05
元大屏東,228.5,1000,0,9892,6239,2026-05-05
元大屏東,227.5,0,5000,9892,6239,2026-05-05
元大屏東,226.5,1050,0,9892,6239,2026-05-05
元大屏東,224.5,300,4000,9892,6239,2026-05-05
元大屏東,223.5,1050,3000,9892,6239,2026-05-05
元大屏東,220.5,2000,0,9892,6239,2026-05-05
元大永和,236.0,0,1000,9891,6239,2026-05-05
元大永和,234.5,0,200,9891,6239,2026-05-05
元大永和,233.5,0,1000,9891,6239,2026-05-05
元大永和,232.5,1000,100,9891,6239,2026-05-05
元大永和,231.5,1100,0,9891,6239,2026-05-05
元大永和,230.0,2050,0,9891,6239,2026-05-05
元大永和,229.0,1300,0,9891,6239,2026-05-05
元大永和,228.0,0,1010,9891,6239,2026-05-05
元大永和,227.0,1100,1000,9891,6239,2026-05-05
元大永和,225.5,1000,0,9891,6239,2026-05-05
元大永和,224.5,2000,0,9891,6239,2026-05-05
元大永和,223.5,3200,1000,9891,6239,2026-05-05
元大永和,222.0,20,0,9891,6239,2026-05-05
元大桃園,224.5,100,0,988B,6239,2026-05-05
元大永春,222.5,1012,0,9852,6239,2026-05-05
元大彰化,223.5,2000,7020,981G,6239,2026-05-05
元大館前,235.0,0,3000,984K,6239,2026-05-05
富邦板橋,228.5,8001,45,9655,6239,2026-05-05
富邦板橋,227.5,4175,2100,9655,6239,2026-05-05
富邦板橋,226.5,4100,6000,9655,6239,2026-05-05
富邦板橋,225.5,10,6000,9655,6239,2026-05-05
富邦板橋,224.5,2000,2000,9655,6239,2026-05-05
富邦板橋,223.5,500,0,9655,6239,2026-05-05
富邦板橋,222.5,3300,0,9655,6239,2026-05-05
富邦板橋,221.5,3019,0,9655,6239,2026-05-05
富邦板橋,220.5,3015,0,9655,6239,2026-05-05
富邦永和,235.5,2000,5000,9654,6239,2026-05-05
富邦永和,234.5,2000,1005,9654,6239,2026-05-05
富邦永和,233.5,10000,1000,9654,6239,2026-05-05
富邦永和,232.0,12000,300,9654,6239,2026-05-05
富邦永和,231.0,1025,3000,9654,6239,2026-05-05
富邦永和,230.0,7280,2005,9654,6239,2026-05-05
富邦永和,229.0,2100,1030,9654,6239,2026-05-05
富邦永和,228.0,5025,25050,9654,6239,2026-05-05
富邦板橋,229.5,1103,0,9655,6239,2026-05-05
富邦永和,227.0,5000,0,9654,6239,2026-05-05
富邦板橋,230.5,10222,1000,9655,6239,2026-05-05
富邦板橋,233.5,0,1000,9655,6239,2026-05-05
富邦建國,223.5,2100,0,9658,6239,2026-05-05
富邦建國,222.5,1008,22000,9658,6239,2026-05-05
富邦建國,221.5,3200,0,9658,6239,2026-05-05
富邦建國,220.0,2000,0,9658,6239,2026-05-05
富邦苗栗,235.0,1000,0,9657,6239,2026-05-05
富邦苗栗,232.0,1000,2000,9657,6239,2026-05-05
富邦苗栗,229.5,7,50,9657,6239,2026-05-05
富邦苗栗,228.5,0,1000,9657,6239,2026-05-05
富邦苗栗,227.5,1110,0,9657,6239,2026-05-05
富邦苗栗,226.5,0,3000,9657,6239,2026-05-05
富邦苗栗,224.5,0,25,9657,6239,2026-05-05
富邦苗栗,223.5,2000,0,9657,6239,2026-05-05
富邦苗栗,222.5,1000,0,9657,6239,2026-05-05
富邦苗栗,221.5,2000,0,9657,6239,2026-05-05
富邦苗栗,220.5,2000,0,9657,6239,2026-05-05
富邦板橋,235.5,1000,0,9655,6239,2026-05-05
富邦板橋,234.5,2100,200,9655,6239,2026-05-05
富邦板橋,232.0,7000,0,9655,6239,2026-05-05
富邦永和,226.0,2585,2070,9654,6239,2026-05-05
富邦永和,225.0,26000,2000,9654,6239,2026-05-05
富邦永和,224.0,3268,0,9654,6239,2026-05-05
富邦豐原,225.0,0,301,963L,6239,2026-05-05
富邦豐原,222.5,1000,0,963L,6239,2026-05-05
富邦八德,235.0,0,1000,963A,6239,2026-05-05
富邦八德,234.0,3050,2000,963A,6239,2026-05-05
富邦八德,232.0,3000,3200,963A,6239,2026-05-05
富邦八德,231.0,100,300,963A,6239,2026-05-05
富邦八德,229.5,250,1000,963A,6239,2026-05-05
富邦八德,228.5,1000,11000,963A,6239,2026-05-05
富邦八德,227.5,3000,1000,963A,6239,2026-05-05
富邦八德,226.5,50,4000,963A,6239,2026-05-05
富邦八德,225.5,150,0,963A,6239,2026-05-05
富邦八德,224.5,2000,100,963A,6239,2026-05-05
富邦八德,223.5,1005,0,963A,6239,2026-05-05
富邦八德,222.5,2000,0,963A,6239,2026-05-05
富邦八德,221.0,1030,0,963A,6239,2026-05-05
富邦八德,220.0,6000,0,963A,6239,2026-05-05
富邦中壢,234.5,1000,10,9636,6239,2026-05-05
富邦豐原,228.0,100,0,963L,6239,2026-05-05
富邦豐原,230.0,40,0,963L,6239,2026-05-05
富邦豐原,234.0,1000,0,963L,6239,2026-05-05
富邦新竹,220.0,1000,0,9647,6239,2026-05-05
富邦永和,223.0,5630,1000,9654,6239,2026-05-05
富邦永和,222.0,1000,0,9654,6239,2026-05-05
富邦永和,220.5,1000,6000,9654,6239,2026-05-05
富邦新竹,235.0,1000,4000,9647,6239,2026-05-05
富邦新竹,234.0,2000,1000,9647,6239,2026-05-05
富邦新竹,233.0,0,1000,9647,6239,2026-05-05
富邦新竹,232.0,10000,3200,9647,6239,2026-05-05
富邦新竹,231.0,0,200,9647,6239,2026-05-05
富邦建國,224.5,0,1000,9658,6239,2026-05-05
富邦新竹,230.0,2200,1016,9647,6239,2026-05-05
富邦新竹,228.0,9003,6700,9647,6239,2026-05-05
富邦新竹,227.0,4500,2100,9647,6239,2026-05-05
富邦新竹,226.0,7100,3000,9647,6239,2026-05-05
富邦新竹,225.0,10130,5000,9647,6239,2026-05-05
富邦新竹,224.0,5300,1000,9647,6239,2026-05-05
富邦新竹,223.0,2000,1000,9647,6239,2026-05-05
富邦新竹,222.0,3000,0,9647,6239,2026-05-05
富邦新竹,221.0,7000,1000,9647,6239,2026-05-05
富邦新竹,229.0,7000,2000,9647,6239,2026-05-05
富邦建國,225.5,231,1000,9658,6239,2026-05-05
富邦建國,226.5,4000,2000,9658,6239,2026-05-05
富邦建國,227.5,5100,2030,9658,6239,2026-05-05
富邦新店,232.0,2000,2100,9661,6239,2026-05-05
富邦新店,231.0,1000,0,9661,6239,2026-05-05
富邦新店,230.0,1638,3006,9661,6239,2026-05-05
富邦新店,229.0,0,11000,9661,6239,2026-05-05
富邦新店,228.0,3105,2000,9661,6239,2026-05-05
富邦新店,227.0,6010,6000,9661,6239,2026-05-05
富邦新店,226.0,86,0,9661,6239,2026-05-05
富邦新店,225.0,4000,1010,9661,6239,2026-05-05
富邦新店,223.5,2050,0,9661,6239,2026-05-05
富邦新店,222.5,2050,0,9661,6239,2026-05-05
富邦新店,221.5,1000,0,9661,6239,2026-05-05
富邦新店,220.5,7000,50,9661,6239,2026-05-05
富邦彰化,235.0,0,1000,965U,6239,2026-05-05
富邦彰化,232.5,2000,0,965U,6239,2026-05-05
富邦彰化,231.5,10,0,965U,6239,2026-05-05
富邦彰化,229.0,1000,0,965U,6239,2026-05-05
富邦彰化,228.0,1110,1000,965U,6239,2026-05-05
富邦新店,233.5,1000,1000,9661,6239,2026-05-05
富邦新店,234.5,1100,0,9661,6239,2026-05-05
富邦新店,235.5,3000,4000,9661,6239,2026-05-05
富邦新店,236.5,1000,0,9661,6239,2026-05-05
富邦桃園,224.5,1100,0,9665,6239,2026-05-05
富邦桃園,223.5,2120,1000,9665,6239,2026-05-05
富邦桃園,222.5,2100,2000,9665,6239,2026-05-05
富邦桃園,221.5,2000,0,9665,6239,2026-05-05
富邦桃園,220.5,10,2250,9665,6239,2026-05-05
富邦敦南,235.5,1000,0,9663,6239,2026-05-05
富邦敦南,234.5,0,11,9663,6239,2026-05-05
富邦敦南,233.0,1100,0,9663,6239,2026-05-05
富邦彰化,227.0,1004,0,965U,6239,2026-05-05
富邦敦南,231.0,20,0,9663,6239,2026-05-05
富邦敦南,228.5,9000,6000,9663,6239,2026-05-05
富邦敦南,227.5,4150,1000,9663,6239,2026-05-05
富邦敦南,226.5,1000,1000,9663,6239,2026-05-05
富邦敦南,225.0,2000,2000,9663,6239,2026-05-05
富邦敦南,224.0,4100,0,9663,6239,2026-05-05
富邦敦南,223.0,2010,0,9663,6239,2026-05-05
富邦敦南,222.0,50,0,9663,6239,2026-05-05
富邦敦南,221.0,100,2000,9663,6239,2026-05-05
富邦敦南,230.0,1500,1005,9663,6239,2026-05-05
富邦中壢,233.5,0,1000,9636,6239,2026-05-05
富邦彰化,224.5,0,5000,965U,6239,2026-05-05
富邦彰化,220.5,5000,0,965U,6239,2026-05-05
富邦高雄,229.0,5000,0,9659,6239,2026-05-05
元大站前,229.0,1150,0,989W,6239,2026-05-05
富邦高雄,228.0,3004,10000,9659,6239,2026-05-05
富邦高雄,227.0,3000,4000,9659,6239,2026-05-05
富邦高雄,225.5,1100,1000,9659,6239,2026-05-05
富邦高雄,224.5,1003,0,9659,6239,2026-05-05
富邦高雄,223.5,1000,0,9659,6239,2026-05-05
富邦高雄,222.5,8000,1100,9659,6239,2026-05-05
富邦高雄,221.5,2000,0,9659,6239,2026-05-05
富邦建國,235.5,0,2000,9658,6239,2026-05-05
富邦建國,234.5,3000,0,9658,6239,2026-05-05
元大大灣,231.5,1000,0,9815,6239,2026-05-05
富邦建國,233.0,3000,0,9658,6239,2026-05-05
富邦建國,231.5,100,0,9658,6239,2026-05-05
富邦建國,230.5,1000,1,9658,6239,2026-05-05
富邦建國,229.5,1151,0,9658,6239,2026-05-05
富邦建國,228.5,2150,3000,9658,6239,2026-05-05
富邦高雄,230.0,1110,100,9659,6239,2026-05-05
富邦高雄,231.0,1000,1000,9659,6239,2026-05-05
富邦高雄,232.0,300,0,9659,6239,2026-05-05
富邦高雄,233.0,3080,0,9659,6239,2026-05-05
富邦台中,235.5,1000,0,965K,6239,2026-05-05
富邦台中,234.5,3000,150,965K,6239,2026-05-05
富邦台中,233.5,1000,0,965K,6239,2026-05-05
富邦台中,232.0,3000,3000,965K,6239,2026-05-05
富邦台中,230.5,1000,304,965K,6239,2026-05-05
富邦台中,229.5,2250,30,965K,6239,2026-05-05
富邦台中,228.5,116,7000,965K,6239,2026-05-05
富邦台中,227.5,1150,1050,965K,6239,2026-05-05
富邦彰化,223.0,10,0,965U,6239,2026-05-05
富邦台中,226.5,0,9000,965K,6239,2026-05-05
富邦台中,224.5,0,274,965K,6239,2026-05-05
富邦台中,223.5,6360,1080,965K,6239,2026-05-05
富邦台中,222.5,1000,0,965K,6239,2026-05-05
富邦台中,221.5,5050,0,965K,6239,2026-05-05
富邦台中,220.5,3080,50,965K,6239,2026-05-05
富邦高雄,237.0,2000,0,9659,6239,2026-05-05
富邦高雄,235.0,0,5000,9659,6239,2026-05-05
富邦高雄,234.0,2000,7000,9659,6239,2026-05-05
富邦台中,225.5,20,200,965K,6239,2026-05-05
富邦桃園,225.5,1000,150,9665,6239,2026-05-05
富邦中壢,232.0,2000,0,9636,6239,2026-05-05
富邦中壢,229.5,25,0,9636,6239,2026-05-05
富邦竹東,233.5,1000,0,9625,6239,2026-05-05
富邦竹東,232.0,0,1000,9625,6239,2026-05-05
富邦竹東,230.0,2000,0,9625,6239,2026-05-05
富邦竹東,229.0,7000,100,9625,6239,2026-05-05
富邦竹東,228.0,11003,100,9625,6239,2026-05-05
富邦竹東,227.0,15000,1000,9625,6239,2026-05-05
富邦竹東,226.0,2100,0,9625,6239,2026-05-05
富邦竹東,225.0,2000,1000,9625,6239,2026-05-05
富邦竹東,224.0,4100,8000,9625,6239,2026-05-05
富邦竹東,223.0,10100,0,9625,6239,2026-05-05
富邦竹東,221.0,50,0,9625,6239,2026-05-05
富邦竹東,220.0,1000,0,9625,6239,2026-05-05
富邦竹北,235.0,1000,0,9624,6239,2026-05-05
元大大灣,234.5,2000,1000,9815,6239,2026-05-05
元大新竹,221.5,500,0,9816,6239,2026-05-05
元大新竹,223.0,1050,0,9816,6239,2026-05-05
元大新竹,225.0,10,0,9816,6239,2026-05-05
富邦竹東,235.0,0,1000,9625,6239,2026-05-05
元大新竹,226.5,1000,0,9816,6239,2026-05-05
富邦內湖,220.5,0,1000,9627,6239,2026-05-05
富邦內湖,223.5,50,0,9627,6239,2026-05-05
富邦二林,222.0,2000,0,962B,6239,2026-05-05
富邦二林,220.0,1000,0,962B,6239,2026-05-05
富邦南港,234.5,2000,1000,962A,6239,2026-05-05
富邦南港,231.0,1000,0,962A,6239,2026-05-05
富邦南港,228.5,3000,0,962A,6239,2026-05-05
富邦南港,227.5,1100,9250,962A,6239,2026-05-05
富邦南港,224.0,200,0,962A,6239,2026-05-05
富邦南港,221.0,1000,0,962A,6239,2026-05-05
富邦內湖,235.5,5000,0,9627,6239,2026-05-05
富邦內湖,234.0,2000,0,9627,6239,2026-05-05
富邦內湖,232.0,0,1000,9627,6239,2026-05-05
富邦內湖,231.0,1000,0,9627,6239,2026-05-05
富邦內湖,229.5,15,325,9627,6239,2026-05-05
富邦內湖,228.0,1070,1000,9627,6239,2026-05-05
富邦內湖,227.0,180,0,9627,6239,2026-05-05
富邦內湖,225.5,50,25,9627,6239,2026-05-05
富邦內湖,224.5,3055,0,9627,6239,2026-05-05
富邦內湖,222.0,1000,0,9627,6239,2026-05-05
元大新竹,227.5,166,0,9816,6239,2026-05-05
元大新竹,228.5,1300,150,9816,6239,2026-05-05
元大新竹,229.5,44,0,9816,6239,2026-05-05
元大歸仁,232.0,1000,0,981a,6239,2026-05-05
元大歸仁,234.0,2000,0,981a,6239,2026-05-05
元大歸仁,235.0,0,3000,981a,6239,2026-05-05
元大三峽,221.0,0,1010,981A,6239,2026-05-05
元大三峽,222.5,3000,1000,981A,6239,2026-05-05
元大三峽,223.5,0,10,981A,6239,2026-05-05
元大三峽,225.0,1000,0,981A,6239,2026-05-05
元大三峽,227.0,55,2000,981A,6239,2026-05-05
元大三峽,228.0,105,0,981A,6239,2026-05-05
元大三峽,229.0,0,1000,981A,6239,2026-05-05
元大三峽,230.0,1100,150,981A,6239,2026-05-05
元大三峽,231.0,1020,100,981A,6239,2026-05-05
元大三峽,233.0,95,0,981A,6239,2026-05-05
元大竹北,220.5,14000,0,981B,6239,2026-05-05
元大竹北,223.5,8050,0,981B,6239,2026-05-05
元大竹北,224.5,12000,1000,981B,6239,2026-05-05
元大竹北,225.5,2,1050,981B,6239,2026-05-05
元大歸仁,230.5,0,1000,981a,6239,2026-05-05
元大歸仁,229.5,150,0,981a,6239,2026-05-05
元大歸仁,228.5,140,1000,981a,6239,2026-05-05
元大歸仁,227.5,4000,1000,981a,6239,2026-05-05
元大新竹,231.0,2500,0,9816,6239,2026-05-05
元大新竹,232.0,1500,62,9816,6239,2026-05-05
元大新竹,234.5,1000,0,9816,6239,2026-05-05
元大東泰,220.0,1000,0,9817,6239,2026-05-05
元大東泰,221.0,300,0,9817,6239,2026-05-05
元大東泰,222.0,3050,1000,9817,6239,2026-05-05
元大東泰,223.5,59,500,9817,6239,2026-05-05
元大東泰,224.5,1000,1000,9817,6239,2026-05-05
富邦二林,223.0,1000,0,962B,6239,2026-05-05
元大東泰,225.5,1000,0,9817,6239,2026-05-05
元大東泰,227.5,2000,5000,9817,6239,2026-05-05
元大東泰,229.0,1000,1000,9817,6239,2026-05-05
元大東泰,230.0,20,0,9817,6239,2026-05-05
元大東泰,232.0,1005,1000,9817,6239,2026-05-05
元大東泰,234.5,300,0,9817,6239,2026-05-05
元大歸仁,220.5,1000,1000,981a,6239,2026-05-05
元大歸仁,223.5,1000,0,981a,6239,2026-05-05
元大歸仁,225.0,1050,0,981a,6239,2026-05-05
元大東泰,226.5,3000,2000,9817,6239,2026-05-05
富邦二林,225.0,20000,0,962B,6239,2026-05-05
富邦二林,227.0,1000,0,962B,6239,2026-05-05
富邦二林,229.0,1000,0,962B,6239,2026-05-05
富邦北高,230.0,0,40,962Q,6239,2026-05-05
富邦北高,228.0,200,1020,962Q,6239,2026-05-05
富邦北高,226.5,1000,1000,962Q,6239,2026-05-05
富邦北高,223.0,1000,0,962Q,6239,2026-05-05
富邦頭份,236.0,1000,1000,962P,6239,2026-05-05
富邦頭份,232.0,0,1000,962P,6239,2026-05-05
富邦頭份,230.0,1000,450,962P,6239,2026-05-05
富邦頭份,228.5,0,217,962P,6239,2026-05-05
富邦頭份,227.5,2000,0,962P,6239,2026-05-05
富邦頭份,226.5,1000,1000,962P,6239,2026-05-05
富邦頭份,225.5,50,1000,962P,6239,2026-05-05
富邦頭份,224.5,100,0,962P,6239,2026-05-05
富邦頭份,223.5,10,0,962P,6239,2026-05-05
富邦頭份,222.0,200,0,962P,6239,2026-05-05
富邦三峽,236.0,0,1000,962J,6239,2026-05-05
富邦三峽,234.5,100,1000,962J,6239,2026-05-05
富邦三峽,227.5,0,1000,962J,6239,2026-05-05
富邦北高,234.0,1000,0,962Q,6239,2026-05-05
富邦羅東,220.0,0,1000,9634,6239,2026-05-05
富邦羅東,222.0,6000,0,9634,6239,2026-05-05
富邦羅東,224.0,1000,0,9634,6239,2026-05-05
富邦中壢,228.5,5100,5,9636,6239,2026-05-05
富邦中壢,227.5,2800,2000,9636,6239,2026-05-05
富邦中壢,226.5,1100,1000,9636,6239,2026-05-05
富邦中壢,225.5,500,2000,9636,6239,2026-05-05
富邦中壢,224.5,1100,1000,9636,6239,2026-05-05
富邦中壢,223.5,1230,0,9636,6239,2026-05-05
富邦中壢,222.5,1220,0,9636,6239,2026-05-05
富邦中壢,221.5,20,0,9636,6239,2026-05-05
富邦三峽,225.5,1000,1000,962J,6239,2026-05-05
富邦中壢,220.5,1200,0,9636,6239,2026-05-05
富邦羅東,234.5,1000,0,9634,6239,2026-05-05
富邦羅東,233.0,2200,0,9634,6239,2026-05-05
富邦羅東,230.5,0,7000,9634,6239,2026-05-05
富邦羅東,229.0,0,1000,9634,6239,2026-05-05
富邦羅東,228.0,2000,1002,9634,6239,2026-05-05
富邦羅東,227.0,23100,1000,9634,6239,2026-05-05
富邦羅東,226.0,50,0,9634,6239,2026-05-05
富邦羅東,225.0,2000,0,9634,6239,2026-05-05
富邦羅東,235.5,1000,0,9634,6239,2026-05-05
富邦中壢,230.5,305,100,9636,6239,2026-05-05
富邦三峽,223.5,1000,0,962J,6239,2026-05-05
富邦斗六,232.0,2000,1000,962G,6239,2026-05-05
富邦新莊,224.0,1005,0,962D,6239,2026-05-05
富邦新莊,223.0,6025,1000,962D,6239,2026-05-05
富邦新莊,220.0,1000,0,962D,6239,2026-05-05
富邦竹科,235.0,2000,1000,962C,6239,2026-05-05
富邦竹科,233.0,1000,0,962C,6239,2026-05-05
富邦竹科,231.0,2000,0,962C,6239,2026-05-05
富邦竹科,230.0,200,1000,962C,6239,2026-05-05
富邦竹科,229.0,2000,1000,962C,6239,2026-05-05
富邦竹科,228.0,1016,21000,962C,6239,2026-05-05
富邦竹科,227.0,1000,0,962C,6239,2026-05-05
富邦竹科,226.0,1000,0,962C,6239,2026-05-05
富邦竹科,224.0,2000,0,962C,6239,2026-05-05
富邦竹科,223.0,1050,4000,962C,6239,2026-05-05
富邦竹科,222.0,0,1100,962C,6239,2026-05-05
富邦二林,235.0,0,1000,962B,6239,2026-05-05
富邦二林,232.5,0,1000,962B,6239,2026-05-05
富邦二林,230.0,0,520,962B,6239,2026-05-05
富邦新莊,226.5,100,2000,962D,6239,2026-05-05
富邦新莊,227.5,4000,1000,962D,6239,2026-05-05
富邦新莊,229.0,0,3000,962D,6239,2026-05-05
富邦新莊,231.0,1000,1000,962D,6239,2026-05-05
富邦斗六,229.5,2,0,962G,6239,2026-05-05
富邦斗六,228.5,1000,0,962G,6239,2026-05-05
富邦斗六,227.0,1000,0,962G,6239,2026-05-05
富邦斗六,226.0,1000,0,962G,6239,2026-05-05
富邦斗六,224.5,2000,0,962G,6239,2026-05-05
富邦斗六,223.0,1010,0,962G,6239,2026-05-05
富邦斗六,222.0,2000,0,962G,6239,2026-05-05
富邦樹林,235.0,1000,0,962E,6239,2026-05-05
富邦三峽,222.0,0,100,962J,6239,2026-05-05
富邦樹林,233.5,1000,0,962E,6239,2026-05-05
富邦樹林,229.0,1000,8000,962E,6239,2026-05-05
富邦樹林,228.0,5100,9030,962E,6239,2026-05-05
富邦樹林,227.0,0,3000,962E,6239,2026-05-05
富邦樹林,225.5,1000,0,962E,6239,2026-05-05
富邦樹林,223.5,5000,100,962E,6239,2026-05-05
富邦樹林,222.5,6000,0,962E,6239,2026-05-05
富邦樹林,220.5,50,0,962E,6239,2026-05-05
富邦新莊,235.0,0,1000,962D,6239,2026-05-05
富邦樹林,230.0,1000,50,962E,6239,2026-05-05
富邦桃園,226.5,3000,3000,9665,6239,2026-05-05
富邦桃園,227.5,2265,8400,9665,6239,2026-05-05
富邦桃園,228.5,1000,1000,9665,6239,2026-05-05
元大台北,232.5,100,0,980h,6239,2026-05-05
元大台北,231.5,4000,0,980h,6239,2026-05-05
元大台北,230.0,3100,0,980h,6239,2026-05-05
元大台北,228.0,88,2200,980h,6239,2026-05-05
元大台北,227.0,100,2025,980h,6239,2026-05-05
元大台北,226.0,11100,0,980h,6239,2026-05-05
元大台北,225.0,11000,0,980h,6239,2026-05-05
元大台北,224.0,1100,0,980h,6239,2026-05-05
元大台北,223.0,1000,0,980h,6239,2026-05-05
元大台北,221.0,5,0,980h,6239,2026-05-05
元大清水,236.0,0,1000,980e,6239,2026-05-05
元大清水,235.0,10000,0,980e,6239,2026-05-05
元大清水,233.0,1000,1000,980e,6239,2026-05-05
元大清水,232.0,4000,0,980e,6239,2026-05-05
元大清水,229.5,50,0,980e,6239,2026-05-05
元大清水,228.5,510,1000,980e,6239,2026-05-05
元大清水,227.5,1100,14000,980e,6239,2026-05-05
元大台北,233.5,1000,1000,980h,6239,2026-05-05
元大清水,226.5,1010,0,980e,6239,2026-05-05
元大台北,235.5,3000,0,980h,6239,2026-05-05
元大竹科,221.5,2025,0,980K,6239,2026-05-05
元大虎尾,224.5,1000,0,980l,6239,2026-05-05
元大虎尾,223.5,3250,0,980l,6239,2026-05-05
元大虎尾,221.0,1230,0,980l,6239,2026-05-05
元大竹科,236.0,0,1000,980K,6239,2026-05-05
元大竹科,235.0,1000,5000,980K,6239,2026-05-05
元大竹科,233.5,1000,2000,980K,6239,2026-05-05
元大竹科,232.5,100,1000,980K,6239,2026-05-05
元大竹科,231.5,1000,0,980K,6239,2026-05-05
元大竹科,230.5,2000,0,980K,6239,2026-05-05
元大竹科,229.5,0,267,980K,6239,2026-05-05
元大竹科,228.5,1080,2000,980K,6239,2026-05-05
元大竹科,227.5,7400,1000,980K,6239,2026-05-05
元大竹科,226.5,2000,0,980K,6239,2026-05-05
元大竹科,225.5,0,2000,980K,6239,2026-05-05
元大竹科,224.5,1000,8000,980K,6239,2026-05-05
元大竹科,223.5,1010,1090,980K,6239,2026-05-05
元大竹科,222.5,3000,1000,980K,6239,2026-05-05
元大竹科,220.5,4050,0,980K,6239,2026-05-05
元大清水,225.5,1000,1450,980e,6239,2026-05-05
元大清水,224.0,50,0,980e,6239,2026-05-05
元大清水,223.0,1150,0,980e,6239,2026-05-05
元大沙鹿,223.0,28,1000,980d,6239,2026-05-05
元大沙鹿,221.5,4000,0,980d,6239,2026-05-05
元大沙鹿,220.5,0,1000,980d,6239,2026-05-05
元大斗六,237.0,1000,0,980C,6239,2026-05-05
元大斗六,235.0,0,1000,980C,6239,2026-05-05
元大斗六,234.0,0,1000,980C,6239,2026-05-05
元大斗六,233.0,1000,0,980C,6239,2026-05-05
元大斗六,231.5,530,0,980C,6239,2026-05-05
元大斗六,230.0,0,6,980C,6239,2026-05-05
元大斗六,229.0,2000,0,980C,6239,2026-05-05
元大斗六,228.0,600,2000,980C,6239,2026-05-05
元大斗六,226.5,0,2000,980C,6239,2026-05-05
元大斗六,225.0,5080,0,980C,6239,2026-05-05
元大斗六,223.5,100,1000,980C,6239,2026-05-05
元大斗六,222.0,10,0,980C,6239,2026-05-05
元大斗六,220.5,100,0,980C,6239,2026-05-05
元大中北,235.5,2000,0,980a,6239,2026-05-05
元大沙鹿,224.0,1020,156,980d,6239,2026-05-05
元大沙鹿,225.0,2010,0,980d,6239,2026-05-05
元大沙鹿,226.5,6000,2000,980d,6239,2026-05-05
元大沙鹿,227.5,2198,2050,980d,6239,2026-05-05
元大清水,222.0,1000,1000,980e,6239,2026-05-05
元大清水,220.5,0,30,980e,6239,2026-05-05
元大北府,234.0,0,2000,980D,6239,2026-05-05
元大北府,232.0,0,3000,980D,6239,2026-05-05
元大北府,230.0,1128,0,980D,6239,2026-05-05
元大北府,227.5,6000,1000,980D,6239,2026-05-05
元大北府,226.5,30,0,980D,6239,2026-05-05
元大北府,225.5,20,0,980D,6239,2026-05-05
元大虎尾,226.0,0,1000,980l,6239,2026-05-05
元大北府,224.5,2030,1000,980D,6239,2026-05-05
元大北府,222.0,1000,0,980D,6239,2026-05-05
元大沙鹿,236.0,1000,2000,980d,6239,2026-05-05
元大沙鹿,235.0,2000,0,980d,6239,2026-05-05
元大沙鹿,233.5,1000,0,980d,6239,2026-05-05
元大沙鹿,232.0,2000,200,980d,6239,2026-05-05
元大沙鹿,230.5,1011,0,980d,6239,2026-05-05
元大沙鹿,229.5,1100,0,980d,6239,2026-05-05
元大沙鹿,228.5,4000,1000,980d,6239,2026-05-05
元大北府,223.0,2000,0,980D,6239,2026-05-05
元大虎尾,227.0,1500,1000,980l,6239,2026-05-05
元大虎尾,228.0,0,1000,980l,6239,2026-05-05
元大虎尾,229.0,100,2000,980l,6239,2026-05-05
元大中崙,229.0,1000,2000,9813,6239,2026-05-05
元大中崙,228.0,1000,9000,9813,6239,2026-05-05
元大中崙,225.0,25,1000,9813,6239,2026-05-05
元大中崙,224.0,4000,0,9813,6239,2026-05-05
元大中崙,223.0,1000,0,9813,6239,2026-05-05
元大中崙,222.0,1000,0,9813,6239,2026-05-05
元大中崙,221.0,1000,0,9813,6239,2026-05-05
元大中崙,220.0,1000,0,9813,6239,2026-05-05
元大台中,235.0,1000,0,9812,6239,2026-05-05
元大台中,234.0,1000,1000,9812,6239,2026-05-05
元大台中,233.0,2000,0,9812,6239,2026-05-05
元大台中,231.5,5000,1000,9812,6239,2026-05-05
元大台中,230.0,1010,0,9812,6239,2026-05-05
元大台中,229.0,1000,0,9812,6239,2026-05-05
元大台中,228.0,2100,2000,9812,6239,2026-05-05
元大台中,226.0,5000,5003,9812,6239,2026-05-05
元大台中,225.0,1000,1000,9812,6239,2026-05-05
元大中崙,232.0,1000,0,9813,6239,2026-05-05
元大中崙,233.0,0,1000,9813,6239,2026-05-05
元大中崙,235.0,0,1000,9813,6239,2026-05-05
元大大益,220.5,10000,0,9814,6239,2026-05-05
元大大灣,229.0,0,1000,9815,6239,2026-05-05
元大大灣,227.5,0,2000,9815,6239,2026-05-05
元大大灣,226.0,0,2000,9815,6239,2026-05-05
元大大灣,224.5,1000,200,9815,6239,2026-05-05
元大大灣,221.5,0,1000,9815,6239,2026-05-05
元大大灣,220.0,1000,0,9815,6239,2026-05-05
元大大益,235.5,1000,0,9814,6239,2026-05-05
元大大益,233.5,2000,0,9814,6239,2026-05-05
元大台中,224.0,1025,1002,9812,6239,2026-05-05
元大大益,232.5,1000,100,9814,6239,2026-05-05
元大大益,229.5,1000,0,9814,6239,2026-05-05
元大大益,228.5,10,0,9814,6239,2026-05-05
元大大益,227.5,1000,0,9814,6239,2026-05-05
元大大益,226.5,1000,0,9814,6239,2026-05-05
元大大益,225.0,50,0,9814,6239,2026-05-05
元大大益,224.0,1000,30,9814,6239,2026-05-05
元大大益,222.5,7000,2000,9814,6239,2026-05-05
元大大益,221.5,0,1000,9814,6239,2026-05-05
元大大益,230.5,0,2000,9814,6239,2026-05-05
元大中北,234.5,1000,0,980a,6239,2026-05-05
元大台中,223.0,1808,0,9812,6239,2026-05-05
元大西屯,236.0,0,1000,980w,6239,2026-05-05
元大南海,233.0,175,1000,980R,6239,2026-05-05
元大南海,229.0,10,0,980R,6239,2026-05-05
元大南海,227.5,10,0,980R,6239,2026-05-05
元大南海,223.5,100,1000,980R,6239,2026-05-05
元大南崁,235.5,1000,0,980Q,6239,2026-05-05
元大南崁,233.0,1050,1000,980Q,6239,2026-05-05
元大南崁,230.5,25,2,980Q,6239,2026-05-05
元大南崁,229.5,0,1000,980Q,6239,2026-05-05
元大南崁,228.0,100,0,980Q,6239,2026-05-05
元大南崁,226.5,100,0,980Q,6239,2026-05-05
元大南崁,225.0,0,1800,980Q,6239,2026-05-05
元大南崁,224.0,100,0,980Q,6239,2026-05-05
元大南崁,222.0,20,0,980Q,6239,2026-05-05
元大虎尾,234.5,4000,0,980l,6239,2026-05-05
元大虎尾,232.5,1500,0,980l,6239,2026-05-05
元大虎尾,231.0,1000,1000,980l,6239,2026-05-05
元大虎尾,230.0,3500,0,980l,6239,2026-05-05
元大府城,220.0,1000,0,980u,6239,2026-05-05
元大府城,221.5,1000,0,980u,6239,2026-05-05
元大府城,222.5,3000,0,980u,6239,2026-05-05
元大府城,224.0,100,0,980u,6239,2026-05-05
元大西屯,235.0,1000,1000,980w,6239,2026-05-05
元大西屯,233.0,170,0,980w,6239,2026-05-05
元大西屯,231.0,1000,0,980w,6239,2026-05-05
元大西屯,229.0,0,303,980w,6239,2026-05-05
元大西屯,228.0,217,3800,980w,6239,2026-05-05
元大西屯,227.0,0,1000,980w,6239,2026-05-05
元大西屯,225.5,10,0,980w,6239,2026-05-05
元大西屯,224.0,1250,0,980w,6239,2026-05-05
元大台中,222.0,2000,0,9812,6239,2026-05-05
元大西屯,223.0,18,0,980w,6239,2026-05-05
元大西屯,221.0,1300,0,980w,6239,2026-05-05
元大府城,233.0,100,0,980u,6239,2026-05-05
元大府城,230.0,1000,7000,980u,6239,2026-05-05
元大府城,229.0,0,1000,980u,6239,2026-05-05
元大府城,228.0,2100,1000,980u,6239,2026-05-05
元大府城,227.0,3050,2000,980u,6239,2026-05-05
元大府城,226.0,0,2000,980u,6239,2026-05-05
元大府城,225.0,1010,3000,980u,6239,2026-05-05
元大西屯,222.0,0,1000,980w,6239,2026-05-05
元大中北,233.5,1000,0,980a,6239,2026-05-05
元大中北,232.5,2000,0,980a,6239,2026-05-05
元大中北,231.5,100,0,980a,6239,2026-05-05
富邦仁愛,228.0,1007,13020,9676,6239,2026-05-05
富邦仁愛,227.0,6050,40230,9676,6239,2026-05-05
富邦仁愛,226.0,2000,0,9676,6239,2026-05-05
富邦仁愛,225.0,3100,50,9676,6239,2026-05-05
富邦仁愛,224.0,2120,0,9676,6239,2026-05-05
富邦仁愛,223.0,5310,0,9676,6239,2026-05-05
富邦仁愛,222.0,2010,0,9676,6239,2026-05-05
富邦仁愛,221.0,164,0,9676,6239,2026-05-05
富邦仁愛,220.0,2000,0,9676,6239,2026-05-05
富邦員林,233.0,2000,0,9672,6239,2026-05-05
富邦員林,232.0,3000,0,9672,6239,2026-05-05
富邦員林,230.5,60,0,9672,6239,2026-05-05
富邦員林,229.5,1100,100,9672,6239,2026-05-05
富邦員林,228.5,402,0,9672,6239,2026-05-05
富邦員林,227.5,0,2192,9672,6239,2026-05-05
富邦員林,225.5,0,1000,9672,6239,2026-05-05
富邦員林,223.0,1000,0,9672,6239,2026-05-05
富邦仁愛,229.0,14051,1000,9676,6239,2026-05-05
富邦仁愛,230.0,12155,5,9676,6239,2026-05-05
富邦仁愛,231.0,11000,306,9676,6239,2026-05-05
富邦仁愛,232.0,17300,1000,9676,6239,2026-05-05
富邦宜蘭,220.5,2000,0,9686,6239,2026-05-05
富邦三重,235.0,0,3000,9677,6239,2026-05-05
富邦三重,233.5,1000,0,9677,6239,2026-05-05
富邦三重,232.0,7000,0,9677,6239,2026-05-05
富邦三重,230.5,0,1000,9677,6239,2026-05-05
富邦三重,229.5,306,300,9677,6239,2026-05-05
富邦三重,228.5,4250,1300,9677,6239,2026-05-05
富邦三重,227.5,1000,8300,9677,6239,2026-05-05
富邦員林,222.0,1000,0,9672,6239,2026-05-05
富邦三重,226.5,0,22000,9677,6239,2026-05-05
富邦三重,224.5,1323,0,9677,6239,2026-05-05
富邦三重,223.5,22000,0,9677,6239,2026-05-05
富邦三重,222.5,5000,0,9677,6239,2026-05-05
富邦三重,221.5,70,0,9677,6239,2026-05-05
富邦三重,220.5,1000,0,9677,6239,2026-05-05
富邦仁愛,235.5,4000,2000,9676,6239,2026-05-05
富邦仁愛,234.5,1000,0,9676,6239,2026-05-05
富邦仁愛,233.0,1000,0,9676,6239,2026-05-05
富邦三重,225.5,1000,12100,9677,6239,2026-05-05
富邦宜蘭,221.5,100,0,9686,6239,2026-05-05
富邦員林,221.0,100,0,9672,6239,2026-05-05
富邦左營,234.5,2200,0,966F,6239,2026-05-05
富邦南屯,236.5,0,1000,9666,6239,2026-05-05
富邦南屯,233.0,100,0,9666,6239,2026-05-05
富邦南屯,231.5,1100,0,9666,6239,2026-05-05
富邦南屯,230.5,0,60,9666,6239,2026-05-05
富邦南屯,229.5,30,0,9666,6239,2026-05-05
富邦南屯,228.0,2000,6000,9666,6239,2026-05-05
富邦南屯,227.0,10000,2000,9666,6239,2026-05-05
富邦南屯,225.5,500,0,9666,6239,2026-05-05
富邦南屯,224.5,100,0,9666,6239,2026-05-05
富邦南屯,223.5,1100,4000,9666,6239,2026-05-05
富邦南屯,222.5,1000,0,9666,6239,2026-05-05
富邦南屯,221.5,2000,0,9666,6239,2026-05-05
富邦桃園,235.5,0,1000,9665,6239,2026-05-05
富邦桃園,234.5,2000,200,9665,6239,2026-05-05
富邦桃園,232.0,1000,1050,9665,6239,2026-05-05
富邦桃園,230.5,100,0,9665,6239,2026-05-05
富邦桃園,229.5,1150,0,9665,6239,2026-05-05
富邦台南,220.5,1000,0,9667,6239,2026-05-05
富邦台南,221.5,1000,0,9667,6239,2026-05-05
富邦台南,222.5,2000,0,9667,6239,2026-05-05
富邦台南,223.5,1250,2100,9667,6239,2026-05-05
富邦左營,232.0,1010,0,966F,6239,2026-05-05
富邦左營,230.0,0,110,966F,6239,2026-05-05
富邦左營,228.0,1300,1045,966F,6239,2026-05-05
富邦左營,227.0,1000,2000,966F,6239,2026-05-05
富邦左營,224.5,0,200,966F,6239,2026-05-05
富邦左營,223.0,50,0,966F,6239,2026-05-05
富邦左營,222.0,1000,1000,966F,6239,2026-05-05
富邦左營,220.5,2000,0,966F,6239,2026-05-05
富邦左營,236.0,0,1000,966F,6239,2026-05-05
富邦台南,235.5,1000,0,9667,6239,2026-05-05
富邦台南,232.5,2022,0,9667,6239,2026-05-05
富邦台南,231.0,3100,100,9667,6239,2026-05-05
富邦台南,230.0,3650,0,9667,6239,2026-05-05
富邦台南,229.0,1000,3000,9667,6239,2026-05-05
富邦台南,228.0,1100,2350,9667,6239,2026-05-05
富邦台南,227.0,2101,1000,9667,6239,2026-05-05
富邦台南,225.5,0,3000,9667,6239,2026-05-05
富邦台南,224.5,1150,1000,9667,6239,2026-05-05
富邦台南,234.0,4000,2000,9667,6239,2026-05-05
元大竹北,227.0,3045,5000,981B,6239,2026-05-05
富邦宜蘭,223.0,2000,1000,9686,6239,2026-05-05
富邦宜蘭,225.0,50,4000,9686,6239,2026-05-05
元大,227.5,343210,123196,9800,6239,2026-05-05
元大,226.5,135010,97862,9800,6239,2026-05-05
元大,225.5,258020,39644,9800,6239,2026-05-05
元大,224.5,64230,64826,9800,6239,2026-05-05
元大,223.5,187030,185381,9800,6239,2026-05-05
元大,222.5,58010,73139,9800,6239,2026-05-05
元大,221.5,46020,77004,9800,6239,2026-05-05
元大,220.5,53010,185995,9800,6239,2026-05-05
富邦北港,235.5,1000,0,969C,6239,2026-05-05
富邦北港,233.0,2000,0,969C,6239,2026-05-05
富邦北港,230.0,0,250,969C,6239,2026-05-05
富邦北港,228.0,0,1000,969C,6239,2026-05-05
富邦北港,227.0,0,1000,969C,6239,2026-05-05
富邦北港,225.5,1000,0,969C,6239,2026-05-05
富邦北港,224.0,1000,0,969C,6239,2026-05-05
富邦北港,223.0,0,2000,969C,6239,2026-05-05
富邦北港,221.0,3000,1000,969C,6239,2026-05-05
元大,228.5,141071,46399,9800,6239,2026-05-05
元大,229.5,96060,101960,9800,6239,2026-05-05
元大,230.5,26026,72155,9800,6239,2026-05-05
元大,231.5,3700,115265,9800,6239,2026-05-05
元大中北,229.5,0,1000,980a,6239,2026-05-05
元大中北,228.5,0,1000,980a,6239,2026-05-05
元大中北,227.5,3200,0,980a,6239,2026-05-05
元大中北,226.5,0,1000,980a,6239,2026-05-05
元大中北,225.5,3000,1000,980a,6239,2026-05-05
元大中北,224.5,1000,0,980a,6239,2026-05-05
元大中北,222.5,2000,0,980a,6239,2026-05-05
元大中北,221.0,0,1000,980a,6239,2026-05-05
富邦虎尾,234.5,1000,0,9697,6239,2026-05-05
元大中北,220.0,1000,1000,980a,6239,2026-05-05
元大松江,229.0,11000,0,9801,6239,2026-05-05
元大松江,228.0,1000,0,9801,6239,2026-05-05
元大松江,226.5,1000,0,9801,6239,2026-05-05
元大,236.5,79000,32000,9800,6239,2026-05-05
元大,235.5,128000,162000,9800,6239,2026-05-05
元大,234.5,73005,150002,9800,6239,2026-05-05
元大,233.5,60000,87000,9800,6239,2026-05-05
元大,232.5,107000,179126,9800,6239,2026-05-05
元大松江,232.0,1000,0,9801,6239,2026-05-05
富邦宜蘭,224.0,3300,0,9686,6239,2026-05-05
富邦虎尾,230.5,1000,0,9697,6239,2026-05-05
富邦虎尾,227.5,0,1,9697,6239,2026-05-05
富邦嘉義,229.0,1000,1000,9692,6239,2026-05-05
富邦嘉義,228.0,1570,2000,9692,6239,2026-05-05
富邦嘉義,227.0,5100,2002,9692,6239,2026-05-05
富邦嘉義,226.0,2000,0,9692,6239,2026-05-05
富邦嘉義,225.0,100,4000,9692,6239,2026-05-05
富邦嘉義,224.0,2030,2000,9692,6239,2026-05-05
富邦嘉義,223.0,1030,0,9692,6239,2026-05-05
富邦嘉義,222.0,1110,0,9692,6239,2026-05-05
富邦嘉義,221.0,490,0,9692,6239,2026-05-05
富邦嘉義,220.0,0,1000,9692,6239,2026-05-05
富邦宜蘭,235.5,1000,1000,9686,6239,2026-05-05
富邦宜蘭,234.0,6000,0,9686,6239,2026-05-05
富邦宜蘭,232.0,1000,2000,9686,6239,2026-05-05
富邦宜蘭,230.5,1000,0,9686,6239,2026-05-05
富邦宜蘭,229.5,1000,0,9686,6239,2026-05-05
富邦宜蘭,228.0,3100,1000,9686,6239,2026-05-05
富邦宜蘭,227.0,2000,0,9686,6239,2026-05-05
富邦嘉義,230.0,2100,2300,9692,6239,2026-05-05
富邦嘉義,231.0,1000,0,9692,6239,2026-05-05
富邦嘉義,232.5,150,0,9692,6239,2026-05-05
富邦嘉義,233.5,1000,0,9692,6239,2026-05-05
富邦虎尾,226.0,2000,0,9697,6239,2026-05-05
富邦虎尾,224.5,10000,4000,9697,6239,2026-05-05
富邦虎尾,223.5,2000,0,9697,6239,2026-05-05
富邦虎尾,222.0,2000,0,9697,6239,2026-05-05
富邦虎尾,220.5,0,2000,9697,6239,2026-05-05
富邦新營,232.0,1000,0,9693,6239,2026-05-05
富邦新營,230.5,100,2000,9693,6239,2026-05-05
富邦新營,229.5,2000,0,9693,6239,2026-05-05
富邦虎尾,228.5,1000,2000,9697,6239,2026-05-05
富邦新營,228.5,25,0,9693,6239,2026-05-05
富邦新營,226.5,100,1000,9693,6239,2026-05-05
富邦新營,225.5,50,0,9693,6239,2026-05-05
富邦新營,224.0,6000,0,9693,6239,2026-05-05
富邦新營,222.5,1000,0,9693,6239,2026-05-05
富邦新營,221.0,1000,0,9693,6239,2026-05-05
富邦新營,220.0,1000,0,9693,6239,2026-05-05
富邦嘉義,235.5,0,7000,9692,6239,2026-05-05
富邦嘉義,234.5,2000,1350,9692,6239,2026-05-05
富邦新營,227.5,0,4000,9693,6239,2026-05-05
元大永春,220.0,2000,1000,9852,6239,2026-05-05
元大竹北,228.0,65,88,981B,6239,2026-05-05
元大竹北,230.5,1000,0,981B,6239,2026-05-05
富邦屏東,227.5,0,1000,961Y,6239,2026-05-05
富邦屏東,225.5,1000,0,961Y,6239,2026-05-05
富邦屏東,223.5,1011,0,961Y,6239,2026-05-05
富邦屏東,222.5,3000,0,961Y,6239,2026-05-05
富邦南員,235.0,5000,0,961R,6239,2026-05-05
富邦南員,234.0,0,2000,961R,6239,2026-05-05
富邦南員,232.0,1000,0,961R,6239,2026-05-05
富邦南員,230.5,0,1000,961R,6239,2026-05-05
富邦南員,229.0,3000,0,961R,6239,2026-05-05
富邦南員,228.0,50,7000,961R,6239,2026-05-05
富邦南員,226.5,5000,1000,961R,6239,2026-05-05
富邦南員,223.5,1100,1000,961R,6239,2026-05-05
富邦南員,222.0,1300,0,961R,6239,2026-05-05
富邦南員,220.0,0,1000,961R,6239,2026-05-05
富邦和美,233.5,5000,0,961P,6239,2026-05-05
富邦和美,231.5,1006,0,961P,6239,2026-05-05
元大敦化,225.5,0,100,9833,6239,2026-05-05
富邦屏東,230.0,0,3000,961Y,6239,2026-05-05
元大敦化,227.0,3225,5100,9833,6239,2026-05-05
富邦屏東,235.0,3000,0,961Y,6239,2026-05-05
富邦永康,222.0,10,100,961Z,6239,2026-05-05
富邦花蓮,232.0,100,1000,9621,6239,2026-05-05
富邦花蓮,229.5,100,0,9621,6239,2026-05-05
富邦花蓮,228.0,1000,3000,9621,6239,2026-05-05
富邦花蓮,227.0,1000,2000,9621,6239,2026-05-05
富邦花蓮,226.0,1000,1000,9621,6239,2026-05-05
富邦花蓮,224.5,150,0,9621,6239,2026-05-05
富邦花蓮,223.5,1000,0,9621,6239,2026-05-05
富邦花蓮,222.5,0,2000,9621,6239,2026-05-05
富邦花蓮,220.5,2000,0,9621,6239,2026-05-05
富邦永康,234.0,1000,0,961Z,6239,2026-05-05
富邦永康,231.0,0,1000,961Z,6239,2026-05-05
富邦永康,229.5,1000,0,961Z,6239,2026-05-05
富邦永康,228.0,1000,0,961Z,6239,2026-05-05
富邦永康,227.0,1000,0,961Z,6239,2026-05-05
富邦永康,225.0,1000,0,961Z,6239,2026-05-05
富邦永康,224.0,20,0,961Z,6239,2026-05-05
富邦永康,223.0,2010,1000,961Z,6239,2026-05-05
富邦永康,221.0,110,1000,961Z,6239,2026-05-05
元大敦化,229.0,2000,3000,9833,6239,2026-05-05
元大敦化,230.5,0,1000,9833,6239,2026-05-05
元大敦化,232.0,0,1000,9833,6239,2026-05-05
元大中山,224.5,4300,0,9835,6239,2026-05-05
元大中山,225.5,1000,94,9835,6239,2026-05-05
元大中山,226.5,2100,0,9835,6239,2026-05-05
元大中山,227.5,2000,3000,9835,6239,2026-05-05
元大中山,228.5,5,0,9835,6239,2026-05-05
元大中山,229.5,50,0,9835,6239,2026-05-05
元大中山,231.0,300,0,9835,6239,2026-05-05
元大中山,232.0,1000,100,9835,6239,2026-05-05
元大中山,234.5,0,1000,9835,6239,2026-05-05
元大北港,220.0,2000,0,9837,6239,2026-05-05
元大北港,222.0,50,0,9837,6239,2026-05-05
元大北港,224.5,1050,0,9837,6239,2026-05-05
元大北港,226.5,1000,3000,9837,6239,2026-05-05
元大北港,227.5,899,240,9837,6239,2026-05-05
元大北港,228.5,1090,7088,9837,6239,2026-05-05
元大北港,229.5,78,0,9837,6239,2026-05-05
元大北港,231.5,1010,0,9837,6239,2026-05-05
元大中山,223.5,1000,50,9835,6239,2026-05-05
元大中山,222.5,3000,0,9835,6239,2026-05-05
元大中山,221.0,300,0,9835,6239,2026-05-05
元大中壢,236.5,1000,5000,9834,6239,2026-05-05
元大敦化,234.5,1000,0,9833,6239,2026-05-05
元大敦化,236.0,0,2000,9833,6239,2026-05-05
元大中壢,220.5,4000,2000,9834,6239,2026-05-05
元大中壢,221.5,2200,0,9834,6239,2026-05-05
元大中壢,222.5,1000,0,9834,6239,2026-05-05
元大中壢,223.5,2653,2000,9834,6239,2026-05-05
元大中壢,224.5,2025,0,9834,6239,2026-05-05
元大中壢,225.5,7050,1000,9834,6239,2026-05-05
富邦花蓮,233.5,2000,0,9621,6239,2026-05-05
元大中壢,226.5,0,1000,9834,6239,2026-05-05
元大中壢,228.5,2,4001,9834,6239,2026-05-05
元大中壢,229.5,5100,0,9834,6239,2026-05-05
元大中壢,230.5,1100,1000,9834,6239,2026-05-05
元大中壢,231.5,300,0,9834,6239,2026-05-05
元大中壢,232.5,200,0,9834,6239,2026-05-05
元大中壢,233.5,3000,0,9834,6239,2026-05-05
元大中壢,234.5,23586,0,9834,6239,2026-05-05
元大中壢,235.5,1000,3000,9834,6239,2026-05-05
元大中壢,227.5,9310,11350,9834,6239,2026-05-05
富邦台北,220.0,4000,0,9623,6239,2026-05-05
富邦台北,221.0,1014,0,9623,6239,2026-05-05
富邦台北,222.0,1002,0,9623,6239,2026-05-05
元大羅東,229.5,610,0,982A,6239,2026-05-05
元大羅東,231.0,40,0,982A,6239,2026-05-05
元大羅東,234.5,0,100,982A,6239,2026-05-05
元大羅東,235.5,3000,0,982A,6239,2026-05-05
元大博愛,220.0,0,1000,982B,6239,2026-05-05
元大博愛,221.0,2110,0,982B,6239,2026-05-05
元大博愛,222.0,100,1000,982B,6239,2026-05-05
元大博愛,223.0,3167,1000,982B,6239,2026-05-05
元大博愛,224.0,1000,0,982B,6239,2026-05-05
元大博愛,225.0,2000,1500,982B,6239,2026-05-05
元大博愛,226.0,100,148,982B,6239,2026-05-05
元大博愛,227.0,2400,1020,982B,6239,2026-05-05
元大博愛,228.0,1505,1080,982B,6239,2026-05-05
元大博愛,229.0,3100,2000,982B,6239,2026-05-05
元大博愛,230.0,701,130,982B,6239,2026-05-05
元大博愛,231.0,200,0,982B,6239,2026-05-05
元大博愛,232.0,2000,1025,982B,6239,2026-05-05
元大羅東,228.5,0,2000,982A,6239,2026-05-05
元大羅東,227.5,2000,1100,982A,6239,2026-05-05
元大羅東,226.5,2050,1000,982A,6239,2026-05-05
元大羅東,225.5,2100,0,982A,6239,2026-05-05
元大新營,229.5,3000,0,9825,6239,2026-05-05
元大新營,231.0,1000,100,9825,6239,2026-05-05
元大新營,232.0,4015,0,9825,6239,2026-05-05
元大新營,233.0,2000,0,9825,6239,2026-05-05
元大新營,235.0,1000,0,9825,6239,2026-05-05
元大永康,223.0,1005,1000,9829,6239,2026-05-05
元大永康,224.5,1299,0,9829,6239,2026-05-05
元大永康,225.5,0,1000,9829,6239,2026-05-05
元大博愛,233.0,3000,50,982B,6239,2026-05-05
元大永康,227.0,1005,0,9829,6239,2026-05-05
元大永康,230.0,1000,2001,9829,6239,2026-05-05
元大永康,232.5,1000,0,9829,6239,2026-05-05
元大永康,233.5,1000,0,9829,6239,2026-05-05
元大永康,234.5,1000,1,9829,6239,2026-05-05
元大永康,235.5,1000,0,9829,6239,2026-05-05
元大羅東,221.0,0,1000,982A,6239,2026-05-05
元大羅東,222.5,2050,0,982A,6239,2026-05-05
元大羅東,223.5,1100,0,982A,6239,2026-05-05
元大永康,228.0,1000,1000,9829,6239,2026-05-05
元大北港,232.5,1000,0,9837,6239,2026-05-05
元大博愛,234.0,0,20000,982B,6239,2026-05-05
元大六合,220.0,0,2000,982C,6239,2026-05-05
元大四維,224.5,200,1000,9831,6239,2026-05-05
元大四維,226.5,2000,2000,9831,6239,2026-05-05
元大四維,228.0,3010,1000,9831,6239,2026-05-05
元大四維,229.0,1000,0,9831,6239,2026-05-05
元大四維,230.5,1000,0,9831,6239,2026-05-05
元大四維,232.0,1000,0,9831,6239,2026-05-05
元大四維,233.5,0,1000,9831,6239,2026-05-05
元大四維,235.5,2000,0,9831,6239,2026-05-05
元大敦化,222.0,1000,0,9833,6239,2026-05-05
元大敦化,223.0,5,2000,9833,6239,2026-05-05
元大敦化,224.5,1000,1000,9833,6239,2026-05-05
富邦台北,228.0,21010,2201,9623,6239,2026-05-05
富邦台北,227.0,15120,4094,9623,6239,2026-05-05
富邦台北,226.0,722,2000,9623,6239,2026-05-05
富邦台北,225.0,3020,0,9623,6239,2026-05-05
富邦台北,224.0,3120,0,9623,6239,2026-05-05
富邦台北,223.0,6210,50,9623,6239,2026-05-05
元大四維,223.0,1300,0,9831,6239,2026-05-05
元大四維,221.5,1000,0,9831,6239,2026-05-05
元大四維,220.5,11002,0,9831,6239,2026-05-05
元大忠鼎,235.0,0,1000,982F,6239,2026-05-05
元大六合,221.0,20,0,982C,6239,2026-05-05
元大六合,223.5,3000,0,982C,6239,2026-05-05
元大六合,224.5,5,0,982C,6239,2026-05-05
元大六合,225.5,1035,0,982C,6239,2026-05-05
元大六合,226.5,10,1000,982C,6239,2026-05-05
元大六合,227.5,3505,3000,982C,6239,2026-05-05
元大六合,228.5,1000,0,982C,6239,2026-05-05
元大六合,230.0,200,0,982C,6239,2026-05-05
元大博愛,235.0,31000,0,982B,6239,2026-05-05
元大六合,231.5,1000,0,982C,6239,2026-05-05
元大六合,234.0,2000,0,982C,6239,2026-05-05
元大六合,235.5,1000,0,982C,6239,2026-05-05
元大忠鼎,223.5,2000,0,982F,6239,2026-05-05
元大忠鼎,225.0,1000,0,982F,6239,2026-05-05
元大忠鼎,227.0,0,1000,982F,6239,2026-05-05
元大忠鼎,229.0,0,1000,982F,6239,2026-05-05
元大忠鼎,233.0,1000,0,982F,6239,2026-05-05
元大忠鼎,234.0,2000,0,982F,6239,2026-05-05
元大六合,232.5,2000,0,982C,6239,2026-05-05
元大新營,228.5,1000,0,9825,6239,2026-05-05
元大北港,234.0,50,0,9837,6239,2026-05-05
元大豐原,221.5,152,0,9838,6239,2026-05-05
元大德芳,233.0,3000,1000,983W,6239,2026-05-05
元大德芳,234.0,2000,2000,983W,6239,2026-05-05
元大德芳,235.0,0,2000,983W,6239,2026-05-05
元大鳳山,220.0,1000,0,983Z,6239,2026-05-05
元大鳳山,222.5,6000,0,983Z,6239,2026-05-05
元大鳳山,223.5,30,0,983Z,6239,2026-05-05
元大鳳山,224.5,99,5000,983Z,6239,2026-05-05
元大鳳山,225.5,10,1000,983Z,6239,2026-05-05
元大鳳山,226.5,11000,0,983Z,6239,2026-05-05
元大鳳山,227.5,1045,1000,983Z,6239,2026-05-05
元大鳳山,228.5,1014,2000,983Z,6239,2026-05-05
元大鳳山,230.5,1000,0,983Z,6239,2026-05-05
元大鳳山,232.0,2015,0,983Z,6239,2026-05-05
元大鳳山,234.5,1100,0,983Z,6239,2026-05-05
元大大直,222.0,0,5000,9846,6239,2026-05-05
元大大直,223.5,0,2000,9846,6239,2026-05-05
元大大直,226.5,0,1000,9846,6239,2026-05-05
元大德芳,230.5,50,2000,983W,6239,2026-05-05
元大大直,227.5,1000,0,9846,6239,2026-05-05
元大德芳,229.5,250,0,983W,6239,2026-05-05
元大德芳,227.0,0,1060,983W,6239,2026-05-05
元大頭份,231.0,660,0,983U,6239,2026-05-05
元大頭份,233.0,1000,0,983U,6239,2026-05-05
元大頭份,235.5,0,1000,983U,6239,2026-05-05
元大竹南,221.5,50,0,983V,6239,2026-05-05
元大竹南,223.0,3000,0,983V,6239,2026-05-05
元大竹南,226.5,0,1000,983V,6239,2026-05-05
元大竹南,227.5,2,0,983V,6239,2026-05-05
元大竹南,228.5,11,2000,983V,6239,2026-05-05
元大竹南,229.5,0,1000,983V,6239,2026-05-05
元大竹南,232.0,40,100,983V,6239,2026-05-05
元大竹南,235.0,1000,0,983V,6239,2026-05-05
元大德芳,220.5,2000,2000,983W,6239,2026-05-05
元大德芳,221.5,1200,0,983W,6239,2026-05-05
元大德芳,222.5,1010,0,983W,6239,2026-05-05
元大德芳,223.5,2002,1000,983W,6239,2026-05-05
元大德芳,224.5,1000,0,983W,6239,2026-05-05
元大德芳,225.5,2000,2000,983W,6239,2026-05-05
元大德芳,228.5,150,1000,983W,6239,2026-05-05
元大大直,229.0,7000,0,9846,6239,2026-05-05
元大大直,232.5,1000,0,9846,6239,2026-05-05
元大大直,235.0,1000,0,9846,6239,2026-05-05
元大景美,226.0,1000,0,984H,6239,2026-05-05
元大景美,228.0,1000,1000,984H,6239,2026-05-05
元大景美,229.0,2000,1400,984H,6239,2026-05-05
元大景美,232.0,1000,0,984H,6239,2026-05-05
元大景美,234.5,30,0,984H,6239,2026-05-05
元大館前,220.5,2000,0,984K,6239,2026-05-05
元大館前,222.0,1010,1000,984K,6239,2026-05-05
元大館前,223.5,5103,0,984K,6239,2026-05-05
元大館前,224.5,1210,0,984K,6239,2026-05-05
元大館前,225.5,5000,0,984K,6239,2026-05-05
元大館前,227.5,8020,1500,984K,6239,2026-05-05
元大館前,228.5,14000,4000,984K,6239,2026-05-05
元大館前,229.5,3010,100,984K,6239,2026-05-05
元大館前,230.5,0,2000,984K,6239,2026-05-05
元大館前,231.5,10,0,984K,6239,2026-05-05
元大館前,232.5,1000,0,984K,6239,2026-05-05
元大館前,234.0,1000,0,984K,6239,2026-05-05
元大景美,223.0,1000,0,984H,6239,2026-05-05
元大景美,222.0,1000,0,984H,6239,2026-05-05
元大南勢,233.5,0,1000,984E,6239,2026-05-05
元大南勢,230.0,1000,0,984E,6239,2026-05-05
元大新中,220.5,100,0,984C,6239,2026-05-05
元大新中,222.0,1000,0,984C,6239,2026-05-05
元大新中,223.0,1200,1000,984C,6239,2026-05-05
元大新中,224.0,5000,0,984C,6239,2026-05-05
元大新中,225.0,1100,0,984C,6239,2026-05-05
元大新中,226.5,2000,4000,984C,6239,2026-05-05
元大新中,227.5,5100,11000,984C,6239,2026-05-05
元大新中,229.0,0,2100,984C,6239,2026-05-05
元大頭份,230.0,1474,1100,983U,6239,2026-05-05
元大新中,230.0,1000,1000,984C,6239,2026-05-05
元大新中,232.0,3000,2000,984C,6239,2026-05-05
元大新中,234.0,1000,20,984C,6239,2026-05-05
元大南勢,221.0,1000,0,984E,6239,2026-05-05
元大南勢,224.0,160,0,984E,6239,2026-05-05
元大南勢,225.0,0,100,984E,6239,2026-05-05
元大南勢,226.5,1000,0,984E,6239,2026-05-05
元大南勢,227.5,21,1000,984E,6239,2026-05-05
元大南勢,228.5,1100,0,984E,6239,2026-05-05
元大新中,231.0,50,0,984C,6239,2026-05-05
元大頭份,229.0,2004,1000,983U,6239,2026-05-05
元大頭份,228.0,2000,2000,983U,6239,2026-05-05
元大頭份,227.0,0,2000,983U,6239,2026-05-05
元大林森,236.0,0,1000,983B,6239,2026-05-05
元大竹東,220.5,1000,0,983f,6239,2026-05-05
元大竹東,223.0,500,0,983f,6239,2026-05-05
元大竹東,227.0,1000,0,983f,6239,2026-05-05
元大竹東,228.5,0,1000,983f,6239,2026-05-05
元大竹東,230.5,1000,0,983f,6239,2026-05-05
元大竹東,233.5,0,1000,983f,6239,2026-05-05
元大上新,220.5,50,0,983G,6239,2026-05-05
元大上新,223.0,100,0,983G,6239,2026-05-05
元大上新,225.0,303,0,983G,6239,2026-05-05
元大上新,226.5,0,1000,983G,6239,2026-05-05
元大上新,227.5,1120,1300,983G,6239,2026-05-05
元大上新,229.0,1000,1000,983G,6239,2026-05-05
元大大雅,220.5,1200,0,983i,6239,2026-05-05
元大大雅,221.5,1000,0,983i,6239,2026-05-05
元大大雅,223.0,8130,0,983i,6239,2026-05-05
元大大雅,224.0,115,0,983i,6239,2026-05-05
元大林森,234.5,50,0,983B,6239,2026-05-05
元大林森,233.5,1000,0,983B,6239,2026-05-05
元大林森,230.0,0,1000,983B,6239,2026-05-05
元大林森,229.0,1000,1000,983B,6239,2026-05-05
元大豐原,223.5,1153,0,9838,6239,2026-05-05
元大豐原,224.5,2050,3000,9838,6239,2026-05-05
元大豐原,225.5,10,2000,9838,6239,2026-05-05
元大豐原,226.5,15,0,9838,6239,2026-05-05
元大豐原,227.5,2015,1000,9838,6239,2026-05-05
元大豐原,228.5,500,0,9838,6239,2026-05-05
元大豐原,229.5,10,0,9838,6239,2026-05-05
元大豐原,230.5,3040,0,9838,6239,2026-05-05
元大大雅,225.5,3000,0,983i,6239,2026-05-05
元大豐原,231.5,330,0,9838,6239,2026-05-05
元大豐原,234.0,0,1000,9838,6239,2026-05-05
元大豐原,235.0,1000,0,9838,6239,2026-05-05
元大林森,221.5,1000,0,983B,6239,2026-05-05
元大林森,223.0,0,1000,983B,6239,2026-05-05
元大林森,224.5,105,0,983B,6239,2026-05-05
元大林森,226.0,0,1000,983B,6239,2026-05-05
元大林森,227.0,1005,3100,983B,6239,2026-05-05
元大林森,228.0,0,50,983B,6239,2026-05-05
元大豐原,232.5,10,0,9838,6239,2026-05-05
元大北港,235.0,0,1000,9837,6239,2026-05-05
元大大雅,227.5,8310,1000,983i,6239,2026-05-05
元大大雅,230.0,121,5000,983i,6239,2026-05-05
元大木柵,230.5,0,200,983M,6239,2026-05-05
元大木柵,233.0,1000,0,983M,6239,2026-05-05
元大木柵,234.5,200,0,983M,6239,2026-05-05
元大大安,223.0,1200,0,983N,6239,2026-05-05
元大大安,224.5,0,1000,983N,6239,2026-05-05
元大大安,227.0,0,1000,983N,6239,2026-05-05
元大大安,228.5,1000,0,983N,6239,2026-05-05
元大大安,229.5,2000,0,983N,6239,2026-05-05
元大大安,231.5,0,1000,983N,6239,2026-05-05
元大大安,234.0,0,5000,983N,6239,2026-05-05
元大大安,235.0,1000,3000,983N,6239,2026-05-05
元大大安,236.0,0,1000,983N,6239,2026-05-05
元大頭份,220.5,4000,0,983U,6239,2026-05-05
元大頭份,222.0,1060,0,983U,6239,2026-05-05
元大頭份,223.5,0,1000,983U,6239,2026-05-05
元大頭份,224.5,100,0,983U,6239,2026-05-05
元大頭份,225.5,0,300,983U,6239,2026-05-05
元大木柵,228.5,1000,2000,983M,6239,2026-05-05
元大木柵,227.5,5000,500,983M,6239,2026-05-05
元大木柵,225.5,0,1000,983M,6239,2026-05-05
元大木柵,224.0,100,0,983M,6239,2026-05-05
元大大雅,232.0,1000,0,983i,6239,2026-05-05
元大大雅,233.0,2000,0,983i,6239,2026-05-05
元大大雅,234.5,1000,0,983i,6239,2026-05-05
元大大雅,236.0,0,2000,983i,6239,2026-05-05
元大仁愛,224.0,100,0,983j,6239,2026-05-05
元大仁愛,227.0,300,0,983j,6239,2026-05-05
元大仁愛,228.0,33,0,983j,6239,2026-05-05
元大仁愛,231.0,3000,0,983j,6239,2026-05-05
元大大雅,229.0,2005,0,983i,6239,2026-05-05
元大學甲,220.5,52,0,983K,6239,2026-05-05
元大學甲,224.0,200,0,983K,6239,2026-05-05
元大學甲,226.5,0,50,983K,6239,2026-05-05
元大學甲,227.5,1000,2000,983K,6239,2026-05-05
元大學甲,229.0,0,3000,983K,6239,2026-05-05
元大學甲,232.0,1000,0,983K,6239,2026-05-05
元大學甲,235.0,1000,0,983K,6239,2026-05-05
元大木柵,221.5,1000,0,983M,6239,2026-05-05
元大木柵,223.0,2100,0,983M,6239,2026-05-05
元大學甲,222.5,2000,1000,983K,6239,2026-05-05
元大新營,227.5,1000,1000,9825,6239,2026-05-05
元大新營,226.5,9000,2000,9825,6239,2026-05-05
元大新營,225.5,0,1000,9825,6239,2026-05-05
富邦台北,236.0,2000,1000,9623,6239,2026-05-05
富邦台北,235.0,2000,1000,9623,6239,2026-05-05
富邦台北,234.0,3000,10000,9623,6239,2026-05-05
富邦台北,233.0,4150,3000,9623,6239,2026-05-05
富邦台北,232.0,2000,1054,9623,6239,2026-05-05
富邦台北,231.0,2040,0,9623,6239,2026-05-05
富邦台北,230.0,2050,245,9623,6239,2026-05-05
富邦台北,229.0,2000,7103,9623,6239,2026-05-05
元大屏生,232.5,2000,0,981h,6239,2026-05-05
元大屏生,234.5,1000,0,981h,6239,2026-05-05
元大西螺,222.5,2000,0,981i,6239,2026-05-05
元大西螺,224.0,1000,0,981i,6239,2026-05-05
元大西螺,226.5,2000,0,981i,6239,2026-05-05
元大西螺,227.5,1000,1000,981i,6239,2026-05-05
元大西螺,228.5,44,0,981i,6239,2026-05-05
元大西螺,230.0,2000,1000,981i,6239,2026-05-05
元大西螺,233.0,0,8000,981i,6239,2026-05-05
富邦竹北,220.5,9110,0,9624,6239,2026-05-05
元大西螺,234.5,0,1000,981i,6239,2026-05-05
富邦竹北,221.5,2100,0,9624,6239,2026-05-05
富邦竹北,223.5,3000,0,9624,6239,2026-05-05
元大屏生,224.5,1000,145,981h,6239,2026-05-05
元大屏生,225.5,1000,2000,981h,6239,2026-05-05
元大屏生,226.5,2000,0,981h,6239,2026-05-05
元大屏生,227.5,8,1010,981h,6239,2026-05-05
元大屏生,228.5,1005,5000,981h,6239,2026-05-05
元大屏生,229.5,10,0,981h,6239,2026-05-05
元大屏生,230.5,1000,1000,981h,6239,2026-05-05
元大屏生,231.5,2000,0,981h,6239,2026-05-05
富邦竹北,234.0,3000,0,9624,6239,2026-05-05
富邦竹北,232.5,0,1000,9624,6239,2026-05-05
富邦竹北,231.5,2200,300,9624,6239,2026-05-05
富邦竹北,229.5,2231,270,9624,6239,2026-05-05
富邦竹北,228.5,2000,3000,9624,6239,2026-05-05
富邦竹北,227.5,5000,11210,9624,6239,2026-05-05
富邦竹北,226.5,1000,1000,9624,6239,2026-05-05
富邦竹北,225.5,2000,0,9624,6239,2026-05-05
富邦竹北,224.5,2047,200,9624,6239,2026-05-05
富邦竹北,222.5,2000,5000,9624,6239,2026-05-05
元大西螺,235.5,3000,0,981i,6239,2026-05-05
元大天母,222.0,1000,0,981I,6239,2026-05-05
元大天母,223.0,1000,0,981I,6239,2026-05-05
元大林園,229.0,0,6000,981K,6239,2026-05-05
元大林園,234.0,1000,1000,981K,6239,2026-05-05
元大林園,236.0,0,1000,981K,6239,2026-05-05
元大莒光,221.0,1000,0,981L,6239,2026-05-05
元大莒光,222.5,1010,0,981L,6239,2026-05-05
元大莒光,224.0,2000,1000,981L,6239,2026-05-05
元大莒光,225.5,1450,1050,981L,6239,2026-05-05
元大莒光,226.5,0,1000,981L,6239,2026-05-05
元大莒光,227.5,5100,3000,981L,6239,2026-05-05
元大莒光,228.5,1305,409,981L,6239,2026-05-05
元大莒光,230.5,1010,0,981L,6239,2026-05-05
元大莒光,231.5,0,1000,981L,6239,2026-05-05
元大莒光,232.5,0,1000,981L,6239,2026-05-05
元大莒光,234.5,1000,0,981L,6239,2026-05-05
元大前金,220.0,1000,0,981m,6239,2026-05-05
元大前金,221.0,2000,0,981m,6239,2026-05-05
元大前金,223.0,100,0,981m,6239,2026-05-05
元大林園,227.5,0,5000,981K,6239,2026-05-05
元大林園,226.0,1000,0,981K,6239,2026-05-05
元大林園,221.5,1000,0,981K,6239,2026-05-05
元大士林,236.0,0,21000,981j,6239,2026-05-05
元大天母,224.0,100,0,981I,6239,2026-05-05
元大天母,225.0,200,0,981I,6239,2026-05-05
元大天母,226.0,0,1000,981I,6239,2026-05-05
元大天母,227.5,1365,0,981I,6239,2026-05-05
元大天母,229.5,2000,0,981I,6239,2026-05-05
元大天母,232.5,3,0,981I,6239,2026-05-05
元大天母,234.0,1000,0,981I,6239,2026-05-05
元大士林,221.5,1000,0,981j,6239,2026-05-05
元大屏生,223.5,1100,0,981h,6239,2026-05-05
元大士林,223.5,3000,0,981j,6239,2026-05-05
元大士林,225.5,3000,0,981j,6239,2026-05-05
元大士林,226.5,2000,0,981j,6239,2026-05-05
元大士林,227.5,0,2000,981j,6239,2026-05-05
元大士林,229.0,0,1000,981j,6239,2026-05-05
元大士林,230.0,2000,2000,981j,6239,2026-05-05
元大士林,231.0,93,0,981j,6239,2026-05-05
元大士林,233.5,11000,0,981j,6239,2026-05-05
元大士林,234.5,11015,6000,981j,6239,2026-05-05
元大士林,224.5,1000,0,981j,6239,2026-05-05
元大屏生,222.5,3000,0,981h,6239,2026-05-05
元大屏生,221.0,2000,1000,981h,6239,2026-05-05
元大彰化,235.0,1000,0,981G,6239,2026-05-05
元大南投,234.5,1000,0,981D,6239,2026-05-05
元大南投,235.5,0,3000,981D,6239,2026-05-05
元大佳里,220.0,5000,0,981e,6239,2026-05-05
元大佳里,221.5,1000,0,981e,6239,2026-05-05
元大佳里,223.0,2020,10000,981e,6239,2026-05-05
元大佳里,224.0,1000,1000,981e,6239,2026-05-05
元大佳里,225.0,23300,0,981e,6239,2026-05-05
元大佳里,226.0,0,1000,981e,6239,2026-05-05
元大佳里,227.0,1131,1000,981e,6239,2026-05-05
元大佳里,228.0,3020,20005,981e,6239,2026-05-05
元大佳里,229.0,2000,0,981e,6239,2026-05-05
元大佳里,230.0,2100,1011,981e,6239,2026-05-05
元大佳里,231.0,100,0,981e,6239,2026-05-05
元大佳里,232.5,710,1000,981e,6239,2026-05-05
元大佳里,234.0,1000,0,981e,6239,2026-05-05
元大佳里,236.0,0,2000,981e,6239,2026-05-05
元大發財,221.0,1000,0,981E,6239,2026-05-05
元大南投,232.0,1000,1400,981D,6239,2026-05-05
元大南投,230.0,1054,100,981D,6239,2026-05-05
元大南投,228.5,1005,4000,981D,6239,2026-05-05
元大南投,227.5,2005,0,981D,6239,2026-05-05
元大竹北,232.5,0,1000,981B,6239,2026-05-05
元大竹北,233.5,1000,0,981B,6239,2026-05-05
元大竹北,234.5,0,20,981B,6239,2026-05-05
元大路竹,222.0,100,0,981C,6239,2026-05-05
元大路竹,223.5,100,0,981C,6239,2026-05-05
元大路竹,225.5,1000,0,981C,6239,2026-05-05
元大路竹,226.5,100,0,981C,6239,2026-05-05
元大路竹,228.0,0,1000,981C,6239,2026-05-05
元大發財,222.5,1000,0,981E,6239,2026-05-05
元大路竹,229.0,3000,0,981C,6239,2026-05-05
元大路竹,234.0,1000,3000,981C,6239,2026-05-05
元大南投,220.5,6000,4000,981D,6239,2026-05-05
元大南投,221.5,2,0,981D,6239,2026-05-05
元大南投,222.5,4000,0,981D,6239,2026-05-05
元大南投,223.5,12000,0,981D,6239,2026-05-05
元大南投,224.5,50,0,981D,6239,2026-05-05
元大南投,225.5,1066,0,981D,6239,2026-05-05
元大南投,226.5,2000,0,981D,6239,2026-05-05
元大路竹,232.0,1000,50,981C,6239,2026-05-05
元大前金,224.0,1100,0,981m,6239,2026-05-05
元大發財,224.0,1050,0,981E,6239,2026-05-05
元大發財,227.0,3000,1000,981E,6239,2026-05-05
元大大里,227.5,50,2000,981g,6239,2026-05-05
元大大里,228.5,45,1000,981g,6239,2026-05-05
元大大里,229.5,100,0,981g,6239,2026-05-05
元大大里,231.0,0,1000,981g,6239,2026-05-05
元大大里,232.5,2000,2000,981g,6239,2026-05-05
元大大里,234.5,6000,0,981g,6239,2026-05-05
元大大里,236.0,0,7000,981g,6239,2026-05-05
元大彰化,221.0,2000,0,981G,6239,2026-05-05
元大彰化,222.5,1000,0,981G,6239,2026-05-05
元大彰化,225.5,1000,2000,981G,6239,2026-05-05
元大彰化,227.0,6050,5000,981G,6239,2026-05-05
元大彰化,228.0,2075,2400,981G,6239,2026-05-05
元大彰化,229.0,10,1000,981G,6239,2026-05-05
元大彰化,230.0,20,1000,981G,6239,2026-05-05
元大彰化,231.0,3000,0,981G,6239,2026-05-05
元大彰化,232.0,10,2000,981G,6239,2026-05-05
元大彰化,234.0,14000,2000,981G,6239,2026-05-05
元大大里,226.5,4000,2000,981g,6239,2026-05-05
元大大里,225.5,200,3000,981g,6239,2026-05-05
元大大里,224.5,2600,1000,981g,6239,2026-05-05
元大大里,223.5,3100,0,981g,6239,2026-05-05
元大發財,228.5,0,1000,981E,6239,2026-05-05
元大發財,229.5,1000,50,981E,6239,2026-05-05
元大發財,232.0,50,10000,981E,6239,2026-05-05
元大發財,234.5,0,1060,981E,6239,2026-05-05
元大福營,221.5,50,0,981F,6239,2026-05-05
元大福營,223.0,50,0,981F,6239,2026-05-05
元大福營,224.0,3000,0,981F,6239,2026-05-05
元大福營,225.0,0,1000,981F,6239,2026-05-05
元大發財,225.5,1000,0,981E,6239,2026-05-05
元大福營,226.5,1000,0,981F,6239,2026-05-05
元大福營,228.5,1010,0,981F,6239,2026-05-05
元大福營,229.5,0,50,981F,6239,2026-05-05
元大福營,231.0,1000,0,981F,6239,2026-05-05
元大福營,232.0,1000,0,981F,6239,2026-05-05
元大福營,235.0,0,1000,981F,6239,2026-05-05
元大大里,220.0,1000,1000,981g,6239,2026-05-05
元大大里,221.0,2000,0,981g,6239,2026-05-05
元大大里,222.5,118,0,981g,6239,2026-05-05
元大福營,227.5,0,1000,981F,6239,2026-05-05
元大前金,225.0,0,1000,981m,6239,2026-05-05
元大前金,227.5,200,1000,981m,6239,2026-05-05
元大前金,228.5,1000,75,981m,6239,2026-05-05
元大新生,220.5,2000,0,981X,6239,2026-05-05
元大新生,222.5,50,0,981X,6239,2026-05-05
元大新生,224.5,8050,0,981X,6239,2026-05-05
元大新生,226.0,2000,0,981X,6239,2026-05-05
元大新生,227.0,1050,2000,981X,6239,2026-05-05
元大新生,230.0,0,200,981X,6239,2026-05-05
元大新生,233.5,0,1000,981X,6239,2026-05-05
元大新生,234.5,2100,0,981X,6239,2026-05-05
元大新生,235.5,3000,0,981X,6239,2026-05-05
元大善化,220.5,2000,0,981y,6239,2026-05-05
元大善化,222.0,1015,0,981y,6239,2026-05-05
元大善化,223.0,1100,3000,981y,6239,2026-05-05
元大善化,224.5,2000,1000,981y,6239,2026-05-05
元大善化,225.5,3050,0,981y,6239,2026-05-05
元大善化,226.5,2000,3000,981y,6239,2026-05-05
元大善化,227.5,3020,13000,981y,6239,2026-05-05
元大善化,228.5,2000,1010,981y,6239,2026-05-05
元大民雄,235.0,3000,0,981V,6239,2026-05-05
元大民雄,231.5,20,0,981V,6239,2026-05-05
元大民雄,229.5,100,300,981V,6239,2026-05-05
元大民雄,228.5,2200,1000,981V,6239,2026-05-05
元大崇德,229.0,0,1000,981S,6239,2026-05-05
元大崇德,230.0,0,106,981S,6239,2026-05-05
元大崇德,233.0,3000,0,981S,6239,2026-05-05
元大崇德,234.5,1000,5110,981S,6239,2026-05-05
元大崇德,235.5,2000,1000,981S,6239,2026-05-05
元大華山,220.5,1000,0,981U,6239,2026-05-05
元大華山,223.0,10,0,981U,6239,2026-05-05
元大華山,225.5,0,14000,981U,6239,2026-05-05
元大善化,229.5,0,1025,981y,6239,2026-05-05
元大華山,227.5,0,1000,981U,6239,2026-05-05
元大華山,230.5,1000,0,981U,6239,2026-05-05
元大華山,234.5,0,12,981U,6239,2026-05-05
元大民雄,220.5,11499,100,981V,6239,2026-05-05
元大民雄,222.0,2000,0,981V,6239,2026-05-05
元大民雄,224.0,3701,1000,981V,6239,2026-05-05
元大民雄,225.0,4000,0,981V,6239,2026-05-05
元大民雄,226.5,0,2000,981V,6239,2026-05-05
元大民雄,227.5,50,0,981V,6239,2026-05-05
元大華山,229.5,0,6,981U,6239,2026-05-05
元大崇德,228.0,2000,4099,981S,6239,2026-05-05
元大善化,230.5,4000,0,981y,6239,2026-05-05
元大善化,233.0,115,0,981y,6239,2026-05-05
元大學府,225.0,1000,0,9822,6239,2026-05-05
元大學府,227.0,50,0,9822,6239,2026-05-05
元大學府,228.0,100,100,9822,6239,2026-05-05
元大學府,229.0,0,1000,9822,6239,2026-05-05
元大學府,232.0,0,200,9822,6239,2026-05-05
元大學府,234.5,10,440,9822,6239,2026-05-05
元大向上,221.0,3000,0,9824,6239,2026-05-05
元大向上,224.0,100,0,9824,6239,2026-05-05
元大向上,225.0,5,0,9824,6239,2026-05-05
元大向上,226.0,8000,0,9824,6239,2026-05-05
元大向上,228.0,50,8000,9824,6239,2026-05-05
元大向上,230.0,0,30,9824,6239,2026-05-05
元大向上,231.5,0,1000,9824,6239,2026-05-05
元大新營,220.5,2000,0,9825,6239,2026-05-05
元大新營,221.5,6000,0,9825,6239,2026-05-05
元大新營,223.5,1015,2000,9825,6239,2026-05-05
元大新營,224.5,1000,3000,9825,6239,2026-05-05
元大學府,221.0,2000,0,9822,6239,2026-05-05
元大潮州,235.0,1000,0,981Z,6239,2026-05-05
元大潮州,230.0,0,50,981Z,6239,2026-05-05
元大潮州,229.0,0,1000,981Z,6239,2026-05-05
元大善化,234.5,3000,0,981y,6239,2026-05-05
元大大統,220.5,50,0,981z,6239,2026-05-05
元大大統,222.5,0,1000,981z,6239,2026-05-05
元大大統,223.5,1100,0,981z,6239,2026-05-05
元大大統,224.5,7200,0,981z,6239,2026-05-05
元大大統,225.5,0,1000,981z,6239,2026-05-05
元大大統,227.0,0,1000,981z,6239,2026-05-05
元大大統,228.0,4000,0,981z,6239,2026-05-05
元大善化,232.0,2025,0,981y,6239,2026-05-05
元大大統,230.0,161,1000,981z,6239,2026-05-05
元大大統,233.5,0,1000,981z,6239,2026-05-05
元大大統,234.5,200,0,981z,6239,2026-05-05
元大大統,236.0,1000,0,981z,6239,2026-05-05
元大潮州,220.5,50,0,981Z,6239,2026-05-05
元大潮州,221.5,50,0,981Z,6239,2026-05-05
元大潮州,223.0,1000,0,981Z,6239,2026-05-05
元大潮州,227.0,0,4000,981Z,6239,2026-05-05
元大潮州,228.0,50,48,981Z,6239,2026-05-05
元大大統,232.5,100,1000,981z,6239,2026-05-05
元大竹北,229.5,12000,0,981B,6239,2026-05-05
元大崇德,227.0,0,50,981S,6239,2026-05-05
元大崇德,224.5,1100,0,981S,6239,2026-05-05
元大金門,230.0,1250,0,981N,6239,2026-05-05
元大金門,232.0,2000,0,981N,6239,2026-05-05
元大松山,220.0,1000,0,981p,6239,2026-05-05
元大松山,223.0,2000,0,981p,6239,2026-05-05
元大松山,224.0,500,0,981p,6239,2026-05-05
元大松山,225.0,1000,2000,981p,6239,2026-05-05
元大松山,226.5,52,1000,981p,6239,2026-05-05
元大松山,227.5,2000,0,981p,6239,2026-05-05
元大松山,228.5,1100,0,981p,6239,2026-05-05
元大松山,229.5,0,5,981p,6239,2026-05-05
元大松山,231.0,22,0,981p,6239,2026-05-05
元大松山,232.0,0,10,981p,6239,2026-05-05
元大松山,233.0,22,0,981p,6239,2026-05-05
元大松山,234.5,0,10,981p,6239,2026-05-05
元大萬華,220.0,5000,0,981q,6239,2026-05-05
元大萬華,222.5,1000,0,981q,6239,2026-05-05
元大萬華,224.5,10,0,981q,6239,2026-05-05
元大金門,225.5,0,10,981N,6239,2026-05-05
元大金門,224.5,200,2000,981N,6239,2026-05-05
元大金門,223.5,2000,0,981N,6239,2026-05-05
元大金門,220.0,1000,0,981N,6239,2026-05-05
元大前金,230.0,112,0,981m,6239,2026-05-05
元大前金,231.5,300,0,981m,6239,2026-05-05
元大前金,234.5,1000,0,981m,6239,2026-05-05
元大苗栗,221.0,1020,0,981M,6239,2026-05-05
元大苗栗,223.0,2,0,981M,6239,2026-05-05
元大苗栗,224.0,10,0,981M,6239,2026-05-05
元大苗栗,225.5,20,0,981M,6239,2026-05-05
元大苗栗,232.0,1000,0,981M,6239,2026-05-05
元大萬華,225.5,0,1000,981q,6239,2026-05-05
元大旗山,221.5,2000,0,981n,6239,2026-05-05
元大旗山,224.5,5,0,981n,6239,2026-05-05
元大旗山,226.5,1000,0,981n,6239,2026-05-05
元大旗山,227.5,1000,1000,981n,6239,2026-05-05
元大旗山,229.0,1000,4000,981n,6239,2026-05-05
元大旗山,230.0,3,0,981n,6239,2026-05-05
元大旗山,231.0,1000,0,981n,6239,2026-05-05
元大旗山,232.5,1000,0,981n,6239,2026-05-05
元大旗山,234.5,2,1010,981n,6239,2026-05-05
元大旗山,223.0,2000,0,981n,6239,2026-05-05
元大崇德,225.5,1000,1000,981S,6239,2026-05-05
元大萬華,227.5,2000,5200,981q,6239,2026-05-05
元大萬華,229.5,0,50,981q,6239,2026-05-05
元大屏南,228.5,60,0,981r,6239,2026-05-05
元大屏南,229.5,1000,0,981r,6239,2026-05-05
元大屏南,231.0,20,6000,981r,6239,2026-05-05
元大屏南,233.0,50,0,981r,6239,2026-05-05
元大竹山,220.5,3000,0,981R,6239,2026-05-05
元大竹山,222.0,1000,0,981R,6239,2026-05-05
元大竹山,223.0,1000,1000,981R,6239,2026-05-05
元大竹山,224.0,1000,0,981R,6239,2026-05-05
元大竹山,225.0,500,0,981R,6239,2026-05-05
元大竹山,226.5,300,0,981R,6239,2026-05-05
元大竹山,227.5,0,2000,981R,6239,2026-05-05
元大竹山,228.5,1000,0,981R,6239,2026-05-05
元大竹山,230.0,50,0,981R,6239,2026-05-05
元大竹山,234.0,1000,0,981R,6239,2026-05-05
元大竹山,236.0,0,1000,981R,6239,2026-05-05
元大崇德,222.0,5000,0,981S,6239,2026-05-05
元大崇德,223.0,400,1000,981S,6239,2026-05-05
元大屏南,227.5,1096,200,981r,6239,2026-05-05
元大屏南,226.0,0,40,981r,6239,2026-05-05
元大屏南,224.5,1000,0,981r,6239,2026-05-05
元大屏南,223.0,2005,0,981r,6239,2026-05-05
元大萬華,230.5,0,500,981q,6239,2026-05-05
元大萬華,232.0,0,1100,981q,6239,2026-05-05
元大萬華,233.5,0,1000,981q,6239,2026-05-05
元大萬華,235.0,1000,0,981q,6239,2026-05-05
元大太平,220.5,1005,1000,981Q,6239,2026-05-05
元大太平,221.5,1000,0,981Q,6239,2026-05-05
元大太平,223.0,50,2000,981Q,6239,2026-05-05
元大太平,224.0,4205,0,981Q,6239,2026-05-05
元大萬華,228.5,0,4385,981q,6239,2026-05-05
元大太平,225.0,2000,3000,981Q,6239,2026-05-05
元大太平,227.0,5000,6,981Q,6239,2026-05-05
元大太平,228.0,1156,3050,981Q,6239,2026-05-05
元大太平,229.0,2010,4000,981Q,6239,2026-05-05
元大太平,230.0,1050,5,981Q,6239,2026-05-05
元大太平,231.0,1100,1100,981Q,6239,2026-05-05
元大太平,232.5,30,0,981Q,6239,2026-05-05
元大太平,234.0,2000,0,981Q,6239,2026-05-05
元大太平,235.0,2000,0,981Q,6239,2026-05-05
元大太平,226.0,1000,3000,981Q,6239,2026-05-05
元大站前,230.0,700,1050,989W,6239,2026-05-05
合庫嘉義,230.5,300,0,1024,6239,2026-05-05
元大站前,234.0,1000,0,989W,6239,2026-05-05
宏遠高雄,222.0,3000,0,126Q,6239,2026-05-05
宏遠台中,234.5,1000,0,126L,6239,2026-05-05
宏遠台中,230.0,1018,0,126L,6239,2026-05-05
宏遠台中,228.0,0,1000,126L,6239,2026-05-05
宏遠台中,227.0,1009,1000,126L,6239,2026-05-05
宏遠台中,224.0,0,1000,126L,6239,2026-05-05
宏遠光隆,232.5,1000,0,126i,6239,2026-05-05
宏遠光隆,231.0,1000,0,126i,6239,2026-05-05
宏遠光隆,228.0,1000,0,126i,6239,2026-05-05
宏遠光隆,223.5,1000,0,126i,6239,2026-05-05
宏遠光隆,222.0,100,0,126i,6239,2026-05-05
宏遠中和,235.0,1000,0,126H,6239,2026-05-05
宏遠中和,228.5,0,1000,126H,6239,2026-05-05
宏遠高雄,224.0,2000,0,126Q,6239,2026-05-05
宏遠中和,227.5,1000,0,126H,6239,2026-05-05
宏遠中和,220.0,1000,0,126H,6239,2026-05-05
宏遠台南,234.5,1000,8000,126D,6239,2026-05-05
宏遠台南,229.0,0,1000,126D,6239,2026-05-05
宏遠台南,227.5,0,2000,126D,6239,2026-05-05
宏遠台南,223.0,1000,0,126D,6239,2026-05-05
宏遠台南,221.5,1000,0,126D,6239,2026-05-05
宏遠台南,220.0,2000,0,126D,6239,2026-05-05
宏遠桃園,234.5,1000,0,1262,6239,2026-05-05
宏遠桃園,232.0,1000,0,1262,6239,2026-05-05
宏遠桃園,228.0,100,0,1262,6239,2026-05-05
宏遠桃園,223.0,0,7000,1262,6239,2026-05-05
宏遠桃園,220.0,0,1000,1262,6239,2026-05-05
宏遠民生,230.5,0,2000,1261,6239,2026-05-05
宏遠中和,223.5,1000,0,126H,6239,2026-05-05
宏遠高雄,225.0,3000,0,126Q,6239,2026-05-05
宏遠高雄,226.5,0,3000,126Q,6239,2026-05-05
宏遠高雄,228.0,6000,0,126Q,6239,2026-05-05
美林,224.0,16000,46000,1440,6239,2026-05-05
美林,223.0,13000,101000,1440,6239,2026-05-05
美林,222.0,0,265000,1440,6239,2026-05-05
美林,221.0,9000,29000,1440,6239,2026-05-05
港麥格理,233.0,4000,0,1360,6239,2026-05-05
港麥格理,232.0,6000,0,1360,6239,2026-05-05
港麥格理,231.0,1000,0,1360,6239,2026-05-05
港麥格理,230.0,8000,0,1360,6239,2026-05-05
港麥格理,229.0,51000,0,1360,6239,2026-05-05
港麥格理,228.0,580000,0,1360,6239,2026-05-05
港麥格理,227.0,346000,0,1360,6239,2026-05-05
港麥格理,226.0,6000,0,1360,6239,2026-05-05
港麥格理,225.0,11000,0,1360,6239,2026-05-05
港麥格理,224.0,7000,0,1360,6239,2026-05-05
港麥格理,223.0,13000,0,1360,6239,2026-05-05
港麥格理,222.0,8000,0,1360,6239,2026-05-05
港麥格理,221.0,2000,0,1360,6239,2026-05-05
宏遠新化,232.0,1000,0,126X,6239,2026-05-05
宏遠館前,235.5,0,5000,126U,6239,2026-05-05
宏遠館前,230.0,200,0,126U,6239,2026-05-05
宏遠館前,228.0,100,0,126U,6239,2026-05-05
宏遠館前,227.0,1000,8000,126U,6239,2026-05-05
宏遠館前,224.5,130,10000,126U,6239,2026-05-05
宏遠館前,222.5,10100,0,126U,6239,2026-05-05
宏遠館前,220.0,10000,300,126U,6239,2026-05-05
宏遠高雄,233.0,2000,0,126Q,6239,2026-05-05
宏遠高雄,232.0,0,10000,126Q,6239,2026-05-05
宏遠高雄,230.0,3100,1000,126Q,6239,2026-05-05
宏遠高雄,229.0,0,4000,126Q,6239,2026-05-05
宏遠民生,229.0,1000,0,1261,6239,2026-05-05
宏遠民生,225.5,1000,0,1261,6239,2026-05-05
宏遠民生,221.5,1000,0,1261,6239,2026-05-05
宏遠,235.5,4000,0,1260,6239,2026-05-05
企銀桃園,234.0,0,5000,111E,6239,2026-05-05
企銀桃園,228.5,0,1000,111E,6239,2026-05-05
企銀桃園,222.0,1080,0,111E,6239,2026-05-05
企銀桃園,220.5,11000,0,111E,6239,2026-05-05
台企建成,228.0,1000,0,111B,6239,2026-05-05
企銀民雄,229.0,0,1000,111A,6239,2026-05-05
企銀岡山,232.0,2000,0,1119,6239,2026-05-05
企銀岡山,227.0,0,2000,1119,6239,2026-05-05
企銀岡山,223.5,5,0,1119,6239,2026-05-05
企銀豐原,235.0,0,1000,1118,6239,2026-05-05
企銀豐原,228.5,1000,0,1118,6239,2026-05-05
企銀豐原,225.5,0,1000,1118,6239,2026-05-05
企銀竹北,234.0,0,1000,1117,6239,2026-05-05
企銀竹北,232.0,1000,0,1117,6239,2026-05-05
企銀竹北,229.0,0,1000,1117,6239,2026-05-05
企銀竹北,227.5,0,3000,1117,6239,2026-05-05
企銀竹北,225.5,0,2000,1117,6239,2026-05-05
企銀竹北,224.0,100,0,1117,6239,2026-05-05
企銀竹北,223.0,0,1000,1117,6239,2026-05-05
企銀屏東,224.0,1000,0,1116,6239,2026-05-05
企銀太平,235.5,1000,0,1115,6239,2026-05-05
企銀太平,230.5,1000,0,1115,6239,2026-05-05
企銀太平,226.5,0,1000,1115,6239,2026-05-05
企銀太平,224.0,2000,0,1115,6239,2026-05-05
企銀太平,223.0,1000,0,1115,6239,2026-05-05
企銀嘉義,232.0,2000,0,1114,6239,2026-05-05
企銀嘉義,229.5,0,1000,1114,6239,2026-05-05
企銀嘉義,227.5,0,1000,1114,6239,2026-05-05
企銀嘉義,224.5,1000,0,1114,6239,2026-05-05
企銀北高,228.0,0,50,111F,6239,2026-05-05
美林,225.0,10000,7000,1440,6239,2026-05-05
企銀北高,232.0,0,1000,111F,6239,2026-05-05
企銀埔墘,226.5,1000,0,111G,6239,2026-05-05
宏遠,234.0,4000,0,1260,6239,2026-05-05
宏遠,232.5,1000,0,1260,6239,2026-05-05
宏遠,230.0,0,1000,1260,6239,2026-05-05
宏遠,229.0,5000,0,1260,6239,2026-05-05
宏遠,228.0,5200,10000,1260,6239,2026-05-05
宏遠,227.0,31125,15000,1260,6239,2026-05-05
宏遠,226.0,0,10000,1260,6239,2026-05-05
宏遠,224.5,2000,5000,1260,6239,2026-05-05
宏遠,223.5,2000,20000,1260,6239,2026-05-05
宏遠,222.5,3000,16000,1260,6239,2026-05-05
宏遠,221.5,0,43000,1260,6239,2026-05-05
宏遠,220.5,1000,40000,1260,6239,2026-05-05
彰銀台中,236.0,0,1000,1233,6239,2026-05-05
彰銀台中,234.5,3000,0,1233,6239,2026-05-05
彰銀台中,233.5,1000,0,1233,6239,2026-05-05
彰銀台中,230.5,100,0,1233,6239,2026-05-05
彰銀台中,228.0,0,2000,1233,6239,2026-05-05
彰銀台中,226.5,1000,2000,1233,6239,2026-05-05
彰銀台中,223.5,2000,0,1233,6239,2026-05-05
彰銀台中,222.5,1000,0,1233,6239,2026-05-05
彰銀七賢,228.0,0,1000,1232,6239,2026-05-05
彰銀七賢,224.0,1000,0,1232,6239,2026-05-05
彰銀,234.0,1000,0,1230,6239,2026-05-05
彰銀,230.5,1000,0,1230,6239,2026-05-05
彰銀,227.5,0,3000,1230,6239,2026-05-05
彰銀,225.0,3020,0,1230,6239,2026-05-05
彰銀,223.5,0,3000,1230,6239,2026-05-05
彰銀,222.5,0,3000,1230,6239,2026-05-05
企銀埔墘,236.0,1000,0,111G,6239,2026-05-05
企銀埔墘,220.5,50,0,111G,6239,2026-05-05
企銀九如,227.5,0,6000,1113,6239,2026-05-05
美林,226.0,0,7000,1440,6239,2026-05-05
美林,228.0,38000,43000,1440,6239,2026-05-05
亞東板橋,228.0,0,150,2181,6239,2026-05-05
亞東板橋,227.0,0,5000,2181,6239,2026-05-05
亞東板橋,225.0,1000,3000,2181,6239,2026-05-05
亞東板橋,224.0,1000,1000,2181,6239,2026-05-05
亞東,235.5,0,1000,2180,6239,2026-05-05
亞東,229.5,1000,0,2180,6239,2026-05-05
亞東,228.5,36002,0,2180,6239,2026-05-05
亞東,227.5,2,0,2180,6239,2026-05-05
亞東,225.5,0,1000,2180,6239,2026-05-05
亞東,224.5,1002,0,2180,6239,2026-05-05
亞東,223.5,2,0,2180,6239,2026-05-05
亞東,221.0,250,0,2180,6239,2026-05-05
瑞銀,236.0,1000,2000,1650,6239,2026-05-05
亞東板橋,229.0,0,1000,2181,6239,2026-05-05
瑞銀,235.0,20000,7000,1650,6239,2026-05-05
瑞銀,233.0,156000,28000,1650,6239,2026-05-05
瑞銀,232.0,9000,76000,1650,6239,2026-05-05
瑞銀,231.0,1000,4000,1650,6239,2026-05-05
瑞銀,230.0,141000,66000,1650,6239,2026-05-05
瑞銀,229.0,20000,49000,1650,6239,2026-05-05
瑞銀,228.0,61000,20000,1650,6239,2026-05-05
瑞銀,227.0,18000,45000,1650,6239,2026-05-05
瑞銀,226.0,55000,35000,1650,6239,2026-05-05
瑞銀,225.0,5000,28000,1650,6239,2026-05-05
瑞銀,224.0,2000,23000,1650,6239,2026-05-05
瑞銀,223.0,4000,129000,1650,6239,2026-05-05
瑞銀,222.0,2000,3000,1650,6239,2026-05-05
瑞銀,221.0,1000,56000,1650,6239,2026-05-05
瑞銀,234.0,10000,45000,1650,6239,2026-05-05
亞東板橋,233.0,1000,0,2181,6239,2026-05-05
亞東板橋,235.5,4000,1000,2181,6239,2026-05-05
亞東新竹,222.0,1000,0,2184,6239,2026-05-05
美好,224.5,1125,0,5260,6239,2026-05-05
美好,223.0,10,0,5260,6239,2026-05-05
大展台南,235.0,1000,0,5058,6239,2026-05-05
大展台南,232.0,0,600,5058,6239,2026-05-05
大展台南,230.0,0,1000,5058,6239,2026-05-05
大展台南,226.5,1000,0,5058,6239,2026-05-05
大展台南,223.0,1000,0,5058,6239,2026-05-05
大展,233.0,1000,0,5050,6239,2026-05-05
大展,230.5,0,6000,5050,6239,2026-05-05
大展,228.0,2100,2000,5050,6239,2026-05-05
大展,226.0,2000,0,5050,6239,2026-05-05
大展,224.0,3000,0,5050,6239,2026-05-05
大展,223.0,1000,0,5050,6239,2026-05-05
大展,220.5,3000,0,5050,6239,2026-05-05
亞東台中,231.5,1000,0,2187,6239,2026-05-05
亞東台中,228.0,200,0,2187,6239,2026-05-05
亞東台中,222.5,0,2000,2187,6239,2026-05-05
亞東高雄,234.5,3,1000,2186,6239,2026-05-05
亞東高雄,232.0,0,4000,2186,6239,2026-05-05
亞東高雄,228.5,5100,0,2186,6239,2026-05-05
亞東高雄,226.0,1000,0,2186,6239,2026-05-05
亞東高雄,225.0,1000,0,2186,6239,2026-05-05
亞東高雄,222.0,0,50,2186,6239,2026-05-05
亞東台南,227.0,1000,0,2185,6239,2026-05-05
亞東台南,223.0,1000,0,2185,6239,2026-05-05
亞東新竹,233.5,0,1000,2184,6239,2026-05-05
亞東新竹,231.0,2000,0,2184,6239,2026-05-05
亞東新竹,227.5,1000,100,2184,6239,2026-05-05
亞東新竹,223.0,100,0,2184,6239,2026-05-05
瑞銀,220.0,0,17000,1650,6239,2026-05-05
花旗環球,234.5,0,2000,1590,6239,2026-05-05
花旗環球,233.5,0,2000,1590,6239,2026-05-05
花旗環球,232.0,0,4000,1590,6239,2026-05-05
美商高盛,224.5,34000,16000,1480,6239,2026-05-05
美商高盛,223.5,51000,166000,1480,6239,2026-05-05
美商高盛,222.5,1000,7000,1480,6239,2026-05-05
美商高盛,221.5,41000,41000,1480,6239,2026-05-05
美商高盛,220.5,2000,109000,1480,6239,2026-05-05
台灣摩根,236.0,0,28000,1470,6239,2026-05-05
台灣摩根,235.0,7000,23000,1470,6239,2026-05-05
台灣摩根,234.0,2000,40000,1470,6239,2026-05-05
台灣摩根,233.0,6000,64000,1470,6239,2026-05-05
台灣摩根,232.0,7000,4000,1470,6239,2026-05-05
台灣摩根,231.0,5000,10000,1470,6239,2026-05-05
台灣摩根,230.0,67000,45000,1470,6239,2026-05-05
台灣摩根,229.0,60000,28000,1470,6239,2026-05-05
台灣摩根,228.0,115000,27550,1470,6239,2026-05-05
台灣摩根,227.0,148000,101050,1470,6239,2026-05-05
台灣摩根,226.0,31000,14150,1470,6239,2026-05-05
台灣摩根,225.0,9000,89000,1470,6239,2026-05-05
台灣摩根,224.0,10000,107000,1470,6239,2026-05-05
台灣摩根,223.0,10000,80500,1470,6239,2026-05-05
台灣摩根,222.0,21000,16000,1470,6239,2026-05-05
台灣摩根,221.0,11000,37000,1470,6239,2026-05-05
台灣摩根,220.0,0,154000,1470,6239,2026-05-05
美林,236.0,0,6000,1440,6239,2026-05-05
美林,235.0,22000,24000,1440,6239,2026-05-05
美林,234.0,10000,0,1440,6239,2026-05-05
美林,233.0,0,7000,1440,6239,2026-05-05
美林,231.0,200,0,1440,6239,2026-05-05
美林,230.0,2000,1000,1440,6239,2026-05-05
美林,229.0,0,27000,1440,6239,2026-05-05
美商高盛,225.5,9000,48000,1480,6239,2026-05-05
美林,227.0,5000,47000,1440,6239,2026-05-05
美商高盛,226.5,126000,8000,1480,6239,2026-05-05
美商高盛,228.5,75000,10000,1480,6239,2026-05-05
花旗環球,231.0,0,2000,1590,6239,2026-05-05
花旗環球,230.0,0,14000,1590,6239,2026-05-05
花旗環球,229.0,0,26000,1590,6239,2026-05-05
花旗環球,228.0,0,21000,1590,6239,2026-05-05
花旗環球,227.0,0,25000,1590,6239,2026-05-05
花旗環球,226.0,0,10000,1590,6239,2026-05-05
花旗環球,225.0,0,12000,1590,6239,2026-05-05
花旗環球,224.0,0,22000,1590,6239,2026-05-05
花旗環球,223.0,0,11000,1590,6239,2026-05-05
花旗環球,222.0,0,3000,1590,6239,2026-05-05
花旗環球,221.0,0,6000,1590,6239,2026-05-05
港商野村,233.5,0,2000,1560,6239,2026-05-05
港商野村,230.5,0,17000,1560,6239,2026-05-05
港商野村,229.5,13000,0,1560,6239,2026-05-05
港商野村,228.5,1000,129000,1560,6239,2026-05-05
港商野村,227.0,0,121000,1560,6239,2026-05-05
港商野村,226.0,37000,28000,1560,6239,2026-05-05
港商野村,225.0,0,12000,1560,6239,2026-05-05
港商野村,224.0,0,102000,1560,6239,2026-05-05
港商野村,223.0,0,1000,1560,6239,2026-05-05
港商野村,222.0,49000,0,1560,6239,2026-05-05
美商高盛,236.5,56000,4000,1480,6239,2026-05-05
美商高盛,235.5,0,30000,1480,6239,2026-05-05
美商高盛,234.5,0,41000,1480,6239,2026-05-05
美商高盛,233.5,0,5000,1480,6239,2026-05-05
美商高盛,232.5,0,32000,1480,6239,2026-05-05
美商高盛,231.5,27000,17000,1480,6239,2026-05-05
美商高盛,230.5,24000,73000,1480,6239,2026-05-05
美商高盛,229.5,2000,33000,1480,6239,2026-05-05
美商高盛,227.5,131000,90000,1480,6239,2026-05-05
企銀九如,225.0,3000,0,1113,6239,2026-05-05
企銀九如,224.0,4000,0,1113,6239,2026-05-05
企銀台南,236.0,1000,0,1112,6239,2026-05-05
合庫三重,234.0,1000,0,102G,6239,2026-05-05
合庫三重,229.0,1000,0,102G,6239,2026-05-05
合庫三重,227.5,3000,0,102G,6239,2026-05-05
合庫三重,225.5,10000,0,102G,6239,2026-05-05
合庫三重,224.5,1000,0,102G,6239,2026-05-05
合庫三重,222.0,1000,0,102G,6239,2026-05-05
合庫西台,234.5,0,350,102F,6239,2026-05-05
合庫西台,230.0,100,1000,102F,6239,2026-05-05
合庫西台,229.0,1000,2000,102F,6239,2026-05-05
合庫西台,228.0,100,0,102F,6239,2026-05-05
合庫西台,227.0,300,1000,102F,6239,2026-05-05
合庫西台,225.0,2000,1000,102F,6239,2026-05-05
合庫西台,224.0,1000,1000,102F,6239,2026-05-05
合庫三重,235.5,0,1000,102G,6239,2026-05-05
合庫西台,222.0,1000,0,102F,6239,2026-05-05
合庫桃園,233.5,1000,0,102E,6239,2026-05-05
合庫桃園,231.5,1000,0,102E,6239,2026-05-05
合庫桃園,230.0,1000,0,102E,6239,2026-05-05
合庫桃園,229.0,0,2000,102E,6239,2026-05-05
合庫桃園,228.0,0,2025,102E,6239,2026-05-05
合庫桃園,227.0,2000,2000,102E,6239,2026-05-05
合庫桃園,224.0,1000,0,102E,6239,2026-05-05
合庫桃園,223.0,100,0,102E,6239,2026-05-05
合庫桃園,222.0,100,0,102E,6239,2026-05-05
合庫桃園,221.0,100,0,102E,6239,2026-05-05
合庫自強,235.0,1000,0,102C,6239,2026-05-05
合庫自強,232.0,1000,0,102C,6239,2026-05-05
合庫自強,229.0,0,3000,102C,6239,2026-05-05
合庫桃園,234.5,200,1000,102E,6239,2026-05-05
土銀,222.0,1000,200,1030,6239,2026-05-05
土銀,223.0,10,27000,1030,6239,2026-05-05
土銀,224.0,0,500,1030,6239,2026-05-05
土銀玉里,225.0,1000,0,1036,6239,2026-05-05
土銀玉里,224.0,0,1000,1036,6239,2026-05-05
土銀玉里,220.5,2000,0,1036,6239,2026-05-05
土銀新竹,233.0,188,0,1035,6239,2026-05-05
土銀新竹,230.0,1000,0,1035,6239,2026-05-05
土銀新竹,228.0,8000,0,1035,6239,2026-05-05
土銀新竹,226.5,1000,0,1035,6239,2026-05-05
土銀新竹,221.0,0,200,1035,6239,2026-05-05
土銀嘉義,235.5,4000,0,1034,6239,2026-05-05
土銀嘉義,227.5,1000,0,1034,6239,2026-05-05
土銀嘉義,224.0,1100,0,1034,6239,2026-05-05
土銀嘉義,222.0,3,0,1034,6239,2026-05-05
土銀高雄,233.5,1000,0,1033,6239,2026-05-05
土銀高雄,227.5,0,100,1033,6239,2026-05-05
土銀高雄,225.0,1000,0,1033,6239,2026-05-05
土銀高雄,223.0,1000,1000,1033,6239,2026-05-05
土銀台南,228.5,0,2000,1032,6239,2026-05-05
土銀台南,226.0,1000,0,1032,6239,2026-05-05
土銀台南,222.0,1000,0,1032,6239,2026-05-05
土銀台中,235.0,3000,0,1031,6239,2026-05-05
土銀台中,233.5,5000,0,1031,6239,2026-05-05
土銀台中,232.0,10000,0,1031,6239,2026-05-05
土銀台中,223.0,1000,0,1031,6239,2026-05-05
土銀,237.0,0,3000,1030,6239,2026-05-05
土銀,231.5,5010,0,1030,6239,2026-05-05
土銀,230.0,0,1000,1030,6239,2026-05-05
土銀,228.5,0,1000,1030,6239,2026-05-05
土銀,227.5,1100,1000,1030,6239,2026-05-05
土銀,226.0,1000,0,1030,6239,2026-05-05
合庫自強,228.0,0,12050,102C,6239,2026-05-05
合庫自強,226.5,1000,0,102C,6239,2026-05-05
合庫自強,225.5,1000,0,102C,6239,2026-05-05
合庫自強,223.5,1000,0,102C,6239,2026-05-05
合庫高雄,237.0,0,2000,1023,6239,2026-05-05
合庫高雄,235.0,1000,1000,1023,6239,2026-05-05
合庫高雄,234.0,2000,10000,1023,6239,2026-05-05
合庫高雄,233.0,100,0,1023,6239,2026-05-05
合庫高雄,231.5,1000,0,1023,6239,2026-05-05
合庫高雄,230.0,2000,1200,1023,6239,2026-05-05
合庫高雄,228.5,1000,0,1023,6239,2026-05-05
合庫高雄,227.5,3000,2000,1023,6239,2026-05-05
合庫高雄,226.5,0,2000,1023,6239,2026-05-05
合庫高雄,225.5,0,1000,1023,6239,2026-05-05
合庫高雄,224.0,1050,0,1023,6239,2026-05-05
合庫高雄,222.5,0,2000,1023,6239,2026-05-05
合庫高雄,220.5,1000,1000,1023,6239,2026-05-05
合庫台南,235.5,0,3000,1022,6239,2026-05-05
合庫台南,232.0,1000,0,1022,6239,2026-05-05
合庫台南,229.5,1000,0,1022,6239,2026-05-05
合庫台南,228.5,100,0,1022,6239,2026-05-05
合庫台南,227.5,0,3000,1022,6239,2026-05-05
合庫台南,226.0,0,300,1022,6239,2026-05-05
合庫台南,224.5,2000,300,1022,6239,2026-05-05
合庫台南,220.0,1000,0,1022,6239,2026-05-05
合庫台中,235.5,1000,0,1021,6239,2026-05-05
合庫台中,234.5,2000,1400,1021,6239,2026-05-05
合庫台中,233.0,1000,1000,1021,6239,2026-05-05
合庫台中,230.5,2000,0,1021,6239,2026-05-05
合庫台中,229.5,1000,0,1021,6239,2026-05-05
合庫台中,228.5,1000,0,1021,6239,2026-05-05
合庫台中,227.5,3000,7100,1021,6239,2026-05-05
合庫台中,225.5,2000,25000,1021,6239,2026-05-05
合庫嘉義,223.5,3000,0,1024,6239,2026-05-05
土銀玉里,227.0,100,0,1036,6239,2026-05-05
合庫嘉義,228.0,1000,0,1024,6239,2026-05-05
富邦木柵,234.0,0,1000,961M,6239,2026-05-05
合庫自強,221.0,0,1000,102C,6239,2026-05-05
合庫新竹,234.0,0,1000,102A,6239,2026-05-05
合庫新竹,232.0,0,100,102A,6239,2026-05-05
合庫新竹,228.0,4000,0,102A,6239,2026-05-05
合庫新竹,227.0,0,1000,102A,6239,2026-05-05
合庫新竹,224.5,50,0,102A,6239,2026-05-05
合庫新竹,223.5,0,2035,102A,6239,2026-05-05
合庫新竹,222.5,2000,0,102A,6239,2026-05-05
合庫新竹,221.5,1000,0,102A,6239,2026-05-05
合庫鳳山,236.0,0,1000,1029,6239,2026-05-05
合庫鳳山,232.0,2000,0,1029,6239,2026-05-05
合庫鳳山,229.0,1000,0,1029,6239,2026-05-05
合庫鳳山,224.5,2000,0,1029,6239,2026-05-05
合庫彰化,236.0,1000,0,1028,6239,2026-05-05
合庫彰化,233.0,1100,0,1028,6239,2026-05-05
合庫彰化,230.0,200,1000,1028,6239,2026-05-05
合庫彰化,228.0,2100,3000,1028,6239,2026-05-05
合庫彰化,227.0,100,5000,1028,6239,2026-05-05
合庫彰化,224.5,4100,5000,1028,6239,2026-05-05
合庫彰化,223.5,300,0,1028,6239,2026-05-05
合庫彰化,222.0,0,1000,1028,6239,2026-05-05
合庫彰化,220.5,0,1000,1028,6239,2026-05-05
合庫基隆,235.0,1000,0,1025,6239,2026-05-05
合庫基隆,231.5,100,0,1025,6239,2026-05-05
合庫基隆,228.0,1000,0,1025,6239,2026-05-05
合庫基隆,225.5,0,1000,1025,6239,2026-05-05
合庫基隆,224.0,0,2000,1025,6239,2026-05-05
合庫基隆,222.5,1000,0,1025,6239,2026-05-05
合庫嘉義,233.5,3000,0,1024,6239,2026-05-05
合庫嘉義,229.5,2000,0,1024,6239,2026-05-05
土銀玉里,228.5,100,1000,1036,6239,2026-05-05
土銀玉里,231.5,100,0,1036,6239,2026-05-05
土銀玉里,234.5,0,1000,1036,6239,2026-05-05
臺銀高雄,233.0,200,0,104C,6239,2026-05-05
臺銀高雄,231.5,0,30,104C,6239,2026-05-05
臺銀高雄,230.0,1200,18,104C,6239,2026-05-05
臺銀高雄,229.0,1000,3000,104C,6239,2026-05-05
臺銀高雄,228.0,1100,1200,104C,6239,2026-05-05
臺銀高雄,227.0,11010,2000,104C,6239,2026-05-05
臺銀高雄,226.0,405,100,104C,6239,2026-05-05
臺銀高雄,225.0,2050,3000,104C,6239,2026-05-05
臺銀高雄,224.0,3050,1420,104C,6239,2026-05-05
臺銀高雄,223.0,3000,0,104C,6239,2026-05-05
臺銀高雄,221.0,50,3000,104C,6239,2026-05-05
臺銀高雄,220.0,1000,0,104C,6239,2026-05-05
臺銀臺中,235.0,2000,0,104A,6239,2026-05-05
臺銀臺中,234.0,5000,1000,104A,6239,2026-05-05
臺銀臺中,233.0,1000,0,104A,6239,2026-05-05
臺銀臺中,232.0,1100,1500,104A,6239,2026-05-05
臺銀臺中,230.5,10,4000,104A,6239,2026-05-05
臺銀臺中,229.5,1666,130,104A,6239,2026-05-05
臺銀臺中,228.5,4050,0,104A,6239,2026-05-05
臺銀臺中,227.5,2610,8000,104A,6239,2026-05-05
臺銀臺中,226.5,2350,2100,104A,6239,2026-05-05
臺銀臺中,225.5,515,0,104A,6239,2026-05-05
臺銀臺中,224.5,15,0,104A,6239,2026-05-05
臺銀臺中,223.5,1200,1000,104A,6239,2026-05-05
臺銀臺中,222.5,2100,0,104A,6239,2026-05-05
臺銀臺中,221.5,70,0,104A,6239,2026-05-05
臺銀臺中,220.5,4000,0,104A,6239,2026-05-05
臺銀新竹,236.5,0,1000,1045,6239,2026-05-05
臺銀新竹,235.5,1000,0,1045,6239,2026-05-05
臺銀高雄,234.0,2000,1000,104C,6239,2026-05-05
臺銀新竹,234.0,0,1000,1045,6239,2026-05-05
臺銀高雄,235.0,0,1000,104C,6239,2026-05-05
臺銀金山,221.0,1000,5000,104D,6239,2026-05-05
企銀台南,233.0,20,0,1112,6239,2026-05-05
企銀台南,231.0,20,0,1112,6239,2026-05-05
企銀台南,230.0,0,200,1112,6239,2026-05-05
企銀台南,227.5,2450,0,1112,6239,2026-05-05
企銀台中,236.0,0,4000,1111,6239,2026-05-05
企銀台中,233.0,1000,0,1111,6239,2026-05-05
企銀台中,229.0,0,2000,1111,6239,2026-05-05
企銀台中,227.5,2000,0,1111,6239,2026-05-05
企銀台中,226.0,30,0,1111,6239,2026-05-05
企銀台中,224.5,1000,0,1111,6239,2026-05-05
企銀台中,223.0,2000,0,1111,6239,2026-05-05
企銀台中,220.5,0,5000,1111,6239,2026-05-05
企銀,232.0,0,2000,1110,6239,2026-05-05
企銀,230.0,200,0,1110,6239,2026-05-05
企銀,229.0,0,5000,1110,6239,2026-05-05
企銀,226.5,1000,5000,1110,6239,2026-05-05
企銀,223.5,2000,0,1110,6239,2026-05-05
企銀,222.5,2380,0,1110,6239,2026-05-05
企銀,221.0,7000,0,1110,6239,2026-05-05
臺銀金山,235.0,5000,0,104D,6239,2026-05-05
臺銀金山,233.5,3000,0,104D,6239,2026-05-05
臺銀金山,230.5,1050,0,104D,6239,2026-05-05
臺銀金山,229.5,0,1000,104D,6239,2026-05-05
臺銀金山,228.0,25,0,104D,6239,2026-05-05
臺銀金山,227.0,1000,8000,104D,6239,2026-05-05
臺銀金山,226.0,1000,4000,104D,6239,2026-05-05
臺銀金山,224.5,0,1075,104D,6239,2026-05-05
臺銀金山,223.5,25,7100,104D,6239,2026-05-05
臺銀金山,222.5,3025,5000,104D,6239,2026-05-05
臺銀金山,220.0,1000,0,104D,6239,2026-05-05
美好,227.0,100,0,5260,6239,2026-05-05
臺銀新竹,231.0,2000,0,1045,6239,2026-05-05
臺銀新竹,228.5,2020,1100,1045,6239,2026-05-05
臺銀,232.5,2000,0,1040,6239,2026-05-05
臺銀,230.5,0,1000,1040,6239,2026-05-05
臺銀,229.0,2000,3009,1040,6239,2026-05-05
臺銀,228.0,4200,1000,1040,6239,2026-05-05
臺銀,227.0,1120,5000,1040,6239,2026-05-05
臺銀,226.0,50,0,1040,6239,2026-05-05
臺銀,225.0,1300,1000,1040,6239,2026-05-05
臺銀,224.0,1000,35,1040,6239,2026-05-05
臺銀,223.0,4000,0,1040,6239,2026-05-05
臺銀,222.0,1110,0,1040,6239,2026-05-05
臺銀,220.5,0,1000,1040,6239,2026-05-05
土銀南港,235.5,0,2000,103F,6239,2026-05-05
土銀南港,230.5,0,2000,103F,6239,2026-05-05
土銀南港,224.0,1000,0,103F,6239,2026-05-05
土銀白河,231.5,0,1000,103C,6239,2026-05-05
土銀白河,228.5,0,2000,103C,6239,2026-05-05
土銀白河,223.5,1000,0,103C,6239,2026-05-05
土銀彰化,226.5,1000,0,103B,6239,2026-05-05
土銀建國,234.0,2000,0,103A,6239,2026-05-05
土銀建國,231.5,0,20,103A,6239,2026-05-05
土銀建國,228.5,200,1000,103A,6239,2026-05-05
土銀建國,227.5,3000,0,103A,6239,2026-05-05
土銀建國,226.0,2000,1000,103A,6239,2026-05-05
土銀士林,223.5,7000,0,1039,6239,2026-05-05
土銀士林,221.0,50,0,1039,6239,2026-05-05
土銀和平,225.0,3000,0,1038,6239,2026-05-05
土銀和平,222.0,1000,0,1038,6239,2026-05-05
土銀花蓮,229.0,0,2000,1037,6239,2026-05-05
土銀花蓮,223.5,1000,0,1037,6239,2026-05-05
臺銀,234.0,4000,0,1040,6239,2026-05-05
臺銀新竹,229.5,50,1164,1045,6239,2026-05-05
臺銀,235.0,0,1000,1040,6239,2026-05-05
臺銀臺南,221.0,150,0,1042,6239,2026-05-05
臺銀新竹,227.5,0,2000,1045,6239,2026-05-05
臺銀新竹,226.5,0,2000,1045,6239,2026-05-05
臺銀新竹,225.5,1000,1000,1045,6239,2026-05-05
臺銀新竹,224.0,2000,0,1045,6239,2026-05-05
臺銀新竹,223.0,2050,1000,1045,6239,2026-05-05
臺銀新竹,221.5,1000,0,1045,6239,2026-05-05
臺銀新竹,220.5,6000,1000,1045,6239,2026-05-05
臺銀民權,234.5,0,11,1043,6239,2026-05-05
臺銀民權,232.0,0,4000,1043,6239,2026-05-05
臺銀民權,229.5,1000,0,1043,6239,2026-05-05
臺銀民權,228.5,47,0,1043,6239,2026-05-05
臺銀民權,227.0,2000,3000,1043,6239,2026-05-05
臺銀民權,225.5,6000,0,1043,6239,2026-05-05
臺銀民權,224.5,4000,0,1043,6239,2026-05-05
臺銀民權,223.5,3127,1000,1043,6239,2026-05-05
臺銀民權,222.5,2000,1000,1043,6239,2026-05-05
臺銀民權,221.0,1016,0,1043,6239,2026-05-05
臺銀臺南,234.5,1200,0,1042,6239,2026-05-05
臺銀臺南,233.5,0,2000,1042,6239,2026-05-05
臺銀臺南,232.5,1200,200,1042,6239,2026-05-05
臺銀臺南,231.5,1000,0,1042,6239,2026-05-05
臺銀臺南,230.0,300,0,1042,6239,2026-05-05
臺銀臺南,229.0,0,30,1042,6239,2026-05-05
臺銀臺南,228.0,2030,0,1042,6239,2026-05-05
臺銀臺南,227.0,0,6000,1042,6239,2026-05-05
臺銀臺南,225.5,1000,1200,1042,6239,2026-05-05
臺銀臺南,224.0,1000,2020,1042,6239,2026-05-05
臺銀臺南,223.0,100,0,1042,6239,2026-05-05
臺銀臺南,222.0,250,0,1042,6239,2026-05-05
臺銀臺南,220.0,0,1000,1042,6239,2026-05-05
合庫台中,224.5,7000,0,1021,6239,2026-05-05
美好,229.5,2000,0,5260,6239,2026-05-05
美好,233.0,100,0,5260,6239,2026-05-05
統一台中,232.0,0,2900,5856,6239,2026-05-05
統一台中,229.0,0,1000,5856,6239,2026-05-05
統一台中,227.5,1000,3010,5856,6239,2026-05-05
統一台中,226.0,100,0,5856,6239,2026-05-05
統一台中,224.5,1000,500,5856,6239,2026-05-05
統一台中,223.5,1000,0,5856,6239,2026-05-05
統一台中,222.5,1000,1000,5856,6239,2026-05-05
統一台南,230.5,100,0,5855,6239,2026-05-05
統一台南,229.0,0,1000,5855,6239,2026-05-05
統一台南,228.0,0,1000,5855,6239,2026-05-05
統一台南,227.0,1000,1000,5855,6239,2026-05-05
統一台南,226.0,0,1000,5855,6239,2026-05-05
統一台南,225.0,4000,1000,5855,6239,2026-05-05
統一台中,233.5,0,1000,5856,6239,2026-05-05
統一台南,224.0,1000,1000,5855,6239,2026-05-05
統一台南,221.5,2000,1000,5855,6239,2026-05-05
統一台南,220.5,1000,0,5855,6239,2026-05-05
統一城中,235.0,0,1000,5854,6239,2026-05-05
統一城中,233.5,0,1000,5854,6239,2026-05-05
統一城中,232.5,0,1000,5854,6239,2026-05-05
統一城中,230.5,2000,0,5854,6239,2026-05-05
統一城中,229.5,0,2000,5854,6239,2026-05-05
統一城中,228.5,0,2000,5854,6239,2026-05-05
統一城中,227.5,1000,3000,5854,6239,2026-05-05
統一城中,226.5,2000,0,5854,6239,2026-05-05
統一城中,225.0,0,1000,5854,6239,2026-05-05
統一城中,224.0,1010,0,5854,6239,2026-05-05
統一城中,223.0,1000,0,5854,6239,2026-05-05
統一台南,223.0,2000,0,5855,6239,2026-05-05
統一台中,235.0,0,1000,5856,6239,2026-05-05
統一新竹,220.0,2000,0,5857,6239,2026-05-05
統一新竹,223.0,1250,0,5857,6239,2026-05-05
統一基隆,228.5,300,0,585A,6239,2026-05-05
統一基隆,227.5,0,1000,585A,6239,2026-05-05
統一基隆,226.5,0,2000,585A,6239,2026-05-05
統一基隆,224.0,2,0,585A,6239,2026-05-05
統一基隆,222.5,1000,0,585A,6239,2026-05-05
統一屏東,236.0,1000,0,5859,6239,2026-05-05
統一屏東,234.5,1100,0,5859,6239,2026-05-05
統一屏東,232.5,0,1000,5859,6239,2026-05-05
統一屏東,230.5,1000,0,5859,6239,2026-05-05
統一屏東,228.0,0,1000,5859,6239,2026-05-05
統一屏東,226.0,1000,0,5859,6239,2026-05-05
統一屏東,224.0,1000,0,5859,6239,2026-05-05
統一屏東,223.0,1100,0,5859,6239,2026-05-05
統一屏東,220.0,1000,0,5859,6239,2026-05-05
統一嘉義,234.0,2000,0,5858,6239,2026-05-05
統一嘉義,229.5,18,0,5858,6239,2026-05-05
統一嘉義,228.5,0,3000,5858,6239,2026-05-05
統一嘉義,227.5,0,1000,5858,6239,2026-05-05
統一嘉義,226.0,0,2000,5858,6239,2026-05-05
統一嘉義,221.0,0,2000,5858,6239,2026-05-05
統一新竹,234.5,0,50,5857,6239,2026-05-05
統一新竹,232.5,1000,0,5857,6239,2026-05-05
統一新竹,231.5,1000,0,5857,6239,2026-05-05
統一新竹,230.0,1000,2000,5857,6239,2026-05-05
統一新竹,228.0,1090,2000,5857,6239,2026-05-05
統一新竹,227.0,0,20,5857,6239,2026-05-05
統一新竹,226.0,2000,0,5857,6239,2026-05-05
統一新竹,225.0,1006,0,5857,6239,2026-05-05
統一新竹,224.0,5000,0,5857,6239,2026-05-05
統一城中,221.5,0,15,5854,6239,2026-05-05
統一城中,220.5,1000,0,5854,6239,2026-05-05
統一中壢,232.0,0,10,5853,6239,2026-05-05
統一中壢,230.0,1000,56,5853,6239,2026-05-05
日進,225.0,1000,0,5660,6239,2026-05-05
日進,220.5,1000,0,5660,6239,2026-05-05
永興大墩,227.5,1000,0,5604,6239,2026-05-05
永興台中,234.5,0,1000,5603,6239,2026-05-05
永興台中,228.0,0,13000,5603,6239,2026-05-05
永興台中,226.5,0,2000,5603,6239,2026-05-05
永興台中,224.5,3000,0,5603,6239,2026-05-05
永興台中,223.0,3000,0,5603,6239,2026-05-05
永興台中,220.0,1000,0,5603,6239,2026-05-05
永興水湳,227.5,0,1000,5602,6239,2026-05-05
永興水湳,226.5,0,1000,5602,6239,2026-05-05
永興水湳,223.5,1000,0,5602,6239,2026-05-05
永興,232.0,0,4000,5600,6239,2026-05-05
永興,228.5,0,4000,5600,6239,2026-05-05
永興,227.5,3000,0,5600,6239,2026-05-05
永興,226.0,2000,0,5600,6239,2026-05-05
永興,223.5,1000,0,5600,6239,2026-05-05
永興,220.5,1000,0,5600,6239,2026-05-05
第一中壢,235.0,0,1000,538Y,6239,2026-05-05
第一中壢,234.0,0,1000,538Y,6239,2026-05-05
第一中壢,230.5,0,25,538Y,6239,2026-05-05
第一中壢,229.0,0,1000,538Y,6239,2026-05-05
第一中壢,228.0,10,1000,538Y,6239,2026-05-05
第一中壢,227.0,1000,0,538Y,6239,2026-05-05
第一中壢,226.0,1000,0,538Y,6239,2026-05-05
第一中壢,224.5,4000,0,538Y,6239,2026-05-05
第一中壢,223.5,1100,0,538Y,6239,2026-05-05
第一中壢,222.5,100,0,538Y,6239,2026-05-05
第一中壢,221.0,1000,0,538Y,6239,2026-05-05
日進,227.5,2000,0,5660,6239,2026-05-05
統一基隆,230.0,3000,1000,585A,6239,2026-05-05
日進,230.0,0,300,5660,6239,2026-05-05
統一,220.5,1015,5,5850,6239,2026-05-05
統一中壢,229.0,0,40,5853,6239,2026-05-05
統一中壢,228.0,0,30,5853,6239,2026-05-05
統一中壢,227.0,0,40,5853,6239,2026-05-05
統一中壢,223.0,80,1000,5853,6239,2026-05-05
統一中壢,220.5,1000,0,5853,6239,2026-05-05
統一敦南,229.5,0,5200,5852,6239,2026-05-05
統一敦南,228.5,100,4,5852,6239,2026-05-05
統一敦南,227.5,2000,0,5852,6239,2026-05-05
統一敦南,226.5,1000,0,5852,6239,2026-05-05
統一敦南,221.0,1000,1000,5852,6239,2026-05-05
統一高雄,231.0,0,100,5851,6239,2026-05-05
統一高雄,227.0,0,3000,5851,6239,2026-05-05
統一高雄,226.0,1000,0,5851,6239,2026-05-05
統一高雄,224.0,3000,0,5851,6239,2026-05-05
統一,236.0,1000,0,5850,6239,2026-05-05
統一,235.0,4000,0,5850,6239,2026-05-05
統一,234.0,1000,2000,5850,6239,2026-05-05
統一,233.0,1000,0,5850,6239,2026-05-05
統一,232.0,1000,3000,5850,6239,2026-05-05
統一,231.0,2000,0,5850,6239,2026-05-05
統一,230.0,25000,4025,5850,6239,2026-05-05
統一,229.0,12000,10010,5850,6239,2026-05-05
統一,228.0,8100,5997,5850,6239,2026-05-05
統一,227.0,5102,13042,5850,6239,2026-05-05
統一,226.0,2000,5981,5850,6239,2026-05-05
統一,225.0,3000,13975,5850,6239,2026-05-05
統一,224.0,4000,7000,5850,6239,2026-05-05
統一,223.0,0,3050,5850,6239,2026-05-05
統一,222.0,0,7000,5850,6239,2026-05-05
日進,234.5,1000,0,5660,6239,2026-05-05
第一中壢,220.0,0,1000,538Y,6239,2026-05-05
統一基隆,232.0,2000,0,585A,6239,2026-05-05
統一內湖,224.5,0,2000,585b,6239,2026-05-05
統一板橋,231.5,1000,0,585P,6239,2026-05-05
統一板橋,227.0,1000,0,585P,6239,2026-05-05
統一板橋,224.5,0,5000,585P,6239,2026-05-05
統一板橋,222.0,5000,0,585P,6239,2026-05-05
統一士林,234.5,0,617,585M,6239,2026-05-05
統一士林,233.5,1000,1000,585M,6239,2026-05-05
統一士林,232.0,0,5000,585M,6239,2026-05-05
統一士林,229.5,0,1000,585M,6239,2026-05-05
統一士林,228.5,4100,0,585M,6239,2026-05-05
統一士林,227.0,20,0,585M,6239,2026-05-05
統一士林,225.0,30,50,585M,6239,2026-05-05
統一士林,223.5,0,1000,585M,6239,2026-05-05
統一士林,222.0,0,1000,585M,6239,2026-05-05
統一板橋,235.0,3000,0,585P,6239,2026-05-05
統一竹南,234.0,1000,0,585m,6239,2026-05-05
統一竹南,229.0,3000,0,585m,6239,2026-05-05
統一竹南,227.0,0,1000,585m,6239,2026-05-05
統一竹南,224.0,40,0,585m,6239,2026-05-05
統一竹南,222.5,100,0,585m,6239,2026-05-05
統一三重,236.0,0,1000,585J,6239,2026-05-05
統一三重,235.0,2000,1000,585J,6239,2026-05-05
統一三重,234.0,1000,0,585J,6239,2026-05-05
統一三重,232.0,2000,0,585J,6239,2026-05-05
統一三重,231.0,100,0,585J,6239,2026-05-05
統一三重,229.0,100,4000,585J,6239,2026-05-05
統一三重,227.5,2000,2000,585J,6239,2026-05-05
統一三重,226.5,0,2000,585J,6239,2026-05-05
統一三重,225.5,1000,0,585J,6239,2026-05-05
統一竹南,230.5,1000,0,585m,6239,2026-05-05
統一三多,221.0,1000,0,585Q,6239,2026-05-05
統一三多,224.5,1000,1000,585Q,6239,2026-05-05
統一三多,225.5,1000,0,585Q,6239,2026-05-05
統一金門,220.5,2000,0,585W,6239,2026-05-05
統一南京,230.0,5,0,585U,6239,2026-05-05
統一南京,229.0,0,2000,585U,6239,2026-05-05
統一南京,228.0,0,1000,585U,6239,2026-05-05
統一南京,226.0,160,0,585U,6239,2026-05-05
統一南京,225.0,1000,0,585U,6239,2026-05-05
統一南京,223.5,1000,3000,585U,6239,2026-05-05
統一南京,222.0,150,0,585U,6239,2026-05-05
統一宜蘭,235.0,0,5000,585S,6239,2026-05-05
統一宜蘭,234.0,0,1000,585S,6239,2026-05-05
統一宜蘭,230.0,0,1000,585S,6239,2026-05-05
統一宜蘭,228.0,0,3000,585S,6239,2026-05-05
統一宜蘭,226.5,0,1000,585S,6239,2026-05-05
統一宜蘭,225.5,1000,0,585S,6239,2026-05-05
統一宜蘭,224.5,0,1000,585S,6239,2026-05-05
統一宜蘭,220.0,2000,0,585S,6239,2026-05-05
統一東湖,236.0,0,48000,585R,6239,2026-05-05
統一東湖,235.0,1000,3000,585R,6239,2026-05-05
統一東湖,232.0,1000,0,585R,6239,2026-05-05
統一東湖,228.5,1000,0,585R,6239,2026-05-05
統一東湖,227.5,30000,20,585R,6239,2026-05-05
統一東湖,226.5,1000,0,585R,6239,2026-05-05
統一東湖,224.5,1000,1000,585R,6239,2026-05-05
統一東湖,221.0,0,1050,585R,6239,2026-05-05
統一東湖,220.0,1000,0,585R,6239,2026-05-05
統一三多,230.5,1000,0,585Q,6239,2026-05-05
統一三多,229.5,1000,0,585Q,6239,2026-05-05
統一三多,228.0,30,0,585Q,6239,2026-05-05
統一三多,227.0,30,0,585Q,6239,2026-05-05
統一三重,224.5,2000,0,585J,6239,2026-05-05
統一三重,223.5,1000,0,585J,6239,2026-05-05
統一三重,222.0,1000,0,585J,6239,2026-05-05
統一三重,221.0,3050,0,585J,6239,2026-05-05
統一新營,228.5,5,0,585E,6239,2026-05-05
統一新營,226.5,105,0,585E,6239,2026-05-05
統一新營,223.5,10,0,585E,6239,2026-05-05
統一新營,222.0,10,0,585E,6239,2026-05-05
統一新台中,236.0,0,2000,585D,6239,2026-05-05
統一新台中,235.0,0,2000,585D,6239,2026-05-05
統一新台中,234.0,1000,5000,585D,6239,2026-05-05
統一新台中,233.0,0,5000,585D,6239,2026-05-05
統一新台中,230.5,2000,0,585D,6239,2026-05-05
統一新台中,229.5,0,2000,585D,6239,2026-05-05
統一新台中,228.5,1000,0,585D,6239,2026-05-05
統一新台中,227.5,2250,12010,585D,6239,2026-05-05
統一新台中,225.0,1000,1000,585D,6239,2026-05-05
統一新台中,224.0,0,2000,585D,6239,2026-05-05
統一新台中,223.0,3000,0,585D,6239,2026-05-05
統一新台中,221.0,1000,0,585D,6239,2026-05-05
統一仁愛,234.5,0,1000,585c,6239,2026-05-05
統一仁愛,232.5,0,1000,585c,6239,2026-05-05
統一仁愛,231.5,1000,0,585c,6239,2026-05-05
統一仁愛,229.0,0,1000,585c,6239,2026-05-05
統一仁愛,228.0,1030,0,585c,6239,2026-05-05
統一仁愛,227.0,3000,3000,585c,6239,2026-05-05
統一仁愛,225.5,1000,0,585c,6239,2026-05-05
統一仁愛,223.5,1000,0,585c,6239,2026-05-05
統一仁愛,222.5,1000,0,585c,6239,2026-05-05
統一永和,231.5,0,120,585B,6239,2026-05-05
統一永和,223.0,1000,0,585B,6239,2026-05-05
統一內湖,230.0,1000,0,585b,6239,2026-05-05
統一內湖,227.5,0,3000,585b,6239,2026-05-05
統一新營,229.5,1000,6000,585E,6239,2026-05-05
統一內湖,223.0,1000,0,585b,6239,2026-05-05
統一新營,231.0,1000,2000,585E,6239,2026-05-05
統一彰化,220.5,1000,0,585F,6239,2026-05-05
統一三重,220.0,1000,0,585J,6239,2026-05-05
統一員林,232.0,0,230,585I,6239,2026-05-05
統一員林,229.0,1000,0,585I,6239,2026-05-05
統一員林,228.0,5000,0,585I,6239,2026-05-05
統一員林,227.0,7000,0,585I,6239,2026-05-05
統一員林,225.5,1000,0,585I,6239,2026-05-05
統一員林,223.5,1000,0,585I,6239,2026-05-05
統一桃園,233.5,0,1000,585H,6239,2026-05-05
統一桃園,232.0,1100,1000,585H,6239,2026-05-05
統一桃園,230.0,0,4000,585H,6239,2026-05-05
統一桃園,228.5,0,1000,585H,6239,2026-05-05
統一桃園,227.5,1000,0,585H,6239,2026-05-05
統一桃園,225.0,0,1000,585H,6239,2026-05-05
統一桃園,223.5,1000,0,585H,6239,2026-05-05
統一平鎮,236.0,0,1000,585g,6239,2026-05-05
統一平鎮,234.5,500,0,585g,6239,2026-05-05
統一平鎮,233.5,1000,0,585g,6239,2026-05-05
統一平鎮,232.0,0,1000,585g,6239,2026-05-05
統一平鎮,229.5,200,0,585g,6239,2026-05-05
統一平鎮,228.0,300,0,585g,6239,2026-05-05
統一平鎮,225.5,0,4000,585g,6239,2026-05-05
統一平鎮,222.0,100,0,585g,6239,2026-05-05
統一彰化,235.5,0,1000,585F,6239,2026-05-05
統一彰化,234.0,0,1000,585F,6239,2026-05-05
統一彰化,231.5,1000,0,585F,6239,2026-05-05
統一彰化,230.0,0,200,585F,6239,2026-05-05
統一彰化,229.0,1000,0,585F,6239,2026-05-05
統一彰化,227.5,1020,0,585F,6239,2026-05-05
統一彰化,226.5,1000,0,585F,6239,2026-05-05
統一新營,234.0,0,1000,585E,6239,2026-05-05
第一華江,232.5,10,0,538W,6239,2026-05-05
第一華江,230.0,10,1123,538W,6239,2026-05-05
第一華江,229.0,0,1000,538W,6239,2026-05-05
第一高雄,226.0,100,0,5383,6239,2026-05-05
第一高雄,224.0,6000,0,5383,6239,2026-05-05
第一高雄,223.0,300,0,5383,6239,2026-05-05
第一高雄,222.0,100,0,5383,6239,2026-05-05
第一台中,234.5,100,1,5382,6239,2026-05-05
第一台中,232.0,1000,2000,5382,6239,2026-05-05
第一台中,230.0,0,1000,5382,6239,2026-05-05
第一台中,228.0,1000,1100,5382,6239,2026-05-05
第一台中,224.5,4100,0,5382,6239,2026-05-05
第一員林,235.5,1000,0,5381,6239,2026-05-05
第一員林,234.0,1000,0,5381,6239,2026-05-05
第一員林,230.0,200,0,5381,6239,2026-05-05
第一員林,228.5,0,2000,5381,6239,2026-05-05
第一高雄,227.5,300,2000,5383,6239,2026-05-05
第一員林,227.5,1000,2000,5381,6239,2026-05-05
第一員林,224.0,20,0,5381,6239,2026-05-05
第一員林,222.5,1000,0,5381,6239,2026-05-05
第一金證,234.0,0,1000,5380,6239,2026-05-05
第一金證,232.0,1000,0,5380,6239,2026-05-05
第一金證,228.0,10,0,5380,6239,2026-05-05
第一金證,225.0,0,100,5380,6239,2026-05-05
第一金證,224.0,100,0,5380,6239,2026-05-05
第一金證,223.0,50,0,5380,6239,2026-05-05
第一金證,222.0,0,6000,5380,6239,2026-05-05
高橋內壢,229.5,0,100,5323,6239,2026-05-05
高橋內壢,228.0,0,2100,5323,6239,2026-05-05
高橋中壢,234.0,1000,0,5322,6239,2026-05-05
高橋中壢,227.0,1000,1000,5322,6239,2026-05-05
第一員林,226.0,0,1000,5381,6239,2026-05-05
第一高雄,228.5,100,0,5383,6239,2026-05-05
第一高雄,230.0,5200,0,5383,6239,2026-05-05
第一高雄,232.0,1000,0,5383,6239,2026-05-05
第一彰化,225.5,4000,0,5386,6239,2026-05-05
第一彰化,224.5,0,20,5386,6239,2026-05-05
第一彰化,223.0,69,0,5386,6239,2026-05-05
第一彰化,221.5,0,5000,5386,6239,2026-05-05
第一桃園,235.5,2000,1000,5385,6239,2026-05-05
第一桃園,234.5,1200,0,5385,6239,2026-05-05
第一桃園,233.5,0,3000,5385,6239,2026-05-05
第一桃園,232.5,5000,0,5385,6239,2026-05-05
第一桃園,231.5,200,1500,5385,6239,2026-05-05
第一桃園,230.5,300,0,5385,6239,2026-05-05
第一桃園,229.0,11000,4000,5385,6239,2026-05-05
第一桃園,228.0,291,1000,5385,6239,2026-05-05
第一桃園,227.0,11400,316,5385,6239,2026-05-05
第一桃園,226.0,100,0,5385,6239,2026-05-05
第一桃園,225.0,100,0,5385,6239,2026-05-05
第一桃園,223.5,4000,0,5385,6239,2026-05-05
第一桃園,222.5,1000,1000,5385,6239,2026-05-05
第一桃園,220.5,4000,1000,5385,6239,2026-05-05
第一台南,234.5,65,350,5384,6239,2026-05-05
第一台南,231.5,18,0,5384,6239,2026-05-05
第一台南,230.0,1220,0,5384,6239,2026-05-05
第一台南,229.0,500,1000,5384,6239,2026-05-05
第一台南,227.5,2,2100,5384,6239,2026-05-05
第一台南,226.0,1040,0,5384,6239,2026-05-05
第一台南,224.5,0,1050,5384,6239,2026-05-05
第一台南,223.5,2000,0,5384,6239,2026-05-05
第一台南,222.0,120,1000,5384,6239,2026-05-05
第一台南,220.0,0,2000,5384,6239,2026-05-05
第一高雄,234.5,1000,0,5383,6239,2026-05-05
高橋中壢,222.0,1000,0,5322,6239,2026-05-05
高橋龍潭,234.0,4000,0,5321,6239,2026-05-05
高橋龍潭,231.5,1000,0,5321,6239,2026-05-05
高橋龍潭,228.5,4000,0,5321,6239,2026-05-05
美好中壢,227.5,0,1000,5266,6239,2026-05-05
美好中壢,226.5,0,1000,5266,6239,2026-05-05
美好中壢,225.0,0,1000,5266,6239,2026-05-05
美好中壢,223.5,1000,1000,5266,6239,2026-05-05
美好中壢,222.0,1000,0,5266,6239,2026-05-05
美好中壢,220.5,2000,0,5266,6239,2026-05-05
美好苗栗,234.0,0,1000,5265,6239,2026-05-05
美好苗栗,228.5,0,1000,5265,6239,2026-05-05
美好苗栗,225.0,0,1000,5265,6239,2026-05-05
美好高雄,228.0,1000,0,5264,6239,2026-05-05
美好泰山,232.0,0,230,5263,6239,2026-05-05
美好泰山,229.0,1000,0,5263,6239,2026-05-05
美好楊梅,234.0,3000,0,5262,6239,2026-05-05
美好楊梅,231.5,100,0,5262,6239,2026-05-05
美好楊梅,229.0,100,2000,5262,6239,2026-05-05
美好楊梅,228.0,4000,2000,5262,6239,2026-05-05
美好楊梅,226.5,2000,1000,5262,6239,2026-05-05
美好楊梅,224.5,1000,0,5262,6239,2026-05-05
美好楊梅,223.0,3000,0,5262,6239,2026-05-05
美好楊梅,220.0,1000,0,5262,6239,2026-05-05
美好蘆洲,235.0,2000,0,5261,6239,2026-05-05
美好蘆洲,234.0,1000,0,5261,6239,2026-05-05
美好蘆洲,230.0,1000,1000,5261,6239,2026-05-05
美好蘆洲,228.0,2500,1000,5261,6239,2026-05-05
美好蘆洲,227.0,1000,4000,5261,6239,2026-05-05
美好蘆洲,226.0,0,1000,5261,6239,2026-05-05
美好蘆洲,222.5,1200,0,5261,6239,2026-05-05
美好蘆洲,221.0,1000,0,5261,6239,2026-05-05
美好,235.5,3000,0,5260,6239,2026-05-05
美好中壢,229.0,0,4000,5266,6239,2026-05-05
第一彰化,227.0,1000,0,5386,6239,2026-05-05
美好中壢,234.5,0,1000,5266,6239,2026-05-05
美好基隆,234.0,2000,0,5267,6239,2026-05-05
高橋龍潭,227.5,200,0,5321,6239,2026-05-05
高橋龍潭,226.5,1000,0,5321,6239,2026-05-05
高橋龍潭,224.0,0,100,5321,6239,2026-05-05
高橋龍潭,222.5,1000,0,5321,6239,2026-05-05
高橋,235.0,1000,0,5320,6239,2026-05-05
高橋,234.0,1000,3000,5320,6239,2026-05-05
高橋,231.0,0,100,5320,6239,2026-05-05
高橋,230.0,1000,1000,5320,6239,2026-05-05
高橋,228.0,1000,0,5320,6239,2026-05-05
高橋,226.0,0,1000,5320,6239,2026-05-05
高橋,224.0,2000,0,5320,6239,2026-05-05
高橋,223.0,1000,0,5320,6239,2026-05-05
美好市政,230.5,0,1000,526M,6239,2026-05-05
美好市政,229.5,0,1000,526M,6239,2026-05-05
美好市政,228.0,0,1000,526M,6239,2026-05-05
美好市政,226.0,0,1000,526M,6239,2026-05-05
美好市政,221.5,1000,0,526M,6239,2026-05-05
美好富順,234.0,0,1000,526K,6239,2026-05-05
美好富順,228.0,1000,0,526K,6239,2026-05-05
美好富順,226.5,6000,0,526K,6239,2026-05-05
美好富順,225.0,200,0,526K,6239,2026-05-05
美好富順,223.5,100,0,526K,6239,2026-05-05
美好中和,236.0,0,1000,526A,6239,2026-05-05
美好中和,230.0,0,2000,526A,6239,2026-05-05
美好中和,222.5,0,1000,526A,6239,2026-05-05
美好台南,226.5,0,1000,5268,6239,2026-05-05
美好台南,223.5,0,1000,5268,6239,2026-05-05
美好台南,220.5,1000,0,5268,6239,2026-05-05
美好基隆,235.5,0,1000,5267,6239,2026-05-05
美好基隆,227.5,3000,0,5267,6239,2026-05-05
第一彰化,228.0,5000,1000,5386,6239,2026-05-05
第一彰化,229.0,66,0,5386,6239,2026-05-05
第一彰化,230.5,1170,0,5386,6239,2026-05-05
第一嘉義,225.5,200,0,538M,6239,2026-05-05
第一嘉義,224.5,4011,0,538M,6239,2026-05-05
第一嘉義,223.5,6000,0,538M,6239,2026-05-05
第一嘉義,222.5,1000,0,538M,6239,2026-05-05
第一嘉義,221.0,2010,0,538M,6239,2026-05-05
第一安和,230.0,1000,0,538j,6239,2026-05-05
第一安和,228.0,1000,2000,538j,6239,2026-05-05
第一安和,226.5,1000,1000,538j,6239,2026-05-05
第一頭份,235.5,0,1000,538I,6239,2026-05-05
第一頭份,234.5,200,0,538I,6239,2026-05-05
第一頭份,233.0,1000,2000,538I,6239,2026-05-05
第一頭份,231.5,100,0,538I,6239,2026-05-05
第一頭份,229.0,4000,4000,538I,6239,2026-05-05
第一頭份,227.5,0,4000,538I,6239,2026-05-05
第一頭份,226.0,0,2000,538I,6239,2026-05-05
第一頭份,225.0,1000,0,538I,6239,2026-05-05
第一頭份,223.5,1000,0,538I,6239,2026-05-05
第一頭份,222.5,0,1000,538I,6239,2026-05-05
第一稻埕,235.5,1000,0,538F,6239,2026-05-05
第一稻埕,229.0,1000,0,538F,6239,2026-05-05
第一稻埕,226.5,0,1000,538F,6239,2026-05-05
第一稻埕,225.5,13000,3000,538F,6239,2026-05-05
第一稻埕,224.0,0,10,538F,6239,2026-05-05
第一稻埕,222.5,1000,0,538F,6239,2026-05-05
第一稻埕,220.5,1000,0,538F,6239,2026-05-05
第一自由,235.5,0,1000,538E,6239,2026-05-05
第一自由,234.5,1021,0,538E,6239,2026-05-05
第一自由,232.0,3000,0,538E,6239,2026-05-05
第一自由,230.0,1000,0,538E,6239,2026-05-05
第一嘉義,227.0,2000,5035,538M,6239,2026-05-05
第一自由,229.0,1000,1000,538E,6239,2026-05-05
第一嘉義,228.0,0,1065,538M,6239,2026-05-05
第一嘉義,232.5,0,3000,538M,6239,2026-05-05
第一華江,228.0,4050,9000,538W,6239,2026-05-05
第一華江,227.0,1000,3001,538W,6239,2026-05-05
第一華江,225.0,1010,1000,538W,6239,2026-05-05
第一華江,224.0,5080,0,538W,6239,2026-05-05
第一華江,222.5,1000,0,538W,6239,2026-05-05
第一華江,221.0,3000,0,538W,6239,2026-05-05
第一路竹,236.0,5000,0,538P,6239,2026-05-05
第一路竹,233.0,250,0,538P,6239,2026-05-05
第一路竹,231.5,1000,50,538P,6239,2026-05-05
第一路竹,230.0,0,600,538P,6239,2026-05-05
第一路竹,228.5,115,0,538P,6239,2026-05-05
第一路竹,227.0,0,2000,538P,6239,2026-05-05
第一路竹,226.0,1000,1000,538P,6239,2026-05-05
第一路竹,225.0,0,3000,538P,6239,2026-05-05
第一路竹,224.0,0,500,538P,6239,2026-05-05
第一路竹,223.0,3000,0,538P,6239,2026-05-05
第一路竹,222.0,4000,0,538P,6239,2026-05-05
第一路竹,220.5,1000,0,538P,6239,2026-05-05
第一豐原,234.5,0,2700,538N,6239,2026-05-05
第一豐原,233.5,0,1000,538N,6239,2026-05-05
第一豐原,230.0,5,1000,538N,6239,2026-05-05
第一豐原,229.0,2000,1000,538N,6239,2026-05-05
第一豐原,228.0,10,300,538N,6239,2026-05-05
第一豐原,227.0,1000,1000,538N,6239,2026-05-05
第一豐原,225.0,10,4000,538N,6239,2026-05-05
第一豐原,224.0,5000,0,538N,6239,2026-05-05
第一豐原,222.0,100,0,538N,6239,2026-05-05
第一嘉義,235.5,1000,7000,538M,6239,2026-05-05
第一嘉義,234.5,100,0,538M,6239,2026-05-05
第一嘉義,229.0,0,2000,538M,6239,2026-05-05
美好,231.5,100,0,5260,6239,2026-05-05
第一自由,227.5,3000,5000,538E,6239,2026-05-05
第一自由,225.0,2000,1000,538E,6239,2026-05-05
第一新竹,220.5,3000,0,538B,6239,2026-05-05
第一新興,234.5,0,100,538A,6239,2026-05-05
第一新興,233.0,1000,0,538A,6239,2026-05-05
第一新興,231.5,1000,0,538A,6239,2026-05-05
第一新興,230.5,1000,0,538A,6239,2026-05-05
第一新興,229.5,100,0,538A,6239,2026-05-05
第一新興,228.5,100,0,538A,6239,2026-05-05
第一新興,227.5,3000,1100,538A,6239,2026-05-05
第一新興,226.0,100,0,538A,6239,2026-05-05
第一新興,224.5,0,1000,538A,6239,2026-05-05
第一新興,223.5,100,0,538A,6239,2026-05-05
第一新興,222.0,1100,1000,538A,6239,2026-05-05
第一新興,220.0,2000,0,538A,6239,2026-05-05
第一中山,227.5,2000,0,5389,6239,2026-05-05
第一中山,223.0,1050,0,5389,6239,2026-05-05
第一澎湖,235.5,0,2000,5387,6239,2026-05-05
第一澎湖,234.0,0,1000,5387,6239,2026-05-05
第一澎湖,232.5,1000,0,5387,6239,2026-05-05
第一澎湖,230.0,1000,0,5387,6239,2026-05-05
第一澎湖,229.0,0,55000,5387,6239,2026-05-05
第一澎湖,228.0,50,1000,5387,6239,2026-05-05
第一澎湖,226.5,20050,0,5387,6239,2026-05-05
第一澎湖,225.5,300,0,5387,6239,2026-05-05
第一澎湖,223.0,1000,0,5387,6239,2026-05-05
第一澎湖,222.0,100,500,5387,6239,2026-05-05
第一澎湖,221.0,1000,0,5387,6239,2026-05-05
第一彰化,236.0,0,1000,5386,6239,2026-05-05
第一彰化,234.5,87,297,5386,6239,2026-05-05
第一彰化,233.0,65,0,5386,6239,2026-05-05
第一新竹,222.0,300,0,538B,6239,2026-05-05
第一自由,226.5,2000,2000,538E,6239,2026-05-05
第一新竹,223.5,2000,0,538B,6239,2026-05-05
第一新竹,226.0,5000,2030,538B,6239,2026-05-05
第一自由,223.5,1000,0,538E,6239,2026-05-05
第一自由,222.0,10,0,538E,6239,2026-05-05
第一自由,220.5,200,0,538E,6239,2026-05-05
第一忠孝,234.0,0,1000,538D,6239,2026-05-05
第一忠孝,232.5,0,1000,538D,6239,2026-05-05
第一忠孝,231.0,1000,0,538D,6239,2026-05-05
第一忠孝,229.5,2,0,538D,6239,2026-05-05
第一忠孝,228.5,100,0,538D,6239,2026-05-05
第一忠孝,225.0,1000,0,538D,6239,2026-05-05
第一忠孝,223.5,1000,0,538D,6239,2026-05-05
第一忠孝,222.0,2000,1000,538D,6239,2026-05-05
第一光復,236.5,0,1000,538C,6239,2026-05-05
第一光復,234.5,2000,0,538C,6239,2026-05-05
第一光復,233.0,1000,0,538C,6239,2026-05-05
第一光復,230.5,1000,200,538C,6239,2026-05-05
第一光復,228.5,1100,0,538C,6239,2026-05-05
第一光復,227.5,330,0,538C,6239,2026-05-05
第一光復,226.5,2000,2000,538C,6239,2026-05-05
第一光復,225.0,1000,0,538C,6239,2026-05-05
第一光復,224.0,1000,0,538C,6239,2026-05-05
第一光復,222.5,1100,2000,538C,6239,2026-05-05
第一新竹,235.5,2000,0,538B,6239,2026-05-05
第一新竹,234.5,0,100,538B,6239,2026-05-05
第一新竹,233.5,2000,0,538B,6239,2026-05-05
第一新竹,232.0,0,2000,538B,6239,2026-05-05
第一新竹,230.0,0,1535,538B,6239,2026-05-05
第一新竹,229.0,0,3247,538B,6239,2026-05-05
第一新竹,228.0,11100,7000,538B,6239,2026-05-05
第一新竹,227.0,3100,3000,538B,6239,2026-05-05
第一新竹,225.0,0,1000,538B,6239,2026-05-05
合庫台中,223.5,4000,0,1021,6239,2026-05-05
合庫台中,222.5,7000,0,1021,6239,2026-05-05
合庫台中,221.5,3000,0,1021,6239,2026-05-05
永豐台中,227.5,0,2500,9A9L,6239,2026-05-05
永豐台中,226.5,100,1000,9A9L,6239,2026-05-05
永豐台中,225.0,100,2000,9A9L,6239,2026-05-05
永豐台中,224.0,1000,0,9A9L,6239,2026-05-05
永豐台中,223.0,115,0,9A9L,6239,2026-05-05
永豐台中,221.5,10,1000,9A9L,6239,2026-05-05
永豐台中,220.5,1100,0,9A9L,6239,2026-05-05
永豐三重,234.5,200,0,9A9K,6239,2026-05-05
永豐三重,232.5,1000,0,9A9K,6239,2026-05-05
永豐三重,230.0,1,50,9A9K,6239,2026-05-05
永豐三重,229.0,0,2000,9A9K,6239,2026-05-05
永豐三重,228.0,70,0,9A9K,6239,2026-05-05
永豐三重,227.0,4000,0,9A9K,6239,2026-05-05
永豐台中,228.5,3035,0,9A9L,6239,2026-05-05
永豐三重,226.0,1000,100,9A9K,6239,2026-05-05
永豐三重,223.0,410,3000,9A9K,6239,2026-05-05
永豐三重,221.5,1000,0,9A9K,6239,2026-05-05
永豐三重,220.5,1050,0,9A9K,6239,2026-05-05
永豐板新,235.5,1000,11000,9A9J,6239,2026-05-05
永豐板新,234.0,7000,1000,9A9J,6239,2026-05-05
永豐板新,233.0,150,0,9A9J,6239,2026-05-05
永豐板新,232.0,1010,1000,9A9J,6239,2026-05-05
永豐板新,230.5,5000,0,9A9J,6239,2026-05-05
永豐板新,229.5,5363,30,9A9J,6239,2026-05-05
永豐板新,228.5,6000,12000,9A9J,6239,2026-05-05
永豐板新,227.5,2150,1220,9A9J,6239,2026-05-05
永豐板新,226.0,64,0,9A9J,6239,2026-05-05
永豐板新,225.0,10030,0,9A9J,6239,2026-05-05
永豐三重,224.5,4000,0,9A9K,6239,2026-05-05
永豐台中,229.5,1041,2000,9A9L,6239,2026-05-05
永豐台中,230.5,0,30,9A9L,6239,2026-05-05
永豐台中,232.0,3040,2000,9A9L,6239,2026-05-05
永豐竹北,230.0,1005,200,9A9P,6239,2026-05-05
永豐竹北,228.0,0,4000,9A9P,6239,2026-05-05
永豐竹北,227.0,3397,1000,9A9P,6239,2026-05-05
永豐竹北,226.0,100,0,9A9P,6239,2026-05-05
永豐竹北,224.0,1000,1000,9A9P,6239,2026-05-05
永豐竹北,220.5,2000,0,9A9P,6239,2026-05-05
永豐桃盛,235.0,3000,0,9A9N,6239,2026-05-05
永豐桃盛,234.0,1000,0,9A9N,6239,2026-05-05
永豐桃盛,232.5,1000,0,9A9N,6239,2026-05-05
永豐桃盛,231.0,22,0,9A9N,6239,2026-05-05
永豐桃盛,228.5,43,0,9A9N,6239,2026-05-05
永豐桃盛,227.5,1000,24000,9A9N,6239,2026-05-05
永豐桃盛,226.5,0,1000,9A9N,6239,2026-05-05
永豐桃盛,225.0,0,1000,9A9N,6239,2026-05-05
永豐桃盛,223.5,1000,0,9A9N,6239,2026-05-05
永豐桃盛,222.5,2000,0,9A9N,6239,2026-05-05
永豐桃盛,220.5,11010,100,9A9N,6239,2026-05-05
永豐南投,234.0,1000,0,9A9M,6239,2026-05-05
永豐南投,233.0,500,0,9A9M,6239,2026-05-05
永豐南投,231.0,0,100,9A9M,6239,2026-05-05
永豐南投,229.5,1000,5200,9A9M,6239,2026-05-05
永豐南投,228.0,200,500,9A9M,6239,2026-05-05
永豐南投,227.0,3000,0,9A9M,6239,2026-05-05
永豐南投,226.0,0,1000,9A9M,6239,2026-05-05
永豐南投,225.0,0,6000,9A9M,6239,2026-05-05
永豐南投,222.0,0,1000,9A9M,6239,2026-05-05
永豐台中,235.0,1000,0,9A9L,6239,2026-05-05
永豐台中,234.0,3000,0,9A9L,6239,2026-05-05
永豐台中,233.0,1000,0,9A9L,6239,2026-05-05
永豐板新,223.5,310,0,9A9J,6239,2026-05-05
永豐板新,222.5,10021,2000,9A9J,6239,2026-05-05
永豐板新,221.5,41000,0,9A9J,6239,2026-05-05
永豐板新,220.0,2000,0,9A9J,6239,2026-05-05
永豐台南,233.5,3000,0,9A9h,6239,2026-05-05
永豐台南,232.5,50,290,9A9h,6239,2026-05-05
永豐台南,231.5,100,0,9A9h,6239,2026-05-05
永豐台南,230.5,50,1000,9A9h,6239,2026-05-05
永豐台南,229.5,100,0,9A9h,6239,2026-05-05
永豐台南,228.5,700,1300,9A9h,6239,2026-05-05
永豐台南,227.5,4400,2000,9A9h,6239,2026-05-05
永豐台南,226.5,100,5100,9A9h,6239,2026-05-05
永豐台南,225.5,50,2160,9A9h,6239,2026-05-05
永豐台南,224.5,1000,0,9A9h,6239,2026-05-05
永豐台南,223.0,3150,1050,9A9h,6239,2026-05-05
永豐台南,222.0,50,0,9A9h,6239,2026-05-05
永豐台南,221.0,2000,0,9A9h,6239,2026-05-05
永豐台南,220.0,1000,0,9A9h,6239,2026-05-05
永豐天母,235.0,2000,1000,9A9G,6239,2026-05-05
永豐天母,234.0,1000,0,9A9G,6239,2026-05-05
永豐天母,233.0,1000,0,9A9G,6239,2026-05-05
永豐天母,231.5,1000,0,9A9G,6239,2026-05-05
永豐天母,230.0,1000,1000,9A9G,6239,2026-05-05
永豐天母,228.0,1000,0,9A9G,6239,2026-05-05
永豐天母,226.5,3000,0,9A9G,6239,2026-05-05
永豐天母,223.0,100,0,9A9G,6239,2026-05-05
永豐天母,221.5,0,20,9A9G,6239,2026-05-05
永豐內湖,236.0,1000,0,9A9g,6239,2026-05-05
永豐內湖,234.5,20,0,9A9g,6239,2026-05-05
永豐內湖,232.5,0,2000,9A9g,6239,2026-05-05
永豐內湖,229.5,0,1000,9A9g,6239,2026-05-05
永豐內湖,227.5,0,25000,9A9g,6239,2026-05-05
永豐內湖,226.5,0,37000,9A9g,6239,2026-05-05
永豐台南,234.5,2000,0,9A9h,6239,2026-05-05
永豐竹北,231.0,0,50,9A9P,6239,2026-05-05
永豐台南,235.5,3000,0,9A9h,6239,2026-05-05
永豐新莊,222.5,5025,0,9A9H,6239,2026-05-05
永豐嘉義,234.5,3000,2000,9A9j,6239,2026-05-05
永豐嘉義,232.5,1000,0,9A9j,6239,2026-05-05
永豐嘉義,230.0,100,200,9A9j,6239,2026-05-05
永豐嘉義,228.5,1000,1000,9A9j,6239,2026-05-05
永豐嘉義,227.5,2000,200,9A9j,6239,2026-05-05
永豐嘉義,226.5,10000,20000,9A9j,6239,2026-05-05
永豐嘉義,224.5,0,20000,9A9j,6239,2026-05-05
永豐嘉義,223.5,100,0,9A9j,6239,2026-05-05
永豐嘉義,222.5,400,30000,9A9j,6239,2026-05-05
永豐新店,235.5,0,7000,9A9i,6239,2026-05-05
永豐新店,234.5,100,100,9A9i,6239,2026-05-05
永豐新店,232.0,0,1000,9A9i,6239,2026-05-05
永豐新店,231.0,0,2000,9A9i,6239,2026-05-05
永豐新店,228.5,100,0,9A9i,6239,2026-05-05
永豐新店,227.5,200,2000,9A9i,6239,2026-05-05
永豐新店,226.5,1000,0,9A9i,6239,2026-05-05
永豐新店,225.5,1000,0,9A9i,6239,2026-05-05
永豐新店,224.0,1000,0,9A9i,6239,2026-05-05
永豐新店,222.5,0,1000,9A9i,6239,2026-05-05
永豐新莊,235.0,2000,0,9A9H,6239,2026-05-05
永豐新莊,234.0,1000,1000,9A9H,6239,2026-05-05
永豐新莊,232.5,5000,5,9A9H,6239,2026-05-05
永豐新莊,230.5,5000,0,9A9H,6239,2026-05-05
永豐新莊,229.0,3000,25200,9A9H,6239,2026-05-05
永豐新莊,228.0,102,302,9A9H,6239,2026-05-05
永豐新莊,227.0,1000,1000,9A9H,6239,2026-05-05
永豐新莊,226.0,1000,0,9A9H,6239,2026-05-05
永豐新莊,225.0,5000,0,9A9H,6239,2026-05-05
永豐新莊,224.0,1000,150,9A9H,6239,2026-05-05
永豐新莊,221.0,300,0,9A9H,6239,2026-05-05
永豐內湖,225.5,0,5000,9A9g,6239,2026-05-05
永豐竹北,232.5,1000,0,9A9P,6239,2026-05-05
永豐竹北,235.5,1000,0,9A9P,6239,2026-05-05
永豐竹科,223.0,6500,1000,9A9X,6239,2026-05-05
永豐竹科,222.0,2025,0,9A9X,6239,2026-05-05
永豐竹科,221.0,1000,0,9A9X,6239,2026-05-05
永豐竹科,220.0,0,2000,9A9X,6239,2026-05-05
永豐桃園,235.5,1000,0,9A9x,6239,2026-05-05
永豐桃園,232.0,3000,3000,9A9x,6239,2026-05-05
永豐桃園,230.0,1462,67,9A9x,6239,2026-05-05
永豐桃園,229.0,2000,3000,9A9x,6239,2026-05-05
永豐桃園,228.0,2000,5100,9A9x,6239,2026-05-05
永豐桃園,227.0,1000,3000,9A9x,6239,2026-05-05
永豐桃園,226.0,2000,0,9A9x,6239,2026-05-05
永豐桃園,225.0,2000,5000,9A9x,6239,2026-05-05
永豐桃園,224.0,0,1000,9A9x,6239,2026-05-05
永豐竹科,224.0,4305,0,9A9X,6239,2026-05-05
永豐桃園,223.0,2000,1000,9A9x,6239,2026-05-05
永豐桃園,221.0,1100,0,9A9x,6239,2026-05-05
永豐市政,236.0,0,1000,9A9W,6239,2026-05-05
永豐市政,235.0,1000,0,9A9W,6239,2026-05-05
永豐市政,234.0,1000,4000,9A9W,6239,2026-05-05
永豐市政,233.0,2000,0,9A9W,6239,2026-05-05
永豐市政,232.0,4000,1213,9A9W,6239,2026-05-05
永豐市政,231.0,1000,0,9A9W,6239,2026-05-05
永豐市政,230.0,3150,1650,9A9W,6239,2026-05-05
永豐市政,229.0,4050,6000,9A9W,6239,2026-05-05
永豐市政,228.0,16230,5020,9A9W,6239,2026-05-05
永豐市政,227.0,20,5150,9A9W,6239,2026-05-05
永豐市政,226.0,6202,200,9A9W,6239,2026-05-05
永豐市政,225.0,3000,1000,9A9W,6239,2026-05-05
永豐桃園,222.0,1000,0,9A9x,6239,2026-05-05
永豐竹科,225.0,5,0,9A9X,6239,2026-05-05
永豐竹科,226.0,50,4000,9A9X,6239,2026-05-05
永豐竹科,227.0,3000,0,9A9X,6239,2026-05-05
永豐復興,234.0,0,1000,9A9Z,6239,2026-05-05
永豐復興,230.5,1000,0,9A9Z,6239,2026-05-05
永豐復興,229.5,110,60,9A9Z,6239,2026-05-05
永豐復興,227.0,0,1000,9A9Z,6239,2026-05-05
永豐復興,225.0,1000,0,9A9Z,6239,2026-05-05
永豐復興,223.0,1000,0,9A9Z,6239,2026-05-05
永豐復興,221.5,300,10000,9A9Z,6239,2026-05-05
永豐復興,220.5,110,0,9A9Z,6239,2026-05-05
永豐板盛,236.0,1000,0,9A9Y,6239,2026-05-05
永豐板盛,235.0,1000,0,9A9Y,6239,2026-05-05
永豐板盛,233.5,1000,0,9A9Y,6239,2026-05-05
永豐板盛,232.0,1000,1000,9A9Y,6239,2026-05-05
永豐板盛,230.5,2000,0,9A9Y,6239,2026-05-05
永豐板盛,229.0,1000,5000,9A9Y,6239,2026-05-05
永豐板盛,228.0,1000,1570,9A9Y,6239,2026-05-05
永豐板盛,227.0,1000,0,9A9Y,6239,2026-05-05
永豐板盛,225.5,1000,0,9A9Y,6239,2026-05-05
永豐板盛,223.5,35,0,9A9Y,6239,2026-05-05
永豐板盛,222.5,1020,0,9A9Y,6239,2026-05-05
永豐板盛,221.5,0,2000,9A9Y,6239,2026-05-05
永豐板盛,220.5,0,4000,9A9Y,6239,2026-05-05
永豐竹科,236.0,0,4000,9A9X,6239,2026-05-05
永豐竹科,235.0,5000,0,9A9X,6239,2026-05-05
永豐竹科,234.0,2000,0,9A9X,6239,2026-05-05
永豐竹科,232.5,1000,0,9A9X,6239,2026-05-05
永豐竹科,231.5,100,0,9A9X,6239,2026-05-05
永豐竹科,230.0,260,1600,9A9X,6239,2026-05-05
永豐竹科,229.0,1150,3000,9A9X,6239,2026-05-05
永豐竹科,228.0,6300,2510,9A9X,6239,2026-05-05
永豐市政,224.0,3125,600,9A9W,6239,2026-05-05
永豐市政,223.0,7060,2000,9A9W,6239,2026-05-05
永豐市政,222.0,7000,1000,9A9W,6239,2026-05-05
永豐市政,221.0,1000,0,9A9W,6239,2026-05-05
永豐信義,233.0,100,0,9A9R,6239,2026-05-05
永豐信義,231.5,1000,0,9A9R,6239,2026-05-05
永豐信義,229.5,111,0,9A9R,6239,2026-05-05
永豐信義,227.5,0,1004,9A9R,6239,2026-05-05
永豐信義,226.5,0,4000,9A9R,6239,2026-05-05
永豐信義,225.0,5000,0,9A9R,6239,2026-05-05
永豐信義,223.0,1100,0,9A9R,6239,2026-05-05
永豐北高,235.0,0,1000,9A9r,6239,2026-05-05
永豐北高,234.0,0,30,9A9r,6239,2026-05-05
永豐北高,232.0,4000,0,9A9r,6239,2026-05-05
永豐北高,230.0,25,1600,9A9r,6239,2026-05-05
永豐北高,229.0,2000,0,9A9r,6239,2026-05-05
永豐北高,227.0,1300,1000,9A9r,6239,2026-05-05
永豐北高,225.0,0,135,9A9r,6239,2026-05-05
永豐北高,224.0,10,1000,9A9r,6239,2026-05-05
永豐北高,223.0,2000,0,9A9r,6239,2026-05-05
永豐北高,222.0,1000,0,9A9r,6239,2026-05-05
永豐豐原,234.0,1000,0,9A9Q,6239,2026-05-05
永豐豐原,230.0,607,0,9A9Q,6239,2026-05-05
永豐豐原,228.5,0,300,9A9Q,6239,2026-05-05
永豐豐原,227.5,1000,0,9A9Q,6239,2026-05-05
永豐豐原,225.5,0,1000,9A9Q,6239,2026-05-05
永豐豐原,223.5,100,300,9A9Q,6239,2026-05-05
永豐豐原,221.5,100,0,9A9Q,6239,2026-05-05
永豐潮州,234.5,100,0,9A9q,6239,2026-05-05
永豐潮州,230.0,0,200,9A9q,6239,2026-05-05
永豐潮州,228.0,0,1050,9A9q,6239,2026-05-05
永豐潮州,224.5,1000,0,9A9q,6239,2026-05-05
永豐潮州,223.5,1000,0,9A9q,6239,2026-05-05
永豐彰化,220.0,1010,0,9A9s,6239,2026-05-05
永豐竹北,234.0,3000,0,9A9P,6239,2026-05-05
永豐彰化,222.5,3000,0,9A9s,6239,2026-05-05
永豐彰化,225.0,50,0,9A9s,6239,2026-05-05
永豐市政,220.0,1000,0,9A9W,6239,2026-05-05
永豐中正,235.0,1000,1000,9A9U,6239,2026-05-05
永豐中正,233.0,100,0,9A9U,6239,2026-05-05
永豐中正,232.0,2000,1030,9A9U,6239,2026-05-05
永豐中正,231.0,1000,0,9A9U,6239,2026-05-05
永豐中正,230.0,1100,2500,9A9U,6239,2026-05-05
永豐中正,229.0,0,1000,9A9U,6239,2026-05-05
永豐中正,228.0,4040,2100,9A9U,6239,2026-05-05
永豐中正,227.0,75,2000,9A9U,6239,2026-05-05
永豐中正,226.0,0,132,9A9U,6239,2026-05-05
永豐中正,225.0,1200,2000,9A9U,6239,2026-05-05
永豐中正,224.0,225,1020,9A9U,6239,2026-05-05
永豐中正,223.0,3050,80,9A9U,6239,2026-05-05
永豐中正,222.0,50,0,9A9U,6239,2026-05-05
永豐中正,221.0,1000,0,9A9U,6239,2026-05-05
永豐中正,220.0,0,392,9A9U,6239,2026-05-05
永豐南京,234.5,100,0,9A9S,6239,2026-05-05
永豐南京,233.5,0,1000,9A9S,6239,2026-05-05
永豐南京,228.0,0,1000,9A9S,6239,2026-05-05
永豐南京,227.0,0,1000,9A9S,6239,2026-05-05
永豐南京,224.5,1035,0,9A9S,6239,2026-05-05
永豐南京,222.5,1000,0,9A9S,6239,2026-05-05
永豐南京,220.5,1000,0,9A9S,6239,2026-05-05
永豐彰化,234.0,1000,0,9A9s,6239,2026-05-05
永豐彰化,232.0,1000,0,9A9s,6239,2026-05-05
永豐彰化,230.5,1000,0,9A9s,6239,2026-05-05
永豐彰化,228.5,10,0,9A9s,6239,2026-05-05
永豐彰化,227.5,100,3000,9A9s,6239,2026-05-05
永豐彰化,226.0,3000,0,9A9s,6239,2026-05-05
永豐彰化,224.0,4000,0,9A9s,6239,2026-05-05
永豐內湖,224.5,0,2000,9A9g,6239,2026-05-05
永豐內湖,223.0,1000,6000,9A9g,6239,2026-05-05
永豐內湖,221.0,0,15000,9A9g,6239,2026-05-05
永豐敦北,227.0,0,1000,9A89,6239,2026-05-05
永豐敦北,226.0,1000,0,9A89,6239,2026-05-05
永豐敦北,224.5,2000,6010,9A89,6239,2026-05-05
永豐敦北,223.5,0,100,9A89,6239,2026-05-05
永豐敦北,221.5,0,100,9A89,6239,2026-05-05
永豐匯立,236.0,1000,0,9A81,6239,2026-05-05
永豐匯立,234.5,2000,0,9A81,6239,2026-05-05
永豐匯立,233.5,3000,0,9A81,6239,2026-05-05
永豐匯立,232.0,7000,0,9A81,6239,2026-05-05
永豐匯立,230.5,2000,0,9A81,6239,2026-05-05
永豐匯立,229.5,3000,0,9A81,6239,2026-05-05
永豐匯立,228.5,5000,0,9A81,6239,2026-05-05
永豐匯立,227.5,17000,0,9A81,6239,2026-05-05
永豐敦北,228.0,2,1000,9A89,6239,2026-05-05
永豐匯立,226.5,5000,0,9A81,6239,2026-05-05
永豐匯立,224.0,2000,0,9A81,6239,2026-05-05
永豐匯立,223.0,5000,0,9A81,6239,2026-05-05
永豐匯立,222.0,1000,0,9A81,6239,2026-05-05
永豐匯立,221.0,3000,0,9A81,6239,2026-05-05
永豐埔里,235.5,1000,0,9A79,6239,2026-05-05
永豐埔里,233.5,2000,0,9A79,6239,2026-05-05
永豐埔里,229.5,100,0,9A79,6239,2026-05-05
永豐埔里,228.5,900,0,9A79,6239,2026-05-05
永豐埔里,227.5,2125,3000,9A79,6239,2026-05-05
永豐埔里,226.5,1000,0,9A79,6239,2026-05-05
永豐埔里,224.0,1000,0,9A79,6239,2026-05-05
永豐埔里,222.0,6000,0,9A79,6239,2026-05-05
永豐屏東,234.0,1000,0,9A69,6239,2026-05-05
永豐匯立,225.5,4000,0,9A81,6239,2026-05-05
永豐敦北,229.0,1200,3010,9A89,6239,2026-05-05
永豐敦北,231.0,0,200,9A89,6239,2026-05-05
永豐敦北,232.0,8000,11000,9A89,6239,2026-05-05
永豐松山,234.5,0,20,9A91,6239,2026-05-05
永豐松山,232.0,21,1000,9A91,6239,2026-05-05
永豐松山,231.0,1000,0,9A91,6239,2026-05-05
永豐松山,229.5,5,22,9A91,6239,2026-05-05
永豐松山,228.0,1300,10000,9A91,6239,2026-05-05
永豐松山,227.0,56100,2000,9A91,6239,2026-05-05
永豐松山,226.0,0,2000,9A91,6239,2026-05-05
永豐松山,225.0,5000,1000,9A91,6239,2026-05-05
永豐松山,224.0,1000,0,9A91,6239,2026-05-05
永豐松山,222.5,0,10000,9A91,6239,2026-05-05
永豐松山,221.0,1000,0,9A91,6239,2026-05-05
永豐松山,220.0,1000,0,9A91,6239,2026-05-05
永豐敦南,234.5,1000,0,9A8F,6239,2026-05-05
永豐敦南,233.5,2000,0,9A8F,6239,2026-05-05
永豐敦南,232.0,1015,0,9A8F,6239,2026-05-05
永豐敦南,230.0,3000,500,9A8F,6239,2026-05-05
永豐敦南,229.0,3000,1180,9A8F,6239,2026-05-05
永豐敦南,228.0,3000,1000,9A8F,6239,2026-05-05
永豐敦南,227.0,1100,0,9A8F,6239,2026-05-05
永豐敦南,226.0,3000,1000,9A8F,6239,2026-05-05
永豐敦南,225.0,20000,3000,9A8F,6239,2026-05-05
永豐敦南,224.0,1160,1000,9A8F,6239,2026-05-05
永豐敦南,223.0,1000,0,9A8F,6239,2026-05-05
永豐敦南,222.0,1015,1000,9A8F,6239,2026-05-05
永豐敦南,220.5,1000,0,9A8F,6239,2026-05-05
永豐敦北,236.0,0,1000,9A89,6239,2026-05-05
永豐敦北,235.0,5000,40000,9A89,6239,2026-05-05
永豐敦北,234.0,1000,20000,9A89,6239,2026-05-05
永豐敦北,233.0,3000,32000,9A89,6239,2026-05-05
永豐屏東,233.0,100,0,9A69,6239,2026-05-05
永豐屏東,231.0,0,1000,9A69,6239,2026-05-05
永豐屏東,227.5,3100,2000,9A69,6239,2026-05-05
永豐屏東,226.0,0,1000,9A69,6239,2026-05-05
元大小港,230.5,0,1000,989Z,6239,2026-05-05
元大小港,229.5,1168,30,989Z,6239,2026-05-05
元大小港,228.5,50,200,989Z,6239,2026-05-05
元大小港,227.5,1000,0,989Z,6239,2026-05-05
元大小港,226.0,2000,0,989Z,6239,2026-05-05
元大小港,224.5,1004,0,989Z,6239,2026-05-05
元大小港,223.5,1095,0,989Z,6239,2026-05-05
元大小港,222.5,1005,0,989Z,6239,2026-05-05
元大小港,221.0,10,0,989Z,6239,2026-05-05
元大基隆,235.5,1000,0,989Y,6239,2026-05-05
元大基隆,234.0,2000,0,989Y,6239,2026-05-05
元大基隆,233.0,0,1000,989Y,6239,2026-05-05
元大基隆,232.0,100,0,989Y,6239,2026-05-05
元大基隆,230.0,920,0,989Y,6239,2026-05-05
元大基隆,229.0,2000,0,989Y,6239,2026-05-05
元大基隆,228.0,0,1050,989Y,6239,2026-05-05
元大基隆,227.0,2000,3000,989Y,6239,2026-05-05
元大基隆,226.0,1100,1000,989Y,6239,2026-05-05
元大基隆,224.0,3100,0,989Y,6239,2026-05-05
元大基隆,222.5,1000,0,989Y,6239,2026-05-05
元大基隆,221.5,0,200,989Y,6239,2026-05-05
元大三民,235.0,1000,0,989X,6239,2026-05-05
元大三民,230.0,0,1000,989X,6239,2026-05-05
元大三民,228.5,2000,0,989X,6239,2026-05-05
元大三民,227.5,22,3001,989X,6239,2026-05-05
元大三民,225.5,100,0,989X,6239,2026-05-05
元大三民,224.5,250,0,989X,6239,2026-05-05
元大三民,220.5,1000,2000,989X,6239,2026-05-05
元大站前,235.0,0,1000,989W,6239,2026-05-05
元大小港,231.5,11000,0,989Z,6239,2026-05-05
永豐松山,236.0,1000,0,9A91,6239,2026-05-05
元大小港,232.5,1010,0,989Z,6239,2026-05-05
元大小港,234.5,0,50,989Z,6239,2026-05-05
永豐屏東,224.5,25,0,9A69,6239,2026-05-05
永豐屏東,223.5,50,0,9A69,6239,2026-05-05
永豐鳳山,236.0,0,1000,9A61,6239,2026-05-05
永豐鳳山,232.5,0,100,9A61,6239,2026-05-05
永豐鳳山,229.0,2000,1000,9A61,6239,2026-05-05
永豐鳳山,228.0,2000,2000,9A61,6239,2026-05-05
永豐鳳山,227.0,1000,0,9A61,6239,2026-05-05
永豐鳳山,225.0,1000,3000,9A61,6239,2026-05-05
永豐鳳山,223.5,4000,0,9A61,6239,2026-05-05
永豐鳳山,222.5,3000,0,9A61,6239,2026-05-05
永豐鳳山,221.0,5000,0,9A61,6239,2026-05-05
永豐鳳山,220.0,0,1000,9A61,6239,2026-05-05
永豐金,235.5,7000,2000,9A00,6239,2026-05-05
永豐金,234.5,4108,958,9A00,6239,2026-05-05
永豐金,233.5,3000,1000,9A00,6239,2026-05-05
永豐金,232.5,3680,2000,9A00,6239,2026-05-05
永豐金,231.5,4545,1500,9A00,6239,2026-05-05
永豐金,230.5,2200,2100,9A00,6239,2026-05-05
永豐金,229.5,4210,9000,9A00,6239,2026-05-05
永豐金,228.5,2552,16100,9A00,6239,2026-05-05
永豐金,227.5,33184,10213,9A00,6239,2026-05-05
永豐金,226.5,3105,5131,9A00,6239,2026-05-05
永豐金,225.5,8180,5810,9A00,6239,2026-05-05
永豐金,224.5,15688,15251,9A00,6239,2026-05-05
永豐金,223.5,57421,7185,9A00,6239,2026-05-05
永豐金,222.5,2061,2000,9A00,6239,2026-05-05
永豐金,221.5,4044,2000,9A00,6239,2026-05-05
永豐金,220.5,4115,1000,9A00,6239,2026-05-05
元大小港,235.5,0,1000,989Z,6239,2026-05-05
元大小港,233.5,0,1000,989Z,6239,2026-05-05
永豐萬盛,222.5,0,1000,9A92,6239,2026-05-05
永豐萬盛,223.5,3001,2000,9A92,6239,2026-05-05
永豐萬盛,224.5,3400,0,9A92,6239,2026-05-05
永豐員林,227.0,2000,7000,9A9C,6239,2026-05-05
永豐員林,225.5,0,2000,9A9C,6239,2026-05-05
永豐員林,224.0,100,0,9A9C,6239,2026-05-05
永豐員林,223.0,0,8000,9A9C,6239,2026-05-05
永豐員林,221.5,0,3000,9A9C,6239,2026-05-05
永豐永康,236.0,1000,0,9A9c,6239,2026-05-05
永豐永康,235.0,2000,0,9A9c,6239,2026-05-05
永豐永康,233.0,0,5000,9A9c,6239,2026-05-05
永豐永康,232.0,3000,160,9A9c,6239,2026-05-05
永豐永康,230.0,20,2200,9A9c,6239,2026-05-05
永豐永康,229.0,1000,65,9A9c,6239,2026-05-05
永豐永康,228.0,0,8051,9A9c,6239,2026-05-05
永豐永康,227.0,0,13000,9A9c,6239,2026-05-05
永豐永康,226.0,200,80,9A9c,6239,2026-05-05
永豐永康,225.0,10000,7000,9A9c,6239,2026-05-05
永豐永康,224.0,2000,1000,9A9c,6239,2026-05-05
永豐永康,223.0,1010,2000,9A9c,6239,2026-05-05
永豐永康,221.5,17,100,9A9c,6239,2026-05-05
永豐永康,220.5,0,10000,9A9c,6239,2026-05-05
永豐中和,235.5,1000,0,9A9B,6239,2026-05-05
永豐中和,234.5,1040,0,9A9B,6239,2026-05-05
永豐中和,230.5,0,2000,9A9B,6239,2026-05-05
永豐中和,229.5,1000,0,9A9B,6239,2026-05-05
永豐中和,228.5,0,1000,9A9B,6239,2026-05-05
永豐中和,227.5,100,4001,9A9B,6239,2026-05-05
永豐中和,226.5,0,1000,9A9B,6239,2026-05-05
永豐中和,225.5,1000,0,9A9B,6239,2026-05-05
永豐中和,224.5,5100,2000,9A9B,6239,2026-05-05
永豐中和,223.0,5000,1000,9A9B,6239,2026-05-05
永豐員林,228.0,0,8000,9A9C,6239,2026-05-05
永豐中和,222.0,12010,1000,9A9B,6239,2026-05-05
永豐員林,229.0,2000,1000,9A9C,6239,2026-05-05
永豐員林,232.0,0,44000,9A9C,6239,2026-05-05
永豐內湖,220.0,0,20000,9A9g,6239,2026-05-05
永豐高雄,235.0,3000,0,9A9e,6239,2026-05-05
永豐高雄,234.0,15,0,9A9e,6239,2026-05-05
永豐高雄,233.0,100,0,9A9e,6239,2026-05-05
永豐高雄,231.5,2000,0,9A9e,6239,2026-05-05
永豐高雄,228.0,2000,0,9A9e,6239,2026-05-05
永豐高雄,227.0,2000,1000,9A9e,6239,2026-05-05
永豐高雄,225.5,5,0,9A9e,6239,2026-05-05
永豐高雄,224.5,3066,0,9A9e,6239,2026-05-05
永豐高雄,223.5,1000,0,9A9e,6239,2026-05-05
永豐高雄,222.5,100,0,9A9e,6239,2026-05-05
永豐高雄,221.0,10,0,9A9e,6239,2026-05-05
永豐忠孝,235.5,1000,2000,9A9D,6239,2026-05-05
永豐忠孝,234.5,1000,0,9A9D,6239,2026-05-05
永豐忠孝,232.0,7000,3000,9A9D,6239,2026-05-05
永豐忠孝,230.5,1000,0,9A9D,6239,2026-05-05
永豐忠孝,228.5,10,1002,9A9D,6239,2026-05-05
永豐忠孝,227.5,3000,5000,9A9D,6239,2026-05-05
永豐忠孝,226.0,1000,0,9A9D,6239,2026-05-05
永豐忠孝,225.0,3000,0,9A9D,6239,2026-05-05
永豐忠孝,223.5,1450,100,9A9D,6239,2026-05-05
永豐忠孝,221.0,6000,0,9A9D,6239,2026-05-05
永豐古亭,234.5,0,1000,9A9d,6239,2026-05-05
永豐古亭,231.5,1000,0,9A9d,6239,2026-05-05
永豐古亭,227.0,0,100,9A9d,6239,2026-05-05
永豐古亭,224.5,0,1000,9A9d,6239,2026-05-05
永豐古亭,222.0,1010,1000,9A9d,6239,2026-05-05
永豐古亭,220.5,1000,0,9A9d,6239,2026-05-05
永豐員林,234.0,0,4000,9A9C,6239,2026-05-05
永豐員林,230.0,3100,2000,9A9C,6239,2026-05-05
台新證券,220.0,4000,1000,9B00,6239,2026-05-05
永豐虎尾,230.0,0,1000,9A9b,6239,2026-05-05
永豐羅東,235.0,0,1000,9A9A,6239,2026-05-05
永豐大園,235.0,10000,0,9A98,6239,2026-05-05
永豐大園,233.5,2000,0,9A98,6239,2026-05-05
永豐大園,232.0,3000,0,9A98,6239,2026-05-05
永豐大園,229.5,1050,0,9A98,6239,2026-05-05
永豐大園,228.0,0,4000,9A98,6239,2026-05-05
永豐大園,227.0,1000,0,9A98,6239,2026-05-05
永豐大園,226.0,6000,2000,9A98,6239,2026-05-05
永豐大園,225.0,1000,3000,9A98,6239,2026-05-05
永豐大園,223.5,3000,1000,9A98,6239,2026-05-05
永豐大園,222.5,1000,0,9A98,6239,2026-05-05
永豐大園,221.5,1000,0,9A98,6239,2026-05-05
永豐大園,220.5,1000,0,9A98,6239,2026-05-05
永豐新竹,234.0,1000,0,9A97,6239,2026-05-05
永豐新竹,231.5,1000,0,9A97,6239,2026-05-05
永豐新竹,230.0,2400,1000,9A97,6239,2026-05-05
永豐新竹,228.5,1100,0,9A97,6239,2026-05-05
永豐新竹,227.5,250,10000,9A97,6239,2026-05-05
永豐新竹,226.5,0,2000,9A97,6239,2026-05-05
永豐新竹,225.5,10,3050,9A97,6239,2026-05-05
永豐新竹,224.0,1000,0,9A97,6239,2026-05-05
永豐新竹,223.0,2203,0,9A97,6239,2026-05-05
永豐新竹,222.0,100,4000,9A97,6239,2026-05-05
永豐新竹,220.5,1000,0,9A97,6239,2026-05-05
永豐萬盛,234.0,10000,0,9A92,6239,2026-05-05
永豐萬盛,232.0,5000,0,9A92,6239,2026-05-05
永豐萬盛,228.5,50,1300,9A92,6239,2026-05-05
永豐萬盛,227.5,1439,1100,9A92,6239,2026-05-05
永豐萬盛,226.5,0,2000,9A92,6239,2026-05-05
永豐萬盛,225.5,200,0,9A92,6239,2026-05-05
永豐中壢,220.5,1000,4000,9A99,6239,2026-05-05
永豐虎尾,228.0,1000,0,9A9b,6239,2026-05-05
永豐中壢,223.0,10020,0,9A99,6239,2026-05-05
永豐中壢,225.5,2000,0,9A99,6239,2026-05-05
永豐羅東,234.0,2000,0,9A9A,6239,2026-05-05
永豐羅東,232.5,1000,0,9A9A,6239,2026-05-05
永豐羅東,231.0,1000,0,9A9A,6239,2026-05-05
永豐羅東,229.5,1000,0,9A9A,6239,2026-05-05
永豐羅東,228.5,1000,0,9A9A,6239,2026-05-05
永豐羅東,227.5,0,1000,9A9A,6239,2026-05-05
永豐羅東,226.0,0,6000,9A9A,6239,2026-05-05
永豐羅東,225.0,100,130,9A9A,6239,2026-05-05
永豐羅東,223.5,3000,0,9A9A,6239,2026-05-05
永豐羅東,222.0,50,0,9A9A,6239,2026-05-05
永豐羅東,220.5,3000,0,9A9A,6239,2026-05-05
永豐苓雅,235.5,1000,0,9A9a,6239,2026-05-05
永豐苓雅,234.5,50,0,9A9a,6239,2026-05-05
永豐苓雅,233.5,0,4000,9A9a,6239,2026-05-05
永豐苓雅,232.0,1300,0,9A9a,6239,2026-05-05
永豐苓雅,230.0,1000,1000,9A9a,6239,2026-05-05
永豐苓雅,229.0,2000,0,9A9a,6239,2026-05-05
永豐苓雅,228.0,10000,2200,9A9a,6239,2026-05-05
永豐苓雅,227.0,6040,4500,9A9a,6239,2026-05-05
永豐苓雅,224.5,500,3000,9A9a,6239,2026-05-05
永豐苓雅,223.5,1100,0,9A9a,6239,2026-05-05
永豐苓雅,222.0,30,0,9A9a,6239,2026-05-05
永豐中壢,235.5,2000,0,9A99,6239,2026-05-05
永豐中壢,234.5,2000,0,9A99,6239,2026-05-05
永豐中壢,232.5,0,50,9A99,6239,2026-05-05
永豐中壢,231.0,1000,0,9A99,6239,2026-05-05
永豐中壢,230.0,1000,0,9A99,6239,2026-05-05
永豐中壢,228.5,2020,0,9A99,6239,2026-05-05
永豐中壢,227.5,2000,10500,9A99,6239,2026-05-05
永豐中壢,224.0,1000,0,9A99,6239,2026-05-05
台新證券,221.0,4399,1600,9B00,6239,2026-05-05
台新證券,222.0,6500,1070,9B00,6239,2026-05-05
台新證券,223.0,12017,9000,9B00,6239,2026-05-05
台新彰化,225.0,1000,0,9B2M,6239,2026-05-05
台新彰化,223.5,2000,0,9B2M,6239,2026-05-05
台新彰化,221.5,1000,0,9B2M,6239,2026-05-05
台新彰化,220.5,2000,0,9B2M,6239,2026-05-05
台新成功,234.0,1000,0,9B2m,6239,2026-05-05
台新成功,232.5,51000,0,9B2m,6239,2026-05-05
台新成功,229.5,10,0,9B2m,6239,2026-05-05
台新成功,228.5,1030,0,9B2m,6239,2026-05-05
台新成功,227.0,1000,3000,9B2m,6239,2026-05-05
台新成功,226.0,0,1000,9B2m,6239,2026-05-05
台新成功,223.5,0,10,9B2m,6239,2026-05-05
台新成功,222.5,1000,0,9B2m,6239,2026-05-05
台新北壢,236.0,0,1000,9B2L,6239,2026-05-05
台新彰化,227.0,1100,1000,9B2M,6239,2026-05-05
台新北壢,234.0,0,1000,9B2L,6239,2026-05-05
台新北壢,228.0,0,3000,9B2L,6239,2026-05-05
台新北壢,227.0,1000,0,9B2L,6239,2026-05-05
台新北壢,225.0,0,100,9B2L,6239,2026-05-05
台新北壢,221.5,1000,0,9B2L,6239,2026-05-05
台新北壢,220.5,2000,0,9B2L,6239,2026-05-05
台新大裕,234.5,1000,0,9B2l,6239,2026-05-05
台新大裕,232.0,1000,0,9B2l,6239,2026-05-05
台新大裕,229.5,100,0,9B2l,6239,2026-05-05
台新大裕,228.5,200,0,9B2l,6239,2026-05-05
台新大裕,227.5,1000,151,9B2l,6239,2026-05-05
台新大裕,226.5,0,2000,9B2l,6239,2026-05-05
台新大裕,224.5,0,1000,9B2l,6239,2026-05-05
台新大裕,223.0,0,1000,9B2l,6239,2026-05-05
台新北壢,230.0,100,0,9B2L,6239,2026-05-05
台新彰化,228.0,0,2332,9B2M,6239,2026-05-05
台新彰化,230.0,0,1000,9B2M,6239,2026-05-05
台新彰化,232.5,100,1000,9B2M,6239,2026-05-05
台新同大,224.0,1200,5,9B2P,6239,2026-05-05
台新同大,223.0,1014,0,9B2P,6239,2026-05-05
台新同大,222.0,2000,0,9B2P,6239,2026-05-05
台新同大,220.5,2000,0,9B2P,6239,2026-05-05
台新新興,230.5,1000,0,9B2o,6239,2026-05-05
台新新興,229.5,150,0,9B2o,6239,2026-05-05
台新新興,228.0,0,1010,9B2o,6239,2026-05-05
台新新興,227.0,1000,3000,9B2o,6239,2026-05-05
台新新興,225.5,1000,1000,9B2o,6239,2026-05-05
台新新興,224.5,100,0,9B2o,6239,2026-05-05
台新新興,223.5,100,0,9B2o,6239,2026-05-05
台新新興,222.5,0,2000,9B2o,6239,2026-05-05
台新虎尾,233.5,0,1000,9B2N,6239,2026-05-05
台新虎尾,230.0,0,1000,9B2N,6239,2026-05-05
台新虎尾,229.0,0,7000,9B2N,6239,2026-05-05
台新虎尾,228.0,1000,200,9B2N,6239,2026-05-05
台新虎尾,227.0,0,1000,9B2N,6239,2026-05-05
台新虎尾,225.5,1000,1000,9B2N,6239,2026-05-05
台新虎尾,224.5,0,3000,9B2N,6239,2026-05-05
台新虎尾,223.0,1000,0,9B2N,6239,2026-05-05
台新虎尾,221.0,1000,0,9B2N,6239,2026-05-05
台新西松,232.0,1000,1000,9B2n,6239,2026-05-05
台新西松,229.5,3000,0,9B2n,6239,2026-05-05
台新西松,228.5,0,2000,9B2n,6239,2026-05-05
台新西松,227.0,1000,2000,9B2n,6239,2026-05-05
台新西松,225.0,0,4,9B2n,6239,2026-05-05
台新西松,223.5,2000,0,9B2n,6239,2026-05-05
台新西松,222.0,1000,0,9B2n,6239,2026-05-05
台新彰化,234.0,1000,0,9B2M,6239,2026-05-05
台新大裕,221.5,1000,0,9B2l,6239,2026-05-05
台新大裕,220.5,2000,0,9B2l,6239,2026-05-05
台新嘉義,235.0,0,2000,9B2I,6239,2026-05-05
台新嘉義,234.0,0,2000,9B2I,6239,2026-05-05
台新新竹,226.5,2000,0,9B2G,6239,2026-05-05
台新新竹,225.5,5,2000,9B2G,6239,2026-05-05
台新新竹,224.5,2007,0,9B2G,6239,2026-05-05
台新新竹,223.5,1000,2000,9B2G,6239,2026-05-05
台新新竹,221.5,1005,0,9B2G,6239,2026-05-05
台新中原,235.0,3000,0,9B2g,6239,2026-05-05
台新中原,234.0,2000,2000,9B2g,6239,2026-05-05
台新中原,232.0,1000,30,9B2g,6239,2026-05-05
台新中原,230.0,2150,1000,9B2g,6239,2026-05-05
台新中原,228.5,10,118,9B2g,6239,2026-05-05
台新中原,227.5,200,0,9B2g,6239,2026-05-05
台新中原,225.0,5000,100,9B2g,6239,2026-05-05
台新中原,224.0,5000,0,9B2g,6239,2026-05-05
台新中原,222.5,0,1000,9B2g,6239,2026-05-05
台新中原,221.0,0,2000,9B2g,6239,2026-05-05
台新城中,236.0,0,1000,9B2E,6239,2026-05-05
台新城中,232.5,35,20,9B2E,6239,2026-05-05
台新城中,230.0,50,0,9B2E,6239,2026-05-05
台新城中,229.0,3000,0,9B2E,6239,2026-05-05
台新城中,228.0,1100,9,9B2E,6239,2026-05-05
台新城中,227.0,1010,4000,9B2E,6239,2026-05-05
台新城中,225.5,0,1000,9B2E,6239,2026-05-05
台新城中,223.5,2000,0,9B2E,6239,2026-05-05
台新城中,222.5,2000,0,9B2E,6239,2026-05-05
台新大昌,235.5,0,1000,9B2D,6239,2026-05-05
台新大昌,233.0,0,1100,9B2D,6239,2026-05-05
台新大昌,230.5,1000,120,9B2D,6239,2026-05-05
台新大昌,229.5,20,0,9B2D,6239,2026-05-05
台新大昌,228.0,600,0,9B2D,6239,2026-05-05
台新新竹,227.5,4000,0,9B2G,6239,2026-05-05
台新同大,225.5,4,1000,9B2P,6239,2026-05-05
台新新竹,228.5,2000,0,9B2G,6239,2026-05-05
台新新竹,231.0,2000,0,9B2G,6239,2026-05-05
台新嘉義,230.5,0,1000,9B2I,6239,2026-05-05
台新嘉義,229.5,400,0,9B2I,6239,2026-05-05
台新嘉義,228.5,100,30,9B2I,6239,2026-05-05
台新嘉義,227.5,1040,1000,9B2I,6239,2026-05-05
台新嘉義,226.5,0,1000,9B2I,6239,2026-05-05
台新嘉義,224.5,1000,0,9B2I,6239,2026-05-05
台新嘉義,223.0,1000,1000,9B2I,6239,2026-05-05
台新中港,235.0,0,1000,9B2i,6239,2026-05-05
台新中港,232.0,1000,0,9B2i,6239,2026-05-05
台新中港,230.0,0,10,9B2i,6239,2026-05-05
台新中港,228.5,37,0,9B2i,6239,2026-05-05
台新中港,227.0,0,95,9B2i,6239,2026-05-05
台新中港,225.0,150,1000,9B2i,6239,2026-05-05
台新中港,222.5,20,0,9B2i,6239,2026-05-05
台新信義,234.5,1000,2000,9B2H,6239,2026-05-05
台新信義,233.5,1000,5000,9B2H,6239,2026-05-05
台新信義,232.5,0,6000,9B2H,6239,2026-05-05
台新信義,230.5,3050,0,9B2H,6239,2026-05-05
台新信義,229.0,16000,5000,9B2H,6239,2026-05-05
台新信義,228.0,5000,0,9B2H,6239,2026-05-05
台新信義,227.0,0,1000,9B2H,6239,2026-05-05
台新信義,226.0,0,1000,9B2H,6239,2026-05-05
台新信義,225.0,2000,0,9B2H,6239,2026-05-05
台新信義,223.5,3000,0,9B2H,6239,2026-05-05
台新信義,222.0,3000,2000,9B2H,6239,2026-05-05
台新信義,220.5,3000,0,9B2H,6239,2026-05-05
台新新竹,235.0,1000,0,9B2G,6239,2026-05-05
台新新竹,233.5,1000,0,9B2G,6239,2026-05-05
台新新竹,232.0,20,1000,9B2G,6239,2026-05-05
台新新竹,230.0,2000,500,9B2G,6239,2026-05-05
台新同大,226.5,0,1000,9B2P,6239,2026-05-05
台新同大,227.5,1000,2000,9B2P,6239,2026-05-05
台新同大,228.5,1000,0,9B2P,6239,2026-05-05
台新埔里,228.5,0,50,9B2Y,6239,2026-05-05
台新埔里,227.0,1000,0,9B2Y,6239,2026-05-05
台新埔里,222.5,100,0,9B2Y,6239,2026-05-05
台新花蓮,234.5,1000,0,9B2y,6239,2026-05-05
台新花蓮,233.5,10000,0,9B2y,6239,2026-05-05
台新花蓮,230.0,1000,100,9B2y,6239,2026-05-05
台新花蓮,228.5,1080,10000,9B2y,6239,2026-05-05
台新花蓮,227.5,7000,0,9B2y,6239,2026-05-05
台新花蓮,224.5,1000,1000,9B2y,6239,2026-05-05
台新花蓮,223.5,50,0,9B2y,6239,2026-05-05
台新花蓮,221.0,3000,0,9B2y,6239,2026-05-05
台新草屯,236.0,1000,0,9B2X,6239,2026-05-05
台新草屯,234.5,1000,0,9B2X,6239,2026-05-05
台新草屯,233.0,100,0,9B2X,6239,2026-05-05
台新草屯,232.0,2000,1000,9B2X,6239,2026-05-05
台新草屯,228.5,0,10100,9B2X,6239,2026-05-05
台新草屯,227.5,0,4000,9B2X,6239,2026-05-05
台新草屯,226.5,12000,5000,9B2X,6239,2026-05-05
台新草屯,225.5,0,1000,9B2X,6239,2026-05-05
台新草屯,224.5,1000,0,9B2X,6239,2026-05-05
台新草屯,223.5,1000,0,9B2X,6239,2026-05-05
台新草屯,222.0,1000,0,9B2X,6239,2026-05-05
台新草屯,220.5,0,8000,9B2X,6239,2026-05-05
台新吉利,234.5,0,6000,9B2W,6239,2026-05-05
台新吉利,229.0,2000,0,9B2W,6239,2026-05-05
台新吉利,228.0,1000,0,9B2W,6239,2026-05-05
台新吉利,226.0,0,1000,9B2W,6239,2026-05-05
台新吉利,224.5,4000,0,9B2W,6239,2026-05-05
台新吉利,223.5,11000,0,9B2W,6239,2026-05-05
台新埔里,230.0,1000,0,9B2Y,6239,2026-05-05
台新吉利,222.5,11000,0,9B2W,6239,2026-05-05
台新埔里,234.5,0,500,9B2Y,6239,2026-05-05
台新文心,221.5,24000,0,9B2z,6239,2026-05-05
合庫台中,220.0,1000,0,1021,6239,2026-05-05
合庫,235.0,2000,0,1020,6239,2026-05-05
合庫,230.5,3000,0,1020,6239,2026-05-05
合庫,229.0,1000,2000,1020,6239,2026-05-05
合庫,228.0,1000,2000,1020,6239,2026-05-05
合庫,227.0,4000,3000,1020,6239,2026-05-05
合庫,226.0,0,1000,1020,6239,2026-05-05
合庫,224.5,2000,1000,1020,6239,2026-05-05
合庫,223.5,5001,0,1020,6239,2026-05-05
合庫,222.0,1000,0,1020,6239,2026-05-05
合庫,221.0,0,20000,1020,6239,2026-05-05
台新安南,233.5,1000,0,9B2Z,6239,2026-05-05
台新安南,231.5,1000,2000,9B2Z,6239,2026-05-05
台新安南,230.0,0,200,9B2Z,6239,2026-05-05
台新安南,228.5,200,100,9B2Z,6239,2026-05-05
台新安南,227.5,1000,3000,9B2Z,6239,2026-05-05
台新安南,226.0,180,0,9B2Z,6239,2026-05-05
台新安南,225.0,1040,0,9B2Z,6239,2026-05-05
台新安南,224.0,20,1020,9B2Z,6239,2026-05-05
台新安南,222.5,1010,0,9B2Z,6239,2026-05-05
台新安南,221.0,1000,0,9B2Z,6239,2026-05-05
台新安南,220.0,1000,0,9B2Z,6239,2026-05-05
台新文心,234.0,2000,0,9B2z,6239,2026-05-05
台新文心,230.0,2200,0,9B2z,6239,2026-05-05
台新文心,228.5,6050,0,9B2z,6239,2026-05-05
台新文心,227.5,6000,1000,9B2z,6239,2026-05-05
台新文心,225.5,0,3000,9B2z,6239,2026-05-05
台新文心,223.5,2000,0,9B2z,6239,2026-05-05
台新文心,222.5,33000,0,9B2z,6239,2026-05-05
台新文心,220.5,1000,0,9B2z,6239,2026-05-05
台新大昌,227.0,1000,1000,9B2D,6239,2026-05-05
台新吉利,220.5,3020,0,9B2W,6239,2026-05-05
台新佳里,229.0,4000,0,9B2w,6239,2026-05-05
台新基隆,225.0,1000,100,9B2S,6239,2026-05-05
台新基隆,223.0,0,1000,9B2S,6239,2026-05-05
台新基隆,220.5,1000,0,9B2S,6239,2026-05-05
台新城東,234.5,0,1275,9B2r,6239,2026-05-05
台新城東,230.5,0,100,9B2r,6239,2026-05-05
台新城東,229.0,0,3000,9B2r,6239,2026-05-05
台新城東,227.5,5000,3000,9B2r,6239,2026-05-05
台新城東,225.0,0,2000,9B2r,6239,2026-05-05
台新城東,224.0,1000,0,9B2r,6239,2026-05-05
台新城東,223.0,2000,0,9B2r,6239,2026-05-05
台新城東,222.0,0,1000,9B2r,6239,2026-05-05
台新城東,220.5,3000,0,9B2r,6239,2026-05-05
台新敦南,233.5,1000,0,9B2Q,6239,2026-05-05
台新敦南,230.0,2000,0,9B2Q,6239,2026-05-05
台新敦南,227.5,2000,0,9B2Q,6239,2026-05-05
台新敦南,224.0,1000,0,9B2Q,6239,2026-05-05
台新敦南,222.0,3050,0,9B2Q,6239,2026-05-05
台新屏新,235.0,0,5000,9B2q,6239,2026-05-05
台新屏新,232.0,5000,0,9B2q,6239,2026-05-05
台新屏新,229.0,1000,3000,9B2q,6239,2026-05-05
台新屏新,228.0,1000,0,9B2q,6239,2026-05-05
台新屏新,227.0,7100,1000,9B2q,6239,2026-05-05
台新屏新,224.5,8000,1000,9B2q,6239,2026-05-05
台新屏新,223.0,313,0,9B2q,6239,2026-05-05
台新屏新,222.0,1000,0,9B2q,6239,2026-05-05
台新屏新,220.5,2000,0,9B2q,6239,2026-05-05
台新同大,235.0,10000,0,9B2P,6239,2026-05-05
台新同大,232.5,1000,0,9B2P,6239,2026-05-05
台新同大,230.0,3060,0,9B2P,6239,2026-05-05
台新基隆,227.0,0,1000,9B2S,6239,2026-05-05
台新佳里,233.5,1000,0,9B2w,6239,2026-05-05
台新基隆,229.0,0,1000,9B2S,6239,2026-05-05
台新基隆,233.5,1000,0,9B2S,6239,2026-05-05
台新佳里,225.0,2000,0,9B2w,6239,2026-05-05
台新佳里,223.5,5000,0,9B2w,6239,2026-05-05
台新佳里,222.0,1010,0,9B2w,6239,2026-05-05
台新桃園,235.0,0,1000,9B2v,6239,2026-05-05
台新桃園,232.5,1000,0,9B2v,6239,2026-05-05
台新桃園,231.5,1000,0,9B2v,6239,2026-05-05
台新桃園,229.5,50,400,9B2v,6239,2026-05-05
台新桃園,228.5,1100,1000,9B2v,6239,2026-05-05
台新桃園,227.0,1000,2000,9B2v,6239,2026-05-05
台新桃園,226.0,2000,0,9B2v,6239,2026-05-05
台新宜蘭,236.0,0,2000,9B2U,6239,2026-05-05
台新宜蘭,234.5,0,1000,9B2U,6239,2026-05-05
台新宜蘭,233.0,6000,0,9B2U,6239,2026-05-05
台新宜蘭,229.0,2000,1000,9B2U,6239,2026-05-05
台新宜蘭,228.0,0,3000,9B2U,6239,2026-05-05
台新宜蘭,227.0,4000,0,9B2U,6239,2026-05-05
台新宜蘭,225.5,50,0,9B2U,6239,2026-05-05
台新宜蘭,224.0,1000,0,9B2U,6239,2026-05-05
台新宜蘭,222.0,1000,0,9B2U,6239,2026-05-05
台新宜蘭,220.5,2000,2000,9B2U,6239,2026-05-05
台新世貿,235.0,51000,1000,9B2u,6239,2026-05-05
台新世貿,232.0,1000,0,9B2u,6239,2026-05-05
台新世貿,229.5,0,1,9B2u,6239,2026-05-05
台新世貿,228.0,2000,1100,9B2u,6239,2026-05-05
台新世貿,227.0,2000,1000,9B2u,6239,2026-05-05
台新世貿,225.0,1000,0,9B2u,6239,2026-05-05
台新世貿,224.0,1,1000,9B2u,6239,2026-05-05
台新世貿,223.0,1000,0,9B2u,6239,2026-05-05
台新世貿,221.0,2000,0,9B2u,6239,2026-05-05
台新基隆,230.5,1000,0,9B2S,6239,2026-05-05
元大站前,232.0,2200,0,989W,6239,2026-05-05
台新大昌,224.5,2000,0,9B2D,6239,2026-05-05
台新大昌,221.0,3000,0,9B2D,6239,2026-05-05
台新左楠,224.0,0,250,9B1d,6239,2026-05-05
台新左楠,223.0,200,0,9B1d,6239,2026-05-05
台新左楠,222.0,2020,0,9B1d,6239,2026-05-05
台新左楠,221.0,100,0,9B1d,6239,2026-05-05
台新新莊,236.0,0,1000,9B19,6239,2026-05-05
台新新莊,234.5,2150,0,9B19,6239,2026-05-05
台新新莊,232.5,0,1000,9B19,6239,2026-05-05
台新新莊,230.0,300,0,9B19,6239,2026-05-05
台新新莊,228.5,0,1000,9B19,6239,2026-05-05
台新新莊,227.5,300,2000,9B19,6239,2026-05-05
台新新莊,225.5,1500,0,9B19,6239,2026-05-05
台新新莊,224.5,200,0,9B19,6239,2026-05-05
台新新莊,223.5,100,0,9B19,6239,2026-05-05
台新左楠,225.0,2000,1100,9B1d,6239,2026-05-05
台新新莊,222.0,1000,0,9B19,6239,2026-05-05
台新建北,236.5,0,5000,9B18,6239,2026-05-05
台新建北,235.5,0,5000,9B18,6239,2026-05-05
台新建北,234.5,2000,5000,9B18,6239,2026-05-05
台新建北,233.5,1000,5000,9B18,6239,2026-05-05
台新建北,232.5,1000,5042,9B18,6239,2026-05-05
台新建北,231.5,1000,5000,9B18,6239,2026-05-05
台新建北,230.5,1030,5000,9B18,6239,2026-05-05
台新建北,229.5,250,3000,9B18,6239,2026-05-05
台新建北,228.5,2000,5000,9B18,6239,2026-05-05
台新建北,227.5,9050,13000,9B18,6239,2026-05-05
台新建北,226.5,1000,2000,9B18,6239,2026-05-05
台新建北,225.5,5000,1000,9B18,6239,2026-05-05
台新建北,224.5,2001,5000,9B18,6239,2026-05-05
台新新莊,221.0,1000,0,9B19,6239,2026-05-05
台新左楠,226.5,0,6000,9B1d,6239,2026-05-05
台新左楠,227.5,1200,1000,9B1d,6239,2026-05-05
台新左楠,228.5,1010,0,9B1d,6239,2026-05-05
台新台中,230.0,6350,1050,9B1h,6239,2026-05-05
台新台中,229.0,1020,3000,9B1h,6239,2026-05-05
台新台中,228.0,3500,7300,9B1h,6239,2026-05-05
台新台中,227.0,5100,5000,9B1h,6239,2026-05-05
台新台中,226.0,2010,0,9B1h,6239,2026-05-05
台新台中,225.0,1000,0,9B1h,6239,2026-05-05
台新台中,224.0,2460,0,9B1h,6239,2026-05-05
台新台中,223.0,160,1050,9B1h,6239,2026-05-05
台新台中,222.0,4150,0,9B1h,6239,2026-05-05
台新台中,221.0,40,1000,9B1h,6239,2026-05-05
台新台中,220.0,3000,0,9B1h,6239,2026-05-05
台新高雄,235.5,4000,50000,9B1g,6239,2026-05-05
台新高雄,234.0,1000,2000,9B1g,6239,2026-05-05
台新高雄,233.0,8000,0,9B1g,6239,2026-05-05
台新高雄,232.0,7000,0,9B1g,6239,2026-05-05
台新高雄,231.0,100,100,9B1g,6239,2026-05-05
台新高雄,229.5,0,400,9B1g,6239,2026-05-05
台新高雄,228.5,1000,0,9B1g,6239,2026-05-05
台新高雄,227.5,3000,4300,9B1g,6239,2026-05-05
台新高雄,226.5,3000,1000,9B1g,6239,2026-05-05
台新高雄,225.5,2000,1000,9B1g,6239,2026-05-05
台新高雄,224.5,2050,0,9B1g,6239,2026-05-05
台新高雄,223.0,1000,1000,9B1g,6239,2026-05-05
台新高雄,222.0,160,0,9B1g,6239,2026-05-05
台新高雄,221.0,40,0,9B1g,6239,2026-05-05
台新高雄,220.0,1000,0,9B1g,6239,2026-05-05
台新左楠,233.5,3000,0,9B1d,6239,2026-05-05
台新左楠,232.5,3000,0,9B1d,6239,2026-05-05
台新左楠,230.0,3000,1010,9B1d,6239,2026-05-05
台新建北,223.5,8000,0,9B18,6239,2026-05-05
台新建北,222.5,19000,2000,9B18,6239,2026-05-05
台新建北,221.5,1150,0,9B18,6239,2026-05-05
台新建北,220.0,1000,0,9B18,6239,2026-05-05
台新三民,223.0,1100,0,9B13,6239,2026-05-05
台新三民,222.0,1000,0,9B13,6239,2026-05-05
台新三民,221.0,1200,0,9B13,6239,2026-05-05
台新新營,234.5,0,5,9B11,6239,2026-05-05
台新新營,233.0,5000,0,9B11,6239,2026-05-05
台新新營,231.5,0,20,9B11,6239,2026-05-05
台新新營,230.5,200,0,9B11,6239,2026-05-05
台新新營,229.5,1300,0,9B11,6239,2026-05-05
台新新營,228.5,2100,13000,9B11,6239,2026-05-05
台新新營,227.5,0,2000,9B11,6239,2026-05-05
台新新營,226.5,1000,15000,9B11,6239,2026-05-05
台新新營,225.0,3000,0,9B11,6239,2026-05-05
台新新營,223.5,1035,0,9B11,6239,2026-05-05
台新新營,222.5,6500,0,9B11,6239,2026-05-05
台新新營,220.5,13100,0,9B11,6239,2026-05-05
台新證券,237.0,0,4000,9B00,6239,2026-05-05
台新證券,236.0,6000,34000,9B00,6239,2026-05-05
台新證券,235.0,14000,32000,9B00,6239,2026-05-05
台新證券,234.0,33000,41000,9B00,6239,2026-05-05
台新證券,233.0,3102,30000,9B00,6239,2026-05-05
台新證券,232.0,21550,32000,9B00,6239,2026-05-05
台新證券,231.0,5250,30000,9B00,6239,2026-05-05
台新證券,230.0,5560,38000,9B00,6239,2026-05-05
台新證券,229.0,25525,34500,9B00,6239,2026-05-05
台新證券,228.0,15650,25420,9B00,6239,2026-05-05
台新證券,227.0,26580,29065,9B00,6239,2026-05-05
台新證券,226.0,2550,2000,9B00,6239,2026-05-05
台新證券,225.0,6100,5100,9B00,6239,2026-05-05
台新證券,224.0,14300,7100,9B00,6239,2026-05-05
台新三民,224.5,1000,0,9B13,6239,2026-05-05
台新台中,231.5,5050,0,9B1h,6239,2026-05-05
台新三民,226.0,1000,1000,9B13,6239,2026-05-05
台新三民,228.0,1000,1000,9B13,6239,2026-05-05
台新台南,235.0,3000,1000,9B16,6239,2026-05-05
台新台南,234.0,9000,4000,9B16,6239,2026-05-05
台新台南,232.0,2000,0,9B16,6239,2026-05-05
台新台南,230.5,2010,0,9B16,6239,2026-05-05
台新台南,229.5,103,0,9B16,6239,2026-05-05
台新台南,228.5,2200,0,9B16,6239,2026-05-05
台新台南,227.5,3000,6150,9B16,6239,2026-05-05
台新台南,226.5,2000,0,9B16,6239,2026-05-05
台新台南,225.5,5000,1000,9B16,6239,2026-05-05
台新台南,224.5,3000,0,9B16,6239,2026-05-05
台新台南,223.5,3300,0,9B16,6239,2026-05-05
台新台南,222.5,1000,3000,9B16,6239,2026-05-05
台新台南,221.5,4000,0,9B16,6239,2026-05-05
台新台南,220.5,6000,5000,9B16,6239,2026-05-05
台新松江,235.0,2000,0,9B15,6239,2026-05-05
台新松江,232.5,1000,2100,9B15,6239,2026-05-05
台新松江,230.0,1000,0,9B15,6239,2026-05-05
台新松江,229.0,2000,0,9B15,6239,2026-05-05
台新松江,228.0,10,1000,9B15,6239,2026-05-05
台新松江,226.5,1000,0,9B15,6239,2026-05-05
台新松江,225.5,0,1000,9B15,6239,2026-05-05
台新松江,224.0,1000,0,9B15,6239,2026-05-05
台新松江,223.0,300,0,9B15,6239,2026-05-05
台新松江,220.5,1000,1000,9B15,6239,2026-05-05
台新三民,235.0,2000,0,9B13,6239,2026-05-05
台新三民,233.5,0,1000,9B13,6239,2026-05-05
台新三民,232.0,0,3000,9B13,6239,2026-05-05
台新三民,230.0,1000,3000,9B13,6239,2026-05-05
台新三民,229.0,1100,7000,9B13,6239,2026-05-05
台新三民,227.0,2000,1000,9B13,6239,2026-05-05
台新台中,233.0,1000,0,9B1h,6239,2026-05-05
台新台中,234.0,5000,0,9B1h,6239,2026-05-05
台新台中,235.0,3000,4000,9B1h,6239,2026-05-05
台新板橋,223.5,100,0,9B2b,6239,2026-05-05
台新板橋,222.5,1000,1000,9B2b,6239,2026-05-05
台新板橋,220.5,1000,0,9B2b,6239,2026-05-05
台新緯城,235.0,0,1000,9B2A,6239,2026-05-05
台新緯城,233.5,1000,2000,9B2A,6239,2026-05-05
台新緯城,230.0,50,1000,9B2A,6239,2026-05-05
台新緯城,229.0,1000,1000,9B2A,6239,2026-05-05
台新緯城,227.5,2000,0,9B2A,6239,2026-05-05
台新緯城,226.0,2000,0,9B2A,6239,2026-05-05
台新緯城,224.5,0,50,9B2A,6239,2026-05-05
台新松德,235.0,0,2000,9B2a,6239,2026-05-05
台新松德,234.0,1000,1000,9B2a,6239,2026-05-05
台新松德,233.0,1000,0,9B2a,6239,2026-05-05
台新松德,231.5,1799,200,9B2a,6239,2026-05-05
台新松德,230.0,500,0,9B2a,6239,2026-05-05
台新松德,229.0,1211,0,9B2a,6239,2026-05-05
台新松德,227.0,0,1000,9B2a,6239,2026-05-05
台新松德,226.0,3051,0,9B2a,6239,2026-05-05
台新松德,224.5,1000,0,9B2a,6239,2026-05-05
台新松德,223.0,1000,0,9B2a,6239,2026-05-05
台新松德,222.0,1000,0,9B2a,6239,2026-05-05
台新松德,220.5,3000,0,9B2a,6239,2026-05-05
台新府城,234.0,0,1000,9B29,6239,2026-05-05
台新府城,231.5,1500,0,9B29,6239,2026-05-05
台新府城,228.0,1225,0,9B29,6239,2026-05-05
台新府城,225.0,25,0,9B29,6239,2026-05-05
台新府城,224.0,100,0,9B29,6239,2026-05-05
台新府城,223.0,1200,1000,9B29,6239,2026-05-05
台新府城,221.5,100,0,9B29,6239,2026-05-05
台新板橋,224.5,4000,0,9B2b,6239,2026-05-05
台新北新,228.0,200,1000,9B28,6239,2026-05-05
台新板橋,225.5,0,1000,9B2b,6239,2026-05-05
台新板橋,228.0,3000,6010,9B2b,6239,2026-05-05
台新潮州,235.5,0,3000,9B2C,6239,2026-05-05
台新潮州,230.5,1000,0,9B2C,6239,2026-05-05
台新潮州,229.0,1000,0,9B2C,6239,2026-05-05
台新潮州,228.0,200,1000,9B2C,6239,2026-05-05
台新潮州,226.5,0,5000,9B2C,6239,2026-05-05
台新潮州,225.5,1000,0,9B2C,6239,2026-05-05
台新潮州,224.5,2000,0,9B2C,6239,2026-05-05
台新潮州,223.5,5000,0,9B2C,6239,2026-05-05
台新潮州,221.5,1000,0,9B2C,6239,2026-05-05
台新烏日,235.5,11000,0,9B2c,6239,2026-05-05
台新烏日,229.0,0,1000,9B2c,6239,2026-05-05
台新烏日,228.0,3000,0,9B2c,6239,2026-05-05
台新烏日,227.0,11000,1000,9B2c,6239,2026-05-05
台新烏日,223.5,1000,0,9B2c,6239,2026-05-05
台新烏日,222.5,1000,0,9B2c,6239,2026-05-05
台新烏日,220.5,1000,0,9B2c,6239,2026-05-05
台新永和,233.0,0,1000,9B2B,6239,2026-05-05
台新永和,229.0,1000,0,9B2B,6239,2026-05-05
台新永和,228.0,100,0,9B2B,6239,2026-05-05
台新永和,226.5,0,1000,9B2B,6239,2026-05-05
台新永和,225.0,0,1000,9B2B,6239,2026-05-05
台新永和,224.0,5000,0,9B2B,6239,2026-05-05
台新永和,220.5,2000,0,9B2B,6239,2026-05-05
台新板橋,235.0,0,2000,9B2b,6239,2026-05-05
台新板橋,234.0,1000,0,9B2b,6239,2026-05-05
台新板橋,233.0,0,1000,9B2b,6239,2026-05-05
台新板橋,232.0,0,2000,9B2b,6239,2026-05-05
台新板橋,230.0,0,100,9B2b,6239,2026-05-05
台新板橋,229.0,7000,150,9B2b,6239,2026-05-05
台新板橋,226.5,0,9000,9B2b,6239,2026-05-05
台新大昌,223.0,1000,0,9B2D,6239,2026-05-05
台新北新,226.5,0,2000,9B28,6239,2026-05-05
台新北新,223.5,0,100,9B28,6239,2026-05-05
台新九如,229.0,0,1000,9B21,6239,2026-05-05
台新九如,227.5,1000,10000,9B21,6239,2026-05-05
台新九如,222.5,100,0,9B21,6239,2026-05-05
台新台北,236.0,10000,0,9B20,6239,2026-05-05
台新台北,234.5,1000,500,9B20,6239,2026-05-05
台新台北,233.5,0,1000,9B20,6239,2026-05-05
台新台北,231.5,2000,0,9B20,6239,2026-05-05
台新台北,230.5,0,1000,9B20,6239,2026-05-05
台新台北,229.0,1000,2000,9B20,6239,2026-05-05
台新台北,228.0,1000,0,9B20,6239,2026-05-05
台新台北,227.0,30000,0,9B20,6239,2026-05-05
台新台北,225.5,0,2000,9B20,6239,2026-05-05
台新台北,223.5,1000,0,9B20,6239,2026-05-05
台新台北,222.0,1000,0,9B20,6239,2026-05-05
台新台北,221.0,1000,0,9B20,6239,2026-05-05
台新台北,220.0,6000,0,9B20,6239,2026-05-05
台新中壢,233.0,30,0,9B1y,6239,2026-05-05
台新中壢,230.0,20,0,9B1y,6239,2026-05-05
台新中壢,227.5,1050,30,9B1y,6239,2026-05-05
台新中壢,225.5,1100,0,9B1y,6239,2026-05-05
台新中壢,223.5,3000,1000,9B1y,6239,2026-05-05
台新中壢,222.5,500,0,9B1y,6239,2026-05-05
台新中壢,221.5,50,0,9B1y,6239,2026-05-05
台新屏東,232.0,2000,0,9B1n,6239,2026-05-05
台新屏東,230.0,1000,0,9B1n,6239,2026-05-05
台新屏東,227.0,1000,1000,9B1n,6239,2026-05-05
台新屏東,225.0,1000,0,9B1n,6239,2026-05-05
台新屏東,223.5,10,0,9B1n,6239,2026-05-05
台新屏東,222.0,1000,0,9B1n,6239,2026-05-05
台新九如,231.0,0,5,9B21,6239,2026-05-05
台新北新,225.0,2000,0,9B28,6239,2026-05-05
台新新店,220.5,21000,10000,9B22,6239,2026-05-05
台新新店,224.5,1005,0,9B22,6239,2026-05-05
台新林園,236.0,0,1000,9B27,6239,2026-05-05
台新林園,231.0,1000,0,9B27,6239,2026-05-05
台新林園,227.5,0,2000,9B27,6239,2026-05-05
台新林園,226.5,0,5000,9B27,6239,2026-05-05
台新林園,225.0,0,10,9B27,6239,2026-05-05
台新林園,223.5,1000,1000,9B27,6239,2026-05-05
台新林園,222.0,2000,0,9B27,6239,2026-05-05
台新五權,233.0,1000,0,9B25,6239,2026-05-05
台新五權,230.5,30,1000,9B25,6239,2026-05-05
台新五權,228.5,5050,0,9B25,6239,2026-05-05
台新五權,227.5,1000,0,9B25,6239,2026-05-05
台新五權,225.5,100,0,9B25,6239,2026-05-05
台新五權,224.0,2050,0,9B25,6239,2026-05-05
台新五權,222.0,0,50000,9B25,6239,2026-05-05
台新五權,221.0,3000,0,9B25,6239,2026-05-05
台新三重,235.0,1000,0,9B23,6239,2026-05-05
台新三重,233.0,5000,2000,9B23,6239,2026-05-05
台新三重,230.0,5000,0,9B23,6239,2026-05-05
台新三重,229.0,2000,0,9B23,6239,2026-05-05
台新三重,227.5,8000,3000,9B23,6239,2026-05-05
台新三重,225.0,0,6000,9B23,6239,2026-05-05
台新三重,222.5,6000,0,9B23,6239,2026-05-05
台新新店,235.5,1000,0,9B22,6239,2026-05-05
台新新店,233.0,1000,0,9B22,6239,2026-05-05
台新新店,232.0,1000,0,9B22,6239,2026-05-05
台新新店,229.0,11000,1000,9B22,6239,2026-05-05
台新新店,228.0,2100,2000,9B22,6239,2026-05-05
台新新店,227.0,100,2000,9B22,6239,2026-05-05
台新新店,226.0,1000,0,9B22,6239,2026-05-05
台新新店,223.5,20000,0,9B22,6239,2026-05-05
富邦木柵,232.5,0,1000,961M,6239,2026-05-05
玉山桃園,225.0,250,1000,884F,6239,2026-05-05
富邦木柵,229.5,1000,0,961M,6239,2026-05-05
中銀豐原,221.5,1000,0,611A,6239,2026-05-05
中銀豐原,220.5,1000,0,611A,6239,2026-05-05
中銀高雄,227.5,0,2000,6116,6239,2026-05-05
中銀高雄,225.0,0,5000,6116,6239,2026-05-05
中銀高雄,223.5,20,0,6116,6239,2026-05-05
中銀高雄,222.5,5000,0,6116,6239,2026-05-05
中銀高雄,220.5,0,190000,6116,6239,2026-05-05
中銀台北,229.5,0,8000,6115,6239,2026-05-05
中銀台北,228.0,0,1000,6115,6239,2026-05-05
中銀員林,230.0,1000,2000,6114,6239,2026-05-05
中銀員林,228.5,6000,0,6114,6239,2026-05-05
中銀員林,227.5,6000,0,6114,6239,2026-05-05
中銀員林,226.0,1000,0,6114,6239,2026-05-05
中銀員林,224.5,0,200,6114,6239,2026-05-05
中銀豐原,223.5,0,1000,611A,6239,2026-05-05
中銀員林,223.0,3000,1000,6114,6239,2026-05-05
中銀員林,220.5,200,0,6114,6239,2026-05-05
台中銀,236.0,0,1000,6110,6239,2026-05-05
台中銀,235.0,1000,0,6110,6239,2026-05-05
台中銀,234.0,0,1000,6110,6239,2026-05-05
台中銀,233.0,1100,0,6110,6239,2026-05-05
台中銀,230.5,0,50,6110,6239,2026-05-05
台中銀,229.0,1000,0,6110,6239,2026-05-05
台中銀,227.5,4001,2000,6110,6239,2026-05-05
台中銀,226.5,5100,5000,6110,6239,2026-05-05
台中銀,225.5,0,3000,6110,6239,2026-05-05
台中銀,224.0,1010,7000,6110,6239,2026-05-05
台中銀,222.5,8200,400,6110,6239,2026-05-05
台中銀,221.0,5000,0,6110,6239,2026-05-05
?亞鑫豐,235.5,1000,0,601d,6239,2026-05-05
中銀員林,222.0,1000,1,6114,6239,2026-05-05
中銀豐原,225.0,1000,1000,611A,6239,2026-05-05
中銀豐原,226.0,1000,1000,611A,6239,2026-05-05
中銀豐原,227.0,2030,2000,611A,6239,2026-05-05
中信三重,233.5,0,1000,6161,6239,2026-05-05
中信三重,232.0,2000,0,6161,6239,2026-05-05
中信三重,230.0,2300,0,6161,6239,2026-05-05
中信三重,229.0,1000,3000,6161,6239,2026-05-05
中信三重,228.0,0,1000,6161,6239,2026-05-05
中信三重,227.0,1000,2000,6161,6239,2026-05-05
中信三重,226.0,50,0,6161,6239,2026-05-05
中信三重,224.0,100,0,6161,6239,2026-05-05
中信三重,223.0,2000,0,6161,6239,2026-05-05
中信三重,222.0,1000,0,6161,6239,2026-05-05
中信三重,220.5,1000,2000,6161,6239,2026-05-05
中國信託,235.5,2000,0,6160,6239,2026-05-05
中國信託,234.5,12620,3200,6160,6239,2026-05-05
中國信託,233.5,0,1000,6160,6239,2026-05-05
中國信託,232.0,2000,1000,6160,6239,2026-05-05
中國信託,231.0,21,0,6160,6239,2026-05-05
中國信託,229.5,1430,10000,6160,6239,2026-05-05
中銀豐原,228.0,0,7000,611A,6239,2026-05-05
中銀豐原,229.0,1000,0,611A,6239,2026-05-05
中銀豐原,230.5,1000,0,611A,6239,2026-05-05
中銀豐原,232.0,1000,0,611A,6239,2026-05-05
中銀豐原,234.5,9000,1000,611A,6239,2026-05-05
中國信託,220.5,144000,0,6160,6239,2026-05-05
?亞鑫豐,234.5,3000,300,601d,6239,2026-05-05
中國信託,221.5,6000,0,6160,6239,2026-05-05
中國信託,223.5,450,4000,6160,6239,2026-05-05
中國信託,224.5,3180,9260,6160,6239,2026-05-05
中國信託,225.5,80,1030,6160,6239,2026-05-05
中國信託,226.5,7000,2000,6160,6239,2026-05-05
中國信託,227.5,17304,9200,6160,6239,2026-05-05
中國信託,228.5,7450,2150,6160,6239,2026-05-05
中國信託,222.5,11100,5000,6160,6239,2026-05-05
中信三重,234.5,1068,0,6161,6239,2026-05-05
?亞鑫豐,233.5,0,1000,601d,6239,2026-05-05
?亞鑫豐,229.5,300,6040,601d,6239,2026-05-05
統一金門,225.0,1000,0,585W,6239,2026-05-05
統一金門,223.0,1000,0,585W,6239,2026-05-05
統一金門,221.5,0,1000,585W,6239,2026-05-05
統一南京,232.0,0,1000,585U,6239,2026-05-05
統一南京,229.5,0,7150,585U,6239,2026-05-05
統一南京,228.5,0,105,585U,6239,2026-05-05
統一南京,227.0,1000,0,585U,6239,2026-05-05
統一南京,225.5,0,16000,585U,6239,2026-05-05
統一南京,224.5,1000,34000,585U,6239,2026-05-05
統一南京,223.0,10,0,585U,6239,2026-05-05
統一宜蘭,236.0,0,10000,585S,6239,2026-05-05
統一宜蘭,234.5,1000,0,585S,6239,2026-05-05
統一宜蘭,232.0,0,1000,585S,6239,2026-05-05
統一宜蘭,228.5,1000,0,585S,6239,2026-05-05
統一金門,226.5,1000,0,585W,6239,2026-05-05
統一宜蘭,227.5,1000,1000,585S,6239,2026-05-05
統一宜蘭,225.0,4000,0,585S,6239,2026-05-05
統一宜蘭,222.0,1000,0,585S,6239,2026-05-05
統一東湖,236.5,0,22000,585R,6239,2026-05-05
統一東湖,235.5,0,1000,585R,6239,2026-05-05
統一東湖,234.5,0,1000,585R,6239,2026-05-05
統一東湖,230.0,1000,0,585R,6239,2026-05-05
統一東湖,228.0,3100,2000,585R,6239,2026-05-05
統一東湖,227.0,0,1000,585R,6239,2026-05-05
統一東湖,225.5,0,1000,585R,6239,2026-05-05
統一東湖,222.5,1000,0,585R,6239,2026-05-05
統一東湖,220.5,0,1000,585R,6239,2026-05-05
統一三多,235.0,0,1000,585Q,6239,2026-05-05
統一三多,230.0,1050,0,585Q,6239,2026-05-05
統一三多,228.5,60,1000,585Q,6239,2026-05-05
統一宜蘭,226.0,2000,0,585S,6239,2026-05-05
統一金門,227.5,1000,0,585W,6239,2026-05-05
統一金門,230.0,0,2000,585W,6239,2026-05-05
統一金門,232.5,1000,0,585W,6239,2026-05-05
?亞鑫豐,228.5,43,26,601d,6239,2026-05-05
?亞鑫豐,227.5,1000,5023,601d,6239,2026-05-05
?亞鑫豐,226.0,2000,0,601d,6239,2026-05-05
?亞鑫豐,225.0,1000,1000,601d,6239,2026-05-05
?亞鑫豐,223.5,5000,1000,601d,6239,2026-05-05
?亞鑫豐,222.5,2000,0,601d,6239,2026-05-05
?亞鑫豐,221.0,5000,0,601d,6239,2026-05-05
?亞網路,228.5,53,0,6012,6239,2026-05-05
?亞網路,225.0,1000,0,6012,6239,2026-05-05
?亞網路,224.0,200,0,6012,6239,2026-05-05
?亞,228.5,1000,0,6010,6239,2026-05-05
日茂,236.0,1000,0,5960,6239,2026-05-05
日茂,232.0,1000,0,5960,6239,2026-05-05
日茂,222.5,0,1000,5960,6239,2026-05-05
盈溢楠梓,233.0,1000,0,5862,6239,2026-05-05
盈溢楠梓,226.5,0,1000,5862,6239,2026-05-05
盈溢籬子內,228.0,0,5000,5861,6239,2026-05-05
統一金門,236.0,0,1000,585W,6239,2026-05-05
統一土城,222.5,1010,0,585Y,6239,2026-05-05
統一土城,224.5,0,5000,585Y,6239,2026-05-05
統一土城,228.5,100,0,585Y,6239,2026-05-05
統一土城,231.5,14000,0,585Y,6239,2026-05-05
統一土城,232.5,22000,0,585Y,6239,2026-05-05
?亞鑫豐,232.0,1000,0,601d,6239,2026-05-05
統一松江,220.5,100,0,585Z,6239,2026-05-05
統一松江,227.0,0,100,585Z,6239,2026-05-05
統一松江,228.0,2000,0,585Z,6239,2026-05-05
統一松江,229.5,100,0,585Z,6239,2026-05-05
統一松江,234.0,1000,0,585Z,6239,2026-05-05
統一松江,235.0,0,1000,585Z,6239,2026-05-05
盈溢籬子內,221.0,0,1000,5861,6239,2026-05-05
統一松江,225.0,1000,0,585Z,6239,2026-05-05
統一三多,227.5,1000,0,585Q,6239,2026-05-05
中信託忠,220.5,0,10000,6162,6239,2026-05-05
中信託忠,222.5,100,2000,6162,6239,2026-05-05
新百王,225.5,1000,0,6210,6239,2026-05-05
新百王,224.5,5350,0,6210,6239,2026-05-05
新百王,223.5,4000,1000,6210,6239,2026-05-05
新百王,222.5,1000,5000,6210,6239,2026-05-05
新百王,221.5,20,0,6210,6239,2026-05-05
新百王,220.5,6000,0,6210,6239,2026-05-05
中信託高,235.5,1000,0,616K,6239,2026-05-05
中信託高,234.5,1100,1200,616K,6239,2026-05-05
中信託高,233.0,4050,0,616K,6239,2026-05-05
中信託高,232.0,3000,0,616K,6239,2026-05-05
中信託高,230.0,4300,3000,616K,6239,2026-05-05
中信託高,228.0,2600,3000,616K,6239,2026-05-05
中信託高,227.0,4065,1000,616K,6239,2026-05-05
中信託高,225.5,1000,2000,616K,6239,2026-05-05
新百王,226.5,1000,0,6210,6239,2026-05-05
中信託高,224.5,0,3000,616K,6239,2026-05-05
中信託高,222.5,4000,5000,616K,6239,2026-05-05
中信託高,221.5,900,0,616K,6239,2026-05-05
中信中壢,236.0,0,1000,616A,6239,2026-05-05
中信中壢,235.0,2000,2000,616A,6239,2026-05-05
中信中壢,234.0,3000,0,616A,6239,2026-05-05
中信中壢,232.0,2000,20000,616A,6239,2026-05-05
中信中壢,230.0,70,0,616A,6239,2026-05-05
中信中壢,227.0,7030,45,616A,6239,2026-05-05
中信中壢,226.0,90,0,616A,6239,2026-05-05
中信中壢,224.5,230,50,616A,6239,2026-05-05
中信中壢,223.5,1300,0,616A,6239,2026-05-05
中信中壢,222.0,100,2000,616A,6239,2026-05-05
中信中壢,220.5,0,1000,616A,6239,2026-05-05
中信嘉義,235.5,2000,1000,6168,6239,2026-05-05
中信託高,223.5,0,1000,616K,6239,2026-05-05
新百王,227.5,300,8000,6210,6239,2026-05-05
新百王,228.5,4000,0,6210,6239,2026-05-05
新百王,229.5,10,0,6210,6239,2026-05-05
光和花壇,234.5,4000,0,6385,6239,2026-05-05
光和花壇,229.5,5000,0,6385,6239,2026-05-05
光和花壇,228.0,10000,1000,6385,6239,2026-05-05
光和花壇,225.5,5000,0,6385,6239,2026-05-05
光和花壇,222.0,1000,9000,6385,6239,2026-05-05
光和和美,229.5,0,50,6383,6239,2026-05-05
光和和美,227.5,0,1100,6383,6239,2026-05-05
光和和美,223.5,1000,0,6383,6239,2026-05-05
光和和美,220.5,1100,0,6383,6239,2026-05-05
光和田中,233.5,1000,0,6382,6239,2026-05-05
光和田中,230.5,1000,0,6382,6239,2026-05-05
光和田中,228.5,3060,0,6382,6239,2026-05-05
光和田中,227.5,0,1000,6382,6239,2026-05-05
光和田中,224.0,0,200,6382,6239,2026-05-05
光和田中,222.5,200,0,6382,6239,2026-05-05
光和溪湖,234.5,0,1000,6381,6239,2026-05-05
光和溪湖,232.5,1000,0,6381,6239,2026-05-05
新百王,232.5,0,7000,6210,6239,2026-05-05
新百王,235.0,0,1000,6210,6239,2026-05-05
光和,220.5,1000,0,6380,6239,2026-05-05
光和,223.0,51000,0,6380,6239,2026-05-05
光和,224.0,1000,0,6380,6239,2026-05-05
光和,225.5,1000,0,6380,6239,2026-05-05
中信嘉義,233.5,0,1000,6168,6239,2026-05-05
光和,227.0,4000,1050,6380,6239,2026-05-05
光和,229.0,0,100,6380,6239,2026-05-05
光和,232.0,0,100,6380,6239,2026-05-05
光和溪湖,221.0,0,2000,6381,6239,2026-05-05
光和溪湖,225.5,1000,0,6381,6239,2026-05-05
光和溪湖,228.5,2150,0,6381,6239,2026-05-05
光和溪湖,231.5,1000,0,6381,6239,2026-05-05
光和,228.0,4000,15000,6380,6239,2026-05-05
中信託忠,221.5,3000,0,6162,6239,2026-05-05
中信嘉義,232.0,2000,0,6168,6239,2026-05-05
中信嘉義,229.0,4000,1000,6168,6239,2026-05-05
中信託文,224.5,1700,0,6164,6239,2026-05-05
中信託文,223.5,5000,2000,6164,6239,2026-05-05
中信託文,222.5,0,1000,6164,6239,2026-05-05
中信託文,220.5,2000,0,6164,6239,2026-05-05
中信託永,235.0,1000,1000,6163,6239,2026-05-05
中信託永,234.0,2000,1000,6163,6239,2026-05-05
中信託永,233.0,1000,2000,6163,6239,2026-05-05
中信託永,232.0,1000,0,6163,6239,2026-05-05
中信託永,230.0,1100,1000,6163,6239,2026-05-05
中信託永,229.0,6060,200,6163,6239,2026-05-05
中信託永,228.0,3000,4100,6163,6239,2026-05-05
中信託永,227.0,6000,1000,6163,6239,2026-05-05
中信託永,226.0,1000,0,6163,6239,2026-05-05
中信託永,225.0,12000,2000,6163,6239,2026-05-05
中信託文,225.5,4100,0,6164,6239,2026-05-05
中信託永,223.5,100,0,6163,6239,2026-05-05
中信託永,221.0,2000,0,6163,6239,2026-05-05
中信託忠,236.5,1000,0,6162,6239,2026-05-05
中信託忠,235.5,2000,0,6162,6239,2026-05-05
中信託忠,234.5,1185,2150,6162,6239,2026-05-05
中信託忠,233.5,4000,0,6162,6239,2026-05-05
中信託忠,232.5,2000,0,6162,6239,2026-05-05
中信託忠,230.5,1000,1000,6162,6239,2026-05-05
中信託忠,229.5,1400,1000,6162,6239,2026-05-05
中信託忠,228.5,6950,0,6162,6239,2026-05-05
中信託忠,227.5,12600,40000,6162,6239,2026-05-05
中信託忠,226.5,2000,0,6162,6239,2026-05-05
中信託忠,225.5,2000,500,6162,6239,2026-05-05
中信託忠,224.5,5050,5000,6162,6239,2026-05-05
中信託忠,223.5,2331,3500,6162,6239,2026-05-05
中信託永,222.5,3450,0,6163,6239,2026-05-05
中信託文,226.5,10100,1100,6164,6239,2026-05-05
中信託文,227.5,2220,3000,6164,6239,2026-05-05
中信託文,228.5,5520,4000,6164,6239,2026-05-05
中信嘉義,228.0,1000,0,6168,6239,2026-05-05
中信嘉義,226.5,2000,2000,6168,6239,2026-05-05
中信嘉義,225.5,500,0,6168,6239,2026-05-05
中信嘉義,224.5,0,1000,6168,6239,2026-05-05
中信嘉義,223.5,1000,0,6168,6239,2026-05-05
中信嘉義,221.0,1000,0,6168,6239,2026-05-05
中信松江,236.0,1000,0,6167,6239,2026-05-05
中信松江,235.0,3000,0,6167,6239,2026-05-05
中信松江,230.0,100,0,6167,6239,2026-05-05
中信松江,228.0,5000,0,6167,6239,2026-05-05
中信松江,227.0,0,1000,6167,6239,2026-05-05
中信松江,225.0,4000,1000,6167,6239,2026-05-05
中信松江,222.5,2000,0,6167,6239,2026-05-05
中信託新,234.5,300,100,6165,6239,2026-05-05
中信託新,233.5,1000,0,6165,6239,2026-05-05
中信託新,231.5,0,200,6165,6239,2026-05-05
中信託新,230.0,1100,1250,6165,6239,2026-05-05
中信託文,229.5,0,6000,6164,6239,2026-05-05
中信託文,230.5,1000,0,6164,6239,2026-05-05
中信託文,231.5,100,297,6164,6239,2026-05-05
中信託文,232.5,0,6000,6164,6239,2026-05-05
中信託文,233.5,1000,0,6164,6239,2026-05-05
中信託文,234.5,6000,0,6164,6239,2026-05-05
中信嘉義,230.5,1000,100,6168,6239,2026-05-05
中信託文,235.5,2000,0,6164,6239,2026-05-05
中信託新,222.5,65,0,6165,6239,2026-05-05
中信託新,223.5,2000,0,6165,6239,2026-05-05
中信託新,224.5,0,300,6165,6239,2026-05-05
中信託新,227.0,1000,0,6165,6239,2026-05-05
中信託新,228.0,1100,1000,6165,6239,2026-05-05
中信託新,229.0,1000,1000,6165,6239,2026-05-05
中信託新,220.5,40,1000,6165,6239,2026-05-05
光和嘉義,223.0,1000,0,638A,6239,2026-05-05
統一三多,226.5,0,1000,585Q,6239,2026-05-05
統一三多,222.0,30,0,585Q,6239,2026-05-05
統一敦南,224.0,50,0,5852,6239,2026-05-05
統一高雄,232.0,0,2000,5851,6239,2026-05-05
統一高雄,227.5,1000,0,5851,6239,2026-05-05
統一高雄,226.5,4000,0,5851,6239,2026-05-05
統一高雄,225.0,0,100,5851,6239,2026-05-05
統一高雄,221.0,0,3000,5851,6239,2026-05-05
統一,235.5,1000,6000,5850,6239,2026-05-05
統一,234.5,5000,2000,5850,6239,2026-05-05
統一,233.5,6000,1000,5850,6239,2026-05-05
統一,232.5,1000,0,5850,6239,2026-05-05
統一,231.5,1000,2997,5850,6239,2026-05-05
統一,230.5,10000,1000,5850,6239,2026-05-05
統一,229.5,0,18895,5850,6239,2026-05-05
統一,228.5,33700,1387,5850,6239,2026-05-05
統一敦南,227.0,0,1000,5852,6239,2026-05-05
統一,227.5,42250,1814,5850,6239,2026-05-05
統一,225.5,3000,3020,5850,6239,2026-05-05
統一,224.5,1015,39000,5850,6239,2026-05-05
統一,223.5,7145,1000,5850,6239,2026-05-05
統一,222.5,4000,6000,5850,6239,2026-05-05
統一,221.0,1000,0,5850,6239,2026-05-05
日進,236.5,0,1000,5660,6239,2026-05-05
日進,233.0,1000,1000,5660,6239,2026-05-05
日進,228.0,0,400,5660,6239,2026-05-05
日進,226.5,0,1000,5660,6239,2026-05-05
日進,223.0,0,1000,5660,6239,2026-05-05
永興大墩,232.0,1000,0,5604,6239,2026-05-05
永興大墩,222.5,0,1000,5604,6239,2026-05-05
永興台中,232.0,2000,1000,5603,6239,2026-05-05
永興台中,227.0,5050,11000,5603,6239,2026-05-05
統一,226.5,4000,16140,5850,6239,2026-05-05
統一敦南,228.0,2000,0,5852,6239,2026-05-05
統一敦南,229.0,0,200,5852,6239,2026-05-05
統一敦南,235.0,0,1000,5852,6239,2026-05-05
統一台中,223.0,3000,1000,5856,6239,2026-05-05
統一台中,222.0,1000,0,5856,6239,2026-05-05
統一台南,229.5,0,2000,5855,6239,2026-05-05
統一台南,228.5,0,1000,5855,6239,2026-05-05
統一台南,227.5,2000,1000,5855,6239,2026-05-05
統一台南,226.5,0,2000,5855,6239,2026-05-05
統一台南,225.5,1000,1000,5855,6239,2026-05-05
統一台南,224.5,0,1000,5855,6239,2026-05-05
統一台南,223.5,1000,2000,5855,6239,2026-05-05
統一台南,222.5,2000,1000,5855,6239,2026-05-05
統一台南,221.0,2050,0,5855,6239,2026-05-05
統一城中,235.5,1000,0,5854,6239,2026-05-05
統一城中,234.0,0,1000,5854,6239,2026-05-05
統一城中,233.0,1000,0,5854,6239,2026-05-05
統一城中,232.0,2000,0,5854,6239,2026-05-05
統一城中,230.0,0,2000,5854,6239,2026-05-05
統一城中,229.0,0,1000,5854,6239,2026-05-05
統一中壢,221.0,20,0,5853,6239,2026-05-05
統一中壢,225.0,1000,0,5853,6239,2026-05-05
統一中壢,227.5,8000,10,5853,6239,2026-05-05
統一中壢,228.5,43,60,5853,6239,2026-05-05
統一中壢,229.5,1,20,5853,6239,2026-05-05
統一中壢,230.5,0,20,5853,6239,2026-05-05
永興台中,225.0,13000,0,5603,6239,2026-05-05
統一中壢,233.5,0,1000,5853,6239,2026-05-05
統一城中,222.5,2000,1000,5854,6239,2026-05-05
統一城中,223.5,0,1000,5854,6239,2026-05-05
統一城中,224.5,2000,1000,5854,6239,2026-05-05
統一城中,226.0,0,1000,5854,6239,2026-05-05
統一城中,227.0,0,1000,5854,6239,2026-05-05
統一城中,228.0,2000,0,5854,6239,2026-05-05
統一城中,221.0,1000,1000,5854,6239,2026-05-05
統一台中,224.0,2000,0,5856,6239,2026-05-05
永興台中,223.5,11000,0,5603,6239,2026-05-05
永興水湳,228.0,0,1200,5602,6239,2026-05-05
第一路竹,226.5,0,1000,538P,6239,2026-05-05
第一路竹,225.5,1000,2000,538P,6239,2026-05-05
第一路竹,224.5,2000,3000,538P,6239,2026-05-05
第一路竹,223.5,1045,1000,538P,6239,2026-05-05
第一路竹,222.5,1000,0,538P,6239,2026-05-05
第一路竹,221.5,1000,0,538P,6239,2026-05-05
第一豐原,235.0,1000,0,538N,6239,2026-05-05
第一豐原,234.0,0,1000,538N,6239,2026-05-05
第一豐原,232.5,0,5000,538N,6239,2026-05-05
第一豐原,229.5,0,1000,538N,6239,2026-05-05
第一豐原,228.5,1000,0,538N,6239,2026-05-05
第一豐原,227.5,0,1000,538N,6239,2026-05-05
第一豐原,226.5,1000,0,538N,6239,2026-05-05
第一豐原,224.5,100,0,538N,6239,2026-05-05
第一路竹,227.5,3025,1000,538P,6239,2026-05-05
第一豐原,223.0,10000,0,538N,6239,2026-05-05
第一嘉義,235.0,2000,0,538M,6239,2026-05-05
第一嘉義,234.0,1000,0,538M,6239,2026-05-05
第一嘉義,230.0,6000,50,538M,6239,2026-05-05
第一嘉義,228.5,0,2005,538M,6239,2026-05-05
第一嘉義,227.5,10000,42,538M,6239,2026-05-05
第一嘉義,226.0,10,1000,538M,6239,2026-05-05
第一嘉義,225.0,1000,0,538M,6239,2026-05-05
第一嘉義,224.0,100,0,538M,6239,2026-05-05
第一嘉義,223.0,25,0,538M,6239,2026-05-05
第一嘉義,221.5,200,0,538M,6239,2026-05-05
第一安和,233.5,1000,0,538j,6239,2026-05-05
第一安和,229.5,1,0,538j,6239,2026-05-05
第一安和,227.0,100,0,538j,6239,2026-05-05
第一安和,225.0,1050,0,538j,6239,2026-05-05
第一嘉義,236.0,0,1000,538M,6239,2026-05-05
第一路竹,229.5,1000,0,538P,6239,2026-05-05
第一路竹,231.0,1000,0,538P,6239,2026-05-05
第一路竹,232.0,3000,1000,538P,6239,2026-05-05
永興水湳,227.0,2000,0,5602,6239,2026-05-05
永興水湳,224.5,1000,0,5602,6239,2026-05-05
永興,232.5,1000,0,5600,6239,2026-05-05
永興,229.0,0,2000,5600,6239,2026-05-05
永興,228.0,3000,0,5600,6239,2026-05-05
永興,227.0,1000,0,5600,6239,2026-05-05
永興,225.0,1000,1000,5600,6239,2026-05-05
永興,221.5,0,1000,5600,6239,2026-05-05
第一中壢,236.0,0,2000,538Y,6239,2026-05-05
第一中壢,234.5,2000,0,538Y,6239,2026-05-05
第一中壢,232.0,1000,0,538Y,6239,2026-05-05
第一中壢,229.5,10,25,538Y,6239,2026-05-05
第一中壢,228.5,5000,1000,538Y,6239,2026-05-05
第一中壢,227.5,0,960,538Y,6239,2026-05-05
第一中壢,226.5,0,1000,538Y,6239,2026-05-05
第一中壢,225.0,3133,0,538Y,6239,2026-05-05
第一中壢,224.0,0,2200,538Y,6239,2026-05-05
第一路竹,234.0,0,2000,538P,6239,2026-05-05
第一華江,220.5,2000,0,538W,6239,2026-05-05
第一華江,222.0,5000,0,538W,6239,2026-05-05
第一華江,223.0,1084,0,538W,6239,2026-05-05
第一華江,224.5,110,10004,538W,6239,2026-05-05
第一華江,226.0,3000,0,538W,6239,2026-05-05
永興台中,222.5,1000,0,5603,6239,2026-05-05
第一華江,227.5,1,8000,538W,6239,2026-05-05
第一華江,229.5,350,0,538W,6239,2026-05-05
第一華江,232.0,4000,0,538W,6239,2026-05-05
第一華江,234.0,1000,0,538W,6239,2026-05-05
第一中壢,220.5,1000,0,538Y,6239,2026-05-05
第一中壢,221.5,92,0,538Y,6239,2026-05-05
第一中壢,223.0,100,4000,538Y,6239,2026-05-05
第一華江,228.5,4,2000,538W,6239,2026-05-05
統一三多,225.0,2000,0,585Q,6239,2026-05-05
統一台中,225.5,1000,0,5856,6239,2026-05-05
統一台中,228.0,7000,0,5856,6239,2026-05-05
統一員林,229.5,70,2000,585I,6239,2026-05-05
統一員林,228.5,5000,0,585I,6239,2026-05-05
統一員林,227.5,5000,1000,585I,6239,2026-05-05
統一員林,226.5,16000,0,585I,6239,2026-05-05
統一員林,224.0,10,0,585I,6239,2026-05-05
統一桃園,234.0,1000,0,585H,6239,2026-05-05
統一桃園,232.5,2000,0,585H,6239,2026-05-05
統一桃園,231.5,1000,0,585H,6239,2026-05-05
統一桃園,229.0,1000,5000,585H,6239,2026-05-05
統一桃園,228.0,34,2000,585H,6239,2026-05-05
統一桃園,227.0,0,2000,585H,6239,2026-05-05
統一桃園,224.0,1000,0,585H,6239,2026-05-05
統一桃園,223.0,1000,1000,585H,6239,2026-05-05
統一平鎮,235.5,3000,0,585g,6239,2026-05-05
統一員林,232.5,1000,0,585I,6239,2026-05-05
統一平鎮,234.0,1000,0,585g,6239,2026-05-05
統一平鎮,230.0,100,0,585g,6239,2026-05-05
統一平鎮,229.0,4000,2000,585g,6239,2026-05-05
統一平鎮,227.5,2000,4000,585g,6239,2026-05-05
統一平鎮,225.0,0,6000,585g,6239,2026-05-05
統一平鎮,220.5,2000,0,585g,6239,2026-05-05
統一彰化,234.5,0,1107,585F,6239,2026-05-05
統一彰化,233.5,0,1000,585F,6239,2026-05-05
統一彰化,231.0,0,1000,585F,6239,2026-05-05
統一彰化,229.5,1000,0,585F,6239,2026-05-05
統一彰化,228.5,4020,0,585F,6239,2026-05-05
統一彰化,227.0,200,1000,585F,6239,2026-05-05
統一彰化,224.0,1000,0,585F,6239,2026-05-05
統一彰化,220.0,1000,0,585F,6239,2026-05-05
統一新營,231.5,0,1000,585E,6239,2026-05-05
統一平鎮,232.5,2000,0,585g,6239,2026-05-05
統一三重,220.5,1000,0,585J,6239,2026-05-05
統一三重,221.5,1000,0,585J,6239,2026-05-05
統一三重,223.0,20,0,585J,6239,2026-05-05
統一板橋,235.5,1000,0,585P,6239,2026-05-05
統一板橋,234.0,2000,0,585P,6239,2026-05-05
統一板橋,228.0,0,6000,585P,6239,2026-05-05
統一板橋,226.0,2000,0,585P,6239,2026-05-05
統一板橋,223.5,0,1000,585P,6239,2026-05-05
統一士林,235.5,0,5000,585M,6239,2026-05-05
統一士林,234.0,1000,0,585M,6239,2026-05-05
統一士林,233.0,0,5000,585M,6239,2026-05-05
統一士林,231.5,20,0,585M,6239,2026-05-05
統一士林,229.0,4000,0,585M,6239,2026-05-05
統一士林,227.5,2000,30000,585M,6239,2026-05-05
統一士林,226.5,0,1000,585M,6239,2026-05-05
統一士林,224.5,20,28000,585M,6239,2026-05-05
統一士林,223.0,4000,0,585M,6239,2026-05-05
統一士林,220.5,30000,0,585M,6239,2026-05-05
統一竹南,232.0,3000,0,585m,6239,2026-05-05
統一竹南,230.0,2000,10,585m,6239,2026-05-05
統一三重,224.0,1000,0,585J,6239,2026-05-05
統一三重,225.0,100,0,585J,6239,2026-05-05
統一三重,226.0,0,2000,585J,6239,2026-05-05
統一三重,227.0,1000,5000,585J,6239,2026-05-05
統一三重,228.0,14000,5000,585J,6239,2026-05-05
統一三重,230.0,4000,0,585J,6239,2026-05-05
統一新營,230.0,0,2000,585E,6239,2026-05-05
統一三重,231.5,100,0,585J,6239,2026-05-05
統一三重,234.5,0,1000,585J,6239,2026-05-05
統一三重,235.5,0,1000,585J,6239,2026-05-05
統一竹南,220.0,1000,0,585m,6239,2026-05-05
統一竹南,223.0,100,0,585m,6239,2026-05-05
統一竹南,225.0,50,0,585m,6239,2026-05-05
統一竹南,228.0,3000,0,585m,6239,2026-05-05
統一三重,233.0,1100,0,585J,6239,2026-05-05
統一台中,226.5,0,1000,5856,6239,2026-05-05
統一新營,229.0,3005,0,585E,6239,2026-05-05
統一新營,225.0,1000,0,585E,6239,2026-05-05
統一基隆,222.0,1000,0,585A,6239,2026-05-05
統一屏東,235.0,0,1000,5859,6239,2026-05-05
統一屏東,234.0,1000,0,5859,6239,2026-05-05
統一屏東,231.0,0,1000,5859,6239,2026-05-05
統一屏東,229.0,0,1000,5859,6239,2026-05-05
統一屏東,226.5,1000,1000,5859,6239,2026-05-05
統一屏東,224.5,2000,0,5859,6239,2026-05-05
統一屏東,223.5,1000,0,5859,6239,2026-05-05
統一屏東,221.5,90,0,5859,6239,2026-05-05
統一嘉義,234.5,1000,0,5858,6239,2026-05-05
統一嘉義,233.0,1000,0,5858,6239,2026-05-05
統一嘉義,229.0,1000,0,5858,6239,2026-05-05
統一嘉義,228.0,60,0,5858,6239,2026-05-05
統一嘉義,227.0,0,2000,5858,6239,2026-05-05
統一基隆,223.5,1000,0,585A,6239,2026-05-05
統一嘉義,224.0,10,0,5858,6239,2026-05-05
統一新竹,233.5,0,1000,5857,6239,2026-05-05
統一新竹,232.0,2000,2000,5857,6239,2026-05-05
統一新竹,230.5,1000,0,5857,6239,2026-05-05
統一新竹,229.5,0,4000,5857,6239,2026-05-05
統一新竹,227.5,2000,6000,5857,6239,2026-05-05
統一新竹,226.5,0,1000,5857,6239,2026-05-05
統一新竹,225.5,1050,1000,5857,6239,2026-05-05
統一新竹,224.5,0,1000,5857,6239,2026-05-05
統一新竹,223.5,0,300,5857,6239,2026-05-05
統一新竹,220.5,1000,0,5857,6239,2026-05-05
統一台中,236.5,0,1000,5856,6239,2026-05-05
統一台中,234.5,1000,0,5856,6239,2026-05-05
統一台中,233.0,1000,0,5856,6239,2026-05-05
統一台中,230.0,100,0,5856,6239,2026-05-05
統一新竹,235.5,2000,0,5857,6239,2026-05-05
統一基隆,226.0,0,1000,585A,6239,2026-05-05
統一基隆,227.0,0,3000,585A,6239,2026-05-05
統一基隆,228.0,1000,3001,585A,6239,2026-05-05
統一新營,222.5,0,1000,585E,6239,2026-05-05
統一新營,220.5,1000,0,585E,6239,2026-05-05
統一新台中,235.5,6000,5000,585D,6239,2026-05-05
統一新台中,234.5,0,5000,585D,6239,2026-05-05
統一新台中,233.5,0,1000,585D,6239,2026-05-05
統一新台中,232.0,2000,10000,585D,6239,2026-05-05
統一新台中,230.0,500,0,585D,6239,2026-05-05
統一新台中,229.0,101000,1200,585D,6239,2026-05-05
統一新台中,228.0,0,1300,585D,6239,2026-05-05
統一新台中,227.0,2000,0,585D,6239,2026-05-05
統一新台中,224.5,1002,1000,585D,6239,2026-05-05
統一新台中,223.5,1200,0,585D,6239,2026-05-05
統一新台中,222.0,11014,0,585D,6239,2026-05-05
統一仁愛,235.0,0,1000,585c,6239,2026-05-05
統一仁愛,233.5,2000,0,585c,6239,2026-05-05
統一仁愛,232.0,0,1000,585c,6239,2026-05-05
統一仁愛,230.0,3000,0,585c,6239,2026-05-05
統一基隆,229.5,1000,1000,585A,6239,2026-05-05
統一基隆,230.5,4000,0,585A,6239,2026-05-05
統一基隆,233.5,0,1000,585A,6239,2026-05-05
統一內湖,224.0,1000,0,585b,6239,2026-05-05
統一內湖,225.5,1000,0,585b,6239,2026-05-05
統一內湖,228.0,0,2000,585b,6239,2026-05-05
統一新營,227.5,0,1000,585E,6239,2026-05-05
統一永和,220.5,50,0,585B,6239,2026-05-05
統一仁愛,220.5,2000,0,585c,6239,2026-05-05
統一仁愛,223.0,1000,0,585c,6239,2026-05-05
統一仁愛,224.5,0,1000,585c,6239,2026-05-05
統一仁愛,226.0,0,2000,585c,6239,2026-05-05
統一仁愛,227.5,2000,1000,585c,6239,2026-05-05
統一仁愛,228.5,0,1000,585c,6239,2026-05-05
統一永和,223.5,100,0,585B,6239,2026-05-05
第一頭份,235.0,0,1000,538I,6239,2026-05-05
光和嘉義,224.0,0,3000,638A,6239,2026-05-05
光和嘉義,231.0,1000,0,638A,6239,2026-05-05
兆豐小港,230.0,150,0,700R,6239,2026-05-05
兆豐小港,228.0,0,3000,700R,6239,2026-05-05
兆豐小港,227.0,0,1000,700R,6239,2026-05-05
兆豐小港,223.0,50,0,700R,6239,2026-05-05
兆豐寶成,235.5,1000,0,700r,6239,2026-05-05
兆豐寶成,234.5,13000,0,700r,6239,2026-05-05
兆豐寶成,232.0,0,5000,700r,6239,2026-05-05
兆豐寶成,230.0,500,50,700r,6239,2026-05-05
兆豐寶成,228.5,0,230,700r,6239,2026-05-05
兆豐寶成,227.5,0,200,700r,6239,2026-05-05
兆豐寶成,226.5,3000,0,700r,6239,2026-05-05
兆豐寶成,225.0,2000,0,700r,6239,2026-05-05
兆豐寶成,224.0,3014,0,700r,6239,2026-05-05
兆豐寶成,223.0,77,0,700r,6239,2026-05-05
兆豐小港,236.0,9000,0,700R,6239,2026-05-05
兆豐寶成,221.5,8,0,700r,6239,2026-05-05
兆豐南京,233.5,0,2000,700P,6239,2026-05-05
兆豐南京,232.0,0,1000,700P,6239,2026-05-05
兆豐南京,226.0,0,1000,700P,6239,2026-05-05
兆豐南京,223.0,0,2000,700P,6239,2026-05-05
兆豐南京,220.5,0,2000,700P,6239,2026-05-05
兆豐復興,230.5,3000,0,700p,6239,2026-05-05
兆豐復興,229.0,0,1000,700p,6239,2026-05-05
兆豐復興,228.0,5000,0,700p,6239,2026-05-05
兆豐復興,227.0,1000,2000,700p,6239,2026-05-05
兆豐復興,224.5,5000,0,700p,6239,2026-05-05
兆豐復興,223.5,0,1000,700p,6239,2026-05-05
兆豐復興,220.5,1000,0,700p,6239,2026-05-05
兆豐埔墘,232.0,0,400,700N,6239,2026-05-05
兆豐埔墘,230.5,50,0,700N,6239,2026-05-05
兆豐南京,235.5,0,4000,700P,6239,2026-05-05
兆豐岡山,223.0,0,1000,700s,6239,2026-05-05
兆豐岡山,225.0,1000,0,700s,6239,2026-05-05
兆豐岡山,226.5,1000,3000,700s,6239,2026-05-05
兆豐新竹,233.0,500,0,700V,6239,2026-05-05
兆豐新竹,232.0,10000,1000,700V,6239,2026-05-05
兆豐新竹,230.5,1000,0,700V,6239,2026-05-05
兆豐新竹,229.5,0,1000,700V,6239,2026-05-05
兆豐新竹,228.0,3000,0,700V,6239,2026-05-05
兆豐新竹,227.0,1000,1000,700V,6239,2026-05-05
兆豐新竹,225.5,2000,0,700V,6239,2026-05-05
兆豐新竹,224.0,400,2000,700V,6239,2026-05-05
兆豐新竹,223.0,1000,0,700V,6239,2026-05-05
兆豐新竹,222.0,0,1000,700V,6239,2026-05-05
兆豐新竹,220.5,2000,0,700V,6239,2026-05-05
兆豐桃鶯,236.0,1000,0,700U,6239,2026-05-05
兆豐桃鶯,233.5,0,2000,700U,6239,2026-05-05
兆豐桃鶯,232.0,1000,1000,700U,6239,2026-05-05
兆豐桃鶯,230.0,1000,100,700U,6239,2026-05-05
兆豐桃鶯,229.0,0,3000,700U,6239,2026-05-05
兆豐桃鶯,228.0,0,2000,700U,6239,2026-05-05
兆豐岡山,227.5,0,1000,700s,6239,2026-05-05
兆豐岡山,229.0,0,1000,700s,6239,2026-05-05
兆豐岡山,232.0,0,2000,700s,6239,2026-05-05
兆豐岡山,234.5,1000,0,700s,6239,2026-05-05
兆豐大同,223.0,100,1000,700S,6239,2026-05-05
兆豐大同,225.5,1250,0,700S,6239,2026-05-05
兆豐埔墘,228.5,1000,1000,700N,6239,2026-05-05
兆豐大同,227.0,0,2000,700S,6239,2026-05-05
兆豐大同,230.0,250,0,700S,6239,2026-05-05
兆豐大同,235.0,1000,0,700S,6239,2026-05-05
兆豐桃鶯,220.5,1000,0,700U,6239,2026-05-05
兆豐桃鶯,222.0,1000,0,700U,6239,2026-05-05
兆豐桃鶯,224.5,200,0,700U,6239,2026-05-05
兆豐桃鶯,227.0,2000,0,700U,6239,2026-05-05
兆豐大同,228.5,0,1000,700S,6239,2026-05-05
兆豐新竹,234.5,350,1000,700V,6239,2026-05-05
兆豐埔墘,227.0,4000,0,700N,6239,2026-05-05
兆豐埔墘,223.5,9000,0,700N,6239,2026-05-05
兆豐公益,227.5,1100,0,700J,6239,2026-05-05
兆豐公益,225.0,0,1000,700J,6239,2026-05-05
兆豐公益,223.5,10,1000,700J,6239,2026-05-05
兆豐公益,222.5,2000,0,700J,6239,2026-05-05
兆豐公益,220.0,1000,0,700J,6239,2026-05-05
兆豐大安,227.5,3300,0,700j,6239,2026-05-05
兆豐大安,226.0,300,0,700j,6239,2026-05-05
兆豐大安,224.0,400,0,700j,6239,2026-05-05
兆豐大安,220.5,201,0,700j,6239,2026-05-05
兆豐北高,235.0,1000,1000,700I,6239,2026-05-05
兆豐北高,234.0,0,3000,700I,6239,2026-05-05
兆豐北高,231.5,1000,0,700I,6239,2026-05-05
兆豐北高,229.5,105,0,700I,6239,2026-05-05
兆豐北高,227.5,5000,0,700I,6239,2026-05-05
兆豐公益,228.5,0,40,700J,6239,2026-05-05
兆豐北高,226.0,0,2000,700I,6239,2026-05-05
兆豐北高,222.0,24000,1000,700I,6239,2026-05-05
兆豐松德,234.0,0,1000,700i,6239,2026-05-05
兆豐松德,231.0,0,100,700i,6239,2026-05-05
兆豐松德,229.5,0,234,700i,6239,2026-05-05
兆豐松德,227.0,0,1000,700i,6239,2026-05-05
兆豐松德,225.5,1000,0,700i,6239,2026-05-05
兆豐松德,224.0,100,0,700i,6239,2026-05-05
兆豐東門,234.0,0,2000,700H,6239,2026-05-05
兆豐東門,230.5,1000,0,700H,6239,2026-05-05
兆豐東門,229.5,200,0,700H,6239,2026-05-05
兆豐東門,228.0,1000,0,700H,6239,2026-05-05
兆豐東門,227.0,100,1000,700H,6239,2026-05-05
兆豐東門,223.5,500,0,700H,6239,2026-05-05
兆豐三民,234.5,0,1000,700h,6239,2026-05-05
兆豐北高,224.0,1000,0,700I,6239,2026-05-05
兆豐公益,233.0,30,0,700J,6239,2026-05-05
兆豐公益,234.0,1000,0,700J,6239,2026-05-05
兆豐員林,220.5,2000,0,700k,6239,2026-05-05
兆豐桃園,233.5,1000,0,700M,6239,2026-05-05
兆豐桃園,230.5,1000,0,700M,6239,2026-05-05
兆豐桃園,229.0,1000,4000,700M,6239,2026-05-05
兆豐桃園,228.0,4000,0,700M,6239,2026-05-05
兆豐桃園,227.0,5000,1000,700M,6239,2026-05-05
兆豐桃園,225.5,1000,0,700M,6239,2026-05-05
兆豐桃園,224.5,2000,0,700M,6239,2026-05-05
兆豐桃園,223.5,1000,1000,700M,6239,2026-05-05
兆豐桃園,222.5,1000,0,700M,6239,2026-05-05
兆豐桃園,221.0,2000,0,700M,6239,2026-05-05
兆豐天母,234.5,12,0,700L,6239,2026-05-05
兆豐天母,230.0,1000,1000,700L,6239,2026-05-05
兆豐天母,228.0,1000,0,700L,6239,2026-05-05
兆豐天母,224.5,50,0,700L,6239,2026-05-05
兆豐新營,235.5,0,6000,700K,6239,2026-05-05
兆豐新營,230.0,1000,4200,700K,6239,2026-05-05
兆豐新營,229.0,1000,0,700K,6239,2026-05-05
兆豐員林,222.5,1000,0,700k,6239,2026-05-05
兆豐員林,223.5,1000,0,700k,6239,2026-05-05
兆豐員林,225.0,10,0,700k,6239,2026-05-05
兆豐員林,227.0,145,1000,700k,6239,2026-05-05
兆豐員林,228.0,0,2000,700k,6239,2026-05-05
兆豐員林,229.5,180,0,700k,6239,2026-05-05
兆豐埔墘,225.0,40,0,700N,6239,2026-05-05
兆豐員林,231.0,0,1000,700k,6239,2026-05-05
兆豐員林,234.5,1000,0,700k,6239,2026-05-05
兆豐新營,221.0,1000,0,700K,6239,2026-05-05
兆豐新營,222.0,1000,0,700K,6239,2026-05-05
兆豐新營,224.0,15,0,700K,6239,2026-05-05
兆豐新營,225.0,1100,0,700K,6239,2026-05-05
兆豐新營,228.0,1000,2000,700K,6239,2026-05-05
兆豐員林,233.0,180,0,700k,6239,2026-05-05
兆豐三民,232.0,1020,0,700h,6239,2026-05-05
兆豐新莊,223.0,300,0,700w,6239,2026-05-05
兆豐新莊,229.0,1015,7,700w,6239,2026-05-05
國票內壢,229.5,0,1000,7798,6239,2026-05-05
國票內壢,228.5,0,1,7798,6239,2026-05-05
國票內壢,227.5,0,3000,7798,6239,2026-05-05
國票內壢,223.5,5,20,7798,6239,2026-05-05
國票中正,234.5,1000,0,7797,6239,2026-05-05
國票中正,232.0,0,1000,7797,6239,2026-05-05
國票中正,230.0,100,0,7797,6239,2026-05-05
國票中正,228.5,30,0,7797,6239,2026-05-05
國票中正,227.5,50,1000,7797,6239,2026-05-05
國票中正,225.5,0,1000,7797,6239,2026-05-05
國票中正,223.5,2000,0,7797,6239,2026-05-05
國票中正,222.5,2000,3000,7797,6239,2026-05-05
國票中正,221.0,100,0,7797,6239,2026-05-05
國票南港,234.0,1000,0,7795,6239,2026-05-05
國票內壢,231.5,0,5,7798,6239,2026-05-05
國票南港,233.0,2000,0,7795,6239,2026-05-05
國票南港,229.0,0,1000,7795,6239,2026-05-05
國票南港,227.5,0,2000,7795,6239,2026-05-05
國票南港,226.0,1000,0,7795,6239,2026-05-05
國票南港,222.5,1000,0,7795,6239,2026-05-05
國票北投,229.0,0,1000,7792,6239,2026-05-05
國票北投,227.5,1000,0,7792,6239,2026-05-05
國票北投,225.5,2000,0,7792,6239,2026-05-05
國票北投,223.5,2500,0,7792,6239,2026-05-05
國票台東,233.5,0,2000,7791,6239,2026-05-05
國票台東,227.5,1030,436,7791,6239,2026-05-05
國票台東,225.5,0,200,7791,6239,2026-05-05
國票台東,222.0,1000,0,7791,6239,2026-05-05
國票台東,220.5,1250,0,7791,6239,2026-05-05
國票綜合,236.0,2000,0,7790,6239,2026-05-05
國票南港,231.0,1000,0,7795,6239,2026-05-05
國票敦北,222.0,1000,0,779c,6239,2026-05-05
國票敦北,224.5,11000,30000,779c,6239,2026-05-05
國票敦北,225.5,0,6000,779c,6239,2026-05-05
國票新莊,234.0,0,6000,779G,6239,2026-05-05
國票新莊,232.5,0,2000,779G,6239,2026-05-05
國票新莊,231.5,0,25000,779G,6239,2026-05-05
國票新莊,228.0,0,1000,779G,6239,2026-05-05
國票新莊,227.0,1000,0,779G,6239,2026-05-05
國票新莊,224.0,1000,0,779G,6239,2026-05-05
國票新莊,222.0,100,0,779G,6239,2026-05-05
國票南崁,234.5,0,70,779E,6239,2026-05-05
國票南崁,227.0,200,0,779E,6239,2026-05-05
國票南崁,225.0,0,600,779E,6239,2026-05-05
國票南崁,222.5,5000,0,779E,6239,2026-05-05
國票南科,235.0,1000,0,779e,6239,2026-05-05
國票南科,234.0,0,1000,779e,6239,2026-05-05
國票南科,229.5,0,200,779e,6239,2026-05-05
國票南科,228.5,3000,0,779e,6239,2026-05-05
國票南科,227.0,0,1000,779e,6239,2026-05-05
國票南科,226.0,10,0,779e,6239,2026-05-05
國票敦北,226.5,0,6000,779c,6239,2026-05-05
國票敦北,228.0,1000,0,779c,6239,2026-05-05
國票敦北,232.0,0,1000,779c,6239,2026-05-05
國票敦北,234.5,0,1000,779c,6239,2026-05-05
國票台南,220.5,1000,0,779D,6239,2026-05-05
國票台南,225.0,1000,0,779D,6239,2026-05-05
國票綜合,235.0,0,3000,7790,6239,2026-05-05
國票台南,226.5,10,0,779D,6239,2026-05-05
國票台南,228.5,5000,2010,779D,6239,2026-05-05
國票台南,230.0,0,15,779D,6239,2026-05-05
國票台南,232.5,1000,0,779D,6239,2026-05-05
國票台南,235.0,1000,0,779D,6239,2026-05-05
國票南科,220.5,1000,0,779e,6239,2026-05-05
國票南科,224.0,1000,0,779e,6239,2026-05-05
國票台南,227.5,20,1000,779D,6239,2026-05-05
兆豐新莊,227.5,8,0,700w,6239,2026-05-05
國票綜合,234.0,0,1000,7790,6239,2026-05-05
國票綜合,232.0,1000,1050,7790,6239,2026-05-05
致和佳里,227.0,0,1000,7032,6239,2026-05-05
致和佳里,223.5,1000,0,7032,6239,2026-05-05
致和,236.0,0,1000,7030,6239,2026-05-05
致和,226.5,0,1000,7030,6239,2026-05-05
致和,221.0,0,1000,7030,6239,2026-05-05
兆豐高雄,235.0,0,1000,700Z,6239,2026-05-05
兆豐高雄,233.0,1000,0,700Z,6239,2026-05-05
兆豐高雄,231.0,0,600,700Z,6239,2026-05-05
兆豐高雄,229.0,3000,0,700Z,6239,2026-05-05
兆豐高雄,228.0,15,1000,700Z,6239,2026-05-05
兆豐高雄,227.0,5000,0,700Z,6239,2026-05-05
兆豐高雄,225.0,0,1000,700Z,6239,2026-05-05
兆豐高雄,223.5,2000,0,700Z,6239,2026-05-05
兆豐高雄,222.0,1000,1000,700Z,6239,2026-05-05
致和佳里,231.5,0,1000,7032,6239,2026-05-05
兆豐高雄,220.5,1000,1000,700Z,6239,2026-05-05
兆豐永和,230.0,0,2000,700X,6239,2026-05-05
兆豐永和,228.0,0,100,700X,6239,2026-05-05
兆豐永和,227.0,0,4000,700X,6239,2026-05-05
兆豐永和,225.0,1000,0,700X,6239,2026-05-05
兆豐永和,221.5,3000,0,700X,6239,2026-05-05
兆豐城中,234.0,1000,1000,700W,6239,2026-05-05
兆豐城中,231.0,1000,0,700W,6239,2026-05-05
兆豐城中,229.5,1000,100,700W,6239,2026-05-05
兆豐城中,228.0,3050,2000,700W,6239,2026-05-05
兆豐城中,227.0,0,1000,700W,6239,2026-05-05
兆豐城中,225.0,2000,0,700W,6239,2026-05-05
兆豐城中,224.0,1000,0,700W,6239,2026-05-05
兆豐城中,222.5,3000,0,700W,6239,2026-05-05
兆豐新莊,234.0,0,2000,700w,6239,2026-05-05
兆豐永和,236.0,10000,1000,700X,6239,2026-05-05
致和佳里,233.5,1000,0,7032,6239,2026-05-05
致和佳里,236.0,0,1000,7032,6239,2026-05-05
致和府前,225.0,1000,0,7033,6239,2026-05-05
國票綜合,231.0,0,267,7790,6239,2026-05-05
國票綜合,230.0,2255,1000,7790,6239,2026-05-05
國票綜合,229.0,1000,144,7790,6239,2026-05-05
國票綜合,228.0,3050,5056,7790,6239,2026-05-05
國票綜合,227.0,16000,6148,7790,6239,2026-05-05
國票綜合,226.0,0,1014,7790,6239,2026-05-05
國票綜合,225.0,0,11000,7790,6239,2026-05-05
國票綜合,224.0,8,0,7790,6239,2026-05-05
國票綜合,223.0,0,11767,7790,6239,2026-05-05
國票綜合,221.5,0,7000,7790,6239,2026-05-05
北城,234.0,1000,0,7750,6239,2026-05-05
北城,228.0,0,1000,7750,6239,2026-05-05
北城,224.5,1000,0,7750,6239,2026-05-05
致和崇德,235.5,0,1000,703B,6239,2026-05-05
致和崇德,228.5,0,2000,703B,6239,2026-05-05
致和崇德,226.5,1000,6000,703B,6239,2026-05-05
致和崇德,222.5,1000,0,703B,6239,2026-05-05
致和金華,222.5,5,1000,7034,6239,2026-05-05
致和金華,223.5,1000,0,7034,6239,2026-05-05
致和金華,226.0,0,1000,7034,6239,2026-05-05
致和金華,227.0,0,1000,7034,6239,2026-05-05
致和金華,229.0,0,1000,7034,6239,2026-05-05
致和東門,224.0,1000,0,7035,6239,2026-05-05
國票綜合,233.0,0,1850,7790,6239,2026-05-05
致和東門,225.5,0,1000,7035,6239,2026-05-05
致和東門,228.0,0,1000,7035,6239,2026-05-05
致和東門,230.5,2000,0,7035,6239,2026-05-05
致和東門,233.5,0,10000,7035,6239,2026-05-05
致和高雄,223.5,1000,1000,7036,6239,2026-05-05
致和高雄,226.0,0,1000,7036,6239,2026-05-05
致和高雄,235.0,1000,0,7036,6239,2026-05-05
致和東門,226.5,1000,0,7035,6239,2026-05-05
光和嘉義,228.0,0,3000,638A,6239,2026-05-05
兆豐三民,230.0,1000,0,700h,6239,2026-05-05
兆豐三民,227.5,40,17027,700h,6239,2026-05-05
口袋,229.5,9049,2140,6620,6239,2026-05-05
口袋,228.5,2368,70,6620,6239,2026-05-05
口袋,227.5,4021,4199,6620,6239,2026-05-05
口袋,226.5,99,1000,6620,6239,2026-05-05
口袋,225.5,3128,21,6620,6239,2026-05-05
口袋,224.5,1051,2000,6620,6239,2026-05-05
口袋,223.5,5499,80,6620,6239,2026-05-05
口袋,222.5,2225,2000,6620,6239,2026-05-05
口袋,221.5,0,2,6620,6239,2026-05-05
口袋,220.5,4000,4000,6620,6239,2026-05-05
福邦新竹,235.5,0,1000,6489,6239,2026-05-05
福邦新竹,232.5,0,2000,6489,6239,2026-05-05
福邦新竹,227.0,2000,0,6489,6239,2026-05-05
福邦新竹,224.0,1000,0,6489,6239,2026-05-05
口袋,230.5,1010,10,6620,6239,2026-05-05
福邦,233.0,100,0,6480,6239,2026-05-05
福邦,226.0,0,4000,6480,6239,2026-05-05
福邦,223.5,1000,0,6480,6239,2026-05-05
大昌桃園,235.0,1000,0,6465,6239,2026-05-05
大昌桃園,230.0,1000,0,6465,6239,2026-05-05
大昌桃園,228.0,100,0,6465,6239,2026-05-05
大昌桃園,227.0,0,1000,6465,6239,2026-05-05
大昌桃園,224.0,100,0,6465,6239,2026-05-05
大昌新店,234.5,1000,0,6464,6239,2026-05-05
大昌新店,233.5,0,2000,6464,6239,2026-05-05
大昌新店,232.5,1000,0,6464,6239,2026-05-05
大昌新店,231.5,300,0,6464,6239,2026-05-05
大昌新店,230.5,3000,0,6464,6239,2026-05-05
大昌新店,229.5,1300,1000,6464,6239,2026-05-05
大昌新店,228.5,2050,9000,6464,6239,2026-05-05
福邦,229.5,100,0,6480,6239,2026-05-05
口袋,231.5,0,4000,6620,6239,2026-05-05
口袋,232.5,1000,0,6620,6239,2026-05-05
口袋,233.5,1000,3000,6620,6239,2026-05-05
兆豐,228.0,3000,11000,7000,6239,2026-05-05
兆豐,227.0,3000,1000,7000,6239,2026-05-05
兆豐,226.0,0,2000,7000,6239,2026-05-05
兆豐,225.0,2000,0,7000,6239,2026-05-05
兆豐,223.0,0,1000,7000,6239,2026-05-05
兆豐,221.5,0,1000,7000,6239,2026-05-05
福勝,237.0,1000,0,6950,6239,2026-05-05
福勝,232.0,1000,2000,6950,6239,2026-05-05
福勝,230.0,500,1000,6950,6239,2026-05-05
福勝,228.0,0,4000,6950,6239,2026-05-05
福勝,227.0,6000,0,6950,6239,2026-05-05
福勝,224.0,20,1,6950,6239,2026-05-05
福勝,222.5,2000,0,6950,6239,2026-05-05
德信和平,235.5,0,1000,6915,6239,2026-05-05
德信和平,233.5,3000,0,6915,6239,2026-05-05
德信和平,232.0,0,2000,6915,6239,2026-05-05
德信和平,227.5,6000,0,6915,6239,2026-05-05
口袋,234.5,3173,600,6620,6239,2026-05-05
口袋,235.5,1000,2000,6620,6239,2026-05-05
德信,223.5,2000,0,6910,6239,2026-05-05
德信,225.5,2000,0,6910,6239,2026-05-05
德信,227.0,1000,0,6910,6239,2026-05-05
德信,228.5,1000,0,6910,6239,2026-05-05
大昌新店,227.5,1000,5000,6464,6239,2026-05-05
德信,233.5,0,1000,6910,6239,2026-05-05
德信中正,227.5,1000,1000,6912,6239,2026-05-05
德信中正,229.0,2000,0,6912,6239,2026-05-05
德信中正,232.0,1000,0,6912,6239,2026-05-05
德信新營,223.0,1000,0,6913,6239,2026-05-05
德信新營,236.0,0,1000,6913,6239,2026-05-05
德信和平,222.5,1000,0,6915,6239,2026-05-05
德信中正,223.0,1000,0,6912,6239,2026-05-05
兆豐,229.0,7000,3000,7000,6239,2026-05-05
大昌新店,226.5,1200,4000,6464,6239,2026-05-05
大昌新店,224.5,1000,1000,6464,6239,2026-05-05
大昌,232.5,11000,0,6460,6239,2026-05-05
大昌,231.0,3000,0,6460,6239,2026-05-05
大昌,229.0,1000,1000,6460,6239,2026-05-05
大昌,228.0,1000,5000,6460,6239,2026-05-05
大昌,227.0,2000,12001,6460,6239,2026-05-05
大昌,226.0,7000,1000,6460,6239,2026-05-05
大昌,224.5,2000,0,6460,6239,2026-05-05
大昌,223.5,0,2000,6460,6239,2026-05-05
大昌,222.5,0,5000,6460,6239,2026-05-05
大昌,221.5,0,1000,6460,6239,2026-05-05
永全八德,234.0,0,2000,6452,6239,2026-05-05
永全八德,226.5,0,5500,6452,6239,2026-05-05
永全南崁,236.0,1000,0,6451,6239,2026-05-05
永全南崁,234.0,1000,1000,6451,6239,2026-05-05
大昌,233.5,0,1000,6460,6239,2026-05-05
永全南崁,232.0,1000,0,6451,6239,2026-05-05
永全南崁,227.5,1000,6000,6451,6239,2026-05-05
永全南崁,225.5,0,300,6451,6239,2026-05-05
永全,234.0,1000,0,6450,6239,2026-05-05
永全,228.5,1000,0,6450,6239,2026-05-05
永全,227.5,0,1000,6450,6239,2026-05-05
永全,226.5,1000,1000,6450,6239,2026-05-05
永全,225.0,2000,0,6450,6239,2026-05-05
永全,220.5,0,1000,6450,6239,2026-05-05
光和高雄,233.0,0,20000,638D,6239,2026-05-05
光和高雄,229.0,0,2000,638D,6239,2026-05-05
光和高雄,227.0,1000,1000,638D,6239,2026-05-05
光和高雄,223.5,1000,0,638D,6239,2026-05-05
光和高雄,222.0,100,0,638D,6239,2026-05-05
光和嘉義,235.0,1000,0,638A,6239,2026-05-05
永全南崁,229.0,2000,0,6451,6239,2026-05-05
大昌,235.5,3000,0,6460,6239,2026-05-05
大昌樹林,221.0,1000,3000,6461,6239,2026-05-05
大昌樹林,222.5,2000,0,6461,6239,2026-05-05
大昌新店,223.0,3200,3000,6464,6239,2026-05-05
大昌新店,222.0,1000,0,6464,6239,2026-05-05
大昌新店,220.5,1000,0,6464,6239,2026-05-05
大昌新竹,235.0,0,1000,6463,6239,2026-05-05
大昌新竹,233.0,0,30000,6463,6239,2026-05-05
大昌新竹,232.0,1000,0,6463,6239,2026-05-05
大昌新竹,230.5,2000,0,6463,6239,2026-05-05
大昌新竹,229.5,1000,1000,6463,6239,2026-05-05
大昌新竹,228.0,10000,2000,6463,6239,2026-05-05
大昌新竹,227.0,1000,0,6463,6239,2026-05-05
大昌新竹,225.5,1000,2000,6463,6239,2026-05-05
大昌新竹,224.5,10000,0,6463,6239,2026-05-05
大昌新竹,223.5,1000,1000,6463,6239,2026-05-05
大昌新竹,222.0,20,0,6463,6239,2026-05-05
大昌新竹,220.5,2000,0,6463,6239,2026-05-05
大昌安康,235.0,1000,0,6462,6239,2026-05-05
大昌安康,232.0,1000,1000,6462,6239,2026-05-05
大昌樹林,223.5,1000,0,6461,6239,2026-05-05
大昌樹林,226.5,0,1000,6461,6239,2026-05-05
大昌樹林,227.5,0,1000,6461,6239,2026-05-05
大昌樹林,228.5,2000,0,6461,6239,2026-05-05
大昌樹林,230.5,0,2000,6461,6239,2026-05-05
大昌樹林,232.5,0,1000,6461,6239,2026-05-05
大昌新店,225.5,1000,1000,6464,6239,2026-05-05
大昌樹林,234.5,5000,0,6461,6239,2026-05-05
大昌安康,222.5,1000,0,6462,6239,2026-05-05
大昌安康,223.5,1000,0,6462,6239,2026-05-05
大昌安康,225.5,1000,0,6462,6239,2026-05-05
大昌安康,228.0,0,2000,6462,6239,2026-05-05
大昌安康,229.0,0,2000,6462,6239,2026-05-05
大昌安康,231.0,1000,0,6462,6239,2026-05-05
大昌樹林,235.5,1000,0,6461,6239,2026-05-05
兆豐三民,229.0,1000,0,700h,6239,2026-05-05
兆豐,232.0,1000,0,7000,6239,2026-05-05
兆豐,235.0,0,2000,7000,6239,2026-05-05
兆豐西螺,224.5,7000,0,700D,6239,2026-05-05
兆豐西螺,223.5,1000,0,700D,6239,2026-05-05
兆豐彰化,235.0,1000,0,700d,6239,2026-05-05
兆豐彰化,230.5,1000,0,700d,6239,2026-05-05
兆豐彰化,228.5,1000,0,700d,6239,2026-05-05
兆豐彰化,227.5,2003,2000,700d,6239,2026-05-05
兆豐彰化,226.0,0,1000,700d,6239,2026-05-05
兆豐彰化,223.5,1000,0,700d,6239,2026-05-05
兆豐彰化,221.0,1000,0,700d,6239,2026-05-05
兆豐來福,234.0,0,1000,700C,6239,2026-05-05
兆豐來福,233.0,1000,0,700C,6239,2026-05-05
兆豐來福,230.5,1000,0,700C,6239,2026-05-05
兆豐來福,229.0,1000,4000,700C,6239,2026-05-05
兆豐來福,228.0,2050,2100,700C,6239,2026-05-05
兆豐西螺,228.5,0,1000,700D,6239,2026-05-05
兆豐來福,227.0,100,0,700C,6239,2026-05-05
兆豐來福,223.5,5000,0,700C,6239,2026-05-05
兆豐來福,222.5,50,0,700C,6239,2026-05-05
兆豐民生,232.0,0,1000,700c,6239,2026-05-05
兆豐民生,228.0,2000,11000,700c,6239,2026-05-05
兆豐民生,224.5,0,5000,700c,6239,2026-05-05
兆豐民生,222.5,5000,0,700c,6239,2026-05-05
兆豐板橋,232.0,2000,0,700B,6239,2026-05-05
兆豐板橋,230.5,1200,0,700B,6239,2026-05-05
兆豐板橋,229.5,1150,0,700B,6239,2026-05-05
兆豐板橋,227.5,1000,0,700B,6239,2026-05-05
兆豐板橋,226.5,0,1000,700B,6239,2026-05-05
兆豐板橋,225.0,1000,0,700B,6239,2026-05-05
兆豐板橋,223.0,6000,0,700B,6239,2026-05-05
兆豐中壢,234.5,0,380,700b,6239,2026-05-05
兆豐來福,224.5,1000,0,700C,6239,2026-05-05
兆豐鹿港,222.0,1000,0,700f,6239,2026-05-05
兆豐鹿港,223.5,11100,0,700f,6239,2026-05-05
兆豐鹿港,225.0,3000,0,700f,6239,2026-05-05
兆豐三民,225.0,0,1000,700h,6239,2026-05-05
兆豐三民,223.0,1000,0,700h,6239,2026-05-05
兆豐麻豆,234.5,0,6,700G,6239,2026-05-05
兆豐麻豆,231.5,1000,0,700G,6239,2026-05-05
兆豐麻豆,228.5,100,0,700G,6239,2026-05-05
兆豐麻豆,227.0,1000,0,700G,6239,2026-05-05
兆豐麻豆,225.0,0,1000,700G,6239,2026-05-05
兆豐麻豆,223.5,0,1000,700G,6239,2026-05-05
兆豐麻豆,222.0,1000,0,700G,6239,2026-05-05
兆豐麻豆,220.5,200,0,700G,6239,2026-05-05
兆豐南門,235.0,0,1000,700g,6239,2026-05-05
兆豐南門,234.0,5000,0,700g,6239,2026-05-05
兆豐南門,231.5,400,0,700g,6239,2026-05-05
兆豐南門,229.0,0,2000,700g,6239,2026-05-05
兆豐南門,227.0,1000,1000,700g,6239,2026-05-05
兆豐南門,225.0,1000,0,700g,6239,2026-05-05
兆豐南門,224.0,1000,0,700g,6239,2026-05-05
兆豐鹿港,226.0,0,1000,700f,6239,2026-05-05
兆豐鹿港,227.5,1000,3001,700f,6239,2026-05-05
兆豐鹿港,229.0,50,0,700f,6239,2026-05-05
兆豐鹿港,230.0,100,11150,700f,6239,2026-05-05
兆豐鹿港,232.0,0,1000,700f,6239,2026-05-05
兆豐鹿港,236.0,1000,0,700f,6239,2026-05-05
兆豐中壢,227.5,1000,0,700b,6239,2026-05-05
兆豐虎尾,222.0,2000,0,700F,6239,2026-05-05
兆豐虎尾,225.0,0,1000,700F,6239,2026-05-05
兆豐虎尾,227.0,350,0,700F,6239,2026-05-05
兆豐虎尾,229.0,2000,0,700F,6239,2026-05-05
兆豐虎尾,231.0,4000,0,700F,6239,2026-05-05
兆豐虎尾,236.0,0,2000,700F,6239,2026-05-05
兆豐南門,222.0,1000,0,700g,6239,2026-05-05
兆豐虎尾,223.0,3000,0,700F,6239,2026-05-05
兆豐,234.0,2000,3000,7000,6239,2026-05-05
兆豐中壢,225.5,100,0,700b,6239,2026-05-05
兆豐忠孝,234.0,2000,0,700a,6239,2026-05-05
兆豐台南,221.0,50,0,7006,6239,2026-05-05
兆豐中港,235.5,0,1000,7005,6239,2026-05-05
兆豐中港,231.5,550,15,7005,6239,2026-05-05
兆豐中港,230.0,1011,0,7005,6239,2026-05-05
兆豐中港,228.0,2085,2000,7005,6239,2026-05-05
兆豐中港,226.5,1000,3000,7005,6239,2026-05-05
兆豐中港,224.0,150,0,7005,6239,2026-05-05
兆豐中港,223.0,1000,1000,7005,6239,2026-05-05
兆豐中港,221.5,200,2000,7005,6239,2026-05-05
兆豐台中,235.0,1000,0,7003,6239,2026-05-05
兆豐台中,234.0,3000,0,7003,6239,2026-05-05
兆豐台中,233.0,0,50,7003,6239,2026-05-05
兆豐台中,232.0,0,200,7003,6239,2026-05-05
兆豐台中,231.0,1000,0,7003,6239,2026-05-05
兆豐台南,223.0,1000,0,7006,6239,2026-05-05
兆豐台中,229.0,3000,0,7003,6239,2026-05-05
兆豐台中,227.0,100,1105,7003,6239,2026-05-05
兆豐台中,225.0,2000,0,7003,6239,2026-05-05
兆豐台中,224.0,1000,1000,7003,6239,2026-05-05
兆豐台中,223.0,1100,0,7003,6239,2026-05-05
兆豐台中,220.5,1000,0,7003,6239,2026-05-05
兆豐嘉義,235.0,1000,0,7001,6239,2026-05-05
兆豐嘉義,230.5,10,50,7001,6239,2026-05-05
兆豐嘉義,229.5,0,2000,7001,6239,2026-05-05
兆豐嘉義,228.5,109,500,7001,6239,2026-05-05
兆豐嘉義,227.0,1000,0,7001,6239,2026-05-05
兆豐嘉義,225.5,35,0,7001,6239,2026-05-05
兆豐嘉義,224.0,1000,0,7001,6239,2026-05-05
兆豐嘉義,221.0,0,1000,7001,6239,2026-05-05
兆豐,236.0,10000,1000,7000,6239,2026-05-05
兆豐台中,228.0,0,1000,7003,6239,2026-05-05
兆豐台南,224.0,1000,0,7006,6239,2026-05-05
兆豐台南,225.0,0,1100,7006,6239,2026-05-05
兆豐台南,226.5,50,1000,7006,6239,2026-05-05
兆豐忠孝,232.0,2000,0,700a,6239,2026-05-05
兆豐忠孝,228.5,0,2000,700a,6239,2026-05-05
兆豐忠孝,227.5,50,3007,700a,6239,2026-05-05
兆豐忠孝,226.5,2000,4000,700a,6239,2026-05-05
兆豐忠孝,225.5,1000,15000,700a,6239,2026-05-05
兆豐忠孝,224.5,1100,3000,700a,6239,2026-05-05
兆豐忠孝,223.0,1000,0,700a,6239,2026-05-05
兆豐忠孝,222.0,1000,0,700a,6239,2026-05-05
兆豐忠孝,220.5,2000,0,700a,6239,2026-05-05
兆豐三重,233.0,4005,0,7008,6239,2026-05-05
兆豐三重,230.5,1040,0,7008,6239,2026-05-05
兆豐三重,229.0,40,100,7008,6239,2026-05-05
兆豐三重,228.0,2000,0,7008,6239,2026-05-05
兆豐三重,225.5,0,2000,7008,6239,2026-05-05
兆豐三重,222.5,40,0,7008,6239,2026-05-05
兆豐竹北,234.5,2000,0,7007,6239,2026-05-05
兆豐竹北,233.5,1000,0,7007,6239,2026-05-05
兆豐台南,227.5,1000,0,7006,6239,2026-05-05
兆豐台南,229.0,11000,0,7006,6239,2026-05-05
兆豐台南,230.0,1000,1000,7006,6239,2026-05-05
兆豐台南,232.5,0,25,7006,6239,2026-05-05
兆豐台南,234.0,1390,0,7006,6239,2026-05-05
兆豐台南,236.0,1000,0,7006,6239,2026-05-05
兆豐中壢,224.5,0,1000,700b,6239,2026-05-05
兆豐竹北,221.0,0,100,7007,6239,2026-05-05
兆豐竹北,224.0,0,25,7007,6239,2026-05-05
兆豐竹北,225.5,2,0,7007,6239,2026-05-05
兆豐竹北,226.5,5000,0,7007,6239,2026-05-05
兆豐竹北,227.5,1000,0,7007,6239,2026-05-05
兆豐竹北,229.0,1000,0,7007,6239,2026-05-05
兆豐竹北,230.0,1000,0,7007,6239,2026-05-05
兆豐竹北,222.5,2000,0,7007,6239,2026-05-05
第一頭份,233.5,1000,1000,538I,6239,2026-05-05
第一頭份,232.0,2000,0,538I,6239,2026-05-05
第一頭份,231.0,1000,0,538I,6239,2026-05-05
台新新店,232.5,0,1000,9B22,6239,2026-05-05
台新新店,230.0,10000,0,9B22,6239,2026-05-05
台新新店,228.5,50,0,9B22,6239,2026-05-05
台新新店,227.5,11000,0,9B22,6239,2026-05-05
合庫,220.5,1000,0,1020,6239,2026-05-05
合庫,221.5,2000,0,1020,6239,2026-05-05
合庫,222.5,3000,1000,1020,6239,2026-05-05
合庫,224.0,2000,1000,1020,6239,2026-05-05
合庫,225.5,54,1000,1020,6239,2026-05-05
合庫,226.5,5000,39000,1020,6239,2026-05-05
合庫,227.5,1000,3000,1020,6239,2026-05-05
合庫,228.5,1000,1070,1020,6239,2026-05-05
合庫,230.0,1010,0,1020,6239,2026-05-05
合庫,232.0,3000,1000,1020,6239,2026-05-05
台新新店,234.5,2000,0,9B22,6239,2026-05-05
合庫,235.5,1000,0,1020,6239,2026-05-05
合庫台中,222.0,1300,0,1021,6239,2026-05-05
合庫台中,223.0,4200,0,1021,6239,2026-05-05
合庫台中,224.0,19000,0,1021,6239,2026-05-05
合庫台中,225.0,7050,0,1021,6239,2026-05-05
合庫台中,226.5,3000,0,1021,6239,2026-05-05
合庫台中,228.0,2000,26300,1021,6239,2026-05-05
合庫台中,229.0,3000,2000,1021,6239,2026-05-05
合庫台中,230.0,1300,1000,1021,6239,2026-05-05
合庫台中,232.0,7000,1000,1021,6239,2026-05-05
合庫台中,234.0,3000,0,1021,6239,2026-05-05
合庫台中,235.0,20000,2000,1021,6239,2026-05-05
合庫台中,236.0,1000,0,1021,6239,2026-05-05
合庫台南,220.5,1000,0,1022,6239,2026-05-05
合庫台南,225.5,0,1000,1022,6239,2026-05-05
合庫台中,221.0,100,0,1021,6239,2026-05-05
台新三重,221.5,50,0,9B23,6239,2026-05-05
台新三重,223.5,6000,0,9B23,6239,2026-05-05
台新三重,227.0,2000,0,9B23,6239,2026-05-05
台新府城,234.5,1000,0,9B29,6239,2026-05-05
台新府城,233.0,500,0,9B29,6239,2026-05-05
台新府城,231.0,0,100,9B29,6239,2026-05-05
台新府城,226.5,1000,0,9B29,6239,2026-05-05
台新府城,224.5,3000,0,9B29,6239,2026-05-05
台新府城,223.5,200,100,9B29,6239,2026-05-05
台新府城,222.0,25,0,9B29,6239,2026-05-05
台新北新,230.0,1000,0,9B28,6239,2026-05-05
台新北新,227.5,15,0,9B28,6239,2026-05-05
台新北新,226.0,0,1000,9B28,6239,2026-05-05
台新北新,224.5,2000,0,9B28,6239,2026-05-05
台新北新,223.0,2000,3000,9B28,6239,2026-05-05
台新林園,234.0,0,1000,9B27,6239,2026-05-05
台新林園,228.5,0,3000,9B27,6239,2026-05-05
台新林園,227.0,5000,0,9B27,6239,2026-05-05
台新林園,226.0,1000,0,9B27,6239,2026-05-05
台新林園,224.0,1000,0,9B27,6239,2026-05-05
台新三重,228.0,1000,1000,9B23,6239,2026-05-05
台新三重,229.5,400,0,9B23,6239,2026-05-05
台新三重,232.0,0,1000,9B23,6239,2026-05-05
台新三重,234.5,5000,0,9B23,6239,2026-05-05
台新三重,235.5,5000,0,9B23,6239,2026-05-05
台新五權,221.5,1000,0,9B25,6239,2026-05-05
合庫台南,227.0,5000,0,1022,6239,2026-05-05
台新五權,223.5,1000,0,9B25,6239,2026-05-05
台新五權,227.0,0,2000,9B25,6239,2026-05-05
台新五權,228.0,20,0,9B25,6239,2026-05-05
台新五權,229.0,1000,1000,9B25,6239,2026-05-05
台新五權,232.0,100,200,9B25,6239,2026-05-05
台新林園,221.5,1000,0,9B27,6239,2026-05-05
台新林園,223.0,1000,0,9B27,6239,2026-05-05
台新五權,225.0,1000,4000,9B25,6239,2026-05-05
台新松德,221.0,1000,0,9B2a,6239,2026-05-05
合庫台南,228.0,1000,0,1022,6239,2026-05-05
合庫台南,231.0,280,0,1022,6239,2026-05-05
宏遠台中,227.5,0,1000,126L,6239,2026-05-05
宏遠台中,225.0,1009,0,126L,6239,2026-05-05
宏遠台中,223.5,2009,0,126L,6239,2026-05-05
宏遠光隆,232.0,1000,0,126i,6239,2026-05-05
宏遠光隆,230.0,0,1000,126i,6239,2026-05-05
宏遠光隆,227.5,1000,1000,126i,6239,2026-05-05
宏遠光隆,223.0,1000,2000,126i,6239,2026-05-05
宏遠光隆,221.0,0,1000,126i,6239,2026-05-05
宏遠中和,234.0,0,1000,126H,6239,2026-05-05
宏遠中和,228.0,1000,0,126H,6239,2026-05-05
宏遠中和,226.5,22,0,126H,6239,2026-05-05
宏遠中和,221.5,1000,0,126H,6239,2026-05-05
宏遠台南,235.0,0,1000,126D,6239,2026-05-05
宏遠台南,231.0,1000,0,126D,6239,2026-05-05
宏遠台中,229.0,9,0,126L,6239,2026-05-05
宏遠台南,228.0,0,3000,126D,6239,2026-05-05
宏遠台南,222.5,4000,0,126D,6239,2026-05-05
宏遠台南,220.5,3000,0,126D,6239,2026-05-05
宏遠桃園,235.5,5000,0,1262,6239,2026-05-05
宏遠桃園,233.5,1000,0,1262,6239,2026-05-05
宏遠桃園,229.0,1000,0,1262,6239,2026-05-05
宏遠桃園,227.0,1000,0,1262,6239,2026-05-05
宏遠桃園,220.5,0,300,1262,6239,2026-05-05
宏遠民生,231.5,2000,0,1261,6239,2026-05-05
宏遠民生,230.0,0,3000,1261,6239,2026-05-05
宏遠民生,226.5,0,3000,1261,6239,2026-05-05
宏遠民生,223.0,1000,0,1261,6239,2026-05-05
宏遠民生,221.0,1000,0,1261,6239,2026-05-05
宏遠,235.0,4000,0,1260,6239,2026-05-05
宏遠,233.0,1000,0,1260,6239,2026-05-05
宏遠台南,227.0,0,9000,126D,6239,2026-05-05
宏遠台中,234.0,1000,0,126L,6239,2026-05-05
合庫彰化,232.5,1000,0,1028,6239,2026-05-05
合庫彰化,229.0,1000,0,1028,6239,2026-05-05
合庫台南,232.5,1000,0,1022,6239,2026-05-05
合庫台南,236.0,2000,0,1022,6239,2026-05-05
合庫高雄,221.5,0,1000,1023,6239,2026-05-05
合庫高雄,223.0,2000,1000,1023,6239,2026-05-05
合庫高雄,224.5,13000,0,1023,6239,2026-05-05
合庫高雄,226.0,1000,0,1023,6239,2026-05-05
合庫高雄,227.0,1100,2000,1023,6239,2026-05-05
合庫高雄,228.0,1040,3100,1023,6239,2026-05-05
合庫高雄,229.0,1000,4000,1023,6239,2026-05-05
合庫高雄,230.5,2000,1000,1023,6239,2026-05-05
合庫高雄,232.0,1000,1000,1023,6239,2026-05-05
合庫高雄,233.5,10000,0,1023,6239,2026-05-05
合庫高雄,234.5,1000,0,1023,6239,2026-05-05
合庫高雄,235.5,0,1000,1023,6239,2026-05-05
合庫嘉義,222.0,1000,0,1024,6239,2026-05-05
合庫嘉義,227.0,0,2000,1024,6239,2026-05-05
合庫嘉義,229.0,0,10000,1024,6239,2026-05-05
合庫彰化,227.5,21000,1000,1028,6239,2026-05-05
合庫彰化,226.5,0,1000,1028,6239,2026-05-05
合庫彰化,224.0,1100,0,1028,6239,2026-05-05
合庫彰化,223.0,100,0,1028,6239,2026-05-05
合庫彰化,221.0,0,1000,1028,6239,2026-05-05
合庫基隆,236.0,0,2000,1025,6239,2026-05-05
合庫台南,229.0,1000,3000,1022,6239,2026-05-05
合庫基隆,234.5,0,1100,1025,6239,2026-05-05
合庫基隆,227.0,0,1000,1025,6239,2026-05-05
合庫基隆,224.5,0,5000,1025,6239,2026-05-05
合庫基隆,223.0,1000,0,1025,6239,2026-05-05
合庫嘉義,235.5,1000,0,1024,6239,2026-05-05
合庫嘉義,231.0,2000,0,1024,6239,2026-05-05
合庫嘉義,230.0,200,0,1024,6239,2026-05-05
合庫基隆,231.0,100,0,1025,6239,2026-05-05
宏遠,232.0,4000,0,1260,6239,2026-05-05
台新松德,222.5,0,1000,9B2a,6239,2026-05-05
台新松德,225.5,0,2000,9B2a,6239,2026-05-05
台新信義,230.0,0,191,9B2H,6239,2026-05-05
台新信義,228.5,5000,1000,9B2H,6239,2026-05-05
台新信義,227.5,17000,1000,9B2H,6239,2026-05-05
台新信義,226.5,0,3000,9B2H,6239,2026-05-05
台新信義,225.5,1000,1000,9B2H,6239,2026-05-05
台新信義,224.5,2000,0,9B2H,6239,2026-05-05
台新信義,222.5,1000,10,9B2H,6239,2026-05-05
台新信義,221.0,4000,0,9B2H,6239,2026-05-05
台新新竹,235.5,2000,0,9B2G,6239,2026-05-05
台新新竹,234.5,0,100,9B2G,6239,2026-05-05
台新新竹,232.5,1000,0,9B2G,6239,2026-05-05
台新新竹,231.5,2000,0,9B2G,6239,2026-05-05
台新新竹,230.5,0,29000,9B2G,6239,2026-05-05
台新新竹,229.0,2000,1000,9B2G,6239,2026-05-05
台新信義,232.0,1000,1000,9B2H,6239,2026-05-05
台新新竹,228.0,1000,3000,9B2G,6239,2026-05-05
台新新竹,226.0,0,250,9B2G,6239,2026-05-05
台新新竹,225.0,1093,0,9B2G,6239,2026-05-05
台新新竹,224.0,0,3000,9B2G,6239,2026-05-05
台新新竹,222.5,1000,0,9B2G,6239,2026-05-05
台新新竹,220.5,1000,0,9B2G,6239,2026-05-05
台新中原,234.5,1000,0,9B2g,6239,2026-05-05
台新中原,233.0,1000,0,9B2g,6239,2026-05-05
台新中原,230.5,1000,0,9B2g,6239,2026-05-05
台新中原,229.0,1000,6000,9B2g,6239,2026-05-05
台新中原,228.0,2000,1,9B2g,6239,2026-05-05
台新中原,227.0,1000,0,9B2g,6239,2026-05-05
台新中原,224.5,1150,2000,9B2g,6239,2026-05-05
台新中原,223.5,1000,0,9B2g,6239,2026-05-05
台新中原,222.0,5000,0,9B2g,6239,2026-05-05
台新新竹,227.0,4000,1000,9B2G,6239,2026-05-05
台新信義,233.0,0,3000,9B2H,6239,2026-05-05
台新信義,234.0,0,9000,9B2H,6239,2026-05-05
台新中港,220.5,1000,0,9B2i,6239,2026-05-05
台新北壢,229.5,1000,0,9B2L,6239,2026-05-05
台新北壢,227.5,0,1000,9B2L,6239,2026-05-05
台新北壢,225.5,0,1000,9B2L,6239,2026-05-05
台新北壢,224.5,1000,0,9B2L,6239,2026-05-05
台新北壢,221.0,2000,0,9B2L,6239,2026-05-05
台新大裕,235.0,0,1000,9B2l,6239,2026-05-05
台新大裕,233.5,1000,0,9B2l,6239,2026-05-05
台新大裕,231.0,90,0,9B2l,6239,2026-05-05
台新大裕,229.0,13000,1000,9B2l,6239,2026-05-05
台新大裕,228.0,0,4000,9B2l,6239,2026-05-05
台新大裕,227.0,1000,0,9B2l,6239,2026-05-05
台新大裕,225.0,0,1000,9B2l,6239,2026-05-05
台新大裕,223.5,0,100,9B2l,6239,2026-05-05
台新大裕,222.5,2000,0,9B2l,6239,2026-05-05
台新大裕,221.0,200,0,9B2l,6239,2026-05-05
台新大裕,220.0,0,1000,9B2l,6239,2026-05-05
台新嘉義,234.5,1000,0,9B2I,6239,2026-05-05
台新中港,223.0,1000,0,9B2i,6239,2026-05-05
台新中港,225.5,1000,0,9B2i,6239,2026-05-05
台新中港,228.0,0,1000,9B2i,6239,2026-05-05
台新中港,229.5,5,100,9B2i,6239,2026-05-05
台新中港,230.5,10,0,9B2i,6239,2026-05-05
台新中港,234.5,0,1,9B2i,6239,2026-05-05
台新中原,220.0,5000,0,9B2g,6239,2026-05-05
台新嘉義,220.0,1000,1000,9B2I,6239,2026-05-05
台新嘉義,226.0,0,4,9B2I,6239,2026-05-05
台新嘉義,227.0,500,2000,9B2I,6239,2026-05-05
台新嘉義,228.0,0,1200,9B2I,6239,2026-05-05
台新嘉義,229.0,100,0,9B2I,6239,2026-05-05
台新嘉義,230.0,106,0,9B2I,6239,2026-05-05
台新嘉義,232.0,1000,0,9B2I,6239,2026-05-05
台新嘉義,223.5,2000,0,9B2I,6239,2026-05-05
台新松德,224.0,2001,0,9B2a,6239,2026-05-05
台新城中,234.5,0,1000,9B2E,6239,2026-05-05
台新城中,229.5,50,0,9B2E,6239,2026-05-05
台新永和,224.5,1000,0,9B2B,6239,2026-05-05
台新永和,223.5,1000,0,9B2B,6239,2026-05-05
台新板橋,235.5,10000,0,9B2b,6239,2026-05-05
台新板橋,234.5,1150,2,9B2b,6239,2026-05-05
台新板橋,233.5,1000,1000,9B2b,6239,2026-05-05
台新板橋,232.5,1000,1000,9B2b,6239,2026-05-05
台新板橋,231.0,1000,0,9B2b,6239,2026-05-05
台新板橋,229.5,0,100,9B2b,6239,2026-05-05
台新板橋,228.5,1000,0,9B2b,6239,2026-05-05
台新板橋,227.0,3000,0,9B2b,6239,2026-05-05
台新板橋,226.0,2000,0,9B2b,6239,2026-05-05
台新板橋,225.0,2100,0,9B2b,6239,2026-05-05
台新板橋,224.0,1000,0,9B2b,6239,2026-05-05
台新板橋,223.0,3108,0,9B2b,6239,2026-05-05
台新永和,226.0,0,2000,9B2B,6239,2026-05-05
台新板橋,221.0,1000,0,9B2b,6239,2026-05-05
台新緯城,234.0,1000,0,9B2A,6239,2026-05-05
台新緯城,233.0,1000,0,9B2A,6239,2026-05-05
台新緯城,229.5,100,100,9B2A,6239,2026-05-05
台新緯城,228.0,1000,3200,9B2A,6239,2026-05-05
台新緯城,227.0,1500,0,9B2A,6239,2026-05-05
台新緯城,225.0,1000,100,9B2A,6239,2026-05-05
台新緯城,223.0,200,0,9B2A,6239,2026-05-05
台新松德,234.5,3000,1100,9B2a,6239,2026-05-05
台新松德,233.5,0,10000,9B2a,6239,2026-05-05
台新松德,232.0,3702,0,9B2a,6239,2026-05-05
台新松德,231.0,2395,0,9B2a,6239,2026-05-05
台新松德,229.5,403,100,9B2a,6239,2026-05-05
台新松德,227.5,0,1000,9B2a,6239,2026-05-05
台新松德,226.5,909,0,9B2a,6239,2026-05-05
台新板橋,220.0,3000,0,9B2b,6239,2026-05-05
台新永和,227.5,1400,1000,9B2B,6239,2026-05-05
台新永和,228.5,85,400,9B2B,6239,2026-05-05
台新永和,229.5,50,0,9B2B,6239,2026-05-05
台新城中,228.5,0,1000,9B2E,6239,2026-05-05
台新城中,227.5,0,6000,9B2E,6239,2026-05-05
台新城中,226.0,0,1000,9B2E,6239,2026-05-05
台新城中,224.0,1000,0,9B2E,6239,2026-05-05
台新城中,223.0,50,0,9B2E,6239,2026-05-05
台新城中,220.5,1000,0,9B2E,6239,2026-05-05
台新大昌,234.5,0,300,9B2D,6239,2026-05-05
台新大昌,232.5,0,50,9B2D,6239,2026-05-05
台新大昌,230.0,0,1000,9B2D,6239,2026-05-05
台新大昌,228.5,120,1000,9B2D,6239,2026-05-05
台新大昌,227.5,2100,0,9B2D,6239,2026-05-05
台新大昌,225.0,0,1000,9B2D,6239,2026-05-05
台新大昌,223.5,1000,0,9B2D,6239,2026-05-05
台新大昌,221.5,200,0,9B2D,6239,2026-05-05
台新大昌,220.0,1000,0,9B2D,6239,2026-05-05
台新潮州,234.0,1000,0,9B2C,6239,2026-05-05
台新潮州,229.5,1000,0,9B2C,6239,2026-05-05
台新永和,235.5,0,1000,9B2B,6239,2026-05-05
台新烏日,221.0,0,20000,9B2c,6239,2026-05-05
台新烏日,223.0,50,10,9B2c,6239,2026-05-05
台新烏日,225.5,200,0,9B2c,6239,2026-05-05
台新烏日,227.5,1000,0,9B2c,6239,2026-05-05
台新烏日,228.5,1000,2000,9B2c,6239,2026-05-05
台新城中,232.0,2000,0,9B2E,6239,2026-05-05
台新烏日,233.0,0,1000,9B2c,6239,2026-05-05
台新潮州,223.0,1000,0,9B2C,6239,2026-05-05
台新潮州,224.0,1000,0,9B2C,6239,2026-05-05
台新潮州,225.0,100,1000,9B2C,6239,2026-05-05
台新潮州,226.0,0,3000,9B2C,6239,2026-05-05
台新潮州,227.5,0,1000,9B2C,6239,2026-05-05
台新潮州,228.5,1100,0,9B2C,6239,2026-05-05
台新潮州,220.5,2000,1000,9B2C,6239,2026-05-05
台新北壢,232.0,1000,0,9B2L,6239,2026-05-05
宏遠,229.5,100,0,1260,6239,2026-05-05
宏遠,227.5,6200,25000,1260,6239,2026-05-05
土銀南港,223.5,2000,0,103F,6239,2026-05-05
土銀白河,229.0,0,1000,103C,6239,2026-05-05
土銀白河,228.0,2000,0,103C,6239,2026-05-05
土銀彰化,227.5,0,1000,103B,6239,2026-05-05
土銀彰化,224.5,1000,0,103B,6239,2026-05-05
土銀建國,232.0,0,1000,103A,6239,2026-05-05
土銀建國,229.5,100,0,103A,6239,2026-05-05
土銀建國,228.0,50,0,103A,6239,2026-05-05
土銀建國,227.0,1000,0,103A,6239,2026-05-05
土銀士林,234.0,0,1000,1039,6239,2026-05-05
土銀士林,222.5,3000,0,1039,6239,2026-05-05
土銀和平,228.0,0,2000,1038,6239,2026-05-05
土銀和平,223.5,1000,0,1038,6239,2026-05-05
土銀和平,221.0,2000,0,1038,6239,2026-05-05
土銀南港,225.5,0,400,103F,6239,2026-05-05
土銀花蓮,227.0,2000,0,1037,6239,2026-05-05
土銀玉里,233.0,1100,0,1036,6239,2026-05-05
土銀玉里,229.0,0,1000,1036,6239,2026-05-05
土銀玉里,228.0,0,2000,1036,6239,2026-05-05
土銀玉里,226.0,1000,0,1036,6239,2026-05-05
土銀玉里,224.5,3000,0,1036,6239,2026-05-05
土銀玉里,222.0,1000,1000,1036,6239,2026-05-05
土銀新竹,234.0,1000,1000,1035,6239,2026-05-05
土銀新竹,230.5,2000,0,1035,6239,2026-05-05
土銀新竹,229.0,0,1000,1035,6239,2026-05-05
土銀新竹,227.0,1000,0,1035,6239,2026-05-05
土銀新竹,222.0,100,0,1035,6239,2026-05-05
土銀嘉義,236.0,0,1000,1034,6239,2026-05-05
土銀嘉義,228.0,2200,4000,1034,6239,2026-05-05
土銀嘉義,225.0,0,5000,1034,6239,2026-05-05
土銀花蓮,220.5,2000,0,1037,6239,2026-05-05
土銀南港,234.0,1000,0,103F,6239,2026-05-05
臺銀,220.0,3000,0,1040,6239,2026-05-05
臺銀,221.0,1100,2000,1040,6239,2026-05-05
臺銀民權,226.5,0,1000,1043,6239,2026-05-05
臺銀民權,225.0,1170,0,1043,6239,2026-05-05
臺銀民權,224.0,1050,2000,1043,6239,2026-05-05
臺銀民權,223.0,10,0,1043,6239,2026-05-05
臺銀民權,222.0,1000,0,1043,6239,2026-05-05
臺銀民權,220.5,3000,0,1043,6239,2026-05-05
臺銀臺南,234.0,4000,2000,1042,6239,2026-05-05
臺銀臺南,233.0,100,0,1042,6239,2026-05-05
臺銀臺南,232.0,11100,100,1042,6239,2026-05-05
臺銀臺南,230.5,70,0,1042,6239,2026-05-05
臺銀臺南,229.5,30,0,1042,6239,2026-05-05
臺銀臺南,228.5,322,4000,1042,6239,2026-05-05
臺銀臺南,227.5,1000,1000,1042,6239,2026-05-05
臺銀臺南,226.5,2030,1000,1042,6239,2026-05-05
臺銀臺南,224.5,2250,0,1042,6239,2026-05-05
臺銀臺南,223.5,250,0,1042,6239,2026-05-05
臺銀臺南,222.5,1000,4000,1042,6239,2026-05-05
臺銀,222.5,30005,0,1040,6239,2026-05-05
臺銀,223.5,30140,0,1040,6239,2026-05-05
臺銀,224.5,1200,0,1040,6239,2026-05-05
臺銀,225.5,20000,0,1040,6239,2026-05-05
臺銀,226.5,1300,6000,1040,6239,2026-05-05
臺銀,227.5,1150,12000,1040,6239,2026-05-05
土銀嘉義,223.5,1000,1000,1034,6239,2026-05-05
臺銀,228.5,2050,6000,1040,6239,2026-05-05
臺銀,232.0,1020,0,1040,6239,2026-05-05
臺銀,233.0,1000,0,1040,6239,2026-05-05
臺銀,234.5,0,905,1040,6239,2026-05-05
臺銀,235.5,0,1000,1040,6239,2026-05-05
臺銀臺南,220.5,200,0,1042,6239,2026-05-05
臺銀臺南,221.5,1000,0,1042,6239,2026-05-05
臺銀,229.5,2,0,1040,6239,2026-05-05
臺銀民權,227.5,1456,2000,1043,6239,2026-05-05
土銀嘉義,221.0,100,0,1034,6239,2026-05-05
土銀高雄,226.0,0,2000,1033,6239,2026-05-05
合庫桃園,230.5,2000,0,102E,6239,2026-05-05
合庫桃園,229.5,1000,0,102E,6239,2026-05-05
合庫桃園,228.5,105,0,102E,6239,2026-05-05
合庫桃園,227.5,100,1000,102E,6239,2026-05-05
合庫桃園,224.5,300,0,102E,6239,2026-05-05
合庫桃園,223.5,200,0,102E,6239,2026-05-05
合庫桃園,222.5,1000,0,102E,6239,2026-05-05
合庫桃園,221.5,1000,0,102E,6239,2026-05-05
合庫桃園,220.5,2000,0,102E,6239,2026-05-05
合庫自強,234.0,1000,0,102C,6239,2026-05-05
合庫自強,230.0,600,0,102C,6239,2026-05-05
合庫自強,228.5,50,1000,102C,6239,2026-05-05
合庫自強,227.0,0,1000,102C,6239,2026-05-05
合庫自強,226.0,6000,0,102C,6239,2026-05-05
合庫桃園,232.5,0,300,102E,6239,2026-05-05
合庫自強,225.0,1000,0,102C,6239,2026-05-05
合庫新竹,235.0,2000,0,102A,6239,2026-05-05
合庫新竹,233.0,1000,0,102A,6239,2026-05-05
合庫新竹,229.0,0,1000,102A,6239,2026-05-05
合庫新竹,227.5,1000,1000,102A,6239,2026-05-05
合庫新竹,226.5,1000,0,102A,6239,2026-05-05
合庫新竹,224.0,2000,1000,102A,6239,2026-05-05
合庫新竹,223.0,200,0,102A,6239,2026-05-05
合庫新竹,222.0,0,200,102A,6239,2026-05-05
合庫新竹,221.0,1000,0,102A,6239,2026-05-05
合庫鳳山,234.0,0,1000,1029,6239,2026-05-05
合庫鳳山,230.0,1100,0,1029,6239,2026-05-05
合庫鳳山,227.0,1000,1000,1029,6239,2026-05-05
合庫鳳山,223.0,2030,0,1029,6239,2026-05-05
合庫彰化,234.5,6000,0,1028,6239,2026-05-05
合庫自強,222.5,3000,0,102C,6239,2026-05-05
合庫桃園,234.0,1000,0,102E,6239,2026-05-05
合庫桃園,235.0,1000,0,102E,6239,2026-05-05
合庫西台,223.0,2500,2000,102F,6239,2026-05-05
土銀高雄,224.0,400,0,1033,6239,2026-05-05
土銀台南,233.5,1000,0,1032,6239,2026-05-05
土銀台南,227.0,1000,0,1032,6239,2026-05-05
土銀台南,224.0,0,1000,1032,6239,2026-05-05
土銀台南,221.0,1000,0,1032,6239,2026-05-05
土銀台中,234.0,12000,0,1031,6239,2026-05-05
土銀台中,233.0,5000,0,1031,6239,2026-05-05
土銀台中,226.0,2000,1000,1031,6239,2026-05-05
土銀台中,222.0,5000,0,1031,6239,2026-05-05
土銀,233.0,1020,0,1030,6239,2026-05-05
土銀,230.5,1000,40000,1030,6239,2026-05-05
土銀,229.0,0,2000,1030,6239,2026-05-05
土銀,228.0,0,3000,1030,6239,2026-05-05
土銀,227.0,1000,1000,1030,6239,2026-05-05
土銀,224.5,1000,0,1030,6239,2026-05-05
土銀,223.5,1000,0,1030,6239,2026-05-05
土銀,222.5,1000,30000,1030,6239,2026-05-05
合庫西台,224.5,1008,0,102F,6239,2026-05-05
合庫西台,225.5,1000,1000,102F,6239,2026-05-05
合庫西台,227.5,1000,0,102F,6239,2026-05-05
合庫西台,228.5,1100,0,102F,6239,2026-05-05
合庫西台,229.5,1000,0,102F,6239,2026-05-05
合庫西台,232.5,1000,0,102F,6239,2026-05-05
土銀高雄,228.0,0,100,1033,6239,2026-05-05
合庫西台,235.0,1000,0,102F,6239,2026-05-05
合庫三重,225.0,100,0,102G,6239,2026-05-05
合庫三重,226.0,10000,0,102G,6239,2026-05-05
合庫三重,228.5,100,0,102G,6239,2026-05-05
合庫三重,232.0,1000,0,102G,6239,2026-05-05
合庫三重,234.5,4120,0,102G,6239,2026-05-05
土銀,220.5,1000,26000,1030,6239,2026-05-05
合庫三重,223.0,0,3000,102G,6239,2026-05-05
宏遠,228.5,4000,0,1260,6239,2026-05-05
臺銀民權,229.0,1025,12000,1043,6239,2026-05-05
臺銀民權,234.0,4000,0,1043,6239,2026-05-05
企銀岡山,226.5,0,1000,1119,6239,2026-05-05
企銀岡山,220.5,1000,0,1119,6239,2026-05-05
企銀豐原,231.5,1000,0,1118,6239,2026-05-05
企銀豐原,227.0,1000,0,1118,6239,2026-05-05
企銀竹北,235.5,1000,0,1117,6239,2026-05-05
企銀竹北,233.5,1000,0,1117,6239,2026-05-05
企銀竹北,230.5,1000,0,1117,6239,2026-05-05
企銀竹北,228.5,2000,0,1117,6239,2026-05-05
企銀竹北,227.0,1000,0,1117,6239,2026-05-05
企銀竹北,224.5,20,0,1117,6239,2026-05-05
企銀竹北,223.5,0,15000,1117,6239,2026-05-05
企銀屏東,234.0,1000,0,1116,6239,2026-05-05
企銀屏東,223.0,1000,0,1116,6239,2026-05-05
企銀太平,234.5,1000,0,1115,6239,2026-05-05
企銀岡山,227.5,0,1000,1119,6239,2026-05-05
企銀太平,227.5,1000,0,1115,6239,2026-05-05
企銀太平,223.5,1000,0,1115,6239,2026-05-05
企銀嘉義,235.5,1000,0,1114,6239,2026-05-05
企銀嘉義,230.0,0,2000,1114,6239,2026-05-05
企銀嘉義,228.5,1000,0,1114,6239,2026-05-05
企銀嘉義,225.0,1000,0,1114,6239,2026-05-05
企銀九如,228.0,4000,0,1113,6239,2026-05-05
企銀九如,225.5,1000,0,1113,6239,2026-05-05
企銀九如,224.5,0,50,1113,6239,2026-05-05
企銀九如,220.5,2000,0,1113,6239,2026-05-05
企銀台南,234.5,40,0,1112,6239,2026-05-05
企銀台南,232.0,5000,0,1112,6239,2026-05-05
企銀台南,230.5,6000,0,1112,6239,2026-05-05
企銀台南,228.5,5000,0,1112,6239,2026-05-05
企銀台南,225.0,20,0,1112,6239,2026-05-05
企銀太平,226.0,0,1000,1115,6239,2026-05-05
企銀岡山,233.0,1000,0,1119,6239,2026-05-05
企銀民雄,231.0,0,50,111A,6239,2026-05-05
台企建成,235.5,0,1000,111B,6239,2026-05-05
宏遠,226.5,17000,30000,1260,6239,2026-05-05
宏遠,225.0,2000,0,1260,6239,2026-05-05
宏遠,224.0,5000,0,1260,6239,2026-05-05
宏遠,223.0,3000,51000,1260,6239,2026-05-05
宏遠,222.0,1000,10000,1260,6239,2026-05-05
宏遠,221.0,2000,28000,1260,6239,2026-05-05
宏遠,220.0,3000,10000,1260,6239,2026-05-05
彰銀台中,235.0,2000,0,1233,6239,2026-05-05
彰銀台中,234.0,1000,0,1233,6239,2026-05-05
彰銀台中,232.5,0,1000,1233,6239,2026-05-05
彰銀台中,228.5,500,1000,1233,6239,2026-05-05
彰銀台中,227.0,0,1000,1233,6239,2026-05-05
彰銀台中,225.0,1000,3000,1233,6239,2026-05-05
彰銀台中,223.0,0,1100,1233,6239,2026-05-05
彰銀七賢,234.0,0,2000,1232,6239,2026-05-05
彰銀七賢,225.0,200,0,1232,6239,2026-05-05
彰銀,235.0,0,1000,1230,6239,2026-05-05
企銀桃園,221.0,3000,0,111E,6239,2026-05-05
企銀桃園,228.0,100,11000,111E,6239,2026-05-05
企銀桃園,232.0,1000,0,111E,6239,2026-05-05
企銀北高,223.5,0,1000,111F,6239,2026-05-05
企銀北高,228.5,1000,0,111F,6239,2026-05-05
企銀北高,234.5,100,0,111F,6239,2026-05-05
企銀台中,234.5,0,50,1111,6239,2026-05-05
企銀埔墘,221.5,3050,0,111G,6239,2026-05-05
彰銀,220.0,1000,0,1230,6239,2026-05-05
彰銀,223.0,0,2000,1230,6239,2026-05-05
彰銀,224.5,1000,0,1230,6239,2026-05-05
彰銀,226.0,1000,0,1230,6239,2026-05-05
彰銀,228.0,0,1000,1230,6239,2026-05-05
彰銀,231.0,0,1000,1230,6239,2026-05-05
企銀埔墘,228.0,0,3000,111G,6239,2026-05-05
臺銀民權,230.0,3030,0,1043,6239,2026-05-05
企銀台中,231.5,200,0,1111,6239,2026-05-05
企銀台中,226.5,4000,0,1111,6239,2026-05-05
臺銀高雄,220.5,1000,100,104C,6239,2026-05-05
臺銀臺中,235.5,2000,0,104A,6239,2026-05-05
臺銀臺中,234.5,2050,10000,104A,6239,2026-05-05
臺銀臺中,233.5,11000,9000,104A,6239,2026-05-05
臺銀臺中,232.5,2000,0,104A,6239,2026-05-05
臺銀臺中,231.5,75,0,104A,6239,2026-05-05
臺銀臺中,230.0,3010,2000,104A,6239,2026-05-05
臺銀臺中,229.0,1000,1000,104A,6239,2026-05-05
臺銀臺中,228.0,4000,4000,104A,6239,2026-05-05
臺銀臺中,227.0,6000,7004,104A,6239,2026-05-05
臺銀臺中,226.0,4000,2000,104A,6239,2026-05-05
臺銀臺中,225.0,1015,3000,104A,6239,2026-05-05
臺銀臺中,224.0,2015,2000,104A,6239,2026-05-05
臺銀臺中,223.0,2030,5000,104A,6239,2026-05-05
臺銀高雄,221.5,25,0,104C,6239,2026-05-05
臺銀臺中,222.0,2050,0,104A,6239,2026-05-05
臺銀臺中,220.0,2000,0,104A,6239,2026-05-05
臺銀新竹,236.0,1000,0,1045,6239,2026-05-05
臺銀新竹,235.0,2000,0,1045,6239,2026-05-05
臺銀新竹,232.0,1000,0,1045,6239,2026-05-05
臺銀新竹,230.0,3100,2100,1045,6239,2026-05-05
臺銀新竹,229.0,4000,1000,1045,6239,2026-05-05
臺銀新竹,228.0,2017,2100,1045,6239,2026-05-05
臺銀新竹,227.0,2000,0,1045,6239,2026-05-05
臺銀新竹,226.0,200,2000,1045,6239,2026-05-05
臺銀新竹,224.5,1010,2000,1045,6239,2026-05-05
臺銀新竹,223.5,1000,0,1045,6239,2026-05-05
臺銀新竹,222.0,2100,0,1045,6239,2026-05-05
臺銀新竹,221.0,1000,0,1045,6239,2026-05-05
臺銀民權,235.5,5000,0,1043,6239,2026-05-05
臺銀臺中,221.0,1000,0,104A,6239,2026-05-05
臺銀高雄,223.5,1000,0,104C,6239,2026-05-05
臺銀高雄,224.5,20,100,104C,6239,2026-05-05
臺銀高雄,225.5,2000,1000,104C,6239,2026-05-05
企銀台中,225.0,1000,0,1111,6239,2026-05-05
企銀台中,223.5,0,50,1111,6239,2026-05-05
企銀台中,221.5,0,3000,1111,6239,2026-05-05
企銀,233.5,1000,0,1110,6239,2026-05-05
企銀,230.5,1000,0,1110,6239,2026-05-05
企銀,229.5,1000,0,1110,6239,2026-05-05
企銀,227.0,1000,0,1110,6239,2026-05-05
企銀,225.5,2000,0,1110,6239,2026-05-05
企銀,223.0,2200,0,1110,6239,2026-05-05
企銀,222.0,1000,0,1110,6239,2026-05-05
企銀,220.5,3000,0,1110,6239,2026-05-05
臺銀金山,234.0,2000,1000,104D,6239,2026-05-05
臺銀金山,232.0,1000,0,104D,6239,2026-05-05
臺銀金山,230.0,3500,0,104D,6239,2026-05-05
臺銀金山,229.0,2000,0,104D,6239,2026-05-05
臺銀金山,227.5,4130,5000,104D,6239,2026-05-05
臺銀金山,226.5,1000,0,104D,6239,2026-05-05
臺銀高雄,226.5,2245,1000,104C,6239,2026-05-05
臺銀高雄,227.5,1013,2035,104C,6239,2026-05-05
臺銀高雄,228.5,2037,1100,104C,6239,2026-05-05
臺銀高雄,229.5,1160,1000,104C,6239,2026-05-05
臺銀高雄,230.5,100,0,104C,6239,2026-05-05
臺銀高雄,232.0,1000,1000,104C,6239,2026-05-05
企銀台中,228.0,8020,1000,1111,6239,2026-05-05
臺銀高雄,233.5,2000,0,104C,6239,2026-05-05
臺銀高雄,235.5,1000,1000,104C,6239,2026-05-05
臺銀金山,220.5,1000,0,104D,6239,2026-05-05
臺銀金山,222.0,70,0,104D,6239,2026-05-05
臺銀金山,223.0,0,1000,104D,6239,2026-05-05
臺銀金山,224.0,4000,0,104D,6239,2026-05-05
臺銀金山,225.5,1000,1000,104D,6239,2026-05-05
臺銀高雄,234.5,3400,0,104C,6239,2026-05-05
台新北壢,234.5,1000,0,9B2L,6239,2026-05-05
台新成功,221.0,1100,0,9B2m,6239,2026-05-05
台新成功,223.0,150,1000,9B2m,6239,2026-05-05
美好富順,220.5,1000,0,526K,6239,2026-05-05
美好中和,235.0,0,1000,526A,6239,2026-05-05
美好中和,228.0,80,4,526A,6239,2026-05-05
美好台南,227.5,0,300,5268,6239,2026-05-05
美好台南,225.5,300,0,5268,6239,2026-05-05
美好台南,223.0,300,0,5268,6239,2026-05-05
美好基隆,236.0,0,1000,5267,6239,2026-05-05
美好基隆,235.0,0,1000,5267,6239,2026-05-05
美好基隆,232.0,0,2000,5267,6239,2026-05-05
美好基隆,224.0,30,0,5267,6239,2026-05-05
美好中壢,229.5,1000,0,5266,6239,2026-05-05
美好中壢,228.0,0,1000,5266,6239,2026-05-05
美好中壢,227.0,1050,0,5266,6239,2026-05-05
美好中壢,225.5,5000,0,5266,6239,2026-05-05
美好富順,224.5,300,0,526K,6239,2026-05-05
美好中壢,224.5,0,1000,5266,6239,2026-05-05
美好中壢,221.0,1000,0,5266,6239,2026-05-05
美好苗栗,235.0,0,1000,5265,6239,2026-05-05
美好苗栗,230.0,1000,0,5265,6239,2026-05-05
美好苗栗,226.5,0,1000,5265,6239,2026-05-05
美好高雄,228.5,100,0,5264,6239,2026-05-05
美好高雄,222.5,0,1000,5264,6239,2026-05-05
美好泰山,229.5,20,0,5263,6239,2026-05-05
美好泰山,228.5,1000,0,5263,6239,2026-05-05
美好楊梅,232.5,0,3000,5262,6239,2026-05-05
美好楊梅,229.5,5,0,5262,6239,2026-05-05
美好楊梅,228.5,1000,0,5262,6239,2026-05-05
美好楊梅,227.0,0,1000,5262,6239,2026-05-05
美好楊梅,225.5,2000,0,5262,6239,2026-05-05
美好楊梅,224.0,100,0,5262,6239,2026-05-05
美好中壢,222.5,1000,0,5266,6239,2026-05-05
美好富順,225.5,0,10,526K,6239,2026-05-05
美好富順,227.5,0,1000,526K,6239,2026-05-05
美好富順,233.0,0,1000,526K,6239,2026-05-05
第一金證,229.5,205,0,5380,6239,2026-05-05
第一金證,227.5,1000,3048,5380,6239,2026-05-05
第一金證,224.5,5,0,5380,6239,2026-05-05
第一金證,223.5,0,5000,5380,6239,2026-05-05
第一金證,222.5,1000,0,5380,6239,2026-05-05
第一金證,221.0,0,1150,5380,6239,2026-05-05
高橋內壢,229.0,0,1000,5323,6239,2026-05-05
高橋內壢,223.0,1000,0,5323,6239,2026-05-05
高橋中壢,228.0,0,2000,5322,6239,2026-05-05
高橋中壢,225.0,0,1000,5322,6239,2026-05-05
高橋中壢,221.0,2000,0,5322,6239,2026-05-05
高橋龍潭,232.5,1000,0,5321,6239,2026-05-05
高橋龍潭,229.0,0,1000,5321,6239,2026-05-05
高橋龍潭,228.0,2100,0,5321,6239,2026-05-05
高橋龍潭,227.0,2000,0,5321,6239,2026-05-05
高橋龍潭,225.0,1000,2000,5321,6239,2026-05-05
高橋龍潭,223.0,1000,0,5321,6239,2026-05-05
美好富順,234.5,2000,0,526K,6239,2026-05-05
美好市政,224.0,0,3000,526M,6239,2026-05-05
美好市政,227.0,1000,1000,526M,6239,2026-05-05
美好市政,229.0,1000,1000,526M,6239,2026-05-05
美好市政,230.0,0,1000,526M,6239,2026-05-05
美好市政,234.0,1000,0,526M,6239,2026-05-05
美好楊梅,220.5,2000,0,5262,6239,2026-05-05
高橋,223.5,1000,0,5320,6239,2026-05-05
高橋,227.5,0,3200,5320,6239,2026-05-05
高橋,229.5,0,100,5320,6239,2026-05-05
高橋,230.5,1000,0,5320,6239,2026-05-05
高橋,231.5,1000,0,5320,6239,2026-05-05
高橋,234.5,0,50,5320,6239,2026-05-05
高橋龍潭,221.0,1000,0,5321,6239,2026-05-05
高橋,225.0,0,2000,5320,6239,2026-05-05
第一金證,233.0,2000,0,5380,6239,2026-05-05
美好蘆洲,235.5,1000,0,5261,6239,2026-05-05
美好蘆洲,232.0,0,100,5261,6239,2026-05-05
亞東台南,222.0,0,1000,2185,6239,2026-05-05
亞東新竹,233.0,1000,0,2184,6239,2026-05-05
亞東新竹,228.0,200,1000,2184,6239,2026-05-05
亞東新竹,223.5,1100,1000,2184,6239,2026-05-05
亞東新竹,222.5,1000,0,2184,6239,2026-05-05
亞東新竹,220.5,1000,1000,2184,6239,2026-05-05
亞東板橋,234.0,7000,9000,2181,6239,2026-05-05
亞東板橋,229.5,0,102,2181,6239,2026-05-05
亞東板橋,228.5,250,100,2181,6239,2026-05-05
亞東板橋,227.5,100,50,2181,6239,2026-05-05
亞東板橋,225.5,0,3000,2181,6239,2026-05-05
亞東板橋,224.5,0,100,2181,6239,2026-05-05
亞東,236.5,0,1000,2180,6239,2026-05-05
亞東,230.5,300,0,2180,6239,2026-05-05
亞東台南,225.0,0,1000,2185,6239,2026-05-05
亞東,229.0,1002,0,2180,6239,2026-05-05
亞東,227.0,2,0,2180,6239,2026-05-05
亞東,225.0,502,0,2180,6239,2026-05-05
亞東,224.0,4,0,2180,6239,2026-05-05
亞東,222.0,1000,400,2180,6239,2026-05-05
瑞銀,236.5,1000,0,1650,6239,2026-05-05
瑞銀,235.5,2000,10000,1650,6239,2026-05-05
瑞銀,234.5,3000,8000,1650,6239,2026-05-05
瑞銀,233.5,4000,14000,1650,6239,2026-05-05
瑞銀,232.5,5000,18000,1650,6239,2026-05-05
瑞銀,231.5,2000,2000,1650,6239,2026-05-05
瑞銀,230.5,1400,13000,1650,6239,2026-05-05
瑞銀,229.5,1000,20000,1650,6239,2026-05-05
瑞銀,228.5,21000,28000,1650,6239,2026-05-05
瑞銀,227.5,49000,75000,1650,6239,2026-05-05
亞東,228.0,2,0,2180,6239,2026-05-05
亞東高雄,220.5,1000,0,2186,6239,2026-05-05
亞東高雄,223.0,4000,0,2186,6239,2026-05-05
亞東高雄,225.5,0,1000,2186,6239,2026-05-05
美好蘆洲,229.5,100,0,5261,6239,2026-05-05
美好蘆洲,227.5,1000,2000,5261,6239,2026-05-05
美好蘆洲,226.5,1000,0,5261,6239,2026-05-05
美好蘆洲,223.0,2000,1000,5261,6239,2026-05-05
美好蘆洲,222.0,1100,0,5261,6239,2026-05-05
美好蘆洲,220.5,3000,0,5261,6239,2026-05-05
美好,235.0,0,1000,5260,6239,2026-05-05
美好,232.5,0,20000,5260,6239,2026-05-05
美好,230.5,100,0,5260,6239,2026-05-05
美好,229.0,3000,0,5260,6239,2026-05-05
美好,225.5,200,0,5260,6239,2026-05-05
美好,224.0,50,0,5260,6239,2026-05-05
美好,220.0,3000,0,5260,6239,2026-05-05
大展台南,234.0,2000,0,5058,6239,2026-05-05
大展台南,230.5,1000,0,5058,6239,2026-05-05
大展台南,227.5,0,2000,5058,6239,2026-05-05
大展台南,225.0,1000,0,5058,6239,2026-05-05
亞東高雄,228.0,0,6000,2186,6239,2026-05-05
亞東高雄,231.0,0,5000,2186,6239,2026-05-05
亞東高雄,233.0,0,5000,2186,6239,2026-05-05
亞東高雄,235.0,1000,0,2186,6239,2026-05-05
亞東台中,225.5,0,1000,2187,6239,2026-05-05
亞東台中,230.0,2000,200,2187,6239,2026-05-05
美好蘆洲,234.5,100,100,5261,6239,2026-05-05
亞東台中,234.5,1000,0,2187,6239,2026-05-05
大展,223.5,2000,0,5050,6239,2026-05-05
大展,225.0,2000,200,5050,6239,2026-05-05
大展,227.0,0,2000,5050,6239,2026-05-05
大展,229.0,2000,0,5050,6239,2026-05-05
大展,232.0,0,100,5050,6239,2026-05-05
大展台南,222.5,0,1000,5058,6239,2026-05-05
大展,221.5,2250,0,5050,6239,2026-05-05
瑞銀,226.5,15000,61000,1650,6239,2026-05-05
第一員林,221.5,1000,0,5381,6239,2026-05-05
第一員林,225.0,0,2000,5381,6239,2026-05-05
第一光復,229.0,0,1000,538C,6239,2026-05-05
第一光復,228.0,3010,2100,538C,6239,2026-05-05
第一光復,227.0,2000,0,538C,6239,2026-05-05
第一光復,225.5,1000,0,538C,6239,2026-05-05
第一光復,224.5,0,1000,538C,6239,2026-05-05
第一光復,223.5,1000,0,538C,6239,2026-05-05
第一新竹,236.0,0,1000,538B,6239,2026-05-05
第一新竹,235.0,3000,0,538B,6239,2026-05-05
第一新竹,234.0,1000,1000,538B,6239,2026-05-05
第一新竹,233.0,150,1000,538B,6239,2026-05-05
第一新竹,231.0,0,100,538B,6239,2026-05-05
第一新竹,229.5,0,1150,538B,6239,2026-05-05
第一新竹,228.5,1000,100,538B,6239,2026-05-05
第一新竹,227.5,5204,0,538B,6239,2026-05-05
第一光復,232.5,1000,0,538C,6239,2026-05-05
第一新竹,226.5,0,2000,538B,6239,2026-05-05
第一新竹,224.5,1050,0,538B,6239,2026-05-05
第一新竹,223.0,1000,1000,538B,6239,2026-05-05
第一新竹,221.0,1000,0,538B,6239,2026-05-05
第一新興,236.0,0,1000,538A,6239,2026-05-05
第一新興,234.0,1000,0,538A,6239,2026-05-05
第一新興,232.0,2000,0,538A,6239,2026-05-05
第一新興,231.0,0,1000,538A,6239,2026-05-05
第一新興,230.0,1000,0,538A,6239,2026-05-05
第一新興,229.0,2000,0,538A,6239,2026-05-05
第一新興,228.0,2100,0,538A,6239,2026-05-05
第一新興,227.0,0,2000,538A,6239,2026-05-05
第一新興,225.0,2000,1000,538A,6239,2026-05-05
第一新興,224.0,200,0,538A,6239,2026-05-05
第一新興,223.0,1000,0,538A,6239,2026-05-05
第一新竹,225.5,1000,0,538B,6239,2026-05-05
第一光復,234.0,5000,0,538C,6239,2026-05-05
第一光復,235.5,2000,0,538C,6239,2026-05-05
第一忠孝,221.0,1100,0,538D,6239,2026-05-05
第一頭份,228.0,0,1000,538I,6239,2026-05-05
第一頭份,227.0,1000,1000,538I,6239,2026-05-05
第一頭份,225.5,250,0,538I,6239,2026-05-05
第一頭份,224.0,50,0,538I,6239,2026-05-05
第一頭份,223.0,1000,0,538I,6239,2026-05-05
第一頭份,222.0,2000,0,538I,6239,2026-05-05
第一稻埕,233.5,0,1000,538F,6239,2026-05-05
第一稻埕,227.0,100,0,538F,6239,2026-05-05
第一稻埕,226.0,1000,325,538F,6239,2026-05-05
第一稻埕,224.5,1000,10,538F,6239,2026-05-05
第一稻埕,223.0,100,1000,538F,6239,2026-05-05
第一稻埕,222.0,100,0,538F,6239,2026-05-05
第一自由,236.0,0,6000,538E,6239,2026-05-05
第一自由,235.0,0,1000,538E,6239,2026-05-05
第一自由,233.5,2000,2000,538E,6239,2026-05-05
第一自由,231.0,1000,0,538E,6239,2026-05-05
第一自由,229.5,0,300,538E,6239,2026-05-05
第一忠孝,222.5,200,0,538D,6239,2026-05-05
第一忠孝,224.0,60,0,538D,6239,2026-05-05
第一忠孝,227.5,1000,2000,538D,6239,2026-05-05
第一忠孝,229.0,1000,1000,538D,6239,2026-05-05
第一忠孝,230.5,100,0,538D,6239,2026-05-05
第一忠孝,232.0,0,1000,538D,6239,2026-05-05
第一新興,220.5,100,0,538A,6239,2026-05-05
第一忠孝,233.5,2000,0,538D,6239,2026-05-05
第一自由,221.5,0,1000,538E,6239,2026-05-05
第一自由,223.0,1000,3000,538E,6239,2026-05-05
第一自由,224.0,3000,0,538E,6239,2026-05-05
第一自由,226.0,2000,0,538E,6239,2026-05-05
第一自由,227.0,6050,1000,538E,6239,2026-05-05
第一自由,228.0,6000,11000,538E,6239,2026-05-05
第一忠孝,235.5,0,1000,538D,6239,2026-05-05
第一員林,223.0,0,1000,5381,6239,2026-05-05
第一中山,228.0,5000,0,5389,6239,2026-05-05
第一中山,222.5,12000,0,5389,6239,2026-05-05
第一台南,235.0,4000,0,5384,6239,2026-05-05
第一台南,234.0,1000,0,5384,6239,2026-05-05
第一台南,230.5,50,0,5384,6239,2026-05-05
第一台南,229.5,100,0,5384,6239,2026-05-05
第一台南,228.0,2027,2000,5384,6239,2026-05-05
第一台南,227.0,3025,0,5384,6239,2026-05-05
第一台南,225.5,0,2025,5384,6239,2026-05-05
第一台南,224.0,50,0,5384,6239,2026-05-05
第一台南,222.5,1220,0,5384,6239,2026-05-05
第一台南,220.5,1000,0,5384,6239,2026-05-05
第一高雄,235.0,4000,0,5383,6239,2026-05-05
第一高雄,234.0,0,1000,5383,6239,2026-05-05
第一高雄,231.5,0,1000,5383,6239,2026-05-05
第一高雄,229.0,5000,0,5383,6239,2026-05-05
第一桃園,222.0,1000,0,5385,6239,2026-05-05
第一高雄,228.0,0,1100,5383,6239,2026-05-05
第一高雄,225.0,0,1050,5383,6239,2026-05-05
第一高雄,223.5,1000,0,5383,6239,2026-05-05
第一高雄,222.5,5000,0,5383,6239,2026-05-05
第一台中,235.0,1000,0,5382,6239,2026-05-05
第一台中,232.5,250,1000,5382,6239,2026-05-05
第一台中,231.5,139,0,5382,6239,2026-05-05
第一台中,228.5,2150,0,5382,6239,2026-05-05
第一台中,227.5,1100,1000,5382,6239,2026-05-05
第一台中,224.0,0,12,5382,6239,2026-05-05
第一員林,234.5,2000,0,5381,6239,2026-05-05
第一員林,232.0,1000,0,5381,6239,2026-05-05
第一員林,229.0,1000,0,5381,6239,2026-05-05
第一員林,228.0,0,50,5381,6239,2026-05-05
第一員林,226.5,1000,0,5381,6239,2026-05-05
第一高雄,227.0,200,13000,5383,6239,2026-05-05
第一桃園,223.0,5230,0,5385,6239,2026-05-05
第一桃園,224.5,0,3000,5385,6239,2026-05-05
第一桃園,225.5,1400,50,5385,6239,2026-05-05
第一澎湖,235.0,0,1000,5387,6239,2026-05-05
第一澎湖,233.0,1000,0,5387,6239,2026-05-05
第一澎湖,232.0,1000,0,5387,6239,2026-05-05
第一澎湖,229.5,0,5000,5387,6239,2026-05-05
第一澎湖,228.5,1050,0,5387,6239,2026-05-05
第一澎湖,227.5,1000,350,5387,6239,2026-05-05
第一澎湖,226.0,100,0,5387,6239,2026-05-05
第一澎湖,225.0,1150,0,5387,6239,2026-05-05
第一澎湖,222.5,1000,0,5387,6239,2026-05-05
第一澎湖,221.5,0,1000,5387,6239,2026-05-05
第一澎湖,220.5,0,1000,5387,6239,2026-05-05
第一彰化,235.5,6000,1000,5386,6239,2026-05-05
第一彰化,233.5,1000,0,5386,6239,2026-05-05
第一彰化,232.0,100,2000,5386,6239,2026-05-05
第一彰化,229.5,0,23,5386,6239,2026-05-05
第一彰化,228.5,2000,2000,5386,6239,2026-05-05
第一彰化,227.5,0,1000,5386,6239,2026-05-05
第一桃園,226.5,1000,2100,5385,6239,2026-05-05
第一桃園,227.5,2000,3000,5385,6239,2026-05-05
第一桃園,228.5,10200,1000,5385,6239,2026-05-05
第一桃園,230.0,1300,103,5385,6239,2026-05-05
第一桃園,231.0,1000,0,5385,6239,2026-05-05
第一桃園,232.0,3000,0,5385,6239,2026-05-05
第一中山,225.0,1000,0,5389,6239,2026-05-05
第一桃園,233.0,5000,0,5385,6239,2026-05-05
第一桃園,235.0,1000,2000,5385,6239,2026-05-05
第一彰化,221.0,1,0,5386,6239,2026-05-05
第一彰化,222.0,1000,0,5386,6239,2026-05-05
第一彰化,223.5,1000,0,5386,6239,2026-05-05
第一彰化,225.0,2000,0,5386,6239,2026-05-05
第一彰化,226.5,1000,0,5386,6239,2026-05-05
第一桃園,234.0,1000,0,5385,6239,2026-05-05
瑞銀,225.5,4000,21000,1650,6239,2026-05-05
瑞銀,224.5,31000,20000,1650,6239,2026-05-05
瑞銀,223.5,17000,60000,1650,6239,2026-05-05
台新宜蘭,235.5,20000,1000,9B2U,6239,2026-05-05
台新宜蘭,234.0,0,1000,9B2U,6239,2026-05-05
台新宜蘭,230.5,1000,0,9B2U,6239,2026-05-05
台新宜蘭,228.5,40,0,9B2U,6239,2026-05-05
台新宜蘭,227.5,0,1100,9B2U,6239,2026-05-05
台新宜蘭,226.5,0,1000,9B2U,6239,2026-05-05
台新宜蘭,224.5,1300,0,9B2U,6239,2026-05-05
台新宜蘭,223.5,1000,0,9B2U,6239,2026-05-05
台新宜蘭,221.0,0,1000,9B2U,6239,2026-05-05
台新世貿,235.5,1000,1000,9B2u,6239,2026-05-05
台新世貿,234.0,0,1000,9B2u,6239,2026-05-05
台新世貿,230.0,0,800,9B2u,6239,2026-05-05
台新世貿,229.0,1000,1000,9B2u,6239,2026-05-05
台新世貿,227.5,4000,2000,9B2u,6239,2026-05-05
台新桃園,225.0,1000,0,9B2v,6239,2026-05-05
台新世貿,226.5,1000,0,9B2u,6239,2026-05-05
台新世貿,223.5,0,1000,9B2u,6239,2026-05-05
台新世貿,222.0,0,1000,9B2u,6239,2026-05-05
台新世貿,220.5,1000,0,9B2u,6239,2026-05-05
台新基隆,232.0,1000,0,9B2S,6239,2026-05-05
台新基隆,229.5,100,0,9B2S,6239,2026-05-05
台新基隆,227.5,1000,1000,9B2S,6239,2026-05-05
台新基隆,226.0,100,0,9B2S,6239,2026-05-05
台新基隆,224.0,12,0,9B2S,6239,2026-05-05
台新基隆,222.5,1000,0,9B2S,6239,2026-05-05
台新城東,235.5,1000,0,9B2r,6239,2026-05-05
台新城東,232.0,0,30,9B2r,6239,2026-05-05
台新城東,230.0,10,2001,9B2r,6239,2026-05-05
台新城東,228.0,1000,1000,9B2r,6239,2026-05-05
台新城東,227.0,2000,1000,9B2r,6239,2026-05-05
台新世貿,224.5,2000,0,9B2u,6239,2026-05-05
台新桃園,226.5,3000,0,9B2v,6239,2026-05-05
台新桃園,227.5,0,3000,9B2v,6239,2026-05-05
台新桃園,229.0,1000,0,9B2v,6239,2026-05-05
台新花蓮,224.0,4000,0,9B2y,6239,2026-05-05
台新花蓮,223.0,1000,0,9B2y,6239,2026-05-05
台新花蓮,220.5,1000,0,9B2y,6239,2026-05-05
台新草屯,235.5,0,1000,9B2X,6239,2026-05-05
台新草屯,234.0,5,0,9B2X,6239,2026-05-05
台新草屯,232.5,0,25,9B2X,6239,2026-05-05
台新草屯,229.0,0,5000,9B2X,6239,2026-05-05
台新草屯,228.0,0,3000,9B2X,6239,2026-05-05
台新草屯,227.0,1000,1000,9B2X,6239,2026-05-05
台新草屯,226.0,1000,2000,9B2X,6239,2026-05-05
台新草屯,225.0,0,1000,9B2X,6239,2026-05-05
台新草屯,224.0,2000,0,9B2X,6239,2026-05-05
台新草屯,223.0,2000,0,9B2X,6239,2026-05-05
台新草屯,221.0,1000,2000,9B2X,6239,2026-05-05
台新草屯,220.0,2000,0,9B2X,6239,2026-05-05
台新吉利,231.5,200,0,9B2W,6239,2026-05-05
台新吉利,228.5,1000,2000,9B2W,6239,2026-05-05
台新桃園,230.5,1000,1000,9B2v,6239,2026-05-05
台新桃園,232.0,2000,0,9B2v,6239,2026-05-05
台新桃園,234.0,0,1000,9B2v,6239,2026-05-05
台新桃園,235.5,0,1000,9B2v,6239,2026-05-05
台新佳里,222.5,1000,0,9B2w,6239,2026-05-05
台新佳里,224.5,1000,0,9B2w,6239,2026-05-05
台新城東,224.5,1000,2000,9B2r,6239,2026-05-05
台新佳里,227.0,0,1000,9B2w,6239,2026-05-05
台新佳里,235.0,1000,0,9B2w,6239,2026-05-05
台新吉利,221.0,1200,0,9B2W,6239,2026-05-05
台新吉利,223.0,11000,0,9B2W,6239,2026-05-05
台新吉利,224.0,1000,0,9B2W,6239,2026-05-05
台新吉利,225.5,0,2000,9B2W,6239,2026-05-05
台新吉利,227.5,1001,0,9B2W,6239,2026-05-05
台新佳里,232.0,1000,0,9B2w,6239,2026-05-05
台新花蓮,226.5,1000,0,9B2y,6239,2026-05-05
台新城東,223.5,1000,0,9B2r,6239,2026-05-05
台新城東,221.0,1000,1000,9B2r,6239,2026-05-05
台新虎尾,229.5,0,1000,9B2N,6239,2026-05-05
台新虎尾,228.5,0,1000,9B2N,6239,2026-05-05
台新虎尾,227.5,5,1000,9B2N,6239,2026-05-05
台新虎尾,226.5,100,0,9B2N,6239,2026-05-05
台新虎尾,225.0,10,3000,9B2N,6239,2026-05-05
台新虎尾,223.5,1000,200,9B2N,6239,2026-05-05
台新虎尾,222.5,1000,0,9B2N,6239,2026-05-05
台新西松,234.5,30000,0,9B2n,6239,2026-05-05
台新西松,230.0,1000,3,9B2n,6239,2026-05-05
台新西松,229.0,2004,1000,9B2n,6239,2026-05-05
台新西松,227.5,0,1000,9B2n,6239,2026-05-05
台新西松,226.5,0,2055,9B2n,6239,2026-05-05
台新西松,224.5,0,1000,9B2n,6239,2026-05-05
台新西松,222.5,1000,0,9B2n,6239,2026-05-05
台新虎尾,232.0,200,0,9B2N,6239,2026-05-05
台新西松,220.5,1000,0,9B2n,6239,2026-05-05
台新彰化,231.0,100,0,9B2M,6239,2026-05-05
台新彰化,228.5,0,150,9B2M,6239,2026-05-05
台新彰化,227.5,4300,1168,9B2M,6239,2026-05-05
台新彰化,226.0,2000,0,9B2M,6239,2026-05-05
台新彰化,224.5,0,2000,9B2M,6239,2026-05-05
台新彰化,223.0,100,0,9B2M,6239,2026-05-05
台新彰化,221.0,60,0,9B2M,6239,2026-05-05
台新成功,236.5,0,2000,9B2m,6239,2026-05-05
台新成功,233.5,3000,0,9B2m,6239,2026-05-05
台新成功,230.0,30,0,9B2m,6239,2026-05-05
台新成功,229.0,1000,50,9B2m,6239,2026-05-05
台新成功,228.0,0,3000,9B2m,6239,2026-05-05
台新成功,226.5,0,1000,9B2m,6239,2026-05-05
台新成功,225.0,1000,0,9B2m,6239,2026-05-05
台新彰化,233.0,500,0,9B2M,6239,2026-05-05
台新虎尾,236.0,0,1000,9B2N,6239,2026-05-05
台新新興,223.0,3000,0,9B2o,6239,2026-05-05
台新新興,224.0,10,0,9B2o,6239,2026-05-05
台新敦南,234.5,100,0,9B2Q,6239,2026-05-05
台新敦南,233.0,0,1000,9B2Q,6239,2026-05-05
台新敦南,228.5,1000,0,9B2Q,6239,2026-05-05
台新敦南,224.5,100,0,9B2Q,6239,2026-05-05
台新敦南,223.5,2000,1000,9B2Q,6239,2026-05-05
台新敦南,221.0,1000,0,9B2Q,6239,2026-05-05
台新屏新,234.0,7000,0,9B2q,6239,2026-05-05
台新屏新,231.5,1000,0,9B2q,6239,2026-05-05
台新屏新,228.5,15000,1000,9B2q,6239,2026-05-05
台新屏新,227.5,100,3000,9B2q,6239,2026-05-05
台新屏新,226.5,5000,11000,9B2q,6239,2026-05-05
台新屏新,224.0,1000,0,9B2q,6239,2026-05-05
台新屏新,222.5,1001,10000,9B2q,6239,2026-05-05
台新屏新,221.5,100,0,9B2q,6239,2026-05-05
台新同大,235.5,1000,3000,9B2P,6239,2026-05-05
台新同大,233.0,0,2000,9B2P,6239,2026-05-05
台新同大,230.5,10000,0,9B2P,6239,2026-05-05
台新新興,225.0,1000,0,9B2o,6239,2026-05-05
台新新興,226.5,0,2000,9B2o,6239,2026-05-05
台新新興,227.5,0,1000,9B2o,6239,2026-05-05
台新新興,229.0,0,200,9B2o,6239,2026-05-05
台新新興,230.0,1000,10,9B2o,6239,2026-05-05
台新新興,233.0,215,0,9B2o,6239,2026-05-05
台新城東,222.5,1000,0,9B2r,6239,2026-05-05
台新同大,221.0,2054,0,9B2P,6239,2026-05-05
台新同大,223.5,1000,0,9B2P,6239,2026-05-05
台新同大,224.5,1030,0,9B2P,6239,2026-05-05
台新同大,226.0,204,2000,9B2P,6239,2026-05-05
台新同大,227.0,34,2050,9B2P,6239,2026-05-05
台新同大,228.0,155,1000,9B2P,6239,2026-05-05
台新同大,229.5,2000,4,9B2P,6239,2026-05-05
台新同大,222.5,21000,250,9B2P,6239,2026-05-05
台新花蓮,228.0,3000,0,9B2y,6239,2026-05-05
台新花蓮,229.0,0,2000,9B2y,6239,2026-05-05
台新花蓮,231.0,0,100,9B2y,6239,2026-05-05
美商高盛,229.0,17000,35000,1480,6239,2026-05-05
美商高盛,228.0,164000,81000,1480,6239,2026-05-05
美商高盛,227.0,100000,107000,1480,6239,2026-05-05
美商高盛,226.0,52000,15000,1480,6239,2026-05-05
美商高盛,225.0,0,102000,1480,6239,2026-05-05
美商高盛,224.0,40000,14000,1480,6239,2026-05-05
美商高盛,223.0,188000,58000,1480,6239,2026-05-05
美商高盛,222.0,0,34000,1480,6239,2026-05-05
美商高盛,221.0,61000,5000,1480,6239,2026-05-05
台灣摩根,236.5,0,7000,1470,6239,2026-05-05
台灣摩根,235.5,1000,60000,1470,6239,2026-05-05
台灣摩根,234.5,2000,74000,1470,6239,2026-05-05
台灣摩根,233.5,4000,49000,1470,6239,2026-05-05
台灣摩根,232.5,143000,10000,1470,6239,2026-05-05
美商高盛,230.0,0,51000,1480,6239,2026-05-05
台灣摩根,231.5,6000,3000,1470,6239,2026-05-05
台灣摩根,229.5,64000,27200,1470,6239,2026-05-05
台灣摩根,228.5,92000,75750,1470,6239,2026-05-05
台灣摩根,227.5,283000,122850,1470,6239,2026-05-05
台灣摩根,226.5,107000,84150,1470,6239,2026-05-05
台灣摩根,225.5,70000,16200,1470,6239,2026-05-05
台灣摩根,224.5,145000,80500,1470,6239,2026-05-05
台灣摩根,223.5,26000,184000,1470,6239,2026-05-05
台灣摩根,222.5,24000,258000,1470,6239,2026-05-05
台灣摩根,221.5,23000,78500,1470,6239,2026-05-05
台灣摩根,220.5,54000,74000,1470,6239,2026-05-05
美林,236.5,56000,4000,1440,6239,2026-05-05
美林,235.5,24000,4000,1440,6239,2026-05-05
美林,234.5,10000,11000,1440,6239,2026-05-05
美林,233.5,0,12000,1440,6239,2026-05-05
台灣摩根,230.5,34000,2000,1470,6239,2026-05-05
美商高盛,231.0,0,5000,1480,6239,2026-05-05
美商高盛,232.0,73000,111000,1480,6239,2026-05-05
美商高盛,233.0,1000,31000,1480,6239,2026-05-05
瑞銀,222.5,11000,67000,1650,6239,2026-05-05
瑞銀,221.5,6000,7000,1650,6239,2026-05-05
瑞銀,220.5,11000,71000,1650,6239,2026-05-05
花旗環球,235.0,0,3000,1590,6239,2026-05-05
花旗環球,234.0,0,1000,1590,6239,2026-05-05
花旗環球,232.5,0,5000,1590,6239,2026-05-05
花旗環球,231.5,0,1000,1590,6239,2026-05-05
花旗環球,230.5,0,9000,1590,6239,2026-05-05
花旗環球,229.5,0,13000,1590,6239,2026-05-05
花旗環球,228.5,0,15000,1590,6239,2026-05-05
花旗環球,227.5,1000,195000,1590,6239,2026-05-05
花旗環球,226.5,0,18000,1590,6239,2026-05-05
花旗環球,225.5,0,12000,1590,6239,2026-05-05
花旗環球,224.5,0,16000,1590,6239,2026-05-05
花旗環球,223.5,0,30000,1590,6239,2026-05-05
花旗環球,222.5,0,9000,1590,6239,2026-05-05
花旗環球,221.5,0,6000,1590,6239,2026-05-05
美商高盛,234.0,1000,46000,1480,6239,2026-05-05
美商高盛,235.0,0,3000,1480,6239,2026-05-05
美商高盛,236.0,0,1000,1480,6239,2026-05-05
港商野村,220.5,0,58000,1560,6239,2026-05-05
港商野村,222.5,23000,0,1560,6239,2026-05-05
港商野村,223.5,0,171000,1560,6239,2026-05-05
美林,232.5,0,11000,1440,6239,2026-05-05
港商野村,224.5,0,69000,1560,6239,2026-05-05
港商野村,226.5,75000,9000,1560,6239,2026-05-05
港商野村,227.5,0,21000,1560,6239,2026-05-05
港商野村,229.0,8000,57000,1560,6239,2026-05-05
港商野村,230.0,0,75000,1560,6239,2026-05-05
港商野村,232.5,0,2000,1560,6239,2026-05-05
花旗環球,220.5,0,9000,1590,6239,2026-05-05
港商野村,225.5,0,11000,1560,6239,2026-05-05
美林,230.5,0,1000,1440,6239,2026-05-05
美林,229.5,0,4000,1440,6239,2026-05-05
美林,228.5,0,4000,1440,6239,2026-05-05
宏遠高雄,224.5,0,4000,126Q,6239,2026-05-05
宏遠高雄,223.5,10000,1000,126Q,6239,2026-05-05
宏遠台中,235.0,0,1000,126L,6239,2026-05-05
統一金門,222.5,2000,0,585W,6239,2026-05-05
台新安南,235.0,1000,4000,9B2Z,6239,2026-05-05
台新安南,232.0,0,200,9B2Z,6239,2026-05-05
台新安南,230.5,0,95,9B2Z,6239,2026-05-05
台新安南,229.0,1000,0,9B2Z,6239,2026-05-05
台新安南,228.0,0,2000,9B2Z,6239,2026-05-05
台新安南,226.5,0,2000,9B2Z,6239,2026-05-05
台新安南,225.5,0,1000,9B2Z,6239,2026-05-05
台新安南,224.5,0,1000,9B2Z,6239,2026-05-05
台新安南,223.5,1000,0,9B2Z,6239,2026-05-05
台新安南,222.0,1000,1000,9B2Z,6239,2026-05-05
台新安南,220.5,1000,0,9B2Z,6239,2026-05-05
台新文心,234.5,0,20,9B2z,6239,2026-05-05
台新文心,231.5,0,10,9B2z,6239,2026-05-05
台新花蓮,234.0,2000,0,9B2y,6239,2026-05-05
台新埔里,220.0,0,1000,9B2Y,6239,2026-05-05
台新埔里,226.5,1000,0,9B2Y,6239,2026-05-05
台新埔里,228.0,200,1000,9B2Y,6239,2026-05-05
台新埔里,229.0,2000,0,9B2Y,6239,2026-05-05
台新埔里,233.0,2000,0,9B2Y,6239,2026-05-05
宏遠高雄,226.0,1000,0,126Q,6239,2026-05-05
台新埔里,236.0,0,1000,9B2Y,6239,2026-05-05
台新文心,222.0,3500,0,9B2z,6239,2026-05-05
台新文心,223.0,50000,0,9B2z,6239,2026-05-05
台新文心,224.0,50100,0,9B2z,6239,2026-05-05
台新文心,226.5,1000,0,9B2z,6239,2026-05-05
台新文心,228.0,1000,4000,9B2z,6239,2026-05-05
台新文心,229.5,100,0,9B2z,6239,2026-05-05
台新文心,221.0,5,0,9B2z,6239,2026-05-05
國票新莊,235.5,10000,1000,779G,6239,2026-05-05
宏遠高雄,227.0,100,0,126Q,6239,2026-05-05
宏遠高雄,229.5,0,50,126Q,6239,2026-05-05
美林,227.5,27000,57000,1440,6239,2026-05-05
美林,226.5,21000,38000,1440,6239,2026-05-05
美林,225.5,16000,8000,1440,6239,2026-05-05
美林,224.5,13000,10000,1440,6239,2026-05-05
美林,223.5,27000,28000,1440,6239,2026-05-05
美林,222.5,3000,4000,1440,6239,2026-05-05
美林,221.5,22000,23000,1440,6239,2026-05-05
美林,220.5,5000,30000,1440,6239,2026-05-05
港麥格理,232.5,1000,0,1360,6239,2026-05-05
港麥格理,231.5,7000,0,1360,6239,2026-05-05
港麥格理,230.5,1000,0,1360,6239,2026-05-05
港麥格理,229.5,16000,0,1360,6239,2026-05-05
港麥格理,228.5,22000,0,1360,6239,2026-05-05
港麥格理,227.5,540000,0,1360,6239,2026-05-05
港麥格理,226.5,234000,0,1360,6239,2026-05-05
港麥格理,225.5,11000,0,1360,6239,2026-05-05
港麥格理,224.5,10000,0,1360,6239,2026-05-05
宏遠高雄,231.5,1000,0,126Q,6239,2026-05-05
宏遠高雄,232.5,3000,0,126Q,6239,2026-05-05
宏遠高雄,234.5,0,1000,126Q,6239,2026-05-05
宏遠館前,222.0,3000,10000,126U,6239,2026-05-05
宏遠館前,223.0,11000,0,126U,6239,2026-05-05
宏遠館前,225.0,0,10000,126U,6239,2026-05-05
宏遠高雄,228.5,0,12000,126Q,6239,2026-05-05
宏遠館前,227.5,0,10000,126U,6239,2026-05-05
宏遠館前,233.5,0,10000,126U,6239,2026-05-05
宏遠新化,224.5,0,2000,126X,6239,2026-05-05
港麥格理,220.5,17000,0,1360,6239,2026-05-05
港麥格理,221.5,11000,0,1360,6239,2026-05-05
港麥格理,222.5,23000,0,1360,6239,2026-05-05
港麥格理,223.5,41000,0,1360,6239,2026-05-05
宏遠館前,229.0,0,2000,126U,6239,2026-05-05
國票嘉義,226.0,0,1000,779H,6239,2026-05-05
國票嘉義,227.5,199,2000,779H,6239,2026-05-05
國票嘉義,229.0,0,20000,779H,6239,2026-05-05
凱基汐止,229.0,1000,2000,9226,6239,2026-05-05
凱基汐止,227.5,11000,0,9226,6239,2026-05-05
凱基汐止,226.5,1000,6000,9226,6239,2026-05-05
凱基汐止,224.0,1000,1000,9226,6239,2026-05-05
凱基汐止,221.0,1000,0,9226,6239,2026-05-05
凱基內埔,235.5,0,1000,9225,6239,2026-05-05
凱基內埔,234.5,0,1000,9225,6239,2026-05-05
凱基內埔,231.5,1000,0,9225,6239,2026-05-05
凱基內埔,229.0,220,0,9225,6239,2026-05-05
凱基內埔,227.5,1000,0,9225,6239,2026-05-05
凱基內埔,226.5,1000,0,9225,6239,2026-05-05
凱基豐中,235.0,2000,0,9223,6239,2026-05-05
凱基豐中,234.0,4000,0,9223,6239,2026-05-05
凱基豐中,230.0,1000,1000,9223,6239,2026-05-05
凱基汐止,233.0,0,1000,9226,6239,2026-05-05
凱基豐中,229.0,1000,100,9223,6239,2026-05-05
凱基豐中,227.0,3000,1000,9223,6239,2026-05-05
凱基豐中,226.0,1000,16000,9223,6239,2026-05-05
凱基豐中,225.0,1000,0,9223,6239,2026-05-05
凱基豐中,223.5,16002,0,9223,6239,2026-05-05
凱基豐中,222.5,6000,3000,9223,6239,2026-05-05
凱基豐中,221.0,504,0,9223,6239,2026-05-05
凱基東勢,235.5,0,1000,921Y,6239,2026-05-05
凱基東勢,231.5,1000,0,921Y,6239,2026-05-05
凱基東勢,229.0,1000,0,921Y,6239,2026-05-05
凱基東勢,227.0,1000,0,921Y,6239,2026-05-05
凱基東勢,225.0,0,100,921Y,6239,2026-05-05
凱基東勢,223.5,0,1000,921Y,6239,2026-05-05
凱基東勢,220.0,2000,0,921Y,6239,2026-05-05
凱基新莊,232.0,0,3000,921S,6239,2026-05-05
凱基豐中,228.0,2000,3000,9223,6239,2026-05-05
凱基汐止,234.5,2000,100,9226,6239,2026-05-05
凱基城中,223.0,3000,10000,9227,6239,2026-05-05
凱基城中,224.0,1000,0,9227,6239,2026-05-05
凱基長庚,228.5,3000,1000,9233,6239,2026-05-05
凱基長庚,227.5,101,1000,9233,6239,2026-05-05
凱基長庚,226.0,0,2000,9233,6239,2026-05-05
凱基長庚,224.5,0,3000,9233,6239,2026-05-05
凱基長庚,223.5,2200,1000,9233,6239,2026-05-05
凱基長庚,222.0,1003,0,9233,6239,2026-05-05
凱基長庚,221.0,3001,0,9233,6239,2026-05-05
凱基員林,234.0,1000,0,9231,6239,2026-05-05
凱基員林,227.0,2000,0,9231,6239,2026-05-05
凱基員林,224.5,1500,1000,9231,6239,2026-05-05
凱基員林,223.0,1000,0,9231,6239,2026-05-05
凱基屏東,230.0,200,200,922C,6239,2026-05-05
凱基屏東,228.5,1000,0,922C,6239,2026-05-05
凱基屏東,226.0,200,0,922C,6239,2026-05-05
凱基中山,236.0,1000,0,9229,6239,2026-05-05
凱基中山,234.5,150,0,9229,6239,2026-05-05
凱基中山,232.0,10000,0,9229,6239,2026-05-05
凱基城中,226.0,100,0,9227,6239,2026-05-05
凱基城中,227.5,10100,3000,9227,6239,2026-05-05
凱基城中,228.5,1000,0,9227,6239,2026-05-05
凱基城中,229.5,1000,0,9227,6239,2026-05-05
凱基城中,232.5,0,5000,9227,6239,2026-05-05
凱基城中,234.0,1000,1000,9227,6239,2026-05-05
凱基新莊,230.0,0,4000,921S,6239,2026-05-05
凱基中山,220.5,2000,0,9229,6239,2026-05-05
凱基中山,223.0,1000,0,9229,6239,2026-05-05
凱基中山,225.0,0,2000,9229,6239,2026-05-05
凱基中山,227.0,1050,2000,9229,6239,2026-05-05
凱基中山,228.0,0,30,9229,6239,2026-05-05
凱基中山,229.0,1000,0,9229,6239,2026-05-05
凱基中山,230.0,0,2000,9229,6239,2026-05-05
凱基中山,222.0,2000,0,9229,6239,2026-05-05
凱基長庚,230.0,100,0,9233,6239,2026-05-05
凱基新莊,229.0,2000,0,921S,6239,2026-05-05
凱基新莊,225.5,0,1000,921S,6239,2026-05-05
凱基民權,228.0,10,0,921C,6239,2026-05-05
凱基民權,227.0,100,5015,921C,6239,2026-05-05
凱基民權,225.5,10,2000,921C,6239,2026-05-05
凱基民權,224.0,1020,0,921C,6239,2026-05-05
凱基民權,221.0,210,0,921C,6239,2026-05-05
凱基大直,234.5,2000,100,9218,6239,2026-05-05
凱基大直,230.0,0,2000,9218,6239,2026-05-05
凱基大直,229.0,0,1000,9218,6239,2026-05-05
凱基大直,228.0,50,100,9218,6239,2026-05-05
凱基大直,227.0,0,50,9218,6239,2026-05-05
凱基大直,225.5,4,0,9218,6239,2026-05-05
凱基大直,224.0,50,0,9218,6239,2026-05-05
凱基大直,223.0,0,3000,9218,6239,2026-05-05
凱基大直,220.0,50,0,9218,6239,2026-05-05
凱基民權,229.5,1200,0,921C,6239,2026-05-05
凱基松山,235.0,1000,0,9217,6239,2026-05-05
凱基松山,233.0,3000,0,9217,6239,2026-05-05
凱基松山,231.5,100,0,9217,6239,2026-05-05
凱基松山,230.5,1000,0,9217,6239,2026-05-05
凱基松山,229.5,1000,0,9217,6239,2026-05-05
凱基松山,228.5,3000,0,9217,6239,2026-05-05
凱基松山,227.5,1044,3000,9217,6239,2026-05-05
凱基松山,226.5,2000,3000,9217,6239,2026-05-05
凱基松山,225.5,5000,4000,9217,6239,2026-05-05
凱基松山,224.5,4000,7000,9217,6239,2026-05-05
凱基松山,223.5,10100,0,9217,6239,2026-05-05
凱基松山,222.5,7000,4000,9217,6239,2026-05-05
凱基松山,221.5,2000,0,9217,6239,2026-05-05
凱基松山,220.5,2000,5000,9217,6239,2026-05-05
凱基信義,237.0,0,1000,9216,6239,2026-05-05
凱基松山,234.0,2000,0,9217,6239,2026-05-05
凱基民權,231.5,30,0,921C,6239,2026-05-05
凱基民權,233.0,2050,0,921C,6239,2026-05-05
凱基三峽,221.0,1000,0,921E,6239,2026-05-05
凱基新莊,223.0,100,0,921S,6239,2026-05-05
凱基八德,235.5,1000,1000,921M,6239,2026-05-05
凱基八德,234.5,1000,0,921M,6239,2026-05-05
凱基八德,233.5,1000,0,921M,6239,2026-05-05
凱基八德,229.0,1000,1000,921M,6239,2026-05-05
凱基八德,227.0,2000,0,921M,6239,2026-05-05
凱基八德,225.0,1000,0,921M,6239,2026-05-05
凱基八德,223.0,0,300,921M,6239,2026-05-05
凱基土城,235.0,1000,0,921J,6239,2026-05-05
凱基土城,231.5,0,1000,921J,6239,2026-05-05
凱基土城,228.5,2000,0,921J,6239,2026-05-05
凱基土城,227.5,1000,0,921J,6239,2026-05-05
凱基土城,225.5,1000,0,921J,6239,2026-05-05
凱基土城,223.0,1000,0,921J,6239,2026-05-05
凱基土城,220.0,2000,0,921J,6239,2026-05-05
凱基五股,231.0,1000,0,921G,6239,2026-05-05
凱基五股,228.5,2000,0,921G,6239,2026-05-05
凱基三峽,223.0,1000,0,921E,6239,2026-05-05
凱基三峽,224.0,1000,0,921E,6239,2026-05-05
凱基三峽,225.0,1000,0,921E,6239,2026-05-05
凱基三峽,227.0,1000,0,921E,6239,2026-05-05
凱基三峽,228.0,0,1000,921E,6239,2026-05-05
凱基三峽,229.5,1000,0,921E,6239,2026-05-05
凱基新莊,227.5,1000,0,921S,6239,2026-05-05
凱基三峽,232.0,1000,0,921E,6239,2026-05-05
凱基三峽,235.0,1000,0,921E,6239,2026-05-05
凱基三峽,236.0,1000,0,921E,6239,2026-05-05
凱基五股,222.0,1000,0,921G,6239,2026-05-05
凱基五股,223.0,150,0,921G,6239,2026-05-05
凱基五股,225.0,2000,0,921G,6239,2026-05-05
凱基五股,227.0,0,4000,921G,6239,2026-05-05
凱基三峽,233.5,2000,0,921E,6239,2026-05-05
凱基信義,234.5,1000,0,9216,6239,2026-05-05
凱基長庚,231.0,0,10,9233,6239,2026-05-05
凱基竹北,220.5,1000,0,9234,6239,2026-05-05
凱基新豐,226.5,4000,30000,9266,6239,2026-05-05
凱基新豐,225.5,4000,0,9266,6239,2026-05-05
凱基新豐,224.5,4125,0,9266,6239,2026-05-05
凱基新豐,223.5,1000,0,9266,6239,2026-05-05
凱基新豐,221.5,6000,0,9266,6239,2026-05-05
凱基新豐,220.5,5000,0,9266,6239,2026-05-05
凱基羅東,234.5,3000,0,9258,6239,2026-05-05
凱基羅東,225.0,1000,0,9258,6239,2026-05-05
凱基林口,236.0,0,1000,9257,6239,2026-05-05
凱基林口,234.0,2000,0,9257,6239,2026-05-05
凱基林口,232.5,1000,0,9257,6239,2026-05-05
凱基林口,228.0,12000,0,9257,6239,2026-05-05
凱基林口,225.5,0,1000,9257,6239,2026-05-05
凱基林口,224.5,0,10000,9257,6239,2026-05-05
凱基新豐,227.5,3110,1000,9266,6239,2026-05-05
凱基林口,222.0,0,1000,9257,6239,2026-05-05
凱基南崁,232.0,1100,0,9256,6239,2026-05-05
凱基南崁,229.0,2000,0,9256,6239,2026-05-05
凱基南崁,227.0,5000,0,9256,6239,2026-05-05
凱基南崁,226.0,0,2000,9256,6239,2026-05-05
凱基南崁,224.0,1100,0,9256,6239,2026-05-05
凱基南崁,223.0,1000,0,9256,6239,2026-05-05
凱基和平,234.0,2000,1000,9255,6239,2026-05-05
凱基和平,232.0,0,1000,9255,6239,2026-05-05
凱基和平,230.0,2000,0,9255,6239,2026-05-05
凱基和平,228.5,0,10,9255,6239,2026-05-05
凱基和平,227.5,0,1000,9255,6239,2026-05-05
凱基和平,226.5,0,1000,9255,6239,2026-05-05
凱基和平,225.5,1000,0,9255,6239,2026-05-05
凱基和平,224.0,3,0,9255,6239,2026-05-05
凱基林口,220.5,0,1000,9257,6239,2026-05-05
凱基新豐,228.5,2050,7000,9266,6239,2026-05-05
凱基新豐,229.5,3000,0,9266,6239,2026-05-05
凱基新豐,232.5,2000,0,9266,6239,2026-05-05
凱基竹科,233.5,1000,0,9272,6239,2026-05-05
凱基竹科,232.5,2000,0,9272,6239,2026-05-05
凱基竹科,231.5,11000,0,9272,6239,2026-05-05
凱基竹科,230.0,22001,2010,9272,6239,2026-05-05
凱基竹科,229.0,0,2100,9272,6239,2026-05-05
凱基竹科,228.0,19000,1100,9272,6239,2026-05-05
凱基竹科,227.0,3050,21100,9272,6239,2026-05-05
凱基竹科,226.0,5000,1100,9272,6239,2026-05-05
凱基竹科,225.0,7100,0,9272,6239,2026-05-05
凱基竹科,224.0,11000,0,9272,6239,2026-05-05
凱基竹科,223.0,3000,0,9272,6239,2026-05-05
凱基竹科,222.0,10200,0,9272,6239,2026-05-05
凱基竹科,221.0,1000,0,9272,6239,2026-05-05
凱基台北,236.5,10000,41000,9268,6239,2026-05-05
凱基台北,235.5,54000,62000,9268,6239,2026-05-05
凱基台北,234.5,40000,136000,9268,6239,2026-05-05
凱基台北,233.5,128000,22000,9268,6239,2026-05-05
凱基新豐,234.5,1650,0,9266,6239,2026-05-05
凱基台北,220.5,0,49000,9268,6239,2026-05-05
凱基台北,221.5,36000,78000,9268,6239,2026-05-05
凱基台北,222.5,17000,75000,9268,6239,2026-05-05
凱基台北,223.5,46000,53000,9268,6239,2026-05-05
凱基台北,224.5,26000,113000,9268,6239,2026-05-05
凱基和平,223.0,2015,0,9255,6239,2026-05-05
凱基台北,225.5,39000,102000,9268,6239,2026-05-05
凱基台北,227.5,145050,195100,9268,6239,2026-05-05
凱基台北,228.5,46000,239000,9268,6239,2026-05-05
凱基台北,229.5,141000,26200,9268,6239,2026-05-05
凱基台北,230.5,27000,23000,9268,6239,2026-05-05
凱基台北,231.5,1000,3000,9268,6239,2026-05-05
凱基台北,232.5,56000,114000,9268,6239,2026-05-05
凱基台北,226.5,151000,67000,9268,6239,2026-05-05
凱基長庚,234.0,0,2000,9233,6239,2026-05-05
凱基和平,221.0,10,0,9255,6239,2026-05-05
凱基科園,232.0,2000,0,9254,6239,2026-05-05
凱基敦北,230.5,0,10000,9237,6239,2026-05-05
凱基敦北,228.0,0,1000,9237,6239,2026-05-05
凱基敦北,226.5,2000,2000,9237,6239,2026-05-05
凱基敦北,225.5,0,2000,9237,6239,2026-05-05
凱基敦北,223.5,0,1000,9237,6239,2026-05-05
凱基敦北,222.5,0,2000,9237,6239,2026-05-05
凱基虎尾,235.5,0,1000,9236,6239,2026-05-05
凱基虎尾,232.0,0,1000,9236,6239,2026-05-05
凱基虎尾,226.5,1000,0,9236,6239,2026-05-05
凱基虎尾,225.0,52000,0,9236,6239,2026-05-05
凱基虎尾,224.0,1050,0,9236,6239,2026-05-05
凱基虎尾,222.0,1000,0,9236,6239,2026-05-05
凱基永華,235.0,0,2000,9235,6239,2026-05-05
凱基永華,231.5,1000,0,9235,6239,2026-05-05
凱基敦北,234.0,2000,0,9237,6239,2026-05-05
凱基永華,229.0,2000,0,9235,6239,2026-05-05
凱基永華,225.5,2000,0,9235,6239,2026-05-05
凱基永華,224.0,100,0,9235,6239,2026-05-05
凱基永華,223.0,4000,0,9235,6239,2026-05-05
凱基竹北,235.0,0,1000,9234,6239,2026-05-05
凱基竹北,234.0,5000,1000,9234,6239,2026-05-05
凱基竹北,232.0,0,1000,9234,6239,2026-05-05
凱基竹北,230.0,5100,480,9234,6239,2026-05-05
凱基竹北,229.0,5000,0,9234,6239,2026-05-05
凱基竹北,228.0,2000,12000,9234,6239,2026-05-05
凱基竹北,226.5,5000,0,9234,6239,2026-05-05
凱基竹北,225.5,1000,2000,9234,6239,2026-05-05
凱基竹北,223.5,6030,0,9234,6239,2026-05-05
凱基竹北,222.5,1000,0,9234,6239,2026-05-05
凱基竹北,221.5,0,5000,9234,6239,2026-05-05
凱基永華,227.5,1000,0,9235,6239,2026-05-05
凱基士林,222.0,1000,2000,9238,6239,2026-05-05
凱基士林,223.0,1000,2000,9238,6239,2026-05-05
凱基士林,224.0,300,50,9238,6239,2026-05-05
凱基科園,230.0,460,0,9254,6239,2026-05-05
凱基科園,228.0,1000,1000,9254,6239,2026-05-05
凱基科園,223.5,2000,0,9254,6239,2026-05-05
凱基科園,221.5,1000,0,9254,6239,2026-05-05
凱基嘉義,234.5,1000,0,9252,6239,2026-05-05
凱基嘉義,233.5,1000,0,9252,6239,2026-05-05
凱基嘉義,232.0,0,2000,9252,6239,2026-05-05
凱基嘉義,231.0,0,1000,9252,6239,2026-05-05
凱基嘉義,229.0,1000,0,9252,6239,2026-05-05
凱基嘉義,228.0,0,70,9252,6239,2026-05-05
凱基嘉義,227.0,1000,4000,9252,6239,2026-05-05
凱基嘉義,224.5,1000,1000,9252,6239,2026-05-05
凱基嘉義,223.0,1000,0,9252,6239,2026-05-05
凱基嘉義,222.0,50,0,9252,6239,2026-05-05
凱基嘉義,221.0,2000,0,9252,6239,2026-05-05
凱基市政,234.0,4000,0,9239,6239,2026-05-05
凱基市政,232.0,2000,0,9239,6239,2026-05-05
凱基士林,225.0,1000,0,9238,6239,2026-05-05
凱基士林,227.0,1000,3000,9238,6239,2026-05-05
凱基士林,228.0,3,0,9238,6239,2026-05-05
凱基士林,229.0,0,3000,9238,6239,2026-05-05
凱基士林,232.0,10000,0,9238,6239,2026-05-05
凱基士林,234.5,5,0,9238,6239,2026-05-05
凱基科園,234.5,25,0,9254,6239,2026-05-05
凱基士林,235.5,0,2000,9238,6239,2026-05-05
凱基市政,223.5,125,0,9239,6239,2026-05-05
凱基市政,225.0,30,2000,9239,6239,2026-05-05
凱基市政,226.5,3000,0,9239,6239,2026-05-05
凱基市政,227.5,3000,0,9239,6239,2026-05-05
凱基市政,228.5,0,1000,9239,6239,2026-05-05
凱基市政,229.5,0,2000,9239,6239,2026-05-05
凱基市政,222.5,2000,0,9239,6239,2026-05-05
凱基竹科,235.0,22000,0,9272,6239,2026-05-05
凱基信義,228.5,1000,0,9216,6239,2026-05-05
凱基信義,223.5,2000,0,9216,6239,2026-05-05
凱基三重,234.0,0,2000,9205,6239,2026-05-05
凱基三重,231.5,2000,0,9205,6239,2026-05-05
凱基三重,229.0,0,1350,9205,6239,2026-05-05
凱基三重,227.5,2100,3000,9205,6239,2026-05-05
凱基三重,225.0,20,0,9205,6239,2026-05-05
凱基三重,224.0,1200,0,9205,6239,2026-05-05
凱基三重,223.0,2000,0,9205,6239,2026-05-05
凱基三重,220.5,2100,0,9205,6239,2026-05-05
凱基台中,235.0,3000,0,9204,6239,2026-05-05
凱基台中,233.5,0,1000,9204,6239,2026-05-05
凱基台中,232.5,1000,0,9204,6239,2026-05-05
凱基台中,231.5,1000,0,9204,6239,2026-05-05
凱基台中,230.0,200,0,9204,6239,2026-05-05
凱基台中,229.0,1000,0,9204,6239,2026-05-05
凱基三重,235.0,1000,0,9205,6239,2026-05-05
凱基台中,227.5,1000,25000,9204,6239,2026-05-05
凱基台中,225.0,0,2000,9204,6239,2026-05-05
凱基台中,224.0,6000,0,9204,6239,2026-05-05
凱基台中,223.0,4000,100,9204,6239,2026-05-05
凱基中港,233.0,0,1000,9202,6239,2026-05-05
凱基中港,231.5,1000,0,9202,6239,2026-05-05
凱基中港,229.0,0,1000,9202,6239,2026-05-05
凱基中港,228.0,2000,11000,9202,6239,2026-05-05
凱基中港,224.5,100,0,9202,6239,2026-05-05
凱基中港,223.0,2,0,9202,6239,2026-05-05
凱基中港,220.0,1000,0,9202,6239,2026-05-05
凱基,236.0,1000,0,9200,6239,2026-05-05
凱基,235.0,18000,0,9200,6239,2026-05-05
凱基,234.0,10000,0,9200,6239,2026-05-05
凱基,233.0,10000,0,9200,6239,2026-05-05
凱基台中,226.5,6300,0,9204,6239,2026-05-05
凱基高雄,220.0,1000,0,9206,6239,2026-05-05
凱基高雄,221.0,1100,0,9206,6239,2026-05-05
凱基高雄,222.0,1000,0,9206,6239,2026-05-05
凱基桃園,235.0,1000,0,9208,6239,2026-05-05
凱基桃園,234.0,1000,0,9208,6239,2026-05-05
凱基桃園,232.0,1000,1000,9208,6239,2026-05-05
凱基桃園,231.0,1000,110,9208,6239,2026-05-05
凱基桃園,230.0,1000,0,9208,6239,2026-05-05
凱基桃園,229.0,1000,0,9208,6239,2026-05-05
凱基桃園,228.0,3000,1030,9208,6239,2026-05-05
凱基桃園,227.0,2000,6000,9208,6239,2026-05-05
凱基桃園,226.0,4550,1400,9208,6239,2026-05-05
凱基桃園,225.0,1000,1000,9208,6239,2026-05-05
凱基桃園,224.0,1000,0,9208,6239,2026-05-05
凱基桃園,222.5,1000,11000,9208,6239,2026-05-05
凱基桃園,221.5,1100,0,9208,6239,2026-05-05
凱基桃園,220.0,1000,0,9208,6239,2026-05-05
凱基永和,232.5,0,1000,9207,6239,2026-05-05
凱基永和,231.0,0,1000,9207,6239,2026-05-05
凱基永和,229.0,0,1000,9207,6239,2026-05-05
凱基高雄,223.0,6200,0,9206,6239,2026-05-05
凱基高雄,224.0,2000,1000,9206,6239,2026-05-05
凱基高雄,225.0,2100,0,9206,6239,2026-05-05
凱基高雄,226.0,1000,0,9206,6239,2026-05-05
凱基高雄,227.0,1000,0,9206,6239,2026-05-05
凱基高雄,228.0,1500,4000,9206,6239,2026-05-05
凱基,230.0,7,2000,9200,6239,2026-05-05
凱基高雄,229.5,0,10,9206,6239,2026-05-05
凱基高雄,232.5,1000,0,9206,6239,2026-05-05
凱基高雄,234.5,1,201,9206,6239,2026-05-05
凱基永和,220.5,1000,0,9207,6239,2026-05-05
凱基永和,224.5,0,20000,9207,6239,2026-05-05
凱基永和,227.0,0,1000,9207,6239,2026-05-05
凱基永和,228.0,50,0,9207,6239,2026-05-05
凱基高雄,231.0,1000,5000,9206,6239,2026-05-05
凱基桃園,236.0,0,1000,9208,6239,2026-05-05
凱基,229.0,2000,6000,9200,6239,2026-05-05
凱基,227.0,40000,7000,9200,6239,2026-05-05
群益天母,232.0,1000,0,918P,6239,2026-05-05
群益天母,227.5,10000,0,918P,6239,2026-05-05
群益天母,226.0,1000,0,918P,6239,2026-05-05
群益嘉義,236.0,1000,0,918M,6239,2026-05-05
群益嘉義,234.5,6000,19000,918M,6239,2026-05-05
群益嘉義,231.5,1000,0,918M,6239,2026-05-05
群益嘉義,228.5,1000,1000,918M,6239,2026-05-05
群益嘉義,227.5,2000,0,918M,6239,2026-05-05
群益嘉義,225.5,2000,0,918M,6239,2026-05-05
群益嘉義,224.5,1300,0,918M,6239,2026-05-05
群益嘉義,223.0,400,0,918M,6239,2026-05-05
群益嘉義,221.5,100,0,918M,6239,2026-05-05
群益嘉義,220.0,3000,0,918M,6239,2026-05-05
群益建成,235.0,1000,0,918L,6239,2026-05-05
群益丹鳳,226.5,0,6000,918s,6239,2026-05-05
群益建成,231.0,0,10,918L,6239,2026-05-05
群益建成,228.5,0,100,918L,6239,2026-05-05
群益建成,227.5,0,29,918L,6239,2026-05-05
群益建成,226.5,2000,0,918L,6239,2026-05-05
群益建成,220.0,2000,0,918L,6239,2026-05-05
群益東湖,235.0,1000,0,918K,6239,2026-05-05
群益東湖,233.5,0,3000,918K,6239,2026-05-05
群益東湖,230.5,3000,0,918K,6239,2026-05-05
群益東湖,229.0,1010,0,918K,6239,2026-05-05
群益東湖,227.5,1000,0,918K,6239,2026-05-05
群益東湖,226.0,5000,0,918K,6239,2026-05-05
群益東湖,224.5,0,150,918K,6239,2026-05-05
群益東湖,222.5,1000,3000,918K,6239,2026-05-05
群益永和,235.5,1000,0,918J,6239,2026-05-05
群益永和,232.0,3000,0,918J,6239,2026-05-05
群益建成,229.5,100,0,918L,6239,2026-05-05
群益丹鳳,228.0,7,1200,918s,6239,2026-05-05
群益丹鳳,229.5,6000,0,918s,6239,2026-05-05
群益丹鳳,233.5,0,1000,918s,6239,2026-05-05
凱基,226.0,150000,5000,9200,6239,2026-05-05
凱基,225.0,130000,29000,9200,6239,2026-05-05
凱基,223.5,89,14000,9200,6239,2026-05-05
凱基,222.5,0,9000,9200,6239,2026-05-05
凱基,220.5,0,6000,9200,6239,2026-05-05
群益宜蘭,233.0,1000,0,918z,6239,2026-05-05
群益宜蘭,230.5,1000,0,918z,6239,2026-05-05
群益宜蘭,228.5,1000,0,918z,6239,2026-05-05
群益宜蘭,227.5,2000,0,918z,6239,2026-05-05
群益宜蘭,226.0,200,0,918z,6239,2026-05-05
群益宜蘭,224.5,12,0,918z,6239,2026-05-05
群益宜蘭,222.5,1000,0,918z,6239,2026-05-05
群益台北,228.0,0,1000,918X,6239,2026-05-05
群益台北,225.0,4000,0,918X,6239,2026-05-05
群益延平,232.0,0,1000,918x,6239,2026-05-05
群益延平,230.5,1000,0,918x,6239,2026-05-05
群益延平,227.5,1000,0,918x,6239,2026-05-05
群益瑞豐,224.0,6000,0,918u,6239,2026-05-05
群益瑞豐,227.0,1000,0,918u,6239,2026-05-05
群益瑞豐,228.0,0,1000,918u,6239,2026-05-05
群益瑞豐,231.0,1000,0,918u,6239,2026-05-05
群益瑞豐,233.5,1000,1000,918u,6239,2026-05-05
群益瑞豐,236.5,0,1000,918u,6239,2026-05-05
凱基,228.0,111000,3000,9200,6239,2026-05-05
群益忠孝,223.5,100,0,918W,6239,2026-05-05
群益忠孝,229.0,2000,1000,918W,6239,2026-05-05
群益忠孝,233.0,0,2000,918W,6239,2026-05-05
群益忠孝,234.5,1000,0,918W,6239,2026-05-05
群益延平,220.0,1000,0,918x,6239,2026-05-05
群益延平,223.0,1000,0,918x,6239,2026-05-05
群益延平,226.5,250,0,918x,6239,2026-05-05
群益忠孝,227.0,0,3000,918W,6239,2026-05-05
凱基信義,227.5,1000,2000,9216,6239,2026-05-05
凱基岡山,222.5,1000,0,9209,6239,2026-05-05
凱基岡山,225.5,3000,0,9209,6239,2026-05-05
凱基台東,225.5,1000,0,920Z,6239,2026-05-05
凱基台東,221.0,1000,0,920Z,6239,2026-05-05
凱基大里,234.5,2000,0,920W,6239,2026-05-05
凱基大里,231.5,20,0,920W,6239,2026-05-05
凱基大里,229.5,10,0,920W,6239,2026-05-05
凱基大里,228.5,130,1000,920W,6239,2026-05-05
凱基大里,227.5,3010,0,920W,6239,2026-05-05
凱基大里,225.5,60,200,920W,6239,2026-05-05
凱基大里,224.5,0,3000,920W,6239,2026-05-05
凱基大里,223.5,30,0,920W,6239,2026-05-05
凱基大里,221.0,1020,0,920W,6239,2026-05-05
凱基新店,233.0,0,1000,920V,6239,2026-05-05
凱基新店,229.5,0,1000,920V,6239,2026-05-05
凱基新店,227.5,200,0,920V,6239,2026-05-05
凱基台東,228.0,0,2000,920Z,6239,2026-05-05
凱基新店,226.5,50,0,920V,6239,2026-05-05
凱基湖口,234.5,0,3030,920N,6239,2026-05-05
凱基湖口,233.5,0,2000,920N,6239,2026-05-05
凱基湖口,232.5,0,1050,920N,6239,2026-05-05
凱基湖口,231.5,200,0,920N,6239,2026-05-05
凱基湖口,230.5,1000,0,920N,6239,2026-05-05
凱基湖口,229.0,9000,0,920N,6239,2026-05-05
凱基湖口,228.0,1050,2000,920N,6239,2026-05-05
凱基湖口,227.0,3000,6000,920N,6239,2026-05-05
凱基湖口,226.0,1000,0,920N,6239,2026-05-05
凱基湖口,224.5,7000,80,920N,6239,2026-05-05
凱基湖口,223.5,2000,0,920N,6239,2026-05-05
凱基湖口,222.5,3000,1000,920N,6239,2026-05-05
凱基湖口,221.5,50,0,920N,6239,2026-05-05
凱基宜蘭,234.5,80,0,920M,6239,2026-05-05
凱基新店,223.0,1050,0,920V,6239,2026-05-05
凱基台東,229.0,2000,0,920Z,6239,2026-05-05
凱基台東,230.0,1000,110,920Z,6239,2026-05-05
凱基台東,232.0,3100,0,920Z,6239,2026-05-05
凱基高美,234.5,8,0,9215,6239,2026-05-05
凱基高美,231.5,6010,0,9215,6239,2026-05-05
凱基高美,230.0,6010,327,9215,6239,2026-05-05
凱基高美,228.5,1300,1000,9215,6239,2026-05-05
凱基高美,227.5,2000,1000,9215,6239,2026-05-05
凱基高美,226.5,1000,0,9215,6239,2026-05-05
凱基高美,225.0,0,1000,9215,6239,2026-05-05
凱基高美,223.5,1000,1000,9215,6239,2026-05-05
凱基高美,222.5,10,0,9215,6239,2026-05-05
凱基東港,234.5,0,3000,9212,6239,2026-05-05
凱基東港,230.0,1000,0,9212,6239,2026-05-05
凱基東港,228.0,0,4000,9212,6239,2026-05-05
凱基東港,226.5,0,4000,9212,6239,2026-05-05
凱基東港,224.5,2000,0,9212,6239,2026-05-05
凱基東港,223.5,1000,0,9212,6239,2026-05-05
凱基東港,220.5,1000,0,9212,6239,2026-05-05
凱基台南,234.5,2000,2000,9211,6239,2026-05-05
凱基台東,234.5,3000,0,920Z,6239,2026-05-05
凱基台南,220.5,2000,4000,9211,6239,2026-05-05
凱基台南,221.5,1000,1000,9211,6239,2026-05-05
凱基台南,222.5,3000,0,9211,6239,2026-05-05
凱基台南,223.5,3250,0,9211,6239,2026-05-05
凱基台南,225.0,550,0,9211,6239,2026-05-05
凱基宜蘭,230.0,100,0,920M,6239,2026-05-05
凱基台南,226.0,4000,0,9211,6239,2026-05-05
凱基台南,228.0,7150,4000,9211,6239,2026-05-05
凱基台南,229.0,13000,0,9211,6239,2026-05-05
凱基台南,230.0,0,4000,9211,6239,2026-05-05
凱基台南,231.5,200,0,9211,6239,2026-05-05
凱基台南,232.5,1000,0,9211,6239,2026-05-05
凱基台南,233.5,1000,1000,9211,6239,2026-05-05
凱基台南,227.0,200,3000,9211,6239,2026-05-05
凱基岡山,224.5,0,1000,9209,6239,2026-05-05
凱基宜蘭,228.5,1000,0,920M,6239,2026-05-05
凱基宜蘭,222.0,10000,0,920M,6239,2026-05-05
凱基市府,233.5,0,1000,920D,6239,2026-05-05
凱基市府,232.0,100,0,920D,6239,2026-05-05
凱基市府,229.0,1000,0,920D,6239,2026-05-05
凱基市府,224.0,2000,0,920D,6239,2026-05-05
凱基市府,222.5,1000,0,920D,6239,2026-05-05
凱基市府,220.5,4000,0,920D,6239,2026-05-05
凱基雙和,232.0,1000,1000,920C,6239,2026-05-05
凱基雙和,228.0,5,0,920C,6239,2026-05-05
凱基雙和,227.0,1000,0,920C,6239,2026-05-05
凱基雙和,226.0,1000,1000,920C,6239,2026-05-05
凱基雙和,224.5,0,4000,920C,6239,2026-05-05
凱基雙和,223.5,1000,0,920C,6239,2026-05-05
凱基雙和,221.0,2000,0,920C,6239,2026-05-05
凱基板橋,234.0,1000,0,920A,6239,2026-05-05
凱基站前,220.5,1000,0,920F,6239,2026-05-05
凱基板橋,232.5,100,0,920A,6239,2026-05-05
凱基板橋,230.5,0,2000,920A,6239,2026-05-05
凱基板橋,229.5,20,0,920A,6239,2026-05-05
凱基板橋,228.5,1000,0,920A,6239,2026-05-05
凱基板橋,227.5,2000,0,920A,6239,2026-05-05
凱基板橋,226.5,1000,1000,920A,6239,2026-05-05
凱基板橋,224.5,2200,12000,920A,6239,2026-05-05
凱基板橋,223.0,2006,0,920A,6239,2026-05-05
凱基板橋,222.0,1100,0,920A,6239,2026-05-05
凱基板橋,220.5,1050,0,920A,6239,2026-05-05
凱基岡山,235.0,1000,0,9209,6239,2026-05-05
凱基岡山,230.5,0,50,9209,6239,2026-05-05
凱基岡山,229.0,1,0,9209,6239,2026-05-05
凱基岡山,228.0,1000,0,9209,6239,2026-05-05
凱基岡山,227.0,1000,2300,9209,6239,2026-05-05
凱基板橋,231.5,0,1000,920A,6239,2026-05-05
凱基站前,221.5,4000,0,920F,6239,2026-05-05
凱基站前,222.5,0,1000,920F,6239,2026-05-05
凱基站前,223.5,2000,0,920F,6239,2026-05-05
凱基基隆,234.5,6000,60,920H,6239,2026-05-05
凱基基隆,233.0,1000,0,920H,6239,2026-05-05
凱基基隆,232.0,1000,0,920H,6239,2026-05-05
凱基基隆,229.0,10,1000,920H,6239,2026-05-05
凱基基隆,228.0,3002,1000,920H,6239,2026-05-05
凱基基隆,227.0,3000,0,920H,6239,2026-05-05
凱基基隆,226.0,1000,0,920H,6239,2026-05-05
凱基基隆,224.5,1000,0,920H,6239,2026-05-05
凱基基隆,223.0,1000,0,920H,6239,2026-05-05
凱基基隆,221.0,1000,0,920H,6239,2026-05-05
凱基彰化,235.0,3000,1000,920G,6239,2026-05-05
凱基彰化,234.0,7000,0,920G,6239,2026-05-05
凱基彰化,232.0,1000,0,920G,6239,2026-05-05
凱基彰化,229.0,7000,1000,920G,6239,2026-05-05
凱基彰化,228.0,500,0,920G,6239,2026-05-05
凱基彰化,227.0,1000,5100,920G,6239,2026-05-05
凱基彰化,225.5,1000,1000,920G,6239,2026-05-05
凱基站前,224.5,3000,5000,920F,6239,2026-05-05
凱基站前,225.5,1000,0,920F,6239,2026-05-05
凱基站前,226.5,3000,2000,920F,6239,2026-05-05
凱基站前,227.5,48100,14000,920F,6239,2026-05-05
凱基站前,228.5,3020,4000,920F,6239,2026-05-05
凱基站前,229.5,0,100,920F,6239,2026-05-05
凱基宜蘭,226.5,1000,0,920M,6239,2026-05-05
凱基站前,232.0,3000,3000,920F,6239,2026-05-05
凱基站前,234.0,1000,2000,920F,6239,2026-05-05
凱基站前,235.0,1000,8000,920F,6239,2026-05-05
凱基站前,236.5,1000,1000,920F,6239,2026-05-05
凱基彰化,220.5,0,1000,920G,6239,2026-05-05
凱基彰化,222.5,5,0,920G,6239,2026-05-05
凱基彰化,224.0,150,0,920G,6239,2026-05-05
凱基站前,233.0,1400,0,920F,6239,2026-05-05
凱基竹科,236.5,0,1000,9272,6239,2026-05-05
凱基竹東,228.0,1000,0,9273,6239,2026-05-05
凱基竹東,231.0,7000,0,9273,6239,2026-05-05
華南中正,227.5,2000,0,9359,6239,2026-05-05
華南中正,224.5,0,1000,9359,6239,2026-05-05
華南中正,223.5,0,7000,9359,6239,2026-05-05
華南中正,222.5,1000,0,9359,6239,2026-05-05
華南東勢,236.0,2000,0,9358,6239,2026-05-05
華南東勢,234.5,2000,0,9358,6239,2026-05-05
華南東勢,229.0,2000,5000,9358,6239,2026-05-05
華南東勢,227.5,1000,0,9358,6239,2026-05-05
華南東勢,226.0,1000,1000,9358,6239,2026-05-05
華南東勢,224.0,50,0,9358,6239,2026-05-05
華南東勢,220.5,0,2000,9358,6239,2026-05-05
華南桃園,234.5,15,1000,9352,6239,2026-05-05
華南桃園,232.5,5,0,9352,6239,2026-05-05
華南桃園,230.0,1000,1000,9352,6239,2026-05-05
華南中正,228.5,15000,0,9359,6239,2026-05-05
華南桃園,228.5,1000,0,9352,6239,2026-05-05
華南桃園,224.5,1000,0,9352,6239,2026-05-05
華南桃園,221.5,1000,1000,9352,6239,2026-05-05
華南板橋,235.0,1000,0,9349,6239,2026-05-05
華南板橋,233.5,0,3000,9349,6239,2026-05-05
華南板橋,232.5,0,3000,9349,6239,2026-05-05
華南板橋,230.0,300,200,9349,6239,2026-05-05
華南板橋,229.0,13000,0,9349,6239,2026-05-05
華南板橋,228.0,0,22000,9349,6239,2026-05-05
華南板橋,227.0,6000,2000,9349,6239,2026-05-05
華南板橋,226.0,1000,1000,9349,6239,2026-05-05
華南板橋,224.5,20000,0,9349,6239,2026-05-05
華南板橋,222.5,1000,0,9349,6239,2026-05-05
華南板橋,220.0,2000,0,9349,6239,2026-05-05
華南敦南,231.5,1000,0,9347,6239,2026-05-05
華南桃園,227.0,1100,0,9352,6239,2026-05-05
華南中正,229.5,0,200,9359,6239,2026-05-05
華南中正,230.5,0,1000,9359,6239,2026-05-05
華南中正,232.0,1000,1000,9359,6239,2026-05-05
華南豐原,235.0,0,1000,9366,6239,2026-05-05
華南豐原,230.0,1000,100,9366,6239,2026-05-05
華南豐原,228.5,1000,2000,9366,6239,2026-05-05
華南豐原,227.5,8000,1188,9366,6239,2026-05-05
華南豐原,226.5,0,8000,9366,6239,2026-05-05
華南豐原,225.5,100,0,9366,6239,2026-05-05
華南豐原,224.5,1000,0,9366,6239,2026-05-05
華南豐原,221.5,1000,0,9366,6239,2026-05-05
華南豐原,220.5,2000,1000,9366,6239,2026-05-05
華南彰化,234.5,2000,0,9363,6239,2026-05-05
華南彰化,233.5,0,1000,9363,6239,2026-05-05
華南彰化,232.0,3000,0,9363,6239,2026-05-05
華南彰化,230.0,0,700,9363,6239,2026-05-05
華南彰化,229.0,50,0,9363,6239,2026-05-05
華南彰化,228.0,1150,0,9363,6239,2026-05-05
華南彰化,227.0,0,1000,9363,6239,2026-05-05
華南彰化,226.0,2000,0,9363,6239,2026-05-05
華南中正,234.0,10000,0,9359,6239,2026-05-05
華南苗栗,220.5,2000,0,9362,6239,2026-05-05
華南苗栗,223.0,1000,0,9362,6239,2026-05-05
華南苗栗,224.0,1000,5,9362,6239,2026-05-05
華南苗栗,227.0,500,0,9362,6239,2026-05-05
華南苗栗,229.5,1000,0,9362,6239,2026-05-05
華南敦南,230.5,1000,0,9347,6239,2026-05-05
華南苗栗,231.0,0,500,9362,6239,2026-05-05
華南苗栗,234.0,1000,0,9362,6239,2026-05-05
華南苗栗,235.0,2000,0,9362,6239,2026-05-05
華南彰化,220.0,1000,0,9363,6239,2026-05-05
華南彰化,222.0,3000,0,9363,6239,2026-05-05
華南彰化,223.0,0,1000,9363,6239,2026-05-05
華南彰化,224.5,150,0,9363,6239,2026-05-05
華南苗栗,232.0,1000,0,9362,6239,2026-05-05
華南三重,220.5,0,3000,9369,6239,2026-05-05
華南敦南,228.0,100,2001,9347,6239,2026-05-05
華南敦南,225.0,1000,0,9347,6239,2026-05-05
華南長虹,228.5,1000,0,9333,6239,2026-05-05
華南長虹,227.5,50,0,9333,6239,2026-05-05
華南長虹,226.5,0,2000,9333,6239,2026-05-05
華南長虹,224.5,1000,0,9333,6239,2026-05-05
華南長虹,223.0,1000,0,9333,6239,2026-05-05
華南長虹,220.0,2000,0,9333,6239,2026-05-05
華南楠梓,234.5,500,0,9332,6239,2026-05-05
華南楠梓,232.0,1000,0,9332,6239,2026-05-05
華南楠梓,230.5,1000,300,9332,6239,2026-05-05
華南楠梓,229.0,1000,2000,9332,6239,2026-05-05
華南楠梓,228.0,1000,7000,9332,6239,2026-05-05
華南楠梓,227.0,0,3000,9332,6239,2026-05-05
華南楠梓,225.5,100,3000,9332,6239,2026-05-05
華南楠梓,224.5,115,0,9332,6239,2026-05-05
華南長虹,229.5,250,0,9333,6239,2026-05-05
華南楠梓,223.0,1200,0,9332,6239,2026-05-05
華南楠梓,220.5,2000,0,9332,6239,2026-05-05
華南鳳山,236.5,0,1000,9331,6239,2026-05-05
華南鳳山,234.5,0,100,9331,6239,2026-05-05
華南鳳山,231.0,100,0,9331,6239,2026-05-05
華南鳳山,229.0,1000,1000,9331,6239,2026-05-05
華南鳳山,228.0,25,0,9331,6239,2026-05-05
華南鳳山,227.0,2000,2000,9331,6239,2026-05-05
華南鳳山,223.5,1000,1100,9331,6239,2026-05-05
華南鳳山,221.5,10,0,9331,6239,2026-05-05
華南鳳山,220.0,1000,0,9331,6239,2026-05-05
華南朴子,235.0,2000,0,9329,6239,2026-05-05
華南朴子,234.0,1000,0,9329,6239,2026-05-05
華南朴子,232.0,2000,0,9329,6239,2026-05-05
華南朴子,230.0,1000,0,9329,6239,2026-05-05
華南楠梓,221.5,105,0,9332,6239,2026-05-05
華南長虹,233.0,1000,0,9333,6239,2026-05-05
華南長虹,235.0,0,2000,9333,6239,2026-05-05
華南世貿,220.0,1000,0,9334,6239,2026-05-05
華南敦南,221.0,2000,0,9347,6239,2026-05-05
華南頭份,236.0,2000,0,9343,6239,2026-05-05
華南頭份,234.5,5000,100,9343,6239,2026-05-05
華南頭份,233.5,0,1000,9343,6239,2026-05-05
華南頭份,231.5,0,150,9343,6239,2026-05-05
華南頭份,230.5,100,0,9343,6239,2026-05-05
華南頭份,229.0,0,1000,9343,6239,2026-05-05
華南頭份,224.5,5000,0,9343,6239,2026-05-05
華南頭份,222.5,50,0,9343,6239,2026-05-05
華南頭份,220.0,0,2000,9343,6239,2026-05-05
華南竹北,233.5,1000,0,9339,6239,2026-05-05
華南竹北,228.5,6000,0,9339,6239,2026-05-05
華南竹北,227.0,1000,1000,9339,6239,2026-05-05
華南竹北,223.0,1107,0,9339,6239,2026-05-05
華南竹北,221.0,3000,0,9339,6239,2026-05-05
華南內壢,235.0,2000,0,9337,6239,2026-05-05
華南內壢,233.5,2000,0,9337,6239,2026-05-05
華南世貿,223.0,0,1000,9334,6239,2026-05-05
華南世貿,225.0,3102,0,9334,6239,2026-05-05
華南世貿,227.0,1000,0,9334,6239,2026-05-05
華南世貿,228.5,0,2004,9334,6239,2026-05-05
華南世貿,230.0,10000,0,9334,6239,2026-05-05
華南世貿,232.0,1100,0,9334,6239,2026-05-05
華南敦南,226.5,1000,1000,9347,6239,2026-05-05
華南世貿,234.0,1000,0,9334,6239,2026-05-05
華南內壢,223.0,100,5000,9337,6239,2026-05-05
華南內壢,227.0,20,5000,9337,6239,2026-05-05
華南內壢,228.0,200,0,9337,6239,2026-05-05
華南內壢,229.0,1000,0,9337,6239,2026-05-05
華南內壢,230.5,300,0,9337,6239,2026-05-05
華南內壢,232.5,1100,0,9337,6239,2026-05-05
華南世貿,235.5,0,1000,9334,6239,2026-05-05
華南朴子,228.0,2050,2000,9329,6239,2026-05-05
華南三重,221.5,0,10000,9369,6239,2026-05-05
華南三重,224.5,10000,10020,9369,6239,2026-05-05
富邦公益,229.0,1000,1100,961F,6239,2026-05-05
富邦公益,228.0,2000,5002,961F,6239,2026-05-05
富邦公益,227.0,6000,2000,961F,6239,2026-05-05
富邦公益,225.0,0,1000,961F,6239,2026-05-05
富邦公益,223.5,1200,0,961F,6239,2026-05-05
富邦公益,222.0,1000,0,961F,6239,2026-05-05
富邦公益,220.5,2000,3000,961F,6239,2026-05-05
富邦南京,234.5,0,20000,961C,6239,2026-05-05
富邦南京,233.0,4200,2000,961C,6239,2026-05-05
富邦南京,232.0,2500,1100,961C,6239,2026-05-05
富邦南京,229.0,13000,14000,961C,6239,2026-05-05
富邦南京,228.0,13000,7100,961C,6239,2026-05-05
富邦南京,226.0,2000,0,961C,6239,2026-05-05
富邦南京,225.0,1000,39000,961C,6239,2026-05-05
富邦公益,230.5,1000,500,961F,6239,2026-05-05
富邦南京,224.0,200,1000,961C,6239,2026-05-05
富邦南京,222.0,1000,0,961C,6239,2026-05-05
富邦南京,220.5,3000,0,961C,6239,2026-05-05
富邦岡山,235.0,2000,0,9616,6239,2026-05-05
富邦岡山,234.0,1000,0,9616,6239,2026-05-05
富邦岡山,232.0,4000,0,9616,6239,2026-05-05
富邦岡山,230.0,2000,0,9616,6239,2026-05-05
富邦岡山,228.0,1000,1000,9616,6239,2026-05-05
富邦岡山,227.0,2000,1000,9616,6239,2026-05-05
富邦岡山,225.5,100,3000,9616,6239,2026-05-05
富邦岡山,223.0,7000,0,9616,6239,2026-05-05
富邦岡山,221.0,1000,0,9616,6239,2026-05-05
富邦岡山,220.0,2000,1000,9616,6239,2026-05-05
富邦基隆,235.5,2000,0,9614,6239,2026-05-05
富邦基隆,234.5,1000,0,9614,6239,2026-05-05
富邦南京,223.0,12100,1000,961C,6239,2026-05-05
富邦公益,234.0,1000,0,961F,6239,2026-05-05
富邦公益,235.0,1000,3000,961F,6239,2026-05-05
富邦公益,236.0,1000,2000,961F,6239,2026-05-05
富邦木柵,228.5,180,0,961M,6239,2026-05-05
富邦木柵,227.5,2000,0,961M,6239,2026-05-05
富邦木柵,226.5,0,1000,961M,6239,2026-05-05
富邦木柵,225.5,0,1100,961M,6239,2026-05-05
富邦木柵,224.5,50,0,961M,6239,2026-05-05
富邦木柵,223.0,7000,0,961M,6239,2026-05-05
富邦木柵,221.5,5,0,961M,6239,2026-05-05
富邦木柵,220.5,50,0,961M,6239,2026-05-05
富邦七賢,235.0,1000,11000,961K,6239,2026-05-05
富邦七賢,234.0,5000,0,961K,6239,2026-05-05
富邦七賢,232.0,1020,0,961K,6239,2026-05-05
富邦七賢,230.5,1020,0,961K,6239,2026-05-05
富邦七賢,229.5,1000,0,961K,6239,2026-05-05
富邦七賢,228.5,2000,7020,961K,6239,2026-05-05
富邦七賢,227.5,6080,0,961K,6239,2026-05-05
富邦七賢,226.0,15,0,961K,6239,2026-05-05
富邦七賢,225.0,5000,0,961K,6239,2026-05-05
富邦新板,221.0,100,0,961H,6239,2026-05-05
富邦新板,223.0,2000,0,961H,6239,2026-05-05
富邦新板,224.5,0,1300,961H,6239,2026-05-05
富邦新板,226.0,0,100,961H,6239,2026-05-05
富邦新板,227.5,2100,1100,961H,6239,2026-05-05
富邦新板,228.5,30,300,961H,6239,2026-05-05
富邦基隆,233.0,50,0,9614,6239,2026-05-05
富邦新板,229.5,10,0,961H,6239,2026-05-05
富邦新板,232.5,1000,1000,961H,6239,2026-05-05
富邦新板,235.0,1000,0,961H,6239,2026-05-05
富邦新板,236.5,0,1000,961H,6239,2026-05-05
富邦七賢,221.5,1000,0,961K,6239,2026-05-05
富邦七賢,223.0,2000,0,961K,6239,2026-05-05
富邦七賢,224.0,1000,0,961K,6239,2026-05-05
富邦新板,231.0,100,0,961H,6239,2026-05-05
華南三重,223.0,0,10000,9369,6239,2026-05-05
富邦基隆,231.0,0,1010,9614,6239,2026-05-05
富邦基隆,228.0,0,1000,9614,6239,2026-05-05
富邦,225.5,6,39295,9600,6239,2026-05-05
富邦,224.5,1040,75000,9600,6239,2026-05-05
富邦,223.5,61,478,9600,6239,2026-05-05
富邦,222.5,21,240,9600,6239,2026-05-05
富邦,221.5,12,0,9600,6239,2026-05-05
富邦,220.5,5006,186,9600,6239,2026-05-05
華南東昇,229.0,0,1000,9386,6239,2026-05-05
華南東昇,227.5,1000,5000,9386,6239,2026-05-05
華南東昇,226.5,0,3000,9386,6239,2026-05-05
華南東昇,224.5,1000,0,9386,6239,2026-05-05
華南東昇,222.5,1000,0,9386,6239,2026-05-05
華南東昇,220.5,1000,0,9386,6239,2026-05-05
華南虎尾,235.0,1000,3000,9377,6239,2026-05-05
華南虎尾,234.0,0,1000,9377,6239,2026-05-05
富邦,226.5,5005,49134,9600,6239,2026-05-05
華南虎尾,230.0,0,2,9377,6239,2026-05-05
華南虎尾,228.0,5,2010,9377,6239,2026-05-05
華南虎尾,227.0,0,1005,9377,6239,2026-05-05
華南虎尾,226.0,5,1000,9377,6239,2026-05-05
華南虎尾,225.0,1035,0,9377,6239,2026-05-05
華南虎尾,223.5,2015,0,9377,6239,2026-05-05
華南虎尾,222.0,2010,0,9377,6239,2026-05-05
華南虎尾,220.5,1055,0,9377,6239,2026-05-05
華南三重,234.5,0,10000,9369,6239,2026-05-05
華南三重,232.5,10000,0,9369,6239,2026-05-05
華南三重,231.5,10000,0,9369,6239,2026-05-05
華南三重,230.0,0,10000,9369,6239,2026-05-05
華南三重,228.5,20000,0,9369,6239,2026-05-05
華南三重,227.5,10,0,9369,6239,2026-05-05
華南三重,225.5,0,1,9369,6239,2026-05-05
華南虎尾,229.0,5,1000,9377,6239,2026-05-05
富邦,227.5,47025,46376,9600,6239,2026-05-05
富邦,228.5,3015,24838,9600,6239,2026-05-05
富邦,229.5,66,21000,9600,6239,2026-05-05
富邦基隆,227.0,1000,5000,9614,6239,2026-05-05
富邦基隆,226.0,1000,1000,9614,6239,2026-05-05
富邦基隆,224.5,1110,0,9614,6239,2026-05-05
富邦基隆,223.5,1000,0,9614,6239,2026-05-05
富邦基隆,222.5,1150,0,9614,6239,2026-05-05
富邦基隆,221.0,100,0,9614,6239,2026-05-05
富邦台東,235.0,1000,0,9608,6239,2026-05-05
富邦台東,226.5,0,8000,9608,6239,2026-05-05
富邦台東,225.5,1000,0,9608,6239,2026-05-05
富邦陽明,235.5,0,3000,9604,6239,2026-05-05
富邦陽明,234.5,6000,599,9604,6239,2026-05-05
富邦陽明,233.5,3000,1000,9604,6239,2026-05-05
富邦陽明,232.5,8000,0,9604,6239,2026-05-05
富邦陽明,231.5,1010,1000,9604,6239,2026-05-05
富邦陽明,230.5,1350,0,9604,6239,2026-05-05
富邦陽明,229.5,1100,0,9604,6239,2026-05-05
富邦陽明,228.5,2400,3014,9604,6239,2026-05-05
富邦,230.5,100,9000,9600,6239,2026-05-05
富邦,231.5,0,9000,9600,6239,2026-05-05
富邦,232.5,1000,9000,9600,6239,2026-05-05
富邦,233.5,0,66000,9600,6239,2026-05-05
富邦,234.5,6005,6300,9600,6239,2026-05-05
富邦,235.5,0,9000,9600,6239,2026-05-05
富邦基隆,229.0,0,1000,9614,6239,2026-05-05
富邦陽明,220.5,100,520,9604,6239,2026-05-05
富邦陽明,222.5,3000,0,9604,6239,2026-05-05
富邦陽明,223.5,2070,5100,9604,6239,2026-05-05
富邦陽明,224.5,6000,0,9604,6239,2026-05-05
富邦陽明,225.5,200,2000,9604,6239,2026-05-05
富邦陽明,226.5,11000,1000,9604,6239,2026-05-05
富邦陽明,227.5,1513,3000,9604,6239,2026-05-05
富邦陽明,221.5,2000,500,9604,6239,2026-05-05
華南朴子,227.0,0,4000,9329,6239,2026-05-05
華南朴子,225.5,2000,1000,9329,6239,2026-05-05
華南朴子,224.0,300,1000,9329,6239,2026-05-05
華南台中,234.0,5000,0,9302,6239,2026-05-05
華南台中,233.0,200,0,9302,6239,2026-05-05
華南台中,230.5,0,200,9302,6239,2026-05-05
華南台中,229.5,2000,20,9302,6239,2026-05-05
華南台中,228.5,3004,1000,9302,6239,2026-05-05
華南台中,227.5,10701,2210,9302,6239,2026-05-05
華南台中,226.5,2000,5000,9302,6239,2026-05-05
華南台中,225.5,1300,3000,9302,6239,2026-05-05
華南台中,224.5,3500,0,9302,6239,2026-05-05
華南台中,223.5,5000,50,9302,6239,2026-05-05
華南台中,222.5,6000,0,9302,6239,2026-05-05
華南台中,221.5,2000,0,9302,6239,2026-05-05
華南台中,220.5,3000,0,9302,6239,2026-05-05
華南永昌,235.5,1000,0,9300,6239,2026-05-05
華南台中,235.0,2000,2000,9302,6239,2026-05-05
華南永昌,234.5,1000,100250,9300,6239,2026-05-05
華南永昌,232.0,100,2000,9300,6239,2026-05-05
華南永昌,231.0,0,5000,9300,6239,2026-05-05
華南永昌,230.0,2100,9020,9300,6239,2026-05-05
華南永昌,229.0,1005,101000,9300,6239,2026-05-05
華南永昌,228.0,2045,0,9300,6239,2026-05-05
華南永昌,227.0,3000,0,9300,6239,2026-05-05
華南永昌,226.0,100,5000,9300,6239,2026-05-05
華南永昌,225.0,10000,200,9300,6239,2026-05-05
華南永昌,224.0,15010,0,9300,6239,2026-05-05
華南永昌,223.0,20000,55000,9300,6239,2026-05-05
華南永昌,222.0,1200,0,9300,6239,2026-05-05
華南永昌,220.5,7005,0,9300,6239,2026-05-05
凱基文心,230.0,0,4,9297,6239,2026-05-05
凱基文心,228.0,0,1000,9297,6239,2026-05-05
華南永昌,233.5,0,1000,9300,6239,2026-05-05
華南台中,236.0,1000,0,9302,6239,2026-05-05
華南高雄,220.5,0,1000,9303,6239,2026-05-05
華南高雄,222.0,2100,0,9303,6239,2026-05-05
華南大安,232.0,1000,1000,9307,6239,2026-05-05
華南大安,229.5,300,0,9307,6239,2026-05-05
華南大安,228.0,0,2017,9307,6239,2026-05-05
華南大安,226.0,1000,0,9307,6239,2026-05-05
華南大安,225.0,1005,0,9307,6239,2026-05-05
華南大安,223.5,7000,0,9307,6239,2026-05-05
華南大安,222.5,5,0,9307,6239,2026-05-05
華南大安,221.0,105,1000,9307,6239,2026-05-05
華南台南,235.0,1000,0,9306,6239,2026-05-05
華南台南,234.0,1000,0,9306,6239,2026-05-05
華南台南,231.5,1000,0,9306,6239,2026-05-05
華南台南,228.5,1000,3000,9306,6239,2026-05-05
華南台南,227.5,2000,1000,9306,6239,2026-05-05
華南台南,226.5,1000,0,9306,6239,2026-05-05
華南台南,224.0,1000,0,9306,6239,2026-05-05
華南台南,222.5,0,1000,9306,6239,2026-05-05
華南台南,220.5,0,1000,9306,6239,2026-05-05
華南高雄,223.0,100,0,9303,6239,2026-05-05
華南高雄,224.0,1000,0,9303,6239,2026-05-05
華南高雄,226.5,0,1000,9303,6239,2026-05-05
華南高雄,227.5,1000,1000,9303,6239,2026-05-05
華南高雄,229.0,2000,0,9303,6239,2026-05-05
華南高雄,230.0,0,50,9303,6239,2026-05-05
凱基文心,226.0,0,217,9297,6239,2026-05-05
華南高雄,233.0,15,0,9303,6239,2026-05-05
華南高雄,235.0,0,1000,9303,6239,2026-05-05
華南新莊,223.0,6050,0,9305,6239,2026-05-05
華南新莊,225.0,1000,0,9305,6239,2026-05-05
華南新莊,228.0,1000,0,9305,6239,2026-05-05
華南新莊,230.0,0,1000,9305,6239,2026-05-05
華南新莊,233.5,1000,0,9305,6239,2026-05-05
華南高雄,234.0,5000,2000,9303,6239,2026-05-05
華南麻豆,220.5,1010,0,9308,6239,2026-05-05
凱基文心,225.0,1000,0,9297,6239,2026-05-05
凱基文心,222.0,1000,0,9297,6239,2026-05-05
凱基北門,234.0,13000,0,9283,6239,2026-05-05
凱基北門,228.5,9,0,9283,6239,2026-05-05
凱基北門,226.0,0,1000,9283,6239,2026-05-05
凱基斗六,234.0,1000,4000,9281,6239,2026-05-05
凱基斗六,229.0,0,2000,9281,6239,2026-05-05
凱基斗六,227.5,0,1000,9281,6239,2026-05-05
凱基斗六,221.0,15,0,9281,6239,2026-05-05
凱基永康,230.0,0,100,9278,6239,2026-05-05
凱基永康,228.5,1009,0,9278,6239,2026-05-05
凱基永康,227.0,0,1000,9278,6239,2026-05-05
凱基永康,225.0,100,0,9278,6239,2026-05-05
凱基永康,223.0,1000,0,9278,6239,2026-05-05
凱基永康,220.5,1000,0,9278,6239,2026-05-05
凱基苗栗,234.5,0,2000,9276,6239,2026-05-05
凱基中壢,220.0,1000,0,9285,6239,2026-05-05
凱基苗栗,229.0,0,1000,9276,6239,2026-05-05
凱基苗栗,224.5,3000,0,9276,6239,2026-05-05
凱基苗栗,220.5,1000,0,9276,6239,2026-05-05
凱基三多,234.0,0,1000,9275,6239,2026-05-05
凱基三多,232.0,60,0,9275,6239,2026-05-05
凱基三多,227.5,100,0,9275,6239,2026-05-05
凱基三多,223.0,5000,0,9275,6239,2026-05-05
凱基三多,220.0,0,1000,9275,6239,2026-05-05
凱基鳳山,233.0,1000,0,9274,6239,2026-05-05
凱基鳳山,231.5,1300,0,9274,6239,2026-05-05
凱基鳳山,229.0,6000,0,9274,6239,2026-05-05
凱基鳳山,227.5,1000,0,9274,6239,2026-05-05
凱基鳳山,223.5,200,0,9274,6239,2026-05-05
凱基鳳山,222.5,105,0,9274,6239,2026-05-05
凱基竹東,232.0,1000,0,9273,6239,2026-05-05
凱基苗栗,227.0,2000,1000,9276,6239,2026-05-05
凱基中壢,221.5,2000,0,9285,6239,2026-05-05
凱基中壢,222.5,1000,0,9285,6239,2026-05-05
凱基中壢,223.5,2000,0,9285,6239,2026-05-05
凱基頭份,234.0,1000,0,9296,6239,2026-05-05
凱基頭份,228.5,1200,1000,9296,6239,2026-05-05
凱基頭份,227.5,0,3000,9296,6239,2026-05-05
凱基頭份,226.0,1000,0,9296,6239,2026-05-05
凱基頭份,221.5,1000,0,9296,6239,2026-05-05
凱基頭份,220.0,1000,0,9296,6239,2026-05-05
凱基大安,234.0,1000,0,9291,6239,2026-05-05
凱基大安,232.5,1000,0,9291,6239,2026-05-05
凱基大安,227.0,0,4000,9291,6239,2026-05-05
凱基興隆,234.0,1000,0,9289,6239,2026-05-05
凱基興隆,228.0,1000,0,9289,6239,2026-05-05
凱基興隆,227.0,0,2000,9289,6239,2026-05-05
凱基興隆,220.5,30,0,9289,6239,2026-05-05
凱基埔墘,232.5,1000,0,9288,6239,2026-05-05
凱基埔墘,222.5,0,1000,9288,6239,2026-05-05
凱基內湖,234.0,1000,0,9287,6239,2026-05-05
凱基內湖,232.0,1000,0,9287,6239,2026-05-05
凱基中壢,225.5,2000,4000,9285,6239,2026-05-05
凱基中壢,227.0,1000,1000,9285,6239,2026-05-05
凱基中壢,228.0,1000,5,9285,6239,2026-05-05
凱基中壢,229.0,1000,9000,9285,6239,2026-05-05
凱基中壢,230.0,2000,100,9285,6239,2026-05-05
凱基中壢,232.5,1000,0,9285,6239,2026-05-05
凱基文心,224.0,0,2000,9297,6239,2026-05-05
凱基中壢,233.5,1000,0,9285,6239,2026-05-05
凱基內湖,221.5,0,2000,9287,6239,2026-05-05
凱基內湖,224.0,1000,0,9287,6239,2026-05-05
凱基內湖,225.0,0,1000,9287,6239,2026-05-05
凱基內湖,226.5,0,2000,9287,6239,2026-05-05
凱基內湖,227.5,0,1000,9287,6239,2026-05-05
凱基內湖,229.5,100,0,9287,6239,2026-05-05
凱基中壢,235.5,1000,0,9285,6239,2026-05-05
華南麻豆,221.5,3020,1000,9308,6239,2026-05-05
華南麻豆,223.0,1010,0,9308,6239,2026-05-05
華南麻豆,224.0,1000,2130,9308,6239,2026-05-05
華南南京,222.0,0,1000,9326,6239,2026-05-05
華南南京,220.0,2000,0,9326,6239,2026-05-05
華南忠孝,234.0,1000,2000,9325,6239,2026-05-05
華南忠孝,228.0,1000,0,9325,6239,2026-05-05
華南忠孝,226.5,0,2000,9325,6239,2026-05-05
華南忠孝,225.5,1000,2000,9325,6239,2026-05-05
華南忠孝,224.5,0,27000,9325,6239,2026-05-05
華南忠孝,222.5,50,0,9325,6239,2026-05-05
華南忠孝,221.0,3000,0,9325,6239,2026-05-05
華南岡山,235.5,4000,0,9324,6239,2026-05-05
華南岡山,234.0,1000,0,9324,6239,2026-05-05
華南岡山,233.0,30,0,9324,6239,2026-05-05
華南岡山,231.5,100,0,9324,6239,2026-05-05
華南岡山,230.0,1000,0,9324,6239,2026-05-05
華南南京,223.0,10200,1000,9326,6239,2026-05-05
華南岡山,229.0,0,1000,9324,6239,2026-05-05
華南岡山,227.0,2000,1000,9324,6239,2026-05-05
華南岡山,225.5,0,2000,9324,6239,2026-05-05
華南岡山,224.5,1000,0,9324,6239,2026-05-05
華南岡山,223.5,1000,1000,9324,6239,2026-05-05
華南岡山,222.5,5020,2000,9324,6239,2026-05-05
華南岡山,221.0,1100,0,9324,6239,2026-05-05
華南小港,236.0,0,1000,9323,6239,2026-05-05
華南小港,232.5,1000,0,9323,6239,2026-05-05
華南小港,231.5,0,100,9323,6239,2026-05-05
華南小港,230.0,0,1,9323,6239,2026-05-05
華南小港,228.0,100,100,9323,6239,2026-05-05
華南小港,225.5,1000,0,9323,6239,2026-05-05
華南小港,224.0,0,1000,9323,6239,2026-05-05
華南小港,222.5,1,0,9323,6239,2026-05-05
華南岡山,228.0,2100,2000,9324,6239,2026-05-05
華南南京,224.0,10100,0,9326,6239,2026-05-05
華南南京,225.0,0,20000,9326,6239,2026-05-05
華南南京,226.5,5000,20000,9326,6239,2026-05-05
華南朴子,222.5,10,0,9329,6239,2026-05-05
華南朴子,221.0,50,0,9329,6239,2026-05-05
華南潮州,235.5,0,1000,9328,6239,2026-05-05
華南潮州,233.0,6000,0,9328,6239,2026-05-05
華南潮州,230.0,100,3000,9328,6239,2026-05-05
華南潮州,227.0,3000,0,9328,6239,2026-05-05
華南潮州,225.0,1010,1000,9328,6239,2026-05-05
華南潮州,224.0,30,0,9328,6239,2026-05-05
華南潮州,222.5,1000,0,9328,6239,2026-05-05
華南潮州,220.0,6000,0,9328,6239,2026-05-05
華南斗六,236.0,3000,0,9327,6239,2026-05-05
華南斗六,235.0,1000,5000,9327,6239,2026-05-05
華南斗六,234.0,0,5000,9327,6239,2026-05-05
華南斗六,232.5,0,10000,9327,6239,2026-05-05
華南斗六,231.0,1000,0,9327,6239,2026-05-05
華南斗六,229.0,0,3000,9327,6239,2026-05-05
華南斗六,228.0,1000,0,9327,6239,2026-05-05
華南南京,227.5,10100,8000,9326,6239,2026-05-05
華南南京,228.5,35000,0,9326,6239,2026-05-05
華南南京,229.5,4100,35222,9326,6239,2026-05-05
華南南京,230.5,2000,2005,9326,6239,2026-05-05
華南南京,232.0,3000,0,9326,6239,2026-05-05
華南南京,233.0,5,0,9326,6239,2026-05-05
華南小港,220.5,0,1000,9323,6239,2026-05-05
華南南京,234.0,0,1000,9326,6239,2026-05-05
華南斗六,220.0,2000,0,9327,6239,2026-05-05
華南斗六,221.0,5000,0,9327,6239,2026-05-05
華南斗六,222.5,15000,0,9327,6239,2026-05-05
華南斗六,224.5,25000,0,9327,6239,2026-05-05
華南斗六,226.0,1000,102,9327,6239,2026-05-05
華南斗六,227.0,1899,0,9327,6239,2026-05-05
華南南京,235.0,3000,0,9326,6239,2026-05-05
華南基隆,234.0,2000,0,9322,6239,2026-05-05
華南基隆,230.0,1000,50,9322,6239,2026-05-05
華南基隆,229.0,5000,60,9322,6239,2026-05-05
華南大甲,223.0,100,0,9315,6239,2026-05-05
華南大甲,221.0,1000,0,9315,6239,2026-05-05
華南嘉義,235.5,0,1000,9314,6239,2026-05-05
華南嘉義,234.0,1000,0,9314,6239,2026-05-05
華南嘉義,231.5,1000,0,9314,6239,2026-05-05
華南嘉義,230.0,100,0,9314,6239,2026-05-05
華南嘉義,229.0,0,1000,9314,6239,2026-05-05
華南嘉義,228.0,1000,2000,9314,6239,2026-05-05
華南嘉義,226.5,1000,0,9314,6239,2026-05-05
華南嘉義,224.5,1000,1000,9314,6239,2026-05-05
華南嘉義,223.5,0,1000,9314,6239,2026-05-05
華南嘉義,222.5,0,1000,9314,6239,2026-05-05
華南嘉義,220.0,1000,0,9314,6239,2026-05-05
華南民權,232.0,1012,0,9312,6239,2026-05-05
華南民權,229.5,0,1000,9312,6239,2026-05-05
華南民權,228.0,1,1000,9312,6239,2026-05-05
華南民權,226.5,0,1000,9312,6239,2026-05-05
華南麻豆,225.0,100,0,9308,6239,2026-05-05
華南麻豆,226.0,1000,100,9308,6239,2026-05-05
華南麻豆,227.0,1000,0,9308,6239,2026-05-05
華南麻豆,228.0,1,1000,9308,6239,2026-05-05
華南麻豆,229.0,4000,0,9308,6239,2026-05-05
華南麻豆,230.0,1000,2010,9308,6239,2026-05-05
華南大甲,225.0,1000,0,9315,6239,2026-05-05
華南麻豆,234.0,2000,1000,9308,6239,2026-05-05
華南古亭,221.0,1000,0,9309,6239,2026-05-05
華南古亭,233.0,1000,0,9309,6239,2026-05-05
華南古亭,235.0,0,1000,9309,6239,2026-05-05
華南民權,222.5,1,0,9312,6239,2026-05-05
華南民權,223.5,1000,0,9312,6239,2026-05-05
華南民權,225.0,1001,0,9312,6239,2026-05-05
華南麻豆,235.0,2000,1000,9308,6239,2026-05-05
群益永和,230.0,0,50,918J,6239,2026-05-05
華南大甲,227.5,2000,0,9315,6239,2026-05-05
華南淡水,220.0,28,0,9316,6239,2026-05-05
華南基隆,225.5,20,0,9322,6239,2026-05-05
華南基隆,224.5,1000,1000,9322,6239,2026-05-05
華南基隆,223.0,3010,0,9322,6239,2026-05-05
華南基隆,221.5,0,1000,9322,6239,2026-05-05
華南鶯歌,234.5,0,5,9319,6239,2026-05-05
華南鶯歌,233.0,1000,0,9319,6239,2026-05-05
華南鶯歌,230.5,1000,4050,9319,6239,2026-05-05
華南鶯歌,228.5,1000,1000,9319,6239,2026-05-05
華南鶯歌,227.5,1000,1200,9319,6239,2026-05-05
華南鶯歌,226.0,0,4000,9319,6239,2026-05-05
華南鶯歌,224.0,220,1000,9319,6239,2026-05-05
華南鶯歌,223.0,1100,1050,9319,6239,2026-05-05
華南鶯歌,221.0,50,0,9319,6239,2026-05-05
華南林口,234.5,8030,0,9317,6239,2026-05-05
華南林口,232.0,3000,1000,9317,6239,2026-05-05
華南林口,229.5,1000,0,9317,6239,2026-05-05
華南林口,228.5,102,0,9317,6239,2026-05-05
華南淡水,221.5,1090,0,9316,6239,2026-05-05
華南淡水,223.0,1050,0,9316,6239,2026-05-05
華南淡水,224.5,3000,0,9316,6239,2026-05-05
華南淡水,227.0,1000,1000,9316,6239,2026-05-05
華南淡水,228.0,13000,2000,9316,6239,2026-05-05
華南淡水,230.0,1000,0,9316,6239,2026-05-05
華南大甲,228.5,0,5,9315,6239,2026-05-05
華南淡水,233.5,1000,0,9316,6239,2026-05-05
華南林口,220.0,1000,0,9317,6239,2026-05-05
華南林口,222.0,1000,0,9317,6239,2026-05-05
華南林口,223.0,1000,1000,9317,6239,2026-05-05
華南林口,224.5,0,2000,9317,6239,2026-05-05
華南林口,226.0,4200,0,9317,6239,2026-05-05
華南林口,227.5,2000,6000,9317,6239,2026-05-05
華南淡水,234.5,2001,1001,9316,6239,2026-05-05
富邦木柵,231.5,0,1000,961M,6239,2026-05-05
群益永和,228.5,1000,6100,918J,6239,2026-05-05
群益永和,226.5,1000,0,918J,6239,2026-05-05
玉山,233.5,3000,0,8840,6239,2026-05-05
玉山,232.5,5000,0,8840,6239,2026-05-05
玉山,231.5,3,0,8840,6239,2026-05-05
玉山,230.5,2205,0,8840,6239,2026-05-05
玉山,229.5,0,1100,8840,6239,2026-05-05
玉山,228.5,3205,1100,8840,6239,2026-05-05
玉山,227.5,7706,2000,8840,6239,2026-05-05
玉山,226.5,3000,4000,8840,6239,2026-05-05
玉山,225.5,1300,2000,8840,6239,2026-05-05
玉山,224.5,3000,0,8840,6239,2026-05-05
玉山,223.5,1500,15000,8840,6239,2026-05-05
玉山,222.5,6000,1000,8840,6239,2026-05-05
玉山,221.5,2074,0,8840,6239,2026-05-05
玉山,220.5,3000,0,8840,6239,2026-05-05
玉山,234.5,2239,200,8840,6239,2026-05-05
陽信台南,233.5,0,3000,8714,6239,2026-05-05
陽信高雄,224.5,1000,0,8713,6239,2026-05-05
陽信石牌,234.5,2000,1000,8711,6239,2026-05-05
陽信石牌,233.0,5000,0,8711,6239,2026-05-05
陽信石牌,227.0,300,0,8711,6239,2026-05-05
陽信石牌,223.5,1000,0,8711,6239,2026-05-05
陽信石牌,220.5,0,200,8711,6239,2026-05-05
陽信,235.0,1000,0,8710,6239,2026-05-05
陽信,232.0,1000,0,8710,6239,2026-05-05
陽信,225.5,0,1000,8710,6239,2026-05-05
聯邦台南,234.5,0,1000,8588,6239,2026-05-05
聯邦台南,232.0,0,2000,8588,6239,2026-05-05
聯邦台南,228.0,0,1000,8588,6239,2026-05-05
聯邦台南,227.0,1000,0,8588,6239,2026-05-05
聯邦台南,223.5,2000,0,8588,6239,2026-05-05
陽信台南,227.0,10,0,8714,6239,2026-05-05
玉山雙和,220.0,0,4000,8841,6239,2026-05-05
玉山雙和,223.0,1000,0,8841,6239,2026-05-05
玉山雙和,224.5,2050,0,8841,6239,2026-05-05
玉山高雄,228.5,1150,5000,8843,6239,2026-05-05
玉山高雄,227.5,100,2000,8843,6239,2026-05-05
玉山高雄,226.5,1010,1000,8843,6239,2026-05-05
玉山高雄,225.5,3000,126,8843,6239,2026-05-05
玉山高雄,224.5,1054,1000,8843,6239,2026-05-05
玉山高雄,223.5,1005,400,8843,6239,2026-05-05
玉山高雄,222.5,1010,0,8843,6239,2026-05-05
玉山高雄,221.5,530,0,8843,6239,2026-05-05
玉山高雄,220.5,8000,3000,8843,6239,2026-05-05
玉山新莊,236.5,0,1000,8842,6239,2026-05-05
玉山新莊,235.0,1000,0,8842,6239,2026-05-05
玉山新莊,234.0,0,3000,8842,6239,2026-05-05
玉山新莊,233.0,250,1000,8842,6239,2026-05-05
玉山新莊,231.0,1000,100,8842,6239,2026-05-05
玉山新莊,230.0,50,0,8842,6239,2026-05-05
玉山新莊,229.0,1000,1410,8842,6239,2026-05-05
玉山新莊,228.0,0,6200,8842,6239,2026-05-05
玉山雙和,226.0,1000,1000,8841,6239,2026-05-05
玉山雙和,227.0,100,5000,8841,6239,2026-05-05
玉山雙和,228.0,1000,4010,8841,6239,2026-05-05
玉山雙和,229.0,1000,1100,8841,6239,2026-05-05
玉山雙和,230.0,0,10,8841,6239,2026-05-05
玉山雙和,232.5,1000,1100,8841,6239,2026-05-05
聯邦台南,220.5,1000,0,8588,6239,2026-05-05
玉山雙和,235.0,2000,1000,8841,6239,2026-05-05
玉山新莊,221.5,1000,0,8842,6239,2026-05-05
玉山新莊,222.5,2050,1000,8842,6239,2026-05-05
玉山新莊,224.0,400,1600,8842,6239,2026-05-05
玉山新莊,225.0,1200,100,8842,6239,2026-05-05
玉山新莊,226.0,1000,0,8842,6239,2026-05-05
玉山新莊,227.0,3000,200,8842,6239,2026-05-05
玉山新莊,220.5,6000,0,8842,6239,2026-05-05
玉山高雄,229.5,5,750,8843,6239,2026-05-05
聯邦興中,228.5,0,4,8587,6239,2026-05-05
聯邦興中,224.0,0,1000,8587,6239,2026-05-05
新光桃園,235.5,4000,2000,8565,6239,2026-05-05
新光桃園,234.5,0,1001,8565,6239,2026-05-05
新光桃園,232.5,3000,50,8565,6239,2026-05-05
新光桃園,231.5,1000,0,8565,6239,2026-05-05
新光桃園,230.5,50,0,8565,6239,2026-05-05
新光桃園,229.5,218,1020,8565,6239,2026-05-05
新光桃園,228.5,1505,2000,8565,6239,2026-05-05
新光桃園,227.5,1100,6750,8565,6239,2026-05-05
新光桃園,226.5,3000,3000,8565,6239,2026-05-05
新光桃園,225.5,2030,0,8565,6239,2026-05-05
新光桃園,224.5,60,0,8565,6239,2026-05-05
新光桃園,223.5,2110,0,8565,6239,2026-05-05
新光桃園,222.5,10030,0,8565,6239,2026-05-05
新光桃園,221.5,0,1000,8565,6239,2026-05-05
聯邦,224.5,1000,0,8580,6239,2026-05-05
新光桃園,220.5,2000,0,8565,6239,2026-05-05
新光台南,234.5,4100,1000,8564,6239,2026-05-05
新光台南,233.0,2000,0,8564,6239,2026-05-05
新光台南,232.0,130,1000,8564,6239,2026-05-05
新光台南,231.0,1000,0,8564,6239,2026-05-05
新光台南,229.5,350,102,8564,6239,2026-05-05
新光台南,228.5,2620,100,8564,6239,2026-05-05
新光台南,227.5,2761,10000,8564,6239,2026-05-05
新光台南,226.5,2000,3000,8564,6239,2026-05-05
新光台南,225.5,1000,3100,8564,6239,2026-05-05
新光台南,224.5,5100,0,8564,6239,2026-05-05
新光台南,223.5,101,0,8564,6239,2026-05-05
新光台南,222.5,50,1000,8564,6239,2026-05-05
新光台南,221.0,180,1000,8564,6239,2026-05-05
新光新竹,236.0,5000,0,8563,6239,2026-05-05
新光台南,235.5,0,1000,8564,6239,2026-05-05
聯邦,227.0,1000,5000,8580,6239,2026-05-05
聯邦高雄,223.5,20,0,8581,6239,2026-05-05
聯邦高雄,227.5,100,0,8581,6239,2026-05-05
聯邦興中,221.5,5,0,8587,6239,2026-05-05
聯邦大業,233.5,0,1000,8586,6239,2026-05-05
聯邦大業,231.5,100,0,8586,6239,2026-05-05
聯邦大業,229.5,1000,0,8586,6239,2026-05-05
聯邦大業,228.0,210,0,8586,6239,2026-05-05
聯邦大業,227.0,1000,0,8586,6239,2026-05-05
聯邦大業,225.5,10,1000,8586,6239,2026-05-05
聯邦大業,224.0,1068,0,8586,6239,2026-05-05
聯邦大業,223.0,1000,0,8586,6239,2026-05-05
聯邦大業,222.0,1000,0,8586,6239,2026-05-05
聯邦大業,220.5,5000,0,8586,6239,2026-05-05
聯邦三重,230.0,200,0,8585,6239,2026-05-05
聯邦三重,227.5,6000,0,8585,6239,2026-05-05
聯邦三重,226.5,0,2000,8585,6239,2026-05-05
聯邦三重,223.0,5000,0,8585,6239,2026-05-05
聯邦三重,220.5,1000,0,8585,6239,2026-05-05
聯邦雙和,234.5,2000,0,8584,6239,2026-05-05
聯邦高雄,229.5,50,0,8581,6239,2026-05-05
聯邦高雄,232.0,0,5046,8581,6239,2026-05-05
聯邦嘉義,227.0,5,0,8582,6239,2026-05-05
聯邦嘉義,231.5,110,0,8582,6239,2026-05-05
聯邦忠孝,221.0,10,0,8583,6239,2026-05-05
聯邦忠孝,222.0,10,0,8583,6239,2026-05-05
聯邦興中,226.5,0,2000,8587,6239,2026-05-05
聯邦忠孝,234.5,0,1000,8583,6239,2026-05-05
聯邦雙和,223.0,10,0,8584,6239,2026-05-05
聯邦雙和,224.5,9000,0,8584,6239,2026-05-05
聯邦雙和,227.0,0,1000,8584,6239,2026-05-05
聯邦雙和,229.0,2,0,8584,6239,2026-05-05
聯邦雙和,231.5,20,0,8584,6239,2026-05-05
聯邦雙和,233.5,1000,0,8584,6239,2026-05-05
聯邦雙和,222.0,0,2000,8584,6239,2026-05-05
新光新竹,234.5,1000,0,8563,6239,2026-05-05
玉山高雄,230.5,100,0,8843,6239,2026-05-05
玉山高雄,233.0,2015,0,8843,6239,2026-05-05
玉山左營,235.0,0,3000,884D,6239,2026-05-05
玉山左營,233.0,1090,0,884D,6239,2026-05-05
玉山左營,231.5,0,1000,884D,6239,2026-05-05
玉山左營,230.0,0,6,884D,6239,2026-05-05
玉山左營,229.0,2001,300,884D,6239,2026-05-05
玉山左營,228.0,2300,8000,884D,6239,2026-05-05
玉山左營,227.0,2000,0,884D,6239,2026-05-05
玉山左營,226.0,6040,0,884D,6239,2026-05-05
玉山左營,225.0,0,1000,884D,6239,2026-05-05
玉山左營,224.0,1100,0,884D,6239,2026-05-05
玉山左營,223.0,3100,1000,884D,6239,2026-05-05
玉山左營,222.0,1000,0,884D,6239,2026-05-05
玉山左營,220.0,4000,0,884D,6239,2026-05-05
玉山信義,233.0,100,0,884C,6239,2026-05-05
玉山城中,220.5,1000,0,884E,6239,2026-05-05
玉山信義,230.5,2000,0,884C,6239,2026-05-05
玉山信義,228.0,420,1050,884C,6239,2026-05-05
玉山信義,227.0,0,1000,884C,6239,2026-05-05
玉山信義,225.5,10000,0,884C,6239,2026-05-05
玉山信義,224.0,500,0,884C,6239,2026-05-05
玉山信義,222.5,1000,1000,884C,6239,2026-05-05
玉山信義,221.0,4,0,884C,6239,2026-05-05
玉山台中,236.0,1000,5000,884B,6239,2026-05-05
玉山台中,235.0,0,2000,884B,6239,2026-05-05
玉山台中,234.0,7000,3000,884B,6239,2026-05-05
玉山台中,233.0,4050,1000,884B,6239,2026-05-05
玉山台中,232.0,1000,6050,884B,6239,2026-05-05
玉山台中,230.5,0,1000,884B,6239,2026-05-05
玉山台中,229.5,10,500,884B,6239,2026-05-05
玉山台中,228.5,2405,6200,884B,6239,2026-05-05
玉山信義,229.0,0,1099,884C,6239,2026-05-05
玉山城中,223.0,1000,0,884E,6239,2026-05-05
玉山城中,224.0,100,0,884E,6239,2026-05-05
玉山城中,225.0,2000,10000,884E,6239,2026-05-05
玉山新竹,235.0,1000,0,884H,6239,2026-05-05
玉山新竹,234.0,6000,0,884H,6239,2026-05-05
玉山新竹,233.0,1000,0,884H,6239,2026-05-05
玉山新竹,231.0,0,120,884H,6239,2026-05-05
玉山新竹,229.5,0,500,884H,6239,2026-05-05
玉山新竹,228.5,0,100,884H,6239,2026-05-05
玉山新竹,227.5,3500,100,884H,6239,2026-05-05
玉山新竹,226.5,1000,50,884H,6239,2026-05-05
玉山新竹,225.5,200,1000,884H,6239,2026-05-05
玉山新竹,224.0,100,0,884H,6239,2026-05-05
玉山新竹,222.5,4000,1088,884H,6239,2026-05-05
玉山新竹,221.5,1100,1000,884H,6239,2026-05-05
玉山新竹,220.5,100,1000,884H,6239,2026-05-05
玉山桃園,235.0,2000,0,884F,6239,2026-05-05
玉山桃園,233.5,0,1000,884F,6239,2026-05-05
玉山桃園,230.5,6100,100,884F,6239,2026-05-05
玉山桃園,229.5,0,7,884F,6239,2026-05-05
玉山城中,227.0,1,1000,884E,6239,2026-05-05
玉山城中,228.0,3010,0,884E,6239,2026-05-05
玉山城中,229.0,1009,100,884E,6239,2026-05-05
玉山城中,231.0,1110,0,884E,6239,2026-05-05
玉山城中,232.5,2000,0,884E,6239,2026-05-05
玉山城中,234.0,3000,0,884E,6239,2026-05-05
玉山台中,227.5,1044,13,884B,6239,2026-05-05
玉山城中,235.0,0,1000,884E,6239,2026-05-05
玉山桃園,222.0,50,2000,884F,6239,2026-05-05
玉山桃園,223.0,1000,0,884F,6239,2026-05-05
玉山桃園,224.0,10,0,884F,6239,2026-05-05
玉山桃園,226.5,1000,1000,884F,6239,2026-05-05
玉山桃園,227.5,5000,0,884F,6239,2026-05-05
玉山桃園,228.5,3000,0,884F,6239,2026-05-05
玉山桃園,220.5,2000,0,884F,6239,2026-05-05
玉山高雄,232.0,1005,200,8843,6239,2026-05-05
玉山台中,226.5,3000,0,884B,6239,2026-05-05
玉山台中,224.5,8130,0,884B,6239,2026-05-05
玉山台南,235.0,1000,1000,8847,6239,2026-05-05
玉山台南,234.0,300,3000,8847,6239,2026-05-05
玉山台南,232.5,150,0,8847,6239,2026-05-05
玉山台南,231.5,4100,0,8847,6239,2026-05-05
玉山台南,230.5,0,1000,8847,6239,2026-05-05
玉山台南,229.5,200,1000,8847,6239,2026-05-05
玉山台南,228.5,10100,2000,8847,6239,2026-05-05
玉山台南,227.5,0,6115,8847,6239,2026-05-05
玉山台南,226.5,2000,4000,8847,6239,2026-05-05
玉山台南,225.0,8010,1000,8847,6239,2026-05-05
玉山台南,224.0,110,0,8847,6239,2026-05-05
玉山台南,223.0,3160,0,8847,6239,2026-05-05
玉山台南,222.0,170,20,8847,6239,2026-05-05
玉山台南,221.0,2000,0,8847,6239,2026-05-05
玉山嘉義,220.5,1000,1000,8848,6239,2026-05-05
玉山台南,220.0,1000,0,8847,6239,2026-05-05
玉山板橋,233.5,1000,0,8846,6239,2026-05-05
玉山板橋,232.0,2000,0,8846,6239,2026-05-05
玉山板橋,231.0,12,0,8846,6239,2026-05-05
玉山板橋,230.0,0,2050,8846,6239,2026-05-05
玉山板橋,229.0,6000,300,8846,6239,2026-05-05
玉山板橋,228.0,20,2000,8846,6239,2026-05-05
玉山板橋,227.0,1010,0,8846,6239,2026-05-05
玉山板橋,226.0,1000,0,8846,6239,2026-05-05
玉山板橋,225.0,3006,3000,8846,6239,2026-05-05
玉山板橋,224.0,2220,1000,8846,6239,2026-05-05
玉山板橋,223.0,1000,0,8846,6239,2026-05-05
玉山板橋,222.0,1200,0,8846,6239,2026-05-05
玉山板橋,220.0,1000,0,8846,6239,2026-05-05
玉山高雄,234.5,20,1112,8843,6239,2026-05-05
玉山板橋,235.5,0,2000,8846,6239,2026-05-05
玉山嘉義,221.5,1100,0,8848,6239,2026-05-05
玉山嘉義,223.0,100,0,8848,6239,2026-05-05
玉山嘉義,224.0,4200,0,8848,6239,2026-05-05
玉山台中,223.0,10010,0,884B,6239,2026-05-05
玉山台中,222.0,1050,1627,884B,6239,2026-05-05
玉山台中,220.5,1000,2000,884B,6239,2026-05-05
玉山士林,236.0,1000,10000,884A,6239,2026-05-05
玉山士林,234.5,1000,2100,884A,6239,2026-05-05
玉山士林,233.5,2000,0,884A,6239,2026-05-05
玉山士林,230.0,0,1150,884A,6239,2026-05-05
玉山士林,229.0,2000,4000,884A,6239,2026-05-05
玉山士林,228.0,50,0,884A,6239,2026-05-05
玉山士林,227.0,2000,100,884A,6239,2026-05-05
玉山士林,225.5,1000,1000,884A,6239,2026-05-05
玉山士林,224.5,5000,2000,884A,6239,2026-05-05
玉山士林,223.0,10,0,884A,6239,2026-05-05
玉山士林,220.5,10000,1000,884A,6239,2026-05-05
玉山景美,234.5,1000,0,8849,6239,2026-05-05
玉山景美,233.0,1000,0,8849,6239,2026-05-05
玉山景美,230.0,30,0,8849,6239,2026-05-05
玉山嘉義,225.0,1000,0,8848,6239,2026-05-05
玉山嘉義,226.0,1003,0,8848,6239,2026-05-05
玉山嘉義,227.0,2100,9000,8848,6239,2026-05-05
玉山嘉義,228.0,5501,2400,8848,6239,2026-05-05
玉山嘉義,230.0,3500,6000,8848,6239,2026-05-05
玉山嘉義,231.5,20,264,8848,6239,2026-05-05
玉山台中,225.5,0,1000,884B,6239,2026-05-05
玉山嘉義,232.5,1000,0,8848,6239,2026-05-05
玉山嘉義,235.5,0,1000,8848,6239,2026-05-05
玉山景美,221.0,2000,0,8849,6239,2026-05-05
玉山景美,225.5,2000,0,8849,6239,2026-05-05
玉山景美,227.0,0,1000,8849,6239,2026-05-05
玉山景美,228.0,50,0,8849,6239,2026-05-05
玉山景美,229.0,1000,0,8849,6239,2026-05-05
玉山嘉義,234.5,2000,0,8848,6239,2026-05-05
玉山大里,220.5,1000,0,884J,6239,2026-05-05
新光新竹,233.5,3000,1000,8563,6239,2026-05-05
新光新竹,230.5,1000,1000,8563,6239,2026-05-05
安泰,225.5,0,3000,8380,6239,2026-05-05
安泰,222.5,1000,0,8380,6239,2026-05-05
國票安和,235.5,1000,0,779Z,6239,2026-05-05
國票安和,234.5,1000,0,779Z,6239,2026-05-05
國票安和,233.5,3000,0,779Z,6239,2026-05-05
國票安和,232.5,1000,20000,779Z,6239,2026-05-05
國票安和,231.5,23000,0,779Z,6239,2026-05-05
國票安和,230.5,4000,0,779Z,6239,2026-05-05
國票安和,229.5,1000,0,779Z,6239,2026-05-05
國票安和,228.0,2000,0,779Z,6239,2026-05-05
國票安和,226.5,0,2000,779Z,6239,2026-05-05
國票安和,225.5,0,40,779Z,6239,2026-05-05
國票安和,224.5,61000,10040,779Z,6239,2026-05-05
國票安和,223.5,1000,10000,779Z,6239,2026-05-05
安泰,229.0,1000,1000,8380,6239,2026-05-05
國票安和,222.0,9005,1000,779Z,6239,2026-05-05
國票博愛,236.0,0,1000,779z,6239,2026-05-05
國票博愛,233.0,10000,1000,779z,6239,2026-05-05
國票博愛,230.0,1000,1001,779z,6239,2026-05-05
國票博愛,229.0,1000,0,779z,6239,2026-05-05
國票博愛,228.0,3000,1000,779z,6239,2026-05-05
國票博愛,227.0,0,3000,779z,6239,2026-05-05
國票博愛,224.0,1000,1000,779z,6239,2026-05-05
國票博愛,221.5,1000,0,779z,6239,2026-05-05
國票博愛,220.5,1000,10000,779z,6239,2026-05-05
國票中和,233.5,0,2000,779X,6239,2026-05-05
國票中和,232.5,7000,0,779X,6239,2026-05-05
國票中和,228.0,100,1000,779X,6239,2026-05-05
國票中和,226.5,0,5000,779X,6239,2026-05-05
國票中和,224.5,2000,0,779X,6239,2026-05-05
國票安和,220.5,1000,0,779Z,6239,2026-05-05
安泰,232.0,5000,0,8380,6239,2026-05-05
安泰,234.0,1000,0,8380,6239,2026-05-05
安泰大發,227.0,2000,0,8381,6239,2026-05-05
康和延平,222.5,0,1000,8451,6239,2026-05-05
康和,234.5,5000,0,8450,6239,2026-05-05
康和,230.0,1025,0,8450,6239,2026-05-05
康和,229.0,1000,5000,8450,6239,2026-05-05
康和,228.0,1000,0,8450,6239,2026-05-05
康和,226.0,1000,0,8450,6239,2026-05-05
康和,224.0,5,0,8450,6239,2026-05-05
摩根大通,236.5,0,2000,8440,6239,2026-05-05
摩根大通,235.5,0,12000,8440,6239,2026-05-05
摩根大通,234.5,3338,6000,8440,6239,2026-05-05
摩根大通,233.5,49000,3000,8440,6239,2026-05-05
摩根大通,232.5,11000,32000,8440,6239,2026-05-05
摩根大通,231.5,8000,56000,8440,6239,2026-05-05
摩根大通,230.5,17000,1000,8440,6239,2026-05-05
摩根大通,229.5,0,26000,8440,6239,2026-05-05
摩根大通,228.5,0,76000,8440,6239,2026-05-05
摩根大通,227.5,20000,647000,8440,6239,2026-05-05
安泰大發,228.5,0,1000,8381,6239,2026-05-05
安泰大發,230.5,0,1000,8381,6239,2026-05-05
安泰大發,233.5,0,1000,8381,6239,2026-05-05
安泰大發,236.0,0,1000,8381,6239,2026-05-05
安泰楠梓,223.5,1000,0,8382,6239,2026-05-05
安泰楠梓,232.0,0,1000,8382,6239,2026-05-05
國票中和,223.0,100,0,779X,6239,2026-05-05
安泰楠梓,235.0,1000,0,8382,6239,2026-05-05
摩根大通,221.5,0,26000,8440,6239,2026-05-05
摩根大通,222.5,0,96000,8440,6239,2026-05-05
摩根大通,223.5,0,73000,8440,6239,2026-05-05
摩根大通,224.5,72000,176000,8440,6239,2026-05-05
摩根大通,225.5,0,43000,8440,6239,2026-05-05
摩根大通,226.5,2000,196000,8440,6239,2026-05-05
摩根大通,220.5,1000,38000,8440,6239,2026-05-05
康和延平,223.5,3000,0,8451,6239,2026-05-05
國票中和,220.5,2000,0,779X,6239,2026-05-05
國票彰化,234.0,2000,1000,779W,6239,2026-05-05
國票桃園,223.0,50,0,779r,6239,2026-05-05
國票桃園,221.5,2000,0,779r,6239,2026-05-05
國票九鼎,235.5,0,2000,779P,6239,2026-05-05
國票九鼎,234.5,20,0,779P,6239,2026-05-05
國票九鼎,232.0,2000,0,779P,6239,2026-05-05
國票九鼎,230.0,1100,0,779P,6239,2026-05-05
國票九鼎,228.0,3000,1000,779P,6239,2026-05-05
國票九鼎,227.0,3010,2000,779P,6239,2026-05-05
國票九鼎,225.5,100,1000,779P,6239,2026-05-05
國票九鼎,224.5,3000,0,779P,6239,2026-05-05
國票九鼎,223.0,1020,0,779P,6239,2026-05-05
國票九鼎,220.5,7000,1000,779P,6239,2026-05-05
國票南京,233.0,50,0,779n,6239,2026-05-05
國票南京,226.5,0,16000,779n,6239,2026-05-05
國票桃園,224.0,50,0,779r,6239,2026-05-05
國票南京,224.5,0,2000,779n,6239,2026-05-05
國票中港,234.5,0,1000,779m,6239,2026-05-05
國票中港,230.0,1000,0,779m,6239,2026-05-05
國票中港,227.0,1000,0,779m,6239,2026-05-05
國票北高,228.0,0,1000,779J,6239,2026-05-05
國票北高,227.0,1000,1000,779J,6239,2026-05-05
國票北高,225.5,1000,0,779J,6239,2026-05-05
國票北高,224.0,1000,100,779J,6239,2026-05-05
國票和平,232.0,500,0,779j,6239,2026-05-05
國票和平,228.0,0,2000,779j,6239,2026-05-05
國票和平,223.5,1000,0,779j,6239,2026-05-05
國票嘉義,235.5,1000,0,779H,6239,2026-05-05
國票嘉義,234.0,1000,0,779H,6239,2026-05-05
國票嘉義,232.0,0,10000,779H,6239,2026-05-05
國票嘉義,230.0,1003,2001,779H,6239,2026-05-05
國票南京,220.0,3000,0,779n,6239,2026-05-05
國票桃園,226.5,6,1000,779r,6239,2026-05-05
國票桃園,234.0,1000,0,779r,6239,2026-05-05
國票長城,224.5,200,3000,779u,6239,2026-05-05
國票彰化,231.0,1000,2000,779W,6239,2026-05-05
國票彰化,228.0,0,1500,779W,6239,2026-05-05
國票彰化,226.5,0,1000,779W,6239,2026-05-05
國票彰化,223.5,1000,0,779W,6239,2026-05-05
國票彰化,222.0,1000,0,779W,6239,2026-05-05
國票天祥,234.5,1050,0,779V,6239,2026-05-05
國票天祥,232.0,0,1000,779V,6239,2026-05-05
國票天祥,230.5,1000,0,779V,6239,2026-05-05
國票天祥,229.0,1000,0,779V,6239,2026-05-05
國票天祥,228.0,0,3000,779V,6239,2026-05-05
國票天祥,227.0,0,1000,779V,6239,2026-05-05
國票天祥,225.5,1000,2000,779V,6239,2026-05-05
國票天祥,224.0,1000,0,779V,6239,2026-05-05
國票天祥,223.0,1200,0,779V,6239,2026-05-05
國票天祥,220.5,3000,1000,779V,6239,2026-05-05
國票台中,236.0,5000,0,779v,6239,2026-05-05
國票台中,234.0,0,3000,779v,6239,2026-05-05
國票長城,226.5,0,1000,779u,6239,2026-05-05
國票長城,227.5,1100,0,779u,6239,2026-05-05
國票長城,228.5,3000,0,779u,6239,2026-05-05
國票長城,233.5,0,1000,779u,6239,2026-05-05
國票長城,234.5,1000,0,779u,6239,2026-05-05
國票台中,220.5,1000,0,779v,6239,2026-05-05
國票彰化,237.0,0,1000,779W,6239,2026-05-05
國票台中,222.5,0,2000,779v,6239,2026-05-05
國票台中,226.0,1000,0,779v,6239,2026-05-05
國票台中,227.0,1006,0,779v,6239,2026-05-05
國票台中,228.0,0,1000,779v,6239,2026-05-05
國票台中,229.5,5003,0,779v,6239,2026-05-05
國票台中,231.5,1000,0,779v,6239,2026-05-05
國票台中,233.0,0,1000,779v,6239,2026-05-05
國票台中,224.5,15000,0,779v,6239,2026-05-05
新光新竹,232.0,59010,2000,8563,6239,2026-05-05
康和延平,225.0,1000,0,8451,6239,2026-05-05
康和延平,231.5,1000,0,8451,6239,2026-05-05
新光台中,224.0,1140,11000,8561,6239,2026-05-05
新光台中,223.0,5085,38000,8561,6239,2026-05-05
新光台中,222.0,2020,1000,8561,6239,2026-05-05
新光台中,220.5,3035,0,8561,6239,2026-05-05
新光,236.0,0,10000,8560,6239,2026-05-05
新光,235.0,13000,9000,8560,6239,2026-05-05
新光,234.0,4000,1000,8560,6239,2026-05-05
新光,233.0,1040,1000,8560,6239,2026-05-05
新光,232.0,8100,2012,8560,6239,2026-05-05
新光,231.0,3017,300,8560,6239,2026-05-05
新光,230.0,6400,2378,8560,6239,2026-05-05
新光,229.0,15000,6507,8560,6239,2026-05-05
新光,228.0,22424,42420,8560,6239,2026-05-05
新光,227.0,14200,7050,8560,6239,2026-05-05
新光台中,225.0,2000,1000,8561,6239,2026-05-05
新光,226.0,2310,9000,8560,6239,2026-05-05
新光,224.0,3350,0,8560,6239,2026-05-05
新光,223.0,13300,4000,8560,6239,2026-05-05
新光,222.0,7150,1000,8560,6239,2026-05-05
新光,221.0,1095,1000,8560,6239,2026-05-05
新光,220.0,4000,2000,8560,6239,2026-05-05
中農,228.0,0,1000,8520,6239,2026-05-05
中農,226.5,1000,1000,8520,6239,2026-05-05
京城嘉義,232.0,1000,0,8492,6239,2026-05-05
京城嘉義,227.0,1000,0,8492,6239,2026-05-05
京城,236.0,0,1000,8490,6239,2026-05-05
京城,229.0,0,1010,8490,6239,2026-05-05
京城,228.0,1100,30,8490,6239,2026-05-05
京城,222.0,100,0,8490,6239,2026-05-05
康和台北,236.0,0,3000,845U,6239,2026-05-05
新光,225.0,7425,5060,8560,6239,2026-05-05
新光台中,226.0,10200,70,8561,6239,2026-05-05
新光台中,227.0,30088,15000,8561,6239,2026-05-05
新光台中,228.0,3100,22763,8561,6239,2026-05-05
新光新竹,229.5,1030,10,8563,6239,2026-05-05
新光新竹,228.5,1205,5000,8563,6239,2026-05-05
新光新竹,227.5,3100,0,8563,6239,2026-05-05
新光新竹,226.5,2000,0,8563,6239,2026-05-05
新光新竹,225.0,2300,3000,8563,6239,2026-05-05
新光新竹,224.0,1010,0,8563,6239,2026-05-05
新光新竹,223.0,1105,1000,8563,6239,2026-05-05
新光新竹,222.0,12,0,8563,6239,2026-05-05
新光新竹,220.5,2000,0,8563,6239,2026-05-05
新光高雄,235.0,2000,1000,8562,6239,2026-05-05
新光高雄,234.0,4000,0,8562,6239,2026-05-05
新光高雄,232.0,3000,0,8562,6239,2026-05-05
新光高雄,230.5,1000,0,8562,6239,2026-05-05
新光高雄,229.5,150,1000,8562,6239,2026-05-05
新光高雄,228.5,3100,20,8562,6239,2026-05-05
新光高雄,227.5,6400,5300,8562,6239,2026-05-05
新光高雄,226.5,0,2000,8562,6239,2026-05-05
新光台中,229.0,4000,2000,8561,6239,2026-05-05
新光台中,230.0,225,130,8561,6239,2026-05-05
新光台中,231.0,0,49,8561,6239,2026-05-05
新光台中,232.0,4053,11000,8561,6239,2026-05-05
新光台中,233.0,2021,0,8561,6239,2026-05-05
新光台中,234.0,5000,1000,8561,6239,2026-05-05
康和台北,228.5,31,0,845U,6239,2026-05-05
新光台中,235.0,1000,1000,8561,6239,2026-05-05
新光高雄,220.5,2010,0,8562,6239,2026-05-05
新光高雄,221.5,36,0,8562,6239,2026-05-05
新光高雄,222.5,2,50,8562,6239,2026-05-05
新光高雄,223.5,6015,200,8562,6239,2026-05-05
新光高雄,224.5,0,100,8562,6239,2026-05-05
新光高雄,225.5,0,100,8562,6239,2026-05-05
新光台中,236.0,1000,0,8561,6239,2026-05-05
康和延平,229.0,0,1000,8451,6239,2026-05-05
康和台北,227.5,100,0,845U,6239,2026-05-05
康和台北,225.5,0,10000,845U,6239,2026-05-05
康和嘉義,234.5,2000,0,8459,6239,2026-05-05
康和嘉義,232.0,1000,1000,8459,6239,2026-05-05
康和嘉義,230.5,1000,0,8459,6239,2026-05-05
康和嘉義,229.0,0,1000,8459,6239,2026-05-05
康和嘉義,228.0,0,58,8459,6239,2026-05-05
康和嘉義,227.0,6000,2000,8459,6239,2026-05-05
康和嘉義,226.0,1000,1000,8459,6239,2026-05-05
康和嘉義,224.5,4050,9000,8459,6239,2026-05-05
康和嘉義,223.5,1000,0,8459,6239,2026-05-05
康和嘉義,222.5,1000,0,8459,6239,2026-05-05
康和台南,235.5,0,1000,8458,6239,2026-05-05
康和台南,234.5,0,300,8458,6239,2026-05-05
康和台南,229.0,0,2000,8458,6239,2026-05-05
康和台南,227.5,0,1000,8458,6239,2026-05-05
康和內湖,220.0,1000,0,845A,6239,2026-05-05
康和台南,225.5,5000,0,8458,6239,2026-05-05
康和台南,223.5,100,0,8458,6239,2026-05-05
康和台南,222.5,1000,0,8458,6239,2026-05-05
康和台南,221.5,4000,0,8458,6239,2026-05-05
康和新竹,232.0,0,1000,8456,6239,2026-05-05
康和新竹,228.0,0,2000,8456,6239,2026-05-05
康和新竹,220.0,1000,0,8456,6239,2026-05-05
康和台中,233.0,2001,0,8455,6239,2026-05-05
康和台中,230.0,0,1350,8455,6239,2026-05-05
康和台中,229.0,2000,0,8455,6239,2026-05-05
康和台中,228.0,1000,0,8455,6239,2026-05-05
康和台中,227.0,3000,0,8455,6239,2026-05-05
康和台中,226.0,250,0,8455,6239,2026-05-05
康和台中,224.5,1000,2000,8455,6239,2026-05-05
康和台中,220.5,0,5000,8455,6239,2026-05-05
康和台南,224.5,1000,0,8458,6239,2026-05-05
康和內湖,221.0,2000,0,845A,6239,2026-05-05
康和內湖,223.0,1000,0,845A,6239,2026-05-05
康和內湖,225.5,1000,3000,845A,6239,2026-05-05
康和南崁,228.0,2000,0,845S,6239,2026-05-05
康和南崁,222.0,0,2000,845S,6239,2026-05-05
康和南崁,220.0,2000,0,845S,6239,2026-05-05
康和高雄,230.0,1006,0,845J,6239,2026-05-05
康和高雄,229.0,0,5000,845J,6239,2026-05-05
康和高雄,228.0,1052,0,845J,6239,2026-05-05
康和高雄,227.0,600,1000,845J,6239,2026-05-05
康和高雄,226.0,1002,0,845J,6239,2026-05-05
康和高雄,225.0,1000,0,845J,6239,2026-05-05
康和高雄,221.0,1000,0,845J,6239,2026-05-05
康和高雄,220.0,3000,0,845J,6239,2026-05-05
康和仁愛,232.0,2000,0,845F,6239,2026-05-05
康和仁愛,230.0,0,1000,845F,6239,2026-05-05
康和仁愛,227.5,0,1000,845F,6239,2026-05-05
康和仁愛,226.0,0,3000,845F,6239,2026-05-05
康和仁愛,222.0,3000,0,845F,6239,2026-05-05
康和澎湖,225.0,3000,0,845E,6239,2026-05-05
康和內湖,227.0,0,1000,845A,6239,2026-05-05
康和內湖,228.0,0,1000,845A,6239,2026-05-05
康和內湖,230.0,2000,5000,845A,6239,2026-05-05
康和內湖,232.0,0,1000,845A,6239,2026-05-05
康和內湖,233.5,1000,1000,845A,6239,2026-05-05
康和永和,221.0,4,0,845B,6239,2026-05-05
康和台北,226.5,0,1000,845U,6239,2026-05-05
康和永和,223.0,20,0,845B,6239,2026-05-05
康和永和,227.5,20,0,845B,6239,2026-05-05
康和永和,229.5,25,0,845B,6239,2026-05-05
康和永和,236.0,0,1000,845B,6239,2026-05-05
康和板橋,223.5,250,0,845D,6239,2026-05-05
康和板橋,224.5,0,1000,845D,6239,2026-05-05
康和板橋,232.0,0,2000,845D,6239,2026-05-05
康和永和,225.0,2000,10000,845B,6239,2026-05-05
玉山大里,222.5,1000,0,884J,6239,2026-05-05
玉山大里,223.5,5300,3000,884J,6239,2026-05-05
玉山大里,225.0,1000,0,884J,6239,2026-05-05
群益館前,225.5,3000,1000,913Y,6239,2026-05-05
群益館前,224.5,100,0,913Y,6239,2026-05-05
群益館前,222.5,2000,0,913Y,6239,2026-05-05
群益崇德,235.5,1000,0,913U,6239,2026-05-05
群益崇德,232.0,1000,0,913U,6239,2026-05-05
群益崇德,230.0,222,2000,913U,6239,2026-05-05
群益崇德,228.5,1000,0,913U,6239,2026-05-05
群益崇德,227.5,100,0,913U,6239,2026-05-05
群益崇德,226.0,1000,0,913U,6239,2026-05-05
群益崇德,225.0,3,0,913U,6239,2026-05-05
群益崇德,224.0,500,100,913U,6239,2026-05-05
群益崇德,222.5,50,0,913U,6239,2026-05-05
群益北高,235.5,1000,0,913R,6239,2026-05-05
群益北高,232.0,0,1000,913R,6239,2026-05-05
群益館前,226.5,1000,0,913Y,6239,2026-05-05
群益北高,230.0,20,500,913R,6239,2026-05-05
群益北高,227.5,0,3000,913R,6239,2026-05-05
群益北高,222.0,100,0,913R,6239,2026-05-05
群益土城,233.5,1000,0,913N,6239,2026-05-05
群益土城,229.5,1000,0,913N,6239,2026-05-05
群益土城,227.0,3000,0,913N,6239,2026-05-05
群益土城,225.5,0,3000,913N,6239,2026-05-05
群益土城,222.5,1000,0,913N,6239,2026-05-05
群益土城,220.5,1100,0,913N,6239,2026-05-05
群益萬華,230.5,0,25,913I,6239,2026-05-05
群益萬華,228.5,0,1000,913I,6239,2026-05-05
群益萬華,227.5,0,1000,913I,6239,2026-05-05
群益萬華,226.0,1000,0,913I,6239,2026-05-05
群益萬華,223.5,0,1000,913I,6239,2026-05-05
群益屏東,235.0,1000,0,913H,6239,2026-05-05
群益北高,229.0,100,0,913R,6239,2026-05-05
群益館前,227.5,1200,1000,913Y,6239,2026-05-05
群益館前,228.5,1000,2000,913Y,6239,2026-05-05
群益館前,229.5,1000,0,913Y,6239,2026-05-05
群益新竹,224.0,2210,0,9186,6239,2026-05-05
群益新竹,222.0,2120,0,9186,6239,2026-05-05
群益台南,236.0,0,10000,9185,6239,2026-05-05
群益台南,234.0,0,2000,9185,6239,2026-05-05
群益台南,228.5,11100,0,9185,6239,2026-05-05
群益台南,224.0,3000,3000,9185,6239,2026-05-05
群益台南,220.0,1000,0,9185,6239,2026-05-05
群益台中,235.5,0,1000,9184,6239,2026-05-05
群益台中,234.0,50,0,9184,6239,2026-05-05
群益台中,232.5,50,0,9184,6239,2026-05-05
群益台中,230.5,0,117,9184,6239,2026-05-05
群益台中,229.5,20,0,9184,6239,2026-05-05
群益台中,228.5,1013,0,9184,6239,2026-05-05
群益台中,227.5,600,4000,9184,6239,2026-05-05
群益台中,226.0,1000,0,9184,6239,2026-05-05
群益台中,225.0,0,1000,9184,6239,2026-05-05
群益台中,224.0,1030,0,9184,6239,2026-05-05
群益館前,232.0,2000,0,913Y,6239,2026-05-05
群益館前,234.5,1025,100,913Y,6239,2026-05-05
群益高雄,222.0,1000,0,9183,6239,2026-05-05
群益高雄,223.5,1000,1000,9183,6239,2026-05-05
群益高雄,225.0,1000,0,9183,6239,2026-05-05
群益高雄,227.5,1000,100,9183,6239,2026-05-05
群益屏東,231.5,100,0,913H,6239,2026-05-05
群益高雄,229.0,1000,2000,9183,6239,2026-05-05
群益高雄,234.5,5000,0,9183,6239,2026-05-05
群益高雄,235.5,5000,0,9183,6239,2026-05-05
群益台中,220.0,1000,0,9184,6239,2026-05-05
群益台中,221.0,2000,0,9184,6239,2026-05-05
群益台中,222.0,1100,0,9184,6239,2026-05-05
群益台中,223.0,16,2000,9184,6239,2026-05-05
群益高雄,231.5,3000,0,9183,6239,2026-05-05
群益新竹,225.0,1000,7000,9186,6239,2026-05-05
群益屏東,229.0,1008,0,913H,6239,2026-05-05
群益屏東,225.0,0,1000,913H,6239,2026-05-05
群益士林,230.5,1000,0,9137,6239,2026-05-05
群益士林,229.0,3000,0,9137,6239,2026-05-05
群益士林,228.0,0,2000,9137,6239,2026-05-05
群益士林,226.5,1000,1000,9137,6239,2026-05-05
群益士林,225.0,1000,0,9137,6239,2026-05-05
群益士林,223.5,1000,0,9137,6239,2026-05-05
群益士林,221.0,2000,0,9137,6239,2026-05-05
群益西松,233.0,1000,0,9136,6239,2026-05-05
群益西松,230.0,321,100,9136,6239,2026-05-05
群益西松,227.5,0,2000,9136,6239,2026-05-05
群益西松,225.5,5,0,9136,6239,2026-05-05
群益西松,223.0,200,0,9136,6239,2026-05-05
群益西松,220.0,1000,0,9136,6239,2026-05-05
群益東大,234.5,0,270,9135,6239,2026-05-05
群益士林,234.5,2000,400,9137,6239,2026-05-05
群益東大,233.0,200,0,9135,6239,2026-05-05
群益東大,230.0,1000,50,9135,6239,2026-05-05
群益東大,229.0,1000,0,9135,6239,2026-05-05
群益東大,228.0,3000,0,9135,6239,2026-05-05
群益東大,227.0,4,0,9135,6239,2026-05-05
群益東大,223.0,0,1000,9135,6239,2026-05-05
群益東大,222.0,1000,0,9135,6239,2026-05-05
群益東大,220.0,2000,0,9135,6239,2026-05-05
群益開元,233.5,0,1000,9134,6239,2026-05-05
群益開元,232.0,0,1000,9134,6239,2026-05-05
群益開元,229.0,0,1000,9134,6239,2026-05-05
群益開元,225.5,0,2000,9134,6239,2026-05-05
群益開元,224.5,0,1000,9134,6239,2026-05-05
群益開元,221.0,200,0,9134,6239,2026-05-05
群益民權,236.0,0,1000,9131,6239,2026-05-05
群益東大,232.0,4000,200,9135,6239,2026-05-05
群益士林,235.5,1000,0,9137,6239,2026-05-05
群益中港,225.5,0,1000,9138,6239,2026-05-05
群益中港,228.0,2000,1000,9138,6239,2026-05-05
群益屏東,224.0,0,1000,913H,6239,2026-05-05
群益屏東,223.0,0,1000,913H,6239,2026-05-05
群益屏東,221.0,100,0,913H,6239,2026-05-05
群益三重,233.0,0,1000,913g,6239,2026-05-05
群益三重,231.5,1000,0,913g,6239,2026-05-05
群益三重,230.0,1300,0,913g,6239,2026-05-05
群益三重,229.0,8000,0,913g,6239,2026-05-05
群益三重,227.5,2000,9000,913g,6239,2026-05-05
群益三重,226.0,0,8000,913g,6239,2026-05-05
群益三重,225.0,2000,0,913g,6239,2026-05-05
群益三重,224.0,200,0,913g,6239,2026-05-05
群益三重,223.0,1000,1000,913g,6239,2026-05-05
群益三重,221.0,0,100,913g,6239,2026-05-05
群益基隆,232.5,1000,10000,913E,6239,2026-05-05
群益基隆,231.0,0,30,913E,6239,2026-05-05
群益基隆,230.0,1000,0,913E,6239,2026-05-05
群益基隆,227.5,0,1000,913E,6239,2026-05-05
群益中港,229.0,1000,0,9138,6239,2026-05-05
群益中港,231.5,1000,0,9138,6239,2026-05-05
群益中港,235.5,1000,0,9138,6239,2026-05-05
群益潭子,220.5,1000,0,913D,6239,2026-05-05
群益潭子,222.5,10,0,913D,6239,2026-05-05
群益潭子,223.5,1000,0,913D,6239,2026-05-05
群益屏東,227.5,2000,3000,913H,6239,2026-05-05
群益潭子,226.0,1000,0,913D,6239,2026-05-05
群益潭子,230.0,1000,150,913D,6239,2026-05-05
群益潭子,231.0,1000,0,913D,6239,2026-05-05
群益潭子,234.5,0,2000,913D,6239,2026-05-05
群益基隆,223.5,0,1000,913E,6239,2026-05-05
群益基隆,224.5,0,1000,913E,6239,2026-05-05
群益基隆,226.0,1050,0,913E,6239,2026-05-05
群益潭子,228.0,2070,900,913D,6239,2026-05-05
群益民權,235.0,2000,5000,9131,6239,2026-05-05
群益新竹,226.5,10,1000,9186,6239,2026-05-05
群益新竹,229.5,300,0,9186,6239,2026-05-05
群益新店,229.0,1000,3000,918F,6239,2026-05-05
群益新店,226.0,0,2040,918F,6239,2026-05-05
群益新店,223.5,0,1000,918F,6239,2026-05-05
群益南京,235.0,0,1000,918E,6239,2026-05-05
群益南京,232.0,3017,0,918E,6239,2026-05-05
群益南京,227.0,0,1000,918E,6239,2026-05-05
群益南京,223.0,5,0,918E,6239,2026-05-05
群益南京,220.5,1000,0,918E,6239,2026-05-05
群益大安,233.5,0,1000,918e,6239,2026-05-05
群益大安,224.0,0,2000,918e,6239,2026-05-05
群益大安,222.0,1000,0,918e,6239,2026-05-05
群益東門,235.0,1000,0,918D,6239,2026-05-05
群益東門,234.0,0,1000,918D,6239,2026-05-05
群益東門,231.5,1000,0,918D,6239,2026-05-05
群益新店,230.5,10000,0,918F,6239,2026-05-05
群益東門,229.0,3200,2000,918D,6239,2026-05-05
群益東門,227.0,0,2000,918D,6239,2026-05-05
群益東門,224.5,100,1000,918D,6239,2026-05-05
群益東門,221.5,1000,0,918D,6239,2026-05-05
群益內湖,235.5,0,1000,918d,6239,2026-05-05
群益內湖,234.5,1000,0,918d,6239,2026-05-05
群益內湖,230.0,1,0,918d,6239,2026-05-05
群益內湖,227.5,1000,2000,918d,6239,2026-05-05
群益內湖,226.5,1000,0,918d,6239,2026-05-05
群益內湖,225.5,1000,0,918d,6239,2026-05-05
群益內湖,223.5,0,1000,918d,6239,2026-05-05
群益內湖,221.0,1000,0,918d,6239,2026-05-05
群益古亭,236.5,6000,0,918C,6239,2026-05-05
群益古亭,234.5,104,1000,918C,6239,2026-05-05
群益古亭,232.0,1005,0,918C,6239,2026-05-05
群益東門,228.0,2050,0,918D,6239,2026-05-05
群益新店,234.5,2000,0,918F,6239,2026-05-05
群益大甲,220.5,1700,0,918g,6239,2026-05-05
群益大甲,221.5,300,0,918g,6239,2026-05-05
群益永和,225.0,1000,1000,918J,6239,2026-05-05
群益永和,223.5,1000,0,918J,6239,2026-05-05
群益竹南,236.0,0,1000,918i,6239,2026-05-05
群益竹南,233.5,0,1000,918i,6239,2026-05-05
群益竹南,232.5,2000,1000,918i,6239,2026-05-05
群益竹南,229.5,1000,0,918i,6239,2026-05-05
群益竹南,228.5,0,1000,918i,6239,2026-05-05
群益竹南,227.5,1000,0,918i,6239,2026-05-05
群益竹南,225.5,2000,5000,918i,6239,2026-05-05
群益竹南,224.0,1000,0,918i,6239,2026-05-05
群益竹南,223.0,1000,0,918i,6239,2026-05-05
群益竹南,222.0,1000,1000,918i,6239,2026-05-05
群益中山,228.5,1000,0,918H,6239,2026-05-05
群益中山,225.5,0,1000,918H,6239,2026-05-05
群益新莊,234.5,100,0,918G,6239,2026-05-05
群益新莊,229.5,5,0,918G,6239,2026-05-05
群益新莊,228.0,40,1000,918G,6239,2026-05-05
群益大甲,224.5,1000,0,918g,6239,2026-05-05
群益大甲,225.5,0,1000,918g,6239,2026-05-05
群益大甲,227.5,0,18,918g,6239,2026-05-05
群益大甲,228.5,2000,4002,918g,6239,2026-05-05
群益大甲,229.5,1300,0,918g,6239,2026-05-05
群益大甲,230.5,50,0,918g,6239,2026-05-05
群益古亭,229.5,1000,0,918C,6239,2026-05-05
群益大甲,232.0,1000,0,918g,6239,2026-05-05
群益新莊,221.5,0,1000,918G,6239,2026-05-05
群益新莊,222.5,2000,0,918G,6239,2026-05-05
群益新莊,223.5,2000,0,918G,6239,2026-05-05
群益新莊,224.5,1050,0,918G,6239,2026-05-05
群益新莊,225.5,1000,0,918G,6239,2026-05-05
群益新莊,227.0,700,2000,918G,6239,2026-05-05
群益大甲,234.5,3040,0,918g,6239,2026-05-05
群益新竹,228.0,3010,2000,9186,6239,2026-05-05
群益古亭,228.5,4000,140,918C,6239,2026-05-05
群益古亭,226.0,4,40,918C,6239,2026-05-05
群益桃園,236.5,1000,0,9189,6239,2026-05-05
群益桃園,232.5,30,20,9189,6239,2026-05-05
群益桃園,230.5,0,1095,9189,6239,2026-05-05
群益桃園,229.5,65,284,9189,6239,2026-05-05
群益桃園,228.0,1025,0,9189,6239,2026-05-05
群益桃園,226.5,1000,0,9189,6239,2026-05-05
群益桃園,224.0,230,1000,9189,6239,2026-05-05
群益桃園,223.0,1000,0,9189,6239,2026-05-05
群益三民,236.0,0,14000,9188,6239,2026-05-05
群益三民,232.0,0,1000,9188,6239,2026-05-05
群益三民,228.5,100,1001,9188,6239,2026-05-05
群益三民,227.0,1000,0,9188,6239,2026-05-05
群益三民,223.5,0,1000,9188,6239,2026-05-05
群益三民,222.5,4000,0,9188,6239,2026-05-05
群益中壢,220.5,4000,0,918A,6239,2026-05-05
群益彰化,235.5,1000,0,9187,6239,2026-05-05
群益彰化,230.0,1000,50,9187,6239,2026-05-05
群益彰化,229.0,10000,0,9187,6239,2026-05-05
群益彰化,228.0,3000,3500,9187,6239,2026-05-05
群益彰化,227.0,5000,2000,9187,6239,2026-05-05
群益彰化,225.5,1000,3000,9187,6239,2026-05-05
群益彰化,224.5,1000,1000,9187,6239,2026-05-05
群益彰化,223.5,4050,1000,9187,6239,2026-05-05
群益彰化,222.5,1000,0,9187,6239,2026-05-05
群益彰化,221.5,0,15,9187,6239,2026-05-05
群益彰化,220.5,1000,0,9187,6239,2026-05-05
群益新竹,235.5,2000,0,9186,6239,2026-05-05
群益新竹,234.0,1000,0,9186,6239,2026-05-05
群益新竹,231.5,1010,0,9186,6239,2026-05-05
群益新竹,230.5,1000,0,9186,6239,2026-05-05
群益彰化,231.5,1000,0,9187,6239,2026-05-05
群益中壢,222.5,1050,0,918A,6239,2026-05-05
群益中壢,223.5,1040,0,918A,6239,2026-05-05
群益中壢,225.5,1058,1000,918A,6239,2026-05-05
群益古亭,225.0,24,40,918C,6239,2026-05-05
群益古亭,224.0,10000,0,918C,6239,2026-05-05
群益古亭,222.5,1000,0,918C,6239,2026-05-05
群益古亭,221.5,1000,0,918C,6239,2026-05-05
群益古亭,220.5,2000,0,918C,6239,2026-05-05
群益鳳山,234.0,2000,0,918c,6239,2026-05-05
群益鳳山,232.5,1000,1000,918c,6239,2026-05-05
群益鳳山,230.5,1000,0,918c,6239,2026-05-05
群益鳳山,229.5,1250,0,918c,6239,2026-05-05
群益鳳山,228.5,90,0,918c,6239,2026-05-05
群益鳳山,227.0,3000,1000,918c,6239,2026-05-05
群益鳳山,225.5,2000,3000,918c,6239,2026-05-05
群益鳳山,223.5,3000,0,918c,6239,2026-05-05
群益板橋,235.5,2000,1000,918B,6239,2026-05-05
群益板橋,233.0,2000,0,918B,6239,2026-05-05
群益板橋,232.0,0,1000,918B,6239,2026-05-05
群益板橋,230.0,1000,0,918B,6239,2026-05-05
群益中壢,227.0,1075,100,918A,6239,2026-05-05
群益中壢,228.0,4272,8000,918A,6239,2026-05-05
群益中壢,229.0,1000,3000,918A,6239,2026-05-05
群益中壢,230.0,10010,1100,918A,6239,2026-05-05
群益中壢,232.0,4000,0,918A,6239,2026-05-05
群益中壢,233.5,0,10000,918A,6239,2026-05-05
群益古亭,227.5,5000,2000,918C,6239,2026-05-05
群益中壢,235.5,1000,0,918A,6239,2026-05-05
群益板橋,223.5,1000,0,918B,6239,2026-05-05
群益板橋,224.5,0,1000,918B,6239,2026-05-05
群益板橋,225.5,2000,1000,918B,6239,2026-05-05
群益板橋,226.5,1000,3000,918B,6239,2026-05-05
群益板橋,227.5,0,25,918B,6239,2026-05-05
群益板橋,228.5,2000,0,918B,6239,2026-05-05
群益板橋,220.0,1000,0,918B,6239,2026-05-05
群益民權,234.0,2000,0,9131,6239,2026-05-05
群益民權,232.0,0,1000,9131,6239,2026-05-05
群益民權,230.0,1000,10010,9131,6239,2026-05-05
國泰台南,232.0,1000,10,8884,6239,2026-05-05
國泰台南,231.0,100,2,8884,6239,2026-05-05
國泰台南,230.0,56,30,8884,6239,2026-05-05
國泰台南,229.0,2000,1000,8884,6239,2026-05-05
國泰台南,228.0,4214,2310,8884,6239,2026-05-05
國泰台南,227.0,1186,60,8884,6239,2026-05-05
國泰台南,226.0,2025,0,8884,6239,2026-05-05
國泰台南,225.0,2010,1045,8884,6239,2026-05-05
國泰台南,224.0,2101,0,8884,6239,2026-05-05
國泰台南,223.0,2714,0,8884,6239,2026-05-05
國泰台南,221.0,2160,0,8884,6239,2026-05-05
國泰台南,220.0,1000,0,8884,6239,2026-05-05
國泰松江,235.0,1000,0,8883,6239,2026-05-05
國泰松江,233.5,1000,1000,8883,6239,2026-05-05
國泰台南,233.0,2300,0,8884,6239,2026-05-05
國泰松江,232.0,0,1000,8883,6239,2026-05-05
國泰松江,229.5,2900,0,8883,6239,2026-05-05
國泰松江,228.5,3150,6000,8883,6239,2026-05-05
國泰松江,227.5,4055,7300,8883,6239,2026-05-05
國泰松江,226.5,0,1000,8883,6239,2026-05-05
國泰松江,225.5,2100,1000,8883,6239,2026-05-05
國泰松江,224.5,1400,0,8883,6239,2026-05-05
國泰松江,223.5,3200,0,8883,6239,2026-05-05
國泰松江,222.5,1200,2000,8883,6239,2026-05-05
國泰松江,221.5,65,1000,8883,6239,2026-05-05
國泰松江,220.5,1010,0,8883,6239,2026-05-05
國泰台中,236.5,0,1000,8882,6239,2026-05-05
國泰台中,235.5,3000,2000,8882,6239,2026-05-05
國泰台中,234.5,1005,1026,8882,6239,2026-05-05
國泰台中,233.5,5000,5000,8882,6239,2026-05-05
國泰松江,230.5,1000,0,8883,6239,2026-05-05
國泰台南,234.5,400,500,8884,6239,2026-05-05
國泰台南,235.5,10000,0,8884,6239,2026-05-05
國泰桃園,220.0,3000,0,8885,6239,2026-05-05
國泰忠孝,220.5,4000,0,8887,6239,2026-05-05
國泰新莊,236.0,1000,1000,8886,6239,2026-05-05
國泰新莊,235.0,1000,0,8886,6239,2026-05-05
國泰新莊,234.0,1000,0,8886,6239,2026-05-05
國泰新莊,232.5,1002,0,8886,6239,2026-05-05
國泰新莊,231.5,1050,0,8886,6239,2026-05-05
國泰新莊,230.0,1255,3020,8886,6239,2026-05-05
國泰新莊,229.0,13300,3000,8886,6239,2026-05-05
國泰新莊,228.0,6458,2000,8886,6239,2026-05-05
國泰新莊,227.0,6000,5350,8886,6239,2026-05-05
國泰新莊,226.0,1150,20,8886,6239,2026-05-05
國泰新莊,224.5,30,1000,8886,6239,2026-05-05
國泰新莊,223.5,11025,100,8886,6239,2026-05-05
國泰新莊,222.5,12000,2000,8886,6239,2026-05-05
國泰新莊,221.0,1000,0,8886,6239,2026-05-05
國泰新莊,220.0,0,3000,8886,6239,2026-05-05
國泰桃園,235.0,1000,0,8885,6239,2026-05-05
國泰桃園,221.0,2350,1000,8885,6239,2026-05-05
國泰桃園,222.0,2150,0,8885,6239,2026-05-05
國泰桃園,223.0,6160,0,8885,6239,2026-05-05
國泰桃園,224.0,1350,2000,8885,6239,2026-05-05
國泰桃園,225.0,4050,2100,8885,6239,2026-05-05
國泰桃園,226.0,2100,3000,8885,6239,2026-05-05
國泰台中,232.5,1400,100,8882,6239,2026-05-05
國泰桃園,227.0,10000,4200,8885,6239,2026-05-05
國泰桃園,229.0,5700,4005,8885,6239,2026-05-05
國泰桃園,230.0,2307,0,8885,6239,2026-05-05
國泰桃園,231.0,5000,100,8885,6239,2026-05-05
國泰桃園,232.0,2150,5000,8885,6239,2026-05-05
國泰桃園,233.0,2000,1000,8885,6239,2026-05-05
國泰桃園,234.0,6000,4000,8885,6239,2026-05-05
國泰桃園,228.0,6460,6360,8885,6239,2026-05-05
國泰忠孝,223.0,3080,2000,8887,6239,2026-05-05
國泰台中,231.5,1150,0,8882,6239,2026-05-05
國泰台中,229.5,2426,2100,8882,6239,2026-05-05
國泰綜合,224.5,3018,0,8880,6239,2026-05-05
國泰綜合,223.5,20020,0,8880,6239,2026-05-05
國泰綜合,222.5,12,0,8880,6239,2026-05-05
國泰綜合,221.5,1007,0,8880,6239,2026-05-05
國泰綜合,220.5,7,1000,8880,6239,2026-05-05
玉山數位,236.5,1000,0,884M,6239,2026-05-05
玉山數位,235.5,2000,0,884M,6239,2026-05-05
玉山數位,234.0,3000,0,884M,6239,2026-05-05
玉山數位,232.5,0,100,884M,6239,2026-05-05
玉山數位,231.5,470,0,884M,6239,2026-05-05
玉山數位,230.0,1160,0,884M,6239,2026-05-05
玉山數位,229.0,46,3100,884M,6239,2026-05-05
玉山數位,228.0,1130,2135,884M,6239,2026-05-05
玉山數位,227.0,1230,1051,884M,6239,2026-05-05
國泰綜合,225.5,1006,0,8880,6239,2026-05-05
玉山數位,226.0,2000,0,884M,6239,2026-05-05
玉山數位,223.5,80,3010,884M,6239,2026-05-05
玉山數位,222.5,2050,0,884M,6239,2026-05-05
玉山數位,221.0,1110,25,884M,6239,2026-05-05
玉山數位,220.0,2000,0,884M,6239,2026-05-05
玉山大里,235.5,1000,0,884J,6239,2026-05-05
玉山大里,234.5,10150,50,884J,6239,2026-05-05
玉山大里,233.0,320,1000,884J,6239,2026-05-05
玉山大里,232.0,3000,0,884J,6239,2026-05-05
玉山大里,231.0,0,1000,884J,6239,2026-05-05
玉山大里,230.0,3,50,884J,6239,2026-05-05
玉山大里,229.0,1015,2000,884J,6239,2026-05-05
玉山大里,228.0,2123,1000,884J,6239,2026-05-05
玉山大里,227.0,1000,2000,884J,6239,2026-05-05
玉山大里,226.0,0,5000,884J,6239,2026-05-05
玉山數位,224.5,270,0,884M,6239,2026-05-05
國泰綜合,227.0,4013,0,8880,6239,2026-05-05
國泰綜合,228.0,13033,101,8880,6239,2026-05-05
國泰綜合,229.0,1000,0,8880,6239,2026-05-05
國泰台中,228.5,6275,11200,8882,6239,2026-05-05
國泰台中,227.5,26836,40000,8882,6239,2026-05-05
國泰台中,226.5,17200,4000,8882,6239,2026-05-05
國泰台中,225.5,2120,3124,8882,6239,2026-05-05
國泰台中,224.5,15615,3010,8882,6239,2026-05-05
國泰台中,223.5,8134,10400,8882,6239,2026-05-05
國泰台中,222.5,3305,1050,8882,6239,2026-05-05
國泰台中,221.5,2020,170,8882,6239,2026-05-05
國泰台中,220.5,2000,4000,8882,6239,2026-05-05
國泰高雄,235.5,4000,1000,8881,6239,2026-05-05
國泰高雄,234.5,150,1000,8881,6239,2026-05-05
國泰高雄,233.0,4000,2000,8881,6239,2026-05-05
國泰高雄,232.0,9000,2000,8881,6239,2026-05-05
國泰高雄,231.0,2000,0,8881,6239,2026-05-05
國泰高雄,230.0,5200,1100,8881,6239,2026-05-05
國泰高雄,229.0,1200,8300,8881,6239,2026-05-05
國泰高雄,228.0,5005,6000,8881,6239,2026-05-05
國泰綜合,230.0,8,0,8880,6239,2026-05-05
國泰綜合,231.5,0,3000,8880,6239,2026-05-05
國泰綜合,232.5,11000,0,8880,6239,2026-05-05
國泰綜合,234.0,0,1000,8880,6239,2026-05-05
國泰綜合,235.0,5000,4000,8880,6239,2026-05-05
國泰綜合,236.0,1000,0,8880,6239,2026-05-05
國泰台中,230.5,5132,2000,8882,6239,2026-05-05
國泰高雄,220.0,3000,0,8881,6239,2026-05-05
國泰高雄,222.0,1036,0,8881,6239,2026-05-05
國泰高雄,223.0,22125,3000,8881,6239,2026-05-05
國泰高雄,224.0,2680,1105,8881,6239,2026-05-05
國泰高雄,225.0,2000,15000,8881,6239,2026-05-05
國泰高雄,226.0,1000,5000,8881,6239,2026-05-05
國泰高雄,227.0,3315,1000,8881,6239,2026-05-05
國泰高雄,221.0,2050,0,8881,6239,2026-05-05
國泰忠孝,224.0,12100,0,8887,6239,2026-05-05
國泰忠孝,225.0,0,1015,8887,6239,2026-05-05
國泰忠孝,226.0,10,2000,8887,6239,2026-05-05
群益松山,236.5,0,10000,9103,6239,2026-05-05
群益松山,235.5,0,10000,9103,6239,2026-05-05
群益松山,233.5,0,2000,9103,6239,2026-05-05
群益松山,228.5,1000,0,9103,6239,2026-05-05
群益松山,226.0,0,1000,9103,6239,2026-05-05
群益松山,224.0,0,1000,9103,6239,2026-05-05
群益松山,222.0,1000,0,9103,6239,2026-05-05
群益松山,220.0,1000,0,9103,6239,2026-05-05
群益敦南,234.5,1100,0,9101,6239,2026-05-05
群益敦南,230.5,100,0,9101,6239,2026-05-05
群益敦南,228.0,100,0,9101,6239,2026-05-05
群益敦南,227.0,2000,0,9101,6239,2026-05-05
群益敦南,225.0,60,0,9101,6239,2026-05-05
群益敦南,224.0,100,0,9101,6239,2026-05-05
群益高盛,223.0,1000,0,9105,6239,2026-05-05
群益敦南,223.0,100,1000,9101,6239,2026-05-05
群益,235.5,0,5000,9100,6239,2026-05-05
群益,234.5,1020,2000,9100,6239,2026-05-05
群益,233.5,0,5000,9100,6239,2026-05-05
群益,232.5,0,1000,9100,6239,2026-05-05
群益,231.5,1350,6000,9100,6239,2026-05-05
群益,230.5,1000,44000,9100,6239,2026-05-05
群益,229.5,2000,2000,9100,6239,2026-05-05
群益,228.5,40000,9000,9100,6239,2026-05-05
群益,227.5,56000,11000,9100,6239,2026-05-05
群益,226.5,2000,0,9100,6239,2026-05-05
群益,225.5,1051,1000,9100,6239,2026-05-05
群益,224.5,1100,5000,9100,6239,2026-05-05
群益,223.5,2000,39000,9100,6239,2026-05-05
群益,222.5,300,1000,9100,6239,2026-05-05
群益敦南,220.5,0,1000,9101,6239,2026-05-05
群益高盛,224.0,100,0,9105,6239,2026-05-05
群益高盛,227.0,0,1000,9105,6239,2026-05-05
群益高盛,228.0,0,3000,9105,6239,2026-05-05
群益民權,229.0,6100,1050,9131,6239,2026-05-05
群益民權,228.0,12050,3000,9131,6239,2026-05-05
群益民權,227.0,1100,3000,9131,6239,2026-05-05
群益民權,226.0,1000,200,9131,6239,2026-05-05
群益民權,225.0,2000,0,9131,6239,2026-05-05
群益民權,223.5,7130,320,9131,6239,2026-05-05
群益民權,222.5,0,2000,9131,6239,2026-05-05
群益民權,221.0,3100,0,9131,6239,2026-05-05
群益市府,235.5,12000,2000,910D,6239,2026-05-05
群益市府,234.0,0,1000,910D,6239,2026-05-05
群益市府,233.0,1000,0,910D,6239,2026-05-05
群益市府,231.5,1000,430,910D,6239,2026-05-05
群益市府,230.5,50,0,910D,6239,2026-05-05
群益市府,229.0,0,2000,910D,6239,2026-05-05
群益市府,228.0,0,2000,910D,6239,2026-05-05
群益市府,224.5,0,50,910D,6239,2026-05-05
群益海山,235.5,0,1000,9108,6239,2026-05-05
群益高盛,229.0,50,0,9105,6239,2026-05-05
群益高盛,230.0,100,100,9105,6239,2026-05-05
群益海山,220.5,100,0,9108,6239,2026-05-05
群益海山,221.5,1000,0,9108,6239,2026-05-05
群益海山,222.5,1000,1000,9108,6239,2026-05-05
群益海山,223.5,4110,0,9108,6239,2026-05-05
群益,221.5,2000,14000,9100,6239,2026-05-05
群益海山,224.5,100,0,9108,6239,2026-05-05
群益海山,227.5,4000,2200,9108,6239,2026-05-05
群益海山,228.5,1000,0,9108,6239,2026-05-05
群益海山,229.5,104,0,9108,6239,2026-05-05
群益海山,230.5,1000,0,9108,6239,2026-05-05
群益海山,231.5,0,100,9108,6239,2026-05-05
群益海山,234.0,0,10000,9108,6239,2026-05-05
群益海山,225.5,1000,0,9108,6239,2026-05-05
群益,220.5,1200,35000,9100,6239,2026-05-05
上海匯豐,233.5,0,1000,8960,6239,2026-05-05
上海匯豐,229.0,0,1000,8960,6239,2026-05-05
國泰館前,224.5,1320,0,888A,6239,2026-05-05
國泰館前,223.5,9022,2000,888A,6239,2026-05-05
國泰館前,222.5,7050,0,888A,6239,2026-05-05
國泰館前,221.5,1500,0,888A,6239,2026-05-05
國泰館前,220.5,3120,0,888A,6239,2026-05-05
國泰敦南,236.5,1000,1000,8888,6239,2026-05-05
國泰敦南,235.5,32000,6000,8888,6239,2026-05-05
國泰敦南,234.5,30494,5397,8888,6239,2026-05-05
國泰敦南,233.5,16000,10000,8888,6239,2026-05-05
國泰敦南,232.5,10482,3367,8888,6239,2026-05-05
國泰敦南,231.5,11001,1050,8888,6239,2026-05-05
國泰敦南,230.5,10971,1257,8888,6239,2026-05-05
國泰敦南,229.5,11107,10471,8888,6239,2026-05-05
國泰敦南,228.5,20607,23068,8888,6239,2026-05-05
國泰敦南,227.5,59375,78751,8888,6239,2026-05-05
國泰敦南,226.5,23065,71240,8888,6239,2026-05-05
國泰敦南,225.5,19922,13318,8888,6239,2026-05-05
國泰忠孝,227.0,2036,4000,8887,6239,2026-05-05
國泰忠孝,228.0,1820,3000,8887,6239,2026-05-05
國泰忠孝,229.0,50,1000,8887,6239,2026-05-05
國泰忠孝,230.0,4500,16000,8887,6239,2026-05-05
國泰忠孝,231.0,1000,0,8887,6239,2026-05-05
國泰忠孝,232.0,500,0,8887,6239,2026-05-05
國泰館前,225.5,1010,5000,888A,6239,2026-05-05
國泰忠孝,233.5,3000,0,8887,6239,2026-05-05
國泰忠孝,236.0,0,1000,8887,6239,2026-05-05
國泰敦南,220.5,24731,23500,8888,6239,2026-05-05
國泰敦南,221.5,8649,5000,8888,6239,2026-05-05
國泰敦南,222.5,33150,14554,8888,6239,2026-05-05
國泰敦南,223.5,34100,29525,8888,6239,2026-05-05
國泰敦南,224.5,19877,27883,8888,6239,2026-05-05
國泰忠孝,234.5,300,0,8887,6239,2026-05-05
群益永和,227.5,3000,0,918J,6239,2026-05-05
國泰館前,226.5,4020,3000,888A,6239,2026-05-05
國泰館前,228.5,5010,12100,888A,6239,2026-05-05
上海匯豐,227.5,0,1000,8960,6239,2026-05-05
上海匯豐,226.5,0,2000,8960,6239,2026-05-05
上海匯豐,224.5,0,2000,8960,6239,2026-05-05
上海匯豐,221.0,0,1000,8960,6239,2026-05-05
國泰新竹,230.5,5050,0,888N,6239,2026-05-05
國泰新竹,227.0,0,2000,888N,6239,2026-05-05
國泰新竹,222.5,100,5000,888N,6239,2026-05-05
國泰板橋,236.0,1000,1000,888K,6239,2026-05-05
國泰板橋,235.0,3000,0,888K,6239,2026-05-05
國泰板橋,234.0,11000,1000,888K,6239,2026-05-05
國泰板橋,233.0,5665,0,888K,6239,2026-05-05
國泰板橋,232.0,12061,7000,888K,6239,2026-05-05
國泰板橋,231.0,1000,0,888K,6239,2026-05-05
國泰板橋,230.0,5820,3476,888K,6239,2026-05-05
國泰板橋,229.0,4550,6131,888K,6239,2026-05-05
國泰板橋,228.0,15827,20500,888K,6239,2026-05-05
國泰板橋,227.0,5122,13000,888K,6239,2026-05-05
國泰館前,229.5,4391,1140,888A,6239,2026-05-05
國泰館前,230.5,8000,1150,888A,6239,2026-05-05
國泰館前,231.5,3130,1000,888A,6239,2026-05-05
國泰館前,233.0,1000,1000,888A,6239,2026-05-05
國泰館前,234.0,1000,0,888A,6239,2026-05-05
國泰館前,235.0,5000,2000,888A,6239,2026-05-05
國泰館前,227.5,10380,23000,888A,6239,2026-05-05
國泰館前,236.0,23000,5000,888A,6239,2026-05-05
國泰板橋,221.0,352,1000,888K,6239,2026-05-05
國泰板橋,222.0,2256,0,888K,6239,2026-05-05
國泰板橋,223.0,9476,3000,888K,6239,2026-05-05
國泰板橋,224.0,6900,2060,888K,6239,2026-05-05
國泰板橋,225.0,9940,7304,888K,6239,2026-05-05
國泰板橋,226.0,2000,4050,888K,6239,2026-05-05
國泰板橋,220.0,2000,2000,888K,6239,2026-05-05
統一金門,223.5,100,0,585W,6239,2026-05-05
元大草屯,224.5,2045,0,989E,6239,2026-05-05
統一金門,227.0,0,1000,585W,6239,2026-05-05
新光新竹,233.0,2000,0,8563,6239,2026-05-05
新光新竹,231.5,2100,90,8563,6239,2026-05-05
新光新竹,230.0,2220,21,8563,6239,2026-05-05
新光新竹,229.0,10000,31000,8563,6239,2026-05-05
新光新竹,228.0,1000,3218,8563,6239,2026-05-05
新光新竹,227.0,3010,5000,8563,6239,2026-05-05
新光新竹,226.0,4000,3000,8563,6239,2026-05-05
新光新竹,224.5,3000,0,8563,6239,2026-05-05
新光新竹,234.0,1000,0,8563,6239,2026-05-05
新光新竹,223.5,3000,2000,8563,6239,2026-05-05
新光新竹,221.0,2030,0,8563,6239,2026-05-05
新光高雄,235.5,2000,0,8562,6239,2026-05-05
新光高雄,234.5,2000,0,8562,6239,2026-05-05
新光高雄,233.5,1000,0,8562,6239,2026-05-05
新光高雄,231.0,1000,0,8562,6239,2026-05-05
新光高雄,230.0,20,0,8562,6239,2026-05-05
新光高雄,229.0,2000,0,8562,6239,2026-05-05
新光高雄,228.0,4200,6000,8562,6239,2026-05-05
新光新竹,222.5,300,0,8563,6239,2026-05-05
新光新竹,235.5,0,1000,8563,6239,2026-05-05
新光台南,220.5,1200,0,8564,6239,2026-05-05
新光台南,222.0,1050,0,8564,6239,2026-05-05
新光桃園,226.0,0,2000,8565,6239,2026-05-05
新光桃園,225.0,1011,0,8565,6239,2026-05-05
新光桃園,224.0,2500,0,8565,6239,2026-05-05
新光桃園,223.0,1100,1000,8565,6239,2026-05-05
新光桃園,222.0,3000,1000,8565,6239,2026-05-05
新光桃園,221.0,30,0,8565,6239,2026-05-05
新光台南,236.0,1000,0,8564,6239,2026-05-05
新光台南,235.0,3000,3000,8564,6239,2026-05-05
新光台南,234.0,1000,0,8564,6239,2026-05-05
新光台南,232.5,1000,0,8564,6239,2026-05-05
新光台南,231.5,90,0,8564,6239,2026-05-05
新光台南,230.0,85,330,8564,6239,2026-05-05
新光台南,229.0,3005,1005,8564,6239,2026-05-05
新光台南,228.0,5400,2000,8564,6239,2026-05-05
新光台南,227.0,1390,0,8564,6239,2026-05-05
新光台南,226.0,2000,2000,8564,6239,2026-05-05
新光台南,225.0,13100,10107,8564,6239,2026-05-05
新光台南,224.0,2055,0,8564,6239,2026-05-05
新光台南,223.0,5125,0,8564,6239,2026-05-05
新光高雄,227.0,4100,2000,8562,6239,2026-05-05
新光桃園,227.0,1510,2000,8565,6239,2026-05-05
新光高雄,226.0,1000,0,8562,6239,2026-05-05
新光高雄,224.0,0,2000,8562,6239,2026-05-05
新光,232.5,3000,0,8560,6239,2026-05-05
新光,231.5,1450,475,8560,6239,2026-05-05
新光,230.5,2000,1000,8560,6239,2026-05-05
新光,229.5,16975,3587,8560,6239,2026-05-05
新光,228.5,9583,19000,8560,6239,2026-05-05
新光,227.5,24240,33100,8560,6239,2026-05-05
新光,226.5,16050,10000,8560,6239,2026-05-05
新光,225.5,1200,16585,8560,6239,2026-05-05
新光,233.5,4000,0,8560,6239,2026-05-05
新光,224.5,5440,1025,8560,6239,2026-05-05
新光,222.5,8205,4030,8560,6239,2026-05-05
新光,221.5,4070,0,8560,6239,2026-05-05
新光,220.5,7001,1000,8560,6239,2026-05-05
中農,232.0,1050,0,8520,6239,2026-05-05
中農,227.5,1000,0,8520,6239,2026-05-05
中農,225.5,3,0,8520,6239,2026-05-05
京城嘉義,230.0,0,1000,8492,6239,2026-05-05
京城嘉義,224.0,1000,0,8492,6239,2026-05-05
新光,223.5,9240,15001,8560,6239,2026-05-05
新光,234.5,3060,5300,8560,6239,2026-05-05
新光,235.5,7000,1000,8560,6239,2026-05-05
新光台中,220.0,1000,0,8561,6239,2026-05-05
新光高雄,223.0,104,0,8562,6239,2026-05-05
新光高雄,222.0,2010,50,8562,6239,2026-05-05
新光高雄,221.0,281,1000,8562,6239,2026-05-05
新光高雄,220.0,1100,0,8562,6239,2026-05-05
新光台中,235.5,4000,0,8561,6239,2026-05-05
新光台中,234.5,2723,281,8561,6239,2026-05-05
新光台中,233.5,5000,5000,8561,6239,2026-05-05
新光台中,232.5,1000,2900,8561,6239,2026-05-05
新光台中,231.5,0,2020,8561,6239,2026-05-05
新光台中,230.5,10000,11,8561,6239,2026-05-05
新光台中,229.5,1000,1650,8561,6239,2026-05-05
新光台中,228.5,9120,11000,8561,6239,2026-05-05
新光台中,227.5,12100,2000,8561,6239,2026-05-05
新光台中,226.5,5000,8000,8561,6239,2026-05-05
新光台中,225.5,0,8000,8561,6239,2026-05-05
新光台中,224.5,9000,50,8561,6239,2026-05-05
新光台中,223.5,15570,1000,8561,6239,2026-05-05
新光台中,222.5,15130,15250,8561,6239,2026-05-05
新光台中,221.5,290,1000,8561,6239,2026-05-05
新光高雄,225.0,3100,1000,8562,6239,2026-05-05
京城,232.0,3000,0,8490,6239,2026-05-05
新光桃園,228.0,2120,3000,8565,6239,2026-05-05
新光桃園,230.0,500,2500,8565,6239,2026-05-05
玉山,223.0,2006,1000,8840,6239,2026-05-05
玉山,222.0,50,0,8840,6239,2026-05-05
玉山,221.0,13000,0,8840,6239,2026-05-05
玉山,220.0,6000,0,8840,6239,2026-05-05
陽信台南,228.0,1000,0,8714,6239,2026-05-05
陽信高雄,230.0,1000,0,8713,6239,2026-05-05
陽信高雄,220.0,1000,0,8713,6239,2026-05-05
陽信石牌,233.5,0,1000,8711,6239,2026-05-05
玉山,224.0,2260,0,8840,6239,2026-05-05
陽信石牌,232.0,0,1000,8711,6239,2026-05-05
陽信石牌,223.0,1000,0,8711,6239,2026-05-05
陽信,236.5,0,1000,8710,6239,2026-05-05
陽信,233.5,1000,0,8710,6239,2026-05-05
陽信,229.5,0,2100,8710,6239,2026-05-05
陽信,220.5,1000,0,8710,6239,2026-05-05
聯邦台南,234.0,0,1000,8588,6239,2026-05-05
聯邦台南,228.5,1000,1000,8588,6239,2026-05-05
聯邦台南,227.5,0,1000,8588,6239,2026-05-05
陽信石牌,226.0,0,1000,8711,6239,2026-05-05
玉山,225.0,0,110,8840,6239,2026-05-05
玉山,226.0,5006,1000,8840,6239,2026-05-05
玉山,227.0,3200,3000,8840,6239,2026-05-05
玉山新莊,221.0,2100,2000,8842,6239,2026-05-05
玉山雙和,236.0,0,1000,8841,6239,2026-05-05
玉山雙和,233.0,200,0,8841,6239,2026-05-05
玉山雙和,232.0,300,150,8841,6239,2026-05-05
玉山雙和,229.5,100,0,8841,6239,2026-05-05
玉山雙和,228.5,6000,0,8841,6239,2026-05-05
玉山雙和,227.5,3000,1000,8841,6239,2026-05-05
玉山雙和,226.5,1000,1000,8841,6239,2026-05-05
玉山雙和,225.0,0,1000,8841,6239,2026-05-05
玉山雙和,223.5,6000,1000,8841,6239,2026-05-05
玉山雙和,222.0,4050,0,8841,6239,2026-05-05
玉山,235.0,3000,0,8840,6239,2026-05-05
玉山,234.0,2000,0,8840,6239,2026-05-05
玉山,233.0,1350,0,8840,6239,2026-05-05
玉山,232.0,1000,1000,8840,6239,2026-05-05
玉山,231.0,100,1000,8840,6239,2026-05-05
玉山,230.0,5045,2200,8840,6239,2026-05-05
玉山,229.0,5100,7000,8840,6239,2026-05-05
玉山,228.0,14031,2000,8840,6239,2026-05-05
聯邦台南,226.0,1000,1000,8588,6239,2026-05-05
新光桃園,229.0,39,1250,8565,6239,2026-05-05
聯邦台南,223.0,1000,0,8588,6239,2026-05-05
聯邦興中,227.0,0,1,8587,6239,2026-05-05
聯邦雙和,223.5,0,50,8584,6239,2026-05-05
聯邦雙和,222.5,1000,1000,8584,6239,2026-05-05
聯邦忠孝,235.0,1000,0,8583,6239,2026-05-05
聯邦忠孝,229.0,100,0,8583,6239,2026-05-05
聯邦忠孝,221.5,0,1,8583,6239,2026-05-05
聯邦嘉義,234.5,1000,0,8582,6239,2026-05-05
聯邦嘉義,229.0,1000,0,8582,6239,2026-05-05
聯邦嘉義,222.0,1000,0,8582,6239,2026-05-05
聯邦雙和,226.5,1000,0,8584,6239,2026-05-05
聯邦高雄,230.0,50,200,8581,6239,2026-05-05
聯邦高雄,225.0,100,0,8581,6239,2026-05-05
聯邦,230.0,0,10,8580,6239,2026-05-05
聯邦,225.0,1000,0,8580,6239,2026-05-05
聯邦,223.5,0,1000,8580,6239,2026-05-05
新光桃園,235.0,13000,0,8565,6239,2026-05-05
新光桃園,233.5,1000,0,8565,6239,2026-05-05
新光桃園,232.0,20,6550,8565,6239,2026-05-05
新光桃園,231.0,2000,300,8565,6239,2026-05-05
聯邦高雄,228.0,0,100,8581,6239,2026-05-05
聯邦雙和,228.0,1000,0,8584,6239,2026-05-05
聯邦雙和,230.0,1000,0,8584,6239,2026-05-05
聯邦雙和,232.0,3000,0,8584,6239,2026-05-05
聯邦興中,224.5,10,0,8587,6239,2026-05-05
聯邦興中,222.0,1000,0,8587,6239,2026-05-05
聯邦興中,220.5,5,0,8587,6239,2026-05-05
聯邦大業,233.0,1000,0,8586,6239,2026-05-05
聯邦大業,230.0,1800,1000,8586,6239,2026-05-05
聯邦大業,228.5,0,1200,8586,6239,2026-05-05
聯邦大業,227.5,0,1000,8586,6239,2026-05-05
聯邦大業,226.0,1000,0,8586,6239,2026-05-05
聯邦大業,224.5,2002,0,8586,6239,2026-05-05
聯邦大業,223.5,1,0,8586,6239,2026-05-05
聯邦大業,222.5,100,0,8586,6239,2026-05-05
聯邦大業,221.0,120,0,8586,6239,2026-05-05
聯邦三重,232.5,1000,0,8585,6239,2026-05-05
聯邦三重,228.5,0,1000,8585,6239,2026-05-05
聯邦三重,227.0,10,5000,8585,6239,2026-05-05
聯邦三重,225.0,1000,0,8585,6239,2026-05-05
聯邦三重,222.0,50,0,8585,6239,2026-05-05
聯邦三重,220.0,2000,0,8585,6239,2026-05-05
聯邦雙和,234.0,1000,0,8584,6239,2026-05-05
聯邦興中,229.5,200,2,8587,6239,2026-05-05
京城,228.5,0,1000,8490,6239,2026-05-05
京城,226.5,100,0,8490,6239,2026-05-05
康和屏東,233.5,0,1000,845X,6239,2026-05-05
國票安和,232.0,29000,1000,779Z,6239,2026-05-05
國票安和,231.0,61000,2000,779Z,6239,2026-05-05
國票安和,230.0,2100,0,779Z,6239,2026-05-05
國票安和,229.0,2000,0,779Z,6239,2026-05-05
國票安和,227.5,1000,1000,779Z,6239,2026-05-05
國票安和,226.0,1000,0,779Z,6239,2026-05-05
國票安和,225.0,3000,10000,779Z,6239,2026-05-05
國票安和,224.0,1000,0,779Z,6239,2026-05-05
國票安和,233.0,11000,0,779Z,6239,2026-05-05
國票安和,222.5,5000,0,779Z,6239,2026-05-05
國票安和,220.0,3000,0,779Z,6239,2026-05-05
國票博愛,234.5,0,1000,779z,6239,2026-05-05
國票博愛,231.0,2000,0,779z,6239,2026-05-05
國票博愛,229.5,1000,999,779z,6239,2026-05-05
國票博愛,228.5,2000,0,779z,6239,2026-05-05
國票博愛,227.5,7000,0,779z,6239,2026-05-05
國票博愛,226.5,0,1000,779z,6239,2026-05-05
國票博愛,222.5,2000,1000,779z,6239,2026-05-05
國票安和,221.0,3000,0,779Z,6239,2026-05-05
國票安和,234.0,1000,0,779Z,6239,2026-05-05
國票安和,235.0,1000,0,779Z,6239,2026-05-05
國票安和,236.0,12000,0,779Z,6239,2026-05-05
摩根大通,226.0,0,216000,8440,6239,2026-05-05
摩根大通,225.0,0,118000,8440,6239,2026-05-05
摩根大通,224.0,0,32000,8440,6239,2026-05-05
摩根大通,223.0,1000,193000,8440,6239,2026-05-05
摩根大通,222.0,5000,50995,8440,6239,2026-05-05
摩根大通,221.0,0,104000,8440,6239,2026-05-05
摩根大通,220.0,0,76000,8440,6239,2026-05-05
安泰楠梓,232.5,0,1000,8382,6239,2026-05-05
安泰楠梓,227.5,0,2000,8382,6239,2026-05-05
安泰楠梓,222.5,1000,0,8382,6239,2026-05-05
安泰大發,235.5,1000,0,8381,6239,2026-05-05
安泰大發,231.0,1000,0,8381,6239,2026-05-05
安泰大發,230.0,50,0,8381,6239,2026-05-05
安泰大發,228.0,0,2000,8381,6239,2026-05-05
安泰大發,224.5,2000,0,8381,6239,2026-05-05
安泰,232.5,3000,0,8380,6239,2026-05-05
安泰,230.0,1000,0,8380,6239,2026-05-05
安泰,227.0,0,5000,8380,6239,2026-05-05
安泰,225.0,100,0,8380,6239,2026-05-05
國票博愛,221.0,1000,0,779z,6239,2026-05-05
摩根大通,227.0,0,268000,8440,6239,2026-05-05
國票中和,235.0,0,1000,779X,6239,2026-05-05
國票中和,229.0,0,1000,779X,6239,2026-05-05
國票台中,233.5,0,2000,779v,6239,2026-05-05
國票台中,232.5,8,0,779v,6239,2026-05-05
國票台中,230.0,1000,0,779v,6239,2026-05-05
國票台中,229.0,0,2000,779v,6239,2026-05-05
國票台中,227.5,0,1000,779v,6239,2026-05-05
國票台中,226.5,2000,0,779v,6239,2026-05-05
國票台中,225.5,0,7000,779v,6239,2026-05-05
國票台中,224.0,8,0,779v,6239,2026-05-05
國票台中,234.5,0,6000,779v,6239,2026-05-05
國票台中,222.0,0,1000,779v,6239,2026-05-05
國票長城,234.0,0,4000,779u,6239,2026-05-05
國票長城,233.0,1000,0,779u,6239,2026-05-05
國票長城,228.0,1000,1000,779u,6239,2026-05-05
國票長城,227.0,1000,3000,779u,6239,2026-05-05
國票長城,226.0,1000,0,779u,6239,2026-05-05
國票長城,221.0,1000,0,779u,6239,2026-05-05
國票桃園,229.0,0,2000,779r,6239,2026-05-05
國票桃園,225.0,2000,0,779r,6239,2026-05-05
國票長城,235.0,0,4000,779u,6239,2026-05-05
國票天祥,220.0,2000,0,779V,6239,2026-05-05
國票天祥,221.5,1000,0,779V,6239,2026-05-05
國票天祥,223.5,1000,500,779V,6239,2026-05-05
國票中和,227.0,0,1100,779X,6239,2026-05-05
國票中和,225.0,0,1000,779X,6239,2026-05-05
國票中和,224.0,1000,0,779X,6239,2026-05-05
國票中和,222.5,100,0,779X,6239,2026-05-05
國票中和,220.0,1000,0,779X,6239,2026-05-05
國票彰化,235.0,0,1000,779W,6239,2026-05-05
國票彰化,232.5,0,1000,779W,6239,2026-05-05
國票彰化,228.5,0,300,779W,6239,2026-05-05
國票彰化,227.5,0,2000,779W,6239,2026-05-05
國票彰化,224.5,3000,0,779W,6239,2026-05-05
國票彰化,222.5,0,1000,779W,6239,2026-05-05
國票天祥,235.0,0,1000,779V,6239,2026-05-05
國票天祥,234.0,1000,0,779V,6239,2026-05-05
國票天祥,231.0,300,0,779V,6239,2026-05-05
國票天祥,230.0,0,120,779V,6239,2026-05-05
國票天祥,228.5,199,2000,779V,6239,2026-05-05
國票天祥,227.5,100,1000,779V,6239,2026-05-05
國票天祥,226.5,0,1000,779V,6239,2026-05-05
國票天祥,224.5,1000,0,779V,6239,2026-05-05
國票中和,233.0,3000,0,779X,6239,2026-05-05
摩根大通,228.0,57000,301000,8440,6239,2026-05-05
摩根大通,229.0,7000,152000,8440,6239,2026-05-05
摩根大通,230.0,1700,45351,8440,6239,2026-05-05
康和板橋,224.0,0,1000,845D,6239,2026-05-05
康和板橋,221.0,1000,0,845D,6239,2026-05-05
康和永和,231.5,2000,0,845B,6239,2026-05-05
康和永和,228.0,0,1000,845B,6239,2026-05-05
康和永和,227.0,1000,0,845B,6239,2026-05-05
康和永和,223.5,20,0,845B,6239,2026-05-05
康和永和,221.5,20,0,845B,6239,2026-05-05
康和永和,220.5,1000,0,845B,6239,2026-05-05
康和板橋,227.0,50,0,845D,6239,2026-05-05
康和內湖,232.5,10000,0,845A,6239,2026-05-05
康和內湖,229.0,1000,5000,845A,6239,2026-05-05
康和內湖,227.5,1000,1000,845A,6239,2026-05-05
康和內湖,226.0,2000,0,845A,6239,2026-05-05
康和內湖,224.0,1000,0,845A,6239,2026-05-05
康和內湖,221.5,0,299,845A,6239,2026-05-05
康和內湖,220.5,0,2000,845A,6239,2026-05-05
康和嘉義,235.0,1000,0,8459,6239,2026-05-05
康和嘉義,233.5,0,1000,8459,6239,2026-05-05
康和內湖,231.0,0,50,845A,6239,2026-05-05
康和板橋,234.0,1000,0,845D,6239,2026-05-05
康和澎湖,226.5,110,0,845E,6239,2026-05-05
康和仁愛,223.5,1000,0,845F,6239,2026-05-05
康和台北,232.0,3000,0,845U,6239,2026-05-05
康和台北,228.0,1000,0,845U,6239,2026-05-05
康和台北,227.0,100,0,845U,6239,2026-05-05
康和台北,226.0,0,30,845U,6239,2026-05-05
康和台北,223.5,100,0,845U,6239,2026-05-05
康和南崁,225.0,1000,0,845S,6239,2026-05-05
康和南崁,221.0,1000,0,845S,6239,2026-05-05
康和石牌,220.5,1000,0,845R,6239,2026-05-05
康和高雄,229.5,8,0,845J,6239,2026-05-05
康和高雄,228.5,50,0,845J,6239,2026-05-05
康和高雄,227.5,0,2000,845J,6239,2026-05-05
康和高雄,226.5,1000,3000,845J,6239,2026-05-05
康和高雄,225.5,1000,0,845J,6239,2026-05-05
康和高雄,224.0,2,0,845J,6239,2026-05-05
康和高雄,220.5,2000,2000,845J,6239,2026-05-05
康和仁愛,234.5,0,10000,845F,6239,2026-05-05
康和仁愛,230.5,10000,0,845F,6239,2026-05-05
康和仁愛,228.5,1000,0,845F,6239,2026-05-05
康和仁愛,227.0,1000,0,845F,6239,2026-05-05
康和嘉義,231.5,1000,0,8459,6239,2026-05-05
康和嘉義,230.0,0,1000,8459,6239,2026-05-05
康和嘉義,228.5,0,1000,8459,6239,2026-05-05
康和嘉義,227.5,100,0,8459,6239,2026-05-05
康和台中,222.5,1000,0,8455,6239,2026-05-05
康和延平,235.5,0,4000,8451,6239,2026-05-05
康和延平,230.0,1000,0,8451,6239,2026-05-05
康和延平,227.0,1000,1000,8451,6239,2026-05-05
康和延平,224.5,2000,0,8451,6239,2026-05-05
康和延平,223.0,1000,0,8451,6239,2026-05-05
康和延平,220.5,2000,0,8451,6239,2026-05-05
康和,234.0,1000,1000,8450,6239,2026-05-05
康和,229.5,80,0,8450,6239,2026-05-05
康和,228.5,5,1000,8450,6239,2026-05-05
康和,227.5,2000,0,8450,6239,2026-05-05
康和,225.5,1000,2000,8450,6239,2026-05-05
康和,222.0,5,0,8450,6239,2026-05-05
摩根大通,236.0,0,5000,8440,6239,2026-05-05
摩根大通,235.0,0,8000,8440,6239,2026-05-05
摩根大通,234.0,0,4000,8440,6239,2026-05-05
摩根大通,233.0,52000,12000,8440,6239,2026-05-05
摩根大通,232.0,21000,5000,8440,6239,2026-05-05
摩根大通,231.0,16000,25000,8440,6239,2026-05-05
康和台中,225.0,0,1000,8455,6239,2026-05-05
玉山新莊,222.0,1010,0,8842,6239,2026-05-05
康和台中,226.5,10000,0,8455,6239,2026-05-05
康和台中,228.5,1000,1000,8455,6239,2026-05-05
康和嘉義,226.5,1000,0,8459,6239,2026-05-05
康和嘉義,225.0,0,7000,8459,6239,2026-05-05
康和嘉義,224.0,1000,0,8459,6239,2026-05-05
康和嘉義,223.0,1000,1000,8459,6239,2026-05-05
康和台南,236.0,1000,0,8458,6239,2026-05-05
康和台南,235.0,2000,0,8458,6239,2026-05-05
康和台南,230.5,0,200,8458,6239,2026-05-05
康和台南,228.0,1000,2000,8458,6239,2026-05-05
康和台南,227.0,2000,0,8458,6239,2026-05-05
康和台南,225.0,1000,0,8458,6239,2026-05-05
康和台南,224.0,5000,0,8458,6239,2026-05-05
康和台南,223.0,5000,0,8458,6239,2026-05-05
康和台南,222.0,101,0,8458,6239,2026-05-05
康和台南,221.0,100,0,8458,6239,2026-05-05
康和新竹,231.5,0,1000,8456,6239,2026-05-05
康和新竹,227.5,0,1000,8456,6239,2026-05-05
康和台中,234.5,1000,0,8455,6239,2026-05-05
康和台中,231.0,1000,0,8455,6239,2026-05-05
康和台中,229.5,80,0,8455,6239,2026-05-05
康和台中,227.5,0,1000,8455,6239,2026-05-05
國票桃園,223.5,500,0,779r,6239,2026-05-05
玉山新莊,223.0,2150,0,8842,6239,2026-05-05
玉山新莊,225.5,1050,1000,8842,6239,2026-05-05
國泰松江,229.0,4000,9000,8883,6239,2026-05-05
國泰松江,228.0,2130,7000,8883,6239,2026-05-05
國泰松江,227.0,6000,4000,8883,6239,2026-05-05
國泰松江,226.0,5000,1000,8883,6239,2026-05-05
國泰松江,225.0,30010,0,8883,6239,2026-05-05
國泰松江,224.0,4100,1017,8883,6239,2026-05-05
國泰松江,223.0,33380,0,8883,6239,2026-05-05
國泰松江,222.0,550,0,8883,6239,2026-05-05
國泰松江,230.0,6287,1000,8883,6239,2026-05-05
國泰松江,221.0,1020,0,8883,6239,2026-05-05
國泰台中,236.0,3000,0,8882,6239,2026-05-05
國泰台中,235.0,3000,2000,8882,6239,2026-05-05
國泰台中,234.0,4150,2000,8882,6239,2026-05-05
國泰台中,233.0,5130,1000,8882,6239,2026-05-05
國泰台中,232.0,7005,1600,8882,6239,2026-05-05
國泰台中,231.0,3,130,8882,6239,2026-05-05
國泰台中,230.0,14466,4755,8882,6239,2026-05-05
國泰台中,229.0,2342,6021,8882,6239,2026-05-05
國泰松江,220.0,1000,0,8883,6239,2026-05-05
國泰松江,231.5,1000,0,8883,6239,2026-05-05
國泰松江,233.0,3000,0,8883,6239,2026-05-05
國泰松江,234.5,1000,5,8883,6239,2026-05-05
國泰桃園,222.5,3095,1000,8885,6239,2026-05-05
國泰桃園,221.5,50,2000,8885,6239,2026-05-05
國泰桃園,220.5,2000,367,8885,6239,2026-05-05
國泰台南,236.0,2000,0,8884,6239,2026-05-05
國泰台南,235.0,5000,2000,8884,6239,2026-05-05
國泰台南,234.0,1000,2000,8884,6239,2026-05-05
國泰台南,232.5,1020,220,8884,6239,2026-05-05
國泰台南,231.5,320,0,8884,6239,2026-05-05
國泰台南,230.5,1000,50,8884,6239,2026-05-05
國泰台南,229.5,100,50,8884,6239,2026-05-05
國泰台南,228.5,3112,2200,8884,6239,2026-05-05
國泰台南,227.5,4171,1000,8884,6239,2026-05-05
國泰台南,226.5,1000,1020,8884,6239,2026-05-05
國泰台南,225.5,0,2000,8884,6239,2026-05-05
國泰台南,224.5,1645,1000,8884,6239,2026-05-05
國泰台南,223.5,2150,11000,8884,6239,2026-05-05
國泰台南,222.5,2144,0,8884,6239,2026-05-05
國泰台南,220.5,2500,1000,8884,6239,2026-05-05
國泰松江,235.5,3000,1000,8883,6239,2026-05-05
國泰台中,228.0,13678,6200,8882,6239,2026-05-05
國泰桃園,223.5,4550,1000,8885,6239,2026-05-05
國泰台中,227.0,12150,5100,8882,6239,2026-05-05
國泰台中,225.0,2339,5000,8882,6239,2026-05-05
國泰綜合,233.0,7,2000,8880,6239,2026-05-05
國泰綜合,232.0,11000,0,8880,6239,2026-05-05
國泰綜合,230.5,5006,0,8880,6239,2026-05-05
國泰綜合,229.5,1016,0,8880,6239,2026-05-05
國泰綜合,228.5,1039,0,8880,6239,2026-05-05
國泰綜合,227.5,3062,1000,8880,6239,2026-05-05
國泰綜合,226.0,6,0,8880,6239,2026-05-05
國泰綜合,225.0,2013,1000,8880,6239,2026-05-05
國泰綜合,234.5,1018,0,8880,6239,2026-05-05
國泰綜合,224.0,11019,5000,8880,6239,2026-05-05
國泰綜合,222.0,1012,0,8880,6239,2026-05-05
國泰綜合,221.0,1106,1000,8880,6239,2026-05-05
國泰綜合,220.0,0,1000,8880,6239,2026-05-05
玉山數位,236.0,4000,0,884M,6239,2026-05-05
玉山數位,234.5,1230,0,884M,6239,2026-05-05
玉山數位,233.0,1015,0,884M,6239,2026-05-05
玉山數位,232.0,0,2000,884M,6239,2026-05-05
玉山數位,230.5,1000,1000,884M,6239,2026-05-05
國泰綜合,223.0,1006,0,8880,6239,2026-05-05
國泰綜合,235.5,1000,0,8880,6239,2026-05-05
國泰綜合,237.0,1000,0,8880,6239,2026-05-05
國泰高雄,220.5,4027,4000,8881,6239,2026-05-05
國泰台中,224.0,6425,16015,8882,6239,2026-05-05
國泰台中,223.0,11600,3000,8882,6239,2026-05-05
國泰台中,222.0,2536,2000,8882,6239,2026-05-05
國泰台中,221.0,4110,3000,8882,6239,2026-05-05
國泰高雄,236.0,0,1000,8881,6239,2026-05-05
國泰高雄,235.0,2000,1000,8881,6239,2026-05-05
國泰高雄,234.0,6000,0,8881,6239,2026-05-05
國泰高雄,232.5,10,2000,8881,6239,2026-05-05
國泰高雄,231.5,1003,4000,8881,6239,2026-05-05
國泰高雄,230.5,9000,0,8881,6239,2026-05-05
國泰高雄,229.5,475,4000,8881,6239,2026-05-05
國泰高雄,228.5,55150,0,8881,6239,2026-05-05
國泰高雄,227.5,4055,3000,8881,6239,2026-05-05
國泰高雄,226.5,2000,2000,8881,6239,2026-05-05
國泰高雄,225.5,34000,2000,8881,6239,2026-05-05
國泰高雄,224.5,8700,0,8881,6239,2026-05-05
國泰高雄,223.5,4030,6000,8881,6239,2026-05-05
國泰高雄,222.5,42,0,8881,6239,2026-05-05
國泰高雄,221.5,122,1000,8881,6239,2026-05-05
國泰台中,226.0,4110,2050,8882,6239,2026-05-05
玉山數位,229.5,400,1000,884M,6239,2026-05-05
國泰桃園,224.5,2100,2000,8885,6239,2026-05-05
國泰桃園,226.5,8000,3000,8885,6239,2026-05-05
國泰館前,228.0,7150,6300,888A,6239,2026-05-05
國泰館前,227.0,7460,20,888A,6239,2026-05-05
國泰館前,226.0,4065,2050,888A,6239,2026-05-05
國泰館前,225.0,8010,104,888A,6239,2026-05-05
國泰館前,224.0,9036,4000,888A,6239,2026-05-05
國泰館前,223.0,15481,0,888A,6239,2026-05-05
國泰館前,222.0,4030,0,888A,6239,2026-05-05
國泰館前,221.0,289,50,888A,6239,2026-05-05
國泰館前,229.0,4400,0,888A,6239,2026-05-05
國泰館前,220.0,1000,0,888A,6239,2026-05-05
國泰敦南,235.0,34000,10000,8888,6239,2026-05-05
國泰敦南,234.0,72000,10100,8888,6239,2026-05-05
國泰敦南,233.0,19997,8022,8888,6239,2026-05-05
國泰敦南,232.0,40051,9338,8888,6239,2026-05-05
國泰敦南,231.0,5410,2945,8888,6239,2026-05-05
國泰敦南,230.0,22128,32654,8888,6239,2026-05-05
國泰敦南,229.0,34612,42500,8888,6239,2026-05-05
國泰敦南,228.0,57992,61878,8888,6239,2026-05-05
國泰敦南,236.0,5000,6000,8888,6239,2026-05-05
國泰館前,230.0,2350,3005,888A,6239,2026-05-05
國泰館前,231.0,6030,0,888A,6239,2026-05-05
國泰館前,232.0,8000,0,888A,6239,2026-05-05
國泰板橋,234.5,6005,6000,888K,6239,2026-05-05
國泰板橋,233.5,5000,0,888K,6239,2026-05-05
國泰板橋,232.5,4050,0,888K,6239,2026-05-05
國泰板橋,231.5,2421,0,888K,6239,2026-05-05
國泰板橋,230.5,2421,1000,888K,6239,2026-05-05
國泰板橋,229.5,3166,1936,888K,6239,2026-05-05
國泰板橋,228.5,1977,4139,888K,6239,2026-05-05
國泰板橋,227.5,4356,3000,888K,6239,2026-05-05
國泰板橋,226.5,6100,7000,888K,6239,2026-05-05
國泰板橋,225.5,105,13050,888K,6239,2026-05-05
國泰板橋,224.5,4353,2000,888K,6239,2026-05-05
國泰板橋,223.5,5375,5000,888K,6239,2026-05-05
國泰板橋,222.5,4232,4100,888K,6239,2026-05-05
國泰板橋,221.5,8142,2000,888K,6239,2026-05-05
國泰板橋,220.5,18140,3000,888K,6239,2026-05-05
國泰館前,236.5,1000,0,888A,6239,2026-05-05
國泰館前,235.5,9000,0,888A,6239,2026-05-05
國泰館前,234.5,3342,2100,888A,6239,2026-05-05
國泰館前,233.5,1000,0,888A,6239,2026-05-05
國泰敦南,227.0,42037,32223,8888,6239,2026-05-05
國泰桃園,225.5,3000,11291,8885,6239,2026-05-05
國泰敦南,226.0,17477,14375,8888,6239,2026-05-05
國泰敦南,224.0,46929,22391,8888,6239,2026-05-05
國泰新莊,229.5,1003,1030,8886,6239,2026-05-05
國泰新莊,228.5,920,3000,8886,6239,2026-05-05
國泰新莊,227.5,2020,7000,8886,6239,2026-05-05
國泰新莊,226.5,2100,29000,8886,6239,2026-05-05
國泰新莊,225.0,4000,2500,8886,6239,2026-05-05
國泰新莊,224.0,1060,1000,8886,6239,2026-05-05
國泰新莊,223.0,5000,0,8886,6239,2026-05-05
國泰新莊,221.5,6000,0,8886,6239,2026-05-05
國泰新莊,230.5,1000,0,8886,6239,2026-05-05
國泰新莊,220.5,2000,0,8886,6239,2026-05-05
國泰桃園,234.5,186,2024,8885,6239,2026-05-05
國泰桃園,233.5,3000,0,8885,6239,2026-05-05
國泰桃園,232.5,200,1,8885,6239,2026-05-05
國泰桃園,231.5,1200,0,8885,6239,2026-05-05
國泰桃園,230.5,3000,1010,8885,6239,2026-05-05
國泰桃園,229.5,1320,709,8885,6239,2026-05-05
國泰桃園,228.5,1200,10230,8885,6239,2026-05-05
國泰桃園,227.5,4154,4276,8885,6239,2026-05-05
國泰桃園,236.0,0,1000,8885,6239,2026-05-05
國泰新莊,232.0,1000,3000,8886,6239,2026-05-05
國泰新莊,233.0,1050,1000,8886,6239,2026-05-05
國泰新莊,234.5,3100,3150,8886,6239,2026-05-05
國泰敦南,223.0,49871,8660,8888,6239,2026-05-05
國泰敦南,222.0,29655,4582,8888,6239,2026-05-05
國泰敦南,221.0,14989,7051,8888,6239,2026-05-05
國泰敦南,220.0,14000,0,8888,6239,2026-05-05
國泰忠孝,235.5,2000,0,8887,6239,2026-05-05
國泰忠孝,234.0,4000,0,8887,6239,2026-05-05
國泰忠孝,233.0,100,0,8887,6239,2026-05-05
國泰忠孝,231.5,4903,0,8887,6239,2026-05-05
國泰忠孝,230.5,1000,0,8887,6239,2026-05-05
國泰忠孝,229.5,3000,4000,8887,6239,2026-05-05
國泰忠孝,228.5,1010,3000,8887,6239,2026-05-05
國泰忠孝,227.5,0,8000,8887,6239,2026-05-05
國泰忠孝,226.5,1000,0,8887,6239,2026-05-05
國泰忠孝,225.5,0,1000,8887,6239,2026-05-05
國泰忠孝,224.5,3456,0,8887,6239,2026-05-05
國泰忠孝,223.5,1000,10000,8887,6239,2026-05-05
國泰忠孝,222.0,4000,0,8887,6239,2026-05-05
國泰忠孝,220.0,1000,0,8887,6239,2026-05-05
國泰新莊,235.5,2000,2000,8886,6239,2026-05-05
國泰敦南,225.0,34392,22628,8888,6239,2026-05-05
玉山數位,228.5,1369,0,884M,6239,2026-05-05
玉山數位,227.5,1450,7025,884M,6239,2026-05-05
玉山數位,226.5,1000,1000,884M,6239,2026-05-05
玉山嘉義,232.0,1000,1000,8848,6239,2026-05-05
玉山嘉義,230.5,1000,0,8848,6239,2026-05-05
玉山嘉義,229.0,3000,0,8848,6239,2026-05-05
玉山嘉義,227.5,100,19000,8848,6239,2026-05-05
玉山嘉義,226.5,7000,0,8848,6239,2026-05-05
玉山嘉義,225.5,1000,0,8848,6239,2026-05-05
玉山嘉義,224.5,9050,0,8848,6239,2026-05-05
玉山嘉義,223.5,2020,0,8848,6239,2026-05-05
玉山嘉義,233.5,1000,0,8848,6239,2026-05-05
玉山嘉義,222.5,2000,3000,8848,6239,2026-05-05
玉山台南,235.5,1000,0,8847,6239,2026-05-05
玉山台南,234.5,200,3250,8847,6239,2026-05-05
玉山台南,233.0,3000,0,8847,6239,2026-05-05
玉山台南,232.0,2300,1000,8847,6239,2026-05-05
玉山台南,231.0,0,2000,8847,6239,2026-05-05
玉山台南,230.0,2012,1500,8847,6239,2026-05-05
玉山台南,229.0,0,5000,8847,6239,2026-05-05
玉山台南,228.0,2106,5000,8847,6239,2026-05-05
玉山嘉義,221.0,120,0,8848,6239,2026-05-05
玉山嘉義,235.0,6000,1000,8848,6239,2026-05-05
玉山景美,220.5,0,9000,8849,6239,2026-05-05
玉山景美,222.5,0,1000,8849,6239,2026-05-05
玉山台中,221.0,1000,0,884B,6239,2026-05-05
玉山台中,220.0,1080,0,884B,6239,2026-05-05
玉山士林,235.5,0,1000,884A,6239,2026-05-05
玉山士林,234.0,0,1000,884A,6239,2026-05-05
玉山士林,232.0,1100,3110,884A,6239,2026-05-05
玉山士林,229.5,2150,1000,884A,6239,2026-05-05
玉山士林,228.5,9020,1000,884A,6239,2026-05-05
玉山士林,227.5,0,2000,884A,6239,2026-05-05
玉山士林,226.5,0,41000,884A,6239,2026-05-05
玉山士林,225.0,1000,0,884A,6239,2026-05-05
玉山士林,223.5,2010,0,884A,6239,2026-05-05
玉山士林,222.0,4000,0,884A,6239,2026-05-05
玉山景美,235.0,2000,0,8849,6239,2026-05-05
玉山景美,234.0,0,1000,8849,6239,2026-05-05
玉山景美,230.5,1000,0,8849,6239,2026-05-05
玉山景美,229.5,0,1000,8849,6239,2026-05-05
玉山景美,228.5,1,0,8849,6239,2026-05-05
玉山景美,227.5,100,0,8849,6239,2026-05-05
玉山景美,226.5,5000,0,8849,6239,2026-05-05
玉山台南,227.0,2100,1000,8847,6239,2026-05-05
玉山台中,222.5,2000,100,884B,6239,2026-05-05
玉山台南,226.0,1000,0,8847,6239,2026-05-05
玉山台南,223.5,4,30,8847,6239,2026-05-05
玉山高雄,228.0,2065,2200,8843,6239,2026-05-05
玉山高雄,227.0,2000,1000,8843,6239,2026-05-05
玉山高雄,226.0,0,1000,8843,6239,2026-05-05
玉山高雄,225.0,3000,6000,8843,6239,2026-05-05
玉山高雄,224.0,2830,1000,8843,6239,2026-05-05
玉山高雄,223.0,3358,0,8843,6239,2026-05-05
玉山高雄,222.0,2025,0,8843,6239,2026-05-05
玉山高雄,221.0,600,0,8843,6239,2026-05-05
玉山高雄,229.0,0,2300,8843,6239,2026-05-05
玉山高雄,220.0,2000,0,8843,6239,2026-05-05
玉山新莊,234.5,4100,1000,8842,6239,2026-05-05
玉山新莊,233.5,2000,2000,8842,6239,2026-05-05
玉山新莊,232.0,0,1100,8842,6239,2026-05-05
玉山新莊,230.5,1001,300,8842,6239,2026-05-05
玉山新莊,229.5,50,0,8842,6239,2026-05-05
玉山新莊,228.5,1104,3140,8842,6239,2026-05-05
玉山新莊,227.5,5005,1000,8842,6239,2026-05-05
玉山新莊,226.5,1000,1000,8842,6239,2026-05-05
玉山新莊,236.0,1000,0,8842,6239,2026-05-05
玉山高雄,230.0,1120,1150,8843,6239,2026-05-05
玉山高雄,231.0,1000,0,8843,6239,2026-05-05
玉山高雄,232.5,1000,0,8843,6239,2026-05-05
玉山台南,222.5,2300,26,8847,6239,2026-05-05
玉山台南,221.5,2000,0,8847,6239,2026-05-05
玉山台南,220.5,20,0,8847,6239,2026-05-05
玉山板橋,236.0,0,2000,8846,6239,2026-05-05
玉山板橋,234.0,1000,0,8846,6239,2026-05-05
玉山板橋,233.0,2000,0,8846,6239,2026-05-05
玉山板橋,231.5,5,0,8846,6239,2026-05-05
玉山板橋,230.5,1005,0,8846,6239,2026-05-05
玉山板橋,229.5,1000,0,8846,6239,2026-05-05
玉山板橋,228.5,1250,200,8846,6239,2026-05-05
玉山板橋,227.5,2100,2000,8846,6239,2026-05-05
玉山板橋,226.5,0,2000,8846,6239,2026-05-05
玉山板橋,225.5,100,0,8846,6239,2026-05-05
玉山板橋,224.5,2200,0,8846,6239,2026-05-05
玉山板橋,223.5,1000,0,8846,6239,2026-05-05
玉山板橋,222.5,2002,1000,8846,6239,2026-05-05
玉山板橋,220.5,3002,4000,8846,6239,2026-05-05
玉山高雄,235.5,2000,0,8843,6239,2026-05-05
玉山高雄,233.5,2000,1000,8843,6239,2026-05-05
玉山台南,224.5,4100,1000,8847,6239,2026-05-05
玉山台中,223.5,10000,273,884B,6239,2026-05-05
玉山台中,225.0,2150,0,884B,6239,2026-05-05
玉山台中,226.0,1000,10100,884B,6239,2026-05-05
玉山新竹,230.0,450,4000,884H,6239,2026-05-05
玉山新竹,229.0,6000,5000,884H,6239,2026-05-05
玉山新竹,228.0,100,0,884H,6239,2026-05-05
玉山新竹,227.0,2000,0,884H,6239,2026-05-05
玉山新竹,226.0,300,0,884H,6239,2026-05-05
玉山新竹,225.0,500,2200,884H,6239,2026-05-05
玉山新竹,223.5,1000,1000,884H,6239,2026-05-05
玉山新竹,222.0,50,0,884H,6239,2026-05-05
玉山新竹,232.0,1000,0,884H,6239,2026-05-05
玉山新竹,221.0,135,1000,884H,6239,2026-05-05
玉山桃園,234.5,1000,1010,884F,6239,2026-05-05
玉山桃園,232.5,1010,1000,884F,6239,2026-05-05
玉山桃園,230.0,50,0,884F,6239,2026-05-05
玉山桃園,229.0,1000,1000,884F,6239,2026-05-05
玉山桃園,228.0,3065,8000,884F,6239,2026-05-05
玉山桃園,227.0,2000,0,884F,6239,2026-05-05
玉山桃園,225.5,0,3000,884F,6239,2026-05-05
玉山桃園,224.5,0,1000,884F,6239,2026-05-05
玉山桃園,235.5,1000,0,884F,6239,2026-05-05
玉山新竹,233.5,5000,0,884H,6239,2026-05-05
玉山新竹,234.5,362,0,884H,6239,2026-05-05
玉山大里,220.0,1000,0,884J,6239,2026-05-05
玉山數位,225.5,1000,1000,884M,6239,2026-05-05
玉山數位,224.0,5000,0,884M,6239,2026-05-05
玉山數位,223.0,2450,0,884M,6239,2026-05-05
玉山數位,222.0,1008,0,884M,6239,2026-05-05
玉山數位,220.5,0,498,884M,6239,2026-05-05
玉山大里,236.0,2000,0,884J,6239,2026-05-05
玉山大里,235.0,3000,0,884J,6239,2026-05-05
玉山大里,234.0,4000,0,884J,6239,2026-05-05
玉山大里,232.5,1000,0,884J,6239,2026-05-05
玉山大里,231.5,0,1000,884J,6239,2026-05-05
玉山大里,230.5,1330,0,884J,6239,2026-05-05
玉山大里,229.5,0,1000,884J,6239,2026-05-05
玉山大里,228.5,1200,10000,884J,6239,2026-05-05
玉山大里,227.5,2000,5000,884J,6239,2026-05-05
玉山大里,226.5,3000,0,884J,6239,2026-05-05
玉山大里,225.5,1000,0,884J,6239,2026-05-05
玉山大里,224.5,1200,1000,884J,6239,2026-05-05
玉山大里,223.0,11040,0,884J,6239,2026-05-05
玉山大里,222.0,2000,0,884J,6239,2026-05-05
玉山桃園,223.5,3000,1000,884F,6239,2026-05-05
玉山桃園,222.5,0,200,884F,6239,2026-05-05
玉山桃園,221.5,10,0,884F,6239,2026-05-05
玉山城中,235.5,1000,0,884E,6239,2026-05-05
玉山信義,235.0,1000,0,884C,6239,2026-05-05
玉山信義,232.0,1000,0,884C,6239,2026-05-05
玉山信義,229.5,10000,0,884C,6239,2026-05-05
玉山信義,228.5,1150,0,884C,6239,2026-05-05
玉山信義,227.5,2000,2000,884C,6239,2026-05-05
玉山信義,226.5,0,20000,884C,6239,2026-05-05
玉山信義,224.5,1045,300,884C,6239,2026-05-05
玉山信義,223.0,2305,0,884C,6239,2026-05-05
玉山信義,221.5,1045,0,884C,6239,2026-05-05
玉山信義,220.5,1000,0,884C,6239,2026-05-05
玉山台中,235.5,1000,6000,884B,6239,2026-05-05
玉山台中,234.5,2030,2000,884B,6239,2026-05-05
玉山台中,233.5,2000,0,884B,6239,2026-05-05
玉山台中,232.5,0,5000,884B,6239,2026-05-05
玉山台中,231.5,2100,300,884B,6239,2026-05-05
玉山台中,230.0,1000,3000,884B,6239,2026-05-05
玉山台中,229.0,1000,0,884B,6239,2026-05-05
玉山台中,228.0,11290,0,884B,6239,2026-05-05
玉山台中,227.0,2000,1000,884B,6239,2026-05-05
玉山左營,221.0,3100,0,884D,6239,2026-05-05
玉山新莊,224.5,0,1000,8842,6239,2026-05-05
玉山左營,222.5,6000,0,884D,6239,2026-05-05
玉山左營,224.5,3000,0,884D,6239,2026-05-05
玉山城中,234.5,1000,0,884E,6239,2026-05-05
玉山城中,233.5,2000,0,884E,6239,2026-05-05
玉山城中,232.0,2000,1000,884E,6239,2026-05-05
玉山城中,230.0,41150,1300,884E,6239,2026-05-05
玉山城中,228.5,29,4000,884E,6239,2026-05-05
玉山城中,227.5,2200,0,884E,6239,2026-05-05
玉山城中,225.5,2001,0,884E,6239,2026-05-05
玉山城中,224.5,20,0,884E,6239,2026-05-05
玉山城中,223.5,1000,0,884E,6239,2026-05-05
玉山城中,222.5,50,0,884E,6239,2026-05-05
玉山左營,236.5,0,1000,884D,6239,2026-05-05
玉山左營,234.5,250,0,884D,6239,2026-05-05
玉山左營,232.0,1500,1000,884D,6239,2026-05-05
玉山左營,231.0,0,6,884D,6239,2026-05-05
玉山左營,229.5,400,0,884D,6239,2026-05-05
玉山左營,228.5,5001,2000,884D,6239,2026-05-05
玉山左營,227.5,500,3000,884D,6239,2026-05-05
玉山左營,226.5,2000,1000,884D,6239,2026-05-05
玉山左營,225.5,1000,0,884D,6239,2026-05-05
玉山左營,223.5,4000,0,884D,6239,2026-05-05
國泰板橋,235.5,6000,2000,888K,6239,2026-05-05
國票桃園,222.5,0,1000,779r,6239,2026-05-05
國票九鼎,235.0,0,1000,779P,6239,2026-05-05
富邦苗栗,230.0,2005,0,9657,6239,2026-05-05
富邦苗栗,232.5,1000,0,9657,6239,2026-05-05
富邦苗栗,236.0,1000,0,9657,6239,2026-05-05
富邦建國,220.5,4000,0,9658,6239,2026-05-05
富邦建國,222.0,1000,10000,9658,6239,2026-05-05
富邦建國,223.0,3036,0,9658,6239,2026-05-05
富邦建國,224.0,3013,0,9658,6239,2026-05-05
富邦建國,225.0,4000,0,9658,6239,2026-05-05
富邦苗栗,229.0,0,3500,9657,6239,2026-05-05
富邦建國,226.0,30,0,9658,6239,2026-05-05
富邦建國,228.0,9130,9020,9658,6239,2026-05-05
富邦建國,229.0,2000,9000,9658,6239,2026-05-05
富邦建國,230.0,183,0,9658,6239,2026-05-05
富邦建國,231.0,3000,0,9658,6239,2026-05-05
富邦建國,232.0,4000,40,9658,6239,2026-05-05
富邦建國,234.0,2000,5000,9658,6239,2026-05-05
富邦建國,235.0,2000,2000,9658,6239,2026-05-05
富邦高雄,221.0,2000,0,9659,6239,2026-05-05
富邦建國,227.0,2000,1000,9658,6239,2026-05-05
富邦苗栗,228.0,150,2000,9657,6239,2026-05-05
富邦苗栗,227.0,10000,1025,9657,6239,2026-05-05
富邦苗栗,225.0,800,1000,9657,6239,2026-05-05
富邦板橋,221.0,1000,1000,9655,6239,2026-05-05
富邦板橋,222.0,1000,1000,9655,6239,2026-05-05
富邦板橋,223.0,1760,2000,9655,6239,2026-05-05
富邦板橋,224.0,2000,1000,9655,6239,2026-05-05
富邦板橋,225.0,4004,4000,9655,6239,2026-05-05
富邦板橋,226.0,5200,1000,9655,6239,2026-05-05
富邦板橋,227.0,3100,2000,9655,6239,2026-05-05
富邦板橋,228.0,6323,6100,9655,6239,2026-05-05
富邦板橋,229.0,10100,7000,9655,6239,2026-05-05
富邦板橋,230.0,1433,100,9655,6239,2026-05-05
富邦板橋,231.5,2100,0,9655,6239,2026-05-05
富邦板橋,232.5,3000,1000,9655,6239,2026-05-05
富邦板橋,234.0,1000,1000,9655,6239,2026-05-05
富邦板橋,235.0,3000,1000,9655,6239,2026-05-05
富邦苗栗,220.0,1000,0,9657,6239,2026-05-05
富邦苗栗,221.0,5000,0,9657,6239,2026-05-05
富邦苗栗,222.0,2000,0,9657,6239,2026-05-05
富邦苗栗,223.0,1000,0,9657,6239,2026-05-05
富邦苗栗,224.0,2000,0,9657,6239,2026-05-05
富邦高雄,222.0,1350,0,9659,6239,2026-05-05
富邦板橋,220.0,1000,0,9655,6239,2026-05-05
富邦高雄,223.0,5000,0,9659,6239,2026-05-05
富邦高雄,225.0,0,1000,9659,6239,2026-05-05
富邦台中,234.0,4000,1005,965K,6239,2026-05-05
富邦台中,235.0,1000,2000,965K,6239,2026-05-05
富邦彰化,220.0,2014,0,965U,6239,2026-05-05
富邦彰化,221.0,250,2000,965U,6239,2026-05-05
富邦彰化,223.5,1010,0,965U,6239,2026-05-05
富邦彰化,226.0,10,0,965U,6239,2026-05-05
富邦彰化,227.5,1000,4200,965U,6239,2026-05-05
富邦彰化,228.5,170,2000,965U,6239,2026-05-05
富邦台中,233.0,1100,0,965K,6239,2026-05-05
富邦彰化,230.0,2000,1000,965U,6239,2026-05-05
富邦彰化,234.5,1000,0,965U,6239,2026-05-05
富邦新店,220.0,1000,0,9661,6239,2026-05-05
富邦新店,221.0,7200,1000,9661,6239,2026-05-05
富邦新店,222.0,3000,0,9661,6239,2026-05-05
富邦新店,223.0,2000,1000,9661,6239,2026-05-05
富邦新店,224.5,10250,1000,9661,6239,2026-05-05
富邦新店,225.5,6,0,9661,6239,2026-05-05
富邦新店,226.5,0,1000,9661,6239,2026-05-05
富邦彰化,232.0,4000,0,965U,6239,2026-05-05
富邦台中,231.5,1000,0,965K,6239,2026-05-05
富邦台中,230.0,3400,125,965K,6239,2026-05-05
富邦台中,229.0,1000,1200,965K,6239,2026-05-05
富邦高雄,226.5,5000,6000,9659,6239,2026-05-05
富邦高雄,227.5,1065,3200,9659,6239,2026-05-05
富邦高雄,228.5,1024,0,9659,6239,2026-05-05
富邦高雄,229.5,2000,0,9659,6239,2026-05-05
富邦高雄,230.5,0,4,9659,6239,2026-05-05
富邦高雄,231.5,2400,0,9659,6239,2026-05-05
富邦高雄,232.5,4000,0,9659,6239,2026-05-05
富邦高雄,233.5,1000,0,9659,6239,2026-05-05
富邦高雄,234.5,1013,2001,9659,6239,2026-05-05
富邦高雄,235.5,0,1000,9659,6239,2026-05-05
富邦台中,220.0,2000,0,965K,6239,2026-05-05
富邦台中,221.0,4000,1000,965K,6239,2026-05-05
富邦台中,222.0,1000,1000,965K,6239,2026-05-05
富邦台中,223.0,4208,2000,965K,6239,2026-05-05
富邦台中,224.0,50,500,965K,6239,2026-05-05
富邦台中,225.0,3020,3000,965K,6239,2026-05-05
富邦台中,226.0,0,1000,965K,6239,2026-05-05
富邦台中,227.0,5139,1000,965K,6239,2026-05-05
富邦台中,228.0,4036,3030,965K,6239,2026-05-05
富邦高雄,224.0,3016,1000,9659,6239,2026-05-05
富邦新店,227.5,1018,8000,9661,6239,2026-05-05
富邦永和,235.0,12000,0,9654,6239,2026-05-05
富邦永和,233.0,1000,0,9654,6239,2026-05-05
富邦羅東,234.0,2000,200,9634,6239,2026-05-05
富邦羅東,235.0,2000,0,9634,6239,2026-05-05
富邦中壢,220.0,0,20000,9636,6239,2026-05-05
富邦中壢,221.0,1010,2000,9636,6239,2026-05-05
富邦中壢,222.0,40,0,9636,6239,2026-05-05
富邦中壢,223.0,2250,1000,9636,6239,2026-05-05
富邦中壢,224.0,2060,4000,9636,6239,2026-05-05
富邦中壢,225.0,2000,0,9636,6239,2026-05-05
富邦羅東,232.0,4000,1000,9634,6239,2026-05-05
富邦中壢,226.0,0,1000,9636,6239,2026-05-05
富邦中壢,228.0,2028,11100,9636,6239,2026-05-05
富邦中壢,229.0,72,2000,9636,6239,2026-05-05
富邦中壢,230.0,0,2499,9636,6239,2026-05-05
富邦中壢,231.0,2000,0,9636,6239,2026-05-05
富邦中壢,233.0,100,0,9636,6239,2026-05-05
富邦中壢,234.0,1000,1000,9636,6239,2026-05-05
富邦中壢,236.0,1000,8000,9636,6239,2026-05-05
富邦八德,220.5,2000,1000,963A,6239,2026-05-05
富邦中壢,227.0,12004,2000,9636,6239,2026-05-05
富邦羅東,230.0,6,2000,9634,6239,2026-05-05
富邦羅東,228.5,2000,0,9634,6239,2026-05-05
富邦羅東,227.5,1000,0,9634,6239,2026-05-05
富邦頭份,224.0,8,0,962P,6239,2026-05-05
富邦頭份,225.0,3100,0,962P,6239,2026-05-05
富邦頭份,226.0,100,0,962P,6239,2026-05-05
富邦頭份,227.0,1000,1000,962P,6239,2026-05-05
富邦頭份,228.0,11318,1000,962P,6239,2026-05-05
富邦頭份,229.0,1000,0,962P,6239,2026-05-05
富邦頭份,231.5,0,100,962P,6239,2026-05-05
富邦頭份,234.5,100,0,962P,6239,2026-05-05
富邦北高,222.0,1,0,962Q,6239,2026-05-05
富邦北高,223.5,0,1000,962Q,6239,2026-05-05
富邦北高,227.5,0,1800,962Q,6239,2026-05-05
富邦北高,228.5,1000,1000,962Q,6239,2026-05-05
富邦北高,233.5,2000,0,962Q,6239,2026-05-05
富邦北高,234.5,1354,0,962Q,6239,2026-05-05
富邦羅東,220.5,1000,0,9634,6239,2026-05-05
富邦羅東,223.5,2100,1000,9634,6239,2026-05-05
富邦羅東,224.5,0,5029,9634,6239,2026-05-05
富邦羅東,225.5,1050,0,9634,6239,2026-05-05
富邦羅東,226.5,6000,0,9634,6239,2026-05-05
富邦八德,222.0,8000,1000,963A,6239,2026-05-05
富邦永和,234.0,2000,1000,9654,6239,2026-05-05
富邦八德,223.0,1000,1000,963A,6239,2026-05-05
富邦八德,225.0,1000,2000,963A,6239,2026-05-05
富邦新竹,229.5,70,0,9647,6239,2026-05-05
富邦新竹,230.5,1000,0,9647,6239,2026-05-05
富邦新竹,231.5,250,1000,9647,6239,2026-05-05
富邦新竹,232.5,1000,500,9647,6239,2026-05-05
富邦新竹,233.5,2000,0,9647,6239,2026-05-05
富邦新竹,234.5,4005,0,9647,6239,2026-05-05
富邦永和,220.0,1000,0,9654,6239,2026-05-05
富邦永和,221.0,2080,0,9654,6239,2026-05-05
富邦新竹,228.5,1520,0,9647,6239,2026-05-05
富邦永和,222.5,5000,0,9654,6239,2026-05-05
富邦永和,224.5,13105,1000,9654,6239,2026-05-05
富邦永和,225.5,1250,0,9654,6239,2026-05-05
富邦永和,226.5,2030,0,9654,6239,2026-05-05
富邦永和,227.5,4110,2000,9654,6239,2026-05-05
富邦永和,228.5,3000,2000,9654,6239,2026-05-05
富邦永和,229.5,1000,0,9654,6239,2026-05-05
富邦永和,230.5,7000,0,9654,6239,2026-05-05
富邦永和,231.5,0,30,9654,6239,2026-05-05
富邦永和,223.5,3080,1000,9654,6239,2026-05-05
富邦新竹,227.5,5200,4000,9647,6239,2026-05-05
富邦新竹,226.5,0,4000,9647,6239,2026-05-05
富邦新竹,225.5,1020,1000,9647,6239,2026-05-05
富邦八德,226.0,0,1000,963A,6239,2026-05-05
富邦八德,227.0,200,3000,963A,6239,2026-05-05
富邦八德,228.0,2500,8000,963A,6239,2026-05-05
富邦八德,229.0,2000,5000,963A,6239,2026-05-05
富邦八德,230.0,1010,400,963A,6239,2026-05-05
富邦八德,231.5,400,0,963A,6239,2026-05-05
富邦八德,233.5,1000,0,963A,6239,2026-05-05
富邦八德,234.5,5000,0,963A,6239,2026-05-05
富邦八德,235.5,1000,1000,963A,6239,2026-05-05
富邦豐原,224.5,100,0,963L,6239,2026-05-05
富邦豐原,227.0,0,1000,963L,6239,2026-05-05
富邦豐原,229.0,1000,0,963L,6239,2026-05-05
富邦豐原,232.0,1000,0,963L,6239,2026-05-05
富邦豐原,235.5,2000,0,963L,6239,2026-05-05
富邦新竹,220.5,3020,3000,9647,6239,2026-05-05
富邦新竹,221.5,6,0,9647,6239,2026-05-05
富邦新竹,222.5,4000,0,9647,6239,2026-05-05
富邦新竹,223.5,3010,1015,9647,6239,2026-05-05
富邦新竹,224.5,16,1000,9647,6239,2026-05-05
富邦八德,224.0,2110,1000,963A,6239,2026-05-05
富邦新店,228.5,0,18055,9661,6239,2026-05-05
富邦新店,229.5,0,500,9661,6239,2026-05-05
富邦新店,230.5,300,0,9661,6239,2026-05-05
富邦宜蘭,227.5,2000,20,9686,6239,2026-05-05
富邦宜蘭,228.5,100,0,9686,6239,2026-05-05
富邦宜蘭,230.0,1800,2000,9686,6239,2026-05-05
富邦宜蘭,231.0,0,500,9686,6239,2026-05-05
富邦宜蘭,233.5,1000,0,9686,6239,2026-05-05
富邦宜蘭,235.0,1000,0,9686,6239,2026-05-05
富邦宜蘭,236.0,3000,0,9686,6239,2026-05-05
富邦嘉義,220.5,2150,0,9692,6239,2026-05-05
富邦宜蘭,226.5,3000,1000,9686,6239,2026-05-05
富邦嘉義,221.5,1200,2000,9692,6239,2026-05-05
富邦嘉義,223.5,2210,1100,9692,6239,2026-05-05
富邦嘉義,224.5,255,1000,9692,6239,2026-05-05
富邦嘉義,225.5,5,4200,9692,6239,2026-05-05
富邦嘉義,226.5,1000,0,9692,6239,2026-05-05
富邦嘉義,227.5,2105,1000,9692,6239,2026-05-05
富邦嘉義,228.5,5020,0,9692,6239,2026-05-05
富邦嘉義,229.5,200,270,9692,6239,2026-05-05
富邦嘉義,230.5,1100,0,9692,6239,2026-05-05
富邦嘉義,222.5,5010,0,9692,6239,2026-05-05
富邦宜蘭,224.5,1250,86,9686,6239,2026-05-05
富邦宜蘭,223.5,1000,0,9686,6239,2026-05-05
富邦宜蘭,222.5,2036,0,9686,6239,2026-05-05
富邦仁愛,231.5,105,0,9676,6239,2026-05-05
富邦仁愛,234.0,3200,2000,9676,6239,2026-05-05
富邦仁愛,235.0,0,5000,9676,6239,2026-05-05
富邦仁愛,236.0,0,1000,9676,6239,2026-05-05
富邦三重,221.0,1000,0,9677,6239,2026-05-05
富邦三重,222.0,6201,0,9677,6239,2026-05-05
富邦三重,223.0,3000,0,9677,6239,2026-05-05
富邦三重,224.0,4020,25,9677,6239,2026-05-05
富邦三重,225.0,3000,0,9677,6239,2026-05-05
富邦三重,226.0,3,0,9677,6239,2026-05-05
富邦三重,227.0,250,17000,9677,6239,2026-05-05
富邦三重,228.0,0,1000,9677,6239,2026-05-05
富邦三重,229.0,0,4000,9677,6239,2026-05-05
富邦三重,230.0,5110,200,9677,6239,2026-05-05
富邦三重,231.5,0,1000,9677,6239,2026-05-05
富邦三重,233.0,0,1000,9677,6239,2026-05-05
富邦三重,234.5,1000,450,9677,6239,2026-05-05
富邦三重,235.5,0,3000,9677,6239,2026-05-05
富邦宜蘭,221.0,1100,1,9686,6239,2026-05-05
富邦嘉義,232.0,10,5000,9692,6239,2026-05-05
富邦仁愛,230.5,3255,1000,9676,6239,2026-05-05
富邦嘉義,233.0,1000,0,9692,6239,2026-05-05
富邦嘉義,235.0,0,1000,9692,6239,2026-05-05
富邦北港,225.0,1000,0,969C,6239,2026-05-05
富邦北港,226.5,50,0,969C,6239,2026-05-05
富邦北港,227.5,2000,1000,969C,6239,2026-05-05
富邦北港,229.5,50,0,969C,6239,2026-05-05
富邦北港,230.5,50,100,969C,6239,2026-05-05
富邦北港,234.0,0,1000,969C,6239,2026-05-05
元大,220.0,0,8000,9800,6239,2026-05-05
元大,221.0,36010,37036,9800,6239,2026-05-05
富邦北港,223.5,50,0,969C,6239,2026-05-05
元大,222.0,43005,31793,9800,6239,2026-05-05
元大,224.0,30010,187184,9800,6239,2026-05-05
元大,225.0,181010,125260,9800,6239,2026-05-05
元大,226.0,77000,51008,9800,6239,2026-05-05
元大,227.0,229424,209304,9800,6239,2026-05-05
元大,228.0,111540,240780,9800,6239,2026-05-05
元大,229.0,290141,149188,9800,6239,2026-05-05
元大,230.0,78000,159120,9800,6239,2026-05-05
元大,231.0,19000,20200,9800,6239,2026-05-05
元大,223.0,100310,437183,9800,6239,2026-05-05
富邦北港,222.5,3010,0,969C,6239,2026-05-05
富邦虎尾,235.0,1000,2000,9697,6239,2026-05-05
富邦虎尾,234.0,2000,0,9697,6239,2026-05-05
富邦嘉義,236.0,0,1000,9692,6239,2026-05-05
富邦新營,220.5,3000,0,9693,6239,2026-05-05
富邦新營,222.0,30,0,9693,6239,2026-05-05
富邦新營,223.5,10,2000,9693,6239,2026-05-05
富邦新營,225.0,100,0,9693,6239,2026-05-05
富邦新營,226.0,0,2000,9693,6239,2026-05-05
富邦新營,227.0,1100,75,9693,6239,2026-05-05
富邦新營,228.0,100,296,9693,6239,2026-05-05
富邦新營,229.0,0,1000,9693,6239,2026-05-05
富邦新營,230.0,35,0,9693,6239,2026-05-05
富邦新營,231.5,0,5,9693,6239,2026-05-05
富邦新營,235.5,0,1000,9693,6239,2026-05-05
富邦虎尾,221.0,25,5000,9697,6239,2026-05-05
富邦虎尾,222.5,100,0,9697,6239,2026-05-05
富邦虎尾,224.0,5000,0,9697,6239,2026-05-05
富邦虎尾,225.0,15,2000,9697,6239,2026-05-05
富邦虎尾,226.5,1000,0,9697,6239,2026-05-05
富邦虎尾,228.0,5000,1000,9697,6239,2026-05-05
富邦虎尾,230.0,0,3000,9697,6239,2026-05-05
富邦嘉義,234.0,1000,2000,9692,6239,2026-05-05
富邦仁愛,229.5,2000,0,9676,6239,2026-05-05
富邦仁愛,228.5,2227,2000,9676,6239,2026-05-05
富邦仁愛,227.5,3008,2000,9676,6239,2026-05-05
富邦桃園,224.0,10,0,9665,6239,2026-05-05
富邦桃園,225.0,1000,4000,9665,6239,2026-05-05
富邦桃園,226.0,0,1000,9665,6239,2026-05-05
富邦桃園,227.0,4110,3000,9665,6239,2026-05-05
富邦桃園,228.0,4020,5100,9665,6239,2026-05-05
富邦桃園,229.0,0,1000,9665,6239,2026-05-05
富邦桃園,230.0,7100,260,9665,6239,2026-05-05
富邦桃園,231.0,100,0,9665,6239,2026-05-05
富邦桃園,223.0,4110,1000,9665,6239,2026-05-05
富邦桃園,234.0,3000,0,9665,6239,2026-05-05
富邦南屯,221.0,1100,0,9666,6239,2026-05-05
富邦南屯,222.0,2000,0,9666,6239,2026-05-05
富邦南屯,223.0,1050,0,9666,6239,2026-05-05
富邦南屯,224.0,1000,0,9666,6239,2026-05-05
富邦南屯,225.0,2000,2000,9666,6239,2026-05-05
富邦南屯,226.5,1000,0,9666,6239,2026-05-05
富邦南屯,227.5,3150,1000,9666,6239,2026-05-05
富邦南屯,229.0,3000,1000,9666,6239,2026-05-05
富邦桃園,235.0,1000,2000,9665,6239,2026-05-05
富邦桃園,222.0,3010,0,9665,6239,2026-05-05
富邦桃園,221.0,200,0,9665,6239,2026-05-05
富邦桃園,220.0,1000,0,9665,6239,2026-05-05
富邦新店,231.5,1000,0,9661,6239,2026-05-05
富邦新店,233.0,50,0,9661,6239,2026-05-05
台新新店,226.5,2000,0,9B22,6239,2026-05-05
富邦新店,234.0,1000,1000,9661,6239,2026-05-05
富邦新店,235.0,1000,2000,9661,6239,2026-05-05
富邦新店,236.0,1000,0,9661,6239,2026-05-05
富邦敦南,220.5,6000,2000,9663,6239,2026-05-05
富邦敦南,221.5,1000,0,9663,6239,2026-05-05
富邦敦南,222.5,1000,1000,9663,6239,2026-05-05
富邦敦南,223.5,300,0,9663,6239,2026-05-05
富邦敦南,224.5,4120,8000,9663,6239,2026-05-05
富邦敦南,225.5,4,1000,9663,6239,2026-05-05
富邦敦南,227.0,2000,0,9663,6239,2026-05-05
富邦敦南,228.0,2000,41,9663,6239,2026-05-05
富邦敦南,229.0,10300,10000,9663,6239,2026-05-05
富邦敦南,230.5,3020,0,9663,6239,2026-05-05
富邦敦南,232.0,316,1000,9663,6239,2026-05-05
富邦敦南,234.0,5000,1100,9663,6239,2026-05-05
富邦敦南,235.0,0,3000,9663,6239,2026-05-05
富邦南屯,230.0,1300,0,9666,6239,2026-05-05
富邦南屯,231.0,3000,0,9666,6239,2026-05-05
富邦南屯,232.0,2000,10,9666,6239,2026-05-05
富邦南屯,234.5,2000,0,9666,6239,2026-05-05
富邦左營,235.0,0,1000,966F,6239,2026-05-05
富邦員林,220.5,2000,0,9672,6239,2026-05-05
富邦員林,221.5,2000,0,9672,6239,2026-05-05
富邦員林,222.5,200,0,9672,6239,2026-05-05
富邦員林,224.5,100,0,9672,6239,2026-05-05
富邦員林,227.0,50,1000,9672,6239,2026-05-05
富邦員林,228.0,0,1000,9672,6239,2026-05-05
富邦員林,229.0,1000,2000,9672,6239,2026-05-05
富邦員林,230.0,1100,2001,9672,6239,2026-05-05
富邦員林,231.5,200,3000,9672,6239,2026-05-05
富邦員林,232.5,0,1000,9672,6239,2026-05-05
富邦員林,234.5,1130,0,9672,6239,2026-05-05
富邦仁愛,220.5,7000,2000,9676,6239,2026-05-05
富邦仁愛,221.5,100,2000,9676,6239,2026-05-05
富邦仁愛,222.5,1000,0,9676,6239,2026-05-05
富邦仁愛,223.5,1310,0,9676,6239,2026-05-05
富邦仁愛,224.5,2300,0,9676,6239,2026-05-05
富邦仁愛,225.5,5000,1000,9676,6239,2026-05-05
富邦仁愛,226.5,16000,3000,9676,6239,2026-05-05
富邦左營,234.0,2000,1000,966F,6239,2026-05-05
富邦頭份,222.5,1000,0,962P,6239,2026-05-05
富邦左營,231.5,200,0,966F,6239,2026-05-05
富邦左營,227.5,0,1000,966F,6239,2026-05-05
富邦台南,220.0,1000,0,9667,6239,2026-05-05
富邦台南,221.0,2500,0,9667,6239,2026-05-05
富邦台南,222.0,0,1000,9667,6239,2026-05-05
富邦台南,223.0,2000,2000,9667,6239,2026-05-05
富邦台南,224.0,7005,0,9667,6239,2026-05-05
富邦台南,225.0,1250,1000,9667,6239,2026-05-05
富邦台南,226.0,30,49,9667,6239,2026-05-05
富邦台南,227.5,7400,3030,9667,6239,2026-05-05
富邦台南,228.5,1100,1250,9667,6239,2026-05-05
富邦台南,229.5,1105,100,9667,6239,2026-05-05
富邦台南,230.5,100,40,9667,6239,2026-05-05
富邦台南,232.0,2000,2000,9667,6239,2026-05-05
富邦台南,233.5,1000,0,9667,6239,2026-05-05
富邦台南,234.5,14,100,9667,6239,2026-05-05
富邦左營,220.0,1000,0,966F,6239,2026-05-05
富邦左營,221.0,200,0,966F,6239,2026-05-05
富邦左營,222.5,0,1000,966F,6239,2026-05-05
富邦左營,223.5,150,2000,966F,6239,2026-05-05
富邦左營,225.0,1000,1000,966F,6239,2026-05-05
富邦左營,228.5,0,2000,966F,6239,2026-05-05
國票桃園,221.0,100,0,779r,6239,2026-05-05
富邦頭份,220.5,1000,0,962P,6239,2026-05-05
富邦三峽,232.0,0,2000,962J,6239,2026-05-05
致和崇德,234.5,5000,0,703B,6239,2026-05-05
致和崇德,228.0,0,3000,703B,6239,2026-05-05
致和崇德,224.5,8000,0,703B,6239,2026-05-05
致和南京,227.0,1000,0,7038,6239,2026-05-05
致和高雄,231.0,1000,0,7036,6239,2026-05-05
致和高雄,224.0,1000,0,7036,6239,2026-05-05
致和高雄,223.0,1000,1000,7036,6239,2026-05-05
致和東門,233.0,0,1000,7035,6239,2026-05-05
石橋,228.0,0,1000,7080,6239,2026-05-05
致和東門,228.5,1000,0,7035,6239,2026-05-05
致和東門,226.0,0,1000,7035,6239,2026-05-05
致和東門,225.0,1000,0,7035,6239,2026-05-05
致和金華,234.0,1000,2000,7034,6239,2026-05-05
致和金華,227.5,50,0,7034,6239,2026-05-05
致和金華,226.5,1000,0,7034,6239,2026-05-05
致和金華,224.5,1000,0,7034,6239,2026-05-05
致和金華,223.0,2000,0,7034,6239,2026-05-05
致和府前,236.0,0,1000,7033,6239,2026-05-05
致和東門,227.5,1000,1000,7035,6239,2026-05-05
北城,227.5,10000,1000,7750,6239,2026-05-05
北城,229.5,0,1000,7750,6239,2026-05-05
國票綜合,221.0,4000,0,7790,6239,2026-05-05
國票台東,228.0,0,14,7791,6239,2026-05-05
國票台東,227.0,4000,1000,7791,6239,2026-05-05
國票台東,222.5,1000,0,7791,6239,2026-05-05
國票台東,221.0,0,1000,7791,6239,2026-05-05
國票台東,220.0,100,0,7791,6239,2026-05-05
國票綜合,235.5,0,2000,7790,6239,2026-05-05
國票綜合,234.5,0,1000,7790,6239,2026-05-05
國票綜合,233.5,0,1000,7790,6239,2026-05-05
國票綜合,232.5,0,2000,7790,6239,2026-05-05
國票綜合,231.5,0,1007,7790,6239,2026-05-05
國票綜合,230.5,3000,0,7790,6239,2026-05-05
國票綜合,229.5,1433,0,7790,6239,2026-05-05
國票綜合,228.5,13000,2000,7790,6239,2026-05-05
國票綜合,227.5,143000,0,7790,6239,2026-05-05
國票綜合,226.5,5309,1000,7790,6239,2026-05-05
國票綜合,225.5,0,3000,7790,6239,2026-05-05
國票綜合,224.5,25,0,7790,6239,2026-05-05
國票綜合,223.5,1000,2352,7790,6239,2026-05-05
國票綜合,222.0,1100,1000,7790,6239,2026-05-05
致和府前,221.0,1000,0,7033,6239,2026-05-05
國票北投,223.0,100,0,7792,6239,2026-05-05
致和佳里,234.0,1000,0,7032,6239,2026-05-05
致和佳里,229.5,1000,0,7032,6239,2026-05-05
兆豐城中,229.0,1000,0,700W,6239,2026-05-05
兆豐城中,227.5,0,1600,700W,6239,2026-05-05
兆豐城中,226.5,0,1000,700W,6239,2026-05-05
兆豐城中,224.5,3000,0,700W,6239,2026-05-05
兆豐城中,223.5,2000,0,700W,6239,2026-05-05
兆豐城中,220.5,0,1000,700W,6239,2026-05-05
兆豐新莊,229.5,700,0,700w,6239,2026-05-05
兆豐新莊,228.0,0,1000,700w,6239,2026-05-05
兆豐城中,230.0,1000,0,700W,6239,2026-05-05
兆豐新莊,224.5,0,1500,700w,6239,2026-05-05
兆豐新竹,234.0,0,2000,700V,6239,2026-05-05
兆豐新竹,232.5,0,1000,700V,6239,2026-05-05
兆豐新竹,231.0,400,0,700V,6239,2026-05-05
兆豐新竹,230.0,100,500,700V,6239,2026-05-05
富邦七賢,228.0,6200,11000,961K,6239,2026-05-05
富邦七賢,229.0,0,1000,961K,6239,2026-05-05
富邦七賢,230.0,1000,0,961K,6239,2026-05-05
富邦七賢,231.5,0,500,961K,6239,2026-05-05
兆豐新竹,235.5,2000,0,700V,6239,2026-05-05
兆豐城中,232.0,0,50,700W,6239,2026-05-05
兆豐城中,235.5,1000,1000,700W,6239,2026-05-05
兆豐永和,223.5,1000,0,700X,6239,2026-05-05
致和佳里,225.5,1000,0,7032,6239,2026-05-05
致和台北,228.0,1000,0,7031,6239,2026-05-05
致和,232.0,0,500,7030,6239,2026-05-05
致和,226.0,1000,0,7030,6239,2026-05-05
兆豐高雄,236.0,1000,1000,700Z,6239,2026-05-05
兆豐高雄,234.0,1000,0,700Z,6239,2026-05-05
兆豐高雄,232.0,2000,5000,700Z,6239,2026-05-05
兆豐高雄,230.0,10,0,700Z,6239,2026-05-05
兆豐高雄,228.5,25,0,700Z,6239,2026-05-05
兆豐高雄,227.5,100,0,700Z,6239,2026-05-05
兆豐高雄,226.0,1000,0,700Z,6239,2026-05-05
兆豐高雄,224.5,1010,0,700Z,6239,2026-05-05
兆豐高雄,223.0,1010,1000,700Z,6239,2026-05-05
兆豐高雄,221.0,5000,0,700Z,6239,2026-05-05
兆豐高雄,220.0,2000,1000,700Z,6239,2026-05-05
兆豐永和,233.5,0,1000,700X,6239,2026-05-05
兆豐永和,229.0,10000,0,700X,6239,2026-05-05
兆豐永和,227.5,10000,0,700X,6239,2026-05-05
兆豐永和,226.0,0,1000,700X,6239,2026-05-05
致和佳里,233.0,2000,0,7032,6239,2026-05-05
富邦七賢,232.5,1000,0,961K,6239,2026-05-05
國票北投,224.0,1000,0,7792,6239,2026-05-05
國票北投,228.0,0,1000,7792,6239,2026-05-05
國票嘉義,234.5,20,0,779H,6239,2026-05-05
國票嘉義,233.0,0,1000,779H,6239,2026-05-05
國票嘉義,230.5,1001,0,779H,6239,2026-05-05
國票嘉義,229.5,1000,1000,779H,6239,2026-05-05
國票嘉義,228.0,1,1100,779H,6239,2026-05-05
國票嘉義,227.0,1000,0,779H,6239,2026-05-05
國票嘉義,225.0,1000,0,779H,6239,2026-05-05
國票新莊,234.5,3000,50,779G,6239,2026-05-05
國票和平,223.0,2000,0,779j,6239,2026-05-05
國票新莊,233.0,5000,0,779G,6239,2026-05-05
國票新莊,230.0,5000,3200,779G,6239,2026-05-05
國票新莊,227.5,50,0,779G,6239,2026-05-05
國票新莊,225.0,0,21000,779G,6239,2026-05-05
國票新莊,223.0,1000,0,779G,6239,2026-05-05
國票新莊,221.0,100,0,779G,6239,2026-05-05
國票南崁,227.5,0,5000,779E,6239,2026-05-05
國票南崁,225.5,10,0,779E,6239,2026-05-05
國票南崁,224.5,0,5000,779E,6239,2026-05-05
國票新莊,232.0,2000,1050,779G,6239,2026-05-05
國票和平,227.0,0,1000,779j,6239,2026-05-05
國票和平,230.0,0,5,779j,6239,2026-05-05
國票北高,222.0,1000,0,779J,6239,2026-05-05
國票九鼎,232.5,200,1000,779P,6239,2026-05-05
國票九鼎,231.0,1000,0,779P,6239,2026-05-05
國票九鼎,229.0,2000,0,779P,6239,2026-05-05
國票九鼎,227.5,1000,1000,779P,6239,2026-05-05
國票九鼎,226.5,6000,0,779P,6239,2026-05-05
國票九鼎,225.0,1000,3000,779P,6239,2026-05-05
國票九鼎,224.0,2000,0,779P,6239,2026-05-05
國票九鼎,222.0,1000,0,779P,6239,2026-05-05
國票九鼎,220.0,1000,0,779P,6239,2026-05-05
國票南京,227.0,0,10000,779n,6239,2026-05-05
國票南京,225.5,0,33000,779n,6239,2026-05-05
國票南京,223.0,200,0,779n,6239,2026-05-05
國票中港,236.0,0,1000,779m,6239,2026-05-05
國票中港,231.0,1000,0,779m,6239,2026-05-05
國票中港,228.5,1000,0,779m,6239,2026-05-05
國票中港,223.5,1000,0,779m,6239,2026-05-05
國票北高,227.5,0,1000,779J,6239,2026-05-05
國票北高,226.0,1000,0,779J,6239,2026-05-05
國票北高,224.5,1000,0,779J,6239,2026-05-05
國票南崁,221.5,0,1000,779E,6239,2026-05-05
國票北投,226.5,0,3000,7792,6239,2026-05-05
國票南科,234.5,1000,0,779e,6239,2026-05-05
國票南科,229.0,2000,1000,779e,6239,2026-05-05
國票內壢,226.5,1000,0,7798,6239,2026-05-05
國票中正,235.0,1000,0,7797,6239,2026-05-05
國票中正,233.5,0,1000,7797,6239,2026-05-05
國票中正,230.5,0,1000,7797,6239,2026-05-05
國票中正,229.5,0,40,7797,6239,2026-05-05
國票中正,228.0,50,0,7797,6239,2026-05-05
國票中正,227.0,2000,0,7797,6239,2026-05-05
國票中正,224.0,2000,0,7797,6239,2026-05-05
國票內壢,228.0,0,1000,7798,6239,2026-05-05
國票中正,223.0,0,2000,7797,6239,2026-05-05
國票南港,235.5,0,1000,7795,6239,2026-05-05
國票南港,233.5,1000,0,7795,6239,2026-05-05
國票南港,232.0,0,1000,7795,6239,2026-05-05
國票南港,230.0,1000,0,7795,6239,2026-05-05
國票南港,228.0,1000,0,7795,6239,2026-05-05
國票南港,226.5,1000,0,7795,6239,2026-05-05
國票南港,224.5,1000,0,7795,6239,2026-05-05
國票北投,235.0,1000,0,7792,6239,2026-05-05
國票中正,222.0,50,0,7797,6239,2026-05-05
國票內壢,229.0,1000,0,7798,6239,2026-05-05
國票內壢,230.0,0,20,7798,6239,2026-05-05
國票敦北,220.5,0,2000,779c,6239,2026-05-05
國票南科,227.5,1000,2000,779e,6239,2026-05-05
國票南科,226.5,0,1100,779e,6239,2026-05-05
國票南科,225.0,1000,1000,779e,6239,2026-05-05
國票南科,221.0,0,20,779e,6239,2026-05-05
國票南科,220.0,1000,0,779e,6239,2026-05-05
國票台南,234.5,0,3000,779D,6239,2026-05-05
國票台南,230.5,0,2000,779D,6239,2026-05-05
國票台南,229.5,0,700,779D,6239,2026-05-05
國票台南,228.0,300,2000,779D,6239,2026-05-05
國票台南,227.0,0,1000,779D,6239,2026-05-05
國票台南,225.5,0,3000,779D,6239,2026-05-05
國票台南,223.5,1450,1000,779D,6239,2026-05-05
國票敦北,235.5,1000,0,779c,6239,2026-05-05
國票敦北,234.0,1000,0,779c,6239,2026-05-05
國票敦北,228.5,5000,0,779c,6239,2026-05-05
國票敦北,227.0,1000,6000,779c,6239,2026-05-05
國票敦北,226.0,0,6000,779c,6239,2026-05-05
國票敦北,225.0,1000,6000,779c,6239,2026-05-05
國票敦北,224.0,16000,0,779c,6239,2026-05-05
國票南科,230.0,1000,2000,779e,6239,2026-05-05
富邦七賢,234.5,20,0,961K,6239,2026-05-05
富邦七賢,235.5,1000,0,961K,6239,2026-05-05
富邦木柵,221.0,1000,0,961M,6239,2026-05-05
富邦內湖,226.0,0,1000,9627,6239,2026-05-05
富邦內湖,227.5,1050,3000,9627,6239,2026-05-05
富邦內湖,229.0,1020,0,9627,6239,2026-05-05
富邦內湖,230.0,1039,0,9627,6239,2026-05-05
富邦內湖,231.5,100,0,9627,6239,2026-05-05
富邦內湖,233.0,2000,0,9627,6239,2026-05-05
富邦內湖,235.0,3000,0,9627,6239,2026-05-05
富邦內湖,236.0,1000,0,9627,6239,2026-05-05
富邦內湖,225.0,105,0,9627,6239,2026-05-05
富邦南港,222.5,0,1000,962A,6239,2026-05-05
富邦南港,228.0,9017,2000,962A,6239,2026-05-05
富邦南港,230.0,1200,0,962A,6239,2026-05-05
富邦南港,232.0,1000,0,962A,6239,2026-05-05
富邦南港,235.5,0,1000,962A,6239,2026-05-05
富邦二林,220.5,2000,0,962B,6239,2026-05-05
富邦二林,222.5,21000,0,962B,6239,2026-05-05
富邦二林,223.5,10000,0,962B,6239,2026-05-05
富邦二林,226.5,1000,0,962B,6239,2026-05-05
富邦南港,226.5,0,1000,962A,6239,2026-05-05
富邦內湖,224.0,1100,1000,9627,6239,2026-05-05
富邦內湖,222.5,5,0,9627,6239,2026-05-05
富邦內湖,221.0,1000,0,9627,6239,2026-05-05
富邦竹北,229.0,7100,400,9624,6239,2026-05-05
富邦竹北,230.0,100,290,9624,6239,2026-05-05
富邦竹北,232.0,2000,0,9624,6239,2026-05-05
富邦竹北,233.0,300,0,9624,6239,2026-05-05
富邦竹北,234.5,110,10,9624,6239,2026-05-05
富邦竹北,235.5,0,1000,9624,6239,2026-05-05
富邦竹東,220.5,2500,0,9625,6239,2026-05-05
富邦竹東,222.0,1000,20000,9625,6239,2026-05-05
富邦竹東,223.5,100,0,9625,6239,2026-05-05
富邦竹東,224.5,1000,0,9625,6239,2026-05-05
富邦竹東,225.5,1000,0,9625,6239,2026-05-05
富邦竹東,226.5,3000,10000,9625,6239,2026-05-05
富邦竹東,227.5,15000,2000,9625,6239,2026-05-05
富邦竹東,228.5,6400,100,9625,6239,2026-05-05
富邦竹東,229.5,5000,0,9625,6239,2026-05-05
富邦竹東,230.5,0,2000,9625,6239,2026-05-05
富邦竹東,233.0,4000,0,9625,6239,2026-05-05
富邦竹東,234.0,0,2000,9625,6239,2026-05-05
富邦內湖,220.0,2000,0,9627,6239,2026-05-05
富邦二林,228.5,2000,0,962B,6239,2026-05-05
富邦竹北,228.0,10100,3330,9624,6239,2026-05-05
富邦二林,229.5,1000,0,962B,6239,2026-05-05
富邦二林,234.0,10000,0,962B,6239,2026-05-05
富邦樹林,226.0,5000,0,962E,6239,2026-05-05
富邦樹林,227.5,7000,4000,962E,6239,2026-05-05
富邦樹林,228.5,1003,2050,962E,6239,2026-05-05
富邦樹林,229.5,4000,904,962E,6239,2026-05-05
富邦樹林,231.5,300,0,962E,6239,2026-05-05
富邦樹林,234.5,1000,2000,962E,6239,2026-05-05
富邦斗六,221.0,0,4000,962G,6239,2026-05-05
富邦斗六,222.5,1000,0,962G,6239,2026-05-05
富邦樹林,224.0,30,0,962E,6239,2026-05-05
富邦斗六,224.0,0,1000,962G,6239,2026-05-05
富邦斗六,226.5,2000,0,962G,6239,2026-05-05
富邦斗六,227.5,1,0,962G,6239,2026-05-05
富邦斗六,229.0,2000,0,962G,6239,2026-05-05
富邦斗六,230.0,150,0,962G,6239,2026-05-05
富邦三峽,220.5,0,1000,962J,6239,2026-05-05
富邦三峽,223.0,0,1000,962J,6239,2026-05-05
富邦三峽,225.0,0,1000,962J,6239,2026-05-05
富邦三峽,226.0,0,2000,962J,6239,2026-05-05
富邦斗六,225.5,1010,0,962G,6239,2026-05-05
富邦樹林,223.0,12000,0,962E,6239,2026-05-05
富邦樹林,221.0,400,0,962E,6239,2026-05-05
富邦樹林,220.0,1000,0,962E,6239,2026-05-05
富邦竹科,220.5,3100,0,962C,6239,2026-05-05
富邦竹科,222.5,0,1000,962C,6239,2026-05-05
富邦竹科,223.5,1000,2000,962C,6239,2026-05-05
富邦竹科,224.5,50,0,962C,6239,2026-05-05
富邦竹科,226.5,3000,1000,962C,6239,2026-05-05
富邦竹科,227.5,1305,2125,962C,6239,2026-05-05
富邦竹科,228.5,1000,4000,962C,6239,2026-05-05
富邦竹科,229.5,500,0,962C,6239,2026-05-05
富邦竹科,230.5,0,20000,962C,6239,2026-05-05
富邦竹科,232.5,1000,0,962C,6239,2026-05-05
富邦竹科,234.5,11000,100,962C,6239,2026-05-05
富邦竹科,235.5,0,1000,962C,6239,2026-05-05
富邦新莊,221.0,100,0,962D,6239,2026-05-05
富邦新莊,223.5,1,0,962D,6239,2026-05-05
富邦新莊,225.0,1300,0,962D,6239,2026-05-05
富邦新莊,227.0,0,2000,962D,6239,2026-05-05
富邦新莊,228.0,2000,0,962D,6239,2026-05-05
富邦新莊,229.5,30,3000,962D,6239,2026-05-05
富邦新莊,234.5,30,0,962D,6239,2026-05-05
富邦二林,232.0,1000,0,962B,6239,2026-05-05
富邦竹北,227.0,3060,2000,9624,6239,2026-05-05
富邦竹北,226.0,1010,70,9624,6239,2026-05-05
富邦竹北,225.0,2000,0,9624,6239,2026-05-05
富邦和美,224.0,5000,0,961P,6239,2026-05-05
富邦和美,225.5,5005,0,961P,6239,2026-05-05
富邦和美,227.5,2000,0,961P,6239,2026-05-05
富邦和美,229.5,100,1000,961P,6239,2026-05-05
富邦和美,231.0,3100,1000,961P,6239,2026-05-05
富邦和美,233.0,100,0,961P,6239,2026-05-05
富邦和美,236.5,1000,0,961P,6239,2026-05-05
富邦南員,221.0,2000,0,961R,6239,2026-05-05
富邦和美,223.0,10,10000,961P,6239,2026-05-05
富邦南員,223.0,1000,1000,961R,6239,2026-05-05
富邦南員,227.0,1000,0,961R,6239,2026-05-05
富邦南員,228.5,1000,0,961R,6239,2026-05-05
富邦南員,230.0,0,2000,961R,6239,2026-05-05
富邦南員,231.5,200,0,961R,6239,2026-05-05
富邦南員,233.5,0,1000,961R,6239,2026-05-05
富邦南員,234.5,0,200,961R,6239,2026-05-05
富邦屏東,220.5,1006,2000,961Y,6239,2026-05-05
富邦屏東,223.0,2000,0,961Y,6239,2026-05-05
富邦南員,224.5,1000,0,961R,6239,2026-05-05
富邦和美,222.0,5,0,961P,6239,2026-05-05
富邦和美,220.5,1100,0,961P,6239,2026-05-05
富邦青埔,233.5,1000,0,961N,6239,2026-05-05
富邦木柵,222.5,2000,0,961M,6239,2026-05-05
富邦木柵,223.5,1000,0,961M,6239,2026-05-05
富邦木柵,225.0,7000,50,961M,6239,2026-05-05
富邦木柵,226.0,1000,0,961M,6239,2026-05-05
富邦木柵,227.0,100,0,961M,6239,2026-05-05
富邦木柵,228.0,1000,2050,961M,6239,2026-05-05
富邦木柵,229.0,1000,0,961M,6239,2026-05-05
富邦木柵,230.0,0,102,961M,6239,2026-05-05
富邦木柵,232.0,0,4000,961M,6239,2026-05-05
富邦木柵,233.0,2000,0,961M,6239,2026-05-05
富邦木柵,235.0,1000,0,961M,6239,2026-05-05
富邦青埔,221.0,0,1000,961N,6239,2026-05-05
富邦青埔,223.5,1100,0,961N,6239,2026-05-05
富邦青埔,225.5,550,0,961N,6239,2026-05-05
富邦青埔,227.5,3201,0,961N,6239,2026-05-05
富邦青埔,228.5,1000,0,961N,6239,2026-05-05
富邦青埔,229.5,400,0,961N,6239,2026-05-05
富邦青埔,230.5,400,0,961N,6239,2026-05-05
富邦青埔,231.5,1000,0,961N,6239,2026-05-05
富邦屏東,224.5,1000,0,961Y,6239,2026-05-05
富邦屏東,226.0,2000,0,961Y,6239,2026-05-05
富邦屏東,228.0,1008,300,961Y,6239,2026-05-05
富邦屏東,234.0,0,1000,961Y,6239,2026-05-05
富邦台北,222.5,2000,1000,9623,6239,2026-05-05
富邦台北,223.5,3052,0,9623,6239,2026-05-05
富邦台北,224.5,2052,0,9623,6239,2026-05-05
富邦台北,225.5,2000,1000,9623,6239,2026-05-05
富邦台北,226.5,10050,3000,9623,6239,2026-05-05
富邦台北,227.5,5000,200,9623,6239,2026-05-05
富邦台北,228.5,130,8134,9623,6239,2026-05-05
富邦台北,229.5,3200,43,9623,6239,2026-05-05
富邦台北,230.5,1150,39,9623,6239,2026-05-05
富邦台北,231.5,2000,0,9623,6239,2026-05-05
富邦台北,232.5,1000,2000,9623,6239,2026-05-05
富邦台北,233.5,3000,2000,9623,6239,2026-05-05
富邦台北,234.5,2000,136,9623,6239,2026-05-05
富邦台北,235.5,2000,0,9623,6239,2026-05-05
富邦竹北,220.0,200,0,9624,6239,2026-05-05
富邦竹北,221.0,100,0,9624,6239,2026-05-05
富邦竹北,222.0,1000,0,9624,6239,2026-05-05
富邦竹北,223.0,2190,1000,9624,6239,2026-05-05
富邦竹北,224.0,50,2000,9624,6239,2026-05-05
富邦台北,221.5,2001,1000,9623,6239,2026-05-05
富邦三峽,235.0,0,1000,962J,6239,2026-05-05
富邦台北,220.5,2010,2000,9623,6239,2026-05-05
富邦花蓮,233.0,1,0,9621,6239,2026-05-05
富邦永康,220.5,10,2000,961Z,6239,2026-05-05
富邦永康,221.5,10,0,961Z,6239,2026-05-05
富邦永康,222.5,10,0,961Z,6239,2026-05-05
富邦永康,223.5,10,0,961Z,6239,2026-05-05
富邦永康,224.5,1040,1000,961Z,6239,2026-05-05
富邦永康,225.5,1550,1000,961Z,6239,2026-05-05
富邦永康,227.5,200,100,961Z,6239,2026-05-05
富邦永康,228.5,1000,0,961Z,6239,2026-05-05
富邦永康,230.0,0,109,961Z,6239,2026-05-05
富邦永康,232.0,0,50,961Z,6239,2026-05-05
富邦永康,234.5,1000,1000,961Z,6239,2026-05-05
富邦花蓮,221.5,1000,1000,9621,6239,2026-05-05
富邦花蓮,223.0,6000,0,9621,6239,2026-05-05
富邦花蓮,224.0,100,0,9621,6239,2026-05-05
富邦花蓮,225.0,1000,3000,9621,6239,2026-05-05
富邦花蓮,226.5,0,3000,9621,6239,2026-05-05
富邦花蓮,227.5,0,50,9621,6239,2026-05-05
富邦花蓮,228.5,2000,1000,9621,6239,2026-05-05
富邦花蓮,230.0,1000,0,9621,6239,2026-05-05
富邦花蓮,234.5,2000,0,9621,6239,2026-05-05
國泰新竹,221.5,100,0,888N,6239,2026-05-05
國泰新竹,223.5,1,0,888N,6239,2026-05-05
國泰新竹,228.0,2000,0,888N,6239,2026-05-05
華南岡山,228.5,7000,3000,9324,6239,2026-05-05
華南岡山,229.5,1000,1150,9324,6239,2026-05-05
華南岡山,230.5,1000,0,9324,6239,2026-05-05
華南岡山,232.0,0,1000,9324,6239,2026-05-05
華南岡山,233.5,5000,0,9324,6239,2026-05-05
華南岡山,234.5,1000,0,9324,6239,2026-05-05
華南忠孝,220.5,1000,0,9325,6239,2026-05-05
華南忠孝,221.5,50,0,9325,6239,2026-05-05
華南岡山,227.5,3000,10000,9324,6239,2026-05-05
華南忠孝,223.0,100,0,9325,6239,2026-05-05
華南忠孝,226.0,0,2000,9325,6239,2026-05-05
華南忠孝,227.5,250,1000,9325,6239,2026-05-05
華南忠孝,232.0,1000,1000,9325,6239,2026-05-05
華南忠孝,234.5,0,50,9325,6239,2026-05-05
華南南京,221.0,0,10000,9326,6239,2026-05-05
華南南京,222.5,10000,10000,9326,6239,2026-05-05
華南南京,223.5,300,0,9326,6239,2026-05-05
華南南京,224.5,2105,2000,9326,6239,2026-05-05
華南忠孝,225.0,0,2000,9325,6239,2026-05-05
華南岡山,226.5,0,20,9324,6239,2026-05-05
華南岡山,225.0,0,1000,9324,6239,2026-05-05
華南岡山,224.0,0,1012,9324,6239,2026-05-05
華南基隆,221.0,0,2000,9322,6239,2026-05-05
華南基隆,222.0,1000,0,9322,6239,2026-05-05
華南基隆,223.5,1000,0,9322,6239,2026-05-05
華南基隆,225.0,2000,1000,9322,6239,2026-05-05
華南基隆,226.5,3000,0,9322,6239,2026-05-05
華南基隆,229.5,1000,0,9322,6239,2026-05-05
華南基隆,232.0,3000,1100,9322,6239,2026-05-05
華南基隆,235.5,1000,0,9322,6239,2026-05-05
華南小港,222.0,1300,0,9323,6239,2026-05-05
華南小港,223.5,1000,0,9323,6239,2026-05-05
華南小港,225.0,1000,0,9323,6239,2026-05-05
華南小港,227.0,0,1000,9323,6239,2026-05-05
華南小港,229.5,100,0,9323,6239,2026-05-05
華南小港,231.0,0,200,9323,6239,2026-05-05
華南小港,232.0,1000,0,9323,6239,2026-05-05
華南小港,234.5,0,400,9323,6239,2026-05-05
華南岡山,220.5,3000,0,9324,6239,2026-05-05
華南岡山,221.5,1000,0,9324,6239,2026-05-05
華南岡山,223.0,1005,0,9324,6239,2026-05-05
華南南京,225.5,10000,10000,9326,6239,2026-05-05
華南鶯歌,234.0,1000,0,9319,6239,2026-05-05
華南南京,227.0,1000,8000,9326,6239,2026-05-05
華南南京,229.0,0,300,9326,6239,2026-05-05
華南潮州,229.0,0,1000,9328,6239,2026-05-05
華南潮州,232.0,1000,0,9328,6239,2026-05-05
華南潮州,235.0,1000,3000,9328,6239,2026-05-05
華南朴子,220.5,1000,0,9329,6239,2026-05-05
華南朴子,221.5,0,1000,9329,6239,2026-05-05
華南朴子,223.5,2000,0,9329,6239,2026-05-05
華南朴子,224.5,1202,0,9329,6239,2026-05-05
華南朴子,226.5,0,1000,9329,6239,2026-05-05
華南潮州,226.5,1000,0,9328,6239,2026-05-05
華南朴子,227.5,2000,2000,9329,6239,2026-05-05
華南朴子,230.5,1000,0,9329,6239,2026-05-05
華南朴子,233.0,0,5,9329,6239,2026-05-05
華南朴子,234.5,1000,0,9329,6239,2026-05-05
華南朴子,236.0,0,1000,9329,6239,2026-05-05
華南鳳山,220.5,2000,0,9331,6239,2026-05-05
華南鳳山,223.0,1050,0,9331,6239,2026-05-05
華南鳳山,224.0,1000,200,9331,6239,2026-05-05
華南鳳山,227.5,2000,0,9331,6239,2026-05-05
華南朴子,228.5,1000,0,9329,6239,2026-05-05
華南潮州,224.5,1070,0,9328,6239,2026-05-05
華南潮州,223.5,20,0,9328,6239,2026-05-05
華南潮州,222.0,5,0,9328,6239,2026-05-05
華南南京,230.0,0,11,9326,6239,2026-05-05
華南南京,231.5,200,1000,9326,6239,2026-05-05
華南南京,232.5,1050,0,9326,6239,2026-05-05
華南南京,233.5,1000,0,9326,6239,2026-05-05
華南南京,234.5,1000,0,9326,6239,2026-05-05
華南南京,236.0,0,5000,9326,6239,2026-05-05
華南斗六,220.5,15000,0,9327,6239,2026-05-05
華南斗六,222.0,0,1,9327,6239,2026-05-05
華南斗六,223.5,20000,0,9327,6239,2026-05-05
華南斗六,225.5,35000,0,9327,6239,2026-05-05
華南斗六,226.5,1,0,9327,6239,2026-05-05
華南斗六,227.5,1100,1000,9327,6239,2026-05-05
華南斗六,228.5,1000,8000,9327,6239,2026-05-05
華南斗六,230.0,2000,0,9327,6239,2026-05-05
華南斗六,232.0,0,11000,9327,6239,2026-05-05
華南斗六,233.5,1000,0,9327,6239,2026-05-05
華南斗六,234.5,2000,15000,9327,6239,2026-05-05
華南斗六,235.5,1000,15000,9327,6239,2026-05-05
華南斗六,236.5,3000,5000,9327,6239,2026-05-05
華南南京,228.0,2000,1100,9326,6239,2026-05-05
華南鳳山,228.5,100,1000,9331,6239,2026-05-05
華南鶯歌,231.0,0,5,9319,6239,2026-05-05
華南鶯歌,228.0,2000,2100,9319,6239,2026-05-05
華南大安,230.0,5,1000,9307,6239,2026-05-05
華南大安,235.5,1000,0,9307,6239,2026-05-05
華南麻豆,221.0,10,0,9308,6239,2026-05-05
華南麻豆,222.0,20,2000,9308,6239,2026-05-05
華南麻豆,223.5,1010,0,9308,6239,2026-05-05
華南麻豆,224.5,50,12000,9308,6239,2026-05-05
華南麻豆,225.5,0,1000,9308,6239,2026-05-05
華南麻豆,226.5,0,2000,9308,6239,2026-05-05
華南大安,229.0,10000,2000,9307,6239,2026-05-05
華南麻豆,227.5,3000,4000,9308,6239,2026-05-05
華南麻豆,229.5,30,0,9308,6239,2026-05-05
華南麻豆,232.0,1000,1000,9308,6239,2026-05-05
華南麻豆,234.5,0,1000,9308,6239,2026-05-05
華南麻豆,236.0,1000,1000,9308,6239,2026-05-05
華南古亭,227.5,0,1000,9309,6239,2026-05-05
華南古亭,234.0,1000,0,9309,6239,2026-05-05
華南民權,220.5,0,1000,9312,6239,2026-05-05
華南民權,223.0,1005,0,9312,6239,2026-05-05
華南麻豆,228.5,0,1000,9308,6239,2026-05-05
華南大安,227.5,0,1000,9307,6239,2026-05-05
華南大安,225.5,1000,0,9307,6239,2026-05-05
華南大安,224.5,1000,1000,9307,6239,2026-05-05
華南高雄,233.5,0,2000,9303,6239,2026-05-05
華南高雄,234.5,0,3000,9303,6239,2026-05-05
華南新莊,222.0,1000,0,9305,6239,2026-05-05
華南新莊,224.5,5000,10,9305,6239,2026-05-05
華南新莊,227.0,0,1000,9305,6239,2026-05-05
華南新莊,229.0,0,2000,9305,6239,2026-05-05
華南新莊,230.5,1000,0,9305,6239,2026-05-05
華南新莊,236.0,0,1000,9305,6239,2026-05-05
華南台南,221.0,1,0,9306,6239,2026-05-05
華南台南,223.5,1000,2000,9306,6239,2026-05-05
華南台南,224.5,15,0,9306,6239,2026-05-05
華南台南,227.0,1001,180,9306,6239,2026-05-05
華南台南,228.0,1000,0,9306,6239,2026-05-05
華南台南,230.0,1000,0,9306,6239,2026-05-05
華南台南,232.0,4000,1000,9306,6239,2026-05-05
華南台南,234.5,100,0,9306,6239,2026-05-05
華南大安,220.5,1010,10000,9307,6239,2026-05-05
華南大安,222.0,2000,0,9307,6239,2026-05-05
華南大安,223.0,2000,100,9307,6239,2026-05-05
華南民權,224.0,2,0,9312,6239,2026-05-05
華南鶯歌,230.0,1000,1000,9319,6239,2026-05-05
華南民權,225.5,1000,1000,9312,6239,2026-05-05
華南民權,228.5,1000,0,9312,6239,2026-05-05
華南淡水,229.0,0,1000,9316,6239,2026-05-05
華南淡水,231.5,0,78,9316,6239,2026-05-05
華南淡水,234.0,1000,0,9316,6239,2026-05-05
華南淡水,235.5,0,1000,9316,6239,2026-05-05
華南林口,221.5,1200,0,9317,6239,2026-05-05
華南林口,222.5,1000,2000,9317,6239,2026-05-05
華南林口,223.5,1000,0,9317,6239,2026-05-05
華南林口,225.5,300,1000,9317,6239,2026-05-05
華南淡水,227.5,0,14000,9316,6239,2026-05-05
華南林口,227.0,1000,1000,9317,6239,2026-05-05
華南林口,229.0,2005,0,9317,6239,2026-05-05
華南林口,230.0,65,0,9317,6239,2026-05-05
華南林口,232.5,0,2000,9317,6239,2026-05-05
華南鶯歌,220.5,1000,0,9319,6239,2026-05-05
華南鶯歌,222.5,1000,0,9319,6239,2026-05-05
華南鶯歌,223.5,1000,0,9319,6239,2026-05-05
華南鶯歌,225.0,0,1000,9319,6239,2026-05-05
華南鶯歌,226.5,0,1000,9319,6239,2026-05-05
華南林口,228.0,1000,1000,9317,6239,2026-05-05
華南淡水,225.0,500,0,9316,6239,2026-05-05
華南淡水,224.0,1000,0,9316,6239,2026-05-05
華南淡水,222.5,1000,0,9316,6239,2026-05-05
華南民權,230.5,10,0,9312,6239,2026-05-05
華南民權,234.5,1000,0,9312,6239,2026-05-05
華南嘉義,220.5,1000,0,9314,6239,2026-05-05
華南嘉義,223.0,1000,0,9314,6239,2026-05-05
華南嘉義,224.0,1000,0,9314,6239,2026-05-05
華南嘉義,225.0,0,20000,9314,6239,2026-05-05
華南嘉義,227.0,0,1000,9314,6239,2026-05-05
華南嘉義,228.5,1050,0,9314,6239,2026-05-05
華南嘉義,229.5,1000,0,9314,6239,2026-05-05
華南嘉義,230.5,1000,0,9314,6239,2026-05-05
華南嘉義,233.5,1000,0,9314,6239,2026-05-05
華南嘉義,234.5,10000,0,9314,6239,2026-05-05
華南大甲,220.5,1000,0,9315,6239,2026-05-05
華南大甲,222.5,0,1000,9315,6239,2026-05-05
華南大甲,224.0,200,0,9315,6239,2026-05-05
華南大甲,226.0,1000,0,9315,6239,2026-05-05
華南大甲,228.0,0,1000,9315,6239,2026-05-05
華南大甲,235.0,3000,0,9315,6239,2026-05-05
華南淡水,221.0,102,0,9316,6239,2026-05-05
華南民權,227.5,0,2000,9312,6239,2026-05-05
華南鳳山,229.5,80,0,9331,6239,2026-05-05
華南鳳山,232.0,2000,1030,9331,6239,2026-05-05
華南鳳山,235.0,1000,0,9331,6239,2026-05-05
華南豐原,223.0,3000,0,9366,6239,2026-05-05
華南豐原,225.0,0,1000,9366,6239,2026-05-05
華南豐原,226.0,100,0,9366,6239,2026-05-05
華南豐原,227.0,0,100,9366,6239,2026-05-05
華南豐原,228.0,2025,1000,9366,6239,2026-05-05
華南豐原,229.0,0,3000,9366,6239,2026-05-05
華南豐原,232.0,2000,0,9366,6239,2026-05-05
華南三重,220.0,10000,0,9369,6239,2026-05-05
華南豐原,221.0,1000,0,9366,6239,2026-05-05
華南三重,221.0,10000,0,9369,6239,2026-05-05
華南三重,224.0,0,10000,9369,6239,2026-05-05
華南三重,225.0,10000,0,9369,6239,2026-05-05
華南三重,226.5,0,10000,9369,6239,2026-05-05
華南三重,228.0,11050,10000,9369,6239,2026-05-05
華南三重,229.0,0,2000,9369,6239,2026-05-05
華南三重,230.5,5000,0,9369,6239,2026-05-05
華南三重,232.0,10000,0,9369,6239,2026-05-05
華南三重,233.0,3000,0,9369,6239,2026-05-05
華南三重,222.5,10000,0,9369,6239,2026-05-05
華南彰化,236.0,1000,0,9363,6239,2026-05-05
華南彰化,234.0,4000,0,9363,6239,2026-05-05
華南彰化,233.0,1000,0,9363,6239,2026-05-05
華南中正,234.5,1000,0,9359,6239,2026-05-05
華南苗栗,222.5,2000,0,9362,6239,2026-05-05
華南苗栗,223.5,0,1000,9362,6239,2026-05-05
華南苗栗,226.0,1000,1000,9362,6239,2026-05-05
華南苗栗,228.5,1000,0,9362,6239,2026-05-05
華南苗栗,230.0,2000,25,9362,6239,2026-05-05
華南苗栗,231.5,10,0,9362,6239,2026-05-05
華南苗栗,233.0,100,0,9362,6239,2026-05-05
華南苗栗,234.5,1000,0,9362,6239,2026-05-05
華南苗栗,235.5,0,3000,9362,6239,2026-05-05
華南彰化,220.5,1000,0,9363,6239,2026-05-05
華南彰化,222.5,50,0,9363,6239,2026-05-05
華南彰化,223.5,1000,0,9363,6239,2026-05-05
華南彰化,225.5,1000,100,9363,6239,2026-05-05
華南彰化,226.5,0,2000,9363,6239,2026-05-05
華南彰化,227.5,50,2000,9363,6239,2026-05-05
華南彰化,228.5,1000,2000,9363,6239,2026-05-05
華南彰化,229.5,1000,0,9363,6239,2026-05-05
華南彰化,231.0,1000,150,9363,6239,2026-05-05
華南三重,235.0,1000,1000,9369,6239,2026-05-05
華南中正,233.5,1000,0,9359,6239,2026-05-05
華南虎尾,221.0,1000,0,9377,6239,2026-05-05
華南虎尾,224.5,21000,0,9377,6239,2026-05-05
富邦,230.0,235,57002,9600,6239,2026-05-05
富邦,231.0,0,14020,9600,6239,2026-05-05
富邦,232.0,1006,45000,9600,6239,2026-05-05
富邦,233.0,0,42000,9600,6239,2026-05-05
富邦,234.0,0,12000,9600,6239,2026-05-05
富邦,235.0,0,12000,9600,6239,2026-05-05
富邦陽明,220.0,1000,0,9604,6239,2026-05-05
富邦陽明,221.0,4100,0,9604,6239,2026-05-05
富邦,229.0,3100,21000,9600,6239,2026-05-05
富邦陽明,222.0,3050,50,9604,6239,2026-05-05
富邦陽明,224.0,6050,3000,9604,6239,2026-05-05
富邦陽明,225.0,6330,3000,9604,6239,2026-05-05
富邦陽明,226.0,1000,1000,9604,6239,2026-05-05
富邦陽明,227.0,2045,6000,9604,6239,2026-05-05
富邦陽明,228.0,3755,16000,9604,6239,2026-05-05
富邦陽明,229.0,3000,1000,9604,6239,2026-05-05
富邦陽明,230.0,650,78,9604,6239,2026-05-05
富邦陽明,231.0,1000,0,9604,6239,2026-05-05
富邦陽明,223.0,3000,0,9604,6239,2026-05-05
富邦,228.0,8228,109670,9600,6239,2026-05-05
富邦,227.0,1001,44000,9600,6239,2026-05-05
富邦,226.0,5,40000,9600,6239,2026-05-05
華南虎尾,225.5,75,0,9377,6239,2026-05-05
華南虎尾,226.5,1005,1000,9377,6239,2026-05-05
華南虎尾,227.5,5010,25,9377,6239,2026-05-05
華南虎尾,228.5,1000,20,9377,6239,2026-05-05
華南虎尾,229.5,100,0,9377,6239,2026-05-05
華南虎尾,232.0,0,5000,9377,6239,2026-05-05
華南虎尾,234.5,11000,0,9377,6239,2026-05-05
華南虎尾,235.5,0,1000,9377,6239,2026-05-05
華南東昇,221.0,2000,0,9386,6239,2026-05-05
華南東昇,223.5,100,0,9386,6239,2026-05-05
華南東昇,225.0,1400,0,9386,6239,2026-05-05
華南東昇,227.0,1000,0,9386,6239,2026-05-05
華南東昇,228.0,6,0,9386,6239,2026-05-05
華南東昇,231.5,2000,0,9386,6239,2026-05-05
富邦,221.0,1005,1,9600,6239,2026-05-05
富邦,222.0,1001,386,9600,6239,2026-05-05
富邦,223.0,1030,1384,9600,6239,2026-05-05
富邦,224.0,1024,990,9600,6239,2026-05-05
富邦,225.0,5,40381,9600,6239,2026-05-05
華南虎尾,222.5,1200,0,9377,6239,2026-05-05
華南中正,231.5,0,1000,9359,6239,2026-05-05
華南中正,230.0,30,1000,9359,6239,2026-05-05
華南中正,229.0,5000,0,9359,6239,2026-05-05
華南世貿,225.5,2000,0,9334,6239,2026-05-05
華南世貿,228.0,10,0,9334,6239,2026-05-05
華南世貿,229.0,2000,4000,9334,6239,2026-05-05
華南世貿,231.0,0,2100,9334,6239,2026-05-05
華南世貿,232.5,2000,0,9334,6239,2026-05-05
華南世貿,235.0,4000,0,9334,6239,2026-05-05
華南內壢,222.5,2000,0,9337,6239,2026-05-05
華南內壢,224.0,50,0,9337,6239,2026-05-05
華南世貿,224.5,0,1000,9334,6239,2026-05-05
華南內壢,227.5,1100,1000,9337,6239,2026-05-05
華南內壢,229.5,10,0,9337,6239,2026-05-05
華南內壢,232.0,0,1000,9337,6239,2026-05-05
華南內壢,233.0,1000,0,9337,6239,2026-05-05
華南內壢,234.0,10000,0,9337,6239,2026-05-05
華南竹北,220.5,1000,0,9339,6239,2026-05-05
華南竹北,222.0,835,0,9339,6239,2026-05-05
華南竹北,225.0,0,2000,9339,6239,2026-05-05
華南竹北,228.0,0,1000,9339,6239,2026-05-05
華南內壢,228.5,30,0,9337,6239,2026-05-05
華南世貿,220.5,0,1000,9334,6239,2026-05-05
華南長虹,235.5,0,1000,9333,6239,2026-05-05
華南長虹,234.0,1000,1000,9333,6239,2026-05-05
華南楠梓,220.0,1000,0,9332,6239,2026-05-05
華南楠梓,221.0,1000,10000,9332,6239,2026-05-05
華南楠梓,222.5,2000,0,9332,6239,2026-05-05
華南楠梓,223.5,3105,0,9332,6239,2026-05-05
華南楠梓,225.0,1020,100,9332,6239,2026-05-05
華南楠梓,226.5,0,3000,9332,6239,2026-05-05
華南楠梓,227.5,13063,6000,9332,6239,2026-05-05
華南楠梓,228.5,3000,0,9332,6239,2026-05-05
華南楠梓,230.0,2000,2000,9332,6239,2026-05-05
華南楠梓,231.5,0,20,9332,6239,2026-05-05
華南楠梓,232.5,100,0,9332,6239,2026-05-05
華南楠梓,235.5,2000,0,9332,6239,2026-05-05
華南長虹,220.5,0,1000,9333,6239,2026-05-05
華南長虹,224.0,3000,0,9333,6239,2026-05-05
華南長虹,225.0,1000,1000,9333,6239,2026-05-05
華南長虹,227.0,1000,1010,9333,6239,2026-05-05
華南長虹,228.0,0,2000,9333,6239,2026-05-05
華南長虹,229.0,5000,0,9333,6239,2026-05-05
華南長虹,232.0,0,1000,9333,6239,2026-05-05
華南竹北,230.0,1000,0,9339,6239,2026-05-05
華南竹北,236.0,0,1000,9339,6239,2026-05-05
華南頭份,222.0,100,0,9343,6239,2026-05-05
華南頭份,223.0,1000,2000,9343,6239,2026-05-05
華南桃園,220.5,500,0,9352,6239,2026-05-05
華南桃園,223.0,0,1000,9352,6239,2026-05-05
華南桃園,225.0,1000,0,9352,6239,2026-05-05
華南桃園,228.0,0,4000,9352,6239,2026-05-05
華南桃園,229.5,7,0,9352,6239,2026-05-05
華南桃園,231.5,1000,0,9352,6239,2026-05-05
華南桃園,233.0,2000,0,9352,6239,2026-05-05
華南東勢,220.0,0,1000,9358,6239,2026-05-05
華南東勢,221.0,1000,32000,9358,6239,2026-05-05
華南東勢,225.0,1000,0,9358,6239,2026-05-05
華南東勢,227.0,0,1000,9358,6239,2026-05-05
華南東勢,228.5,1000,2000,9358,6239,2026-05-05
華南東勢,229.5,0,1000,9358,6239,2026-05-05
華南東勢,235.0,1000,0,9358,6239,2026-05-05
華南中正,220.5,4000,0,9359,6239,2026-05-05
華南中正,223.0,3000,0,9359,6239,2026-05-05
華南中正,224.0,0,1000,9359,6239,2026-05-05
華南中正,227.0,2000,2000,9359,6239,2026-05-05
華南中正,228.0,1000,0,9359,6239,2026-05-05
華南板橋,234.5,3000,1000,9349,6239,2026-05-05
華南高雄,231.5,0,2,9303,6239,2026-05-05
華南板橋,233.0,0,1000,9349,6239,2026-05-05
華南板橋,229.5,2000,0,9349,6239,2026-05-05
華南頭份,227.5,2000,17000,9343,6239,2026-05-05
華南頭份,230.0,5000,0,9343,6239,2026-05-05
華南頭份,231.0,1000,0,9343,6239,2026-05-05
華南頭份,232.0,1000,0,9343,6239,2026-05-05
華南頭份,234.0,1000,0,9343,6239,2026-05-05
華南頭份,235.0,1000,0,9343,6239,2026-05-05
華南敦南,220.5,1000,0,9347,6239,2026-05-05
華南敦南,223.5,1000,1000,9347,6239,2026-05-05
華南敦南,226.0,1000,0,9347,6239,2026-05-05
華南敦南,227.5,550,1000,9347,6239,2026-05-05
華南敦南,228.5,0,1000,9347,6239,2026-05-05
華南敦南,231.0,1000,0,9347,6239,2026-05-05
華南敦南,234.0,1000,0,9347,6239,2026-05-05
華南板橋,221.0,6000,0,9349,6239,2026-05-05
華南板橋,223.0,1000,0,9349,6239,2026-05-05
華南板橋,225.0,2000,0,9349,6239,2026-05-05
華南板橋,226.5,1000,1000,9349,6239,2026-05-05
華南板橋,227.5,1000,0,9349,6239,2026-05-05
華南板橋,228.5,2000,0,9349,6239,2026-05-05
華南板橋,232.0,0,150,9349,6239,2026-05-05
富邦陽明,232.0,2000,1075,9604,6239,2026-05-05
華南高雄,229.5,0,1,9303,6239,2026-05-05
華南高雄,227.0,2000,0,9303,6239,2026-05-05
凱基竹北,221.0,0,2000,9234,6239,2026-05-05
凱基竹北,222.0,1000,1000,9234,6239,2026-05-05
凱基竹北,223.0,65,0,9234,6239,2026-05-05
凱基竹北,225.0,1000,0,9234,6239,2026-05-05
凱基竹北,226.0,3000,0,9234,6239,2026-05-05
凱基竹北,227.5,2000,4000,9234,6239,2026-05-05
凱基竹北,228.5,1000,1100,9234,6239,2026-05-05
凱基竹北,229.5,2000,0,9234,6239,2026-05-05
凱基竹北,220.0,1000,0,9234,6239,2026-05-05
凱基竹北,231.0,0,1,9234,6239,2026-05-05
凱基竹北,234.5,5000,5005,9234,6239,2026-05-05
凱基永華,220.5,2000,0,9235,6239,2026-05-05
凱基永華,223.5,2050,0,9235,6239,2026-05-05
凱基永華,224.5,2000,5,9235,6239,2026-05-05
凱基永華,227.0,0,12000,9235,6239,2026-05-05
凱基永華,228.5,50,0,9235,6239,2026-05-05
凱基永華,230.0,0,1000,9235,6239,2026-05-05
凱基永華,234.0,1000,0,9235,6239,2026-05-05
凱基竹北,233.0,0,1000,9234,6239,2026-05-05
凱基長庚,231.5,1000,0,9233,6239,2026-05-05
凱基長庚,230.5,2000,1000,9233,6239,2026-05-05
凱基長庚,229.0,70,0,9233,6239,2026-05-05
凱基中山,228.5,0,11000,9229,6239,2026-05-05
凱基中山,229.5,100,1,9229,6239,2026-05-05
凱基中山,231.5,0,1000,9229,6239,2026-05-05
凱基中山,234.0,2000,2000,9229,6239,2026-05-05
凱基中山,235.0,0,1000,9229,6239,2026-05-05
凱基屏東,223.5,1000,0,922C,6239,2026-05-05
凱基屏東,227.5,35,0,922C,6239,2026-05-05
凱基屏東,229.0,1000,0,922C,6239,2026-05-05
凱基屏東,236.5,0,20000,922C,6239,2026-05-05
凱基員林,223.5,1000,0,9231,6239,2026-05-05
凱基員林,226.0,1000,0,9231,6239,2026-05-05
凱基員林,230.0,1000,0,9231,6239,2026-05-05
凱基長庚,220.0,1000,0,9233,6239,2026-05-05
凱基長庚,221.5,1000,1000,9233,6239,2026-05-05
凱基長庚,223.0,2000,0,9233,6239,2026-05-05
凱基長庚,224.0,0,2000,9233,6239,2026-05-05
凱基長庚,225.5,1000,0,9233,6239,2026-05-05
凱基長庚,226.5,1005,0,9233,6239,2026-05-05
凱基長庚,228.0,2000,3000,9233,6239,2026-05-05
凱基永華,235.5,1000,0,9235,6239,2026-05-05
凱基中山,227.5,2000,0,9229,6239,2026-05-05
凱基虎尾,223.5,150,0,9236,6239,2026-05-05
凱基虎尾,226.0,2000,0,9236,6239,2026-05-05
凱基市政,227.0,1550,0,9239,6239,2026-05-05
凱基市政,228.0,1030,1000,9239,6239,2026-05-05
凱基市政,229.0,1000,1000,9239,6239,2026-05-05
凱基市政,230.0,300,0,9239,6239,2026-05-05
凱基市政,233.0,1000,0,9239,6239,2026-05-05
凱基市政,234.5,1000,0,9239,6239,2026-05-05
凱基嘉義,221.5,2000,0,9252,6239,2026-05-05
凱基嘉義,222.5,1000,1000,9252,6239,2026-05-05
凱基市政,225.5,50,0,9239,6239,2026-05-05
凱基嘉義,224.0,50,0,9252,6239,2026-05-05
凱基嘉義,227.5,1000,40,9252,6239,2026-05-05
凱基嘉義,228.5,0,200,9252,6239,2026-05-05
凱基嘉義,230.0,1200,0,9252,6239,2026-05-05
凱基嘉義,231.5,2400,0,9252,6239,2026-05-05
凱基嘉義,233.0,100,0,9252,6239,2026-05-05
凱基嘉義,234.0,0,1000,9252,6239,2026-05-05
凱基科園,220.5,0,3000,9254,6239,2026-05-05
凱基科園,223.0,10,1000,9254,6239,2026-05-05
凱基嘉義,226.5,1000,0,9252,6239,2026-05-05
凱基市政,224.5,1000,0,9239,6239,2026-05-05
凱基市政,223.0,0,1000,9239,6239,2026-05-05
凱基市政,220.5,1000,0,9239,6239,2026-05-05
凱基虎尾,227.5,1000,0,9236,6239,2026-05-05
凱基虎尾,234.5,0,1000,9236,6239,2026-05-05
凱基敦北,220.5,1000,0,9237,6239,2026-05-05
凱基敦北,223.0,1123,1000,9237,6239,2026-05-05
凱基敦北,224.5,1000,0,9237,6239,2026-05-05
凱基敦北,226.0,2000,0,9237,6239,2026-05-05
凱基敦北,227.5,1000,0,9237,6239,2026-05-05
凱基敦北,228.5,500,0,9237,6239,2026-05-05
凱基敦北,232.0,0,5000,9237,6239,2026-05-05
凱基敦北,235.0,0,1000,9237,6239,2026-05-05
凱基士林,222.5,1000,0,9238,6239,2026-05-05
凱基士林,223.5,100,1000,9238,6239,2026-05-05
凱基士林,224.5,5000,1000,9238,6239,2026-05-05
凱基士林,226.5,1000,0,9238,6239,2026-05-05
凱基士林,227.5,0,2000,9238,6239,2026-05-05
凱基士林,228.5,0,1070,9238,6239,2026-05-05
凱基士林,229.5,1000,0,9238,6239,2026-05-05
凱基士林,233.5,1000,0,9238,6239,2026-05-05
凱基士林,235.0,4000,0,9238,6239,2026-05-05
凱基虎尾,224.5,0,4000,9236,6239,2026-05-05
凱基科園,224.5,0,1000,9254,6239,2026-05-05
凱基中山,226.0,1000,0,9229,6239,2026-05-05
凱基中山,222.5,1000,0,9229,6239,2026-05-05
凱基五股,227.5,3000,0,921G,6239,2026-05-05
凱基五股,229.0,2000,0,921G,6239,2026-05-05
凱基五股,232.5,0,200,921G,6239,2026-05-05
凱基土城,221.0,100,0,921J,6239,2026-05-05
凱基土城,225.0,100,0,921J,6239,2026-05-05
凱基土城,226.5,1000,2000,921J,6239,2026-05-05
凱基土城,228.0,2100,2000,921J,6239,2026-05-05
凱基土城,230.0,100,0,921J,6239,2026-05-05
凱基五股,226.0,0,2000,921G,6239,2026-05-05
凱基土城,233.0,0,1000,921J,6239,2026-05-05
凱基八德,224.5,1000,0,921M,6239,2026-05-05
凱基八德,226.5,1000,3000,921M,6239,2026-05-05
凱基八德,227.5,0,2000,921M,6239,2026-05-05
凱基八德,232.5,1000,0,921M,6239,2026-05-05
凱基八德,234.0,1000,0,921M,6239,2026-05-05
凱基八德,235.0,2000,0,921M,6239,2026-05-05
凱基新莊,220.5,1000,0,921S,6239,2026-05-05
凱基新莊,223.5,2000,0,921S,6239,2026-05-05
凱基八德,222.5,1000,0,921M,6239,2026-05-05
凱基五股,223.5,2000,0,921G,6239,2026-05-05
凱基五股,222.5,0,2000,921G,6239,2026-05-05
凱基五股,220.0,1000,0,921G,6239,2026-05-05
統一金門,225.5,1000,0,585W,6239,2026-05-05
凱基民權,221.5,1000,0,921C,6239,2026-05-05
凱基民權,224.5,11002,0,921C,6239,2026-05-05
凱基民權,226.5,30,7000,921C,6239,2026-05-05
凱基民權,227.5,2085,200,921C,6239,2026-05-05
凱基民權,228.5,130,2200,921C,6239,2026-05-05
凱基民權,230.0,0,40,921C,6239,2026-05-05
凱基民權,232.0,2000,2000,921C,6239,2026-05-05
凱基民權,235.0,1000,0,921C,6239,2026-05-05
凱基三峽,221.5,0,6200,921E,6239,2026-05-05
凱基三峽,223.5,3000,0,921E,6239,2026-05-05
凱基三峽,224.5,0,3000,921E,6239,2026-05-05
凱基三峽,225.5,0,2000,921E,6239,2026-05-05
凱基三峽,227.5,0,1000,921E,6239,2026-05-05
凱基三峽,229.0,1000,0,921E,6239,2026-05-05
凱基三峽,230.0,1,0,921E,6239,2026-05-05
凱基三峽,233.0,0,1000,921E,6239,2026-05-05
凱基三峽,234.0,1000,0,921E,6239,2026-05-05
凱基三峽,235.5,2000,0,921E,6239,2026-05-05
凱基新莊,227.0,0,1000,921S,6239,2026-05-05
凱基中山,223.5,3000,0,9229,6239,2026-05-05
凱基新莊,228.5,1025,0,921S,6239,2026-05-05
凱基新莊,230.5,0,100,921S,6239,2026-05-05
凱基內埔,235.0,1000,0,9225,6239,2026-05-05
凱基汐止,220.5,1000,0,9226,6239,2026-05-05
凱基汐止,223.0,500,0,9226,6239,2026-05-05
凱基汐止,226.0,0,1000,9226,6239,2026-05-05
凱基汐止,227.0,0,5000,9226,6239,2026-05-05
凱基汐止,228.0,25,2000,9226,6239,2026-05-05
凱基汐止,231.0,3000,0,9226,6239,2026-05-05
凱基汐止,233.5,1000,0,9226,6239,2026-05-05
凱基內埔,232.0,4000,1000,9225,6239,2026-05-05
凱基城中,222.5,0,5000,9227,6239,2026-05-05
凱基城中,225.5,1000,1000,9227,6239,2026-05-05
凱基城中,226.5,3000,0,9227,6239,2026-05-05
凱基城中,228.0,1000,2200,9227,6239,2026-05-05
凱基城中,229.0,0,1000,9227,6239,2026-05-05
凱基城中,232.0,0,10000,9227,6239,2026-05-05
凱基城中,233.0,0,5000,9227,6239,2026-05-05
凱基城中,235.0,2000,0,9227,6239,2026-05-05
凱基中山,221.5,1000,0,9229,6239,2026-05-05
凱基城中,223.5,0,1000,9227,6239,2026-05-05
凱基內埔,230.5,200,0,9225,6239,2026-05-05
凱基內埔,228.0,100,0,9225,6239,2026-05-05
凱基內埔,227.0,100,1000,9225,6239,2026-05-05
凱基新莊,235.0,1000,0,921S,6239,2026-05-05
凱基東勢,222.0,1000,0,921Y,6239,2026-05-05
凱基東勢,224.0,1000,0,921Y,6239,2026-05-05
凱基東勢,226.0,0,20,921Y,6239,2026-05-05
凱基東勢,227.5,6000,2300,921Y,6239,2026-05-05
凱基東勢,230.0,100,0,921Y,6239,2026-05-05
凱基東勢,232.5,1000,0,921Y,6239,2026-05-05
凱基豐中,220.5,5000,2000,9223,6239,2026-05-05
凱基豐中,222.0,1000,0,9223,6239,2026-05-05
凱基豐中,223.0,100,0,9223,6239,2026-05-05
凱基豐中,224.5,11000,0,9223,6239,2026-05-05
凱基豐中,225.5,13000,0,9223,6239,2026-05-05
凱基豐中,226.5,1000,14000,9223,6239,2026-05-05
凱基豐中,227.5,1004,2000,9223,6239,2026-05-05
凱基豐中,228.5,2200,0,9223,6239,2026-05-05
凱基豐中,229.5,6,0,9223,6239,2026-05-05
凱基豐中,232.0,1008,0,9223,6239,2026-05-05
凱基豐中,234.5,3004,0,9223,6239,2026-05-05
凱基內埔,223.0,1000,23000,9225,6239,2026-05-05
凱基新莊,229.5,0,100,921S,6239,2026-05-05
凱基科園,229.0,0,25,9254,6239,2026-05-05
凱基科園,230.5,0,1000,9254,6239,2026-05-05
凱基科園,233.0,1000,0,9254,6239,2026-05-05
凱基內湖,222.5,1000,0,9287,6239,2026-05-05
凱基內湖,224.5,1000,0,9287,6239,2026-05-05
凱基內湖,225.5,3000,0,9287,6239,2026-05-05
凱基內湖,227.0,0,1000,9287,6239,2026-05-05
凱基內湖,228.5,10000,0,9287,6239,2026-05-05
凱基內湖,231.5,1000,0,9287,6239,2026-05-05
凱基內湖,233.0,50,0,9287,6239,2026-05-05
凱基內湖,234.5,50,19,9287,6239,2026-05-05
凱基內湖,221.0,2000,0,9287,6239,2026-05-05
凱基埔墘,227.5,1000,0,9288,6239,2026-05-05
凱基興隆,223.0,1000,0,9289,6239,2026-05-05
凱基興隆,227.5,0,1000,9289,6239,2026-05-05
凱基興隆,230.0,0,1100,9289,6239,2026-05-05
凱基大安,220.5,1000,0,9291,6239,2026-05-05
凱基大安,228.0,1000,12000,9291,6239,2026-05-05
凱基大安,233.0,1000,0,9291,6239,2026-05-05
凱基大安,235.5,11000,0,9291,6239,2026-05-05
凱基頭份,220.5,1000,0,9296,6239,2026-05-05
凱基埔墘,234.0,0,1000,9288,6239,2026-05-05
凱基中壢,235.0,1000,2000,9285,6239,2026-05-05
凱基中壢,233.0,1000,1000,9285,6239,2026-05-05
凱基中壢,232.0,0,1000,9285,6239,2026-05-05
凱基永康,225.5,50,0,9278,6239,2026-05-05
凱基永康,227.5,2000,0,9278,6239,2026-05-05
凱基永康,229.0,1000,0,9278,6239,2026-05-05
凱基永康,234.5,0,50,9278,6239,2026-05-05
凱基斗六,223.5,30,0,9281,6239,2026-05-05
凱基斗六,228.0,100,0,9281,6239,2026-05-05
凱基斗六,233.0,1000,0,9281,6239,2026-05-05
凱基北門,223.0,2000,0,9283,6239,2026-05-05
凱基北門,228.0,1000,1000,9283,6239,2026-05-05
凱基北門,229.0,1000,0,9283,6239,2026-05-05
凱基北門,235.0,0,1000,9283,6239,2026-05-05
凱基中壢,221.0,100,0,9285,6239,2026-05-05
凱基中壢,222.0,1198,0,9285,6239,2026-05-05
凱基中壢,223.0,2600,0,9285,6239,2026-05-05
凱基中壢,224.5,1050,2000,9285,6239,2026-05-05
凱基中壢,226.5,1000,0,9285,6239,2026-05-05
凱基中壢,227.5,13060,4000,9285,6239,2026-05-05
凱基中壢,228.5,1000,4000,9285,6239,2026-05-05
凱基中壢,229.5,2000,0,9285,6239,2026-05-05
凱基頭份,223.5,1000,0,9296,6239,2026-05-05
凱基永康,224.0,2000,0,9278,6239,2026-05-05
凱基頭份,227.0,1000,0,9296,6239,2026-05-05
凱基頭份,230.0,0,1500,9296,6239,2026-05-05
華南台中,222.0,1500,0,9302,6239,2026-05-05
華南台中,223.0,1000,0,9302,6239,2026-05-05
華南台中,224.0,4000,0,9302,6239,2026-05-05
華南台中,225.0,1000,8,9302,6239,2026-05-05
華南台中,226.0,2000,1000,9302,6239,2026-05-05
華南台中,227.0,1000,1000,9302,6239,2026-05-05
華南台中,228.0,6000,4220,9302,6239,2026-05-05
華南台中,229.0,3000,3200,9302,6239,2026-05-05
華南台中,221.0,10,5000,9302,6239,2026-05-05
華南台中,230.0,105,0,9302,6239,2026-05-05
華南台中,233.5,0,1000,9302,6239,2026-05-05
華南台中,234.5,3000,5000,9302,6239,2026-05-05
華南台中,235.5,1000,0,9302,6239,2026-05-05
華南高雄,220.0,1000,0,9303,6239,2026-05-05
華南高雄,221.0,160,0,9303,6239,2026-05-05
華南高雄,222.5,313,0,9303,6239,2026-05-05
華南高雄,223.5,200,0,9303,6239,2026-05-05
華南高雄,225.0,0,4000,9303,6239,2026-05-05
華南台中,232.0,6000,2000,9302,6239,2026-05-05
華南台中,220.0,2000,0,9302,6239,2026-05-05
華南永昌,235.0,0,1000,9300,6239,2026-05-05
華南永昌,234.0,5000,129000,9300,6239,2026-05-05
凱基頭份,235.5,1000,0,9296,6239,2026-05-05
凱基文心,222.5,1000,0,9297,6239,2026-05-05
凱基文心,224.5,2000,0,9297,6239,2026-05-05
凱基文心,225.5,4,0,9297,6239,2026-05-05
凱基文心,227.5,4000,4,9297,6239,2026-05-05
凱基文心,229.5,0,200,9297,6239,2026-05-05
華南永昌,220.0,2000,0,9300,6239,2026-05-05
華南永昌,221.0,200,0,9300,6239,2026-05-05
華南永昌,222.5,0,2000,9300,6239,2026-05-05
華南永昌,223.5,5100,191000,9300,6239,2026-05-05
華南永昌,224.5,1005,17000,9300,6239,2026-05-05
華南永昌,225.5,0,2000,9300,6239,2026-05-05
華南永昌,226.5,5050,15020,9300,6239,2026-05-05
華南永昌,227.5,9000,4030,9300,6239,2026-05-05
華南永昌,228.5,14015,0,9300,6239,2026-05-05
華南永昌,229.5,124,101000,9300,6239,2026-05-05
華南永昌,230.5,10,5000,9300,6239,2026-05-05
華南永昌,231.5,1000,0,9300,6239,2026-05-05
華南永昌,232.5,1,0,9300,6239,2026-05-05
凱基頭份,228.0,0,1000,9296,6239,2026-05-05
凱基永康,221.0,100,0,9278,6239,2026-05-05
凱基永康,220.0,2000,0,9278,6239,2026-05-05
凱基苗栗,230.0,0,1000,9276,6239,2026-05-05
凱基林口,234.5,1000,1000,9257,6239,2026-05-05
凱基羅東,220.5,2000,0,9258,6239,2026-05-05
凱基羅東,228.0,1000,0,9258,6239,2026-05-05
凱基新豐,220.0,2000,0,9266,6239,2026-05-05
凱基新豐,221.0,2000,0,9266,6239,2026-05-05
凱基新豐,223.0,5000,0,9266,6239,2026-05-05
凱基新豐,224.0,1000,0,9266,6239,2026-05-05
凱基新豐,225.0,1000,0,9266,6239,2026-05-05
凱基林口,233.0,4000,0,9257,6239,2026-05-05
凱基新豐,226.0,8,0,9266,6239,2026-05-05
凱基新豐,228.0,0,1200,9266,6239,2026-05-05
凱基新豐,229.0,11000,2000,9266,6239,2026-05-05
凱基新豐,230.0,0,40,9266,6239,2026-05-05
凱基新豐,233.5,1000,0,9266,6239,2026-05-05
凱基台北,220.0,1000,0,9268,6239,2026-05-05
凱基台北,221.0,17050,54000,9268,6239,2026-05-05
凱基台北,222.0,1020,35000,9268,6239,2026-05-05
凱基台北,223.0,9000,40000,9268,6239,2026-05-05
凱基新豐,227.0,2000,4000,9266,6239,2026-05-05
凱基林口,228.5,1000,3000,9257,6239,2026-05-05
凱基林口,227.0,1000,0,9257,6239,2026-05-05
凱基林口,225.0,0,1000,9257,6239,2026-05-05
凱基科園,236.5,1000,0,9254,6239,2026-05-05
凱基和平,221.5,100,0,9255,6239,2026-05-05
凱基和平,223.5,2000,0,9255,6239,2026-05-05
凱基和平,224.5,20000,2,9255,6239,2026-05-05
凱基和平,226.0,1000,20000,9255,6239,2026-05-05
凱基和平,227.0,3012,1000,9255,6239,2026-05-05
凱基和平,228.0,0,2000,9255,6239,2026-05-05
凱基和平,229.5,10,2000,9255,6239,2026-05-05
凱基和平,231.5,0,100,9255,6239,2026-05-05
凱基和平,233.0,1000,0,9255,6239,2026-05-05
凱基南崁,222.5,40,0,9256,6239,2026-05-05
凱基南崁,223.5,0,14,9256,6239,2026-05-05
凱基南崁,225.0,0,20000,9256,6239,2026-05-05
凱基南崁,226.5,1000,1000,9256,6239,2026-05-05
凱基南崁,227.5,5000,0,9256,6239,2026-05-05
凱基南崁,230.0,1100,0,9256,6239,2026-05-05
凱基南崁,235.0,0,1000,9256,6239,2026-05-05
凱基林口,221.0,1000,0,9257,6239,2026-05-05
凱基林口,223.5,1000,0,9257,6239,2026-05-05
凱基台北,224.0,0,86000,9268,6239,2026-05-05
凱基台北,225.0,2000,52680,9268,6239,2026-05-05
凱基台北,226.0,14000,6220,9268,6239,2026-05-05
凱基台北,227.0,129000,118000,9268,6239,2026-05-05
凱基竹科,235.5,1000,0,9272,6239,2026-05-05
凱基竹東,220.5,1000,0,9273,6239,2026-05-05
凱基竹東,229.0,0,10000,9273,6239,2026-05-05
凱基竹東,231.5,3000,0,9273,6239,2026-05-05
凱基竹東,235.5,1000,0,9273,6239,2026-05-05
凱基鳳山,223.0,200,0,9274,6239,2026-05-05
凱基鳳山,225.0,50,0,9274,6239,2026-05-05
凱基鳳山,228.0,1000,2000,9274,6239,2026-05-05
凱基鳳山,230.0,224,0,9274,6239,2026-05-05
凱基鳳山,232.0,500,0,9274,6239,2026-05-05
凱基鳳山,235.0,5000,0,9274,6239,2026-05-05
凱基三多,221.0,1020,0,9275,6239,2026-05-05
凱基三多,224.5,1000,0,9275,6239,2026-05-05
凱基三多,229.5,265,0,9275,6239,2026-05-05
凱基三多,233.5,0,1000,9275,6239,2026-05-05
凱基三多,235.0,1000,0,9275,6239,2026-05-05
凱基苗栗,224.0,100,0,9276,6239,2026-05-05
凱基苗栗,226.0,1000,0,9276,6239,2026-05-05
凱基苗栗,228.0,0,3000,9276,6239,2026-05-05
凱基竹科,234.0,1000,0,9272,6239,2026-05-05
華南高雄,228.0,2000,7000,9303,6239,2026-05-05
凱基竹科,233.0,100,0,9272,6239,2026-05-05
凱基竹科,230.5,1000,0,9272,6239,2026-05-05
凱基台北,228.0,158050,224000,9268,6239,2026-05-05
凱基台北,229.0,38000,19100,9268,6239,2026-05-05
凱基台北,230.0,156150,107000,9268,6239,2026-05-05
凱基台北,231.0,3000,62000,9268,6239,2026-05-05
凱基台北,232.0,47000,237000,9268,6239,2026-05-05
凱基台北,233.0,53300,38000,9268,6239,2026-05-05
凱基台北,234.0,87000,313000,9268,6239,2026-05-05
凱基台北,235.0,88000,137000,9268,6239,2026-05-05
凱基台北,236.0,7000,5000,9268,6239,2026-05-05
凱基竹科,220.5,1005,0,9272,6239,2026-05-05
凱基竹科,221.5,3000,0,9272,6239,2026-05-05
凱基竹科,222.5,2000,3000,9272,6239,2026-05-05
凱基竹科,223.5,5005,1000,9272,6239,2026-05-05
凱基竹科,224.5,2000,0,9272,6239,2026-05-05
凱基竹科,225.5,3000,0,9272,6239,2026-05-05
凱基竹科,226.5,0,2000,9272,6239,2026-05-05
凱基竹科,227.5,7000,0,9272,6239,2026-05-05
凱基竹科,228.5,1400,3000,9272,6239,2026-05-05
凱基竹科,229.5,1100,4100,9272,6239,2026-05-05
凱基竹科,232.0,20000,0,9272,6239,2026-05-05
富邦陽明,233.0,3000,1000,9604,6239,2026-05-05
富邦陽明,234.0,0,1000,9604,6239,2026-05-05
富邦陽明,235.0,3000,0,9604,6239,2026-05-05
群益桃園,231.5,100,0,9189,6239,2026-05-05
群益桃園,230.0,30,590,9189,6239,2026-05-05
群益桃園,228.5,0,1000,9189,6239,2026-05-05
群益桃園,227.5,1040,0,9189,6239,2026-05-05
群益桃園,224.5,0,2000,9189,6239,2026-05-05
群益桃園,223.5,100,0,9189,6239,2026-05-05
群益桃園,221.0,11,1000,9189,6239,2026-05-05
群益三民,234.5,0,100,9188,6239,2026-05-05
群益桃園,236.0,1000,0,9189,6239,2026-05-05
群益三民,230.0,1000,1100,9188,6239,2026-05-05
群益三民,225.5,0,2000,9188,6239,2026-05-05
群益三民,223.0,1000,0,9188,6239,2026-05-05
群益三民,221.0,1000,0,9188,6239,2026-05-05
群益彰化,235.0,0,1000,9187,6239,2026-05-05
群益彰化,230.5,0,189,9187,6239,2026-05-05
群益彰化,229.5,1070,2100,9187,6239,2026-05-05
群益彰化,228.5,21000,0,9187,6239,2026-05-05
群益彰化,227.5,2050,2500,9187,6239,2026-05-05
群益三民,228.0,2010,0,9188,6239,2026-05-05
群益中壢,220.0,2000,0,918A,6239,2026-05-05
群益中壢,221.0,50,0,918A,6239,2026-05-05
群益中壢,223.0,6000,150,918A,6239,2026-05-05
群益板橋,234.5,10,25,918B,6239,2026-05-05
群益板橋,232.5,1000,0,918B,6239,2026-05-05
群益板橋,231.5,1000,0,918B,6239,2026-05-05
群益板橋,229.0,1000,1000,918B,6239,2026-05-05
群益板橋,228.0,0,2000,918B,6239,2026-05-05
群益板橋,227.0,0,1000,918B,6239,2026-05-05
群益板橋,226.0,0,1000,918B,6239,2026-05-05
群益板橋,225.0,1000,0,918B,6239,2026-05-05
群益板橋,224.0,0,1000,918B,6239,2026-05-05
群益板橋,223.0,0,2000,918B,6239,2026-05-05
群益中壢,236.0,1000,2000,918A,6239,2026-05-05
群益中壢,234.5,1001,0,918A,6239,2026-05-05
群益中壢,232.5,1000,0,918A,6239,2026-05-05
群益中壢,231.5,1000,0,918A,6239,2026-05-05
群益中壢,229.5,25,0,918A,6239,2026-05-05
群益中壢,228.5,50,1000,918A,6239,2026-05-05
群益中壢,227.5,1000,0,918A,6239,2026-05-05
群益中壢,226.5,1000,2000,918A,6239,2026-05-05
群益中壢,224.0,150,0,918A,6239,2026-05-05
群益彰化,226.5,0,1000,9187,6239,2026-05-05
群益鳳山,220.0,0,2000,918c,6239,2026-05-05
群益彰化,225.0,45,1000,9187,6239,2026-05-05
群益彰化,223.0,15,1000,9187,6239,2026-05-05
群益台中,228.0,3500,2000,9184,6239,2026-05-05
群益台中,226.5,1070,1000,9184,6239,2026-05-05
群益台中,225.5,0,1000,9184,6239,2026-05-05
群益台中,224.5,3000,1000,9184,6239,2026-05-05
群益台中,223.5,2080,0,9184,6239,2026-05-05
群益台中,222.5,1000,0,9184,6239,2026-05-05
群益台中,221.5,3000,0,9184,6239,2026-05-05
群益台中,220.5,2100,0,9184,6239,2026-05-05
群益台中,229.0,1000,1000,9184,6239,2026-05-05
群益高雄,236.0,1000,11000,9183,6239,2026-05-05
群益高雄,232.0,1000,0,9183,6239,2026-05-05
群益高雄,231.0,1000,15000,9183,6239,2026-05-05
群益高雄,228.0,0,2004,9183,6239,2026-05-05
群益高雄,227.0,1000,1000,9183,6239,2026-05-05
群益高雄,224.0,0,1000,9183,6239,2026-05-05
群益高雄,222.5,2000,2000,9183,6239,2026-05-05
群益館前,235.5,35000,0,913Y,6239,2026-05-05
群益館前,232.5,1000,0,913Y,6239,2026-05-05
群益高雄,235.0,5000,0,9183,6239,2026-05-05
群益台中,230.0,1000,2000,9184,6239,2026-05-05
群益台中,231.0,1000,0,9184,6239,2026-05-05
群益台中,233.0,300,0,9184,6239,2026-05-05
群益彰化,222.0,1000,0,9187,6239,2026-05-05
群益彰化,221.0,1000,0,9187,6239,2026-05-05
群益新竹,236.5,0,1000,9186,6239,2026-05-05
群益新竹,234.5,0,1000,9186,6239,2026-05-05
群益新竹,232.5,6000,0,9186,6239,2026-05-05
群益新竹,231.0,100,0,9186,6239,2026-05-05
群益新竹,230.0,125,2631,9186,6239,2026-05-05
群益新竹,229.0,2000,1000,9186,6239,2026-05-05
群益新竹,227.5,10,0,9186,6239,2026-05-05
群益新竹,226.0,1010,0,9186,6239,2026-05-05
群益新竹,224.5,1500,13000,9186,6239,2026-05-05
群益新竹,223.5,1000,0,9186,6239,2026-05-05
群益新竹,220.5,1000,0,9186,6239,2026-05-05
群益台南,235.0,1000,5000,9185,6239,2026-05-05
群益台南,230.0,1100,0,9185,6239,2026-05-05
群益台南,225.5,0,1000,9185,6239,2026-05-05
群益台南,223.5,5000,0,9185,6239,2026-05-05
群益台中,236.0,0,1000,9184,6239,2026-05-05
群益台中,234.5,0,1000,9184,6239,2026-05-05
群益彰化,224.0,45,0,9187,6239,2026-05-05
群益館前,230.0,0,100,913Y,6239,2026-05-05
群益鳳山,224.0,200,0,918c,6239,2026-05-05
群益鳳山,228.0,0,2000,918c,6239,2026-05-05
群益新莊,229.0,5000,1000,918G,6239,2026-05-05
群益新莊,227.5,0,1000,918G,6239,2026-05-05
群益新莊,226.0,2000,0,918G,6239,2026-05-05
群益新莊,225.0,1000,0,918G,6239,2026-05-05
群益新莊,224.0,10,0,918G,6239,2026-05-05
群益新莊,223.0,20,0,918G,6239,2026-05-05
群益新莊,222.0,1000,0,918G,6239,2026-05-05
群益新莊,221.0,0,2000,918G,6239,2026-05-05
群益新莊,232.0,0,1000,918G,6239,2026-05-05
群益大甲,232.5,0,150,918g,6239,2026-05-05
群益大甲,230.0,2000,5000,918g,6239,2026-05-05
群益大甲,229.0,0,4000,918g,6239,2026-05-05
群益大甲,228.0,2201,0,918g,6239,2026-05-05
群益大甲,226.5,0,1000,918g,6239,2026-05-05
群益大甲,225.0,1010,25,918g,6239,2026-05-05
群益大甲,223.5,1000,0,918g,6239,2026-05-05
群益大甲,221.0,1010,0,918g,6239,2026-05-05
群益大甲,220.0,1000,0,918g,6239,2026-05-05
群益大甲,231.5,50,0,918g,6239,2026-05-05
群益中山,222.0,0,3000,918H,6239,2026-05-05
群益中山,227.5,1000,1000,918H,6239,2026-05-05
群益竹南,220.5,1000,0,918i,6239,2026-05-05
群益東湖,223.5,1000,0,918K,6239,2026-05-05
群益東湖,222.0,10,0,918K,6239,2026-05-05
群益永和,234.5,2000,0,918J,6239,2026-05-05
群益永和,231.5,1000,0,918J,6239,2026-05-05
群益永和,229.5,0,4,918J,6239,2026-05-05
群益永和,228.0,2000,1000,918J,6239,2026-05-05
群益永和,227.0,4000,0,918J,6239,2026-05-05
群益永和,226.0,1000,1000,918J,6239,2026-05-05
群益永和,224.5,0,2000,918J,6239,2026-05-05
群益永和,222.0,1000,0,918J,6239,2026-05-05
群益竹南,235.0,0,3000,918i,6239,2026-05-05
群益竹南,233.0,10000,7000,918i,6239,2026-05-05
群益竹南,230.0,1000,0,918i,6239,2026-05-05
群益竹南,229.0,3050,0,918i,6239,2026-05-05
群益竹南,228.0,1000,1100,918i,6239,2026-05-05
群益竹南,226.5,0,1000,918i,6239,2026-05-05
群益竹南,224.5,1050,3000,918i,6239,2026-05-05
群益竹南,223.5,1000,100,918i,6239,2026-05-05
群益竹南,222.5,1000,10030,918i,6239,2026-05-05
群益新店,231.0,0,1000,918F,6239,2026-05-05
群益鳳山,226.5,2000,1000,918c,6239,2026-05-05
群益新店,230.0,25,0,918F,6239,2026-05-05
群益新店,225.5,0,60,918F,6239,2026-05-05
群益內湖,222.0,1100,0,918d,6239,2026-05-05
群益古亭,237.0,4000,0,918C,6239,2026-05-05
群益古亭,236.0,0,3000,918C,6239,2026-05-05
群益古亭,233.5,1000,0,918C,6239,2026-05-05
群益古亭,231.5,100,0,918C,6239,2026-05-05
群益古亭,229.0,0,1,918C,6239,2026-05-05
群益古亭,228.0,4100,2000,918C,6239,2026-05-05
群益古亭,227.0,1000,3000,918C,6239,2026-05-05
群益內湖,225.0,1000,0,918d,6239,2026-05-05
群益古亭,225.5,1000,0,918C,6239,2026-05-05
群益古亭,223.5,0,3000,918C,6239,2026-05-05
群益古亭,222.0,100,0,918C,6239,2026-05-05
群益古亭,221.0,1030,0,918C,6239,2026-05-05
群益鳳山,234.5,0,1000,918c,6239,2026-05-05
群益鳳山,233.5,0,5000,918c,6239,2026-05-05
群益鳳山,232.0,2000,1000,918c,6239,2026-05-05
群益鳳山,230.0,1000,0,918c,6239,2026-05-05
群益鳳山,229.0,0,1000,918c,6239,2026-05-05
群益古亭,224.5,1000,0,918C,6239,2026-05-05
群益內湖,226.0,0,3000,918d,6239,2026-05-05
群益內湖,227.0,2000,0,918d,6239,2026-05-05
群益內湖,228.0,0,1000,918d,6239,2026-05-05
群益新店,220.0,1000,0,918F,6239,2026-05-05
群益南京,234.5,2000,0,918E,6239,2026-05-05
群益南京,230.0,2000,0,918E,6239,2026-05-05
群益南京,224.0,1050,0,918E,6239,2026-05-05
群益南京,221.0,1000,0,918E,6239,2026-05-05
群益大安,235.0,0,1000,918e,6239,2026-05-05
群益大安,227.0,1000,1000,918e,6239,2026-05-05
群益大安,223.5,0,2000,918e,6239,2026-05-05
群益大安,220.5,1000,0,918e,6239,2026-05-05
群益東門,234.5,2000,0,918D,6239,2026-05-05
群益東門,233.5,0,1000,918D,6239,2026-05-05
群益東門,230.0,10,100,918D,6239,2026-05-05
群益東門,228.5,1020,0,918D,6239,2026-05-05
群益東門,227.5,1000,1050,918D,6239,2026-05-05
群益東門,226.5,0,1000,918D,6239,2026-05-05
群益東門,224.0,500,0,918D,6239,2026-05-05
群益東門,221.0,500,0,918D,6239,2026-05-05
群益內湖,235.0,0,1000,918d,6239,2026-05-05
群益內湖,232.5,0,15,918d,6239,2026-05-05
群益新店,227.0,0,1000,918F,6239,2026-05-05
群益館前,229.0,0,3100,913Y,6239,2026-05-05
群益館前,228.0,50,4000,913Y,6239,2026-05-05
群益館前,227.0,1000,1000,913Y,6239,2026-05-05
群益市府,232.0,1000,0,910D,6239,2026-05-05
群益市府,231.0,1000,0,910D,6239,2026-05-05
群益市府,229.5,50,10000,910D,6239,2026-05-05
群益市府,228.5,200,0,910D,6239,2026-05-05
群益市府,226.5,1000,0,910D,6239,2026-05-05
群益市府,224.0,500,0,910D,6239,2026-05-05
群益海山,234.5,1000,1000,9108,6239,2026-05-05
群益海山,232.0,6000,1000,9108,6239,2026-05-05
群益市府,233.5,1000,1000,910D,6239,2026-05-05
群益海山,231.0,1000,0,9108,6239,2026-05-05
群益海山,229.0,0,4000,9108,6239,2026-05-05
群益海山,228.0,4000,1000,9108,6239,2026-05-05
群益海山,227.0,0,6000,9108,6239,2026-05-05
群益海山,225.0,1000,0,9108,6239,2026-05-05
群益海山,224.0,1000,0,9108,6239,2026-05-05
群益海山,223.0,6000,0,9108,6239,2026-05-05
群益海山,222.0,7100,0,9108,6239,2026-05-05
群益海山,221.0,6150,0,9108,6239,2026-05-05
群益海山,230.0,0,1000,9108,6239,2026-05-05
群益市府,234.5,3000,0,910D,6239,2026-05-05
群益民權,220.5,0,3000,9131,6239,2026-05-05
群益民權,221.5,0,1000,9131,6239,2026-05-05
群益東大,221.5,1000,0,9135,6239,2026-05-05
群益開元,236.0,0,1000,9134,6239,2026-05-05
群益開元,232.5,1000,0,9134,6239,2026-05-05
群益開元,230.0,100,0,9134,6239,2026-05-05
群益開元,227.5,0,2000,9134,6239,2026-05-05
群益開元,225.0,100,0,9134,6239,2026-05-05
群益開元,223.0,3000,0,9134,6239,2026-05-05
群益開元,220.0,1000,0,9134,6239,2026-05-05
群益民權,235.5,1000,0,9131,6239,2026-05-05
群益民權,234.5,2000,50,9131,6239,2026-05-05
群益民權,233.0,2050,0,9131,6239,2026-05-05
群益民權,231.0,1000,0,9131,6239,2026-05-05
群益民權,229.5,1000,600,9131,6239,2026-05-05
群益民權,228.5,3050,3000,9131,6239,2026-05-05
群益民權,227.5,4000,3000,9131,6239,2026-05-05
群益民權,226.5,0,7000,9131,6239,2026-05-05
群益民權,225.5,1030,0,9131,6239,2026-05-05
群益民權,224.0,1000,0,9131,6239,2026-05-05
群益民權,223.0,200,1000,9131,6239,2026-05-05
群益高盛,232.5,1000,3,9105,6239,2026-05-05
群益東大,222.5,1000,0,9135,6239,2026-05-05
群益高盛,229.5,1000,0,9105,6239,2026-05-05
群益高盛,227.5,0,1000,9105,6239,2026-05-05
群益,231.0,0,63196,9100,6239,2026-05-05
群益,230.0,1000,2000,9100,6239,2026-05-05
群益,229.0,72000,2000,9100,6239,2026-05-05
群益,228.0,66000,1000,9100,6239,2026-05-05
群益,227.0,2000,2000,9100,6239,2026-05-05
群益,226.0,1000,3000,9100,6239,2026-05-05
群益,225.0,0,56000,9100,6239,2026-05-05
群益,224.0,4000,2000,9100,6239,2026-05-05
群益,232.0,2000,11000,9100,6239,2026-05-05
群益,223.0,3000,2000,9100,6239,2026-05-05
群益,221.0,2000,0,9100,6239,2026-05-05
群益,220.0,1000,0,9100,6239,2026-05-05
上海匯豐,230.0,0,1000,8960,6239,2026-05-05
上海匯豐,228.0,0,1000,8960,6239,2026-05-05
上海匯豐,227.0,0,1000,8960,6239,2026-05-05
上海匯豐,225.0,0,1000,8960,6239,2026-05-05
上海匯豐,223.5,0,1000,8960,6239,2026-05-05
國泰新竹,232.0,100,0,888N,6239,2026-05-05
群益,222.0,0,16000,9100,6239,2026-05-05
群益,233.0,1000,0,9100,6239,2026-05-05
群益,234.0,3000,9000,9100,6239,2026-05-05
群益,235.0,2000,3000,9100,6239,2026-05-05
群益高盛,226.0,0,21000,9105,6239,2026-05-05
群益高盛,223.5,2000,0,9105,6239,2026-05-05
群益高盛,222.0,2000,0,9105,6239,2026-05-05
群益松山,236.0,0,10000,9103,6239,2026-05-05
群益松山,235.0,0,10000,9103,6239,2026-05-05
群益松山,231.5,2000,0,9103,6239,2026-05-05
群益松山,228.0,1200,0,9103,6239,2026-05-05
群益松山,225.0,40000,0,9103,6239,2026-05-05
群益松山,223.5,150,0,9103,6239,2026-05-05
群益松山,221.5,1000,0,9103,6239,2026-05-05
群益敦南,236.0,0,1000,9101,6239,2026-05-05
群益敦南,233.0,10,0,9101,6239,2026-05-05
群益敦南,229.5,105,0,9101,6239,2026-05-05
群益敦南,227.5,0,1000,9101,6239,2026-05-05
群益敦南,225.5,50,0,9101,6239,2026-05-05
群益敦南,224.5,30,0,9101,6239,2026-05-05
群益敦南,223.5,100,0,9101,6239,2026-05-05
群益敦南,222.0,0,1000,9101,6239,2026-05-05
群益,236.0,0,2000,9100,6239,2026-05-05
群益高盛,228.5,1300,0,9105,6239,2026-05-05
群益東大,224.5,0,7,9135,6239,2026-05-05
群益東大,227.5,3000,2050,9135,6239,2026-05-05
群益東大,228.5,200,1000,9135,6239,2026-05-05
群益土城,221.0,1000,0,913N,6239,2026-05-05
群益萬華,235.0,0,1000,913I,6239,2026-05-05
群益萬華,230.0,1000,0,913I,6239,2026-05-05
群益萬華,228.0,1000,1000,913I,6239,2026-05-05
群益萬華,226.5,0,1000,913I,6239,2026-05-05
群益萬華,224.5,0,1000,913I,6239,2026-05-05
群益萬華,220.5,1000,0,913I,6239,2026-05-05
群益屏東,232.0,0,2000,913H,6239,2026-05-05
群益土城,224.0,1300,0,913N,6239,2026-05-05
群益屏東,230.0,0,1000,913H,6239,2026-05-05
群益屏東,225.5,0,1000,913H,6239,2026-05-05
群益屏東,224.5,0,1000,913H,6239,2026-05-05
群益屏東,223.5,3000,0,913H,6239,2026-05-05
群益屏東,222.5,4000,0,913H,6239,2026-05-05
群益屏東,220.5,1000,0,913H,6239,2026-05-05
群益三重,232.0,0,1000,913g,6239,2026-05-05
群益三重,231.0,1000,0,913g,6239,2026-05-05
群益三重,229.5,1000,0,913g,6239,2026-05-05
群益屏東,228.0,1000,0,913H,6239,2026-05-05
群益土城,226.5,0,3000,913N,6239,2026-05-05
群益土城,228.5,51,0,913N,6239,2026-05-05
群益土城,233.0,1000,0,913N,6239,2026-05-05
群益館前,226.0,1000,1000,913Y,6239,2026-05-05
群益館前,225.0,1000,400,913Y,6239,2026-05-05
群益館前,223.0,0,1000,913Y,6239,2026-05-05
群益館前,220.5,2000,4000,913Y,6239,2026-05-05
群益崇德,232.5,0,1000,913U,6239,2026-05-05
群益崇德,231.5,0,1000,913U,6239,2026-05-05
群益崇德,229.0,500,0,913U,6239,2026-05-05
群益崇德,228.0,140,1000,913U,6239,2026-05-05
群益崇德,226.5,0,1000,913U,6239,2026-05-05
群益崇德,225.5,10,0,913U,6239,2026-05-05
群益崇德,224.5,100,0,913U,6239,2026-05-05
群益崇德,223.5,100,1000,913U,6239,2026-05-05
群益崇德,222.0,1100,0,913U,6239,2026-05-05
群益北高,233.5,0,1000,913R,6239,2026-05-05
群益北高,231.5,0,90,913R,6239,2026-05-05
群益北高,229.5,50,0,913R,6239,2026-05-05
群益北高,228.0,200,0,913R,6239,2026-05-05
群益北高,227.0,1000,0,913R,6239,2026-05-05
群益北高,220.5,3000,0,913R,6239,2026-05-05
群益三重,228.5,0,1000,913g,6239,2026-05-05
群益三重,227.0,3000,0,913g,6239,2026-05-05
群益三重,225.5,1000,0,913g,6239,2026-05-05
群益三重,224.5,0,1000,913g,6239,2026-05-05
群益士林,235.0,1000,2000,9137,6239,2026-05-05
群益士林,232.0,0,1000,9137,6239,2026-05-05
群益士林,230.0,24,2020,9137,6239,2026-05-05
群益士林,228.5,1010,0,9137,6239,2026-05-05
群益士林,227.5,1050,1000,9137,6239,2026-05-05
群益士林,226.0,100,0,9137,6239,2026-05-05
群益士林,224.0,10,50,9137,6239,2026-05-05
群益士林,221.5,1000,0,9137,6239,2026-05-05
群益西松,235.5,2000,0,9136,6239,2026-05-05
群益西松,232.5,0,1000,9136,6239,2026-05-05
群益西松,228.5,0,100,9136,6239,2026-05-05
群益西松,226.5,0,2000,9136,6239,2026-05-05
群益西松,225.0,1000,0,9136,6239,2026-05-05
群益西松,222.0,100,0,9136,6239,2026-05-05
群益東大,235.0,1000,1000,9135,6239,2026-05-05
群益東大,234.0,1000,0,9135,6239,2026-05-05
群益東大,232.5,1000,0,9135,6239,2026-05-05
群益東大,230.5,0,100,9135,6239,2026-05-05
群益東大,229.5,1000,0,9135,6239,2026-05-05
群益中港,222.5,1000,0,9138,6239,2026-05-05
群益東湖,225.5,1000,0,918K,6239,2026-05-05
群益中港,227.5,1000,1000,9138,6239,2026-05-05
群益中港,230.5,0,50,9138,6239,2026-05-05
群益三重,223.5,10000,0,913g,6239,2026-05-05
群益三重,222.5,0,3000,913g,6239,2026-05-05
群益基隆,234.0,0,1000,913E,6239,2026-05-05
群益基隆,232.0,1000,0,913E,6239,2026-05-05
群益基隆,230.5,50,0,913E,6239,2026-05-05
群益基隆,229.0,2100,0,913E,6239,2026-05-05
群益基隆,227.0,2000,0,913E,6239,2026-05-05
群益基隆,225.5,0,100,913E,6239,2026-05-05
群益基隆,224.0,1000,1000,913E,6239,2026-05-05
群益基隆,222.5,0,1000,913E,6239,2026-05-05
群益潭子,232.5,1000,0,913D,6239,2026-05-05
群益潭子,230.5,1000,0,913D,6239,2026-05-05
群益潭子,228.5,1000,0,913D,6239,2026-05-05
群益潭子,227.0,0,1000,913D,6239,2026-05-05
群益潭子,224.0,10000,0,913D,6239,2026-05-05
群益潭子,223.0,3100,1000,913D,6239,2026-05-05
群益潭子,222.0,1000,0,913D,6239,2026-05-05
群益中港,236.0,0,1000,9138,6239,2026-05-05
群益中港,232.5,1000,0,9138,6239,2026-05-05
群益中港,228.5,2020,1000,9138,6239,2026-05-05
群益東湖,226.5,1000,0,918K,6239,2026-05-05
群益東湖,228.0,2200,0,918K,6239,2026-05-05
群益東湖,230.0,10,0,918K,6239,2026-05-05
凱基台南,229.5,4,0,9211,6239,2026-05-05
凱基台南,228.5,1030,1000,9211,6239,2026-05-05
凱基台南,227.5,8000,3000,9211,6239,2026-05-05
凱基台南,226.5,3000,1000,9211,6239,2026-05-05
凱基台南,225.5,0,1000,9211,6239,2026-05-05
凱基台南,224.0,1050,0,9211,6239,2026-05-05
凱基台南,223.0,2670,0,9211,6239,2026-05-05
凱基台南,222.0,5,0,9211,6239,2026-05-05
凱基台南,230.5,0,50,9211,6239,2026-05-05
凱基台南,221.0,0,1000,9211,6239,2026-05-05
凱基台東,233.0,4000,0,920Z,6239,2026-05-05
凱基台東,230.5,110,0,920Z,6239,2026-05-05
凱基台東,229.5,1110,0,920Z,6239,2026-05-05
凱基台東,228.5,0,6000,920Z,6239,2026-05-05
凱基台東,227.5,1000,0,920Z,6239,2026-05-05
凱基台東,223.0,1010,0,920Z,6239,2026-05-05
凱基大里,235.5,1000,0,920W,6239,2026-05-05
凱基大里,234.0,0,300,920W,6239,2026-05-05
凱基台南,220.0,5000,0,9211,6239,2026-05-05
凱基台南,232.0,0,1000,9211,6239,2026-05-05
凱基台南,233.0,1000,0,9211,6239,2026-05-05
凱基台南,234.0,1000,0,9211,6239,2026-05-05
凱基信義,228.0,0,1000,9216,6239,2026-05-05
凱基信義,227.0,0,1000,9216,6239,2026-05-05
凱基高美,235.5,0,3000,9215,6239,2026-05-05
凱基高美,232.0,1000,0,9215,6239,2026-05-05
凱基高美,230.5,1050,3000,9215,6239,2026-05-05
凱基高美,229.0,5006,0,9215,6239,2026-05-05
凱基高美,228.0,0,8,9215,6239,2026-05-05
凱基高美,227.0,2000,0,9215,6239,2026-05-05
凱基高美,226.0,0,1000,9215,6239,2026-05-05
凱基高美,224.5,50,0,9215,6239,2026-05-05
凱基高美,223.0,50,6000,9215,6239,2026-05-05
凱基高美,220.5,2000,0,9215,6239,2026-05-05
凱基東港,232.0,1000,0,9212,6239,2026-05-05
凱基東港,229.5,5000,0,9212,6239,2026-05-05
凱基東港,227.5,2000,1000,9212,6239,2026-05-05
凱基東港,225.0,1000,1000,9212,6239,2026-05-05
凱基東港,224.0,1000,0,9212,6239,2026-05-05
凱基東港,223.0,3000,1000,9212,6239,2026-05-05
凱基台南,235.0,1000,0,9211,6239,2026-05-05
凱基大里,230.0,220,0,920W,6239,2026-05-05
凱基信義,230.0,400,0,9216,6239,2026-05-05
凱基大里,229.0,200,0,920W,6239,2026-05-05
凱基大里,226.0,0,2000,920W,6239,2026-05-05
凱基宜蘭,229.0,0,1000,920M,6239,2026-05-05
凱基宜蘭,227.0,0,1000,920M,6239,2026-05-05
凱基宜蘭,223.0,1360,0,920M,6239,2026-05-05
凱基基隆,235.5,1000,0,920H,6239,2026-05-05
凱基基隆,234.0,4000,0,920H,6239,2026-05-05
凱基基隆,232.5,3000,0,920H,6239,2026-05-05
凱基基隆,231.5,10,0,920H,6239,2026-05-05
凱基基隆,228.5,1000,0,920H,6239,2026-05-05
凱基宜蘭,234.0,0,1000,920M,6239,2026-05-05
凱基基隆,227.5,0,1000,920H,6239,2026-05-05
凱基基隆,225.5,1000,0,920H,6239,2026-05-05
凱基基隆,223.5,1000,0,920H,6239,2026-05-05
凱基基隆,222.0,0,1000,920H,6239,2026-05-05
凱基彰化,235.5,1000,0,920G,6239,2026-05-05
凱基彰化,234.5,1000,0,920G,6239,2026-05-05
凱基彰化,233.0,1150,0,920G,6239,2026-05-05
凱基彰化,230.0,0,3,920G,6239,2026-05-05
凱基彰化,228.5,3000,4000,920G,6239,2026-05-05
凱基基隆,226.5,1000,1000,920H,6239,2026-05-05
凱基湖口,220.5,1000,2003,920N,6239,2026-05-05
凱基湖口,222.0,1050,1000,920N,6239,2026-05-05
凱基湖口,223.0,1000,0,920N,6239,2026-05-05
凱基大里,225.0,1000,0,920W,6239,2026-05-05
凱基大里,224.0,20,0,920W,6239,2026-05-05
凱基大里,222.0,20,0,920W,6239,2026-05-05
凱基新店,234.5,1000,0,920V,6239,2026-05-05
凱基新店,230.0,2000,0,920V,6239,2026-05-05
凱基新店,229.0,0,2000,920V,6239,2026-05-05
凱基新店,227.0,0,100,920V,6239,2026-05-05
凱基新店,225.0,1000,0,920V,6239,2026-05-05
凱基湖口,235.5,0,6000,920N,6239,2026-05-05
凱基湖口,234.0,1000,0,920N,6239,2026-05-05
凱基湖口,233.0,2000,0,920N,6239,2026-05-05
凱基湖口,232.0,2000,0,920N,6239,2026-05-05
凱基湖口,231.0,1000,1000,920N,6239,2026-05-05
凱基湖口,230.0,1230,100,920N,6239,2026-05-05
凱基湖口,228.5,1000,4000,920N,6239,2026-05-05
凱基湖口,227.5,0,1000,920N,6239,2026-05-05
凱基湖口,226.5,1000,2000,920N,6239,2026-05-05
凱基湖口,225.0,0,1000,920N,6239,2026-05-05
凱基湖口,224.0,2000,0,920N,6239,2026-05-05
凱基大里,228.0,0,1000,920W,6239,2026-05-05
凱基信義,235.0,0,1000,9216,6239,2026-05-05
凱基松山,220.0,2000,0,9217,6239,2026-05-05
凱基松山,221.0,1200,1000,9217,6239,2026-05-05
富邦岡山,233.5,1000,0,9616,6239,2026-05-05
富邦岡山,234.5,0,100,9616,6239,2026-05-05
富邦南京,220.0,2000,0,961C,6239,2026-05-05
富邦南京,221.0,0,1000,961C,6239,2026-05-05
富邦南京,222.5,1000,0,961C,6239,2026-05-05
富邦南京,223.5,13120,0,961C,6239,2026-05-05
富邦南京,224.5,4165,27000,961C,6239,2026-05-05
富邦南京,225.5,200,0,961C,6239,2026-05-05
富邦岡山,231.5,40,0,9616,6239,2026-05-05
富邦南京,227.5,6050,15000,961C,6239,2026-05-05
富邦南京,229.5,3321,0,961C,6239,2026-05-05
富邦南京,232.5,0,1000,961C,6239,2026-05-05
富邦南京,234.0,1000,0,961C,6239,2026-05-05
富邦南京,235.0,0,10000,961C,6239,2026-05-05
富邦公益,221.0,1000,0,961F,6239,2026-05-05
富邦公益,223.0,65,0,961F,6239,2026-05-05
富邦公益,224.0,6000,0,961F,6239,2026-05-05
富邦公益,226.5,1000,1000,961F,6239,2026-05-05
富邦南京,228.5,2000,1000,961C,6239,2026-05-05
富邦岡山,229.0,0,1000,9616,6239,2026-05-05
富邦岡山,227.5,0,5000,9616,6239,2026-05-05
富邦岡山,226.5,1000,0,9616,6239,2026-05-05
富邦陽明,236.0,1000,1000,9604,6239,2026-05-05
富邦台東,226.0,30,1000,9608,6239,2026-05-05
富邦台東,229.0,100,0,9608,6239,2026-05-05
富邦基隆,220.5,1100,180,9614,6239,2026-05-05
富邦基隆,222.0,100,0,9614,6239,2026-05-05
富邦基隆,223.0,0,1000,9614,6239,2026-05-05
富邦基隆,224.0,3000,0,9614,6239,2026-05-05
富邦基隆,225.0,1000,1000,9614,6239,2026-05-05
富邦基隆,226.5,1000,0,9614,6239,2026-05-05
富邦基隆,227.5,1000,0,9614,6239,2026-05-05
富邦基隆,228.5,100,1000,9614,6239,2026-05-05
富邦基隆,230.0,2000,0,9614,6239,2026-05-05
富邦基隆,232.0,4000,20,9614,6239,2026-05-05
富邦基隆,234.0,1000,0,9614,6239,2026-05-05
富邦基隆,235.0,2000,1000,9614,6239,2026-05-05
富邦基隆,236.0,1000,0,9614,6239,2026-05-05
富邦岡山,220.5,1000,0,9616,6239,2026-05-05
富邦岡山,222.0,699,0,9616,6239,2026-05-05
富邦岡山,224.0,1000,0,9616,6239,2026-05-05
富邦公益,227.5,1109,7000,961F,6239,2026-05-05
富邦公益,228.5,100,1000,961F,6239,2026-05-05
富邦公益,230.0,2351,1000,961F,6239,2026-05-05
富邦公益,232.0,5000,0,961F,6239,2026-05-05
凱基大直,227.5,2000,10000,9218,6239,2026-05-05
凱基大直,226.5,0,1000,9218,6239,2026-05-05
凱基大直,224.5,1000,3000,9218,6239,2026-05-05
凱基大直,223.5,1000,0,9218,6239,2026-05-05
凱基大直,220.5,1200,0,9218,6239,2026-05-05
凱基松山,236.0,1000,1000,9217,6239,2026-05-05
凱基松山,234.5,2000,0,9217,6239,2026-05-05
凱基松山,233.5,3000,2000,9217,6239,2026-05-05
凱基松山,232.0,1000,1000,9217,6239,2026-05-05
凱基松山,231.0,1000,0,9217,6239,2026-05-05
凱基松山,230.0,400,0,9217,6239,2026-05-05
凱基松山,229.0,0,2000,9217,6239,2026-05-05
凱基松山,228.0,500,2000,9217,6239,2026-05-05
凱基松山,227.0,2000,3000,9217,6239,2026-05-05
凱基松山,226.0,3100,3010,9217,6239,2026-05-05
凱基松山,225.0,2119,5000,9217,6239,2026-05-05
凱基松山,224.0,3000,3000,9217,6239,2026-05-05
凱基松山,223.0,3000,2000,9217,6239,2026-05-05
凱基松山,222.0,1300,4000,9217,6239,2026-05-05
凱基大直,228.5,0,1005,9218,6239,2026-05-05
凱基彰化,227.5,1000,0,920G,6239,2026-05-05
凱基大直,229.5,10000,0,9218,6239,2026-05-05
凱基大直,236.0,3000,0,9218,6239,2026-05-05
富邦公益,234.5,2000,4002,961F,6239,2026-05-05
富邦公益,235.5,1000,1000,961F,6239,2026-05-05
富邦新板,220.5,10,0,961H,6239,2026-05-05
富邦新板,222.0,2000,0,961H,6239,2026-05-05
富邦新板,224.0,1000,1000,961H,6239,2026-05-05
富邦新板,225.0,1200,1000,961H,6239,2026-05-05
富邦新板,227.0,0,300,961H,6239,2026-05-05
富邦新板,228.0,2200,6100,961H,6239,2026-05-05
富邦新板,229.0,30,0,961H,6239,2026-05-05
富邦新板,230.0,0,1000,961H,6239,2026-05-05
富邦新板,232.0,7000,1000,961H,6239,2026-05-05
富邦新板,234.5,0,20,961H,6239,2026-05-05
富邦新板,235.5,0,1000,961H,6239,2026-05-05
富邦七賢,220.5,0,1000,961K,6239,2026-05-05
富邦七賢,222.5,70,0,961K,6239,2026-05-05
富邦七賢,223.5,5000,0,961K,6239,2026-05-05
富邦七賢,224.5,0,300,961K,6239,2026-05-05
富邦七賢,225.5,1000,0,961K,6239,2026-05-05
富邦七賢,227.0,2000,2000,961K,6239,2026-05-05
凱基大直,232.5,1000,0,9218,6239,2026-05-05
元大,232.0,46101,93207,9800,6239,2026-05-05
凱基彰化,226.0,0,1000,920G,6239,2026-05-05
凱基彰化,223.0,4000,0,920G,6239,2026-05-05
凱基,233.5,12000,0,9200,6239,2026-05-05
凱基,232.5,6000,0,9200,6239,2026-05-05
凱基,229.5,0,3000,9200,6239,2026-05-05
凱基,228.5,0,7000,9200,6239,2026-05-05
凱基,227.5,115000,4000,9200,6239,2026-05-05
凱基,226.5,58000,8000,9200,6239,2026-05-05
凱基,225.5,0,10000,9200,6239,2026-05-05
凱基,224.5,100000,106000,9200,6239,2026-05-05
凱基,234.5,27000,0,9200,6239,2026-05-05
凱基,223.0,0,5000,9200,6239,2026-05-05
凱基,220.0,0,5000,9200,6239,2026-05-05
群益宜蘭,232.0,1000,0,918z,6239,2026-05-05
群益宜蘭,229.0,1000,0,918z,6239,2026-05-05
群益宜蘭,228.0,1100,0,918z,6239,2026-05-05
群益宜蘭,227.0,200,1000,918z,6239,2026-05-05
群益宜蘭,225.5,0,200,918z,6239,2026-05-05
群益宜蘭,223.5,200,0,918z,6239,2026-05-05
群益宜蘭,221.0,0,200,918z,6239,2026-05-05
凱基,221.0,0,4000,9200,6239,2026-05-05
凱基,235.5,1000,0,9200,6239,2026-05-05
凱基,237.0,1000,0,9200,6239,2026-05-05
凱基中港,220.5,1000,0,9202,6239,2026-05-05
凱基三重,223.5,100,0,9205,6239,2026-05-05
凱基三重,222.5,1000,3000,9205,6239,2026-05-05
凱基台中,235.5,1000,1000,9204,6239,2026-05-05
凱基台中,234.5,2000,1200,9204,6239,2026-05-05
凱基台中,233.0,1000,0,9204,6239,2026-05-05
凱基台中,232.0,0,1000,9204,6239,2026-05-05
凱基台中,230.5,1000,0,9204,6239,2026-05-05
凱基台中,229.5,200,0,9204,6239,2026-05-05
凱基台中,228.5,1000,0,9204,6239,2026-05-05
凱基台中,227.0,3000,0,9204,6239,2026-05-05
凱基台中,225.5,1000,2000,9204,6239,2026-05-05
凱基台中,224.5,2000,0,9204,6239,2026-05-05
凱基台中,223.5,11100,0,9204,6239,2026-05-05
凱基台中,222.5,1000,0,9204,6239,2026-05-05
凱基中港,232.5,1000,0,9202,6239,2026-05-05
凱基中港,230.5,1000,1000,9202,6239,2026-05-05
凱基中港,228.5,1000,2000,9202,6239,2026-05-05
凱基中港,227.0,1000,0,9202,6239,2026-05-05
凱基中港,223.5,1000,0,9202,6239,2026-05-05
群益台北,227.0,0,4000,918X,6239,2026-05-05
凱基三重,224.5,1000,1000,9205,6239,2026-05-05
群益延平,234.0,0,150,918x,6239,2026-05-05
群益延平,228.0,1500,1000,918x,6239,2026-05-05
群益嘉義,234.0,1000,0,918M,6239,2026-05-05
群益嘉義,230.0,1268,100,918M,6239,2026-05-05
群益嘉義,228.0,100,1000,918M,6239,2026-05-05
群益嘉義,226.5,0,3000,918M,6239,2026-05-05
群益嘉義,225.0,2000,0,918M,6239,2026-05-05
群益嘉義,223.5,1000,0,918M,6239,2026-05-05
群益嘉義,222.5,1000,0,918M,6239,2026-05-05
群益嘉義,221.0,1000,0,918M,6239,2026-05-05
群益嘉義,235.5,0,1000,918M,6239,2026-05-05
群益建成,235.5,1000,0,918L,6239,2026-05-05
群益建成,230.0,1000,0,918L,6239,2026-05-05
群益建成,229.0,0,5000,918L,6239,2026-05-05
群益建成,228.0,0,10,918L,6239,2026-05-05
群益建成,227.0,1000,0,918L,6239,2026-05-05
群益建成,224.5,0,3200,918L,6239,2026-05-05
群益東湖,235.5,1000,0,918K,6239,2026-05-05
群益東湖,234.5,0,5,918K,6239,2026-05-05
群益東湖,232.0,1000,0,918K,6239,2026-05-05
群益建成,232.0,1,0,918L,6239,2026-05-05
群益天母,221.5,0,1000,918P,6239,2026-05-05
群益天母,226.5,1000,0,918P,6239,2026-05-05
群益天母,230.0,0,20,918P,6239,2026-05-05
群益延平,227.0,100,520,918x,6239,2026-05-05
群益延平,224.5,1000,0,918x,6239,2026-05-05
群益延平,221.5,1000,0,918x,6239,2026-05-05
群益忠孝,235.0,1000,5000,918W,6239,2026-05-05
群益忠孝,233.5,1000,0,918W,6239,2026-05-05
群益忠孝,232.5,1000,0,918W,6239,2026-05-05
群益忠孝,227.5,1000,0,918W,6239,2026-05-05
群益忠孝,225.0,0,1000,918W,6239,2026-05-05
群益忠孝,222.0,100,0,918W,6239,2026-05-05
群益瑞豐,234.5,0,2,918u,6239,2026-05-05
群益瑞豐,232.0,1000,10000,918u,6239,2026-05-05
群益瑞豐,229.5,0,2,918u,6239,2026-05-05
群益瑞豐,227.5,0,2,918u,6239,2026-05-05
群益瑞豐,226.5,1000,1000,918u,6239,2026-05-05
群益瑞豐,221.0,1000,0,918u,6239,2026-05-05
群益丹鳳,230.0,1000,0,918s,6239,2026-05-05
群益丹鳳,229.0,5000,256,918s,6239,2026-05-05
群益丹鳳,227.5,100,0,918s,6239,2026-05-05
群益丹鳳,224.0,1000,0,918s,6239,2026-05-05
群益延平,231.0,100,0,918x,6239,2026-05-05
凱基三重,226.5,2000,0,9205,6239,2026-05-05
凱基三重,228.0,1050,4100,9205,6239,2026-05-05
凱基三重,230.0,2000,0,9205,6239,2026-05-05
凱基雙和,230.5,1000,0,920C,6239,2026-05-05
凱基雙和,227.5,200,0,920C,6239,2026-05-05
凱基雙和,226.5,0,5000,920C,6239,2026-05-05
凱基雙和,225.5,1000,0,920C,6239,2026-05-05
凱基雙和,224.0,20,0,920C,6239,2026-05-05
凱基雙和,222.5,1200,0,920C,6239,2026-05-05
凱基板橋,234.5,0,50,920A,6239,2026-05-05
凱基板橋,233.0,1004,0,920A,6239,2026-05-05
凱基市府,220.0,1000,0,920D,6239,2026-05-05
凱基板橋,232.0,0,14000,920A,6239,2026-05-05
凱基板橋,230.0,2550,0,920A,6239,2026-05-05
凱基板橋,229.0,3000,0,920A,6239,2026-05-05
凱基板橋,228.0,4060,0,920A,6239,2026-05-05
凱基板橋,227.0,2150,0,920A,6239,2026-05-05
凱基板橋,226.0,100,200,920A,6239,2026-05-05
凱基板橋,223.5,1020,1300,920A,6239,2026-05-05
凱基板橋,222.5,100,30,920A,6239,2026-05-05
凱基板橋,221.0,1000,0,920A,6239,2026-05-05
凱基板橋,231.0,0,11000,920A,6239,2026-05-05
凱基市府,221.0,0,300,920D,6239,2026-05-05
凱基市府,223.0,10000,0,920D,6239,2026-05-05
凱基市府,224.5,0,1000,920D,6239,2026-05-05
凱基彰化,221.0,1050,0,920G,6239,2026-05-05
凱基彰化,220.0,2000,0,920G,6239,2026-05-05
凱基站前,236.0,0,3000,920F,6239,2026-05-05
凱基站前,234.5,2070,1016,920F,6239,2026-05-05
凱基站前,233.5,1000,0,920F,6239,2026-05-05
凱基站前,232.5,0,2000,920F,6239,2026-05-05
凱基站前,230.0,1700,1130,920F,6239,2026-05-05
凱基站前,229.0,5000,1000,920F,6239,2026-05-05
凱基站前,228.0,2000,4000,920F,6239,2026-05-05
凱基站前,227.0,2000,3000,920F,6239,2026-05-05
凱基站前,226.0,3200,0,920F,6239,2026-05-05
凱基站前,225.0,3000,0,920F,6239,2026-05-05
凱基站前,224.0,4000,22100,920F,6239,2026-05-05
凱基站前,223.0,1050,2000,920F,6239,2026-05-05
凱基站前,222.0,3090,1000,920F,6239,2026-05-05
凱基站前,221.0,5000,1000,920F,6239,2026-05-05
凱基站前,220.0,3000,0,920F,6239,2026-05-05
凱基市府,233.0,1000,0,920D,6239,2026-05-05
凱基市府,231.0,0,600,920D,6239,2026-05-05
凱基板橋,220.0,1000,0,920A,6239,2026-05-05
凱基岡山,234.5,1000,0,9209,6239,2026-05-05
凱基岡山,230.0,0,50,9209,6239,2026-05-05
凱基岡山,228.5,0,50,9209,6239,2026-05-05
凱基永和,227.5,100,1000,9207,6239,2026-05-05
凱基永和,226.0,0,1000,9207,6239,2026-05-05
凱基永和,223.5,55,0,9207,6239,2026-05-05
凱基高雄,235.5,0,1000,9206,6239,2026-05-05
凱基高雄,233.0,1000,0,9206,6239,2026-05-05
凱基高雄,232.0,1000,11000,9206,6239,2026-05-05
凱基高雄,230.0,220,1000,9206,6239,2026-05-05
凱基高雄,229.0,0,1300,9206,6239,2026-05-05
凱基高雄,227.5,2000,0,9206,6239,2026-05-05
凱基高雄,226.5,1000,0,9206,6239,2026-05-05
凱基高雄,225.5,1000,0,9206,6239,2026-05-05
凱基高雄,224.5,8000,10000,9206,6239,2026-05-05
凱基高雄,223.5,4000,0,9206,6239,2026-05-05
凱基高雄,222.5,2050,0,9206,6239,2026-05-05
凱基高雄,221.5,2000,0,9206,6239,2026-05-05
凱基高雄,220.5,1000,0,9206,6239,2026-05-05
凱基三重,235.5,1000,0,9205,6239,2026-05-05
凱基三重,234.5,150,500,9205,6239,2026-05-05
凱基三重,232.0,1000,0,9205,6239,2026-05-05
凱基永和,228.5,0,1000,9207,6239,2026-05-05
凱基彰化,225.0,3000,1000,920G,6239,2026-05-05
凱基永和,229.5,100,0,9207,6239,2026-05-05
凱基永和,234.0,1000,0,9207,6239,2026-05-05
凱基岡山,227.5,0,8060,9209,6239,2026-05-05
凱基岡山,226.5,5000,0,9209,6239,2026-05-05
凱基岡山,225.0,1000,0,9209,6239,2026-05-05
凱基岡山,224.0,1000,0,9209,6239,2026-05-05
凱基岡山,220.0,1000,0,9209,6239,2026-05-05
凱基桃園,235.5,1000,1000,9208,6239,2026-05-05
凱基桃園,234.5,1050,0,9208,6239,2026-05-05
凱基桃園,233.0,0,1000,9208,6239,2026-05-05
凱基桃園,231.5,1020,0,9208,6239,2026-05-05
凱基桃園,230.5,1100,0,9208,6239,2026-05-05
凱基桃園,229.5,0,620,9208,6239,2026-05-05
凱基桃園,228.5,2800,1000,9208,6239,2026-05-05
凱基桃園,227.5,3000,0,9208,6239,2026-05-05
凱基桃園,226.5,4000,4000,9208,6239,2026-05-05
凱基桃園,225.5,1000,3000,9208,6239,2026-05-05
凱基桃園,224.5,1000,0,9208,6239,2026-05-05
凱基桃園,223.0,3000,0,9208,6239,2026-05-05
凱基桃園,222.0,1000,0,9208,6239,2026-05-05
凱基桃園,221.0,5150,0,9208,6239,2026-05-05
凱基永和,231.5,100,0,9207,6239,2026-05-05
元大,233.0,100000,294932,9800,6239,2026-05-05
富邦仁愛,232.5,1000,1000,9676,6239,2026-05-05
元大,235.0,50000,166000,9800,6239,2026-05-05
元大上新,227.0,1000,100,983G,6239,2026-05-05
元大上新,228.0,1006,2000,983G,6239,2026-05-05
元大上新,234.0,2000,0,983G,6239,2026-05-05
元大大雅,221.0,1000,0,983i,6239,2026-05-05
元大大雅,222.0,100,0,983i,6239,2026-05-05
元大大雅,223.5,1000,0,983i,6239,2026-05-05
元大大雅,224.5,5205,0,983i,6239,2026-05-05
元大大雅,227.0,5000,0,983i,6239,2026-05-05
元大大雅,228.0,2100,4000,983i,6239,2026-05-05
元大大雅,229.5,104,0,983i,6239,2026-05-05
元大大雅,230.5,1000,300,983i,6239,2026-05-05
元大大雅,232.5,8,0,983i,6239,2026-05-05
元大大雅,234.0,6000,0,983i,6239,2026-05-05
元大大雅,235.5,0,8000,983i,6239,2026-05-05
元大仁愛,223.5,1000,0,983j,6239,2026-05-05
元大仁愛,226.5,10000,0,983j,6239,2026-05-05
元大仁愛,227.5,0,100,983j,6239,2026-05-05
元大仁愛,228.5,0,6000,983j,6239,2026-05-05
元大仁愛,235.5,3000,0,983j,6239,2026-05-05
元大上新,225.5,1000,0,983G,6239,2026-05-05
元大學甲,221.0,0,40,983K,6239,2026-05-05
元大上新,224.5,3000,0,983G,6239,2026-05-05
元大上新,220.0,2000,0,983G,6239,2026-05-05
元大豐原,233.5,0,2000,9838,6239,2026-05-05
元大豐原,234.5,3000,0,9838,6239,2026-05-05
元大林森,220.5,0,1000,983B,6239,2026-05-05
元大林森,222.5,2000,0,983B,6239,2026-05-05
元大林森,223.5,500,1000,983B,6239,2026-05-05
元大林森,225.0,1000,3000,983B,6239,2026-05-05
元大林森,226.5,0,1175,983B,6239,2026-05-05
元大林森,227.5,1000,1000,983B,6239,2026-05-05
元大林森,228.5,2110,1000,983B,6239,2026-05-05
元大林森,229.5,1099,2000,983B,6239,2026-05-05
元大林森,231.5,15,1000,983B,6239,2026-05-05
元大林森,234.0,3000,2000,983B,6239,2026-05-05
元大林森,235.5,1000,0,983B,6239,2026-05-05
元大竹東,220.0,1000,0,983f,6239,2026-05-05
元大竹東,221.5,1000,0,983f,6239,2026-05-05
元大竹東,226.0,0,1000,983f,6239,2026-05-05
元大竹東,227.5,2115,2000,983f,6239,2026-05-05
元大竹東,229.0,1000,0,983f,6239,2026-05-05
元大竹東,232.0,1000,0,983f,6239,2026-05-05
元大上新,221.0,0,4,983G,6239,2026-05-05
元大豐原,232.0,40,0,9838,6239,2026-05-05
元大學甲,223.5,4000,0,983K,6239,2026-05-05
元大學甲,227.0,0,1000,983K,6239,2026-05-05
元大頭份,223.0,1740,0,983U,6239,2026-05-05
元大頭份,224.0,1400,0,983U,6239,2026-05-05
元大頭份,225.0,182,0,983U,6239,2026-05-05
元大頭份,226.5,5000,0,983U,6239,2026-05-05
元大頭份,227.5,3,5000,983U,6239,2026-05-05
元大頭份,228.5,4620,0,983U,6239,2026-05-05
元大頭份,229.5,1015,106,983U,6239,2026-05-05
元大頭份,230.5,62,0,983U,6239,2026-05-05
元大頭份,232.0,510,8000,983U,6239,2026-05-05
元大頭份,233.5,1000,0,983U,6239,2026-05-05
元大竹南,220.5,1000,0,983V,6239,2026-05-05
元大竹南,222.5,1000,0,983V,6239,2026-05-05
元大竹南,224.5,110,0,983V,6239,2026-05-05
元大竹南,227.0,10,1000,983V,6239,2026-05-05
元大竹南,228.0,2001,0,983V,6239,2026-05-05
元大竹南,229.0,1000,0,983V,6239,2026-05-05
元大竹南,230.0,1000,0,983V,6239,2026-05-05
元大竹南,234.5,0,2100,983V,6239,2026-05-05
元大竹南,236.0,0,1000,983V,6239,2026-05-05
元大頭份,221.0,1000,0,983U,6239,2026-05-05
元大學甲,226.0,0,10,983K,6239,2026-05-05
元大大安,236.5,0,1000,983N,6239,2026-05-05
元大大安,234.5,2000,1000,983N,6239,2026-05-05
元大學甲,228.0,0,2100,983K,6239,2026-05-05
元大學甲,230.0,1200,0,983K,6239,2026-05-05
元大學甲,234.0,1000,0,983K,6239,2026-05-05
元大木柵,220.5,0,1000,983M,6239,2026-05-05
元大木柵,222.0,2000,0,983M,6239,2026-05-05
元大木柵,223.5,100,0,983M,6239,2026-05-05
元大木柵,224.5,200,0,983M,6239,2026-05-05
元大木柵,226.0,1000,0,983M,6239,2026-05-05
元大木柵,228.0,100,0,983M,6239,2026-05-05
元大木柵,229.5,0,600,983M,6239,2026-05-05
元大木柵,231.5,1000,0,983M,6239,2026-05-05
元大木柵,234.0,0,1000,983M,6239,2026-05-05
元大大安,220.5,0,1000,983N,6239,2026-05-05
元大大安,223.5,100,0,983N,6239,2026-05-05
元大大安,226.5,2000,0,983N,6239,2026-05-05
元大大安,227.5,250,2000,983N,6239,2026-05-05
元大大安,229.0,0,10000,983N,6239,2026-05-05
元大大安,230.0,1000,0,983N,6239,2026-05-05
元大大安,233.0,3000,0,983N,6239,2026-05-05
元大大安,235.5,5000,1000,983N,6239,2026-05-05
元大德芳,221.0,0,1000,983W,6239,2026-05-05
元大豐原,231.0,50,0,9838,6239,2026-05-05
元大草屯,223.5,11220,1000,989E,6239,2026-05-05
元大四維,225.0,0,100,9831,6239,2026-05-05
元大四維,227.5,6100,1000,9831,6239,2026-05-05
元大四維,228.5,5000,0,9831,6239,2026-05-05
元大四維,229.5,100,1000,9831,6239,2026-05-05
元大四維,231.0,2000,0,9831,6239,2026-05-05
元大四維,233.0,10000,0,9831,6239,2026-05-05
元大四維,234.5,4000,0,9831,6239,2026-05-05
元大四維,236.0,0,2000,9831,6239,2026-05-05
元大敦化,222.5,3000,1000,9833,6239,2026-05-05
元大敦化,224.0,1000,1000,9833,6239,2026-05-05
元大敦化,225.0,1000,200,9833,6239,2026-05-05
元大敦化,226.5,275,0,9833,6239,2026-05-05
元大敦化,227.5,0,2100,9833,6239,2026-05-05
元大敦化,230.0,0,1000,9833,6239,2026-05-05
元大敦化,231.0,4000,0,9833,6239,2026-05-05
元大敦化,234.0,1000,0,9833,6239,2026-05-05
元大敦化,235.5,1000,2000,9833,6239,2026-05-05
元大中壢,220.0,1010,0,9834,6239,2026-05-05
元大中壢,221.0,1110,0,9834,6239,2026-05-05
元大四維,224.0,2000,0,9831,6239,2026-05-05
元大中壢,222.0,310,0,9834,6239,2026-05-05
元大四維,222.5,3000,0,9831,6239,2026-05-05
元大四維,220.0,1000,0,9831,6239,2026-05-05
元大六合,220.5,0,2000,982C,6239,2026-05-05
元大六合,223.0,0,2000,982C,6239,2026-05-05
元大六合,224.0,1026,0,982C,6239,2026-05-05
元大六合,225.0,0,3200,982C,6239,2026-05-05
元大六合,226.0,1005,0,982C,6239,2026-05-05
元大六合,227.0,5,0,982C,6239,2026-05-05
元大六合,228.0,2005,3000,982C,6239,2026-05-05
元大六合,229.0,0,1000,982C,6239,2026-05-05
元大六合,230.5,1000,0,982C,6239,2026-05-05
元大六合,232.0,1000,0,982C,6239,2026-05-05
元大六合,233.5,4000,0,982C,6239,2026-05-05
元大六合,234.5,2000,438,982C,6239,2026-05-05
元大忠鼎,223.0,1000,0,982F,6239,2026-05-05
元大忠鼎,224.5,3000,0,982F,6239,2026-05-05
元大忠鼎,226.5,0,1000,982F,6239,2026-05-05
元大忠鼎,227.5,0,1000,982F,6239,2026-05-05
元大忠鼎,230.0,0,6000,982F,6239,2026-05-05
元大忠鼎,233.5,1000,0,982F,6239,2026-05-05
元大忠鼎,234.5,6000,1000,982F,6239,2026-05-05
元大四維,221.0,2000,0,9831,6239,2026-05-05
元大豐原,230.0,10,4504,9838,6239,2026-05-05
元大中壢,223.0,5081,1000,9834,6239,2026-05-05
元大中壢,225.0,2110,1000,9834,6239,2026-05-05
元大中山,235.5,1000,0,9835,6239,2026-05-05
元大北港,221.0,40,0,9837,6239,2026-05-05
元大北港,224.0,100,0,9837,6239,2026-05-05
元大北港,225.0,1000,0,9837,6239,2026-05-05
元大北港,227.0,1000,8000,9837,6239,2026-05-05
元大北港,228.0,200,2000,9837,6239,2026-05-05
元大北港,229.0,0,2000,9837,6239,2026-05-05
元大北港,230.0,300,2000,9837,6239,2026-05-05
元大北港,232.0,1000,2000,9837,6239,2026-05-05
元大北港,233.0,20,0,9837,6239,2026-05-05
元大北港,234.5,2030,0,9837,6239,2026-05-05
元大豐原,221.0,1250,0,9838,6239,2026-05-05
元大豐原,222.5,258,0,9838,6239,2026-05-05
元大豐原,224.0,101,0,9838,6239,2026-05-05
元大豐原,225.0,1000,4000,9838,6239,2026-05-05
元大豐原,226.0,305,3000,9838,6239,2026-05-05
元大豐原,227.0,2008,0,9838,6239,2026-05-05
元大豐原,228.0,140,200,9838,6239,2026-05-05
元大豐原,229.0,35,2000,9838,6239,2026-05-05
元大中山,233.0,2000,0,9835,6239,2026-05-05
元大中壢,224.0,1067,0,9834,6239,2026-05-05
元大中山,231.5,0,100,9835,6239,2026-05-05
元大中山,229.0,0,1000,9835,6239,2026-05-05
元大中壢,226.0,1600,0,9834,6239,2026-05-05
元大中壢,227.0,5050,3000,9834,6239,2026-05-05
元大中壢,228.0,5920,5025,9834,6239,2026-05-05
元大中壢,229.0,1000,3200,9834,6239,2026-05-05
元大中壢,230.0,150,3045,9834,6239,2026-05-05
元大中壢,231.0,0,400,9834,6239,2026-05-05
元大中壢,232.0,4005,0,9834,6239,2026-05-05
元大中壢,233.0,20,0,9834,6239,2026-05-05
元大中壢,234.0,0,2000,9834,6239,2026-05-05
元大中壢,235.0,5000,1000,9834,6239,2026-05-05
元大中壢,236.0,3000,0,9834,6239,2026-05-05
元大中山,220.5,1000,0,9835,6239,2026-05-05
元大中山,221.5,0,1000,9835,6239,2026-05-05
元大中山,223.0,2300,0,9835,6239,2026-05-05
元大中山,224.0,0,1000,9835,6239,2026-05-05
元大中山,225.0,2000,5,9835,6239,2026-05-05
元大中山,226.0,0,1200,9835,6239,2026-05-05
元大中山,227.0,50,1000,9835,6239,2026-05-05
元大中山,228.0,1000,5100,9835,6239,2026-05-05
元大中山,230.0,30,0,9835,6239,2026-05-05
元大博愛,236.0,1000,0,982B,6239,2026-05-05
元大德芳,222.0,5000,0,983W,6239,2026-05-05
元大德芳,224.0,1400,0,983W,6239,2026-05-05
元大花蓮,236.0,1000,1000,9856,6239,2026-05-05
元大蘆洲,220.0,1000,0,9857,6239,2026-05-05
元大蘆洲,221.0,1000,0,9857,6239,2026-05-05
元大蘆洲,222.0,6000,0,9857,6239,2026-05-05
元大蘆洲,223.0,1050,1000,9857,6239,2026-05-05
元大蘆洲,224.0,1000,1000,9857,6239,2026-05-05
元大蘆洲,225.0,1101,3000,9857,6239,2026-05-05
元大蘆洲,226.0,2000,0,9857,6239,2026-05-05
元大蘆洲,227.0,4006,2,9857,6239,2026-05-05
元大蘆洲,228.0,4000,3050,9857,6239,2026-05-05
元大蘆洲,229.5,1001,0,9857,6239,2026-05-05
元大蘆洲,230.5,100,0,9857,6239,2026-05-05
元大蘆洲,231.5,300,0,9857,6239,2026-05-05
元大蘆洲,232.5,0,71000,9857,6239,2026-05-05
元大蘆洲,233.5,1000,44000,9857,6239,2026-05-05
元大蘆洲,234.5,1000,438,9857,6239,2026-05-05
元大蘆洲,236.0,0,1000,9857,6239,2026-05-05
元大龍潭,220.5,5300,1490,9858,6239,2026-05-05
元大龍潭,221.5,10,2000,9858,6239,2026-05-05
元大花蓮,233.0,1000,0,9856,6239,2026-05-05
元大龍潭,223.0,13100,0,9858,6239,2026-05-05
元大花蓮,231.0,1004,0,9856,6239,2026-05-05
元大花蓮,229.0,1020,1000,9856,6239,2026-05-05
元大興安,223.5,1100,7000,9854,6239,2026-05-05
元大興安,224.5,1020,0,9854,6239,2026-05-05
元大興安,226.0,1200,50,9854,6239,2026-05-05
元大興安,227.0,1000,2000,9854,6239,2026-05-05
元大興安,228.0,1000,4000,9854,6239,2026-05-05
元大興安,229.0,0,1300,9854,6239,2026-05-05
元大興安,230.0,0,1000,9854,6239,2026-05-05
元大興安,232.0,0,11,9854,6239,2026-05-05
元大興安,233.0,1000,0,9854,6239,2026-05-05
元大興安,235.0,2000,1000,9854,6239,2026-05-05
元大興安,236.0,1000,0,9854,6239,2026-05-05
元大花蓮,220.5,1000,0,9856,6239,2026-05-05
元大花蓮,222.0,0,250,9856,6239,2026-05-05
元大花蓮,223.0,4500,1,9856,6239,2026-05-05
元大花蓮,224.0,1260,200,9856,6239,2026-05-05
元大花蓮,225.0,3000,3000,9856,6239,2026-05-05
元大花蓮,226.0,2000,0,9856,6239,2026-05-05
元大花蓮,227.0,1000,5000,9856,6239,2026-05-05
元大花蓮,228.0,1201,18000,9856,6239,2026-05-05
元大花蓮,230.0,130,0,9856,6239,2026-05-05
元大興安,222.5,150,0,9854,6239,2026-05-05
元大龍潭,224.0,8000,14500,9858,6239,2026-05-05
元大龍潭,226.5,1000,5000,9858,6239,2026-05-05
元大鳳中,221.0,50,0,985C,6239,2026-05-05
元大鳳中,223.0,3230,1000,985C,6239,2026-05-05
元大鳳中,224.0,1000,0,985C,6239,2026-05-05
元大鳳中,226.5,1000,4000,985C,6239,2026-05-05
元大鳳中,227.5,1003,5000,985C,6239,2026-05-05
元大鳳中,228.5,0,4000,985C,6239,2026-05-05
元大鳳中,229.5,3000,50,985C,6239,2026-05-05
元大鳳中,232.0,1000,0,985C,6239,2026-05-05
元大鳳中,234.0,2000,0,985C,6239,2026-05-05
元大鳳中,235.0,0,3000,985C,6239,2026-05-05
元大鳳中,236.0,1000,0,985C,6239,2026-05-05
元大岡山,220.5,1000,0,985F,6239,2026-05-05
元大岡山,224.0,100,2000,985F,6239,2026-05-05
元大岡山,227.0,1000,0,985F,6239,2026-05-05
元大南京,220.0,2000,0,9862,6239,2026-05-05
元大南京,221.0,2010,0,9862,6239,2026-05-05
元大南京,222.0,3035,0,9862,6239,2026-05-05
元大南京,223.0,2000,0,9862,6239,2026-05-05
元大南京,224.0,2220,0,9862,6239,2026-05-05
元大經國,236.5,1000,1000,9859,6239,2026-05-05
元大龍潭,225.0,1000,0,9858,6239,2026-05-05
元大經國,234.5,770,821,9859,6239,2026-05-05
元大經國,232.5,1000,0,9859,6239,2026-05-05
元大龍潭,227.5,3100,4000,9858,6239,2026-05-05
元大龍潭,228.5,11001,21030,9858,6239,2026-05-05
元大龍潭,229.5,1000,1030,9858,6239,2026-05-05
元大龍潭,230.5,0,3000,9858,6239,2026-05-05
元大龍潭,231.5,1100,0,9858,6239,2026-05-05
元大龍潭,232.5,0,20,9858,6239,2026-05-05
元大龍潭,233.5,1000,0,9858,6239,2026-05-05
元大龍潭,234.5,5000,110,9858,6239,2026-05-05
元大龍潭,235.5,1000,0,9858,6239,2026-05-05
元大經國,220.5,2000,0,9859,6239,2026-05-05
元大經國,221.5,1000,0,9859,6239,2026-05-05
元大經國,222.5,2000,3000,9859,6239,2026-05-05
元大經國,223.5,6160,0,9859,6239,2026-05-05
元大經國,224.5,10,0,9859,6239,2026-05-05
元大經國,225.5,0,1085,9859,6239,2026-05-05
元大經國,227.0,3000,1000,9859,6239,2026-05-05
元大經國,228.0,3000,6200,9859,6239,2026-05-05
元大經國,229.0,1000,2000,9859,6239,2026-05-05
元大經國,230.0,3000,200,9859,6239,2026-05-05
元大經國,233.5,3000,0,9859,6239,2026-05-05
元大德芳,223.0,4020,0,983W,6239,2026-05-05
元大興安,221.5,4000,0,9854,6239,2026-05-05
元大南屯,234.0,2000,0,9853,6239,2026-05-05
元大大直,228.0,2000,0,9846,6239,2026-05-05
元大大直,229.5,0,1000,9846,6239,2026-05-05
元大大直,234.0,0,1000,9846,6239,2026-05-05
元大大直,236.5,0,1000,9846,6239,2026-05-05
元大新中,221.5,1200,0,984C,6239,2026-05-05
元大新中,222.5,1000,1000,984C,6239,2026-05-05
元大新中,223.5,1015,0,984C,6239,2026-05-05
元大新中,224.5,100,1000,984C,6239,2026-05-05
元大新中,225.5,4000,1000,984C,6239,2026-05-05
元大新中,227.0,1050,2000,984C,6239,2026-05-05
元大新中,228.0,1050,3100,984C,6239,2026-05-05
元大新中,229.5,1000,0,984C,6239,2026-05-05
元大新中,230.5,0,1000,984C,6239,2026-05-05
元大新中,231.5,50,0,984C,6239,2026-05-05
元大新中,233.0,1000,0,984C,6239,2026-05-05
元大新中,235.0,5000,0,984C,6239,2026-05-05
元大南勢,223.5,0,125,984E,6239,2026-05-05
元大南勢,224.5,1000,20,984E,6239,2026-05-05
元大南勢,225.5,10,0,984E,6239,2026-05-05
元大大直,227.0,1000,0,9846,6239,2026-05-05
元大南勢,227.0,0,1000,984E,6239,2026-05-05
元大大直,224.5,0,5000,9846,6239,2026-05-05
元大鳳山,235.0,1000,0,983Z,6239,2026-05-05
元大德芳,225.0,2010,0,983W,6239,2026-05-05
元大德芳,226.5,1000,7000,983W,6239,2026-05-05
元大德芳,228.0,1008,1000,983W,6239,2026-05-05
元大德芳,229.0,750,1000,983W,6239,2026-05-05
元大德芳,230.0,2100,900,983W,6239,2026-05-05
元大德芳,232.0,1000,200,983W,6239,2026-05-05
元大德芳,233.5,1000,0,983W,6239,2026-05-05
元大德芳,234.5,1000,0,983W,6239,2026-05-05
元大德芳,235.5,1000,1000,983W,6239,2026-05-05
元大鳳山,220.5,2000,0,983Z,6239,2026-05-05
元大鳳山,223.0,21,0,983Z,6239,2026-05-05
元大鳳山,224.0,1000,1050,983Z,6239,2026-05-05
元大鳳山,225.0,1000,0,983Z,6239,2026-05-05
元大鳳山,226.0,59,2000,983Z,6239,2026-05-05
元大鳳山,227.0,1000,2000,983Z,6239,2026-05-05
元大鳳山,228.0,0,1000,983Z,6239,2026-05-05
元大鳳山,230.0,3,24,983Z,6239,2026-05-05
元大鳳山,231.5,87,0,983Z,6239,2026-05-05
元大鳳山,233.5,1000,0,983Z,6239,2026-05-05
元大大直,222.5,1000,0,9846,6239,2026-05-05
元大興安,220.5,1000,0,9854,6239,2026-05-05
元大南勢,228.0,25,1000,984E,6239,2026-05-05
元大南勢,232.5,1000,0,984E,6239,2026-05-05
元大永春,224.0,1050,0,9852,6239,2026-05-05
元大永春,225.0,3200,0,9852,6239,2026-05-05
元大永春,227.0,4050,2000,9852,6239,2026-05-05
元大永春,228.5,600,1000,9852,6239,2026-05-05
元大永春,229.5,1350,0,9852,6239,2026-05-05
元大永春,230.5,50,0,9852,6239,2026-05-05
元大永春,232.0,1000,17000,9852,6239,2026-05-05
元大永春,233.0,20000,0,9852,6239,2026-05-05
元大永春,235.0,1000,3000,9852,6239,2026-05-05
元大南屯,220.5,1000,0,9853,6239,2026-05-05
元大南屯,222.0,1000,0,9853,6239,2026-05-05
元大南屯,224.0,2000,0,9853,6239,2026-05-05
元大南屯,225.0,1000,150,9853,6239,2026-05-05
元大南屯,226.5,1000,0,9853,6239,2026-05-05
元大南屯,227.5,2020,2000,9853,6239,2026-05-05
元大南屯,228.5,200,3000,9853,6239,2026-05-05
元大南屯,229.5,100,360,9853,6239,2026-05-05
元大南屯,230.5,1000,100,9853,6239,2026-05-05
元大南屯,232.0,3050,2100,9853,6239,2026-05-05
元大永春,223.0,1128,2000,9852,6239,2026-05-05
元大南勢,229.0,0,1000,984E,6239,2026-05-05
元大永春,221.0,100,0,9852,6239,2026-05-05
元大館前,234.5,0,40,984K,6239,2026-05-05
元大南勢,234.5,1000,400,984E,6239,2026-05-05
元大景美,222.5,1000,0,984H,6239,2026-05-05
元大景美,224.5,2000,0,984H,6239,2026-05-05
元大景美,227.5,1080,1000,984H,6239,2026-05-05
元大景美,228.5,0,3000,984H,6239,2026-05-05
元大景美,231.5,100,0,984H,6239,2026-05-05
元大景美,234.0,3000,0,984H,6239,2026-05-05
元大景美,235.0,1000,0,984H,6239,2026-05-05
元大館前,221.0,10000,1000,984K,6239,2026-05-05
元大館前,223.0,2000,0,984K,6239,2026-05-05
元大館前,224.0,6020,1000,984K,6239,2026-05-05
元大館前,225.0,1200,0,984K,6239,2026-05-05
元大館前,227.0,1000,10000,984K,6239,2026-05-05
元大館前,228.0,9,3200,984K,6239,2026-05-05
元大館前,229.0,4000,0,984K,6239,2026-05-05
元大館前,230.0,1000,15300,984K,6239,2026-05-05
元大館前,231.0,0,2000,984K,6239,2026-05-05
元大館前,232.0,1010,2000,984K,6239,2026-05-05
元大館前,233.0,1010,0,984K,6239,2026-05-05
元大館前,236.0,1000,0,984K,6239,2026-05-05
元大博愛,234.5,1100,1050,982B,6239,2026-05-05
元大博愛,233.5,2000,0,982B,6239,2026-05-05
元大博愛,232.5,2150,0,982B,6239,2026-05-05
元大天母,228.5,0,75,981I,6239,2026-05-05
元大天母,230.0,1350,0,981I,6239,2026-05-05
元大天母,233.0,1000,0,981I,6239,2026-05-05
元大士林,220.5,0,1000,981j,6239,2026-05-05
元大士林,223.0,2000,0,981j,6239,2026-05-05
元大士林,224.0,100,0,981j,6239,2026-05-05
元大士林,225.0,20000,0,981j,6239,2026-05-05
元大士林,226.0,200,30000,981j,6239,2026-05-05
元大士林,227.0,0,1000,981j,6239,2026-05-05
元大士林,228.5,53,0,981j,6239,2026-05-05
元大士林,229.5,1200,2000,981j,6239,2026-05-05
元大士林,230.5,107,0,981j,6239,2026-05-05
元大士林,232.0,11000,0,981j,6239,2026-05-05
元大士林,234.0,1000,0,981j,6239,2026-05-05
元大士林,235.0,0,1000,981j,6239,2026-05-05
元大林園,221.0,200,0,981K,6239,2026-05-05
元大林園,223.5,10,0,981K,6239,2026-05-05
元大林園,227.0,0,2000,981K,6239,2026-05-05
元大林園,228.5,20,0,981K,6239,2026-05-05
元大天母,227.0,0,4000,981I,6239,2026-05-05
元大林園,233.0,100,0,981K,6239,2026-05-05
元大天母,225.5,0,3000,981I,6239,2026-05-05
元大天母,223.5,330,0,981I,6239,2026-05-05
元大屏生,226.0,0,1000,981h,6239,2026-05-05
元大屏生,227.0,100,2000,981h,6239,2026-05-05
元大屏生,228.0,1000,1,981h,6239,2026-05-05
元大屏生,229.0,200,0,981h,6239,2026-05-05
元大屏生,230.0,1000,1100,981h,6239,2026-05-05
元大屏生,231.0,0,100,981h,6239,2026-05-05
元大屏生,232.0,1000,0,981h,6239,2026-05-05
元大屏生,233.5,1000,0,981h,6239,2026-05-05
元大西螺,220.5,0,275,981i,6239,2026-05-05
元大西螺,223.5,4000,0,981i,6239,2026-05-05
元大西螺,225.0,1000,0,981i,6239,2026-05-05
元大西螺,227.0,1000,4000,981i,6239,2026-05-05
元大西螺,228.0,1050,0,981i,6239,2026-05-05
元大西螺,229.5,1050,0,981i,6239,2026-05-05
元大西螺,232.0,3000,0,981i,6239,2026-05-05
元大西螺,234.0,3000,0,981i,6239,2026-05-05
元大西螺,235.0,2000,14000,981i,6239,2026-05-05
元大天母,220.5,2000,0,981I,6239,2026-05-05
元大天母,222.5,1000,0,981I,6239,2026-05-05
元大天母,224.5,100,0,981I,6239,2026-05-05
元大屏生,225.0,1000,0,981h,6239,2026-05-05
元大林園,235.5,5000,0,981K,6239,2026-05-05
元大莒光,222.0,2020,0,981L,6239,2026-05-05
元大苗栗,227.5,1012,0,981M,6239,2026-05-05
元大旗山,221.0,1000,0,981n,6239,2026-05-05
元大旗山,222.5,1000,0,981n,6239,2026-05-05
元大旗山,223.5,5,0,981n,6239,2026-05-05
元大旗山,225.5,1005,0,981n,6239,2026-05-05
元大旗山,227.0,1000,2000,981n,6239,2026-05-05
元大旗山,228.0,100,5000,981n,6239,2026-05-05
元大旗山,229.5,1000,0,981n,6239,2026-05-05
元大旗山,230.5,3005,0,981n,6239,2026-05-05
元大旗山,232.0,3000,0,981n,6239,2026-05-05
元大旗山,234.0,1000,0,981n,6239,2026-05-05
元大旗山,236.0,2000,1000,981n,6239,2026-05-05
元大金門,222.5,1000,0,981N,6239,2026-05-05
元大金門,224.0,100,0,981N,6239,2026-05-05
元大金門,225.0,0,1000,981N,6239,2026-05-05
元大金門,227.5,0,50,981N,6239,2026-05-05
元大金門,230.5,0,1000,981N,6239,2026-05-05
元大金門,233.5,0,1000,981N,6239,2026-05-05
元大松山,222.5,50,3000,981p,6239,2026-05-05
元大苗栗,224.5,1000,100,981M,6239,2026-05-05
元大莒光,220.5,1000,0,981L,6239,2026-05-05
元大苗栗,223.5,1060,0,981M,6239,2026-05-05
元大苗栗,220.0,1000,0,981M,6239,2026-05-05
元大莒光,223.0,1000,2150,981L,6239,2026-05-05
元大莒光,225.0,1000,0,981L,6239,2026-05-05
元大莒光,226.0,1050,0,981L,6239,2026-05-05
元大莒光,227.0,5160,1050,981L,6239,2026-05-05
元大莒光,228.0,2000,3100,981L,6239,2026-05-05
元大莒光,230.0,0,200,981L,6239,2026-05-05
元大莒光,231.0,0,1000,981L,6239,2026-05-05
元大莒光,232.0,1000,1000,981L,6239,2026-05-05
元大莒光,233.5,0,2000,981L,6239,2026-05-05
元大莒光,235.0,0,2000,981L,6239,2026-05-05
元大前金,220.5,6000,0,981m,6239,2026-05-05
元大前金,222.0,1,0,981m,6239,2026-05-05
元大前金,223.5,1000,0,981m,6239,2026-05-05
元大前金,224.5,0,1,981m,6239,2026-05-05
元大前金,227.0,1000,1000,981m,6239,2026-05-05
元大前金,228.0,20,0,981m,6239,2026-05-05
元大前金,229.5,2202,0,981m,6239,2026-05-05
元大前金,231.0,500,0,981m,6239,2026-05-05
元大前金,233.0,1000,0,981m,6239,2026-05-05
元大苗栗,221.5,20,0,981M,6239,2026-05-05
元大松山,223.5,608,0,981p,6239,2026-05-05
元大屏生,224.0,150,0,981h,6239,2026-05-05
元大屏生,222.0,1000,0,981h,6239,2026-05-05
福邦,232.5,0,120,6480,6239,2026-05-05
福邦,228.0,1000,0,6480,6239,2026-05-05
福邦,225.5,1000,0,6480,6239,2026-05-05
福邦,220.5,1000,0,6480,6239,2026-05-05
大昌桃園,230.5,1000,0,6465,6239,2026-05-05
大昌桃園,229.5,1050,0,6465,6239,2026-05-05
大昌桃園,227.5,100,1000,6465,6239,2026-05-05
大昌桃園,224.5,1000,0,6465,6239,2026-05-05
大昌新店,235.5,0,1000,6464,6239,2026-05-05
元大佳里,225.5,1000,1000,981e,6239,2026-05-05
元大佳里,226.5,25000,0,981e,6239,2026-05-05
元大佳里,227.5,1250,37400,981e,6239,2026-05-05
元大佳里,228.5,0,1200,981e,6239,2026-05-05
元大佳里,229.5,5,0,981e,6239,2026-05-05
元大佳里,230.5,0,1000,981e,6239,2026-05-05
元大佳里,232.0,1000,0,981e,6239,2026-05-05
元大佳里,233.5,0,1000,981e,6239,2026-05-05
元大佳里,234.5,2100,1000,981e,6239,2026-05-05
元大發財,220.5,0,5000,981E,6239,2026-05-05
福邦新竹,220.5,4000,0,6489,6239,2026-05-05
元大發財,222.0,0,5000,981E,6239,2026-05-05
福邦新竹,225.0,2000,0,6489,6239,2026-05-05
福邦新竹,234.5,0,2000,6489,6239,2026-05-05
德信,226.0,1000,0,6910,6239,2026-05-05
德信,224.5,0,1000,6910,6239,2026-05-05
口袋,236.0,2000,0,6620,6239,2026-05-05
口袋,235.0,1000,2000,6620,6239,2026-05-05
口袋,234.0,3000,0,6620,6239,2026-05-05
口袋,233.0,3010,0,6620,6239,2026-05-05
口袋,232.0,50,1198,6620,6239,2026-05-05
口袋,231.0,0,1000,6620,6239,2026-05-05
口袋,230.0,3200,3514,6620,6239,2026-05-05
口袋,229.0,3000,2000,6620,6239,2026-05-05
口袋,228.0,5151,12130,6620,6239,2026-05-05
口袋,227.0,2124,1000,6620,6239,2026-05-05
口袋,226.0,2354,4350,6620,6239,2026-05-05
口袋,225.0,3005,1712,6620,6239,2026-05-05
口袋,224.0,1105,2350,6620,6239,2026-05-05
口袋,223.0,1715,350,6620,6239,2026-05-05
口袋,222.0,1500,1015,6620,6239,2026-05-05
口袋,221.0,100,100,6620,6239,2026-05-05
口袋,220.0,1000,0,6620,6239,2026-05-05
福邦新竹,232.0,0,1000,6489,6239,2026-05-05
元大屏生,223.0,50,0,981h,6239,2026-05-05
元大發財,223.0,0,5000,981E,6239,2026-05-05
元大發財,226.5,0,24000,981E,6239,2026-05-05
元大大里,228.0,3110,2000,981g,6239,2026-05-05
元大大里,229.0,100,1000,981g,6239,2026-05-05
元大大里,230.5,5,263,981g,6239,2026-05-05
元大大里,232.0,0,1000,981g,6239,2026-05-05
元大大里,233.0,1010,0,981g,6239,2026-05-05
元大大里,235.0,1000,0,981g,6239,2026-05-05
元大彰化,220.5,2000,0,981G,6239,2026-05-05
元大彰化,222.0,250,0,981G,6239,2026-05-05
元大彰化,223.0,1000,0,981G,6239,2026-05-05
元大彰化,224.5,220,1000,981G,6239,2026-05-05
元大彰化,226.5,0,1000,981G,6239,2026-05-05
元大彰化,227.5,0,18000,981G,6239,2026-05-05
元大彰化,228.5,5,2000,981G,6239,2026-05-05
元大彰化,229.5,4000,0,981G,6239,2026-05-05
元大彰化,230.5,2000,1050,981G,6239,2026-05-05
元大彰化,231.5,205,0,981G,6239,2026-05-05
元大彰化,233.5,1000,0,981G,6239,2026-05-05
元大彰化,234.5,1000,1000,981G,6239,2026-05-05
元大彰化,236.0,0,1000,981G,6239,2026-05-05
元大大里,227.0,0,1000,981g,6239,2026-05-05
元大發財,224.5,1000,1000,981E,6239,2026-05-05
元大大里,226.0,2000,0,981g,6239,2026-05-05
元大大里,224.0,0,1000,981g,6239,2026-05-05
元大發財,227.5,1010,1000,981E,6239,2026-05-05
元大發財,229.0,1100,0,981E,6239,2026-05-05
元大發財,230.0,0,50,981E,6239,2026-05-05
元大發財,232.5,1000,0,981E,6239,2026-05-05
元大福營,220.5,0,1000,981F,6239,2026-05-05
元大福營,222.0,1000,0,981F,6239,2026-05-05
元大福營,223.5,0,1000,981F,6239,2026-05-05
元大福營,224.5,1000,1000,981F,6239,2026-05-05
元大福營,225.5,1000,500,981F,6239,2026-05-05
元大,234.0,398000,244000,9800,6239,2026-05-05
元大福營,228.0,1000,1000,981F,6239,2026-05-05
元大福營,229.0,1000,0,981F,6239,2026-05-05
元大福營,230.5,150,50,981F,6239,2026-05-05
元大福營,231.5,1000,0,981F,6239,2026-05-05
元大福營,232.5,100,0,981F,6239,2026-05-05
元大福營,235.5,1000,0,981F,6239,2026-05-05
元大大里,220.5,3014,0,981g,6239,2026-05-05
元大大里,222.0,1200,0,981g,6239,2026-05-05
元大大里,223.0,1010,0,981g,6239,2026-05-05
元大大里,225.0,2000,1350,981g,6239,2026-05-05
元大松山,224.5,1073,0,981p,6239,2026-05-05
元大松山,226.0,0,1000,981p,6239,2026-05-05
元大松山,227.0,0,1000,981p,6239,2026-05-05
元大潮州,227.5,2000,0,981Z,6239,2026-05-05
元大潮州,228.5,0,50,981Z,6239,2026-05-05
元大潮州,229.5,50,0,981Z,6239,2026-05-05
元大潮州,232.5,1000,0,981Z,6239,2026-05-05
元大學府,220.5,1000,0,9822,6239,2026-05-05
元大學府,223.0,30,0,9822,6239,2026-05-05
元大學府,226.5,1000,3000,9822,6239,2026-05-05
元大學府,227.5,2100,3200,9822,6239,2026-05-05
元大學府,228.5,30,1340,9822,6239,2026-05-05
元大學府,230.0,3000,0,9822,6239,2026-05-05
元大學府,234.0,2000,50,9822,6239,2026-05-05
元大學府,236.0,1000,0,9822,6239,2026-05-05
元大向上,222.5,50,0,9824,6239,2026-05-05
元大向上,224.5,26,0,9824,6239,2026-05-05
元大向上,225.5,50,0,9824,6239,2026-05-05
元大向上,227.0,1000,100,9824,6239,2026-05-05
元大向上,229.5,1000,0,9824,6239,2026-05-05
元大向上,230.5,5,0,9824,6239,2026-05-05
元大新營,220.0,1000,0,9825,6239,2026-05-05
元大潮州,225.0,200,0,981Z,6239,2026-05-05
元大新營,221.0,1000,5000,9825,6239,2026-05-05
元大潮州,222.0,1020,0,981Z,6239,2026-05-05
元大大統,236.5,0,1000,981z,6239,2026-05-05
元大善化,227.0,3100,0,981y,6239,2026-05-05
元大善化,228.0,1100,5075,981y,6239,2026-05-05
元大善化,229.0,1005,2100,981y,6239,2026-05-05
元大善化,230.0,0,2000,981y,6239,2026-05-05
元大善化,231.0,0,50,981y,6239,2026-05-05
元大善化,232.5,25,0,981y,6239,2026-05-05
元大善化,234.0,1000,0,981y,6239,2026-05-05
元大大統,220.0,1000,0,981z,6239,2026-05-05
元大大統,221.0,105,1000,981z,6239,2026-05-05
元大大統,223.0,100,0,981z,6239,2026-05-05
元大大統,224.0,1100,0,981z,6239,2026-05-05
元大大統,225.0,1000,3000,981z,6239,2026-05-05
元大大統,226.5,0,2000,981z,6239,2026-05-05
元大大統,227.5,0,1000,981z,6239,2026-05-05
元大大統,229.0,6000,0,981z,6239,2026-05-05
元大大統,232.0,0,300,981z,6239,2026-05-05
元大大統,233.0,1000,0,981z,6239,2026-05-05
元大大統,234.0,1000,0,981z,6239,2026-05-05
元大大統,235.0,2000,0,981z,6239,2026-05-05
元大潮州,221.0,2070,0,981Z,6239,2026-05-05
元大善化,226.0,1000,0,981y,6239,2026-05-05
元大新營,223.0,6050,0,9825,6239,2026-05-05
元大新營,225.0,5000,2000,9825,6239,2026-05-05
元大羅東,227.0,2100,73,982A,6239,2026-05-05
元大羅東,228.0,10000,1000,982A,6239,2026-05-05
元大羅東,229.0,1100,0,982A,6239,2026-05-05
元大羅東,230.5,0,1000,982A,6239,2026-05-05
元大羅東,232.0,0,215,982A,6239,2026-05-05
元大羅東,235.0,2000,1000,982A,6239,2026-05-05
元大羅東,236.0,0,1000,982A,6239,2026-05-05
元大博愛,220.5,2000,1000,982B,6239,2026-05-05
元大博愛,221.5,100,0,982B,6239,2026-05-05
元大博愛,222.5,5100,0,982B,6239,2026-05-05
元大博愛,223.5,1070,0,982B,6239,2026-05-05
元大博愛,224.5,5400,4000,982B,6239,2026-05-05
元大博愛,225.5,0,100,982B,6239,2026-05-05
元大博愛,226.5,1550,2000,982B,6239,2026-05-05
元大博愛,227.5,1030,3000,982B,6239,2026-05-05
元大博愛,228.5,2200,1000,982B,6239,2026-05-05
元大博愛,229.5,150,0,982B,6239,2026-05-05
元大博愛,230.5,0,100,982B,6239,2026-05-05
元大博愛,231.5,2000,2000,982B,6239,2026-05-05
元大羅東,226.0,1000,2000,982A,6239,2026-05-05
元大新營,224.0,20,0,9825,6239,2026-05-05
元大羅東,225.0,2000,0,982A,6239,2026-05-05
元大羅東,222.0,1174,0,982A,6239,2026-05-05
元大新營,226.0,58,0,9825,6239,2026-05-05
元大新營,227.0,0,1000,9825,6239,2026-05-05
元大新營,228.0,180,0,9825,6239,2026-05-05
元大新營,229.0,1000,0,9825,6239,2026-05-05
元大新營,230.5,2000,0,9825,6239,2026-05-05
元大新營,231.5,10,0,9825,6239,2026-05-05
元大新營,232.5,90,0,9825,6239,2026-05-05
元大新營,234.0,1000,0,9825,6239,2026-05-05
元大新營,235.5,0,2000,9825,6239,2026-05-05
元大永康,223.5,0,100,9829,6239,2026-05-05
元大永康,225.0,1050,0,9829,6239,2026-05-05
元大永康,226.0,1000,0,9829,6239,2026-05-05
元大永康,227.5,100,1000,9829,6239,2026-05-05
元大永康,229.0,18,0,9829,6239,2026-05-05
元大永康,232.0,2000,0,9829,6239,2026-05-05
元大永康,233.0,0,1000,9829,6239,2026-05-05
元大永康,234.0,0,1000,9829,6239,2026-05-05
元大永康,235.0,8000,0,9829,6239,2026-05-05
元大羅東,220.5,1000,0,982A,6239,2026-05-05
元大羅東,223.0,1100,0,982A,6239,2026-05-05
元大善化,225.0,1000,0,981y,6239,2026-05-05
元大善化,223.5,3000,10,981y,6239,2026-05-05
元大善化,222.5,2000,0,981y,6239,2026-05-05
元大太平,226.5,1000,0,981Q,6239,2026-05-05
元大太平,227.5,0,1000,981Q,6239,2026-05-05
元大太平,228.5,1000,0,981Q,6239,2026-05-05
元大太平,229.5,0,50,981Q,6239,2026-05-05
元大太平,230.5,1000,0,981Q,6239,2026-05-05
元大太平,232.0,1250,6000,981Q,6239,2026-05-05
元大太平,233.0,2000,0,981Q,6239,2026-05-05
元大太平,234.5,1000,0,981Q,6239,2026-05-05
元大太平,235.5,2000,0,981Q,6239,2026-05-05
元大屏南,223.5,1000,0,981r,6239,2026-05-05
元大屏南,225.5,10,0,981r,6239,2026-05-05
元大屏南,227.0,1150,1000,981r,6239,2026-05-05
元大屏南,228.0,1020,0,981r,6239,2026-05-05
元大屏南,229.0,1000,0,981r,6239,2026-05-05
元大屏南,230.0,50,0,981r,6239,2026-05-05
元大屏南,232.0,0,1000,981r,6239,2026-05-05
元大屏南,234.5,0,1000,981r,6239,2026-05-05
元大竹山,221.0,1150,0,981R,6239,2026-05-05
元大竹山,222.5,1000,1000,981R,6239,2026-05-05
元大太平,225.5,0,10,981Q,6239,2026-05-05
元大竹山,223.5,50,0,981R,6239,2026-05-05
元大太平,224.5,2000,150,981Q,6239,2026-05-05
元大太平,222.0,3,1000,981Q,6239,2026-05-05
元大松山,228.0,5,2000,981p,6239,2026-05-05
元大松山,229.0,0,2000,981p,6239,2026-05-05
元大松山,230.0,0,40,981p,6239,2026-05-05
元大松山,231.5,5,0,981p,6239,2026-05-05
元大松山,232.5,5000,0,981p,6239,2026-05-05
元大松山,234.0,0,10,981p,6239,2026-05-05
元大松山,235.5,1000,0,981p,6239,2026-05-05
元大萬華,222.0,2000,0,981q,6239,2026-05-05
元大萬華,224.0,100,0,981q,6239,2026-05-05
元大萬華,225.0,0,1000,981q,6239,2026-05-05
元大萬華,227.0,0,1000,981q,6239,2026-05-05
元大萬華,228.0,100,1000,981q,6239,2026-05-05
元大萬華,229.0,0,1000,981q,6239,2026-05-05
元大萬華,230.0,0,1050,981q,6239,2026-05-05
元大萬華,231.5,0,1000,981q,6239,2026-05-05
元大萬華,232.5,0,10,981q,6239,2026-05-05
元大萬華,234.5,300,0,981q,6239,2026-05-05
元大太平,220.0,1000,0,981Q,6239,2026-05-05
元大太平,221.0,1003,0,981Q,6239,2026-05-05
元大太平,223.5,2000,0,981Q,6239,2026-05-05
元大竹山,224.5,1000,0,981R,6239,2026-05-05
元大竹山,225.5,0,1050,981R,6239,2026-05-05
元大竹山,227.0,1000,0,981R,6239,2026-05-05
元大民雄,223.0,1000,0,981V,6239,2026-05-05
元大民雄,224.5,200,0,981V,6239,2026-05-05
元大民雄,226.0,1000,0,981V,6239,2026-05-05
元大民雄,227.0,30,11000,981V,6239,2026-05-05
元大民雄,228.0,1100,1000,981V,6239,2026-05-05
元大民雄,229.0,2000,2000,981V,6239,2026-05-05
元大民雄,230.0,2000,10,981V,6239,2026-05-05
元大民雄,232.0,3000,0,981V,6239,2026-05-05
元大民雄,236.5,0,1000,981V,6239,2026-05-05
元大新生,222.0,10,0,981X,6239,2026-05-05
元大新生,223.5,1000,0,981X,6239,2026-05-05
元大新生,225.0,1000,0,981X,6239,2026-05-05
元大新生,226.5,1050,1000,981X,6239,2026-05-05
元大新生,228.0,2000,3000,981X,6239,2026-05-05
元大新生,230.5,1000,0,981X,6239,2026-05-05
元大新生,234.0,2000,2000,981X,6239,2026-05-05
元大新生,235.0,2000,0,981X,6239,2026-05-05
元大新生,236.5,0,1000,981X,6239,2026-05-05
元大善化,221.5,2000,0,981y,6239,2026-05-05
元大民雄,221.0,100,0,981V,6239,2026-05-05
元大民雄,220.0,2000,0,981V,6239,2026-05-05
元大華山,234.0,0,1000,981U,6239,2026-05-05
元大華山,230.0,20,6,981U,6239,2026-05-05
元大竹山,228.0,0,2000,981R,6239,2026-05-05
元大竹山,229.0,1050,0,981R,6239,2026-05-05
元大竹山,232.0,1000,0,981R,6239,2026-05-05
元大竹山,234.5,0,5000,981R,6239,2026-05-05
元大崇德,221.5,0,1000,981S,6239,2026-05-05
元大崇德,222.5,1300,6000,981S,6239,2026-05-05
元大崇德,223.5,1000,0,981S,6239,2026-05-05
元大崇德,225.0,3000,0,981S,6239,2026-05-05
元大崇德,226.5,2000,6,981S,6239,2026-05-05
元大南京,225.0,3000,0,9862,6239,2026-05-05
元大崇德,227.5,1000,13000,981S,6239,2026-05-05
元大崇德,229.5,1000,1006,981S,6239,2026-05-05
元大崇德,230.5,1000,0,981S,6239,2026-05-05
元大崇德,234.0,0,10000,981S,6239,2026-05-05
元大崇德,235.0,2000,5000,981S,6239,2026-05-05
元大崇德,236.0,1000,0,981S,6239,2026-05-05
元大華山,221.0,20,0,981U,6239,2026-05-05
元大華山,225.0,1000,0,981U,6239,2026-05-05
元大華山,226.0,1000,0,981U,6239,2026-05-05
元大華山,228.0,0,3,981U,6239,2026-05-05
元大崇德,228.5,0,9000,981S,6239,2026-05-05
德信,228.0,1000,2000,6910,6239,2026-05-05
元大南京,226.5,1000,0,9862,6239,2026-05-05
元大南京,228.5,0,2000,9862,6239,2026-05-05
光和高雄,228.0,0,1000,638D,6239,2026-05-05
光和高雄,226.5,0,1000,638D,6239,2026-05-05
光和高雄,222.5,1000,0,638D,6239,2026-05-05
光和高雄,221.5,1000,0,638D,6239,2026-05-05
光和嘉義,233.0,1000,0,638A,6239,2026-05-05
光和嘉義,230.0,0,500,638A,6239,2026-05-05
光和嘉義,227.5,4000,1000,638A,6239,2026-05-05
光和嘉義,223.5,3000,0,638A,6239,2026-05-05
光和嘉義,222.0,1000,0,638A,6239,2026-05-05
光和花壇,234.0,8000,0,6385,6239,2026-05-05
光和花壇,229.0,1000,0,6385,6239,2026-05-05
光和花壇,227.5,1000,2000,6385,6239,2026-05-05
光和花壇,225.0,3000,0,6385,6239,2026-05-05
光和和美,232.0,0,100,6383,6239,2026-05-05
光和和美,228.0,1000,0,6383,6239,2026-05-05
光和和美,225.5,100,0,6383,6239,2026-05-05
光和和美,223.0,1000,0,6383,6239,2026-05-05
光和田中,234.5,0,2050,6382,6239,2026-05-05
光和田中,232.5,100,0,6382,6239,2026-05-05
光和高雄,232.0,1000,0,638D,6239,2026-05-05
光和田中,229.0,10,0,6382,6239,2026-05-05
光和高雄,234.5,1000,0,638D,6239,2026-05-05
永全,226.0,1000,0,6450,6239,2026-05-05
大昌,228.5,1000,0,6460,6239,2026-05-05
大昌,227.5,2000,0,6460,6239,2026-05-05
大昌,226.5,1000,0,6460,6239,2026-05-05
大昌,225.0,11500,1000,6460,6239,2026-05-05
大昌,224.0,0,1000,6460,6239,2026-05-05
大昌,223.0,4500,0,6460,6239,2026-05-05
大昌,222.0,1000,0,6460,6239,2026-05-05
大昌,221.0,1000,0,6460,6239,2026-05-05
永全八德,227.5,1000,0,6452,6239,2026-05-05
永全八德,226.0,1000,0,6452,6239,2026-05-05
永全南崁,235.0,0,1000,6451,6239,2026-05-05
永全南崁,233.0,50,0,6451,6239,2026-05-05
永全南崁,231.0,50,0,6451,6239,2026-05-05
永全南崁,228.0,1000,100,6451,6239,2026-05-05
永全南崁,227.0,1300,0,6451,6239,2026-05-05
永全南崁,223.5,1000,100,6451,6239,2026-05-05
永全,229.5,0,1000,6450,6239,2026-05-05
永全,228.0,0,1000,6450,6239,2026-05-05
永全,227.0,1000,0,6450,6239,2026-05-05
永全,223.0,150,0,6450,6239,2026-05-05
大昌,230.0,3000,0,6460,6239,2026-05-05
光和田中,228.0,1000,100,6382,6239,2026-05-05
光和田中,223.0,0,2000,6382,6239,2026-05-05
新百王,223.0,1000,0,6210,6239,2026-05-05
新百王,222.0,20,7000,6210,6239,2026-05-05
新百王,221.0,1043,0,6210,6239,2026-05-05
新百王,220.0,0,1000,6210,6239,2026-05-05
中信託高,235.0,1000,24000,616K,6239,2026-05-05
中信託高,234.0,0,6000,616K,6239,2026-05-05
中信託高,232.5,1000,0,616K,6239,2026-05-05
中信託高,231.0,3000,1000,616K,6239,2026-05-05
中信託高,229.0,5000,1000,616K,6239,2026-05-05
中信託高,227.5,3100,3000,616K,6239,2026-05-05
中信託高,226.5,0,3000,616K,6239,2026-05-05
中信託高,225.0,2000,300,616K,6239,2026-05-05
中信託高,224.0,2000,3000,616K,6239,2026-05-05
中信託高,223.0,5100,0,616K,6239,2026-05-05
中信託高,222.0,3100,0,616K,6239,2026-05-05
中信託高,220.5,2000,1000,616K,6239,2026-05-05
中信中壢,235.5,1000,0,616A,6239,2026-05-05
中信中壢,234.5,100,0,616A,6239,2026-05-05
中信中壢,233.0,1000,0,616A,6239,2026-05-05
新百王,224.0,1000,0,6210,6239,2026-05-05
光和田中,227.0,0,100,6382,6239,2026-05-05
新百王,225.0,2000,0,6210,6239,2026-05-05
新百王,227.0,0,1000,6210,6239,2026-05-05
光和田中,222.0,30,0,6382,6239,2026-05-05
光和溪湖,233.5,1000,0,6381,6239,2026-05-05
光和溪湖,232.0,1000,0,6381,6239,2026-05-05
光和溪湖,229.0,1000,0,6381,6239,2026-05-05
光和溪湖,228.0,0,1000,6381,6239,2026-05-05
光和溪湖,223.5,1000,0,6381,6239,2026-05-05
光和溪湖,220.5,0,390,6381,6239,2026-05-05
光和,230.0,1000,1150,6380,6239,2026-05-05
光和,228.5,0,1000,6380,6239,2026-05-05
光和,227.5,0,60000,6380,6239,2026-05-05
光和,226.5,0,1000,6380,6239,2026-05-05
光和,225.0,2000,0,6380,6239,2026-05-05
光和,223.5,21100,0,6380,6239,2026-05-05
光和,221.0,4000,0,6380,6239,2026-05-05
新百王,235.5,0,1000,6210,6239,2026-05-05
新百王,233.5,0,2000,6210,6239,2026-05-05
新百王,232.0,0,2000,6210,6239,2026-05-05
新百王,229.0,42000,0,6210,6239,2026-05-05
新百王,228.0,1305,2000,6210,6239,2026-05-05
新百王,226.0,1000,3000,6210,6239,2026-05-05
中信中壢,231.0,1000,0,616A,6239,2026-05-05
大昌,232.0,6000,0,6460,6239,2026-05-05
大昌,235.0,1000,0,6460,6239,2026-05-05
元大東港,234.0,1000,0,989f,6239,2026-05-05
元大東港,232.5,1000,0,989f,6239,2026-05-05
元大東港,229.5,100,0,989f,6239,2026-05-05
元大東港,228.5,1000,2000,989f,6239,2026-05-05
元大東港,227.5,0,1000,989f,6239,2026-05-05
元大東港,226.0,20,20,989f,6239,2026-05-05
元大東港,224.0,10,0,989f,6239,2026-05-05
元大東港,223.0,1205,2000,989f,6239,2026-05-05
元大東港,222.0,1000,60,989f,6239,2026-05-05
元大東港,220.5,1010,0,989f,6239,2026-05-05
元大草屯,236.0,0,1000,989E,6239,2026-05-05
元大草屯,235.0,2000,0,989E,6239,2026-05-05
元大草屯,234.0,2000,0,989E,6239,2026-05-05
元大草屯,233.0,0,1000,989E,6239,2026-05-05
元大草屯,232.0,4020,3000,989E,6239,2026-05-05
元大草屯,230.5,150,0,989E,6239,2026-05-05
元大草屯,229.5,2150,0,989E,6239,2026-05-05
元大草屯,228.5,3361,1250,989E,6239,2026-05-05
元大草屯,227.5,1480,2000,989E,6239,2026-05-05
元大東港,235.5,0,3000,989f,6239,2026-05-05
元大草屯,226.5,1040,1000,989E,6239,2026-05-05
元大高雄,221.0,0,1000,989F,6239,2026-05-05
元大高雄,223.0,200,7000,989F,6239,2026-05-05
元大中和,229.5,0,50,989e,6239,2026-05-05
元大中和,230.5,0,1000,989e,6239,2026-05-05
元大中和,232.0,1000,0,989e,6239,2026-05-05
元大草屯,220.0,2000,5000,989E,6239,2026-05-05
元大草屯,221.0,280,0,989E,6239,2026-05-05
元大草屯,222.5,4000,0,989E,6239,2026-05-05
元大嘉義,225.0,1000,1030,989g,6239,2026-05-05
元大嘉義,224.0,25,100,989g,6239,2026-05-05
元大嘉義,223.0,5160,0,989g,6239,2026-05-05
元大嘉義,222.0,1250,0,989g,6239,2026-05-05
元大高雄,236.5,0,1000,989F,6239,2026-05-05
元大高雄,234.0,3000,0,989F,6239,2026-05-05
元大高雄,232.0,1030,0,989F,6239,2026-05-05
元大高雄,230.5,3,0,989F,6239,2026-05-05
元大高雄,229.5,1000,0,989F,6239,2026-05-05
元大高雄,228.0,6001,1000,989F,6239,2026-05-05
元大高雄,227.0,1010,3000,989F,6239,2026-05-05
元大高雄,225.0,2,0,989F,6239,2026-05-05
元大高雄,224.0,1005,1000,989F,6239,2026-05-05
元大高雄,222.0,100,0,989F,6239,2026-05-05
大昌,233.0,1000,0,6460,6239,2026-05-05
元大草屯,225.5,10,0,989E,6239,2026-05-05
大昌新店,233.0,1200,0,6464,6239,2026-05-05
大昌新竹,220.0,1000,0,6463,6239,2026-05-05
大昌安康,233.0,1000,0,6462,6239,2026-05-05
大昌安康,231.5,100,0,6462,6239,2026-05-05
大昌安康,230.5,1000,0,6462,6239,2026-05-05
大昌安康,228.5,0,30,6462,6239,2026-05-05
大昌安康,226.5,0,225,6462,6239,2026-05-05
大昌安康,224.5,1000,0,6462,6239,2026-05-05
大昌安康,223.0,3000,0,6462,6239,2026-05-05
大昌安康,221.0,1100,0,6462,6239,2026-05-05
大昌樹林,235.0,0,1000,6461,6239,2026-05-05
大昌樹林,234.0,0,1000,6461,6239,2026-05-05
大昌樹林,231.0,1000,0,6461,6239,2026-05-05
大昌樹林,230.0,1000,0,6461,6239,2026-05-05
大昌樹林,228.0,20000,2000,6461,6239,2026-05-05
大昌樹林,227.0,0,3000,6461,6239,2026-05-05
大昌樹林,224.0,1000,0,6461,6239,2026-05-05
大昌樹林,223.0,1000,0,6461,6239,2026-05-05
大昌樹林,222.0,1000,0,6461,6239,2026-05-05
大昌樹林,220.5,0,20000,6461,6239,2026-05-05
大昌新竹,221.0,100,0,6463,6239,2026-05-05
大昌新店,234.0,3000,0,6464,6239,2026-05-05
大昌新竹,223.0,1020,0,6463,6239,2026-05-05
大昌新竹,225.0,1100,0,6463,6239,2026-05-05
大昌新店,232.0,200,0,6464,6239,2026-05-05
大昌新店,231.0,1000,0,6464,6239,2026-05-05
大昌新店,230.0,1100,100,6464,6239,2026-05-05
大昌新店,229.0,200,4000,6464,6239,2026-05-05
大昌新店,228.0,2250,0,6464,6239,2026-05-05
大昌新店,227.0,3000,3000,6464,6239,2026-05-05
大昌新店,226.0,500,0,6464,6239,2026-05-05
大昌新店,225.0,2000,2000,6464,6239,2026-05-05
大昌新店,223.5,0,2000,6464,6239,2026-05-05
大昌新店,222.5,2000,0,6464,6239,2026-05-05
大昌新店,221.0,4000,2000,6464,6239,2026-05-05
大昌新店,220.0,1000,0,6464,6239,2026-05-05
大昌新竹,233.5,1000,1000,6463,6239,2026-05-05
大昌新竹,232.5,1000,0,6463,6239,2026-05-05
大昌新竹,231.5,2000,0,6463,6239,2026-05-05
大昌新竹,230.0,100,0,6463,6239,2026-05-05
大昌新竹,228.5,2000,0,6463,6239,2026-05-05
大昌新竹,227.5,2000,22000,6463,6239,2026-05-05
大昌新竹,226.5,2000,5000,6463,6239,2026-05-05
大昌新竹,224.0,1000,0,6463,6239,2026-05-05
元大中和,228.5,1000,1000,989e,6239,2026-05-05
中信中壢,228.0,1000,0,616A,6239,2026-05-05
中信中壢,225.0,1000,110,616A,6239,2026-05-05
中銀高雄,225.5,0,10,6116,6239,2026-05-05
中銀高雄,224.5,100,0,6116,6239,2026-05-05
中銀高雄,223.0,2000,0,6116,6239,2026-05-05
中銀高雄,221.0,10,0,6116,6239,2026-05-05
中銀台北,230.0,100,0,6115,6239,2026-05-05
中銀台北,229.0,0,1000,6115,6239,2026-05-05
中銀台北,226.5,1000,0,6115,6239,2026-05-05
中銀員林,229.5,95,0,6114,6239,2026-05-05
中銀員林,228.0,0,10000,6114,6239,2026-05-05
中銀員林,227.0,0,1000,6114,6239,2026-05-05
中銀員林,225.0,6000,3000,6114,6239,2026-05-05
中銀員林,223.5,1000,0,6114,6239,2026-05-05
中銀員林,222.5,1000,0,6114,6239,2026-05-05
中銀員林,221.0,0,3000,6114,6239,2026-05-05
中銀員林,220.0,4000,0,6114,6239,2026-05-05
台中銀,235.5,0,2000,6110,6239,2026-05-05
台中銀,234.5,1000,1000,6110,6239,2026-05-05
台中銀,233.5,1000,0,6110,6239,2026-05-05
台中銀,232.0,3000,2000,6110,6239,2026-05-05
中銀豐原,220.0,1000,0,611A,6239,2026-05-05
台中銀,230.0,0,1000,6110,6239,2026-05-05
中銀豐原,221.0,0,1000,611A,6239,2026-05-05
中銀豐原,224.5,1020,0,611A,6239,2026-05-05
中國信託,231.5,4000,150,6160,6239,2026-05-05
中國信託,230.0,8930,450,6160,6239,2026-05-05
中國信託,229.0,4143,12140,6160,6239,2026-05-05
中國信託,228.0,49435,5080,6160,6239,2026-05-05
中國信託,227.0,5000,1200,6160,6239,2026-05-05
中國信託,226.0,0,1000,6160,6239,2026-05-05
中國信託,225.0,5100,2000,6160,6239,2026-05-05
中國信託,224.0,325,2155,6160,6239,2026-05-05
中國信託,223.0,2951,0,6160,6239,2026-05-05
中國信託,222.0,200,0,6160,6239,2026-05-05
中國信託,221.0,1060,19,6160,6239,2026-05-05
中國信託,220.0,1000,1000,6160,6239,2026-05-05
中銀豐原,233.0,430,1000,611A,6239,2026-05-05
中銀豐原,231.5,1001,0,611A,6239,2026-05-05
中銀豐原,230.0,1300,0,611A,6239,2026-05-05
中銀豐原,228.5,1000,1000,611A,6239,2026-05-05
中銀豐原,227.5,3000,3000,611A,6239,2026-05-05
中銀豐原,226.5,1000,0,611A,6239,2026-05-05
中銀豐原,225.5,1000,1000,611A,6239,2026-05-05
中銀豐原,222.0,20,0,611A,6239,2026-05-05
中國信託,233.0,2200,0,6160,6239,2026-05-05
台中銀,228.0,1100,5,6110,6239,2026-05-05
台中銀,226.0,0,3050,6110,6239,2026-05-05
盈溢楠梓,227.0,1000,0,5862,6239,2026-05-05
盈溢楠梓,222.0,0,1000,5862,6239,2026-05-05
盈溢籬子內,227.0,1000,1000,5861,6239,2026-05-05
盈溢,227.0,0,1000,5860,6239,2026-05-05
統一松江,234.5,0,100,585Z,6239,2026-05-05
統一松江,231.0,0,2000,585Z,6239,2026-05-05
統一松江,229.0,3000,0,585Z,6239,2026-05-05
統一松江,227.5,0,2000,585Z,6239,2026-05-05
統一松江,226.0,0,1000,585Z,6239,2026-05-05
統一松江,221.0,500,0,585Z,6239,2026-05-05
統一土城,234.5,100,0,585Y,6239,2026-05-05
統一土城,232.0,14000,0,585Y,6239,2026-05-05
統一土城,229.0,0,1000,585Y,6239,2026-05-05
統一土城,228.0,1000,0,585Y,6239,2026-05-05
統一土城,223.0,100,1000,585Y,6239,2026-05-05
統一土城,222.0,1000,0,585Y,6239,2026-05-05
統一金門,233.0,1000,0,585W,6239,2026-05-05
統一金門,232.0,0,1000,585W,6239,2026-05-05
統一金門,228.0,0,1000,585W,6239,2026-05-05
日茂,221.0,0,1000,5960,6239,2026-05-05
台中銀,227.0,1000,1000,6110,6239,2026-05-05
日茂,231.5,1000,0,5960,6239,2026-05-05
日茂南投,221.0,0,20000,5962,6239,2026-05-05
台中銀,224.5,2000,6000,6110,6239,2026-05-05
台中銀,223.5,2000,0,6110,6239,2026-05-05
台中銀,222.0,1000,0,6110,6239,2026-05-05
台中銀,220.5,1000,0,6110,6239,2026-05-05
?亞鑫豐,235.0,4000,1000,601d,6239,2026-05-05
?亞鑫豐,234.0,1000,0,601d,6239,2026-05-05
?亞鑫豐,233.0,0,1000,601d,6239,2026-05-05
?亞鑫豐,230.0,1000,0,601d,6239,2026-05-05
?亞鑫豐,229.0,2000,1000,601d,6239,2026-05-05
?亞鑫豐,228.0,7000,1070,601d,6239,2026-05-05
?亞鑫豐,226.5,6000,0,601d,6239,2026-05-05
?亞鑫豐,225.5,1000,0,601d,6239,2026-05-05
?亞鑫豐,224.0,2211,0,601d,6239,2026-05-05
?亞鑫豐,223.0,1,0,601d,6239,2026-05-05
?亞鑫豐,222.0,1000,0,601d,6239,2026-05-05
?亞鑫豐,220.5,0,2000,601d,6239,2026-05-05
?亞網路,227.5,0,1000,6012,6239,2026-05-05
?亞網路,224.5,100,0,6012,6239,2026-05-05
?亞網路,222.0,22,0,6012,6239,2026-05-05
日茂,234.5,1000,0,5960,6239,2026-05-05
中信中壢,226.5,1000,0,616A,6239,2026-05-05
中國信託,234.0,4000,2000,6160,6239,2026-05-05
中國信託,236.0,3000,4000,6160,6239,2026-05-05
中信託新,232.0,3000,0,6165,6239,2026-05-05
中信託新,230.5,0,1200,6165,6239,2026-05-05
中信託新,229.5,1000,50,6165,6239,2026-05-05
中信託新,228.5,1065,0,6165,6239,2026-05-05
中信託新,227.5,1000,3000,6165,6239,2026-05-05
中信託新,225.0,0,2000,6165,6239,2026-05-05
中信託新,224.0,1000,2000,6165,6239,2026-05-05
中信託新,223.0,3010,0,6165,6239,2026-05-05
中信託新,222.0,2150,1000,6165,6239,2026-05-05
中信託文,236.5,0,1000,6164,6239,2026-05-05
中信託文,235.0,8000,0,6164,6239,2026-05-05
中信託文,234.0,3000,1000,6164,6239,2026-05-05
中信託文,233.0,2000,0,6164,6239,2026-05-05
中信託文,232.0,6000,50,6164,6239,2026-05-05
中信託文,231.0,0,3,6164,6239,2026-05-05
中信託文,230.0,200,1000,6164,6239,2026-05-05
中信託文,229.0,3000,4000,6164,6239,2026-05-05
中信託文,228.0,1040,0,6164,6239,2026-05-05
中信託文,227.0,3050,6000,6164,6239,2026-05-05
中信託新,234.0,1000,0,6165,6239,2026-05-05
中信託文,226.0,150,3320,6164,6239,2026-05-05
中信松江,222.0,0,100,6167,6239,2026-05-05
中信松江,225.5,0,3000,6167,6239,2026-05-05
中信中壢,224.0,1000,0,616A,6239,2026-05-05
中信中壢,222.5,0,2000,616A,6239,2026-05-05
中信中壢,221.5,0,100,616A,6239,2026-05-05
中信嘉義,236.0,1000,0,6168,6239,2026-05-05
中信嘉義,235.0,1000,0,6168,6239,2026-05-05
中信嘉義,232.5,0,1000,6168,6239,2026-05-05
中信嘉義,231.0,1000,0,6168,6239,2026-05-05
中信嘉義,230.0,300,1000,6168,6239,2026-05-05
中信嘉義,228.5,0,1000,6168,6239,2026-05-05
中信嘉義,227.5,1100,4000,6168,6239,2026-05-05
中信嘉義,226.0,2000,0,6168,6239,2026-05-05
中信嘉義,225.0,1000,2050,6168,6239,2026-05-05
中信嘉義,224.0,400,2000,6168,6239,2026-05-05
中信嘉義,222.5,2000,2000,6168,6239,2026-05-05
中信嘉義,220.0,1000,0,6168,6239,2026-05-05
中信松江,235.5,4000,0,6167,6239,2026-05-05
中信松江,232.0,1000,0,6167,6239,2026-05-05
中信松江,229.0,0,5100,6167,6239,2026-05-05
中信松江,227.5,0,1000,6167,6239,2026-05-05
中信松江,223.0,0,1000,6167,6239,2026-05-05
中國信託,235.0,3000,1000,6160,6239,2026-05-05
中信託文,225.0,2000,0,6164,6239,2026-05-05
中信託文,223.0,3100,0,6164,6239,2026-05-05
中信託忠,227.0,9600,4000,6162,6239,2026-05-05
中信託忠,226.0,5000,1000,6162,6239,2026-05-05
中信託忠,225.0,6050,0,6162,6239,2026-05-05
中信託忠,224.0,5000,1500,6162,6239,2026-05-05
中信託忠,223.0,1250,3000,6162,6239,2026-05-05
中信託忠,222.0,1000,0,6162,6239,2026-05-05
中信託忠,221.0,3750,0,6162,6239,2026-05-05
中信託忠,220.0,2000,0,6162,6239,2026-05-05
中信三重,234.0,0,1000,6161,6239,2026-05-05
中信三重,233.0,1000,0,6161,6239,2026-05-05
中信三重,230.5,1000,0,6161,6239,2026-05-05
中信三重,229.5,2000,0,6161,6239,2026-05-05
中信三重,228.5,1000,2000,6161,6239,2026-05-05
中信三重,227.5,1000,2000,6161,6239,2026-05-05
中信三重,226.5,1000,0,6161,6239,2026-05-05
中信三重,224.5,2000,0,6161,6239,2026-05-05
中信三重,223.5,0,1000,6161,6239,2026-05-05
中信三重,222.5,1050,0,6161,6239,2026-05-05
中信三重,221.0,25,0,6161,6239,2026-05-05
中信託忠,228.0,11300,6000,6162,6239,2026-05-05
中信託文,224.0,1200,0,6164,6239,2026-05-05
中信託忠,229.0,11150,1000,6162,6239,2026-05-05
中信託忠,232.0,4000,0,6162,6239,2026-05-05
中信託文,221.0,1000,0,6164,6239,2026-05-05
中信託文,220.0,1000,0,6164,6239,2026-05-05
中信託永,234.5,0,2400,6163,6239,2026-05-05
中信託永,233.5,0,2000,6163,6239,2026-05-05
中信託永,232.5,0,3,6163,6239,2026-05-05
中信託永,230.5,2000,2000,6163,6239,2026-05-05
中信託永,229.5,1040,100,6163,6239,2026-05-05
中信託永,228.5,1000,0,6163,6239,2026-05-05
中信託永,227.5,4400,2000,6163,6239,2026-05-05
中信託永,226.5,1050,2000,6163,6239,2026-05-05
中信託永,225.5,1000,11300,6163,6239,2026-05-05
中信託永,224.5,4000,2000,6163,6239,2026-05-05
中信託永,223.0,4000,0,6163,6239,2026-05-05
中信託永,222.0,1000,0,6163,6239,2026-05-05
中信託永,220.5,8000,1000,6163,6239,2026-05-05
中信託忠,236.0,1000,0,6162,6239,2026-05-05
中信託忠,235.0,2000,0,6162,6239,2026-05-05
中信託忠,234.0,5000,1000,6162,6239,2026-05-05
中信託忠,233.0,2000,0,6162,6239,2026-05-05
中信託忠,230.0,3000,0,6162,6239,2026-05-05
元大中和,227.5,100,5000,989e,6239,2026-05-05
元大中和,226.5,1000,5000,989e,6239,2026-05-05
元大中和,225.0,4000,1000,989e,6239,2026-05-05
元大板三,220.5,0,2000,9879,6239,2026-05-05
元大板三,222.5,3000,0,9879,6239,2026-05-05
元大板三,223.5,200,0,9879,6239,2026-05-05
元大板三,225.0,0,2000,9879,6239,2026-05-05
元大板三,227.0,150,1300,9879,6239,2026-05-05
元大板三,228.0,80,0,9879,6239,2026-05-05
元大板三,230.5,43,48,9879,6239,2026-05-05
元大板三,232.5,1000,0,9879,6239,2026-05-05
元大板三,234.0,0,1000,9879,6239,2026-05-05
元大楊梅,220.0,0,1000,987A,6239,2026-05-05
元大楊梅,221.5,2000,1000,987A,6239,2026-05-05
元大楊梅,222.5,8009,0,987A,6239,2026-05-05
元大楊梅,223.5,3000,0,987A,6239,2026-05-05
元大楊梅,224.5,1000,1252,987A,6239,2026-05-05
元大楊梅,225.5,1200,1000,987A,6239,2026-05-05
元大楊梅,227.0,0,2000,987A,6239,2026-05-05
元大楊梅,228.0,1000,11000,987A,6239,2026-05-05
元大楊梅,229.0,2020,6000,987A,6239,2026-05-05
元大楊梅,230.0,1000,2000,987A,6239,2026-05-05
元大金華,236.0,19000,0,9878,6239,2026-05-05
元大楊梅,231.0,1000,0,987A,6239,2026-05-05
元大金華,234.5,2000,0,9878,6239,2026-05-05
元大金華,230.0,2131,0,9878,6239,2026-05-05
元大雙和,230.5,3000,0,9874,6239,2026-05-05
元大雙和,233.0,1000,0,9874,6239,2026-05-05
元大雙和,234.5,5600,0,9874,6239,2026-05-05
元大永寧,220.5,1000,0,9875,6239,2026-05-05
元大永寧,221.5,4000,0,9875,6239,2026-05-05
元大永寧,225.0,1300,0,9875,6239,2026-05-05
元大永寧,227.0,1000,0,9875,6239,2026-05-05
元大永寧,228.0,1200,1000,9875,6239,2026-05-05
元大永寧,229.5,1004,0,9875,6239,2026-05-05
元大永寧,234.0,0,6000,9875,6239,2026-05-05
元大永寧,235.0,0,7000,9875,6239,2026-05-05
元大金華,220.0,1000,0,9878,6239,2026-05-05
元大金華,223.0,1060,1000,9878,6239,2026-05-05
元大金華,224.0,1000,0,9878,6239,2026-05-05
元大金華,225.0,5000,1000,9878,6239,2026-05-05
元大金華,226.0,1050,0,9878,6239,2026-05-05
元大金華,227.0,2000,0,9878,6239,2026-05-05
元大金華,228.0,50,2000,9878,6239,2026-05-05
元大金華,229.0,2131,0,9878,6239,2026-05-05
元大金華,232.0,1000,4000,9878,6239,2026-05-05
元大雙和,228.5,150,0,9874,6239,2026-05-05
元大楊梅,232.0,1000,0,987A,6239,2026-05-05
元大楊梅,235.0,1000,0,987A,6239,2026-05-05
元大員林,226.0,4100,0,9889,6239,2026-05-05
元大員林,227.0,7000,0,9889,6239,2026-05-05
元大員林,228.0,4000,2050,9889,6239,2026-05-05
元大員林,229.0,1000,10200,9889,6239,2026-05-05
元大員林,230.5,6,0,9889,6239,2026-05-05
元大員林,232.0,3000,5000,9889,6239,2026-05-05
元大員林,233.0,2000,1000,9889,6239,2026-05-05
元大員林,235.0,1000,0,9889,6239,2026-05-05
元大員林,236.0,5000,0,9889,6239,2026-05-05
元大桃園,221.5,100,2000,988B,6239,2026-05-05
元大桃園,223.0,3210,0,988B,6239,2026-05-05
元大桃園,224.0,150,0,988B,6239,2026-05-05
元大桃園,225.0,10,5000,988B,6239,2026-05-05
元大桃園,226.0,1000,2000,988B,6239,2026-05-05
元大桃園,227.0,2000,1000,988B,6239,2026-05-05
元大桃園,228.0,1000,0,988B,6239,2026-05-05
元大桃園,229.0,1000,110,988B,6239,2026-05-05
元大桃園,230.0,0,3100,988B,6239,2026-05-05
元大桃園,232.0,0,10000,988B,6239,2026-05-05
元大員林,225.0,6000,0,9889,6239,2026-05-05
元大楊梅,234.0,2000,2000,987A,6239,2026-05-05
元大員林,224.0,2000,0,9889,6239,2026-05-05
元大員林,222.0,40,0,9889,6239,2026-05-05
元大楊梅,236.0,2000,0,987A,6239,2026-05-05
元大斗信,221.0,0,4000,9884,6239,2026-05-05
元大斗信,223.0,10,0,9884,6239,2026-05-05
元大斗信,225.5,100,1000,9884,6239,2026-05-05
元大斗信,227.0,1011,3000,9884,6239,2026-05-05
元大斗信,228.0,1300,4200,9884,6239,2026-05-05
元大斗信,229.0,1014,3000,9884,6239,2026-05-05
元大斗信,230.0,1300,1120,9884,6239,2026-05-05
元大斗信,232.5,100,0,9884,6239,2026-05-05
元大斗信,235.5,1000,0,9884,6239,2026-05-05
元大鑫永,220.5,200,0,9888,6239,2026-05-05
元大鑫永,222.5,1200,0,9888,6239,2026-05-05
元大鑫永,223.5,1200,40,9888,6239,2026-05-05
元大鑫永,225.5,100,0,9888,6239,2026-05-05
元大鑫永,227.5,500,0,9888,6239,2026-05-05
元大鑫永,228.5,1026,0,9888,6239,2026-05-05
元大鑫永,230.0,1100,0,9888,6239,2026-05-05
元大鑫永,231.5,1100,0,9888,6239,2026-05-05
元大鑫永,235.0,1000,0,9888,6239,2026-05-05
元大員林,223.0,6000,1000,9889,6239,2026-05-05
元大桃園,233.5,1000,0,988B,6239,2026-05-05
元大雙和,227.5,1250,1000,9874,6239,2026-05-05
元大雙和,223.5,1000,0,9874,6239,2026-05-05
元大民權,228.0,2200,1000,9867,6239,2026-05-05
元大民權,229.5,8050,1000,9867,6239,2026-05-05
元大民權,231.0,2000,0,9867,6239,2026-05-05
元大民權,232.0,0,1000,9867,6239,2026-05-05
元大民權,233.0,2000,0,9867,6239,2026-05-05
元大民權,234.0,2000,0,9867,6239,2026-05-05
元大民權,235.0,6000,1000,9867,6239,2026-05-05
元大民權,236.0,1000,0,9867,6239,2026-05-05
元大文心,222.0,200,0,9868,6239,2026-05-05
元大文心,224.0,1000,0,9868,6239,2026-05-05
元大文心,225.0,1000,0,9868,6239,2026-05-05
元大文心,226.0,0,50,9868,6239,2026-05-05
元大文心,227.0,1000,0,9868,6239,2026-05-05
元大文心,228.0,1000,5107,9868,6239,2026-05-05
元大文心,229.0,15,3100,9868,6239,2026-05-05
元大文心,230.0,1000,1000,9868,6239,2026-05-05
元大文心,231.0,2000,0,9868,6239,2026-05-05
元大文心,232.0,3000,2000,9868,6239,2026-05-05
元大文心,234.5,0,1550,9868,6239,2026-05-05
元大民權,227.0,1000,7000,9867,6239,2026-05-05
元大文心,236.0,1000,0,9868,6239,2026-05-05
元大民權,226.0,0,1000,9867,6239,2026-05-05
元大民權,224.0,550,0,9867,6239,2026-05-05
元大南京,229.5,3200,0,9862,6239,2026-05-05
元大南京,230.5,2000,0,9862,6239,2026-05-05
元大南京,232.0,1000,0,9862,6239,2026-05-05
元大南京,233.0,2000,2000,9862,6239,2026-05-05
元大南京,234.5,2030,0,9862,6239,2026-05-05
元大南京,235.5,2000,0,9862,6239,2026-05-05
元大和平,221.0,1000,0,9863,6239,2026-05-05
元大和平,223.0,1010,0,9863,6239,2026-05-05
元大和平,224.5,1000,0,9863,6239,2026-05-05
元大和平,225.5,150,0,9863,6239,2026-05-05
元大和平,227.0,0,3000,9863,6239,2026-05-05
元大和平,228.5,2140,0,9863,6239,2026-05-05
元大和平,229.5,300,100,9863,6239,2026-05-05
元大和平,231.5,10,1000,9863,6239,2026-05-05
元大和平,234.5,0,1,9863,6239,2026-05-05
元大和平,235.5,1000,0,9863,6239,2026-05-05
元大民權,221.0,1100,0,9867,6239,2026-05-05
元大民權,222.0,5,0,9867,6239,2026-05-05
元大民權,223.0,545,1000,9867,6239,2026-05-05
元大民權,225.0,69,1000,9867,6239,2026-05-05
元大雙和,225.0,1000,0,9874,6239,2026-05-05
元大新盛,220.5,0,1000,9869,6239,2026-05-05
元大新盛,223.5,140,0,9869,6239,2026-05-05
元大忠孝,227.0,2000,0,9871,6239,2026-05-05
元大忠孝,228.0,0,1250,9871,6239,2026-05-05
元大忠孝,229.0,0,2050,9871,6239,2026-05-05
元大忠孝,230.0,1000,1000,9871,6239,2026-05-05
元大忠孝,231.0,1000,0,9871,6239,2026-05-05
元大忠孝,232.0,1000,0,9871,6239,2026-05-05
元大忠孝,235.5,5000,0,9871,6239,2026-05-05
元大復北,220.5,11000,0,9872,6239,2026-05-05
元大復北,222.5,0,1000,9872,6239,2026-05-05
元大復北,223.5,0,300,9872,6239,2026-05-05
元大復北,225.0,0,3000,9872,6239,2026-05-05
元大復北,226.5,0,1150,9872,6239,2026-05-05
元大復北,227.5,3000,2000,9872,6239,2026-05-05
元大復北,228.5,0,2000,9872,6239,2026-05-05
元大復北,230.0,0,15,9872,6239,2026-05-05
元大復北,232.0,2000,0,9872,6239,2026-05-05
元大復北,234.0,2000,0,9872,6239,2026-05-05
元大雙和,220.5,0,2000,9874,6239,2026-05-05
元大雙和,222.5,1100,0,9874,6239,2026-05-05
元大忠孝,225.0,0,1000,9871,6239,2026-05-05
元大新盛,221.5,1000,0,9869,6239,2026-05-05
元大忠孝,224.0,0,3000,9871,6239,2026-05-05
元大忠孝,222.0,1005,0,9871,6239,2026-05-05
元大新盛,225.0,100,0,9869,6239,2026-05-05
元大新盛,227.5,0,100,9869,6239,2026-05-05
元大新盛,229.0,8000,1000,9869,6239,2026-05-05
元大新盛,230.0,0,1000,9869,6239,2026-05-05
元大新盛,232.5,20,0,9869,6239,2026-05-05
元大新盛,234.5,0,100,9869,6239,2026-05-05
元大基孝,220.0,2000,0,986K,6239,2026-05-05
元大基孝,222.5,1000,0,986K,6239,2026-05-05
元大基孝,223.5,3300,1000,986K,6239,2026-05-05
元大基孝,224.5,1000,20,986K,6239,2026-05-05
元大基孝,226.0,0,100,986K,6239,2026-05-05
元大基孝,227.0,1000,0,986K,6239,2026-05-05
元大基孝,228.0,0,7030,986K,6239,2026-05-05
元大基孝,229.0,1000,0,986K,6239,2026-05-05
元大基孝,230.0,1450,100,986K,6239,2026-05-05
元大基孝,231.5,0,1000,986K,6239,2026-05-05
元大基孝,233.0,1000,0,986K,6239,2026-05-05
元大基孝,234.5,43,0,986K,6239,2026-05-05
元大忠孝,221.0,10,0,9871,6239,2026-05-05
元大忠孝,223.0,5,0,9871,6239,2026-05-05
元大桃園,234.5,2000,0,988B,6239,2026-05-05
元大桃園,236.5,0,1000,988B,6239,2026-05-05
元大三重,220.5,1000,0,988C,6239,2026-05-05
元大苑裡,235.0,1000,0,989a,6239,2026-05-05
元大苑裡,236.5,1000,1000,989a,6239,2026-05-05
元大北投,222.5,1000,0,989A,6239,2026-05-05
元大北投,223.5,1050,0,989A,6239,2026-05-05
元大北投,225.5,0,1000,989A,6239,2026-05-05
元大北投,226.5,0,3000,989A,6239,2026-05-05
元大北投,227.5,2000,1000,989A,6239,2026-05-05
元大北投,228.5,100,0,989A,6239,2026-05-05
元大北投,231.0,1000,0,989A,6239,2026-05-05
元大北投,232.0,1000,1000,989A,6239,2026-05-05
元大北投,234.0,6000,1000,989A,6239,2026-05-05
元大北投,235.5,1000,0,989A,6239,2026-05-05
元大中港,220.5,2000,0,989B,6239,2026-05-05
元大中港,221.5,1000,0,989B,6239,2026-05-05
元大中港,222.5,0,1000,989B,6239,2026-05-05
元大中港,223.5,5020,2000,989B,6239,2026-05-05
元大中港,225.0,1100,0,989B,6239,2026-05-05
元大中港,226.0,1000,1000,989B,6239,2026-05-05
元大中港,227.0,1000,1000,989B,6239,2026-05-05
元大苑裡,234.0,2000,0,989a,6239,2026-05-05
元大中港,228.0,3530,1000,989B,6239,2026-05-05
元大苑裡,231.0,2000,0,989a,6239,2026-05-05
元大苑裡,229.0,3000,2000,989a,6239,2026-05-05
元大新莊,230.0,100,1000,9898,6239,2026-05-05
元大新莊,231.5,100,0,9898,6239,2026-05-05
元大新莊,233.5,1000,0,9898,6239,2026-05-05
元大淡水,220.5,1000,1500,9899,6239,2026-05-05
元大淡水,222.0,50,0,9899,6239,2026-05-05
元大淡水,223.0,1000,0,9899,6239,2026-05-05
元大淡水,224.5,1200,0,9899,6239,2026-05-05
元大淡水,225.5,0,1000,9899,6239,2026-05-05
元大淡水,227.0,2000,1000,9899,6239,2026-05-05
元大淡水,228.0,4000,5000,9899,6239,2026-05-05
元大淡水,229.0,1000,0,9899,6239,2026-05-05
元大淡水,230.5,1000,0,9899,6239,2026-05-05
元大淡水,234.0,0,500,9899,6239,2026-05-05
元大淡水,235.5,5000,0,9899,6239,2026-05-05
元大苑裡,223.5,3100,1000,989a,6239,2026-05-05
元大苑裡,224.5,1000,0,989a,6239,2026-05-05
元大苑裡,225.5,0,1010,989a,6239,2026-05-05
元大苑裡,227.0,1000,0,989a,6239,2026-05-05
元大苑裡,228.0,2000,1020,989a,6239,2026-05-05
元大苑裡,230.0,2000,1000,989a,6239,2026-05-05
元大新莊,229.0,3100,3000,9898,6239,2026-05-05
元大中港,229.0,0,4000,989B,6239,2026-05-05
元大中港,232.0,2000,3000,989B,6239,2026-05-05
元大北屯,228.0,2000,0,989d,6239,2026-05-05
元大北屯,229.0,2000,3000,989d,6239,2026-05-05
元大北屯,230.5,1000,0,989d,6239,2026-05-05
元大北屯,234.0,4000,0,989d,6239,2026-05-05
元大北屯,236.0,1000,0,989d,6239,2026-05-05
元大左營,223.0,2100,0,989D,6239,2026-05-05
元大左營,224.0,4000,0,989D,6239,2026-05-05
元大左營,225.0,1000,100,989D,6239,2026-05-05
元大左營,226.5,1000,0,989D,6239,2026-05-05
元大左營,227.5,10,1000,989D,6239,2026-05-05
元大左營,228.5,20,0,989D,6239,2026-05-05
元大左營,229.5,120,0,989D,6239,2026-05-05
元大左營,231.0,20,0,989D,6239,2026-05-05
元大左營,234.0,1000,0,989D,6239,2026-05-05
元大左營,235.0,10000,0,989D,6239,2026-05-05
元大左營,236.5,0,1000,989D,6239,2026-05-05
元大中和,221.5,1002,0,989e,6239,2026-05-05
元大中和,222.5,1000,0,989e,6239,2026-05-05
元大中和,223.5,0,100,989e,6239,2026-05-05
元大北屯,227.0,1000,500,989d,6239,2026-05-05
元大中港,230.0,1000,100,989B,6239,2026-05-05
元大北屯,226.0,20000,0,989d,6239,2026-05-05
元大北屯,223.5,30,0,989d,6239,2026-05-05
元大中港,233.0,3000,0,989B,6239,2026-05-05
元大中港,234.0,2000,0,989B,6239,2026-05-05
元大中港,235.5,2000,0,989B,6239,2026-05-05
元大板橋,220.5,2000,0,989C,6239,2026-05-05
元大板橋,222.0,2100,0,989C,6239,2026-05-05
元大板橋,223.0,1001,1000,989C,6239,2026-05-05
元大板橋,224.0,2050,1000,989C,6239,2026-05-05
元大板橋,225.5,20,200,989C,6239,2026-05-05
元大板橋,226.5,1000,3000,989C,6239,2026-05-05
元大板橋,227.5,2050,3000,989C,6239,2026-05-05
元大板橋,228.5,0,1000,989C,6239,2026-05-05
元大板橋,230.0,2050,1100,989C,6239,2026-05-05
元大板橋,231.0,2000,0,989C,6239,2026-05-05
元大板橋,232.0,2250,0,989C,6239,2026-05-05
元大板橋,234.0,2000,0,989C,6239,2026-05-05
元大板橋,235.0,1000,4000,989C,6239,2026-05-05
元大板橋,236.0,0,1000,989C,6239,2026-05-05
元大北屯,221.0,0,1000,989d,6239,2026-05-05
元大北屯,222.5,10,2000,989d,6239,2026-05-05
元大北屯,224.5,1110,1000,989d,6239,2026-05-05
元大新莊,228.0,130,2000,9898,6239,2026-05-05
元大新莊,227.0,1000,0,9898,6239,2026-05-05
元大新莊,226.0,100,0,9898,6239,2026-05-05
元大永和,227.5,350,2000,9891,6239,2026-05-05
元大永和,228.5,1000,0,9891,6239,2026-05-05
元大永和,229.5,280,200,9891,6239,2026-05-05
元大永和,231.0,3000,0,9891,6239,2026-05-05
元大永和,232.0,2000,0,9891,6239,2026-05-05
元大永和,233.0,1000,1000,9891,6239,2026-05-05
元大永和,234.0,3000,0,9891,6239,2026-05-05
元大永和,235.0,0,4000,9891,6239,2026-05-05
元大屏東,220.0,1000,0,9892,6239,2026-05-05
元大屏東,221.0,1000,0,9892,6239,2026-05-05
元大屏東,224.0,200,0,9892,6239,2026-05-05
元大屏東,225.0,1000,2000,9892,6239,2026-05-05
元大屏東,227.0,2000,500,9892,6239,2026-05-05
元大屏東,228.0,4089,1000,9892,6239,2026-05-05
元大屏東,229.0,1055,0,9892,6239,2026-05-05
元大屏東,230.0,0,1000,9892,6239,2026-05-05
元大屏東,232.0,200,0,9892,6239,2026-05-05
元大屏東,233.0,50,0,9892,6239,2026-05-05
元大屏東,235.0,1000,0,9892,6239,2026-05-05
元大永和,226.5,1000,0,9891,6239,2026-05-05
元大大天,220.0,1000,0,9893,6239,2026-05-05
元大永和,225.0,3000,0,9891,6239,2026-05-05
元大永和,223.0,50,0,9891,6239,2026-05-05
元大三重,222.5,2005,0,988C,6239,2026-05-05
元大三重,223.5,7,0,988C,6239,2026-05-05
元大三重,224.5,2,0,988C,6239,2026-05-05
元大三重,225.5,20,0,988C,6239,2026-05-05
元大三重,227.0,0,1000,988C,6239,2026-05-05
元大三重,229.0,50,2000,988C,6239,2026-05-05
元大三重,230.5,2000,0,988C,6239,2026-05-05
元大三重,234.5,2150,0,988C,6239,2026-05-05
元大三重,236.0,0,2000,988C,6239,2026-05-05
元大長庚,222.5,2000,0,988V,6239,2026-05-05
元大長庚,223.5,5,20,988V,6239,2026-05-05
元大長庚,224.5,10,0,988V,6239,2026-05-05
元大長庚,226.0,1000,0,988V,6239,2026-05-05
元大長庚,227.5,720,0,988V,6239,2026-05-05
元大長庚,228.5,60,0,988V,6239,2026-05-05
元大長庚,229.5,1000,0,988V,6239,2026-05-05
元大長庚,233.5,1000,0,988V,6239,2026-05-05
元大永和,220.5,1000,0,9891,6239,2026-05-05
元大永和,221.5,0,2000,9891,6239,2026-05-05
元大永和,224.0,1000,0,9891,6239,2026-05-05
元大大天,222.5,2000,0,9893,6239,2026-05-05
元大大天,223.5,1000,0,9893,6239,2026-05-05
元大大天,225.5,10000,0,9893,6239,2026-05-05
元大台南,232.5,5,0,9896,6239,2026-05-05
元大台南,234.5,2000,1000,9896,6239,2026-05-05
元大台南,235.5,1000,0,9896,6239,2026-05-05
元大土城,221.5,0,1000,9897,6239,2026-05-05
元大土城,222.5,100,0,9897,6239,2026-05-05
元大土城,224.5,0,1000,9897,6239,2026-05-05
元大土城,225.5,0,1050,9897,6239,2026-05-05
元大土城,227.5,5000,1000,9897,6239,2026-05-05
元大土城,228.5,7,700,9897,6239,2026-05-05
元大土城,230.0,100,1006,9897,6239,2026-05-05
元大土城,231.5,2,0,9897,6239,2026-05-05
元大土城,232.5,2000,0,9897,6239,2026-05-05
元大土城,233.5,1000,0,9897,6239,2026-05-05
元大土城,234.5,0,30,9897,6239,2026-05-05
元大新莊,220.0,0,1000,9898,6239,2026-05-05
元大新莊,221.0,2000,0,9898,6239,2026-05-05
元大新莊,222.5,10000,1000,9898,6239,2026-05-05
元大新莊,223.5,1100,0,9898,6239,2026-05-05
元大新莊,225.0,3000,1000,9898,6239,2026-05-05
元大台南,229.0,0,1000,9896,6239,2026-05-05
元大台南,228.0,1050,0,9896,6239,2026-05-05
元大台南,227.0,4000,0,9896,6239,2026-05-05
元大台南,225.5,1000,0,9896,6239,2026-05-05
元大大天,227.5,0,2050,9893,6239,2026-05-05
元大大天,229.0,0,1050,9893,6239,2026-05-05
元大大天,230.0,0,1050,9893,6239,2026-05-05
元大大天,231.0,3000,0,9893,6239,2026-05-05
元大大天,233.5,0,1000,9893,6239,2026-05-05
元大大天,235.0,2000,0,9893,6239,2026-05-05
元大桃興,221.5,1000,0,9894,6239,2026-05-05
元大桃興,223.0,1050,0,9894,6239,2026-05-05
元大桃興,224.5,2000,2000,9894,6239,2026-05-05
元大南京,227.5,2250,11000,9862,6239,2026-05-05
元大桃興,226.5,1000,1000,9894,6239,2026-05-05
元大桃興,228.5,1000,10000,9894,6239,2026-05-05
元大桃興,229.5,1000,0,9894,6239,2026-05-05
元大桃興,231.5,2000,0,9894,6239,2026-05-05
元大桃興,233.5,2000,0,9894,6239,2026-05-05
元大桃興,234.5,1000,1000,9894,6239,2026-05-05
元大桃興,235.5,1000,0,9894,6239,2026-05-05
元大台南,222.0,100,0,9896,6239,2026-05-05
元大台南,223.0,1000,0,9896,6239,2026-05-05
元大台南,224.0,20,0,9896,6239,2026-05-05
元大桃興,227.5,8000,1000,9894,6239,2026-05-05
德信,229.0,1000,0,6910,6239,2026-05-05
元大福營,227.0,0,2000,981F,6239,2026-05-05
德信中正,224.5,100,0,6912,6239,2026-05-05
永豐竹北,225.0,2000,0,9A9P,6239,2026-05-05
永豐竹北,221.0,0,1000,9A9P,6239,2026-05-05
永豐竹北,220.0,1000,0,9A9P,6239,2026-05-05
永豐桃盛,234.5,3000,0,9A9N,6239,2026-05-05
永豐桃盛,233.0,2000,0,9A9N,6239,2026-05-05
永豐桃盛,232.0,1000,300,9A9N,6239,2026-05-05
永豐桃盛,230.0,250,50,9A9N,6239,2026-05-05
永豐桃盛,228.0,1100,1000,9A9N,6239,2026-05-05
永豐竹北,226.5,2000,900,9A9P,6239,2026-05-05
永豐桃盛,227.0,12150,7000,9A9N,6239,2026-05-05
永豐桃盛,224.5,200,1000,9A9N,6239,2026-05-05
永豐桃盛,223.0,1200,0,9A9N,6239,2026-05-05
永豐桃盛,221.5,0,1000,9A9N,6239,2026-05-05
永豐桃盛,220.0,1000,0,9A9N,6239,2026-05-05
永豐南投,233.5,0,2000,9A9M,6239,2026-05-05
永豐南投,232.5,0,1000,9A9M,6239,2026-05-05
永豐南投,230.0,1000,0,9A9M,6239,2026-05-05
永豐南投,229.0,1000,1000,9A9M,6239,2026-05-05
永豐桃盛,226.0,3200,1000,9A9N,6239,2026-05-05
永豐南投,227.5,0,1000,9A9M,6239,2026-05-05
永豐竹北,227.5,1300,0,9A9P,6239,2026-05-05
永豐竹北,230.5,1000,50,9A9P,6239,2026-05-05
永豐北高,223.5,10,0,9A9r,6239,2026-05-05
永豐北高,222.5,10,0,9A9r,6239,2026-05-05
永豐北高,220.5,2000,0,9A9r,6239,2026-05-05
永豐豐原,231.0,500,0,9A9Q,6239,2026-05-05
永豐豐原,229.0,25,1000,9A9Q,6239,2026-05-05
永豐豐原,228.0,50,0,9A9Q,6239,2026-05-05
永豐豐原,227.0,0,1000,9A9Q,6239,2026-05-05
永豐豐原,224.5,100,0,9A9Q,6239,2026-05-05
永豐竹北,229.0,0,1000,9A9P,6239,2026-05-05
永豐豐原,223.0,120,6000,9A9Q,6239,2026-05-05
永豐潮州,233.0,0,1000,9A9q,6239,2026-05-05
永豐潮州,229.5,200,0,9A9q,6239,2026-05-05
永豐潮州,227.5,0,1000,9A9q,6239,2026-05-05
永豐潮州,224.0,2001,0,9A9q,6239,2026-05-05
永豐竹北,236.0,0,2000,9A9P,6239,2026-05-05
永豐竹北,235.0,1000,0,9A9P,6239,2026-05-05
永豐竹北,233.0,150,0,9A9P,6239,2026-05-05
永豐竹北,232.0,0,1050,9A9P,6239,2026-05-05
永豐豐原,221.0,50,0,9A9Q,6239,2026-05-05
永豐北高,224.5,100,0,9A9r,6239,2026-05-05
永豐南投,226.5,10000,50,9A9M,6239,2026-05-05
永豐南投,222.5,2000,0,9A9M,6239,2026-05-05
永豐三重,224.0,1000,0,9A9K,6239,2026-05-05
永豐三重,222.0,30,0,9A9K,6239,2026-05-05
永豐三重,221.0,2000,0,9A9K,6239,2026-05-05
永豐板新,236.5,0,1000,9A9J,6239,2026-05-05
永豐板新,234.5,10000,1000,9A9J,6239,2026-05-05
永豐板新,233.5,1000,2000,9A9J,6239,2026-05-05
永豐板新,232.5,1000,0,9A9J,6239,2026-05-05
永豐板新,231.5,1080,0,9A9J,6239,2026-05-05
永豐三重,225.5,1000,0,9A9K,6239,2026-05-05
永豐板新,230.0,2000,60,9A9J,6239,2026-05-05
永豐板新,228.0,16100,124000,9A9J,6239,2026-05-05
永豐板新,227.0,5161,4000,9A9J,6239,2026-05-05
永豐板新,225.5,15000,2000,9A9J,6239,2026-05-05
永豐板新,224.5,21026,0,9A9J,6239,2026-05-05
永豐板新,223.0,4170,5500,9A9J,6239,2026-05-05
永豐板新,222.0,1050,0,9A9J,6239,2026-05-05
永豐板新,220.5,3000,0,9A9J,6239,2026-05-05
永豐嘉義,235.5,2000,0,9A9j,6239,2026-05-05
永豐板新,229.0,8025,3000,9A9J,6239,2026-05-05
永豐南投,225.5,0,3000,9A9M,6239,2026-05-05
永豐三重,226.5,2000,1000,9A9K,6239,2026-05-05
永豐三重,228.5,290,0,9A9K,6239,2026-05-05
永豐南投,220.5,1000,0,9A9M,6239,2026-05-05
永豐台中,234.5,1000,1000,9A9L,6239,2026-05-05
永豐台中,233.5,0,1000,9A9L,6239,2026-05-05
永豐台中,232.5,0,2000,9A9L,6239,2026-05-05
永豐台中,231.0,1000,0,9A9L,6239,2026-05-05
永豐台中,230.0,3000,1100,9A9L,6239,2026-05-05
永豐台中,229.0,10,0,9A9L,6239,2026-05-05
永豐台中,228.0,93,0,9A9L,6239,2026-05-05
永豐三重,227.5,10,8000,9A9K,6239,2026-05-05
永豐台中,227.0,0,1000,9A9L,6239,2026-05-05
永豐台中,224.5,1000,1000,9A9L,6239,2026-05-05
永豐台中,223.5,104,0,9A9L,6239,2026-05-05
永豐台中,222.0,100,0,9A9L,6239,2026-05-05
永豐台中,221.0,20,100,9A9L,6239,2026-05-05
永豐三重,235.5,1000,0,9A9K,6239,2026-05-05
永豐三重,234.0,0,2000,9A9K,6239,2026-05-05
永豐三重,230.5,2000,0,9A9K,6239,2026-05-05
永豐三重,229.5,1,200,9A9K,6239,2026-05-05
永豐台中,225.5,0,2000,9A9L,6239,2026-05-05
永豐嘉義,233.0,2450,0,9A9j,6239,2026-05-05
永豐北高,225.5,0,100,9A9r,6239,2026-05-05
永豐北高,229.5,4,0,9A9r,6239,2026-05-05
永豐桃園,222.5,1005,3000,9A9x,6239,2026-05-05
永豐桃園,221.5,3000,0,9A9x,6239,2026-05-05
永豐桃園,220.5,1000,0,9A9x,6239,2026-05-05
永豐市政,235.5,1000,0,9A9W,6239,2026-05-05
永豐市政,234.5,12213,1000,9A9W,6239,2026-05-05
永豐市政,233.5,1000,0,9A9W,6239,2026-05-05
永豐市政,232.5,2000,0,9A9W,6239,2026-05-05
永豐市政,231.5,1100,0,9A9W,6239,2026-05-05
永豐桃園,223.5,2000,3005,9A9x,6239,2026-05-05
永豐市政,230.5,5000,250,9A9W,6239,2026-05-05
永豐市政,228.5,6000,2100,9A9W,6239,2026-05-05
永豐市政,227.5,3200,16100,9A9W,6239,2026-05-05
永豐市政,226.5,7020,5100,9A9W,6239,2026-05-05
永豐市政,225.5,3050,10,9A9W,6239,2026-05-05
永豐市政,224.5,2035,3000,9A9W,6239,2026-05-05
永豐市政,223.5,1193,12000,9A9W,6239,2026-05-05
永豐市政,222.5,2000,0,9A9W,6239,2026-05-05
永豐市政,221.5,500,2000,9A9W,6239,2026-05-05
永豐市政,229.5,5140,400,9A9W,6239,2026-05-05
永豐市政,220.5,7000,0,9A9W,6239,2026-05-05
永豐桃園,224.5,50,0,9A9x,6239,2026-05-05
永豐桃園,226.5,2000,0,9A9x,6239,2026-05-05
永豐竹科,232.0,4000,0,9A9X,6239,2026-05-05
永豐竹科,230.5,100,0,9A9X,6239,2026-05-05
永豐竹科,229.5,130,1005,9A9X,6239,2026-05-05
永豐竹科,228.5,1350,0,9A9X,6239,2026-05-05
永豐竹科,227.5,200,41000,9A9X,6239,2026-05-05
永豐竹科,226.5,1000,1000,9A9X,6239,2026-05-05
永豐竹科,225.5,1000,0,9A9X,6239,2026-05-05
永豐竹科,224.5,1005,0,9A9X,6239,2026-05-05
永豐桃園,225.5,0,1000,9A9x,6239,2026-05-05
永豐竹科,223.5,1200,1000,9A9X,6239,2026-05-05
永豐竹科,221.5,1005,1000,9A9X,6239,2026-05-05
永豐竹科,220.5,50,0,9A9X,6239,2026-05-05
永豐桃園,236.0,1000,0,9A9x,6239,2026-05-05
永豐桃園,234.5,2000,0,9A9x,6239,2026-05-05
永豐桃園,231.5,50,0,9A9x,6239,2026-05-05
永豐桃園,229.5,50,2000,9A9x,6239,2026-05-05
永豐桃園,228.5,3000,2010,9A9x,6239,2026-05-05
永豐桃園,227.5,1105,6000,9A9x,6239,2026-05-05
永豐竹科,222.5,1000,0,9A9X,6239,2026-05-05
永豐北高,227.5,5100,0,9A9r,6239,2026-05-05
永豐中正,235.5,4000,1000,9A9U,6239,2026-05-05
永豐中正,232.5,100,2000,9A9U,6239,2026-05-05
永豐彰化,230.0,1100,0,9A9s,6239,2026-05-05
永豐彰化,228.0,1000,4000,9A9s,6239,2026-05-05
永豐彰化,227.0,1000,2000,9A9s,6239,2026-05-05
永豐彰化,225.5,0,1000,9A9s,6239,2026-05-05
永豐彰化,224.5,1000,2000,9A9s,6239,2026-05-05
永豐彰化,223.0,1000,0,9A9s,6239,2026-05-05
永豐彰化,221.0,20,0,9A9s,6239,2026-05-05
永豐信義,234.5,0,102,9A9R,6239,2026-05-05
永豐彰化,231.0,20,0,9A9s,6239,2026-05-05
永豐信義,232.0,0,1000,9A9R,6239,2026-05-05
永豐信義,228.0,80,1000,9A9R,6239,2026-05-05
永豐信義,227.0,0,1000,9A9R,6239,2026-05-05
永豐信義,226.0,0,1000,9A9R,6239,2026-05-05
永豐信義,223.5,0,40,9A9R,6239,2026-05-05
永豐信義,220.0,1000,0,9A9R,6239,2026-05-05
永豐北高,234.5,1000,0,9A9r,6239,2026-05-05
永豐北高,233.0,2009,0,9A9r,6239,2026-05-05
永豐北高,230.5,1000,0,9A9r,6239,2026-05-05
永豐信義,231.0,1000,0,9A9R,6239,2026-05-05
永豐中正,234.0,1000,3010,9A9U,6239,2026-05-05
永豐彰化,233.5,1000,0,9A9s,6239,2026-05-05
永豐南京,222.0,3000,0,9A9S,6239,2026-05-05
永豐中正,231.5,50,0,9A9U,6239,2026-05-05
永豐中正,230.5,50,0,9A9U,6239,2026-05-05
永豐中正,229.5,300,0,9A9U,6239,2026-05-05
永豐中正,228.5,606,0,9A9U,6239,2026-05-05
永豐中正,227.5,51,0,9A9U,6239,2026-05-05
永豐中正,226.5,1030,1000,9A9U,6239,2026-05-05
永豐中正,225.5,30,0,9A9U,6239,2026-05-05
永豐中正,224.5,1020,0,9A9U,6239,2026-05-05
永豐彰化,235.0,1000,0,9A9s,6239,2026-05-05
永豐中正,223.5,1000,0,9A9U,6239,2026-05-05
永豐中正,221.5,1000,0,9A9U,6239,2026-05-05
永豐中正,220.5,2000,0,9A9U,6239,2026-05-05
永豐南京,235.0,0,2000,9A9S,6239,2026-05-05
永豐南京,234.0,0,1000,9A9S,6239,2026-05-05
永豐南京,228.5,2000,0,9A9S,6239,2026-05-05
永豐南京,227.5,2000,2000,9A9S,6239,2026-05-05
永豐南京,225.0,1000,0,9A9S,6239,2026-05-05
永豐南京,224.0,0,2000,9A9S,6239,2026-05-05
永豐中正,222.5,3050,0,9A9U,6239,2026-05-05
永豐嘉義,230.5,1000,0,9A9j,6239,2026-05-05
永豐嘉義,229.5,0,50,9A9j,6239,2026-05-05
永豐嘉義,228.0,1000,8000,9A9j,6239,2026-05-05
永豐永康,222.0,3010,430,9A9c,6239,2026-05-05
永豐永康,221.0,1020,1000,9A9c,6239,2026-05-05
永豐永康,220.0,0,1000,9A9c,6239,2026-05-05
永豐中和,235.0,0,1000,9A9B,6239,2026-05-05
永豐中和,231.5,30,0,9A9B,6239,2026-05-05
永豐中和,230.0,1180,0,9A9B,6239,2026-05-05
永豐中和,229.0,0,2000,9A9B,6239,2026-05-05
永豐中和,228.0,1000,300,9A9B,6239,2026-05-05
永豐永康,223.5,1010,0,9A9c,6239,2026-05-05
永豐中和,227.0,1300,1000,9A9B,6239,2026-05-05
永豐中和,225.0,50,1000,9A9B,6239,2026-05-05
永豐中和,224.0,0,20000,9A9B,6239,2026-05-05
永豐中和,222.5,1000,50000,9A9B,6239,2026-05-05
永豐中和,220.5,73000,0,9A9B,6239,2026-05-05
永豐虎尾,229.0,1000,0,9A9b,6239,2026-05-05
永豐虎尾,221.0,100,0,9A9b,6239,2026-05-05
永豐羅東,234.5,2000,0,9A9A,6239,2026-05-05
永豐羅東,233.5,1000,1000,9A9A,6239,2026-05-05
永豐中和,226.0,1000,0,9A9B,6239,2026-05-05
永豐羅東,232.0,2000,0,9A9A,6239,2026-05-05
永豐永康,224.5,12205,6000,9A9c,6239,2026-05-05
永豐永康,226.5,1000,300,9A9c,6239,2026-05-05
永豐員林,235.0,0,5000,9A9C,6239,2026-05-05
永豐員林,233.5,0,2000,9A9C,6239,2026-05-05
永豐員林,230.5,10000,15000,9A9C,6239,2026-05-05
永豐員林,229.5,0,10000,9A9C,6239,2026-05-05
永豐員林,228.5,1000,0,9A9C,6239,2026-05-05
永豐員林,227.5,1100,4,9A9C,6239,2026-05-05
永豐員林,226.5,1000,1000,9A9C,6239,2026-05-05
永豐員林,224.5,0,50000,9A9C,6239,2026-05-05
永豐永康,225.5,50,0,9A9c,6239,2026-05-05
永豐員林,223.5,1010,0,9A9C,6239,2026-05-05
永豐員林,221.0,10000,0,9A9C,6239,2026-05-05
永豐永康,235.5,0,1000,9A9c,6239,2026-05-05
永豐永康,234.0,4000,2000,9A9c,6239,2026-05-05
永豐永康,232.5,0,5100,9A9c,6239,2026-05-05
永豐永康,230.5,100,1000,9A9c,6239,2026-05-05
永豐永康,229.5,5,150,9A9c,6239,2026-05-05
永豐永康,228.5,0,6000,9A9c,6239,2026-05-05
永豐永康,227.5,12300,4000,9A9c,6239,2026-05-05
永豐員林,222.5,1000,0,9A9C,6239,2026-05-05
德信,234.0,2000,0,6910,6239,2026-05-05
永豐羅東,230.0,10,0,9A9A,6239,2026-05-05
永豐羅東,228.0,0,2000,9A9A,6239,2026-05-05
永豐中壢,228.0,1010,3000,9A99,6239,2026-05-05
永豐中壢,227.0,28,1000,9A99,6239,2026-05-05
永豐中壢,224.5,1009,0,9A99,6239,2026-05-05
永豐中壢,223.5,1000,0,9A99,6239,2026-05-05
永豐中壢,222.5,1000,0,9A99,6239,2026-05-05
永豐大園,236.0,0,1000,9A98,6239,2026-05-05
永豐大園,234.0,1000,5000,9A98,6239,2026-05-05
永豐大園,232.5,1000,0,9A98,6239,2026-05-05
永豐中壢,229.0,2000,200,9A99,6239,2026-05-05
永豐大園,230.0,12000,500,9A98,6239,2026-05-05
永豐大園,227.5,3000,1000,9A98,6239,2026-05-05
永豐大園,226.5,1050,1000,9A98,6239,2026-05-05
永豐大園,225.5,1120,0,9A98,6239,2026-05-05
永豐大園,224.0,0,3000,9A98,6239,2026-05-05
永豐大園,223.0,0,1000,9A98,6239,2026-05-05
永豐大園,222.0,2000,1000,9A98,6239,2026-05-05
永豐大園,221.0,2200,0,9A98,6239,2026-05-05
永豐新竹,236.0,1000,0,9A97,6239,2026-05-05
永豐大園,229.0,0,1200,9A98,6239,2026-05-05
永豐羅東,229.0,0,2000,9A9A,6239,2026-05-05
永豐中壢,230.5,4000,0,9A99,6239,2026-05-05
永豐中壢,234.0,1000,0,9A99,6239,2026-05-05
永豐羅東,227.0,2000,0,9A9A,6239,2026-05-05
永豐羅東,225.5,1000,1055,9A9A,6239,2026-05-05
永豐羅東,224.5,0,1000,9A9A,6239,2026-05-05
永豐羅東,222.5,0,1000,9A9A,6239,2026-05-05
永豐羅東,221.0,4000,0,9A9A,6239,2026-05-05
永豐苓雅,236.5,0,1000,9A9a,6239,2026-05-05
永豐苓雅,235.0,0,1000,9A9a,6239,2026-05-05
永豐苓雅,234.0,1000,0,9A9a,6239,2026-05-05
永豐中壢,231.5,50,0,9A99,6239,2026-05-05
永豐苓雅,232.5,0,16,9A9a,6239,2026-05-05
永豐苓雅,229.5,0,1000,9A9a,6239,2026-05-05
永豐苓雅,228.5,500,0,9A9a,6239,2026-05-05
永豐苓雅,227.5,7000,0,9A9a,6239,2026-05-05
永豐苓雅,226.0,0,10000,9A9a,6239,2026-05-05
永豐苓雅,224.0,1000,0,9A9a,6239,2026-05-05
永豐苓雅,223.0,100,0,9A9a,6239,2026-05-05
永豐中壢,236.0,0,1000,9A99,6239,2026-05-05
永豐中壢,235.0,1000,0,9A99,6239,2026-05-05
永豐苓雅,231.5,0,200,9A9a,6239,2026-05-05
永豐古亭,223.5,0,1000,9A9d,6239,2026-05-05
永豐古亭,225.0,1000,0,9A9d,6239,2026-05-05
永豐古亭,228.0,1000,0,9A9d,6239,2026-05-05
永豐新莊,225.5,0,5,9A9H,6239,2026-05-05
永豐新莊,224.5,550,0,9A9H,6239,2026-05-05
永豐新莊,223.5,1000,400,9A9H,6239,2026-05-05
永豐新莊,222.0,10,2000,9A9H,6239,2026-05-05
永豐新莊,220.5,1025,0,9A9H,6239,2026-05-05
永豐台南,235.0,2000,2000,9A9h,6239,2026-05-05
永豐台南,234.0,2000,0,9A9h,6239,2026-05-05
永豐台南,233.0,2100,0,9A9h,6239,2026-05-05
永豐新莊,226.5,10,3000,9A9H,6239,2026-05-05
永豐台南,232.0,6150,4220,9A9h,6239,2026-05-05
永豐台南,230.0,1205,20,9A9h,6239,2026-05-05
永豐台南,229.0,2000,2100,9A9h,6239,2026-05-05
永豐台南,228.0,4104,0,9A9h,6239,2026-05-05
永豐台南,227.0,7000,2040,9A9h,6239,2026-05-05
永豐台南,226.0,1100,1000,9A9h,6239,2026-05-05
永豐台南,225.0,4050,50,9A9h,6239,2026-05-05
永豐台南,223.5,2002,3000,9A9h,6239,2026-05-05
永豐台南,222.5,1100,0,9A9h,6239,2026-05-05
永豐台南,231.0,1000,0,9A9h,6239,2026-05-05
永豐台南,221.5,30,0,9A9h,6239,2026-05-05
永豐新莊,227.5,26,1000,9A9H,6239,2026-05-05
永豐新莊,230.0,50,0,9A9H,6239,2026-05-05
永豐嘉義,227.0,3000,0,9A9j,6239,2026-05-05
永豐嘉義,225.0,1000,0,9A9j,6239,2026-05-05
永豐嘉義,224.0,1070,0,9A9j,6239,2026-05-05
永豐嘉義,223.0,2000,0,9A9j,6239,2026-05-05
永豐嘉義,221.5,0,1000,9A9j,6239,2026-05-05
永豐新店,235.0,0,1000,9A9i,6239,2026-05-05
永豐新店,233.5,1000,2000,9A9i,6239,2026-05-05
永豐新店,231.5,200,0,9A9i,6239,2026-05-05
永豐新莊,228.5,5,0,9A9H,6239,2026-05-05
永豐新店,230.5,15,0,9A9i,6239,2026-05-05
永豐新店,227.0,1200,0,9A9i,6239,2026-05-05
永豐新店,226.0,0,1000,9A9i,6239,2026-05-05
永豐新店,224.5,1000,0,9A9i,6239,2026-05-05
永豐新店,223.5,1000,0,9A9i,6239,2026-05-05
永豐新店,220.5,100,0,9A9i,6239,2026-05-05
永豐新莊,234.5,0,100,9A9H,6239,2026-05-05
永豐新莊,233.5,3000,0,9A9H,6239,2026-05-05
永豐新莊,231.5,100,0,9A9H,6239,2026-05-05
永豐新店,228.0,0,1000,9A9i,6239,2026-05-05
永豐台南,220.5,2050,0,9A9h,6239,2026-05-05
永豐天母,236.0,2000,0,9A9G,6239,2026-05-05
永豐天母,234.5,1000,0,9A9G,6239,2026-05-05
永豐高雄,227.5,8210,14000,9A9e,6239,2026-05-05
永豐高雄,226.5,10,0,9A9e,6239,2026-05-05
永豐高雄,225.0,0,58,9A9e,6239,2026-05-05
永豐高雄,224.0,60,1000,9A9e,6239,2026-05-05
永豐高雄,223.0,60,0,9A9e,6239,2026-05-05
永豐高雄,221.5,50,0,9A9e,6239,2026-05-05
永豐高雄,220.5,1000,1000,9A9e,6239,2026-05-05
永豐忠孝,235.0,3000,1000,9A9D,6239,2026-05-05
永豐高雄,229.0,2000,7000,9A9e,6239,2026-05-05
永豐忠孝,234.0,2000,0,9A9D,6239,2026-05-05
永豐忠孝,230.0,1006,1000,9A9D,6239,2026-05-05
永豐忠孝,228.0,1000,3000,9A9D,6239,2026-05-05
永豐忠孝,227.0,1000,0,9A9D,6239,2026-05-05
永豐忠孝,225.5,0,2000,9A9D,6239,2026-05-05
永豐忠孝,224.5,5000,200,9A9D,6239,2026-05-05
永豐忠孝,223.0,0,7000,9A9D,6239,2026-05-05
永豐忠孝,220.5,1000,0,9A9D,6239,2026-05-05
永豐古亭,232.5,1000,0,9A9d,6239,2026-05-05
永豐忠孝,231.5,50,0,9A9D,6239,2026-05-05
永豐高雄,232.0,1000,0,9A9e,6239,2026-05-05
永豐高雄,233.5,1000,0,9A9e,6239,2026-05-05
永豐高雄,234.5,60,0,9A9e,6239,2026-05-05
永豐天母,233.5,2000,1000,9A9G,6239,2026-05-05
永豐天母,232.0,1000,0,9A9G,6239,2026-05-05
永豐天母,231.0,1000,9,9A9G,6239,2026-05-05
永豐天母,229.5,1030,0,9A9G,6239,2026-05-05
永豐天母,227.0,1000,0,9A9G,6239,2026-05-05
永豐天母,224.0,100,0,9A9G,6239,2026-05-05
永豐天母,222.5,1007,2000,9A9G,6239,2026-05-05
永豐天母,220.5,0,3000,9A9G,6239,2026-05-05
永豐內湖,235.5,1000,0,9A9g,6239,2026-05-05
永豐內湖,234.0,1000,2000,9A9g,6239,2026-05-05
永豐內湖,232.0,1000,2000,9A9g,6239,2026-05-05
永豐內湖,228.0,5250,10000,9A9g,6239,2026-05-05
永豐內湖,227.0,1100,10000,9A9g,6239,2026-05-05
永豐內湖,226.0,1000,13000,9A9g,6239,2026-05-05
永豐內湖,225.0,2000,17000,9A9g,6239,2026-05-05
永豐內湖,223.5,0,7000,9A9g,6239,2026-05-05
永豐內湖,222.0,0,30000,9A9g,6239,2026-05-05
永豐內湖,220.5,0,60000,9A9g,6239,2026-05-05
永豐高雄,235.5,5000,0,9A9e,6239,2026-05-05
永豐竹科,233.0,600,1000,9A9X,6239,2026-05-05
永豐竹科,234.5,1250,100,9A9X,6239,2026-05-05
永豐竹科,235.5,3000,0,9A9X,6239,2026-05-05
永豐板盛,220.0,0,16000,9A9Y,6239,2026-05-05
元大南崁,227.0,0,85,980Q,6239,2026-05-05
元大南崁,229.0,1025,0,980Q,6239,2026-05-05
元大南崁,230.0,500,4300,980Q,6239,2026-05-05
元大南崁,232.0,1000,0,980Q,6239,2026-05-05
元大南崁,234.0,1125,1000,980Q,6239,2026-05-05
元大南崁,236.0,0,1000,980Q,6239,2026-05-05
元大南海,224.0,1000,0,980R,6239,2026-05-05
元大南海,228.5,2000,0,980R,6239,2026-05-05
元大南崁,225.5,100,0,980Q,6239,2026-05-05
元大南海,229.5,0,100,980R,6239,2026-05-05
元大府城,220.5,1000,0,980u,6239,2026-05-05
元大府城,222.0,2000,0,980u,6239,2026-05-05
元大府城,223.0,2000,0,980u,6239,2026-05-05
元大府城,224.5,1000,0,980u,6239,2026-05-05
元大府城,225.5,1000,0,980u,6239,2026-05-05
元大府城,226.5,1000,0,980u,6239,2026-05-05
元大府城,227.5,200,0,980u,6239,2026-05-05
元大府城,228.5,2050,1000,980u,6239,2026-05-05
元大南海,233.5,0,1000,980R,6239,2026-05-05
元大府城,229.5,500,0,980u,6239,2026-05-05
元大南崁,224.5,100,0,980Q,6239,2026-05-05
元大南崁,220.5,5000,0,980Q,6239,2026-05-05
元大竹科,229.0,1000,1000,980K,6239,2026-05-05
元大竹科,230.0,0,1300,980K,6239,2026-05-05
元大竹科,231.0,3000,393,980K,6239,2026-05-05
元大竹科,232.0,3000,0,980K,6239,2026-05-05
元大竹科,233.0,2000,0,980K,6239,2026-05-05
元大竹科,234.0,1000,6000,980K,6239,2026-05-05
元大竹科,235.5,0,3000,980K,6239,2026-05-05
元大虎尾,220.5,0,1000,980l,6239,2026-05-05
元大南崁,222.5,10020,0,980Q,6239,2026-05-05
元大虎尾,223.0,300,0,980l,6239,2026-05-05
元大虎尾,225.0,2050,0,980l,6239,2026-05-05
元大虎尾,226.5,1000,0,980l,6239,2026-05-05
元大虎尾,227.5,11,1550,980l,6239,2026-05-05
元大虎尾,228.5,16,1000,980l,6239,2026-05-05
元大虎尾,229.5,0,100,980l,6239,2026-05-05
元大虎尾,230.5,2000,2000,980l,6239,2026-05-05
元大虎尾,231.5,150,0,980l,6239,2026-05-05
元大虎尾,234.0,4000,0,980l,6239,2026-05-05
元大虎尾,224.0,150,0,980l,6239,2026-05-05
元大竹科,228.0,2015,2017,980K,6239,2026-05-05
元大府城,232.0,2000,0,980u,6239,2026-05-05
元大西屯,221.5,1010,0,980w,6239,2026-05-05
元大台中,235.5,5000,0,9812,6239,2026-05-05
元大中崙,220.5,6000,3000,9813,6239,2026-05-05
元大中崙,221.5,1100,0,9813,6239,2026-05-05
元大中崙,222.5,2000,0,9813,6239,2026-05-05
元大中崙,223.5,1000,1000,9813,6239,2026-05-05
元大中崙,224.5,10600,3000,9813,6239,2026-05-05
台新新店,225.0,1000,0,9B22,6239,2026-05-05
台新新店,224.0,1100,0,9B22,6239,2026-05-05
元大台中,234.5,1000,0,9812,6239,2026-05-05
台新新店,222.5,1000,0,9B22,6239,2026-05-05
台新九如,230.0,2000,0,9B21,6239,2026-05-05
台新九如,228.0,3000,1000,9B21,6239,2026-05-05
台新九如,223.0,1000,0,9B21,6239,2026-05-05
台新九如,221.0,1000,0,9B21,6239,2026-05-05
台新台北,235.0,0,10000,9B20,6239,2026-05-05
台新台北,234.0,0,2000,9B20,6239,2026-05-05
台新台北,232.0,5000,0,9B20,6239,2026-05-05
台新台北,231.0,0,1000,9B20,6239,2026-05-05
台新九如,234.5,1005,0,9B21,6239,2026-05-05
元大府城,234.0,1000,0,980u,6239,2026-05-05
元大台中,233.5,0,1000,9812,6239,2026-05-05
元大台中,230.5,3100,0,9812,6239,2026-05-05
元大西屯,222.5,1000,0,980w,6239,2026-05-05
元大西屯,223.5,1400,0,980w,6239,2026-05-05
元大西屯,225.0,0,2000,980w,6239,2026-05-05
元大西屯,226.0,100,0,980w,6239,2026-05-05
元大西屯,227.5,4100,1000,980w,6239,2026-05-05
元大西屯,228.5,20,0,980w,6239,2026-05-05
元大西屯,230.0,275,0,980w,6239,2026-05-05
元大西屯,232.5,2000,247,980w,6239,2026-05-05
元大台中,232.0,2000,0,9812,6239,2026-05-05
元大西屯,234.5,550,1000,980w,6239,2026-05-05
元大台中,221.0,0,45,9812,6239,2026-05-05
元大台中,222.5,2000,0,9812,6239,2026-05-05
元大台中,223.5,5000,0,9812,6239,2026-05-05
元大台中,224.5,1000,2000,9812,6239,2026-05-05
元大台中,225.5,0,6000,9812,6239,2026-05-05
元大台中,227.0,1000,1000,9812,6239,2026-05-05
元大台中,228.5,70,0,9812,6239,2026-05-05
元大台中,229.5,1000,30,9812,6239,2026-05-05
元大西屯,235.5,1000,0,980w,6239,2026-05-05
元大竹科,227.0,205,8000,980K,6239,2026-05-05
元大竹科,226.0,200,5000,980K,6239,2026-05-05
元大竹科,225.0,1180,1500,980K,6239,2026-05-05
元大斗六,224.5,5,0,980C,6239,2026-05-05
元大斗六,226.0,2000,1000,980C,6239,2026-05-05
元大斗六,227.0,0,1,980C,6239,2026-05-05
元大斗六,228.5,0,1000,980C,6239,2026-05-05
元大斗六,229.5,1000,0,980C,6239,2026-05-05
元大斗六,230.5,2000,0,980C,6239,2026-05-05
元大斗六,232.0,2000,0,980C,6239,2026-05-05
元大斗六,233.5,1000,0,980C,6239,2026-05-05
元大斗六,223.0,60,0,980C,6239,2026-05-05
元大斗六,234.5,600,0,980C,6239,2026-05-05
元大沙鹿,220.0,2000,0,980d,6239,2026-05-05
元大沙鹿,221.0,20,0,980d,6239,2026-05-05
元大沙鹿,222.0,1100,10,980d,6239,2026-05-05
元大沙鹿,223.5,4000,0,980d,6239,2026-05-05
元大沙鹿,224.5,1000,0,980d,6239,2026-05-05
元大沙鹿,225.5,21,0,980d,6239,2026-05-05
元大沙鹿,227.0,3000,10000,980d,6239,2026-05-05
元大沙鹿,228.0,0,2045,980d,6239,2026-05-05
元大斗六,235.5,1000,1000,980C,6239,2026-05-05
元大沙鹿,229.0,2100,1000,980d,6239,2026-05-05
元大斗六,221.0,100,0,980C,6239,2026-05-05
元大中北,235.0,1000,0,980a,6239,2026-05-05
元大,236.0,222000,56000,9800,6239,2026-05-05
元大松江,223.5,2000,0,9801,6239,2026-05-05
元大松江,227.0,3050,2000,9801,6239,2026-05-05
元大松江,228.5,1010,0,9801,6239,2026-05-05
元大松江,230.5,0,175,9801,6239,2026-05-05
元大松江,232.5,1000,0,9801,6239,2026-05-05
元大中北,220.5,3010,0,980a,6239,2026-05-05
元大中北,221.5,2000,0,980a,6239,2026-05-05
元大中北,236.0,0,1000,980a,6239,2026-05-05
元大中北,223.5,4020,1150,980a,6239,2026-05-05
元大中北,226.0,3000,0,980a,6239,2026-05-05
元大中北,227.0,3000,0,980a,6239,2026-05-05
元大中北,228.0,23,0,980a,6239,2026-05-05
元大中北,229.0,0,1000,980a,6239,2026-05-05
元大中北,230.0,1000,0,980a,6239,2026-05-05
元大中北,232.0,1000,0,980a,6239,2026-05-05
元大中北,233.0,0,1000,980a,6239,2026-05-05
元大中北,234.0,1000,1000,980a,6239,2026-05-05
元大中北,225.0,0,300,980a,6239,2026-05-05
元大沙鹿,230.0,0,1010,980d,6239,2026-05-05
元大沙鹿,231.0,2043,0,980d,6239,2026-05-05
元大沙鹿,233.0,1000,0,980d,6239,2026-05-05
元大清水,235.5,2000,0,980e,6239,2026-05-05
元大台北,220.0,2000,3000,980h,6239,2026-05-05
元大台北,222.0,200,0,980h,6239,2026-05-05
元大台北,223.5,4005,0,980h,6239,2026-05-05
元大台北,224.5,1010,1000,980h,6239,2026-05-05
元大台北,225.5,2000,0,980h,6239,2026-05-05
元大台北,226.5,0,3000,980h,6239,2026-05-05
元大台北,227.5,6080,4000,980h,6239,2026-05-05
元大清水,234.5,1000,0,980e,6239,2026-05-05
元大台北,229.5,1000,0,980h,6239,2026-05-05
元大台北,232.0,6000,3,980h,6239,2026-05-05
元大台北,233.0,0,2000,980h,6239,2026-05-05
元大台北,235.0,1000,2000,980h,6239,2026-05-05
元大竹科,220.0,1000,0,980K,6239,2026-05-05
元大竹科,221.0,1000,0,980K,6239,2026-05-05
元大竹科,222.0,1350,0,980K,6239,2026-05-05
元大竹科,223.0,100,0,980K,6239,2026-05-05
元大竹科,224.0,1200,0,980K,6239,2026-05-05
元大台北,231.0,8000,0,980h,6239,2026-05-05
元大清水,232.5,2000,0,980e,6239,2026-05-05
元大清水,230.0,0,3500,980e,6239,2026-05-05
元大清水,229.0,1005,10200,980e,6239,2026-05-05
元大沙鹿,234.0,2000,0,980d,6239,2026-05-05
元大沙鹿,235.5,3000,0,980d,6239,2026-05-05
元大北府,220.5,1000,0,980D,6239,2026-05-05
元大北府,222.5,1000,0,980D,6239,2026-05-05
元大北府,223.5,1000,0,980D,6239,2026-05-05
元大北府,225.0,1000,14000,980D,6239,2026-05-05
元大北府,226.0,0,1000,980D,6239,2026-05-05
元大北府,227.0,1000,0,980D,6239,2026-05-05
元大北府,229.0,5000,0,980D,6239,2026-05-05
元大北府,231.5,0,1000,980D,6239,2026-05-05
元大北府,232.5,0,1000,980D,6239,2026-05-05
元大北府,234.5,2000,0,980D,6239,2026-05-05
元大清水,221.0,1000,0,980e,6239,2026-05-05
元大清水,222.5,6000,0,980e,6239,2026-05-05
元大清水,223.5,150,0,980e,6239,2026-05-05
元大清水,224.5,1200,0,980e,6239,2026-05-05
元大清水,226.0,1000,0,980e,6239,2026-05-05
元大清水,227.0,1000,0,980e,6239,2026-05-05
元大清水,228.0,13100,7000,980e,6239,2026-05-05
台新台北,230.0,0,2000,9B20,6239,2026-05-05
永豐新竹,232.0,2000,3000,9A97,6239,2026-05-05
台新台北,228.5,2000,5000,9B20,6239,2026-05-05
台新台北,226.0,0,6000,9B20,6239,2026-05-05
台新三民,234.5,1000,0,9B13,6239,2026-05-05
台新三民,233.0,1000,0,9B13,6239,2026-05-05
台新三民,230.5,2000,2000,9B13,6239,2026-05-05
台新三民,229.5,1100,2000,9B13,6239,2026-05-05
台新三民,228.5,400,1000,9B13,6239,2026-05-05
台新三民,227.5,0,7011,9B13,6239,2026-05-05
台新三民,226.5,2000,0,9B13,6239,2026-05-05
台新三民,225.0,0,1000,9B13,6239,2026-05-05
台新三民,236.0,5000,0,9B13,6239,2026-05-05
台新三民,224.0,1000,0,9B13,6239,2026-05-05
台新三民,221.5,5000,0,9B13,6239,2026-05-05
台新三民,220.5,3,1000,9B13,6239,2026-05-05
台新新營,234.0,5000,2000,9B11,6239,2026-05-05
台新新營,232.0,4200,0,9B11,6239,2026-05-05
台新新營,231.0,20,0,9B11,6239,2026-05-05
台新新營,230.0,100,0,9B11,6239,2026-05-05
台新新營,229.0,10000,5000,9B11,6239,2026-05-05
台新新營,228.0,1000,11000,9B11,6239,2026-05-05
台新三民,222.5,2500,0,9B13,6239,2026-05-05
台新新營,227.0,1300,0,9B11,6239,2026-05-05
台新松江,222.0,100,0,9B15,6239,2026-05-05
台新松江,225.0,1015,0,9B15,6239,2026-05-05
台新台南,231.5,2100,0,9B16,6239,2026-05-05
台新台南,230.0,400,1000,9B16,6239,2026-05-05
台新台南,229.0,5000,50,9B16,6239,2026-05-05
台新台南,228.0,1000,1100,9B16,6239,2026-05-05
台新台南,227.0,1171,3000,9B16,6239,2026-05-05
台新台南,226.0,1000,0,9B16,6239,2026-05-05
台新台南,225.0,50,5000,9B16,6239,2026-05-05
台新台南,224.0,6000,0,9B16,6239,2026-05-05
台新松江,223.5,0,12000,9B15,6239,2026-05-05
台新台南,223.0,2400,0,9B16,6239,2026-05-05
台新台南,221.0,1050,1000,9B16,6239,2026-05-05
台新台南,220.0,1000,0,9B16,6239,2026-05-05
台新松江,234.5,2000,1000,9B15,6239,2026-05-05
台新松江,232.0,4000,0,9B15,6239,2026-05-05
台新松江,229.5,1000,1000,9B15,6239,2026-05-05
台新松江,228.5,0,1000,9B15,6239,2026-05-05
台新松江,227.0,1000,0,9B15,6239,2026-05-05
台新松江,226.0,100,0,9B15,6239,2026-05-05
台新台南,222.0,2000,0,9B16,6239,2026-05-05
台新台南,233.0,300,0,9B16,6239,2026-05-05
台新新營,226.0,100,0,9B11,6239,2026-05-05
台新新營,223.0,2000,0,9B11,6239,2026-05-05
永豐復興,228.0,40,0,9A9Z,6239,2026-05-05
永豐復興,226.0,0,1000,9A9Z,6239,2026-05-05
永豐復興,223.5,1000,0,9A9Z,6239,2026-05-05
永豐復興,222.5,10,10000,9A9Z,6239,2026-05-05
永豐復興,221.0,0,6000,9A9Z,6239,2026-05-05
永豐復興,220.0,1000,0,9A9Z,6239,2026-05-05
永豐板盛,235.5,8000,0,9A9Y,6239,2026-05-05
永豐板盛,234.5,3000,0,9A9Y,6239,2026-05-05
永豐復興,230.0,1000,0,9A9Z,6239,2026-05-05
永豐板盛,232.5,400,1000,9A9Y,6239,2026-05-05
永豐板盛,230.0,0,3100,9A9Y,6239,2026-05-05
永豐板盛,228.5,105,0,9A9Y,6239,2026-05-05
永豐板盛,227.5,3000,1000,9A9Y,6239,2026-05-05
永豐板盛,226.5,1000,0,9A9Y,6239,2026-05-05
永豐板盛,225.0,4000,0,9A9Y,6239,2026-05-05
永豐板盛,223.0,20,0,9A9Y,6239,2026-05-05
永豐板盛,222.0,1000,2000,9A9Y,6239,2026-05-05
永豐板盛,221.0,100,0,9A9Y,6239,2026-05-05
永豐板盛,231.5,0,1000,9A9Y,6239,2026-05-05
台新新營,224.0,5000,0,9B11,6239,2026-05-05
永豐復興,233.0,1000,0,9A9Z,6239,2026-05-05
台新證券,220.5,8000,6001,9B00,6239,2026-05-05
台新新營,222.0,1000,0,9B11,6239,2026-05-05
台新新營,220.0,1000,0,9B11,6239,2026-05-05
台新證券,236.5,0,31000,9B00,6239,2026-05-05
台新證券,235.5,6000,32000,9B00,6239,2026-05-05
台新證券,234.5,17100,30020,9B00,6239,2026-05-05
台新證券,233.5,20000,34000,9B00,6239,2026-05-05
台新證券,232.5,2000,30200,9B00,6239,2026-05-05
台新證券,231.5,1100,30000,9B00,6239,2026-05-05
永豐復興,234.5,2000,0,9A9Z,6239,2026-05-05
台新證券,230.5,1060,31000,9B00,6239,2026-05-05
台新證券,228.5,25867,21060,9B00,6239,2026-05-05
台新證券,227.5,39500,52291,9B00,6239,2026-05-05
台新證券,226.5,15100,23000,9B00,6239,2026-05-05
台新證券,225.5,12600,24170,9B00,6239,2026-05-05
台新證券,224.5,11930,15000,9B00,6239,2026-05-05
台新證券,223.5,7470,4300,9B00,6239,2026-05-05
台新證券,222.5,9200,13000,9B00,6239,2026-05-05
台新證券,221.5,25,15000,9B00,6239,2026-05-05
台新證券,229.5,4600,18400,9B00,6239,2026-05-05
台新台南,234.5,0,1000,9B16,6239,2026-05-05
台新台南,236.0,0,2000,9B16,6239,2026-05-05
台新建北,220.5,7000,0,9B18,6239,2026-05-05
台新台中,229.5,1247,750,9B1h,6239,2026-05-05
台新台中,228.5,1540,3025,9B1h,6239,2026-05-05
台新台中,227.5,7075,570,9B1h,6239,2026-05-05
台新台中,226.5,8500,0,9B1h,6239,2026-05-05
台新台中,225.5,1090,3300,9B1h,6239,2026-05-05
台新台中,224.5,2121,2000,9B1h,6239,2026-05-05
台新台中,223.5,5545,1000,9B1h,6239,2026-05-05
台新台中,222.5,1060,1000,9B1h,6239,2026-05-05
台新台中,231.0,2350,0,9B1h,6239,2026-05-05
台新台中,221.5,25,2000,9B1h,6239,2026-05-05
台新高雄,236.0,10000,0,9B1g,6239,2026-05-05
台新高雄,234.5,13000,1000,9B1g,6239,2026-05-05
台新高雄,233.5,1000,0,9B1g,6239,2026-05-05
台新高雄,232.5,2000,0,9B1g,6239,2026-05-05
台新高雄,231.5,200,0,9B1g,6239,2026-05-05
台新高雄,230.0,1610,2201,9B1g,6239,2026-05-05
台新高雄,229.0,24000,6000,9B1g,6239,2026-05-05
台新高雄,228.0,2200,8100,9B1g,6239,2026-05-05
台新台中,220.5,1150,1000,9B1h,6239,2026-05-05
台新高雄,227.0,6250,4000,9B1g,6239,2026-05-05
台新台中,232.0,300,5000,9B1h,6239,2026-05-05
台新台中,234.5,3050,300,9B1h,6239,2026-05-05
台新台北,224.0,1000,0,9B20,6239,2026-05-05
台新台北,222.5,2000,0,9B20,6239,2026-05-05
台新台北,221.5,1000,0,9B20,6239,2026-05-05
台新台北,220.5,4000,0,9B20,6239,2026-05-05
台新中壢,234.5,0,100,9B1y,6239,2026-05-05
台新中壢,232.0,3200,10000,9B1y,6239,2026-05-05
台新中壢,228.0,0,7000,9B1y,6239,2026-05-05
台新中壢,227.0,0,1000,9B1y,6239,2026-05-05
台新台中,233.5,3000,0,9B1h,6239,2026-05-05
台新中壢,224.5,200,0,9B1y,6239,2026-05-05
台新中壢,222.0,10120,0,9B1y,6239,2026-05-05
台新屏東,234.5,3020,0,9B1n,6239,2026-05-05
台新屏東,231.0,1000,0,9B1n,6239,2026-05-05
台新屏東,228.5,350,0,9B1n,6239,2026-05-05
台新屏東,226.5,1000,0,9B1n,6239,2026-05-05
台新屏東,224.5,1000,0,9B1n,6239,2026-05-05
台新屏東,223.0,1000,0,9B1n,6239,2026-05-05
台新台中,235.5,10000,0,9B1h,6239,2026-05-05
台新中壢,223.0,0,3000,9B1y,6239,2026-05-05
台新高雄,226.0,5000,5000,9B1g,6239,2026-05-05
台新高雄,225.0,3150,1000,9B1g,6239,2026-05-05
台新高雄,223.5,3250,2100,9B1g,6239,2026-05-05
台新新莊,222.5,1000,0,9B19,6239,2026-05-05
台新新莊,221.5,1000,0,9B19,6239,2026-05-05
台新新莊,220.5,50,0,9B19,6239,2026-05-05
台新建北,236.0,0,5000,9B18,6239,2026-05-05
台新建北,235.0,0,5000,9B18,6239,2026-05-05
台新建北,234.0,0,7000,9B18,6239,2026-05-05
台新建北,233.0,3000,5000,9B18,6239,2026-05-05
台新建北,232.0,3000,5000,9B18,6239,2026-05-05
台新新莊,224.0,1000,378,9B19,6239,2026-05-05
台新建北,231.0,1000,5500,9B18,6239,2026-05-05
台新建北,229.0,2000,12000,9B18,6239,2026-05-05
台新建北,228.0,11000,12000,9B18,6239,2026-05-05
台新建北,227.0,2000,5000,9B18,6239,2026-05-05
台新建北,226.0,3030,3000,9B18,6239,2026-05-05
台新建北,225.0,3000,7000,9B18,6239,2026-05-05
台新建北,224.0,9000,7000,9B18,6239,2026-05-05
台新建北,223.0,4120,3010,9B18,6239,2026-05-05
台新建北,222.0,1000,0,9B18,6239,2026-05-05
台新建北,230.0,2000,10000,9B18,6239,2026-05-05
台新新莊,225.0,1000,2000,9B19,6239,2026-05-05
台新新莊,227.0,2100,3000,9B19,6239,2026-05-05
台新新莊,228.0,100,1000,9B19,6239,2026-05-05
台新高雄,222.5,3250,3000,9B1g,6239,2026-05-05
台新高雄,221.5,1000,516,9B1g,6239,2026-05-05
台新高雄,220.5,55000,5000,9B1g,6239,2026-05-05
台新左楠,234.5,4500,0,9B1d,6239,2026-05-05
台新左楠,233.0,0,2000,9B1d,6239,2026-05-05
台新左楠,232.0,7000,0,9B1d,6239,2026-05-05
台新左楠,229.5,1700,0,9B1d,6239,2026-05-05
台新左楠,228.0,1500,3000,9B1d,6239,2026-05-05
台新左楠,227.0,2000,6000,9B1d,6239,2026-05-05
台新左楠,225.5,3000,200,9B1d,6239,2026-05-05
台新左楠,224.5,3000,0,9B1d,6239,2026-05-05
台新左楠,223.5,3000,0,9B1d,6239,2026-05-05
台新左楠,222.5,3000,1000,9B1d,6239,2026-05-05
台新左楠,221.5,1000,0,9B1d,6239,2026-05-05
台新左楠,220.5,0,3000,9B1d,6239,2026-05-05
台新新莊,235.0,1000,1000,9B19,6239,2026-05-05
台新新莊,233.5,2000,0,9B19,6239,2026-05-05
台新新莊,231.5,200,0,9B19,6239,2026-05-05
台新新莊,229.0,0,1000,9B19,6239,2026-05-05
台新台北,227.5,93000,7000,9B20,6239,2026-05-05
永豐新竹,230.5,0,100,9A97,6239,2026-05-05
永豐古亭,221.0,1000,0,9A9d,6239,2026-05-05
永豐新竹,228.0,1000,0,9A97,6239,2026-05-05
兆豐寶成,235.0,0,5000,700r,6239,2026-05-05
兆豐寶成,234.0,1000,0,700r,6239,2026-05-05
兆豐寶成,230.5,2050,0,700r,6239,2026-05-05
兆豐寶成,229.0,2000,30,700r,6239,2026-05-05
兆豐寶成,228.0,2000,880,700r,6239,2026-05-05
兆豐寶成,227.0,0,1000,700r,6239,2026-05-05
兆豐寶成,225.5,0,18000,700r,6239,2026-05-05
兆豐寶成,224.5,0,3000,700r,6239,2026-05-05
兆豐寶成,223.5,7,0,700r,6239,2026-05-05
兆豐寶成,222.0,1050,1000,700r,6239,2026-05-05
兆豐寶成,221.0,1000,0,700r,6239,2026-05-05
兆豐南京,234.5,0,1000,700P,6239,2026-05-05
兆豐南京,232.5,0,1000,700P,6239,2026-05-05
兆豐南京,227.5,0,2000,700P,6239,2026-05-05
兆豐南京,224.0,1500,0,700P,6239,2026-05-05
兆豐南京,222.0,200,0,700P,6239,2026-05-05
兆豐復興,232.0,1000,0,700p,6239,2026-05-05
兆豐復興,230.0,0,5100,700p,6239,2026-05-05
兆豐復興,228.5,6000,0,700p,6239,2026-05-05
兆豐小港,222.5,1000,0,700R,6239,2026-05-05
兆豐小港,224.0,12000,0,700R,6239,2026-05-05
兆豐小港,227.5,5000,0,700R,6239,2026-05-05
兆豐小港,229.5,100,0,700R,6239,2026-05-05
兆豐桃鶯,228.5,0,1000,700U,6239,2026-05-05
兆豐桃鶯,227.5,500,0,700U,6239,2026-05-05
兆豐桃鶯,226.0,0,700,700U,6239,2026-05-05
兆豐桃鶯,223.5,4150,0,700U,6239,2026-05-05
兆豐桃鶯,221.0,1000,0,700U,6239,2026-05-05
兆豐桃鶯,220.0,1000,0,700U,6239,2026-05-05
兆豐大同,234.5,1000,0,700S,6239,2026-05-05
兆豐大同,229.5,300,0,700S,6239,2026-05-05
兆豐大同,228.0,1500,0,700S,6239,2026-05-05
兆豐復興,227.5,5000,1000,700p,6239,2026-05-05
兆豐大同,226.0,0,1000,700S,6239,2026-05-05
兆豐岡山,235.0,1000,0,700s,6239,2026-05-05
兆豐岡山,233.0,1000,0,700s,6239,2026-05-05
兆豐岡山,229.5,50,0,700s,6239,2026-05-05
兆豐岡山,228.5,1000,2000,700s,6239,2026-05-05
兆豐岡山,227.0,1000,0,700s,6239,2026-05-05
兆豐岡山,226.0,0,1000,700s,6239,2026-05-05
兆豐岡山,224.0,1000,0,700s,6239,2026-05-05
兆豐岡山,220.5,1000,0,700s,6239,2026-05-05
兆豐小港,234.5,60,0,700R,6239,2026-05-05
兆豐大同,224.5,1000,0,700S,6239,2026-05-05
兆豐復興,225.0,0,3000,700p,6239,2026-05-05
兆豐復興,224.0,1000,0,700p,6239,2026-05-05
兆豐復興,223.0,1000,0,700p,6239,2026-05-05
兆豐新營,227.5,3000,4000,700K,6239,2026-05-05
兆豐新營,224.5,0,1000,700K,6239,2026-05-05
兆豐新營,223.5,1000,0,700K,6239,2026-05-05
兆豐新營,221.5,1000,0,700K,6239,2026-05-05
兆豐員林,236.0,1000,0,700k,6239,2026-05-05
兆豐員林,234.0,0,1000,700k,6239,2026-05-05
兆豐員林,232.0,5100,5000,700k,6239,2026-05-05
兆豐員林,230.0,3000,0,700k,6239,2026-05-05
兆豐員林,229.0,1100,1000,700k,6239,2026-05-05
兆豐新營,228.5,1100,0,700K,6239,2026-05-05
兆豐員林,227.5,2070,2000,700k,6239,2026-05-05
兆豐員林,224.5,400,0,700k,6239,2026-05-05
兆豐員林,223.0,2000,1000,700k,6239,2026-05-05
兆豐員林,222.0,100,0,700k,6239,2026-05-05
兆豐公益,235.5,1000,0,700J,6239,2026-05-05
兆豐公益,233.5,0,1000,700J,6239,2026-05-05
兆豐公益,229.0,89,0,700J,6239,2026-05-05
兆豐公益,228.0,0,1000,700J,6239,2026-05-05
兆豐公益,227.0,1000,0,700J,6239,2026-05-05
兆豐公益,224.5,1000,0,700J,6239,2026-05-05
兆豐員林,226.0,1100,0,700k,6239,2026-05-05
兆豐桃鶯,229.5,1015,0,700U,6239,2026-05-05
兆豐新營,229.5,0,10,700K,6239,2026-05-05
兆豐天母,223.5,3,0,700L,6239,2026-05-05
兆豐復興,220.0,1000,0,700p,6239,2026-05-05
兆豐埔墘,231.5,0,2000,700N,6239,2026-05-05
兆豐埔墘,229.0,1000,1000,700N,6239,2026-05-05
兆豐埔墘,227.5,7000,20000,700N,6239,2026-05-05
兆豐埔墘,226.5,11000,1000,700N,6239,2026-05-05
兆豐埔墘,224.0,10,0,700N,6239,2026-05-05
兆豐桃園,236.0,1000,0,700M,6239,2026-05-05
兆豐桃園,232.0,2000,0,700M,6239,2026-05-05
兆豐桃園,230.0,700,0,700M,6239,2026-05-05
兆豐新營,234.0,1000,0,700K,6239,2026-05-05
兆豐桃園,228.5,40,0,700M,6239,2026-05-05
兆豐桃園,226.5,0,1000,700M,6239,2026-05-05
兆豐桃園,225.0,1000,1000,700M,6239,2026-05-05
兆豐桃園,224.0,2000,0,700M,6239,2026-05-05
兆豐桃園,223.0,0,2000,700M,6239,2026-05-05
兆豐桃園,222.0,248,0,700M,6239,2026-05-05
兆豐桃園,220.5,2000,0,700M,6239,2026-05-05
兆豐天母,233.0,100,0,700L,6239,2026-05-05
兆豐天母,229.5,0,1000,700L,6239,2026-05-05
兆豐天母,227.5,0,1000,700L,6239,2026-05-05
兆豐桃園,227.5,4000,8000,700M,6239,2026-05-05
兆豐桃鶯,231.0,1000,0,700U,6239,2026-05-05
兆豐桃鶯,233.0,0,1000,700U,6239,2026-05-05
兆豐桃鶯,234.5,1000,0,700U,6239,2026-05-05
元大東泰,229.5,20,0,9817,6239,2026-05-05
元大東泰,230.5,2000,0,9817,6239,2026-05-05
元大東泰,234.0,1000,0,9817,6239,2026-05-05
元大東泰,235.0,0,1000,9817,6239,2026-05-05
元大歸仁,223.0,2000,0,981a,6239,2026-05-05
元大歸仁,224.0,0,3000,981a,6239,2026-05-05
元大歸仁,227.0,2000,3000,981a,6239,2026-05-05
元大歸仁,228.0,1000,3000,981a,6239,2026-05-05
元大歸仁,229.0,2000,0,981a,6239,2026-05-05
元大東泰,228.0,2227,7000,9817,6239,2026-05-05
元大歸仁,230.0,850,1480,981a,6239,2026-05-05
元大歸仁,233.5,0,1000,981a,6239,2026-05-05
元大歸仁,234.5,4000,0,981a,6239,2026-05-05
元大三峽,220.5,4,0,981A,6239,2026-05-05
元大三峽,222.0,1000,0,981A,6239,2026-05-05
元大三峽,223.0,152,0,981A,6239,2026-05-05
元大三峽,224.0,2005,0,981A,6239,2026-05-05
元大三峽,225.5,50,0,981A,6239,2026-05-05
元大三峽,227.5,1000,130,981A,6239,2026-05-05
元大三峽,228.5,1000,100,981A,6239,2026-05-05
元大歸仁,231.0,1000,5,981a,6239,2026-05-05
元大三峽,229.5,1010,0,981A,6239,2026-05-05
元大東泰,227.0,1166,9000,9817,6239,2026-05-05
元大東泰,225.0,2100,5000,9817,6239,2026-05-05
元大大灣,225.0,4000,0,9815,6239,2026-05-05
元大大灣,227.0,1000,1000,9815,6239,2026-05-05
元大大灣,228.0,3200,1000,9815,6239,2026-05-05
元大大灣,230.0,4000,2000,9815,6239,2026-05-05
元大大灣,234.0,1000,1000,9815,6239,2026-05-05
元大新竹,221.0,0,16000,9816,6239,2026-05-05
元大新竹,222.0,0,1000,9816,6239,2026-05-05
元大新竹,224.5,1030,0,9816,6239,2026-05-05
元大新竹,225.5,1000,3000,9816,6239,2026-05-05
元大東泰,226.0,2000,1000,9817,6239,2026-05-05
元大新竹,227.0,7,0,9816,6239,2026-05-05
元大新竹,229.0,3000,1000,9816,6239,2026-05-05
元大新竹,230.5,1000,0,9816,6239,2026-05-05
元大新竹,231.5,0,1200,9816,6239,2026-05-05
元大新竹,232.5,400,0,9816,6239,2026-05-05
元大新竹,235.5,1000,0,9816,6239,2026-05-05
元大東泰,220.5,1000,0,9817,6239,2026-05-05
元大東泰,221.5,1000,0,9817,6239,2026-05-05
元大東泰,223.0,6000,0,9817,6239,2026-05-05
元大東泰,224.0,201,0,9817,6239,2026-05-05
元大新竹,228.0,2015,5000,9816,6239,2026-05-05
兆豐公益,223.0,1010,0,700J,6239,2026-05-05
元大三峽,230.5,0,150,981A,6239,2026-05-05
元大三峽,234.5,1550,0,981A,6239,2026-05-05
元大南投,226.0,4000,1000,981D,6239,2026-05-05
元大南投,227.0,9000,4000,981D,6239,2026-05-05
元大南投,228.0,1000,1000,981D,6239,2026-05-05
元大南投,229.0,1000,11000,981D,6239,2026-05-05
元大南投,230.5,8,0,981D,6239,2026-05-05
元大南投,234.0,1000,0,981D,6239,2026-05-05
元大南投,235.0,2000,7000,981D,6239,2026-05-05
元大南投,236.0,0,1000,981D,6239,2026-05-05
元大佳里,220.5,320,0,981e,6239,2026-05-05
元大南投,225.0,8000,200,981D,6239,2026-05-05
元大佳里,222.5,2000,1000,981e,6239,2026-05-05
元大佳里,224.5,9200,1000,981e,6239,2026-05-05
兆豐新竹,229.0,1000,4000,700V,6239,2026-05-05
兆豐新竹,227.5,1000,2000,700V,6239,2026-05-05
兆豐新竹,226.0,100,0,700V,6239,2026-05-05
兆豐新竹,225.0,5,0,700V,6239,2026-05-05
兆豐新竹,223.5,2000,0,700V,6239,2026-05-05
兆豐新竹,222.5,1000,1000,700V,6239,2026-05-05
兆豐新竹,221.0,1000,0,700V,6239,2026-05-05
兆豐新竹,220.0,1000,0,700V,6239,2026-05-05
元大佳里,223.5,2300,0,981e,6239,2026-05-05
元大三峽,231.5,200,1000,981A,6239,2026-05-05
元大南投,224.0,0,1000,981D,6239,2026-05-05
元大南投,222.0,0,5,981D,6239,2026-05-05
元大竹北,222.0,1451,0,981B,6239,2026-05-05
元大竹北,224.0,3000,0,981B,6239,2026-05-05
元大竹北,225.0,3000,0,981B,6239,2026-05-05
元大竹北,226.0,1100,0,981B,6239,2026-05-05
元大竹北,227.5,9116,11030,981B,6239,2026-05-05
元大竹北,229.0,0,50,981B,6239,2026-05-05
元大竹北,230.0,300,1000,981B,6239,2026-05-05
元大竹北,232.0,3000,0,981B,6239,2026-05-05
永豐新竹,229.0,100,0,9A97,6239,2026-05-05
元大南投,223.0,3000,0,981D,6239,2026-05-05
元大竹北,234.0,0,1060,981B,6239,2026-05-05
元大路竹,223.0,1100,0,981C,6239,2026-05-05
元大路竹,224.5,0,7000,981C,6239,2026-05-05
元大路竹,226.0,0,1000,981C,6239,2026-05-05
元大路竹,227.5,2000,0,981C,6239,2026-05-05
元大路竹,228.5,50,0,981C,6239,2026-05-05
元大路竹,229.5,10,0,981C,6239,2026-05-05
元大路竹,233.0,1000,0,981C,6239,2026-05-05
元大路竹,235.5,1000,1000,981C,6239,2026-05-05
元大南投,221.0,20,145,981D,6239,2026-05-05
元大竹北,235.0,1000,1000,981B,6239,2026-05-05
兆豐公益,222.0,100,0,700J,6239,2026-05-05
兆豐大安,233.0,0,1000,700j,6239,2026-05-05
兆豐大安,227.0,0,3000,700j,6239,2026-05-05
兆豐竹北,222.0,1000,0,7007,6239,2026-05-05
兆豐竹北,220.5,1000,0,7007,6239,2026-05-05
兆豐台南,234.5,1000,0,7006,6239,2026-05-05
兆豐台南,233.0,2010,0,7006,6239,2026-05-05
兆豐台南,231.5,1000,0,7006,6239,2026-05-05
兆豐台南,229.5,1,0,7006,6239,2026-05-05
兆豐台南,228.5,100,0,7006,6239,2026-05-05
兆豐台南,227.0,1025,0,7006,6239,2026-05-05
兆豐台南,225.5,0,1000,7006,6239,2026-05-05
兆豐竹北,223.0,1000,0,7007,6239,2026-05-05
兆豐台南,224.5,1000,0,7006,6239,2026-05-05
兆豐台南,221.5,10000,0,7006,6239,2026-05-05
兆豐台南,220.5,1000,0,7006,6239,2026-05-05
兆豐中港,234.5,0,50,7005,6239,2026-05-05
兆豐中港,230.5,0,1000,7005,6239,2026-05-05
兆豐中港,229.0,0,1000,7005,6239,2026-05-05
兆豐中港,227.0,4020,1010,7005,6239,2026-05-05
兆豐中港,225.0,1000,0,7005,6239,2026-05-05
兆豐中港,223.5,2000,650,7005,6239,2026-05-05
兆豐中港,222.5,2050,3000,7005,6239,2026-05-05
兆豐台南,223.5,0,100,7006,6239,2026-05-05
兆豐台中,236.0,0,10000,7003,6239,2026-05-05
兆豐竹北,224.5,1000,0,7007,6239,2026-05-05
兆豐竹北,227.0,3000,0,7007,6239,2026-05-05
兆豐忠孝,233.0,10,0,700a,6239,2026-05-05
兆豐忠孝,229.5,1000,1000,700a,6239,2026-05-05
兆豐忠孝,228.0,0,1000,700a,6239,2026-05-05
兆豐忠孝,227.0,250,4000,700a,6239,2026-05-05
兆豐忠孝,226.0,1000,1000,700a,6239,2026-05-05
兆豐忠孝,225.0,1000,0,700a,6239,2026-05-05
兆豐忠孝,224.0,1000,1020,700a,6239,2026-05-05
兆豐忠孝,222.5,1050,0,700a,6239,2026-05-05
兆豐忠孝,221.0,1000,0,700a,6239,2026-05-05
兆豐竹北,226.0,0,2250,7007,6239,2026-05-05
兆豐忠孝,220.0,1000,3000,700a,6239,2026-05-05
兆豐三重,230.0,0,4000,7008,6239,2026-05-05
兆豐三重,228.5,100,1000,7008,6239,2026-05-05
兆豐三重,227.0,1040,0,7008,6239,2026-05-05
兆豐三重,224.5,40,0,7008,6239,2026-05-05
兆豐竹北,235.5,0,1000,7007,6239,2026-05-05
兆豐竹北,234.0,2000,0,7007,6239,2026-05-05
兆豐竹北,232.5,2000,0,7007,6239,2026-05-05
兆豐竹北,229.5,0,1000,7007,6239,2026-05-05
兆豐竹北,228.5,0,100,7007,6239,2026-05-05
兆豐三重,231.5,5,0,7008,6239,2026-05-05
兆豐忠孝,234.5,0,1,700a,6239,2026-05-05
兆豐台中,234.5,3000,30,7003,6239,2026-05-05
兆豐台中,232.5,200,1000,7003,6239,2026-05-05
兆豐,225.5,1000,0,7000,6239,2026-05-05
兆豐,224.0,1000,0,7000,6239,2026-05-05
兆豐,222.5,1000,0,7000,6239,2026-05-05
兆豐,220.0,1000,0,7000,6239,2026-05-05
福勝,235.0,0,1000,6950,6239,2026-05-05
福勝,231.5,100,0,6950,6239,2026-05-05
福勝,229.0,1000,0,6950,6239,2026-05-05
福勝,227.5,8000,1000,6950,6239,2026-05-05
福勝,226.5,1000,0,6950,6239,2026-05-05
兆豐,226.5,2000,0,7000,6239,2026-05-05
福勝,223.0,30,1000,6950,6239,2026-05-05
德信和平,235.0,0,3000,6915,6239,2026-05-05
德信和平,233.0,0,5000,6915,6239,2026-05-05
德信和平,228.0,0,1000,6915,6239,2026-05-05
德信和平,227.0,0,1000,6915,6239,2026-05-05
德信和平,221.5,1000,0,6915,6239,2026-05-05
德信新營,228.5,1000,0,6913,6239,2026-05-05
德信中正,234.5,1000,0,6912,6239,2026-05-05
德信中正,230.0,1000,0,6912,6239,2026-05-05
德信中正,228.0,0,2,6912,6239,2026-05-05
福勝,221.0,1000,0,6950,6239,2026-05-05
兆豐台中,233.5,2000,6000,7003,6239,2026-05-05
兆豐,227.5,5000,91000,7000,6239,2026-05-05
兆豐,229.5,0,1000,7000,6239,2026-05-05
兆豐台中,231.5,0,5000,7003,6239,2026-05-05
兆豐台中,230.0,10,0,7003,6239,2026-05-05
兆豐台中,228.5,1250,0,7003,6239,2026-05-05
兆豐台中,227.5,0,1100,7003,6239,2026-05-05
兆豐台中,226.5,0,1000,7003,6239,2026-05-05
兆豐台中,224.5,2000,0,7003,6239,2026-05-05
兆豐台中,223.5,140,0,7003,6239,2026-05-05
兆豐台中,221.0,1400,0,7003,6239,2026-05-05
兆豐台中,220.0,1000,0,7003,6239,2026-05-05
兆豐,228.5,6300,5000,7000,6239,2026-05-05
兆豐嘉義,232.0,10,50,7001,6239,2026-05-05
兆豐嘉義,229.0,2000,0,7001,6239,2026-05-05
兆豐嘉義,227.5,1000,0,7001,6239,2026-05-05
兆豐嘉義,226.0,1000,50,7001,6239,2026-05-05
兆豐嘉義,224.5,20,0,7001,6239,2026-05-05
兆豐嘉義,223.5,0,100,7001,6239,2026-05-05
兆豐,236.5,0,1000,7000,6239,2026-05-05
兆豐,235.5,0,1000,7000,6239,2026-05-05
兆豐,234.5,0,4000,7000,6239,2026-05-05
兆豐,233.5,0,3000,7000,6239,2026-05-05
兆豐嘉義,230.0,199,0,7001,6239,2026-05-05
元大大灣,223.5,1000,1000,9815,6239,2026-05-05
兆豐中壢,225.0,1000,0,700b,6239,2026-05-05
兆豐中壢,228.5,1000,0,700b,6239,2026-05-05
兆豐三民,230.5,1000,0,700h,6239,2026-05-05
兆豐三民,229.5,1000,0,700h,6239,2026-05-05
兆豐三民,228.5,0,25,700h,6239,2026-05-05
兆豐三民,226.5,1000,1000,700h,6239,2026-05-05
兆豐三民,223.5,1000,0,700h,6239,2026-05-05
兆豐三民,221.0,152,0,700h,6239,2026-05-05
兆豐麻豆,234.0,1000,0,700G,6239,2026-05-05
兆豐麻豆,229.0,0,1009,700G,6239,2026-05-05
兆豐麻豆,228.0,1000,9,700G,6239,2026-05-05
兆豐三民,233.0,5000,250,700h,6239,2026-05-05
兆豐麻豆,226.5,0,1000,700G,6239,2026-05-05
兆豐麻豆,223.0,1000,0,700G,6239,2026-05-05
兆豐麻豆,221.5,0,18,700G,6239,2026-05-05
兆豐麻豆,220.0,1000,0,700G,6239,2026-05-05
兆豐南門,234.5,0,65,700g,6239,2026-05-05
兆豐南門,232.0,10000,0,700g,6239,2026-05-05
兆豐南門,230.0,3500,2000,700g,6239,2026-05-05
兆豐南門,228.5,0,1000,700g,6239,2026-05-05
兆豐南門,225.5,0,1000,700g,6239,2026-05-05
兆豐南門,224.5,10000,0,700g,6239,2026-05-05
兆豐麻豆,224.0,1000,0,700G,6239,2026-05-05
兆豐南門,223.5,1000,0,700g,6239,2026-05-05
兆豐東門,223.0,1000,0,700H,6239,2026-05-05
兆豐東門,227.5,2000,0,700H,6239,2026-05-05
兆豐大安,224.5,300,0,700j,6239,2026-05-05
兆豐大安,221.0,290,0,700j,6239,2026-05-05
兆豐北高,235.5,1000,0,700I,6239,2026-05-05
兆豐北高,234.5,0,1000,700I,6239,2026-05-05
兆豐北高,232.0,1000,0,700I,6239,2026-05-05
兆豐北高,230.0,0,1000,700I,6239,2026-05-05
兆豐北高,228.0,3100,0,700I,6239,2026-05-05
兆豐北高,227.0,200,0,700I,6239,2026-05-05
兆豐北高,224.5,200,1000,700I,6239,2026-05-05
兆豐東門,226.5,1000,0,700H,6239,2026-05-05
兆豐北高,223.0,1000,0,700I,6239,2026-05-05
兆豐松德,232.0,5000,0,700i,6239,2026-05-05
兆豐松德,230.0,1000,0,700i,6239,2026-05-05
兆豐松德,227.5,0,5000,700i,6239,2026-05-05
兆豐松德,226.0,1030,0,700i,6239,2026-05-05
兆豐松德,225.0,100,0,700i,6239,2026-05-05
兆豐松德,222.0,100,0,700i,6239,2026-05-05
兆豐東門,233.0,1000,0,700H,6239,2026-05-05
兆豐東門,230.0,100,100,700H,6239,2026-05-05
兆豐東門,228.5,300,0,700H,6239,2026-05-05
兆豐北高,221.0,1000,0,700I,6239,2026-05-05
兆豐中壢,227.0,100,0,700b,6239,2026-05-05
兆豐南門,220.5,50,0,700g,6239,2026-05-05
兆豐虎尾,230.0,0,5000,700F,6239,2026-05-05
兆豐來福,233.5,1000,0,700C,6239,2026-05-05
兆豐來福,231.5,108,0,700C,6239,2026-05-05
兆豐來福,230.0,50,50,700C,6239,2026-05-05
兆豐來福,228.5,2100,0,700C,6239,2026-05-05
兆豐來福,227.5,3000,0,700C,6239,2026-05-05
兆豐來福,225.0,1100,5000,700C,6239,2026-05-05
兆豐來福,224.0,1070,0,700C,6239,2026-05-05
兆豐來福,223.0,2200,0,700C,6239,2026-05-05
兆豐民生,235.0,0,2000,700c,6239,2026-05-05
兆豐來福,235.5,2000,0,700C,6239,2026-05-05
兆豐民生,231.5,1000,0,700c,6239,2026-05-05
兆豐民生,223.5,2000,0,700c,6239,2026-05-05
兆豐板橋,235.0,1000,0,700B,6239,2026-05-05
兆豐板橋,231.0,100,0,700B,6239,2026-05-05
兆豐板橋,230.0,0,40,700B,6239,2026-05-05
兆豐板橋,228.0,1000,2000,700B,6239,2026-05-05
兆豐板橋,227.0,1000,1000,700B,6239,2026-05-05
兆豐板橋,225.5,3000,1000,700B,6239,2026-05-05
兆豐板橋,223.5,0,1000,700B,6239,2026-05-05
兆豐板橋,220.5,1000,0,700B,6239,2026-05-05
兆豐民生,227.5,20000,0,700c,6239,2026-05-05
兆豐虎尾,233.0,0,1000,700F,6239,2026-05-05
兆豐彰化,223.0,4000,0,700d,6239,2026-05-05
兆豐彰化,226.5,1000,0,700d,6239,2026-05-05
兆豐虎尾,228.0,0,3000,700F,6239,2026-05-05
兆豐虎尾,226.5,350,0,700F,6239,2026-05-05
兆豐虎尾,223.5,2000,0,700F,6239,2026-05-05
兆豐虎尾,222.5,6100,0,700F,6239,2026-05-05
兆豐虎尾,221.5,1000,0,700F,6239,2026-05-05
兆豐鹿港,234.0,1000,0,700f,6239,2026-05-05
兆豐鹿港,231.5,0,1000,700f,6239,2026-05-05
兆豐鹿港,229.5,1000,0,700f,6239,2026-05-05
兆豐鹿港,228.0,3000,2000,700f,6239,2026-05-05
兆豐彰化,225.0,0,200,700d,6239,2026-05-05
兆豐鹿港,227.0,1000,3000,700f,6239,2026-05-05
兆豐鹿港,224.5,0,1000,700f,6239,2026-05-05
兆豐鹿港,222.5,1000,0,700f,6239,2026-05-05
兆豐西螺,234.5,1000,0,700D,6239,2026-05-05
兆豐西螺,228.0,1150,2000,700D,6239,2026-05-05
兆豐西螺,224.0,1000,0,700D,6239,2026-05-05
兆豐彰化,235.5,1000,0,700d,6239,2026-05-05
兆豐彰化,232.0,0,300,700d,6239,2026-05-05
兆豐彰化,229.0,200,1000,700d,6239,2026-05-05
兆豐彰化,228.0,0,200,700d,6239,2026-05-05
兆豐鹿港,225.5,0,1000,700f,6239,2026-05-05
元大大灣,220.5,1000,0,9815,6239,2026-05-05
元大竹北,233.0,50,1000,981B,6239,2026-05-05
元大大益,235.0,2000,1000,9814,6239,2026-05-05
永豐金,228.0,17951,11505,9A00,6239,2026-05-05
永豐金,227.0,12347,15000,9A00,6239,2026-05-05
永豐金,226.0,13171,4121,9A00,6239,2026-05-05
永豐金,225.0,7463,4825,9A00,6239,2026-05-05
永豐金,224.0,19790,4244,9A00,6239,2026-05-05
永豐金,223.0,3608,1000,9A00,6239,2026-05-05
永豐金,222.0,14177,250,9A00,6239,2026-05-05
永豐金,229.0,3140,10042,9A00,6239,2026-05-05
永豐金,221.0,9078,20000,9A00,6239,2026-05-05
元大小港,235.0,2000,0,989Z,6239,2026-05-05
元大小港,234.0,1000,0,989Z,6239,2026-05-05
元大小港,233.0,1000,0,989Z,6239,2026-05-05
元大小港,232.0,1000,3251,989Z,6239,2026-05-05
元大小港,231.0,1000,0,989Z,6239,2026-05-05
元大小港,230.0,0,1004,989Z,6239,2026-05-05
元大小港,229.0,2000,0,989Z,6239,2026-05-05
永豐金,220.0,2000,1000,9A00,6239,2026-05-05
元大小港,228.0,2000,200,989Z,6239,2026-05-05
永豐金,230.0,8151,7140,9A00,6239,2026-05-05
永豐金,232.0,13250,6350,9A00,6239,2026-05-05
永豐屏東,225.5,0,577,9A69,6239,2026-05-05
永豐屏東,224.0,50,0,9A69,6239,2026-05-05
永豐屏東,222.5,1000,0,9A69,6239,2026-05-05
永豐鳳山,233.5,0,1000,9A61,6239,2026-05-05
永豐鳳山,231.0,100,0,9A61,6239,2026-05-05
永豐鳳山,228.5,500,2000,9A61,6239,2026-05-05
永豐鳳山,227.5,0,1000,9A61,6239,2026-05-05
永豐金,231.0,411,0,9A00,6239,2026-05-05
永豐鳳山,226.5,16000,1000,9A61,6239,2026-05-05
永豐鳳山,223.0,1500,0,9A61,6239,2026-05-05
永豐鳳山,222.0,1000,0,9A61,6239,2026-05-05
永豐鳳山,220.5,1000,0,9A61,6239,2026-05-05
永豐金,236.0,4000,0,9A00,6239,2026-05-05
永豐金,235.0,12000,6000,9A00,6239,2026-05-05
永豐金,234.0,13300,3000,9A00,6239,2026-05-05
永豐金,233.0,3450,1000,9A00,6239,2026-05-05
永豐鳳山,224.0,1000,0,9A61,6239,2026-05-05
元大小港,227.0,1000,1000,989Z,6239,2026-05-05
元大小港,225.5,1005,10000,989Z,6239,2026-05-05
元大小港,224.0,1005,0,989Z,6239,2026-05-05
元大三民,220.0,2000,0,989X,6239,2026-05-05
元大站前,234.5,0,10,989W,6239,2026-05-05
元大站前,233.5,1000,0,989W,6239,2026-05-05
元大站前,230.5,0,150,989W,6239,2026-05-05
元大站前,229.5,425,1000,989W,6239,2026-05-05
元大站前,228.5,1400,1000,989W,6239,2026-05-05
元大站前,227.5,2000,0,989W,6239,2026-05-05
元大三民,223.0,1000,0,989X,6239,2026-05-05
元大站前,226.5,1000,3000,989W,6239,2026-05-05
元大站前,224.0,0,1100,989W,6239,2026-05-05
元大站前,223.0,1100,0,989W,6239,2026-05-05
元大站前,222.0,0,2000,989W,6239,2026-05-05
元大站前,221.0,1000,0,989W,6239,2026-05-05
元大北重,234.5,1000,0,989V,6239,2026-05-05
元大北重,232.5,6000,0,989V,6239,2026-05-05
元大北重,229.5,100,54,989V,6239,2026-05-05
元大站前,225.5,1100,100,989W,6239,2026-05-05
元大三民,225.0,2000,0,989X,6239,2026-05-05
元大三民,226.0,0,1000,989X,6239,2026-05-05
元大三民,228.0,51,0,989X,6239,2026-05-05
元大小港,223.0,89,2000,989Z,6239,2026-05-05
元大小港,222.0,300,0,989Z,6239,2026-05-05
元大小港,220.5,215,0,989Z,6239,2026-05-05
元大基隆,234.5,1000,0,989Y,6239,2026-05-05
元大基隆,233.5,0,2000,989Y,6239,2026-05-05
元大基隆,232.5,16,0,989Y,6239,2026-05-05
元大基隆,230.5,1050,0,989Y,6239,2026-05-05
元大基隆,229.5,5000,0,989Y,6239,2026-05-05
元大基隆,228.5,0,2000,989Y,6239,2026-05-05
元大基隆,227.5,0,3000,989Y,6239,2026-05-05
元大基隆,226.5,2000,0,989Y,6239,2026-05-05
元大基隆,224.5,100,0,989Y,6239,2026-05-05
元大基隆,223.5,0,130,989Y,6239,2026-05-05
元大基隆,222.0,150,0,989Y,6239,2026-05-05
元大基隆,220.5,1000,1000,989Y,6239,2026-05-05
元大三民,232.0,0,1000,989X,6239,2026-05-05
元大三民,229.0,0,1000,989X,6239,2026-05-05
永豐屏東,227.0,3000,0,9A69,6239,2026-05-05
元大北重,228.5,1000,1000,989V,6239,2026-05-05
永豐屏東,230.0,200,0,9A69,6239,2026-05-05
永豐屏東,233.5,0,2000,9A69,6239,2026-05-05
永豐松山,229.0,0,6000,9A91,6239,2026-05-05
永豐松山,227.5,11500,6000,9A91,6239,2026-05-05
永豐松山,226.5,10000,2000,9A91,6239,2026-05-05
永豐松山,225.5,2000,2000,9A91,6239,2026-05-05
永豐松山,224.5,1000,0,9A91,6239,2026-05-05
永豐松山,223.5,2000,0,9A91,6239,2026-05-05
永豐松山,222.0,1050,0,9A91,6239,2026-05-05
永豐松山,230.0,30,0,9A91,6239,2026-05-05
永豐松山,220.5,1000,3000,9A91,6239,2026-05-05
永豐敦南,234.0,4100,0,9A8F,6239,2026-05-05
永豐敦南,232.5,0,100,9A8F,6239,2026-05-05
永豐敦南,231.0,0,200,9A8F,6239,2026-05-05
永豐敦南,229.5,200,0,9A8F,6239,2026-05-05
永豐敦南,228.5,300,0,9A8F,6239,2026-05-05
永豐敦南,227.5,5000,22000,9A8F,6239,2026-05-05
永豐敦南,226.5,4000,3000,9A8F,6239,2026-05-05
永豐敦南,235.5,1000,0,9A8F,6239,2026-05-05
永豐敦南,225.5,2000,0,9A8F,6239,2026-05-05
永豐松山,231.5,300,0,9A91,6239,2026-05-05
永豐松山,235.0,1000,1000,9A91,6239,2026-05-05
永豐新竹,227.0,2000,0,9A97,6239,2026-05-05
永豐新竹,226.0,300,0,9A97,6239,2026-05-05
永豐新竹,224.5,100,0,9A97,6239,2026-05-05
永豐新竹,223.5,1001,0,9A97,6239,2026-05-05
永豐新竹,222.5,100,0,9A97,6239,2026-05-05
永豐新竹,221.0,300,0,9A97,6239,2026-05-05
永豐萬盛,235.5,0,10000,9A92,6239,2026-05-05
永豐松山,233.5,1000,0,9A91,6239,2026-05-05
永豐萬盛,233.5,5000,0,9A92,6239,2026-05-05
永豐萬盛,228.0,20,101,9A92,6239,2026-05-05
永豐萬盛,227.0,2800,50,9A92,6239,2026-05-05
永豐萬盛,226.0,33,1000,9A92,6239,2026-05-05
永豐萬盛,225.0,1000,1000,9A92,6239,2026-05-05
永豐萬盛,224.0,1000,0,9A92,6239,2026-05-05
永豐萬盛,223.0,3050,0,9A92,6239,2026-05-05
永豐萬盛,221.0,1031,0,9A92,6239,2026-05-05
永豐萬盛,231.5,1000,0,9A92,6239,2026-05-05
永豐敦南,224.5,1100,2000,9A8F,6239,2026-05-05
永豐敦南,223.5,2688,1000,9A8F,6239,2026-05-05
永豐敦南,222.5,3000,1000,9A8F,6239,2026-05-05
永豐匯立,228.0,11000,0,9A81,6239,2026-05-05
永豐匯立,227.0,11000,0,9A81,6239,2026-05-05
永豐匯立,226.0,1000,0,9A81,6239,2026-05-05
永豐匯立,224.5,5000,0,9A81,6239,2026-05-05
永豐匯立,223.5,8000,0,9A81,6239,2026-05-05
永豐匯立,222.5,3000,0,9A81,6239,2026-05-05
永豐匯立,221.5,2000,0,9A81,6239,2026-05-05
永豐匯立,229.0,7000,0,9A81,6239,2026-05-05
永豐匯立,220.5,3000,0,9A81,6239,2026-05-05
永豐埔里,230.0,1000,170,9A79,6239,2026-05-05
永豐埔里,229.0,1000,0,9A79,6239,2026-05-05
永豐埔里,228.0,1000,0,9A79,6239,2026-05-05
永豐埔里,227.0,0,2000,9A79,6239,2026-05-05
永豐埔里,224.5,1000,0,9A79,6239,2026-05-05
永豐埔里,223.0,1050,0,9A79,6239,2026-05-05
永豐埔里,221.0,100,0,9A79,6239,2026-05-05
永豐埔里,234.5,0,500,9A79,6239,2026-05-05
永豐匯立,230.0,3000,0,9A81,6239,2026-05-05
永豐匯立,231.5,1000,0,9A81,6239,2026-05-05
永豐匯立,232.5,1000,0,9A81,6239,2026-05-05
永豐敦南,221.0,1000,1000,9A8F,6239,2026-05-05
永豐敦南,220.0,1000,0,9A8F,6239,2026-05-05
永豐敦北,235.5,1000,30000,9A89,6239,2026-05-05
永豐敦北,234.5,3500,30000,9A89,6239,2026-05-05
永豐敦北,233.5,2000,38000,9A89,6239,2026-05-05
永豐敦北,232.5,2100,30,9A89,6239,2026-05-05
永豐敦北,231.5,2000,20,9A89,6239,2026-05-05
永豐敦北,230.0,2000,100,9A89,6239,2026-05-05
永豐敦北,228.5,2,30,9A89,6239,2026-05-05
永豐敦北,227.5,0,1000,9A89,6239,2026-05-05
永豐敦北,226.5,2000,1005,9A89,6239,2026-05-05
永豐敦北,225.0,2000,2000,9A89,6239,2026-05-05
永豐敦北,224.0,0,1000,9A89,6239,2026-05-05
永豐敦北,222.0,200,0,9A89,6239,2026-05-05
永豐敦北,221.0,10,100,9A89,6239,2026-05-05
永豐匯立,235.0,4000,0,9A81,6239,2026-05-05
永豐匯立,234.0,2000,0,9A81,6239,2026-05-05
永豐屏東,232.0,2000,0,9A69,6239,2026-05-05
元大大益,236.0,5000,0,9814,6239,2026-05-05
元大北重,227.5,1000,4000,989V,6239,2026-05-05
元大鹿港,224.5,2020,0,989S,6239,2026-05-05
元大信義,230.0,650,1000,989m,6239,2026-05-05
元大信義,235.5,0,1000,989m,6239,2026-05-05
元大內湖,221.0,1070,0,989N,6239,2026-05-05
元大內湖,222.0,3112,0,989N,6239,2026-05-05
元大內湖,223.5,0,2006,989N,6239,2026-05-05
元大內湖,225.0,200,5000,989N,6239,2026-05-05
元大內湖,226.0,1000,0,989N,6239,2026-05-05
元大信義,228.5,6,0,989m,6239,2026-05-05
元大內湖,227.0,5,1000,989N,6239,2026-05-05
元大內湖,229.0,3010,10,989N,6239,2026-05-05
元大內湖,230.5,20,0,989N,6239,2026-05-05
元大內湖,232.0,3000,0,989N,6239,2026-05-05
元大內湖,234.5,0,1100,989N,6239,2026-05-05
元大敦南,220.0,1000,0,989P,6239,2026-05-05
元大敦南,221.0,1200,0,989P,6239,2026-05-05
元大敦南,222.0,100,0,989P,6239,2026-05-05
元大內湖,228.0,2015,0,989N,6239,2026-05-05
元大敦南,223.5,0,5,989P,6239,2026-05-05
元大信義,226.5,1000,0,989m,6239,2026-05-05
元大信義,222.5,0,100,989m,6239,2026-05-05
元大成功,221.0,110,0,989L,6239,2026-05-05
元大成功,222.5,1010,0,989L,6239,2026-05-05
元大成功,223.5,1000,135,989L,6239,2026-05-05
元大成功,224.5,0,1000,989L,6239,2026-05-05
元大北重,225.0,3000,0,989V,6239,2026-05-05
元大北重,224.0,50,22,989V,6239,2026-05-05
元大成功,225.5,1000,0,989L,6239,2026-05-05
元大信義,224.5,1000,0,989m,6239,2026-05-05
元大成功,226.5,0,1000,989L,6239,2026-05-05
元大成功,228.5,2087,0,989L,6239,2026-05-05
元大成功,229.5,20,0,989L,6239,2026-05-05
元大成功,230.5,1000,0,989L,6239,2026-05-05
元大成功,232.5,1000,36,989L,6239,2026-05-05
元大成功,233.5,1000,0,989L,6239,2026-05-05
元大成功,235.5,2000,0,989L,6239,2026-05-05
元大信義,221.0,0,1000,989m,6239,2026-05-05
元大成功,227.5,60,1000,989L,6239,2026-05-05
元大敦南,225.0,1150,0,989P,6239,2026-05-05
元大敦南,227.5,2000,1000,989P,6239,2026-05-05
元大敦南,229.5,100,100,989P,6239,2026-05-05
元大鹿港,229.5,0,5000,989S,6239,2026-05-05
元大鹿港,230.5,300,0,989S,6239,2026-05-05
元大鹿港,232.5,0,100,989S,6239,2026-05-05
元大北重,221.5,0,1000,989V,6239,2026-05-05
元大大甲,235.5,1000,0,989U,6239,2026-05-05
元大大甲,234.0,1000,0,989U,6239,2026-05-05
元大大甲,233.0,10000,0,989U,6239,2026-05-05
元大鹿港,228.5,200,0,989S,6239,2026-05-05
元大大甲,232.0,9200,0,989U,6239,2026-05-05
元大大甲,229.0,1000,2000,989U,6239,2026-05-05
元大大甲,228.0,1150,20,989U,6239,2026-05-05
元大大甲,227.0,3300,2000,989U,6239,2026-05-05
元大大甲,226.0,1000,0,989U,6239,2026-05-05
元大大甲,224.0,100,0,989U,6239,2026-05-05
元大大甲,223.0,2150,3000,989U,6239,2026-05-05
元大大甲,221.0,1000,0,989U,6239,2026-05-05
元大大甲,231.0,200,0,989U,6239,2026-05-05
元大鹿港,227.5,1020,0,989S,6239,2026-05-05
元大鹿港,226.5,20,0,989S,6239,2026-05-05
元大北重,226.5,0,1000,989V,6239,2026-05-05
元大敦南,230.5,1000,0,989P,6239,2026-05-05
元大敦南,232.0,0,100,989P,6239,2026-05-05
元大汐止,220.5,2100,0,989Q,6239,2026-05-05
元大汐止,221.5,25,0,989Q,6239,2026-05-05
元大汐止,222.5,20,1269,989Q,6239,2026-05-05
元大汐止,223.5,2050,0,989Q,6239,2026-05-05
元大汐止,224.5,2245,1000,989Q,6239,2026-05-05
元大汐止,226.0,0,4000,989Q,6239,2026-05-05
元大汐止,227.0,4000,4035,989Q,6239,2026-05-05
元大汐止,228.0,1020,300,989Q,6239,2026-05-05
元大汐止,230.0,2000,2010,989Q,6239,2026-05-05
元大汐止,232.5,0,1000,989Q,6239,2026-05-05
元大汐止,233.5,1000,0,989Q,6239,2026-05-05
元大汐止,234.5,2000,1000,989Q,6239,2026-05-05
元大汐止,236.5,0,1000,989Q,6239,2026-05-05
元大鹿港,222.5,50,0,989S,6239,2026-05-05
元大鹿港,223.5,225,0,989S,6239,2026-05-05
元大古亭,235.0,1000,0,989k,6239,2026-05-05
元大鹿港,235.0,1000,1000,989S,6239,2026-05-05
元大古亭,232.5,0,2000,989k,6239,2026-05-05
元大古亭,228.5,200,1000,989k,6239,2026-05-05
元大嘉義,229.0,226,3000,989g,6239,2026-05-05
元大嘉義,230.0,1074,2100,989g,6239,2026-05-05
元大嘉義,231.0,0,10,989g,6239,2026-05-05
元大嘉義,232.5,4000,0,989g,6239,2026-05-05
元大嘉義,233.5,1000,1000,989g,6239,2026-05-05
元大嘉義,235.0,4000,1000,989g,6239,2026-05-05
元大大同,221.0,1000,0,989G,6239,2026-05-05
元大嘉義,228.0,3212,14062,989g,6239,2026-05-05
元大大同,223.5,1000,0,989G,6239,2026-05-05
元大大同,226.5,1000,0,989G,6239,2026-05-05
元大大同,227.5,10,1110,989G,6239,2026-05-05
元大大同,229.0,2000,0,989G,6239,2026-05-05
元大大同,230.0,0,150,989G,6239,2026-05-05
元大大同,232.0,1000,3000,989G,6239,2026-05-05
元大蘆中,220.5,2060,0,989I,6239,2026-05-05
元大蘆中,221.5,1000,0,989I,6239,2026-05-05
元大大同,225.5,450,0,989G,6239,2026-05-05
元大蘆中,222.5,50,0,989I,6239,2026-05-05
元大嘉義,227.0,0,3000,989g,6239,2026-05-05
元大中崙,227.0,0,1000,9813,6239,2026-05-05
元大大益,233.0,1000,0,9814,6239,2026-05-05
元大大益,232.0,2000,0,9814,6239,2026-05-05
元大大益,230.0,1100,2000,9814,6239,2026-05-05
元大大益,229.0,1000,0,9814,6239,2026-05-05
元大大益,228.0,1020,1000,9814,6239,2026-05-05
元大大益,227.0,1000,0,9814,6239,2026-05-05
元大大益,226.0,0,5000,9814,6239,2026-05-05
元大嘉義,226.0,3680,0,989g,6239,2026-05-05
元大大益,224.5,2000,1000,9814,6239,2026-05-05
元大大益,222.0,0,200,9814,6239,2026-05-05
元大大益,221.0,120,0,9814,6239,2026-05-05
元大大益,220.0,0,1000,9814,6239,2026-05-05
元大中崙,234.5,600,0,9813,6239,2026-05-05
元大中崙,232.5,8000,0,9813,6239,2026-05-05
元大中崙,231.0,1000,0,9813,6239,2026-05-05
元大中崙,228.5,0,1000,9813,6239,2026-05-05
元大大益,223.0,100000,0,9814,6239,2026-05-05
元大蘆中,223.5,500,577,989I,6239,2026-05-05
元大蘆中,224.5,1000,0,989I,6239,2026-05-05
元大蘆中,226.5,0,2000,989I,6239,2026-05-05
元大彰生,223.5,1000,0,989J,6239,2026-05-05
元大彰生,224.5,1049,0,989J,6239,2026-05-05
元大彰生,226.0,3000,79,989J,6239,2026-05-05
元大彰生,227.0,1000,1000,989J,6239,2026-05-05
元大彰生,228.0,0,150,989J,6239,2026-05-05
元大彰生,229.0,2000,0,989J,6239,2026-05-05
元大彰生,230.5,1000,0,989J,6239,2026-05-05
元大彰生,222.5,100,0,989J,6239,2026-05-05
元大彰生,232.0,3000,49,989J,6239,2026-05-05
元大彰生,235.5,3000,0,989J,6239,2026-05-05
元大古亭,221.0,25,0,989k,6239,2026-05-05
元大古亭,222.5,3000,0,989k,6239,2026-05-05
元大古亭,223.5,1000,0,989k,6239,2026-05-05
元大古亭,225.0,4300,3000,989k,6239,2026-05-05
元大古亭,226.5,200,2000,989k,6239,2026-05-05
元大古亭,227.5,1500,0,989k,6239,2026-05-05
元大彰生,233.0,100,0,989J,6239,2026-05-05
元大彰生,221.5,10,0,989J,6239,2026-05-05
元大樹林,236.0,4000,1000,989j,6239,2026-05-05
元大樹林,235.0,2000,10000,989j,6239,2026-05-05
元大蘆中,227.5,2033,3000,989I,6239,2026-05-05
元大蘆中,228.5,5100,3000,989I,6239,2026-05-05
元大蘆中,232.5,1000,0,989I,6239,2026-05-05
元大蘆中,234.5,0,1000,989I,6239,2026-05-05
元大蘆中,236.0,0,1000,989I,6239,2026-05-05
元大樹林,220.5,2000,0,989j,6239,2026-05-05
元大樹林,221.5,1000,0,989j,6239,2026-05-05
元大樹林,222.5,1050,1000,989j,6239,2026-05-05
元大樹林,224.0,10,0,989j,6239,2026-05-05
元大樹林,225.0,1010,1000,989j,6239,2026-05-05
元大樹林,226.0,1000,0,989j,6239,2026-05-05
元大樹林,227.0,2000,1000,989j,6239,2026-05-05
元大樹林,228.0,2100,14000,989j,6239,2026-05-05
元大樹林,229.0,3050,9000,989j,6239,2026-05-05
元大樹林,230.0,1100,250,989j,6239,2026-05-05
元大樹林,232.5,1000,0,989j,6239,2026-05-05
元大樹林,234.0,3000,1000,989j,6239,2026-05-05
元大古亭,230.0,2000,38,989k,6239,2026-05-05
元大鹿港,233.5,0,1000,989S,6239,2026-05-05
