securities_trader,price,buy,sell,securities_trader_id,stock_id,date
元大善化,2575.0,32,0,981y,2454,2026-04-30
元大善化,2585.0,10,200,981y,2454,2026-04-30
元大新生,2650.0,0,5,981X,2454,2026-04-30
元大新生,2630.0,25,0,981X,2454,2026-04-30
元大潮州,2595.0,1000,0,981Z,2454,2026-04-30
元大新生,2600.0,0,15,981X,2454,2026-04-30
元大新生,2585.0,3,0,981X,2454,2026-04-30
元大民雄,2645.0,1000,0,981V,2454,2026-04-30
元大民雄,2630.0,0,1000,981V,2454,2026-04-30
元大善化,2595.0,1005,10,981y,2454,2026-04-30
元大民雄,2620.0,5,52,981V,2454,2026-04-30
元大新生,2610.0,0,1010,981X,2454,2026-04-30
元大善化,2610.0,155,0,981y,2454,2026-04-30
元大大統,2630.0,2039,1017,981z,2454,2026-04-30
元大善化,2630.0,186,46,981y,2454,2026-04-30
元大善化,2645.0,1000,10,981y,2454,2026-04-30
元大善化,2655.0,10,1002,981y,2454,2026-04-30
元大大統,2585.0,12,1000,981z,2454,2026-04-30
元大大統,2595.0,20,0,981z,2454,2026-04-30
元大大統,2610.0,33,3000,981z,2454,2026-04-30
元大大統,2620.0,10,110,981z,2454,2026-04-30
元大潮州,2610.0,0,10,981Z,2454,2026-04-30
元大大統,2640.0,0,5,981z,2454,2026-04-30
元大大統,2655.0,0,5,981z,2454,2026-04-30
元大潮州,2580.0,0,10,981Z,2454,2026-04-30
元大善化,2620.0,254,127,981y,2454,2026-04-30
元大民雄,2605.0,0,50,981V,2454,2026-04-30
元大竹山,2600.0,0,2,981R,2454,2026-04-30
元大民雄,2585.0,5,60,981V,2454,2026-04-30
元大屏南,2625.0,38,164,981r,2454,2026-04-30
元大潮州,2620.0,0,490,981Z,2454,2026-04-30
元大屏南,2635.0,5,610,981r,2454,2026-04-30
元大屏南,2650.0,0,1055,981r,2454,2026-04-30
元大竹山,2575.0,1010,0,981R,2454,2026-04-30
元大竹山,2585.0,10,8,981R,2454,2026-04-30
元大竹山,2610.0,10,5,981R,2454,2026-04-30
元大竹山,2625.0,330,3115,981R,2454,2026-04-30
元大竹山,2635.0,1000,103,981R,2454,2026-04-30
元大竹山,2645.0,1000,0,981R,2454,2026-04-30
元大竹山,2675.0,1000,0,981R,2454,2026-04-30
元大崇德,2580.0,10,10,981S,2454,2026-04-30
元大崇德,2590.0,50,50,981S,2454,2026-04-30
元大崇德,2600.0,61,0,981S,2454,2026-04-30
元大崇德,2610.0,12,0,981S,2454,2026-04-30
元大崇德,2620.0,8,1110,981S,2454,2026-04-30
元大崇德,2630.0,0,60,981S,2454,2026-04-30
元大崇德,2640.0,0,20,981S,2454,2026-04-30
元大崇德,2650.0,0,2001,981S,2454,2026-04-30
元大崇德,2660.0,1000,0,981S,2454,2026-04-30
元大華山,2570.0,0,1000,981U,2454,2026-04-30
元大華山,2610.0,226,2100,981U,2454,2026-04-30
元大華山,2620.0,10,1000,981U,2454,2026-04-30
元大華山,2630.0,2000,3,981U,2454,2026-04-30
元大華山,2665.0,0,1000,981U,2454,2026-04-30
元大民雄,2595.0,0,2,981V,2454,2026-04-30
元大潮州,2630.0,27,129,981Z,2454,2026-04-30
元大六合,2630.0,11,9,982C,2454,2026-04-30
元大學府,2575.0,5,0,9822,2454,2026-04-30
元大羅東,2620.0,2,120,982A,2454,2026-04-30
元大羅東,2630.0,201,60,982A,2454,2026-04-30
元大羅東,2640.0,5,221,982A,2454,2026-04-30
元大博愛,2575.0,160,0,982B,2454,2026-04-30
元大博愛,2585.0,47,5,982B,2454,2026-04-30
元大博愛,2595.0,134,153,982B,2454,2026-04-30
元大博愛,2605.0,1,161,982B,2454,2026-04-30
元大博愛,2615.0,5,1035,982B,2454,2026-04-30
元大博愛,2625.0,1018,1263,982B,2454,2026-04-30
元大博愛,2635.0,5,1117,982B,2454,2026-04-30
元大博愛,2645.0,1003,1000,982B,2454,2026-04-30
元大博愛,2655.0,0,20,982B,2454,2026-04-30
元大六合,2575.0,0,30,982C,2454,2026-04-30
元大六合,2585.0,18,20,982C,2454,2026-04-30
元大六合,2595.0,5,0,982C,2454,2026-04-30
元大六合,2610.0,1006,110,982C,2454,2026-04-30
元大六合,2620.0,180,1000,982C,2454,2026-04-30
元大六合,2650.0,0,1235,982C,2454,2026-04-30
元大忠鼎,2610.0,3000,0,982F,2454,2026-04-30
元大忠鼎,2635.0,5000,0,982F,2454,2026-04-30
元大忠鼎,2650.0,0,2000,982F,2454,2026-04-30
元大忠鼎,2680.0,0,1000,982F,2454,2026-04-30
元大四維,2580.0,1011,5,9831,2454,2026-04-30
元大四維,2590.0,242,4,9831,2454,2026-04-30
元大屏南,2615.0,0,1006,981r,2454,2026-04-30
元大羅東,2610.0,15,15,982A,2454,2026-04-30
元大羅東,2600.0,65,66,982A,2454,2026-04-30
元大羅東,2590.0,52,40,982A,2454,2026-04-30
元大羅東,2580.0,3,10,982A,2454,2026-04-30
元大學府,2585.0,100,50,9822,2454,2026-04-30
元大學府,2600.0,0,111,9822,2454,2026-04-30
元大學府,2610.0,10,100,9822,2454,2026-04-30
元大學府,2620.0,290,0,9822,2454,2026-04-30
元大學府,2630.0,0,3,9822,2454,2026-04-30
元大學府,2640.0,10,1,9822,2454,2026-04-30
元大向上,2575.0,1020,0,9824,2454,2026-04-30
元大向上,2585.0,1000,0,9824,2454,2026-04-30
元大向上,2605.0,75,0,9824,2454,2026-04-30
元大向上,2620.0,0,1,9824,2454,2026-04-30
元大向上,2630.0,21,295,9824,2454,2026-04-30
元大向上,2650.0,20,0,9824,2454,2026-04-30
元大潮州,2645.0,0,10,981Z,2454,2026-04-30
元大新營,2575.0,0,1005,9825,2454,2026-04-30
元大新營,2605.0,2,0,9825,2454,2026-04-30
元大新營,2620.0,10,21,9825,2454,2026-04-30
元大新營,2630.0,10,66,9825,2454,2026-04-30
元大新營,2640.0,0,30,9825,2454,2026-04-30
元大永康,2570.0,0,2000,9829,2454,2026-04-30
元大永康,2585.0,84,140,9829,2454,2026-04-30
元大永康,2595.0,3,0,9829,2454,2026-04-30
元大永康,2605.0,56,30,9829,2454,2026-04-30
元大永康,2615.0,3,8,9829,2454,2026-04-30
元大永康,2630.0,1,1160,9829,2454,2026-04-30
元大永康,2640.0,0,10,9829,2454,2026-04-30
元大永康,2675.0,2000,0,9829,2454,2026-04-30
元大新營,2590.0,3,0,9825,2454,2026-04-30
元大屏南,2605.0,20,0,981r,2454,2026-04-30
元大彰化,2575.0,5,0,981G,2454,2026-04-30
元大屏南,2585.0,0,9,981r,2454,2026-04-30
元大西螺,2575.0,1000,0,981i,2454,2026-04-30
元大西螺,2605.0,0,106,981i,2454,2026-04-30
元大西螺,2620.0,0,10,981i,2454,2026-04-30
元大西螺,2630.0,2,120,981i,2454,2026-04-30
元大西螺,2640.0,0,17,981i,2454,2026-04-30
元大西螺,2650.0,0,3,981i,2454,2026-04-30
元大天母,2600.0,50,200,981I,2454,2026-04-30
元大天母,2610.0,1000,0,981I,2454,2026-04-30
元大天母,2620.0,280,1030,981I,2454,2026-04-30
元大天母,2630.0,0,82,981I,2454,2026-04-30
元大天母,2640.0,0,76,981I,2454,2026-04-30
元大天母,2650.0,200,31,981I,2454,2026-04-30
元大天母,2675.0,1000,0,981I,2454,2026-04-30
元大士林,2580.0,1001,15,981j,2454,2026-04-30
元大士林,2590.0,1,0,981j,2454,2026-04-30
元大士林,2600.0,5,0,981j,2454,2026-04-30
元大士林,2610.0,534,1012,981j,2454,2026-04-30
元大士林,2620.0,0,1200,981j,2454,2026-04-30
元大士林,2630.0,111,20,981j,2454,2026-04-30
元大士林,2640.0,0,83,981j,2454,2026-04-30
元大士林,2650.0,1000,1000,981j,2454,2026-04-30
元大士林,2670.0,1000,0,981j,2454,2026-04-30
元大林園,2610.0,0,70,981K,2454,2026-04-30
元大林園,2625.0,0,1,981K,2454,2026-04-30
元大林園,2635.0,4,0,981K,2454,2026-04-30
元大屏生,2665.0,0,1000,981h,2454,2026-04-30
元大屏生,2650.0,0,5,981h,2454,2026-04-30
元大屏生,2635.0,1,20,981h,2454,2026-04-30
元大屏生,2625.0,131,1011,981h,2454,2026-04-30
元大福營,2620.0,15,200,981F,2454,2026-04-30
元大福營,2630.0,2020,135,981F,2454,2026-04-30
元大福營,2640.0,1000,101,981F,2454,2026-04-30
元大福營,2660.0,0,1000,981F,2454,2026-04-30
元大福營,2670.0,1000,0,981F,2454,2026-04-30
元大大里,2580.0,9,10,981g,2454,2026-04-30
元大大里,2590.0,20,0,981g,2454,2026-04-30
元大大里,2600.0,31,155,981g,2454,2026-04-30
元大大里,2610.0,105,139,981g,2454,2026-04-30
元大大里,2620.0,205,1162,981g,2454,2026-04-30
元大大里,2630.0,24,2040,981g,2454,2026-04-30
元大大里,2640.0,0,175,981g,2454,2026-04-30
元大林園,2645.0,0,5,981K,2454,2026-04-30
元大大里,2650.0,0,65,981g,2454,2026-04-30
元大彰化,2585.0,5,60,981G,2454,2026-04-30
元大彰化,2595.0,0,5,981G,2454,2026-04-30
元大彰化,2605.0,4,20,981G,2454,2026-04-30
元大彰化,2620.0,2,157,981G,2454,2026-04-30
元大彰化,2630.0,1000,522,981G,2454,2026-04-30
元大彰化,2640.0,15,47,981G,2454,2026-04-30
元大彰化,2650.0,0,400,981G,2454,2026-04-30
元大彰化,2680.0,1000,0,981G,2454,2026-04-30
元大屏生,2580.0,10,214,981h,2454,2026-04-30
元大屏生,2595.0,0,200,981h,2454,2026-04-30
元大屏生,2605.0,1,0,981h,2454,2026-04-30
元大屏生,2615.0,101,120,981h,2454,2026-04-30
元大四維,2600.0,14,5,9831,2454,2026-04-30
元大莒光,2570.0,1000,0,981L,2454,2026-04-30
元大莒光,2580.0,120,1003,981L,2454,2026-04-30
元大莒光,2590.0,16,0,981L,2454,2026-04-30
元大金門,2610.0,10,50,981N,2454,2026-04-30
元大金門,2620.0,55,6,981N,2454,2026-04-30
元大金門,2630.0,0,35,981N,2454,2026-04-30
元大松山,2575.0,10,0,981p,2454,2026-04-30
元大松山,2585.0,2,0,981p,2454,2026-04-30
元大松山,2595.0,52,0,981p,2454,2026-04-30
元大松山,2610.0,2,7,981p,2454,2026-04-30
元大松山,2620.0,1010,1020,981p,2454,2026-04-30
元大松山,2630.0,1,695,981p,2454,2026-04-30
元大松山,2645.0,1000,101,981p,2454,2026-04-30
元大松山,2670.0,0,1000,981p,2454,2026-04-30
元大萬華,2585.0,0,10,981q,2454,2026-04-30
元大金門,2600.0,10,1000,981N,2454,2026-04-30
元大萬華,2595.0,50,0,981q,2454,2026-04-30
元大萬華,2615.0,0,27,981q,2454,2026-04-30
元大萬華,2625.0,20,1,981q,2454,2026-04-30
元大萬華,2635.0,10,54,981q,2454,2026-04-30
元大萬華,2645.0,0,100,981q,2454,2026-04-30
元大太平,2585.0,53,20,981Q,2454,2026-04-30
元大太平,2600.0,50,6,981Q,2454,2026-04-30
元大太平,2610.0,3,2002,981Q,2454,2026-04-30
元大太平,2620.0,0,113,981Q,2454,2026-04-30
元大太平,2630.0,4,50,981Q,2454,2026-04-30
元大太平,2640.0,0,20,981Q,2454,2026-04-30
元大太平,2650.0,5,50,981Q,2454,2026-04-30
元大太平,2670.0,1000,0,981Q,2454,2026-04-30
元大萬華,2605.0,2000,1,981q,2454,2026-04-30
元大屏南,2595.0,12,1000,981r,2454,2026-04-30
元大金門,2585.0,5,0,981N,2454,2026-04-30
元大旗山,2650.0,2,0,981n,2454,2026-04-30
元大莒光,2600.0,26,2240,981L,2454,2026-04-30
元大莒光,2610.0,15,0,981L,2454,2026-04-30
元大莒光,2620.0,1062,5,981L,2454,2026-04-30
元大莒光,2630.0,2051,1258,981L,2454,2026-04-30
元大莒光,2640.0,4,1068,981L,2454,2026-04-30
元大莒光,2650.0,1,1010,981L,2454,2026-04-30
元大莒光,2660.0,1000,0,981L,2454,2026-04-30
元大前金,2580.0,54,19,981m,2454,2026-04-30
元大前金,2590.0,604,100,981m,2454,2026-04-30
元大前金,2605.0,1028,104,981m,2454,2026-04-30
元大前金,2615.0,0,1010,981m,2454,2026-04-30
元大前金,2625.0,0,166,981m,2454,2026-04-30
元大金門,2575.0,1000,0,981N,2454,2026-04-30
元大前金,2635.0,26,3110,981m,2454,2026-04-30
元大苗栗,2575.0,10,0,981M,2454,2026-04-30
元大苗栗,2585.0,24,0,981M,2454,2026-04-30
元大苗栗,2605.0,0,1000,981M,2454,2026-04-30
元大苗栗,2615.0,3,0,981M,2454,2026-04-30
元大苗栗,2625.0,1000,0,981M,2454,2026-04-30
元大苗栗,2635.0,1,0,981M,2454,2026-04-30
元大旗山,2575.0,23,0,981n,2454,2026-04-30
元大旗山,2595.0,65,1,981n,2454,2026-04-30
元大旗山,2605.0,20,0,981n,2454,2026-04-30
元大旗山,2615.0,2,0,981n,2454,2026-04-30
元大旗山,2625.0,2,3,981n,2454,2026-04-30
元大旗山,2635.0,0,1,981n,2454,2026-04-30
元大前金,2645.0,4,200,981m,2454,2026-04-30
元大四維,2610.0,4033,42,9831,2454,2026-04-30
元大頭份,2615.0,21,20,983U,2454,2026-04-30
元大四維,2630.0,0,2003,9831,2454,2026-04-30
元大館前,2590.0,0,1002,984K,2454,2026-04-30
元大館前,2600.0,1000,10,984K,2454,2026-04-30
元大館前,2610.0,1250,2005,984K,2454,2026-04-30
元大館前,2620.0,275,3001,984K,2454,2026-04-30
元大館前,2630.0,1000,1100,984K,2454,2026-04-30
元大館前,2640.0,0,1025,984K,2454,2026-04-30
元大館前,2650.0,1000,2000,984K,2454,2026-04-30
元大館前,2670.0,0,1000,984K,2454,2026-04-30
元大永春,2580.0,63,201,9852,2454,2026-04-30
元大永春,2590.0,1042,1020,9852,2454,2026-04-30
元大永春,2600.0,0,4,9852,2454,2026-04-30
元大永春,2610.0,72,17,9852,2454,2026-04-30
元大永春,2620.0,1001,5,9852,2454,2026-04-30
元大永春,2630.0,0,185,9852,2454,2026-04-30
元大永春,2640.0,22,13,9852,2454,2026-04-30
元大永春,2650.0,0,1131,9852,2454,2026-04-30
元大永春,2660.0,1000,0,9852,2454,2026-04-30
元大南屯,2580.0,100,3050,9853,2454,2026-04-30
元大南屯,2590.0,3,20,9853,2454,2026-04-30
元大南屯,2600.0,0,7,9853,2454,2026-04-30
元大南屯,2610.0,22,1006,9853,2454,2026-04-30
元大南屯,2620.0,0,80,9853,2454,2026-04-30
元大南屯,2630.0,9011,215,9853,2454,2026-04-30
元大南屯,2640.0,0,20,9853,2454,2026-04-30
元大南屯,2650.0,0,3,9853,2454,2026-04-30
元大館前,2580.0,30,11,984K,2454,2026-04-30
元大景美,2655.0,0,3,984H,2454,2026-04-30
元大景美,2640.0,0,3,984H,2454,2026-04-30
元大景美,2630.0,0,155,984H,2454,2026-04-30
元大德芳,2665.0,0,2000,983W,2454,2026-04-30
元大鳳山,2575.0,0,45,983Z,2454,2026-04-30
元大鳳山,2585.0,86,1000,983Z,2454,2026-04-30
元大鳳山,2595.0,0,2000,983Z,2454,2026-04-30
元大鳳山,2605.0,10,23,983Z,2454,2026-04-30
元大鳳山,2615.0,0,1006,983Z,2454,2026-04-30
元大鳳山,2625.0,29,68,983Z,2454,2026-04-30
元大鳳山,2635.0,1008,0,983Z,2454,2026-04-30
元大鳳山,2650.0,20,1012,983Z,2454,2026-04-30
元大大直,2640.0,0,300,9846,2454,2026-04-30
元大新中,2580.0,1,28,984C,2454,2026-04-30
元大新中,2590.0,60,0,984C,2454,2026-04-30
元大南屯,2665.0,2000,0,9853,2454,2026-04-30
元大新中,2600.0,10,42,984C,2454,2026-04-30
元大新中,2620.0,7,216,984C,2454,2026-04-30
元大新中,2630.0,1000,21,984C,2454,2026-04-30
元大新中,2640.0,0,1,984C,2454,2026-04-30
元大新中,2650.0,0,21,984C,2454,2026-04-30
元大南勢,2595.0,70,0,984E,2454,2026-04-30
元大南勢,2610.0,1005,0,984E,2454,2026-04-30
元大南勢,2635.0,0,10,984E,2454,2026-04-30
元大南勢,2650.0,0,2050,984E,2454,2026-04-30
元大景美,2580.0,1,500,984H,2454,2026-04-30
元大景美,2595.0,0,100,984H,2454,2026-04-30
元大景美,2605.0,0,56,984H,2454,2026-04-30
元大景美,2620.0,0,35,984H,2454,2026-04-30
元大新中,2610.0,16,13,984C,2454,2026-04-30
元大德芳,2655.0,1000,0,983W,2454,2026-04-30
元大興安,2580.0,5054,0,9854,2454,2026-04-30
元大興安,2605.0,20,41,9854,2454,2026-04-30
元大經國,2580.0,120,0,9859,2454,2026-04-30
元大經國,2590.0,1,0,9859,2454,2026-04-30
元大經國,2600.0,106,0,9859,2454,2026-04-30
元大經國,2610.0,15,53,9859,2454,2026-04-30
元大經國,2620.0,401,75,9859,2454,2026-04-30
元大經國,2630.0,1000,3024,9859,2454,2026-04-30
元大經國,2640.0,0,1004,9859,2454,2026-04-30
元大經國,2650.0,5,335,9859,2454,2026-04-30
元大經國,2670.0,2000,0,9859,2454,2026-04-30
元大鳳中,2580.0,50,125,985C,2454,2026-04-30
元大鳳中,2595.0,0,200,985C,2454,2026-04-30
元大鳳中,2605.0,2,0,985C,2454,2026-04-30
元大鳳中,2615.0,0,10,985C,2454,2026-04-30
元大鳳中,2625.0,101,100,985C,2454,2026-04-30
元大鳳中,2635.0,1,1000,985C,2454,2026-04-30
元大鳳中,2650.0,62,0,985C,2454,2026-04-30
元大岡山,2580.0,2,2,985F,2454,2026-04-30
元大岡山,2595.0,1000,0,985F,2454,2026-04-30
元大岡山,2605.0,0,2,985F,2454,2026-04-30
元大岡山,2630.0,0,108,985F,2454,2026-04-30
元大南京,2580.0,50,1,9862,2454,2026-04-30
元大南京,2590.0,1000,2000,9862,2454,2026-04-30
元大南京,2600.0,1075,57,9862,2454,2026-04-30
元大南京,2610.0,1000,18006,9862,2454,2026-04-30
元大南京,2620.0,5002,2001,9862,2454,2026-04-30
元大龍潭,2650.0,1,5,9858,2454,2026-04-30
元大龍潭,2640.0,1000,1228,9858,2454,2026-04-30
元大龍潭,2630.0,0,1128,9858,2454,2026-04-30
元大龍潭,2620.0,1241,121,9858,2454,2026-04-30
元大興安,2615.0,0,13050,9854,2454,2026-04-30
元大興安,2630.0,5,55,9854,2454,2026-04-30
元大興安,2640.0,53,57,9854,2454,2026-04-30
元大興安,2650.0,0,40,9854,2454,2026-04-30
元大花蓮,2575.0,30,0,9856,2454,2026-04-30
元大花蓮,2585.0,56,8,9856,2454,2026-04-30
元大花蓮,2600.0,1000,15,9856,2454,2026-04-30
元大花蓮,2610.0,180,1035,9856,2454,2026-04-30
元大花蓮,2620.0,0,103,9856,2454,2026-04-30
元大花蓮,2630.0,1065,90,9856,2454,2026-04-30
元大花蓮,2640.0,1100,1010,9856,2454,2026-04-30
元大花蓮,2650.0,198,1010,9856,2454,2026-04-30
元大興安,2590.0,2120,0,9854,2454,2026-04-30
元大花蓮,2675.0,1000,1000,9856,2454,2026-04-30
元大蘆洲,2590.0,1006,20,9857,2454,2026-04-30
元大蘆洲,2600.0,3202,30,9857,2454,2026-04-30
元大蘆洲,2610.0,2000,1260,9857,2454,2026-04-30
元大蘆洲,2620.0,26,1149,9857,2454,2026-04-30
元大蘆洲,2630.0,4032,2013,9857,2454,2026-04-30
元大蘆洲,2640.0,5,3100,9857,2454,2026-04-30
元大蘆洲,2650.0,1,2030,9857,2454,2026-04-30
元大蘆洲,2675.0,0,1000,9857,2454,2026-04-30
元大龍潭,2580.0,10,50,9858,2454,2026-04-30
元大龍潭,2590.0,113,5,9858,2454,2026-04-30
元大龍潭,2600.0,305,99,9858,2454,2026-04-30
元大龍潭,2610.0,5,2095,9858,2454,2026-04-30
元大蘆洲,2580.0,1043,1040,9857,2454,2026-04-30
元大德芳,2645.0,0,1,983W,2454,2026-04-30
元大德芳,2635.0,5,5,983W,2454,2026-04-30
元大德芳,2625.0,177,0,983W,2454,2026-04-30
元大北港,2600.0,0,20,9837,2454,2026-04-30
元大北港,2620.0,0,2000,9837,2454,2026-04-30
元大北港,2635.0,0,705,9837,2454,2026-04-30
元大北港,2650.0,0,230,9837,2454,2026-04-30
元大豐原,2580.0,15,0,9838,2454,2026-04-30
元大豐原,2590.0,3,0,9838,2454,2026-04-30
元大豐原,2600.0,1021,30,9838,2454,2026-04-30
元大豐原,2610.0,82,10,9838,2454,2026-04-30
元大豐原,2620.0,2,130,9838,2454,2026-04-30
元大豐原,2630.0,0,55,9838,2454,2026-04-30
元大豐原,2640.0,0,4020,9838,2454,2026-04-30
元大豐原,2650.0,2,2,9838,2454,2026-04-30
元大林森,2575.0,1,200,983B,2454,2026-04-30
元大林森,2590.0,10,1000,983B,2454,2026-04-30
元大林森,2600.0,1000,0,983B,2454,2026-04-30
元大林森,2610.0,10,1000,983B,2454,2026-04-30
元大林森,2620.0,5,100,983B,2454,2026-04-30
元大林森,2630.0,10,103,983B,2454,2026-04-30
元大林森,2640.0,0,1,983B,2454,2026-04-30
元大林森,2650.0,0,50,983B,2454,2026-04-30
元大竹東,2580.0,0,16,983f,2454,2026-04-30
元大竹東,2595.0,10,0,983f,2454,2026-04-30
元大竹東,2610.0,0,100,983f,2454,2026-04-30
元大竹東,2640.0,0,100,983f,2454,2026-04-30
元大竹東,2660.0,0,1000,983f,2454,2026-04-30
元大北港,2580.0,0,60,9837,2454,2026-04-30
元大中山,2665.0,7000,0,9835,2454,2026-04-30
元大中山,2650.0,30,10,9835,2454,2026-04-30
元大中山,2635.0,0,1030,9835,2454,2026-04-30
元大四維,2640.0,0,22,9831,2454,2026-04-30
元大四維,2650.0,0,1205,9831,2454,2026-04-30
元大敦化,2575.0,50,0,9833,2454,2026-04-30
元大敦化,2585.0,147,0,9833,2454,2026-04-30
元大敦化,2595.0,10,0,9833,2454,2026-04-30
元大敦化,2610.0,0,111,9833,2454,2026-04-30
元大敦化,2620.0,0,100,9833,2454,2026-04-30
元大敦化,2630.0,1040,50,9833,2454,2026-04-30
元大敦化,2640.0,0,30,9833,2454,2026-04-30
元大敦化,2650.0,0,2,9833,2454,2026-04-30
元大敦化,2660.0,1000,0,9833,2454,2026-04-30
元大中壢,2575.0,2436,50,9834,2454,2026-04-30
元大上新,2580.0,30,60,983G,2454,2026-04-30
元大中壢,2585.0,4,15,9834,2454,2026-04-30
元大中壢,2605.0,13,2050,9834,2454,2026-04-30
元大中壢,2615.0,5,62,9834,2454,2026-04-30
元大中壢,2625.0,1175,1102,9834,2454,2026-04-30
元大中壢,2635.0,1020,1135,9834,2454,2026-04-30
元大中壢,2645.0,1050,1,9834,2454,2026-04-30
元大中壢,2655.0,50,2001,9834,2454,2026-04-30
元大中山,2575.0,10,0,9835,2454,2026-04-30
元大中山,2585.0,0,3,9835,2454,2026-04-30
元大中山,2595.0,0,1020,9835,2454,2026-04-30
元大中山,2605.0,0,3005,9835,2454,2026-04-30
元大中山,2615.0,12,2000,9835,2454,2026-04-30
元大中山,2625.0,20,1,9835,2454,2026-04-30
元大中壢,2595.0,0,101,9834,2454,2026-04-30
元大上新,2595.0,0,10,983G,2454,2026-04-30
元大上新,2605.0,0,45,983G,2454,2026-04-30
元大上新,2615.0,15,56,983G,2454,2026-04-30
元大木柵,2590.0,15,0,983M,2454,2026-04-30
元大木柵,2605.0,110,1000,983M,2454,2026-04-30
元大木柵,2625.0,0,30,983M,2454,2026-04-30
元大大安,2595.0,5,0,983N,2454,2026-04-30
元大大安,2605.0,0,2143,983N,2454,2026-04-30
元大大安,2615.0,10,0,983N,2454,2026-04-30
元大大安,2625.0,0,3055,983N,2454,2026-04-30
元大大安,2635.0,10,10,983N,2454,2026-04-30
元大大安,2645.0,2000,0,983N,2454,2026-04-30
元大頭份,2580.0,20,0,983U,2454,2026-04-30
元大頭份,2590.0,0,15,983U,2454,2026-04-30
元大頭份,2605.0,29,30,983U,2454,2026-04-30
元大木柵,2580.0,70,40,983M,2454,2026-04-30
元大福營,2610.0,25,2080,981F,2454,2026-04-30
元大頭份,2635.0,0,60,983U,2454,2026-04-30
元大頭份,2645.0,1,0,983U,2454,2026-04-30
元大竹南,2590.0,16,0,983V,2454,2026-04-30
元大竹南,2605.0,200,20,983V,2454,2026-04-30
元大竹南,2615.0,0,15,983V,2454,2026-04-30
元大竹南,2625.0,0,3740,983V,2454,2026-04-30
元大竹南,2635.0,60,20,983V,2454,2026-04-30
元大竹南,2650.0,0,49,983V,2454,2026-04-30
元大德芳,2585.0,4017,0,983W,2454,2026-04-30
元大德芳,2595.0,1,6000,983W,2454,2026-04-30
元大德芳,2605.0,2,2,983W,2454,2026-04-30
元大德芳,2615.0,6,20,983W,2454,2026-04-30
元大頭份,2625.0,35,18,983U,2454,2026-04-30
元大四維,2620.0,20,1002,9831,2454,2026-04-30
元大學甲,2655.0,20,0,983K,2454,2026-04-30
元大學甲,2630.0,0,14,983K,2454,2026-04-30
元大上新,2625.0,1005,41,983G,2454,2026-04-30
元大上新,2635.0,0,1081,983G,2454,2026-04-30
元大上新,2645.0,0,20,983G,2454,2026-04-30
元大上新,2665.0,1000,0,983G,2454,2026-04-30
元大大雅,2580.0,1075,1015,983i,2454,2026-04-30
元大大雅,2590.0,2,2010,983i,2454,2026-04-30
元大大雅,2600.0,2867,1026,983i,2454,2026-04-30
元大大雅,2610.0,117,67,983i,2454,2026-04-30
元大大雅,2620.0,41,60,983i,2454,2026-04-30
元大大雅,2630.0,1000,1000,983i,2454,2026-04-30
元大大雅,2640.0,10,0,983i,2454,2026-04-30
元大大雅,2650.0,0,40,983i,2454,2026-04-30
元大學甲,2645.0,0,4,983K,2454,2026-04-30
元大大雅,2665.0,0,1000,983i,2454,2026-04-30
元大仁愛,2580.0,104,0,983j,2454,2026-04-30
元大仁愛,2590.0,0,100,983j,2454,2026-04-30
元大仁愛,2605.0,300,0,983j,2454,2026-04-30
元大仁愛,2615.0,60,1000,983j,2454,2026-04-30
元大仁愛,2625.0,0,1035,983j,2454,2026-04-30
元大仁愛,2635.0,0,3,983j,2454,2026-04-30
元大仁愛,2650.0,0,2001,983j,2454,2026-04-30
元大學甲,2580.0,26,0,983K,2454,2026-04-30
元大學甲,2590.0,5,0,983K,2454,2026-04-30
元大學甲,2600.0,1001,0,983K,2454,2026-04-30
元大學甲,2610.0,10,0,983K,2454,2026-04-30
元大學甲,2620.0,0,60,983K,2454,2026-04-30
元大大雅,2680.0,1000,0,983i,2454,2026-04-30
元大福營,2595.0,5,0,981F,2454,2026-04-30
元大西屯,2625.0,0,20,980w,2454,2026-04-30
元大發財,2655.0,1,0,981E,2454,2026-04-30
富邦新店,2605.0,1013,1090,9661,2454,2026-04-30
富邦新店,2615.0,2117,62,9661,2454,2026-04-30
富邦新店,2625.0,3030,1320,9661,2454,2026-04-30
富邦新店,2635.0,3043,365,9661,2454,2026-04-30
富邦新店,2645.0,0,102,9661,2454,2026-04-30
富邦新店,2655.0,1101,1015,9661,2454,2026-04-30
富邦新店,2670.0,1000,0,9661,2454,2026-04-30
富邦敦南,2575.0,0,50,9663,2454,2026-04-30
富邦敦南,2585.0,303,1330,9663,2454,2026-04-30
富邦敦南,2595.0,1030,100,9663,2454,2026-04-30
富邦敦南,2605.0,35052,1140,9663,2454,2026-04-30
富邦敦南,2615.0,200,2100,9663,2454,2026-04-30
富邦敦南,2625.0,181,155,9663,2454,2026-04-30
富邦敦南,2635.0,1100,1123,9663,2454,2026-04-30
富邦敦南,2645.0,100,101,9663,2454,2026-04-30
富邦敦南,2655.0,0,20,9663,2454,2026-04-30
富邦敦南,2670.0,1000,0,9663,2454,2026-04-30
富邦桃園,2580.0,303,0,9665,2454,2026-04-30
富邦桃園,2590.0,1050,1000,9665,2454,2026-04-30
富邦桃園,2600.0,203,0,9665,2454,2026-04-30
富邦桃園,2610.0,20,2507,9665,2454,2026-04-30
富邦桃園,2620.0,1220,3087,9665,2454,2026-04-30
富邦桃園,2630.0,331,55,9665,2454,2026-04-30
富邦桃園,2640.0,150,2128,9665,2454,2026-04-30
富邦桃園,2665.0,2000,0,9665,2454,2026-04-30
富邦新店,2595.0,1000,2060,9661,2454,2026-04-30
富邦新店,2585.0,55,1,9661,2454,2026-04-30
富邦新店,2575.0,1104,0,9661,2454,2026-04-30
富邦彰化,2650.0,0,50,965U,2454,2026-04-30
富邦建國,2620.0,804,466,9658,2454,2026-04-30
富邦建國,2630.0,2026,2161,9658,2454,2026-04-30
富邦建國,2640.0,0,2230,9658,2454,2026-04-30
富邦建國,2650.0,2000,2015,9658,2454,2026-04-30
富邦建國,2665.0,0,10000,9658,2454,2026-04-30
富邦高雄,2580.0,20,155,9659,2454,2026-04-30
富邦高雄,2590.0,23,200,9659,2454,2026-04-30
富邦高雄,2600.0,1011,64,9659,2454,2026-04-30
富邦高雄,2610.0,112,12,9659,2454,2026-04-30
富邦高雄,2620.0,10,7,9659,2454,2026-04-30
富邦高雄,2630.0,1100,1325,9659,2454,2026-04-30
富邦高雄,2640.0,0,7,9659,2454,2026-04-30
富邦南屯,2580.0,16,0,9666,2454,2026-04-30
富邦高雄,2650.0,0,2090,9659,2454,2026-04-30
富邦台中,2575.0,2,0,965K,2454,2026-04-30
富邦台中,2585.0,45,20,965K,2454,2026-04-30
富邦台中,2595.0,1022,0,965K,2454,2026-04-30
富邦台中,2605.0,100,163,965K,2454,2026-04-30
富邦台中,2615.0,2,5,965K,2454,2026-04-30
富邦台中,2625.0,126,10,965K,2454,2026-04-30
富邦台中,2635.0,20,485,965K,2454,2026-04-30
富邦台中,2650.0,0,20,965K,2454,2026-04-30
富邦彰化,2580.0,6,1000,965U,2454,2026-04-30
富邦彰化,2610.0,8,1080,965U,2454,2026-04-30
富邦彰化,2625.0,30,101,965U,2454,2026-04-30
富邦彰化,2635.0,0,1,965U,2454,2026-04-30
富邦高雄,2665.0,0,1000,9659,2454,2026-04-30
富邦建國,2610.0,1283,1131,9658,2454,2026-04-30
富邦南屯,2590.0,87,1032,9666,2454,2026-04-30
富邦南屯,2615.0,0,75,9666,2454,2026-04-30
富邦仁愛,2580.0,2081,1135,9676,2454,2026-04-30
富邦仁愛,2590.0,2113,4,9676,2454,2026-04-30
富邦仁愛,2600.0,278,0,9676,2454,2026-04-30
富邦仁愛,2610.0,10010,2237,9676,2454,2026-04-30
富邦仁愛,2620.0,270,1085,9676,2454,2026-04-30
富邦仁愛,2630.0,3082,469,9676,2454,2026-04-30
富邦仁愛,2640.0,80,2160,9676,2454,2026-04-30
富邦仁愛,2650.0,1161,1295,9676,2454,2026-04-30
富邦仁愛,2665.0,0,21000,9676,2454,2026-04-30
富邦仁愛,2675.0,1000,0,9676,2454,2026-04-30
富邦三重,2580.0,1001,20,9677,2454,2026-04-30
富邦三重,2590.0,1,50,9677,2454,2026-04-30
富邦三重,2600.0,0,155,9677,2454,2026-04-30
富邦三重,2610.0,2,296,9677,2454,2026-04-30
富邦三重,2620.0,300,122,9677,2454,2026-04-30
富邦三重,2630.0,205,116,9677,2454,2026-04-30
富邦三重,2640.0,0,10,9677,2454,2026-04-30
富邦三重,2650.0,0,2000,9677,2454,2026-04-30
富邦宜蘭,2575.0,0,100,9686,2454,2026-04-30
富邦宜蘭,2585.0,0,215,9686,2454,2026-04-30
富邦宜蘭,2600.0,10,9002,9686,2454,2026-04-30
富邦宜蘭,2610.0,505,0,9686,2454,2026-04-30
富邦宜蘭,2620.0,0,1025,9686,2454,2026-04-30
富邦宜蘭,2630.0,0,50,9686,2454,2026-04-30
富邦宜蘭,2640.0,0,240,9686,2454,2026-04-30
富邦員林,2655.0,10,10,9672,2454,2026-04-30
富邦員林,2640.0,10,1030,9672,2454,2026-04-30
富邦員林,2630.0,5000,478,9672,2454,2026-04-30
富邦員林,2620.0,0,11,9672,2454,2026-04-30
富邦南屯,2625.0,23,25,9666,2454,2026-04-30
富邦南屯,2635.0,5,72,9666,2454,2026-04-30
富邦南屯,2645.0,20,10010,9666,2454,2026-04-30
富邦南屯,2655.0,1000,5,9666,2454,2026-04-30
富邦台南,2575.0,0,10,9667,2454,2026-04-30
富邦台南,2585.0,90,50,9667,2454,2026-04-30
富邦台南,2595.0,18,21,9667,2454,2026-04-30
富邦台南,2605.0,36,40,9667,2454,2026-04-30
富邦台南,2615.0,120,2,9667,2454,2026-04-30
富邦台南,2625.0,260,1538,9667,2454,2026-04-30
富邦台南,2635.0,120,123,9667,2454,2026-04-30
富邦台南,2645.0,20,0,9667,2454,2026-04-30
富邦南屯,2605.0,10,20,9666,2454,2026-04-30
富邦台南,2655.0,1020,2,9667,2454,2026-04-30
富邦左營,2580.0,151,5,966F,2454,2026-04-30
富邦左營,2595.0,100,0,966F,2454,2026-04-30
富邦左營,2605.0,0,18,966F,2454,2026-04-30
富邦左營,2615.0,30,23,966F,2454,2026-04-30
富邦左營,2625.0,14,74,966F,2454,2026-04-30
富邦左營,2635.0,2,1,966F,2454,2026-04-30
富邦左營,2645.0,0,15,966F,2454,2026-04-30
富邦左營,2655.0,0,1,966F,2454,2026-04-30
富邦員林,2580.0,10,200,9672,2454,2026-04-30
富邦員林,2590.0,115,0,9672,2454,2026-04-30
富邦員林,2600.0,1,1001,9672,2454,2026-04-30
富邦員林,2610.0,22,10,9672,2454,2026-04-30
富邦台南,2680.0,0,1000,9667,2454,2026-04-30
富邦建國,2600.0,2720,155,9658,2454,2026-04-30
富邦建國,2590.0,390,4541,9658,2454,2026-04-30
富邦建國,2580.0,2328,15,9658,2454,2026-04-30
富邦三峽,2585.0,50,0,962J,2454,2026-04-30
富邦三峽,2615.0,0,25,962J,2454,2026-04-30
富邦三峽,2625.0,0,5,962J,2454,2026-04-30
富邦三峽,2650.0,0,1,962J,2454,2026-04-30
富邦頭份,2575.0,1000,0,962P,2454,2026-04-30
富邦頭份,2585.0,1330,0,962P,2454,2026-04-30
富邦頭份,2595.0,0,1000,962P,2454,2026-04-30
富邦頭份,2605.0,6,1000,962P,2454,2026-04-30
富邦頭份,2615.0,0,5,962P,2454,2026-04-30
富邦頭份,2625.0,0,1021,962P,2454,2026-04-30
富邦頭份,2635.0,2005,2110,962P,2454,2026-04-30
富邦頭份,2650.0,50,5,962P,2454,2026-04-30
富邦頭份,2675.0,1000,0,962P,2454,2026-04-30
富邦北高,2590.0,1000,50,962Q,2454,2026-04-30
富邦北高,2600.0,7,52,962Q,2454,2026-04-30
富邦北高,2610.0,0,432,962Q,2454,2026-04-30
富邦北高,2620.0,0,1031,962Q,2454,2026-04-30
富邦北高,2630.0,0,1030,962Q,2454,2026-04-30
富邦北高,2650.0,0,2000,962Q,2454,2026-04-30
富邦羅東,2575.0,100,0,9634,2454,2026-04-30
富邦羅東,2585.0,1,10,9634,2454,2026-04-30
富邦羅東,2595.0,5,0,9634,2454,2026-04-30
富邦羅東,2605.0,32,0,9634,2454,2026-04-30
富邦羅東,2615.0,4,51,9634,2454,2026-04-30
富邦羅東,2625.0,20,238,9634,2454,2026-04-30
富邦三峽,2575.0,10,0,962J,2454,2026-04-30
富邦斗六,2635.0,10,0,962G,2454,2026-04-30
富邦斗六,2625.0,2000,40,962G,2454,2026-04-30
富邦斗六,2615.0,10,0,962G,2454,2026-04-30
元大小港,2605.0,5,10,989Z,2454,2026-04-30
富邦竹科,2590.0,555,0,962C,2454,2026-04-30
富邦竹科,2605.0,6055,2005,962C,2454,2026-04-30
富邦竹科,2615.0,100,122,962C,2454,2026-04-30
富邦竹科,2625.0,92,128,962C,2454,2026-04-30
富邦竹科,2635.0,2000,1152,962C,2454,2026-04-30
富邦竹科,2645.0,0,1230,962C,2454,2026-04-30
富邦竹科,2655.0,1000,2004,962C,2454,2026-04-30
富邦竹科,2675.0,1000,0,962C,2454,2026-04-30
富邦新莊,2585.0,280,1005,962D,2454,2026-04-30
富邦新莊,2595.0,40,1,962D,2454,2026-04-30
富邦新莊,2610.0,0,60,962D,2454,2026-04-30
富邦羅東,2635.0,5,421,9634,2454,2026-04-30
富邦新莊,2625.0,20,8010,962D,2454,2026-04-30
富邦新莊,2650.0,1000,0,962D,2454,2026-04-30
富邦新莊,2660.0,1000,0,962D,2454,2026-04-30
富邦樹林,2580.0,3,50,962E,2454,2026-04-30
富邦樹林,2600.0,1000,15,962E,2454,2026-04-30
富邦樹林,2610.0,0,1000,962E,2454,2026-04-30
富邦樹林,2620.0,20,1250,962E,2454,2026-04-30
富邦樹林,2630.0,1000,0,962E,2454,2026-04-30
富邦樹林,2640.0,0,2,962E,2454,2026-04-30
富邦樹林,2665.0,1000,0,962E,2454,2026-04-30
富邦斗六,2585.0,10,0,962G,2454,2026-04-30
富邦斗六,2595.0,20,0,962G,2454,2026-04-30
富邦斗六,2605.0,20,0,962G,2454,2026-04-30
富邦新莊,2635.0,1005,199,962D,2454,2026-04-30
富邦羅東,2645.0,8,21,9634,2454,2026-04-30
富邦羅東,2655.0,0,1001,9634,2454,2026-04-30
富邦中壢,2580.0,90,50,9636,2454,2026-04-30
富邦永和,2585.0,205,26,9654,2454,2026-04-30
富邦永和,2595.0,1,50,9654,2454,2026-04-30
富邦永和,2605.0,2000,75,9654,2454,2026-04-30
富邦永和,2615.0,5,23,9654,2454,2026-04-30
富邦永和,2625.0,1145,1222,9654,2454,2026-04-30
富邦永和,2635.0,4310,68,9654,2454,2026-04-30
富邦永和,2645.0,0,2001,9654,2454,2026-04-30
富邦永和,2655.0,2000,2002,9654,2454,2026-04-30
富邦永和,2675.0,1000,0,9654,2454,2026-04-30
富邦板橋,2580.0,1016,100,9655,2454,2026-04-30
富邦板橋,2590.0,86,20,9655,2454,2026-04-30
富邦板橋,2600.0,1181,20,9655,2454,2026-04-30
富邦永和,2575.0,1100,2000,9654,2454,2026-04-30
富邦板橋,2610.0,4021,2347,9655,2454,2026-04-30
富邦板橋,2630.0,1088,2204,9655,2454,2026-04-30
富邦板橋,2640.0,0,1053,9655,2454,2026-04-30
富邦板橋,2650.0,1,1091,9655,2454,2026-04-30
富邦板橋,2660.0,1000,0,9655,2454,2026-04-30
富邦板橋,2680.0,0,1000,9655,2454,2026-04-30
富邦苗栗,2580.0,180,0,9657,2454,2026-04-30
富邦苗栗,2590.0,0,15,9657,2454,2026-04-30
富邦苗栗,2600.0,10,0,9657,2454,2026-04-30
富邦苗栗,2610.0,11,20,9657,2454,2026-04-30
富邦苗栗,2620.0,1,104,9657,2454,2026-04-30
富邦苗栗,2630.0,1000,3,9657,2454,2026-04-30
富邦苗栗,2640.0,0,24,9657,2454,2026-04-30
富邦板橋,2620.0,122,1028,9655,2454,2026-04-30
富邦宜蘭,2650.0,0,1015,9686,2454,2026-04-30
富邦新竹,2675.0,1000,0,9647,2454,2026-04-30
富邦新竹,2640.0,2000,5,9647,2454,2026-04-30
富邦中壢,2590.0,1001,0,9636,2454,2026-04-30
富邦中壢,2600.0,600,30,9636,2454,2026-04-30
富邦中壢,2610.0,190,3053,9636,2454,2026-04-30
富邦中壢,2620.0,550,1198,9636,2454,2026-04-30
富邦中壢,2630.0,2213,110,9636,2454,2026-04-30
富邦中壢,2640.0,0,100,9636,2454,2026-04-30
富邦中壢,2655.0,1150,100,9636,2454,2026-04-30
富邦中壢,2670.0,1000,0,9636,2454,2026-04-30
富邦八德,2585.0,122,0,963A,2454,2026-04-30
富邦八德,2595.0,1,0,963A,2454,2026-04-30
富邦八德,2605.0,1000,0,963A,2454,2026-04-30
富邦八德,2615.0,10,2,963A,2454,2026-04-30
富邦新竹,2650.0,0,2210,9647,2454,2026-04-30
富邦八德,2625.0,0,186,963A,2454,2026-04-30
富邦八德,2645.0,0,100,963A,2454,2026-04-30
富邦八德,2655.0,0,50,963A,2454,2026-04-30
富邦豐原,2585.0,0,10,963L,2454,2026-04-30
富邦豐原,2605.0,200,80,963L,2454,2026-04-30
富邦豐原,2630.0,0,1010,963L,2454,2026-04-30
富邦豐原,2650.0,0,10,963L,2454,2026-04-30
富邦新竹,2580.0,276,17,9647,2454,2026-04-30
富邦新竹,2590.0,121,1102,9647,2454,2026-04-30
富邦新竹,2600.0,4035,140,9647,2454,2026-04-30
富邦新竹,2610.0,311,1095,9647,2454,2026-04-30
富邦新竹,2620.0,77,3195,9647,2454,2026-04-30
富邦新竹,2630.0,1242,4340,9647,2454,2026-04-30
富邦八德,2635.0,0,100,963A,2454,2026-04-30
富邦嘉義,2575.0,1000,0,9692,2454,2026-04-30
富邦嘉義,2585.0,2,50,9692,2454,2026-04-30
富邦嘉義,2595.0,18,0,9692,2454,2026-04-30
元大中崙,2605.0,0,305,9813,2454,2026-04-30
元大中崙,2615.0,0,8,9813,2454,2026-04-30
元大中崙,2625.0,94,70,9813,2454,2026-04-30
元大中崙,2635.0,120,107,9813,2454,2026-04-30
元大中崙,2645.0,50,0,9813,2454,2026-04-30
元大中崙,2655.0,0,1000,9813,2454,2026-04-30
元大中崙,2675.0,0,1000,9813,2454,2026-04-30
元大大益,2580.0,50,0,9814,2454,2026-04-30
元大大益,2590.0,1000,0,9814,2454,2026-04-30
元大大益,2605.0,0,7,9814,2454,2026-04-30
元大大益,2615.0,25,7,9814,2454,2026-04-30
元大大益,2625.0,1000,75,9814,2454,2026-04-30
元大大益,2640.0,2,20,9814,2454,2026-04-30
元大大益,2675.0,1000,0,9814,2454,2026-04-30
元大大灣,2580.0,5,12,9815,2454,2026-04-30
元大大灣,2590.0,2,28,9815,2454,2026-04-30
元大大灣,2600.0,0,10,9815,2454,2026-04-30
元大大灣,2620.0,5,8,9815,2454,2026-04-30
元大大灣,2630.0,46,300,9815,2454,2026-04-30
元大大灣,2645.0,1,20,9815,2454,2026-04-30
元大新竹,2575.0,1000,120,9816,2454,2026-04-30
元大新竹,2590.0,22,0,9816,2454,2026-04-30
元大新竹,2600.0,1000,1020,9816,2454,2026-04-30
元大新竹,2610.0,1090,1245,9816,2454,2026-04-30
元大新竹,2620.0,62,1201,9816,2454,2026-04-30
元大中崙,2595.0,0,200,9813,2454,2026-04-30
元大中崙,2585.0,1,1,9813,2454,2026-04-30
元大中崙,2575.0,1000,0,9813,2454,2026-04-30
元大台中,2665.0,1000,1000,9812,2454,2026-04-30
元大南海,2630.0,5,0,980R,2454,2026-04-30
元大府城,2575.0,1,0,980u,2454,2026-04-30
元大府城,2585.0,1000,30,980u,2454,2026-04-30
元大府城,2595.0,80,0,980u,2454,2026-04-30
元大府城,2610.0,865,25,980u,2454,2026-04-30
元大府城,2620.0,0,53,980u,2454,2026-04-30
元大府城,2630.0,0,183,980u,2454,2026-04-30
元大府城,2640.0,0,1023,980u,2454,2026-04-30
元大府城,2650.0,0,55,980u,2454,2026-04-30
元大西屯,2580.0,20,0,980w,2454,2026-04-30
元大西屯,2595.0,560,0,980w,2454,2026-04-30
元大西屯,2605.0,341,40,980w,2454,2026-04-30
元大新竹,2630.0,0,10,9816,2454,2026-04-30
元大西屯,2615.0,9,60,980w,2454,2026-04-30
元大西屯,2635.0,2,50,980w,2454,2026-04-30
元大西屯,2645.0,0,5,980w,2454,2026-04-30
元大西屯,2655.0,3,0,980w,2454,2026-04-30
元大台中,2575.0,1,1000,9812,2454,2026-04-30
元大台中,2585.0,13,90,9812,2454,2026-04-30
元大台中,2595.0,13,1000,9812,2454,2026-04-30
元大台中,2605.0,3000,1115,9812,2454,2026-04-30
元大台中,2615.0,1,1000,9812,2454,2026-04-30
元大台中,2625.0,170,101,9812,2454,2026-04-30
元大台中,2635.0,0,20,9812,2454,2026-04-30
元大台中,2645.0,10,0,9812,2454,2026-04-30
元大台中,2655.0,0,5,9812,2454,2026-04-30
元大南京,2630.0,3002,1525,9862,2454,2026-04-30
元大新竹,2640.0,80,1,9816,2454,2026-04-30
元大新竹,2650.0,1,2,9816,2454,2026-04-30
元大新竹,2665.0,1000,0,9816,2454,2026-04-30
元大路竹,2575.0,30,2,981C,2454,2026-04-30
元大路竹,2585.0,20,3,981C,2454,2026-04-30
元大路竹,2605.0,0,110,981C,2454,2026-04-30
元大路竹,2615.0,30,26,981C,2454,2026-04-30
元大路竹,2625.0,85,15,981C,2454,2026-04-30
元大路竹,2640.0,0,3000,981C,2454,2026-04-30
元大南投,2585.0,0,13,981D,2454,2026-04-30
元大南投,2595.0,10,0,981D,2454,2026-04-30
元大南投,2605.0,0,15,981D,2454,2026-04-30
元大南投,2615.0,60,1,981D,2454,2026-04-30
元大南投,2625.0,100,55,981D,2454,2026-04-30
元大南投,2635.0,1000,1010,981D,2454,2026-04-30
元大竹北,2665.0,0,1000,981B,2454,2026-04-30
元大南投,2655.0,0,10,981D,2454,2026-04-30
元大佳里,2590.0,6,0,981e,2454,2026-04-30
元大佳里,2605.0,0,10,981e,2454,2026-04-30
元大佳里,2615.0,0,1,981e,2454,2026-04-30
元大佳里,2630.0,0,62,981e,2454,2026-04-30
元大佳里,2650.0,0,50,981e,2454,2026-04-30
元大發財,2580.0,1,0,981E,2454,2026-04-30
元大發財,2595.0,20,0,981E,2454,2026-04-30
元大發財,2605.0,12,0,981E,2454,2026-04-30
元大發財,2615.0,6,0,981E,2454,2026-04-30
元大發財,2625.0,0,81,981E,2454,2026-04-30
元大發財,2635.0,0,70,981E,2454,2026-04-30
元大發財,2645.0,0,21,981E,2454,2026-04-30
元大佳里,2580.0,13,105,981e,2454,2026-04-30
元大南海,2610.0,0,1015,980R,2454,2026-04-30
元大竹北,2655.0,5,0,981B,2454,2026-04-30
元大竹北,2635.0,1120,104,981B,2454,2026-04-30
元大東泰,2585.0,120,0,9817,2454,2026-04-30
元大東泰,2600.0,1,20,9817,2454,2026-04-30
元大東泰,2610.0,0,855,9817,2454,2026-04-30
元大東泰,2620.0,150,700,9817,2454,2026-04-30
元大東泰,2630.0,1000,0,9817,2454,2026-04-30
元大東泰,2655.0,0,1050,9817,2454,2026-04-30
元大歸仁,2575.0,1,40,981a,2454,2026-04-30
元大歸仁,2585.0,1,500,981a,2454,2026-04-30
元大歸仁,2595.0,1,0,981a,2454,2026-04-30
元大歸仁,2605.0,0,10,981a,2454,2026-04-30
元大歸仁,2615.0,0,72,981a,2454,2026-04-30
元大歸仁,2625.0,0,5,981a,2454,2026-04-30
元大竹北,2645.0,1000,0,981B,2454,2026-04-30
元大歸仁,2635.0,0,10,981a,2454,2026-04-30
元大三峽,2580.0,15,0,981A,2454,2026-04-30
元大三峽,2600.0,1050,0,981A,2454,2026-04-30
元大三峽,2610.0,0,10,981A,2454,2026-04-30
元大三峽,2625.0,0,1,981A,2454,2026-04-30
元大三峽,2635.0,0,5,981A,2454,2026-04-30
元大三峽,2650.0,1,1028,981A,2454,2026-04-30
元大竹北,2575.0,3103,0,981B,2454,2026-04-30
元大竹北,2585.0,6,13,981B,2454,2026-04-30
元大竹北,2595.0,9,2,981B,2454,2026-04-30
元大竹北,2605.0,5,10,981B,2454,2026-04-30
元大竹北,2615.0,10,0,981B,2454,2026-04-30
元大竹北,2625.0,315,1000,981B,2454,2026-04-30
元大歸仁,2645.0,0,20,981a,2454,2026-04-30
元大福營,2580.0,61,0,981F,2454,2026-04-30
元大南海,2595.0,1,0,980R,2454,2026-04-30
元大南崁,2630.0,0,1001,980Q,2454,2026-04-30
元大,2610.0,229584,52026,9800,2454,2026-04-30
元大,2620.0,24703,62888,9800,2454,2026-04-30
元大,2630.0,128440,118766,9800,2454,2026-04-30
元大,2640.0,42495,23123,9800,2454,2026-04-30
元大,2650.0,48696,10022,9800,2454,2026-04-30
元大,2660.0,4000,17000,9800,2454,2026-04-30
元大,2670.0,4000,17000,9800,2454,2026-04-30
元大,2680.0,1000,3000,9800,2454,2026-04-30
元大松江,2580.0,1000,0,9801,2454,2026-04-30
元大松江,2590.0,10,0,9801,2454,2026-04-30
元大松江,2605.0,500,0,9801,2454,2026-04-30
元大松江,2620.0,1100,0,9801,2454,2026-04-30
元大松江,2630.0,1000,1250,9801,2454,2026-04-30
元大松江,2640.0,2,7,9801,2454,2026-04-30
元大松江,2650.0,0,1010,9801,2454,2026-04-30
元大中北,2575.0,1010,1,980a,2454,2026-04-30
元大中北,2585.0,0,45,980a,2454,2026-04-30
元大中北,2595.0,2000,100,980a,2454,2026-04-30
元大中北,2605.0,4100,7000,980a,2454,2026-04-30
元大中北,2615.0,2000,2020,980a,2454,2026-04-30
元大中北,2625.0,2023,22,980a,2454,2026-04-30
元大中北,2635.0,5,2027,980a,2454,2026-04-30
元大中北,2645.0,0,1110,980a,2454,2026-04-30
元大中北,2660.0,1000,0,980a,2454,2026-04-30
元大中北,2675.0,3000,0,980a,2454,2026-04-30
元大,2600.0,14946,21540,9800,2454,2026-04-30
元大,2590.0,27001,143790,9800,2454,2026-04-30
元大,2580.0,82396,129444,9800,2454,2026-04-30
元大,2570.0,9000,1000,9800,2454,2026-04-30
富邦嘉義,2605.0,2,250,9692,2454,2026-04-30
富邦嘉義,2615.0,200,2186,9692,2454,2026-04-30
富邦嘉義,2625.0,21,250,9692,2454,2026-04-30
富邦嘉義,2635.0,6,3101,9692,2454,2026-04-30
富邦嘉義,2645.0,0,100,9692,2454,2026-04-30
富邦嘉義,2655.0,1000,0,9692,2454,2026-04-30
富邦嘉義,2670.0,0,1000,9692,2454,2026-04-30
富邦新營,2580.0,10,70,9693,2454,2026-04-30
富邦新營,2595.0,2010,0,9693,2454,2026-04-30
富邦新營,2605.0,384,0,9693,2454,2026-04-30
富邦新營,2615.0,0,1000,9693,2454,2026-04-30
富邦新營,2625.0,58,3005,9693,2454,2026-04-30
元大斗六,2590.0,0,30,980C,2454,2026-04-30
富邦新營,2635.0,1005,80,9693,2454,2026-04-30
富邦新營,2670.0,1000,0,9693,2454,2026-04-30
富邦虎尾,2580.0,1050,0,9697,2454,2026-04-30
富邦虎尾,2600.0,1,10,9697,2454,2026-04-30
富邦虎尾,2615.0,0,10,9697,2454,2026-04-30
富邦虎尾,2625.0,1032,101,9697,2454,2026-04-30
富邦虎尾,2640.0,0,100,9697,2454,2026-04-30
富邦虎尾,2665.0,0,4000,9697,2454,2026-04-30
富邦北港,2600.0,10,0,969C,2454,2026-04-30
富邦北港,2610.0,4,0,969C,2454,2026-04-30
富邦北港,2625.0,0,105,969C,2454,2026-04-30
富邦北港,2635.0,0,20,969C,2454,2026-04-30
富邦北港,2680.0,0,2000,969C,2454,2026-04-30
富邦新營,2650.0,1000,10,9693,2454,2026-04-30
元大斗六,2600.0,0,10030,980C,2454,2026-04-30
元大斗六,2610.0,60,10,980C,2454,2026-04-30
元大斗六,2620.0,70,5170,980C,2454,2026-04-30
元大台北,2620.0,157,266,980h,2454,2026-04-30
元大台北,2630.0,1,20001,980h,2454,2026-04-30
元大台北,2640.0,2,1008,980h,2454,2026-04-30
元大台北,2650.0,1000,35,980h,2454,2026-04-30
元大台北,2660.0,1000,0,980h,2454,2026-04-30
元大台北,2670.0,90000,0,980h,2454,2026-04-30
元大竹科,2580.0,179,10,980K,2454,2026-04-30
元大竹科,2590.0,1154,1,980K,2454,2026-04-30
元大竹科,2600.0,23,2,980K,2454,2026-04-30
元大竹科,2610.0,125,1080,980K,2454,2026-04-30
元大竹科,2620.0,538,1016,980K,2454,2026-04-30
元大竹科,2630.0,7,1566,980K,2454,2026-04-30
元大台北,2610.0,1,2000,980h,2454,2026-04-30
元大竹科,2640.0,2004,1000,980K,2454,2026-04-30
元大虎尾,2575.0,2,0,980l,2454,2026-04-30
元大虎尾,2585.0,0,20,980l,2454,2026-04-30
元大虎尾,2605.0,0,5,980l,2454,2026-04-30
元大虎尾,2615.0,100,0,980l,2454,2026-04-30
元大虎尾,2625.0,0,138,980l,2454,2026-04-30
元大虎尾,2635.0,54,270,980l,2454,2026-04-30
元大虎尾,2645.0,50,20,980l,2454,2026-04-30
元大虎尾,2655.0,0,1000,980l,2454,2026-04-30
元大南崁,2580.0,4,10,980Q,2454,2026-04-30
元大南崁,2600.0,4,100,980Q,2454,2026-04-30
元大南崁,2610.0,0,20,980Q,2454,2026-04-30
元大南崁,2620.0,50,10,980Q,2454,2026-04-30
元大竹科,2650.0,1,30,980K,2454,2026-04-30
元大南崁,2650.0,1000,0,980Q,2454,2026-04-30
元大台北,2600.0,100,110,980h,2454,2026-04-30
元大台北,2575.0,0,8,980h,2454,2026-04-30
元大斗六,2630.0,100,1031,980C,2454,2026-04-30
元大斗六,2640.0,20,27,980C,2454,2026-04-30
元大沙鹿,2575.0,305,102,980d,2454,2026-04-30
元大沙鹿,2585.0,1010,1030,980d,2454,2026-04-30
元大沙鹿,2595.0,210,1000,980d,2454,2026-04-30
元大沙鹿,2605.0,1,453,980d,2454,2026-04-30
元大沙鹿,2615.0,6,1,980d,2454,2026-04-30
元大沙鹿,2625.0,278,1167,980d,2454,2026-04-30
元大沙鹿,2635.0,13,117,980d,2454,2026-04-30
元大沙鹿,2645.0,0,4,980d,2454,2026-04-30
元大沙鹿,2675.0,1000,0,980d,2454,2026-04-30
元大北府,2580.0,120,0,980D,2454,2026-04-30
元大台北,2585.0,22,0,980h,2454,2026-04-30
元大北府,2590.0,2,11,980D,2454,2026-04-30
元大北府,2615.0,100,300,980D,2454,2026-04-30
元大北府,2625.0,18,1100,980D,2454,2026-04-30
元大北府,2635.0,1011,0,980D,2454,2026-04-30
元大北府,2650.0,1,1,980D,2454,2026-04-30
元大清水,2585.0,1100,852,980e,2454,2026-04-30
元大清水,2595.0,25,3,980e,2454,2026-04-30
元大清水,2605.0,1020,1001,980e,2454,2026-04-30
元大清水,2615.0,7,0,980e,2454,2026-04-30
元大清水,2625.0,0,222,980e,2454,2026-04-30
元大清水,2635.0,0,11,980e,2454,2026-04-30
元大清水,2645.0,2000,1000,980e,2454,2026-04-30
元大清水,2660.0,0,2000,980e,2454,2026-04-30
元大北府,2605.0,17,0,980D,2454,2026-04-30
元大南京,2655.0,0,1020,9862,2454,2026-04-30
元大民權,2585.0,0,13007,9867,2454,2026-04-30
元大南京,2675.0,1000,0,9862,2454,2026-04-30
永豐桃園,2640.0,0,22,9A9x,2454,2026-04-30
永豐桃園,2655.0,0,30,9A9x,2454,2026-04-30
永豐桃園,2675.0,1000,0,9A9x,2454,2026-04-30
永豐竹科,2580.0,86,1017,9A9X,2454,2026-04-30
永豐竹科,2590.0,9,3003,9A9X,2454,2026-04-30
永豐竹科,2600.0,1202,2062,9A9X,2454,2026-04-30
永豐竹科,2610.0,2002,110,9A9X,2454,2026-04-30
永豐竹科,2620.0,54,1024,9A9X,2454,2026-04-30
永豐竹科,2630.0,1220,1251,9A9X,2454,2026-04-30
永豐竹科,2640.0,2020,1010,9A9X,2454,2026-04-30
永豐竹科,2650.0,1000,1005,9A9X,2454,2026-04-30
永豐竹科,2660.0,1000,0,9A9X,2454,2026-04-30
永豐竹科,2670.0,1000,0,9A9X,2454,2026-04-30
永豐板盛,2585.0,0,1000,9A9Y,2454,2026-04-30
永豐板盛,2600.0,105,0,9A9Y,2454,2026-04-30
永豐板盛,2615.0,0,10,9A9Y,2454,2026-04-30
永豐板盛,2625.0,16,0,9A9Y,2454,2026-04-30
台新證券,2625.0,6292,11201,9B00,2454,2026-04-30
台新證券,2615.0,255,100,9B00,2454,2026-04-30
台新證券,2605.0,23544,323,9B00,2454,2026-04-30
台新證券,2595.0,7216,362,9B00,2454,2026-04-30
台新證券,2585.0,1263,4142,9B00,2454,2026-04-30
台新證券,2575.0,2107,1000,9B00,2454,2026-04-30
永豐桃園,2630.0,3000,4,9A9x,2454,2026-04-30
永豐復興,2640.0,0,10,9A9Z,2454,2026-04-30
永豐復興,2620.0,10,0,9A9Z,2454,2026-04-30
永豐復興,2600.0,10,0,9A9Z,2454,2026-04-30
永豐復興,2585.0,10,0,9A9Z,2454,2026-04-30
永豐板盛,2655.0,0,1,9A9Y,2454,2026-04-30
永豐板盛,2645.0,0,1,9A9Y,2454,2026-04-30
永豐板盛,2635.0,0,3,9A9Y,2454,2026-04-30
永豐復興,2630.0,0,1000,9A9Z,2454,2026-04-30
台新證券,2635.0,155,2507,9B00,2454,2026-04-30
永豐桃園,2620.0,2,2023,9A9x,2454,2026-04-30
永豐桃園,2590.0,30,0,9A9x,2454,2026-04-30
永豐彰化,2630.0,0,30,9A9s,2454,2026-04-30
永豐彰化,2640.0,0,20,9A9s,2454,2026-04-30
永豐彰化,2650.0,0,22,9A9s,2454,2026-04-30
永豐南京,2580.0,1000,0,9A9S,2454,2026-04-30
永豐南京,2590.0,6026,20,9A9S,2454,2026-04-30
永豐南京,2600.0,10,0,9A9S,2454,2026-04-30
永豐南京,2615.0,1000,55,9A9S,2454,2026-04-30
永豐南京,2625.0,3000,112,9A9S,2454,2026-04-30
永豐南京,2635.0,1,66,9A9S,2454,2026-04-30
永豐南京,2645.0,5,0,9A9S,2454,2026-04-30
永豐南京,2655.0,0,1000,9A9S,2454,2026-04-30
永豐南京,2675.0,0,1000,9A9S,2454,2026-04-30
永豐中正,2580.0,175,0,9A9U,2454,2026-04-30
永豐中正,2590.0,2020,130,9A9U,2454,2026-04-30
永豐中正,2600.0,172,0,9A9U,2454,2026-04-30
永豐中正,2610.0,1027,3091,9A9U,2454,2026-04-30
永豐中正,2620.0,236,1002,9A9U,2454,2026-04-30
永豐桃園,2580.0,105,1000,9A9x,2454,2026-04-30
永豐市政,2675.0,1000,0,9A9W,2454,2026-04-30
永豐市政,2655.0,0,1015,9A9W,2454,2026-04-30
永豐市政,2645.0,360,2235,9A9W,2454,2026-04-30
永豐市政,2635.0,112,1734,9A9W,2454,2026-04-30
永豐市政,2625.0,1054,162,9A9W,2454,2026-04-30
永豐桃園,2610.0,640,2020,9A9x,2454,2026-04-30
永豐市政,2615.0,49,263,9A9W,2454,2026-04-30
永豐市政,2595.0,20,1202,9A9W,2454,2026-04-30
永豐市政,2585.0,4200,0,9A9W,2454,2026-04-30
永豐市政,2575.0,1015,0,9A9W,2454,2026-04-30
永豐中正,2655.0,1010,1000,9A9U,2454,2026-04-30
永豐中正,2640.0,4000,3062,9A9U,2454,2026-04-30
永豐中正,2630.0,3116,4281,9A9U,2454,2026-04-30
永豐市政,2605.0,6,1205,9A9W,2454,2026-04-30
台新證券,2645.0,233,3431,9B00,2454,2026-04-30
台新證券,2655.0,2010,1050,9B00,2454,2026-04-30
台新證券,2665.0,3000,0,9B00,2454,2026-04-30
台新建北,2620.0,1106,117,9B18,2454,2026-04-30
台新建北,2630.0,3103,1232,9B18,2454,2026-04-30
台新建北,2645.0,42,10,9B18,2454,2026-04-30
台新建北,2655.0,3,1000,9B18,2454,2026-04-30
台新新莊,2575.0,0,15,9B19,2454,2026-04-30
台新新莊,2595.0,10,0,9B19,2454,2026-04-30
台新新莊,2605.0,0,20,9B19,2454,2026-04-30
台新新莊,2615.0,0,3,9B19,2454,2026-04-30
台新新莊,2625.0,10,120,9B19,2454,2026-04-30
台新新莊,2635.0,0,4,9B19,2454,2026-04-30
台新新莊,2650.0,50,5,9B19,2454,2026-04-30
台新左楠,2580.0,19,0,9B1d,2454,2026-04-30
台新左楠,2590.0,10,220,9B1d,2454,2026-04-30
台新左楠,2605.0,1010,1600,9B1d,2454,2026-04-30
台新左楠,2615.0,7,0,9B1d,2454,2026-04-30
台新左楠,2625.0,1037,15,9B1d,2454,2026-04-30
台新左楠,2635.0,10,3,9B1d,2454,2026-04-30
台新台中,2600.0,212,10,9B1h,2454,2026-04-30
台新台中,2590.0,23,0,9B1h,2454,2026-04-30
台新台中,2580.0,1007,115,9B1h,2454,2026-04-30
台新高雄,2670.0,1000,0,9B1g,2454,2026-04-30
台新高雄,2650.0,0,59,9B1g,2454,2026-04-30
台新高雄,2640.0,0,1105,9B1g,2454,2026-04-30
台新建北,2610.0,102,0,9B18,2454,2026-04-30
台新高雄,2630.0,12200,5165,9B1g,2454,2026-04-30
台新高雄,2610.0,2182,3107,9B1g,2454,2026-04-30
台新高雄,2600.0,3090,130,9B1g,2454,2026-04-30
台新高雄,2590.0,3150,1515,9B1g,2454,2026-04-30
台新高雄,2580.0,2336,0,9B1g,2454,2026-04-30
台新左楠,2675.0,1000,0,9B1d,2454,2026-04-30
台新左楠,2645.0,1003,270,9B1d,2454,2026-04-30
台新高雄,2620.0,11,1100,9B1g,2454,2026-04-30
台新建北,2600.0,6,1003,9B18,2454,2026-04-30
台新建北,2590.0,15,20,9B18,2454,2026-04-30
台新建北,2580.0,6,0,9B18,2454,2026-04-30
台新三民,2625.0,0,116,9B13,2454,2026-04-30
台新三民,2615.0,0,70,9B13,2454,2026-04-30
台新三民,2600.0,1010,3020,9B13,2454,2026-04-30
台新三民,2590.0,0,100,9B13,2454,2026-04-30
台新三民,2575.0,1000,0,9B13,2454,2026-04-30
台新新營,2655.0,0,3,9B11,2454,2026-04-30
台新三民,2635.0,0,2000,9B13,2454,2026-04-30
台新新營,2645.0,2,15,9B11,2454,2026-04-30
台新新營,2625.0,26,140,9B11,2454,2026-04-30
台新新營,2615.0,30,33,9B11,2454,2026-04-30
台新新營,2605.0,3,8,9B11,2454,2026-04-30
台新新營,2595.0,30,0,9B11,2454,2026-04-30
台新新營,2585.0,22,2,9B11,2454,2026-04-30
台新證券,2675.0,1000,0,9B00,2454,2026-04-30
台新新營,2635.0,11,11,9B11,2454,2026-04-30
永豐彰化,2620.0,0,2085,9A9s,2454,2026-04-30
台新三民,2645.0,1000,40,9B13,2454,2026-04-30
台新松江,2585.0,0,1000,9B15,2454,2026-04-30
台新台南,2680.0,0,1000,9B16,2454,2026-04-30
台新台南,2650.0,50,2001,9B16,2454,2026-04-30
台新台南,2640.0,1000,570,9B16,2454,2026-04-30
台新台南,2630.0,2020,4010,9B16,2454,2026-04-30
台新台南,2620.0,1000,415,9B16,2454,2026-04-30
台新台南,2610.0,13,1001,9B16,2454,2026-04-30
台新三民,2670.0,1000,0,9B13,2454,2026-04-30
台新台南,2600.0,1065,1100,9B16,2454,2026-04-30
台新台南,2580.0,510,55,9B16,2454,2026-04-30
台新松江,2665.0,1000,0,9B15,2454,2026-04-30
台新松江,2645.0,0,10,9B15,2454,2026-04-30
台新松江,2635.0,1001,101,9B15,2454,2026-04-30
台新松江,2625.0,2,10,9B15,2454,2026-04-30
台新松江,2615.0,43,60,9B15,2454,2026-04-30
台新台南,2590.0,2206,1000,9B16,2454,2026-04-30
永豐彰化,2605.0,0,70,9A9s,2454,2026-04-30
永豐彰化,2595.0,5,0,9A9s,2454,2026-04-30
永豐彰化,2585.0,0,40,9A9s,2454,2026-04-30
永豐天母,2615.0,0,1052,9A9G,2454,2026-04-30
永豐天母,2625.0,0,2000,9A9G,2454,2026-04-30
永豐天母,2635.0,1000,5,9A9G,2454,2026-04-30
永豐天母,2650.0,0,1000,9A9G,2454,2026-04-30
永豐台南,2575.0,6,137,9A9h,2454,2026-04-30
永豐台南,2585.0,1004,300,9A9h,2454,2026-04-30
永豐台南,2600.0,15,15,9A9h,2454,2026-04-30
永豐台南,2610.0,7,100,9A9h,2454,2026-04-30
永豐台南,2620.0,2013,40,9A9h,2454,2026-04-30
永豐台南,2630.0,2000,165,9A9h,2454,2026-04-30
永豐台南,2640.0,1,2005,9A9h,2454,2026-04-30
永豐台南,2650.0,10,56,9A9h,2454,2026-04-30
永豐新莊,2580.0,0,1001,9A9H,2454,2026-04-30
永豐新莊,2595.0,1078,0,9A9H,2454,2026-04-30
永豐新莊,2605.0,150,35,9A9H,2454,2026-04-30
永豐新莊,2615.0,1002,3,9A9H,2454,2026-04-30
永豐新莊,2625.0,1000,20,9A9H,2454,2026-04-30
永豐板新,2595.0,1025,20,9A9J,2454,2026-04-30
永豐板新,2585.0,10,20,9A9J,2454,2026-04-30
永豐板新,2575.0,3052,50,9A9J,2454,2026-04-30
永豐嘉義,2645.0,100,55,9A9j,2454,2026-04-30
永豐嘉義,2625.0,5,10,9A9j,2454,2026-04-30
永豐嘉義,2610.0,1000,100,9A9j,2454,2026-04-30
永豐天母,2605.0,0,5,9A9G,2454,2026-04-30
永豐嘉義,2580.0,10,0,9A9j,2454,2026-04-30
永豐新店,2635.0,1000,122,9A9i,2454,2026-04-30
永豐新店,2625.0,0,2,9A9i,2454,2026-04-30
永豐新店,2615.0,0,100,9A9i,2454,2026-04-30
永豐新店,2600.0,600,0,9A9i,2454,2026-04-30
永豐新店,2590.0,100,0,9A9i,2454,2026-04-30
永豐新店,2580.0,30,0,9A9i,2454,2026-04-30
永豐新店,2645.0,0,3,9A9i,2454,2026-04-30
永豐天母,2595.0,70,0,9A9G,2454,2026-04-30
永豐天母,2575.0,0,700,9A9G,2454,2026-04-30
永豐內湖,2665.0,1000,5000,9A9g,2454,2026-04-30
永豐忠孝,2630.0,20,405,9A9D,2454,2026-04-30
永豐忠孝,2620.0,2125,11,9A9D,2454,2026-04-30
永豐忠孝,2610.0,1,10,9A9D,2454,2026-04-30
永豐忠孝,2595.0,105,100,9A9D,2454,2026-04-30
永豐忠孝,2585.0,10,5,9A9D,2454,2026-04-30
永豐忠孝,2575.0,5,0,9A9D,2454,2026-04-30
永豐忠孝,2640.0,0,14,9A9D,2454,2026-04-30
永豐古亭,2670.0,1000,0,9A9d,2454,2026-04-30
永豐古亭,2645.0,0,1105,9A9d,2454,2026-04-30
永豐古亭,2635.0,1000,25,9A9d,2454,2026-04-30
永豐古亭,2625.0,16,73,9A9d,2454,2026-04-30
永豐古亭,2615.0,1000,325,9A9d,2454,2026-04-30
永豐古亭,2605.0,101,0,9A9d,2454,2026-04-30
永豐古亭,2595.0,0,1000,9A9d,2454,2026-04-30
永豐古亭,2655.0,100,1005,9A9d,2454,2026-04-30
永豐板新,2605.0,110,8,9A9J,2454,2026-04-30
永豐忠孝,2650.0,0,8,9A9D,2454,2026-04-30
永豐高雄,2590.0,5,0,9A9e,2454,2026-04-30
永豐內湖,2645.0,2,7,9A9g,2454,2026-04-30
永豐內湖,2635.0,0,55,9A9g,2454,2026-04-30
永豐內湖,2625.0,4075,122,9A9g,2454,2026-04-30
永豐內湖,2615.0,0,50,9A9g,2454,2026-04-30
永豐內湖,2605.0,120,0,9A9g,2454,2026-04-30
永豐內湖,2595.0,0,5,9A9g,2454,2026-04-30
永豐高雄,2580.0,2011,10,9A9e,2454,2026-04-30
永豐內湖,2585.0,60,0,9A9g,2454,2026-04-30
永豐高雄,2660.0,0,1000,9A9e,2454,2026-04-30
永豐高雄,2645.0,0,2002,9A9e,2454,2026-04-30
永豐高雄,2635.0,12,2005,9A9e,2454,2026-04-30
永豐高雄,2625.0,25,181,9A9e,2454,2026-04-30
永豐高雄,2615.0,35,0,9A9e,2454,2026-04-30
永豐高雄,2605.0,6,0,9A9e,2454,2026-04-30
永豐內湖,2575.0,0,2201,9A9g,2454,2026-04-30
台新台中,2610.0,120,3070,9B1h,2454,2026-04-30
永豐板新,2615.0,25,1055,9A9J,2454,2026-04-30
永豐板新,2635.0,1312,22,9A9J,2454,2026-04-30
永豐竹北,2610.0,1,120,9A9P,2454,2026-04-30
永豐竹北,2620.0,1110,2250,9A9P,2454,2026-04-30
永豐竹北,2630.0,1205,75,9A9P,2454,2026-04-30
永豐竹北,2640.0,200,15,9A9P,2454,2026-04-30
永豐竹北,2650.0,10,0,9A9P,2454,2026-04-30
永豐潮州,2580.0,20,50,9A9q,2454,2026-04-30
永豐潮州,2590.0,10,0,9A9q,2454,2026-04-30
永豐潮州,2605.0,2,20,9A9q,2454,2026-04-30
永豐潮州,2615.0,20,2,9A9q,2454,2026-04-30
永豐潮州,2625.0,1000,1,9A9q,2454,2026-04-30
永豐潮州,2640.0,0,30,9A9q,2454,2026-04-30
永豐豐原,2590.0,7,0,9A9Q,2454,2026-04-30
永豐豐原,2610.0,0,1154,9A9Q,2454,2026-04-30
永豐豐原,2620.0,1,1,9A9Q,2454,2026-04-30
永豐豐原,2630.0,1001,0,9A9Q,2454,2026-04-30
永豐豐原,2645.0,0,10,9A9Q,2454,2026-04-30
永豐北高,2575.0,3,0,9A9r,2454,2026-04-30
永豐信義,2650.0,30,0,9A9R,2454,2026-04-30
永豐信義,2630.0,0,1043,9A9R,2454,2026-04-30
永豐信義,2620.0,50,0,9A9R,2454,2026-04-30
永豐信義,2610.0,1,79,9A9R,2454,2026-04-30
永豐信義,2600.0,3,0,9A9R,2454,2026-04-30
永豐信義,2590.0,0,31,9A9R,2454,2026-04-30
永豐竹北,2600.0,3030,0,9A9P,2454,2026-04-30
永豐北高,2665.0,0,1000,9A9r,2454,2026-04-30
永豐北高,2635.0,3000,82,9A9r,2454,2026-04-30
永豐北高,2625.0,13,5052,9A9r,2454,2026-04-30
永豐北高,2615.0,21,20,9A9r,2454,2026-04-30
永豐北高,2605.0,1,0,9A9r,2454,2026-04-30
永豐北高,2595.0,1,0,9A9r,2454,2026-04-30
永豐北高,2585.0,20,20,9A9r,2454,2026-04-30
永豐北高,2645.0,0,10,9A9r,2454,2026-04-30
永豐竹北,2590.0,4270,0,9A9P,2454,2026-04-30
永豐竹北,2580.0,31,500,9A9P,2454,2026-04-30
永豐桃盛,2650.0,1001,0,9A9N,2454,2026-04-30
永豐台中,2605.0,0,14,9A9L,2454,2026-04-30
永豐台中,2595.0,4,1001,9A9L,2454,2026-04-30
永豐台中,2585.0,30,10,9A9L,2454,2026-04-30
永豐台中,2575.0,1,0,9A9L,2454,2026-04-30
永豐三重,2650.0,0,90,9A9K,2454,2026-04-30
永豐三重,2635.0,2,14,9A9K,2454,2026-04-30
永豐台中,2615.0,150,2022,9A9L,2454,2026-04-30
永豐三重,2625.0,210,177,9A9K,2454,2026-04-30
永豐三重,2605.0,10,0,9A9K,2454,2026-04-30
永豐三重,2595.0,0,2,9A9K,2454,2026-04-30
永豐三重,2585.0,6,0,9A9K,2454,2026-04-30
永豐板新,2670.0,5000,0,9A9J,2454,2026-04-30
永豐板新,2655.0,10,9000,9A9J,2454,2026-04-30
永豐板新,2645.0,0,10,9A9J,2454,2026-04-30
永豐三重,2615.0,0,1050,9A9K,2454,2026-04-30
永豐板新,2625.0,6032,44,9A9J,2454,2026-04-30
永豐台中,2625.0,15,1006,9A9L,2454,2026-04-30
永豐台中,2645.0,7,80,9A9L,2454,2026-04-30
永豐桃盛,2630.0,1,127,9A9N,2454,2026-04-30
永豐桃盛,2620.0,31,63,9A9N,2454,2026-04-30
永豐桃盛,2610.0,15,200,9A9N,2454,2026-04-30
永豐桃盛,2600.0,41,184,9A9N,2454,2026-04-30
永豐桃盛,2590.0,10,0,9A9N,2454,2026-04-30
永豐桃盛,2575.0,1000,0,9A9N,2454,2026-04-30
永豐台中,2635.0,68,87,9A9L,2454,2026-04-30
永豐南投,2645.0,1,1,9A9M,2454,2026-04-30
永豐南投,2620.0,100,20,9A9M,2454,2026-04-30
永豐南投,2605.0,150,0,9A9M,2454,2026-04-30
永豐南投,2595.0,10,0,9A9M,2454,2026-04-30
永豐南投,2585.0,5,0,9A9M,2454,2026-04-30
永豐台中,2675.0,1000,0,9A9L,2454,2026-04-30
永豐台中,2655.0,0,100,9A9L,2454,2026-04-30
永豐南投,2630.0,0,20,9A9M,2454,2026-04-30
台新台中,2620.0,1084,98,9B1h,2454,2026-04-30
台新台中,2630.0,23,5280,9B1h,2454,2026-04-30
台新台中,2640.0,3,47,9B1h,2454,2026-04-30
台新新興,2630.0,100,3000,9B2o,2454,2026-04-30
台新新興,2640.0,0,135,9B2o,2454,2026-04-30
台新新興,2650.0,0,5,9B2o,2454,2026-04-30
台新新興,2665.0,1000,0,9B2o,2454,2026-04-30
台新同大,2585.0,2,0,9B2P,2454,2026-04-30
台新同大,2595.0,0,8,9B2P,2454,2026-04-30
台新同大,2605.0,0,105,9B2P,2454,2026-04-30
台新同大,2615.0,10,1000,9B2P,2454,2026-04-30
台新同大,2625.0,0,6,9B2P,2454,2026-04-30
台新同大,2635.0,2000,6,9B2P,2454,2026-04-30
台新同大,2645.0,0,1000,9B2P,2454,2026-04-30
台新屏新,2590.0,3,0,9B2q,2454,2026-04-30
台新屏新,2605.0,4,30,9B2q,2454,2026-04-30
台新屏新,2615.0,30,0,9B2q,2454,2026-04-30
台新屏新,2625.0,2000,0,9B2q,2454,2026-04-30
台新屏新,2635.0,2000,0,9B2q,2454,2026-04-30
台新屏新,2645.0,1,0,9B2q,2454,2026-04-30
台新城東,2655.0,0,1000,9B2r,2454,2026-04-30
台新城東,2640.0,0,10,9B2r,2454,2026-04-30
台新城東,2630.0,2000,513,9B2r,2454,2026-04-30
台新城東,2620.0,5,1181,9B2r,2454,2026-04-30
台新城東,2610.0,1,1200,9B2r,2454,2026-04-30
台新城東,2600.0,8,150,9B2r,2454,2026-04-30
台新新興,2620.0,2000,141,9B2o,2454,2026-04-30
台新城東,2590.0,0,5020,9B2r,2454,2026-04-30
台新敦南,2660.0,1000,0,9B2Q,2454,2026-04-30
台新敦南,2630.0,5,1000,9B2Q,2454,2026-04-30
台新敦南,2620.0,0,77,9B2Q,2454,2026-04-30
台新敦南,2610.0,1000,101,9B2Q,2454,2026-04-30
台新敦南,2595.0,0,10,9B2Q,2454,2026-04-30
台新敦南,2575.0,0,84,9B2Q,2454,2026-04-30
台新城東,2580.0,25,18,9B2r,2454,2026-04-30
台新新興,2610.0,20,4001,9B2o,2454,2026-04-30
台新新興,2595.0,0,3000,9B2o,2454,2026-04-30
台新新興,2585.0,300,0,9B2o,2454,2026-04-30
台新成功,2615.0,0,73,9B2m,2454,2026-04-30
台新成功,2605.0,3010,0,9B2m,2454,2026-04-30
台新成功,2585.0,0,100,9B2m,2454,2026-04-30
台新北壢,2660.0,1000,1000,9B2L,2454,2026-04-30
台新北壢,2650.0,0,2000,9B2L,2454,2026-04-30
台新北壢,2640.0,2000,0,9B2L,2454,2026-04-30
台新成功,2625.0,0,50,9B2m,2454,2026-04-30
台新北壢,2625.0,61,100,9B2L,2454,2026-04-30
台新北壢,2605.0,1,0,9B2L,2454,2026-04-30
台新北壢,2595.0,0,20,9B2L,2454,2026-04-30
台新北壢,2585.0,4,10,9B2L,2454,2026-04-30
台新北壢,2575.0,10,0,9B2L,2454,2026-04-30
台新大裕,2645.0,77,1000,9B2l,2454,2026-04-30
台新大裕,2635.0,0,1,9B2l,2454,2026-04-30
台新北壢,2615.0,15,0,9B2L,2454,2026-04-30
台新基隆,2580.0,30,100,9B2S,2454,2026-04-30
台新成功,2635.0,0,10,9B2m,2454,2026-04-30
台新彰化,2585.0,50,0,9B2M,2454,2026-04-30
台新新興,2575.0,32,0,9B2o,2454,2026-04-30
台新虎尾,2625.0,0,1,9B2N,2454,2026-04-30
台新虎尾,2610.0,1,0,9B2N,2454,2026-04-30
台新虎尾,2575.0,5,0,9B2N,2454,2026-04-30
台新西松,2655.0,18,0,9B2n,2454,2026-04-30
台新西松,2640.0,450,0,9B2n,2454,2026-04-30
台新彰化,2575.0,1000,2,9B2M,2454,2026-04-30
台新西松,2630.0,40,1001,9B2n,2454,2026-04-30
台新西松,2610.0,1300,2000,9B2n,2454,2026-04-30
台新西松,2595.0,0,1,9B2n,2454,2026-04-30
台新西松,2580.0,15,500,9B2n,2454,2026-04-30
台新彰化,2650.0,1000,1000,9B2M,2454,2026-04-30
台新彰化,2640.0,0,1000,9B2M,2454,2026-04-30
台新彰化,2625.0,0,32,9B2M,2454,2026-04-30
台新西松,2620.0,321,200,9B2n,2454,2026-04-30
台新大裕,2625.0,110,4,9B2l,2454,2026-04-30
台新基隆,2590.0,100,0,9B2S,2454,2026-04-30
台新基隆,2620.0,0,1,9B2S,2454,2026-04-30
台新草屯,2575.0,205,0,9B2X,2454,2026-04-30
台新草屯,2590.0,8,0,9B2X,2454,2026-04-30
台新草屯,2615.0,25,0,9B2X,2454,2026-04-30
台新草屯,2625.0,0,200,9B2X,2454,2026-04-30
台新草屯,2640.0,0,1,9B2X,2454,2026-04-30
台新草屯,2650.0,0,2,9B2X,2454,2026-04-30
台新花蓮,2580.0,20,0,9B2y,2454,2026-04-30
台新花蓮,2600.0,0,10,9B2y,2454,2026-04-30
台新花蓮,2620.0,1,0,9B2y,2454,2026-04-30
台新花蓮,2635.0,1001,0,9B2y,2454,2026-04-30
台新花蓮,2650.0,1,0,9B2y,2454,2026-04-30
台新埔里,2600.0,20,0,9B2Y,2454,2026-04-30
台新埔里,2620.0,5,30,9B2Y,2454,2026-04-30
台新埔里,2640.0,0,1100,9B2Y,2454,2026-04-30
台新埔里,2675.0,1000,1000,9B2Y,2454,2026-04-30
台新文心,2585.0,11,51,9B2z,2454,2026-04-30
台新文心,2595.0,0,1000,9B2z,2454,2026-04-30
台新安南,2680.0,0,1000,9B2Z,2454,2026-04-30
台新安南,2665.0,1000,0,9B2Z,2454,2026-04-30
台新安南,2650.0,0,1050,9B2Z,2454,2026-04-30
台新安南,2630.0,10,103,9B2Z,2454,2026-04-30
台新安南,2615.0,5000,50,9B2Z,2454,2026-04-30
台新安南,2605.0,10000,0,9B2Z,2454,2026-04-30
台新吉利,2655.0,20,0,9B2W,2454,2026-04-30
台新安南,2595.0,0,50,9B2Z,2454,2026-04-30
台新文心,2665.0,2000,0,9B2z,2454,2026-04-30
台新文心,2645.0,0,10,9B2z,2454,2026-04-30
台新文心,2635.0,0,3,9B2z,2454,2026-04-30
台新文心,2625.0,0,2,9B2z,2454,2026-04-30
台新文心,2615.0,3,1011,9B2z,2454,2026-04-30
台新文心,2605.0,50,7,9B2z,2454,2026-04-30
台新安南,2585.0,20,1000,9B2Z,2454,2026-04-30
台新吉利,2635.0,0,1030,9B2W,2454,2026-04-30
台新吉利,2625.0,2,65,9B2W,2454,2026-04-30
台新吉利,2615.0,0,15,9B2W,2454,2026-04-30
台新宜蘭,2630.0,1000,8,9B2U,2454,2026-04-30
台新宜蘭,2615.0,20,0,9B2U,2454,2026-04-30
台新宜蘭,2605.0,1015,1020,9B2U,2454,2026-04-30
台新宜蘭,2595.0,1000,0,9B2U,2454,2026-04-30
台新宜蘭,2580.0,100,0,9B2U,2454,2026-04-30
台新世貿,2680.0,0,1000,9B2u,2454,2026-04-30
台新宜蘭,2640.0,2000,2000,9B2U,2454,2026-04-30
台新世貿,2650.0,0,10,9B2u,2454,2026-04-30
台新世貿,2625.0,10,0,9B2u,2454,2026-04-30
台新世貿,2610.0,5,5130,9B2u,2454,2026-04-30
台新世貿,2600.0,20,1000,9B2u,2454,2026-04-30
台新世貿,2580.0,6010,0,9B2u,2454,2026-04-30
台新基隆,2655.0,22,0,9B2S,2454,2026-04-30
台新基隆,2630.0,0,1000,9B2S,2454,2026-04-30
台新世貿,2640.0,100,21,9B2u,2454,2026-04-30
台新基隆,2600.0,0,100,9B2S,2454,2026-04-30
台新宜蘭,2650.0,5,4000,9B2U,2454,2026-04-30
台新桃園,2575.0,1013,0,9B2v,2454,2026-04-30
台新吉利,2605.0,0,20,9B2W,2454,2026-04-30
台新吉利,2590.0,2015,0,9B2W,2454,2026-04-30
台新吉利,2580.0,5,0,9B2W,2454,2026-04-30
台新佳里,2640.0,0,1,9B2w,2454,2026-04-30
台新佳里,2630.0,1000,2,9B2w,2454,2026-04-30
台新佳里,2620.0,0,74,9B2w,2454,2026-04-30
台新宜蘭,2660.0,2000,1000,9B2U,2454,2026-04-30
台新佳里,2610.0,2,0,9B2w,2454,2026-04-30
台新桃園,2665.0,1000,0,9B2v,2454,2026-04-30
台新桃園,2635.0,15,0,9B2v,2454,2026-04-30
台新桃園,2625.0,3070,1000,9B2v,2454,2026-04-30
台新桃園,2615.0,14,0,9B2v,2454,2026-04-30
台新桃園,2600.0,10,30,9B2v,2454,2026-04-30
台新桃園,2585.0,200,0,9B2v,2454,2026-04-30
台新佳里,2585.0,2,0,9B2w,2454,2026-04-30
永豐古亭,2575.0,100,1000,9A9d,2454,2026-04-30
台新大裕,2615.0,1100,0,9B2l,2454,2026-04-30
台新大裕,2595.0,0,1000,9B2l,2454,2026-04-30
台新三重,2600.0,5,0,9B23,2454,2026-04-30
台新三重,2620.0,24,5,9B23,2454,2026-04-30
台新三重,2630.0,1073,0,9B23,2454,2026-04-30
台新三重,2640.0,50,1000,9B23,2454,2026-04-30
台新三重,2660.0,0,2000,9B23,2454,2026-04-30
台新三重,2670.0,0,2000,9B23,2454,2026-04-30
台新五權,2575.0,15,0,9B25,2454,2026-04-30
台新五權,2585.0,1029,0,9B25,2454,2026-04-30
台新五權,2595.0,1,0,9B25,2454,2026-04-30
台新五權,2605.0,1000,0,9B25,2454,2026-04-30
台新五權,2620.0,5,25,9B25,2454,2026-04-30
台新五權,2630.0,100,34087,9B25,2454,2026-04-30
台新五權,2640.0,0,5002,9B25,2454,2026-04-30
台新五權,2650.0,0,10023,9B25,2454,2026-04-30
台新五權,2665.0,0,2000,9B25,2454,2026-04-30
台新林園,2575.0,0,1000,9B27,2454,2026-04-30
台新林園,2605.0,0,200,9B27,2454,2026-04-30
台新松德,2600.0,0,1110,9B2a,2454,2026-04-30
台新松德,2585.0,0,10,9B2a,2454,2026-04-30
台新府城,2675.0,0,1000,9B29,2454,2026-04-30
台新府城,2645.0,300,0,9B29,2454,2026-04-30
台新府城,2615.0,2,0,9B29,2454,2026-04-30
台新府城,2605.0,40,0,9B29,2454,2026-04-30
台新三重,2585.0,26,1000,9B23,2454,2026-04-30
台新府城,2585.0,1010,0,9B29,2454,2026-04-30
台新北新,2635.0,0,50,9B28,2454,2026-04-30
台新北新,2625.0,100,0,9B28,2454,2026-04-30
台新北新,2575.0,10,0,9B28,2454,2026-04-30
台新林園,2650.0,1000,0,9B27,2454,2026-04-30
台新林園,2625.0,0,100,9B27,2454,2026-04-30
台新林園,2615.0,10,0,9B27,2454,2026-04-30
台新府城,2575.0,1000,0,9B29,2454,2026-04-30
台新三重,2575.0,1000,0,9B23,2454,2026-04-30
台新新店,2645.0,0,1001,9B22,2454,2026-04-30
台新新店,2635.0,1000,100,9B22,2454,2026-04-30
台新中壢,2680.0,1000,0,9B1y,2454,2026-04-30
台新中壢,2645.0,0,1000,9B1y,2454,2026-04-30
台新中壢,2630.0,52,0,9B1y,2454,2026-04-30
台新中壢,2620.0,90,0,9B1y,2454,2026-04-30
台新中壢,2610.0,3,10,9B1y,2454,2026-04-30
台新中壢,2600.0,162,10,9B1y,2454,2026-04-30
台新台北,2590.0,10,0,9B20,2454,2026-04-30
台新中壢,2585.0,10,0,9B1y,2454,2026-04-30
台新屏東,2620.0,0,1000,9B1n,2454,2026-04-30
台新屏東,2605.0,20,0,9B1n,2454,2026-04-30
台新屏東,2595.0,100,0,9B1n,2454,2026-04-30
台新屏東,2580.0,20,0,9B1n,2454,2026-04-30
台新台中,2670.0,2000,0,9B1h,2454,2026-04-30
台新台中,2650.0,120,76,9B1h,2454,2026-04-30
台新中壢,2575.0,12,0,9B1y,2454,2026-04-30
台新松德,2610.0,30,130,9B2a,2454,2026-04-30
台新台北,2605.0,200,0,9B20,2454,2026-04-30
台新台北,2630.0,3000,0,9B20,2454,2026-04-30
台新新店,2625.0,55,170,9B22,2454,2026-04-30
台新新店,2615.0,10,173,9B22,2454,2026-04-30
台新新店,2605.0,0,1,9B22,2454,2026-04-30
台新新店,2590.0,9,19,9B22,2454,2026-04-30
台新新店,2580.0,10,11,9B22,2454,2026-04-30
台新九如,2655.0,3,1000,9B21,2454,2026-04-30
台新台北,2620.0,0,13,9B20,2454,2026-04-30
台新九如,2640.0,0,20,9B21,2454,2026-04-30
台新九如,2620.0,0,1000,9B21,2454,2026-04-30
台新九如,2610.0,1,0,9B21,2454,2026-04-30
台新九如,2595.0,0,2,9B21,2454,2026-04-30
台新九如,2580.0,1000,200,9B21,2454,2026-04-30
台新台北,2675.0,1000,0,9B20,2454,2026-04-30
台新台北,2645.0,0,1,9B20,2454,2026-04-30
台新九如,2630.0,202,50,9B21,2454,2026-04-30
台新大裕,2605.0,1,100,9B2l,2454,2026-04-30
台新松德,2620.0,3996,20,9B2a,2454,2026-04-30
台新松德,2640.0,0,50,9B2a,2454,2026-04-30
台新中原,2590.0,30,0,9B2g,2454,2026-04-30
台新中原,2605.0,4,0,9B2g,2454,2026-04-30
台新中原,2615.0,0,10,9B2g,2454,2026-04-30
台新中原,2625.0,1,1,9B2g,2454,2026-04-30
台新中原,2650.0,0,1010,9B2g,2454,2026-04-30
台新新竹,2575.0,0,100,9B2G,2454,2026-04-30
台新新竹,2590.0,5,0,9B2G,2454,2026-04-30
台新新竹,2600.0,0,20,9B2G,2454,2026-04-30
台新新竹,2620.0,10,16,9B2G,2454,2026-04-30
台新新竹,2630.0,25,1013,9B2G,2454,2026-04-30
台新新竹,2640.0,0,1000,9B2G,2454,2026-04-30
台新信義,2580.0,1000,0,9B2H,2454,2026-04-30
台新信義,2595.0,1,0,9B2H,2454,2026-04-30
台新信義,2610.0,57,5,9B2H,2454,2026-04-30
台新信義,2620.0,4,1,9B2H,2454,2026-04-30
台新信義,2630.0,1000,50,9B2H,2454,2026-04-30
台新信義,2640.0,0,60,9B2H,2454,2026-04-30
台新大裕,2575.0,1010,0,9B2l,2454,2026-04-30
台新嘉義,2640.0,1030,3000,9B2I,2454,2026-04-30
台新嘉義,2630.0,13,0,9B2I,2454,2026-04-30
台新嘉義,2620.0,0,10,9B2I,2454,2026-04-30
台新嘉義,2610.0,1050,0,9B2I,2454,2026-04-30
台新嘉義,2595.0,2,0,9B2I,2454,2026-04-30
台新城中,2660.0,1000,0,9B2E,2454,2026-04-30
台新嘉義,2585.0,1011,0,9B2I,2454,2026-04-30
台新中港,2645.0,0,5,9B2i,2454,2026-04-30
台新中港,2635.0,0,10,9B2i,2454,2026-04-30
台新中港,2620.0,0,2007,9B2i,2454,2026-04-30
台新中港,2600.0,10,0,9B2i,2454,2026-04-30
台新中港,2575.0,1000,0,9B2i,2454,2026-04-30
台新信義,2650.0,0,1000,9B2H,2454,2026-04-30
台新嘉義,2575.0,2,0,9B2I,2454,2026-04-30
台新城中,2650.0,0,1010,9B2E,2454,2026-04-30
台新城中,2640.0,0,10,9B2E,2454,2026-04-30
台新城中,2630.0,1006,2117,9B2E,2454,2026-04-30
台新永和,2590.0,20,4,9B2B,2454,2026-04-30
台新永和,2575.0,5,0,9B2B,2454,2026-04-30
台新板橋,2635.0,110,2009,9B2b,2454,2026-04-30
台新板橋,2620.0,2,3,9B2b,2454,2026-04-30
台新板橋,2610.0,350,1002,9B2b,2454,2026-04-30
台新板橋,2600.0,1065,8,9B2b,2454,2026-04-30
台新永和,2635.0,10,100,9B2B,2454,2026-04-30
台新板橋,2590.0,119,0,9B2b,2454,2026-04-30
台新緯城,2655.0,0,2000,9B2A,2454,2026-04-30
台新緯城,2635.0,60,101,9B2A,2454,2026-04-30
台新緯城,2625.0,0,27,9B2A,2454,2026-04-30
台新緯城,2615.0,0,1000,9B2A,2454,2026-04-30
台新緯城,2600.0,34,7,9B2A,2454,2026-04-30
台新松德,2655.0,0,14000,9B2a,2454,2026-04-30
台新板橋,2580.0,1020,0,9B2b,2454,2026-04-30
台新松德,2630.0,10513,6010,9B2a,2454,2026-04-30
台新烏日,2585.0,100,0,9B2c,2454,2026-04-30
台新烏日,2620.0,53,0,9B2c,2454,2026-04-30
台新城中,2620.0,10,1000,9B2E,2454,2026-04-30
台新城中,2595.0,10,0,9B2E,2454,2026-04-30
台新城中,2580.0,20,0,9B2E,2454,2026-04-30
台新大昌,2655.0,9,2,9B2D,2454,2026-04-30
台新大昌,2635.0,50,2,9B2D,2454,2026-04-30
台新大昌,2625.0,1000,1000,9B2D,2454,2026-04-30
台新烏日,2595.0,2,0,9B2c,2454,2026-04-30
台新大昌,2600.0,1000,0,9B2D,2454,2026-04-30
台新大昌,2580.0,0,2003,9B2D,2454,2026-04-30
台新潮州,2625.0,25,0,9B2C,2454,2026-04-30
台新潮州,2615.0,0,106,9B2C,2454,2026-04-30
台新潮州,2590.0,15,10,9B2C,2454,2026-04-30
台新烏日,2650.0,0,10,9B2c,2454,2026-04-30
台新烏日,2630.0,0,20,9B2c,2454,2026-04-30
台新大昌,2590.0,51,100,9B2D,2454,2026-04-30
元大南京,2665.0,2000,0,9862,2454,2026-04-30
永豐員林,2640.0,0,17,9A9C,2454,2026-04-30
永豐員林,2610.0,0,6,9A9C,2454,2026-04-30
元大土城,2590.0,5,0,9897,2454,2026-04-30
元大土城,2600.0,0,1,9897,2454,2026-04-30
元大土城,2610.0,0,200,9897,2454,2026-04-30
元大土城,2620.0,0,1003,9897,2454,2026-04-30
元大土城,2630.0,0,110,9897,2454,2026-04-30
元大土城,2650.0,0,43,9897,2454,2026-04-30
元大新莊,2575.0,100,0,9898,2454,2026-04-30
元大新莊,2585.0,0,26,9898,2454,2026-04-30
元大新莊,2595.0,10,1000,9898,2454,2026-04-30
元大新莊,2605.0,0,32,9898,2454,2026-04-30
元大新莊,2615.0,11,1000,9898,2454,2026-04-30
元大新莊,2625.0,61,97,9898,2454,2026-04-30
元大新莊,2635.0,0,1081,9898,2454,2026-04-30
元大新莊,2645.0,1010,1000,9898,2454,2026-04-30
元大新莊,2655.0,0,40,9898,2454,2026-04-30
元大新莊,2670.0,1000,0,9898,2454,2026-04-30
元大淡水,2580.0,1040,1,9899,2454,2026-04-30
元大苑裡,2630.0,1006,0,989a,2454,2026-04-30
元大苑裡,2620.0,35,6,989a,2454,2026-04-30
元大苑裡,2610.0,11,2290,989a,2454,2026-04-30
元大苑裡,2600.0,81,12,989a,2454,2026-04-30
元大苑裡,2590.0,1,0,989a,2454,2026-04-30
元大苑裡,2580.0,2,0,989a,2454,2026-04-30
元大土城,2580.0,1002,0,9897,2454,2026-04-30
元大淡水,2665.0,0,2000,9899,2454,2026-04-30
元大淡水,2640.0,0,65,9899,2454,2026-04-30
元大淡水,2630.0,1002,1067,9899,2454,2026-04-30
元大淡水,2620.0,2,1010,9899,2454,2026-04-30
元大淡水,2610.0,106,4,9899,2454,2026-04-30
元大淡水,2600.0,1004,1020,9899,2454,2026-04-30
元大淡水,2590.0,104,5,9899,2454,2026-04-30
元大淡水,2650.0,100,2006,9899,2454,2026-04-30
元大苑裡,2645.0,0,30,989a,2454,2026-04-30
元大台南,2650.0,9,1000,9896,2454,2026-04-30
元大台南,2630.0,0,1202,9896,2454,2026-04-30
元大永和,2610.0,1000,35,9891,2454,2026-04-30
元大永和,2620.0,1000,1004,9891,2454,2026-04-30
元大永和,2630.0,2000,1020,9891,2454,2026-04-30
元大永和,2640.0,0,2000,9891,2454,2026-04-30
元大永和,2650.0,0,1006,9891,2454,2026-04-30
元大永和,2660.0,0,1000,9891,2454,2026-04-30
元大永和,2675.0,0,1000,9891,2454,2026-04-30
元大屏東,2585.0,30,20,9892,2454,2026-04-30
元大屏東,2600.0,0,100,9892,2454,2026-04-30
元大屏東,2610.0,1,40,9892,2454,2026-04-30
元大屏東,2620.0,1,110,9892,2454,2026-04-30
元大屏東,2630.0,60,1066,9892,2454,2026-04-30
元大大天,2575.0,27,1000,9893,2454,2026-04-30
元大大天,2585.0,6,5,9893,2454,2026-04-30
元大大天,2595.0,2,0,9893,2454,2026-04-30
元大大天,2605.0,10,300,9893,2454,2026-04-30
元大大天,2620.0,0,22,9893,2454,2026-04-30
元大台南,2620.0,4,113,9896,2454,2026-04-30
元大台南,2610.0,8,126,9896,2454,2026-04-30
元大台南,2600.0,173,50,9896,2454,2026-04-30
元大台南,2575.0,0,1000,9896,2454,2026-04-30
元大桃興,2655.0,19,0,9894,2454,2026-04-30
元大桃興,2645.0,10,35,9894,2454,2026-04-30
元大台南,2640.0,100,26,9896,2454,2026-04-30
元大桃興,2635.0,0,5,9894,2454,2026-04-30
元大桃興,2610.0,10,1,9894,2454,2026-04-30
元大桃興,2595.0,0,5,9894,2454,2026-04-30
元大桃興,2585.0,205,25,9894,2454,2026-04-30
元大大天,2655.0,0,11,9893,2454,2026-04-30
元大大天,2640.0,0,2000,9893,2454,2026-04-30
元大大天,2630.0,5,0,9893,2454,2026-04-30
元大桃興,2620.0,1005,25,9894,2454,2026-04-30
元大北投,2580.0,8,0,989A,2454,2026-04-30
元大北投,2590.0,58,1000,989A,2454,2026-04-30
元大北投,2600.0,0,200,989A,2454,2026-04-30
元大左營,2620.0,50,102,989D,2454,2026-04-30
元大左營,2630.0,0,71,989D,2454,2026-04-30
元大左營,2640.0,2000,2035,989D,2454,2026-04-30
元大左營,2650.0,0,1,989D,2454,2026-04-30
元大中和,2580.0,120,250,989e,2454,2026-04-30
元大中和,2600.0,13,80,989e,2454,2026-04-30
元大中和,2610.0,50,70,989e,2454,2026-04-30
元大中和,2620.0,40,160,989e,2454,2026-04-30
元大中和,2630.0,0,260,989e,2454,2026-04-30
元大中和,2640.0,0,50,989e,2454,2026-04-30
元大中和,2650.0,5,105,989e,2454,2026-04-30
元大中和,2670.0,1000,0,989e,2454,2026-04-30
元大草屯,2575.0,62,0,989E,2454,2026-04-30
元大草屯,2585.0,5,100,989E,2454,2026-04-30
元大草屯,2595.0,1070,20,989E,2454,2026-04-30
元大草屯,2605.0,0,1089,989E,2454,2026-04-30
元大草屯,2615.0,0,84,989E,2454,2026-04-30
元大高雄,2585.0,2020,2020,989F,2454,2026-04-30
元大高雄,2575.0,1011,1000,989F,2454,2026-04-30
元大東港,2650.0,0,1000,989f,2454,2026-04-30
元大東港,2635.0,202,0,989f,2454,2026-04-30
元大東港,2625.0,1,121,989f,2454,2026-04-30
元大東港,2615.0,0,89,989f,2454,2026-04-30
元大左營,2610.0,10,109,989D,2454,2026-04-30
元大東港,2605.0,0,50,989f,2454,2026-04-30
元大東港,2580.0,10,5,989f,2454,2026-04-30
元大草屯,2665.0,0,1000,989E,2454,2026-04-30
元大草屯,2655.0,0,5,989E,2454,2026-04-30
元大草屯,2645.0,50,5,989E,2454,2026-04-30
元大草屯,2635.0,75,200,989E,2454,2026-04-30
元大草屯,2625.0,50,1420,989E,2454,2026-04-30
元大東港,2590.0,100,3,989f,2454,2026-04-30
元大左營,2600.0,10,0,989D,2454,2026-04-30
元大左營,2585.0,49,0,989D,2454,2026-04-30
元大左營,2575.0,10,6,989D,2454,2026-04-30
元大中港,2645.0,1000,1006,989B,2454,2026-04-30
元大中港,2635.0,40,1000,989B,2454,2026-04-30
元大中港,2625.0,13,0,989B,2454,2026-04-30
元大中港,2615.0,8,0,989B,2454,2026-04-30
元大中港,2605.0,0,1,989B,2454,2026-04-30
元大中港,2595.0,1101,2,989B,2454,2026-04-30
元大板橋,2570.0,0,1000,989C,2454,2026-04-30
元大中港,2585.0,51,20,989B,2454,2026-04-30
元大北投,2660.0,1000,0,989A,2454,2026-04-30
元大北投,2650.0,30,50,989A,2454,2026-04-30
元大北投,2640.0,0,3025,989A,2454,2026-04-30
元大北投,2630.0,1005,64,989A,2454,2026-04-30
元大北投,2620.0,1075,320,989A,2454,2026-04-30
元大北投,2610.0,100,125,989A,2454,2026-04-30
元大中港,2575.0,10,0,989B,2454,2026-04-30
元大永和,2600.0,50,143,9891,2454,2026-04-30
元大板橋,2580.0,18,5,989C,2454,2026-04-30
元大板橋,2600.0,10,3,989C,2454,2026-04-30
元大北屯,2660.0,1000,0,989d,2454,2026-04-30
元大北屯,2645.0,0,584,989d,2454,2026-04-30
元大北屯,2635.0,0,1000,989d,2454,2026-04-30
元大北屯,2625.0,2022,1262,989d,2454,2026-04-30
元大北屯,2615.0,270,0,989d,2454,2026-04-30
元大北屯,2605.0,1026,100,989d,2454,2026-04-30
元大板橋,2590.0,100,0,989C,2454,2026-04-30
元大北屯,2595.0,1000,0,989d,2454,2026-04-30
元大板橋,2670.0,0,1000,989C,2454,2026-04-30
元大板橋,2650.0,0,1010,989C,2454,2026-04-30
元大板橋,2640.0,0,5,989C,2454,2026-04-30
元大板橋,2630.0,329,1014,989C,2454,2026-04-30
元大板橋,2620.0,40,110,989C,2454,2026-04-30
元大板橋,2610.0,24,122,989C,2454,2026-04-30
元大北屯,2585.0,10,6,989d,2454,2026-04-30
元大永和,2585.0,1000,0,9891,2454,2026-04-30
元大永和,2575.0,3,10,9891,2454,2026-04-30
元大長庚,2675.0,0,1000,988V,2454,2026-04-30
元大基孝,2625.0,1000,3002,986K,2454,2026-04-30
元大基孝,2635.0,1000,5,986K,2454,2026-04-30
元大基孝,2645.0,0,3,986K,2454,2026-04-30
元大基孝,2655.0,0,102,986K,2454,2026-04-30
元大忠孝,2575.0,1010,0,9871,2454,2026-04-30
元大忠孝,2585.0,1000,0,9871,2454,2026-04-30
元大忠孝,2600.0,20,120,9871,2454,2026-04-30
元大忠孝,2610.0,720,0,9871,2454,2026-04-30
元大忠孝,2620.0,219,1060,9871,2454,2026-04-30
元大忠孝,2630.0,1000,120,9871,2454,2026-04-30
元大忠孝,2640.0,2010,1000,9871,2454,2026-04-30
元大忠孝,2650.0,0,310,9871,2454,2026-04-30
元大忠孝,2660.0,1000,0,9871,2454,2026-04-30
元大復北,2580.0,20,1071,9872,2454,2026-04-30
元大復北,2590.0,200,0,9872,2454,2026-04-30
元大復北,2600.0,100,1020,9872,2454,2026-04-30
元大復北,2610.0,106,1004,9872,2454,2026-04-30
元大永寧,2580.0,10,40,9875,2454,2026-04-30
元大雙和,2670.0,1000,0,9874,2454,2026-04-30
元大雙和,2645.0,0,1004,9874,2454,2026-04-30
元大雙和,2635.0,6,1120,9874,2454,2026-04-30
元大雙和,2625.0,2062,1121,9874,2454,2026-04-30
元大雙和,2615.0,1020,1005,9874,2454,2026-04-30
元大基孝,2615.0,20,0,986K,2454,2026-04-30
元大雙和,2605.0,71,350,9874,2454,2026-04-30
元大雙和,2585.0,7,0,9874,2454,2026-04-30
元大雙和,2575.0,115,2050,9874,2454,2026-04-30
元大復北,2655.0,273,10,9872,2454,2026-04-30
元大復北,2640.0,1000,0,9872,2454,2026-04-30
元大復北,2630.0,2000,2070,9872,2454,2026-04-30
元大復北,2620.0,3010,130,9872,2454,2026-04-30
元大雙和,2595.0,39,0,9874,2454,2026-04-30
元大基孝,2600.0,1015,0,986K,2454,2026-04-30
元大基孝,2590.0,1000,0,986K,2454,2026-04-30
元大新盛,2675.0,1000,0,9869,2454,2026-04-30
元大民權,2635.0,15,1218,9867,2454,2026-04-30
元大民權,2625.0,57,1352,9867,2454,2026-04-30
元大民權,2615.0,25010,522,9867,2454,2026-04-30
元大民權,2605.0,60,21000,9867,2454,2026-04-30
元大民權,2595.0,3,0,9867,2454,2026-04-30
元大民權,2575.0,10,0,9867,2454,2026-04-30
元大民權,2645.0,130,3101,9867,2454,2026-04-30
元大和平,2675.0,1000,0,9863,2454,2026-04-30
元大和平,2635.0,0,50,9863,2454,2026-04-30
元大和平,2625.0,1006,1011,9863,2454,2026-04-30
元大和平,2615.0,0,60,9863,2454,2026-04-30
元大和平,2605.0,300,1010,9863,2454,2026-04-30
元大和平,2595.0,21,0,9863,2454,2026-04-30
元大和平,2585.0,5,2,9863,2454,2026-04-30
元大和平,2650.0,0,20,9863,2454,2026-04-30
元大永寧,2600.0,20,0,9875,2454,2026-04-30
元大民權,2655.0,10,0,9867,2454,2026-04-30
元大文心,2595.0,1001,262,9868,2454,2026-04-30
元大新盛,2650.0,0,1004,9869,2454,2026-04-30
元大新盛,2640.0,0,5,9869,2454,2026-04-30
元大新盛,2630.0,0,55,9869,2454,2026-04-30
元大新盛,2620.0,15,0,9869,2454,2026-04-30
元大新盛,2610.0,2005,60,9869,2454,2026-04-30
元大新盛,2600.0,1000,26,9869,2454,2026-04-30
元大文心,2580.0,5,0,9868,2454,2026-04-30
元大新盛,2590.0,0,42,9869,2454,2026-04-30
元大文心,2655.0,1,0,9868,2454,2026-04-30
元大文心,2645.0,0,1000,9868,2454,2026-04-30
元大文心,2635.0,50,1255,9868,2454,2026-04-30
元大文心,2625.0,1341,65,9868,2454,2026-04-30
元大文心,2615.0,8,150,9868,2454,2026-04-30
元大文心,2605.0,5,70,9868,2454,2026-04-30
元大新盛,2580.0,2,0,9869,2454,2026-04-30
元大高雄,2595.0,7,15,989F,2454,2026-04-30
元大永寧,2610.0,0,1000,9875,2454,2026-04-30
元大永寧,2635.0,1,25,9875,2454,2026-04-30
元大鑫永,2650.0,3,30,9888,2454,2026-04-30
元大員林,2580.0,11,0,9889,2454,2026-04-30
元大員林,2595.0,11007,0,9889,2454,2026-04-30
元大員林,2605.0,1001,0,9889,2454,2026-04-30
元大員林,2615.0,1000,1133,9889,2454,2026-04-30
元大員林,2625.0,5,1015,9889,2454,2026-04-30
元大員林,2640.0,0,1003,9889,2454,2026-04-30
元大員林,2650.0,0,5030,9889,2454,2026-04-30
元大員林,2660.0,1000,0,9889,2454,2026-04-30
元大桃園,2580.0,3010,0,988B,2454,2026-04-30
元大桃園,2590.0,16,30,988B,2454,2026-04-30
元大桃園,2600.0,15,3,988B,2454,2026-04-30
元大桃園,2610.0,1010,18,988B,2454,2026-04-30
元大桃園,2620.0,70,60,988B,2454,2026-04-30
元大桃園,2630.0,1010,3022,988B,2454,2026-04-30
元大桃園,2640.0,0,110,988B,2454,2026-04-30
元大桃園,2650.0,5,10,988B,2454,2026-04-30
元大長庚,2630.0,0,1097,988V,2454,2026-04-30
元大長庚,2620.0,21,1,988V,2454,2026-04-30
元大長庚,2610.0,48,1001,988V,2454,2026-04-30
元大長庚,2600.0,1101,3,988V,2454,2026-04-30
元大長庚,2590.0,1000,10,988V,2454,2026-04-30
元大長庚,2580.0,1213,0,988V,2454,2026-04-30
元大鑫永,2640.0,2,0,9888,2454,2026-04-30
元大三重,2650.0,2,0,988C,2454,2026-04-30
元大三重,2625.0,2,5,988C,2454,2026-04-30
元大三重,2615.0,1,0,988C,2454,2026-04-30
元大三重,2595.0,3,0,988C,2454,2026-04-30
元大三重,2585.0,0,101,988C,2454,2026-04-30
元大三重,2575.0,2,0,988C,2454,2026-04-30
元大桃園,2665.0,1000,2000,988B,2454,2026-04-30
元大三重,2635.0,0,1018,988C,2454,2026-04-30
元大鑫永,2620.0,0,30,9888,2454,2026-04-30
元大鑫永,2600.0,10,0,9888,2454,2026-04-30
元大鑫永,2590.0,60,21,9888,2454,2026-04-30
元大板三,2635.0,0,25,9879,2454,2026-04-30
元大板三,2625.0,502,4,9879,2454,2026-04-30
元大板三,2615.0,40,0,9879,2454,2026-04-30
元大板三,2605.0,218,0,9879,2454,2026-04-30
元大板三,2590.0,61,0,9879,2454,2026-04-30
元大板三,2580.0,60,300,9879,2454,2026-04-30
元大板三,2650.0,0,5,9879,2454,2026-04-30
元大金華,2655.0,80,0,9878,2454,2026-04-30
元大金華,2630.0,1000,90,9878,2454,2026-04-30
元大金華,2620.0,26,100,9878,2454,2026-04-30
元大金華,2605.0,1,1340,9878,2454,2026-04-30
元大金華,2595.0,56,0,9878,2454,2026-04-30
元大金華,2585.0,13,50,9878,2454,2026-04-30
元大永寧,2655.0,0,4,9875,2454,2026-04-30
元大金華,2645.0,0,1000,9878,2454,2026-04-30
元大永寧,2625.0,1,20,9875,2454,2026-04-30
元大板三,2660.0,1000,0,9879,2454,2026-04-30
元大楊梅,2580.0,100,0,987A,2454,2026-04-30
元大鑫永,2580.0,10,0,9888,2454,2026-04-30
元大斗信,2650.0,0,120,9884,2454,2026-04-30
元大斗信,2635.0,25,0,9884,2454,2026-04-30
元大斗信,2625.0,120,10,9884,2454,2026-04-30
元大斗信,2615.0,50,0,9884,2454,2026-04-30
元大斗信,2605.0,22,10,9884,2454,2026-04-30
元大板三,2675.0,0,1000,9879,2454,2026-04-30
元大斗信,2595.0,5,1000,9884,2454,2026-04-30
元大楊梅,2655.0,3,0,987A,2454,2026-04-30
元大楊梅,2640.0,20,336,987A,2454,2026-04-30
元大楊梅,2630.0,3085,120,987A,2454,2026-04-30
元大楊梅,2620.0,1017,2030,987A,2454,2026-04-30
元大楊梅,2605.0,0,1005,987A,2454,2026-04-30
元大楊梅,2595.0,21,4,987A,2454,2026-04-30
元大斗信,2580.0,1000,23,9884,2454,2026-04-30
元大高雄,2610.0,1005,151,989F,2454,2026-04-30
元大高雄,2620.0,20,44,989F,2454,2026-04-30
元大高雄,2630.0,51,10,989F,2454,2026-04-30
永豐匯立,2605.0,4599,10000,9A81,2454,2026-04-30
永豐匯立,2615.0,6000,24000,9A81,2454,2026-04-30
永豐匯立,2625.0,10230,28000,9A81,2454,2026-04-30
永豐匯立,2635.0,0,18000,9A81,2454,2026-04-30
永豐匯立,2645.0,4000,6000,9A81,2454,2026-04-30
永豐匯立,2655.0,0,3000,9A81,2454,2026-04-30
永豐匯立,2665.0,8000,59000,9A81,2454,2026-04-30
永豐敦北,2575.0,1000,3000,9A89,2454,2026-04-30
永豐敦北,2585.0,4,10,9A89,2454,2026-04-30
永豐敦北,2595.0,15,1000,9A89,2454,2026-04-30
永豐敦北,2610.0,1001,31,9A89,2454,2026-04-30
永豐敦北,2620.0,1,72,9A89,2454,2026-04-30
永豐敦北,2630.0,3,1035,9A89,2454,2026-04-30
永豐敦北,2640.0,3090,1,9A89,2454,2026-04-30
永豐敦北,2650.0,0,2020,9A89,2454,2026-04-30
永豐敦南,2575.0,1062,100,9A8F,2454,2026-04-30
永豐敦南,2585.0,416,0,9A8F,2454,2026-04-30
永豐松山,2625.0,1110,10,9A91,2454,2026-04-30
永豐松山,2615.0,5,1060,9A91,2454,2026-04-30
永豐松山,2605.0,1,2000,9A91,2454,2026-04-30
永豐松山,2595.0,15,0,9A91,2454,2026-04-30
永豐松山,2585.0,300,1000,9A91,2454,2026-04-30
永豐松山,2575.0,1000,0,9A91,2454,2026-04-30
永豐匯立,2595.0,1000,18000,9A81,2454,2026-04-30
永豐敦南,2665.0,0,1000,9A8F,2454,2026-04-30
永豐敦南,2645.0,0,1311,9A8F,2454,2026-04-30
永豐敦南,2635.0,1035,1055,9A8F,2454,2026-04-30
永豐敦南,2625.0,1010,130,9A8F,2454,2026-04-30
永豐敦南,2615.0,204,15,9A8F,2454,2026-04-30
永豐敦南,2605.0,1004,430,9A8F,2454,2026-04-30
永豐敦南,2595.0,34,1100,9A8F,2454,2026-04-30
永豐敦南,2655.0,0,2025,9A8F,2454,2026-04-30
永豐匯立,2585.0,6000,17000,9A81,2454,2026-04-30
永豐匯立,2575.0,3000,16000,9A81,2454,2026-04-30
永豐埔里,2650.0,0,1000,9A79,2454,2026-04-30
永豐金,2665.0,27000,4000,9A00,2454,2026-04-30
永豐金,2655.0,14042,104,9A00,2454,2026-04-30
永豐金,2645.0,31246,4329,9A00,2454,2026-04-30
永豐金,2635.0,32287,4337,9A00,2454,2026-04-30
永豐金,2625.0,33482,13874,9A00,2454,2026-04-30
永豐金,2615.0,77814,1215,9A00,2454,2026-04-30
永豐金,2675.0,4000,0,9A00,2454,2026-04-30
永豐金,2605.0,7485,8979,9A00,2454,2026-04-30
永豐金,2585.0,1252,10339,9A00,2454,2026-04-30
永豐金,2575.0,1706,5016,9A00,2454,2026-04-30
元大小港,2645.0,1,10,989Z,2454,2026-04-30
元大小港,2630.0,0,2126,989Z,2454,2026-04-30
元大小港,2620.0,12,150,989Z,2454,2026-04-30
元大小港,2610.0,3001,0,989Z,2454,2026-04-30
永豐金,2595.0,238,21077,9A00,2454,2026-04-30
永豐松山,2635.0,1000,5,9A91,2454,2026-04-30
永豐鳳山,2585.0,40,0,9A61,2454,2026-04-30
永豐鳳山,2610.0,10,0,9A61,2454,2026-04-30
永豐埔里,2635.0,0,50,9A79,2454,2026-04-30
永豐埔里,2625.0,0,100,9A79,2454,2026-04-30
永豐埔里,2610.0,0,401,9A79,2454,2026-04-30
永豐埔里,2595.0,5,0,9A79,2454,2026-04-30
永豐埔里,2585.0,0,70,9A79,2454,2026-04-30
永豐屏東,2655.0,50,0,9A69,2454,2026-04-30
永豐鳳山,2600.0,1,80,9A61,2454,2026-04-30
永豐屏東,2645.0,0,5,9A69,2454,2026-04-30
永豐屏東,2625.0,10,0,9A69,2454,2026-04-30
永豐屏東,2615.0,3,0,9A69,2454,2026-04-30
永豐屏東,2585.0,0,5,9A69,2454,2026-04-30
永豐鳳山,2650.0,10,11,9A61,2454,2026-04-30
永豐鳳山,2635.0,257,1000,9A61,2454,2026-04-30
永豐鳳山,2625.0,100,100,9A61,2454,2026-04-30
永豐屏東,2635.0,0,122,9A69,2454,2026-04-30
元大小港,2600.0,1040,10,989Z,2454,2026-04-30
永豐松山,2645.0,1000,5,9A91,2454,2026-04-30
永豐萬盛,2580.0,1074,100,9A92,2454,2026-04-30
永豐苓雅,2625.0,11000,7382,9A9a,2454,2026-04-30
永豐苓雅,2635.0,7001,2000,9A9a,2454,2026-04-30
永豐苓雅,2645.0,5000,5000,9A9a,2454,2026-04-30
永豐苓雅,2655.0,1000,2000,9A9a,2454,2026-04-30
永豐苓雅,2675.0,1000,0,9A9a,2454,2026-04-30
永豐羅東,2575.0,0,2,9A9A,2454,2026-04-30
永豐羅東,2590.0,1,0,9A9A,2454,2026-04-30
永豐羅東,2610.0,1,0,9A9A,2454,2026-04-30
永豐羅東,2620.0,105,0,9A9A,2454,2026-04-30
永豐羅東,2630.0,1000,7,9A9A,2454,2026-04-30
永豐羅東,2640.0,1,0,9A9A,2454,2026-04-30
永豐羅東,2650.0,0,50,9A9A,2454,2026-04-30
永豐虎尾,2615.0,1,0,9A9b,2454,2026-04-30
永豐虎尾,2630.0,0,1000,9A9b,2454,2026-04-30
永豐虎尾,2665.0,0,2000,9A9b,2454,2026-04-30
永豐中和,2585.0,0,1050,9A9B,2454,2026-04-30
永豐中和,2595.0,11,10,9A9B,2454,2026-04-30
永豐員林,2600.0,2,10,9A9C,2454,2026-04-30
永豐員林,2590.0,0,10,9A9C,2454,2026-04-30
永豐員林,2580.0,20,0,9A9C,2454,2026-04-30
永豐永康,2650.0,10,11,9A9c,2454,2026-04-30
永豐永康,2640.0,1010,0,9A9c,2454,2026-04-30
永豐永康,2630.0,10,1045,9A9c,2454,2026-04-30
永豐苓雅,2615.0,4000,13030,9A9a,2454,2026-04-30
永豐永康,2620.0,110,7,9A9c,2454,2026-04-30
永豐永康,2590.0,45,0,9A9c,2454,2026-04-30
永豐永康,2580.0,0,1,9A9c,2454,2026-04-30
永豐中和,2635.0,10,10,9A9B,2454,2026-04-30
永豐中和,2625.0,1100,62,9A9B,2454,2026-04-30
永豐中和,2615.0,0,1020,9A9B,2454,2026-04-30
永豐中和,2605.0,0,5,9A9B,2454,2026-04-30
永豐永康,2610.0,8,1041,9A9c,2454,2026-04-30
永豐苓雅,2605.0,2001,6010,9A9a,2454,2026-04-30
永豐苓雅,2595.0,4100,8030,9A9a,2454,2026-04-30
永豐苓雅,2585.0,2010,1100,9A9a,2454,2026-04-30
永豐新竹,2630.0,50,3110,9A97,2454,2026-04-30
永豐新竹,2620.0,40,173,9A97,2454,2026-04-30
永豐新竹,2610.0,0,130,9A97,2454,2026-04-30
永豐新竹,2600.0,6,1070,9A97,2454,2026-04-30
永豐新竹,2590.0,2061,0,9A97,2454,2026-04-30
永豐新竹,2580.0,151,120,9A97,2454,2026-04-30
永豐新竹,2640.0,0,1220,9A97,2454,2026-04-30
永豐萬盛,2670.0,1000,0,9A92,2454,2026-04-30
永豐萬盛,2640.0,10,0,9A92,2454,2026-04-30
永豐萬盛,2630.0,2121,39,9A92,2454,2026-04-30
永豐萬盛,2620.0,15,15,9A92,2454,2026-04-30
永豐萬盛,2610.0,267,190,9A92,2454,2026-04-30
永豐萬盛,2600.0,170,0,9A92,2454,2026-04-30
永豐萬盛,2590.0,22,2000,9A92,2454,2026-04-30
永豐萬盛,2655.0,0,1000,9A92,2454,2026-04-30
永豐松山,2665.0,1000,0,9A91,2454,2026-04-30
永豐新竹,2650.0,0,1085,9A97,2454,2026-04-30
永豐大園,2585.0,1100,85,9A98,2454,2026-04-30
永豐苓雅,2575.0,5,50,9A9a,2454,2026-04-30
永豐中壢,2650.0,0,100,9A99,2454,2026-04-30
永豐中壢,2640.0,0,10,9A99,2454,2026-04-30
永豐中壢,2630.0,2000,40,9A99,2454,2026-04-30
永豐中壢,2620.0,310,40,9A99,2454,2026-04-30
永豐中壢,2610.0,21,50,9A99,2454,2026-04-30
永豐大園,2575.0,4002,0,9A98,2454,2026-04-30
永豐中壢,2600.0,520,1,9A99,2454,2026-04-30
永豐中壢,2575.0,1002,0,9A99,2454,2026-04-30
永豐大園,2640.0,1002,25,9A98,2454,2026-04-30
永豐大園,2630.0,1000,0,9A98,2454,2026-04-30
永豐大園,2620.0,0,8001,9A98,2454,2026-04-30
永豐大園,2605.0,10,0,9A98,2454,2026-04-30
永豐大園,2595.0,2000,0,9A98,2454,2026-04-30
永豐中壢,2590.0,20,0,9A99,2454,2026-04-30
永豐員林,2620.0,0,42,9A9C,2454,2026-04-30
元大小港,2585.0,0,1000,989Z,2454,2026-04-30
元大基隆,2665.0,0,1000,989Y,2454,2026-04-30
元大彰生,2600.0,100,116,989J,2454,2026-04-30
元大彰生,2610.0,0,3010,989J,2454,2026-04-30
元大彰生,2620.0,85,50,989J,2454,2026-04-30
元大彰生,2630.0,1000,17,989J,2454,2026-04-30
元大彰生,2640.0,0,103,989J,2454,2026-04-30
元大古亭,2585.0,50,0,989k,2454,2026-04-30
元大古亭,2595.0,5,0,989k,2454,2026-04-30
元大古亭,2605.0,25,0,989k,2454,2026-04-30
元大古亭,2615.0,1,10,989k,2454,2026-04-30
元大古亭,2625.0,90,1170,989k,2454,2026-04-30
元大古亭,2635.0,340,50,989k,2454,2026-04-30
元大古亭,2650.0,5,10,989k,2454,2026-04-30
元大古亭,2665.0,0,1000,989k,2454,2026-04-30
元大成功,2580.0,50,20,989L,2454,2026-04-30
元大成功,2590.0,23,7,989L,2454,2026-04-30
元大成功,2600.0,257,1021,989L,2454,2026-04-30
元大成功,2610.0,28,127,989L,2454,2026-04-30
元大信義,2675.0,1000,2000,989m,2454,2026-04-30
元大信義,2665.0,0,1000,989m,2454,2026-04-30
元大信義,2650.0,50,10,989m,2454,2026-04-30
元大信義,2640.0,0,1040,989m,2454,2026-04-30
元大信義,2630.0,8010,5001,989m,2454,2026-04-30
元大信義,2620.0,11,60,989m,2454,2026-04-30
元大彰生,2580.0,1,0,989J,2454,2026-04-30
元大信義,2610.0,101,1059,989m,2454,2026-04-30
元大信義,2585.0,11010,0,989m,2454,2026-04-30
元大信義,2575.0,0,3005,989m,2454,2026-04-30
元大成功,2650.0,6,106,989L,2454,2026-04-30
元大成功,2640.0,35,2085,989L,2454,2026-04-30
元大成功,2630.0,4008,327,989L,2454,2026-04-30
元大成功,2620.0,11,13,989L,2454,2026-04-30
元大信義,2600.0,1,0,989m,2454,2026-04-30
元大樹林,2665.0,1000,1000,989j,2454,2026-04-30
元大樹林,2650.0,0,73,989j,2454,2026-04-30
元大樹林,2640.0,0,53,989j,2454,2026-04-30
元大大同,2615.0,22,0,989G,2454,2026-04-30
元大大同,2605.0,36,0,989G,2454,2026-04-30
元大大同,2595.0,1003,0,989G,2454,2026-04-30
元大大同,2580.0,20,0,989G,2454,2026-04-30
元大嘉義,2650.0,100,1017,989g,2454,2026-04-30
元大嘉義,2635.0,3000,5013,989g,2454,2026-04-30
元大大同,2625.0,18,650,989G,2454,2026-04-30
元大嘉義,2625.0,2,406,989g,2454,2026-04-30
元大嘉義,2605.0,27,50,989g,2454,2026-04-30
元大嘉義,2595.0,9,210,989g,2454,2026-04-30
元大嘉義,2585.0,5,0,989g,2454,2026-04-30
元大嘉義,2575.0,15,0,989g,2454,2026-04-30
元大高雄,2655.0,0,1000,989F,2454,2026-04-30
元大高雄,2645.0,0,32,989F,2454,2026-04-30
元大嘉義,2615.0,1,0,989g,2454,2026-04-30
元大內湖,2580.0,36,1016,989N,2454,2026-04-30
元大大同,2635.0,56,40,989G,2454,2026-04-30
元大蘆中,2575.0,1016,0,989I,2454,2026-04-30
元大樹林,2630.0,150,19,989j,2454,2026-04-30
元大樹林,2620.0,10,71,989j,2454,2026-04-30
元大樹林,2610.0,17,17,989j,2454,2026-04-30
元大樹林,2600.0,1501,53,989j,2454,2026-04-30
元大樹林,2590.0,1012,0,989j,2454,2026-04-30
元大樹林,2580.0,0,20,989j,2454,2026-04-30
元大大同,2645.0,10,0,989G,2454,2026-04-30
元大蘆中,2675.0,3000,0,989I,2454,2026-04-30
元大蘆中,2635.0,51,88,989I,2454,2026-04-30
元大蘆中,2625.0,10,1011,989I,2454,2026-04-30
元大蘆中,2615.0,400,0,989I,2454,2026-04-30
元大蘆中,2605.0,10,0,989I,2454,2026-04-30
元大蘆中,2595.0,1005,0,989I,2454,2026-04-30
元大蘆中,2585.0,60,0,989I,2454,2026-04-30
元大蘆中,2645.0,20,10,989I,2454,2026-04-30
元大小港,2575.0,5,0,989Z,2454,2026-04-30
元大內湖,2590.0,26,21,989N,2454,2026-04-30
元大內湖,2610.0,55,1002,989N,2454,2026-04-30
元大大甲,2620.0,100,100,989U,2454,2026-04-30
元大大甲,2630.0,0,121,989U,2454,2026-04-30
元大大甲,2640.0,0,110,989U,2454,2026-04-30
元大大甲,2670.0,1000,0,989U,2454,2026-04-30
元大北重,2580.0,0,2,989V,2454,2026-04-30
元大北重,2590.0,2,0,989V,2454,2026-04-30
元大北重,2605.0,0,20,989V,2454,2026-04-30
元大北重,2620.0,20,62,989V,2454,2026-04-30
元大北重,2630.0,0,5,989V,2454,2026-04-30
元大北重,2645.0,0,50,989V,2454,2026-04-30
元大站前,2580.0,10,0,989W,2454,2026-04-30
元大站前,2590.0,0,50,989W,2454,2026-04-30
元大站前,2600.0,1001,0,989W,2454,2026-04-30
元大站前,2615.0,10,0,989W,2454,2026-04-30
元大站前,2625.0,3001,2050,989W,2454,2026-04-30
元大站前,2635.0,0,67,989W,2454,2026-04-30
元大站前,2650.0,1,30,989W,2454,2026-04-30
元大基隆,2650.0,5,1117,989Y,2454,2026-04-30
元大基隆,2640.0,5,61,989Y,2454,2026-04-30
元大基隆,2630.0,2012,58,989Y,2454,2026-04-30
元大基隆,2620.0,11,31,989Y,2454,2026-04-30
元大基隆,2610.0,8,1022,989Y,2454,2026-04-30
元大基隆,2595.0,1001,0,989Y,2454,2026-04-30
元大大甲,2610.0,54,1000,989U,2454,2026-04-30
元大基隆,2585.0,18,0,989Y,2454,2026-04-30
元大三民,2650.0,1,0,989X,2454,2026-04-30
元大三民,2635.0,300,1350,989X,2454,2026-04-30
元大三民,2625.0,20,107,989X,2454,2026-04-30
元大三民,2610.0,1120,50,989X,2454,2026-04-30
元大三民,2595.0,0,1000,989X,2454,2026-04-30
元大三民,2585.0,1010,111,989X,2454,2026-04-30
元大基隆,2575.0,0,2,989Y,2454,2026-04-30
元大大甲,2600.0,6,13,989U,2454,2026-04-30
元大大甲,2590.0,16,0,989U,2454,2026-04-30
元大大甲,2575.0,5,0,989U,2454,2026-04-30
元大敦南,2665.0,0,1000,989P,2454,2026-04-30
元大敦南,2650.0,0,52,989P,2454,2026-04-30
元大敦南,2640.0,4,110,989P,2454,2026-04-30
元大敦南,2630.0,1006,1170,989P,2454,2026-04-30
元大敦南,2620.0,203,2272,989P,2454,2026-04-30
元大敦南,2610.0,99,1121,989P,2454,2026-04-30
元大汐止,2575.0,1009,0,989Q,2454,2026-04-30
元大敦南,2600.0,161,31,989P,2454,2026-04-30
元大敦南,2580.0,2070,0,989P,2454,2026-04-30
元大敦南,2565.0,1000,0,989P,2454,2026-04-30
元大內湖,2650.0,5,5031,989N,2454,2026-04-30
元大內湖,2640.0,1,11,989N,2454,2026-04-30
元大內湖,2630.0,9,2029,989N,2454,2026-04-30
元大內湖,2620.0,46,135,989N,2454,2026-04-30
元大敦南,2590.0,120,0,989P,2454,2026-04-30
元大內湖,2600.0,32,20,989N,2454,2026-04-30
元大汐止,2585.0,6,0,989Q,2454,2026-04-30
元大汐止,2605.0,204,70,989Q,2454,2026-04-30
元大鹿港,2640.0,4,5,989S,2454,2026-04-30
元大鹿港,2630.0,0,170,989S,2454,2026-04-30
元大鹿港,2620.0,103,3,989S,2454,2026-04-30
元大鹿港,2610.0,5,1015,989S,2454,2026-04-30
元大鹿港,2600.0,1023,15,989S,2454,2026-04-30
元大鹿港,2590.0,100,40,989S,2454,2026-04-30
元大汐止,2595.0,1002,18,989Q,2454,2026-04-30
元大鹿港,2580.0,10,0,989S,2454,2026-04-30
元大汐止,2665.0,1000,0,989Q,2454,2026-04-30
元大汐止,2655.0,0,1000,989Q,2454,2026-04-30
元大汐止,2645.0,0,3020,989Q,2454,2026-04-30
元大汐止,2635.0,117,45,989Q,2454,2026-04-30
元大汐止,2625.0,2032,151,989Q,2454,2026-04-30
元大汐止,2615.0,1001,10,989Q,2454,2026-04-30
元大汐止,2675.0,0,3000,989Q,2454,2026-04-30
永豐新莊,2635.0,0,90,9A9H,2454,2026-04-30
元大小港,2590.0,1,0,989Z,2454,2026-04-30
富邦二林,2675.0,1000,0,962B,2454,2026-04-30
玉山左營,2575.0,12,1000,884D,2454,2026-04-30
玉山信義,2655.0,0,4,884C,2454,2026-04-30
玉山信義,2640.0,0,1040,884C,2454,2026-04-30
玉山信義,2630.0,150,2112,884C,2454,2026-04-30
玉山信義,2620.0,6,299,884C,2454,2026-04-30
玉山信義,2610.0,11,357,884C,2454,2026-04-30
玉山信義,2600.0,100,50,884C,2454,2026-04-30
玉山信義,2585.0,51,100,884C,2454,2026-04-30
玉山信義,2575.0,52,0,884C,2454,2026-04-30
玉山台中,2665.0,0,1000,884B,2454,2026-04-30
玉山台中,2655.0,0,40,884B,2454,2026-04-30
玉山台中,2640.0,0,5063,884B,2454,2026-04-30
玉山台中,2630.0,0,1048,884B,2454,2026-04-30
玉山台中,2620.0,1003,1102,884B,2454,2026-04-30
玉山台中,2610.0,2027,1050,884B,2454,2026-04-30
玉山台中,2600.0,38,287,884B,2454,2026-04-30
玉山台中,2590.0,1243,10,884B,2454,2026-04-30
玉山台中,2580.0,19,50,884B,2454,2026-04-30
玉山士林,2670.0,0,1000,884A,2454,2026-04-30
玉山士林,2660.0,0,1000,884A,2454,2026-04-30
玉山士林,2650.0,1000,1105,884A,2454,2026-04-30
玉山士林,2640.0,10,32,884A,2454,2026-04-30
玉山士林,2630.0,120,60,884A,2454,2026-04-30
玉山士林,2620.0,2,100,884A,2454,2026-04-30
玉山士林,2610.0,1011,0,884A,2454,2026-04-30
玉山士林,2600.0,52,5,884A,2454,2026-04-30
玉山士林,2590.0,5,20,884A,2454,2026-04-30
玉山左營,2585.0,1000,0,884D,2454,2026-04-30
玉山左營,2595.0,50,0,884D,2454,2026-04-30
玉山左營,2605.0,161,0,884D,2454,2026-04-30
玉山左營,2615.0,0,1005,884D,2454,2026-04-30
玉山新竹,2635.0,71,7110,884H,2454,2026-04-30
玉山新竹,2625.0,1,3212,884H,2454,2026-04-30
玉山新竹,2615.0,0,1063,884H,2454,2026-04-30
玉山新竹,2605.0,5020,116,884H,2454,2026-04-30
玉山新竹,2595.0,1000,20,884H,2454,2026-04-30
玉山新竹,2585.0,20,1,884H,2454,2026-04-30
玉山新竹,2575.0,1011,0,884H,2454,2026-04-30
玉山桃園,2655.0,5,1000,884F,2454,2026-04-30
玉山桃園,2645.0,150,155,884F,2454,2026-04-30
玉山桃園,2635.0,1000,135,884F,2454,2026-04-30
玉山桃園,2625.0,81,1211,884F,2454,2026-04-30
玉山桃園,2615.0,50,209,884F,2454,2026-04-30
玉山桃園,2605.0,0,10,884F,2454,2026-04-30
玉山士林,2580.0,15,113,884A,2454,2026-04-30
玉山桃園,2585.0,15,4,884F,2454,2026-04-30
玉山城中,2655.0,0,30,884E,2454,2026-04-30
玉山城中,2645.0,1000,0,884E,2454,2026-04-30
玉山城中,2635.0,1,1053,884E,2454,2026-04-30
玉山城中,2625.0,112,39430,884E,2454,2026-04-30
玉山城中,2615.0,54,1050,884E,2454,2026-04-30
玉山城中,2605.0,1,1110,884E,2454,2026-04-30
玉山城中,2595.0,10,0,884E,2454,2026-04-30
玉山城中,2585.0,1011,0,884E,2454,2026-04-30
玉山城中,2575.0,8,0,884E,2454,2026-04-30
玉山左營,2665.0,0,1000,884D,2454,2026-04-30
玉山左營,2645.0,0,37,884D,2454,2026-04-30
玉山左營,2635.0,2001,1450,884D,2454,2026-04-30
玉山左營,2625.0,6,66,884D,2454,2026-04-30
玉山桃園,2575.0,1003,0,884F,2454,2026-04-30
玉山新竹,2645.0,0,56,884H,2454,2026-04-30
玉山景美,2665.0,0,2000,8849,2454,2026-04-30
玉山景美,2635.0,210,0,8849,2454,2026-04-30
玉山高雄,2625.0,145,97,8843,2454,2026-04-30
玉山高雄,2615.0,61,25,8843,2454,2026-04-30
玉山高雄,2605.0,5,1040,8843,2454,2026-04-30
玉山高雄,2595.0,1,111,8843,2454,2026-04-30
玉山高雄,2585.0,15,1093,8843,2454,2026-04-30
玉山高雄,2575.0,12,0,8843,2454,2026-04-30
玉山新莊,2665.0,1000,0,8842,2454,2026-04-30
玉山新莊,2650.0,0,20,8842,2454,2026-04-30
玉山新莊,2640.0,0,1050,8842,2454,2026-04-30
玉山新莊,2630.0,1005,2025,8842,2454,2026-04-30
玉山新莊,2620.0,0,70,8842,2454,2026-04-30
玉山新莊,2610.0,110,4006,8842,2454,2026-04-30
玉山新莊,2595.0,11,1,8842,2454,2026-04-30
玉山新莊,2585.0,1002,40,8842,2454,2026-04-30
玉山新莊,2575.0,1002,0,8842,2454,2026-04-30
玉山雙和,2665.0,1000,0,8841,2454,2026-04-30
玉山雙和,2655.0,0,10,8841,2454,2026-04-30
玉山雙和,2645.0,40,61,8841,2454,2026-04-30
玉山雙和,2635.0,1,2060,8841,2454,2026-04-30
玉山雙和,2625.0,1,97,8841,2454,2026-04-30
玉山雙和,2615.0,100,1000,8841,2454,2026-04-30
玉山雙和,2600.0,1227,0,8841,2454,2026-04-30
玉山雙和,2585.0,1020,10,8841,2454,2026-04-30
玉山雙和,2565.0,0,1000,8841,2454,2026-04-30
玉山,2665.0,3000,1000,8840,2454,2026-04-30
玉山,2650.0,2,2075,8840,2454,2026-04-30
玉山,2640.0,20,0,8840,2454,2026-04-30
玉山高雄,2635.0,160,10,8843,2454,2026-04-30
玉山高雄,2645.0,0,4030,8843,2454,2026-04-30
玉山高雄,2665.0,2000,2000,8843,2454,2026-04-30
玉山板橋,2575.0,1,6,8846,2454,2026-04-30
玉山景美,2625.0,2230,20,8849,2454,2026-04-30
玉山景美,2615.0,50,1007,8849,2454,2026-04-30
玉山景美,2605.0,55,0,8849,2454,2026-04-30
玉山景美,2590.0,1,1065,8849,2454,2026-04-30
玉山景美,2580.0,2000,233,8849,2454,2026-04-30
玉山嘉義,2655.0,0,1000,8848,2454,2026-04-30
玉山嘉義,2635.0,3,51,8848,2454,2026-04-30
玉山嘉義,2625.0,28,50,8848,2454,2026-04-30
玉山嘉義,2615.0,3,1000,8848,2454,2026-04-30
玉山嘉義,2605.0,15,5,8848,2454,2026-04-30
玉山嘉義,2590.0,22,0,8848,2454,2026-04-30
玉山嘉義,2580.0,5,0,8848,2454,2026-04-30
玉山台南,2655.0,25,1000,8847,2454,2026-04-30
玉山景美,2650.0,1000,2070,8849,2454,2026-04-30
玉山台南,2645.0,0,56,8847,2454,2026-04-30
玉山台南,2625.0,165,170,8847,2454,2026-04-30
玉山台南,2615.0,1060,50,8847,2454,2026-04-30
玉山台南,2605.0,30,30,8847,2454,2026-04-30
玉山台南,2590.0,10,50,8847,2454,2026-04-30
玉山台南,2580.0,5,5,8847,2454,2026-04-30
玉山板橋,2665.0,1000,0,8846,2454,2026-04-30
玉山板橋,2645.0,0,40,8846,2454,2026-04-30
玉山板橋,2635.0,1010,3015,8846,2454,2026-04-30
玉山板橋,2625.0,3,2020,8846,2454,2026-04-30
玉山板橋,2615.0,2000,1080,8846,2454,2026-04-30
玉山板橋,2605.0,3000,14,8846,2454,2026-04-30
玉山板橋,2595.0,60,20,8846,2454,2026-04-30
玉山板橋,2585.0,1000,0,8846,2454,2026-04-30
玉山台南,2635.0,5,1141,8847,2454,2026-04-30
玉山,2630.0,7013,3417,8840,2454,2026-04-30
玉山新竹,2655.0,0,1000,884H,2454,2026-04-30
玉山大里,2590.0,210,1002,884J,2454,2026-04-30
國泰忠孝,2640.0,0,2,8887,2454,2026-04-30
國泰忠孝,2630.0,2015,1087,8887,2454,2026-04-30
國泰忠孝,2620.0,217,1027,8887,2454,2026-04-30
國泰忠孝,2610.0,221,68,8887,2454,2026-04-30
國泰忠孝,2600.0,425,0,8887,2454,2026-04-30
國泰忠孝,2590.0,20,0,8887,2454,2026-04-30
國泰忠孝,2580.0,26,5,8887,2454,2026-04-30
國泰新莊,2675.0,2000,0,8886,2454,2026-04-30
國泰新莊,2655.0,4,11,8886,2454,2026-04-30
國泰新莊,2645.0,1001,1202,8886,2454,2026-04-30
國泰新莊,2635.0,1,337,8886,2454,2026-04-30
國泰新莊,2625.0,65,103,8886,2454,2026-04-30
國泰新莊,2615.0,58,1230,8886,2454,2026-04-30
國泰新莊,2605.0,31,24,8886,2454,2026-04-30
國泰新莊,2595.0,25,1050,8886,2454,2026-04-30
國泰新莊,2585.0,7,125,8886,2454,2026-04-30
國泰新莊,2575.0,1020,1,8886,2454,2026-04-30
國泰桃園,2670.0,1000,1000,8885,2454,2026-04-30
國泰桃園,2655.0,1000,1020,8885,2454,2026-04-30
國泰桃園,2645.0,4,1026,8885,2454,2026-04-30
國泰桃園,2635.0,1579,51,8885,2454,2026-04-30
國泰桃園,2625.0,3029,2155,8885,2454,2026-04-30
國泰桃園,2615.0,74,1039,8885,2454,2026-04-30
國泰桃園,2605.0,1014,102,8885,2454,2026-04-30
國泰桃園,2595.0,1212,70,8885,2454,2026-04-30
國泰桃園,2585.0,3055,2101,8885,2454,2026-04-30
國泰桃園,2575.0,2051,1007,8885,2454,2026-04-30
國泰忠孝,2650.0,20,81,8887,2454,2026-04-30
國泰忠孝,2665.0,1000,0,8887,2454,2026-04-30
國泰忠孝,2675.0,1000,0,8887,2454,2026-04-30
國泰敦南,2575.0,10591,1636,8888,2454,2026-04-30
國泰板橋,2640.0,3151,4413,888K,2454,2026-04-30
國泰板橋,2630.0,4028,11209,888K,2454,2026-04-30
國泰板橋,2620.0,5082,2461,888K,2454,2026-04-30
國泰板橋,2610.0,3274,1401,888K,2454,2026-04-30
國泰板橋,2600.0,1353,1150,888K,2454,2026-04-30
國泰板橋,2590.0,1167,1459,888K,2454,2026-04-30
國泰板橋,2580.0,1342,4050,888K,2454,2026-04-30
國泰板橋,2570.0,2000,0,888K,2454,2026-04-30
國泰館前,2665.0,0,1000,888A,2454,2026-04-30
國泰館前,2655.0,8,1008,888A,2454,2026-04-30
國泰館前,2645.0,103,1091,888A,2454,2026-04-30
國泰館前,2635.0,124,2026,888A,2454,2026-04-30
國泰館前,2625.0,2618,3633,888A,2454,2026-04-30
國泰台南,2655.0,2000,1010,8884,2454,2026-04-30
國泰館前,2615.0,1420,16,888A,2454,2026-04-30
國泰館前,2595.0,596,130,888A,2454,2026-04-30
國泰館前,2585.0,6200,25,888A,2454,2026-04-30
國泰館前,2575.0,2428,1000,888A,2454,2026-04-30
國泰敦南,2675.0,13000,3000,8888,2454,2026-04-30
國泰敦南,2665.0,5000,2000,8888,2454,2026-04-30
國泰敦南,2655.0,4031,10228,8888,2454,2026-04-30
國泰敦南,2645.0,3459,13531,8888,2454,2026-04-30
國泰敦南,2635.0,14823,18136,8888,2454,2026-04-30
國泰敦南,2625.0,22418,21020,8888,2454,2026-04-30
國泰敦南,2615.0,3931,8711,8888,2454,2026-04-30
國泰敦南,2605.0,13026,9023,8888,2454,2026-04-30
國泰敦南,2595.0,6482,6569,8888,2454,2026-04-30
國泰敦南,2585.0,12052,4396,8888,2454,2026-04-30
國泰館前,2605.0,1159,358,888A,2454,2026-04-30
玉山大里,2580.0,1039,47,884J,2454,2026-04-30
國泰台南,2645.0,0,6,8884,2454,2026-04-30
國泰台南,2625.0,125,1025,8884,2454,2026-04-30
國泰高雄,2590.0,1753,53,8881,2454,2026-04-30
國泰高雄,2580.0,2202,2,8881,2454,2026-04-30
國泰綜合,2675.0,1000,0,8880,2454,2026-04-30
國泰綜合,2660.0,0,6000,8880,2454,2026-04-30
國泰綜合,2645.0,19,1000,8880,2454,2026-04-30
國泰綜合,2635.0,117,4040,8880,2454,2026-04-30
國泰綜合,2625.0,3130,3561,8880,2454,2026-04-30
國泰綜合,2615.0,1118,2041,8880,2454,2026-04-30
國泰綜合,2605.0,15030,3015,8880,2454,2026-04-30
國泰綜合,2595.0,127,5000,8880,2454,2026-04-30
國泰綜合,2585.0,118,15000,8880,2454,2026-04-30
國泰綜合,2575.0,39,2000,8880,2454,2026-04-30
玉山數位,2650.0,19,50,884M,2454,2026-04-30
玉山數位,2640.0,1000,73,884M,2454,2026-04-30
玉山數位,2630.0,35,151,884M,2454,2026-04-30
玉山數位,2620.0,48,47,884M,2454,2026-04-30
玉山數位,2610.0,66,251,884M,2454,2026-04-30
玉山數位,2600.0,14,85,884M,2454,2026-04-30
玉山數位,2590.0,7,197,884M,2454,2026-04-30
玉山數位,2580.0,112,0,884M,2454,2026-04-30
玉山大里,2660.0,1000,0,884J,2454,2026-04-30
玉山大里,2650.0,1000,4077,884J,2454,2026-04-30
玉山大里,2640.0,1,25,884J,2454,2026-04-30
玉山大里,2630.0,1000,141,884J,2454,2026-04-30
玉山大里,2620.0,14,50,884J,2454,2026-04-30
玉山大里,2610.0,1122,2054,884J,2454,2026-04-30
玉山大里,2600.0,12,1001,884J,2454,2026-04-30
國泰高雄,2600.0,2149,350,8881,2454,2026-04-30
國泰高雄,2610.0,3154,1310,8881,2454,2026-04-30
國泰高雄,2620.0,2094,2144,8881,2454,2026-04-30
國泰高雄,2630.0,2701,1152,8881,2454,2026-04-30
國泰台南,2615.0,1003,115,8884,2454,2026-04-30
國泰台南,2605.0,26,1258,8884,2454,2026-04-30
國泰台南,2595.0,531,6,8884,2454,2026-04-30
國泰台南,2585.0,1036,100,8884,2454,2026-04-30
國泰台南,2575.0,25,45,8884,2454,2026-04-30
國泰松江,2650.0,0,1056,8883,2454,2026-04-30
國泰松江,2640.0,0,1042,8883,2454,2026-04-30
國泰松江,2630.0,1089,5427,8883,2454,2026-04-30
國泰松江,2620.0,2171,316,8883,2454,2026-04-30
國泰松江,2610.0,193,48,8883,2454,2026-04-30
國泰松江,2600.0,2093,1061,8883,2454,2026-04-30
國泰松江,2590.0,1175,20,8883,2454,2026-04-30
國泰松江,2580.0,900,15,8883,2454,2026-04-30
國泰台南,2635.0,25,1013,8884,2454,2026-04-30
國泰松江,2565.0,1000,0,8883,2454,2026-04-30
國泰台中,2655.0,2110,4047,8882,2454,2026-04-30
國泰台中,2645.0,2,6102,8882,2454,2026-04-30
國泰台中,2635.0,1129,7580,8882,2454,2026-04-30
國泰台中,2625.0,5306,3336,8882,2454,2026-04-30
國泰台中,2615.0,2121,2424,8882,2454,2026-04-30
國泰台中,2605.0,6211,1552,8882,2454,2026-04-30
國泰台中,2595.0,2035,2062,8882,2454,2026-04-30
國泰台中,2585.0,1435,1222,8882,2454,2026-04-30
國泰台中,2575.0,4046,58,8882,2454,2026-04-30
國泰高雄,2680.0,1000,0,8881,2454,2026-04-30
國泰高雄,2665.0,0,1000,8881,2454,2026-04-30
國泰高雄,2650.0,5,4203,8881,2454,2026-04-30
國泰高雄,2640.0,50,3139,8881,2454,2026-04-30
國泰台中,2670.0,1000,0,8882,2454,2026-04-30
國泰板橋,2650.0,103,3749,888K,2454,2026-04-30
玉山,2620.0,1049,1080,8840,2454,2026-04-30
玉山,2600.0,3153,1159,8840,2454,2026-04-30
康和嘉義,2630.0,0,38,8459,2454,2026-04-30
康和嘉義,2615.0,0,1000,8459,2454,2026-04-30
康和嘉義,2605.0,4,50,8459,2454,2026-04-30
康和嘉義,2585.0,50,0,8459,2454,2026-04-30
康和台南,2665.0,0,2000,8458,2454,2026-04-30
康和台南,2630.0,0,3000,8458,2454,2026-04-30
康和台南,2620.0,3000,0,8458,2454,2026-04-30
康和台南,2610.0,10,10,8458,2454,2026-04-30
康和台南,2580.0,10,0,8458,2454,2026-04-30
康和新竹,2655.0,0,1000,8456,2454,2026-04-30
康和新竹,2635.0,2000,200,8456,2454,2026-04-30
康和新竹,2610.0,0,100,8456,2454,2026-04-30
康和新竹,2590.0,0,5,8456,2454,2026-04-30
康和新竹,2575.0,10,0,8456,2454,2026-04-30
康和台中,2670.0,1000,0,8455,2454,2026-04-30
康和台中,2645.0,1100,1000,8455,2454,2026-04-30
康和台中,2635.0,15,1,8455,2454,2026-04-30
康和台中,2625.0,0,1,8455,2454,2026-04-30
康和台中,2615.0,38,1,8455,2454,2026-04-30
康和台中,2590.0,0,1,8455,2454,2026-04-30
康和台中,2580.0,10,0,8455,2454,2026-04-30
康和延平,2630.0,0,100,8451,2454,2026-04-30
康和延平,2605.0,20,0,8451,2454,2026-04-30
康和延平,2585.0,0,300,8451,2454,2026-04-30
康和,2645.0,0,3000,8450,2454,2026-04-30
康和,2630.0,2,2,8450,2454,2026-04-30
康和,2620.0,0,2,8450,2454,2026-04-30
康和嘉義,2640.0,40,10,8459,2454,2026-04-30
康和嘉義,2650.0,1,0,8459,2454,2026-04-30
康和內湖,2575.0,0,1015,845A,2454,2026-04-30
康和內湖,2600.0,0,1000,845A,2454,2026-04-30
康和石牌,2665.0,0,1000,845R,2454,2026-04-30
康和石牌,2650.0,0,1000,845R,2454,2026-04-30
康和石牌,2630.0,1000,2000,845R,2454,2026-04-30
康和石牌,2610.0,12001,0,845R,2454,2026-04-30
康和石牌,2585.0,1000,0,845R,2454,2026-04-30
康和高雄,2675.0,0,1000,845J,2454,2026-04-30
康和高雄,2630.0,0,1052,845J,2454,2026-04-30
康和高雄,2620.0,0,5,845J,2454,2026-04-30
康和高雄,2600.0,20,15,845J,2454,2026-04-30
康和高雄,2580.0,15,0,845J,2454,2026-04-30
康和仁愛,2645.0,0,200,845F,2454,2026-04-30
康和仁愛,2635.0,100,5,845F,2454,2026-04-30
康和仁愛,2625.0,50,0,845F,2454,2026-04-30
康和,2605.0,2,20,8450,2454,2026-04-30
康和仁愛,2610.0,1025,0,845F,2454,2026-04-30
康和仁愛,2590.0,0,10,845F,2454,2026-04-30
康和仁愛,2580.0,0,10,845F,2454,2026-04-30
康和澎湖,2620.0,0,1000,845E,2454,2026-04-30
康和板橋,2650.0,0,51,845D,2454,2026-04-30
康和板橋,2635.0,0,2010,845D,2454,2026-04-30
康和板橋,2625.0,0,2,845D,2454,2026-04-30
康和板橋,2605.0,10,0,845D,2454,2026-04-30
康和板橋,2595.0,0,2000,845D,2454,2026-04-30
康和永和,2635.0,0,1,845B,2454,2026-04-30
康和永和,2595.0,0,5,845B,2454,2026-04-30
康和內湖,2660.0,0,1000,845A,2454,2026-04-30
康和內湖,2640.0,0,100,845A,2454,2026-04-30
康和內湖,2620.0,0,20,845A,2454,2026-04-30
康和仁愛,2600.0,10,0,845F,2454,2026-04-30
康和南崁,2590.0,10,0,845S,2454,2026-04-30
康和,2595.0,0,1000,8450,2454,2026-04-30
摩根大通,2665.0,38000,103000,8440,2454,2026-04-30
國票博愛,2620.0,10,2020,779z,2454,2026-04-30
國票博愛,2610.0,0,50,779z,2454,2026-04-30
國票博愛,2585.0,1000,100,779z,2454,2026-04-30
國票中和,2630.0,0,10,779X,2454,2026-04-30
國票中和,2605.0,5,0,779X,2454,2026-04-30
國票中和,2580.0,60,0,779X,2454,2026-04-30
國票彰化,2625.0,0,2,779W,2454,2026-04-30
國票天祥,2665.0,0,5000,779V,2454,2026-04-30
國票天祥,2645.0,0,1010,779V,2454,2026-04-30
國票天祥,2630.0,1000,40,779V,2454,2026-04-30
國票天祥,2620.0,0,7,779V,2454,2026-04-30
國票天祥,2610.0,120,51,779V,2454,2026-04-30
國票天祥,2600.0,5,10,779V,2454,2026-04-30
國票天祥,2585.0,1000,0,779V,2454,2026-04-30
國票天祥,2575.0,10,0,779V,2454,2026-04-30
國票台中,2645.0,0,2000,779v,2454,2026-04-30
國票台中,2630.0,0,1030,779v,2454,2026-04-30
國票台中,2620.0,0,2000,779v,2454,2026-04-30
國票台中,2600.0,4,0,779v,2454,2026-04-30
國票台中,2580.0,1,0,779v,2454,2026-04-30
國票長城,2660.0,1000,0,779u,2454,2026-04-30
國票長城,2625.0,0,1005,779u,2454,2026-04-30
國票長城,2610.0,5,3000,779u,2454,2026-04-30
國票長城,2580.0,1010,0,779u,2454,2026-04-30
國票桃園,2665.0,1000,0,779r,2454,2026-04-30
國票桃園,2615.0,0,2000,779r,2454,2026-04-30
國票桃園,2600.0,0,35,779r,2454,2026-04-30
國票博愛,2630.0,0,1070,779z,2454,2026-04-30
國票安和,2575.0,0,20001,779Z,2454,2026-04-30
國票安和,2585.0,100,4000,779Z,2454,2026-04-30
國票安和,2595.0,1000,5000,779Z,2454,2026-04-30
摩根大通,2655.0,23000,2000,8440,2454,2026-04-30
摩根大通,2645.0,50300,0,8440,2454,2026-04-30
摩根大通,2635.0,101825,18443,8440,2454,2026-04-30
摩根大通,2625.0,59391,60000,8440,2454,2026-04-30
摩根大通,2615.0,75925,23458,8440,2454,2026-04-30
摩根大通,2605.0,22974,6000,8440,2454,2026-04-30
摩根大通,2595.0,11300,38020,8440,2454,2026-04-30
摩根大通,2585.0,15919,48140,8440,2454,2026-04-30
摩根大通,2575.0,3000,20000,8440,2454,2026-04-30
安泰楠梓,2640.0,0,5,8382,2454,2026-04-30
安泰楠梓,2625.0,11,0,8382,2454,2026-04-30
安泰大發,2650.0,0,1000,8381,2454,2026-04-30
安泰大發,2620.0,10,0,8381,2454,2026-04-30
康和,2575.0,1000,0,8450,2454,2026-04-30
安泰大發,2600.0,1000,0,8381,2454,2026-04-30
安泰,2645.0,0,1050,8380,2454,2026-04-30
安泰,2630.0,0,1000,8380,2454,2026-04-30
安泰,2620.0,1000,0,8380,2454,2026-04-30
安泰,2600.0,1000,0,8380,2454,2026-04-30
安泰,2580.0,1010,1000,8380,2454,2026-04-30
國票安和,2675.0,0,10000,779Z,2454,2026-04-30
國票安和,2665.0,1000,18000,779Z,2454,2026-04-30
國票安和,2655.0,0,2000,779Z,2454,2026-04-30
國票安和,2645.0,0,2000,779Z,2454,2026-04-30
國票安和,2635.0,0,2,779Z,2454,2026-04-30
國票安和,2625.0,2500,1050,779Z,2454,2026-04-30
國票安和,2615.0,2008,9000,779Z,2454,2026-04-30
國票安和,2605.0,2005,7000,779Z,2454,2026-04-30
安泰大發,2580.0,0,100,8381,2454,2026-04-30
玉山,2610.0,52,2110,8840,2454,2026-04-30
康和南崁,2650.0,0,30,845S,2454,2026-04-30
康和台北,2605.0,100,0,845U,2454,2026-04-30
聯邦忠孝,2620.0,0,10,8583,2454,2026-04-30
聯邦忠孝,2610.0,0,5,8583,2454,2026-04-30
聯邦嘉義,2640.0,0,100,8582,2454,2026-04-30
聯邦嘉義,2605.0,2,0,8582,2454,2026-04-30
聯邦高雄,2660.0,1000,0,8581,2454,2026-04-30
聯邦高雄,2630.0,5,0,8581,2454,2026-04-30
聯邦高雄,2620.0,40,10,8581,2454,2026-04-30
聯邦高雄,2590.0,2,0,8581,2454,2026-04-30
聯邦高雄,2580.0,15,1,8581,2454,2026-04-30
聯邦,2650.0,4,8002,8580,2454,2026-04-30
聯邦,2640.0,0,1000,8580,2454,2026-04-30
聯邦,2630.0,1,0,8580,2454,2026-04-30
聯邦,2620.0,6,0,8580,2454,2026-04-30
聯邦,2595.0,1000,0,8580,2454,2026-04-30
聯邦,2585.0,1002,0,8580,2454,2026-04-30
聯邦,2575.0,3025,0,8580,2454,2026-04-30
新光桃園,2655.0,1000,0,8565,2454,2026-04-30
新光桃園,2645.0,1,1000,8565,2454,2026-04-30
新光桃園,2635.0,2011,226,8565,2454,2026-04-30
新光桃園,2625.0,866,1342,8565,2454,2026-04-30
新光桃園,2615.0,130,1104,8565,2454,2026-04-30
新光桃園,2605.0,1001,11,8565,2454,2026-04-30
新光桃園,2595.0,4,15,8565,2454,2026-04-30
新光桃園,2585.0,1050,75,8565,2454,2026-04-30
新光桃園,2575.0,1018,15,8565,2454,2026-04-30
新光台南,2665.0,2000,0,8564,2454,2026-04-30
新光台南,2650.0,0,28,8564,2454,2026-04-30
聯邦忠孝,2630.0,2,10,8583,2454,2026-04-30
聯邦雙和,2590.0,11,0,8584,2454,2026-04-30
聯邦雙和,2610.0,10,0,8584,2454,2026-04-30
聯邦雙和,2630.0,0,25,8584,2454,2026-04-30
玉山,2590.0,1680,1450,8840,2454,2026-04-30
玉山,2580.0,1222,113,8840,2454,2026-04-30
玉山,2570.0,1000,0,8840,2454,2026-04-30
陽信台中,2625.0,0,200,8715,2454,2026-04-30
陽信台南,2610.0,0,2000,8714,2454,2026-04-30
陽信高雄,2630.0,0,20,8713,2454,2026-04-30
陽信石牌,2675.0,0,10000,8711,2454,2026-04-30
陽信石牌,2615.0,0,1000,8711,2454,2026-04-30
陽信石牌,2605.0,1000,0,8711,2454,2026-04-30
陽信石牌,2590.0,5,0,8711,2454,2026-04-30
陽信,2660.0,1000,0,8710,2454,2026-04-30
陽信,2625.0,1010,1000,8710,2454,2026-04-30
陽信,2610.0,1000,0,8710,2454,2026-04-30
新光台南,2640.0,1000,13,8564,2454,2026-04-30
聯邦台南,2645.0,0,1000,8588,2454,2026-04-30
聯邦台南,2600.0,0,110,8588,2454,2026-04-30
聯邦台南,2585.0,0,100,8588,2454,2026-04-30
聯邦台南,2575.0,1001,0,8588,2454,2026-04-30
聯邦興中,2630.0,15,100,8587,2454,2026-04-30
聯邦大業,2630.0,0,25,8586,2454,2026-04-30
聯邦大業,2615.0,0,10,8586,2454,2026-04-30
聯邦大業,2585.0,3,0,8586,2454,2026-04-30
聯邦三重,2645.0,0,1000,8585,2454,2026-04-30
聯邦三重,2635.0,0,1,8585,2454,2026-04-30
聯邦三重,2620.0,1,0,8585,2454,2026-04-30
聯邦三重,2605.0,10,0,8585,2454,2026-04-30
聯邦三重,2580.0,10,0,8585,2454,2026-04-30
聯邦雙和,2650.0,0,100,8584,2454,2026-04-30
聯邦台南,2630.0,6,0,8588,2454,2026-04-30
康和台北,2590.0,10010,0,845U,2454,2026-04-30
新光台南,2630.0,2001,1400,8564,2454,2026-04-30
新光台南,2610.0,172,5135,8564,2454,2026-04-30
新光,2675.0,1000,1000,8560,2454,2026-04-30
新光,2665.0,4000,5000,8560,2454,2026-04-30
新光,2655.0,2019,2019,8560,2454,2026-04-30
新光,2645.0,2005,2133,8560,2454,2026-04-30
新光,2635.0,6835,8268,8560,2454,2026-04-30
新光,2625.0,12139,5906,8560,2454,2026-04-30
新光,2615.0,6338,2939,8560,2454,2026-04-30
新光,2605.0,2182,397,8560,2454,2026-04-30
新光,2595.0,1017,4035,8560,2454,2026-04-30
新光,2585.0,2082,1278,8560,2454,2026-04-30
新光,2575.0,3323,2002,8560,2454,2026-04-30
中農,2620.0,30,13,8520,2454,2026-04-30
中農,2585.0,100,0,8520,2454,2026-04-30
京城嘉義,2665.0,0,1000,8492,2454,2026-04-30
京城嘉義,2645.0,1002,0,8492,2454,2026-04-30
京城嘉義,2635.0,1,1010,8492,2454,2026-04-30
京城嘉義,2620.0,1002,0,8492,2454,2026-04-30
京城嘉義,2610.0,1550,30,8492,2454,2026-04-30
京城嘉義,2580.0,200,20,8492,2454,2026-04-30
京城,2620.0,0,10,8490,2454,2026-04-30
京城,2600.0,1000,1050,8490,2454,2026-04-30
京城,2585.0,1000,0,8490,2454,2026-04-30
康和屏東,2650.0,20,0,845X,2454,2026-04-30
康和屏東,2595.0,10,0,845X,2454,2026-04-30
康和台北,2645.0,0,10200,845U,2454,2026-04-30
康和台北,2630.0,0,1,845U,2454,2026-04-30
康和台北,2615.0,0,10,845U,2454,2026-04-30
新光台中,2575.0,1017,45,8561,2454,2026-04-30
新光台中,2585.0,131,147,8561,2454,2026-04-30
新光台中,2595.0,1177,5,8561,2454,2026-04-30
新光台中,2605.0,118,403,8561,2454,2026-04-30
新光台南,2600.0,112,239,8564,2454,2026-04-30
新光台南,2590.0,3110,0,8564,2454,2026-04-30
新光台南,2580.0,10,0,8564,2454,2026-04-30
新光新竹,2665.0,1000,0,8563,2454,2026-04-30
新光新竹,2650.0,1,1028,8563,2454,2026-04-30
新光新竹,2640.0,1000,1615,8563,2454,2026-04-30
新光新竹,2630.0,3020,6105,8563,2454,2026-04-30
新光新竹,2620.0,1003,1010,8563,2454,2026-04-30
新光新竹,2610.0,1005,256,8563,2454,2026-04-30
新光新竹,2600.0,4082,0,8563,2454,2026-04-30
新光新竹,2590.0,24,69,8563,2454,2026-04-30
新光新竹,2580.0,1350,1000,8563,2454,2026-04-30
新光高雄,2680.0,0,1000,8562,2454,2026-04-30
新光台南,2620.0,3,1027,8564,2454,2026-04-30
新光高雄,2665.0,0,1000,8562,2454,2026-04-30
新光高雄,2640.0,1,1012,8562,2454,2026-04-30
新光高雄,2630.0,2001,2014,8562,2454,2026-04-30
新光高雄,2620.0,1,384,8562,2454,2026-04-30
新光高雄,2610.0,139,18,8562,2454,2026-04-30
新光高雄,2600.0,33,2023,8562,2454,2026-04-30
新光高雄,2590.0,1059,0,8562,2454,2026-04-30
新光高雄,2575.0,5,10,8562,2454,2026-04-30
新光台中,2670.0,1000,0,8561,2454,2026-04-30
新光台中,2655.0,1700,0,8561,2454,2026-04-30
新光台中,2645.0,171,115,8561,2454,2026-04-30
新光台中,2635.0,1225,4390,8561,2454,2026-04-30
新光台中,2625.0,2318,353,8561,2454,2026-04-30
新光台中,2615.0,228,1115,8561,2454,2026-04-30
新光高雄,2650.0,32,1015,8562,2454,2026-04-30
國票九鼎,2650.0,1000,2100,779P,2454,2026-04-30
國泰板橋,2660.0,0,12000,888K,2454,2026-04-30
國泰新竹,2580.0,20,0,888N,2454,2026-04-30
凱基,2630.0,14000,9000,9200,2454,2026-04-30
凱基,2620.0,2000,22000,9200,2454,2026-04-30
凱基,2610.0,5000,22000,9200,2454,2026-04-30
凱基,2600.0,0,5000,9200,2454,2026-04-30
凱基,2590.0,5000,17000,9200,2454,2026-04-30
凱基,2580.0,0,17000,9200,2454,2026-04-30
凱基,2570.0,0,26000,9200,2454,2026-04-30
群益宜蘭,2630.0,0,5,918z,2454,2026-04-30
群益宜蘭,2620.0,5,20,918z,2454,2026-04-30
群益宜蘭,2585.0,0,2000,918z,2454,2026-04-30
群益台北,2625.0,57,5,918X,2454,2026-04-30
群益延平,2650.0,0,30,918x,2454,2026-04-30
群益延平,2625.0,1,10,918x,2454,2026-04-30
群益延平,2610.0,0,435,918x,2454,2026-04-30
群益延平,2595.0,0,100,918x,2454,2026-04-30
群益延平,2585.0,100,0,918x,2454,2026-04-30
群益延平,2575.0,1000,0,918x,2454,2026-04-30
群益忠孝,2640.0,0,70,918W,2454,2026-04-30
群益忠孝,2630.0,1,100,918W,2454,2026-04-30
群益忠孝,2620.0,1060,20,918W,2454,2026-04-30
群益忠孝,2610.0,2010,6,918W,2454,2026-04-30
群益忠孝,2595.0,0,1000,918W,2454,2026-04-30
群益忠孝,2585.0,1068,1000,918W,2454,2026-04-30
群益瑞豐,2645.0,0,20035,918u,2454,2026-04-30
群益瑞豐,2630.0,0,35,918u,2454,2026-04-30
群益瑞豐,2620.0,0,50,918u,2454,2026-04-30
群益瑞豐,2600.0,758,0,918u,2454,2026-04-30
凱基,2645.0,6000,0,9200,2454,2026-04-30
凱基,2665.0,2000,0,9200,2454,2026-04-30
凱基中港,2575.0,1011,0,9202,2454,2026-04-30
凱基中港,2585.0,0,115,9202,2454,2026-04-30
凱基永和,2635.0,10,20,9207,2454,2026-04-30
凱基永和,2615.0,0,2,9207,2454,2026-04-30
凱基永和,2595.0,0,10,9207,2454,2026-04-30
凱基永和,2580.0,5,0,9207,2454,2026-04-30
凱基高雄,2640.0,1,5,9206,2454,2026-04-30
凱基高雄,2630.0,0,10,9206,2454,2026-04-30
凱基高雄,2620.0,20,0,9206,2454,2026-04-30
凱基高雄,2610.0,0,21,9206,2454,2026-04-30
凱基高雄,2585.0,60,0,9206,2454,2026-04-30
凱基高雄,2575.0,26,0,9206,2454,2026-04-30
凱基三重,2655.0,0,1000,9205,2454,2026-04-30
凱基三重,2645.0,0,1001,9205,2454,2026-04-30
凱基三重,2635.0,15,4100,9205,2454,2026-04-30
群益瑞豐,2580.0,20000,0,918u,2454,2026-04-30
凱基三重,2625.0,1008,1098,9205,2454,2026-04-30
凱基三重,2595.0,9,0,9205,2454,2026-04-30
凱基三重,2580.0,2,0,9205,2454,2026-04-30
凱基台中,2645.0,5000,56,9204,2454,2026-04-30
凱基台中,2625.0,12,50,9204,2454,2026-04-30
凱基台中,2615.0,10,2010,9204,2454,2026-04-30
凱基台中,2590.0,1000,0,9204,2454,2026-04-30
凱基台中,2580.0,1017,0,9204,2454,2026-04-30
凱基中港,2655.0,0,10,9202,2454,2026-04-30
凱基中港,2645.0,0,2000,9202,2454,2026-04-30
凱基中港,2630.0,3000,4050,9202,2454,2026-04-30
凱基中港,2620.0,30,1102,9202,2454,2026-04-30
凱基中港,2610.0,50,0,9202,2454,2026-04-30
凱基中港,2600.0,60,25,9202,2454,2026-04-30
凱基三重,2610.0,0,1000,9205,2454,2026-04-30
凱基永和,2655.0,0,30,9207,2454,2026-04-30
群益丹鳳,2675.0,0,1000,918s,2454,2026-04-30
群益丹鳳,2635.0,1,1010,918s,2454,2026-04-30
群益永和,2645.0,0,2000,918J,2454,2026-04-30
群益永和,2635.0,0,7,918J,2454,2026-04-30
群益永和,2625.0,1010,3013,918J,2454,2026-04-30
群益永和,2615.0,1045,1000,918J,2454,2026-04-30
群益永和,2605.0,2,1000,918J,2454,2026-04-30
群益永和,2595.0,10,5,918J,2454,2026-04-30
群益永和,2585.0,1000,0,918J,2454,2026-04-30
群益永和,2575.0,1000,0,918J,2454,2026-04-30
群益竹南,2630.0,0,10,918i,2454,2026-04-30
群益竹南,2620.0,5,30,918i,2454,2026-04-30
群益竹南,2610.0,0,65,918i,2454,2026-04-30
群益竹南,2580.0,10,0,918i,2454,2026-04-30
群益中山,2645.0,0,2000,918H,2454,2026-04-30
群益中山,2635.0,2,0,918H,2454,2026-04-30
群益中山,2610.0,0,1022,918H,2454,2026-04-30
群益中山,2600.0,1000,1000,918H,2454,2026-04-30
群益中山,2590.0,200,1000,918H,2454,2026-04-30
群益新莊,2655.0,0,15,918G,2454,2026-04-30
群益新莊,2635.0,0,18,918G,2454,2026-04-30
群益新莊,2625.0,10,0,918G,2454,2026-04-30
群益新莊,2615.0,0,10,918G,2454,2026-04-30
群益新莊,2605.0,5,20,918G,2454,2026-04-30
群益新莊,2595.0,1000,50,918G,2454,2026-04-30
群益新莊,2580.0,1,0,918G,2454,2026-04-30
群益大甲,2650.0,1,2000,918g,2454,2026-04-30
群益大甲,2630.0,1000,314,918g,2454,2026-04-30
群益大甲,2620.0,1050,55,918g,2454,2026-04-30
群益永和,2680.0,0,1000,918J,2454,2026-04-30
群益東湖,2595.0,0,190,918K,2454,2026-04-30
群益東湖,2605.0,0,60,918K,2454,2026-04-30
群益東湖,2615.0,0,13,918K,2454,2026-04-30
群益丹鳳,2625.0,2000,0,918s,2454,2026-04-30
群益丹鳳,2615.0,0,1000,918s,2454,2026-04-30
群益丹鳳,2595.0,1000,0,918s,2454,2026-04-30
群益丹鳳,2580.0,0,1000,918s,2454,2026-04-30
群益天母,2665.0,1000,0,918P,2454,2026-04-30
群益天母,2645.0,0,2020,918P,2454,2026-04-30
群益天母,2625.0,0,310,918P,2454,2026-04-30
群益天母,2615.0,1002,10,918P,2454,2026-04-30
群益天母,2605.0,0,2,918P,2454,2026-04-30
群益天母,2595.0,0,1000,918P,2454,2026-04-30
群益天母,2580.0,10,0,918P,2454,2026-04-30
群益嘉義,2675.0,2000,0,918M,2454,2026-04-30
群益嘉義,2640.0,0,1000,918M,2454,2026-04-30
群益丹鳳,2645.0,0,1000,918s,2454,2026-04-30
群益嘉義,2630.0,2000,1025,918M,2454,2026-04-30
群益嘉義,2610.0,100,1300,918M,2454,2026-04-30
群益嘉義,2595.0,2000,0,918M,2454,2026-04-30
群益嘉義,2575.0,1000,0,918M,2454,2026-04-30
群益建成,2640.0,0,10,918L,2454,2026-04-30
群益建成,2630.0,2000,100,918L,2454,2026-04-30
群益建成,2620.0,5,22,918L,2454,2026-04-30
群益建成,2610.0,4,1100,918L,2454,2026-04-30
群益建成,2600.0,5,0,918L,2454,2026-04-30
群益建成,2590.0,5,0,918L,2454,2026-04-30
群益建成,2580.0,3,0,918L,2454,2026-04-30
群益東湖,2650.0,1,0,918K,2454,2026-04-30
群益東湖,2635.0,10,1014,918K,2454,2026-04-30
群益東湖,2625.0,0,1004,918K,2454,2026-04-30
群益嘉義,2620.0,10,2032,918M,2454,2026-04-30
群益大甲,2610.0,1,325,918g,2454,2026-04-30
凱基桃園,2580.0,239,0,9208,2454,2026-04-30
凱基桃園,2600.0,2178,92,9208,2454,2026-04-30
凱基高美,2590.0,5000,30,9215,2454,2026-04-30
凱基高美,2580.0,0,20,9215,2454,2026-04-30
凱基東港,2655.0,1,1050,9212,2454,2026-04-30
凱基東港,2635.0,3,5,9212,2454,2026-04-30
凱基東港,2620.0,5,0,9212,2454,2026-04-30
凱基東港,2600.0,1,0,9212,2454,2026-04-30
凱基東港,2575.0,1,0,9212,2454,2026-04-30
凱基台南,2650.0,0,10,9211,2454,2026-04-30
凱基台南,2635.0,20,1060,9211,2454,2026-04-30
凱基台南,2625.0,117,62,9211,2454,2026-04-30
凱基台南,2615.0,18,1740,9211,2454,2026-04-30
凱基台南,2605.0,8,200,9211,2454,2026-04-30
凱基台南,2590.0,0,40,9211,2454,2026-04-30
凱基台南,2580.0,15,30,9211,2454,2026-04-30
凱基台東,2650.0,0,100,920Z,2454,2026-04-30
凱基台東,2630.0,0,10,920Z,2454,2026-04-30
凱基台東,2620.0,2,0,920Z,2454,2026-04-30
凱基台東,2595.0,2,0,920Z,2454,2026-04-30
凱基台東,2580.0,10,0,920Z,2454,2026-04-30
凱基大里,2650.0,0,10,920W,2454,2026-04-30
凱基大里,2630.0,0,22,920W,2454,2026-04-30
凱基大里,2615.0,0,10,920W,2454,2026-04-30
凱基大里,2605.0,0,115,920W,2454,2026-04-30
凱基大里,2595.0,0,20,920W,2454,2026-04-30
凱基大里,2575.0,0,130,920W,2454,2026-04-30
凱基新店,2635.0,260,20,920V,2454,2026-04-30
凱基新店,2620.0,0,10,920V,2454,2026-04-30
凱基高美,2605.0,0,30,9215,2454,2026-04-30
凱基高美,2615.0,1006,2000,9215,2454,2026-04-30
凱基高美,2625.0,1105,1002,9215,2454,2026-04-30
凱基高美,2635.0,4,50,9215,2454,2026-04-30
凱基民權,2650.0,2,0,921C,2454,2026-04-30
凱基民權,2640.0,0,15,921C,2454,2026-04-30
凱基民權,2630.0,2,310,921C,2454,2026-04-30
凱基民權,2620.0,54,168,921C,2454,2026-04-30
凱基民權,2610.0,11,105,921C,2454,2026-04-30
凱基民權,2600.0,20,14,921C,2454,2026-04-30
凱基民權,2590.0,10,20,921C,2454,2026-04-30
凱基民權,2580.0,1010,114,921C,2454,2026-04-30
凱基大直,2680.0,0,1000,9218,2454,2026-04-30
凱基大直,2655.0,0,1000,9218,2454,2026-04-30
凱基大直,2635.0,1000,1010,9218,2454,2026-04-30
凱基大直,2625.0,100,0,9218,2454,2026-04-30
凱基大直,2615.0,0,30,9218,2454,2026-04-30
凱基新店,2580.0,10,60,920V,2454,2026-04-30
凱基大直,2600.0,1000,0,9218,2454,2026-04-30
凱基大直,2580.0,0,50,9218,2454,2026-04-30
凱基松山,2650.0,0,5,9217,2454,2026-04-30
凱基松山,2640.0,2000,25,9217,2454,2026-04-30
凱基松山,2630.0,10,3,9217,2454,2026-04-30
凱基松山,2620.0,8100,600,9217,2454,2026-04-30
凱基松山,2610.0,2,5200,9217,2454,2026-04-30
凱基松山,2595.0,0,5,9217,2454,2026-04-30
凱基松山,2585.0,0,3000,9217,2454,2026-04-30
凱基信義,2650.0,0,100,9216,2454,2026-04-30
凱基信義,2625.0,5,0,9216,2454,2026-04-30
凱基信義,2605.0,40,0,9216,2454,2026-04-30
凱基高美,2655.0,0,2000,9215,2454,2026-04-30
凱基高美,2645.0,2000,11,9215,2454,2026-04-30
凱基大直,2590.0,1,0,9218,2454,2026-04-30
凱基桃園,2590.0,260,102,9208,2454,2026-04-30
凱基湖口,2650.0,0,3,920N,2454,2026-04-30
凱基湖口,2630.0,0,1107,920N,2454,2026-04-30
凱基市府,2620.0,0,500,920D,2454,2026-04-30
凱基市府,2590.0,0,30,920D,2454,2026-04-30
凱基雙和,2660.0,1000,0,920C,2454,2026-04-30
凱基雙和,2645.0,43,1007,920C,2454,2026-04-30
凱基雙和,2635.0,0,10,920C,2454,2026-04-30
凱基雙和,2625.0,1076,0,920C,2454,2026-04-30
凱基雙和,2610.0,17,205,920C,2454,2026-04-30
凱基雙和,2600.0,102,0,920C,2454,2026-04-30
凱基雙和,2590.0,24,0,920C,2454,2026-04-30
凱基雙和,2580.0,4,0,920C,2454,2026-04-30
凱基板橋,2660.0,0,1000,920A,2454,2026-04-30
凱基板橋,2635.0,20,12,920A,2454,2026-04-30
凱基板橋,2625.0,114,549,920A,2454,2026-04-30
凱基板橋,2615.0,59,2,920A,2454,2026-04-30
凱基板橋,2600.0,67,10,920A,2454,2026-04-30
凱基板橋,2590.0,10,10,920A,2454,2026-04-30
凱基板橋,2575.0,15,0,920A,2454,2026-04-30
凱基岡山,2640.0,2,100,9209,2454,2026-04-30
凱基岡山,2625.0,30,100,9209,2454,2026-04-30
凱基岡山,2610.0,13,0,9209,2454,2026-04-30
凱基岡山,2585.0,1,0,9209,2454,2026-04-30
凱基岡山,2575.0,100,0,9209,2454,2026-04-30
凱基桃園,2650.0,0,20,9208,2454,2026-04-30
凱基桃園,2640.0,46,1090,9208,2454,2026-04-30
凱基桃園,2630.0,1106,115,9208,2454,2026-04-30
凱基桃園,2620.0,135,104,9208,2454,2026-04-30
凱基桃園,2610.0,122,21,9208,2454,2026-04-30
凱基市府,2645.0,0,7,920D,2454,2026-04-30
凱基站前,2580.0,1,2000,920F,2454,2026-04-30
凱基站前,2590.0,1018,3,920F,2454,2026-04-30
凱基站前,2600.0,4000,4001,920F,2454,2026-04-30
凱基湖口,2620.0,130,155,920N,2454,2026-04-30
凱基湖口,2610.0,100,5,920N,2454,2026-04-30
凱基湖口,2600.0,95,0,920N,2454,2026-04-30
凱基湖口,2590.0,50,0,920N,2454,2026-04-30
凱基宜蘭,2655.0,5,1000,920M,2454,2026-04-30
凱基宜蘭,2635.0,50,0,920M,2454,2026-04-30
凱基宜蘭,2625.0,0,100,920M,2454,2026-04-30
凱基宜蘭,2615.0,0,100,920M,2454,2026-04-30
凱基宜蘭,2580.0,50,1000,920M,2454,2026-04-30
凱基基隆,2635.0,0,1060,920H,2454,2026-04-30
凱基基隆,2625.0,0,6,920H,2454,2026-04-30
凱基基隆,2615.0,0,110,920H,2454,2026-04-30
凱基基隆,2605.0,0,20,920H,2454,2026-04-30
凱基湖口,2640.0,0,5,920N,2454,2026-04-30
凱基基隆,2590.0,100,0,920H,2454,2026-04-30
凱基彰化,2650.0,0,12,920G,2454,2026-04-30
凱基彰化,2640.0,0,2101,920G,2454,2026-04-30
凱基彰化,2630.0,3,1058,920G,2454,2026-04-30
凱基彰化,2620.0,0,1,920G,2454,2026-04-30
凱基彰化,2605.0,1,0,920G,2454,2026-04-30
凱基彰化,2590.0,0,28,920G,2454,2026-04-30
凱基彰化,2580.0,0,50,920G,2454,2026-04-30
凱基站前,2675.0,2000,0,920F,2454,2026-04-30
凱基站前,2650.0,0,1620,920F,2454,2026-04-30
凱基站前,2640.0,136,1001,920F,2454,2026-04-30
凱基站前,2630.0,3000,5182,920F,2454,2026-04-30
凱基站前,2620.0,40050,2200,920F,2454,2026-04-30
凱基站前,2610.0,11021,23102,920F,2454,2026-04-30
凱基基隆,2575.0,3,0,920H,2454,2026-04-30
國泰板橋,2675.0,0,5000,888K,2454,2026-04-30
群益大甲,2595.0,0,100,918g,2454,2026-04-30
群益新店,2655.0,20,0,918F,2454,2026-04-30
群益士林,2670.0,1000,0,9137,2454,2026-04-30
群益士林,2645.0,0,17,9137,2454,2026-04-30
群益士林,2635.0,1000,1010,9137,2454,2026-04-30
群益士林,2625.0,26,60,9137,2454,2026-04-30
群益士林,2615.0,0,2,9137,2454,2026-04-30
群益士林,2605.0,15,15,9137,2454,2026-04-30
群益士林,2595.0,5,0,9137,2454,2026-04-30
群益士林,2585.0,35,0,9137,2454,2026-04-30
群益士林,2575.0,16,0,9137,2454,2026-04-30
群益西松,2655.0,0,1000,9136,2454,2026-04-30
群益西松,2640.0,0,300,9136,2454,2026-04-30
群益西松,2630.0,1000,0,9136,2454,2026-04-30
群益西松,2620.0,0,8,9136,2454,2026-04-30
群益西松,2605.0,0,50,9136,2454,2026-04-30
群益西松,2590.0,0,50,9136,2454,2026-04-30
群益西松,2575.0,10,0,9136,2454,2026-04-30
群益東大,2670.0,1000,0,9135,2454,2026-04-30
群益東大,2635.0,1000,0,9135,2454,2026-04-30
群益東大,2625.0,3001,60,9135,2454,2026-04-30
群益東大,2615.0,0,5,9135,2454,2026-04-30
群益東大,2605.0,0,1,9135,2454,2026-04-30
群益東大,2590.0,5,200,9135,2454,2026-04-30
群益東大,2580.0,0,1100,9135,2454,2026-04-30
群益東大,2570.0,0,1000,9135,2454,2026-04-30
群益開元,2645.0,0,2,9134,2454,2026-04-30
群益開元,2630.0,0,10,9134,2454,2026-04-30
群益開元,2620.0,0,10,9134,2454,2026-04-30
群益中港,2580.0,5,0,9138,2454,2026-04-30
群益中港,2620.0,0,20,9138,2454,2026-04-30
群益中港,2645.0,0,10,9138,2454,2026-04-30
群益潭子,2580.0,1000,10,913D,2454,2026-04-30
群益土城,2615.0,0,10,913N,2454,2026-04-30
群益土城,2605.0,20,0,913N,2454,2026-04-30
群益土城,2580.0,2,0,913N,2454,2026-04-30
群益萬華,2635.0,4,0,913I,2454,2026-04-30
群益萬華,2625.0,37,20,913I,2454,2026-04-30
群益萬華,2615.0,2,0,913I,2454,2026-04-30
群益萬華,2605.0,2,0,913I,2454,2026-04-30
群益萬華,2590.0,101,2,913I,2454,2026-04-30
群益萬華,2580.0,3,0,913I,2454,2026-04-30
群益屏東,2600.0,2,0,913H,2454,2026-04-30
群益三重,2645.0,1000,2020,913g,2454,2026-04-30
群益三重,2635.0,0,20,913g,2454,2026-04-30
群益三重,2625.0,0,53,913g,2454,2026-04-30
群益開元,2605.0,10,10,9134,2454,2026-04-30
群益三重,2615.0,0,50,913g,2454,2026-04-30
群益三重,2595.0,1000,0,913g,2454,2026-04-30
群益三重,2585.0,1000,41,913g,2454,2026-04-30
群益三重,2575.0,50,0,913g,2454,2026-04-30
群益基隆,2660.0,1000,0,913E,2454,2026-04-30
群益基隆,2635.0,0,4,913E,2454,2026-04-30
群益基隆,2585.0,1,0,913E,2454,2026-04-30
群益潭子,2675.0,0,1000,913D,2454,2026-04-30
群益潭子,2645.0,1000,0,913D,2454,2026-04-30
群益潭子,2635.0,1,1000,913D,2454,2026-04-30
群益潭子,2625.0,0,31,913D,2454,2026-04-30
群益潭子,2615.0,0,2000,913D,2454,2026-04-30
群益潭子,2605.0,0,5,913D,2454,2026-04-30
群益潭子,2590.0,1,20,913D,2454,2026-04-30
群益三重,2605.0,0,1000,913g,2454,2026-04-30
群益土城,2635.0,0,20,913N,2454,2026-04-30
群益開元,2585.0,1000,0,9134,2454,2026-04-30
群益民權,2640.0,0,5,9131,2454,2026-04-30
群益敦南,2620.0,0,1000,9101,2454,2026-04-30
群益敦南,2590.0,0,1000,9101,2454,2026-04-30
群益敦南,2580.0,0,6,9101,2454,2026-04-30
群益,2675.0,6000,0,9100,2454,2026-04-30
群益,2665.0,5000,7000,9100,2454,2026-04-30
群益,2655.0,5401,10,9100,2454,2026-04-30
群益,2645.0,6000,0,9100,2454,2026-04-30
群益,2635.0,11003,17014,9100,2454,2026-04-30
群益,2625.0,20005,1065,9100,2454,2026-04-30
群益,2615.0,5014,7,9100,2454,2026-04-30
群益,2605.0,3003,3140,9100,2454,2026-04-30
群益,2595.0,13000,0,9100,2454,2026-04-30
群益,2585.0,4020,10,9100,2454,2026-04-30
群益,2575.0,8162,0,9100,2454,2026-04-30
上海匯豐,2630.0,8000,0,8960,2454,2026-04-30
上海匯豐,2615.0,0,100,8960,2454,2026-04-30
上海匯豐,2595.0,1000,0,8960,2454,2026-04-30
法銀巴黎,2660.0,0,1000,8900,2454,2026-04-30
法銀巴黎,2635.0,1000,2000,8900,2454,2026-04-30
法銀巴黎,2610.0,9000,0,8900,2454,2026-04-30
法銀巴黎,2585.0,1000,0,8900,2454,2026-04-30
大和國泰,2635.0,0,100,8890,2454,2026-04-30
大和國泰,2580.0,43,0,8890,2454,2026-04-30
國泰新竹,2635.0,30,0,888N,2454,2026-04-30
國泰新竹,2625.0,20,2000,888N,2454,2026-04-30
國泰新竹,2610.0,0,60,888N,2454,2026-04-30
國泰新竹,2590.0,10,1100,888N,2454,2026-04-30
群益敦南,2630.0,0,1128,9101,2454,2026-04-30
群益敦南,2640.0,0,1000,9101,2454,2026-04-30
群益敦南,2650.0,30,1000,9101,2454,2026-04-30
群益敦南,2670.0,0,2000,9101,2454,2026-04-30
群益民權,2630.0,6,110,9131,2454,2026-04-30
群益民權,2620.0,0,12,9131,2454,2026-04-30
群益民權,2610.0,10,52,9131,2454,2026-04-30
群益民權,2600.0,0,1000,9131,2454,2026-04-30
群益民權,2580.0,10,0,9131,2454,2026-04-30
群益市府,2675.0,1000,0,910D,2454,2026-04-30
群益市府,2650.0,0,50,910D,2454,2026-04-30
群益市府,2630.0,2000,0,910D,2454,2026-04-30
群益市府,2620.0,0,2100,910D,2454,2026-04-30
群益市府,2605.0,196,0,910D,2454,2026-04-30
群益市府,2590.0,0,20,910D,2454,2026-04-30
群益市府,2580.0,1,0,910D,2454,2026-04-30
群益海山,2655.0,5000,0,9108,2454,2026-04-30
群益民權,2650.0,0,13,9131,2454,2026-04-30
群益海山,2630.0,1000,1100,9108,2454,2026-04-30
群益海山,2590.0,10,0,9108,2454,2026-04-30
群益海山,2580.0,5,1000,9108,2454,2026-04-30
群益高盛,2650.0,0,10,9105,2454,2026-04-30
群益高盛,2640.0,0,1027,9105,2454,2026-04-30
群益高盛,2625.0,0,27,9105,2454,2026-04-30
群益高盛,2615.0,53,0,9105,2454,2026-04-30
群益高盛,2605.0,50,0,9105,2454,2026-04-30
群益高盛,2580.0,5,50,9105,2454,2026-04-30
群益松山,2645.0,0,1000,9103,2454,2026-04-30
群益松山,2630.0,1000,0,9103,2454,2026-04-30
群益松山,2620.0,0,1000,9103,2454,2026-04-30
群益松山,2600.0,50,10,9103,2454,2026-04-30
群益松山,2585.0,0,20,9103,2454,2026-04-30
群益海山,2610.0,1000,1002,9108,2454,2026-04-30
群益大甲,2585.0,10,0,918g,2454,2026-04-30
群益土城,2655.0,0,15,913N,2454,2026-04-30
群益北高,2615.0,0,10,913R,2454,2026-04-30
群益古亭,2650.0,0,5,918C,2454,2026-04-30
群益古亭,2640.0,0,1000,918C,2454,2026-04-30
群益古亭,2630.0,115,1000,918C,2454,2026-04-30
群益古亭,2620.0,1121,30,918C,2454,2026-04-30
群益古亭,2610.0,5,170,918C,2454,2026-04-30
群益古亭,2600.0,100,5,918C,2454,2026-04-30
群益古亭,2590.0,80,0,918C,2454,2026-04-30
群益古亭,2580.0,2315,0,918C,2454,2026-04-30
群益鳳山,2640.0,1000,0,918c,2454,2026-04-30
群益鳳山,2625.0,200,100,918c,2454,2026-04-30
群益鳳山,2615.0,1000,1000,918c,2454,2026-04-30
群益鳳山,2605.0,0,10,918c,2454,2026-04-30
群益鳳山,2595.0,10,0,918c,2454,2026-04-30
群益鳳山,2585.0,0,5,918c,2454,2026-04-30
群益板橋,2655.0,10,1,918B,2454,2026-04-30
群益板橋,2635.0,60,0,918B,2454,2026-04-30
群益板橋,2610.0,200,1000,918B,2454,2026-04-30
群益板橋,2600.0,0,20,918B,2454,2026-04-30
群益板橋,2585.0,20,1000,918B,2454,2026-04-30
群益板橋,2575.0,1000,0,918B,2454,2026-04-30
群益中壢,2650.0,0,25,918A,2454,2026-04-30
群益中壢,2640.0,0,1010,918A,2454,2026-04-30
群益中壢,2630.0,0,1180,918A,2454,2026-04-30
群益中壢,2620.0,1001,5,918A,2454,2026-04-30
群益中壢,2610.0,15,100,918A,2454,2026-04-30
群益中壢,2600.0,0,30,918A,2454,2026-04-30
群益中壢,2585.0,0,1,918A,2454,2026-04-30
群益內湖,2595.0,1000,0,918d,2454,2026-04-30
群益內湖,2610.0,800,20,918d,2454,2026-04-30
群益內湖,2630.0,0,20,918d,2454,2026-04-30
群益內湖,2655.0,0,2000,918d,2454,2026-04-30
群益新店,2630.0,0,40,918F,2454,2026-04-30
群益新店,2620.0,200,0,918F,2454,2026-04-30
群益新店,2610.0,0,5,918F,2454,2026-04-30
群益新店,2600.0,120,0,918F,2454,2026-04-30
群益新店,2590.0,1000,0,918F,2454,2026-04-30
群益新店,2580.0,20,25,918F,2454,2026-04-30
群益南京,2630.0,2000,110,918E,2454,2026-04-30
群益南京,2620.0,0,1010,918E,2454,2026-04-30
群益南京,2610.0,0,1060,918E,2454,2026-04-30
群益南京,2590.0,1,0,918E,2454,2026-04-30
群益南京,2580.0,2,50,918E,2454,2026-04-30
群益大安,2680.0,0,1000,918e,2454,2026-04-30
群益大安,2670.0,0,10000,918e,2454,2026-04-30
群益桃園,2660.0,1000,1000,9189,2454,2026-04-30
群益大安,2660.0,0,3000,918e,2454,2026-04-30
群益大安,2635.0,40050,1000,918e,2454,2026-04-30
群益大安,2620.0,4000,0,918e,2454,2026-04-30
群益大安,2610.0,19000,7000,918e,2454,2026-04-30
群益大安,2600.0,0,5000,918e,2454,2026-04-30
群益大安,2585.0,0,3000,918e,2454,2026-04-30
群益大安,2570.0,5000,0,918e,2454,2026-04-30
群益東門,2645.0,0,1000,918D,2454,2026-04-30
群益東門,2635.0,12,1032,918D,2454,2026-04-30
群益東門,2625.0,50,200,918D,2454,2026-04-30
群益東門,2615.0,1,1025,918D,2454,2026-04-30
群益東門,2605.0,1000,0,918D,2454,2026-04-30
群益東門,2590.0,6,0,918D,2454,2026-04-30
群益東門,2580.0,1,150,918D,2454,2026-04-30
群益大安,2650.0,0,15000,918e,2454,2026-04-30
群益北高,2600.0,1,1,913R,2454,2026-04-30
群益桃園,2645.0,0,10,9189,2454,2026-04-30
群益桃園,2625.0,0,14,9189,2454,2026-04-30
群益台中,2680.0,2000,0,9184,2454,2026-04-30
群益台中,2655.0,0,20,9184,2454,2026-04-30
群益台中,2645.0,1,0,9184,2454,2026-04-30
群益台中,2635.0,0,165,9184,2454,2026-04-30
群益台中,2625.0,0,12,9184,2454,2026-04-30
群益台中,2615.0,60,0,9184,2454,2026-04-30
群益台中,2605.0,5,0,9184,2454,2026-04-30
群益台中,2585.0,2,0,9184,2454,2026-04-30
群益高雄,2640.0,0,2000,9183,2454,2026-04-30
群益高雄,2630.0,4,0,9183,2454,2026-04-30
群益高雄,2620.0,6,200,9183,2454,2026-04-30
群益高雄,2610.0,112,0,9183,2454,2026-04-30
群益高雄,2595.0,1000,0,9183,2454,2026-04-30
群益高雄,2580.0,105,0,9183,2454,2026-04-30
群益館前,2650.0,12,0,913Y,2454,2026-04-30
群益館前,2620.0,20,5,913Y,2454,2026-04-30
群益館前,2610.0,30,10,913Y,2454,2026-04-30
群益館前,2580.0,10,0,913Y,2454,2026-04-30
群益崇德,2650.0,0,10,913U,2454,2026-04-30
群益崇德,2635.0,0,1003,913U,2454,2026-04-30
群益崇德,2625.0,50,5,913U,2454,2026-04-30
群益崇德,2615.0,2015,1030,913U,2454,2026-04-30
群益崇德,2605.0,0,3,913U,2454,2026-04-30
群益崇德,2590.0,75,0,913U,2454,2026-04-30
群益北高,2680.0,0,1000,913R,2454,2026-04-30
群益北高,2645.0,0,20,913R,2454,2026-04-30
群益北高,2625.0,50,1012,913R,2454,2026-04-30
群益台南,2585.0,101,0,9185,2454,2026-04-30
群益台南,2610.0,50,1000,9185,2454,2026-04-30
群益台南,2620.0,6,16,9185,2454,2026-04-30
群益台南,2635.0,10,0,9185,2454,2026-04-30
群益桃園,2615.0,70,10,9189,2454,2026-04-30
群益桃園,2605.0,0,1,9189,2454,2026-04-30
群益桃園,2590.0,100,50,9189,2454,2026-04-30
群益桃園,2580.0,200,0,9189,2454,2026-04-30
群益三民,2670.0,0,1000,9188,2454,2026-04-30
群益三民,2650.0,0,100,9188,2454,2026-04-30
群益三民,2640.0,0,1020,9188,2454,2026-04-30
群益三民,2630.0,150,24,9188,2454,2026-04-30
群益三民,2620.0,40,0,9188,2454,2026-04-30
群益三民,2610.0,20,0,9188,2454,2026-04-30
群益三民,2600.0,50,0,9188,2454,2026-04-30
群益三民,2585.0,1005,120,9188,2454,2026-04-30
群益三民,2575.0,0,3,9188,2454,2026-04-30
群益桃園,2635.0,0,2,9189,2454,2026-04-30
群益彰化,2655.0,0,10,9187,2454,2026-04-30
群益彰化,2635.0,5,0,9187,2454,2026-04-30
群益彰化,2625.0,100,56,9187,2454,2026-04-30
群益彰化,2615.0,0,3020,9187,2454,2026-04-30
群益彰化,2605.0,0,1000,9187,2454,2026-04-30
群益彰化,2595.0,37,0,9187,2454,2026-04-30
群益彰化,2585.0,10,0,9187,2454,2026-04-30
群益新竹,2655.0,0,1000,9186,2454,2026-04-30
群益新竹,2640.0,0,218,9186,2454,2026-04-30
群益新竹,2630.0,102,1000,9186,2454,2026-04-30
群益新竹,2620.0,1,100,9186,2454,2026-04-30
群益新竹,2610.0,1020,130,9186,2454,2026-04-30
群益新竹,2600.0,100,0,9186,2454,2026-04-30
群益台南,2650.0,0,8,9185,2454,2026-04-30
群益彰化,2645.0,0,50,9187,2454,2026-04-30
國票九鼎,2635.0,1,2010,779P,2454,2026-04-30
國票九鼎,2625.0,12,1150,779P,2454,2026-04-30
國票九鼎,2615.0,1053,116,779P,2454,2026-04-30
統一嘉義,2670.0,2000,0,5858,2454,2026-04-30
統一嘉義,2635.0,0,5,5858,2454,2026-04-30
統一嘉義,2615.0,1,5,5858,2454,2026-04-30
統一嘉義,2600.0,0,5,5858,2454,2026-04-30
統一嘉義,2580.0,30,20,5858,2454,2026-04-30
統一新竹,2645.0,2,3,5857,2454,2026-04-30
統一新竹,2635.0,1001,23,5857,2454,2026-04-30
統一新竹,2625.0,110,20,5857,2454,2026-04-30
統一新竹,2615.0,65,0,5857,2454,2026-04-30
統一新竹,2605.0,50,2,5857,2454,2026-04-30
統一新竹,2595.0,2000,0,5857,2454,2026-04-30
統一新竹,2585.0,66,0,5857,2454,2026-04-30
統一新竹,2575.0,0,100,5857,2454,2026-04-30
統一台中,2645.0,0,10,5856,2454,2026-04-30
統一台中,2635.0,0,1,5856,2454,2026-04-30
統一台中,2625.0,0,140,5856,2454,2026-04-30
統一台中,2615.0,0,1000,5856,2454,2026-04-30
統一台中,2605.0,1100,200,5856,2454,2026-04-30
統一台中,2585.0,6,100,5856,2454,2026-04-30
統一台南,2655.0,20,30,5855,2454,2026-04-30
統一台南,2625.0,0,1000,5855,2454,2026-04-30
統一台南,2615.0,0,55,5855,2454,2026-04-30
統一台南,2605.0,1,0,5855,2454,2026-04-30
統一台南,2595.0,20,0,5855,2454,2026-04-30
統一台南,2585.0,0,87,5855,2454,2026-04-30
統一台南,2575.0,0,120,5855,2454,2026-04-30
統一城中,2670.0,0,4000,5854,2454,2026-04-30
統一屏東,2595.0,1,0,5859,2454,2026-04-30
統一屏東,2610.0,2000,60,5859,2454,2026-04-30
統一屏東,2630.0,0,30,5859,2454,2026-04-30
統一屏東,2645.0,0,1,5859,2454,2026-04-30
統一新台中,2630.0,1000,1020,585D,2454,2026-04-30
統一新台中,2610.0,100,1047,585D,2454,2026-04-30
統一新台中,2595.0,1000,0,585D,2454,2026-04-30
統一新台中,2585.0,100,0,585D,2454,2026-04-30
統一仁愛,2675.0,1000,2000,585c,2454,2026-04-30
統一仁愛,2665.0,0,4000,585c,2454,2026-04-30
統一仁愛,2650.0,1000,1047,585c,2454,2026-04-30
統一仁愛,2635.0,1000,0,585c,2454,2026-04-30
統一仁愛,2625.0,1450,0,585c,2454,2026-04-30
統一仁愛,2610.0,1000,0,585c,2454,2026-04-30
統一仁愛,2595.0,0,10,585c,2454,2026-04-30
統一永和,2640.0,0,1,585B,2454,2026-04-30
統一永和,2620.0,0,20,585B,2454,2026-04-30
統一城中,2655.0,0,1000,5854,2454,2026-04-30
統一永和,2610.0,1,0,585B,2454,2026-04-30
統一內湖,2640.0,0,1000,585b,2454,2026-04-30
統一內湖,2630.0,5,3000,585b,2454,2026-04-30
統一內湖,2620.0,1010,1000,585b,2454,2026-04-30
統一內湖,2605.0,0,1000,585b,2454,2026-04-30
統一內湖,2595.0,10,0,585b,2454,2026-04-30
統一內湖,2585.0,20,0,585b,2454,2026-04-30
統一內湖,2575.0,1000,0,585b,2454,2026-04-30
統一基隆,2645.0,70,0,585A,2454,2026-04-30
統一基隆,2635.0,20,71,585A,2454,2026-04-30
統一基隆,2625.0,30,50,585A,2454,2026-04-30
統一基隆,2615.0,500,0,585A,2454,2026-04-30
統一基隆,2595.0,20,0,585A,2454,2026-04-30
統一基隆,2585.0,50,0,585A,2454,2026-04-30
統一內湖,2660.0,10000,1000,585b,2454,2026-04-30
統一新台中,2640.0,2,0,585D,2454,2026-04-30
統一城中,2645.0,0,1200,5854,2454,2026-04-30
統一城中,2625.0,232,12400,5854,2454,2026-04-30
統一,2600.0,71,0,5850,2454,2026-04-30
統一,2590.0,2015,0,5850,2454,2026-04-30
統一,2580.0,1230,255,5850,2454,2026-04-30
日進,2660.0,6000,0,5660,2454,2026-04-30
日進,2650.0,1,0,5660,2454,2026-04-30
日進,2635.0,0,100,5660,2454,2026-04-30
日進,2620.0,0,50,5660,2454,2026-04-30
日進,2590.0,5,2000,5660,2454,2026-04-30
日進,2575.0,100,200,5660,2454,2026-04-30
永興大墩,2610.0,0,5,5604,2454,2026-04-30
永興大墩,2595.0,50,0,5604,2454,2026-04-30
永興台中,2645.0,0,50,5603,2454,2026-04-30
永興台中,2620.0,0,20,5603,2454,2026-04-30
永興水湳,2625.0,0,10,5602,2454,2026-04-30
永興,2645.0,0,1000,5600,2454,2026-04-30
永興,2630.0,1000,0,5600,2454,2026-04-30
永興,2620.0,101,100,5600,2454,2026-04-30
永興,2610.0,40,50,5600,2454,2026-04-30
寶盛,2600.0,0,1000,5460,2454,2026-04-30
第一中壢,2650.0,0,10,538Y,2454,2026-04-30
第一中壢,2630.0,2,221,538Y,2454,2026-04-30
第一中壢,2620.0,100,1,538Y,2454,2026-04-30
第一中壢,2600.0,30,45,538Y,2454,2026-04-30
第一中壢,2590.0,21,0,538Y,2454,2026-04-30
第一中壢,2580.0,121,0,538Y,2454,2026-04-30
第一華江,2665.0,1000,0,538W,2454,2026-04-30
第一華江,2650.0,0,5012,538W,2454,2026-04-30
統一,2610.0,4126,31,5850,2454,2026-04-30
統一,2620.0,1300,4000,5850,2454,2026-04-30
統一,2630.0,1006,3011,5850,2454,2026-04-30
統一,2640.0,1120,1100,5850,2454,2026-04-30
統一城中,2615.0,2013,1000,5854,2454,2026-04-30
統一城中,2605.0,250,300,5854,2454,2026-04-30
統一城中,2595.0,0,6,5854,2454,2026-04-30
統一城中,2585.0,160,28,5854,2454,2026-04-30
統一城中,2575.0,1207,16,5854,2454,2026-04-30
統一中壢,2650.0,0,1130,5853,2454,2026-04-30
統一中壢,2630.0,0,100,5853,2454,2026-04-30
統一中壢,2620.0,0,2,5853,2454,2026-04-30
統一中壢,2605.0,1000,10,5853,2454,2026-04-30
統一中壢,2590.0,20,10,5853,2454,2026-04-30
統一敦南,2675.0,0,6000,5852,2454,2026-04-30
統一敦南,2650.0,0,4000,5852,2454,2026-04-30
統一敦南,2640.0,100,0,5852,2454,2026-04-30
統一城中,2635.0,0,10000,5854,2454,2026-04-30
統一敦南,2630.0,1,0,5852,2454,2026-04-30
統一敦南,2605.0,10,0,5852,2454,2026-04-30
統一敦南,2595.0,25,0,5852,2454,2026-04-30
統一敦南,2585.0,1,2,5852,2454,2026-04-30
統一敦南,2575.0,100,0,5852,2454,2026-04-30
統一高雄,2640.0,0,130,5851,2454,2026-04-30
統一高雄,2625.0,10,50,5851,2454,2026-04-30
統一高雄,2610.0,1045,1000,5851,2454,2026-04-30
統一高雄,2600.0,0,50,5851,2454,2026-04-30
統一高雄,2580.0,1010,0,5851,2454,2026-04-30
統一,2680.0,0,2000,5850,2454,2026-04-30
統一,2670.0,1000,11000,5850,2454,2026-04-30
統一,2660.0,3000,21000,5850,2454,2026-04-30
統一,2650.0,1020,5000,5850,2454,2026-04-30
統一敦南,2620.0,2,50,5852,2454,2026-04-30
第一華江,2640.0,0,136,538W,2454,2026-04-30
統一新營,2600.0,1,0,585E,2454,2026-04-30
統一彰化,2595.0,1,0,585F,2454,2026-04-30
?亞鑫豐,2620.0,36,0,601d,2454,2026-04-30
?亞鑫豐,2610.0,6,24,601d,2454,2026-04-30
?亞鑫豐,2600.0,5,0,601d,2454,2026-04-30
?亞鑫豐,2580.0,10,50,601d,2454,2026-04-30
?亞網路,2650.0,80,0,6012,2454,2026-04-30
?亞網路,2640.0,0,1,6012,2454,2026-04-30
?亞網路,2630.0,0,10,6012,2454,2026-04-30
?亞網路,2620.0,0,130,6012,2454,2026-04-30
?亞網路,2610.0,14,0,6012,2454,2026-04-30
?亞網路,2600.0,15,4,6012,2454,2026-04-30
?亞網路,2590.0,30,0,6012,2454,2026-04-30
?亞網路,2580.0,10,30,6012,2454,2026-04-30
?亞,2640.0,0,1000,6010,2454,2026-04-30
日茂埔里,2650.0,0,2000,5961,2454,2026-04-30
日茂埔里,2610.0,10,0,5961,2454,2026-04-30
統一松江,2650.0,0,7,585Z,2454,2026-04-30
統一松江,2635.0,10,1003,585Z,2454,2026-04-30
統一松江,2625.0,4,1000,585Z,2454,2026-04-30
統一松江,2615.0,10,1,585Z,2454,2026-04-30
統一松江,2605.0,1,15,585Z,2454,2026-04-30
統一松江,2595.0,0,10,585Z,2454,2026-04-30
統一松江,2575.0,3,0,585Z,2454,2026-04-30
統一土城,2645.0,0,1000,585Y,2454,2026-04-30
統一土城,2630.0,1000,5,585Y,2454,2026-04-30
統一土城,2615.0,3,0,585Y,2454,2026-04-30
統一土城,2600.0,1000,0,585Y,2454,2026-04-30
統一土城,2590.0,3,0,585Y,2454,2026-04-30
?亞鑫豐,2630.0,1061,1000,601d,2454,2026-04-30
?亞鑫豐,2640.0,0,1025,601d,2454,2026-04-30
?亞鑫豐,2650.0,1000,3000,601d,2454,2026-04-30
台中銀,2595.0,5,0,6110,2454,2026-04-30
中國信託,2630.0,15110,176,6160,2454,2026-04-30
中國信託,2620.0,32167,560,6160,2454,2026-04-30
中國信託,2610.0,38059,22465,6160,2454,2026-04-30
中國信託,2600.0,57,35,6160,2454,2026-04-30
中國信託,2590.0,168,313,6160,2454,2026-04-30
中國信託,2580.0,1058,80,6160,2454,2026-04-30
中銀豐原,2660.0,1000,0,611A,2454,2026-04-30
中銀豐原,2645.0,0,1003,611A,2454,2026-04-30
中銀豐原,2635.0,51,0,611A,2454,2026-04-30
中銀豐原,2625.0,0,80,611A,2454,2026-04-30
中銀豐原,2615.0,3,0,611A,2454,2026-04-30
中銀豐原,2605.0,102,0,611A,2454,2026-04-30
中銀豐原,2595.0,2,0,611A,2454,2026-04-30
統一金門,2640.0,0,1000,585W,2454,2026-04-30
中銀豐原,2585.0,30,20,611A,2454,2026-04-30
中銀高雄,2635.0,2000,2000,6116,2454,2026-04-30
中銀台北,2625.0,11,0,6115,2454,2026-04-30
中銀員林,2635.0,0,50,6114,2454,2026-04-30
中銀員林,2625.0,500,1,6114,2454,2026-04-30
中銀員林,2610.0,1,0,6114,2454,2026-04-30
中銀員林,2590.0,5,0,6114,2454,2026-04-30
中銀員林,2575.0,40,1200,6114,2454,2026-04-30
台中銀,2665.0,2000,0,6110,2454,2026-04-30
台中銀,2645.0,1000,0,6110,2454,2026-04-30
台中銀,2635.0,0,1060,6110,2454,2026-04-30
台中銀,2625.0,0,130,6110,2454,2026-04-30
台中銀,2615.0,100,12,6110,2454,2026-04-30
台中銀,2605.0,11,0,6110,2454,2026-04-30
中銀豐原,2575.0,3,0,611A,2454,2026-04-30
統一新營,2630.0,0,40,585E,2454,2026-04-30
統一金門,2575.0,1,0,585W,2454,2026-04-30
統一南京,2650.0,5000,0,585U,2454,2026-04-30
統一竹南,2615.0,0,100,585m,2454,2026-04-30
統一竹南,2590.0,0,100,585m,2454,2026-04-30
統一竹南,2575.0,2,28,585m,2454,2026-04-30
統一三重,2645.0,0,2020,585J,2454,2026-04-30
統一三重,2635.0,0,1001,585J,2454,2026-04-30
統一三重,2625.0,4,358,585J,2454,2026-04-30
統一三重,2615.0,10,2120,585J,2454,2026-04-30
統一三重,2600.0,1000,0,585J,2454,2026-04-30
統一三重,2590.0,2020,0,585J,2454,2026-04-30
統一三重,2580.0,7,0,585J,2454,2026-04-30
統一員林,2665.0,1000,0,585I,2454,2026-04-30
統一員林,2615.0,0,1000,585I,2454,2026-04-30
統一員林,2585.0,200,0,585I,2454,2026-04-30
統一桃園,2635.0,0,10,585H,2454,2026-04-30
統一桃園,2620.0,1000,100,585H,2454,2026-04-30
統一桃園,2600.0,200,0,585H,2454,2026-04-30
統一桃園,2580.0,100,0,585H,2454,2026-04-30
統一平鎮,2650.0,0,1000,585g,2454,2026-04-30
統一平鎮,2630.0,0,40,585g,2454,2026-04-30
統一平鎮,2605.0,2,0,585g,2454,2026-04-30
統一平鎮,2585.0,2,1000,585g,2454,2026-04-30
統一平鎮,2575.0,4,0,585g,2454,2026-04-30
統一彰化,2650.0,3,0,585F,2454,2026-04-30
統一彰化,2640.0,0,1000,585F,2454,2026-04-30
統一彰化,2625.0,2,1010,585F,2454,2026-04-30
統一彰化,2615.0,104,0,585F,2454,2026-04-30
統一彰化,2605.0,8,60,585F,2454,2026-04-30
統一竹南,2640.0,0,10,585m,2454,2026-04-30
統一士林,2585.0,0,1000,585M,2454,2026-04-30
統一士林,2600.0,1,0,585M,2454,2026-04-30
統一士林,2610.0,0,1000,585M,2454,2026-04-30
統一南京,2635.0,2000,200,585U,2454,2026-04-30
統一南京,2625.0,6001,0,585U,2454,2026-04-30
統一南京,2610.0,19000,17000,585U,2454,2026-04-30
統一南京,2600.0,1000,10000,585U,2454,2026-04-30
統一南京,2585.0,10,0,585U,2454,2026-04-30
統一南京,2575.0,2,0,585U,2454,2026-04-30
統一宜蘭,2635.0,0,10,585S,2454,2026-04-30
統一宜蘭,2625.0,20,10,585S,2454,2026-04-30
統一宜蘭,2615.0,5,0,585S,2454,2026-04-30
統一宜蘭,2600.0,1,0,585S,2454,2026-04-30
統一宜蘭,2590.0,0,50,585S,2454,2026-04-30
統一東湖,2640.0,0,1000,585R,2454,2026-04-30
統一東湖,2630.0,10,0,585R,2454,2026-04-30
統一南京,2665.0,1000,0,585U,2454,2026-04-30
統一東湖,2615.0,1,0,585R,2454,2026-04-30
統一東湖,2585.0,0,10000,585R,2454,2026-04-30
統一東湖,2575.0,0,2000,585R,2454,2026-04-30
統一三多,2640.0,0,10,585Q,2454,2026-04-30
統一三多,2620.0,30,0,585Q,2454,2026-04-30
統一三多,2595.0,20,0,585Q,2454,2026-04-30
統一三多,2575.0,0,50,585Q,2454,2026-04-30
統一板橋,2650.0,0,1000,585P,2454,2026-04-30
統一板橋,2615.0,0,1000,585P,2454,2026-04-30
統一板橋,2590.0,1,0,585P,2454,2026-04-30
統一板橋,2580.0,2,0,585P,2454,2026-04-30
統一士林,2655.0,1000,0,585M,2454,2026-04-30
統一士林,2635.0,2000,0,585M,2454,2026-04-30
統一士林,2625.0,15,0,585M,2454,2026-04-30
統一東湖,2605.0,40,100,585R,2454,2026-04-30
中國信託,2640.0,27520,3099,6160,2454,2026-04-30
第一華江,2630.0,151,52,538W,2454,2026-04-30
第一華江,2610.0,1009,1015,538W,2454,2026-04-30
高橋,2625.0,100,1105,5320,2454,2026-04-30
高橋,2615.0,0,40,5320,2454,2026-04-30
高橋,2605.0,60,2002,5320,2454,2026-04-30
高橋,2590.0,4,5,5320,2454,2026-04-30
高橋,2580.0,0,125,5320,2454,2026-04-30
美好市政,2650.0,0,30,526M,2454,2026-04-30
美好市政,2635.0,0,5,526M,2454,2026-04-30
美好市政,2625.0,10,1000,526M,2454,2026-04-30
美好市政,2600.0,1005,0,526M,2454,2026-04-30
美好富順,2665.0,0,1000,526K,2454,2026-04-30
美好富順,2650.0,0,30,526K,2454,2026-04-30
美好富順,2635.0,0,1019,526K,2454,2026-04-30
美好富順,2625.0,10,110,526K,2454,2026-04-30
美好富順,2605.0,0,18,526K,2454,2026-04-30
美好富順,2595.0,5,10,526K,2454,2026-04-30
美好富順,2585.0,10,0,526K,2454,2026-04-30
美好台南,2635.0,0,100,5268,2454,2026-04-30
美好台南,2620.0,0,50,5268,2454,2026-04-30
美好中壢,2645.0,0,100,5266,2454,2026-04-30
美好中壢,2635.0,95,5,5266,2454,2026-04-30
美好中壢,2605.0,1000,0,5266,2454,2026-04-30
美好中壢,2585.0,100,0,5266,2454,2026-04-30
美好苗栗,2590.0,1000,0,5265,2454,2026-04-30
美好高雄,2625.0,5,0,5264,2454,2026-04-30
美好高雄,2605.0,0,1,5264,2454,2026-04-30
美好泰山,2645.0,0,50,5263,2454,2026-04-30
美好泰山,2625.0,200,0,5263,2454,2026-04-30
高橋,2635.0,20,5,5320,2454,2026-04-30
高橋,2660.0,1000,0,5320,2454,2026-04-30
高橋龍潭,2580.0,1000,0,5321,2454,2026-04-30
高橋龍潭,2610.0,5,0,5321,2454,2026-04-30
第一台中,2635.0,1000,10,5382,2454,2026-04-30
第一台中,2625.0,10,32,5382,2454,2026-04-30
第一台中,2610.0,0,20,5382,2454,2026-04-30
第一台中,2595.0,5,0,5382,2454,2026-04-30
第一員林,2675.0,0,1000,5381,2454,2026-04-30
第一員林,2635.0,2,12,5381,2454,2026-04-30
第一員林,2620.0,8,1000,5381,2454,2026-04-30
第一員林,2600.0,10,0,5381,2454,2026-04-30
第一員林,2585.0,0,20,5381,2454,2026-04-30
第一金證,2660.0,1000,0,5380,2454,2026-04-30
第一金證,2645.0,5,0,5380,2454,2026-04-30
第一金證,2635.0,0,20,5380,2454,2026-04-30
第一金證,2625.0,111,10,5380,2454,2026-04-30
美好泰山,2600.0,0,1000,5263,2454,2026-04-30
第一金證,2615.0,111,10,5380,2454,2026-04-30
第一金證,2590.0,51,0,5380,2454,2026-04-30
第一金證,2580.0,1005,0,5380,2454,2026-04-30
高橋內壢,2650.0,0,85,5323,2454,2026-04-30
高橋內壢,2630.0,0,10,5323,2454,2026-04-30
高橋內壢,2615.0,0,40,5323,2454,2026-04-30
高橋內壢,2595.0,80,20,5323,2454,2026-04-30
高橋內壢,2580.0,20,0,5323,2454,2026-04-30
高橋中壢,2625.0,2000,0,5322,2454,2026-04-30
高橋龍潭,2675.0,1000,0,5321,2454,2026-04-30
高橋龍潭,2655.0,0,10,5321,2454,2026-04-30
高橋龍潭,2645.0,0,1020,5321,2454,2026-04-30
高橋龍潭,2630.0,0,1000,5321,2454,2026-04-30
高橋龍潭,2620.0,0,1000,5321,2454,2026-04-30
第一金證,2605.0,10,0,5380,2454,2026-04-30
第一台中,2675.0,1000,0,5382,2454,2026-04-30
美好楊梅,2650.0,100,0,5262,2454,2026-04-30
美好楊梅,2620.0,0,1300,5262,2454,2026-04-30
亞東板橋,2605.0,0,201,2181,2454,2026-04-30
亞東板橋,2595.0,20,0,2181,2454,2026-04-30
亞東板橋,2585.0,5,0,2181,2454,2026-04-30
亞東,2665.0,1000,0,2180,2454,2026-04-30
亞東,2650.0,0,12,2180,2454,2026-04-30
亞東,2640.0,0,15,2180,2454,2026-04-30
亞東,2625.0,4100,0,2180,2454,2026-04-30
亞東,2595.0,1000,10,2180,2454,2026-04-30
瑞銀,2680.0,8000,0,1650,2454,2026-04-30
瑞銀,2670.0,23000,20000,1650,2454,2026-04-30
瑞銀,2660.0,23000,4000,1650,2454,2026-04-30
瑞銀,2650.0,139000,74000,1650,2454,2026-04-30
瑞銀,2640.0,125000,109000,1650,2454,2026-04-30
瑞銀,2630.0,289000,183000,1650,2454,2026-04-30
瑞銀,2620.0,164000,193000,1650,2454,2026-04-30
瑞銀,2610.0,380000,209572,1650,2454,2026-04-30
瑞銀,2600.0,113000,14000,1650,2454,2026-04-30
瑞銀,2590.0,236116,23000,1650,2454,2026-04-30
瑞銀,2580.0,126000,92000,1650,2454,2026-04-30
瑞銀,2570.0,4000,0,1650,2454,2026-04-30
花旗環球,2665.0,5000,44000,1590,2454,2026-04-30
花旗環球,2655.0,8000,1000,1590,2454,2026-04-30
花旗環球,2645.0,4000,11000,1590,2454,2026-04-30
花旗環球,2635.0,4000,9000,1590,2454,2026-04-30
花旗環球,2625.0,13000,23000,1590,2454,2026-04-30
花旗環球,2615.0,1000,19000,1590,2454,2026-04-30
花旗環球,2605.0,5000,7000,1590,2454,2026-04-30
亞東板橋,2620.0,8,30,2181,2454,2026-04-30
亞東板橋,2635.0,0,202,2181,2454,2026-04-30
亞東板橋,2675.0,1000,0,2181,2454,2026-04-30
亞東新竹,2605.0,0,100,2184,2454,2026-04-30
美好楊梅,2600.0,107,0,5262,2454,2026-04-30
美好楊梅,2585.0,103,0,5262,2454,2026-04-30
美好蘆洲,2665.0,1000,0,5261,2454,2026-04-30
美好蘆洲,2640.0,10,30,5261,2454,2026-04-30
美好蘆洲,2630.0,58,10,5261,2454,2026-04-30
美好蘆洲,2620.0,0,5,5261,2454,2026-04-30
美好蘆洲,2605.0,5,10,5261,2454,2026-04-30
美好蘆洲,2585.0,20,10,5261,2454,2026-04-30
美好,2665.0,0,2000,5260,2454,2026-04-30
美好,2635.0,500,20,5260,2454,2026-04-30
美好,2625.0,0,10,5260,2454,2026-04-30
美好,2590.0,0,1,5260,2454,2026-04-30
大展台南,2650.0,0,100,5058,2454,2026-04-30
美好楊梅,2630.0,43,25,5262,2454,2026-04-30
大展台南,2600.0,0,5,5058,2454,2026-04-30
大展,2660.0,0,2000,5050,2454,2026-04-30
大展,2635.0,0,10,5050,2454,2026-04-30
大展,2610.0,10,60,5050,2454,2026-04-30
大展,2595.0,5,0,5050,2454,2026-04-30
亞東台中,2635.0,0,30,2187,2454,2026-04-30
亞東台中,2620.0,0,2,2187,2454,2026-04-30
亞東高雄,2670.0,0,1000,2186,2454,2026-04-30
亞東高雄,2625.0,30,0,2186,2454,2026-04-30
亞東台南,2635.0,0,3000,2185,2454,2026-04-30
亞東台南,2625.0,1000,0,2185,2454,2026-04-30
亞東台南,2590.0,0,60,2185,2454,2026-04-30
亞東台南,2570.0,1000,0,2185,2454,2026-04-30
亞東新竹,2620.0,0,200,2184,2454,2026-04-30
大展,2675.0,1000,0,5050,2454,2026-04-30
第一華江,2620.0,25,32,538W,2454,2026-04-30
第一高雄,2585.0,6,0,5383,2454,2026-04-30
第一高雄,2620.0,0,1000,5383,2454,2026-04-30
第一安和,2580.0,0,5,538j,2454,2026-04-30
第一頭份,2670.0,1000,0,538I,2454,2026-04-30
第一頭份,2650.0,50,10,538I,2454,2026-04-30
第一頭份,2640.0,0,20,538I,2454,2026-04-30
第一頭份,2630.0,0,20,538I,2454,2026-04-30
第一頭份,2610.0,60,10,538I,2454,2026-04-30
第一頭份,2600.0,6,20,538I,2454,2026-04-30
第一頭份,2590.0,0,10,538I,2454,2026-04-30
第一頭份,2580.0,10,10,538I,2454,2026-04-30
第一頭份,2565.0,1000,0,538I,2454,2026-04-30
第一稻埕,2640.0,0,1010,538F,2454,2026-04-30
第一稻埕,2625.0,131,1020,538F,2454,2026-04-30
第一稻埕,2615.0,0,20,538F,2454,2026-04-30
第一稻埕,2575.0,1000,0,538F,2454,2026-04-30
第一自由,2650.0,500,2000,538E,2454,2026-04-30
第一自由,2635.0,100,52,538E,2454,2026-04-30
第一自由,2625.0,0,153,538E,2454,2026-04-30
第一自由,2615.0,23,7,538E,2454,2026-04-30
第一自由,2605.0,0,100,538E,2454,2026-04-30
第一自由,2590.0,1002,11,538E,2454,2026-04-30
第一自由,2580.0,1020,0,538E,2454,2026-04-30
第一忠孝,2655.0,1,0,538D,2454,2026-04-30
第一忠孝,2645.0,1,2030,538D,2454,2026-04-30
第一忠孝,2635.0,70,95,538D,2454,2026-04-30
第一忠孝,2625.0,12,0,538D,2454,2026-04-30
第一忠孝,2615.0,50,0,538D,2454,2026-04-30
第一忠孝,2600.0,0,1020,538D,2454,2026-04-30
第一安和,2590.0,2,0,538j,2454,2026-04-30
第一安和,2600.0,0,10,538j,2454,2026-04-30
第一安和,2610.0,1,50,538j,2454,2026-04-30
第一安和,2620.0,0,3,538j,2454,2026-04-30
第一華江,2600.0,95,2,538W,2454,2026-04-30
第一華江,2590.0,1,20,538W,2454,2026-04-30
第一華江,2580.0,2000,35,538W,2454,2026-04-30
第一路竹,2675.0,0,1000,538P,2454,2026-04-30
第一路竹,2655.0,1000,0,538P,2454,2026-04-30
第一路竹,2645.0,0,1250,538P,2454,2026-04-30
第一路竹,2635.0,20,120,538P,2454,2026-04-30
第一路竹,2625.0,2010,120,538P,2454,2026-04-30
第一路竹,2615.0,2,5,538P,2454,2026-04-30
第一路竹,2605.0,17,30,538P,2454,2026-04-30
第一路竹,2595.0,0,1010,538P,2454,2026-04-30
第一路竹,2585.0,1,0,538P,2454,2026-04-30
第一路竹,2575.0,1000,0,538P,2454,2026-04-30
第一忠孝,2590.0,150,0,538D,2454,2026-04-30
第一豐原,2635.0,10,0,538N,2454,2026-04-30
第一豐原,2610.0,1,5,538N,2454,2026-04-30
第一豐原,2600.0,0,13,538N,2454,2026-04-30
第一豐原,2590.0,50,40,538N,2454,2026-04-30
第一豐原,2580.0,0,20,538N,2454,2026-04-30
第一嘉義,2645.0,0,20,538M,2454,2026-04-30
第一嘉義,2635.0,0,12,538M,2454,2026-04-30
第一嘉義,2625.0,0,10,538M,2454,2026-04-30
第一嘉義,2615.0,1,100,538M,2454,2026-04-30
第一嘉義,2605.0,0,16,538M,2454,2026-04-30
第一嘉義,2590.0,50,25,538M,2454,2026-04-30
第一嘉義,2580.0,12,0,538M,2454,2026-04-30
第一安和,2670.0,0,1000,538j,2454,2026-04-30
第一安和,2630.0,2000,20,538j,2454,2026-04-30
第一豐原,2625.0,72,675,538N,2454,2026-04-30
第一高雄,2600.0,20,1320,5383,2454,2026-04-30
第一忠孝,2580.0,10012,0,538D,2454,2026-04-30
第一光復,2655.0,0,2000,538C,2454,2026-04-30
第一澎湖,2585.0,1,0,5387,2454,2026-04-30
第一澎湖,2575.0,30,10,5387,2454,2026-04-30
第一彰化,2640.0,0,55,5386,2454,2026-04-30
第一彰化,2630.0,0,3,5386,2454,2026-04-30
第一彰化,2615.0,0,3,5386,2454,2026-04-30
第一彰化,2605.0,0,10,5386,2454,2026-04-30
第一彰化,2590.0,0,24,5386,2454,2026-04-30
第一桃園,2650.0,55,1001,5385,2454,2026-04-30
第一桃園,2640.0,5,5,5385,2454,2026-04-30
第一桃園,2630.0,0,1000,5385,2454,2026-04-30
第一桃園,2620.0,20,0,5385,2454,2026-04-30
第一桃園,2610.0,6,0,5385,2454,2026-04-30
第一桃園,2600.0,5,5,5385,2454,2026-04-30
第一桃園,2590.0,31,0,5385,2454,2026-04-30
第一桃園,2580.0,2,0,5385,2454,2026-04-30
第一台南,2665.0,1000,1000,5384,2454,2026-04-30
第一台南,2650.0,0,1001,5384,2454,2026-04-30
第一台南,2640.0,150,1055,5384,2454,2026-04-30
第一台南,2630.0,2025,1026,5384,2454,2026-04-30
第一台南,2620.0,1052,30,5384,2454,2026-04-30
第一台南,2610.0,0,2005,5384,2454,2026-04-30
第一台南,2600.0,0,1,5384,2454,2026-04-30
第一台南,2590.0,2,101,5384,2454,2026-04-30
第一台南,2580.0,3,35,5384,2454,2026-04-30
第一高雄,2650.0,0,5,5383,2454,2026-04-30
第一高雄,2640.0,0,1,5383,2454,2026-04-30
第一高雄,2630.0,0,1000,5383,2454,2026-04-30
第一澎湖,2595.0,0,65,5387,2454,2026-04-30
第一澎湖,2610.0,4,1000,5387,2454,2026-04-30
第一澎湖,2620.0,1009,35,5387,2454,2026-04-30
第一澎湖,2630.0,20,50,5387,2454,2026-04-30
第一光復,2635.0,5,8,538C,2454,2026-04-30
第一光復,2625.0,2005,100,538C,2454,2026-04-30
第一光復,2615.0,8,0,538C,2454,2026-04-30
第一光復,2600.0,13,0,538C,2454,2026-04-30
第一光復,2590.0,6003,0,538C,2454,2026-04-30
第一新竹,2650.0,0,1000,538B,2454,2026-04-30
第一新竹,2640.0,10,1000,538B,2454,2026-04-30
第一新竹,2630.0,1,1102,538B,2454,2026-04-30
第一新竹,2620.0,0,60,538B,2454,2026-04-30
第一新竹,2610.0,2,10055,538B,2454,2026-04-30
第一新竹,2595.0,0,1,538B,2454,2026-04-30
第一新竹,2585.0,9000,0,538B,2454,2026-04-30
第一新竹,2575.0,6000,0,538B,2454,2026-04-30
第一光復,2675.0,1000,0,538C,2454,2026-04-30
第一新興,2660.0,0,1000,538A,2454,2026-04-30
第一新興,2635.0,0,9000,538A,2454,2026-04-30
第一新興,2625.0,1000,1190,538A,2454,2026-04-30
第一新興,2615.0,1,10,538A,2454,2026-04-30
第一新興,2600.0,1,0,538A,2454,2026-04-30
第一新興,2585.0,0,10,538A,2454,2026-04-30
第一中山,2665.0,0,1000,5389,2454,2026-04-30
第一中山,2645.0,0,100,5389,2454,2026-04-30
第一中山,2635.0,305,5,5389,2454,2026-04-30
第一中山,2620.0,20,8,5389,2454,2026-04-30
第一中山,2610.0,1000,9,5389,2454,2026-04-30
第一中山,2595.0,0,13010,5389,2454,2026-04-30
第一中山,2585.0,0,1000,5389,2454,2026-04-30
第一澎湖,2675.0,1000,0,5387,2454,2026-04-30
第一新興,2645.0,50,0,538A,2454,2026-04-30
中國信託,2650.0,3100,2276,6160,2454,2026-04-30
中國信託,2660.0,2000,0,6160,2454,2026-04-30
中信三重,2575.0,10,0,6161,2454,2026-04-30
兆豐復興,2640.0,0,1000,700p,2454,2026-04-30
兆豐復興,2630.0,2005,0,700p,2454,2026-04-30
兆豐復興,2615.0,0,50,700p,2454,2026-04-30
兆豐復興,2605.0,0,8020,700p,2454,2026-04-30
兆豐復興,2580.0,30,0,700p,2454,2026-04-30
兆豐埔墘,2670.0,0,5000,700N,2454,2026-04-30
兆豐埔墘,2655.0,0,10000,700N,2454,2026-04-30
兆豐埔墘,2635.0,138,0,700N,2454,2026-04-30
兆豐埔墘,2625.0,5030,0,700N,2454,2026-04-30
兆豐埔墘,2610.0,11000,0,700N,2454,2026-04-30
兆豐桃園,2650.0,0,20,700M,2454,2026-04-30
兆豐桃園,2630.0,0,1003,700M,2454,2026-04-30
兆豐桃園,2610.0,2,0,700M,2454,2026-04-30
兆豐桃園,2590.0,2,60,700M,2454,2026-04-30
兆豐桃園,2575.0,2,10,700M,2454,2026-04-30
兆豐天母,2640.0,0,10,700L,2454,2026-04-30
兆豐天母,2630.0,0,1000,700L,2454,2026-04-30
兆豐天母,2620.0,8,5,700L,2454,2026-04-30
兆豐天母,2610.0,20,6,700L,2454,2026-04-30
兆豐天母,2600.0,10,1000,700L,2454,2026-04-30
兆豐天母,2585.0,10,0,700L,2454,2026-04-30
兆豐新營,2675.0,1000,0,700K,2454,2026-04-30
兆豐新營,2650.0,0,100,700K,2454,2026-04-30
兆豐新營,2640.0,0,200,700K,2454,2026-04-30
兆豐新營,2630.0,0,18,700K,2454,2026-04-30
兆豐新營,2610.0,45,0,700K,2454,2026-04-30
兆豐新營,2590.0,10,30,700K,2454,2026-04-30
兆豐復興,2675.0,4000,0,700p,2454,2026-04-30
兆豐南京,2605.0,1000,0,700P,2454,2026-04-30
兆豐南京,2615.0,0,1000,700P,2454,2026-04-30
兆豐南京,2625.0,1002,4000,700P,2454,2026-04-30
兆豐桃鶯,2645.0,0,1000,700U,2454,2026-04-30
兆豐桃鶯,2620.0,31,35,700U,2454,2026-04-30
兆豐桃鶯,2600.0,0,105,700U,2454,2026-04-30
兆豐桃鶯,2585.0,1008,10,700U,2454,2026-04-30
兆豐桃鶯,2570.0,0,2000,700U,2454,2026-04-30
兆豐大同,2650.0,0,110,700S,2454,2026-04-30
兆豐大同,2635.0,0,10,700S,2454,2026-04-30
兆豐大同,2625.0,0,120,700S,2454,2026-04-30
兆豐大同,2600.0,1,0,700S,2454,2026-04-30
兆豐大同,2580.0,20000,0,700S,2454,2026-04-30
兆豐岡山,2650.0,1000,100,700s,2454,2026-04-30
兆豐岡山,2625.0,130,1,700s,2454,2026-04-30
兆豐岡山,2615.0,50,0,700s,2454,2026-04-30
兆豐新營,2580.0,47,0,700K,2454,2026-04-30
兆豐岡山,2600.0,50,1000,700s,2454,2026-04-30
兆豐小港,2635.0,0,9,700R,2454,2026-04-30
兆豐小港,2625.0,30,10,700R,2454,2026-04-30
兆豐小港,2610.0,0,10,700R,2454,2026-04-30
兆豐寶成,2675.0,0,1000,700r,2454,2026-04-30
兆豐寶成,2655.0,2000,0,700r,2454,2026-04-30
兆豐寶成,2640.0,0,1000,700r,2454,2026-04-30
兆豐寶成,2630.0,2055,9,700r,2454,2026-04-30
兆豐寶成,2620.0,1,60,700r,2454,2026-04-30
兆豐寶成,2610.0,0,1000,700r,2454,2026-04-30
兆豐寶成,2600.0,151,10,700r,2454,2026-04-30
兆豐寶成,2590.0,0,1000,700r,2454,2026-04-30
兆豐寶成,2580.0,300,1020,700r,2454,2026-04-30
兆豐南京,2640.0,10,0,700P,2454,2026-04-30
兆豐小港,2655.0,1000,1000,700R,2454,2026-04-30
兆豐桃鶯,2665.0,0,10000,700U,2454,2026-04-30
兆豐員林,2655.0,1000,1000,700k,2454,2026-04-30
兆豐員林,2635.0,0,1000,700k,2454,2026-04-30
兆豐東門,2585.0,1000,0,700H,2454,2026-04-30
兆豐東門,2575.0,20,0,700H,2454,2026-04-30
兆豐三民,2645.0,0,1000,700h,2454,2026-04-30
兆豐三民,2635.0,5,13,700h,2454,2026-04-30
兆豐三民,2625.0,1006,34,700h,2454,2026-04-30
兆豐三民,2615.0,45,240,700h,2454,2026-04-30
兆豐三民,2605.0,5,5,700h,2454,2026-04-30
兆豐三民,2580.0,10,0,700h,2454,2026-04-30
兆豐麻豆,2630.0,0,21,700G,2454,2026-04-30
兆豐麻豆,2620.0,0,50,700G,2454,2026-04-30
兆豐麻豆,2605.0,5,0,700G,2454,2026-04-30
兆豐麻豆,2595.0,36,10,700G,2454,2026-04-30
兆豐南門,2645.0,0,2020,700g,2454,2026-04-30
兆豐南門,2635.0,3,1000,700g,2454,2026-04-30
兆豐南門,2625.0,2012,21,700g,2454,2026-04-30
兆豐南門,2615.0,1065,200,700g,2454,2026-04-30
兆豐南門,2605.0,19,0,700g,2454,2026-04-30
兆豐南門,2595.0,0,1000,700g,2454,2026-04-30
兆豐南門,2585.0,10,20,700g,2454,2026-04-30
兆豐南門,2575.0,0,100,700g,2454,2026-04-30
兆豐虎尾,2650.0,1,0,700F,2454,2026-04-30
兆豐虎尾,2635.0,1,1000,700F,2454,2026-04-30
兆豐虎尾,2620.0,0,1,700F,2454,2026-04-30
兆豐虎尾,2590.0,2000,0,700F,2454,2026-04-30
兆豐虎尾,2580.0,0,3000,700F,2454,2026-04-30
兆豐鹿港,2635.0,1,0,700f,2454,2026-04-30
兆豐鹿港,2625.0,1000,210,700f,2454,2026-04-30
兆豐東門,2600.0,52,0,700H,2454,2026-04-30
兆豐東門,2615.0,0,12,700H,2454,2026-04-30
兆豐東門,2625.0,0,40,700H,2454,2026-04-30
兆豐東門,2635.0,0,1000,700H,2454,2026-04-30
兆豐員林,2620.0,1,2050,700k,2454,2026-04-30
兆豐員林,2605.0,0,3,700k,2454,2026-04-30
兆豐員林,2575.0,50,0,700k,2454,2026-04-30
兆豐公益,2660.0,1000,0,700J,2454,2026-04-30
兆豐公益,2640.0,0,1120,700J,2454,2026-04-30
兆豐公益,2620.0,30,10,700J,2454,2026-04-30
兆豐公益,2610.0,16,0,700J,2454,2026-04-30
兆豐公益,2590.0,1,40,700J,2454,2026-04-30
兆豐公益,2580.0,1216,10,700J,2454,2026-04-30
兆豐大安,2665.0,1000,0,700j,2454,2026-04-30
兆豐大安,2645.0,1,0,700j,2454,2026-04-30
兆豐大安,2635.0,5,0,700j,2454,2026-04-30
兆豐大安,2625.0,0,100,700j,2454,2026-04-30
兆豐員林,2645.0,1010,0,700k,2454,2026-04-30
兆豐大安,2610.0,5,1000,700j,2454,2026-04-30
兆豐北高,2645.0,0,1020,700I,2454,2026-04-30
兆豐北高,2635.0,154,4050,700I,2454,2026-04-30
兆豐北高,2625.0,27,125,700I,2454,2026-04-30
兆豐北高,2615.0,50,375,700I,2454,2026-04-30
兆豐北高,2605.0,0,100,700I,2454,2026-04-30
兆豐北高,2595.0,1000,0,700I,2454,2026-04-30
兆豐北高,2585.0,20,0,700I,2454,2026-04-30
兆豐松德,2650.0,0,100,700i,2454,2026-04-30
兆豐松德,2640.0,0,1,700i,2454,2026-04-30
兆豐松德,2625.0,1900,200,700i,2454,2026-04-30
兆豐松德,2610.0,10,0,700i,2454,2026-04-30
兆豐松德,2580.0,10,100,700i,2454,2026-04-30
兆豐東門,2650.0,1,0,700H,2454,2026-04-30
兆豐北高,2655.0,1000,0,700I,2454,2026-04-30
兆豐鹿港,2610.0,10,10,700f,2454,2026-04-30
兆豐新竹,2590.0,25,40,700V,2454,2026-04-30
兆豐新竹,2615.0,0,106,700V,2454,2026-04-30
國票新莊,2650.0,0,100,779G,2454,2026-04-30
國票新莊,2620.0,35,10,779G,2454,2026-04-30
國票新莊,2605.0,5,0,779G,2454,2026-04-30
國票新莊,2590.0,21,0,779G,2454,2026-04-30
國票新莊,2580.0,6,10000,779G,2454,2026-04-30
國票南崁,2635.0,0,10,779E,2454,2026-04-30
國票南崁,2625.0,0,35,779E,2454,2026-04-30
國票南崁,2610.0,2000,0,779E,2454,2026-04-30
國票南崁,2590.0,10,0,779E,2454,2026-04-30
國票南崁,2575.0,0,5,779E,2454,2026-04-30
國票南科,2635.0,0,210,779e,2454,2026-04-30
國票南科,2605.0,1,18,779e,2454,2026-04-30
國票南科,2580.0,0,40,779e,2454,2026-04-30
國票台南,2650.0,0,1,779D,2454,2026-04-30
國票台南,2635.0,0,40,779D,2454,2026-04-30
國票台南,2620.0,14,0,779D,2454,2026-04-30
國票台南,2605.0,0,50,779D,2454,2026-04-30
國票敦北,2630.0,10,50,779c,2454,2026-04-30
國票敦北,2600.0,20,6,779c,2454,2026-04-30
國票內壢,2645.0,0,1000,7798,2454,2026-04-30
國票內壢,2625.0,0,5,7798,2454,2026-04-30
國票內壢,2615.0,0,2000,7798,2454,2026-04-30
國票內壢,2590.0,0,10,7798,2454,2026-04-30
國票內壢,2575.0,1000,0,7798,2454,2026-04-30
國票中正,2625.0,50,160,7797,2454,2026-04-30
國票中正,2600.0,0,103,7797,2454,2026-04-30
國票南港,2640.0,0,20,7795,2454,2026-04-30
國票嘉義,2590.0,0,50,779H,2454,2026-04-30
國票嘉義,2600.0,100,50,779H,2454,2026-04-30
國票嘉義,2615.0,0,1000,779H,2454,2026-04-30
國票嘉義,2625.0,10000,190,779H,2454,2026-04-30
國票九鼎,2605.0,1030,5,779P,2454,2026-04-30
國票九鼎,2595.0,100,0,779P,2454,2026-04-30
國票九鼎,2585.0,1005,0,779P,2454,2026-04-30
國票九鼎,2575.0,10,0,779P,2454,2026-04-30
國票南京,2625.0,50,0,779n,2454,2026-04-30
國票南京,2615.0,5,0,779n,2454,2026-04-30
國票中港,2665.0,0,1000,779m,2454,2026-04-30
國票中港,2650.0,0,2000,779m,2454,2026-04-30
國票中港,2630.0,0,8,779m,2454,2026-04-30
國票中港,2615.0,5,0,779m,2454,2026-04-30
國票中港,2585.0,0,50,779m,2454,2026-04-30
國票北高,2645.0,0,1,779J,2454,2026-04-30
國票北高,2635.0,81,1,779J,2454,2026-04-30
國票南港,2630.0,1000,220,7795,2454,2026-04-30
國票北高,2625.0,50,2,779J,2454,2026-04-30
國票北高,2590.0,0,1,779J,2454,2026-04-30
國票北高,2580.0,0,1,779J,2454,2026-04-30
國票和平,2665.0,0,1000,779j,2454,2026-04-30
國票和平,2645.0,0,50,779j,2454,2026-04-30
國票和平,2630.0,20,1000,779j,2454,2026-04-30
國票和平,2615.0,0,25,779j,2454,2026-04-30
國票和平,2605.0,0,1000,779j,2454,2026-04-30
國票和平,2590.0,0,1000,779j,2454,2026-04-30
國票和平,2580.0,1000,0,779j,2454,2026-04-30
國票嘉義,2675.0,2000,0,779H,2454,2026-04-30
國票嘉義,2665.0,1000,2000,779H,2454,2026-04-30
國票嘉義,2655.0,60,0,779H,2454,2026-04-30
國票嘉義,2635.0,30,0,779H,2454,2026-04-30
國票北高,2605.0,0,3,779J,2454,2026-04-30
兆豐新竹,2605.0,2,0,700V,2454,2026-04-30
國票南港,2620.0,0,50,7795,2454,2026-04-30
國票南港,2585.0,50,16,7795,2454,2026-04-30
兆豐高雄,2660.0,0,1000,700Z,2454,2026-04-30
兆豐高雄,2650.0,1000,1002,700Z,2454,2026-04-30
兆豐高雄,2635.0,2010,10,700Z,2454,2026-04-30
兆豐高雄,2625.0,130,145,700Z,2454,2026-04-30
兆豐高雄,2615.0,1,0,700Z,2454,2026-04-30
兆豐高雄,2605.0,0,10,700Z,2454,2026-04-30
兆豐高雄,2590.0,2,0,700Z,2454,2026-04-30
兆豐高雄,2580.0,50,1025,700Z,2454,2026-04-30
兆豐永和,2650.0,0,50,700X,2454,2026-04-30
兆豐永和,2630.0,250,0,700X,2454,2026-04-30
兆豐永和,2610.0,200,4,700X,2454,2026-04-30
兆豐永和,2600.0,2,0,700X,2454,2026-04-30
兆豐永和,2585.0,0,5,700X,2454,2026-04-30
兆豐城中,2650.0,0,50,700W,2454,2026-04-30
兆豐城中,2640.0,0,1320,700W,2454,2026-04-30
兆豐城中,2630.0,1010,100,700W,2454,2026-04-30
兆豐城中,2620.0,1005,0,700W,2454,2026-04-30
兆豐城中,2605.0,10,1000,700W,2454,2026-04-30
兆豐城中,2590.0,35,0,700W,2454,2026-04-30
兆豐城中,2575.0,1,0,700W,2454,2026-04-30
兆豐新莊,2620.0,1,0,700w,2454,2026-04-30
兆豐新莊,2590.0,0,10,700w,2454,2026-04-30
兆豐新莊,2580.0,10,5,700w,2454,2026-04-30
兆豐新竹,2660.0,1000,0,700V,2454,2026-04-30
兆豐新竹,2650.0,101,1,700V,2454,2026-04-30
兆豐新竹,2635.0,1000,1100,700V,2454,2026-04-30
兆豐新竹,2625.0,31,9110,700V,2454,2026-04-30
致和,2620.0,6,5,7030,2454,2026-04-30
致和,2630.0,6,15,7030,2454,2026-04-30
致和台北,2580.0,0,1000,7031,2454,2026-04-30
致和佳里,2625.0,0,2015,7032,2454,2026-04-30
國票北投,2645.0,0,1000,7792,2454,2026-04-30
國票北投,2625.0,1000,0,7792,2454,2026-04-30
國票北投,2595.0,5,0,7792,2454,2026-04-30
國票台東,2630.0,10,2000,7791,2454,2026-04-30
國票台東,2605.0,0,20,7791,2454,2026-04-30
國票綜合,2665.0,0,1000,7790,2454,2026-04-30
國票綜合,2645.0,0,585,7790,2454,2026-04-30
國票綜合,2625.0,1002,3040,7790,2454,2026-04-30
國票綜合,2615.0,0,1,7790,2454,2026-04-30
國票綜合,2605.0,15,60,7790,2454,2026-04-30
國票綜合,2595.0,1000,293,7790,2454,2026-04-30
國票綜合,2585.0,5,1260,7790,2454,2026-04-30
國票綜合,2575.0,30,2030,7790,2454,2026-04-30
國票南港,2610.0,0,50,7795,2454,2026-04-30
北城,2655.0,0,1000,7750,2454,2026-04-30
北城,2620.0,100,105,7750,2454,2026-04-30
北城,2585.0,0,110,7750,2454,2026-04-30
石橋,2595.0,0,100,7080,2454,2026-04-30
致和崇德,2635.0,0,10,703B,2454,2026-04-30
致和崇德,2625.0,0,20,703B,2454,2026-04-30
致和崇德,2610.0,0,150,703B,2454,2026-04-30
致和南京,2625.0,0,5,7038,2454,2026-04-30
致和高雄,2625.0,0,100,7036,2454,2026-04-30
致和東門,2625.0,100,0,7035,2454,2026-04-30
致和金華,2640.0,0,18,7034,2454,2026-04-30
致和金華,2605.0,2000,0,7034,2454,2026-04-30
致和金華,2575.0,10,0,7034,2454,2026-04-30
致和佳里,2660.0,1000,0,7032,2454,2026-04-30
北城,2630.0,1000,10,7750,2454,2026-04-30
兆豐鹿港,2590.0,0,1000,700f,2454,2026-04-30
兆豐鹿港,2575.0,4,30,700f,2454,2026-04-30
兆豐西螺,2645.0,0,10,700D,2454,2026-04-30
光和田中,2645.0,0,1000,6382,2454,2026-04-30
光和田中,2615.0,1000,0,6382,2454,2026-04-30
光和田中,2600.0,0,200,6382,2454,2026-04-30
光和田中,2585.0,6,0,6382,2454,2026-04-30
光和溪湖,2635.0,0,1,6381,2454,2026-04-30
光和溪湖,2625.0,2,11,6381,2454,2026-04-30
光和溪湖,2615.0,1,10,6381,2454,2026-04-30
光和溪湖,2600.0,0,10,6381,2454,2026-04-30
光和,2650.0,0,1100,6380,2454,2026-04-30
光和,2605.0,20,0,6380,2454,2026-04-30
光和,2580.0,5,0,6380,2454,2026-04-30
新百王,2650.0,0,1000,6210,2454,2026-04-30
新百王,2640.0,0,2000,6210,2454,2026-04-30
新百王,2630.0,10,1010,6210,2454,2026-04-30
新百王,2610.0,10,12,6210,2454,2026-04-30
新百王,2580.0,30,0,6210,2454,2026-04-30
中信託高,2665.0,1000,1000,616K,2454,2026-04-30
中信託高,2650.0,26,0,616K,2454,2026-04-30
中信託高,2640.0,31,2007,616K,2454,2026-04-30
中信託高,2630.0,15,1040,616K,2454,2026-04-30
中信託高,2620.0,20,258,616K,2454,2026-04-30
中信託高,2605.0,50,487,616K,2454,2026-04-30
中信託高,2595.0,9,100,616K,2454,2026-04-30
中信託高,2585.0,160,20,616K,2454,2026-04-30
中信託高,2575.0,1039,0,616K,2454,2026-04-30
中信中壢,2670.0,2000,1000,616A,2454,2026-04-30
中信中壢,2655.0,0,2010,616A,2454,2026-04-30
光和和美,2610.0,0,3,6383,2454,2026-04-30
光和和美,2635.0,0,1000,6383,2454,2026-04-30
光和花壇,2630.0,0,1000,6385,2454,2026-04-30
光和嘉義,2625.0,0,15,638A,2454,2026-04-30
大昌安康,2620.0,0,70,6462,2454,2026-04-30
大昌安康,2600.0,10,1000,6462,2454,2026-04-30
大昌安康,2580.0,50,0,6462,2454,2026-04-30
大昌樹林,2670.0,2000,0,6461,2454,2026-04-30
大昌樹林,2650.0,10,1007,6461,2454,2026-04-30
大昌樹林,2640.0,1000,0,6461,2454,2026-04-30
大昌樹林,2630.0,0,5,6461,2454,2026-04-30
大昌樹林,2620.0,1070,0,6461,2454,2026-04-30
大昌樹林,2605.0,0,15,6461,2454,2026-04-30
大昌樹林,2590.0,0,10,6461,2454,2026-04-30
大昌,2650.0,20,0,6460,2454,2026-04-30
大昌,2640.0,0,19,6460,2454,2026-04-30
大昌,2630.0,1010,1220,6460,2454,2026-04-30
中信中壢,2645.0,10,100,616A,2454,2026-04-30
大昌,2620.0,2,1035,6460,2454,2026-04-30
大昌,2600.0,0,1050,6460,2454,2026-04-30
大昌,2590.0,5,2060,6460,2454,2026-04-30
大昌,2580.0,6003,0,6460,2454,2026-04-30
永全八德,2630.0,0,1050,6452,2454,2026-04-30
永全南崁,2665.0,1000,0,6451,2454,2026-04-30
永全南崁,2615.0,0,100,6451,2454,2026-04-30
永全南崁,2590.0,100,0,6451,2454,2026-04-30
永全,2660.0,1000,0,6450,2454,2026-04-30
永全,2630.0,2000,0,6450,2454,2026-04-30
永全,2620.0,0,1000,6450,2454,2026-04-30
永全,2600.0,1000,0,6450,2454,2026-04-30
光和高雄,2650.0,0,40,638D,2454,2026-04-30
光和高雄,2625.0,0,5,638D,2454,2026-04-30
大昌,2610.0,1063,2000,6460,2454,2026-04-30
大昌安康,2635.0,0,24,6462,2454,2026-04-30
中信中壢,2630.0,1002,5050,616A,2454,2026-04-30
中信中壢,2610.0,2001,0,616A,2454,2026-04-30
中信託文,2600.0,1105,242,6164,2454,2026-04-30
中信託文,2590.0,16,20,6164,2454,2026-04-30
中信託文,2580.0,186,0,6164,2454,2026-04-30
中信託永,2655.0,0,24,6163,2454,2026-04-30
中信託永,2645.0,50,0,6163,2454,2026-04-30
中信託永,2635.0,20,173,6163,2454,2026-04-30
中信託永,2625.0,241,1470,6163,2454,2026-04-30
中信託永,2615.0,13,425,6163,2454,2026-04-30
中信託永,2605.0,45,130,6163,2454,2026-04-30
中信託永,2595.0,1018,16,6163,2454,2026-04-30
中信託永,2585.0,80,10,6163,2454,2026-04-30
中信託永,2575.0,110,410,6163,2454,2026-04-30
中信託忠,2665.0,15000,1000,6162,2454,2026-04-30
中信託忠,2650.0,2,280,6162,2454,2026-04-30
中信託忠,2640.0,1100,0,6162,2454,2026-04-30
中信託忠,2630.0,2020,4562,6162,2454,2026-04-30
中信託忠,2620.0,1212,260,6162,2454,2026-04-30
中信託忠,2610.0,1010,1050,6162,2454,2026-04-30
中信託忠,2600.0,140,1000,6162,2454,2026-04-30
中信託忠,2585.0,12,2000,6162,2454,2026-04-30
中信託忠,2575.0,13,100,6162,2454,2026-04-30
中信三重,2650.0,0,1001,6161,2454,2026-04-30
中信三重,2630.0,3020,200,6161,2454,2026-04-30
中信三重,2620.0,1000,0,6161,2454,2026-04-30
中信三重,2610.0,1020,3000,6161,2454,2026-04-30
中信三重,2600.0,0,20,6161,2454,2026-04-30
中信三重,2590.0,0,1060,6161,2454,2026-04-30
中信託文,2610.0,52,1131,6164,2454,2026-04-30
中信託文,2620.0,1111,120,6164,2454,2026-04-30
中信託文,2630.0,1040,101,6164,2454,2026-04-30
中信託文,2640.0,0,140,6164,2454,2026-04-30
中信中壢,2600.0,5010,1007,616A,2454,2026-04-30
中信中壢,2585.0,0,30,616A,2454,2026-04-30
中信嘉義,2650.0,0,20,6168,2454,2026-04-30
中信嘉義,2640.0,0,30,6168,2454,2026-04-30
中信嘉義,2625.0,1,0,6168,2454,2026-04-30
中信嘉義,2615.0,0,5,6168,2454,2026-04-30
中信嘉義,2605.0,1000,10,6168,2454,2026-04-30
中信嘉義,2590.0,5,0,6168,2454,2026-04-30
中信嘉義,2580.0,0,87,6168,2454,2026-04-30
中信松江,2650.0,0,50,6167,2454,2026-04-30
中信松江,2635.0,1003,100,6167,2454,2026-04-30
中信松江,2625.0,3,0,6167,2454,2026-04-30
中信松江,2610.0,1000,0,6167,2454,2026-04-30
中信中壢,2620.0,20,0,616A,2454,2026-04-30
中信松江,2600.0,4,9,6167,2454,2026-04-30
中信松江,2580.0,0,50,6167,2454,2026-04-30
中信託新,2675.0,2000,0,6165,2454,2026-04-30
中信託新,2655.0,12,0,6165,2454,2026-04-30
中信託新,2645.0,2163,1040,6165,2454,2026-04-30
中信託新,2635.0,1127,0,6165,2454,2026-04-30
中信託新,2625.0,1250,2260,6165,2454,2026-04-30
中信託新,2615.0,0,500,6165,2454,2026-04-30
中信託新,2605.0,102,1046,6165,2454,2026-04-30
中信託新,2595.0,120,0,6165,2454,2026-04-30
中信託新,2585.0,1005,0,6165,2454,2026-04-30
中信託新,2575.0,10,13,6165,2454,2026-04-30
中信託文,2670.0,1000,0,6164,2454,2026-04-30
中信託文,2650.0,20,1080,6164,2454,2026-04-30
中信松江,2590.0,1,0,6167,2454,2026-04-30
大昌新竹,2580.0,1000,0,6463,2454,2026-04-30
大昌新竹,2600.0,15,0,6463,2454,2026-04-30
大昌新竹,2610.0,20,0,6463,2454,2026-04-30
兆豐忠孝,2595.0,1002,1000,700a,2454,2026-04-30
兆豐忠孝,2585.0,5,0,700a,2454,2026-04-30
兆豐忠孝,2575.0,5,100,700a,2454,2026-04-30
兆豐三重,2620.0,21017,3008,7008,2454,2026-04-30
兆豐三重,2610.0,100,1050,7008,2454,2026-04-30
兆豐三重,2595.0,0,1000,7008,2454,2026-04-30
兆豐三重,2585.0,0,2000,7008,2454,2026-04-30
兆豐竹北,2675.0,0,2000,7007,2454,2026-04-30
兆豐竹北,2650.0,0,2000,7007,2454,2026-04-30
兆豐竹北,2640.0,1010,0,7007,2454,2026-04-30
兆豐竹北,2630.0,1000,40,7007,2454,2026-04-30
兆豐竹北,2620.0,10,10,7007,2454,2026-04-30
兆豐竹北,2610.0,1010,296,7007,2454,2026-04-30
兆豐竹北,2600.0,60,1050,7007,2454,2026-04-30
兆豐竹北,2590.0,1,1000,7007,2454,2026-04-30
兆豐竹北,2580.0,1100,1000,7007,2454,2026-04-30
兆豐台南,2645.0,0,1000,7006,2454,2026-04-30
兆豐台南,2635.0,1000,1000,7006,2454,2026-04-30
兆豐台南,2625.0,5,55,7006,2454,2026-04-30
兆豐台南,2615.0,2,25,7006,2454,2026-04-30
兆豐台南,2605.0,0,1,7006,2454,2026-04-30
兆豐台南,2585.0,1001,0,7006,2454,2026-04-30
兆豐中港,2670.0,0,1000,7005,2454,2026-04-30
兆豐中港,2645.0,0,300,7005,2454,2026-04-30
兆豐中港,2635.0,200,500,7005,2454,2026-04-30
兆豐中港,2625.0,20,113,7005,2454,2026-04-30
兆豐中港,2615.0,0,122,7005,2454,2026-04-30
兆豐忠孝,2605.0,2004,0,700a,2454,2026-04-30
兆豐忠孝,2620.0,21,1,700a,2454,2026-04-30
兆豐忠孝,2630.0,5000,3,700a,2454,2026-04-30
兆豐忠孝,2640.0,16,100,700a,2454,2026-04-30
兆豐西螺,2625.0,0,20,700D,2454,2026-04-30
兆豐西螺,2595.0,1000,0,700D,2454,2026-04-30
兆豐彰化,2650.0,10,0,700d,2454,2026-04-30
兆豐彰化,2630.0,0,5,700d,2454,2026-04-30
兆豐彰化,2620.0,33,13,700d,2454,2026-04-30
兆豐彰化,2605.0,0,15,700d,2454,2026-04-30
兆豐彰化,2575.0,1000,0,700d,2454,2026-04-30
兆豐來福,2655.0,0,10,700C,2454,2026-04-30
兆豐來福,2635.0,0,101,700C,2454,2026-04-30
兆豐來福,2625.0,0,2050,700C,2454,2026-04-30
兆豐來福,2610.0,0,1070,700C,2454,2026-04-30
兆豐來福,2585.0,0,10,700C,2454,2026-04-30
兆豐來福,2575.0,10,0,700C,2454,2026-04-30
兆豐中港,2605.0,0,11,7005,2454,2026-04-30
兆豐民生,2630.0,0,401,700c,2454,2026-04-30
兆豐民生,2605.0,4,0,700c,2454,2026-04-30
兆豐民生,2590.0,0,1000,700c,2454,2026-04-30
兆豐板橋,2645.0,0,2030,700B,2454,2026-04-30
兆豐板橋,2635.0,0,2150,700B,2454,2026-04-30
兆豐板橋,2615.0,10,0,700B,2454,2026-04-30
兆豐板橋,2600.0,0,100,700B,2454,2026-04-30
兆豐板橋,2585.0,0,20,700B,2454,2026-04-30
兆豐板橋,2575.0,2000,0,700B,2454,2026-04-30
兆豐中壢,2630.0,25,60,700b,2454,2026-04-30
兆豐中壢,2620.0,5,1000,700b,2454,2026-04-30
兆豐中壢,2600.0,0,20,700b,2454,2026-04-30
兆豐中壢,2580.0,20,0,700b,2454,2026-04-30
兆豐忠孝,2650.0,20,1005,700a,2454,2026-04-30
兆豐民生,2615.0,15,10,700c,2454,2026-04-30
兆豐中港,2595.0,20,0,7005,2454,2026-04-30
兆豐中港,2585.0,0,3000,7005,2454,2026-04-30
兆豐台中,2655.0,0,50,7003,2454,2026-04-30
口袋,2655.0,0,33,6620,2454,2026-04-30
口袋,2645.0,1004,41,6620,2454,2026-04-30
口袋,2635.0,52,71,6620,2454,2026-04-30
口袋,2625.0,27,2048,6620,2454,2026-04-30
口袋,2615.0,5,81,6620,2454,2026-04-30
口袋,2605.0,16,109,6620,2454,2026-04-30
口袋,2595.0,52,23,6620,2454,2026-04-30
口袋,2585.0,370,62,6620,2454,2026-04-30
口袋,2575.0,13,1088,6620,2454,2026-04-30
福邦,2650.0,1000,0,6480,2454,2026-04-30
福邦,2625.0,1000,0,6480,2454,2026-04-30
福邦,2610.0,0,7000,6480,2454,2026-04-30
大昌桃園,2675.0,1000,0,6465,2454,2026-04-30
口袋,2670.0,1000,0,6620,2454,2026-04-30
大昌桃園,2630.0,0,140,6465,2454,2026-04-30
大昌桃園,2600.0,10,0,6465,2454,2026-04-30
大昌桃園,2590.0,20,0,6465,2454,2026-04-30
大昌新店,2650.0,0,1050,6464,2454,2026-04-30
大昌新店,2635.0,1020,1,6464,2454,2026-04-30
大昌新店,2625.0,50,3010,6464,2454,2026-04-30
大昌新店,2615.0,13,10,6464,2454,2026-04-30
大昌新店,2605.0,5,1033,6464,2454,2026-04-30
大昌新店,2585.0,10,0,6464,2454,2026-04-30
大昌新竹,2675.0,6000,0,6463,2454,2026-04-30
大昌新竹,2655.0,0,1100,6463,2454,2026-04-30
大昌新竹,2645.0,0,5040,6463,2454,2026-04-30
大昌新竹,2630.0,0,1000,6463,2454,2026-04-30
大昌新竹,2620.0,5000,2000,6463,2454,2026-04-30
大昌桃園,2620.0,0,1016,6465,2454,2026-04-30
凱基三峽,2575.0,2000,0,921E,2454,2026-04-30
德信,2580.0,1000,100,6910,2454,2026-04-30
德信中正,2580.0,2000,0,6912,2454,2026-04-30
兆豐台中,2645.0,0,1010,7003,2454,2026-04-30
兆豐台中,2635.0,1,1001,7003,2454,2026-04-30
兆豐台中,2625.0,20,60,7003,2454,2026-04-30
兆豐台中,2615.0,1060,1000,7003,2454,2026-04-30
兆豐台中,2605.0,1030,100,7003,2454,2026-04-30
兆豐台中,2595.0,25,0,7003,2454,2026-04-30
兆豐台中,2580.0,1020,0,7003,2454,2026-04-30
兆豐嘉義,2650.0,0,1170,7001,2454,2026-04-30
兆豐嘉義,2635.0,10,1100,7001,2454,2026-04-30
兆豐嘉義,2620.0,5,112,7001,2454,2026-04-30
兆豐嘉義,2610.0,1000,30,7001,2454,2026-04-30
兆豐嘉義,2600.0,5,0,7001,2454,2026-04-30
兆豐嘉義,2590.0,50,0,7001,2454,2026-04-30
德信,2620.0,135,0,6910,2454,2026-04-30
兆豐嘉義,2575.0,10,0,7001,2454,2026-04-30
兆豐,2625.0,2020,2000,7000,2454,2026-04-30
兆豐,2615.0,1000,1017,7000,2454,2026-04-30
兆豐,2605.0,25,0,7000,2454,2026-04-30
兆豐,2590.0,1000,0,7000,2454,2026-04-30
兆豐,2580.0,10,5000,7000,2454,2026-04-30
福勝,2635.0,0,1000,6950,2454,2026-04-30
福勝,2620.0,0,1010,6950,2454,2026-04-30
福勝,2610.0,2,0,6950,2454,2026-04-30
福勝,2585.0,60,0,6950,2454,2026-04-30
德信和平,2640.0,1000,0,6915,2454,2026-04-30
德信和平,2595.0,0,5,6915,2454,2026-04-30
德信新營,2600.0,0,36,6913,2454,2026-04-30
德信中正,2630.0,0,2,6912,2454,2026-04-30
兆豐,2635.0,300,300,7000,2454,2026-04-30
凱基三峽,2590.0,0,100,921E,2454,2026-04-30
凱基三峽,2620.0,0,1,921E,2454,2026-04-30
凱基三峽,2630.0,0,1055,921E,2454,2026-04-30
元大四維,2625.0,52,0,9831,2454,2026-04-30
元大四維,2615.0,50,1,9831,2454,2026-04-30
元大四維,2605.0,36,0,9831,2454,2026-04-30
元大四維,2595.0,63,0,9831,2454,2026-04-30
元大四維,2585.0,20,0,9831,2454,2026-04-30
元大四維,2575.0,1,0,9831,2454,2026-04-30
元大忠鼎,2655.0,5000,0,982F,2454,2026-04-30
元大忠鼎,2645.0,5000,0,982F,2454,2026-04-30
元大忠鼎,2630.0,50,0,982F,2454,2026-04-30
元大忠鼎,2600.0,0,8000,982F,2454,2026-04-30
元大六合,2635.0,32,317,982C,2454,2026-04-30
元大六合,2625.0,1210,263,982C,2454,2026-04-30
元大六合,2615.0,0,650,982C,2454,2026-04-30
元大六合,2605.0,5,0,982C,2454,2026-04-30
元大六合,2590.0,20,0,982C,2454,2026-04-30
元大六合,2580.0,55,0,982C,2454,2026-04-30
元大博愛,2660.0,1000,0,982B,2454,2026-04-30
元大博愛,2650.0,0,3105,982B,2454,2026-04-30
元大博愛,2640.0,0,2000,982B,2454,2026-04-30
元大博愛,2630.0,110,2427,982B,2454,2026-04-30
元大博愛,2620.0,2263,33,982B,2454,2026-04-30
元大博愛,2610.0,60,2109,982B,2454,2026-04-30
元大博愛,2600.0,1111,55,982B,2454,2026-04-30
元大博愛,2590.0,5014,5,982B,2454,2026-04-30
元大博愛,2580.0,1036,2000,982B,2454,2026-04-30
元大羅東,2650.0,0,389,982A,2454,2026-04-30
元大羅東,2635.0,1,80,982A,2454,2026-04-30
元大四維,2635.0,0,8,9831,2454,2026-04-30
元大四維,2645.0,0,1017,9831,2454,2026-04-30
元大四維,2675.0,0,1000,9831,2454,2026-04-30
元大敦化,2580.0,1003,0,9833,2454,2026-04-30
元大北港,2610.0,8,21,9837,2454,2026-04-30
元大北港,2595.0,50,0,9837,2454,2026-04-30
元大北港,2575.0,50,0,9837,2454,2026-04-30
元大中山,2660.0,0,1000,9835,2454,2026-04-30
元大中山,2640.0,5,14,9835,2454,2026-04-30
元大中山,2630.0,1020,1051,9835,2454,2026-04-30
元大中山,2620.0,4,120,9835,2454,2026-04-30
元大中山,2610.0,35,155,9835,2454,2026-04-30
元大中山,2600.0,3,10,9835,2454,2026-04-30
元大中山,2590.0,1002,53,9835,2454,2026-04-30
元大中山,2580.0,2,120,9835,2454,2026-04-30
元大中壢,2660.0,1000,0,9834,2454,2026-04-30
元大中壢,2650.0,0,1089,9834,2454,2026-04-30
元大羅東,2625.0,42,89,982A,2454,2026-04-30
元大中壢,2640.0,0,2334,9834,2454,2026-04-30
元大中壢,2620.0,1,1127,9834,2454,2026-04-30
元大中壢,2610.0,26,1029,9834,2454,2026-04-30
元大中壢,2600.0,1043,215,9834,2454,2026-04-30
元大中壢,2590.0,4,28,9834,2454,2026-04-30
元大中壢,2580.0,133,1000,9834,2454,2026-04-30
元大敦化,2665.0,1000,1000,9833,2454,2026-04-30
元大敦化,2655.0,2000,0,9833,2454,2026-04-30
元大敦化,2645.0,0,2,9833,2454,2026-04-30
元大敦化,2635.0,3000,5000,9833,2454,2026-04-30
元大敦化,2625.0,1010,35,9833,2454,2026-04-30
元大敦化,2615.0,8,5000,9833,2454,2026-04-30
元大敦化,2600.0,0,10,9833,2454,2026-04-30
元大敦化,2590.0,10,20000,9833,2454,2026-04-30
元大中壢,2630.0,2089,3036,9834,2454,2026-04-30
元大北港,2625.0,0,77,9837,2454,2026-04-30
元大羅東,2615.0,179,175,982A,2454,2026-04-30
元大羅東,2595.0,60,10,982A,2454,2026-04-30
元大潮州,2600.0,10,0,981Z,2454,2026-04-30
元大潮州,2590.0,1,0,981Z,2454,2026-04-30
元大潮州,2575.0,50,0,981Z,2454,2026-04-30
元大大統,2645.0,0,500,981z,2454,2026-04-30
元大大統,2635.0,5,11,981z,2454,2026-04-30
元大大統,2625.0,12,343,981z,2454,2026-04-30
元大大統,2615.0,0,2,981z,2454,2026-04-30
元大大統,2605.0,21,0,981z,2454,2026-04-30
元大大統,2590.0,2,0,981z,2454,2026-04-30
元大大統,2580.0,1000,10,981z,2454,2026-04-30
元大善化,2650.0,0,10,981y,2454,2026-04-30
元大善化,2635.0,0,1100,981y,2454,2026-04-30
元大善化,2625.0,10,180,981y,2454,2026-04-30
元大善化,2615.0,55,1,981y,2454,2026-04-30
元大善化,2600.0,5,3000,981y,2454,2026-04-30
元大善化,2590.0,1,50,981y,2454,2026-04-30
元大善化,2580.0,10,105,981y,2454,2026-04-30
元大新生,2665.0,0,1000,981X,2454,2026-04-30
元大新生,2640.0,0,5,981X,2454,2026-04-30
元大新生,2625.0,0,1000,981X,2454,2026-04-30
元大新生,2605.0,3,0,981X,2454,2026-04-30
元大新生,2590.0,10,0,981X,2454,2026-04-30
元大民雄,2650.0,0,50,981V,2454,2026-04-30
元大民雄,2635.0,0,51,981V,2454,2026-04-30
元大民雄,2625.0,15,0,981V,2454,2026-04-30
元大民雄,2610.0,1000,200,981V,2454,2026-04-30
元大民雄,2600.0,51,0,981V,2454,2026-04-30
元大潮州,2615.0,0,1011,981Z,2454,2026-04-30
元大潮州,2625.0,5,72,981Z,2454,2026-04-30
元大潮州,2635.0,1,40,981Z,2454,2026-04-30
元大潮州,2650.0,100,0,981Z,2454,2026-04-30
元大羅東,2585.0,5,50,982A,2454,2026-04-30
元大羅東,2575.0,13,0,982A,2454,2026-04-30
元大永康,2650.0,1,70,9829,2454,2026-04-30
元大永康,2635.0,2000,0,9829,2454,2026-04-30
元大永康,2625.0,112,128,9829,2454,2026-04-30
元大永康,2610.0,1,0,9829,2454,2026-04-30
元大永康,2600.0,2,90,9829,2454,2026-04-30
元大永康,2590.0,18,0,9829,2454,2026-04-30
元大永康,2580.0,1052,0,9829,2454,2026-04-30
元大新營,2650.0,0,10,9825,2454,2026-04-30
元大新營,2635.0,0,24,9825,2454,2026-04-30
元大新營,2625.0,5,165,9825,2454,2026-04-30
元大新營,2610.0,10,20,9825,2454,2026-04-30
元大羅東,2605.0,21,11,982A,2454,2026-04-30
元大新營,2595.0,21,0,9825,2454,2026-04-30
元大向上,2665.0,1000,0,9824,2454,2026-04-30
元大向上,2645.0,20,0,9824,2454,2026-04-30
元大向上,2625.0,1,0,9824,2454,2026-04-30
元大向上,2610.0,1,5,9824,2454,2026-04-30
元大向上,2600.0,33,2000,9824,2454,2026-04-30
元大向上,2580.0,5,0,9824,2454,2026-04-30
元大學府,2670.0,1000,0,9822,2454,2026-04-30
元大學府,2635.0,105,0,9822,2454,2026-04-30
元大學府,2625.0,104,20,9822,2454,2026-04-30
元大學府,2615.0,1,0,9822,2454,2026-04-30
元大學府,2605.0,30,50,9822,2454,2026-04-30
元大學府,2590.0,102,1,9822,2454,2026-04-30
元大學府,2580.0,101,10,9822,2454,2026-04-30
元大新營,2585.0,10,15,9825,2454,2026-04-30
元大民雄,2590.0,4,0,981V,2454,2026-04-30
元大北港,2640.0,0,20,9837,2454,2026-04-30
元大豐原,2585.0,0,210,9838,2454,2026-04-30
元大鳳山,2620.0,1030,30,983Z,2454,2026-04-30
元大鳳山,2610.0,6,1131,983Z,2454,2026-04-30
元大鳳山,2600.0,39,2,983Z,2454,2026-04-30
元大鳳山,2590.0,0,35,983Z,2454,2026-04-30
元大鳳山,2580.0,32,2,983Z,2454,2026-04-30
元大德芳,2675.0,0,2000,983W,2454,2026-04-30
元大德芳,2660.0,0,1000,983W,2454,2026-04-30
元大德芳,2650.0,100,0,983W,2454,2026-04-30
元大德芳,2640.0,0,2048,983W,2454,2026-04-30
元大德芳,2630.0,1124,105,983W,2454,2026-04-30
元大德芳,2620.0,8,600,983W,2454,2026-04-30
元大德芳,2610.0,0,1020,983W,2454,2026-04-30
元大德芳,2600.0,2010,4005,983W,2454,2026-04-30
元大德芳,2590.0,1100,6,983W,2454,2026-04-30
元大德芳,2580.0,6022,0,983W,2454,2026-04-30
元大竹南,2645.0,0,1000,983V,2454,2026-04-30
元大竹南,2630.0,0,10,983V,2454,2026-04-30
元大竹南,2620.0,50,1000,983V,2454,2026-04-30
元大竹南,2610.0,0,65,983V,2454,2026-04-30
元大竹南,2600.0,5,1000,983V,2454,2026-04-30
元大頭份,2650.0,0,2085,983U,2454,2026-04-30
元大頭份,2640.0,1036,0,983U,2454,2026-04-30
元大頭份,2630.0,62,23,983U,2454,2026-04-30
元大頭份,2620.0,570,85,983U,2454,2026-04-30
元大頭份,2610.0,99,1,983U,2454,2026-04-30
元大頭份,2600.0,20,2007,983U,2454,2026-04-30
元大頭份,2585.0,110,102,983U,2454,2026-04-30
元大鳳山,2630.0,1040,238,983Z,2454,2026-04-30
元大鳳山,2640.0,0,100,983Z,2454,2026-04-30
元大大直,2630.0,20,0,9846,2454,2026-04-30
元大新中,2575.0,10,0,984C,2454,2026-04-30
元大永春,2575.0,121,1000,9852,2454,2026-04-30
元大館前,2665.0,1000,0,984K,2454,2026-04-30
元大館前,2645.0,1100,1000,984K,2454,2026-04-30
元大館前,2635.0,2100,2000,984K,2454,2026-04-30
元大館前,2625.0,2301,20049,984K,2454,2026-04-30
元大館前,2615.0,0,57,984K,2454,2026-04-30
元大館前,2605.0,1000,3,984K,2454,2026-04-30
元大館前,2595.0,3000,3045,984K,2454,2026-04-30
元大館前,2585.0,9,10,984K,2454,2026-04-30
元大館前,2575.0,0,3085,984K,2454,2026-04-30
元大景美,2645.0,0,53,984H,2454,2026-04-30
元大景美,2635.0,10,12,984H,2454,2026-04-30
元大景美,2625.0,54,101,984H,2454,2026-04-30
元大頭份,2575.0,2,10,983U,2454,2026-04-30
元大景美,2615.0,0,5,984H,2454,2026-04-30
元大景美,2590.0,16,0,984H,2454,2026-04-30
元大景美,2575.0,400,0,984H,2454,2026-04-30
元大南勢,2640.0,0,5,984E,2454,2026-04-30
元大南勢,2630.0,0,1000,984E,2454,2026-04-30
元大南勢,2600.0,50,0,984E,2454,2026-04-30
元大新中,2675.0,1000,0,984C,2454,2026-04-30
元大新中,2645.0,0,2025,984C,2454,2026-04-30
元大新中,2635.0,34,1122,984C,2454,2026-04-30
元大新中,2625.0,1,116,984C,2454,2026-04-30
元大新中,2615.0,1000,0,984C,2454,2026-04-30
元大新中,2605.0,10,10,984C,2454,2026-04-30
元大新中,2595.0,52,0,984C,2454,2026-04-30
元大新中,2585.0,12,17,984C,2454,2026-04-30
元大景美,2600.0,0,6,984H,2454,2026-04-30
元大豐原,2575.0,1,0,9838,2454,2026-04-30
元大大安,2640.0,0,400,983N,2454,2026-04-30
元大大安,2620.0,1005,2000,983N,2454,2026-04-30
元大上新,2650.0,0,1030,983G,2454,2026-04-30
元大上新,2640.0,0,10,983G,2454,2026-04-30
元大上新,2630.0,0,20,983G,2454,2026-04-30
元大上新,2620.0,4,10,983G,2454,2026-04-30
元大上新,2610.0,0,136,983G,2454,2026-04-30
元大上新,2600.0,11,50,983G,2454,2026-04-30
元大上新,2585.0,0,101,983G,2454,2026-04-30
元大上新,2575.0,2,0,983G,2454,2026-04-30
元大竹東,2655.0,1,0,983f,2454,2026-04-30
元大竹東,2620.0,0,60,983f,2454,2026-04-30
元大竹東,2605.0,2,0,983f,2454,2026-04-30
元大竹東,2590.0,10,0,983f,2454,2026-04-30
元大竹東,2575.0,100,0,983f,2454,2026-04-30
元大林森,2645.0,77,0,983B,2454,2026-04-30
元大林森,2635.0,0,100,983B,2454,2026-04-30
元大林森,2625.0,0,40,983B,2454,2026-04-30
元大林森,2615.0,87,0,983B,2454,2026-04-30
元大林森,2605.0,22,0,983B,2454,2026-04-30
元大林森,2595.0,0,370,983B,2454,2026-04-30
元大林森,2585.0,30,0,983B,2454,2026-04-30
元大豐原,2655.0,0,1000,9838,2454,2026-04-30
元大豐原,2645.0,0,3020,9838,2454,2026-04-30
元大豐原,2635.0,1000,107,9838,2454,2026-04-30
元大豐原,2625.0,1,50,9838,2454,2026-04-30
元大豐原,2615.0,0,1002,9838,2454,2026-04-30
元大豐原,2605.0,0,50,9838,2454,2026-04-30
元大豐原,2595.0,0,100,9838,2454,2026-04-30
元大大雅,2575.0,10,0,983i,2454,2026-04-30
元大大雅,2585.0,67,25,983i,2454,2026-04-30
元大大雅,2595.0,0,21,983i,2454,2026-04-30
元大大雅,2605.0,20,45,983i,2454,2026-04-30
元大大安,2610.0,200,14,983N,2454,2026-04-30
元大大安,2600.0,3,10,983N,2454,2026-04-30
元大大安,2575.0,6,0,983N,2454,2026-04-30
元大木柵,2615.0,5,0,983M,2454,2026-04-30
元大木柵,2595.0,10,0,983M,2454,2026-04-30
元大木柵,2585.0,25,0,983M,2454,2026-04-30
元大木柵,2575.0,10,0,983M,2454,2026-04-30
元大學甲,2650.0,1,0,983K,2454,2026-04-30
元大學甲,2640.0,0,1007,983K,2454,2026-04-30
元大學甲,2625.0,20,60,983K,2454,2026-04-30
元大學甲,2615.0,0,10,983K,2454,2026-04-30
元大學甲,2605.0,1,10,983K,2454,2026-04-30
元大學甲,2595.0,0,20,983K,2454,2026-04-30
元大大安,2630.0,0,2,983N,2454,2026-04-30
元大學甲,2585.0,0,18,983K,2454,2026-04-30
元大仁愛,2645.0,3,0,983j,2454,2026-04-30
元大仁愛,2630.0,1000,2000,983j,2454,2026-04-30
元大仁愛,2620.0,5,50,983j,2454,2026-04-30
元大仁愛,2610.0,0,1,983j,2454,2026-04-30
元大仁愛,2595.0,2004,0,983j,2454,2026-04-30
元大仁愛,2585.0,10,6,983j,2454,2026-04-30
元大仁愛,2575.0,1000,0,983j,2454,2026-04-30
元大大雅,2675.0,1000,1000,983i,2454,2026-04-30
元大大雅,2655.0,0,25,983i,2454,2026-04-30
元大大雅,2645.0,1000,2000,983i,2454,2026-04-30
元大大雅,2635.0,0,2,983i,2454,2026-04-30
元大大雅,2625.0,121,3018,983i,2454,2026-04-30
元大大雅,2615.0,48,25,983i,2454,2026-04-30
元大仁愛,2675.0,0,1000,983j,2454,2026-04-30
元大永春,2585.0,61,1005,9852,2454,2026-04-30
元大華山,2670.0,1000,0,981U,2454,2026-04-30
元大華山,2625.0,1000,4,981U,2454,2026-04-30
元大佳里,2575.0,1000,100,981e,2454,2026-04-30
元大南投,2640.0,0,294,981D,2454,2026-04-30
元大南投,2630.0,16,1008,981D,2454,2026-04-30
元大南投,2620.0,0,11,981D,2454,2026-04-30
元大南投,2610.0,1030,1301,981D,2454,2026-04-30
元大南投,2600.0,10,261,981D,2454,2026-04-30
元大南投,2590.0,0,304,981D,2454,2026-04-30
元大南投,2575.0,0,1,981D,2454,2026-04-30
元大路竹,2630.0,5,215,981C,2454,2026-04-30
元大路竹,2620.0,28,180,981C,2454,2026-04-30
元大路竹,2610.0,10,5,981C,2454,2026-04-30
元大路竹,2600.0,3000,0,981C,2454,2026-04-30
元大路竹,2580.0,160,0,981C,2454,2026-04-30
元大竹北,2675.0,0,1000,981B,2454,2026-04-30
元大竹北,2660.0,0,1000,981B,2454,2026-04-30
元大竹北,2650.0,0,1006,981B,2454,2026-04-30
元大竹北,2640.0,2,4003,981B,2454,2026-04-30
元大竹北,2630.0,1111,2014,981B,2454,2026-04-30
元大竹北,2620.0,9,3100,981B,2454,2026-04-30
元大竹北,2610.0,20,2,981B,2454,2026-04-30
元大竹北,2600.0,1104,3100,981B,2454,2026-04-30
元大竹北,2590.0,10,0,981B,2454,2026-04-30
元大竹北,2580.0,1,0,981B,2454,2026-04-30
元大三峽,2655.0,0,100,981A,2454,2026-04-30
元大三峽,2640.0,0,12,981A,2454,2026-04-30
元大三峽,2630.0,0,150,981A,2454,2026-04-30
元大三峽,2620.0,1000,61,981A,2454,2026-04-30
元大佳里,2585.0,2,42,981e,2454,2026-04-30
元大佳里,2595.0,10,0,981e,2454,2026-04-30
元大佳里,2610.0,1114,0,981e,2454,2026-04-30
元大佳里,2625.0,35,3081,981e,2454,2026-04-30
元大彰化,2590.0,1,0,981G,2454,2026-04-30
元大彰化,2580.0,0,38,981G,2454,2026-04-30
元大大里,2675.0,0,1000,981g,2454,2026-04-30
元大大里,2645.0,0,10,981g,2454,2026-04-30
元大大里,2635.0,1010,1100,981g,2454,2026-04-30
元大大里,2625.0,5,90,981g,2454,2026-04-30
元大大里,2615.0,5041,0,981g,2454,2026-04-30
元大大里,2605.0,1,1030,981g,2454,2026-04-30
元大大里,2595.0,2091,50,981g,2454,2026-04-30
元大大里,2585.0,1000,147,981g,2454,2026-04-30
元大大里,2575.0,15,0,981g,2454,2026-04-30
元大福營,2665.0,0,2000,981F,2454,2026-04-30
元大福營,2645.0,9000,0,981F,2454,2026-04-30
元大三峽,2605.0,1037,20,981A,2454,2026-04-30
元大福營,2635.0,70,24,981F,2454,2026-04-30
元大福營,2615.0,0,5052,981F,2454,2026-04-30
元大福營,2600.0,84,10,981F,2454,2026-04-30
元大福營,2590.0,3,4000,981F,2454,2026-04-30
元大福營,2575.0,1,0,981F,2454,2026-04-30
元大發財,2650.0,0,13,981E,2454,2026-04-30
元大發財,2640.0,0,40,981E,2454,2026-04-30
元大發財,2630.0,0,145,981E,2454,2026-04-30
元大發財,2620.0,7,40,981E,2454,2026-04-30
元大發財,2610.0,5,0,981E,2454,2026-04-30
元大發財,2600.0,5,0,981E,2454,2026-04-30
元大發財,2590.0,40,0,981E,2454,2026-04-30
元大發財,2575.0,5,50,981E,2454,2026-04-30
元大佳里,2635.0,2000,2086,981e,2454,2026-04-30
元大福營,2625.0,9,2437,981F,2454,2026-04-30
元大彰化,2600.0,4,60,981G,2454,2026-04-30
元大三峽,2585.0,0,1000,981A,2454,2026-04-30
元大歸仁,2640.0,0,19,981a,2454,2026-04-30
元大大益,2600.0,0,20,9814,2454,2026-04-30
元大大益,2585.0,10,11,9814,2454,2026-04-30
元大大益,2575.0,10,0,9814,2454,2026-04-30
元大中崙,2665.0,1000,3000,9813,2454,2026-04-30
元大中崙,2650.0,10,26,9813,2454,2026-04-30
元大中崙,2640.0,0,56,9813,2454,2026-04-30
元大中崙,2630.0,0,113,9813,2454,2026-04-30
元大中崙,2620.0,0,1105,9813,2454,2026-04-30
元大中崙,2610.0,20,1055,9813,2454,2026-04-30
元大中崙,2600.0,0,50,9813,2454,2026-04-30
元大中崙,2590.0,149,200,9813,2454,2026-04-30
元大中崙,2580.0,60,6,9813,2454,2026-04-30
元大台中,2670.0,1000,0,9812,2454,2026-04-30
元大台中,2660.0,1000,0,9812,2454,2026-04-30
元大台中,2650.0,14,43,9812,2454,2026-04-30
元大台中,2640.0,1000,23,9812,2454,2026-04-30
元大台中,2630.0,0,2002,9812,2454,2026-04-30
元大台中,2620.0,0,5,9812,2454,2026-04-30
元大台中,2610.0,1000,4101,9812,2454,2026-04-30
元大台中,2600.0,2,1122,9812,2454,2026-04-30
元大台中,2590.0,1,0,9812,2454,2026-04-30
元大台中,2580.0,55,20,9812,2454,2026-04-30
元大西屯,2675.0,1000,0,980w,2454,2026-04-30
元大西屯,2650.0,10,50,980w,2454,2026-04-30
元大西屯,2640.0,500,240,980w,2454,2026-04-30
元大西屯,2630.0,0,2040,980w,2454,2026-04-30
元大西屯,2620.0,26,60,980w,2454,2026-04-30
元大大益,2610.0,0,16,9814,2454,2026-04-30
元大大益,2620.0,5,1180,9814,2454,2026-04-30
元大大益,2630.0,1000,5,9814,2454,2026-04-30
元大大益,2655.0,0,39,9814,2454,2026-04-30
元大歸仁,2630.0,2,12,981a,2454,2026-04-30
元大歸仁,2620.0,1,160,981a,2454,2026-04-30
元大歸仁,2610.0,0,70,981a,2454,2026-04-30
元大歸仁,2600.0,1,54,981a,2454,2026-04-30
元大歸仁,2590.0,11,0,981a,2454,2026-04-30
元大歸仁,2580.0,1,0,981a,2454,2026-04-30
元大東泰,2675.0,1000,0,9817,2454,2026-04-30
元大東泰,2635.0,20,63,9817,2454,2026-04-30
元大東泰,2625.0,50,1,9817,2454,2026-04-30
元大東泰,2615.0,0,35,9817,2454,2026-04-30
元大東泰,2605.0,6,0,9817,2454,2026-04-30
元大東泰,2590.0,30,1,9817,2454,2026-04-30
元大東泰,2575.0,0,5,9817,2454,2026-04-30
元大歸仁,2655.0,1,0,981a,2454,2026-04-30
元大新竹,2655.0,20,2000,9816,2454,2026-04-30
元大新竹,2635.0,1000,2022,9816,2454,2026-04-30
元大新竹,2625.0,1021,2120,9816,2454,2026-04-30
元大新竹,2615.0,11,70,9816,2454,2026-04-30
元大新竹,2605.0,41,100,9816,2454,2026-04-30
元大新竹,2595.0,0,50,9816,2454,2026-04-30
元大新竹,2585.0,30,1000,9816,2454,2026-04-30
元大大灣,2650.0,2,4,9815,2454,2026-04-30
元大大灣,2635.0,2,10,9815,2454,2026-04-30
元大大灣,2625.0,0,159,9815,2454,2026-04-30
元大大灣,2610.0,60,101,9815,2454,2026-04-30
元大大灣,2595.0,10,8,9815,2454,2026-04-30
元大大灣,2585.0,1,0,9815,2454,2026-04-30
元大大灣,2575.0,60,0,9815,2454,2026-04-30
元大新竹,2645.0,0,1060,9816,2454,2026-04-30
元大華山,2635.0,0,2,981U,2454,2026-04-30
元大彰化,2610.0,1041,18,981G,2454,2026-04-30
元大彰化,2635.0,0,5,981G,2454,2026-04-30
元大太平,2605.0,0,2,981Q,2454,2026-04-30
元大太平,2595.0,4,0,981Q,2454,2026-04-30
元大太平,2580.0,16,0,981Q,2454,2026-04-30
元大萬華,2640.0,0,12,981q,2454,2026-04-30
元大萬華,2630.0,0,40,981q,2454,2026-04-30
元大萬華,2620.0,0,2,981q,2454,2026-04-30
元大萬華,2610.0,0,3001,981q,2454,2026-04-30
元大萬華,2600.0,10,10,981q,2454,2026-04-30
元大萬華,2590.0,12,10,981q,2454,2026-04-30
元大萬華,2580.0,0,7,981q,2454,2026-04-30
元大松山,2650.0,0,55,981p,2454,2026-04-30
元大松山,2635.0,1001,1036,981p,2454,2026-04-30
元大松山,2625.0,51,11,981p,2454,2026-04-30
元大松山,2615.0,2,0,981p,2454,2026-04-30
元大松山,2600.0,54,2,981p,2454,2026-04-30
元大松山,2590.0,8,0,981p,2454,2026-04-30
元大松山,2580.0,0,165,981p,2454,2026-04-30
元大金門,2635.0,6,100,981N,2454,2026-04-30
元大金門,2625.0,0,46,981N,2454,2026-04-30
元大金門,2615.0,10,0,981N,2454,2026-04-30
元大金門,2605.0,55,0,981N,2454,2026-04-30
元大金門,2590.0,21,0,981N,2454,2026-04-30
元大金門,2580.0,5,0,981N,2454,2026-04-30
元大旗山,2655.0,0,2,981n,2454,2026-04-30
元大旗山,2640.0,0,55,981n,2454,2026-04-30
元大旗山,2630.0,0,1,981n,2454,2026-04-30
元大旗山,2620.0,52,0,981n,2454,2026-04-30
元大太平,2615.0,0,72,981Q,2454,2026-04-30
元大太平,2625.0,0,10,981Q,2454,2026-04-30
元大太平,2635.0,6,55,981Q,2454,2026-04-30
元大太平,2645.0,0,10,981Q,2454,2026-04-30
元大華山,2615.0,0,1,981U,2454,2026-04-30
元大華山,2590.0,0,25,981U,2454,2026-04-30
元大崇德,2680.0,0,1000,981S,2454,2026-04-30
元大崇德,2655.0,3000,0,981S,2454,2026-04-30
元大崇德,2645.0,0,5,981S,2454,2026-04-30
元大崇德,2635.0,1005,45,981S,2454,2026-04-30
元大崇德,2625.0,6,3000,981S,2454,2026-04-30
元大崇德,2615.0,10,56,981S,2454,2026-04-30
元大崇德,2605.0,5,1040,981S,2454,2026-04-30
元大崇德,2595.0,1000,0,981S,2454,2026-04-30
元大崇德,2585.0,20,105,981S,2454,2026-04-30
元大崇德,2575.0,4,0,981S,2454,2026-04-30
元大竹山,2655.0,0,1000,981R,2454,2026-04-30
元大旗山,2610.0,5,39,981n,2454,2026-04-30
元大竹山,2640.0,1000,0,981R,2454,2026-04-30
元大竹山,2620.0,1,0,981R,2454,2026-04-30
元大竹山,2605.0,0,600,981R,2454,2026-04-30
元大竹山,2590.0,0,30,981R,2454,2026-04-30
元大竹山,2580.0,1,0,981R,2454,2026-04-30
元大屏南,2675.0,0,1000,981r,2454,2026-04-30
元大屏南,2640.0,0,10,981r,2454,2026-04-30
元大屏南,2630.0,1002,269,981r,2454,2026-04-30
元大屏南,2620.0,5,115,981r,2454,2026-04-30
元大屏南,2610.0,10,231,981r,2454,2026-04-30
元大屏南,2600.0,1505,15,981r,2454,2026-04-30
元大屏南,2590.0,50,0,981r,2454,2026-04-30
元大屏南,2580.0,0,10,981r,2454,2026-04-30
元大太平,2660.0,0,1000,981Q,2454,2026-04-30
元大竹山,2630.0,0,200,981R,2454,2026-04-30
元大彰化,2625.0,10,717,981G,2454,2026-04-30
元大旗山,2600.0,120,0,981n,2454,2026-04-30
元大苗栗,2640.0,0,1000,981M,2454,2026-04-30
元大士林,2605.0,1000,355,981j,2454,2026-04-30
元大士林,2595.0,1,0,981j,2454,2026-04-30
元大士林,2585.0,1000,1,981j,2454,2026-04-30
元大士林,2575.0,23,150,981j,2454,2026-04-30
元大天母,2655.0,0,1,981I,2454,2026-04-30
元大天母,2645.0,0,1,981I,2454,2026-04-30
元大天母,2635.0,1000,1,981I,2454,2026-04-30
元大天母,2625.0,1,0,981I,2454,2026-04-30
元大天母,2615.0,1000,0,981I,2454,2026-04-30
元大天母,2605.0,0,1010,981I,2454,2026-04-30
元大天母,2590.0,50,0,981I,2454,2026-04-30
元大西螺,2645.0,3,10,981i,2454,2026-04-30
元大西螺,2635.0,0,1000,981i,2454,2026-04-30
元大西螺,2625.0,0,9,981i,2454,2026-04-30
元大西螺,2610.0,5,24,981i,2454,2026-04-30
元大西螺,2580.0,10,0,981i,2454,2026-04-30
元大屏生,2680.0,0,1000,981h,2454,2026-04-30
元大屏生,2655.0,20,0,981h,2454,2026-04-30
元大屏生,2640.0,0,358,981h,2454,2026-04-30
元大屏生,2630.0,10,115,981h,2454,2026-04-30
元大屏生,2620.0,1012,0,981h,2454,2026-04-30
元大屏生,2610.0,235,0,981h,2454,2026-04-30
元大屏生,2600.0,5,1003,981h,2454,2026-04-30
元大屏生,2590.0,8,10,981h,2454,2026-04-30
元大屏生,2575.0,1,0,981h,2454,2026-04-30
元大彰化,2665.0,0,3000,981G,2454,2026-04-30
元大彰化,2645.0,1020,3000,981G,2454,2026-04-30
元大士林,2615.0,1011,0,981j,2454,2026-04-30
元大士林,2625.0,21,2020,981j,2454,2026-04-30
元大士林,2635.0,3113,150,981j,2454,2026-04-30
元大士林,2645.0,0,1000,981j,2454,2026-04-30
元大苗栗,2630.0,4,2100,981M,2454,2026-04-30
元大苗栗,2620.0,34,0,981M,2454,2026-04-30
元大苗栗,2610.0,2,83,981M,2454,2026-04-30
元大苗栗,2600.0,100,5,981M,2454,2026-04-30
元大苗栗,2580.0,2,0,981M,2454,2026-04-30
元大前金,2650.0,0,18,981m,2454,2026-04-30
元大前金,2640.0,300,60,981m,2454,2026-04-30
元大前金,2630.0,0,10,981m,2454,2026-04-30
元大前金,2620.0,10,12,981m,2454,2026-04-30
元大前金,2610.0,2,12,981m,2454,2026-04-30
元大前金,2600.0,12,10,981m,2454,2026-04-30
元大前金,2585.0,11,25,981m,2454,2026-04-30
元大前金,2575.0,1120,100,981m,2454,2026-04-30
元大旗山,2585.0,1,2,981n,2454,2026-04-30
元大莒光,2655.0,0,1005,981L,2454,2026-04-30
元大莒光,2635.0,1000,77,981L,2454,2026-04-30
元大莒光,2625.0,1002,10,981L,2454,2026-04-30
元大莒光,2615.0,2,25,981L,2454,2026-04-30
元大莒光,2605.0,27,0,981L,2454,2026-04-30
元大莒光,2595.0,2,0,981L,2454,2026-04-30
元大莒光,2585.0,1,100,981L,2454,2026-04-30
元大莒光,2575.0,10,5,981L,2454,2026-04-30
元大林園,2655.0,3,0,981K,2454,2026-04-30
元大林園,2640.0,0,3,981K,2454,2026-04-30
元大林園,2630.0,0,1000,981K,2454,2026-04-30
元大林園,2620.0,0,76,981K,2454,2026-04-30
元大林園,2580.0,5,0,981K,2454,2026-04-30
元大士林,2655.0,0,1000,981j,2454,2026-04-30
元大莒光,2645.0,1,1007,981L,2454,2026-04-30
元大永春,2595.0,36,0,9852,2454,2026-04-30
元大永春,2605.0,16,50,9852,2454,2026-04-30
元大永春,2615.0,0,31,9852,2454,2026-04-30
元大內湖,2615.0,21,150,989N,2454,2026-04-30
元大內湖,2625.0,33,200,989N,2454,2026-04-30
元大內湖,2635.0,6,1030,989N,2454,2026-04-30
元大內湖,2645.0,11,20,989N,2454,2026-04-30
元大內湖,2655.0,0,10,989N,2454,2026-04-30
元大敦南,2575.0,300,0,989P,2454,2026-04-30
元大敦南,2585.0,95,1000,989P,2454,2026-04-30
元大敦南,2595.0,10,1000,989P,2454,2026-04-30
元大敦南,2605.0,32,0,989P,2454,2026-04-30
元大敦南,2615.0,12,50,989P,2454,2026-04-30
元大敦南,2625.0,26,10,989P,2454,2026-04-30
元大敦南,2635.0,2015,1052,989P,2454,2026-04-30
元大敦南,2645.0,0,40,989P,2454,2026-04-30
元大敦南,2655.0,0,1020,989P,2454,2026-04-30
元大敦南,2670.0,2000,0,989P,2454,2026-04-30
元大汐止,2580.0,65,0,989Q,2454,2026-04-30
元大汐止,2590.0,1,0,989Q,2454,2026-04-30
元大汐止,2600.0,1001,1150,989Q,2454,2026-04-30
元大汐止,2610.0,1009,1001,989Q,2454,2026-04-30
元大汐止,2620.0,36,3010,989Q,2454,2026-04-30
元大汐止,2630.0,3029,1380,989Q,2454,2026-04-30
元大汐止,2640.0,10,302,989Q,2454,2026-04-30
元大汐止,2650.0,0,3,989Q,2454,2026-04-30
元大汐止,2660.0,1000,0,989Q,2454,2026-04-30
元大汐止,2670.0,0,1000,989Q,2454,2026-04-30
元大鹿港,2575.0,10,0,989S,2454,2026-04-30
元大鹿港,2585.0,110,1020,989S,2454,2026-04-30
元大內湖,2605.0,16,56,989N,2454,2026-04-30
元大內湖,2595.0,15,207,989N,2454,2026-04-30
元大內湖,2585.0,10,35,989N,2454,2026-04-30
元大內湖,2575.0,1101,21,989N,2454,2026-04-30
元大彰生,2625.0,1,64,989J,2454,2026-04-30
元大彰生,2635.0,1002,1,989J,2454,2026-04-30
元大彰生,2665.0,1000,0,989J,2454,2026-04-30
元大古亭,2590.0,2,1000,989k,2454,2026-04-30
元大古亭,2600.0,1000,25,989k,2454,2026-04-30
元大古亭,2610.0,5,101,989k,2454,2026-04-30
元大古亭,2620.0,5,0,989k,2454,2026-04-30
元大古亭,2630.0,1232,55,989k,2454,2026-04-30
元大古亭,2640.0,0,192,989k,2454,2026-04-30
元大古亭,2655.0,1,0,989k,2454,2026-04-30
元大成功,2575.0,1010,0,989L,2454,2026-04-30
元大成功,2585.0,2100,1000,989L,2454,2026-04-30
元大成功,2595.0,0,1505,989L,2454,2026-04-30
元大鹿港,2595.0,62,10,989S,2454,2026-04-30
元大成功,2605.0,25,0,989L,2454,2026-04-30
元大成功,2625.0,95,1010,989L,2454,2026-04-30
元大成功,2635.0,64,1072,989L,2454,2026-04-30
元大成功,2645.0,11,10,989L,2454,2026-04-30
元大成功,2655.0,3,1000,989L,2454,2026-04-30
元大信義,2580.0,10,2000,989m,2454,2026-04-30
元大信義,2590.0,5030,0,989m,2454,2026-04-30
元大信義,2605.0,25,0,989m,2454,2026-04-30
元大信義,2615.0,5,11,989m,2454,2026-04-30
元大信義,2625.0,1,4055,989m,2454,2026-04-30
元大信義,2635.0,5010,10000,989m,2454,2026-04-30
元大信義,2645.0,50,20000,989m,2454,2026-04-30
元大信義,2655.0,0,10,989m,2454,2026-04-30
元大信義,2670.0,0,3000,989m,2454,2026-04-30
元大成功,2615.0,13,1174,989L,2454,2026-04-30
元大彰生,2615.0,75,20,989J,2454,2026-04-30
元大鹿港,2605.0,0,97,989S,2454,2026-04-30
元大鹿港,2625.0,0,107,989S,2454,2026-04-30
元大基隆,2615.0,1,1,989Y,2454,2026-04-30
元大基隆,2625.0,1009,2017,989Y,2454,2026-04-30
元大基隆,2635.0,8,43,989Y,2454,2026-04-30
元大基隆,2645.0,255,11,989Y,2454,2026-04-30
元大基隆,2655.0,1,4,989Y,2454,2026-04-30
元大基隆,2670.0,0,1000,989Y,2454,2026-04-30
元大小港,2580.0,0,5,989Z,2454,2026-04-30
元大淡水,2605.0,52,1006,9899,2454,2026-04-30
元大淡水,2595.0,20,1005,9899,2454,2026-04-30
元大淡水,2585.0,114,55,9899,2454,2026-04-30
元大淡水,2575.0,25,5,9899,2454,2026-04-30
元大新莊,2665.0,1000,1000,9898,2454,2026-04-30
元大新莊,2650.0,1,4080,9898,2454,2026-04-30
元大新莊,2640.0,101,3071,9898,2454,2026-04-30
元大新莊,2630.0,5001,4180,9898,2454,2026-04-30
元大新莊,2620.0,1030,3005,9898,2454,2026-04-30
元大新莊,2610.0,3043,1013,9898,2454,2026-04-30
元大新莊,2600.0,3001,35,9898,2454,2026-04-30
元大新莊,2590.0,2050,1000,9898,2454,2026-04-30
元大新莊,2580.0,5015,0,9898,2454,2026-04-30
元大新莊,2570.0,1000,0,9898,2454,2026-04-30
元大土城,2645.0,10,1000,9897,2454,2026-04-30
元大土城,2625.0,10,0,9897,2454,2026-04-30
元大土城,2615.0,0,100,9897,2454,2026-04-30
元大土城,2605.0,20,150,9897,2454,2026-04-30
元大土城,2595.0,0,1002,9897,2454,2026-04-30
元大土城,2585.0,100,0,9897,2454,2026-04-30
元大基隆,2600.0,2,4,989Y,2454,2026-04-30
元大基隆,2590.0,10,501,989Y,2454,2026-04-30
元大基隆,2580.0,2008,20,989Y,2454,2026-04-30
元大三民,2655.0,0,1000,989X,2454,2026-04-30
元大鹿港,2635.0,1,0,989S,2454,2026-04-30
元大鹿港,2645.0,0,100,989S,2454,2026-04-30
元大大甲,2585.0,1000,33,989U,2454,2026-04-30
元大大甲,2595.0,1,0,989U,2454,2026-04-30
元大大甲,2605.0,12,2,989U,2454,2026-04-30
元大大甲,2615.0,1,25,989U,2454,2026-04-30
元大大甲,2625.0,2,25,989U,2454,2026-04-30
元大大甲,2635.0,5,1050,989U,2454,2026-04-30
元大大甲,2660.0,0,2000,989U,2454,2026-04-30
元大北重,2575.0,5,0,989V,2454,2026-04-30
元大北重,2585.0,110,0,989V,2454,2026-04-30
元大北重,2600.0,28,1000,989V,2454,2026-04-30
元大北重,2610.0,22,0,989V,2454,2026-04-30
元大鹿港,2615.0,10,15,989S,2454,2026-04-30
元大北重,2625.0,0,26,989V,2454,2026-04-30
元大站前,2575.0,1102,0,989W,2454,2026-04-30
元大站前,2585.0,1000,0,989W,2454,2026-04-30
元大站前,2595.0,1005,0,989W,2454,2026-04-30
元大站前,2610.0,1202,20,989W,2454,2026-04-30
元大站前,2620.0,0,1115,989W,2454,2026-04-30
元大站前,2630.0,0,1172,989W,2454,2026-04-30
元大站前,2640.0,0,50,989W,2454,2026-04-30
元大三民,2580.0,70,2000,989X,2454,2026-04-30
元大三民,2590.0,3,0,989X,2454,2026-04-30
元大三民,2600.0,0,10,989X,2454,2026-04-30
元大三民,2620.0,0,1600,989X,2454,2026-04-30
元大三民,2630.0,1000,750,989X,2454,2026-04-30
元大三民,2645.0,0,2000,989X,2454,2026-04-30
元大北重,2635.0,0,120,989V,2454,2026-04-30
元大土城,2575.0,1000,0,9897,2454,2026-04-30
元大彰生,2605.0,9,15,989J,2454,2026-04-30
元大樹林,2675.0,2000,0,989j,2454,2026-04-30
元大東港,2610.0,70,1,989f,2454,2026-04-30
元大東港,2600.0,100,1010,989f,2454,2026-04-30
元大東港,2585.0,0,2,989f,2454,2026-04-30
元大東港,2575.0,200,0,989f,2454,2026-04-30
元大草屯,2660.0,1000,0,989E,2454,2026-04-30
元大草屯,2650.0,0,70,989E,2454,2026-04-30
元大草屯,2640.0,1050,2010,989E,2454,2026-04-30
元大草屯,2630.0,2060,50,989E,2454,2026-04-30
元大草屯,2620.0,1011,87,989E,2454,2026-04-30
元大草屯,2610.0,40,5010,989E,2454,2026-04-30
元大草屯,2600.0,356,8015,989E,2454,2026-04-30
元大草屯,2590.0,47,26,989E,2454,2026-04-30
元大草屯,2580.0,82,6,989E,2454,2026-04-30
元大中和,2680.0,0,1000,989e,2454,2026-04-30
元大中和,2655.0,3,10,989e,2454,2026-04-30
元大中和,2645.0,5,100,989e,2454,2026-04-30
元大中和,2635.0,0,4,989e,2454,2026-04-30
元大中和,2625.0,1000,1059,989e,2454,2026-04-30
元大中和,2615.0,10,50,989e,2454,2026-04-30
元大中和,2605.0,0,1,989e,2454,2026-04-30
元大中和,2595.0,100,0,989e,2454,2026-04-30
元大中和,2575.0,10,0,989e,2454,2026-04-30
元大左營,2645.0,0,1000,989D,2454,2026-04-30
元大左營,2635.0,41,4,989D,2454,2026-04-30
元大左營,2625.0,20,239,989D,2454,2026-04-30
元大左營,2615.0,75,25,989D,2454,2026-04-30
元大左營,2605.0,0,20,989D,2454,2026-04-30
元大東港,2620.0,321,204,989f,2454,2026-04-30
元大東港,2630.0,110,1213,989f,2454,2026-04-30
元大東港,2645.0,0,10,989f,2454,2026-04-30
元大東港,2660.0,1000,0,989f,2454,2026-04-30
富邦竹科,2580.0,30,250,962C,2454,2026-04-30
元大蘆中,2610.0,70,130,989I,2454,2026-04-30
元大蘆中,2600.0,0,1103,989I,2454,2026-04-30
元大蘆中,2590.0,110,0,989I,2454,2026-04-30
元大蘆中,2580.0,1025,9000,989I,2454,2026-04-30
元大大同,2650.0,5,0,989G,2454,2026-04-30
元大大同,2640.0,0,50,989G,2454,2026-04-30
元大大同,2630.0,1,1012,989G,2454,2026-04-30
元大大同,2620.0,27,20,989G,2454,2026-04-30
元大大同,2610.0,22,0,989G,2454,2026-04-30
元大大同,2600.0,10,0,989G,2454,2026-04-30
元大大同,2590.0,11,1,989G,2454,2026-04-30
元大嘉義,2655.0,0,1,989g,2454,2026-04-30
元大左營,2590.0,2,0,989D,2454,2026-04-30
元大嘉義,2640.0,0,20,989g,2454,2026-04-30
元大嘉義,2620.0,1006,30,989g,2454,2026-04-30
元大嘉義,2610.0,34,5,989g,2454,2026-04-30
元大嘉義,2600.0,1010,1045,989g,2454,2026-04-30
元大嘉義,2590.0,10,12,989g,2454,2026-04-30
元大嘉義,2580.0,5020,1030,989g,2454,2026-04-30
元大高雄,2675.0,1000,0,989F,2454,2026-04-30
元大高雄,2650.0,100,3051,989F,2454,2026-04-30
元大高雄,2635.0,15,0,989F,2454,2026-04-30
元大高雄,2625.0,11,17,989F,2454,2026-04-30
元大高雄,2615.0,0,15,989F,2454,2026-04-30
元大高雄,2600.0,3,102,989F,2454,2026-04-30
元大高雄,2590.0,40,0,989F,2454,2026-04-30
元大高雄,2580.0,18,0,989F,2454,2026-04-30
元大嘉義,2630.0,50,1275,989g,2454,2026-04-30
元大彰生,2585.0,2,150,989J,2454,2026-04-30
元大左營,2580.0,52,0,989D,2454,2026-04-30
元大北屯,2650.0,0,1640,989d,2454,2026-04-30
元大北投,2585.0,3,10,989A,2454,2026-04-30
元大北投,2575.0,0,2000,989A,2454,2026-04-30
元大苑裡,2635.0,0,100,989a,2454,2026-04-30
元大苑裡,2625.0,16,2788,989a,2454,2026-04-30
元大苑裡,2615.0,22,0,989a,2454,2026-04-30
元大苑裡,2605.0,60,7,989a,2454,2026-04-30
元大苑裡,2595.0,1,0,989a,2454,2026-04-30
元大苑裡,2585.0,103,1020,989a,2454,2026-04-30
元大苑裡,2575.0,26,0,989a,2454,2026-04-30
元大淡水,2655.0,0,4,9899,2454,2026-04-30
元大淡水,2645.0,1,1012,9899,2454,2026-04-30
元大淡水,2635.0,1002,40,9899,2454,2026-04-30
元大淡水,2625.0,1002,2390,9899,2454,2026-04-30
元大淡水,2615.0,1006,15,9899,2454,2026-04-30
元大蘆中,2620.0,8,104,989I,2454,2026-04-30
元大蘆中,2630.0,1000,13,989I,2454,2026-04-30
元大蘆中,2640.0,0,2003,989I,2454,2026-04-30
元大蘆中,2650.0,50,50,989I,2454,2026-04-30
元大樹林,2575.0,3,1005,989j,2454,2026-04-30
元大樹林,2585.0,0,1020,989j,2454,2026-04-30
元大樹林,2595.0,1,0,989j,2454,2026-04-30
元大樹林,2605.0,2,107,989j,2454,2026-04-30
元大樹林,2615.0,5,1063,989j,2454,2026-04-30
元大樹林,2625.0,50,60,989j,2454,2026-04-30
元大樹林,2635.0,0,13,989j,2454,2026-04-30
元大樹林,2645.0,1000,141,989j,2454,2026-04-30
元大樹林,2655.0,0,1010,989j,2454,2026-04-30
元大北投,2595.0,0,1000,989A,2454,2026-04-30
元大北投,2605.0,2000,1050,989A,2454,2026-04-30
元大北投,2615.0,45,1,989A,2454,2026-04-30
元大北投,2625.0,4135,3166,989A,2454,2026-04-30
元大北屯,2640.0,4,1003,989d,2454,2026-04-30
元大北屯,2630.0,1,5,989d,2454,2026-04-30
元大北屯,2620.0,4,160,989d,2454,2026-04-30
元大北屯,2610.0,50,70,989d,2454,2026-04-30
元大北屯,2600.0,1000,11,989d,2454,2026-04-30
元大北屯,2590.0,181,0,989d,2454,2026-04-30
元大北屯,2580.0,17,0,989d,2454,2026-04-30
元大板橋,2655.0,6,0,989C,2454,2026-04-30
元大板橋,2645.0,5,1057,989C,2454,2026-04-30
元大板橋,2635.0,0,17,989C,2454,2026-04-30
元大板橋,2625.0,2258,173,989C,2454,2026-04-30
元大板橋,2615.0,0,15,989C,2454,2026-04-30
元大板橋,2605.0,0,252,989C,2454,2026-04-30
元大北屯,2675.0,2000,0,989d,2454,2026-04-30
元大板橋,2595.0,3,0,989C,2454,2026-04-30
元大板橋,2575.0,3,0,989C,2454,2026-04-30
元大中港,2650.0,50,0,989B,2454,2026-04-30
元大中港,2640.0,0,1185,989B,2454,2026-04-30
元大中港,2630.0,30,2170,989B,2454,2026-04-30
元大中港,2620.0,62,1060,989B,2454,2026-04-30
元大中港,2610.0,1,0,989B,2454,2026-04-30
元大中港,2600.0,0,47,989B,2454,2026-04-30
元大中港,2590.0,2,100,989B,2454,2026-04-30
元大中港,2580.0,34,0,989B,2454,2026-04-30
元大北投,2670.0,1000,1000,989A,2454,2026-04-30
元大北投,2655.0,10,11,989A,2454,2026-04-30
元大北投,2645.0,0,2,989A,2454,2026-04-30
元大北投,2635.0,20,9,989A,2454,2026-04-30
元大板橋,2585.0,1020,0,989C,2454,2026-04-30
元大台南,2645.0,1003,1000,9896,2454,2026-04-30
元大台南,2635.0,0,1008,9896,2454,2026-04-30
元大台南,2625.0,5,1009,9896,2454,2026-04-30
元大民權,2630.0,21,5001,9867,2454,2026-04-30
元大民權,2620.0,5000,1002,9867,2454,2026-04-30
元大民權,2610.0,17,50,9867,2454,2026-04-30
元大民權,2600.0,20000,5015,9867,2454,2026-04-30
元大民權,2590.0,0,32000,9867,2454,2026-04-30
元大民權,2580.0,3000,40,9867,2454,2026-04-30
元大民權,2570.0,1000,0,9867,2454,2026-04-30
元大和平,2655.0,0,1000,9863,2454,2026-04-30
元大和平,2645.0,0,3100,9863,2454,2026-04-30
元大和平,2630.0,0,1060,9863,2454,2026-04-30
元大和平,2620.0,6,1001,9863,2454,2026-04-30
元大和平,2610.0,1100,116,9863,2454,2026-04-30
元大和平,2600.0,0,30,9863,2454,2026-04-30
元大和平,2590.0,1,10,9863,2454,2026-04-30
元大和平,2580.0,2006,1000,9863,2454,2026-04-30
元大南京,2670.0,0,1000,9862,2454,2026-04-30
元大南京,2660.0,1000,0,9862,2454,2026-04-30
元大南京,2645.0,0,2000,9862,2454,2026-04-30
元大南京,2625.0,5,2028,9862,2454,2026-04-30
元大南京,2615.0,10,30,9862,2454,2026-04-30
元大南京,2605.0,3,99,9862,2454,2026-04-30
元大南京,2595.0,30,2355,9862,2454,2026-04-30
元大南京,2585.0,1001,1502,9862,2454,2026-04-30
元大岡山,2640.0,0,1000,985F,2454,2026-04-30
元大岡山,2610.0,1,1,985F,2454,2026-04-30
元大岡山,2600.0,100,0,985F,2454,2026-04-30
元大岡山,2585.0,50,0,985F,2454,2026-04-30
元大民權,2640.0,0,3470,9867,2454,2026-04-30
元大民權,2650.0,100,3000,9867,2454,2026-04-30
元大文心,2575.0,70,0,9868,2454,2026-04-30
元大文心,2585.0,50,0,9868,2454,2026-04-30
元大忠孝,2625.0,2041,240,9871,2454,2026-04-30
元大忠孝,2615.0,30,0,9871,2454,2026-04-30
元大忠孝,2605.0,336,320,9871,2454,2026-04-30
元大忠孝,2590.0,5,0,9871,2454,2026-04-30
元大忠孝,2580.0,1061,0,9871,2454,2026-04-30
元大忠孝,2570.0,0,1000,9871,2454,2026-04-30
元大基孝,2650.0,1000,108,986K,2454,2026-04-30
元大基孝,2640.0,0,5,986K,2454,2026-04-30
元大基孝,2630.0,0,4,986K,2454,2026-04-30
元大基孝,2620.0,0,1,986K,2454,2026-04-30
元大基孝,2610.0,2010,5050,986K,2454,2026-04-30
元大基孝,2595.0,20,15,986K,2454,2026-04-30
元大基孝,2575.0,15,0,986K,2454,2026-04-30
元大鳳中,2655.0,7,0,985C,2454,2026-04-30
元大新盛,2655.0,25,0,9869,2454,2026-04-30
元大新盛,2635.0,3,21,9869,2454,2026-04-30
元大新盛,2625.0,34,37,9869,2454,2026-04-30
元大新盛,2615.0,40,5,9869,2454,2026-04-30
元大新盛,2605.0,10,3,9869,2454,2026-04-30
元大新盛,2595.0,1285,0,9869,2454,2026-04-30
元大新盛,2585.0,0,3,9869,2454,2026-04-30
元大新盛,2575.0,25,5,9869,2454,2026-04-30
元大文心,2650.0,1,10,9868,2454,2026-04-30
元大文心,2640.0,1000,0,9868,2454,2026-04-30
元大文心,2630.0,1,1010,9868,2454,2026-04-30
元大文心,2620.0,270,1111,9868,2454,2026-04-30
元大文心,2610.0,20,1003,9868,2454,2026-04-30
元大文心,2600.0,50,7,9868,2454,2026-04-30
元大新盛,2645.0,0,20,9869,2454,2026-04-30
元大忠孝,2635.0,130,0,9871,2454,2026-04-30
元大鳳中,2640.0,50,25,985C,2454,2026-04-30
元大鳳中,2620.0,60,0,985C,2454,2026-04-30
元大花蓮,2635.0,0,1,9856,2454,2026-04-30
元大花蓮,2625.0,13,1001,9856,2454,2026-04-30
元大花蓮,2615.0,4,10,9856,2454,2026-04-30
元大花蓮,2605.0,0,155,9856,2454,2026-04-30
元大花蓮,2595.0,2000,40,9856,2454,2026-04-30
元大花蓮,2580.0,2,0,9856,2454,2026-04-30
元大興安,2655.0,0,6000,9854,2454,2026-04-30
元大興安,2645.0,1000,5000,9854,2454,2026-04-30
元大興安,2635.0,72,56,9854,2454,2026-04-30
元大興安,2625.0,0,321,9854,2454,2026-04-30
元大興安,2610.0,4052,58,9854,2454,2026-04-30
元大興安,2600.0,6033,0,9854,2454,2026-04-30
元大興安,2585.0,3022,5,9854,2454,2026-04-30
元大南屯,2675.0,1000,0,9853,2454,2026-04-30
元大南屯,2655.0,1000,1000,9853,2454,2026-04-30
元大南屯,2645.0,0,2050,9853,2454,2026-04-30
元大南屯,2635.0,0,52,9853,2454,2026-04-30
元大南屯,2625.0,100,1090,9853,2454,2026-04-30
元大南屯,2615.0,200,1001,9853,2454,2026-04-30
元大南屯,2605.0,81,10,9853,2454,2026-04-30
元大南屯,2595.0,5,150,9853,2454,2026-04-30
元大南屯,2585.0,0,50,9853,2454,2026-04-30
元大南屯,2575.0,10,0,9853,2454,2026-04-30
元大永春,2655.0,2002,0,9852,2454,2026-04-30
元大永春,2645.0,0,1011,9852,2454,2026-04-30
元大永春,2635.0,1,51,9852,2454,2026-04-30
元大永春,2625.0,22,2067,9852,2454,2026-04-30
元大花蓮,2645.0,0,10,9856,2454,2026-04-30
元大花蓮,2670.0,1000,0,9856,2454,2026-04-30
元大蘆洲,2575.0,1051,0,9857,2454,2026-04-30
元大蘆洲,2585.0,1080,1003,9857,2454,2026-04-30
元大鳳中,2610.0,21,0,985C,2454,2026-04-30
元大鳳中,2600.0,51,0,985C,2454,2026-04-30
元大鳳中,2590.0,6,10,985C,2454,2026-04-30
元大經國,2680.0,0,1000,9859,2454,2026-04-30
元大經國,2655.0,10,0,9859,2454,2026-04-30
元大經國,2645.0,0,5,9859,2454,2026-04-30
元大經國,2635.0,10,1131,9859,2454,2026-04-30
元大經國,2625.0,1007,2317,9859,2454,2026-04-30
元大經國,2615.0,101,115,9859,2454,2026-04-30
元大經國,2605.0,0,2100,9859,2454,2026-04-30
元大經國,2595.0,1000,10,9859,2454,2026-04-30
元大經國,2585.0,0,362,9859,2454,2026-04-30
元大經國,2575.0,61,0,9859,2454,2026-04-30
元大鳳中,2630.0,0,7,985C,2454,2026-04-30
元大龍潭,2645.0,1,1000,9858,2454,2026-04-30
元大龍潭,2625.0,1032,1215,9858,2454,2026-04-30
元大龍潭,2615.0,5,1020,9858,2454,2026-04-30
元大龍潭,2605.0,1005,90,9858,2454,2026-04-30
元大龍潭,2595.0,121,1135,9858,2454,2026-04-30
元大龍潭,2585.0,2000,120,9858,2454,2026-04-30
元大龍潭,2575.0,209,0,9858,2454,2026-04-30
元大蘆洲,2665.0,0,2000,9857,2454,2026-04-30
元大蘆洲,2645.0,0,30,9857,2454,2026-04-30
元大蘆洲,2635.0,7,193,9857,2454,2026-04-30
元大蘆洲,2625.0,37,2111,9857,2454,2026-04-30
元大蘆洲,2615.0,470,3027,9857,2454,2026-04-30
元大蘆洲,2605.0,11,1001,9857,2454,2026-04-30
元大蘆洲,2595.0,1006,1000,9857,2454,2026-04-30
元大龍潭,2635.0,2016,26,9858,2454,2026-04-30
元大忠孝,2645.0,0,165,9871,2454,2026-04-30
元大忠孝,2655.0,0,30,9871,2454,2026-04-30
元大復北,2575.0,1,2025,9872,2454,2026-04-30
元大永和,2580.0,0,5,9891,2454,2026-04-30
元大永和,2570.0,1000,0,9891,2454,2026-04-30
元大長庚,2640.0,100,28,988V,2454,2026-04-30
元大長庚,2625.0,12,0,988V,2454,2026-04-30
元大長庚,2615.0,10,1010,988V,2454,2026-04-30
元大長庚,2605.0,10,0,988V,2454,2026-04-30
元大長庚,2595.0,0,1,988V,2454,2026-04-30
元大長庚,2585.0,1005,0,988V,2454,2026-04-30
元大三重,2660.0,1000,0,988C,2454,2026-04-30
元大三重,2645.0,0,1000,988C,2454,2026-04-30
元大三重,2630.0,1,1015,988C,2454,2026-04-30
元大三重,2620.0,0,3006,988C,2454,2026-04-30
元大三重,2600.0,11,2,988C,2454,2026-04-30
元大三重,2590.0,30,0,988C,2454,2026-04-30
元大三重,2580.0,0,10,988C,2454,2026-04-30
元大桃園,2670.0,2000,0,988B,2454,2026-04-30
元大桃園,2655.0,0,1000,988B,2454,2026-04-30
元大桃園,2645.0,0,10,988B,2454,2026-04-30
元大桃園,2635.0,2000,2000,988B,2454,2026-04-30
元大桃園,2625.0,0,1029,988B,2454,2026-04-30
元大桃園,2615.0,1017,25,988B,2454,2026-04-30
元大桃園,2605.0,15,0,988B,2454,2026-04-30
元大桃園,2595.0,0,1040,988B,2454,2026-04-30
元大桃園,2585.0,1015,0,988B,2454,2026-04-30
元大桃園,2575.0,20,0,988B,2454,2026-04-30
元大員林,2655.0,0,2000,9889,2454,2026-04-30
元大員林,2645.0,50,0,9889,2454,2026-04-30
元大永和,2590.0,2,0,9891,2454,2026-04-30
元大永和,2605.0,58,10,9891,2454,2026-04-30
元大永和,2615.0,0,1001,9891,2454,2026-04-30
元大永和,2625.0,2001,1140,9891,2454,2026-04-30
元大台南,2615.0,1,118,9896,2454,2026-04-30
元大台南,2605.0,25,0,9896,2454,2026-04-30
元大台南,2590.0,2000,0,9896,2454,2026-04-30
元大桃興,2675.0,1000,0,9894,2454,2026-04-30
元大桃興,2650.0,10,15,9894,2454,2026-04-30
元大桃興,2640.0,0,1346,9894,2454,2026-04-30
元大桃興,2630.0,39,2126,9894,2454,2026-04-30
元大桃興,2615.0,10,0,9894,2454,2026-04-30
元大桃興,2600.0,1,110,9894,2454,2026-04-30
元大桃興,2590.0,23,20,9894,2454,2026-04-30
元大桃興,2580.0,110,0,9894,2454,2026-04-30
元大大天,2650.0,100,22,9893,2454,2026-04-30
元大大天,2635.0,0,60,9893,2454,2026-04-30
元大員林,2630.0,2000,0,9889,2454,2026-04-30
元大大天,2625.0,255,1030,9893,2454,2026-04-30
元大大天,2600.0,100,25,9893,2454,2026-04-30
元大大天,2590.0,2105,100,9893,2454,2026-04-30
元大大天,2580.0,251,0,9893,2454,2026-04-30
元大屏東,2640.0,0,10,9892,2454,2026-04-30
元大屏東,2625.0,1050,101,9892,2454,2026-04-30
元大屏東,2615.0,5,1,9892,2454,2026-04-30
元大屏東,2605.0,4,100,9892,2454,2026-04-30
元大屏東,2590.0,10,11,9892,2454,2026-04-30
元大屏東,2580.0,3,20,9892,2454,2026-04-30
元大永和,2665.0,1000,0,9891,2454,2026-04-30
元大永和,2655.0,1000,2001,9891,2454,2026-04-30
元大永和,2645.0,1000,0,9891,2454,2026-04-30
元大永和,2635.0,0,2,9891,2454,2026-04-30
元大大天,2610.0,1210,148,9893,2454,2026-04-30
元大員林,2620.0,0,31,9889,2454,2026-04-30
元大員林,2610.0,1000,2,9889,2454,2026-04-30
元大員林,2600.0,0,10,9889,2454,2026-04-30
元大金華,2635.0,0,1033,9878,2454,2026-04-30
元大金華,2625.0,110,2,9878,2454,2026-04-30
元大金華,2610.0,71,3,9878,2454,2026-04-30
元大金華,2600.0,10,0,9878,2454,2026-04-30
元大金華,2590.0,1000,20,9878,2454,2026-04-30
元大金華,2580.0,6,202,9878,2454,2026-04-30
元大永寧,2645.0,1000,1000,9875,2454,2026-04-30
元大永寧,2630.0,5,1051,9875,2454,2026-04-30
元大永寧,2615.0,1165,0,9875,2454,2026-04-30
元大永寧,2605.0,0,1,9875,2454,2026-04-30
元大永寧,2585.0,6,0,9875,2454,2026-04-30
元大永寧,2575.0,10,0,9875,2454,2026-04-30
元大雙和,2650.0,0,1015,9874,2454,2026-04-30
元大金華,2650.0,20,0,9878,2454,2026-04-30
元大雙和,2640.0,0,1022,9874,2454,2026-04-30
元大雙和,2620.0,20,162,9874,2454,2026-04-30
元大雙和,2610.0,105,1042,9874,2454,2026-04-30
元大雙和,2600.0,210,0,9874,2454,2026-04-30
元大雙和,2590.0,1076,0,9874,2454,2026-04-30
元大雙和,2580.0,1045,105,9874,2454,2026-04-30
元大復北,2665.0,1000,1000,9872,2454,2026-04-30
元大復北,2645.0,10,0,9872,2454,2026-04-30
元大復北,2635.0,2000,2101,9872,2454,2026-04-30
元大復北,2625.0,1011,1005,9872,2454,2026-04-30
元大復北,2615.0,1005,2053,9872,2454,2026-04-30
元大復北,2605.0,100,335,9872,2454,2026-04-30
元大復北,2595.0,1000,6,9872,2454,2026-04-30
元大復北,2585.0,10,4021,9872,2454,2026-04-30
元大雙和,2630.0,4000,175,9874,2454,2026-04-30
元大西屯,2610.0,1260,100,980w,2454,2026-04-30
元大板三,2575.0,17,0,9879,2454,2026-04-30
元大板三,2600.0,0,1090,9879,2454,2026-04-30
元大員林,2585.0,101,0,9889,2454,2026-04-30
元大員林,2575.0,1003,0,9889,2454,2026-04-30
元大鑫永,2645.0,0,30,9888,2454,2026-04-30
元大鑫永,2630.0,0,3,9888,2454,2026-04-30
元大鑫永,2610.0,40,20,9888,2454,2026-04-30
元大鑫永,2595.0,50,0,9888,2454,2026-04-30
元大鑫永,2585.0,1,1,9888,2454,2026-04-30
元大斗信,2665.0,0,2000,9884,2454,2026-04-30
元大斗信,2640.0,0,50,9884,2454,2026-04-30
元大斗信,2630.0,0,13,9884,2454,2026-04-30
元大斗信,2620.0,100,52,9884,2454,2026-04-30
元大斗信,2610.0,10,73,9884,2454,2026-04-30
元大斗信,2600.0,1,0,9884,2454,2026-04-30
元大板三,2585.0,6,0,9879,2454,2026-04-30
元大斗信,2585.0,0,31,9884,2454,2026-04-30
元大楊梅,2650.0,0,4055,987A,2454,2026-04-30
元大楊梅,2635.0,3,12,987A,2454,2026-04-30
元大楊梅,2625.0,1100,1100,987A,2454,2026-04-30
元大楊梅,2610.0,1,2,987A,2454,2026-04-30
元大楊梅,2600.0,113,403,987A,2454,2026-04-30
元大楊梅,2590.0,0,10,987A,2454,2026-04-30
元大楊梅,2575.0,1,0,987A,2454,2026-04-30
元大板三,2665.0,0,1000,9879,2454,2026-04-30
元大板三,2655.0,20,0,9879,2454,2026-04-30
元大板三,2640.0,1,0,9879,2454,2026-04-30
元大板三,2630.0,1000,1000,9879,2454,2026-04-30
元大板三,2620.0,2005,1027,9879,2454,2026-04-30
元大板三,2610.0,72,50,9879,2454,2026-04-30
元大斗信,2575.0,120,0,9884,2454,2026-04-30
花旗環球,2595.0,0,10000,1590,2454,2026-04-30
元大西屯,2600.0,198,161,980w,2454,2026-04-30
元大西屯,2575.0,6,0,980w,2454,2026-04-30
華南忠孝,2585.0,3,0,9325,2454,2026-04-30
華南岡山,2650.0,0,1000,9324,2454,2026-04-30
華南岡山,2640.0,0,40,9324,2454,2026-04-30
華南岡山,2630.0,1000,140,9324,2454,2026-04-30
華南岡山,2620.0,10,0,9324,2454,2026-04-30
華南岡山,2610.0,5,50,9324,2454,2026-04-30
華南岡山,2595.0,10,0,9324,2454,2026-04-30
華南岡山,2585.0,1,0,9324,2454,2026-04-30
華南岡山,2575.0,10,0,9324,2454,2026-04-30
華南小港,2635.0,100,0,9323,2454,2026-04-30
華南小港,2625.0,152,4,9323,2454,2026-04-30
華南小港,2615.0,1,1000,9323,2454,2026-04-30
華南小港,2605.0,10,1000,9323,2454,2026-04-30
華南小港,2595.0,0,1,9323,2454,2026-04-30
華南小港,2585.0,3,0,9323,2454,2026-04-30
華南基隆,2665.0,5000,0,9322,2454,2026-04-30
華南基隆,2640.0,250,10,9322,2454,2026-04-30
華南基隆,2630.0,40,1002,9322,2454,2026-04-30
華南基隆,2620.0,100,1020,9322,2454,2026-04-30
華南基隆,2605.0,1,10,9322,2454,2026-04-30
華南基隆,2590.0,100,0,9322,2454,2026-04-30
華南基隆,2580.0,1035,0,9322,2454,2026-04-30
華南鶯歌,2650.0,0,5,9319,2454,2026-04-30
華南鶯歌,2625.0,10,95,9319,2454,2026-04-30
華南鶯歌,2600.0,10,0,9319,2454,2026-04-30
華南林口,2650.0,0,10,9317,2454,2026-04-30
華南林口,2635.0,0,50,9317,2454,2026-04-30
華南忠孝,2615.0,90,0,9325,2454,2026-04-30
華南南京,2580.0,1021,0,9326,2454,2026-04-30
華南南京,2590.0,1145,0,9326,2454,2026-04-30
華南南京,2600.0,1002,0,9326,2454,2026-04-30
華南鳳山,2660.0,1000,0,9331,2454,2026-04-30
華南鳳山,2640.0,0,5,9331,2454,2026-04-30
華南鳳山,2625.0,10,20,9331,2454,2026-04-30
華南鳳山,2610.0,0,1060,9331,2454,2026-04-30
華南鳳山,2600.0,30,50,9331,2454,2026-04-30
華南鳳山,2585.0,15,0,9331,2454,2026-04-30
華南鳳山,2575.0,0,10,9331,2454,2026-04-30
華南朴子,2645.0,0,200,9329,2454,2026-04-30
華南朴子,2620.0,8,0,9329,2454,2026-04-30
華南朴子,2600.0,4,40,9329,2454,2026-04-30
華南朴子,2590.0,13,0,9329,2454,2026-04-30
華南潮州,2655.0,0,1000,9328,2454,2026-04-30
華南潮州,2635.0,0,20,9328,2454,2026-04-30
華南林口,2625.0,1010,20,9317,2454,2026-04-30
華南潮州,2625.0,0,1,9328,2454,2026-04-30
華南潮州,2605.0,10,0,9328,2454,2026-04-30
華南潮州,2595.0,5,0,9328,2454,2026-04-30
華南斗六,2650.0,10,1000,9327,2454,2026-04-30
華南斗六,2640.0,35,0,9327,2454,2026-04-30
華南斗六,2630.0,1021,113,9327,2454,2026-04-30
華南斗六,2620.0,0,1001,9327,2454,2026-04-30
華南斗六,2610.0,26,1000,9327,2454,2026-04-30
華南斗六,2595.0,7,0,9327,2454,2026-04-30
華南斗六,2575.0,10,0,9327,2454,2026-04-30
華南南京,2645.0,50,0,9326,2454,2026-04-30
華南南京,2630.0,0,76,9326,2454,2026-04-30
華南南京,2620.0,1003,1017,9326,2454,2026-04-30
華南南京,2610.0,11,1030,9326,2454,2026-04-30
華南潮州,2615.0,3,0,9328,2454,2026-04-30
華南楠梓,2580.0,103,0,9332,2454,2026-04-30
華南林口,2610.0,15,10,9317,2454,2026-04-30
華南林口,2580.0,1000,0,9317,2454,2026-04-30
華南大安,2665.0,1000,1000,9307,2454,2026-04-30
華南大安,2645.0,1000,1000,9307,2454,2026-04-30
華南大安,2635.0,0,10,9307,2454,2026-04-30
華南大安,2625.0,1110,0,9307,2454,2026-04-30
華南大安,2615.0,0,1000,9307,2454,2026-04-30
華南大安,2605.0,1000,10,9307,2454,2026-04-30
華南大安,2590.0,0,40,9307,2454,2026-04-30
華南大安,2580.0,100,50,9307,2454,2026-04-30
華南台南,2655.0,0,100,9306,2454,2026-04-30
華南台南,2640.0,0,5,9306,2454,2026-04-30
華南台南,2620.0,0,5,9306,2454,2026-04-30
華南台南,2605.0,0,5,9306,2454,2026-04-30
華南台南,2595.0,50,0,9306,2454,2026-04-30
華南新莊,2630.0,10,0,9305,2454,2026-04-30
華南新莊,2615.0,0,1000,9305,2454,2026-04-30
華南新莊,2605.0,0,1,9305,2454,2026-04-30
華南新莊,2585.0,0,100,9305,2454,2026-04-30
華南高雄,2640.0,0,110,9303,2454,2026-04-30
華南高雄,2630.0,34,25,9303,2454,2026-04-30
華南高雄,2620.0,206,10,9303,2454,2026-04-30
華南高雄,2610.0,15,0,9303,2454,2026-04-30
華南高雄,2600.0,100,0,9303,2454,2026-04-30
華南高雄,2585.0,1000,45,9303,2454,2026-04-30
華南台中,2665.0,0,1000,9302,2454,2026-04-30
華南台中,2650.0,0,2003,9302,2454,2026-04-30
華南台中,2640.0,20,1001,9302,2454,2026-04-30
華南台中,2630.0,1010,4070,9302,2454,2026-04-30
華南麻豆,2575.0,1015,0,9308,2454,2026-04-30
華南麻豆,2585.0,43,0,9308,2454,2026-04-30
華南麻豆,2595.0,2050,0,9308,2454,2026-04-30
華南麻豆,2605.0,34,3000,9308,2454,2026-04-30
華南淡水,2640.0,0,1000,9316,2454,2026-04-30
華南淡水,2630.0,0,1010,9316,2454,2026-04-30
華南淡水,2620.0,1008,0,9316,2454,2026-04-30
華南淡水,2600.0,5,0,9316,2454,2026-04-30
華南淡水,2585.0,30,1050,9316,2454,2026-04-30
華南大甲,2615.0,100,0,9315,2454,2026-04-30
華南大甲,2595.0,60,0,9315,2454,2026-04-30
華南嘉義,2640.0,0,5,9314,2454,2026-04-30
華南嘉義,2615.0,0,101,9314,2454,2026-04-30
華南嘉義,2600.0,0,15,9314,2454,2026-04-30
華南嘉義,2590.0,7,0,9314,2454,2026-04-30
華南民權,2640.0,1,5,9312,2454,2026-04-30
華南民權,2625.0,2,5,9312,2454,2026-04-30
華南林口,2600.0,10,2010,9317,2454,2026-04-30
華南民權,2610.0,56,0,9312,2454,2026-04-30
華南古亭,2675.0,1000,0,9309,2454,2026-04-30
華南古亭,2640.0,1,1000,9309,2454,2026-04-30
華南古亭,2630.0,30,2080,9309,2454,2026-04-30
華南古亭,2620.0,0,5,9309,2454,2026-04-30
華南古亭,2610.0,2001,2000,9309,2454,2026-04-30
華南古亭,2600.0,0,30,9309,2454,2026-04-30
華南古亭,2585.0,4,20,9309,2454,2026-04-30
華南古亭,2575.0,2000,0,9309,2454,2026-04-30
華南麻豆,2655.0,45,10,9308,2454,2026-04-30
華南麻豆,2645.0,1000,1010,9308,2454,2026-04-30
華南麻豆,2635.0,0,6000,9308,2454,2026-04-30
華南麻豆,2625.0,2000,1000,9308,2454,2026-04-30
華南麻豆,2615.0,83,0,9308,2454,2026-04-30
華南民權,2590.0,0,5,9312,2454,2026-04-30
華南台中,2620.0,2110,652,9302,2454,2026-04-30
華南楠梓,2605.0,0,20,9332,2454,2026-04-30
華南楠梓,2625.0,60,0,9332,2454,2026-04-30
華南東昇,2630.0,0,2010,9386,2454,2026-04-30
華南東昇,2620.0,100,5,9386,2454,2026-04-30
華南東昇,2605.0,300,0,9386,2454,2026-04-30
華南東昇,2585.0,113,0,9386,2454,2026-04-30
華南東昇,2575.0,20,0,9386,2454,2026-04-30
華南虎尾,2650.0,0,2000,9377,2454,2026-04-30
華南虎尾,2610.0,101,10,9377,2454,2026-04-30
華南虎尾,2595.0,0,1,9377,2454,2026-04-30
華南虎尾,2575.0,1000,0,9377,2454,2026-04-30
華南三重,2640.0,30,0,9369,2454,2026-04-30
華南三重,2625.0,11,0,9369,2454,2026-04-30
華南三重,2615.0,0,5,9369,2454,2026-04-30
華南三重,2590.0,0,109,9369,2454,2026-04-30
華南三重,2580.0,38,0,9369,2454,2026-04-30
華南豐原,2650.0,0,1000,9366,2454,2026-04-30
華南豐原,2615.0,20,1000,9366,2454,2026-04-30
華南豐原,2605.0,100,10,9366,2454,2026-04-30
華南豐原,2590.0,1000,0,9366,2454,2026-04-30
華南彰化,2660.0,1000,0,9363,2454,2026-04-30
華南彰化,2645.0,0,23,9363,2454,2026-04-30
華南彰化,2635.0,0,180,9363,2454,2026-04-30
華南彰化,2625.0,0,80,9363,2454,2026-04-30
華南彰化,2615.0,0,1020,9363,2454,2026-04-30
華南彰化,2605.0,0,5,9363,2454,2026-04-30
華南彰化,2595.0,17,0,9363,2454,2026-04-30
華南彰化,2575.0,33,3,9363,2454,2026-04-30
華南苗栗,2645.0,100,0,9362,2454,2026-04-30
華南東昇,2645.0,0,1030,9386,2454,2026-04-30
富邦,2570.0,0,6000,9600,2454,2026-04-30
富邦,2580.0,18010,5001,9600,2454,2026-04-30
富邦,2590.0,19048,24017,9600,2454,2026-04-30
富邦基隆,2630.0,105,0,9614,2454,2026-04-30
富邦基隆,2620.0,1,0,9614,2454,2026-04-30
富邦基隆,2605.0,6,100,9614,2454,2026-04-30
富邦基隆,2595.0,100,0,9614,2454,2026-04-30
富邦基隆,2580.0,110,0,9614,2454,2026-04-30
富邦台東,2665.0,1000,0,9608,2454,2026-04-30
富邦台東,2630.0,0,3,9608,2454,2026-04-30
富邦台東,2620.0,1,1001,9608,2454,2026-04-30
富邦台東,2610.0,17,0,9608,2454,2026-04-30
富邦台東,2600.0,0,15,9608,2454,2026-04-30
富邦台東,2590.0,2,0,9608,2454,2026-04-30
富邦陽明,2670.0,1000,0,9604,2454,2026-04-30
富邦陽明,2650.0,2233,1037,9604,2454,2026-04-30
華南苗栗,2630.0,0,90,9362,2454,2026-04-30
富邦陽明,2640.0,2000,1146,9604,2454,2026-04-30
富邦陽明,2620.0,218,2518,9604,2454,2026-04-30
富邦陽明,2610.0,1225,38,9604,2454,2026-04-30
富邦陽明,2600.0,21,1501,9604,2454,2026-04-30
富邦陽明,2590.0,1434,10,9604,2454,2026-04-30
富邦陽明,2580.0,1140,0,9604,2454,2026-04-30
富邦,2670.0,0,2000,9600,2454,2026-04-30
富邦,2660.0,0,4000,9600,2454,2026-04-30
富邦,2650.0,28007,71002,9600,2454,2026-04-30
富邦,2640.0,39008,357050,9600,2454,2026-04-30
富邦,2630.0,120070,144060,9600,2454,2026-04-30
富邦,2620.0,77778,135003,9600,2454,2026-04-30
富邦,2610.0,158214,354014,9600,2454,2026-04-30
富邦,2600.0,12109,103054,9600,2454,2026-04-30
富邦陽明,2630.0,4001,14215,9604,2454,2026-04-30
華南楠梓,2615.0,0,11,9332,2454,2026-04-30
華南苗栗,2615.0,0,1,9362,2454,2026-04-30
華南中正,2660.0,0,1000,9359,2454,2026-04-30
華南頭份,2610.0,1,1001,9343,2454,2026-04-30
華南頭份,2590.0,2000,1000,9343,2454,2026-04-30
華南竹北,2645.0,0,1000,9339,2454,2026-04-30
華南竹北,2625.0,8,0,9339,2454,2026-04-30
華南竹北,2615.0,0,100,9339,2454,2026-04-30
華南竹北,2605.0,4,150,9339,2454,2026-04-30
華南竹北,2590.0,215,0,9339,2454,2026-04-30
華南竹北,2575.0,10,1000,9339,2454,2026-04-30
華南內壢,2640.0,5,20,9337,2454,2026-04-30
華南內壢,2630.0,1020,10,9337,2454,2026-04-30
華南內壢,2620.0,25,0,9337,2454,2026-04-30
華南內壢,2595.0,10,0,9337,2454,2026-04-30
華南內壢,2585.0,2,0,9337,2454,2026-04-30
華南世貿,2670.0,1000,0,9334,2454,2026-04-30
華南世貿,2650.0,0,1045,9334,2454,2026-04-30
華南世貿,2635.0,113,30,9334,2454,2026-04-30
華南世貿,2625.0,0,1020,9334,2454,2026-04-30
華南世貿,2610.0,1010,0,9334,2454,2026-04-30
華南長虹,2665.0,0,2000,9333,2454,2026-04-30
華南長虹,2650.0,0,1,9333,2454,2026-04-30
華南長虹,2635.0,0,2102,9333,2454,2026-04-30
華南長虹,2625.0,1,4,9333,2454,2026-04-30
華南長虹,2615.0,2,6,9333,2454,2026-04-30
華南長虹,2605.0,5,3,9333,2454,2026-04-30
華南長虹,2590.0,1010,0,9333,2454,2026-04-30
華南長虹,2580.0,1011,0,9333,2454,2026-04-30
華南楠梓,2640.0,0,1050,9332,2454,2026-04-30
華南頭份,2630.0,1100,0,9343,2454,2026-04-30
華南頭份,2640.0,0,2000,9343,2454,2026-04-30
華南頭份,2675.0,1000,0,9343,2454,2026-04-30
華南敦南,2585.0,85,0,9347,2454,2026-04-30
華南中正,2645.0,1000,1000,9359,2454,2026-04-30
華南中正,2635.0,0,6,9359,2454,2026-04-30
華南中正,2625.0,0,15,9359,2454,2026-04-30
華南中正,2615.0,50,2,9359,2454,2026-04-30
華南中正,2605.0,1000,2032,9359,2454,2026-04-30
華南中正,2595.0,0,1005,9359,2454,2026-04-30
華南中正,2580.0,10,0,9359,2454,2026-04-30
華南東勢,2655.0,0,20,9358,2454,2026-04-30
華南東勢,2635.0,0,1005,9358,2454,2026-04-30
華南東勢,2620.0,1000,10,9358,2454,2026-04-30
華南東勢,2610.0,0,5,9358,2454,2026-04-30
華南東勢,2600.0,2000,5,9358,2454,2026-04-30
華南東勢,2585.0,0,4000,9358,2454,2026-04-30
華南苗栗,2595.0,20,4,9362,2454,2026-04-30
華南桃園,2645.0,0,17,9352,2454,2026-04-30
華南桃園,2615.0,0,15,9352,2454,2026-04-30
華南桃園,2585.0,20,0,9352,2454,2026-04-30
華南板橋,2645.0,150,5,9349,2454,2026-04-30
華南板橋,2635.0,0,1005,9349,2454,2026-04-30
華南板橋,2625.0,1,1005,9349,2454,2026-04-30
華南板橋,2615.0,0,35,9349,2454,2026-04-30
華南板橋,2605.0,1000,265,9349,2454,2026-04-30
華南板橋,2595.0,0,10,9349,2454,2026-04-30
華南板橋,2585.0,20,20,9349,2454,2026-04-30
華南敦南,2650.0,0,1000,9347,2454,2026-04-30
華南敦南,2620.0,50,1000,9347,2454,2026-04-30
華南敦南,2610.0,0,1000,9347,2454,2026-04-30
華南敦南,2595.0,1000,0,9347,2454,2026-04-30
華南桃園,2635.0,20,1000,9352,2454,2026-04-30
富邦基隆,2665.0,0,1000,9614,2454,2026-04-30
華南台中,2610.0,39,2345,9302,2454,2026-04-30
華南台中,2590.0,1311,0,9302,2454,2026-04-30
凱基虎尾,2640.0,0,400,9236,2454,2026-04-30
凱基虎尾,2625.0,0,1201,9236,2454,2026-04-30
凱基虎尾,2600.0,0,200,9236,2454,2026-04-30
凱基永華,2675.0,1000,0,9235,2454,2026-04-30
凱基永華,2650.0,0,1,9235,2454,2026-04-30
凱基永華,2635.0,0,240,9235,2454,2026-04-30
凱基永華,2625.0,1,2000,9235,2454,2026-04-30
凱基永華,2610.0,20,0,9235,2454,2026-04-30
凱基永華,2590.0,1000,0,9235,2454,2026-04-30
凱基竹北,2655.0,3,2,9234,2454,2026-04-30
凱基竹北,2645.0,1003,0,9234,2454,2026-04-30
凱基竹北,2635.0,1,394,9234,2454,2026-04-30
凱基竹北,2625.0,8,251,9234,2454,2026-04-30
凱基竹北,2615.0,30,0,9234,2454,2026-04-30
凱基竹北,2605.0,80,40,9234,2454,2026-04-30
凱基竹北,2595.0,10,100,9234,2454,2026-04-30
凱基竹北,2580.0,20,7,9234,2454,2026-04-30
凱基長庚,2675.0,1000,0,9233,2454,2026-04-30
凱基長庚,2640.0,0,4,9233,2454,2026-04-30
凱基長庚,2625.0,50,15,9233,2454,2026-04-30
凱基長庚,2615.0,3,12,9233,2454,2026-04-30
凱基長庚,2600.0,40,0,9233,2454,2026-04-30
凱基長庚,2590.0,54,0,9233,2454,2026-04-30
凱基長庚,2580.0,0,50,9233,2454,2026-04-30
凱基員林,2655.0,0,1,9231,2454,2026-04-30
凱基員林,2610.0,5,70,9231,2454,2026-04-30
凱基員林,2600.0,2,40,9231,2454,2026-04-30
凱基虎尾,2665.0,0,2000,9236,2454,2026-04-30
凱基敦北,2580.0,30,0,9237,2454,2026-04-30
凱基敦北,2590.0,10,5200,9237,2454,2026-04-30
凱基敦北,2600.0,115,6000,9237,2454,2026-04-30
凱基科園,2590.0,1202,170,9254,2454,2026-04-30
凱基科園,2580.0,1100,1000,9254,2454,2026-04-30
凱基嘉義,2670.0,0,1000,9252,2454,2026-04-30
凱基嘉義,2645.0,2000,0,9252,2454,2026-04-30
凱基嘉義,2630.0,0,2030,9252,2454,2026-04-30
凱基嘉義,2620.0,0,1081,9252,2454,2026-04-30
凱基嘉義,2610.0,0,1290,9252,2454,2026-04-30
凱基嘉義,2600.0,5,0,9252,2454,2026-04-30
凱基嘉義,2590.0,16,3,9252,2454,2026-04-30
凱基嘉義,2580.0,10,1,9252,2454,2026-04-30
凱基市政,2675.0,0,1000,9239,2454,2026-04-30
凱基市政,2655.0,2005,2000,9239,2454,2026-04-30
凱基市政,2645.0,10,3,9239,2454,2026-04-30
凱基屏東,2640.0,0,10,922C,2454,2026-04-30
凱基市政,2635.0,2325,3000,9239,2454,2026-04-30
凱基市政,2615.0,0,2000,9239,2454,2026-04-30
凱基市政,2605.0,3000,1000,9239,2454,2026-04-30
凱基市政,2590.0,3000,3000,9239,2454,2026-04-30
凱基市政,2580.0,6,0,9239,2454,2026-04-30
凱基士林,2650.0,0,10,9238,2454,2026-04-30
凱基士林,2635.0,0,1000,9238,2454,2026-04-30
凱基士林,2620.0,1,0,9238,2454,2026-04-30
凱基士林,2610.0,157,2000,9238,2454,2026-04-30
凱基士林,2590.0,110,0,9238,2454,2026-04-30
凱基士林,2580.0,0,1,9238,2454,2026-04-30
凱基敦北,2665.0,0,22000,9237,2454,2026-04-30
凱基敦北,2630.0,1000,9000,9237,2454,2026-04-30
凱基敦北,2610.0,0,100,9237,2454,2026-04-30
凱基市政,2625.0,4011,5134,9239,2454,2026-04-30
凱基科園,2605.0,0,33,9254,2454,2026-04-30
凱基屏東,2630.0,0,2000,922C,2454,2026-04-30
凱基屏東,2610.0,35,11,922C,2454,2026-04-30
凱基豐中,2610.0,35,20,9223,2454,2026-04-30
凱基豐中,2600.0,1000,0,9223,2454,2026-04-30
凱基東勢,2680.0,0,2000,921Y,2454,2026-04-30
凱基東勢,2650.0,0,20,921Y,2454,2026-04-30
凱基東勢,2635.0,200,0,921Y,2454,2026-04-30
凱基東勢,2625.0,266,200,921Y,2454,2026-04-30
凱基東勢,2600.0,11,0,921Y,2454,2026-04-30
凱基東勢,2585.0,0,100,921Y,2454,2026-04-30
凱基新莊,2665.0,1000,0,921S,2454,2026-04-30
凱基新莊,2645.0,5,0,921S,2454,2026-04-30
凱基新莊,2620.0,4,35,921S,2454,2026-04-30
凱基新莊,2610.0,4050,23,921S,2454,2026-04-30
凱基新莊,2600.0,113,0,921S,2454,2026-04-30
凱基新莊,2590.0,150,1000,921S,2454,2026-04-30
凱基八德,2670.0,1000,0,921M,2454,2026-04-30
凱基八德,2630.0,1002,30,921M,2454,2026-04-30
凱基八德,2610.0,3,0,921M,2454,2026-04-30
凱基土城,2640.0,1,0,921J,2454,2026-04-30
凱基土城,2630.0,10,0,921J,2454,2026-04-30
凱基土城,2610.0,5,0,921J,2454,2026-04-30
凱基土城,2600.0,2,22,921J,2454,2026-04-30
凱基五股,2655.0,0,12,921G,2454,2026-04-30
凱基五股,2630.0,0,1000,921G,2454,2026-04-30
凱基五股,2610.0,0,1000,921G,2454,2026-04-30
凱基五股,2590.0,0,10,921G,2454,2026-04-30
凱基三峽,2655.0,0,2,921E,2454,2026-04-30
凱基三峽,2640.0,1000,0,921E,2454,2026-04-30
凱基豐中,2620.0,4,15,9223,2454,2026-04-30
凱基豐中,2630.0,0,1060,9223,2454,2026-04-30
凱基豐中,2640.0,0,5,9223,2454,2026-04-30
凱基豐中,2650.0,0,5,9223,2454,2026-04-30
凱基屏東,2600.0,1000,0,922C,2454,2026-04-30
凱基屏東,2580.0,20,0,922C,2454,2026-04-30
凱基中山,2670.0,0,2000,9229,2454,2026-04-30
凱基中山,2650.0,0,1034,9229,2454,2026-04-30
凱基中山,2640.0,1000,220,9229,2454,2026-04-30
凱基中山,2630.0,1000,1000,9229,2454,2026-04-30
凱基中山,2620.0,11,1000,9229,2454,2026-04-30
凱基中山,2610.0,505,1001,9229,2454,2026-04-30
凱基中山,2595.0,10,1010,9229,2454,2026-04-30
凱基中山,2585.0,1000,30,9229,2454,2026-04-30
凱基中山,2575.0,1110,30,9229,2454,2026-04-30
凱基城中,2665.0,1000,0,9227,2454,2026-04-30
凱基城中,2650.0,0,1000,9227,2454,2026-04-30
凱基屏東,2620.0,0,19,922C,2454,2026-04-30
凱基城中,2640.0,2000,0,9227,2454,2026-04-30
凱基城中,2615.0,5,10,9227,2454,2026-04-30
凱基城中,2605.0,0,10,9227,2454,2026-04-30
凱基城中,2590.0,5,1010,9227,2454,2026-04-30
凱基城中,2580.0,100,0,9227,2454,2026-04-30
凱基汐止,2645.0,0,1105,9226,2454,2026-04-30
凱基汐止,2620.0,0,218,9226,2454,2026-04-30
凱基汐止,2590.0,0,5,9226,2454,2026-04-30
凱基汐止,2580.0,1000,0,9226,2454,2026-04-30
凱基內埔,2650.0,0,8,9225,2454,2026-04-30
凱基內埔,2625.0,35,1000,9225,2454,2026-04-30
凱基內埔,2615.0,0,1,9225,2454,2026-04-30
凱基內埔,2600.0,330,0,9225,2454,2026-04-30
凱基內埔,2580.0,0,1,9225,2454,2026-04-30
凱基城中,2625.0,1000,10,9227,2454,2026-04-30
華南台中,2600.0,21,258,9302,2454,2026-04-30
凱基科園,2615.0,126,20,9254,2454,2026-04-30
凱基科園,2635.0,1,32,9254,2454,2026-04-30
凱基興隆,2580.0,1000,0,9289,2454,2026-04-30
凱基埔墘,2645.0,0,1100,9288,2454,2026-04-30
凱基埔墘,2625.0,1000,105,9288,2454,2026-04-30
凱基埔墘,2615.0,0,103,9288,2454,2026-04-30
凱基埔墘,2605.0,0,200,9288,2454,2026-04-30
凱基埔墘,2590.0,6,0,9288,2454,2026-04-30
凱基內湖,2635.0,4,0,9287,2454,2026-04-30
凱基內湖,2610.0,0,1000,9287,2454,2026-04-30
凱基內湖,2580.0,10,0,9287,2454,2026-04-30
凱基中壢,2675.0,1000,0,9285,2454,2026-04-30
凱基中壢,2655.0,0,100,9285,2454,2026-04-30
凱基中壢,2645.0,2,105,9285,2454,2026-04-30
凱基中壢,2635.0,0,185,9285,2454,2026-04-30
凱基中壢,2625.0,10,25,9285,2454,2026-04-30
凱基中壢,2615.0,1,10,9285,2454,2026-04-30
凱基中壢,2605.0,34,1,9285,2454,2026-04-30
凱基中壢,2595.0,370,500,9285,2454,2026-04-30
凱基中壢,2585.0,5,0,9285,2454,2026-04-30
凱基北門,2660.0,1000,0,9283,2454,2026-04-30
凱基北門,2650.0,5,0,9283,2454,2026-04-30
凱基北門,2635.0,0,1,9283,2454,2026-04-30
凱基北門,2620.0,1000,0,9283,2454,2026-04-30
凱基北門,2610.0,0,10,9283,2454,2026-04-30
凱基北門,2600.0,0,10,9283,2454,2026-04-30
凱基北門,2585.0,0,2,9283,2454,2026-04-30
凱基斗六,2625.0,10,0,9281,2454,2026-04-30
凱基斗六,2575.0,5,0,9281,2454,2026-04-30
凱基興隆,2590.0,0,60,9289,2454,2026-04-30
凱基興隆,2610.0,1001,1000,9289,2454,2026-04-30
凱基興隆,2625.0,1300,160,9289,2454,2026-04-30
凱基興隆,2635.0,100,3010,9289,2454,2026-04-30
華南台中,2580.0,5,80,9302,2454,2026-04-30
華南永昌,2675.0,1000,0,9300,2454,2026-04-30
華南永昌,2660.0,0,10000,9300,2454,2026-04-30
華南永昌,2650.0,1000,10027,9300,2454,2026-04-30
華南永昌,2640.0,9000,11010,9300,2454,2026-04-30
華南永昌,2630.0,5003,10151,9300,2454,2026-04-30
華南永昌,2620.0,11179,13180,9300,2454,2026-04-30
華南永昌,2610.0,2103,40,9300,2454,2026-04-30
華南永昌,2600.0,7043,0,9300,2454,2026-04-30
華南永昌,2590.0,3011,1000,9300,2454,2026-04-30
華南永昌,2580.0,1006,3,9300,2454,2026-04-30
凱基文心,2650.0,0,5,9297,2454,2026-04-30
凱基文心,2630.0,0,101,9297,2454,2026-04-30
凱基永康,2630.0,0,1160,9278,2454,2026-04-30
凱基文心,2620.0,3000,69,9297,2454,2026-04-30
凱基文心,2585.0,10,0,9297,2454,2026-04-30
凱基頭份,2635.0,1000,0,9296,2454,2026-04-30
凱基頭份,2620.0,150,1000,9296,2454,2026-04-30
凱基頭份,2610.0,0,100,9296,2454,2026-04-30
凱基頭份,2585.0,30,0,9296,2454,2026-04-30
凱基頭份,2565.0,0,1000,9296,2454,2026-04-30
凱基大安,2665.0,1000,0,9291,2454,2026-04-30
凱基大安,2625.0,27,0,9291,2454,2026-04-30
凱基大安,2605.0,10,0,9291,2454,2026-04-30
凱基大安,2585.0,0,1000,9291,2454,2026-04-30
凱基興隆,2680.0,0,1000,9289,2454,2026-04-30
凱基興隆,2655.0,2,1000,9289,2454,2026-04-30
凱基興隆,2645.0,8000,0,9289,2454,2026-04-30
凱基文心,2605.0,0,200,9297,2454,2026-04-30
凱基科園,2625.0,15,120,9254,2454,2026-04-30
凱基永康,2605.0,0,100,9278,2454,2026-04-30
凱基永康,2585.0,0,100,9278,2454,2026-04-30
凱基台北,2580.0,39000,60000,9268,2454,2026-04-30
凱基台北,2570.0,7000,0,9268,2454,2026-04-30
凱基新豐,2650.0,0,2050,9266,2454,2026-04-30
凱基新豐,2630.0,50,32,9266,2454,2026-04-30
凱基新豐,2620.0,100,76,9266,2454,2026-04-30
凱基新豐,2610.0,0,20,9266,2454,2026-04-30
凱基新豐,2590.0,1006,0,9266,2454,2026-04-30
凱基新豐,2575.0,30,0,9266,2454,2026-04-30
凱基羅東,2620.0,1000,11,9258,2454,2026-04-30
凱基林口,2635.0,50,0,9257,2454,2026-04-30
凱基林口,2610.0,0,1006,9257,2454,2026-04-30
凱基林口,2600.0,10,20,9257,2454,2026-04-30
凱基林口,2580.0,2,0,9257,2454,2026-04-30
凱基南崁,2670.0,0,1000,9256,2454,2026-04-30
凱基南崁,2640.0,0,15,9256,2454,2026-04-30
凱基南崁,2630.0,3000,5010,9256,2454,2026-04-30
凱基南崁,2620.0,10,60,9256,2454,2026-04-30
凱基南崁,2605.0,0,30,9256,2454,2026-04-30
凱基南崁,2580.0,10,0,9256,2454,2026-04-30
凱基和平,2650.0,0,30,9255,2454,2026-04-30
凱基和平,2640.0,100,2,9255,2454,2026-04-30
凱基和平,2630.0,1000,110,9255,2454,2026-04-30
凱基和平,2615.0,50,0,9255,2454,2026-04-30
凱基和平,2595.0,1010,2000,9255,2454,2026-04-30
凱基和平,2580.0,1,0,9255,2454,2026-04-30
凱基科園,2655.0,0,10,9254,2454,2026-04-30
凱基科園,2645.0,0,10,9254,2454,2026-04-30
凱基台北,2590.0,25055,31000,9268,2454,2026-04-30
凱基台北,2600.0,11100,44292,9268,2454,2026-04-30
凱基台北,2610.0,97251,42076,9268,2454,2026-04-30
凱基台北,2620.0,54000,22020,9268,2454,2026-04-30
凱基永康,2575.0,1,0,9278,2454,2026-04-30
凱基苗栗,2625.0,250,0,9276,2454,2026-04-30
凱基苗栗,2605.0,200,0,9276,2454,2026-04-30
凱基三多,2650.0,0,30,9275,2454,2026-04-30
凱基三多,2620.0,0,35,9275,2454,2026-04-30
凱基三多,2595.0,0,5,9275,2454,2026-04-30
凱基三多,2585.0,0,5,9275,2454,2026-04-30
凱基鳳山,2650.0,0,1,9274,2454,2026-04-30
凱基鳳山,2635.0,50,1,9274,2454,2026-04-30
凱基鳳山,2625.0,50,0,9274,2454,2026-04-30
凱基鳳山,2615.0,0,1,9274,2454,2026-04-30
凱基鳳山,2585.0,100,0,9274,2454,2026-04-30
凱基竹東,2640.0,0,51,9273,2454,2026-04-30
凱基永康,2595.0,10,0,9278,2454,2026-04-30
凱基竹東,2625.0,0,1,9273,2454,2026-04-30
凱基竹科,2655.0,0,50,9272,2454,2026-04-30
凱基竹科,2640.0,0,2050,9272,2454,2026-04-30
凱基竹科,2630.0,0,1020,9272,2454,2026-04-30
凱基竹科,2620.0,1000,210,9272,2454,2026-04-30
凱基竹科,2610.0,8,410,9272,2454,2026-04-30
凱基竹科,2600.0,1000,10,9272,2454,2026-04-30
凱基竹科,2580.0,60,230,9272,2454,2026-04-30
凱基台北,2680.0,4000,2000,9268,2454,2026-04-30
凱基台北,2670.0,1000,104000,9268,2454,2026-04-30
凱基台北,2660.0,27000,17000,9268,2454,2026-04-30
凱基台北,2650.0,45000,3000,9268,2454,2026-04-30
凱基台北,2640.0,133000,25010,9268,2454,2026-04-30
凱基台北,2630.0,46100,155402,9268,2454,2026-04-30
凱基竹東,2595.0,10,0,9273,2454,2026-04-30
富邦岡山,2580.0,0,10,9616,2454,2026-04-30
富邦岡山,2590.0,4,7,9616,2454,2026-04-30
富邦岡山,2600.0,1,36,9616,2454,2026-04-30
富邦員林,2635.0,0,150,9672,2454,2026-04-30
富邦員林,2625.0,10,195,9672,2454,2026-04-30
富邦員林,2615.0,2,0,9672,2454,2026-04-30
富邦員林,2605.0,2,10,9672,2454,2026-04-30
富邦員林,2595.0,10,0,9672,2454,2026-04-30
富邦員林,2585.0,1,10,9672,2454,2026-04-30
富邦員林,2575.0,200,16,9672,2454,2026-04-30
富邦左營,2650.0,6,97,966F,2454,2026-04-30
富邦左營,2640.0,1110,14,966F,2454,2026-04-30
富邦左營,2630.0,102,37,966F,2454,2026-04-30
富邦左營,2620.0,100,5,966F,2454,2026-04-30
富邦左營,2610.0,0,10,966F,2454,2026-04-30
富邦左營,2600.0,1,0,966F,2454,2026-04-30
富邦左營,2590.0,1,0,966F,2454,2026-04-30
富邦左營,2575.0,1,0,966F,2454,2026-04-30
富邦台南,2670.0,1000,0,9667,2454,2026-04-30
富邦台南,2650.0,0,107,9667,2454,2026-04-30
富邦台南,2640.0,4,55,9667,2454,2026-04-30
富邦台南,2630.0,1291,80,9667,2454,2026-04-30
富邦台南,2620.0,120,80,9667,2454,2026-04-30
富邦台南,2610.0,19,175,9667,2454,2026-04-30
富邦台南,2600.0,10,220,9667,2454,2026-04-30
富邦台南,2590.0,70,100,9667,2454,2026-04-30
富邦台南,2580.0,124,35,9667,2454,2026-04-30
富邦南屯,2675.0,1000,0,9666,2454,2026-04-30
富邦南屯,2650.0,2006,20,9666,2454,2026-04-30
富邦南屯,2640.0,0,65,9666,2454,2026-04-30
富邦員林,2645.0,0,23,9672,2454,2026-04-30
富邦仁愛,2575.0,321,0,9676,2454,2026-04-30
富邦仁愛,2585.0,1140,1185,9676,2454,2026-04-30
富邦仁愛,2595.0,1117,1500,9676,2454,2026-04-30
富邦嘉義,2610.0,39,32,9692,2454,2026-04-30
富邦嘉義,2600.0,30,85,9692,2454,2026-04-30
富邦嘉義,2590.0,1025,10,9692,2454,2026-04-30
富邦嘉義,2580.0,15,0,9692,2454,2026-04-30
富邦宜蘭,2670.0,1000,0,9686,2454,2026-04-30
富邦宜蘭,2645.0,0,30,9686,2454,2026-04-30
富邦宜蘭,2635.0,0,75,9686,2454,2026-04-30
富邦宜蘭,2625.0,1170,1002,9686,2454,2026-04-30
富邦宜蘭,2615.0,0,20,9686,2454,2026-04-30
富邦宜蘭,2605.0,1010,250,9686,2454,2026-04-30
富邦宜蘭,2590.0,0,10,9686,2454,2026-04-30
富邦宜蘭,2580.0,52,52,9686,2454,2026-04-30
富邦三重,2665.0,0,1000,9677,2454,2026-04-30
富邦南屯,2630.0,63,189,9666,2454,2026-04-30
富邦三重,2645.0,0,10,9677,2454,2026-04-30
富邦三重,2625.0,156,27,9677,2454,2026-04-30
富邦三重,2615.0,85,0,9677,2454,2026-04-30
富邦三重,2605.0,1,55,9677,2454,2026-04-30
富邦三重,2595.0,0,45,9677,2454,2026-04-30
富邦三重,2585.0,0,10,9677,2454,2026-04-30
富邦三重,2575.0,10,0,9677,2454,2026-04-30
富邦仁愛,2670.0,1000,0,9676,2454,2026-04-30
富邦仁愛,2660.0,2000,0,9676,2454,2026-04-30
富邦仁愛,2645.0,55,3210,9676,2454,2026-04-30
富邦仁愛,2635.0,2071,1205,9676,2454,2026-04-30
富邦仁愛,2625.0,2258,1275,9676,2454,2026-04-30
富邦仁愛,2615.0,7,8,9676,2454,2026-04-30
富邦仁愛,2605.0,90,2000,9676,2454,2026-04-30
富邦三重,2635.0,3,175,9677,2454,2026-04-30
富邦嘉義,2620.0,83,162,9692,2454,2026-04-30
富邦南屯,2620.0,0,3505,9666,2454,2026-04-30
富邦南屯,2600.0,103,16,9666,2454,2026-04-30
富邦彰化,2620.0,24,25,965U,2454,2026-04-30
富邦彰化,2600.0,20,2,965U,2454,2026-04-30
富邦彰化,2575.0,1000,0,965U,2454,2026-04-30
富邦台中,2645.0,0,100,965K,2454,2026-04-30
富邦台中,2630.0,2002,15,965K,2454,2026-04-30
富邦台中,2620.0,60,1117,965K,2454,2026-04-30
富邦台中,2610.0,14,20,965K,2454,2026-04-30
富邦台中,2600.0,56,0,965K,2454,2026-04-30
富邦台中,2590.0,1,50,965K,2454,2026-04-30
富邦台中,2580.0,43,0,965K,2454,2026-04-30
富邦高雄,2675.0,0,2000,9659,2454,2026-04-30
富邦高雄,2655.0,0,4,9659,2454,2026-04-30
富邦高雄,2645.0,1000,1100,9659,2454,2026-04-30
富邦高雄,2635.0,20,10,9659,2454,2026-04-30
富邦高雄,2625.0,2008,1135,9659,2454,2026-04-30
富邦高雄,2615.0,240,35,9659,2454,2026-04-30
富邦高雄,2605.0,20,357,9659,2454,2026-04-30
富邦高雄,2595.0,60,0,9659,2454,2026-04-30
富邦高雄,2585.0,1201,5,9659,2454,2026-04-30
富邦高雄,2575.0,35,0,9659,2454,2026-04-30
富邦建國,2655.0,1000,1001,9658,2454,2026-04-30
富邦建國,2645.0,0,50,9658,2454,2026-04-30
富邦建國,2635.0,114,10126,9658,2454,2026-04-30
富邦建國,2625.0,1098,1130,9658,2454,2026-04-30
富邦建國,2615.0,28,2027,9658,2454,2026-04-30
富邦建國,2605.0,1244,7022,9658,2454,2026-04-30
富邦建國,2595.0,160,91,9658,2454,2026-04-30
富邦彰化,2630.0,12,0,965U,2454,2026-04-30
富邦彰化,2640.0,0,20,965U,2454,2026-04-30
富邦彰化,2680.0,0,1000,965U,2454,2026-04-30
富邦新店,2580.0,2022,2000,9661,2454,2026-04-30
富邦南屯,2585.0,3,100,9666,2454,2026-04-30
富邦桃園,2680.0,1000,0,9665,2454,2026-04-30
富邦桃園,2655.0,1004,0,9665,2454,2026-04-30
富邦桃園,2635.0,24,1022,9665,2454,2026-04-30
富邦桃園,2625.0,40,1029,9665,2454,2026-04-30
富邦桃園,2615.0,60,10,9665,2454,2026-04-30
富邦桃園,2605.0,15,11,9665,2454,2026-04-30
富邦桃園,2595.0,52,0,9665,2454,2026-04-30
富邦桃園,2585.0,117,102,9665,2454,2026-04-30
富邦桃園,2575.0,1011,0,9665,2454,2026-04-30
富邦敦南,2665.0,1000,3000,9663,2454,2026-04-30
富邦敦南,2650.0,0,1270,9663,2454,2026-04-30
富邦敦南,2640.0,1000,65,9663,2454,2026-04-30
富邦南屯,2610.0,20,1096,9666,2454,2026-04-30
富邦敦南,2630.0,1215,35230,9663,2454,2026-04-30
富邦敦南,2610.0,20,1112,9663,2454,2026-04-30
富邦敦南,2600.0,222,100,9663,2454,2026-04-30
富邦敦南,2590.0,210,35,9663,2454,2026-04-30
富邦敦南,2580.0,1115,0,9663,2454,2026-04-30
富邦新店,2675.0,0,1000,9661,2454,2026-04-30
富邦新店,2665.0,0,2000,9661,2454,2026-04-30
富邦新店,2650.0,1003,6,9661,2454,2026-04-30
富邦新店,2640.0,1003,2300,9661,2454,2026-04-30
富邦新店,2630.0,280,3022,9661,2454,2026-04-30
富邦新店,2620.0,242,507,9661,2454,2026-04-30
富邦新店,2610.0,15,2109,9661,2454,2026-04-30
富邦新店,2600.0,1264,71,9661,2454,2026-04-30
富邦新店,2590.0,1060,10,9661,2454,2026-04-30
富邦敦南,2620.0,170,3371,9663,2454,2026-04-30
富邦建國,2585.0,46,475,9658,2454,2026-04-30
富邦嘉義,2630.0,2065,3120,9692,2454,2026-04-30
富邦嘉義,2650.0,0,82,9692,2454,2026-04-30
元大竹科,2575.0,11,0,980K,2454,2026-04-30
元大台北,2665.0,10000,0,980h,2454,2026-04-30
元大台北,2655.0,0,50,980h,2454,2026-04-30
元大台北,2645.0,0,1000,980h,2454,2026-04-30
元大台北,2635.0,1002,61015,980h,2454,2026-04-30
元大台北,2625.0,562,21030,980h,2454,2026-04-30
元大台北,2615.0,12,0,980h,2454,2026-04-30
元大台北,2605.0,2007,0,980h,2454,2026-04-30
元大台北,2590.0,5,0,980h,2454,2026-04-30
元大台北,2580.0,62,0,980h,2454,2026-04-30
元大清水,2665.0,1000,0,980e,2454,2026-04-30
元大清水,2650.0,6,0,980e,2454,2026-04-30
元大清水,2640.0,0,1001,980e,2454,2026-04-30
元大清水,2630.0,0,2065,980e,2454,2026-04-30
元大清水,2620.0,150,1076,980e,2454,2026-04-30
元大清水,2610.0,0,64,980e,2454,2026-04-30
元大清水,2600.0,0,28,980e,2454,2026-04-30
元大清水,2590.0,2005,0,980e,2454,2026-04-30
元大清水,2580.0,4,1000,980e,2454,2026-04-30
元大北府,2640.0,10,10,980D,2454,2026-04-30
元大北府,2630.0,17,0,980D,2454,2026-04-30
元大北府,2620.0,0,12,980D,2454,2026-04-30
元大北府,2610.0,99,200,980D,2454,2026-04-30
元大北府,2600.0,1011,0,980D,2454,2026-04-30
元大北府,2585.0,0,14,980D,2454,2026-04-30
元大北府,2575.0,1,0,980D,2454,2026-04-30
元大沙鹿,2655.0,0,1,980d,2454,2026-04-30
元大竹科,2585.0,33,51,980K,2454,2026-04-30
元大竹科,2595.0,13,1050,980K,2454,2026-04-30
元大竹科,2605.0,107,239,980K,2454,2026-04-30
元大竹科,2615.0,1239,111,980K,2454,2026-04-30
元大府城,2645.0,50,0,980u,2454,2026-04-30
元大府城,2635.0,20,1042,980u,2454,2026-04-30
元大府城,2625.0,40,301,980u,2454,2026-04-30
元大府城,2615.0,0,10,980u,2454,2026-04-30
元大府城,2600.0,13,0,980u,2454,2026-04-30
元大府城,2590.0,16,1000,980u,2454,2026-04-30
元大府城,2580.0,15,0,980u,2454,2026-04-30
元大南海,2635.0,0,30,980R,2454,2026-04-30
元大南海,2620.0,0,5,980R,2454,2026-04-30
元大南海,2605.0,12,50,980R,2454,2026-04-30
元大南海,2585.0,1,0,980R,2454,2026-04-30
元大南崁,2640.0,0,32,980Q,2454,2026-04-30
元大南崁,2625.0,0,161,980Q,2454,2026-04-30
元大沙鹿,2640.0,0,79,980d,2454,2026-04-30
元大南崁,2615.0,50,1000,980Q,2454,2026-04-30
元大南崁,2590.0,0,10,980Q,2454,2026-04-30
元大虎尾,2665.0,0,2000,980l,2454,2026-04-30
元大虎尾,2650.0,2,0,980l,2454,2026-04-30
元大虎尾,2640.0,0,11,980l,2454,2026-04-30
元大虎尾,2630.0,1000,0,980l,2454,2026-04-30
元大虎尾,2620.0,0,16,980l,2454,2026-04-30
元大虎尾,2610.0,120,1,980l,2454,2026-04-30
元大虎尾,2595.0,10,0,980l,2454,2026-04-30
元大虎尾,2580.0,1000,30,980l,2454,2026-04-30
元大竹科,2675.0,0,1000,980K,2454,2026-04-30
元大竹科,2645.0,1,0,980K,2454,2026-04-30
元大竹科,2635.0,2207,25,980K,2454,2026-04-30
元大竹科,2625.0,326,1215,980K,2454,2026-04-30
元大南崁,2605.0,0,110,980Q,2454,2026-04-30
富邦嘉義,2640.0,2,256,9692,2454,2026-04-30
元大沙鹿,2630.0,2530,310,980d,2454,2026-04-30
元大沙鹿,2610.0,12,73,980d,2454,2026-04-30
元大,2625.0,69150,34255,9800,2454,2026-04-30
元大,2615.0,19447,48012,9800,2454,2026-04-30
元大,2605.0,25098,19774,9800,2454,2026-04-30
元大,2595.0,13063,38042,9800,2454,2026-04-30
元大,2585.0,45317,217500,9800,2454,2026-04-30
元大,2575.0,16006,40020,9800,2454,2026-04-30
元大,2565.0,5000,0,9800,2454,2026-04-30
富邦北港,2645.0,3,0,969C,2454,2026-04-30
富邦北港,2630.0,2,40,969C,2454,2026-04-30
富邦北港,2620.0,0,10,969C,2454,2026-04-30
富邦北港,2605.0,8,0,969C,2454,2026-04-30
富邦北港,2575.0,5,0,969C,2454,2026-04-30
富邦虎尾,2650.0,1,0,9697,2454,2026-04-30
富邦虎尾,2635.0,0,1000,9697,2454,2026-04-30
富邦虎尾,2620.0,0,4000,9697,2454,2026-04-30
富邦虎尾,2610.0,2,0,9697,2454,2026-04-30
富邦虎尾,2595.0,20,2,9697,2454,2026-04-30
富邦新營,2675.0,1000,0,9693,2454,2026-04-30
富邦新營,2665.0,5000,0,9693,2454,2026-04-30
富邦新營,2645.0,5,0,9693,2454,2026-04-30
富邦新營,2630.0,0,6010,9693,2454,2026-04-30
富邦新營,2620.0,0,20,9693,2454,2026-04-30
富邦新營,2610.0,1004,1010,9693,2454,2026-04-30
富邦新營,2600.0,10,5,9693,2454,2026-04-30
富邦新營,2585.0,0,5,9693,2454,2026-04-30
富邦新營,2575.0,0,20,9693,2454,2026-04-30
富邦嘉義,2660.0,1000,0,9692,2454,2026-04-30
元大,2635.0,69059,69136,9800,2454,2026-04-30
元大,2645.0,45003,12007,9800,2454,2026-04-30
元大,2655.0,6010,12000,9800,2454,2026-04-30
元大,2665.0,8000,97000,9800,2454,2026-04-30
元大沙鹿,2600.0,130,20,980d,2454,2026-04-30
元大沙鹿,2590.0,10,50,980d,2454,2026-04-30
元大沙鹿,2580.0,113,10,980d,2454,2026-04-30
元大斗六,2655.0,0,5,980C,2454,2026-04-30
元大斗六,2635.0,36,155,980C,2454,2026-04-30
元大斗六,2625.0,0,1126,980C,2454,2026-04-30
元大斗六,2615.0,20,0,980C,2454,2026-04-30
元大斗六,2605.0,620,0,980C,2454,2026-04-30
元大斗六,2595.0,10,1020,980C,2454,2026-04-30
元大斗六,2575.0,1020,0,980C,2454,2026-04-30
元大中北,2665.0,0,3000,980a,2454,2026-04-30
元大中北,2650.0,0,55,980a,2454,2026-04-30
元大中北,2640.0,1000,1040,980a,2454,2026-04-30
元大沙鹿,2620.0,36,18,980d,2454,2026-04-30
元大中北,2630.0,1005,1000,980a,2454,2026-04-30
元大中北,2610.0,35,2000,980a,2454,2026-04-30
元大中北,2600.0,4010,2000,980a,2454,2026-04-30
元大中北,2590.0,4020,10,980a,2454,2026-04-30
元大中北,2580.0,150,0,980a,2454,2026-04-30
元大松江,2665.0,0,1000,9801,2454,2026-04-30
元大松江,2645.0,3,0,9801,2454,2026-04-30
元大松江,2635.0,200,2023,9801,2454,2026-04-30
元大松江,2625.0,2002,0,9801,2454,2026-04-30
元大松江,2610.0,1000,1000,9801,2454,2026-04-30
元大松江,2600.0,0,20,9801,2454,2026-04-30
元大松江,2585.0,1005,0,9801,2454,2026-04-30
元大松江,2575.0,1002,0,9801,2454,2026-04-30
元大,2675.0,8000,29000,9800,2454,2026-04-30
元大中北,2620.0,30,40,980a,2454,2026-04-30
富邦建國,2575.0,6,1000,9658,2454,2026-04-30
富邦苗栗,2635.0,2,510,9657,2454,2026-04-30
富邦苗栗,2625.0,3,0,9657,2454,2026-04-30
富邦台北,2590.0,20,1050,9623,2454,2026-04-30
富邦台北,2580.0,510,50,9623,2454,2026-04-30
富邦花蓮,2675.0,1000,0,9621,2454,2026-04-30
富邦花蓮,2650.0,12,0,9621,2454,2026-04-30
富邦花蓮,2635.0,1000,0,9621,2454,2026-04-30
富邦花蓮,2625.0,3,0,9621,2454,2026-04-30
富邦花蓮,2615.0,0,10,9621,2454,2026-04-30
富邦花蓮,2600.0,22,0,9621,2454,2026-04-30
富邦花蓮,2580.0,30,0,9621,2454,2026-04-30
富邦永康,2665.0,0,1000,961Z,2454,2026-04-30
富邦永康,2645.0,0,1002,961Z,2454,2026-04-30
富邦永康,2635.0,16,12,961Z,2454,2026-04-30
富邦永康,2625.0,100,57,961Z,2454,2026-04-30
富邦永康,2615.0,1,7,961Z,2454,2026-04-30
富邦永康,2605.0,0,5,961Z,2454,2026-04-30
富邦永康,2595.0,1,1,961Z,2454,2026-04-30
富邦永康,2585.0,50,1,961Z,2454,2026-04-30
富邦屏東,2635.0,0,15,961Y,2454,2026-04-30
富邦屏東,2625.0,10,1,961Y,2454,2026-04-30
富邦屏東,2615.0,0,65,961Y,2454,2026-04-30
富邦屏東,2600.0,1006,0,961Y,2454,2026-04-30
富邦屏東,2585.0,2,0,961Y,2454,2026-04-30
富邦南員,2655.0,0,10,961R,2454,2026-04-30
富邦南員,2640.0,0,1,961R,2454,2026-04-30
富邦南員,2630.0,0,270,961R,2454,2026-04-30
富邦南員,2620.0,20,60,961R,2454,2026-04-30
富邦南員,2610.0,1050,10,961R,2454,2026-04-30
富邦台北,2600.0,3237,125,9623,2454,2026-04-30
富邦台北,2610.0,1528,5699,9623,2454,2026-04-30
富邦台北,2620.0,1309,1096,9623,2454,2026-04-30
富邦台北,2630.0,3036,1046,9623,2454,2026-04-30
富邦內湖,2650.0,0,2232,9627,2454,2026-04-30
富邦內湖,2635.0,120,150,9627,2454,2026-04-30
富邦內湖,2625.0,1022,568,9627,2454,2026-04-30
富邦內湖,2615.0,102,52,9627,2454,2026-04-30
富邦內湖,2605.0,70,22,9627,2454,2026-04-30
富邦內湖,2595.0,1025,1050,9627,2454,2026-04-30
富邦內湖,2585.0,0,255,9627,2454,2026-04-30
富邦內湖,2575.0,18,31,9627,2454,2026-04-30
富邦竹東,2650.0,0,4,9625,2454,2026-04-30
富邦竹東,2640.0,10,0,9625,2454,2026-04-30
富邦竹東,2630.0,10,0,9625,2454,2026-04-30
富邦竹東,2620.0,122,160,9625,2454,2026-04-30
富邦竹東,2610.0,22,1060,9625,2454,2026-04-30
富邦南員,2600.0,13,100,961R,2454,2026-04-30
富邦竹東,2600.0,2,0,9625,2454,2026-04-30
富邦竹東,2580.0,20000,15,9625,2454,2026-04-30
富邦竹北,2655.0,50,1000,9624,2454,2026-04-30
富邦竹北,2645.0,21,90,9624,2454,2026-04-30
富邦竹北,2635.0,0,1283,9624,2454,2026-04-30
富邦竹北,2625.0,220,1153,9624,2454,2026-04-30
富邦竹北,2615.0,6,10,9624,2454,2026-04-30
富邦竹北,2605.0,2050,1001,9624,2454,2026-04-30
富邦竹北,2590.0,324,25,9624,2454,2026-04-30
富邦竹北,2580.0,2012,52,9624,2454,2026-04-30
富邦台北,2675.0,1000,0,9623,2454,2026-04-30
富邦台北,2665.0,0,1000,9623,2454,2026-04-30
富邦台北,2650.0,1126,2213,9623,2454,2026-04-30
富邦台北,2640.0,5,35,9623,2454,2026-04-30
富邦竹東,2590.0,0,10,9625,2454,2026-04-30
富邦內湖,2660.0,0,1000,9627,2454,2026-04-30
富邦南員,2585.0,5,0,961R,2454,2026-04-30
富邦和美,2645.0,0,2,961P,2454,2026-04-30
富邦新板,2625.0,6,19,961H,2454,2026-04-30
富邦新板,2615.0,0,10,961H,2454,2026-04-30
富邦新板,2605.0,0,5,961H,2454,2026-04-30
富邦新板,2585.0,50,15,961H,2454,2026-04-30
富邦公益,2670.0,1000,0,961F,2454,2026-04-30
富邦公益,2655.0,0,6,961F,2454,2026-04-30
富邦公益,2645.0,10,5,961F,2454,2026-04-30
富邦公益,2635.0,80,20,961F,2454,2026-04-30
富邦公益,2625.0,111,25,961F,2454,2026-04-30
富邦公益,2615.0,1,24,961F,2454,2026-04-30
富邦公益,2605.0,126,30,961F,2454,2026-04-30
富邦公益,2595.0,1,10,961F,2454,2026-04-30
富邦公益,2585.0,1190,10,961F,2454,2026-04-30
富邦公益,2575.0,10,100,961F,2454,2026-04-30
富邦南京,2650.0,0,15,961C,2454,2026-04-30
富邦南京,2640.0,2005,1100,961C,2454,2026-04-30
富邦南京,2630.0,120,1090,961C,2454,2026-04-30
富邦南京,2620.0,2000,214,961C,2454,2026-04-30
富邦南京,2610.0,1010,2057,961C,2454,2026-04-30
富邦南京,2600.0,1041,1070,961C,2454,2026-04-30
富邦南京,2585.0,3050,1050,961C,2454,2026-04-30
富邦南京,2575.0,58,1000,961C,2454,2026-04-30
富邦岡山,2655.0,1,0,9616,2454,2026-04-30
富邦岡山,2645.0,0,1,9616,2454,2026-04-30
富邦岡山,2635.0,0,1,9616,2454,2026-04-30
富邦岡山,2620.0,200,42,9616,2454,2026-04-30
富邦岡山,2610.0,0,75,9616,2454,2026-04-30
富邦新板,2635.0,10,200,961H,2454,2026-04-30
富邦新板,2650.0,5000,0,961H,2454,2026-04-30
富邦七賢,2575.0,52,0,961K,2454,2026-04-30
富邦七賢,2585.0,102,10,961K,2454,2026-04-30
富邦和美,2635.0,0,108,961P,2454,2026-04-30
富邦和美,2625.0,10,1022,961P,2454,2026-04-30
富邦和美,2615.0,10,51,961P,2454,2026-04-30
富邦和美,2600.0,0,20,961P,2454,2026-04-30
富邦和美,2585.0,0,10,961P,2454,2026-04-30
富邦和美,2575.0,1000,1000,961P,2454,2026-04-30
富邦青埔,2650.0,0,2150,961N,2454,2026-04-30
富邦青埔,2640.0,106,0,961N,2454,2026-04-30
富邦青埔,2630.0,11050,1053,961N,2454,2026-04-30
富邦青埔,2620.0,35,20,961N,2454,2026-04-30
富邦青埔,2600.0,100,2000,961N,2454,2026-04-30
富邦青埔,2590.0,101,0,961N,2454,2026-04-30
富邦青埔,2580.0,0,166,961N,2454,2026-04-30
富邦和美,2675.0,1000,0,961P,2454,2026-04-30
富邦木柵,2660.0,0,3000,961M,2454,2026-04-30
富邦木柵,2640.0,0,20,961M,2454,2026-04-30
富邦木柵,2630.0,0,2,961M,2454,2026-04-30
富邦木柵,2620.0,70,0,961M,2454,2026-04-30
富邦木柵,2600.0,20,0,961M,2454,2026-04-30
富邦木柵,2590.0,1003,10,961M,2454,2026-04-30
富邦木柵,2580.0,100,0,961M,2454,2026-04-30
富邦七賢,2665.0,1000,0,961K,2454,2026-04-30
富邦七賢,2655.0,1015,0,961K,2454,2026-04-30
富邦七賢,2645.0,0,14,961K,2454,2026-04-30
富邦七賢,2635.0,30,1044,961K,2454,2026-04-30
富邦七賢,2625.0,0,1004,961K,2454,2026-04-30
富邦七賢,2615.0,21,10,961K,2454,2026-04-30
富邦七賢,2600.0,1010,0,961K,2454,2026-04-30
富邦木柵,2650.0,1,12,961M,2454,2026-04-30
富邦南港,2580.0,2,1000,962A,2454,2026-04-30
富邦南港,2590.0,4,0,962A,2454,2026-04-30
富邦南港,2600.0,6,11,962A,2454,2026-04-30
富邦新竹,2585.0,4030,45,9647,2454,2026-04-30
富邦新竹,2575.0,1116,80,9647,2454,2026-04-30
富邦豐原,2640.0,0,4,963L,2454,2026-04-30
富邦豐原,2610.0,0,270,963L,2454,2026-04-30
富邦豐原,2600.0,120,1000,963L,2454,2026-04-30
富邦豐原,2580.0,1000,0,963L,2454,2026-04-30
富邦八德,2650.0,0,1505,963A,2454,2026-04-30
富邦八德,2640.0,1,1104,963A,2454,2026-04-30
富邦八德,2630.0,1000,22,963A,2454,2026-04-30
富邦八德,2620.0,55,102,963A,2454,2026-04-30
富邦八德,2610.0,101,30,963A,2454,2026-04-30
富邦八德,2600.0,5,1,963A,2454,2026-04-30
富邦八德,2590.0,50,12,963A,2454,2026-04-30
富邦八德,2580.0,100,1000,963A,2454,2026-04-30
富邦中壢,2665.0,2000,0,9636,2454,2026-04-30
富邦中壢,2650.0,5,2201,9636,2454,2026-04-30
富邦中壢,2635.0,1005,104,9636,2454,2026-04-30
富邦中壢,2625.0,13,365,9636,2454,2026-04-30
富邦中壢,2615.0,3,1011,9636,2454,2026-04-30
富邦中壢,2605.0,30,7,9636,2454,2026-04-30
富邦中壢,2595.0,150,0,9636,2454,2026-04-30
富邦中壢,2585.0,0,217,9636,2454,2026-04-30
富邦中壢,2575.0,65,52,9636,2454,2026-04-30
富邦羅東,2650.0,0,1002,9634,2454,2026-04-30
富邦羅東,2640.0,8,1000,9634,2454,2026-04-30
富邦羅東,2630.0,1,257,9634,2454,2026-04-30
富邦羅東,2620.0,1002,362,9634,2454,2026-04-30
富邦新竹,2595.0,1188,1000,9647,2454,2026-04-30
富邦新竹,2605.0,2107,2150,9647,2454,2026-04-30
富邦新竹,2615.0,31,1151,9647,2454,2026-04-30
富邦新竹,2625.0,1551,258,9647,2454,2026-04-30
富邦苗栗,2615.0,10,30,9657,2454,2026-04-30
富邦苗栗,2605.0,0,100,9657,2454,2026-04-30
富邦苗栗,2595.0,21,2,9657,2454,2026-04-30
富邦苗栗,2585.0,124,1,9657,2454,2026-04-30
富邦苗栗,2575.0,1,0,9657,2454,2026-04-30
富邦板橋,2665.0,2000,1000,9655,2454,2026-04-30
富邦板橋,2655.0,1000,130,9655,2454,2026-04-30
富邦板橋,2645.0,1000,620,9655,2454,2026-04-30
富邦板橋,2635.0,2063,1270,9655,2454,2026-04-30
富邦板橋,2625.0,311,1470,9655,2454,2026-04-30
富邦板橋,2615.0,32,2096,9655,2454,2026-04-30
富邦板橋,2605.0,215,115,9655,2454,2026-04-30
富邦板橋,2595.0,1563,83,9655,2454,2026-04-30
富邦羅東,2610.0,1010,2050,9634,2454,2026-04-30
富邦板橋,2585.0,1009,1100,9655,2454,2026-04-30
富邦永和,2660.0,1000,0,9654,2454,2026-04-30
富邦永和,2650.0,100,1061,9654,2454,2026-04-30
富邦永和,2640.0,0,36,9654,2454,2026-04-30
富邦永和,2630.0,2000,2075,9654,2454,2026-04-30
富邦永和,2620.0,158,73,9654,2454,2026-04-30
富邦永和,2610.0,1,2166,9654,2454,2026-04-30
富邦永和,2600.0,27,1054,9654,2454,2026-04-30
富邦永和,2590.0,1,183,9654,2454,2026-04-30
富邦永和,2580.0,137,0,9654,2454,2026-04-30
富邦永和,2570.0,0,1000,9654,2454,2026-04-30
富邦新竹,2655.0,0,2160,9647,2454,2026-04-30
富邦新竹,2645.0,0,2050,9647,2454,2026-04-30
富邦新竹,2635.0,1108,3092,9647,2454,2026-04-30
富邦板橋,2575.0,1028,1,9655,2454,2026-04-30
富邦羅東,2600.0,109,0,9634,2454,2026-04-30
富邦羅東,2590.0,111,1010,9634,2454,2026-04-30
富邦羅東,2580.0,11,13,9634,2454,2026-04-30
富邦樹林,2585.0,10,51,962E,2454,2026-04-30
富邦樹林,2575.0,25,0,962E,2454,2026-04-30
富邦新莊,2655.0,20,3001,962D,2454,2026-04-30
富邦新莊,2645.0,1,0,962D,2454,2026-04-30
富邦新莊,2630.0,1080,1050,962D,2454,2026-04-30
富邦新莊,2615.0,100,1000,962D,2454,2026-04-30
富邦新莊,2600.0,110,0,962D,2454,2026-04-30
富邦新莊,2590.0,1050,0,962D,2454,2026-04-30
富邦新莊,2580.0,40,0,962D,2454,2026-04-30
富邦竹科,2660.0,0,1000,962C,2454,2026-04-30
富邦竹科,2650.0,0,3,962C,2454,2026-04-30
富邦竹科,2640.0,0,50,962C,2454,2026-04-30
富邦竹科,2630.0,1010,300,962C,2454,2026-04-30
富邦樹林,2605.0,11,0,962E,2454,2026-04-30
富邦竹科,2620.0,60,61,962C,2454,2026-04-30
富邦竹科,2600.0,223,300,962C,2454,2026-04-30
富邦竹科,2585.0,1551,12,962C,2454,2026-04-30
富邦竹科,2575.0,101,0,962C,2454,2026-04-30
富邦二林,2645.0,0,2,962B,2454,2026-04-30
富邦二林,2635.0,0,1,962B,2454,2026-04-30
富邦二林,2610.0,10,0,962B,2454,2026-04-30
富邦二林,2600.0,50,0,962B,2454,2026-04-30
富邦二林,2580.0,20,0,962B,2454,2026-04-30
富邦南港,2650.0,1,0,962A,2454,2026-04-30
富邦南港,2640.0,0,5,962A,2454,2026-04-30
富邦南港,2630.0,0,208,962A,2454,2026-04-30
富邦南港,2620.0,143,40,962A,2454,2026-04-30
富邦南港,2610.0,1000,1100,962A,2454,2026-04-30
富邦竹科,2610.0,50,0,962C,2454,2026-04-30
元大西屯,2590.0,2,90,980w,2454,2026-04-30
富邦樹林,2615.0,0,4,962E,2454,2026-04-30
富邦樹林,2635.0,1000,70,962E,2454,2026-04-30
富邦北高,2675.0,0,1000,962Q,2454,2026-04-30
富邦北高,2645.0,10,40,962Q,2454,2026-04-30
富邦北高,2625.0,48,20,962Q,2454,2026-04-30
富邦北高,2615.0,10,0,962Q,2454,2026-04-30
富邦北高,2605.0,50,0,962Q,2454,2026-04-30
富邦北高,2595.0,1000,0,962Q,2454,2026-04-30
富邦北高,2580.0,0,53,962Q,2454,2026-04-30
富邦頭份,2660.0,4000,0,962P,2454,2026-04-30
富邦頭份,2640.0,0,100,962P,2454,2026-04-30
富邦頭份,2630.0,0,110,962P,2454,2026-04-30
富邦頭份,2620.0,1100,55,962P,2454,2026-04-30
富邦頭份,2610.0,1,2140,962P,2454,2026-04-30
富邦頭份,2600.0,0,1013,962P,2454,2026-04-30
富邦樹林,2625.0,65,1130,962E,2454,2026-04-30
富邦頭份,2590.0,9,0,962P,2454,2026-04-30
富邦三峽,2670.0,1000,0,962J,2454,2026-04-30
富邦三峽,2645.0,0,10,962J,2454,2026-04-30
富邦三峽,2620.0,3,0,962J,2454,2026-04-30
富邦三峽,2590.0,0,20,962J,2454,2026-04-30
富邦三峽,2580.0,211,0,962J,2454,2026-04-30
富邦斗六,2645.0,20,1,962G,2454,2026-04-30
富邦斗六,2630.0,1,10,962G,2454,2026-04-30
富邦斗六,2620.0,31,0,962G,2454,2026-04-30
富邦斗六,2610.0,0,10,962G,2454,2026-04-30
富邦斗六,2600.0,96,0,962G,2454,2026-04-30
富邦斗六,2590.0,10,0,962G,2454,2026-04-30
富邦斗六,2580.0,3,54,962G,2454,2026-04-30
富邦樹林,2650.0,0,260,962E,2454,2026-04-30
富邦頭份,2580.0,100,0,962P,2454,2026-04-30
花旗環球,2585.0,2000,5000,1590,2454,2026-04-30
富邦青埔,2610.0,2,0,961N,2454,2026-04-30
港商野村,2655.0,0,1000,1560,2454,2026-04-30
玉山台南,2650.0,0,1050,8847,2454,2026-04-30
玉山嘉義,2575.0,3,3000,8848,2454,2026-04-30
玉山嘉義,2585.0,1003,0,8848,2454,2026-04-30
玉山嘉義,2600.0,1007,150,8848,2454,2026-04-30
玉山嘉義,2610.0,5021,2165,8848,2454,2026-04-30
玉山嘉義,2620.0,0,5,8848,2454,2026-04-30
玉山嘉義,2630.0,1000,7193,8848,2454,2026-04-30
玉山嘉義,2650.0,0,206,8848,2454,2026-04-30
玉山景美,2575.0,60,0,8849,2454,2026-04-30
玉山景美,2585.0,205,110,8849,2454,2026-04-30
玉山景美,2600.0,206,0,8849,2454,2026-04-30
玉山景美,2610.0,3006,3485,8849,2454,2026-04-30
玉山景美,2620.0,1109,265,8849,2454,2026-04-30
玉山景美,2630.0,110,27,8849,2454,2026-04-30
玉山景美,2640.0,2000,20,8849,2454,2026-04-30
玉山景美,2655.0,0,1000,8849,2454,2026-04-30
玉山士林,2575.0,7,0,884A,2454,2026-04-30
玉山士林,2585.0,1010,110,884A,2454,2026-04-30
玉山士林,2595.0,10,5,884A,2454,2026-04-30
玉山士林,2605.0,0,55,884A,2454,2026-04-30
玉山士林,2615.0,55,1029,884A,2454,2026-04-30
玉山士林,2625.0,10,175,884A,2454,2026-04-30
玉山士林,2635.0,25,5,884A,2454,2026-04-30
玉山士林,2645.0,10,0,884A,2454,2026-04-30
玉山士林,2655.0,0,1005,884A,2454,2026-04-30
玉山士林,2665.0,0,1000,884A,2454,2026-04-30
玉山台中,2575.0,28,1040,884B,2454,2026-04-30
玉山台南,2640.0,25,10,8847,2454,2026-04-30
玉山台南,2630.0,390,161,8847,2454,2026-04-30
玉山台南,2620.0,35,60,8847,2454,2026-04-30
玉山台南,2610.0,21,1030,8847,2454,2026-04-30
玉山新莊,2590.0,63,0,8842,2454,2026-04-30
玉山新莊,2600.0,1,7,8842,2454,2026-04-30
玉山新莊,2615.0,10,1020,8842,2454,2026-04-30
玉山新莊,2625.0,333,5,8842,2454,2026-04-30
玉山新莊,2635.0,1000,0,8842,2454,2026-04-30
玉山新莊,2645.0,0,2001,8842,2454,2026-04-30
玉山新莊,2655.0,5,0,8842,2454,2026-04-30
玉山新莊,2675.0,1000,0,8842,2454,2026-04-30
玉山高雄,2580.0,30,4,8843,2454,2026-04-30
玉山高雄,2590.0,21,2006,8843,2454,2026-04-30
玉山高雄,2600.0,1023,11,8843,2454,2026-04-30
玉山高雄,2610.0,131,2094,8843,2454,2026-04-30
玉山高雄,2620.0,90,333,8843,2454,2026-04-30
玉山台中,2585.0,43,2455,884B,2454,2026-04-30
玉山高雄,2630.0,1017,72,8843,2454,2026-04-30
玉山高雄,2650.0,1035,234,8843,2454,2026-04-30
玉山高雄,2670.0,1000,0,8843,2454,2026-04-30
玉山板橋,2580.0,10001,0,8846,2454,2026-04-30
玉山板橋,2590.0,1100,5,8846,2454,2026-04-30
玉山板橋,2600.0,25,1,8846,2454,2026-04-30
玉山板橋,2610.0,1,1240,8846,2454,2026-04-30
玉山板橋,2620.0,1,305,8846,2454,2026-04-30
玉山板橋,2630.0,64,40,8846,2454,2026-04-30
玉山板橋,2640.0,0,3060,8846,2454,2026-04-30
玉山板橋,2650.0,50,110,8846,2454,2026-04-30
玉山台南,2575.0,2,202,8847,2454,2026-04-30
玉山台南,2585.0,1002,104,8847,2454,2026-04-30
玉山台南,2600.0,30,140,8847,2454,2026-04-30
玉山高雄,2640.0,50,170,8843,2454,2026-04-30
玉山新莊,2580.0,19,0,8842,2454,2026-04-30
玉山台中,2595.0,35,2,884B,2454,2026-04-30
玉山台中,2615.0,307,1,884B,2454,2026-04-30
玉山桃園,2600.0,1130,95,884F,2454,2026-04-30
玉山桃園,2610.0,3050,1030,884F,2454,2026-04-30
玉山桃園,2620.0,1060,205,884F,2454,2026-04-30
玉山桃園,2630.0,2000,4106,884F,2454,2026-04-30
玉山桃園,2640.0,1000,0,884F,2454,2026-04-30
玉山桃園,2650.0,5,2156,884F,2454,2026-04-30
玉山桃園,2680.0,0,1000,884F,2454,2026-04-30
玉山新竹,2580.0,4000,10,884H,2454,2026-04-30
玉山新竹,2590.0,91,0,884H,2454,2026-04-30
玉山新竹,2600.0,1006,20,884H,2454,2026-04-30
玉山新竹,2610.0,30,1000,884H,2454,2026-04-30
玉山新竹,2620.0,151,2109,884H,2454,2026-04-30
玉山新竹,2630.0,0,50,884H,2454,2026-04-30
玉山新竹,2640.0,0,73,884H,2454,2026-04-30
玉山新竹,2650.0,0,2072,884H,2454,2026-04-30
玉山大里,2575.0,1010,0,884J,2454,2026-04-30
玉山大里,2585.0,2055,0,884J,2454,2026-04-30
玉山大里,2595.0,2,79,884J,2454,2026-04-30
玉山大里,2605.0,55,1000,884J,2454,2026-04-30
玉山大里,2615.0,205,1001,884J,2454,2026-04-30
玉山大里,2625.0,208,1120,884J,2454,2026-04-30
玉山大里,2635.0,0,1071,884J,2454,2026-04-30
玉山大里,2645.0,0,100,884J,2454,2026-04-30
玉山大里,2655.0,0,10,884J,2454,2026-04-30
玉山數位,2575.0,202,65,884M,2454,2026-04-30
玉山數位,2585.0,40,20,884M,2454,2026-04-30
玉山數位,2595.0,6,10,884M,2454,2026-04-30
玉山桃園,2580.0,2,50,884F,2454,2026-04-30
玉山城中,2670.0,1000,0,884E,2454,2026-04-30
玉山城中,2650.0,5,96,884E,2454,2026-04-30
玉山城中,2640.0,0,23,884E,2454,2026-04-30
玉山台中,2625.0,2005,1149,884B,2454,2026-04-30
玉山台中,2635.0,58,3021,884B,2454,2026-04-30
玉山台中,2645.0,0,3001,884B,2454,2026-04-30
玉山台中,2660.0,1000,0,884B,2454,2026-04-30
玉山台中,2675.0,3000,0,884B,2454,2026-04-30
玉山信義,2580.0,6,2,884C,2454,2026-04-30
玉山信義,2590.0,1000,0,884C,2454,2026-04-30
玉山信義,2605.0,0,200,884C,2454,2026-04-30
玉山信義,2615.0,8,67,884C,2454,2026-04-30
玉山信義,2625.0,84,130,884C,2454,2026-04-30
玉山信義,2635.0,5,10,884C,2454,2026-04-30
玉山信義,2645.0,0,30,884C,2454,2026-04-30
玉山信義,2665.0,0,1000,884C,2454,2026-04-30
玉山台中,2605.0,0,95,884B,2454,2026-04-30
玉山左營,2580.0,1002,5,884D,2454,2026-04-30
玉山左營,2600.0,51,2000,884D,2454,2026-04-30
玉山左營,2610.0,1021,2087,884D,2454,2026-04-30
玉山左營,2620.0,5,2155,884D,2454,2026-04-30
玉山左營,2630.0,1000,1012,884D,2454,2026-04-30
玉山左營,2640.0,1000,1020,884D,2454,2026-04-30
玉山左營,2650.0,0,2520,884D,2454,2026-04-30
玉山左營,2675.0,1000,0,884D,2454,2026-04-30
玉山城中,2580.0,2,2000,884E,2454,2026-04-30
玉山城中,2590.0,1060,0,884E,2454,2026-04-30
玉山城中,2600.0,67,1000,884E,2454,2026-04-30
玉山城中,2610.0,11,22,884E,2454,2026-04-30
玉山城中,2620.0,0,138,884E,2454,2026-04-30
玉山城中,2630.0,14,1007,884E,2454,2026-04-30
玉山左營,2590.0,1000,0,884D,2454,2026-04-30
玉山數位,2605.0,90,6,884M,2454,2026-04-30
玉山雙和,2670.0,1000,0,8841,2454,2026-04-30
玉山雙和,2650.0,0,1120,8841,2454,2026-04-30
新光高雄,2675.0,1000,0,8562,2454,2026-04-30
新光新竹,2575.0,2070,19,8563,2454,2026-04-30
新光新竹,2585.0,1065,3823,8563,2454,2026-04-30
新光新竹,2595.0,58,13,8563,2454,2026-04-30
新光新竹,2605.0,1051,164,8563,2454,2026-04-30
新光新竹,2615.0,2005,107,8563,2454,2026-04-30
新光新竹,2625.0,4112,1284,8563,2454,2026-04-30
新光新竹,2635.0,1020,1208,8563,2454,2026-04-30
新光新竹,2645.0,100,1071,8563,2454,2026-04-30
新光新竹,2655.0,41,5009,8563,2454,2026-04-30
新光台南,2575.0,2,0,8564,2454,2026-04-30
新光台南,2585.0,1013,1005,8564,2454,2026-04-30
新光台南,2595.0,70,200,8564,2454,2026-04-30
新光台南,2605.0,144,1005,8564,2454,2026-04-30
新光台南,2615.0,10,1035,8564,2454,2026-04-30
新光台南,2625.0,1000,204,8564,2454,2026-04-30
新光台南,2635.0,10,25,8564,2454,2026-04-30
新光台南,2645.0,1000,2014,8564,2454,2026-04-30
新光台南,2655.0,0,5,8564,2454,2026-04-30
新光台南,2675.0,1000,1000,8564,2454,2026-04-30
新光桃園,2580.0,1004,10,8565,2454,2026-04-30
新光桃園,2590.0,1511,0,8565,2454,2026-04-30
新光桃園,2600.0,1009,9,8565,2454,2026-04-30
新光桃園,2610.0,40,1011,8565,2454,2026-04-30
新光桃園,2620.0,271,4045,8565,2454,2026-04-30
新光桃園,2630.0,13,3211,8565,2454,2026-04-30
新光桃園,2640.0,0,31,8565,2454,2026-04-30
新光高雄,2655.0,0,10,8562,2454,2026-04-30
新光高雄,2645.0,25,2011,8562,2454,2026-04-30
新光高雄,2635.0,1010,36,8562,2454,2026-04-30
新光高雄,2625.0,1311,2509,8562,2454,2026-04-30
中農,2580.0,40,0,8520,2454,2026-04-30
中農,2610.0,15,30,8520,2454,2026-04-30
中農,2630.0,30,0,8520,2454,2026-04-30
新光,2580.0,4983,587,8560,2454,2026-04-30
新光,2590.0,7385,81,8560,2454,2026-04-30
新光,2600.0,4114,3509,8560,2454,2026-04-30
新光,2610.0,1252,5405,8560,2454,2026-04-30
新光,2620.0,3278,7748,8560,2454,2026-04-30
新光,2630.0,12057,10688,8560,2454,2026-04-30
新光,2640.0,80,6388,8560,2454,2026-04-30
新光,2650.0,2016,4304,8560,2454,2026-04-30
新光,2660.0,0,5000,8560,2454,2026-04-30
新光,2670.0,1000,0,8560,2454,2026-04-30
新光桃園,2650.0,1000,1000,8565,2454,2026-04-30
新光,2680.0,0,1000,8560,2454,2026-04-30
新光台中,2590.0,145,0,8561,2454,2026-04-30
新光台中,2600.0,2097,215,8561,2454,2026-04-30
新光台中,2610.0,2291,1456,8561,2454,2026-04-30
新光台中,2620.0,147,285,8561,2454,2026-04-30
新光台中,2630.0,1306,1068,8561,2454,2026-04-30
新光台中,2640.0,405,261,8561,2454,2026-04-30
新光台中,2650.0,1504,1,8561,2454,2026-04-30
新光台中,2665.0,0,1000,8561,2454,2026-04-30
新光台中,2685.0,0,1000,8561,2454,2026-04-30
新光高雄,2585.0,155,0,8562,2454,2026-04-30
新光高雄,2595.0,109,0,8562,2454,2026-04-30
新光高雄,2605.0,107,46,8562,2454,2026-04-30
新光高雄,2615.0,35,16,8562,2454,2026-04-30
新光台中,2580.0,265,35,8561,2454,2026-04-30
玉山雙和,2660.0,1000,0,8841,2454,2026-04-30
新光桃園,2670.0,1000,0,8565,2454,2026-04-30
聯邦,2590.0,2005,50,8580,2454,2026-04-30
陽信,2585.0,500,15,8710,2454,2026-04-30
陽信,2615.0,3,0,8710,2454,2026-04-30
陽信,2635.0,0,100,8710,2454,2026-04-30
陽信石牌,2580.0,10,0,8711,2454,2026-04-30
陽信石牌,2595.0,15,0,8711,2454,2026-04-30
陽信石牌,2610.0,1,0,8711,2454,2026-04-30
陽信石牌,2630.0,10000,50,8711,2454,2026-04-30
陽信高雄,2575.0,2000,0,8713,2454,2026-04-30
陽信台南,2580.0,1000,0,8714,2454,2026-04-30
陽信台中,2580.0,30,0,8715,2454,2026-04-30
陽信台中,2650.0,1000,0,8715,2454,2026-04-30
玉山,2575.0,320,0,8840,2454,2026-04-30
玉山,2585.0,68,25,8840,2454,2026-04-30
玉山,2595.0,150,1097,8840,2454,2026-04-30
玉山,2605.0,38,184,8840,2454,2026-04-30
玉山,2615.0,8,1001,8840,2454,2026-04-30
玉山,2625.0,2238,7193,8840,2454,2026-04-30
玉山,2635.0,7016,2255,8840,2454,2026-04-30
玉山,2645.0,9007,178,8840,2454,2026-04-30
玉山,2655.0,6065,10000,8840,2454,2026-04-30
玉山,2675.0,6000,1000,8840,2454,2026-04-30
玉山雙和,2580.0,1005,1045,8841,2454,2026-04-30
玉山雙和,2590.0,1051,0,8841,2454,2026-04-30
玉山雙和,2610.0,20,60,8841,2454,2026-04-30
玉山雙和,2620.0,77,1010,8841,2454,2026-04-30
玉山雙和,2630.0,0,4111,8841,2454,2026-04-30
玉山雙和,2640.0,0,9,8841,2454,2026-04-30
聯邦台南,2635.0,0,1003,8588,2454,2026-04-30
聯邦台南,2620.0,2,0,8588,2454,2026-04-30
聯邦台南,2595.0,1,0,8588,2454,2026-04-30
聯邦台南,2580.0,1000,7,8588,2454,2026-04-30
聯邦,2600.0,1,0,8580,2454,2026-04-30
聯邦,2625.0,100,0,8580,2454,2026-04-30
聯邦,2635.0,0,5000,8580,2454,2026-04-30
聯邦,2645.0,0,1000,8580,2454,2026-04-30
聯邦,2665.0,0,3000,8580,2454,2026-04-30
聯邦高雄,2585.0,0,18,8581,2454,2026-04-30
聯邦高雄,2595.0,1,0,8581,2454,2026-04-30
聯邦高雄,2625.0,60,0,8581,2454,2026-04-30
聯邦高雄,2645.0,0,1000,8581,2454,2026-04-30
聯邦嘉義,2580.0,4,4,8582,2454,2026-04-30
聯邦嘉義,2610.0,0,5,8582,2454,2026-04-30
聯邦忠孝,2580.0,0,10,8583,2454,2026-04-30
聯邦忠孝,2615.0,0,6,8583,2454,2026-04-30
聯邦,2580.0,21,0,8580,2454,2026-04-30
聯邦忠孝,2625.0,23,1,8583,2454,2026-04-30
聯邦雙和,2605.0,0,100,8584,2454,2026-04-30
聯邦雙和,2625.0,100,0,8584,2454,2026-04-30
聯邦雙和,2640.0,0,104,8584,2454,2026-04-30
聯邦三重,2575.0,0,1000,8585,2454,2026-04-30
聯邦三重,2585.0,12,0,8585,2454,2026-04-30
聯邦三重,2610.0,0,39,8585,2454,2026-04-30
聯邦三重,2625.0,10,100,8585,2454,2026-04-30
聯邦三重,2640.0,4,161,8585,2454,2026-04-30
聯邦大業,2580.0,2,0,8586,2454,2026-04-30
聯邦大業,2600.0,0,4,8586,2454,2026-04-30
聯邦大業,2620.0,2,0,8586,2454,2026-04-30
聯邦大業,2650.0,22,25,8586,2454,2026-04-30
聯邦興中,2640.0,0,10,8587,2454,2026-04-30
聯邦忠孝,2640.0,0,1,8583,2454,2026-04-30
京城嘉義,2650.0,0,1000,8492,2454,2026-04-30
玉山數位,2615.0,28,62,884M,2454,2026-04-30
玉山數位,2635.0,51,31,884M,2454,2026-04-30
群益海山,2640.0,0,1000,9108,2454,2026-04-30
群益海山,2665.0,6000,1000,9108,2454,2026-04-30
群益市府,2585.0,50,20,910D,2454,2026-04-30
群益市府,2600.0,2,0,910D,2454,2026-04-30
群益市府,2610.0,2000,1000,910D,2454,2026-04-30
群益市府,2625.0,0,10,910D,2454,2026-04-30
群益市府,2640.0,0,105,910D,2454,2026-04-30
群益市府,2665.0,0,2000,910D,2454,2026-04-30
群益民權,2575.0,2002,0,9131,2454,2026-04-30
群益民權,2585.0,0,100,9131,2454,2026-04-30
群益民權,2605.0,0,17,9131,2454,2026-04-30
群益民權,2615.0,25,0,9131,2454,2026-04-30
群益民權,2625.0,1060,20,9131,2454,2026-04-30
群益民權,2635.0,0,35,9131,2454,2026-04-30
群益民權,2645.0,0,1050,9131,2454,2026-04-30
群益開元,2580.0,0,15,9134,2454,2026-04-30
群益開元,2600.0,10,0,9134,2454,2026-04-30
群益開元,2615.0,0,20,9134,2454,2026-04-30
群益開元,2625.0,0,120,9134,2454,2026-04-30
群益開元,2635.0,0,1030,9134,2454,2026-04-30
群益開元,2660.0,0,1000,9134,2454,2026-04-30
群益東大,2575.0,0,1000,9135,2454,2026-04-30
群益東大,2585.0,0,1000,9135,2454,2026-04-30
群益東大,2595.0,1030,0,9135,2454,2026-04-30
群益東大,2610.0,100,1010,9135,2454,2026-04-30
群益東大,2620.0,50,2008,9135,2454,2026-04-30
群益東大,2630.0,3000,0,9135,2454,2026-04-30
群益海山,2625.0,100,0,9108,2454,2026-04-30
群益海山,2605.0,0,5,9108,2454,2026-04-30
群益海山,2585.0,13,0,9108,2454,2026-04-30
群益高盛,2660.0,0,1000,9105,2454,2026-04-30
群益,2580.0,3116,2120,9100,2454,2026-04-30
群益,2590.0,6012,10,9100,2454,2026-04-30
群益,2600.0,4001,2,9100,2454,2026-04-30
群益,2610.0,9026,9148,9100,2454,2026-04-30
群益,2620.0,10001,1025,9100,2454,2026-04-30
群益,2630.0,20005,45,9100,2454,2026-04-30
群益,2640.0,10001,10,9100,2454,2026-04-30
群益,2650.0,3000,1000,9100,2454,2026-04-30
群益,2660.0,3000,0,9100,2454,2026-04-30
群益,2670.0,6000,0,9100,2454,2026-04-30
群益,2680.0,1000,0,9100,2454,2026-04-30
群益敦南,2585.0,1002,0,9101,2454,2026-04-30
群益敦南,2610.0,6000,15,9101,2454,2026-04-30
群益東大,2665.0,1000,0,9135,2454,2026-04-30
群益敦南,2625.0,20,4000,9101,2454,2026-04-30
群益敦南,2645.0,1,3,9101,2454,2026-04-30
群益敦南,2660.0,0,3000,9101,2454,2026-04-30
群益松山,2570.0,1000,0,9103,2454,2026-04-30
群益松山,2590.0,1000,0,9103,2454,2026-04-30
群益松山,2610.0,0,10,9103,2454,2026-04-30
群益松山,2625.0,20,2000,9103,2454,2026-04-30
群益松山,2640.0,0,1000,9103,2454,2026-04-30
群益松山,2660.0,1000,0,9103,2454,2026-04-30
群益高盛,2600.0,10,25,9105,2454,2026-04-30
群益高盛,2610.0,0,1000,9105,2454,2026-04-30
群益高盛,2620.0,60,1,9105,2454,2026-04-30
群益高盛,2630.0,2000,0,9105,2454,2026-04-30
群益高盛,2645.0,0,12,9105,2454,2026-04-30
群益敦南,2635.0,2000,0,9101,2454,2026-04-30
上海匯豐,2665.0,74000,0,8960,2454,2026-04-30
群益東大,2675.0,1000,0,9135,2454,2026-04-30
群益西松,2595.0,0,5,9136,2454,2026-04-30
群益三重,2620.0,0,10,913g,2454,2026-04-30
群益三重,2630.0,0,2000,913g,2454,2026-04-30
群益三重,2640.0,0,1000,913g,2454,2026-04-30
群益屏東,2580.0,0,1,913H,2454,2026-04-30
群益屏東,2620.0,1000,0,913H,2454,2026-04-30
群益萬華,2585.0,21,0,913I,2454,2026-04-30
群益萬華,2600.0,61,0,913I,2454,2026-04-30
群益萬華,2610.0,2,0,913I,2454,2026-04-30
群益萬華,2620.0,43,0,913I,2454,2026-04-30
群益萬華,2630.0,0,10,913I,2454,2026-04-30
群益萬華,2640.0,2,0,913I,2454,2026-04-30
群益土城,2590.0,9,0,913N,2454,2026-04-30
群益土城,2610.0,30,5,913N,2454,2026-04-30
群益土城,2625.0,0,30,913N,2454,2026-04-30
群益土城,2650.0,0,10,913N,2454,2026-04-30
群益北高,2590.0,10,260,913R,2454,2026-04-30
群益北高,2610.0,0,2061,913R,2454,2026-04-30
群益北高,2620.0,0,94,913R,2454,2026-04-30
群益北高,2630.0,1001,305,913R,2454,2026-04-30
群益北高,2665.0,1000,0,913R,2454,2026-04-30
群益崇德,2580.0,3,0,913U,2454,2026-04-30
群益崇德,2600.0,0,11,913U,2454,2026-04-30
群益崇德,2610.0,1,1010,913U,2454,2026-04-30
群益崇德,2620.0,5,32,913U,2454,2026-04-30
群益崇德,2630.0,10,0,913U,2454,2026-04-30
群益崇德,2640.0,3,10,913U,2454,2026-04-30
群益崇德,2660.0,1000,0,913U,2454,2026-04-30
群益三重,2610.0,20,0,913g,2454,2026-04-30
群益三重,2600.0,0,200,913g,2454,2026-04-30
群益三重,2590.0,0,10,913g,2454,2026-04-30
群益三重,2580.0,0,200,913g,2454,2026-04-30
群益西松,2610.0,0,1000,9136,2454,2026-04-30
群益西松,2625.0,10,0,9136,2454,2026-04-30
群益西松,2635.0,0,5,9136,2454,2026-04-30
群益西松,2650.0,0,10,9136,2454,2026-04-30
群益西松,2675.0,0,1000,9136,2454,2026-04-30
群益士林,2580.0,15,10,9137,2454,2026-04-30
群益士林,2590.0,0,1000,9137,2454,2026-04-30
群益士林,2600.0,15,12,9137,2454,2026-04-30
群益士林,2610.0,10,20,9137,2454,2026-04-30
群益士林,2620.0,10,0,9137,2454,2026-04-30
群益士林,2630.0,0,1010,9137,2454,2026-04-30
群益士林,2640.0,1,20,9137,2454,2026-04-30
群益士林,2650.0,0,1000,9137,2454,2026-04-30
群益西松,2580.0,50,200,9136,2454,2026-04-30
群益士林,2675.0,1000,0,9137,2454,2026-04-30
群益中港,2635.0,0,10,9138,2454,2026-04-30
群益潭子,2575.0,1000,0,913D,2454,2026-04-30
群益潭子,2585.0,1001,30,913D,2454,2026-04-30
群益潭子,2595.0,1000,0,913D,2454,2026-04-30
群益潭子,2610.0,1,0,913D,2454,2026-04-30
群益潭子,2620.0,16,235,913D,2454,2026-04-30
群益潭子,2630.0,1005,1000,913D,2454,2026-04-30
群益潭子,2640.0,1000,0,913D,2454,2026-04-30
群益潭子,2655.0,1000,2000,913D,2454,2026-04-30
群益基隆,2575.0,0,1000,913E,2454,2026-04-30
群益基隆,2600.0,0,1,913E,2454,2026-04-30
群益基隆,2645.0,0,10,913E,2454,2026-04-30
群益基隆,2675.0,1000,0,913E,2454,2026-04-30
群益中港,2610.0,0,10,9138,2454,2026-04-30
玉山數位,2625.0,28,128,884M,2454,2026-04-30
上海匯豐,2625.0,600,0,8960,2454,2026-04-30
法銀巴黎,2665.0,0,4000,8900,2454,2026-04-30
國泰松江,2575.0,100,0,8883,2454,2026-04-30
國泰松江,2585.0,1026,31,8883,2454,2026-04-30
國泰松江,2595.0,22,0,8883,2454,2026-04-30
國泰松江,2605.0,87,64,8883,2454,2026-04-30
國泰松江,2615.0,160,48,8883,2454,2026-04-30
國泰松江,2625.0,20,115,8883,2454,2026-04-30
國泰松江,2635.0,1088,1185,8883,2454,2026-04-30
國泰松江,2645.0,30,2060,8883,2454,2026-04-30
國泰松江,2660.0,0,1000,8883,2454,2026-04-30
國泰台南,2580.0,63,102,8884,2454,2026-04-30
國泰台南,2590.0,171,63,8884,2454,2026-04-30
國泰台南,2600.0,1327,32,8884,2454,2026-04-30
國泰台南,2610.0,1025,1016,8884,2454,2026-04-30
國泰台南,2620.0,539,203,8884,2454,2026-04-30
國泰台南,2630.0,5180,2201,8884,2454,2026-04-30
國泰台南,2640.0,15,1078,8884,2454,2026-04-30
國泰台南,2650.0,5000,81,8884,2454,2026-04-30
國泰台南,2665.0,3000,1000,8884,2454,2026-04-30
國泰桃園,2580.0,122,0,8885,2454,2026-04-30
國泰桃園,2590.0,1032,0,8885,2454,2026-04-30
國泰桃園,2600.0,2117,1604,8885,2454,2026-04-30
國泰桃園,2610.0,1007,1058,8885,2454,2026-04-30
國泰桃園,2620.0,23,1452,8885,2454,2026-04-30
國泰桃園,2630.0,3118,2059,8885,2454,2026-04-30
國泰桃園,2640.0,3,55,8885,2454,2026-04-30
國泰桃園,2650.0,1160,3215,8885,2454,2026-04-30
國泰桃園,2665.0,1000,0,8885,2454,2026-04-30
國泰台中,2675.0,2000,0,8882,2454,2026-04-30
國泰台中,2660.0,3000,0,8882,2454,2026-04-30
國泰台中,2650.0,1114,1252,8882,2454,2026-04-30
國泰台中,2640.0,1001,3447,8882,2454,2026-04-30
玉山數位,2645.0,0,192,884M,2454,2026-04-30
玉山數位,2655.0,0,100,884M,2454,2026-04-30
國泰綜合,2580.0,1020,4000,8880,2454,2026-04-30
國泰綜合,2590.0,5058,17025,8880,2454,2026-04-30
國泰綜合,2600.0,1127,2100,8880,2454,2026-04-30
國泰綜合,2610.0,1029,6394,8880,2454,2026-04-30
國泰綜合,2620.0,1088,3125,8880,2454,2026-04-30
國泰綜合,2630.0,3039,8110,8880,2454,2026-04-30
國泰綜合,2640.0,99,1000,8880,2454,2026-04-30
國泰綜合,2650.0,38,2000,8880,2454,2026-04-30
國泰綜合,2665.0,0,1000,8880,2454,2026-04-30
國泰高雄,2575.0,1085,0,8881,2454,2026-04-30
國泰高雄,2585.0,66,111,8881,2454,2026-04-30
國泰桃園,2680.0,0,1000,8885,2454,2026-04-30
國泰高雄,2595.0,106,3030,8881,2454,2026-04-30
國泰高雄,2615.0,46,386,8881,2454,2026-04-30
國泰高雄,2625.0,1560,3369,8881,2454,2026-04-30
國泰高雄,2635.0,2245,2727,8881,2454,2026-04-30
國泰高雄,2645.0,1100,230,8881,2454,2026-04-30
國泰高雄,2655.0,0,15,8881,2454,2026-04-30
國泰高雄,2670.0,0,1000,8881,2454,2026-04-30
國泰台中,2570.0,1000,0,8882,2454,2026-04-30
國泰台中,2580.0,3387,1120,8882,2454,2026-04-30
國泰台中,2590.0,34,174,8882,2454,2026-04-30
國泰台中,2600.0,2049,5401,8882,2454,2026-04-30
國泰台中,2610.0,1359,1284,8882,2454,2026-04-30
國泰台中,2620.0,2288,2077,8882,2454,2026-04-30
國泰台中,2630.0,3090,4217,8882,2454,2026-04-30
國泰高雄,2605.0,19,60,8881,2454,2026-04-30
上海匯豐,2610.0,0,79000,8960,2454,2026-04-30
國泰新莊,2580.0,1076,11,8886,2454,2026-04-30
國泰新莊,2600.0,23,0,8886,2454,2026-04-30
國泰館前,2620.0,1214,1426,888A,2454,2026-04-30
國泰館前,2630.0,4248,10605,888A,2454,2026-04-30
國泰館前,2640.0,1030,4129,888A,2454,2026-04-30
國泰館前,2650.0,2109,5103,888A,2454,2026-04-30
國泰館前,2660.0,2000,0,888A,2454,2026-04-30
國泰館前,2675.0,1000,2000,888A,2454,2026-04-30
國泰板橋,2575.0,3141,1031,888K,2454,2026-04-30
國泰板橋,2585.0,650,1133,888K,2454,2026-04-30
國泰板橋,2595.0,2144,1060,888K,2454,2026-04-30
國泰板橋,2605.0,3149,1011,888K,2454,2026-04-30
國泰板橋,2615.0,201,1142,888K,2454,2026-04-30
國泰板橋,2625.0,3423,4312,888K,2454,2026-04-30
國泰板橋,2635.0,2198,5342,888K,2454,2026-04-30
國泰板橋,2645.0,1000,3017,888K,2454,2026-04-30
國泰板橋,2655.0,1020,5017,888K,2454,2026-04-30
國泰板橋,2670.0,2000,0,888K,2454,2026-04-30
國泰板橋,2680.0,1000,1000,888K,2454,2026-04-30
國泰新竹,2585.0,0,100,888N,2454,2026-04-30
國泰新竹,2600.0,50,0,888N,2454,2026-04-30
國泰新竹,2620.0,10,100,888N,2454,2026-04-30
國泰新竹,2630.0,1000,5,888N,2454,2026-04-30
國泰新竹,2645.0,2000,0,888N,2454,2026-04-30
大和國泰,2625.0,0,100,8890,2454,2026-04-30
大和國泰,2665.0,0,5000,8890,2454,2026-04-30
法銀巴黎,2590.0,1000,0,8900,2454,2026-04-30
法銀巴黎,2630.0,1000,0,8900,2454,2026-04-30
法銀巴黎,2640.0,0,2000,8900,2454,2026-04-30
國泰館前,2610.0,209,3261,888A,2454,2026-04-30
國泰館前,2600.0,6020,61,888A,2454,2026-04-30
國泰館前,2590.0,2179,4188,888A,2454,2026-04-30
國泰館前,2580.0,177,116,888A,2454,2026-04-30
國泰新莊,2610.0,1126,1003,8886,2454,2026-04-30
國泰新莊,2620.0,5,1039,8886,2454,2026-04-30
國泰新莊,2630.0,1012,102,8886,2454,2026-04-30
國泰新莊,2640.0,1006,156,8886,2454,2026-04-30
國泰新莊,2650.0,0,1111,8886,2454,2026-04-30
國泰新莊,2660.0,1000,0,8886,2454,2026-04-30
國泰忠孝,2575.0,162,115,8887,2454,2026-04-30
國泰忠孝,2585.0,1021,1014,8887,2454,2026-04-30
國泰忠孝,2595.0,1007,200,8887,2454,2026-04-30
國泰忠孝,2605.0,195,72,8887,2454,2026-04-30
國泰忠孝,2615.0,31,1335,8887,2454,2026-04-30
國泰忠孝,2625.0,111,4182,8887,2454,2026-04-30
國泰忠孝,2635.0,1305,4164,8887,2454,2026-04-30
國泰新莊,2590.0,13,5,8886,2454,2026-04-30
國泰忠孝,2645.0,110,114,8887,2454,2026-04-30
國泰忠孝,2670.0,0,1000,8887,2454,2026-04-30
國泰敦南,2570.0,2000,0,8888,2454,2026-04-30
國泰敦南,2580.0,10442,7766,8888,2454,2026-04-30
國泰敦南,2590.0,6936,5457,8888,2454,2026-04-30
國泰敦南,2600.0,4594,7791,8888,2454,2026-04-30
國泰敦南,2610.0,5127,20319,8888,2454,2026-04-30
國泰敦南,2620.0,9510,14600,8888,2454,2026-04-30
國泰敦南,2630.0,19913,16217,8888,2454,2026-04-30
國泰敦南,2640.0,3259,13366,8888,2454,2026-04-30
國泰敦南,2650.0,2066,11567,8888,2454,2026-04-30
國泰敦南,2660.0,7000,3000,8888,2454,2026-04-30
國泰敦南,2670.0,4000,1000,8888,2454,2026-04-30
國泰敦南,2680.0,2000,0,8888,2454,2026-04-30
國泰忠孝,2655.0,0,200,8887,2454,2026-04-30
京城嘉義,2640.0,0,4,8492,2454,2026-04-30
京城嘉義,2625.0,253,0,8492,2454,2026-04-30
京城嘉義,2615.0,0,200,8492,2454,2026-04-30
兆豐大安,2590.0,2,0,700j,2454,2026-04-30
兆豐大安,2620.0,1,0,700j,2454,2026-04-30
兆豐大安,2630.0,1,0,700j,2454,2026-04-30
兆豐大安,2640.0,1,50,700j,2454,2026-04-30
兆豐大安,2650.0,0,10,700j,2454,2026-04-30
兆豐大安,2675.0,1000,0,700j,2454,2026-04-30
兆豐公益,2585.0,146,0,700J,2454,2026-04-30
兆豐公益,2600.0,305,1000,700J,2454,2026-04-30
兆豐公益,2615.0,0,1000,700J,2454,2026-04-30
兆豐公益,2625.0,21,1000,700J,2454,2026-04-30
兆豐公益,2650.0,0,1012,700J,2454,2026-04-30
兆豐公益,2665.0,0,1000,700J,2454,2026-04-30
兆豐員林,2590.0,1,0,700k,2454,2026-04-30
兆豐員林,2610.0,1001,1050,700k,2454,2026-04-30
兆豐員林,2630.0,2000,100,700k,2454,2026-04-30
兆豐員林,2640.0,0,3,700k,2454,2026-04-30
兆豐員林,2650.0,0,2000,700k,2454,2026-04-30
兆豐員林,2675.0,1000,0,700k,2454,2026-04-30
兆豐新營,2585.0,1000,0,700K,2454,2026-04-30
兆豐新營,2600.0,0,100,700K,2454,2026-04-30
兆豐新營,2620.0,0,207,700K,2454,2026-04-30
兆豐新營,2635.0,2000,10,700K,2454,2026-04-30
兆豐新營,2645.0,0,25,700K,2454,2026-04-30
兆豐新營,2660.0,1000,0,700K,2454,2026-04-30
兆豐天母,2580.0,10,0,700L,2454,2026-04-30
兆豐天母,2590.0,50,1000,700L,2454,2026-04-30
兆豐天母,2605.0,1005,0,700L,2454,2026-04-30
兆豐北高,2650.0,0,20,700I,2454,2026-04-30
兆豐北高,2640.0,0,1130,700I,2454,2026-04-30
兆豐北高,2630.0,10,27,700I,2454,2026-04-30
兆豐北高,2620.0,45,74,700I,2454,2026-04-30
兆豐南門,2630.0,3,0,700g,2454,2026-04-30
兆豐南門,2640.0,1001,0,700g,2454,2026-04-30
兆豐南門,2655.0,1000,0,700g,2454,2026-04-30
兆豐麻豆,2600.0,0,10,700G,2454,2026-04-30
兆豐麻豆,2610.0,0,50,700G,2454,2026-04-30
兆豐麻豆,2625.0,0,10,700G,2454,2026-04-30
兆豐麻豆,2635.0,4,0,700G,2454,2026-04-30
兆豐三民,2590.0,10,58,700h,2454,2026-04-30
兆豐三民,2610.0,30,0,700h,2454,2026-04-30
兆豐三民,2620.0,15,101,700h,2454,2026-04-30
兆豐三民,2630.0,70,1000,700h,2454,2026-04-30
兆豐三民,2640.0,5,0,700h,2454,2026-04-30
兆豐三民,2655.0,5,0,700h,2454,2026-04-30
兆豐天母,2615.0,26,450,700L,2454,2026-04-30
兆豐東門,2580.0,3,0,700H,2454,2026-04-30
兆豐東門,2610.0,1,0,700H,2454,2026-04-30
兆豐東門,2620.0,2,40,700H,2454,2026-04-30
兆豐東門,2630.0,1001,5,700H,2454,2026-04-30
兆豐東門,2640.0,2,1000,700H,2454,2026-04-30
兆豐東門,2670.0,0,1000,700H,2454,2026-04-30
兆豐松德,2590.0,0,100,700i,2454,2026-04-30
兆豐松德,2620.0,0,100,700i,2454,2026-04-30
兆豐松德,2635.0,0,10,700i,2454,2026-04-30
兆豐松德,2645.0,2000,0,700i,2454,2026-04-30
兆豐北高,2575.0,50,0,700I,2454,2026-04-30
兆豐北高,2590.0,1020,1030,700I,2454,2026-04-30
兆豐北高,2600.0,136,16,700I,2454,2026-04-30
兆豐北高,2610.0,100,1036,700I,2454,2026-04-30
兆豐東門,2595.0,1000,0,700H,2454,2026-04-30
兆豐南門,2620.0,16,1000,700g,2454,2026-04-30
兆豐天母,2625.0,5,1010,700L,2454,2026-04-30
兆豐天母,2645.0,0,25,700L,2454,2026-04-30
兆豐岡山,2585.0,0,100,700s,2454,2026-04-30
兆豐岡山,2610.0,0,1220,700s,2454,2026-04-30
兆豐岡山,2620.0,2,10,700s,2454,2026-04-30
兆豐岡山,2635.0,0,153,700s,2454,2026-04-30
兆豐岡山,2670.0,1000,0,700s,2454,2026-04-30
兆豐大同,2590.0,5000,0,700S,2454,2026-04-30
兆豐大同,2620.0,1000,10000,700S,2454,2026-04-30
兆豐大同,2630.0,2,0,700S,2454,2026-04-30
兆豐大同,2645.0,0,115,700S,2454,2026-04-30
兆豐大同,2665.0,0,15000,700S,2454,2026-04-30
兆豐桃鶯,2575.0,15000,8000,700U,2454,2026-04-30
兆豐桃鶯,2595.0,30,5,700U,2454,2026-04-30
兆豐桃鶯,2605.0,0,1000,700U,2454,2026-04-30
兆豐桃鶯,2625.0,10000,0,700U,2454,2026-04-30
兆豐桃鶯,2650.0,0,55,700U,2454,2026-04-30
兆豐新竹,2580.0,10,1007,700V,2454,2026-04-30
兆豐新竹,2600.0,2120,50,700V,2454,2026-04-30
兆豐新竹,2610.0,6,160,700V,2454,2026-04-30
兆豐新竹,2620.0,1000,335,700V,2454,2026-04-30
兆豐新竹,2630.0,142,50,700V,2454,2026-04-30
兆豐新竹,2645.0,0,8,700V,2454,2026-04-30
兆豐新竹,2655.0,0,1000,700V,2454,2026-04-30
兆豐新竹,2665.0,2000,0,700V,2454,2026-04-30
兆豐新莊,2585.0,0,2,700w,2454,2026-04-30
兆豐新莊,2595.0,20,500,700w,2454,2026-04-30
兆豐新莊,2625.0,0,10,700w,2454,2026-04-30
兆豐城中,2585.0,10,50,700W,2454,2026-04-30
兆豐小港,2640.0,0,1000,700R,2454,2026-04-30
兆豐小港,2630.0,1000,0,700R,2454,2026-04-30
兆豐小港,2615.0,0,50,700R,2454,2026-04-30
兆豐小港,2585.0,20,0,700R,2454,2026-04-30
兆豐桃園,2585.0,100,0,700M,2454,2026-04-30
兆豐桃園,2595.0,5,1,700M,2454,2026-04-30
兆豐桃園,2620.0,50,0,700M,2454,2026-04-30
兆豐桃園,2635.0,7,0,700M,2454,2026-04-30
兆豐埔墘,2600.0,1000,0,700N,2454,2026-04-30
兆豐埔墘,2615.0,5000,0,700N,2454,2026-04-30
兆豐埔墘,2630.0,5000,0,700N,2454,2026-04-30
兆豐埔墘,2650.0,0,1000,700N,2454,2026-04-30
兆豐埔墘,2665.0,0,5000,700N,2454,2026-04-30
兆豐復興,2575.0,15,0,700p,2454,2026-04-30
兆豐復興,2585.0,1010,0,700p,2454,2026-04-30
兆豐復興,2610.0,1013,1050,700p,2454,2026-04-30
兆豐復興,2625.0,0,1020,700p,2454,2026-04-30
兆豐天母,2635.0,0,1030,700L,2454,2026-04-30
兆豐復興,2635.0,15,1002,700p,2454,2026-04-30
兆豐南京,2580.0,50,0,700P,2454,2026-04-30
兆豐南京,2610.0,1002,2000,700P,2454,2026-04-30
兆豐南京,2620.0,150,100,700P,2454,2026-04-30
兆豐南京,2630.0,111,2000,700P,2454,2026-04-30
兆豐南京,2680.0,1000,0,700P,2454,2026-04-30
兆豐寶成,2585.0,1010,10,700r,2454,2026-04-30
兆豐寶成,2595.0,20,50,700r,2454,2026-04-30
兆豐寶成,2605.0,0,1000,700r,2454,2026-04-30
兆豐寶成,2615.0,1000,1005,700r,2454,2026-04-30
兆豐寶成,2625.0,1002,1070,700r,2454,2026-04-30
兆豐寶成,2635.0,1000,10,700r,2454,2026-04-30
兆豐寶成,2645.0,0,5,700r,2454,2026-04-30
兆豐寶成,2665.0,0,1000,700r,2454,2026-04-30
兆豐復興,2655.0,20,0,700p,2454,2026-04-30
兆豐城中,2595.0,0,10,700W,2454,2026-04-30
兆豐南門,2610.0,1091,1000,700g,2454,2026-04-30
兆豐南門,2590.0,10,0,700g,2454,2026-04-30
兆豐,2650.0,0,1000,7000,2454,2026-04-30
兆豐嘉義,2580.0,110,0,7001,2454,2026-04-30
兆豐嘉義,2595.0,50,0,7001,2454,2026-04-30
兆豐嘉義,2605.0,10,80,7001,2454,2026-04-30
兆豐嘉義,2615.0,10,0,7001,2454,2026-04-30
兆豐嘉義,2630.0,1000,200,7001,2454,2026-04-30
兆豐嘉義,2645.0,0,30,7001,2454,2026-04-30
兆豐台中,2575.0,1000,0,7003,2454,2026-04-30
兆豐台中,2590.0,20,0,7003,2454,2026-04-30
兆豐台中,2600.0,20,0,7003,2454,2026-04-30
兆豐台中,2610.0,80,1065,7003,2454,2026-04-30
兆豐台中,2620.0,140,105,7003,2454,2026-04-30
兆豐台中,2630.0,10,0,7003,2454,2026-04-30
兆豐台中,2640.0,0,4009,7003,2454,2026-04-30
兆豐台中,2650.0,0,300,7003,2454,2026-04-30
兆豐中港,2580.0,10,0,7005,2454,2026-04-30
兆豐中港,2590.0,1,0,7005,2454,2026-04-30
兆豐中港,2600.0,5,1,7005,2454,2026-04-30
兆豐中港,2610.0,10,17,7005,2454,2026-04-30
兆豐中港,2620.0,1,3110,7005,2454,2026-04-30
兆豐中港,2630.0,0,11,7005,2454,2026-04-30
兆豐中港,2640.0,6,1030,7005,2454,2026-04-30
兆豐中港,2650.0,0,5,7005,2454,2026-04-30
兆豐台南,2575.0,0,1000,7006,2454,2026-04-30
兆豐台南,2600.0,80,100,7006,2454,2026-04-30
兆豐台南,2610.0,27,50,7006,2454,2026-04-30
兆豐台南,2620.0,50,1050,7006,2454,2026-04-30
兆豐,2630.0,888,508,7000,2454,2026-04-30
兆豐,2620.0,2110,1010,7000,2454,2026-04-30
兆豐,2610.0,9000,2045,7000,2454,2026-04-30
兆豐,2600.0,20,1000,7000,2454,2026-04-30
大昌桃園,2625.0,0,1000,6465,2454,2026-04-30
大昌桃園,2640.0,0,15,6465,2454,2026-04-30
福邦,2600.0,1,50,6480,2454,2026-04-30
福邦,2615.0,0,1000,6480,2454,2026-04-30
福邦,2630.0,1000,0,6480,2454,2026-04-30
福邦新竹,2610.0,0,87,6489,2454,2026-04-30
口袋,2580.0,21,70,6620,2454,2026-04-30
口袋,2590.0,68,390,6620,2454,2026-04-30
口袋,2600.0,49,191,6620,2454,2026-04-30
口袋,2610.0,199,1004,6620,2454,2026-04-30
口袋,2620.0,43,386,6620,2454,2026-04-30
口袋,2630.0,1072,25,6620,2454,2026-04-30
口袋,2640.0,408,1020,6620,2454,2026-04-30
兆豐台南,2630.0,2000,10,7006,2454,2026-04-30
口袋,2650.0,0,1013,6620,2454,2026-04-30
口袋,2675.0,1000,0,6620,2454,2026-04-30
德信,2590.0,10,0,6910,2454,2026-04-30
德信,2630.0,10,0,6910,2454,2026-04-30
德信中正,2600.0,0,1,6912,2454,2026-04-30
德信新營,2590.0,1,0,6913,2454,2026-04-30
德信新營,2640.0,0,51,6913,2454,2026-04-30
德信和平,2630.0,1000,0,6915,2454,2026-04-30
德信和平,2665.0,0,1000,6915,2454,2026-04-30
福勝,2595.0,50,0,6950,2454,2026-04-30
福勝,2615.0,1000,0,6950,2454,2026-04-30
福勝,2630.0,15,60,6950,2454,2026-04-30
兆豐,2575.0,30,0,7000,2454,2026-04-30
兆豐,2585.0,3000,0,7000,2454,2026-04-30
口袋,2660.0,1000,0,6620,2454,2026-04-30
兆豐南門,2600.0,1010,30,700g,2454,2026-04-30
兆豐台南,2640.0,0,810,7006,2454,2026-04-30
兆豐竹北,2585.0,1000,65,7007,2454,2026-04-30
兆豐民生,2620.0,0,100,700c,2454,2026-04-30
兆豐民生,2635.0,1000,0,700c,2454,2026-04-30
兆豐來福,2580.0,0,2,700C,2454,2026-04-30
兆豐來福,2595.0,100,0,700C,2454,2026-04-30
兆豐來福,2615.0,50,0,700C,2454,2026-04-30
兆豐來福,2630.0,1,4008,700C,2454,2026-04-30
兆豐來福,2650.0,1,70,700C,2454,2026-04-30
兆豐來福,2665.0,1000,2000,700C,2454,2026-04-30
兆豐彰化,2600.0,11,1000,700d,2454,2026-04-30
兆豐彰化,2610.0,0,1000,700d,2454,2026-04-30
兆豐彰化,2625.0,0,20,700d,2454,2026-04-30
兆豐彰化,2635.0,1010,0,700d,2454,2026-04-30
兆豐彰化,2655.0,10,0,700d,2454,2026-04-30
兆豐西螺,2615.0,0,50,700D,2454,2026-04-30
兆豐西螺,2635.0,0,22,700D,2454,2026-04-30
兆豐西螺,2665.0,0,2000,700D,2454,2026-04-30
兆豐鹿港,2580.0,10,1000,700f,2454,2026-04-30
兆豐鹿港,2605.0,20,0,700f,2454,2026-04-30
兆豐鹿港,2620.0,0,4000,700f,2454,2026-04-30
兆豐鹿港,2630.0,0,6,700f,2454,2026-04-30
兆豐虎尾,2575.0,0,2000,700F,2454,2026-04-30
兆豐虎尾,2585.0,0,3010,700F,2454,2026-04-30
兆豐虎尾,2610.0,1000,4000,700F,2454,2026-04-30
兆豐虎尾,2630.0,0,1000,700F,2454,2026-04-30
兆豐虎尾,2640.0,1000,2000,700F,2454,2026-04-30
兆豐虎尾,2665.0,0,2000,700F,2454,2026-04-30
兆豐南門,2580.0,1014,0,700g,2454,2026-04-30
兆豐民生,2610.0,10,0,700c,2454,2026-04-30
兆豐民生,2600.0,800,0,700c,2454,2026-04-30
兆豐板橋,2665.0,5000,0,700B,2454,2026-04-30
兆豐板橋,2640.0,0,8000,700B,2454,2026-04-30
兆豐竹北,2595.0,100,0,7007,2454,2026-04-30
兆豐竹北,2605.0,10,10,7007,2454,2026-04-30
兆豐竹北,2615.0,2001,0,7007,2454,2026-04-30
兆豐竹北,2625.0,100,1089,7007,2454,2026-04-30
兆豐竹北,2635.0,1000,1000,7007,2454,2026-04-30
兆豐竹北,2645.0,0,1,7007,2454,2026-04-30
兆豐竹北,2660.0,1000,0,7007,2454,2026-04-30
兆豐三重,2580.0,0,16000,7008,2454,2026-04-30
兆豐三重,2590.0,1,0,7008,2454,2026-04-30
兆豐三重,2600.0,0,16,7008,2454,2026-04-30
兆豐三重,2615.0,3000,0,7008,2454,2026-04-30
兆豐三重,2625.0,1000,100,7008,2454,2026-04-30
兆豐忠孝,2580.0,1000,0,700a,2454,2026-04-30
兆豐竹北,2575.0,1010,0,7007,2454,2026-04-30
兆豐忠孝,2590.0,6,1000,700a,2454,2026-04-30
兆豐忠孝,2615.0,0,1150,700a,2454,2026-04-30
兆豐忠孝,2625.0,131,2111,700a,2454,2026-04-30
兆豐忠孝,2635.0,15,7135,700a,2454,2026-04-30
兆豐忠孝,2645.0,35,0,700a,2454,2026-04-30
兆豐忠孝,2665.0,1000,0,700a,2454,2026-04-30
兆豐中壢,2595.0,10,0,700b,2454,2026-04-30
兆豐中壢,2615.0,25,0,700b,2454,2026-04-30
兆豐中壢,2625.0,0,1020,700b,2454,2026-04-30
兆豐中壢,2650.0,5,0,700b,2454,2026-04-30
兆豐板橋,2580.0,1,0,700B,2454,2026-04-30
兆豐板橋,2590.0,100,0,700B,2454,2026-04-30
兆豐板橋,2610.0,2010,0,700B,2454,2026-04-30
兆豐板橋,2630.0,3000,2100,700B,2454,2026-04-30
兆豐忠孝,2600.0,24,30,700a,2454,2026-04-30
兆豐城中,2610.0,1016,1001,700W,2454,2026-04-30
兆豐城中,2625.0,0,100,700W,2454,2026-04-30
兆豐城中,2635.0,2000,0,700W,2454,2026-04-30
安泰大發,2610.0,13,5,8381,2454,2026-04-30
安泰大發,2635.0,0,1000,8381,2454,2026-04-30
安泰楠梓,2575.0,0,1000,8382,2454,2026-04-30
安泰楠梓,2630.0,1000,0,8382,2454,2026-04-30
摩根大通,2570.0,7000,2000,8440,2454,2026-04-30
摩根大通,2580.0,11990,49086,8440,2454,2026-04-30
摩根大通,2590.0,16532,26785,8440,2454,2026-04-30
摩根大通,2600.0,17792,10000,8440,2454,2026-04-30
摩根大通,2610.0,354205,77333,8440,2454,2026-04-30
摩根大通,2620.0,99732,12024,8440,2454,2026-04-30
摩根大通,2630.0,68890,13134,8440,2454,2026-04-30
摩根大通,2640.0,69609,12136,8440,2454,2026-04-30
摩根大通,2650.0,34771,14000,8440,2454,2026-04-30
摩根大通,2660.0,0,12000,8440,2454,2026-04-30
摩根大通,2680.0,26000,0,8440,2454,2026-04-30
康和,2580.0,4000,0,8450,2454,2026-04-30
康和,2600.0,1000,2000,8450,2454,2026-04-30
康和,2610.0,2,0,8450,2454,2026-04-30
康和,2625.0,1028,1000,8450,2454,2026-04-30
康和,2635.0,5000,0,8450,2454,2026-04-30
康和,2650.0,0,100,8450,2454,2026-04-30
康和延平,2600.0,0,10,8451,2454,2026-04-30
康和延平,2625.0,1000,770,8451,2454,2026-04-30
康和台中,2570.0,1000,0,8455,2454,2026-04-30
康和台中,2585.0,0,1,8455,2454,2026-04-30
康和台中,2610.0,0,1000,8455,2454,2026-04-30
康和台中,2620.0,0,51,8455,2454,2026-04-30
安泰大發,2590.0,1,0,8381,2454,2026-04-30
安泰,2665.0,0,1000,8380,2454,2026-04-30
安泰,2635.0,0,10,8380,2454,2026-04-30
安泰,2625.0,1000,10,8380,2454,2026-04-30
國票天祥,2590.0,13,0,779V,2454,2026-04-30
國票天祥,2605.0,30,0,779V,2454,2026-04-30
國票天祥,2615.0,0,1000,779V,2454,2026-04-30
國票天祥,2625.0,15,0,779V,2454,2026-04-30
國票天祥,2640.0,0,10,779V,2454,2026-04-30
國票天祥,2650.0,0,1020,779V,2454,2026-04-30
國票彰化,2610.0,5,0,779W,2454,2026-04-30
國票彰化,2630.0,0,500,779W,2454,2026-04-30
國票中和,2590.0,50,0,779X,2454,2026-04-30
國票中和,2610.0,5,0,779X,2454,2026-04-30
國票中和,2635.0,2,1005,779X,2454,2026-04-30
國票博愛,2590.0,1,0,779z,2454,2026-04-30
國票博愛,2615.0,0,45,779z,2454,2026-04-30
康和台中,2630.0,0,50,8455,2454,2026-04-30
國票博愛,2625.0,0,50,779z,2454,2026-04-30
國票安和,2580.0,0,4000,779Z,2454,2026-04-30
國票安和,2590.0,1000,0,779Z,2454,2026-04-30
國票安和,2600.0,1000,0,779Z,2454,2026-04-30
國票安和,2610.0,2000,5000,779Z,2454,2026-04-30
國票安和,2620.0,1010,12110,779Z,2454,2026-04-30
國票安和,2630.0,5,54000,779Z,2454,2026-04-30
國票安和,2640.0,0,60,779Z,2454,2026-04-30
國票安和,2650.0,0,2110,779Z,2454,2026-04-30
國票安和,2660.0,0,2000,779Z,2454,2026-04-30
國票安和,2670.0,0,9000,779Z,2454,2026-04-30
國票安和,2680.0,0,1000,779Z,2454,2026-04-30
安泰,2595.0,8,0,8380,2454,2026-04-30
安泰,2610.0,0,1000,8380,2454,2026-04-30
國票博愛,2675.0,0,1000,779z,2454,2026-04-30
國票天祥,2580.0,1,0,779V,2454,2026-04-30
康和台中,2640.0,1000,1,8455,2454,2026-04-30
康和新竹,2570.0,1000,0,8456,2454,2026-04-30
康和仁愛,2615.0,150,50,845F,2454,2026-04-30
康和仁愛,2630.0,1000,15,845F,2454,2026-04-30
康和仁愛,2640.0,0,5,845F,2454,2026-04-30
康和仁愛,2650.0,0,2000,845F,2454,2026-04-30
康和高雄,2585.0,50,0,845J,2454,2026-04-30
康和高雄,2610.0,1000,0,845J,2454,2026-04-30
康和高雄,2625.0,0,28,845J,2454,2026-04-30
康和高雄,2635.0,0,10,845J,2454,2026-04-30
康和石牌,2580.0,1,1000,845R,2454,2026-04-30
康和石牌,2595.0,70,0,845R,2454,2026-04-30
康和石牌,2620.0,0,1000,845R,2454,2026-04-30
康和石牌,2635.0,1000,0,845R,2454,2026-04-30
康和石牌,2655.0,0,1000,845R,2454,2026-04-30
康和南崁,2585.0,10,0,845S,2454,2026-04-30
康和南崁,2625.0,0,10,845S,2454,2026-04-30
康和台北,2585.0,20,0,845U,2454,2026-04-30
康和台北,2600.0,10000,56,845U,2454,2026-04-30
康和台北,2610.0,120,0,845U,2454,2026-04-30
康和台北,2625.0,0,27,845U,2454,2026-04-30
康和台北,2635.0,0,30,845U,2454,2026-04-30
康和台北,2650.0,1,10020,845U,2454,2026-04-30
康和屏東,2600.0,5,0,845X,2454,2026-04-30
京城,2580.0,1000,0,8490,2454,2026-04-30
京城,2595.0,5,1000,8490,2454,2026-04-30
京城,2610.0,0,8,8490,2454,2026-04-30
京城,2625.0,10,1000,8490,2454,2026-04-30
京城嘉義,2585.0,1025,0,8492,2454,2026-04-30
康和仁愛,2605.0,10,15,845F,2454,2026-04-30
康和仁愛,2595.0,0,10,845F,2454,2026-04-30
康和仁愛,2585.0,0,20,845F,2454,2026-04-30
康和澎湖,2625.0,0,5,845E,2454,2026-04-30
康和新竹,2580.0,60,0,8456,2454,2026-04-30
康和新竹,2605.0,1000,0,8456,2454,2026-04-30
康和新竹,2625.0,1500,2005,8456,2454,2026-04-30
康和新竹,2650.0,0,1000,8456,2454,2026-04-30
康和台南,2575.0,3000,0,8458,2454,2026-04-30
康和台南,2605.0,10,60,8458,2454,2026-04-30
康和台南,2615.0,1000,0,8458,2454,2026-04-30
康和台南,2625.0,0,50,8458,2454,2026-04-30
康和台南,2635.0,0,2000,8458,2454,2026-04-30
康和嘉義,2580.0,2,0,8459,2454,2026-04-30
康和嘉義,2600.0,1002,0,8459,2454,2026-04-30
康和嘉義,2610.0,3,1070,8459,2454,2026-04-30
康和嘉義,2625.0,0,1002,8459,2454,2026-04-30
康和台中,2650.0,0,2000,8455,2454,2026-04-30
康和嘉義,2635.0,0,10,8459,2454,2026-04-30
康和嘉義,2655.0,0,56,8459,2454,2026-04-30
康和內湖,2595.0,0,250,845A,2454,2026-04-30
康和內湖,2610.0,1000,1000,845A,2454,2026-04-30
康和內湖,2625.0,100,10,845A,2454,2026-04-30
康和內湖,2650.0,0,5,845A,2454,2026-04-30
康和永和,2590.0,0,10,845B,2454,2026-04-30
康和永和,2620.0,10,0,845B,2454,2026-04-30
康和板橋,2585.0,30,27,845D,2454,2026-04-30
康和板橋,2600.0,0,2000,845D,2454,2026-04-30
康和板橋,2620.0,1051,1060,845D,2454,2026-04-30
康和板橋,2630.0,1000,6,845D,2454,2026-04-30
康和板橋,2640.0,0,1000,845D,2454,2026-04-30
康和澎湖,2610.0,0,100,845E,2454,2026-04-30
康和嘉義,2645.0,0,1,8459,2454,2026-04-30
國票台中,2655.0,0,1000,779v,2454,2026-04-30
國票台中,2640.0,2000,0,779v,2454,2026-04-30
國票台中,2625.0,1000,100,779v,2454,2026-04-30
北城,2635.0,105,1000,7750,2454,2026-04-30
北城,2675.0,0,1000,7750,2454,2026-04-30
國票綜合,2580.0,1,43,7790,2454,2026-04-30
國票綜合,2590.0,0,122,7790,2454,2026-04-30
國票綜合,2600.0,10,1099,7790,2454,2026-04-30
國票綜合,2610.0,0,1407,7790,2454,2026-04-30
國票綜合,2620.0,1000,4530,7790,2454,2026-04-30
國票綜合,2640.0,0,1040,7790,2454,2026-04-30
國票綜合,2660.0,0,1000,7790,2454,2026-04-30
國票台東,2580.0,1000,0,7791,2454,2026-04-30
國票台東,2620.0,2,0,7791,2454,2026-04-30
國票北投,2590.0,2,0,7792,2454,2026-04-30
國票北投,2605.0,10,0,7792,2454,2026-04-30
國票北投,2635.0,1,10,7792,2454,2026-04-30
國票南港,2580.0,0,2000,7795,2454,2026-04-30
國票南港,2600.0,1000,50,7795,2454,2026-04-30
國票南港,2615.0,50,0,7795,2454,2026-04-30
國票南港,2625.0,62,1024,7795,2454,2026-04-30
國票南港,2635.0,20,20,7795,2454,2026-04-30
國票中正,2590.0,0,5,7797,2454,2026-04-30
國票中正,2610.0,85,7,7797,2454,2026-04-30
國票中正,2630.0,0,10,7797,2454,2026-04-30
國票內壢,2580.0,1000,0,7798,2454,2026-04-30
國票內壢,2610.0,0,1010,7798,2454,2026-04-30
國票內壢,2620.0,1010,0,7798,2454,2026-04-30
國票內壢,2630.0,0,10,7798,2454,2026-04-30
國票敦北,2590.0,0,1000,779c,2454,2026-04-30
北城,2625.0,1000,23,7750,2454,2026-04-30
北城,2600.0,0,2,7750,2454,2026-04-30
北城,2580.0,12,0,7750,2454,2026-04-30
致和崇德,2680.0,0,1000,703B,2454,2026-04-30
兆豐城中,2645.0,1000,1005,700W,2454,2026-04-30
兆豐城中,2670.0,0,1000,700W,2454,2026-04-30
兆豐永和,2590.0,0,1000,700X,2454,2026-04-30
兆豐永和,2605.0,0,10,700X,2454,2026-04-30
兆豐永和,2625.0,151,1,700X,2454,2026-04-30
兆豐永和,2635.0,503,0,700X,2454,2026-04-30
兆豐高雄,2575.0,0,1000,700Z,2454,2026-04-30
兆豐高雄,2585.0,0,10,700Z,2454,2026-04-30
兆豐高雄,2595.0,3,0,700Z,2454,2026-04-30
兆豐高雄,2610.0,10,0,700Z,2454,2026-04-30
兆豐高雄,2620.0,0,102,700Z,2454,2026-04-30
兆豐高雄,2630.0,110,0,700Z,2454,2026-04-30
兆豐高雄,2640.0,1000,0,700Z,2454,2026-04-30
國票敦北,2625.0,5,0,779c,2454,2026-04-30
兆豐高雄,2655.0,20,100,700Z,2454,2026-04-30
致和,2625.0,10,5,7030,2454,2026-04-30
致和,2635.0,5,6,7030,2454,2026-04-30
致和佳里,2610.0,50,0,7032,2454,2026-04-30
致和佳里,2630.0,0,3,7032,2454,2026-04-30
致和府前,2585.0,10,0,7033,2454,2026-04-30
致和金華,2595.0,0,1000,7034,2454,2026-04-30
致和金華,2635.0,2,0,7034,2454,2026-04-30
致和金華,2650.0,10,1300,7034,2454,2026-04-30
致和高雄,2615.0,0,110,7036,2454,2026-04-30
致和高雄,2630.0,0,10,7036,2454,2026-04-30
致和崇德,2585.0,2,0,703B,2454,2026-04-30
致和崇德,2620.0,0,300,703B,2454,2026-04-30
致和崇德,2630.0,0,10,703B,2454,2026-04-30
致和,2580.0,5,0,7030,2454,2026-04-30
國票敦北,2665.0,0,23000,779c,2454,2026-04-30
國票台南,2615.0,0,5,779D,2454,2026-04-30
國票台南,2625.0,1000,206,779D,2454,2026-04-30
國票北高,2620.0,100,1,779J,2454,2026-04-30
國票北高,2630.0,0,2,779J,2454,2026-04-30
國票北高,2640.0,80,0,779J,2454,2026-04-30
國票中港,2580.0,0,20,779m,2454,2026-04-30
國票中港,2600.0,10,0,779m,2454,2026-04-30
國票中港,2625.0,0,50,779m,2454,2026-04-30
國票中港,2640.0,0,1000,779m,2454,2026-04-30
國票中港,2655.0,0,7,779m,2454,2026-04-30
國票南京,2600.0,26,1,779n,2454,2026-04-30
國票南京,2620.0,9,0,779n,2454,2026-04-30
國票南京,2650.0,100,20,779n,2454,2026-04-30
國票九鼎,2580.0,100,0,779P,2454,2026-04-30
國票九鼎,2590.0,21,0,779P,2454,2026-04-30
國票北高,2600.0,0,11,779J,2454,2026-04-30
國票九鼎,2600.0,1,0,779P,2454,2026-04-30
國票九鼎,2620.0,137,50,779P,2454,2026-04-30
國票九鼎,2630.0,0,1060,779P,2454,2026-04-30
國票九鼎,2645.0,0,50,779P,2454,2026-04-30
國票九鼎,2655.0,10,1050,779P,2454,2026-04-30
國票桃園,2610.0,0,1000,779r,2454,2026-04-30
國票桃園,2635.0,0,545,779r,2454,2026-04-30
國票桃園,2675.0,1000,0,779r,2454,2026-04-30
國票長城,2600.0,1000,1000,779u,2454,2026-04-30
國票長城,2620.0,10,100,779u,2454,2026-04-30
國票長城,2640.0,10,0,779u,2454,2026-04-30
國票長城,2675.0,2000,0,779u,2454,2026-04-30
國票台中,2595.0,1,1000,779v,2454,2026-04-30
國票台中,2605.0,50,0,779v,2454,2026-04-30
國票九鼎,2610.0,1058,15,779P,2454,2026-04-30
群益館前,2600.0,13,0,913Y,2454,2026-04-30
國票北高,2585.0,0,2,779J,2454,2026-04-30
國票和平,2660.0,1000,0,779j,2454,2026-04-30
國票台南,2645.0,0,5,779D,2454,2026-04-30
國票台南,2665.0,0,1000,779D,2454,2026-04-30
國票南科,2595.0,0,50,779e,2454,2026-04-30
國票南科,2625.0,0,100,779e,2454,2026-04-30
國票南科,2640.0,0,10,779e,2454,2026-04-30
國票南崁,2585.0,0,10,779E,2454,2026-04-30
國票南崁,2600.0,0,56,779E,2454,2026-04-30
國票南崁,2615.0,0,50,779E,2454,2026-04-30
國票南崁,2630.0,0,100,779E,2454,2026-04-30
國票南崁,2650.0,0,50,779E,2454,2026-04-30
國票新莊,2585.0,1,0,779G,2454,2026-04-30
國票新莊,2595.0,0,10000,779G,2454,2026-04-30
國票新莊,2615.0,5,15,779G,2454,2026-04-30
國票和平,2680.0,0,1000,779j,2454,2026-04-30
國票新莊,2630.0,0,10,779G,2454,2026-04-30
國票嘉義,2595.0,1000,0,779H,2454,2026-04-30
國票嘉義,2610.0,0,1000,779H,2454,2026-04-30
國票嘉義,2620.0,10,0,779H,2454,2026-04-30
國票嘉義,2630.0,1030,0,779H,2454,2026-04-30
國票嘉義,2650.0,5000,0,779H,2454,2026-04-30
國票嘉義,2660.0,0,1000,779H,2454,2026-04-30
國票嘉義,2670.0,1000,0,779H,2454,2026-04-30
國票和平,2575.0,1000,0,779j,2454,2026-04-30
國票和平,2585.0,1000,0,779j,2454,2026-04-30
國票和平,2600.0,1010,1000,779j,2454,2026-04-30
國票和平,2610.0,1000,0,779j,2454,2026-04-30
國票和平,2625.0,0,26,779j,2454,2026-04-30
國票和平,2635.0,1000,1000,779j,2454,2026-04-30
國票嘉義,2575.0,1,0,779H,2454,2026-04-30
大昌桃園,2610.0,5,0,6465,2454,2026-04-30
群益館前,2615.0,10,1,913Y,2454,2026-04-30
群益高雄,2575.0,1000,50,9183,2454,2026-04-30
華南民權,2630.0,0,10,9312,2454,2026-04-30
華南嘉義,2575.0,0,100,9314,2454,2026-04-30
華南嘉義,2595.0,5,0,9314,2454,2026-04-30
華南嘉義,2610.0,0,50,9314,2454,2026-04-30
華南嘉義,2630.0,2000,0,9314,2454,2026-04-30
華南大甲,2580.0,100,0,9315,2454,2026-04-30
華南大甲,2605.0,0,200,9315,2454,2026-04-30
華南大甲,2630.0,2,0,9315,2454,2026-04-30
華南淡水,2590.0,1,0,9316,2454,2026-04-30
華南淡水,2610.0,0,136,9316,2454,2026-04-30
華南淡水,2625.0,1000,20,9316,2454,2026-04-30
華南淡水,2635.0,0,20,9316,2454,2026-04-30
華南淡水,2650.0,0,100,9316,2454,2026-04-30
華南林口,2585.0,10,0,9317,2454,2026-04-30
華南林口,2605.0,50,110,9317,2454,2026-04-30
華南林口,2620.0,19,2000,9317,2454,2026-04-30
華南林口,2630.0,0,1,9317,2454,2026-04-30
華南林口,2640.0,0,10,9317,2454,2026-04-30
華南鶯歌,2585.0,5,0,9319,2454,2026-04-30
華南鶯歌,2610.0,2,2,9319,2454,2026-04-30
華南鶯歌,2635.0,5,15,9319,2454,2026-04-30
華南基隆,2575.0,10,0,9322,2454,2026-04-30
華南基隆,2585.0,0,47,9322,2454,2026-04-30
華南基隆,2600.0,35,15,9322,2454,2026-04-30
華南基隆,2610.0,11,0,9322,2454,2026-04-30
華南基隆,2625.0,0,1000,9322,2454,2026-04-30
華南基隆,2635.0,50,355,9322,2454,2026-04-30
華南民權,2615.0,0,6,9312,2454,2026-04-30
華南民權,2595.0,0,3,9312,2454,2026-04-30
華南民權,2585.0,0,1000,9312,2454,2026-04-30
華南古亭,2645.0,0,3000,9309,2454,2026-04-30
華南台南,2600.0,0,1450,9306,2454,2026-04-30
華南台南,2610.0,40,0,9306,2454,2026-04-30
華南台南,2625.0,0,34,9306,2454,2026-04-30
華南台南,2650.0,0,5,9306,2454,2026-04-30
華南大安,2575.0,100,0,9307,2454,2026-04-30
華南大安,2585.0,1,40,9307,2454,2026-04-30
華南大安,2600.0,0,50,9307,2454,2026-04-30
華南大安,2610.0,2000,35,9307,2454,2026-04-30
華南大安,2620.0,0,30,9307,2454,2026-04-30
華南大安,2630.0,0,1005,9307,2454,2026-04-30
華南大安,2640.0,0,20,9307,2454,2026-04-30
華南大安,2650.0,1000,0,9307,2454,2026-04-30
華南大安,2675.0,2000,0,9307,2454,2026-04-30
華南基隆,2645.0,0,5000,9322,2454,2026-04-30
華南麻豆,2580.0,20,0,9308,2454,2026-04-30
華南麻豆,2600.0,1000,3000,9308,2454,2026-04-30
華南麻豆,2610.0,25,70,9308,2454,2026-04-30
華南麻豆,2620.0,0,50,9308,2454,2026-04-30
華南麻豆,2630.0,0,1010,9308,2454,2026-04-30
華南麻豆,2640.0,0,5,9308,2454,2026-04-30
華南麻豆,2650.0,0,6045,9308,2454,2026-04-30
華南麻豆,2675.0,0,2000,9308,2454,2026-04-30
華南古亭,2580.0,100,0,9309,2454,2026-04-30
華南古亭,2595.0,1025,0,9309,2454,2026-04-30
華南古亭,2605.0,2,10,9309,2454,2026-04-30
華南古亭,2615.0,71,30,9309,2454,2026-04-30
華南古亭,2625.0,0,20,9309,2454,2026-04-30
華南古亭,2635.0,0,1000,9309,2454,2026-04-30
華南麻豆,2590.0,1000,0,9308,2454,2026-04-30
華南台南,2580.0,40,0,9306,2454,2026-04-30
華南小港,2580.0,0,300,9323,2454,2026-04-30
華南小港,2600.0,3,2,9323,2454,2026-04-30
華南潮州,2650.0,0,1,9328,2454,2026-04-30
華南朴子,2575.0,1000,0,9329,2454,2026-04-30
華南朴子,2595.0,10,0,9329,2454,2026-04-30
華南朴子,2605.0,50,100,9329,2454,2026-04-30
華南朴子,2630.0,1000,100,9329,2454,2026-04-30
華南朴子,2655.0,0,1000,9329,2454,2026-04-30
華南鳳山,2580.0,100,100,9331,2454,2026-04-30
華南鳳山,2595.0,10,50,9331,2454,2026-04-30
華南鳳山,2605.0,0,2004,9331,2454,2026-04-30
華南鳳山,2620.0,5,100,9331,2454,2026-04-30
華南鳳山,2630.0,0,1050,9331,2454,2026-04-30
華南鳳山,2650.0,20,20,9331,2454,2026-04-30
華南鳳山,2665.0,1000,0,9331,2454,2026-04-30
華南楠梓,2600.0,10,10,9332,2454,2026-04-30
華南楠梓,2610.0,10,215,9332,2454,2026-04-30
華南楠梓,2620.0,0,845,9332,2454,2026-04-30
華南楠梓,2630.0,1000,2,9332,2454,2026-04-30
華南長虹,2575.0,1001,0,9333,2454,2026-04-30
華南長虹,2585.0,62,5,9333,2454,2026-04-30
華南長虹,2600.0,1,250,9333,2454,2026-04-30
華南長虹,2610.0,12,2001,9333,2454,2026-04-30
華南長虹,2620.0,10,13,9333,2454,2026-04-30
華南長虹,2630.0,0,5,9333,2454,2026-04-30
華南長虹,2640.0,0,1100,9333,2454,2026-04-30
華南長虹,2655.0,1000,0,9333,2454,2026-04-30
華南世貿,2580.0,6,0,9334,2454,2026-04-30
華南世貿,2620.0,0,5,9334,2454,2026-04-30
華南潮州,2630.0,10,2,9328,2454,2026-04-30
華南潮州,2620.0,0,5,9328,2454,2026-04-30
華南潮州,2610.0,100,15,9328,2454,2026-04-30
華南潮州,2600.0,0,1000,9328,2454,2026-04-30
華南小港,2610.0,2,100,9323,2454,2026-04-30
華南小港,2620.0,4,0,9323,2454,2026-04-30
華南小港,2630.0,1000,0,9323,2454,2026-04-30
華南小港,2665.0,1000,0,9323,2454,2026-04-30
華南岡山,2580.0,10,300,9324,2454,2026-04-30
華南岡山,2590.0,0,50,9324,2454,2026-04-30
華南岡山,2600.0,1004,0,9324,2454,2026-04-30
華南岡山,2615.0,0,50,9324,2454,2026-04-30
華南岡山,2625.0,0,1000,9324,2454,2026-04-30
華南岡山,2635.0,0,70,9324,2454,2026-04-30
華南岡山,2645.0,0,1100,9324,2454,2026-04-30
華南岡山,2655.0,50,0,9324,2454,2026-04-30
華南忠孝,2595.0,10,0,9325,2454,2026-04-30
華南小港,2590.0,1000,0,9323,2454,2026-04-30
華南南京,2575.0,100,0,9326,2454,2026-04-30
華南南京,2595.0,5,70,9326,2454,2026-04-30
華南南京,2605.0,1005,200,9326,2454,2026-04-30
華南南京,2615.0,1,100,9326,2454,2026-04-30
華南南京,2625.0,1,2115,9326,2454,2026-04-30
華南南京,2640.0,0,1440,9326,2454,2026-04-30
華南南京,2650.0,0,2040,9326,2454,2026-04-30
華南斗六,2585.0,20,0,9327,2454,2026-04-30
華南斗六,2605.0,1020,0,9327,2454,2026-04-30
華南斗六,2615.0,0,6,9327,2454,2026-04-30
華南斗六,2625.0,20,0,9327,2454,2026-04-30
華南斗六,2635.0,51,0,9327,2454,2026-04-30
華南斗六,2645.0,30,120,9327,2454,2026-04-30
華南潮州,2575.0,10,0,9328,2454,2026-04-30
華南南京,2585.0,81,200,9326,2454,2026-04-30
華南世貿,2630.0,0,1070,9334,2454,2026-04-30
華南新莊,2625.0,1,0,9305,2454,2026-04-30
華南新莊,2590.0,10,0,9305,2454,2026-04-30
凱基鳳山,2580.0,5,100,9274,2454,2026-04-30
凱基鳳山,2610.0,0,40,9274,2454,2026-04-30
凱基鳳山,2620.0,1,1,9274,2454,2026-04-30
凱基鳳山,2630.0,5,12,9274,2454,2026-04-30
凱基鳳山,2640.0,0,2,9274,2454,2026-04-30
凱基三多,2580.0,0,5,9275,2454,2026-04-30
凱基三多,2590.0,10,10,9275,2454,2026-04-30
凱基三多,2610.0,120,10,9275,2454,2026-04-30
凱基三多,2625.0,60,0,9275,2454,2026-04-30
凱基苗栗,2585.0,1000,0,9276,2454,2026-04-30
凱基苗栗,2610.0,0,100,9276,2454,2026-04-30
凱基苗栗,2650.0,0,1000,9276,2454,2026-04-30
凱基永康,2580.0,0,5,9278,2454,2026-04-30
凱基永康,2590.0,1000,0,9278,2454,2026-04-30
凱基永康,2600.0,0,10,9278,2454,2026-04-30
凱基永康,2620.0,1,0,9278,2454,2026-04-30
凱基永康,2645.0,0,210,9278,2454,2026-04-30
凱基斗六,2620.0,0,1015,9281,2454,2026-04-30
凱基斗六,2635.0,1002,0,9281,2454,2026-04-30
凱基北門,2590.0,12,10,9283,2454,2026-04-30
凱基北門,2605.0,15,0,9283,2454,2026-04-30
凱基北門,2615.0,0,10,9283,2454,2026-04-30
凱基北門,2630.0,0,40,9283,2454,2026-04-30
凱基北門,2640.0,0,10,9283,2454,2026-04-30
凱基北門,2655.0,0,1000,9283,2454,2026-04-30
凱基中壢,2580.0,126,0,9285,2454,2026-04-30
凱基中壢,2590.0,0,10,9285,2454,2026-04-30
凱基竹東,2630.0,0,26,9273,2454,2026-04-30
凱基竹東,2620.0,0,1,9273,2454,2026-04-30
凱基竹東,2580.0,0,110,9273,2454,2026-04-30
凱基竹科,2650.0,0,3010,9272,2454,2026-04-30
凱基林口,2590.0,1110,0,9257,2454,2026-04-30
凱基林口,2605.0,5,0,9257,2454,2026-04-30
凱基林口,2625.0,0,3000,9257,2454,2026-04-30
凱基羅東,2590.0,0,100,9258,2454,2026-04-30
凱基羅東,2630.0,0,1000,9258,2454,2026-04-30
凱基新豐,2580.0,100,70,9266,2454,2026-04-30
凱基新豐,2600.0,50,0,9266,2454,2026-04-30
凱基新豐,2615.0,0,1,9266,2454,2026-04-30
凱基新豐,2625.0,11,0,9266,2454,2026-04-30
凱基新豐,2640.0,2,1074,9266,2454,2026-04-30
凱基新豐,2655.0,0,15,9266,2454,2026-04-30
凱基台北,2575.0,29005,9000,9268,2454,2026-04-30
凱基台北,2585.0,130010,46100,9268,2454,2026-04-30
凱基中壢,2600.0,10,69,9285,2454,2026-04-30
凱基台北,2595.0,18155,35000,9268,2454,2026-04-30
凱基台北,2615.0,51000,39000,9268,2454,2026-04-30
凱基台北,2625.0,85001,146373,9268,2454,2026-04-30
凱基台北,2635.0,54050,69110,9268,2454,2026-04-30
凱基台北,2645.0,20000,4110,9268,2454,2026-04-30
凱基台北,2655.0,19000,7000,9268,2454,2026-04-30
凱基台北,2665.0,73000,70000,9268,2454,2026-04-30
凱基台北,2675.0,16000,41000,9268,2454,2026-04-30
凱基竹科,2575.0,0,100,9272,2454,2026-04-30
凱基竹科,2595.0,3,300,9272,2454,2026-04-30
凱基竹科,2605.0,1000,420,9272,2454,2026-04-30
凱基竹科,2615.0,500,551,9272,2454,2026-04-30
凱基竹科,2625.0,1,1110,9272,2454,2026-04-30
凱基竹科,2635.0,1,1085,9272,2454,2026-04-30
凱基台北,2605.0,26040,49000,9268,2454,2026-04-30
華南新莊,2610.0,10,5025,9305,2454,2026-04-30
凱基中壢,2610.0,94,404,9285,2454,2026-04-30
凱基中壢,2630.0,1000,1010,9285,2454,2026-04-30
凱基文心,2635.0,2000,0,9297,2454,2026-04-30
凱基文心,2655.0,0,50,9297,2454,2026-04-30
華南永昌,2585.0,8103,28,9300,2454,2026-04-30
華南永昌,2595.0,5000,10,9300,2454,2026-04-30
華南永昌,2605.0,4000,2,9300,2454,2026-04-30
華南永昌,2615.0,2056,160,9300,2454,2026-04-30
華南永昌,2625.0,5122,2020,9300,2454,2026-04-30
華南永昌,2635.0,10203,125,9300,2454,2026-04-30
華南永昌,2645.0,4000,1000,9300,2454,2026-04-30
華南永昌,2655.0,3000,102,9300,2454,2026-04-30
華南永昌,2665.0,0,1000,9300,2454,2026-04-30
華南台中,2575.0,1160,0,9302,2454,2026-04-30
華南台中,2585.0,2123,0,9302,2454,2026-04-30
華南台中,2595.0,2100,0,9302,2454,2026-04-30
華南台中,2605.0,5246,24,9302,2454,2026-04-30
華南台中,2615.0,1685,29,9302,2454,2026-04-30
華南台中,2625.0,1255,1108,9302,2454,2026-04-30
華南台中,2635.0,202,5010,9302,2454,2026-04-30
華南台中,2645.0,0,2000,9302,2454,2026-04-30
華南台中,2655.0,0,1000,9302,2454,2026-04-30
華南台中,2675.0,0,1000,9302,2454,2026-04-30
華南高雄,2590.0,14,10,9303,2454,2026-04-30
華南高雄,2605.0,4,402,9303,2454,2026-04-30
華南高雄,2615.0,59,2020,9303,2454,2026-04-30
華南高雄,2625.0,10,2100,9303,2454,2026-04-30
華南高雄,2635.0,0,1101,9303,2454,2026-04-30
華南高雄,2645.0,0,26,9303,2454,2026-04-30
凱基文心,2625.0,0,1,9297,2454,2026-04-30
凱基文心,2610.0,0,5,9297,2454,2026-04-30
凱基文心,2600.0,0,10,9297,2454,2026-04-30
凱基文心,2580.0,10,0,9297,2454,2026-04-30
凱基中壢,2640.0,0,125,9285,2454,2026-04-30
凱基中壢,2650.0,0,2075,9285,2454,2026-04-30
凱基中壢,2670.0,1000,0,9285,2454,2026-04-30
凱基內湖,2575.0,2,0,9287,2454,2026-04-30
凱基內湖,2600.0,1000,0,9287,2454,2026-04-30
凱基內湖,2625.0,4,0,9287,2454,2026-04-30
凱基內湖,2650.0,0,1000,9287,2454,2026-04-30
凱基埔墘,2600.0,1,0,9288,2454,2026-04-30
凱基埔墘,2610.0,0,100,9288,2454,2026-04-30
凱基埔墘,2620.0,0,200,9288,2454,2026-04-30
凱基埔墘,2640.0,0,200,9288,2454,2026-04-30
凱基埔墘,2650.0,0,100,9288,2454,2026-04-30
凱基興隆,2585.0,1000,0,9289,2454,2026-04-30
凱基中壢,2620.0,1,12,9285,2454,2026-04-30
凱基興隆,2595.0,3000,0,9289,2454,2026-04-30
凱基興隆,2630.0,1000,2000,9289,2454,2026-04-30
凱基興隆,2640.0,7000,0,9289,2454,2026-04-30
凱基興隆,2650.0,5,1050,9289,2454,2026-04-30
凱基興隆,2675.0,1000,1000,9289,2454,2026-04-30
凱基大安,2580.0,10,0,9291,2454,2026-04-30
凱基大安,2590.0,100,0,9291,2454,2026-04-30
凱基大安,2620.0,0,40,9291,2454,2026-04-30
凱基大安,2635.0,0,2000,9291,2454,2026-04-30
凱基大安,2680.0,0,3000,9291,2454,2026-04-30
凱基頭份,2580.0,50,0,9296,2454,2026-04-30
凱基頭份,2595.0,1000,0,9296,2454,2026-04-30
凱基頭份,2615.0,0,1005,9296,2454,2026-04-30
凱基頭份,2630.0,1064,0,9296,2454,2026-04-30
凱基興隆,2615.0,1000,0,9289,2454,2026-04-30
凱基南崁,2675.0,0,10000,9256,2454,2026-04-30
華南世貿,2645.0,0,1000,9334,2454,2026-04-30
華南世貿,2680.0,1000,0,9334,2454,2026-04-30
富邦青埔,2585.0,3,1021,961N,2454,2026-04-30
富邦青埔,2595.0,0,5000,961N,2454,2026-04-30
富邦青埔,2605.0,100,0,961N,2454,2026-04-30
富邦青埔,2615.0,20,1,961N,2454,2026-04-30
富邦青埔,2625.0,6,136,961N,2454,2026-04-30
富邦青埔,2635.0,8,2790,961N,2454,2026-04-30
富邦青埔,2645.0,3,60,961N,2454,2026-04-30
富邦青埔,2655.0,0,1160,961N,2454,2026-04-30
富邦和美,2580.0,13,1020,961P,2454,2026-04-30
富邦和美,2590.0,15,0,961P,2454,2026-04-30
富邦和美,2610.0,20,1000,961P,2454,2026-04-30
富邦和美,2620.0,0,13,961P,2454,2026-04-30
富邦和美,2630.0,5,170,961P,2454,2026-04-30
富邦和美,2640.0,0,70,961P,2454,2026-04-30
富邦和美,2655.0,0,5,961P,2454,2026-04-30
富邦南員,2575.0,112,0,961R,2454,2026-04-30
富邦南員,2595.0,0,50,961R,2454,2026-04-30
富邦南員,2605.0,1,60,961R,2454,2026-04-30
富邦南員,2615.0,5,262,961R,2454,2026-04-30
富邦南員,2625.0,1004,20,961R,2454,2026-04-30
富邦南員,2635.0,0,10,961R,2454,2026-04-30
富邦南員,2645.0,0,100,961R,2454,2026-04-30
富邦屏東,2580.0,3,0,961Y,2454,2026-04-30
富邦屏東,2590.0,9,70,961Y,2454,2026-04-30
富邦屏東,2605.0,10,0,961Y,2454,2026-04-30
富邦屏東,2620.0,150,10,961Y,2454,2026-04-30
富邦屏東,2630.0,105,10,961Y,2454,2026-04-30
富邦木柵,2665.0,0,3000,961M,2454,2026-04-30
富邦木柵,2655.0,50,0,961M,2454,2026-04-30
富邦木柵,2645.0,0,110,961M,2454,2026-04-30
富邦木柵,2635.0,104,1012,961M,2454,2026-04-30
富邦公益,2590.0,2,0,961F,2454,2026-04-30
富邦公益,2600.0,12,2109,961F,2454,2026-04-30
富邦公益,2610.0,1502,154,961F,2454,2026-04-30
富邦公益,2620.0,0,75,961F,2454,2026-04-30
富邦公益,2630.0,0,1041,961F,2454,2026-04-30
富邦公益,2640.0,1,455,961F,2454,2026-04-30
富邦公益,2650.0,5000,14,961F,2454,2026-04-30
富邦公益,2660.0,0,2000,961F,2454,2026-04-30
富邦新板,2580.0,0,5,961H,2454,2026-04-30
富邦新板,2595.0,0,61,961H,2454,2026-04-30
富邦新板,2610.0,5010,5,961H,2454,2026-04-30
富邦新板,2620.0,0,112,961H,2454,2026-04-30
富邦新板,2630.0,0,35,961H,2454,2026-04-30
富邦屏東,2650.0,50,0,961Y,2454,2026-04-30
富邦新板,2640.0,0,220,961H,2454,2026-04-30
富邦七賢,2580.0,1001,20,961K,2454,2026-04-30
富邦七賢,2590.0,11,0,961K,2454,2026-04-30
富邦七賢,2610.0,1040,2110,961K,2454,2026-04-30
富邦七賢,2620.0,180,1020,961K,2454,2026-04-30
富邦七賢,2630.0,1002,1004,961K,2454,2026-04-30
富邦七賢,2640.0,0,1152,961K,2454,2026-04-30
富邦七賢,2650.0,50,1234,961K,2454,2026-04-30
富邦七賢,2660.0,1000,0,961K,2454,2026-04-30
花旗環球,2575.0,1000,0,1590,2454,2026-04-30
富邦木柵,2585.0,52,0,961M,2454,2026-04-30
富邦木柵,2595.0,1050,7,961M,2454,2026-04-30
富邦木柵,2615.0,0,1070,961M,2454,2026-04-30
富邦木柵,2625.0,16,18,961M,2454,2026-04-30
富邦新板,2675.0,1000,0,961H,2454,2026-04-30
富邦公益,2580.0,205,11,961F,2454,2026-04-30
富邦永康,2590.0,0,21,961Z,2454,2026-04-30
富邦永康,2610.0,15,20,961Z,2454,2026-04-30
富邦竹東,2605.0,0,18,9625,2454,2026-04-30
富邦竹東,2615.0,2,0,9625,2454,2026-04-30
富邦竹東,2625.0,167,12,9625,2454,2026-04-30
富邦竹東,2635.0,0,15,9625,2454,2026-04-30
富邦竹東,2645.0,1014,20000,9625,2454,2026-04-30
富邦竹東,2655.0,0,105,9625,2454,2026-04-30
富邦內湖,2580.0,10,19,9627,2454,2026-04-30
富邦內湖,2590.0,3,10,9627,2454,2026-04-30
富邦內湖,2600.0,17,42,9627,2454,2026-04-30
富邦內湖,2610.0,20,7,9627,2454,2026-04-30
富邦內湖,2620.0,760,91,9627,2454,2026-04-30
富邦內湖,2630.0,1010,1110,9627,2454,2026-04-30
富邦內湖,2645.0,31,1000,9627,2454,2026-04-30
富邦內湖,2655.0,51,4,9627,2454,2026-04-30
富邦內湖,2665.0,1000,0,9627,2454,2026-04-30
富邦南港,2585.0,3,0,962A,2454,2026-04-30
富邦南港,2595.0,0,1000,962A,2454,2026-04-30
富邦南港,2605.0,10,2,962A,2454,2026-04-30
富邦南港,2615.0,31,5,962A,2454,2026-04-30
富邦南港,2625.0,0,10,962A,2454,2026-04-30
富邦南港,2635.0,0,2,962A,2454,2026-04-30
富邦南港,2645.0,1,2,962A,2454,2026-04-30
富邦二林,2575.0,1,30,962B,2454,2026-04-30
富邦二林,2590.0,20,30,962B,2454,2026-04-30
富邦二林,2605.0,0,1000,962B,2454,2026-04-30
富邦二林,2630.0,10,0,962B,2454,2026-04-30
富邦二林,2640.0,0,4,962B,2454,2026-04-30
富邦竹東,2595.0,2,0,9625,2454,2026-04-30
富邦竹東,2585.0,5,0,9625,2454,2026-04-30
富邦竹北,2660.0,1000,0,9624,2454,2026-04-30
富邦竹北,2650.0,10,2657,9624,2454,2026-04-30
富邦永康,2620.0,0,113,961Z,2454,2026-04-30
富邦永康,2630.0,0,501,961Z,2454,2026-04-30
富邦永康,2640.0,0,100,961Z,2454,2026-04-30
富邦永康,2650.0,5000,0,961Z,2454,2026-04-30
富邦花蓮,2575.0,0,1000,9621,2454,2026-04-30
富邦花蓮,2590.0,20,54,9621,2454,2026-04-30
富邦花蓮,2610.0,1005,1010,9621,2454,2026-04-30
富邦花蓮,2620.0,1075,110,9621,2454,2026-04-30
富邦花蓮,2630.0,1000,1000,9621,2454,2026-04-30
富邦花蓮,2640.0,1000,0,9621,2454,2026-04-30
富邦花蓮,2665.0,1000,1000,9621,2454,2026-04-30
富邦台北,2575.0,210,4004,9623,2454,2026-04-30
富邦台北,2585.0,15,2,9623,2454,2026-04-30
富邦永康,2600.0,2000,0,961Z,2454,2026-04-30
富邦台北,2595.0,40,1014,9623,2454,2026-04-30
富邦台北,2615.0,71,6025,9623,2454,2026-04-30
富邦台北,2625.0,131,1279,9623,2454,2026-04-30
富邦台北,2635.0,1034,159,9623,2454,2026-04-30
富邦台北,2645.0,0,1051,9623,2454,2026-04-30
富邦台北,2655.0,1000,1000,9623,2454,2026-04-30
富邦台北,2670.0,0,1000,9623,2454,2026-04-30
富邦竹北,2575.0,10,10,9624,2454,2026-04-30
富邦竹北,2585.0,50,16,9624,2454,2026-04-30
富邦竹北,2600.0,0,2091,9624,2454,2026-04-30
富邦竹北,2610.0,2,176,9624,2454,2026-04-30
富邦竹北,2620.0,63,175,9624,2454,2026-04-30
富邦竹北,2630.0,205,120,9624,2454,2026-04-30
富邦竹北,2640.0,400,1021,9624,2454,2026-04-30
富邦台北,2605.0,5,349,9623,2454,2026-04-30
華南世貿,2655.0,0,20,9334,2454,2026-04-30
富邦南京,2660.0,0,1000,961C,2454,2026-04-30
富邦南京,2635.0,0,1124,961C,2454,2026-04-30
華南東勢,2590.0,2000,0,9358,2454,2026-04-30
華南東勢,2605.0,4000,25,9358,2454,2026-04-30
華南東勢,2615.0,0,2000,9358,2454,2026-04-30
華南東勢,2625.0,0,2,9358,2454,2026-04-30
華南東勢,2640.0,0,1000,9358,2454,2026-04-30
華南中正,2575.0,2000,0,9359,2454,2026-04-30
華南中正,2585.0,0,2,9359,2454,2026-04-30
華南中正,2600.0,3,5,9359,2454,2026-04-30
華南中正,2610.0,25,1000,9359,2454,2026-04-30
華南中正,2620.0,5,1,9359,2454,2026-04-30
華南中正,2630.0,2005,33,9359,2454,2026-04-30
華南中正,2640.0,0,1010,9359,2454,2026-04-30
華南中正,2650.0,20,0,9359,2454,2026-04-30
華南苗栗,2580.0,1000,0,9362,2454,2026-04-30
華南苗栗,2610.0,1,0,9362,2454,2026-04-30
華南苗栗,2620.0,1000,0,9362,2454,2026-04-30
華南苗栗,2635.0,0,200,9362,2454,2026-04-30
華南苗栗,2650.0,0,1060,9362,2454,2026-04-30
華南彰化,2580.0,0,5,9363,2454,2026-04-30
華南彰化,2600.0,1015,20,9363,2454,2026-04-30
華南彰化,2610.0,0,10,9363,2454,2026-04-30
華南彰化,2620.0,0,1003,9363,2454,2026-04-30
華南彰化,2630.0,0,105,9363,2454,2026-04-30
華南彰化,2640.0,0,22,9363,2454,2026-04-30
華南彰化,2650.0,0,55,9363,2454,2026-04-30
華南豐原,2580.0,0,30,9366,2454,2026-04-30
華南豐原,2600.0,0,10,9366,2454,2026-04-30
華南東勢,2580.0,0,279,9358,2454,2026-04-30
華南桃園,2640.0,0,1010,9352,2454,2026-04-30
華南桃園,2620.0,20,2,9352,2454,2026-04-30
華南桃園,2600.0,0,10,9352,2454,2026-04-30
華南內壢,2590.0,1002,0,9337,2454,2026-04-30
華南內壢,2610.0,0,2,9337,2454,2026-04-30
華南內壢,2625.0,20,1000,9337,2454,2026-04-30
華南內壢,2635.0,1000,0,9337,2454,2026-04-30
華南內壢,2655.0,0,1000,9337,2454,2026-04-30
華南竹北,2585.0,10,100,9339,2454,2026-04-30
華南竹北,2600.0,0,1,9339,2454,2026-04-30
華南竹北,2610.0,1000,0,9339,2454,2026-04-30
華南竹北,2620.0,10,65,9339,2454,2026-04-30
華南竹北,2630.0,32,20,9339,2454,2026-04-30
華南頭份,2585.0,30,0,9343,2454,2026-04-30
華南頭份,2595.0,1000,10,9343,2454,2026-04-30
華南頭份,2615.0,100,2,9343,2454,2026-04-30
華南豐原,2610.0,0,120,9366,2454,2026-04-30
華南頭份,2635.0,0,2100,9343,2454,2026-04-30
華南敦南,2580.0,1,0,9347,2454,2026-04-30
華南敦南,2590.0,0,50,9347,2454,2026-04-30
華南敦南,2600.0,300,1000,9347,2454,2026-04-30
華南敦南,2615.0,100,50,9347,2454,2026-04-30
華南敦南,2630.0,1000,1,9347,2454,2026-04-30
華南敦南,2655.0,0,110,9347,2454,2026-04-30
華南板橋,2590.0,0,5,9349,2454,2026-04-30
華南板橋,2600.0,1,10,9349,2454,2026-04-30
華南板橋,2610.0,0,5,9349,2454,2026-04-30
華南板橋,2620.0,15,5,9349,2454,2026-04-30
華南板橋,2630.0,0,5,9349,2454,2026-04-30
華南板橋,2640.0,0,1005,9349,2454,2026-04-30
華南桃園,2575.0,1000,0,9352,2454,2026-04-30
華南頭份,2665.0,2000,0,9343,2454,2026-04-30
富邦南京,2645.0,1000,1010,961C,2454,2026-04-30
華南豐原,2620.0,2000,0,9366,2454,2026-04-30
華南三重,2585.0,0,15,9369,2454,2026-04-30
富邦陽明,2655.0,0,1002,9604,2454,2026-04-30
富邦台東,2585.0,0,1,9608,2454,2026-04-30
富邦台東,2595.0,0,1,9608,2454,2026-04-30
富邦台東,2605.0,10,0,9608,2454,2026-04-30
富邦台東,2615.0,1,5,9608,2454,2026-04-30
富邦台東,2625.0,1,2504,9608,2454,2026-04-30
富邦台東,2640.0,0,3,9608,2454,2026-04-30
富邦基隆,2575.0,21,7,9614,2454,2026-04-30
富邦基隆,2590.0,12,0,9614,2454,2026-04-30
富邦基隆,2600.0,1,1,9614,2454,2026-04-30
富邦基隆,2610.0,0,1,9614,2454,2026-04-30
富邦基隆,2625.0,1000,12,9614,2454,2026-04-30
富邦基隆,2635.0,0,100,9614,2454,2026-04-30
富邦岡山,2575.0,150,0,9616,2454,2026-04-30
富邦岡山,2585.0,6,0,9616,2454,2026-04-30
富邦岡山,2595.0,0,1,9616,2454,2026-04-30
富邦岡山,2605.0,7,0,9616,2454,2026-04-30
富邦岡山,2615.0,200,20,9616,2454,2026-04-30
富邦岡山,2630.0,203,3,9616,2454,2026-04-30
富邦岡山,2640.0,0,3,9616,2454,2026-04-30
富邦岡山,2650.0,0,1,9616,2454,2026-04-30
富邦南京,2570.0,1000,0,961C,2454,2026-04-30
富邦南京,2580.0,5,0,961C,2454,2026-04-30
富邦南京,2595.0,1050,1000,961C,2454,2026-04-30
富邦南京,2605.0,1015,60,961C,2454,2026-04-30
富邦南京,2615.0,1011,1050,961C,2454,2026-04-30
富邦南京,2625.0,2115,2362,961C,2454,2026-04-30
富邦陽明,2645.0,0,1114,9604,2454,2026-04-30
富邦陽明,2635.0,1010,2178,9604,2454,2026-04-30
富邦陽明,2625.0,100,380,9604,2454,2026-04-30
富邦陽明,2615.0,2000,49,9604,2454,2026-04-30
華南三重,2610.0,10,50,9369,2454,2026-04-30
華南三重,2620.0,10,0,9369,2454,2026-04-30
華南三重,2630.0,5,1000,9369,2454,2026-04-30
華南三重,2645.0,1000,0,9369,2454,2026-04-30
華南虎尾,2580.0,1,0,9377,2454,2026-04-30
華南虎尾,2600.0,1000,0,9377,2454,2026-04-30
華南虎尾,2635.0,0,2,9377,2454,2026-04-30
華南虎尾,2655.0,10,0,9377,2454,2026-04-30
華南東昇,2580.0,100,0,9386,2454,2026-04-30
華南東昇,2600.0,27,0,9386,2454,2026-04-30
華南東昇,2610.0,0,15,9386,2454,2026-04-30
華南東昇,2625.0,0,410,9386,2454,2026-04-30
華南東昇,2635.0,0,10,9386,2454,2026-04-30
華南三重,2575.0,1000,0,9369,2454,2026-04-30
富邦,2565.0,0,4000,9600,2454,2026-04-30
富邦,2585.0,14036,16003,9600,2454,2026-04-30
富邦,2595.0,23123,40011,9600,2454,2026-04-30
富邦,2605.0,28007,90002,9600,2454,2026-04-30
富邦,2615.0,116593,176005,9600,2454,2026-04-30
富邦,2625.0,118024,158041,9600,2454,2026-04-30
富邦,2635.0,123093,234005,9600,2454,2026-04-30
富邦,2645.0,22000,115000,9600,2454,2026-04-30
富邦,2655.0,17006,8000,9600,2454,2026-04-30
富邦,2665.0,24000,280000,9600,2454,2026-04-30
富邦陽明,2575.0,212,10,9604,2454,2026-04-30
富邦陽明,2585.0,451,205,9604,2454,2026-04-30
富邦陽明,2595.0,614,40,9604,2454,2026-04-30
富邦陽明,2605.0,210,268,9604,2454,2026-04-30
富邦,2575.0,7054,5000,9600,2454,2026-04-30
凱基南崁,2650.0,5000,0,9256,2454,2026-04-30
凱基南崁,2635.0,0,25,9256,2454,2026-04-30
凱基南崁,2625.0,1000,15,9256,2454,2026-04-30
群益嘉義,2635.0,8,101,918M,2454,2026-04-30
群益嘉義,2650.0,15,0,918M,2454,2026-04-30
群益天母,2575.0,1000,10,918P,2454,2026-04-30
群益天母,2590.0,0,10,918P,2454,2026-04-30
群益天母,2600.0,0,14,918P,2454,2026-04-30
群益天母,2610.0,0,1010,918P,2454,2026-04-30
群益天母,2620.0,50,10,918P,2454,2026-04-30
群益天母,2630.0,1000,1000,918P,2454,2026-04-30
群益天母,2650.0,0,1000,918P,2454,2026-04-30
群益丹鳳,2575.0,0,1000,918s,2454,2026-04-30
群益丹鳳,2590.0,1000,0,918s,2454,2026-04-30
群益丹鳳,2610.0,1031,0,918s,2454,2026-04-30
群益丹鳳,2620.0,20,1050,918s,2454,2026-04-30
群益丹鳳,2630.0,1000,0,918s,2454,2026-04-30
群益丹鳳,2640.0,0,50,918s,2454,2026-04-30
群益丹鳳,2650.0,0,5,918s,2454,2026-04-30
群益瑞豐,2575.0,50,100,918u,2454,2026-04-30
群益瑞豐,2595.0,0,20000,918u,2454,2026-04-30
群益瑞豐,2615.0,0,2,918u,2454,2026-04-30
群益瑞豐,2625.0,20015,12,918u,2454,2026-04-30
群益瑞豐,2640.0,0,15,918u,2454,2026-04-30
群益瑞豐,2655.0,100,0,918u,2454,2026-04-30
群益忠孝,2590.0,50,0,918W,2454,2026-04-30
群益忠孝,2605.0,70,89,918W,2454,2026-04-30
群益忠孝,2615.0,0,11,918W,2454,2026-04-30
群益忠孝,2625.0,0,131,918W,2454,2026-04-30
群益忠孝,2635.0,137,30,918W,2454,2026-04-30
群益嘉義,2625.0,50,1,918M,2454,2026-04-30
群益嘉義,2615.0,0,1005,918M,2454,2026-04-30
群益嘉義,2605.0,10,1025,918M,2454,2026-04-30
群益嘉義,2580.0,25,0,918M,2454,2026-04-30
群益中山,2640.0,0,20,918H,2454,2026-04-30
群益竹南,2575.0,50,0,918i,2454,2026-04-30
群益竹南,2600.0,0,1000,918i,2454,2026-04-30
群益竹南,2615.0,0,50,918i,2454,2026-04-30
群益竹南,2625.0,0,10,918i,2454,2026-04-30
群益竹南,2635.0,0,20,918i,2454,2026-04-30
群益永和,2580.0,2360,0,918J,2454,2026-04-30
群益永和,2590.0,1010,10,918J,2454,2026-04-30
群益永和,2600.0,0,320,918J,2454,2026-04-30
群益永和,2610.0,0,1000,918J,2454,2026-04-30
群益永和,2620.0,2000,60,918J,2454,2026-04-30
群益永和,2630.0,4000,61,918J,2454,2026-04-30
群益永和,2640.0,0,1150,918J,2454,2026-04-30
群益忠孝,2650.0,0,1000,918W,2454,2026-04-30
群益永和,2650.0,0,2016,918J,2454,2026-04-30
群益東湖,2600.0,1000,5,918K,2454,2026-04-30
群益東湖,2610.0,1,1100,918K,2454,2026-04-30
群益東湖,2620.0,0,45,918K,2454,2026-04-30
群益東湖,2630.0,0,1003,918K,2454,2026-04-30
群益東湖,2645.0,0,1000,918K,2454,2026-04-30
群益建成,2575.0,10,0,918L,2454,2026-04-30
群益建成,2585.0,1000,2000,918L,2454,2026-04-30
群益建成,2595.0,2,0,918L,2454,2026-04-30
群益建成,2605.0,0,1,918L,2454,2026-04-30
群益建成,2615.0,1,25,918L,2454,2026-04-30
群益建成,2625.0,20,0,918L,2454,2026-04-30
群益建成,2635.0,5,10,918L,2454,2026-04-30
群益建成,2660.0,0,1000,918L,2454,2026-04-30
群益東湖,2590.0,15,1000,918K,2454,2026-04-30
群益中山,2620.0,0,10,918H,2454,2026-04-30
群益延平,2580.0,100,0,918x,2454,2026-04-30
群益延平,2600.0,10,0,918x,2454,2026-04-30
凱基三重,2630.0,1016,1292,9205,2454,2026-04-30
凱基三重,2640.0,0,2,9205,2454,2026-04-30
凱基三重,2650.0,0,1,9205,2454,2026-04-30
凱基三重,2680.0,0,1000,9205,2454,2026-04-30
凱基高雄,2580.0,200,0,9206,2454,2026-04-30
凱基高雄,2605.0,80,68,9206,2454,2026-04-30
凱基高雄,2615.0,500,30,9206,2454,2026-04-30
凱基高雄,2625.0,275,31,9206,2454,2026-04-30
凱基高雄,2635.0,0,10,9206,2454,2026-04-30
凱基高雄,2650.0,0,10,9206,2454,2026-04-30
凱基永和,2585.0,0,1100,9207,2454,2026-04-30
凱基永和,2600.0,0,10,9207,2454,2026-04-30
凱基永和,2630.0,5,30,9207,2454,2026-04-30
凱基永和,2645.0,164,0,9207,2454,2026-04-30
凱基桃園,2575.0,1270,1000,9208,2454,2026-04-30
凱基桃園,2585.0,5,0,9208,2454,2026-04-30
凱基桃園,2595.0,20,0,9208,2454,2026-04-30
凱基桃園,2605.0,54,93,9208,2454,2026-04-30
凱基桃園,2615.0,1018,50,9208,2454,2026-04-30
凱基桃園,2625.0,3,1075,9208,2454,2026-04-30
凱基桃園,2635.0,50,1104,9208,2454,2026-04-30
凱基桃園,2645.0,11,2070,9208,2454,2026-04-30
凱基桃園,2665.0,2000,1000,9208,2454,2026-04-30
凱基岡山,2580.0,100,0,9209,2454,2026-04-30
凱基岡山,2590.0,0,3,9209,2454,2026-04-30
凱基岡山,2615.0,16,0,9209,2454,2026-04-30
凱基岡山,2635.0,200,0,9209,2454,2026-04-30
凱基三重,2620.0,81,1000,9205,2454,2026-04-30
凱基三重,2600.0,2,305,9205,2454,2026-04-30
凱基三重,2585.0,7,4,9205,2454,2026-04-30
凱基台中,2650.0,0,1000,9204,2454,2026-04-30
群益延平,2620.0,1000,30,918x,2454,2026-04-30
群益延平,2640.0,0,1000,918x,2454,2026-04-30
群益台北,2585.0,0,2,918X,2454,2026-04-30
群益宜蘭,2580.0,0,1,918z,2454,2026-04-30
群益宜蘭,2595.0,5,0,918z,2454,2026-04-30
群益宜蘭,2625.0,0,80,918z,2454,2026-04-30
群益宜蘭,2635.0,0,43,918z,2454,2026-04-30
凱基,2575.0,0,12000,9200,2454,2026-04-30
凱基,2585.0,0,10000,9200,2454,2026-04-30
凱基,2595.0,10000,11000,9200,2454,2026-04-30
凱基,2605.0,0,8000,9200,2454,2026-04-30
凱基,2615.0,170,14000,9200,2454,2026-04-30
凱基,2625.0,1008,9105,9200,2454,2026-04-30
群益延平,2590.0,12,1100,918x,2454,2026-04-30
凱基,2635.0,11000,7000,9200,2454,2026-04-30
凱基,2675.0,2000,0,9200,2454,2026-04-30
凱基中港,2580.0,2,71,9202,2454,2026-04-30
凱基中港,2595.0,10,0,9202,2454,2026-04-30
凱基中港,2605.0,4001,0,9202,2454,2026-04-30
凱基中港,2615.0,0,101,9202,2454,2026-04-30
凱基中港,2625.0,50,3040,9202,2454,2026-04-30
凱基中港,2640.0,0,140,9202,2454,2026-04-30
凱基中港,2650.0,0,10,9202,2454,2026-04-30
凱基台中,2575.0,2081,0,9204,2454,2026-04-30
凱基台中,2585.0,24,200,9204,2454,2026-04-30
凱基台中,2600.0,1002,2000,9204,2454,2026-04-30
凱基台中,2620.0,102,20,9204,2454,2026-04-30
凱基台中,2635.0,0,100,9204,2454,2026-04-30
凱基,2650.0,10000,0,9200,2454,2026-04-30
凱基岡山,2650.0,0,1000,9209,2454,2026-04-30
群益中山,2605.0,0,1005,918H,2454,2026-04-30
群益中山,2580.0,0,1,918H,2454,2026-04-30
群益彰化,2675.0,1000,0,9187,2454,2026-04-30
群益三民,2580.0,1005,0,9188,2454,2026-04-30
群益三民,2590.0,10,0,9188,2454,2026-04-30
群益三民,2605.0,1011,2000,9188,2454,2026-04-30
群益三民,2615.0,1012,100,9188,2454,2026-04-30
群益三民,2625.0,1076,50,9188,2454,2026-04-30
群益三民,2635.0,0,14,9188,2454,2026-04-30
群益三民,2645.0,0,3,9188,2454,2026-04-30
群益三民,2655.0,0,1000,9188,2454,2026-04-30
群益三民,2675.0,0,1000,9188,2454,2026-04-30
群益桃園,2585.0,110,50,9189,2454,2026-04-30
群益桃園,2600.0,0,5,9189,2454,2026-04-30
群益桃園,2610.0,0,300,9189,2454,2026-04-30
群益桃園,2620.0,10,120,9189,2454,2026-04-30
群益桃園,2630.0,1000,10,9189,2454,2026-04-30
群益桃園,2640.0,0,2010,9189,2454,2026-04-30
群益桃園,2650.0,10,0,9189,2454,2026-04-30
群益中壢,2575.0,20,1000,918A,2454,2026-04-30
群益中壢,2595.0,3,1000,918A,2454,2026-04-30
群益中壢,2605.0,10,101,918A,2454,2026-04-30
群益中壢,2615.0,100,2,918A,2454,2026-04-30
群益中壢,2625.0,1006,3,918A,2454,2026-04-30
群益中壢,2635.0,0,5,918A,2454,2026-04-30
群益中壢,2645.0,0,2000,918A,2454,2026-04-30
群益中壢,2655.0,1000,0,918A,2454,2026-04-30
群益板橋,2580.0,12,0,918B,2454,2026-04-30
群益板橋,2595.0,18,0,918B,2454,2026-04-30
群益彰化,2650.0,0,10,9187,2454,2026-04-30
群益彰化,2640.0,0,20,9187,2454,2026-04-30
群益彰化,2630.0,0,1310,9187,2454,2026-04-30
群益彰化,2620.0,0,130,9187,2454,2026-04-30
群益高雄,2585.0,1014,10,9183,2454,2026-04-30
群益高雄,2605.0,0,1,9183,2454,2026-04-30
群益高雄,2615.0,0,5,9183,2454,2026-04-30
群益高雄,2625.0,0,1005,9183,2454,2026-04-30
群益高雄,2635.0,2,7,9183,2454,2026-04-30
群益台中,2580.0,0,1,9184,2454,2026-04-30
群益台中,2590.0,108,100,9184,2454,2026-04-30
群益台中,2610.0,204,4037,9184,2454,2026-04-30
群益台中,2620.0,0,51,9184,2454,2026-04-30
群益台中,2630.0,0,177,9184,2454,2026-04-30
群益台中,2640.0,0,50,9184,2454,2026-04-30
群益台中,2650.0,20,55,9184,2454,2026-04-30
群益台中,2665.0,4000,0,9184,2454,2026-04-30
群益板橋,2605.0,0,16,918B,2454,2026-04-30
群益台南,2580.0,1005,0,9185,2454,2026-04-30
群益台南,2615.0,0,115,9185,2454,2026-04-30
群益台南,2630.0,105,60,9185,2454,2026-04-30
群益台南,2640.0,100,640,9185,2454,2026-04-30
群益新竹,2590.0,0,1000,9186,2454,2026-04-30
群益新竹,2605.0,5,52,9186,2454,2026-04-30
群益新竹,2615.0,1,1,9186,2454,2026-04-30
群益新竹,2625.0,0,2022,9186,2454,2026-04-30
群益新竹,2635.0,2000,1050,9186,2454,2026-04-30
群益新竹,2650.0,0,1006,9186,2454,2026-04-30
群益彰化,2580.0,1000,1,9187,2454,2026-04-30
群益彰化,2590.0,63,1012,9187,2454,2026-04-30
群益彰化,2600.0,21,81,9187,2454,2026-04-30
群益彰化,2610.0,401,12,9187,2454,2026-04-30
群益台南,2600.0,10,0,9185,2454,2026-04-30
群益中山,2595.0,0,1000,918H,2454,2026-04-30
群益板橋,2630.0,1000,1005,918B,2454,2026-04-30
群益鳳山,2580.0,1,0,918c,2454,2026-04-30
群益大安,2665.0,11000,67000,918e,2454,2026-04-30
群益大安,2675.0,0,11000,918e,2454,2026-04-30
群益南京,2575.0,10,0,918E,2454,2026-04-30
群益南京,2585.0,0,1000,918E,2454,2026-04-30
群益南京,2605.0,1010,5,918E,2454,2026-04-30
群益南京,2615.0,10,1000,918E,2454,2026-04-30
群益南京,2625.0,0,110,918E,2454,2026-04-30
群益南京,2635.0,44,0,918E,2454,2026-04-30
群益新店,2585.0,5,20,918F,2454,2026-04-30
群益新店,2595.0,100,0,918F,2454,2026-04-30
群益新店,2605.0,0,10,918F,2454,2026-04-30
群益新店,2615.0,0,20,918F,2454,2026-04-30
群益新店,2625.0,2,100,918F,2454,2026-04-30
群益新店,2640.0,0,50,918F,2454,2026-04-30
群益大甲,2580.0,0,200,918g,2454,2026-04-30
群益大甲,2590.0,1,0,918g,2454,2026-04-30
群益大甲,2600.0,1,0,918g,2454,2026-04-30
群益大甲,2615.0,1020,0,918g,2454,2026-04-30
群益大甲,2625.0,1002,1,918g,2454,2026-04-30
群益大甲,2640.0,0,1000,918g,2454,2026-04-30
群益大甲,2660.0,0,1000,918g,2454,2026-04-30
群益新莊,2585.0,1,0,918G,2454,2026-04-30
群益新莊,2600.0,102,0,918G,2454,2026-04-30
群益新莊,2610.0,5,30,918G,2454,2026-04-30
群益新莊,2620.0,0,10,918G,2454,2026-04-30
群益新莊,2630.0,1000,61,918G,2454,2026-04-30
群益新莊,2640.0,4,6,918G,2454,2026-04-30
群益大安,2655.0,0,15000,918e,2454,2026-04-30
群益大安,2645.0,20000,1000,918e,2454,2026-04-30
群益大安,2630.0,21000,34000,918e,2454,2026-04-30
群益大安,2615.0,32000,5000,918e,2454,2026-04-30
群益鳳山,2590.0,2,0,918c,2454,2026-04-30
群益鳳山,2600.0,1,15,918c,2454,2026-04-30
群益鳳山,2610.0,0,2,918c,2454,2026-04-30
群益鳳山,2620.0,1,10,918c,2454,2026-04-30
群益鳳山,2635.0,48,2,918c,2454,2026-04-30
群益古亭,2575.0,1,0,918C,2454,2026-04-30
群益古亭,2585.0,110,1000,918C,2454,2026-04-30
群益古亭,2595.0,0,30,918C,2454,2026-04-30
群益古亭,2605.0,16,80,918C,2454,2026-04-30
群益古亭,2615.0,0,1010,918C,2454,2026-04-30
群益古亭,2625.0,100,436,918C,2454,2026-04-30
群益古亭,2635.0,20,101,918C,2454,2026-04-30
群益古亭,2645.0,70,100,918C,2454,2026-04-30
群益板橋,2640.0,0,50,918B,2454,2026-04-30
群益古亭,2665.0,10000,0,918C,2454,2026-04-30
群益內湖,2625.0,1001,44,918d,2454,2026-04-30
群益內湖,2645.0,1000,0,918d,2454,2026-04-30
群益東門,2575.0,5,0,918D,2454,2026-04-30
群益東門,2585.0,1,0,918D,2454,2026-04-30
群益東門,2600.0,1,0,918D,2454,2026-04-30
群益東門,2610.0,2001,0,918D,2454,2026-04-30
群益東門,2620.0,24,73,918D,2454,2026-04-30
群益東門,2630.0,0,1251,918D,2454,2026-04-30
群益東門,2640.0,0,100,918D,2454,2026-04-30
群益東門,2650.0,0,51,918D,2454,2026-04-30
群益大安,2580.0,0,5000,918e,2454,2026-04-30
群益大安,2595.0,0,5000,918e,2454,2026-04-30
群益大安,2605.0,9000,5000,918e,2454,2026-04-30
群益內湖,2605.0,1000,0,918d,2454,2026-04-30
凱基板橋,2580.0,5,0,920A,2454,2026-04-30
凱基板橋,2595.0,76,10,920A,2454,2026-04-30
凱基板橋,2610.0,0,244,920A,2454,2026-04-30
凱基城中,2660.0,1000,2000,9227,2454,2026-04-30
凱基中山,2570.0,1000,0,9229,2454,2026-04-30
凱基中山,2580.0,2100,1020,9229,2454,2026-04-30
凱基中山,2590.0,2,1000,9229,2454,2026-04-30
凱基中山,2605.0,3,100,9229,2454,2026-04-30
凱基中山,2615.0,100,2005,9229,2454,2026-04-30
凱基中山,2625.0,124,115,9229,2454,2026-04-30
凱基中山,2635.0,100,0,9229,2454,2026-04-30
凱基中山,2645.0,0,100,9229,2454,2026-04-30
凱基中山,2655.0,0,1000,9229,2454,2026-04-30
凱基中山,2675.0,1000,0,9229,2454,2026-04-30
凱基屏東,2590.0,70,10,922C,2454,2026-04-30
凱基屏東,2605.0,1,10,922C,2454,2026-04-30
凱基屏東,2615.0,24,10,922C,2454,2026-04-30
凱基屏東,2625.0,1,0,922C,2454,2026-04-30
凱基屏東,2635.0,2,100,922C,2454,2026-04-30
凱基屏東,2655.0,0,1000,922C,2454,2026-04-30
凱基員林,2605.0,8,2,9231,2454,2026-04-30
凱基員林,2650.0,15,0,9231,2454,2026-04-30
凱基長庚,2575.0,50,3000,9233,2454,2026-04-30
凱基長庚,2585.0,7,0,9233,2454,2026-04-30
凱基長庚,2595.0,21,30,9233,2454,2026-04-30
凱基長庚,2610.0,3100,1005,9233,2454,2026-04-30
凱基長庚,2620.0,1,1000,9233,2454,2026-04-30
凱基長庚,2630.0,1000,10,9233,2454,2026-04-30
凱基長庚,2645.0,1,1050,9233,2454,2026-04-30
凱基竹北,2575.0,1002,370,9234,2454,2026-04-30
凱基城中,2645.0,0,1000,9227,2454,2026-04-30
凱基城中,2630.0,0,1060,9227,2454,2026-04-30
凱基城中,2620.0,1021,1020,9227,2454,2026-04-30
凱基城中,2610.0,1000,100,9227,2454,2026-04-30
凱基新莊,2605.0,1005,0,921S,2454,2026-04-30
凱基新莊,2615.0,5,0,921S,2454,2026-04-30
凱基新莊,2630.0,14,3030,921S,2454,2026-04-30
凱基新莊,2655.0,1,50,921S,2454,2026-04-30
凱基東勢,2580.0,100,0,921Y,2454,2026-04-30
凱基東勢,2590.0,100,0,921Y,2454,2026-04-30
凱基東勢,2605.0,2000,0,921Y,2454,2026-04-30
凱基東勢,2630.0,10,0,921Y,2454,2026-04-30
凱基東勢,2645.0,0,2000,921Y,2454,2026-04-30
凱基東勢,2665.0,2000,0,921Y,2454,2026-04-30
凱基豐中,2590.0,0,10,9223,2454,2026-04-30
凱基豐中,2605.0,0,5,9223,2454,2026-04-30
凱基豐中,2615.0,0,9,9223,2454,2026-04-30
凱基竹北,2585.0,10,0,9234,2454,2026-04-30
凱基豐中,2625.0,30,60,9223,2454,2026-04-30
凱基豐中,2645.0,0,1000,9223,2454,2026-04-30
凱基豐中,2660.0,1000,0,9223,2454,2026-04-30
凱基內埔,2590.0,101,0,9225,2454,2026-04-30
凱基內埔,2605.0,1000,0,9225,2454,2026-04-30
凱基內埔,2620.0,10,0,9225,2454,2026-04-30
凱基內埔,2635.0,0,15,9225,2454,2026-04-30
凱基汐止,2575.0,0,1000,9226,2454,2026-04-30
凱基汐止,2585.0,0,1000,9226,2454,2026-04-30
凱基汐止,2600.0,0,10,9226,2454,2026-04-30
凱基汐止,2625.0,2000,1000,9226,2454,2026-04-30
凱基汐止,2665.0,2000,0,9226,2454,2026-04-30
凱基城中,2585.0,100,100,9227,2454,2026-04-30
凱基城中,2595.0,2005,1,9227,2454,2026-04-30
凱基豐中,2635.0,0,10,9223,2454,2026-04-30
凱基新莊,2595.0,50,2,921S,2454,2026-04-30
凱基竹北,2600.0,33,50,9234,2454,2026-04-30
凱基竹北,2620.0,0,30,9234,2454,2026-04-30
凱基市政,2650.0,3,10,9239,2454,2026-04-30
凱基市政,2665.0,1000,0,9239,2454,2026-04-30
凱基嘉義,2575.0,41,0,9252,2454,2026-04-30
凱基嘉義,2585.0,10,1,9252,2454,2026-04-30
凱基嘉義,2595.0,1000,0,9252,2454,2026-04-30
凱基嘉義,2605.0,1000,2,9252,2454,2026-04-30
凱基嘉義,2615.0,5,3,9252,2454,2026-04-30
凱基嘉義,2625.0,50,15,9252,2454,2026-04-30
凱基嘉義,2635.0,0,1056,9252,2454,2026-04-30
凱基嘉義,2655.0,0,101,9252,2454,2026-04-30
凱基科園,2575.0,2,0,9254,2454,2026-04-30
凱基科園,2585.0,3,0,9254,2454,2026-04-30
凱基科園,2600.0,28,30,9254,2454,2026-04-30
凱基科園,2610.0,109,90,9254,2454,2026-04-30
凱基科園,2620.0,350,120,9254,2454,2026-04-30
凱基科園,2630.0,2,1120,9254,2454,2026-04-30
凱基科園,2640.0,0,1060,9254,2454,2026-04-30
凱基科園,2650.0,52,2071,9254,2454,2026-04-30
凱基和平,2575.0,1000,0,9255,2454,2026-04-30
凱基和平,2590.0,10,0,9255,2454,2026-04-30
凱基和平,2610.0,1000,225,9255,2454,2026-04-30
凱基和平,2625.0,35,6,9255,2454,2026-04-30
凱基和平,2635.0,50,50,9255,2454,2026-04-30
凱基和平,2645.0,0,100,9255,2454,2026-04-30
凱基和平,2670.0,1000,0,9255,2454,2026-04-30
凱基南崁,2585.0,1,0,9256,2454,2026-04-30
凱基南崁,2610.0,0,10,9256,2454,2026-04-30
凱基市政,2640.0,1000,1100,9239,2454,2026-04-30
凱基市政,2630.0,3010,80,9239,2454,2026-04-30
凱基市政,2620.0,2000,1000,9239,2454,2026-04-30
凱基市政,2610.0,1010,2050,9239,2454,2026-04-30
凱基竹北,2630.0,278,175,9234,2454,2026-04-30
凱基竹北,2640.0,0,70,9234,2454,2026-04-30
凱基竹北,2650.0,0,20,9234,2454,2026-04-30
凱基永華,2575.0,20,0,9235,2454,2026-04-30
凱基永華,2600.0,1042,0,9235,2454,2026-04-30
凱基永華,2620.0,1,3,9235,2454,2026-04-30
凱基永華,2630.0,0,203,9235,2454,2026-04-30
凱基永華,2640.0,1,10,9235,2454,2026-04-30
凱基永華,2655.0,0,1,9235,2454,2026-04-30
凱基虎尾,2595.0,400,0,9236,2454,2026-04-30
凱基虎尾,2610.0,0,30,9236,2454,2026-04-30
凱基虎尾,2630.0,1000,11,9236,2454,2026-04-30
凱基虎尾,2650.0,0,1000,9236,2454,2026-04-30
凱基竹北,2610.0,0,125,9234,2454,2026-04-30
凱基敦北,2575.0,2,0,9237,2454,2026-04-30
凱基敦北,2595.0,0,200,9237,2454,2026-04-30
凱基敦北,2605.0,2,10000,9237,2454,2026-04-30
凱基敦北,2620.0,130,0,9237,2454,2026-04-30
凱基敦北,2645.0,4000,5000,9237,2454,2026-04-30
凱基敦北,2670.0,0,1000,9237,2454,2026-04-30
凱基士林,2585.0,100,5,9238,2454,2026-04-30
凱基士林,2600.0,5,0,9238,2454,2026-04-30
凱基士林,2615.0,5,0,9238,2454,2026-04-30
凱基士林,2625.0,261,477,9238,2454,2026-04-30
凱基士林,2645.0,1000,0,9238,2454,2026-04-30
凱基士林,2655.0,50,0,9238,2454,2026-04-30
凱基市政,2585.0,2000,5,9239,2454,2026-04-30
凱基市政,2600.0,2,2015,9239,2454,2026-04-30
凱基敦北,2585.0,1,25,9237,2454,2026-04-30
凱基新莊,2575.0,0,2150,921S,2454,2026-04-30
凱基八德,2635.0,0,1000,921M,2454,2026-04-30
凱基八德,2620.0,0,1150,921M,2454,2026-04-30
凱基基隆,2595.0,100,0,920H,2454,2026-04-30
凱基基隆,2610.0,0,100,920H,2454,2026-04-30
凱基基隆,2620.0,50,0,920H,2454,2026-04-30
凱基基隆,2630.0,1001,0,920H,2454,2026-04-30
凱基基隆,2645.0,0,1003,920H,2454,2026-04-30
凱基宜蘭,2600.0,2,50,920M,2454,2026-04-30
凱基宜蘭,2620.0,0,8,920M,2454,2026-04-30
凱基宜蘭,2630.0,1000,0,920M,2454,2026-04-30
凱基宜蘭,2640.0,5,0,920M,2454,2026-04-30
凱基湖口,2580.0,7,0,920N,2454,2026-04-30
凱基湖口,2595.0,5,0,920N,2454,2026-04-30
凱基湖口,2605.0,0,6,920N,2454,2026-04-30
凱基湖口,2615.0,100,24,920N,2454,2026-04-30
凱基湖口,2625.0,50,10,920N,2454,2026-04-30
凱基湖口,2635.0,0,1000,920N,2454,2026-04-30
凱基湖口,2645.0,0,5,920N,2454,2026-04-30
凱基新店,2575.0,10,0,920V,2454,2026-04-30
凱基新店,2615.0,0,1,920V,2454,2026-04-30
凱基新店,2625.0,2,50,920V,2454,2026-04-30
凱基新店,2640.0,0,20,920V,2454,2026-04-30
凱基大里,2585.0,0,50,920W,2454,2026-04-30
凱基大里,2600.0,40,180,920W,2454,2026-04-30
凱基大里,2610.0,0,7,920W,2454,2026-04-30
凱基大里,2625.0,5,1005,920W,2454,2026-04-30
凱基大里,2640.0,0,15,920W,2454,2026-04-30
凱基台東,2575.0,15,0,920Z,2454,2026-04-30
凱基台東,2590.0,13,0,920Z,2454,2026-04-30
凱基基隆,2580.0,0,250,920H,2454,2026-04-30
凱基彰化,2655.0,10,1,920G,2454,2026-04-30
凱基彰化,2645.0,0,1002,920G,2454,2026-04-30
凱基彰化,2635.0,1000,1052,920G,2454,2026-04-30
凱基板橋,2620.0,0,71,920A,2454,2026-04-30
凱基板橋,2630.0,2,1200,920A,2454,2026-04-30
凱基板橋,2640.0,0,1550,920A,2454,2026-04-30
凱基雙和,2575.0,2,0,920C,2454,2026-04-30
凱基雙和,2585.0,8,0,920C,2454,2026-04-30
凱基雙和,2595.0,10,0,920C,2454,2026-04-30
凱基雙和,2605.0,5,1000,920C,2454,2026-04-30
凱基雙和,2620.0,0,1002,920C,2454,2026-04-30
凱基雙和,2630.0,10,165,920C,2454,2026-04-30
凱基雙和,2640.0,0,102,920C,2454,2026-04-30
凱基雙和,2650.0,0,114,920C,2454,2026-04-30
凱基市府,2580.0,10,0,920D,2454,2026-04-30
凱基市府,2600.0,30,0,920D,2454,2026-04-30
凱基台東,2605.0,0,10,920Z,2454,2026-04-30
凱基市府,2625.0,1000,0,920D,2454,2026-04-30
凱基站前,2585.0,2003,2070,920F,2454,2026-04-30
凱基站前,2595.0,6,1000,920F,2454,2026-04-30
凱基站前,2605.0,1021,15,920F,2454,2026-04-30
凱基站前,2615.0,1007,11079,920F,2454,2026-04-30
凱基站前,2625.0,47,7134,920F,2454,2026-04-30
凱基站前,2635.0,0,1032,920F,2454,2026-04-30
凱基站前,2645.0,0,1020,920F,2454,2026-04-30
凱基站前,2655.0,1000,1100,920F,2454,2026-04-30
凱基站前,2680.0,1000,0,920F,2454,2026-04-30
凱基彰化,2585.0,1000,0,920G,2454,2026-04-30
凱基彰化,2600.0,20,10,920G,2454,2026-04-30
凱基彰化,2610.0,0,42,920G,2454,2026-04-30
凱基彰化,2625.0,1000,1,920G,2454,2026-04-30
凱基站前,2575.0,4000,2000,920F,2454,2026-04-30
凱基台東,2625.0,0,20,920Z,2454,2026-04-30
凱基台東,2635.0,0,500,920Z,2454,2026-04-30
凱基台南,2575.0,255,0,9211,2454,2026-04-30
凱基大直,2610.0,0,40,9218,2454,2026-04-30
凱基大直,2620.0,1100,1,9218,2454,2026-04-30
凱基大直,2630.0,0,1052,9218,2454,2026-04-30
凱基大直,2645.0,20,0,9218,2454,2026-04-30
凱基大直,2665.0,1000,1000,9218,2454,2026-04-30
凱基民權,2575.0,100,1,921C,2454,2026-04-30
凱基民權,2585.0,7,1000,921C,2454,2026-04-30
凱基民權,2595.0,80,0,921C,2454,2026-04-30
凱基民權,2605.0,100,5,921C,2454,2026-04-30
凱基民權,2615.0,172,35,921C,2454,2026-04-30
凱基民權,2625.0,30,11,921C,2454,2026-04-30
凱基民權,2635.0,5,0,921C,2454,2026-04-30
凱基民權,2645.0,10,2,921C,2454,2026-04-30
凱基大直,2595.0,100,0,9218,2454,2026-04-30
凱基民權,2655.0,10,1000,921C,2454,2026-04-30
凱基三峽,2610.0,1,100,921E,2454,2026-04-30
凱基三峽,2625.0,0,402,921E,2454,2026-04-30
凱基三峽,2635.0,0,1000,921E,2454,2026-04-30
凱基三峽,2645.0,1000,50,921E,2454,2026-04-30
凱基五股,2580.0,10,0,921G,2454,2026-04-30
凱基五股,2595.0,16,0,921G,2454,2026-04-30
凱基五股,2620.0,0,10,921G,2454,2026-04-30
凱基五股,2635.0,1000,6,921G,2454,2026-04-30
凱基土城,2575.0,110,0,921J,2454,2026-04-30
凱基土城,2605.0,0,50,921J,2454,2026-04-30
凱基土城,2615.0,100,0,921J,2454,2026-04-30
凱基土城,2635.0,1,0,921J,2454,2026-04-30
凱基八德,2600.0,0,2,921M,2454,2026-04-30
凱基三峽,2585.0,1,0,921E,2454,2026-04-30
群益館前,2635.0,0,10,913Y,2454,2026-04-30
凱基大直,2585.0,1,1000,9218,2454,2026-04-30
凱基松山,2645.0,0,105,9217,2454,2026-04-30
凱基台南,2585.0,1007,0,9211,2454,2026-04-30
凱基台南,2600.0,10,1250,9211,2454,2026-04-30
凱基台南,2610.0,3026,2100,9211,2454,2026-04-30
凱基台南,2620.0,90,10,9211,2454,2026-04-30
凱基台南,2630.0,10,2000,9211,2454,2026-04-30
凱基台南,2640.0,10,1000,9211,2454,2026-04-30
凱基台南,2665.0,1000,0,9211,2454,2026-04-30
凱基東港,2590.0,1,0,9212,2454,2026-04-30
凱基東港,2610.0,100,16,9212,2454,2026-04-30
凱基東港,2630.0,1000,10,9212,2454,2026-04-30
凱基東港,2650.0,0,3,9212,2454,2026-04-30
凱基高美,2575.0,1000,0,9215,2454,2026-04-30
凱基高美,2585.0,0,25,9215,2454,2026-04-30
凱基松山,2655.0,0,2000,9217,2454,2026-04-30
凱基高美,2600.0,0,100,9215,2454,2026-04-30
凱基高美,2620.0,0,80,9215,2454,2026-04-30
凱基高美,2630.0,1020,1000,9215,2454,2026-04-30
凱基高美,2640.0,0,100,9215,2454,2026-04-30
凱基高美,2650.0,0,110,9215,2454,2026-04-30
凱基信義,2580.0,19,5000,9216,2454,2026-04-30
凱基信義,2610.0,5000,0,9216,2454,2026-04-30
凱基信義,2630.0,20,1000,9216,2454,2026-04-30
凱基松山,2580.0,0,1000,9217,2454,2026-04-30
凱基松山,2590.0,1,13,9217,2454,2026-04-30
凱基松山,2600.0,1050,95,9217,2454,2026-04-30
凱基松山,2615.0,1109,20,9217,2454,2026-04-30
凱基松山,2625.0,1000,3010,9217,2454,2026-04-30
凱基松山,2635.0,1000,0,9217,2454,2026-04-30
凱基高美,2610.0,0,1000,9215,2454,2026-04-30
大昌桃園,2595.0,5,0,6465,2454,2026-04-30
富邦七賢,2670.0,0,1000,961K,2454,2026-04-30
大昌新店,2640.0,0,10,6464,2454,2026-04-30
永豐竹科,2655.0,1020,0,9A9X,2454,2026-04-30
永豐竹科,2665.0,1000,0,9A9X,2454,2026-04-30
永豐板盛,2575.0,1005,0,9A9Y,2454,2026-04-30
永豐板盛,2590.0,10,0,9A9Y,2454,2026-04-30
永豐板盛,2610.0,0,1000,9A9Y,2454,2026-04-30
永豐板盛,2620.0,55,10,9A9Y,2454,2026-04-30
永豐板盛,2630.0,1010,0,9A9Y,2454,2026-04-30
永豐板盛,2640.0,1,2,9A9Y,2454,2026-04-30
永豐板盛,2650.0,0,5,9A9Y,2454,2026-04-30
永豐復興,2570.0,1000,0,9A9Z,2454,2026-04-30
永豐復興,2590.0,2000,0,9A9Z,2454,2026-04-30
永豐復興,2605.0,3,100,9A9Z,2454,2026-04-30
永豐復興,2625.0,5,55,9A9Z,2454,2026-04-30
永豐復興,2635.0,5,0,9A9Z,2454,2026-04-30
永豐復興,2655.0,0,15,9A9Z,2454,2026-04-30
台新證券,2580.0,1422,1049,9B00,2454,2026-04-30
台新證券,2590.0,1491,117,9B00,2454,2026-04-30
台新證券,2600.0,1373,2188,9B00,2454,2026-04-30
台新證券,2610.0,28417,10245,9B00,2454,2026-04-30
台新證券,2620.0,1603,15697,9B00,2454,2026-04-30
台新證券,2630.0,3760,4454,9B00,2454,2026-04-30
台新證券,2640.0,135,13175,9B00,2454,2026-04-30
台新證券,2650.0,1003,255,9B00,2454,2026-04-30
台新證券,2660.0,5000,0,9B00,2454,2026-04-30
台新證券,2670.0,1000,0,9B00,2454,2026-04-30
台新證券,2685.0,0,1000,9B00,2454,2026-04-30
台新新營,2590.0,1,62,9B11,2454,2026-04-30
永豐竹科,2645.0,1050,44,9A9X,2454,2026-04-30
永豐竹科,2635.0,2036,124,9A9X,2454,2026-04-30
永豐竹科,2625.0,157,3109,9A9X,2454,2026-04-30
永豐竹科,2615.0,57,2163,9A9X,2454,2026-04-30
永豐中正,2595.0,1000,0,9A9U,2454,2026-04-30
永豐中正,2605.0,22,1,9A9U,2454,2026-04-30
永豐中正,2615.0,131,3020,9A9U,2454,2026-04-30
永豐中正,2625.0,3060,1025,9A9U,2454,2026-04-30
永豐中正,2635.0,270,232,9A9U,2454,2026-04-30
永豐中正,2645.0,0,12,9A9U,2454,2026-04-30
永豐中正,2675.0,0,1000,9A9U,2454,2026-04-30
永豐市政,2580.0,8,101,9A9W,2454,2026-04-30
永豐市政,2590.0,80,51,9A9W,2454,2026-04-30
永豐市政,2600.0,1005,125,9A9W,2454,2026-04-30
永豐市政,2610.0,1783,526,9A9W,2454,2026-04-30
永豐市政,2620.0,1153,162,9A9W,2454,2026-04-30
永豐市政,2630.0,1108,3915,9A9W,2454,2026-04-30
台新新營,2600.0,1001,52,9B11,2454,2026-04-30
永豐市政,2640.0,8,1377,9A9W,2454,2026-04-30
永豐市政,2665.0,1000,1000,9A9W,2454,2026-04-30
永豐桃園,2575.0,31,2,9A9x,2454,2026-04-30
永豐桃園,2585.0,50,0,9A9x,2454,2026-04-30
永豐桃園,2600.0,115,3,9A9x,2454,2026-04-30
永豐桃園,2615.0,50,1030,9A9x,2454,2026-04-30
永豐桃園,2625.0,3197,1120,9A9x,2454,2026-04-30
永豐桃園,2635.0,0,113,9A9x,2454,2026-04-30
永豐桃園,2650.0,0,70,9A9x,2454,2026-04-30
永豐桃園,2660.0,1000,0,9A9x,2454,2026-04-30
永豐竹科,2575.0,21,7000,9A9X,2454,2026-04-30
永豐竹科,2585.0,2,1113,9A9X,2454,2026-04-30
永豐竹科,2595.0,25,1053,9A9X,2454,2026-04-30
永豐竹科,2605.0,8,114,9A9X,2454,2026-04-30
永豐市政,2650.0,1000,240,9A9W,2454,2026-04-30
永豐中正,2585.0,257,120,9A9U,2454,2026-04-30
台新新營,2610.0,34,1063,9B11,2454,2026-04-30
台新新營,2630.0,0,1026,9B11,2454,2026-04-30
台新建北,2650.0,10,0,9B18,2454,2026-04-30
台新建北,2665.0,0,20000,9B18,2454,2026-04-30
台新新莊,2590.0,25,0,9B19,2454,2026-04-30
台新新莊,2600.0,0,20,9B19,2454,2026-04-30
台新新莊,2610.0,204,5010,9B19,2454,2026-04-30
台新新莊,2620.0,10,1069,9B19,2454,2026-04-30
台新新莊,2630.0,0,40,9B19,2454,2026-04-30
台新新莊,2640.0,0,212,9B19,2454,2026-04-30
台新左楠,2575.0,70,0,9B1d,2454,2026-04-30
台新左楠,2585.0,10,0,9B1d,2454,2026-04-30
台新左楠,2600.0,52,0,9B1d,2454,2026-04-30
台新左楠,2610.0,0,1110,9B1d,2454,2026-04-30
台新左楠,2620.0,107,40,9B1d,2454,2026-04-30
台新左楠,2630.0,52,1000,9B1d,2454,2026-04-30
台新左楠,2640.0,0,100,9B1d,2454,2026-04-30
台新左楠,2650.0,40,0,9B1d,2454,2026-04-30
台新高雄,2575.0,1141,1000,9B1g,2454,2026-04-30
台新高雄,2585.0,1210,0,9B1g,2454,2026-04-30
台新高雄,2595.0,0,54,9B1g,2454,2026-04-30
台新高雄,2605.0,2035,1124,9B1g,2454,2026-04-30
台新高雄,2615.0,1000,45,9B1g,2454,2026-04-30
台新高雄,2625.0,1022,6125,9B1g,2454,2026-04-30
台新高雄,2635.0,155,3076,9B1g,2454,2026-04-30
台新高雄,2645.0,2050,2050,9B1g,2454,2026-04-30
台新高雄,2655.0,0,1000,9B1g,2454,2026-04-30
台新台中,2575.0,60,2,9B1h,2454,2026-04-30
台新台中,2585.0,1036,1055,9B1h,2454,2026-04-30
台新建北,2635.0,133,1000,9B18,2454,2026-04-30
台新建北,2625.0,1103,20018,9B18,2454,2026-04-30
台新建北,2615.0,1000,15,9B18,2454,2026-04-30
台新建北,2605.0,55,1003,9B18,2454,2026-04-30
台新新營,2640.0,20,3,9B11,2454,2026-04-30
台新新營,2650.0,10,52,9B11,2454,2026-04-30
台新新營,2675.0,1000,0,9B11,2454,2026-04-30
台新三民,2580.0,2012,50,9B13,2454,2026-04-30
台新三民,2595.0,200,20,9B13,2454,2026-04-30
台新三民,2610.0,3,1037,9B13,2454,2026-04-30
台新三民,2620.0,1000,11,9B13,2454,2026-04-30
台新三民,2630.0,2000,2006,9B13,2454,2026-04-30
台新三民,2640.0,1000,0,9B13,2454,2026-04-30
台新三民,2650.0,0,1000,9B13,2454,2026-04-30
台新松江,2580.0,0,25,9B15,2454,2026-04-30
台新松江,2595.0,2000,50,9B15,2454,2026-04-30
台新松江,2620.0,0,2111,9B15,2454,2026-04-30
台新新營,2620.0,1000,3,9B11,2454,2026-04-30
台新松江,2630.0,1000,10,9B15,2454,2026-04-30
台新松江,2655.0,0,1000,9B15,2454,2026-04-30
台新台南,2575.0,0,1020,9B16,2454,2026-04-30
台新台南,2585.0,115,1000,9B16,2454,2026-04-30
台新台南,2595.0,1010,310,9B16,2454,2026-04-30
台新台南,2605.0,21,17,9B16,2454,2026-04-30
台新台南,2615.0,23,267,9B16,2454,2026-04-30
台新台南,2625.0,115,350,9B16,2454,2026-04-30
台新台南,2635.0,2000,95,9B16,2454,2026-04-30
台新台南,2645.0,0,35,9B16,2454,2026-04-30
台新台南,2655.0,1000,2000,9B16,2454,2026-04-30
台新建北,2575.0,1000,0,9B18,2454,2026-04-30
台新建北,2585.0,26,1000,9B18,2454,2026-04-30
台新建北,2595.0,20,21,9B18,2454,2026-04-30
台新松江,2640.0,1000,2000,9B15,2454,2026-04-30
台新台中,2595.0,36,0,9B1h,2454,2026-04-30
永豐中正,2575.0,1000,0,9A9U,2454,2026-04-30
永豐南京,2650.0,0,1380,9A9S,2454,2026-04-30
永豐嘉義,2620.0,400,130,9A9j,2454,2026-04-30
永豐嘉義,2630.0,1010,2000,9A9j,2454,2026-04-30
永豐板新,2570.0,1000,0,9A9J,2454,2026-04-30
永豐板新,2580.0,53,0,9A9J,2454,2026-04-30
永豐板新,2590.0,2020,1200,9A9J,2454,2026-04-30
永豐板新,2600.0,2061,113,9A9J,2454,2026-04-30
永豐板新,2610.0,530,4016,9A9J,2454,2026-04-30
永豐板新,2620.0,5272,3151,9A9J,2454,2026-04-30
永豐板新,2630.0,1312,44072,9A9J,2454,2026-04-30
永豐板新,2640.0,10,3060,9A9J,2454,2026-04-30
永豐板新,2650.0,1000,10034,9A9J,2454,2026-04-30
永豐板新,2660.0,5000,0,9A9J,2454,2026-04-30
永豐三重,2580.0,13,50,9A9K,2454,2026-04-30
永豐三重,2590.0,300,0,9A9K,2454,2026-04-30
永豐三重,2600.0,105,5,9A9K,2454,2026-04-30
永豐三重,2610.0,10,1002,9A9K,2454,2026-04-30
永豐三重,2620.0,0,5,9A9K,2454,2026-04-30
永豐三重,2630.0,1000,0,9A9K,2454,2026-04-30
永豐三重,2640.0,0,2,9A9K,2454,2026-04-30
永豐三重,2670.0,1000,0,9A9K,2454,2026-04-30
永豐台中,2580.0,1015,395,9A9L,2454,2026-04-30
永豐台中,2590.0,26,110,9A9L,2454,2026-04-30
永豐台中,2600.0,155,1100,9A9L,2454,2026-04-30
永豐台中,2610.0,1009,2178,9A9L,2454,2026-04-30
永豐台中,2620.0,108,385,9A9L,2454,2026-04-30
永豐台中,2630.0,40,1045,9A9L,2454,2026-04-30
永豐台中,2640.0,8,53,9A9L,2454,2026-04-30
永豐嘉義,2600.0,10,0,9A9j,2454,2026-04-30
永豐新店,2655.0,100,0,9A9i,2454,2026-04-30
永豐新店,2640.0,0,20,9A9i,2454,2026-04-30
永豐新店,2630.0,1020,1001,9A9i,2454,2026-04-30
永豐內湖,2640.0,0,10,9A9g,2454,2026-04-30
永豐內湖,2660.0,2000,0,9A9g,2454,2026-04-30
永豐內湖,2675.0,1000,0,9A9g,2454,2026-04-30
永豐天母,2585.0,0,40,9A9G,2454,2026-04-30
永豐天母,2600.0,2000,0,9A9G,2454,2026-04-30
永豐天母,2610.0,1105,1100,9A9G,2454,2026-04-30
永豐天母,2620.0,0,10,9A9G,2454,2026-04-30
永豐天母,2630.0,1000,1005,9A9G,2454,2026-04-30
永豐天母,2645.0,0,5000,9A9G,2454,2026-04-30
永豐天母,2665.0,1000,0,9A9G,2454,2026-04-30
永豐台南,2580.0,15,0,9A9h,2454,2026-04-30
永豐台南,2590.0,11,10,9A9h,2454,2026-04-30
永豐台南,2605.0,21,63,9A9h,2454,2026-04-30
永豐台中,2650.0,20,9,9A9L,2454,2026-04-30
永豐台南,2615.0,7,0,9A9h,2454,2026-04-30
永豐台南,2635.0,1016,83,9A9h,2454,2026-04-30
永豐台南,2645.0,0,10,9A9h,2454,2026-04-30
永豐台南,2655.0,5,1,9A9h,2454,2026-04-30
永豐新莊,2590.0,0,30,9A9H,2454,2026-04-30
永豐新莊,2600.0,1000,0,9A9H,2454,2026-04-30
永豐新莊,2610.0,0,15,9A9H,2454,2026-04-30
永豐新莊,2620.0,0,5,9A9H,2454,2026-04-30
永豐新莊,2630.0,1025,1005,9A9H,2454,2026-04-30
永豐新莊,2650.0,0,2001,9A9H,2454,2026-04-30
永豐新店,2585.0,43,0,9A9i,2454,2026-04-30
永豐新店,2595.0,130,1000,9A9i,2454,2026-04-30
永豐新店,2605.0,105,0,9A9i,2454,2026-04-30
永豐新店,2620.0,50,220,9A9i,2454,2026-04-30
永豐台南,2625.0,6,98,9A9h,2454,2026-04-30
永豐南京,2665.0,0,3000,9A9S,2454,2026-04-30
永豐台中,2665.0,1000,0,9A9L,2454,2026-04-30
永豐南投,2590.0,0,2,9A9M,2454,2026-04-30
永豐北高,2590.0,21,10,9A9r,2454,2026-04-30
永豐北高,2600.0,36,0,9A9r,2454,2026-04-30
永豐北高,2610.0,252,5,9A9r,2454,2026-04-30
永豐北高,2620.0,51,2,9A9r,2454,2026-04-30
永豐北高,2630.0,3020,2,9A9r,2454,2026-04-30
永豐北高,2640.0,0,200,9A9r,2454,2026-04-30
永豐北高,2650.0,0,5,9A9r,2454,2026-04-30
永豐信義,2580.0,0,200,9A9R,2454,2026-04-30
永豐信義,2595.0,90,25,9A9R,2454,2026-04-30
永豐信義,2605.0,20,0,9A9R,2454,2026-04-30
永豐信義,2615.0,20,1001,9A9R,2454,2026-04-30
永豐信義,2625.0,230,105,9A9R,2454,2026-04-30
永豐信義,2635.0,200,0,9A9R,2454,2026-04-30
永豐彰化,2575.0,15,0,9A9s,2454,2026-04-30
永豐彰化,2590.0,0,50,9A9s,2454,2026-04-30
永豐彰化,2600.0,0,110,9A9s,2454,2026-04-30
永豐彰化,2610.0,20,42,9A9s,2454,2026-04-30
永豐彰化,2625.0,0,85,9A9s,2454,2026-04-30
永豐彰化,2635.0,0,25,9A9s,2454,2026-04-30
永豐彰化,2645.0,0,20,9A9s,2454,2026-04-30
永豐彰化,2665.0,1000,0,9A9s,2454,2026-04-30
永豐南京,2585.0,2100,0,9A9S,2454,2026-04-30
永豐南京,2595.0,110,10,9A9S,2454,2026-04-30
永豐南京,2610.0,11,0,9A9S,2454,2026-04-30
永豐南京,2620.0,10,2,9A9S,2454,2026-04-30
永豐南京,2630.0,1002,141,9A9S,2454,2026-04-30
永豐南京,2640.0,2,1021,9A9S,2454,2026-04-30
永豐北高,2580.0,0,10,9A9r,2454,2026-04-30
永豐豐原,2650.0,0,50,9A9Q,2454,2026-04-30
永豐豐原,2640.0,0,25,9A9Q,2454,2026-04-30
永豐豐原,2625.0,3,159,9A9Q,2454,2026-04-30
永豐南投,2600.0,10,0,9A9M,2454,2026-04-30
永豐南投,2610.0,1,230,9A9M,2454,2026-04-30
永豐南投,2625.0,100,30,9A9M,2454,2026-04-30
永豐南投,2640.0,0,5,9A9M,2454,2026-04-30
永豐南投,2665.0,1000,0,9A9M,2454,2026-04-30
永豐桃盛,2580.0,21,10,9A9N,2454,2026-04-30
永豐桃盛,2595.0,0,100,9A9N,2454,2026-04-30
永豐桃盛,2605.0,0,110,9A9N,2454,2026-04-30
永豐桃盛,2615.0,40,1000,9A9N,2454,2026-04-30
永豐桃盛,2625.0,232,16,9A9N,2454,2026-04-30
永豐桃盛,2635.0,1,250,9A9N,2454,2026-04-30
永豐桃盛,2660.0,0,1000,9A9N,2454,2026-04-30
永豐竹北,2585.0,30,198,9A9P,2454,2026-04-30
永豐台中,2680.0,0,1000,9A9L,2454,2026-04-30
永豐竹北,2595.0,2000,2,9A9P,2454,2026-04-30
永豐竹北,2615.0,81,203,9A9P,2454,2026-04-30
永豐竹北,2625.0,1059,26,9A9P,2454,2026-04-30
永豐竹北,2635.0,30,18,9A9P,2454,2026-04-30
永豐竹北,2645.0,100,1000,9A9P,2454,2026-04-30
永豐潮州,2575.0,0,50,9A9q,2454,2026-04-30
永豐潮州,2585.0,3,0,9A9q,2454,2026-04-30
永豐潮州,2600.0,0,450,9A9q,2454,2026-04-30
永豐潮州,2610.0,0,3,9A9q,2454,2026-04-30
永豐潮州,2620.0,0,60,9A9q,2454,2026-04-30
永豐潮州,2630.0,0,20,9A9q,2454,2026-04-30
永豐豐原,2580.0,2,5,9A9Q,2454,2026-04-30
永豐豐原,2595.0,120,0,9A9Q,2454,2026-04-30
永豐豐原,2615.0,0,250,9A9Q,2454,2026-04-30
永豐竹北,2605.0,1,2,9A9P,2454,2026-04-30
永豐內湖,2630.0,1000,111,9A9g,2454,2026-04-30
台新台中,2605.0,240,20,9B1h,2454,2026-04-30
台新台中,2625.0,609,470,9B1h,2454,2026-04-30
台新成功,2630.0,0,2,9B2m,2454,2026-04-30
台新成功,2650.0,0,51,9B2m,2454,2026-04-30
台新彰化,2580.0,1000,10,9B2M,2454,2026-04-30
台新彰化,2600.0,0,20,9B2M,2454,2026-04-30
台新彰化,2630.0,0,2012,9B2M,2454,2026-04-30
台新彰化,2645.0,1000,0,9B2M,2454,2026-04-30
台新西松,2575.0,100,0,9B2n,2454,2026-04-30
台新西松,2585.0,1000,10028,9B2n,2454,2026-04-30
台新西松,2600.0,12,5000,9B2n,2454,2026-04-30
台新西松,2615.0,1000,1000,9B2n,2454,2026-04-30
台新西松,2625.0,361,0,9B2n,2454,2026-04-30
台新西松,2635.0,10,0,9B2n,2454,2026-04-30
台新西松,2650.0,400,2005,9B2n,2454,2026-04-30
台新西松,2670.0,2000,0,9B2n,2454,2026-04-30
台新虎尾,2605.0,85,0,9B2N,2454,2026-04-30
台新虎尾,2615.0,3,0,9B2N,2454,2026-04-30
台新虎尾,2650.0,0,1000,9B2N,2454,2026-04-30
台新新興,2580.0,151,500,9B2o,2454,2026-04-30
台新新興,2590.0,51,0,9B2o,2454,2026-04-30
台新新興,2600.0,11,20,9B2o,2454,2026-04-30
台新新興,2615.0,1000,0,9B2o,2454,2026-04-30
台新新興,2625.0,1100,20,9B2o,2454,2026-04-30
台新新興,2635.0,2060,110,9B2o,2454,2026-04-30
台新新興,2645.0,0,5000,9B2o,2454,2026-04-30
台新新興,2655.0,100,0,9B2o,2454,2026-04-30
台新同大,2575.0,50,0,9B2P,2454,2026-04-30
台新同大,2590.0,0,10,9B2P,2454,2026-04-30
台新成功,2620.0,30,50,9B2m,2454,2026-04-30
台新成功,2610.0,55,100,9B2m,2454,2026-04-30
台新成功,2595.0,1000,1000,9B2m,2454,2026-04-30
台新成功,2580.0,1000,0,9B2m,2454,2026-04-30
台新信義,2655.0,0,1000,9B2H,2454,2026-04-30
台新中港,2580.0,1000,0,9B2i,2454,2026-04-30
台新中港,2605.0,20,0,9B2i,2454,2026-04-30
台新中港,2625.0,0,1,9B2i,2454,2026-04-30
台新中港,2640.0,1000,0,9B2i,2454,2026-04-30
台新中港,2670.0,0,1000,9B2i,2454,2026-04-30
台新嘉義,2580.0,13,0,9B2I,2454,2026-04-30
台新嘉義,2590.0,51,10,9B2I,2454,2026-04-30
台新嘉義,2600.0,9,5,9B2I,2454,2026-04-30
台新嘉義,2615.0,2,0,9B2I,2454,2026-04-30
台新嘉義,2625.0,1102,16,9B2I,2454,2026-04-30
台新嘉義,2635.0,2,0,9B2I,2454,2026-04-30
台新嘉義,2650.0,20,8,9B2I,2454,2026-04-30
台新同大,2600.0,1004,0,9B2P,2454,2026-04-30
台新大裕,2580.0,2023,0,9B2l,2454,2026-04-30
台新大裕,2610.0,100,42,9B2l,2454,2026-04-30
台新大裕,2620.0,50,358,9B2l,2454,2026-04-30
台新大裕,2630.0,0,1100,9B2l,2454,2026-04-30
台新大裕,2640.0,0,2,9B2l,2454,2026-04-30
台新大裕,2650.0,3000,1054,9B2l,2454,2026-04-30
台新北壢,2580.0,1014,10,9B2L,2454,2026-04-30
台新北壢,2590.0,20,0,9B2L,2454,2026-04-30
台新北壢,2600.0,10,0,9B2L,2454,2026-04-30
台新北壢,2610.0,1001,0,9B2L,2454,2026-04-30
台新北壢,2620.0,0,10,9B2L,2454,2026-04-30
台新北壢,2630.0,0,30,9B2L,2454,2026-04-30
台新北壢,2645.0,0,1000,9B2L,2454,2026-04-30
台新北壢,2655.0,0,100,9B2L,2454,2026-04-30
台新大裕,2600.0,0,11,9B2l,2454,2026-04-30
台新信義,2645.0,0,100,9B2H,2454,2026-04-30
台新同大,2610.0,59,250,9B2P,2454,2026-04-30
台新同大,2630.0,100,1021,9B2P,2454,2026-04-30
台新世貿,2645.0,5000,21,9B2u,2454,2026-04-30
台新世貿,2655.0,1000,0,9B2u,2454,2026-04-30
台新宜蘭,2575.0,1000,0,9B2U,2454,2026-04-30
台新宜蘭,2590.0,1000,0,9B2U,2454,2026-04-30
台新宜蘭,2600.0,6,10,9B2U,2454,2026-04-30
台新宜蘭,2610.0,39,1000,9B2U,2454,2026-04-30
台新宜蘭,2620.0,1,10,9B2U,2454,2026-04-30
台新宜蘭,2635.0,2001,0,9B2U,2454,2026-04-30
台新宜蘭,2645.0,0,2000,9B2U,2454,2026-04-30
台新宜蘭,2655.0,0,2005,9B2U,2454,2026-04-30
台新宜蘭,2670.0,2000,0,9B2U,2454,2026-04-30
台新桃園,2580.0,5,0,9B2v,2454,2026-04-30
台新桃園,2590.0,0,20,9B2v,2454,2026-04-30
台新桃園,2610.0,8,30,9B2v,2454,2026-04-30
台新桃園,2620.0,100,10,9B2v,2454,2026-04-30
台新桃園,2630.0,350,41,9B2v,2454,2026-04-30
台新桃園,2650.0,0,100,9B2v,2454,2026-04-30
台新佳里,2580.0,9,0,9B2w,2454,2026-04-30
台新佳里,2605.0,0,1,9B2w,2454,2026-04-30
台新佳里,2615.0,21,2,9B2w,2454,2026-04-30
台新佳里,2625.0,0,2,9B2w,2454,2026-04-30
台新佳里,2635.0,0,1002,9B2w,2454,2026-04-30
台新吉利,2575.0,20,0,9B2W,2454,2026-04-30
台新吉利,2585.0,35,0,9B2W,2454,2026-04-30
台新吉利,2595.0,30,0,9B2W,2454,2026-04-30
台新吉利,2610.0,12,2029,9B2W,2454,2026-04-30
台新吉利,2620.0,0,1170,9B2W,2454,2026-04-30
台新世貿,2630.0,6000,11120,9B2u,2454,2026-04-30
台新世貿,2620.0,0,150,9B2u,2454,2026-04-30
台新世貿,2605.0,30,50,9B2u,2454,2026-04-30
台新世貿,2590.0,1,200,9B2u,2454,2026-04-30
台新同大,2640.0,0,4,9B2P,2454,2026-04-30
台新屏新,2585.0,1000,0,9B2q,2454,2026-04-30
台新屏新,2595.0,1002,0,9B2q,2454,2026-04-30
台新屏新,2610.0,10,1000,9B2q,2454,2026-04-30
台新屏新,2620.0,0,10,9B2q,2454,2026-04-30
台新屏新,2630.0,11,2000,9B2q,2454,2026-04-30
台新屏新,2640.0,1000,1000,9B2q,2454,2026-04-30
台新屏新,2675.0,0,1000,9B2q,2454,2026-04-30
台新敦南,2585.0,100,10,9B2Q,2454,2026-04-30
台新敦南,2605.0,200,0,9B2Q,2454,2026-04-30
台新敦南,2615.0,1000,0,9B2Q,2454,2026-04-30
台新敦南,2625.0,0,15,9B2Q,2454,2026-04-30
台新敦南,2635.0,0,5,9B2Q,2454,2026-04-30
台新同大,2620.0,0,30,9B2P,2454,2026-04-30
台新城東,2575.0,72,2022,9B2r,2454,2026-04-30
台新城東,2595.0,1000,0,9B2r,2454,2026-04-30
台新城東,2605.0,1000,20,9B2r,2454,2026-04-30
台新城東,2615.0,11,100,9B2r,2454,2026-04-30
台新城東,2625.0,1121,7000,9B2r,2454,2026-04-30
台新城東,2635.0,1000,0,9B2r,2454,2026-04-30
台新城東,2645.0,0,2000,9B2r,2454,2026-04-30
台新城東,2670.0,0,1000,9B2r,2454,2026-04-30
台新基隆,2585.0,220,0,9B2S,2454,2026-04-30
台新基隆,2595.0,50,0,9B2S,2454,2026-04-30
台新基隆,2610.0,10,0,9B2S,2454,2026-04-30
台新基隆,2625.0,0,1,9B2S,2454,2026-04-30
台新基隆,2635.0,0,50,9B2S,2454,2026-04-30
台新世貿,2575.0,0,10,9B2u,2454,2026-04-30
台新城東,2585.0,100,10,9B2r,2454,2026-04-30
台新台中,2615.0,98,85,9B1h,2454,2026-04-30
台新信義,2635.0,0,1006,9B2H,2454,2026-04-30
台新信義,2615.0,3,205,9B2H,2454,2026-04-30
台新新店,2620.0,21,80,9B22,2454,2026-04-30
台新新店,2630.0,0,1562,9B22,2454,2026-04-30
台新新店,2640.0,0,2,9B22,2454,2026-04-30
台新新店,2650.0,0,1060,9B22,2454,2026-04-30
台新三重,2580.0,1000,0,9B23,2454,2026-04-30
台新三重,2590.0,153,0,9B23,2454,2026-04-30
台新三重,2615.0,5,0,9B23,2454,2026-04-30
台新三重,2625.0,4100,150,9B23,2454,2026-04-30
台新三重,2635.0,155,0,9B23,2454,2026-04-30
台新三重,2645.0,0,3000,9B23,2454,2026-04-30
台新三重,2665.0,0,1000,9B23,2454,2026-04-30
台新三重,2675.0,0,1000,9B23,2454,2026-04-30
台新五權,2580.0,0,1000,9B25,2454,2026-04-30
台新五權,2590.0,1000,0,9B25,2454,2026-04-30
台新五權,2600.0,1005,0,9B25,2454,2026-04-30
台新五權,2610.0,2,2130,9B25,2454,2026-04-30
台新五權,2625.0,20,5079,9B25,2454,2026-04-30
台新五權,2635.0,1000,3,9B25,2454,2026-04-30
台新五權,2645.0,20050,12160,9B25,2454,2026-04-30
台新五權,2655.0,35000,5001,9B25,2454,2026-04-30
台新五權,2675.0,2000,21000,9B25,2454,2026-04-30
台新林園,2580.0,0,1000,9B27,2454,2026-04-30
台新林園,2610.0,0,1005,9B27,2454,2026-04-30
台新林園,2620.0,15,0,9B27,2454,2026-04-30
台新林園,2645.0,1000,0,9B27,2454,2026-04-30
台新林園,2655.0,0,1,9B27,2454,2026-04-30
台新北新,2615.0,0,60,9B28,2454,2026-04-30
台新新店,2610.0,1,221,9B22,2454,2026-04-30
台新新店,2600.0,1100,0,9B22,2454,2026-04-30
台新新店,2585.0,0,5,9B22,2454,2026-04-30
台新新店,2575.0,0,6,9B22,2454,2026-04-30
台新台中,2635.0,8,1063,9B1h,2454,2026-04-30
台新台中,2645.0,10,37,9B1h,2454,2026-04-30
台新台中,2655.0,1000,1000,9B1h,2454,2026-04-30
台新台中,2675.0,4000,0,9B1h,2454,2026-04-30
台新屏東,2585.0,0,70,9B1n,2454,2026-04-30
台新屏東,2600.0,0,2000,9B1n,2454,2026-04-30
台新屏東,2610.0,100,0,9B1n,2454,2026-04-30
台新屏東,2625.0,20,0,9B1n,2454,2026-04-30
台新中壢,2580.0,14,0,9B1y,2454,2026-04-30
台新中壢,2590.0,12,0,9B1y,2454,2026-04-30
台新中壢,2605.0,0,20,9B1y,2454,2026-04-30
台新中壢,2615.0,1020,0,9B1y,2454,2026-04-30
台新中壢,2625.0,1020,546,9B1y,2454,2026-04-30
台新北新,2630.0,0,25,9B28,2454,2026-04-30
台新中壢,2635.0,5,1020,9B1y,2454,2026-04-30
台新台北,2580.0,19,4000,9B20,2454,2026-04-30
台新台北,2600.0,0,10,9B20,2454,2026-04-30
台新台北,2615.0,0,1005,9B20,2454,2026-04-30
台新台北,2625.0,6005,0,9B20,2454,2026-04-30
台新台北,2635.0,8000,15,9B20,2454,2026-04-30
台新台北,2650.0,0,1000,9B20,2454,2026-04-30
台新九如,2575.0,0,1,9B21,2454,2026-04-30
台新九如,2585.0,10,0,9B21,2454,2026-04-30
台新九如,2605.0,0,1000,9B21,2454,2026-04-30
台新九如,2615.0,0,1001,9B21,2454,2026-04-30
台新九如,2625.0,1,135,9B21,2454,2026-04-30
台新九如,2635.0,7,1,9B21,2454,2026-04-30
台新九如,2645.0,1000,0,9B21,2454,2026-04-30
台新中壢,2655.0,0,100,9B1y,2454,2026-04-30
台新信義,2625.0,1003,1050,9B2H,2454,2026-04-30
台新北新,2650.0,0,20,9B28,2454,2026-04-30
台新府城,2595.0,30,0,9B29,2454,2026-04-30
台新潮州,2655.0,5,40,9B2C,2454,2026-04-30
台新大昌,2585.0,0,100,9B2D,2454,2026-04-30
台新大昌,2595.0,0,50,9B2D,2454,2026-04-30
台新大昌,2620.0,0,3,9B2D,2454,2026-04-30
台新大昌,2630.0,2,0,9B2D,2454,2026-04-30
台新大昌,2640.0,0,1000,9B2D,2454,2026-04-30
台新城中,2575.0,100,0,9B2E,2454,2026-04-30
台新城中,2585.0,0,1000,9B2E,2454,2026-04-30
台新城中,2610.0,0,1000,9B2E,2454,2026-04-30
台新城中,2625.0,1020,41,9B2E,2454,2026-04-30
台新城中,2635.0,0,1000,9B2E,2454,2026-04-30
台新城中,2645.0,0,1,9B2E,2454,2026-04-30
台新城中,2655.0,0,20,9B2E,2454,2026-04-30
台新中原,2580.0,5,1000,9B2g,2454,2026-04-30
台新中原,2595.0,1,30,9B2g,2454,2026-04-30
台新中原,2610.0,0,125,9B2g,2454,2026-04-30
台新中原,2620.0,106,0,9B2g,2454,2026-04-30
台新中原,2635.0,0,25,9B2g,2454,2026-04-30
台新中原,2675.0,1000,0,9B2g,2454,2026-04-30
台新新竹,2585.0,10,0,9B2G,2454,2026-04-30
台新新竹,2595.0,30,2,9B2G,2454,2026-04-30
台新新竹,2610.0,0,10,9B2G,2454,2026-04-30
台新新竹,2625.0,0,287,9B2G,2454,2026-04-30
台新新竹,2635.0,0,53,9B2G,2454,2026-04-30
台新新竹,2655.0,1000,0,9B2G,2454,2026-04-30
台新信義,2585.0,0,100,9B2H,2454,2026-04-30
台新信義,2600.0,0,1115,9B2H,2454,2026-04-30
台新潮州,2620.0,20,10,9B2C,2454,2026-04-30
台新潮州,2610.0,9,0,9B2C,2454,2026-04-30
台新潮州,2575.0,0,27,9B2C,2454,2026-04-30
台新烏日,2635.0,25,0,9B2c,2454,2026-04-30
台新府城,2610.0,1080,0,9B29,2454,2026-04-30
台新府城,2625.0,20,2031,9B29,2454,2026-04-30
台新府城,2650.0,0,10,9B29,2454,2026-04-30
台新松德,2580.0,10,0,9B2a,2454,2026-04-30
台新松德,2595.0,10,0,9B2a,2454,2026-04-30
台新松德,2605.0,0,145,9B2a,2454,2026-04-30
台新松德,2615.0,4,2,9B2a,2454,2026-04-30
台新松德,2625.0,2000,101,9B2a,2454,2026-04-30
台新松德,2635.0,491,100,9B2a,2454,2026-04-30
台新松德,2650.0,0,11,9B2a,2454,2026-04-30
台新緯城,2595.0,210,0,9B2A,2454,2026-04-30
台新緯城,2610.0,1050,1004,9B2A,2454,2026-04-30
台新緯城,2620.0,3,32,9B2A,2454,2026-04-30
台新府城,2580.0,20,0,9B29,2454,2026-04-30
台新緯城,2630.0,2005,1000,9B2A,2454,2026-04-30
台新緯城,2665.0,0,1000,9B2A,2454,2026-04-30
台新板橋,2585.0,0,1000,9B2b,2454,2026-04-30
台新板橋,2595.0,1021,0,9B2b,2454,2026-04-30
台新板橋,2605.0,0,10,9B2b,2454,2026-04-30
台新板橋,2615.0,1000,0,9B2b,2454,2026-04-30
台新板橋,2630.0,1005,0,9B2b,2454,2026-04-30
台新板橋,2650.0,0,1007,9B2b,2454,2026-04-30
台新永和,2585.0,0,4,9B2B,2454,2026-04-30
台新永和,2630.0,0,111,9B2B,2454,2026-04-30
台新永和,2645.0,0,20,9B2B,2454,2026-04-30
台新烏日,2590.0,2,35,9B2c,2454,2026-04-30
台新烏日,2600.0,0,1,9B2c,2454,2026-04-30
台新烏日,2625.0,5,20,9B2c,2454,2026-04-30
台新緯城,2650.0,1000,125,9B2A,2454,2026-04-30
永豐內湖,2620.0,1000,1010,9A9g,2454,2026-04-30
永豐內湖,2610.0,2015,8,9A9g,2454,2026-04-30
永豐內湖,2600.0,20,49,9A9g,2454,2026-04-30
臺銀臺中,2670.0,1000,0,104A,2454,2026-04-30
臺銀臺中,2655.0,25,0,104A,2454,2026-04-30
臺銀臺中,2645.0,104,0,104A,2454,2026-04-30
臺銀臺中,2635.0,30,2075,104A,2454,2026-04-30
臺銀臺中,2625.0,21,1187,104A,2454,2026-04-30
臺銀臺中,2615.0,16,95,104A,2454,2026-04-30
臺銀臺中,2605.0,1025,22,104A,2454,2026-04-30
臺銀臺中,2595.0,1005,30,104A,2454,2026-04-30
臺銀臺中,2585.0,60,17,104A,2454,2026-04-30
臺銀臺中,2575.0,18,0,104A,2454,2026-04-30
臺銀新竹,2650.0,0,21,1045,2454,2026-04-30
臺銀新竹,2640.0,0,2020,1045,2454,2026-04-30
臺銀新竹,2630.0,1000,27,1045,2454,2026-04-30
臺銀新竹,2620.0,33,0,1045,2454,2026-04-30
臺銀新竹,2610.0,53,2031,1045,2454,2026-04-30
臺銀新竹,2600.0,8,0,1045,2454,2026-04-30
臺銀新竹,2590.0,11,10,1045,2454,2026-04-30
臺銀新竹,2580.0,1076,150,1045,2454,2026-04-30
臺銀民權,2665.0,0,1000,1043,2454,2026-04-30
臺銀民權,2645.0,1,214,1043,2454,2026-04-30
臺銀民權,2635.0,2,1161,1043,2454,2026-04-30
臺銀民權,2625.0,203,3068,1043,2454,2026-04-30
臺銀民權,2615.0,10,1040,1043,2454,2026-04-30
臺銀民權,2600.0,52,7,1043,2454,2026-04-30
臺銀民權,2590.0,1,0,1043,2454,2026-04-30
臺銀民權,2580.0,10,1,1043,2454,2026-04-30
臺銀臺南,2645.0,0,1000,1042,2454,2026-04-30
臺銀高雄,2580.0,1465,301,104C,2454,2026-04-30
臺銀高雄,2590.0,1142,1000,104C,2454,2026-04-30
臺銀高雄,2600.0,2052,1587,104C,2454,2026-04-30
臺銀高雄,2610.0,86,634,104C,2454,2026-04-30
企銀太平,2610.0,0,25,1115,2454,2026-04-30
企銀嘉義,2615.0,0,10,1114,2454,2026-04-30
企銀嘉義,2605.0,0,50,1114,2454,2026-04-30
企銀九如,2610.0,20,0,1113,2454,2026-04-30
企銀台南,2585.0,0,2,1112,2454,2026-04-30
企銀台中,2645.0,0,3000,1111,2454,2026-04-30
企銀台中,2620.0,0,1000,1111,2454,2026-04-30
企銀台中,2595.0,0,7000,1111,2454,2026-04-30
企銀,2650.0,0,4,1110,2454,2026-04-30
企銀,2615.0,0,5,1110,2454,2026-04-30
企銀,2605.0,5,0,1110,2454,2026-04-30
企銀,2590.0,20,0,1110,2454,2026-04-30
企銀,2580.0,20,50,1110,2454,2026-04-30
臺銀臺南,2635.0,52,106,1042,2454,2026-04-30
臺銀金山,2665.0,0,2000,104D,2454,2026-04-30
臺銀金山,2640.0,0,70,104D,2454,2026-04-30
臺銀金山,2630.0,1212,4111,104D,2454,2026-04-30
臺銀金山,2620.0,0,236,104D,2454,2026-04-30
臺銀金山,2610.0,90,74,104D,2454,2026-04-30
臺銀金山,2600.0,13,80,104D,2454,2026-04-30
臺銀金山,2590.0,36,0,104D,2454,2026-04-30
臺銀金山,2580.0,18,15,104D,2454,2026-04-30
臺銀高雄,2670.0,0,1000,104C,2454,2026-04-30
臺銀高雄,2660.0,0,1000,104C,2454,2026-04-30
臺銀高雄,2650.0,151,2085,104C,2454,2026-04-30
臺銀高雄,2640.0,2,1029,104C,2454,2026-04-30
臺銀高雄,2630.0,4017,2079,104C,2454,2026-04-30
臺銀高雄,2620.0,1006,2139,104C,2454,2026-04-30
臺銀金山,2650.0,0,1055,104D,2454,2026-04-30
企銀太平,2625.0,0,10,1115,2454,2026-04-30
臺銀臺南,2625.0,1320,1052,1042,2454,2026-04-30
臺銀臺南,2605.0,85,84,1042,2454,2026-04-30
土銀新竹,2645.0,0,10,1035,2454,2026-04-30
土銀新竹,2630.0,50,1000,1035,2454,2026-04-30
土銀新竹,2620.0,60,3,1035,2454,2026-04-30
土銀新竹,2595.0,0,5,1035,2454,2026-04-30
土銀新竹,2580.0,5,0,1035,2454,2026-04-30
土銀嘉義,2645.0,1000,1200,1034,2454,2026-04-30
土銀嘉義,2605.0,0,1,1034,2454,2026-04-30
土銀嘉義,2585.0,0,1000,1034,2454,2026-04-30
土銀嘉義,2575.0,1000,0,1034,2454,2026-04-30
土銀高雄,2625.0,0,50,1033,2454,2026-04-30
土銀高雄,2575.0,2,0,1033,2454,2026-04-30
土銀台南,2620.0,0,5,1032,2454,2026-04-30
土銀台中,2650.0,0,100,1031,2454,2026-04-30
土銀台中,2630.0,0,30,1031,2454,2026-04-30
土銀台中,2580.0,0,131,1031,2454,2026-04-30
土銀,2645.0,0,10,1030,2454,2026-04-30
土銀,2635.0,0,3080,1030,2454,2026-04-30
土銀,2625.0,20,1010,1030,2454,2026-04-30
土銀,2610.0,0,1000,1030,2454,2026-04-30
土銀,2595.0,1000,0,1030,2454,2026-04-30
土銀,2585.0,0,30,1030,2454,2026-04-30
合庫三重,2660.0,1000,0,102G,2454,2026-04-30
合庫三重,2640.0,100,240,102G,2454,2026-04-30
合庫三重,2625.0,20,1000,102G,2454,2026-04-30
合庫三重,2615.0,0,15,102G,2454,2026-04-30
合庫三重,2605.0,10,20,102G,2454,2026-04-30
合庫三重,2585.0,1000,0,102G,2454,2026-04-30
土銀玉里,2600.0,10,0,1036,2454,2026-04-30
土銀玉里,2620.0,0,200,1036,2454,2026-04-30
土銀玉里,2635.0,0,100,1036,2454,2026-04-30
土銀花蓮,2610.0,0,1000,1037,2454,2026-04-30
臺銀臺南,2595.0,200,0,1042,2454,2026-04-30
臺銀臺南,2585.0,0,10,1042,2454,2026-04-30
臺銀臺南,2575.0,51,0,1042,2454,2026-04-30
臺銀,2655.0,0,1000,1040,2454,2026-04-30
臺銀,2645.0,1,2225,1040,2454,2026-04-30
臺銀,2635.0,2002,47,1040,2454,2026-04-30
臺銀,2625.0,2025,295,1040,2454,2026-04-30
臺銀,2615.0,1230,40,1040,2454,2026-04-30
臺銀,2605.0,3,1351,1040,2454,2026-04-30
臺銀,2595.0,415,0,1040,2454,2026-04-30
臺銀,2585.0,23,11,1040,2454,2026-04-30
土銀南港,2665.0,1000,1000,103F,2454,2026-04-30
土銀南港,2640.0,100,0,103F,2454,2026-04-30
臺銀臺南,2615.0,10,60,1042,2454,2026-04-30
土銀南港,2625.0,100,0,103F,2454,2026-04-30
土銀南港,2590.0,50,0,103F,2454,2026-04-30
土銀白河,2615.0,1000,0,103C,2454,2026-04-30
土銀彰化,2630.0,2,50,103B,2454,2026-04-30
土銀建國,2650.0,0,50,103A,2454,2026-04-30
土銀建國,2625.0,0,10,103A,2454,2026-04-30
土銀建國,2610.0,0,945,103A,2454,2026-04-30
土銀建國,2600.0,100,0,103A,2454,2026-04-30
土銀建國,2585.0,18,0,103A,2454,2026-04-30
土銀士林,2595.0,4,0,1039,2454,2026-04-30
土銀和平,2655.0,0,40,1038,2454,2026-04-30
土銀和平,2630.0,0,40,1038,2454,2026-04-30
土銀和平,2610.0,0,1010,1038,2454,2026-04-30
土銀花蓮,2655.0,0,87,1037,2454,2026-04-30
土銀南港,2610.0,0,300,103F,2454,2026-04-30
合庫三重,2575.0,2035,0,102G,2454,2026-04-30
企銀屏東,2610.0,0,3,1116,2454,2026-04-30
企銀竹北,2650.0,0,50,1117,2454,2026-04-30
美林,2655.0,26000,6000,1440,2454,2026-04-30
美林,2645.0,24000,2000,1440,2454,2026-04-30
美林,2635.0,66000,5000,1440,2454,2026-04-30
美林,2625.0,79579,18930,1440,2454,2026-04-30
美林,2615.0,53000,13000,1440,2454,2026-04-30
美林,2605.0,22000,7766,1440,2454,2026-04-30
美林,2595.0,45000,11000,1440,2454,2026-04-30
美林,2585.0,48000,12000,1440,2454,2026-04-30
美林,2575.0,30000,16000,1440,2454,2026-04-30
港麥格理,2670.0,1000,0,1360,2454,2026-04-30
港麥格理,2660.0,1000,21000,1360,2454,2026-04-30
港麥格理,2645.0,1000,0,1360,2454,2026-04-30
港麥格理,2635.0,2000,11000,1360,2454,2026-04-30
港麥格理,2625.0,3000,0,1360,2454,2026-04-30
港麥格理,2610.0,3000,128000,1360,2454,2026-04-30
港麥格理,2600.0,2000,0,1360,2454,2026-04-30
港麥格理,2590.0,1000,0,1360,2454,2026-04-30
港麥格理,2580.0,2000,0,1360,2454,2026-04-30
宏遠新化,2640.0,1000,0,126X,2454,2026-04-30
宏遠館前,2665.0,0,1000,126U,2454,2026-04-30
宏遠館前,2625.0,0,10,126U,2454,2026-04-30
宏遠館前,2600.0,110,0,126U,2454,2026-04-30
宏遠高雄,2650.0,1,0,126Q,2454,2026-04-30
宏遠高雄,2590.0,2,0,126Q,2454,2026-04-30
宏遠台中,2630.0,1000,1000,126L,2454,2026-04-30
宏遠台中,2615.0,20,0,126L,2454,2026-04-30
宏遠台中,2605.0,1001,1000,126L,2454,2026-04-30
美林,2665.0,238000,140000,1440,2454,2026-04-30
美林,2675.0,5000,2000,1440,2454,2026-04-30
台灣摩根,2570.0,2000,0,1470,2454,2026-04-30
台灣摩根,2580.0,32000,18250,1470,2454,2026-04-30
大昌新店,2675.0,0,1000,6464,2454,2026-04-30
港商野村,2630.0,0,15000,1560,2454,2026-04-30
港商野村,2620.0,9000,44109,1560,2454,2026-04-30
港商野村,2610.0,2000,78000,1560,2454,2026-04-30
港商野村,2600.0,0,7000,1560,2454,2026-04-30
港商野村,2590.0,9000,25000,1560,2454,2026-04-30
港商野村,2580.0,0,76000,1560,2454,2026-04-30
美商高盛,2680.0,0,6000,1480,2454,2026-04-30
美商高盛,2670.0,11000,4000,1480,2454,2026-04-30
美商高盛,2660.0,16000,18000,1480,2454,2026-04-30
美商高盛,2650.0,94000,29000,1480,2454,2026-04-30
美商高盛,2640.0,216000,44000,1480,2454,2026-04-30
美商高盛,2630.0,156486,98000,1480,2454,2026-04-30
宏遠台中,2585.0,0,17,126L,2454,2026-04-30
美商高盛,2620.0,69000,41000,1480,2454,2026-04-30
美商高盛,2600.0,47000,43000,1480,2454,2026-04-30
美商高盛,2590.0,11000,45000,1480,2454,2026-04-30
美商高盛,2580.0,26000,24292,1480,2454,2026-04-30
美商高盛,2570.0,7000,16000,1480,2454,2026-04-30
台灣摩根,2670.0,6000,10000,1470,2454,2026-04-30
台灣摩根,2660.0,6000,11000,1470,2454,2026-04-30
台灣摩根,2650.0,12000,24000,1470,2454,2026-04-30
台灣摩根,2640.0,75580,17000,1470,2454,2026-04-30
台灣摩根,2630.0,80000,82000,1470,2454,2026-04-30
台灣摩根,2620.0,99500,32418,1470,2454,2026-04-30
台灣摩根,2610.0,110000,99600,1470,2454,2026-04-30
台灣摩根,2600.0,6000,9000,1470,2454,2026-04-30
台灣摩根,2590.0,14000,28000,1470,2454,2026-04-30
美商高盛,2610.0,226000,182500,1480,2454,2026-04-30
企銀竹北,2610.0,1,0,1117,2454,2026-04-30
宏遠光隆,2635.0,0,30,126i,2454,2026-04-30
宏遠光隆,2605.0,0,70,126i,2454,2026-04-30
彰銀,2655.0,0,1000,1230,2454,2026-04-30
彰銀,2635.0,5,1000,1230,2454,2026-04-30
彰銀,2625.0,2000,1000,1230,2454,2026-04-30
彰銀,2615.0,0,1000,1230,2454,2026-04-30
彰銀,2605.0,16,0,1230,2454,2026-04-30
彰銀,2595.0,8,17,1230,2454,2026-04-30
彰銀,2585.0,2000,0,1230,2454,2026-04-30
彰銀,2575.0,13,0,1230,2454,2026-04-30
企銀埔墘,2630.0,0,2,111G,2454,2026-04-30
企銀埔墘,2620.0,0,3,111G,2454,2026-04-30
企銀北高,2665.0,0,1000,111F,2454,2026-04-30
企銀北高,2630.0,0,50,111F,2454,2026-04-30
企銀北高,2580.0,0,25,111F,2454,2026-04-30
企銀桃園,2655.0,0,100,111E,2454,2026-04-30
港商野村,2640.0,0,18000,1560,2454,2026-04-30
企銀桃園,2640.0,0,1000,111E,2454,2026-04-30
企銀桃園,2630.0,0,102,111E,2454,2026-04-30
企銀桃園,2620.0,50,0,111E,2454,2026-04-30
企銀桃園,2590.0,100,0,111E,2454,2026-04-30
台企建成,2645.0,0,1000,111B,2454,2026-04-30
台企建成,2630.0,0,3,111B,2454,2026-04-30
台企建成,2590.0,1,0,111B,2454,2026-04-30
台企建成,2575.0,110,0,111B,2454,2026-04-30
企銀民雄,2595.0,50,0,111A,2454,2026-04-30
企銀岡山,2610.0,0,50,1119,2454,2026-04-30
企銀豐原,2650.0,0,1000,1118,2454,2026-04-30
企銀豐原,2615.0,0,3,1118,2454,2026-04-30
彰銀七賢,2595.0,0,1000,1232,2454,2026-04-30
彰銀七賢,2620.0,505,50,1232,2454,2026-04-30
彰銀七賢,2635.0,0,5,1232,2454,2026-04-30
彰銀台中,2590.0,0,2000,1233,2454,2026-04-30
宏遠光隆,2585.0,0,70,126i,2454,2026-04-30
宏遠光隆,2575.0,33,0,126i,2454,2026-04-30
宏遠中和,2675.0,0,1000,126H,2454,2026-04-30
宏遠中和,2645.0,0,1000,126H,2454,2026-04-30
宏遠中和,2635.0,2000,0,126H,2454,2026-04-30
宏遠中和,2620.0,1000,0,126H,2454,2026-04-30
宏遠台南,2675.0,1000,0,126D,2454,2026-04-30
宏遠台南,2650.0,0,100,126D,2454,2026-04-30
宏遠台南,2635.0,0,1000,126D,2454,2026-04-30
宏遠桃園,2645.0,999,2,1262,2454,2026-04-30
宏遠桃園,2625.0,0,1,1262,2454,2026-04-30
宏遠桃園,2600.0,1,0,1262,2454,2026-04-30
宏遠桃園,2585.0,10,0,1262,2454,2026-04-30
宏遠光隆,2620.0,20,1200,126i,2454,2026-04-30
宏遠民生,2635.0,0,2,1261,2454,2026-04-30
宏遠民生,2605.0,0,30,1261,2454,2026-04-30
宏遠民生,2575.0,0,2,1261,2454,2026-04-30
宏遠,2670.0,1000,0,1260,2454,2026-04-30
宏遠,2645.0,1000,0,1260,2454,2026-04-30
宏遠,2630.0,0,1000,1260,2454,2026-04-30
宏遠,2595.0,0,2000,1260,2454,2026-04-30
宏遠,2575.0,100,0,1260,2454,2026-04-30
彰銀台中,2665.0,1000,0,1233,2454,2026-04-30
彰銀台中,2650.0,0,1000,1233,2454,2026-04-30
彰銀台中,2630.0,2000,1000,1233,2454,2026-04-30
彰銀台中,2620.0,0,1010,1233,2454,2026-04-30
彰銀台中,2610.0,0,2020,1233,2454,2026-04-30
彰銀台中,2600.0,0,2220,1233,2454,2026-04-30
宏遠民生,2625.0,10,10,1261,2454,2026-04-30
合庫西台,2650.0,0,1100,102F,2454,2026-04-30
合庫西台,2640.0,0,3100,102F,2454,2026-04-30
合庫西台,2630.0,0,1000,102F,2454,2026-04-30
永豐新竹,2575.0,1000,50,9A97,2454,2026-04-30
永豐新竹,2585.0,2,110,9A97,2454,2026-04-30
永豐新竹,2595.0,2,0,9A97,2454,2026-04-30
永豐新竹,2605.0,10,70,9A97,2454,2026-04-30
永豐新竹,2615.0,100,200,9A97,2454,2026-04-30
永豐新竹,2625.0,51,1140,9A97,2454,2026-04-30
永豐新竹,2635.0,81,2080,9A97,2454,2026-04-30
永豐新竹,2645.0,0,1010,9A97,2454,2026-04-30
永豐新竹,2655.0,200,1000,9A97,2454,2026-04-30
永豐大園,2580.0,2050,0,9A98,2454,2026-04-30
永豐大園,2590.0,1110,0,9A98,2454,2026-04-30
永豐大園,2600.0,210,0,9A98,2454,2026-04-30
永豐大園,2610.0,10,1015,9A98,2454,2026-04-30
永豐大園,2625.0,218,19,9A98,2454,2026-04-30
永豐大園,2635.0,0,1100,9A98,2454,2026-04-30
永豐大園,2650.0,2,2000,9A98,2454,2026-04-30
永豐中壢,2580.0,2021,0,9A99,2454,2026-04-30
永豐中壢,2595.0,10,0,9A99,2454,2026-04-30
永豐中壢,2605.0,150,50,9A99,2454,2026-04-30
永豐中壢,2615.0,395,1050,9A99,2454,2026-04-30
永豐中壢,2625.0,81,1060,9A99,2454,2026-04-30
永豐中壢,2635.0,100,10,9A99,2454,2026-04-30
永豐中壢,2645.0,0,2006,9A99,2454,2026-04-30
永豐中壢,2655.0,100,0,9A99,2454,2026-04-30
永豐苓雅,2580.0,8300,0,9A9a,2454,2026-04-30
永豐苓雅,2590.0,2000,2300,9A9a,2454,2026-04-30
永豐苓雅,2600.0,4000,6005,9A9a,2454,2026-04-30
永豐萬盛,2665.0,1000,0,9A92,2454,2026-04-30
永豐萬盛,2650.0,1010,0,9A92,2454,2026-04-30
永豐萬盛,2635.0,1010,56,9A92,2454,2026-04-30
永豐萬盛,2625.0,1100,28,9A92,2454,2026-04-30
永豐敦北,2615.0,30,0,9A89,2454,2026-04-30
永豐敦北,2625.0,5,10064,9A89,2454,2026-04-30
永豐敦北,2635.0,2030,42,9A89,2454,2026-04-30
永豐敦北,2645.0,3005,0,9A89,2454,2026-04-30
永豐敦北,2665.0,1000,0,9A89,2454,2026-04-30
永豐敦南,2580.0,31,1035,9A8F,2454,2026-04-30
永豐敦南,2590.0,1063,3040,9A8F,2454,2026-04-30
永豐敦南,2600.0,2060,35,9A8F,2454,2026-04-30
永豐敦南,2610.0,227,88,9A8F,2454,2026-04-30
永豐敦南,2620.0,23,95,9A8F,2454,2026-04-30
永豐敦南,2630.0,10,1198,9A8F,2454,2026-04-30
永豐敦南,2640.0,0,6054,9A8F,2454,2026-04-30
永豐敦南,2650.0,3020,2,9A8F,2454,2026-04-30
永豐苓雅,2610.0,8020,9042,9A9a,2454,2026-04-30
永豐敦南,2660.0,0,1000,9A8F,2454,2026-04-30
永豐松山,2580.0,1050,0,9A91,2454,2026-04-30
永豐松山,2590.0,5,3000,9A91,2454,2026-04-30
永豐松山,2600.0,2101,0,9A91,2454,2026-04-30
永豐松山,2610.0,20,0,9A91,2454,2026-04-30
永豐松山,2620.0,1253,1100,9A91,2454,2026-04-30
永豐松山,2630.0,2,2300,9A91,2454,2026-04-30
永豐松山,2640.0,0,55,9A91,2454,2026-04-30
永豐松山,2650.0,0,1020,9A91,2454,2026-04-30
永豐萬盛,2575.0,10,4,9A92,2454,2026-04-30
永豐萬盛,2585.0,5,0,9A92,2454,2026-04-30
永豐萬盛,2595.0,106,10,9A92,2454,2026-04-30
永豐萬盛,2605.0,1000,0,9A92,2454,2026-04-30
永豐萬盛,2615.0,11,1025,9A92,2454,2026-04-30
永豐敦南,2675.0,1000,0,9A8F,2454,2026-04-30
永豐敦北,2600.0,20,3015,9A89,2454,2026-04-30
永豐苓雅,2620.0,8055,4004,9A9a,2454,2026-04-30
永豐苓雅,2640.0,3000,6086,9A9a,2454,2026-04-30
永豐古亭,2590.0,0,5,9A9d,2454,2026-04-30
永豐古亭,2600.0,1,0,9A9d,2454,2026-04-30
永豐古亭,2610.0,2003,1000,9A9d,2454,2026-04-30
永豐古亭,2620.0,0,2,9A9d,2454,2026-04-30
永豐古亭,2630.0,1002,15,9A9d,2454,2026-04-30
永豐古亭,2640.0,0,1020,9A9d,2454,2026-04-30
永豐古亭,2650.0,0,5,9A9d,2454,2026-04-30
永豐古亭,2660.0,0,1000,9A9d,2454,2026-04-30
永豐忠孝,2570.0,0,4000,9A9D,2454,2026-04-30
永豐忠孝,2580.0,20,3,9A9D,2454,2026-04-30
永豐忠孝,2590.0,2,15,9A9D,2454,2026-04-30
永豐忠孝,2600.0,100,235,9A9D,2454,2026-04-30
永豐忠孝,2615.0,10,1010,9A9D,2454,2026-04-30
永豐忠孝,2625.0,6,24,9A9D,2454,2026-04-30
永豐忠孝,2635.0,2,49,9A9D,2454,2026-04-30
永豐忠孝,2645.0,20,1000,9A9D,2454,2026-04-30
永豐高雄,2575.0,0,1000,9A9e,2454,2026-04-30
永豐高雄,2585.0,10,0,9A9e,2454,2026-04-30
永豐高雄,2600.0,1010,4,9A9e,2454,2026-04-30
永豐高雄,2610.0,1,0,9A9e,2454,2026-04-30
永豐高雄,2620.0,0,35,9A9e,2454,2026-04-30
永豐高雄,2630.0,1007,10,9A9e,2454,2026-04-30
永豐高雄,2640.0,0,26,9A9e,2454,2026-04-30
永豐高雄,2650.0,5,5,9A9e,2454,2026-04-30
永豐高雄,2675.0,0,1000,9A9e,2454,2026-04-30
永豐內湖,2580.0,12,10,9A9g,2454,2026-04-30
永豐內湖,2590.0,0,100,9A9g,2454,2026-04-30
永豐員林,2645.0,1,0,9A9C,2454,2026-04-30
永豐員林,2635.0,0,20,9A9C,2454,2026-04-30
永豐員林,2615.0,30,0,9A9C,2454,2026-04-30
永豐員林,2605.0,5,40,9A9C,2454,2026-04-30
永豐苓雅,2650.0,1000,6100,9A9a,2454,2026-04-30
永豐苓雅,2665.0,0,8000,9A9a,2454,2026-04-30
永豐苓雅,2680.0,0,3000,9A9a,2454,2026-04-30
永豐羅東,2580.0,10,0,9A9A,2454,2026-04-30
永豐羅東,2605.0,1,0,9A9A,2454,2026-04-30
永豐羅東,2615.0,1,0,9A9A,2454,2026-04-30
永豐羅東,2625.0,2001,0,9A9A,2454,2026-04-30
永豐羅東,2635.0,2,15,9A9A,2454,2026-04-30
永豐羅東,2645.0,1,20,9A9A,2454,2026-04-30
永豐虎尾,2600.0,0,50,9A9b,2454,2026-04-30
永豐虎尾,2620.0,1,0,9A9b,2454,2026-04-30
永豐虎尾,2645.0,10,0,9A9b,2454,2026-04-30
永豐中和,2580.0,5,0,9A9B,2454,2026-04-30
永豐苓雅,2630.0,8100,6100,9A9a,2454,2026-04-30
永豐中和,2590.0,1001,0,9A9B,2454,2026-04-30
永豐中和,2610.0,0,3,9A9B,2454,2026-04-30
永豐中和,2620.0,0,58,9A9B,2454,2026-04-30
永豐中和,2630.0,1000,1020,9A9B,2454,2026-04-30
永豐中和,2650.0,0,25,9A9B,2454,2026-04-30
永豐永康,2585.0,1000,0,9A9c,2454,2026-04-30
永豐永康,2605.0,200,54,9A9c,2454,2026-04-30
永豐永康,2615.0,1,0,9A9c,2454,2026-04-30
永豐永康,2625.0,2120,1,9A9c,2454,2026-04-30
永豐永康,2635.0,0,1048,9A9c,2454,2026-04-30
永豐永康,2645.0,0,1000,9A9c,2454,2026-04-30
永豐永康,2665.0,0,1000,9A9c,2454,2026-04-30
永豐員林,2585.0,0,30,9A9C,2454,2026-04-30
永豐員林,2595.0,0,11,9A9C,2454,2026-04-30
永豐中和,2600.0,0,100,9A9B,2454,2026-04-30
永豐敦北,2590.0,40,5,9A89,2454,2026-04-30
永豐敦北,2580.0,1004,0,9A89,2454,2026-04-30
永豐匯立,2675.0,0,1000,9A81,2454,2026-04-30
合庫鳳山,2610.0,1000,0,1029,2454,2026-04-30
合庫鳳山,2585.0,0,100,1029,2454,2026-04-30
合庫彰化,2645.0,0,100,1028,2454,2026-04-30
合庫彰化,2630.0,1000,0,1028,2454,2026-04-30
合庫彰化,2620.0,10,35,1028,2454,2026-04-30
合庫彰化,2610.0,0,20,1028,2454,2026-04-30
合庫彰化,2600.0,8,0,1028,2454,2026-04-30
合庫彰化,2585.0,0,40,1028,2454,2026-04-30
合庫彰化,2575.0,20,0,1028,2454,2026-04-30
合庫基隆,2620.0,0,65,1025,2454,2026-04-30
合庫基隆,2605.0,0,166,1025,2454,2026-04-30
合庫基隆,2595.0,0,1000,1025,2454,2026-04-30
合庫基隆,2580.0,115,0,1025,2454,2026-04-30
合庫嘉義,2650.0,1000,1010,1024,2454,2026-04-30
合庫嘉義,2630.0,1000,0,1024,2454,2026-04-30
合庫嘉義,2620.0,1070,1050,1024,2454,2026-04-30
合庫嘉義,2610.0,0,20,1024,2454,2026-04-30
合庫嘉義,2595.0,5,0,1024,2454,2026-04-30
合庫嘉義,2575.0,1012,0,1024,2454,2026-04-30
合庫高雄,2665.0,0,1000,1023,2454,2026-04-30
合庫高雄,2650.0,10000,25,1023,2454,2026-04-30
合庫高雄,2635.0,2000,0,1023,2454,2026-04-30
合庫高雄,2625.0,1032,2022,1023,2454,2026-04-30
合庫高雄,2610.0,1100,0,1023,2454,2026-04-30
合庫高雄,2600.0,152,0,1023,2454,2026-04-30
合庫高雄,2575.0,1,0,1023,2454,2026-04-30
合庫台南,2645.0,0,1,1022,2454,2026-04-30
合庫鳳山,2625.0,1,70,1029,2454,2026-04-30
合庫鳳山,2640.0,50,20,1029,2454,2026-04-30
合庫鳳山,2650.0,20,70,1029,2454,2026-04-30
合庫新竹,2575.0,2,0,102A,2454,2026-04-30
合庫西台,2620.0,1027,0,102F,2454,2026-04-30
合庫西台,2610.0,273,1010,102F,2454,2026-04-30
合庫西台,2600.0,0,20,102F,2454,2026-04-30
合庫西台,2590.0,1000,10,102F,2454,2026-04-30
合庫西台,2575.0,1,0,102F,2454,2026-04-30
合庫桃園,2650.0,100,50,102E,2454,2026-04-30
合庫桃園,2640.0,0,2000,102E,2454,2026-04-30
合庫桃園,2630.0,0,1100,102E,2454,2026-04-30
合庫桃園,2620.0,0,1024,102E,2454,2026-04-30
合庫桃園,2610.0,1000,0,102E,2454,2026-04-30
合庫桃園,2595.0,1000,60,102E,2454,2026-04-30
合庫桃園,2585.0,2,0,102E,2454,2026-04-30
合庫桃園,2575.0,58,0,102E,2454,2026-04-30
合庫台南,2630.0,0,100,1022,2454,2026-04-30
合庫自強,2645.0,10,0,102C,2454,2026-04-30
合庫自強,2625.0,0,300,102C,2454,2026-04-30
合庫自強,2615.0,50,235,102C,2454,2026-04-30
合庫自強,2605.0,10,190,102C,2454,2026-04-30
合庫自強,2590.0,146,0,102C,2454,2026-04-30
合庫自強,2580.0,1026,20,102C,2454,2026-04-30
合庫新竹,2675.0,1000,0,102A,2454,2026-04-30
合庫新竹,2650.0,0,2,102A,2454,2026-04-30
合庫新竹,2640.0,0,2,102A,2454,2026-04-30
合庫新竹,2630.0,0,47,102A,2454,2026-04-30
合庫新竹,2620.0,5,2,102A,2454,2026-04-30
合庫新竹,2610.0,1110,135,102A,2454,2026-04-30
合庫新竹,2595.0,1,4,102A,2454,2026-04-30
合庫新竹,2585.0,0,5,102A,2454,2026-04-30
合庫自強,2635.0,7,20,102C,2454,2026-04-30
合庫台南,2620.0,40,0,1022,2454,2026-04-30
合庫台南,2610.0,0,1110,1022,2454,2026-04-30
合庫台南,2600.0,510,33,1022,2454,2026-04-30
永豐金,2670.0,4000,0,9A00,2454,2026-04-30
永豐鳳山,2580.0,2,0,9A61,2454,2026-04-30
永豐鳳山,2590.0,0,2,9A61,2454,2026-04-30
永豐鳳山,2605.0,2001,0,9A61,2454,2026-04-30
永豐鳳山,2615.0,14,0,9A61,2454,2026-04-30
永豐鳳山,2630.0,0,1016,9A61,2454,2026-04-30
永豐鳳山,2640.0,0,110,9A61,2454,2026-04-30
永豐屏東,2575.0,1,0,9A69,2454,2026-04-30
永豐屏東,2595.0,10,0,9A69,2454,2026-04-30
永豐屏東,2620.0,1,0,9A69,2454,2026-04-30
永豐屏東,2630.0,5,74,9A69,2454,2026-04-30
永豐屏東,2640.0,0,10,9A69,2454,2026-04-30
永豐屏東,2650.0,50,0,9A69,2454,2026-04-30
永豐金,2660.0,2000,1000,9A00,2454,2026-04-30
永豐埔里,2575.0,300,0,9A79,2454,2026-04-30
永豐埔里,2600.0,5,0,9A79,2454,2026-04-30
永豐埔里,2620.0,0,40,9A79,2454,2026-04-30
永豐埔里,2630.0,0,1000,9A79,2454,2026-04-30
永豐埔里,2640.0,0,100,9A79,2454,2026-04-30
永豐埔里,2670.0,1000,0,9A79,2454,2026-04-30
永豐匯立,2590.0,4000,19000,9A81,2454,2026-04-30
永豐匯立,2600.0,1000,13000,9A81,2454,2026-04-30
永豐匯立,2610.0,8000,110000,9A81,2454,2026-04-30
永豐匯立,2620.0,6000,27000,9A81,2454,2026-04-30
永豐匯立,2630.0,4000,31000,9A81,2454,2026-04-30
永豐匯立,2640.0,5000,13000,9A81,2454,2026-04-30
永豐匯立,2650.0,3000,8000,9A81,2454,2026-04-30
永豐匯立,2660.0,0,5000,9A81,2454,2026-04-30
永豐埔里,2590.0,5,30,9A79,2454,2026-04-30
台新吉利,2630.0,1000,0,9B2W,2454,2026-04-30
永豐金,2650.0,42386,366,9A00,2454,2026-04-30
永豐金,2630.0,84818,2001,9A00,2454,2026-04-30
合庫台南,2580.0,0,170,1022,2454,2026-04-30
合庫台南,2570.0,1000,0,1022,2454,2026-04-30
合庫台中,2665.0,1000,0,1021,2454,2026-04-30
合庫台中,2650.0,0,10,1021,2454,2026-04-30
合庫台中,2635.0,100,0,1021,2454,2026-04-30
合庫台中,2625.0,21,3086,1021,2454,2026-04-30
合庫台中,2615.0,20,0,1021,2454,2026-04-30
合庫台中,2605.0,1015,0,1021,2454,2026-04-30
合庫台中,2595.0,1000,0,1021,2454,2026-04-30
合庫台中,2585.0,1010,20,1021,2454,2026-04-30
合庫,2655.0,2,1000,1020,2454,2026-04-30
合庫,2645.0,2000,50,1020,2454,2026-04-30
合庫,2635.0,1106,1045,1020,2454,2026-04-30
永豐金,2640.0,57110,8384,9A00,2454,2026-04-30
合庫,2625.0,1060,1284,1020,2454,2026-04-30
合庫,2605.0,60,0,1020,2454,2026-04-30
合庫,2595.0,0,1000,1020,2454,2026-04-30
合庫,2585.0,1030,1,1020,2454,2026-04-30
合庫,2575.0,20,0,1020,2454,2026-04-30
元大小港,2615.0,0,75,989Z,2454,2026-04-30
元大小港,2625.0,10,1105,989Z,2454,2026-04-30
元大小港,2640.0,0,12,989Z,2454,2026-04-30
元大小港,2650.0,1,0,989Z,2454,2026-04-30
永豐金,2580.0,1036,14536,9A00,2454,2026-04-30
永豐金,2590.0,1843,43232,9A00,2454,2026-04-30
永豐金,2600.0,543,783,9A00,2454,2026-04-30
永豐金,2610.0,45241,15834,9A00,2454,2026-04-30
永豐金,2620.0,33067,9499,9A00,2454,2026-04-30
合庫,2615.0,1,20,1020,2454,2026-04-30
台新吉利,2645.0,19,20,9B2W,2454,2026-04-30
永豐匯立,2580.0,4000,21000,9A81,2454,2026-04-30
台新草屯,2585.0,5,0,9B2X,2454,2026-04-30
統一敦南,2625.0,0,19,5852,2454,2026-04-30
統一敦南,2635.0,0,45,5852,2454,2026-04-30
統一敦南,2645.0,0,110,5852,2454,2026-04-30
統一敦南,2665.0,2000,0,5852,2454,2026-04-30
統一中壢,2585.0,15,0,5853,2454,2026-04-30
統一中壢,2600.0,5,0,5853,2454,2026-04-30
統一中壢,2610.0,6,12,5853,2454,2026-04-30
統一中壢,2625.0,2,0,5853,2454,2026-04-30
統一中壢,2635.0,0,1002,5853,2454,2026-04-30
統一中壢,2655.0,1000,0,5853,2454,2026-04-30
統一城中,2580.0,12656,32,5854,2454,2026-04-30
統一城中,2590.0,1220,506,5854,2454,2026-04-30
統一城中,2600.0,1010,0,5854,2454,2026-04-30
統一城中,2610.0,3298,0,5854,2454,2026-04-30
統一城中,2620.0,1012,5210,5854,2454,2026-04-30
統一城中,2630.0,2000,16005,5854,2454,2026-04-30
統一城中,2640.0,0,3001,5854,2454,2026-04-30
統一城中,2650.0,0,2005,5854,2454,2026-04-30
統一城中,2665.0,0,9000,5854,2454,2026-04-30
統一城中,2680.0,0,2000,5854,2454,2026-04-30
統一台南,2580.0,0,13,5855,2454,2026-04-30
統一台南,2590.0,1000,0,5855,2454,2026-04-30
統一台南,2600.0,2000,0,5855,2454,2026-04-30
統一台南,2610.0,100,1000,5855,2454,2026-04-30
統一台南,2620.0,0,1000,5855,2454,2026-04-30
統一台南,2630.0,10,0,5855,2454,2026-04-30
統一台中,2580.0,1320,1000,5856,2454,2026-04-30
統一敦南,2615.0,210,0,5852,2454,2026-04-30
統一敦南,2600.0,60,0,5852,2454,2026-04-30
統一敦南,2590.0,50,0,5852,2454,2026-04-30
統一敦南,2580.0,1,0,5852,2454,2026-04-30
永興水湳,2610.0,0,1000,5602,2454,2026-04-30
永興台中,2590.0,0,10,5603,2454,2026-04-30
永興台中,2625.0,0,1000,5603,2454,2026-04-30
永興台中,2650.0,0,1000,5603,2454,2026-04-30
永興大墩,2600.0,0,50,5604,2454,2026-04-30
永興大墩,2625.0,0,255,5604,2454,2026-04-30
日進,2585.0,20,240,5660,2454,2026-04-30
日進,2600.0,0,121,5660,2454,2026-04-30
日進,2625.0,0,105,5660,2454,2026-04-30
日進,2645.0,10,0,5660,2454,2026-04-30
日進,2655.0,2000,0,5660,2454,2026-04-30
統一,2575.0,1001,1200,5850,2454,2026-04-30
統一,2585.0,275,155,5850,2454,2026-04-30
統一台中,2600.0,5,0,5856,2454,2026-04-30
統一,2595.0,1011,2000,5850,2454,2026-04-30
統一,2615.0,400,1000,5850,2454,2026-04-30
統一,2625.0,23334,5400,5850,2454,2026-04-30
統一,2635.0,2470,1105,5850,2454,2026-04-30
統一,2645.0,1120,0,5850,2454,2026-04-30
統一,2655.0,1520,1000,5850,2454,2026-04-30
統一,2665.0,2000,16000,5850,2454,2026-04-30
統一,2675.0,7000,23000,5850,2454,2026-04-30
統一高雄,2575.0,100,0,5851,2454,2026-04-30
統一高雄,2590.0,2,0,5851,2454,2026-04-30
統一高雄,2605.0,8,0,5851,2454,2026-04-30
統一高雄,2615.0,5,0,5851,2454,2026-04-30
統一高雄,2630.0,470,5,5851,2454,2026-04-30
統一高雄,2655.0,1000,1000,5851,2454,2026-04-30
統一,2605.0,2701,100,5850,2454,2026-04-30
永興,2635.0,0,100,5600,2454,2026-04-30
統一台中,2610.0,1056,0,5856,2454,2026-04-30
統一台中,2630.0,500,250,5856,2454,2026-04-30
統一內湖,2665.0,1000,0,585b,2454,2026-04-30
統一永和,2615.0,40,0,585B,2454,2026-04-30
統一永和,2625.0,1050,0,585B,2454,2026-04-30
統一永和,2650.0,30,0,585B,2454,2026-04-30
統一仁愛,2600.0,1000,0,585c,2454,2026-04-30
統一仁愛,2620.0,2000,2000,585c,2454,2026-04-30
統一仁愛,2630.0,2100,1000,585c,2454,2026-04-30
統一仁愛,2645.0,0,1000,585c,2454,2026-04-30
統一仁愛,2660.0,1000,0,585c,2454,2026-04-30
統一仁愛,2670.0,0,2000,585c,2454,2026-04-30
統一新台中,2580.0,0,50,585D,2454,2026-04-30
統一新台中,2590.0,5,1032,585D,2454,2026-04-30
統一新台中,2600.0,0,50,585D,2454,2026-04-30
統一新台中,2620.0,0,2025,585D,2454,2026-04-30
統一新台中,2635.0,0,30,585D,2454,2026-04-30
統一新營,2585.0,1,0,585E,2454,2026-04-30
統一新營,2625.0,10000,100,585E,2454,2026-04-30
統一彰化,2580.0,15,0,585F,2454,2026-04-30
統一彰化,2600.0,0,40,585F,2454,2026-04-30
統一彰化,2610.0,24,30,585F,2454,2026-04-30
統一彰化,2620.0,34,2,585F,2454,2026-04-30
統一彰化,2635.0,0,5,585F,2454,2026-04-30
統一彰化,2645.0,1000,0,585F,2454,2026-04-30
統一彰化,2665.0,0,1000,585F,2454,2026-04-30
統一平鎮,2580.0,3,135,585g,2454,2026-04-30
統一平鎮,2590.0,0,10,585g,2454,2026-04-30
統一平鎮,2625.0,3000,0,585g,2454,2026-04-30
統一內湖,2645.0,1000,0,585b,2454,2026-04-30
統一內湖,2635.0,2015,2000,585b,2454,2026-04-30
統一內湖,2625.0,6,6005,585b,2454,2026-04-30
統一內湖,2615.0,1000,0,585b,2454,2026-04-30
統一台中,2640.0,1100,3100,5856,2454,2026-04-30
統一台中,2650.0,0,200,5856,2454,2026-04-30
統一新竹,2580.0,2,0,5857,2454,2026-04-30
統一新竹,2590.0,1,100,5857,2454,2026-04-30
統一新竹,2600.0,1,250,5857,2454,2026-04-30
統一新竹,2610.0,100,10,5857,2454,2026-04-30
統一新竹,2620.0,1,301,5857,2454,2026-04-30
統一新竹,2630.0,5000,1,5857,2454,2026-04-30
統一新竹,2640.0,0,9,5857,2454,2026-04-30
統一新竹,2655.0,5000,0,5857,2454,2026-04-30
統一嘉義,2585.0,0,10,5858,2454,2026-04-30
統一嘉義,2605.0,0,10,5858,2454,2026-04-30
統一嘉義,2630.0,2,2030,5858,2454,2026-04-30
統一台中,2620.0,20,60,5856,2454,2026-04-30
統一嘉義,2650.0,0,10,5858,2454,2026-04-30
統一屏東,2600.0,0,8,5859,2454,2026-04-30
統一屏東,2620.0,0,6,5859,2454,2026-04-30
統一屏東,2640.0,10,32,5859,2454,2026-04-30
統一屏東,2650.0,20,0,5859,2454,2026-04-30
統一基隆,2590.0,10,0,585A,2454,2026-04-30
統一基隆,2610.0,50,0,585A,2454,2026-04-30
統一基隆,2620.0,0,50,585A,2454,2026-04-30
統一基隆,2630.0,20,30,585A,2454,2026-04-30
統一基隆,2640.0,0,60,585A,2454,2026-04-30
統一基隆,2650.0,0,30,585A,2454,2026-04-30
統一內湖,2580.0,1000,0,585b,2454,2026-04-30
統一內湖,2590.0,1005,0,585b,2454,2026-04-30
統一內湖,2600.0,0,2000,585b,2454,2026-04-30
統一屏東,2575.0,2,0,5859,2454,2026-04-30
統一平鎮,2635.0,0,315,585g,2454,2026-04-30
永興,2625.0,2001,0,5600,2454,2026-04-30
永興,2580.0,8,0,5600,2454,2026-04-30
第一新興,2650.0,0,5,538A,2454,2026-04-30
第一新興,2680.0,1000,0,538A,2454,2026-04-30
第一新竹,2580.0,3000,0,538B,2454,2026-04-30
第一新竹,2590.0,1,300,538B,2454,2026-04-30
第一新竹,2605.0,10,0,538B,2454,2026-04-30
第一新竹,2615.0,10,20,538B,2454,2026-04-30
第一新竹,2625.0,100,9000,538B,2454,2026-04-30
第一新竹,2635.0,0,1005,538B,2454,2026-04-30
第一新竹,2645.0,5,0,538B,2454,2026-04-30
第一光復,2585.0,1,0,538C,2454,2026-04-30
第一光復,2595.0,2,0,538C,2454,2026-04-30
第一光復,2610.0,1000,6010,538C,2454,2026-04-30
第一光復,2620.0,8,220,538C,2454,2026-04-30
第一光復,2630.0,0,5,538C,2454,2026-04-30
第一光復,2640.0,1000,0,538C,2454,2026-04-30
第一光復,2665.0,0,2000,538C,2454,2026-04-30
第一忠孝,2575.0,35,0,538D,2454,2026-04-30
第一忠孝,2585.0,0,50,538D,2454,2026-04-30
第一忠孝,2595.0,20,0,538D,2454,2026-04-30
第一忠孝,2605.0,41,0,538D,2454,2026-04-30
第一忠孝,2620.0,0,4,538D,2454,2026-04-30
第一忠孝,2630.0,0,1028,538D,2454,2026-04-30
第一忠孝,2640.0,2000,50,538D,2454,2026-04-30
第一忠孝,2650.0,0,60,538D,2454,2026-04-30
第一自由,2575.0,2,0,538E,2454,2026-04-30
第一自由,2585.0,10,6,538E,2454,2026-04-30
第一自由,2595.0,100,20,538E,2454,2026-04-30
第一新興,2640.0,0,1025,538A,2454,2026-04-30
第一新興,2630.0,5100,1000,538A,2454,2026-04-30
第一新興,2620.0,1,0,538A,2454,2026-04-30
第一新興,2610.0,6,0,538A,2454,2026-04-30
第一桃園,2585.0,1000,0,5385,2454,2026-04-30
第一桃園,2595.0,5,0,5385,2454,2026-04-30
第一桃園,2605.0,1,0,5385,2454,2026-04-30
第一桃園,2615.0,3,10,5385,2454,2026-04-30
第一桃園,2625.0,21,205,5385,2454,2026-04-30
第一桃園,2635.0,0,48,5385,2454,2026-04-30
第一桃園,2645.0,0,3,5385,2454,2026-04-30
第一彰化,2585.0,13,0,5386,2454,2026-04-30
第一彰化,2600.0,0,1000,5386,2454,2026-04-30
第一彰化,2610.0,1,1050,5386,2454,2026-04-30
第一彰化,2620.0,5,60,5386,2454,2026-04-30
第一彰化,2635.0,0,3,5386,2454,2026-04-30
第一彰化,2650.0,0,20,5386,2454,2026-04-30
第一自由,2610.0,105,1300,538E,2454,2026-04-30
第一澎湖,2580.0,60,0,5387,2454,2026-04-30
第一澎湖,2600.0,4,0,5387,2454,2026-04-30
第一澎湖,2615.0,1010,0,5387,2454,2026-04-30
第一澎湖,2625.0,0,170,5387,2454,2026-04-30
第一澎湖,2635.0,0,32,5387,2454,2026-04-30
第一中山,2575.0,5050,0,5389,2454,2026-04-30
第一中山,2590.0,129,2000,5389,2454,2026-04-30
第一中山,2605.0,100,100,5389,2454,2026-04-30
第一中山,2615.0,4,0,5389,2454,2026-04-30
第一中山,2625.0,0,406,5389,2454,2026-04-30
第一中山,2640.0,0,5,5389,2454,2026-04-30
第一中山,2650.0,0,1029,5389,2454,2026-04-30
第一新興,2580.0,0,1000,538A,2454,2026-04-30
第一新興,2590.0,1,150,538A,2454,2026-04-30
第一澎湖,2590.0,13,10,5387,2454,2026-04-30
永興,2615.0,1,0,5600,2454,2026-04-30
第一自由,2620.0,105,1000,538E,2454,2026-04-30
第一自由,2640.0,2100,400,538E,2454,2026-04-30
第一豐原,2630.0,0,10,538N,2454,2026-04-30
第一豐原,2655.0,0,10,538N,2454,2026-04-30
第一路竹,2580.0,1001,1313,538P,2454,2026-04-30
第一路竹,2590.0,1000,0,538P,2454,2026-04-30
第一路竹,2600.0,10,10,538P,2454,2026-04-30
第一路竹,2610.0,1000,1000,538P,2454,2026-04-30
第一路竹,2620.0,0,355,538P,2454,2026-04-30
第一路竹,2630.0,1000,1057,538P,2454,2026-04-30
第一路竹,2640.0,0,2015,538P,2454,2026-04-30
第一路竹,2650.0,10,1000,538P,2454,2026-04-30
第一路竹,2665.0,1000,0,538P,2454,2026-04-30
第一華江,2575.0,10005,1000,538W,2454,2026-04-30
第一華江,2585.0,10,116,538W,2454,2026-04-30
第一華江,2595.0,80,0,538W,2454,2026-04-30
第一華江,2605.0,0,19,538W,2454,2026-04-30
第一華江,2615.0,1017,2001,538W,2454,2026-04-30
第一華江,2625.0,3,10035,538W,2454,2026-04-30
第一華江,2635.0,5005,1451,538W,2454,2026-04-30
第一華江,2645.0,50,13,538W,2454,2026-04-30
第一華江,2655.0,0,20,538W,2454,2026-04-30
第一華江,2670.0,0,1000,538W,2454,2026-04-30
第一中壢,2585.0,20,0,538Y,2454,2026-04-30
第一中壢,2595.0,15,0,538Y,2454,2026-04-30
第一中壢,2610.0,5,1010,538Y,2454,2026-04-30
第一中壢,2625.0,10,1019,538Y,2454,2026-04-30
第一中壢,2635.0,0,209,538Y,2454,2026-04-30
第一中壢,2660.0,1000,0,538Y,2454,2026-04-30
第一豐原,2615.0,0,15,538N,2454,2026-04-30
第一豐原,2605.0,2,0,538N,2454,2026-04-30
第一豐原,2595.0,0,10,538N,2454,2026-04-30
第一豐原,2585.0,20,0,538N,2454,2026-04-30
第一自由,2660.0,6000,0,538E,2454,2026-04-30
第一稻埕,2610.0,5,0,538F,2454,2026-04-30
第一稻埕,2620.0,1000,50,538F,2454,2026-04-30
第一稻埕,2630.0,1,1000,538F,2454,2026-04-30
第一稻埕,2655.0,100,0,538F,2454,2026-04-30
第一頭份,2575.0,0,65,538I,2454,2026-04-30
第一頭份,2585.0,10,10,538I,2454,2026-04-30
第一頭份,2595.0,0,10,538I,2454,2026-04-30
第一頭份,2605.0,0,1020,538I,2454,2026-04-30
第一頭份,2625.0,1002,20,538I,2454,2026-04-30
第一頭份,2635.0,1010,200,538I,2454,2026-04-30
第一頭份,2645.0,0,1025,538I,2454,2026-04-30
第一頭份,2655.0,0,35,538I,2454,2026-04-30
第一自由,2630.0,0,1051,538E,2454,2026-04-30
第一安和,2575.0,10,0,538j,2454,2026-04-30
第一安和,2595.0,1000,1000,538j,2454,2026-04-30
第一安和,2605.0,0,103,538j,2454,2026-04-30
第一安和,2615.0,0,20,538j,2454,2026-04-30
第一安和,2625.0,3,0,538j,2454,2026-04-30
第一安和,2650.0,2,50,538j,2454,2026-04-30
第一嘉義,2575.0,1000,0,538M,2454,2026-04-30
第一嘉義,2585.0,120,13,538M,2454,2026-04-30
第一嘉義,2595.0,0,10,538M,2454,2026-04-30
第一嘉義,2610.0,10,1350,538M,2454,2026-04-30
第一嘉義,2620.0,16,0,538M,2454,2026-04-30
第一嘉義,2630.0,2010,52,538M,2454,2026-04-30
第一嘉義,2640.0,0,10,538M,2454,2026-04-30
第一嘉義,2650.0,0,400,538M,2454,2026-04-30
第一安和,2585.0,10,5,538j,2454,2026-04-30
第一桃園,2575.0,5,1000,5385,2454,2026-04-30
統一平鎮,2675.0,1000,0,585g,2454,2026-04-30
統一桃園,2610.0,140,75,585H,2454,2026-04-30
大昌樹林,2655.0,0,2000,6461,2454,2026-04-30
大昌樹林,2645.0,0,1002,6461,2454,2026-04-30
大昌樹林,2635.0,1000,3050,6461,2454,2026-04-30
大昌樹林,2625.0,0,1000,6461,2454,2026-04-30
大昌樹林,2610.0,80,15,6461,2454,2026-04-30
大昌樹林,2600.0,130,0,6461,2454,2026-04-30
大昌樹林,2580.0,1000,0,6461,2454,2026-04-30
大昌,2645.0,0,1000,6460,2454,2026-04-30
大昌,2635.0,0,1140,6460,2454,2026-04-30
大昌,2625.0,1000,1025,6460,2454,2026-04-30
中信託文,2605.0,25,5,6164,2454,2026-04-30
中信託文,2615.0,25,6,6164,2454,2026-04-30
中信託文,2625.0,1010,1317,6164,2454,2026-04-30
中信託文,2635.0,1140,1033,6164,2454,2026-04-30
中信託文,2645.0,0,1105,6164,2454,2026-04-30
中信託文,2655.0,0,1060,6164,2454,2026-04-30
中信託文,2680.0,0,1000,6164,2454,2026-04-30
中信託新,2580.0,1500,0,6165,2454,2026-04-30
中信託新,2590.0,2100,44,6165,2454,2026-04-30
中信託新,2600.0,39,100,6165,2454,2026-04-30
中信託新,2610.0,83,4078,6165,2454,2026-04-30
中信託新,2620.0,63,260,6165,2454,2026-04-30
中信託新,2630.0,2021,5100,6165,2454,2026-04-30
中信託新,2640.0,0,30,6165,2454,2026-04-30
中信託新,2650.0,20,104,6165,2454,2026-04-30
中信託新,2665.0,3000,0,6165,2454,2026-04-30
中信松江,2575.0,6,20,6167,2454,2026-04-30
大昌安康,2575.0,20,0,6462,2454,2026-04-30
大昌安康,2585.0,1000,0,6462,2454,2026-04-30
大昌安康,2615.0,5,0,6462,2454,2026-04-30
大昌安康,2630.0,5,30,6462,2454,2026-04-30
中信託忠,2645.0,50,2162,6162,2454,2026-04-30
中信託忠,2655.0,60,10,6162,2454,2026-04-30
中信託忠,2675.0,1000,1000,6162,2454,2026-04-30
中信託永,2580.0,100,1000,6163,2454,2026-04-30
中信託永,2590.0,50,0,6163,2454,2026-04-30
中信託永,2600.0,24,125,6163,2454,2026-04-30
中信託永,2610.0,0,1305,6163,2454,2026-04-30
中信託永,2620.0,25,15,6163,2454,2026-04-30
中信託永,2630.0,10,230,6163,2454,2026-04-30
中信託永,2640.0,5,30,6163,2454,2026-04-30
中信託永,2650.0,50,1265,6163,2454,2026-04-30
中信託文,2575.0,26,0,6164,2454,2026-04-30
中信託文,2585.0,0,20,6164,2454,2026-04-30
中信松江,2585.0,11,0,6167,2454,2026-04-30
中信託文,2595.0,150,6000,6164,2454,2026-04-30
大昌新店,2630.0,1005,100,6464,2454,2026-04-30
大昌新店,2620.0,0,205,6464,2454,2026-04-30
大昌新店,2610.0,45,277,6464,2454,2026-04-30
大昌新店,2600.0,5,1000,6464,2454,2026-04-30
大昌新店,2575.0,1100,0,6464,2454,2026-04-30
大昌新竹,2660.0,0,1000,6463,2454,2026-04-30
大昌新竹,2650.0,0,1000,6463,2454,2026-04-30
大昌新竹,2640.0,0,5000,6463,2454,2026-04-30
大昌新竹,2625.0,50,1000,6463,2454,2026-04-30
大昌新竹,2615.0,70,3000,6463,2454,2026-04-30
大昌新竹,2605.0,1040,0,6463,2454,2026-04-30
大昌新竹,2590.0,40,0,6463,2454,2026-04-30
大昌新竹,2575.0,50,0,6463,2454,2026-04-30
台新吉利,2665.0,1000,0,9B2W,2454,2026-04-30
中信託忠,2635.0,40,1065,6162,2454,2026-04-30
中信松江,2595.0,101,0,6167,2454,2026-04-30
中信松江,2615.0,0,5,6167,2454,2026-04-30
光和,2590.0,5,0,6380,2454,2026-04-30
光和,2615.0,1,113,6380,2454,2026-04-30
光和溪湖,2595.0,1,0,6381,2454,2026-04-30
光和溪湖,2605.0,90,0,6381,2454,2026-04-30
光和溪湖,2620.0,1,4,6381,2454,2026-04-30
光和溪湖,2630.0,0,22,6381,2454,2026-04-30
光和溪湖,2640.0,0,1,6381,2454,2026-04-30
光和田中,2595.0,1000,0,6382,2454,2026-04-30
光和田中,2610.0,1,0,6382,2454,2026-04-30
光和田中,2620.0,0,1000,6382,2454,2026-04-30
光和和美,2590.0,1000,0,6383,2454,2026-04-30
光和和美,2620.0,0,1000,6383,2454,2026-04-30
光和花壇,2610.0,1000,0,6385,2454,2026-04-30
光和嘉義,2620.0,0,5,638A,2454,2026-04-30
光和高雄,2620.0,50,0,638D,2454,2026-04-30
光和高雄,2630.0,0,10,638D,2454,2026-04-30
永全,2585.0,1000,0,6450,2454,2026-04-30
永全,2610.0,1000,1000,6450,2454,2026-04-30
永全,2625.0,1000,0,6450,2454,2026-04-30
永全,2650.0,0,1000,6450,2454,2026-04-30
永全,2665.0,1000,0,6450,2454,2026-04-30
永全南崁,2610.0,12,0,6451,2454,2026-04-30
永全南崁,2655.0,0,1000,6451,2454,2026-04-30
永全八德,2605.0,0,25,6452,2454,2026-04-30
大昌,2575.0,1000,70,6460,2454,2026-04-30
大昌,2585.0,1050,0,6460,2454,2026-04-30
大昌,2595.0,0,5041,6460,2454,2026-04-30
光和,2575.0,10,0,6380,2454,2026-04-30
新百王,2645.0,20,0,6210,2454,2026-04-30
新百王,2635.0,40,11,6210,2454,2026-04-30
新百王,2625.0,14,50,6210,2454,2026-04-30
中信松江,2630.0,1100,1146,6167,2454,2026-04-30
中信松江,2645.0,20,0,6167,2454,2026-04-30
中信嘉義,2575.0,120,0,6168,2454,2026-04-30
中信嘉義,2585.0,20,100,6168,2454,2026-04-30
中信嘉義,2600.0,100,130,6168,2454,2026-04-30
中信嘉義,2610.0,0,50,6168,2454,2026-04-30
中信嘉義,2620.0,7,0,6168,2454,2026-04-30
中信嘉義,2630.0,0,1015,6168,2454,2026-04-30
中信嘉義,2645.0,5,0,6168,2454,2026-04-30
中信中壢,2580.0,110,0,616A,2454,2026-04-30
中信中壢,2595.0,100,0,616A,2454,2026-04-30
中信中壢,2605.0,110,205,616A,2454,2026-04-30
中信中壢,2615.0,2,1306,616A,2454,2026-04-30
中信松江,2605.0,11,231,6167,2454,2026-04-30
中信中壢,2625.0,4051,9,616A,2454,2026-04-30
中信中壢,2650.0,1050,2000,616A,2454,2026-04-30
中信中壢,2665.0,0,1000,616A,2454,2026-04-30
中信中壢,2675.0,0,2000,616A,2454,2026-04-30
中信託高,2580.0,52,30,616K,2454,2026-04-30
中信託高,2590.0,30,0,616K,2454,2026-04-30
中信託高,2600.0,10,7,616K,2454,2026-04-30
中信託高,2610.0,0,1007,616K,2454,2026-04-30
中信託高,2625.0,1012,75,616K,2454,2026-04-30
中信託高,2635.0,1025,80,616K,2454,2026-04-30
中信託高,2645.0,0,7,616K,2454,2026-04-30
中信託高,2655.0,3,0,616K,2454,2026-04-30
中信託高,2670.0,1000,0,616K,2454,2026-04-30
新百王,2605.0,50,0,6210,2454,2026-04-30
中信中壢,2635.0,1027,55,616A,2454,2026-04-30
統一桃園,2585.0,100,10,585H,2454,2026-04-30
中信託忠,2625.0,1050,163,6162,2454,2026-04-30
中信託忠,2605.0,1010,0,6162,2454,2026-04-30
統一東湖,2610.0,40,0,585R,2454,2026-04-30
統一東湖,2620.0,1,0,585R,2454,2026-04-30
統一東湖,2635.0,0,1050,585R,2454,2026-04-30
統一宜蘭,2575.0,10,0,585S,2454,2026-04-30
統一宜蘭,2595.0,50,0,585S,2454,2026-04-30
統一宜蘭,2610.0,10,0,585S,2454,2026-04-30
統一宜蘭,2620.0,1,150,585S,2454,2026-04-30
統一宜蘭,2630.0,0,20,585S,2454,2026-04-30
統一宜蘭,2640.0,30,0,585S,2454,2026-04-30
統一南京,2580.0,1,30000,585U,2454,2026-04-30
統一南京,2595.0,1000,0,585U,2454,2026-04-30
統一南京,2605.0,380,0,585U,2454,2026-04-30
統一南京,2620.0,0,1000,585U,2454,2026-04-30
統一南京,2630.0,14,0,585U,2454,2026-04-30
統一南京,2645.0,10000,1000,585U,2454,2026-04-30
統一南京,2655.0,10000,0,585U,2454,2026-04-30
統一南京,2675.0,10000,1000,585U,2454,2026-04-30
統一金門,2635.0,1,0,585W,2454,2026-04-30
統一土城,2580.0,0,15,585Y,2454,2026-04-30
統一土城,2595.0,5,0,585Y,2454,2026-04-30
統一土城,2610.0,1000,2000,585Y,2454,2026-04-30
統一土城,2625.0,1000,5,585Y,2454,2026-04-30
統一土城,2640.0,0,1000,585Y,2454,2026-04-30
統一土城,2670.0,1000,0,585Y,2454,2026-04-30
統一松江,2585.0,1,70,585Z,2454,2026-04-30
大昌,2605.0,26,0,6460,2454,2026-04-30
統一松江,2610.0,1,1010,585Z,2454,2026-04-30
統一東湖,2590.0,0,7030,585R,2454,2026-04-30
統一東湖,2580.0,0,4019,585R,2454,2026-04-30
統一三多,2645.0,3,0,585Q,2454,2026-04-30
統一三多,2625.0,6,0,585Q,2454,2026-04-30
統一桃園,2630.0,0,10,585H,2454,2026-04-30
統一桃園,2655.0,0,20,585H,2454,2026-04-30
統一員林,2610.0,0,14,585I,2454,2026-04-30
統一員林,2625.0,114,0,585I,2454,2026-04-30
統一三重,2575.0,3,0,585J,2454,2026-04-30
統一三重,2585.0,20,0,585J,2454,2026-04-30
統一三重,2595.0,5,0,585J,2454,2026-04-30
統一三重,2605.0,1050,0,585J,2454,2026-04-30
統一三重,2620.0,18,0,585J,2454,2026-04-30
統一三重,2630.0,2015,75,585J,2454,2026-04-30
統一三重,2640.0,0,2000,585J,2454,2026-04-30
統一三重,2655.0,4,0,585J,2454,2026-04-30
統一竹南,2585.0,0,2,585m,2454,2026-04-30
統一松江,2620.0,0,11,585Z,2454,2026-04-30
統一竹南,2610.0,10,5,585m,2454,2026-04-30
統一士林,2575.0,1000,0,585M,2454,2026-04-30
統一士林,2590.0,200,0,585M,2454,2026-04-30
統一士林,2605.0,10,0,585M,2454,2026-04-30
統一士林,2620.0,0,105,585M,2454,2026-04-30
統一士林,2630.0,0,7,585M,2454,2026-04-30
統一士林,2650.0,0,11,585M,2454,2026-04-30
統一士林,2665.0,1000,0,585M,2454,2026-04-30
統一板橋,2585.0,1000,0,585P,2454,2026-04-30
統一板橋,2600.0,1,0,585P,2454,2026-04-30
統一板橋,2635.0,3000,0,585P,2454,2026-04-30
統一板橋,2660.0,0,1000,585P,2454,2026-04-30
統一三多,2580.0,20,0,585Q,2454,2026-04-30
統一三多,2615.0,10,100,585Q,2454,2026-04-30
統一竹南,2625.0,20,0,585m,2454,2026-04-30
中信託忠,2615.0,61,1105,6162,2454,2026-04-30
統一松江,2630.0,0,10,585Z,2454,2026-04-30
統一松江,2675.0,1000,0,585Z,2454,2026-04-30
中銀豐原,2580.0,1020,0,611A,2454,2026-04-30
中銀豐原,2590.0,190,20,611A,2454,2026-04-30
中銀豐原,2600.0,10,0,611A,2454,2026-04-30
中銀豐原,2610.0,0,100,611A,2454,2026-04-30
中銀豐原,2620.0,0,1101,611A,2454,2026-04-30
中銀豐原,2630.0,10,3,611A,2454,2026-04-30
中銀豐原,2640.0,1005,0,611A,2454,2026-04-30
中銀豐原,2655.0,0,2,611A,2454,2026-04-30
中國信託,2575.0,1127,0,6160,2454,2026-04-30
中國信託,2585.0,315,11030,6160,2454,2026-04-30
中國信託,2595.0,1017,1159,6160,2454,2026-04-30
中國信託,2605.0,3105,348,6160,2454,2026-04-30
中國信託,2615.0,35056,2280,6160,2454,2026-04-30
中國信託,2625.0,43227,150,6160,2454,2026-04-30
中國信託,2635.0,21021,2505,6160,2454,2026-04-30
中國信託,2645.0,1118,110,6160,2454,2026-04-30
中國信託,2655.0,4200,2000,6160,2454,2026-04-30
中國信託,2680.0,0,1000,6160,2454,2026-04-30
中信三重,2580.0,35,10,6161,2454,2026-04-30
中信三重,2595.0,0,18,6161,2454,2026-04-30
中信三重,2605.0,10,0,6161,2454,2026-04-30
中信三重,2615.0,50,125,6161,2454,2026-04-30
中信三重,2625.0,0,400,6161,2454,2026-04-30
中信三重,2635.0,10,43,6161,2454,2026-04-30
中信三重,2655.0,20,1000,6161,2454,2026-04-30
中信託忠,2580.0,1035,2000,6162,2454,2026-04-30
中信託忠,2595.0,24,115,6162,2454,2026-04-30
中銀高雄,2640.0,55,0,6116,2454,2026-04-30
中銀高雄,2585.0,0,10,6116,2454,2026-04-30
中銀員林,2655.0,0,5,6114,2454,2026-04-30
中銀員林,2630.0,3,0,6114,2454,2026-04-30
日茂埔里,2630.0,2000,0,5961,2454,2026-04-30
日茂南投,2610.0,0,100,5962,2454,2026-04-30
?亞網路,2575.0,0,20,6012,2454,2026-04-30
?亞網路,2585.0,20,8,6012,2454,2026-04-30
?亞網路,2595.0,20,220,6012,2454,2026-04-30
?亞網路,2605.0,66,0,6012,2454,2026-04-30
?亞網路,2615.0,0,20,6012,2454,2026-04-30
?亞網路,2625.0,1001,110,6012,2454,2026-04-30
?亞網路,2635.0,0,10,6012,2454,2026-04-30
?亞網路,2645.0,8,0,6012,2454,2026-04-30
?亞鑫豐,2575.0,1000,29,601d,2454,2026-04-30
?亞鑫豐,2585.0,14,8,601d,2454,2026-04-30
?亞鑫豐,2605.0,0,1000,601d,2454,2026-04-30
統一松江,2640.0,0,11,585Z,2454,2026-04-30
?亞鑫豐,2615.0,70,1,601d,2454,2026-04-30
?亞鑫豐,2635.0,0,104,601d,2454,2026-04-30
?亞鑫豐,2645.0,1000,0,601d,2454,2026-04-30
?亞鑫豐,2655.0,0,2005,601d,2454,2026-04-30
台中銀,2600.0,0,40,6110,2454,2026-04-30
台中銀,2610.0,10,120,6110,2454,2026-04-30
台中銀,2620.0,0,1005,6110,2454,2026-04-30
台中銀,2630.0,1000,10,6110,2454,2026-04-30
台中銀,2640.0,0,1,6110,2454,2026-04-30
台中銀,2650.0,0,11,6110,2454,2026-04-30
台中銀,2675.0,0,1000,6110,2454,2026-04-30
中銀員林,2580.0,0,10,6114,2454,2026-04-30
中銀員林,2600.0,5,1,6114,2454,2026-04-30
中銀員林,2615.0,0,100,6114,2454,2026-04-30
?亞鑫豐,2625.0,11,3,601d,2454,2026-04-30
第一台南,2655.0,0,1000,5384,2454,2026-04-30
統一松江,2600.0,0,20,585Z,2454,2026-04-30
第一台南,2635.0,0,1002,5384,2454,2026-04-30
土銀南港,2605.0,43,1000,103F,2454,2026-04-30
土銀南港,2620.0,20,230,103F,2454,2026-04-30
土銀南港,2635.0,100,0,103F,2454,2026-04-30
土銀南港,2645.0,4,0,103F,2454,2026-04-30
臺銀,2575.0,68,0,1040,2454,2026-04-30
臺銀,2590.0,1000,67,1040,2454,2026-04-30
臺銀,2600.0,360,1,1040,2454,2026-04-30
臺銀,2610.0,47,955,1040,2454,2026-04-30
臺銀,2620.0,2001,1071,1040,2454,2026-04-30
臺銀,2630.0,36,2107,1040,2454,2026-04-30
臺銀,2640.0,27,220,1040,2454,2026-04-30
臺銀,2650.0,1010,51,1040,2454,2026-04-30
臺銀,2675.0,0,2000,1040,2454,2026-04-30
臺銀臺南,2580.0,10,0,1042,2454,2026-04-30
臺銀臺南,2590.0,18,0,1042,2454,2026-04-30
臺銀臺南,2600.0,20,115,1042,2454,2026-04-30
臺銀臺南,2610.0,15,189,1042,2454,2026-04-30
臺銀臺南,2620.0,1006,360,1042,2454,2026-04-30
臺銀臺南,2630.0,43,67,1042,2454,2026-04-30
臺銀臺南,2640.0,0,24,1042,2454,2026-04-30
臺銀臺南,2650.0,0,1476,1042,2454,2026-04-30
臺銀民權,2585.0,4,0,1043,2454,2026-04-30
臺銀民權,2595.0,1005,0,1043,2454,2026-04-30
臺銀民權,2610.0,5,1050,1043,2454,2026-04-30
臺銀民權,2620.0,3,281,1043,2454,2026-04-30
臺銀民權,2630.0,73,11,1043,2454,2026-04-30
臺銀民權,2640.0,0,1,1043,2454,2026-04-30
土銀白河,2635.0,1000,0,103C,2454,2026-04-30
土銀彰化,2650.0,1,0,103B,2454,2026-04-30
土銀彰化,2615.0,100,0,103B,2454,2026-04-30
土銀建國,2630.0,0,22,103A,2454,2026-04-30
土銀,2650.0,0,30,1030,2454,2026-04-30
土銀台中,2625.0,0,30,1031,2454,2026-04-30
土銀台中,2640.0,0,120,1031,2454,2026-04-30
土銀台南,2600.0,10,0,1032,2454,2026-04-30
土銀台南,2650.0,0,5,1032,2454,2026-04-30
土銀高雄,2600.0,0,2,1033,2454,2026-04-30
土銀高雄,2650.0,0,5,1033,2454,2026-04-30
土銀嘉義,2580.0,100,0,1034,2454,2026-04-30
土銀嘉義,2595.0,0,1,1034,2454,2026-04-30
土銀嘉義,2630.0,0,200,1034,2454,2026-04-30
土銀嘉義,2650.0,0,1000,1034,2454,2026-04-30
土銀新竹,2590.0,1000,0,1035,2454,2026-04-30
土銀新竹,2610.0,0,1005,1035,2454,2026-04-30
臺銀民權,2650.0,0,2001,1043,2454,2026-04-30
土銀新竹,2625.0,50,0,1035,2454,2026-04-30
土銀玉里,2580.0,2000,220,1036,2454,2026-04-30
土銀玉里,2615.0,0,2000,1036,2454,2026-04-30
土銀玉里,2630.0,0,5,1036,2454,2026-04-30
土銀玉里,2640.0,10,0,1036,2454,2026-04-30
土銀花蓮,2630.0,100,0,1037,2454,2026-04-30
土銀和平,2575.0,0,1000,1038,2454,2026-04-30
土銀和平,2620.0,0,20,1038,2454,2026-04-30
土銀和平,2635.0,0,2000,1038,2454,2026-04-30
土銀士林,2580.0,10,60,1039,2454,2026-04-30
土銀建國,2575.0,5,0,103A,2454,2026-04-30
土銀建國,2590.0,5,0,103A,2454,2026-04-30
土銀建國,2605.0,0,710,103A,2454,2026-04-30
土銀建國,2615.0,10,0,103A,2454,2026-04-30
土銀新竹,2640.0,0,100,1035,2454,2026-04-30
土銀,2640.0,0,3020,1030,2454,2026-04-30
臺銀民權,2670.0,1000,0,1043,2454,2026-04-30
臺銀新竹,2595.0,10,1,1045,2454,2026-04-30
臺銀金山,2645.0,0,10,104D,2454,2026-04-30
臺銀金山,2655.0,0,2070,104D,2454,2026-04-30
臺銀金山,2670.0,1000,0,104D,2454,2026-04-30
企銀,2585.0,5000,0,1110,2454,2026-04-30
企銀,2600.0,60,0,1110,2454,2026-04-30
企銀,2610.0,10,0,1110,2454,2026-04-30
企銀,2620.0,5,0,1110,2454,2026-04-30
企銀台中,2585.0,0,1000,1111,2454,2026-04-30
企銀台中,2615.0,0,10,1111,2454,2026-04-30
企銀台中,2630.0,50,10,1111,2454,2026-04-30
企銀台中,2650.0,0,10,1111,2454,2026-04-30
企銀台南,2605.0,0,100,1112,2454,2026-04-30
企銀嘉義,2600.0,0,10,1114,2454,2026-04-30
企銀嘉義,2610.0,0,10,1114,2454,2026-04-30
企銀太平,2590.0,3,1000,1115,2454,2026-04-30
企銀太平,2620.0,2,0,1115,2454,2026-04-30
企銀太平,2630.0,0,2000,1115,2454,2026-04-30
企銀竹北,2605.0,1,0,1117,2454,2026-04-30
企銀竹北,2620.0,1,0,1117,2454,2026-04-30
企銀豐原,2610.0,65,0,1118,2454,2026-04-30
企銀豐原,2630.0,1000,0,1118,2454,2026-04-30
企銀岡山,2600.0,0,100,1119,2454,2026-04-30
企銀岡山,2620.0,50,0,1119,2454,2026-04-30
企銀民雄,2615.0,0,1,111A,2454,2026-04-30
台企建成,2585.0,1000,0,111B,2454,2026-04-30
台企建成,2605.0,10,0,111B,2454,2026-04-30
台企建成,2635.0,0,30,111B,2454,2026-04-30
臺銀金山,2635.0,1,110,104D,2454,2026-04-30
臺銀金山,2625.0,1000,1077,104D,2454,2026-04-30
臺銀金山,2615.0,300,5,104D,2454,2026-04-30
臺銀金山,2605.0,0,102,104D,2454,2026-04-30
臺銀新竹,2605.0,20,10,1045,2454,2026-04-30
臺銀新竹,2615.0,0,22,1045,2454,2026-04-30
臺銀新竹,2625.0,21,434,1045,2454,2026-04-30
臺銀新竹,2635.0,43,68,1045,2454,2026-04-30
臺銀新竹,2645.0,0,54,1045,2454,2026-04-30
臺銀新竹,2675.0,0,1000,1045,2454,2026-04-30
臺銀臺中,2580.0,30,40,104A,2454,2026-04-30
臺銀臺中,2590.0,55,60,104A,2454,2026-04-30
臺銀臺中,2600.0,1210,1090,104A,2454,2026-04-30
臺銀臺中,2610.0,1030,57,104A,2454,2026-04-30
臺銀臺中,2620.0,18,1082,104A,2454,2026-04-30
臺銀臺中,2630.0,18,296,104A,2454,2026-04-30
臺銀臺中,2640.0,110,395,104A,2454,2026-04-30
臺銀新竹,2585.0,30,14,1045,2454,2026-04-30
臺銀臺中,2650.0,0,49,104A,2454,2026-04-30
臺銀高雄,2575.0,2,10,104C,2454,2026-04-30
臺銀高雄,2585.0,210,20,104C,2454,2026-04-30
臺銀高雄,2595.0,101,152,104C,2454,2026-04-30
臺銀高雄,2605.0,25,36,104C,2454,2026-04-30
臺銀高雄,2615.0,28,65,104C,2454,2026-04-30
臺銀高雄,2625.0,2107,1035,104C,2454,2026-04-30
臺銀高雄,2635.0,27,1039,104C,2454,2026-04-30
臺銀高雄,2645.0,10,0,104C,2454,2026-04-30
臺銀高雄,2655.0,1000,4000,104C,2454,2026-04-30
臺銀高雄,2665.0,2000,0,104C,2454,2026-04-30
臺銀金山,2575.0,1000,0,104D,2454,2026-04-30
臺銀金山,2585.0,10,200,104D,2454,2026-04-30
臺銀金山,2595.0,5,70,104D,2454,2026-04-30
臺銀臺中,2665.0,1000,0,104A,2454,2026-04-30
土銀,2630.0,20,3100,1030,2454,2026-04-30
土銀,2620.0,5,210,1030,2454,2026-04-30
土銀,2605.0,0,20,1030,2454,2026-04-30
合庫,2610.0,32,871,1020,2454,2026-04-30
合庫,2620.0,9,3,1020,2454,2026-04-30
合庫,2630.0,5,71,1020,2454,2026-04-30
合庫,2640.0,0,55,1020,2454,2026-04-30
合庫,2650.0,1000,197,1020,2454,2026-04-30
合庫台中,2580.0,15,0,1021,2454,2026-04-30
合庫台中,2590.0,1110,200,1021,2454,2026-04-30
合庫台中,2600.0,10,33,1021,2454,2026-04-30
合庫台中,2610.0,10,38,1021,2454,2026-04-30
合庫台中,2620.0,200,1140,1021,2454,2026-04-30
合庫台中,2630.0,10,50,1021,2454,2026-04-30
合庫台中,2640.0,0,1010,1021,2454,2026-04-30
合庫台中,2655.0,4000,0,1021,2454,2026-04-30
合庫台中,2680.0,0,1000,1021,2454,2026-04-30
合庫台南,2575.0,1000,0,1022,2454,2026-04-30
合庫台南,2585.0,20,0,1022,2454,2026-04-30
合庫台南,2605.0,1,550,1022,2454,2026-04-30
合庫台南,2615.0,0,100,1022,2454,2026-04-30
合庫台南,2625.0,1000,10,1022,2454,2026-04-30
合庫台南,2635.0,0,2,1022,2454,2026-04-30
合庫台南,2650.0,0,1000,1022,2454,2026-04-30
合庫高雄,2580.0,111,1000,1023,2454,2026-04-30
合庫高雄,2605.0,0,10,1023,2454,2026-04-30
合庫高雄,2615.0,2,0,1023,2454,2026-04-30
合庫高雄,2630.0,1000,1000,1023,2454,2026-04-30
合庫高雄,2640.0,0,5,1023,2454,2026-04-30
合庫高雄,2655.0,0,1000,1023,2454,2026-04-30
合庫,2600.0,280,1000,1020,2454,2026-04-30
合庫,2590.0,0,504,1020,2454,2026-04-30
合庫,2580.0,1020,80,1020,2454,2026-04-30
台新安南,2675.0,1000,0,9B2Z,2454,2026-04-30
台新草屯,2610.0,0,1010,9B2X,2454,2026-04-30
台新草屯,2620.0,1,1000,9B2X,2454,2026-04-30
台新草屯,2635.0,0,88,9B2X,2454,2026-04-30
台新草屯,2645.0,0,1,9B2X,2454,2026-04-30
台新草屯,2655.0,0,1,9B2X,2454,2026-04-30
台新花蓮,2590.0,20,0,9B2y,2454,2026-04-30
台新花蓮,2615.0,1000,0,9B2y,2454,2026-04-30
台新花蓮,2625.0,0,1000,9B2y,2454,2026-04-30
台新花蓮,2645.0,10,0,9B2y,2454,2026-04-30
台新埔里,2590.0,0,1000,9B2Y,2454,2026-04-30
台新埔里,2615.0,1000,0,9B2Y,2454,2026-04-30
台新埔里,2625.0,1000,120,9B2Y,2454,2026-04-30
台新埔里,2650.0,0,6,9B2Y,2454,2026-04-30
合庫高雄,2670.0,1000,0,1023,2454,2026-04-30
台新文心,2575.0,1024,2000,9B2z,2454,2026-04-30
台新文心,2600.0,5,1000,9B2z,2454,2026-04-30
台新文心,2610.0,0,20,9B2z,2454,2026-04-30
台新文心,2620.0,30,0,9B2z,2454,2026-04-30
台新文心,2630.0,1000,178,9B2z,2454,2026-04-30
台新文心,2640.0,9,0,9B2z,2454,2026-04-30
台新文心,2650.0,0,1006,9B2z,2454,2026-04-30
台新安南,2580.0,1000,0,9B2Z,2454,2026-04-30
台新安南,2590.0,1,50,9B2Z,2454,2026-04-30
台新安南,2600.0,6000,0,9B2Z,2454,2026-04-30
台新安南,2610.0,3,60,9B2Z,2454,2026-04-30
台新安南,2625.0,0,100,9B2Z,2454,2026-04-30
台新安南,2635.0,1000,103,9B2Z,2454,2026-04-30
台新安南,2655.0,0,2000,9B2Z,2454,2026-04-30
台新文心,2590.0,205,0,9B2z,2454,2026-04-30
合庫嘉義,2585.0,1000,60,1024,2454,2026-04-30
合庫嘉義,2605.0,20,400,1024,2454,2026-04-30
合庫嘉義,2615.0,10,0,1024,2454,2026-04-30
合庫自強,2630.0,0,1060,102C,2454,2026-04-30
合庫自強,2640.0,0,19,102C,2454,2026-04-30
合庫自強,2650.0,0,3,102C,2454,2026-04-30
合庫桃園,2580.0,5,10,102E,2454,2026-04-30
合庫桃園,2590.0,1000,0,102E,2454,2026-04-30
合庫桃園,2600.0,5,0,102E,2454,2026-04-30
合庫桃園,2615.0,20,100,102E,2454,2026-04-30
合庫桃園,2625.0,1028,1036,102E,2454,2026-04-30
合庫桃園,2635.0,0,312,102E,2454,2026-04-30
合庫桃園,2645.0,0,1000,102E,2454,2026-04-30
合庫桃園,2655.0,100,0,102E,2454,2026-04-30
合庫西台,2580.0,2010,0,102F,2454,2026-04-30
合庫西台,2595.0,0,20,102F,2454,2026-04-30
合庫自強,2620.0,35,55,102C,2454,2026-04-30
第一台南,2645.0,0,1000,5384,2454,2026-04-30
合庫西台,2615.0,35,0,102F,2454,2026-04-30
合庫西台,2625.0,1010,1030,102F,2454,2026-04-30
合庫西台,2635.0,7,0,102F,2454,2026-04-30
合庫西台,2645.0,0,1,102F,2454,2026-04-30
合庫西台,2675.0,1000,0,102F,2454,2026-04-30
合庫三重,2580.0,1015,0,102G,2454,2026-04-30
合庫三重,2595.0,1000,0,102G,2454,2026-04-30
合庫三重,2610.0,0,1000,102G,2454,2026-04-30
合庫三重,2620.0,0,20,102G,2454,2026-04-30
合庫三重,2635.0,100,3000,102G,2454,2026-04-30
合庫三重,2650.0,0,100,102G,2454,2026-04-30
土銀,2575.0,1000,0,1030,2454,2026-04-30
土銀,2590.0,1000,50,1030,2454,2026-04-30
合庫西台,2605.0,30,0,102F,2454,2026-04-30
企銀桃園,2575.0,3,0,111E,2454,2026-04-30
合庫自強,2610.0,105,0,102C,2454,2026-04-30
合庫自強,2585.0,25001,0,102C,2454,2026-04-30
合庫嘉義,2625.0,10,10,1024,2454,2026-04-30
合庫嘉義,2645.0,0,1000,1024,2454,2026-04-30
合庫嘉義,2670.0,1000,0,1024,2454,2026-04-30
合庫基隆,2585.0,0,20,1025,2454,2026-04-30
合庫基隆,2600.0,0,25,1025,2454,2026-04-30
合庫基隆,2610.0,20,5,1025,2454,2026-04-30
合庫基隆,2630.0,1000,65,1025,2454,2026-04-30
合庫彰化,2580.0,1000,0,1028,2454,2026-04-30
合庫彰化,2595.0,0,1000,1028,2454,2026-04-30
合庫彰化,2605.0,3,1000,1028,2454,2026-04-30
合庫彰化,2615.0,0,1000,1028,2454,2026-04-30
合庫彰化,2625.0,1000,1020,1028,2454,2026-04-30
合庫彰化,2635.0,1000,6015,1028,2454,2026-04-30
合庫自強,2600.0,50,0,102C,2454,2026-04-30
合庫彰化,2665.0,0,1000,1028,2454,2026-04-30
合庫鳳山,2615.0,10,2,1029,2454,2026-04-30
合庫鳳山,2630.0,0,17,1029,2454,2026-04-30
合庫鳳山,2645.0,0,1030,1029,2454,2026-04-30
合庫鳳山,2655.0,0,50,1029,2454,2026-04-30
合庫新竹,2580.0,60,2,102A,2454,2026-04-30
合庫新竹,2590.0,2,0,102A,2454,2026-04-30
合庫新竹,2600.0,200,110,102A,2454,2026-04-30
合庫新竹,2615.0,80,70,102A,2454,2026-04-30
合庫新竹,2625.0,0,2100,102A,2454,2026-04-30
合庫新竹,2635.0,0,100,102A,2454,2026-04-30
合庫新竹,2645.0,0,2,102A,2454,2026-04-30
合庫新竹,2655.0,1000,0,102A,2454,2026-04-30
合庫自強,2575.0,20,0,102C,2454,2026-04-30
合庫鳳山,2600.0,50,0,1029,2454,2026-04-30
企銀桃園,2605.0,230,0,111E,2454,2026-04-30
大昌,2615.0,17,0,6460,2454,2026-04-30
企銀桃園,2635.0,0,10,111E,2454,2026-04-30
第一員林,2615.0,5,0,5381,2454,2026-04-30
第一員林,2590.0,21,0,5381,2454,2026-04-30
第一員林,2575.0,1000,0,5381,2454,2026-04-30
第一金證,2650.0,0,110,5380,2454,2026-04-30
第一金證,2640.0,0,4,5380,2454,2026-04-30
第一金證,2630.0,4,10,5380,2454,2026-04-30
第一金證,2620.0,1,1,5380,2454,2026-04-30
第一金證,2610.0,36,1000,5380,2454,2026-04-30
第一金證,2600.0,6,1,5380,2454,2026-04-30
第一金證,2585.0,0,1050,5380,2454,2026-04-30
高橋內壢,2670.0,1000,0,5323,2454,2026-04-30
高橋內壢,2640.0,0,1030,5323,2454,2026-04-30
高橋內壢,2620.0,30,50,5323,2454,2026-04-30
高橋內壢,2610.0,10,1013,5323,2454,2026-04-30
高橋內壢,2585.0,2,0,5323,2454,2026-04-30
高橋中壢,2655.0,0,2000,5322,2454,2026-04-30
高橋中壢,2610.0,0,50,5322,2454,2026-04-30
高橋龍潭,2665.0,0,1000,5321,2454,2026-04-30
高橋龍潭,2650.0,2000,0,5321,2454,2026-04-30
高橋龍潭,2635.0,0,1000,5321,2454,2026-04-30
高橋龍潭,2625.0,1100,0,5321,2454,2026-04-30
高橋龍潭,2615.0,1000,110,5321,2454,2026-04-30
高橋龍潭,2595.0,0,1006,5321,2454,2026-04-30
高橋龍潭,2575.0,0,20,5321,2454,2026-04-30
高橋,2640.0,0,25,5320,2454,2026-04-30
高橋,2630.0,1000,30,5320,2454,2026-04-30
高橋,2620.0,10,105,5320,2454,2026-04-30
第一員林,2625.0,0,10,5381,2454,2026-04-30
高橋,2610.0,10,340,5320,2454,2026-04-30
第一員林,2645.0,25,0,5381,2454,2026-04-30
第一台中,2605.0,0,10,5382,2454,2026-04-30
瑞銀,2615.0,153000,122000,1650,2454,2026-04-30
瑞銀,2625.0,253680,144507,1650,2454,2026-04-30
瑞銀,2635.0,174000,126000,1650,2454,2026-04-30
瑞銀,2645.0,203000,89000,1650,2454,2026-04-30
瑞銀,2655.0,56000,46000,1650,2454,2026-04-30
瑞銀,2665.0,105000,66000,1650,2454,2026-04-30
瑞銀,2675.0,37000,7000,1650,2454,2026-04-30
瑞銀,2685.0,2000,0,1650,2454,2026-04-30
亞東,2620.0,100,5,2180,2454,2026-04-30
亞東,2635.0,0,20,2180,2454,2026-04-30
亞東,2645.0,0,1000,2180,2454,2026-04-30
亞東,2655.0,3,0,2180,2454,2026-04-30
亞東,2675.0,0,1000,2180,2454,2026-04-30
亞東板橋,2590.0,1150,0,2181,2454,2026-04-30
第一台南,2615.0,1,1,5384,2454,2026-04-30
第一台南,2605.0,1,6,5384,2454,2026-04-30
第一台南,2595.0,1,20,5384,2454,2026-04-30
第一台南,2585.0,2,4,5384,2454,2026-04-30
第一台南,2575.0,2000,2,5384,2454,2026-04-30
第一高雄,2645.0,0,1000,5383,2454,2026-04-30
第一高雄,2635.0,2000,1,5383,2454,2026-04-30
第一高雄,2625.0,120,42,5383,2454,2026-04-30
第一高雄,2610.0,10,0,5383,2454,2026-04-30
第一高雄,2590.0,100,5,5383,2454,2026-04-30
第一高雄,2580.0,1000,10,5383,2454,2026-04-30
第一台中,2660.0,1000,0,5382,2454,2026-04-30
第一台中,2630.0,2,5000,5382,2454,2026-04-30
第一台中,2590.0,5000,0,5382,2454,2026-04-30
高橋,2595.0,0,5,5320,2454,2026-04-30
高橋,2585.0,0,5,5320,2454,2026-04-30
高橋,2575.0,0,90,5320,2454,2026-04-30
美好蘆洲,2610.0,1000,11,5261,2454,2026-04-30
美好蘆洲,2600.0,0,2050,5261,2454,2026-04-30
美好蘆洲,2575.0,0,2000,5261,2454,2026-04-30
美好,2645.0,0,1000,5260,2454,2026-04-30
美好,2630.0,200,1000,5260,2454,2026-04-30
美好,2610.0,0,2,5260,2454,2026-04-30
美好,2575.0,0,2000,5260,2454,2026-04-30
大展台南,2615.0,0,10,5058,2454,2026-04-30
大展台南,2580.0,0,1000,5058,2454,2026-04-30
大展,2665.0,1000,0,5050,2454,2026-04-30
大展,2645.0,0,2060,5050,2454,2026-04-30
大展,2615.0,10,0,5050,2454,2026-04-30
大展,2600.0,24,0,5050,2454,2026-04-30
亞東台中,2655.0,0,1000,2187,2454,2026-04-30
亞東台中,2625.0,0,30,2187,2454,2026-04-30
亞東台中,2610.0,0,12,2187,2454,2026-04-30
亞東高雄,2650.0,0,10,2186,2454,2026-04-30
亞東台南,2650.0,0,1000,2185,2454,2026-04-30
亞東台南,2630.0,1000,0,2185,2454,2026-04-30
亞東台南,2620.0,0,8,2185,2454,2026-04-30
亞東台南,2585.0,1,0,2185,2454,2026-04-30
亞東新竹,2625.0,0,2101,2184,2454,2026-04-30
亞東新竹,2610.0,10,600,2184,2454,2026-04-30
亞東新竹,2595.0,1000,0,2184,2454,2026-04-30
亞東板橋,2625.0,20,57,2181,2454,2026-04-30
亞東板橋,2640.0,100,0,2181,2454,2026-04-30
企銀桃園,2625.0,1000,0,111E,2454,2026-04-30
美好蘆洲,2625.0,1,4,5261,2454,2026-04-30
美好蘆洲,2635.0,0,102,5261,2454,2026-04-30
美好蘆洲,2645.0,0,20,5261,2454,2026-04-30
美好楊梅,2575.0,2,0,5262,2454,2026-04-30
美好市政,2640.0,0,1000,526M,2454,2026-04-30
美好市政,2630.0,0,1000,526M,2454,2026-04-30
美好市政,2620.0,1000,0,526M,2454,2026-04-30
美好市政,2590.0,1000,0,526M,2454,2026-04-30
美好富順,2655.0,0,20,526K,2454,2026-04-30
美好富順,2645.0,0,20,526K,2454,2026-04-30
美好富順,2630.0,0,66,526K,2454,2026-04-30
美好富順,2620.0,1000,1060,526K,2454,2026-04-30
美好富順,2600.0,0,70,526K,2454,2026-04-30
美好富順,2590.0,10,0,526K,2454,2026-04-30
美好富順,2575.0,1,0,526K,2454,2026-04-30
美好台南,2625.0,33,0,5268,2454,2026-04-30
美好台南,2610.0,0,20,5268,2454,2026-04-30
瑞銀,2605.0,61000,31832,1650,2454,2026-04-30
美好中壢,2640.0,0,100,5266,2454,2026-04-30
美好中壢,2590.0,505,200,5266,2454,2026-04-30
美好苗栗,2650.0,0,1000,5265,2454,2026-04-30
美好高雄,2640.0,0,1000,5264,2454,2026-04-30
美好高雄,2610.0,0,100,5264,2454,2026-04-30
美好高雄,2585.0,0,65,5264,2454,2026-04-30
美好泰山,2630.0,0,100,5263,2454,2026-04-30
美好泰山,2610.0,100,0,5263,2454,2026-04-30
美好楊梅,2675.0,0,1000,5262,2454,2026-04-30
美好楊梅,2640.0,50,10,5262,2454,2026-04-30
亞東板橋,2600.0,10,1000,2181,2454,2026-04-30
美好楊梅,2625.0,100,0,5262,2454,2026-04-30
美好楊梅,2610.0,35,120,5262,2454,2026-04-30
美好楊梅,2590.0,3,0,5262,2454,2026-04-30
美好中壢,2610.0,100,0,5266,2454,2026-04-30
瑞銀,2595.0,180000,32000,1650,2454,2026-04-30
第一台中,2620.0,10,0,5382,2454,2026-04-30
瑞銀,2575.0,52000,39000,1650,2454,2026-04-30
瑞銀,2585.0,159000,28000,1650,2454,2026-04-30
宏遠桃園,2580.0,0,10,1262,2454,2026-04-30
宏遠桃園,2590.0,1,0,1262,2454,2026-04-30
宏遠桃園,2620.0,0,40,1262,2454,2026-04-30
宏遠桃園,2640.0,1,0,1262,2454,2026-04-30
宏遠台南,2600.0,2,0,126D,2454,2026-04-30
宏遠台南,2645.0,1000,0,126D,2454,2026-04-30
宏遠台南,2665.0,0,1000,126D,2454,2026-04-30
宏遠中和,2590.0,0,6,126H,2454,2026-04-30
宏遠中和,2625.0,1000,4,126H,2454,2026-04-30
宏遠中和,2640.0,0,30,126H,2454,2026-04-30
宏遠中和,2655.0,0,1000,126H,2454,2026-04-30
宏遠光隆,2570.0,1000,0,126i,2454,2026-04-30
宏遠光隆,2580.0,10,0,126i,2454,2026-04-30
宏遠光隆,2590.0,10,0,126i,2454,2026-04-30
宏遠光隆,2610.0,0,100,126i,2454,2026-04-30
宏遠光隆,2625.0,0,30,126i,2454,2026-04-30
宏遠台中,2575.0,1000,0,126L,2454,2026-04-30
宏遠台中,2590.0,1,0,126L,2454,2026-04-30
宏遠台中,2610.0,1000,0,126L,2454,2026-04-30
宏遠台中,2625.0,0,1000,126L,2454,2026-04-30
宏遠台中,2645.0,0,1000,126L,2454,2026-04-30
宏遠高雄,2640.0,0,25,126Q,2454,2026-04-30
宏遠高雄,2660.0,1000,1000,126Q,2454,2026-04-30
宏遠館前,2620.0,0,20,126U,2454,2026-04-30
宏遠館前,2640.0,0,5,126U,2454,2026-04-30
宏遠新化,2585.0,0,120,126X,2454,2026-04-30
宏遠民生,2610.0,200,10,1261,2454,2026-04-30
宏遠民生,2585.0,0,7,1261,2454,2026-04-30
宏遠,2675.0,1000,0,1260,2454,2026-04-30
宏遠,2660.0,1000,0,1260,2454,2026-04-30
企銀桃園,2645.0,0,1000,111E,2454,2026-04-30
企銀桃園,2675.0,1000,0,111E,2454,2026-04-30
企銀北高,2605.0,1,0,111F,2454,2026-04-30
企銀北高,2655.0,0,1000,111F,2454,2026-04-30
企銀埔墘,2595.0,1000,0,111G,2454,2026-04-30
企銀埔墘,2625.0,0,3,111G,2454,2026-04-30
企銀埔墘,2640.0,50,1,111G,2454,2026-04-30
彰銀,2580.0,10,0,1230,2454,2026-04-30
彰銀,2590.0,20,16,1230,2454,2026-04-30
彰銀,2600.0,1000,0,1230,2454,2026-04-30
彰銀,2610.0,105,0,1230,2454,2026-04-30
彰銀,2620.0,260,1000,1230,2454,2026-04-30
彰銀,2630.0,1000,2000,1230,2454,2026-04-30
港麥格理,2575.0,1000,1000,1360,2454,2026-04-30
彰銀,2645.0,0,1110,1230,2454,2026-04-30
彰銀七賢,2610.0,0,20,1232,2454,2026-04-30
彰銀七賢,2630.0,0,15,1232,2454,2026-04-30
彰銀台中,2575.0,2000,0,1233,2454,2026-04-30
彰銀台中,2595.0,0,20,1233,2454,2026-04-30
彰銀台中,2605.0,1,0,1233,2454,2026-04-30
彰銀台中,2615.0,25,0,1233,2454,2026-04-30
彰銀台中,2625.0,1000,0,1233,2454,2026-04-30
彰銀台中,2635.0,2000,0,1233,2454,2026-04-30
彰銀台中,2660.0,1000,0,1233,2454,2026-04-30
宏遠,2570.0,0,1000,1260,2454,2026-04-30
宏遠,2580.0,50,0,1260,2454,2026-04-30
宏遠,2620.0,0,2000,1260,2454,2026-04-30
宏遠,2635.0,1000,0,1260,2454,2026-04-30
彰銀七賢,2575.0,1005,0,1232,2454,2026-04-30
港麥格理,2585.0,1000,0,1360,2454,2026-04-30
宏遠民生,2630.0,0,1005,1261,2454,2026-04-30
亞東板橋,2610.0,0,500,2181,2454,2026-04-30
美商高盛,2605.0,26000,30000,1480,2454,2026-04-30
美商高盛,2615.0,49000,41000,1480,2454,2026-04-30
美商高盛,2625.0,99320,80056,1480,2454,2026-04-30
美商高盛,2635.0,108000,44000,1480,2454,2026-04-30
美商高盛,2645.0,47000,26000,1480,2454,2026-04-30
美商高盛,2655.0,7000,37000,1480,2454,2026-04-30
美商高盛,2665.0,253000,12000,1480,2454,2026-04-30
美商高盛,2675.0,12000,12000,1480,2454,2026-04-30
港商野村,2575.0,0,31000,1560,2454,2026-04-30
港商野村,2585.0,0,6000,1560,2454,2026-04-30
港商野村,2605.0,34,22000,1560,2454,2026-04-30
港商野村,2615.0,0,47000,1560,2454,2026-04-30
港商野村,2625.0,27000,38000,1560,2454,2026-04-30
美商高盛,2595.0,54000,41000,1480,2454,2026-04-30
港商野村,2635.0,18000,25000,1560,2454,2026-04-30
港商野村,2665.0,0,1000,1560,2454,2026-04-30
花旗環球,2580.0,1000,1000,1590,2454,2026-04-30
花旗環球,2590.0,1000,9000,1590,2454,2026-04-30
花旗環球,2600.0,4000,4000,1590,2454,2026-04-30
第一台南,2625.0,2000,180,5384,2454,2026-04-30
花旗環球,2610.0,99000,172000,1590,2454,2026-04-30
花旗環球,2620.0,5000,15308,1590,2454,2026-04-30
花旗環球,2630.0,0,12000,1590,2454,2026-04-30
花旗環球,2640.0,1000,16000,1590,2454,2026-04-30
港麥格理,2595.0,6000,0,1360,2454,2026-04-30
花旗環球,2675.0,0,1000,1590,2454,2026-04-30
花旗環球,2650.0,9000,3000,1590,2454,2026-04-30
花旗環球,2660.0,19000,0,1590,2454,2026-04-30
港商野村,2645.0,0,34000,1560,2454,2026-04-30
美商高盛,2585.0,28000,52000,1480,2454,2026-04-30
港商野村,2595.0,0,26000,1560,2454,2026-04-30
台灣摩根,2675.0,4000,1000,1470,2454,2026-04-30
港麥格理,2605.0,0,11000,1360,2454,2026-04-30
港麥格理,2615.0,2000,0,1360,2454,2026-04-30
港麥格理,2630.0,4000,0,1360,2454,2026-04-30
美商高盛,2575.0,9000,54000,1480,2454,2026-04-30
港麥格理,2655.0,1000,0,1360,2454,2026-04-30
港麥格理,2665.0,4000,53000,1360,2454,2026-04-30
美林,2570.0,4000,0,1440,2454,2026-04-30
美林,2580.0,37000,13000,1440,2454,2026-04-30
美林,2590.0,40000,13000,1440,2454,2026-04-30
美林,2600.0,32000,11000,1440,2454,2026-04-30
美林,2610.0,129000,99000,1440,2454,2026-04-30
美林,2620.0,38000,20934,1440,2454,2026-04-30
美林,2630.0,113000,27000,1440,2454,2026-04-30
美林,2640.0,71000,5000,1440,2454,2026-04-30
美林,2650.0,66000,4000,1440,2454,2026-04-30
港麥格理,2640.0,0,1000,1360,2454,2026-04-30
美林,2670.0,1000,0,1440,2454,2026-04-30
美林,2660.0,2000,1000,1440,2454,2026-04-30
台灣摩根,2655.0,45000,6000,1470,2454,2026-04-30
台灣摩根,2645.0,47000,8000,1470,2454,2026-04-30
台灣摩根,2635.0,24000,17000,1470,2454,2026-04-30
台灣摩根,2665.0,318000,32000,1470,2454,2026-04-30
台灣摩根,2615.0,5000,9250,1470,2454,2026-04-30
台灣摩根,2625.0,36304,45000,1470,2454,2026-04-30
台灣摩根,2595.0,15000,30000,1470,2454,2026-04-30
台灣摩根,2585.0,37000,69000,1470,2454,2026-04-30
台灣摩根,2575.0,11000,16000,1470,2454,2026-04-30
台灣摩根,2565.0,0,2000,1470,2454,2026-04-30
台灣摩根,2605.0,6000,3000,1470,2454,2026-04-30
