securities_trader,price,buy,sell,securities_trader_id,stock_id,date
元大台中,2230.0,1,0,9812,2345,2026-04-22
元大西屯,2220.0,1,0,980w,2345,2026-04-22
元大台中,2150.0,0,2,9812,2345,2026-04-22
元大台中,2175.0,12,0,9812,2345,2026-04-22
元大台中,2190.0,30,1,9812,2345,2026-04-22
元大台中,2200.0,4,0,9812,2345,2026-04-22
元大中崙,2150.0,6,0,9813,2345,2026-04-22
元大大益,2220.0,1000,0,9814,2345,2026-04-22
元大中崙,2210.0,5,0,9813,2345,2026-04-22
元大中崙,2250.0,0,1,9813,2345,2026-04-22
元大大益,2155.0,1005,0,9814,2345,2026-04-22
元大大益,2180.0,10,0,9814,2345,2026-04-22
元大大益,2190.0,5,0,9814,2345,2026-04-22
元大新竹,2140.0,1000,0,9816,2345,2026-04-22
元大新竹,2170.0,1005,37,9816,2345,2026-04-22
元大中崙,2190.0,5,0,9813,2345,2026-04-22
元大西屯,2195.0,0,5,980w,2345,2026-04-22
元大南海,2185.0,0,10,980R,2345,2026-04-22
元大府城,2240.0,10,0,980u,2345,2026-04-22
元大竹科,2150.0,1000,0,980K,2345,2026-04-22
元大竹科,2165.0,0,1000,980K,2345,2026-04-22
元大竹科,2175.0,20,0,980K,2345,2026-04-22
元大竹科,2190.0,1,0,980K,2345,2026-04-22
元大竹科,2205.0,20,0,980K,2345,2026-04-22
元大竹科,2215.0,5,0,980K,2345,2026-04-22
元大竹科,2230.0,1,0,980K,2345,2026-04-22
元大虎尾,2185.0,1005,0,980l,2345,2026-04-22
元大虎尾,2215.0,1,0,980l,2345,2026-04-22
元大虎尾,2235.0,0,54,980l,2345,2026-04-22
元大南崁,2170.0,7,0,980Q,2345,2026-04-22
元大南崁,2205.0,90,0,980Q,2345,2026-04-22
元大新竹,2195.0,5,3,9816,2345,2026-04-22
元大府城,2155.0,12,0,980u,2345,2026-04-22
元大府城,2165.0,0,40,980u,2345,2026-04-22
元大府城,2190.0,20,0,980u,2345,2026-04-22
元大府城,2220.0,100,0,980u,2345,2026-04-22
元大西屯,2175.0,20,0,980w,2345,2026-04-22
元大新竹,2215.0,0,5,9816,2345,2026-04-22
元大歸仁,2235.0,0,1,981a,2345,2026-04-22
元大東泰,2195.0,0,5,9817,2345,2026-04-22
元大南投,2150.0,1015,0,981D,2345,2026-04-22
元大南投,2180.0,3,0,981D,2345,2026-04-22
元大南投,2195.0,1,0,981D,2345,2026-04-22
元大南投,2210.0,1100,0,981D,2345,2026-04-22
元大南投,2220.0,1001,0,981D,2345,2026-04-22
元大佳里,2150.0,2000,0,981e,2345,2026-04-22
元大佳里,2180.0,0,1000,981e,2345,2026-04-22
元大路竹,2195.0,2,0,981C,2345,2026-04-22
元大佳里,2190.0,30,10,981e,2345,2026-04-22
元大佳里,2230.0,0,11,981e,2345,2026-04-22
元大發財,2190.0,100,0,981E,2345,2026-04-22
元大福營,2180.0,0,130,981F,2345,2026-04-22
元大福營,2210.0,1,0,981F,2345,2026-04-22
元大福營,2220.0,0,300,981F,2345,2026-04-22
元大大里,2165.0,10,0,981g,2345,2026-04-22
元大大里,2175.0,0,1,981g,2345,2026-04-22
元大佳里,2210.0,1020,0,981e,2345,2026-04-22
元大新竹,2230.0,3,0,9816,2345,2026-04-22
元大路竹,2185.0,1,0,981C,2345,2026-04-22
元大竹北,2230.0,1,1,981B,2345,2026-04-22
元大東泰,2220.0,10,0,9817,2345,2026-04-22
元大歸仁,2180.0,1000,0,981a,2345,2026-04-22
元大歸仁,2210.0,20,0,981a,2345,2026-04-22
元大歸仁,2220.0,0,20,981a,2345,2026-04-22
元大台北,2200.0,0,1,980h,2345,2026-04-22
元大三峽,2150.0,1000,0,981A,2345,2026-04-22
元大三峽,2165.0,25,0,981A,2345,2026-04-22
元大路竹,2150.0,10,0,981C,2345,2026-04-22
元大三峽,2185.0,1000,0,981A,2345,2026-04-22
元大三峽,2230.0,0,1000,981A,2345,2026-04-22
元大三峽,2245.0,0,1,981A,2345,2026-04-22
元大竹北,2165.0,1,0,981B,2345,2026-04-22
元大竹北,2190.0,50,0,981B,2345,2026-04-22
元大竹北,2200.0,1,0,981B,2345,2026-04-22
元大竹北,2210.0,1,0,981B,2345,2026-04-22
元大竹北,2220.0,22,5,981B,2345,2026-04-22
元大三峽,2205.0,1000,0,981A,2345,2026-04-22
元大台北,2190.0,2,0,980h,2345,2026-04-22
元大清水,2150.0,5,0,980e,2345,2026-04-22
元大清水,2225.0,0,1,980e,2345,2026-04-22
富邦三重,2155.0,1,0,9677,2345,2026-04-22
富邦三重,2165.0,3000,0,9677,2345,2026-04-22
富邦三重,2175.0,10,10,9677,2345,2026-04-22
富邦三重,2190.0,5,0,9677,2345,2026-04-22
富邦三重,2200.0,1020,1000,9677,2345,2026-04-22
富邦三重,2215.0,0,15,9677,2345,2026-04-22
富邦三重,2225.0,0,1000,9677,2345,2026-04-22
富邦仁愛,2250.0,1000,0,9676,2345,2026-04-22
富邦宜蘭,2230.0,100,0,9686,2345,2026-04-22
富邦嘉義,2190.0,10,0,9692,2345,2026-04-22
富邦嘉義,2220.0,1,0,9692,2345,2026-04-22
富邦新營,2170.0,0,1000,9693,2345,2026-04-22
富邦新營,2190.0,5000,0,9693,2345,2026-04-22
富邦新營,2215.0,9,0,9693,2345,2026-04-22
富邦新營,2245.0,0,1,9693,2345,2026-04-22
富邦虎尾,2190.0,2003,0,9697,2345,2026-04-22
富邦宜蘭,2245.0,100,0,9686,2345,2026-04-22
富邦北港,2160.0,10,0,969C,2345,2026-04-22
富邦仁愛,2230.0,0,5,9676,2345,2026-04-22
富邦仁愛,2210.0,400,1450,9676,2345,2026-04-22
富邦台南,2220.0,20,20,9667,2345,2026-04-22
富邦台南,2235.0,100,0,9667,2345,2026-04-22
富邦左營,2150.0,20,0,966F,2345,2026-04-22
富邦左營,2160.0,100,0,966F,2345,2026-04-22
富邦左營,2190.0,1,0,966F,2345,2026-04-22
富邦左營,2220.0,25,46,966F,2345,2026-04-22
富邦左營,2230.0,0,3,966F,2345,2026-04-22
富邦仁愛,2220.0,1003,0,9676,2345,2026-04-22
富邦員林,2160.0,1,0,9672,2345,2026-04-22
富邦員林,2220.0,10,0,9672,2345,2026-04-22
富邦員林,2240.0,30,0,9672,2345,2026-04-22
富邦仁愛,2155.0,5,0,9676,2345,2026-04-22
富邦仁愛,2165.0,13,0,9676,2345,2026-04-22
富邦仁愛,2175.0,2150,0,9676,2345,2026-04-22
富邦仁愛,2185.0,26,0,9676,2345,2026-04-22
富邦仁愛,2195.0,0,250,9676,2345,2026-04-22
富邦員林,2205.0,2,0,9672,2345,2026-04-22
富邦北港,2195.0,5,0,969C,2345,2026-04-22
富邦北港,2215.0,0,5,969C,2345,2026-04-22
元大,2135.0,2000,5000,9800,2345,2026-04-22
元大斗六,2175.0,0,1,980C,2345,2026-04-22
元大斗六,2195.0,0,1002,980C,2345,2026-04-22
元大斗六,2205.0,1000,5,980C,2345,2026-04-22
元大斗六,2215.0,0,1,980C,2345,2026-04-22
元大斗六,2230.0,0,3,980C,2345,2026-04-22
元大沙鹿,2150.0,2,0,980d,2345,2026-04-22
元大沙鹿,2165.0,5,0,980d,2345,2026-04-22
元大斗六,2150.0,1000,0,980C,2345,2026-04-22
元大沙鹿,2195.0,160,0,980d,2345,2026-04-22
元大北府,2195.0,1,30,980D,2345,2026-04-22
元大北府,2205.0,1000,0,980D,2345,2026-04-22
元大大里,2190.0,2002,0,981g,2345,2026-04-22
元大清水,2160.0,5,0,980e,2345,2026-04-22
元大清水,2170.0,15,0,980e,2345,2026-04-22
元大清水,2180.0,15,0,980e,2345,2026-04-22
元大清水,2205.0,5,0,980e,2345,2026-04-22
元大沙鹿,2205.0,8,0,980d,2345,2026-04-22
元大中北,2225.0,0,5,980a,2345,2026-04-22
元大中北,2190.0,100,1001,980a,2345,2026-04-22
元大中北,2180.0,8,0,980a,2345,2026-04-22
元大,2145.0,3000,3000,9800,2345,2026-04-22
元大,2155.0,9000,6755,9800,2345,2026-04-22
元大,2165.0,25011,7180,9800,2345,2026-04-22
元大,2175.0,10000,5836,9800,2345,2026-04-22
元大,2185.0,13094,12005,9800,2345,2026-04-22
元大,2195.0,4011,5776,9800,2345,2026-04-22
元大,2205.0,10000,20383,9800,2345,2026-04-22
元大,2215.0,5000,9465,9800,2345,2026-04-22
元大,2225.0,14000,21750,9800,2345,2026-04-22
元大,2235.0,7000,1131,9800,2345,2026-04-22
元大,2245.0,286,1767,9800,2345,2026-04-22
元大松江,2150.0,1050,0,9801,2345,2026-04-22
元大松江,2160.0,1000,0,9801,2345,2026-04-22
元大松江,2185.0,0,1000,9801,2345,2026-04-22
元大松江,2200.0,0,1000,9801,2345,2026-04-22
元大松江,2240.0,0,3,9801,2345,2026-04-22
元大中北,2150.0,1003,0,980a,2345,2026-04-22
元大台北,2160.0,20,0,980h,2345,2026-04-22
元大大里,2205.0,1100,0,981g,2345,2026-04-22
元大屏生,2195.0,200,0,981h,2345,2026-04-22
元大大里,2230.0,0,10,981g,2345,2026-04-22
元大敦化,2220.0,0,4,9833,2345,2026-04-22
元大中壢,2140.0,1000,0,9834,2345,2026-04-22
元大中壢,2160.0,5,0,9834,2345,2026-04-22
元大中壢,2175.0,20,0,9834,2345,2026-04-22
元大中壢,2185.0,320,0,9834,2345,2026-04-22
元大中壢,2195.0,3,1,9834,2345,2026-04-22
元大中壢,2215.0,0,2,9834,2345,2026-04-22
元大敦化,2200.0,0,4,9833,2345,2026-04-22
元大中壢,2230.0,0,1050,9834,2345,2026-04-22
元大中山,2190.0,1020,170,9835,2345,2026-04-22
元大中山,2215.0,0,15,9835,2345,2026-04-22
元大北港,2150.0,1000,0,9837,2345,2026-04-22
元大北港,2165.0,1000,0,9837,2345,2026-04-22
元大北港,2185.0,1000,0,9837,2345,2026-04-22
元大北港,2210.0,0,1000,9837,2345,2026-04-22
元大豐原,2160.0,6,0,9838,2345,2026-04-22
元大中山,2155.0,1000,0,9835,2345,2026-04-22
元大豐原,2180.0,25,0,9838,2345,2026-04-22
元大敦化,2160.0,4,0,9833,2345,2026-04-22
元大四維,2145.0,1000,0,9831,2345,2026-04-22
元大永康,2215.0,50,0,9829,2345,2026-04-22
元大永康,2225.0,20,0,9829,2345,2026-04-22
元大永康,2235.0,7,0,9829,2345,2026-04-22
元大羅東,2160.0,50,0,982A,2345,2026-04-22
元大羅東,2180.0,1,0,982A,2345,2026-04-22
元大羅東,2195.0,5,0,982A,2345,2026-04-22
元大博愛,2150.0,10,0,982B,2345,2026-04-22
元大四維,2185.0,0,2,9831,2345,2026-04-22
元大博愛,2165.0,5,0,982B,2345,2026-04-22
元大博愛,2190.0,100,1,982B,2345,2026-04-22
元大博愛,2205.0,0,1000,982B,2345,2026-04-22
元大博愛,2215.0,25,2,982B,2345,2026-04-22
元大博愛,2230.0,1025,10,982B,2345,2026-04-22
元大博愛,2250.0,5,0,982B,2345,2026-04-22
元大六合,2215.0,2,0,982C,2345,2026-04-22
元大六合,2235.0,675,0,982C,2345,2026-04-22
元大博愛,2180.0,1,0,982B,2345,2026-04-22
元大豐原,2195.0,1,0,9838,2345,2026-04-22
元大豐原,2220.0,0,5,9838,2345,2026-04-22
元大豐原,2230.0,0,3,9838,2345,2026-04-22
元大木柵,2155.0,15,0,983M,2345,2026-04-22
元大木柵,2165.0,177,0,983M,2345,2026-04-22
元大木柵,2195.0,50,0,983M,2345,2026-04-22
元大木柵,2245.0,5,0,983M,2345,2026-04-22
元大大安,2185.0,1000,0,983N,2345,2026-04-22
元大大安,2195.0,1110,1000,983N,2345,2026-04-22
元大大安,2230.0,1000,0,983N,2345,2026-04-22
元大學甲,2225.0,0,1000,983K,2345,2026-04-22
元大頭份,2180.0,110,0,983U,2345,2026-04-22
元大頭份,2225.0,10,0,983U,2345,2026-04-22
元大頭份,2250.0,4,0,983U,2345,2026-04-22
元大竹南,2200.0,25,0,983V,2345,2026-04-22
元大德芳,2170.0,0,5,983W,2345,2026-04-22
元大德芳,2190.0,10,0,983W,2345,2026-04-22
元大德芳,2220.0,150,0,983W,2345,2026-04-22
元大鳳山,2160.0,0,1000,983Z,2345,2026-04-22
元大頭份,2215.0,1,0,983U,2345,2026-04-22
元大學甲,2195.0,0,10,983K,2345,2026-04-22
元大學甲,2165.0,1000,0,983K,2345,2026-04-22
元大仁愛,2225.0,0,20,983j,2345,2026-04-22
元大林森,2150.0,2000,0,983B,2345,2026-04-22
元大林森,2185.0,0,1001,983B,2345,2026-04-22
元大林森,2205.0,1000,0,983B,2345,2026-04-22
元大林森,2225.0,5,0,983B,2345,2026-04-22
元大竹東,2175.0,1000,0,983f,2345,2026-04-22
元大竹東,2195.0,0,10,983f,2345,2026-04-22
元大竹東,2235.0,0,20,983f,2345,2026-04-22
元大上新,2180.0,6,0,983G,2345,2026-04-22
元大上新,2190.0,20,3000,983G,2345,2026-04-22
元大上新,2225.0,0,1000,983G,2345,2026-04-22
元大大雅,2150.0,160,0,983i,2345,2026-04-22
元大大雅,2165.0,500,4000,983i,2345,2026-04-22
元大大雅,2200.0,50,0,983i,2345,2026-04-22
元大大雅,2210.0,150,4000,983i,2345,2026-04-22
元大大雅,2220.0,30,0,983i,2345,2026-04-22
元大仁愛,2150.0,10,0,983j,2345,2026-04-22
元大仁愛,2170.0,100,0,983j,2345,2026-04-22
元大永康,2200.0,5,0,9829,2345,2026-04-22
元大永康,2175.0,5,0,9829,2345,2026-04-22
元大永康,2165.0,0,1000,9829,2345,2026-04-22
元大永康,2155.0,10,0,9829,2345,2026-04-22
元大莒光,2180.0,1,2,981L,2345,2026-04-22
元大莒光,2190.0,1014,0,981L,2345,2026-04-22
元大莒光,2200.0,1,0,981L,2345,2026-04-22
元大莒光,2210.0,35,0,981L,2345,2026-04-22
元大莒光,2220.0,17,1,981L,2345,2026-04-22
元大莒光,2230.0,0,52,981L,2345,2026-04-22
元大莒光,2240.0,1,0,981L,2345,2026-04-22
元大莒光,2170.0,40,0,981L,2345,2026-04-22
元大前金,2150.0,56,0,981m,2345,2026-04-22
元大前金,2200.0,1,0,981m,2345,2026-04-22
元大前金,2235.0,1,0,981m,2345,2026-04-22
元大苗栗,2210.0,24,0,981M,2345,2026-04-22
元大苗栗,2245.0,0,10,981M,2345,2026-04-22
元大旗山,2175.0,1000,0,981n,2345,2026-04-22
元大金門,2170.0,20,0,981N,2345,2026-04-22
元大金門,2230.0,0,500,981N,2345,2026-04-22
元大前金,2170.0,0,20,981m,2345,2026-04-22
元大林園,2240.0,247,0,981K,2345,2026-04-22
元大林園,2220.0,15,0,981K,2345,2026-04-22
元大士林,2230.0,0,6,981j,2345,2026-04-22
元大彰化,2165.0,20,0,981G,2345,2026-04-22
元大彰化,2180.0,3,0,981G,2345,2026-04-22
元大彰化,2195.0,0,7,981G,2345,2026-04-22
元大屏生,2175.0,100,0,981h,2345,2026-04-22
富邦台南,2200.0,25,20,9667,2345,2026-04-22
元大屏生,2220.0,0,1,981h,2345,2026-04-22
元大西螺,2170.0,20,0,981i,2345,2026-04-22
元大西螺,2205.0,1020,0,981i,2345,2026-04-22
元大西螺,2220.0,167,0,981i,2345,2026-04-22
元大天母,2155.0,5,0,981I,2345,2026-04-22
元大天母,2165.0,28,0,981I,2345,2026-04-22
元大天母,2195.0,0,1,981I,2345,2026-04-22
元大天母,2210.0,0,212,981I,2345,2026-04-22
元大士林,2165.0,1000,0,981j,2345,2026-04-22
元大士林,2180.0,1031,10,981j,2345,2026-04-22
元大士林,2190.0,0,1000,981j,2345,2026-04-22
元大士林,2215.0,0,1000,981j,2345,2026-04-22
元大松山,2165.0,100,0,981p,2345,2026-04-22
元大大里,2215.0,10,0,981g,2345,2026-04-22
元大松山,2225.0,1000,0,981p,2345,2026-04-22
元大萬華,2190.0,20,0,981q,2345,2026-04-22
元大善化,2185.0,4,2000,981y,2345,2026-04-22
元大善化,2210.0,5,0,981y,2345,2026-04-22
元大善化,2225.0,4,0,981y,2345,2026-04-22
元大善化,2235.0,11,0,981y,2345,2026-04-22
元大大統,2180.0,1,0,981z,2345,2026-04-22
元大大統,2190.0,1000,5,981z,2345,2026-04-22
元大大統,2210.0,0,1000,981z,2345,2026-04-22
元大善化,2160.0,0,11,981y,2345,2026-04-22
元大大統,2235.0,0,1000,981z,2345,2026-04-22
元大潮州,2200.0,0,35,981Z,2345,2026-04-22
元大學府,2165.0,25,0,9822,2345,2026-04-22
元大學府,2180.0,50,0,9822,2345,2026-04-22
元大向上,2185.0,5,0,9824,2345,2026-04-22
元大向上,2210.0,10,0,9824,2345,2026-04-22
元大新營,2165.0,100,0,9825,2345,2026-04-22
元大新營,2180.0,40,0,9825,2345,2026-04-22
元大潮州,2160.0,5,0,981Z,2345,2026-04-22
元大善化,2135.0,1000,0,981y,2345,2026-04-22
元大新生,2220.0,2,0,981X,2345,2026-04-22
元大新生,2145.0,0,1000,981X,2345,2026-04-22
元大萬華,2215.0,50,0,981q,2345,2026-04-22
元大太平,2155.0,5,0,981Q,2345,2026-04-22
元大太平,2185.0,1050,3,981Q,2345,2026-04-22
元大太平,2195.0,1,0,981Q,2345,2026-04-22
元大太平,2205.0,0,10,981Q,2345,2026-04-22
元大太平,2220.0,10,0,981Q,2345,2026-04-22
元大屏南,2160.0,5,0,981r,2345,2026-04-22
元大屏南,2190.0,5,0,981r,2345,2026-04-22
元大屏南,2205.0,2000,0,981r,2345,2026-04-22
元大屏南,2230.0,10,0,981r,2345,2026-04-22
元大崇德,2150.0,2,0,981S,2345,2026-04-22
元大崇德,2185.0,20,0,981S,2345,2026-04-22
元大崇德,2240.0,0,20,981S,2345,2026-04-22
元大華山,2185.0,1,0,981U,2345,2026-04-22
元大華山,2210.0,5,0,981U,2345,2026-04-22
元大民雄,2190.0,0,1000,981V,2345,2026-04-22
元大民雄,2245.0,1000,0,981V,2345,2026-04-22
元大萬華,2160.0,22,0,981q,2345,2026-04-22
富邦台南,2185.0,0,10,9667,2345,2026-04-22
富邦南屯,2160.0,0,5100,9666,2345,2026-04-22
富邦南屯,2245.0,1000,0,9666,2345,2026-04-22
華南三重,2200.0,2,0,9369,2345,2026-04-22
華南三重,2210.0,101,1000,9369,2345,2026-04-22
華南三重,2220.0,1030,0,9369,2345,2026-04-22
華南三重,2230.0,1000,0,9369,2345,2026-04-22
華南虎尾,2180.0,1000,0,9377,2345,2026-04-22
華南虎尾,2250.0,0,1000,9377,2345,2026-04-22
富邦,2150.0,0,27000,9600,2345,2026-04-22
華南三重,2150.0,1030,0,9369,2345,2026-04-22
富邦,2160.0,0,36200,9600,2345,2026-04-22
富邦,2180.0,1010,0,9600,2345,2026-04-22
富邦,2190.0,62000,0,9600,2345,2026-04-22
富邦,2200.0,33011,14001,9600,2345,2026-04-22
富邦,2210.0,5000,4922,9600,2345,2026-04-22
富邦,2220.0,10,2600,9600,2345,2026-04-22
富邦,2230.0,121,2001,9600,2345,2026-04-22
富邦,2240.0,0,3000,9600,2345,2026-04-22
富邦,2170.0,56,11000,9600,2345,2026-04-22
富邦陽明,2140.0,1000,0,9604,2345,2026-04-22
華南三重,2140.0,1000,0,9369,2345,2026-04-22
華南豐原,2190.0,115,0,9366,2345,2026-04-22
華南桃園,2180.0,100,0,9352,2345,2026-04-22
華南桃園,2190.0,5,0,9352,2345,2026-04-22
華南桃園,2225.0,0,1000,9352,2345,2026-04-22
華南東勢,2205.0,0,1000,9358,2345,2026-04-22
華南東勢,2240.0,1000,0,9358,2345,2026-04-22
華南中正,2180.0,1,0,9359,2345,2026-04-22
華南中正,2220.0,1,0,9359,2345,2026-04-22
華南豐原,2230.0,100,0,9366,2345,2026-04-22
華南苗栗,2150.0,1000,0,9362,2345,2026-04-22
華南苗栗,2185.0,0,1000,9362,2345,2026-04-22
華南苗栗,2220.0,3,0,9362,2345,2026-04-22
華南彰化,2175.0,0,5,9363,2345,2026-04-22
華南彰化,2190.0,5,1000,9363,2345,2026-04-22
華南彰化,2205.0,0,15,9363,2345,2026-04-22
華南彰化,2220.0,1000,0,9363,2345,2026-04-22
華南彰化,2230.0,5,0,9363,2345,2026-04-22
華南苗栗,2170.0,1000,0,9362,2345,2026-04-22
富邦陽明,2160.0,23,0,9604,2345,2026-04-22
富邦陽明,2170.0,1200,0,9604,2345,2026-04-22
富邦陽明,2180.0,25,0,9604,2345,2026-04-22
富邦公益,2215.0,20,0,961F,2345,2026-04-22
富邦新板,2140.0,1000,0,961H,2345,2026-04-22
富邦新板,2165.0,150,0,961H,2345,2026-04-22
富邦新板,2190.0,0,2002,961H,2345,2026-04-22
富邦新板,2200.0,64,2000,961H,2345,2026-04-22
富邦新板,2210.0,2,2004,961H,2345,2026-04-22
富邦新板,2220.0,150,2000,961H,2345,2026-04-22
富邦公益,2195.0,2,0,961F,2345,2026-04-22
富邦新板,2230.0,3,2001,961H,2345,2026-04-22
富邦新板,2250.0,0,65,961H,2345,2026-04-22
富邦七賢,2175.0,10,0,961K,2345,2026-04-22
富邦七賢,2215.0,0,1,961K,2345,2026-04-22
富邦七賢,2235.0,0,2,961K,2345,2026-04-22
富邦木柵,2155.0,10,0,961M,2345,2026-04-22
富邦木柵,2185.0,7000,0,961M,2345,2026-04-22
富邦木柵,2195.0,54,0,961M,2345,2026-04-22
富邦新板,2240.0,0,2003,961H,2345,2026-04-22
富邦公益,2185.0,1,0,961F,2345,2026-04-22
富邦南京,2235.0,10,0,961C,2345,2026-04-22
富邦南京,2220.0,3000,0,961C,2345,2026-04-22
富邦陽明,2190.0,13,3000,9604,2345,2026-04-22
富邦陽明,2200.0,10,1000,9604,2345,2026-04-22
富邦陽明,2215.0,1050,0,9604,2345,2026-04-22
富邦陽明,2225.0,10,0,9604,2345,2026-04-22
富邦陽明,2235.0,100,0,9604,2345,2026-04-22
富邦台東,2215.0,100,0,9608,2345,2026-04-22
富邦台東,2235.0,0,10,9608,2345,2026-04-22
富邦基隆,2140.0,1000,0,9614,2345,2026-04-22
富邦基隆,2205.0,10,0,9614,2345,2026-04-22
富邦岡山,2180.0,0,1,9616,2345,2026-04-22
富邦岡山,2190.0,0,1000,9616,2345,2026-04-22
富邦岡山,2215.0,1,0,9616,2345,2026-04-22
富邦岡山,2240.0,1000,0,9616,2345,2026-04-22
富邦南京,2165.0,2110,20,961C,2345,2026-04-22
富邦南京,2180.0,20,2000,961C,2345,2026-04-22
富邦南京,2195.0,10,0,961C,2345,2026-04-22
富邦南京,2205.0,1001,2,961C,2345,2026-04-22
華南桃園,2170.0,1010,0,9352,2345,2026-04-22
富邦木柵,2205.0,2,0,961M,2345,2026-04-22
華南板橋,2240.0,0,35,9349,2345,2026-04-22
華南板橋,2150.0,100,0,9349,2345,2026-04-22
華南台中,2170.0,2010,0,9302,2345,2026-04-22
華南台中,2190.0,30,1010,9302,2345,2026-04-22
華南台中,2200.0,0,1000,9302,2345,2026-04-22
華南台中,2250.0,3,0,9302,2345,2026-04-22
華南高雄,2175.0,6,0,9303,2345,2026-04-22
華南高雄,2185.0,1000,0,9303,2345,2026-04-22
華南高雄,2205.0,1000,0,9303,2345,2026-04-22
華南台中,2155.0,1,0,9302,2345,2026-04-22
華南高雄,2220.0,2,100,9303,2345,2026-04-22
華南台南,2155.0,0,5,9306,2345,2026-04-22
華南台南,2170.0,1,0,9306,2345,2026-04-22
華南台南,2190.0,1000,1000,9306,2345,2026-04-22
華南大安,2165.0,10,0,9307,2345,2026-04-22
華南大安,2185.0,10,0,9307,2345,2026-04-22
華南大安,2230.0,50,0,9307,2345,2026-04-22
華南麻豆,2185.0,1000,1000,9308,2345,2026-04-22
華南台南,2145.0,1000,0,9306,2345,2026-04-22
華南麻豆,2195.0,11,0,9308,2345,2026-04-22
華南永昌,2235.0,20,0,9300,2345,2026-04-22
華南永昌,2200.0,4000,0,9300,2345,2026-04-22
凱基中壢,2235.0,1,0,9285,2345,2026-04-22
凱基內湖,2190.0,0,1000,9287,2345,2026-04-22
凱基內湖,2225.0,1000,0,9287,2345,2026-04-22
凱基埔墘,2175.0,100,0,9288,2345,2026-04-22
凱基埔墘,2210.0,2000,0,9288,2345,2026-04-22
凱基埔墘,2225.0,0,4,9288,2345,2026-04-22
凱基興隆,2190.0,1000,0,9289,2345,2026-04-22
華南永昌,2225.0,1000,0,9300,2345,2026-04-22
凱基大安,2165.0,0,50,9291,2345,2026-04-22
凱基大安,2215.0,0,100,9291,2345,2026-04-22
凱基頭份,2150.0,1000,0,9296,2345,2026-04-22
凱基頭份,2215.0,0,10,9296,2345,2026-04-22
華南永昌,2150.0,1,0,9300,2345,2026-04-22
華南永昌,2170.0,0,1000,9300,2345,2026-04-22
華南永昌,2180.0,0,10,9300,2345,2026-04-22
華南永昌,2190.0,40,0,9300,2345,2026-04-22
凱基大安,2190.0,0,100,9291,2345,2026-04-22
華南麻豆,2225.0,1000,0,9308,2345,2026-04-22
華南古亭,2170.0,10,0,9309,2345,2026-04-22
華南古亭,2230.0,15,0,9309,2345,2026-04-22
華南鳳山,2160.0,1,0,9331,2345,2026-04-22
華南鳳山,2190.0,128,0,9331,2345,2026-04-22
華南楠梓,2155.0,1,0,9332,2345,2026-04-22
華南楠梓,2175.0,1,0,9332,2345,2026-04-22
華南楠梓,2185.0,5,0,9332,2345,2026-04-22
華南楠梓,2210.0,3,0,9332,2345,2026-04-22
華南長虹,2185.0,1,0,9333,2345,2026-04-22
華南潮州,2245.0,1000,0,9328,2345,2026-04-22
華南長虹,2230.0,1,0,9333,2345,2026-04-22
華南竹北,2170.0,0,4,9339,2345,2026-04-22
華南竹北,2190.0,1000,0,9339,2345,2026-04-22
華南竹北,2225.0,2,0,9339,2345,2026-04-22
華南頭份,2155.0,3,0,9343,2345,2026-04-22
華南頭份,2170.0,0,8,9343,2345,2026-04-22
華南頭份,2185.0,1,24,9343,2345,2026-04-22
華南頭份,2240.0,1000,0,9343,2345,2026-04-22
華南世貿,2205.0,1,0,9334,2345,2026-04-22
華南潮州,2185.0,10,0,9328,2345,2026-04-22
華南南京,2235.0,1,0,9326,2345,2026-04-22
華南南京,2225.0,3,0,9326,2345,2026-04-22
華南民權,2160.0,50,0,9312,2345,2026-04-22
華南民權,2200.0,6,0,9312,2345,2026-04-22
華南民權,2220.0,1,0,9312,2345,2026-04-22
華南嘉義,2225.0,0,109,9314,2345,2026-04-22
華南淡水,2215.0,500,0,9316,2345,2026-04-22
華南林口,2190.0,2,1,9317,2345,2026-04-22
華南鶯歌,2175.0,0,200,9319,2345,2026-04-22
華南基隆,2150.0,1000,0,9322,2345,2026-04-22
華南基隆,2210.0,1001,0,9322,2345,2026-04-22
華南基隆,2240.0,1000,0,9322,2345,2026-04-22
華南小港,2200.0,0,1000,9323,2345,2026-04-22
華南岡山,2150.0,5,0,9324,2345,2026-04-22
華南岡山,2185.0,0,1000,9324,2345,2026-04-22
華南岡山,2250.0,0,10,9324,2345,2026-04-22
華南南京,2170.0,1,10,9326,2345,2026-04-22
華南南京,2180.0,51,0,9326,2345,2026-04-22
華南南京,2195.0,8,0,9326,2345,2026-04-22
華南板橋,2225.0,1000,0,9349,2345,2026-04-22
富邦木柵,2235.0,0,4,961M,2345,2026-04-22
富邦青埔,2160.0,1003,0,961N,2345,2026-04-22
富邦青埔,2190.0,50,0,961N,2345,2026-04-22
富邦板橋,2210.0,2,0,9655,2345,2026-04-22
富邦板橋,2220.0,106,74,9655,2345,2026-04-22
富邦板橋,2230.0,1,3,9655,2345,2026-04-22
富邦板橋,2240.0,0,1,9655,2345,2026-04-22
富邦苗栗,2150.0,1000,0,9657,2345,2026-04-22
富邦苗栗,2165.0,11,0,9657,2345,2026-04-22
富邦苗栗,2175.0,10,0,9657,2345,2026-04-22
富邦板橋,2200.0,5,3000,9655,2345,2026-04-22
富邦苗栗,2205.0,1,0,9657,2345,2026-04-22
富邦苗栗,2225.0,0,1,9657,2345,2026-04-22
富邦建國,2150.0,2015,0,9658,2345,2026-04-22
富邦建國,2170.0,0,301,9658,2345,2026-04-22
富邦建國,2185.0,3,0,9658,2345,2026-04-22
富邦建國,2195.0,87,0,9658,2345,2026-04-22
富邦建國,2205.0,1000,1000,9658,2345,2026-04-22
富邦建國,2215.0,1,0,9658,2345,2026-04-22
富邦苗栗,2215.0,51,0,9657,2345,2026-04-22
富邦建國,2225.0,40,1000,9658,2345,2026-04-22
富邦板橋,2190.0,2001,2,9655,2345,2026-04-22
富邦板橋,2170.0,3000,1,9655,2345,2026-04-22
富邦新竹,2170.0,20,0,9647,2345,2026-04-22
富邦新竹,2180.0,100,0,9647,2345,2026-04-22
富邦新竹,2190.0,50,107,9647,2345,2026-04-22
富邦新竹,2200.0,70,28,9647,2345,2026-04-22
富邦新竹,2220.0,601,0,9647,2345,2026-04-22
富邦新竹,2230.0,1110,0,9647,2345,2026-04-22
富邦永和,2150.0,1101,0,9654,2345,2026-04-22
富邦板橋,2180.0,2101,0,9655,2345,2026-04-22
富邦永和,2170.0,52,0,9654,2345,2026-04-22
富邦永和,2190.0,61,0,9654,2345,2026-04-22
富邦永和,2200.0,101,1000,9654,2345,2026-04-22
富邦永和,2210.0,10010,0,9654,2345,2026-04-22
富邦永和,2220.0,0,8,9654,2345,2026-04-22
富邦永和,2230.0,10,0,9654,2345,2026-04-22
富邦永和,2250.0,15,0,9654,2345,2026-04-22
富邦板橋,2160.0,2000,0,9655,2345,2026-04-22
富邦永和,2180.0,10035,1010,9654,2345,2026-04-22
富邦建國,2245.0,0,1000,9658,2345,2026-04-22
富邦高雄,2160.0,3,18,9659,2345,2026-04-22
富邦高雄,2175.0,100,0,9659,2345,2026-04-22
富邦敦南,2185.0,0,1000,9663,2345,2026-04-22
富邦敦南,2200.0,102,0,9663,2345,2026-04-22
富邦敦南,2225.0,100,0,9663,2345,2026-04-22
富邦敦南,2250.0,125,0,9663,2345,2026-04-22
富邦桃園,2155.0,5,0,9665,2345,2026-04-22
富邦桃園,2165.0,10,0,9665,2345,2026-04-22
富邦桃園,2190.0,20,2000,9665,2345,2026-04-22
富邦敦南,2165.0,10,1000,9663,2345,2026-04-22
富邦桃園,2205.0,1000,0,9665,2345,2026-04-22
富邦桃園,2240.0,1000,0,9665,2345,2026-04-22
富邦南屯,2150.0,10,0,9666,2345,2026-04-22
元大鳳山,2175.0,10,0,983Z,2345,2026-04-22
富邦南屯,2180.0,0,200,9666,2345,2026-04-22
富邦南屯,2200.0,1010,0,9666,2345,2026-04-22
富邦南屯,2215.0,0,1000,9666,2345,2026-04-22
富邦南屯,2230.0,0,1050,9666,2345,2026-04-22
富邦桃園,2215.0,5,0,9665,2345,2026-04-22
富邦敦南,2150.0,1010,0,9663,2345,2026-04-22
富邦新店,2235.0,5,0,9661,2345,2026-04-22
富邦新店,2215.0,20,0,9661,2345,2026-04-22
富邦高雄,2185.0,11,0,9659,2345,2026-04-22
富邦高雄,2195.0,105,0,9659,2345,2026-04-22
富邦高雄,2205.0,10,1000,9659,2345,2026-04-22
富邦高雄,2220.0,1034,0,9659,2345,2026-04-22
富邦高雄,2235.0,10,0,9659,2345,2026-04-22
富邦高雄,2250.0,0,10,9659,2345,2026-04-22
富邦台中,2175.0,1000,0,965K,2345,2026-04-22
富邦台中,2195.0,3,0,965K,2345,2026-04-22
富邦台中,2220.0,0,300,965K,2345,2026-04-22
富邦台中,2230.0,0,10,965K,2345,2026-04-22
富邦台中,2240.0,1000,0,965K,2345,2026-04-22
富邦彰化,2205.0,0,110,965U,2345,2026-04-22
富邦新店,2155.0,1,0,9661,2345,2026-04-22
富邦新店,2170.0,10,1000,9661,2345,2026-04-22
富邦新店,2185.0,1000,1000,9661,2345,2026-04-22
富邦新店,2195.0,2,50,9661,2345,2026-04-22
富邦新店,2205.0,1005,1000,9661,2345,2026-04-22
富邦新竹,2160.0,12,100,9647,2345,2026-04-22
富邦新竹,2150.0,23,0,9647,2345,2026-04-22
富邦豐原,2155.0,50,0,963L,2345,2026-04-22
富邦八德,2250.0,10,0,963A,2345,2026-04-22
富邦台北,2200.0,1,15,9623,2345,2026-04-22
富邦台北,2210.0,78,20,9623,2345,2026-04-22
富邦台北,2225.0,1059,5,9623,2345,2026-04-22
富邦台北,2235.0,0,1,9623,2345,2026-04-22
富邦竹北,2160.0,210,0,9624,2345,2026-04-22
富邦竹北,2170.0,1,0,9624,2345,2026-04-22
富邦竹北,2180.0,1050,0,9624,2345,2026-04-22
富邦台北,2190.0,1000,0,9623,2345,2026-04-22
富邦竹北,2190.0,0,75,9624,2345,2026-04-22
富邦竹北,2225.0,20,2010,9624,2345,2026-04-22
富邦竹東,2155.0,1000,1000,9625,2345,2026-04-22
富邦竹東,2205.0,50,1000,9625,2345,2026-04-22
富邦竹東,2230.0,0,10,9625,2345,2026-04-22
富邦內湖,2140.0,1000,0,9627,2345,2026-04-22
富邦內湖,2155.0,35,0,9627,2345,2026-04-22
富邦內湖,2180.0,1,1000,9627,2345,2026-04-22
富邦竹北,2210.0,1200,1000,9624,2345,2026-04-22
富邦台北,2180.0,2,0,9623,2345,2026-04-22
富邦台北,2165.0,1016,1000,9623,2345,2026-04-22
富邦台北,2150.0,1110,0,9623,2345,2026-04-22
富邦青埔,2200.0,0,1000,961N,2345,2026-04-22
富邦和美,2150.0,2,0,961P,2345,2026-04-22
富邦和美,2160.0,1,10,961P,2345,2026-04-22
富邦和美,2180.0,108,0,961P,2345,2026-04-22
富邦和美,2220.0,0,70,961P,2345,2026-04-22
富邦和美,2235.0,5,0,961P,2345,2026-04-22
富邦南員,2145.0,1000,0,961R,2345,2026-04-22
富邦南員,2175.0,1000,0,961R,2345,2026-04-22
富邦南員,2185.0,0,1000,961R,2345,2026-04-22
富邦屏東,2185.0,0,2,961Y,2345,2026-04-22
富邦永康,2150.0,0,30,961Z,2345,2026-04-22
富邦永康,2175.0,0,10,961Z,2345,2026-04-22
富邦永康,2185.0,5,0,961Z,2345,2026-04-22
富邦永康,2220.0,0,1,961Z,2345,2026-04-22
富邦花蓮,2150.0,1010,0,9621,2345,2026-04-22
富邦花蓮,2195.0,50,0,9621,2345,2026-04-22
富邦花蓮,2215.0,1000,0,9621,2345,2026-04-22
富邦內湖,2195.0,10,30,9627,2345,2026-04-22
富邦台南,2175.0,50,10,9667,2345,2026-04-22
富邦內湖,2210.0,2037,1000,9627,2345,2026-04-22
富邦南港,2160.0,10,0,962A,2345,2026-04-22
富邦北高,2230.0,0,10,962Q,2345,2026-04-22
富邦羅東,2150.0,10,0,9634,2345,2026-04-22
富邦羅東,2160.0,1,0,9634,2345,2026-04-22
富邦羅東,2180.0,4,7,9634,2345,2026-04-22
富邦羅東,2220.0,1000,0,9634,2345,2026-04-22
富邦羅東,2250.0,1,0,9634,2345,2026-04-22
富邦中壢,2180.0,20,0,9636,2345,2026-04-22
富邦北高,2210.0,0,1,962Q,2345,2026-04-22
富邦中壢,2195.0,88,0,9636,2345,2026-04-22
富邦中壢,2225.0,20,0,9636,2345,2026-04-22
富邦中壢,2235.0,4,0,9636,2345,2026-04-22
富邦八德,2150.0,1000,0,963A,2345,2026-04-22
富邦八德,2165.0,1000,0,963A,2345,2026-04-22
富邦八德,2180.0,1,0,963A,2345,2026-04-22
富邦八德,2190.0,0,1000,963A,2345,2026-04-22
富邦八德,2230.0,10,1000,963A,2345,2026-04-22
富邦中壢,2205.0,20,24,9636,2345,2026-04-22
富邦頭份,2250.0,1000,20,962P,2345,2026-04-22
富邦頭份,2225.0,100,0,962P,2345,2026-04-22
富邦頭份,2210.0,0,1003,962P,2345,2026-04-22
富邦南港,2220.0,20,0,962A,2345,2026-04-22
富邦二林,2230.0,15,0,962B,2345,2026-04-22
富邦竹科,2175.0,20,0,962C,2345,2026-04-22
富邦竹科,2190.0,10,0,962C,2345,2026-04-22
富邦竹科,2205.0,50,0,962C,2345,2026-04-22
富邦竹科,2220.0,50,11,962C,2345,2026-04-22
富邦竹科,2230.0,1060,0,962C,2345,2026-04-22
富邦新莊,2165.0,10,0,962D,2345,2026-04-22
富邦新莊,2185.0,80,0,962D,2345,2026-04-22
富邦新莊,2205.0,7,1000,962D,2345,2026-04-22
富邦樹林,2210.0,2000,0,962E,2345,2026-04-22
富邦斗六,2170.0,20,0,962G,2345,2026-04-22
富邦斗六,2225.0,20,0,962G,2345,2026-04-22
富邦三峽,2190.0,0,29,962J,2345,2026-04-22
富邦三峽,2230.0,0,32,962J,2345,2026-04-22
富邦頭份,2155.0,5,0,962P,2345,2026-04-22
富邦頭份,2190.0,10,0,962P,2345,2026-04-22
富邦內湖,2220.0,5,1000,9627,2345,2026-04-22
元大鳳山,2190.0,5,0,983Z,2345,2026-04-22
元大南勢,2200.0,4,0,984E,2345,2026-04-22
元大鳳山,2240.0,0,10,983Z,2345,2026-04-22
永豐桃盛,2225.0,40,0,9A9N,2345,2026-04-22
永豐竹北,2150.0,2000,0,9A9P,2345,2026-04-22
永豐竹北,2170.0,1,0,9A9P,2345,2026-04-22
永豐竹北,2185.0,1010,0,9A9P,2345,2026-04-22
永豐竹北,2215.0,0,2000,9A9P,2345,2026-04-22
永豐潮州,2215.0,0,100,9A9q,2345,2026-04-22
永豐豐原,2160.0,5,0,9A9Q,2345,2026-04-22
永豐桃盛,2195.0,0,201,9A9N,2345,2026-04-22
永豐豐原,2195.0,11,25,9A9Q,2345,2026-04-22
永豐豐原,2215.0,2,2,9A9Q,2345,2026-04-22
永豐豐原,2230.0,0,2,9A9Q,2345,2026-04-22
永豐北高,2160.0,0,30,9A9r,2345,2026-04-22
永豐北高,2180.0,0,3,9A9r,2345,2026-04-22
永豐北高,2195.0,3,5,9A9r,2345,2026-04-22
永豐北高,2205.0,1000,0,9A9r,2345,2026-04-22
永豐北高,2225.0,0,10,9A9r,2345,2026-04-22
永豐豐原,2205.0,1,0,9A9Q,2345,2026-04-22
永豐信義,2200.0,0,1,9A9R,2345,2026-04-22
永豐南投,2230.0,2,0,9A9M,2345,2026-04-22
永豐南投,2155.0,1000,0,9A9M,2345,2026-04-22
永豐板新,2185.0,50,0,9A9J,2345,2026-04-22
永豐板新,2195.0,101,100,9A9J,2345,2026-04-22
永豐板新,2210.0,1,0,9A9J,2345,2026-04-22
永豐板新,2220.0,1,10,9A9J,2345,2026-04-22
永豐板新,2230.0,1,0,9A9J,2345,2026-04-22
永豐三重,2145.0,1000,0,9A9K,2345,2026-04-22
永豐三重,2165.0,0,1000,9A9K,2345,2026-04-22
永豐南投,2180.0,2,0,9A9M,2345,2026-04-22
永豐三重,2200.0,0,2000,9A9K,2345,2026-04-22
永豐台中,2155.0,1000,10,9A9L,2345,2026-04-22
永豐台中,2170.0,2000,1000,9A9L,2345,2026-04-22
永豐台中,2185.0,2000,1000,9A9L,2345,2026-04-22
永豐台中,2195.0,157,1000,9A9L,2345,2026-04-22
永豐台中,2215.0,5,50,9A9L,2345,2026-04-22
永豐台中,2225.0,0,1020,9A9L,2345,2026-04-22
永豐台中,2240.0,2,0,9A9L,2345,2026-04-22
永豐三重,2240.0,5,0,9A9K,2345,2026-04-22
永豐彰化,2150.0,1000,0,9A9s,2345,2026-04-22
永豐彰化,2160.0,2,0,9A9s,2345,2026-04-22
永豐彰化,2185.0,5,1000,9A9s,2345,2026-04-22
永豐市政,2245.0,500,0,9A9W,2345,2026-04-22
永豐桃園,2150.0,1000,0,9A9x,2345,2026-04-22
永豐桃園,2165.0,25,0,9A9x,2345,2026-04-22
永豐桃園,2185.0,0,1000,9A9x,2345,2026-04-22
永豐桃園,2210.0,8,0,9A9x,2345,2026-04-22
永豐竹科,2150.0,1,1000,9A9X,2345,2026-04-22
永豐竹科,2160.0,38,0,9A9X,2345,2026-04-22
永豐市政,2225.0,5,0,9A9W,2345,2026-04-22
永豐竹科,2170.0,110,0,9A9X,2345,2026-04-22
永豐竹科,2220.0,1,0,9A9X,2345,2026-04-22
永豐竹科,2245.0,1000,0,9A9X,2345,2026-04-22
永豐板盛,2150.0,2000,0,9A9Y,2345,2026-04-22
永豐板盛,2200.0,48,0,9A9Y,2345,2026-04-22
永豐板盛,2245.0,13,0,9A9Y,2345,2026-04-22
永豐復興,2185.0,1000,0,9A9Z,2345,2026-04-22
永豐復興,2220.0,0,30,9A9Z,2345,2026-04-22
永豐竹科,2190.0,0,25,9A9X,2345,2026-04-22
永豐市政,2215.0,0,20,9A9W,2345,2026-04-22
永豐市政,2205.0,1000,0,9A9W,2345,2026-04-22
永豐市政,2190.0,146,0,9A9W,2345,2026-04-22
永豐彰化,2235.0,0,50,9A9s,2345,2026-04-22
永豐南京,2140.0,1000,0,9A9S,2345,2026-04-22
永豐南京,2165.0,7,0,9A9S,2345,2026-04-22
永豐南京,2175.0,1,20,9A9S,2345,2026-04-22
永豐南京,2190.0,10,0,9A9S,2345,2026-04-22
永豐南京,2215.0,2,20,9A9S,2345,2026-04-22
永豐南京,2230.0,0,1,9A9S,2345,2026-04-22
永豐南京,2245.0,0,1000,9A9S,2345,2026-04-22
永豐中正,2165.0,1000,0,9A9U,2345,2026-04-22
永豐中正,2180.0,1015,0,9A9U,2345,2026-04-22
永豐中正,2205.0,0,1,9A9U,2345,2026-04-22
永豐中正,2215.0,60,0,9A9U,2345,2026-04-22
永豐中正,2225.0,0,51,9A9U,2345,2026-04-22
永豐中正,2235.0,2,5,9A9U,2345,2026-04-22
永豐市政,2150.0,10,0,9A9W,2345,2026-04-22
永豐市政,2160.0,1,0,9A9W,2345,2026-04-22
永豐市政,2175.0,1,5,9A9W,2345,2026-04-22
永豐板新,2160.0,1,0,9A9J,2345,2026-04-22
台新證券,2130.0,1000,0,9B00,2345,2026-04-22
永豐板新,2150.0,2,0,9A9J,2345,2026-04-22
永豐嘉義,2210.0,1,0,9A9j,2345,2026-04-22
永豐大園,2205.0,1,0,9A98,2345,2026-04-22
永豐大園,2230.0,1,0,9A98,2345,2026-04-22
永豐中壢,2160.0,6,0,9A99,2345,2026-04-22
永豐中壢,2190.0,1,0,9A99,2345,2026-04-22
永豐中壢,2205.0,1,0,9A99,2345,2026-04-22
永豐中壢,2220.0,1000,0,9A99,2345,2026-04-22
永豐中壢,2235.0,5,0,9A99,2345,2026-04-22
永豐大園,2175.0,0,2,9A98,2345,2026-04-22
永豐苓雅,2165.0,0,1000,9A9a,2345,2026-04-22
永豐苓雅,2245.0,15,1000,9A9a,2345,2026-04-22
永豐羅東,2170.0,0,200,9A9A,2345,2026-04-22
永豐羅東,2220.0,200,0,9A9A,2345,2026-04-22
永豐永康,2150.0,3055,0,9A9c,2345,2026-04-22
永豐永康,2175.0,0,2000,9A9c,2345,2026-04-22
永豐永康,2190.0,1000,0,9A9c,2345,2026-04-22
永豐永康,2210.0,0,70,9A9c,2345,2026-04-22
永豐苓雅,2210.0,0,1000,9A9a,2345,2026-04-22
永豐永康,2225.0,1000,0,9A9c,2345,2026-04-22
永豐大園,2155.0,2,0,9A98,2345,2026-04-22
永豐新竹,2190.0,0,35,9A97,2345,2026-04-22
永豐敦南,2225.0,1000,0,9A8F,2345,2026-04-22
永豐敦南,2245.0,15,0,9A8F,2345,2026-04-22
永豐松山,2150.0,2000,0,9A91,2345,2026-04-22
永豐松山,2170.0,2,0,9A91,2345,2026-04-22
永豐松山,2180.0,0,30,9A91,2345,2026-04-22
永豐松山,2190.0,50,20,9A91,2345,2026-04-22
永豐松山,2200.0,1000,0,9A91,2345,2026-04-22
永豐新竹,2210.0,0,1,9A97,2345,2026-04-22
永豐松山,2210.0,5,0,9A91,2345,2026-04-22
永豐松山,2240.0,0,1000,9A91,2345,2026-04-22
永豐萬盛,2155.0,110,0,9A92,2345,2026-04-22
永豐萬盛,2175.0,50,0,9A92,2345,2026-04-22
永豐萬盛,2195.0,100,0,9A92,2345,2026-04-22
永豐萬盛,2215.0,1000,0,9A92,2345,2026-04-22
永豐萬盛,2230.0,10,0,9A92,2345,2026-04-22
永豐新竹,2165.0,0,35,9A97,2345,2026-04-22
永豐松山,2230.0,1,0,9A91,2345,2026-04-22
永豐永康,2250.0,100,0,9A9c,2345,2026-04-22
永豐員林,2180.0,1000,0,9A9C,2345,2026-04-22
永豐員林,2220.0,0,1000,9A9C,2345,2026-04-22
永豐天母,2210.0,0,2000,9A9G,2345,2026-04-22
永豐天母,2230.0,0,2,9A9G,2345,2026-04-22
永豐天母,2250.0,0,10,9A9G,2345,2026-04-22
永豐台南,2155.0,100,0,9A9h,2345,2026-04-22
永豐台南,2165.0,56,0,9A9h,2345,2026-04-22
永豐台南,2175.0,5,0,9A9h,2345,2026-04-22
永豐台南,2185.0,52,0,9A9h,2345,2026-04-22
永豐天母,2195.0,2,0,9A9G,2345,2026-04-22
永豐台南,2195.0,1010,0,9A9h,2345,2026-04-22
永豐台南,2225.0,2,10,9A9h,2345,2026-04-22
永豐台南,2250.0,0,200,9A9h,2345,2026-04-22
永豐新莊,2155.0,10,0,9A9H,2345,2026-04-22
永豐新莊,2165.0,3,0,9A9H,2345,2026-04-22
永豐新莊,2220.0,1000,0,9A9H,2345,2026-04-22
永豐新店,2195.0,10,0,9A9i,2345,2026-04-22
永豐新店,2220.0,20,0,9A9i,2345,2026-04-22
永豐台南,2210.0,1,100,9A9h,2345,2026-04-22
永豐天母,2160.0,1005,0,9A9G,2345,2026-04-22
永豐天母,2140.0,3000,0,9A9G,2345,2026-04-22
永豐內湖,2230.0,10,0,9A9g,2345,2026-04-22
永豐古亭,2160.0,2000,0,9A9d,2345,2026-04-22
永豐古亭,2170.0,2000,0,9A9d,2345,2026-04-22
永豐古亭,2180.0,0,1000,9A9d,2345,2026-04-22
永豐古亭,2190.0,1000,2000,9A9d,2345,2026-04-22
永豐忠孝,2160.0,5,15,9A9D,2345,2026-04-22
永豐忠孝,2200.0,0,6,9A9D,2345,2026-04-22
永豐忠孝,2210.0,0,5,9A9D,2345,2026-04-22
永豐高雄,2160.0,1000,0,9A9e,2345,2026-04-22
永豐高雄,2180.0,2000,1,9A9e,2345,2026-04-22
永豐高雄,2190.0,30,2010,9A9e,2345,2026-04-22
永豐高雄,2205.0,1000,0,9A9e,2345,2026-04-22
永豐高雄,2220.0,1010,0,9A9e,2345,2026-04-22
永豐內湖,2160.0,2,0,9A9g,2345,2026-04-22
永豐內湖,2170.0,3100,5,9A9g,2345,2026-04-22
永豐內湖,2180.0,3000,2000,9A9g,2345,2026-04-22
永豐內湖,2190.0,4000,0,9A9g,2345,2026-04-22
永豐內湖,2215.0,0,1,9A9g,2345,2026-04-22
永豐嘉義,2230.0,0,9,9A9j,2345,2026-04-22
台新證券,2155.0,2012,0,9B00,2345,2026-04-22
台新證券,2165.0,3000,1015,9B00,2345,2026-04-22
台新證券,2175.0,19,1005,9B00,2345,2026-04-22
台新大裕,2215.0,2,0,9B2l,2345,2026-04-22
台新大裕,2235.0,0,2,9B2l,2345,2026-04-22
台新北壢,2225.0,9,0,9B2L,2345,2026-04-22
台新成功,2170.0,5,0,9B2m,2345,2026-04-22
台新成功,2190.0,100,0,9B2m,2345,2026-04-22
台新成功,2200.0,8,2,9B2m,2345,2026-04-22
台新成功,2210.0,2,0,9B2m,2345,2026-04-22
台新大裕,2190.0,0,1000,9B2l,2345,2026-04-22
台新彰化,2160.0,0,1000,9B2M,2345,2026-04-22
台新彰化,2230.0,0,1000,9B2M,2345,2026-04-22
台新西松,2195.0,0,15,9B2n,2345,2026-04-22
台新西松,2220.0,10000,0,9B2n,2345,2026-04-22
台新虎尾,2170.0,5,0,9B2N,2345,2026-04-22
台新新興,2150.0,1005,0,9B2o,2345,2026-04-22
台新新興,2175.0,10,0,9B2o,2345,2026-04-22
台新同大,2155.0,1,0,9B2P,2345,2026-04-22
台新彰化,2180.0,0,1,9B2M,2345,2026-04-22
台新同大,2175.0,214,0,9B2P,2345,2026-04-22
台新嘉義,2205.0,10,0,9B2I,2345,2026-04-22
台新中港,2185.0,1,0,9B2i,2345,2026-04-22
台新大昌,2210.0,0,25,9B2D,2345,2026-04-22
台新大昌,2230.0,0,5,9B2D,2345,2026-04-22
台新城中,2150.0,1005,0,9B2E,2345,2026-04-22
台新城中,2165.0,1000,0,9B2E,2345,2026-04-22
台新城中,2200.0,100,0,9B2E,2345,2026-04-22
台新城中,2230.0,1,0,9B2E,2345,2026-04-22
台新中原,2170.0,10,0,9B2g,2345,2026-04-22
台新嘉義,2170.0,0,1,9B2I,2345,2026-04-22
台新中原,2195.0,1,0,9B2g,2345,2026-04-22
台新信義,2150.0,1001,0,9B2H,2345,2026-04-22
台新信義,2180.0,1000,0,9B2H,2345,2026-04-22
台新信義,2195.0,0,20,9B2H,2345,2026-04-22
台新信義,2215.0,20,0,9B2H,2345,2026-04-22
台新信義,2235.0,5,0,9B2H,2345,2026-04-22
台新中港,2160.0,5,0,9B2i,2345,2026-04-22
台新中港,2175.0,2,0,9B2i,2345,2026-04-22
台新新竹,2190.0,2,0,9B2G,2345,2026-04-22
台新同大,2190.0,16,0,9B2P,2345,2026-04-22
台新同大,2210.0,5,0,9B2P,2345,2026-04-22
台新同大,2225.0,20,0,9B2P,2345,2026-04-22
台新桃園,2230.0,1000,0,9B2v,2345,2026-04-22
台新吉利,2215.0,3,0,9B2W,2345,2026-04-22
台新草屯,2180.0,20,0,9B2X,2345,2026-04-22
台新草屯,2210.0,0,1000,9B2X,2345,2026-04-22
台新草屯,2220.0,8,8,9B2X,2345,2026-04-22
台新草屯,2235.0,0,8,9B2X,2345,2026-04-22
台新花蓮,2175.0,1,2,9B2y,2345,2026-04-22
台新桃園,2210.0,1000,1000,9B2v,2345,2026-04-22
台新花蓮,2215.0,1,0,9B2y,2345,2026-04-22
台新埔里,2230.0,100,0,9B2Y,2345,2026-04-22
台新文心,2150.0,2000,0,9B2z,2345,2026-04-22
台新文心,2160.0,1000,0,9B2z,2345,2026-04-22
台新文心,2175.0,0,5,9B2z,2345,2026-04-22
台新文心,2185.0,0,1000,9B2z,2345,2026-04-22
台新文心,2230.0,2,5,9B2z,2345,2026-04-22
台新安南,2150.0,1000,0,9B2Z,2345,2026-04-22
台新埔里,2185.0,0,10,9B2Y,2345,2026-04-22
台新桃園,2195.0,100,0,9B2v,2345,2026-04-22
台新桃園,2185.0,0,1000,9B2v,2345,2026-04-22
台新桃園,2165.0,1000,0,9B2v,2345,2026-04-22
台新同大,2235.0,0,1000,9B2P,2345,2026-04-22
台新屏新,2175.0,0,1000,9B2q,2345,2026-04-22
台新屏新,2185.0,1000,0,9B2q,2345,2026-04-22
台新敦南,2170.0,1000,0,9B2Q,2345,2026-04-22
台新敦南,2185.0,5,0,9B2Q,2345,2026-04-22
台新敦南,2215.0,5,0,9B2Q,2345,2026-04-22
台新城東,2155.0,50,0,9B2r,2345,2026-04-22
台新城東,2165.0,50,0,9B2r,2345,2026-04-22
台新城東,2175.0,25,0,9B2r,2345,2026-04-22
台新城東,2220.0,10,0,9B2r,2345,2026-04-22
台新世貿,2190.0,60,0,9B2u,2345,2026-04-22
台新世貿,2225.0,10,0,9B2u,2345,2026-04-22
台新宜蘭,2170.0,100,0,9B2U,2345,2026-04-22
台新宜蘭,2200.0,1000,0,9B2U,2345,2026-04-22
台新宜蘭,2210.0,100,0,9B2U,2345,2026-04-22
台新宜蘭,2225.0,100,0,9B2U,2345,2026-04-22
台新宜蘭,2235.0,200,0,9B2U,2345,2026-04-22
台新潮州,2190.0,5,0,9B2C,2345,2026-04-22
台新潮州,2170.0,8,0,9B2C,2345,2026-04-22
台新烏日,2250.0,0,10,9B2c,2345,2026-04-22
台新烏日,2220.0,20,0,9B2c,2345,2026-04-22
台新建北,2250.0,10,0,9B18,2345,2026-04-22
台新新莊,2200.0,1000,0,9B19,2345,2026-04-22
台新新莊,2230.0,1000,0,9B19,2345,2026-04-22
台新左楠,2190.0,0,5,9B1d,2345,2026-04-22
台新左楠,2220.0,2,0,9B1d,2345,2026-04-22
台新高雄,2150.0,100,0,9B1g,2345,2026-04-22
台新高雄,2160.0,31000,0,9B1g,2345,2026-04-22
台新建北,2220.0,65,0,9B18,2345,2026-04-22
台新高雄,2175.0,1005,0,9B1g,2345,2026-04-22
台新高雄,2210.0,13,0,9B1g,2345,2026-04-22
台新高雄,2225.0,0,2000,9B1g,2345,2026-04-22
台新台中,2130.0,1000,0,9B1h,2345,2026-04-22
台新台中,2155.0,19,1000,9B1h,2345,2026-04-22
台新台中,2165.0,15,0,9B1h,2345,2026-04-22
台新台中,2175.0,21,0,9B1h,2345,2026-04-22
台新台中,2185.0,102,100,9B1h,2345,2026-04-22
台新高雄,2185.0,2000,0,9B1g,2345,2026-04-22
台新建北,2190.0,20,0,9B18,2345,2026-04-22
台新建北,2160.0,0,1000,9B18,2345,2026-04-22
台新台南,2190.0,5,0,9B16,2345,2026-04-22
台新證券,2185.0,6040,1000,9B00,2345,2026-04-22
台新證券,2195.0,425,2165,9B00,2345,2026-04-22
台新證券,2205.0,2000,2003,9B00,2345,2026-04-22
台新證券,2215.0,1060,20,9B00,2345,2026-04-22
台新證券,2225.0,5000,1000,9B00,2345,2026-04-22
台新證券,2235.0,0,1000,9B00,2345,2026-04-22
台新證券,2250.0,20,8,9B00,2345,2026-04-22
台新新營,2185.0,0,1000,9B11,2345,2026-04-22
台新新營,2210.0,0,1000,9B11,2345,2026-04-22
台新新營,2230.0,2001,0,9B11,2345,2026-04-22
台新三民,2220.0,10,0,9B13,2345,2026-04-22
台新松江,2150.0,1000,0,9B15,2345,2026-04-22
台新松江,2175.0,0,1000,9B15,2345,2026-04-22
台新松江,2190.0,510,2000,9B15,2345,2026-04-22
台新松江,2210.0,0,25,9B15,2345,2026-04-22
台新松江,2230.0,1000,0,9B15,2345,2026-04-22
台新松江,2245.0,350,0,9B15,2345,2026-04-22
台新台中,2195.0,0,1,9B1h,2345,2026-04-22
永豐敦南,2200.0,0,10,9A8F,2345,2026-04-22
台新台中,2205.0,50,20,9B1h,2345,2026-04-22
台新台中,2245.0,1000,1000,9B1h,2345,2026-04-22
台新府城,2185.0,10,0,9B29,2345,2026-04-22
台新府城,2225.0,10,0,9B29,2345,2026-04-22
台新松德,2150.0,1000,0,9B2a,2345,2026-04-22
台新松德,2175.0,1,0,9B2a,2345,2026-04-22
台新松德,2235.0,0,100,9B2a,2345,2026-04-22
台新緯城,2160.0,3,0,9B2A,2345,2026-04-22
台新緯城,2195.0,12,0,9B2A,2345,2026-04-22
台新林園,2185.0,100,0,9B27,2345,2026-04-22
台新緯城,2210.0,0,1000,9B2A,2345,2026-04-22
台新板橋,2155.0,1,0,9B2b,2345,2026-04-22
台新板橋,2175.0,1,0,9B2b,2345,2026-04-22
台新板橋,2185.0,1,0,9B2b,2345,2026-04-22
台新板橋,2195.0,1,0,9B2b,2345,2026-04-22
台新永和,2155.0,20,0,9B2B,2345,2026-04-22
台新永和,2165.0,40,0,9B2B,2345,2026-04-22
台新永和,2175.0,1,100,9B2B,2345,2026-04-22
台新緯城,2220.0,0,10,9B2A,2345,2026-04-22
台新五權,2205.0,30,0,9B25,2345,2026-04-22
台新五權,2170.0,5,0,9B25,2345,2026-04-22
台新三重,2250.0,0,1,9B23,2345,2026-04-22
台新中壢,2160.0,0,95,9B1y,2345,2026-04-22
台新中壢,2170.0,0,30,9B1y,2345,2026-04-22
台新中壢,2190.0,20,0,9B1y,2345,2026-04-22
台新中壢,2205.0,1000,0,9B1y,2345,2026-04-22
台新中壢,2220.0,1000,1000,9B1y,2345,2026-04-22
台新中壢,2230.0,0,5,9B1y,2345,2026-04-22
台新台北,2150.0,40,4000,9B20,2345,2026-04-22
台新台北,2160.0,1000,3000,9B20,2345,2026-04-22
台新台北,2175.0,3,0,9B20,2345,2026-04-22
台新台北,2210.0,1000,1000,9B20,2345,2026-04-22
台新九如,2195.0,5,0,9B21,2345,2026-04-22
台新九如,2230.0,2,0,9B21,2345,2026-04-22
台新新店,2190.0,350,0,9B22,2345,2026-04-22
台新新店,2205.0,2000,0,9B22,2345,2026-04-22
台新三重,2160.0,10,0,9B23,2345,2026-04-22
台新三重,2170.0,3,15,9B23,2345,2026-04-22
台新三重,2205.0,1,0,9B23,2345,2026-04-22
台新台中,2220.0,1100,205,9B1h,2345,2026-04-22
元大鳳山,2220.0,1000,0,983Z,2345,2026-04-22
永豐敦南,2190.0,1005,0,9A8F,2345,2026-04-22
永豐敦南,2160.0,100,0,9A8F,2345,2026-04-22
元大永寧,2210.0,100,0,9875,2345,2026-04-22
元大永寧,2225.0,3000,0,9875,2345,2026-04-22
元大金華,2165.0,1000,0,9878,2345,2026-04-22
元大金華,2185.0,0,1000,9878,2345,2026-04-22
元大板三,2150.0,5,0,9879,2345,2026-04-22
元大板三,2165.0,1,0,9879,2345,2026-04-22
元大板三,2195.0,0,5,9879,2345,2026-04-22
元大永寧,2175.0,1000,0,9875,2345,2026-04-22
元大板三,2230.0,5,0,9879,2345,2026-04-22
元大楊梅,2165.0,0,1100,987A,2345,2026-04-22
元大楊梅,2175.0,1,0,987A,2345,2026-04-22
元大楊梅,2185.0,0,1000,987A,2345,2026-04-22
元大楊梅,2240.0,0,5,987A,2345,2026-04-22
元大斗信,2185.0,60,0,9884,2345,2026-04-22
元大斗信,2210.0,150,0,9884,2345,2026-04-22
元大斗信,2235.0,20,0,9884,2345,2026-04-22
元大楊梅,2150.0,1000,0,987A,2345,2026-04-22
元大鑫永,2160.0,20,0,9888,2345,2026-04-22
元大雙和,2215.0,0,10,9874,2345,2026-04-22
元大雙和,2170.0,0,1000,9874,2345,2026-04-22
元大新盛,2205.0,1050,0,9869,2345,2026-04-22
元大基孝,2160.0,0,25,986K,2345,2026-04-22
元大基孝,2190.0,50,0,986K,2345,2026-04-22
元大忠孝,2150.0,1000,0,9871,2345,2026-04-22
元大忠孝,2180.0,1000,0,9871,2345,2026-04-22
元大忠孝,2195.0,215,1000,9871,2345,2026-04-22
元大忠孝,2210.0,1000,0,9871,2345,2026-04-22
元大雙和,2195.0,0,300,9874,2345,2026-04-22
元大忠孝,2230.0,100,0,9871,2345,2026-04-22
元大復北,2165.0,30,0,9872,2345,2026-04-22
元大復北,2180.0,141,0,9872,2345,2026-04-22
元大復北,2195.0,12,1,9872,2345,2026-04-22
元大復北,2210.0,250,0,9872,2345,2026-04-22
元大復北,2220.0,3,0,9872,2345,2026-04-22
元大復北,2230.0,107,0,9872,2345,2026-04-22
元大雙和,2150.0,5,1000,9874,2345,2026-04-22
元大復北,2155.0,1020,0,9872,2345,2026-04-22
元大鑫永,2230.0,59,5,9888,2345,2026-04-22
元大員林,2155.0,46,0,9889,2345,2026-04-22
元大員林,2170.0,1000,0,9889,2345,2026-04-22
元大大天,2180.0,10,0,9893,2345,2026-04-22
元大大天,2195.0,10,0,9893,2345,2026-04-22
元大大天,2205.0,40,0,9893,2345,2026-04-22
元大大天,2220.0,0,25,9893,2345,2026-04-22
元大桃興,2150.0,1,0,9894,2345,2026-04-22
元大桃興,2160.0,10,0,9894,2345,2026-04-22
元大桃興,2185.0,1000,5,9894,2345,2026-04-22
元大大天,2160.0,40,0,9893,2345,2026-04-22
元大桃興,2225.0,0,1000,9894,2345,2026-04-22
元大台南,2155.0,10,0,9896,2345,2026-04-22
元大台南,2170.0,10,0,9896,2345,2026-04-22
元大台南,2190.0,1000,0,9896,2345,2026-04-22
元大台南,2220.0,1000,0,9896,2345,2026-04-22
元大土城,2170.0,100,0,9897,2345,2026-04-22
元大土城,2185.0,50,0,9897,2345,2026-04-22
元大土城,2210.0,100,0,9897,2345,2026-04-22
元大桃興,2250.0,50,0,9894,2345,2026-04-22
元大屏東,2235.0,5,0,9892,2345,2026-04-22
元大屏東,2205.0,1000,5,9892,2345,2026-04-22
元大屏東,2160.0,30,0,9892,2345,2026-04-22
元大員林,2190.0,4,0,9889,2345,2026-04-22
元大員林,2215.0,0,1000,9889,2345,2026-04-22
元大桃園,2155.0,1,0,988B,2345,2026-04-22
元大桃園,2165.0,0,20,988B,2345,2026-04-22
元大桃園,2195.0,5,0,988B,2345,2026-04-22
元大桃園,2205.0,0,1000,988B,2345,2026-04-22
元大桃園,2215.0,8,0,988B,2345,2026-04-22
元大桃園,2225.0,3,0,988B,2345,2026-04-22
元大三重,2195.0,10,0,988C,2345,2026-04-22
元大三重,2230.0,50,0,988C,2345,2026-04-22
元大長庚,2160.0,10,14,988V,2345,2026-04-22
元大長庚,2175.0,5,0,988V,2345,2026-04-22
元大長庚,2190.0,55,0,988V,2345,2026-04-22
元大永和,2160.0,50,0,9891,2345,2026-04-22
元大永和,2175.0,1,0,9891,2345,2026-04-22
元大永和,2190.0,0,20,9891,2345,2026-04-22
元大永和,2215.0,2,0,9891,2345,2026-04-22
元大新盛,2180.0,0,2,9869,2345,2026-04-22
元大土城,2225.0,0,1000,9897,2345,2026-04-22
元大文心,2245.0,0,10,9868,2345,2026-04-22
元大文心,2180.0,10,0,9868,2345,2026-04-22
元大南屯,2205.0,0,1000,9853,2345,2026-04-22
元大南屯,2220.0,130,1000,9853,2345,2026-04-22
元大南屯,2235.0,50,1,9853,2345,2026-04-22
元大南屯,2250.0,0,5,9853,2345,2026-04-22
元大興安,2155.0,1,0,9854,2345,2026-04-22
元大興安,2165.0,0,10,9854,2345,2026-04-22
元大興安,2195.0,5,14,9854,2345,2026-04-22
元大南屯,2175.0,10,0,9853,2345,2026-04-22
元大興安,2215.0,15,0,9854,2345,2026-04-22
元大花蓮,2135.0,1000,0,9856,2345,2026-04-22
元大花蓮,2180.0,1,0,9856,2345,2026-04-22
元大花蓮,2205.0,5,0,9856,2345,2026-04-22
元大花蓮,2220.0,0,17,9856,2345,2026-04-22
元大蘆洲,2150.0,1002,0,9857,2345,2026-04-22
元大蘆洲,2170.0,15,0,9857,2345,2026-04-22
元大蘆洲,2185.0,1003,1010,9857,2345,2026-04-22
元大興安,2225.0,1000,0,9854,2345,2026-04-22
元大蘆洲,2205.0,0,1000,9857,2345,2026-04-22
元大南屯,2150.0,51,0,9853,2345,2026-04-22
元大永春,2220.0,10,1000,9852,2345,2026-04-22
元大大直,2215.0,100,0,9846,2345,2026-04-22
元大新中,2165.0,50,0,984C,2345,2026-04-22
元大新中,2190.0,5,0,984C,2345,2026-04-22
元大新中,2210.0,50,0,984C,2345,2026-04-22
元大新中,2250.0,50,0,984C,2345,2026-04-22
凱基中壢,2225.0,17,0,9285,2345,2026-04-22
元大景美,2170.0,0,25,984H,2345,2026-04-22
元大永春,2230.0,18,0,9852,2345,2026-04-22
元大館前,2170.0,50,0,984K,2345,2026-04-22
元大館前,2210.0,0,1000,984K,2345,2026-04-22
元大館前,2220.0,1,0,984K,2345,2026-04-22
元大永春,2155.0,5,0,9852,2345,2026-04-22
元大永春,2165.0,201,1,9852,2345,2026-04-22
元大永春,2175.0,1210,0,9852,2345,2026-04-22
元大永春,2185.0,1015,0,9852,2345,2026-04-22
元大永春,2195.0,0,1000,9852,2345,2026-04-22
元大館前,2200.0,1010,0,984K,2345,2026-04-22
元大蘆洲,2215.0,52,1000,9857,2345,2026-04-22
元大蘆洲,2225.0,0,1004,9857,2345,2026-04-22
元大蘆洲,2235.0,1000,0,9857,2345,2026-04-22
元大鳳中,2230.0,100,0,985C,2345,2026-04-22
元大南京,2145.0,1000,0,9862,2345,2026-04-22
元大南京,2155.0,5030,0,9862,2345,2026-04-22
元大南京,2170.0,0,10,9862,2345,2026-04-22
元大南京,2190.0,2092,0,9862,2345,2026-04-22
元大南京,2205.0,1000,0,9862,2345,2026-04-22
元大南京,2220.0,1000,3003,9862,2345,2026-04-22
元大鳳中,2180.0,2,0,985C,2345,2026-04-22
元大南京,2230.0,0,5035,9862,2345,2026-04-22
元大和平,2180.0,3,0,9863,2345,2026-04-22
元大和平,2205.0,0,1000,9863,2345,2026-04-22
元大和平,2215.0,0,1000,9863,2345,2026-04-22
元大民權,2150.0,5,0,9867,2345,2026-04-22
元大民權,2180.0,5,0,9867,2345,2026-04-22
元大民權,2225.0,113,0,9867,2345,2026-04-22
元大文心,2150.0,0,3000,9868,2345,2026-04-22
元大和平,2160.0,50,0,9863,2345,2026-04-22
元大鳳中,2160.0,10,0,985C,2345,2026-04-22
元大經國,2235.0,0,100,9859,2345,2026-04-22
元大經國,2225.0,1000,0,9859,2345,2026-04-22
元大龍潭,2135.0,2000,0,9858,2345,2026-04-22
元大龍潭,2155.0,30,0,9858,2345,2026-04-22
元大龍潭,2165.0,50,0,9858,2345,2026-04-22
元大龍潭,2175.0,10,0,9858,2345,2026-04-22
元大龍潭,2185.0,1000,1100,9858,2345,2026-04-22
元大龍潭,2195.0,30,0,9858,2345,2026-04-22
元大龍潭,2205.0,10,1000,9858,2345,2026-04-22
元大龍潭,2215.0,1,0,9858,2345,2026-04-22
元大龍潭,2225.0,1000,0,9858,2345,2026-04-22
元大龍潭,2235.0,1,0,9858,2345,2026-04-22
元大龍潭,2250.0,0,1,9858,2345,2026-04-22
元大經國,2150.0,1000,0,9859,2345,2026-04-22
元大經國,2165.0,1000,0,9859,2345,2026-04-22
元大經國,2175.0,1020,0,9859,2345,2026-04-22
元大經國,2185.0,10,0,9859,2345,2026-04-22
元大經國,2195.0,470,0,9859,2345,2026-04-22
元大經國,2210.0,52,1000,9859,2345,2026-04-22
元大文心,2230.0,1000,0,9868,2345,2026-04-22
元大新莊,2145.0,1000,0,9898,2345,2026-04-22
元大新莊,2160.0,130,0,9898,2345,2026-04-22
元大新莊,2170.0,130,0,9898,2345,2026-04-22
元大大甲,2165.0,3,0,989U,2345,2026-04-22
元大大甲,2175.0,3,0,989U,2345,2026-04-22
元大大甲,2185.0,3,0,989U,2345,2026-04-22
元大大甲,2195.0,2,0,989U,2345,2026-04-22
元大大甲,2235.0,3,0,989U,2345,2026-04-22
元大北重,2170.0,0,50,989V,2345,2026-04-22
元大北重,2185.0,1,0,989V,2345,2026-04-22
元大鹿港,2220.0,0,10,989S,2345,2026-04-22
元大北重,2195.0,4,5,989V,2345,2026-04-22
元大北重,2230.0,5,0,989V,2345,2026-04-22
元大站前,2165.0,5,0,989W,2345,2026-04-22
元大站前,2175.0,20,0,989W,2345,2026-04-22
元大站前,2190.0,10,2,989W,2345,2026-04-22
元大站前,2245.0,20,0,989W,2345,2026-04-22
元大三民,2190.0,140,0,989X,2345,2026-04-22
元大三民,2220.0,0,4,989X,2345,2026-04-22
元大北重,2210.0,0,1,989V,2345,2026-04-22
元大基隆,2180.0,20,0,989Y,2345,2026-04-22
元大鹿港,2210.0,5,15,989S,2345,2026-04-22
元大鹿港,2150.0,1200,0,989S,2345,2026-04-22
元大信義,2230.0,0,1005,989m,2345,2026-04-22
元大內湖,2160.0,7,0,989N,2345,2026-04-22
元大內湖,2180.0,5,0,989N,2345,2026-04-22
元大內湖,2190.0,2,100,989N,2345,2026-04-22
元大內湖,2200.0,1,0,989N,2345,2026-04-22
元大內湖,2220.0,21,0,989N,2345,2026-04-22
元大內湖,2240.0,1000,0,989N,2345,2026-04-22
元大鹿港,2170.0,10,0,989S,2345,2026-04-22
元大內湖,2250.0,0,2,989N,2345,2026-04-22
元大敦南,2175.0,20,1000,989P,2345,2026-04-22
元大敦南,2195.0,10,0,989P,2345,2026-04-22
元大敦南,2215.0,100,0,989P,2345,2026-04-22
元大敦南,2250.0,10,0,989P,2345,2026-04-22
元大汐止,2160.0,1110,0,989Q,2345,2026-04-22
元大汐止,2185.0,1000,50,989Q,2345,2026-04-22
元大汐止,2205.0,0,2000,989Q,2345,2026-04-22
元大敦南,2165.0,0,1000,989P,2345,2026-04-22
元大基隆,2220.0,5,0,989Y,2345,2026-04-22
元大基隆,2235.0,0,50,989Y,2345,2026-04-22
元大小港,2150.0,2,0,989Z,2345,2026-04-22
永豐埔里,2240.0,10,0,9A79,2345,2026-04-22
永豐匯立,2140.0,2000,1000,9A81,2345,2026-04-22
永豐匯立,2155.0,1000,0,9A81,2345,2026-04-22
永豐匯立,2165.0,2000,8000,9A81,2345,2026-04-22
永豐匯立,2175.0,3000,7000,9A81,2345,2026-04-22
永豐匯立,2185.0,1000,19000,9A81,2345,2026-04-22
永豐匯立,2195.0,6000,8000,9A81,2345,2026-04-22
永豐埔里,2210.0,1000,0,9A79,2345,2026-04-22
永豐匯立,2205.0,23000,8000,9A81,2345,2026-04-22
永豐匯立,2225.0,16000,6000,9A81,2345,2026-04-22
永豐匯立,2235.0,2000,0,9A81,2345,2026-04-22
永豐匯立,2245.0,8000,2000,9A81,2345,2026-04-22
永豐敦北,2170.0,2,0,9A89,2345,2026-04-22
永豐敦北,2190.0,1,4,9A89,2345,2026-04-22
永豐敦北,2220.0,0,12,9A89,2345,2026-04-22
永豐敦北,2235.0,0,20,9A89,2345,2026-04-22
永豐匯立,2215.0,32000,4000,9A81,2345,2026-04-22
永豐屏東,2190.0,0,1000,9A69,2345,2026-04-22
永豐屏東,2160.0,12,0,9A69,2345,2026-04-22
永豐鳳山,2230.0,0,7,9A61,2345,2026-04-22
元大小港,2175.0,20,0,989Z,2345,2026-04-22
元大小港,2190.0,30,0,989Z,2345,2026-04-22
元大小港,2205.0,1000,0,989Z,2345,2026-04-22
元大小港,2230.0,30,0,989Z,2345,2026-04-22
永豐金,2150.0,1095,0,9A00,2345,2026-04-22
永豐金,2160.0,50,0,9A00,2345,2026-04-22
永豐金,2170.0,1117,2150,9A00,2345,2026-04-22
永豐金,2180.0,69,464,9A00,2345,2026-04-22
永豐金,2190.0,7198,1162,9A00,2345,2026-04-22
永豐金,2200.0,1227,0,9A00,2345,2026-04-22
永豐金,2210.0,4604,523,9A00,2345,2026-04-22
永豐金,2220.0,2483,756,9A00,2345,2026-04-22
永豐金,2230.0,623,1065,9A00,2345,2026-04-22
永豐金,2240.0,2410,5,9A00,2345,2026-04-22
永豐金,2250.0,34,19,9A00,2345,2026-04-22
永豐鳳山,2160.0,10,0,9A61,2345,2026-04-22
永豐鳳山,2185.0,1000,0,9A61,2345,2026-04-22
元大信義,2210.0,3000,0,989m,2345,2026-04-22
元大信義,2190.0,1,0,989m,2345,2026-04-22
元大信義,2180.0,5,0,989m,2345,2026-04-22
元大信義,2170.0,30,0,989m,2345,2026-04-22
元大板橋,2170.0,7,0,989C,2345,2026-04-22
元大板橋,2195.0,2,0,989C,2345,2026-04-22
元大板橋,2205.0,1001,0,989C,2345,2026-04-22
元大板橋,2215.0,168,0,989C,2345,2026-04-22
元大板橋,2225.0,0,100,989C,2345,2026-04-22
元大板橋,2240.0,1,8,989C,2345,2026-04-22
元大北屯,2165.0,0,2000,989d,2345,2026-04-22
元大板橋,2160.0,8,0,989C,2345,2026-04-22
元大北屯,2185.0,0,1000,989d,2345,2026-04-22
元大北屯,2245.0,2,0,989d,2345,2026-04-22
元大左營,2165.0,1,0,989D,2345,2026-04-22
元大左營,2190.0,200,0,989D,2345,2026-04-22
元大中和,2150.0,30,0,989e,2345,2026-04-22
元大中和,2235.0,1,0,989e,2345,2026-04-22
元大草屯,2155.0,5,1,989E,2345,2026-04-22
元大草屯,2175.0,1000,0,989E,2345,2026-04-22
元大北屯,2205.0,2,0,989d,2345,2026-04-22
元大中港,2245.0,10,0,989B,2345,2026-04-22
元大中港,2230.0,0,1000,989B,2345,2026-04-22
元大中港,2210.0,0,20,989B,2345,2026-04-22
元大新莊,2180.0,50,0,9898,2345,2026-04-22
元大新莊,2190.0,5,0,9898,2345,2026-04-22
元大新莊,2200.0,50,2000,9898,2345,2026-04-22
元大淡水,2150.0,1000,0,9899,2345,2026-04-22
元大淡水,2230.0,0,1000,9899,2345,2026-04-22
元大苑裡,2170.0,1,0,989a,2345,2026-04-22
元大苑裡,2190.0,20,0,989a,2345,2026-04-22
元大苑裡,2230.0,2,0,989a,2345,2026-04-22
元大北投,2180.0,1,0,989A,2345,2026-04-22
元大北投,2190.0,0,1000,989A,2345,2026-04-22
元大北投,2200.0,0,1000,989A,2345,2026-04-22
元大北投,2215.0,6,0,989A,2345,2026-04-22
元大北投,2225.0,2,0,989A,2345,2026-04-22
元大北投,2235.0,0,5,989A,2345,2026-04-22
元大中港,2155.0,1005,0,989B,2345,2026-04-22
元大中港,2170.0,1011,0,989B,2345,2026-04-22
元大中港,2190.0,0,1001,989B,2345,2026-04-22
元大草屯,2185.0,2000,0,989E,2345,2026-04-22
永豐敦南,2170.0,11,0,9A8F,2345,2026-04-22
元大草屯,2200.0,8,0,989E,2345,2026-04-22
元大草屯,2235.0,0,2,989E,2345,2026-04-22
元大彰生,2170.0,4,0,989J,2345,2026-04-22
元大彰生,2190.0,0,3000,989J,2345,2026-04-22
元大彰生,2220.0,0,1,989J,2345,2026-04-22
元大彰生,2240.0,1,0,989J,2345,2026-04-22
元大古亭,2160.0,0,100,989k,2345,2026-04-22
元大古亭,2180.0,180,0,989k,2345,2026-04-22
元大古亭,2200.0,0,2000,989k,2345,2026-04-22
元大樹林,2250.0,0,4,989j,2345,2026-04-22
元大古亭,2210.0,0,1005,989k,2345,2026-04-22
元大古亭,2245.0,25,0,989k,2345,2026-04-22
元大成功,2155.0,0,100,989L,2345,2026-04-22
元大成功,2165.0,0,20,989L,2345,2026-04-22
元大成功,2180.0,10,0,989L,2345,2026-04-22
元大成功,2205.0,3,1,989L,2345,2026-04-22
元大成功,2215.0,15,0,989L,2345,2026-04-22
元大成功,2225.0,2,0,989L,2345,2026-04-22
元大古亭,2230.0,0,5,989k,2345,2026-04-22
元大樹林,2210.0,1010,0,989j,2345,2026-04-22
元大樹林,2195.0,15,2,989j,2345,2026-04-22
元大樹林,2160.0,1000,0,989j,2345,2026-04-22
元大東港,2225.0,5,0,989f,2345,2026-04-22
元大東港,2235.0,0,7,989f,2345,2026-04-22
元大高雄,2145.0,0,1000,989F,2345,2026-04-22
元大高雄,2170.0,14,0,989F,2345,2026-04-22
元大高雄,2215.0,3,1,989F,2345,2026-04-22
元大高雄,2230.0,10,4,989F,2345,2026-04-22
元大嘉義,2165.0,2,0,989g,2345,2026-04-22
元大嘉義,2180.0,0,100,989g,2345,2026-04-22
元大嘉義,2215.0,23,0,989g,2345,2026-04-22
元大大同,2155.0,1000,0,989G,2345,2026-04-22
元大大同,2170.0,100,100,989G,2345,2026-04-22
元大大同,2185.0,30,0,989G,2345,2026-04-22
元大大同,2195.0,1,0,989G,2345,2026-04-22
元大大同,2245.0,0,5,989G,2345,2026-04-22
元大蘆中,2185.0,100,0,989I,2345,2026-04-22
元大蘆中,2205.0,100,0,989I,2345,2026-04-22
元大蘆中,2220.0,200,17,989I,2345,2026-04-22
元大草屯,2225.0,1000,1000,989E,2345,2026-04-22
凱基中壢,2205.0,1000,0,9285,2345,2026-04-22
凱基永康,2150.0,0,1,9278,2345,2026-04-22
凱基中壢,2165.0,1000,0,9285,2345,2026-04-22
中信三重,2170.0,1000,0,6161,2345,2026-04-22
中信三重,2225.0,0,1000,6161,2345,2026-04-22
中信託忠,2150.0,2020,0,6162,2345,2026-04-22
中信託忠,2160.0,0,50,6162,2345,2026-04-22
中信託忠,2170.0,20,0,6162,2345,2026-04-22
中信託忠,2180.0,2,0,6162,2345,2026-04-22
中信託忠,2210.0,0,3000,6162,2345,2026-04-22
中信三重,2150.0,2,0,6161,2345,2026-04-22
中信託忠,2220.0,50,0,6162,2345,2026-04-22
中信託永,2180.0,0,1,6163,2345,2026-04-22
中信託永,2215.0,50,0,6163,2345,2026-04-22
中信託永,2230.0,0,3,6163,2345,2026-04-22
中信託文,2160.0,1000,0,6164,2345,2026-04-22
中信託文,2170.0,10,2000,6164,2345,2026-04-22
中信託文,2185.0,20,1000,6164,2345,2026-04-22
中信託文,2195.0,10,2,6164,2345,2026-04-22
中信託忠,2230.0,50,0,6162,2345,2026-04-22
中信託文,2205.0,10,1000,6164,2345,2026-04-22
中國信託,2245.0,0,39,6160,2345,2026-04-22
中國信託,2210.0,107,0,6160,2345,2026-04-22
台中銀,2180.0,55,0,6110,2345,2026-04-22
台中銀,2190.0,113,1000,6110,2345,2026-04-22
台中銀,2205.0,2005,0,6110,2345,2026-04-22
台中銀,2215.0,50,0,6110,2345,2026-04-22
台中銀,2225.0,50,0,6110,2345,2026-04-22
台中銀,2240.0,5,0,6110,2345,2026-04-22
中銀員林,2225.0,100,0,6114,2345,2026-04-22
中國信託,2225.0,1005,100,6160,2345,2026-04-22
中銀豐原,2150.0,5000,0,611A,2345,2026-04-22
中銀豐原,2220.0,0,5000,611A,2345,2026-04-22
中國信託,2135.0,0,1000,6160,2345,2026-04-22
中國信託,2160.0,5,0,6160,2345,2026-04-22
中國信託,2170.0,65,0,6160,2345,2026-04-22
中國信託,2180.0,260,50,6160,2345,2026-04-22
中國信託,2190.0,148,0,6160,2345,2026-04-22
中國信託,2200.0,1114,0,6160,2345,2026-04-22
中銀豐原,2180.0,1000,0,611A,2345,2026-04-22
中信託文,2215.0,20,0,6164,2345,2026-04-22
中信託文,2225.0,1090,1000,6164,2345,2026-04-22
中信託文,2245.0,50,0,6164,2345,2026-04-22
光和,2195.0,1,0,6380,2345,2026-04-22
光和溪湖,2190.0,1000,0,6381,2345,2026-04-22
光和田中,2215.0,30,0,6382,2345,2026-04-22
光和高雄,2160.0,10,0,638D,2345,2026-04-22
光和高雄,2185.0,0,200,638D,2345,2026-04-22
光和高雄,2225.0,0,10,638D,2345,2026-04-22
永全,2205.0,0,1000,6450,2345,2026-04-22
新百王,2220.0,0,1001,6210,2345,2026-04-22
永全南崁,2180.0,50,0,6451,2345,2026-04-22
大昌,2155.0,1000,0,6460,2345,2026-04-22
大昌,2220.0,510,1050,6460,2345,2026-04-22
大昌,2235.0,10,0,6460,2345,2026-04-22
大昌樹林,2205.0,0,1000,6461,2345,2026-04-22
大昌安康,2200.0,1000,0,6462,2345,2026-04-22
大昌新竹,2170.0,10,0,6463,2345,2026-04-22
大昌新店,2190.0,0,1000,6464,2345,2026-04-22
永全八德,2250.0,200,0,6452,2345,2026-04-22
新百王,2150.0,1000,0,6210,2345,2026-04-22
中信託高,2235.0,1000,0,616K,2345,2026-04-22
中信託高,2225.0,0,1133,616K,2345,2026-04-22
中信託新,2170.0,1000,10,6165,2345,2026-04-22
中信託新,2185.0,1000,0,6165,2345,2026-04-22
中信託新,2200.0,2,0,6165,2345,2026-04-22
中信託新,2210.0,0,1000,6165,2345,2026-04-22
中信託新,2225.0,1000,10,6165,2345,2026-04-22
中信託新,2240.0,0,50,6165,2345,2026-04-22
中信松江,2190.0,10,0,6167,2345,2026-04-22
中信松江,2210.0,2000,0,6167,2345,2026-04-22
中信松江,2245.0,10,0,6167,2345,2026-04-22
中信嘉義,2210.0,94,0,6168,2345,2026-04-22
中信中壢,2160.0,7,0,616A,2345,2026-04-22
中信中壢,2175.0,0,20,616A,2345,2026-04-22
中信託高,2150.0,1025,0,616K,2345,2026-04-22
中信託高,2170.0,0,1000,616K,2345,2026-04-22
中信託高,2185.0,2000,1000,616K,2345,2026-04-22
中信託高,2195.0,0,1000,616K,2345,2026-04-22
中信託高,2210.0,2000,15,616K,2345,2026-04-22
台中銀,2170.0,1,0,6110,2345,2026-04-22
大昌新店,2220.0,100,0,6464,2345,2026-04-22
台中銀,2150.0,1100,0,6110,2345,2026-04-22
?亞鑫豐,2210.0,5,0,601d,2345,2026-04-22
統一內湖,2140.0,1000,0,585b,2345,2026-04-22
統一內湖,2185.0,1000,0,585b,2345,2026-04-22
統一內湖,2220.0,1000,0,585b,2345,2026-04-22
統一仁愛,2170.0,2000,0,585c,2345,2026-04-22
統一仁愛,2190.0,0,1000,585c,2345,2026-04-22
統一仁愛,2210.0,1000,1000,585c,2345,2026-04-22
統一仁愛,2225.0,2000,0,585c,2345,2026-04-22
統一屏東,2245.0,15,0,5859,2345,2026-04-22
統一仁愛,2240.0,2000,2000,585c,2345,2026-04-22
統一新台中,2190.0,1,0,585D,2345,2026-04-22
統一新營,2140.0,1000,0,585E,2345,2026-04-22
統一新營,2205.0,1000,0,585E,2345,2026-04-22
統一新營,2225.0,0,1000,585E,2345,2026-04-22
統一彰化,2155.0,50,0,585F,2345,2026-04-22
統一彰化,2195.0,5,0,585F,2345,2026-04-22
統一彰化,2205.0,2000,0,585F,2345,2026-04-22
統一新台中,2160.0,6,0,585D,2345,2026-04-22
統一彰化,2215.0,2000,0,585F,2345,2026-04-22
統一屏東,2220.0,20,0,5859,2345,2026-04-22
統一屏東,2175.0,5,0,5859,2345,2026-04-22
統一城中,2225.0,0,1000,5854,2345,2026-04-22
統一城中,2250.0,0,1000,5854,2345,2026-04-22
統一台南,2165.0,100,0,5855,2345,2026-04-22
統一台南,2180.0,0,10,5855,2345,2026-04-22
統一台南,2215.0,1,0,5855,2345,2026-04-22
統一台南,2235.0,0,5,5855,2345,2026-04-22
統一台中,2160.0,1000,0,5856,2345,2026-04-22
統一屏東,2200.0,10,0,5859,2345,2026-04-22
統一台中,2210.0,0,2,5856,2345,2026-04-22
統一台中,2235.0,0,5,5856,2345,2026-04-22
統一新竹,2150.0,0,100,5857,2345,2026-04-22
統一新竹,2160.0,2,1000,5857,2345,2026-04-22
統一新竹,2195.0,1000,0,5857,2345,2026-04-22
統一新竹,2215.0,0,1,5857,2345,2026-04-22
統一新竹,2230.0,1000,2,5857,2345,2026-04-22
統一嘉義,2190.0,10,0,5858,2345,2026-04-22
統一台中,2220.0,0,1003,5856,2345,2026-04-22
統一平鎮,2180.0,1000,0,585g,2345,2026-04-22
統一桃園,2140.0,0,2000,585H,2345,2026-04-22
統一桃園,2150.0,1000,0,585H,2345,2026-04-22
統一三多,2210.0,0,5,585Q,2345,2026-04-22
統一三多,2240.0,0,2000,585Q,2345,2026-04-22
統一東湖,2155.0,200,0,585R,2345,2026-04-22
統一東湖,2230.0,1000,0,585R,2345,2026-04-22
統一宜蘭,2215.0,1,0,585S,2345,2026-04-22
統一南京,2165.0,1010,0,585U,2345,2026-04-22
統一南京,2195.0,5,13,585U,2345,2026-04-22
統一板橋,2245.0,2000,2000,585P,2345,2026-04-22
統一南京,2240.0,0,5,585U,2345,2026-04-22
統一松江,2175.0,5,0,585Z,2345,2026-04-22
統一松江,2215.0,0,2000,585Z,2345,2026-04-22
統一松江,2240.0,50,0,585Z,2345,2026-04-22
日茂,2210.0,10000,0,5960,2345,2026-04-22
?亞網路,2180.0,0,18,6012,2345,2026-04-22
?亞網路,2225.0,1000,0,6012,2345,2026-04-22
?亞鑫豐,2175.0,0,15,601d,2345,2026-04-22
統一金門,2220.0,0,1000,585W,2345,2026-04-22
統一板橋,2235.0,4000,2000,585P,2345,2026-04-22
統一板橋,2225.0,14000,10000,585P,2345,2026-04-22
統一板橋,2215.0,10000,12003,585P,2345,2026-04-22
統一桃園,2220.0,0,5,585H,2345,2026-04-22
統一員林,2210.0,0,5,585I,2345,2026-04-22
統一三重,2190.0,105,15,585J,2345,2026-04-22
統一三重,2220.0,1000,0,585J,2345,2026-04-22
統一竹南,2225.0,30,0,585m,2345,2026-04-22
統一士林,2150.0,100,0,585M,2345,2026-04-22
統一士林,2165.0,103,0,585M,2345,2026-04-22
統一士林,2180.0,0,683,585M,2345,2026-04-22
統一士林,2195.0,200,0,585M,2345,2026-04-22
統一士林,2230.0,0,100,585M,2345,2026-04-22
統一板橋,2145.0,2000,2000,585P,2345,2026-04-22
統一板橋,2155.0,6000,2000,585P,2345,2026-04-22
統一板橋,2165.0,6000,6000,585P,2345,2026-04-22
統一板橋,2175.0,10000,12000,585P,2345,2026-04-22
統一板橋,2185.0,11000,12000,585P,2345,2026-04-22
統一板橋,2195.0,1000,4000,585P,2345,2026-04-22
統一板橋,2205.0,12000,21000,585P,2345,2026-04-22
?亞鑫豐,2225.0,2,0,601d,2345,2026-04-22
大昌桃園,2210.0,20,0,6465,2345,2026-04-22
大昌桃園,2235.0,5,0,6465,2345,2026-04-22
福邦,2185.0,0,1000,6480,2345,2026-04-22
兆豐新竹,2170.0,5,0,700V,2345,2026-04-22
兆豐新竹,2180.0,1019,1100,700V,2345,2026-04-22
兆豐新竹,2195.0,30,1035,700V,2345,2026-04-22
兆豐新竹,2210.0,10,5,700V,2345,2026-04-22
兆豐新竹,2220.0,13,11,700V,2345,2026-04-22
兆豐新竹,2230.0,30,20,700V,2345,2026-04-22
兆豐新竹,2245.0,0,5,700V,2345,2026-04-22
兆豐新竹,2160.0,3000,0,700V,2345,2026-04-22
兆豐新莊,2200.0,10,0,700w,2345,2026-04-22
兆豐城中,2165.0,30,1000,700W,2345,2026-04-22
兆豐城中,2190.0,0,40,700W,2345,2026-04-22
兆豐城中,2225.0,1010,2000,700W,2345,2026-04-22
兆豐永和,2220.0,100,0,700X,2345,2026-04-22
兆豐高雄,2140.0,2000,0,700Z,2345,2026-04-22
兆豐高雄,2160.0,0,20,700Z,2345,2026-04-22
兆豐高雄,2175.0,2000,80,700Z,2345,2026-04-22
兆豐城中,2150.0,2000,0,700W,2345,2026-04-22
兆豐高雄,2200.0,20,0,700Z,2345,2026-04-22
兆豐桃鶯,2185.0,0,1000,700U,2345,2026-04-22
兆豐岡山,2240.0,0,93,700s,2345,2026-04-22
兆豐新營,2175.0,50,0,700K,2345,2026-04-22
兆豐新營,2200.0,0,1000,700K,2345,2026-04-22
兆豐天母,2195.0,5,0,700L,2345,2026-04-22
兆豐天母,2225.0,0,25,700L,2345,2026-04-22
兆豐桃園,2150.0,1000,0,700M,2345,2026-04-22
兆豐桃園,2170.0,0,1,700M,2345,2026-04-22
兆豐桃園,2185.0,1000,2000,700M,2345,2026-04-22
兆豐桃鶯,2150.0,1000,0,700U,2345,2026-04-22
兆豐桃園,2210.0,0,1000,700M,2345,2026-04-22
兆豐復興,2165.0,10,0,700p,2345,2026-04-22
兆豐南京,2190.0,50,0,700P,2345,2026-04-22
兆豐南京,2235.0,0,10,700P,2345,2026-04-22
兆豐寶成,2175.0,10,0,700r,2345,2026-04-22
兆豐小港,2180.0,2,0,700R,2345,2026-04-22
兆豐岡山,2165.0,5,0,700s,2345,2026-04-22
兆豐岡山,2215.0,0,10,700s,2345,2026-04-22
兆豐桃園,2230.0,1000,0,700M,2345,2026-04-22
兆豐高雄,2210.0,2000,0,700Z,2345,2026-04-22
兆豐高雄,2230.0,1001,0,700Z,2345,2026-04-22
致和佳里,2185.0,0,5,7032,2345,2026-04-22
國票敦北,2190.0,1000,1000,779c,2345,2026-04-22
國票敦北,2240.0,0,5,779c,2345,2026-04-22
國票台南,2145.0,1000,0,779D,2345,2026-04-22
國票台南,2180.0,0,303,779D,2345,2026-04-22
國票南科,2170.0,0,3,779e,2345,2026-04-22
國票南科,2235.0,0,3,779e,2345,2026-04-22
國票新莊,2150.0,200,0,779G,2345,2026-04-22
國票敦北,2175.0,0,1000,779c,2345,2026-04-22
國票和平,2150.0,1000,0,779j,2345,2026-04-22
國票和平,2180.0,1000,0,779j,2345,2026-04-22
國票和平,2225.0,2000,0,779j,2345,2026-04-22
國票北高,2160.0,1000,0,779J,2345,2026-04-22
國票北高,2190.0,0,5,779J,2345,2026-04-22
國票中港,2190.0,1,0,779m,2345,2026-04-22
國票中港,2210.0,10,1,779m,2345,2026-04-22
國票九鼎,2155.0,1000,0,779P,2345,2026-04-22
國票和平,2170.0,1000,0,779j,2345,2026-04-22
國票敦北,2150.0,1000,0,779c,2345,2026-04-22
國票內壢,2215.0,1,0,7798,2345,2026-04-22
國票內壢,2185.0,2,0,7798,2345,2026-04-22
致和佳里,2220.0,0,10,7032,2345,2026-04-22
致和東門,2170.0,0,1000,7035,2345,2026-04-22
致和高雄,2170.0,10,0,7036,2345,2026-04-22
國票綜合,2150.0,15000,1000,7790,2345,2026-04-22
國票綜合,2175.0,0,46,7790,2345,2026-04-22
國票綜合,2185.0,0,8,7790,2345,2026-04-22
國票綜合,2195.0,0,51,7790,2345,2026-04-22
國票綜合,2210.0,0,123,7790,2345,2026-04-22
國票綜合,2220.0,1000,116,7790,2345,2026-04-22
國票綜合,2230.0,0,129,7790,2345,2026-04-22
國票台東,2160.0,1,0,7791,2345,2026-04-22
國票南港,2195.0,1,0,7795,2345,2026-04-22
國票中正,2155.0,5,0,7797,2345,2026-04-22
國票中正,2175.0,5,0,7797,2345,2026-04-22
國票中正,2195.0,0,1000,7797,2345,2026-04-22
國票中正,2230.0,0,50,7797,2345,2026-04-22
國票中正,2240.0,0,5,7797,2345,2026-04-22
兆豐員林,2210.0,1000,2000,700k,2345,2026-04-22
兆豐員林,2190.0,1000,0,700k,2345,2026-04-22
兆豐公益,2195.0,0,1000,700J,2345,2026-04-22
兆豐公益,2175.0,10,0,700J,2345,2026-04-22
兆豐,2220.0,0,10,7000,2345,2026-04-22
兆豐,2230.0,0,1000,7000,2345,2026-04-22
兆豐嘉義,2180.0,0,1,7001,2345,2026-04-22
兆豐嘉義,2200.0,0,1000,7001,2345,2026-04-22
兆豐台中,2170.0,0,10,7003,2345,2026-04-22
兆豐台中,2215.0,1000,0,7003,2345,2026-04-22
兆豐中港,2160.0,1000,0,7005,2345,2026-04-22
兆豐,2210.0,1000,10,7000,2345,2026-04-22
兆豐中港,2190.0,25,0,7005,2345,2026-04-22
兆豐中港,2230.0,0,10,7005,2345,2026-04-22
兆豐台南,2155.0,30,0,7006,2345,2026-04-22
兆豐台南,2190.0,0,100,7006,2345,2026-04-22
兆豐台南,2225.0,10,0,7006,2345,2026-04-22
兆豐台南,2240.0,2,0,7006,2345,2026-04-22
兆豐竹北,2180.0,65,0,7007,2345,2026-04-22
兆豐竹北,2190.0,0,6,7007,2345,2026-04-22
兆豐中港,2210.0,0,1000,7005,2345,2026-04-22
兆豐,2195.0,0,20,7000,2345,2026-04-22
兆豐,2180.0,20,50,7000,2345,2026-04-22
兆豐,2170.0,1000,40,7000,2345,2026-04-22
口袋,2150.0,1025,0,6620,2345,2026-04-22
口袋,2160.0,1,1,6620,2345,2026-04-22
口袋,2170.0,45,1,6620,2345,2026-04-22
口袋,2180.0,107,0,6620,2345,2026-04-22
口袋,2190.0,15,14,6620,2345,2026-04-22
口袋,2200.0,25,1,6620,2345,2026-04-22
口袋,2215.0,10,0,6620,2345,2026-04-22
口袋,2225.0,10,0,6620,2345,2026-04-22
口袋,2235.0,1,0,6620,2345,2026-04-22
口袋,2245.0,0,1,6620,2345,2026-04-22
德信,2250.0,20,0,6910,2345,2026-04-22
德信新營,2165.0,2,0,6913,2345,2026-04-22
德信新營,2195.0,1,0,6913,2345,2026-04-22
德信和平,2155.0,1000,0,6915,2345,2026-04-22
德信和平,2220.0,0,30,6915,2345,2026-04-22
福勝,2220.0,0,10,6950,2345,2026-04-22
福勝,2245.0,0,5,6950,2345,2026-04-22
兆豐竹北,2215.0,0,100,7007,2345,2026-04-22
統一城中,2200.0,8000,0,5854,2345,2026-04-22
兆豐竹北,2225.0,5,0,7007,2345,2026-04-22
兆豐忠孝,2165.0,150,0,700a,2345,2026-04-22
兆豐麻豆,2160.0,2,0,700G,2345,2026-04-22
兆豐麻豆,2185.0,102,0,700G,2345,2026-04-22
兆豐麻豆,2210.0,4,0,700G,2345,2026-04-22
兆豐麻豆,2235.0,0,2,700G,2345,2026-04-22
兆豐三民,2190.0,6,0,700h,2345,2026-04-22
兆豐三民,2220.0,10,1000,700h,2345,2026-04-22
兆豐三民,2240.0,0,1,700h,2345,2026-04-22
兆豐南門,2230.0,10,0,700g,2345,2026-04-22
兆豐東門,2170.0,0,20,700H,2345,2026-04-22
兆豐松德,2190.0,50,0,700i,2345,2026-04-22
兆豐松德,2205.0,1000,0,700i,2345,2026-04-22
兆豐北高,2220.0,1,0,700I,2345,2026-04-22
兆豐北高,2250.0,2,0,700I,2345,2026-04-22
兆豐大安,2175.0,0,1000,700j,2345,2026-04-22
兆豐公益,2150.0,1001,0,700J,2345,2026-04-22
兆豐公益,2160.0,1000,0,700J,2345,2026-04-22
兆豐松德,2165.0,5,0,700i,2345,2026-04-22
兆豐南門,2165.0,10,0,700g,2345,2026-04-22
兆豐虎尾,2250.0,1,0,700F,2345,2026-04-22
兆豐虎尾,2235.0,1,0,700F,2345,2026-04-22
兆豐忠孝,2195.0,1,0,700a,2345,2026-04-22
兆豐忠孝,2215.0,2,0,700a,2345,2026-04-22
兆豐忠孝,2230.0,0,50,700a,2345,2026-04-22
兆豐中壢,2190.0,18,0,700b,2345,2026-04-22
兆豐板橋,2150.0,2000,0,700B,2345,2026-04-22
兆豐板橋,2170.0,5,0,700B,2345,2026-04-22
兆豐板橋,2205.0,0,1000,700B,2345,2026-04-22
兆豐板橋,2215.0,50,100,700B,2345,2026-04-22
兆豐民生,2155.0,10,0,700c,2345,2026-04-22
兆豐來福,2165.0,1000,0,700C,2345,2026-04-22
兆豐來福,2205.0,10,0,700C,2345,2026-04-22
兆豐來福,2225.0,1020,0,700C,2345,2026-04-22
兆豐來福,2245.0,0,10,700C,2345,2026-04-22
兆豐鹿港,2150.0,2000,0,700f,2345,2026-04-22
兆豐鹿港,2190.0,10,0,700f,2345,2026-04-22
兆豐鹿港,2220.0,0,50,700f,2345,2026-04-22
兆豐虎尾,2210.0,1,0,700F,2345,2026-04-22
兆豐三重,2220.0,0,20,7008,2345,2026-04-22
統一城中,2190.0,2000,2000,5854,2345,2026-04-22
統一城中,2170.0,1000,0,5854,2345,2026-04-22
統一城中,2160.0,0,5,5854,2345,2026-04-22
臺銀金山,2240.0,0,1,104D,2345,2026-04-22
臺銀金山,2250.0,7,4,104D,2345,2026-04-22
企銀台中,2195.0,0,10,1111,2345,2026-04-22
企銀台南,2190.0,5000,0,1112,2345,2026-04-22
企銀台南,2210.0,2000,0,1112,2345,2026-04-22
企銀太平,2210.0,1000,0,1115,2345,2026-04-22
企銀太平,2230.0,0,1000,1115,2345,2026-04-22
臺銀金山,2230.0,1,10,104D,2345,2026-04-22
企銀豐原,2150.0,50,0,1118,2345,2026-04-22
企銀岡山,2190.0,20,0,1119,2345,2026-04-22
企銀岡山,2210.0,50,0,1119,2345,2026-04-22
企銀埔墘,2150.0,1,0,111G,2345,2026-04-22
企銀埔墘,2170.0,1,0,111G,2345,2026-04-22
彰銀,2180.0,50,0,1230,2345,2026-04-22
彰銀七賢,2190.0,15,0,1232,2345,2026-04-22
彰銀台中,2200.0,0,1000,1233,2345,2026-04-22
企銀豐原,2195.0,100,0,1118,2345,2026-04-22
彰銀台中,2235.0,100,0,1233,2345,2026-04-22
臺銀金山,2220.0,1,41,104D,2345,2026-04-22
臺銀金山,2190.0,104,0,104D,2345,2026-04-22
臺銀臺中,2190.0,6,0,104A,2345,2026-04-22
臺銀臺中,2200.0,10,0,104A,2345,2026-04-22
臺銀臺中,2215.0,4,2000,104A,2345,2026-04-22
臺銀臺中,2230.0,10,1000,104A,2345,2026-04-22
臺銀臺中,2245.0,30,0,104A,2345,2026-04-22
臺銀高雄,2155.0,20,0,104C,2345,2026-04-22
臺銀高雄,2165.0,1,0,104C,2345,2026-04-22
臺銀金山,2210.0,0,6,104D,2345,2026-04-22
臺銀高雄,2180.0,3008,0,104C,2345,2026-04-22
臺銀高雄,2205.0,25,1000,104C,2345,2026-04-22
臺銀高雄,2215.0,100,0,104C,2345,2026-04-22
臺銀高雄,2225.0,25,1000,104C,2345,2026-04-22
臺銀高雄,2235.0,5,500,104C,2345,2026-04-22
臺銀金山,2155.0,2,0,104D,2345,2026-04-22
臺銀金山,2165.0,5,0,104D,2345,2026-04-22
臺銀金山,2180.0,2,0,104D,2345,2026-04-22
臺銀高雄,2190.0,64,0,104C,2345,2026-04-22
彰銀台中,2245.0,0,45,1233,2345,2026-04-22
宏遠,2155.0,1000,0,1260,2345,2026-04-22
宏遠,2165.0,3000,0,1260,2345,2026-04-22
港麥格理,2220.0,1000,0,1360,2345,2026-04-22
港麥格理,2230.0,900,1000,1360,2345,2026-04-22
美林,2135.0,1000,0,1440,2345,2026-04-22
美林,2155.0,2000,7000,1440,2345,2026-04-22
美林,2165.0,44000,21000,1440,2345,2026-04-22
美林,2175.0,4000,3000,1440,2345,2026-04-22
美林,2185.0,52000,42000,1440,2345,2026-04-22
港麥格理,2205.0,0,2000,1360,2345,2026-04-22
美林,2195.0,11000,3000,1440,2345,2026-04-22
美林,2215.0,23000,19000,1440,2345,2026-04-22
美林,2225.0,12000,6000,1440,2345,2026-04-22
美林,2240.0,2000,10000,1440,2345,2026-04-22
台灣摩根,2130.0,1000,2000,1470,2345,2026-04-22
台灣摩根,2145.0,1000,8000,1470,2345,2026-04-22
台灣摩根,2155.0,0,7000,1470,2345,2026-04-22
台灣摩根,2165.0,12000,30000,1470,2345,2026-04-22
美林,2205.0,16000,12000,1440,2345,2026-04-22
港麥格理,2190.0,1000,4000,1360,2345,2026-04-22
港麥格理,2180.0,5000,0,1360,2345,2026-04-22
港麥格理,2150.0,1000,2000,1360,2345,2026-04-22
宏遠,2175.0,1000,0,1260,2345,2026-04-22
宏遠,2190.0,0,1000,1260,2345,2026-04-22
宏遠,2210.0,2000,0,1260,2345,2026-04-22
宏遠,2225.0,5000,1000,1260,2345,2026-04-22
宏遠民生,2155.0,1000,0,1261,2345,2026-04-22
宏遠民生,2180.0,0,2000,1261,2345,2026-04-22
宏遠民生,2190.0,0,2000,1261,2345,2026-04-22
宏遠桃園,2150.0,50,0,1262,2345,2026-04-22
宏遠桃園,2200.0,50,0,1262,2345,2026-04-22
宏遠台南,2220.0,0,10,126D,2345,2026-04-22
宏遠光隆,2195.0,5,0,126i,2345,2026-04-22
宏遠台中,2155.0,45,0,126L,2345,2026-04-22
宏遠台中,2165.0,10,0,126L,2345,2026-04-22
宏遠台中,2175.0,14,0,126L,2345,2026-04-22
宏遠台中,2215.0,0,10,126L,2345,2026-04-22
宏遠館前,2165.0,1000,0,126U,2345,2026-04-22
宏遠館前,2235.0,0,1015,126U,2345,2026-04-22
臺銀臺中,2175.0,0,1,104A,2345,2026-04-22
臺銀臺中,2165.0,1005,0,104A,2345,2026-04-22
臺銀臺中,2155.0,4,0,104A,2345,2026-04-22
臺銀新竹,2245.0,0,1000,1045,2345,2026-04-22
合庫基隆,2170.0,30,0,1025,2345,2026-04-22
合庫彰化,2170.0,25,0,1028,2345,2026-04-22
合庫彰化,2190.0,0,1000,1028,2345,2026-04-22
合庫彰化,2230.0,0,1,1028,2345,2026-04-22
合庫鳳山,2195.0,60,0,1029,2345,2026-04-22
合庫新竹,2165.0,100,0,102A,2345,2026-04-22
合庫新竹,2175.0,10,0,102A,2345,2026-04-22
合庫嘉義,2225.0,1000,0,1024,2345,2026-04-22
合庫新竹,2195.0,0,1,102A,2345,2026-04-22
合庫新竹,2240.0,1000,0,102A,2345,2026-04-22
合庫自強,2185.0,30,0,102C,2345,2026-04-22
合庫自強,2195.0,0,100,102C,2345,2026-04-22
合庫自強,2225.0,0,1000,102C,2345,2026-04-22
合庫桃園,2160.0,5,0,102E,2345,2026-04-22
合庫桃園,2175.0,110,0,102E,2345,2026-04-22
合庫桃園,2195.0,5,0,102E,2345,2026-04-22
合庫新竹,2225.0,10,0,102A,2345,2026-04-22
合庫嘉義,2195.0,1000,0,1024,2345,2026-04-22
合庫嘉義,2170.0,0,1000,1024,2345,2026-04-22
合庫高雄,2240.0,0,1000,1023,2345,2026-04-22
合庫,2185.0,10,1000,1020,2345,2026-04-22
合庫,2195.0,0,227,1020,2345,2026-04-22
合庫,2210.0,10025,0,1020,2345,2026-04-22
合庫,2220.0,6000,0,1020,2345,2026-04-22
合庫,2230.0,7000,125,1020,2345,2026-04-22
合庫,2240.0,1000,0,1020,2345,2026-04-22
合庫台中,2150.0,2,0,1021,2345,2026-04-22
合庫台中,2170.0,100,0,1021,2345,2026-04-22
合庫台中,2190.0,50,0,1021,2345,2026-04-22
合庫台中,2200.0,110,0,1021,2345,2026-04-22
合庫台中,2230.0,10,1000,1021,2345,2026-04-22
合庫台南,2150.0,5,0,1022,2345,2026-04-22
合庫台南,2195.0,10,0,1022,2345,2026-04-22
合庫台南,2210.0,20,0,1022,2345,2026-04-22
合庫高雄,2165.0,1000,0,1023,2345,2026-04-22
合庫高雄,2185.0,5,0,1023,2345,2026-04-22
合庫高雄,2215.0,100,0,1023,2345,2026-04-22
合庫桃園,2250.0,15,0,102E,2345,2026-04-22
台灣摩根,2175.0,1000,5000,1470,2345,2026-04-22
合庫西台,2160.0,2,0,102F,2345,2026-04-22
合庫西台,2200.0,0,7,102F,2345,2026-04-22
臺銀臺南,2165.0,0,300,1042,2345,2026-04-22
臺銀臺南,2185.0,1000,0,1042,2345,2026-04-22
臺銀臺南,2195.0,0,9,1042,2345,2026-04-22
臺銀臺南,2225.0,30,0,1042,2345,2026-04-22
臺銀臺南,2240.0,0,20,1042,2345,2026-04-22
臺銀民權,2150.0,5000,0,1043,2345,2026-04-22
臺銀民權,2170.0,0,1,1043,2345,2026-04-22
臺銀,2230.0,6,0,1040,2345,2026-04-22
臺銀民權,2195.0,0,1,1043,2345,2026-04-22
臺銀民權,2220.0,2,0,1043,2345,2026-04-22
臺銀民權,2250.0,0,20,1043,2345,2026-04-22
臺銀新竹,2160.0,1004,0,1045,2345,2026-04-22
臺銀新竹,2170.0,5,0,1045,2345,2026-04-22
臺銀新竹,2180.0,0,30,1045,2345,2026-04-22
臺銀新竹,2195.0,1032,0,1045,2345,2026-04-22
臺銀新竹,2210.0,0,3000,1045,2345,2026-04-22
臺銀民權,2210.0,40,1,1043,2345,2026-04-22
臺銀,2210.0,10,1000,1040,2345,2026-04-22
臺銀,2200.0,10,1,1040,2345,2026-04-22
臺銀,2190.0,21,0,1040,2345,2026-04-22
合庫西台,2250.0,0,1000,102F,2345,2026-04-22
合庫三重,2170.0,0,10,102G,2345,2026-04-22
土銀,2175.0,2000,0,1030,2345,2026-04-22
土銀,2215.0,5,0,1030,2345,2026-04-22
土銀台中,2220.0,0,10,1031,2345,2026-04-22
土銀台南,2230.0,100,0,1032,2345,2026-04-22
土銀高雄,2160.0,1000,0,1033,2345,2026-04-22
土銀高雄,2245.0,0,50,1033,2345,2026-04-22
土銀嘉義,2175.0,0,150,1034,2345,2026-04-22
土銀玉里,2165.0,300,0,1036,2345,2026-04-22
土銀玉里,2190.0,100,0,1036,2345,2026-04-22
土銀彰化,2150.0,1000,0,103B,2345,2026-04-22
土銀彰化,2170.0,50,0,103B,2345,2026-04-22
土銀彰化,2240.0,0,1000,103B,2345,2026-04-22
土銀白河,2165.0,1000,0,103C,2345,2026-04-22
土銀白河,2230.0,0,1000,103C,2345,2026-04-22
臺銀,2170.0,10,0,1040,2345,2026-04-22
合庫西台,2190.0,10,1000,102F,2345,2026-04-22
國票九鼎,2170.0,0,1000,779P,2345,2026-04-22
台灣摩根,2185.0,9000,22000,1470,2345,2026-04-22
台灣摩根,2205.0,6000,5000,1470,2345,2026-04-22
第一光復,2230.0,0,1,538C,2345,2026-04-22
第一光復,2245.0,0,1000,538C,2345,2026-04-22
第一忠孝,2160.0,100,0,538D,2345,2026-04-22
第一忠孝,2185.0,4,1000,538D,2345,2026-04-22
第一忠孝,2200.0,5,0,538D,2345,2026-04-22
第一忠孝,2210.0,1140,0,538D,2345,2026-04-22
第一忠孝,2225.0,0,10,538D,2345,2026-04-22
第一光復,2220.0,0,1002,538C,2345,2026-04-22
第一忠孝,2235.0,0,1,538D,2345,2026-04-22
第一自由,2190.0,20,0,538E,2345,2026-04-22
第一自由,2205.0,5,0,538E,2345,2026-04-22
第一自由,2225.0,0,10,538E,2345,2026-04-22
第一稻埕,2170.0,21,0,538F,2345,2026-04-22
第一稻埕,2190.0,1,0,538F,2345,2026-04-22
第一稻埕,2215.0,1,0,538F,2345,2026-04-22
第一頭份,2190.0,20,0,538I,2345,2026-04-22
第一自由,2155.0,50,0,538E,2345,2026-04-22
第一頭份,2240.0,0,10,538I,2345,2026-04-22
第一光復,2210.0,200,0,538C,2345,2026-04-22
第一光復,2180.0,3002,0,538C,2345,2026-04-22
第一彰化,2170.0,20,0,5386,2345,2026-04-22
第一彰化,2215.0,0,7,5386,2345,2026-04-22
第一澎湖,2200.0,1000,0,5387,2345,2026-04-22
第一中山,2150.0,1000,0,5389,2345,2026-04-22
第一中山,2215.0,0,2,5389,2345,2026-04-22
第一中山,2235.0,1,0,5389,2345,2026-04-22
第一新興,2145.0,0,1000,538A,2345,2026-04-22
第一光復,2190.0,114,0,538C,2345,2026-04-22
第一新興,2220.0,10,0,538A,2345,2026-04-22
第一新竹,2195.0,0,25,538B,2345,2026-04-22
第一新竹,2215.0,1,1000,538B,2345,2026-04-22
第一新竹,2225.0,0,10,538B,2345,2026-04-22
第一新竹,2240.0,1,0,538B,2345,2026-04-22
第一新竹,2250.0,10,0,538B,2345,2026-04-22
第一光復,2150.0,0,1000,538C,2345,2026-04-22
第一光復,2170.0,1000,0,538C,2345,2026-04-22
第一新竹,2150.0,50,0,538B,2345,2026-04-22
第一嘉義,2150.0,20,0,538M,2345,2026-04-22
第一嘉義,2235.0,0,10,538M,2345,2026-04-22
第一豐原,2155.0,15,0,538N,2345,2026-04-22
統一,2185.0,0,50,5850,2345,2026-04-22
統一,2195.0,0,2002,5850,2345,2026-04-22
統一,2205.0,3100,1100,5850,2345,2026-04-22
統一,2215.0,1040,1002,5850,2345,2026-04-22
統一,2225.0,1100,2000,5850,2345,2026-04-22
統一,2235.0,50,1000,5850,2345,2026-04-22
統一,2245.0,450,0,5850,2345,2026-04-22
統一,2175.0,102,100,5850,2345,2026-04-22
統一高雄,2160.0,5,0,5851,2345,2026-04-22
統一敦南,2180.0,20,0,5852,2345,2026-04-22
統一敦南,2215.0,10,0,5852,2345,2026-04-22
統一中壢,2165.0,0,1000,5853,2345,2026-04-22
統一中壢,2180.0,1000,0,5853,2345,2026-04-22
統一中壢,2195.0,90,0,5853,2345,2026-04-22
統一中壢,2230.0,0,1000,5853,2345,2026-04-22
統一城中,2130.0,1000,0,5854,2345,2026-04-22
統一敦南,2170.0,20,0,5852,2345,2026-04-22
統一,2165.0,1000,1450,5850,2345,2026-04-22
統一,2155.0,0,100,5850,2345,2026-04-22
統一,2140.0,0,1000,5850,2345,2026-04-22
第一豐原,2165.0,10,0,538N,2345,2026-04-22
第一豐原,2190.0,10,0,538N,2345,2026-04-22
第一路竹,2150.0,1000,0,538P,2345,2026-04-22
第一路竹,2170.0,0,2,538P,2345,2026-04-22
第一路竹,2185.0,0,1000,538P,2345,2026-04-22
第一路竹,2205.0,5,0,538P,2345,2026-04-22
第一華江,2160.0,5,0,538W,2345,2026-04-22
第一華江,2185.0,0,1000,538W,2345,2026-04-22
第一華江,2200.0,5,0,538W,2345,2026-04-22
第一華江,2220.0,1000,0,538W,2345,2026-04-22
第一華江,2235.0,1,0,538W,2345,2026-04-22
第一中壢,2170.0,30,0,538Y,2345,2026-04-22
第一中壢,2215.0,0,3000,538Y,2345,2026-04-22
寶盛,2175.0,0,1000,5460,2345,2026-04-22
永興,2180.0,2,0,5600,2345,2026-04-22
永興大墩,2225.0,1000,0,5604,2345,2026-04-22
日進,2230.0,3,0,5660,2345,2026-04-22
第一桃園,2210.0,0,1000,5385,2345,2026-04-22
第一桃園,2165.0,0,1000,5385,2345,2026-04-22
第一桃園,2150.0,1,0,5385,2345,2026-04-22
第一台南,2230.0,121,100,5384,2345,2026-04-22
花旗環球,2185.0,17000,2000,1590,2345,2026-04-22
花旗環球,2195.0,4000,2000,1590,2345,2026-04-22
花旗環球,2205.0,6000,0,1590,2345,2026-04-22
花旗環球,2215.0,2000,0,1590,2345,2026-04-22
花旗環球,2225.0,5000,2000,1590,2345,2026-04-22
花旗環球,2235.0,0,1000,1590,2345,2026-04-22
瑞銀,2135.0,0,4000,1650,2345,2026-04-22
花旗環球,2175.0,3000,3000,1590,2345,2026-04-22
瑞銀,2145.0,0,13000,1650,2345,2026-04-22
瑞銀,2165.0,1000,26000,1650,2345,2026-04-22
瑞銀,2175.0,2000,18050,1650,2345,2026-04-22
瑞銀,2185.0,1000,17000,1650,2345,2026-04-22
瑞銀,2195.0,0,4000,1650,2345,2026-04-22
瑞銀,2205.0,10000,20000,1650,2345,2026-04-22
瑞銀,2215.0,10000,12000,1650,2345,2026-04-22
瑞銀,2225.0,4000,34000,1650,2345,2026-04-22
瑞銀,2155.0,0,5000,1650,2345,2026-04-22
花旗環球,2165.0,3000,19000,1590,2345,2026-04-22
花旗環球,2155.0,3000,0,1590,2345,2026-04-22
港商野村,2245.0,1000,0,1560,2345,2026-04-22
台灣摩根,2215.0,8000,14000,1470,2345,2026-04-22
台灣摩根,2225.0,2000,10000,1470,2345,2026-04-22
台灣摩根,2240.0,0,12000,1470,2345,2026-04-22
美商高盛,2135.0,0,3000,1480,2345,2026-04-22
美商高盛,2145.0,6000,1000,1480,2345,2026-04-22
美商高盛,2155.0,7000,36000,1480,2345,2026-04-22
美商高盛,2165.0,36000,19000,1480,2345,2026-04-22
美商高盛,2175.0,25000,30000,1480,2345,2026-04-22
美商高盛,2185.0,35000,5000,1480,2345,2026-04-22
美商高盛,2195.0,12000,12000,1480,2345,2026-04-22
美商高盛,2205.0,18000,21000,1480,2345,2026-04-22
美商高盛,2215.0,8000,11000,1480,2345,2026-04-22
美商高盛,2225.0,45000,20000,1480,2345,2026-04-22
美商高盛,2240.0,17000,2000,1480,2345,2026-04-22
港商野村,2150.0,0,5000,1560,2345,2026-04-22
港商野村,2175.0,1000,0,1560,2345,2026-04-22
港商野村,2185.0,1000,0,1560,2345,2026-04-22
瑞銀,2235.0,36444,0,1650,2345,2026-04-22
台灣摩根,2195.0,6191,3000,1470,2345,2026-04-22
瑞銀,2245.0,0,1000,1650,2345,2026-04-22
亞東,2190.0,0,1000,2180,2345,2026-04-22
高橋龍潭,2215.0,20,0,5321,2345,2026-04-22
高橋中壢,2215.0,0,35,5322,2345,2026-04-22
高橋內壢,2230.0,50,0,5323,2345,2026-04-22
第一金證,2170.0,1011,0,5380,2345,2026-04-22
第一金證,2195.0,16,0,5380,2345,2026-04-22
第一金證,2220.0,1000,0,5380,2345,2026-04-22
第一金證,2235.0,0,1000,5380,2345,2026-04-22
高橋,2220.0,90,10,5320,2345,2026-04-22
第一員林,2230.0,0,70,5381,2345,2026-04-22
第一高雄,2170.0,2000,0,5383,2345,2026-04-22
第一高雄,2190.0,1000,0,5383,2345,2026-04-22
第一高雄,2205.0,0,5,5383,2345,2026-04-22
第一高雄,2225.0,0,5,5383,2345,2026-04-22
第一高雄,2245.0,0,5,5383,2345,2026-04-22
第一台南,2155.0,100,0,5384,2345,2026-04-22
第一台南,2215.0,0,15,5384,2345,2026-04-22
第一台中,2195.0,100,0,5382,2345,2026-04-22
高橋,2190.0,0,150,5320,2345,2026-04-22
高橋,2180.0,15,0,5320,2345,2026-04-22
高橋,2150.0,100,0,5320,2345,2026-04-22
亞東,2220.0,0,1000,2180,2345,2026-04-22
亞東板橋,2180.0,1000,0,2181,2345,2026-04-22
亞東板橋,2200.0,0,1,2181,2345,2026-04-22
亞東新竹,2160.0,1000,9,2184,2345,2026-04-22
亞東新竹,2190.0,0,1000,2184,2345,2026-04-22
亞東新竹,2205.0,0,1000,2184,2345,2026-04-22
亞東新竹,2215.0,5,1000,2184,2345,2026-04-22
亞東高雄,2160.0,25,0,2186,2345,2026-04-22
亞東台中,2160.0,500,0,2187,2345,2026-04-22
大展,2215.0,5,0,5050,2345,2026-04-22
美好蘆洲,2190.0,0,10,5261,2345,2026-04-22
美好楊梅,2155.0,10,0,5262,2345,2026-04-22
美好楊梅,2210.0,1000,0,5262,2345,2026-04-22
美好中壢,2180.0,50,0,5266,2345,2026-04-22
美好富順,2150.0,3000,0,526K,2345,2026-04-22
美好富順,2180.0,2000,2000,526K,2345,2026-04-22
美好富順,2190.0,0,500,526K,2345,2026-04-22
亞東,2160.0,10,0,2180,2345,2026-04-22
凱基中壢,2195.0,30,0,9285,2345,2026-04-22
國票九鼎,2195.0,0,1000,779P,2345,2026-04-22
國票桃園,2210.0,1000,0,779r,2345,2026-04-22
群益永和,2245.0,0,40,918J,2345,2026-04-22
群益東湖,2165.0,1000,0,918K,2345,2026-04-22
群益東湖,2230.0,10,0,918K,2345,2026-04-22
群益建成,2170.0,20,0,918L,2345,2026-04-22
群益建成,2200.0,5,0,918L,2345,2026-04-22
群益嘉義,2170.0,1000,1000,918M,2345,2026-04-22
群益嘉義,2210.0,20,1000,918M,2345,2026-04-22
群益永和,2235.0,0,100,918J,2345,2026-04-22
群益天母,2230.0,33,0,918P,2345,2026-04-22
群益丹鳳,2190.0,0,1020,918s,2345,2026-04-22
群益丹鳳,2210.0,1000,0,918s,2345,2026-04-22
群益丹鳳,2230.0,0,1000,918s,2345,2026-04-22
群益瑞豐,2155.0,100,0,918u,2345,2026-04-22
群益瑞豐,2175.0,100,0,918u,2345,2026-04-22
群益瑞豐,2205.0,100,0,918u,2345,2026-04-22
群益忠孝,2180.0,2,0,918W,2345,2026-04-22
群益丹鳳,2165.0,1000,0,918s,2345,2026-04-22
群益延平,2150.0,3000,1000,918x,2345,2026-04-22
群益永和,2205.0,20,0,918J,2345,2026-04-22
群益竹南,2180.0,1,0,918i,2345,2026-04-22
群益內湖,2215.0,0,100,918d,2345,2026-04-22
群益東門,2175.0,1035,0,918D,2345,2026-04-22
群益東門,2200.0,10,0,918D,2345,2026-04-22
群益東門,2210.0,0,1000,918D,2345,2026-04-22
群益大安,2200.0,1000,0,918e,2345,2026-04-22
群益南京,2180.0,10,0,918E,2345,2026-04-22
群益南京,2210.0,0,1000,918E,2345,2026-04-22
群益永和,2185.0,50,0,918J,2345,2026-04-22
群益新店,2190.0,0,115,918F,2345,2026-04-22
群益大甲,2155.0,20,0,918g,2345,2026-04-22
群益大甲,2210.0,1000,0,918g,2345,2026-04-22
群益新莊,2150.0,100,0,918G,2345,2026-04-22
群益新莊,2190.0,5,100,918G,2345,2026-04-22
群益新莊,2220.0,0,100,918G,2345,2026-04-22
群益新莊,2240.0,10,0,918G,2345,2026-04-22
群益中山,2150.0,1000,0,918H,2345,2026-04-22
群益新店,2230.0,0,2000,918F,2345,2026-04-22
群益延平,2165.0,0,10,918x,2345,2026-04-22
群益延平,2180.0,1000,0,918x,2345,2026-04-22
群益台北,2215.0,1000,0,918X,2345,2026-04-22
凱基三重,2210.0,1000,0,9205,2345,2026-04-22
凱基高雄,2145.0,0,1000,9206,2345,2026-04-22
凱基高雄,2155.0,50,0,9206,2345,2026-04-22
凱基高雄,2165.0,1,0,9206,2345,2026-04-22
凱基高雄,2200.0,15,0,9206,2345,2026-04-22
凱基永和,2195.0,30,0,9207,2345,2026-04-22
凱基桃園,2150.0,1100,0,9208,2345,2026-04-22
凱基三重,2170.0,23,0,9205,2345,2026-04-22
凱基桃園,2165.0,5,0,9208,2345,2026-04-22
凱基桃園,2195.0,1000,0,9208,2345,2026-04-22
凱基桃園,2225.0,10,0,9208,2345,2026-04-22
凱基岡山,2160.0,5,0,9209,2345,2026-04-22
凱基岡山,2210.0,1,0,9209,2345,2026-04-22
凱基岡山,2245.0,18,0,9209,2345,2026-04-22
凱基板橋,2160.0,1010,0,920A,2345,2026-04-22
凱基板橋,2180.0,10,0,920A,2345,2026-04-22
凱基桃園,2175.0,10,0,9208,2345,2026-04-22
凱基台中,2250.0,0,2,9204,2345,2026-04-22
凱基台中,2230.0,1000,1000,9204,2345,2026-04-22
凱基台中,2190.0,0,60,9204,2345,2026-04-22
群益宜蘭,2225.0,0,1000,918z,2345,2026-04-22
凱基,2150.0,12000,0,9200,2345,2026-04-22
凱基,2165.0,0,1000,9200,2345,2026-04-22
凱基,2175.0,0,1000,9200,2345,2026-04-22
凱基,2185.0,3000,1000,9200,2345,2026-04-22
凱基,2195.0,2,0,9200,2345,2026-04-22
凱基,2205.0,0,1000,9200,2345,2026-04-22
凱基,2215.0,1000,0,9200,2345,2026-04-22
凱基,2225.0,2000,0,9200,2345,2026-04-22
凱基,2235.0,1000,0,9200,2345,2026-04-22
凱基中港,2150.0,1010,0,9202,2345,2026-04-22
凱基中港,2180.0,65,0,9202,2345,2026-04-22
凱基中港,2190.0,2000,0,9202,2345,2026-04-22
凱基中港,2205.0,10,40,9202,2345,2026-04-22
凱基中港,2215.0,30,0,9202,2345,2026-04-22
凱基中港,2250.0,0,10,9202,2345,2026-04-22
凱基台中,2170.0,15,0,9204,2345,2026-04-22
群益古亭,2250.0,50,0,918C,2345,2026-04-22
凱基板橋,2220.0,0,3,920A,2345,2026-04-22
群益古亭,2230.0,0,50,918C,2345,2026-04-22
群益古亭,2185.0,1000,0,918C,2345,2026-04-22
群益東大,2190.0,30,0,9135,2345,2026-04-22
群益東大,2210.0,10,0,9135,2345,2026-04-22
群益東大,2220.0,5,6,9135,2345,2026-04-22
群益東大,2230.0,0,1,9135,2345,2026-04-22
群益西松,2200.0,100,0,9136,2345,2026-04-22
群益士林,2150.0,1010,0,9137,2345,2026-04-22
群益士林,2215.0,0,50,9137,2345,2026-04-22
群益東大,2180.0,10,0,9135,2345,2026-04-22
群益中港,2215.0,1,0,9138,2345,2026-04-22
群益潭子,2210.0,0,1000,913D,2345,2026-04-22
群益基隆,2220.0,0,5,913E,2345,2026-04-22
群益三重,2160.0,1000,0,913g,2345,2026-04-22
群益三重,2185.0,0,1000,913g,2345,2026-04-22
群益三重,2210.0,0,1022,913g,2345,2026-04-22
群益三重,2235.0,0,25,913g,2345,2026-04-22
群益屏東,2160.0,10,0,913H,2345,2026-04-22
群益潭子,2190.0,1000,0,913D,2345,2026-04-22
群益屏東,2200.0,13,0,913H,2345,2026-04-22
群益東大,2155.0,10,0,9135,2345,2026-04-22
群益開元,2170.0,1,0,9134,2345,2026-04-22
群益敦南,2210.0,0,10,9101,2345,2026-04-22
群益松山,2175.0,0,3000,9103,2345,2026-04-22
群益松山,2185.0,2000,0,9103,2345,2026-04-22
群益高盛,2170.0,1000,0,9105,2345,2026-04-22
群益海山,2145.0,1000,0,9108,2345,2026-04-22
群益海山,2185.0,1000,0,9108,2345,2026-04-22
群益海山,2200.0,0,100,9108,2345,2026-04-22
群益開元,2230.0,5,0,9134,2345,2026-04-22
群益海山,2215.0,1000,0,9108,2345,2026-04-22
群益市府,2160.0,0,2000,910D,2345,2026-04-22
群益市府,2185.0,0,1,910D,2345,2026-04-22
群益市府,2210.0,0,1000,910D,2345,2026-04-22
群益市府,2225.0,1000,0,910D,2345,2026-04-22
群益市府,2240.0,0,1000,910D,2345,2026-04-22
群益民權,2185.0,1000,0,9131,2345,2026-04-22
群益民權,2210.0,0,1,9131,2345,2026-04-22
群益海山,2230.0,1000,0,9108,2345,2026-04-22
群益土城,2220.0,5,0,913N,2345,2026-04-22
群益北高,2165.0,0,100,913R,2345,2026-04-22
群益北高,2225.0,0,15,913R,2345,2026-04-22
群益彰化,2150.0,1010,0,9187,2345,2026-04-22
群益彰化,2165.0,10,0,9187,2345,2026-04-22
群益彰化,2190.0,1000,0,9187,2345,2026-04-22
群益三民,2130.0,0,1000,9188,2345,2026-04-22
群益三民,2215.0,0,10,9188,2345,2026-04-22
群益中壢,2150.0,1005,0,918A,2345,2026-04-22
群益中壢,2165.0,46,0,918A,2345,2026-04-22
群益新竹,2245.0,0,2,9186,2345,2026-04-22
群益中壢,2200.0,0,20,918A,2345,2026-04-22
群益板橋,2150.0,1,0,918B,2345,2026-04-22
群益板橋,2205.0,0,1000,918B,2345,2026-04-22
群益鳳山,2155.0,2,0,918c,2345,2026-04-22
群益鳳山,2170.0,0,2,918c,2345,2026-04-22
群益鳳山,2210.0,0,1000,918c,2345,2026-04-22
群益古亭,2160.0,1,0,918C,2345,2026-04-22
群益古亭,2175.0,1,0,918C,2345,2026-04-22
群益中壢,2215.0,0,13,918A,2345,2026-04-22
群益新竹,2215.0,0,53,9186,2345,2026-04-22
群益新竹,2175.0,10,12,9186,2345,2026-04-22
群益台南,2175.0,0,1000,9185,2345,2026-04-22
群益崇德,2160.0,0,1000,913U,2345,2026-04-22
群益崇德,2185.0,0,1000,913U,2345,2026-04-22
群益崇德,2205.0,10,0,913U,2345,2026-04-22
群益館前,2170.0,0,6,913Y,2345,2026-04-22
群益館前,2185.0,10,0,913Y,2345,2026-04-22
群益館前,2250.0,0,10,913Y,2345,2026-04-22
群益高雄,2150.0,2,0,9183,2345,2026-04-22
群益高雄,2190.0,1000,0,9183,2345,2026-04-22
群益高雄,2215.0,20,20,9183,2345,2026-04-22
群益台中,2160.0,0,10,9184,2345,2026-04-22
群益台中,2170.0,0,80,9184,2345,2026-04-22
群益台中,2180.0,0,50,9184,2345,2026-04-22
群益台中,2195.0,0,104,9184,2345,2026-04-22
群益台中,2210.0,10,40,9184,2345,2026-04-22
群益台中,2220.0,10,0,9184,2345,2026-04-22
群益台中,2230.0,1,0,9184,2345,2026-04-22
群益台南,2150.0,1000,0,9185,2345,2026-04-22
群益古亭,2205.0,1002,50,918C,2345,2026-04-22
凱基板橋,2245.0,0,30,920A,2345,2026-04-22
凱基雙和,2160.0,2,0,920C,2345,2026-04-22
凱基雙和,2175.0,2,0,920C,2345,2026-04-22
凱基敦北,2200.0,20,0,9237,2345,2026-04-22
凱基士林,2175.0,10,0,9238,2345,2026-04-22
凱基士林,2215.0,0,20,9238,2345,2026-04-22
凱基市政,2145.0,1000,0,9239,2345,2026-04-22
凱基市政,2165.0,0,1000,9239,2345,2026-04-22
凱基市政,2190.0,1002,5,9239,2345,2026-04-22
凱基市政,2200.0,10,0,9239,2345,2026-04-22
凱基虎尾,2215.0,100,0,9236,2345,2026-04-22
凱基市政,2215.0,0,20,9239,2345,2026-04-22
凱基嘉義,2180.0,1000,2,9252,2345,2026-04-22
凱基嘉義,2200.0,0,4,9252,2345,2026-04-22
凱基科園,2210.0,0,1,9254,2345,2026-04-22
凱基科園,2230.0,100,0,9254,2345,2026-04-22
凱基和平,2130.0,1000,0,9255,2345,2026-04-22
凱基和平,2185.0,0,1000,9255,2345,2026-04-22
凱基和平,2200.0,0,1000,9255,2345,2026-04-22
凱基嘉義,2155.0,10,0,9252,2345,2026-04-22
凱基和平,2210.0,0,1,9255,2345,2026-04-22
凱基永華,2250.0,0,100,9235,2345,2026-04-22
凱基永華,2190.0,1,0,9235,2345,2026-04-22
凱基城中,2210.0,10,0,9227,2345,2026-04-22
凱基城中,2230.0,35,11,9227,2345,2026-04-22
凱基城中,2240.0,50,0,9227,2345,2026-04-22
凱基中山,2170.0,17,0,9229,2345,2026-04-22
凱基中山,2195.0,5,0,9229,2345,2026-04-22
凱基屏東,2165.0,20,0,922C,2345,2026-04-22
凱基屏東,2210.0,0,4,922C,2345,2026-04-22
凱基永華,2210.0,0,10,9235,2345,2026-04-22
凱基屏東,2225.0,10,2,922C,2345,2026-04-22
凱基長庚,2165.0,1000,0,9233,2345,2026-04-22
凱基長庚,2190.0,0,2100,9233,2345,2026-04-22
凱基長庚,2215.0,1,0,9233,2345,2026-04-22
凱基竹北,2165.0,1,0,9234,2345,2026-04-22
凱基竹北,2190.0,0,151,9234,2345,2026-04-22
凱基竹北,2215.0,1,0,9234,2345,2026-04-22
凱基竹北,2235.0,0,1,9234,2345,2026-04-22
凱基員林,2235.0,0,1000,9231,2345,2026-04-22
凱基和平,2220.0,1040,0,9255,2345,2026-04-22
凱基南崁,2175.0,20,0,9256,2345,2026-04-22
凱基南崁,2200.0,20,5,9256,2345,2026-04-22
凱基竹科,2165.0,10,10,9272,2345,2026-04-22
凱基竹科,2180.0,1,0,9272,2345,2026-04-22
凱基竹科,2210.0,120,0,9272,2345,2026-04-22
凱基竹科,2250.0,0,56,9272,2345,2026-04-22
凱基竹東,2165.0,0,15,9273,2345,2026-04-22
凱基竹東,2210.0,0,1,9273,2345,2026-04-22
凱基鳳山,2165.0,30,0,9274,2345,2026-04-22
凱基台北,2240.0,2000,37000,9268,2345,2026-04-22
凱基鳳山,2190.0,1,0,9274,2345,2026-04-22
凱基鳳山,2215.0,250,0,9274,2345,2026-04-22
凱基苗栗,2160.0,10,0,9276,2345,2026-04-22
台新安南,2165.0,0,15,9B2Z,2345,2026-04-22
凱基永康,2230.0,5,0,9278,2345,2026-04-22
凱基斗六,2190.0,50,0,9281,2345,2026-04-22
凱基北門,2165.0,2,0,9283,2345,2026-04-22
凱基北門,2235.0,0,100,9283,2345,2026-04-22
凱基鳳山,2205.0,200,0,9274,2345,2026-04-22
凱基台北,2230.0,18000,26002,9268,2345,2026-04-22
凱基台北,2220.0,0,54000,9268,2345,2026-04-22
凱基台北,2210.0,45000,73100,9268,2345,2026-04-22
凱基南崁,2220.0,1,0,9256,2345,2026-04-22
凱基林口,2160.0,0,25,9257,2345,2026-04-22
凱基林口,2185.0,0,1000,9257,2345,2026-04-22
凱基林口,2220.0,120,0,9257,2345,2026-04-22
凱基新豐,2160.0,1010,0,9266,2345,2026-04-22
凱基新豐,2170.0,0,1000,9266,2345,2026-04-22
凱基新豐,2185.0,10,0,9266,2345,2026-04-22
凱基新豐,2195.0,10,0,9266,2345,2026-04-22
凱基新豐,2220.0,30,1000,9266,2345,2026-04-22
凱基新豐,2230.0,30,0,9266,2345,2026-04-22
凱基台北,2140.0,0,7000,9268,2345,2026-04-22
凱基台北,2150.0,47000,66000,9268,2345,2026-04-22
凱基台北,2160.0,27000,6000,9268,2345,2026-04-22
凱基台北,2170.0,39003,38000,9268,2345,2026-04-22
凱基台北,2180.0,15000,52000,9268,2345,2026-04-22
凱基台北,2190.0,15000,42000,9268,2345,2026-04-22
凱基台北,2200.0,24000,25000,9268,2345,2026-04-22
凱基城中,2200.0,60,1,9227,2345,2026-04-22
凱基城中,2185.0,0,1,9227,2345,2026-04-22
凱基城中,2175.0,1,0,9227,2345,2026-04-22
凱基城中,2165.0,60,0,9227,2345,2026-04-22
凱基基隆,2180.0,1005,0,920H,2345,2026-04-22
凱基基隆,2215.0,600,0,920H,2345,2026-04-22
凱基基隆,2230.0,0,1010,920H,2345,2026-04-22
凱基宜蘭,2160.0,1000,0,920M,2345,2026-04-22
凱基宜蘭,2200.0,1000,0,920M,2345,2026-04-22
凱基宜蘭,2210.0,20,1000,920M,2345,2026-04-22
凱基湖口,2165.0,20,0,920N,2345,2026-04-22
凱基基隆,2170.0,0,50,920H,2345,2026-04-22
凱基湖口,2210.0,20,1000,920N,2345,2026-04-22
凱基新店,2190.0,90,0,920V,2345,2026-04-22
凱基新店,2220.0,0,2,920V,2345,2026-04-22
凱基大里,2190.0,50,0,920W,2345,2026-04-22
凱基大里,2230.0,510,0,920W,2345,2026-04-22
凱基台東,2230.0,10,0,920Z,2345,2026-04-22
凱基台南,2155.0,1001,0,9211,2345,2026-04-22
凱基台南,2165.0,0,1000,9211,2345,2026-04-22
凱基湖口,2235.0,10,0,920N,2345,2026-04-22
凱基彰化,2220.0,0,110,920G,2345,2026-04-22
凱基彰化,2200.0,0,30,920G,2345,2026-04-22
凱基彰化,2150.0,1000,0,920G,2345,2026-04-22
凱基雙和,2190.0,2,0,920C,2345,2026-04-22
凱基雙和,2200.0,4,4,920C,2345,2026-04-22
凱基雙和,2215.0,4,0,920C,2345,2026-04-22
凱基雙和,2225.0,0,4,920C,2345,2026-04-22
凱基雙和,2250.0,0,2,920C,2345,2026-04-22
凱基市府,2160.0,1000,0,920D,2345,2026-04-22
凱基市府,2190.0,0,2005,920D,2345,2026-04-22
凱基市府,2215.0,1000,0,920D,2345,2026-04-22
凱基市府,2230.0,0,2000,920D,2345,2026-04-22
凱基市府,2240.0,0,2000,920D,2345,2026-04-22
凱基站前,2140.0,2000,0,920F,2345,2026-04-22
凱基站前,2155.0,57,0,920F,2345,2026-04-22
凱基站前,2165.0,5,0,920F,2345,2026-04-22
凱基站前,2180.0,100,0,920F,2345,2026-04-22
凱基站前,2190.0,23,2000,920F,2345,2026-04-22
凱基站前,2205.0,320,0,920F,2345,2026-04-22
凱基站前,2225.0,1,0,920F,2345,2026-04-22
凱基台南,2195.0,10,0,9211,2345,2026-04-22
群益敦南,2160.0,0,10,9101,2345,2026-04-22
凱基台南,2210.0,1000,0,9211,2345,2026-04-22
凱基東港,2170.0,1,0,9212,2345,2026-04-22
凱基土城,2225.0,0,10000,921J,2345,2026-04-22
凱基土城,2245.0,0,10000,921J,2345,2026-04-22
凱基八德,2200.0,0,1000,921M,2345,2026-04-22
凱基新莊,2155.0,10,0,921S,2345,2026-04-22
凱基新莊,2175.0,5,6,921S,2345,2026-04-22
凱基新莊,2190.0,3,0,921S,2345,2026-04-22
凱基新莊,2210.0,313,0,921S,2345,2026-04-22
凱基五股,2160.0,30,0,921G,2345,2026-04-22
凱基東勢,2150.0,0,1,921Y,2345,2026-04-22
凱基東勢,2235.0,3000,0,921Y,2345,2026-04-22
凱基豐中,2165.0,10,0,9223,2345,2026-04-22
凱基豐中,2180.0,20,0,9223,2345,2026-04-22
凱基豐中,2205.0,30,0,9223,2345,2026-04-22
凱基豐中,2230.0,10,0,9223,2345,2026-04-22
凱基汐止,2205.0,1000,0,9226,2345,2026-04-22
凱基汐止,2215.0,0,1000,9226,2345,2026-04-22
凱基東勢,2170.0,5,0,921Y,2345,2026-04-22
凱基三峽,2240.0,1000,0,921E,2345,2026-04-22
凱基三峽,2180.0,1000,0,921E,2345,2026-04-22
凱基民權,2235.0,1,0,921C,2345,2026-04-22
凱基高美,2160.0,3000,0,9215,2345,2026-04-22
凱基高美,2190.0,0,1000,9215,2345,2026-04-22
凱基高美,2205.0,1000,0,9215,2345,2026-04-22
凱基高美,2230.0,5,0,9215,2345,2026-04-22
凱基高美,2245.0,0,6,9215,2345,2026-04-22
凱基信義,2215.0,0,3,9216,2345,2026-04-22
凱基松山,2165.0,20,0,9217,2345,2026-04-22
凱基松山,2180.0,70,0,9217,2345,2026-04-22
凱基松山,2205.0,5,0,9217,2345,2026-04-22
凱基松山,2225.0,5,0,9217,2345,2026-04-22
凱基大直,2160.0,2,0,9218,2345,2026-04-22
凱基大直,2175.0,20,0,9218,2345,2026-04-22
凱基大直,2235.0,0,2,9218,2345,2026-04-22
凱基民權,2160.0,100,0,921C,2345,2026-04-22
凱基民權,2175.0,1000,0,921C,2345,2026-04-22
凱基民權,2190.0,1,0,921C,2345,2026-04-22
凱基民權,2215.0,0,2,921C,2345,2026-04-22
凱基台南,2230.0,1000,0,9211,2345,2026-04-22
群益,2245.0,0,30,9100,2345,2026-04-22
群益,2230.0,5001,1000,9100,2345,2026-04-22
群益,2215.0,2000,1000,9100,2345,2026-04-22
聯邦,2200.0,0,6000,8580,2345,2026-04-22
聯邦,2215.0,2000,0,8580,2345,2026-04-22
聯邦,2225.0,2000,0,8580,2345,2026-04-22
聯邦,2235.0,1000,0,8580,2345,2026-04-22
聯邦,2245.0,1000,0,8580,2345,2026-04-22
聯邦忠孝,2225.0,0,2,8583,2345,2026-04-22
聯邦雙和,2150.0,5,0,8584,2345,2026-04-22
新光桃園,2230.0,100,2001,8565,2345,2026-04-22
聯邦雙和,2165.0,20,0,8584,2345,2026-04-22
聯邦雙和,2215.0,0,1,8584,2345,2026-04-22
聯邦三重,2220.0,0,2000,8585,2345,2026-04-22
聯邦大業,2180.0,0,1000,8586,2345,2026-04-22
聯邦興中,2220.0,1,0,8587,2345,2026-04-22
陽信石牌,2200.0,10,0,8711,2345,2026-04-22
陽信台南,2145.0,2000,0,8714,2345,2026-04-22
陽信台南,2195.0,0,1000,8714,2345,2026-04-22
聯邦雙和,2190.0,0,1,8584,2345,2026-04-22
玉山,2155.0,94,0,8840,2345,2026-04-22
新光桃園,2210.0,35,100,8565,2345,2026-04-22
新光桃園,2185.0,2,0,8565,2345,2026-04-22
新光新竹,2200.0,0,2005,8563,2345,2026-04-22
新光新竹,2210.0,1055,30,8563,2345,2026-04-22
新光新竹,2220.0,423,1,8563,2345,2026-04-22
新光新竹,2230.0,2000,100,8563,2345,2026-04-22
新光新竹,2240.0,1000,0,8563,2345,2026-04-22
新光新竹,2250.0,1010,0,8563,2345,2026-04-22
新光台南,2150.0,2011,0,8564,2345,2026-04-22
新光桃園,2200.0,5,0,8565,2345,2026-04-22
新光台南,2170.0,5,0,8564,2345,2026-04-22
新光台南,2190.0,0,1002,8564,2345,2026-04-22
新光台南,2210.0,2000,0,8564,2345,2026-04-22
新光台南,2220.0,1,2000,8564,2345,2026-04-22
新光台南,2245.0,0,1000,8564,2345,2026-04-22
新光桃園,2150.0,1,0,8565,2345,2026-04-22
新光桃園,2160.0,32,0,8565,2345,2026-04-22
新光桃園,2175.0,1,0,8565,2345,2026-04-22
新光台南,2180.0,10,11,8564,2345,2026-04-22
玉山,2175.0,35,0,8840,2345,2026-04-22
玉山,2190.0,2212,0,8840,2345,2026-04-22
玉山,2210.0,2001,1001,8840,2345,2026-04-22
玉山板橋,2155.0,10,0,8846,2345,2026-04-22
玉山板橋,2165.0,2000,0,8846,2345,2026-04-22
玉山板橋,2190.0,0,1000,8846,2345,2026-04-22
玉山板橋,2200.0,0,1000,8846,2345,2026-04-22
玉山板橋,2225.0,0,1000,8846,2345,2026-04-22
玉山板橋,2235.0,16,0,8846,2345,2026-04-22
玉山台南,2140.0,1000,0,8847,2345,2026-04-22
玉山高雄,2230.0,1,9,8843,2345,2026-04-22
玉山台南,2150.0,1000,0,8847,2345,2026-04-22
玉山台南,2220.0,120,110,8847,2345,2026-04-22
玉山嘉義,2155.0,1,0,8848,2345,2026-04-22
玉山嘉義,2180.0,6,0,8848,2345,2026-04-22
玉山嘉義,2195.0,0,21,8848,2345,2026-04-22
玉山嘉義,2220.0,1,10,8848,2345,2026-04-22
玉山景美,2170.0,100,0,8849,2345,2026-04-22
玉山景美,2220.0,5,0,8849,2345,2026-04-22
玉山台南,2200.0,40,1000,8847,2345,2026-04-22
玉山高雄,2220.0,310,2,8843,2345,2026-04-22
玉山高雄,2210.0,5,1020,8843,2345,2026-04-22
玉山高雄,2195.0,0,110,8843,2345,2026-04-22
玉山,2230.0,1010,1115,8840,2345,2026-04-22
玉山,2250.0,0,1,8840,2345,2026-04-22
大昌,2225.0,0,100,6460,2345,2026-04-22
玉山雙和,2190.0,11,0,8841,2345,2026-04-22
玉山雙和,2210.0,0,1000,8841,2345,2026-04-22
玉山雙和,2225.0,10,2,8841,2345,2026-04-22
玉山雙和,2240.0,200,0,8841,2345,2026-04-22
玉山新莊,2150.0,6,5,8842,2345,2026-04-22
玉山新莊,2170.0,5,0,8842,2345,2026-04-22
玉山新莊,2185.0,150,1000,8842,2345,2026-04-22
玉山新莊,2200.0,115,0,8842,2345,2026-04-22
玉山新莊,2210.0,0,11,8842,2345,2026-04-22
玉山新莊,2230.0,1,0,8842,2345,2026-04-22
玉山新莊,2250.0,100,0,8842,2345,2026-04-22
玉山高雄,2155.0,21,0,8843,2345,2026-04-22
玉山高雄,2170.0,30,1000,8843,2345,2026-04-22
玉山高雄,2180.0,1000,0,8843,2345,2026-04-22
新光新竹,2190.0,1010,10,8563,2345,2026-04-22
新光新竹,2180.0,3008,3000,8563,2345,2026-04-22
新光新竹,2160.0,1001,0,8563,2345,2026-04-22
新光高雄,2245.0,100,0,8562,2345,2026-04-22
摩根大通,2225.0,20243,10120,8440,2345,2026-04-22
摩根大通,2235.0,7078,2001,8440,2345,2026-04-22
摩根大通,2245.0,0,2697,8440,2345,2026-04-22
康和,2150.0,1000,0,8450,2345,2026-04-22
康和,2230.0,3000,0,8450,2345,2026-04-22
康和台中,2155.0,0,1000,8455,2345,2026-04-22
康和台中,2190.0,0,1000,8455,2345,2026-04-22
摩根大通,2215.0,10316,12233,8440,2345,2026-04-22
康和新竹,2150.0,3,0,8456,2345,2026-04-22
康和內湖,2155.0,12,0,845A,2345,2026-04-22
康和內湖,2230.0,20,0,845A,2345,2026-04-22
康和永和,2210.0,0,10,845B,2345,2026-04-22
康和板橋,2230.0,1,1,845D,2345,2026-04-22
康和澎湖,2205.0,10,0,845E,2345,2026-04-22
康和澎湖,2225.0,10,0,845E,2345,2026-04-22
康和仁愛,2135.0,3000,0,845F,2345,2026-04-22
康和嘉義,2150.0,20,0,8459,2345,2026-04-22
摩根大通,2205.0,25830,22011,8440,2345,2026-04-22
摩根大通,2195.0,1000,661,8440,2345,2026-04-22
摩根大通,2185.0,40062,25000,8440,2345,2026-04-22
國票台中,2150.0,1000,0,779v,2345,2026-04-22
國票台中,2190.0,0,63,779v,2345,2026-04-22
國票台中,2200.0,0,1000,779v,2345,2026-04-22
國票天祥,2215.0,100,0,779V,2345,2026-04-22
國票彰化,2180.0,0,46,779W,2345,2026-04-22
國票彰化,2220.0,10,0,779W,2345,2026-04-22
國票中和,2250.0,0,10,779X,2345,2026-04-22
國票博愛,2170.0,0,1000,779z,2345,2026-04-22
國票博愛,2185.0,0,1000,779z,2345,2026-04-22
國票博愛,2195.0,0,30,779z,2345,2026-04-22
國票博愛,2230.0,5,0,779z,2345,2026-04-22
國票安和,2210.0,15,50,779Z,2345,2026-04-22
安泰大發,2235.0,0,50,8381,2345,2026-04-22
摩根大通,2145.0,1000,3000,8440,2345,2026-04-22
摩根大通,2155.0,2411,6000,8440,2345,2026-04-22
摩根大通,2165.0,18313,13000,8440,2345,2026-04-22
摩根大通,2175.0,10020,10135,8440,2345,2026-04-22
康和仁愛,2155.0,0,3000,845F,2345,2026-04-22
玉山士林,2150.0,1000,0,884A,2345,2026-04-22
康和仁愛,2175.0,1000,0,845F,2345,2026-04-22
康和仁愛,2205.0,20000,0,845F,2345,2026-04-22
新光台中,2165.0,1050,1000,8561,2345,2026-04-22
新光台中,2180.0,20,1,8561,2345,2026-04-22
新光台中,2190.0,1206,0,8561,2345,2026-04-22
新光台中,2200.0,10,0,8561,2345,2026-04-22
新光台中,2210.0,0,50,8561,2345,2026-04-22
新光台中,2225.0,5,2,8561,2345,2026-04-22
新光台中,2235.0,53,0,8561,2345,2026-04-22
新光台中,2155.0,20,0,8561,2345,2026-04-22
新光台中,2250.0,1,0,8561,2345,2026-04-22
新光高雄,2160.0,7,1000,8562,2345,2026-04-22
新光高雄,2170.0,17,10,8562,2345,2026-04-22
新光高雄,2190.0,1000,1002,8562,2345,2026-04-22
新光高雄,2205.0,1000,0,8562,2345,2026-04-22
新光高雄,2215.0,30,1051,8562,2345,2026-04-22
新光高雄,2225.0,501,25,8562,2345,2026-04-22
新光高雄,2235.0,0,1020,8562,2345,2026-04-22
新光高雄,2150.0,1020,0,8562,2345,2026-04-22
新光,2250.0,110,3,8560,2345,2026-04-22
新光,2240.0,1000,1020,8560,2345,2026-04-22
新光,2225.0,2000,1120,8560,2345,2026-04-22
康和仁愛,2220.0,0,20000,845F,2345,2026-04-22
康和高雄,2200.0,6,0,845J,2345,2026-04-22
康和石牌,2230.0,0,30,845R,2345,2026-04-22
康和台北,2155.0,10,0,845U,2345,2026-04-22
康和台北,2230.0,1050,0,845U,2345,2026-04-22
京城嘉義,2150.0,1000,0,8492,2345,2026-04-22
京城嘉義,2170.0,20,0,8492,2345,2026-04-22
京城嘉義,2215.0,0,10,8492,2345,2026-04-22
京城嘉義,2230.0,0,1000,8492,2345,2026-04-22
新光,2145.0,1000,0,8560,2345,2026-04-22
新光,2155.0,3006,0,8560,2345,2026-04-22
新光,2165.0,2001,1100,8560,2345,2026-04-22
新光,2175.0,0,1000,8560,2345,2026-04-22
新光,2185.0,4013,6000,8560,2345,2026-04-22
新光,2195.0,224,12,8560,2345,2026-04-22
新光,2205.0,3042,0,8560,2345,2026-04-22
新光,2215.0,17,2036,8560,2345,2026-04-22
康和仁愛,2190.0,0,1010,845F,2345,2026-04-22
國票九鼎,2230.0,100,0,779P,2345,2026-04-22
玉山士林,2160.0,200,0,884A,2345,2026-04-22
玉山士林,2210.0,0,1000,884A,2345,2026-04-22
國泰桃園,2195.0,0,2,8885,2345,2026-04-22
國泰桃園,2210.0,40,70,8885,2345,2026-04-22
國泰桃園,2220.0,10,105,8885,2345,2026-04-22
國泰桃園,2230.0,1104,52,8885,2345,2026-04-22
國泰桃園,2240.0,1000,0,8885,2345,2026-04-22
國泰新莊,2170.0,1,2000,8886,2345,2026-04-22
國泰新莊,2180.0,35,0,8886,2345,2026-04-22
國泰桃園,2185.0,5,9,8885,2345,2026-04-22
國泰新莊,2195.0,1,0,8886,2345,2026-04-22
國泰新莊,2230.0,50,10000,8886,2345,2026-04-22
國泰忠孝,2170.0,1001,0,8887,2345,2026-04-22
國泰忠孝,2185.0,1001,1000,8887,2345,2026-04-22
國泰忠孝,2210.0,200,0,8887,2345,2026-04-22
國泰忠孝,2220.0,10,0,8887,2345,2026-04-22
國泰忠孝,2245.0,2,0,8887,2345,2026-04-22
國泰敦南,2155.0,4469,1,8888,2345,2026-04-22
國泰新莊,2220.0,0,5,8886,2345,2026-04-22
國泰敦南,2165.0,548,3017,8888,2345,2026-04-22
國泰桃園,2175.0,2,0,8885,2345,2026-04-22
國泰桃園,2155.0,85,0,8885,2345,2026-04-22
國泰台中,2230.0,55,3000,8882,2345,2026-04-22
國泰台中,2240.0,5,0,8882,2345,2026-04-22
國泰台中,2250.0,2,20,8882,2345,2026-04-22
國泰松江,2155.0,100,0,8883,2345,2026-04-22
國泰松江,2165.0,8,0,8883,2345,2026-04-22
國泰松江,2175.0,2,0,8883,2345,2026-04-22
國泰松江,2185.0,30,1000,8883,2345,2026-04-22
國泰桃園,2165.0,1051,1015,8885,2345,2026-04-22
國泰松江,2195.0,0,10,8883,2345,2026-04-22
國泰松江,2250.0,5,25,8883,2345,2026-04-22
國泰台南,2155.0,55,0,8884,2345,2026-04-22
國泰台南,2175.0,1200,5,8884,2345,2026-04-22
國泰台南,2185.0,1003,0,8884,2345,2026-04-22
國泰台南,2200.0,0,1002,8884,2345,2026-04-22
國泰台南,2215.0,1,15,8884,2345,2026-04-22
國泰台南,2230.0,9,102,8884,2345,2026-04-22
國泰松江,2210.0,50,10,8883,2345,2026-04-22
國泰敦南,2175.0,4182,30,8888,2345,2026-04-22
國泰敦南,2185.0,3040,3075,8888,2345,2026-04-22
國泰敦南,2195.0,1171,1126,8888,2345,2026-04-22
國泰板橋,2210.0,3,4501,888K,2345,2026-04-22
國泰板橋,2220.0,13,2664,888K,2345,2026-04-22
國泰板橋,2230.0,0,2510,888K,2345,2026-04-22
國泰板橋,2240.0,0,2000,888K,2345,2026-04-22
國泰板橋,2250.0,0,12,888K,2345,2026-04-22
法銀巴黎,2150.0,0,7000,8900,2345,2026-04-22
法銀巴黎,2175.0,0,1000,8900,2345,2026-04-22
國泰板橋,2200.0,18,2000,888K,2345,2026-04-22
法銀巴黎,2200.0,0,9000,8900,2345,2026-04-22
群益,2135.0,1000,0,9100,2345,2026-04-22
群益,2150.0,5000,2000,9100,2345,2026-04-22
群益,2160.0,100,4000,9100,2345,2026-04-22
群益,2170.0,0,1000,9100,2345,2026-04-22
群益,2185.0,3000,2003,9100,2345,2026-04-22
群益,2195.0,100,1090,9100,2345,2026-04-22
群益,2205.0,0,2150,9100,2345,2026-04-22
上海匯豐,2200.0,0,14000,8960,2345,2026-04-22
國泰板橋,2190.0,32,114,888K,2345,2026-04-22
國泰板橋,2180.0,235,113,888K,2345,2026-04-22
國泰板橋,2170.0,5,5,888K,2345,2026-04-22
國泰敦南,2205.0,173,159,8888,2345,2026-04-22
國泰敦南,2215.0,312,294,8888,2345,2026-04-22
國泰敦南,2225.0,210,52,8888,2345,2026-04-22
國泰敦南,2235.0,1154,1061,8888,2345,2026-04-22
國泰敦南,2245.0,46,1166,8888,2345,2026-04-22
國泰館前,2150.0,1052,1000,888A,2345,2026-04-22
國泰館前,2160.0,24,5,888A,2345,2026-04-22
國泰館前,2170.0,62,0,888A,2345,2026-04-22
國泰館前,2180.0,1003,1008,888A,2345,2026-04-22
國泰館前,2190.0,33,62,888A,2345,2026-04-22
國泰館前,2200.0,1,1000,888A,2345,2026-04-22
國泰館前,2210.0,110,1100,888A,2345,2026-04-22
國泰館前,2220.0,36,0,888A,2345,2026-04-22
國泰館前,2230.0,25,1049,888A,2345,2026-04-22
國泰館前,2245.0,0,10,888A,2345,2026-04-22
國泰板橋,2150.0,2101,0,888K,2345,2026-04-22
國泰板橋,2160.0,500,0,888K,2345,2026-04-22
國泰台中,2220.0,3,10,8882,2345,2026-04-22
國泰台中,2210.0,0,12,8882,2345,2026-04-22
國泰台中,2195.0,10,1000,8882,2345,2026-04-22
國泰台中,2185.0,103,1005,8882,2345,2026-04-22
玉山左營,2220.0,1001,0,884D,2345,2026-04-22
玉山左營,2240.0,0,1000,884D,2345,2026-04-22
玉山城中,2165.0,0,1,884E,2345,2026-04-22
玉山城中,2175.0,4,0,884E,2345,2026-04-22
玉山城中,2185.0,1000,1,884E,2345,2026-04-22
玉山城中,2195.0,101,1000,884E,2345,2026-04-22
玉山城中,2205.0,1,2000,884E,2345,2026-04-22
玉山左營,2205.0,0,5,884D,2345,2026-04-22
玉山城中,2215.0,550,2,884E,2345,2026-04-22
玉山城中,2235.0,0,20,884E,2345,2026-04-22
玉山桃園,2160.0,100,0,884F,2345,2026-04-22
玉山桃園,2170.0,2,0,884F,2345,2026-04-22
玉山桃園,2180.0,2,0,884F,2345,2026-04-22
玉山桃園,2190.0,1,0,884F,2345,2026-04-22
玉山桃園,2205.0,1000,0,884F,2345,2026-04-22
玉山桃園,2215.0,1,10,884F,2345,2026-04-22
玉山城中,2225.0,5,0,884E,2345,2026-04-22
玉山左營,2195.0,2,0,884D,2345,2026-04-22
玉山左營,2180.0,1005,0,884D,2345,2026-04-22
玉山左營,2165.0,2000,0,884D,2345,2026-04-22
玉山士林,2235.0,2,0,884A,2345,2026-04-22
玉山台中,2155.0,1000,0,884B,2345,2026-04-22
玉山台中,2165.0,10,0,884B,2345,2026-04-22
玉山台中,2175.0,51,0,884B,2345,2026-04-22
玉山台中,2185.0,1000,3000,884B,2345,2026-04-22
玉山台中,2195.0,1000,1,884B,2345,2026-04-22
玉山台中,2210.0,20,0,884B,2345,2026-04-22
玉山台中,2220.0,30,1003,884B,2345,2026-04-22
玉山台中,2235.0,0,1008,884B,2345,2026-04-22
玉山信義,2150.0,2001,0,884C,2345,2026-04-22
玉山信義,2175.0,0,2000,884C,2345,2026-04-22
玉山信義,2205.0,1,0,884C,2345,2026-04-22
玉山信義,2215.0,0,1,884C,2345,2026-04-22
玉山信義,2225.0,4,0,884C,2345,2026-04-22
玉山信義,2235.0,0,1,884C,2345,2026-04-22
玉山左營,2140.0,1000,0,884D,2345,2026-04-22
玉山左營,2155.0,1000,0,884D,2345,2026-04-22
玉山桃園,2225.0,2,16,884F,2345,2026-04-22
玉山士林,2185.0,1000,0,884A,2345,2026-04-22
玉山桃園,2235.0,100,0,884F,2345,2026-04-22
玉山新竹,2185.0,1000,0,884H,2345,2026-04-22
國泰綜合,2215.0,20006,3000,8880,2345,2026-04-22
國泰綜合,2225.0,5,5000,8880,2345,2026-04-22
國泰綜合,2235.0,3,3200,8880,2345,2026-04-22
國泰綜合,2245.0,10,0,8880,2345,2026-04-22
國泰高雄,2150.0,4,0,8881,2345,2026-04-22
國泰高雄,2160.0,6,0,8881,2345,2026-04-22
國泰高雄,2170.0,0,20,8881,2345,2026-04-22
國泰綜合,2205.0,2,9000,8880,2345,2026-04-22
國泰高雄,2180.0,120,0,8881,2345,2026-04-22
國泰高雄,2200.0,1000,1000,8881,2345,2026-04-22
國泰高雄,2210.0,1000,1001,8881,2345,2026-04-22
國泰高雄,2220.0,2,6,8881,2345,2026-04-22
國泰高雄,2230.0,2043,0,8881,2345,2026-04-22
國泰台中,2155.0,1,0,8882,2345,2026-04-22
國泰台中,2165.0,21,0,8882,2345,2026-04-22
國泰台中,2175.0,24,0,8882,2345,2026-04-22
國泰高雄,2190.0,1010,2000,8881,2345,2026-04-22
國泰綜合,2195.0,6,1000,8880,2345,2026-04-22
國泰綜合,2185.0,3,32000,8880,2345,2026-04-22
國泰綜合,2175.0,16,3000,8880,2345,2026-04-22
玉山新竹,2200.0,100,1001,884H,2345,2026-04-22
玉山新竹,2215.0,0,1000,884H,2345,2026-04-22
玉山新竹,2225.0,100,1000,884H,2345,2026-04-22
玉山新竹,2235.0,0,1000,884H,2345,2026-04-22
玉山大里,2160.0,10,0,884J,2345,2026-04-22
玉山大里,2180.0,2000,0,884J,2345,2026-04-22
玉山大里,2195.0,5,90,884J,2345,2026-04-22
玉山大里,2220.0,1,0,884J,2345,2026-04-22
玉山大里,2240.0,0,5,884J,2345,2026-04-22
玉山數位,2150.0,2,0,884M,2345,2026-04-22
玉山數位,2165.0,100,0,884M,2345,2026-04-22
玉山數位,2180.0,1021,25,884M,2345,2026-04-22
玉山數位,2205.0,2,0,884M,2345,2026-04-22
玉山數位,2220.0,30,5,884M,2345,2026-04-22
玉山數位,2245.0,50,0,884M,2345,2026-04-22
國泰綜合,2145.0,0,1000,8880,2345,2026-04-22
國泰綜合,2165.0,0,4000,8880,2345,2026-04-22
玉山新竹,2150.0,1052,0,884H,2345,2026-04-22
台新安南,2215.0,0,1000,9B2Z,2345,2026-04-22
合庫,2235.0,3000,0,1020,2345,2026-04-22
合庫,2180.0,0,100,1020,2345,2026-04-22
華南鶯歌,2210.0,0,5000,9319,2345,2026-04-22
華南林口,2215.0,10,0,9317,2345,2026-04-22
華南林口,2160.0,1000,0,9317,2345,2026-04-22
華南淡水,2180.0,1,1,9316,2345,2026-04-22
華南嘉義,2205.0,1000,0,9314,2345,2026-04-22
華南民權,2210.0,0,1,9312,2345,2026-04-22
華南民權,2190.0,5,0,9312,2345,2026-04-22
華南基隆,2165.0,5,10,9322,2345,2026-04-22
華南古亭,2240.0,100,0,9309,2345,2026-04-22
華南麻豆,2230.0,15,0,9308,2345,2026-04-22
華南麻豆,2205.0,0,1000,9308,2345,2026-04-22
華南麻豆,2190.0,5,0,9308,2345,2026-04-22
華南麻豆,2170.0,1000,0,9308,2345,2026-04-22
華南大安,2225.0,50,0,9307,2345,2026-04-22
華南大安,2170.0,10,0,9307,2345,2026-04-22
華南台南,2225.0,1000,0,9306,2345,2026-04-22
華南古亭,2195.0,0,1,9309,2345,2026-04-22
華南台南,2185.0,0,1000,9306,2345,2026-04-22
華南基隆,2215.0,0,1000,9322,2345,2026-04-22
華南小港,2230.0,0,1,9323,2345,2026-04-22
華南楠梓,2230.0,6,1100,9332,2345,2026-04-22
華南楠梓,2190.0,1000,0,9332,2345,2026-04-22
華南楠梓,2180.0,1,5,9332,2345,2026-04-22
華南楠梓,2170.0,100,0,9332,2345,2026-04-22
華南鳳山,2230.0,1000,3,9331,2345,2026-04-22
華南鳳山,2165.0,3,0,9331,2345,2026-04-22
華南朴子,2180.0,10,0,9329,2345,2026-04-22
華南小港,2195.0,1,0,9323,2345,2026-04-22
華南潮州,2230.0,0,5,9328,2345,2026-04-22
華南南京,2230.0,1200,15,9326,2345,2026-04-22
華南南京,2220.0,3,0,9326,2345,2026-04-22
華南南京,2190.0,2,0,9326,2345,2026-04-22
華南南京,2175.0,0,1,9326,2345,2026-04-22
華南南京,2160.0,100,0,9326,2345,2026-04-22
華南岡山,2240.0,1000,0,9324,2345,2026-04-22
華南岡山,2160.0,5,0,9324,2345,2026-04-22
華南潮州,2180.0,10,0,9328,2345,2026-04-22
華南台南,2160.0,15,0,9306,2345,2026-04-22
華南台南,2150.0,0,1000,9306,2345,2026-04-22
華南高雄,2240.0,0,3,9303,2345,2026-04-22
凱基埔墘,2235.0,100,0,9288,2345,2026-04-22
凱基埔墘,2215.0,20,0,9288,2345,2026-04-22
凱基埔墘,2195.0,20,0,9288,2345,2026-04-22
凱基埔墘,2160.0,80,0,9288,2345,2026-04-22
凱基內湖,2215.0,5,0,9287,2345,2026-04-22
凱基中壢,2250.0,100,0,9285,2345,2026-04-22
凱基中壢,2230.0,0,1000,9285,2345,2026-04-22
凱基興隆,2245.0,1,0,9289,2345,2026-04-22
凱基中壢,2220.0,0,1000,9285,2345,2026-04-22
凱基中壢,2185.0,10,0,9285,2345,2026-04-22
凱基中壢,2140.0,1000,0,9285,2345,2026-04-22
凱基北門,2220.0,20,0,9283,2345,2026-04-22
凱基斗六,2215.0,40,0,9281,2345,2026-04-22
凱基斗六,2160.0,30,0,9281,2345,2026-04-22
凱基永康,2220.0,101,0,9278,2345,2026-04-22
凱基苗栗,2250.0,0,5,9276,2345,2026-04-22
凱基中壢,2200.0,25,1000,9285,2345,2026-04-22
凱基大安,2185.0,0,50,9291,2345,2026-04-22
凱基大安,2210.0,10,0,9291,2345,2026-04-22
凱基大安,2250.0,0,10,9291,2345,2026-04-22
華南高雄,2210.0,0,2000,9303,2345,2026-04-22
華南高雄,2190.0,1005,1000,9303,2345,2026-04-22
華南高雄,2180.0,11,5,9303,2345,2026-04-22
華南高雄,2160.0,2000,0,9303,2345,2026-04-22
華南台中,2230.0,0,1,9302,2345,2026-04-22
華南台中,2195.0,0,200,9302,2345,2026-04-22
華南台中,2175.0,1,0,9302,2345,2026-04-22
華南台中,2160.0,1,0,9302,2345,2026-04-22
華南永昌,2250.0,1,0,9300,2345,2026-04-22
華南永昌,2230.0,21,0,9300,2345,2026-04-22
華南永昌,2215.0,5,10,9300,2345,2026-04-22
華南永昌,2195.0,25,0,9300,2345,2026-04-22
華南永昌,2185.0,0,174,9300,2345,2026-04-22
華南永昌,2175.0,462,0,9300,2345,2026-04-22
華南永昌,2155.0,5,0,9300,2345,2026-04-22
凱基文心,2220.0,5,0,9297,2345,2026-04-22
凱基頭份,2190.0,20,0,9296,2345,2026-04-22
華南長虹,2205.0,1000,0,9333,2345,2026-04-22
凱基鳳山,2250.0,0,1,9274,2345,2026-04-22
華南世貿,2180.0,0,1,9334,2345,2026-04-22
華南竹北,2185.0,10,1000,9339,2345,2026-04-22
富邦台東,2250.0,10,0,9608,2345,2026-04-22
富邦台東,2220.0,0,5,9608,2345,2026-04-22
富邦台東,2190.0,1,0,9608,2345,2026-04-22
富邦陽明,2230.0,0,10,9604,2345,2026-04-22
富邦陽明,2220.0,60,357,9604,2345,2026-04-22
富邦陽明,2210.0,50,1000,9604,2345,2026-04-22
富邦陽明,2195.0,53,0,9604,2345,2026-04-22
富邦基隆,2195.0,10,0,9614,2345,2026-04-22
富邦陽明,2185.0,1100,200,9604,2345,2026-04-22
富邦陽明,2165.0,110,0,9604,2345,2026-04-22
富邦陽明,2150.0,1100,0,9604,2345,2026-04-22
富邦,2250.0,2,0,9600,2345,2026-04-22
富邦,2235.0,11,5000,9600,2345,2026-04-22
富邦,2225.0,3013,2205,9600,2345,2026-04-22
富邦,2215.0,2002,2001,9600,2345,2026-04-22
富邦,2205.0,6001,3602,9600,2345,2026-04-22
富邦陽明,2175.0,2,0,9604,2345,2026-04-22
富邦,2195.0,13000,1000,9600,2345,2026-04-22
富邦基隆,2225.0,0,1000,9614,2345,2026-04-22
富邦岡山,2210.0,112,0,9616,2345,2026-04-22
富邦新板,2215.0,0,12000,961H,2345,2026-04-22
富邦新板,2205.0,200,3001,961H,2345,2026-04-22
富邦新板,2195.0,20,2000,961H,2345,2026-04-22
富邦新板,2175.0,20,0,961H,2345,2026-04-22
富邦新板,2150.0,0,41,961H,2345,2026-04-22
富邦公益,2220.0,0,20,961F,2345,2026-04-22
富邦公益,2210.0,91,50,961F,2345,2026-04-22
富邦岡山,2185.0,1,0,9616,2345,2026-04-22
富邦公益,2190.0,5,0,961F,2345,2026-04-22
富邦南京,2225.0,1,0,961C,2345,2026-04-22
富邦南京,2210.0,1000,0,961C,2345,2026-04-22
富邦南京,2200.0,55,0,961C,2345,2026-04-22
富邦南京,2190.0,21,2010,961C,2345,2026-04-22
富邦南京,2175.0,10,0,961C,2345,2026-04-22
富邦南京,2150.0,1001,0,961C,2345,2026-04-22
富邦岡山,2230.0,1,1,9616,2345,2026-04-22
富邦公益,2160.0,150,0,961F,2345,2026-04-22
富邦,2185.0,3001,0,9600,2345,2026-04-22
富邦,2175.0,3037,0,9600,2345,2026-04-22
富邦,2165.0,1002,39100,9600,2345,2026-04-22
華南中正,2215.0,0,1000,9359,2345,2026-04-22
華南中正,2165.0,1000,0,9359,2345,2026-04-22
華南東勢,2225.0,2000,0,9358,2345,2026-04-22
華南東勢,2170.0,1000,0,9358,2345,2026-04-22
華南桃園,2205.0,1000,0,9352,2345,2026-04-22
華南桃園,2185.0,0,1000,9352,2345,2026-04-22
華南桃園,2175.0,10,0,9352,2345,2026-04-22
華南中正,2235.0,0,1000,9359,2345,2026-04-22
華南桃園,2160.0,20,0,9352,2345,2026-04-22
華南板橋,2185.0,1000,0,9349,2345,2026-04-22
華南敦南,2235.0,1000,0,9347,2345,2026-04-22
華南頭份,2215.0,1,27,9343,2345,2026-04-22
華南頭份,2180.0,3,0,9343,2345,2026-04-22
華南頭份,2165.0,3,0,9343,2345,2026-04-22
華南竹北,2235.0,0,5,9339,2345,2026-04-22
華南竹北,2220.0,0,5,9339,2345,2026-04-22
華南板橋,2230.0,1,0,9349,2345,2026-04-22
華南苗栗,2155.0,1020,0,9362,2345,2026-04-22
華南苗栗,2180.0,0,1000,9362,2345,2026-04-22
華南苗栗,2210.0,10,2000,9362,2345,2026-04-22
富邦,2155.0,1,10100,9600,2345,2026-04-22
富邦,2145.0,0,11000,9600,2345,2026-04-22
華南虎尾,2205.0,100,0,9377,2345,2026-04-22
華南虎尾,2140.0,1000,0,9377,2345,2026-04-22
華南三重,2225.0,1000,0,9369,2345,2026-04-22
華南三重,2215.0,0,1000,9369,2345,2026-04-22
華南三重,2205.0,0,1000,9369,2345,2026-04-22
華南三重,2180.0,2,0,9369,2345,2026-04-22
華南三重,2145.0,1000,0,9369,2345,2026-04-22
華南豐原,2250.0,0,9,9366,2345,2026-04-22
華南豐原,2220.0,2000,0,9366,2345,2026-04-22
華南彰化,2250.0,5,0,9363,2345,2026-04-22
華南彰化,2225.0,5,5,9363,2345,2026-04-22
華南彰化,2210.0,0,2007,9363,2345,2026-04-22
華南彰化,2200.0,0,1000,9363,2345,2026-04-22
華南彰化,2185.0,1000,0,9363,2345,2026-04-22
華南彰化,2155.0,1000,0,9363,2345,2026-04-22
華南竹北,2160.0,0,10,9339,2345,2026-04-22
凱基鳳山,2210.0,0,10,9274,2345,2026-04-22
凱基鳳山,2200.0,1000,0,9274,2345,2026-04-22
凱基鳳山,2170.0,20,0,9274,2345,2026-04-22
凱基松山,2160.0,10,0,9217,2345,2026-04-22
凱基信義,2190.0,0,1,9216,2345,2026-04-22
凱基高美,2235.0,0,10,9215,2345,2026-04-22
凱基高美,2225.0,0,1000,9215,2345,2026-04-22
凱基高美,2195.0,1000,0,9215,2345,2026-04-22
凱基高美,2165.0,2000,0,9215,2345,2026-04-22
凱基東港,2210.0,1,0,9212,2345,2026-04-22
凱基松山,2170.0,3,0,9217,2345,2026-04-22
凱基台南,2240.0,0,1000,9211,2345,2026-04-22
凱基台南,2200.0,0,1000,9211,2345,2026-04-22
凱基台南,2190.0,1000,0,9211,2345,2026-04-22
凱基台南,2160.0,10,1000,9211,2345,2026-04-22
凱基台南,2145.0,1000,0,9211,2345,2026-04-22
凱基台東,2165.0,0,27,920Z,2345,2026-04-22
凱基大里,2195.0,0,1000,920W,2345,2026-04-22
凱基大里,2165.0,1000,0,920W,2345,2026-04-22
凱基台南,2220.0,5,0,9211,2345,2026-04-22
凱基新店,2210.0,1,0,920V,2345,2026-04-22
凱基松山,2190.0,30,0,9217,2345,2026-04-22
凱基大直,2150.0,10,0,9218,2345,2026-04-22
凱基新莊,2180.0,3,0,921S,2345,2026-04-22
凱基新莊,2170.0,165,0,921S,2345,2026-04-22
凱基八德,2205.0,1000,0,921M,2345,2026-04-22
凱基八德,2190.0,0,53,921M,2345,2026-04-22
凱基土城,2235.0,0,10000,921J,2345,2026-04-22
凱基土城,2155.0,1000,0,921J,2345,2026-04-22
凱基五股,2150.0,1,0,921G,2345,2026-04-22
凱基松山,2210.0,27,0,9217,2345,2026-04-22
凱基三峽,2200.0,0,2000,921E,2345,2026-04-22
凱基民權,2230.0,0,7,921C,2345,2026-04-22
凱基民權,2210.0,0,1000,921C,2345,2026-04-22
凱基民權,2180.0,0,1,921C,2345,2026-04-22
凱基民權,2170.0,100,0,921C,2345,2026-04-22
凱基民權,2155.0,5,0,921C,2345,2026-04-22
凱基大直,2190.0,1000,0,9218,2345,2026-04-22
凱基大直,2165.0,0,1000,9218,2345,2026-04-22
凱基民權,2250.0,0,2,921C,2345,2026-04-22
凱基新店,2180.0,2,0,920V,2345,2026-04-22
凱基湖口,2230.0,100,0,920N,2345,2026-04-22
凱基湖口,2195.0,150,0,920N,2345,2026-04-22
凱基市府,2165.0,1000,0,920D,2345,2026-04-22
凱基市府,2150.0,100,0,920D,2345,2026-04-22
凱基雙和,2230.0,0,2,920C,2345,2026-04-22
凱基雙和,2220.0,0,2,920C,2345,2026-04-22
凱基雙和,2205.0,0,2,920C,2345,2026-04-22
凱基雙和,2195.0,0,2,920C,2345,2026-04-22
凱基雙和,2185.0,2,0,920C,2345,2026-04-22
凱基市府,2195.0,1000,0,920D,2345,2026-04-22
凱基雙和,2170.0,10,0,920C,2345,2026-04-22
凱基板橋,2225.0,0,1000,920A,2345,2026-04-22
凱基板橋,2195.0,5,0,920A,2345,2026-04-22
凱基板橋,2170.0,10,0,920A,2345,2026-04-22
凱基板橋,2150.0,1010,0,920A,2345,2026-04-22
凱基岡山,2240.0,0,20,9209,2345,2026-04-22
凱基岡山,2205.0,0,2,9209,2345,2026-04-22
凱基桃園,2245.0,5,0,9208,2345,2026-04-22
凱基雙和,2155.0,2,0,920C,2345,2026-04-22
凱基市府,2225.0,0,1000,920D,2345,2026-04-22
凱基市府,2235.0,0,1000,920D,2345,2026-04-22
凱基市府,2245.0,0,1000,920D,2345,2026-04-22
凱基湖口,2145.0,1000,0,920N,2345,2026-04-22
凱基宜蘭,2205.0,0,1000,920M,2345,2026-04-22
凱基宜蘭,2170.0,10,0,920M,2345,2026-04-22
凱基宜蘭,2150.0,1000,0,920M,2345,2026-04-22
凱基基隆,2220.0,1000,0,920H,2345,2026-04-22
凱基基隆,2200.0,1,1000,920H,2345,2026-04-22
凱基基隆,2175.0,0,30,920H,2345,2026-04-22
凱基基隆,2160.0,5,0,920H,2345,2026-04-22
凱基彰化,2215.0,0,5,920G,2345,2026-04-22
凱基彰化,2170.0,1,1000,920G,2345,2026-04-22
凱基站前,2230.0,0,2,920F,2345,2026-04-22
凱基站前,2220.0,1000,0,920F,2345,2026-04-22
凱基站前,2200.0,1000,0,920F,2345,2026-04-22
凱基站前,2185.0,0,2000,920F,2345,2026-04-22
凱基站前,2170.0,0,1050,920F,2345,2026-04-22
凱基站前,2160.0,24,0,920F,2345,2026-04-22
凱基站前,2150.0,2000,0,920F,2345,2026-04-22
凱基新莊,2205.0,100,0,921S,2345,2026-04-22
凱基新莊,2215.0,20,0,921S,2345,2026-04-22
凱基東勢,2165.0,0,3000,921Y,2345,2026-04-22
凱基東勢,2215.0,1,500,921Y,2345,2026-04-22
凱基新豐,2180.0,0,10,9266,2345,2026-04-22
凱基新豐,2165.0,50,0,9266,2345,2026-04-22
凱基新豐,2155.0,1000,0,9266,2345,2026-04-22
凱基林口,2195.0,400,0,9257,2345,2026-04-22
凱基林口,2180.0,1080,0,9257,2345,2026-04-22
凱基南崁,2225.0,20,0,9256,2345,2026-04-22
凱基南崁,2205.0,12,0,9256,2345,2026-04-22
凱基新豐,2190.0,11,10,9266,2345,2026-04-22
凱基南崁,2180.0,10,0,9256,2345,2026-04-22
凱基和平,2215.0,0,1000,9255,2345,2026-04-22
凱基和平,2205.0,0,1000,9255,2345,2026-04-22
凱基和平,2195.0,6,100,9255,2345,2026-04-22
凱基和平,2150.0,2020,0,9255,2345,2026-04-22
凱基科園,2250.0,0,20,9254,2345,2026-04-22
凱基科園,2220.0,50,0,9254,2345,2026-04-22
凱基嘉義,2225.0,0,100,9252,2345,2026-04-22
凱基南崁,2150.0,20,0,9256,2345,2026-04-22
凱基新豐,2200.0,10,0,9266,2345,2026-04-22
凱基新豐,2225.0,50,0,9266,2345,2026-04-22
凱基台北,2135.0,0,3000,9268,2345,2026-04-22
凱基鳳山,2160.0,0,1000,9274,2345,2026-04-22
凱基竹東,2180.0,0,1,9273,2345,2026-04-22
凱基竹東,2150.0,1000,1000,9273,2345,2026-04-22
凱基竹科,2230.0,0,10,9272,2345,2026-04-22
凱基竹科,2190.0,1000,1005,9272,2345,2026-04-22
凱基竹科,2175.0,10,0,9272,2345,2026-04-22
凱基台北,2245.0,35000,19000,9268,2345,2026-04-22
凱基台北,2235.0,2000,8000,9268,2345,2026-04-22
凱基台北,2225.0,24000,62000,9268,2345,2026-04-22
凱基台北,2215.0,4000,21000,9268,2345,2026-04-22
凱基台北,2205.0,37000,31000,9268,2345,2026-04-22
凱基台北,2195.0,2000,16000,9268,2345,2026-04-22
凱基台北,2185.0,6000,23000,9268,2345,2026-04-22
凱基台北,2175.0,31000,24000,9268,2345,2026-04-22
凱基台北,2165.0,52000,34000,9268,2345,2026-04-22
凱基台北,2155.0,20000,8000,9268,2345,2026-04-22
凱基台北,2145.0,5000,8000,9268,2345,2026-04-22
凱基嘉義,2185.0,0,10,9252,2345,2026-04-22
富邦新板,2225.0,15,12000,961H,2345,2026-04-22
凱基嘉義,2170.0,2,0,9252,2345,2026-04-22
凱基市政,2210.0,2,0,9239,2345,2026-04-22
凱基中山,2210.0,1000,0,9229,2345,2026-04-22
凱基中山,2180.0,20,0,9229,2345,2026-04-22
凱基城中,2245.0,40,0,9227,2345,2026-04-22
凱基城中,2235.0,0,1,9227,2345,2026-04-22
凱基城中,2215.0,0,1,9227,2345,2026-04-22
凱基城中,2205.0,20,0,9227,2345,2026-04-22
凱基城中,2190.0,20,0,9227,2345,2026-04-22
凱基屏東,2205.0,0,4,922C,2345,2026-04-22
凱基城中,2180.0,30,0,9227,2345,2026-04-22
凱基汐止,2235.0,0,5,9226,2345,2026-04-22
凱基汐止,2210.0,3,5000,9226,2345,2026-04-22
凱基汐止,2190.0,1,0,9226,2345,2026-04-22
凱基豐中,2215.0,20,0,9223,2345,2026-04-22
凱基豐中,2190.0,30,0,9223,2345,2026-04-22
凱基豐中,2170.0,10,0,9223,2345,2026-04-22
凱基豐中,2160.0,70,0,9223,2345,2026-04-22
凱基城中,2170.0,0,55,9227,2345,2026-04-22
凱基屏東,2220.0,0,5,922C,2345,2026-04-22
凱基屏東,2230.0,50,2,922C,2345,2026-04-22
凱基長庚,2150.0,1000,0,9233,2345,2026-04-22
凱基市政,2195.0,3,0,9239,2345,2026-04-22
凱基市政,2170.0,50,15,9239,2345,2026-04-22
凱基市政,2150.0,10,0,9239,2345,2026-04-22
凱基士林,2220.0,10,0,9238,2345,2026-04-22
凱基士林,2185.0,1000,0,9238,2345,2026-04-22
凱基士林,2145.0,1000,0,9238,2345,2026-04-22
凱基虎尾,2245.0,15,0,9236,2345,2026-04-22
凱基虎尾,2180.0,13,0,9236,2345,2026-04-22
凱基永華,2215.0,0,1,9235,2345,2026-04-22
凱基永華,2195.0,1000,2,9235,2345,2026-04-22
凱基永華,2165.0,0,1,9235,2345,2026-04-22
凱基竹北,2220.0,5,0,9234,2345,2026-04-22
凱基竹北,2200.0,5,0,9234,2345,2026-04-22
凱基竹北,2180.0,1,0,9234,2345,2026-04-22
凱基竹北,2150.0,1000,0,9234,2345,2026-04-22
凱基長庚,2210.0,0,1,9233,2345,2026-04-22
凱基長庚,2180.0,5,0,9233,2345,2026-04-22
凱基市政,2220.0,1,1000,9239,2345,2026-04-22
凱基桃園,2220.0,1000,5,9208,2345,2026-04-22
富邦新板,2235.0,50,12001,961H,2345,2026-04-22
富邦七賢,2155.0,10,2,961K,2345,2026-04-22
元大,2210.0,27027,15652,9800,2345,2026-04-22
元大,2200.0,12289,15923,9800,2345,2026-04-22
元大,2190.0,11000,19362,9800,2345,2026-04-22
元大,2180.0,4000,3725,9800,2345,2026-04-22
元大,2170.0,13056,3108,9800,2345,2026-04-22
元大,2160.0,6030,14000,9800,2345,2026-04-22
元大,2150.0,24050,4000,9800,2345,2026-04-22
元大,2220.0,4001,9146,9800,2345,2026-04-22
元大,2140.0,1000,2000,9800,2345,2026-04-22
富邦北港,2200.0,0,60,969C,2345,2026-04-22
富邦北港,2190.0,0,10,969C,2345,2026-04-22
富邦北港,2150.0,15,0,969C,2345,2026-04-22
富邦虎尾,2160.0,1,0,9697,2345,2026-04-22
富邦新營,2230.0,0,1,9693,2345,2026-04-22
富邦新營,2210.0,9,0,9693,2345,2026-04-22
富邦新營,2175.0,0,4000,9693,2345,2026-04-22
富邦北港,2230.0,0,5,969C,2345,2026-04-22
富邦嘉義,2230.0,0,1,9692,2345,2026-04-22
元大,2230.0,7000,11106,9800,2345,2026-04-22
元大,2250.0,0,348,9800,2345,2026-04-22
元大沙鹿,2160.0,120,0,980d,2345,2026-04-22
元大斗六,2245.0,0,1000,980C,2345,2026-04-22
元大斗六,2225.0,1000,3,980C,2345,2026-04-22
元大斗六,2210.0,0,5,980C,2345,2026-04-22
元大斗六,2200.0,5,0,980C,2345,2026-04-22
元大斗六,2190.0,50,0,980C,2345,2026-04-22
元大斗六,2160.0,0,1,980C,2345,2026-04-22
元大,2240.0,10535,1482,9800,2345,2026-04-22
元大中北,2230.0,0,1000,980a,2345,2026-04-22
元大中北,2185.0,1002,0,980a,2345,2026-04-22
元大中北,2175.0,1000,0,980a,2345,2026-04-22
元大松江,2250.0,20,0,9801,2345,2026-04-22
元大松江,2230.0,1000,0,9801,2345,2026-04-22
元大松江,2190.0,0,4,9801,2345,2026-04-22
元大松江,2170.0,15,0,9801,2345,2026-04-22
元大松江,2155.0,10,0,9801,2345,2026-04-22
元大中北,2210.0,1000,1000,980a,2345,2026-04-22
富邦嘉義,2210.0,5,0,9692,2345,2026-04-22
富邦嘉義,2165.0,2,10,9692,2345,2026-04-22
富邦宜蘭,2240.0,0,10,9686,2345,2026-04-22
富邦左營,2225.0,0,4,966F,2345,2026-04-22
富邦左營,2210.0,100,0,966F,2345,2026-04-22
富邦左營,2175.0,100,0,966F,2345,2026-04-22
富邦左營,2155.0,1000,0,966F,2345,2026-04-22
富邦台南,2250.0,10,0,9667,2345,2026-04-22
富邦台南,2225.0,30,0,9667,2345,2026-04-22
富邦台南,2210.0,55,0,9667,2345,2026-04-22
富邦員林,2150.0,20,0,9672,2345,2026-04-22
富邦台南,2195.0,50,0,9667,2345,2026-04-22
富邦台南,2170.0,0,4,9667,2345,2026-04-22
富邦南屯,2235.0,0,40,9666,2345,2026-04-22
富邦南屯,2220.0,6,0,9666,2345,2026-04-22
富邦南屯,2210.0,30,0,9666,2345,2026-04-22
富邦南屯,2185.0,5,0,9666,2345,2026-04-22
富邦南屯,2165.0,0,5000,9666,2345,2026-04-22
富邦南屯,2155.0,1000,15000,9666,2345,2026-04-22
富邦台南,2180.0,1020,100,9667,2345,2026-04-22
富邦員林,2190.0,10,0,9672,2345,2026-04-22
富邦員林,2215.0,20,0,9672,2345,2026-04-22
富邦員林,2230.0,2,0,9672,2345,2026-04-22
富邦三重,2240.0,1000,0,9677,2345,2026-04-22
富邦三重,2220.0,21,0,9677,2345,2026-04-22
富邦三重,2210.0,0,1000,9677,2345,2026-04-22
富邦三重,2195.0,205,0,9677,2345,2026-04-22
富邦三重,2180.0,1037,0,9677,2345,2026-04-22
富邦三重,2170.0,1,0,9677,2345,2026-04-22
富邦三重,2160.0,5,0,9677,2345,2026-04-22
富邦三重,2150.0,20,0,9677,2345,2026-04-22
富邦仁愛,2235.0,0,30,9676,2345,2026-04-22
富邦仁愛,2225.0,100,0,9676,2345,2026-04-22
富邦仁愛,2215.0,30,50,9676,2345,2026-04-22
富邦仁愛,2200.0,0,1000,9676,2345,2026-04-22
富邦仁愛,2190.0,20,1215,9676,2345,2026-04-22
富邦仁愛,2180.0,16,30,9676,2345,2026-04-22
富邦仁愛,2170.0,27,10,9676,2345,2026-04-22
富邦仁愛,2160.0,3,1000,9676,2345,2026-04-22
富邦仁愛,2150.0,4100,0,9676,2345,2026-04-22
元大沙鹿,2190.0,0,20,980d,2345,2026-04-22
富邦桃園,2245.0,10,0,9665,2345,2026-04-22
元大沙鹿,2200.0,2,0,980d,2345,2026-04-22
元大北府,2200.0,0,1000,980D,2345,2026-04-22
元大三峽,2180.0,10,0,981A,2345,2026-04-22
元大三峽,2160.0,30,0,981A,2345,2026-04-22
元大歸仁,2240.0,0,1,981a,2345,2026-04-22
元大歸仁,2230.0,0,10,981a,2345,2026-04-22
元大歸仁,2215.0,30,0,981a,2345,2026-04-22
元大歸仁,2200.0,0,1000,981a,2345,2026-04-22
元大東泰,2225.0,23,0,9817,2345,2026-04-22
元大三峽,2195.0,0,1000,981A,2345,2026-04-22
元大東泰,2200.0,0,50,9817,2345,2026-04-22
元大新竹,2225.0,3,0,9816,2345,2026-04-22
元大新竹,2210.0,5,1000,9816,2345,2026-04-22
元大新竹,2190.0,0,20,9816,2345,2026-04-22
元大新竹,2165.0,5,0,9816,2345,2026-04-22
元大大益,2250.0,5,0,9814,2345,2026-04-22
元大大益,2210.0,5,0,9814,2345,2026-04-22
元大大益,2185.0,5,1000,9814,2345,2026-04-22
元大東泰,2190.0,14,0,9817,2345,2026-04-22
元大大益,2170.0,0,1000,9814,2345,2026-04-22
元大三峽,2210.0,1000,0,981A,2345,2026-04-22
元大竹北,2150.0,5,0,981B,2345,2026-04-22
元大佳里,2185.0,0,1000,981e,2345,2026-04-22
元大佳里,2175.0,0,1000,981e,2345,2026-04-22
元大佳里,2140.0,1000,0,981e,2345,2026-04-22
元大南投,2215.0,1000,0,981D,2345,2026-04-22
元大南投,2200.0,0,1000,981D,2345,2026-04-22
元大南投,2185.0,0,1000,981D,2345,2026-04-22
元大南投,2160.0,0,1,981D,2345,2026-04-22
元大三峽,2235.0,0,1000,981A,2345,2026-04-22
元大路竹,2210.0,2,0,981C,2345,2026-04-22
元大路竹,2180.0,200,0,981C,2345,2026-04-22
元大竹北,2235.0,25,3,981B,2345,2026-04-22
元大竹北,2225.0,15,0,981B,2345,2026-04-22
元大竹北,2215.0,5,0,981B,2345,2026-04-22
元大竹北,2205.0,1,0,981B,2345,2026-04-22
元大竹北,2195.0,5,2,981B,2345,2026-04-22
元大竹北,2175.0,1,0,981B,2345,2026-04-22
元大路竹,2190.0,1,105,981C,2345,2026-04-22
元大大益,2150.0,1005,0,9814,2345,2026-04-22
元大中崙,2230.0,0,1000,9813,2345,2026-04-22
元大中崙,2200.0,0,100,9813,2345,2026-04-22
元大竹科,2220.0,51,35,980K,2345,2026-04-22
元大竹科,2210.0,50,1010,980K,2345,2026-04-22
元大竹科,2195.0,110,0,980K,2345,2026-04-22
元大竹科,2185.0,2000,0,980K,2345,2026-04-22
元大竹科,2170.0,0,1000,980K,2345,2026-04-22
元大竹科,2160.0,1,0,980K,2345,2026-04-22
元大台北,2210.0,0,1000,980h,2345,2026-04-22
元大虎尾,2170.0,0,40,980l,2345,2026-04-22
元大台北,2195.0,1000,0,980h,2345,2026-04-22
元大清水,2230.0,15,0,980e,2345,2026-04-22
元大清水,2210.0,0,1000,980e,2345,2026-04-22
元大清水,2190.0,0,20,980e,2345,2026-04-22
元大清水,2175.0,1015,0,980e,2345,2026-04-22
元大清水,2165.0,5,0,980e,2345,2026-04-22
元大清水,2155.0,5,0,980e,2345,2026-04-22
元大北府,2230.0,2,0,980D,2345,2026-04-22
元大台北,2170.0,105,0,980h,2345,2026-04-22
元大虎尾,2190.0,500,0,980l,2345,2026-04-22
元大虎尾,2225.0,3,0,980l,2345,2026-04-22
元大南崁,2165.0,100,92,980Q,2345,2026-04-22
元大中崙,2180.0,0,15,9813,2345,2026-04-22
元大中崙,2145.0,1000,0,9813,2345,2026-04-22
元大台中,2220.0,0,1,9812,2345,2026-04-22
元大台中,2195.0,4,0,9812,2345,2026-04-22
元大台中,2180.0,11,0,9812,2345,2026-04-22
元大台中,2170.0,10,51,9812,2345,2026-04-22
元大西屯,2230.0,1000,0,980w,2345,2026-04-22
元大西屯,2200.0,5,11,980w,2345,2026-04-22
元大西屯,2190.0,0,1000,980w,2345,2026-04-22
元大西屯,2170.0,2,0,980w,2345,2026-04-22
元大府城,2230.0,10,0,980u,2345,2026-04-22
元大府城,2210.0,10,0,980u,2345,2026-04-22
元大府城,2170.0,1,0,980u,2345,2026-04-22
元大府城,2160.0,10,0,980u,2345,2026-04-22
元大南海,2200.0,0,50,980R,2345,2026-04-22
元大南海,2160.0,1,0,980R,2345,2026-04-22
元大南崁,2195.0,10,0,980Q,2345,2026-04-22
元大沙鹿,2250.0,0,10,980d,2345,2026-04-22
富邦桃園,2230.0,1017,1000,9665,2345,2026-04-22
富邦桃園,2210.0,1000,0,9665,2345,2026-04-22
富邦桃園,2195.0,0,35,9665,2345,2026-04-22
富邦竹科,2225.0,0,1000,962C,2345,2026-04-22
富邦竹科,2210.0,1000,0,962C,2345,2026-04-22
富邦竹科,2200.0,0,5,962C,2345,2026-04-22
富邦竹科,2180.0,126,0,962C,2345,2026-04-22
富邦竹科,2170.0,10,0,962C,2345,2026-04-22
富邦二林,2210.0,3,0,962B,2345,2026-04-22
富邦南港,2185.0,2,0,962A,2345,2026-04-22
富邦新莊,2150.0,2,0,962D,2345,2026-04-22
富邦內湖,2245.0,0,1000,9627,2345,2026-04-22
富邦內湖,2205.0,1000,0,9627,2345,2026-04-22
富邦內湖,2190.0,1002,0,9627,2345,2026-04-22
富邦內湖,2170.0,1000,0,9627,2345,2026-04-22
富邦內湖,2150.0,1050,0,9627,2345,2026-04-22
富邦竹東,2235.0,0,50,9625,2345,2026-04-22
富邦竹東,2220.0,1,0,9625,2345,2026-04-22
富邦竹東,2185.0,1000,0,9625,2345,2026-04-22
富邦內湖,2215.0,1000,0,9627,2345,2026-04-22
富邦竹北,2235.0,100,0,9624,2345,2026-04-22
富邦新莊,2170.0,2,0,962D,2345,2026-04-22
富邦樹林,2145.0,1000,0,962E,2345,2026-04-22
富邦羅東,2240.0,5,0,9634,2345,2026-04-22
富邦羅東,2215.0,0,1000,9634,2345,2026-04-22
富邦羅東,2170.0,0,13,9634,2345,2026-04-22
富邦羅東,2155.0,1,0,9634,2345,2026-04-22
富邦北高,2240.0,5,0,962Q,2345,2026-04-22
富邦北高,2220.0,5,0,962Q,2345,2026-04-22
富邦北高,2200.0,1010,0,962Q,2345,2026-04-22
富邦新莊,2190.0,0,15,962D,2345,2026-04-22
富邦頭份,2230.0,0,1000,962P,2345,2026-04-22
富邦頭份,2200.0,1000,0,962P,2345,2026-04-22
富邦頭份,2170.0,1010,0,962P,2345,2026-04-22
富邦頭份,2150.0,5,0,962P,2345,2026-04-22
富邦三峽,2205.0,0,2,962J,2345,2026-04-22
富邦三峽,2150.0,10,0,962J,2345,2026-04-22
富邦斗六,2200.0,30,0,962G,2345,2026-04-22
富邦樹林,2215.0,0,1000,962E,2345,2026-04-22
富邦頭份,2220.0,0,7,962P,2345,2026-04-22
富邦竹北,2220.0,100,1,9624,2345,2026-04-22
富邦竹北,2195.0,1020,0,9624,2345,2026-04-22
富邦竹北,2185.0,0,1032,9624,2345,2026-04-22
富邦和美,2245.0,100,0,961P,2345,2026-04-22
富邦和美,2225.0,50,0,961P,2345,2026-04-22
富邦和美,2185.0,50,0,961P,2345,2026-04-22
富邦和美,2170.0,0,50,961P,2345,2026-04-22
富邦和美,2155.0,1,0,961P,2345,2026-04-22
富邦青埔,2220.0,0,6,961N,2345,2026-04-22
富邦青埔,2195.0,30,0,961N,2345,2026-04-22
富邦南員,2170.0,10,0,961R,2345,2026-04-22
富邦青埔,2165.0,1000,0,961N,2345,2026-04-22
富邦木柵,2220.0,1000,0,961M,2345,2026-04-22
富邦木柵,2200.0,8000,0,961M,2345,2026-04-22
富邦木柵,2190.0,11,0,961M,2345,2026-04-22
富邦木柵,2160.0,3,0,961M,2345,2026-04-22
富邦木柵,2150.0,2,0,961M,2345,2026-04-22
富邦七賢,2230.0,10,0,961K,2345,2026-04-22
富邦七賢,2190.0,0,30,961K,2345,2026-04-22
富邦青埔,2150.0,50,0,961N,2345,2026-04-22
富邦南員,2180.0,0,1,961R,2345,2026-04-22
富邦南員,2205.0,1000,0,961R,2345,2026-04-22
富邦屏東,2220.0,0,3,961Y,2345,2026-04-22
富邦竹北,2175.0,200,0,9624,2345,2026-04-22
富邦竹北,2165.0,3,0,9624,2345,2026-04-22
富邦台北,2250.0,1,25,9623,2345,2026-04-22
富邦台北,2230.0,0,1005,9623,2345,2026-04-22
富邦台北,2220.0,4,9,9623,2345,2026-04-22
富邦台北,2205.0,3,0,9623,2345,2026-04-22
富邦台北,2195.0,6,300,9623,2345,2026-04-22
富邦台北,2185.0,2,10,9623,2345,2026-04-22
富邦台北,2170.0,31,0,9623,2345,2026-04-22
富邦台北,2160.0,50,0,9623,2345,2026-04-22
富邦台北,2145.0,1000,0,9623,2345,2026-04-22
富邦花蓮,2200.0,0,1000,9621,2345,2026-04-22
富邦花蓮,2190.0,5,1,9621,2345,2026-04-22
富邦永康,2230.0,0,1000,961Z,2345,2026-04-22
富邦永康,2190.0,15,0,961Z,2345,2026-04-22
富邦永康,2180.0,3,0,961Z,2345,2026-04-22
富邦永康,2160.0,5,0,961Z,2345,2026-04-22
富邦中壢,2155.0,1,0,9636,2345,2026-04-22
富邦中壢,2190.0,0,50,9636,2345,2026-04-22
富邦中壢,2200.0,5,0,9636,2345,2026-04-22
富邦中壢,2220.0,10,0,9636,2345,2026-04-22
富邦台中,2160.0,12,10,965K,2345,2026-04-22
富邦高雄,2240.0,10,1000,9659,2345,2026-04-22
富邦高雄,2230.0,39,20,9659,2345,2026-04-22
富邦高雄,2215.0,0,15,9659,2345,2026-04-22
富邦高雄,2200.0,350,0,9659,2345,2026-04-22
富邦高雄,2190.0,1,0,9659,2345,2026-04-22
富邦高雄,2180.0,3,0,9659,2345,2026-04-22
富邦台中,2180.0,10,1000,965K,2345,2026-04-22
富邦高雄,2170.0,1000,0,9659,2345,2026-04-22
富邦建國,2230.0,0,2050,9658,2345,2026-04-22
富邦建國,2220.0,2,2,9658,2345,2026-04-22
富邦建國,2210.0,1100,100,9658,2345,2026-04-22
富邦建國,2200.0,65,4,9658,2345,2026-04-22
富邦建國,2190.0,0,1000,9658,2345,2026-04-22
富邦建國,2180.0,50,0,9658,2345,2026-04-22
富邦建國,2160.0,30,0,9658,2345,2026-04-22
富邦建國,2250.0,0,1,9658,2345,2026-04-22
富邦台中,2215.0,31,20,965K,2345,2026-04-22
富邦台中,2225.0,1000,1010,965K,2345,2026-04-22
富邦台中,2235.0,15,10,965K,2345,2026-04-22
富邦桃園,2175.0,55,0,9665,2345,2026-04-22
富邦桃園,2160.0,20,0,9665,2345,2026-04-22
富邦桃園,2150.0,10,0,9665,2345,2026-04-22
富邦敦南,2235.0,0,50,9663,2345,2026-04-22
富邦敦南,2210.0,0,28,9663,2345,2026-04-22
富邦敦南,2190.0,0,10,9663,2345,2026-04-22
富邦敦南,2170.0,1000,0,9663,2345,2026-04-22
富邦敦南,2160.0,10,0,9663,2345,2026-04-22
富邦敦南,2135.0,1000,0,9663,2345,2026-04-22
富邦新店,2220.0,2000,1000,9661,2345,2026-04-22
富邦新店,2210.0,5,12,9661,2345,2026-04-22
富邦新店,2200.0,1005,50,9661,2345,2026-04-22
富邦新店,2190.0,5,0,9661,2345,2026-04-22
富邦新店,2180.0,1000,1000,9661,2345,2026-04-22
富邦新店,2160.0,100,42,9661,2345,2026-04-22
富邦彰化,2230.0,40,0,965U,2345,2026-04-22
富邦台中,2250.0,0,10,965K,2345,2026-04-22
富邦苗栗,2235.0,0,1000,9657,2345,2026-04-22
富邦新板,2245.0,0,2001,961H,2345,2026-04-22
富邦苗栗,2220.0,1,0,9657,2345,2026-04-22
富邦苗栗,2195.0,25,0,9657,2345,2026-04-22
富邦新竹,2225.0,5,0,9647,2345,2026-04-22
富邦新竹,2215.0,150,6,9647,2345,2026-04-22
富邦新竹,2195.0,3,172,9647,2345,2026-04-22
富邦新竹,2185.0,2000,0,9647,2345,2026-04-22
富邦新竹,2175.0,10,0,9647,2345,2026-04-22
富邦新竹,2165.0,20,0,9647,2345,2026-04-22
富邦新竹,2155.0,10,50,9647,2345,2026-04-22
富邦新竹,2250.0,0,250,9647,2345,2026-04-22
富邦豐原,2180.0,20,0,963L,2345,2026-04-22
富邦八德,2235.0,200,0,963A,2345,2026-04-22
富邦八德,2195.0,0,1000,963A,2345,2026-04-22
富邦八德,2185.0,0,1000,963A,2345,2026-04-22
富邦八德,2175.0,1000,0,963A,2345,2026-04-22
富邦八德,2155.0,6,0,963A,2345,2026-04-22
富邦中壢,2240.0,0,1,9636,2345,2026-04-22
富邦中壢,2230.0,10,2,9636,2345,2026-04-22
富邦豐原,2150.0,100,0,963L,2345,2026-04-22
富邦永和,2155.0,10,0,9654,2345,2026-04-22
富邦永和,2175.0,55,250,9654,2345,2026-04-22
富邦永和,2185.0,1000,0,9654,2345,2026-04-22
富邦苗栗,2170.0,60,0,9657,2345,2026-04-22
富邦苗栗,2160.0,10,0,9657,2345,2026-04-22
富邦板橋,2250.0,20,0,9655,2345,2026-04-22
富邦板橋,2235.0,30,5,9655,2345,2026-04-22
富邦板橋,2225.0,100,0,9655,2345,2026-04-22
富邦板橋,2215.0,23,0,9655,2345,2026-04-22
富邦板橋,2205.0,15,2,9655,2345,2026-04-22
富邦板橋,2195.0,11,2,9655,2345,2026-04-22
富邦板橋,2185.0,3002,15,9655,2345,2026-04-22
富邦板橋,2175.0,0,100,9655,2345,2026-04-22
富邦板橋,2165.0,3100,0,9655,2345,2026-04-22
富邦板橋,2155.0,33,0,9655,2345,2026-04-22
富邦永和,2235.0,18,0,9654,2345,2026-04-22
富邦永和,2225.0,1000,0,9654,2345,2026-04-22
富邦永和,2215.0,38,0,9654,2345,2026-04-22
富邦永和,2205.0,20,0,9654,2345,2026-04-22
富邦永和,2195.0,30,0,9654,2345,2026-04-22
富邦苗栗,2210.0,51,10,9657,2345,2026-04-22
元大佳里,2205.0,0,1000,981e,2345,2026-04-22
凱基桃園,2180.0,0,200,9208,2345,2026-04-22
凱基桃園,2160.0,20,0,9208,2345,2026-04-22
京城嘉義,2185.0,1010,0,8492,2345,2026-04-22
京城嘉義,2160.0,10,0,8492,2345,2026-04-22
康和屏東,2195.0,5,0,845X,2345,2026-04-22
康和台北,2165.0,0,1000,845U,2345,2026-04-22
康和南崁,2180.0,10,0,845S,2345,2026-04-22
康和高雄,2225.0,100,0,845J,2345,2026-04-22
康和高雄,2180.0,100,0,845J,2345,2026-04-22
京城嘉義,2225.0,0,1000,8492,2345,2026-04-22
康和仁愛,2215.0,0,1000,845F,2345,2026-04-22
康和仁愛,2180.0,0,10000,845F,2345,2026-04-22
康和仁愛,2170.0,10,0,845F,2345,2026-04-22
康和仁愛,2150.0,10000,0,845F,2345,2026-04-22
康和澎湖,2245.0,1000,0,845E,2345,2026-04-22
康和澎湖,2210.0,20,0,845E,2345,2026-04-22
康和板橋,2240.0,1000,0,845D,2345,2026-04-22
康和板橋,2215.0,0,2,845D,2345,2026-04-22
康和仁愛,2195.0,0,10,845F,2345,2026-04-22
康和永和,2190.0,0,5,845B,2345,2026-04-22
新光,2140.0,2000,0,8560,2345,2026-04-22
新光,2160.0,242,3000,8560,2345,2026-04-22
新光台中,2230.0,10,2,8561,2345,2026-04-22
新光台中,2220.0,10,0,8561,2345,2026-04-22
新光台中,2205.0,1000,1000,8561,2345,2026-04-22
新光台中,2195.0,0,16,8561,2345,2026-04-22
新光台中,2185.0,13,1000,8561,2345,2026-04-22
新光台中,2175.0,1000,0,8561,2345,2026-04-22
新光台中,2160.0,60,0,8561,2345,2026-04-22
新光,2150.0,4198,0,8560,2345,2026-04-22
新光台中,2150.0,10,0,8561,2345,2026-04-22
新光,2230.0,15,1,8560,2345,2026-04-22
新光,2220.0,2052,3060,8560,2345,2026-04-22
新光,2210.0,103,1,8560,2345,2026-04-22
新光,2200.0,3068,3000,8560,2345,2026-04-22
新光,2190.0,49,3227,8560,2345,2026-04-22
新光,2180.0,17,2200,8560,2345,2026-04-22
新光,2170.0,1061,3001,8560,2345,2026-04-22
新光,2245.0,2010,0,8560,2345,2026-04-22
康和內湖,2160.0,1000,0,845A,2345,2026-04-22
康和嘉義,2225.0,0,10,8459,2345,2026-04-22
康和台南,2190.0,1,0,8458,2345,2026-04-22
國票博愛,2150.0,4000,0,779z,2345,2026-04-22
國票中和,2175.0,10,0,779X,2345,2026-04-22
國票彰化,2185.0,0,10,779W,2345,2026-04-22
國票彰化,2175.0,0,10,779W,2345,2026-04-22
國票台中,2230.0,0,10,779v,2345,2026-04-22
國票台中,2195.0,10,0,779v,2345,2026-04-22
國票台中,2180.0,40,0,779v,2345,2026-04-22
國票博愛,2180.0,0,1000,779z,2345,2026-04-22
國票長城,2165.0,10,0,779u,2345,2026-04-22
國票九鼎,2200.0,50,1000,779P,2345,2026-04-22
國票九鼎,2185.0,10,0,779P,2345,2026-04-22
國票九鼎,2160.0,3,0,779P,2345,2026-04-22
國票九鼎,2150.0,1000,0,779P,2345,2026-04-22
國票中港,2200.0,5,0,779m,2345,2026-04-22
國票北高,2230.0,0,50,779J,2345,2026-04-22
國票北高,2175.0,0,1000,779J,2345,2026-04-22
國票桃園,2180.0,1000,0,779r,2345,2026-04-22
國票博愛,2190.0,0,1000,779z,2345,2026-04-22
國票博愛,2225.0,1,0,779z,2345,2026-04-22
國票安和,2185.0,100,0,779Z,2345,2026-04-22
康和台中,2220.0,50,0,8455,2345,2026-04-22
康和台中,2160.0,1000,0,8455,2345,2026-04-22
康和延平,2230.0,0,10,8451,2345,2026-04-22
康和,2185.0,20,0,8450,2345,2026-04-22
摩根大通,2250.0,0,32,8440,2345,2026-04-22
摩根大通,2240.0,18000,4000,8440,2345,2026-04-22
摩根大通,2230.0,16472,13657,8440,2345,2026-04-22
摩根大通,2220.0,25663,9242,8440,2345,2026-04-22
摩根大通,2210.0,28117,22183,8440,2345,2026-04-22
摩根大通,2200.0,22841,3000,8440,2345,2026-04-22
摩根大通,2190.0,21000,9000,8440,2345,2026-04-22
摩根大通,2180.0,14942,7157,8440,2345,2026-04-22
摩根大通,2170.0,15000,7995,8440,2345,2026-04-22
摩根大通,2160.0,9000,27000,8440,2345,2026-04-22
摩根大通,2150.0,34500,64000,8440,2345,2026-04-22
摩根大通,2140.0,0,4000,8440,2345,2026-04-22
國票安和,2230.0,0,50,779Z,2345,2026-04-22
新光台中,2245.0,13,0,8561,2345,2026-04-22
國票和平,2250.0,0,2000,779j,2345,2026-04-22
新光高雄,2140.0,1000,0,8562,2345,2026-04-22
新光高雄,2165.0,1,0,8562,2345,2026-04-22
玉山雙和,2250.0,0,1,8841,2345,2026-04-22
玉山雙和,2230.0,0,2,8841,2345,2026-04-22
玉山雙和,2215.0,0,13,8841,2345,2026-04-22
玉山雙和,2205.0,20,0,8841,2345,2026-04-22
玉山雙和,2180.0,6,0,8841,2345,2026-04-22
玉山雙和,2150.0,2025,0,8841,2345,2026-04-22
玉山,2235.0,30,3000,8840,2345,2026-04-22
玉山新莊,2155.0,2000,0,8842,2345,2026-04-22
玉山,2215.0,50,0,8840,2345,2026-04-22
玉山,2180.0,22,0,8840,2345,2026-04-22
玉山,2170.0,10,0,8840,2345,2026-04-22
玉山,2150.0,5,0,8840,2345,2026-04-22
陽信台南,2175.0,0,1000,8714,2345,2026-04-22
陽信石牌,2220.0,1000,221,8711,2345,2026-04-22
聯邦台南,2210.0,1000,0,8588,2345,2026-04-22
聯邦大業,2210.0,50,0,8586,2345,2026-04-22
玉山,2200.0,10,0,8840,2345,2026-04-22
聯邦大業,2150.0,1000,0,8586,2345,2026-04-22
玉山新莊,2180.0,1000,0,8842,2345,2026-04-22
玉山新莊,2205.0,5,0,8842,2345,2026-04-22
玉山板橋,2250.0,0,10,8846,2345,2026-04-22
玉山板橋,2230.0,10,0,8846,2345,2026-04-22
玉山板橋,2205.0,5,10,8846,2345,2026-04-22
玉山板橋,2195.0,1000,1000,8846,2345,2026-04-22
玉山板橋,2170.0,14,0,8846,2345,2026-04-22
玉山板橋,2160.0,10,1000,8846,2345,2026-04-22
玉山高雄,2245.0,2,0,8843,2345,2026-04-22
玉山新莊,2190.0,5,0,8842,2345,2026-04-22
玉山高雄,2225.0,100,0,8843,2345,2026-04-22
玉山高雄,2205.0,2,1000,8843,2345,2026-04-22
玉山高雄,2190.0,43,350,8843,2345,2026-04-22
玉山高雄,2175.0,51,0,8843,2345,2026-04-22
玉山高雄,2160.0,1000,2,8843,2345,2026-04-22
玉山高雄,2150.0,1000,0,8843,2345,2026-04-22
玉山新莊,2235.0,0,100,8842,2345,2026-04-22
玉山新莊,2220.0,5,2000,8842,2345,2026-04-22
玉山高雄,2215.0,1000,104,8843,2345,2026-04-22
聯邦雙和,2220.0,1,0,8584,2345,2026-04-22
聯邦雙和,2210.0,20,0,8584,2345,2026-04-22
聯邦雙和,2170.0,3,0,8584,2345,2026-04-22
新光台南,2145.0,1000,0,8564,2345,2026-04-22
新光新竹,2245.0,25,0,8563,2345,2026-04-22
新光新竹,2235.0,0,120,8563,2345,2026-04-22
新光新竹,2225.0,5,0,8563,2345,2026-04-22
新光新竹,2215.0,0,1003,8563,2345,2026-04-22
新光新竹,2205.0,10,1000,8563,2345,2026-04-22
新光新竹,2195.0,225,0,8563,2345,2026-04-22
新光台南,2160.0,1001,1,8564,2345,2026-04-22
新光新竹,2185.0,50,0,8563,2345,2026-04-22
新光新竹,2150.0,1070,0,8563,2345,2026-04-22
新光高雄,2240.0,50,0,8562,2345,2026-04-22
新光高雄,2230.0,10,0,8562,2345,2026-04-22
新光高雄,2220.0,20,75,8562,2345,2026-04-22
新光高雄,2210.0,1022,0,8562,2345,2026-04-22
新光高雄,2195.0,18,0,8562,2345,2026-04-22
新光高雄,2180.0,20,0,8562,2345,2026-04-22
新光新竹,2170.0,0,100,8563,2345,2026-04-22
新光台南,2175.0,0,1000,8564,2345,2026-04-22
新光台南,2185.0,1000,2000,8564,2345,2026-04-22
新光台南,2200.0,1000,0,8564,2345,2026-04-22
聯邦雙和,2160.0,100,0,8584,2345,2026-04-22
聯邦忠孝,2245.0,0,1,8583,2345,2026-04-22
聯邦忠孝,2220.0,1,0,8583,2345,2026-04-22
聯邦,2240.0,1000,0,8580,2345,2026-04-22
聯邦,2230.0,3000,0,8580,2345,2026-04-22
聯邦,2220.0,7000,0,8580,2345,2026-04-22
聯邦,2210.0,4000,0,8580,2345,2026-04-22
新光桃園,2235.0,0,1,8565,2345,2026-04-22
新光桃園,2220.0,0,1002,8565,2345,2026-04-22
新光桃園,2205.0,1001,0,8565,2345,2026-04-22
新光桃園,2195.0,100,1,8565,2345,2026-04-22
新光桃園,2180.0,30,1,8565,2345,2026-04-22
新光桃園,2165.0,0,20,8565,2345,2026-04-22
新光桃園,2155.0,1006,0,8565,2345,2026-04-22
新光桃園,2145.0,1000,0,8565,2345,2026-04-22
新光台南,2230.0,10,0,8564,2345,2026-04-22
新光台南,2215.0,0,1,8564,2345,2026-04-22
新光高雄,2155.0,10,0,8562,2345,2026-04-22
國票和平,2220.0,0,5000,779j,2345,2026-04-22
國票和平,2175.0,1000,0,779j,2345,2026-04-22
國票和平,2165.0,1000,0,779j,2345,2026-04-22
兆豐板橋,2210.0,16,0,700B,2345,2026-04-22
兆豐板橋,2180.0,1010,0,700B,2345,2026-04-22
兆豐板橋,2165.0,1000,2000,700B,2345,2026-04-22
兆豐中壢,2230.0,2,0,700b,2345,2026-04-22
兆豐忠孝,2250.0,0,10,700a,2345,2026-04-22
兆豐忠孝,2220.0,1,0,700a,2345,2026-04-22
兆豐忠孝,2210.0,0,1000,700a,2345,2026-04-22
兆豐板橋,2220.0,0,178,700B,2345,2026-04-22
兆豐忠孝,2185.0,1000,0,700a,2345,2026-04-22
兆豐竹北,2230.0,0,13,7007,2345,2026-04-22
兆豐竹北,2220.0,2,0,7007,2345,2026-04-22
兆豐竹北,2200.0,100,0,7007,2345,2026-04-22
兆豐竹北,2185.0,60,0,7007,2345,2026-04-22
兆豐竹北,2165.0,5,0,7007,2345,2026-04-22
兆豐台南,2230.0,5,0,7006,2345,2026-04-22
兆豐台南,2195.0,300,0,7006,2345,2026-04-22
兆豐忠孝,2150.0,1035,0,700a,2345,2026-04-22
兆豐台南,2165.0,5,0,7006,2345,2026-04-22
兆豐來福,2150.0,3,0,700C,2345,2026-04-22
兆豐來福,2220.0,0,10,700C,2345,2026-04-22
兆豐三民,2225.0,1,0,700h,2345,2026-04-22
兆豐三民,2205.0,0,1,700h,2345,2026-04-22
兆豐三民,2160.0,1001,0,700h,2345,2026-04-22
兆豐麻豆,2220.0,0,2,700G,2345,2026-04-22
兆豐麻豆,2195.0,2,0,700G,2345,2026-04-22
兆豐麻豆,2165.0,50,0,700G,2345,2026-04-22
兆豐南門,2250.0,2,0,700g,2345,2026-04-22
兆豐來福,2195.0,50,0,700C,2345,2026-04-22
兆豐南門,2200.0,0,1000,700g,2345,2026-04-22
兆豐虎尾,2245.0,1,0,700F,2345,2026-04-22
兆豐虎尾,2225.0,1,3,700F,2345,2026-04-22
兆豐鹿港,2225.0,7,0,700f,2345,2026-04-22
兆豐鹿港,2210.0,0,50,700f,2345,2026-04-22
兆豐鹿港,2175.0,0,1000,700f,2345,2026-04-22
兆豐彰化,2220.0,0,50,700d,2345,2026-04-22
兆豐來福,2230.0,5,0,700C,2345,2026-04-22
兆豐南門,2155.0,50,0,700g,2345,2026-04-22
兆豐中港,2240.0,1000,0,7005,2345,2026-04-22
兆豐中港,2215.0,0,10,7005,2345,2026-04-22
兆豐中港,2200.0,0,1000,7005,2345,2026-04-22
口袋,2220.0,1017,10,6620,2345,2026-04-22
口袋,2210.0,1,0,6620,2345,2026-04-22
口袋,2195.0,0,9,6620,2345,2026-04-22
口袋,2185.0,15,1000,6620,2345,2026-04-22
口袋,2175.0,30,0,6620,2345,2026-04-22
口袋,2165.0,25,0,6620,2345,2026-04-22
口袋,2155.0,26,1,6620,2345,2026-04-22
口袋,2230.0,1,7,6620,2345,2026-04-22
福邦,2210.0,0,1000,6480,2345,2026-04-22
大昌桃園,2230.0,50,0,6465,2345,2026-04-22
大昌新店,2230.0,100,1,6464,2345,2026-04-22
大昌新店,2215.0,1,0,6464,2345,2026-04-22
大昌新竹,2240.0,0,1000,6463,2345,2026-04-22
大昌安康,2230.0,21,50,6462,2345,2026-04-22
大昌安康,2150.0,17,0,6462,2345,2026-04-22
大昌樹林,2195.0,1030,0,6461,2345,2026-04-22
福邦,2180.0,0,1000,6480,2345,2026-04-22
口袋,2240.0,0,1000,6620,2345,2026-04-22
德信,2200.0,1000,0,6910,2345,2026-04-22
德信中正,2170.0,100,0,6912,2345,2026-04-22
兆豐中港,2175.0,0,5,7005,2345,2026-04-22
兆豐台中,2225.0,0,1,7003,2345,2026-04-22
兆豐台中,2205.0,0,1000,7003,2345,2026-04-22
兆豐嘉義,2220.0,12,0,7001,2345,2026-04-22
兆豐嘉義,2195.0,11,0,7001,2345,2026-04-22
兆豐嘉義,2150.0,1000,0,7001,2345,2026-04-22
兆豐,2225.0,2000,0,7000,2345,2026-04-22
兆豐,2215.0,1250,30,7000,2345,2026-04-22
兆豐,2205.0,0,1010,7000,2345,2026-04-22
兆豐,2185.0,0,10,7000,2345,2026-04-22
兆豐,2175.0,0,40,7000,2345,2026-04-22
兆豐,2160.0,1,0,7000,2345,2026-04-22
福勝,2225.0,0,5,6950,2345,2026-04-22
福勝,2195.0,5,0,6950,2345,2026-04-22
德信和平,2175.0,0,1000,6915,2345,2026-04-22
德信新營,2215.0,3,0,6913,2345,2026-04-22
德信新營,2180.0,5,0,6913,2345,2026-04-22
兆豐東門,2150.0,90,0,700H,2345,2026-04-22
兆豐東門,2250.0,100,0,700H,2345,2026-04-22
兆豐松德,2170.0,0,1000,700i,2345,2026-04-22
兆豐松德,2195.0,2,0,700i,2345,2026-04-22
國票綜合,2200.0,1000,1424,7790,2345,2026-04-22
國票綜合,2190.0,0,432,7790,2345,2026-04-22
國票綜合,2180.0,0,17,7790,2345,2026-04-22
國票綜合,2165.0,0,197,7790,2345,2026-04-22
北城,2230.0,5,0,7750,2345,2026-04-22
致和東門,2210.0,1000,0,7035,2345,2026-04-22
致和金華,2210.0,0,1000,7034,2345,2026-04-22
國票綜合,2215.0,40,560,7790,2345,2026-04-22
致和佳里,2190.0,0,30,7032,2345,2026-04-22
兆豐高雄,2215.0,350,0,700Z,2345,2026-04-22
兆豐高雄,2205.0,0,4020,700Z,2345,2026-04-22
兆豐高雄,2195.0,20,0,700Z,2345,2026-04-22
兆豐高雄,2170.0,0,10,700Z,2345,2026-04-22
兆豐高雄,2155.0,0,1000,700Z,2345,2026-04-22
兆豐高雄,2135.0,1000,0,700Z,2345,2026-04-22
兆豐城中,2230.0,227,0,700W,2345,2026-04-22
致和,2200.0,1000,0,7030,2345,2026-04-22
國票綜合,2225.0,1000,68,7790,2345,2026-04-22
國票綜合,2245.0,0,101,7790,2345,2026-04-22
國票北投,2240.0,0,100,7792,2345,2026-04-22
國票和平,2145.0,1000,0,779j,2345,2026-04-22
國票南崁,2195.0,3,0,779E,2345,2026-04-22
國票南科,2230.0,20,0,779e,2345,2026-04-22
國票台南,2200.0,3,0,779D,2345,2026-04-22
國票台南,2175.0,0,1000,779D,2345,2026-04-22
國票敦北,2250.0,0,5,779c,2345,2026-04-22
國票敦北,2210.0,0,1000,779c,2345,2026-04-22
國票敦北,2185.0,0,104,779c,2345,2026-04-22
國票敦北,2165.0,1000,0,779c,2345,2026-04-22
國票內壢,2220.0,5,0,7798,2345,2026-04-22
國票內壢,2210.0,1,0,7798,2345,2026-04-22
國票內壢,2170.0,5,0,7798,2345,2026-04-22
國票中正,2235.0,0,10,7797,2345,2026-04-22
國票中正,2225.0,10,0,7797,2345,2026-04-22
國票中正,2180.0,55,0,7797,2345,2026-04-22
國票中正,2170.0,5,0,7797,2345,2026-04-22
國票中正,2150.0,1005,0,7797,2345,2026-04-22
兆豐城中,2215.0,1000,0,700W,2345,2026-04-22
玉山台南,2145.0,1000,0,8847,2345,2026-04-22
兆豐城中,2180.0,1,0,700W,2345,2026-04-22
兆豐城中,2135.0,1000,0,700W,2345,2026-04-22
兆豐桃園,2180.0,200,0,700M,2345,2026-04-22
兆豐桃園,2155.0,1000,0,700M,2345,2026-04-22
兆豐天母,2245.0,0,5,700L,2345,2026-04-22
兆豐天母,2205.0,5,0,700L,2345,2026-04-22
兆豐天母,2175.0,5,0,700L,2345,2026-04-22
兆豐新營,2190.0,50,0,700K,2345,2026-04-22
兆豐員林,2220.0,0,1009,700k,2345,2026-04-22
兆豐桃園,2190.0,25,0,700M,2345,2026-04-22
兆豐員林,2195.0,6,0,700k,2345,2026-04-22
兆豐公益,2185.0,9,6000,700J,2345,2026-04-22
兆豐公益,2165.0,5000,0,700J,2345,2026-04-22
兆豐公益,2155.0,1,0,700J,2345,2026-04-22
兆豐大安,2185.0,1,0,700j,2345,2026-04-22
兆豐大安,2150.0,1000,0,700j,2345,2026-04-22
兆豐北高,2230.0,0,4,700I,2345,2026-04-22
兆豐北高,2150.0,1000,0,700I,2345,2026-04-22
兆豐員林,2150.0,1000,0,700k,2345,2026-04-22
兆豐桃園,2215.0,1000,0,700M,2345,2026-04-22
兆豐埔墘,2160.0,20,0,700N,2345,2026-04-22
兆豐南京,2180.0,1000,0,700P,2345,2026-04-22
兆豐新竹,2250.0,0,5,700V,2345,2026-04-22
兆豐新竹,2235.0,65,210,700V,2345,2026-04-22
兆豐新竹,2225.0,100,100,700V,2345,2026-04-22
兆豐新竹,2215.0,5,10,700V,2345,2026-04-22
兆豐新竹,2200.0,5,1000,700V,2345,2026-04-22
兆豐新竹,2190.0,15,0,700V,2345,2026-04-22
兆豐新竹,2175.0,5,0,700V,2345,2026-04-22
兆豐新竹,2165.0,35,0,700V,2345,2026-04-22
兆豐新竹,2155.0,1,0,700V,2345,2026-04-22
兆豐桃鶯,2165.0,1000,0,700U,2345,2026-04-22
兆豐大同,2195.0,1000,0,700S,2345,2026-04-22
兆豐岡山,2235.0,0,10,700s,2345,2026-04-22
兆豐岡山,2185.0,0,10,700s,2345,2026-04-22
兆豐小港,2215.0,100,0,700R,2345,2026-04-22
兆豐寶成,2190.0,0,100,700r,2345,2026-04-22
兆豐寶成,2155.0,20,0,700r,2345,2026-04-22
兆豐南京,2225.0,0,1000,700P,2345,2026-04-22
兆豐城中,2160.0,173,1000,700W,2345,2026-04-22
凱基桃園,2170.0,1000,0,9208,2345,2026-04-22
玉山台南,2190.0,0,1,8847,2345,2026-04-22
玉山台南,2230.0,1000,0,8847,2345,2026-04-22
群益高雄,2165.0,0,2000,9183,2345,2026-04-22
群益高雄,2140.0,1000,0,9183,2345,2026-04-22
群益館前,2200.0,1000,0,913Y,2345,2026-04-22
群益館前,2180.0,0,1,913Y,2345,2026-04-22
群益崇德,2230.0,0,5,913U,2345,2026-04-22
群益崇德,2195.0,19,0,913U,2345,2026-04-22
群益崇德,2170.0,15,0,913U,2345,2026-04-22
群益高雄,2200.0,0,1000,9183,2345,2026-04-22
群益崇德,2150.0,1001,0,913U,2345,2026-04-22
群益土城,2230.0,1,0,913N,2345,2026-04-22
群益屏東,2220.0,4,0,913H,2345,2026-04-22
群益屏東,2175.0,10,0,913H,2345,2026-04-22
群益屏東,2155.0,10,0,913H,2345,2026-04-22
群益三重,2230.0,0,10,913g,2345,2026-04-22
群益三重,2205.0,30,0,913g,2345,2026-04-22
群益三重,2180.0,1000,0,913g,2345,2026-04-22
群益北高,2180.0,50,0,913R,2345,2026-04-22
群益基隆,2230.0,50,0,913E,2345,2026-04-22
群益台中,2150.0,10,0,9184,2345,2026-04-22
群益台中,2175.0,0,1,9184,2345,2026-04-22
群益中壢,2160.0,46,0,918A,2345,2026-04-22
群益三民,2220.0,0,1,9188,2345,2026-04-22
群益三民,2170.0,3,0,9188,2345,2026-04-22
群益彰化,2210.0,0,1000,9187,2345,2026-04-22
群益彰化,2170.0,10,1000,9187,2345,2026-04-22
群益彰化,2160.0,20,0,9187,2345,2026-04-22
群益新竹,2250.0,0,10,9186,2345,2026-04-22
群益台中,2165.0,0,10,9184,2345,2026-04-22
群益新竹,2230.0,0,1000,9186,2345,2026-04-22
群益新竹,2170.0,1002,0,9186,2345,2026-04-22
群益台南,2170.0,3,0,9185,2345,2026-04-22
群益台中,2235.0,0,5,9184,2345,2026-04-22
群益台中,2225.0,1050,0,9184,2345,2026-04-22
群益台中,2215.0,0,20,9184,2345,2026-04-22
群益台中,2205.0,1000,1000,9184,2345,2026-04-22
群益台中,2190.0,0,1000,9184,2345,2026-04-22
群益新竹,2210.0,1000,0,9186,2345,2026-04-22
群益基隆,2175.0,50,0,913E,2345,2026-04-22
群益潭子,2205.0,0,1000,913D,2345,2026-04-22
群益潭子,2185.0,1000,0,913D,2345,2026-04-22
群益海山,2190.0,10,1000,9108,2345,2026-04-22
群益海山,2180.0,0,50,9108,2345,2026-04-22
群益高盛,2180.0,1,0,9105,2345,2026-04-22
群益松山,2200.0,2000,4000,9103,2345,2026-04-22
群益松山,2180.0,20,0,9103,2345,2026-04-22
群益敦南,2230.0,1,10,9101,2345,2026-04-22
群益敦南,2200.0,100,0,9101,2345,2026-04-22
群益海山,2205.0,0,1000,9108,2345,2026-04-22
群益敦南,2155.0,0,1000,9101,2345,2026-04-22
群益,2225.0,1001,4000,9100,2345,2026-04-22
群益,2210.0,8000,1000,9100,2345,2026-04-22
群益,2200.0,301,11000,9100,2345,2026-04-22
群益,2190.0,5000,7000,9100,2345,2026-04-22
群益,2180.0,3311,0,9100,2345,2026-04-22
群益,2165.0,3000,0,9100,2345,2026-04-22
群益,2155.0,2100,3000,9100,2345,2026-04-22
群益,2235.0,1,0,9100,2345,2026-04-22
群益海山,2225.0,5,1000,9108,2345,2026-04-22
群益市府,2150.0,2000,0,910D,2345,2026-04-22
群益市府,2170.0,50,0,910D,2345,2026-04-22
群益士林,2225.0,50,0,9137,2345,2026-04-22
群益士林,2180.0,12,0,9137,2345,2026-04-22
群益西松,2220.0,0,10,9136,2345,2026-04-22
群益西松,2170.0,1000,0,9136,2345,2026-04-22
群益東大,2225.0,0,2,9135,2345,2026-04-22
群益東大,2215.0,0,2,9135,2345,2026-04-22
群益東大,2195.0,10,2,9135,2345,2026-04-22
群益東大,2185.0,30,0,9135,2345,2026-04-22
群益東大,2160.0,10,0,9135,2345,2026-04-22
群益東大,2150.0,100,0,9135,2345,2026-04-22
群益開元,2220.0,50,0,9134,2345,2026-04-22
群益開元,2160.0,1,0,9134,2345,2026-04-22
群益民權,2200.0,0,10,9131,2345,2026-04-22
群益民權,2180.0,0,10,9131,2345,2026-04-22
群益市府,2230.0,1000,0,910D,2345,2026-04-22
群益市府,2220.0,2000,1000,910D,2345,2026-04-22
群益市府,2205.0,1000,0,910D,2345,2026-04-22
群益中壢,2190.0,2050,0,918A,2345,2026-04-22
群益,2145.0,2000,0,9100,2345,2026-04-22
群益中壢,2205.0,48,0,918A,2345,2026-04-22
群益板橋,2190.0,1000,0,918B,2345,2026-04-22
凱基,2210.0,3000,1000,9200,2345,2026-04-22
凱基,2200.0,0,1000,9200,2345,2026-04-22
凱基,2190.0,3000,0,9200,2345,2026-04-22
凱基,2180.0,10050,1000,9200,2345,2026-04-22
凱基,2170.0,1050,1000,9200,2345,2026-04-22
凱基,2155.0,0,1000,9200,2345,2026-04-22
凱基,2140.0,0,1000,9200,2345,2026-04-22
凱基,2220.0,14,1000,9200,2345,2026-04-22
群益台北,2250.0,0,2,918X,2345,2026-04-22
群益延平,2170.0,0,2,918x,2345,2026-04-22
群益延平,2160.0,30,0,918x,2345,2026-04-22
群益延平,2145.0,0,1000,918x,2345,2026-04-22
群益忠孝,2170.0,1,0,918W,2345,2026-04-22
群益瑞豐,2200.0,100,0,918u,2345,2026-04-22
群益瑞豐,2160.0,100,0,918u,2345,2026-04-22
群益瑞豐,2150.0,5,0,918u,2345,2026-04-22
群益台北,2160.0,0,20,918X,2345,2026-04-22
群益丹鳳,2225.0,1000,0,918s,2345,2026-04-22
凱基,2230.0,1000,0,9200,2345,2026-04-22
凱基中港,2170.0,5,0,9202,2345,2026-04-22
凱基永和,2230.0,100,0,9207,2345,2026-04-22
凱基永和,2180.0,3,0,9207,2345,2026-04-22
凱基高雄,2170.0,1,0,9206,2345,2026-04-22
凱基高雄,2160.0,1,1,9206,2345,2026-04-22
凱基高雄,2150.0,1,0,9206,2345,2026-04-22
凱基三重,2250.0,0,10,9205,2345,2026-04-22
凱基三重,2205.0,0,1000,9205,2345,2026-04-22
凱基,2240.0,10000,2000,9200,2345,2026-04-22
凱基三重,2150.0,1100,0,9205,2345,2026-04-22
凱基台中,2215.0,10,0,9204,2345,2026-04-22
凱基台中,2185.0,1000,0,9204,2345,2026-04-22
凱基台中,2150.0,2000,0,9204,2345,2026-04-22
凱基中港,2220.0,10,0,9202,2345,2026-04-22
凱基中港,2210.0,0,10,9202,2345,2026-04-22
凱基中港,2195.0,50,0,9202,2345,2026-04-22
凱基中港,2185.0,0,1000,9202,2345,2026-04-22
凱基台中,2235.0,1000,0,9204,2345,2026-04-22
群益丹鳳,2200.0,0,2000,918s,2345,2026-04-22
群益丹鳳,2170.0,1000,0,918s,2345,2026-04-22
群益丹鳳,2160.0,1000,0,918s,2345,2026-04-22
群益南京,2185.0,1000,0,918E,2345,2026-04-22
群益南京,2160.0,20,0,918E,2345,2026-04-22
群益東門,2225.0,50,0,918D,2345,2026-04-22
群益東門,2205.0,0,1000,918D,2345,2026-04-22
群益東門,2185.0,1000,0,918D,2345,2026-04-22
群益內湖,2220.0,0,100,918d,2345,2026-04-22
群益內湖,2185.0,0,1000,918d,2345,2026-04-22
群益新店,2155.0,100,0,918F,2345,2026-04-22
群益古亭,2235.0,0,1000,918C,2345,2026-04-22
群益古亭,2195.0,3,0,918C,2345,2026-04-22
群益古亭,2180.0,0,1001,918C,2345,2026-04-22
群益古亭,2165.0,4,1000,918C,2345,2026-04-22
群益鳳山,2235.0,0,40,918c,2345,2026-04-22
群益鳳山,2205.0,2,0,918c,2345,2026-04-22
群益鳳山,2160.0,20,1,918c,2345,2026-04-22
群益板橋,2225.0,1000,25,918B,2345,2026-04-22
群益古亭,2215.0,0,50,918C,2345,2026-04-22
群益新店,2210.0,0,2000,918F,2345,2026-04-22
群益新店,2235.0,20,0,918F,2345,2026-04-22
群益大甲,2180.0,6,0,918g,2345,2026-04-22
群益嘉義,2220.0,50,0,918M,2345,2026-04-22
群益嘉義,2185.0,0,1000,918M,2345,2026-04-22
群益嘉義,2165.0,1000,0,918M,2345,2026-04-22
群益建成,2190.0,10,0,918L,2345,2026-04-22
群益建成,2160.0,5,0,918L,2345,2026-04-22
群益東湖,2200.0,0,1000,918K,2345,2026-04-22
群益東湖,2150.0,1100,0,918K,2345,2026-04-22
群益永和,2240.0,0,30,918J,2345,2026-04-22
群益永和,2230.0,0,10,918J,2345,2026-04-22
群益永和,2195.0,0,20,918J,2345,2026-04-22
群益永和,2165.0,0,1,918J,2345,2026-04-22
群益中山,2220.0,25,0,918H,2345,2026-04-22
群益新莊,2245.0,10,0,918G,2345,2026-04-22
群益新莊,2225.0,13,0,918G,2345,2026-04-22
群益新莊,2200.0,400,100,918G,2345,2026-04-22
群益新莊,2175.0,0,100,918G,2345,2026-04-22
群益大甲,2225.0,0,1000,918g,2345,2026-04-22
群益中壢,2220.0,0,1000,918A,2345,2026-04-22
上海匯豐,2215.0,1000,0,8960,2345,2026-04-22
法銀巴黎,2210.0,2000,0,8900,2345,2026-04-22
法銀巴黎,2190.0,0,1000,8900,2345,2026-04-22
玉山大里,2190.0,1007,1,884J,2345,2026-04-22
玉山大里,2170.0,5000,0,884J,2345,2026-04-22
玉山大里,2150.0,1000,0,884J,2345,2026-04-22
玉山新竹,2230.0,0,1000,884H,2345,2026-04-22
玉山新竹,2220.0,1000,0,884H,2345,2026-04-22
玉山新竹,2210.0,150,1000,884H,2345,2026-04-22
玉山新竹,2190.0,0,41,884H,2345,2026-04-22
玉山大里,2205.0,0,1000,884J,2345,2026-04-22
玉山新竹,2170.0,15,0,884H,2345,2026-04-22
玉山桃園,2230.0,2,0,884F,2345,2026-04-22
玉山桃園,2220.0,101,0,884F,2345,2026-04-22
玉山桃園,2210.0,10,0,884F,2345,2026-04-22
玉山桃園,2195.0,1,0,884F,2345,2026-04-22
玉山桃園,2185.0,1,2000,884F,2345,2026-04-22
玉山桃園,2175.0,1,0,884F,2345,2026-04-22
玉山桃園,2165.0,4,0,884F,2345,2026-04-22
玉山新竹,2145.0,5000,0,884H,2345,2026-04-22
玉山桃園,2150.0,1010,0,884F,2345,2026-04-22
玉山大里,2230.0,5,10,884J,2345,2026-04-22
玉山數位,2160.0,2,0,884M,2345,2026-04-22
國泰高雄,2155.0,2,0,8881,2345,2026-04-22
國泰綜合,2250.0,4,0,8880,2345,2026-04-22
國泰綜合,2240.0,2003,2000,8880,2345,2026-04-22
國泰綜合,2230.0,11,2000,8880,2345,2026-04-22
國泰綜合,2220.0,1006,6000,8880,2345,2026-04-22
國泰綜合,2210.0,19,15000,8880,2345,2026-04-22
國泰綜合,2200.0,54,5001,8880,2345,2026-04-22
玉山大里,2245.0,0,5000,884J,2345,2026-04-22
國泰綜合,2190.0,5,5000,8880,2345,2026-04-22
國泰綜合,2170.0,13,0,8880,2345,2026-04-22
國泰綜合,2160.0,13,6000,8880,2345,2026-04-22
國泰綜合,2140.0,1000,0,8880,2345,2026-04-22
玉山數位,2240.0,3,0,884M,2345,2026-04-22
玉山數位,2210.0,2,1000,884M,2345,2026-04-22
玉山數位,2190.0,0,20,884M,2345,2026-04-22
玉山數位,2170.0,2,0,884M,2345,2026-04-22
國泰綜合,2180.0,25,5000,8880,2345,2026-04-22
玉山城中,2230.0,10,32,884E,2345,2026-04-22
玉山城中,2220.0,15,0,884E,2345,2026-04-22
玉山城中,2210.0,100,0,884E,2345,2026-04-22
玉山台中,2200.0,20,0,884B,2345,2026-04-22
玉山台中,2190.0,10,0,884B,2345,2026-04-22
玉山台中,2180.0,1009,2100,884B,2345,2026-04-22
玉山台中,2170.0,5,3000,884B,2345,2026-04-22
玉山台中,2160.0,10,0,884B,2345,2026-04-22
玉山台中,2150.0,2060,0,884B,2345,2026-04-22
玉山士林,2220.0,2,5,884A,2345,2026-04-22
玉山台中,2215.0,1020,11,884B,2345,2026-04-22
玉山士林,2205.0,1000,0,884A,2345,2026-04-22
玉山士林,2155.0,100,0,884A,2345,2026-04-22
玉山景美,2235.0,5,0,8849,2345,2026-04-22
玉山景美,2180.0,64,0,8849,2345,2026-04-22
玉山景美,2160.0,10,0,8849,2345,2026-04-22
玉山嘉義,2215.0,0,10,8848,2345,2026-04-22
玉山嘉義,2190.0,1030,10,8848,2345,2026-04-22
玉山嘉義,2175.0,12,0,8848,2345,2026-04-22
玉山士林,2180.0,0,1000,884A,2345,2026-04-22
玉山台中,2230.0,1000,1000,884B,2345,2026-04-22
玉山台中,2240.0,2000,0,884B,2345,2026-04-22
玉山信義,2165.0,1,0,884C,2345,2026-04-22
玉山城中,2200.0,0,1000,884E,2345,2026-04-22
玉山城中,2190.0,22,1001,884E,2345,2026-04-22
玉山城中,2180.0,1025,10,884E,2345,2026-04-22
玉山城中,2170.0,6,0,884E,2345,2026-04-22
玉山城中,2150.0,2000,0,884E,2345,2026-04-22
玉山左營,2225.0,15,2,884D,2345,2026-04-22
玉山左營,2210.0,25,2000,884D,2345,2026-04-22
玉山左營,2200.0,1010,0,884D,2345,2026-04-22
玉山左營,2185.0,2,0,884D,2345,2026-04-22
玉山左營,2170.0,0,5,884D,2345,2026-04-22
玉山左營,2160.0,1000,0,884D,2345,2026-04-22
玉山左營,2150.0,2000,0,884D,2345,2026-04-22
玉山信義,2240.0,1,0,884C,2345,2026-04-22
玉山信義,2230.0,0,1000,884C,2345,2026-04-22
玉山信義,2220.0,10,0,884C,2345,2026-04-22
玉山信義,2210.0,4,0,884C,2345,2026-04-22
玉山信義,2180.0,1000,0,884C,2345,2026-04-22
國泰高雄,2165.0,1,0,8881,2345,2026-04-22
國泰高雄,2175.0,2,0,8881,2345,2026-04-22
國泰高雄,2185.0,1,0,8881,2345,2026-04-22
國泰高雄,2195.0,1010,120,8881,2345,2026-04-22
國泰館前,2155.0,6003,11,888A,2345,2026-04-22
國泰敦南,2250.0,42,116,8888,2345,2026-04-22
國泰敦南,2240.0,4035,60,8888,2345,2026-04-22
國泰敦南,2230.0,1161,3121,8888,2345,2026-04-22
國泰敦南,2220.0,2324,2182,8888,2345,2026-04-22
國泰敦南,2210.0,3283,3153,8888,2345,2026-04-22
國泰敦南,2200.0,2660,364,8888,2345,2026-04-22
國泰館前,2165.0,1,0,888A,2345,2026-04-22
國泰敦南,2190.0,566,1049,8888,2345,2026-04-22
國泰敦南,2170.0,2336,3024,8888,2345,2026-04-22
國泰敦南,2160.0,5144,1003,8888,2345,2026-04-22
國泰敦南,2150.0,3486,1104,8888,2345,2026-04-22
國泰忠孝,2225.0,130,0,8887,2345,2026-04-22
國泰忠孝,2215.0,270,0,8887,2345,2026-04-22
國泰忠孝,2190.0,8,1000,8887,2345,2026-04-22
國泰忠孝,2175.0,60,0,8887,2345,2026-04-22
國泰敦南,2180.0,2595,3019,8888,2345,2026-04-22
國泰館前,2175.0,2001,0,888A,2345,2026-04-22
國泰館前,2185.0,12,0,888A,2345,2026-04-22
國泰館前,2195.0,53,1000,888A,2345,2026-04-22
法銀巴黎,2170.0,0,2000,8900,2345,2026-04-22
法銀巴黎,2140.0,0,1000,8900,2345,2026-04-22
國泰板橋,2245.0,0,2000,888K,2345,2026-04-22
國泰板橋,2235.0,2,3000,888K,2345,2026-04-22
國泰板橋,2225.0,100,2000,888K,2345,2026-04-22
國泰板橋,2215.0,32,2135,888K,2345,2026-04-22
國泰板橋,2205.0,0,2015,888K,2345,2026-04-22
國泰板橋,2195.0,2130,2,888K,2345,2026-04-22
國泰板橋,2185.0,0,13,888K,2345,2026-04-22
國泰板橋,2175.0,1000,2000,888K,2345,2026-04-22
國泰板橋,2165.0,4,20,888K,2345,2026-04-22
國泰板橋,2155.0,50,0,888K,2345,2026-04-22
國泰館前,2250.0,10,7,888A,2345,2026-04-22
國泰館前,2235.0,7,9,888A,2345,2026-04-22
國泰館前,2225.0,2,0,888A,2345,2026-04-22
國泰館前,2215.0,29,10,888A,2345,2026-04-22
國泰館前,2205.0,0,6000,888A,2345,2026-04-22
國泰新莊,2245.0,0,10,8886,2345,2026-04-22
玉山台南,2205.0,5,0,8847,2345,2026-04-22
國泰新莊,2225.0,1,0,8886,2345,2026-04-22
國泰新莊,2190.0,20,10,8886,2345,2026-04-22
國泰松江,2170.0,1003,0,8883,2345,2026-04-22
國泰松江,2160.0,1110,0,8883,2345,2026-04-22
國泰松江,2150.0,2000,0,8883,2345,2026-04-22
國泰台中,2245.0,2021,0,8882,2345,2026-04-22
國泰台中,2235.0,0,1000,8882,2345,2026-04-22
國泰台中,2225.0,20,0,8882,2345,2026-04-22
國泰台中,2215.0,135,0,8882,2345,2026-04-22
國泰松江,2180.0,1,0,8883,2345,2026-04-22
國泰台中,2205.0,1000,0,8882,2345,2026-04-22
國泰台中,2180.0,2021,5,8882,2345,2026-04-22
國泰台中,2170.0,1010,0,8882,2345,2026-04-22
國泰台中,2160.0,80,0,8882,2345,2026-04-22
國泰台中,2150.0,1024,0,8882,2345,2026-04-22
國泰高雄,2225.0,0,2002,8881,2345,2026-04-22
國泰高雄,2215.0,2,1,8881,2345,2026-04-22
國泰高雄,2205.0,0,1,8881,2345,2026-04-22
國泰台中,2190.0,14,1010,8882,2345,2026-04-22
國泰松江,2190.0,31,20,8883,2345,2026-04-22
國泰松江,2200.0,0,1000,8883,2345,2026-04-22
國泰松江,2225.0,0,1000,8883,2345,2026-04-22
國泰新莊,2175.0,11,0,8886,2345,2026-04-22
國泰新莊,2150.0,2003,0,8886,2345,2026-04-22
國泰桃園,2235.0,0,2,8885,2345,2026-04-22
國泰桃園,2225.0,10,0,8885,2345,2026-04-22
國泰桃園,2215.0,0,4,8885,2345,2026-04-22
國泰桃園,2200.0,0,1005,8885,2345,2026-04-22
國泰桃園,2190.0,2,1000,8885,2345,2026-04-22
國泰桃園,2180.0,110,0,8885,2345,2026-04-22
國泰桃園,2170.0,80,0,8885,2345,2026-04-22
國泰桃園,2160.0,21,1,8885,2345,2026-04-22
國泰桃園,2150.0,1053,0,8885,2345,2026-04-22
國泰台南,2220.0,3,0,8884,2345,2026-04-22
國泰台南,2210.0,1,6,8884,2345,2026-04-22
國泰台南,2195.0,1000,1000,8884,2345,2026-04-22
國泰台南,2180.0,54,1000,8884,2345,2026-04-22
國泰台南,2170.0,0,230,8884,2345,2026-04-22
國泰台南,2150.0,2020,0,8884,2345,2026-04-22
國泰新莊,2205.0,0,10,8886,2345,2026-04-22
元大佳里,2220.0,4,0,981e,2345,2026-04-22
元大發財,2170.0,100,0,981E,2345,2026-04-22
元大福營,2170.0,20,0,981F,2345,2026-04-22
中信三重,2155.0,2000,0,6161,2345,2026-04-22
中信三重,2200.0,10,1007,6161,2345,2026-04-22
中信三重,2245.0,0,1000,6161,2345,2026-04-22
中信託忠,2155.0,3,0,6162,2345,2026-04-22
中信託忠,2165.0,55,0,6162,2345,2026-04-22
中信託忠,2175.0,0,1000,6162,2345,2026-04-22
中信託忠,2190.0,1000,0,6162,2345,2026-04-22
中國信託,2250.0,63,0,6160,2345,2026-04-22
中信託忠,2215.0,100,0,6162,2345,2026-04-22
中信託永,2165.0,100,0,6163,2345,2026-04-22
中信託永,2190.0,20,0,6163,2345,2026-04-22
中信託永,2220.0,20,0,6163,2345,2026-04-22
中信託文,2150.0,1000,2000,6164,2345,2026-04-22
中信託文,2165.0,60,0,6164,2345,2026-04-22
中信託文,2180.0,1000,0,6164,2345,2026-04-22
中信託文,2190.0,70,0,6164,2345,2026-04-22
中信託忠,2225.0,1000,0,6162,2345,2026-04-22
中信託文,2200.0,20,0,6164,2345,2026-04-22
中國信託,2230.0,93,0,6160,2345,2026-04-22
中國信託,2205.0,20,0,6160,2345,2026-04-22
台中銀,2175.0,5,0,6110,2345,2026-04-22
台中銀,2185.0,1005,0,6110,2345,2026-04-22
台中銀,2195.0,1000,200,6110,2345,2026-04-22
台中銀,2210.0,0,2000,6110,2345,2026-04-22
台中銀,2220.0,0,3,6110,2345,2026-04-22
台中銀,2230.0,3,1001,6110,2345,2026-04-22
中銀員林,2155.0,30,0,6114,2345,2026-04-22
中國信託,2220.0,154,100,6160,2345,2026-04-22
中銀高雄,2220.0,0,50,6116,2345,2026-04-22
中銀豐原,2200.0,1000,0,611A,2345,2026-04-22
中銀豐原,2225.0,1000,0,611A,2345,2026-04-22
中國信託,2155.0,30,0,6160,2345,2026-04-22
中國信託,2165.0,6,1000,6160,2345,2026-04-22
中國信託,2175.0,25,0,6160,2345,2026-04-22
中國信託,2185.0,50,0,6160,2345,2026-04-22
中國信託,2195.0,0,43,6160,2345,2026-04-22
中銀豐原,2165.0,100,1000,611A,2345,2026-04-22
中信託文,2210.0,20,1,6164,2345,2026-04-22
中信託文,2220.0,40,0,6164,2345,2026-04-22
中信託文,2230.0,35,0,6164,2345,2026-04-22
光和,2175.0,10,0,6380,2345,2026-04-22
光和,2230.0,1,0,6380,2345,2026-04-22
光和溪湖,2215.0,0,10,6381,2345,2026-04-22
光和田中,2220.0,20,0,6382,2345,2026-04-22
光和高雄,2175.0,10,0,638D,2345,2026-04-22
光和高雄,2190.0,0,10,638D,2345,2026-04-22
永全,2150.0,1000,0,6450,2345,2026-04-22
新百王,2195.0,1000,0,6210,2345,2026-04-22
永全,2245.0,1,0,6450,2345,2026-04-22
大昌,2150.0,0,500,6460,2345,2026-04-22
台新安南,2220.0,0,2,9B2Z,2345,2026-04-22
台新安南,2185.0,1000,0,9B2Z,2345,2026-04-22
台新安南,2160.0,2,0,9B2Z,2345,2026-04-22
台新文心,2250.0,3,0,9B2z,2345,2026-04-22
台新文心,2220.0,10,1000,9B2z,2345,2026-04-22
台新文心,2180.0,1000,0,9B2z,2345,2026-04-22
永全南崁,2225.0,50,0,6451,2345,2026-04-22
中信託高,2245.0,0,1000,616K,2345,2026-04-22
中信託高,2230.0,0,1051,616K,2345,2026-04-22
中信託高,2220.0,0,5,616K,2345,2026-04-22
中信託文,2250.0,7,0,6164,2345,2026-04-22
中信託新,2180.0,80,0,6165,2345,2026-04-22
中信託新,2195.0,10,0,6165,2345,2026-04-22
中信託新,2205.0,5,0,6165,2345,2026-04-22
中信託新,2215.0,6,0,6165,2345,2026-04-22
中信託新,2235.0,100,0,6165,2345,2026-04-22
中信松江,2175.0,50,0,6167,2345,2026-04-22
中信松江,2200.0,50,1000,6167,2345,2026-04-22
中信松江,2230.0,10,5,6167,2345,2026-04-22
中信嘉義,2190.0,10,0,6168,2345,2026-04-22
中信嘉義,2230.0,0,300,6168,2345,2026-04-22
中信中壢,2170.0,38,20,616A,2345,2026-04-22
中信中壢,2225.0,3,10,616A,2345,2026-04-22
中信託高,2165.0,0,1000,616K,2345,2026-04-22
中信託高,2180.0,1000,0,616K,2345,2026-04-22
中信託高,2190.0,50,0,616K,2345,2026-04-22
中信託高,2205.0,0,50,616K,2345,2026-04-22
台中銀,2155.0,50,0,6110,2345,2026-04-22
台新文心,2170.0,0,2000,9B2z,2345,2026-04-22
?亞鑫豐,2240.0,0,5,601d,2345,2026-04-22
?亞鑫豐,2205.0,0,5,601d,2345,2026-04-22
統一屏東,2250.0,0,5,5859,2345,2026-04-22
統一內湖,2180.0,0,1000,585b,2345,2026-04-22
統一內湖,2200.0,0,1000,585b,2345,2026-04-22
統一內湖,2230.0,8000,0,585b,2345,2026-04-22
統一仁愛,2185.0,0,1000,585c,2345,2026-04-22
統一仁愛,2205.0,0,1000,585c,2345,2026-04-22
統一仁愛,2220.0,1000,0,585c,2345,2026-04-22
統一屏東,2225.0,40,0,5859,2345,2026-04-22
統一仁愛,2230.0,0,1000,585c,2345,2026-04-22
統一新台中,2175.0,20,0,585D,2345,2026-04-22
統一新台中,2210.0,1000,0,585D,2345,2026-04-22
統一新營,2160.0,0,1000,585E,2345,2026-04-22
統一新營,2210.0,0,1,585E,2345,2026-04-22
統一彰化,2150.0,2000,0,585F,2345,2026-04-22
統一彰化,2190.0,0,2000,585F,2345,2026-04-22
統一彰化,2200.0,0,2000,585F,2345,2026-04-22
統一仁愛,2245.0,2000,1000,585c,2345,2026-04-22
統一彰化,2210.0,0,2040,585F,2345,2026-04-22
統一屏東,2210.0,0,10,5859,2345,2026-04-22
統一屏東,2160.0,10,0,5859,2345,2026-04-22
統一城中,2210.0,0,3000,5854,2345,2026-04-22
統一城中,2230.0,0,2000,5854,2345,2026-04-22
統一台南,2150.0,0,4,5855,2345,2026-04-22
統一台南,2170.0,0,1000,5855,2345,2026-04-22
統一台南,2200.0,1000,0,5855,2345,2026-04-22
統一台南,2230.0,3,0,5855,2345,2026-04-22
統一台中,2150.0,6,0,5856,2345,2026-04-22
統一屏東,2190.0,10,0,5859,2345,2026-04-22
統一台中,2190.0,60,0,5856,2345,2026-04-22
統一台中,2230.0,0,5,5856,2345,2026-04-22
統一台中,2245.0,0,120,5856,2345,2026-04-22
統一新竹,2155.0,5,0,5857,2345,2026-04-22
統一新竹,2180.0,6002,0,5857,2345,2026-04-22
統一新竹,2200.0,0,1000,5857,2345,2026-04-22
統一新竹,2220.0,0,1,5857,2345,2026-04-22
統一新竹,2250.0,2,0,5857,2345,2026-04-22
統一台中,2215.0,0,2,5856,2345,2026-04-22
統一平鎮,2140.0,1000,0,585g,2345,2026-04-22
統一平鎮,2235.0,0,1100,585g,2345,2026-04-22
統一桃園,2145.0,0,1000,585H,2345,2026-04-22
統一三多,2200.0,3000,0,585Q,2345,2026-04-22
統一三多,2235.0,0,1000,585Q,2345,2026-04-22
統一東湖,2150.0,10,0,585R,2345,2026-04-22
統一東湖,2205.0,0,1000,585R,2345,2026-04-22
統一宜蘭,2195.0,1,0,585S,2345,2026-04-22
統一宜蘭,2220.0,1,0,585S,2345,2026-04-22
統一南京,2185.0,1000,0,585U,2345,2026-04-22
統一板橋,2240.0,6000,4000,585P,2345,2026-04-22
統一南京,2220.0,10,6,585U,2345,2026-04-22
統一松江,2155.0,20,0,585Z,2345,2026-04-22
統一松江,2185.0,5,0,585Z,2345,2026-04-22
統一松江,2230.0,2000,0,585Z,2345,2026-04-22
日茂,2185.0,5000,0,5960,2345,2026-04-22
日茂,2240.0,0,5000,5960,2345,2026-04-22
?亞網路,2210.0,100,0,6012,2345,2026-04-22
?亞鑫豐,2170.0,10,0,601d,2345,2026-04-22
統一金門,2150.0,1000,0,585W,2345,2026-04-22
統一板橋,2230.0,14000,4000,585P,2345,2026-04-22
統一板橋,2220.0,18000,17000,585P,2345,2026-04-22
統一板橋,2210.0,13000,8000,585P,2345,2026-04-22
統一桃園,2190.0,0,1000,585H,2345,2026-04-22
統一桃園,2245.0,10,0,585H,2345,2026-04-22
統一三重,2160.0,60,50,585J,2345,2026-04-22
統一三重,2200.0,1,0,585J,2345,2026-04-22
統一竹南,2190.0,2,0,585m,2345,2026-04-22
統一士林,2130.0,0,2000,585M,2345,2026-04-22
統一士林,2155.0,52,0,585M,2345,2026-04-22
統一士林,2175.0,1000,309,585M,2345,2026-04-22
統一士林,2185.0,2,0,585M,2345,2026-04-22
統一士林,2205.0,0,1000,585M,2345,2026-04-22
統一板橋,2140.0,4000,2000,585P,2345,2026-04-22
統一板橋,2150.0,4000,24000,585P,2345,2026-04-22
統一板橋,2160.0,6000,2000,585P,2345,2026-04-22
統一板橋,2170.0,8000,12000,585P,2345,2026-04-22
統一板橋,2180.0,8000,10000,585P,2345,2026-04-22
統一板橋,2190.0,6000,12000,585P,2345,2026-04-22
統一板橋,2200.0,8000,8000,585P,2345,2026-04-22
?亞鑫豐,2215.0,0,10,601d,2345,2026-04-22
台新文心,2155.0,5,0,9B2z,2345,2026-04-22
台新埔里,2240.0,0,25,9B2Y,2345,2026-04-22
台新埔里,2190.0,0,20,9B2Y,2345,2026-04-22
台新台北,2165.0,0,4000,9B20,2345,2026-04-22
台新台北,2155.0,0,2000,9B20,2345,2026-04-22
台新台北,2145.0,0,2000,9B20,2345,2026-04-22
台新中壢,2225.0,5,0,9B1y,2345,2026-04-22
台新中壢,2210.0,0,6000,9B1y,2345,2026-04-22
台新中壢,2195.0,10,0,9B1y,2345,2026-04-22
台新中壢,2175.0,20,0,9B1y,2345,2026-04-22
台新台北,2190.0,0,5000,9B20,2345,2026-04-22
台新中壢,2165.0,10,0,9B1y,2345,2026-04-22
台新台中,2235.0,0,60,9B1h,2345,2026-04-22
台新台中,2210.0,60,90,9B1h,2345,2026-04-22
台新台中,2200.0,95,0,9B1h,2345,2026-04-22
台新台中,2190.0,35,0,9B1h,2345,2026-04-22
台新台中,2180.0,0,51,9B1h,2345,2026-04-22
台新台中,2170.0,0,61,9B1h,2345,2026-04-22
台新台中,2160.0,7,1000,9B1h,2345,2026-04-22
台新中壢,2150.0,5000,0,9B1y,2345,2026-04-22
台新台中,2150.0,14,0,9B1h,2345,2026-04-22
台新九如,2165.0,1,0,9B21,2345,2026-04-22
台新新店,2185.0,5000,0,9B22,2345,2026-04-22
台新緯城,2205.0,10,6,9B2A,2345,2026-04-22
台新緯城,2165.0,3,0,9B2A,2345,2026-04-22
台新緯城,2155.0,3,0,9B2A,2345,2026-04-22
台新松德,2230.0,25,0,9B2a,2345,2026-04-22
台新松德,2170.0,50,0,9B2a,2345,2026-04-22
台新府城,2235.0,20,0,9B29,2345,2026-04-22
台新府城,2210.0,10,0,9B29,2345,2026-04-22
台新九如,2220.0,2,0,9B21,2345,2026-04-22
台新北新,2220.0,1000,0,9B28,2345,2026-04-22
台新五權,2195.0,0,5,9B25,2345,2026-04-22
台新五權,2160.0,0,1,9B25,2345,2026-04-22
台新三重,2235.0,21,0,9B23,2345,2026-04-22
台新三重,2190.0,20,0,9B23,2345,2026-04-22
台新三重,2165.0,1,0,9B23,2345,2026-04-22
台新新店,2215.0,0,3,9B22,2345,2026-04-22
台新新店,2200.0,0,2000,9B22,2345,2026-04-22
台新林園,2165.0,0,100,9B27,2345,2026-04-22
台新高雄,2235.0,0,1001,9B1g,2345,2026-04-22
台新高雄,2215.0,1000,0,9B1g,2345,2026-04-22
台新高雄,2190.0,15,30000,9B1g,2345,2026-04-22
台新新營,2195.0,1000,0,9B11,2345,2026-04-22
台新新營,2150.0,1000,0,9B11,2345,2026-04-22
台新證券,2240.0,1002,30,9B00,2345,2026-04-22
台新證券,2230.0,86,1065,9B00,2345,2026-04-22
台新證券,2220.0,1056,3030,9B00,2345,2026-04-22
台新證券,2210.0,4022,2077,9B00,2345,2026-04-22
台新證券,2200.0,1000,3100,9B00,2345,2026-04-22
台新新營,2215.0,2,0,9B11,2345,2026-04-22
台新證券,2190.0,1021,1104,9B00,2345,2026-04-22
台新證券,2170.0,1025,38,9B00,2345,2026-04-22
台新證券,2160.0,4041,1015,9B00,2345,2026-04-22
台新證券,2150.0,6035,2000,9B00,2345,2026-04-22
永豐復興,2225.0,10,0,9A9Z,2345,2026-04-22
永豐復興,2210.0,1000,0,9A9Z,2345,2026-04-22
永豐復興,2175.0,2000,0,9A9Z,2345,2026-04-22
永豐板盛,2230.0,10,0,9A9Y,2345,2026-04-22
台新證券,2180.0,1100,0,9B00,2345,2026-04-22
台新三民,2210.0,5,0,9B13,2345,2026-04-22
台新三民,2235.0,300,0,9B13,2345,2026-04-22
台新松江,2165.0,1000,0,9B15,2345,2026-04-22
台新高雄,2180.0,50,4,9B1g,2345,2026-04-22
台新高雄,2170.0,1050,0,9B1g,2345,2026-04-22
台新高雄,2155.0,0,1000,9B1g,2345,2026-04-22
台新左楠,2250.0,20,0,9B1d,2345,2026-04-22
台新左楠,2200.0,10,0,9B1d,2345,2026-04-22
台新新莊,2240.0,0,2,9B19,2345,2026-04-22
台新新莊,2210.0,1005,0,9B19,2345,2026-04-22
台新新莊,2155.0,10,0,9B19,2345,2026-04-22
台新建北,2230.0,15,63,9B18,2345,2026-04-22
台新建北,2200.0,1000,10,9B18,2345,2026-04-22
台新建北,2170.0,0,4,9B18,2345,2026-04-22
台新台南,2220.0,12,0,9B16,2345,2026-04-22
台新台南,2155.0,100,0,9B16,2345,2026-04-22
台新松江,2240.0,1,0,9B15,2345,2026-04-22
台新松江,2225.0,30,0,9B15,2345,2026-04-22
台新松江,2195.0,6,0,9B15,2345,2026-04-22
台新松江,2180.0,1,0,9B15,2345,2026-04-22
台新緯城,2215.0,10,0,9B2A,2345,2026-04-22
台新板橋,2140.0,1000,0,9B2b,2345,2026-04-22
台新板橋,2165.0,1,0,9B2b,2345,2026-04-22
台新板橋,2180.0,1001,0,9B2b,2345,2026-04-22
台新城東,2170.0,52,0,9B2r,2345,2026-04-22
台新城東,2160.0,20,0,9B2r,2345,2026-04-22
台新敦南,2240.0,1000,0,9B2Q,2345,2026-04-22
台新敦南,2200.0,0,2000,9B2Q,2345,2026-04-22
台新敦南,2180.0,1,0,9B2Q,2345,2026-04-22
台新屏新,2190.0,1,0,9B2q,2345,2026-04-22
台新屏新,2180.0,2,0,9B2q,2345,2026-04-22
台新城東,2190.0,2,0,9B2r,2345,2026-04-22
台新同大,2240.0,1000,0,9B2P,2345,2026-04-22
台新同大,2220.0,1000,0,9B2P,2345,2026-04-22
台新同大,2195.0,100,0,9B2P,2345,2026-04-22
台新同大,2185.0,0,5,9B2P,2345,2026-04-22
台新同大,2165.0,51,0,9B2P,2345,2026-04-22
台新新興,2200.0,100,0,9B2o,2345,2026-04-22
台新新興,2155.0,30,0,9B2o,2345,2026-04-22
台新虎尾,2220.0,1,0,9B2N,2345,2026-04-22
台新同大,2230.0,1,0,9B2P,2345,2026-04-22
台新基隆,2195.0,10,0,9B2S,2345,2026-04-22
台新世貿,2210.0,0,10,9B2u,2345,2026-04-22
台新世貿,2230.0,10,0,9B2u,2345,2026-04-22
台新埔里,2180.0,20,0,9B2Y,2345,2026-04-22
台新花蓮,2200.0,50,0,9B2y,2345,2026-04-22
台新草屯,2250.0,0,7,9B2X,2345,2026-04-22
台新草屯,2225.0,0,1000,9B2X,2345,2026-04-22
台新草屯,2215.0,18,0,9B2X,2345,2026-04-22
台新草屯,2190.0,10,0,9B2X,2345,2026-04-22
台新草屯,2150.0,2000,0,9B2X,2345,2026-04-22
台新佳里,2210.0,2,0,9B2w,2345,2026-04-22
台新桃園,2225.0,1000,0,9B2v,2345,2026-04-22
台新桃園,2200.0,3,0,9B2v,2345,2026-04-22
台新桃園,2190.0,1000,0,9B2v,2345,2026-04-22
台新桃園,2170.0,1030,0,9B2v,2345,2026-04-22
台新桃園,2160.0,2000,130,9B2v,2345,2026-04-22
台新宜蘭,2230.0,0,1000,9B2U,2345,2026-04-22
台新宜蘭,2220.0,2000,0,9B2U,2345,2026-04-22
台新宜蘭,2205.0,1000,0,9B2U,2345,2026-04-22
台新宜蘭,2180.0,0,2000,9B2U,2345,2026-04-22
台新西松,2225.0,10000,0,9B2n,2345,2026-04-22
統一城中,2195.0,1000,0,5854,2345,2026-04-22
台新西松,2210.0,5000,0,9B2n,2345,2026-04-22
台新彰化,2210.0,1000,0,9B2M,2345,2026-04-22
台新中原,2190.0,30,0,9B2g,2345,2026-04-22
台新城中,2235.0,1,0,9B2E,2345,2026-04-22
台新城中,2220.0,9,1000,9B2E,2345,2026-04-22
台新城中,2185.0,0,1000,9B2E,2345,2026-04-22
台新城中,2160.0,5,0,9B2E,2345,2026-04-22
台新城中,2130.0,1000,0,9B2E,2345,2026-04-22
台新大昌,2215.0,5,1000,9B2D,2345,2026-04-22
台新中原,2230.0,0,50,9B2g,2345,2026-04-22
台新潮州,2215.0,2,0,9B2C,2345,2026-04-22
台新潮州,2160.0,23,0,9B2C,2345,2026-04-22
台新烏日,2245.0,0,10,9B2c,2345,2026-04-22
台新烏日,2205.0,2,0,9B2c,2345,2026-04-22
台新永和,2170.0,0,100,9B2B,2345,2026-04-22
台新永和,2160.0,100,0,9B2B,2345,2026-04-22
台新板橋,2200.0,1000,0,9B2b,2345,2026-04-22
台新板橋,2190.0,0,2000,9B2b,2345,2026-04-22
台新潮州,2180.0,15,0,9B2C,2345,2026-04-22
台新新竹,2230.0,0,40,9B2G,2345,2026-04-22
台新信義,2175.0,10,0,9B2H,2345,2026-04-22
台新信義,2185.0,0,1000,9B2H,2345,2026-04-22
台新彰化,2175.0,0,1000,9B2M,2345,2026-04-22
台新彰化,2150.0,1000,0,9B2M,2345,2026-04-22
台新成功,2205.0,8,0,9B2m,2345,2026-04-22
台新成功,2195.0,100,0,9B2m,2345,2026-04-22
台新成功,2175.0,2,0,9B2m,2345,2026-04-22
台新成功,2150.0,1,0,9B2m,2345,2026-04-22
台新北壢,2165.0,0,60,9B2L,2345,2026-04-22
台新大裕,2220.0,0,1000,9B2l,2345,2026-04-22
台新大裕,2200.0,2000,0,9B2l,2345,2026-04-22
台新大裕,2180.0,1,0,9B2l,2345,2026-04-22
台新嘉義,2180.0,10,1,9B2I,2345,2026-04-22
台新嘉義,2160.0,4,0,9B2I,2345,2026-04-22
台新中港,2180.0,3,0,9B2i,2345,2026-04-22
台新中港,2170.0,3,0,9B2i,2345,2026-04-22
台新中港,2150.0,2,0,9B2i,2345,2026-04-22
台新信義,2220.0,1005,25,9B2H,2345,2026-04-22
台新信義,2200.0,0,50,9B2H,2345,2026-04-22
台新西松,2165.0,5000,0,9B2n,2345,2026-04-22
永豐板盛,2170.0,10,0,9A9Y,2345,2026-04-22
統一城中,2185.0,7000,1000,5854,2345,2026-04-22
統一城中,2150.0,6000,0,5854,2345,2026-04-22
臺銀金山,2235.0,4,104,104D,2345,2026-04-22
臺銀金山,2245.0,0,2,104D,2345,2026-04-22
企銀,2150.0,100,0,1110,2345,2026-04-22
企銀台中,2240.0,1000,0,1111,2345,2026-04-22
企銀台南,2205.0,5,0,1112,2345,2026-04-22
企銀台南,2250.0,1,0,1112,2345,2026-04-22
企銀太平,2225.0,10,0,1115,2345,2026-04-22
臺銀金山,2225.0,0,2,104D,2345,2026-04-22
企銀太平,2245.0,0,10,1115,2345,2026-04-22
企銀豐原,2200.0,50,0,1118,2345,2026-04-22
企銀岡山,2205.0,30,0,1119,2345,2026-04-22
台企建成,2235.0,10,0,111B,2345,2026-04-22
企銀埔墘,2165.0,1,0,111G,2345,2026-04-22
企銀埔墘,2190.0,3,0,111G,2345,2026-04-22
彰銀七賢,2165.0,1,0,1232,2345,2026-04-22
彰銀台中,2175.0,20,0,1233,2345,2026-04-22
企銀豐原,2190.0,0,175,1118,2345,2026-04-22
彰銀台中,2215.0,0,57,1233,2345,2026-04-22
臺銀金山,2215.0,1,16,104D,2345,2026-04-22
臺銀金山,2185.0,37,0,104D,2345,2026-04-22
臺銀臺中,2185.0,5,0,104A,2345,2026-04-22
臺銀臺中,2195.0,0,1130,104A,2345,2026-04-22
臺銀臺中,2210.0,10,0,104A,2345,2026-04-22
臺銀臺中,2220.0,15,0,104A,2345,2026-04-22
臺銀臺中,2235.0,10,0,104A,2345,2026-04-22
臺銀高雄,2150.0,250,1000,104C,2345,2026-04-22
臺銀高雄,2160.0,5,0,104C,2345,2026-04-22
臺銀金山,2200.0,0,502,104D,2345,2026-04-22
臺銀高雄,2175.0,1000,0,104C,2345,2026-04-22
臺銀高雄,2195.0,35,0,104C,2345,2026-04-22
臺銀高雄,2210.0,1000,1000,104C,2345,2026-04-22
臺銀高雄,2220.0,6,10,104C,2345,2026-04-22
臺銀高雄,2230.0,37,30,104C,2345,2026-04-22
臺銀高雄,2250.0,8,0,104C,2345,2026-04-22
臺銀金山,2160.0,5,3,104D,2345,2026-04-22
臺銀金山,2170.0,0,10,104D,2345,2026-04-22
臺銀高雄,2185.0,1010,0,104C,2345,2026-04-22
彰銀台中,2240.0,200,0,1233,2345,2026-04-22
宏遠,2150.0,1200,0,1260,2345,2026-04-22
宏遠,2160.0,3000,0,1260,2345,2026-04-22
港麥格理,2210.0,1000,5000,1360,2345,2026-04-22
港麥格理,2225.0,2000,1000,1360,2345,2026-04-22
港麥格理,2240.0,1000,0,1360,2345,2026-04-22
美林,2150.0,5000,18000,1440,2345,2026-04-22
美林,2160.0,3000,1000,1440,2345,2026-04-22
美林,2170.0,2000,14000,1440,2345,2026-04-22
美林,2180.0,27000,3241,1440,2345,2026-04-22
港麥格理,2200.0,3000,3000,1360,2345,2026-04-22
美林,2190.0,6000,41000,1440,2345,2026-04-22
美林,2210.0,31000,35000,1440,2345,2026-04-22
美林,2220.0,20000,6000,1440,2345,2026-04-22
美林,2230.0,6000,8000,1440,2345,2026-04-22
美林,2245.0,1000,0,1440,2345,2026-04-22
台灣摩根,2140.0,0,8000,1470,2345,2026-04-22
台灣摩根,2150.0,7000,42000,1470,2345,2026-04-22
台灣摩根,2160.0,0,21000,1470,2345,2026-04-22
美林,2200.0,56000,42000,1440,2345,2026-04-22
港麥格理,2185.0,5000,7000,1360,2345,2026-04-22
港麥格理,2165.0,0,2000,1360,2345,2026-04-22
宏遠新化,2195.0,0,6,126X,2345,2026-04-22
宏遠,2170.0,2000,0,1260,2345,2026-04-22
宏遠,2180.0,1000,0,1260,2345,2026-04-22
宏遠,2205.0,2000,0,1260,2345,2026-04-22
宏遠,2215.0,3000,0,1260,2345,2026-04-22
宏遠民生,2140.0,1000,0,1261,2345,2026-04-22
宏遠民生,2175.0,4,0,1261,2345,2026-04-22
宏遠民生,2185.0,0,6000,1261,2345,2026-04-22
宏遠民生,2220.0,20,0,1261,2345,2026-04-22
宏遠桃園,2175.0,0,1,1262,2345,2026-04-22
宏遠桃園,2215.0,0,20,1262,2345,2026-04-22
宏遠光隆,2165.0,20,0,126i,2345,2026-04-22
宏遠台中,2150.0,15,0,126L,2345,2026-04-22
宏遠台中,2160.0,11,0,126L,2345,2026-04-22
宏遠台中,2170.0,36,0,126L,2345,2026-04-22
宏遠台中,2180.0,15,0,126L,2345,2026-04-22
宏遠高雄,2165.0,0,1,126Q,2345,2026-04-22
宏遠館前,2215.0,0,30,126U,2345,2026-04-22
臺銀臺中,2170.0,20,0,104A,2345,2026-04-22
台灣摩根,2170.0,25000,20000,1470,2345,2026-04-22
臺銀臺中,2160.0,1005,0,104A,2345,2026-04-22
臺銀新竹,2230.0,200,1001,1045,2345,2026-04-22
合庫嘉義,2230.0,0,1025,1024,2345,2026-04-22
合庫彰化,2150.0,1000,0,1028,2345,2026-04-22
合庫彰化,2180.0,50,0,1028,2345,2026-04-22
合庫彰化,2210.0,100,2,1028,2345,2026-04-22
合庫鳳山,2150.0,10,0,1029,2345,2026-04-22
合庫新竹,2150.0,50,0,102A,2345,2026-04-22
合庫新竹,2170.0,100,4,102A,2345,2026-04-22
合庫嘉義,2220.0,0,5,1024,2345,2026-04-22
合庫新竹,2180.0,0,25,102A,2345,2026-04-22
合庫新竹,2230.0,1,0,102A,2345,2026-04-22
合庫自強,2150.0,1000,0,102C,2345,2026-04-22
合庫自強,2190.0,0,3,102C,2345,2026-04-22
合庫自強,2200.0,0,1000,102C,2345,2026-04-22
合庫桃園,2150.0,1000,0,102E,2345,2026-04-22
合庫桃園,2170.0,0,1000,102E,2345,2026-04-22
合庫桃園,2180.0,50,0,102E,2345,2026-04-22
合庫新竹,2215.0,0,10,102A,2345,2026-04-22
合庫桃園,2220.0,5,30,102E,2345,2026-04-22
合庫嘉義,2185.0,0,1000,1024,2345,2026-04-22
合庫高雄,2230.0,0,1,1023,2345,2026-04-22
合庫,2190.0,1000,0,1020,2345,2026-04-22
合庫,2205.0,0,1000,1020,2345,2026-04-22
合庫,2215.0,2000,0,1020,2345,2026-04-22
合庫,2225.0,10000,0,1020,2345,2026-04-22
合庫,2170.0,1012,0,1020,2345,2026-04-22
合庫,2245.0,6000,0,1020,2345,2026-04-22
合庫台中,2165.0,5,0,1021,2345,2026-04-22
合庫嘉義,2165.0,0,15,1024,2345,2026-04-22
合庫台中,2180.0,1000,0,1021,2345,2026-04-22
合庫台中,2210.0,0,10,1021,2345,2026-04-22
合庫台中,2250.0,3,0,1021,2345,2026-04-22
合庫台南,2160.0,100,0,1022,2345,2026-04-22
合庫台南,2205.0,0,2,1022,2345,2026-04-22
合庫高雄,2150.0,1000,0,1023,2345,2026-04-22
合庫高雄,2170.0,0,1000,1023,2345,2026-04-22
合庫高雄,2200.0,0,1000,1023,2345,2026-04-22
合庫台中,2195.0,47,0,1021,2345,2026-04-22
合庫西台,2150.0,1020,0,102F,2345,2026-04-22
合庫西台,2180.0,0,3,102F,2345,2026-04-22
合庫西台,2195.0,3,0,102F,2345,2026-04-22
臺銀臺南,2155.0,1001,0,1042,2345,2026-04-22
臺銀臺南,2170.0,0,1000,1042,2345,2026-04-22
臺銀臺南,2190.0,2,1000,1042,2345,2026-04-22
臺銀臺南,2210.0,0,1,1042,2345,2026-04-22
臺銀臺南,2230.0,1000,0,1042,2345,2026-04-22
臺銀臺南,2245.0,0,1000,1042,2345,2026-04-22
臺銀民權,2155.0,5100,0,1043,2345,2026-04-22
臺銀,2215.0,37,0,1040,2345,2026-04-22
臺銀民權,2190.0,5001,0,1043,2345,2026-04-22
臺銀民權,2215.0,15,1,1043,2345,2026-04-22
臺銀民權,2230.0,0,1003,1043,2345,2026-04-22
臺銀新竹,2150.0,1035,0,1045,2345,2026-04-22
臺銀新竹,2165.0,2,0,1045,2345,2026-04-22
臺銀新竹,2175.0,1002,0,1045,2345,2026-04-22
臺銀新竹,2185.0,1000,0,1045,2345,2026-04-22
臺銀新竹,2200.0,5,0,1045,2345,2026-04-22
臺銀民權,2200.0,3,0,1043,2345,2026-04-22
臺銀,2205.0,10,0,1040,2345,2026-04-22
臺銀,2195.0,1070,1,1040,2345,2026-04-22
臺銀,2185.0,1010,0,1040,2345,2026-04-22
合庫西台,2210.0,0,10,102F,2345,2026-04-22
合庫三重,2150.0,20,0,102G,2345,2026-04-22
合庫三重,2245.0,0,50,102G,2345,2026-04-22
土銀,2190.0,2000,0,1030,2345,2026-04-22
土銀,2225.0,5,0,1030,2345,2026-04-22
土銀台南,2215.0,50,0,1032,2345,2026-04-22
土銀台南,2250.0,0,100,1032,2345,2026-04-22
土銀高雄,2190.0,50,0,1033,2345,2026-04-22
土銀嘉義,2170.0,11,0,1034,2345,2026-04-22
土銀玉里,2150.0,10,0,1036,2345,2026-04-22
土銀玉里,2175.0,10,0,1036,2345,2026-04-22
土銀花蓮,2220.0,450,0,1037,2345,2026-04-22
土銀彰化,2160.0,100,0,103B,2345,2026-04-22
土銀彰化,2180.0,200,0,103B,2345,2026-04-22
土銀白河,2155.0,1000,0,103C,2345,2026-04-22
土銀白河,2180.0,0,1000,103C,2345,2026-04-22
臺銀,2150.0,1000,0,1040,2345,2026-04-22
臺銀臺中,2150.0,1001,0,104A,2345,2026-04-22
台灣摩根,2180.0,2500,15300,1470,2345,2026-04-22
台灣摩根,2190.0,13000,64000,1470,2345,2026-04-22
台灣摩根,2200.0,4000,45000,1470,2345,2026-04-22
第一光復,2225.0,0,1001,538C,2345,2026-04-22
第一光復,2235.0,20,0,538C,2345,2026-04-22
第一忠孝,2150.0,20,1000,538D,2345,2026-04-22
第一忠孝,2170.0,6,0,538D,2345,2026-04-22
第一忠孝,2190.0,50,0,538D,2345,2026-04-22
第一忠孝,2205.0,3,0,538D,2345,2026-04-22
第一忠孝,2215.0,0,10,538D,2345,2026-04-22
第一光復,2215.0,0,1000,538C,2345,2026-04-22
第一忠孝,2230.0,1000,0,538D,2345,2026-04-22
第一自由,2180.0,0,90,538E,2345,2026-04-22
第一自由,2200.0,21,0,538E,2345,2026-04-22
第一自由,2215.0,1000,0,538E,2345,2026-04-22
第一自由,2230.0,300,1300,538E,2345,2026-04-22
第一稻埕,2185.0,0,1,538F,2345,2026-04-22
第一稻埕,2200.0,0,1,538F,2345,2026-04-22
第一稻埕,2220.0,0,1,538F,2345,2026-04-22
第一自由,2150.0,0,30,538E,2345,2026-04-22
第一頭份,2195.0,50,0,538I,2345,2026-04-22
第一光復,2195.0,1002,0,538C,2345,2026-04-22
第一光復,2175.0,3,0,538C,2345,2026-04-22
第一桃園,2230.0,0,10,5385,2345,2026-04-22
第一彰化,2175.0,5,0,5386,2345,2026-04-22
第一彰化,2235.0,0,80,5386,2345,2026-04-22
第一澎湖,2225.0,4,0,5387,2345,2026-04-22
第一中山,2190.0,22000,0,5389,2345,2026-04-22
第一中山,2225.0,1000,0,5389,2345,2026-04-22
第一新興,2130.0,0,1000,538A,2345,2026-04-22
第一光復,2185.0,51,0,538C,2345,2026-04-22
第一新興,2160.0,10,0,538A,2345,2026-04-22
第一新竹,2175.0,220,0,538B,2345,2026-04-22
第一新竹,2205.0,0,1,538B,2345,2026-04-22
第一新竹,2220.0,2,0,538B,2345,2026-04-22
第一新竹,2235.0,0,2000,538B,2345,2026-04-22
第一新竹,2245.0,0,1000,538B,2345,2026-04-22
第一光復,2135.0,0,1000,538C,2345,2026-04-22
第一光復,2160.0,50,0,538C,2345,2026-04-22
第一新竹,2145.0,5000,0,538B,2345,2026-04-22
第一安和,2190.0,10,0,538j,2345,2026-04-22
第一嘉義,2170.0,5,0,538M,2345,2026-04-22
第一嘉義,2240.0,0,10,538M,2345,2026-04-22
統一,2180.0,100,2000,5850,2345,2026-04-22
統一,2190.0,56202,3252,5850,2345,2026-04-22
統一,2200.0,2020,0,5850,2345,2026-04-22
統一,2210.0,20,4101,5850,2345,2026-04-22
統一,2220.0,2620,190,5850,2345,2026-04-22
統一,2230.0,320,0,5850,2345,2026-04-22
統一,2240.0,50,0,5850,2345,2026-04-22
統一,2170.0,1100,2000,5850,2345,2026-04-22
統一,2250.0,250,0,5850,2345,2026-04-22
統一敦南,2175.0,20,0,5852,2345,2026-04-22
統一敦南,2185.0,0,1000,5852,2345,2026-04-22
統一敦南,2240.0,5,0,5852,2345,2026-04-22
統一中壢,2175.0,10,0,5853,2345,2026-04-22
統一中壢,2190.0,10,0,5853,2345,2026-04-22
統一中壢,2205.0,40,0,5853,2345,2026-04-22
統一中壢,2240.0,0,20,5853,2345,2026-04-22
統一敦南,2160.0,20,0,5852,2345,2026-04-22
統一,2160.0,3010,2050,5850,2345,2026-04-22
統一,2150.0,0,1000,5850,2345,2026-04-22
日進,2250.0,2,0,5660,2345,2026-04-22
第一豐原,2160.0,8,0,538N,2345,2026-04-22
第一豐原,2170.0,2,0,538N,2345,2026-04-22
第一豐原,2250.0,10,0,538N,2345,2026-04-22
第一路竹,2160.0,100,0,538P,2345,2026-04-22
第一路竹,2180.0,1010,0,538P,2345,2026-04-22
第一路竹,2190.0,100,0,538P,2345,2026-04-22
第一路竹,2250.0,5,0,538P,2345,2026-04-22
第一華江,2170.0,0,1000,538W,2345,2026-04-22
第一華江,2190.0,5,0,538W,2345,2026-04-22
第一華江,2210.0,2000,0,538W,2345,2026-04-22
第一華江,2230.0,100,0,538W,2345,2026-04-22
第一華江,2250.0,0,10,538W,2345,2026-04-22
第一中壢,2190.0,2000,0,538Y,2345,2026-04-22
寶盛,2150.0,1000,0,5460,2345,2026-04-22
永興,2170.0,2,0,5600,2345,2026-04-22
永興,2225.0,1000,0,5600,2345,2026-04-22
日進,2185.0,20,0,5660,2345,2026-04-22
第一桃園,2200.0,1100,0,5385,2345,2026-04-22
第一桃園,2160.0,31,0,5385,2345,2026-04-22
第一台南,2235.0,3,0,5384,2345,2026-04-22
第一台南,2225.0,5,0,5384,2345,2026-04-22
花旗環球,2180.0,5000,5000,1590,2345,2026-04-22
花旗環球,2190.0,2000,6400,1590,2345,2026-04-22
花旗環球,2200.0,16000,10000,1590,2345,2026-04-22
花旗環球,2210.0,6000,1000,1590,2345,2026-04-22
花旗環球,2220.0,7000,1000,1590,2345,2026-04-22
花旗環球,2230.0,4000,0,1590,2345,2026-04-22
花旗環球,2240.0,4000,0,1590,2345,2026-04-22
花旗環球,2170.0,1000,5000,1590,2345,2026-04-22
瑞銀,2140.0,0,23000,1650,2345,2026-04-22
瑞銀,2160.0,0,25000,1650,2345,2026-04-22
瑞銀,2170.0,6000,19000,1650,2345,2026-04-22
瑞銀,2180.0,2000,27878,1650,2345,2026-04-22
瑞銀,2190.0,0,38000,1650,2345,2026-04-22
瑞銀,2200.0,9000,20000,1650,2345,2026-04-22
瑞銀,2210.0,10000,39000,1650,2345,2026-04-22
瑞銀,2220.0,0,16000,1650,2345,2026-04-22
瑞銀,2150.0,3000,51000,1650,2345,2026-04-22
花旗環球,2160.0,4000,3000,1590,2345,2026-04-22
花旗環球,2150.0,5000,10000,1590,2345,2026-04-22
港商野村,2215.0,1000,0,1560,2345,2026-04-22
台灣摩根,2210.0,19000,24000,1470,2345,2026-04-22
台灣摩根,2220.0,2000,13000,1470,2345,2026-04-22
台灣摩根,2230.0,5000,5000,1470,2345,2026-04-22
台灣摩根,2245.0,0,6000,1470,2345,2026-04-22
美商高盛,2140.0,18000,2000,1480,2345,2026-04-22
美商高盛,2150.0,23000,83000,1480,2345,2026-04-22
美商高盛,2160.0,22000,2000,1480,2345,2026-04-22
美商高盛,2170.0,11000,9000,1480,2345,2026-04-22
美商高盛,2180.0,19000,24000,1480,2345,2026-04-22
美商高盛,2190.0,61000,2000,1480,2345,2026-04-22
美商高盛,2200.0,48000,10000,1480,2345,2026-04-22
美商高盛,2210.0,52000,25000,1480,2345,2026-04-22
美商高盛,2220.0,18000,10000,1480,2345,2026-04-22
美商高盛,2230.0,10048,1000,1480,2345,2026-04-22
美商高盛,2245.0,0,1000,1480,2345,2026-04-22
港商野村,2165.0,1000,0,1560,2345,2026-04-22
港商野村,2180.0,1000,921,1560,2345,2026-04-22
瑞銀,2230.0,1000,18000,1650,2345,2026-04-22
統一城中,2165.0,0,5,5854,2345,2026-04-22
瑞銀,2240.0,0,3000,1650,2345,2026-04-22
亞東,2180.0,1020,0,2180,2345,2026-04-22
高橋,2240.0,0,1000,5320,2345,2026-04-22
高橋龍潭,2225.0,0,1,5321,2345,2026-04-22
高橋中壢,2240.0,1000,0,5322,2345,2026-04-22
第一金證,2155.0,20,0,5380,2345,2026-04-22
第一金證,2185.0,0,2,5380,2345,2026-04-22
第一金證,2200.0,0,7,5380,2345,2026-04-22
第一金證,2225.0,0,10,5380,2345,2026-04-22
高橋,2205.0,1000,0,5320,2345,2026-04-22
第一金證,2250.0,1000,0,5380,2345,2026-04-22
第一台中,2220.0,10,0,5382,2345,2026-04-22
第一高雄,2180.0,1000,0,5383,2345,2026-04-22
第一高雄,2195.0,100,0,5383,2345,2026-04-22
第一高雄,2220.0,0,1000,5383,2345,2026-04-22
第一高雄,2230.0,0,100,5383,2345,2026-04-22
第一台南,2150.0,10,0,5384,2345,2026-04-22
第一台南,2180.0,2,0,5384,2345,2026-04-22
第一台中,2190.0,11,0,5382,2345,2026-04-22
高橋,2185.0,10000,1000,5320,2345,2026-04-22
高橋,2155.0,50,0,5320,2345,2026-04-22
美好富順,2205.0,500,0,526K,2345,2026-04-22
亞東,2210.0,0,1000,2180,2345,2026-04-22
亞東,2230.0,0,1000,2180,2345,2026-04-22
亞東板橋,2190.0,20,0,2181,2345,2026-04-22
亞東板橋,2215.0,1000,0,2181,2345,2026-04-22
亞東新竹,2170.0,1000,0,2184,2345,2026-04-22
亞東新竹,2200.0,1000,0,2184,2345,2026-04-22
亞東新竹,2210.0,0,1,2184,2345,2026-04-22
亞東台南,2215.0,0,1000,2185,2345,2026-04-22
亞東高雄,2250.0,25,0,2186,2345,2026-04-22
亞東台中,2185.0,0,375,2187,2345,2026-04-22
美好蘆洲,2180.0,0,21,5261,2345,2026-04-22
美好楊梅,2150.0,3000,0,5262,2345,2026-04-22
美好楊梅,2200.0,0,2000,5262,2345,2026-04-22
美好泰山,2170.0,50,0,5263,2345,2026-04-22
美好基隆,2195.0,10,0,5267,2345,2026-04-22
美好富順,2175.0,0,1000,526K,2345,2026-04-22
美好富順,2185.0,2000,0,526K,2345,2026-04-22
亞東,2150.0,1000,0,2180,2345,2026-04-22
永豐竹科,2250.0,0,26,9A9X,2345,2026-04-22
永豐竹科,2230.0,150,0,9A9X,2345,2026-04-22
永豐竹科,2205.0,0,100,9A9X,2345,2026-04-22
元大龍潭,2220.0,41,21,9858,2345,2026-04-22
元大龍潭,2210.0,12,1002,9858,2345,2026-04-22
元大龍潭,2200.0,1011,1000,9858,2345,2026-04-22
元大龍潭,2190.0,63,1,9858,2345,2026-04-22
元大龍潭,2180.0,3,127,9858,2345,2026-04-22
元大龍潭,2170.0,0,100,9858,2345,2026-04-22
元大龍潭,2160.0,20,0,9858,2345,2026-04-22
元大龍潭,2230.0,1,0,9858,2345,2026-04-22
元大龍潭,2150.0,2005,0,9858,2345,2026-04-22
元大蘆洲,2230.0,1000,1000,9857,2345,2026-04-22
元大蘆洲,2220.0,5,1100,9857,2345,2026-04-22
元大蘆洲,2210.0,0,3016,9857,2345,2026-04-22
元大蘆洲,2190.0,6,5,9857,2345,2026-04-22
元大蘆洲,2180.0,8,20,9857,2345,2026-04-22
元大蘆洲,2165.0,0,20,9857,2345,2026-04-22
元大花蓮,2230.0,0,13,9856,2345,2026-04-22
元大蘆洲,2245.0,0,1,9857,2345,2026-04-22
元大花蓮,2215.0,20,0,9856,2345,2026-04-22
元大龍潭,2240.0,0,1000,9858,2345,2026-04-22
元大經國,2155.0,40,0,9859,2345,2026-04-22
元大南京,2225.0,20,1,9862,2345,2026-04-22
元大南京,2210.0,25,1000,9862,2345,2026-04-22
元大南京,2195.0,40,0,9862,2345,2026-04-22
元大南京,2180.0,2003,1000,9862,2345,2026-04-22
元大南京,2165.0,10,110,9862,2345,2026-04-22
元大南京,2150.0,1000,0,9862,2345,2026-04-22
元大岡山,2160.0,0,5,985F,2345,2026-04-22
元大經國,2145.0,1000,0,9859,2345,2026-04-22
元大鳳中,2205.0,0,5,985C,2345,2026-04-22
元大經國,2245.0,30,0,9859,2345,2026-04-22
元大經國,2230.0,5,0,9859,2345,2026-04-22
元大經國,2220.0,1000,0,9859,2345,2026-04-22
元大經國,2200.0,10,1000,9859,2345,2026-04-22
元大經國,2190.0,60,2000,9859,2345,2026-04-22
元大經國,2180.0,31,0,9859,2345,2026-04-22
元大經國,2170.0,60,0,9859,2345,2026-04-22
元大鳳中,2175.0,0,10,985C,2345,2026-04-22
元大花蓮,2190.0,0,2,9856,2345,2026-04-22
元大花蓮,2160.0,0,1000,9856,2345,2026-04-22
元大興安,2235.0,2,0,9854,2345,2026-04-22
元大館前,2150.0,1000,0,984K,2345,2026-04-22
元大景美,2150.0,2,0,984H,2345,2026-04-22
元大南勢,2185.0,5,0,984E,2345,2026-04-22
元大新中,2225.0,1000,0,984C,2345,2026-04-22
元大新中,2205.0,10,0,984C,2345,2026-04-22
元大新中,2185.0,10,0,984C,2345,2026-04-22
元大新中,2150.0,60,0,984C,2345,2026-04-22
元大館前,2185.0,1,1004,984K,2345,2026-04-22
元大鳳山,2250.0,0,5,983Z,2345,2026-04-22
元大鳳山,2210.0,1000,1000,983Z,2345,2026-04-22
元大鳳山,2185.0,2020,0,983Z,2345,2026-04-22
元大鳳山,2165.0,10,0,983Z,2345,2026-04-22
元大鳳山,2155.0,10,0,983Z,2345,2026-04-22
元大德芳,2215.0,60,0,983W,2345,2026-04-22
元大德芳,2180.0,5,0,983W,2345,2026-04-22
元大德芳,2160.0,15,0,983W,2345,2026-04-22
元大鳳山,2225.0,23,0,983Z,2345,2026-04-22
元大館前,2205.0,1000,1000,984K,2345,2026-04-22
元大館前,2215.0,0,1000,984K,2345,2026-04-22
元大永春,2150.0,200,0,9852,2345,2026-04-22
元大興安,2220.0,0,1,9854,2345,2026-04-22
元大興安,2200.0,1000,0,9854,2345,2026-04-22
元大興安,2170.0,0,5,9854,2345,2026-04-22
元大興安,2160.0,200,0,9854,2345,2026-04-22
元大興安,2150.0,0,70,9854,2345,2026-04-22
元大南屯,2245.0,1,15,9853,2345,2026-04-22
元大南屯,2230.0,0,10,9853,2345,2026-04-22
元大南屯,2210.0,3,1000,9853,2345,2026-04-22
元大南屯,2190.0,2000,1000,9853,2345,2026-04-22
元大南屯,2165.0,1000,0,9853,2345,2026-04-22
元大永春,2245.0,0,1000,9852,2345,2026-04-22
元大永春,2225.0,1000,0,9852,2345,2026-04-22
元大永春,2210.0,0,20,9852,2345,2026-04-22
元大永春,2190.0,0,33,9852,2345,2026-04-22
元大永春,2180.0,40,0,9852,2345,2026-04-22
元大永春,2170.0,201,30,9852,2345,2026-04-22
元大永春,2160.0,10,0,9852,2345,2026-04-22
元大和平,2150.0,1000,0,9863,2345,2026-04-22
元大竹南,2165.0,5,1000,983V,2345,2026-04-22
元大和平,2165.0,1000,1000,9863,2345,2026-04-22
元大和平,2210.0,1000,0,9863,2345,2026-04-22
元大三重,2180.0,2,0,988C,2345,2026-04-22
元大桃園,2220.0,19,0,988B,2345,2026-04-22
元大桃園,2210.0,1000,5,988B,2345,2026-04-22
元大桃園,2200.0,13,0,988B,2345,2026-04-22
元大桃園,2180.0,3,0,988B,2345,2026-04-22
元大桃園,2160.0,0,2,988B,2345,2026-04-22
元大員林,2220.0,100,0,9889,2345,2026-04-22
元大三重,2215.0,20,5,988C,2345,2026-04-22
元大員林,2205.0,1,0,9889,2345,2026-04-22
元大員林,2160.0,0,95,9889,2345,2026-04-22
元大員林,2150.0,50,0,9889,2345,2026-04-22
元大鑫永,2190.0,0,1000,9888,2345,2026-04-22
元大鑫永,2150.0,1000,0,9888,2345,2026-04-22
元大斗信,2215.0,100,9,9884,2345,2026-04-22
元大斗信,2190.0,3,0,9884,2345,2026-04-22
元大斗信,2175.0,1,0,9884,2345,2026-04-22
元大員林,2185.0,25,0,9889,2345,2026-04-22
元大楊梅,2200.0,0,10,987A,2345,2026-04-22
元大長庚,2150.0,3,0,988V,2345,2026-04-22
元大長庚,2185.0,1000,0,988V,2345,2026-04-22
元大桃興,2220.0,0,1,9894,2345,2026-04-22
元大桃興,2165.0,10,0,9894,2345,2026-04-22
元大桃興,2155.0,1000,0,9894,2345,2026-04-22
元大大天,2230.0,10,2,9893,2345,2026-04-22
元大大天,2210.0,10,2931,9893,2345,2026-04-22
元大大天,2200.0,0,100,9893,2345,2026-04-22
元大大天,2185.0,1000,0,9893,2345,2026-04-22
元大長庚,2165.0,10,0,988V,2345,2026-04-22
元大大天,2170.0,50,0,9893,2345,2026-04-22
元大屏東,2215.0,0,3,9892,2345,2026-04-22
元大屏東,2200.0,100,0,9892,2345,2026-04-22
元大永和,2230.0,1,10,9891,2345,2026-04-22
元大永和,2205.0,1,0,9891,2345,2026-04-22
元大永和,2180.0,50,0,9891,2345,2026-04-22
元大永和,2170.0,20,0,9891,2345,2026-04-22
元大長庚,2195.0,0,100,988V,2345,2026-04-22
元大大天,2150.0,1010,0,9893,2345,2026-04-22
元大楊梅,2180.0,1010,0,987A,2345,2026-04-22
元大楊梅,2170.0,50,0,987A,2345,2026-04-22
元大楊梅,2160.0,3,0,987A,2345,2026-04-22
元大忠孝,2220.0,1100,0,9871,2345,2026-04-22
元大忠孝,2200.0,0,60,9871,2345,2026-04-22
元大忠孝,2185.0,0,1000,9871,2345,2026-04-22
元大忠孝,2175.0,20,0,9871,2345,2026-04-22
元大基孝,2195.0,0,1,986K,2345,2026-04-22
元大基孝,2170.0,0,25,986K,2345,2026-04-22
元大新盛,2220.0,0,1000,9869,2345,2026-04-22
元大忠孝,2250.0,100,0,9871,2345,2026-04-22
元大新盛,2195.0,0,2,9869,2345,2026-04-22
元大文心,2240.0,0,30,9868,2345,2026-04-22
元大文心,2185.0,0,1000,9868,2345,2026-04-22
元大文心,2160.0,1000,0,9868,2345,2026-04-22
元大民權,2230.0,151,0,9867,2345,2026-04-22
元大民權,2190.0,1000,0,9867,2345,2026-04-22
元大民權,2165.0,20,100,9867,2345,2026-04-22
元大和平,2235.0,10,0,9863,2345,2026-04-22
元大新盛,2170.0,6,0,9869,2345,2026-04-22
元大復北,2160.0,5,0,9872,2345,2026-04-22
元大復北,2170.0,10,0,9872,2345,2026-04-22
元大復北,2190.0,5,0,9872,2345,2026-04-22
元大板三,2235.0,0,1,9879,2345,2026-04-22
元大板三,2220.0,0,15,9879,2345,2026-04-22
元大板三,2190.0,11,0,9879,2345,2026-04-22
元大板三,2160.0,1,0,9879,2345,2026-04-22
元大金華,2230.0,5,0,9878,2345,2026-04-22
元大金華,2180.0,0,400,9878,2345,2026-04-22
元大金華,2160.0,1000,700,9878,2345,2026-04-22
元大永寧,2220.0,0,1,9875,2345,2026-04-22
元大永寧,2195.0,0,1055,9875,2345,2026-04-22
元大雙和,2230.0,45,1000,9874,2345,2026-04-22
元大雙和,2210.0,1000,0,9874,2345,2026-04-22
元大雙和,2190.0,1027,1002,9874,2345,2026-04-22
元大雙和,2155.0,7,0,9874,2345,2026-04-22
元大雙和,2145.0,1000,0,9874,2345,2026-04-22
元大復北,2225.0,100,0,9872,2345,2026-04-22
元大復北,2215.0,15,0,9872,2345,2026-04-22
元大復北,2200.0,0,60,9872,2345,2026-04-22
元大和平,2185.0,1000,1000,9863,2345,2026-04-22
元大頭份,2230.0,10,0,983U,2345,2026-04-22
元大頭份,2220.0,2,450,983U,2345,2026-04-22
元大頭份,2190.0,62,10,983U,2345,2026-04-22
元大屏南,2180.0,100,0,981r,2345,2026-04-22
元大太平,2235.0,5,0,981Q,2345,2026-04-22
元大太平,2210.0,50,2000,981Q,2345,2026-04-22
元大太平,2200.0,20,0,981Q,2345,2026-04-22
元大太平,2190.0,0,175,981Q,2345,2026-04-22
元大太平,2175.0,0,3,981Q,2345,2026-04-22
元大太平,2150.0,2000,0,981Q,2345,2026-04-22
元大屏南,2200.0,0,1000,981r,2345,2026-04-22
元大萬華,2210.0,0,23,981q,2345,2026-04-22
元大萬華,2150.0,33,0,981q,2345,2026-04-22
元大松山,2170.0,50,0,981p,2345,2026-04-22
元大松山,2160.0,200,0,981p,2345,2026-04-22
元大金門,2195.0,1,0,981N,2345,2026-04-22
元大旗山,2230.0,1,5,981n,2345,2026-04-22
元大旗山,2160.0,50,0,981n,2345,2026-04-22
元大苗栗,2220.0,10,0,981M,2345,2026-04-22
元大萬華,2170.0,5,0,981q,2345,2026-04-22
元大前金,2240.0,0,1,981m,2345,2026-04-22
元大屏南,2220.0,0,10,981r,2345,2026-04-22
元大崇德,2170.0,80,0,981S,2345,2026-04-22
元大大統,2200.0,0,5,981z,2345,2026-04-22
元大大統,2185.0,1,0,981z,2345,2026-04-22
元大大統,2160.0,1000,0,981z,2345,2026-04-22
元大善化,2230.0,14,1,981y,2345,2026-04-22
元大善化,2215.0,4,1005,981y,2345,2026-04-22
元大善化,2205.0,0,1000,981y,2345,2026-04-22
元大善化,2180.0,11,0,981y,2345,2026-04-22
元大竹山,2175.0,10,0,981R,2345,2026-04-22
元大善化,2150.0,10,0,981y,2345,2026-04-22
元大新生,2160.0,10,0,981X,2345,2026-04-22
元大新生,2135.0,1000,0,981X,2345,2026-04-22
元大民雄,2205.0,100,0,981V,2345,2026-04-22
元大華山,2250.0,2,0,981U,2345,2026-04-22
元大華山,2200.0,10,0,981U,2345,2026-04-22
元大華山,2180.0,2,0,981U,2345,2026-04-22
元大崇德,2215.0,5,0,981S,2345,2026-04-22
元大新生,2245.0,1000,0,981X,2345,2026-04-22
元大前金,2230.0,20,0,981m,2345,2026-04-22
元大前金,2190.0,5,1010,981m,2345,2026-04-22
元大前金,2160.0,5,50,981m,2345,2026-04-22
元大西螺,2185.0,0,1000,981i,2345,2026-04-22
元大西螺,2160.0,1000,0,981i,2345,2026-04-22
元大屏生,2210.0,230,0,981h,2345,2026-04-22
元大屏生,2190.0,1,24,981h,2345,2026-04-22
元大彰化,2235.0,0,9,981G,2345,2026-04-22
元大彰化,2185.0,5,0,981G,2345,2026-04-22
元大彰化,2170.0,2,0,981G,2345,2026-04-22
元大西螺,2210.0,26,0,981i,2345,2026-04-22
元大彰化,2155.0,5,0,981G,2345,2026-04-22
元大大里,2210.0,55,0,981g,2345,2026-04-22
元大大里,2200.0,1000,0,981g,2345,2026-04-22
元大大里,2185.0,0,1000,981g,2345,2026-04-22
元大大里,2170.0,5,22,981g,2345,2026-04-22
元大大里,2150.0,50,0,981g,2345,2026-04-22
元大福營,2215.0,2,10,981F,2345,2026-04-22
元大福營,2190.0,3,0,981F,2345,2026-04-22
元大大里,2220.0,0,10,981g,2345,2026-04-22
元大天母,2150.0,1000,0,981I,2345,2026-04-22
元大天母,2160.0,1,0,981I,2345,2026-04-22
元大天母,2170.0,1,0,981I,2345,2026-04-22
元大莒光,2250.0,0,12,981L,2345,2026-04-22
元大莒光,2235.0,26,0,981L,2345,2026-04-22
元大莒光,2225.0,1,0,981L,2345,2026-04-22
元大莒光,2215.0,5,0,981L,2345,2026-04-22
元大莒光,2205.0,9,1000,981L,2345,2026-04-22
元大莒光,2195.0,56,0,981L,2345,2026-04-22
元大莒光,2185.0,10,0,981L,2345,2026-04-22
元大莒光,2175.0,2,0,981L,2345,2026-04-22
元大莒光,2160.0,1,0,981L,2345,2026-04-22
元大林園,2235.0,0,10,981K,2345,2026-04-22
元大林園,2190.0,20,0,981K,2345,2026-04-22
元大士林,2220.0,40,0,981j,2345,2026-04-22
元大士林,2210.0,10,1,981j,2345,2026-04-22
元大士林,2185.0,0,10,981j,2345,2026-04-22
元大士林,2170.0,1001,0,981j,2345,2026-04-22
元大士林,2160.0,20,0,981j,2345,2026-04-22
元大天母,2200.0,1000,10,981I,2345,2026-04-22
元大大統,2220.0,40,0,981z,2345,2026-04-22
元大潮州,2150.0,1,0,981Z,2345,2026-04-22
元大潮州,2190.0,1,0,981Z,2345,2026-04-22
元大潮州,2220.0,1,0,981Z,2345,2026-04-22
元大上新,2150.0,10,0,983G,2345,2026-04-22
元大竹東,2230.0,0,1000,983f,2345,2026-04-22
元大竹東,2190.0,1000,0,983f,2345,2026-04-22
元大竹東,2165.0,0,1000,983f,2345,2026-04-22
元大林森,2215.0,0,10,983B,2345,2026-04-22
元大林森,2190.0,0,4,983B,2345,2026-04-22
元大林森,2170.0,5,0,983B,2345,2026-04-22
元大上新,2185.0,1000,0,983G,2345,2026-04-22
元大豐原,2250.0,0,2,9838,2345,2026-04-22
元大豐原,2210.0,5,0,9838,2345,2026-04-22
元大豐原,2185.0,0,1000,9838,2345,2026-04-22
元大豐原,2175.0,0,1,9838,2345,2026-04-22
元大豐原,2150.0,1005,0,9838,2345,2026-04-22
元大北港,2200.0,0,2000,9837,2345,2026-04-22
元大北港,2180.0,20,0,9837,2345,2026-04-22
元大北港,2160.0,10,0,9837,2345,2026-04-22
元大豐原,2225.0,0,10,9838,2345,2026-04-22
元大上新,2220.0,10,0,983G,2345,2026-04-22
元大上新,2230.0,3,0,983G,2345,2026-04-22
元大大雅,2160.0,1000,0,983i,2345,2026-04-22
元大頭份,2150.0,5,0,983U,2345,2026-04-22
元大大安,2215.0,0,1000,983N,2345,2026-04-22
元大大安,2190.0,0,10,983N,2345,2026-04-22
元大大安,2160.0,2,0,983N,2345,2026-04-22
元大木柵,2235.0,0,10,983M,2345,2026-04-22
元大木柵,2170.0,20,5,983M,2345,2026-04-22
元大木柵,2160.0,60,0,983M,2345,2026-04-22
元大木柵,2150.0,15,0,983M,2345,2026-04-22
元大學甲,2200.0,1,0,983K,2345,2026-04-22
元大學甲,2190.0,0,20,983K,2345,2026-04-22
元大仁愛,2250.0,10,0,983j,2345,2026-04-22
元大仁愛,2210.0,10,0,983j,2345,2026-04-22
元大仁愛,2165.0,20,0,983j,2345,2026-04-22
元大大雅,2230.0,4037,0,983i,2345,2026-04-22
元大大雅,2215.0,1,0,983i,2345,2026-04-22
元大大雅,2205.0,0,1,983i,2345,2026-04-22
元大大雅,2170.0,3000,0,983i,2345,2026-04-22
元大中山,2250.0,15,5,9835,2345,2026-04-22
元大桃興,2230.0,5,0,9894,2345,2026-04-22
元大中山,2210.0,0,1000,9835,2345,2026-04-22
元大中山,2150.0,5,0,9835,2345,2026-04-22
元大羅東,2235.0,0,2,982A,2345,2026-04-22
元大羅東,2185.0,3,1000,982A,2345,2026-04-22
元大羅東,2165.0,0,12,982A,2345,2026-04-22
元大永康,2250.0,0,100,9829,2345,2026-04-22
元大永康,2230.0,170,0,9829,2345,2026-04-22
元大永康,2220.0,10,0,9829,2345,2026-04-22
元大永康,2205.0,20,0,9829,2345,2026-04-22
元大博愛,2160.0,130,0,982B,2345,2026-04-22
元大永康,2185.0,0,1000,9829,2345,2026-04-22
元大永康,2160.0,20,0,9829,2345,2026-04-22
元大永康,2150.0,1000,0,9829,2345,2026-04-22
元大新營,2170.0,1,0,9825,2345,2026-04-22
元大向上,2215.0,5,0,9824,2345,2026-04-22
元大向上,2205.0,10,0,9824,2345,2026-04-22
元大學府,2185.0,10,0,9822,2345,2026-04-22
元大學府,2175.0,25,0,9822,2345,2026-04-22
元大永康,2170.0,1000,0,9829,2345,2026-04-22
元大博愛,2170.0,0,2000,982B,2345,2026-04-22
元大博愛,2185.0,25,0,982B,2345,2026-04-22
元大博愛,2195.0,50,0,982B,2345,2026-04-22
元大中壢,2220.0,0,35,9834,2345,2026-04-22
元大中壢,2210.0,1012,0,9834,2345,2026-04-22
元大中壢,2190.0,0,20,9834,2345,2026-04-22
元大中壢,2180.0,1001,40,9834,2345,2026-04-22
元大中壢,2170.0,3,0,9834,2345,2026-04-22
元大中壢,2150.0,1050,1000,9834,2345,2026-04-22
元大敦化,2225.0,1000,0,9833,2345,2026-04-22
元大敦化,2215.0,1,0,9833,2345,2026-04-22
元大敦化,2195.0,0,3,9833,2345,2026-04-22
元大四維,2190.0,60,0,9831,2345,2026-04-22
元大四維,2160.0,10,0,9831,2345,2026-04-22
元大忠鼎,2180.0,10,0,982F,2345,2026-04-22
元大六合,2220.0,1,0,982C,2345,2026-04-22
元大六合,2170.0,20,0,982C,2345,2026-04-22
元大博愛,2240.0,10,0,982B,2345,2026-04-22
元大博愛,2220.0,10,0,982B,2345,2026-04-22
元大博愛,2210.0,40,0,982B,2345,2026-04-22
元大中山,2165.0,5,1000,9835,2345,2026-04-22
元大台南,2150.0,130,0,9896,2345,2026-04-22
元大台南,2160.0,10,0,9896,2345,2026-04-22
元大台南,2180.0,15,0,9896,2345,2026-04-22
永豐高雄,2175.0,5,0,9A9e,2345,2026-04-22
永豐忠孝,2250.0,5,0,9A9D,2345,2026-04-22
永豐忠孝,2205.0,0,2,9A9D,2345,2026-04-22
永豐忠孝,2195.0,10,0,9A9D,2345,2026-04-22
永豐古亭,2210.0,1000,3000,9A9d,2345,2026-04-22
永豐古亭,2185.0,0,1000,9A9d,2345,2026-04-22
永豐古亭,2175.0,1000,50,9A9d,2345,2026-04-22
永豐高雄,2185.0,1000,15,9A9e,2345,2026-04-22
永豐古亭,2165.0,1000,0,9A9d,2345,2026-04-22
永豐員林,2210.0,100,0,9A9C,2345,2026-04-22
永豐員林,2150.0,1,0,9A9C,2345,2026-04-22
永豐永康,2230.0,0,10,9A9c,2345,2026-04-22
永豐永康,2220.0,1000,0,9A9c,2345,2026-04-22
永豐永康,2205.0,0,30,9A9c,2345,2026-04-22
永豐永康,2185.0,0,2000,9A9c,2345,2026-04-22
永豐永康,2170.0,20,0,9A9c,2345,2026-04-22
永豐古亭,2155.0,1000,0,9A9d,2345,2026-04-22
永豐中和,2210.0,0,20,9A9B,2345,2026-04-22
永豐高雄,2195.0,0,1000,9A9e,2345,2026-04-22
永豐內湖,2150.0,2002,0,9A9g,2345,2026-04-22
永豐台南,2190.0,50,0,9A9h,2345,2026-04-22
永豐台南,2180.0,5,2000,9A9h,2345,2026-04-22
永豐台南,2170.0,5,0,9A9h,2345,2026-04-22
永豐台南,2160.0,100,0,9A9h,2345,2026-04-22
永豐台南,2150.0,1,1000,9A9h,2345,2026-04-22
永豐天母,2235.0,2,0,9A9G,2345,2026-04-22
永豐天母,2220.0,3,3,9A9G,2345,2026-04-22
永豐高雄,2210.0,100,1000,9A9e,2345,2026-04-22
永豐天母,2205.0,0,1000,9A9G,2345,2026-04-22
永豐天母,2150.0,1000,0,9A9G,2345,2026-04-22
永豐天母,2135.0,1000,0,9A9G,2345,2026-04-22
永豐內湖,2220.0,21,0,9A9g,2345,2026-04-22
永豐內湖,2200.0,100,0,9A9g,2345,2026-04-22
永豐內湖,2185.0,1000,0,9A9g,2345,2026-04-22
永豐內湖,2175.0,4000,0,9A9g,2345,2026-04-22
永豐內湖,2165.0,1005,0,9A9g,2345,2026-04-22
永豐天母,2190.0,25,1,9A9G,2345,2026-04-22
永豐羅東,2215.0,1,0,9A9A,2345,2026-04-22
永豐羅東,2165.0,1,0,9A9A,2345,2026-04-22
永豐苓雅,2225.0,2000,0,9A9a,2345,2026-04-22
永豐松山,2205.0,5,0,9A91,2345,2026-04-22
永豐松山,2195.0,11,0,9A91,2345,2026-04-22
永豐松山,2185.0,1000,1000,9A91,2345,2026-04-22
永豐松山,2175.0,5,0,9A91,2345,2026-04-22
永豐松山,2160.0,3,0,9A91,2345,2026-04-22
永豐松山,2140.0,0,1000,9A91,2345,2026-04-22
永豐敦南,2240.0,100,0,9A8F,2345,2026-04-22
永豐松山,2220.0,14,0,9A91,2345,2026-04-22
永豐敦南,2220.0,10,0,9A8F,2345,2026-04-22
永豐敦南,2180.0,0,50,9A8F,2345,2026-04-22
永豐敦南,2165.0,1,1000,9A8F,2345,2026-04-22
永豐敦北,2245.0,20,0,9A89,2345,2026-04-22
永豐敦北,2230.0,1,0,9A89,2345,2026-04-22
永豐敦北,2215.0,1,2,9A89,2345,2026-04-22
永豐敦北,2180.0,30,0,9A89,2345,2026-04-22
永豐匯立,2250.0,1000,0,9A81,2345,2026-04-22
永豐敦南,2195.0,1000,0,9A8F,2345,2026-04-22
永豐松山,2235.0,0,1000,9A91,2345,2026-04-22
永豐松山,2245.0,10,0,9A91,2345,2026-04-22
永豐萬盛,2165.0,100,0,9A92,2345,2026-04-22
永豐苓雅,2190.0,60,0,9A9a,2345,2026-04-22
永豐苓雅,2150.0,1000,0,9A9a,2345,2026-04-22
永豐中壢,2230.0,5,0,9A99,2345,2026-04-22
永豐中壢,2210.0,9,0,9A99,2345,2026-04-22
永豐中壢,2195.0,2,0,9A99,2345,2026-04-22
永豐中壢,2180.0,20,0,9A99,2345,2026-04-22
永豐大園,2250.0,3,0,9A98,2345,2026-04-22
永豐大園,2210.0,0,10,9A98,2345,2026-04-22
永豐大園,2190.0,1,0,9A98,2345,2026-04-22
永豐大園,2160.0,8,0,9A98,2345,2026-04-22
永豐新竹,2230.0,1000,0,9A97,2345,2026-04-22
永豐新竹,2200.0,15,14,9A97,2345,2026-04-22
永豐新竹,2185.0,0,1000,9A97,2345,2026-04-22
永豐新竹,2155.0,3,0,9A97,2345,2026-04-22
永豐萬盛,2225.0,1100,1,9A92,2345,2026-04-22
永豐萬盛,2200.0,20,0,9A92,2345,2026-04-22
永豐萬盛,2185.0,10,0,9A92,2345,2026-04-22
永豐台南,2200.0,1,0,9A9h,2345,2026-04-22
永豐台南,2220.0,5,0,9A9h,2345,2026-04-22
永豐台南,2230.0,10,100,9A9h,2345,2026-04-22
永豐新莊,2150.0,1,0,9A9H,2345,2026-04-22
永豐中正,2155.0,0,7,9A9U,2345,2026-04-22
永豐南京,2240.0,0,1005,9A9S,2345,2026-04-22
永豐南京,2220.0,10,0,9A9S,2345,2026-04-22
永豐南京,2200.0,2000,0,9A9S,2345,2026-04-22
永豐南京,2180.0,6,0,9A9S,2345,2026-04-22
永豐南京,2170.0,5,0,9A9S,2345,2026-04-22
永豐南京,2160.0,1,0,9A9S,2345,2026-04-22
永豐中正,2170.0,15,0,9A9U,2345,2026-04-22
永豐彰化,2240.0,1000,0,9A9s,2345,2026-04-22
永豐彰化,2165.0,55,0,9A9s,2345,2026-04-22
永豐彰化,2155.0,5,0,9A9s,2345,2026-04-22
永豐信義,2210.0,1000,0,9A9R,2345,2026-04-22
永豐信義,2165.0,0,75,9A9R,2345,2026-04-22
永豐北高,2220.0,2,0,9A9r,2345,2026-04-22
永豐北高,2200.0,2,0,9A9r,2345,2026-04-22
永豐北高,2185.0,1000,1000,9A9r,2345,2026-04-22
永豐彰化,2210.0,0,1000,9A9s,2345,2026-04-22
永豐中正,2185.0,1000,0,9A9U,2345,2026-04-22
永豐中正,2210.0,1,1000,9A9U,2345,2026-04-22
永豐中正,2220.0,4,5,9A9U,2345,2026-04-22
永豐竹科,2180.0,25,17,9A9X,2345,2026-04-22
永豐竹科,2165.0,0,25,9A9X,2345,2026-04-22
永豐竹科,2155.0,5,0,9A9X,2345,2026-04-22
永豐桃園,2235.0,1008,0,9A9x,2345,2026-04-22
永豐桃園,2190.0,110,0,9A9x,2345,2026-04-22
永豐桃園,2180.0,110,5,9A9x,2345,2026-04-22
永豐桃園,2155.0,5,0,9A9x,2345,2026-04-22
永豐市政,2250.0,0,10,9A9W,2345,2026-04-22
永豐市政,2230.0,35,0,9A9W,2345,2026-04-22
永豐市政,2220.0,100,1,9A9W,2345,2026-04-22
永豐市政,2210.0,0,1000,9A9W,2345,2026-04-22
永豐市政,2200.0,10,0,9A9W,2345,2026-04-22
永豐市政,2185.0,1000,0,9A9W,2345,2026-04-22
永豐市政,2170.0,1,1005,9A9W,2345,2026-04-22
永豐市政,2155.0,1001,0,9A9W,2345,2026-04-22
永豐中正,2250.0,0,5,9A9U,2345,2026-04-22
永豐中正,2230.0,2,63,9A9U,2345,2026-04-22
永豐北高,2175.0,380,2,9A9r,2345,2026-04-22
永豐匯立,2240.0,3000,2000,9A81,2345,2026-04-22
永豐豐原,2235.0,0,1,9A9Q,2345,2026-04-22
永豐豐原,2210.0,12,0,9A9Q,2345,2026-04-22
永豐三重,2170.0,1000,0,9A9K,2345,2026-04-22
永豐三重,2150.0,2000,0,9A9K,2345,2026-04-22
永豐板新,2235.0,3,0,9A9J,2345,2026-04-22
永豐板新,2225.0,1,0,9A9J,2345,2026-04-22
永豐板新,2215.0,123,0,9A9J,2345,2026-04-22
永豐板新,2200.0,1000,0,9A9J,2345,2026-04-22
永豐板新,2190.0,6,0,9A9J,2345,2026-04-22
永豐三重,2215.0,0,1000,9A9K,2345,2026-04-22
永豐板新,2170.0,10,0,9A9J,2345,2026-04-22
永豐嘉義,2245.0,1,0,9A9j,2345,2026-04-22
永豐嘉義,2220.0,1,0,9A9j,2345,2026-04-22
永豐嘉義,2160.0,1000,0,9A9j,2345,2026-04-22
永豐新店,2200.0,30,0,9A9i,2345,2026-04-22
永豐新莊,2230.0,0,50,9A9H,2345,2026-04-22
永豐新莊,2210.0,1,0,9A9H,2345,2026-04-22
永豐新莊,2160.0,1,0,9A9H,2345,2026-04-22
永豐板新,2155.0,52,0,9A9J,2345,2026-04-22
永豐台中,2150.0,1000,0,9A9L,2345,2026-04-22
永豐台中,2165.0,1000,0,9A9L,2345,2026-04-22
永豐台中,2180.0,1000,0,9A9L,2345,2026-04-22
永豐豐原,2200.0,1,0,9A9Q,2345,2026-04-22
永豐豐原,2175.0,1,0,9A9Q,2345,2026-04-22
永豐豐原,2150.0,51,0,9A9Q,2345,2026-04-22
永豐竹北,2220.0,48,0,9A9P,2345,2026-04-22
永豐竹北,2190.0,2,0,9A9P,2345,2026-04-22
永豐竹北,2180.0,0,4,9A9P,2345,2026-04-22
永豐竹北,2160.0,1000,0,9A9P,2345,2026-04-22
永豐桃盛,2230.0,0,1,9A9N,2345,2026-04-22
永豐桃盛,2200.0,0,1,9A9N,2345,2026-04-22
永豐桃盛,2170.0,2,0,9A9N,2345,2026-04-22
永豐南投,2195.0,0,10,9A9M,2345,2026-04-22
永豐南投,2165.0,1000,0,9A9M,2345,2026-04-22
永豐台中,2245.0,0,1,9A9L,2345,2026-04-22
永豐台中,2230.0,1,1,9A9L,2345,2026-04-22
永豐台中,2220.0,0,10,9A9L,2345,2026-04-22
永豐台中,2210.0,3,0,9A9L,2345,2026-04-22
永豐台中,2190.0,0,4,9A9L,2345,2026-04-22
永豐豐原,2220.0,11,0,9A9Q,2345,2026-04-22
合庫,2155.0,1020,0,1020,2345,2026-04-22
永豐匯立,2230.0,21000,2000,9A81,2345,2026-04-22
永豐匯立,2210.0,54000,21000,9A81,2345,2026-04-22
元大嘉義,2170.0,0,30,989g,2345,2026-04-22
元大高雄,2235.0,120,0,989F,2345,2026-04-22
元大高雄,2220.0,120,0,989F,2345,2026-04-22
元大高雄,2180.0,20,0,989F,2345,2026-04-22
元大高雄,2165.0,1010,0,989F,2345,2026-04-22
元大東港,2250.0,2,0,989f,2345,2026-04-22
元大東港,2230.0,0,6,989f,2345,2026-04-22
元大嘉義,2190.0,105,20,989g,2345,2026-04-22
元大草屯,2250.0,0,1,989E,2345,2026-04-22
元大草屯,2205.0,1000,1000,989E,2345,2026-04-22
元大草屯,2190.0,0,1000,989E,2345,2026-04-22
元大草屯,2180.0,30,0,989E,2345,2026-04-22
元大草屯,2160.0,15,0,989E,2345,2026-04-22
元大草屯,2150.0,1000,0,989E,2345,2026-04-22
元大中和,2190.0,30,0,989e,2345,2026-04-22
元大左營,2225.0,25,0,989D,2345,2026-04-22
元大草屯,2230.0,1,0,989E,2345,2026-04-22
元大左營,2180.0,10,0,989D,2345,2026-04-22
元大嘉義,2230.0,30,0,989g,2345,2026-04-22
元大大同,2175.0,100,1000,989G,2345,2026-04-22
元大古亭,2190.0,1000,1000,989k,2345,2026-04-22
元大古亭,2170.0,2,0,989k,2345,2026-04-22
元大古亭,2155.0,3000,0,989k,2345,2026-04-22
元大彰生,2230.0,14,0,989J,2345,2026-04-22
元大彰生,2195.0,20,0,989J,2345,2026-04-22
元大彰生,2185.0,50,0,989J,2345,2026-04-22
元大彰生,2160.0,3003,0,989J,2345,2026-04-22
元大大同,2160.0,0,20,989G,2345,2026-04-22
元大樹林,2230.0,0,12,989j,2345,2026-04-22
元大樹林,2170.0,20,0,989j,2345,2026-04-22
元大樹林,2150.0,50,0,989j,2345,2026-04-22
元大蘆中,2215.0,100,0,989I,2345,2026-04-22
元大蘆中,2190.0,10,0,989I,2345,2026-04-22
元大蘆中,2160.0,1,0,989I,2345,2026-04-22
元大大同,2215.0,1,0,989G,2345,2026-04-22
元大大同,2190.0,1,0,989G,2345,2026-04-22
元大樹林,2205.0,0,1000,989j,2345,2026-04-22
元大北屯,2250.0,0,5,989d,2345,2026-04-22
元大北屯,2215.0,27,57,989d,2345,2026-04-22
元大北屯,2190.0,53,0,989d,2345,2026-04-22
元大苑裡,2225.0,1000,0,989a,2345,2026-04-22
元大苑裡,2185.0,30,0,989a,2345,2026-04-22
元大苑裡,2165.0,1,0,989a,2345,2026-04-22
元大淡水,2190.0,0,2,9899,2345,2026-04-22
元大新莊,2245.0,0,200,9898,2345,2026-04-22
元大新莊,2195.0,100,108,9898,2345,2026-04-22
元大新莊,2185.0,30,1000,9898,2345,2026-04-22
元大苑裡,2235.0,3,0,989a,2345,2026-04-22
元大新莊,2175.0,1000,0,9898,2345,2026-04-22
元大新莊,2155.0,110,0,9898,2345,2026-04-22
元大新莊,2135.0,1000,0,9898,2345,2026-04-22
元大土城,2215.0,50,0,9897,2345,2026-04-22
元大土城,2190.0,50,1000,9897,2345,2026-04-22
元大土城,2175.0,1000,0,9897,2345,2026-04-22
元大土城,2145.0,1000,0,9897,2345,2026-04-22
元大台南,2210.0,100,0,9896,2345,2026-04-22
元大新莊,2165.0,1000,50,9898,2345,2026-04-22
元大北投,2185.0,1000,0,989A,2345,2026-04-22
元大北投,2195.0,0,5,989A,2345,2026-04-22
元大北投,2210.0,1022,1000,989A,2345,2026-04-22
元大北屯,2180.0,1000,0,989d,2345,2026-04-22
元大板橋,2245.0,1,0,989C,2345,2026-04-22
元大板橋,2230.0,2,0,989C,2345,2026-04-22
元大板橋,2220.0,30,0,989C,2345,2026-04-22
元大板橋,2210.0,1,3,989C,2345,2026-04-22
元大板橋,2200.0,0,1000,989C,2345,2026-04-22
元大板橋,2190.0,1,0,989C,2345,2026-04-22
元大板橋,2165.0,11,0,989C,2345,2026-04-22
元大板橋,2150.0,1001,0,989C,2345,2026-04-22
元大中港,2235.0,0,10,989B,2345,2026-04-22
元大中港,2225.0,10,0,989B,2345,2026-04-22
元大中港,2195.0,10,0,989B,2345,2026-04-22
元大中港,2180.0,1,20,989B,2345,2026-04-22
元大中港,2160.0,1006,0,989B,2345,2026-04-22
元大中港,2150.0,5,0,989B,2345,2026-04-22
元大北投,2230.0,5,0,989A,2345,2026-04-22
元大北投,2220.0,8,25,989A,2345,2026-04-22
元大古亭,2205.0,1000,0,989k,2345,2026-04-22
元大古亭,2220.0,1000,0,989k,2345,2026-04-22
元大古亭,2240.0,0,5,989k,2345,2026-04-22
元大古亭,2250.0,0,5,989k,2345,2026-04-22
永豐金,2175.0,5289,111,9A00,2345,2026-04-22
永豐金,2165.0,3232,15,9A00,2345,2026-04-22
永豐金,2155.0,2,7,9A00,2345,2026-04-22
永豐金,2145.0,2000,0,9A00,2345,2026-04-22
元大小港,2210.0,0,10,989Z,2345,2026-04-22
元大小港,2195.0,10,2,989Z,2345,2026-04-22
元大小港,2185.0,0,1000,989Z,2345,2026-04-22
永豐金,2185.0,56,1232,9A00,2345,2026-04-22
元大小港,2155.0,3,0,989Z,2345,2026-04-22
元大基隆,2225.0,10,0,989Y,2345,2026-04-22
元大基隆,2195.0,13,0,989Y,2345,2026-04-22
元大三民,2230.0,50,10,989X,2345,2026-04-22
元大三民,2210.0,70,0,989X,2345,2026-04-22
元大站前,2250.0,10,10,989W,2345,2026-04-22
元大站前,2240.0,0,10,989W,2345,2026-04-22
元大站前,2180.0,10,0,989W,2345,2026-04-22
元大基隆,2250.0,0,5,989Y,2345,2026-04-22
永豐金,2195.0,63,125,9A00,2345,2026-04-22
永豐金,2205.0,1010,5046,9A00,2345,2026-04-22
永豐金,2215.0,4318,1297,9A00,2345,2026-04-22
永豐匯立,2200.0,24090,5000,9A81,2345,2026-04-22
永豐匯立,2190.0,7628,3000,9A81,2345,2026-04-22
永豐匯立,2180.0,1000,4000,9A81,2345,2026-04-22
永豐匯立,2170.0,1000,4000,9A81,2345,2026-04-22
永豐匯立,2160.0,2000,9000,9A81,2345,2026-04-22
永豐匯立,2150.0,17000,25000,9A81,2345,2026-04-22
永豐埔里,2250.0,5,0,9A79,2345,2026-04-22
永豐埔里,2230.0,22,1000,9A79,2345,2026-04-22
永豐屏東,2235.0,0,6,9A69,2345,2026-04-22
永豐屏東,2180.0,1,0,9A69,2345,2026-04-22
永豐屏東,2150.0,1000,0,9A69,2345,2026-04-22
永豐鳳山,2190.0,1000,0,9A61,2345,2026-04-22
永豐鳳山,2180.0,25,0,9A61,2345,2026-04-22
永豐鳳山,2150.0,5,0,9A61,2345,2026-04-22
永豐金,2245.0,3011,0,9A00,2345,2026-04-22
永豐金,2235.0,200,0,9A00,2345,2026-04-22
永豐金,2225.0,6406,128,9A00,2345,2026-04-22
元大站前,2170.0,10,0,989W,2345,2026-04-22
永豐匯立,2220.0,48000,4000,9A81,2345,2026-04-22
元大站前,2155.0,1,0,989W,2345,2026-04-22
元大北重,2200.0,0,5,989V,2345,2026-04-22
元大內湖,2225.0,100,0,989N,2345,2026-04-22
元大內湖,2215.0,0,10,989N,2345,2026-04-22
元大內湖,2195.0,10,20,989N,2345,2026-04-22
元大內湖,2185.0,0,1,989N,2345,2026-04-22
元大內湖,2170.0,5,0,989N,2345,2026-04-22
元大內湖,2150.0,10,0,989N,2345,2026-04-22
元大信義,2225.0,3000,0,989m,2345,2026-04-22
元大內湖,2245.0,2,0,989N,2345,2026-04-22
元大信義,2205.0,0,6000,989m,2345,2026-04-22
元大信義,2175.0,1010,0,989m,2345,2026-04-22
元大成功,2230.0,11,50,989L,2345,2026-04-22
元大成功,2220.0,19,72,989L,2345,2026-04-22
元大成功,2210.0,33,48,989L,2345,2026-04-22
元大成功,2195.0,100,0,989L,2345,2026-04-22
元大成功,2175.0,0,10,989L,2345,2026-04-22
元大成功,2160.0,15,0,989L,2345,2026-04-22
元大信義,2185.0,5,0,989m,2345,2026-04-22
元大敦南,2150.0,2000,0,989P,2345,2026-04-22
元大敦南,2170.0,10,0,989P,2345,2026-04-22
元大敦南,2190.0,0,50,989P,2345,2026-04-22
元大北重,2190.0,0,5,989V,2345,2026-04-22
元大北重,2175.0,0,30,989V,2345,2026-04-22
元大北重,2165.0,0,1,989V,2345,2026-04-22
元大大甲,2230.0,0,3,989U,2345,2026-04-22
元大大甲,2190.0,10,0,989U,2345,2026-04-22
元大大甲,2180.0,13,0,989U,2345,2026-04-22
元大大甲,2170.0,6,0,989U,2345,2026-04-22
元大大甲,2160.0,32,0,989U,2345,2026-04-22
元大鹿港,2215.0,10,1000,989S,2345,2026-04-22
元大鹿港,2180.0,10,0,989S,2345,2026-04-22
元大鹿港,2165.0,20,0,989S,2345,2026-04-22
元大汐止,2210.0,0,1000,989Q,2345,2026-04-22
元大汐止,2190.0,2010,5,989Q,2345,2026-04-22
元大汐止,2180.0,100,0,989Q,2345,2026-04-22
元大汐止,2155.0,30,0,989Q,2345,2026-04-22
元大敦南,2230.0,10,20,989P,2345,2026-04-22
元大敦南,2200.0,0,60,989P,2345,2026-04-22
元大北重,2220.0,0,10,989V,2345,2026-04-22
合庫,2150.0,1002,0,1020,2345,2026-04-22
玉山雙和,2170.0,0,3,8841,2345,2026-04-22
大昌,2190.0,1000,20,6460,2345,2026-04-22
