securities_trader,price,buy,sell,securities_trader_id,stock_id,date
元大崇德,1555.0,50,0,981S,2345,2026-03-23
凱基市府,1540.0,1000,0,920D,2345,2026-03-23
元大沙鹿,1575.0,20,0,980d,2345,2026-03-23
元大沙鹿,1565.0,10,0,980d,2345,2026-03-23
元大斗六,1595.0,2000,0,980C,2345,2026-03-23
元大斗六,1565.0,1000,30,980C,2345,2026-03-23
元大中北,1590.0,1000,0,980a,2345,2026-03-23
元大中北,1570.0,0,3,980a,2345,2026-03-23
元大中北,1555.0,1000,0,980a,2345,2026-03-23
元大中北,1540.0,0,1000,980a,2345,2026-03-23
元大松江,1595.0,50,0,9801,2345,2026-03-23
元大松江,1565.0,0,400,9801,2345,2026-03-23
元大北府,1560.0,50,1000,980D,2345,2026-03-23
元大,1605.0,3000,16002,9800,2345,2026-03-23
元大,1585.0,5488,14010,9800,2345,2026-03-23
元大,1575.0,6212,11221,9800,2345,2026-03-23
元大,1565.0,75304,15012,9800,2345,2026-03-23
元大,1555.0,19699,6160,9800,2345,2026-03-23
元大,1545.0,7000,0,9800,2345,2026-03-23
元大,1535.0,0,1000,9800,2345,2026-03-23
富邦北港,1560.0,15,0,969C,2345,2026-03-23
富邦虎尾,1565.0,0,100,9697,2345,2026-03-23
富邦新營,1590.0,0,20,9693,2345,2026-03-23
富邦新營,1570.0,7,0,9693,2345,2026-03-23
元大,1595.0,8010,25030,9800,2345,2026-03-23
元大北府,1570.0,1,0,980D,2345,2026-03-23
元大北府,1590.0,200,0,980D,2345,2026-03-23
元大清水,1580.0,5,0,980e,2345,2026-03-23
元大八德,1570.0,1000,0,9813,2345,2026-03-23
元大八德,1560.0,101,0,9813,2345,2026-03-23
元大八德,1550.0,0,1000,9813,2345,2026-03-23
元大台中,1595.0,0,2000,9812,2345,2026-03-23
元大台中,1580.0,0,1000,9812,2345,2026-03-23
元大台中,1565.0,1000,1000,9812,2345,2026-03-23
元大台中,1555.0,13,0,9812,2345,2026-03-23
元大西屯,1580.0,34002,0,980w,2345,2026-03-23
元大西屯,1570.0,20,0,980w,2345,2026-03-23
元大西屯,1540.0,2000,0,980w,2345,2026-03-23
元大府城,1555.0,100,0,980u,2345,2026-03-23
元大虎尾,1575.0,10,0,980l,2345,2026-03-23
元大竹科,1600.0,0,1020,980K,2345,2026-03-23
元大竹科,1590.0,0,50,980K,2345,2026-03-23
元大竹科,1580.0,10,120,980K,2345,2026-03-23
元大竹科,1565.0,0,30,980K,2345,2026-03-23
元大竹科,1555.0,36,100,980K,2345,2026-03-23
元大竹科,1545.0,0,1000,980K,2345,2026-03-23
元大台北,1595.0,23001,0,980h,2345,2026-03-23
元大台北,1585.0,11000,300,980h,2345,2026-03-23
元大台北,1575.0,100,300,980h,2345,2026-03-23
元大台北,1560.0,0,15,980h,2345,2026-03-23
元大清水,1590.0,10,0,980e,2345,2026-03-23
富邦嘉義,1605.0,0,1,9692,2345,2026-03-23
富邦嘉義,1595.0,0,15,9692,2345,2026-03-23
富邦嘉義,1570.0,10,11,9692,2345,2026-03-23
富邦嘉義,1560.0,31,10,9692,2345,2026-03-23
富邦桃園,1560.0,30,1000,9665,2345,2026-03-23
富邦桃園,1535.0,1000,0,9665,2345,2026-03-23
富邦敦南,1600.0,120,0,9663,2345,2026-03-23
富邦敦南,1590.0,0,1000,9663,2345,2026-03-23
富邦敦南,1580.0,0,1,9663,2345,2026-03-23
富邦敦南,1570.0,100,1000,9663,2345,2026-03-23
富邦敦南,1560.0,1000,0,9663,2345,2026-03-23
富邦新店,1600.0,50,0,9661,2345,2026-03-23
富邦新店,1590.0,102,0,9661,2345,2026-03-23
富邦新店,1580.0,1000,11,9661,2345,2026-03-23
富邦新店,1570.0,250,1010,9661,2345,2026-03-23
富邦新店,1560.0,0,30,9661,2345,2026-03-23
富邦新店,1550.0,0,1000,9661,2345,2026-03-23
富邦彰化,1565.0,5,5,965U,2345,2026-03-23
富邦彰化,1555.0,100,0,965U,2345,2026-03-23
富邦台中,1600.0,3000,46,965K,2345,2026-03-23
富邦台中,1590.0,0,130,965K,2345,2026-03-23
富邦台中,1580.0,10,0,965K,2345,2026-03-23
富邦台中,1565.0,10,30,965K,2345,2026-03-23
富邦台中,1555.0,10,2000,965K,2345,2026-03-23
富邦高雄,1585.0,0,1700,9659,2345,2026-03-23
富邦高雄,1575.0,0,1000,9659,2345,2026-03-23
富邦高雄,1565.0,1,0,9659,2345,2026-03-23
富邦桃園,1570.0,10,1043,9665,2345,2026-03-23
元大八德,1580.0,1001,0,9813,2345,2026-03-23
富邦桃園,1590.0,0,66,9665,2345,2026-03-23
富邦南屯,1555.0,7,40,9666,2345,2026-03-23
富邦宜蘭,1610.0,30,0,9686,2345,2026-03-23
富邦宜蘭,1590.0,10,0,9686,2345,2026-03-23
富邦宜蘭,1570.0,13,10,9686,2345,2026-03-23
富邦三重,1605.0,10,0,9677,2345,2026-03-23
富邦三重,1590.0,8,0,9677,2345,2026-03-23
富邦三重,1570.0,11,25,9677,2345,2026-03-23
富邦三重,1555.0,2,0,9677,2345,2026-03-23
富邦仁愛,1600.0,1,250,9676,2345,2026-03-23
富邦仁愛,1590.0,1000,100,9676,2345,2026-03-23
富邦仁愛,1580.0,206,183,9676,2345,2026-03-23
富邦仁愛,1565.0,10,2005,9676,2345,2026-03-23
富邦仁愛,1555.0,100,150,9676,2345,2026-03-23
富邦員林,1590.0,100,0,9672,2345,2026-03-23
富邦員林,1565.0,1,0,9672,2345,2026-03-23
富邦左營,1575.0,30,0,966F,2345,2026-03-23
富邦左營,1565.0,0,5,966F,2345,2026-03-23
富邦台南,1605.0,1000,0,9667,2345,2026-03-23
富邦台南,1590.0,10,0,9667,2345,2026-03-23
富邦台南,1575.0,1,0,9667,2345,2026-03-23
富邦台南,1560.0,20,0,9667,2345,2026-03-23
富邦南屯,1605.0,6,5,9666,2345,2026-03-23
富邦南屯,1590.0,100,25,9666,2345,2026-03-23
富邦南屯,1575.0,100,0,9666,2345,2026-03-23
富邦桃園,1605.0,2,20,9665,2345,2026-03-23
元大八德,1590.0,2,2000,9813,2345,2026-03-23
元大八德,1605.0,4,0,9813,2345,2026-03-23
元大大益,1570.0,5,0,9814,2345,2026-03-23
元大學府,1585.0,10,100,9822,2345,2026-03-23
元大學府,1565.0,55,0,9822,2345,2026-03-23
元大大統,1600.0,100,0,981z,2345,2026-03-23
元大大統,1590.0,1,40,981z,2345,2026-03-23
元大大統,1580.0,11,0,981z,2345,2026-03-23
元大大統,1570.0,111,0,981z,2345,2026-03-23
元大大統,1560.0,1111,0,981z,2345,2026-03-23
元大善化,1610.0,0,15,981y,2345,2026-03-23
元大善化,1590.0,0,130,981y,2345,2026-03-23
元大善化,1580.0,0,5,981y,2345,2026-03-23
元大善化,1560.0,0,5,981y,2345,2026-03-23
元大新生,1590.0,1000,0,981X,2345,2026-03-23
元大新生,1565.0,1000,1000,981X,2345,2026-03-23
元大華山,1590.0,0,1000,981U,2345,2026-03-23
元大崇德,1600.0,52,200,981S,2345,2026-03-23
元大崇德,1560.0,0,3000,981S,2345,2026-03-23
元大崇德,1550.0,5,0,981S,2345,2026-03-23
元大竹山,1575.0,10,0,981R,2345,2026-03-23
元大屏南,1585.0,0,100,981r,2345,2026-03-23
元大屏南,1570.0,7,0,981r,2345,2026-03-23
元大屏南,1555.0,0,1,981r,2345,2026-03-23
元大太平,1585.0,0,110,981Q,2345,2026-03-23
元大太平,1575.0,1,0,981Q,2345,2026-03-23
元大學府,1595.0,50,0,9822,2345,2026-03-23
元大太平,1555.0,0,30,981Q,2345,2026-03-23
元大向上,1560.0,20,0,9824,2345,2026-03-23
元大向上,1610.0,1,0,9824,2345,2026-03-23
元大中山,1600.0,20,0,9835,2345,2026-03-23
元大中山,1575.0,2,0,9835,2345,2026-03-23
元大中山,1560.0,8,50,9835,2345,2026-03-23
元大中壢,1595.0,0,170,9834,2345,2026-03-23
元大中壢,1585.0,6,50,9834,2345,2026-03-23
元大中壢,1575.0,12,1,9834,2345,2026-03-23
元大中壢,1565.0,1050,1,9834,2345,2026-03-23
元大中壢,1555.0,30,0,9834,2345,2026-03-23
元大敦化,1560.0,1,20000,9833,2345,2026-03-23
元大四維,1585.0,100,0,9831,2345,2026-03-23
元大四維,1570.0,1,0,9831,2345,2026-03-23
元大四維,1555.0,50,0,9831,2345,2026-03-23
元大六合,1590.0,10,0,982C,2345,2026-03-23
元大六合,1570.0,0,5,982C,2345,2026-03-23
元大博愛,1600.0,50,26,982B,2345,2026-03-23
元大博愛,1590.0,0,1000,982B,2345,2026-03-23
元大博愛,1575.0,1,1352,982B,2345,2026-03-23
元大博愛,1565.0,7200,3080,982B,2345,2026-03-23
元大博愛,1555.0,0,30,982B,2345,2026-03-23
元大博愛,1540.0,0,1000,982B,2345,2026-03-23
元大永康,1600.0,0,20,9829,2345,2026-03-23
元大永康,1570.0,100,0,9829,2345,2026-03-23
元大新營,1585.0,1,0,9825,2345,2026-03-23
元大向上,1590.0,0,120,9824,2345,2026-03-23
富邦高雄,1555.0,7,10,9659,2345,2026-03-23
元大萬華,1560.0,50,0,981q,2345,2026-03-23
元大金門,1595.0,25,0,981N,2345,2026-03-23
元大大里,1555.0,10,0,981g,2345,2026-03-23
元大福營,1570.0,20,0,981F,2345,2026-03-23
元大發財,1590.0,0,1000,981E,2345,2026-03-23
元大發財,1565.0,10,0,981E,2345,2026-03-23
元大發財,1555.0,20,0,981E,2345,2026-03-23
元大佳里,1580.0,1,0,981e,2345,2026-03-23
元大佳里,1560.0,10,2,981e,2345,2026-03-23
元大南投,1585.0,2,0,981D,2345,2026-03-23
元大南投,1570.0,1,0,981D,2345,2026-03-23
元大南投,1555.0,0,1,981D,2345,2026-03-23
元大竹北,1580.0,2,0,981B,2345,2026-03-23
元大三峽,1570.0,1000,0,981A,2345,2026-03-23
元大三峽,1560.0,20,0,981A,2345,2026-03-23
元大歸仁,1590.0,1000,0,981a,2345,2026-03-23
元大歸仁,1560.0,10,0,981a,2345,2026-03-23
元大東泰,1610.0,0,30,9817,2345,2026-03-23
元大東泰,1585.0,0,100,9817,2345,2026-03-23
元大東泰,1565.0,0,5,9817,2345,2026-03-23
元大新竹,1605.0,0,165,9816,2345,2026-03-23
元大新竹,1585.0,0,207,9816,2345,2026-03-23
元大新竹,1565.0,20,370,9816,2345,2026-03-23
元大新竹,1555.0,0,60,9816,2345,2026-03-23
元大大益,1590.0,0,1000,9814,2345,2026-03-23
元大大里,1565.0,1010,3010,981g,2345,2026-03-23
元大松山,1580.0,0,1000,981p,2345,2026-03-23
元大大里,1575.0,1000,0,981g,2345,2026-03-23
元大大里,1600.0,5,1000,981g,2345,2026-03-23
元大金門,1580.0,10,0,981N,2345,2026-03-23
元大金門,1560.0,10,0,981N,2345,2026-03-23
元大苗栗,1600.0,10,0,981M,2345,2026-03-23
元大苗栗,1580.0,1000,0,981M,2345,2026-03-23
元大前金,1605.0,1000,0,981m,2345,2026-03-23
元大前金,1580.0,10,0,981m,2345,2026-03-23
元大前金,1565.0,0,1000,981m,2345,2026-03-23
元大前金,1555.0,1000,0,981m,2345,2026-03-23
元大莒光,1575.0,15,200,981L,2345,2026-03-23
元大莒光,1560.0,2,0,981L,2345,2026-03-23
元大林園,1575.0,2,0,981K,2345,2026-03-23
元大林園,1565.0,5,30,981K,2345,2026-03-23
元大林園,1555.0,5,26,981K,2345,2026-03-23
元大士林,1580.0,0,5,981j,2345,2026-03-23
元大士林,1565.0,1,0,981j,2345,2026-03-23
元大天母,1595.0,15,0,981I,2345,2026-03-23
元大天母,1565.0,10,0,981I,2345,2026-03-23
元大西螺,1590.0,0,200,981i,2345,2026-03-23
元大西螺,1575.0,5,0,981i,2345,2026-03-23
元大屏生,1580.0,0,20,981h,2345,2026-03-23
元大屏生,1570.0,0,200,981h,2345,2026-03-23
元大屏生,1560.0,3,0,981h,2345,2026-03-23
元大彰化,1560.0,0,200,981G,2345,2026-03-23
元大大里,1585.0,0,1000,981g,2345,2026-03-23
富邦建國,1585.0,1001,0,9658,2345,2026-03-23
富邦建國,1575.0,0,50,9658,2345,2026-03-23
富邦建國,1565.0,2010,6001,9658,2345,2026-03-23
華南楠梓,1580.0,12,0,9332,2345,2026-03-23
華南楠梓,1570.0,11,0,9332,2345,2026-03-23
華南鳳山,1590.0,1,0,9331,2345,2026-03-23
華南鳳山,1565.0,0,100,9331,2345,2026-03-23
華南鳳山,1555.0,1,0,9331,2345,2026-03-23
華南朴子,1585.0,5,0,9329,2345,2026-03-23
華南朴子,1575.0,1,0,9329,2345,2026-03-23
華南朴子,1560.0,2,0,9329,2345,2026-03-23
華南斗六,1585.0,20,0,9327,2345,2026-03-23
華南南京,1595.0,0,1000,9326,2345,2026-03-23
華南南京,1580.0,0,10,9326,2345,2026-03-23
華南南京,1570.0,10,1,9326,2345,2026-03-23
華南南京,1555.0,5,0,9326,2345,2026-03-23
華南岡山,1575.0,1000,0,9324,2345,2026-03-23
華南岡山,1560.0,1,0,9324,2345,2026-03-23
華南小港,1570.0,2,0,9323,2345,2026-03-23
華南基隆,1610.0,0,1000,9322,2345,2026-03-23
華南基隆,1595.0,0,1000,9322,2345,2026-03-23
華南基隆,1580.0,2000,0,9322,2345,2026-03-23
華南基隆,1565.0,1000,1000,9322,2345,2026-03-23
華南基隆,1550.0,1000,0,9322,2345,2026-03-23
華南林口,1580.0,1,0,9317,2345,2026-03-23
華南林口,1555.0,2,0,9317,2345,2026-03-23
華南楠梓,1590.0,5,0,9332,2345,2026-03-23
華南淡水,1580.0,0,5,9316,2345,2026-03-23
華南楠梓,1600.0,10,0,9332,2345,2026-03-23
華南世貿,1555.0,5,0,9334,2345,2026-03-23
華南三重,1565.0,0,20,9369,2345,2026-03-23
華南豐原,1580.0,4,0,9366,2345,2026-03-23
華南豐原,1565.0,4,0,9366,2345,2026-03-23
華南彰化,1565.0,0,10,9363,2345,2026-03-23
華南苗栗,1560.0,1000,0,9362,2345,2026-03-23
華南中正,1560.0,0,200,9359,2345,2026-03-23
華南東勢,1600.0,1,0,9358,2345,2026-03-23
華南東勢,1580.0,1,1000,9358,2345,2026-03-23
華南東勢,1570.0,2001,0,9358,2345,2026-03-23
華南東勢,1560.0,0,1000,9358,2345,2026-03-23
華南東勢,1540.0,1000,0,9358,2345,2026-03-23
華南桃園,1590.0,0,1000,9352,2345,2026-03-23
華南桃園,1560.0,1,2,9352,2345,2026-03-23
華南板橋,1605.0,1000,0,9349,2345,2026-03-23
華南敦南,1605.0,1000,0,9347,2345,2026-03-23
華南敦南,1595.0,0,2000,9347,2345,2026-03-23
華南敦南,1570.0,1000,0,9347,2345,2026-03-23
華南敦南,1560.0,0,1000,9347,2345,2026-03-23
華南頭份,1570.0,1000,0,9343,2345,2026-03-23
華南竹北,1590.0,20,0,9339,2345,2026-03-23
華南竹北,1575.0,6,0,9339,2345,2026-03-23
華南世貿,1605.0,0,5,9334,2345,2026-03-23
華南世貿,1590.0,0,10,9334,2345,2026-03-23
華南長虹,1560.0,1000,0,9333,2345,2026-03-23
華南虎尾,1540.0,3000,0,9377,2345,2026-03-23
華南大甲,1555.0,100,1,9315,2345,2026-03-23
華南古亭,1580.0,0,200,9309,2345,2026-03-23
凱基中壢,1605.0,80,0,9285,2345,2026-03-23
凱基中壢,1580.0,0,100,9285,2345,2026-03-23
凱基北門,1590.0,5,0,9283,2345,2026-03-23
凱基北門,1565.0,1000,0,9283,2345,2026-03-23
凱基斗六,1560.0,10,0,9281,2345,2026-03-23
凱基三多,1570.0,0,10,9275,2345,2026-03-23
凱基竹東,1585.0,0,1000,9273,2345,2026-03-23
凱基竹東,1570.0,17,0,9273,2345,2026-03-23
凱基竹科,1605.0,0,10,9272,2345,2026-03-23
凱基竹科,1585.0,7,10,9272,2345,2026-03-23
凱基竹科,1560.0,2010,0,9272,2345,2026-03-23
凱基台北,1605.0,4000,22000,9268,2345,2026-03-23
凱基台北,1595.0,19000,11000,9268,2345,2026-03-23
凱基台北,1585.0,2001,30000,9268,2345,2026-03-23
凱基台北,1575.0,9000,26000,9268,2345,2026-03-23
凱基台北,1565.0,50000,45000,9268,2345,2026-03-23
凱基台北,1555.0,38000,21000,9268,2345,2026-03-23
凱基台北,1545.0,19000,9000,9268,2345,2026-03-23
凱基新豐,1595.0,1150,0,9266,2345,2026-03-23
凱基新豐,1570.0,5,10,9266,2345,2026-03-23
凱基新豐,1560.0,1000,0,9266,2345,2026-03-23
凱基新豐,1550.0,0,1000,9266,2345,2026-03-23
凱基南崁,1600.0,100,0,9256,2345,2026-03-23
凱基內湖,1605.0,0,210,9287,2345,2026-03-23
華南民權,1555.0,5,0,9312,2345,2026-03-23
凱基埔墘,1565.0,0,30,9288,2345,2026-03-23
凱基埔墘,1605.0,1000,20,9288,2345,2026-03-23
華南古亭,1565.0,0,5000,9309,2345,2026-03-23
華南麻豆,1580.0,100,0,9308,2345,2026-03-23
華南大安,1580.0,1000,0,9307,2345,2026-03-23
華南大安,1570.0,1000,400,9307,2345,2026-03-23
華南大安,1560.0,1000,0,9307,2345,2026-03-23
華南台南,1595.0,1,0,9306,2345,2026-03-23
華南新莊,1605.0,0,1,9305,2345,2026-03-23
華南高雄,1610.0,0,20,9303,2345,2026-03-23
華南高雄,1595.0,11,0,9303,2345,2026-03-23
華南高雄,1560.0,10,0,9303,2345,2026-03-23
華南台中,1590.0,1008,0,9302,2345,2026-03-23
華南台中,1575.0,4,100,9302,2345,2026-03-23
華南台中,1565.0,0,1100,9302,2345,2026-03-23
華南台中,1555.0,0,1081,9302,2345,2026-03-23
華南永昌,1605.0,2,0,9300,2345,2026-03-23
華南永昌,1590.0,0,1000,9300,2345,2026-03-23
華南永昌,1575.0,50,0,9300,2345,2026-03-23
華南永昌,1565.0,22030,0,9300,2345,2026-03-23
華南永昌,1555.0,1100,139,9300,2345,2026-03-23
華南永昌,1540.0,1000,0,9300,2345,2026-03-23
凱基文心,1575.0,0,20,9297,2345,2026-03-23
凱基大安,1570.0,150,0,9291,2345,2026-03-23
凱基大安,1555.0,5,0,9291,2345,2026-03-23
凱基埔墘,1590.0,1000,0,9288,2345,2026-03-23
元大北港,1560.0,50,0,9837,2345,2026-03-23
華南虎尾,1560.0,0,5,9377,2345,2026-03-23
富邦,1560.0,511,7011,9600,2345,2026-03-23
富邦羅東,1600.0,0,1,9634,2345,2026-03-23
富邦羅東,1585.0,2,0,9634,2345,2026-03-23
富邦羅東,1575.0,1000,0,9634,2345,2026-03-23
富邦北高,1585.0,10,0,962Q,2345,2026-03-23
富邦北高,1540.0,1000,0,962Q,2345,2026-03-23
富邦頭份,1565.0,0,1100,962P,2345,2026-03-23
富邦三峽,1585.0,10,0,962J,2345,2026-03-23
富邦三峽,1565.0,10,0,962J,2345,2026-03-23
富邦樹林,1595.0,1000,0,962E,2345,2026-03-23
富邦樹林,1565.0,0,2000,962E,2345,2026-03-23
富邦新莊,1590.0,50,0,962D,2345,2026-03-23
富邦新莊,1565.0,1000,0,962D,2345,2026-03-23
富邦新莊,1555.0,24,0,962D,2345,2026-03-23
富邦竹科,1600.0,0,1078,962C,2345,2026-03-23
富邦竹科,1580.0,96,0,962C,2345,2026-03-23
富邦竹科,1570.0,1011,50,962C,2345,2026-03-23
富邦竹科,1560.0,15,1000,962C,2345,2026-03-23
富邦二林,1585.0,10,0,962B,2345,2026-03-23
富邦南港,1590.0,7,0,962A,2345,2026-03-23
富邦南港,1565.0,6,0,962A,2345,2026-03-23
富邦內湖,1595.0,0,100,9627,2345,2026-03-23
富邦內湖,1575.0,0,328,9627,2345,2026-03-23
富邦內湖,1565.0,5,100,9627,2345,2026-03-23
富邦中壢,1560.0,0,1000,9636,2345,2026-03-23
富邦內湖,1550.0,1000,0,9627,2345,2026-03-23
富邦中壢,1570.0,15,14,9636,2345,2026-03-23
富邦八德,1545.0,1000,0,963A,2345,2026-03-23
富邦建國,1555.0,1,100,9658,2345,2026-03-23
富邦苗栗,1585.0,1003,0,9657,2345,2026-03-23
富邦苗栗,1575.0,10,0,9657,2345,2026-03-23
富邦苗栗,1560.0,200,0,9657,2345,2026-03-23
富邦苗栗,1540.0,1000,0,9657,2345,2026-03-23
富邦板橋,1585.0,77,2,9655,2345,2026-03-23
富邦板橋,1575.0,14,0,9655,2345,2026-03-23
富邦板橋,1565.0,95,1040,9655,2345,2026-03-23
富邦板橋,1555.0,11,20,9655,2345,2026-03-23
富邦永和,1600.0,52,0,9654,2345,2026-03-23
富邦永和,1590.0,35,0,9654,2345,2026-03-23
富邦永和,1580.0,13,0,9654,2345,2026-03-23
富邦永和,1570.0,211,1000,9654,2345,2026-03-23
富邦永和,1560.0,18,0,9654,2345,2026-03-23
富邦新竹,1600.0,50,0,9647,2345,2026-03-23
富邦新竹,1590.0,100,1000,9647,2345,2026-03-23
富邦新竹,1580.0,182,0,9647,2345,2026-03-23
富邦新竹,1570.0,5437,1000,9647,2345,2026-03-23
富邦新竹,1560.0,137,0,9647,2345,2026-03-23
富邦新竹,1550.0,0,50,9647,2345,2026-03-23
富邦豐原,1590.0,10,0,963L,2345,2026-03-23
富邦八德,1590.0,10,0,963A,2345,2026-03-23
富邦八德,1560.0,150,33,963A,2345,2026-03-23
富邦中壢,1580.0,107,1000,9636,2345,2026-03-23
華南東昇,1590.0,10,0,9386,2345,2026-03-23
富邦竹東,1565.0,1000,0,9625,2345,2026-03-23
富邦竹北,1600.0,0,10,9624,2345,2026-03-23
富邦公益,1570.0,1000,0,961F,2345,2026-03-23
富邦公益,1560.0,0,35,961F,2345,2026-03-23
富邦南京,1605.0,7,0,961C,2345,2026-03-23
富邦南京,1595.0,200,0,961C,2345,2026-03-23
富邦南京,1585.0,3001,0,961C,2345,2026-03-23
富邦南京,1575.0,2001,0,961C,2345,2026-03-23
富邦南京,1565.0,1038,20,961C,2345,2026-03-23
富邦南京,1555.0,18,1000,961C,2345,2026-03-23
富邦岡山,1585.0,0,10,9616,2345,2026-03-23
富邦岡山,1570.0,1,0,9616,2345,2026-03-23
富邦基隆,1590.0,0,10,9614,2345,2026-03-23
富邦台東,1580.0,6,0,9608,2345,2026-03-23
富邦台東,1555.0,51,0,9608,2345,2026-03-23
富邦陽明,1605.0,31,100,9604,2345,2026-03-23
富邦陽明,1590.0,100,0,9604,2345,2026-03-23
富邦陽明,1575.0,1000,0,9604,2345,2026-03-23
富邦陽明,1565.0,0,1001,9604,2345,2026-03-23
富邦陽明,1555.0,2000,0,9604,2345,2026-03-23
富邦,1610.0,502,0,9600,2345,2026-03-23
富邦,1600.0,0,2027,9600,2345,2026-03-23
富邦,1590.0,4,3000,9600,2345,2026-03-23
富邦,1580.0,10,4000,9600,2345,2026-03-23
富邦,1570.0,21,8001,9600,2345,2026-03-23
富邦公益,1590.0,1000,2000,961F,2345,2026-03-23
富邦竹東,1555.0,121,0,9625,2345,2026-03-23
富邦新板,1565.0,0,1000,961H,2345,2026-03-23
富邦新板,1595.0,1000,0,961H,2345,2026-03-23
富邦竹北,1590.0,100,0,9624,2345,2026-03-23
富邦竹北,1565.0,3,63,9624,2345,2026-03-23
富邦竹北,1550.0,0,1000,9624,2345,2026-03-23
富邦台北,1600.0,15,1,9623,2345,2026-03-23
富邦台北,1590.0,112,2002,9623,2345,2026-03-23
富邦台北,1580.0,58,31,9623,2345,2026-03-23
富邦台北,1570.0,1100,5,9623,2345,2026-03-23
富邦台北,1560.0,108,1012,9623,2345,2026-03-23
富邦台北,1550.0,1000,169,9623,2345,2026-03-23
富邦花蓮,1595.0,2,0,9621,2345,2026-03-23
富邦花蓮,1570.0,3,0,9621,2345,2026-03-23
富邦永康,1595.0,0,2000,961Z,2345,2026-03-23
富邦永康,1570.0,1,68,961Z,2345,2026-03-23
富邦屏東,1565.0,0,1,961Y,2345,2026-03-23
富邦南員,1560.0,105,0,961R,2345,2026-03-23
富邦青埔,1585.0,50,0,961N,2345,2026-03-23
富邦青埔,1565.0,0,12,961N,2345,2026-03-23
富邦木柵,1600.0,10,0,961M,2345,2026-03-23
富邦木柵,1565.0,1000,0,961M,2345,2026-03-23
富邦七賢,1610.0,0,30,961K,2345,2026-03-23
富邦七賢,1595.0,0,192,961K,2345,2026-03-23
富邦七賢,1585.0,0,2,961K,2345,2026-03-23
富邦七賢,1565.0,1000,3,961K,2345,2026-03-23
富邦新板,1580.0,0,15,961H,2345,2026-03-23
元大北港,1570.0,2,0,9837,2345,2026-03-23
元大北港,1580.0,10,0,9837,2345,2026-03-23
元大豐原,1565.0,1005,10,9838,2345,2026-03-23
永豐台南,1575.0,1,1000,9A9h,2345,2026-03-23
永豐台南,1560.0,0,1000,9A9h,2345,2026-03-23
永豐天母,1605.0,0,1000,9A9G,2345,2026-03-23
永豐天母,1575.0,1010,0,9A9G,2345,2026-03-23
永豐內湖,1565.0,1,18,9A9g,2345,2026-03-23
永豐內湖,1540.0,0,1000,9A9g,2345,2026-03-23
永豐高雄,1575.0,0,2005,9A9e,2345,2026-03-23
永豐高雄,1560.0,0,80,9A9e,2345,2026-03-23
永豐忠孝,1585.0,0,200,9A9D,2345,2026-03-23
永豐忠孝,1570.0,0,200,9A9D,2345,2026-03-23
永豐忠孝,1560.0,0,301,9A9D,2345,2026-03-23
永豐古亭,1585.0,1010,1000,9A9d,2345,2026-03-23
永豐古亭,1570.0,1000,1000,9A9d,2345,2026-03-23
永豐古亭,1560.0,0,1000,9A9d,2345,2026-03-23
永豐永康,1600.0,0,50,9A9c,2345,2026-03-23
永豐永康,1580.0,1,0,9A9c,2345,2026-03-23
永豐永康,1570.0,0,1000,9A9c,2345,2026-03-23
永豐永康,1560.0,1100,0,9A9c,2345,2026-03-23
永豐中和,1610.0,0,1,9A9B,2345,2026-03-23
永豐虎尾,1565.0,0,1000,9A9b,2345,2026-03-23
永豐虎尾,1540.0,3000,3000,9A9b,2345,2026-03-23
永豐羅東,1580.0,10,0,9A9A,2345,2026-03-23
永豐羅東,1550.0,20,0,9A9A,2345,2026-03-23
永豐台南,1585.0,1,0,9A9h,2345,2026-03-23
永豐苓雅,1580.0,1,0,9A9a,2345,2026-03-23
永豐台南,1600.0,1,0,9A9h,2345,2026-03-23
永豐新莊,1565.0,0,220,9A9H,2345,2026-03-23
永豐北高,1560.0,0,1000,9A9r,2345,2026-03-23
永豐北高,1550.0,0,1,9A9r,2345,2026-03-23
永豐豐原,1585.0,0,1,9A9Q,2345,2026-03-23
永豐豐原,1560.0,1,0,9A9Q,2345,2026-03-23
永豐潮州,1590.0,0,1000,9A9q,2345,2026-03-23
永豐潮州,1570.0,30,0,9A9q,2345,2026-03-23
永豐潮州,1535.0,1000,0,9A9q,2345,2026-03-23
永豐竹北,1570.0,1000,0,9A9P,2345,2026-03-23
永豐竹北,1560.0,1005,0,9A9P,2345,2026-03-23
永豐桃盛,1595.0,50,0,9A9N,2345,2026-03-23
永豐桃盛,1570.0,1,0,9A9N,2345,2026-03-23
永豐南投,1595.0,0,2,9A9M,2345,2026-03-23
永豐南投,1555.0,5,0,9A9M,2345,2026-03-23
永豐台中,1585.0,0,15,9A9L,2345,2026-03-23
永豐台中,1570.0,0,1040,9A9L,2345,2026-03-23
永豐台中,1560.0,0,4000,9A9L,2345,2026-03-23
永豐三重,1570.0,4,0,9A9K,2345,2026-03-23
永豐板新,1605.0,5,0,9A9J,2345,2026-03-23
永豐板新,1590.0,25,0,9A9J,2345,2026-03-23
永豐板新,1565.0,1001,0,9A9J,2345,2026-03-23
永豐板新,1545.0,0,1000,9A9J,2345,2026-03-23
永豐嘉義,1575.0,0,10,9A9j,2345,2026-03-23
永豐新莊,1585.0,21,0,9A9H,2345,2026-03-23
永豐新莊,1555.0,108,1000,9A9H,2345,2026-03-23
永豐北高,1580.0,0,5,9A9r,2345,2026-03-23
永豐中壢,1595.0,1001,0,9A99,2345,2026-03-23
永豐大園,1610.0,15,0,9A98,2345,2026-03-23
永豐鳳山,1590.0,0,30,9A61,2345,2026-03-23
永豐鳳山,1575.0,0,6,9A61,2345,2026-03-23
永豐金,1610.0,0,5,9A00,2345,2026-03-23
永豐金,1600.0,628,5267,9A00,2345,2026-03-23
永豐金,1590.0,3149,17212,9A00,2345,2026-03-23
永豐金,1580.0,180,15833,9A00,2345,2026-03-23
永豐金,1570.0,1502,11364,9A00,2345,2026-03-23
永豐金,1560.0,3908,10673,9A00,2345,2026-03-23
永豐金,1550.0,4,2000,9A00,2345,2026-03-23
元大小港,1595.0,0,2,989Z,2345,2026-03-23
元大小港,1585.0,2,0,989Z,2345,2026-03-23
元大小港,1575.0,1,1000,989Z,2345,2026-03-23
元大小港,1565.0,5,0,989Z,2345,2026-03-23
元大小港,1555.0,4,0,989Z,2345,2026-03-23
元大基隆,1570.0,20,0,989Y,2345,2026-03-23
元大三民,1595.0,38,0,989X,2345,2026-03-23
元大三民,1570.0,5,0,989X,2345,2026-03-23
元大三民,1555.0,5,0,989X,2345,2026-03-23
元大站前,1585.0,10,0,989W,2345,2026-03-23
元大站前,1575.0,113,0,989W,2345,2026-03-23
元大站前,1560.0,233,0,989W,2345,2026-03-23
元大北重,1570.0,9,0,989V,2345,2026-03-23
元大北重,1555.0,3,0,989V,2345,2026-03-23
永豐屏東,1570.0,100,0,9A69,2345,2026-03-23
永豐中壢,1575.0,3,0,9A99,2345,2026-03-23
永豐屏東,1590.0,30,0,9A69,2345,2026-03-23
永豐匯立,1540.0,0,7000,9A81,2345,2026-03-23
永豐大園,1595.0,2,0,9A98,2345,2026-03-23
永豐大園,1580.0,0,1030,9A98,2345,2026-03-23
永豐大園,1565.0,1100,0,9A98,2345,2026-03-23
永豐大園,1555.0,2,0,9A98,2345,2026-03-23
永豐新竹,1595.0,1048,0,9A97,2345,2026-03-23
永豐新竹,1565.0,2,1015,9A97,2345,2026-03-23
永豐新竹,1555.0,0,203,9A97,2345,2026-03-23
永豐萬盛,1570.0,1,0,9A92,2345,2026-03-23
永豐萬盛,1555.0,200,5,9A92,2345,2026-03-23
永豐松山,1585.0,1,0,9A91,2345,2026-03-23
永豐松山,1565.0,3005,3000,9A91,2345,2026-03-23
永豐松山,1540.0,2000,0,9A91,2345,2026-03-23
永豐敦南,1605.0,5000,0,9A8F,2345,2026-03-23
永豐敦南,1595.0,1000,3,9A8F,2345,2026-03-23
永豐敦南,1580.0,0,30,9A8F,2345,2026-03-23
永豐敦南,1570.0,1025,200,9A8F,2345,2026-03-23
永豐敦南,1560.0,0,10,9A8F,2345,2026-03-23
永豐敦南,1550.0,0,100,9A8F,2345,2026-03-23
永豐敦北,1595.0,1,62,9A89,2345,2026-03-23
永豐敦北,1570.0,20,0,9A89,2345,2026-03-23
永豐敦北,1560.0,1003,0,9A89,2345,2026-03-23
永豐匯立,1585.0,0,1000,9A81,2345,2026-03-23
永豐匯立,1565.0,0,8498,9A81,2345,2026-03-23
永豐埔里,1570.0,83,0,9A79,2345,2026-03-23
元大大甲,1590.0,0,100,989U,2345,2026-03-23
永豐信義,1580.0,0,55,9A9R,2345,2026-03-23
永豐彰化,1565.0,185,0,9A9s,2345,2026-03-23
元富成功,1595.0,0,1000,9B2m,2345,2026-03-23
元富成功,1585.0,1,0,9B2m,2345,2026-03-23
元富成功,1555.0,1,0,9B2m,2345,2026-03-23
元富中壢,1595.0,1000,0,9B2L,2345,2026-03-23
元富中壢,1560.0,5,0,9B2L,2345,2026-03-23
元富大裕,1580.0,1,0,9B2l,2345,2026-03-23
元富大裕,1565.0,2,0,9B2l,2345,2026-03-23
元富嘉義,1600.0,1,0,9B2I,2345,2026-03-23
元富中港,1555.0,1,0,9B2i,2345,2026-03-23
元富信義,1595.0,2,0,9B2H,2345,2026-03-23
元富信義,1570.0,100,0,9B2H,2345,2026-03-23
元富新竹,1600.0,1000,0,9B2G,2345,2026-03-23
元富新竹,1575.0,5,0,9B2G,2345,2026-03-23
元富新竹,1565.0,0,1000,9B2G,2345,2026-03-23
元富新竹,1555.0,200,0,9B2G,2345,2026-03-23
元富中原,1565.0,61,0,9B2g,2345,2026-03-23
元富城中,1600.0,0,3,9B2E,2345,2026-03-23
元富城中,1570.0,1,0,9B2E,2345,2026-03-23
元富城中,1540.0,2000,0,9B2E,2345,2026-03-23
元富大昌,1590.0,0,1000,9B2D,2345,2026-03-23
元富大昌,1565.0,0,1001,9B2D,2345,2026-03-23
元富潮州,1565.0,0,2,9B2C,2345,2026-03-23
元富烏日,1565.0,5,0,9B2c,2345,2026-03-23
元富彰化,1570.0,0,10,9B2M,2345,2026-03-23
元富永和,1560.0,1000,0,9B2B,2345,2026-03-23
元富西松,1565.0,1025,0,9B2n,2345,2026-03-23
元富新興,1550.0,0,2000,9B2o,2345,2026-03-23
元富文心,1550.0,1,0,9B2z,2345,2026-03-23
元富花蓮,1605.0,0,1,9B2y,2345,2026-03-23
元富花蓮,1560.0,20,0,9B2y,2345,2026-03-23
元富草屯,1580.0,0,100,9B2X,2345,2026-03-23
元富吉利,1600.0,3,0,9B2W,2345,2026-03-23
元富吉利,1560.0,0,20,9B2W,2345,2026-03-23
元富桃園,1585.0,6,0,9B2v,2345,2026-03-23
元富宜蘭,1570.0,20,0,9B2U,2345,2026-03-23
元富世貿,1605.0,30,0,9B2u,2345,2026-03-23
元富世貿,1590.0,10,0,9B2u,2345,2026-03-23
元富世貿,1570.0,1,0,9B2u,2345,2026-03-23
元富城東,1590.0,25,1020,9B2r,2345,2026-03-23
元富城東,1575.0,0,30,9B2r,2345,2026-03-23
元富城東,1565.0,0,10,9B2r,2345,2026-03-23
元富敦南,1605.0,0,9,9B2Q,2345,2026-03-23
元富屏東,1600.0,25,0,9B2q,2345,2026-03-23
元富屏東,1590.0,1020,1000,9B2q,2345,2026-03-23
元富屏東,1580.0,10,10,9B2q,2345,2026-03-23
元富屏東,1570.0,25,0,9B2q,2345,2026-03-23
元富屏東,1560.0,0,1000,9B2q,2345,2026-03-23
元富同大,1575.0,1000,0,9B2P,2345,2026-03-23
元富同大,1555.0,31,0,9B2P,2345,2026-03-23
元富新興,1570.0,1000,0,9B2o,2345,2026-03-23
元富西松,1575.0,0,500,9B2n,2345,2026-03-23
永豐彰化,1555.0,6,0,9A9s,2345,2026-03-23
元富板橋,1605.0,1000,0,9B2b,2345,2026-03-23
元富板橋,1570.0,1,0,9B2b,2345,2026-03-23
永豐竹科,1600.0,0,220,9A9X,2345,2026-03-23
永豐竹科,1590.0,21,0,9A9X,2345,2026-03-23
永豐竹科,1580.0,10,0,9A9X,2345,2026-03-23
永豐竹科,1570.0,13,0,9A9X,2345,2026-03-23
永豐竹科,1560.0,21,20,9A9X,2345,2026-03-23
永豐竹科,1540.0,0,1000,9A9X,2345,2026-03-23
永豐桃園,1605.0,0,5,9A9x,2345,2026-03-23
永豐桃園,1585.0,0,200,9A9x,2345,2026-03-23
永豐桃園,1575.0,2,0,9A9x,2345,2026-03-23
永豐桃園,1565.0,1,3,9A9x,2345,2026-03-23
永豐桃園,1555.0,1,0,9A9x,2345,2026-03-23
永豐市政,1590.0,1000,1002,9A9W,2345,2026-03-23
永豐市政,1580.0,100,0,9A9W,2345,2026-03-23
永豐市政,1565.0,0,25,9A9W,2345,2026-03-23
永豐市政,1555.0,92,0,9A9W,2345,2026-03-23
永豐中正,1605.0,1000,1000,9A9U,2345,2026-03-23
永豐中正,1595.0,0,2000,9A9U,2345,2026-03-23
永豐中正,1585.0,20,0,9A9U,2345,2026-03-23
永豐中正,1570.0,1000,50,9A9U,2345,2026-03-23
永豐中正,1560.0,110,2000,9A9U,2345,2026-03-23
永豐中正,1550.0,15,0,9A9U,2345,2026-03-23
永豐南京,1570.0,15,1000,9A9S,2345,2026-03-23
永豐彰化,1605.0,5,0,9A9s,2345,2026-03-23
永豐竹科,1610.0,5,0,9A9X,2345,2026-03-23
元富板橋,1585.0,1,0,9B2b,2345,2026-03-23
永豐板盛,1595.0,1,0,9A9Y,2345,2026-03-23
永豐復興,1585.0,10,0,9A9Z,2345,2026-03-23
元富板橋,1555.0,0,1,9B2b,2345,2026-03-23
元富緯城,1585.0,2,0,9B2A,2345,2026-03-23
元富緯城,1575.0,2,0,9B2A,2345,2026-03-23
元富緯城,1565.0,2,0,9B2A,2345,2026-03-23
元富緯城,1555.0,5,0,9B2A,2345,2026-03-23
元富松德,1600.0,800,0,9B2a,2345,2026-03-23
元富松德,1580.0,6,0,9B2a,2345,2026-03-23
元富松德,1565.0,20,2,9B2a,2345,2026-03-23
元富松德,1555.0,40,0,9B2a,2345,2026-03-23
元富台南,1565.0,1000,200,9B29,2345,2026-03-23
元富台南,1540.0,1000,0,9B29,2345,2026-03-23
元富新莊,1555.0,1000,0,9B28,2345,2026-03-23
元富台中,1585.0,2,0,9B25,2345,2026-03-23
元富台中,1570.0,0,20,9B25,2345,2026-03-23
元富台中,1555.0,1000,0,9B25,2345,2026-03-23
元富三重,1590.0,1,0,9B23,2345,2026-03-23
元富三重,1555.0,30,0,9B23,2345,2026-03-23
元富新店,1555.0,1080,0,9B22,2345,2026-03-23
元富高雄,1570.0,0,30,9B21,2345,2026-03-23
元富證券,1605.0,2000,0,9B00,2345,2026-03-23
元富證券,1585.0,30,0,9B00,2345,2026-03-23
元富證券,1575.0,15,3000,9B00,2345,2026-03-23
元富證券,1565.0,0,1000,9B00,2345,2026-03-23
永豐復興,1570.0,0,60,9A9Z,2345,2026-03-23
凱基和平,1590.0,0,250,9255,2345,2026-03-23
元大大甲,1570.0,50,0,989U,2345,2026-03-23
元大鹿港,1590.0,0,100,989S,2345,2026-03-23
元大南京,1585.0,1000,0,9862,2345,2026-03-23
元大南京,1565.0,12,1000,9862,2345,2026-03-23
元大南京,1555.0,8,0,9862,2345,2026-03-23
元大鳳中,1570.0,2,100,985C,2345,2026-03-23
元大經國,1605.0,1000,0,9859,2345,2026-03-23
元大經國,1595.0,1,50,9859,2345,2026-03-23
元大經國,1580.0,2,1136,9859,2345,2026-03-23
元大經國,1570.0,6,2,9859,2345,2026-03-23
元大經國,1560.0,9,2000,9859,2345,2026-03-23
元大經國,1540.0,1000,0,9859,2345,2026-03-23
元大龍潭,1590.0,1051,0,9858,2345,2026-03-23
元大龍潭,1580.0,1010,1000,9858,2345,2026-03-23
元大龍潭,1570.0,1063,0,9858,2345,2026-03-23
元大龍潭,1560.0,15,0,9858,2345,2026-03-23
元大龍潭,1550.0,1050,0,9858,2345,2026-03-23
元大蘆洲,1600.0,0,1,9857,2345,2026-03-23
元大蘆洲,1590.0,40,0,9857,2345,2026-03-23
元大蘆洲,1580.0,7,0,9857,2345,2026-03-23
元大蘆洲,1570.0,1,0,9857,2345,2026-03-23
元大蘆洲,1560.0,6,0,9857,2345,2026-03-23
元大蘆洲,1540.0,1000,0,9857,2345,2026-03-23
元大花蓮,1595.0,0,15,9856,2345,2026-03-23
元大花蓮,1585.0,20,12,9856,2345,2026-03-23
元大南京,1595.0,0,1200,9862,2345,2026-03-23
元大花蓮,1575.0,10,0,9856,2345,2026-03-23
元大和平,1590.0,1000,0,9863,2345,2026-03-23
元大民權,1580.0,0,200,9867,2345,2026-03-23
元大永寧,1580.0,0,1000,9875,2345,2026-03-23
元大永寧,1570.0,0,30,9875,2345,2026-03-23
元大永寧,1555.0,20,0,9875,2345,2026-03-23
元大雙和,1610.0,0,5,9874,2345,2026-03-23
元大雙和,1600.0,0,5,9874,2345,2026-03-23
元大雙和,1585.0,0,15,9874,2345,2026-03-23
元大雙和,1565.0,25,1000,9874,2345,2026-03-23
元大復北,1595.0,20,0,9872,2345,2026-03-23
元大復北,1585.0,50,0,9872,2345,2026-03-23
元大復北,1565.0,2001,10,9872,2345,2026-03-23
元大復北,1555.0,11,0,9872,2345,2026-03-23
元大忠孝,1600.0,0,1000,9871,2345,2026-03-23
元大忠孝,1590.0,50,0,9871,2345,2026-03-23
元大忠孝,1565.0,1000,1062,9871,2345,2026-03-23
元大忠孝,1535.0,0,1000,9871,2345,2026-03-23
元大基孝,1575.0,0,4,986K,2345,2026-03-23
元大新盛,1600.0,1,0,9869,2345,2026-03-23
元大新盛,1585.0,99,0,9869,2345,2026-03-23
元大新盛,1575.0,0,10,9869,2345,2026-03-23
元大新盛,1565.0,50,0,9869,2345,2026-03-23
元大新盛,1555.0,1000,2002,9869,2345,2026-03-23
元大文心,1600.0,1030,0,9868,2345,2026-03-23
元大民權,1610.0,0,100,9867,2345,2026-03-23
元大民權,1560.0,40,30,9867,2345,2026-03-23
元大永寧,1600.0,32,0,9875,2345,2026-03-23
元大花蓮,1560.0,40,0,9856,2345,2026-03-23
元大興安,1565.0,1000,0,9854,2345,2026-03-23
元大大安,1560.0,0,1000,983N,2345,2026-03-23
元大木柵,1555.0,0,25,983M,2345,2026-03-23
元大學甲,1600.0,1000,0,983K,2345,2026-03-23
元大學甲,1580.0,30,0,983K,2345,2026-03-23
元大學甲,1570.0,54,0,983K,2345,2026-03-23
元大仁愛,1590.0,27,0,983j,2345,2026-03-23
元大仁愛,1565.0,0,1,983j,2345,2026-03-23
元大大雅,1610.0,0,1007,983i,2345,2026-03-23
元大大雅,1590.0,0,2000,983i,2345,2026-03-23
元大大雅,1565.0,5,1000,983i,2345,2026-03-23
元大大雅,1555.0,1000,50,983i,2345,2026-03-23
元大大雅,1540.0,1000,0,983i,2345,2026-03-23
元大上新,1600.0,1000,0,983G,2345,2026-03-23
元大上新,1555.0,0,5,983G,2345,2026-03-23
元大竹東,1590.0,0,1000,983f,2345,2026-03-23
元大竹東,1575.0,1000,0,983f,2345,2026-03-23
元大竹東,1560.0,10,22,983f,2345,2026-03-23
元大林森,1600.0,4,1000,983B,2345,2026-03-23
元大林森,1590.0,24,0,983B,2345,2026-03-23
元大林森,1570.0,20,0,983B,2345,2026-03-23
元大林森,1555.0,23,0,983B,2345,2026-03-23
元大豐原,1595.0,0,1005,9838,2345,2026-03-23
元大豐原,1580.0,1000,0,9838,2345,2026-03-23
元大大安,1590.0,1020,0,983N,2345,2026-03-23
元大興安,1580.0,1,0,9854,2345,2026-03-23
元大大安,1600.0,1000,1000,983N,2345,2026-03-23
元大頭份,1570.0,75,0,983U,2345,2026-03-23
元大南屯,1595.0,20,1000,9853,2345,2026-03-23
元大南屯,1585.0,1,0,9853,2345,2026-03-23
元大南屯,1565.0,1000,0,9853,2345,2026-03-23
元大南屯,1540.0,0,1000,9853,2345,2026-03-23
元大永春,1590.0,0,1000,9852,2345,2026-03-23
元大永春,1575.0,0,7,9852,2345,2026-03-23
元大永春,1565.0,9,0,9852,2345,2026-03-23
元大永春,1555.0,0,50,9852,2345,2026-03-23
元大永春,1540.0,1000,0,9852,2345,2026-03-23
元大館前,1595.0,0,1000,984K,2345,2026-03-23
元大館前,1560.0,200,0,984K,2345,2026-03-23
元大景美,1580.0,0,100,984H,2345,2026-03-23
元大南勢,1555.0,0,50,984E,2345,2026-03-23
元大新中,1560.0,94,0,984C,2345,2026-03-23
元大大直,1580.0,0,200,9846,2345,2026-03-23
元大鳳山,1590.0,1030,0,983Z,2345,2026-03-23
元大鳳山,1560.0,1100,0,983Z,2345,2026-03-23
元大德芳,1580.0,20,0,983W,2345,2026-03-23
元大德芳,1560.0,10,0,983W,2345,2026-03-23
元大竹南,1575.0,1,0,983V,2345,2026-03-23
元大竹南,1565.0,2,0,983V,2345,2026-03-23
元大頭份,1590.0,100,0,983U,2345,2026-03-23
元大頭份,1580.0,30,0,983U,2345,2026-03-23
元大頭份,1555.0,0,4,983U,2345,2026-03-23
元大鹿港,1600.0,0,1000,989S,2345,2026-03-23
元大金華,1560.0,5,0,9878,2345,2026-03-23
元大板三,1570.0,0,7,9879,2345,2026-03-23
元大蘆中,1565.0,3,0,989I,2345,2026-03-23
元大蘆中,1555.0,1,1000,989I,2345,2026-03-23
元大大同,1600.0,0,30,989G,2345,2026-03-23
元大大同,1590.0,201,0,989G,2345,2026-03-23
元大大同,1580.0,1,0,989G,2345,2026-03-23
元大大同,1570.0,20,20,989G,2345,2026-03-23
元大大同,1555.0,5,5,989G,2345,2026-03-23
元大嘉義,1605.0,1000,0,989g,2345,2026-03-23
元大嘉義,1555.0,0,1000,989g,2345,2026-03-23
元大高雄,1590.0,100,0,989F,2345,2026-03-23
元大高雄,1570.0,100,20,989F,2345,2026-03-23
元大高雄,1560.0,151,14,989F,2345,2026-03-23
元大東港,1570.0,0,32,989f,2345,2026-03-23
元大草屯,1605.0,1000,0,989E,2345,2026-03-23
元大草屯,1595.0,1003,10,989E,2345,2026-03-23
元大草屯,1585.0,2001,10,989E,2345,2026-03-23
元大草屯,1575.0,1002,10,989E,2345,2026-03-23
元大草屯,1560.0,1006,0,989E,2345,2026-03-23
元大草屯,1550.0,2000,0,989E,2345,2026-03-23
元大中和,1600.0,19,0,989e,2345,2026-03-23
元大中和,1580.0,0,4,989e,2345,2026-03-23
元大中和,1565.0,5,0,989e,2345,2026-03-23
元大中和,1550.0,30,0,989e,2345,2026-03-23
元大樹林,1540.0,1000,0,989j,2345,2026-03-23
元大左營,1600.0,1,0,989D,2345,2026-03-23
元大樹林,1555.0,1000,1140,989j,2345,2026-03-23
元大樹林,1575.0,1005,30,989j,2345,2026-03-23
元大鹿港,1580.0,2,100,989S,2345,2026-03-23
元大鹿港,1570.0,0,20,989S,2345,2026-03-23
元大汐止,1600.0,0,10,989Q,2345,2026-03-23
元大汐止,1585.0,100,0,989Q,2345,2026-03-23
元大汐止,1550.0,10,1000,989Q,2345,2026-03-23
元大敦南,1595.0,30,0,989P,2345,2026-03-23
元大敦南,1570.0,65,0,989P,2345,2026-03-23
元大敦南,1555.0,1000,200,989P,2345,2026-03-23
元大內湖,1600.0,0,1,989N,2345,2026-03-23
元大內湖,1585.0,30,0,989N,2345,2026-03-23
元大內湖,1570.0,10,50,989N,2345,2026-03-23
元大信義,1580.0,10,0,989m,2345,2026-03-23
元大信義,1560.0,0,1,989m,2345,2026-03-23
元大成功,1605.0,0,2000,989L,2345,2026-03-23
元大成功,1580.0,6,0,989L,2345,2026-03-23
元大成功,1570.0,100,0,989L,2345,2026-03-23
元大成功,1555.0,0,1001,989L,2345,2026-03-23
元大古亭,1590.0,50,0,989k,2345,2026-03-23
元大古亭,1580.0,3050,0,989k,2345,2026-03-23
元大彰生,1585.0,0,1000,989J,2345,2026-03-23
元大彰生,1555.0,0,100,989J,2345,2026-03-23
元大樹林,1595.0,0,2000,989j,2345,2026-03-23
元大樹林,1585.0,0,6000,989j,2345,2026-03-23
元大樹林,1565.0,2000,4015,989j,2345,2026-03-23
元大板三,1555.0,3,0,9879,2345,2026-03-23
元大左營,1575.0,1000,0,989D,2345,2026-03-23
元大北屯,1575.0,0,100,989d,2345,2026-03-23
元大桃興,1555.0,10,0,9894,2345,2026-03-23
元大大天,1560.0,20,0,9893,2345,2026-03-23
元大屏東,1555.0,20,0,9892,2345,2026-03-23
元大永和,1570.0,0,19006,9891,2345,2026-03-23
元大永和,1560.0,0,9000,9891,2345,2026-03-23
元大長庚,1595.0,0,10,988V,2345,2026-03-23
元大長庚,1560.0,15,25,988V,2345,2026-03-23
元大三重,1585.0,2,0,988C,2345,2026-03-23
元大三重,1570.0,10,0,988C,2345,2026-03-23
元大桃園,1595.0,4,0,988B,2345,2026-03-23
元大桃園,1585.0,3,0,988B,2345,2026-03-23
元大桃園,1570.0,6,1000,988B,2345,2026-03-23
元大桃園,1550.0,0,1,988B,2345,2026-03-23
元大員林,1590.0,10,3,9889,2345,2026-03-23
元大員林,1570.0,0,1,9889,2345,2026-03-23
元大鑫永,1555.0,0,70,9888,2345,2026-03-23
元大斗信,1590.0,10,0,9884,2345,2026-03-23
元大斗信,1580.0,10,0,9884,2345,2026-03-23
元大斗信,1565.0,14,0,9884,2345,2026-03-23
元大楊梅,1600.0,1,200,987A,2345,2026-03-23
元大楊梅,1560.0,1005,0,987A,2345,2026-03-23
元大板三,1600.0,6,0,9879,2345,2026-03-23
元大板三,1585.0,1000,0,9879,2345,2026-03-23
元大桃興,1580.0,10,0,9894,2345,2026-03-23
元大北屯,1590.0,10,0,989d,2345,2026-03-23
元大台南,1540.0,1000,0,9896,2345,2026-03-23
元大台南,1570.0,26,1010,9896,2345,2026-03-23
元大北屯,1565.0,20,0,989d,2345,2026-03-23
元大北屯,1555.0,0,5,989d,2345,2026-03-23
元大板橋,1595.0,20,0,989C,2345,2026-03-23
元大板橋,1580.0,0,20,989C,2345,2026-03-23
元大板橋,1565.0,71,0,989C,2345,2026-03-23
元大板橋,1540.0,1000,0,989C,2345,2026-03-23
元大中港,1580.0,0,5,989B,2345,2026-03-23
元大北投,1590.0,1,0,989A,2345,2026-03-23
元大北投,1555.0,0,10,989A,2345,2026-03-23
元大苑裡,1600.0,0,10,989a,2345,2026-03-23
元大苑裡,1575.0,50,0,989a,2345,2026-03-23
元大苑裡,1560.0,52,0,989a,2345,2026-03-23
元大淡水,1565.0,47,0,9899,2345,2026-03-23
元大新莊,1600.0,83,0,9898,2345,2026-03-23
元大新莊,1590.0,10,0,9898,2345,2026-03-23
元大新莊,1580.0,20,50,9898,2345,2026-03-23
元大新莊,1570.0,0,30,9898,2345,2026-03-23
元大新莊,1560.0,200,28,9898,2345,2026-03-23
元大土城,1600.0,0,10,9897,2345,2026-03-23
元大土城,1570.0,0,10,9897,2345,2026-03-23
元大土城,1560.0,10,0,9897,2345,2026-03-23
元大台南,1595.0,0,1000,9896,2345,2026-03-23
元大台南,1585.0,13,30,9896,2345,2026-03-23
元大台南,1560.0,12,50,9896,2345,2026-03-23
元富文心,1575.0,0,6,9B2z,2345,2026-03-23
凱基和平,1575.0,0,18,9255,2345,2026-03-23
凱基科園,1560.0,2,0,9254,2345,2026-03-23
中信中壢,1590.0,1000,0,616A,2345,2026-03-23
中信中壢,1575.0,20,9,616A,2345,2026-03-23
中信中壢,1560.0,10,0,616A,2345,2026-03-23
中信嘉義,1585.0,5,0,6168,2345,2026-03-23
中信嘉義,1560.0,2,0,6168,2345,2026-03-23
中信松江,1560.0,30,0,6167,2345,2026-03-23
中信託新,1590.0,0,5,6165,2345,2026-03-23
中信託新,1580.0,1030,0,6165,2345,2026-03-23
中信託新,1565.0,545,0,6165,2345,2026-03-23
中信託新,1555.0,80,0,6165,2345,2026-03-23
中信託高,1550.0,0,5,616K,2345,2026-03-23
中信託文,1595.0,0,50,6164,2345,2026-03-23
中信託文,1570.0,15,1050,6164,2345,2026-03-23
中信託文,1560.0,2000,180,6164,2345,2026-03-23
中信託永,1580.0,0,125,6163,2345,2026-03-23
中信託永,1550.0,22,0,6163,2345,2026-03-23
中信託忠,1590.0,2,1000,6162,2345,2026-03-23
中信託忠,1570.0,1,100,6162,2345,2026-03-23
中信託忠,1560.0,550,0,6162,2345,2026-03-23
中信三重,1560.0,100,0,6161,2345,2026-03-23
中國信託,1600.0,13,20,6160,2345,2026-03-23
中國信託,1590.0,0,1000,6160,2345,2026-03-23
中信託文,1580.0,71,0,6164,2345,2026-03-23
中信託高,1560.0,1010,1000,616K,2345,2026-03-23
中信託高,1575.0,0,200,616K,2345,2026-03-23
中信託高,1590.0,2037,0,616K,2345,2026-03-23
兆豐,1570.0,1,1010,7000,2345,2026-03-23
兆豐,1560.0,10000,4000,7000,2345,2026-03-23
兆豐,1550.0,0,7000,7000,2345,2026-03-23
德信和平,1555.0,80,0,6915,2345,2026-03-23
德信中正,1570.0,50,0,6912,2345,2026-03-23
德信,1555.0,0,75,6910,2345,2026-03-23
口袋,1600.0,3,0,6620,2345,2026-03-23
口袋,1585.0,4,10,6620,2345,2026-03-23
口袋,1575.0,0,122,6620,2345,2026-03-23
口袋,1565.0,0,150,6620,2345,2026-03-23
口袋,1555.0,8,0,6620,2345,2026-03-23
福邦,1565.0,0,3000,6480,2345,2026-03-23
大昌桃園,1575.0,0,1000,6465,2345,2026-03-23
大昌新店,1580.0,20,0,6464,2345,2026-03-23
大昌新店,1560.0,0,1000,6464,2345,2026-03-23
大昌新竹,1585.0,40,0,6463,2345,2026-03-23
大昌樹林,1595.0,1000,0,6461,2345,2026-03-23
大昌,1590.0,100,0,6460,2345,2026-03-23
大昌,1565.0,1000,0,6460,2345,2026-03-23
永全,1550.0,1000,0,6450,2345,2026-03-23
光和田中,1590.0,1000,0,6382,2345,2026-03-23
光和,1560.0,10,0,6380,2345,2026-03-23
新百王,1570.0,2,0,6210,2345,2026-03-23
中國信託,1580.0,1010,15,6160,2345,2026-03-23
中國信託,1570.0,18,0,6160,2345,2026-03-23
中國信託,1560.0,103,400,6160,2345,2026-03-23
中銀豐原,1560.0,1000,0,611A,2345,2026-03-23
統一士林,1570.0,0,473,585M,2345,2026-03-23
統一竹南,1585.0,50,0,585m,2345,2026-03-23
統一三重,1605.0,5,0,585J,2345,2026-03-23
統一三重,1555.0,0,1000,585J,2345,2026-03-23
統一桃園,1555.0,0,16,585H,2345,2026-03-23
統一平鎮,1565.0,5,0,585g,2345,2026-03-23
統一平鎮,1555.0,1000,0,585g,2345,2026-03-23
統一彰化,1560.0,1000,0,585F,2345,2026-03-23
統一新營,1550.0,2000,0,585E,2345,2026-03-23
統一新台中,1585.0,4,0,585D,2345,2026-03-23
統一新台中,1560.0,1,0,585D,2345,2026-03-23
統一仁愛,1555.0,0,10000,585c,2345,2026-03-23
統一永和,1570.0,20,0,585B,2345,2026-03-23
統一永和,1560.0,50,0,585B,2345,2026-03-23
統一內湖,1550.0,1000,0,585b,2345,2026-03-23
統一基隆,1555.0,0,500,585A,2345,2026-03-23
統一屏東,1560.0,10,0,5859,2345,2026-03-23
統一嘉義,1585.0,5,0,5858,2345,2026-03-23
統一新竹,1570.0,6,1000,5857,2345,2026-03-23
統一新竹,1555.0,50,1000,5857,2345,2026-03-23
統一台中,1605.0,100,0,5856,2345,2026-03-23
統一台南,1570.0,1,0,5855,2345,2026-03-23
統一城中,1610.0,0,1000,5854,2345,2026-03-23
統一士林,1590.0,0,2000,585M,2345,2026-03-23
兆豐,1585.0,0,1000,7000,2345,2026-03-23
統一板橋,1550.0,2000,0,585P,2345,2026-03-23
統一板橋,1570.0,4000,2000,585P,2345,2026-03-23
中銀豐原,1550.0,0,1000,611A,2345,2026-03-23
台中銀,1595.0,0,1000,6110,2345,2026-03-23
台中銀,1585.0,1000,30,6110,2345,2026-03-23
台中銀,1570.0,3151,1000,6110,2345,2026-03-23
?亞鑫豐,1600.0,1000,0,601d,2345,2026-03-23
?亞鑫豐,1570.0,13,0,601d,2345,2026-03-23
?亞鑫豐,1560.0,0,3,601d,2345,2026-03-23
?亞網路,1595.0,10,0,6012,2345,2026-03-23
日茂,1575.0,0,6000,5960,2345,2026-03-23
日茂,1540.0,10000,0,5960,2345,2026-03-23
統一松江,1585.0,0,150,585Z,2345,2026-03-23
統一松江,1565.0,0,1000,585Z,2345,2026-03-23
統一松江,1550.0,1000,0,585Z,2345,2026-03-23
統一土城,1575.0,0,1000,585Y,2345,2026-03-23
統一土城,1565.0,1000,0,585Y,2345,2026-03-23
統一土城,1555.0,50,0,585Y,2345,2026-03-23
統一南京,1565.0,10,0,585U,2345,2026-03-23
統一宜蘭,1560.0,6,0,585S,2345,2026-03-23
統一東湖,1560.0,10,0,585R,2345,2026-03-23
統一板橋,1610.0,0,2000,585P,2345,2026-03-23
統一板橋,1600.0,10000,2000,585P,2345,2026-03-23
統一板橋,1590.0,12000,4000,585P,2345,2026-03-23
統一板橋,1580.0,6000,2000,585P,2345,2026-03-23
統一板橋,1560.0,4010,2000,585P,2345,2026-03-23
兆豐,1595.0,5000,3000,7000,2345,2026-03-23
兆豐,1605.0,11000,0,7000,2345,2026-03-23
兆豐嘉義,1555.0,0,24,7001,2345,2026-03-23
國票嘉義,1570.0,15,1000,779H,2345,2026-03-23
國票新莊,1580.0,0,1040,779G,2345,2026-03-23
國票新莊,1570.0,0,1000,779G,2345,2026-03-23
國票南崁,1580.0,10,0,779E,2345,2026-03-23
國票台南,1580.0,0,1000,779D,2345,2026-03-23
國票台南,1560.0,1000,0,779D,2345,2026-03-23
國票敦北,1575.0,2,0,779c,2345,2026-03-23
國票中正,1600.0,60,10,7797,2345,2026-03-23
國票南港,1585.0,1000,0,7795,2345,2026-03-23
國票北投,1570.0,5,0,7792,2345,2026-03-23
國票綜合,1575.0,635,0,7790,2345,2026-03-23
國票綜合,1540.0,0,1000,7790,2345,2026-03-23
致和崇德,1565.0,0,1000,703B,2345,2026-03-23
致和金華,1550.0,33,0,7034,2345,2026-03-23
致和台北,1610.0,10,0,7031,2345,2026-03-23
致和,1575.0,0,60,7030,2345,2026-03-23
兆豐高雄,1585.0,0,1000,700Z,2345,2026-03-23
兆豐高雄,1550.0,0,10,700Z,2345,2026-03-23
兆豐永和,1605.0,1000,0,700X,2345,2026-03-23
兆豐永和,1590.0,10,0,700X,2345,2026-03-23
兆豐永和,1570.0,10,0,700X,2345,2026-03-23
兆豐城中,1585.0,103,0,700W,2345,2026-03-23
兆豐城中,1565.0,0,2000,700W,2345,2026-03-23
國票和平,1550.0,0,2000,779j,2345,2026-03-23
兆豐城中,1550.0,1002,0,700W,2345,2026-03-23
國票中港,1555.0,1000,0,779m,2345,2026-03-23
國票中港,1585.0,90,0,779m,2345,2026-03-23
台新左楠,1570.0,1,0,8157,2345,2026-03-23
台新左楠,1555.0,101,0,8157,2345,2026-03-23
台新三民,1580.0,0,1000,8156,2345,2026-03-23
台新三民,1570.0,1000,0,8156,2345,2026-03-23
台新三民,1555.0,6,0,8156,2345,2026-03-23
台新新莊,1580.0,1000,0,8152,2345,2026-03-23
台新新莊,1570.0,4,0,8152,2345,2026-03-23
台新建北,1595.0,0,1021,8151,2345,2026-03-23
台新建北,1570.0,1013,0,8151,2345,2026-03-23
台新,1605.0,2000,65,8150,2345,2026-03-23
台新,1595.0,131,1010,8150,2345,2026-03-23
台新,1585.0,3010,1010,8150,2345,2026-03-23
台新,1575.0,1070,4090,8150,2345,2026-03-23
台新,1565.0,3040,50,8150,2345,2026-03-23
台新,1555.0,243,8262,8150,2345,2026-03-23
台新,1540.0,2000,0,8150,2345,2026-03-23
國票安和,1585.0,5,0,779Z,2345,2026-03-23
國票博愛,1585.0,0,50,779z,2345,2026-03-23
國票中和,1570.0,10,0,779X,2345,2026-03-23
國票台中,1590.0,0,1000,779v,2345,2026-03-23
國票長城,1565.0,0,10,779u,2345,2026-03-23
國票長城,1555.0,0,10,779u,2345,2026-03-23
國票九鼎,1550.0,1000,0,779P,2345,2026-03-23
國票中港,1575.0,10,1000,779m,2345,2026-03-23
統一城中,1590.0,0,1000,5854,2345,2026-03-23
兆豐新莊,1590.0,4,0,700w,2345,2026-03-23
兆豐新竹,1595.0,0,1000,700V,2345,2026-03-23
兆豐南門,1555.0,27,0,700g,2345,2026-03-23
兆豐鹿港,1580.0,100,0,700f,2345,2026-03-23
兆豐彰化,1590.0,0,1000,700d,2345,2026-03-23
兆豐來福,1595.0,0,100,700C,2345,2026-03-23
兆豐來福,1555.0,10,0,700C,2345,2026-03-23
兆豐板橋,1555.0,6,0,700B,2345,2026-03-23
兆豐忠孝,1595.0,2,0,700a,2345,2026-03-23
兆豐忠孝,1575.0,8,0,700a,2345,2026-03-23
兆豐忠孝,1560.0,2,25,700a,2345,2026-03-23
兆豐三重,1590.0,1,0,7008,2345,2026-03-23
兆豐三重,1575.0,1,0,7008,2345,2026-03-23
兆豐三重,1565.0,1,1000,7008,2345,2026-03-23
兆豐三重,1555.0,1001,0,7008,2345,2026-03-23
兆豐竹北,1580.0,0,3035,7007,2345,2026-03-23
兆豐竹北,1560.0,20,0,7007,2345,2026-03-23
兆豐台南,1585.0,5,10,7006,2345,2026-03-23
兆豐台南,1575.0,0,97,7006,2345,2026-03-23
兆豐台南,1560.0,30,0,7006,2345,2026-03-23
兆豐中港,1590.0,100,2,7005,2345,2026-03-23
兆豐中港,1565.0,0,1000,7005,2345,2026-03-23
兆豐中港,1545.0,1000,0,7005,2345,2026-03-23
兆豐台中,1585.0,10,200,7003,2345,2026-03-23
兆豐嘉義,1580.0,5,0,7001,2345,2026-03-23
兆豐麻豆,1560.0,2,0,700G,2345,2026-03-23
兆豐新竹,1605.0,5,10,700V,2345,2026-03-23
兆豐麻豆,1575.0,50,0,700G,2345,2026-03-23
兆豐東門,1570.0,100,0,700H,2345,2026-03-23
兆豐新竹,1580.0,1,1000,700V,2345,2026-03-23
兆豐新竹,1570.0,5,15,700V,2345,2026-03-23
兆豐新竹,1560.0,1052,0,700V,2345,2026-03-23
兆豐新竹,1550.0,1000,0,700V,2345,2026-03-23
兆豐大同,1580.0,1000,0,700S,2345,2026-03-23
兆豐小港,1575.0,1000,0,700R,2345,2026-03-23
兆豐南京,1565.0,1,0,700P,2345,2026-03-23
兆豐復興,1585.0,10,0,700p,2345,2026-03-23
兆豐復興,1560.0,1,0,700p,2345,2026-03-23
兆豐埔墘,1590.0,1000,0,700N,2345,2026-03-23
兆豐桃園,1595.0,0,100,700M,2345,2026-03-23
兆豐桃園,1570.0,1000,49,700M,2345,2026-03-23
兆豐桃園,1560.0,1050,0,700M,2345,2026-03-23
兆豐天母,1590.0,0,10,700L,2345,2026-03-23
兆豐新營,1560.0,70,20,700K,2345,2026-03-23
兆豐員林,1580.0,1006,0,700k,2345,2026-03-23
兆豐公益,1605.0,0,100,700J,2345,2026-03-23
兆豐公益,1590.0,2,0,700J,2345,2026-03-23
兆豐公益,1565.0,200,0,700J,2345,2026-03-23
兆豐大安,1565.0,0,5,700j,2345,2026-03-23
兆豐北高,1590.0,0,1000,700I,2345,2026-03-23
兆豐北高,1575.0,3,0,700I,2345,2026-03-23
兆豐北高,1555.0,1,0,700I,2345,2026-03-23
兆豐三民,1600.0,0,50,700h,2345,2026-03-23
統一城中,1570.0,1000,1000,5854,2345,2026-03-23
統一城中,1560.0,1000,0,5854,2345,2026-03-23
統一城中,1540.0,3000,0,5854,2345,2026-03-23
宏遠,1565.0,1000,15000,1260,2345,2026-03-23
宏遠,1550.0,1000,0,1260,2345,2026-03-23
彰銀台中,1565.0,75,0,1233,2345,2026-03-23
彰銀七賢,1560.0,0,30,1232,2345,2026-03-23
彰銀,1600.0,1000,0,1230,2345,2026-03-23
彰銀,1560.0,15,0,1230,2345,2026-03-23
企銀埔墘,1570.0,2,0,111G,2345,2026-03-23
企銀桃園,1550.0,0,1000,111E,2345,2026-03-23
企銀竹北,1560.0,0,600,1117,2345,2026-03-23
企銀九如,1580.0,0,1,1113,2345,2026-03-23
企銀台南,1565.0,1,0,1112,2345,2026-03-23
企銀台中,1575.0,1000,0,1111,2345,2026-03-23
企銀,1575.0,1000,0,1110,2345,2026-03-23
企銀,1550.0,0,3000,1110,2345,2026-03-23
臺銀金山,1605.0,2,18,104D,2345,2026-03-23
臺銀金山,1595.0,1,0,104D,2345,2026-03-23
臺銀金山,1585.0,13,112,104D,2345,2026-03-23
臺銀金山,1575.0,54,1008,104D,2345,2026-03-23
臺銀金山,1565.0,0,2,104D,2345,2026-03-23
臺銀金山,1555.0,1006,0,104D,2345,2026-03-23
臺銀高雄,1610.0,7,2,104C,2345,2026-03-23
臺銀高雄,1595.0,61,0,104C,2345,2026-03-23
臺銀高雄,1585.0,50,0,104C,2345,2026-03-23
宏遠,1590.0,1,0,1260,2345,2026-03-23
臺銀高雄,1575.0,53,0,104C,2345,2026-03-23
宏遠民生,1555.0,0,2,1261,2345,2026-03-23
宏遠光隆,1560.0,10,0,126i,2345,2026-03-23
美商高盛,1565.0,106000,96000,1480,2345,2026-03-23
美商高盛,1555.0,13000,23000,1480,2345,2026-03-23
美商高盛,1545.0,32000,18000,1480,2345,2026-03-23
美商高盛,1535.0,0,1000,1480,2345,2026-03-23
台灣摩根,1600.0,6000,0,1470,2345,2026-03-23
台灣摩根,1590.0,7000,13000,1470,2345,2026-03-23
台灣摩根,1580.0,9000,4000,1470,2345,2026-03-23
台灣摩根,1570.0,4000,5000,1470,2345,2026-03-23
台灣摩根,1560.0,18000,6000,1470,2345,2026-03-23
台灣摩根,1550.0,15000,0,1470,2345,2026-03-23
台灣摩根,1540.0,14000,6000,1470,2345,2026-03-23
美林,1600.0,23000,3000,1440,2345,2026-03-23
美林,1590.0,33000,9000,1440,2345,2026-03-23
美林,1580.0,33265,3000,1440,2345,2026-03-23
美林,1570.0,34000,14000,1440,2345,2026-03-23
美林,1560.0,37000,5000,1440,2345,2026-03-23
美林,1550.0,14000,6000,1440,2345,2026-03-23
美林,1540.0,40000,5000,1440,2345,2026-03-23
港麥格理,1565.0,0,3000,1360,2345,2026-03-23
宏遠新化,1580.0,80,0,126X,2345,2026-03-23
宏遠館前,1565.0,0,1000,126U,2345,2026-03-23
宏遠台中,1565.0,1000,0,126L,2345,2026-03-23
宏遠光隆,1580.0,50,0,126i,2345,2026-03-23
宏遠桃園,1585.0,1000,0,1262,2345,2026-03-23
美商高盛,1575.0,2000,10000,1480,2345,2026-03-23
臺銀高雄,1565.0,23,25,104C,2345,2026-03-23
臺銀臺中,1605.0,1000,0,104A,2345,2026-03-23
合庫西台,1580.0,1020,0,102F,2345,2026-03-23
合庫西台,1565.0,0,20,102F,2345,2026-03-23
合庫桃園,1585.0,1000,0,102E,2345,2026-03-23
合庫桃園,1565.0,0,1000,102E,2345,2026-03-23
合庫自強,1585.0,0,200,102C,2345,2026-03-23
合庫自強,1575.0,0,100,102C,2345,2026-03-23
合庫自強,1565.0,0,100,102C,2345,2026-03-23
合庫自強,1540.0,0,1000,102C,2345,2026-03-23
合庫新竹,1580.0,100,0,102A,2345,2026-03-23
合庫新竹,1560.0,50,0,102A,2345,2026-03-23
合庫新竹,1550.0,100,0,102A,2345,2026-03-23
合庫彰化,1565.0,1000,1000,1028,2345,2026-03-23
合庫基隆,1555.0,10,0,1025,2345,2026-03-23
合庫嘉義,1580.0,0,1030,1024,2345,2026-03-23
合庫嘉義,1560.0,70,0,1024,2345,2026-03-23
合庫高雄,1600.0,0,1000,1023,2345,2026-03-23
合庫高雄,1590.0,1000,0,1023,2345,2026-03-23
合庫高雄,1575.0,1000,0,1023,2345,2026-03-23
合庫台南,1590.0,0,1000,1022,2345,2026-03-23
合庫台南,1540.0,0,1000,1022,2345,2026-03-23
合庫台中,1560.0,2,0,1021,2345,2026-03-23
合庫,1580.0,0,15,1020,2345,2026-03-23
合庫,1560.0,15,0,1020,2345,2026-03-23
合庫三重,1570.0,10,0,102G,2345,2026-03-23
臺銀高雄,1555.0,32,170,104C,2345,2026-03-23
土銀,1555.0,0,50,1030,2345,2026-03-23
土銀台中,1580.0,40,0,1031,2345,2026-03-23
臺銀臺中,1595.0,0,1000,104A,2345,2026-03-23
臺銀臺中,1585.0,0,177,104A,2345,2026-03-23
臺銀臺中,1575.0,1000,150,104A,2345,2026-03-23
臺銀臺中,1565.0,7036,2050,104A,2345,2026-03-23
臺銀臺中,1555.0,0,20,104A,2345,2026-03-23
臺銀新竹,1605.0,20,0,1045,2345,2026-03-23
臺銀新竹,1580.0,108,0,1045,2345,2026-03-23
臺銀新竹,1565.0,103,0,1045,2345,2026-03-23
臺銀新竹,1555.0,20,0,1045,2345,2026-03-23
臺銀民權,1600.0,110,100,1043,2345,2026-03-23
臺銀民權,1580.0,10,50,1043,2345,2026-03-23
臺銀民權,1570.0,200,100,1043,2345,2026-03-23
臺銀民權,1560.0,1030,80,1043,2345,2026-03-23
臺銀臺南,1595.0,0,1000,1042,2345,2026-03-23
臺銀臺南,1585.0,1,0,1042,2345,2026-03-23
臺銀臺南,1565.0,20,0,1042,2345,2026-03-23
臺銀臺南,1555.0,10,0,1042,2345,2026-03-23
臺銀,1590.0,1,0,1040,2345,2026-03-23
臺銀,1575.0,10,0,1040,2345,2026-03-23
臺銀,1565.0,10,0,1040,2345,2026-03-23
臺銀,1555.0,51,29,1040,2345,2026-03-23
土銀南港,1595.0,0,200,103F,2345,2026-03-23
土銀玉里,1575.0,0,100,1036,2345,2026-03-23
土銀,1595.0,5000,0,1030,2345,2026-03-23
台新左楠,1590.0,40,0,8157,2345,2026-03-23
美商高盛,1585.0,20000,42000,1480,2345,2026-03-23
美商高盛,1605.0,4000,1000,1480,2345,2026-03-23
第一安和,1590.0,1000,0,538j,2345,2026-03-23
第一安和,1560.0,1,0,538j,2345,2026-03-23
第一頭份,1580.0,0,5,538I,2345,2026-03-23
第一稻埕,1595.0,100,0,538F,2345,2026-03-23
第一稻埕,1555.0,30,0,538F,2345,2026-03-23
第一自由,1600.0,1000,0,538E,2345,2026-03-23
第一忠孝,1570.0,200,0,538D,2345,2026-03-23
第一忠孝,1560.0,1030,0,538D,2345,2026-03-23
第一光復,1595.0,0,10,538C,2345,2026-03-23
第一光復,1575.0,100,0,538C,2345,2026-03-23
第一光復,1555.0,100,0,538C,2345,2026-03-23
第一新竹,1595.0,5000,0,538B,2345,2026-03-23
第一新竹,1580.0,5000,0,538B,2345,2026-03-23
第一新竹,1565.0,0,3030,538B,2345,2026-03-23
第一新竹,1550.0,1,0,538B,2345,2026-03-23
第一新興,1555.0,1000,0,538A,2345,2026-03-23
第一彰化,1600.0,1000,0,5386,2345,2026-03-23
第一彰化,1575.0,1000,0,5386,2345,2026-03-23
第一彰化,1560.0,0,2000,5386,2345,2026-03-23
第一桃園,1605.0,10,0,5385,2345,2026-03-23
第一桃園,1595.0,0,2,5385,2345,2026-03-23
第一桃園,1575.0,0,2,5385,2345,2026-03-23
第一桃園,1565.0,1002,10,5385,2345,2026-03-23
第一嘉義,1595.0,5,0,538M,2345,2026-03-23
第一桃園,1540.0,0,1000,5385,2345,2026-03-23
第一豐原,1585.0,1,0,538N,2345,2026-03-23
第一路竹,1565.0,0,1000,538P,2345,2026-03-23
統一中壢,1570.0,2000,0,5853,2345,2026-03-23
統一中壢,1560.0,30,0,5853,2345,2026-03-23
統一敦南,1585.0,1000,0,5852,2345,2026-03-23
統一敦南,1560.0,0,3000,5852,2345,2026-03-23
統一高雄,1605.0,0,1000,5851,2345,2026-03-23
統一高雄,1575.0,1000,0,5851,2345,2026-03-23
統一高雄,1565.0,0,1000,5851,2345,2026-03-23
統一高雄,1550.0,1000,0,5851,2345,2026-03-23
統一,1605.0,50,0,5850,2345,2026-03-23
統一,1595.0,10055,3000,5850,2345,2026-03-23
統一,1585.0,10036,554,5850,2345,2026-03-23
統一,1575.0,1010,1405,5850,2345,2026-03-23
統一,1565.0,2000,2400,5850,2345,2026-03-23
統一,1555.0,0,300,5850,2345,2026-03-23
統一,1540.0,1000,0,5850,2345,2026-03-23
永興大墩,1605.0,0,1000,5604,2345,2026-03-23
永興水湳,1590.0,0,1000,5602,2345,2026-03-23
第一華江,1605.0,3,0,538W,2345,2026-03-23
第一華江,1595.0,0,1000,538W,2345,2026-03-23
第一華江,1570.0,10,0,538W,2345,2026-03-23
第一華江,1560.0,3003,0,538W,2345,2026-03-23
第一路竹,1585.0,100,0,538P,2345,2026-03-23
第一路竹,1575.0,100,0,538P,2345,2026-03-23
第一路竹,1555.0,130,0,538P,2345,2026-03-23
美商高盛,1595.0,17000,19000,1480,2345,2026-03-23
第一台南,1595.0,5,10,5384,2345,2026-03-23
第一台南,1560.0,1030,0,5384,2345,2026-03-23
亞東板橋,1540.0,0,1000,2181,2345,2026-03-23
亞東,1580.0,0,12,2180,2345,2026-03-23
亞東,1565.0,20,0,2180,2345,2026-03-23
瑞銀,1605.0,0,33000,1650,2345,2026-03-23
瑞銀,1595.0,2000,17000,1650,2345,2026-03-23
瑞銀,1585.0,1000,11000,1650,2345,2026-03-23
瑞銀,1575.0,0,28000,1650,2345,2026-03-23
瑞銀,1565.0,8000,89782,1650,2345,2026-03-23
瑞銀,1555.0,5000,32000,1650,2345,2026-03-23
瑞銀,1545.0,12000,2000,1650,2345,2026-03-23
花旗環球,1605.0,0,2000,1590,2345,2026-03-23
花旗環球,1595.0,0,1000,1590,2345,2026-03-23
花旗環球,1585.0,1000,3000,1590,2345,2026-03-23
花旗環球,1570.0,1000,6000,1590,2345,2026-03-23
花旗環球,1560.0,6000,3000,1590,2345,2026-03-23
花旗環球,1550.0,0,2000,1590,2345,2026-03-23
花旗環球,1540.0,1000,63000,1590,2345,2026-03-23
港商野村,1600.0,0,2000,1560,2345,2026-03-23
港商野村,1585.0,0,1302,1560,2345,2026-03-23
港商野村,1575.0,0,2000,1560,2345,2026-03-23
港商野村,1565.0,9000,8000,1560,2345,2026-03-23
港商野村,1555.0,0,2000,1560,2345,2026-03-23
港商野村,1545.0,0,1000,1560,2345,2026-03-23
亞東新竹,1560.0,100,0,2184,2345,2026-03-23
第一台南,1570.0,30,0,5384,2345,2026-03-23
亞東新竹,1570.0,10,0,2184,2345,2026-03-23
亞東台南,1565.0,50,0,2185,2345,2026-03-23
第一高雄,1560.0,0,100,5383,2345,2026-03-23
第一台中,1570.0,1000,0,5382,2345,2026-03-23
第一員林,1595.0,10,0,5381,2345,2026-03-23
第一員林,1555.0,0,45,5381,2345,2026-03-23
第一金證,1595.0,3,0,5380,2345,2026-03-23
第一金證,1580.0,3,0,5380,2345,2026-03-23
高橋內壢,1595.0,10,0,5323,2345,2026-03-23
高橋中壢,1540.0,1000,0,5322,2345,2026-03-23
高橋龍潭,1560.0,0,10,5321,2345,2026-03-23
高橋,1595.0,0,180,5320,2345,2026-03-23
高橋,1570.0,1000,0,5320,2345,2026-03-23
高橋,1555.0,50,0,5320,2345,2026-03-23
美好中壢,1575.0,15,0,5266,2345,2026-03-23
美好苗栗,1570.0,1000,0,5265,2345,2026-03-23
美好泰山,1555.0,3000,0,5263,2345,2026-03-23
美好蘆洲,1600.0,0,1,5261,2345,2026-03-23
美好蘆洲,1585.0,1,0,5261,2345,2026-03-23
美好蘆洲,1560.0,0,201,5261,2345,2026-03-23
美好,1585.0,50,0,5260,2345,2026-03-23
大展,1565.0,0,1,5050,2345,2026-03-23
亞東高雄,1600.0,0,100,2186,2345,2026-03-23
亞東高雄,1575.0,0,4,2186,2345,2026-03-23
亞東高雄,1565.0,1,0,2186,2345,2026-03-23
亞東新竹,1600.0,10,0,2184,2345,2026-03-23
台新松江,1540.0,1000,0,8158,2345,2026-03-23
台新松江,1555.0,100,0,8158,2345,2026-03-23
台新松江,1570.0,10,50,8158,2345,2026-03-23
群益桃園,1550.0,100,0,9189,2345,2026-03-23
群益三民,1585.0,100,0,9188,2345,2026-03-23
群益三民,1565.0,8,1100,9188,2345,2026-03-23
群益三民,1555.0,1006,0,9188,2345,2026-03-23
群益彰化,1600.0,3,0,9187,2345,2026-03-23
群益彰化,1590.0,5,0,9187,2345,2026-03-23
群益彰化,1570.0,5,10,9187,2345,2026-03-23
群益新竹,1560.0,2,0,9186,2345,2026-03-23
群益台南,1595.0,0,10,9185,2345,2026-03-23
群益台南,1560.0,10,0,9185,2345,2026-03-23
群益台中,1600.0,5,30,9184,2345,2026-03-23
群益台中,1575.0,5,0,9184,2345,2026-03-23
群益高雄,1600.0,0,30,9183,2345,2026-03-23
群益館前,1580.0,0,10,913Y,2345,2026-03-23
群益館前,1565.0,10,1020,913Y,2345,2026-03-23
群益崇德,1580.0,20,0,913U,2345,2026-03-23
群益崇德,1555.0,20,0,913U,2345,2026-03-23
群益北高,1590.0,50,0,913R,2345,2026-03-23
群益土城,1610.0,15,0,913N,2345,2026-03-23
群益土城,1560.0,0,30,913N,2345,2026-03-23
群益萬華,1570.0,0,5,913I,2345,2026-03-23
群益屏東,1580.0,2,0,913H,2345,2026-03-23
群益屏東,1555.0,0,40,913H,2345,2026-03-23
群益桃園,1560.0,100,0,9189,2345,2026-03-23
群益三重,1595.0,1000,0,913g,2345,2026-03-23
群益桃園,1570.0,10,0,9189,2345,2026-03-23
群益中壢,1565.0,100,0,918A,2345,2026-03-23
群益東湖,1540.0,1000,0,918K,2345,2026-03-23
群益永和,1560.0,10,100,918J,2345,2026-03-23
群益中山,1570.0,20,0,918H,2345,2026-03-23
群益中山,1555.0,20,0,918H,2345,2026-03-23
群益新莊,1600.0,5,0,918G,2345,2026-03-23
群益新莊,1570.0,10,0,918G,2345,2026-03-23
群益新莊,1555.0,10,0,918G,2345,2026-03-23
群益大甲,1555.0,1000,0,918g,2345,2026-03-23
群益新店,1560.0,0,1000,918F,2345,2026-03-23
群益南京,1555.0,3,0,918E,2345,2026-03-23
群益大安,1565.0,0,5000,918e,2345,2026-03-23
群益大安,1550.0,0,8000,918e,2345,2026-03-23
群益東門,1580.0,1000,0,918D,2345,2026-03-23
群益東門,1565.0,10,0,918D,2345,2026-03-23
群益東門,1555.0,1001,0,918D,2345,2026-03-23
群益古亭,1595.0,52,1,918C,2345,2026-03-23
群益古亭,1585.0,0,2,918C,2345,2026-03-23
群益古亭,1570.0,200,0,918C,2345,2026-03-23
群益鳳山,1575.0,0,20,918c,2345,2026-03-23
群益鳳山,1560.0,1,0,918c,2345,2026-03-23
群益板橋,1595.0,30,0,918B,2345,2026-03-23
群益板橋,1570.0,2,0,918B,2345,2026-03-23
群益板橋,1560.0,1,0,918B,2345,2026-03-23
群益中壢,1555.0,1000,0,918A,2345,2026-03-23
群益東湖,1580.0,0,1000,918K,2345,2026-03-23
群益三重,1565.0,10,0,913g,2345,2026-03-23
群益基隆,1565.0,1000,0,913E,2345,2026-03-23
群益,1595.0,0,3301,9100,2345,2026-03-23
群益,1585.0,31,300,9100,2345,2026-03-23
群益,1575.0,3000,4800,9100,2345,2026-03-23
群益,1565.0,3000,7444,9100,2345,2026-03-23
群益,1555.0,0,12185,9100,2345,2026-03-23
群益,1545.0,0,1000,9100,2345,2026-03-23
群益,1535.0,1000,0,9100,2345,2026-03-23
上海匯豐,1550.0,1000,0,8960,2345,2026-03-23
法銀巴黎,1595.0,0,1000,8900,2345,2026-03-23
法銀巴黎,1570.0,0,1000,8900,2345,2026-03-23
法銀巴黎,1560.0,0,1000,8900,2345,2026-03-23
大和國泰,1590.0,0,3499,8890,2345,2026-03-23
大和國泰,1575.0,14000,0,8890,2345,2026-03-23
大和國泰,1540.0,7000,7000,8890,2345,2026-03-23
國泰板橋,1600.0,31,10,888K,2345,2026-03-23
國泰板橋,1585.0,106,2,888K,2345,2026-03-23
國泰板橋,1575.0,501,150,888K,2345,2026-03-23
國泰板橋,1565.0,2029,1010,888K,2345,2026-03-23
國泰板橋,1555.0,1100,65,888K,2345,2026-03-23
國泰板橋,1540.0,1000,0,888K,2345,2026-03-23
國泰館前,1590.0,54,0,888A,2345,2026-03-23
國泰館前,1580.0,32,0,888A,2345,2026-03-23
國泰館前,1570.0,1001,1200,888A,2345,2026-03-23
群益,1605.0,0,200,9100,2345,2026-03-23
群益基隆,1590.0,0,100,913E,2345,2026-03-23
群益敦南,1565.0,0,5000,9101,2345,2026-03-23
群益敦南,1590.0,0,1000,9101,2345,2026-03-23
群益潭子,1565.0,1000,1000,913D,2345,2026-03-23
群益士林,1585.0,150,0,9137,2345,2026-03-23
群益士林,1575.0,120,1000,9137,2345,2026-03-23
群益士林,1565.0,1000,0,9137,2345,2026-03-23
群益西松,1575.0,0,1000,9136,2345,2026-03-23
群益西松,1565.0,0,1000,9136,2345,2026-03-23
群益西松,1555.0,10,0,9136,2345,2026-03-23
群益東大,1585.0,10,0,9135,2345,2026-03-23
群益東大,1565.0,0,20,9135,2345,2026-03-23
群益東大,1555.0,60,0,9135,2345,2026-03-23
群益開元,1585.0,1050,0,9134,2345,2026-03-23
群益開元,1560.0,0,1000,9134,2345,2026-03-23
群益民權,1595.0,5,0,9131,2345,2026-03-23
群益市府,1595.0,20,0,910D,2345,2026-03-23
群益海山,1590.0,100,0,9108,2345,2026-03-23
群益海山,1555.0,5,0,9108,2345,2026-03-23
群益高盛,1600.0,0,1,9105,2345,2026-03-23
群益高盛,1585.0,0,45,9105,2345,2026-03-23
群益高盛,1575.0,2001,0,9105,2345,2026-03-23
群益高盛,1565.0,0,1000,9105,2345,2026-03-23
群益高盛,1540.0,0,1000,9105,2345,2026-03-23
群益松山,1565.0,2000,0,9103,2345,2026-03-23
群益松山,1540.0,0,2000,9103,2345,2026-03-23
群益敦南,1575.0,52,0,9101,2345,2026-03-23
國泰館前,1560.0,3052,0,888A,2345,2026-03-23
群益建成,1555.0,0,5,918L,2345,2026-03-23
群益嘉義,1560.0,1,0,918M,2345,2026-03-23
凱基八德,1550.0,1000,2000,921M,2345,2026-03-23
凱基土城,1590.0,50,0,921J,2345,2026-03-23
凱基五股,1590.0,3,0,921G,2345,2026-03-23
凱基五股,1560.0,1,0,921G,2345,2026-03-23
凱基民權,1600.0,1002,0,921C,2345,2026-03-23
凱基民權,1580.0,4,0,921C,2345,2026-03-23
凱基民權,1540.0,0,2000,921C,2345,2026-03-23
凱基大直,1590.0,0,1004,9218,2345,2026-03-23
凱基大直,1565.0,1000,1000,9218,2345,2026-03-23
凱基松山,1575.0,1005,0,9217,2345,2026-03-23
凱基松山,1560.0,10,100,9217,2345,2026-03-23
凱基信義,1585.0,0,1000,9216,2345,2026-03-23
凱基信義,1550.0,0,100,9216,2345,2026-03-23
凱基高美,1595.0,0,1000,9215,2345,2026-03-23
凱基高美,1585.0,1000,0,9215,2345,2026-03-23
凱基高美,1570.0,1057,0,9215,2345,2026-03-23
凱基高美,1560.0,0,10,9215,2345,2026-03-23
凱基東港,1555.0,2,0,9212,2345,2026-03-23
凱基台南,1595.0,5,0,9211,2345,2026-03-23
凱基台南,1570.0,10,5,9211,2345,2026-03-23
凱基台南,1560.0,5,0,9211,2345,2026-03-23
凱基台南,1550.0,1000,0,9211,2345,2026-03-23
凱基台東,1570.0,100,0,920Z,2345,2026-03-23
凱基八德,1560.0,1000,0,921M,2345,2026-03-23
凱基台東,1555.0,0,5,920Z,2345,2026-03-23
凱基新莊,1570.0,3,0,921S,2345,2026-03-23
凱基豐中,1545.0,0,1000,9223,2345,2026-03-23
凱基科園,1550.0,50,0,9254,2345,2026-03-23
凱基嘉義,1585.0,3,0,9252,2345,2026-03-23
凱基嘉義,1575.0,3,0,9252,2345,2026-03-23
凱基嘉義,1560.0,0,1000,9252,2345,2026-03-23
凱基市政,1565.0,2,1000,9239,2345,2026-03-23
凱基士林,1590.0,0,40,9238,2345,2026-03-23
凱基士林,1570.0,0,30,9238,2345,2026-03-23
凱基敦北,1565.0,0,80,9237,2345,2026-03-23
凱基永華,1605.0,0,1,9235,2345,2026-03-23
凱基竹北,1590.0,1000,0,9234,2345,2026-03-23
凱基竹北,1570.0,1000,0,9234,2345,2026-03-23
凱基竹北,1560.0,35,0,9234,2345,2026-03-23
凱基竹北,1550.0,0,2000,9234,2345,2026-03-23
凱基長庚,1580.0,1000,0,9233,2345,2026-03-23
凱基屏東,1585.0,50,0,922C,2345,2026-03-23
凱基中山,1590.0,0,1000,9229,2345,2026-03-23
凱基中山,1570.0,0,50,9229,2345,2026-03-23
凱基中山,1550.0,1000,0,9229,2345,2026-03-23
凱基城中,1580.0,1,0,9227,2345,2026-03-23
凱基城中,1560.0,0,1100,9227,2345,2026-03-23
凱基汐止,1585.0,1000,0,9226,2345,2026-03-23
凱基豐中,1585.0,50,0,9223,2345,2026-03-23
凱基豐中,1555.0,0,1000,9223,2345,2026-03-23
凱基東勢,1605.0,5,0,921Y,2345,2026-03-23
群益嘉義,1550.0,1,0,918M,2345,2026-03-23
凱基大里,1565.0,10,0,920W,2345,2026-03-23
凱基湖口,1595.0,0,1000,920N,2345,2026-03-23
凱基高雄,1575.0,1000,2,9206,2345,2026-03-23
凱基高雄,1555.0,10,0,9206,2345,2026-03-23
凱基三重,1535.0,1000,0,9205,2345,2026-03-23
凱基台中,1590.0,30,0,9204,2345,2026-03-23
凱基台中,1570.0,1,0,9204,2345,2026-03-23
凱基台中,1560.0,9,1000,9204,2345,2026-03-23
凱基台中,1545.0,1000,0,9204,2345,2026-03-23
凱基中港,1575.0,20,20,9202,2345,2026-03-23
凱基中港,1560.0,20,20,9202,2345,2026-03-23
凱基中港,1550.0,20,0,9202,2345,2026-03-23
凱基,1600.0,4000,1000,9200,2345,2026-03-23
凱基,1590.0,1000,1000,9200,2345,2026-03-23
凱基,1580.0,1000,111,9200,2345,2026-03-23
凱基,1570.0,3000,13000,9200,2345,2026-03-23
凱基,1560.0,3000,1227,9200,2345,2026-03-23
凱基,1550.0,2000,1000,9200,2345,2026-03-23
群益台北,1585.0,0,100,918X,2345,2026-03-23
群益忠孝,1565.0,100,0,918W,2345,2026-03-23
群益忠孝,1545.0,1000,0,918W,2345,2026-03-23
群益瑞豐,1590.0,0,200,918u,2345,2026-03-23
群益瑞豐,1575.0,0,1000,918u,2345,2026-03-23
群益丹鳳,1555.0,0,8000,918s,2345,2026-03-23
群益嘉義,1600.0,2000,0,918M,2345,2026-03-23
凱基高雄,1585.0,0,3,9206,2345,2026-03-23
凱基大里,1555.0,100,0,920W,2345,2026-03-23
凱基永和,1535.0,0,1000,9207,2345,2026-03-23
凱基永和,1600.0,1000,0,9207,2345,2026-03-23
凱基湖口,1570.0,200,0,920N,2345,2026-03-23
凱基湖口,1555.0,501,0,920N,2345,2026-03-23
凱基宜蘭,1585.0,30,0,920M,2345,2026-03-23
凱基基隆,1590.0,0,400,920H,2345,2026-03-23
凱基彰化,1600.0,1000,0,920G,2345,2026-03-23
凱基彰化,1555.0,2,0,920G,2345,2026-03-23
凱基站前,1600.0,0,32,920F,2345,2026-03-23
凱基站前,1570.0,2,0,920F,2345,2026-03-23
凱基站前,1560.0,52,0,920F,2345,2026-03-23
凱基站前,1550.0,2000,0,920F,2345,2026-03-23
凱基市府,1595.0,150,0,920D,2345,2026-03-23
凱基市府,1580.0,1,0,920D,2345,2026-03-23
凱基市府,1565.0,0,2000,920D,2345,2026-03-23
凱基雙和,1605.0,0,134,920C,2345,2026-03-23
凱基雙和,1590.0,0,2,920C,2345,2026-03-23
凱基雙和,1560.0,6,0,920C,2345,2026-03-23
凱基板橋,1610.0,0,100,920A,2345,2026-03-23
凱基板橋,1575.0,1000,20,920A,2345,2026-03-23
凱基板橋,1555.0,5,0,920A,2345,2026-03-23
凱基桃園,1590.0,0,300,9208,2345,2026-03-23
凱基桃園,1575.0,1,0,9208,2345,2026-03-23
凱基桃園,1565.0,1000,0,9208,2345,2026-03-23
凱基桃園,1550.0,1000,0,9208,2345,2026-03-23
凱基永和,1570.0,40,0,9207,2345,2026-03-23
凱基和平,1565.0,3,0,9255,2345,2026-03-23
國泰館前,1550.0,0,1000,888A,2345,2026-03-23
國泰敦南,1595.0,2109,2059,8888,2345,2026-03-23
新光高雄,1600.0,0,20,8562,2345,2026-03-23
新光高雄,1585.0,102,0,8562,2345,2026-03-23
新光高雄,1575.0,10,7,8562,2345,2026-03-23
新光高雄,1565.0,1002,1008,8562,2345,2026-03-23
新光高雄,1545.0,1000,0,8562,2345,2026-03-23
新光台中,1610.0,0,5,8561,2345,2026-03-23
新光台中,1600.0,1000,1000,8561,2345,2026-03-23
新光台中,1585.0,1,1000,8561,2345,2026-03-23
新光台中,1575.0,0,160,8561,2345,2026-03-23
新光台中,1565.0,1001,3000,8561,2345,2026-03-23
新光台中,1555.0,1009,1060,8561,2345,2026-03-23
新光台中,1540.0,0,1000,8561,2345,2026-03-23
新光,1605.0,120,2000,8560,2345,2026-03-23
新光,1595.0,170,3146,8560,2345,2026-03-23
新光,1585.0,2217,4050,8560,2345,2026-03-23
新光,1575.0,32,1000,8560,2345,2026-03-23
新光,1565.0,5351,4195,8560,2345,2026-03-23
新光,1555.0,4273,1216,8560,2345,2026-03-23
新光,1545.0,1000,1000,8560,2345,2026-03-23
中農,1585.0,100,0,8520,2345,2026-03-23
京城,1580.0,20,0,8490,2345,2026-03-23
康和台北,1585.0,100,0,845U,2345,2026-03-23
康和台北,1560.0,1000,0,845U,2345,2026-03-23
新光新竹,1555.0,150,100,8563,2345,2026-03-23
康和南崁,1575.0,5,0,845S,2345,2026-03-23
新光新竹,1565.0,2016,1028,8563,2345,2026-03-23
新光新竹,1585.0,1002,0,8563,2345,2026-03-23
玉山,1565.0,2110,50,8840,2345,2026-03-23
玉山,1555.0,16,200,8840,2345,2026-03-23
陽信石牌,1580.0,0,40,8711,2345,2026-03-23
陽信石牌,1570.0,0,20,8711,2345,2026-03-23
陽信,1560.0,1000,0,8710,2345,2026-03-23
陽信,1550.0,1000,0,8710,2345,2026-03-23
聯邦台南,1560.0,200,0,8588,2345,2026-03-23
聯邦大業,1600.0,2,0,8586,2345,2026-03-23
聯邦雙和,1595.0,1,0,8584,2345,2026-03-23
聯邦雙和,1570.0,2,0,8584,2345,2026-03-23
聯邦雙和,1560.0,0,1,8584,2345,2026-03-23
聯邦忠孝,1600.0,30,0,8583,2345,2026-03-23
聯邦,1585.0,2,0,8580,2345,2026-03-23
新光桃園,1600.0,100,0,8565,2345,2026-03-23
新光桃園,1575.0,0,150,8565,2345,2026-03-23
新光桃園,1565.0,0,100,8565,2345,2026-03-23
新光桃園,1555.0,1,0,8565,2345,2026-03-23
新光台南,1595.0,0,65,8564,2345,2026-03-23
新光台南,1585.0,1050,2,8564,2345,2026-03-23
新光台南,1575.0,1,0,8564,2345,2026-03-23
新光台南,1565.0,1,0,8564,2345,2026-03-23
新光台南,1555.0,0,1050,8564,2345,2026-03-23
新光新竹,1605.0,2000,0,8563,2345,2026-03-23
新光新竹,1575.0,100,1000,8563,2345,2026-03-23
玉山,1575.0,12,1000,8840,2345,2026-03-23
康和仁愛,1605.0,5000,0,845F,2345,2026-03-23
康和仁愛,1565.0,1000,15000,845F,2345,2026-03-23
安泰,1575.0,10,0,8380,2345,2026-03-23
台新新營,1605.0,1000,0,815Y,2345,2026-03-23
台新新營,1580.0,0,5,815Y,2345,2026-03-23
台新新營,1565.0,2000,3040,815Y,2345,2026-03-23
台新中壢,1575.0,7,0,815S,2345,2026-03-23
台新中壢,1565.0,50,0,815S,2345,2026-03-23
台新屏東,1570.0,0,1000,815H,2345,2026-03-23
台新台中,1605.0,0,3000,815B,2345,2026-03-23
台新台中,1585.0,11,0,815B,2345,2026-03-23
台新台中,1575.0,10,1,815B,2345,2026-03-23
台新台中,1565.0,100,1000,815B,2345,2026-03-23
台新台中,1555.0,201,29,815B,2345,2026-03-23
台新台中,1540.0,1000,1000,815B,2345,2026-03-23
台新高雄,1595.0,6,0,815A,2345,2026-03-23
台新高雄,1585.0,200,0,815A,2345,2026-03-23
台新高雄,1575.0,236,0,815A,2345,2026-03-23
台新高雄,1565.0,1225,0,815A,2345,2026-03-23
台新高雄,1555.0,127,3000,815A,2345,2026-03-23
台新台南,1605.0,0,45,8159,2345,2026-03-23
台新台南,1595.0,0,1000,8159,2345,2026-03-23
台新台南,1570.0,0,1000,8159,2345,2026-03-23
台新台南,1560.0,30,0,8159,2345,2026-03-23
台新松江,1600.0,1000,0,8158,2345,2026-03-23
摩根大通,1540.0,8000,5000,8440,2345,2026-03-23
康和仁愛,1585.0,20000,0,845F,2345,2026-03-23
摩根大通,1550.0,12000,0,8440,2345,2026-03-23
摩根大通,1570.0,8276,20000,8440,2345,2026-03-23
康和仁愛,1555.0,3000,0,845F,2345,2026-03-23
康和澎湖,1570.0,1,0,845E,2345,2026-03-23
康和澎湖,1555.0,1,0,845E,2345,2026-03-23
康和板橋,1575.0,1,0,845D,2345,2026-03-23
康和板橋,1560.0,6,0,845D,2345,2026-03-23
康和永和,1605.0,0,1000,845B,2345,2026-03-23
康和永和,1560.0,1000,0,845B,2345,2026-03-23
康和內湖,1590.0,0,3000,845A,2345,2026-03-23
康和內湖,1575.0,0,5000,845A,2345,2026-03-23
康和內湖,1560.0,0,2,845A,2345,2026-03-23
康和台南,1570.0,1,0,8458,2345,2026-03-23
康和台南,1560.0,40,0,8458,2345,2026-03-23
康和台中,1565.0,1000,0,8455,2345,2026-03-23
康和台中,1550.0,0,1000,8455,2345,2026-03-23
康和延平,1585.0,10,0,8451,2345,2026-03-23
康和延平,1570.0,20,0,8451,2345,2026-03-23
康和延平,1555.0,0,1000,8451,2345,2026-03-23
康和,1585.0,2000,0,8450,2345,2026-03-23
康和,1565.0,28,2000,8450,2345,2026-03-23
摩根大通,1610.0,1000,0,8440,2345,2026-03-23
摩根大通,1600.0,5468,2574,8440,2345,2026-03-23
摩根大通,1590.0,10121,5365,8440,2345,2026-03-23
摩根大通,1580.0,6085,5000,8440,2345,2026-03-23
摩根大通,1560.0,30280,3000,8440,2345,2026-03-23
國泰敦南,1605.0,2015,2119,8888,2345,2026-03-23
玉山,1585.0,0,30,8840,2345,2026-03-23
玉山雙和,1560.0,26,45,8841,2345,2026-03-23
國泰松江,1590.0,1020,0,8883,2345,2026-03-23
國泰松江,1580.0,12,1,8883,2345,2026-03-23
國泰松江,1565.0,1,0,8883,2345,2026-03-23
國泰松江,1555.0,5,5,8883,2345,2026-03-23
國泰台中,1605.0,8,0,8882,2345,2026-03-23
國泰台中,1585.0,0,100,8882,2345,2026-03-23
國泰台中,1575.0,0,5,8882,2345,2026-03-23
國泰台中,1565.0,29,40,8882,2345,2026-03-23
國泰台中,1555.0,146,27,8882,2345,2026-03-23
國泰高雄,1600.0,51,100,8881,2345,2026-03-23
國泰高雄,1590.0,0,10,8881,2345,2026-03-23
國泰高雄,1580.0,1002,0,8881,2345,2026-03-23
國泰高雄,1570.0,3,0,8881,2345,2026-03-23
國泰高雄,1560.0,10,0,8881,2345,2026-03-23
國泰高雄,1550.0,10,0,8881,2345,2026-03-23
國泰綜合,1605.0,4,0,8880,2345,2026-03-23
國泰綜合,1595.0,12,0,8880,2345,2026-03-23
國泰綜合,1585.0,12,2000,8880,2345,2026-03-23
國泰綜合,1575.0,1014,0,8880,2345,2026-03-23
國泰綜合,1565.0,14,10000,8880,2345,2026-03-23
國泰綜合,1555.0,0,1,8880,2345,2026-03-23
玉山數位,1580.0,13,13,884M,2345,2026-03-23
玉山數位,1560.0,4,10,884M,2345,2026-03-23
國泰松江,1600.0,10,34,8883,2345,2026-03-23
玉山數位,1550.0,100,0,884M,2345,2026-03-23
國泰松江,1610.0,0,1000,8883,2345,2026-03-23
國泰台南,1565.0,1010,1187,8884,2345,2026-03-23
國泰敦南,1585.0,6096,72,8888,2345,2026-03-23
國泰敦南,1575.0,1056,2268,8888,2345,2026-03-23
國泰敦南,1565.0,2277,6135,8888,2345,2026-03-23
國泰敦南,1555.0,3329,2196,8888,2345,2026-03-23
國泰敦南,1545.0,1000,1000,8888,2345,2026-03-23
國泰忠孝,1590.0,5,0,8887,2345,2026-03-23
國泰忠孝,1575.0,1000,0,8887,2345,2026-03-23
國泰忠孝,1565.0,2,0,8887,2345,2026-03-23
國泰忠孝,1555.0,0,1500,8887,2345,2026-03-23
國泰新莊,1600.0,0,100,8886,2345,2026-03-23
國泰新莊,1590.0,0,100,8886,2345,2026-03-23
國泰新莊,1580.0,103,100,8886,2345,2026-03-23
國泰新莊,1570.0,0,60,8886,2345,2026-03-23
國泰新莊,1550.0,2000,0,8886,2345,2026-03-23
國泰桃園,1610.0,20,0,8885,2345,2026-03-23
國泰桃園,1600.0,108,2,8885,2345,2026-03-23
國泰桃園,1585.0,1017,0,8885,2345,2026-03-23
國泰桃園,1575.0,0,5,8885,2345,2026-03-23
國泰桃園,1565.0,1002,70,8885,2345,2026-03-23
國泰桃園,1555.0,40,30,8885,2345,2026-03-23
國泰台南,1600.0,0,1000,8884,2345,2026-03-23
國泰台南,1585.0,0,100,8884,2345,2026-03-23
國泰台南,1575.0,2035,0,8884,2345,2026-03-23
國泰台南,1555.0,7,3122,8884,2345,2026-03-23
玉山雙和,1540.0,1000,0,8841,2345,2026-03-23
玉山大里,1570.0,1,0,884J,2345,2026-03-23
玉山新竹,1580.0,0,1001,884H,2345,2026-03-23
玉山景美,1555.0,1020,0,8849,2345,2026-03-23
玉山嘉義,1600.0,1,1,8848,2345,2026-03-23
玉山嘉義,1585.0,0,32,8848,2345,2026-03-23
玉山嘉義,1565.0,1025,0,8848,2345,2026-03-23
玉山嘉義,1555.0,2,0,8848,2345,2026-03-23
玉山台南,1585.0,0,1014,8847,2345,2026-03-23
玉山台南,1570.0,0,4,8847,2345,2026-03-23
玉山台南,1560.0,1001,200,8847,2345,2026-03-23
玉山板橋,1590.0,15,0,8846,2345,2026-03-23
玉山板橋,1580.0,20,0,8846,2345,2026-03-23
玉山板橋,1565.0,15,0,8846,2345,2026-03-23
玉山高雄,1605.0,1,5,8843,2345,2026-03-23
玉山高雄,1585.0,1000,0,8843,2345,2026-03-23
玉山高雄,1575.0,10,10,8843,2345,2026-03-23
玉山高雄,1565.0,70,5,8843,2345,2026-03-23
玉山高雄,1555.0,20,55,8843,2345,2026-03-23
玉山新莊,1575.0,0,4,8842,2345,2026-03-23
玉山新莊,1565.0,0,40,8842,2345,2026-03-23
玉山新莊,1550.0,1,0,8842,2345,2026-03-23
玉山雙和,1600.0,0,10,8841,2345,2026-03-23
玉山雙和,1590.0,0,43,8841,2345,2026-03-23
玉山雙和,1580.0,0,13,8841,2345,2026-03-23
玉山雙和,1570.0,0,1060,8841,2345,2026-03-23
玉山景美,1600.0,3,0,8849,2345,2026-03-23
玉山新竹,1600.0,1000,0,884H,2345,2026-03-23
玉山士林,1590.0,0,1000,884A,2345,2026-03-23
玉山台中,1565.0,0,2000,884B,2345,2026-03-23
玉山新竹,1570.0,1006,1000,884H,2345,2026-03-23
玉山新竹,1560.0,0,2,884H,2345,2026-03-23
玉山新竹,1540.0,1000,0,884H,2345,2026-03-23
玉山桃園,1605.0,0,105,884F,2345,2026-03-23
玉山桃園,1580.0,100,0,884F,2345,2026-03-23
玉山桃園,1565.0,3,0,884F,2345,2026-03-23
玉山桃園,1555.0,1010,140,884F,2345,2026-03-23
玉山城中,1595.0,20,0,884E,2345,2026-03-23
玉山城中,1575.0,1005,0,884E,2345,2026-03-23
玉山城中,1565.0,1000,0,884E,2345,2026-03-23
玉山城中,1555.0,150,419,884E,2345,2026-03-23
玉山左營,1605.0,0,1000,884D,2345,2026-03-23
玉山左營,1570.0,15,0,884D,2345,2026-03-23
玉山左營,1560.0,130,1,884D,2345,2026-03-23
玉山左營,1550.0,1200,0,884D,2345,2026-03-23
玉山信義,1605.0,1000,0,884C,2345,2026-03-23
玉山信義,1595.0,1002,0,884C,2345,2026-03-23
玉山信義,1575.0,2,1,884C,2345,2026-03-23
玉山信義,1565.0,100,0,884C,2345,2026-03-23
玉山信義,1550.0,0,2000,884C,2345,2026-03-23
玉山台中,1595.0,1000,0,884B,2345,2026-03-23
玉山台中,1585.0,30,0,884B,2345,2026-03-23
玉山台中,1575.0,5,0,884B,2345,2026-03-23
玉山台中,1555.0,30,0,884B,2345,2026-03-23
元富文心,1585.0,1,0,9B2z,2345,2026-03-23
元大中港,1565.0,5,0,989B,2345,2026-03-23
合庫台中,1540.0,0,1000,1021,2345,2026-03-23
元大北府,1585.0,0,40,980D,2345,2026-03-23
元大北府,1565.0,1000,0,980D,2345,2026-03-23
元大北府,1555.0,20,0,980D,2345,2026-03-23
元大沙鹿,1570.0,20,10,980d,2345,2026-03-23
元大沙鹿,1560.0,0,25,980d,2345,2026-03-23
元大斗六,1585.0,1000,1000,980C,2345,2026-03-23
元大斗六,1555.0,10,0,980C,2345,2026-03-23
元大中北,1575.0,70,1,980a,2345,2026-03-23
元大中北,1560.0,50,1000,980a,2345,2026-03-23
元大中北,1550.0,0,1000,980a,2345,2026-03-23
元大松江,1600.0,0,100,9801,2345,2026-03-23
元大松江,1570.0,2,0,9801,2345,2026-03-23
元大松江,1550.0,1050,0,9801,2345,2026-03-23
元大,1600.0,30010,15142,9800,2345,2026-03-23
元大,1590.0,21000,16479,9800,2345,2026-03-23
元大,1580.0,13448,17000,9800,2345,2026-03-23
合庫,1565.0,4,0,1020,2345,2026-03-23
元大,1560.0,20262,21254,9800,2345,2026-03-23
元大,1550.0,16000,0,9800,2345,2026-03-23
元大,1540.0,0,15000,9800,2345,2026-03-23
富邦北港,1565.0,15,0,969C,2345,2026-03-23
富邦北港,1555.0,7,0,969C,2345,2026-03-23
富邦虎尾,1560.0,1,0,9697,2345,2026-03-23
元大清水,1570.0,101,0,980e,2345,2026-03-23
富邦新營,1575.0,1,0,9693,2345,2026-03-23
元大清水,1585.0,3,0,980e,2345,2026-03-23
元大台北,1570.0,0,19,980h,2345,2026-03-23
元大八德,1595.0,1000,0,9813,2345,2026-03-23
元大八德,1585.0,1000,0,9813,2345,2026-03-23
元大八德,1575.0,4,0,9813,2345,2026-03-23
元大八德,1565.0,2,0,9813,2345,2026-03-23
元大八德,1555.0,1,1000,9813,2345,2026-03-23
元大台中,1605.0,1000,0,9812,2345,2026-03-23
元大台中,1585.0,0,1,9812,2345,2026-03-23
元大台中,1570.0,2000,1,9812,2345,2026-03-23
元大台中,1560.0,0,10,9812,2345,2026-03-23
元大西屯,1595.0,1,0,980w,2345,2026-03-23
元大西屯,1575.0,9002,0,980w,2345,2026-03-23
元大西屯,1555.0,0,48,980w,2345,2026-03-23
元大府城,1585.0,10,0,980u,2345,2026-03-23
元大南崁,1565.0,5,0,980Q,2345,2026-03-23
元大虎尾,1565.0,1000,0,980l,2345,2026-03-23
元大竹科,1595.0,5,0,980K,2345,2026-03-23
元大竹科,1585.0,15,30,980K,2345,2026-03-23
元大竹科,1570.0,2,0,980K,2345,2026-03-23
元大竹科,1560.0,2000,1000,980K,2345,2026-03-23
元大竹科,1550.0,1000,50,980K,2345,2026-03-23
元大竹科,1540.0,1000,0,980K,2345,2026-03-23
元大台北,1590.0,16000,0,980h,2345,2026-03-23
元大台北,1580.0,0,9,980h,2345,2026-03-23
元大清水,1600.0,3,0,980e,2345,2026-03-23
元大大益,1565.0,10,0,9814,2345,2026-03-23
富邦新營,1565.0,1010,0,9693,2345,2026-03-23
富邦嘉義,1575.0,30,0,9692,2345,2026-03-23
富邦桃園,1575.0,1000,17,9665,2345,2026-03-23
富邦桃園,1565.0,2000,5,9665,2345,2026-03-23
富邦桃園,1550.0,0,180,9665,2345,2026-03-23
富邦敦南,1605.0,0,15,9663,2345,2026-03-23
富邦敦南,1595.0,0,1000,9663,2345,2026-03-23
富邦敦南,1585.0,0,70,9663,2345,2026-03-23
富邦敦南,1575.0,0,2,9663,2345,2026-03-23
富邦敦南,1565.0,0,1,9663,2345,2026-03-23
富邦新店,1605.0,1000,0,9661,2345,2026-03-23
富邦新店,1595.0,100,1000,9661,2345,2026-03-23
富邦新店,1585.0,2100,0,9661,2345,2026-03-23
富邦新店,1575.0,200,0,9661,2345,2026-03-23
富邦新店,1565.0,1303,40,9661,2345,2026-03-23
富邦新店,1555.0,101,0,9661,2345,2026-03-23
富邦彰化,1590.0,40,0,965U,2345,2026-03-23
富邦彰化,1560.0,0,50,965U,2345,2026-03-23
富邦台中,1610.0,0,1000,965K,2345,2026-03-23
富邦台中,1595.0,50,299,965K,2345,2026-03-23
富邦台中,1585.0,50,0,965K,2345,2026-03-23
富邦台中,1575.0,500,0,965K,2345,2026-03-23
富邦台中,1560.0,100,0,965K,2345,2026-03-23
富邦高雄,1605.0,0,1000,9659,2345,2026-03-23
富邦高雄,1580.0,2000,0,9659,2345,2026-03-23
富邦桃園,1600.0,0,1000,9665,2345,2026-03-23
富邦嘉義,1600.0,0,10,9692,2345,2026-03-23
富邦南屯,1550.0,0,10,9666,2345,2026-03-23
富邦南屯,1580.0,10,0,9666,2345,2026-03-23
富邦嘉義,1565.0,0,1002,9692,2345,2026-03-23
富邦嘉義,1555.0,0,30,9692,2345,2026-03-23
富邦宜蘭,1600.0,1010,460,9686,2345,2026-03-23
富邦宜蘭,1575.0,0,1045,9686,2345,2026-03-23
富邦宜蘭,1560.0,0,15,9686,2345,2026-03-23
富邦三重,1600.0,1,0,9677,2345,2026-03-23
富邦三重,1585.0,54,0,9677,2345,2026-03-23
富邦三重,1560.0,1,10,9677,2345,2026-03-23
富邦仁愛,1605.0,200,0,9676,2345,2026-03-23
富邦仁愛,1595.0,250,30,9676,2345,2026-03-23
富邦仁愛,1585.0,0,100,9676,2345,2026-03-23
富邦仁愛,1570.0,1,45,9676,2345,2026-03-23
富邦仁愛,1560.0,562,0,9676,2345,2026-03-23
富邦員林,1600.0,0,1030,9672,2345,2026-03-23
富邦員林,1575.0,50,0,9672,2345,2026-03-23
富邦員林,1560.0,2,20,9672,2345,2026-03-23
富邦左營,1570.0,70,0,966F,2345,2026-03-23
富邦左營,1560.0,100,0,966F,2345,2026-03-23
富邦台南,1595.0,0,1000,9667,2345,2026-03-23
富邦台南,1580.0,52,0,9667,2345,2026-03-23
富邦台南,1570.0,2,0,9667,2345,2026-03-23
富邦台南,1555.0,1,2001,9667,2345,2026-03-23
富邦南屯,1595.0,10,0,9666,2345,2026-03-23
富邦南屯,1560.0,6,100,9666,2345,2026-03-23
富邦高雄,1570.0,11,0,9659,2345,2026-03-23
元大大益,1585.0,0,1,9814,2345,2026-03-23
元大新竹,1560.0,6,0,9816,2345,2026-03-23
元大向上,1600.0,0,20,9824,2345,2026-03-23
元大向上,1575.0,0,20,9824,2345,2026-03-23
元大向上,1555.0,20,0,9824,2345,2026-03-23
元大學府,1590.0,20,0,9822,2345,2026-03-23
元大學府,1575.0,30,0,9822,2345,2026-03-23
元大潮州,1585.0,20,0,981Z,2345,2026-03-23
元大大統,1595.0,1,0,981z,2345,2026-03-23
元大大統,1585.0,1,0,981z,2345,2026-03-23
元大大統,1575.0,1,20,981z,2345,2026-03-23
元大大統,1565.0,1,1002,981z,2345,2026-03-23
元大大統,1555.0,7,10,981z,2345,2026-03-23
元大善化,1600.0,3,0,981y,2345,2026-03-23
元大善化,1585.0,0,100,981y,2345,2026-03-23
元大善化,1570.0,1000,0,981y,2345,2026-03-23
元大新生,1605.0,0,1000,981X,2345,2026-03-23
元大新生,1580.0,2000,0,981X,2345,2026-03-23
元大民雄,1555.0,50,0,981V,2345,2026-03-23
元大華山,1565.0,1000,0,981U,2345,2026-03-23
元大崇德,1595.0,47,0,981S,2345,2026-03-23
元大竹山,1600.0,1000,0,981R,2345,2026-03-23
元大竹山,1565.0,10,0,981R,2345,2026-03-23
元大屏南,1575.0,3,0,981r,2345,2026-03-23
元大屏南,1560.0,10,0,981r,2345,2026-03-23
元大新營,1560.0,1,0,9825,2345,2026-03-23
元大屏南,1550.0,1,0,981r,2345,2026-03-23
元大永康,1565.0,1,0,9829,2345,2026-03-23
元大羅東,1550.0,1,0,982A,2345,2026-03-23
元大北港,1585.0,22,0,9837,2345,2026-03-23
元大北港,1575.0,10,0,9837,2345,2026-03-23
元大北港,1565.0,0,3,9837,2345,2026-03-23
元大北港,1555.0,1,0,9837,2345,2026-03-23
元大中山,1585.0,5,0,9835,2345,2026-03-23
元大中山,1565.0,10,0,9835,2345,2026-03-23
元大中壢,1600.0,0,5105,9834,2345,2026-03-23
元大中壢,1590.0,0,6000,9834,2345,2026-03-23
元大中壢,1580.0,103,1000,9834,2345,2026-03-23
元大中壢,1570.0,3,1,9834,2345,2026-03-23
元大中壢,1560.0,5,4,9834,2345,2026-03-23
元大敦化,1580.0,0,35,9833,2345,2026-03-23
元大四維,1590.0,0,1000,9831,2345,2026-03-23
元大四維,1575.0,50,0,9831,2345,2026-03-23
元大四維,1565.0,0,1,9831,2345,2026-03-23
元大忠鼎,1565.0,6000,0,982F,2345,2026-03-23
元大六合,1575.0,10,0,982C,2345,2026-03-23
元大博愛,1605.0,2,0,982B,2345,2026-03-23
元大博愛,1595.0,1000,2000,982B,2345,2026-03-23
元大博愛,1580.0,0,3000,982B,2345,2026-03-23
元大博愛,1570.0,1,1224,982B,2345,2026-03-23
元大博愛,1560.0,1001,30,982B,2345,2026-03-23
元大博愛,1550.0,1000,0,982B,2345,2026-03-23
元大永康,1580.0,6,0,9829,2345,2026-03-23
元大大灣,1580.0,2,0,9815,2345,2026-03-23
元大太平,1580.0,0,15,981Q,2345,2026-03-23
元大萬華,1570.0,50,0,981q,2345,2026-03-23
元大大里,1580.0,1000,125,981g,2345,2026-03-23
元大大里,1570.0,1010,1000,981g,2345,2026-03-23
元大大里,1560.0,25,0,981g,2345,2026-03-23
元大大里,1540.0,0,1000,981g,2345,2026-03-23
元大福營,1560.0,12,1000,981F,2345,2026-03-23
元大發財,1570.0,20,0,981E,2345,2026-03-23
元大發財,1560.0,0,1000,981E,2345,2026-03-23
元大佳里,1600.0,0,100,981e,2345,2026-03-23
元大佳里,1575.0,2,10,981e,2345,2026-03-23
元大佳里,1555.0,10,0,981e,2345,2026-03-23
元大南投,1580.0,1,0,981D,2345,2026-03-23
元大南投,1565.0,1000,0,981D,2345,2026-03-23
元大路竹,1575.0,0,300,981C,2345,2026-03-23
元大竹北,1570.0,12,1000,981B,2345,2026-03-23
元大三峽,1565.0,1000,0,981A,2345,2026-03-23
元大三峽,1555.0,1,0,981A,2345,2026-03-23
元大歸仁,1570.0,50,0,981a,2345,2026-03-23
元大歸仁,1545.0,0,1000,981a,2345,2026-03-23
元大東泰,1595.0,10,0,9817,2345,2026-03-23
元大東泰,1570.0,50,0,9817,2345,2026-03-23
元大東泰,1560.0,1000,150,9817,2345,2026-03-23
元大新竹,1590.0,1000,0,9816,2345,2026-03-23
元大新竹,1570.0,209,310,9816,2345,2026-03-23
元大大里,1590.0,1000,0,981g,2345,2026-03-23
元大太平,1560.0,10,0,981Q,2345,2026-03-23
元大大里,1605.0,0,1000,981g,2345,2026-03-23
元大屏生,1565.0,10,0,981h,2345,2026-03-23
元大松山,1585.0,50,0,981p,2345,2026-03-23
元大松山,1565.0,1000,0,981p,2345,2026-03-23
元大金門,1590.0,11,0,981N,2345,2026-03-23
元大金門,1570.0,1,0,981N,2345,2026-03-23
元大旗山,1565.0,0,107,981n,2345,2026-03-23
元大苗栗,1590.0,1000,0,981M,2345,2026-03-23
元大苗栗,1560.0,1000,2,981M,2345,2026-03-23
元大前金,1600.0,1000,0,981m,2345,2026-03-23
元大前金,1570.0,36,0,981m,2345,2026-03-23
元大前金,1560.0,100,0,981m,2345,2026-03-23
元大莒光,1580.0,0,3,981L,2345,2026-03-23
元大莒光,1565.0,1,0,981L,2345,2026-03-23
元大莒光,1555.0,2,0,981L,2345,2026-03-23
元大林園,1570.0,3,0,981K,2345,2026-03-23
元大林園,1560.0,5,0,981K,2345,2026-03-23
元大士林,1585.0,100,0,981j,2345,2026-03-23
元大士林,1570.0,10,0,981j,2345,2026-03-23
元大天母,1605.0,200,0,981I,2345,2026-03-23
元大天母,1590.0,50,0,981I,2345,2026-03-23
元大西螺,1595.0,0,154,981i,2345,2026-03-23
元大西螺,1580.0,50,0,981i,2345,2026-03-23
元大屏生,1595.0,15,0,981h,2345,2026-03-23
元大屏生,1575.0,10,1,981h,2345,2026-03-23
元大彰化,1570.0,0,7,981G,2345,2026-03-23
元大豐原,1570.0,0,2000,9838,2345,2026-03-23
富邦高雄,1560.0,11,0,9659,2345,2026-03-23
富邦建國,1580.0,14,2000,9658,2345,2026-03-23
華南楠梓,1595.0,0,1000,9332,2345,2026-03-23
華南楠梓,1585.0,2,0,9332,2345,2026-03-23
華南楠梓,1575.0,1000,0,9332,2345,2026-03-23
華南楠梓,1560.0,26,0,9332,2345,2026-03-23
華南鳳山,1570.0,1,0,9331,2345,2026-03-23
華南鳳山,1560.0,10,0,9331,2345,2026-03-23
華南鳳山,1550.0,3,0,9331,2345,2026-03-23
華南朴子,1580.0,1,0,9329,2345,2026-03-23
華南朴子,1570.0,1,0,9329,2345,2026-03-23
華南朴子,1550.0,2,0,9329,2345,2026-03-23
華南南京,1600.0,0,1000,9326,2345,2026-03-23
華南南京,1590.0,2,0,9326,2345,2026-03-23
華南南京,1575.0,1000,0,9326,2345,2026-03-23
華南南京,1565.0,10,0,9326,2345,2026-03-23
華南南京,1550.0,0,2000,9326,2345,2026-03-23
華南岡山,1565.0,10,0,9324,2345,2026-03-23
華南小港,1580.0,30,0,9323,2345,2026-03-23
華南小港,1565.0,0,2080,9323,2345,2026-03-23
華南基隆,1600.0,0,1000,9322,2345,2026-03-23
華南基隆,1590.0,1000,0,9322,2345,2026-03-23
華南基隆,1570.0,1000,1000,9322,2345,2026-03-23
華南基隆,1555.0,30,0,9322,2345,2026-03-23
華南林口,1600.0,0,10,9317,2345,2026-03-23
華南楠梓,1605.0,2,5,9332,2345,2026-03-23
華南林口,1560.0,1,0,9317,2345,2026-03-23
華南世貿,1540.0,1000,0,9334,2345,2026-03-23
華南世貿,1600.0,0,5,9334,2345,2026-03-23
華南虎尾,1555.0,0,1000,9377,2345,2026-03-23
華南三重,1575.0,30,0,9369,2345,2026-03-23
華南三重,1560.0,50,200,9369,2345,2026-03-23
華南豐原,1575.0,10,20,9366,2345,2026-03-23
華南彰化,1570.0,15,0,9363,2345,2026-03-23
華南苗栗,1590.0,0,1000,9362,2345,2026-03-23
華南中正,1580.0,50,0,9359,2345,2026-03-23
華南中正,1555.0,50,0,9359,2345,2026-03-23
華南東勢,1585.0,0,1000,9358,2345,2026-03-23
華南東勢,1575.0,0,3,9358,2345,2026-03-23
華南東勢,1565.0,1000,0,9358,2345,2026-03-23
華南東勢,1555.0,1000,0,9358,2345,2026-03-23
華南桃園,1605.0,5,0,9352,2345,2026-03-23
華南桃園,1580.0,1000,7,9352,2345,2026-03-23
華南桃園,1555.0,1,0,9352,2345,2026-03-23
華南板橋,1580.0,0,1000,9349,2345,2026-03-23
華南敦南,1600.0,1000,1010,9347,2345,2026-03-23
華南敦南,1585.0,1000,300,9347,2345,2026-03-23
華南敦南,1565.0,0,72,9347,2345,2026-03-23
華南頭份,1605.0,10,0,9343,2345,2026-03-23
華南頭份,1560.0,20,0,9343,2345,2026-03-23
華南竹北,1585.0,0,7,9339,2345,2026-03-23
華南內壢,1590.0,0,10,9337,2345,2026-03-23
華南世貿,1565.0,1,1000,9334,2345,2026-03-23
華南虎尾,1565.0,0,1000,9377,2345,2026-03-23
華南淡水,1585.0,0,20,9316,2345,2026-03-23
華南嘉義,1540.0,1000,0,9314,2345,2026-03-23
凱基埔墘,1560.0,0,10,9288,2345,2026-03-23
凱基內湖,1570.0,0,10,9287,2345,2026-03-23
凱基中壢,1585.0,4,0,9285,2345,2026-03-23
凱基中壢,1560.0,1,0,9285,2345,2026-03-23
凱基北門,1570.0,10,0,9283,2345,2026-03-23
凱基北門,1555.0,5,0,9283,2345,2026-03-23
凱基三多,1585.0,0,2,9275,2345,2026-03-23
凱基鳳山,1565.0,1,0,9274,2345,2026-03-23
凱基竹東,1580.0,20,0,9273,2345,2026-03-23
凱基竹東,1565.0,1203,0,9273,2345,2026-03-23
凱基竹科,1595.0,0,1,9272,2345,2026-03-23
凱基竹科,1575.0,10,1000,9272,2345,2026-03-23
凱基竹科,1555.0,10,10,9272,2345,2026-03-23
凱基台北,1600.0,2000,9000,9268,2345,2026-03-23
凱基台北,1590.0,5000,35000,9268,2345,2026-03-23
凱基台北,1580.0,10000,32000,9268,2345,2026-03-23
凱基台北,1570.0,10010,2000,9268,2345,2026-03-23
凱基台北,1560.0,29000,6000,9268,2345,2026-03-23
凱基台北,1550.0,8000,6000,9268,2345,2026-03-23
凱基台北,1540.0,15000,3000,9268,2345,2026-03-23
凱基新豐,1590.0,100,0,9266,2345,2026-03-23
凱基新豐,1565.0,0,2000,9266,2345,2026-03-23
凱基新豐,1555.0,20,0,9266,2345,2026-03-23
凱基埔墘,1575.0,1100,0,9288,2345,2026-03-23
華南淡水,1565.0,30,0,9316,2345,2026-03-23
凱基埔墘,1595.0,1000,0,9288,2345,2026-03-23
凱基大安,1560.0,10,0,9291,2345,2026-03-23
華南古亭,1595.0,100,0,9309,2345,2026-03-23
華南古亭,1570.0,0,1000,9309,2345,2026-03-23
華南麻豆,1590.0,0,100,9308,2345,2026-03-23
華南大安,1595.0,1,0,9307,2345,2026-03-23
華南大安,1575.0,14,0,9307,2345,2026-03-23
華南大安,1565.0,20,1000,9307,2345,2026-03-23
華南大安,1555.0,80,0,9307,2345,2026-03-23
華南台南,1555.0,2,0,9306,2345,2026-03-23
華南新莊,1565.0,0,15,9305,2345,2026-03-23
華南高雄,1600.0,0,1000,9303,2345,2026-03-23
華南高雄,1570.0,0,10,9303,2345,2026-03-23
華南台中,1595.0,0,50,9302,2345,2026-03-23
華南台中,1580.0,10,50,9302,2345,2026-03-23
華南台中,1570.0,1000,20,9302,2345,2026-03-23
華南台中,1560.0,1,0,9302,2345,2026-03-23
華南永昌,1610.0,1000,0,9300,2345,2026-03-23
華南永昌,1595.0,1000,0,9300,2345,2026-03-23
華南永昌,1580.0,54,0,9300,2345,2026-03-23
華南永昌,1570.0,1005,1120,9300,2345,2026-03-23
華南永昌,1560.0,10873,0,9300,2345,2026-03-23
華南永昌,1550.0,4,0,9300,2345,2026-03-23
凱基文心,1580.0,0,30,9297,2345,2026-03-23
凱基文心,1560.0,0,1000,9297,2345,2026-03-23
凱基興隆,1575.0,1000,0,9289,2345,2026-03-23
富邦建國,1590.0,100,65,9658,2345,2026-03-23
富邦,1555.0,3152,3018,9600,2345,2026-03-23
富邦,1575.0,695,6000,9600,2345,2026-03-23
富邦中壢,1565.0,10,50,9636,2345,2026-03-23
富邦中壢,1555.0,20,9,9636,2345,2026-03-23
富邦羅東,1595.0,0,1000,9634,2345,2026-03-23
富邦羅東,1580.0,10,0,9634,2345,2026-03-23
富邦羅東,1565.0,6,10,9634,2345,2026-03-23
富邦北高,1565.0,0,2,962Q,2345,2026-03-23
富邦頭份,1590.0,13,0,962P,2345,2026-03-23
富邦頭份,1560.0,5,2,962P,2345,2026-03-23
富邦三峽,1570.0,0,50,962J,2345,2026-03-23
富邦三峽,1555.0,10,0,962J,2345,2026-03-23
富邦樹林,1570.0,1000,0,962E,2345,2026-03-23
富邦樹林,1555.0,0,1,962E,2345,2026-03-23
富邦新莊,1585.0,10,0,962D,2345,2026-03-23
富邦新莊,1560.0,1,0,962D,2345,2026-03-23
富邦竹科,1610.0,100,0,962C,2345,2026-03-23
富邦竹科,1590.0,5,0,962C,2345,2026-03-23
富邦竹科,1575.0,1030,0,962C,2345,2026-03-23
富邦竹科,1565.0,4,1000,962C,2345,2026-03-23
富邦竹科,1555.0,1050,30,962C,2345,2026-03-23
富邦二林,1570.0,4,0,962B,2345,2026-03-23
富邦南港,1570.0,50,50,962A,2345,2026-03-23
富邦南港,1560.0,8,0,962A,2345,2026-03-23
富邦內湖,1580.0,3,1000,9627,2345,2026-03-23
富邦中壢,1575.0,10,2000,9636,2345,2026-03-23
富邦內湖,1570.0,1,72,9627,2345,2026-03-23
富邦中壢,1585.0,10,0,9636,2345,2026-03-23
富邦八德,1570.0,0,1000,963A,2345,2026-03-23
富邦建國,1570.0,210,0,9658,2345,2026-03-23
富邦建國,1560.0,1002,10,9658,2345,2026-03-23
富邦建國,1550.0,10,0,9658,2345,2026-03-23
富邦苗栗,1580.0,0,1100,9657,2345,2026-03-23
富邦苗栗,1570.0,20,1000,9657,2345,2026-03-23
富邦苗栗,1555.0,34,0,9657,2345,2026-03-23
富邦板橋,1605.0,1010,0,9655,2345,2026-03-23
富邦板橋,1580.0,42,0,9655,2345,2026-03-23
富邦板橋,1570.0,1023,150,9655,2345,2026-03-23
富邦板橋,1560.0,15,2,9655,2345,2026-03-23
富邦板橋,1550.0,1000,0,9655,2345,2026-03-23
富邦永和,1595.0,1024,1,9654,2345,2026-03-23
富邦永和,1585.0,23,1,9654,2345,2026-03-23
富邦永和,1575.0,225,0,9654,2345,2026-03-23
富邦永和,1565.0,9,0,9654,2345,2026-03-23
富邦新竹,1605.0,50,0,9647,2345,2026-03-23
富邦新竹,1595.0,11,0,9647,2345,2026-03-23
富邦新竹,1585.0,3,0,9647,2345,2026-03-23
富邦新竹,1575.0,16,0,9647,2345,2026-03-23
富邦新竹,1565.0,6009,0,9647,2345,2026-03-23
富邦新竹,1555.0,1149,0,9647,2345,2026-03-23
富邦豐原,1595.0,10,0,963L,2345,2026-03-23
富邦豐原,1555.0,0,100,963L,2345,2026-03-23
富邦八德,1555.0,0,1000,963A,2345,2026-03-23
富邦,1565.0,6103,10000,9600,2345,2026-03-23
富邦內湖,1560.0,1505,5,9627,2345,2026-03-23
富邦竹東,1560.0,10,0,9625,2345,2026-03-23
富邦公益,1610.0,1000,0,961F,2345,2026-03-23
富邦公益,1575.0,0,20,961F,2345,2026-03-23
富邦公益,1565.0,20,0,961F,2345,2026-03-23
富邦公益,1555.0,0,1000,961F,2345,2026-03-23
富邦南京,1600.0,0,80,961C,2345,2026-03-23
富邦南京,1590.0,2000,2000,961C,2345,2026-03-23
富邦南京,1580.0,22,0,961C,2345,2026-03-23
富邦南京,1570.0,10,6,961C,2345,2026-03-23
富邦南京,1560.0,41,5000,961C,2345,2026-03-23
富邦岡山,1590.0,0,1,9616,2345,2026-03-23
富邦岡山,1575.0,1,0,9616,2345,2026-03-23
富邦基隆,1595.0,0,10,9614,2345,2026-03-23
富邦台東,1585.0,2,0,9608,2345,2026-03-23
富邦台東,1560.0,20,0,9608,2345,2026-03-23
富邦陽明,1610.0,0,1000,9604,2345,2026-03-23
富邦陽明,1595.0,100,28,9604,2345,2026-03-23
富邦陽明,1580.0,20,10,9604,2345,2026-03-23
富邦陽明,1570.0,2142,2000,9604,2345,2026-03-23
富邦陽明,1560.0,2002,43,9604,2345,2026-03-23
富邦陽明,1550.0,50,0,9604,2345,2026-03-23
富邦,1605.0,6,5000,9600,2345,2026-03-23
富邦,1595.0,10,2050,9600,2345,2026-03-23
富邦,1585.0,38,5000,9600,2345,2026-03-23
富邦新板,1570.0,30,0,961H,2345,2026-03-23
富邦內湖,1540.0,1000,0,9627,2345,2026-03-23
富邦新板,1590.0,20,0,961H,2345,2026-03-23
富邦七賢,1570.0,100,100,961K,2345,2026-03-23
富邦竹東,1550.0,1000,0,9625,2345,2026-03-23
富邦竹北,1595.0,2,0,9624,2345,2026-03-23
富邦竹北,1570.0,210,0,9624,2345,2026-03-23
富邦竹北,1560.0,15,0,9624,2345,2026-03-23
富邦台北,1610.0,0,100,9623,2345,2026-03-23
富邦台北,1595.0,110,5,9623,2345,2026-03-23
富邦台北,1585.0,15,0,9623,2345,2026-03-23
富邦台北,1575.0,10,0,9623,2345,2026-03-23
富邦台北,1565.0,1413,0,9623,2345,2026-03-23
富邦台北,1555.0,120,0,9623,2345,2026-03-23
富邦花蓮,1600.0,0,10,9621,2345,2026-03-23
富邦花蓮,1575.0,0,10,9621,2345,2026-03-23
富邦花蓮,1555.0,12,0,9621,2345,2026-03-23
富邦永康,1590.0,50,0,961Z,2345,2026-03-23
富邦永康,1560.0,130,0,961Z,2345,2026-03-23
富邦屏東,1550.0,1000,0,961Y,2345,2026-03-23
富邦和美,1560.0,5,0,961P,2345,2026-03-23
富邦青埔,1570.0,3,0,961N,2345,2026-03-23
富邦木柵,1605.0,5,0,961M,2345,2026-03-23
富邦木柵,1575.0,5,0,961M,2345,2026-03-23
富邦木柵,1555.0,0,3,961M,2345,2026-03-23
富邦七賢,1600.0,10,0,961K,2345,2026-03-23
富邦七賢,1590.0,0,5,961K,2345,2026-03-23
富邦七賢,1560.0,0,50,961K,2345,2026-03-23
凱基林口,1580.0,100,0,9257,2345,2026-03-23
元大豐原,1590.0,5,0,9838,2345,2026-03-23
元大林森,1565.0,60,0,983B,2345,2026-03-23
永豐台南,1610.0,1,0,9A9h,2345,2026-03-23
永豐台南,1595.0,0,313,9A9h,2345,2026-03-23
永豐台南,1580.0,1,0,9A9h,2345,2026-03-23
永豐台南,1565.0,0,280,9A9h,2345,2026-03-23
永豐台南,1555.0,1,0,9A9h,2345,2026-03-23
永豐天母,1585.0,1000,1009,9A9G,2345,2026-03-23
永豐天母,1560.0,1000,1000,9A9G,2345,2026-03-23
永豐內湖,1555.0,1000,1000,9A9g,2345,2026-03-23
永豐高雄,1580.0,5,0,9A9e,2345,2026-03-23
永豐高雄,1565.0,0,10,9A9e,2345,2026-03-23
永豐高雄,1550.0,1000,0,9A9e,2345,2026-03-23
永豐忠孝,1580.0,6,0,9A9D,2345,2026-03-23
永豐忠孝,1565.0,0,11,9A9D,2345,2026-03-23
永豐古亭,1600.0,0,1000,9A9d,2345,2026-03-23
永豐古亭,1580.0,1000,0,9A9d,2345,2026-03-23
永豐古亭,1565.0,10,0,9A9d,2345,2026-03-23
永豐員林,1560.0,0,1,9A9C,2345,2026-03-23
永豐永康,1585.0,10,0,9A9c,2345,2026-03-23
永豐永康,1575.0,1001,0,9A9c,2345,2026-03-23
永豐永康,1565.0,1,0,9A9c,2345,2026-03-23
永豐永康,1555.0,1,0,9A9c,2345,2026-03-23
永豐中和,1565.0,10,0,9A9B,2345,2026-03-23
永豐虎尾,1560.0,0,2000,9A9b,2345,2026-03-23
永豐新莊,1560.0,3,0,9A9H,2345,2026-03-23
永豐羅東,1585.0,26,0,9A9A,2345,2026-03-23
永豐新莊,1575.0,0,1,9A9H,2345,2026-03-23
永豐嘉義,1585.0,0,60,9A9j,2345,2026-03-23
永豐彰化,1540.0,1000,0,9A9s,2345,2026-03-23
永豐信義,1565.0,200,0,9A9R,2345,2026-03-23
永豐北高,1570.0,5,10,9A9r,2345,2026-03-23
永豐北高,1555.0,50,0,9A9r,2345,2026-03-23
永豐豐原,1595.0,0,1,9A9Q,2345,2026-03-23
永豐豐原,1565.0,1,0,9A9Q,2345,2026-03-23
永豐豐原,1550.0,3,0,9A9Q,2345,2026-03-23
永豐潮州,1580.0,100,0,9A9q,2345,2026-03-23
永豐潮州,1565.0,10,1000,9A9q,2345,2026-03-23
永豐竹北,1585.0,10,0,9A9P,2345,2026-03-23
永豐竹北,1565.0,5,0,9A9P,2345,2026-03-23
永豐桃盛,1600.0,3,0,9A9N,2345,2026-03-23
永豐桃盛,1590.0,102,0,9A9N,2345,2026-03-23
永豐桃盛,1560.0,100,0,9A9N,2345,2026-03-23
永豐南投,1570.0,1,0,9A9M,2345,2026-03-23
永豐台中,1590.0,10,1000,9A9L,2345,2026-03-23
永豐台中,1575.0,1000,0,9A9L,2345,2026-03-23
永豐台中,1565.0,2005,0,9A9L,2345,2026-03-23
永豐台中,1550.0,2000,0,9A9L,2345,2026-03-23
永豐三重,1555.0,10,0,9A9K,2345,2026-03-23
永豐板新,1600.0,0,300,9A9J,2345,2026-03-23
永豐板新,1570.0,16,0,9A9J,2345,2026-03-23
永豐板新,1555.0,0,1000,9A9J,2345,2026-03-23
永豐嘉義,1560.0,10,0,9A9j,2345,2026-03-23
永豐彰化,1560.0,20,0,9A9s,2345,2026-03-23
永豐羅東,1555.0,20,0,9A9A,2345,2026-03-23
永豐苓雅,1560.0,1,0,9A9a,2345,2026-03-23
永豐屏東,1600.0,15,0,9A69,2345,2026-03-23
永豐屏東,1585.0,1,0,9A69,2345,2026-03-23
永豐屏東,1565.0,100,0,9A69,2345,2026-03-23
永豐鳳山,1585.0,4,0,9A61,2345,2026-03-23
永豐鳳山,1570.0,20,1,9A61,2345,2026-03-23
永豐金,1605.0,2,10006,9A00,2345,2026-03-23
永豐金,1595.0,64,12020,9A00,2345,2026-03-23
永豐金,1585.0,264,3003,9A00,2345,2026-03-23
永豐金,1575.0,206,4526,9A00,2345,2026-03-23
永豐金,1565.0,6583,3660,9A00,2345,2026-03-23
永豐金,1555.0,2151,830,9A00,2345,2026-03-23
永豐金,1540.0,0,2000,9A00,2345,2026-03-23
元大小港,1590.0,3,2,989Z,2345,2026-03-23
元大小港,1580.0,1006,2000,989Z,2345,2026-03-23
元大小港,1570.0,5,1000,989Z,2345,2026-03-23
元大小港,1560.0,1,0,989Z,2345,2026-03-23
元大基隆,1575.0,0,100,989Y,2345,2026-03-23
元大基隆,1555.0,23,0,989Y,2345,2026-03-23
元大三民,1585.0,25,0,989X,2345,2026-03-23
元大三民,1560.0,10,0,989X,2345,2026-03-23
元大站前,1595.0,20,0,989W,2345,2026-03-23
元大站前,1580.0,0,50,989W,2345,2026-03-23
元大站前,1570.0,100,1000,989W,2345,2026-03-23
永豐埔里,1585.0,0,10,9A79,2345,2026-03-23
永豐苓雅,1590.0,0,1002,9A9a,2345,2026-03-23
永豐匯立,1560.0,0,1000,9A81,2345,2026-03-23
永豐敦北,1555.0,2,0,9A89,2345,2026-03-23
永豐中壢,1585.0,0,1,9A99,2345,2026-03-23
永豐中壢,1555.0,35,0,9A99,2345,2026-03-23
永豐大園,1600.0,1,0,9A98,2345,2026-03-23
永豐大園,1585.0,1000,0,9A98,2345,2026-03-23
永豐大園,1570.0,5,0,9A98,2345,2026-03-23
永豐大園,1560.0,0,22,9A98,2345,2026-03-23
永豐新竹,1600.0,100,0,9A97,2345,2026-03-23
永豐新竹,1570.0,100,117,9A97,2345,2026-03-23
永豐新竹,1560.0,50,0,9A97,2345,2026-03-23
永豐萬盛,1580.0,0,20,9A92,2345,2026-03-23
永豐萬盛,1560.0,50,0,9A92,2345,2026-03-23
永豐松山,1600.0,5,0,9A91,2345,2026-03-23
永豐松山,1580.0,5,0,9A91,2345,2026-03-23
永豐松山,1555.0,20,0,9A91,2345,2026-03-23
永豐敦南,1610.0,1000,0,9A8F,2345,2026-03-23
永豐敦南,1600.0,0,1000,9A8F,2345,2026-03-23
永豐敦南,1585.0,10,250,9A8F,2345,2026-03-23
永豐敦南,1575.0,0,1000,9A8F,2345,2026-03-23
永豐敦南,1565.0,6,1000,9A8F,2345,2026-03-23
永豐敦南,1555.0,0,1000,9A8F,2345,2026-03-23
永豐敦南,1540.0,0,5000,9A8F,2345,2026-03-23
永豐敦北,1580.0,2,10,9A89,2345,2026-03-23
永豐敦北,1565.0,10,0,9A89,2345,2026-03-23
永豐匯立,1570.0,0,1000,9A81,2345,2026-03-23
元大站前,1555.0,24,0,989W,2345,2026-03-23
永豐彰化,1580.0,20,0,9A9s,2345,2026-03-23
永豐南京,1600.0,1000,0,9A9S,2345,2026-03-23
元富西松,1570.0,0,5,9B2n,2345,2026-03-23
元富西松,1560.0,4000,0,9B2n,2345,2026-03-23
元富成功,1600.0,5,0,9B2m,2345,2026-03-23
元富成功,1590.0,1,0,9B2m,2345,2026-03-23
元富成功,1570.0,0,2000,9B2m,2345,2026-03-23
元富成功,1550.0,0,1000,9B2m,2345,2026-03-23
元富中壢,1575.0,0,1000,9B2L,2345,2026-03-23
元富中壢,1555.0,3,0,9B2L,2345,2026-03-23
元富大裕,1570.0,0,40,9B2l,2345,2026-03-23
元富大裕,1560.0,2,20,9B2l,2345,2026-03-23
元富中港,1560.0,2,0,9B2i,2345,2026-03-23
元富中港,1550.0,0,1000,9B2i,2345,2026-03-23
元富信義,1575.0,0,1000,9B2H,2345,2026-03-23
元富信義,1565.0,0,5,9B2H,2345,2026-03-23
元富新竹,1580.0,3,0,9B2G,2345,2026-03-23
元富新竹,1570.0,180,0,9B2G,2345,2026-03-23
元富新竹,1560.0,1,0,9B2G,2345,2026-03-23
元富中原,1585.0,3,0,9B2g,2345,2026-03-23
元富中原,1555.0,100,0,9B2g,2345,2026-03-23
元富城中,1585.0,15,1000,9B2E,2345,2026-03-23
元富城中,1565.0,1000,1011,9B2E,2345,2026-03-23
元富大昌,1595.0,0,1000,9B2D,2345,2026-03-23
元富大昌,1570.0,1000,0,9B2D,2345,2026-03-23
元富虎尾,1555.0,0,50,9B2N,2345,2026-03-23
元富大昌,1560.0,3000,0,9B2D,2345,2026-03-23
元富新興,1565.0,2005,0,9B2o,2345,2026-03-23
元富同大,1560.0,0,10,9B2P,2345,2026-03-23
元富文心,1595.0,1,0,9B2z,2345,2026-03-23
元富文心,1580.0,0,244,9B2z,2345,2026-03-23
元富文心,1565.0,1,30,9B2z,2345,2026-03-23
元富埔里,1560.0,0,40,9B2Y,2345,2026-03-23
元富花蓮,1600.0,0,1,9B2y,2345,2026-03-23
元富草屯,1595.0,0,200,9B2X,2345,2026-03-23
元富草屯,1555.0,0,100,9B2X,2345,2026-03-23
元富吉利,1585.0,1000,0,9B2W,2345,2026-03-23
元富佳里,1560.0,100,0,9B2w,2345,2026-03-23
元富桃園,1575.0,100,0,9B2v,2345,2026-03-23
元富宜蘭,1565.0,0,100,9B2U,2345,2026-03-23
元富世貿,1595.0,0,1000,9B2u,2345,2026-03-23
元富世貿,1580.0,1000,0,9B2u,2345,2026-03-23
元富世貿,1560.0,100,0,9B2u,2345,2026-03-23
元富城東,1585.0,1000,212,9B2r,2345,2026-03-23
元富城東,1570.0,20,0,9B2r,2345,2026-03-23
元富城東,1555.0,0,30,9B2r,2345,2026-03-23
元富敦南,1590.0,2,0,9B2Q,2345,2026-03-23
元富屏東,1595.0,0,1000,9B2q,2345,2026-03-23
元富屏東,1585.0,3,0,9B2q,2345,2026-03-23
元富屏東,1575.0,1000,0,9B2q,2345,2026-03-23
元富屏東,1565.0,20,0,9B2q,2345,2026-03-23
元富屏東,1555.0,2000,0,9B2q,2345,2026-03-23
元富新興,1585.0,0,1000,9B2o,2345,2026-03-23
永豐南京,1555.0,50,0,9A9S,2345,2026-03-23
元富烏日,1580.0,10,0,9B2c,2345,2026-03-23
元富永和,1555.0,0,3,9B2B,2345,2026-03-23
永豐復興,1555.0,2,0,9A9Z,2345,2026-03-23
永豐板盛,1555.0,10,0,9A9Y,2345,2026-03-23
永豐竹科,1605.0,1004,0,9A9X,2345,2026-03-23
永豐竹科,1595.0,2,0,9A9X,2345,2026-03-23
永豐竹科,1585.0,1000,5,9A9X,2345,2026-03-23
永豐竹科,1575.0,1,1000,9A9X,2345,2026-03-23
永豐竹科,1565.0,100,1350,9A9X,2345,2026-03-23
永豐竹科,1555.0,15,1000,9A9X,2345,2026-03-23
永豐桃園,1610.0,0,15,9A9x,2345,2026-03-23
永豐桃園,1600.0,0,200,9A9x,2345,2026-03-23
永豐桃園,1580.0,1,0,9A9x,2345,2026-03-23
永豐桃園,1570.0,1,200,9A9x,2345,2026-03-23
永豐桃園,1560.0,112,100,9A9x,2345,2026-03-23
永豐市政,1605.0,1000,1000,9A9W,2345,2026-03-23
永豐市政,1585.0,0,1,9A9W,2345,2026-03-23
永豐市政,1575.0,2020,1019,9A9W,2345,2026-03-23
永豐市政,1560.0,8,1000,9A9W,2345,2026-03-23
永豐市政,1550.0,100,0,9A9W,2345,2026-03-23
永豐中正,1600.0,0,3010,9A9U,2345,2026-03-23
永豐中正,1590.0,1,0,9A9U,2345,2026-03-23
永豐中正,1580.0,3,0,9A9U,2345,2026-03-23
永豐中正,1565.0,1001,0,9A9U,2345,2026-03-23
永豐中正,1555.0,1103,2000,9A9U,2345,2026-03-23
永豐復興,1575.0,10,0,9A9Z,2345,2026-03-23
元富烏日,1555.0,10,0,9B2c,2345,2026-03-23
元富證券,1560.0,1000,3000,9B00,2345,2026-03-23
元富證券,1580.0,0,5000,9B00,2345,2026-03-23
元富板橋,1600.0,0,2,9B2b,2345,2026-03-23
元富板橋,1575.0,0,1100,9B2b,2345,2026-03-23
元富板橋,1565.0,2,0,9B2b,2345,2026-03-23
元富緯城,1590.0,2,0,9B2A,2345,2026-03-23
元富緯城,1580.0,4,100,9B2A,2345,2026-03-23
元富緯城,1570.0,5,0,9B2A,2345,2026-03-23
元富緯城,1560.0,4,0,9B2A,2345,2026-03-23
元富緯城,1550.0,3,0,9B2A,2345,2026-03-23
元富松德,1585.0,1,0,9B2a,2345,2026-03-23
元富松德,1570.0,1,0,9B2a,2345,2026-03-23
元富松德,1560.0,0,20,9B2a,2345,2026-03-23
元富台南,1600.0,0,1000,9B29,2345,2026-03-23
元富台南,1550.0,1000,0,9B29,2345,2026-03-23
元富新莊,1585.0,20,0,9B28,2345,2026-03-23
元富台中,1590.0,0,1000,9B25,2345,2026-03-23
元富台中,1575.0,0,10,9B25,2345,2026-03-23
元富台中,1560.0,50,0,9B25,2345,2026-03-23
元富台中,1540.0,0,1000,9B25,2345,2026-03-23
元富三重,1560.0,100,0,9B23,2345,2026-03-23
元富新店,1570.0,20,0,9B22,2345,2026-03-23
元富高雄,1585.0,2,0,9B21,2345,2026-03-23
元富高雄,1565.0,50,0,9B21,2345,2026-03-23
元富證券,1600.0,2000,0,9B00,2345,2026-03-23
元富證券,1570.0,0,5000,9B00,2345,2026-03-23
元大豐原,1600.0,0,20,9838,2345,2026-03-23
元大北重,1560.0,2,0,989V,2345,2026-03-23
元大大甲,1575.0,0,10,989U,2345,2026-03-23
元大民權,1575.0,100,0,9867,2345,2026-03-23
元大民權,1555.0,300,160,9867,2345,2026-03-23
元大和平,1585.0,1011,0,9863,2345,2026-03-23
元大南京,1590.0,0,1000,9862,2345,2026-03-23
元大南京,1570.0,2,10,9862,2345,2026-03-23
元大南京,1560.0,1008,15,9862,2345,2026-03-23
元大南京,1540.0,2000,0,9862,2345,2026-03-23
元大鳳中,1560.0,20,0,985C,2345,2026-03-23
元大經國,1600.0,1,0,9859,2345,2026-03-23
元大經國,1590.0,0,1000,9859,2345,2026-03-23
元大經國,1575.0,0,282,9859,2345,2026-03-23
元大經國,1565.0,1005,1000,9859,2345,2026-03-23
元大經國,1555.0,37,0,9859,2345,2026-03-23
元大龍潭,1605.0,35,0,9858,2345,2026-03-23
元大龍潭,1585.0,1,0,9858,2345,2026-03-23
元大龍潭,1575.0,13,0,9858,2345,2026-03-23
元大龍潭,1565.0,1002,3000,9858,2345,2026-03-23
元大龍潭,1555.0,63,1000,9858,2345,2026-03-23
元大蘆洲,1605.0,1,0,9857,2345,2026-03-23
元大蘆洲,1595.0,1001,0,9857,2345,2026-03-23
元大蘆洲,1585.0,3,0,9857,2345,2026-03-23
元大蘆洲,1575.0,11,400,9857,2345,2026-03-23
元大蘆洲,1565.0,1001,2050,9857,2345,2026-03-23
元大民權,1590.0,6,0,9867,2345,2026-03-23
元大蘆洲,1555.0,65,600,9857,2345,2026-03-23
元大文心,1565.0,0,1000,9868,2345,2026-03-23
元大新盛,1560.0,50,1005,9869,2345,2026-03-23
元大板三,1560.0,10,1,9879,2345,2026-03-23
元大金華,1590.0,1000,0,9878,2345,2026-03-23
元大金華,1555.0,25,5,9878,2345,2026-03-23
元大永寧,1585.0,0,1000,9875,2345,2026-03-23
元大永寧,1575.0,0,60,9875,2345,2026-03-23
元大永寧,1560.0,20,0,9875,2345,2026-03-23
元大永寧,1550.0,10,0,9875,2345,2026-03-23
元大雙和,1605.0,0,5,9874,2345,2026-03-23
元大雙和,1590.0,1025,0,9874,2345,2026-03-23
元大雙和,1575.0,50,0,9874,2345,2026-03-23
元大雙和,1560.0,2,0,9874,2345,2026-03-23
元大復北,1590.0,15,15,9872,2345,2026-03-23
元大復北,1570.0,98,0,9872,2345,2026-03-23
元大復北,1560.0,140,0,9872,2345,2026-03-23
元大復北,1550.0,20,0,9872,2345,2026-03-23
元大忠孝,1595.0,1000,0,9871,2345,2026-03-23
元大忠孝,1580.0,1,1000,9871,2345,2026-03-23
元大忠孝,1540.0,1000,0,9871,2345,2026-03-23
元大基孝,1600.0,10,0,986K,2345,2026-03-23
元大新盛,1605.0,30,0,9869,2345,2026-03-23
元大新盛,1590.0,1,0,9869,2345,2026-03-23
元大新盛,1580.0,1255,0,9869,2345,2026-03-23
元大新盛,1570.0,50,0,9869,2345,2026-03-23
元大文心,1605.0,2,0,9868,2345,2026-03-23
元大板三,1575.0,0,9,9879,2345,2026-03-23
元大花蓮,1600.0,0,40,9856,2345,2026-03-23
元大花蓮,1580.0,5,50,9856,2345,2026-03-23
元大頭份,1560.0,1030,0,983U,2345,2026-03-23
元大大安,1605.0,0,2000,983N,2345,2026-03-23
元大大安,1595.0,1000,0,983N,2345,2026-03-23
元大大安,1570.0,0,1000,983N,2345,2026-03-23
元大木柵,1600.0,1000,0,983M,2345,2026-03-23
元大木柵,1550.0,0,1000,983M,2345,2026-03-23
元大學甲,1590.0,0,1000,983K,2345,2026-03-23
元大學甲,1575.0,1100,0,983K,2345,2026-03-23
元大學甲,1555.0,0,50,983K,2345,2026-03-23
元大仁愛,1585.0,0,5,983j,2345,2026-03-23
元大仁愛,1555.0,0,50,983j,2345,2026-03-23
元大大雅,1595.0,0,1000,983i,2345,2026-03-23
元大大雅,1570.0,2016,1000,983i,2345,2026-03-23
元大大雅,1560.0,3000,0,983i,2345,2026-03-23
元大大雅,1550.0,1000,1000,983i,2345,2026-03-23
元大上新,1610.0,0,2000,983G,2345,2026-03-23
元大上新,1570.0,3000,0,983G,2345,2026-03-23
元大竹東,1600.0,1000,1000,983f,2345,2026-03-23
元大竹東,1585.0,1,0,983f,2345,2026-03-23
元大竹東,1570.0,0,40,983f,2345,2026-03-23
元大竹東,1555.0,0,6,983f,2345,2026-03-23
元大林森,1595.0,4,0,983B,2345,2026-03-23
元大林森,1575.0,1000,0,983B,2345,2026-03-23
元大頭份,1575.0,0,50,983U,2345,2026-03-23
元大花蓮,1590.0,50,0,9856,2345,2026-03-23
元大頭份,1585.0,20,1,983U,2345,2026-03-23
元大竹南,1570.0,1,0,983V,2345,2026-03-23
元大花蓮,1570.0,100,0,9856,2345,2026-03-23
元大花蓮,1555.0,5,0,9856,2345,2026-03-23
元大興安,1570.0,12,1010,9854,2345,2026-03-23
元大興安,1555.0,5,0,9854,2345,2026-03-23
元大南屯,1590.0,20,0,9853,2345,2026-03-23
元大南屯,1580.0,0,33,9853,2345,2026-03-23
元大南屯,1555.0,0,3,9853,2345,2026-03-23
元大永春,1600.0,1000,0,9852,2345,2026-03-23
元大永春,1585.0,55,0,9852,2345,2026-03-23
元大永春,1570.0,0,5,9852,2345,2026-03-23
元大永春,1560.0,0,1053,9852,2345,2026-03-23
元大永春,1550.0,0,12,9852,2345,2026-03-23
元大館前,1600.0,0,1000,984K,2345,2026-03-23
元大館前,1570.0,200,0,984K,2345,2026-03-23
元大館前,1555.0,8,0,984K,2345,2026-03-23
元大景美,1565.0,5,0,984H,2345,2026-03-23
元大新中,1570.0,100,1000,984C,2345,2026-03-23
元大新中,1555.0,0,1000,984C,2345,2026-03-23
元大大直,1560.0,0,12,9846,2345,2026-03-23
元大鳳山,1580.0,10,0,983Z,2345,2026-03-23
元大鳳山,1555.0,50,0,983Z,2345,2026-03-23
元大德芳,1570.0,20,0,983W,2345,2026-03-23
元大竹南,1595.0,0,7,983V,2345,2026-03-23
元大頭份,1600.0,0,10,983U,2345,2026-03-23
元大大甲,1600.0,2,100,989U,2345,2026-03-23
元大板三,1595.0,0,50,9879,2345,2026-03-23
元大楊梅,1585.0,0,1000,987A,2345,2026-03-23
元大樹林,1560.0,1000,0,989j,2345,2026-03-23
元大樹林,1550.0,0,1000,989j,2345,2026-03-23
元大蘆中,1575.0,1000,0,989I,2345,2026-03-23
元大蘆中,1560.0,2027,0,989I,2345,2026-03-23
元大大同,1605.0,1001,0,989G,2345,2026-03-23
元大大同,1595.0,1,0,989G,2345,2026-03-23
元大大同,1585.0,43,1000,989G,2345,2026-03-23
元大大同,1575.0,1001,0,989G,2345,2026-03-23
元大大同,1565.0,3,0,989G,2345,2026-03-23
元大大同,1550.0,0,1000,989G,2345,2026-03-23
元大嘉義,1565.0,5,0,989g,2345,2026-03-23
元大高雄,1595.0,0,70,989F,2345,2026-03-23
元大高雄,1575.0,3,0,989F,2345,2026-03-23
元大高雄,1565.0,150,0,989F,2345,2026-03-23
元大東港,1575.0,0,40,989f,2345,2026-03-23
元大東港,1555.0,0,2,989f,2345,2026-03-23
元大草屯,1600.0,1000,0,989E,2345,2026-03-23
元大草屯,1590.0,3110,20,989E,2345,2026-03-23
元大草屯,1580.0,2000,27,989E,2345,2026-03-23
元大草屯,1570.0,16,1000,989E,2345,2026-03-23
元大草屯,1555.0,4000,0,989E,2345,2026-03-23
元大草屯,1540.0,1000,0,989E,2345,2026-03-23
元大中和,1585.0,0,55,989e,2345,2026-03-23
元大樹林,1570.0,1000,2000,989j,2345,2026-03-23
元大中和,1570.0,40,0,989e,2345,2026-03-23
元大樹林,1580.0,1005,0,989j,2345,2026-03-23
元大樹林,1605.0,1000,0,989j,2345,2026-03-23
元大大甲,1555.0,10,0,989U,2345,2026-03-23
元大鹿港,1595.0,50,0,989S,2345,2026-03-23
元大鹿港,1585.0,1000,0,989S,2345,2026-03-23
元大鹿港,1575.0,1000,0,989S,2345,2026-03-23
元大鹿港,1555.0,0,10,989S,2345,2026-03-23
元大汐止,1595.0,0,1000,989Q,2345,2026-03-23
元大汐止,1570.0,1010,14,989Q,2345,2026-03-23
元大敦南,1600.0,0,50,989P,2345,2026-03-23
元大敦南,1575.0,130,0,989P,2345,2026-03-23
元大敦南,1565.0,1001,1060,989P,2345,2026-03-23
元大內湖,1605.0,40,0,989N,2345,2026-03-23
元大內湖,1590.0,0,10,989N,2345,2026-03-23
元大內湖,1580.0,20,20,989N,2345,2026-03-23
元大內湖,1560.0,10,36,989N,2345,2026-03-23
元大信義,1565.0,5,0,989m,2345,2026-03-23
元大信義,1555.0,4,250,989m,2345,2026-03-23
元大成功,1595.0,1000,0,989L,2345,2026-03-23
元大成功,1575.0,0,205,989L,2345,2026-03-23
元大成功,1565.0,0,2005,989L,2345,2026-03-23
元大古亭,1595.0,2005,1000,989k,2345,2026-03-23
元大古亭,1585.0,1000,0,989k,2345,2026-03-23
元大彰生,1600.0,1,0,989J,2345,2026-03-23
元大彰生,1560.0,50,2000,989J,2345,2026-03-23
元大樹林,1590.0,1010,1020,989j,2345,2026-03-23
元大板三,1605.0,0,1000,9879,2345,2026-03-23
元大中和,1555.0,0,50,989e,2345,2026-03-23
元大左營,1585.0,5,200,989D,2345,2026-03-23
元大台南,1565.0,2005,0,9896,2345,2026-03-23
元大台南,1555.0,12,0,9896,2345,2026-03-23
元大桃興,1600.0,5,0,9894,2345,2026-03-23
元大桃興,1570.0,9,0,9894,2345,2026-03-23
元大大天,1570.0,30,0,9893,2345,2026-03-23
元大大天,1555.0,100,0,9893,2345,2026-03-23
元大永和,1580.0,10,501,9891,2345,2026-03-23
元大永和,1565.0,0,22000,9891,2345,2026-03-23
元大永和,1555.0,25,3000,9891,2345,2026-03-23
元大長庚,1580.0,10,5,988V,2345,2026-03-23
元大三重,1600.0,10,0,988C,2345,2026-03-23
元大三重,1575.0,0,3,988C,2345,2026-03-23
元大三重,1555.0,1000,0,988C,2345,2026-03-23
元大桃園,1590.0,1000,0,988B,2345,2026-03-23
元大桃園,1575.0,0,100,988B,2345,2026-03-23
元大桃園,1565.0,0,100,988B,2345,2026-03-23
元大員林,1610.0,0,100,9889,2345,2026-03-23
元大員林,1580.0,20,0,9889,2345,2026-03-23
元大員林,1560.0,0,2,9889,2345,2026-03-23
元大斗信,1600.0,42,2,9884,2345,2026-03-23
元大斗信,1585.0,10,0,9884,2345,2026-03-23
元大斗信,1570.0,16,0,9884,2345,2026-03-23
元大斗信,1560.0,10,3,9884,2345,2026-03-23
元大台南,1575.0,5,0,9896,2345,2026-03-23
元大左營,1605.0,150,0,989D,2345,2026-03-23
元大台南,1590.0,2,0,9896,2345,2026-03-23
元大土城,1565.0,0,1000,9897,2345,2026-03-23
元大左營,1555.0,5,0,989D,2345,2026-03-23
元大北屯,1585.0,10,0,989d,2345,2026-03-23
元大北屯,1570.0,3,0,989d,2345,2026-03-23
元大北屯,1560.0,0,100,989d,2345,2026-03-23
元大北屯,1550.0,10,0,989d,2345,2026-03-23
元大板橋,1590.0,20,0,989C,2345,2026-03-23
元大板橋,1570.0,24,1010,989C,2345,2026-03-23
元大板橋,1560.0,1,100,989C,2345,2026-03-23
元大中港,1590.0,0,1,989B,2345,2026-03-23
元大中港,1570.0,100,0,989B,2345,2026-03-23
元大中港,1555.0,50,0,989B,2345,2026-03-23
元大北投,1560.0,21,0,989A,2345,2026-03-23
元大苑裡,1610.0,0,50,989a,2345,2026-03-23
元大苑裡,1590.0,1000,0,989a,2345,2026-03-23
元大苑裡,1570.0,10,5,989a,2345,2026-03-23
元大苑裡,1555.0,5,0,989a,2345,2026-03-23
元大淡水,1540.0,0,1000,9899,2345,2026-03-23
元大新莊,1595.0,17,0,9898,2345,2026-03-23
元大新莊,1585.0,20,11,9898,2345,2026-03-23
元大新莊,1575.0,100,0,9898,2345,2026-03-23
元大新莊,1565.0,1,0,9898,2345,2026-03-23
元大新莊,1555.0,120,0,9898,2345,2026-03-23
元大土城,1580.0,1000,0,9897,2345,2026-03-23
元大台南,1600.0,250,0,9896,2345,2026-03-23
凱基和平,1610.0,1000,6,9255,2345,2026-03-23
元大,1570.0,87032,7675,9800,2345,2026-03-23
凱基和平,1570.0,0,1000,9255,2345,2026-03-23
中信託高,1580.0,1000,1000,616K,2345,2026-03-23
中信託高,1570.0,0,1500,616K,2345,2026-03-23
中信託高,1555.0,0,10,616K,2345,2026-03-23
中信託高,1545.0,1000,0,616K,2345,2026-03-23
中信中壢,1585.0,1,0,616A,2345,2026-03-23
中信中壢,1565.0,50,0,616A,2345,2026-03-23
中信嘉義,1590.0,5,0,6168,2345,2026-03-23
中信嘉義,1580.0,3,0,6168,2345,2026-03-23
中信松江,1585.0,0,6,6167,2345,2026-03-23
中信託新,1595.0,5,1000,6165,2345,2026-03-23
中信託新,1585.0,5,60,6165,2345,2026-03-23
中信託新,1570.0,21,0,6165,2345,2026-03-23
中信託新,1560.0,160,0,6165,2345,2026-03-23
中信託文,1605.0,2,0,6164,2345,2026-03-23
中信託文,1585.0,9,0,6164,2345,2026-03-23
中信託文,1575.0,3,0,6164,2345,2026-03-23
中信託文,1565.0,0,1000,6164,2345,2026-03-23
中信託永,1595.0,1,0,6163,2345,2026-03-23
中信託永,1555.0,38,0,6163,2345,2026-03-23
中信託忠,1595.0,0,1000,6162,2345,2026-03-23
中信託忠,1585.0,0,1000,6162,2345,2026-03-23
中信託忠,1565.0,0,110,6162,2345,2026-03-23
中信託忠,1545.0,1000,0,6162,2345,2026-03-23
中信託高,1595.0,25,0,616K,2345,2026-03-23
中國信託,1605.0,0,1011,6160,2345,2026-03-23
新百王,1580.0,0,50,6210,2345,2026-03-23
光和花壇,1605.0,10,0,6385,2345,2026-03-23
兆豐,1610.0,5000,0,7000,2345,2026-03-23
兆豐,1600.0,9000,4000,7000,2345,2026-03-23
兆豐,1590.0,0,4005,7000,2345,2026-03-23
兆豐,1580.0,1,0,7000,2345,2026-03-23
兆豐,1565.0,3300,1000,7000,2345,2026-03-23
兆豐,1555.0,0,4000,7000,2345,2026-03-23
德信和平,1570.0,0,10,6915,2345,2026-03-23
德信新營,1580.0,100,0,6913,2345,2026-03-23
德信,1570.0,0,60,6910,2345,2026-03-23
口袋,1610.0,7,0,6620,2345,2026-03-23
口袋,1590.0,0,100,6620,2345,2026-03-23
口袋,1580.0,2,20,6620,2345,2026-03-23
口袋,1570.0,1022,1,6620,2345,2026-03-23
口袋,1560.0,15,8,6620,2345,2026-03-23
福邦新竹,1560.0,0,100,6489,2345,2026-03-23
大昌桃園,1600.0,1000,0,6465,2345,2026-03-23
大昌桃園,1550.0,0,1000,6465,2345,2026-03-23
大昌新店,1575.0,100,0,6464,2345,2026-03-23
大昌新店,1555.0,0,200,6464,2345,2026-03-23
大昌安康,1560.0,50,0,6462,2345,2026-03-23
大昌樹林,1560.0,0,10,6461,2345,2026-03-23
大昌,1570.0,0,1000,6460,2345,2026-03-23
大昌,1560.0,0,17,6460,2345,2026-03-23
光和溪湖,1570.0,11,0,6381,2345,2026-03-23
兆豐嘉義,1565.0,5,0,7001,2345,2026-03-23
中國信託,1595.0,2,1000,6160,2345,2026-03-23
中國信託,1575.0,1011,0,6160,2345,2026-03-23
統一板橋,1555.0,2000,2020,585P,2345,2026-03-23
統一板橋,1545.0,0,2000,585P,2345,2026-03-23
統一士林,1585.0,0,141,585M,2345,2026-03-23
統一士林,1565.0,0,86,585M,2345,2026-03-23
統一竹南,1580.0,0,10,585m,2345,2026-03-23
統一三重,1570.0,1,0,585J,2345,2026-03-23
統一桃園,1600.0,0,1000,585H,2345,2026-03-23
統一平鎮,1570.0,100,0,585g,2345,2026-03-23
統一平鎮,1560.0,5,0,585g,2345,2026-03-23
統一彰化,1605.0,0,100,585F,2345,2026-03-23
統一彰化,1555.0,1000,0,585F,2345,2026-03-23
統一新台中,1590.0,0,100,585D,2345,2026-03-23
統一新台中,1580.0,1000,0,585D,2345,2026-03-23
統一仁愛,1560.0,0,15000,585c,2345,2026-03-23
統一仁愛,1550.0,0,120,585c,2345,2026-03-23
統一永和,1565.0,50,0,585B,2345,2026-03-23
統一永和,1555.0,30,0,585B,2345,2026-03-23
統一基隆,1585.0,0,30,585A,2345,2026-03-23
統一屏東,1585.0,3,0,5859,2345,2026-03-23
統一屏東,1555.0,10,0,5859,2345,2026-03-23
統一新竹,1585.0,3,0,5857,2345,2026-03-23
統一新竹,1565.0,100,0,5857,2345,2026-03-23
統一新竹,1550.0,1000,0,5857,2345,2026-03-23
統一板橋,1565.0,6000,2000,585P,2345,2026-03-23
中國信託,1585.0,0,5,6160,2345,2026-03-23
統一板橋,1575.0,6000,2000,585P,2345,2026-03-23
統一板橋,1595.0,14000,4000,585P,2345,2026-03-23
中國信託,1565.0,1020,6000,6160,2345,2026-03-23
中國信託,1555.0,3053,7,6160,2345,2026-03-23
中銀豐原,1555.0,5,0,611A,2345,2026-03-23
中銀員林,1600.0,0,100,6114,2345,2026-03-23
台中銀,1590.0,0,1125,6110,2345,2026-03-23
台中銀,1580.0,10,200,6110,2345,2026-03-23
台中銀,1565.0,150,0,6110,2345,2026-03-23
?亞鑫豐,1590.0,0,5,601d,2345,2026-03-23
?亞鑫豐,1565.0,0,2,601d,2345,2026-03-23
?亞鑫豐,1555.0,0,80,601d,2345,2026-03-23
?亞網路,1555.0,3,0,6012,2345,2026-03-23
日茂,1570.0,0,4000,5960,2345,2026-03-23
盈溢籬子內,1570.0,0,300,5861,2345,2026-03-23
統一松江,1570.0,0,100,585Z,2345,2026-03-23
統一松江,1560.0,2,0,585Z,2345,2026-03-23
統一松江,1540.0,1000,0,585Z,2345,2026-03-23
統一土城,1570.0,0,1000,585Y,2345,2026-03-23
統一土城,1560.0,1000,0,585Y,2345,2026-03-23
統一金門,1555.0,0,99,585W,2345,2026-03-23
統一南京,1560.0,2,0,585U,2345,2026-03-23
統一東湖,1580.0,10,0,585R,2345,2026-03-23
統一三多,1550.0,20,0,585Q,2345,2026-03-23
統一板橋,1605.0,2000,4000,585P,2345,2026-03-23
統一板橋,1585.0,10000,4000,585P,2345,2026-03-23
統一台中,1560.0,0,20,5856,2345,2026-03-23
兆豐台中,1580.0,0,1,7003,2345,2026-03-23
兆豐中港,1555.0,0,100,7005,2345,2026-03-23
國票中港,1580.0,0,100,779m,2345,2026-03-23
國票中港,1560.0,0,200,779m,2345,2026-03-23
國票和平,1590.0,20,0,779j,2345,2026-03-23
國票嘉義,1580.0,1000,0,779H,2345,2026-03-23
國票新莊,1585.0,0,1000,779G,2345,2026-03-23
國票新莊,1575.0,0,1040,779G,2345,2026-03-23
國票新莊,1565.0,0,1000,779G,2345,2026-03-23
國票台南,1595.0,0,1000,779D,2345,2026-03-23
國票台南,1565.0,20,0,779D,2345,2026-03-23
國票台南,1550.0,1000,0,779D,2345,2026-03-23
國票敦北,1565.0,3000,0,779c,2345,2026-03-23
國票中正,1540.0,1000,0,7797,2345,2026-03-23
國票南港,1555.0,0,1000,7795,2345,2026-03-23
國票綜合,1595.0,459,144,7790,2345,2026-03-23
國票綜合,1565.0,1000,0,7790,2345,2026-03-23
致和崇德,1580.0,1000,0,703B,2345,2026-03-23
致和高雄,1580.0,0,10,7036,2345,2026-03-23
致和佳里,1570.0,2000,0,7032,2345,2026-03-23
致和,1580.0,100,0,7030,2345,2026-03-23
致和,1570.0,0,100,7030,2345,2026-03-23
兆豐高雄,1580.0,50,20,700Z,2345,2026-03-23
兆豐高雄,1545.0,0,1000,700Z,2345,2026-03-23
兆豐永和,1595.0,20,0,700X,2345,2026-03-23
國票九鼎,1540.0,1000,0,779P,2345,2026-03-23
兆豐永和,1580.0,0,1000,700X,2345,2026-03-23
國票九鼎,1565.0,0,2000,779P,2345,2026-03-23
國票台中,1570.0,1000,0,779v,2345,2026-03-23
台新松江,1565.0,1000,120,8158,2345,2026-03-23
台新松江,1550.0,0,1000,8158,2345,2026-03-23
台新左楠,1595.0,100,0,8157,2345,2026-03-23
台新左楠,1585.0,1,0,8157,2345,2026-03-23
台新左楠,1565.0,20,0,8157,2345,2026-03-23
台新三民,1600.0,0,13,8156,2345,2026-03-23
台新三民,1575.0,10,0,8156,2345,2026-03-23
台新三民,1560.0,10,0,8156,2345,2026-03-23
台新新莊,1605.0,0,1000,8152,2345,2026-03-23
台新新莊,1575.0,2,0,8152,2345,2026-03-23
台新建北,1610.0,0,4,8151,2345,2026-03-23
台新建北,1580.0,50,0,8151,2345,2026-03-23
台新建北,1565.0,200,0,8151,2345,2026-03-23
台新,1600.0,1058,0,8150,2345,2026-03-23
台新,1590.0,1051,0,8150,2345,2026-03-23
台新,1580.0,2405,1225,8150,2345,2026-03-23
台新,1570.0,1310,5016,8150,2345,2026-03-23
台新,1560.0,4141,2750,8150,2345,2026-03-23
台新,1550.0,36,0,8150,2345,2026-03-23
國票安和,1600.0,1000,100,779Z,2345,2026-03-23
國票安和,1565.0,10,0,779Z,2345,2026-03-23
國票中和,1595.0,50,0,779X,2345,2026-03-23
國票中和,1540.0,1000,0,779X,2345,2026-03-23
國票長城,1560.0,0,10,779u,2345,2026-03-23
兆豐台中,1590.0,0,50,7003,2345,2026-03-23
兆豐永和,1565.0,0,3,700X,2345,2026-03-23
兆豐城中,1560.0,1000,0,700W,2345,2026-03-23
兆豐東門,1555.0,0,1000,700H,2345,2026-03-23
兆豐麻豆,1585.0,0,2,700G,2345,2026-03-23
兆豐麻豆,1565.0,2,0,700G,2345,2026-03-23
兆豐南門,1570.0,0,210,700g,2345,2026-03-23
兆豐鹿港,1585.0,0,102,700f,2345,2026-03-23
兆豐鹿港,1555.0,10,0,700f,2345,2026-03-23
兆豐彰化,1565.0,0,5,700d,2345,2026-03-23
兆豐來福,1585.0,0,100,700C,2345,2026-03-23
兆豐民生,1590.0,1,0,700c,2345,2026-03-23
兆豐中壢,1560.0,10,0,700b,2345,2026-03-23
兆豐忠孝,1590.0,5,0,700a,2345,2026-03-23
兆豐忠孝,1570.0,62,1,700a,2345,2026-03-23
兆豐忠孝,1555.0,2,0,700a,2345,2026-03-23
兆豐三重,1585.0,0,100,7008,2345,2026-03-23
兆豐三重,1570.0,101,0,7008,2345,2026-03-23
兆豐三重,1560.0,1003,0,7008,2345,2026-03-23
兆豐竹北,1585.0,0,1000,7007,2345,2026-03-23
兆豐竹北,1575.0,0,50,7007,2345,2026-03-23
兆豐台南,1600.0,0,10,7006,2345,2026-03-23
兆豐台南,1580.0,0,3,7006,2345,2026-03-23
兆豐台南,1570.0,0,105,7006,2345,2026-03-23
兆豐台南,1555.0,0,10,7006,2345,2026-03-23
兆豐中港,1585.0,10,0,7005,2345,2026-03-23
兆豐東門,1595.0,200,0,700H,2345,2026-03-23
兆豐城中,1570.0,1,0,700W,2345,2026-03-23
兆豐北高,1565.0,10,0,700I,2345,2026-03-23
兆豐北高,1595.0,10,0,700I,2345,2026-03-23
兆豐城中,1540.0,1000,0,700W,2345,2026-03-23
兆豐新莊,1585.0,10,0,700w,2345,2026-03-23
兆豐新竹,1600.0,0,2100,700V,2345,2026-03-23
兆豐新竹,1585.0,101,50,700V,2345,2026-03-23
兆豐新竹,1575.0,8,0,700V,2345,2026-03-23
兆豐新竹,1565.0,1007,0,700V,2345,2026-03-23
兆豐新竹,1555.0,18,0,700V,2345,2026-03-23
兆豐桃鶯,1575.0,10,0,700U,2345,2026-03-23
兆豐大同,1565.0,6,0,700S,2345,2026-03-23
兆豐南京,1590.0,1000,0,700P,2345,2026-03-23
兆豐南京,1560.0,0,1000,700P,2345,2026-03-23
兆豐復興,1565.0,1,0,700p,2345,2026-03-23
兆豐埔墘,1600.0,20,0,700N,2345,2026-03-23
兆豐埔墘,1575.0,50,0,700N,2345,2026-03-23
兆豐桃園,1580.0,0,100,700M,2345,2026-03-23
兆豐桃園,1565.0,0,1000,700M,2345,2026-03-23
兆豐桃園,1555.0,0,4,700M,2345,2026-03-23
兆豐天母,1570.0,100,0,700L,2345,2026-03-23
兆豐員林,1585.0,10,0,700k,2345,2026-03-23
兆豐員林,1565.0,15,0,700k,2345,2026-03-23
兆豐公益,1600.0,0,1200,700J,2345,2026-03-23
兆豐公益,1570.0,25,0,700J,2345,2026-03-23
兆豐公益,1555.0,20,0,700J,2345,2026-03-23
兆豐北高,1580.0,0,200,700I,2345,2026-03-23
台新松江,1580.0,1000,0,8158,2345,2026-03-23
統一台南,1555.0,1,0,5855,2345,2026-03-23
統一城中,1580.0,1000,1000,5854,2345,2026-03-23
宏遠民生,1590.0,0,30,1261,2345,2026-03-23
宏遠,1595.0,1,1000,1260,2345,2026-03-23
宏遠,1570.0,1000,15000,1260,2345,2026-03-23
宏遠,1560.0,0,16000,1260,2345,2026-03-23
彰銀台中,1570.0,75,0,1233,2345,2026-03-23
彰銀七賢,1585.0,20,0,1232,2345,2026-03-23
彰銀七賢,1555.0,0,15,1232,2345,2026-03-23
彰銀,1580.0,20,0,1230,2345,2026-03-23
企銀埔墘,1605.0,0,500,111G,2345,2026-03-23
企銀桃園,1555.0,1000,0,111E,2345,2026-03-23
企銀豐原,1590.0,10,0,1118,2345,2026-03-23
企銀九如,1595.0,1000,0,1113,2345,2026-03-23
企銀九如,1565.0,0,1000,1113,2345,2026-03-23
企銀台中,1600.0,0,1000,1111,2345,2026-03-23
企銀,1595.0,0,1000,1110,2345,2026-03-23
企銀,1555.0,0,37000,1110,2345,2026-03-23
臺銀金山,1610.0,1,0,104D,2345,2026-03-23
臺銀金山,1600.0,0,154,104D,2345,2026-03-23
臺銀金山,1590.0,0,4,104D,2345,2026-03-23
臺銀金山,1580.0,1,0,104D,2345,2026-03-23
臺銀金山,1570.0,1,0,104D,2345,2026-03-23
臺銀金山,1560.0,10,1000,104D,2345,2026-03-23
臺銀金山,1550.0,5,0,104D,2345,2026-03-23
宏遠桃園,1595.0,0,2,1262,2345,2026-03-23
臺銀高雄,1605.0,2,0,104C,2345,2026-03-23
宏遠光隆,1565.0,1012,1000,126i,2345,2026-03-23
宏遠高雄,1565.0,100,0,126Q,2345,2026-03-23
美商高盛,1590.0,33000,9000,1480,2345,2026-03-23
美商高盛,1580.0,12000,18000,1480,2345,2026-03-23
美商高盛,1570.0,18000,14000,1480,2345,2026-03-23
美商高盛,1560.0,9000,30000,1480,2345,2026-03-23
美商高盛,1550.0,14000,23000,1480,2345,2026-03-23
美商高盛,1540.0,6000,48000,1480,2345,2026-03-23
台灣摩根,1605.0,12000,6000,1470,2345,2026-03-23
台灣摩根,1595.0,12000,1000,1470,2345,2026-03-23
台灣摩根,1585.0,3000,0,1470,2345,2026-03-23
台灣摩根,1575.0,4819,7000,1470,2345,2026-03-23
台灣摩根,1565.0,69000,27000,1470,2345,2026-03-23
台灣摩根,1555.0,26000,3000,1470,2345,2026-03-23
台灣摩根,1545.0,3000,0,1470,2345,2026-03-23
美林,1605.0,41000,1000,1440,2345,2026-03-23
美林,1595.0,25000,3000,1440,2345,2026-03-23
美林,1585.0,26000,5403,1440,2345,2026-03-23
美林,1575.0,39000,1000,1440,2345,2026-03-23
美林,1565.0,90000,31000,1440,2345,2026-03-23
美林,1555.0,42000,8000,1440,2345,2026-03-23
美林,1545.0,6000,1000,1440,2345,2026-03-23
美林,1535.0,2000,0,1440,2345,2026-03-23
港麥格理,1540.0,1000,0,1360,2345,2026-03-23
宏遠館前,1585.0,0,1000,126U,2345,2026-03-23
宏遠光隆,1590.0,30,0,126i,2345,2026-03-23
美商高盛,1600.0,39000,23000,1480,2345,2026-03-23
臺銀高雄,1590.0,12,16,104C,2345,2026-03-23
臺銀高雄,1570.0,116,0,104C,2345,2026-03-23
土銀,1590.0,10000,0,1030,2345,2026-03-23
合庫三重,1580.0,10,0,102G,2345,2026-03-23
合庫西台,1585.0,1000,2000,102F,2345,2026-03-23
合庫西台,1570.0,0,1000,102F,2345,2026-03-23
合庫桃園,1600.0,1000,0,102E,2345,2026-03-23
合庫桃園,1580.0,200,0,102E,2345,2026-03-23
合庫自強,1590.0,2000,0,102C,2345,2026-03-23
合庫自強,1580.0,2,15,102C,2345,2026-03-23
合庫自強,1570.0,0,3,102C,2345,2026-03-23
合庫自強,1555.0,0,16,102C,2345,2026-03-23
合庫新竹,1605.0,2,0,102A,2345,2026-03-23
合庫新竹,1570.0,110,0,102A,2345,2026-03-23
合庫新竹,1555.0,5,0,102A,2345,2026-03-23
合庫鳳山,1565.0,1,0,1029,2345,2026-03-23
合庫基隆,1565.0,10,0,1025,2345,2026-03-23
合庫基隆,1550.0,20,0,1025,2345,2026-03-23
合庫嘉義,1565.0,1000,0,1024,2345,2026-03-23
合庫嘉義,1555.0,0,1020,1024,2345,2026-03-23
合庫高雄,1595.0,0,1000,1023,2345,2026-03-23
合庫高雄,1580.0,0,80,1023,2345,2026-03-23
合庫高雄,1565.0,15,0,1023,2345,2026-03-23
合庫台南,1580.0,10,60,1022,2345,2026-03-23
合庫台中,1580.0,0,3,1021,2345,2026-03-23
土銀,1600.0,0,166,1030,2345,2026-03-23
臺銀高雄,1580.0,101,0,104C,2345,2026-03-23
土銀嘉義,1570.0,80,0,1034,2345,2026-03-23
臺銀,1550.0,50,0,1040,2345,2026-03-23
臺銀高雄,1560.0,114,5,104C,2345,2026-03-23
臺銀臺中,1610.0,50,0,104A,2345,2026-03-23
臺銀臺中,1600.0,101,0,104A,2345,2026-03-23
臺銀臺中,1590.0,0,20,104A,2345,2026-03-23
臺銀臺中,1580.0,0,27000,104A,2345,2026-03-23
臺銀臺中,1570.0,22005,50,104A,2345,2026-03-23
臺銀臺中,1560.0,1178,152,104A,2345,2026-03-23
臺銀臺中,1540.0,2000,0,104A,2345,2026-03-23
臺銀新竹,1595.0,5,0,1045,2345,2026-03-23
臺銀新竹,1575.0,5,0,1045,2345,2026-03-23
臺銀新竹,1560.0,27,110,1045,2345,2026-03-23
臺銀民權,1605.0,50,0,1043,2345,2026-03-23
臺銀民權,1585.0,0,10,1043,2345,2026-03-23
臺銀民權,1575.0,1000,1000,1043,2345,2026-03-23
臺銀民權,1565.0,50,0,1043,2345,2026-03-23
臺銀民權,1555.0,0,50,1043,2345,2026-03-23
臺銀臺南,1590.0,2,0,1042,2345,2026-03-23
臺銀臺南,1570.0,0,110,1042,2345,2026-03-23
臺銀臺南,1560.0,1300,0,1042,2345,2026-03-23
臺銀,1595.0,1,0,1040,2345,2026-03-23
臺銀,1580.0,130,0,1040,2345,2026-03-23
臺銀,1570.0,1,50,1040,2345,2026-03-23
臺銀,1560.0,31,100,1040,2345,2026-03-23
土銀彰化,1590.0,0,1000,103B,2345,2026-03-23
統一城中,1600.0,0,1000,5854,2345,2026-03-23
港商野村,1540.0,0,3000,1560,2345,2026-03-23
港商野村,1560.0,0,1000,1560,2345,2026-03-23
第一路竹,1545.0,1000,0,538P,2345,2026-03-23
第一豐原,1560.0,1,0,538N,2345,2026-03-23
第一嘉義,1570.0,0,20,538M,2345,2026-03-23
第一安和,1565.0,0,1000,538j,2345,2026-03-23
第一頭份,1590.0,100,0,538I,2345,2026-03-23
第一稻埕,1600.0,50,0,538F,2345,2026-03-23
第一稻埕,1590.0,3,0,538F,2345,2026-03-23
第一自由,1605.0,3000,0,538E,2345,2026-03-23
第一忠孝,1600.0,100,0,538D,2345,2026-03-23
第一忠孝,1565.0,5030,0,538D,2345,2026-03-23
第一忠孝,1550.0,30,0,538D,2345,2026-03-23
第一光復,1580.0,100,100,538C,2345,2026-03-23
第一光復,1570.0,10,60,538C,2345,2026-03-23
第一新竹,1600.0,2,0,538B,2345,2026-03-23
第一新竹,1585.0,1,0,538B,2345,2026-03-23
第一新竹,1570.0,3000,0,538B,2345,2026-03-23
第一新竹,1555.0,0,150,538B,2345,2026-03-23
第一新興,1585.0,0,2,538A,2345,2026-03-23
第一澎湖,1560.0,30,0,5387,2345,2026-03-23
第一彰化,1585.0,1000,0,5386,2345,2026-03-23
第一彰化,1565.0,0,2000,5386,2345,2026-03-23
第一彰化,1555.0,10,0,5386,2345,2026-03-23
第一桃園,1600.0,100,0,5385,2345,2026-03-23
第一路竹,1560.0,1000,0,538P,2345,2026-03-23
第一桃園,1580.0,0,2,5385,2345,2026-03-23
第一路竹,1570.0,10,1100,538P,2345,2026-03-23
第一華江,1545.0,0,1000,538W,2345,2026-03-23
統一城中,1565.0,1,0,5854,2345,2026-03-23
統一城中,1550.0,1000,0,5854,2345,2026-03-23
統一中壢,1585.0,2000,0,5853,2345,2026-03-23
統一中壢,1565.0,0,4000,5853,2345,2026-03-23
統一敦南,1610.0,1000,0,5852,2345,2026-03-23
統一敦南,1575.0,5,2000,5852,2345,2026-03-23
統一敦南,1550.0,25,0,5852,2345,2026-03-23
統一高雄,1580.0,2,0,5851,2345,2026-03-23
統一高雄,1570.0,0,2,5851,2345,2026-03-23
統一高雄,1560.0,1000,0,5851,2345,2026-03-23
統一高雄,1540.0,1000,0,5851,2345,2026-03-23
統一,1600.0,2300,0,5850,2345,2026-03-23
統一,1590.0,1060,2172,5850,2345,2026-03-23
統一,1580.0,9400,4200,5850,2345,2026-03-23
統一,1570.0,2003,4100,5850,2345,2026-03-23
統一,1560.0,5013,8105,5850,2345,2026-03-23
統一,1550.0,2000,0,5850,2345,2026-03-23
永興大墩,1610.0,1000,0,5604,2345,2026-03-23
永興大墩,1565.0,400,0,5604,2345,2026-03-23
永興水湳,1540.0,1000,0,5602,2345,2026-03-23
第一華江,1600.0,1003,0,538W,2345,2026-03-23
第一華江,1585.0,7,0,538W,2345,2026-03-23
第一華江,1565.0,0,1000,538W,2345,2026-03-23
第一路竹,1580.0,30,0,538P,2345,2026-03-23
港商野村,1550.0,0,1000,1560,2345,2026-03-23
第一桃園,1570.0,2,0,5385,2345,2026-03-23
第一台南,1600.0,0,1000,5384,2345,2026-03-23
亞東新竹,1590.0,1000,1000,2184,2345,2026-03-23
亞東新竹,1565.0,2100,0,2184,2345,2026-03-23
亞東板橋,1565.0,5,0,2181,2345,2026-03-23
亞東,1590.0,1000,0,2180,2345,2026-03-23
亞東,1570.0,10,2000,2180,2345,2026-03-23
亞東,1560.0,1010,0,2180,2345,2026-03-23
瑞銀,1600.0,4000,38000,1650,2345,2026-03-23
瑞銀,1590.0,17000,23000,1650,2345,2026-03-23
瑞銀,1580.0,0,17000,1650,2345,2026-03-23
瑞銀,1570.0,0,31000,1650,2345,2026-03-23
瑞銀,1560.0,2222,24000,1650,2345,2026-03-23
瑞銀,1550.0,0,22000,1650,2345,2026-03-23
瑞銀,1540.0,1000,2000,1650,2345,2026-03-23
花旗環球,1600.0,0,2000,1590,2345,2026-03-23
花旗環球,1590.0,0,3000,1590,2345,2026-03-23
花旗環球,1580.0,2000,3000,1590,2345,2026-03-23
花旗環球,1565.0,0,11405,1590,2345,2026-03-23
花旗環球,1555.0,1000,3000,1590,2345,2026-03-23
花旗環球,1545.0,0,15000,1590,2345,2026-03-23
花旗環球,1535.0,0,4000,1590,2345,2026-03-23
港商野村,1595.0,0,2000,1560,2345,2026-03-23
港商野村,1580.0,0,2000,1560,2345,2026-03-23
港商野村,1570.0,0,1000,1560,2345,2026-03-23
亞東新竹,1605.0,0,1000,2184,2345,2026-03-23
第一桃園,1560.0,1002,25,5385,2345,2026-03-23
亞東高雄,1555.0,0,1000,2186,2345,2026-03-23
亞東高雄,1585.0,0,40,2186,2345,2026-03-23
第一台南,1580.0,1,6,5384,2345,2026-03-23
第一台南,1565.0,22,0,5384,2345,2026-03-23
第一台南,1555.0,50,0,5384,2345,2026-03-23
第一台中,1580.0,0,1000,5382,2345,2026-03-23
第一員林,1600.0,10,0,5381,2345,2026-03-23
第一員林,1560.0,50,0,5381,2345,2026-03-23
凱基和平,1585.0,1,1000,9255,2345,2026-03-23
第一金證,1585.0,0,3,5380,2345,2026-03-23
第一金證,1555.0,5,0,5380,2345,2026-03-23
高橋中壢,1570.0,0,1000,5322,2345,2026-03-23
高橋龍潭,1580.0,20,0,5321,2345,2026-03-23
高橋,1605.0,1,0,5320,2345,2026-03-23
高橋,1585.0,1,0,5320,2345,2026-03-23
高橋,1565.0,100,0,5320,2345,2026-03-23
美好中壢,1590.0,0,1000,5266,2345,2026-03-23
美好苗栗,1600.0,0,40,5265,2345,2026-03-23
美好泰山,1570.0,1000,0,5263,2345,2026-03-23
美好楊梅,1565.0,0,10,5262,2345,2026-03-23
美好蘆洲,1590.0,0,15,5261,2345,2026-03-23
美好蘆洲,1580.0,0,1000,5261,2345,2026-03-23
美好蘆洲,1550.0,0,3000,5261,2345,2026-03-23
美好,1550.0,0,1000,5260,2345,2026-03-23
亞東台中,1570.0,0,20,2187,2345,2026-03-23
亞東高雄,1570.0,0,46,2186,2345,2026-03-23
台新台南,1555.0,10,1170,8159,2345,2026-03-23
第一金證,1605.0,34,0,5380,2345,2026-03-23
台新台南,1575.0,0,1000,8159,2345,2026-03-23
群益桃園,1590.0,10,0,9189,2345,2026-03-23
群益桃園,1565.0,11,0,9189,2345,2026-03-23
群益桃園,1555.0,1,0,9189,2345,2026-03-23
群益三民,1605.0,0,100,9188,2345,2026-03-23
群益三民,1570.0,500,270,9188,2345,2026-03-23
群益三民,1560.0,16,0,9188,2345,2026-03-23
群益彰化,1610.0,2,0,9187,2345,2026-03-23
群益彰化,1595.0,5,0,9187,2345,2026-03-23
群益彰化,1580.0,10,0,9187,2345,2026-03-23
群益彰化,1555.0,0,5,9187,2345,2026-03-23
群益新竹,1555.0,1,0,9186,2345,2026-03-23
群益台南,1570.0,1000,1,9185,2345,2026-03-23
群益台南,1550.0,0,1,9185,2345,2026-03-23
群益台中,1595.0,0,5,9184,2345,2026-03-23
群益台中,1565.0,100,0,9184,2345,2026-03-23
群益高雄,1570.0,5,0,9183,2345,2026-03-23
群益館前,1570.0,1,0,913Y,2345,2026-03-23
群益崇德,1585.0,30,0,913U,2345,2026-03-23
群益崇德,1565.0,0,1000,913U,2345,2026-03-23
群益崇德,1550.0,1000,0,913U,2345,2026-03-23
群益北高,1585.0,0,20,913R,2345,2026-03-23
群益土城,1585.0,0,11,913N,2345,2026-03-23
群益萬華,1600.0,10,0,913I,2345,2026-03-23
群益中壢,1560.0,110,0,918A,2345,2026-03-23
群益萬華,1560.0,0,5,913I,2345,2026-03-23
群益中壢,1600.0,100,100,918A,2345,2026-03-23
群益板橋,1585.0,0,2000,918B,2345,2026-03-23
群益建成,1570.0,0,50,918L,2345,2026-03-23
群益東湖,1590.0,1000,0,918K,2345,2026-03-23
群益東湖,1560.0,0,1,918K,2345,2026-03-23
群益永和,1565.0,0,100,918J,2345,2026-03-23
群益永和,1550.0,0,1000,918J,2345,2026-03-23
群益中山,1565.0,100,100,918H,2345,2026-03-23
群益中山,1540.0,0,1000,918H,2345,2026-03-23
群益新莊,1590.0,0,100,918G,2345,2026-03-23
群益新莊,1560.0,12,1000,918G,2345,2026-03-23
群益大甲,1565.0,0,1000,918g,2345,2026-03-23
群益新店,1585.0,1,0,918F,2345,2026-03-23
群益新店,1555.0,100,0,918F,2345,2026-03-23
群益大安,1570.0,0,5000,918e,2345,2026-03-23
群益大安,1560.0,0,6000,918e,2345,2026-03-23
群益大安,1545.0,0,22000,918e,2345,2026-03-23
群益東門,1570.0,0,100,918D,2345,2026-03-23
群益東門,1560.0,1002,0,918D,2345,2026-03-23
群益古亭,1605.0,34,0,918C,2345,2026-03-23
群益古亭,1590.0,1,0,918C,2345,2026-03-23
群益古亭,1580.0,152,0,918C,2345,2026-03-23
群益古亭,1565.0,0,1000,918C,2345,2026-03-23
群益鳳山,1570.0,25,0,918c,2345,2026-03-23
群益鳳山,1555.0,1,0,918c,2345,2026-03-23
群益板橋,1565.0,2000,0,918B,2345,2026-03-23
群益嘉義,1555.0,0,1000,918M,2345,2026-03-23
群益屏東,1560.0,5,0,913H,2345,2026-03-23
群益三重,1570.0,0,1000,913g,2345,2026-03-23
群益敦南,1570.0,1000,0,9101,2345,2026-03-23
群益敦南,1560.0,0,1000,9101,2345,2026-03-23
群益,1600.0,0,100,9100,2345,2026-03-23
群益,1590.0,10,3301,9100,2345,2026-03-23
群益,1580.0,2000,3600,9100,2345,2026-03-23
群益,1570.0,1000,6776,9100,2345,2026-03-23
群益,1560.0,1000,9015,9100,2345,2026-03-23
群益,1550.0,2000,6000,9100,2345,2026-03-23
群益,1540.0,0,1000,9100,2345,2026-03-23
上海匯豐,1565.0,1000,1066,8960,2345,2026-03-23
上海匯豐,1545.0,1000,0,8960,2345,2026-03-23
法銀巴黎,1580.0,0,1000,8900,2345,2026-03-23
法銀巴黎,1565.0,0,14000,8900,2345,2026-03-23
大和國泰,1595.0,0,2000,8890,2345,2026-03-23
大和國泰,1580.0,24000,0,8890,2345,2026-03-23
大和國泰,1570.0,2000,0,8890,2345,2026-03-23
國泰板橋,1610.0,1,0,888K,2345,2026-03-23
國泰板橋,1590.0,1001,1006,888K,2345,2026-03-23
國泰板橋,1580.0,126,114,888K,2345,2026-03-23
國泰板橋,1570.0,1067,5,888K,2345,2026-03-23
國泰板橋,1560.0,565,500,888K,2345,2026-03-23
國泰板橋,1550.0,0,2000,888K,2345,2026-03-23
國泰館前,1600.0,0,1000,888A,2345,2026-03-23
群益敦南,1585.0,0,80,9101,2345,2026-03-23
群益屏東,1550.0,10,0,913H,2345,2026-03-23
群益敦南,1595.0,10,0,9101,2345,2026-03-23
群益松山,1570.0,1000,0,9103,2345,2026-03-23
群益三重,1550.0,3000,0,913g,2345,2026-03-23
群益基隆,1575.0,0,1000,913E,2345,2026-03-23
群益潭子,1595.0,1000,1000,913D,2345,2026-03-23
群益士林,1590.0,51,0,9137,2345,2026-03-23
群益士林,1580.0,5,0,9137,2345,2026-03-23
群益士林,1570.0,20,0,9137,2345,2026-03-23
群益士林,1550.0,0,630,9137,2345,2026-03-23
群益西松,1570.0,1020,0,9136,2345,2026-03-23
群益西松,1560.0,10,0,9136,2345,2026-03-23
群益東大,1610.0,0,11,9135,2345,2026-03-23
群益東大,1580.0,0,1020,9135,2345,2026-03-23
群益東大,1560.0,100,5,9135,2345,2026-03-23
群益開元,1600.0,0,1000,9134,2345,2026-03-23
群益開元,1575.0,10,0,9134,2345,2026-03-23
群益開元,1540.0,2000,0,9134,2345,2026-03-23
群益民權,1560.0,10,1004,9131,2345,2026-03-23
群益市府,1540.0,1000,0,910D,2345,2026-03-23
群益海山,1560.0,1000,1000,9108,2345,2026-03-23
群益高盛,1605.0,1000,0,9105,2345,2026-03-23
群益高盛,1590.0,1000,5,9105,2345,2026-03-23
群益高盛,1580.0,1,0,9105,2345,2026-03-23
群益高盛,1570.0,0,2000,9105,2345,2026-03-23
群益高盛,1560.0,50,0,9105,2345,2026-03-23
群益松山,1560.0,0,1000,9103,2345,2026-03-23
國泰館前,1585.0,2,1,888A,2345,2026-03-23
群益嘉義,1585.0,1000,0,918M,2345,2026-03-23
群益瑞豐,1570.0,50,1000,918u,2345,2026-03-23
凱基新莊,1575.0,0,300,921S,2345,2026-03-23
凱基八德,1570.0,1000,0,921M,2345,2026-03-23
凱基八德,1555.0,3,0,921M,2345,2026-03-23
凱基土城,1595.0,30,0,921J,2345,2026-03-23
凱基土城,1565.0,0,1000,921J,2345,2026-03-23
凱基五股,1565.0,1000,0,921G,2345,2026-03-23
凱基五股,1555.0,0,5,921G,2345,2026-03-23
凱基民權,1595.0,0,1,921C,2345,2026-03-23
凱基民權,1555.0,10,30,921C,2345,2026-03-23
凱基大直,1605.0,0,1000,9218,2345,2026-03-23
凱基大直,1570.0,0,1000,9218,2345,2026-03-23
凱基大直,1555.0,1000,0,9218,2345,2026-03-23
凱基松山,1570.0,50,0,9217,2345,2026-03-23
凱基松山,1540.0,0,2000,9217,2345,2026-03-23
凱基信義,1565.0,10000,0,9216,2345,2026-03-23
凱基高美,1605.0,1000,0,9215,2345,2026-03-23
凱基高美,1590.0,1000,1,9215,2345,2026-03-23
凱基高美,1575.0,3000,0,9215,2345,2026-03-23
凱基高美,1565.0,99,1,9215,2345,2026-03-23
凱基東港,1585.0,1,0,9212,2345,2026-03-23
凱基台南,1605.0,1000,0,9211,2345,2026-03-23
凱基台南,1580.0,250,1000,9211,2345,2026-03-23
凱基台南,1565.0,0,1000,9211,2345,2026-03-23
凱基豐中,1540.0,1000,0,9223,2345,2026-03-23
凱基台南,1555.0,1000,0,9211,2345,2026-03-23
凱基豐中,1550.0,0,1000,9223,2345,2026-03-23
凱基內埔,1555.0,2,100,9225,2345,2026-03-23
台新台南,1565.0,1030,0,8159,2345,2026-03-23
凱基和平,1540.0,1000,0,9255,2345,2026-03-23
凱基科園,1555.0,5,0,9254,2345,2026-03-23
凱基嘉義,1600.0,0,2,9252,2345,2026-03-23
凱基嘉義,1580.0,3,0,9252,2345,2026-03-23
凱基嘉義,1565.0,3,0,9252,2345,2026-03-23
凱基市政,1570.0,0,40,9239,2345,2026-03-23
凱基市政,1555.0,2,0,9239,2345,2026-03-23
凱基士林,1585.0,1,0,9238,2345,2026-03-23
凱基士林,1560.0,50,0,9238,2345,2026-03-23
凱基虎尾,1575.0,10,0,9236,2345,2026-03-23
凱基竹北,1600.0,0,40,9234,2345,2026-03-23
凱基竹北,1580.0,1000,100,9234,2345,2026-03-23
凱基竹北,1565.0,1000,0,9234,2345,2026-03-23
凱基竹北,1555.0,5,3200,9234,2345,2026-03-23
凱基竹北,1540.0,0,2000,9234,2345,2026-03-23
凱基屏東,1595.0,0,1000,922C,2345,2026-03-23
凱基屏東,1560.0,10,0,922C,2345,2026-03-23
凱基中山,1580.0,1000,0,9229,2345,2026-03-23
凱基中山,1555.0,0,500,9229,2345,2026-03-23
凱基城中,1585.0,10,0,9227,2345,2026-03-23
凱基城中,1565.0,0,25,9227,2345,2026-03-23
凱基城中,1540.0,1000,0,9227,2345,2026-03-23
凱基豐中,1565.0,1000,1000,9223,2345,2026-03-23
群益天母,1560.0,5,0,918P,2345,2026-03-23
凱基台南,1545.0,0,1000,9211,2345,2026-03-23
凱基大里,1570.0,500,0,920W,2345,2026-03-23
凱基永和,1555.0,35,0,9207,2345,2026-03-23
凱基高雄,1590.0,0,1000,9206,2345,2026-03-23
凱基高雄,1580.0,0,1000,9206,2345,2026-03-23
凱基高雄,1570.0,1000,0,9206,2345,2026-03-23
凱基三重,1590.0,0,1000,9205,2345,2026-03-23
凱基台中,1595.0,0,1000,9204,2345,2026-03-23
凱基台中,1580.0,0,1000,9204,2345,2026-03-23
凱基台中,1565.0,0,1000,9204,2345,2026-03-23
凱基台中,1555.0,50,0,9204,2345,2026-03-23
凱基中港,1600.0,1000,1,9202,2345,2026-03-23
凱基中港,1565.0,20,0,9202,2345,2026-03-23
凱基中港,1555.0,3,30,9202,2345,2026-03-23
凱基,1605.0,6028,0,9200,2345,2026-03-23
凱基,1595.0,3000,2000,9200,2345,2026-03-23
凱基,1585.0,2000,0,9200,2345,2026-03-23
凱基,1575.0,5000,0,9200,2345,2026-03-23
凱基,1565.0,1005,1000,9200,2345,2026-03-23
凱基,1555.0,11000,1000,9200,2345,2026-03-23
凱基,1545.0,2000,0,9200,2345,2026-03-23
群益台北,1570.0,3,0,918X,2345,2026-03-23
群益忠孝,1560.0,10,0,918W,2345,2026-03-23
群益忠孝,1540.0,1000,0,918W,2345,2026-03-23
群益瑞豐,1580.0,5,0,918u,2345,2026-03-23
凱基永和,1575.0,50,0,9207,2345,2026-03-23
凱基台東,1560.0,2,0,920Z,2345,2026-03-23
凱基桃園,1540.0,1000,0,9208,2345,2026-03-23
凱基桃園,1570.0,40,50,9208,2345,2026-03-23
凱基大里,1560.0,5,0,920W,2345,2026-03-23
凱基大里,1550.0,1000,0,920W,2345,2026-03-23
凱基湖口,1585.0,10,0,920N,2345,2026-03-23
凱基湖口,1565.0,300,0,920N,2345,2026-03-23
凱基湖口,1550.0,1000,0,920N,2345,2026-03-23
凱基基隆,1595.0,0,100,920H,2345,2026-03-23
凱基基隆,1570.0,1,0,920H,2345,2026-03-23
凱基彰化,1585.0,1,0,920G,2345,2026-03-23
凱基彰化,1550.0,0,1000,920G,2345,2026-03-23
凱基站前,1580.0,2,0,920F,2345,2026-03-23
凱基站前,1565.0,3,2000,920F,2345,2026-03-23
凱基站前,1555.0,2,0,920F,2345,2026-03-23
凱基市府,1600.0,50,0,920D,2345,2026-03-23
凱基市府,1590.0,150,0,920D,2345,2026-03-23
凱基市府,1570.0,0,1000,920D,2345,2026-03-23
凱基市府,1555.0,1055,0,920D,2345,2026-03-23
凱基市府,1535.0,1000,0,920D,2345,2026-03-23
凱基雙和,1595.0,0,270,920C,2345,2026-03-23
凱基雙和,1570.0,2,0,920C,2345,2026-03-23
凱基雙和,1555.0,6,20,920C,2345,2026-03-23
凱基板橋,1590.0,5,0,920A,2345,2026-03-23
凱基板橋,1570.0,2,10,920A,2345,2026-03-23
凱基桃園,1585.0,0,1,9208,2345,2026-03-23
凱基桃園,1560.0,160,400,9208,2345,2026-03-23
國泰館前,1575.0,3,0,888A,2345,2026-03-23
凱基岡山,1585.0,1,0,9209,2345,2026-03-23
國泰館前,1555.0,1002,1001,888A,2345,2026-03-23
新光新竹,1580.0,2,1200,8563,2345,2026-03-23
新光新竹,1570.0,1150,0,8563,2345,2026-03-23
新光新竹,1560.0,3024,200,8563,2345,2026-03-23
新光高雄,1605.0,0,1000,8562,2345,2026-03-23
新光高雄,1590.0,50,0,8562,2345,2026-03-23
新光高雄,1580.0,1000,138,8562,2345,2026-03-23
新光高雄,1570.0,1011,1010,8562,2345,2026-03-23
新光高雄,1560.0,1000,0,8562,2345,2026-03-23
新光高雄,1540.0,1000,0,8562,2345,2026-03-23
新光台中,1605.0,1003,0,8561,2345,2026-03-23
新光台中,1590.0,1013,10,8561,2345,2026-03-23
新光台中,1580.0,1,0,8561,2345,2026-03-23
新光台中,1570.0,1040,2000,8561,2345,2026-03-23
新光台中,1560.0,1005,170,8561,2345,2026-03-23
新光台中,1550.0,1000,0,8561,2345,2026-03-23
新光,1610.0,0,1200,8560,2345,2026-03-23
新光,1600.0,2020,2221,8560,2345,2026-03-23
新光,1590.0,1020,2008,8560,2345,2026-03-23
新光,1580.0,1073,650,8560,2345,2026-03-23
新光,1570.0,9022,7879,8560,2345,2026-03-23
新光,1560.0,6225,3310,8560,2345,2026-03-23
新光,1550.0,33,0,8560,2345,2026-03-23
新光,1540.0,2000,2000,8560,2345,2026-03-23
新光新竹,1595.0,2000,0,8563,2345,2026-03-23
京城嘉義,1600.0,200,0,8492,2345,2026-03-23
新光台南,1550.0,17,0,8564,2345,2026-03-23
新光台南,1570.0,2,1000,8564,2345,2026-03-23
玉山雙和,1555.0,0,10,8841,2345,2026-03-23
玉山,1600.0,100,110,8840,2345,2026-03-23
玉山,1580.0,113,0,8840,2345,2026-03-23
玉山,1570.0,231,1000,8840,2345,2026-03-23
玉山,1560.0,1136,10,8840,2345,2026-03-23
陽信高雄,1560.0,50,0,8713,2345,2026-03-23
陽信石牌,1575.0,0,3000,8711,2345,2026-03-23
陽信,1565.0,0,2000,8710,2345,2026-03-23
陽信,1555.0,1000,1000,8710,2345,2026-03-23
聯邦台南,1570.0,10,0,8588,2345,2026-03-23
聯邦興中,1565.0,1000,0,8587,2345,2026-03-23
聯邦三重,1570.0,1,0,8585,2345,2026-03-23
聯邦雙和,1575.0,0,1,8584,2345,2026-03-23
聯邦雙和,1565.0,0,1,8584,2345,2026-03-23
聯邦雙和,1550.0,1,0,8584,2345,2026-03-23
聯邦忠孝,1560.0,1,0,8583,2345,2026-03-23
聯邦,1570.0,100,0,8580,2345,2026-03-23
新光桃園,1580.0,100,50,8565,2345,2026-03-23
新光桃園,1570.0,25,30,8565,2345,2026-03-23
新光桃園,1560.0,1020,0,8565,2345,2026-03-23
新光台南,1600.0,5,0,8564,2345,2026-03-23
新光台南,1590.0,50,1,8564,2345,2026-03-23
新光台南,1580.0,50,0,8564,2345,2026-03-23
新光台南,1560.0,1000,60,8564,2345,2026-03-23
玉山雙和,1565.0,0,1000,8841,2345,2026-03-23
京城,1560.0,0,20,8490,2345,2026-03-23
康和台北,1555.0,50,0,845U,2345,2026-03-23
摩根大通,1555.0,38288,22000,8440,2345,2026-03-23
摩根大通,1545.0,0,14000,8440,2345,2026-03-23
安泰,1580.0,0,1000,8380,2345,2026-03-23
安泰,1540.0,1000,0,8380,2345,2026-03-23
台新新營,1595.0,1100,1000,815Y,2345,2026-03-23
台新新營,1570.0,0,2,815Y,2345,2026-03-23
台新新營,1545.0,2000,0,815Y,2345,2026-03-23
台新中壢,1570.0,1,0,815S,2345,2026-03-23
台新中壢,1560.0,14,0,815S,2345,2026-03-23
台新台中,1610.0,29,0,815B,2345,2026-03-23
台新台中,1595.0,1000,25,815B,2345,2026-03-23
台新台中,1580.0,2000,0,815B,2345,2026-03-23
台新台中,1570.0,1010,0,815B,2345,2026-03-23
台新台中,1560.0,51,1350,815B,2345,2026-03-23
台新台中,1550.0,6,0,815B,2345,2026-03-23
台新高雄,1600.0,65,0,815A,2345,2026-03-23
台新高雄,1590.0,50,0,815A,2345,2026-03-23
台新高雄,1580.0,50,1000,815A,2345,2026-03-23
台新高雄,1570.0,33,0,815A,2345,2026-03-23
台新高雄,1560.0,247,0,815A,2345,2026-03-23
台新高雄,1550.0,0,3000,815A,2345,2026-03-23
國泰館前,1565.0,10,1000,888A,2345,2026-03-23
台新台南,1600.0,20,0,8159,2345,2026-03-23
摩根大通,1565.0,23451,32000,8440,2345,2026-03-23
康和台北,1565.0,50,1000,845U,2345,2026-03-23
摩根大通,1575.0,8152,500,8440,2345,2026-03-23
摩根大通,1595.0,2204,11000,8440,2345,2026-03-23
康和高雄,1570.0,1000,0,845J,2345,2026-03-23
康和仁愛,1600.0,0,20000,845F,2345,2026-03-23
康和仁愛,1570.0,2005,1000,845F,2345,2026-03-23
康和仁愛,1560.0,0,10000,845F,2345,2026-03-23
康和仁愛,1540.0,10000,0,845F,2345,2026-03-23
康和澎湖,1565.0,1,0,845E,2345,2026-03-23
康和板橋,1580.0,5,0,845D,2345,2026-03-23
康和板橋,1570.0,0,12,845D,2345,2026-03-23
康和板橋,1555.0,1,0,845D,2345,2026-03-23
康和永和,1580.0,1000,0,845B,2345,2026-03-23
康和內湖,1585.0,1,0,845A,2345,2026-03-23
康和內湖,1570.0,0,2000,845A,2345,2026-03-23
康和內湖,1550.0,0,3000,845A,2345,2026-03-23
康和台南,1565.0,0,1000,8458,2345,2026-03-23
康和台南,1555.0,1,0,8458,2345,2026-03-23
康和台中,1560.0,5,0,8455,2345,2026-03-23
康和延平,1605.0,0,1000,8451,2345,2026-03-23
康和延平,1575.0,1,0,8451,2345,2026-03-23
康和延平,1565.0,1010,0,8451,2345,2026-03-23
康和,1605.0,1000,0,8450,2345,2026-03-23
康和,1575.0,11,0,8450,2345,2026-03-23
康和,1550.0,0,2000,8450,2345,2026-03-23
摩根大通,1605.0,4631,5000,8440,2345,2026-03-23
摩根大通,1585.0,4928,7000,8440,2345,2026-03-23
玉山雙和,1575.0,1000,40,8841,2345,2026-03-23
康和永和,1540.0,1000,0,845B,2345,2026-03-23
玉山雙和,1595.0,0,25,8841,2345,2026-03-23
國泰松江,1605.0,0,129,8883,2345,2026-03-23
國泰松江,1595.0,1,1037,8883,2345,2026-03-23
國泰松江,1585.0,53,0,8883,2345,2026-03-23
國泰松江,1570.0,46,0,8883,2345,2026-03-23
國泰松江,1560.0,13,0,8883,2345,2026-03-23
國泰松江,1540.0,1000,0,8883,2345,2026-03-23
國泰台中,1600.0,12,0,8882,2345,2026-03-23
國泰台中,1580.0,16,5,8882,2345,2026-03-23
國泰台中,1570.0,59,0,8882,2345,2026-03-23
國泰台中,1560.0,254,260,8882,2345,2026-03-23
國泰台中,1550.0,31,0,8882,2345,2026-03-23
國泰高雄,1595.0,5,0,8881,2345,2026-03-23
國泰高雄,1585.0,2,3,8881,2345,2026-03-23
國泰高雄,1575.0,5,0,8881,2345,2026-03-23
國泰高雄,1565.0,1053,0,8881,2345,2026-03-23
國泰高雄,1555.0,101,50,8881,2345,2026-03-23
國泰綜合,1610.0,1003,0,8880,2345,2026-03-23
國泰綜合,1600.0,8,0,8880,2345,2026-03-23
國泰綜合,1590.0,2,3000,8880,2345,2026-03-23
國泰綜合,1580.0,12,10000,8880,2345,2026-03-23
國泰綜合,1570.0,22,10000,8880,2345,2026-03-23
國泰綜合,1560.0,23,1000,8880,2345,2026-03-23
玉山數位,1585.0,51,0,884M,2345,2026-03-23
國泰台南,1540.0,5000,0,8884,2345,2026-03-23
國泰台南,1560.0,1227,1000,8884,2345,2026-03-23
國泰台南,1570.0,1006,2000,8884,2345,2026-03-23
國泰台南,1580.0,1000,1000,8884,2345,2026-03-23
國泰敦南,1610.0,7,1000,8888,2345,2026-03-23
國泰敦南,1600.0,1310,3094,8888,2345,2026-03-23
玉山雙和,1585.0,0,34,8841,2345,2026-03-23
國泰敦南,1590.0,3064,1073,8888,2345,2026-03-23
國泰敦南,1580.0,2100,324,8888,2345,2026-03-23
國泰敦南,1570.0,4391,2239,8888,2345,2026-03-23
國泰敦南,1560.0,6812,2368,8888,2345,2026-03-23
國泰敦南,1550.0,2108,4020,8888,2345,2026-03-23
國泰敦南,1540.0,2000,2000,8888,2345,2026-03-23
國泰忠孝,1585.0,0,5,8887,2345,2026-03-23
國泰忠孝,1570.0,1000,1000,8887,2345,2026-03-23
玉山數位,1570.0,1,9,884M,2345,2026-03-23
國泰忠孝,1560.0,5,0,8887,2345,2026-03-23
國泰新莊,1595.0,0,101,8886,2345,2026-03-23
國泰新莊,1585.0,5,200,8886,2345,2026-03-23
國泰新莊,1575.0,100,0,8886,2345,2026-03-23
國泰新莊,1560.0,101,2000,8886,2345,2026-03-23
國泰新莊,1540.0,12000,0,8886,2345,2026-03-23
國泰桃園,1605.0,50,0,8885,2345,2026-03-23
國泰桃園,1595.0,25,0,8885,2345,2026-03-23
國泰桃園,1580.0,12,1000,8885,2345,2026-03-23
國泰桃園,1570.0,170,0,8885,2345,2026-03-23
國泰台南,1605.0,100,1000,8884,2345,2026-03-23
國泰台南,1595.0,0,2000,8884,2345,2026-03-23
國泰新莊,1605.0,10,0,8886,2345,2026-03-23
玉山數位,1555.0,100,0,884M,2345,2026-03-23
國泰桃園,1560.0,6,50,8885,2345,2026-03-23
玉山大里,1560.0,2,5,884J,2345,2026-03-23
玉山台中,1580.0,10,0,884B,2345,2026-03-23
玉山台中,1570.0,10,2009,884B,2345,2026-03-23
玉山台中,1560.0,7,39,884B,2345,2026-03-23
玉山士林,1595.0,100,10,884A,2345,2026-03-23
玉山士林,1565.0,1000,0,884A,2345,2026-03-23
玉山景美,1580.0,0,1000,8849,2345,2026-03-23
玉山嘉義,1610.0,0,100,8848,2345,2026-03-23
玉山嘉義,1595.0,0,1002,8848,2345,2026-03-23
玉山嘉義,1575.0,1000,0,8848,2345,2026-03-23
玉山嘉義,1560.0,0,50,8848,2345,2026-03-23
玉山台南,1590.0,100,1000,8847,2345,2026-03-23
玉山台南,1565.0,1000,0,8847,2345,2026-03-23
玉山板橋,1610.0,100,1000,8846,2345,2026-03-23
玉山板橋,1585.0,1,0,8846,2345,2026-03-23
玉山板橋,1570.0,10,0,8846,2345,2026-03-23
玉山板橋,1555.0,10,0,8846,2345,2026-03-23
玉山高雄,1600.0,0,1000,8843,2345,2026-03-23
玉山高雄,1580.0,110,0,8843,2345,2026-03-23
玉山高雄,1570.0,61,0,8843,2345,2026-03-23
玉山高雄,1560.0,26,200,8843,2345,2026-03-23
玉山新莊,1590.0,1,0,8842,2345,2026-03-23
玉山大里,1595.0,30,0,884J,2345,2026-03-23
玉山新莊,1570.0,5,0,8842,2345,2026-03-23
玉山台中,1590.0,6,0,884B,2345,2026-03-23
玉山台中,1605.0,5,0,884B,2345,2026-03-23
玉山台南,1575.0,20,0,8847,2345,2026-03-23
玉山新莊,1555.0,0,2,8842,2345,2026-03-23
玉山新竹,1575.0,0,2000,884H,2345,2026-03-23
玉山信義,1560.0,3,140,884C,2345,2026-03-23
玉山新竹,1565.0,10,1000,884H,2345,2026-03-23
玉山新竹,1555.0,1000,5,884H,2345,2026-03-23
玉山新竹,1535.0,1000,0,884H,2345,2026-03-23
玉山桃園,1590.0,1001,0,884F,2345,2026-03-23
玉山雙和,1605.0,0,20,8841,2345,2026-03-23
玉山新竹,1585.0,0,10,884H,2345,2026-03-23
玉山桃園,1560.0,15,35,884F,2345,2026-03-23
玉山城中,1600.0,1,1000,884E,2345,2026-03-23
玉山城中,1590.0,1001,0,884E,2345,2026-03-23
玉山桃園,1575.0,1,0,884F,2345,2026-03-23
玉山城中,1560.0,1011,0,884E,2345,2026-03-23
玉山城中,1550.0,1025,0,884E,2345,2026-03-23
玉山左營,1600.0,0,50,884D,2345,2026-03-23
玉山左營,1565.0,1000,2,884D,2345,2026-03-23
玉山左營,1555.0,400,1000,884D,2345,2026-03-23
玉山左營,1540.0,3000,0,884D,2345,2026-03-23
玉山信義,1600.0,1,300,884C,2345,2026-03-23
玉山城中,1570.0,471,100,884E,2345,2026-03-23
玉山信義,1570.0,1,1010,884C,2345,2026-03-23
玉山信義,1580.0,1000,0,884C,2345,2026-03-23
