securities_trader,price,buy,sell,securities_trader_id,stock_id,date
凱基新豐,4620.0,0,50,9266,3661,2026-05-15
凱基新豐,4685.0,50,0,9266,3661,2026-05-15
凱基新豐,4820.0,50,0,9266,3661,2026-05-15
凱基台北,4600.0,8010,1877,9268,3661,2026-05-15
凱基台北,4610.0,18000,0,9268,3661,2026-05-15
凱基台北,4620.0,14003,0,9268,3661,2026-05-15
凱基台北,4650.0,7000,5000,9268,3661,2026-05-15
凱基台北,4640.0,3000,0,9268,3661,2026-05-15
凱基羅東,4760.0,1,0,9258,3661,2026-05-15
凱基台北,4660.0,8011,2000,9268,3661,2026-05-15
凱基台北,4670.0,6000,1000,9268,3661,2026-05-15
凱基台北,4680.0,5050,0,9268,3661,2026-05-15
凱基台北,4695.0,5000,1000,9268,3661,2026-05-15
凱基台北,4705.0,7000,1000,9268,3661,2026-05-15
凱基台北,4630.0,15000,3100,9268,3661,2026-05-15
凱基羅東,4710.0,0,20,9258,3661,2026-05-15
凱基林口,4700.0,1,0,9257,3661,2026-05-15
凱基林口,4910.0,11,0,9257,3661,2026-05-15
凱基科園,4680.0,50,0,9254,3661,2026-05-15
凱基科園,4700.0,0,25,9254,3661,2026-05-15
凱基科園,4730.0,1,0,9254,3661,2026-05-15
凱基和平,4615.0,5,10,9255,3661,2026-05-15
凱基和平,4655.0,20,0,9255,3661,2026-05-15
凱基和平,4690.0,1,0,9255,3661,2026-05-15
凱基和平,4725.0,1,10,9255,3661,2026-05-15
凱基羅東,4600.0,25,0,9258,3661,2026-05-15
凱基和平,4800.0,1000,0,9255,3661,2026-05-15
凱基南崁,4670.0,10,0,9256,3661,2026-05-15
凱基南崁,4705.0,0,1,9256,3661,2026-05-15
凱基南崁,4910.0,34,0,9256,3661,2026-05-15
凱基林口,4610.0,53,0,9257,3661,2026-05-15
凱基林口,4655.0,10,0,9257,3661,2026-05-15
凱基台北,4715.0,1000,5000,9268,3661,2026-05-15
凱基林口,4725.0,10,0,9257,3661,2026-05-15
凱基南崁,4605.0,10,0,9256,3661,2026-05-15
凱基台北,4725.0,2000,6000,9268,3661,2026-05-15
凱基台北,4765.0,2000,1000,9268,3661,2026-05-15
凱基台北,4745.0,1,1000,9268,3661,2026-05-15
凱基竹科,4620.0,10,0,9272,3661,2026-05-15
凱基竹科,4630.0,1000,0,9272,3661,2026-05-15
凱基竹科,4660.0,0,22,9272,3661,2026-05-15
凱基竹科,4680.0,10,1000,9272,3661,2026-05-15
凱基竹科,4695.0,10,0,9272,3661,2026-05-15
凱基竹科,4705.0,2,11,9272,3661,2026-05-15
凱基竹科,4720.0,0,11,9272,3661,2026-05-15
凱基竹科,4750.0,10,0,9272,3661,2026-05-15
凱基竹科,4780.0,10,0,9272,3661,2026-05-15
凱基竹科,4830.0,1000,0,9272,3661,2026-05-15
凱基竹科,4900.0,200,0,9272,3661,2026-05-15
凱基竹東,4600.0,1,0,9273,3661,2026-05-15
凱基竹東,4665.0,1,0,9273,3661,2026-05-15
凱基竹東,4760.0,5,2,9273,3661,2026-05-15
凱基鳳山,4650.0,1,0,9274,3661,2026-05-15
凱基竹科,4610.0,0,100,9272,3661,2026-05-15
凱基城中,4605.0,1,0,9227,3661,2026-05-15
凱基台北,4990.0,0,1000,9268,3661,2026-05-15
凱基台北,4955.0,0,2000,9268,3661,2026-05-15
凱基台北,4755.0,0,4000,9268,3661,2026-05-15
凱基科園,4670.0,10,0,9254,3661,2026-05-15
凱基台北,4775.0,0,1000,9268,3661,2026-05-15
凱基台北,4785.0,2000,11000,9268,3661,2026-05-15
凱基台北,4795.0,0,1000,9268,3661,2026-05-15
凱基台北,4805.0,2000,0,9268,3661,2026-05-15
凱基台北,4815.0,1000,1000,9268,3661,2026-05-15
凱基台北,4735.0,2000,4000,9268,3661,2026-05-15
凱基台北,4830.0,1020,2000,9268,3661,2026-05-15
凱基台北,4855.0,0,4000,9268,3661,2026-05-15
凱基台北,4875.0,1000,0,9268,3661,2026-05-15
凱基台北,4890.0,1000,0,9268,3661,2026-05-15
凱基台北,4900.0,1,1000,9268,3661,2026-05-15
凱基台北,4910.0,1000,2000,9268,3661,2026-05-15
凱基台北,4920.0,1000,0,9268,3661,2026-05-15
凱基台北,4945.0,0,1000,9268,3661,2026-05-15
凱基台北,4840.0,0,6000,9268,3661,2026-05-15
凱基科園,4660.0,0,5,9254,3661,2026-05-15
凱基嘉義,4700.0,3,0,9252,3661,2026-05-15
凱基嘉義,4780.0,1,0,9252,3661,2026-05-15
凱基員林,4765.0,10,0,9231,3661,2026-05-15
凱基員林,4790.0,5,0,9231,3661,2026-05-15
凱基長庚,4600.0,1,0,9233,3661,2026-05-15
凱基長庚,4630.0,0,101,9233,3661,2026-05-15
凱基長庚,4640.0,1,0,9233,3661,2026-05-15
凱基長庚,4670.0,2,0,9233,3661,2026-05-15
凱基城中,4715.0,30,0,9227,3661,2026-05-15
凱基長庚,4685.0,5,0,9233,3661,2026-05-15
凱基長庚,4705.0,11,0,9233,3661,2026-05-15
凱基長庚,4760.0,0,5,9233,3661,2026-05-15
凱基長庚,4835.0,1000,0,9233,3661,2026-05-15
凱基長庚,4990.0,2000,0,9233,3661,2026-05-15
凱基竹北,4610.0,30,0,9234,3661,2026-05-15
凱基竹北,4650.0,5,0,9234,3661,2026-05-15
凱基竹北,4660.0,10,0,9234,3661,2026-05-15
凱基員林,4710.0,0,8,9231,3661,2026-05-15
凱基竹北,4680.0,10,0,9234,3661,2026-05-15
凱基員林,4685.0,5,0,9231,3661,2026-05-15
凱基屏東,4720.0,0,25,922C,3661,2026-05-15
凱基鳳山,4735.0,1,0,9274,3661,2026-05-15
凱基城中,4730.0,0,1000,9227,3661,2026-05-15
凱基城中,4780.0,1,0,9227,3661,2026-05-15
凱基城中,4795.0,1000,0,9227,3661,2026-05-15
凱基城中,4820.0,0,1000,9227,3661,2026-05-15
凱基中山,4600.0,13,0,9229,3661,2026-05-15
凱基中山,4650.0,1000,0,9229,3661,2026-05-15
凱基中山,4685.0,10,0,9229,3661,2026-05-15
凱基中山,4710.0,3,0,9229,3661,2026-05-15
凱基中山,4745.0,0,1000,9229,3661,2026-05-15
凱基中山,4775.0,100,0,9229,3661,2026-05-15
凱基中山,4785.0,0,20,9229,3661,2026-05-15
凱基中山,4825.0,100,0,9229,3661,2026-05-15
凱基中山,4885.0,0,1000,9229,3661,2026-05-15
凱基中山,4915.0,0,30,9229,3661,2026-05-15
凱基屏東,4985.0,1000,0,922C,3661,2026-05-15
凱基竹北,4695.0,10,0,9234,3661,2026-05-15
凱基竹北,4705.0,0,15,9234,3661,2026-05-15
凱基竹北,4720.0,1093,0,9234,3661,2026-05-15
凱基士林,4750.0,10,0,9238,3661,2026-05-15
凱基士林,4820.0,0,10,9238,3661,2026-05-15
凱基市政,4605.0,25,0,9239,3661,2026-05-15
凱基市政,4630.0,0,500,9239,3661,2026-05-15
凱基城中,4665.0,1000,0,9227,3661,2026-05-15
凱基市政,4645.0,10,0,9239,3661,2026-05-15
凱基市政,4675.0,0,4,9239,3661,2026-05-15
凱基市政,4690.0,0,15,9239,3661,2026-05-15
凱基市政,4700.0,20,0,9239,3661,2026-05-15
凱基市政,4720.0,0,10,9239,3661,2026-05-15
凱基市政,4775.0,1,0,9239,3661,2026-05-15
凱基市政,4800.0,10,0,9239,3661,2026-05-15
凱基市政,4840.0,0,5,9239,3661,2026-05-15
凱基嘉義,4605.0,3,0,9252,3661,2026-05-15
凱基嘉義,4720.0,2,0,9252,3661,2026-05-15
凱基士林,4735.0,12,0,9238,3661,2026-05-15
凱基士林,4705.0,71,0,9238,3661,2026-05-15
凱基士林,4680.0,25,0,9238,3661,2026-05-15
凱基士林,4655.0,1,0,9238,3661,2026-05-15
凱基竹北,4740.0,1000,0,9234,3661,2026-05-15
凱基竹北,4755.0,0,25,9234,3661,2026-05-15
凱基竹北,4770.0,0,200,9234,3661,2026-05-15
凱基竹北,4795.0,5,0,9234,3661,2026-05-15
凱基永華,4595.0,1,0,9235,3661,2026-05-15
凱基永華,4680.0,0,1030,9235,3661,2026-05-15
凱基永華,4780.0,20,0,9235,3661,2026-05-15
凱基科園,4600.0,1,0,9254,3661,2026-05-15
凱基永華,4795.0,10,0,9235,3661,2026-05-15
凱基虎尾,4650.0,2,0,9236,3661,2026-05-15
凱基敦北,4620.0,2,0,9237,3661,2026-05-15
凱基敦北,4700.0,50,0,9237,3661,2026-05-15
凱基敦北,4750.0,20,50,9237,3661,2026-05-15
凱基城中,4695.0,2000,1000,9227,3661,2026-05-15
凱基士林,4605.0,1,0,9238,3661,2026-05-15
凱基士林,4635.0,1,0,9238,3661,2026-05-15
凱基虎尾,4600.0,10,0,9236,3661,2026-05-15
凱基鳳山,4750.0,2,0,9274,3661,2026-05-15
華南台中,4650.0,1,0,9302,3661,2026-05-15
凱基鳳山,4800.0,0,1000,9274,3661,2026-05-15
華南台中,4820.0,1,0,9302,3661,2026-05-15
華南台中,4830.0,1001,1000,9302,3661,2026-05-15
華南台中,4840.0,11,0,9302,3661,2026-05-15
華南台中,4870.0,0,1,9302,3661,2026-05-15
華南台中,4880.0,10,0,9302,3661,2026-05-15
華南台中,4910.0,20,0,9302,3661,2026-05-15
華南台中,4980.0,0,1000,9302,3661,2026-05-15
華南高雄,4610.0,10,0,9303,3661,2026-05-15
華南高雄,4620.0,16,0,9303,3661,2026-05-15
華南高雄,4660.0,10,0,9303,3661,2026-05-15
華南高雄,4675.0,1,0,9303,3661,2026-05-15
華南高雄,4685.0,11,0,9303,3661,2026-05-15
華南高雄,4705.0,0,5,9303,3661,2026-05-15
華南高雄,4730.0,10,0,9303,3661,2026-05-15
華南高雄,4750.0,50,3,9303,3661,2026-05-15
華南台中,4805.0,15,0,9302,3661,2026-05-15
華南台中,4790.0,100,0,9302,3661,2026-05-15
華南台中,4775.0,4,1000,9302,3661,2026-05-15
華南台中,4755.0,0,1000,9302,3661,2026-05-15
華南永昌,4800.0,5,0,9300,3661,2026-05-15
華南永昌,4810.0,1000,0,9300,3661,2026-05-15
華南永昌,4845.0,5,0,9300,3661,2026-05-15
華南永昌,4885.0,10,0,9300,3661,2026-05-15
華南永昌,4965.0,1000,1000,9300,3661,2026-05-15
華南台中,4600.0,104,150,9302,3661,2026-05-15
華南台中,4610.0,1,0,9302,3661,2026-05-15
華南高雄,4770.0,20,0,9303,3661,2026-05-15
華南台中,4620.0,120,0,9302,3661,2026-05-15
華南台中,4665.0,100,0,9302,3661,2026-05-15
華南台中,4680.0,150,3,9302,3661,2026-05-15
華南台中,4690.0,50,2000,9302,3661,2026-05-15
華南台中,4700.0,1070,20,9302,3661,2026-05-15
華南台中,4710.0,10,7,9302,3661,2026-05-15
華南台中,4730.0,1053,0,9302,3661,2026-05-15
華南台中,4740.0,2,10,9302,3661,2026-05-15
華南台中,4630.0,5,0,9302,3661,2026-05-15
華南永昌,4775.0,2,10,9300,3661,2026-05-15
華南高雄,4790.0,10,0,9303,3661,2026-05-15
華南新莊,4620.0,3,0,9305,3661,2026-05-15
華南大安,4720.0,10,0,9307,3661,2026-05-15
華南大安,4770.0,40,0,9307,3661,2026-05-15
華南大安,4810.0,10,0,9307,3661,2026-05-15
華南大安,4840.0,0,1000,9307,3661,2026-05-15
華南麻豆,4600.0,0,50,9308,3661,2026-05-15
華南麻豆,4635.0,100,50,9308,3661,2026-05-15
華南麻豆,4650.0,1,0,9308,3661,2026-05-15
華南麻豆,4680.0,11,0,9308,3661,2026-05-15
華南麻豆,4690.0,4,0,9308,3661,2026-05-15
華南麻豆,4720.0,100,0,9308,3661,2026-05-15
華南麻豆,4750.0,10,0,9308,3661,2026-05-15
凱基汐止,4675.0,10,0,9226,3661,2026-05-15
華南麻豆,4760.0,1,0,9308,3661,2026-05-15
華南古亭,4615.0,1,0,9309,3661,2026-05-15
華南古亭,4600.0,100,0,9309,3661,2026-05-15
華南大安,4700.0,15,0,9307,3661,2026-05-15
華南大安,4675.0,20,0,9307,3661,2026-05-15
華南大安,4600.0,20,0,9307,3661,2026-05-15
華南台南,4840.0,10,0,9306,3661,2026-05-15
華南新莊,4670.0,5,0,9305,3661,2026-05-15
華南新莊,4680.0,25,0,9305,3661,2026-05-15
華南新莊,4690.0,15,0,9305,3661,2026-05-15
華南新莊,4700.0,30,0,9305,3661,2026-05-15
華南新莊,4720.0,5,0,9305,3661,2026-05-15
華南新莊,4740.0,10,0,9305,3661,2026-05-15
華南新莊,4770.0,10,0,9305,3661,2026-05-15
華南新莊,4610.0,10,0,9305,3661,2026-05-15
華南新莊,4800.0,1,0,9305,3661,2026-05-15
華南台南,4630.0,101,0,9306,3661,2026-05-15
華南台南,4660.0,1,90,9306,3661,2026-05-15
華南台南,4675.0,0,50,9306,3661,2026-05-15
華南台南,4700.0,10,0,9306,3661,2026-05-15
華南台南,4720.0,1,0,9306,3661,2026-05-15
華南台南,4740.0,0,1000,9306,3661,2026-05-15
華南台南,4760.0,1,0,9306,3661,2026-05-15
華南台南,4610.0,5,0,9306,3661,2026-05-15
華南永昌,4755.0,1,10,9300,3661,2026-05-15
華南永昌,4740.0,0,77,9300,3661,2026-05-15
華南永昌,4725.0,1000,10,9300,3661,2026-05-15
凱基北門,4660.0,4,0,9283,3661,2026-05-15
凱基北門,4670.0,4,0,9283,3661,2026-05-15
凱基北門,4680.0,4,0,9283,3661,2026-05-15
凱基北門,4690.0,2,0,9283,3661,2026-05-15
凱基北門,4700.0,7,0,9283,3661,2026-05-15
凱基北門,4710.0,2,0,9283,3661,2026-05-15
凱基北門,4720.0,2,0,9283,3661,2026-05-15
凱基北門,4730.0,2,100,9283,3661,2026-05-15
凱基北門,4750.0,0,75,9283,3661,2026-05-15
凱基北門,4845.0,1000,0,9283,3661,2026-05-15
凱基北門,4900.0,20,0,9283,3661,2026-05-15
凱基中壢,4605.0,0,1000,9285,3661,2026-05-15
凱基中壢,4635.0,20,0,9285,3661,2026-05-15
凱基中壢,4665.0,5,0,9285,3661,2026-05-15
凱基中壢,4675.0,0,6,9285,3661,2026-05-15
凱基北門,4650.0,4,50,9283,3661,2026-05-15
凱基北門,4640.0,4,0,9283,3661,2026-05-15
凱基北門,4630.0,4,0,9283,3661,2026-05-15
凱基北門,4615.0,4,25,9283,3661,2026-05-15
凱基鳳山,4900.0,0,1000,9274,3661,2026-05-15
凱基苗栗,4600.0,4,0,9276,3661,2026-05-15
凱基苗栗,4615.0,0,40,9276,3661,2026-05-15
凱基苗栗,4785.0,1,0,9276,3661,2026-05-15
凱基苗栗,4885.0,1,0,9276,3661,2026-05-15
凱基永康,4610.0,1,0,9278,3661,2026-05-15
凱基永康,4630.0,0,30,9278,3661,2026-05-15
凱基中壢,4700.0,6,0,9285,3661,2026-05-15
凱基永康,4645.0,5,0,9278,3661,2026-05-15
凱基永康,4665.0,2,0,9278,3661,2026-05-15
凱基永康,4685.0,5,16,9278,3661,2026-05-15
凱基永康,4710.0,1,0,9278,3661,2026-05-15
凱基永康,4735.0,1,0,9278,3661,2026-05-15
凱基永康,4775.0,6,0,9278,3661,2026-05-15
凱基永康,4810.0,0,2,9278,3661,2026-05-15
凱基北門,4600.0,14,1,9283,3661,2026-05-15
凱基永康,4655.0,3,40,9278,3661,2026-05-15
凱基中壢,4715.0,10,0,9285,3661,2026-05-15
凱基中壢,4730.0,1000,0,9285,3661,2026-05-15
凱基中壢,4750.0,3,0,9285,3661,2026-05-15
凱基頭份,4725.0,3,0,9296,3661,2026-05-15
凱基頭份,4785.0,1,0,9296,3661,2026-05-15
凱基頭份,4805.0,1,0,9296,3661,2026-05-15
凱基文心,4605.0,0,30,9297,3661,2026-05-15
凱基文心,4685.0,0,1000,9297,3661,2026-05-15
凱基文心,4805.0,1000,0,9297,3661,2026-05-15
華南永昌,4610.0,12,0,9300,3661,2026-05-15
凱基頭份,4685.0,10,0,9296,3661,2026-05-15
華南永昌,4620.0,1011,0,9300,3661,2026-05-15
華南永昌,4640.0,10,0,9300,3661,2026-05-15
華南永昌,4655.0,10,10,9300,3661,2026-05-15
華南永昌,4665.0,6000,0,9300,3661,2026-05-15
華南永昌,4675.0,71,0,9300,3661,2026-05-15
華南永昌,4695.0,1000,1000,9300,3661,2026-05-15
華南永昌,4705.0,11,0,9300,3661,2026-05-15
華南永昌,4715.0,1004,0,9300,3661,2026-05-15
華南永昌,4630.0,20,0,9300,3661,2026-05-15
凱基鳳山,4780.0,0,1000,9274,3661,2026-05-15
凱基大安,4775.0,100,0,9291,3661,2026-05-15
凱基興隆,4750.0,1,0,9289,3661,2026-05-15
凱基中壢,4795.0,2,0,9285,3661,2026-05-15
凱基內湖,4675.0,10,0,9287,3661,2026-05-15
凱基內湖,4705.0,0,1000,9287,3661,2026-05-15
凱基內湖,4800.0,10,0,9287,3661,2026-05-15
凱基內湖,4820.0,20,0,9287,3661,2026-05-15
凱基內湖,4975.0,1000,0,9287,3661,2026-05-15
凱基埔墘,4615.0,0,10,9288,3661,2026-05-15
凱基大安,4600.0,10,0,9291,3661,2026-05-15
凱基埔墘,4650.0,10,1010,9288,3661,2026-05-15
凱基埔墘,4700.0,1007,0,9288,3661,2026-05-15
凱基埔墘,4710.0,1,0,9288,3661,2026-05-15
凱基埔墘,4730.0,10,0,9288,3661,2026-05-15
凱基埔墘,4750.0,1,0,9288,3661,2026-05-15
凱基埔墘,4980.0,1000,0,9288,3661,2026-05-15
凱基興隆,4655.0,3,0,9289,3661,2026-05-15
凱基興隆,4685.0,0,5,9289,3661,2026-05-15
凱基埔墘,4680.0,2,0,9288,3661,2026-05-15
凱基汐止,4660.0,5,0,9226,3661,2026-05-15
凱基桃園,4650.0,5,0,9208,3661,2026-05-15
凱基汐止,4625.0,5,0,9226,3661,2026-05-15
凱基,4645.0,1000,0,9200,3661,2026-05-15
凱基,4655.0,1000,4000,9200,3661,2026-05-15
凱基,4670.0,1000,1000,9200,3661,2026-05-15
凱基,4680.0,1003,3000,9200,3661,2026-05-15
凱基,4700.0,4008,0,9200,3661,2026-05-15
凱基,4710.0,1000,0,9200,3661,2026-05-15
凱基,4720.0,4000,0,9200,3661,2026-05-15
凱基,4830.0,7,0,9200,3661,2026-05-15
凱基,4875.0,0,1000,9200,3661,2026-05-15
凱基中港,4610.0,1001,0,9202,3661,2026-05-15
凱基中港,4625.0,0,50,9202,3661,2026-05-15
凱基中港,4650.0,5,0,9202,3661,2026-05-15
凱基中港,4685.0,2,0,9202,3661,2026-05-15
凱基中港,4705.0,11,1000,9202,3661,2026-05-15
凱基中港,4720.0,10,0,9202,3661,2026-05-15
凱基,4625.0,0,1000,9200,3661,2026-05-15
凱基,4605.0,0,1000,9200,3661,2026-05-15
群益宜蘭,4825.0,5,0,918z,3661,2026-05-15
群益宜蘭,4795.0,0,30,918z,3661,2026-05-15
群益忠孝,4805.0,1001,0,918W,3661,2026-05-15
群益忠孝,4815.0,30,0,918W,3661,2026-05-15
群益忠孝,4825.0,0,3,918W,3661,2026-05-15
群益忠孝,4835.0,0,1000,918W,3661,2026-05-15
群益延平,4620.0,10,0,918x,3661,2026-05-15
群益延平,4680.0,15,0,918x,3661,2026-05-15
群益台北,4650.0,0,400,918X,3661,2026-05-15
凱基中港,4795.0,2,0,9202,3661,2026-05-15
群益台北,4675.0,1000,0,918X,3661,2026-05-15
群益台北,4860.0,20,0,918X,3661,2026-05-15
群益台北,4905.0,0,5000,918X,3661,2026-05-15
群益台北,4925.0,0,1000,918X,3661,2026-05-15
群益宜蘭,4620.0,0,1,918z,3661,2026-05-15
群益宜蘭,4635.0,0,1,918z,3661,2026-05-15
群益宜蘭,4660.0,10,0,918z,3661,2026-05-15
群益宜蘭,4730.0,10,0,918z,3661,2026-05-15
群益台北,4730.0,1000,0,918X,3661,2026-05-15
群益忠孝,4785.0,1,0,918W,3661,2026-05-15
凱基中港,4810.0,0,1,9202,3661,2026-05-15
凱基台中,4610.0,10,0,9204,3661,2026-05-15
凱基桃園,4660.0,1,0,9208,3661,2026-05-15
凱基桃園,4675.0,10,150,9208,3661,2026-05-15
凱基桃園,4685.0,10,0,9208,3661,2026-05-15
凱基桃園,4695.0,1,0,9208,3661,2026-05-15
凱基桃園,4705.0,10,0,9208,3661,2026-05-15
凱基桃園,4715.0,1,0,9208,3661,2026-05-15
凱基桃園,4735.0,1,0,9208,3661,2026-05-15
凱基桃園,4865.0,10,0,9208,3661,2026-05-15
凱基岡山,4630.0,1,0,9209,3661,2026-05-15
凱基岡山,4650.0,5,0,9209,3661,2026-05-15
凱基岡山,4680.0,10,0,9209,3661,2026-05-15
凱基岡山,4710.0,11,0,9209,3661,2026-05-15
凱基岡山,4885.0,10,0,9209,3661,2026-05-15
凱基板橋,4605.0,2,0,920A,3661,2026-05-15
凱基板橋,4710.0,5,0,920A,3661,2026-05-15
凱基桃園,4620.0,1,0,9208,3661,2026-05-15
凱基桃園,4610.0,50,0,9208,3661,2026-05-15
凱基永和,4790.0,20,0,9207,3661,2026-05-15
凱基高雄,4900.0,20,0,9206,3661,2026-05-15
凱基台中,4670.0,100,0,9204,3661,2026-05-15
凱基台中,4720.0,100,0,9204,3661,2026-05-15
凱基台中,4910.0,1000,0,9204,3661,2026-05-15
凱基三重,4625.0,100,0,9205,3661,2026-05-15
凱基三重,4650.0,30,0,9205,3661,2026-05-15
凱基三重,4680.0,10,0,9205,3661,2026-05-15
凱基三重,4700.0,5,0,9205,3661,2026-05-15
凱基中港,4830.0,0,100,9202,3661,2026-05-15
凱基三重,4730.0,1,0,9205,3661,2026-05-15
凱基高雄,4605.0,0,1010,9206,3661,2026-05-15
凱基高雄,4655.0,0,25,9206,3661,2026-05-15
凱基高雄,4705.0,10,0,9206,3661,2026-05-15
凱基高雄,4720.0,10,0,9206,3661,2026-05-15
凱基高雄,4730.0,1,0,9206,3661,2026-05-15
凱基高雄,4770.0,20,0,9206,3661,2026-05-15
凱基高雄,4870.0,0,1000,9206,3661,2026-05-15
凱基三重,4840.0,8,0,9205,3661,2026-05-15
群益忠孝,4770.0,1,0,918W,3661,2026-05-15
群益忠孝,4730.0,2,0,918W,3661,2026-05-15
群益忠孝,4710.0,2,0,918W,3661,2026-05-15
群益新店,4780.0,1,0,918F,3661,2026-05-15
群益大甲,4635.0,5,0,918g,3661,2026-05-15
群益大甲,4700.0,4,0,918g,3661,2026-05-15
群益大甲,4730.0,1,0,918g,3661,2026-05-15
群益大甲,4890.0,1000,0,918g,3661,2026-05-15
群益新莊,4630.0,10,0,918G,3661,2026-05-15
群益新莊,4720.0,0,100,918G,3661,2026-05-15
群益新莊,4775.0,0,1000,918G,3661,2026-05-15
群益新莊,4900.0,1000,0,918G,3661,2026-05-15
群益中山,4625.0,0,5,918H,3661,2026-05-15
群益中山,4670.0,1,0,918H,3661,2026-05-15
群益中山,4710.0,5,0,918H,3661,2026-05-15
群益中山,4785.0,5,0,918H,3661,2026-05-15
群益竹南,4615.0,5,0,918i,3661,2026-05-15
群益竹南,4700.0,5,0,918i,3661,2026-05-15
群益新店,4680.0,10,0,918F,3661,2026-05-15
群益南京,4965.0,0,1000,918E,3661,2026-05-15
群益南京,4705.0,10,0,918E,3661,2026-05-15
群益南京,4625.0,1000,0,918E,3661,2026-05-15
群益古亭,4765.0,50,0,918C,3661,2026-05-15
群益古亭,4840.0,0,10,918C,3661,2026-05-15
華南古亭,4635.0,0,1000,9309,3661,2026-05-15
群益內湖,4615.0,0,50,918d,3661,2026-05-15
群益內湖,4655.0,4,0,918d,3661,2026-05-15
群益內湖,4720.0,5,0,918d,3661,2026-05-15
群益東門,4600.0,1,0,918D,3661,2026-05-15
群益永和,4610.0,0,7000,918J,3661,2026-05-15
群益東門,4615.0,2,0,918D,3661,2026-05-15
群益東門,4710.0,0,100,918D,3661,2026-05-15
群益東門,4725.0,11,122,918D,3661,2026-05-15
群益東門,4740.0,5,0,918D,3661,2026-05-15
群益東門,4785.0,0,54,918D,3661,2026-05-15
群益東門,4830.0,0,2,918D,3661,2026-05-15
群益東門,4865.0,30,0,918D,3661,2026-05-15
群益大安,4730.0,0,1000,918e,3661,2026-05-15
群益東門,4690.0,10,0,918D,3661,2026-05-15
群益永和,4705.0,0,55,918J,3661,2026-05-15
群益永和,4740.0,13,0,918J,3661,2026-05-15
群益永和,4840.0,5,0,918J,3661,2026-05-15
群益丹鳳,4750.0,10,0,918s,3661,2026-05-15
群益瑞豐,4610.0,3,0,918u,3661,2026-05-15
群益瑞豐,4625.0,7,0,918u,3661,2026-05-15
群益瑞豐,4635.0,5,0,918u,3661,2026-05-15
群益瑞豐,4685.0,2,0,918u,3661,2026-05-15
群益瑞豐,4700.0,10,0,918u,3661,2026-05-15
群益瑞豐,4710.0,2,0,918u,3661,2026-05-15
群益丹鳳,4690.0,110,0,918s,3661,2026-05-15
群益瑞豐,4725.0,0,4,918u,3661,2026-05-15
群益瑞豐,4745.0,5,0,918u,3661,2026-05-15
群益瑞豐,4760.0,4,0,918u,3661,2026-05-15
群益瑞豐,4775.0,15,0,918u,3661,2026-05-15
群益瑞豐,4800.0,5,0,918u,3661,2026-05-15
群益瑞豐,4860.0,50,0,918u,3661,2026-05-15
群益忠孝,4615.0,21,0,918W,3661,2026-05-15
群益忠孝,4650.0,2,0,918W,3661,2026-05-15
群益瑞豐,4735.0,2,0,918u,3661,2026-05-15
凱基板橋,4730.0,1,0,920A,3661,2026-05-15
群益丹鳳,4620.0,20,0,918s,3661,2026-05-15
群益嘉義,4900.0,0,15,918M,3661,2026-05-15
群益東湖,4620.0,6,0,918K,3661,2026-05-15
群益東湖,4655.0,10,0,918K,3661,2026-05-15
群益東湖,4710.0,1005,0,918K,3661,2026-05-15
群益東湖,4725.0,1000,0,918K,3661,2026-05-15
群益東湖,4760.0,0,1000,918K,3661,2026-05-15
群益東湖,4835.0,1000,0,918K,3661,2026-05-15
群益東湖,4980.0,0,1000,918K,3661,2026-05-15
群益丹鳳,4600.0,6,0,918s,3661,2026-05-15
群益建成,4605.0,0,1001,918L,3661,2026-05-15
群益建成,4695.0,3,0,918L,3661,2026-05-15
群益建成,4730.0,0,1000,918L,3661,2026-05-15
群益建成,4890.0,0,2,918L,3661,2026-05-15
群益嘉義,4630.0,5,0,918M,3661,2026-05-15
群益嘉義,4675.0,0,1000,918M,3661,2026-05-15
群益嘉義,4705.0,5,0,918M,3661,2026-05-15
群益嘉義,4765.0,1,0,918M,3661,2026-05-15
群益建成,4665.0,1000,0,918L,3661,2026-05-15
凱基汐止,4650.0,5,0,9226,3661,2026-05-15
凱基雙和,4600.0,2,0,920C,3661,2026-05-15
凱基雙和,4735.0,1,0,920C,3661,2026-05-15
凱基民權,4700.0,17,10,921C,3661,2026-05-15
凱基民權,4715.0,10,0,921C,3661,2026-05-15
凱基民權,4725.0,2,0,921C,3661,2026-05-15
凱基民權,4745.0,11,0,921C,3661,2026-05-15
凱基民權,4760.0,2,0,921C,3661,2026-05-15
凱基民權,4780.0,0,10,921C,3661,2026-05-15
凱基民權,4800.0,5,11,921C,3661,2026-05-15
凱基民權,4835.0,0,10,921C,3661,2026-05-15
凱基民權,4910.0,10,0,921C,3661,2026-05-15
凱基三峽,4700.0,5,0,921E,3661,2026-05-15
凱基三峽,4750.0,10,0,921E,3661,2026-05-15
凱基三峽,4890.0,5,0,921E,3661,2026-05-15
凱基五股,4660.0,2,700,921G,3661,2026-05-15
凱基五股,4710.0,0,2000,921G,3661,2026-05-15
凱基五股,4740.0,1,0,921G,3661,2026-05-15
凱基民權,4685.0,0,10,921C,3661,2026-05-15
凱基民權,4670.0,1,0,921C,3661,2026-05-15
凱基民權,4655.0,0,42,921C,3661,2026-05-15
凱基民權,4630.0,0,10,921C,3661,2026-05-15
凱基高美,4955.0,1000,0,9215,3661,2026-05-15
凱基信義,4610.0,0,11,9216,3661,2026-05-15
凱基信義,4685.0,12,0,9216,3661,2026-05-15
凱基信義,4740.0,50,0,9216,3661,2026-05-15
凱基信義,4850.0,0,10,9216,3661,2026-05-15
凱基松山,4615.0,0,50,9217,3661,2026-05-15
凱基松山,4680.0,2,0,9217,3661,2026-05-15
凱基五股,4815.0,1,0,921G,3661,2026-05-15
凱基松山,4760.0,27,0,9217,3661,2026-05-15
凱基大直,4640.0,1,0,9218,3661,2026-05-15
凱基大直,4705.0,1000,0,9218,3661,2026-05-15
凱基大直,4735.0,3000,0,9218,3661,2026-05-15
凱基大直,4760.0,1,0,9218,3661,2026-05-15
凱基大直,4990.0,1000,0,9218,3661,2026-05-15
凱基民權,4605.0,60,10,921C,3661,2026-05-15
凱基民權,4615.0,3,0,921C,3661,2026-05-15
凱基大直,4600.0,0,10,9218,3661,2026-05-15
凱基高美,4800.0,10,0,9215,3661,2026-05-15
凱基土城,4600.0,21,0,921J,3661,2026-05-15
凱基土城,4650.0,5,0,921J,3661,2026-05-15
凱基新莊,4830.0,20,0,921S,3661,2026-05-15
凱基新莊,4860.0,20,0,921S,3661,2026-05-15
凱基東勢,4615.0,10,0,921Y,3661,2026-05-15
凱基東勢,4675.0,0,20,921Y,3661,2026-05-15
凱基東勢,4715.0,5,0,921Y,3661,2026-05-15
凱基豐中,4615.0,0,100,9223,3661,2026-05-15
凱基豐中,4665.0,1,0,9223,3661,2026-05-15
凱基豐中,4675.0,1,0,9223,3661,2026-05-15
凱基豐中,4685.0,1,0,9223,3661,2026-05-15
凱基豐中,4705.0,8,0,9223,3661,2026-05-15
凱基豐中,4780.0,20,0,9223,3661,2026-05-15
凱基豐中,4890.0,11,0,9223,3661,2026-05-15
凱基內埔,4650.0,0,100,9225,3661,2026-05-15
凱基內埔,4760.0,0,300,9225,3661,2026-05-15
凱基汐止,4615.0,5,0,9226,3661,2026-05-15
凱基新莊,4805.0,10,0,921S,3661,2026-05-15
凱基新莊,4765.0,0,20,921S,3661,2026-05-15
凱基新莊,4750.0,15,0,921S,3661,2026-05-15
凱基新莊,4710.0,5,0,921S,3661,2026-05-15
凱基土城,4665.0,2,0,921J,3661,2026-05-15
凱基土城,4675.0,1,0,921J,3661,2026-05-15
凱基土城,4700.0,7,0,921J,3661,2026-05-15
凱基土城,4715.0,0,70,921J,3661,2026-05-15
凱基土城,4730.0,1,0,921J,3661,2026-05-15
凱基土城,4745.0,5,0,921J,3661,2026-05-15
凱基土城,4795.0,3,0,921J,3661,2026-05-15
凱基土城,4610.0,0,1000,921J,3661,2026-05-15
凱基土城,4825.0,5,0,921J,3661,2026-05-15
凱基八德,4635.0,1000,0,921M,3661,2026-05-15
凱基八德,4670.0,100,0,921M,3661,2026-05-15
凱基八德,4700.0,10,0,921M,3661,2026-05-15
凱基新莊,4620.0,10,0,921S,3661,2026-05-15
凱基新莊,4650.0,8,0,921S,3661,2026-05-15
凱基新莊,4675.0,0,1000,921S,3661,2026-05-15
凱基新莊,4700.0,26,0,921S,3661,2026-05-15
凱基八德,4600.0,2,0,921M,3661,2026-05-15
凱基高美,4755.0,1000,0,9215,3661,2026-05-15
凱基高美,4725.0,3,0,9215,3661,2026-05-15
凱基高美,4715.0,0,22,9215,3661,2026-05-15
凱基彰化,4620.0,30,0,920G,3661,2026-05-15
凱基彰化,4685.0,50,0,920G,3661,2026-05-15
凱基彰化,4705.0,5,0,920G,3661,2026-05-15
凱基彰化,4715.0,0,1,920G,3661,2026-05-15
凱基彰化,4785.0,1,0,920G,3661,2026-05-15
凱基彰化,4895.0,0,20,920G,3661,2026-05-15
凱基基隆,4615.0,0,2,920H,3661,2026-05-15
凱基基隆,4650.0,0,60,920H,3661,2026-05-15
凱基基隆,4685.0,6,0,920H,3661,2026-05-15
凱基基隆,4705.0,0,7,920H,3661,2026-05-15
凱基基隆,4730.0,0,22,920H,3661,2026-05-15
凱基宜蘭,4600.0,20,0,920M,3661,2026-05-15
凱基宜蘭,4680.0,3,70,920M,3661,2026-05-15
凱基湖口,4685.0,25,0,920N,3661,2026-05-15
凱基湖口,4710.0,15,0,920N,3661,2026-05-15
凱基站前,4910.0,0,1000,920F,3661,2026-05-15
凱基站前,4860.0,0,1000,920F,3661,2026-05-15
凱基站前,4810.0,2,0,920F,3661,2026-05-15
凱基站前,4760.0,3,0,920F,3661,2026-05-15
凱基市府,4600.0,0,30,920D,3661,2026-05-15
凱基市府,4630.0,4,0,920D,3661,2026-05-15
凱基市府,4675.0,8,0,920D,3661,2026-05-15
凱基市府,4710.0,10,0,920D,3661,2026-05-15
凱基市府,4750.0,0,10,920D,3661,2026-05-15
凱基市府,4780.0,15,0,920D,3661,2026-05-15
凱基市府,4900.0,20,0,920D,3661,2026-05-15
凱基新店,4635.0,10,4,920V,3661,2026-05-15
凱基站前,4605.0,100,1000,920F,3661,2026-05-15
凱基站前,4635.0,0,5,920F,3661,2026-05-15
凱基站前,4650.0,10,0,920F,3661,2026-05-15
凱基站前,4675.0,11,0,920F,3661,2026-05-15
凱基站前,4700.0,15,1000,920F,3661,2026-05-15
凱基站前,4710.0,0,50,920F,3661,2026-05-15
凱基站前,4720.0,1,36,920F,3661,2026-05-15
凱基站前,4740.0,1,0,920F,3661,2026-05-15
凱基站前,4615.0,1,3,920F,3661,2026-05-15
凱基新店,4670.0,10,0,920V,3661,2026-05-15
凱基新店,4785.0,0,2,920V,3661,2026-05-15
凱基新店,4900.0,5,0,920V,3661,2026-05-15
凱基台南,4715.0,0,20,9211,3661,2026-05-15
凱基台南,4735.0,11,0,9211,3661,2026-05-15
凱基台南,4745.0,1,0,9211,3661,2026-05-15
凱基台南,4755.0,30,0,9211,3661,2026-05-15
凱基台南,4785.0,5,0,9211,3661,2026-05-15
凱基台南,4830.0,15,0,9211,3661,2026-05-15
凱基東港,4605.0,0,2,9212,3661,2026-05-15
凱基台南,4700.0,47,0,9211,3661,2026-05-15
凱基東港,4625.0,1000,0,9212,3661,2026-05-15
凱基東港,4705.0,3,0,9212,3661,2026-05-15
凱基東港,4715.0,0,5,9212,3661,2026-05-15
凱基東港,4820.0,50,0,9212,3661,2026-05-15
凱基高美,4620.0,0,10,9215,3661,2026-05-15
凱基高美,4635.0,1,20,9215,3661,2026-05-15
凱基高美,4670.0,4,0,9215,3661,2026-05-15
凱基高美,4700.0,27,630,9215,3661,2026-05-15
凱基東港,4660.0,5,0,9212,3661,2026-05-15
凱基雙和,4710.0,10,0,920C,3661,2026-05-15
凱基台南,4675.0,60,0,9211,3661,2026-05-15
凱基台南,4620.0,5,0,9211,3661,2026-05-15
凱基大里,4640.0,2,0,920W,3661,2026-05-15
凱基大里,4675.0,3,0,920W,3661,2026-05-15
凱基大里,4705.0,0,36,920W,3661,2026-05-15
凱基大里,4740.0,0,1,920W,3661,2026-05-15
凱基台東,4605.0,10,2000,920Z,3661,2026-05-15
凱基台東,4615.0,20,0,920Z,3661,2026-05-15
凱基台東,4630.0,2,0,920Z,3661,2026-05-15
凱基台南,4655.0,0,15,9211,3661,2026-05-15
凱基台東,4655.0,2,0,920Z,3661,2026-05-15
凱基台東,4690.0,50,0,920Z,3661,2026-05-15
凱基台東,4705.0,1,6,920Z,3661,2026-05-15
凱基台東,4715.0,6,0,920Z,3661,2026-05-15
凱基台東,4730.0,10,0,920Z,3661,2026-05-15
凱基台東,4750.0,1,0,920Z,3661,2026-05-15
凱基台東,4760.0,0,1,920Z,3661,2026-05-15
凱基台東,4790.0,15,0,920Z,3661,2026-05-15
凱基台東,4675.0,10,0,920Z,3661,2026-05-15
華南古亭,4705.0,1000,0,9309,3661,2026-05-15
富邦台北,4615.0,0,25,9623,3661,2026-05-15
華南古亭,4785.0,0,2000,9309,3661,2026-05-15
富邦竹科,4670.0,4,0,962C,3661,2026-05-15
富邦竹科,4685.0,11,0,962C,3661,2026-05-15
富邦竹科,4705.0,0,5,962C,3661,2026-05-15
富邦竹科,4715.0,5,0,962C,3661,2026-05-15
富邦竹科,4725.0,0,4,962C,3661,2026-05-15
富邦竹科,4735.0,35,0,962C,3661,2026-05-15
富邦竹科,4745.0,2,0,962C,3661,2026-05-15
富邦竹科,4775.0,0,2000,962C,3661,2026-05-15
富邦竹科,4785.0,1,4000,962C,3661,2026-05-15
富邦竹科,4830.0,0,3000,962C,3661,2026-05-15
富邦竹科,4905.0,0,1000,962C,3661,2026-05-15
富邦新莊,4600.0,0,5,962D,3661,2026-05-15
富邦新莊,4655.0,10,5,962D,3661,2026-05-15
富邦新莊,4670.0,5,0,962D,3661,2026-05-15
富邦新莊,4690.0,5,0,962D,3661,2026-05-15
富邦竹科,4660.0,9,0,962C,3661,2026-05-15
富邦竹科,4650.0,0,25,962C,3661,2026-05-15
富邦竹科,4630.0,5,0,962C,3661,2026-05-15
富邦竹科,4615.0,5,0,962C,3661,2026-05-15
富邦內湖,4870.0,11,0,9627,3661,2026-05-15
富邦內湖,4900.0,1,0,9627,3661,2026-05-15
富邦南港,4615.0,0,20,962A,3661,2026-05-15
富邦南港,4650.0,5,0,962A,3661,2026-05-15
富邦南港,4690.0,10,6,962A,3661,2026-05-15
富邦南港,4720.0,10,0,962A,3661,2026-05-15
富邦南港,4730.0,115,0,962A,3661,2026-05-15
富邦新莊,4705.0,5,0,962D,3661,2026-05-15
富邦南港,4770.0,3,0,962A,3661,2026-05-15
富邦二林,4610.0,0,10,962B,3661,2026-05-15
富邦二林,4680.0,10,0,962B,3661,2026-05-15
富邦二林,4690.0,5,0,962B,3661,2026-05-15
富邦二林,4700.0,25,0,962B,3661,2026-05-15
富邦二林,4730.0,10,0,962B,3661,2026-05-15
富邦二林,4755.0,5,0,962B,3661,2026-05-15
富邦竹科,4600.0,1,21,962C,3661,2026-05-15
富邦南港,4900.0,10,0,962A,3661,2026-05-15
富邦內湖,4840.0,11,0,9627,3661,2026-05-15
富邦新莊,4750.0,5,0,962D,3661,2026-05-15
富邦新莊,4890.0,2,0,962D,3661,2026-05-15
富邦三峽,4685.0,5,0,962J,3661,2026-05-15
富邦三峽,4735.0,50,0,962J,3661,2026-05-15
富邦三峽,4755.0,50,0,962J,3661,2026-05-15
富邦三峽,4780.0,50,0,962J,3661,2026-05-15
富邦三峽,4795.0,0,50,962J,3661,2026-05-15
富邦頭份,4600.0,1,10,962P,3661,2026-05-15
富邦頭份,4635.0,2,0,962P,3661,2026-05-15
富邦頭份,4655.0,1,0,962P,3661,2026-05-15
富邦頭份,4665.0,10,0,962P,3661,2026-05-15
富邦頭份,4685.0,1001,0,962P,3661,2026-05-15
富邦頭份,4705.0,0,7,962P,3661,2026-05-15
富邦頭份,4715.0,0,10,962P,3661,2026-05-15
富邦頭份,4745.0,0,3,962P,3661,2026-05-15
富邦頭份,4765.0,0,10,962P,3661,2026-05-15
富邦頭份,4785.0,100,30,962P,3661,2026-05-15
富邦三峽,4625.0,0,1000,962J,3661,2026-05-15
富邦三峽,4605.0,0,100,962J,3661,2026-05-15
富邦斗六,4700.0,12,20,962G,3661,2026-05-15
富邦斗六,4685.0,1,0,962G,3661,2026-05-15
富邦樹林,4625.0,12,0,962E,3661,2026-05-15
富邦樹林,4640.0,5,0,962E,3661,2026-05-15
富邦樹林,4660.0,2000,0,962E,3661,2026-05-15
富邦樹林,4670.0,10,0,962E,3661,2026-05-15
富邦樹林,4695.0,20,0,962E,3661,2026-05-15
富邦樹林,4705.0,5,5,962E,3661,2026-05-15
富邦樹林,4715.0,20,0,962E,3661,2026-05-15
富邦新莊,4780.0,50,0,962D,3661,2026-05-15
富邦樹林,4740.0,3,0,962E,3661,2026-05-15
富邦樹林,4790.0,15,0,962E,3661,2026-05-15
富邦樹林,4840.0,10,0,962E,3661,2026-05-15
富邦樹林,4880.0,10,0,962E,3661,2026-05-15
富邦斗六,4600.0,2,0,962G,3661,2026-05-15
富邦斗六,4615.0,1,0,962G,3661,2026-05-15
富邦斗六,4635.0,0,160,962G,3661,2026-05-15
富邦斗六,4675.0,10,0,962G,3661,2026-05-15
富邦樹林,4760.0,20,0,962E,3661,2026-05-15
富邦頭份,4800.0,0,20,962P,3661,2026-05-15
富邦內湖,4810.0,25,0,9627,3661,2026-05-15
富邦內湖,4770.0,10,0,9627,3661,2026-05-15
富邦花蓮,4735.0,5,0,9621,3661,2026-05-15
富邦花蓮,4755.0,0,20,9621,3661,2026-05-15
富邦花蓮,4775.0,0,50,9621,3661,2026-05-15
富邦花蓮,4790.0,0,1000,9621,3661,2026-05-15
富邦花蓮,4800.0,20,0,9621,3661,2026-05-15
富邦花蓮,4865.0,0,15,9621,3661,2026-05-15
富邦台北,4605.0,0,2000,9623,3661,2026-05-15
富邦台北,4625.0,0,3000,9623,3661,2026-05-15
富邦台北,4645.0,1,9000,9623,3661,2026-05-15
富邦台北,4655.0,54,0,9623,3661,2026-05-15
富邦台北,4665.0,25,0,9623,3661,2026-05-15
富邦台北,4675.0,20,3,9623,3661,2026-05-15
富邦台北,4685.0,55,0,9623,3661,2026-05-15
富邦台北,4695.0,5,0,9623,3661,2026-05-15
富邦台北,4705.0,60,5,9623,3661,2026-05-15
富邦花蓮,4725.0,20,0,9621,3661,2026-05-15
富邦花蓮,4715.0,5,39,9621,3661,2026-05-15
富邦花蓮,4685.0,15,0,9621,3661,2026-05-15
富邦花蓮,4625.0,0,10,9621,3661,2026-05-15
富邦南員,4675.0,10,10,961R,3661,2026-05-15
富邦南員,4700.0,1,0,961R,3661,2026-05-15
富邦南員,4710.0,0,20,961R,3661,2026-05-15
富邦南員,4850.0,5,0,961R,3661,2026-05-15
富邦屏東,4765.0,5,0,961Y,3661,2026-05-15
富邦屏東,4810.0,10,0,961Y,3661,2026-05-15
富邦屏東,4905.0,0,15,961Y,3661,2026-05-15
富邦台北,4715.0,21,0,9623,3661,2026-05-15
富邦永康,4610.0,1,0,961Z,3661,2026-05-15
富邦永康,4645.0,100,0,961Z,3661,2026-05-15
富邦永康,4670.0,50,0,961Z,3661,2026-05-15
富邦永康,4685.0,7,0,961Z,3661,2026-05-15
富邦永康,4705.0,33,1,961Z,3661,2026-05-15
富邦永康,4755.0,50,0,961Z,3661,2026-05-15
富邦永康,4785.0,0,2,961Z,3661,2026-05-15
富邦花蓮,4605.0,4,70,9621,3661,2026-05-15
富邦永康,4625.0,2,0,961Z,3661,2026-05-15
富邦內湖,4790.0,3,10,9627,3661,2026-05-15
富邦台北,4725.0,1002,0,9623,3661,2026-05-15
富邦台北,4745.0,30,0,9623,3661,2026-05-15
富邦竹北,4785.0,23,10,9624,3661,2026-05-15
富邦竹北,4860.0,7,0,9624,3661,2026-05-15
富邦竹東,4600.0,15,0,9625,3661,2026-05-15
富邦竹東,4670.0,50,0,9625,3661,2026-05-15
富邦竹東,4700.0,2,0,9625,3661,2026-05-15
富邦竹東,4715.0,10,0,9625,3661,2026-05-15
富邦竹東,4770.0,2,0,9625,3661,2026-05-15
富邦竹東,4900.0,50,0,9625,3661,2026-05-15
富邦內湖,4615.0,20,0,9627,3661,2026-05-15
富邦內湖,4635.0,9,0,9627,3661,2026-05-15
富邦內湖,4655.0,0,40,9627,3661,2026-05-15
富邦內湖,4700.0,1,0,9627,3661,2026-05-15
富邦內湖,4715.0,5,15,9627,3661,2026-05-15
富邦內湖,4725.0,15,3,9627,3661,2026-05-15
富邦內湖,4750.0,52,0,9627,3661,2026-05-15
富邦竹北,4760.0,0,50,9624,3661,2026-05-15
富邦竹北,4740.0,35,0,9624,3661,2026-05-15
富邦竹北,4710.0,1,0,9624,3661,2026-05-15
富邦竹北,4700.0,25,15,9624,3661,2026-05-15
富邦台北,4760.0,10,0,9623,3661,2026-05-15
富邦台北,4770.0,0,1000,9623,3661,2026-05-15
富邦台北,4790.0,20,0,9623,3661,2026-05-15
富邦台北,4800.0,31,0,9623,3661,2026-05-15
富邦台北,4820.0,1000,0,9623,3661,2026-05-15
富邦台北,4840.0,10,1000,9623,3661,2026-05-15
富邦台北,4850.0,0,10,9623,3661,2026-05-15
富邦台北,4735.0,4,0,9623,3661,2026-05-15
富邦台北,4880.0,2,158,9623,3661,2026-05-15
富邦台北,4915.0,0,1000,9623,3661,2026-05-15
富邦竹北,4600.0,0,10,9624,3661,2026-05-15
富邦竹北,4625.0,0,50,9624,3661,2026-05-15
富邦竹北,4635.0,10,0,9624,3661,2026-05-15
富邦竹北,4655.0,0,10,9624,3661,2026-05-15
富邦竹北,4675.0,1,0,9624,3661,2026-05-15
富邦竹北,4685.0,10,0,9624,3661,2026-05-15
富邦台北,4895.0,10,0,9623,3661,2026-05-15
富邦南員,4665.0,0,6,961R,3661,2026-05-15
富邦北高,4600.0,5,4,962Q,3661,2026-05-15
富邦北高,4675.0,1,0,962Q,3661,2026-05-15
富邦板橋,4735.0,11,0,9655,3661,2026-05-15
富邦板橋,4745.0,3,0,9655,3661,2026-05-15
富邦板橋,4755.0,1,10,9655,3661,2026-05-15
富邦板橋,4780.0,10,0,9655,3661,2026-05-15
富邦板橋,4795.0,10,0,9655,3661,2026-05-15
富邦板橋,4810.0,15,0,9655,3661,2026-05-15
富邦板橋,4820.0,10,0,9655,3661,2026-05-15
富邦板橋,4830.0,2,0,9655,3661,2026-05-15
富邦板橋,4890.0,0,10,9655,3661,2026-05-15
富邦板橋,4905.0,1000,0,9655,3661,2026-05-15
富邦苗栗,4605.0,1,0,9657,3661,2026-05-15
富邦苗栗,4615.0,14,0,9657,3661,2026-05-15
富邦苗栗,4650.0,1,0,9657,3661,2026-05-15
富邦苗栗,4670.0,10,0,9657,3661,2026-05-15
富邦苗栗,4705.0,15,0,9657,3661,2026-05-15
富邦板橋,4720.0,38,0,9655,3661,2026-05-15
富邦板橋,4710.0,41,0,9655,3661,2026-05-15
富邦板橋,4700.0,45,13,9655,3661,2026-05-15
富邦板橋,4685.0,15,0,9655,3661,2026-05-15
富邦永和,4710.0,14,0,9654,3661,2026-05-15
富邦永和,4735.0,7,0,9654,3661,2026-05-15
富邦永和,4750.0,5,0,9654,3661,2026-05-15
富邦永和,4800.0,0,470,9654,3661,2026-05-15
富邦永和,4810.0,1,0,9654,3661,2026-05-15
富邦永和,4830.0,300,0,9654,3661,2026-05-15
富邦永和,4880.0,1,0,9654,3661,2026-05-15
富邦苗栗,4725.0,5,0,9657,3661,2026-05-15
富邦板橋,4595.0,2,0,9655,3661,2026-05-15
富邦板橋,4615.0,2,0,9655,3661,2026-05-15
富邦板橋,4625.0,2,0,9655,3661,2026-05-15
富邦板橋,4635.0,5,4,9655,3661,2026-05-15
富邦板橋,4645.0,2,0,9655,3661,2026-05-15
富邦板橋,4655.0,66,100,9655,3661,2026-05-15
富邦板橋,4665.0,1,4,9655,3661,2026-05-15
富邦板橋,4675.0,7,11,9655,3661,2026-05-15
富邦板橋,4605.0,10,201,9655,3661,2026-05-15
富邦永和,4700.0,1007,22,9654,3661,2026-05-15
富邦苗栗,4755.0,1,0,9657,3661,2026-05-15
富邦建國,4610.0,10,0,9658,3661,2026-05-15
富邦高雄,4690.0,1,0,9659,3661,2026-05-15
富邦高雄,4700.0,6,0,9659,3661,2026-05-15
富邦高雄,4720.0,1,10,9659,3661,2026-05-15
富邦高雄,4740.0,5,0,9659,3661,2026-05-15
富邦高雄,4770.0,2,0,9659,3661,2026-05-15
富邦高雄,4835.0,1,0,9659,3661,2026-05-15
富邦高雄,4900.0,1,0,9659,3661,2026-05-15
富邦台中,4600.0,63,300,965K,3661,2026-05-15
富邦台中,4610.0,10,0,965K,3661,2026-05-15
富邦台中,4620.0,25,0,965K,3661,2026-05-15
富邦台中,4635.0,1,10,965K,3661,2026-05-15
富邦台中,4655.0,1,5,965K,3661,2026-05-15
富邦台中,4670.0,14,0,965K,3661,2026-05-15
群益古亭,4715.0,1030,0,918C,3661,2026-05-15
富邦台中,4680.0,21,0,965K,3661,2026-05-15
富邦高雄,4680.0,15,10,9659,3661,2026-05-15
富邦高雄,4640.0,11,0,9659,3661,2026-05-15
富邦高雄,4620.0,11,0,9659,3661,2026-05-15
富邦高雄,4610.0,5,30,9659,3661,2026-05-15
富邦建國,4620.0,1,1000,9658,3661,2026-05-15
富邦建國,4630.0,0,26,9658,3661,2026-05-15
富邦建國,4640.0,0,50,9658,3661,2026-05-15
富邦建國,4655.0,0,50,9658,3661,2026-05-15
富邦建國,4670.0,47,0,9658,3661,2026-05-15
富邦建國,4685.0,112,0,9658,3661,2026-05-15
富邦建國,4700.0,1067,0,9658,3661,2026-05-15
富邦建國,4600.0,75,0,9658,3661,2026-05-15
富邦建國,4715.0,15,3,9658,3661,2026-05-15
富邦建國,4745.0,33,0,9658,3661,2026-05-15
富邦建國,4770.0,6,0,9658,3661,2026-05-15
富邦建國,4790.0,25,0,9658,3661,2026-05-15
富邦建國,4800.0,34,0,9658,3661,2026-05-15
富邦建國,4825.0,15,0,9658,3661,2026-05-15
富邦建國,4855.0,0,35,9658,3661,2026-05-15
富邦高雄,4595.0,1,0,9659,3661,2026-05-15
富邦建國,4730.0,10,0,9658,3661,2026-05-15
富邦北高,4635.0,1,0,962Q,3661,2026-05-15
富邦永和,4685.0,2,5,9654,3661,2026-05-15
富邦永和,4660.0,10,0,9654,3661,2026-05-15
富邦中壢,4680.0,0,590,9636,3661,2026-05-15
富邦中壢,4695.0,25,0,9636,3661,2026-05-15
富邦中壢,4705.0,0,1,9636,3661,2026-05-15
富邦中壢,4715.0,8,11,9636,3661,2026-05-15
富邦中壢,4735.0,15,0,9636,3661,2026-05-15
富邦中壢,4760.0,1,10,9636,3661,2026-05-15
富邦中壢,4785.0,21,0,9636,3661,2026-05-15
富邦中壢,4800.0,6,0,9636,3661,2026-05-15
富邦中壢,4815.0,3,0,9636,3661,2026-05-15
富邦中壢,4865.0,0,5,9636,3661,2026-05-15
富邦八德,4600.0,6,0,963A,3661,2026-05-15
富邦八德,4620.0,1,0,963A,3661,2026-05-15
富邦八德,4630.0,1,0,963A,3661,2026-05-15
富邦八德,4655.0,21,0,963A,3661,2026-05-15
富邦八德,4680.0,0,10,963A,3661,2026-05-15
富邦中壢,4665.0,5,0,9636,3661,2026-05-15
富邦中壢,4630.0,10,43,9636,3661,2026-05-15
富邦中壢,4620.0,4,0,9636,3661,2026-05-15
富邦中壢,4610.0,10,5,9636,3661,2026-05-15
富邦北高,4700.0,15,0,962Q,3661,2026-05-15
富邦北高,4725.0,4,10,962Q,3661,2026-05-15
富邦北高,4750.0,1,0,962Q,3661,2026-05-15
富邦北高,4770.0,1,1000,962Q,3661,2026-05-15
富邦北高,4780.0,1,0,962Q,3661,2026-05-15
富邦羅東,4600.0,5,50,9634,3661,2026-05-15
富邦羅東,4630.0,20,0,9634,3661,2026-05-15
富邦八德,4710.0,1,0,963A,3661,2026-05-15
富邦羅東,4680.0,1100,5,9634,3661,2026-05-15
富邦羅東,4715.0,0,1000,9634,3661,2026-05-15
富邦羅東,4760.0,1000,0,9634,3661,2026-05-15
富邦羅東,4785.0,0,1,9634,3661,2026-05-15
富邦羅東,4805.0,0,2,9634,3661,2026-05-15
富邦羅東,4850.0,2,0,9634,3661,2026-05-15
富邦羅東,4900.0,0,10,9634,3661,2026-05-15
富邦中壢,4600.0,0,82,9636,3661,2026-05-15
富邦羅東,4700.0,1,0,9634,3661,2026-05-15
富邦永和,4675.0,0,250,9654,3661,2026-05-15
富邦八德,4770.0,0,10,963A,3661,2026-05-15
富邦八德,4810.0,25,0,963A,3661,2026-05-15
富邦新竹,4720.0,72,0,9647,3661,2026-05-15
富邦新竹,4735.0,10,0,9647,3661,2026-05-15
富邦新竹,4745.0,10,0,9647,3661,2026-05-15
富邦新竹,4755.0,2,0,9647,3661,2026-05-15
富邦新竹,4775.0,3,0,9647,3661,2026-05-15
富邦新竹,4785.0,22,60,9647,3661,2026-05-15
富邦新竹,4800.0,0,1,9647,3661,2026-05-15
富邦新竹,4820.0,2,0,9647,3661,2026-05-15
富邦新竹,4860.0,1000,0,9647,3661,2026-05-15
富邦新竹,4870.0,12,30,9647,3661,2026-05-15
富邦新竹,4900.0,100,0,9647,3661,2026-05-15
富邦永和,4600.0,26,0,9654,3661,2026-05-15
富邦永和,4610.0,11,0,9654,3661,2026-05-15
富邦永和,4625.0,3,6,9654,3661,2026-05-15
富邦永和,4640.0,101,0,9654,3661,2026-05-15
富邦新竹,4710.0,150,50,9647,3661,2026-05-15
富邦新竹,4700.0,1,0,9647,3661,2026-05-15
富邦新竹,4690.0,0,22,9647,3661,2026-05-15
富邦新竹,4680.0,15,16,9647,3661,2026-05-15
富邦八德,4855.0,0,10,963A,3661,2026-05-15
富邦八德,4910.0,4,0,963A,3661,2026-05-15
富邦八德,4985.0,0,1000,963A,3661,2026-05-15
富邦豐原,4595.0,1,0,963L,3661,2026-05-15
富邦豐原,4620.0,5,2000,963L,3661,2026-05-15
富邦豐原,4650.0,5,0,963L,3661,2026-05-15
富邦豐原,4685.0,1,0,963L,3661,2026-05-15
富邦八德,4780.0,6,0,963A,3661,2026-05-15
富邦豐原,4710.0,5,0,963L,3661,2026-05-15
富邦豐原,4835.0,1000,0,963L,3661,2026-05-15
富邦新竹,4600.0,11,1070,9647,3661,2026-05-15
富邦新竹,4625.0,0,100,9647,3661,2026-05-15
富邦新竹,4635.0,11,0,9647,3661,2026-05-15
富邦新竹,4650.0,7,100,9647,3661,2026-05-15
富邦新竹,4660.0,0,11,9647,3661,2026-05-15
富邦新竹,4670.0,12,20,9647,3661,2026-05-15
富邦豐原,4750.0,11,0,963L,3661,2026-05-15
富邦南員,4635.0,20,0,961R,3661,2026-05-15
富邦南員,4600.0,5,0,961R,3661,2026-05-15
富邦和美,4850.0,0,1000,961P,3661,2026-05-15
華南世貿,4615.0,5,0,9334,3661,2026-05-15
華南世貿,4655.0,5,0,9334,3661,2026-05-15
華南世貿,4715.0,10,0,9334,3661,2026-05-15
華南世貿,4740.0,10,0,9334,3661,2026-05-15
華南內壢,4605.0,0,30,9337,3661,2026-05-15
華南內壢,4615.0,0,60,9337,3661,2026-05-15
華南內壢,4670.0,2,0,9337,3661,2026-05-15
華南內壢,4685.0,25,0,9337,3661,2026-05-15
華南內壢,4710.0,25,0,9337,3661,2026-05-15
華南內壢,4730.0,25,0,9337,3661,2026-05-15
華南內壢,4750.0,2,0,9337,3661,2026-05-15
華南竹北,4600.0,1,0,9339,3661,2026-05-15
華南竹北,4685.0,10,0,9339,3661,2026-05-15
華南竹北,4775.0,1000,0,9339,3661,2026-05-15
華南頭份,4605.0,0,95,9343,3661,2026-05-15
華南長虹,4980.0,0,1000,9333,3661,2026-05-15
華南長虹,4805.0,1,0,9333,3661,2026-05-15
華南長虹,4760.0,0,1000,9333,3661,2026-05-15
華南長虹,4745.0,1,0,9333,3661,2026-05-15
華南朴子,4910.0,1000,0,9329,3661,2026-05-15
華南鳳山,4615.0,0,200,9331,3661,2026-05-15
華南鳳山,4645.0,1,0,9331,3661,2026-05-15
華南鳳山,4665.0,0,2000,9331,3661,2026-05-15
華南鳳山,4700.0,33,0,9331,3661,2026-05-15
華南鳳山,4715.0,42,0,9331,3661,2026-05-15
華南楠梓,4685.0,1,0,9332,3661,2026-05-15
華南頭份,4625.0,0,25,9343,3661,2026-05-15
華南楠梓,4705.0,0,1,9332,3661,2026-05-15
華南楠梓,4800.0,1,0,9332,3661,2026-05-15
華南楠梓,4905.0,0,1000,9332,3661,2026-05-15
華南長虹,4610.0,0,4,9333,3661,2026-05-15
華南長虹,4630.0,1000,0,9333,3661,2026-05-15
華南長虹,4670.0,1000,0,9333,3661,2026-05-15
華南長虹,4700.0,0,1000,9333,3661,2026-05-15
華南長虹,4720.0,11,0,9333,3661,2026-05-15
華南楠梓,4720.0,15,0,9332,3661,2026-05-15
華南朴子,4890.0,0,2,9329,3661,2026-05-15
華南頭份,4650.0,150,0,9343,3661,2026-05-15
華南頭份,4700.0,100,100,9343,3661,2026-05-15
華南中正,4600.0,3,0,9359,3661,2026-05-15
華南中正,4620.0,3,0,9359,3661,2026-05-15
華南中正,4630.0,10,0,9359,3661,2026-05-15
華南中正,4665.0,1000,0,9359,3661,2026-05-15
華南中正,4675.0,0,6,9359,3661,2026-05-15
華南中正,4720.0,3,0,9359,3661,2026-05-15
華南中正,4775.0,1,0,9359,3661,2026-05-15
華南中正,4825.0,1,0,9359,3661,2026-05-15
華南中正,4990.0,0,1000,9359,3661,2026-05-15
華南苗栗,4610.0,0,2,9362,3661,2026-05-15
華南苗栗,4655.0,2,0,9362,3661,2026-05-15
華南苗栗,4675.0,1,0,9362,3661,2026-05-15
華南苗栗,4705.0,0,1010,9362,3661,2026-05-15
華南苗栗,4720.0,0,1000,9362,3661,2026-05-15
華南苗栗,4750.0,2,0,9362,3661,2026-05-15
華南東勢,4885.0,0,1,9358,3661,2026-05-15
華南東勢,4865.0,0,2,9358,3661,2026-05-15
華南東勢,4825.0,0,3,9358,3661,2026-05-15
華南東勢,4710.0,10,0,9358,3661,2026-05-15
華南頭份,4715.0,50,0,9343,3661,2026-05-15
華南頭份,4730.0,200,0,9343,3661,2026-05-15
華南頭份,4805.0,100,0,9343,3661,2026-05-15
華南敦南,4615.0,10,0,9347,3661,2026-05-15
華南敦南,4700.0,20,0,9347,3661,2026-05-15
華南板橋,4670.0,30,0,9349,3661,2026-05-15
華南板橋,4695.0,20,0,9349,3661,2026-05-15
華南頭份,4680.0,100,0,9343,3661,2026-05-15
華南板橋,4705.0,10,0,9349,3661,2026-05-15
華南板橋,4805.0,1000,0,9349,3661,2026-05-15
華南板橋,4990.0,1000,0,9349,3661,2026-05-15
華南桃園,4650.0,5,0,9352,3661,2026-05-15
華南桃園,4680.0,5,0,9352,3661,2026-05-15
華南桃園,4705.0,5,0,9352,3661,2026-05-15
華南東勢,4600.0,1,0,9358,3661,2026-05-15
華南東勢,4650.0,5,0,9358,3661,2026-05-15
華南板橋,4755.0,6,0,9349,3661,2026-05-15
華南苗栗,4785.0,1,0,9362,3661,2026-05-15
華南朴子,4800.0,3,0,9329,3661,2026-05-15
華南朴子,4660.0,0,1000,9329,3661,2026-05-15
華南林口,4655.0,22,0,9317,3661,2026-05-15
華南林口,4680.0,22,0,9317,3661,2026-05-15
華南林口,4700.0,60,0,9317,3661,2026-05-15
華南林口,4725.0,51,0,9317,3661,2026-05-15
華南林口,4780.0,50,0,9317,3661,2026-05-15
華南林口,4800.0,10,0,9317,3661,2026-05-15
華南鶯歌,4600.0,15,0,9319,3661,2026-05-15
華南鶯歌,4630.0,4,0,9319,3661,2026-05-15
華南鶯歌,4665.0,1,0,9319,3661,2026-05-15
華南鶯歌,4685.0,10,0,9319,3661,2026-05-15
華南鶯歌,4720.0,3,0,9319,3661,2026-05-15
華南鶯歌,4750.0,2,0,9319,3661,2026-05-15
華南基隆,4600.0,20,0,9322,3661,2026-05-15
華南基隆,4635.0,3,0,9322,3661,2026-05-15
華南基隆,4690.0,1,0,9322,3661,2026-05-15
華南林口,4605.0,1010,0,9317,3661,2026-05-15
華南淡水,4740.0,5,0,9316,3661,2026-05-15
華南淡水,4710.0,5,0,9316,3661,2026-05-15
華南淡水,4670.0,2,0,9316,3661,2026-05-15
華南古亭,4880.0,1000,0,9309,3661,2026-05-15
華南民權,4600.0,10,0,9312,3661,2026-05-15
華南民權,4635.0,100,0,9312,3661,2026-05-15
華南民權,4660.0,10,0,9312,3661,2026-05-15
華南民權,4690.0,15,0,9312,3661,2026-05-15
華南民權,4705.0,5,0,9312,3661,2026-05-15
華南民權,4715.0,0,10,9312,3661,2026-05-15
華南基隆,4705.0,0,1,9322,3661,2026-05-15
華南民權,4760.0,100,0,9312,3661,2026-05-15
華南嘉義,4610.0,1,0,9314,3661,2026-05-15
華南嘉義,4685.0,10,0,9314,3661,2026-05-15
華南嘉義,4720.0,0,10,9314,3661,2026-05-15
華南嘉義,4750.0,10,0,9314,3661,2026-05-15
華南大甲,4700.0,1,0,9315,3661,2026-05-15
華南淡水,4605.0,0,113,9316,3661,2026-05-15
華南淡水,4655.0,1,0,9316,3661,2026-05-15
華南民權,4980.0,1000,0,9312,3661,2026-05-15
華南朴子,4700.0,2,0,9329,3661,2026-05-15
華南基隆,4730.0,1001,0,9322,3661,2026-05-15
華南基隆,4800.0,6,0,9322,3661,2026-05-15
華南南京,4700.0,11,0,9326,3661,2026-05-15
華南南京,4760.0,5,100,9326,3661,2026-05-15
華南南京,4785.0,1000,0,9326,3661,2026-05-15
華南南京,4820.0,2,0,9326,3661,2026-05-15
華南南京,4860.0,1001,0,9326,3661,2026-05-15
華南南京,4895.0,0,291,9326,3661,2026-05-15
華南斗六,4600.0,15,0,9327,3661,2026-05-15
華南斗六,4675.0,0,13,9327,3661,2026-05-15
華南斗六,4730.0,2,0,9327,3661,2026-05-15
華南潮州,4600.0,0,2,9328,3661,2026-05-15
華南潮州,4615.0,2,0,9328,3661,2026-05-15
華南潮州,4705.0,1,20,9328,3661,2026-05-15
華南潮州,4755.0,0,50,9328,3661,2026-05-15
華南潮州,4855.0,0,5,9328,3661,2026-05-15
華南朴子,4625.0,0,50,9329,3661,2026-05-15
華南南京,4690.0,10,0,9326,3661,2026-05-15
華南南京,4655.0,1000,0,9326,3661,2026-05-15
華南南京,4645.0,0,1000,9326,3661,2026-05-15
華南南京,4630.0,0,1000,9326,3661,2026-05-15
華南基隆,4810.0,1,0,9322,3661,2026-05-15
華南小港,4620.0,0,2,9323,3661,2026-05-15
華南小港,4635.0,1,0,9323,3661,2026-05-15
華南小港,4690.0,50,0,9323,3661,2026-05-15
華南小港,4710.0,1010,7,9323,3661,2026-05-15
華南小港,4725.0,2,0,9323,3661,2026-05-15
華南小港,4800.0,20,0,9323,3661,2026-05-15
華南基隆,4755.0,0,1000,9322,3661,2026-05-15
華南岡山,4610.0,0,1000,9324,3661,2026-05-15
華南岡山,4715.0,1,0,9324,3661,2026-05-15
華南岡山,4745.0,0,10,9324,3661,2026-05-15
華南岡山,4785.0,1,0,9324,3661,2026-05-15
華南岡山,4915.0,1000,0,9324,3661,2026-05-15
華南忠孝,4625.0,9,0,9325,3661,2026-05-15
華南忠孝,4720.0,2,0,9325,3661,2026-05-15
華南南京,4610.0,15,0,9326,3661,2026-05-15
華南岡山,4645.0,10,0,9324,3661,2026-05-15
華南彰化,4600.0,50,0,9363,3661,2026-05-15
華南彰化,4625.0,50,0,9363,3661,2026-05-15
華南彰化,4700.0,15,20,9363,3661,2026-05-15
富邦公益,4670.0,2,0,961F,3661,2026-05-15
富邦公益,4680.0,5,0,961F,3661,2026-05-15
富邦公益,4700.0,64,5,961F,3661,2026-05-15
富邦公益,4710.0,13,0,961F,3661,2026-05-15
富邦公益,4720.0,100,0,961F,3661,2026-05-15
富邦公益,4735.0,1,1000,961F,3661,2026-05-15
富邦公益,4755.0,1000,0,961F,3661,2026-05-15
富邦公益,4785.0,10,1000,961F,3661,2026-05-15
富邦公益,4800.0,1,150,961F,3661,2026-05-15
富邦新板,4605.0,11,0,961H,3661,2026-05-15
富邦新板,4625.0,1,0,961H,3661,2026-05-15
富邦新板,4670.0,10,0,961H,3661,2026-05-15
富邦新板,4685.0,10,0,961H,3661,2026-05-15
富邦新板,4705.0,55,0,961H,3661,2026-05-15
富邦新板,4725.0,10,0,961H,3661,2026-05-15
富邦公益,4660.0,50,0,961F,3661,2026-05-15
富邦公益,4650.0,103,40,961F,3661,2026-05-15
富邦公益,4640.0,5,0,961F,3661,2026-05-15
富邦公益,4615.0,0,1000,961F,3661,2026-05-15
富邦岡山,4760.0,2,0,9616,3661,2026-05-15
富邦岡山,4825.0,1000,0,9616,3661,2026-05-15
富邦南京,4605.0,0,15,961C,3661,2026-05-15
富邦南京,4615.0,10,0,961C,3661,2026-05-15
富邦南京,4630.0,0,20,961C,3661,2026-05-15
富邦南京,4650.0,53,0,961C,3661,2026-05-15
富邦南京,4660.0,12,0,961C,3661,2026-05-15
富邦新板,4735.0,10,20,961H,3661,2026-05-15
富邦南京,4675.0,11,0,961C,3661,2026-05-15
富邦南京,4700.0,328,9,961C,3661,2026-05-15
富邦南京,4730.0,1,0,961C,3661,2026-05-15
富邦南京,4745.0,11,0,961C,3661,2026-05-15
富邦南京,4755.0,2,0,961C,3661,2026-05-15
富邦南京,4790.0,1,10,961C,3661,2026-05-15
富邦南京,4805.0,1,0,961C,3661,2026-05-15
富邦南京,4915.0,1000,0,961C,3661,2026-05-15
富邦南京,4685.0,6,0,961C,3661,2026-05-15
富邦岡山,4730.0,0,2,9616,3661,2026-05-15
富邦新板,4780.0,10,0,961H,3661,2026-05-15
富邦七賢,4610.0,0,124,961K,3661,2026-05-15
富邦青埔,4650.0,0,10,961N,3661,2026-05-15
富邦青埔,4680.0,1,0,961N,3661,2026-05-15
富邦青埔,4700.0,11,0,961N,3661,2026-05-15
富邦青埔,4710.0,1000,0,961N,3661,2026-05-15
富邦青埔,4720.0,0,62,961N,3661,2026-05-15
富邦青埔,4755.0,0,3,961N,3661,2026-05-15
富邦青埔,4840.0,1,10,961N,3661,2026-05-15
富邦青埔,4910.0,198,0,961N,3661,2026-05-15
富邦和美,4605.0,10,0,961P,3661,2026-05-15
富邦和美,4660.0,52,0,961P,3661,2026-05-15
富邦和美,4680.0,15,0,961P,3661,2026-05-15
富邦和美,4700.0,1000,0,961P,3661,2026-05-15
富邦和美,4710.0,2,0,961P,3661,2026-05-15
富邦和美,4740.0,1000,0,961P,3661,2026-05-15
富邦和美,4760.0,1001,0,961P,3661,2026-05-15
富邦青埔,4615.0,2,0,961N,3661,2026-05-15
富邦木柵,4990.0,1000,0,961M,3661,2026-05-15
富邦木柵,4840.0,0,10,961M,3661,2026-05-15
富邦木柵,4810.0,0,10,961M,3661,2026-05-15
富邦七賢,4680.0,1,0,961K,3661,2026-05-15
富邦七賢,4715.0,10,0,961K,3661,2026-05-15
富邦七賢,4725.0,7,0,961K,3661,2026-05-15
富邦七賢,4760.0,10,0,961K,3661,2026-05-15
富邦七賢,4790.0,0,1,961K,3661,2026-05-15
富邦七賢,4900.0,1,0,961K,3661,2026-05-15
富邦七賢,4915.0,0,10,961K,3661,2026-05-15
富邦新板,4800.0,0,140,961H,3661,2026-05-15
富邦木柵,4610.0,0,28,961M,3661,2026-05-15
富邦木柵,4650.0,2,0,961M,3661,2026-05-15
富邦木柵,4685.0,1,0,961M,3661,2026-05-15
富邦木柵,4710.0,22,0,961M,3661,2026-05-15
富邦木柵,4730.0,6,1000,961M,3661,2026-05-15
富邦木柵,4745.0,1,3,961M,3661,2026-05-15
富邦木柵,4755.0,10,0,961M,3661,2026-05-15
富邦木柵,4790.0,100,7,961M,3661,2026-05-15
富邦木柵,4620.0,2,0,961M,3661,2026-05-15
富邦岡山,4710.0,1,0,9616,3661,2026-05-15
富邦岡山,4700.0,0,4,9616,3661,2026-05-15
富邦岡山,4665.0,0,1000,9616,3661,2026-05-15
華南東昇,4735.0,3,0,9386,3661,2026-05-15
富邦,4600.0,1,2,9600,3661,2026-05-15
富邦,4625.0,10,0,9600,3661,2026-05-15
富邦,4660.0,1000,1,9600,3661,2026-05-15
富邦,4680.0,14,1000,9600,3661,2026-05-15
富邦,4705.0,0,210,9600,3661,2026-05-15
富邦,4720.0,2,1504,9600,3661,2026-05-15
富邦,4735.0,0,500,9600,3661,2026-05-15
富邦,4750.0,1,1500,9600,3661,2026-05-15
富邦,4760.0,1000,1000,9600,3661,2026-05-15
富邦,4780.0,232,0,9600,3661,2026-05-15
富邦,4815.0,0,82,9600,3661,2026-05-15
富邦,4840.0,2,0,9600,3661,2026-05-15
富邦,4850.0,0,1,9600,3661,2026-05-15
富邦,4890.0,0,5,9600,3661,2026-05-15
華南東昇,4635.0,5,0,9386,3661,2026-05-15
華南東昇,4610.0,2,0,9386,3661,2026-05-15
華南虎尾,4780.0,3,0,9377,3661,2026-05-15
華南虎尾,4710.0,66,0,9377,3661,2026-05-15
華南彰化,4715.0,3,0,9363,3661,2026-05-15
華南彰化,4785.0,3,0,9363,3661,2026-05-15
華南彰化,4800.0,1000,0,9363,3661,2026-05-15
華南豐原,4605.0,0,3,9366,3661,2026-05-15
華南豐原,4650.0,20,0,9366,3661,2026-05-15
華南豐原,4690.0,1,0,9366,3661,2026-05-15
華南豐原,4705.0,50,0,9366,3661,2026-05-15
富邦,4985.0,0,1000,9600,3661,2026-05-15
華南豐原,4720.0,2,0,9366,3661,2026-05-15
華南三重,4650.0,2,0,9369,3661,2026-05-15
華南三重,4690.0,0,1000,9369,3661,2026-05-15
華南三重,4855.0,0,1000,9369,3661,2026-05-15
華南虎尾,4620.0,0,15,9377,3661,2026-05-15
華南虎尾,4635.0,0,5,9377,3661,2026-05-15
華南虎尾,4655.0,1,0,9377,3661,2026-05-15
華南虎尾,4695.0,1,0,9377,3661,2026-05-15
華南三重,4600.0,2,0,9369,3661,2026-05-15
富邦陽明,4600.0,20,0,9604,3661,2026-05-15
富邦陽明,4610.0,11,0,9604,3661,2026-05-15
富邦陽明,4620.0,6,0,9604,3661,2026-05-15
富邦陽明,4915.0,1000,0,9604,3661,2026-05-15
富邦陽明,4980.0,3000,0,9604,3661,2026-05-15
富邦陽明,4990.0,2000,0,9604,3661,2026-05-15
富邦台東,4650.0,110,0,9608,3661,2026-05-15
富邦台東,4690.0,10,0,9608,3661,2026-05-15
富邦台東,4810.0,100,0,9608,3661,2026-05-15
富邦基隆,4615.0,6,8,9614,3661,2026-05-15
富邦陽明,4905.0,0,20,9604,3661,2026-05-15
富邦基隆,4635.0,1,0,9614,3661,2026-05-15
富邦基隆,4700.0,10,0,9614,3661,2026-05-15
富邦基隆,4715.0,1,0,9614,3661,2026-05-15
富邦基隆,4735.0,10,0,9614,3661,2026-05-15
富邦基隆,4770.0,1,0,9614,3661,2026-05-15
富邦基隆,4800.0,10,0,9614,3661,2026-05-15
富邦岡山,4600.0,65,0,9616,3661,2026-05-15
富邦岡山,4650.0,1,0,9616,3661,2026-05-15
富邦基隆,4685.0,20,0,9614,3661,2026-05-15
華南古亭,4720.0,5,0,9309,3661,2026-05-15
富邦陽明,4890.0,6,0,9604,3661,2026-05-15
富邦陽明,4825.0,50,0,9604,3661,2026-05-15
富邦陽明,4630.0,11,0,9604,3661,2026-05-15
富邦陽明,4640.0,100,0,9604,3661,2026-05-15
富邦陽明,4650.0,0,160,9604,3661,2026-05-15
富邦陽明,4660.0,111,20,9604,3661,2026-05-15
富邦陽明,4670.0,20,0,9604,3661,2026-05-15
富邦陽明,4685.0,17,0,9604,3661,2026-05-15
富邦陽明,4695.0,2,20,9604,3661,2026-05-15
富邦陽明,4865.0,0,10,9604,3661,2026-05-15
富邦陽明,4705.0,100,35,9604,3661,2026-05-15
富邦陽明,4725.0,20,0,9604,3661,2026-05-15
富邦陽明,4735.0,3,0,9604,3661,2026-05-15
富邦陽明,4745.0,12,0,9604,3661,2026-05-15
富邦陽明,4755.0,1,0,9604,3661,2026-05-15
富邦陽明,4770.0,51,0,9604,3661,2026-05-15
富邦陽明,4780.0,7,0,9604,3661,2026-05-15
富邦陽明,4800.0,21,0,9604,3661,2026-05-15
富邦陽明,4715.0,2,21,9604,3661,2026-05-15
群益古亭,4660.0,10,0,918C,3661,2026-05-15
陽信,4650.0,1005,0,8710,3661,2026-05-15
群益古亭,4605.0,15,0,918C,3661,2026-05-15
京城嘉義,4695.0,1,0,8492,3661,2026-05-15
京城嘉義,4750.0,0,100,8492,3661,2026-05-15
京城嘉義,4780.0,1,0,8492,3661,2026-05-15
京城嘉義,4790.0,0,100,8492,3661,2026-05-15
京城嘉義,4830.0,1000,0,8492,3661,2026-05-15
中農,4605.0,0,2020,8520,3661,2026-05-15
中農,4625.0,0,1002,8520,3661,2026-05-15
中農,4680.0,200,20,8520,3661,2026-05-15
中農,4715.0,0,20,8520,3661,2026-05-15
中農,4735.0,0,20,8520,3661,2026-05-15
新光,4600.0,1048,1087,8560,3661,2026-05-15
新光,4610.0,17,1000,8560,3661,2026-05-15
新光,4620.0,2,20,8560,3661,2026-05-15
新光,4630.0,71,3009,8560,3661,2026-05-15
新光,4640.0,2,0,8560,3661,2026-05-15
京城嘉義,4655.0,1,0,8492,3661,2026-05-15
京城嘉義,4625.0,1,0,8492,3661,2026-05-15
京城嘉義,4600.0,10,0,8492,3661,2026-05-15
京城,4915.0,1000,0,8490,3661,2026-05-15
康和仁愛,4795.0,1,0,845F,3661,2026-05-15
康和仁愛,4815.0,2,0,845F,3661,2026-05-15
康和高雄,4615.0,12,0,845J,3661,2026-05-15
康和高雄,4705.0,10,0,845J,3661,2026-05-15
康和高雄,4715.0,0,20,845J,3661,2026-05-15
康和高雄,4800.0,5,0,845J,3661,2026-05-15
康和石牌,4605.0,1000,0,845R,3661,2026-05-15
新光,4650.0,49,244,8560,3661,2026-05-15
康和石牌,4785.0,10,0,845R,3661,2026-05-15
康和台北,4650.0,3,0,845U,3661,2026-05-15
康和台北,4675.0,0,5,845U,3661,2026-05-15
康和台北,4700.0,1,0,845U,3661,2026-05-15
京城,4685.0,10,0,8490,3661,2026-05-15
京城,4705.0,0,100,8490,3661,2026-05-15
京城,4825.0,20,0,8490,3661,2026-05-15
京城,4845.0,0,9,8490,3661,2026-05-15
康和南崁,4890.0,0,100,845S,3661,2026-05-15
康和仁愛,4765.0,10,0,845F,3661,2026-05-15
新光,4660.0,6,0,8560,3661,2026-05-15
新光,4680.0,49,16,8560,3661,2026-05-15
新光台中,4595.0,12,0,8561,3661,2026-05-15
新光台中,4605.0,60,28,8561,3661,2026-05-15
新光台中,4615.0,0,6,8561,3661,2026-05-15
新光台中,4625.0,5,12,8561,3661,2026-05-15
新光台中,4635.0,25,0,8561,3661,2026-05-15
新光台中,4645.0,0,31,8561,3661,2026-05-15
新光台中,4655.0,0,30,8561,3661,2026-05-15
新光台中,4665.0,7,0,8561,3661,2026-05-15
新光台中,4675.0,1,0,8561,3661,2026-05-15
新光台中,4685.0,14,0,8561,3661,2026-05-15
新光台中,4695.0,2,25,8561,3661,2026-05-15
新光台中,4705.0,21,1,8561,3661,2026-05-15
新光台中,4715.0,1,10,8561,3661,2026-05-15
新光台中,4725.0,26,0,8561,3661,2026-05-15
新光台中,4735.0,33,0,8561,3661,2026-05-15
新光,4905.0,1000,0,8560,3661,2026-05-15
新光,4890.0,0,2,8560,3661,2026-05-15
新光,4880.0,1,0,8560,3661,2026-05-15
新光,4870.0,10,0,8560,3661,2026-05-15
新光,4690.0,113,110,8560,3661,2026-05-15
新光,4700.0,353,6005,8560,3661,2026-05-15
新光,4710.0,3,0,8560,3661,2026-05-15
新光,4720.0,58,94,8560,3661,2026-05-15
新光,4730.0,1015,0,8560,3661,2026-05-15
新光,4740.0,43,0,8560,3661,2026-05-15
新光,4750.0,4078,0,8560,3661,2026-05-15
新光,4670.0,51,0,8560,3661,2026-05-15
新光,4760.0,24,0,8560,3661,2026-05-15
新光,4790.0,2,0,8560,3661,2026-05-15
新光,4800.0,1000,0,8560,3661,2026-05-15
新光,4815.0,1000,1000,8560,3661,2026-05-15
新光,4825.0,2,0,8560,3661,2026-05-15
新光,4835.0,19,0,8560,3661,2026-05-15
新光,4850.0,10,0,8560,3661,2026-05-15
新光,4860.0,29,0,8560,3661,2026-05-15
新光,4780.0,1031,5,8560,3661,2026-05-15
新光台中,4745.0,5,0,8561,3661,2026-05-15
康和仁愛,4750.0,10,0,845F,3661,2026-05-15
康和仁愛,4615.0,1,0,845F,3661,2026-05-15
摩根大通,4710.0,3788,1300,8440,3661,2026-05-15
摩根大通,4720.0,4295,5558,8440,3661,2026-05-15
摩根大通,4730.0,358,12166,8440,3661,2026-05-15
摩根大通,4745.0,0,703,8440,3661,2026-05-15
摩根大通,4755.0,0,2305,8440,3661,2026-05-15
摩根大通,4765.0,0,572,8440,3661,2026-05-15
摩根大通,4775.0,1380,1000,8440,3661,2026-05-15
摩根大通,4790.0,203,2115,8440,3661,2026-05-15
摩根大通,4800.0,300,4376,8440,3661,2026-05-15
摩根大通,4810.0,0,1145,8440,3661,2026-05-15
摩根大通,4820.0,0,1295,8440,3661,2026-05-15
摩根大通,4830.0,494,447,8440,3661,2026-05-15
摩根大通,4840.0,160,1000,8440,3661,2026-05-15
摩根大通,4855.0,388,73,8440,3661,2026-05-15
摩根大通,4865.0,361,14,8440,3661,2026-05-15
摩根大通,4700.0,6394,3600,8440,3661,2026-05-15
摩根大通,4690.0,2103,153,8440,3661,2026-05-15
摩根大通,4680.0,2112,9562,8440,3661,2026-05-15
摩根大通,4670.0,4205,1354,8440,3661,2026-05-15
國票安和,4695.0,1,0,779Z,3661,2026-05-15
國票安和,4730.0,1,0,779Z,3661,2026-05-15
國票安和,4790.0,2,0,779Z,3661,2026-05-15
國票安和,4820.0,1000,0,779Z,3661,2026-05-15
安泰,4630.0,2,0,8380,3661,2026-05-15
安泰,4680.0,2,0,8380,3661,2026-05-15
安泰大發,4760.0,0,10,8381,3661,2026-05-15
摩根大通,4885.0,1000,0,8440,3661,2026-05-15
安泰大發,4800.0,0,20,8381,3661,2026-05-15
摩根大通,4600.0,56,2000,8440,3661,2026-05-15
摩根大通,4610.0,1000,6600,8440,3661,2026-05-15
摩根大通,4620.0,1300,131,8440,3661,2026-05-15
摩根大通,4630.0,3732,2163,8440,3661,2026-05-15
摩根大通,4640.0,2000,2000,8440,3661,2026-05-15
摩根大通,4650.0,1000,499,8440,3661,2026-05-15
摩根大通,4660.0,0,300,8440,3661,2026-05-15
安泰楠梓,4650.0,1,0,8382,3661,2026-05-15
康和仁愛,4680.0,5,0,845F,3661,2026-05-15
摩根大通,4895.0,0,1000,8440,3661,2026-05-15
摩根大通,4915.0,0,6304,8440,3661,2026-05-15
康和嘉義,4670.0,0,124,8459,3661,2026-05-15
康和嘉義,4780.0,10,0,8459,3661,2026-05-15
康和嘉義,4830.0,1000,0,8459,3661,2026-05-15
康和內湖,4610.0,381,738,845A,3661,2026-05-15
康和內湖,4630.0,266,0,845A,3661,2026-05-15
康和內湖,4725.0,1,0,845A,3661,2026-05-15
康和永和,4730.0,10,0,845B,3661,2026-05-15
康和板橋,4670.0,1,0,845D,3661,2026-05-15
康和板橋,4715.0,0,1000,845D,3661,2026-05-15
康和板橋,4820.0,1000,0,845D,3661,2026-05-15
康和板橋,4835.0,0,8,845D,3661,2026-05-15
康和板橋,4855.0,0,8,845D,3661,2026-05-15
康和澎湖,4630.0,0,4,845E,3661,2026-05-15
康和澎湖,4730.0,20,0,845E,3661,2026-05-15
康和澎湖,4770.0,10,0,845E,3661,2026-05-15
康和台南,4700.0,16,0,8458,3661,2026-05-15
康和台南,4640.0,10,0,8458,3661,2026-05-15
康和新竹,4715.0,0,31,8456,3661,2026-05-15
康和新竹,4655.0,0,50,8456,3661,2026-05-15
摩根大通,4950.0,0,5000,8440,3661,2026-05-15
摩根大通,4980.0,0,4000,8440,3661,2026-05-15
摩根大通,4990.0,1000,7000,8440,3661,2026-05-15
康和,4615.0,11,0,8450,3661,2026-05-15
康和,4700.0,10,0,8450,3661,2026-05-15
康和,4745.0,0,20,8450,3661,2026-05-15
康和,4775.0,0,30,8450,3661,2026-05-15
摩根大通,4905.0,117,1074,8440,3661,2026-05-15
康和延平,4700.0,10,0,8451,3661,2026-05-15
康和延平,4785.0,25,0,8451,3661,2026-05-15
康和台中,4605.0,0,1,8455,3661,2026-05-15
康和台中,4635.0,0,110,8455,3661,2026-05-15
康和台中,4680.0,0,50,8455,3661,2026-05-15
康和台中,4710.0,4,0,8455,3661,2026-05-15
康和台中,4745.0,0,1000,8455,3661,2026-05-15
康和台中,4890.0,0,10,8455,3661,2026-05-15
康和延平,4735.0,20,0,8451,3661,2026-05-15
國票安和,4670.0,0,1000,779Z,3661,2026-05-15
新光台中,4755.0,11,0,8561,3661,2026-05-15
新光台中,4785.0,5,20,8561,3661,2026-05-15
陽信,4675.0,0,1000,8710,3661,2026-05-15
陽信,4900.0,1000,0,8710,3661,2026-05-15
陽信石牌,4635.0,0,1000,8711,3661,2026-05-15
陽信石牌,4700.0,1000,0,8711,3661,2026-05-15
陽信石牌,4790.0,0,10,8711,3661,2026-05-15
陽信高雄,4650.0,0,21,8713,3661,2026-05-15
玉山,4600.0,33,0,8840,3661,2026-05-15
玉山,4610.0,1,1000,8840,3661,2026-05-15
玉山,4620.0,0,10,8840,3661,2026-05-15
玉山,4630.0,28,0,8840,3661,2026-05-15
玉山,4640.0,1,0,8840,3661,2026-05-15
玉山,4650.0,102,0,8840,3661,2026-05-15
玉山,4660.0,63,0,8840,3661,2026-05-15
玉山,4670.0,1038,0,8840,3661,2026-05-15
玉山,4680.0,100,0,8840,3661,2026-05-15
陽信,4605.0,0,1000,8710,3661,2026-05-15
聯邦台南,4790.0,2,0,8588,3661,2026-05-15
聯邦台南,4710.0,1,0,8588,3661,2026-05-15
聯邦台南,4615.0,3,0,8588,3661,2026-05-15
聯邦嘉義,4705.0,0,3,8582,3661,2026-05-15
聯邦忠孝,4610.0,10,0,8583,3661,2026-05-15
聯邦忠孝,4660.0,4,0,8583,3661,2026-05-15
聯邦忠孝,4695.0,1,0,8583,3661,2026-05-15
聯邦忠孝,4720.0,2,0,8583,3661,2026-05-15
聯邦忠孝,4755.0,1,0,8583,3661,2026-05-15
聯邦雙和,4740.0,3,0,8584,3661,2026-05-15
玉山,4690.0,0,12,8840,3661,2026-05-15
聯邦三重,4620.0,3,0,8585,3661,2026-05-15
聯邦三重,4785.0,6000,0,8585,3661,2026-05-15
聯邦大業,4610.0,6,0,8586,3661,2026-05-15
聯邦大業,4705.0,1,0,8586,3661,2026-05-15
聯邦興中,4615.0,30,0,8587,3661,2026-05-15
聯邦興中,4695.0,2,0,8587,3661,2026-05-15
聯邦興中,4710.0,1,0,8587,3661,2026-05-15
聯邦台南,4600.0,3,0,8588,3661,2026-05-15
聯邦三重,4635.0,1,0,8585,3661,2026-05-15
聯邦嘉義,4610.0,1,0,8582,3661,2026-05-15
玉山,4700.0,1050,1050,8840,3661,2026-05-15
玉山,4720.0,0,31,8840,3661,2026-05-15
玉山新莊,4665.0,10,1000,8842,3661,2026-05-15
玉山新莊,4675.0,22,5,8842,3661,2026-05-15
玉山新莊,4685.0,22,0,8842,3661,2026-05-15
玉山新莊,4705.0,95,0,8842,3661,2026-05-15
玉山新莊,4715.0,1,0,8842,3661,2026-05-15
玉山新莊,4740.0,20,0,8842,3661,2026-05-15
玉山新莊,4760.0,0,55,8842,3661,2026-05-15
玉山新莊,4785.0,0,30,8842,3661,2026-05-15
玉山新莊,4810.0,5,0,8842,3661,2026-05-15
玉山新莊,4875.0,200,0,8842,3661,2026-05-15
玉山新莊,4985.0,0,1000,8842,3661,2026-05-15
玉山高雄,4610.0,11,0,8843,3661,2026-05-15
玉山高雄,4635.0,3,0,8843,3661,2026-05-15
玉山高雄,4645.0,1,0,8843,3661,2026-05-15
玉山高雄,4655.0,1004,0,8843,3661,2026-05-15
玉山新莊,4655.0,3,0,8842,3661,2026-05-15
玉山新莊,4625.0,2,0,8842,3661,2026-05-15
玉山新莊,4610.0,12,0,8842,3661,2026-05-15
玉山新莊,4600.0,7,40,8842,3661,2026-05-15
玉山,4730.0,5,0,8840,3661,2026-05-15
玉山,4745.0,1,0,8840,3661,2026-05-15
玉山,4760.0,11,0,8840,3661,2026-05-15
玉山,4780.0,1000,0,8840,3661,2026-05-15
玉山,4790.0,1,1000,8840,3661,2026-05-15
玉山,4800.0,106,0,8840,3661,2026-05-15
玉山,4815.0,10,0,8840,3661,2026-05-15
玉山,4710.0,13,100,8840,3661,2026-05-15
玉山,4835.0,2,0,8840,3661,2026-05-15
玉山,4910.0,0,10,8840,3661,2026-05-15
玉山雙和,4605.0,10,0,8841,3661,2026-05-15
玉山雙和,4620.0,0,2,8841,3661,2026-05-15
玉山雙和,4650.0,2,30,8841,3661,2026-05-15
玉山雙和,4675.0,0,8,8841,3661,2026-05-15
玉山雙和,4685.0,1,0,8841,3661,2026-05-15
玉山雙和,4785.0,5,0,8841,3661,2026-05-15
玉山,4845.0,0,1,8840,3661,2026-05-15
新光台中,4770.0,1,10,8561,3661,2026-05-15
聯邦高雄,4800.0,5,0,8581,3661,2026-05-15
聯邦高雄,4630.0,0,1000,8581,3661,2026-05-15
新光高雄,4840.0,1016,0,8562,3661,2026-05-15
新光高雄,4880.0,12,0,8562,3661,2026-05-15
新光高雄,4985.0,0,1000,8562,3661,2026-05-15
新光新竹,4605.0,0,60,8563,3661,2026-05-15
新光新竹,4615.0,24,50,8563,3661,2026-05-15
新光新竹,4625.0,25,0,8563,3661,2026-05-15
新光新竹,4635.0,0,40,8563,3661,2026-05-15
新光新竹,4675.0,0,1000,8563,3661,2026-05-15
新光新竹,4690.0,30,1023,8563,3661,2026-05-15
新光新竹,4700.0,1101,0,8563,3661,2026-05-15
新光新竹,4715.0,50,1000,8563,3661,2026-05-15
新光新竹,4735.0,0,1305,8563,3661,2026-05-15
新光新竹,4755.0,1000,100,8563,3661,2026-05-15
新光新竹,4765.0,0,1000,8563,3661,2026-05-15
新光新竹,4790.0,0,1000,8563,3661,2026-05-15
新光高雄,4800.0,20,80,8562,3661,2026-05-15
新光高雄,4780.0,1000,0,8562,3661,2026-05-15
新光高雄,4760.0,1,0,8562,3661,2026-05-15
新光高雄,4745.0,57,0,8562,3661,2026-05-15
新光台中,4795.0,10,0,8561,3661,2026-05-15
新光台中,4805.0,5,10,8561,3661,2026-05-15
新光台中,4815.0,0,105,8561,3661,2026-05-15
新光台中,4835.0,12,0,8561,3661,2026-05-15
新光台中,4845.0,40,10,8561,3661,2026-05-15
新光台中,4865.0,10,10,8561,3661,2026-05-15
新光台中,4890.0,0,30,8561,3661,2026-05-15
新光新竹,4805.0,0,5,8563,3661,2026-05-15
新光高雄,4605.0,10,0,8562,3661,2026-05-15
新光高雄,4630.0,1000,0,8562,3661,2026-05-15
新光高雄,4660.0,50,0,8562,3661,2026-05-15
新光高雄,4675.0,50,30,8562,3661,2026-05-15
新光高雄,4685.0,5,0,8562,3661,2026-05-15
新光高雄,4700.0,52,0,8562,3661,2026-05-15
新光高雄,4710.0,41,34,8562,3661,2026-05-15
新光高雄,4725.0,10,0,8562,3661,2026-05-15
新光高雄,4615.0,22,70,8562,3661,2026-05-15
聯邦高雄,4715.0,5,0,8581,3661,2026-05-15
新光新竹,4825.0,10,0,8563,3661,2026-05-15
新光新竹,4990.0,1000,0,8563,3661,2026-05-15
新光桃園,4680.0,26,102,8565,3661,2026-05-15
新光桃園,4690.0,10,0,8565,3661,2026-05-15
新光桃園,4700.0,17,6,8565,3661,2026-05-15
新光桃園,4710.0,41,0,8565,3661,2026-05-15
新光桃園,4720.0,5,30,8565,3661,2026-05-15
新光桃園,4730.0,24,5,8565,3661,2026-05-15
新光桃園,4745.0,10,0,8565,3661,2026-05-15
新光桃園,4755.0,0,2,8565,3661,2026-05-15
新光桃園,4785.0,10,0,8565,3661,2026-05-15
新光桃園,4810.0,25,1,8565,3661,2026-05-15
新光桃園,4855.0,5,0,8565,3661,2026-05-15
新光桃園,4890.0,0,60,8565,3661,2026-05-15
新光桃園,4915.0,0,5,8565,3661,2026-05-15
聯邦,4725.0,10,0,8580,3661,2026-05-15
聯邦高雄,4605.0,5,0,8581,3661,2026-05-15
新光桃園,4660.0,31,0,8565,3661,2026-05-15
新光桃園,4650.0,5,46,8565,3661,2026-05-15
新光桃園,4635.0,0,12,8565,3661,2026-05-15
新光桃園,4620.0,50,10,8565,3661,2026-05-15
新光台南,4605.0,10,2007,8564,3661,2026-05-15
新光台南,4615.0,0,5,8564,3661,2026-05-15
新光台南,4635.0,0,50,8564,3661,2026-05-15
新光台南,4655.0,1,0,8564,3661,2026-05-15
新光台南,4675.0,30,0,8564,3661,2026-05-15
新光台南,4685.0,53,0,8564,3661,2026-05-15
新光台南,4700.0,60,0,8564,3661,2026-05-15
新光新竹,4900.0,10,0,8563,3661,2026-05-15
新光台南,4710.0,0,40,8564,3661,2026-05-15
新光台南,4755.0,1000,0,8564,3661,2026-05-15
新光台南,4765.0,0,20,8564,3661,2026-05-15
新光台南,4800.0,10,0,8564,3661,2026-05-15
新光台南,4830.0,0,3,8564,3661,2026-05-15
新光台南,4855.0,20,0,8564,3661,2026-05-15
新光台南,4875.0,0,100,8564,3661,2026-05-15
新光桃園,4600.0,20,0,8565,3661,2026-05-15
新光台南,4720.0,10,5,8564,3661,2026-05-15
國票安和,4635.0,0,7,779Z,3661,2026-05-15
國票安和,4605.0,6,1000,779Z,3661,2026-05-15
國票博愛,4805.0,0,1000,779z,3661,2026-05-15
兆豐員林,4650.0,1,0,700k,3661,2026-05-15
兆豐員林,4680.0,0,84,700k,3661,2026-05-15
兆豐員林,4710.0,23,0,700k,3661,2026-05-15
兆豐員林,4730.0,5,0,700k,3661,2026-05-15
兆豐員林,4820.0,2,0,700k,3661,2026-05-15
兆豐員林,4900.0,0,5,700k,3661,2026-05-15
兆豐新營,4610.0,5,0,700K,3661,2026-05-15
兆豐新營,4675.0,2,0,700K,3661,2026-05-15
兆豐新營,4710.0,1,0,700K,3661,2026-05-15
兆豐新營,4795.0,5,0,700K,3661,2026-05-15
兆豐天母,4600.0,5,0,700L,3661,2026-05-15
兆豐天母,4650.0,2,0,700L,3661,2026-05-15
兆豐天母,4700.0,0,50,700L,3661,2026-05-15
兆豐天母,4760.0,2,0,700L,3661,2026-05-15
兆豐天母,4805.0,2,0,700L,3661,2026-05-15
兆豐員林,4610.0,5,0,700k,3661,2026-05-15
兆豐公益,4800.0,0,5,700J,3661,2026-05-15
兆豐公益,4735.0,20,2000,700J,3661,2026-05-15
兆豐公益,4710.0,0,2000,700J,3661,2026-05-15
兆豐北高,4620.0,0,200,700I,3661,2026-05-15
兆豐北高,4685.0,5,0,700I,3661,2026-05-15
兆豐北高,4695.0,10,0,700I,3661,2026-05-15
兆豐北高,4715.0,2,0,700I,3661,2026-05-15
兆豐北高,4725.0,10,0,700I,3661,2026-05-15
兆豐北高,4745.0,1,0,700I,3661,2026-05-15
兆豐北高,4770.0,10,0,700I,3661,2026-05-15
兆豐天母,4815.0,50,0,700L,3661,2026-05-15
兆豐北高,4815.0,0,10,700I,3661,2026-05-15
兆豐大安,4705.0,1000,0,700j,3661,2026-05-15
兆豐大安,4785.0,20,5,700j,3661,2026-05-15
兆豐公益,4600.0,0,2000,700J,3661,2026-05-15
兆豐公益,4620.0,0,1000,700J,3661,2026-05-15
兆豐公益,4670.0,0,3000,700J,3661,2026-05-15
兆豐公益,4680.0,2000,2000,700J,3661,2026-05-15
兆豐公益,4695.0,0,1000,700J,3661,2026-05-15
兆豐大安,4630.0,0,5,700j,3661,2026-05-15
兆豐北高,4605.0,5,0,700I,3661,2026-05-15
兆豐桃園,4715.0,7,0,700M,3661,2026-05-15
兆豐埔墘,4605.0,10,2000,700N,3661,2026-05-15
兆豐寶成,4900.0,68,0,700r,3661,2026-05-15
兆豐小港,4625.0,1,0,700R,3661,2026-05-15
兆豐小港,4650.0,100,0,700R,3661,2026-05-15
兆豐小港,4700.0,5,200,700R,3661,2026-05-15
兆豐小港,4740.0,0,10,700R,3661,2026-05-15
兆豐小港,4790.0,1,0,700R,3661,2026-05-15
兆豐小港,4815.0,0,10,700R,3661,2026-05-15
兆豐小港,4900.0,0,2,700R,3661,2026-05-15
兆豐岡山,4635.0,10,0,700s,3661,2026-05-15
兆豐岡山,4670.0,0,1000,700s,3661,2026-05-15
兆豐岡山,4705.0,2,0,700s,3661,2026-05-15
兆豐岡山,4745.0,10,0,700s,3661,2026-05-15
兆豐大同,4680.0,1,0,700S,3661,2026-05-15
兆豐大同,4720.0,0,200,700S,3661,2026-05-15
兆豐桃鶯,4610.0,1,0,700U,3661,2026-05-15
兆豐寶成,4825.0,1,0,700r,3661,2026-05-15
兆豐寶成,4790.0,0,4,700r,3661,2026-05-15
兆豐寶成,4775.0,0,2,700r,3661,2026-05-15
兆豐寶成,4740.0,1,0,700r,3661,2026-05-15
兆豐埔墘,4700.0,1000,0,700N,3661,2026-05-15
兆豐復興,4620.0,5,0,700p,3661,2026-05-15
兆豐復興,4675.0,1,0,700p,3661,2026-05-15
兆豐復興,4695.0,5,0,700p,3661,2026-05-15
兆豐復興,4710.0,2,0,700p,3661,2026-05-15
兆豐復興,4810.0,1,0,700p,3661,2026-05-15
兆豐復興,4900.0,1,50,700p,3661,2026-05-15
兆豐桃園,4835.0,1000,0,700M,3661,2026-05-15
兆豐復興,5000.0,1000,0,700p,3661,2026-05-15
兆豐南京,4700.0,0,1070,700P,3661,2026-05-15
兆豐寶成,4600.0,7,0,700r,3661,2026-05-15
兆豐寶成,4615.0,5,0,700r,3661,2026-05-15
兆豐寶成,4670.0,1,0,700r,3661,2026-05-15
兆豐寶成,4685.0,1,0,700r,3661,2026-05-15
兆豐寶成,4695.0,1,0,700r,3661,2026-05-15
兆豐寶成,4710.0,6,0,700r,3661,2026-05-15
兆豐南京,4630.0,0,1000,700P,3661,2026-05-15
兆豐桃鶯,4670.0,0,10,700U,3661,2026-05-15
兆豐松德,4730.0,3,0,700i,3661,2026-05-15
兆豐松德,4685.0,3,0,700i,3661,2026-05-15
兆豐中壢,4650.0,2,0,700b,3661,2026-05-15
兆豐中壢,4700.0,10,0,700b,3661,2026-05-15
兆豐中壢,4740.0,1,0,700b,3661,2026-05-15
兆豐中壢,4840.0,0,1000,700b,3661,2026-05-15
兆豐板橋,4605.0,1,0,700B,3661,2026-05-15
兆豐板橋,4625.0,20,0,700B,3661,2026-05-15
兆豐板橋,4655.0,0,4,700B,3661,2026-05-15
兆豐板橋,4690.0,1,0,700B,3661,2026-05-15
兆豐板橋,4720.0,5,0,700B,3661,2026-05-15
兆豐板橋,4760.0,1000,0,700B,3661,2026-05-15
兆豐板橋,4900.0,0,20,700B,3661,2026-05-15
兆豐來福,4600.0,10,0,700C,3661,2026-05-15
兆豐來福,4660.0,0,5,700C,3661,2026-05-15
兆豐來福,4680.0,20,0,700C,3661,2026-05-15
兆豐來福,4710.0,4,0,700C,3661,2026-05-15
兆豐忠孝,5000.0,0,2000,700a,3661,2026-05-15
兆豐忠孝,4850.0,2000,0,700a,3661,2026-05-15
兆豐忠孝,4825.0,0,50,700a,3661,2026-05-15
兆豐忠孝,4805.0,0,50,700a,3661,2026-05-15
富邦台中,4690.0,1000,0,965K,3661,2026-05-15
兆豐竹北,4785.0,1,0,7007,3661,2026-05-15
兆豐三重,4605.0,10,0,7008,3661,2026-05-15
兆豐三重,4625.0,1,0,7008,3661,2026-05-15
兆豐三重,4650.0,1020,0,7008,3661,2026-05-15
兆豐三重,4670.0,1,0,7008,3661,2026-05-15
兆豐三重,4685.0,2,0,7008,3661,2026-05-15
兆豐來福,4780.0,10,0,700C,3661,2026-05-15
兆豐三重,4705.0,1,0,7008,3661,2026-05-15
兆豐忠孝,4600.0,1000,0,700a,3661,2026-05-15
兆豐忠孝,4610.0,0,1000,700a,3661,2026-05-15
兆豐忠孝,4650.0,2,0,700a,3661,2026-05-15
兆豐忠孝,4690.0,50,0,700a,3661,2026-05-15
兆豐忠孝,4710.0,1,0,700a,3661,2026-05-15
兆豐忠孝,4735.0,10,0,700a,3661,2026-05-15
兆豐忠孝,4750.0,0,4,700a,3661,2026-05-15
兆豐三重,4735.0,40,0,7008,3661,2026-05-15
兆豐松德,4705.0,1,0,700i,3661,2026-05-15
兆豐彰化,4610.0,5,0,700d,3661,2026-05-15
兆豐彰化,4720.0,50,0,700d,3661,2026-05-15
兆豐南門,4840.0,0,1000,700g,3661,2026-05-15
兆豐南門,4870.0,0,1056,700g,3661,2026-05-15
兆豐南門,4915.0,1000,100,700g,3661,2026-05-15
兆豐麻豆,4705.0,10,0,700G,3661,2026-05-15
兆豐麻豆,4810.0,30,0,700G,3661,2026-05-15
兆豐三民,4610.0,50,0,700h,3661,2026-05-15
兆豐三民,4730.0,5,1000,700h,3661,2026-05-15
兆豐三民,4785.0,100,0,700h,3661,2026-05-15
兆豐三民,4860.0,0,15,700h,3661,2026-05-15
兆豐三民,4905.0,0,40,700h,3661,2026-05-15
兆豐東門,4650.0,0,50,700H,3661,2026-05-15
兆豐東門,4745.0,2,0,700H,3661,2026-05-15
兆豐東門,4835.0,5,0,700H,3661,2026-05-15
兆豐松德,4615.0,0,60,700i,3661,2026-05-15
兆豐松德,4630.0,0,1000,700i,3661,2026-05-15
兆豐南門,4825.0,5,0,700g,3661,2026-05-15
兆豐南門,4795.0,1000,50,700g,3661,2026-05-15
兆豐南門,4780.0,5,0,700g,3661,2026-05-15
兆豐南門,4760.0,2,0,700g,3661,2026-05-15
兆豐彰化,4795.0,3,0,700d,3661,2026-05-15
兆豐西螺,4655.0,0,30,700D,3661,2026-05-15
兆豐西螺,4705.0,0,40,700D,3661,2026-05-15
兆豐鹿港,4605.0,0,1000,700f,3661,2026-05-15
兆豐鹿港,4615.0,0,15,700f,3661,2026-05-15
兆豐鹿港,4650.0,100,98,700f,3661,2026-05-15
兆豐鹿港,4670.0,50,0,700f,3661,2026-05-15
兆豐彰化,4675.0,3,0,700d,3661,2026-05-15
兆豐鹿港,4680.0,60,0,700f,3661,2026-05-15
兆豐南門,4600.0,10,244,700g,3661,2026-05-15
兆豐南門,4620.0,0,150,700g,3661,2026-05-15
兆豐南門,4635.0,0,1,700g,3661,2026-05-15
兆豐南門,4665.0,1000,0,700g,3661,2026-05-15
兆豐南門,4680.0,50,1000,700g,3661,2026-05-15
兆豐南門,4700.0,1000,1000,700g,3661,2026-05-15
兆豐南門,4730.0,0,30,700g,3661,2026-05-15
兆豐鹿港,4700.0,1000,0,700f,3661,2026-05-15
兆豐桃鶯,4730.0,1,0,700U,3661,2026-05-15
兆豐桃鶯,4995.0,1000,0,700U,3661,2026-05-15
兆豐新竹,4615.0,0,33,700V,3661,2026-05-15
國票南科,4675.0,5,0,779e,3661,2026-05-15
國票南科,4745.0,10,0,779e,3661,2026-05-15
國票南科,4805.0,5,0,779e,3661,2026-05-15
國票南崁,4625.0,100,0,779E,3661,2026-05-15
國票南崁,4705.0,20,0,779E,3661,2026-05-15
國票嘉義,4595.0,10,0,779H,3661,2026-05-15
國票嘉義,4605.0,30,1000,779H,3661,2026-05-15
國票嘉義,4615.0,31,0,779H,3661,2026-05-15
國票嘉義,4635.0,1,0,779H,3661,2026-05-15
國票嘉義,4680.0,1,0,779H,3661,2026-05-15
國票嘉義,4955.0,1000,0,779H,3661,2026-05-15
國票和平,4640.0,4,0,779j,3661,2026-05-15
國票和平,4680.0,10,0,779j,3661,2026-05-15
國票和平,4695.0,60,0,779j,3661,2026-05-15
國票北高,4600.0,1,1,779J,3661,2026-05-15
國票南科,4600.0,8,0,779e,3661,2026-05-15
國票台南,4735.0,1,0,779D,3661,2026-05-15
國票台南,4720.0,1,0,779D,3661,2026-05-15
國票台南,4710.0,2,0,779D,3661,2026-05-15
國票中正,4740.0,20,0,7797,3661,2026-05-15
國票內壢,4630.0,2,0,7798,3661,2026-05-15
國票內壢,4700.0,5,0,7798,3661,2026-05-15
國票內壢,4725.0,1,0,7798,3661,2026-05-15
國票內壢,4745.0,500,0,7798,3661,2026-05-15
國票內壢,4770.0,1,0,7798,3661,2026-05-15
國票敦北,4630.0,3,0,779c,3661,2026-05-15
國票北高,4630.0,5000,0,779J,3661,2026-05-15
國票敦北,4680.0,1,0,779c,3661,2026-05-15
國票敦北,4775.0,1,0,779c,3661,2026-05-15
國票台南,4615.0,1,0,779D,3661,2026-05-15
國票台南,4635.0,2,0,779D,3661,2026-05-15
國票台南,4660.0,31,0,779D,3661,2026-05-15
國票台南,4675.0,1,0,779D,3661,2026-05-15
國票台南,4685.0,21,0,779D,3661,2026-05-15
國票台南,4700.0,2,0,779D,3661,2026-05-15
國票敦北,4720.0,1,0,779c,3661,2026-05-15
國票中正,4675.0,10,0,7797,3661,2026-05-15
國票北高,4665.0,1005,0,779J,3661,2026-05-15
國票北高,4805.0,3,0,779J,3661,2026-05-15
國票台中,4710.0,160,0,779v,3661,2026-05-15
國票台中,4790.0,10,0,779v,3661,2026-05-15
國票台中,4890.0,0,5,779v,3661,2026-05-15
國票天祥,4735.0,10,0,779V,3661,2026-05-15
國票天祥,4800.0,2,0,779V,3661,2026-05-15
國票彰化,4860.0,1000,0,779W,3661,2026-05-15
國票中和,4605.0,0,1000,779X,3661,2026-05-15
國票中和,4635.0,10,0,779X,3661,2026-05-15
國票中和,4655.0,5,0,779X,3661,2026-05-15
國票中和,4700.0,0,1000,779X,3661,2026-05-15
國票中和,4740.0,5,0,779X,3661,2026-05-15
國票中和,4830.0,1000,1000,779X,3661,2026-05-15
國票中和,4865.0,0,1000,779X,3661,2026-05-15
國票博愛,4650.0,1000,0,779z,3661,2026-05-15
國票博愛,4705.0,55,0,779z,3661,2026-05-15
國票長城,4905.0,0,30,779u,3661,2026-05-15
國票長城,4745.0,0,1000,779u,3661,2026-05-15
國票長城,4710.0,1000,0,779u,3661,2026-05-15
國票長城,4655.0,10,0,779u,3661,2026-05-15
國票中港,4630.0,0,1000,779m,3661,2026-05-15
國票中港,4685.0,5,0,779m,3661,2026-05-15
國票中港,4750.0,11,0,779m,3661,2026-05-15
國票南京,4610.0,200,0,779n,3661,2026-05-15
國票南京,4705.0,0,3,779n,3661,2026-05-15
國票九鼎,4600.0,20,0,779P,3661,2026-05-15
國票九鼎,4610.0,1,0,779P,3661,2026-05-15
國票北高,4700.0,5,0,779J,3661,2026-05-15
國票九鼎,4630.0,13,4000,779P,3661,2026-05-15
國票九鼎,4685.0,10,0,779P,3661,2026-05-15
國票九鼎,4710.0,2,0,779P,3661,2026-05-15
國票九鼎,4800.0,10,0,779P,3661,2026-05-15
國票桃園,4635.0,1000,0,779r,3661,2026-05-15
國票桃園,4710.0,0,5,779r,3661,2026-05-15
國票長城,4600.0,10,0,779u,3661,2026-05-15
國票長城,4635.0,10,0,779u,3661,2026-05-15
國票九鼎,4650.0,10,0,779P,3661,2026-05-15
國票南港,4770.0,10,0,7795,3661,2026-05-15
國票南港,4755.0,0,40,7795,3661,2026-05-15
國票南港,4710.0,10,0,7795,3661,2026-05-15
兆豐城中,4740.0,1,0,700W,3661,2026-05-15
兆豐城中,4770.0,1,0,700W,3661,2026-05-15
兆豐城中,4815.0,0,1000,700W,3661,2026-05-15
兆豐城中,4830.0,1000,0,700W,3661,2026-05-15
兆豐永和,4600.0,10,430,700X,3661,2026-05-15
兆豐永和,4640.0,1,0,700X,3661,2026-05-15
兆豐永和,4710.0,1,0,700X,3661,2026-05-15
兆豐高雄,4620.0,0,9,700Z,3661,2026-05-15
兆豐高雄,4650.0,10,0,700Z,3661,2026-05-15
兆豐高雄,4680.0,22,0,700Z,3661,2026-05-15
兆豐高雄,4695.0,10,0,700Z,3661,2026-05-15
兆豐高雄,4720.0,30,0,700Z,3661,2026-05-15
兆豐高雄,4735.0,2,0,700Z,3661,2026-05-15
兆豐高雄,4750.0,2000,0,700Z,3661,2026-05-15
兆豐高雄,4835.0,0,2,700Z,3661,2026-05-15
兆豐城中,4700.0,0,100,700W,3661,2026-05-15
兆豐城中,4690.0,30,0,700W,3661,2026-05-15
兆豐城中,4630.0,30,0,700W,3661,2026-05-15
兆豐新莊,4820.0,15,0,700w,3661,2026-05-15
兆豐新竹,4630.0,10,0,700V,3661,2026-05-15
兆豐新竹,4650.0,28,0,700V,3661,2026-05-15
兆豐新竹,4670.0,1,0,700V,3661,2026-05-15
兆豐新竹,4700.0,1000,0,700V,3661,2026-05-15
兆豐新竹,4715.0,3,0,700V,3661,2026-05-15
兆豐新竹,4725.0,5,0,700V,3661,2026-05-15
兆豐新竹,4735.0,2,0,700V,3661,2026-05-15
兆豐高雄,4915.0,0,1000,700Z,3661,2026-05-15
兆豐新竹,4750.0,17,0,700V,3661,2026-05-15
兆豐新竹,4830.0,3,0,700V,3661,2026-05-15
兆豐新竹,4885.0,5,10,700V,3661,2026-05-15
兆豐新竹,4910.0,0,20,700V,3661,2026-05-15
兆豐新莊,4655.0,10,0,700w,3661,2026-05-15
兆豐新莊,4680.0,0,10,700w,3661,2026-05-15
兆豐新莊,4715.0,17,0,700w,3661,2026-05-15
兆豐新莊,4765.0,0,35,700w,3661,2026-05-15
兆豐新竹,4785.0,6,0,700V,3661,2026-05-15
致和,4650.0,5,0,7030,3661,2026-05-15
致和,4695.0,3000,0,7030,3661,2026-05-15
致和,4865.0,10,0,7030,3661,2026-05-15
國票綜合,4605.0,1,0,7790,3661,2026-05-15
國票綜合,4630.0,5,10,7790,3661,2026-05-15
國票綜合,4685.0,1,0,7790,3661,2026-05-15
國票綜合,4695.0,0,2157,7790,3661,2026-05-15
國票綜合,4710.0,66,188,7790,3661,2026-05-15
國票綜合,4730.0,1005,0,7790,3661,2026-05-15
國票綜合,4755.0,5,0,7790,3661,2026-05-15
北城,4865.0,1000,0,7750,3661,2026-05-15
國票綜合,4775.0,1,0,7790,3661,2026-05-15
國票綜合,4815.0,0,1000,7790,3661,2026-05-15
國票綜合,4900.0,0,407,7790,3661,2026-05-15
國票台東,4685.0,10,0,7791,3661,2026-05-15
國票北投,4670.0,1,0,7792,3661,2026-05-15
國票北投,4745.0,1,0,7792,3661,2026-05-15
國票南港,4640.0,2,0,7795,3661,2026-05-15
國票南港,4680.0,10,0,7795,3661,2026-05-15
國票綜合,4795.0,0,110,7790,3661,2026-05-15
玉山高雄,4670.0,1,8,8843,3661,2026-05-15
北城,4700.0,10,0,7750,3661,2026-05-15
致和崇德,4900.0,0,100,703B,3661,2026-05-15
致和佳里,4625.0,1,0,7032,3661,2026-05-15
致和佳里,4650.0,1,0,7032,3661,2026-05-15
致和佳里,4685.0,2,0,7032,3661,2026-05-15
致和佳里,4705.0,1,0,7032,3661,2026-05-15
致和佳里,4725.0,20,0,7032,3661,2026-05-15
致和佳里,4735.0,1,0,7032,3661,2026-05-15
致和府前,4600.0,10,0,7033,3661,2026-05-15
北城,4605.0,0,2000,7750,3661,2026-05-15
致和府前,4670.0,1,0,7033,3661,2026-05-15
致和金華,4600.0,5,0,7034,3661,2026-05-15
致和金華,4715.0,1,0,7034,3661,2026-05-15
致和南京,4700.0,30,0,7038,3661,2026-05-15
致和崇德,4620.0,0,200,703B,3661,2026-05-15
致和崇德,4655.0,0,73,703B,3661,2026-05-15
致和崇德,4685.0,35,0,703B,3661,2026-05-15
致和崇德,4735.0,0,1000,703B,3661,2026-05-15
致和府前,4705.0,1,0,7033,3661,2026-05-15
群益古亭,4635.0,1,0,918C,3661,2026-05-15
玉山高雄,4690.0,1001,0,8843,3661,2026-05-15
玉山高雄,4720.0,10,60,8843,3661,2026-05-15
國泰板橋,4635.0,121,0,888K,3661,2026-05-15
國泰板橋,4645.0,0,51,888K,3661,2026-05-15
國泰板橋,4655.0,60,40,888K,3661,2026-05-15
國泰板橋,4670.0,35,0,888K,3661,2026-05-15
國泰板橋,4680.0,67,100,888K,3661,2026-05-15
國泰板橋,4690.0,1160,10,888K,3661,2026-05-15
國泰板橋,4700.0,139,0,888K,3661,2026-05-15
國泰板橋,4710.0,70,0,888K,3661,2026-05-15
國泰板橋,4720.0,17,1001,888K,3661,2026-05-15
國泰板橋,4730.0,1,0,888K,3661,2026-05-15
國泰板橋,4740.0,0,13,888K,3661,2026-05-15
國泰板橋,4750.0,37,0,888K,3661,2026-05-15
國泰板橋,4770.0,11,0,888K,3661,2026-05-15
國泰板橋,4780.0,30,0,888K,3661,2026-05-15
國泰板橋,4800.0,200,0,888K,3661,2026-05-15
國泰板橋,4625.0,12,0,888K,3661,2026-05-15
國泰板橋,4615.0,52,47,888K,3661,2026-05-15
國泰板橋,4605.0,20,1040,888K,3661,2026-05-15
國泰館前,4950.0,1000,0,888A,3661,2026-05-15
國泰館前,4695.0,26,30,888A,3661,2026-05-15
國泰館前,4705.0,58,0,888A,3661,2026-05-15
國泰館前,4715.0,19,0,888A,3661,2026-05-15
國泰館前,4725.0,30,8,888A,3661,2026-05-15
國泰館前,4735.0,2,0,888A,3661,2026-05-15
國泰館前,4745.0,0,100,888A,3661,2026-05-15
國泰館前,4760.0,7,0,888A,3661,2026-05-15
國泰板橋,4820.0,0,30,888K,3661,2026-05-15
國泰館前,4770.0,36,15,888A,3661,2026-05-15
國泰館前,4805.0,0,3,888A,3661,2026-05-15
國泰館前,4820.0,1,0,888A,3661,2026-05-15
國泰館前,4835.0,0,8,888A,3661,2026-05-15
國泰館前,4865.0,0,1,888A,3661,2026-05-15
國泰館前,4880.0,1,0,888A,3661,2026-05-15
國泰館前,4900.0,1000,0,888A,3661,2026-05-15
國泰館前,4910.0,1000,0,888A,3661,2026-05-15
國泰館前,4795.0,5,8,888A,3661,2026-05-15
國泰館前,4685.0,33,0,888A,3661,2026-05-15
國泰板橋,4830.0,1000,0,888K,3661,2026-05-15
國泰板橋,4870.0,20,0,888K,3661,2026-05-15
群益,4730.0,1000,0,9100,3661,2026-05-15
群益,4745.0,4000,5,9100,3661,2026-05-15
群益,4770.0,0,5,9100,3661,2026-05-15
群益,4780.0,2000,0,9100,3661,2026-05-15
群益,4795.0,2,0,9100,3661,2026-05-15
群益,4880.0,1000,0,9100,3661,2026-05-15
群益,4920.0,0,1000,9100,3661,2026-05-15
群益,4990.0,1000,0,9100,3661,2026-05-15
群益敦南,4610.0,100,0,9101,3661,2026-05-15
群益敦南,4660.0,0,32,9101,3661,2026-05-15
群益敦南,4680.0,1,0,9101,3661,2026-05-15
群益敦南,4700.0,0,2000,9101,3661,2026-05-15
群益敦南,4725.0,0,1000,9101,3661,2026-05-15
群益敦南,4740.0,1000,0,9101,3661,2026-05-15
群益松山,4605.0,25,0,9103,3661,2026-05-15
群益,4715.0,2,0,9100,3661,2026-05-15
群益,4700.0,10,1000,9100,3661,2026-05-15
群益,4690.0,2020,0,9100,3661,2026-05-15
群益,4680.0,0,1000,9100,3661,2026-05-15
國泰板橋,4905.0,6,0,888K,3661,2026-05-15
國泰板橋,4915.0,0,230,888K,3661,2026-05-15
國泰板橋,4950.0,1000,0,888K,3661,2026-05-15
國泰新竹,4675.0,2,0,888N,3661,2026-05-15
國泰新竹,4705.0,5,0,888N,3661,2026-05-15
國泰新竹,4770.0,1,0,888N,3661,2026-05-15
國泰新竹,4840.0,1,0,888N,3661,2026-05-15
國泰板橋,4845.0,0,40,888K,3661,2026-05-15
法銀巴黎,4605.0,0,1000,8900,3661,2026-05-15
法銀巴黎,4730.0,1000,0,8900,3661,2026-05-15
上海匯豐,4630.0,300,0,8960,3661,2026-05-15
群益,4610.0,7,1000,9100,3661,2026-05-15
群益,4620.0,2,2000,9100,3661,2026-05-15
群益,4640.0,0,5000,9100,3661,2026-05-15
群益,4655.0,0,2005,9100,3661,2026-05-15
群益,4665.0,0,1000,9100,3661,2026-05-15
法銀巴黎,4715.0,1000,0,8900,3661,2026-05-15
群益松山,4625.0,3,0,9103,3661,2026-05-15
國泰館前,4675.0,14,9,888A,3661,2026-05-15
國泰館前,4655.0,20,50,888A,3661,2026-05-15
國泰忠孝,4595.0,5,0,8887,3661,2026-05-15
國泰忠孝,4610.0,13,0,8887,3661,2026-05-15
國泰忠孝,4620.0,3,20,8887,3661,2026-05-15
國泰忠孝,4635.0,12,0,8887,3661,2026-05-15
國泰忠孝,4655.0,100,4,8887,3661,2026-05-15
國泰忠孝,4670.0,5,0,8887,3661,2026-05-15
國泰忠孝,4680.0,11,0,8887,3661,2026-05-15
國泰忠孝,4695.0,16,0,8887,3661,2026-05-15
國泰忠孝,4710.0,25,0,8887,3661,2026-05-15
國泰忠孝,4720.0,40,0,8887,3661,2026-05-15
國泰忠孝,4740.0,0,25,8887,3661,2026-05-15
國泰忠孝,4785.0,2,0,8887,3661,2026-05-15
國泰忠孝,4820.0,0,3,8887,3661,2026-05-15
國泰忠孝,4870.0,1,0,8887,3661,2026-05-15
國泰敦南,4595.0,11,0,8888,3661,2026-05-15
國泰新莊,4895.0,10,0,8886,3661,2026-05-15
國泰新莊,4860.0,50,0,8886,3661,2026-05-15
國泰新莊,4850.0,100,0,8886,3661,2026-05-15
國泰新莊,4810.0,5,0,8886,3661,2026-05-15
國泰桃園,4835.0,1,0,8885,3661,2026-05-15
國泰桃園,4855.0,20,0,8885,3661,2026-05-15
國泰桃園,4870.0,1,0,8885,3661,2026-05-15
國泰新莊,4600.0,5,2,8886,3661,2026-05-15
國泰新莊,4610.0,0,3,8886,3661,2026-05-15
國泰新莊,4635.0,5,0,8886,3661,2026-05-15
國泰新莊,4655.0,0,9,8886,3661,2026-05-15
國泰敦南,4605.0,39,4345,8888,3661,2026-05-15
國泰新莊,4670.0,2,0,8886,3661,2026-05-15
國泰新莊,4700.0,21,1,8886,3661,2026-05-15
國泰新莊,4710.0,20,0,8886,3661,2026-05-15
國泰新莊,4720.0,2,0,8886,3661,2026-05-15
國泰新莊,4730.0,21,0,8886,3661,2026-05-15
國泰新莊,4750.0,17,0,8886,3661,2026-05-15
國泰新莊,4790.0,50,0,8886,3661,2026-05-15
國泰新莊,4800.0,10,0,8886,3661,2026-05-15
國泰新莊,4685.0,1,0,8886,3661,2026-05-15
國泰館前,4665.0,7,0,888A,3661,2026-05-15
國泰敦南,4615.0,213,388,8888,3661,2026-05-15
國泰敦南,4635.0,822,5173,8888,3661,2026-05-15
國泰敦南,4850.0,1020,6,8888,3661,2026-05-15
國泰敦南,4860.0,2035,1003,8888,3661,2026-05-15
國泰敦南,4870.0,1,62,8888,3661,2026-05-15
國泰敦南,4885.0,2003,104,8888,3661,2026-05-15
國泰敦南,4895.0,1,0,8888,3661,2026-05-15
國泰敦南,4905.0,5,110,8888,3661,2026-05-15
國泰敦南,4915.0,5,100,8888,3661,2026-05-15
國泰敦南,4970.0,1000,0,8888,3661,2026-05-15
國泰敦南,4990.0,1000,0,8888,3661,2026-05-15
國泰敦南,5000.0,0,1000,8888,3661,2026-05-15
國泰館前,4605.0,23,0,888A,3661,2026-05-15
國泰館前,4615.0,68,202,888A,3661,2026-05-15
國泰館前,4625.0,1,1000,888A,3661,2026-05-15
國泰館前,4635.0,4,1000,888A,3661,2026-05-15
國泰館前,4645.0,50,0,888A,3661,2026-05-15
國泰敦南,4835.0,2012,47,8888,3661,2026-05-15
國泰敦南,4825.0,26,27,8888,3661,2026-05-15
國泰敦南,4815.0,44,1034,8888,3661,2026-05-15
國泰敦南,4805.0,132,24,8888,3661,2026-05-15
國泰敦南,4645.0,11,0,8888,3661,2026-05-15
國泰敦南,4655.0,103,99,8888,3661,2026-05-15
國泰敦南,4665.0,78,4,8888,3661,2026-05-15
國泰敦南,4675.0,96,48,8888,3661,2026-05-15
國泰敦南,4685.0,175,1,8888,3661,2026-05-15
國泰敦南,4695.0,138,1000,8888,3661,2026-05-15
國泰敦南,4705.0,1184,153,8888,3661,2026-05-15
國泰敦南,4625.0,81,11032,8888,3661,2026-05-15
國泰敦南,4715.0,65,84,8888,3661,2026-05-15
國泰敦南,4735.0,2043,43,8888,3661,2026-05-15
國泰敦南,4745.0,28,1032,8888,3661,2026-05-15
國泰敦南,4755.0,36,1107,8888,3661,2026-05-15
國泰敦南,4765.0,63,0,8888,3661,2026-05-15
國泰敦南,4775.0,1014,0,8888,3661,2026-05-15
國泰敦南,4785.0,143,260,8888,3661,2026-05-15
國泰敦南,4795.0,18,10,8888,3661,2026-05-15
國泰敦南,4725.0,86,135,8888,3661,2026-05-15
國泰桃園,4810.0,5,0,8885,3661,2026-05-15
群益松山,4685.0,25,0,9103,3661,2026-05-15
群益高盛,4600.0,121,0,9105,3661,2026-05-15
群益館前,4770.0,1,0,913Y,3661,2026-05-15
群益館前,4990.0,0,2000,913Y,3661,2026-05-15
群益高雄,4725.0,10,0,9183,3661,2026-05-15
群益高雄,4740.0,5,0,9183,3661,2026-05-15
群益高雄,4900.0,0,10,9183,3661,2026-05-15
群益台中,4630.0,18,0,9184,3661,2026-05-15
群益台中,4670.0,1000,0,9184,3661,2026-05-15
群益台中,4705.0,0,300,9184,3661,2026-05-15
群益台中,4725.0,12,0,9184,3661,2026-05-15
群益台中,4800.0,1000,4,9184,3661,2026-05-15
群益台中,4830.0,0,142,9184,3661,2026-05-15
群益台南,4605.0,100,0,9185,3661,2026-05-15
群益台南,4620.0,5,0,9185,3661,2026-05-15
群益台南,4655.0,5,0,9185,3661,2026-05-15
群益台南,4675.0,5,0,9185,3661,2026-05-15
群益館前,4720.0,5,0,913Y,3661,2026-05-15
群益館前,4675.0,10,0,913Y,3661,2026-05-15
群益館前,4615.0,1,0,913Y,3661,2026-05-15
群益館前,4600.0,30,0,913Y,3661,2026-05-15
群益萬華,4795.0,5,0,913I,3661,2026-05-15
群益萬華,4810.0,3,0,913I,3661,2026-05-15
群益萬華,4905.0,3,0,913I,3661,2026-05-15
群益土城,4650.0,1,0,913N,3661,2026-05-15
群益土城,4690.0,0,1,913N,3661,2026-05-15
群益土城,4745.0,15,0,913N,3661,2026-05-15
群益土城,4765.0,5,0,913N,3661,2026-05-15
群益台南,4735.0,0,15,9185,3661,2026-05-15
群益土城,4830.0,10,0,913N,3661,2026-05-15
群益北高,4700.0,1,0,913R,3661,2026-05-15
群益北高,4720.0,5,0,913R,3661,2026-05-15
群益崇德,4610.0,0,78,913U,3661,2026-05-15
群益崇德,4650.0,0,2,913U,3661,2026-05-15
群益崇德,4670.0,5,0,913U,3661,2026-05-15
群益崇德,4705.0,10,0,913U,3661,2026-05-15
群益崇德,4765.0,1,0,913U,3661,2026-05-15
群益北高,4620.0,0,10,913R,3661,2026-05-15
群益萬華,4755.0,5,0,913I,3661,2026-05-15
群益台南,4795.0,5,0,9185,3661,2026-05-15
群益新竹,4600.0,10,0,9186,3661,2026-05-15
群益中壢,4820.0,1,0,918A,3661,2026-05-15
群益中壢,4885.0,20,0,918A,3661,2026-05-15
群益板橋,4600.0,13,0,918B,3661,2026-05-15
群益板橋,4610.0,10,0,918B,3661,2026-05-15
群益板橋,4630.0,5,0,918B,3661,2026-05-15
群益板橋,4650.0,10,0,918B,3661,2026-05-15
群益板橋,4670.0,3,0,918B,3661,2026-05-15
群益板橋,4695.0,6,0,918B,3661,2026-05-15
群益板橋,4785.0,10,0,918B,3661,2026-05-15
群益板橋,4920.0,1000,0,918B,3661,2026-05-15
群益鳳山,4615.0,0,45,918c,3661,2026-05-15
群益鳳山,4680.0,2,0,918c,3661,2026-05-15
群益鳳山,4705.0,0,1,918c,3661,2026-05-15
群益鳳山,4715.0,40,0,918c,3661,2026-05-15
群益鳳山,4885.0,3,0,918c,3661,2026-05-15
群益中壢,4705.0,0,10,918A,3661,2026-05-15
群益中壢,4680.0,2,0,918A,3661,2026-05-15
群益中壢,4605.0,0,1,918A,3661,2026-05-15
群益桃園,4765.0,4,0,9189,3661,2026-05-15
群益新竹,4620.0,0,10,9186,3661,2026-05-15
群益新竹,4655.0,0,200,9186,3661,2026-05-15
群益新竹,4745.0,3,0,9186,3661,2026-05-15
群益彰化,4630.0,2,0,9187,3661,2026-05-15
群益彰化,4710.0,20,0,9187,3661,2026-05-15
群益彰化,4800.0,20,0,9187,3661,2026-05-15
群益彰化,4900.0,30,0,9187,3661,2026-05-15
群益台南,4860.0,0,3,9185,3661,2026-05-15
群益三民,4600.0,3,0,9188,3661,2026-05-15
群益三民,4630.0,5,0,9188,3661,2026-05-15
群益三民,4685.0,2,0,9188,3661,2026-05-15
群益三民,4730.0,0,1,9188,3661,2026-05-15
群益三民,4810.0,1,0,9188,3661,2026-05-15
群益三民,4910.0,0,10,9188,3661,2026-05-15
群益桃園,4620.0,10,0,9189,3661,2026-05-15
群益桃園,4660.0,5,0,9189,3661,2026-05-15
群益三民,4610.0,1,0,9188,3661,2026-05-15
群益松山,4710.0,10,0,9103,3661,2026-05-15
群益萬華,4745.0,1,0,913I,3661,2026-05-15
群益萬華,4680.0,1,0,913I,3661,2026-05-15
群益民權,4775.0,100,0,9131,3661,2026-05-15
群益民權,4850.0,0,10,9131,3661,2026-05-15
群益開元,4620.0,1,0,9134,3661,2026-05-15
群益開元,4635.0,0,1,9134,3661,2026-05-15
群益開元,4655.0,1,0,9134,3661,2026-05-15
群益開元,4705.0,1000,0,9134,3661,2026-05-15
群益東大,4600.0,1,10,9135,3661,2026-05-15
群益東大,4630.0,0,20,9135,3661,2026-05-15
群益東大,4640.0,3,0,9135,3661,2026-05-15
群益東大,4710.0,2,0,9135,3661,2026-05-15
群益東大,4735.0,1,0,9135,3661,2026-05-15
群益東大,4750.0,100,0,9135,3661,2026-05-15
群益東大,4800.0,10,1000,9135,3661,2026-05-15
群益東大,4860.0,1000,0,9135,3661,2026-05-15
群益東大,4915.0,2000,0,9135,3661,2026-05-15
群益民權,4750.0,5,0,9131,3661,2026-05-15
群益民權,4720.0,1,0,9131,3661,2026-05-15
群益民權,4650.0,0,30,9131,3661,2026-05-15
群益民權,4610.0,50,0,9131,3661,2026-05-15
群益高盛,4610.0,0,1000,9105,3661,2026-05-15
群益高盛,4650.0,10,0,9105,3661,2026-05-15
群益高盛,4665.0,10,0,9105,3661,2026-05-15
群益高盛,4705.0,1,0,9105,3661,2026-05-15
群益高盛,4770.0,1000,0,9105,3661,2026-05-15
群益海山,4600.0,7,0,9108,3661,2026-05-15
群益海山,4680.0,5,0,9108,3661,2026-05-15
群益西松,4600.0,2000,0,9136,3661,2026-05-15
群益海山,4730.0,100,0,9108,3661,2026-05-15
群益海山,4825.0,1,0,9108,3661,2026-05-15
群益海山,4860.0,10,0,9108,3661,2026-05-15
群益市府,4600.0,20,0,910D,3661,2026-05-15
群益市府,4625.0,1,0,910D,3661,2026-05-15
群益市府,4670.0,0,1000,910D,3661,2026-05-15
群益市府,4700.0,0,1000,910D,3661,2026-05-15
群益市府,4710.0,2,0,910D,3661,2026-05-15
群益海山,4800.0,10,0,9108,3661,2026-05-15
群益萬華,4705.0,0,15,913I,3661,2026-05-15
群益西松,4650.0,0,2020,9136,3661,2026-05-15
群益西松,4705.0,0,25,9136,3661,2026-05-15
群益潭子,4720.0,2,0,913D,3661,2026-05-15
群益潭子,4745.0,10,0,913D,3661,2026-05-15
群益潭子,4755.0,1,0,913D,3661,2026-05-15
群益基隆,4600.0,30,0,913E,3661,2026-05-15
群益基隆,4625.0,0,20,913E,3661,2026-05-15
群益基隆,4695.0,100,0,913E,3661,2026-05-15
群益基隆,4760.0,1,0,913E,3661,2026-05-15
群益基隆,4800.0,1,0,913E,3661,2026-05-15
群益三重,4650.0,10,150,913g,3661,2026-05-15
群益三重,4715.0,20,0,913g,3661,2026-05-15
群益三重,4725.0,1,0,913g,3661,2026-05-15
群益三重,4760.0,1,0,913g,3661,2026-05-15
群益三重,4805.0,10,0,913g,3661,2026-05-15
群益屏東,4635.0,15,0,913H,3661,2026-05-15
群益萬華,4650.0,0,3,913I,3661,2026-05-15
群益潭子,4705.0,2,0,913D,3661,2026-05-15
群益潭子,4685.0,11,0,913D,3661,2026-05-15
群益潭子,4670.0,5,0,913D,3661,2026-05-15
群益潭子,4630.0,2,40,913D,3661,2026-05-15
群益西松,4725.0,0,50,9136,3661,2026-05-15
群益西松,4800.0,2000,0,9136,3661,2026-05-15
群益西松,4940.0,1000,0,9136,3661,2026-05-15
群益西松,5000.0,0,2000,9136,3661,2026-05-15
群益士林,4605.0,6,1003,9137,3661,2026-05-15
群益士林,4630.0,5,0,9137,3661,2026-05-15
群益士林,4685.0,1,0,9137,3661,2026-05-15
群益西松,4690.0,1000,0,9136,3661,2026-05-15
群益士林,4700.0,100,0,9137,3661,2026-05-15
群益士林,4750.0,6,0,9137,3661,2026-05-15
群益士林,4830.0,1000,0,9137,3661,2026-05-15
群益士林,4885.0,0,1000,9137,3661,2026-05-15
群益士林,5010.0,1000,0,9137,3661,2026-05-15
群益中港,4635.0,0,23,9138,3661,2026-05-15
群益潭子,4605.0,1,0,913D,3661,2026-05-15
群益潭子,4615.0,5,0,913D,3661,2026-05-15
群益士林,4710.0,1,0,9137,3661,2026-05-15
國泰桃園,4800.0,1,0,8885,3661,2026-05-15
國泰桃園,4785.0,0,104,8885,3661,2026-05-15
國泰桃園,4770.0,4,0,8885,3661,2026-05-15
玉山信義,4750.0,10,0,884C,3661,2026-05-15
玉山信義,4765.0,8,0,884C,3661,2026-05-15
玉山信義,4780.0,10,0,884C,3661,2026-05-15
玉山信義,4795.0,6,0,884C,3661,2026-05-15
玉山左營,4600.0,8,0,884D,3661,2026-05-15
玉山左營,4630.0,1,0,884D,3661,2026-05-15
玉山左營,4650.0,5,0,884D,3661,2026-05-15
玉山左營,4680.0,10,0,884D,3661,2026-05-15
玉山左營,4700.0,15,0,884D,3661,2026-05-15
玉山左營,4710.0,5,0,884D,3661,2026-05-15
玉山左營,4725.0,0,200,884D,3661,2026-05-15
玉山左營,4735.0,100,0,884D,3661,2026-05-15
玉山左營,4745.0,1,0,884D,3661,2026-05-15
玉山左營,4760.0,10,40,884D,3661,2026-05-15
玉山左營,4770.0,1,0,884D,3661,2026-05-15
玉山信義,4740.0,5,0,884C,3661,2026-05-15
玉山信義,4730.0,0,50,884C,3661,2026-05-15
玉山信義,4710.0,5,0,884C,3661,2026-05-15
玉山信義,4700.0,10,0,884C,3661,2026-05-15
玉山台中,4690.0,1000,0,884B,3661,2026-05-15
玉山台中,4700.0,25,2003,884B,3661,2026-05-15
玉山台中,4710.0,7,0,884B,3661,2026-05-15
玉山台中,4720.0,10,0,884B,3661,2026-05-15
玉山台中,4730.0,1000,0,884B,3661,2026-05-15
玉山台中,4745.0,2,50,884B,3661,2026-05-15
玉山台中,4760.0,1,0,884B,3661,2026-05-15
玉山左營,4830.0,10,0,884D,3661,2026-05-15
玉山台中,4780.0,10,1000,884B,3661,2026-05-15
玉山信義,4600.0,5,0,884C,3661,2026-05-15
玉山信義,4620.0,5,4,884C,3661,2026-05-15
玉山信義,4635.0,15,2,884C,3661,2026-05-15
玉山信義,4650.0,1,0,884C,3661,2026-05-15
玉山信義,4660.0,1,0,884C,3661,2026-05-15
玉山信義,4680.0,72,0,884C,3661,2026-05-15
玉山信義,4690.0,30,1000,884C,3661,2026-05-15
玉山台中,4950.0,1000,0,884B,3661,2026-05-15
玉山台中,4680.0,2,0,884B,3661,2026-05-15
玉山左營,4855.0,0,3,884D,3661,2026-05-15
玉山左營,4890.0,0,1,884D,3661,2026-05-15
玉山桃園,4730.0,5,0,884F,3661,2026-05-15
玉山桃園,4750.0,30,0,884F,3661,2026-05-15
玉山桃園,4770.0,1,0,884F,3661,2026-05-15
玉山桃園,4795.0,5,33,884F,3661,2026-05-15
玉山桃園,4820.0,0,2,884F,3661,2026-05-15
玉山桃園,4840.0,10,0,884F,3661,2026-05-15
玉山桃園,4915.0,0,6,884F,3661,2026-05-15
玉山新竹,4615.0,0,15,884H,3661,2026-05-15
玉山新竹,4635.0,1,0,884H,3661,2026-05-15
玉山新竹,4675.0,0,10,884H,3661,2026-05-15
玉山新竹,4685.0,2,0,884H,3661,2026-05-15
玉山新竹,4705.0,5,0,884H,3661,2026-05-15
玉山新竹,4740.0,15,0,884H,3661,2026-05-15
玉山新竹,4770.0,0,1,884H,3661,2026-05-15
玉山新竹,4800.0,7,0,884H,3661,2026-05-15
玉山桃園,4710.0,150,0,884F,3661,2026-05-15
玉山桃園,4700.0,27,20,884F,3661,2026-05-15
玉山桃園,4680.0,5,0,884F,3661,2026-05-15
玉山桃園,4655.0,1,0,884F,3661,2026-05-15
玉山城中,4600.0,1025,20,884E,3661,2026-05-15
玉山城中,4625.0,0,10,884E,3661,2026-05-15
玉山城中,4660.0,10,0,884E,3661,2026-05-15
玉山城中,4670.0,10,0,884E,3661,2026-05-15
玉山城中,4680.0,27,0,884E,3661,2026-05-15
玉山城中,4700.0,44,0,884E,3661,2026-05-15
玉山城中,4710.0,13,0,884E,3661,2026-05-15
玉山左營,4865.0,1,0,884D,3661,2026-05-15
玉山城中,4735.0,0,5,884E,3661,2026-05-15
玉山城中,4755.0,10,0,884E,3661,2026-05-15
玉山城中,4780.0,15,0,884E,3661,2026-05-15
玉山城中,4795.0,10,1000,884E,3661,2026-05-15
玉山城中,4890.0,0,1,884E,3661,2026-05-15
玉山城中,4915.0,1000,0,884E,3661,2026-05-15
玉山桃園,4600.0,10,0,884F,3661,2026-05-15
玉山桃園,4620.0,1000,0,884F,3661,2026-05-15
玉山城中,4745.0,1,0,884E,3661,2026-05-15
玉山新竹,4815.0,1,0,884H,3661,2026-05-15
玉山台中,4670.0,1005,0,884B,3661,2026-05-15
玉山台中,4630.0,1,0,884B,3661,2026-05-15
玉山台南,4635.0,4,0,8847,3661,2026-05-15
玉山台南,4655.0,0,50,8847,3661,2026-05-15
玉山台南,4665.0,1,0,8847,3661,2026-05-15
玉山台南,4675.0,3,130,8847,3661,2026-05-15
玉山台南,4685.0,12,0,8847,3661,2026-05-15
玉山台南,4700.0,20,0,8847,3661,2026-05-15
玉山台南,4715.0,20,0,8847,3661,2026-05-15
玉山台南,4725.0,105,0,8847,3661,2026-05-15
玉山台南,4735.0,1,0,8847,3661,2026-05-15
玉山台南,4750.0,45,0,8847,3661,2026-05-15
玉山台南,4780.0,1,0,8847,3661,2026-05-15
玉山台南,4790.0,1,0,8847,3661,2026-05-15
玉山台南,4840.0,10,0,8847,3661,2026-05-15
玉山台南,4855.0,10,0,8847,3661,2026-05-15
玉山嘉義,4615.0,3,75,8848,3661,2026-05-15
玉山台南,4625.0,101,0,8847,3661,2026-05-15
玉山台南,4615.0,20,0,8847,3661,2026-05-15
玉山台南,4605.0,1,0,8847,3661,2026-05-15
玉山板橋,4900.0,7,2,8846,3661,2026-05-15
玉山高雄,4730.0,6,1000,8843,3661,2026-05-15
玉山高雄,4750.0,4,1,8843,3661,2026-05-15
玉山高雄,4790.0,1,1,8843,3661,2026-05-15
玉山高雄,4900.0,12,20,8843,3661,2026-05-15
玉山板橋,4600.0,5,0,8846,3661,2026-05-15
玉山板橋,4640.0,12,0,8846,3661,2026-05-15
玉山板橋,4655.0,2,5,8846,3661,2026-05-15
玉山嘉義,4660.0,1,10,8848,3661,2026-05-15
玉山板橋,4670.0,3,0,8846,3661,2026-05-15
玉山板橋,4705.0,11,0,8846,3661,2026-05-15
玉山板橋,4715.0,2,0,8846,3661,2026-05-15
玉山板橋,4750.0,0,5,8846,3661,2026-05-15
玉山板橋,4760.0,0,65,8846,3661,2026-05-15
玉山板橋,4780.0,10,0,8846,3661,2026-05-15
玉山板橋,4800.0,10,1000,8846,3661,2026-05-15
玉山板橋,4850.0,0,5,8846,3661,2026-05-15
玉山板橋,4690.0,5,0,8846,3661,2026-05-15
玉山台中,4645.0,50,0,884B,3661,2026-05-15
玉山嘉義,4680.0,9,55,8848,3661,2026-05-15
玉山嘉義,4705.0,0,11,8848,3661,2026-05-15
玉山景美,4820.0,200,0,8849,3661,2026-05-15
玉山景美,4890.0,1100,22,8849,3661,2026-05-15
玉山景美,4915.0,0,5,8849,3661,2026-05-15
玉山景美,4995.0,1000,0,8849,3661,2026-05-15
玉山士林,4635.0,100,0,884A,3661,2026-05-15
玉山士林,4650.0,60,0,884A,3661,2026-05-15
玉山士林,4670.0,10,0,884A,3661,2026-05-15
玉山士林,4685.0,5,0,884A,3661,2026-05-15
玉山士林,4695.0,94,0,884A,3661,2026-05-15
玉山士林,4730.0,10,0,884A,3661,2026-05-15
玉山士林,4760.0,20,0,884A,3661,2026-05-15
玉山士林,4785.0,50,0,884A,3661,2026-05-15
玉山台中,4600.0,47,0,884B,3661,2026-05-15
玉山台中,4610.0,5,100,884B,3661,2026-05-15
玉山台中,4620.0,5,5000,884B,3661,2026-05-15
玉山景美,4805.0,5,0,8849,3661,2026-05-15
玉山景美,4795.0,5,0,8849,3661,2026-05-15
玉山景美,4750.0,0,107,8849,3661,2026-05-15
玉山景美,4740.0,5,0,8849,3661,2026-05-15
玉山嘉義,4725.0,3,0,8848,3661,2026-05-15
玉山嘉義,4740.0,3,0,8848,3661,2026-05-15
玉山嘉義,4755.0,8,10,8848,3661,2026-05-15
玉山嘉義,4775.0,2,0,8848,3661,2026-05-15
玉山嘉義,4795.0,0,4,8848,3661,2026-05-15
玉山嘉義,4860.0,10,3,8848,3661,2026-05-15
玉山景美,4600.0,37,5,8849,3661,2026-05-15
玉山嘉義,4690.0,6,0,8848,3661,2026-05-15
玉山景美,4615.0,0,8,8849,3661,2026-05-15
玉山景美,4660.0,10,0,8849,3661,2026-05-15
玉山景美,4675.0,10,0,8849,3661,2026-05-15
玉山景美,4685.0,102,0,8849,3661,2026-05-15
玉山景美,4700.0,230,40,8849,3661,2026-05-15
玉山景美,4710.0,112,0,8849,3661,2026-05-15
玉山景美,4720.0,20,0,8849,3661,2026-05-15
玉山景美,4730.0,20,0,8849,3661,2026-05-15
玉山景美,4630.0,0,2000,8849,3661,2026-05-15
玉山新竹,4915.0,1,0,884H,3661,2026-05-15
玉山大里,4605.0,1,0,884J,3661,2026-05-15
玉山大里,4620.0,10,0,884J,3661,2026-05-15
國泰松江,4650.0,5,100,8883,3661,2026-05-15
國泰松江,4660.0,30,2,8883,3661,2026-05-15
國泰松江,4670.0,110,90,8883,3661,2026-05-15
國泰松江,4680.0,4,0,8883,3661,2026-05-15
國泰松江,4695.0,71,0,8883,3661,2026-05-15
國泰松江,4705.0,53,0,8883,3661,2026-05-15
國泰松江,4715.0,3,0,8883,3661,2026-05-15
國泰松江,4725.0,3,0,8883,3661,2026-05-15
國泰松江,4740.0,21,0,8883,3661,2026-05-15
國泰松江,4755.0,5,0,8883,3661,2026-05-15
國泰松江,4775.0,10,0,8883,3661,2026-05-15
國泰松江,4790.0,1000,0,8883,3661,2026-05-15
國泰松江,4800.0,5,0,8883,3661,2026-05-15
國泰松江,4815.0,11,0,8883,3661,2026-05-15
國泰松江,4825.0,1,0,8883,3661,2026-05-15
國泰松江,4635.0,3,8,8883,3661,2026-05-15
國泰松江,4625.0,1000,1000,8883,3661,2026-05-15
國泰松江,4615.0,1,1040,8883,3661,2026-05-15
國泰松江,4605.0,2,2203,8883,3661,2026-05-15
國泰台中,4690.0,6,0,8882,3661,2026-05-15
國泰台中,4700.0,42,2000,8882,3661,2026-05-15
國泰台中,4710.0,110,0,8882,3661,2026-05-15
國泰台中,4720.0,14,9,8882,3661,2026-05-15
國泰台中,4730.0,16,0,8882,3661,2026-05-15
國泰台中,4740.0,22,0,8882,3661,2026-05-15
國泰台中,4760.0,0,54,8882,3661,2026-05-15
國泰松江,4855.0,1000,0,8883,3661,2026-05-15
國泰台中,4780.0,10,0,8882,3661,2026-05-15
國泰台中,4800.0,21,0,8882,3661,2026-05-15
國泰台中,4810.0,26,0,8882,3661,2026-05-15
國泰台中,4820.0,0,1,8882,3661,2026-05-15
國泰台中,4840.0,50,13,8882,3661,2026-05-15
國泰台中,4870.0,4,0,8882,3661,2026-05-15
國泰台中,4905.0,4,0,8882,3661,2026-05-15
國泰台中,4990.0,1000,0,8882,3661,2026-05-15
國泰台中,4790.0,1,0,8882,3661,2026-05-15
國泰台中,4680.0,24,10,8882,3661,2026-05-15
國泰松江,4890.0,1000,0,8883,3661,2026-05-15
國泰松江,4990.0,1000,0,8883,3661,2026-05-15
國泰台南,4905.0,0,20,8884,3661,2026-05-15
國泰桃園,4605.0,40,0,8885,3661,2026-05-15
國泰桃園,4615.0,12,10,8885,3661,2026-05-15
國泰桃園,4625.0,3,8,8885,3661,2026-05-15
國泰桃園,4640.0,1,0,8885,3661,2026-05-15
國泰桃園,4650.0,36,0,8885,3661,2026-05-15
國泰桃園,4660.0,31,30,8885,3661,2026-05-15
國泰桃園,4670.0,122,0,8885,3661,2026-05-15
國泰桃園,4685.0,48,3,8885,3661,2026-05-15
國泰桃園,4695.0,4,0,8885,3661,2026-05-15
國泰桃園,4705.0,55,5,8885,3661,2026-05-15
國泰桃園,4715.0,12,0,8885,3661,2026-05-15
國泰桃園,4725.0,19,0,8885,3661,2026-05-15
國泰桃園,4735.0,15,0,8885,3661,2026-05-15
國泰桃園,4750.0,18,1,8885,3661,2026-05-15
國泰台南,4885.0,50,0,8884,3661,2026-05-15
國泰台南,4875.0,5,0,8884,3661,2026-05-15
國泰台南,4835.0,0,2,8884,3661,2026-05-15
國泰台南,4815.0,5,0,8884,3661,2026-05-15
國泰台南,4605.0,5,30,8884,3661,2026-05-15
國泰台南,4615.0,2,0,8884,3661,2026-05-15
國泰台南,4630.0,13,0,8884,3661,2026-05-15
國泰台南,4640.0,1,0,8884,3661,2026-05-15
國泰台南,4655.0,4,0,8884,3661,2026-05-15
國泰台南,4665.0,3,0,8884,3661,2026-05-15
國泰台南,4675.0,103,0,8884,3661,2026-05-15
國泰松江,4945.0,0,1000,8883,3661,2026-05-15
國泰台南,4685.0,1,100,8884,3661,2026-05-15
國泰台南,4705.0,6,10,8884,3661,2026-05-15
國泰台南,4720.0,50,0,8884,3661,2026-05-15
國泰台南,4735.0,7,0,8884,3661,2026-05-15
國泰台南,4745.0,6,0,8884,3661,2026-05-15
國泰台南,4775.0,0,107,8884,3661,2026-05-15
國泰台南,4785.0,10,0,8884,3661,2026-05-15
國泰台南,4800.0,70,0,8884,3661,2026-05-15
國泰台南,4695.0,3,0,8884,3661,2026-05-15
國泰台中,4670.0,1012,0,8882,3661,2026-05-15
國泰台中,4660.0,34,79,8882,3661,2026-05-15
國泰台中,4650.0,132,88,8882,3661,2026-05-15
玉山數位,4710.0,2,0,884M,3661,2026-05-15
玉山數位,4720.0,4,0,884M,3661,2026-05-15
玉山數位,4730.0,1,0,884M,3661,2026-05-15
玉山數位,4745.0,1,0,884M,3661,2026-05-15
玉山數位,4755.0,2,4,884M,3661,2026-05-15
玉山數位,4780.0,16,0,884M,3661,2026-05-15
玉山數位,4800.0,1,0,884M,3661,2026-05-15
玉山數位,4825.0,3,0,884M,3661,2026-05-15
國泰綜合,4605.0,3,1015,8880,3661,2026-05-15
國泰綜合,4615.0,3,0,8880,3661,2026-05-15
國泰綜合,4625.0,4,2010,8880,3661,2026-05-15
國泰綜合,4635.0,3,5,8880,3661,2026-05-15
國泰綜合,4655.0,1000,17000,8880,3661,2026-05-15
國泰綜合,4670.0,6,0,8880,3661,2026-05-15
國泰綜合,4680.0,3,0,8880,3661,2026-05-15
玉山數位,4700.0,45,0,884M,3661,2026-05-15
玉山數位,4680.0,10,0,884M,3661,2026-05-15
玉山數位,4670.0,3,0,884M,3661,2026-05-15
玉山數位,4660.0,17,0,884M,3661,2026-05-15
玉山大里,4650.0,111,0,884J,3661,2026-05-15
玉山大里,4660.0,10,0,884J,3661,2026-05-15
玉山大里,4670.0,1,0,884J,3661,2026-05-15
玉山大里,4680.0,20,0,884J,3661,2026-05-15
玉山大里,4690.0,1,0,884J,3661,2026-05-15
玉山大里,4700.0,25,0,884J,3661,2026-05-15
玉山大里,4710.0,5,0,884J,3661,2026-05-15
國泰綜合,4695.0,1,0,8880,3661,2026-05-15
玉山大里,4720.0,10,3,884J,3661,2026-05-15
玉山大里,4750.0,0,200,884J,3661,2026-05-15
玉山大里,4760.0,5,0,884J,3661,2026-05-15
玉山大里,4850.0,0,10,884J,3661,2026-05-15
玉山數位,4600.0,13,0,884M,3661,2026-05-15
玉山數位,4610.0,0,4,884M,3661,2026-05-15
玉山數位,4625.0,6,0,884M,3661,2026-05-15
玉山數位,4635.0,3,0,884M,3661,2026-05-15
玉山大里,4730.0,5,0,884J,3661,2026-05-15
國泰綜合,4705.0,19,0,8880,3661,2026-05-15
國泰綜合,4715.0,3,0,8880,3661,2026-05-15
國泰綜合,4725.0,1,30,8880,3661,2026-05-15
國泰高雄,4710.0,4,25,8881,3661,2026-05-15
國泰高雄,4720.0,2,17,8881,3661,2026-05-15
國泰高雄,4730.0,253,0,8881,3661,2026-05-15
國泰高雄,4740.0,17,0,8881,3661,2026-05-15
國泰高雄,4750.0,62,0,8881,3661,2026-05-15
國泰高雄,4765.0,18,0,8881,3661,2026-05-15
國泰高雄,4775.0,1,0,8881,3661,2026-05-15
國泰高雄,4700.0,475,2,8881,3661,2026-05-15
國泰高雄,4785.0,20,0,8881,3661,2026-05-15
國泰高雄,4805.0,6,0,8881,3661,2026-05-15
國泰高雄,4830.0,2,0,8881,3661,2026-05-15
國泰高雄,4965.0,1000,0,8881,3661,2026-05-15
國泰台中,4605.0,7,31,8882,3661,2026-05-15
國泰台中,4615.0,30,2,8882,3661,2026-05-15
國泰台中,4625.0,26,0,8882,3661,2026-05-15
國泰台中,4635.0,42,40,8882,3661,2026-05-15
國泰高雄,4795.0,22,0,8881,3661,2026-05-15
玉山高雄,4700.0,1059,30,8843,3661,2026-05-15
國泰高雄,4690.0,0,50,8881,3661,2026-05-15
國泰高雄,4670.0,143,0,8881,3661,2026-05-15
國泰綜合,4735.0,1,0,8880,3661,2026-05-15
國泰綜合,4745.0,2,0,8880,3661,2026-05-15
國泰綜合,4775.0,0,2000,8880,3661,2026-05-15
國泰綜合,4790.0,1,0,8880,3661,2026-05-15
國泰綜合,4805.0,1,0,8880,3661,2026-05-15
國泰綜合,4820.0,1,1000,8880,3661,2026-05-15
國泰綜合,4830.0,100,0,8880,3661,2026-05-15
國泰高雄,4680.0,104,200,8881,3661,2026-05-15
國泰綜合,4870.0,1,4000,8880,3661,2026-05-15
國泰高雄,4595.0,4,0,8881,3661,2026-05-15
國泰高雄,4605.0,61,0,8881,3661,2026-05-15
國泰高雄,4615.0,18,13,8881,3661,2026-05-15
國泰高雄,4625.0,32,8,8881,3661,2026-05-15
國泰高雄,4635.0,10,10,8881,3661,2026-05-15
國泰高雄,4650.0,6,3115,8881,3661,2026-05-15
國泰高雄,4660.0,22,157,8881,3661,2026-05-15
國泰綜合,4890.0,1,0,8880,3661,2026-05-15
富邦台中,4700.0,147,10,965K,3661,2026-05-15
台新九如,4840.0,3,0,9B21,3661,2026-05-15
富邦台中,4720.0,2,1000,965K,3661,2026-05-15
永豐鳳山,4830.0,0,10,9A61,3661,2026-05-15
永豐鳳山,4910.0,15,2,9A61,3661,2026-05-15
永豐鳳山,4990.0,0,1000,9A61,3661,2026-05-15
永豐屏東,4605.0,1000,0,9A69,3661,2026-05-15
永豐屏東,4630.0,0,1000,9A69,3661,2026-05-15
永豐屏東,4675.0,1,0,9A69,3661,2026-05-15
永豐屏東,4695.0,1000,0,9A69,3661,2026-05-15
永豐屏東,4720.0,50,0,9A69,3661,2026-05-15
永豐屏東,4730.0,5,0,9A69,3661,2026-05-15
永豐屏東,4750.0,10,0,9A69,3661,2026-05-15
永豐屏東,4790.0,1005,0,9A69,3661,2026-05-15
永豐屏東,4900.0,0,20,9A69,3661,2026-05-15
永豐埔里,4600.0,11,344,9A79,3661,2026-05-15
永豐埔里,4615.0,0,1000,9A79,3661,2026-05-15
永豐埔里,4650.0,20,8,9A79,3661,2026-05-15
永豐鳳山,4780.0,1000,0,9A61,3661,2026-05-15
永豐鳳山,4760.0,4,0,9A61,3661,2026-05-15
永豐鳳山,4740.0,122,0,9A61,3661,2026-05-15
永豐鳳山,4710.0,105,0,9A61,3661,2026-05-15
永豐金,4790.0,12,54,9A00,3661,2026-05-15
永豐金,4800.0,394,515,9A00,3661,2026-05-15
永豐金,4815.0,3,1,9A00,3661,2026-05-15
永豐金,4825.0,18,0,9A00,3661,2026-05-15
永豐金,4835.0,4,0,9A00,3661,2026-05-15
永豐金,4845.0,2000,0,9A00,3661,2026-05-15
永豐金,4860.0,7,167,9A00,3661,2026-05-15
永豐埔里,4680.0,10,0,9A79,3661,2026-05-15
永豐金,4880.0,2,0,9A00,3661,2026-05-15
永豐金,4900.0,181,80,9A00,3661,2026-05-15
永豐金,4910.0,7,2,9A00,3661,2026-05-15
永豐金,4940.0,1000,0,9A00,3661,2026-05-15
永豐金,4995.0,0,1000,9A00,3661,2026-05-15
永豐鳳山,4670.0,5,0,9A61,3661,2026-05-15
永豐鳳山,4685.0,100,0,9A61,3661,2026-05-15
永豐鳳山,4695.0,2,0,9A61,3661,2026-05-15
永豐金,4890.0,0,13,9A00,3661,2026-05-15
永豐金,4780.0,1012,1337,9A00,3661,2026-05-15
永豐埔里,4695.0,1000,0,9A79,3661,2026-05-15
永豐埔里,4725.0,0,58,9A79,3661,2026-05-15
永豐敦南,4655.0,25,3,9A8F,3661,2026-05-15
永豐敦南,4670.0,30,7,9A8F,3661,2026-05-15
永豐敦南,4685.0,1,0,9A8F,3661,2026-05-15
永豐敦南,4705.0,0,5,9A8F,3661,2026-05-15
永豐敦南,4720.0,10,5,9A8F,3661,2026-05-15
永豐敦南,4730.0,20,0,9A8F,3661,2026-05-15
永豐敦南,4740.0,1,0,9A8F,3661,2026-05-15
永豐敦南,4765.0,5,0,9A8F,3661,2026-05-15
永豐敦南,4795.0,0,40,9A8F,3661,2026-05-15
永豐敦南,4815.0,0,1,9A8F,3661,2026-05-15
永豐敦南,4855.0,0,1,9A8F,3661,2026-05-15
永豐敦南,4865.0,0,2,9A8F,3661,2026-05-15
永豐敦南,4890.0,25,0,9A8F,3661,2026-05-15
永豐松山,4600.0,7,0,9A91,3661,2026-05-15
永豐松山,4620.0,1,0,9A91,3661,2026-05-15
永豐敦南,4630.0,5,0,9A8F,3661,2026-05-15
永豐敦南,4620.0,1,0,9A8F,3661,2026-05-15
永豐敦南,4610.0,1,0,9A8F,3661,2026-05-15
永豐敦南,4600.0,7,0,9A8F,3661,2026-05-15
永豐埔里,4735.0,50,0,9A79,3661,2026-05-15
永豐埔里,4765.0,0,97,9A79,3661,2026-05-15
永豐埔里,4795.0,0,1,9A79,3661,2026-05-15
永豐匯立,4600.0,14,0,9A81,3661,2026-05-15
永豐敦北,4610.0,1,0,9A89,3661,2026-05-15
永豐敦北,4645.0,10,0,9A89,3661,2026-05-15
永豐敦北,4665.0,1,0,9A89,3661,2026-05-15
永豐埔里,4715.0,0,100,9A79,3661,2026-05-15
永豐敦北,4685.0,10,0,9A89,3661,2026-05-15
永豐敦北,4705.0,1,0,9A89,3661,2026-05-15
永豐敦北,4720.0,12,18,9A89,3661,2026-05-15
永豐敦北,4775.0,10,0,9A89,3661,2026-05-15
永豐敦北,4785.0,2,0,9A89,3661,2026-05-15
永豐敦北,4795.0,50,0,9A89,3661,2026-05-15
永豐敦北,4855.0,0,2,9A89,3661,2026-05-15
永豐敦北,4900.0,10,0,9A89,3661,2026-05-15
永豐敦北,4695.0,4,0,9A89,3661,2026-05-15
永豐松山,4650.0,0,5,9A91,3661,2026-05-15
永豐金,4770.0,13,35,9A00,3661,2026-05-15
永豐金,4750.0,521,1355,9A00,3661,2026-05-15
元大北重,4635.0,3,0,989V,3661,2026-05-15
元大北重,4665.0,4,0,989V,3661,2026-05-15
元大北重,4700.0,100,0,989V,3661,2026-05-15
元大北重,4710.0,0,68,989V,3661,2026-05-15
元大北重,4730.0,11,0,989V,3661,2026-05-15
元大北重,4740.0,130,0,989V,3661,2026-05-15
元大北重,4750.0,33,0,989V,3661,2026-05-15
元大北重,4765.0,30,0,989V,3661,2026-05-15
元大北重,4775.0,1,0,989V,3661,2026-05-15
元大北重,4800.0,3,0,989V,3661,2026-05-15
元大站前,4610.0,1,0,989W,3661,2026-05-15
元大站前,4620.0,5,0,989W,3661,2026-05-15
元大站前,4635.0,2,0,989W,3661,2026-05-15
元大站前,4665.0,6,0,989W,3661,2026-05-15
元大站前,4685.0,4,0,989W,3661,2026-05-15
元大北重,4600.0,6,7,989V,3661,2026-05-15
元大大甲,4835.0,1,0,989U,3661,2026-05-15
元大大甲,4795.0,0,60,989U,3661,2026-05-15
元大大甲,4770.0,6,0,989U,3661,2026-05-15
元大汐止,4890.0,2,0,989Q,3661,2026-05-15
元大鹿港,4600.0,5,0,989S,3661,2026-05-15
元大鹿港,4610.0,1,0,989S,3661,2026-05-15
元大鹿港,4655.0,1,0,989S,3661,2026-05-15
元大鹿港,4670.0,1,0,989S,3661,2026-05-15
元大鹿港,4695.0,5,0,989S,3661,2026-05-15
元大鹿港,4705.0,1,0,989S,3661,2026-05-15
元大站前,4695.0,5,0,989W,3661,2026-05-15
元大鹿港,4715.0,3,0,989S,3661,2026-05-15
元大鹿港,4795.0,0,10,989S,3661,2026-05-15
元大鹿港,4830.0,50,0,989S,3661,2026-05-15
元大大甲,4600.0,1,0,989U,3661,2026-05-15
元大大甲,4615.0,2,0,989U,3661,2026-05-15
元大大甲,4680.0,0,8,989U,3661,2026-05-15
元大大甲,4710.0,1,20,989U,3661,2026-05-15
元大大甲,4720.0,0,20,989U,3661,2026-05-15
元大鹿港,4735.0,0,20,989S,3661,2026-05-15
永豐金,4760.0,53,999,9A00,3661,2026-05-15
元大站前,4705.0,7,0,989W,3661,2026-05-15
元大站前,4735.0,0,13,989W,3661,2026-05-15
永豐金,4600.0,242,245,9A00,3661,2026-05-15
永豐金,4610.0,130,637,9A00,3661,2026-05-15
永豐金,4620.0,77,193,9A00,3661,2026-05-15
永豐金,4630.0,1098,1161,9A00,3661,2026-05-15
永豐金,4640.0,76,375,9A00,3661,2026-05-15
永豐金,4650.0,184,564,9A00,3661,2026-05-15
永豐金,4660.0,53,421,9A00,3661,2026-05-15
永豐金,4670.0,27,216,9A00,3661,2026-05-15
永豐金,4680.0,138,283,9A00,3661,2026-05-15
永豐金,4690.0,255,30,9A00,3661,2026-05-15
永豐金,4700.0,2264,1639,9A00,3661,2026-05-15
永豐金,4710.0,1044,145,9A00,3661,2026-05-15
永豐金,4720.0,3131,79,9A00,3661,2026-05-15
永豐金,4730.0,26,340,9A00,3661,2026-05-15
永豐金,4740.0,6,217,9A00,3661,2026-05-15
元大小港,4840.0,0,10,989Z,3661,2026-05-15
元大小港,4760.0,20,0,989Z,3661,2026-05-15
元大小港,4715.0,2,0,989Z,3661,2026-05-15
元大小港,4700.0,10,0,989Z,3661,2026-05-15
元大站前,4745.0,12,0,989W,3661,2026-05-15
元大站前,4800.0,2,0,989W,3661,2026-05-15
元大站前,4820.0,100,0,989W,3661,2026-05-15
元大三民,4625.0,5,0,989X,3661,2026-05-15
元大三民,4660.0,100,0,989X,3661,2026-05-15
元大三民,4690.0,5,0,989X,3661,2026-05-15
元大三民,4745.0,10,0,989X,3661,2026-05-15
元大站前,4720.0,7,0,989W,3661,2026-05-15
元大基隆,4610.0,10,0,989Y,3661,2026-05-15
元大基隆,4655.0,2,0,989Y,3661,2026-05-15
元大基隆,4680.0,1000,0,989Y,3661,2026-05-15
元大基隆,4710.0,0,20,989Y,3661,2026-05-15
元大基隆,4755.0,0,1000,989Y,3661,2026-05-15
元大基隆,4890.0,0,5,989Y,3661,2026-05-15
元大小港,4645.0,10,0,989Z,3661,2026-05-15
元大小港,4680.0,20,11,989Z,3661,2026-05-15
元大基隆,4635.0,10,0,989Y,3661,2026-05-15
元大汐止,4870.0,101,0,989Q,3661,2026-05-15
永豐松山,4685.0,10,0,9A91,3661,2026-05-15
永豐松山,4710.0,0,1000,9A91,3661,2026-05-15
永豐忠孝,4630.0,1,0,9A9D,3661,2026-05-15
永豐忠孝,4640.0,1,0,9A9D,3661,2026-05-15
永豐忠孝,4650.0,12,0,9A9D,3661,2026-05-15
永豐忠孝,4665.0,0,35,9A9D,3661,2026-05-15
永豐忠孝,4700.0,20,0,9A9D,3661,2026-05-15
永豐忠孝,4710.0,11,2,9A9D,3661,2026-05-15
永豐忠孝,4740.0,1,0,9A9D,3661,2026-05-15
永豐忠孝,4790.0,10,0,9A9D,3661,2026-05-15
永豐忠孝,4900.0,0,200,9A9D,3661,2026-05-15
永豐高雄,4605.0,0,40,9A9e,3661,2026-05-15
永豐高雄,4615.0,6,35,9A9e,3661,2026-05-15
永豐高雄,4650.0,3,0,9A9e,3661,2026-05-15
永豐高雄,4660.0,12,0,9A9e,3661,2026-05-15
永豐高雄,4680.0,12,0,9A9e,3661,2026-05-15
永豐高雄,4700.0,17,0,9A9e,3661,2026-05-15
永豐忠孝,4620.0,1,1,9A9D,3661,2026-05-15
永豐忠孝,4610.0,1,0,9A9D,3661,2026-05-15
永豐忠孝,4600.0,1,0,9A9D,3661,2026-05-15
永豐古亭,4890.0,0,65,9A9d,3661,2026-05-15
永豐永康,4750.0,20,0,9A9c,3661,2026-05-15
永豐永康,4810.0,50,0,9A9c,3661,2026-05-15
永豐永康,4840.0,1,0,9A9c,3661,2026-05-15
永豐永康,4865.0,0,2,9A9c,3661,2026-05-15
永豐員林,4605.0,0,50,9A9C,3661,2026-05-15
永豐員林,4670.0,1,10,9A9C,3661,2026-05-15
永豐員林,4690.0,2,22,9A9C,3661,2026-05-15
永豐高雄,4710.0,2002,0,9A9e,3661,2026-05-15
永豐員林,4705.0,10,20,9A9C,3661,2026-05-15
永豐員林,4910.0,10,0,9A9C,3661,2026-05-15
永豐古亭,4610.0,5,0,9A9d,3661,2026-05-15
永豐古亭,4625.0,5,65,9A9d,3661,2026-05-15
永豐古亭,4640.0,5,0,9A9d,3661,2026-05-15
永豐古亭,4685.0,5,0,9A9d,3661,2026-05-15
永豐古亭,4765.0,5,0,9A9d,3661,2026-05-15
永豐古亭,4790.0,2,0,9A9d,3661,2026-05-15
永豐員林,4800.0,10,0,9A9C,3661,2026-05-15
永豐永康,4735.0,10,0,9A9c,3661,2026-05-15
永豐高雄,4730.0,11,5,9A9e,3661,2026-05-15
永豐高雄,4755.0,0,100,9A9e,3661,2026-05-15
永豐天母,4700.0,50,0,9A9G,3661,2026-05-15
永豐天母,4740.0,3,0,9A9G,3661,2026-05-15
永豐台南,4600.0,52,4000,9A9h,3661,2026-05-15
永豐台南,4615.0,1002,0,9A9h,3661,2026-05-15
永豐台南,4625.0,58,0,9A9h,3661,2026-05-15
永豐台南,4635.0,13,15,9A9h,3661,2026-05-15
永豐台南,4655.0,0,7,9A9h,3661,2026-05-15
永豐台南,4665.0,0,8,9A9h,3661,2026-05-15
永豐台南,4680.0,8,0,9A9h,3661,2026-05-15
永豐台南,4695.0,5,0,9A9h,3661,2026-05-15
永豐台南,4705.0,17,0,9A9h,3661,2026-05-15
永豐台南,4720.0,1015,10,9A9h,3661,2026-05-15
永豐台南,4730.0,1001,0,9A9h,3661,2026-05-15
永豐台南,4755.0,0,15,9A9h,3661,2026-05-15
永豐台南,4780.0,1,0,9A9h,3661,2026-05-15
永豐天母,4685.0,6,0,9A9G,3661,2026-05-15
永豐天母,4655.0,2,0,9A9G,3661,2026-05-15
永豐天母,4630.0,2,0,9A9G,3661,2026-05-15
永豐天母,4615.0,20,1,9A9G,3661,2026-05-15
永豐高雄,4780.0,1010,5,9A9e,3661,2026-05-15
永豐高雄,4825.0,0,5,9A9e,3661,2026-05-15
永豐高雄,4900.0,5,0,9A9e,3661,2026-05-15
永豐內湖,4615.0,1,5,9A9g,3661,2026-05-15
永豐內湖,4645.0,0,1000,9A9g,3661,2026-05-15
永豐內湖,4665.0,5,0,9A9g,3661,2026-05-15
永豐內湖,4695.0,100,60,9A9g,3661,2026-05-15
永豐高雄,4745.0,0,100,9A9e,3661,2026-05-15
永豐內湖,4705.0,121,2,9A9g,3661,2026-05-15
永豐內湖,4730.0,1025,0,9A9g,3661,2026-05-15
永豐內湖,4750.0,0,6,9A9g,3661,2026-05-15
永豐內湖,4825.0,0,4,9A9g,3661,2026-05-15
永豐內湖,4865.0,2,0,9A9g,3661,2026-05-15
永豐內湖,4900.0,1005,0,9A9g,3661,2026-05-15
永豐內湖,4955.0,1000,0,9A9g,3661,2026-05-15
永豐天母,4605.0,3,0,9A9G,3661,2026-05-15
永豐內湖,4715.0,0,10015,9A9g,3661,2026-05-15
永豐松山,4700.0,42,0,9A91,3661,2026-05-15
永豐永康,4710.0,0,2,9A9c,3661,2026-05-15
永豐永康,4685.0,15,0,9A9c,3661,2026-05-15
永豐新竹,4700.0,5,0,9A97,3661,2026-05-15
永豐新竹,4710.0,1,0,9A97,3661,2026-05-15
永豐新竹,4775.0,0,10,9A97,3661,2026-05-15
永豐新竹,4795.0,1,0,9A97,3661,2026-05-15
永豐大園,4600.0,14,0,9A98,3661,2026-05-15
永豐大園,4630.0,5,2000,9A98,3661,2026-05-15
永豐大園,4660.0,10,0,9A98,3661,2026-05-15
永豐大園,4675.0,5,10,9A98,3661,2026-05-15
永豐大園,4700.0,2,0,9A98,3661,2026-05-15
永豐大園,4715.0,2,0,9A98,3661,2026-05-15
永豐大園,4735.0,1002,0,9A98,3661,2026-05-15
永豐大園,4750.0,2,0,9A98,3661,2026-05-15
永豐大園,4815.0,1000,0,9A98,3661,2026-05-15
永豐大園,4875.0,0,1000,9A98,3661,2026-05-15
永豐中壢,4600.0,15,0,9A99,3661,2026-05-15
永豐新竹,4680.0,3,5,9A97,3661,2026-05-15
永豐新竹,4650.0,62,0,9A97,3661,2026-05-15
永豐新竹,4610.0,2,0,9A97,3661,2026-05-15
永豐萬盛,4785.0,50,1,9A92,3661,2026-05-15
永豐松山,4725.0,1000,0,9A91,3661,2026-05-15
永豐松山,4735.0,5,0,9A91,3661,2026-05-15
永豐松山,4750.0,0,2,9A91,3661,2026-05-15
永豐松山,4770.0,1,0,9A91,3661,2026-05-15
永豐松山,4840.0,1000,1000,9A91,3661,2026-05-15
永豐松山,4910.0,1,0,9A91,3661,2026-05-15
永豐萬盛,4600.0,130,0,9A92,3661,2026-05-15
永豐中壢,4615.0,1,0,9A99,3661,2026-05-15
永豐萬盛,4625.0,0,8,9A92,3661,2026-05-15
永豐萬盛,4675.0,15,2,9A92,3661,2026-05-15
永豐萬盛,4685.0,10,0,9A92,3661,2026-05-15
永豐萬盛,4705.0,0,1000,9A92,3661,2026-05-15
永豐萬盛,4715.0,0,1,9A92,3661,2026-05-15
永豐萬盛,4725.0,101,0,9A92,3661,2026-05-15
永豐萬盛,4745.0,10,0,9A92,3661,2026-05-15
永豐萬盛,4760.0,1000,0,9A92,3661,2026-05-15
永豐萬盛,4655.0,400,0,9A92,3661,2026-05-15
永豐永康,4700.0,53,110,9A9c,3661,2026-05-15
永豐中壢,4630.0,1000,20,9A99,3661,2026-05-15
永豐中壢,4685.0,1,0,9A99,3661,2026-05-15
永豐羅東,4685.0,0,5,9A9A,3661,2026-05-15
永豐羅東,4700.0,8,26,9A9A,3661,2026-05-15
永豐羅東,4750.0,1,0,9A9A,3661,2026-05-15
永豐虎尾,4700.0,2,0,9A9b,3661,2026-05-15
永豐虎尾,4720.0,1,0,9A9b,3661,2026-05-15
永豐中和,4605.0,0,1000,9A9B,3661,2026-05-15
永豐中和,4620.0,200,0,9A9B,3661,2026-05-15
永豐中和,4650.0,10,0,9A9B,3661,2026-05-15
永豐中和,4700.0,125,0,9A9B,3661,2026-05-15
永豐永康,4595.0,10,0,9A9c,3661,2026-05-15
永豐永康,4605.0,1,0,9A9c,3661,2026-05-15
永豐永康,4630.0,23,0,9A9c,3661,2026-05-15
永豐永康,4655.0,20,0,9A9c,3661,2026-05-15
永豐永康,4665.0,0,6,9A9c,3661,2026-05-15
永豐永康,4675.0,21,0,9A9c,3661,2026-05-15
永豐羅東,4650.0,2,0,9A9A,3661,2026-05-15
永豐羅東,4610.0,5,0,9A9A,3661,2026-05-15
永豐羅東,4600.0,1,0,9A9A,3661,2026-05-15
永豐苓雅,4890.0,0,10,9A9a,3661,2026-05-15
永豐中壢,4700.0,10,0,9A99,3661,2026-05-15
永豐中壢,4710.0,0,10,9A99,3661,2026-05-15
永豐中壢,4735.0,1000,1,9A99,3661,2026-05-15
永豐中壢,4805.0,20,0,9A99,3661,2026-05-15
永豐中壢,4825.0,1,0,9A99,3661,2026-05-15
永豐中壢,4865.0,0,1000,9A99,3661,2026-05-15
永豐苓雅,4605.0,50,5,9A9a,3661,2026-05-15
永豐中壢,4670.0,0,20,9A99,3661,2026-05-15
永豐苓雅,4615.0,0,1000,9A9a,3661,2026-05-15
永豐苓雅,4635.0,0,100,9A9a,3661,2026-05-15
永豐苓雅,4675.0,0,150,9A9a,3661,2026-05-15
永豐苓雅,4700.0,40,10,9A9a,3661,2026-05-15
永豐苓雅,4710.0,1,0,9A9a,3661,2026-05-15
永豐苓雅,4725.0,20,0,9A9a,3661,2026-05-15
永豐苓雅,4745.0,2,0,9A9a,3661,2026-05-15
永豐苓雅,4795.0,50,0,9A9a,3661,2026-05-15
永豐苓雅,4625.0,0,2,9A9a,3661,2026-05-15
元大汐止,4830.0,100,0,989Q,3661,2026-05-15
元大汐止,4805.0,1,0,989Q,3661,2026-05-15
元大汐止,4795.0,10,0,989Q,3661,2026-05-15
元大板橋,4705.0,1,0,989C,3661,2026-05-15
元大板橋,4715.0,5,0,989C,3661,2026-05-15
元大板橋,4725.0,9,5,989C,3661,2026-05-15
元大板橋,4785.0,10,0,989C,3661,2026-05-15
元大板橋,4810.0,1,0,989C,3661,2026-05-15
元大板橋,4820.0,0,5,989C,3661,2026-05-15
元大板橋,4910.0,1000,0,989C,3661,2026-05-15
元大北屯,4615.0,4,0,989d,3661,2026-05-15
元大北屯,4635.0,1,0,989d,3661,2026-05-15
元大北屯,4675.0,12,0,989d,3661,2026-05-15
元大北屯,4685.0,10,0,989d,3661,2026-05-15
元大北屯,4695.0,1000,0,989d,3661,2026-05-15
元大北屯,4720.0,1,15,989d,3661,2026-05-15
元大北屯,4735.0,0,10,989d,3661,2026-05-15
元大北屯,4785.0,4,0,989d,3661,2026-05-15
元大板橋,4690.0,3,0,989C,3661,2026-05-15
元大板橋,4680.0,0,20,989C,3661,2026-05-15
元大板橋,4670.0,10,0,989C,3661,2026-05-15
元大板橋,4640.0,3,0,989C,3661,2026-05-15
元大北投,4900.0,0,10,989A,3661,2026-05-15
元大中港,4630.0,10,0,989B,3661,2026-05-15
元大中港,4655.0,10,5,989B,3661,2026-05-15
元大中港,4675.0,10,0,989B,3661,2026-05-15
元大中港,4685.0,15,0,989B,3661,2026-05-15
元大中港,4705.0,21,0,989B,3661,2026-05-15
元大中港,4715.0,10,100,989B,3661,2026-05-15
元大北屯,4805.0,74,0,989d,3661,2026-05-15
元大中港,4725.0,10,0,989B,3661,2026-05-15
元大中港,4760.0,10,0,989B,3661,2026-05-15
元大中港,4780.0,0,1000,989B,3661,2026-05-15
元大中港,4795.0,30,0,989B,3661,2026-05-15
元大中港,4840.0,0,1000,989B,3661,2026-05-15
元大中港,4870.0,10,0,989B,3661,2026-05-15
元大板橋,4600.0,0,50,989C,3661,2026-05-15
元大板橋,4625.0,10,2,989C,3661,2026-05-15
元大中港,4750.0,1000,0,989B,3661,2026-05-15
元大北投,4820.0,20,0,989A,3661,2026-05-15
元大北屯,4820.0,26,0,989d,3661,2026-05-15
元大左營,4600.0,1,0,989D,3661,2026-05-15
元大草屯,4640.0,25,0,989E,3661,2026-05-15
元大草屯,4650.0,2,0,989E,3661,2026-05-15
元大草屯,4660.0,9,0,989E,3661,2026-05-15
元大草屯,4670.0,21,0,989E,3661,2026-05-15
元大草屯,4680.0,13,0,989E,3661,2026-05-15
元大草屯,4690.0,2,0,989E,3661,2026-05-15
元大草屯,4700.0,64,0,989E,3661,2026-05-15
元大草屯,4710.0,5,0,989E,3661,2026-05-15
元大草屯,4720.0,13,0,989E,3661,2026-05-15
元大草屯,4735.0,20,0,989E,3661,2026-05-15
元大草屯,4745.0,10,0,989E,3661,2026-05-15
元大草屯,4755.0,10,0,989E,3661,2026-05-15
元大草屯,4775.0,5,0,989E,3661,2026-05-15
元大草屯,4785.0,20,0,989E,3661,2026-05-15
元大草屯,4795.0,10,0,989E,3661,2026-05-15
元大草屯,4630.0,10,0,989E,3661,2026-05-15
元大草屯,4620.0,1,3,989E,3661,2026-05-15
元大草屯,4610.0,22,0,989E,3661,2026-05-15
元大草屯,4600.0,5,0,989E,3661,2026-05-15
元大左營,4635.0,1,0,989D,3661,2026-05-15
元大左營,4660.0,1,0,989D,3661,2026-05-15
元大左營,4680.0,1,0,989D,3661,2026-05-15
元大左營,4690.0,1,0,989D,3661,2026-05-15
元大左營,4705.0,30,0,989D,3661,2026-05-15
元大左營,4740.0,5,0,989D,3661,2026-05-15
元大左營,4875.0,3,0,989D,3661,2026-05-15
元大北屯,4850.0,0,10,989d,3661,2026-05-15
元大中和,4605.0,0,3,989e,3661,2026-05-15
元大中和,4655.0,0,15,989e,3661,2026-05-15
元大中和,4670.0,5,0,989e,3661,2026-05-15
元大中和,4700.0,65,0,989e,3661,2026-05-15
元大中和,4725.0,0,1000,989e,3661,2026-05-15
元大中和,4780.0,5,0,989e,3661,2026-05-15
元大中和,4800.0,0,2000,989e,3661,2026-05-15
元大中和,4830.0,1,0,989e,3661,2026-05-15
元大中和,4625.0,5,10,989e,3661,2026-05-15
元大草屯,4805.0,2,0,989E,3661,2026-05-15
元大北投,4800.0,10,0,989A,3661,2026-05-15
元大北投,4765.0,10,0,989A,3661,2026-05-15
元大台南,4635.0,5,0,9896,3661,2026-05-15
元大台南,4680.0,1,50,9896,3661,2026-05-15
元大台南,4695.0,9,0,9896,3661,2026-05-15
元大台南,4705.0,9,0,9896,3661,2026-05-15
元大台南,4720.0,55,2,9896,3661,2026-05-15
元大台南,4735.0,15,0,9896,3661,2026-05-15
元大台南,4755.0,0,100,9896,3661,2026-05-15
元大台南,4795.0,0,30,9896,3661,2026-05-15
元大台南,4805.0,6,0,9896,3661,2026-05-15
元大台南,4820.0,10,0,9896,3661,2026-05-15
元大台南,4835.0,0,100,9896,3661,2026-05-15
元大土城,4600.0,10,0,9897,3661,2026-05-15
元大土城,4620.0,5,0,9897,3661,2026-05-15
元大土城,4655.0,1,0,9897,3661,2026-05-15
元大土城,4690.0,0,3,9897,3661,2026-05-15
元大台南,4620.0,13,0,9896,3661,2026-05-15
元大台南,4610.0,50,1000,9896,3661,2026-05-15
元大台南,4600.0,55,220,9896,3661,2026-05-15
元大桃興,4810.0,12,0,9894,3661,2026-05-15
元大大天,4700.0,1051,0,9893,3661,2026-05-15
元大大天,4720.0,0,55,9893,3661,2026-05-15
元大大天,4730.0,1000,0,9893,3661,2026-05-15
元大大天,4740.0,3,100,9893,3661,2026-05-15
元大大天,4750.0,2,0,9893,3661,2026-05-15
元大大天,4775.0,0,1,9893,3661,2026-05-15
元大大天,4800.0,2000,0,9893,3661,2026-05-15
元大土城,4725.0,5,0,9897,3661,2026-05-15
元大大天,4850.0,3000,0,9893,3661,2026-05-15
元大大天,4990.0,0,3000,9893,3661,2026-05-15
元大桃興,4625.0,0,1,9894,3661,2026-05-15
元大桃興,4660.0,10,1000,9894,3661,2026-05-15
元大桃興,4680.0,1,0,9894,3661,2026-05-15
元大桃興,4710.0,17,0,9894,3661,2026-05-15
元大桃興,4720.0,7,0,9894,3661,2026-05-15
元大桃興,4785.0,50,0,9894,3661,2026-05-15
元大大天,4870.0,0,1,9893,3661,2026-05-15
元大北投,4775.0,3,0,989A,3661,2026-05-15
元大土城,4770.0,1000,0,9897,3661,2026-05-15
元大土城,4860.0,50,0,9897,3661,2026-05-15
元大淡水,4750.0,20,0,9899,3661,2026-05-15
元大淡水,4785.0,2,10,9899,3661,2026-05-15
元大苑裡,4600.0,5,0,989a,3661,2026-05-15
元大苑裡,4650.0,1,0,989a,3661,2026-05-15
元大苑裡,4705.0,0,18,989a,3661,2026-05-15
元大苑裡,4730.0,1,0,989a,3661,2026-05-15
元大苑裡,4800.0,1000,0,989a,3661,2026-05-15
元大北投,4610.0,2,0,989A,3661,2026-05-15
元大北投,4635.0,0,25,989A,3661,2026-05-15
元大北投,4645.0,0,40,989A,3661,2026-05-15
元大北投,4670.0,2,0,989A,3661,2026-05-15
元大北投,4685.0,12,0,989A,3661,2026-05-15
元大北投,4700.0,77,0,989A,3661,2026-05-15
元大北投,4720.0,1,1,989A,3661,2026-05-15
元大北投,4740.0,20,0,989A,3661,2026-05-15
元大淡水,4735.0,2,0,9899,3661,2026-05-15
元大淡水,4725.0,10,0,9899,3661,2026-05-15
元大淡水,4705.0,10,0,9899,3661,2026-05-15
元大淡水,4680.0,10,0,9899,3661,2026-05-15
元大土城,4875.0,0,10,9897,3661,2026-05-15
元大新莊,4615.0,1,1,9898,3661,2026-05-15
元大新莊,4635.0,0,5,9898,3661,2026-05-15
元大新莊,4655.0,1,740,9898,3661,2026-05-15
元大新莊,4665.0,1,0,9898,3661,2026-05-15
元大新莊,4695.0,1,0,9898,3661,2026-05-15
元大新莊,4705.0,5,0,9898,3661,2026-05-15
元大土城,4810.0,5,0,9897,3661,2026-05-15
元大新莊,4730.0,10,0,9898,3661,2026-05-15
元大新莊,4795.0,1000,0,9898,3661,2026-05-15
元大新莊,4820.0,20,0,9898,3661,2026-05-15
元大新莊,4835.0,0,1000,9898,3661,2026-05-15
元大新莊,4910.0,20,1,9898,3661,2026-05-15
元大淡水,4605.0,11,0,9899,3661,2026-05-15
元大淡水,4630.0,12,0,9899,3661,2026-05-15
元大淡水,4670.0,36,0,9899,3661,2026-05-15
元大新莊,4770.0,1000,0,9898,3661,2026-05-15
元大草屯,4830.0,6,0,989E,3661,2026-05-15
元大草屯,4840.0,3,0,989E,3661,2026-05-15
元大草屯,4870.0,51,0,989E,3661,2026-05-15
元大成功,4690.0,0,100,989L,3661,2026-05-15
元大成功,4710.0,10,0,989L,3661,2026-05-15
元大成功,4720.0,0,2000,989L,3661,2026-05-15
元大成功,4730.0,0,1,989L,3661,2026-05-15
元大成功,4755.0,10,0,989L,3661,2026-05-15
元大成功,4780.0,10,0,989L,3661,2026-05-15
元大成功,4790.0,2,0,989L,3661,2026-05-15
元大成功,4800.0,10,0,989L,3661,2026-05-15
元大成功,4810.0,25,0,989L,3661,2026-05-15
元大成功,4885.0,3,0,989L,3661,2026-05-15
元大成功,4905.0,73,30,989L,3661,2026-05-15
元大信義,4605.0,1000,0,989m,3661,2026-05-15
元大信義,4630.0,100,0,989m,3661,2026-05-15
元大信義,4665.0,5,0,989m,3661,2026-05-15
元大信義,4725.0,1,0,989m,3661,2026-05-15
元大成功,4670.0,1000,0,989L,3661,2026-05-15
元大成功,4650.0,1,0,989L,3661,2026-05-15
元大成功,4605.0,0,2000,989L,3661,2026-05-15
元大古亭,4900.0,7,100,989k,3661,2026-05-15
元大彰生,4755.0,5,0,989J,3661,2026-05-15
元大彰生,4770.0,5,0,989J,3661,2026-05-15
元大彰生,4780.0,1,0,989J,3661,2026-05-15
元大彰生,4805.0,1,0,989J,3661,2026-05-15
元大古亭,4600.0,0,30,989k,3661,2026-05-15
元大古亭,4635.0,1001,10,989k,3661,2026-05-15
元大古亭,4670.0,0,2,989k,3661,2026-05-15
元大信義,4800.0,1,0,989m,3661,2026-05-15
元大古亭,4680.0,10,1,989k,3661,2026-05-15
元大古亭,4710.0,15,200,989k,3661,2026-05-15
元大古亭,4720.0,10,0,989k,3661,2026-05-15
元大古亭,4735.0,1,0,989k,3661,2026-05-15
元大古亭,4745.0,5,0,989k,3661,2026-05-15
元大古亭,4760.0,1,0,989k,3661,2026-05-15
元大古亭,4800.0,50,3,989k,3661,2026-05-15
元大古亭,4810.0,1,0,989k,3661,2026-05-15
元大古亭,4700.0,1054,0,989k,3661,2026-05-15
元大彰生,4735.0,10,0,989J,3661,2026-05-15
元大內湖,4600.0,12,7,989N,3661,2026-05-15
元大內湖,4630.0,5,20,989N,3661,2026-05-15
元大敦南,4765.0,0,50,989P,3661,2026-05-15
元大敦南,4800.0,0,361,989P,3661,2026-05-15
元大汐止,4600.0,56,38,989Q,3661,2026-05-15
元大汐止,4610.0,10,0,989Q,3661,2026-05-15
元大汐止,4630.0,17,0,989Q,3661,2026-05-15
元大汐止,4655.0,1027,0,989Q,3661,2026-05-15
元大汐止,4665.0,0,59,989Q,3661,2026-05-15
元大汐止,4675.0,0,29,989Q,3661,2026-05-15
元大汐止,4685.0,10,0,989Q,3661,2026-05-15
元大汐止,4695.0,110,0,989Q,3661,2026-05-15
元大汐止,4705.0,62,1000,989Q,3661,2026-05-15
元大汐止,4720.0,1,1,989Q,3661,2026-05-15
元大汐止,4735.0,85,0,989Q,3661,2026-05-15
元大汐止,4750.0,10,0,989Q,3661,2026-05-15
元大汐止,4760.0,10,0,989Q,3661,2026-05-15
元大敦南,4755.0,1,100,989P,3661,2026-05-15
元大敦南,4745.0,1,0,989P,3661,2026-05-15
元大敦南,4735.0,1000,0,989P,3661,2026-05-15
元大敦南,4720.0,100,0,989P,3661,2026-05-15
元大內湖,4650.0,15,0,989N,3661,2026-05-15
元大內湖,4680.0,30,0,989N,3661,2026-05-15
元大內湖,4700.0,140,65,989N,3661,2026-05-15
元大內湖,4710.0,1,0,989N,3661,2026-05-15
元大內湖,4725.0,30,1,989N,3661,2026-05-15
元大內湖,4805.0,0,22,989N,3661,2026-05-15
元大內湖,4890.0,0,2,989N,3661,2026-05-15
元大內湖,4620.0,0,5,989N,3661,2026-05-15
元大內湖,4905.0,2,0,989N,3661,2026-05-15
元大敦南,4620.0,0,5,989P,3661,2026-05-15
元大敦南,4630.0,2,0,989P,3661,2026-05-15
元大敦南,4645.0,0,1000,989P,3661,2026-05-15
元大敦南,4655.0,5,0,989P,3661,2026-05-15
元大敦南,4670.0,0,1004,989P,3661,2026-05-15
元大敦南,4685.0,1,0,989P,3661,2026-05-15
元大敦南,4700.0,100,0,989P,3661,2026-05-15
元大敦南,4600.0,0,2,989P,3661,2026-05-15
元大彰生,4705.0,3,0,989J,3661,2026-05-15
元大彰生,4695.0,10,0,989J,3661,2026-05-15
元大彰生,4680.0,2,0,989J,3661,2026-05-15
元大高雄,4750.0,1,1,989F,3661,2026-05-15
元大高雄,4765.0,10,0,989F,3661,2026-05-15
元大高雄,4775.0,3,0,989F,3661,2026-05-15
元大高雄,4820.0,2,0,989F,3661,2026-05-15
元大嘉義,4600.0,15,0,989g,3661,2026-05-15
元大嘉義,4615.0,5,26,989g,3661,2026-05-15
元大嘉義,4630.0,1,0,989g,3661,2026-05-15
元大嘉義,4650.0,14,0,989g,3661,2026-05-15
元大嘉義,4670.0,1,0,989g,3661,2026-05-15
元大嘉義,4700.0,8,0,989g,3661,2026-05-15
元大嘉義,4710.0,0,64,989g,3661,2026-05-15
元大嘉義,4720.0,4,0,989g,3661,2026-05-15
元大嘉義,4730.0,2,0,989g,3661,2026-05-15
元大嘉義,4740.0,3,0,989g,3661,2026-05-15
元大嘉義,4750.0,2,0,989g,3661,2026-05-15
元大高雄,4720.0,10,0,989F,3661,2026-05-15
元大高雄,4710.0,7,0,989F,3661,2026-05-15
元大高雄,4700.0,14,40,989F,3661,2026-05-15
元大高雄,4680.0,15,0,989F,3661,2026-05-15
元大東港,4600.0,10,0,989f,3661,2026-05-15
元大東港,4650.0,1,0,989f,3661,2026-05-15
元大東港,4675.0,7,0,989f,3661,2026-05-15
元大東港,4685.0,3,0,989f,3661,2026-05-15
元大東港,4710.0,1,0,989f,3661,2026-05-15
元大東港,4780.0,21,0,989f,3661,2026-05-15
元大東港,4795.0,1,3,989f,3661,2026-05-15
元大嘉義,4770.0,3,0,989g,3661,2026-05-15
元大東港,4805.0,0,3,989f,3661,2026-05-15
元大東港,4885.0,0,4,989f,3661,2026-05-15
元大東港,4905.0,0,6,989f,3661,2026-05-15
元大東港,4915.0,0,2,989f,3661,2026-05-15
元大高雄,4600.0,6,0,989F,3661,2026-05-15
元大高雄,4615.0,1,0,989F,3661,2026-05-15
元大高雄,4630.0,1,0,989F,3661,2026-05-15
元大高雄,4670.0,1,10,989F,3661,2026-05-15
元大東港,4835.0,1,0,989f,3661,2026-05-15
元大嘉義,4820.0,5,0,989g,3661,2026-05-15
元大大同,4600.0,2,0,989G,3661,2026-05-15
元大大同,4625.0,0,8,989G,3661,2026-05-15
元大樹林,4630.0,5,0,989j,3661,2026-05-15
元大樹林,4640.0,10,0,989j,3661,2026-05-15
元大樹林,4670.0,0,1000,989j,3661,2026-05-15
元大樹林,4690.0,10,0,989j,3661,2026-05-15
元大樹林,4710.0,50,2,989j,3661,2026-05-15
元大樹林,4720.0,6,0,989j,3661,2026-05-15
元大樹林,4755.0,0,50,989j,3661,2026-05-15
元大樹林,4620.0,0,10,989j,3661,2026-05-15
元大樹林,4780.0,0,20,989j,3661,2026-05-15
元大樹林,4830.0,5,0,989j,3661,2026-05-15
元大樹林,4890.0,50,0,989j,3661,2026-05-15
元大樹林,4900.0,0,5,989j,3661,2026-05-15
元大彰生,4615.0,10,10,989J,3661,2026-05-15
元大彰生,4630.0,10,0,989J,3661,2026-05-15
元大彰生,4640.0,0,40,989J,3661,2026-05-15
元大彰生,4655.0,10,0,989J,3661,2026-05-15
元大樹林,4795.0,5,0,989j,3661,2026-05-15
永豐台南,4800.0,1000,0,9A9h,3661,2026-05-15
元大樹林,4600.0,1,0,989j,3661,2026-05-15
元大蘆中,4805.0,0,10,989I,3661,2026-05-15
元大大同,4650.0,21,1000,989G,3661,2026-05-15
元大大同,4680.0,11,0,989G,3661,2026-05-15
元大大同,4690.0,1017,0,989G,3661,2026-05-15
元大大同,4720.0,1000,0,989G,3661,2026-05-15
元大大同,4735.0,1,0,989G,3661,2026-05-15
元大大同,4750.0,0,17,989G,3661,2026-05-15
元大大同,4805.0,1,0,989G,3661,2026-05-15
元大蘆中,4865.0,5,0,989I,3661,2026-05-15
元大大同,4910.0,0,20,989G,3661,2026-05-15
元大蘆中,4630.0,4,10,989I,3661,2026-05-15
元大蘆中,4685.0,7,0,989I,3661,2026-05-15
元大蘆中,4695.0,1,0,989I,3661,2026-05-15
元大蘆中,4705.0,2,0,989I,3661,2026-05-15
元大蘆中,4720.0,0,220,989I,3661,2026-05-15
元大蘆中,4735.0,2,0,989I,3661,2026-05-15
元大蘆中,4760.0,3,0,989I,3661,2026-05-15
元大蘆中,4615.0,0,2,989I,3661,2026-05-15
永豐台南,4835.0,5,0,9A9h,3661,2026-05-15
永豐台南,4880.0,1,0,9A9h,3661,2026-05-15
永豐台南,4920.0,1000,0,9A9h,3661,2026-05-15
台新緯城,4605.0,1000,0,9B2A,3661,2026-05-15
台新緯城,4630.0,2,0,9B2A,3661,2026-05-15
台新緯城,4680.0,58,0,9B2A,3661,2026-05-15
台新緯城,4705.0,70,0,9B2A,3661,2026-05-15
台新緯城,4720.0,0,1000,9B2A,3661,2026-05-15
台新緯城,4750.0,5,0,9B2A,3661,2026-05-15
台新緯城,4790.0,0,41,9B2A,3661,2026-05-15
台新緯城,4830.0,0,1000,9B2A,3661,2026-05-15
台新板橋,4610.0,5,0,9B2b,3661,2026-05-15
台新板橋,4625.0,10,0,9B2b,3661,2026-05-15
台新板橋,4650.0,10,0,9B2b,3661,2026-05-15
台新板橋,4660.0,10,0,9B2b,3661,2026-05-15
台新板橋,4695.0,1,0,9B2b,3661,2026-05-15
台新板橋,4710.0,1000,0,9B2b,3661,2026-05-15
台新板橋,4725.0,1,0,9B2b,3661,2026-05-15
台新松德,4750.0,0,50,9B2a,3661,2026-05-15
台新松德,4720.0,1,0,9B2a,3661,2026-05-15
台新松德,4710.0,1,0,9B2a,3661,2026-05-15
台新松德,4620.0,0,26,9B2a,3661,2026-05-15
台新林園,4615.0,1,0,9B27,3661,2026-05-15
台新林園,4685.0,20,0,9B27,3661,2026-05-15
台新林園,4730.0,50,0,9B27,3661,2026-05-15
台新林園,4890.0,0,10,9B27,3661,2026-05-15
台新北新,4600.0,30,0,9B28,3661,2026-05-15
台新北新,4700.0,10,0,9B28,3661,2026-05-15
台新府城,4610.0,1,0,9B29,3661,2026-05-15
台新板橋,4750.0,100,0,9B2b,3661,2026-05-15
台新府城,4620.0,5,0,9B29,3661,2026-05-15
台新府城,4645.0,3,0,9B29,3661,2026-05-15
台新府城,4655.0,1,0,9B29,3661,2026-05-15
台新府城,4675.0,1,0,9B29,3661,2026-05-15
台新府城,4710.0,1,0,9B29,3661,2026-05-15
台新府城,4725.0,20,0,9B29,3661,2026-05-15
台新府城,4775.0,0,30,9B29,3661,2026-05-15
台新府城,4990.0,1000,0,9B29,3661,2026-05-15
台新府城,4630.0,10,0,9B29,3661,2026-05-15
台新五權,4780.0,50,0,9B25,3661,2026-05-15
台新板橋,4800.0,200,2,9B2b,3661,2026-05-15
台新板橋,4885.0,1,0,9B2b,3661,2026-05-15
台新大昌,4680.0,5,0,9B2D,3661,2026-05-15
台新大昌,4700.0,7,0,9B2D,3661,2026-05-15
台新大昌,4720.0,60,0,9B2D,3661,2026-05-15
台新大昌,4730.0,7,0,9B2D,3661,2026-05-15
台新大昌,4750.0,2,0,9B2D,3661,2026-05-15
台新城中,4610.0,1,0,9B2E,3661,2026-05-15
台新城中,4675.0,10,0,9B2E,3661,2026-05-15
台新城中,4710.0,10,0,9B2E,3661,2026-05-15
台新城中,4730.0,55,0,9B2E,3661,2026-05-15
台新城中,4770.0,5,0,9B2E,3661,2026-05-15
台新城中,4800.0,55,0,9B2E,3661,2026-05-15
台新城中,4860.0,5,0,9B2E,3661,2026-05-15
台新中原,4630.0,0,5,9B2g,3661,2026-05-15
台新中原,4660.0,1,0,9B2g,3661,2026-05-15
台新中原,4705.0,6,0,9B2g,3661,2026-05-15
台新大昌,4660.0,10,0,9B2D,3661,2026-05-15
台新大昌,4630.0,0,1080,9B2D,3661,2026-05-15
台新大昌,4615.0,1,0,9B2D,3661,2026-05-15
台新潮州,4755.0,0,1000,9B2C,3661,2026-05-15
台新永和,4615.0,0,2,9B2B,3661,2026-05-15
台新永和,4670.0,10,0,9B2B,3661,2026-05-15
台新永和,4690.0,0,4,9B2B,3661,2026-05-15
台新永和,4720.0,40,0,9B2B,3661,2026-05-15
台新永和,4735.0,20,0,9B2B,3661,2026-05-15
台新永和,4760.0,10,0,9B2B,3661,2026-05-15
台新永和,4785.0,20,0,9B2B,3661,2026-05-15
台新板橋,4830.0,100,0,9B2b,3661,2026-05-15
台新永和,4860.0,0,10,9B2B,3661,2026-05-15
台新烏日,4635.0,2,0,9B2c,3661,2026-05-15
台新烏日,4650.0,5,0,9B2c,3661,2026-05-15
台新烏日,4685.0,1,0,9B2c,3661,2026-05-15
台新烏日,4880.0,1000,0,9B2c,3661,2026-05-15
台新潮州,4620.0,5,0,9B2C,3661,2026-05-15
台新潮州,4655.0,3,0,9B2C,3661,2026-05-15
台新潮州,4705.0,5,0,9B2C,3661,2026-05-15
台新烏日,4600.0,1,0,9B2c,3661,2026-05-15
台新中原,4740.0,10,0,9B2g,3661,2026-05-15
台新五權,4725.0,3,0,9B25,3661,2026-05-15
台新五權,4685.0,40,0,9B25,3661,2026-05-15
台新台中,4625.0,1,120,9B1h,3661,2026-05-15
台新台中,4635.0,15,0,9B1h,3661,2026-05-15
台新台中,4650.0,11,9,9B1h,3661,2026-05-15
台新台中,4660.0,10,2000,9B1h,3661,2026-05-15
台新台中,4675.0,1,0,9B1h,3661,2026-05-15
台新台中,4685.0,18,0,9B1h,3661,2026-05-15
台新台中,4695.0,12,200,9B1h,3661,2026-05-15
台新台中,4705.0,21,1002,9B1h,3661,2026-05-15
台新台中,4715.0,10,0,9B1h,3661,2026-05-15
台新台中,4730.0,4,0,9B1h,3661,2026-05-15
台新台中,4740.0,3,0,9B1h,3661,2026-05-15
台新台中,4755.0,1,0,9B1h,3661,2026-05-15
台新台中,4780.0,56,0,9B1h,3661,2026-05-15
台新台中,4805.0,0,6,9B1h,3661,2026-05-15
台新台中,4815.0,4,0,9B1h,3661,2026-05-15
台新台中,4615.0,0,37,9B1h,3661,2026-05-15
台新台中,4605.0,1020,11,9B1h,3661,2026-05-15
台新高雄,4885.0,0,1000,9B1g,3661,2026-05-15
台新高雄,4835.0,0,30,9B1g,3661,2026-05-15
台新高雄,4625.0,75,0,9B1g,3661,2026-05-15
台新高雄,4635.0,0,250,9B1g,3661,2026-05-15
台新高雄,4650.0,76,0,9B1g,3661,2026-05-15
台新高雄,4660.0,19,0,9B1g,3661,2026-05-15
台新高雄,4680.0,16,0,9B1g,3661,2026-05-15
台新高雄,4690.0,104,10,9B1g,3661,2026-05-15
台新高雄,4700.0,41,782,9B1g,3661,2026-05-15
台新台中,4825.0,1005,0,9B1h,3661,2026-05-15
台新高雄,4710.0,22,5,9B1g,3661,2026-05-15
台新高雄,4730.0,63,10,9B1g,3661,2026-05-15
台新高雄,4740.0,1,0,9B1g,3661,2026-05-15
台新高雄,4750.0,17,0,9B1g,3661,2026-05-15
台新高雄,4760.0,2,0,9B1g,3661,2026-05-15
台新高雄,4770.0,1000,0,9B1g,3661,2026-05-15
台新高雄,4805.0,5,0,9B1g,3661,2026-05-15
台新高雄,4825.0,10,0,9B1g,3661,2026-05-15
台新高雄,4720.0,5,0,9B1g,3661,2026-05-15
台新五權,4715.0,5,0,9B25,3661,2026-05-15
台新台中,4850.0,50,0,9B1h,3661,2026-05-15
台新台中,4900.0,20,110,9B1h,3661,2026-05-15
台新九如,4665.0,1,0,9B21,3661,2026-05-15
台新九如,4685.0,1,0,9B21,3661,2026-05-15
台新九如,4725.0,6,0,9B21,3661,2026-05-15
兆豐竹北,4765.0,1,0,7007,3661,2026-05-15
台新新店,4610.0,13,0,9B22,3661,2026-05-15
台新新店,4650.0,10,0,9B22,3661,2026-05-15
台新新店,4685.0,0,1000,9B22,3661,2026-05-15
台新新店,4705.0,1,0,9B22,3661,2026-05-15
台新新店,4760.0,1,0,9B22,3661,2026-05-15
台新新店,4800.0,5,0,9B22,3661,2026-05-15
台新三重,4610.0,0,10,9B23,3661,2026-05-15
台新三重,4700.0,0,40,9B23,3661,2026-05-15
台新三重,4750.0,10,0,9B23,3661,2026-05-15
台新三重,4800.0,57,0,9B23,3661,2026-05-15
台新五權,4670.0,20,0,9B25,3661,2026-05-15
台新九如,4600.0,2,0,9B21,3661,2026-05-15
台新台北,4865.0,0,1,9B20,3661,2026-05-15
台新台北,4750.0,0,1000,9B20,3661,2026-05-15
台新台北,4730.0,400,0,9B20,3661,2026-05-15
台新台中,4965.0,1000,0,9B1h,3661,2026-05-15
台新屏東,4670.0,3,0,9B1n,3661,2026-05-15
台新屏東,4690.0,1,0,9B1n,3661,2026-05-15
台新屏東,4710.0,1,0,9B1n,3661,2026-05-15
台新中壢,4610.0,2,0,9B1y,3661,2026-05-15
台新中壢,4625.0,0,5,9B1y,3661,2026-05-15
台新中壢,4640.0,0,10,9B1y,3661,2026-05-15
台新台中,4860.0,0,5,9B1h,3661,2026-05-15
台新中壢,4665.0,3,0,9B1y,3661,2026-05-15
台新中壢,4695.0,42,0,9B1y,3661,2026-05-15
台新中壢,4705.0,0,3,9B1y,3661,2026-05-15
台新中壢,4750.0,0,2,9B1y,3661,2026-05-15
台新中壢,4810.0,0,3,9B1y,3661,2026-05-15
台新中壢,4890.0,0,7,9B1y,3661,2026-05-15
台新台北,4630.0,20,0,9B20,3661,2026-05-15
台新台北,4705.0,2,2000,9B20,3661,2026-05-15
台新中壢,4685.0,1,0,9B1y,3661,2026-05-15
台新中原,4805.0,0,99,9B2g,3661,2026-05-15
台新中原,4915.0,0,28,9B2g,3661,2026-05-15
台新新竹,4610.0,1,0,9B2G,3661,2026-05-15
台新世貿,4600.0,100,100,9B2u,3661,2026-05-15
台新世貿,4630.0,1,0,9B2u,3661,2026-05-15
台新世貿,4680.0,2,0,9B2u,3661,2026-05-15
台新世貿,4700.0,1,0,9B2u,3661,2026-05-15
台新世貿,4730.0,5,0,9B2u,3661,2026-05-15
台新世貿,4785.0,2,0,9B2u,3661,2026-05-15
台新世貿,5000.0,0,1000,9B2u,3661,2026-05-15
台新宜蘭,4670.0,2,0,9B2U,3661,2026-05-15
台新宜蘭,4700.0,1,0,9B2U,3661,2026-05-15
台新宜蘭,4730.0,1,0,9B2U,3661,2026-05-15
台新宜蘭,4965.0,1000,0,9B2U,3661,2026-05-15
台新桃園,4695.0,5,0,9B2v,3661,2026-05-15
台新桃園,4710.0,1000,0,9B2v,3661,2026-05-15
台新桃園,4755.0,0,2000,9B2v,3661,2026-05-15
台新佳里,4600.0,1,20,9B2w,3661,2026-05-15
台新基隆,4720.0,0,30,9B2S,3661,2026-05-15
台新基隆,4650.0,20,0,9B2S,3661,2026-05-15
台新城東,4945.0,1000,0,9B2r,3661,2026-05-15
台新城東,4860.0,0,5,9B2r,3661,2026-05-15
台新敦南,4800.0,20,0,9B2Q,3661,2026-05-15
台新城東,4600.0,1310,0,9B2r,3661,2026-05-15
台新城東,4625.0,9,0,9B2r,3661,2026-05-15
台新城東,4650.0,5,0,9B2r,3661,2026-05-15
台新城東,4670.0,1156,0,9B2r,3661,2026-05-15
台新城東,4680.0,10,0,9B2r,3661,2026-05-15
台新城東,4690.0,5,0,9B2r,3661,2026-05-15
台新佳里,4615.0,2,0,9B2w,3661,2026-05-15
台新城東,4700.0,243,0,9B2r,3661,2026-05-15
台新城東,4720.0,5,0,9B2r,3661,2026-05-15
台新城東,4730.0,5,0,9B2r,3661,2026-05-15
台新城東,4750.0,5,0,9B2r,3661,2026-05-15
台新城東,4785.0,1,0,9B2r,3661,2026-05-15
台新城東,4795.0,5,0,9B2r,3661,2026-05-15
台新城東,4810.0,5,0,9B2r,3661,2026-05-15
台新城東,4820.0,5,0,9B2r,3661,2026-05-15
台新城東,4710.0,17,1,9B2r,3661,2026-05-15
台新敦南,4750.0,10,0,9B2Q,3661,2026-05-15
台新佳里,4660.0,0,1000,9B2w,3661,2026-05-15
台新佳里,4710.0,1000,0,9B2w,3661,2026-05-15
台新埔里,4800.0,1000,0,9B2Y,3661,2026-05-15
台新文心,4615.0,10,0,9B2z,3661,2026-05-15
台新文心,4635.0,0,5,9B2z,3661,2026-05-15
台新文心,4690.0,8,0,9B2z,3661,2026-05-15
台新文心,4705.0,55,0,9B2z,3661,2026-05-15
台新文心,4720.0,5,0,9B2z,3661,2026-05-15
台新文心,4840.0,0,1,9B2z,3661,2026-05-15
台新文心,4865.0,10,0,9B2z,3661,2026-05-15
台新安南,4610.0,6,0,9B2Z,3661,2026-05-15
台新安南,4650.0,100,0,9B2Z,3661,2026-05-15
台新安南,4670.0,5,0,9B2Z,3661,2026-05-15
台新安南,4710.0,85,0,9B2Z,3661,2026-05-15
台新安南,4720.0,5,0,9B2Z,3661,2026-05-15
台新安南,4740.0,5,0,9B2Z,3661,2026-05-15
台新安南,4780.0,5,0,9B2Z,3661,2026-05-15
台新埔里,4725.0,1000,0,9B2Y,3661,2026-05-15
台新花蓮,4860.0,10,0,9B2y,3661,2026-05-15
台新花蓮,4785.0,10,0,9B2y,3661,2026-05-15
台新花蓮,4705.0,0,2,9B2y,3661,2026-05-15
台新佳里,4810.0,0,8,9B2w,3661,2026-05-15
台新吉利,4600.0,10,0,9B2W,3661,2026-05-15
台新吉利,4635.0,0,44,9B2W,3661,2026-05-15
台新吉利,4650.0,10,0,9B2W,3661,2026-05-15
台新吉利,4700.0,15,0,9B2W,3661,2026-05-15
台新吉利,4755.0,5,0,9B2W,3661,2026-05-15
台新吉利,4800.0,10,0,9B2W,3661,2026-05-15
台新佳里,4700.0,0,1000,9B2w,3661,2026-05-15
台新草屯,4635.0,1,0,9B2X,3661,2026-05-15
台新草屯,4700.0,50,0,9B2X,3661,2026-05-15
台新草屯,4725.0,20,0,9B2X,3661,2026-05-15
台新草屯,4780.0,50,0,9B2X,3661,2026-05-15
台新草屯,4800.0,50,0,9B2X,3661,2026-05-15
台新草屯,4900.0,0,20,9B2X,3661,2026-05-15
台新花蓮,4610.0,0,1000,9B2y,3661,2026-05-15
台新花蓮,4675.0,30,0,9B2y,3661,2026-05-15
台新草屯,4680.0,10,0,9B2X,3661,2026-05-15
台新敦南,4715.0,3,0,9B2Q,3661,2026-05-15
台新敦南,4675.0,3,0,9B2Q,3661,2026-05-15
台新敦南,4650.0,3,0,9B2Q,3661,2026-05-15
台新大裕,4705.0,0,2000,9B2l,3661,2026-05-15
台新大裕,4720.0,1,0,9B2l,3661,2026-05-15
台新大裕,4770.0,2,0,9B2l,3661,2026-05-15
台新大裕,4785.0,2,0,9B2l,3661,2026-05-15
台新大裕,4820.0,200,0,9B2l,3661,2026-05-15
台新大裕,4860.0,0,2,9B2l,3661,2026-05-15
台新大裕,4915.0,1000,0,9B2l,3661,2026-05-15
台新北壢,4650.0,107,0,9B2L,3661,2026-05-15
台新北壢,4680.0,17,0,9B2L,3661,2026-05-15
台新北壢,4690.0,5,0,9B2L,3661,2026-05-15
台新北壢,4700.0,10,0,9B2L,3661,2026-05-15
台新北壢,4710.0,30,0,9B2L,3661,2026-05-15
台新北壢,4740.0,10,0,9B2L,3661,2026-05-15
台新北壢,4765.0,10,0,9B2L,3661,2026-05-15
台新北壢,4815.0,10,0,9B2L,3661,2026-05-15
台新大裕,4690.0,3,0,9B2l,3661,2026-05-15
台新大裕,4680.0,0,10,9B2l,3661,2026-05-15
台新大裕,4660.0,0,1000,9B2l,3661,2026-05-15
台新大裕,4615.0,10,122,9B2l,3661,2026-05-15
台新新竹,4620.0,1,0,9B2G,3661,2026-05-15
台新新竹,4635.0,1,0,9B2G,3661,2026-05-15
台新新竹,4670.0,1001,0,9B2G,3661,2026-05-15
台新新竹,4700.0,2,0,9B2G,3661,2026-05-15
台新新竹,4750.0,1,0,9B2G,3661,2026-05-15
台新信義,4655.0,0,5,9B2H,3661,2026-05-15
台新信義,4675.0,1,0,9B2H,3661,2026-05-15
台新北壢,4895.0,20,0,9B2L,3661,2026-05-15
台新信義,4755.0,1,0,9B2H,3661,2026-05-15
台新中港,4680.0,0,1000,9B2i,3661,2026-05-15
台新中港,4780.0,1,0,9B2i,3661,2026-05-15
台新中港,4810.0,0,1,9B2i,3661,2026-05-15
台新嘉義,4605.0,5,0,9B2I,3661,2026-05-15
台新嘉義,4655.0,10,0,9B2I,3661,2026-05-15
台新嘉義,4700.0,4,260,9B2I,3661,2026-05-15
台新嘉義,4725.0,1,0,9B2I,3661,2026-05-15
台新信義,4920.0,1000,0,9B2H,3661,2026-05-15
台新北壢,4910.0,0,10,9B2L,3661,2026-05-15
台新成功,4605.0,2,0,9B2m,3661,2026-05-15
台新成功,4620.0,0,10,9B2m,3661,2026-05-15
台新新興,4725.0,1,0,9B2o,3661,2026-05-15
台新新興,4735.0,2002,0,9B2o,3661,2026-05-15
台新新興,4760.0,0,110,9B2o,3661,2026-05-15
台新新興,4795.0,1,0,9B2o,3661,2026-05-15
台新新興,4895.0,0,1,9B2o,3661,2026-05-15
台新同大,4615.0,2,50,9B2P,3661,2026-05-15
台新同大,4650.0,0,10,9B2P,3661,2026-05-15
台新新興,4715.0,10,1000,9B2o,3661,2026-05-15
台新同大,4670.0,2,0,9B2P,3661,2026-05-15
台新同大,4730.0,3,0,9B2P,3661,2026-05-15
台新屏新,4630.0,5,0,9B2q,3661,2026-05-15
台新屏新,4700.0,3,0,9B2q,3661,2026-05-15
台新屏新,4710.0,17,0,9B2q,3661,2026-05-15
台新屏新,4720.0,2,5,9B2q,3661,2026-05-15
台新屏新,4745.0,1,0,9B2q,3661,2026-05-15
台新屏新,4760.0,1,0,9B2q,3661,2026-05-15
台新同大,4695.0,4,0,9B2P,3661,2026-05-15
台新高雄,4615.0,10,100,9B1g,3661,2026-05-15
台新新興,4690.0,10,0,9B2o,3661,2026-05-15
台新新興,4605.0,10,0,9B2o,3661,2026-05-15
台新成功,4655.0,200,0,9B2m,3661,2026-05-15
台新成功,4685.0,5,0,9B2m,3661,2026-05-15
台新成功,4705.0,10,10,9B2m,3661,2026-05-15
台新成功,4720.0,10,0,9B2m,3661,2026-05-15
台新成功,4800.0,0,18,9B2m,3661,2026-05-15
台新彰化,4655.0,5,0,9B2M,3661,2026-05-15
台新彰化,4815.0,10,0,9B2M,3661,2026-05-15
台新新興,4660.0,10,0,9B2o,3661,2026-05-15
台新西松,4605.0,0,100,9B2n,3661,2026-05-15
台新西松,4695.0,1,0,9B2n,3661,2026-05-15
台新西松,4730.0,20,30,9B2n,3661,2026-05-15
台新西松,4915.0,100,0,9B2n,3661,2026-05-15
台新虎尾,4680.0,1,0,9B2N,3661,2026-05-15
台新虎尾,4700.0,0,5,9B2N,3661,2026-05-15
台新虎尾,4755.0,5,0,9B2N,3661,2026-05-15
台新虎尾,4815.0,1,0,9B2N,3661,2026-05-15
台新西松,4655.0,10,0,9B2n,3661,2026-05-15
元大大天,4670.0,25,0,9893,3661,2026-05-15
台新高雄,4605.0,0,1000,9B1g,3661,2026-05-15
台新左楠,4815.0,5,0,9B1d,3661,2026-05-15
永豐豐原,4910.0,0,10,9A9Q,3661,2026-05-15
永豐北高,4605.0,2,9,9A9r,3661,2026-05-15
永豐北高,4620.0,1,0,9A9r,3661,2026-05-15
永豐北高,4640.0,0,2,9A9r,3661,2026-05-15
永豐北高,4650.0,0,4,9A9r,3661,2026-05-15
永豐北高,4660.0,5,0,9A9r,3661,2026-05-15
永豐北高,4690.0,0,1000,9A9r,3661,2026-05-15
永豐北高,4710.0,66,0,9A9r,3661,2026-05-15
永豐北高,4840.0,10,0,9A9r,3661,2026-05-15
永豐信義,4645.0,0,1,9A9R,3661,2026-05-15
永豐信義,4660.0,5,0,9A9R,3661,2026-05-15
永豐彰化,4680.0,20,0,9A9s,3661,2026-05-15
永豐彰化,4705.0,38,0,9A9s,3661,2026-05-15
永豐彰化,4720.0,2,0,9A9s,3661,2026-05-15
永豐彰化,4730.0,20,0,9A9s,3661,2026-05-15
永豐豐原,4690.0,1,0,9A9Q,3661,2026-05-15
永豐豐原,4670.0,5,0,9A9Q,3661,2026-05-15
永豐豐原,4600.0,1,0,9A9Q,3661,2026-05-15
永豐潮州,4810.0,3,0,9A9q,3661,2026-05-15
永豐竹北,4600.0,101,0,9A9P,3661,2026-05-15
永豐竹北,4610.0,146,45,9A9P,3661,2026-05-15
永豐竹北,4625.0,11,0,9A9P,3661,2026-05-15
永豐竹北,4645.0,1,0,9A9P,3661,2026-05-15
永豐竹北,4655.0,1,0,9A9P,3661,2026-05-15
永豐竹北,4665.0,3,0,9A9P,3661,2026-05-15
永豐竹北,4680.0,0,30,9A9P,3661,2026-05-15
永豐彰化,4800.0,2,0,9A9s,3661,2026-05-15
永豐竹北,4700.0,2,0,9A9P,3661,2026-05-15
永豐竹北,4725.0,5,0,9A9P,3661,2026-05-15
永豐竹北,4760.0,0,100,9A9P,3661,2026-05-15
永豐竹北,4800.0,50,0,9A9P,3661,2026-05-15
永豐竹北,4910.0,14,0,9A9P,3661,2026-05-15
永豐潮州,4650.0,11,0,9A9q,3661,2026-05-15
永豐潮州,4700.0,3,1000,9A9q,3661,2026-05-15
永豐潮州,4780.0,10,0,9A9q,3661,2026-05-15
永豐竹北,4715.0,5,0,9A9P,3661,2026-05-15
永豐桃盛,4860.0,0,5,9A9N,3661,2026-05-15
永豐彰化,4900.0,10,0,9A9s,3661,2026-05-15
永豐南京,4605.0,1001,0,9A9S,3661,2026-05-15
永豐中正,4710.0,76,0,9A9U,3661,2026-05-15
永豐中正,4730.0,0,10,9A9U,3661,2026-05-15
永豐中正,4750.0,10,0,9A9U,3661,2026-05-15
永豐中正,4800.0,0,10000,9A9U,3661,2026-05-15
永豐中正,4855.0,8,0,9A9U,3661,2026-05-15
永豐中正,4900.0,11,0,9A9U,3661,2026-05-15
永豐市政,4595.0,0,1000,9A9W,3661,2026-05-15
永豐市政,4605.0,10,7,9A9W,3661,2026-05-15
永豐市政,4615.0,20,1,9A9W,3661,2026-05-15
永豐市政,4630.0,5,0,9A9W,3661,2026-05-15
永豐市政,4645.0,20,0,9A9W,3661,2026-05-15
永豐市政,4655.0,19,15,9A9W,3661,2026-05-15
永豐市政,4670.0,15,2000,9A9W,3661,2026-05-15
永豐市政,4680.0,79,0,9A9W,3661,2026-05-15
永豐市政,4690.0,10,5,9A9W,3661,2026-05-15
永豐中正,4700.0,6,0,9A9U,3661,2026-05-15
永豐中正,4685.0,1,0,9A9U,3661,2026-05-15
永豐中正,4675.0,12,0,9A9U,3661,2026-05-15
永豐中正,4665.0,1,6,9A9U,3661,2026-05-15
永豐南京,4620.0,1,0,9A9S,3661,2026-05-15
永豐南京,4640.0,1,0,9A9S,3661,2026-05-15
永豐南京,4670.0,1,0,9A9S,3661,2026-05-15
永豐南京,4685.0,1,0,9A9S,3661,2026-05-15
永豐南京,4700.0,1,0,9A9S,3661,2026-05-15
永豐南京,4715.0,0,1001,9A9S,3661,2026-05-15
永豐南京,4755.0,0,1,9A9S,3661,2026-05-15
永豐南京,4595.0,1,0,9A9S,3661,2026-05-15
永豐南京,4765.0,1,0,9A9S,3661,2026-05-15
永豐南京,4800.0,1,0,9A9S,3661,2026-05-15
永豐南京,4815.0,0,1,9A9S,3661,2026-05-15
永豐南京,4865.0,0,1,9A9S,3661,2026-05-15
永豐中正,4605.0,0,5,9A9U,3661,2026-05-15
永豐中正,4615.0,0,15,9A9U,3661,2026-05-15
永豐中正,4635.0,101,0,9A9U,3661,2026-05-15
永豐中正,4655.0,4,0,9A9U,3661,2026-05-15
永豐南京,4780.0,1,0,9A9S,3661,2026-05-15
永豐市政,4700.0,2,2,9A9W,3661,2026-05-15
永豐桃盛,4785.0,20,0,9A9N,3661,2026-05-15
永豐桃盛,4720.0,11,0,9A9N,3661,2026-05-15
永豐嘉義,4700.0,50,0,9A9j,3661,2026-05-15
永豐嘉義,4710.0,1,0,9A9j,3661,2026-05-15
永豐嘉義,4735.0,100,0,9A9j,3661,2026-05-15
永豐嘉義,4755.0,0,1,9A9j,3661,2026-05-15
永豐板新,4600.0,50,25,9A9J,3661,2026-05-15
永豐板新,4610.0,14,0,9A9J,3661,2026-05-15
永豐板新,4620.0,10,0,9A9J,3661,2026-05-15
永豐板新,4630.0,34,100,9A9J,3661,2026-05-15
永豐板新,4640.0,20,0,9A9J,3661,2026-05-15
永豐板新,4655.0,1,0,9A9J,3661,2026-05-15
永豐板新,4665.0,21,0,9A9J,3661,2026-05-15
永豐板新,4675.0,14,0,9A9J,3661,2026-05-15
永豐板新,4685.0,1,0,9A9J,3661,2026-05-15
永豐板新,4700.0,106,0,9A9J,3661,2026-05-15
永豐板新,4710.0,5,0,9A9J,3661,2026-05-15
永豐嘉義,4680.0,0,1,9A9j,3661,2026-05-15
永豐嘉義,4615.0,10,0,9A9j,3661,2026-05-15
永豐嘉義,4600.0,1,0,9A9j,3661,2026-05-15
永豐新店,4900.0,0,6,9A9i,3661,2026-05-15
永豐新莊,4595.0,0,100,9A9H,3661,2026-05-15
永豐新莊,4605.0,1000,100,9A9H,3661,2026-05-15
永豐新莊,4630.0,3,0,9A9H,3661,2026-05-15
永豐新莊,4665.0,10,0,9A9H,3661,2026-05-15
永豐新莊,4700.0,25,2025,9A9H,3661,2026-05-15
永豐新莊,4715.0,100,0,9A9H,3661,2026-05-15
永豐新莊,4730.0,100,0,9A9H,3661,2026-05-15
永豐板新,4720.0,508,0,9A9J,3661,2026-05-15
永豐新莊,4755.0,0,1000,9A9H,3661,2026-05-15
永豐新店,4600.0,10,0,9A9i,3661,2026-05-15
永豐新店,4665.0,1,0,9A9i,3661,2026-05-15
永豐新店,4690.0,1,0,9A9i,3661,2026-05-15
永豐新店,4715.0,1,0,9A9i,3661,2026-05-15
永豐新店,4730.0,2,0,9A9i,3661,2026-05-15
永豐新店,4790.0,2,0,9A9i,3661,2026-05-15
永豐新店,4800.0,1,0,9A9i,3661,2026-05-15
永豐新莊,4840.0,0,1000,9A9H,3661,2026-05-15
永豐桃盛,4760.0,0,10,9A9N,3661,2026-05-15
永豐板新,4730.0,1,0,9A9J,3661,2026-05-15
永豐板新,4780.0,1001,0,9A9J,3661,2026-05-15
永豐台中,4870.0,10,0,9A9L,3661,2026-05-15
永豐南投,4605.0,0,5,9A9M,3661,2026-05-15
永豐南投,4640.0,1001,0,9A9M,3661,2026-05-15
永豐南投,4670.0,0,5,9A9M,3661,2026-05-15
永豐南投,4685.0,1000,0,9A9M,3661,2026-05-15
永豐南投,4695.0,0,17,9A9M,3661,2026-05-15
永豐南投,4715.0,1000,1000,9A9M,3661,2026-05-15
永豐南投,4730.0,0,3000,9A9M,3661,2026-05-15
永豐南投,4750.0,0,2000,9A9M,3661,2026-05-15
永豐南投,4825.0,100,0,9A9M,3661,2026-05-15
永豐南投,4905.0,100,0,9A9M,3661,2026-05-15
永豐桃盛,4620.0,53,0,9A9N,3661,2026-05-15
永豐桃盛,4655.0,50,0,9A9N,3661,2026-05-15
永豐桃盛,4665.0,0,1000,9A9N,3661,2026-05-15
永豐桃盛,4705.0,1,0,9A9N,3661,2026-05-15
永豐台中,4800.0,10,0,9A9L,3661,2026-05-15
永豐台中,4770.0,10,0,9A9L,3661,2026-05-15
永豐台中,4750.0,18,20,9A9L,3661,2026-05-15
永豐台中,4725.0,1,10,9A9L,3661,2026-05-15
永豐板新,4795.0,108,12,9A9J,3661,2026-05-15
永豐板新,4810.0,0,31,9A9J,3661,2026-05-15
永豐板新,4885.0,1000,0,9A9J,3661,2026-05-15
永豐三重,4605.0,0,1000,9A9K,3661,2026-05-15
永豐三重,4615.0,5,0,9A9K,3661,2026-05-15
永豐三重,4625.0,0,3,9A9K,3661,2026-05-15
永豐三重,4650.0,20,0,9A9K,3661,2026-05-15
永豐板新,4750.0,60,0,9A9J,3661,2026-05-15
永豐三重,4670.0,5,0,9A9K,3661,2026-05-15
永豐三重,4750.0,5,0,9A9K,3661,2026-05-15
永豐三重,4885.0,1,0,9A9K,3661,2026-05-15
永豐台中,4600.0,18,0,9A9L,3661,2026-05-15
永豐台中,4620.0,0,3,9A9L,3661,2026-05-15
永豐台中,4660.0,1,0,9A9L,3661,2026-05-15
永豐台中,4680.0,3,0,9A9L,3661,2026-05-15
永豐台中,4710.0,6,0,9A9L,3661,2026-05-15
永豐三重,4685.0,5,0,9A9K,3661,2026-05-15
永豐市政,4710.0,5,0,9A9W,3661,2026-05-15
永豐市政,4725.0,10,0,9A9W,3661,2026-05-15
永豐市政,4740.0,21,0,9A9W,3661,2026-05-15
台新三民,4805.0,0,20,9B13,3661,2026-05-15
台新三民,4840.0,0,10,9B13,3661,2026-05-15
台新三民,4895.0,65,0,9B13,3661,2026-05-15
台新松江,4690.0,1000,0,9B15,3661,2026-05-15
台新松江,4725.0,60,0,9B15,3661,2026-05-15
台新松江,4735.0,25,0,9B15,3661,2026-05-15
台新台南,4600.0,9,4,9B16,3661,2026-05-15
台新台南,4610.0,65,50,9B16,3661,2026-05-15
台新台南,4630.0,6,0,9B16,3661,2026-05-15
台新台南,4640.0,5,0,9B16,3661,2026-05-15
台新台南,4655.0,11,0,9B16,3661,2026-05-15
台新台南,4675.0,10,0,9B16,3661,2026-05-15
台新台南,4690.0,3,0,9B16,3661,2026-05-15
台新台南,4700.0,12,0,9B16,3661,2026-05-15
台新台南,4710.0,0,20,9B16,3661,2026-05-15
台新三民,4770.0,15,2000,9B13,3661,2026-05-15
台新三民,4735.0,0,5000,9B13,3661,2026-05-15
台新三民,4720.0,30,0,9B13,3661,2026-05-15
台新三民,4710.0,10,0,9B13,3661,2026-05-15
台新證券,4865.0,10,0,9B00,3661,2026-05-15
台新證券,4885.0,15,0,9B00,3661,2026-05-15
台新證券,4900.0,10,4,9B00,3661,2026-05-15
台新證券,4910.0,0,2010,9B00,3661,2026-05-15
台新證券,5000.0,1000,0,9B00,3661,2026-05-15
台新新營,4625.0,2,0,9B11,3661,2026-05-15
台新新營,4650.0,15,0,9B11,3661,2026-05-15
台新台南,4725.0,10,0,9B16,3661,2026-05-15
台新新營,4660.0,10,0,9B11,3661,2026-05-15
台新新營,4730.0,3,0,9B11,3661,2026-05-15
台新新營,4770.0,6,0,9B11,3661,2026-05-15
台新新營,4900.0,0,3,9B11,3661,2026-05-15
台新三民,4610.0,0,100,9B13,3661,2026-05-15
台新三民,4655.0,0,1,9B13,3661,2026-05-15
台新三民,4690.0,10,0,9B13,3661,2026-05-15
台新三民,4700.0,10,4,9B13,3661,2026-05-15
台新新營,4700.0,13,0,9B11,3661,2026-05-15
台新證券,4850.0,0,1002,9B00,3661,2026-05-15
台新台南,4735.0,60,0,9B16,3661,2026-05-15
台新台南,4835.0,1000,0,9B16,3661,2026-05-15
台新新莊,4635.0,0,39,9B19,3661,2026-05-15
台新新莊,4665.0,2,0,9B19,3661,2026-05-15
台新新莊,4680.0,2,10,9B19,3661,2026-05-15
台新新莊,4710.0,0,5,9B19,3661,2026-05-15
台新新莊,4735.0,0,17,9B19,3661,2026-05-15
台新新莊,4750.0,0,10,9B19,3661,2026-05-15
台新新莊,4780.0,1000,0,9B19,3661,2026-05-15
台新新莊,4830.0,15,0,9B19,3661,2026-05-15
台新左楠,4600.0,14,0,9B1d,3661,2026-05-15
台新左楠,4620.0,0,30,9B1d,3661,2026-05-15
台新左楠,4665.0,1,0,9B1d,3661,2026-05-15
台新左楠,4690.0,0,70,9B1d,3661,2026-05-15
台新左楠,4700.0,5,1900,9B1d,3661,2026-05-15
台新左楠,4730.0,0,40,9B1d,3661,2026-05-15
台新左楠,4740.0,10,0,9B1d,3661,2026-05-15
台新新莊,4625.0,100,0,9B19,3661,2026-05-15
台新新莊,4605.0,0,55,9B19,3661,2026-05-15
台新建北,4990.0,2000,0,9B18,3661,2026-05-15
台新建北,4840.0,10,0,9B18,3661,2026-05-15
台新台南,4965.0,1000,0,9B16,3661,2026-05-15
台新建北,4600.0,8,0,9B18,3661,2026-05-15
台新建北,4610.0,10,0,9B18,3661,2026-05-15
台新建北,4620.0,0,95,9B18,3661,2026-05-15
台新建北,4650.0,0,10,9B18,3661,2026-05-15
台新建北,4660.0,20,0,9B18,3661,2026-05-15
台新建北,4670.0,5,40,9B18,3661,2026-05-15
台新台南,4795.0,0,35,9B16,3661,2026-05-15
台新建北,4685.0,10,0,9B18,3661,2026-05-15
台新建北,4710.0,15,0,9B18,3661,2026-05-15
台新建北,4720.0,5,0,9B18,3661,2026-05-15
台新建北,4755.0,0,1000,9B18,3661,2026-05-15
台新建北,4780.0,20,0,9B18,3661,2026-05-15
台新建北,4795.0,0,5,9B18,3661,2026-05-15
台新建北,4805.0,10,0,9B18,3661,2026-05-15
台新建北,4830.0,30,0,9B18,3661,2026-05-15
台新建北,4695.0,5,0,9B18,3661,2026-05-15
台新證券,4840.0,1025,0,9B00,3661,2026-05-15
台新證券,4820.0,2,0,9B00,3661,2026-05-15
台新證券,4810.0,129,0,9B00,3661,2026-05-15
永豐桃園,4780.0,0,50,9A9x,3661,2026-05-15
永豐桃園,4800.0,0,3,9A9x,3661,2026-05-15
永豐桃園,4890.0,0,2,9A9x,3661,2026-05-15
永豐桃園,4940.0,0,1000,9A9x,3661,2026-05-15
永豐竹科,4615.0,0,207,9A9X,3661,2026-05-15
永豐竹科,4625.0,1,0,9A9X,3661,2026-05-15
永豐竹科,4635.0,0,5,9A9X,3661,2026-05-15
永豐竹科,4650.0,10,50,9A9X,3661,2026-05-15
永豐竹科,4660.0,10,0,9A9X,3661,2026-05-15
永豐竹科,4685.0,16,0,9A9X,3661,2026-05-15
永豐竹科,4705.0,1,69,9A9X,3661,2026-05-15
永豐竹科,4720.0,10,0,9A9X,3661,2026-05-15
永豐竹科,4730.0,0,3,9A9X,3661,2026-05-15
永豐竹科,4765.0,0,30,9A9X,3661,2026-05-15
永豐竹科,4810.0,1,0,9A9X,3661,2026-05-15
永豐桃園,4760.0,5,0,9A9x,3661,2026-05-15
永豐桃園,4745.0,50,5,9A9x,3661,2026-05-15
永豐桃園,4720.0,5,1,9A9x,3661,2026-05-15
永豐桃園,4710.0,0,200,9A9x,3661,2026-05-15
永豐市政,4760.0,5,0,9A9W,3661,2026-05-15
永豐市政,4780.0,20,0,9A9W,3661,2026-05-15
永豐市政,4790.0,5,0,9A9W,3661,2026-05-15
永豐市政,4800.0,4,0,9A9W,3661,2026-05-15
永豐市政,4815.0,12,0,9A9W,3661,2026-05-15
永豐市政,4855.0,2,0,9A9W,3661,2026-05-15
永豐市政,4870.0,1000,0,9A9W,3661,2026-05-15
永豐竹科,4830.0,0,4,9A9X,3661,2026-05-15
永豐市政,4885.0,20,0,9A9W,3661,2026-05-15
永豐市政,4915.0,0,1000,9A9W,3661,2026-05-15
永豐市政,4980.0,1000,2000,9A9W,3661,2026-05-15
永豐桃園,4610.0,0,160,9A9x,3661,2026-05-15
永豐桃園,4630.0,0,1000,9A9x,3661,2026-05-15
永豐桃園,4640.0,1,0,9A9x,3661,2026-05-15
永豐桃園,4670.0,1000,0,9A9x,3661,2026-05-15
永豐桃園,4695.0,10,0,9A9x,3661,2026-05-15
永豐市政,4900.0,1,40,9A9W,3661,2026-05-15
永豐竹科,4900.0,20,100,9A9X,3661,2026-05-15
永豐板盛,4600.0,10,4,9A9Y,3661,2026-05-15
永豐板盛,4610.0,0,30,9A9Y,3661,2026-05-15
台新證券,4650.0,0,1015,9B00,3661,2026-05-15
台新證券,4660.0,5,5,9B00,3661,2026-05-15
台新證券,4670.0,27,119,9B00,3661,2026-05-15
台新證券,4680.0,40,1047,9B00,3661,2026-05-15
台新證券,4690.0,40,60,9B00,3661,2026-05-15
台新證券,4700.0,1077,4062,9B00,3661,2026-05-15
台新證券,4710.0,40,3240,9B00,3661,2026-05-15
台新證券,4640.0,58,1000,9B00,3661,2026-05-15
台新證券,4720.0,83,9054,9B00,3661,2026-05-15
台新證券,4740.0,45,0,9B00,3661,2026-05-15
台新證券,4750.0,134,1621,9B00,3661,2026-05-15
台新證券,4760.0,21,22,9B00,3661,2026-05-15
台新證券,4770.0,13,0,9B00,3661,2026-05-15
台新證券,4780.0,10,0,9B00,3661,2026-05-15
台新證券,4790.0,1056,0,9B00,3661,2026-05-15
台新證券,4800.0,3083,0,9B00,3661,2026-05-15
台新證券,4730.0,38,138,9B00,3661,2026-05-15
台新左楠,4900.0,5,8,9B1d,3661,2026-05-15
台新證券,4630.0,117,1015,9B00,3661,2026-05-15
台新證券,4610.0,57,55,9B00,3661,2026-05-15
永豐板盛,4650.0,1,0,9A9Y,3661,2026-05-15
永豐板盛,4670.0,20,0,9A9Y,3661,2026-05-15
永豐板盛,4700.0,103,0,9A9Y,3661,2026-05-15
永豐板盛,4715.0,0,20,9A9Y,3661,2026-05-15
永豐板盛,4740.0,4,0,9A9Y,3661,2026-05-15
永豐板盛,4805.0,0,1,9A9Y,3661,2026-05-15
永豐板盛,4840.0,0,10,9A9Y,3661,2026-05-15
台新證券,4620.0,10,2029,9B00,3661,2026-05-15
永豐板盛,4865.0,0,10,9A9Y,3661,2026-05-15
永豐復興,4610.0,5,0,9A9Z,3661,2026-05-15
永豐復興,4645.0,100,0,9A9Z,3661,2026-05-15
永豐復興,4655.0,25,0,9A9Z,3661,2026-05-15
永豐復興,4705.0,0,23,9A9Z,3661,2026-05-15
永豐復興,4835.0,1,0,9A9Z,3661,2026-05-15
永豐復興,4870.0,0,200,9A9Z,3661,2026-05-15
台新證券,4600.0,104,5,9B00,3661,2026-05-15
永豐復興,4600.0,0,27,9A9Z,3661,2026-05-15
富邦台中,4710.0,3,10,965K,3661,2026-05-15
元大大天,4625.0,0,25,9893,3661,2026-05-15
元大屏東,4850.0,1000,0,9892,3661,2026-05-15
元大東泰,4710.0,4,0,9817,3661,2026-05-15
元大東泰,4730.0,1,0,9817,3661,2026-05-15
元大東泰,4840.0,6,0,9817,3661,2026-05-15
元大歸仁,4610.0,0,50,981a,3661,2026-05-15
元大歸仁,4635.0,0,1,981a,3661,2026-05-15
元大歸仁,4655.0,0,2,981a,3661,2026-05-15
元大歸仁,4680.0,10,0,981a,3661,2026-05-15
元大歸仁,4690.0,6,300,981a,3661,2026-05-15
元大歸仁,4700.0,3,0,981a,3661,2026-05-15
元大歸仁,4710.0,10,0,981a,3661,2026-05-15
元大歸仁,4730.0,5,0,981a,3661,2026-05-15
元大歸仁,4750.0,10,30,981a,3661,2026-05-15
元大歸仁,4785.0,0,40,981a,3661,2026-05-15
元大歸仁,4800.0,1000,0,981a,3661,2026-05-15
元大歸仁,4815.0,10,0,981a,3661,2026-05-15
元大東泰,4695.0,2,0,9817,3661,2026-05-15
元大東泰,4675.0,10,0,9817,3661,2026-05-15
元大東泰,4650.0,100,79,9817,3661,2026-05-15
元大東泰,4610.0,10,0,9817,3661,2026-05-15
元大大灣,4775.0,1,0,9815,3661,2026-05-15
元大大灣,4785.0,2,0,9815,3661,2026-05-15
元大大灣,4795.0,1,0,9815,3661,2026-05-15
元大大灣,4805.0,1,0,9815,3661,2026-05-15
元大大灣,4820.0,1,0,9815,3661,2026-05-15
元大新竹,4605.0,0,3000,9816,3661,2026-05-15
元大新竹,4615.0,0,50,9816,3661,2026-05-15
元大歸仁,4855.0,0,1000,981a,3661,2026-05-15
元大新竹,4635.0,0,3,9816,3661,2026-05-15
元大新竹,4665.0,2,0,9816,3661,2026-05-15
元大新竹,4680.0,0,80,9816,3661,2026-05-15
元大新竹,4700.0,6,0,9816,3661,2026-05-15
元大新竹,4720.0,50,77,9816,3661,2026-05-15
元大新竹,4770.0,50,0,9816,3661,2026-05-15
元大新竹,4800.0,5,0,9816,3661,2026-05-15
元大新竹,4985.0,1000,0,9816,3661,2026-05-15
元大新竹,4650.0,26,0,9816,3661,2026-05-15
元大大灣,4755.0,1,0,9815,3661,2026-05-15
元大三峽,4710.0,20,0,981A,3661,2026-05-15
元大三峽,4780.0,0,3,981A,3661,2026-05-15
元大南投,4710.0,2,0,981D,3661,2026-05-15
元大南投,4740.0,5,0,981D,3661,2026-05-15
元大南投,4805.0,20,0,981D,3661,2026-05-15
元大南投,4875.0,0,182,981D,3661,2026-05-15
元大南投,4910.0,1000,0,981D,3661,2026-05-15
元大佳里,4600.0,14,0,981e,3661,2026-05-15
元大佳里,4615.0,0,10,981e,3661,2026-05-15
元大佳里,4625.0,5,0,981e,3661,2026-05-15
元大佳里,4650.0,25,0,981e,3661,2026-05-15
元大佳里,4660.0,10,0,981e,3661,2026-05-15
元大佳里,4675.0,2,0,981e,3661,2026-05-15
元大佳里,4685.0,10,0,981e,3661,2026-05-15
元大佳里,4710.0,10,0,981e,3661,2026-05-15
元大佳里,4735.0,0,1000,981e,3661,2026-05-15
元大佳里,4760.0,10,59,981e,3661,2026-05-15
元大南投,4700.0,5,1011,981D,3661,2026-05-15
元大南投,4685.0,6,0,981D,3661,2026-05-15
元大南投,4670.0,4,0,981D,3661,2026-05-15
元大南投,4650.0,11,0,981D,3661,2026-05-15
元大三峽,4800.0,0,10,981A,3661,2026-05-15
元大竹北,4600.0,13,0,981B,3661,2026-05-15
元大竹北,4615.0,11,0,981B,3661,2026-05-15
元大竹北,4630.0,10,5000,981B,3661,2026-05-15
元大竹北,4670.0,10,0,981B,3661,2026-05-15
元大竹北,4700.0,1,96,981B,3661,2026-05-15
元大竹北,4720.0,20,0,981B,3661,2026-05-15
元大三峽,4740.0,2,0,981A,3661,2026-05-15
元大竹北,4740.0,10,0,981B,3661,2026-05-15
元大路竹,4605.0,0,1,981C,3661,2026-05-15
元大路竹,4655.0,0,40,981C,3661,2026-05-15
元大路竹,4685.0,4,0,981C,3661,2026-05-15
元大路竹,4710.0,10,0,981C,3661,2026-05-15
元大路竹,4730.0,5,0,981C,3661,2026-05-15
元大路竹,4800.0,10,0,981C,3661,2026-05-15
元大南投,4615.0,10,50,981D,3661,2026-05-15
元大竹北,4805.0,20,0,981B,3661,2026-05-15
元大佳里,4795.0,5,0,981e,3661,2026-05-15
元大大灣,4745.0,1,0,9815,3661,2026-05-15
元大大灣,4720.0,7,0,9815,3661,2026-05-15
元大府城,4680.0,5,0,980u,3661,2026-05-15
元大府城,4705.0,0,11,980u,3661,2026-05-15
元大府城,4730.0,20,0,980u,3661,2026-05-15
元大府城,4835.0,2,0,980u,3661,2026-05-15
元大西屯,4605.0,0,30,980w,3661,2026-05-15
元大西屯,4615.0,1,1050,980w,3661,2026-05-15
元大西屯,4640.0,0,75,980w,3661,2026-05-15
元大西屯,4655.0,0,500,980w,3661,2026-05-15
元大西屯,4700.0,51,0,980w,3661,2026-05-15
元大西屯,4710.0,10,3,980w,3661,2026-05-15
元大西屯,4720.0,0,425,980w,3661,2026-05-15
元大西屯,4765.0,1,0,980w,3661,2026-05-15
元大西屯,4800.0,4,0,980w,3661,2026-05-15
元大西屯,4860.0,1,1,980w,3661,2026-05-15
元大西屯,4890.0,0,5,980w,3661,2026-05-15
元大府城,4650.0,5,0,980u,3661,2026-05-15
元大府城,4615.0,10,0,980u,3661,2026-05-15
元大南海,4695.0,0,1000,980R,3661,2026-05-15
元大南崁,4830.0,3,0,980Q,3661,2026-05-15
元大竹科,4815.0,1,0,980K,3661,2026-05-15
元大竹科,4850.0,10,0,980K,3661,2026-05-15
元大竹科,4885.0,5,0,980K,3661,2026-05-15
元大竹科,4910.0,10,0,980K,3661,2026-05-15
元大虎尾,4620.0,1,0,980l,3661,2026-05-15
元大虎尾,4680.0,6,0,980l,3661,2026-05-15
元大虎尾,4700.0,5,1,980l,3661,2026-05-15
元大台中,4605.0,10,4,9812,3661,2026-05-15
元大虎尾,4910.0,0,20,980l,3661,2026-05-15
元大南崁,4670.0,50,0,980Q,3661,2026-05-15
元大南崁,4690.0,10,5,980Q,3661,2026-05-15
元大南崁,4705.0,0,20,980Q,3661,2026-05-15
元大南崁,4715.0,20,0,980Q,3661,2026-05-15
元大南崁,4725.0,10,0,980Q,3661,2026-05-15
元大南崁,4740.0,0,5,980Q,3661,2026-05-15
元大南崁,4780.0,50,0,980Q,3661,2026-05-15
元大南崁,4615.0,0,3,980Q,3661,2026-05-15
元大大灣,4730.0,2,0,9815,3661,2026-05-15
元大台中,4645.0,1,0,9812,3661,2026-05-15
元大台中,4680.0,0,20,9812,3661,2026-05-15
元大大益,4700.0,12,16,9814,3661,2026-05-15
元大大益,4715.0,0,56,9814,3661,2026-05-15
元大大益,4735.0,6,0,9814,3661,2026-05-15
元大大益,4785.0,0,5,9814,3661,2026-05-15
元大大灣,4605.0,3,0,9815,3661,2026-05-15
元大大灣,4615.0,5,40,9815,3661,2026-05-15
元大大灣,4625.0,51,0,9815,3661,2026-05-15
元大大灣,4635.0,1,0,9815,3661,2026-05-15
元大大灣,4650.0,5,0,9815,3661,2026-05-15
元大大灣,4660.0,2,0,9815,3661,2026-05-15
元大大灣,4670.0,3,0,9815,3661,2026-05-15
元大大灣,4680.0,6,0,9815,3661,2026-05-15
元大大灣,4690.0,1,0,9815,3661,2026-05-15
元大大灣,4700.0,1002,0,9815,3661,2026-05-15
元大大灣,4710.0,3,1,9815,3661,2026-05-15
元大大益,4680.0,1,0,9814,3661,2026-05-15
元大大益,4670.0,1,40,9814,3661,2026-05-15
元大大益,4650.0,50,39,9814,3661,2026-05-15
元大大益,4605.0,50,0,9814,3661,2026-05-15
元大台中,4695.0,1,0,9812,3661,2026-05-15
元大台中,4710.0,3,0,9812,3661,2026-05-15
元大台中,4725.0,20,0,9812,3661,2026-05-15
元大台中,4750.0,30,0,9812,3661,2026-05-15
元大台中,4780.0,1,0,9812,3661,2026-05-15
元大台中,4805.0,10,0,9812,3661,2026-05-15
元大台中,4835.0,10,0,9812,3661,2026-05-15
元大台中,4670.0,1,0,9812,3661,2026-05-15
元大台中,4860.0,1,0,9812,3661,2026-05-15
元大中崙,4610.0,0,5,9813,3661,2026-05-15
元大中崙,4635.0,1,0,9813,3661,2026-05-15
元大中崙,4680.0,10,0,9813,3661,2026-05-15
元大中崙,4690.0,0,1000,9813,3661,2026-05-15
元大中崙,4710.0,10,0,9813,3661,2026-05-15
元大中崙,4775.0,2020,0,9813,3661,2026-05-15
元大中崙,4830.0,5,0,9813,3661,2026-05-15
元大台中,4985.0,0,1000,9812,3661,2026-05-15
元大竹科,4805.0,1,0,980K,3661,2026-05-15
元大佳里,4810.0,2,0,981e,3661,2026-05-15
元大發財,4595.0,10,35,981E,3661,2026-05-15
元大前金,4870.0,1,0,981m,3661,2026-05-15
元大前金,4900.0,0,2,981m,3661,2026-05-15
元大前金,4910.0,100,0,981m,3661,2026-05-15
元大旗山,4610.0,3,0,981n,3661,2026-05-15
元大旗山,4630.0,0,10,981n,3661,2026-05-15
元大旗山,4650.0,2,0,981n,3661,2026-05-15
元大旗山,4660.0,1,0,981n,3661,2026-05-15
元大旗山,4680.0,20,0,981n,3661,2026-05-15
元大旗山,4705.0,3,0,981n,3661,2026-05-15
元大旗山,4730.0,1,0,981n,3661,2026-05-15
元大旗山,4770.0,2,0,981n,3661,2026-05-15
元大旗山,4860.0,0,50,981n,3661,2026-05-15
元大旗山,4890.0,0,1,981n,3661,2026-05-15
元大金門,4610.0,0,2,981N,3661,2026-05-15
元大金門,4670.0,10,0,981N,3661,2026-05-15
元大前金,4855.0,0,100,981m,3661,2026-05-15
元大前金,4820.0,1,205,981m,3661,2026-05-15
元大前金,4790.0,12,0,981m,3661,2026-05-15
元大前金,4750.0,100,0,981m,3661,2026-05-15
元大莒光,4680.0,2,0,981L,3661,2026-05-15
元大莒光,4690.0,1,0,981L,3661,2026-05-15
元大莒光,4705.0,21,50,981L,3661,2026-05-15
元大莒光,4715.0,2,0,981L,3661,2026-05-15
元大莒光,4725.0,2,0,981L,3661,2026-05-15
元大莒光,4745.0,1,0,981L,3661,2026-05-15
元大莒光,4755.0,1,0,981L,3661,2026-05-15
元大金門,4685.0,10,0,981N,3661,2026-05-15
元大莒光,4810.0,1,0,981L,3661,2026-05-15
元大前金,4620.0,2,0,981m,3661,2026-05-15
元大前金,4645.0,5,0,981m,3661,2026-05-15
元大前金,4655.0,1,0,981m,3661,2026-05-15
元大前金,4665.0,10,0,981m,3661,2026-05-15
元大前金,4700.0,18,0,981m,3661,2026-05-15
元大前金,4710.0,3,0,981m,3661,2026-05-15
元大前金,4720.0,27,3,981m,3661,2026-05-15
元大莒光,4905.0,0,1,981L,3661,2026-05-15
元大莒光,4670.0,1,200,981L,3661,2026-05-15
元大金門,4760.0,0,4,981N,3661,2026-05-15
元大松山,4635.0,53,0,981p,3661,2026-05-15
元大太平,4840.0,1,0,981Q,3661,2026-05-15
元大太平,4890.0,30,0,981Q,3661,2026-05-15
元大屏南,4610.0,30,5,981r,3661,2026-05-15
元大屏南,4645.0,2,0,981r,3661,2026-05-15
元大屏南,4695.0,0,10,981r,3661,2026-05-15
元大屏南,4730.0,100,0,981r,3661,2026-05-15
元大屏南,4775.0,2,0,981r,3661,2026-05-15
元大屏南,4800.0,3,0,981r,3661,2026-05-15
元大屏南,4810.0,2,0,981r,3661,2026-05-15
元大屏南,4835.0,2,0,981r,3661,2026-05-15
元大竹山,4610.0,6,0,981R,3661,2026-05-15
元大竹山,4630.0,1,0,981R,3661,2026-05-15
元大竹山,4685.0,10,0,981R,3661,2026-05-15
元大竹山,4705.0,0,10,981R,3661,2026-05-15
元大竹山,4730.0,10,0,981R,3661,2026-05-15
元大太平,4805.0,1,0,981Q,3661,2026-05-15
元大太平,4785.0,17,0,981Q,3661,2026-05-15
元大太平,4775.0,1,0,981Q,3661,2026-05-15
元大太平,4745.0,1,0,981Q,3661,2026-05-15
元大松山,4680.0,0,42,981p,3661,2026-05-15
元大松山,4700.0,10,0,981p,3661,2026-05-15
元大松山,4740.0,10,0,981p,3661,2026-05-15
元大松山,4785.0,102,0,981p,3661,2026-05-15
元大松山,4990.0,1000,0,981p,3661,2026-05-15
元大萬華,4610.0,0,1,981q,3661,2026-05-15
元大萬華,4690.0,1,0,981q,3661,2026-05-15
元大松山,4620.0,5,0,981p,3661,2026-05-15
元大萬華,4710.0,2,0,981q,3661,2026-05-15
元大太平,4600.0,2,4,981Q,3661,2026-05-15
元大太平,4615.0,1,11,981Q,3661,2026-05-15
元大太平,4635.0,10,0,981Q,3661,2026-05-15
元大太平,4645.0,7000,0,981Q,3661,2026-05-15
元大太平,4670.0,1,0,981Q,3661,2026-05-15
元大太平,4700.0,80,0,981Q,3661,2026-05-15
元大太平,4720.0,0,100,981Q,3661,2026-05-15
元大萬華,4770.0,10,0,981q,3661,2026-05-15
元大佳里,4870.0,10,0,981e,3661,2026-05-15
元大莒光,4650.0,6,5,981L,3661,2026-05-15
元大莒光,4630.0,1,0,981L,3661,2026-05-15
元大大里,4685.0,2113,2,981g,3661,2026-05-15
元大大里,4700.0,23,9,981g,3661,2026-05-15
元大大里,4710.0,44,100,981g,3661,2026-05-15
元大大里,4725.0,16,0,981g,3661,2026-05-15
元大大里,4750.0,0,11,981g,3661,2026-05-15
元大大里,4770.0,7,0,981g,3661,2026-05-15
元大大里,4785.0,5,0,981g,3661,2026-05-15
元大大里,4795.0,0,20,981g,3661,2026-05-15
元大大里,4815.0,1,0,981g,3661,2026-05-15
元大大里,4860.0,1000,0,981g,3661,2026-05-15
元大大里,4890.0,0,100,981g,3661,2026-05-15
元大彰化,4600.0,20,1,981G,3661,2026-05-15
元大彰化,4615.0,10,0,981G,3661,2026-05-15
元大彰化,4645.0,0,20,981G,3661,2026-05-15
元大彰化,4690.0,30,0,981G,3661,2026-05-15
元大大里,4675.0,50,50,981g,3661,2026-05-15
元大大里,4665.0,0,103,981g,3661,2026-05-15
元大大里,4655.0,5,0,981g,3661,2026-05-15
元大大里,4645.0,1,0,981g,3661,2026-05-15
元大發財,4640.0,0,5,981E,3661,2026-05-15
元大發財,4690.0,2,0,981E,3661,2026-05-15
元大發財,4700.0,15,0,981E,3661,2026-05-15
元大發財,4710.0,2,0,981E,3661,2026-05-15
元大發財,4755.0,20,0,981E,3661,2026-05-15
元大發財,4805.0,2,0,981E,3661,2026-05-15
元大發財,4890.0,0,4,981E,3661,2026-05-15
元大彰化,4720.0,10,0,981G,3661,2026-05-15
元大福營,4610.0,7,0,981F,3661,2026-05-15
元大福營,4655.0,5,0,981F,3661,2026-05-15
元大福營,4680.0,7,0,981F,3661,2026-05-15
元大福營,4700.0,5,0,981F,3661,2026-05-15
元大福營,4760.0,1,0,981F,3661,2026-05-15
元大大里,4600.0,9,0,981g,3661,2026-05-15
元大大里,4610.0,30,0,981g,3661,2026-05-15
元大大里,4635.0,8,0,981g,3661,2026-05-15
元大福營,4630.0,0,5,981F,3661,2026-05-15
元大莒光,4640.0,5,0,981L,3661,2026-05-15
元大彰化,4730.0,22,0,981G,3661,2026-05-15
元大彰化,4860.0,0,4,981G,3661,2026-05-15
元大天母,4710.0,2,1,981I,3661,2026-05-15
元大天母,4750.0,1000,0,981I,3661,2026-05-15
元大天母,4790.0,10,865,981I,3661,2026-05-15
元大天母,4805.0,1000,0,981I,3661,2026-05-15
元大天母,4900.0,0,2,981I,3661,2026-05-15
元大士林,4600.0,65,0,981j,3661,2026-05-15
元大士林,4635.0,0,20,981j,3661,2026-05-15
元大士林,4670.0,5,0,981j,3661,2026-05-15
元大士林,4690.0,40,0,981j,3661,2026-05-15
元大士林,4700.0,11,0,981j,3661,2026-05-15
元大士林,4720.0,52,0,981j,3661,2026-05-15
元大士林,4745.0,50,0,981j,3661,2026-05-15
元大林園,4600.0,1,0,981K,3661,2026-05-15
元大林園,4735.0,3,0,981K,3661,2026-05-15
元大莒光,4605.0,1,3,981L,3661,2026-05-15
元大天母,4700.0,0,2,981I,3661,2026-05-15
元大天母,4675.0,20,3,981I,3661,2026-05-15
元大天母,4635.0,15,2,981I,3661,2026-05-15
元大天母,4600.0,20,0,981I,3661,2026-05-15
元大屏生,4600.0,1,10,981h,3661,2026-05-15
元大屏生,4615.0,5,27,981h,3661,2026-05-15
元大屏生,4625.0,3,0,981h,3661,2026-05-15
元大屏生,4650.0,0,20,981h,3661,2026-05-15
元大屏生,4660.0,0,4,981h,3661,2026-05-15
元大屏生,4670.0,1,0,981h,3661,2026-05-15
元大屏生,4680.0,0,30,981h,3661,2026-05-15
元大彰化,4790.0,5,0,981G,3661,2026-05-15
元大屏生,4705.0,0,30,981h,3661,2026-05-15
元大屏生,4735.0,1,0,981h,3661,2026-05-15
元大西螺,4610.0,10,0,981i,3661,2026-05-15
元大西螺,4670.0,10,0,981i,3661,2026-05-15
元大西螺,4680.0,51,0,981i,3661,2026-05-15
元大西螺,4700.0,10,0,981i,3661,2026-05-15
元大西螺,4720.0,5,0,981i,3661,2026-05-15
元大西螺,4830.0,1005,0,981i,3661,2026-05-15
元大屏生,4720.0,1,0,981h,3661,2026-05-15
元大竹科,4795.0,1,0,980K,3661,2026-05-15
元大竹科,4785.0,11,0,980K,3661,2026-05-15
元大竹科,4775.0,1,0,980K,3661,2026-05-15
富邦員林,4695.0,1,0,9672,3661,2026-05-15
富邦員林,4705.0,1051,1,9672,3661,2026-05-15
富邦員林,4715.0,2,0,9672,3661,2026-05-15
富邦員林,4725.0,10,0,9672,3661,2026-05-15
富邦員林,4745.0,1000,0,9672,3661,2026-05-15
富邦員林,4765.0,1,0,9672,3661,2026-05-15
富邦員林,4810.0,1,0,9672,3661,2026-05-15
富邦員林,4870.0,0,50,9672,3661,2026-05-15
富邦仁愛,4600.0,29,0,9676,3661,2026-05-15
富邦仁愛,4610.0,11,0,9676,3661,2026-05-15
富邦仁愛,4620.0,1016,0,9676,3661,2026-05-15
富邦仁愛,4630.0,10,0,9676,3661,2026-05-15
富邦仁愛,4640.0,10,0,9676,3661,2026-05-15
富邦仁愛,4650.0,43,0,9676,3661,2026-05-15
富邦仁愛,4660.0,21,1000,9676,3661,2026-05-15
富邦員林,4655.0,20,0,9672,3661,2026-05-15
富邦員林,4620.0,5,0,9672,3661,2026-05-15
富邦員林,4610.0,150,0,9672,3661,2026-05-15
富邦左營,4865.0,0,50,966F,3661,2026-05-15
富邦台南,4705.0,31,0,9667,3661,2026-05-15
富邦台南,4725.0,5,0,9667,3661,2026-05-15
富邦台南,4745.0,5,0,9667,3661,2026-05-15
富邦台南,4760.0,10,0,9667,3661,2026-05-15
富邦台南,4780.0,1,0,9667,3661,2026-05-15
富邦台南,4795.0,2,0,9667,3661,2026-05-15
富邦台南,4820.0,1,0,9667,3661,2026-05-15
富邦仁愛,4675.0,10,1000,9676,3661,2026-05-15
富邦左營,4600.0,6,2,966F,3661,2026-05-15
富邦左營,4625.0,0,10,966F,3661,2026-05-15
富邦左營,4635.0,0,15,966F,3661,2026-05-15
富邦左營,4655.0,5,0,966F,3661,2026-05-15
富邦左營,4680.0,15,0,966F,3661,2026-05-15
富邦左營,4700.0,5,0,966F,3661,2026-05-15
富邦左營,4725.0,22,0,966F,3661,2026-05-15
富邦左營,4800.0,10,0,966F,3661,2026-05-15
富邦左營,4615.0,0,1,966F,3661,2026-05-15
富邦台南,4695.0,11,0,9667,3661,2026-05-15
富邦仁愛,4685.0,125,0,9676,3661,2026-05-15
富邦仁愛,4705.0,100,205,9676,3661,2026-05-15
富邦三重,4700.0,10,5,9677,3661,2026-05-15
富邦三重,4710.0,11,4,9677,3661,2026-05-15
富邦三重,4720.0,20,0,9677,3661,2026-05-15
富邦三重,4740.0,1,0,9677,3661,2026-05-15
富邦三重,4755.0,1,0,9677,3661,2026-05-15
富邦三重,4770.0,0,431,9677,3661,2026-05-15
富邦三重,4780.0,1,0,9677,3661,2026-05-15
富邦三重,4800.0,1,0,9677,3661,2026-05-15
富邦三重,4865.0,15,0,9677,3661,2026-05-15
富邦三重,4910.0,1000,0,9677,3661,2026-05-15
富邦宜蘭,4620.0,11,0,9686,3661,2026-05-15
富邦宜蘭,4635.0,1,5,9686,3661,2026-05-15
富邦宜蘭,4650.0,20,0,9686,3661,2026-05-15
富邦宜蘭,4680.0,22,0,9686,3661,2026-05-15
富邦宜蘭,4705.0,0,250,9686,3661,2026-05-15
富邦三重,4690.0,2,0,9677,3661,2026-05-15
富邦三重,4680.0,9,7,9677,3661,2026-05-15
富邦三重,4670.0,13,65,9677,3661,2026-05-15
富邦三重,4655.0,200,105,9677,3661,2026-05-15
富邦仁愛,4715.0,10,0,9676,3661,2026-05-15
富邦仁愛,4725.0,20,1,9676,3661,2026-05-15
富邦仁愛,4735.0,1000,0,9676,3661,2026-05-15
富邦仁愛,4750.0,1010,100,9676,3661,2026-05-15
富邦仁愛,4765.0,0,6,9676,3661,2026-05-15
富邦仁愛,4775.0,1000,0,9676,3661,2026-05-15
富邦仁愛,4785.0,0,1,9676,3661,2026-05-15
富邦仁愛,4695.0,0,1,9676,3661,2026-05-15
富邦仁愛,4800.0,0,1,9676,3661,2026-05-15
富邦仁愛,4855.0,1000,0,9676,3661,2026-05-15
富邦仁愛,4885.0,0,40,9676,3661,2026-05-15
富邦三重,4595.0,0,1000,9677,3661,2026-05-15
富邦三重,4605.0,5,5,9677,3661,2026-05-15
富邦三重,4620.0,15,5,9677,3661,2026-05-15
富邦三重,4630.0,0,1005,9677,3661,2026-05-15
富邦三重,4640.0,10,0,9677,3661,2026-05-15
富邦仁愛,4830.0,1,1,9676,3661,2026-05-15
富邦宜蘭,4745.0,20,0,9686,3661,2026-05-15
富邦台南,4675.0,1,0,9667,3661,2026-05-15
富邦台南,4640.0,10,0,9667,3661,2026-05-15
富邦新店,4660.0,12,0,9661,3661,2026-05-15
富邦新店,4670.0,1,0,9661,3661,2026-05-15
富邦新店,4680.0,72,0,9661,3661,2026-05-15
富邦新店,4690.0,10,0,9661,3661,2026-05-15
富邦新店,4700.0,12,145,9661,3661,2026-05-15
富邦新店,4710.0,16,0,9661,3661,2026-05-15
富邦新店,4735.0,1010,0,9661,3661,2026-05-15
富邦新店,4745.0,12,0,9661,3661,2026-05-15
富邦新店,4760.0,60,0,9661,3661,2026-05-15
富邦新店,4780.0,1,0,9661,3661,2026-05-15
富邦新店,4800.0,10,0,9661,3661,2026-05-15
富邦新店,4825.0,10,0,9661,3661,2026-05-15
富邦新店,4865.0,1,0,9661,3661,2026-05-15
富邦新店,4895.0,1000,0,9661,3661,2026-05-15
富邦敦南,4600.0,23,0,9663,3661,2026-05-15
富邦新店,4650.0,117,0,9661,3661,2026-05-15
富邦新店,4635.0,30,0,9661,3661,2026-05-15
富邦新店,4625.0,0,170,9661,3661,2026-05-15
富邦新店,4615.0,10,0,9661,3661,2026-05-15
富邦台中,4730.0,1,10,965K,3661,2026-05-15
富邦台中,4745.0,1,10,965K,3661,2026-05-15
富邦台中,4755.0,0,3,965K,3661,2026-05-15
富邦台中,4770.0,2,0,965K,3661,2026-05-15
富邦台中,4785.0,1,0,965K,3661,2026-05-15
富邦台中,4800.0,39,0,965K,3661,2026-05-15
富邦台中,4830.0,1050,0,965K,3661,2026-05-15
富邦敦南,4620.0,100,0,9663,3661,2026-05-15
富邦台中,4950.0,0,1000,965K,3661,2026-05-15
富邦彰化,4640.0,0,11,965U,3661,2026-05-15
富邦彰化,4675.0,10,0,965U,3661,2026-05-15
富邦彰化,4690.0,0,20,965U,3661,2026-05-15
富邦彰化,4700.0,10,0,965U,3661,2026-05-15
富邦彰化,4725.0,3,0,965U,3661,2026-05-15
富邦彰化,4900.0,100,0,965U,3661,2026-05-15
富邦新店,4605.0,50,1002,9661,3661,2026-05-15
富邦彰化,4620.0,2,0,965U,3661,2026-05-15
富邦台南,4655.0,11,0,9667,3661,2026-05-15
富邦敦南,4640.0,10,0,9663,3661,2026-05-15
富邦敦南,4675.0,3,0,9663,3661,2026-05-15
富邦南屯,4600.0,1,0,9666,3661,2026-05-15
富邦南屯,4620.0,0,80,9666,3661,2026-05-15
富邦南屯,4650.0,3,0,9666,3661,2026-05-15
富邦南屯,4670.0,1031,0,9666,3661,2026-05-15
富邦南屯,4700.0,10,0,9666,3661,2026-05-15
富邦南屯,4715.0,2,0,9666,3661,2026-05-15
富邦南屯,4730.0,1,0,9666,3661,2026-05-15
富邦南屯,4755.0,0,1000,9666,3661,2026-05-15
富邦南屯,4780.0,20,0,9666,3661,2026-05-15
富邦南屯,4800.0,1,0,9666,3661,2026-05-15
富邦南屯,4905.0,10,0,9666,3661,2026-05-15
富邦台南,4600.0,2,0,9667,3661,2026-05-15
富邦台南,4610.0,8,0,9667,3661,2026-05-15
富邦台南,4620.0,5,0,9667,3661,2026-05-15
富邦台南,4630.0,51,3,9667,3661,2026-05-15
富邦桃園,4880.0,10,0,9665,3661,2026-05-15
富邦桃園,4830.0,1000,0,9665,3661,2026-05-15
富邦桃園,4800.0,20,0,9665,3661,2026-05-15
富邦桃園,4780.0,11,0,9665,3661,2026-05-15
富邦敦南,4700.0,16,577,9663,3661,2026-05-15
富邦敦南,4710.0,10,0,9663,3661,2026-05-15
富邦敦南,4725.0,1,1,9663,3661,2026-05-15
富邦敦南,4770.0,20,0,9663,3661,2026-05-15
富邦敦南,4800.0,2,0,9663,3661,2026-05-15
富邦敦南,4825.0,10,0,9663,3661,2026-05-15
富邦敦南,4860.0,0,3,9663,3661,2026-05-15
富邦敦南,4660.0,30,0,9663,3661,2026-05-15
富邦敦南,4910.0,0,1,9663,3661,2026-05-15
富邦桃園,4615.0,0,1000,9665,3661,2026-05-15
富邦桃園,4625.0,2,10,9665,3661,2026-05-15
富邦桃園,4640.0,2,0,9665,3661,2026-05-15
富邦桃園,4680.0,1,0,9665,3661,2026-05-15
富邦桃園,4700.0,25,0,9665,3661,2026-05-15
富邦桃園,4710.0,10,10,9665,3661,2026-05-15
富邦桃園,4770.0,85,0,9665,3661,2026-05-15
富邦桃園,4600.0,1003,100,9665,3661,2026-05-15
富邦嘉義,4600.0,20,400,9692,3661,2026-05-15
富邦嘉義,4615.0,100,200,9692,3661,2026-05-15
富邦嘉義,4630.0,81,120,9692,3661,2026-05-15
元大沙鹿,4640.0,20,0,980d,3661,2026-05-15
元大沙鹿,4650.0,101,0,980d,3661,2026-05-15
元大沙鹿,4685.0,10,0,980d,3661,2026-05-15
元大沙鹿,4705.0,20,1,980d,3661,2026-05-15
元大沙鹿,4715.0,7,0,980d,3661,2026-05-15
元大沙鹿,4725.0,1000,0,980d,3661,2026-05-15
元大沙鹿,4745.0,0,53,980d,3661,2026-05-15
元大沙鹿,4760.0,1,7,980d,3661,2026-05-15
元大沙鹿,4805.0,10,0,980d,3661,2026-05-15
元大北府,4600.0,10,0,980D,3661,2026-05-15
元大北府,4635.0,1,0,980D,3661,2026-05-15
元大北府,4660.0,19,0,980D,3661,2026-05-15
元大北府,4705.0,5,10,980D,3661,2026-05-15
元大北府,4735.0,1,0,980D,3661,2026-05-15
元大北府,4765.0,2,0,980D,3661,2026-05-15
元大沙鹿,4620.0,0,30,980d,3661,2026-05-15
元大沙鹿,4605.0,0,20,980d,3661,2026-05-15
元大斗六,4910.0,0,15,980C,3661,2026-05-15
元大斗六,4855.0,1000,0,980C,3661,2026-05-15
元大中北,4755.0,100,0,980a,3661,2026-05-15
元大中北,4795.0,1,5,980a,3661,2026-05-15
元大中北,4805.0,1000,0,980a,3661,2026-05-15
元大中北,4820.0,1,0,980a,3661,2026-05-15
元大中北,4860.0,0,1000,980a,3661,2026-05-15
元大中北,4905.0,1,0,980a,3661,2026-05-15
元大斗六,4605.0,30,0,980C,3661,2026-05-15
元大北府,4830.0,1000,0,980D,3661,2026-05-15
元大斗六,4625.0,0,5,980C,3661,2026-05-15
元大斗六,4675.0,20,0,980C,3661,2026-05-15
元大斗六,4695.0,30,0,980C,3661,2026-05-15
元大斗六,4705.0,1012,0,980C,3661,2026-05-15
元大斗六,4715.0,0,2,980C,3661,2026-05-15
元大斗六,4730.0,1000,0,980C,3661,2026-05-15
元大斗六,4750.0,1000,0,980C,3661,2026-05-15
元大斗六,4770.0,0,1,980C,3661,2026-05-15
元大斗六,4635.0,10,5,980C,3661,2026-05-15
元大中北,4710.0,0,3000,980a,3661,2026-05-15
元大清水,4600.0,3,0,980e,3661,2026-05-15
元大清水,4635.0,1,0,980e,3661,2026-05-15
元大竹科,4605.0,14,100,980K,3661,2026-05-15
元大竹科,4615.0,2,0,980K,3661,2026-05-15
元大竹科,4625.0,20,0,980K,3661,2026-05-15
元大竹科,4635.0,28,0,980K,3661,2026-05-15
元大竹科,4650.0,4,20,980K,3661,2026-05-15
元大竹科,4665.0,5,0,980K,3661,2026-05-15
元大竹科,4680.0,10,0,980K,3661,2026-05-15
元大竹科,4690.0,5,0,980K,3661,2026-05-15
元大竹科,4705.0,8,70,980K,3661,2026-05-15
元大竹科,4715.0,0,300,980K,3661,2026-05-15
元大竹科,4725.0,6,0,980K,3661,2026-05-15
元大竹科,4735.0,1,3000,980K,3661,2026-05-15
元大竹科,4745.0,2,0,980K,3661,2026-05-15
元大竹科,4755.0,1,0,980K,3661,2026-05-15
元大竹科,4765.0,4,0,980K,3661,2026-05-15
元大台北,4900.0,0,50,980h,3661,2026-05-15
元大台北,4800.0,66,0,980h,3661,2026-05-15
元大台北,4750.0,15,0,980h,3661,2026-05-15
元大台北,4730.0,1000,0,980h,3661,2026-05-15
元大清水,4655.0,8,0,980e,3661,2026-05-15
元大清水,4665.0,1,0,980e,3661,2026-05-15
元大清水,4675.0,1,0,980e,3661,2026-05-15
元大清水,4695.0,1,0,980e,3661,2026-05-15
元大清水,4705.0,9,121,980e,3661,2026-05-15
元大清水,4720.0,1,0,980e,3661,2026-05-15
元大清水,4740.0,0,1,980e,3661,2026-05-15
元大清水,4620.0,105,0,980e,3661,2026-05-15
元大清水,4760.0,5,0,980e,3661,2026-05-15
元大清水,4910.0,0,1000,980e,3661,2026-05-15
元大台北,4600.0,7,0,980h,3661,2026-05-15
元大台北,4615.0,10,0,980h,3661,2026-05-15
元大台北,4630.0,1,0,980h,3661,2026-05-15
元大台北,4650.0,20,0,980h,3661,2026-05-15
元大台北,4665.0,10,0,980h,3661,2026-05-15
元大台北,4700.0,0,110,980h,3661,2026-05-15
元大清水,4795.0,5,0,980e,3661,2026-05-15
元大中北,4700.0,20,0,980a,3661,2026-05-15
元大中北,4690.0,1,0,980a,3661,2026-05-15
元大中北,4670.0,0,19,980a,3661,2026-05-15
富邦虎尾,4700.0,52,0,9697,3661,2026-05-15
富邦虎尾,4720.0,10,0,9697,3661,2026-05-15
富邦虎尾,4730.0,10,0,9697,3661,2026-05-15
富邦虎尾,4755.0,0,30,9697,3661,2026-05-15
富邦北港,4600.0,10,103,969C,3661,2026-05-15
富邦北港,4620.0,0,500,969C,3661,2026-05-15
富邦北港,4635.0,0,300,969C,3661,2026-05-15
富邦北港,4665.0,10,0,969C,3661,2026-05-15
富邦北港,4690.0,1,0,969C,3661,2026-05-15
富邦北港,4725.0,0,30,969C,3661,2026-05-15
元大,4600.0,2002,1500,9800,3661,2026-05-15
元大,4610.0,2332,2000,9800,3661,2026-05-15
元大,4620.0,2033,5000,9800,3661,2026-05-15
元大,4630.0,1133,4000,9800,3661,2026-05-15
元大,4640.0,3000,0,9800,3661,2026-05-15
富邦虎尾,4635.0,2,0,9697,3661,2026-05-15
富邦新營,4885.0,1000,0,9693,3661,2026-05-15
富邦新營,4875.0,3000,0,9693,3661,2026-05-15
富邦新營,4740.0,50,3000,9693,3661,2026-05-15
富邦嘉義,4645.0,5,0,9692,3661,2026-05-15
富邦嘉義,4655.0,0,200,9692,3661,2026-05-15
富邦嘉義,4665.0,0,15,9692,3661,2026-05-15
富邦嘉義,4680.0,0,125,9692,3661,2026-05-15
富邦嘉義,4700.0,115,31,9692,3661,2026-05-15
富邦嘉義,4715.0,0,10,9692,3661,2026-05-15
富邦嘉義,4725.0,0,1,9692,3661,2026-05-15
元大,4650.0,36331,2058,9800,3661,2026-05-15
富邦嘉義,4735.0,21,0,9692,3661,2026-05-15
富邦嘉義,4785.0,1,0,9692,3661,2026-05-15
富邦嘉義,4800.0,215,0,9692,3661,2026-05-15
富邦嘉義,4825.0,50,0,9692,3661,2026-05-15
富邦嘉義,4900.0,0,200,9692,3661,2026-05-15
富邦新營,4610.0,5,100,9693,3661,2026-05-15
富邦新營,4635.0,10,172,9693,3661,2026-05-15
富邦新營,4680.0,6,0,9693,3661,2026-05-15
富邦嘉義,4750.0,52,0,9692,3661,2026-05-15
元大,4660.0,2000,1000,9800,3661,2026-05-15
元大,4670.0,8007,0,9800,3661,2026-05-15
元大,4680.0,3208,2000,9800,3661,2026-05-15
元大,4910.0,1343,5000,9800,3661,2026-05-15
元大,4920.0,1000,1000,9800,3661,2026-05-15
元大,4955.0,0,2000,9800,3661,2026-05-15
元大,4975.0,2000,1000,9800,3661,2026-05-15
元大,4985.0,0,2000,9800,3661,2026-05-15
元大,4995.0,0,1000,9800,3661,2026-05-15
元大松江,4625.0,3,0,9801,3661,2026-05-15
元大,4900.0,1512,1000,9800,3661,2026-05-15
元大松江,4650.0,1,0,9801,3661,2026-05-15
元大松江,4700.0,26,0,9801,3661,2026-05-15
元大松江,4710.0,0,1000,9801,3661,2026-05-15
元大松江,4720.0,40,0,9801,3661,2026-05-15
元大松江,4780.0,5,0,9801,3661,2026-05-15
元大松江,4905.0,0,1000,9801,3661,2026-05-15
元大中北,4605.0,13,0,980a,3661,2026-05-15
元大中北,4650.0,10,0,980a,3661,2026-05-15
元大松江,4680.0,30,0,9801,3661,2026-05-15
元大竹山,4755.0,0,40,981R,3661,2026-05-15
元大,4880.0,0,1000,9800,3661,2026-05-15
元大,4850.0,0,806,9800,3661,2026-05-15
元大,4690.0,26,1006,9800,3661,2026-05-15
元大,4700.0,6003,11212,9800,3661,2026-05-15
元大,4710.0,4827,2195,9800,3661,2026-05-15
元大,4720.0,4013,2142,9800,3661,2026-05-15
元大,4730.0,7005,2133,9800,3661,2026-05-15
元大,4740.0,2028,1595,9800,3661,2026-05-15
元大,4750.0,1060,8020,9800,3661,2026-05-15
元大,4860.0,4000,8574,9800,3661,2026-05-15
元大,4760.0,846,4124,9800,3661,2026-05-15
元大,4780.0,1000,3971,9800,3661,2026-05-15
元大,4790.0,1566,5042,9800,3661,2026-05-15
元大,4800.0,1160,15549,9800,3661,2026-05-15
元大,4810.0,3000,8,9800,3661,2026-05-15
元大,4820.0,1000,1203,9800,3661,2026-05-15
元大,4830.0,2000,2332,9800,3661,2026-05-15
元大,4840.0,1000,3297,9800,3661,2026-05-15
元大,4770.0,3022,3582,9800,3661,2026-05-15
元大竹山,4830.0,10,0,981R,3661,2026-05-15
元大竹山,4860.0,2,0,981R,3661,2026-05-15
元大崇德,4600.0,15,0,981S,3661,2026-05-15
元大岡山,4700.0,10,0,985F,3661,2026-05-15
元大南京,4605.0,4,7,9862,3661,2026-05-15
元大南京,4615.0,0,7,9862,3661,2026-05-15
元大南京,4625.0,0,101,9862,3661,2026-05-15
元大南京,4650.0,0,150,9862,3661,2026-05-15
元大南京,4665.0,20,0,9862,3661,2026-05-15
元大南京,4680.0,3,1100,9862,3661,2026-05-15
元大南京,4700.0,0,1025,9862,3661,2026-05-15
元大南京,4710.0,2,0,9862,3661,2026-05-15
元大南京,4725.0,20,0,9862,3661,2026-05-15
元大南京,4760.0,10,0,9862,3661,2026-05-15
元大南京,4800.0,10,0,9862,3661,2026-05-15
元大南京,4850.0,11,0,9862,3661,2026-05-15
元大南京,4860.0,20,0,9862,3661,2026-05-15
元大南京,4900.0,0,190,9862,3661,2026-05-15
元大岡山,4655.0,10,0,985F,3661,2026-05-15
元大鳳中,4830.0,0,20,985C,3661,2026-05-15
元大鳳中,4785.0,20,0,985C,3661,2026-05-15
元大鳳中,4730.0,10,0,985C,3661,2026-05-15
元大經國,4755.0,10,0,9859,3661,2026-05-15
元大經國,4780.0,5,0,9859,3661,2026-05-15
元大經國,4795.0,16,0,9859,3661,2026-05-15
元大經國,4810.0,15,0,9859,3661,2026-05-15
元大經國,4840.0,5,0,9859,3661,2026-05-15
元大經國,4870.0,3,0,9859,3661,2026-05-15
元大經國,4885.0,50,0,9859,3661,2026-05-15
元大南京,4990.0,1000,0,9862,3661,2026-05-15
元大經國,4900.0,10,0,9859,3661,2026-05-15
元大鳳中,4615.0,10,70,985C,3661,2026-05-15
元大鳳中,4630.0,10,0,985C,3661,2026-05-15
元大鳳中,4640.0,11,0,985C,3661,2026-05-15
元大鳳中,4670.0,10,0,985C,3661,2026-05-15
元大鳳中,4700.0,12,3,985C,3661,2026-05-15
元大鳳中,4710.0,2,0,985C,3661,2026-05-15
元大鳳中,4720.0,2,78,985C,3661,2026-05-15
元大鳳中,4605.0,1,0,985C,3661,2026-05-15
元大經國,4745.0,3,30,9859,3661,2026-05-15
元大和平,4605.0,0,1000,9863,3661,2026-05-15
元大和平,4655.0,1000,0,9863,3661,2026-05-15
元大文心,4675.0,20,0,9868,3661,2026-05-15
元大文心,4685.0,3,0,9868,3661,2026-05-15
元大文心,4700.0,15,50,9868,3661,2026-05-15
元大文心,4710.0,10,0,9868,3661,2026-05-15
元大文心,4730.0,120,0,9868,3661,2026-05-15
元大文心,4795.0,10,0,9868,3661,2026-05-15
元大文心,4810.0,0,1000,9868,3661,2026-05-15
元大文心,4835.0,0,11,9868,3661,2026-05-15
元大新盛,4610.0,90,0,9869,3661,2026-05-15
元大新盛,4620.0,40,0,9869,3661,2026-05-15
元大新盛,4630.0,30,0,9869,3661,2026-05-15
元大新盛,4655.0,0,7,9869,3661,2026-05-15
元大新盛,4665.0,20,0,9869,3661,2026-05-15
元大新盛,4675.0,50,2000,9869,3661,2026-05-15
元大新盛,4685.0,21,0,9869,3661,2026-05-15
元大文心,4655.0,10,0,9868,3661,2026-05-15
元大文心,4635.0,30,0,9868,3661,2026-05-15
元大文心,4615.0,10,0,9868,3661,2026-05-15
元大民權,4900.0,200,0,9867,3661,2026-05-15
元大和平,4690.0,50,0,9863,3661,2026-05-15
元大和平,4730.0,1,0,9863,3661,2026-05-15
元大和平,4795.0,0,1000,9863,3661,2026-05-15
元大和平,4815.0,10,0,9863,3661,2026-05-15
元大和平,4955.0,1000,0,9863,3661,2026-05-15
元大民權,4610.0,2,0,9867,3661,2026-05-15
元大民權,4635.0,0,136,9867,3661,2026-05-15
元大和平,4620.0,5,0,9863,3661,2026-05-15
元大民權,4680.0,3,0,9867,3661,2026-05-15
元大民權,4710.0,1000,0,9867,3661,2026-05-15
元大民權,4735.0,1000,0,9867,3661,2026-05-15
元大民權,4775.0,1,0,9867,3661,2026-05-15
元大民權,4790.0,0,1000,9867,3661,2026-05-15
元大民權,4800.0,2,0,9867,3661,2026-05-15
元大民權,4825.0,8,0,9867,3661,2026-05-15
元大民權,4865.0,4,0,9867,3661,2026-05-15
元大民權,4700.0,0,83,9867,3661,2026-05-15
元大新盛,4700.0,105,0,9869,3661,2026-05-15
元大經國,4720.0,5,0,9859,3661,2026-05-15
元大經國,4690.0,1,0,9859,3661,2026-05-15
元大南屯,4685.0,1,0,9853,3661,2026-05-15
元大南屯,4705.0,10,204,9853,3661,2026-05-15
元大南屯,4720.0,50,0,9853,3661,2026-05-15
元大南屯,4755.0,1,0,9853,3661,2026-05-15
元大南屯,4785.0,0,1000,9853,3661,2026-05-15
元大南屯,4820.0,1000,0,9853,3661,2026-05-15
元大南屯,4970.0,1000,0,9853,3661,2026-05-15
元大興安,4605.0,2,0,9854,3661,2026-05-15
元大興安,4615.0,10,0,9854,3661,2026-05-15
元大興安,4690.0,2,0,9854,3661,2026-05-15
元大興安,4705.0,5,1000,9854,3661,2026-05-15
元大興安,4760.0,50,0,9854,3661,2026-05-15
元大花蓮,4600.0,5,0,9856,3661,2026-05-15
元大花蓮,4610.0,66,0,9856,3661,2026-05-15
元大花蓮,4630.0,1,0,9856,3661,2026-05-15
元大南屯,4675.0,5,6,9853,3661,2026-05-15
元大南屯,4660.0,6,3,9853,3661,2026-05-15
元大南屯,4645.0,1,0,9853,3661,2026-05-15
元大南屯,4630.0,5,1000,9853,3661,2026-05-15
元大館前,4760.0,1,0,984K,3661,2026-05-15
元大館前,4775.0,1000,0,984K,3661,2026-05-15
元大館前,4810.0,0,2,984K,3661,2026-05-15
元大館前,4900.0,1,0,984K,3661,2026-05-15
元大永春,4600.0,62,7,9852,3661,2026-05-15
元大永春,4610.0,0,101,9852,3661,2026-05-15
元大永春,4630.0,0,60,9852,3661,2026-05-15
元大花蓮,4650.0,1,0,9856,3661,2026-05-15
元大永春,4645.0,16,0,9852,3661,2026-05-15
元大永春,4685.0,13,0,9852,3661,2026-05-15
元大永春,4705.0,4,0,9852,3661,2026-05-15
元大永春,4715.0,0,1005,9852,3661,2026-05-15
元大永春,4725.0,2,50,9852,3661,2026-05-15
元大永春,4785.0,5,34,9852,3661,2026-05-15
元大永春,4830.0,2,0,9852,3661,2026-05-15
元大南屯,4600.0,8,0,9853,3661,2026-05-15
元大永春,4655.0,12,50,9852,3661,2026-05-15
元大經國,4705.0,17,1,9859,3661,2026-05-15
元大花蓮,4665.0,2,180,9856,3661,2026-05-15
元大花蓮,4690.0,2,0,9856,3661,2026-05-15
元大龍潭,4650.0,22,0,9858,3661,2026-05-15
元大龍潭,4665.0,1,0,9858,3661,2026-05-15
元大龍潭,4680.0,23,0,9858,3661,2026-05-15
元大龍潭,4690.0,1,2,9858,3661,2026-05-15
元大龍潭,4705.0,0,1000,9858,3661,2026-05-15
元大龍潭,4720.0,12,0,9858,3661,2026-05-15
元大龍潭,4740.0,0,1,9858,3661,2026-05-15
元大龍潭,4800.0,20,0,9858,3661,2026-05-15
元大龍潭,4830.0,100,0,9858,3661,2026-05-15
元大經國,4605.0,0,10,9859,3661,2026-05-15
元大經國,4615.0,1,1000,9859,3661,2026-05-15
元大經國,4630.0,5,1000,9859,3661,2026-05-15
元大經國,4650.0,5,0,9859,3661,2026-05-15
元大經國,4670.0,6,0,9859,3661,2026-05-15
元大經國,4680.0,1,0,9859,3661,2026-05-15
元大龍潭,4630.0,1005,0,9858,3661,2026-05-15
元大龍潭,4610.0,3,0,9858,3661,2026-05-15
元大蘆洲,4945.0,0,1000,9857,3661,2026-05-15
元大蘆洲,4785.0,1000,0,9857,3661,2026-05-15
元大花蓮,4700.0,1010,30,9856,3661,2026-05-15
元大花蓮,4710.0,3,3,9856,3661,2026-05-15
元大花蓮,4730.0,2,0,9856,3661,2026-05-15
元大花蓮,4750.0,50,49,9856,3661,2026-05-15
元大花蓮,4810.0,0,1000,9856,3661,2026-05-15
元大花蓮,4845.0,0,5,9856,3661,2026-05-15
元大花蓮,4860.0,2,0,9856,3661,2026-05-15
元大花蓮,4675.0,0,1,9856,3661,2026-05-15
元大蘆洲,4600.0,71,2,9857,3661,2026-05-15
元大蘆洲,4630.0,10,0,9857,3661,2026-05-15
元大蘆洲,4650.0,30,0,9857,3661,2026-05-15
元大蘆洲,4680.0,6,9,9857,3661,2026-05-15
元大蘆洲,4695.0,0,1000,9857,3661,2026-05-15
元大蘆洲,4705.0,0,3000,9857,3661,2026-05-15
元大蘆洲,4715.0,5,75,9857,3661,2026-05-15
元大蘆洲,4775.0,2,0,9857,3661,2026-05-15
元大蘆洲,4615.0,50,0,9857,3661,2026-05-15
元大新盛,4710.0,0,100,9869,3661,2026-05-15
元大新盛,4730.0,60,0,9869,3661,2026-05-15
元大新盛,4750.0,0,49,9869,3661,2026-05-15
元大鑫永,4600.0,5,0,9888,3661,2026-05-15
元大鑫永,4610.0,6,0,9888,3661,2026-05-15
元大鑫永,4630.0,2,0,9888,3661,2026-05-15
元大鑫永,4660.0,1,40,9888,3661,2026-05-15
元大鑫永,4680.0,101,0,9888,3661,2026-05-15
元大鑫永,4690.0,10,0,9888,3661,2026-05-15
元大鑫永,4780.0,20,0,9888,3661,2026-05-15
元大員林,4605.0,0,4001,9889,3661,2026-05-15
元大員林,4670.0,25,1,9889,3661,2026-05-15
元大員林,4685.0,10,0,9889,3661,2026-05-15
元大員林,4700.0,3,0,9889,3661,2026-05-15
元大員林,4720.0,10,3,9889,3661,2026-05-15
元大員林,4745.0,0,20,9889,3661,2026-05-15
元大員林,4775.0,2000,0,9889,3661,2026-05-15
元大員林,4910.0,0,67,9889,3661,2026-05-15
元大斗信,4855.0,1,0,9884,3661,2026-05-15
元大斗信,4830.0,1000,0,9884,3661,2026-05-15
元大斗信,4770.0,2,0,9884,3661,2026-05-15
元大斗信,4750.0,0,1,9884,3661,2026-05-15
元大板三,4840.0,5,0,9879,3661,2026-05-15
元大楊梅,4600.0,7,48,987A,3661,2026-05-15
元大楊梅,4610.0,1,45,987A,3661,2026-05-15
元大楊梅,4635.0,0,125,987A,3661,2026-05-15
元大楊梅,4670.0,50,0,987A,3661,2026-05-15
元大楊梅,4685.0,5,0,987A,3661,2026-05-15
元大楊梅,4705.0,3,1,987A,3661,2026-05-15
元大桃園,4635.0,3,0,988B,3661,2026-05-15
元大楊梅,4725.0,8,0,987A,3661,2026-05-15
元大楊梅,4800.0,30,0,987A,3661,2026-05-15
元大楊梅,4870.0,1000,0,987A,3661,2026-05-15
元大斗信,4620.0,10,0,9884,3661,2026-05-15
元大斗信,4635.0,1,1,9884,3661,2026-05-15
元大斗信,4675.0,1,0,9884,3661,2026-05-15
元大斗信,4690.0,1,0,9884,3661,2026-05-15
元大斗信,4735.0,0,100,9884,3661,2026-05-15
元大楊梅,4735.0,10,0,987A,3661,2026-05-15
元大板三,4815.0,10,0,9879,3661,2026-05-15
元大桃園,4655.0,2,0,988B,3661,2026-05-15
元大桃園,4695.0,0,1000,988B,3661,2026-05-15
元大永和,4690.0,1,0,9891,3661,2026-05-15
元大永和,4705.0,0,1050,9891,3661,2026-05-15
元大永和,4725.0,10,5,9891,3661,2026-05-15
元大永和,4735.0,1000,0,9891,3661,2026-05-15
元大永和,4750.0,2,3,9891,3661,2026-05-15
元大永和,4790.0,2000,0,9891,3661,2026-05-15
元大永和,4835.0,1000,0,9891,3661,2026-05-15
元大永和,4855.0,1000,1000,9891,3661,2026-05-15
元大永和,4905.0,10,0,9891,3661,2026-05-15
元大屏東,4605.0,5,0,9892,3661,2026-05-15
元大屏東,4650.0,5,0,9892,3661,2026-05-15
元大屏東,4680.0,10,0,9892,3661,2026-05-15
元大屏東,4695.0,0,10,9892,3661,2026-05-15
元大屏東,4710.0,12,0,9892,3661,2026-05-15
元大屏東,4725.0,12,13,9892,3661,2026-05-15
元大永和,4670.0,1001,0,9891,3661,2026-05-15
元大永和,4655.0,5,0,9891,3661,2026-05-15
元大永和,4640.0,51,0,9891,3661,2026-05-15
元大永和,4620.0,1,10,9891,3661,2026-05-15
元大桃園,4705.0,20,1000,988B,3661,2026-05-15
元大桃園,4720.0,30,0,988B,3661,2026-05-15
元大桃園,4735.0,30,0,988B,3661,2026-05-15
元大桃園,4755.0,0,6,988B,3661,2026-05-15
元大桃園,4825.0,10,0,988B,3661,2026-05-15
元大桃園,4870.0,2,0,988B,3661,2026-05-15
元大三重,4610.0,0,30,988C,3661,2026-05-15
元大桃園,4680.0,1,0,988B,3661,2026-05-15
元大三重,4675.0,10,0,988C,3661,2026-05-15
元大三重,4725.0,1,0,988C,3661,2026-05-15
元大長庚,4630.0,0,48,988V,3661,2026-05-15
元大長庚,4655.0,10,0,988V,3661,2026-05-15
元大長庚,4700.0,3,0,988V,3661,2026-05-15
元大長庚,4710.0,0,2,988V,3661,2026-05-15
元大永和,4600.0,1,0,9891,3661,2026-05-15
元大永和,4610.0,1,0,9891,3661,2026-05-15
元大三重,4700.0,10,15,988C,3661,2026-05-15
元大板三,4765.0,5,0,9879,3661,2026-05-15
元大板三,4705.0,50,0,9879,3661,2026-05-15
元大板三,4690.0,1,0,9879,3661,2026-05-15
元大忠孝,4710.0,0,1150,9871,3661,2026-05-15
元大忠孝,4720.0,5,0,9871,3661,2026-05-15
元大忠孝,4755.0,30,0,9871,3661,2026-05-15
元大忠孝,4775.0,0,1000,9871,3661,2026-05-15
元大忠孝,4785.0,40,1000,9871,3661,2026-05-15
元大忠孝,4810.0,1020,0,9871,3661,2026-05-15
元大忠孝,4820.0,20,0,9871,3661,2026-05-15
元大忠孝,4870.0,10,3000,9871,3661,2026-05-15
元大復北,4605.0,0,1,9872,3661,2026-05-15
元大復北,4615.0,0,5,9872,3661,2026-05-15
元大復北,4645.0,1,0,9872,3661,2026-05-15
元大復北,4655.0,11,110,9872,3661,2026-05-15
元大復北,4665.0,10,0,9872,3661,2026-05-15
元大復北,4675.0,2,0,9872,3661,2026-05-15
元大復北,4685.0,11,2,9872,3661,2026-05-15
元大忠孝,4700.0,20,0,9871,3661,2026-05-15
元大忠孝,4690.0,20,0,9871,3661,2026-05-15
元大忠孝,4680.0,21,0,9871,3661,2026-05-15
元大忠孝,4665.0,0,1000,9871,3661,2026-05-15
元大新盛,4765.0,0,20,9869,3661,2026-05-15
元大新盛,4780.0,60,0,9869,3661,2026-05-15
元大新盛,4800.0,0,10,9869,3661,2026-05-15
元大新盛,4815.0,4,0,9869,3661,2026-05-15
元大新盛,4900.0,0,11,9869,3661,2026-05-15
元大基孝,4605.0,1,0,986K,3661,2026-05-15
元大基孝,4625.0,1,0,986K,3661,2026-05-15
元大復北,4705.0,1,0,9872,3661,2026-05-15
元大基孝,4650.0,15,0,986K,3661,2026-05-15
元大基孝,4685.0,12,0,986K,3661,2026-05-15
元大基孝,4725.0,2,0,986K,3661,2026-05-15
元大基孝,4800.0,0,60,986K,3661,2026-05-15
元大忠孝,4600.0,5,0,9871,3661,2026-05-15
元大忠孝,4615.0,400,85,9871,3661,2026-05-15
元大忠孝,4630.0,0,76,9871,3661,2026-05-15
元大忠孝,4655.0,110,0,9871,3661,2026-05-15
元大基孝,4670.0,1,1000,986K,3661,2026-05-15
元大復北,4725.0,2,5,9872,3661,2026-05-15
元大復北,4735.0,10,0,9872,3661,2026-05-15
元大復北,4755.0,2000,0,9872,3661,2026-05-15
元大永寧,4715.0,1,0,9875,3661,2026-05-15
元大永寧,4730.0,4,0,9875,3661,2026-05-15
元大永寧,4750.0,2,0,9875,3661,2026-05-15
元大永寧,4780.0,2,0,9875,3661,2026-05-15
元大永寧,4880.0,1,0,9875,3661,2026-05-15
元大金華,4615.0,11,0,9878,3661,2026-05-15
元大金華,4665.0,0,50,9878,3661,2026-05-15
元大永寧,4685.0,10,0,9875,3661,2026-05-15
元大金華,4725.0,5,0,9878,3661,2026-05-15
元大金華,4750.0,50,0,9878,3661,2026-05-15
元大金華,4830.0,10,0,9878,3661,2026-05-15
元大金華,4840.0,10,0,9878,3661,2026-05-15
元大板三,4615.0,1,0,9879,3661,2026-05-15
元大板三,4650.0,10,3,9879,3661,2026-05-15
元大板三,4660.0,3,3,9879,3661,2026-05-15
元大板三,4670.0,102,0,9879,3661,2026-05-15
元大金華,4735.0,12,0,9878,3661,2026-05-15
元大館前,4735.0,4,0,984K,3661,2026-05-15
元大永寧,4665.0,1,0,9875,3661,2026-05-15
元大永寧,4620.0,20,5,9875,3661,2026-05-15
元大復北,4770.0,10,0,9872,3661,2026-05-15
元大復北,4785.0,10,0,9872,3661,2026-05-15
元大復北,4820.0,1000,0,9872,3661,2026-05-15
元大復北,4880.0,0,7,9872,3661,2026-05-15
元大雙和,4605.0,0,1000,9874,3661,2026-05-15
元大雙和,4630.0,1,50,9874,3661,2026-05-15
元大雙和,4650.0,10,0,9874,3661,2026-05-15
元大永寧,4630.0,30,0,9875,3661,2026-05-15
元大雙和,4660.0,5,0,9874,3661,2026-05-15
元大雙和,4700.0,12,0,9874,3661,2026-05-15
元大雙和,4715.0,0,5,9874,3661,2026-05-15
元大雙和,4740.0,0,7,9874,3661,2026-05-15
元大雙和,4785.0,5,0,9874,3661,2026-05-15
元大雙和,4805.0,1,0,9874,3661,2026-05-15
元大雙和,4985.0,2000,0,9874,3661,2026-05-15
元大永寧,4610.0,3,0,9875,3661,2026-05-15
元大雙和,4690.0,5,0,9874,3661,2026-05-15
元大大天,4600.0,1,0,9893,3661,2026-05-15
元大館前,4715.0,1010,0,984K,3661,2026-05-15
元大館前,4690.0,0,1,984K,3661,2026-05-15
元大博愛,4760.0,5,0,982B,3661,2026-05-15
元大博愛,4785.0,0,2,982B,3661,2026-05-15
元大博愛,4805.0,1,0,982B,3661,2026-05-15
元大博愛,4840.0,2,0,982B,3661,2026-05-15
元大六合,4615.0,5,0,982C,3661,2026-05-15
元大六合,4650.0,2,0,982C,3661,2026-05-15
元大六合,4670.0,5,0,982C,3661,2026-05-15
元大六合,4700.0,6,0,982C,3661,2026-05-15
元大六合,4725.0,10,0,982C,3661,2026-05-15
元大六合,4760.0,0,6,982C,3661,2026-05-15
元大忠鼎,4600.0,100,0,982F,3661,2026-05-15
元大忠鼎,4635.0,5,0,982F,3661,2026-05-15
元大忠鼎,4695.0,0,30,982F,3661,2026-05-15
元大忠鼎,4705.0,1,0,982F,3661,2026-05-15
元大忠鼎,4775.0,0,1,982F,3661,2026-05-15
元大博愛,4725.0,0,50,982B,3661,2026-05-15
元大博愛,4715.0,1,0,982B,3661,2026-05-15
元大博愛,4705.0,7,30,982B,3661,2026-05-15
元大博愛,4690.0,1,300,982B,3661,2026-05-15
元大羅東,4645.0,1,0,982A,3661,2026-05-15
元大羅東,4655.0,0,60,982A,3661,2026-05-15
元大羅東,4665.0,0,1,982A,3661,2026-05-15
元大羅東,4675.0,1,0,982A,3661,2026-05-15
元大羅東,4685.0,100,0,982A,3661,2026-05-15
元大羅東,4695.0,10,0,982A,3661,2026-05-15
元大羅東,4705.0,100,0,982A,3661,2026-05-15
元大忠鼎,4790.0,0,1,982F,3661,2026-05-15
元大羅東,4715.0,100,0,982A,3661,2026-05-15
元大羅東,4805.0,0,10,982A,3661,2026-05-15
元大博愛,4605.0,100,0,982B,3661,2026-05-15
元大博愛,4615.0,100,0,982B,3661,2026-05-15
元大博愛,4625.0,12,0,982B,3661,2026-05-15
元大博愛,4635.0,10,0,982B,3661,2026-05-15
元大博愛,4655.0,1,0,982B,3661,2026-05-15
元大博愛,4665.0,1,100,982B,3661,2026-05-15
元大羅東,4785.0,50,0,982A,3661,2026-05-15
元大羅東,4630.0,1,0,982A,3661,2026-05-15
元大忠鼎,4980.0,0,1000,982F,3661,2026-05-15
元大四維,4635.0,50,7,9831,3661,2026-05-15
元大中壢,4665.0,2,0,9834,3661,2026-05-15
元大中壢,4675.0,0,100,9834,3661,2026-05-15
元大中壢,4685.0,35,0,9834,3661,2026-05-15
元大中壢,4700.0,31,5,9834,3661,2026-05-15
元大中壢,4710.0,41,5,9834,3661,2026-05-15
元大中壢,4725.0,11,0,9834,3661,2026-05-15
元大中壢,4735.0,202,27,9834,3661,2026-05-15
元大中壢,4750.0,5,0,9834,3661,2026-05-15
元大中壢,4765.0,0,3,9834,3661,2026-05-15
元大中壢,4780.0,6,0,9834,3661,2026-05-15
元大中壢,4795.0,201,0,9834,3661,2026-05-15
元大中壢,4805.0,3,0,9834,3661,2026-05-15
元大中壢,4815.0,1,0,9834,3661,2026-05-15
元大中壢,4855.0,1,0,9834,3661,2026-05-15
元大中壢,4910.0,102,0,9834,3661,2026-05-15
元大中壢,4655.0,1,0,9834,3661,2026-05-15
元大中壢,4645.0,1,0,9834,3661,2026-05-15
元大中壢,4635.0,55,100,9834,3661,2026-05-15
元大中壢,4625.0,27,0,9834,3661,2026-05-15
元大四維,4685.0,3,0,9831,3661,2026-05-15
元大四維,4700.0,20,199,9831,3661,2026-05-15
元大四維,4730.0,20,1000,9831,3661,2026-05-15
元大四維,4750.0,20,0,9831,3661,2026-05-15
元大四維,4770.0,0,1,9831,3661,2026-05-15
元大四維,4990.0,1000,0,9831,3661,2026-05-15
元大敦化,4630.0,2,0,9833,3661,2026-05-15
元大四維,4605.0,1000,0,9831,3661,2026-05-15
元大敦化,4650.0,100,30,9833,3661,2026-05-15
元大敦化,4670.0,100,0,9833,3661,2026-05-15
元大敦化,4695.0,50,0,9833,3661,2026-05-15
元大敦化,4710.0,101,7,9833,3661,2026-05-15
元大敦化,4720.0,1,0,9833,3661,2026-05-15
元大敦化,4800.0,0,50,9833,3661,2026-05-15
元大中壢,4605.0,1,0,9834,3661,2026-05-15
元大中壢,4615.0,12,10,9834,3661,2026-05-15
元大敦化,4660.0,5,0,9833,3661,2026-05-15
元大中山,4600.0,14,0,9835,3661,2026-05-15
元大羅東,4620.0,20,0,982A,3661,2026-05-15
元大永康,4870.0,1,0,9829,3661,2026-05-15
元大民雄,4630.0,6,0,981V,3661,2026-05-15
元大民雄,4650.0,15,0,981V,3661,2026-05-15
元大民雄,4675.0,0,20,981V,3661,2026-05-15
元大民雄,4715.0,5,0,981V,3661,2026-05-15
元大民雄,4800.0,1,0,981V,3661,2026-05-15
元大民雄,4840.0,1,0,981V,3661,2026-05-15
元大新生,4685.0,10,0,981X,3661,2026-05-15
元大新生,4700.0,10,0,981X,3661,2026-05-15
元大新生,4710.0,5,0,981X,3661,2026-05-15
元大善化,4600.0,2,0,981y,3661,2026-05-15
元大善化,4635.0,11,0,981y,3661,2026-05-15
元大善化,4650.0,21,30,981y,3661,2026-05-15
元大善化,4660.0,0,5,981y,3661,2026-05-15
元大善化,4680.0,10,0,981y,3661,2026-05-15
元大善化,4690.0,5,10,981y,3661,2026-05-15
元大民雄,4615.0,1,0,981V,3661,2026-05-15
元大華山,4685.0,15,0,981U,3661,2026-05-15
元大華山,4655.0,1,0,981U,3661,2026-05-15
元大華山,4635.0,10,0,981U,3661,2026-05-15
元大崇德,4640.0,1010,0,981S,3661,2026-05-15
元大崇德,4650.0,25,0,981S,3661,2026-05-15
元大崇德,4670.0,10,0,981S,3661,2026-05-15
元大崇德,4685.0,20,1000,981S,3661,2026-05-15
元大崇德,4705.0,70,56,981S,3661,2026-05-15
元大崇德,4720.0,5,200,981S,3661,2026-05-15
元大崇德,4735.0,1,0,981S,3661,2026-05-15
元大善化,4715.0,75,0,981y,3661,2026-05-15
元大崇德,4760.0,0,50,981S,3661,2026-05-15
元大崇德,4805.0,11,0,981S,3661,2026-05-15
元大崇德,4820.0,50,5,981S,3661,2026-05-15
元大崇德,4840.0,10,0,981S,3661,2026-05-15
元大崇德,4870.0,0,100,981S,3661,2026-05-15
元大崇德,4905.0,0,10,981S,3661,2026-05-15
元大崇德,4990.0,1000,1000,981S,3661,2026-05-15
元大華山,4625.0,1,0,981U,3661,2026-05-15
元大崇德,4795.0,1,0,981S,3661,2026-05-15
元大羅東,4605.0,51,0,982A,3661,2026-05-15
元大善化,4740.0,50,1,981y,3661,2026-05-15
元大善化,4860.0,0,30,981y,3661,2026-05-15
元大新營,4700.0,10,0,9825,3661,2026-05-15
元大新營,4715.0,11,0,9825,3661,2026-05-15
元大新營,4725.0,0,4,9825,3661,2026-05-15
元大新營,4755.0,1,0,9825,3661,2026-05-15
元大新營,4800.0,1,0,9825,3661,2026-05-15
元大新營,4825.0,1,0,9825,3661,2026-05-15
元大新營,4855.0,0,50,9825,3661,2026-05-15
元大永康,4610.0,5,0,9829,3661,2026-05-15
元大永康,4630.0,305,0,9829,3661,2026-05-15
元大永康,4650.0,100,0,9829,3661,2026-05-15
元大永康,4670.0,5,0,9829,3661,2026-05-15
元大永康,4700.0,20,0,9829,3661,2026-05-15
元大永康,4715.0,100,0,9829,3661,2026-05-15
元大永康,4730.0,3,0,9829,3661,2026-05-15
元大永康,4770.0,1,0,9829,3661,2026-05-15
元大新營,4680.0,100,10,9825,3661,2026-05-15
元大新營,4665.0,1,0,9825,3661,2026-05-15
元大新營,4630.0,10,0,9825,3661,2026-05-15
元大新營,4600.0,10,0,9825,3661,2026-05-15
元大大統,4610.0,20,0,981z,3661,2026-05-15
元大大統,4635.0,10,2,981z,3661,2026-05-15
元大大統,4660.0,10,0,981z,3661,2026-05-15
元大大統,4675.0,0,10,981z,3661,2026-05-15
元大大統,4700.0,20,0,981z,3661,2026-05-15
元大大統,4755.0,1,0,981z,3661,2026-05-15
元大大統,4885.0,21,0,981z,3661,2026-05-15
元大善化,4770.0,5,0,981y,3661,2026-05-15
元大潮州,4635.0,11,0,981Z,3661,2026-05-15
元大潮州,4700.0,15,0,981Z,3661,2026-05-15
元大潮州,4795.0,1,0,981Z,3661,2026-05-15
元大學府,4615.0,2,0,9822,3661,2026-05-15
元大學府,4680.0,2,0,9822,3661,2026-05-15
元大學府,4750.0,0,15,9822,3661,2026-05-15
元大向上,4600.0,0,20,9824,3661,2026-05-15
元大向上,4700.0,20,1,9824,3661,2026-05-15
元大潮州,4665.0,1,0,981Z,3661,2026-05-15
元大中山,4615.0,20,0,9835,3661,2026-05-15
元大中山,4630.0,0,35,9835,3661,2026-05-15
元大中山,4650.0,30,0,9835,3661,2026-05-15
元大頭份,4790.0,1,0,983U,3661,2026-05-15
元大頭份,4805.0,0,1,983U,3661,2026-05-15
元大頭份,4820.0,2,0,983U,3661,2026-05-15
元大頭份,4840.0,30,0,983U,3661,2026-05-15
元大頭份,4860.0,15,0,983U,3661,2026-05-15
元大頭份,4900.0,0,10,983U,3661,2026-05-15
元大竹南,4675.0,30,0,983V,3661,2026-05-15
元大竹南,4695.0,2,0,983V,3661,2026-05-15
元大竹南,4710.0,0,10,983V,3661,2026-05-15
元大竹南,4725.0,100,0,983V,3661,2026-05-15
元大竹南,4745.0,0,10,983V,3661,2026-05-15
元大竹南,4800.0,450,0,983V,3661,2026-05-15
元大德芳,4620.0,100,0,983W,3661,2026-05-15
元大德芳,4650.0,100,1,983W,3661,2026-05-15
元大德芳,4685.0,5,0,983W,3661,2026-05-15
元大頭份,4760.0,5,0,983U,3661,2026-05-15
元大頭份,4750.0,5,0,983U,3661,2026-05-15
元大頭份,4720.0,1,0,983U,3661,2026-05-15
元大頭份,4705.0,2,0,983U,3661,2026-05-15
元大木柵,4820.0,1,0,983M,3661,2026-05-15
元大木柵,4855.0,0,200,983M,3661,2026-05-15
元大大安,4610.0,1,0,983N,3661,2026-05-15
元大大安,4620.0,20,0,983N,3661,2026-05-15
元大大安,4650.0,12,0,983N,3661,2026-05-15
元大大安,4680.0,20,0,983N,3661,2026-05-15
元大大安,4700.0,21,0,983N,3661,2026-05-15
元大德芳,4705.0,13,0,983W,3661,2026-05-15
元大大安,4770.0,1,0,983N,3661,2026-05-15
元大大安,4830.0,50,0,983N,3661,2026-05-15
元大大安,4855.0,1,0,983N,3661,2026-05-15
元大頭份,4600.0,3,0,983U,3661,2026-05-15
元大頭份,4615.0,5,0,983U,3661,2026-05-15
元大頭份,4650.0,10,0,983U,3661,2026-05-15
元大頭份,4680.0,6,100,983U,3661,2026-05-15
元大頭份,4695.0,50,0,983U,3661,2026-05-15
元大大安,4800.0,2,0,983N,3661,2026-05-15
元大木柵,4745.0,1002,0,983M,3661,2026-05-15
元大德芳,4760.0,0,10,983W,3661,2026-05-15
元大德芳,4790.0,0,40,983W,3661,2026-05-15
元大景美,4615.0,7,0,984H,3661,2026-05-15
元大景美,4655.0,5,0,984H,3661,2026-05-15
元大景美,4665.0,2,0,984H,3661,2026-05-15
元大景美,4685.0,9,0,984H,3661,2026-05-15
元大景美,4700.0,13,24,984H,3661,2026-05-15
元大景美,4710.0,30,0,984H,3661,2026-05-15
元大景美,4740.0,4,1,984H,3661,2026-05-15
元大景美,4760.0,0,100,984H,3661,2026-05-15
元大景美,4795.0,15,0,984H,3661,2026-05-15
元大景美,4820.0,6,0,984H,3661,2026-05-15
元大館前,4600.0,13,0,984K,3661,2026-05-15
元大館前,4610.0,20,0,984K,3661,2026-05-15
元大館前,4625.0,1000,0,984K,3661,2026-05-15
元大館前,4650.0,1,100,984K,3661,2026-05-15
元大館前,4680.0,0,39,984K,3661,2026-05-15
元大景美,4600.0,5,0,984H,3661,2026-05-15
元大南勢,4755.0,0,1,984E,3661,2026-05-15
元大南勢,4700.0,1,2,984E,3661,2026-05-15
元大南勢,4600.0,10,0,984E,3661,2026-05-15
元大鳳山,4630.0,1001,0,983Z,3661,2026-05-15
元大鳳山,4650.0,1,0,983Z,3661,2026-05-15
元大鳳山,4660.0,1,0,983Z,3661,2026-05-15
元大鳳山,4690.0,3,0,983Z,3661,2026-05-15
元大鳳山,4700.0,150,10,983Z,3661,2026-05-15
元大鳳山,4750.0,0,3,983Z,3661,2026-05-15
元大鳳山,4770.0,3,0,983Z,3661,2026-05-15
元大德芳,4770.0,29,0,983W,3661,2026-05-15
元大大直,4685.0,20,0,9846,3661,2026-05-15
元大新中,4615.0,53,0,984C,3661,2026-05-15
元大新中,4625.0,0,10,984C,3661,2026-05-15
元大新中,4650.0,16,0,984C,3661,2026-05-15
元大新中,4670.0,52,0,984C,3661,2026-05-15
元大新中,4710.0,50,7,984C,3661,2026-05-15
元大新中,4750.0,1015,0,984C,3661,2026-05-15
元大新中,4885.0,2,0,984C,3661,2026-05-15
元大大直,4815.0,50,0,9846,3661,2026-05-15
元大木柵,4710.0,2,0,983M,3661,2026-05-15
元大木柵,4690.0,1,0,983M,3661,2026-05-15
元大木柵,4655.0,3,0,983M,3661,2026-05-15
元大豐原,4730.0,10,0,9838,3661,2026-05-15
元大豐原,4755.0,0,1000,9838,3661,2026-05-15
元大豐原,4780.0,0,1,9838,3661,2026-05-15
元大豐原,4800.0,30,20,9838,3661,2026-05-15
元大林森,4615.0,1,10,983B,3661,2026-05-15
元大林森,4655.0,0,10,983B,3661,2026-05-15
元大林森,4720.0,4,0,983B,3661,2026-05-15
元大林森,4975.0,1000,0,983B,3661,2026-05-15
元大竹東,4635.0,0,1,983f,3661,2026-05-15
元大竹東,4675.0,65,0,983f,3661,2026-05-15
元大竹東,4690.0,2,0,983f,3661,2026-05-15
元大竹東,4730.0,3,0,983f,3661,2026-05-15
元大竹東,4770.0,5,0,983f,3661,2026-05-15
元大竹東,4800.0,0,10,983f,3661,2026-05-15
元大竹東,4890.0,0,10,983f,3661,2026-05-15
元大豐原,4710.0,16,0,9838,3661,2026-05-15
元大豐原,4690.0,1020,0,9838,3661,2026-05-15
元大豐原,4650.0,5,0,9838,3661,2026-05-15
元大豐原,4625.0,5,0,9838,3661,2026-05-15
元大中山,4670.0,30,0,9835,3661,2026-05-15
元大中山,4705.0,2,0,9835,3661,2026-05-15
元大中山,4740.0,50,0,9835,3661,2026-05-15
元大中山,4755.0,1,0,9835,3661,2026-05-15
元大中山,4800.0,1,0,9835,3661,2026-05-15
元大中山,4900.0,1000,0,9835,3661,2026-05-15
元大北港,4605.0,10,0,9837,3661,2026-05-15
元大上新,4620.0,0,25,983G,3661,2026-05-15
元大北港,4630.0,11,200,9837,3661,2026-05-15
元大北港,4690.0,2,0,9837,3661,2026-05-15
元大北港,4700.0,50,0,9837,3661,2026-05-15
元大北港,4730.0,2,0,9837,3661,2026-05-15
元大北港,4795.0,0,1,9837,3661,2026-05-15
元大北港,4860.0,0,43,9837,3661,2026-05-15
元大豐原,4600.0,20,0,9838,3661,2026-05-15
元大豐原,4615.0,0,600,9838,3661,2026-05-15
元大北港,4680.0,10,0,9837,3661,2026-05-15
元大上新,4650.0,1,0,983G,3661,2026-05-15
元大上新,4670.0,0,25,983G,3661,2026-05-15
元大上新,4690.0,50,1,983G,3661,2026-05-15
元大仁愛,4710.0,1,0,983j,3661,2026-05-15
元大仁愛,4720.0,1000,0,983j,3661,2026-05-15
元大仁愛,4735.0,3,0,983j,3661,2026-05-15
元大仁愛,4750.0,2,1000,983j,3661,2026-05-15
元大仁愛,4795.0,2,0,983j,3661,2026-05-15
元大仁愛,4805.0,2,0,983j,3661,2026-05-15
元大仁愛,4830.0,0,1000,983j,3661,2026-05-15
元大仁愛,4695.0,1,0,983j,3661,2026-05-15
元大仁愛,4840.0,60,0,983j,3661,2026-05-15
元大仁愛,4900.0,0,20,983j,3661,2026-05-15
元大學甲,4600.0,0,20,983K,3661,2026-05-15
元大學甲,4635.0,0,10,983K,3661,2026-05-15
元大學甲,4680.0,10,0,983K,3661,2026-05-15
元大學甲,4710.0,30,0,983K,3661,2026-05-15
元大學甲,4850.0,20,0,983K,3661,2026-05-15
元大木柵,4610.0,3,0,983M,3661,2026-05-15
元大仁愛,4855.0,0,10,983j,3661,2026-05-15
元大館前,4705.0,4,0,984K,3661,2026-05-15
元大仁愛,4675.0,1,0,983j,3661,2026-05-15
元大仁愛,4630.0,50,0,983j,3661,2026-05-15
元大上新,4700.0,20,0,983G,3661,2026-05-15
元大上新,4715.0,1,10,983G,3661,2026-05-15
元大上新,4740.0,0,10,983G,3661,2026-05-15
元大上新,4760.0,15,0,983G,3661,2026-05-15
元大上新,4800.0,0,110,983G,3661,2026-05-15
元大大雅,4615.0,1,0,983i,3661,2026-05-15
元大大雅,4630.0,2,0,983i,3661,2026-05-15
元大仁愛,4650.0,20,0,983j,3661,2026-05-15
元大大雅,4665.0,20,0,983i,3661,2026-05-15
元大大雅,4700.0,5,0,983i,3661,2026-05-15
元大大雅,4720.0,1,1,983i,3661,2026-05-15
元大大雅,4730.0,0,1000,983i,3661,2026-05-15
元大大雅,4755.0,20,0,983i,3661,2026-05-15
元大大雅,4780.0,0,25,983i,3661,2026-05-15
元大大雅,4830.0,10,0,983i,3661,2026-05-15
元大大雅,4900.0,10,0,983i,3661,2026-05-15
元大大雅,4685.0,25,0,983i,3661,2026-05-15
兆豐竹北,4740.0,10,0,7007,3661,2026-05-15
玉山,4900.0,0,3,8840,3661,2026-05-15
兆豐竹北,4715.0,1,0,7007,3661,2026-05-15
群益大安,4990.0,1000,0,918e,3661,2026-05-15
群益南京,4670.0,10,0,918E,3661,2026-05-15
群益南京,4715.0,11,0,918E,3661,2026-05-15
群益新店,4655.0,50,0,918F,3661,2026-05-15
群益新店,4705.0,10,0,918F,3661,2026-05-15
群益大甲,4610.0,0,45,918g,3661,2026-05-15
群益大甲,4680.0,11,0,918g,3661,2026-05-15
群益大甲,4705.0,0,1000,918g,3661,2026-05-15
群益大甲,4835.0,1,0,918g,3661,2026-05-15
群益新莊,4610.0,0,300,918G,3661,2026-05-15
群益新莊,4705.0,0,10,918G,3661,2026-05-15
群益大安,4625.0,0,1000,918e,3661,2026-05-15
群益新莊,4730.0,1,0,918G,3661,2026-05-15
群益中山,4615.0,0,2,918H,3661,2026-05-15
群益中山,4635.0,0,2,918H,3661,2026-05-15
群益中山,4675.0,5,0,918H,3661,2026-05-15
群益中山,4735.0,5,0,918H,3661,2026-05-15
群益中山,4795.0,5,0,918H,3661,2026-05-15
群益竹南,4620.0,1000,1000,918i,3661,2026-05-15
群益竹南,4880.0,1000,0,918i,3661,2026-05-15
群益永和,4670.0,0,5,918J,3661,2026-05-15
群益永和,4710.0,0,10,918J,3661,2026-05-15
群益永和,4750.0,50,0,918J,3661,2026-05-15
群益東湖,4605.0,1000,0,918K,3661,2026-05-15
群益新莊,4800.0,0,1000,918G,3661,2026-05-15
群益東門,4855.0,0,25,918D,3661,2026-05-15
群益東門,4800.0,5,0,918D,3661,2026-05-15
群益東門,4765.0,10,0,918D,3661,2026-05-15
群益板橋,4645.0,5,0,918B,3661,2026-05-15
群益板橋,4660.0,5,0,918B,3661,2026-05-15
群益板橋,4680.0,8,0,918B,3661,2026-05-15
群益板橋,4700.0,2,0,918B,3661,2026-05-15
群益板橋,4905.0,10,0,918B,3661,2026-05-15
群益鳳山,4600.0,1,0,918c,3661,2026-05-15
群益鳳山,4675.0,2,0,918c,3661,2026-05-15
群益鳳山,4700.0,3,2,918c,3661,2026-05-15
群益鳳山,4710.0,2,0,918c,3661,2026-05-15
群益鳳山,4725.0,20,0,918c,3661,2026-05-15
群益古亭,4600.0,1,0,918C,3661,2026-05-15
群益古亭,4630.0,20,1000,918C,3661,2026-05-15
群益古亭,4655.0,30,1,918C,3661,2026-05-15
群益古亭,4705.0,50,0,918C,3661,2026-05-15
群益古亭,4720.0,1,0,918C,3661,2026-05-15
群益古亭,4770.0,5,0,918C,3661,2026-05-15
群益古亭,4910.0,1000,0,918C,3661,2026-05-15
群益內湖,4620.0,0,50,918d,3661,2026-05-15
群益內湖,4680.0,0,100,918d,3661,2026-05-15
群益內湖,4790.0,50,0,918d,3661,2026-05-15
群益東門,4605.0,1,0,918D,3661,2026-05-15
群益東門,4685.0,10,0,918D,3661,2026-05-15
群益東門,4705.0,0,70,918D,3661,2026-05-15
群益東門,4720.0,1,10,918D,3661,2026-05-15
群益東門,4735.0,5,0,918D,3661,2026-05-15
群益東湖,4640.0,3,0,918K,3661,2026-05-15
群益板橋,4625.0,1,0,918B,3661,2026-05-15
群益東湖,4705.0,5,0,918K,3661,2026-05-15
群益東湖,4735.0,1000,0,918K,3661,2026-05-15
群益忠孝,4610.0,50,0,918W,3661,2026-05-15
群益忠孝,4620.0,20,0,918W,3661,2026-05-15
群益忠孝,4675.0,1000,0,918W,3661,2026-05-15
群益忠孝,4725.0,0,10,918W,3661,2026-05-15
群益忠孝,4740.0,1000,0,918W,3661,2026-05-15
群益忠孝,4780.0,1,0,918W,3661,2026-05-15
群益忠孝,4800.0,2,0,918W,3661,2026-05-15
群益忠孝,4810.0,1,0,918W,3661,2026-05-15
群益忠孝,4820.0,1,0,918W,3661,2026-05-15
群益忠孝,4830.0,10,0,918W,3661,2026-05-15
群益忠孝,4840.0,0,1000,918W,3661,2026-05-15
群益瑞豐,4840.0,0,10,918u,3661,2026-05-15
群益延平,4670.0,0,90,918x,3661,2026-05-15
群益台北,4660.0,0,1,918X,3661,2026-05-15
群益台北,4715.0,20,0,918X,3661,2026-05-15
群益台北,4760.0,10,0,918X,3661,2026-05-15
群益台北,4900.0,0,2000,918X,3661,2026-05-15
群益台北,4920.0,0,2000,918X,3661,2026-05-15
群益宜蘭,4600.0,30,0,918z,3661,2026-05-15
群益宜蘭,4630.0,25,0,918z,3661,2026-05-15
群益宜蘭,4650.0,15,0,918z,3661,2026-05-15
群益宜蘭,4690.0,10,0,918z,3661,2026-05-15
群益宜蘭,4750.0,35,0,918z,3661,2026-05-15
群益宜蘭,4800.0,5,0,918z,3661,2026-05-15
群益延平,4785.0,0,1,918x,3661,2026-05-15
群益瑞豐,4780.0,1,0,918u,3661,2026-05-15
群益瑞豐,4770.0,5,0,918u,3661,2026-05-15
群益瑞豐,4750.0,5,0,918u,3661,2026-05-15
群益東湖,4775.0,1000,0,918K,3661,2026-05-15
群益東湖,4915.0,0,1000,918K,3661,2026-05-15
群益建成,4600.0,1,0,918L,3661,2026-05-15
群益建成,4650.0,1,0,918L,3661,2026-05-15
群益建成,4670.0,1001,0,918L,3661,2026-05-15
群益建成,4700.0,10,0,918L,3661,2026-05-15
群益建成,4805.0,5,0,918L,3661,2026-05-15
群益嘉義,4625.0,0,30,918M,3661,2026-05-15
群益嘉義,4650.0,1,0,918M,3661,2026-05-15
群益嘉義,4700.0,1,0,918M,3661,2026-05-15
群益嘉義,4755.0,5,0,918M,3661,2026-05-15
群益嘉義,4785.0,10,0,918M,3661,2026-05-15
群益天母,4670.0,1,0,918P,3661,2026-05-15
群益丹鳳,4610.0,10,224,918s,3661,2026-05-15
群益丹鳳,4625.0,20,0,918s,3661,2026-05-15
群益丹鳳,4735.0,3,0,918s,3661,2026-05-15
群益丹鳳,4770.0,100,0,918s,3661,2026-05-15
群益瑞豐,4620.0,2,10,918u,3661,2026-05-15
群益瑞豐,4630.0,5,0,918u,3661,2026-05-15
群益瑞豐,4670.0,5,0,918u,3661,2026-05-15
群益瑞豐,4690.0,5,0,918u,3661,2026-05-15
群益瑞豐,4705.0,4,0,918u,3661,2026-05-15
群益瑞豐,4715.0,3,0,918u,3661,2026-05-15
群益瑞豐,4730.0,5,295,918u,3661,2026-05-15
群益瑞豐,4740.0,2,0,918u,3661,2026-05-15
群益東湖,4720.0,1000,0,918K,3661,2026-05-15
群益板橋,4605.0,10,0,918B,3661,2026-05-15
群益中壢,4915.0,0,3,918A,3661,2026-05-15
群益中壢,4855.0,0,1000,918A,3661,2026-05-15
群益潭子,4635.0,10,0,913D,3661,2026-05-15
群益潭子,4675.0,1,0,913D,3661,2026-05-15
群益潭子,4700.0,2,0,913D,3661,2026-05-15
群益潭子,4715.0,1,0,913D,3661,2026-05-15
群益潭子,4730.0,1,0,913D,3661,2026-05-15
群益潭子,4750.0,10,0,913D,3661,2026-05-15
群益潭子,4800.0,1,0,913D,3661,2026-05-15
群益基隆,4605.0,0,2,913E,3661,2026-05-15
群益基隆,4685.0,20,0,913E,3661,2026-05-15
群益基隆,4740.0,20,0,913E,3661,2026-05-15
群益基隆,4785.0,1,0,913E,3661,2026-05-15
群益潭子,4625.0,2,0,913D,3661,2026-05-15
群益三重,4600.0,10,0,913g,3661,2026-05-15
群益三重,4720.0,1,0,913g,3661,2026-05-15
群益三重,4750.0,5,0,913g,3661,2026-05-15
群益三重,4790.0,0,50,913g,3661,2026-05-15
群益三重,4885.0,10,0,913g,3661,2026-05-15
群益屏東,4700.0,5,0,913H,3661,2026-05-15
群益萬華,4660.0,0,3,913I,3661,2026-05-15
群益萬華,4700.0,10,0,913I,3661,2026-05-15
群益萬華,4740.0,2,0,913I,3661,2026-05-15
群益萬華,4750.0,2,0,913I,3661,2026-05-15
群益萬華,4785.0,10,0,913I,3661,2026-05-15
群益萬華,4805.0,3,0,913I,3661,2026-05-15
群益三重,4700.0,10,0,913g,3661,2026-05-15
群益潭子,4610.0,1,0,913D,3661,2026-05-15
群益潭子,4600.0,11,0,913D,3661,2026-05-15
群益中港,4600.0,0,10,9138,3661,2026-05-15
群益東大,4615.0,2,0,9135,3661,2026-05-15
群益東大,4635.0,1,0,9135,3661,2026-05-15
群益東大,4670.0,10,0,9135,3661,2026-05-15
群益東大,4715.0,100,0,9135,3661,2026-05-15
群益東大,4745.0,1,0,9135,3661,2026-05-15
群益東大,4770.0,1000,1000,9135,3661,2026-05-15
群益東大,4815.0,2,0,9135,3661,2026-05-15
群益東大,4900.0,2,0,9135,3661,2026-05-15
群益東大,4990.0,1000,2000,9135,3661,2026-05-15
群益西松,4625.0,0,3000,9136,3661,2026-05-15
群益西松,4675.0,0,8,9136,3661,2026-05-15
群益西松,4700.0,2000,0,9136,3661,2026-05-15
群益西松,4720.0,0,250,9136,3661,2026-05-15
群益西松,4735.0,1000,0,9136,3661,2026-05-15
群益西松,4835.0,1000,0,9136,3661,2026-05-15
群益西松,4950.0,1000,0,9136,3661,2026-05-15
群益士林,4600.0,1,0,9137,3661,2026-05-15
群益士林,4620.0,0,40,9137,3661,2026-05-15
群益士林,4650.0,0,10,9137,3661,2026-05-15
群益士林,4690.0,1,0,9137,3661,2026-05-15
群益士林,4705.0,1,5,9137,3661,2026-05-15
群益士林,4715.0,1,0,9137,3661,2026-05-15
群益士林,4780.0,1,0,9137,3661,2026-05-15
群益士林,4880.0,0,10,9137,3661,2026-05-15
群益士林,4900.0,1,0,9137,3661,2026-05-15
群益萬華,4870.0,0,20,913I,3661,2026-05-15
群益土城,4600.0,1,1,913N,3661,2026-05-15
群益土城,4685.0,5,0,913N,3661,2026-05-15
群益土城,4720.0,2,0,913N,3661,2026-05-15
群益台南,4695.0,50,0,9185,3661,2026-05-15
群益台南,4780.0,50,0,9185,3661,2026-05-15
群益台南,4840.0,0,50,9185,3661,2026-05-15
群益台南,4875.0,51,0,9185,3661,2026-05-15
群益新竹,4615.0,0,150,9186,3661,2026-05-15
群益新竹,4630.0,20,5,9186,3661,2026-05-15
群益新竹,4700.0,26,0,9186,3661,2026-05-15
群益彰化,4610.0,2,0,9187,3661,2026-05-15
群益彰化,4700.0,5,0,9187,3661,2026-05-15
群益彰化,4720.0,1,20,9187,3661,2026-05-15
群益彰化,4885.0,30,0,9187,3661,2026-05-15
群益彰化,4910.0,10,0,9187,3661,2026-05-15
群益三民,4605.0,1,1,9188,3661,2026-05-15
群益三民,4615.0,20,0,9188,3661,2026-05-15
群益三民,4675.0,0,10,9188,3661,2026-05-15
群益三民,4690.0,11,0,9188,3661,2026-05-15
群益三民,4770.0,2,0,9188,3661,2026-05-15
群益三民,4890.0,0,10,9188,3661,2026-05-15
群益桃園,4600.0,50,0,9189,3661,2026-05-15
群益桃園,4625.0,10,0,9189,3661,2026-05-15
群益桃園,4680.0,40,0,9189,3661,2026-05-15
群益桃園,4815.0,0,2,9189,3661,2026-05-15
群益中壢,4630.0,1,0,918A,3661,2026-05-15
群益中壢,4695.0,50,0,918A,3661,2026-05-15
群益中壢,4720.0,0,1000,918A,3661,2026-05-15
群益台南,4660.0,0,10,9185,3661,2026-05-15
凱基,4600.0,1000,0,9200,3661,2026-05-15
群益台南,4625.0,2,0,9185,3661,2026-05-15
群益台中,4885.0,0,1000,9184,3661,2026-05-15
群益土城,4760.0,10,0,913N,3661,2026-05-15
群益土城,4805.0,10,0,913N,3661,2026-05-15
群益北高,4610.0,5,0,913R,3661,2026-05-15
群益北高,4675.0,25,0,913R,3661,2026-05-15
群益北高,4710.0,150,0,913R,3661,2026-05-15
群益崇德,4605.0,5,0,913U,3661,2026-05-15
群益崇德,4615.0,15,0,913U,3661,2026-05-15
群益崇德,4655.0,0,5,913U,3661,2026-05-15
群益崇德,4700.0,13,0,913U,3661,2026-05-15
群益崇德,4720.0,10,0,913U,3661,2026-05-15
群益崇德,4880.0,1,0,913U,3661,2026-05-15
群益館前,4610.0,0,10,913Y,3661,2026-05-15
群益館前,4650.0,1,20,913Y,3661,2026-05-15
群益館前,4685.0,2,0,913Y,3661,2026-05-15
群益館前,4730.0,5,0,913Y,3661,2026-05-15
群益館前,4800.0,10,0,913Y,3661,2026-05-15
群益高雄,4620.0,0,44,9183,3661,2026-05-15
群益高雄,4735.0,50,0,9183,3661,2026-05-15
群益高雄,4840.0,50,0,9183,3661,2026-05-15
群益台中,4600.0,100,10,9184,3661,2026-05-15
群益台中,4660.0,1000,0,9184,3661,2026-05-15
群益台中,4700.0,6,1000,9184,3661,2026-05-15
群益台中,4720.0,1,0,9184,3661,2026-05-15
群益台中,4780.0,5,0,9184,3661,2026-05-15
群益台中,4820.0,1,0,9184,3661,2026-05-15
群益台南,4610.0,10,0,9185,3661,2026-05-15
凱基,4610.0,1000,0,9200,3661,2026-05-15
凱基,4630.0,2000,0,9200,3661,2026-05-15
凱基,4650.0,2004,0,9200,3661,2026-05-15
凱基松山,4915.0,1000,0,9217,3661,2026-05-15
凱基大直,4630.0,1,0,9218,3661,2026-05-15
凱基大直,4650.0,6,0,9218,3661,2026-05-15
凱基大直,4725.0,5,0,9218,3661,2026-05-15
凱基大直,4745.0,0,3,9218,3661,2026-05-15
凱基大直,4765.0,1,0,9218,3661,2026-05-15
凱基民權,4600.0,0,3,921C,3661,2026-05-15
凱基民權,4610.0,2,0,921C,3661,2026-05-15
凱基民權,4625.0,50,0,921C,3661,2026-05-15
凱基民權,4635.0,11,20,921C,3661,2026-05-15
凱基民權,4665.0,10,0,921C,3661,2026-05-15
凱基松山,4710.0,50,0,9217,3661,2026-05-15
凱基民權,4680.0,0,10,921C,3661,2026-05-15
凱基民權,4705.0,0,10,921C,3661,2026-05-15
凱基民權,4720.0,0,2007,921C,3661,2026-05-15
凱基民權,4730.0,11,0,921C,3661,2026-05-15
凱基民權,4750.0,1,0,921C,3661,2026-05-15
凱基民權,4765.0,0,10,921C,3661,2026-05-15
凱基民權,4785.0,2,0,921C,3661,2026-05-15
凱基民權,4830.0,10,0,921C,3661,2026-05-15
凱基民權,4845.0,0,20,921C,3661,2026-05-15
凱基三峽,4635.0,5,0,921E,3661,2026-05-15
凱基三峽,4720.0,20,0,921E,3661,2026-05-15
凱基三峽,4790.0,5,0,921E,3661,2026-05-15
凱基民權,4690.0,11,0,921C,3661,2026-05-15
凱基松山,4635.0,0,1000,9217,3661,2026-05-15
凱基松山,4600.0,60,0,9217,3661,2026-05-15
凱基信義,4795.0,13,10,9216,3661,2026-05-15
凱基台南,4685.0,100,0,9211,3661,2026-05-15
凱基台南,4705.0,0,40,9211,3661,2026-05-15
凱基台南,4720.0,15,0,9211,3661,2026-05-15
凱基台南,4740.0,10,0,9211,3661,2026-05-15
凱基台南,4750.0,10,0,9211,3661,2026-05-15
凱基台南,4775.0,5,0,9211,3661,2026-05-15
凱基台南,4825.0,20,0,9211,3661,2026-05-15
凱基台南,4860.0,0,60,9211,3661,2026-05-15
凱基東港,4615.0,5,0,9212,3661,2026-05-15
凱基東港,4645.0,0,1000,9212,3661,2026-05-15
凱基東港,4700.0,9,0,9212,3661,2026-05-15
凱基東港,4710.0,0,1,9212,3661,2026-05-15
凱基東港,4745.0,1,0,9212,3661,2026-05-15
凱基高美,4605.0,0,2,9215,3661,2026-05-15
凱基高美,4625.0,0,16,9215,3661,2026-05-15
凱基高美,4650.0,1,0,9215,3661,2026-05-15
凱基高美,4685.0,5,0,9215,3661,2026-05-15
凱基高美,4705.0,10,0,9215,3661,2026-05-15
凱基高美,4720.0,10,0,9215,3661,2026-05-15
凱基高美,4750.0,10,1000,9215,3661,2026-05-15
凱基高美,4785.0,50,0,9215,3661,2026-05-15
凱基高美,4900.0,2,0,9215,3661,2026-05-15
凱基信義,4600.0,0,400,9216,3661,2026-05-15
凱基信義,4635.0,0,5,9216,3661,2026-05-15
凱基信義,4735.0,12,0,9216,3661,2026-05-15
凱基五股,4600.0,10,0,921G,3661,2026-05-15
凱基五股,4705.0,5,0,921G,3661,2026-05-15
凱基五股,4725.0,15,0,921G,3661,2026-05-15
凱基五股,4800.0,0,44,921G,3661,2026-05-15
凱基豐中,4650.0,0,5,9223,3661,2026-05-15
凱基豐中,4670.0,10,0,9223,3661,2026-05-15
凱基豐中,4680.0,0,23,9223,3661,2026-05-15
凱基豐中,4700.0,21,0,9223,3661,2026-05-15
凱基豐中,4725.0,15,0,9223,3661,2026-05-15
凱基豐中,4790.0,1,0,9223,3661,2026-05-15
凱基內埔,4640.0,10,0,9225,3661,2026-05-15
凱基內埔,4755.0,10,0,9225,3661,2026-05-15
凱基汐止,4600.0,1,0,9226,3661,2026-05-15
凱基汐止,4620.0,10,0,9226,3661,2026-05-15
凱基汐止,4645.0,5,0,9226,3661,2026-05-15
凱基汐止,4655.0,5,0,9226,3661,2026-05-15
凱基汐止,4670.0,5,0,9226,3661,2026-05-15
凱基汐止,4820.0,1,0,9226,3661,2026-05-15
凱基城中,4620.0,20,0,9227,3661,2026-05-15
凱基城中,4685.0,10,40,9227,3661,2026-05-15
凱基城中,4700.0,30,0,9227,3661,2026-05-15
凱基城中,4720.0,10,1000,9227,3661,2026-05-15
凱基城中,4735.0,10,0,9227,3661,2026-05-15
凱基城中,4790.0,10,0,9227,3661,2026-05-15
凱基城中,4800.0,10,0,9227,3661,2026-05-15
凱基城中,4845.0,0,45,9227,3661,2026-05-15
凱基中山,4625.0,10,0,9229,3661,2026-05-15
凱基中山,4680.0,30,0,9229,3661,2026-05-15
凱基中山,4700.0,150,0,9229,3661,2026-05-15
凱基東勢,4720.0,30,1000,921Y,3661,2026-05-15
凱基台南,4670.0,11,0,9211,3661,2026-05-15
凱基東勢,4700.0,1100,0,921Y,3661,2026-05-15
凱基新莊,4865.0,20,0,921S,3661,2026-05-15
凱基五股,4860.0,1,0,921G,3661,2026-05-15
凱基土城,4605.0,1,0,921J,3661,2026-05-15
凱基土城,4625.0,1,0,921J,3661,2026-05-15
凱基土城,4660.0,0,70,921J,3661,2026-05-15
凱基土城,4670.0,7,0,921J,3661,2026-05-15
凱基土城,4680.0,0,2,921J,3661,2026-05-15
凱基土城,4705.0,15,0,921J,3661,2026-05-15
凱基土城,4720.0,11,0,921J,3661,2026-05-15
凱基土城,4735.0,1,0,921J,3661,2026-05-15
凱基土城,4760.0,20,0,921J,3661,2026-05-15
凱基土城,4810.0,3,0,921J,3661,2026-05-15
凱基土城,4860.0,5,0,921J,3661,2026-05-15
凱基八德,4605.0,2,2000,921M,3661,2026-05-15
凱基八德,4645.0,0,10,921M,3661,2026-05-15
凱基八德,4680.0,10,0,921M,3661,2026-05-15
凱基新莊,4605.0,1000,0,921S,3661,2026-05-15
凱基新莊,4635.0,1000,0,921S,3661,2026-05-15
凱基新莊,4655.0,100,0,921S,3661,2026-05-15
凱基新莊,4685.0,50,0,921S,3661,2026-05-15
凱基新莊,4705.0,11,0,921S,3661,2026-05-15
凱基新莊,4720.0,1,0,921S,3661,2026-05-15
凱基新莊,4760.0,5,0,921S,3661,2026-05-15
凱基新莊,4800.0,30,0,921S,3661,2026-05-15
凱基新莊,4810.0,0,1000,921S,3661,2026-05-15
凱基新莊,4840.0,30,0,921S,3661,2026-05-15
凱基東勢,4635.0,5,0,921Y,3661,2026-05-15
群益開元,4735.0,0,1000,9134,3661,2026-05-15
凱基台南,4630.0,11,30,9211,3661,2026-05-15
凱基台東,4780.0,2,0,920Z,3661,2026-05-15
凱基高雄,4710.0,1000,1010,9206,3661,2026-05-15
凱基高雄,4725.0,10,0,9206,3661,2026-05-15
凱基高雄,4740.0,10,0,9206,3661,2026-05-15
凱基高雄,4855.0,20,0,9206,3661,2026-05-15
凱基高雄,4890.0,1,0,9206,3661,2026-05-15
凱基永和,4705.0,0,1,9207,3661,2026-05-15
凱基桃園,4600.0,2,0,9208,3661,2026-05-15
凱基桃園,4615.0,15,0,9208,3661,2026-05-15
凱基桃園,4625.0,3,0,9208,3661,2026-05-15
凱基桃園,4655.0,1,0,9208,3661,2026-05-15
凱基桃園,4670.0,2,0,9208,3661,2026-05-15
凱基高雄,4700.0,5,0,9206,3661,2026-05-15
凱基桃園,4680.0,1,0,9208,3661,2026-05-15
凱基桃園,4700.0,10,0,9208,3661,2026-05-15
凱基桃園,4710.0,11,0,9208,3661,2026-05-15
凱基桃園,4720.0,15,1,9208,3661,2026-05-15
凱基桃園,4795.0,10,0,9208,3661,2026-05-15
凱基岡山,4610.0,2,0,9209,3661,2026-05-15
凱基岡山,4640.0,20,0,9209,3661,2026-05-15
凱基岡山,4675.0,1,0,9209,3661,2026-05-15
凱基岡山,4695.0,15,1000,9209,3661,2026-05-15
凱基岡山,4855.0,0,20,9209,3661,2026-05-15
凱基岡山,4900.0,50,0,9209,3661,2026-05-15
凱基板橋,4650.0,1,0,920A,3661,2026-05-15
凱基桃園,4690.0,1,0,9208,3661,2026-05-15
凱基高雄,4610.0,0,20,9206,3661,2026-05-15
凱基三重,4920.0,1000,0,9205,3661,2026-05-15
凱基三重,4740.0,0,1000,9205,3661,2026-05-15
凱基,4660.0,1000,0,9200,3661,2026-05-15
凱基,4675.0,0,1000,9200,3661,2026-05-15
凱基,4690.0,2000,0,9200,3661,2026-05-15
凱基,4705.0,2000,0,9200,3661,2026-05-15
凱基,4715.0,1000,0,9200,3661,2026-05-15
凱基,4775.0,0,1000,9200,3661,2026-05-15
凱基,4855.0,0,1000,9200,3661,2026-05-15
凱基中港,4600.0,11,0,9202,3661,2026-05-15
凱基中港,4615.0,10,0,9202,3661,2026-05-15
凱基中港,4630.0,50,5,9202,3661,2026-05-15
凱基中港,4660.0,0,1000,9202,3661,2026-05-15
凱基中港,4700.0,50,0,9202,3661,2026-05-15
凱基中港,4710.0,1,0,9202,3661,2026-05-15
凱基中港,4770.0,10,0,9202,3661,2026-05-15
凱基中港,4800.0,1000,0,9202,3661,2026-05-15
凱基中港,4825.0,10,0,9202,3661,2026-05-15
凱基中港,4990.0,0,1000,9202,3661,2026-05-15
凱基台中,4655.0,2,0,9204,3661,2026-05-15
凱基台中,4685.0,16,0,9204,3661,2026-05-15
凱基台中,4900.0,10,542,9204,3661,2026-05-15
凱基三重,4600.0,8,0,9205,3661,2026-05-15
凱基三重,4640.0,10,0,9205,3661,2026-05-15
凱基三重,4655.0,1,3,9205,3661,2026-05-15
凱基三重,4695.0,1,0,9205,3661,2026-05-15
凱基三重,4725.0,2,0,9205,3661,2026-05-15
凱基板橋,4720.0,2,0,920A,3661,2026-05-15
凱基板橋,4835.0,1,0,920A,3661,2026-05-15
凱基雙和,4605.0,1,0,920C,3661,2026-05-15
凱基雙和,4730.0,10,0,920C,3661,2026-05-15
凱基基隆,4695.0,1,0,920H,3661,2026-05-15
凱基基隆,4715.0,0,160,920H,3661,2026-05-15
凱基基隆,4805.0,0,160,920H,3661,2026-05-15
凱基宜蘭,4670.0,25,0,920M,3661,2026-05-15
凱基宜蘭,4890.0,50,0,920M,3661,2026-05-15
凱基湖口,4705.0,10,0,920N,3661,2026-05-15
凱基湖口,4720.0,0,1000,920N,3661,2026-05-15
凱基新店,4650.0,5,0,920V,3661,2026-05-15
凱基新店,4730.0,10,0,920V,3661,2026-05-15
凱基新店,4830.0,10,0,920V,3661,2026-05-15
凱基大里,4600.0,3,40,920W,3661,2026-05-15
凱基大里,4650.0,3,0,920W,3661,2026-05-15
凱基大里,4700.0,2,0,920W,3661,2026-05-15
凱基大里,4725.0,0,2,920W,3661,2026-05-15
凱基大里,4805.0,10,0,920W,3661,2026-05-15
凱基台東,4610.0,0,14,920Z,3661,2026-05-15
凱基台東,4625.0,5,0,920Z,3661,2026-05-15
凱基台東,4650.0,63,0,920Z,3661,2026-05-15
凱基台東,4670.0,50,0,920Z,3661,2026-05-15
凱基台東,4680.0,13,0,920Z,3661,2026-05-15
凱基台東,4700.0,16,0,920Z,3661,2026-05-15
凱基台東,4710.0,5,0,920Z,3661,2026-05-15
凱基台東,4720.0,1,0,920Z,3661,2026-05-15
凱基台東,4735.0,10,0,920Z,3661,2026-05-15
凱基台東,4755.0,2000,0,920Z,3661,2026-05-15
凱基基隆,4670.0,10,0,920H,3661,2026-05-15
凱基台南,4600.0,20,0,9211,3661,2026-05-15
凱基基隆,4630.0,0,2,920H,3661,2026-05-15
凱基彰化,4840.0,3,0,920G,3661,2026-05-15
凱基雙和,4845.0,5,0,920C,3661,2026-05-15
凱基市府,4610.0,50,0,920D,3661,2026-05-15
凱基市府,4640.0,50,0,920D,3661,2026-05-15
凱基市府,4680.0,3,0,920D,3661,2026-05-15
凱基市府,4740.0,5,0,920D,3661,2026-05-15
凱基市府,4770.0,10,0,920D,3661,2026-05-15
凱基市府,4790.0,1,0,920D,3661,2026-05-15
凱基站前,4600.0,50,0,920F,3661,2026-05-15
凱基站前,4610.0,0,1000,920F,3661,2026-05-15
凱基站前,4630.0,0,2000,920F,3661,2026-05-15
凱基站前,4645.0,2,0,920F,3661,2026-05-15
凱基站前,4655.0,30,5,920F,3661,2026-05-15
凱基站前,4680.0,1,0,920F,3661,2026-05-15
凱基站前,4705.0,10,3,920F,3661,2026-05-15
凱基站前,4715.0,0,10,920F,3661,2026-05-15
凱基站前,4725.0,10,0,920F,3661,2026-05-15
凱基站前,4750.0,10,2,920F,3661,2026-05-15
凱基站前,4770.0,5002,0,920F,3661,2026-05-15
凱基站前,4850.0,0,20,920F,3661,2026-05-15
凱基站前,4900.0,5,0,920F,3661,2026-05-15
凱基彰化,4600.0,2,0,920G,3661,2026-05-15
凱基彰化,4650.0,20,0,920G,3661,2026-05-15
凱基彰化,4700.0,14,0,920G,3661,2026-05-15
凱基彰化,4710.0,5,0,920G,3661,2026-05-15
凱基彰化,4760.0,10,0,920G,3661,2026-05-15
凱基基隆,4610.0,0,1000,920H,3661,2026-05-15
凱基中山,4720.0,1050,0,9229,3661,2026-05-15
群益開元,4685.0,100,0,9134,3661,2026-05-15
群益開元,4630.0,1,0,9134,3661,2026-05-15
玉山數位,4765.0,10,0,884M,3661,2026-05-15
玉山數位,4795.0,4,0,884M,3661,2026-05-15
玉山數位,4820.0,0,1,884M,3661,2026-05-15
玉山數位,4900.0,100,0,884M,3661,2026-05-15
國泰綜合,4610.0,0,300,8880,3661,2026-05-15
國泰綜合,4620.0,0,1,8880,3661,2026-05-15
國泰綜合,4630.0,4,0,8880,3661,2026-05-15
國泰綜合,4650.0,1001,70100,8880,3661,2026-05-15
國泰綜合,4660.0,0,1000,8880,3661,2026-05-15
國泰綜合,4675.0,1,0,8880,3661,2026-05-15
國泰綜合,4690.0,1,0,8880,3661,2026-05-15
玉山數位,4750.0,33,11,884M,3661,2026-05-15
國泰綜合,4700.0,2,6000,8880,3661,2026-05-15
國泰綜合,4720.0,4,25,8880,3661,2026-05-15
國泰綜合,4730.0,2,0,8880,3661,2026-05-15
國泰綜合,4740.0,2,0,8880,3661,2026-05-15
國泰綜合,4755.0,2,0,8880,3661,2026-05-15
國泰綜合,4785.0,1,5000,8880,3661,2026-05-15
國泰綜合,4800.0,1,0,8880,3661,2026-05-15
國泰綜合,4810.0,0,288,8880,3661,2026-05-15
國泰綜合,4825.0,0,214,8880,3661,2026-05-15
國泰綜合,4835.0,2,0,8880,3661,2026-05-15
國泰綜合,4875.0,0,1000,8880,3661,2026-05-15
國泰綜合,4900.0,2,150,8880,3661,2026-05-15
國泰綜合,4710.0,4,0,8880,3661,2026-05-15
玉山數位,4735.0,2,0,884M,3661,2026-05-15
玉山數位,4725.0,5,0,884M,3661,2026-05-15
玉山數位,4715.0,1,0,884M,3661,2026-05-15
玉山新竹,4805.0,5,0,884H,3661,2026-05-15
玉山新竹,4875.0,10,0,884H,3661,2026-05-15
玉山大里,4600.0,13,0,884J,3661,2026-05-15
玉山大里,4615.0,1,0,884J,3661,2026-05-15
玉山大里,4645.0,5,0,884J,3661,2026-05-15
玉山大里,4655.0,8,0,884J,3661,2026-05-15
玉山大里,4665.0,10,0,884J,3661,2026-05-15
玉山大里,4675.0,7,0,884J,3661,2026-05-15
玉山大里,4685.0,5,0,884J,3661,2026-05-15
玉山大里,4695.0,20,0,884J,3661,2026-05-15
玉山大里,4705.0,2,0,884J,3661,2026-05-15
玉山大里,4715.0,31,0,884J,3661,2026-05-15
玉山大里,4725.0,10,0,884J,3661,2026-05-15
玉山大里,4735.0,5,0,884J,3661,2026-05-15
玉山大里,4755.0,10,0,884J,3661,2026-05-15
玉山大里,4800.0,10,0,884J,3661,2026-05-15
玉山大里,4865.0,20,0,884J,3661,2026-05-15
玉山數位,4605.0,1,0,884M,3661,2026-05-15
玉山數位,4620.0,2,0,884M,3661,2026-05-15
玉山數位,4630.0,8,0,884M,3661,2026-05-15
玉山數位,4650.0,1,0,884M,3661,2026-05-15
玉山數位,4665.0,16,0,884M,3661,2026-05-15
玉山數位,4675.0,5,0,884M,3661,2026-05-15
玉山數位,4685.0,51,0,884M,3661,2026-05-15
玉山數位,4705.0,2,0,884M,3661,2026-05-15
國泰高雄,4600.0,81,101,8881,3661,2026-05-15
玉山新竹,4785.0,0,10,884H,3661,2026-05-15
國泰高雄,4610.0,11,2,8881,3661,2026-05-15
國泰高雄,4630.0,21,200,8881,3661,2026-05-15
國泰台中,4715.0,101,0,8882,3661,2026-05-15
國泰台中,4725.0,1001,21,8882,3661,2026-05-15
國泰台中,4735.0,25,0,8882,3661,2026-05-15
國泰台中,4745.0,10,5,8882,3661,2026-05-15
國泰台中,4770.0,20,0,8882,3661,2026-05-15
國泰台中,4785.0,10,0,8882,3661,2026-05-15
兆豐竹北,4725.0,100,0,7007,3661,2026-05-15
國泰台中,4805.0,0,9,8882,3661,2026-05-15
國泰台中,4815.0,1000,85,8882,3661,2026-05-15
國泰台中,4825.0,0,44,8882,3661,2026-05-15
國泰台中,4850.0,1,1000,8882,3661,2026-05-15
國泰台中,4705.0,425,32,8882,3661,2026-05-15
國泰台中,4890.0,30,0,8882,3661,2026-05-15
國泰松江,4600.0,14,1,8883,3661,2026-05-15
國泰松江,4610.0,3,1060,8883,3661,2026-05-15
國泰松江,4620.0,0,1002,8883,3661,2026-05-15
國泰松江,4630.0,3,2000,8883,3661,2026-05-15
國泰松江,4645.0,0,2000,8883,3661,2026-05-15
國泰松江,4655.0,121,1,8883,3661,2026-05-15
國泰松江,4665.0,40,0,8883,3661,2026-05-15
國泰松江,4675.0,1001,0,8883,3661,2026-05-15
國泰松江,4685.0,17,0,8883,3661,2026-05-15
國泰松江,4700.0,1040,0,8883,3661,2026-05-15
國泰松江,4710.0,1,15,8883,3661,2026-05-15
國泰台中,4915.0,0,1,8882,3661,2026-05-15
國泰台中,4695.0,0,6,8882,3661,2026-05-15
國泰台中,4685.0,66,20,8882,3661,2026-05-15
國泰台中,4675.0,2,25,8882,3661,2026-05-15
國泰高雄,4645.0,51,0,8881,3661,2026-05-15
國泰高雄,4655.0,61,120,8881,3661,2026-05-15
國泰高雄,4665.0,15,2000,8881,3661,2026-05-15
國泰高雄,4675.0,117,60,8881,3661,2026-05-15
國泰高雄,4685.0,82,0,8881,3661,2026-05-15
國泰高雄,4695.0,6,0,8881,3661,2026-05-15
國泰高雄,4705.0,10,1093,8881,3661,2026-05-15
國泰高雄,4715.0,2,0,8881,3661,2026-05-15
國泰高雄,4725.0,3,9,8881,3661,2026-05-15
國泰高雄,4735.0,4,0,8881,3661,2026-05-15
國泰高雄,4745.0,30,0,8881,3661,2026-05-15
國泰高雄,4760.0,51,0,8881,3661,2026-05-15
國泰高雄,4770.0,10,0,8881,3661,2026-05-15
國泰高雄,4780.0,22,0,8881,3661,2026-05-15
國泰高雄,4790.0,10,0,8881,3661,2026-05-15
國泰高雄,4800.0,1060,0,8881,3661,2026-05-15
國泰高雄,4820.0,1,0,8881,3661,2026-05-15
國泰高雄,4835.0,2000,0,8881,3661,2026-05-15
國泰台中,4600.0,58,1056,8882,3661,2026-05-15
國泰台中,4610.0,10,0,8882,3661,2026-05-15
國泰台中,4620.0,11,1000,8882,3661,2026-05-15
國泰台中,4630.0,104,11,8882,3661,2026-05-15
國泰台中,4640.0,11,0,8882,3661,2026-05-15
國泰台中,4655.0,17,10,8882,3661,2026-05-15
國泰台中,4665.0,11,100,8882,3661,2026-05-15
國泰高雄,4620.0,16,0,8881,3661,2026-05-15
玉山新竹,4760.0,1,0,884H,3661,2026-05-15
玉山新竹,4710.0,0,100,884H,3661,2026-05-15
玉山新竹,4700.0,53,0,884H,3661,2026-05-15
玉山士林,4680.0,1,0,884A,3661,2026-05-15
玉山士林,4690.0,6,0,884A,3661,2026-05-15
玉山士林,4700.0,107,0,884A,3661,2026-05-15
玉山士林,4740.0,50,0,884A,3661,2026-05-15
玉山士林,4780.0,6,0,884A,3661,2026-05-15
玉山士林,4890.0,0,1,884A,3661,2026-05-15
玉山台中,4605.0,100,75,884B,3661,2026-05-15
玉山台中,4615.0,1,100,884B,3661,2026-05-15
玉山台中,4625.0,15,0,884B,3661,2026-05-15
玉山台中,4640.0,10,0,884B,3661,2026-05-15
玉山台中,4650.0,3,5,884B,3661,2026-05-15
玉山士林,4660.0,1,0,884A,3661,2026-05-15
玉山台中,4675.0,11,0,884B,3661,2026-05-15
玉山台中,4695.0,100,13,884B,3661,2026-05-15
玉山台中,4705.0,55,10,884B,3661,2026-05-15
玉山台中,4715.0,10,0,884B,3661,2026-05-15
玉山台中,4725.0,15,0,884B,3661,2026-05-15
玉山台中,4740.0,2,1,884B,3661,2026-05-15
玉山台中,4750.0,10,0,884B,3661,2026-05-15
玉山台中,4770.0,10,0,884B,3661,2026-05-15
玉山台中,4810.0,1,0,884B,3661,2026-05-15
玉山台中,4990.0,2000,0,884B,3661,2026-05-15
玉山信義,4615.0,2,0,884C,3661,2026-05-15
玉山信義,4630.0,5,0,884C,3661,2026-05-15
玉山台中,4685.0,7,0,884B,3661,2026-05-15
玉山士林,4640.0,20,0,884A,3661,2026-05-15
玉山士林,4615.0,0,20,884A,3661,2026-05-15
玉山景美,4980.0,1000,0,8849,3661,2026-05-15
玉山嘉義,4685.0,10,0,8848,3661,2026-05-15
玉山嘉義,4695.0,20,0,8848,3661,2026-05-15
玉山嘉義,4715.0,10,0,8848,3661,2026-05-15
玉山嘉義,4730.0,1,0,8848,3661,2026-05-15
玉山嘉義,4750.0,5,0,8848,3661,2026-05-15
玉山嘉義,4760.0,3,0,8848,3661,2026-05-15
玉山嘉義,4780.0,1,0,8848,3661,2026-05-15
玉山嘉義,4830.0,0,80,8848,3661,2026-05-15
玉山嘉義,4900.0,1,0,8848,3661,2026-05-15
玉山景美,4605.0,2010,2010,8849,3661,2026-05-15
玉山景美,4620.0,15,3000,8849,3661,2026-05-15
玉山景美,4650.0,21,0,8849,3661,2026-05-15
玉山景美,4665.0,0,16,8849,3661,2026-05-15
玉山景美,4680.0,20,0,8849,3661,2026-05-15
玉山景美,4695.0,17,0,8849,3661,2026-05-15
玉山景美,4705.0,5,0,8849,3661,2026-05-15
玉山景美,4715.0,15,0,8849,3661,2026-05-15
玉山景美,4725.0,107,0,8849,3661,2026-05-15
玉山景美,4735.0,1,0,8849,3661,2026-05-15
玉山景美,4745.0,2,0,8849,3661,2026-05-15
玉山景美,4790.0,100,0,8849,3661,2026-05-15
玉山景美,4800.0,102,0,8849,3661,2026-05-15
玉山景美,4810.0,102,0,8849,3661,2026-05-15
玉山景美,4865.0,0,50,8849,3661,2026-05-15
玉山景美,4900.0,50,0,8849,3661,2026-05-15
玉山信義,4645.0,1,0,884C,3661,2026-05-15
玉山信義,4655.0,10,100,884C,3661,2026-05-15
玉山信義,4665.0,1,0,884C,3661,2026-05-15
玉山信義,4685.0,0,1031,884C,3661,2026-05-15
玉山城中,4705.0,1010,0,884E,3661,2026-05-15
玉山城中,4730.0,2,0,884E,3661,2026-05-15
玉山城中,4740.0,5,0,884E,3661,2026-05-15
玉山城中,4750.0,70,0,884E,3661,2026-05-15
玉山城中,4760.0,1,0,884E,3661,2026-05-15
玉山城中,4790.0,5,0,884E,3661,2026-05-15
玉山城中,4840.0,0,5,884E,3661,2026-05-15
玉山城中,4905.0,0,5,884E,3661,2026-05-15
玉山桃園,4595.0,0,5,884F,3661,2026-05-15
玉山桃園,4615.0,14,0,884F,3661,2026-05-15
玉山桃園,4650.0,0,1030,884F,3661,2026-05-15
玉山桃園,4670.0,10,10,884F,3661,2026-05-15
玉山桃園,4690.0,1,49,884F,3661,2026-05-15
玉山桃園,4705.0,0,10,884F,3661,2026-05-15
玉山桃園,4720.0,103,10,884F,3661,2026-05-15
玉山桃園,4745.0,1,0,884F,3661,2026-05-15
玉山桃園,4760.0,15,20,884F,3661,2026-05-15
玉山桃園,4785.0,1,0,884F,3661,2026-05-15
玉山桃園,4805.0,5,0,884F,3661,2026-05-15
玉山桃園,4830.0,7,0,884F,3661,2026-05-15
玉山桃園,4905.0,10,0,884F,3661,2026-05-15
玉山新竹,4600.0,1,0,884H,3661,2026-05-15
玉山新竹,4620.0,10,0,884H,3661,2026-05-15
玉山新竹,4660.0,3,0,884H,3661,2026-05-15
玉山新竹,4680.0,0,200,884H,3661,2026-05-15
玉山城中,4685.0,5,0,884E,3661,2026-05-15
國泰松江,4720.0,1,1000,8883,3661,2026-05-15
玉山城中,4675.0,1,0,884E,3661,2026-05-15
玉山城中,4630.0,2,0,884E,3661,2026-05-15
玉山信義,4695.0,6,0,884C,3661,2026-05-15
玉山信義,4705.0,10,0,884C,3661,2026-05-15
玉山信義,4725.0,2,0,884C,3661,2026-05-15
玉山信義,4735.0,1,0,884C,3661,2026-05-15
玉山信義,4745.0,1,0,884C,3661,2026-05-15
玉山信義,4760.0,7,40,884C,3661,2026-05-15
玉山信義,4775.0,5,0,884C,3661,2026-05-15
玉山信義,4785.0,5,0,884C,3661,2026-05-15
玉山信義,4840.0,20,0,884C,3661,2026-05-15
玉山左營,4610.0,0,10,884D,3661,2026-05-15
玉山左營,4640.0,1,0,884D,3661,2026-05-15
玉山左營,4670.0,2,0,884D,3661,2026-05-15
玉山左營,4685.0,20,0,884D,3661,2026-05-15
玉山左營,4705.0,1,0,884D,3661,2026-05-15
玉山左營,4715.0,0,20,884D,3661,2026-05-15
玉山左營,4730.0,1,0,884D,3661,2026-05-15
玉山左營,4740.0,10,0,884D,3661,2026-05-15
玉山左營,4750.0,0,10,884D,3661,2026-05-15
玉山左營,4765.0,10,0,884D,3661,2026-05-15
玉山左營,4780.0,100,0,884D,3661,2026-05-15
玉山左營,4845.0,0,100,884D,3661,2026-05-15
玉山左營,4860.0,0,9,884D,3661,2026-05-15
玉山左營,4880.0,1000,0,884D,3661,2026-05-15
玉山左營,4895.0,2,0,884D,3661,2026-05-15
玉山城中,4610.0,490,0,884E,3661,2026-05-15
玉山城中,4665.0,10,2000,884E,3661,2026-05-15
國泰松江,4730.0,1,0,8883,3661,2026-05-15
國泰松江,4750.0,21,0,8883,3661,2026-05-15
國泰松江,4770.0,1037,0,8883,3661,2026-05-15
國泰板橋,4620.0,26,50,888K,3661,2026-05-15
國泰板橋,4630.0,42,0,888K,3661,2026-05-15
國泰板橋,4640.0,1,0,888K,3661,2026-05-15
國泰板橋,4650.0,17,0,888K,3661,2026-05-15
國泰板橋,4665.0,2,0,888K,3661,2026-05-15
國泰板橋,4675.0,50,3,888K,3661,2026-05-15
國泰板橋,4685.0,82,20,888K,3661,2026-05-15
國泰板橋,4695.0,26,41,888K,3661,2026-05-15
國泰板橋,4705.0,1043,130,888K,3661,2026-05-15
國泰板橋,4715.0,13,0,888K,3661,2026-05-15
國泰板橋,4725.0,11,0,888K,3661,2026-05-15
國泰板橋,4610.0,150,1065,888K,3661,2026-05-15
國泰板橋,4735.0,5,0,888K,3661,2026-05-15
國泰板橋,4760.0,32,0,888K,3661,2026-05-15
國泰板橋,4775.0,10,0,888K,3661,2026-05-15
國泰板橋,4795.0,10,0,888K,3661,2026-05-15
國泰板橋,4805.0,0,11,888K,3661,2026-05-15
國泰板橋,4825.0,301,0,888K,3661,2026-05-15
國泰板橋,4840.0,5,0,888K,3661,2026-05-15
國泰板橋,4855.0,1,0,888K,3661,2026-05-15
國泰板橋,4890.0,0,66,888K,3661,2026-05-15
國泰板橋,4910.0,0,35,888K,3661,2026-05-15
國泰板橋,4945.0,1000,0,888K,3661,2026-05-15
國泰新竹,4630.0,3,0,888N,3661,2026-05-15
國泰板橋,4745.0,50,0,888K,3661,2026-05-15
國泰板橋,4600.0,40,4,888K,3661,2026-05-15
國泰館前,4915.0,1,0,888A,3661,2026-05-15
國泰館前,4905.0,100,2000,888A,3661,2026-05-15
國泰敦南,4995.0,1000,0,8888,3661,2026-05-15
國泰館前,4600.0,60,10,888A,3661,2026-05-15
國泰館前,4610.0,4,1000,888A,3661,2026-05-15
國泰館前,4620.0,11,0,888A,3661,2026-05-15
國泰館前,4630.0,7,0,888A,3661,2026-05-15
國泰館前,4640.0,5,0,888A,3661,2026-05-15
國泰館前,4650.0,142,0,888A,3661,2026-05-15
國泰館前,4660.0,26,0,888A,3661,2026-05-15
國泰館前,4670.0,55,0,888A,3661,2026-05-15
國泰館前,4680.0,19,0,888A,3661,2026-05-15
國泰館前,4690.0,1,0,888A,3661,2026-05-15
國泰館前,4700.0,24,0,888A,3661,2026-05-15
國泰館前,4710.0,25,109,888A,3661,2026-05-15
國泰館前,4720.0,9,0,888A,3661,2026-05-15
國泰館前,4730.0,26,0,888A,3661,2026-05-15
國泰館前,4740.0,6,0,888A,3661,2026-05-15
國泰館前,4750.0,126,0,888A,3661,2026-05-15
國泰館前,4765.0,5,0,888A,3661,2026-05-15
國泰館前,4780.0,7,0,888A,3661,2026-05-15
國泰館前,4800.0,3,5,888A,3661,2026-05-15
國泰館前,4815.0,1,0,888A,3661,2026-05-15
國泰館前,4825.0,5,0,888A,3661,2026-05-15
國泰館前,4840.0,1000,0,888A,3661,2026-05-15
國泰館前,4870.0,0,3,888A,3661,2026-05-15
國泰館前,4885.0,1,0,888A,3661,2026-05-15
國泰新竹,4680.0,5,0,888N,3661,2026-05-15
國泰新竹,4735.0,20,0,888N,3661,2026-05-15
國泰新竹,4805.0,0,8,888N,3661,2026-05-15
國泰新竹,4910.0,0,6,888N,3661,2026-05-15
群益松山,4695.0,3,0,9103,3661,2026-05-15
群益松山,4805.0,10,0,9103,3661,2026-05-15
群益高盛,4605.0,3,0,9105,3661,2026-05-15
群益高盛,4635.0,3,0,9105,3661,2026-05-15
群益高盛,4660.0,10,0,9105,3661,2026-05-15
群益高盛,4695.0,200,0,9105,3661,2026-05-15
群益高盛,4750.0,10,0,9105,3661,2026-05-15
群益高盛,4800.0,20,0,9105,3661,2026-05-15
群益海山,4605.0,0,20,9108,3661,2026-05-15
群益海山,4705.0,3,20,9108,3661,2026-05-15
群益海山,4760.0,5,0,9108,3661,2026-05-15
群益海山,4815.0,10,0,9108,3661,2026-05-15
群益海山,4830.0,14,0,9108,3661,2026-05-15
群益海山,4865.0,10,0,9108,3661,2026-05-15
群益市府,4615.0,5,0,910D,3661,2026-05-15
群益市府,4660.0,0,10,910D,3661,2026-05-15
群益市府,4675.0,0,15,910D,3661,2026-05-15
群益市府,4705.0,0,50,910D,3661,2026-05-15
群益市府,4725.0,1000,0,910D,3661,2026-05-15
群益民權,4620.0,1,0,9131,3661,2026-05-15
群益民權,4700.0,5,0,9131,3661,2026-05-15
群益民權,4740.0,10,0,9131,3661,2026-05-15
群益民權,4760.0,0,200,9131,3661,2026-05-15
群益民權,4785.0,0,75,9131,3661,2026-05-15
群益開元,4600.0,13,0,9134,3661,2026-05-15
群益松山,4630.0,5,0,9103,3661,2026-05-15
國泰敦南,4980.0,0,1000,8888,3661,2026-05-15
群益松山,4615.0,10,0,9103,3661,2026-05-15
群益敦南,4735.0,0,1000,9101,3661,2026-05-15
法銀巴黎,4700.0,1000,0,8900,3661,2026-05-15
法銀巴黎,4720.0,1000,0,8900,3661,2026-05-15
法銀巴黎,4970.0,0,1000,8900,3661,2026-05-15
群益,4605.0,0,1000,9100,3661,2026-05-15
群益,4615.0,0,2000,9100,3661,2026-05-15
群益,4625.0,1000,5,9100,3661,2026-05-15
群益,4650.0,5,0,9100,3661,2026-05-15
群益,4660.0,0,5,9100,3661,2026-05-15
群益,4675.0,0,20,9100,3661,2026-05-15
群益,4685.0,2,0,9100,3661,2026-05-15
群益,4695.0,255,0,9100,3661,2026-05-15
群益,4705.0,1020,1000,9100,3661,2026-05-15
群益,4720.0,0,1000,9100,3661,2026-05-15
群益,4740.0,2000,1000,9100,3661,2026-05-15
群益,4765.0,2002,0,9100,3661,2026-05-15
群益,4775.0,0,1000,9100,3661,2026-05-15
群益,4785.0,2000,0,9100,3661,2026-05-15
群益,4830.0,5,0,9100,3661,2026-05-15
群益,4910.0,0,1,9100,3661,2026-05-15
群益,4965.0,2000,1000,9100,3661,2026-05-15
群益敦南,4600.0,5,20,9101,3661,2026-05-15
群益敦南,4615.0,201,40,9101,3661,2026-05-15
群益敦南,4675.0,0,30,9101,3661,2026-05-15
群益敦南,4690.0,5,8,9101,3661,2026-05-15
群益敦南,4720.0,0,1000,9101,3661,2026-05-15
群益敦南,4800.0,1,0,9101,3661,2026-05-15
群益開元,4650.0,1,0,9134,3661,2026-05-15
國泰敦南,4955.0,1000,0,8888,3661,2026-05-15
國泰敦南,4900.0,22,525,8888,3661,2026-05-15
國泰桃園,4600.0,26,0,8885,3661,2026-05-15
國泰桃園,4610.0,9,0,8885,3661,2026-05-15
國泰桃園,4620.0,1,0,8885,3661,2026-05-15
國泰桃園,4630.0,9,120,8885,3661,2026-05-15
國泰桃園,4645.0,12,0,8885,3661,2026-05-15
國泰桃園,4655.0,15,30,8885,3661,2026-05-15
國泰桃園,4665.0,1004,0,8885,3661,2026-05-15
國泰桃園,4680.0,12,0,8885,3661,2026-05-15
國泰桃園,4690.0,1000,20,8885,3661,2026-05-15
國泰桃園,4700.0,15,0,8885,3661,2026-05-15
國泰桃園,4710.0,3,0,8885,3661,2026-05-15
國泰台南,4900.0,1,4,8884,3661,2026-05-15
國泰桃園,4720.0,26,0,8885,3661,2026-05-15
國泰桃園,4740.0,1,0,8885,3661,2026-05-15
國泰桃園,4765.0,200,0,8885,3661,2026-05-15
國泰桃園,4780.0,1001,0,8885,3661,2026-05-15
國泰桃園,4790.0,10,0,8885,3661,2026-05-15
國泰桃園,4805.0,20,0,8885,3661,2026-05-15
國泰桃園,4815.0,30,20,8885,3661,2026-05-15
國泰桃園,4850.0,10,0,8885,3661,2026-05-15
國泰桃園,4860.0,4,0,8885,3661,2026-05-15
國泰桃園,4880.0,20,0,8885,3661,2026-05-15
國泰新莊,4605.0,100,1,8886,3661,2026-05-15
國泰新莊,4615.0,1,0,8886,3661,2026-05-15
國泰桃園,4730.0,50,0,8885,3661,2026-05-15
國泰台南,4880.0,10,0,8884,3661,2026-05-15
國泰台南,4865.0,3,0,8884,3661,2026-05-15
國泰台南,4820.0,1,0,8884,3661,2026-05-15
國泰松江,4785.0,2,0,8883,3661,2026-05-15
國泰松江,4795.0,5,0,8883,3661,2026-05-15
國泰松江,4805.0,7,1,8883,3661,2026-05-15
國泰松江,4820.0,31,0,8883,3661,2026-05-15
國泰松江,4840.0,5,0,8883,3661,2026-05-15
國泰松江,4860.0,30,0,8883,3661,2026-05-15
國泰松江,4895.0,1000,0,8883,3661,2026-05-15
國泰松江,4975.0,1000,0,8883,3661,2026-05-15
國泰台南,4600.0,20,31,8884,3661,2026-05-15
國泰台南,4610.0,54,0,8884,3661,2026-05-15
國泰台南,4625.0,7,10,8884,3661,2026-05-15
國泰台南,4635.0,100,4,8884,3661,2026-05-15
國泰台南,4650.0,20,0,8884,3661,2026-05-15
國泰台南,4660.0,2,0,8884,3661,2026-05-15
國泰台南,4670.0,28,0,8884,3661,2026-05-15
國泰台南,4680.0,21,2,8884,3661,2026-05-15
國泰台南,4690.0,1,400,8884,3661,2026-05-15
國泰台南,4700.0,78,0,8884,3661,2026-05-15
國泰台南,4710.0,3,0,8884,3661,2026-05-15
國泰台南,4725.0,2,50,8884,3661,2026-05-15
國泰台南,4740.0,41,10,8884,3661,2026-05-15
國泰台南,4755.0,11,0,8884,3661,2026-05-15
國泰台南,4780.0,1,0,8884,3661,2026-05-15
國泰台南,4795.0,1,0,8884,3661,2026-05-15
國泰台南,4810.0,2,0,8884,3661,2026-05-15
國泰新莊,4650.0,6,0,8886,3661,2026-05-15
國泰新莊,4665.0,50,0,8886,3661,2026-05-15
國泰新莊,4680.0,9,0,8886,3661,2026-05-15
國泰新莊,4690.0,23,0,8886,3661,2026-05-15
國泰敦南,4640.0,41,0,8888,3661,2026-05-15
國泰敦南,4650.0,354,2439,8888,3661,2026-05-15
國泰敦南,4660.0,178,3,8888,3661,2026-05-15
國泰敦南,4670.0,1118,1214,8888,3661,2026-05-15
國泰敦南,4680.0,1165,1025,8888,3661,2026-05-15
國泰敦南,4690.0,2094,52,8888,3661,2026-05-15
國泰敦南,4700.0,1588,2147,8888,3661,2026-05-15
國泰敦南,4710.0,225,536,8888,3661,2026-05-15
國泰敦南,4720.0,230,3022,8888,3661,2026-05-15
國泰敦南,4730.0,1109,13,8888,3661,2026-05-15
國泰敦南,4740.0,1093,25,8888,3661,2026-05-15
國泰敦南,4750.0,2289,124,8888,3661,2026-05-15
國泰敦南,4760.0,73,29,8888,3661,2026-05-15
國泰敦南,4770.0,1156,2003,8888,3661,2026-05-15
國泰敦南,4780.0,2077,1004,8888,3661,2026-05-15
國泰敦南,4790.0,133,15,8888,3661,2026-05-15
國泰敦南,4800.0,1269,135,8888,3661,2026-05-15
國泰敦南,4810.0,4049,34,8888,3661,2026-05-15
國泰敦南,4820.0,2017,15,8888,3661,2026-05-15
國泰敦南,4830.0,352,1159,8888,3661,2026-05-15
國泰敦南,4840.0,246,2,8888,3661,2026-05-15
國泰敦南,4855.0,104,32,8888,3661,2026-05-15
國泰敦南,4865.0,1001,33,8888,3661,2026-05-15
國泰敦南,4880.0,24,0,8888,3661,2026-05-15
國泰敦南,4890.0,28,6,8888,3661,2026-05-15
國泰敦南,4630.0,154,658,8888,3661,2026-05-15
國泰敦南,4910.0,2006,5,8888,3661,2026-05-15
國泰敦南,4620.0,29,1008,8888,3661,2026-05-15
國泰敦南,4600.0,469,438,8888,3661,2026-05-15
國泰新莊,4705.0,22,100,8886,3661,2026-05-15
國泰新莊,4715.0,10,3,8886,3661,2026-05-15
國泰新莊,4725.0,2,0,8886,3661,2026-05-15
國泰新莊,4740.0,1,0,8886,3661,2026-05-15
國泰新莊,4760.0,1,0,8886,3661,2026-05-15
國泰新莊,4795.0,3,0,8886,3661,2026-05-15
國泰新莊,4805.0,50,10,8886,3661,2026-05-15
國泰新莊,4840.0,0,5,8886,3661,2026-05-15
國泰新莊,4855.0,1000,0,8886,3661,2026-05-15
國泰新莊,4885.0,20,0,8886,3661,2026-05-15
國泰新莊,4910.0,20,0,8886,3661,2026-05-15
國泰忠孝,4600.0,15,0,8887,3661,2026-05-15
國泰忠孝,4615.0,6,0,8887,3661,2026-05-15
國泰忠孝,4625.0,20,0,8887,3661,2026-05-15
國泰忠孝,4650.0,12,0,8887,3661,2026-05-15
國泰忠孝,4660.0,10,0,8887,3661,2026-05-15
國泰忠孝,4675.0,100,0,8887,3661,2026-05-15
國泰忠孝,4685.0,113,0,8887,3661,2026-05-15
國泰忠孝,4700.0,1102,300,8887,3661,2026-05-15
國泰忠孝,4715.0,16,10,8887,3661,2026-05-15
國泰忠孝,4730.0,2,0,8887,3661,2026-05-15
國泰忠孝,4780.0,1000,0,8887,3661,2026-05-15
國泰忠孝,4800.0,6,0,8887,3661,2026-05-15
國泰忠孝,4830.0,3,0,8887,3661,2026-05-15
國泰忠孝,4895.0,4,0,8887,3661,2026-05-15
國泰敦南,4610.0,224,1331,8888,3661,2026-05-15
玉山嘉義,4670.0,20,0,8848,3661,2026-05-15
凱基中山,4755.0,5,0,9229,3661,2026-05-15
凱基中山,4810.0,1000,1,9229,3661,2026-05-15
富邦和美,4750.0,0,55,961P,3661,2026-05-15
富邦和美,4790.0,5,0,961P,3661,2026-05-15
富邦和美,4900.0,1001,0,961P,3661,2026-05-15
富邦南員,4630.0,1,0,961R,3661,2026-05-15
富邦南員,4650.0,5,0,961R,3661,2026-05-15
富邦南員,4670.0,0,70,961R,3661,2026-05-15
富邦南員,4690.0,2,0,961R,3661,2026-05-15
富邦南員,4705.0,3,0,961R,3661,2026-05-15
富邦南員,4755.0,0,50,961R,3661,2026-05-15
富邦屏東,4600.0,24,0,961Y,3661,2026-05-15
富邦屏東,4770.0,5,0,961Y,3661,2026-05-15
富邦和美,4720.0,30,0,961P,3661,2026-05-15
富邦屏東,4885.0,0,9,961Y,3661,2026-05-15
富邦永康,4615.0,3,0,961Z,3661,2026-05-15
富邦永康,4635.0,10,0,961Z,3661,2026-05-15
富邦永康,4650.0,200,0,961Z,3661,2026-05-15
富邦永康,4680.0,3,0,961Z,3661,2026-05-15
富邦永康,4700.0,10,50,961Z,3661,2026-05-15
富邦永康,4725.0,2,0,961Z,3661,2026-05-15
富邦永康,4760.0,2,0,961Z,3661,2026-05-15
富邦永康,4795.0,0,3,961Z,3661,2026-05-15
富邦花蓮,4615.0,5,0,9621,3661,2026-05-15
富邦花蓮,4650.0,4,0,9621,3661,2026-05-15
富邦花蓮,4700.0,20,0,9621,3661,2026-05-15
富邦永康,4600.0,1,0,961Z,3661,2026-05-15
富邦和美,4705.0,1,4,961P,3661,2026-05-15
富邦和美,4685.0,10,0,961P,3661,2026-05-15
富邦和美,4670.0,10,0,961P,3661,2026-05-15
富邦七賢,4805.0,10,0,961K,3661,2026-05-15
富邦七賢,4905.0,0,10,961K,3661,2026-05-15
富邦木柵,4600.0,25,0,961M,3661,2026-05-15
富邦木柵,4615.0,5,0,961M,3661,2026-05-15
富邦木柵,4640.0,0,10,961M,3661,2026-05-15
富邦木柵,4680.0,10,0,961M,3661,2026-05-15
富邦木柵,4700.0,40,0,961M,3661,2026-05-15
富邦木柵,4720.0,0,10,961M,3661,2026-05-15
富邦木柵,4740.0,1,0,961M,3661,2026-05-15
富邦木柵,4750.0,0,15,961M,3661,2026-05-15
富邦木柵,4775.0,0,10,961M,3661,2026-05-15
富邦木柵,4795.0,50,0,961M,3661,2026-05-15
富邦木柵,4830.0,0,20,961M,3661,2026-05-15
富邦木柵,4865.0,0,55,961M,3661,2026-05-15
富邦青埔,4600.0,16,0,961N,3661,2026-05-15
富邦青埔,4630.0,30,0,961N,3661,2026-05-15
富邦青埔,4675.0,1,0,961N,3661,2026-05-15
富邦青埔,4690.0,6,0,961N,3661,2026-05-15
富邦青埔,4705.0,0,5,961N,3661,2026-05-15
富邦青埔,4715.0,1,0,961N,3661,2026-05-15
富邦青埔,4745.0,5,0,961N,3661,2026-05-15
富邦青埔,4785.0,20,0,961N,3661,2026-05-15
富邦青埔,4855.0,0,10,961N,3661,2026-05-15
富邦和美,4600.0,12,0,961P,3661,2026-05-15
富邦和美,4635.0,15,0,961P,3661,2026-05-15
富邦花蓮,4720.0,5,0,9621,3661,2026-05-15
富邦七賢,4780.0,52,0,961K,3661,2026-05-15
富邦花蓮,4730.0,4,0,9621,3661,2026-05-15
富邦花蓮,4760.0,10,0,9621,3661,2026-05-15
富邦竹北,4630.0,10,0,9624,3661,2026-05-15
富邦竹北,4650.0,5,0,9624,3661,2026-05-15
富邦竹北,4660.0,50,0,9624,3661,2026-05-15
富邦竹北,4680.0,15,0,9624,3661,2026-05-15
富邦竹北,4690.0,1,150,9624,3661,2026-05-15
富邦竹北,4705.0,1,0,9624,3661,2026-05-15
富邦竹北,4735.0,5,0,9624,3661,2026-05-15
富邦竹北,4755.0,0,1000,9624,3661,2026-05-15
富邦竹北,4765.0,10,0,9624,3661,2026-05-15
富邦竹北,4810.0,0,42,9624,3661,2026-05-15
富邦竹北,4865.0,0,10,9624,3661,2026-05-15
富邦竹北,4610.0,11,0,9624,3661,2026-05-15
富邦竹東,4650.0,20,0,9625,3661,2026-05-15
富邦竹東,4710.0,1,0,9625,3661,2026-05-15
富邦竹東,4765.0,10,0,9625,3661,2026-05-15
富邦竹東,4835.0,1,0,9625,3661,2026-05-15
富邦內湖,4610.0,0,25,9627,3661,2026-05-15
富邦內湖,4630.0,2,0,9627,3661,2026-05-15
富邦內湖,4650.0,21,95,9627,3661,2026-05-15
富邦內湖,4680.0,10,0,9627,3661,2026-05-15
富邦內湖,4710.0,5,100,9627,3661,2026-05-15
富邦內湖,4720.0,10,30,9627,3661,2026-05-15
富邦內湖,4740.0,0,10,9627,3661,2026-05-15
富邦內湖,4760.0,0,1,9627,3661,2026-05-15
富邦竹東,4680.0,15,0,9625,3661,2026-05-15
富邦台北,4990.0,1000,0,9623,3661,2026-05-15
富邦台北,4900.0,2000,1,9623,3661,2026-05-15
富邦台北,4890.0,2,0,9623,3661,2026-05-15
富邦花蓮,4785.0,5,0,9621,3661,2026-05-15
富邦花蓮,4795.0,0,3,9621,3661,2026-05-15
富邦花蓮,4805.0,5,0,9621,3661,2026-05-15
富邦台北,4600.0,16,0,9623,3661,2026-05-15
富邦台北,4610.0,10,100,9623,3661,2026-05-15
富邦台北,4620.0,81,1010,9623,3661,2026-05-15
富邦台北,4640.0,0,11000,9623,3661,2026-05-15
富邦台北,4650.0,30,1000,9623,3661,2026-05-15
富邦台北,4660.0,26,3,9623,3661,2026-05-15
富邦台北,4670.0,77,0,9623,3661,2026-05-15
富邦台北,4680.0,30,0,9623,3661,2026-05-15
富邦台北,4690.0,2,10,9623,3661,2026-05-15
富邦台北,4700.0,1044,4000,9623,3661,2026-05-15
富邦台北,4710.0,2,20,9623,3661,2026-05-15
富邦台北,4720.0,5051,0,9623,3661,2026-05-15
富邦台北,4730.0,20,3,9623,3661,2026-05-15
富邦台北,4740.0,1020,0,9623,3661,2026-05-15
富邦台北,4750.0,10,0,9623,3661,2026-05-15
富邦台北,4765.0,20,0,9623,3661,2026-05-15
富邦台北,4785.0,20,0,9623,3661,2026-05-15
富邦台北,4795.0,2,10,9623,3661,2026-05-15
富邦台北,4805.0,0,42,9623,3661,2026-05-15
富邦台北,4830.0,1000,0,9623,3661,2026-05-15
富邦台北,4845.0,0,1000,9623,3661,2026-05-15
富邦台北,4860.0,0,20,9623,3661,2026-05-15
富邦花蓮,4750.0,1,0,9621,3661,2026-05-15
富邦七賢,4745.0,50,0,961K,3661,2026-05-15
富邦七賢,4720.0,1,0,961K,3661,2026-05-15
富邦七賢,4700.0,20,0,961K,3661,2026-05-15
富邦陽明,4605.0,105,50,9604,3661,2026-05-15
富邦陽明,4615.0,1,13,9604,3661,2026-05-15
富邦陽明,4625.0,1,0,9604,3661,2026-05-15
富邦陽明,4635.0,60,0,9604,3661,2026-05-15
富邦陽明,4645.0,100,0,9604,3661,2026-05-15
富邦陽明,4655.0,1,0,9604,3661,2026-05-15
富邦陽明,4665.0,50,3,9604,3661,2026-05-15
富邦陽明,4675.0,0,160,9604,3661,2026-05-15
富邦陽明,4690.0,10,0,9604,3661,2026-05-15
富邦陽明,4700.0,102,20,9604,3661,2026-05-15
富邦陽明,4710.0,137,0,9604,3661,2026-05-15
富邦,4990.0,0,2000,9600,3661,2026-05-15
富邦陽明,4720.0,14,50,9604,3661,2026-05-15
富邦陽明,4740.0,2,0,9604,3661,2026-05-15
富邦陽明,4750.0,9,0,9604,3661,2026-05-15
富邦陽明,4760.0,1,0,9604,3661,2026-05-15
富邦陽明,4775.0,1,0,9604,3661,2026-05-15
富邦陽明,4790.0,1031,0,9604,3661,2026-05-15
富邦陽明,4805.0,10,0,9604,3661,2026-05-15
富邦陽明,4855.0,1,5,9604,3661,2026-05-15
富邦陽明,4875.0,0,1,9604,3661,2026-05-15
富邦陽明,4900.0,0,45,9604,3661,2026-05-15
富邦陽明,4910.0,0,3,9604,3661,2026-05-15
富邦陽明,4965.0,0,1000,9604,3661,2026-05-15
富邦陽明,4730.0,5,10,9604,3661,2026-05-15
富邦,4900.0,0,435,9600,3661,2026-05-15
富邦,4855.0,0,7,9600,3661,2026-05-15
富邦,4845.0,0,15,9600,3661,2026-05-15
華南豐原,4860.0,1000,0,9366,3661,2026-05-15
華南三重,4640.0,1000,0,9369,3661,2026-05-15
華南三重,4670.0,1,0,9369,3661,2026-05-15
華南三重,4790.0,1000,0,9369,3661,2026-05-15
華南虎尾,4600.0,1,0,9377,3661,2026-05-15
華南虎尾,4630.0,2,0,9377,3661,2026-05-15
華南虎尾,4650.0,0,5,9377,3661,2026-05-15
華南虎尾,4685.0,1,0,9377,3661,2026-05-15
華南虎尾,4700.0,1,0,9377,3661,2026-05-15
華南虎尾,4735.0,1,0,9377,3661,2026-05-15
華南東昇,4605.0,0,15000,9386,3661,2026-05-15
華南東昇,4630.0,10,10,9386,3661,2026-05-15
華南東昇,4725.0,1,0,9386,3661,2026-05-15
華南東昇,4800.0,0,7,9386,3661,2026-05-15
富邦,4605.0,2000,10,9600,3661,2026-05-15
富邦,4650.0,10,0,9600,3661,2026-05-15
富邦,4675.0,208,0,9600,3661,2026-05-15
富邦,4685.0,0,500,9600,3661,2026-05-15
富邦,4715.0,7,0,9600,3661,2026-05-15
富邦,4725.0,11,5,9600,3661,2026-05-15
富邦,4745.0,0,1001,9600,3661,2026-05-15
富邦,4755.0,3,498,9600,3661,2026-05-15
富邦,4775.0,0,53,9600,3661,2026-05-15
富邦,4785.0,1000,0,9600,3661,2026-05-15
富邦,4830.0,0,5,9600,3661,2026-05-15
富邦陽明,4985.0,3000,0,9604,3661,2026-05-15
富邦陽明,5000.0,4000,0,9604,3661,2026-05-15
富邦台東,4680.0,10,0,9608,3661,2026-05-15
富邦台東,4700.0,10,0,9608,3661,2026-05-15
富邦南京,4810.0,10,0,961C,3661,2026-05-15
富邦公益,4600.0,66,0,961F,3661,2026-05-15
富邦公益,4630.0,0,15,961F,3661,2026-05-15
富邦公益,4645.0,1000,0,961F,3661,2026-05-15
富邦公益,4655.0,3,0,961F,3661,2026-05-15
富邦公益,4665.0,1,2,961F,3661,2026-05-15
富邦公益,4675.0,12,0,961F,3661,2026-05-15
富邦公益,4685.0,50,0,961F,3661,2026-05-15
富邦公益,4705.0,1001,23,961F,3661,2026-05-15
富邦公益,4715.0,1,0,961F,3661,2026-05-15
富邦公益,4730.0,2,0,961F,3661,2026-05-15
富邦公益,4740.0,20,0,961F,3661,2026-05-15
富邦公益,4775.0,10,0,961F,3661,2026-05-15
富邦公益,4795.0,1,100,961F,3661,2026-05-15
富邦公益,4810.0,0,2,961F,3661,2026-05-15
富邦新板,4610.0,10,0,961H,3661,2026-05-15
富邦新板,4660.0,2,0,961H,3661,2026-05-15
富邦新板,4680.0,12,0,961H,3661,2026-05-15
富邦新板,4700.0,60,0,961H,3661,2026-05-15
富邦新板,4720.0,40,0,961H,3661,2026-05-15
富邦新板,4730.0,1,0,961H,3661,2026-05-15
富邦新板,4750.0,100,0,961H,3661,2026-05-15
富邦新板,4785.0,10,0,961H,3661,2026-05-15
富邦七賢,4600.0,5,0,961K,3661,2026-05-15
富邦七賢,4615.0,5,9,961K,3661,2026-05-15
富邦南京,4795.0,0,18,961C,3661,2026-05-15
富邦內湖,4780.0,50,0,9627,3661,2026-05-15
富邦南京,4775.0,0,1000,961C,3661,2026-05-15
富邦南京,4740.0,0,388,961C,3661,2026-05-15
富邦基隆,4600.0,10,0,9614,3661,2026-05-15
富邦基隆,4630.0,10,0,9614,3661,2026-05-15
富邦基隆,4680.0,6,0,9614,3661,2026-05-15
富邦基隆,4695.0,1000,0,9614,3661,2026-05-15
富邦基隆,4705.0,0,3,9614,3661,2026-05-15
富邦基隆,4730.0,2,0,9614,3661,2026-05-15
富邦基隆,4745.0,0,3,9614,3661,2026-05-15
富邦基隆,4780.0,10,0,9614,3661,2026-05-15
富邦基隆,4845.0,0,2,9614,3661,2026-05-15
富邦岡山,4635.0,1,0,9616,3661,2026-05-15
富邦岡山,4660.0,0,2,9616,3661,2026-05-15
富邦岡山,4695.0,1,0,9616,3661,2026-05-15
富邦岡山,4705.0,2,0,9616,3661,2026-05-15
富邦岡山,4720.0,10,0,9616,3661,2026-05-15
富邦岡山,4755.0,1000,0,9616,3661,2026-05-15
富邦岡山,4810.0,1,0,9616,3661,2026-05-15
富邦南京,4600.0,11,0,961C,3661,2026-05-15
富邦南京,4610.0,1,1000,961C,3661,2026-05-15
富邦南京,4620.0,10,0,961C,3661,2026-05-15
富邦南京,4635.0,65,0,961C,3661,2026-05-15
富邦南京,4655.0,2,0,961C,3661,2026-05-15
富邦南京,4670.0,1,0,961C,3661,2026-05-15
富邦南京,4680.0,21,0,961C,3661,2026-05-15
富邦南京,4695.0,2,0,961C,3661,2026-05-15
富邦南京,4725.0,1,0,961C,3661,2026-05-15
富邦南京,4750.0,1010,0,961C,3661,2026-05-15
富邦內湖,4800.0,100,0,9627,3661,2026-05-15
富邦內湖,4820.0,1,0,9627,3661,2026-05-15
富邦內湖,4850.0,0,1,9627,3661,2026-05-15
富邦新竹,4835.0,20,12,9647,3661,2026-05-15
富邦新竹,4865.0,2,0,9647,3661,2026-05-15
富邦新竹,4890.0,100,20,9647,3661,2026-05-15
富邦新竹,4910.0,0,50,9647,3661,2026-05-15
富邦永和,4605.0,10,1030,9654,3661,2026-05-15
富邦永和,4620.0,1,0,9654,3661,2026-05-15
富邦永和,4630.0,112,0,9654,3661,2026-05-15
富邦永和,4650.0,1010,0,9654,3661,2026-05-15
富邦永和,4670.0,10,0,9654,3661,2026-05-15
富邦永和,4680.0,1017,25,9654,3661,2026-05-15
富邦永和,4690.0,10,35,9654,3661,2026-05-15
富邦新竹,4810.0,0,12,9647,3661,2026-05-15
富邦永和,4705.0,1,0,9654,3661,2026-05-15
富邦永和,4740.0,1,0,9654,3661,2026-05-15
富邦永和,4770.0,5,0,9654,3661,2026-05-15
富邦永和,4805.0,20,0,9654,3661,2026-05-15
富邦永和,4815.0,0,5,9654,3661,2026-05-15
富邦永和,4845.0,20,0,9654,3661,2026-05-15
富邦永和,4960.0,1000,0,9654,3661,2026-05-15
富邦板橋,4600.0,35,1100,9655,3661,2026-05-15
富邦板橋,4610.0,12,17,9655,3661,2026-05-15
富邦板橋,4620.0,14,1002,9655,3661,2026-05-15
富邦板橋,4630.0,10,5,9655,3661,2026-05-15
富邦板橋,4640.0,1,0,9655,3661,2026-05-15
富邦永和,4720.0,210,0,9654,3661,2026-05-15
富邦新竹,4790.0,0,20,9647,3661,2026-05-15
富邦新竹,4780.0,7,0,9647,3661,2026-05-15
富邦新竹,4760.0,15,0,9647,3661,2026-05-15
富邦八德,4795.0,10,0,963A,3661,2026-05-15
富邦八德,4815.0,20,0,963A,3661,2026-05-15
富邦八德,4900.0,0,30,963A,3661,2026-05-15
富邦八德,4920.0,1000,0,963A,3661,2026-05-15
富邦八德,5000.0,1000,0,963A,3661,2026-05-15
富邦豐原,4600.0,2,0,963L,3661,2026-05-15
富邦豐原,4635.0,2,0,963L,3661,2026-05-15
富邦豐原,4670.0,10,0,963L,3661,2026-05-15
富邦豐原,4700.0,1,0,963L,3661,2026-05-15
富邦豐原,4740.0,1,0,963L,3661,2026-05-15
富邦豐原,4760.0,1,0,963L,3661,2026-05-15
富邦豐原,4975.0,1000,0,963L,3661,2026-05-15
富邦新竹,4605.0,10,5,9647,3661,2026-05-15
富邦新竹,4630.0,356,0,9647,3661,2026-05-15
富邦新竹,4645.0,0,1005,9647,3661,2026-05-15
富邦新竹,4655.0,250,0,9647,3661,2026-05-15
富邦新竹,4665.0,10,100,9647,3661,2026-05-15
富邦新竹,4675.0,5,0,9647,3661,2026-05-15
富邦新竹,4685.0,15,0,9647,3661,2026-05-15
富邦新竹,4695.0,36,0,9647,3661,2026-05-15
富邦新竹,4705.0,51,0,9647,3661,2026-05-15
富邦新竹,4715.0,30,0,9647,3661,2026-05-15
富邦新竹,4725.0,30,3,9647,3661,2026-05-15
富邦新竹,4740.0,2,12,9647,3661,2026-05-15
富邦新竹,4750.0,10,0,9647,3661,2026-05-15
富邦板橋,4650.0,8,0,9655,3661,2026-05-15
富邦板橋,4660.0,7,0,9655,3661,2026-05-15
富邦板橋,4670.0,1,0,9655,3661,2026-05-15
富邦板橋,4680.0,26,0,9655,3661,2026-05-15
富邦建國,4710.0,225,0,9658,3661,2026-05-15
富邦建國,4720.0,26,0,9658,3661,2026-05-15
富邦建國,4740.0,8,0,9658,3661,2026-05-15
富邦建國,4750.0,40,0,9658,3661,2026-05-15
富邦建國,4785.0,25,5,9658,3661,2026-05-15
富邦建國,4795.0,2,0,9658,3661,2026-05-15
富邦建國,4810.0,5,0,9658,3661,2026-05-15
富邦建國,4850.0,1000,18,9658,3661,2026-05-15
富邦建國,4965.0,1000,0,9658,3661,2026-05-15
富邦高雄,4605.0,0,10,9659,3661,2026-05-15
富邦高雄,4615.0,2,0,9659,3661,2026-05-15
富邦高雄,4630.0,2,70,9659,3661,2026-05-15
富邦高雄,4660.0,0,10,9659,3661,2026-05-15
富邦高雄,4685.0,4,0,9659,3661,2026-05-15
富邦高雄,4695.0,4,0,9659,3661,2026-05-15
富邦高雄,4710.0,5,10,9659,3661,2026-05-15
富邦高雄,4725.0,0,1,9659,3661,2026-05-15
富邦高雄,4755.0,1,0,9659,3661,2026-05-15
富邦高雄,4795.0,0,10,9659,3661,2026-05-15
富邦高雄,4880.0,2,0,9659,3661,2026-05-15
富邦高雄,4910.0,0,30,9659,3661,2026-05-15
富邦台中,4605.0,13,40,965K,3661,2026-05-15
富邦台中,4615.0,0,2,965K,3661,2026-05-15
富邦台中,4625.0,1,0,965K,3661,2026-05-15
富邦台中,4650.0,16,0,965K,3661,2026-05-15
富邦建國,4695.0,1,1010,9658,3661,2026-05-15
富邦八德,4775.0,0,1000,963A,3661,2026-05-15
富邦建國,4680.0,8,0,9658,3661,2026-05-15
富邦建國,4650.0,14,50,9658,3661,2026-05-15
富邦板橋,4695.0,5,0,9655,3661,2026-05-15
富邦板橋,4705.0,4,10,9655,3661,2026-05-15
富邦板橋,4715.0,11,0,9655,3661,2026-05-15
富邦板橋,4730.0,5,0,9655,3661,2026-05-15
富邦板橋,4740.0,1,0,9655,3661,2026-05-15
富邦板橋,4750.0,15,0,9655,3661,2026-05-15
富邦板橋,4770.0,0,1000,9655,3661,2026-05-15
富邦板橋,4785.0,10,0,9655,3661,2026-05-15
富邦板橋,4800.0,10,0,9655,3661,2026-05-15
富邦板橋,4815.0,0,1,9655,3661,2026-05-15
富邦板橋,4825.0,10,0,9655,3661,2026-05-15
富邦板橋,4835.0,1000,1000,9655,3661,2026-05-15
富邦板橋,4900.0,8,0,9655,3661,2026-05-15
富邦苗栗,4600.0,1,0,9657,3661,2026-05-15
富邦苗栗,4610.0,1,0,9657,3661,2026-05-15
富邦苗栗,4630.0,3,0,9657,3661,2026-05-15
富邦苗栗,4660.0,10,0,9657,3661,2026-05-15
富邦苗栗,4700.0,60,0,9657,3661,2026-05-15
富邦苗栗,4720.0,22,0,9657,3661,2026-05-15
富邦苗栗,4730.0,10,0,9657,3661,2026-05-15
富邦苗栗,4825.0,1,0,9657,3661,2026-05-15
富邦建國,4605.0,10,0,9658,3661,2026-05-15
富邦建國,4615.0,50,0,9658,3661,2026-05-15
富邦建國,4625.0,10,0,9658,3661,2026-05-15
富邦建國,4635.0,2,239,9658,3661,2026-05-15
富邦建國,4660.0,10,0,9658,3661,2026-05-15
華南豐原,4710.0,2,0,9366,3661,2026-05-15
富邦八德,4755.0,1000,1000,963A,3661,2026-05-15
富邦八德,4665.0,2,0,963A,3661,2026-05-15
富邦竹科,4850.0,10,0,962C,3661,2026-05-15
富邦竹科,4975.0,0,1000,962C,3661,2026-05-15
富邦新莊,4650.0,35,0,962D,3661,2026-05-15
富邦新莊,4660.0,12,0,962D,3661,2026-05-15
富邦新莊,4675.0,5,0,962D,3661,2026-05-15
富邦新莊,4695.0,0,10,962D,3661,2026-05-15
富邦新莊,4720.0,5,0,962D,3661,2026-05-15
富邦新莊,4760.0,2,0,962D,3661,2026-05-15
富邦新莊,4865.0,3,0,962D,3661,2026-05-15
富邦新莊,4895.0,5,0,962D,3661,2026-05-15
富邦樹林,4630.0,90,0,962E,3661,2026-05-15
富邦竹科,4790.0,0,1000,962C,3661,2026-05-15
富邦樹林,4645.0,0,1000,962E,3661,2026-05-15
富邦樹林,4680.0,1,0,962E,3661,2026-05-15
富邦樹林,4700.0,22,5000,962E,3661,2026-05-15
富邦樹林,4710.0,2,0,962E,3661,2026-05-15
富邦樹林,4720.0,0,5,962E,3661,2026-05-15
富邦樹林,4750.0,0,100,962E,3661,2026-05-15
富邦樹林,4785.0,15,0,962E,3661,2026-05-15
富邦樹林,4820.0,5000,0,962E,3661,2026-05-15
富邦樹林,4845.0,2,0,962E,3661,2026-05-15
富邦樹林,4980.0,1000,0,962E,3661,2026-05-15
富邦斗六,4605.0,0,100,962G,3661,2026-05-15
富邦斗六,4620.0,10,0,962G,3661,2026-05-15
富邦樹林,4665.0,3000,0,962E,3661,2026-05-15
富邦竹科,4780.0,20,0,962C,3661,2026-05-15
富邦竹科,4770.0,25,0,962C,3661,2026-05-15
富邦竹科,4740.0,1000,0,962C,3661,2026-05-15
富邦內湖,4885.0,0,1,9627,3661,2026-05-15
富邦南港,4600.0,1,0,962A,3661,2026-05-15
富邦南港,4630.0,10,0,962A,3661,2026-05-15
富邦南港,4670.0,10,0,962A,3661,2026-05-15
富邦南港,4700.0,3,0,962A,3661,2026-05-15
富邦南港,4725.0,3,0,962A,3661,2026-05-15
富邦南港,4740.0,51,0,962A,3661,2026-05-15
富邦南港,4785.0,1,0,962A,3661,2026-05-15
富邦二林,4605.0,5,0,962B,3661,2026-05-15
富邦二林,4615.0,5,0,962B,3661,2026-05-15
富邦二林,4685.0,5,0,962B,3661,2026-05-15
富邦二林,4695.0,2,0,962B,3661,2026-05-15
富邦二林,4720.0,1,0,962B,3661,2026-05-15
富邦二林,4740.0,5,0,962B,3661,2026-05-15
富邦二林,4805.0,1,0,962B,3661,2026-05-15
富邦竹科,4605.0,100,0,962C,3661,2026-05-15
富邦竹科,4620.0,5,500,962C,3661,2026-05-15
富邦竹科,4640.0,1,0,962C,3661,2026-05-15
富邦竹科,4655.0,5,0,962C,3661,2026-05-15
富邦竹科,4665.0,5,0,962C,3661,2026-05-15
富邦竹科,4680.0,1001,0,962C,3661,2026-05-15
富邦竹科,4700.0,2000,185,962C,3661,2026-05-15
富邦竹科,4710.0,2,0,962C,3661,2026-05-15
富邦竹科,4720.0,6,20,962C,3661,2026-05-15
富邦竹科,4730.0,1,0,962C,3661,2026-05-15
富邦斗六,4650.0,1,0,962G,3661,2026-05-15
富邦斗六,4680.0,2,0,962G,3661,2026-05-15
富邦斗六,4695.0,0,21,962G,3661,2026-05-15
富邦斗六,4710.0,0,50,962G,3661,2026-05-15
富邦羅東,4705.0,1,0,9634,3661,2026-05-15
富邦羅東,4750.0,350,6,9634,3661,2026-05-15
富邦羅東,4780.0,100,0,9634,3661,2026-05-15
富邦羅東,4800.0,10,1,9634,3661,2026-05-15
富邦羅東,4810.0,0,1,9634,3661,2026-05-15
富邦羅東,4870.0,8,8,9634,3661,2026-05-15
富邦羅東,4910.0,2,0,9634,3661,2026-05-15
富邦中壢,4605.0,5,10,9636,3661,2026-05-15
富邦中壢,4615.0,1,0,9636,3661,2026-05-15
富邦中壢,4625.0,0,2,9636,3661,2026-05-15
富邦中壢,4650.0,7,5,9636,3661,2026-05-15
富邦中壢,4670.0,1010,0,9636,3661,2026-05-15
富邦中壢,4690.0,15,63,9636,3661,2026-05-15
富邦中壢,4700.0,1,1000,9636,3661,2026-05-15
富邦中壢,4710.0,0,7,9636,3661,2026-05-15
富邦中壢,4725.0,0,20,9636,3661,2026-05-15
富邦中壢,4755.0,1005,0,9636,3661,2026-05-15
富邦中壢,4780.0,1,0,9636,3661,2026-05-15
富邦中壢,4795.0,5,0,9636,3661,2026-05-15
富邦中壢,4810.0,1005,0,9636,3661,2026-05-15
富邦中壢,4840.0,0,1000,9636,3661,2026-05-15
富邦中壢,4890.0,0,1000,9636,3661,2026-05-15
富邦八德,4605.0,5,1000,963A,3661,2026-05-15
富邦八德,4625.0,10,0,963A,3661,2026-05-15
富邦八德,4635.0,0,5,963A,3661,2026-05-15
富邦羅東,4685.0,0,5,9634,3661,2026-05-15
富邦八德,4685.0,20,0,963A,3661,2026-05-15
富邦羅東,4635.0,0,10,9634,3661,2026-05-15
富邦北高,4840.0,1000,0,962Q,3661,2026-05-15
富邦三峽,4620.0,0,150,962J,3661,2026-05-15
富邦三峽,4680.0,50,0,962J,3661,2026-05-15
富邦三峽,4705.0,100,0,962J,3661,2026-05-15
富邦三峽,4740.0,1,0,962J,3661,2026-05-15
富邦三峽,4775.0,100,0,962J,3661,2026-05-15
富邦三峽,4785.0,50,0,962J,3661,2026-05-15
富邦三峽,4820.0,1,0,962J,3661,2026-05-15
富邦頭份,4620.0,10,0,962P,3661,2026-05-15
富邦頭份,4650.0,0,1000,962P,3661,2026-05-15
富邦頭份,4660.0,1010,0,962P,3661,2026-05-15
富邦頭份,4675.0,10,1000,962P,3661,2026-05-15
富邦頭份,4700.0,6,0,962P,3661,2026-05-15
富邦頭份,4710.0,0,10,962P,3661,2026-05-15
富邦頭份,4730.0,1000,0,962P,3661,2026-05-15
富邦頭份,4755.0,100,0,962P,3661,2026-05-15
富邦頭份,4780.0,7,0,962P,3661,2026-05-15
富邦頭份,4795.0,1,0,962P,3661,2026-05-15
富邦頭份,4855.0,2,0,962P,3661,2026-05-15
富邦北高,4610.0,5,0,962Q,3661,2026-05-15
富邦北高,4670.0,5,0,962Q,3661,2026-05-15
富邦北高,4695.0,1,0,962Q,3661,2026-05-15
富邦北高,4720.0,0,1,962Q,3661,2026-05-15
富邦北高,4730.0,51,1,962Q,3661,2026-05-15
富邦北高,4755.0,0,1,962Q,3661,2026-05-15
富邦北高,4775.0,10,0,962Q,3661,2026-05-15
富邦羅東,4605.0,100,0,9634,3661,2026-05-15
凱基中山,4780.0,1,0,9229,3661,2026-05-15
華南豐原,4700.0,0,150,9366,3661,2026-05-15
華南豐原,4615.0,2,0,9366,3661,2026-05-15
凱基永康,4620.0,2,0,9278,3661,2026-05-15
凱基永康,4635.0,5,0,9278,3661,2026-05-15
凱基永康,4650.0,2,0,9278,3661,2026-05-15
凱基永康,4660.0,0,30,9278,3661,2026-05-15
凱基永康,4670.0,11,0,9278,3661,2026-05-15
凱基永康,4700.0,18,0,9278,3661,2026-05-15
凱基永康,4720.0,1,0,9278,3661,2026-05-15
凱基永康,4760.0,3,0,9278,3661,2026-05-15
凱基永康,4795.0,10,0,9278,3661,2026-05-15
凱基斗六,4740.0,20,0,9281,3661,2026-05-15
凱基北門,4610.0,8,0,9283,3661,2026-05-15
凱基永康,4600.0,5,0,9278,3661,2026-05-15
凱基北門,4625.0,10,0,9283,3661,2026-05-15
凱基北門,4645.0,4,0,9283,3661,2026-05-15
凱基北門,4655.0,4,0,9283,3661,2026-05-15
凱基北門,4665.0,4,0,9283,3661,2026-05-15
凱基北門,4675.0,4,0,9283,3661,2026-05-15
凱基北門,4685.0,4,0,9283,3661,2026-05-15
凱基北門,4695.0,4,0,9283,3661,2026-05-15
凱基北門,4705.0,2,0,9283,3661,2026-05-15
凱基北門,4715.0,2,0,9283,3661,2026-05-15
凱基北門,4725.0,7,0,9283,3661,2026-05-15
凱基北門,4735.0,2,0,9283,3661,2026-05-15
凱基北門,4755.0,0,50,9283,3661,2026-05-15
凱基北門,4635.0,4,0,9283,3661,2026-05-15
凱基苗栗,4860.0,20,0,9276,3661,2026-05-15
凱基苗栗,4760.0,1,0,9276,3661,2026-05-15
凱基苗栗,4610.0,1,0,9276,3661,2026-05-15
凱基台北,4940.0,0,1000,9268,3661,2026-05-15
凱基台北,4950.0,0,1000,9268,3661,2026-05-15
凱基台北,4980.0,0,1000,9268,3661,2026-05-15
凱基竹科,4600.0,25,9,9272,3661,2026-05-15
凱基竹科,4615.0,0,5,9272,3661,2026-05-15
凱基竹科,4625.0,3,1000,9272,3661,2026-05-15
凱基竹科,4650.0,15,0,9272,3661,2026-05-15
凱基竹科,4670.0,20,0,9272,3661,2026-05-15
凱基竹科,4690.0,10,0,9272,3661,2026-05-15
凱基竹科,4700.0,86,0,9272,3661,2026-05-15
凱基竹科,4710.0,10,0,9272,3661,2026-05-15
凱基竹科,4735.0,15,0,9272,3661,2026-05-15
凱基竹科,4760.0,10,0,9272,3661,2026-05-15
凱基竹科,4820.0,0,1000,9272,3661,2026-05-15
凱基竹科,4840.0,1010,0,9272,3661,2026-05-15
凱基竹科,4905.0,1000,0,9272,3661,2026-05-15
凱基竹東,4615.0,50,0,9273,3661,2026-05-15
凱基竹東,4750.0,20,0,9273,3661,2026-05-15
凱基鳳山,4610.0,1,0,9274,3661,2026-05-15
凱基鳳山,4710.0,1000,0,9274,3661,2026-05-15
凱基鳳山,4740.0,5,0,9274,3661,2026-05-15
凱基鳳山,4770.0,0,2000,9274,3661,2026-05-15
凱基鳳山,4785.0,6,0,9274,3661,2026-05-15
凱基鳳山,4810.0,0,4000,9274,3661,2026-05-15
凱基三多,4750.0,1000,0,9275,3661,2026-05-15
凱基北門,4875.0,30,0,9283,3661,2026-05-15
凱基台北,4915.0,1000,8000,9268,3661,2026-05-15
凱基中壢,4600.0,5,0,9285,3661,2026-05-15
凱基中壢,4650.0,0,1,9285,3661,2026-05-15
凱基文心,4680.0,1,0,9297,3661,2026-05-15
凱基文心,4735.0,1,0,9297,3661,2026-05-15
華南永昌,4600.0,10,0,9300,3661,2026-05-15
華南永昌,4615.0,1,0,9300,3661,2026-05-15
華南永昌,4625.0,1,1000,9300,3661,2026-05-15
華南永昌,4635.0,10,0,9300,3661,2026-05-15
華南永昌,4650.0,20,0,9300,3661,2026-05-15
華南永昌,4660.0,30,1000,9300,3661,2026-05-15
華南永昌,4670.0,1,0,9300,3661,2026-05-15
華南永昌,4680.0,1000,320,9300,3661,2026-05-15
華南永昌,4700.0,1,4,9300,3661,2026-05-15
凱基文心,4600.0,2,0,9297,3661,2026-05-15
華南永昌,4710.0,1000,10,9300,3661,2026-05-15
華南永昌,4735.0,20,10,9300,3661,2026-05-15
華南永昌,4745.0,0,12,9300,3661,2026-05-15
華南永昌,4760.0,10,0,9300,3661,2026-05-15
華南永昌,4785.0,50,0,9300,3661,2026-05-15
華南永昌,4805.0,1000,0,9300,3661,2026-05-15
華南永昌,4825.0,15,0,9300,3661,2026-05-15
華南永昌,4855.0,1000,0,9300,3661,2026-05-15
華南永昌,4900.0,0,5,9300,3661,2026-05-15
華南永昌,5000.0,0,1000,9300,3661,2026-05-15
華南台中,4605.0,81,0,9302,3661,2026-05-15
華南台中,4615.0,0,100,9302,3661,2026-05-15
華南永昌,4720.0,15,1000,9300,3661,2026-05-15
凱基頭份,4795.0,1,0,9296,3661,2026-05-15
凱基頭份,4780.0,2,0,9296,3661,2026-05-15
凱基頭份,4695.0,2,0,9296,3661,2026-05-15
凱基中壢,4670.0,1,0,9285,3661,2026-05-15
凱基中壢,4680.0,10,0,9285,3661,2026-05-15
凱基中壢,4705.0,3,0,9285,3661,2026-05-15
凱基中壢,4720.0,15,5,9285,3661,2026-05-15
凱基中壢,4735.0,1,0,9285,3661,2026-05-15
凱基中壢,4785.0,0,19,9285,3661,2026-05-15
凱基中壢,4800.0,0,11,9285,3661,2026-05-15
凱基內湖,4680.0,10,0,9287,3661,2026-05-15
凱基內湖,4795.0,10,0,9287,3661,2026-05-15
凱基內湖,4805.0,20,0,9287,3661,2026-05-15
凱基內湖,4825.0,10,0,9287,3661,2026-05-15
凱基埔墘,4600.0,11,0,9288,3661,2026-05-15
凱基埔墘,4625.0,2,0,9288,3661,2026-05-15
凱基埔墘,4665.0,1,0,9288,3661,2026-05-15
凱基埔墘,4690.0,10,0,9288,3661,2026-05-15
凱基埔墘,4705.0,2,0,9288,3661,2026-05-15
凱基埔墘,4720.0,0,10,9288,3661,2026-05-15
凱基埔墘,4745.0,2,0,9288,3661,2026-05-15
凱基埔墘,4830.0,6,0,9288,3661,2026-05-15
凱基興隆,4625.0,1,0,9289,3661,2026-05-15
凱基興隆,4680.0,1,0,9289,3661,2026-05-15
凱基興隆,4695.0,0,4,9289,3661,2026-05-15
凱基興隆,4785.0,0,5,9289,3661,2026-05-15
凱基大安,4720.0,10,0,9291,3661,2026-05-15
凱基頭份,4600.0,1,0,9296,3661,2026-05-15
凱基中壢,4630.0,0,15,9285,3661,2026-05-15
凱基台北,4905.0,0,1000,9268,3661,2026-05-15
凱基台北,4895.0,0,2000,9268,3661,2026-05-15
凱基台北,4885.0,1000,0,9268,3661,2026-05-15
凱基永華,4675.0,1,0,9235,3661,2026-05-15
凱基永華,4760.0,1,0,9235,3661,2026-05-15
凱基永華,4790.0,10,0,9235,3661,2026-05-15
凱基永華,4990.0,1000,0,9235,3661,2026-05-15
凱基虎尾,4635.0,5,0,9236,3661,2026-05-15
凱基敦北,4600.0,1,0,9237,3661,2026-05-15
凱基敦北,4675.0,2,0,9237,3661,2026-05-15
凱基敦北,4730.0,2,0,9237,3661,2026-05-15
凱基敦北,4785.0,20,0,9237,3661,2026-05-15
凱基士林,4625.0,1,0,9238,3661,2026-05-15
凱基士林,4640.0,200,0,9238,3661,2026-05-15
凱基竹北,4850.0,0,3,9234,3661,2026-05-15
凱基士林,4675.0,1,0,9238,3661,2026-05-15
凱基士林,4720.0,50,10,9238,3661,2026-05-15
凱基士林,4740.0,1,0,9238,3661,2026-05-15
凱基士林,4785.0,10,0,9238,3661,2026-05-15
凱基市政,4600.0,2,0,9239,3661,2026-05-15
凱基市政,4610.0,0,1000,9239,3661,2026-05-15
凱基市政,4635.0,40,0,9239,3661,2026-05-15
凱基市政,4650.0,10,150,9239,3661,2026-05-15
凱基市政,4680.0,50,0,9239,3661,2026-05-15
凱基市政,4695.0,1,0,9239,3661,2026-05-15
凱基市政,4710.0,0,1000,9239,3661,2026-05-15
凱基市政,4735.0,2,0,9239,3661,2026-05-15
凱基士林,4685.0,1,0,9238,3661,2026-05-15
凱基竹北,4785.0,1,0,9234,3661,2026-05-15
凱基竹北,4760.0,1000,0,9234,3661,2026-05-15
凱基竹北,4745.0,5,0,9234,3661,2026-05-15
凱基中山,4860.0,50,0,9229,3661,2026-05-15
凱基中山,4890.0,0,23,9229,3661,2026-05-15
凱基屏東,4680.0,0,1000,922C,3661,2026-05-15
凱基屏東,4800.0,5,0,922C,3661,2026-05-15
凱基員林,4600.0,10,0,9231,3661,2026-05-15
凱基員林,4700.0,15,0,9231,3661,2026-05-15
凱基員林,4715.0,1000,0,9231,3661,2026-05-15
凱基員林,4780.0,5,0,9231,3661,2026-05-15
凱基員林,4845.0,0,10,9231,3661,2026-05-15
凱基長庚,4610.0,5,0,9233,3661,2026-05-15
凱基長庚,4635.0,0,1000,9233,3661,2026-05-15
凱基長庚,4650.0,1,0,9233,3661,2026-05-15
凱基長庚,4680.0,1,0,9233,3661,2026-05-15
凱基長庚,4695.0,2,0,9233,3661,2026-05-15
凱基長庚,4745.0,2,0,9233,3661,2026-05-15
凱基長庚,4785.0,2,0,9233,3661,2026-05-15
凱基長庚,4840.0,2,0,9233,3661,2026-05-15
凱基竹北,4605.0,10,0,9234,3661,2026-05-15
凱基竹北,4625.0,5,0,9234,3661,2026-05-15
凱基竹北,4655.0,5,0,9234,3661,2026-05-15
凱基竹北,4675.0,5,0,9234,3661,2026-05-15
凱基竹北,4690.0,20,10,9234,3661,2026-05-15
凱基竹北,4700.0,50,5,9234,3661,2026-05-15
凱基竹北,4715.0,10,0,9234,3661,2026-05-15
凱基竹北,4735.0,1005,0,9234,3661,2026-05-15
凱基市政,4785.0,21,0,9239,3661,2026-05-15
凱基市政,4835.0,1000,0,9239,3661,2026-05-15
凱基嘉義,4600.0,2,0,9252,3661,2026-05-15
凱基嘉義,4610.0,1,0,9252,3661,2026-05-15
凱基台北,4605.0,12005,2000,9268,3661,2026-05-15
凱基台北,4615.0,3010,0,9268,3661,2026-05-15
凱基台北,4625.0,15000,1000,9268,3661,2026-05-15
凱基台北,4635.0,2000,3000,9268,3661,2026-05-15
凱基台北,4645.0,12000,1000,9268,3661,2026-05-15
凱基台北,4655.0,6000,6000,9268,3661,2026-05-15
凱基台北,4665.0,1000,5000,9268,3661,2026-05-15
凱基台北,4675.0,5000,0,9268,3661,2026-05-15
凱基台北,4685.0,4006,2000,9268,3661,2026-05-15
凱基台北,4700.0,8000,2000,9268,3661,2026-05-15
凱基台北,4710.0,6000,3000,9268,3661,2026-05-15
凱基台北,4720.0,5002,5000,9268,3661,2026-05-15
凱基台北,4730.0,1014,7020,9268,3661,2026-05-15
凱基台北,4740.0,2000,50,9268,3661,2026-05-15
凱基台北,4750.0,11,4000,9268,3661,2026-05-15
凱基台北,4760.0,3001,0,9268,3661,2026-05-15
凱基台北,4770.0,2000,0,9268,3661,2026-05-15
凱基台北,4780.0,1020,1000,9268,3661,2026-05-15
凱基台北,4790.0,1010,3000,9268,3661,2026-05-15
凱基台北,4800.0,4000,2000,9268,3661,2026-05-15
凱基台北,4810.0,3000,0,9268,3661,2026-05-15
凱基台北,4825.0,1000,5000,9268,3661,2026-05-15
凱基台北,4835.0,6000,6000,9268,3661,2026-05-15
凱基台北,4850.0,0,5000,9268,3661,2026-05-15
凱基台北,4860.0,4000,0,9268,3661,2026-05-15
凱基新豐,4900.0,1,15,9266,3661,2026-05-15
華南台中,4625.0,10,0,9302,3661,2026-05-15
凱基新豐,4705.0,15,0,9266,3661,2026-05-15
凱基新豐,4610.0,0,5,9266,3661,2026-05-15
凱基嘉義,4705.0,1,0,9252,3661,2026-05-15
凱基嘉義,4740.0,2,0,9252,3661,2026-05-15
凱基嘉義,4825.0,1,0,9252,3661,2026-05-15
凱基科園,4625.0,2,0,9254,3661,2026-05-15
凱基科園,4665.0,3,0,9254,3661,2026-05-15
凱基科園,4675.0,1,0,9254,3661,2026-05-15
凱基科園,4695.0,1000,0,9254,3661,2026-05-15
凱基科園,4705.0,5,0,9254,3661,2026-05-15
凱基和平,4600.0,150,0,9255,3661,2026-05-15
凱基和平,4630.0,0,2000,9255,3661,2026-05-15
凱基和平,4675.0,20,0,9255,3661,2026-05-15
凱基和平,4700.0,10,150,9255,3661,2026-05-15
凱基和平,4795.0,1,0,9255,3661,2026-05-15
凱基和平,4860.0,0,25,9255,3661,2026-05-15
凱基南崁,4650.0,5,0,9256,3661,2026-05-15
凱基南崁,4695.0,1,0,9256,3661,2026-05-15
凱基南崁,4790.0,20,0,9256,3661,2026-05-15
凱基林口,4600.0,1057,0,9257,3661,2026-05-15
凱基林口,4625.0,0,500,9257,3661,2026-05-15
凱基林口,4695.0,1,0,9257,3661,2026-05-15
凱基林口,4710.0,0,5,9257,3661,2026-05-15
凱基林口,4760.0,1,0,9257,3661,2026-05-15
凱基林口,4915.0,63,0,9257,3661,2026-05-15
凱基羅東,4700.0,25,0,9258,3661,2026-05-15
凱基羅東,4735.0,0,40,9258,3661,2026-05-15
凱基新豐,4625.0,50,0,9266,3661,2026-05-15
華南台中,4635.0,30,2000,9302,3661,2026-05-15
華南台中,4655.0,18,0,9302,3661,2026-05-15
華南台中,4670.0,7,0,9302,3661,2026-05-15
華南朴子,4905.0,1,0,9329,3661,2026-05-15
華南鳳山,4610.0,101,0,9331,3661,2026-05-15
華南鳳山,4625.0,2,0,9331,3661,2026-05-15
華南鳳山,4650.0,1,0,9331,3661,2026-05-15
華南鳳山,4680.0,3,0,9331,3661,2026-05-15
華南鳳山,4705.0,5,0,9331,3661,2026-05-15
華南鳳山,4770.0,0,1000,9331,3661,2026-05-15
華南楠梓,4700.0,4,0,9332,3661,2026-05-15
華南楠梓,4710.0,1000,0,9332,3661,2026-05-15
華南楠梓,4730.0,1,0,9332,3661,2026-05-15
華南楠梓,4890.0,0,1000,9332,3661,2026-05-15
華南朴子,4810.0,0,5,9329,3661,2026-05-15
華南長虹,4600.0,0,8,9333,3661,2026-05-15
華南長虹,4650.0,0,1000,9333,3661,2026-05-15
華南長虹,4680.0,55,0,9333,3661,2026-05-15
華南長虹,4710.0,2,0,9333,3661,2026-05-15
華南長虹,4735.0,1003,0,9333,3661,2026-05-15
華南長虹,4750.0,1,0,9333,3661,2026-05-15
華南長虹,4775.0,0,14,9333,3661,2026-05-15
華南長虹,4900.0,0,5,9333,3661,2026-05-15
華南世貿,4600.0,0,2,9334,3661,2026-05-15
華南世貿,4650.0,1000,0,9334,3661,2026-05-15
華南世貿,4680.0,5,0,9334,3661,2026-05-15
華南世貿,4725.0,5,0,9334,3661,2026-05-15
華南長虹,4615.0,2,2,9333,3661,2026-05-15
華南朴子,4740.0,0,10,9329,3661,2026-05-15
華南朴子,4695.0,2,0,9329,3661,2026-05-15
華南朴子,4635.0,1,0,9329,3661,2026-05-15
華南岡山,4720.0,4,0,9324,3661,2026-05-15
華南岡山,4780.0,10,0,9324,3661,2026-05-15
華南岡山,4805.0,10,0,9324,3661,2026-05-15
華南忠孝,4600.0,0,1000,9325,3661,2026-05-15
華南忠孝,4675.0,0,5,9325,3661,2026-05-15
華南南京,4600.0,1002,0,9326,3661,2026-05-15
華南南京,4620.0,3,5,9326,3661,2026-05-15
華南南京,4640.0,10,0,9326,3661,2026-05-15
華南南京,4650.0,1005,0,9326,3661,2026-05-15
華南南京,4680.0,11,0,9326,3661,2026-05-15
華南南京,4695.0,2,0,9326,3661,2026-05-15
華南南京,4705.0,100,0,9326,3661,2026-05-15
華南南京,4765.0,6,0,9326,3661,2026-05-15
華南南京,4815.0,3,0,9326,3661,2026-05-15
華南南京,4835.0,1000,0,9326,3661,2026-05-15
華南南京,4880.0,1000,0,9326,3661,2026-05-15
華南南京,4915.0,0,1000,9326,3661,2026-05-15
華南斗六,4660.0,1,0,9327,3661,2026-05-15
華南斗六,4700.0,2,0,9327,3661,2026-05-15
華南斗六,4850.0,1,0,9327,3661,2026-05-15
華南潮州,4605.0,0,2,9328,3661,2026-05-15
華南潮州,4650.0,3,0,9328,3661,2026-05-15
華南潮州,4710.0,0,30,9328,3661,2026-05-15
華南潮州,4780.0,10,0,9328,3661,2026-05-15
華南朴子,4600.0,0,110,9329,3661,2026-05-15
華南世貿,4770.0,1000,0,9334,3661,2026-05-15
華南內壢,4610.0,3,0,9337,3661,2026-05-15
華南內壢,4625.0,0,20,9337,3661,2026-05-15
華南內壢,4680.0,50,0,9337,3661,2026-05-15
華南東勢,4855.0,0,1,9358,3661,2026-05-15
華南東勢,4870.0,0,1,9358,3661,2026-05-15
華南東勢,4890.0,0,4,9358,3661,2026-05-15
華南中正,4605.0,1000,0,9359,3661,2026-05-15
華南中正,4625.0,0,4,9359,3661,2026-05-15
華南中正,4650.0,1003,0,9359,3661,2026-05-15
華南中正,4670.0,3,0,9359,3661,2026-05-15
華南中正,4700.0,2003,1000,9359,3661,2026-05-15
華南中正,4740.0,0,1000,9359,3661,2026-05-15
華南中正,4815.0,1,0,9359,3661,2026-05-15
華南中正,4980.0,0,1000,9359,3661,2026-05-15
華南苗栗,4600.0,1,0,9362,3661,2026-05-15
華南苗栗,4640.0,1000,0,9362,3661,2026-05-15
華南苗栗,4670.0,3,0,9362,3661,2026-05-15
華南苗栗,4700.0,50,0,9362,3661,2026-05-15
華南苗栗,4710.0,1,0,9362,3661,2026-05-15
華南苗栗,4730.0,1,0,9362,3661,2026-05-15
華南苗栗,4765.0,1,0,9362,3661,2026-05-15
華南苗栗,4810.0,1,0,9362,3661,2026-05-15
華南彰化,4615.0,10,0,9363,3661,2026-05-15
華南彰化,4680.0,0,69,9363,3661,2026-05-15
華南彰化,4710.0,10,0,9363,3661,2026-05-15
華南彰化,4735.0,5,0,9363,3661,2026-05-15
華南彰化,4790.0,0,15,9363,3661,2026-05-15
華南豐原,4600.0,0,150,9366,3661,2026-05-15
華南東勢,4725.0,5,0,9358,3661,2026-05-15
華南岡山,4700.0,1,0,9324,3661,2026-05-15
華南東勢,4690.0,6,1,9358,3661,2026-05-15
華南桃園,4715.0,2,0,9352,3661,2026-05-15
華南內壢,4700.0,2,0,9337,3661,2026-05-15
華南內壢,4715.0,10,0,9337,3661,2026-05-15
華南內壢,4740.0,10,0,9337,3661,2026-05-15
華南內壢,4795.0,10,0,9337,3661,2026-05-15
華南竹北,4630.0,10,0,9339,3661,2026-05-15
華南竹北,4720.0,1,0,9339,3661,2026-05-15
華南頭份,4600.0,0,20,9343,3661,2026-05-15
華南頭份,4610.0,0,1000,9343,3661,2026-05-15
華南頭份,4630.0,10,0,9343,3661,2026-05-15
華南頭份,4655.0,0,12,9343,3661,2026-05-15
華南頭份,4685.0,100,0,9343,3661,2026-05-15
華南頭份,4710.0,0,5,9343,3661,2026-05-15
華南頭份,4725.0,0,300,9343,3661,2026-05-15
華南頭份,4740.0,5,0,9343,3661,2026-05-15
華南頭份,4820.0,100,0,9343,3661,2026-05-15
華南敦南,4680.0,1,0,9347,3661,2026-05-15
華南板橋,4635.0,0,1000,9349,3661,2026-05-15
華南板橋,4685.0,52,0,9349,3661,2026-05-15
華南板橋,4700.0,32,0,9349,3661,2026-05-15
華南板橋,4725.0,0,10,9349,3661,2026-05-15
華南板橋,4795.0,1,0,9349,3661,2026-05-15
華南板橋,4900.0,20,1,9349,3661,2026-05-15
華南桃園,4630.0,10,0,9352,3661,2026-05-15
華南桃園,4660.0,5,0,9352,3661,2026-05-15
華南桃園,4700.0,6,0,9352,3661,2026-05-15
華南東勢,4615.0,5,0,9358,3661,2026-05-15
華南豐原,4680.0,2,0,9366,3661,2026-05-15
華南岡山,4625.0,2,0,9324,3661,2026-05-15
華南小港,4790.0,3,0,9323,3661,2026-05-15
華南新莊,4675.0,15,0,9305,3661,2026-05-15
華南新莊,4685.0,10,0,9305,3661,2026-05-15
華南新莊,4695.0,5,0,9305,3661,2026-05-15
華南新莊,4710.0,5,0,9305,3661,2026-05-15
華南新莊,4730.0,5,0,9305,3661,2026-05-15
華南新莊,4750.0,5,0,9305,3661,2026-05-15
華南新莊,4775.0,5,0,9305,3661,2026-05-15
華南台南,4600.0,3,600,9306,3661,2026-05-15
華南台南,4620.0,0,53,9306,3661,2026-05-15
華南台南,4655.0,0,100,9306,3661,2026-05-15
華南台南,4670.0,0,100,9306,3661,2026-05-15
華南新莊,4630.0,10,0,9305,3661,2026-05-15
華南台南,4685.0,1,0,9306,3661,2026-05-15
華南台南,4725.0,1,0,9306,3661,2026-05-15
華南台南,4750.0,10,0,9306,3661,2026-05-15
華南台南,4780.0,10,0,9306,3661,2026-05-15
華南台南,4850.0,10,0,9306,3661,2026-05-15
華南大安,4650.0,10,30,9307,3661,2026-05-15
華南大安,4680.0,19,0,9307,3661,2026-05-15
華南大安,4705.0,0,10,9307,3661,2026-05-15
華南大安,4730.0,0,10,9307,3661,2026-05-15
華南大安,4790.0,2,0,9307,3661,2026-05-15
華南大安,4820.0,0,1,9307,3661,2026-05-15
華南大安,4920.0,1000,0,9307,3661,2026-05-15
華南台南,4705.0,1000,0,9306,3661,2026-05-15
華南新莊,4615.0,2,0,9305,3661,2026-05-15
華南新莊,4600.0,1,0,9305,3661,2026-05-15
華南高雄,4780.0,10,0,9303,3661,2026-05-15
華南台中,4685.0,30,0,9302,3661,2026-05-15
華南台中,4695.0,51,0,9302,3661,2026-05-15
華南台中,4705.0,1005,0,9302,3661,2026-05-15
華南台中,4715.0,5,0,9302,3661,2026-05-15
華南台中,4735.0,1,0,9302,3661,2026-05-15
華南台中,4745.0,5,0,9302,3661,2026-05-15
華南台中,4760.0,0,5,9302,3661,2026-05-15
華南台中,4785.0,1000,0,9302,3661,2026-05-15
華南台中,4800.0,85,0,9302,3661,2026-05-15
華南台中,4810.0,200,0,9302,3661,2026-05-15
華南台中,4825.0,0,10,9302,3661,2026-05-15
華南台中,4835.0,3,0,9302,3661,2026-05-15
華南台中,4865.0,0,100,9302,3661,2026-05-15
華南台中,4875.0,10,0,9302,3661,2026-05-15
華南台中,4885.0,1000,100,9302,3661,2026-05-15
華南台中,4925.0,1000,0,9302,3661,2026-05-15
華南高雄,4600.0,13,0,9303,3661,2026-05-15
華南高雄,4615.0,13,0,9303,3661,2026-05-15
華南高雄,4650.0,1,0,9303,3661,2026-05-15
華南高雄,4670.0,10,0,9303,3661,2026-05-15
華南高雄,4680.0,12,0,9303,3661,2026-05-15
華南高雄,4700.0,11,0,9303,3661,2026-05-15
華南高雄,4710.0,1002,0,9303,3661,2026-05-15
華南高雄,4740.0,10,0,9303,3661,2026-05-15
華南高雄,4760.0,10,0,9303,3661,2026-05-15
華南麻豆,4610.0,10,0,9308,3661,2026-05-15
華南麻豆,4640.0,2,0,9308,3661,2026-05-15
華南麻豆,4675.0,10,0,9308,3661,2026-05-15
華南麻豆,4685.0,10,0,9308,3661,2026-05-15
華南林口,4610.0,30,0,9317,3661,2026-05-15
華南林口,4660.0,41,0,9317,3661,2026-05-15
華南林口,4685.0,10,0,9317,3661,2026-05-15
華南林口,4710.0,10,0,9317,3661,2026-05-15
華南林口,4775.0,0,100,9317,3661,2026-05-15
華南林口,4790.0,0,100,9317,3661,2026-05-15
華南林口,4825.0,0,100,9317,3661,2026-05-15
華南鶯歌,4610.0,2,0,9319,3661,2026-05-15
華南鶯歌,4655.0,6,0,9319,3661,2026-05-15
華南鶯歌,4670.0,10,0,9319,3661,2026-05-15
華南鶯歌,4700.0,5,0,9319,3661,2026-05-15
華南鶯歌,4740.0,3,0,9319,3661,2026-05-15
華南鶯歌,4805.0,0,1000,9319,3661,2026-05-15
華南基隆,4605.0,10,0,9322,3661,2026-05-15
華南基隆,4655.0,50,0,9322,3661,2026-05-15
華南基隆,4700.0,1010,51,9322,3661,2026-05-15
華南基隆,4720.0,1020,0,9322,3661,2026-05-15
華南基隆,4735.0,5,0,9322,3661,2026-05-15
華南基隆,4760.0,0,40,9322,3661,2026-05-15
華南基隆,4805.0,5,0,9322,3661,2026-05-15
華南小港,4600.0,3,0,9323,3661,2026-05-15
華南小港,4630.0,0,50,9323,3661,2026-05-15
華南小港,4650.0,0,1000,9323,3661,2026-05-15
華南小港,4700.0,0,20,9323,3661,2026-05-15
華南小港,4720.0,0,30,9323,3661,2026-05-15
華南淡水,4830.0,0,5,9316,3661,2026-05-15
華南岡山,4605.0,1,0,9324,3661,2026-05-15
華南淡水,4720.0,5,0,9316,3661,2026-05-15
華南淡水,4665.0,1,0,9316,3661,2026-05-15
華南麻豆,4705.0,0,40,9308,3661,2026-05-15
華南麻豆,4740.0,10,0,9308,3661,2026-05-15
華南麻豆,4755.0,10,0,9308,3661,2026-05-15
華南麻豆,4810.0,3,0,9308,3661,2026-05-15
華南古亭,4605.0,0,6000,9309,3661,2026-05-15
華南古亭,4625.0,1000,0,9309,3661,2026-05-15
華南古亭,4670.0,1000,50,9309,3661,2026-05-15
華南古亭,4715.0,1,0,9309,3661,2026-05-15
華南古亭,4780.0,1,0,9309,3661,2026-05-15
華南古亭,4820.0,1000,0,9309,3661,2026-05-15
華南古亭,4940.0,1000,0,9309,3661,2026-05-15
華南民權,4610.0,100,0,9312,3661,2026-05-15
華南民權,4655.0,5,0,9312,3661,2026-05-15
華南民權,4670.0,5,0,9312,3661,2026-05-15
華南民權,4700.0,5,0,9312,3661,2026-05-15
華南民權,4710.0,10,0,9312,3661,2026-05-15
華南民權,4720.0,17,0,9312,3661,2026-05-15
華南民權,4775.0,5,0,9312,3661,2026-05-15
華南嘉義,4600.0,7,0,9314,3661,2026-05-15
華南嘉義,4670.0,1,0,9314,3661,2026-05-15
華南嘉義,4705.0,0,96,9314,3661,2026-05-15
華南嘉義,4730.0,0,4,9314,3661,2026-05-15
華南大甲,4610.0,2,0,9315,3661,2026-05-15
華南大甲,4900.0,0,20,9315,3661,2026-05-15
華南淡水,4625.0,0,2,9316,3661,2026-05-15
華南淡水,4700.0,10,0,9316,3661,2026-05-15
富邦台中,4665.0,1001,0,965K,3661,2026-05-15
玉山嘉義,4630.0,5,0,8848,3661,2026-05-15
玉山台南,4845.0,10,0,8847,3661,2026-05-15
第一新竹,4685.0,10,0,538B,3661,2026-05-15
第一新竹,4710.0,10,0,538B,3661,2026-05-15
第一新竹,4760.0,10,0,538B,3661,2026-05-15
第一新竹,4770.0,0,10,538B,3661,2026-05-15
第一新竹,4865.0,16,0,538B,3661,2026-05-15
第一光復,4600.0,10,0,538C,3661,2026-05-15
第一光復,4610.0,1000,0,538C,3661,2026-05-15
第一光復,4650.0,0,1000,538C,3661,2026-05-15
第一光復,4680.0,10,1000,538C,3661,2026-05-15
第一光復,4730.0,2000,0,538C,3661,2026-05-15
第一光復,4790.0,0,4,538C,3661,2026-05-15
第一新竹,4655.0,1000,0,538B,3661,2026-05-15
第一光復,4820.0,0,1000,538C,3661,2026-05-15
第一光復,4990.0,1000,0,538C,3661,2026-05-15
第一忠孝,4605.0,2,0,538D,3661,2026-05-15
第一忠孝,4640.0,10,0,538D,3661,2026-05-15
第一忠孝,4670.0,25,0,538D,3661,2026-05-15
第一忠孝,4700.0,11,0,538D,3661,2026-05-15
第一忠孝,4760.0,1,0,538D,3661,2026-05-15
第一忠孝,4800.0,10,0,538D,3661,2026-05-15
第一忠孝,4880.0,0,20,538D,3661,2026-05-15
第一自由,4600.0,57,0,538E,3661,2026-05-15
第一自由,4610.0,25,0,538E,3661,2026-05-15
第一自由,4620.0,10,0,538E,3661,2026-05-15
第一光復,4850.0,0,1000,538C,3661,2026-05-15
第一新竹,4645.0,50,0,538B,3661,2026-05-15
第一新竹,4625.0,15,0,538B,3661,2026-05-15
第一新竹,4610.0,100,0,538B,3661,2026-05-15
第一彰化,4600.0,6,0,5386,3661,2026-05-15
第一彰化,4660.0,0,15,5386,3661,2026-05-15
第一彰化,4700.0,2,0,5386,3661,2026-05-15
第一彰化,4735.0,1,0,5386,3661,2026-05-15
第一彰化,4750.0,1,0,5386,3661,2026-05-15
第一彰化,4785.0,2,0,5386,3661,2026-05-15
第一彰化,4830.0,2,0,5386,3661,2026-05-15
第一澎湖,4605.0,0,20,5387,3661,2026-05-15
第一澎湖,4650.0,0,100,5387,3661,2026-05-15
第一澎湖,4710.0,1000,0,5387,3661,2026-05-15
第一澎湖,4850.0,3,0,5387,3661,2026-05-15
第一中山,4635.0,4,0,5389,3661,2026-05-15
第一中山,4685.0,1,0,5389,3661,2026-05-15
第一中山,4750.0,0,1000,5389,3661,2026-05-15
第一中山,4790.0,0,2000,5389,3661,2026-05-15
第一新興,4605.0,0,20,538A,3661,2026-05-15
第一新興,4690.0,0,1005,538A,3661,2026-05-15
第一新興,4705.0,7,0,538A,3661,2026-05-15
第一新興,4725.0,0,5,538A,3661,2026-05-15
第一新興,4745.0,5,5,538A,3661,2026-05-15
第一新興,4765.0,0,1,538A,3661,2026-05-15
第一新興,4775.0,0,3,538A,3661,2026-05-15
第一新興,4785.0,0,5,538A,3661,2026-05-15
第一新興,4795.0,0,9,538A,3661,2026-05-15
第一新興,4920.0,1000,0,538A,3661,2026-05-15
第一自由,4635.0,2,0,538E,3661,2026-05-15
第一桃園,4885.0,0,100,5385,3661,2026-05-15
第一自由,4655.0,8,0,538E,3661,2026-05-15
第一自由,4690.0,2,0,538E,3661,2026-05-15
第一嘉義,4655.0,10,0,538M,3661,2026-05-15
第一嘉義,4670.0,10,0,538M,3661,2026-05-15
第一嘉義,4695.0,0,1010,538M,3661,2026-05-15
第一嘉義,4720.0,0,25,538M,3661,2026-05-15
第一嘉義,4735.0,10,0,538M,3661,2026-05-15
第一豐原,4600.0,1,0,538N,3661,2026-05-15
第一豐原,4630.0,0,5,538N,3661,2026-05-15
第一豐原,4670.0,13,7000,538N,3661,2026-05-15
第一豐原,4680.0,2,0,538N,3661,2026-05-15
第一豐原,4690.0,3,0,538N,3661,2026-05-15
第一豐原,4705.0,1,0,538N,3661,2026-05-15
第一嘉義,4645.0,10,0,538M,3661,2026-05-15
第一豐原,4730.0,3,0,538N,3661,2026-05-15
第一豐原,4830.0,2001,0,538N,3661,2026-05-15
第一豐原,4840.0,1,0,538N,3661,2026-05-15
第一豐原,4850.0,6,0,538N,3661,2026-05-15
第一豐原,4860.0,2,1000,538N,3661,2026-05-15
第一豐原,4945.0,0,1000,538N,3661,2026-05-15
第一路竹,4600.0,100,0,538P,3661,2026-05-15
第一路竹,4610.0,1,0,538P,3661,2026-05-15
第一路竹,4625.0,1,0,538P,3661,2026-05-15
第一路竹,4635.0,14,1,538P,3661,2026-05-15
第一路竹,4675.0,10,0,538P,3661,2026-05-15
第一路竹,4685.0,50,0,538P,3661,2026-05-15
第一豐原,4780.0,0,55,538N,3661,2026-05-15
第一嘉義,4635.0,1,1000,538M,3661,2026-05-15
第一嘉義,4600.0,0,30,538M,3661,2026-05-15
第一安和,4765.0,50,0,538j,3661,2026-05-15
第一自由,4700.0,25,0,538E,3661,2026-05-15
第一自由,4710.0,11,0,538E,3661,2026-05-15
第一自由,4720.0,59,0,538E,3661,2026-05-15
第一自由,4730.0,0,50,538E,3661,2026-05-15
第一自由,4760.0,2,0,538E,3661,2026-05-15
第一自由,4780.0,2,110,538E,3661,2026-05-15
第一自由,4800.0,0,100,538E,3661,2026-05-15
第一自由,4810.0,1,0,538E,3661,2026-05-15
第一自由,4855.0,50,0,538E,3661,2026-05-15
第一稻埕,4635.0,10,0,538F,3661,2026-05-15
第一稻埕,4680.0,300,0,538F,3661,2026-05-15
第一稻埕,4720.0,1,0,538F,3661,2026-05-15
第一稻埕,4770.0,0,1000,538F,3661,2026-05-15
第一稻埕,4905.0,3,0,538F,3661,2026-05-15
第一頭份,4605.0,0,9,538I,3661,2026-05-15
第一頭份,4625.0,100,0,538I,3661,2026-05-15
第一頭份,4635.0,0,1,538I,3661,2026-05-15
第一頭份,4680.0,50,0,538I,3661,2026-05-15
第一頭份,4710.0,0,5,538I,3661,2026-05-15
第一安和,4595.0,5,0,538j,3661,2026-05-15
第一安和,4615.0,0,2,538j,3661,2026-05-15
第一安和,4675.0,0,75,538j,3661,2026-05-15
第一安和,4685.0,0,5,538j,3661,2026-05-15
第一安和,4720.0,50,0,538j,3661,2026-05-15
第一安和,4740.0,0,5,538j,3661,2026-05-15
第一自由,4670.0,5,0,538E,3661,2026-05-15
第一桃園,4840.0,0,2,5385,3661,2026-05-15
第一桃園,4700.0,13,0,5385,3661,2026-05-15
第一桃園,4650.0,8,0,5385,3661,2026-05-15
大展台南,4645.0,1,0,5058,3661,2026-05-15
大展台南,4760.0,0,2,5058,3661,2026-05-15
美好,4615.0,20,0,5260,3661,2026-05-15
美好,4675.0,30,0,5260,3661,2026-05-15
美好,4725.0,40,0,5260,3661,2026-05-15
美好,4770.0,10,0,5260,3661,2026-05-15
美好,4810.0,50,0,5260,3661,2026-05-15
美好,4865.0,0,12,5260,3661,2026-05-15
美好,4910.0,0,110,5260,3661,2026-05-15
美好蘆洲,4615.0,5,0,5261,3661,2026-05-15
美好蘆洲,4655.0,8,0,5261,3661,2026-05-15
大展台南,4630.0,10,0,5058,3661,2026-05-15
美好蘆洲,4705.0,1005,0,5261,3661,2026-05-15
美好楊梅,4830.0,10,0,5262,3661,2026-05-15
美好楊梅,4990.0,0,1000,5262,3661,2026-05-15
美好泰山,4720.0,5,0,5263,3661,2026-05-15
美好高雄,4665.0,0,10,5264,3661,2026-05-15
美好苗栗,4705.0,2,0,5265,3661,2026-05-15
美好中壢,4630.0,10,0,5266,3661,2026-05-15
美好中壢,4665.0,2,0,5266,3661,2026-05-15
美好中壢,4900.0,10,0,5266,3661,2026-05-15
美好台南,4615.0,0,5,5268,3661,2026-05-15
美好中和,4600.0,2,0,526A,3661,2026-05-15
美好富順,4605.0,5,0,526K,3661,2026-05-15
美好楊梅,4720.0,0,1,5262,3661,2026-05-15
大展,4710.0,50,1000,5050,3661,2026-05-15
大展,4650.0,50,1,5050,3661,2026-05-15
大展,4615.0,0,500,5050,3661,2026-05-15
瑞銀,4975.0,0,7000,1650,3661,2026-05-15
瑞銀,4985.0,0,1000,1650,3661,2026-05-15
瑞銀,4995.0,1000,1000,1650,3661,2026-05-15
亞東,4620.0,100,0,2180,3661,2026-05-15
亞東,4670.0,1,0,2180,3661,2026-05-15
亞東,4695.0,1,0,2180,3661,2026-05-15
亞東,4710.0,10,0,2180,3661,2026-05-15
亞東,4800.0,65,0,2180,3661,2026-05-15
亞東,4860.0,0,10,2180,3661,2026-05-15
亞東板橋,4600.0,7,0,2181,3661,2026-05-15
亞東板橋,4610.0,2,0,2181,3661,2026-05-15
亞東板橋,4650.0,10,0,2181,3661,2026-05-15
亞東板橋,4670.0,50,0,2181,3661,2026-05-15
亞東板橋,4685.0,12,0,2181,3661,2026-05-15
亞東板橋,4705.0,10,60,2181,3661,2026-05-15
亞東板橋,4715.0,20,0,2181,3661,2026-05-15
亞東板橋,4740.0,0,1,2181,3661,2026-05-15
亞東板橋,4760.0,2,0,2181,3661,2026-05-15
亞東新竹,4600.0,2,0,2184,3661,2026-05-15
亞東新竹,4635.0,0,10,2184,3661,2026-05-15
亞東新竹,4700.0,1000,11,2184,3661,2026-05-15
亞東台南,4705.0,0,50,2185,3661,2026-05-15
亞東高雄,4610.0,0,20,2186,3661,2026-05-15
亞東高雄,4685.0,1,0,2186,3661,2026-05-15
亞東台中,4705.0,4,0,2187,3661,2026-05-15
美好富順,4615.0,5,0,526K,3661,2026-05-15
美好富順,4655.0,5,0,526K,3661,2026-05-15
美好富順,4700.0,2,0,526K,3661,2026-05-15
美好市政,4675.0,5,0,526M,3661,2026-05-15
第一台中,4670.0,10,0,5382,3661,2026-05-15
第一台中,4700.0,0,10,5382,3661,2026-05-15
第一台中,4755.0,0,1000,5382,3661,2026-05-15
第一台中,4815.0,5,0,5382,3661,2026-05-15
第一台中,4965.0,1000,0,5382,3661,2026-05-15
第一高雄,4615.0,10,0,5383,3661,2026-05-15
第一高雄,4635.0,50,0,5383,3661,2026-05-15
第一高雄,4660.0,3,20,5383,3661,2026-05-15
第一高雄,4680.0,1000,0,5383,3661,2026-05-15
第一高雄,4715.0,0,5,5383,3661,2026-05-15
第一高雄,4725.0,0,1000,5383,3661,2026-05-15
第一高雄,4770.0,1,0,5383,3661,2026-05-15
第一高雄,4780.0,0,2000,5383,3661,2026-05-15
第一高雄,4795.0,50,0,5383,3661,2026-05-15
第一高雄,4840.0,5,0,5383,3661,2026-05-15
第一台南,4605.0,0,57,5384,3661,2026-05-15
第一台南,4620.0,0,1010,5384,3661,2026-05-15
第一台南,4640.0,0,5,5384,3661,2026-05-15
第一台南,4655.0,3,0,5384,3661,2026-05-15
第一台南,4670.0,5,0,5384,3661,2026-05-15
第一台南,4680.0,1,0,5384,3661,2026-05-15
第一台南,4705.0,1,0,5384,3661,2026-05-15
第一台南,4725.0,30,0,5384,3661,2026-05-15
第一台南,4745.0,10,0,5384,3661,2026-05-15
第一台南,4830.0,0,500,5384,3661,2026-05-15
第一台中,4640.0,10,0,5382,3661,2026-05-15
第一路竹,4705.0,0,15,538P,3661,2026-05-15
第一台中,4600.0,15,0,5382,3661,2026-05-15
第一員林,4685.0,5,0,5381,3661,2026-05-15
高橋,4600.0,10,0,5320,3661,2026-05-15
高橋,4655.0,5,24,5320,3661,2026-05-15
高橋,4690.0,1,0,5320,3661,2026-05-15
高橋,4730.0,50,0,5320,3661,2026-05-15
高橋,4885.0,200,0,5320,3661,2026-05-15
高橋龍潭,4615.0,10,0,5321,3661,2026-05-15
高橋龍潭,4675.0,32,0,5321,3661,2026-05-15
高橋龍潭,4700.0,15,0,5321,3661,2026-05-15
第一金證,4610.0,3,10,5380,3661,2026-05-15
第一金證,4620.0,1,0,5380,3661,2026-05-15
第一金證,4640.0,1,0,5380,3661,2026-05-15
第一金證,4655.0,2,0,5380,3661,2026-05-15
第一金證,4665.0,3,0,5380,3661,2026-05-15
第一金證,4675.0,8,0,5380,3661,2026-05-15
第一金證,4685.0,2,0,5380,3661,2026-05-15
第一金證,4700.0,1,0,5380,3661,2026-05-15
第一金證,4730.0,11,0,5380,3661,2026-05-15
第一金證,4750.0,2,0,5380,3661,2026-05-15
第一金證,4760.0,1,0,5380,3661,2026-05-15
第一金證,4770.0,11,0,5380,3661,2026-05-15
第一金證,4780.0,1,0,5380,3661,2026-05-15
第一金證,4790.0,1,0,5380,3661,2026-05-15
第一金證,4800.0,2,0,5380,3661,2026-05-15
第一金證,4850.0,1000,0,5380,3661,2026-05-15
第一員林,4650.0,1,0,5381,3661,2026-05-15
第一員林,4720.0,1,0,5381,3661,2026-05-15
第一路竹,4720.0,1,0,538P,3661,2026-05-15
第一路竹,4790.0,110,0,538P,3661,2026-05-15
第一路竹,4850.0,1,0,538P,3661,2026-05-15
統一三重,4670.0,10,3000,585J,3661,2026-05-15
統一三重,4700.0,0,1000,585J,3661,2026-05-15
統一三重,4720.0,0,20,585J,3661,2026-05-15
統一三重,4735.0,0,9000,585J,3661,2026-05-15
統一三重,4790.0,5000,0,585J,3661,2026-05-15
統一竹南,4715.0,10,0,585m,3661,2026-05-15
統一竹南,4755.0,0,30,585m,3661,2026-05-15
統一竹南,4890.0,10,0,585m,3661,2026-05-15
統一竹南,4965.0,1000,0,585m,3661,2026-05-15
統一士林,4605.0,2000,0,585M,3661,2026-05-15
統一士林,4700.0,1011,0,585M,3661,2026-05-15
統一三重,4650.0,10,0,585J,3661,2026-05-15
統一士林,4780.0,1,0,585M,3661,2026-05-15
統一士林,4890.0,0,150,585M,3661,2026-05-15
統一士林,4905.0,0,107,585M,3661,2026-05-15
統一板橋,4680.0,0,1000,585P,3661,2026-05-15
統一三多,4620.0,50,0,585Q,3661,2026-05-15
統一三多,4785.0,10,0,585Q,3661,2026-05-15
統一三多,4800.0,0,50,585Q,3661,2026-05-15
統一三多,4975.0,1000,0,585Q,3661,2026-05-15
統一東湖,4730.0,50,0,585R,3661,2026-05-15
統一宜蘭,4675.0,20,0,585S,3661,2026-05-15
統一宜蘭,4760.0,0,5,585S,3661,2026-05-15
統一南京,4600.0,1,0,585U,3661,2026-05-15
統一士林,4800.0,1000,0,585M,3661,2026-05-15
統一三重,4610.0,1000,19,585J,3661,2026-05-15
統一員林,4870.0,1000,0,585I,3661,2026-05-15
統一員林,4740.0,10,0,585I,3661,2026-05-15
統一仁愛,4715.0,10,0,585c,3661,2026-05-15
統一仁愛,4790.0,0,20,585c,3661,2026-05-15
統一仁愛,4830.0,1000,0,585c,3661,2026-05-15
統一仁愛,4865.0,1000,1000,585c,3661,2026-05-15
統一仁愛,4990.0,0,1000,585c,3661,2026-05-15
統一新台中,4655.0,0,10,585D,3661,2026-05-15
統一新台中,4685.0,1,0,585D,3661,2026-05-15
統一新營,4675.0,0,100,585E,3661,2026-05-15
統一彰化,4600.0,5,0,585F,3661,2026-05-15
統一彰化,4700.0,5,0,585F,3661,2026-05-15
統一彰化,4850.0,0,10,585F,3661,2026-05-15
統一平鎮,4620.0,55,0,585g,3661,2026-05-15
統一平鎮,4685.0,1,0,585g,3661,2026-05-15
統一平鎮,4745.0,10,0,585g,3661,2026-05-15
統一桃園,4610.0,4,0,585H,3661,2026-05-15
統一桃園,4650.0,5,0,585H,3661,2026-05-15
統一桃園,4675.0,6,0,585H,3661,2026-05-15
統一桃園,4690.0,5,0,585H,3661,2026-05-15
統一桃園,4705.0,1,0,585H,3661,2026-05-15
統一桃園,4725.0,11,0,585H,3661,2026-05-15
統一桃園,4750.0,5,1010,585H,3661,2026-05-15
統一桃園,4775.0,5,0,585H,3661,2026-05-15
統一桃園,4810.0,5,0,585H,3661,2026-05-15
統一桃園,4990.0,0,2000,585H,3661,2026-05-15
統一員林,4710.0,10,0,585I,3661,2026-05-15
統一南京,4620.0,51,0,585U,3661,2026-05-15
統一南京,4630.0,1,70,585U,3661,2026-05-15
統一南京,4650.0,1,0,585U,3661,2026-05-15
統一南京,4700.0,50,0,585U,3661,2026-05-15
?亞鑫豐,4800.0,0,272,601d,3661,2026-05-15
?亞鑫豐,4900.0,0,28,601d,3661,2026-05-15
台中銀,4605.0,3,0,6110,3661,2026-05-15
台中銀,4615.0,2,0,6110,3661,2026-05-15
台中銀,4640.0,1000,0,6110,3661,2026-05-15
台中銀,4655.0,5,0,6110,3661,2026-05-15
台中銀,4675.0,1,0,6110,3661,2026-05-15
台中銀,4685.0,11,0,6110,3661,2026-05-15
台中銀,4705.0,1,0,6110,3661,2026-05-15
台中銀,4715.0,17,0,6110,3661,2026-05-15
台中銀,4725.0,10,0,6110,3661,2026-05-15
台中銀,4745.0,5,0,6110,3661,2026-05-15
台中銀,4780.0,2,0,6110,3661,2026-05-15
台中銀,4800.0,0,3,6110,3661,2026-05-15
中銀員林,4605.0,10,0,6114,3661,2026-05-15
中銀員林,4630.0,10,0,6114,3661,2026-05-15
中銀員林,4650.0,10,0,6114,3661,2026-05-15
中銀員林,4660.0,10,0,6114,3661,2026-05-15
中銀員林,4675.0,11,0,6114,3661,2026-05-15
中銀員林,4685.0,2,0,6114,3661,2026-05-15
中銀員林,4695.0,10,0,6114,3661,2026-05-15
中銀員林,4705.0,10,65,6114,3661,2026-05-15
中銀員林,4725.0,5,0,6114,3661,2026-05-15
中銀員林,4750.0,11,30,6114,3661,2026-05-15
中銀員林,4775.0,1,0,6114,3661,2026-05-15
?亞鑫豐,4785.0,5,0,601d,3661,2026-05-15
統一仁愛,4700.0,20,0,585c,3661,2026-05-15
?亞鑫豐,4730.0,1,0,601d,3661,2026-05-15
?亞鑫豐,4700.0,102,0,601d,3661,2026-05-15
統一南京,4715.0,0,1000,585U,3661,2026-05-15
統一南京,4805.0,1000,0,585U,3661,2026-05-15
統一土城,4600.0,4,0,585Y,3661,2026-05-15
統一土城,4655.0,2,0,585Y,3661,2026-05-15
統一土城,4700.0,4,1000,585Y,3661,2026-05-15
統一土城,4710.0,1000,0,585Y,3661,2026-05-15
統一土城,4745.0,0,7,585Y,3661,2026-05-15
統一土城,4765.0,0,47,585Y,3661,2026-05-15
統一土城,4855.0,0,5,585Y,3661,2026-05-15
統一土城,4875.0,0,6,585Y,3661,2026-05-15
統一土城,4900.0,242,0,585Y,3661,2026-05-15
統一土城,4910.0,1000,0,585Y,3661,2026-05-15
統一松江,4605.0,2,0,585Z,3661,2026-05-15
統一松江,4705.0,0,60,585Z,3661,2026-05-15
統一松江,4730.0,10,0,585Z,3661,2026-05-15
統一松江,4795.0,1,0,585Z,3661,2026-05-15
統一松江,4965.0,1000,0,585Z,3661,2026-05-15
?亞,4830.0,0,1000,6010,3661,2026-05-15
?亞網路,4605.0,2,10,6012,3661,2026-05-15
?亞網路,4700.0,1,0,6012,3661,2026-05-15
?亞網路,4720.0,10,0,6012,3661,2026-05-15
?亞網路,4820.0,0,20,6012,3661,2026-05-15
?亞鑫豐,4600.0,0,25,601d,3661,2026-05-15
?亞鑫豐,4640.0,7,0,601d,3661,2026-05-15
?亞鑫豐,4660.0,2,0,601d,3661,2026-05-15
?亞鑫豐,4715.0,0,5,601d,3661,2026-05-15
瑞銀,4965.0,2000,6000,1650,3661,2026-05-15
統一仁愛,4685.0,14,0,585c,3661,2026-05-15
統一永和,4850.0,10,0,585B,3661,2026-05-15
統一,4690.0,25,5000,5850,3661,2026-05-15
統一,4700.0,35,6000,5850,3661,2026-05-15
統一,4710.0,0,6053,5850,3661,2026-05-15
統一,4720.0,0,3000,5850,3661,2026-05-15
統一,4730.0,0,3000,5850,3661,2026-05-15
統一,4740.0,210,2136,5850,3661,2026-05-15
統一,4750.0,5,0,5850,3661,2026-05-15
統一,4760.0,585,0,5850,3661,2026-05-15
統一,4775.0,0,3000,5850,3661,2026-05-15
統一,4795.0,1222,0,5850,3661,2026-05-15
統一,4805.0,199,103,5850,3661,2026-05-15
統一,4680.0,61,3200,5850,3661,2026-05-15
統一,4820.0,0,65,5850,3661,2026-05-15
統一,4860.0,0,78,5850,3661,2026-05-15
統一,4890.0,10,0,5850,3661,2026-05-15
統一,4905.0,1,0,5850,3661,2026-05-15
統一,4990.0,0,1000,5850,3661,2026-05-15
統一高雄,4635.0,0,35,5851,3661,2026-05-15
統一高雄,4660.0,1,0,5851,3661,2026-05-15
統一高雄,4710.0,100,0,5851,3661,2026-05-15
統一高雄,4800.0,1,0,5851,3661,2026-05-15
統一高雄,4890.0,1,0,5851,3661,2026-05-15
統一敦南,4600.0,0,50,5852,3661,2026-05-15
統一敦南,4655.0,0,255,5852,3661,2026-05-15
統一,4845.0,1000,0,5850,3661,2026-05-15
統一,4670.0,0,4000,5850,3661,2026-05-15
統一,4655.0,0,3100,5850,3661,2026-05-15
統一,4640.0,0,800,5850,3661,2026-05-15
第一華江,4615.0,2,0,538W,3661,2026-05-15
第一華江,4625.0,1,0,538W,3661,2026-05-15
第一華江,4660.0,5,0,538W,3661,2026-05-15
第一華江,4700.0,10,6,538W,3661,2026-05-15
第一華江,4715.0,2,358,538W,3661,2026-05-15
第一華江,4725.0,7,0,538W,3661,2026-05-15
第一華江,4750.0,2010,0,538W,3661,2026-05-15
第一華江,4815.0,1,0,538W,3661,2026-05-15
第一華江,4860.0,0,20,538W,3661,2026-05-15
第一華江,4900.0,0,5,538W,3661,2026-05-15
第一華江,4985.0,0,1000,538W,3661,2026-05-15
第一中壢,4600.0,60,0,538Y,3661,2026-05-15
第一中壢,4655.0,0,150,538Y,3661,2026-05-15
第一中壢,4700.0,11,10,538Y,3661,2026-05-15
第一中壢,4770.0,4,0,538Y,3661,2026-05-15
第一中壢,4840.0,4,0,538Y,3661,2026-05-15
永興,4900.0,0,20,5600,3661,2026-05-15
永興水湳,4600.0,0,50,5602,3661,2026-05-15
永興水湳,4710.0,10,0,5602,3661,2026-05-15
永興台中,4610.0,100,0,5603,3661,2026-05-15
日進,4675.0,200,0,5660,3661,2026-05-15
日進,4905.0,0,100,5660,3661,2026-05-15
統一,4605.0,200,0,5850,3661,2026-05-15
統一,4615.0,14,50,5850,3661,2026-05-15
統一,4630.0,0,5,5850,3661,2026-05-15
統一敦南,4685.0,0,194,5852,3661,2026-05-15
統一敦南,4705.0,0,4,5852,3661,2026-05-15
統一敦南,4800.0,0,1000,5852,3661,2026-05-15
統一中壢,4620.0,0,8,5853,3661,2026-05-15
統一新竹,4615.0,10,0,5857,3661,2026-05-15
統一新竹,4675.0,50,0,5857,3661,2026-05-15
統一新竹,4685.0,1,0,5857,3661,2026-05-15
統一新竹,4700.0,25,0,5857,3661,2026-05-15
統一新竹,4710.0,10,0,5857,3661,2026-05-15
統一新竹,4720.0,11,0,5857,3661,2026-05-15
統一新竹,4730.0,10,0,5857,3661,2026-05-15
統一新竹,4780.0,10,0,5857,3661,2026-05-15
統一新竹,4800.0,21,0,5857,3661,2026-05-15
統一新竹,4850.0,1,0,5857,3661,2026-05-15
統一嘉義,4635.0,5,0,5858,3661,2026-05-15
統一嘉義,4700.0,2,0,5858,3661,2026-05-15
統一屏東,4615.0,10,0,5859,3661,2026-05-15
統一屏東,4700.0,10,0,5859,3661,2026-05-15
統一屏東,4740.0,0,5,5859,3661,2026-05-15
統一基隆,4605.0,0,1000,585A,3661,2026-05-15
統一基隆,4680.0,10,0,585A,3661,2026-05-15
統一基隆,4870.0,1000,0,585A,3661,2026-05-15
統一內湖,4625.0,1,0,585b,3661,2026-05-15
統一內湖,4670.0,10,0,585b,3661,2026-05-15
統一內湖,4690.0,10,0,585b,3661,2026-05-15
統一內湖,4720.0,50,0,585b,3661,2026-05-15
統一內湖,4750.0,10,0,585b,3661,2026-05-15
統一內湖,4810.0,0,15,585b,3661,2026-05-15
統一內湖,4905.0,0,9,585b,3661,2026-05-15
統一台中,4905.0,0,1,5856,3661,2026-05-15
統一仁愛,4635.0,1000,0,585c,3661,2026-05-15
統一台中,4875.0,3,0,5856,3661,2026-05-15
統一台中,4730.0,1,0,5856,3661,2026-05-15
統一中壢,4710.0,11,0,5853,3661,2026-05-15
統一中壢,4815.0,0,38,5853,3661,2026-05-15
統一中壢,4900.0,0,1,5853,3661,2026-05-15
統一城中,4610.0,10,0,5854,3661,2026-05-15
統一城中,4625.0,0,2000,5854,3661,2026-05-15
統一城中,4670.0,10,0,5854,3661,2026-05-15
統一城中,4695.0,10,0,5854,3661,2026-05-15
統一城中,4740.0,20,0,5854,3661,2026-05-15
統一城中,4800.0,113,0,5854,3661,2026-05-15
統一城中,4865.0,1000,0,5854,3661,2026-05-15
統一城中,4990.0,0,2000,5854,3661,2026-05-15
統一台南,4620.0,0,50,5855,3661,2026-05-15
統一台南,4650.0,8,0,5855,3661,2026-05-15
統一台南,4670.0,25,0,5855,3661,2026-05-15
統一台南,4700.0,1,0,5855,3661,2026-05-15
統一台南,4720.0,10,0,5855,3661,2026-05-15
統一台南,4795.0,0,1,5855,3661,2026-05-15
統一台南,4805.0,10,20,5855,3661,2026-05-15
統一台中,4600.0,1,0,5856,3661,2026-05-15
統一台中,4615.0,5,0,5856,3661,2026-05-15
統一台中,4630.0,1,2000,5856,3661,2026-05-15
統一台中,4640.0,1,0,5856,3661,2026-05-15
統一台中,4660.0,2006,0,5856,3661,2026-05-15
統一台中,4680.0,1,0,5856,3661,2026-05-15
統一台中,4700.0,0,300,5856,3661,2026-05-15
統一台中,4810.0,10,0,5856,3661,2026-05-15
中銀員林,4785.0,1,0,6114,3661,2026-05-15
瑞銀,4920.0,0,2000,1650,3661,2026-05-15
瑞銀,4890.0,0,2000,1650,3661,2026-05-15
臺銀,4910.0,23,0,1040,3661,2026-05-15
臺銀臺南,4600.0,11,10,1042,3661,2026-05-15
臺銀臺南,4615.0,0,3000,1042,3661,2026-05-15
臺銀臺南,4630.0,15,10,1042,3661,2026-05-15
臺銀臺南,4650.0,1,0,1042,3661,2026-05-15
臺銀臺南,4660.0,70,0,1042,3661,2026-05-15
臺銀臺南,4680.0,3,10,1042,3661,2026-05-15
臺銀臺南,4690.0,0,100,1042,3661,2026-05-15
臺銀臺南,4710.0,11,0,1042,3661,2026-05-15
臺銀臺南,4740.0,70,0,1042,3661,2026-05-15
臺銀臺南,4770.0,100,0,1042,3661,2026-05-15
臺銀,4900.0,2,20,1040,3661,2026-05-15
臺銀臺南,4800.0,1,0,1042,3661,2026-05-15
臺銀民權,4615.0,1,0,1043,3661,2026-05-15
臺銀民權,4635.0,1,0,1043,3661,2026-05-15
臺銀民權,4655.0,10,0,1043,3661,2026-05-15
臺銀民權,4680.0,25,30,1043,3661,2026-05-15
臺銀民權,4705.0,0,150,1043,3661,2026-05-15
臺銀民權,4720.0,35,60,1043,3661,2026-05-15
臺銀民權,4730.0,1,2,1043,3661,2026-05-15
臺銀民權,4760.0,5,0,1043,3661,2026-05-15
臺銀民權,4785.0,10,4,1043,3661,2026-05-15
臺銀民權,4900.0,15,10,1043,3661,2026-05-15
臺銀新竹,4605.0,0,5,1045,3661,2026-05-15
臺銀民權,4605.0,0,331,1043,3661,2026-05-15
臺銀,4885.0,1,0,1040,3661,2026-05-15
臺銀,4870.0,6,13,1040,3661,2026-05-15
臺銀,4825.0,0,5,1040,3661,2026-05-15
土銀彰化,4815.0,2,0,103B,3661,2026-05-15
土銀白河,4715.0,50,0,103C,3661,2026-05-15
土銀南港,4610.0,0,50,103F,3661,2026-05-15
土銀南港,4645.0,10,0,103F,3661,2026-05-15
土銀南港,4700.0,2,0,103F,3661,2026-05-15
土銀南港,4725.0,10,0,103F,3661,2026-05-15
土銀南港,4740.0,10,0,103F,3661,2026-05-15
臺銀,4600.0,3,0,1040,3661,2026-05-15
臺銀,4615.0,1,135,1040,3661,2026-05-15
臺銀,4625.0,1,0,1040,3661,2026-05-15
臺銀,4635.0,0,10,1040,3661,2026-05-15
臺銀,4650.0,1,30,1040,3661,2026-05-15
臺銀,4660.0,1,62,1040,3661,2026-05-15
臺銀,4680.0,131,20,1040,3661,2026-05-15
臺銀,4695.0,1,10,1040,3661,2026-05-15
臺銀,4705.0,21,60,1040,3661,2026-05-15
臺銀,4720.0,5,50,1040,3661,2026-05-15
臺銀,4730.0,1,0,1040,3661,2026-05-15
臺銀,4740.0,50,0,1040,3661,2026-05-15
臺銀,4755.0,3,0,1040,3661,2026-05-15
臺銀,4770.0,21,0,1040,3661,2026-05-15
臺銀,4785.0,0,2,1040,3661,2026-05-15
臺銀,4795.0,1,0,1040,3661,2026-05-15
臺銀,4805.0,2,0,1040,3661,2026-05-15
臺銀,4815.0,1,20,1040,3661,2026-05-15
臺銀新竹,4635.0,0,31,1045,3661,2026-05-15
土銀建國,4750.0,20,0,103A,3661,2026-05-15
臺銀新竹,4695.0,10,0,1045,3661,2026-05-15
臺銀新竹,4900.0,0,10,1045,3661,2026-05-15
臺銀高雄,4795.0,4,0,104C,3661,2026-05-15
臺銀高雄,4805.0,6,0,104C,3661,2026-05-15
臺銀高雄,4865.0,0,20,104C,3661,2026-05-15
臺銀金山,4600.0,10,50,104D,3661,2026-05-15
臺銀金山,4615.0,30,100,104D,3661,2026-05-15
臺銀金山,4630.0,10,0,104D,3661,2026-05-15
臺銀金山,4655.0,5,0,104D,3661,2026-05-15
臺銀金山,4695.0,0,1000,104D,3661,2026-05-15
臺銀金山,4705.0,20,0,104D,3661,2026-05-15
臺銀金山,4720.0,1000,0,104D,3661,2026-05-15
臺銀金山,4735.0,20,0,104D,3661,2026-05-15
臺銀高雄,4785.0,1,0,104C,3661,2026-05-15
臺銀金山,4745.0,0,1000,104D,3661,2026-05-15
臺銀金山,4855.0,1000,0,104D,3661,2026-05-15
企銀,4635.0,0,30,1110,3661,2026-05-15
企銀,4700.0,2,0,1110,3661,2026-05-15
企銀,4720.0,0,200,1110,3661,2026-05-15
企銀,4750.0,1,0,1110,3661,2026-05-15
企銀,4800.0,1,0,1110,3661,2026-05-15
企銀台中,4680.0,0,15,1111,3661,2026-05-15
企銀台南,4605.0,1,0,1112,3661,2026-05-15
企銀台南,4725.0,5,0,1112,3661,2026-05-15
企銀台南,4775.0,1,0,1112,3661,2026-05-15
企銀九如,4615.0,0,2000,1113,3661,2026-05-15
臺銀金山,4755.0,5,0,104D,3661,2026-05-15
臺銀高雄,4755.0,0,100,104C,3661,2026-05-15
臺銀高雄,4740.0,3,0,104C,3661,2026-05-15
臺銀高雄,4725.0,38,3,104C,3661,2026-05-15
臺銀臺中,4605.0,5,1000,104A,3661,2026-05-15
臺銀臺中,4615.0,6,0,104A,3661,2026-05-15
臺銀臺中,4630.0,11,0,104A,3661,2026-05-15
臺銀臺中,4640.0,5,0,104A,3661,2026-05-15
臺銀臺中,4650.0,1,0,104A,3661,2026-05-15
臺銀臺中,4665.0,5,0,104A,3661,2026-05-15
臺銀臺中,4675.0,25,0,104A,3661,2026-05-15
臺銀臺中,4685.0,15,0,104A,3661,2026-05-15
臺銀臺中,4700.0,246,10,104A,3661,2026-05-15
臺銀臺中,4715.0,0,60,104A,3661,2026-05-15
臺銀臺中,4725.0,13,0,104A,3661,2026-05-15
臺銀臺中,4735.0,5,18,104A,3661,2026-05-15
臺銀臺中,4755.0,5,5,104A,3661,2026-05-15
臺銀臺中,4780.0,20,0,104A,3661,2026-05-15
臺銀高雄,4600.0,22,5,104C,3661,2026-05-15
臺銀高雄,4610.0,0,1,104C,3661,2026-05-15
臺銀高雄,4620.0,0,14,104C,3661,2026-05-15
臺銀高雄,4635.0,0,4,104C,3661,2026-05-15
臺銀高雄,4650.0,3,0,104C,3661,2026-05-15
臺銀高雄,4665.0,0,20,104C,3661,2026-05-15
臺銀高雄,4675.0,2,0,104C,3661,2026-05-15
臺銀高雄,4685.0,21,0,104C,3661,2026-05-15
臺銀高雄,4695.0,14,1,104C,3661,2026-05-15
臺銀高雄,4705.0,3,2,104C,3661,2026-05-15
臺銀高雄,4715.0,22,19,104C,3661,2026-05-15
臺銀新竹,4805.0,20,0,1045,3661,2026-05-15
土銀建國,4730.0,0,41,103A,3661,2026-05-15
土銀建國,4690.0,50,0,103A,3661,2026-05-15
土銀建國,4620.0,50,0,103A,3661,2026-05-15
合庫高雄,4700.0,25,0,1023,3661,2026-05-15
合庫高雄,4715.0,10,0,1023,3661,2026-05-15
合庫高雄,4735.0,10,0,1023,3661,2026-05-15
合庫高雄,4750.0,1000,0,1023,3661,2026-05-15
合庫高雄,4805.0,20,0,1023,3661,2026-05-15
合庫嘉義,4605.0,0,17,1024,3661,2026-05-15
合庫嘉義,4620.0,0,15,1024,3661,2026-05-15
合庫嘉義,4750.0,10,0,1024,3661,2026-05-15
合庫嘉義,4865.0,0,1,1024,3661,2026-05-15
合庫基隆,4630.0,0,5,1025,3661,2026-05-15
合庫基隆,4695.0,9,0,1025,3661,2026-05-15
合庫高雄,4680.0,30,0,1023,3661,2026-05-15
合庫基隆,4705.0,5,0,1025,3661,2026-05-15
合庫基隆,4775.0,0,80,1025,3661,2026-05-15
合庫彰化,4620.0,11,0,1028,3661,2026-05-15
合庫彰化,4700.0,11,0,1028,3661,2026-05-15
合庫彰化,4840.0,50,0,1028,3661,2026-05-15
合庫鳳山,4605.0,25,0,1029,3661,2026-05-15
合庫鳳山,4615.0,69,0,1029,3661,2026-05-15
合庫鳳山,4645.0,5,0,1029,3661,2026-05-15
合庫鳳山,4655.0,25,0,1029,3661,2026-05-15
合庫鳳山,4680.0,5,0,1029,3661,2026-05-15
合庫鳳山,4710.0,15,0,1029,3661,2026-05-15
合庫鳳山,4720.0,5,0,1029,3661,2026-05-15
合庫基隆,4735.0,1,0,1025,3661,2026-05-15
合庫高雄,4650.0,0,1000,1023,3661,2026-05-15
合庫高雄,4620.0,0,10,1023,3661,2026-05-15
合庫高雄,4610.0,5,0,1023,3661,2026-05-15
合庫,4605.0,0,1000,1020,3661,2026-05-15
合庫,4615.0,0,10,1020,3661,2026-05-15
合庫,4635.0,1,0,1020,3661,2026-05-15
合庫,4655.0,4,0,1020,3661,2026-05-15
合庫,4675.0,1,0,1020,3661,2026-05-15
合庫,4690.0,56,0,1020,3661,2026-05-15
合庫,4700.0,0,1000,1020,3661,2026-05-15
合庫,4710.0,53,150,1020,3661,2026-05-15
合庫,4720.0,302,1000,1020,3661,2026-05-15
合庫,4780.0,1,0,1020,3661,2026-05-15
合庫,4835.0,0,10,1020,3661,2026-05-15
合庫台中,4610.0,0,350,1021,3661,2026-05-15
合庫台中,4620.0,0,1000,1021,3661,2026-05-15
合庫台中,4665.0,5,0,1021,3661,2026-05-15
合庫台中,4695.0,2,0,1021,3661,2026-05-15
合庫台中,4710.0,24,0,1021,3661,2026-05-15
合庫台中,4730.0,0,10,1021,3661,2026-05-15
合庫台中,4770.0,10,0,1021,3661,2026-05-15
合庫台中,4785.0,10,0,1021,3661,2026-05-15
合庫台中,4840.0,1000,0,1021,3661,2026-05-15
合庫台中,4870.0,3,0,1021,3661,2026-05-15
合庫台南,4600.0,20,0,1022,3661,2026-05-15
合庫台南,4675.0,1,0,1022,3661,2026-05-15
合庫台南,4700.0,0,5,1022,3661,2026-05-15
合庫台南,4985.0,1000,0,1022,3661,2026-05-15
合庫新竹,4640.0,5,0,102A,3661,2026-05-15
合庫新竹,4670.0,10,0,102A,3661,2026-05-15
合庫新竹,4680.0,10,0,102A,3661,2026-05-15
合庫新竹,4710.0,1,0,102A,3661,2026-05-15
土銀,4605.0,0,1,1030,3661,2026-05-15
土銀,4615.0,0,5,1030,3661,2026-05-15
土銀,4650.0,30,0,1030,3661,2026-05-15
土銀,4685.0,15,0,1030,3661,2026-05-15
土銀,4705.0,0,1000,1030,3661,2026-05-15
土銀,4765.0,20,0,1030,3661,2026-05-15
土銀,4805.0,5,0,1030,3661,2026-05-15
土銀,4830.0,5,0,1030,3661,2026-05-15
土銀,4900.0,89,0,1030,3661,2026-05-15
土銀台中,4685.0,3,0,1031,3661,2026-05-15
土銀台中,4700.0,2,0,1031,3661,2026-05-15
土銀台中,4710.0,3,0,1031,3661,2026-05-15
土銀台中,4730.0,5,0,1031,3661,2026-05-15
土銀台南,4600.0,10,0,1032,3661,2026-05-15
土銀台南,4660.0,10,0,1032,3661,2026-05-15
土銀台南,4700.0,20,0,1032,3661,2026-05-15
土銀台南,4760.0,20,0,1032,3661,2026-05-15
土銀台南,4865.0,0,10,1032,3661,2026-05-15
土銀高雄,4605.0,0,2,1033,3661,2026-05-15
土銀高雄,4800.0,50,0,1033,3661,2026-05-15
土銀新竹,4620.0,20,0,1035,3661,2026-05-15
土銀新竹,4705.0,10,0,1035,3661,2026-05-15
土銀花蓮,4700.0,50,0,1037,3661,2026-05-15
土銀花蓮,4800.0,50,0,1037,3661,2026-05-15
土銀士林,4705.0,0,24,1039,3661,2026-05-15
合庫三重,4910.0,15,0,102G,3661,2026-05-15
企銀九如,4680.0,5000,0,1113,3661,2026-05-15
合庫三重,4810.0,1,0,102G,3661,2026-05-15
合庫三重,4665.0,0,60,102G,3661,2026-05-15
合庫新竹,4720.0,0,1000,102A,3661,2026-05-15
合庫新竹,4755.0,30,0,102A,3661,2026-05-15
合庫新竹,4790.0,30,1000,102A,3661,2026-05-15
合庫新竹,4820.0,0,1000,102A,3661,2026-05-15
合庫自強,4600.0,72,0,102C,3661,2026-05-15
合庫自強,4615.0,1,0,102C,3661,2026-05-15
合庫自強,4655.0,30,0,102C,3661,2026-05-15
合庫自強,4665.0,30,0,102C,3661,2026-05-15
合庫自強,4710.0,23,0,102C,3661,2026-05-15
合庫自強,4725.0,0,80,102C,3661,2026-05-15
合庫自強,4735.0,0,5,102C,3661,2026-05-15
合庫自強,4755.0,0,19,102C,3661,2026-05-15
合庫自強,4800.0,60,0,102C,3661,2026-05-15
合庫自強,4905.0,5,0,102C,3661,2026-05-15
合庫桃園,4615.0,1,0,102E,3661,2026-05-15
合庫桃園,4700.0,15,0,102E,3661,2026-05-15
合庫桃園,4720.0,2,0,102E,3661,2026-05-15
合庫西台,4600.0,3,0,102F,3661,2026-05-15
合庫西台,4615.0,1,0,102F,3661,2026-05-15
合庫西台,4645.0,5,0,102F,3661,2026-05-15
合庫西台,4660.0,3,0,102F,3661,2026-05-15
合庫西台,4675.0,5,0,102F,3661,2026-05-15
合庫西台,4710.0,20,0,102F,3661,2026-05-15
合庫西台,4770.0,10,0,102F,3661,2026-05-15
合庫三重,4635.0,0,20,102G,3661,2026-05-15
合庫三重,4710.0,5,0,102G,3661,2026-05-15
企銀九如,4700.0,1000,0,1113,3661,2026-05-15
企銀九如,4720.0,0,3000,1113,3661,2026-05-15
企銀九如,4830.0,1000,0,1113,3661,2026-05-15
台灣摩根,4855.0,0,7000,1470,3661,2026-05-15
台灣摩根,4865.0,1000,0,1470,3661,2026-05-15
台灣摩根,4875.0,0,1000,1470,3661,2026-05-15
台灣摩根,4890.0,1000,0,1470,3661,2026-05-15
台灣摩根,4900.0,1408,0,1470,3661,2026-05-15
台灣摩根,4910.0,0,5000,1470,3661,2026-05-15
台灣摩根,4940.0,1000,0,1470,3661,2026-05-15
台灣摩根,4950.0,1000,0,1470,3661,2026-05-15
台灣摩根,4965.0,2000,1000,1470,3661,2026-05-15
台灣摩根,4980.0,1000,0,1470,3661,2026-05-15
台灣摩根,5000.0,2000,0,1470,3661,2026-05-15
台灣摩根,4820.0,0,9000,1470,3661,2026-05-15
美商高盛,4605.0,25000,27000,1480,3661,2026-05-15
美商高盛,4625.0,3265,2000,1480,3661,2026-05-15
美商高盛,4635.0,2000,5000,1480,3661,2026-05-15
美商高盛,4645.0,1000,2000,1480,3661,2026-05-15
美商高盛,4655.0,2000,2000,1480,3661,2026-05-15
美商高盛,4665.0,0,3000,1480,3661,2026-05-15
美商高盛,4675.0,1000,3000,1480,3661,2026-05-15
美商高盛,4685.0,0,5000,1480,3661,2026-05-15
美商高盛,4695.0,1000,13000,1480,3661,2026-05-15
美商高盛,4705.0,5000,15000,1480,3661,2026-05-15
美商高盛,4715.0,9000,7000,1480,3661,2026-05-15
美商高盛,4725.0,2000,2000,1480,3661,2026-05-15
美商高盛,4615.0,9000,3000,1480,3661,2026-05-15
台灣摩根,4805.0,0,6000,1470,3661,2026-05-15
台灣摩根,4795.0,2000,0,1470,3661,2026-05-15
台灣摩根,4785.0,0,4000,1470,3661,2026-05-15
美林,4895.0,1000,0,1440,3661,2026-05-15
美林,4905.0,4000,1000,1440,3661,2026-05-15
美林,4915.0,3000,0,1440,3661,2026-05-15
美林,4940.0,1000,2000,1440,3661,2026-05-15
美林,4955.0,2000,0,1440,3661,2026-05-15
美林,4970.0,3000,0,1440,3661,2026-05-15
美林,4980.0,2000,0,1440,3661,2026-05-15
美林,4990.0,6000,1000,1440,3661,2026-05-15
台灣摩根,4600.0,9000,0,1470,3661,2026-05-15
台灣摩根,4610.0,4000,0,1470,3661,2026-05-15
台灣摩根,4620.0,4000,0,1470,3661,2026-05-15
台灣摩根,4630.0,20000,0,1470,3661,2026-05-15
台灣摩根,4640.0,3000,0,1470,3661,2026-05-15
台灣摩根,4650.0,16000,0,1470,3661,2026-05-15
台灣摩根,4660.0,2000,0,1470,3661,2026-05-15
台灣摩根,4670.0,6000,4000,1470,3661,2026-05-15
台灣摩根,4680.0,6483,0,1470,3661,2026-05-15
台灣摩根,4690.0,0,2000,1470,3661,2026-05-15
台灣摩根,4700.0,16000,0,1470,3661,2026-05-15
台灣摩根,4710.0,8000,2615,1470,3661,2026-05-15
台灣摩根,4720.0,20000,0,1470,3661,2026-05-15
台灣摩根,4735.0,4000,0,1470,3661,2026-05-15
台灣摩根,4745.0,3000,0,1470,3661,2026-05-15
台灣摩根,4760.0,1000,0,1470,3661,2026-05-15
台灣摩根,4775.0,1000,0,1470,3661,2026-05-15
美商高盛,4735.0,2000,1000,1480,3661,2026-05-15
美商高盛,4750.0,8000,5000,1480,3661,2026-05-15
美商高盛,4760.0,0,3000,1480,3661,2026-05-15
美商高盛,4770.0,0,1000,1480,3661,2026-05-15
瑞銀,4625.0,1000,4000,1650,3661,2026-05-15
瑞銀,4635.0,2244,2000,1650,3661,2026-05-15
瑞銀,4645.0,2000,2000,1650,3661,2026-05-15
瑞銀,4655.0,1000,0,1650,3661,2026-05-15
瑞銀,4665.0,0,1000,1650,3661,2026-05-15
瑞銀,4675.0,1000,0,1650,3661,2026-05-15
瑞銀,4685.0,1000,1000,1650,3661,2026-05-15
瑞銀,4695.0,3000,1000,1650,3661,2026-05-15
瑞銀,4705.0,3000,1000,1650,3661,2026-05-15
瑞銀,4715.0,3000,2000,1650,3661,2026-05-15
瑞銀,4725.0,1000,3000,1650,3661,2026-05-15
瑞銀,4740.0,1000,2000,1650,3661,2026-05-15
瑞銀,4750.0,0,1000,1650,3661,2026-05-15
瑞銀,4760.0,0,1000,1650,3661,2026-05-15
瑞銀,4770.0,6000,1000,1650,3661,2026-05-15
瑞銀,4780.0,1000,1000,1650,3661,2026-05-15
瑞銀,4790.0,2000,2000,1650,3661,2026-05-15
瑞銀,4800.0,1000,1000,1650,3661,2026-05-15
瑞銀,4810.0,0,5000,1650,3661,2026-05-15
瑞銀,4830.0,0,2000,1650,3661,2026-05-15
瑞銀,4840.0,1000,0,1650,3661,2026-05-15
瑞銀,4850.0,3000,0,1650,3661,2026-05-15
瑞銀,4860.0,0,9000,1650,3661,2026-05-15
瑞銀,4870.0,1000,1000,1650,3661,2026-05-15
瑞銀,4880.0,0,4000,1650,3661,2026-05-15
瑞銀,4615.0,4000,0,1650,3661,2026-05-15
美林,4880.0,0,2000,1440,3661,2026-05-15
瑞銀,4605.0,7000,4000,1650,3661,2026-05-15
花旗環球,4900.0,0,656,1590,3661,2026-05-15
美商高盛,4780.0,2000,2000,1480,3661,2026-05-15
美商高盛,4790.0,0,4000,1480,3661,2026-05-15
美商高盛,4800.0,0,2000,1480,3661,2026-05-15
美商高盛,4810.0,1000,1000,1480,3661,2026-05-15
美商高盛,4830.0,0,13000,1480,3661,2026-05-15
美商高盛,4840.0,0,2000,1480,3661,2026-05-15
美商高盛,4850.0,1000,1000,1480,3661,2026-05-15
美商高盛,4875.0,0,1000,1480,3661,2026-05-15
美商高盛,4885.0,0,2000,1480,3661,2026-05-15
美商高盛,4900.0,0,1000,1480,3661,2026-05-15
美商高盛,4910.0,0,3000,1480,3661,2026-05-15
美商高盛,4920.0,0,1000,1480,3661,2026-05-15
美商高盛,4955.0,0,3000,1480,3661,2026-05-15
美商高盛,4975.0,1000,0,1480,3661,2026-05-15
美商高盛,4990.0,3000,2000,1480,3661,2026-05-15
港商野村,4705.0,4000,0,1560,3661,2026-05-15
港商野村,4745.0,1000,0,1560,3661,2026-05-15
港商野村,4755.0,5000,0,1560,3661,2026-05-15
港商野村,4780.0,1000,0,1560,3661,2026-05-15
港商野村,4835.0,0,1000,1560,3661,2026-05-15
港商野村,4880.0,1000,0,1560,3661,2026-05-15
港商野村,4950.0,1000,0,1560,3661,2026-05-15
花旗環球,4605.0,10000,1000,1590,3661,2026-05-15
花旗環球,4630.0,2000,0,1590,3661,2026-05-15
花旗環球,4640.0,1000,0,1590,3661,2026-05-15
花旗環球,4955.0,0,1000,1590,3661,2026-05-15
瑞銀,4900.0,2000,0,1650,3661,2026-05-15
美林,4870.0,2000,0,1440,3661,2026-05-15
美林,4850.0,2000,0,1440,3661,2026-05-15
企銀北高,4745.0,10,0,111F,3661,2026-05-15
企銀埔墘,4610.0,1,0,111G,3661,2026-05-15
企銀埔墘,4680.0,5,0,111G,3661,2026-05-15
企銀埔墘,4705.0,1,0,111G,3661,2026-05-15
企銀埔墘,4720.0,1,0,111G,3661,2026-05-15
彰銀,4600.0,20,0,1230,3661,2026-05-15
彰銀,4650.0,20,0,1230,3661,2026-05-15
彰銀,4705.0,3,0,1230,3661,2026-05-15
彰銀,4735.0,100,0,1230,3661,2026-05-15
彰銀七賢,4625.0,0,10,1232,3661,2026-05-15
彰銀七賢,4690.0,10,0,1232,3661,2026-05-15
企銀北高,4705.0,10,0,111F,3661,2026-05-15
彰銀七賢,4720.0,1,0,1232,3661,2026-05-15
彰銀台中,4605.0,0,20,1233,3661,2026-05-15
彰銀台中,4630.0,9,0,1233,3661,2026-05-15
彰銀台中,4675.0,20,0,1233,3661,2026-05-15
彰銀台中,4685.0,10,0,1233,3661,2026-05-15
彰銀台中,4725.0,5,0,1233,3661,2026-05-15
彰銀台中,4755.0,10,0,1233,3661,2026-05-15
彰銀台中,4825.0,10,0,1233,3661,2026-05-15
宏遠,4650.0,10,0,1260,3661,2026-05-15
宏遠,4705.0,15,50,1260,3661,2026-05-15
宏遠,4735.0,0,1000,1260,3661,2026-05-15
宏遠,4775.0,0,1000,1260,3661,2026-05-15
彰銀七賢,4905.0,0,1000,1232,3661,2026-05-15
企銀北高,4605.0,0,5,111F,3661,2026-05-15
企銀桃園,4600.0,15,0,111E,3661,2026-05-15
台企建成,4745.0,3,0,111B,3661,2026-05-15
企銀九如,4855.0,4000,0,1113,3661,2026-05-15
企銀嘉義,4685.0,10,0,1114,3661,2026-05-15
企銀嘉義,4795.0,1,0,1114,3661,2026-05-15
企銀太平,4620.0,0,5,1115,3661,2026-05-15
企銀太平,4680.0,1,0,1115,3661,2026-05-15
企銀太平,4700.0,1,2,1115,3661,2026-05-15
企銀竹北,4610.0,10,0,1117,3661,2026-05-15
企銀竹北,4660.0,0,5,1117,3661,2026-05-15
企銀竹北,4700.0,20,0,1117,3661,2026-05-15
企銀竹北,4770.0,1000,0,1117,3661,2026-05-15
企銀豐原,4620.0,2000,0,1118,3661,2026-05-15
企銀豐原,4635.0,1000,0,1118,3661,2026-05-15
企銀豐原,4670.0,1,10000,1118,3661,2026-05-15
企銀豐原,4705.0,20,0,1118,3661,2026-05-15
企銀豐原,4740.0,1001,0,1118,3661,2026-05-15
企銀豐原,4755.0,0,1000,1118,3661,2026-05-15
企銀豐原,4770.0,1000,1000,1118,3661,2026-05-15
企銀豐原,4800.0,20,0,1118,3661,2026-05-15
企銀岡山,4620.0,3,0,1119,3661,2026-05-15
企銀岡山,4680.0,3,0,1119,3661,2026-05-15
企銀岡山,4705.0,2,0,1119,3661,2026-05-15
企銀岡山,4780.0,5,0,1119,3661,2026-05-15
企銀民雄,4890.0,1000,0,111A,3661,2026-05-15
台企建成,4650.0,3,0,111B,3661,2026-05-15
台企建成,4700.0,2,0,111B,3661,2026-05-15
宏遠,4950.0,1000,0,1260,3661,2026-05-15
宏遠民生,4885.0,0,60,1261,3661,2026-05-15
宏遠桃園,4635.0,0,1070,1262,3661,2026-05-15
宏遠桃園,4695.0,1,0,1262,3661,2026-05-15
美林,4595.0,1000,0,1440,3661,2026-05-15
美林,4605.0,9000,0,1440,3661,2026-05-15
美林,4620.0,3000,1000,1440,3661,2026-05-15
美林,4630.0,4000,0,1440,3661,2026-05-15
美林,4640.0,4000,0,1440,3661,2026-05-15
美林,4650.0,8000,0,1440,3661,2026-05-15
美林,4660.0,2000,0,1440,3661,2026-05-15
美林,4670.0,9000,0,1440,3661,2026-05-15
美林,4680.0,3000,1000,1440,3661,2026-05-15
美林,4690.0,6000,0,1440,3661,2026-05-15
美林,4700.0,13000,2000,1440,3661,2026-05-15
美林,4710.0,4000,0,1440,3661,2026-05-15
美林,4720.0,13000,2000,1440,3661,2026-05-15
美林,4730.0,5000,0,1440,3661,2026-05-15
美林,4740.0,2000,1000,1440,3661,2026-05-15
美林,4750.0,3000,0,1440,3661,2026-05-15
美林,4760.0,2000,0,1440,3661,2026-05-15
美林,4770.0,2000,0,1440,3661,2026-05-15
美林,4780.0,2000,0,1440,3661,2026-05-15
美林,4790.0,5000,1000,1440,3661,2026-05-15
美林,4800.0,3000,0,1440,3661,2026-05-15
美林,4810.0,2000,0,1440,3661,2026-05-15
美林,4820.0,4000,0,1440,3661,2026-05-15
美林,4830.0,3000,1000,1440,3661,2026-05-15
美林,4840.0,5000,0,1440,3661,2026-05-15
港麥格理,4770.0,0,12000,1360,3661,2026-05-15
美林,4860.0,3000,1000,1440,3661,2026-05-15
港麥格理,4755.0,1000,0,1360,3661,2026-05-15
宏遠館前,4995.0,0,1000,126U,3661,2026-05-15
宏遠桃園,4715.0,1,0,1262,3661,2026-05-15
宏遠桃園,4740.0,1,0,1262,3661,2026-05-15
宏遠桃園,4755.0,1,0,1262,3661,2026-05-15
宏遠台南,4600.0,2,0,126D,3661,2026-05-15
宏遠台南,4630.0,10,0,126D,3661,2026-05-15
宏遠台南,4715.0,5,0,126D,3661,2026-05-15
宏遠台南,4740.0,0,1000,126D,3661,2026-05-15
宏遠台南,4785.0,60,0,126D,3661,2026-05-15
宏遠中和,4630.0,10,0,126H,3661,2026-05-15
宏遠中和,4685.0,2,0,126H,3661,2026-05-15
宏遠中和,4740.0,10,0,126H,3661,2026-05-15
宏遠光隆,4650.0,2,0,126i,3661,2026-05-15
宏遠光隆,4705.0,0,1,126i,3661,2026-05-15
宏遠光隆,4795.0,2,0,126i,3661,2026-05-15
宏遠台中,4635.0,0,100,126L,3661,2026-05-15
宏遠台中,4760.0,0,1000,126L,3661,2026-05-15
宏遠高雄,4635.0,0,150,126Q,3661,2026-05-15
宏遠高雄,4665.0,10,0,126Q,3661,2026-05-15
宏遠高雄,4700.0,5,0,126Q,3661,2026-05-15
宏遠高雄,4795.0,0,50,126Q,3661,2026-05-15
宏遠館前,4600.0,26,0,126U,3661,2026-05-15
宏遠館前,4685.0,3,0,126U,3661,2026-05-15
宏遠館前,4765.0,0,1000,126U,3661,2026-05-15
宏遠館前,4890.0,5,0,126U,3661,2026-05-15
宏遠館前,4900.0,0,100,126U,3661,2026-05-15
宏遠新化,4710.0,50,0,126X,3661,2026-05-15
玉山嘉義,4600.0,0,100,8848,3661,2026-05-15
中銀員林,4795.0,3,0,6114,3661,2026-05-15
中銀員林,4905.0,0,30,6114,3661,2026-05-15
摩根大通,4890.0,1080,1000,8440,3661,2026-05-15
摩根大通,4900.0,0,8000,8440,3661,2026-05-15
摩根大通,4910.0,0,2000,8440,3661,2026-05-15
摩根大通,4920.0,0,1000,8440,3661,2026-05-15
摩根大通,4965.0,0,1000,8440,3661,2026-05-15
摩根大通,4985.0,0,1000,8440,3661,2026-05-15
摩根大通,5000.0,0,1000,8440,3661,2026-05-15
康和,4685.0,10,0,8450,3661,2026-05-15
康和,4710.0,50,0,8450,3661,2026-05-15
康和,4755.0,100,0,8450,3661,2026-05-15
康和,4820.0,10,0,8450,3661,2026-05-15
摩根大通,4875.0,0,51,8440,3661,2026-05-15
康和延平,4720.0,20,0,8451,3661,2026-05-15
康和台中,4600.0,0,10,8455,3661,2026-05-15
康和台中,4615.0,0,10,8455,3661,2026-05-15
康和台中,4655.0,0,1,8455,3661,2026-05-15
康和台中,4690.0,1000,7000,8455,3661,2026-05-15
康和台中,4715.0,1000,0,8455,3661,2026-05-15
康和台中,4840.0,10,0,8455,3661,2026-05-15
康和新竹,4630.0,0,20,8456,3661,2026-05-15
康和新竹,4705.0,0,69,8456,3661,2026-05-15
康和台南,4605.0,5,0,8458,3661,2026-05-15
康和台南,4650.0,10,0,8458,3661,2026-05-15
康和嘉義,4645.0,0,1000,8459,3661,2026-05-15
康和延平,4750.0,25,0,8451,3661,2026-05-15
摩根大通,4860.0,83,1000,8440,3661,2026-05-15
摩根大通,4845.0,294,1000,8440,3661,2026-05-15
摩根大通,4835.0,243,0,8440,3661,2026-05-15
安泰大發,4795.0,0,10,8381,3661,2026-05-15
安泰大發,4890.0,0,10,8381,3661,2026-05-15
安泰楠梓,4730.0,5,0,8382,3661,2026-05-15
摩根大通,4605.0,12648,5048,8440,3661,2026-05-15
摩根大通,4615.0,317,80,8440,3661,2026-05-15
摩根大通,4625.0,211,226,8440,3661,2026-05-15
摩根大通,4635.0,14,11,8440,3661,2026-05-15
摩根大通,4645.0,0,571,8440,3661,2026-05-15
摩根大通,4655.0,3160,0,8440,3661,2026-05-15
摩根大通,4665.0,0,673,8440,3661,2026-05-15
摩根大通,4675.0,1359,7366,8440,3661,2026-05-15
摩根大通,4685.0,1000,4088,8440,3661,2026-05-15
摩根大通,4695.0,3000,0,8440,3661,2026-05-15
摩根大通,4705.0,2903,7136,8440,3661,2026-05-15
摩根大通,4715.0,2316,746,8440,3661,2026-05-15
摩根大通,4725.0,1095,2883,8440,3661,2026-05-15
摩根大通,4740.0,0,2435,8440,3661,2026-05-15
摩根大通,4750.0,8,1736,8440,3661,2026-05-15
摩根大通,4760.0,696,86,8440,3661,2026-05-15
摩根大通,4770.0,0,83,8440,3661,2026-05-15
摩根大通,4785.0,224,2000,8440,3661,2026-05-15
摩根大通,4795.0,0,241,8440,3661,2026-05-15
摩根大通,4805.0,53,12,8440,3661,2026-05-15
摩根大通,4815.0,300,0,8440,3661,2026-05-15
摩根大通,4825.0,207,479,8440,3661,2026-05-15
康和嘉義,4750.0,0,10,8459,3661,2026-05-15
安泰大發,4700.0,0,10,8381,3661,2026-05-15
康和嘉義,4800.0,0,29,8459,3661,2026-05-15
康和內湖,4625.0,2,0,845A,3661,2026-05-15
京城,4840.0,0,91,8490,3661,2026-05-15
京城,4860.0,40,0,8490,3661,2026-05-15
京城,4990.0,0,1000,8490,3661,2026-05-15
京城嘉義,4610.0,5,0,8492,3661,2026-05-15
京城嘉義,4640.0,60,0,8492,3661,2026-05-15
京城嘉義,4680.0,1100,0,8492,3661,2026-05-15
京城嘉義,4705.0,6,0,8492,3661,2026-05-15
京城嘉義,4770.0,10,0,8492,3661,2026-05-15
京城嘉義,4785.0,0,1000,8492,3661,2026-05-15
京城嘉義,4795.0,0,200,8492,3661,2026-05-15
京城嘉義,4835.0,2000,0,8492,3661,2026-05-15
京城,4750.0,0,10,8490,3661,2026-05-15
中農,4620.0,0,8,8520,3661,2026-05-15
中農,4690.0,0,20,8520,3661,2026-05-15
中農,4725.0,1000,0,8520,3661,2026-05-15
中農,4905.0,1000,0,8520,3661,2026-05-15
新光,4605.0,2031,2026,8560,3661,2026-05-15
新光,4615.0,1044,1000,8560,3661,2026-05-15
新光,4625.0,1022,1,8560,3661,2026-05-15
新光,4635.0,45,1115,8560,3661,2026-05-15
新光,4645.0,12,1000,8560,3661,2026-05-15
新光,4655.0,9,84,8560,3661,2026-05-15
新光,4665.0,1101,0,8560,3661,2026-05-15
新光,4675.0,8,1006,8560,3661,2026-05-15
中農,4650.0,0,20,8520,3661,2026-05-15
京城,4690.0,0,100,8490,3661,2026-05-15
康和屏東,4670.0,2,0,845X,3661,2026-05-15
康和台北,4680.0,7,0,845U,3661,2026-05-15
康和內湖,4650.0,6,0,845A,3661,2026-05-15
康和內湖,4760.0,0,18,845A,3661,2026-05-15
康和板橋,4630.0,2,0,845D,3661,2026-05-15
康和板橋,4705.0,1000,0,845D,3661,2026-05-15
康和板橋,4795.0,1000,0,845D,3661,2026-05-15
康和板橋,4830.0,0,1000,845D,3661,2026-05-15
康和板橋,4840.0,1,0,845D,3661,2026-05-15
康和板橋,4875.0,0,10,845D,3661,2026-05-15
康和澎湖,4655.0,1,0,845E,3661,2026-05-15
康和澎湖,4750.0,20,0,845E,3661,2026-05-15
康和澎湖,4780.0,1,0,845E,3661,2026-05-15
康和仁愛,4650.0,1,0,845F,3661,2026-05-15
康和仁愛,4715.0,5,0,845F,3661,2026-05-15
康和仁愛,4760.0,1,0,845F,3661,2026-05-15
康和仁愛,4775.0,1,0,845F,3661,2026-05-15
康和仁愛,4800.0,1,0,845F,3661,2026-05-15
康和高雄,4605.0,1,0,845J,3661,2026-05-15
康和高雄,4650.0,1,0,845J,3661,2026-05-15
康和高雄,4710.0,1,0,845J,3661,2026-05-15
康和高雄,4720.0,40,0,845J,3661,2026-05-15
康和高雄,4840.0,70,0,845J,3661,2026-05-15
康和石牌,4630.0,2,0,845R,3661,2026-05-15
康和石牌,4990.0,0,1000,845R,3661,2026-05-15
康和台北,4600.0,1,0,845U,3661,2026-05-15
康和台北,4660.0,1,0,845U,3661,2026-05-15
康和嘉義,4835.0,0,21,8459,3661,2026-05-15
安泰,4675.0,13,0,8380,3661,2026-05-15
國票安和,4900.0,1000,0,779Z,3661,2026-05-15
國票安和,4800.0,2,0,779Z,3661,2026-05-15
國票中正,4655.0,10,0,7797,3661,2026-05-15
國票中正,4700.0,30,0,7797,3661,2026-05-15
國票中正,4900.0,10,1,7797,3661,2026-05-15
國票內壢,4635.0,1,0,7798,3661,2026-05-15
國票內壢,4710.0,0,1000,7798,3661,2026-05-15
國票內壢,4740.0,5,0,7798,3661,2026-05-15
國票內壢,4760.0,5,0,7798,3661,2026-05-15
國票內壢,4900.0,1000,0,7798,3661,2026-05-15
國票敦北,4650.0,1,1000,779c,3661,2026-05-15
國票敦北,4700.0,1,0,779c,3661,2026-05-15
國票敦北,4735.0,0,5,779c,3661,2026-05-15
國票南港,4760.0,10,0,7795,3661,2026-05-15
國票敦北,4790.0,1001,0,779c,3661,2026-05-15
國票台南,4655.0,3,0,779D,3661,2026-05-15
國票台南,4670.0,1,0,779D,3661,2026-05-15
國票台南,4680.0,4,0,779D,3661,2026-05-15
國票台南,4695.0,5,0,779D,3661,2026-05-15
國票台南,4705.0,3,0,779D,3661,2026-05-15
國票台南,4715.0,10,0,779D,3661,2026-05-15
國票台南,4730.0,1,0,779D,3661,2026-05-15
國票台南,4810.0,17,0,779D,3661,2026-05-15
國票南科,4635.0,100,0,779e,3661,2026-05-15
國票南科,4735.0,5,0,779e,3661,2026-05-15
國票南科,4755.0,10,0,779e,3661,2026-05-15
國票台南,4620.0,10,0,779D,3661,2026-05-15
國票南港,4725.0,10,0,7795,3661,2026-05-15
國票南港,4705.0,0,3,7795,3661,2026-05-15
國票南港,4650.0,10,0,7795,3661,2026-05-15
致和金華,4700.0,0,100,7034,3661,2026-05-15
致和高雄,4650.0,100,0,7036,3661,2026-05-15
致和南京,4720.0,100,0,7038,3661,2026-05-15
致和崇德,4650.0,21,0,703B,3661,2026-05-15
致和崇德,4670.0,3,1000,703B,3661,2026-05-15
致和崇德,4710.0,2,0,703B,3661,2026-05-15
致和崇德,4790.0,30,0,703B,3661,2026-05-15
北城,4600.0,100,0,7750,3661,2026-05-15
北城,4680.0,0,1000,7750,3661,2026-05-15
北城,4770.0,1000,0,7750,3661,2026-05-15
國票綜合,4600.0,82,0,7790,3661,2026-05-15
國票綜合,4615.0,2,0,7790,3661,2026-05-15
國票綜合,4640.0,0,157,7790,3661,2026-05-15
國票綜合,4690.0,1000,157,7790,3661,2026-05-15
國票綜合,4700.0,10,1346,7790,3661,2026-05-15
國票綜合,4720.0,30,0,7790,3661,2026-05-15
國票綜合,4750.0,0,460,7790,3661,2026-05-15
國票綜合,4765.0,0,147,7790,3661,2026-05-15
國票綜合,4785.0,0,157,7790,3661,2026-05-15
國票綜合,4810.0,0,490,7790,3661,2026-05-15
國票綜合,4830.0,0,190,7790,3661,2026-05-15
國票台東,4620.0,0,8,7791,3661,2026-05-15
國票台東,4865.0,0,5,7791,3661,2026-05-15
國票北投,4715.0,10,0,7792,3661,2026-05-15
國票南港,4610.0,10,0,7795,3661,2026-05-15
國票南崁,4610.0,1000,0,779E,3661,2026-05-15
國票南崁,4700.0,20,0,779E,3661,2026-05-15
國票新莊,4625.0,1,0,779G,3661,2026-05-15
國票嘉義,4600.0,10,0,779H,3661,2026-05-15
國票長城,4705.0,1000,0,779u,3661,2026-05-15
國票長城,4730.0,10,0,779u,3661,2026-05-15
國票長城,4750.0,3,0,779u,3661,2026-05-15
國票台中,4690.0,0,200,779v,3661,2026-05-15
國票台中,4770.0,1,0,779v,3661,2026-05-15
國票台中,4870.0,1000,0,779v,3661,2026-05-15
國票天祥,4630.0,1,0,779V,3661,2026-05-15
國票天祥,4740.0,1,0,779V,3661,2026-05-15
國票彰化,4670.0,0,2000,779W,3661,2026-05-15
國票彰化,4910.0,1000,0,779W,3661,2026-05-15
國票中和,4630.0,1000,0,779X,3661,2026-05-15
國票中和,4650.0,5,0,779X,3661,2026-05-15
國票中和,4675.0,5,0,779X,3661,2026-05-15
國票中和,4730.0,1000,0,779X,3661,2026-05-15
國票中和,4760.0,10,0,779X,3661,2026-05-15
國票中和,4850.0,1000,0,779X,3661,2026-05-15
國票博愛,4605.0,1000,0,779z,3661,2026-05-15
國票博愛,4680.0,2,0,779z,3661,2026-05-15
國票博愛,4730.0,1000,0,779z,3661,2026-05-15
國票博愛,4910.0,1000,0,779z,3661,2026-05-15
國票安和,4630.0,1000,0,779Z,3661,2026-05-15
國票安和,4650.0,1,0,779Z,3661,2026-05-15
國票安和,4675.0,10,0,779Z,3661,2026-05-15
國票安和,4725.0,1000,0,779Z,3661,2026-05-15
國票安和,4745.0,1,0,779Z,3661,2026-05-15
國票長城,4650.0,21,0,779u,3661,2026-05-15
新光,4685.0,32,3000,8560,3661,2026-05-15
國票長城,4605.0,1,0,779u,3661,2026-05-15
國票桃園,4700.0,1000,5,779r,3661,2026-05-15
國票嘉義,4610.0,20,0,779H,3661,2026-05-15
國票嘉義,4620.0,20,0,779H,3661,2026-05-15
國票嘉義,4650.0,4,0,779H,3661,2026-05-15
國票嘉義,4725.0,1,0,779H,3661,2026-05-15
國票和平,4615.0,20,0,779j,3661,2026-05-15
國票和平,4660.0,5,0,779j,3661,2026-05-15
國票和平,4685.0,10,0,779j,3661,2026-05-15
國票和平,4800.0,0,10,779j,3661,2026-05-15
國票北高,4620.0,5,0,779J,3661,2026-05-15
國票北高,4650.0,5,0,779J,3661,2026-05-15
國票北高,4690.0,0,1000,779J,3661,2026-05-15
國票北高,4775.0,0,1,779J,3661,2026-05-15
國票北高,4860.0,10,0,779J,3661,2026-05-15
國票中港,4680.0,10,0,779m,3661,2026-05-15
國票中港,4735.0,1,0,779m,3661,2026-05-15
國票中港,4765.0,20,0,779m,3661,2026-05-15
國票南京,4700.0,100,0,779n,3661,2026-05-15
國票南京,4805.0,200,0,779n,3661,2026-05-15
國票九鼎,4605.0,3,0,779P,3661,2026-05-15
國票九鼎,4620.0,5,0,779P,3661,2026-05-15
國票九鼎,4635.0,0,15,779P,3661,2026-05-15
國票九鼎,4680.0,5,0,779P,3661,2026-05-15
國票九鼎,4700.0,50,0,779P,3661,2026-05-15
國票九鼎,4730.0,1,0,779P,3661,2026-05-15
國票桃園,4605.0,0,1000,779r,3661,2026-05-15
國票桃園,4770.0,0,3000,779r,3661,2026-05-15
新光,4695.0,218,11,8560,3661,2026-05-15
新光,4705.0,35,1057,8560,3661,2026-05-15
新光,4715.0,39,0,8560,3661,2026-05-15
玉山,4635.0,6,0,8840,3661,2026-05-15
玉山,4645.0,2,1000,8840,3661,2026-05-15
玉山,4655.0,7,2,8840,3661,2026-05-15
玉山,4665.0,5,0,8840,3661,2026-05-15
玉山,4675.0,6,0,8840,3661,2026-05-15
玉山,4685.0,12,10,8840,3661,2026-05-15
玉山,4695.0,12,0,8840,3661,2026-05-15
玉山,4705.0,62,0,8840,3661,2026-05-15
玉山,4715.0,2,23,8840,3661,2026-05-15
玉山,4725.0,7,1,8840,3661,2026-05-15
玉山,4740.0,8,6,8840,3661,2026-05-15
玉山,4625.0,11,0,8840,3661,2026-05-15
玉山,4750.0,10,0,8840,3661,2026-05-15
玉山,4785.0,10,0,8840,3661,2026-05-15
玉山,4795.0,1,0,8840,3661,2026-05-15
玉山,4810.0,1,0,8840,3661,2026-05-15
玉山,4825.0,0,21,8840,3661,2026-05-15
玉山,4840.0,2,0,8840,3661,2026-05-15
玉山,4855.0,50,0,8840,3661,2026-05-15
玉山,4905.0,100,0,8840,3661,2026-05-15
玉山雙和,4600.0,8,0,8841,3661,2026-05-15
玉山雙和,4615.0,5,0,8841,3661,2026-05-15
玉山雙和,4640.0,1,0,8841,3661,2026-05-15
玉山雙和,4660.0,10,0,8841,3661,2026-05-15
玉山,4775.0,6,0,8840,3661,2026-05-15
玉山,4615.0,110,1024,8840,3661,2026-05-15
玉山,4605.0,6,0,8840,3661,2026-05-15
陽信高雄,4735.0,5,0,8713,3661,2026-05-15
聯邦忠孝,4615.0,10,0,8583,3661,2026-05-15
聯邦忠孝,4670.0,1,0,8583,3661,2026-05-15
聯邦忠孝,4715.0,3,0,8583,3661,2026-05-15
聯邦忠孝,4725.0,3,1,8583,3661,2026-05-15
聯邦雙和,4710.0,0,5,8584,3661,2026-05-15
聯邦三重,4605.0,0,6000,8585,3661,2026-05-15
聯邦三重,4625.0,10,0,8585,3661,2026-05-15
聯邦三重,4720.0,3,0,8585,3661,2026-05-15
聯邦大業,4600.0,20,0,8586,3661,2026-05-15
聯邦大業,4700.0,1,0,8586,3661,2026-05-15
聯邦大業,4860.0,0,1,8586,3661,2026-05-15
聯邦興中,4690.0,1,0,8587,3661,2026-05-15
聯邦興中,4700.0,2,0,8587,3661,2026-05-15
聯邦興中,4800.0,1,0,8587,3661,2026-05-15
聯邦台南,4610.0,0,20,8588,3661,2026-05-15
聯邦台南,4685.0,1,0,8588,3661,2026-05-15
聯邦台南,4770.0,1,0,8588,3661,2026-05-15
陽信,4595.0,0,10,8710,3661,2026-05-15
陽信,4610.0,5,0,8710,3661,2026-05-15
陽信,4655.0,1000,0,8710,3661,2026-05-15
陽信,4740.0,0,1000,8710,3661,2026-05-15
陽信石牌,4605.0,0,2000,8711,3661,2026-05-15
陽信石牌,4680.0,10,0,8711,3661,2026-05-15
陽信石牌,4785.0,1000,0,8711,3661,2026-05-15
陽信石牌,5010.0,0,1000,8711,3661,2026-05-15
玉山雙和,4680.0,10,0,8841,3661,2026-05-15
玉山雙和,4710.0,1,0,8841,3661,2026-05-15
玉山雙和,4810.0,1,0,8841,3661,2026-05-15
玉山新莊,4605.0,1000,0,8842,3661,2026-05-15
玉山板橋,4680.0,10,0,8846,3661,2026-05-15
玉山板橋,4700.0,12,1,8846,3661,2026-05-15
玉山板橋,4710.0,50,0,8846,3661,2026-05-15
玉山板橋,4740.0,15,0,8846,3661,2026-05-15
玉山板橋,4755.0,1000,0,8846,3661,2026-05-15
玉山板橋,4765.0,5,0,8846,3661,2026-05-15
玉山板橋,4790.0,1,0,8846,3661,2026-05-15
玉山板橋,4810.0,5,0,8846,3661,2026-05-15
玉山板橋,4885.0,0,1,8846,3661,2026-05-15
玉山台南,4600.0,17,0,8847,3661,2026-05-15
玉山台南,4610.0,10,0,8847,3661,2026-05-15
玉山台南,4620.0,0,20,8847,3661,2026-05-15
玉山台南,4630.0,102,2,8847,3661,2026-05-15
玉山台南,4650.0,1011,60,8847,3661,2026-05-15
玉山台南,4660.0,2,0,8847,3661,2026-05-15
玉山台南,4670.0,3,0,8847,3661,2026-05-15
玉山台南,4680.0,7,25,8847,3661,2026-05-15
玉山台南,4690.0,105,0,8847,3661,2026-05-15
玉山台南,4705.0,1,0,8847,3661,2026-05-15
玉山台南,4720.0,11,0,8847,3661,2026-05-15
玉山台南,4730.0,30,0,8847,3661,2026-05-15
玉山台南,4745.0,20,0,8847,3661,2026-05-15
玉山台南,4755.0,100,0,8847,3661,2026-05-15
玉山台南,4785.0,0,75,8847,3661,2026-05-15
玉山台南,4805.0,2,0,8847,3661,2026-05-15
玉山板橋,4665.0,7,0,8846,3661,2026-05-15
聯邦忠孝,4605.0,10,0,8583,3661,2026-05-15
玉山板橋,4650.0,10,0,8846,3661,2026-05-15
玉山高雄,4905.0,0,10,8843,3661,2026-05-15
玉山新莊,4620.0,10,0,8842,3661,2026-05-15
玉山新莊,4650.0,31,0,8842,3661,2026-05-15
玉山新莊,4660.0,1014,0,8842,3661,2026-05-15
玉山新莊,4670.0,35,0,8842,3661,2026-05-15
玉山新莊,4680.0,50,1010,8842,3661,2026-05-15
玉山新莊,4700.0,48,0,8842,3661,2026-05-15
玉山新莊,4710.0,105,0,8842,3661,2026-05-15
玉山新莊,4735.0,10,0,8842,3661,2026-05-15
玉山新莊,4750.0,1,0,8842,3661,2026-05-15
玉山新莊,4775.0,50,0,8842,3661,2026-05-15
玉山新莊,4800.0,5,0,8842,3661,2026-05-15
玉山新莊,4830.0,0,3,8842,3661,2026-05-15
玉山新莊,4900.0,0,1,8842,3661,2026-05-15
玉山高雄,4600.0,15,0,8843,3661,2026-05-15
玉山高雄,4615.0,1,9,8843,3661,2026-05-15
玉山高雄,4640.0,52,0,8843,3661,2026-05-15
玉山高雄,4650.0,0,1,8843,3661,2026-05-15
玉山高雄,4660.0,1,0,8843,3661,2026-05-15
玉山高雄,4685.0,5,0,8843,3661,2026-05-15
玉山高雄,4695.0,21,0,8843,3661,2026-05-15
玉山高雄,4705.0,5,80,8843,3661,2026-05-15
玉山高雄,4725.0,5,0,8843,3661,2026-05-15
玉山高雄,4745.0,1,0,8843,3661,2026-05-15
玉山高雄,4755.0,0,1000,8843,3661,2026-05-15
玉山高雄,4800.0,1,0,8843,3661,2026-05-15
玉山板橋,4605.0,10,0,8846,3661,2026-05-15
致和府前,4800.0,0,10,7033,3661,2026-05-15
聯邦嘉義,4685.0,6,0,8582,3661,2026-05-15
聯邦高雄,4740.0,10,0,8581,3661,2026-05-15
新光台中,4720.0,33,20,8561,3661,2026-05-15
新光台中,4730.0,3,0,8561,3661,2026-05-15
新光台中,4740.0,12,0,8561,3661,2026-05-15
新光台中,4750.0,6,100,8561,3661,2026-05-15
新光台中,4760.0,8,1000,8561,3661,2026-05-15
新光台中,4780.0,20,0,8561,3661,2026-05-15
新光台中,4790.0,2,10,8561,3661,2026-05-15
新光台中,4800.0,2,50,8561,3661,2026-05-15
新光台中,4810.0,105,0,8561,3661,2026-05-15
新光台中,4820.0,1001,30,8561,3661,2026-05-15
新光台中,4840.0,25,0,8561,3661,2026-05-15
新光台中,4710.0,15,5,8561,3661,2026-05-15
新光台中,4850.0,27,0,8561,3661,2026-05-15
新光高雄,4600.0,61,0,8562,3661,2026-05-15
新光高雄,4610.0,33,0,8562,3661,2026-05-15
新光高雄,4625.0,0,5,8562,3661,2026-05-15
新光高雄,4635.0,0,40,8562,3661,2026-05-15
新光高雄,4670.0,75,0,8562,3661,2026-05-15
新光高雄,4680.0,51,1000,8562,3661,2026-05-15
新光高雄,4690.0,110,0,8562,3661,2026-05-15
新光高雄,4705.0,210,1000,8562,3661,2026-05-15
新光高雄,4720.0,0,1,8562,3661,2026-05-15
新光高雄,4740.0,50,0,8562,3661,2026-05-15
新光高雄,4750.0,1064,0,8562,3661,2026-05-15
新光台中,4880.0,1,0,8561,3661,2026-05-15
新光台中,4700.0,142,10,8561,3661,2026-05-15
新光台中,4690.0,7,10,8561,3661,2026-05-15
新光台中,4680.0,13,10,8561,3661,2026-05-15
新光,4725.0,106,4,8560,3661,2026-05-15
新光,4735.0,7,1000,8560,3661,2026-05-15
新光,4745.0,0,20,8560,3661,2026-05-15
新光,4755.0,11,3,8560,3661,2026-05-15
新光,4770.0,24,1000,8560,3661,2026-05-15
新光,4785.0,20,1,8560,3661,2026-05-15
新光,4795.0,66,6,8560,3661,2026-05-15
新光,4810.0,1,1000,8560,3661,2026-05-15
新光,4820.0,5,0,8560,3661,2026-05-15
新光,4830.0,2010,0,8560,3661,2026-05-15
新光,4840.0,2011,15,8560,3661,2026-05-15
新光,4855.0,1000,0,8560,3661,2026-05-15
新光,4865.0,0,1,8560,3661,2026-05-15
新光,4875.0,0,10,8560,3661,2026-05-15
新光,4885.0,0,13,8560,3661,2026-05-15
新光,4900.0,100,30,8560,3661,2026-05-15
新光,4990.0,0,3000,8560,3661,2026-05-15
新光台中,4600.0,30,120,8561,3661,2026-05-15
新光台中,4610.0,4,25,8561,3661,2026-05-15
新光台中,4620.0,76,0,8561,3661,2026-05-15
新光台中,4630.0,63,34,8561,3661,2026-05-15
新光台中,4640.0,50,0,8561,3661,2026-05-15
新光台中,4650.0,3,40,8561,3661,2026-05-15
新光台中,4660.0,0,1000,8561,3661,2026-05-15
新光台中,4670.0,21,0,8561,3661,2026-05-15
新光高雄,4770.0,20,0,8562,3661,2026-05-15
新光高雄,4795.0,0,20,8562,3661,2026-05-15
新光高雄,4835.0,0,1010,8562,3661,2026-05-15
新光高雄,4860.0,0,10,8562,3661,2026-05-15
新光台南,4810.0,10,0,8564,3661,2026-05-15
新光台南,4840.0,0,1,8564,3661,2026-05-15
新光台南,4865.0,1,9,8564,3661,2026-05-15
新光台南,4965.0,1000,0,8564,3661,2026-05-15
新光桃園,4610.0,11,1,8565,3661,2026-05-15
新光桃園,4630.0,11,38,8565,3661,2026-05-15
新光桃園,4640.0,0,1,8565,3661,2026-05-15
新光桃園,4655.0,1,0,8565,3661,2026-05-15
新光桃園,4670.0,1,60,8565,3661,2026-05-15
新光桃園,4685.0,11,0,8565,3661,2026-05-15
新光桃園,4695.0,20,0,8565,3661,2026-05-15
新光桃園,4705.0,0,11,8565,3661,2026-05-15
新光桃園,4715.0,4,12,8565,3661,2026-05-15
新光桃園,4725.0,12,0,8565,3661,2026-05-15
新光桃園,4735.0,3,0,8565,3661,2026-05-15
新光桃園,4750.0,10,0,8565,3661,2026-05-15
新光桃園,4770.0,2,0,8565,3661,2026-05-15
新光桃園,4805.0,0,50,8565,3661,2026-05-15
新光桃園,4850.0,0,22,8565,3661,2026-05-15
新光桃園,4865.0,0,29,8565,3661,2026-05-15
新光桃園,4910.0,0,8,8565,3661,2026-05-15
聯邦,4700.0,0,1,8580,3661,2026-05-15
聯邦高雄,4600.0,1000,0,8581,3661,2026-05-15
聯邦高雄,4620.0,5,0,8581,3661,2026-05-15
聯邦高雄,4655.0,5,0,8581,3661,2026-05-15
新光台南,4785.0,52,0,8564,3661,2026-05-15
聯邦高雄,4850.0,1000,0,8581,3661,2026-05-15
新光台南,4760.0,10,0,8564,3661,2026-05-15
新光台南,4715.0,19,0,8564,3661,2026-05-15
新光高雄,4885.0,1000,0,8562,3661,2026-05-15
新光新竹,4600.0,21,1000,8563,3661,2026-05-15
新光新竹,4610.0,51,1100,8563,3661,2026-05-15
新光新竹,4620.0,0,50,8563,3661,2026-05-15
新光新竹,4630.0,51,7,8563,3661,2026-05-15
新光新竹,4650.0,1015,0,8563,3661,2026-05-15
新光新竹,4680.0,14,0,8563,3661,2026-05-15
新光新竹,4695.0,2,0,8563,3661,2026-05-15
新光新竹,4705.0,0,1000,8563,3661,2026-05-15
新光新竹,4725.0,0,295,8563,3661,2026-05-15
新光新竹,4750.0,0,1000,8563,3661,2026-05-15
新光新竹,4760.0,0,5,8563,3661,2026-05-15
新光新竹,4770.0,1000,0,8563,3661,2026-05-15
新光新竹,4800.0,1000,0,8563,3661,2026-05-15
新光新竹,4810.0,0,1000,8563,3661,2026-05-15
新光新竹,4855.0,1000,0,8563,3661,2026-05-15
新光新竹,4910.0,2000,0,8563,3661,2026-05-15
新光台南,4600.0,36,5,8564,3661,2026-05-15
新光台南,4610.0,0,100,8564,3661,2026-05-15
新光台南,4630.0,0,1020,8564,3661,2026-05-15
新光台南,4650.0,37,0,8564,3661,2026-05-15
新光台南,4670.0,10,0,8564,3661,2026-05-15
新光台南,4680.0,8,10,8564,3661,2026-05-15
新光台南,4695.0,11,0,8564,3661,2026-05-15
新光台南,4705.0,1005,0,8564,3661,2026-05-15
新光台南,4750.0,21,0,8564,3661,2026-05-15
中銀員林,4805.0,2,0,6114,3661,2026-05-15
致和府前,4685.0,1,0,7033,3661,2026-05-15
致和佳里,4885.0,10,0,7032,3661,2026-05-15
光和田中,4610.0,10,0,6382,3661,2026-05-15
光和和美,4630.0,1,0,6383,3661,2026-05-15
光和花壇,4730.0,5,0,6385,3661,2026-05-15
光和高雄,4705.0,0,10,638D,3661,2026-05-15
永全南崁,4685.0,15,0,6451,3661,2026-05-15
永全南崁,4725.0,1000,0,6451,3661,2026-05-15
永全南崁,4900.0,0,1000,6451,3661,2026-05-15
永全八德,4920.0,1000,0,6452,3661,2026-05-15
大昌,4610.0,10,0,6460,3661,2026-05-15
大昌,4655.0,20,0,6460,3661,2026-05-15
大昌,4685.0,0,2,6460,3661,2026-05-15
光和溪湖,4725.0,1,0,6381,3661,2026-05-15
大昌,4700.0,1,0,6460,3661,2026-05-15
大昌,4750.0,10,0,6460,3661,2026-05-15
大昌,4800.0,10,0,6460,3661,2026-05-15
大昌,4840.0,1000,0,6460,3661,2026-05-15
大昌,4900.0,0,10,6460,3661,2026-05-15
大昌樹林,4600.0,6,0,6461,3661,2026-05-15
大昌樹林,4640.0,20,0,6461,3661,2026-05-15
大昌樹林,4680.0,1,0,6461,3661,2026-05-15
大昌樹林,4905.0,100,0,6461,3661,2026-05-15
大昌安康,4605.0,20,0,6462,3661,2026-05-15
大昌安康,4615.0,20,10,6462,3661,2026-05-15
大昌安康,4650.0,40,0,6462,3661,2026-05-15
大昌,4730.0,10,1000,6460,3661,2026-05-15
光和溪湖,4625.0,1,0,6381,3661,2026-05-15
光和,4705.0,1,0,6380,3661,2026-05-15
光和,4635.0,2,10,6380,3661,2026-05-15
中信中壢,4785.0,20,0,616A,3661,2026-05-15
中信中壢,4800.0,100,1,616A,3661,2026-05-15
中信中壢,4890.0,4,0,616A,3661,2026-05-15
中信託高,4605.0,5,0,616K,3661,2026-05-15
中信託高,4620.0,20,0,616K,3661,2026-05-15
中信託高,4635.0,11,300,616K,3661,2026-05-15
中信託高,4650.0,0,22,616K,3661,2026-05-15
中信託高,4665.0,5,0,616K,3661,2026-05-15
中信託高,4675.0,0,3,616K,3661,2026-05-15
中信託高,4690.0,100,0,616K,3661,2026-05-15
中信託高,4710.0,15,0,616K,3661,2026-05-15
中信託高,4750.0,10,0,616K,3661,2026-05-15
中信託高,4770.0,1,28,616K,3661,2026-05-15
中信託高,4795.0,6,0,616K,3661,2026-05-15
中信託高,4820.0,5,0,616K,3661,2026-05-15
中信託高,4855.0,1,0,616K,3661,2026-05-15
中信託高,4890.0,5,0,616K,3661,2026-05-15
新百王,4600.0,2,0,6210,3661,2026-05-15
新百王,4645.0,5,0,6210,3661,2026-05-15
新百王,4690.0,50,0,6210,3661,2026-05-15
新百王,4735.0,50,0,6210,3661,2026-05-15
新百王,4750.0,0,20,6210,3661,2026-05-15
新百王,4775.0,50,0,6210,3661,2026-05-15
新百王,4795.0,100,0,6210,3661,2026-05-15
光和,4610.0,10,0,6380,3661,2026-05-15
大昌安康,4660.0,30,0,6462,3661,2026-05-15
中信中壢,4750.0,20,10,616A,3661,2026-05-15
大昌安康,4670.0,15,0,6462,3661,2026-05-15
大昌安康,4700.0,30,0,6462,3661,2026-05-15
口袋,4835.0,3,0,6620,3661,2026-05-15
口袋,4860.0,3,0,6620,3661,2026-05-15
德信,4670.0,5,0,6910,3661,2026-05-15
德信,4855.0,0,117,6910,3661,2026-05-15
德信中正,4650.0,1000,0,6912,3661,2026-05-15
德信中正,4770.0,10,0,6912,3661,2026-05-15
德信和平,4605.0,2,0,6915,3661,2026-05-15
福勝,4600.0,10,0,6950,3661,2026-05-15
兆豐,4610.0,0,500,7000,3661,2026-05-15
兆豐,4620.0,0,100,7000,3661,2026-05-15
兆豐,4700.0,100,0,7000,3661,2026-05-15
口袋,4805.0,2,0,6620,3661,2026-05-15
兆豐,4710.0,0,5,7000,3661,2026-05-15
兆豐,4830.0,0,700,7000,3661,2026-05-15
兆豐嘉義,4600.0,10,0,7001,3661,2026-05-15
兆豐嘉義,4625.0,5,6,7001,3661,2026-05-15
兆豐嘉義,4720.0,1,0,7001,3661,2026-05-15
兆豐台中,4600.0,81,1060,7003,3661,2026-05-15
兆豐台中,4610.0,30,0,7003,3661,2026-05-15
兆豐台中,4620.0,15,0,7003,3661,2026-05-15
兆豐台中,4650.0,10,0,7003,3661,2026-05-15
兆豐台中,4660.0,5,0,7003,3661,2026-05-15
兆豐台中,4675.0,50,0,7003,3661,2026-05-15
兆豐台中,4685.0,7,0,7003,3661,2026-05-15
兆豐,4750.0,0,300,7000,3661,2026-05-15
口袋,4795.0,3,1,6620,3661,2026-05-15
口袋,4780.0,21,0,6620,3661,2026-05-15
口袋,4765.0,1,0,6620,3661,2026-05-15
大昌安康,4715.0,5,0,6462,3661,2026-05-15
大昌新竹,4610.0,50,0,6463,3661,2026-05-15
大昌新店,4610.0,50,0,6464,3661,2026-05-15
大昌新店,4640.0,10,0,6464,3661,2026-05-15
大昌新店,4660.0,100,0,6464,3661,2026-05-15
大昌新店,4705.0,10,0,6464,3661,2026-05-15
大昌新店,4780.0,1010,0,6464,3661,2026-05-15
大昌新店,4840.0,0,10,6464,3661,2026-05-15
大昌桃園,4620.0,1000,0,6465,3661,2026-05-15
大昌桃園,4705.0,0,1000,6465,3661,2026-05-15
福邦新竹,4710.0,0,100,6489,3661,2026-05-15
口袋,4605.0,0,151,6620,3661,2026-05-15
口袋,4615.0,5,10,6620,3661,2026-05-15
口袋,4625.0,3,10,6620,3661,2026-05-15
口袋,4635.0,0,100,6620,3661,2026-05-15
口袋,4650.0,6,0,6620,3661,2026-05-15
口袋,4660.0,10,0,6620,3661,2026-05-15
口袋,4670.0,3,0,6620,3661,2026-05-15
口袋,4680.0,12,0,6620,3661,2026-05-15
口袋,4690.0,0,50,6620,3661,2026-05-15
口袋,4700.0,34,0,6620,3661,2026-05-15
口袋,4710.0,34,0,6620,3661,2026-05-15
口袋,4720.0,9,0,6620,3661,2026-05-15
口袋,4730.0,109,0,6620,3661,2026-05-15
口袋,4745.0,1,0,6620,3661,2026-05-15
大昌安康,4680.0,22,0,6462,3661,2026-05-15
中信中壢,4725.0,5,0,616A,3661,2026-05-15
中信中壢,4700.0,40,0,616A,3661,2026-05-15
中信中壢,4690.0,0,7,616A,3661,2026-05-15
中國信託,4860.0,300,0,6160,3661,2026-05-15
中國信託,4900.0,50,0,6160,3661,2026-05-15
中國信託,4990.0,0,2000,6160,3661,2026-05-15
中信三重,4620.0,1,0,6161,3661,2026-05-15
中信三重,4640.0,1,0,6161,3661,2026-05-15
中信三重,4685.0,1,0,6161,3661,2026-05-15
中信三重,4730.0,1000,0,6161,3661,2026-05-15
中信三重,4900.0,5,0,6161,3661,2026-05-15
中信託忠,4605.0,1000,1050,6162,3661,2026-05-15
中信託忠,4615.0,5,0,6162,3661,2026-05-15
中信託忠,4625.0,0,25,6162,3661,2026-05-15
中國信託,4820.0,0,1,6160,3661,2026-05-15
中信託忠,4635.0,10,25,6162,3661,2026-05-15
中信託忠,4690.0,1020,0,6162,3661,2026-05-15
中信託忠,4700.0,117,70,6162,3661,2026-05-15
中信託忠,4715.0,5,50,6162,3661,2026-05-15
中信託忠,4735.0,5,0,6162,3661,2026-05-15
中信託忠,4750.0,45,0,6162,3661,2026-05-15
中信託忠,4770.0,0,1000,6162,3661,2026-05-15
中信託忠,4785.0,0,100,6162,3661,2026-05-15
中信託忠,4830.0,2005,0,6162,3661,2026-05-15
中信託忠,4840.0,0,84,6162,3661,2026-05-15
中信託忠,4865.0,5,0,6162,3661,2026-05-15
中信託忠,4880.0,1000,0,6162,3661,2026-05-15
中信託忠,4670.0,10,40,6162,3661,2026-05-15
中國信託,4805.0,0,50,6160,3661,2026-05-15
中國信託,4795.0,0,19,6160,3661,2026-05-15
中國信託,4780.0,55,0,6160,3661,2026-05-15
中銀台北,4600.0,10,0,6115,3661,2026-05-15
中銀台北,4610.0,10,0,6115,3661,2026-05-15
中銀台北,4620.0,10,0,6115,3661,2026-05-15
中銀高雄,4680.0,0,1000,6116,3661,2026-05-15
中銀高雄,4915.0,0,1000,6116,3661,2026-05-15
中銀豐原,4615.0,0,22,611A,3661,2026-05-15
中銀豐原,4670.0,1000,0,611A,3661,2026-05-15
中銀豐原,4700.0,5,2000,611A,3661,2026-05-15
中銀豐原,4790.0,0,1,611A,3661,2026-05-15
中銀豐原,4805.0,10,0,611A,3661,2026-05-15
中國信託,4600.0,10,600,6160,3661,2026-05-15
中國信託,4610.0,0,1000,6160,3661,2026-05-15
中國信託,4620.0,20,0,6160,3661,2026-05-15
中國信託,4630.0,1,550,6160,3661,2026-05-15
中國信託,4645.0,5,0,6160,3661,2026-05-15
中國信託,4660.0,10,0,6160,3661,2026-05-15
中國信託,4675.0,10,0,6160,3661,2026-05-15
中國信託,4685.0,0,70,6160,3661,2026-05-15
中國信託,4695.0,1,0,6160,3661,2026-05-15
中國信託,4705.0,15,152,6160,3661,2026-05-15
中國信託,4715.0,5,20,6160,3661,2026-05-15
中國信託,4725.0,0,1000,6160,3661,2026-05-15
中國信託,4735.0,13,0,6160,3661,2026-05-15
中國信託,4760.0,0,25,6160,3661,2026-05-15
中國信託,4770.0,1,100,6160,3661,2026-05-15
中信託忠,4975.0,1000,0,6162,3661,2026-05-15
中信託永,4600.0,10,0,6163,3661,2026-05-15
中信託永,4615.0,100,50,6163,3661,2026-05-15
中信託永,4630.0,2,75,6163,3661,2026-05-15
中信託新,4650.0,25,20,6165,3661,2026-05-15
中信託新,4670.0,0,1,6165,3661,2026-05-15
中信託新,4685.0,15,0,6165,3661,2026-05-15
中信託新,4700.0,5,150,6165,3661,2026-05-15
中信託新,4710.0,1015,5,6165,3661,2026-05-15
中信託新,4720.0,4,1,6165,3661,2026-05-15
中信託新,4760.0,2,0,6165,3661,2026-05-15
中信松江,4610.0,3,0,6167,3661,2026-05-15
中信松江,4625.0,150,200,6167,3661,2026-05-15
中信松江,4655.0,0,100,6167,3661,2026-05-15
中信松江,4680.0,3,0,6167,3661,2026-05-15
中信松江,4700.0,8,0,6167,3661,2026-05-15
中信松江,4715.0,5,100,6167,3661,2026-05-15
中信松江,4730.0,5,0,6167,3661,2026-05-15
中信松江,4750.0,5,200,6167,3661,2026-05-15
中信嘉義,4650.0,0,2000,6168,3661,2026-05-15
中信嘉義,4670.0,5,0,6168,3661,2026-05-15
中信嘉義,4710.0,0,50,6168,3661,2026-05-15
中信嘉義,4760.0,0,1000,6168,3661,2026-05-15
中信嘉義,4830.0,1000,0,6168,3661,2026-05-15
中信嘉義,4990.0,1000,0,6168,3661,2026-05-15
中信中壢,4615.0,10,5,616A,3661,2026-05-15
中信中壢,4650.0,100,26,616A,3661,2026-05-15
中信中壢,4660.0,0,2,616A,3661,2026-05-15
中信中壢,4680.0,2,1,616A,3661,2026-05-15
中信託新,4605.0,0,2000,6165,3661,2026-05-15
兆豐台中,4700.0,15,30,7003,3661,2026-05-15
中信託文,4900.0,50,0,6164,3661,2026-05-15
中信託文,4820.0,8,0,6164,3661,2026-05-15
中信託永,4645.0,5,0,6163,3661,2026-05-15
中信託永,4665.0,5,0,6163,3661,2026-05-15
中信託永,4680.0,228,0,6163,3661,2026-05-15
中信託永,4690.0,0,200,6163,3661,2026-05-15
中信託永,4705.0,6,3,6163,3661,2026-05-15
中信託永,4720.0,3,20,6163,3661,2026-05-15
中信託永,4750.0,1,0,6163,3661,2026-05-15
中信託永,4785.0,5,0,6163,3661,2026-05-15
中信託永,4810.0,2,0,6163,3661,2026-05-15
中信託永,4885.0,1,0,6163,3661,2026-05-15
中信託永,4905.0,10,100,6163,3661,2026-05-15
中信託文,4605.0,5,71,6164,3661,2026-05-15
中信託文,4615.0,0,20,6164,3661,2026-05-15
中信託文,4635.0,0,200,6164,3661,2026-05-15
中信託文,4645.0,2,0,6164,3661,2026-05-15
中信託文,4655.0,0,50,6164,3661,2026-05-15
中信託文,4670.0,1010,0,6164,3661,2026-05-15
中信託文,4680.0,20,0,6164,3661,2026-05-15
中信託文,4700.0,0,101,6164,3661,2026-05-15
中信託文,4710.0,0,60,6164,3661,2026-05-15
中信託文,4720.0,30,0,6164,3661,2026-05-15
中信託文,4735.0,1,10,6164,3661,2026-05-15
中信託文,4745.0,0,13,6164,3661,2026-05-15
中信託文,4760.0,5,0,6164,3661,2026-05-15
中信託文,4795.0,60,0,6164,3661,2026-05-15
中信託文,4840.0,1010,0,6164,3661,2026-05-15
兆豐台中,4710.0,5,0,7003,3661,2026-05-15
兆豐台中,4725.0,2,0,7003,3661,2026-05-15
兆豐台中,4735.0,10,0,7003,3661,2026-05-15
兆豐復興,4670.0,1,0,700p,3661,2026-05-15
兆豐復興,4685.0,12,0,700p,3661,2026-05-15
兆豐復興,4700.0,4,0,700p,3661,2026-05-15
兆豐復興,4800.0,10,0,700p,3661,2026-05-15
兆豐復興,4885.0,0,13,700p,3661,2026-05-15
兆豐復興,4905.0,0,10,700p,3661,2026-05-15
兆豐南京,4615.0,2,0,700P,3661,2026-05-15
兆豐南京,4655.0,20,0,700P,3661,2026-05-15
兆豐南京,4720.0,1,0,700P,3661,2026-05-15
兆豐寶成,4605.0,100,0,700r,3661,2026-05-15
兆豐寶成,4660.0,200,0,700r,3661,2026-05-15
兆豐復興,4600.0,0,7,700p,3661,2026-05-15
兆豐寶成,4680.0,200,0,700r,3661,2026-05-15
兆豐寶成,4700.0,32,0,700r,3661,2026-05-15
兆豐寶成,4720.0,2,0,700r,3661,2026-05-15
兆豐寶成,4750.0,100,0,700r,3661,2026-05-15
兆豐寶成,4780.0,1,0,700r,3661,2026-05-15
兆豐寶成,4810.0,10,0,700r,3661,2026-05-15
兆豐寶成,4890.0,50,0,700r,3661,2026-05-15
兆豐寶成,4905.0,0,9,700r,3661,2026-05-15
兆豐小港,4630.0,2,7,700R,3661,2026-05-15
兆豐小港,4680.0,5,0,700R,3661,2026-05-15
兆豐小港,4710.0,2,0,700R,3661,2026-05-15
兆豐小港,4755.0,0,200,700R,3661,2026-05-15
兆豐寶成,4690.0,1,0,700r,3661,2026-05-15
兆豐埔墘,4665.0,10,0,700N,3661,2026-05-15
兆豐桃園,4850.0,0,1000,700M,3661,2026-05-15
兆豐桃園,4755.0,7,20,700M,3661,2026-05-15
兆豐公益,4610.0,0,1000,700J,3661,2026-05-15
兆豐公益,4660.0,0,2000,700J,3661,2026-05-15
兆豐公益,4675.0,0,1000,700J,3661,2026-05-15
兆豐公益,4690.0,0,1000,700J,3661,2026-05-15
兆豐公益,4700.0,0,1000,700J,3661,2026-05-15
兆豐公益,4715.0,0,20,700J,3661,2026-05-15
兆豐公益,4755.0,0,25,700J,3661,2026-05-15
兆豐公益,4840.0,1,0,700J,3661,2026-05-15
兆豐員林,4615.0,5,0,700k,3661,2026-05-15
兆豐員林,4655.0,5,0,700k,3661,2026-05-15
兆豐員林,4690.0,5,25,700k,3661,2026-05-15
兆豐員林,4715.0,5,0,700k,3661,2026-05-15
兆豐員林,4740.0,1000,0,700k,3661,2026-05-15
兆豐員林,4830.0,0,1000,700k,3661,2026-05-15
兆豐新營,4605.0,0,12,700K,3661,2026-05-15
兆豐新營,4650.0,2,0,700K,3661,2026-05-15
兆豐新營,4700.0,0,2,700K,3661,2026-05-15
兆豐新營,4775.0,0,5,700K,3661,2026-05-15
兆豐新營,4905.0,0,20,700K,3661,2026-05-15
兆豐天母,4615.0,0,15,700L,3661,2026-05-15
兆豐天母,4685.0,2,0,700L,3661,2026-05-15
兆豐天母,4740.0,0,1,700L,3661,2026-05-15
兆豐天母,4795.0,5,0,700L,3661,2026-05-15
兆豐天母,4810.0,0,15,700L,3661,2026-05-15
兆豐桃園,4625.0,0,1000,700M,3661,2026-05-15
兆豐小港,4800.0,1,0,700R,3661,2026-05-15
兆豐小港,4820.0,1,0,700R,3661,2026-05-15
兆豐岡山,4600.0,15,0,700s,3661,2026-05-15
兆豐岡山,4650.0,50,0,700s,3661,2026-05-15
兆豐城中,4705.0,1,2000,700W,3661,2026-05-15
兆豐城中,4760.0,30,0,700W,3661,2026-05-15
兆豐城中,4805.0,50,0,700W,3661,2026-05-15
兆豐城中,4820.0,0,18,700W,3661,2026-05-15
兆豐城中,4840.0,1,0,700W,3661,2026-05-15
兆豐永和,4625.0,0,40,700X,3661,2026-05-15
兆豐永和,4650.0,1,0,700X,3661,2026-05-15
兆豐永和,4730.0,10,0,700X,3661,2026-05-15
兆豐高雄,4630.0,10,0,700Z,3661,2026-05-15
兆豐高雄,4675.0,50,0,700Z,3661,2026-05-15
兆豐高雄,4685.0,50,0,700Z,3661,2026-05-15
兆豐高雄,4700.0,10,0,700Z,3661,2026-05-15
兆豐高雄,4730.0,10,0,700Z,3661,2026-05-15
兆豐高雄,4745.0,2,0,700Z,3661,2026-05-15
兆豐高雄,4780.0,100,0,700Z,3661,2026-05-15
兆豐高雄,4870.0,1000,0,700Z,3661,2026-05-15
致和,4645.0,5,0,7030,3661,2026-05-15
致和,4680.0,3,0,7030,3661,2026-05-15
致和,4765.0,0,10,7030,3661,2026-05-15
致和佳里,4610.0,0,20,7032,3661,2026-05-15
致和佳里,4630.0,10,0,7032,3661,2026-05-15
致和佳里,4660.0,2,0,7032,3661,2026-05-15
致和佳里,4700.0,24,0,7032,3661,2026-05-15
致和佳里,4720.0,1,0,7032,3661,2026-05-15
致和佳里,4730.0,2,0,7032,3661,2026-05-15
兆豐城中,4695.0,15,0,700W,3661,2026-05-15
兆豐大安,4855.0,1,0,700j,3661,2026-05-15
兆豐城中,4665.0,25,0,700W,3661,2026-05-15
兆豐新莊,4805.0,15,0,700w,3661,2026-05-15
兆豐岡山,4700.0,150,0,700s,3661,2026-05-15
兆豐岡山,4735.0,0,30,700s,3661,2026-05-15
兆豐岡山,4850.0,52,0,700s,3661,2026-05-15
兆豐大同,4705.0,0,200,700S,3661,2026-05-15
兆豐大同,4815.0,1,0,700S,3661,2026-05-15
兆豐桃鶯,4620.0,0,50,700U,3661,2026-05-15
兆豐桃鶯,4725.0,0,1000,700U,3661,2026-05-15
兆豐桃鶯,4830.0,1000,0,700U,3661,2026-05-15
兆豐新竹,4600.0,21,0,700V,3661,2026-05-15
兆豐新竹,4625.0,0,1000,700V,3661,2026-05-15
兆豐新竹,4635.0,0,1000,700V,3661,2026-05-15
兆豐新竹,4665.0,5,0,700V,3661,2026-05-15
兆豐新竹,4680.0,5,10,700V,3661,2026-05-15
兆豐新竹,4705.0,5,0,700V,3661,2026-05-15
兆豐新竹,4720.0,12,0,700V,3661,2026-05-15
兆豐新竹,4730.0,0,1000,700V,3661,2026-05-15
兆豐新竹,4745.0,5,0,700V,3661,2026-05-15
兆豐新竹,4770.0,5,0,700V,3661,2026-05-15
兆豐新竹,4815.0,5,0,700V,3661,2026-05-15
兆豐新竹,4860.0,1,0,700V,3661,2026-05-15
兆豐新竹,4900.0,0,250,700V,3661,2026-05-15
兆豐新竹,4950.0,1000,0,700V,3661,2026-05-15
兆豐新莊,4660.0,20,0,700w,3661,2026-05-15
兆豐新莊,4710.0,4,0,700w,3661,2026-05-15
兆豐新莊,4750.0,15,0,700w,3661,2026-05-15
兆豐新莊,4890.0,15,0,700w,3661,2026-05-15
致和府前,4605.0,1,0,7033,3661,2026-05-15
兆豐大安,4740.0,0,10,700j,3661,2026-05-15
兆豐北高,4945.0,1000,0,700I,3661,2026-05-15
兆豐三重,4635.0,20,0,7008,3661,2026-05-15
兆豐三重,4655.0,1,0,7008,3661,2026-05-15
兆豐三重,4675.0,10,0,7008,3661,2026-05-15
兆豐三重,4695.0,1,0,7008,3661,2026-05-15
兆豐三重,4730.0,20,0,7008,3661,2026-05-15
兆豐三重,4740.0,10,0,7008,3661,2026-05-15
兆豐忠孝,4605.0,0,100,700a,3661,2026-05-15
兆豐忠孝,4635.0,0,50,700a,3661,2026-05-15
兆豐忠孝,4685.0,20,0,700a,3661,2026-05-15
兆豐忠孝,4705.0,0,30,700a,3661,2026-05-15
兆豐忠孝,4730.0,0,4,700a,3661,2026-05-15
兆豐三重,4620.0,1,0,7008,3661,2026-05-15
兆豐忠孝,4740.0,25,0,700a,3661,2026-05-15
兆豐忠孝,4810.0,5,0,700a,3661,2026-05-15
兆豐忠孝,4845.0,1000,0,700a,3661,2026-05-15
兆豐忠孝,4910.0,1000,0,700a,3661,2026-05-15
兆豐中壢,4615.0,1,0,700b,3661,2026-05-15
兆豐中壢,4685.0,0,25,700b,3661,2026-05-15
兆豐中壢,4715.0,1,0,700b,3661,2026-05-15
兆豐中壢,4800.0,0,70,700b,3661,2026-05-15
兆豐板橋,4600.0,0,20,700B,3661,2026-05-15
兆豐板橋,4610.0,11,0,700B,3661,2026-05-15
兆豐板橋,4630.0,10,0,700B,3661,2026-05-15
兆豐板橋,4685.0,6,0,700B,3661,2026-05-15
兆豐忠孝,4760.0,0,100,700a,3661,2026-05-15
兆豐竹北,4855.0,10,0,7007,3661,2026-05-15
兆豐竹北,4780.0,10,0,7007,3661,2026-05-15
兆豐竹北,4760.0,8,0,7007,3661,2026-05-15
兆豐台中,4755.0,155,0,7003,3661,2026-05-15
兆豐台中,4790.0,10,0,7003,3661,2026-05-15
兆豐台中,4805.0,3,0,7003,3661,2026-05-15
兆豐台中,4830.0,5,0,7003,3661,2026-05-15
兆豐中港,4615.0,0,31,7005,3661,2026-05-15
兆豐中港,4645.0,20,0,7005,3661,2026-05-15
兆豐中港,4655.0,5,0,7005,3661,2026-05-15
兆豐中港,4675.0,25,0,7005,3661,2026-05-15
兆豐中港,4685.0,1,0,7005,3661,2026-05-15
兆豐中港,4705.0,10,1,7005,3661,2026-05-15
兆豐中港,4715.0,56,0,7005,3661,2026-05-15
兆豐中港,4725.0,44,0,7005,3661,2026-05-15
兆豐中港,4800.0,1,0,7005,3661,2026-05-15
兆豐中港,4850.0,10,0,7005,3661,2026-05-15
兆豐中港,4910.0,0,20,7005,3661,2026-05-15
兆豐台南,4635.0,0,10,7006,3661,2026-05-15
兆豐台南,4675.0,0,50,7006,3661,2026-05-15
兆豐台南,4685.0,1000,0,7006,3661,2026-05-15
兆豐竹北,4610.0,5,0,7007,3661,2026-05-15
兆豐竹北,4630.0,25,0,7007,3661,2026-05-15
兆豐竹北,4680.0,10,0,7007,3661,2026-05-15
兆豐竹北,4695.0,0,1000,7007,3661,2026-05-15
兆豐竹北,4705.0,0,20,7007,3661,2026-05-15
兆豐竹北,4720.0,1,0,7007,3661,2026-05-15
兆豐竹北,4730.0,35,0,7007,3661,2026-05-15
兆豐板橋,4710.0,10,0,700B,3661,2026-05-15
兆豐板橋,4735.0,10,0,700B,3661,2026-05-15
兆豐板橋,4800.0,0,1000,700B,3661,2026-05-15
兆豐民生,4670.0,11,0,700c,3661,2026-05-15
兆豐南門,4900.0,0,100,700g,3661,2026-05-15
兆豐麻豆,4650.0,0,100,700G,3661,2026-05-15
兆豐麻豆,4715.0,5,0,700G,3661,2026-05-15
兆豐麻豆,4820.0,20,0,700G,3661,2026-05-15
兆豐三民,4655.0,50,0,700h,3661,2026-05-15
兆豐三民,4780.0,10,0,700h,3661,2026-05-15
兆豐三民,4815.0,0,100,700h,3661,2026-05-15
兆豐三民,4900.0,0,8,700h,3661,2026-05-15
兆豐東門,4600.0,5,0,700H,3661,2026-05-15
兆豐東門,4695.0,5,0,700H,3661,2026-05-15
兆豐東門,4760.0,1,0,700H,3661,2026-05-15
兆豐松德,4600.0,3,0,700i,3661,2026-05-15
兆豐松德,4620.0,0,40,700i,3661,2026-05-15
兆豐松德,4655.0,10,0,700i,3661,2026-05-15
兆豐松德,4700.0,0,50,700i,3661,2026-05-15
兆豐松德,4720.0,50,0,700i,3661,2026-05-15
兆豐北高,4600.0,1,30,700I,3661,2026-05-15
兆豐北高,4610.0,7,0,700I,3661,2026-05-15
兆豐北高,4670.0,0,50,700I,3661,2026-05-15
兆豐北高,4690.0,0,30,700I,3661,2026-05-15
兆豐北高,4705.0,4,0,700I,3661,2026-05-15
兆豐北高,4720.0,50,20,700I,3661,2026-05-15
兆豐北高,4735.0,2,0,700I,3661,2026-05-15
兆豐北高,4750.0,5,0,700I,3661,2026-05-15
兆豐北高,4800.0,1000,0,700I,3661,2026-05-15
兆豐南門,4855.0,1000,0,700g,3661,2026-05-15
兆豐大安,4655.0,10,0,700j,3661,2026-05-15
兆豐南門,4830.0,0,1000,700g,3661,2026-05-15
兆豐南門,4790.0,100,0,700g,3661,2026-05-15
兆豐來福,4615.0,10,3,700C,3661,2026-05-15
兆豐來福,4665.0,0,100,700C,3661,2026-05-15
兆豐來福,4700.0,30,0,700C,3661,2026-05-15
兆豐來福,4715.0,6,0,700C,3661,2026-05-15
兆豐來福,4890.0,0,5,700C,3661,2026-05-15
兆豐彰化,4620.0,10,0,700d,3661,2026-05-15
兆豐彰化,4705.0,0,20,700d,3661,2026-05-15
兆豐彰化,4740.0,5,0,700d,3661,2026-05-15
兆豐彰化,4810.0,0,3,700d,3661,2026-05-15
兆豐西螺,4685.0,1,0,700D,3661,2026-05-15
兆豐鹿港,4600.0,20,0,700f,3661,2026-05-15
兆豐鹿港,4610.0,8,0,700f,3661,2026-05-15
兆豐鹿港,4630.0,0,8,700f,3661,2026-05-15
兆豐鹿港,4655.0,2,0,700f,3661,2026-05-15
兆豐鹿港,4675.0,60,0,700f,3661,2026-05-15
兆豐鹿港,4685.0,30,0,700f,3661,2026-05-15
兆豐虎尾,4725.0,2,0,700F,3661,2026-05-15
兆豐南門,4605.0,0,1000,700g,3661,2026-05-15
兆豐南門,4625.0,10,0,700g,3661,2026-05-15
兆豐南門,4655.0,4,0,700g,3661,2026-05-15
兆豐南門,4670.0,1,0,700g,3661,2026-05-15
兆豐南門,4695.0,50,0,700g,3661,2026-05-15
兆豐南門,4720.0,2000,0,700g,3661,2026-05-15
兆豐南門,4750.0,0,12,700g,3661,2026-05-15
兆豐南門,4770.0,1000,0,700g,3661,2026-05-15
兆豐南門,4800.0,1050,0,700g,3661,2026-05-15
富邦台中,4675.0,1,0,965K,3661,2026-05-15
國泰台中,4795.0,3,0,8882,3661,2026-05-15
富邦台中,4695.0,1056,10,965K,3661,2026-05-15
台新屏新,4755.0,1,0,9B2q,3661,2026-05-15
台新敦南,4635.0,3,0,9B2Q,3661,2026-05-15
台新敦南,4655.0,10,0,9B2Q,3661,2026-05-15
台新敦南,4680.0,0,30,9B2Q,3661,2026-05-15
台新敦南,4740.0,10,0,9B2Q,3661,2026-05-15
台新敦南,4765.0,10,0,9B2Q,3661,2026-05-15
台新敦南,4950.0,1000,0,9B2Q,3661,2026-05-15
台新城東,4615.0,110,0,9B2r,3661,2026-05-15
台新城東,4630.0,0,1000,9B2r,3661,2026-05-15
台新城東,4660.0,5,0,9B2r,3661,2026-05-15
台新城東,4675.0,5,0,9B2r,3661,2026-05-15
台新城東,4685.0,3,0,9B2r,3661,2026-05-15
台新城東,4695.0,10,0,9B2r,3661,2026-05-15
台新城東,4705.0,0,1000,9B2r,3661,2026-05-15
台新城東,4715.0,5,0,9B2r,3661,2026-05-15
台新城東,4725.0,0,1000,9B2r,3661,2026-05-15
台新城東,4740.0,5,0,9B2r,3661,2026-05-15
台新城東,4760.0,10,0,9B2r,3661,2026-05-15
台新城東,4790.0,5,0,9B2r,3661,2026-05-15
台新城東,4800.0,35,0,9B2r,3661,2026-05-15
台新城東,4815.0,5,0,9B2r,3661,2026-05-15
台新城東,4855.0,1000,0,9B2r,3661,2026-05-15
台新城東,4910.0,0,1000,9B2r,3661,2026-05-15
台新基隆,4630.0,0,3000,9B2S,3661,2026-05-15
台新基隆,4660.0,0,50,9B2S,3661,2026-05-15
台新屏新,4740.0,1,0,9B2q,3661,2026-05-15
台新基隆,4770.0,0,30,9B2S,3661,2026-05-15
台新屏新,4715.0,2,0,9B2q,3661,2026-05-15
台新屏新,4635.0,5,0,9B2q,3661,2026-05-15
台新彰化,4790.0,10,0,9B2M,3661,2026-05-15
台新西松,4600.0,100,0,9B2n,3661,2026-05-15
台新西松,4635.0,1,0,9B2n,3661,2026-05-15
台新西松,4690.0,2,0,9B2n,3661,2026-05-15
台新西松,4720.0,1,0,9B2n,3661,2026-05-15
台新西松,4780.0,1,0,9B2n,3661,2026-05-15
台新虎尾,4610.0,1,0,9B2N,3661,2026-05-15
台新虎尾,4685.0,10,0,9B2N,3661,2026-05-15
台新虎尾,4715.0,1,0,9B2N,3661,2026-05-15
台新虎尾,4785.0,1,0,9B2N,3661,2026-05-15
台新虎尾,4900.0,1,0,9B2N,3661,2026-05-15
台新新興,4635.0,6,1,9B2o,3661,2026-05-15
台新新興,4670.0,2,0,9B2o,3661,2026-05-15
台新新興,4700.0,100,0,9B2o,3661,2026-05-15
台新新興,4720.0,6,0,9B2o,3661,2026-05-15
台新新興,4730.0,0,8,9B2o,3661,2026-05-15
台新新興,4750.0,10,0,9B2o,3661,2026-05-15
台新新興,4765.0,0,1000,9B2o,3661,2026-05-15
台新新興,4800.0,10,0,9B2o,3661,2026-05-15
台新同大,4600.0,5,0,9B2P,3661,2026-05-15
台新同大,4640.0,5,0,9B2P,3661,2026-05-15
台新同大,4660.0,2,0,9B2P,3661,2026-05-15
台新同大,4680.0,10,0,9B2P,3661,2026-05-15
台新同大,4725.0,3,0,9B2P,3661,2026-05-15
台新同大,4800.0,1,0,9B2P,3661,2026-05-15
台新屏新,4705.0,5,0,9B2q,3661,2026-05-15
台新彰化,4600.0,5,0,9B2M,3661,2026-05-15
台新世貿,4605.0,0,70,9B2u,3661,2026-05-15
台新世貿,4685.0,50,0,9B2u,3661,2026-05-15
台新花蓮,4605.0,0,1000,9B2y,3661,2026-05-15
台新花蓮,4635.0,0,20,9B2y,3661,2026-05-15
台新花蓮,4680.0,1000,0,9B2y,3661,2026-05-15
台新花蓮,4740.0,1000,0,9B2y,3661,2026-05-15
台新花蓮,4790.0,6,0,9B2y,3661,2026-05-15
台新埔里,4600.0,10,0,9B2Y,3661,2026-05-15
台新埔里,4790.0,10,0,9B2Y,3661,2026-05-15
台新埔里,4830.0,0,1000,9B2Y,3661,2026-05-15
台新文心,4625.0,3,0,9B2z,3661,2026-05-15
台新文心,4680.0,5,2,9B2z,3661,2026-05-15
台新文心,4700.0,5,0,9B2z,3661,2026-05-15
台新文心,4710.0,30,0,9B2z,3661,2026-05-15
台新文心,4725.0,0,10,9B2z,3661,2026-05-15
台新文心,4845.0,0,9,9B2z,3661,2026-05-15
台新安南,4600.0,10,0,9B2Z,3661,2026-05-15
台新安南,4615.0,6,3,9B2Z,3661,2026-05-15
台新安南,4655.0,5,0,9B2Z,3661,2026-05-15
台新安南,4685.0,0,1,9B2Z,3661,2026-05-15
台新安南,4715.0,5,0,9B2Z,3661,2026-05-15
台新安南,4725.0,5,0,9B2Z,3661,2026-05-15
台新安南,4760.0,6,0,9B2Z,3661,2026-05-15
台新安南,4785.0,4,0,9B2Z,3661,2026-05-15
合庫,4610.0,0,61,1020,3661,2026-05-15
合庫,4630.0,3,0,1020,3661,2026-05-15
合庫,4650.0,25,0,1020,3661,2026-05-15
台新草屯,4840.0,20,0,9B2X,3661,2026-05-15
台新世貿,4635.0,0,20,9B2u,3661,2026-05-15
台新草屯,4790.0,1,0,9B2X,3661,2026-05-15
台新草屯,4705.0,1,2,9B2X,3661,2026-05-15
台新世貿,4715.0,22,40,9B2u,3661,2026-05-15
台新世貿,4750.0,10,0,9B2u,3661,2026-05-15
台新世貿,4910.0,5,20,9B2u,3661,2026-05-15
台新宜蘭,4605.0,1,2000,9B2U,3661,2026-05-15
台新宜蘭,4685.0,1,0,9B2U,3661,2026-05-15
台新宜蘭,4720.0,100,0,9B2U,3661,2026-05-15
台新宜蘭,4915.0,1000,0,9B2U,3661,2026-05-15
台新桃園,4630.0,0,70,9B2v,3661,2026-05-15
台新桃園,4705.0,100,0,9B2v,3661,2026-05-15
台新桃園,4720.0,2,0,9B2v,3661,2026-05-15
台新桃園,4785.0,1,0,9B2v,3661,2026-05-15
台新佳里,4605.0,0,11,9B2w,3661,2026-05-15
台新佳里,4650.0,10,0,9B2w,3661,2026-05-15
台新佳里,4680.0,10,0,9B2w,3661,2026-05-15
台新佳里,4705.0,0,100,9B2w,3661,2026-05-15
台新佳里,4730.0,2,0,9B2w,3661,2026-05-15
台新佳里,4990.0,1000,0,9B2w,3661,2026-05-15
台新吉利,4625.0,0,7,9B2W,3661,2026-05-15
台新吉利,4640.0,5,0,9B2W,3661,2026-05-15
台新吉利,4670.0,1,0,9B2W,3661,2026-05-15
台新吉利,4750.0,10,0,9B2W,3661,2026-05-15
台新吉利,4795.0,10,0,9B2W,3661,2026-05-15
台新草屯,4605.0,2,0,9B2X,3661,2026-05-15
台新草屯,4660.0,10,0,9B2X,3661,2026-05-15
台新草屯,4690.0,3,0,9B2X,3661,2026-05-15
台新草屯,4750.0,1,0,9B2X,3661,2026-05-15
台新成功,4770.0,1,0,9B2m,3661,2026-05-15
台新成功,4710.0,0,10,9B2m,3661,2026-05-15
台新成功,4700.0,0,50,9B2m,3661,2026-05-15
台新板橋,4730.0,10,0,9B2b,3661,2026-05-15
台新板橋,4780.0,100,0,9B2b,3661,2026-05-15
台新板橋,4805.0,10,0,9B2b,3661,2026-05-15
台新板橋,4855.0,100,0,9B2b,3661,2026-05-15
台新永和,4605.0,1000,0,9B2B,3661,2026-05-15
台新永和,4665.0,5,0,9B2B,3661,2026-05-15
台新永和,4680.0,0,5,9B2B,3661,2026-05-15
台新永和,4700.0,20,0,9B2B,3661,2026-05-15
台新永和,4730.0,5,0,9B2B,3661,2026-05-15
台新永和,4750.0,10,0,9B2B,3661,2026-05-15
台新永和,4780.0,10,0,9B2B,3661,2026-05-15
台新永和,4850.0,0,10,9B2B,3661,2026-05-15
台新永和,4975.0,0,1000,9B2B,3661,2026-05-15
台新烏日,4630.0,0,1000,9B2c,3661,2026-05-15
台新烏日,4645.0,1,0,9B2c,3661,2026-05-15
台新烏日,4680.0,0,499,9B2c,3661,2026-05-15
台新烏日,4700.0,10,0,9B2c,3661,2026-05-15
台新潮州,4600.0,0,20,9B2C,3661,2026-05-15
台新潮州,4630.0,1,0,9B2C,3661,2026-05-15
台新潮州,4700.0,0,1000,9B2C,3661,2026-05-15
台新潮州,4735.0,5,0,9B2C,3661,2026-05-15
台新潮州,4990.0,1000,0,9B2C,3661,2026-05-15
台新大昌,4625.0,2,0,9B2D,3661,2026-05-15
台新大昌,4650.0,5,0,9B2D,3661,2026-05-15
台新大昌,4675.0,2,0,9B2D,3661,2026-05-15
台新板橋,4715.0,0,10,9B2b,3661,2026-05-15
台新大昌,4685.0,8,0,9B2D,3661,2026-05-15
台新板橋,4700.0,12,0,9B2b,3661,2026-05-15
台新板橋,4655.0,1000,0,9B2b,3661,2026-05-15
台新府城,4600.0,2,100,9B29,3661,2026-05-15
台新府城,4615.0,1,0,9B29,3661,2026-05-15
台新府城,4625.0,2,0,9B29,3661,2026-05-15
台新府城,4635.0,2,0,9B29,3661,2026-05-15
台新府城,4650.0,2,0,9B29,3661,2026-05-15
台新府城,4665.0,1,0,9B29,3661,2026-05-15
台新府城,4700.0,1001,0,9B29,3661,2026-05-15
台新府城,4720.0,1,0,9B29,3661,2026-05-15
台新府城,4760.0,1000,0,9B29,3661,2026-05-15
台新府城,4830.0,1000,0,9B29,3661,2026-05-15
台新松德,4610.0,0,24,9B2a,3661,2026-05-15
台新松德,4645.0,1,0,9B2a,3661,2026-05-15
台新松德,4715.0,4,0,9B2a,3661,2026-05-15
台新松德,4735.0,0,8,9B2a,3661,2026-05-15
台新松德,4785.0,0,100,9B2a,3661,2026-05-15
台新緯城,4620.0,10,0,9B2A,3661,2026-05-15
台新緯城,4665.0,1000,0,9B2A,3661,2026-05-15
台新緯城,4690.0,1010,0,9B2A,3661,2026-05-15
台新緯城,4715.0,5,0,9B2A,3661,2026-05-15
台新緯城,4745.0,10,0,9B2A,3661,2026-05-15
台新緯城,4755.0,0,1000,9B2A,3661,2026-05-15
台新緯城,4805.0,1000,0,9B2A,3661,2026-05-15
台新板橋,4600.0,31,0,9B2b,3661,2026-05-15
台新板橋,4615.0,0,20,9B2b,3661,2026-05-15
台新板橋,4635.0,0,50,9B2b,3661,2026-05-15
台新板橋,4670.0,5,0,9B2b,3661,2026-05-15
台新大昌,4705.0,5,0,9B2D,3661,2026-05-15
台新大昌,4725.0,0,50,9B2D,3661,2026-05-15
台新大昌,4745.0,1,0,9B2D,3661,2026-05-15
台新大裕,4600.0,104,0,9B2l,3661,2026-05-15
台新大裕,4635.0,10,0,9B2l,3661,2026-05-15
台新大裕,4665.0,1000,0,9B2l,3661,2026-05-15
台新大裕,4685.0,1,0,9B2l,3661,2026-05-15
台新大裕,4700.0,2063,2000,9B2l,3661,2026-05-15
台新大裕,4710.0,1,0,9B2l,3661,2026-05-15
台新大裕,4740.0,1,0,9B2l,3661,2026-05-15
台新大裕,4775.0,1000,0,9B2l,3661,2026-05-15
台新大裕,4810.0,5,0,9B2l,3661,2026-05-15
台新大裕,4830.0,6,0,9B2l,3661,2026-05-15
台新大裕,4870.0,1,0,9B2l,3661,2026-05-15
台新北壢,4615.0,10,5,9B2L,3661,2026-05-15
台新北壢,4655.0,41,0,9B2L,3661,2026-05-15
台新北壢,4685.0,2,0,9B2L,3661,2026-05-15
台新北壢,4695.0,2,0,9B2L,3661,2026-05-15
台新北壢,4705.0,40,0,9B2L,3661,2026-05-15
台新北壢,4730.0,10,0,9B2L,3661,2026-05-15
台新北壢,4750.0,10,0,9B2L,3661,2026-05-15
台新北壢,4785.0,2,0,9B2L,3661,2026-05-15
台新北壢,4885.0,10,0,9B2L,3661,2026-05-15
台新北壢,4900.0,0,10,9B2L,3661,2026-05-15
台新成功,4600.0,4,0,9B2m,3661,2026-05-15
台新成功,4615.0,0,10,9B2m,3661,2026-05-15
台新成功,4650.0,101,0,9B2m,3661,2026-05-15
台新成功,4670.0,2,0,9B2m,3661,2026-05-15
台新嘉義,4710.0,1,0,9B2I,3661,2026-05-15
台新嘉義,4695.0,2,0,9B2I,3661,2026-05-15
台新嘉義,4650.0,5,0,9B2I,3661,2026-05-15
台新中港,4885.0,1,0,9B2i,3661,2026-05-15
台新城中,4600.0,13,0,9B2E,3661,2026-05-15
台新城中,4650.0,10,0,9B2E,3661,2026-05-15
台新城中,4680.0,10,0,9B2E,3661,2026-05-15
台新城中,4720.0,1,0,9B2E,3661,2026-05-15
台新城中,4745.0,2,0,9B2E,3661,2026-05-15
台新城中,4780.0,5,0,9B2E,3661,2026-05-15
台新城中,4805.0,5,0,9B2E,3661,2026-05-15
台新中原,4600.0,16,0,9B2g,3661,2026-05-15
台新中原,4650.0,0,25,9B2g,3661,2026-05-15
台新中原,4670.0,10,0,9B2g,3661,2026-05-15
台新中原,4720.0,0,100,9B2g,3661,2026-05-15
台新中原,4800.0,0,1,9B2g,3661,2026-05-15
合庫,4665.0,4,0,1020,3661,2026-05-15
台新中原,4830.0,0,27,9B2g,3661,2026-05-15
台新新竹,4615.0,1,0,9B2G,3661,2026-05-15
台新新竹,4625.0,1,0,9B2G,3661,2026-05-15
台新新竹,4650.0,3,0,9B2G,3661,2026-05-15
台新新竹,4675.0,1,0,9B2G,3661,2026-05-15
台新新竹,4745.0,1,0,9B2G,3661,2026-05-15
台新信義,4600.0,1,0,9B2H,3661,2026-05-15
台新信義,4660.0,0,1000,9B2H,3661,2026-05-15
台新信義,4715.0,5,0,9B2H,3661,2026-05-15
台新信義,4890.0,0,1000,9B2H,3661,2026-05-15
台新中港,4655.0,0,2,9B2i,3661,2026-05-15
台新中港,4710.0,1,0,9B2i,3661,2026-05-15
台新中港,4800.0,1,100,9B2i,3661,2026-05-15
台新新竹,4600.0,1,0,9B2G,3661,2026-05-15
台新北新,4650.0,4,0,9B28,3661,2026-05-15
合庫,4680.0,34,0,1020,3661,2026-05-15
合庫,4705.0,7,0,1020,3661,2026-05-15
臺銀臺南,4755.0,6,0,1042,3661,2026-05-15
臺銀臺南,4775.0,2,0,1042,3661,2026-05-15
臺銀民權,4600.0,92,0,1043,3661,2026-05-15
臺銀民權,4610.0,20,100,1043,3661,2026-05-15
臺銀民權,4630.0,8,0,1043,3661,2026-05-15
臺銀民權,4650.0,1,0,1043,3661,2026-05-15
臺銀民權,4675.0,1,0,1043,3661,2026-05-15
臺銀民權,4700.0,21,12,1043,3661,2026-05-15
臺銀民權,4715.0,0,50,1043,3661,2026-05-15
臺銀民權,4725.0,6,0,1043,3661,2026-05-15
臺銀民權,4755.0,15,0,1043,3661,2026-05-15
臺銀民權,4770.0,75,0,1043,3661,2026-05-15
臺銀民權,4880.0,5,0,1043,3661,2026-05-15
臺銀新竹,4600.0,5,0,1045,3661,2026-05-15
臺銀新竹,4615.0,0,8,1045,3661,2026-05-15
臺銀新竹,4690.0,5,0,1045,3661,2026-05-15
臺銀新竹,4700.0,2,0,1045,3661,2026-05-15
臺銀新竹,4810.0,0,6,1045,3661,2026-05-15
臺銀臺中,4600.0,2,6,104A,3661,2026-05-15
臺銀臺中,4610.0,0,5,104A,3661,2026-05-15
臺銀臺中,4625.0,10,40,104A,3661,2026-05-15
臺銀臺中,4635.0,110,17,104A,3661,2026-05-15
臺銀臺中,4645.0,12,0,104A,3661,2026-05-15
臺銀臺中,4655.0,70,0,104A,3661,2026-05-15
臺銀臺中,4670.0,20,0,104A,3661,2026-05-15
臺銀臺南,4730.0,2,0,1042,3661,2026-05-15
臺銀臺中,4680.0,6,150,104A,3661,2026-05-15
臺銀臺南,4700.0,56,0,1042,3661,2026-05-15
臺銀臺南,4670.0,20,0,1042,3661,2026-05-15
臺銀,4630.0,50,0,1040,3661,2026-05-15
臺銀,4640.0,1,0,1040,3661,2026-05-15
臺銀,4655.0,1,20,1040,3661,2026-05-15
臺銀,4675.0,3,7,1040,3661,2026-05-15
臺銀,4685.0,12,0,1040,3661,2026-05-15
臺銀,4700.0,13,0,1040,3661,2026-05-15
臺銀,4710.0,2,0,1040,3661,2026-05-15
臺銀,4725.0,11,50,1040,3661,2026-05-15
臺銀,4735.0,101,50,1040,3661,2026-05-15
臺銀,4750.0,102,0,1040,3661,2026-05-15
臺銀,4760.0,2,0,1040,3661,2026-05-15
臺銀,4780.0,1,0,1040,3661,2026-05-15
臺銀,4790.0,2,0,1040,3661,2026-05-15
臺銀,4800.0,1,0,1040,3661,2026-05-15
臺銀,4810.0,1,0,1040,3661,2026-05-15
臺銀,4820.0,1,0,1040,3661,2026-05-15
臺銀,4865.0,1,0,1040,3661,2026-05-15
臺銀,4880.0,50,0,1040,3661,2026-05-15
臺銀,4890.0,7,0,1040,3661,2026-05-15
臺銀,4905.0,0,1,1040,3661,2026-05-15
臺銀臺南,4595.0,0,40,1042,3661,2026-05-15
臺銀臺南,4610.0,0,1000,1042,3661,2026-05-15
臺銀臺南,4625.0,10,0,1042,3661,2026-05-15
臺銀臺南,4635.0,5,0,1042,3661,2026-05-15
臺銀臺南,4655.0,2,0,1042,3661,2026-05-15
臺銀臺南,4685.0,12,0,1042,3661,2026-05-15
臺銀,4620.0,1,90,1040,3661,2026-05-15
臺銀臺中,4690.0,15,0,104A,3661,2026-05-15
臺銀臺中,4720.0,15,27,104A,3661,2026-05-15
臺銀金山,4740.0,0,2,104D,3661,2026-05-15
臺銀金山,4750.0,1,0,104D,3661,2026-05-15
臺銀金山,4765.0,5,0,104D,3661,2026-05-15
企銀,4600.0,0,150,1110,3661,2026-05-15
企銀,4680.0,10,0,1110,3661,2026-05-15
企銀,4710.0,2,0,1110,3661,2026-05-15
企銀,4740.0,50,0,1110,3661,2026-05-15
企銀,4790.0,1000,0,1110,3661,2026-05-15
企銀,4805.0,1,0,1110,3661,2026-05-15
企銀台中,4740.0,3,0,1111,3661,2026-05-15
企銀台南,4700.0,1,0,1112,3661,2026-05-15
企銀台南,4750.0,1,0,1112,3661,2026-05-15
企銀台南,4815.0,1,0,1112,3661,2026-05-15
企銀九如,4655.0,0,50,1113,3661,2026-05-15
企銀九如,4685.0,5000,0,1113,3661,2026-05-15
企銀九如,4710.0,0,2000,1113,3661,2026-05-15
企銀九如,4815.0,100,0,1113,3661,2026-05-15
企銀九如,4835.0,0,5000,1113,3661,2026-05-15
企銀九如,4920.0,0,4000,1113,3661,2026-05-15
企銀嘉義,4730.0,1,0,1114,3661,2026-05-15
企銀嘉義,4895.0,5,0,1114,3661,2026-05-15
企銀太平,4650.0,0,12,1115,3661,2026-05-15
企銀太平,4685.0,1,0,1115,3661,2026-05-15
企銀太平,4710.0,4,0,1115,3661,2026-05-15
企銀竹北,4615.0,10,0,1117,3661,2026-05-15
臺銀金山,4725.0,4,4,104D,3661,2026-05-15
臺銀臺中,4710.0,15,0,104A,3661,2026-05-15
臺銀金山,4710.0,5,0,104D,3661,2026-05-15
臺銀金山,4680.0,1000,0,104D,3661,2026-05-15
臺銀臺中,4730.0,15,0,104A,3661,2026-05-15
臺銀臺中,4740.0,2,0,104A,3661,2026-05-15
臺銀臺中,4760.0,4,10,104A,3661,2026-05-15
臺銀臺中,4900.0,1,0,104A,3661,2026-05-15
臺銀高雄,4605.0,0,5,104C,3661,2026-05-15
臺銀高雄,4615.0,5,0,104C,3661,2026-05-15
臺銀高雄,4630.0,6,0,104C,3661,2026-05-15
臺銀高雄,4640.0,3,0,104C,3661,2026-05-15
臺銀高雄,4655.0,10,0,104C,3661,2026-05-15
臺銀高雄,4670.0,11,0,104C,3661,2026-05-15
臺銀高雄,4680.0,18,0,104C,3661,2026-05-15
臺銀高雄,4690.0,11,0,104C,3661,2026-05-15
臺銀高雄,4700.0,20,73,104C,3661,2026-05-15
臺銀高雄,4710.0,9,101,104C,3661,2026-05-15
臺銀高雄,4720.0,42,6,104C,3661,2026-05-15
臺銀高雄,4730.0,13,0,104C,3661,2026-05-15
臺銀高雄,4750.0,5,0,104C,3661,2026-05-15
臺銀高雄,4780.0,1,0,104C,3661,2026-05-15
臺銀高雄,4790.0,20,0,104C,3661,2026-05-15
臺銀高雄,4800.0,51,0,104C,3661,2026-05-15
臺銀高雄,4810.0,1000,0,104C,3661,2026-05-15
臺銀金山,4595.0,30,0,104D,3661,2026-05-15
臺銀金山,4605.0,30,1000,104D,3661,2026-05-15
臺銀金山,4625.0,1,0,104D,3661,2026-05-15
臺銀金山,4640.0,10,0,104D,3661,2026-05-15
臺銀金山,4700.0,84,0,104D,3661,2026-05-15
臺銀,4605.0,10,6,1040,3661,2026-05-15
臺銀,4595.0,1,0,1040,3661,2026-05-15
土銀南港,4730.0,10,0,103F,3661,2026-05-15
合庫嘉義,4800.0,10,0,1024,3661,2026-05-15
合庫基隆,4605.0,3,0,1025,3661,2026-05-15
合庫基隆,4635.0,1,0,1025,3661,2026-05-15
合庫基隆,4700.0,2,0,1025,3661,2026-05-15
合庫基隆,4720.0,23,0,1025,3661,2026-05-15
合庫基隆,4750.0,3,0,1025,3661,2026-05-15
合庫基隆,4910.0,0,5,1025,3661,2026-05-15
合庫彰化,4680.0,10,0,1028,3661,2026-05-15
合庫彰化,4740.0,10,0,1028,3661,2026-05-15
合庫鳳山,4600.0,25,0,1029,3661,2026-05-15
合庫鳳山,4610.0,5,0,1029,3661,2026-05-15
合庫鳳山,4620.0,10,0,1029,3661,2026-05-15
合庫鳳山,4650.0,6,0,1029,3661,2026-05-15
合庫鳳山,4675.0,5,0,1029,3661,2026-05-15
合庫鳳山,4700.0,55,0,1029,3661,2026-05-15
合庫鳳山,4715.0,5,0,1029,3661,2026-05-15
合庫鳳山,4735.0,5,0,1029,3661,2026-05-15
合庫新竹,4655.0,10,0,102A,3661,2026-05-15
合庫新竹,4675.0,1,0,102A,3661,2026-05-15
合庫新竹,4700.0,5,0,102A,3661,2026-05-15
合庫新竹,4715.0,30,0,102A,3661,2026-05-15
合庫新竹,4740.0,0,1,102A,3661,2026-05-15
合庫新竹,4780.0,0,1000,102A,3661,2026-05-15
合庫新竹,4810.0,0,1000,102A,3661,2026-05-15
合庫新竹,4830.0,0,2000,102A,3661,2026-05-15
合庫嘉義,4690.0,5,0,1024,3661,2026-05-15
合庫自強,4605.0,30,100,102C,3661,2026-05-15
合庫嘉義,4615.0,1,0,1024,3661,2026-05-15
合庫高雄,4800.0,1000,0,1023,3661,2026-05-15
合庫,4715.0,110,10,1020,3661,2026-05-15
合庫,4725.0,3,0,1020,3661,2026-05-15
合庫,4815.0,1000,0,1020,3661,2026-05-15
合庫台中,4600.0,1,0,1021,3661,2026-05-15
合庫台中,4615.0,5,0,1021,3661,2026-05-15
合庫台中,4650.0,20,0,1021,3661,2026-05-15
合庫台中,4680.0,5,0,1021,3661,2026-05-15
合庫台中,4700.0,21,1000,1021,3661,2026-05-15
合庫台中,4720.0,50,0,1021,3661,2026-05-15
合庫台中,4750.0,30,0,1021,3661,2026-05-15
合庫台中,4775.0,5,0,1021,3661,2026-05-15
合庫台中,4825.0,1,0,1021,3661,2026-05-15
合庫台中,4860.0,1000,0,1021,3661,2026-05-15
合庫台中,4900.0,10,0,1021,3661,2026-05-15
合庫台南,4625.0,0,2000,1022,3661,2026-05-15
合庫台南,4685.0,50,0,1022,3661,2026-05-15
合庫台南,4800.0,1000,0,1022,3661,2026-05-15
合庫高雄,4600.0,1,15,1023,3661,2026-05-15
合庫高雄,4615.0,10,0,1023,3661,2026-05-15
合庫高雄,4630.0,0,5,1023,3661,2026-05-15
合庫高雄,4655.0,10,0,1023,3661,2026-05-15
合庫高雄,4695.0,6,0,1023,3661,2026-05-15
合庫高雄,4710.0,5,0,1023,3661,2026-05-15
合庫高雄,4730.0,20,0,1023,3661,2026-05-15
合庫高雄,4740.0,10,0,1023,3661,2026-05-15
合庫嘉義,4600.0,1,0,1024,3661,2026-05-15
合庫自強,4625.0,5,0,102C,3661,2026-05-15
合庫自強,4660.0,0,300,102C,3661,2026-05-15
合庫自強,4700.0,60,0,102C,3661,2026-05-15
土銀台中,4695.0,3,0,1031,3661,2026-05-15
土銀台中,4705.0,20,0,1031,3661,2026-05-15
土銀台中,4715.0,0,5,1031,3661,2026-05-15
土銀台中,4740.0,15,0,1031,3661,2026-05-15
土銀台南,4655.0,10,0,1032,3661,2026-05-15
土銀台南,4695.0,5,0,1032,3661,2026-05-15
土銀台南,4750.0,20,0,1032,3661,2026-05-15
土銀台南,4785.0,0,10,1032,3661,2026-05-15
土銀台南,4875.0,10,0,1032,3661,2026-05-15
土銀高雄,4680.0,1000,0,1033,3661,2026-05-15
土銀嘉義,4720.0,1,0,1034,3661,2026-05-15
土銀新竹,4635.0,30,0,1035,3661,2026-05-15
土銀新竹,4915.0,0,10,1035,3661,2026-05-15
土銀花蓮,4780.0,53,0,1037,3661,2026-05-15
土銀和平,4715.0,10,0,1038,3661,2026-05-15
土銀建國,4615.0,5,0,103A,3661,2026-05-15
土銀建國,4635.0,10,0,103A,3661,2026-05-15
土銀建國,4710.0,5,0,103A,3661,2026-05-15
土銀建國,4745.0,25,0,103A,3661,2026-05-15
土銀彰化,4690.0,5,0,103B,3661,2026-05-15
土銀白河,4600.0,40,0,103C,3661,2026-05-15
土銀白河,4820.0,50,0,103C,3661,2026-05-15
土銀南港,4615.0,30,0,103F,3661,2026-05-15
土銀南港,4690.0,20,0,103F,3661,2026-05-15
土銀南港,4710.0,10,0,103F,3661,2026-05-15
土銀台中,4605.0,20,0,1031,3661,2026-05-15
土銀,4855.0,10,0,1030,3661,2026-05-15
土銀,4810.0,10,0,1030,3661,2026-05-15
土銀,4785.0,1,0,1030,3661,2026-05-15
合庫自強,4720.0,20,0,102C,3661,2026-05-15
合庫自強,4730.0,10,0,102C,3661,2026-05-15
合庫自強,4750.0,10,0,102C,3661,2026-05-15
合庫自強,4760.0,0,4,102C,3661,2026-05-15
合庫自強,4810.0,50,0,102C,3661,2026-05-15
合庫桃園,4600.0,0,30,102E,3661,2026-05-15
合庫桃園,4650.0,30,0,102E,3661,2026-05-15
合庫桃園,4705.0,10,0,102E,3661,2026-05-15
合庫桃園,4805.0,0,4,102E,3661,2026-05-15
合庫西台,4610.0,13,0,102F,3661,2026-05-15
合庫西台,4640.0,5,0,102F,3661,2026-05-15
合庫西台,4650.0,10,250,102F,3661,2026-05-15
合庫,4695.0,5,0,1020,3661,2026-05-15
合庫西台,4670.0,3,0,102F,3661,2026-05-15
合庫西台,4715.0,2,0,102F,3661,2026-05-15
合庫三重,4600.0,2,0,102G,3661,2026-05-15
合庫三重,4650.0,2,30,102G,3661,2026-05-15
合庫三重,4700.0,20,0,102G,3661,2026-05-15
合庫三重,4715.0,1,0,102G,3661,2026-05-15
合庫三重,4860.0,1000,0,102G,3661,2026-05-15
土銀,4600.0,5,0,1030,3661,2026-05-15
土銀,4610.0,60,0,1030,3661,2026-05-15
土銀,4630.0,102,0,1030,3661,2026-05-15
土銀,4665.0,38,0,1030,3661,2026-05-15
土銀,4700.0,15,0,1030,3661,2026-05-15
土銀,4760.0,1010,0,1030,3661,2026-05-15
合庫西台,4695.0,10,0,102F,3661,2026-05-15
企銀竹北,4680.0,2,0,1117,3661,2026-05-15
台新林園,4915.0,0,1,9B27,3661,2026-05-15
台新林園,4705.0,0,100,9B27,3661,2026-05-15
永豐桃盛,4870.0,45,0,9A9N,3661,2026-05-15
永豐竹北,4605.0,0,9,9A9P,3661,2026-05-15
永豐竹北,4615.0,5,0,9A9P,3661,2026-05-15
永豐竹北,4635.0,1,0,9A9P,3661,2026-05-15
永豐竹北,4650.0,1,0,9A9P,3661,2026-05-15
永豐竹北,4660.0,1,0,9A9P,3661,2026-05-15
永豐竹北,4675.0,15,0,9A9P,3661,2026-05-15
永豐竹北,4685.0,5,0,9A9P,3661,2026-05-15
永豐竹北,4705.0,15,0,9A9P,3661,2026-05-15
永豐竹北,4720.0,20,0,9A9P,3661,2026-05-15
永豐竹北,4750.0,40,0,9A9P,3661,2026-05-15
永豐竹北,4780.0,10,0,9A9P,3661,2026-05-15
永豐竹北,4900.0,0,50,9A9P,3661,2026-05-15
永豐潮州,4640.0,1,0,9A9q,3661,2026-05-15
永豐潮州,4670.0,10,0,9A9q,3661,2026-05-15
永豐潮州,4720.0,1,0,9A9q,3661,2026-05-15
永豐潮州,4785.0,1000,0,9A9q,3661,2026-05-15
永豐潮州,4910.0,0,1000,9A9q,3661,2026-05-15
永豐豐原,4630.0,1,0,9A9Q,3661,2026-05-15
永豐豐原,4680.0,0,10,9A9Q,3661,2026-05-15
永豐豐原,4865.0,0,10,9A9Q,3661,2026-05-15
永豐北高,4600.0,60,0,9A9r,3661,2026-05-15
永豐北高,4610.0,0,5,9A9r,3661,2026-05-15
永豐北高,4635.0,10,0,9A9r,3661,2026-05-15
永豐北高,4645.0,5,0,9A9r,3661,2026-05-15
永豐桃盛,4800.0,0,1,9A9N,3661,2026-05-15
永豐北高,4655.0,0,41,9A9r,3661,2026-05-15
永豐桃盛,4770.0,20,0,9A9N,3661,2026-05-15
永豐桃盛,4710.0,2,0,9A9N,3661,2026-05-15
永豐三重,4835.0,5,0,9A9K,3661,2026-05-15
永豐三重,4990.0,1000,0,9A9K,3661,2026-05-15
永豐台中,4605.0,0,2000,9A9L,3661,2026-05-15
永豐台中,4630.0,10,5,9A9L,3661,2026-05-15
永豐台中,4665.0,1000,0,9A9L,3661,2026-05-15
永豐台中,4700.0,5,100,9A9L,3661,2026-05-15
永豐台中,4720.0,0,2,9A9L,3661,2026-05-15
永豐台中,4730.0,10,0,9A9L,3661,2026-05-15
永豐台中,4760.0,0,100,9A9L,3661,2026-05-15
永豐台中,4780.0,10,0,9A9L,3661,2026-05-15
永豐台中,4840.0,10,0,9A9L,3661,2026-05-15
永豐南投,4600.0,0,2,9A9M,3661,2026-05-15
永豐南投,4610.0,0,5,9A9M,3661,2026-05-15
永豐南投,4655.0,0,15,9A9M,3661,2026-05-15
永豐南投,4680.0,1000,0,9A9M,3661,2026-05-15
永豐南投,4690.0,0,20,9A9M,3661,2026-05-15
永豐南投,4700.0,2000,59,9A9M,3661,2026-05-15
永豐南投,4720.0,1000,100,9A9M,3661,2026-05-15
永豐南投,4740.0,0,34,9A9M,3661,2026-05-15
永豐南投,4760.0,1000,0,9A9M,3661,2026-05-15
永豐南投,4840.0,0,1000,9A9M,3661,2026-05-15
永豐桃盛,4615.0,11,0,9A9N,3661,2026-05-15
永豐桃盛,4630.0,10,0,9A9N,3661,2026-05-15
永豐桃盛,4660.0,1000,0,9A9N,3661,2026-05-15
永豐桃盛,4700.0,1,0,9A9N,3661,2026-05-15
永豐桃盛,4755.0,1000,0,9A9N,3661,2026-05-15
永豐三重,4730.0,0,5,9A9K,3661,2026-05-15
永豐北高,4680.0,5,0,9A9r,3661,2026-05-15
永豐北高,4800.0,1000,0,9A9r,3661,2026-05-15
永豐中正,4690.0,1,1000,9A9U,3661,2026-05-15
永豐中正,4705.0,0,12,9A9U,3661,2026-05-15
永豐中正,4720.0,0,6000,9A9U,3661,2026-05-15
永豐中正,4740.0,2,5000,9A9U,3661,2026-05-15
永豐中正,4760.0,0,5000,9A9U,3661,2026-05-15
永豐中正,4810.0,2,0,9A9U,3661,2026-05-15
永豐中正,4895.0,0,8,9A9U,3661,2026-05-15
永豐中正,4910.0,1,0,9A9U,3661,2026-05-15
永豐市政,4600.0,25,0,9A9W,3661,2026-05-15
永豐市政,4610.0,27,1001,9A9W,3661,2026-05-15
永豐市政,4620.0,0,30,9A9W,3661,2026-05-15
永豐市政,4635.0,0,45,9A9W,3661,2026-05-15
永豐市政,4650.0,3,1,9A9W,3661,2026-05-15
永豐市政,4660.0,22,0,9A9W,3661,2026-05-15
永豐市政,4675.0,17,0,9A9W,3661,2026-05-15
永豐市政,4685.0,1,0,9A9W,3661,2026-05-15
永豐市政,4695.0,18,0,9A9W,3661,2026-05-15
永豐市政,4705.0,10,4,9A9W,3661,2026-05-15
富邦台中,4685.0,21,0,965K,3661,2026-05-15
永豐市政,4720.0,23,10,9A9W,3661,2026-05-15
永豐市政,4735.0,1,20,9A9W,3661,2026-05-15
永豐市政,4750.0,10,0,9A9W,3661,2026-05-15
永豐市政,4775.0,1000,0,9A9W,3661,2026-05-15
永豐市政,4785.0,50,0,9A9W,3661,2026-05-15
永豐市政,4795.0,7,3,9A9W,3661,2026-05-15
永豐中正,4680.0,10,0,9A9U,3661,2026-05-15
永豐北高,4700.0,5,100,9A9r,3661,2026-05-15
永豐中正,4670.0,20,0,9A9U,3661,2026-05-15
永豐中正,4645.0,5,0,9A9U,3661,2026-05-15
永豐信義,4635.0,50,0,9A9R,3661,2026-05-15
永豐信義,4650.0,5,0,9A9R,3661,2026-05-15
永豐彰化,4630.0,0,5,9A9s,3661,2026-05-15
永豐彰化,4700.0,31,2,9A9s,3661,2026-05-15
永豐彰化,4710.0,22,0,9A9s,3661,2026-05-15
永豐彰化,4725.0,20,0,9A9s,3661,2026-05-15
永豐彰化,4760.0,22,0,9A9s,3661,2026-05-15
永豐彰化,4880.0,10,0,9A9s,3661,2026-05-15
永豐彰化,4905.0,0,10,9A9s,3661,2026-05-15
永豐南京,4600.0,1010,0,9A9S,3661,2026-05-15
永豐南京,4610.0,1,0,9A9S,3661,2026-05-15
永豐南京,4630.0,1,0,9A9S,3661,2026-05-15
永豐南京,4655.0,1,1,9A9S,3661,2026-05-15
永豐南京,4675.0,1,0,9A9S,3661,2026-05-15
永豐南京,4690.0,1,0,9A9S,3661,2026-05-15
永豐南京,4705.0,2,0,9A9S,3661,2026-05-15
永豐南京,4750.0,1,0,9A9S,3661,2026-05-15
永豐南京,4760.0,1,0,9A9S,3661,2026-05-15
永豐南京,4770.0,0,1001,9A9S,3661,2026-05-15
永豐南京,4795.0,0,1,9A9S,3661,2026-05-15
永豐南京,4805.0,1,0,9A9S,3661,2026-05-15
永豐南京,4850.0,0,1,9A9S,3661,2026-05-15
永豐南京,4950.0,0,1000,9A9S,3661,2026-05-15
永豐中正,4610.0,50,15,9A9U,3661,2026-05-15
永豐中正,4630.0,1,0,9A9U,3661,2026-05-15
永豐中正,4660.0,10,0,9A9U,3661,2026-05-15
永豐三重,4675.0,0,5,9A9K,3661,2026-05-15
永豐三重,4655.0,0,5,9A9K,3661,2026-05-15
永豐三重,4630.0,5,0,9A9K,3661,2026-05-15
永豐高雄,4760.0,1,10,9A9e,3661,2026-05-15
永豐高雄,4790.0,0,6,9A9e,3661,2026-05-15
永豐高雄,4840.0,10,0,9A9e,3661,2026-05-15
永豐內湖,4600.0,1,0,9A9g,3661,2026-05-15
永豐內湖,4630.0,2,0,9A9g,3661,2026-05-15
永豐內湖,4650.0,102,1000,9A9g,3661,2026-05-15
永豐內湖,4680.0,108,0,9A9g,3661,2026-05-15
永豐內湖,4700.0,11,10000,9A9g,3661,2026-05-15
永豐內湖,4710.0,1000,2000,9A9g,3661,2026-05-15
永豐內湖,4720.0,0,4000,9A9g,3661,2026-05-15
永豐內湖,4740.0,2,0,9A9g,3661,2026-05-15
永豐內湖,4805.0,30,0,9A9g,3661,2026-05-15
永豐內湖,4855.0,0,20,9A9g,3661,2026-05-15
永豐內湖,4890.0,0,3,9A9g,3661,2026-05-15
永豐內湖,4910.0,1000,200,9A9g,3661,2026-05-15
永豐天母,4600.0,5,99,9A9G,3661,2026-05-15
永豐天母,4610.0,3,0,9A9G,3661,2026-05-15
永豐天母,4625.0,11,25,9A9G,3661,2026-05-15
永豐天母,4650.0,1,0,9A9G,3661,2026-05-15
永豐天母,4675.0,10,0,9A9G,3661,2026-05-15
永豐天母,4695.0,3,0,9A9G,3661,2026-05-15
永豐天母,4725.0,0,50,9A9G,3661,2026-05-15
永豐天母,4785.0,1,0,9A9G,3661,2026-05-15
永豐台南,4605.0,11,1050,9A9h,3661,2026-05-15
永豐台南,4620.0,0,2,9A9h,3661,2026-05-15
永豐高雄,4750.0,11,0,9A9e,3661,2026-05-15
永豐台南,4630.0,15,1002,9A9h,3661,2026-05-15
永豐高雄,4740.0,6,0,9A9e,3661,2026-05-15
永豐高雄,4705.0,5,10,9A9e,3661,2026-05-15
永豐古亭,4600.0,15,0,9A9d,3661,2026-05-15
永豐古亭,4615.0,1,0,9A9d,3661,2026-05-15
永豐古亭,4635.0,0,20,9A9d,3661,2026-05-15
永豐古亭,4650.0,10,0,9A9d,3661,2026-05-15
永豐古亭,4700.0,100,10,9A9d,3661,2026-05-15
永豐古亭,4775.0,0,1,9A9d,3661,2026-05-15
永豐古亭,4820.0,2,0,9A9d,3661,2026-05-15
永豐忠孝,4595.0,3,0,9A9D,3661,2026-05-15
永豐忠孝,4605.0,1,1,9A9D,3661,2026-05-15
永豐忠孝,4615.0,1,4,9A9D,3661,2026-05-15
永豐忠孝,4625.0,1,0,9A9D,3661,2026-05-15
永豐忠孝,4635.0,2,0,9A9D,3661,2026-05-15
永豐忠孝,4645.0,1,0,9A9D,3661,2026-05-15
永豐忠孝,4655.0,1,0,9A9D,3661,2026-05-15
永豐忠孝,4695.0,1,0,9A9D,3661,2026-05-15
永豐忠孝,4705.0,1,50,9A9D,3661,2026-05-15
永豐忠孝,4715.0,1,1000,9A9D,3661,2026-05-15
永豐忠孝,4755.0,1,0,9A9D,3661,2026-05-15
永豐忠孝,4870.0,1,0,9A9D,3661,2026-05-15
永豐高雄,4600.0,1,0,9A9e,3661,2026-05-15
永豐高雄,4610.0,1,200,9A9e,3661,2026-05-15
永豐高雄,4625.0,10,0,9A9e,3661,2026-05-15
永豐高雄,4655.0,1,0,9A9e,3661,2026-05-15
永豐高雄,4675.0,5,0,9A9e,3661,2026-05-15
永豐高雄,4685.0,1,0,9A9e,3661,2026-05-15
永豐高雄,4720.0,5,0,9A9e,3661,2026-05-15
永豐台南,4650.0,16,0,9A9h,3661,2026-05-15
永豐台南,4660.0,0,1000,9A9h,3661,2026-05-15
永豐台南,4670.0,2,0,9A9h,3661,2026-05-15
永豐嘉義,4685.0,101,0,9A9j,3661,2026-05-15
永豐嘉義,4705.0,5,215,9A9j,3661,2026-05-15
永豐嘉義,4715.0,1,0,9A9j,3661,2026-05-15
永豐嘉義,4745.0,0,1,9A9j,3661,2026-05-15
永豐嘉義,4870.0,0,2,9A9j,3661,2026-05-15
永豐板新,4605.0,50,1015,9A9J,3661,2026-05-15
永豐板新,4615.0,4,10,9A9J,3661,2026-05-15
永豐板新,4625.0,31,1,9A9J,3661,2026-05-15
永豐板新,4635.0,20,2,9A9J,3661,2026-05-15
永豐板新,4650.0,2,0,9A9J,3661,2026-05-15
永豐板新,4660.0,10,1000,9A9J,3661,2026-05-15
永豐板新,4670.0,11,1000,9A9J,3661,2026-05-15
永豐板新,4680.0,10,10,9A9J,3661,2026-05-15
永豐板新,4690.0,0,100,9A9J,3661,2026-05-15
永豐板新,4705.0,9,0,9A9J,3661,2026-05-15
永豐板新,4715.0,2,0,9A9J,3661,2026-05-15
永豐板新,4725.0,21,0,9A9J,3661,2026-05-15
永豐板新,4735.0,2,0,9A9J,3661,2026-05-15
永豐板新,4770.0,6,0,9A9J,3661,2026-05-15
永豐板新,4790.0,1,0,9A9J,3661,2026-05-15
永豐板新,4800.0,21,0,9A9J,3661,2026-05-15
永豐板新,4855.0,5,0,9A9J,3661,2026-05-15
永豐三重,4600.0,11,8,9A9K,3661,2026-05-15
永豐三重,4610.0,5,0,9A9K,3661,2026-05-15
永豐三重,4620.0,1,0,9A9K,3661,2026-05-15
永豐嘉義,4645.0,5,0,9A9j,3661,2026-05-15
永豐嘉義,4605.0,1,0,9A9j,3661,2026-05-15
永豐新店,4910.0,0,2,9A9i,3661,2026-05-15
永豐新店,4840.0,100,0,9A9i,3661,2026-05-15
永豐台南,4690.0,1,0,9A9h,3661,2026-05-15
永豐台南,4700.0,1003,0,9A9h,3661,2026-05-15
永豐台南,4710.0,0,25,9A9h,3661,2026-05-15
永豐台南,4725.0,10,0,9A9h,3661,2026-05-15
永豐台南,4735.0,2,0,9A9h,3661,2026-05-15
永豐台南,4770.0,50,0,9A9h,3661,2026-05-15
永豐台南,4785.0,1000,0,9A9h,3661,2026-05-15
永豐台南,4820.0,40,1000,9A9h,3661,2026-05-15
永豐台南,4875.0,1000,0,9A9h,3661,2026-05-15
永豐台南,4900.0,1000,0,9A9h,3661,2026-05-15
永豐台南,4975.0,0,1000,9A9h,3661,2026-05-15
永豐新莊,4600.0,0,1000,9A9H,3661,2026-05-15
永豐市政,4810.0,1003,0,9A9W,3661,2026-05-15
永豐新莊,4620.0,100,0,9A9H,3661,2026-05-15
永豐新莊,4685.0,2,0,9A9H,3661,2026-05-15
永豐新莊,4710.0,100,1000,9A9H,3661,2026-05-15
永豐新莊,4720.0,200,6,9A9H,3661,2026-05-15
永豐新莊,4740.0,10,0,9A9H,3661,2026-05-15
永豐新莊,4770.0,0,1000,9A9H,3661,2026-05-15
永豐新莊,4915.0,2000,0,9A9H,3661,2026-05-15
永豐新店,4625.0,0,10,9A9i,3661,2026-05-15
永豐新店,4675.0,1,0,9A9i,3661,2026-05-15
永豐新店,4700.0,60,0,9A9i,3661,2026-05-15
永豐新店,4720.0,2,0,9A9i,3661,2026-05-15
永豐新店,4740.0,2,0,9A9i,3661,2026-05-15
永豐新店,4795.0,2,0,9A9i,3661,2026-05-15
永豐新莊,4660.0,0,2000,9A9H,3661,2026-05-15
台新林園,4810.0,0,40,9B27,3661,2026-05-15
永豐市政,4820.0,5,0,9A9W,3661,2026-05-15
永豐市政,4880.0,10,0,9A9W,3661,2026-05-15
台新左楠,4850.0,10,0,9B1d,3661,2026-05-15
台新高雄,4600.0,181,0,9B1g,3661,2026-05-15
台新高雄,4610.0,70,40,9B1g,3661,2026-05-15
台新高雄,4620.0,1002,0,9B1g,3661,2026-05-15
台新高雄,4630.0,15,0,9B1g,3661,2026-05-15
台新高雄,4645.0,50,0,9B1g,3661,2026-05-15
台新高雄,4655.0,20,0,9B1g,3661,2026-05-15
台新高雄,4670.0,5,0,9B1g,3661,2026-05-15
台新高雄,4685.0,20,0,9B1g,3661,2026-05-15
台新高雄,4695.0,76,100,9B1g,3661,2026-05-15
台新高雄,4705.0,10,0,9B1g,3661,2026-05-15
台新高雄,4715.0,0,26,9B1g,3661,2026-05-15
台新高雄,4725.0,20,0,9B1g,3661,2026-05-15
台新高雄,4735.0,0,10,9B1g,3661,2026-05-15
台新高雄,4745.0,1,0,9B1g,3661,2026-05-15
台新高雄,4755.0,1005,0,9B1g,3661,2026-05-15
台新高雄,4765.0,20,0,9B1g,3661,2026-05-15
台新高雄,4785.0,25,0,9B1g,3661,2026-05-15
台新高雄,4820.0,0,345,9B1g,3661,2026-05-15
台新高雄,4830.0,10,0,9B1g,3661,2026-05-15
台新高雄,4840.0,2,0,9B1g,3661,2026-05-15
台新台中,4600.0,70,100,9B1h,3661,2026-05-15
台新台中,4610.0,17,0,9B1h,3661,2026-05-15
台新台中,4620.0,105,0,9B1h,3661,2026-05-15
台新台中,4630.0,31,1200,9B1h,3661,2026-05-15
台新左楠,4785.0,0,110,9B1d,3661,2026-05-15
台新台中,4640.0,3,0,9B1h,3661,2026-05-15
台新左楠,4735.0,0,3,9B1d,3661,2026-05-15
台新左楠,4695.0,0,1000,9B1d,3661,2026-05-15
台新建北,4675.0,5,0,9B18,3661,2026-05-15
台新建北,4690.0,21,0,9B18,3661,2026-05-15
台新建北,4700.0,10,0,9B18,3661,2026-05-15
台新建北,4715.0,0,30,9B18,3661,2026-05-15
台新建北,4730.0,5,0,9B18,3661,2026-05-15
台新建北,4765.0,0,30,9B18,3661,2026-05-15
台新建北,4790.0,10,0,9B18,3661,2026-05-15
台新建北,4800.0,0,50,9B18,3661,2026-05-15
台新建北,4820.0,10,0,9B18,3661,2026-05-15
台新建北,4835.0,15,0,9B18,3661,2026-05-15
台新建北,4965.0,1000,0,9B18,3661,2026-05-15
台新新莊,4600.0,11,3,9B19,3661,2026-05-15
台新新莊,4610.0,15,0,9B19,3661,2026-05-15
台新新莊,4630.0,0,2000,9B19,3661,2026-05-15
台新新莊,4655.0,0,1000,9B19,3661,2026-05-15
台新新莊,4670.0,5,0,9B19,3661,2026-05-15
台新新莊,4705.0,1,0,9B19,3661,2026-05-15
台新新莊,4730.0,0,25,9B19,3661,2026-05-15
台新新莊,4740.0,100,5,9B19,3661,2026-05-15
台新新莊,4760.0,0,10,9B19,3661,2026-05-15
台新新莊,4795.0,3,0,9B19,3661,2026-05-15
台新新莊,4835.0,1000,0,9B19,3661,2026-05-15
台新左楠,4610.0,20,10,9B1d,3661,2026-05-15
台新左楠,4655.0,0,40,9B1d,3661,2026-05-15
台新左楠,4680.0,5,20,9B1d,3661,2026-05-15
台新左楠,4725.0,0,400,9B1d,3661,2026-05-15
台新建北,4665.0,10,0,9B18,3661,2026-05-15
台新台中,4655.0,13,75,9B1h,3661,2026-05-15
台新台中,4680.0,7,0,9B1h,3661,2026-05-15
台新台北,4720.0,0,1,9B20,3661,2026-05-15
台新台北,4735.0,400,0,9B20,3661,2026-05-15
台新台北,4775.0,0,2000,9B20,3661,2026-05-15
台新台北,4900.0,1,0,9B20,3661,2026-05-15
台新九如,4625.0,1,0,9B21,3661,2026-05-15
台新九如,4680.0,10,0,9B21,3661,2026-05-15
台新九如,4720.0,1,0,9B21,3661,2026-05-15
台新九如,4740.0,20,0,9B21,3661,2026-05-15
台新新店,4600.0,0,3,9B22,3661,2026-05-15
台新新店,4630.0,1,0,9B22,3661,2026-05-15
台新新店,4665.0,3,0,9B22,3661,2026-05-15
台新新店,4700.0,10,0,9B22,3661,2026-05-15
台新新店,4720.0,2,0,9B22,3661,2026-05-15
台新新店,4795.0,2,0,9B22,3661,2026-05-15
台新新店,4860.0,1000,0,9B22,3661,2026-05-15
台新三重,4690.0,0,5,9B23,3661,2026-05-15
台新三重,4720.0,0,19,9B23,3661,2026-05-15
台新三重,4780.0,20,0,9B23,3661,2026-05-15
台新五權,4640.0,10,0,9B25,3661,2026-05-15
台新五權,4680.0,0,2,9B25,3661,2026-05-15
台新五權,4700.0,111,0,9B25,3661,2026-05-15
台新五權,4720.0,50,0,9B25,3661,2026-05-15
台新五權,4750.0,40,0,9B25,3661,2026-05-15
台新五權,4915.0,200,0,9B25,3661,2026-05-15
台新林園,4635.0,1,0,9B27,3661,2026-05-15
台新台北,4700.0,3,10,9B20,3661,2026-05-15
台新台中,4670.0,1,0,9B1h,3661,2026-05-15
台新台北,4600.0,0,10,9B20,3661,2026-05-15
台新中壢,4765.0,10,0,9B1y,3661,2026-05-15
台新台中,4690.0,10,0,9B1h,3661,2026-05-15
台新台中,4700.0,82,0,9B1h,3661,2026-05-15
台新台中,4710.0,11,15,9B1h,3661,2026-05-15
台新台中,4720.0,26,0,9B1h,3661,2026-05-15
台新台中,4735.0,2,0,9B1h,3661,2026-05-15
台新台中,4750.0,1,0,9B1h,3661,2026-05-15
台新台中,4760.0,10,0,9B1h,3661,2026-05-15
台新台中,4800.0,3,0,9B1h,3661,2026-05-15
台新台中,4810.0,1,0,9B1h,3661,2026-05-15
台新台中,4820.0,100,0,9B1h,3661,2026-05-15
台新台中,4830.0,45,2,9B1h,3661,2026-05-15
台新台中,4855.0,0,100,9B1h,3661,2026-05-15
台新台中,4890.0,0,10,9B1h,3661,2026-05-15
台新台中,4910.0,0,1,9B1h,3661,2026-05-15
台新屏東,4600.0,0,15,9B1n,3661,2026-05-15
台新屏東,4680.0,100,50,9B1n,3661,2026-05-15
台新屏東,4705.0,10,0,9B1n,3661,2026-05-15
台新屏東,4750.0,2,0,9B1n,3661,2026-05-15
台新中壢,4620.0,20,72,9B1y,3661,2026-05-15
台新中壢,4630.0,15,0,9B1y,3661,2026-05-15
台新中壢,4655.0,3,0,9B1y,3661,2026-05-15
台新中壢,4675.0,0,5,9B1y,3661,2026-05-15
台新中壢,4690.0,0,20,9B1y,3661,2026-05-15
台新中壢,4700.0,10,0,9B1y,3661,2026-05-15
台新中壢,4730.0,0,15,9B1y,3661,2026-05-15
台新中壢,4865.0,5,0,9B1y,3661,2026-05-15
台新建北,4655.0,11,0,9B18,3661,2026-05-15
台新建北,4635.0,55,0,9B18,3661,2026-05-15
台新建北,4615.0,5,0,9B18,3661,2026-05-15
永豐竹科,4990.0,1000,0,9A9X,3661,2026-05-15
永豐板盛,4605.0,1000,0,9A9Y,3661,2026-05-15
永豐板盛,4630.0,20,0,9A9Y,3661,2026-05-15
永豐板盛,4665.0,1000,0,9A9Y,3661,2026-05-15
永豐板盛,4680.0,10,0,9A9Y,3661,2026-05-15
永豐板盛,4705.0,10,0,9A9Y,3661,2026-05-15
永豐板盛,4720.0,10,0,9A9Y,3661,2026-05-15
永豐板盛,4800.0,200,0,9A9Y,3661,2026-05-15
永豐板盛,4810.0,0,10,9A9Y,3661,2026-05-15
永豐板盛,4850.0,0,10,9A9Y,3661,2026-05-15
永豐板盛,4910.0,0,1000,9A9Y,3661,2026-05-15
永豐復興,4605.0,100,0,9A9Z,3661,2026-05-15
永豐復興,4620.0,2,0,9A9Z,3661,2026-05-15
永豐復興,4650.0,0,3,9A9Z,3661,2026-05-15
永豐復興,4685.0,1000,0,9A9Z,3661,2026-05-15
永豐復興,4740.0,3,0,9A9Z,3661,2026-05-15
永豐復興,4840.0,1,0,9A9Z,3661,2026-05-15
台新證券,4595.0,1,0,9B00,3661,2026-05-15
台新證券,4605.0,37,3125,9B00,3661,2026-05-15
台新證券,4615.0,1050,145,9B00,3661,2026-05-15
台新證券,4625.0,131,2000,9B00,3661,2026-05-15
台新證券,4635.0,201,1632,9B00,3661,2026-05-15
台新證券,4645.0,0,2004,9B00,3661,2026-05-15
台新證券,4655.0,12,3,9B00,3661,2026-05-15
台新證券,4665.0,22,95,9B00,3661,2026-05-15
永豐竹科,4840.0,20,0,9A9X,3661,2026-05-15
台新證券,4675.0,2,720,9B00,3661,2026-05-15
永豐竹科,4825.0,5,0,9A9X,3661,2026-05-15
永豐竹科,4760.0,0,64,9A9X,3661,2026-05-15
永豐市政,4890.0,20,0,9A9W,3661,2026-05-15
永豐市政,4905.0,1050,0,9A9W,3661,2026-05-15
永豐市政,4920.0,1000,0,9A9W,3661,2026-05-15
永豐桃園,4600.0,2,15,9A9x,3661,2026-05-15
永豐桃園,4615.0,4,230,9A9x,3661,2026-05-15
永豐桃園,4635.0,0,250,9A9x,3661,2026-05-15
永豐桃園,4655.0,0,70,9A9x,3661,2026-05-15
永豐桃園,4680.0,50,150,9A9x,3661,2026-05-15
永豐桃園,4700.0,12,10,9A9x,3661,2026-05-15
永豐桃園,4715.0,1,3,9A9x,3661,2026-05-15
永豐桃園,4740.0,0,5,9A9x,3661,2026-05-15
永豐桃園,4750.0,12,2,9A9x,3661,2026-05-15
永豐桃園,4765.0,1000,0,9A9x,3661,2026-05-15
永豐桃園,4785.0,10,0,9A9x,3661,2026-05-15
永豐桃園,4825.0,2,0,9A9x,3661,2026-05-15
永豐桃園,4900.0,50,5,9A9x,3661,2026-05-15
永豐竹科,4600.0,2,0,9A9X,3661,2026-05-15
永豐竹科,4620.0,0,35,9A9X,3661,2026-05-15
永豐竹科,4630.0,20,0,9A9X,3661,2026-05-15
永豐竹科,4645.0,2,0,9A9X,3661,2026-05-15
永豐竹科,4655.0,0,25,9A9X,3661,2026-05-15
永豐竹科,4670.0,11,0,9A9X,3661,2026-05-15
永豐竹科,4700.0,50,0,9A9X,3661,2026-05-15
永豐竹科,4710.0,10,1,9A9X,3661,2026-05-15
永豐竹科,4725.0,21,2,9A9X,3661,2026-05-15
永豐竹科,4780.0,2,25,9A9X,3661,2026-05-15
台新證券,4685.0,47,1000,9B00,3661,2026-05-15
台新證券,4695.0,12,0,9B00,3661,2026-05-15
台新證券,4705.0,47,10196,9B00,3661,2026-05-15
台新三民,4715.0,10,10,9B13,3661,2026-05-15
台新三民,4730.0,33,0,9B13,3661,2026-05-15
台新三民,4750.0,20,0,9B13,3661,2026-05-15
台新三民,4780.0,0,4000,9B13,3661,2026-05-15
台新三民,4810.0,0,10,9B13,3661,2026-05-15
台新三民,4865.0,0,20,9B13,3661,2026-05-15
台新松江,4600.0,10,0,9B15,3661,2026-05-15
台新松江,4715.0,2,0,9B15,3661,2026-05-15
台新松江,4730.0,2,0,9B15,3661,2026-05-15
台新松江,4800.0,2,0,9B15,3661,2026-05-15
台新台南,4605.0,14,0,9B16,3661,2026-05-15
台新台南,4625.0,10,0,9B16,3661,2026-05-15
台新台南,4635.0,2,0,9B16,3661,2026-05-15
台新台南,4650.0,17,4,9B16,3661,2026-05-15
台新台南,4660.0,4,0,9B16,3661,2026-05-15
台新台南,4680.0,10,2000,9B16,3661,2026-05-15
台新台南,4695.0,3,0,9B16,3661,2026-05-15
台新台南,4705.0,7,5,9B16,3661,2026-05-15
台新台南,4720.0,20,50,9B16,3661,2026-05-15
台新台南,4730.0,0,100,9B16,3661,2026-05-15
台新台南,4740.0,10,0,9B16,3661,2026-05-15
台新台南,4800.0,0,10,9B16,3661,2026-05-15
台新台南,4890.0,1000,10,9B16,3661,2026-05-15
台新建北,4595.0,0,46,9B18,3661,2026-05-15
台新建北,4605.0,10,0,9B18,3661,2026-05-15
台新三民,4705.0,10000,7,9B13,3661,2026-05-15
台新三民,4695.0,20,0,9B13,3661,2026-05-15
台新三民,4665.0,15,0,9B13,3661,2026-05-15
台新三民,4650.0,10,0,9B13,3661,2026-05-15
台新證券,4715.0,30,3048,9B00,3661,2026-05-15
台新證券,4725.0,50,1252,9B00,3661,2026-05-15
台新證券,4735.0,1026,1024,9B00,3661,2026-05-15
台新證券,4745.0,23,51,9B00,3661,2026-05-15
台新證券,4755.0,30,0,9B00,3661,2026-05-15
台新證券,4765.0,1,0,9B00,3661,2026-05-15
台新證券,4775.0,20,0,9B00,3661,2026-05-15
台新證券,4785.0,40,2,9B00,3661,2026-05-15
台新證券,4795.0,44,0,9B00,3661,2026-05-15
台新證券,4805.0,13,30,9B00,3661,2026-05-15
台新證券,4815.0,11,0,9B00,3661,2026-05-15
台新證券,4830.0,20,0,9B00,3661,2026-05-15
永豐市政,4860.0,2000,2000,9A9W,3661,2026-05-15
台新證券,4845.0,0,20,9B00,3661,2026-05-15
台新證券,4870.0,1005,17,9B00,3661,2026-05-15
台新證券,4890.0,50,0,9B00,3661,2026-05-15
台新證券,4905.0,0,25,9B00,3661,2026-05-15
台新證券,4920.0,0,1000,9B00,3661,2026-05-15
台新新營,4610.0,2,4,9B11,3661,2026-05-15
台新新營,4635.0,0,6,9B11,3661,2026-05-15
台新新營,4655.0,5,0,9B11,3661,2026-05-15
台新新營,4685.0,1,0,9B11,3661,2026-05-15
台新新營,4715.0,10,10,9B11,3661,2026-05-15
台新新營,4735.0,1,0,9B11,3661,2026-05-15
台新新營,4850.0,0,20,9B11,3661,2026-05-15
台新三民,4600.0,10,0,9B13,3661,2026-05-15
台新證券,4855.0,1,0,9B00,3661,2026-05-15
永豐員林,4810.0,2,0,9A9C,3661,2026-05-15
企銀竹北,4705.0,5,0,1117,3661,2026-05-15
企銀豐原,4630.0,1,0,1118,3661,2026-05-15
統一宜蘭,4610.0,82,0,585S,3661,2026-05-15
統一宜蘭,4685.0,10,0,585S,3661,2026-05-15
統一宜蘭,4825.0,0,20,585S,3661,2026-05-15
統一南京,4610.0,21,0,585U,3661,2026-05-15
統一南京,4625.0,25,0,585U,3661,2026-05-15
統一南京,4640.0,1,0,585U,3661,2026-05-15
統一南京,4690.0,3,0,585U,3661,2026-05-15
統一南京,4710.0,0,60,585U,3661,2026-05-15
統一南京,4735.0,0,20,585U,3661,2026-05-15
統一金門,4650.0,5,0,585W,3661,2026-05-15
統一土城,4640.0,0,2000,585Y,3661,2026-05-15
統一土城,4685.0,0,3000,585Y,3661,2026-05-15
統一土城,4705.0,0,1423,585Y,3661,2026-05-15
統一土城,4740.0,0,102,585Y,3661,2026-05-15
統一土城,4750.0,0,10,585Y,3661,2026-05-15
統一土城,4785.0,0,128,585Y,3661,2026-05-15
統一土城,4860.0,0,9,585Y,3661,2026-05-15
統一土城,4890.0,0,1,585Y,3661,2026-05-15
統一土城,4905.0,0,1,585Y,3661,2026-05-15
統一土城,4965.0,1000,0,585Y,3661,2026-05-15
統一松江,4700.0,1,0,585Z,3661,2026-05-15
統一松江,4710.0,0,1000,585Z,3661,2026-05-15
統一松江,4760.0,0,4,585Z,3661,2026-05-15
統一松江,4800.0,0,7,585Z,3661,2026-05-15
日茂,4730.0,0,1000,5960,3661,2026-05-15
統一東湖,4650.0,5,0,585R,3661,2026-05-15
?亞網路,4660.0,10,0,6012,3661,2026-05-15
統一三多,4835.0,1000,0,585Q,3661,2026-05-15
統一三多,4635.0,0,2000,585Q,3661,2026-05-15
統一桃園,4755.0,2000,1000,585H,3661,2026-05-15
統一桃園,4800.0,3000,0,585H,3661,2026-05-15
統一桃園,4850.0,0,2000,585H,3661,2026-05-15
統一員林,4700.0,150,0,585I,3661,2026-05-15
統一員林,4725.0,30,0,585I,3661,2026-05-15
統一員林,4770.0,30,0,585I,3661,2026-05-15
統一三重,4600.0,0,105,585J,3661,2026-05-15
統一三重,4615.0,0,50,585J,3661,2026-05-15
統一三重,4655.0,10,5,585J,3661,2026-05-15
統一三重,4690.0,0,1000,585J,3661,2026-05-15
統一三重,4710.0,10,0,585J,3661,2026-05-15
統一三重,4730.0,1000,3000,585J,3661,2026-05-15
統一三重,4740.0,0,2000,585J,3661,2026-05-15
統一竹南,4660.0,0,1000,585m,3661,2026-05-15
統一竹南,4750.0,10,0,585m,3661,2026-05-15
統一竹南,4830.0,1000,0,585m,3661,2026-05-15
統一竹南,4905.0,1000,0,585m,3661,2026-05-15
統一士林,4600.0,0,48,585M,3661,2026-05-15
統一士林,4685.0,10,0,585M,3661,2026-05-15
統一士林,4730.0,0,1000,585M,3661,2026-05-15
統一士林,4790.0,1000,0,585M,3661,2026-05-15
統一士林,4825.0,0,1000,585M,3661,2026-05-15
統一士林,4900.0,1242,253,585M,3661,2026-05-15
統一板橋,4630.0,10,0,585P,3661,2026-05-15
統一板橋,4705.0,0,1000,585P,3661,2026-05-15
統一三多,4795.0,0,50,585Q,3661,2026-05-15
統一桃園,4740.0,5,0,585H,3661,2026-05-15
?亞網路,4705.0,7,0,6012,3661,2026-05-15
?亞網路,4890.0,2,0,6012,3661,2026-05-15
中銀員林,4740.0,3,0,6114,3661,2026-05-15
中銀員林,4765.0,0,10,6114,3661,2026-05-15
中銀員林,4780.0,1,0,6114,3661,2026-05-15
中銀員林,4790.0,1,0,6114,3661,2026-05-15
中銀員林,4800.0,4,0,6114,3661,2026-05-15
中銀員林,4810.0,0,1000,6114,3661,2026-05-15
中銀員林,4910.0,0,10,6114,3661,2026-05-15
中銀台北,4605.0,10,0,6115,3661,2026-05-15
中銀台北,4615.0,10,0,6115,3661,2026-05-15
中銀台北,4715.0,10,0,6115,3661,2026-05-15
中銀高雄,4730.0,1000,0,6116,3661,2026-05-15
中銀豐原,4600.0,3,0,611A,3661,2026-05-15
中銀豐原,4650.0,5,0,611A,3661,2026-05-15
中銀豐原,4690.0,1,0,611A,3661,2026-05-15
中銀豐原,4710.0,5,0,611A,3661,2026-05-15
中銀豐原,4800.0,1,0,611A,3661,2026-05-15
中銀豐原,4830.0,150,0,611A,3661,2026-05-15
中國信託,4605.0,7000,0,6160,3661,2026-05-15
中國信託,4615.0,7,5,6160,3661,2026-05-15
中國信託,4625.0,17,80,6160,3661,2026-05-15
中國信託,4635.0,2,0,6160,3661,2026-05-15
中國信託,4650.0,10,13,6160,3661,2026-05-15
中國信託,4670.0,1030,0,6160,3661,2026-05-15
中國信託,4680.0,13,0,6160,3661,2026-05-15
中國信託,4690.0,0,100,6160,3661,2026-05-15
中銀員林,4720.0,0,35,6114,3661,2026-05-15
?亞網路,4750.0,314,0,6012,3661,2026-05-15
中銀員林,4700.0,10,0,6114,3661,2026-05-15
中銀員林,4680.0,9,0,6114,3661,2026-05-15
?亞鑫豐,4610.0,2,0,601d,3661,2026-05-15
?亞鑫豐,4650.0,2,0,601d,3661,2026-05-15
?亞鑫豐,4680.0,8,45,601d,3661,2026-05-15
?亞鑫豐,4710.0,0,2,601d,3661,2026-05-15
?亞鑫豐,4720.0,0,2,601d,3661,2026-05-15
?亞鑫豐,4750.0,5,0,601d,3661,2026-05-15
?亞鑫豐,4790.0,10,50,601d,3661,2026-05-15
?亞鑫豐,4835.0,0,100,601d,3661,2026-05-15
台中銀,4600.0,5,0,6110,3661,2026-05-15
台中銀,4610.0,4,0,6110,3661,2026-05-15
台中銀,4620.0,1,1000,6110,3661,2026-05-15
台中銀,4650.0,1,1,6110,3661,2026-05-15
台中銀,4670.0,16,0,6110,3661,2026-05-15
台中銀,4680.0,19,0,6110,3661,2026-05-15
台中銀,4700.0,12,0,6110,3661,2026-05-15
台中銀,4710.0,2,0,6110,3661,2026-05-15
台中銀,4720.0,2,0,6110,3661,2026-05-15
台中銀,4730.0,20,0,6110,3661,2026-05-15
台中銀,4760.0,7,0,6110,3661,2026-05-15
台中銀,4785.0,1,0,6110,3661,2026-05-15
中銀員林,4600.0,10,0,6114,3661,2026-05-15
中銀員林,4615.0,5,0,6114,3661,2026-05-15
中銀員林,4635.0,0,10,6114,3661,2026-05-15
中銀員林,4655.0,20,0,6114,3661,2026-05-15
中銀員林,4665.0,5,0,6114,3661,2026-05-15
中銀員林,4690.0,23,0,6114,3661,2026-05-15
統一桃園,4710.0,1000,0,585H,3661,2026-05-15
統一桃園,4700.0,1005,0,585H,3661,2026-05-15
統一桃園,4680.0,5,0,585H,3661,2026-05-15
統一高雄,4670.0,2,0,5851,3661,2026-05-15
統一高雄,4755.0,3,0,5851,3661,2026-05-15
統一高雄,4845.0,1,0,5851,3661,2026-05-15
統一高雄,4900.0,4,0,5851,3661,2026-05-15
統一敦南,4615.0,50,0,5852,3661,2026-05-15
統一敦南,4680.0,1001,0,5852,3661,2026-05-15
統一敦南,4700.0,0,10,5852,3661,2026-05-15
統一敦南,4720.0,10,0,5852,3661,2026-05-15
統一中壢,4600.0,12,0,5853,3661,2026-05-15
統一中壢,4700.0,10,10,5853,3661,2026-05-15
統一中壢,4740.0,10,0,5853,3661,2026-05-15
統一中壢,4865.0,0,7,5853,3661,2026-05-15
統一城中,4600.0,10,0,5854,3661,2026-05-15
統一城中,4620.0,0,5,5854,3661,2026-05-15
統一城中,4650.0,10,0,5854,3661,2026-05-15
統一城中,4690.0,0,30,5854,3661,2026-05-15
統一城中,4710.0,5,0,5854,3661,2026-05-15
統一城中,4755.0,10,0,5854,3661,2026-05-15
統一城中,4810.0,30,0,5854,3661,2026-05-15
統一城中,4870.0,0,2,5854,3661,2026-05-15
統一台南,4600.0,10,30,5855,3661,2026-05-15
統一台南,4630.0,0,90,5855,3661,2026-05-15
統一台南,4660.0,5,0,5855,3661,2026-05-15
統一台南,4690.0,0,10,5855,3661,2026-05-15
統一台南,4705.0,2,10,5855,3661,2026-05-15
統一高雄,4650.0,1,0,5851,3661,2026-05-15
統一台南,4790.0,10,0,5855,3661,2026-05-15
統一高雄,4615.0,0,82,5851,3661,2026-05-15
統一,4900.0,0,400,5850,3661,2026-05-15
永興水湳,4840.0,10,0,5602,3661,2026-05-15
永興台中,4620.0,30,0,5603,3661,2026-05-15
日進,4790.0,0,100,5660,3661,2026-05-15
統一,4600.0,1036,0,5850,3661,2026-05-15
統一,4610.0,103,0,5850,3661,2026-05-15
統一,4620.0,2,1000,5850,3661,2026-05-15
統一,4635.0,1121,1000,5850,3661,2026-05-15
統一,4650.0,1,0,5850,3661,2026-05-15
統一,4660.0,1002,1000,5850,3661,2026-05-15
統一,4675.0,0,3100,5850,3661,2026-05-15
統一,4685.0,0,2100,5850,3661,2026-05-15
統一,4695.0,10,7000,5850,3661,2026-05-15
統一,4705.0,0,6100,5850,3661,2026-05-15
統一,4715.0,0,4100,5850,3661,2026-05-15
統一,4725.0,1,2301,5850,3661,2026-05-15
統一,4735.0,2,1000,5850,3661,2026-05-15
統一,4745.0,0,1000,5850,3661,2026-05-15
統一,4755.0,193,1000,5850,3661,2026-05-15
統一,4770.0,0,1000,5850,3661,2026-05-15
統一,4790.0,0,450,5850,3661,2026-05-15
統一,4800.0,30,500,5850,3661,2026-05-15
統一,4815.0,1,100,5850,3661,2026-05-15
統一,4825.0,1,0,5850,3661,2026-05-15
統一,4850.0,0,1000,5850,3661,2026-05-15
統一,4880.0,10,0,5850,3661,2026-05-15
統一,4970.0,1000,0,5850,3661,2026-05-15
統一台南,4800.0,10,0,5855,3661,2026-05-15
統一台南,4860.0,1000,0,5855,3661,2026-05-15
統一台中,4610.0,1,0,5856,3661,2026-05-15
統一內湖,4700.0,10,0,585b,3661,2026-05-15
統一內湖,4730.0,10,0,585b,3661,2026-05-15
統一內湖,4775.0,10,0,585b,3661,2026-05-15
統一內湖,4900.0,2,0,585b,3661,2026-05-15
統一永和,4600.0,100,0,585B,3661,2026-05-15
統一仁愛,4620.0,10,0,585c,3661,2026-05-15
統一仁愛,4675.0,0,10,585c,3661,2026-05-15
統一仁愛,4695.0,10,0,585c,3661,2026-05-15
統一仁愛,4705.0,10,0,585c,3661,2026-05-15
統一仁愛,4755.0,1000,0,585c,3661,2026-05-15
統一仁愛,4795.0,10,1000,585c,3661,2026-05-15
統一仁愛,4835.0,1000,0,585c,3661,2026-05-15
統一仁愛,4890.0,0,10,585c,3661,2026-05-15
統一新台中,4600.0,20,0,585D,3661,2026-05-15
統一新台中,4680.0,8,0,585D,3661,2026-05-15
統一新台中,4800.0,1000,0,585D,3661,2026-05-15
統一新營,4700.0,10,0,585E,3661,2026-05-15
統一彰化,4670.0,2,0,585F,3661,2026-05-15
統一彰化,4810.0,15,0,585F,3661,2026-05-15
統一平鎮,4600.0,50,80,585g,3661,2026-05-15
統一平鎮,4660.0,100,0,585g,3661,2026-05-15
統一平鎮,4700.0,1,0,585g,3661,2026-05-15
統一平鎮,4780.0,2,0,585g,3661,2026-05-15
統一桃園,4615.0,5,0,585H,3661,2026-05-15
統一桃園,4655.0,5,0,585H,3661,2026-05-15
統一內湖,4680.0,10,0,585b,3661,2026-05-15
統一內湖,4655.0,0,20,585b,3661,2026-05-15
統一內湖,4600.0,21,0,585b,3661,2026-05-15
統一基隆,4730.0,1,0,585A,3661,2026-05-15
統一台中,4620.0,1,2000,5856,3661,2026-05-15
統一台中,4635.0,10,0,5856,3661,2026-05-15
統一台中,4650.0,1,0,5856,3661,2026-05-15
統一台中,4670.0,2,0,5856,3661,2026-05-15
統一台中,4690.0,5,0,5856,3661,2026-05-15
統一台中,4720.0,5,0,5856,3661,2026-05-15
統一台中,4800.0,2000,0,5856,3661,2026-05-15
統一台中,4820.0,0,10,5856,3661,2026-05-15
統一台中,4890.0,0,34,5856,3661,2026-05-15
統一台中,4910.0,10,0,5856,3661,2026-05-15
統一新竹,4670.0,50,0,5857,3661,2026-05-15
統一新竹,4680.0,1,0,5857,3661,2026-05-15
中國信託,4700.0,1006,1101,6160,3661,2026-05-15
統一新竹,4695.0,5,0,5857,3661,2026-05-15
統一新竹,4715.0,10,20,5857,3661,2026-05-15
統一新竹,4725.0,10,0,5857,3661,2026-05-15
統一新竹,4775.0,10,0,5857,3661,2026-05-15
統一新竹,4795.0,5,0,5857,3661,2026-05-15
統一新竹,4820.0,5,0,5857,3661,2026-05-15
統一新竹,4920.0,0,1000,5857,3661,2026-05-15
統一嘉義,4640.0,1,0,5858,3661,2026-05-15
統一嘉義,4705.0,1,0,5858,3661,2026-05-15
統一屏東,4660.0,0,10,5859,3661,2026-05-15
統一屏東,4710.0,2,0,5859,3661,2026-05-15
統一基隆,4600.0,10,0,585A,3661,2026-05-15
統一基隆,4670.0,1,0,585A,3661,2026-05-15
統一新竹,4705.0,5,0,5857,3661,2026-05-15
永興水湳,4635.0,20,0,5602,3661,2026-05-15
中國信託,4710.0,10,0,6160,3661,2026-05-15
中國信託,4730.0,0,20,6160,3661,2026-05-15
大昌安康,4665.0,15,0,6462,3661,2026-05-15
大昌安康,4675.0,10,0,6462,3661,2026-05-15
大昌安康,4695.0,5,0,6462,3661,2026-05-15
大昌安康,4705.0,46,0,6462,3661,2026-05-15
大昌安康,4720.0,10,0,6462,3661,2026-05-15
大昌新店,4600.0,62,0,6464,3661,2026-05-15
大昌新店,4635.0,0,12,6464,3661,2026-05-15
大昌新店,4650.0,17,0,6464,3661,2026-05-15
大昌新店,4690.0,100,0,6464,3661,2026-05-15
大昌新店,4715.0,40,0,6464,3661,2026-05-15
大昌新店,4790.0,0,1000,6464,3661,2026-05-15
大昌桃園,4605.0,10,0,6465,3661,2026-05-15
大昌桃園,4665.0,0,5,6465,3661,2026-05-15
福邦,4775.0,4,0,6480,3661,2026-05-15
口袋,4600.0,37,40,6620,3661,2026-05-15
口袋,4610.0,7,0,6620,3661,2026-05-15
口袋,4620.0,1,0,6620,3661,2026-05-15
口袋,4630.0,6,2,6620,3661,2026-05-15
口袋,4645.0,1,40,6620,3661,2026-05-15
口袋,4655.0,0,4,6620,3661,2026-05-15
口袋,4665.0,1,0,6620,3661,2026-05-15
口袋,4675.0,2,0,6620,3661,2026-05-15
口袋,4685.0,4,0,6620,3661,2026-05-15
口袋,4695.0,0,100,6620,3661,2026-05-15
口袋,4705.0,1,163,6620,3661,2026-05-15
大昌安康,4655.0,0,20,6462,3661,2026-05-15
口袋,4715.0,0,27,6620,3661,2026-05-15
大昌安康,4630.0,30,0,6462,3661,2026-05-15
大昌安康,4600.0,30,0,6462,3661,2026-05-15
光和,4625.0,500,0,6380,3661,2026-05-15
光和,4700.0,2,0,6380,3661,2026-05-15
光和,4715.0,1000,0,6380,3661,2026-05-15
光和溪湖,4690.0,1,0,6381,3661,2026-05-15
光和溪湖,4765.0,0,1,6381,3661,2026-05-15
光和田中,4695.0,5,0,6382,3661,2026-05-15
光和花壇,4700.0,5,0,6385,3661,2026-05-15
光和高雄,4610.0,0,1000,638D,3661,2026-05-15
永全南崁,4610.0,5,0,6451,3661,2026-05-15
永全南崁,4715.0,20,0,6451,3661,2026-05-15
永全南崁,4775.0,1000,0,6451,3661,2026-05-15
永全八德,4800.0,10,0,6452,3661,2026-05-15
大昌,4600.0,15,0,6460,3661,2026-05-15
大昌,4625.0,1,0,6460,3661,2026-05-15
大昌,4675.0,100,0,6460,3661,2026-05-15
大昌,4690.0,10,0,6460,3661,2026-05-15
大昌,4720.0,5,0,6460,3661,2026-05-15
大昌,4745.0,0,1000,6460,3661,2026-05-15
大昌,4790.0,10,0,6460,3661,2026-05-15
大昌,4810.0,10,0,6460,3661,2026-05-15
大昌,4890.0,10,0,6460,3661,2026-05-15
大昌,4910.0,0,20,6460,3661,2026-05-15
大昌樹林,4635.0,1,0,6461,3661,2026-05-15
大昌樹林,4650.0,30,0,6461,3661,2026-05-15
大昌樹林,4725.0,10,0,6461,3661,2026-05-15
大昌安康,4610.0,10,0,6462,3661,2026-05-15
新百王,4805.0,100,0,6210,3661,2026-05-15
口袋,4725.0,3,30,6620,3661,2026-05-15
口袋,4760.0,6,10,6620,3661,2026-05-15
兆豐台中,4720.0,75,0,7003,3661,2026-05-15
兆豐台中,4730.0,1000,0,7003,3661,2026-05-15
兆豐台中,4740.0,10,1,7003,3661,2026-05-15
兆豐台中,4780.0,0,1000,7003,3661,2026-05-15
兆豐台中,4800.0,5,0,7003,3661,2026-05-15
兆豐台中,4815.0,2,0,7003,3661,2026-05-15
兆豐中港,4600.0,75,0,7005,3661,2026-05-15
兆豐中港,4635.0,10,0,7005,3661,2026-05-15
兆豐中港,4650.0,127,0,7005,3661,2026-05-15
兆豐中港,4670.0,0,200,7005,3661,2026-05-15
兆豐中港,4680.0,11,0,7005,3661,2026-05-15
兆豐中港,4700.0,110,440,7005,3661,2026-05-15
兆豐中港,4710.0,10,0,7005,3661,2026-05-15
兆豐中港,4720.0,50,0,7005,3661,2026-05-15
兆豐中港,4775.0,30,0,7005,3661,2026-05-15
兆豐中港,4825.0,10,0,7005,3661,2026-05-15
兆豐中港,4875.0,5,0,7005,3661,2026-05-15
兆豐台南,4620.0,1,0,7006,3661,2026-05-15
兆豐台南,4650.0,0,35,7006,3661,2026-05-15
兆豐台南,4680.0,0,1000,7006,3661,2026-05-15
兆豐竹北,4600.0,0,50,7007,3661,2026-05-15
兆豐竹北,4620.0,0,1,7007,3661,2026-05-15
兆豐竹北,4650.0,4,0,7007,3661,2026-05-15
兆豐竹北,4690.0,0,2,7007,3661,2026-05-15
兆豐竹北,4700.0,0,2,7007,3661,2026-05-15
兆豐台中,4705.0,35,0,7003,3661,2026-05-15
口袋,4735.0,0,10,6620,3661,2026-05-15
兆豐台中,4690.0,4,0,7003,3661,2026-05-15
兆豐台中,4670.0,5,0,7003,3661,2026-05-15
口袋,4770.0,4,0,6620,3661,2026-05-15
口袋,4785.0,2,0,6620,3661,2026-05-15
口袋,4800.0,3,0,6620,3661,2026-05-15
口袋,4825.0,3,0,6620,3661,2026-05-15
口袋,4850.0,10,0,6620,3661,2026-05-15
口袋,4885.0,4,0,6620,3661,2026-05-15
德信,4705.0,0,50,6910,3661,2026-05-15
德信中正,4640.0,10,0,6912,3661,2026-05-15
德信中正,4710.0,1,0,6912,3661,2026-05-15
德信中正,4820.0,1,0,6912,3661,2026-05-15
德信和平,4700.0,8,0,6915,3661,2026-05-15
福勝,4795.0,20,0,6950,3661,2026-05-15
兆豐,4615.0,0,210,7000,3661,2026-05-15
兆豐,4670.0,100,0,7000,3661,2026-05-15
兆豐,4705.0,0,1000,7000,3661,2026-05-15
兆豐,4715.0,10,0,7000,3661,2026-05-15
兆豐,4790.0,0,1000,7000,3661,2026-05-15
兆豐,4915.0,1000,0,7000,3661,2026-05-15
兆豐嘉義,4620.0,5,0,7001,3661,2026-05-15
兆豐嘉義,4700.0,2,0,7001,3661,2026-05-15
兆豐嘉義,4725.0,1,5,7001,3661,2026-05-15
兆豐台中,4605.0,0,5,7003,3661,2026-05-15
兆豐台中,4615.0,110,0,7003,3661,2026-05-15
兆豐台中,4645.0,4,0,7003,3661,2026-05-15
兆豐台中,4655.0,6,0,7003,3661,2026-05-15
兆豐台中,4680.0,10,0,7003,3661,2026-05-15
新百王,4785.0,50,0,6210,3661,2026-05-15
新百王,4755.0,120,0,6210,3661,2026-05-15
新百王,4745.0,50,0,6210,3661,2026-05-15
中信託忠,4875.0,1000,0,6162,3661,2026-05-15
中信託忠,4900.0,30,100,6162,3661,2026-05-15
中信託忠,4980.0,1000,0,6162,3661,2026-05-15
中信託永,4605.0,15,0,6163,3661,2026-05-15
中信託永,4625.0,0,25,6163,3661,2026-05-15
中信託永,4635.0,22,0,6163,3661,2026-05-15
中信託永,4660.0,0,15,6163,3661,2026-05-15
中信託永,4670.0,9,1000,6163,3661,2026-05-15
中信託永,4685.0,10,0,6163,3661,2026-05-15
中信託永,4700.0,45,0,6163,3661,2026-05-15
中信託永,4710.0,10,0,6163,3661,2026-05-15
中信託永,4725.0,0,5,6163,3661,2026-05-15
中信託永,4770.0,5,0,6163,3661,2026-05-15
中信託永,4795.0,0,50,6163,3661,2026-05-15
中信託永,4870.0,2,0,6163,3661,2026-05-15
中信託永,4900.0,0,100,6163,3661,2026-05-15
中信託文,4600.0,31,50,6164,3661,2026-05-15
中信託文,4610.0,120,90,6164,3661,2026-05-15
中信託文,4630.0,0,20,6164,3661,2026-05-15
中信託文,4640.0,0,1005,6164,3661,2026-05-15
中信託文,4650.0,22,45,6164,3661,2026-05-15
中信託文,4665.0,2,0,6164,3661,2026-05-15
中信託文,4675.0,5,0,6164,3661,2026-05-15
中信託文,4695.0,1000,0,6164,3661,2026-05-15
中信託文,4705.0,1,0,6164,3661,2026-05-15
中信託忠,4860.0,305,0,6162,3661,2026-05-15
中信託文,4715.0,50,0,6164,3661,2026-05-15
中信託忠,4835.0,0,16,6162,3661,2026-05-15
中信託忠,4780.0,1000,0,6162,3661,2026-05-15
中國信託,4750.0,22,150,6160,3661,2026-05-15
中國信託,4765.0,2,0,6160,3661,2026-05-15
中國信託,4775.0,2,0,6160,3661,2026-05-15
中國信託,4785.0,0,105,6160,3661,2026-05-15
中國信託,4800.0,115,190,6160,3661,2026-05-15
中國信託,4810.0,0,107,6160,3661,2026-05-15
中國信託,4830.0,1,0,6160,3661,2026-05-15
中國信託,4870.0,80,0,6160,3661,2026-05-15
中國信託,4910.0,100,121,6160,3661,2026-05-15
中信三重,4600.0,1,0,6161,3661,2026-05-15
中信三重,4635.0,6,0,6161,3661,2026-05-15
中信三重,4665.0,5,0,6161,3661,2026-05-15
中信三重,4700.0,103,0,6161,3661,2026-05-15
中信三重,4750.0,0,122,6161,3661,2026-05-15
中信託忠,4600.0,45,55,6162,3661,2026-05-15
中信託忠,4610.0,0,1000,6162,3661,2026-05-15
中信託忠,4620.0,2,0,6162,3661,2026-05-15
中信託忠,4630.0,10,1000,6162,3661,2026-05-15
中信託忠,4655.0,1010,0,6162,3661,2026-05-15
中信託忠,4680.0,5,0,6162,3661,2026-05-15
中信託忠,4695.0,20,0,6162,3661,2026-05-15
中信託忠,4710.0,15,20,6162,3661,2026-05-15
中信託忠,4725.0,25,1000,6162,3661,2026-05-15
中信託忠,4740.0,10,0,6162,3661,2026-05-15
中信託忠,4755.0,300,0,6162,3661,2026-05-15
中信託忠,4800.0,20,0,6162,3661,2026-05-15
中信託文,4730.0,1010,0,6164,3661,2026-05-15
中信託文,4740.0,23,0,6164,3661,2026-05-15
中信託文,4750.0,1000,70,6164,3661,2026-05-15
中信中壢,4685.0,102,0,616A,3661,2026-05-15
中信中壢,4695.0,2,0,616A,3661,2026-05-15
中信中壢,4715.0,0,10,616A,3661,2026-05-15
中信中壢,4735.0,0,10,616A,3661,2026-05-15
中信中壢,4760.0,40,0,616A,3661,2026-05-15
中信中壢,4795.0,0,4,616A,3661,2026-05-15
中信中壢,4830.0,3,0,616A,3661,2026-05-15
中信託高,4600.0,20,0,616K,3661,2026-05-15
中信託高,4610.0,10,0,616K,3661,2026-05-15
中信託高,4630.0,0,1000,616K,3661,2026-05-15
中信託高,4640.0,1,0,616K,3661,2026-05-15
中信託高,4660.0,1,5,616K,3661,2026-05-15
中信託高,4670.0,13,0,616K,3661,2026-05-15
中信託高,4680.0,35,0,616K,3661,2026-05-15
中信託高,4700.0,16,0,616K,3661,2026-05-15
中信託高,4730.0,10,0,616K,3661,2026-05-15
中信託高,4760.0,8,0,616K,3661,2026-05-15
中信託高,4780.0,10,0,616K,3661,2026-05-15
中信託高,4810.0,14,0,616K,3661,2026-05-15
中信託高,4840.0,5,0,616K,3661,2026-05-15
中信託高,4885.0,10,0,616K,3661,2026-05-15
中信託高,4910.0,6,0,616K,3661,2026-05-15
新百王,4605.0,20,0,6210,3661,2026-05-15
新百王,4650.0,1,0,6210,3661,2026-05-15
新百王,4700.0,51,0,6210,3661,2026-05-15
中信中壢,4670.0,3,50,616A,3661,2026-05-15
中信中壢,4655.0,20,0,616A,3661,2026-05-15
中信中壢,4625.0,1,0,616A,3661,2026-05-15
中信中壢,4605.0,1000,1000,616A,3661,2026-05-15
中信託文,4770.0,2000,0,6164,3661,2026-05-15
中信託文,4800.0,15,10,6164,3661,2026-05-15
中信託文,4830.0,30,0,6164,3661,2026-05-15
中信託文,4845.0,3,0,6164,3661,2026-05-15
中信託新,4600.0,50,0,6165,3661,2026-05-15
中信託新,4610.0,2020,0,6165,3661,2026-05-15
中信託新,4660.0,0,20,6165,3661,2026-05-15
中信託新,4675.0,0,1000,6165,3661,2026-05-15
中信託新,4690.0,0,1000,6165,3661,2026-05-15
中信託新,4705.0,3,1000,6165,3661,2026-05-15
中信託新,4715.0,1001,0,6165,3661,2026-05-15
中信託新,4735.0,0,1000,6165,3661,2026-05-15
中國信託,4720.0,7,2,6160,3661,2026-05-15
中信託新,4780.0,1,0,6165,3661,2026-05-15
中信松江,4630.0,10,0,6167,3661,2026-05-15
中信松江,4660.0,8,0,6167,3661,2026-05-15
中信松江,4685.0,5,1000,6167,3661,2026-05-15
中信松江,4710.0,5,0,6167,3661,2026-05-15
中信松江,4725.0,0,13,6167,3661,2026-05-15
中信松江,4740.0,10,0,6167,3661,2026-05-15
中信嘉義,4600.0,5,0,6168,3661,2026-05-15
中信嘉義,4655.0,20,0,6168,3661,2026-05-15
中信嘉義,4700.0,1005,0,6168,3661,2026-05-15
中信嘉義,4715.0,5,0,6168,3661,2026-05-15
中信嘉義,4815.0,0,40,6168,3661,2026-05-15
中信嘉義,4845.0,1000,0,6168,3661,2026-05-15
中信松江,4615.0,0,35,6167,3661,2026-05-15
企銀豐原,4615.0,10,0,1118,3661,2026-05-15
永興水湳,4595.0,150,0,5602,3661,2026-05-15
第一中壢,4780.0,1000,0,538Y,3661,2026-05-15
美商高盛,4630.0,13008,7000,1480,3661,2026-05-15
美商高盛,4640.0,2000,0,1480,3661,2026-05-15
美商高盛,4650.0,10000,3000,1480,3661,2026-05-15
美商高盛,4660.0,3000,3000,1480,3661,2026-05-15
美商高盛,4670.0,7000,7000,1480,3661,2026-05-15
美商高盛,4680.0,5000,6000,1480,3661,2026-05-15
美商高盛,4690.0,7000,1000,1480,3661,2026-05-15
美商高盛,4700.0,5000,14000,1480,3661,2026-05-15
美商高盛,4710.0,5000,8000,1480,3661,2026-05-15
美商高盛,4720.0,1000,14000,1480,3661,2026-05-15
美商高盛,4730.0,0,2000,1480,3661,2026-05-15
美商高盛,4745.0,3000,2000,1480,3661,2026-05-15
美商高盛,4755.0,0,4000,1480,3661,2026-05-15
美商高盛,4765.0,0,1000,1480,3661,2026-05-15
美商高盛,4775.0,2000,1000,1480,3661,2026-05-15
美商高盛,4785.0,3000,0,1480,3661,2026-05-15
美商高盛,4795.0,0,5000,1480,3661,2026-05-15
美商高盛,4805.0,1000,2000,1480,3661,2026-05-15
美商高盛,4820.0,0,4000,1480,3661,2026-05-15
美商高盛,4835.0,0,6000,1480,3661,2026-05-15
美商高盛,4845.0,0,3000,1480,3661,2026-05-15
美商高盛,4860.0,0,2000,1480,3661,2026-05-15
美商高盛,4880.0,0,1000,1480,3661,2026-05-15
美商高盛,4890.0,0,2000,1480,3661,2026-05-15
美商高盛,4905.0,6000,2000,1480,3661,2026-05-15
美商高盛,4620.0,11000,8000,1480,3661,2026-05-15
美商高盛,4915.0,0,1000,1480,3661,2026-05-15
美商高盛,4610.0,15000,6000,1480,3661,2026-05-15
台灣摩根,4990.0,7000,1000,1470,3661,2026-05-15
台灣摩根,4655.0,5000,0,1470,3661,2026-05-15
台灣摩根,4665.0,1000,0,1470,3661,2026-05-15
台灣摩根,4675.0,3000,0,1470,3661,2026-05-15
台灣摩根,4685.0,5000,0,1470,3661,2026-05-15
台灣摩根,4695.0,5000,0,1470,3661,2026-05-15
台灣摩根,4705.0,13000,1000,1470,3661,2026-05-15
台灣摩根,4715.0,5000,0,1470,3661,2026-05-15
台灣摩根,4725.0,0,5000,1470,3661,2026-05-15
台灣摩根,4740.0,6000,0,1470,3661,2026-05-15
台灣摩根,4750.0,1000,7000,1470,3661,2026-05-15
台灣摩根,4770.0,5000,0,1470,3661,2026-05-15
台灣摩根,4780.0,1000,4000,1470,3661,2026-05-15
台灣摩根,4790.0,2000,0,1470,3661,2026-05-15
台灣摩根,4800.0,5000,4000,1470,3661,2026-05-15
台灣摩根,4810.0,0,2000,1470,3661,2026-05-15
台灣摩根,4850.0,2000,6000,1470,3661,2026-05-15
台灣摩根,4860.0,5000,3000,1470,3661,2026-05-15
台灣摩根,4870.0,1000,0,1470,3661,2026-05-15
台灣摩根,4885.0,0,5000,1470,3661,2026-05-15
台灣摩根,4895.0,0,1000,1470,3661,2026-05-15
台灣摩根,4905.0,2000,2000,1470,3661,2026-05-15
台灣摩根,4915.0,2000,1000,1470,3661,2026-05-15
台灣摩根,4945.0,1000,0,1470,3661,2026-05-15
台灣摩根,4955.0,1000,0,1470,3661,2026-05-15
台灣摩根,4975.0,3000,5000,1470,3661,2026-05-15
美商高盛,4600.0,1000,3000,1480,3661,2026-05-15
台灣摩根,4645.0,2000,0,1470,3661,2026-05-15
美商高盛,4950.0,0,3000,1480,3661,2026-05-15
美商高盛,4985.0,1000,0,1480,3661,2026-05-15
瑞銀,4775.0,4000,2000,1650,3661,2026-05-15
瑞銀,4785.0,9000,3000,1650,3661,2026-05-15
瑞銀,4795.0,0,1000,1650,3661,2026-05-15
瑞銀,4805.0,0,3000,1650,3661,2026-05-15
瑞銀,4815.0,0,2000,1650,3661,2026-05-15
瑞銀,4835.0,0,2000,1650,3661,2026-05-15
瑞銀,4845.0,0,4000,1650,3661,2026-05-15
瑞銀,4855.0,336,1000,1650,3661,2026-05-15
瑞銀,4865.0,1000,2000,1650,3661,2026-05-15
瑞銀,4875.0,2000,3000,1650,3661,2026-05-15
瑞銀,4885.0,3000,2000,1650,3661,2026-05-15
瑞銀,4895.0,1000,0,1650,3661,2026-05-15
瑞銀,4910.0,2000,1000,1650,3661,2026-05-15
瑞銀,4955.0,0,3000,1650,3661,2026-05-15
瑞銀,4970.0,0,6000,1650,3661,2026-05-15
瑞銀,4980.0,0,2000,1650,3661,2026-05-15
瑞銀,4990.0,2000,10000,1650,3661,2026-05-15
瑞銀,5000.0,0,1000,1650,3661,2026-05-15
亞東,4650.0,100,0,2180,3661,2026-05-15
亞東,4675.0,20,0,2180,3661,2026-05-15
亞東,4700.0,70,0,2180,3661,2026-05-15
亞東,4760.0,50,0,2180,3661,2026-05-15
亞東,4815.0,10,0,2180,3661,2026-05-15
亞東,4900.0,0,10,2180,3661,2026-05-15
亞東板橋,4605.0,1,0,2181,3661,2026-05-15
瑞銀,4765.0,0,2000,1650,3661,2026-05-15
美商高盛,4960.0,0,1000,1480,3661,2026-05-15
瑞銀,4755.0,1000,1000,1650,3661,2026-05-15
瑞銀,4735.0,0,1000,1650,3661,2026-05-15
港商野村,4630.0,0,2000,1560,3661,2026-05-15
港商野村,4720.0,2000,0,1560,3661,2026-05-15
港商野村,4750.0,1000,0,1560,3661,2026-05-15
港商野村,4760.0,4000,3000,1560,3661,2026-05-15
港商野村,4800.0,0,1000,1560,3661,2026-05-15
港商野村,4840.0,3000,0,1560,3661,2026-05-15
港商野村,4915.0,1000,0,1560,3661,2026-05-15
港商野村,4955.0,2000,0,1560,3661,2026-05-15
花旗環球,4625.0,3000,0,1590,3661,2026-05-15
花旗環球,4635.0,2000,0,1590,3661,2026-05-15
花旗環球,4655.0,1000,0,1590,3661,2026-05-15
花旗環球,4910.0,0,1000,1590,3661,2026-05-15
瑞銀,4600.0,7000,1000,1650,3661,2026-05-15
瑞銀,4610.0,1000,3000,1650,3661,2026-05-15
瑞銀,4620.0,366,0,1650,3661,2026-05-15
瑞銀,4630.0,11000,11000,1650,3661,2026-05-15
瑞銀,4640.0,2000,3000,1650,3661,2026-05-15
瑞銀,4650.0,11000,0,1650,3661,2026-05-15
瑞銀,4660.0,1000,3000,1650,3661,2026-05-15
瑞銀,4670.0,0,2000,1650,3661,2026-05-15
瑞銀,4680.0,1000,1000,1650,3661,2026-05-15
瑞銀,4690.0,0,2000,1650,3661,2026-05-15
瑞銀,4700.0,22000,5000,1650,3661,2026-05-15
瑞銀,4710.0,0,5000,1650,3661,2026-05-15
瑞銀,4720.0,10000,2000,1650,3661,2026-05-15
瑞銀,4745.0,2000,5000,1650,3661,2026-05-15
台灣摩根,4635.0,15000,0,1470,3661,2026-05-15
台灣摩根,4625.0,9000,0,1470,3661,2026-05-15
台灣摩根,4615.0,3000,0,1470,3661,2026-05-15
彰銀七賢,4740.0,1,0,1232,3661,2026-05-15
彰銀台中,4600.0,110,0,1233,3661,2026-05-15
彰銀台中,4615.0,10,0,1233,3661,2026-05-15
彰銀台中,4670.0,1,0,1233,3661,2026-05-15
彰銀台中,4680.0,10,0,1233,3661,2026-05-15
彰銀台中,4700.0,10,0,1233,3661,2026-05-15
彰銀台中,4730.0,10,0,1233,3661,2026-05-15
彰銀台中,4800.0,0,10,1233,3661,2026-05-15
彰銀台中,4865.0,0,1,1233,3661,2026-05-15
宏遠,4680.0,5,0,1260,3661,2026-05-15
宏遠,4720.0,205,0,1260,3661,2026-05-15
宏遠,4760.0,5,0,1260,3661,2026-05-15
宏遠,4830.0,1000,0,1260,3661,2026-05-15
宏遠民生,4700.0,0,28,1261,3661,2026-05-15
宏遠桃園,4610.0,1,0,1262,3661,2026-05-15
宏遠桃園,4655.0,1,0,1262,3661,2026-05-15
宏遠桃園,4700.0,2,0,1262,3661,2026-05-15
宏遠桃園,4730.0,1,0,1262,3661,2026-05-15
宏遠桃園,4750.0,1,0,1262,3661,2026-05-15
宏遠桃園,4915.0,1000,0,1262,3661,2026-05-15
宏遠台南,4620.0,0,30,126D,3661,2026-05-15
宏遠台南,4710.0,0,3,126D,3661,2026-05-15
宏遠台南,4720.0,0,1000,126D,3661,2026-05-15
宏遠台南,4770.0,0,4,126D,3661,2026-05-15
宏遠台南,4835.0,1000,0,126D,3661,2026-05-15
彰銀七賢,4715.0,0,30,1232,3661,2026-05-15
宏遠中和,4670.0,5,0,126H,3661,2026-05-15
彰銀七賢,4650.0,0,100,1232,3661,2026-05-15
彰銀,4725.0,20,0,1230,3661,2026-05-15
企銀豐原,4650.0,50,0,1118,3661,2026-05-15
企銀豐原,4700.0,25,0,1118,3661,2026-05-15
企銀豐原,4730.0,1000,0,1118,3661,2026-05-15
企銀豐原,4745.0,1000,0,1118,3661,2026-05-15
企銀豐原,4760.0,1000,0,1118,3661,2026-05-15
企銀豐原,4795.0,3000,0,1118,3661,2026-05-15
企銀豐原,4835.0,0,3000,1118,3661,2026-05-15
企銀岡山,4655.0,3,0,1119,3661,2026-05-15
企銀岡山,4695.0,5,0,1119,3661,2026-05-15
企銀岡山,4750.0,5,0,1119,3661,2026-05-15
企銀民雄,4630.0,0,1000,111A,3661,2026-05-15
台企建成,4600.0,2,0,111B,3661,2026-05-15
台企建成,4685.0,2,0,111B,3661,2026-05-15
台企建成,4740.0,3,0,111B,3661,2026-05-15
台企建成,4865.0,4,0,111B,3661,2026-05-15
企銀桃園,4710.0,0,1000,111E,3661,2026-05-15
企銀北高,4655.0,10,0,111F,3661,2026-05-15
企銀北高,4725.0,0,100,111F,3661,2026-05-15
企銀北高,4890.0,0,108,111F,3661,2026-05-15
企銀埔墘,4640.0,1,0,111G,3661,2026-05-15
企銀埔墘,4700.0,10,0,111G,3661,2026-05-15
企銀埔墘,4715.0,1,0,111G,3661,2026-05-15
企銀埔墘,4760.0,1,0,111G,3661,2026-05-15
彰銀,4620.0,100,0,1230,3661,2026-05-15
彰銀,4680.0,100,0,1230,3661,2026-05-15
彰銀七賢,4600.0,0,1,1232,3661,2026-05-15
宏遠中和,4700.0,2,0,126H,3661,2026-05-15
宏遠光隆,4600.0,1,0,126i,3661,2026-05-15
宏遠光隆,4700.0,1,0,126i,3661,2026-05-15
美林,4735.0,2000,0,1440,3661,2026-05-15
美林,4745.0,4000,1000,1440,3661,2026-05-15
美林,4755.0,2000,0,1440,3661,2026-05-15
美林,4765.0,3000,0,1440,3661,2026-05-15
美林,4775.0,2000,0,1440,3661,2026-05-15
美林,4785.0,7000,1000,1440,3661,2026-05-15
美林,4795.0,2000,1000,1440,3661,2026-05-15
美林,4805.0,0,1000,1440,3661,2026-05-15
美林,4815.0,3000,0,1440,3661,2026-05-15
美林,4825.0,3000,0,1440,3661,2026-05-15
美林,4835.0,3000,0,1440,3661,2026-05-15
美林,4845.0,4000,0,1440,3661,2026-05-15
美林,4855.0,6000,0,1440,3661,2026-05-15
美林,4865.0,2000,0,1440,3661,2026-05-15
美林,4875.0,1000,0,1440,3661,2026-05-15
美林,4890.0,1000,0,1440,3661,2026-05-15
美林,4900.0,2000,1000,1440,3661,2026-05-15
美林,4910.0,4000,1000,1440,3661,2026-05-15
美林,4920.0,1000,1000,1440,3661,2026-05-15
美林,4950.0,1000,1000,1440,3661,2026-05-15
美林,4965.0,2000,9000,1440,3661,2026-05-15
美林,4975.0,3000,0,1440,3661,2026-05-15
美林,4985.0,1000,0,1440,3661,2026-05-15
台灣摩根,4595.0,1000,0,1470,3661,2026-05-15
台灣摩根,4605.0,43000,25000,1470,3661,2026-05-15
美林,4725.0,7000,1000,1440,3661,2026-05-15
美林,4715.0,10000,0,1440,3661,2026-05-15
美林,4705.0,12000,2000,1440,3661,2026-05-15
美林,4695.0,9000,0,1440,3661,2026-05-15
宏遠光隆,4750.0,60,0,126i,3661,2026-05-15
宏遠光隆,4805.0,50,0,126i,3661,2026-05-15
宏遠台中,4705.0,1000,0,126L,3661,2026-05-15
宏遠台中,4780.0,1000,80,126L,3661,2026-05-15
宏遠高雄,4660.0,5,0,126Q,3661,2026-05-15
宏遠高雄,4675.0,50,0,126Q,3661,2026-05-15
宏遠高雄,4775.0,2000,0,126Q,3661,2026-05-15
宏遠高雄,4865.0,0,2000,126Q,3661,2026-05-15
宏遠館前,4605.0,0,1000,126U,3661,2026-05-15
宏遠館前,4705.0,0,1000,126U,3661,2026-05-15
宏遠館前,4815.0,2,0,126U,3661,2026-05-15
宏遠館前,4895.0,3,0,126U,3661,2026-05-15
亞東板橋,4630.0,1,0,2181,3661,2026-05-15
宏遠館前,4910.0,1000,0,126U,3661,2026-05-15
港麥格理,4605.0,3000,0,1360,3661,2026-05-15
港麥格理,4760.0,1000,0,1360,3661,2026-05-15
港麥格理,4990.0,1000,0,1360,3661,2026-05-15
美林,4600.0,2000,0,1440,3661,2026-05-15
美林,4610.0,6000,0,1440,3661,2026-05-15
美林,4625.0,4000,1000,1440,3661,2026-05-15
美林,4635.0,5016,0,1440,3661,2026-05-15
美林,4645.0,3000,0,1440,3661,2026-05-15
美林,4655.0,6000,0,1440,3661,2026-05-15
美林,4665.0,2000,0,1440,3661,2026-05-15
美林,4675.0,3000,0,1440,3661,2026-05-15
美林,4685.0,3000,0,1440,3661,2026-05-15
宏遠新化,4655.0,20,0,126X,3661,2026-05-15
永興,4700.0,70,0,5600,3661,2026-05-15
亞東板橋,4655.0,10,0,2181,3661,2026-05-15
亞東板橋,4700.0,2,0,2181,3661,2026-05-15
第一忠孝,4685.0,1,0,538D,3661,2026-05-15
第一忠孝,4720.0,110,0,538D,3661,2026-05-15
第一忠孝,4795.0,1,0,538D,3661,2026-05-15
第一忠孝,4845.0,0,10,538D,3661,2026-05-15
第一忠孝,4890.0,0,20,538D,3661,2026-05-15
第一自由,4605.0,20,0,538E,3661,2026-05-15
第一自由,4615.0,5,0,538E,3661,2026-05-15
第一自由,4630.0,10,0,538E,3661,2026-05-15
第一自由,4650.0,3,1000,538E,3661,2026-05-15
第一自由,4660.0,5,0,538E,3661,2026-05-15
第一自由,4685.0,7,0,538E,3661,2026-05-15
第一自由,4695.0,15,1,538E,3661,2026-05-15
第一自由,4705.0,5,0,538E,3661,2026-05-15
第一自由,4715.0,1,30,538E,3661,2026-05-15
第一自由,4725.0,7,0,538E,3661,2026-05-15
第一自由,4735.0,12,0,538E,3661,2026-05-15
第一自由,4770.0,0,1000,538E,3661,2026-05-15
第一自由,4785.0,1,0,538E,3661,2026-05-15
第一自由,4805.0,13,0,538E,3661,2026-05-15
第一自由,4820.0,1,0,538E,3661,2026-05-15
第一自由,4910.0,1,0,538E,3661,2026-05-15
第一稻埕,4655.0,1,0,538F,3661,2026-05-15
第一稻埕,4700.0,6,1000,538F,3661,2026-05-15
第一稻埕,4765.0,20,0,538F,3661,2026-05-15
第一稻埕,4815.0,0,1,538F,3661,2026-05-15
第一忠孝,4650.0,1,0,538D,3661,2026-05-15
第一稻埕,4915.0,1000,0,538F,3661,2026-05-15
第一忠孝,4625.0,1,0,538D,3661,2026-05-15
第一光復,4965.0,0,1000,538C,3661,2026-05-15
第一新興,4700.0,5,1005,538A,3661,2026-05-15
第一新興,4715.0,7,0,538A,3661,2026-05-15
第一新興,4740.0,1,0,538A,3661,2026-05-15
第一新興,4750.0,1,0,538A,3661,2026-05-15
第一新興,4770.0,0,1,538A,3661,2026-05-15
第一新興,4780.0,1,0,538A,3661,2026-05-15
第一新興,4790.0,0,2,538A,3661,2026-05-15
第一新興,4900.0,0,5,538A,3661,2026-05-15
第一新竹,4600.0,1010,1,538B,3661,2026-05-15
第一新竹,4615.0,1,0,538B,3661,2026-05-15
第一新竹,4630.0,15,0,538B,3661,2026-05-15
第一新竹,4650.0,1005,0,538B,3661,2026-05-15
第一新竹,4680.0,10,0,538B,3661,2026-05-15
第一新竹,4695.0,10,0,538B,3661,2026-05-15
第一新竹,4725.0,1,0,538B,3661,2026-05-15
第一新竹,4765.0,6,0,538B,3661,2026-05-15
第一新竹,4860.0,5,0,538B,3661,2026-05-15
第一新竹,4900.0,0,8,538B,3661,2026-05-15
第一光復,4605.0,1000,0,538C,3661,2026-05-15
第一光復,4630.0,1000,79,538C,3661,2026-05-15
第一光復,4670.0,1,0,538C,3661,2026-05-15
第一光復,4690.0,0,1,538C,3661,2026-05-15
第一光復,4755.0,0,1000,538C,3661,2026-05-15
第一光復,4810.0,2000,0,538C,3661,2026-05-15
第一光復,4830.0,10,0,538C,3661,2026-05-15
第一忠孝,4600.0,5,0,538D,3661,2026-05-15
第一新興,4610.0,2,0,538A,3661,2026-05-15
第一頭份,4615.0,0,350,538I,3661,2026-05-15
第一頭份,4660.0,45,0,538I,3661,2026-05-15
第一豐原,4990.0,0,1000,538N,3661,2026-05-15
第一路竹,4605.0,1,25,538P,3661,2026-05-15
第一路竹,4615.0,10,5,538P,3661,2026-05-15
第一路竹,4630.0,7,0,538P,3661,2026-05-15
第一路竹,4670.0,22,0,538P,3661,2026-05-15
第一路竹,4680.0,20,0,538P,3661,2026-05-15
第一路竹,4700.0,23,0,538P,3661,2026-05-15
第一路竹,4715.0,2,3,538P,3661,2026-05-15
第一路竹,4730.0,5,0,538P,3661,2026-05-15
第一路竹,4800.0,4,0,538P,3661,2026-05-15
第一華江,4600.0,110,100,538W,3661,2026-05-15
第一華江,4620.0,3,15,538W,3661,2026-05-15
第一華江,4630.0,20,6,538W,3661,2026-05-15
第一華江,4670.0,10,0,538W,3661,2026-05-15
第一華江,4710.0,5,1000,538W,3661,2026-05-15
第一華江,4720.0,0,1000,538W,3661,2026-05-15
第一華江,4730.0,1000,0,538W,3661,2026-05-15
第一華江,4805.0,40,0,538W,3661,2026-05-15
第一華江,4845.0,2,0,538W,3661,2026-05-15
第一華江,4895.0,0,2,538W,3661,2026-05-15
第一華江,4910.0,0,50,538W,3661,2026-05-15
第一華江,4990.0,0,1000,538W,3661,2026-05-15
第一中壢,4635.0,0,1000,538Y,3661,2026-05-15
第一中壢,4660.0,10,0,538Y,3661,2026-05-15
第一中壢,4740.0,1,0,538Y,3661,2026-05-15
第一豐原,4910.0,0,27,538N,3661,2026-05-15
第一頭份,4630.0,0,6,538I,3661,2026-05-15
第一豐原,4855.0,3,0,538N,3661,2026-05-15
第一豐原,4835.0,1,0,538N,3661,2026-05-15
第一頭份,4695.0,0,20,538I,3661,2026-05-15
第一頭份,4790.0,20,0,538I,3661,2026-05-15
第一安和,4600.0,1,0,538j,3661,2026-05-15
第一安和,4670.0,50,0,538j,3661,2026-05-15
第一安和,4680.0,0,20,538j,3661,2026-05-15
第一安和,4710.0,4,0,538j,3661,2026-05-15
第一安和,4735.0,50,0,538j,3661,2026-05-15
第一安和,4750.0,1,0,538j,3661,2026-05-15
第一安和,4775.0,10,0,538j,3661,2026-05-15
第一嘉義,4630.0,1,0,538M,3661,2026-05-15
第一嘉義,4640.0,10,0,538M,3661,2026-05-15
第一嘉義,4650.0,5,10,538M,3661,2026-05-15
第一嘉義,4660.0,10,0,538M,3661,2026-05-15
第一嘉義,4675.0,20,0,538M,3661,2026-05-15
第一嘉義,4700.0,8,35,538M,3661,2026-05-15
第一嘉義,4725.0,2,0,538M,3661,2026-05-15
第一嘉義,4740.0,10,0,538M,3661,2026-05-15
第一豐原,4625.0,3,0,538N,3661,2026-05-15
第一豐原,4650.0,3,0,538N,3661,2026-05-15
第一豐原,4675.0,1,0,538N,3661,2026-05-15
第一豐原,4685.0,0,1,538N,3661,2026-05-15
第一豐原,4700.0,0,25,538N,3661,2026-05-15
第一豐原,4720.0,2,0,538N,3661,2026-05-15
第一豐原,4765.0,3,0,538N,3661,2026-05-15
第一豐原,4800.0,22,0,538N,3661,2026-05-15
第一豐原,4845.0,1,0,538N,3661,2026-05-15
第一中山,4800.0,0,2000,5389,3661,2026-05-15
第一中山,4765.0,0,1000,5389,3661,2026-05-15
第一中山,4720.0,2,0,5389,3661,2026-05-15
美好泰山,4620.0,2,0,5263,3661,2026-05-15
美好泰山,4835.0,10,0,5263,3661,2026-05-15
美好苗栗,4675.0,10,0,5265,3661,2026-05-15
美好苗栗,4750.0,10,0,5265,3661,2026-05-15
美好中壢,4650.0,0,1000,5266,3661,2026-05-15
美好中壢,4815.0,5,0,5266,3661,2026-05-15
美好台南,4600.0,10,0,5268,3661,2026-05-15
美好台南,4655.0,3,0,5268,3661,2026-05-15
美好中和,4700.0,2,0,526A,3661,2026-05-15
美好富順,4610.0,5,0,526K,3661,2026-05-15
美好富順,4650.0,0,1000,526K,3661,2026-05-15
美好富順,4685.0,5,0,526K,3661,2026-05-15
美好市政,4655.0,10,0,526M,3661,2026-05-15
美好市政,4900.0,5,0,526M,3661,2026-05-15
高橋,4605.0,5,0,5320,3661,2026-05-15
高橋,4680.0,1,0,5320,3661,2026-05-15
高橋,4720.0,0,20,5320,3661,2026-05-15
高橋,4830.0,0,1000,5320,3661,2026-05-15
高橋龍潭,4600.0,5,0,5321,3661,2026-05-15
高橋龍潭,4670.0,81,0,5321,3661,2026-05-15
高橋龍潭,4685.0,2,0,5321,3661,2026-05-15
第一金證,4600.0,4,0,5380,3661,2026-05-15
第一金證,4615.0,1,0,5380,3661,2026-05-15
第一金證,4630.0,1,0,5380,3661,2026-05-15
第一金證,4650.0,2,0,5380,3661,2026-05-15
美好楊梅,4855.0,1000,0,5262,3661,2026-05-15
第一金證,4660.0,7,0,5380,3661,2026-05-15
美好楊梅,4810.0,0,1,5262,3661,2026-05-15
美好蘆洲,4700.0,5,0,5261,3661,2026-05-15
亞東板橋,4710.0,10,0,2181,3661,2026-05-15
亞東板橋,4720.0,105,0,2181,3661,2026-05-15
亞東板橋,4750.0,2,0,2181,3661,2026-05-15
亞東板橋,4825.0,5,0,2181,3661,2026-05-15
亞東新竹,4630.0,10,0,2184,3661,2026-05-15
亞東新竹,4650.0,0,50,2184,3661,2026-05-15
亞東新竹,4900.0,10,0,2184,3661,2026-05-15
亞東高雄,4600.0,5,0,2186,3661,2026-05-15
亞東高雄,4650.0,5,0,2186,3661,2026-05-15
亞東高雄,4700.0,5,0,2186,3661,2026-05-15
亞東台中,4735.0,2,0,2187,3661,2026-05-15
大展,4625.0,100,0,5050,3661,2026-05-15
大展,4680.0,0,1000,5050,3661,2026-05-15
大展台南,4600.0,10,0,5058,3661,2026-05-15
大展台南,4635.0,10,0,5058,3661,2026-05-15
大展台南,4750.0,1,0,5058,3661,2026-05-15
美好,4605.0,10,2,5260,3661,2026-05-15
美好,4630.0,10,0,5260,3661,2026-05-15
美好,4700.0,10,0,5260,3661,2026-05-15
美好,4735.0,10,0,5260,3661,2026-05-15
美好,4800.0,0,100,5260,3661,2026-05-15
美好,4830.0,20,0,5260,3661,2026-05-15
美好,4885.0,0,18,5260,3661,2026-05-15
美好蘆洲,4610.0,0,1000,5261,3661,2026-05-15
美好蘆洲,4630.0,10,0,5261,3661,2026-05-15
美好楊梅,4635.0,0,2,5262,3661,2026-05-15
第一金證,4670.0,1,0,5380,3661,2026-05-15
第一金證,4680.0,3,0,5380,3661,2026-05-15
第一金證,4690.0,1,0,5380,3661,2026-05-15
第一台南,4630.0,5,0,5384,3661,2026-05-15
第一台南,4650.0,1003,0,5384,3661,2026-05-15
第一台南,4660.0,40,0,5384,3661,2026-05-15
第一台南,4675.0,1,0,5384,3661,2026-05-15
第一台南,4685.0,5,0,5384,3661,2026-05-15
第一台南,4715.0,6,1,5384,3661,2026-05-15
第一台南,4735.0,5,0,5384,3661,2026-05-15
第一台南,4750.0,9,0,5384,3661,2026-05-15
第一桃園,4620.0,1,0,5385,3661,2026-05-15
第一桃園,4695.0,1,10,5385,3661,2026-05-15
第一桃園,4730.0,1000,0,5385,3661,2026-05-15
第一桃園,4850.0,0,2,5385,3661,2026-05-15
第一桃園,4900.0,0,2,5385,3661,2026-05-15
第一彰化,4630.0,5,0,5386,3661,2026-05-15
第一彰化,4685.0,1,0,5386,3661,2026-05-15
第一彰化,4705.0,1,0,5386,3661,2026-05-15
第一彰化,4740.0,1,0,5386,3661,2026-05-15
第一彰化,4755.0,2,0,5386,3661,2026-05-15
第一彰化,4805.0,1,0,5386,3661,2026-05-15
第一澎湖,4600.0,0,20,5387,3661,2026-05-15
第一澎湖,4610.0,0,60,5387,3661,2026-05-15
第一澎湖,4660.0,10,0,5387,3661,2026-05-15
第一澎湖,4755.0,0,50,5387,3661,2026-05-15
第一中山,4625.0,3,0,5389,3661,2026-05-15
第一中山,4680.0,100,0,5389,3661,2026-05-15
第一台南,4615.0,4,1,5384,3661,2026-05-15
第一台南,4600.0,15,0,5384,3661,2026-05-15
第一高雄,4800.0,1000,0,5383,3661,2026-05-15
第一高雄,4785.0,0,2000,5383,3661,2026-05-15
第一金證,4705.0,4,0,5380,3661,2026-05-15
第一金證,4740.0,1,0,5380,3661,2026-05-15
第一金證,4755.0,1,0,5380,3661,2026-05-15
第一金證,4765.0,0,10,5380,3661,2026-05-15
第一金證,4775.0,4,0,5380,3661,2026-05-15
第一金證,4785.0,5,0,5380,3661,2026-05-15
第一金證,4795.0,2,0,5380,3661,2026-05-15
第一金證,4810.0,1,0,5380,3661,2026-05-15
第一員林,4635.0,5,0,5381,3661,2026-05-15
第一員林,4655.0,1,0,5381,3661,2026-05-15
第一員林,4700.0,11,0,5381,3661,2026-05-15
第一員林,4725.0,1,0,5381,3661,2026-05-15
亞東板橋,4680.0,10,0,2181,3661,2026-05-15
第一台中,4615.0,0,70,5382,3661,2026-05-15
第一台中,4680.0,5,0,5382,3661,2026-05-15
第一台中,4720.0,10,0,5382,3661,2026-05-15
第一台中,4800.0,5,0,5382,3661,2026-05-15
第一台中,4900.0,5,0,5382,3661,2026-05-15
第一高雄,4600.0,66,0,5383,3661,2026-05-15
第一高雄,4630.0,10,0,5383,3661,2026-05-15
第一高雄,4655.0,50,10,5383,3661,2026-05-15
第一高雄,4670.0,1,0,5383,3661,2026-05-15
第一高雄,4700.0,21,0,5383,3661,2026-05-15
第一高雄,4720.0,50,0,5383,3661,2026-05-15
第一高雄,4750.0,6,0,5383,3661,2026-05-15
第一高雄,4775.0,0,3000,5383,3661,2026-05-15
第一台中,4650.0,6,0,5382,3661,2026-05-15
永豐員林,4735.0,10,0,9A9C,3661,2026-05-15
?亞網路,4600.0,1,0,6012,3661,2026-05-15
永豐員林,4680.0,0,25,9A9C,3661,2026-05-15
元大蘆洲,4635.0,2,0,9857,3661,2026-05-15
元大蘆洲,4625.0,20,10,9857,3661,2026-05-15
元大蘆洲,4605.0,0,10,9857,3661,2026-05-15
元大花蓮,4900.0,0,8,9856,3661,2026-05-15
元大花蓮,4855.0,1,0,9856,3661,2026-05-15
元大花蓮,4820.0,2,0,9856,3661,2026-05-15
元大花蓮,4785.0,2,0,9856,3661,2026-05-15
元大花蓮,4735.0,1,0,9856,3661,2026-05-15
元大花蓮,4715.0,10,1,9856,3661,2026-05-15
元大花蓮,4705.0,10,0,9856,3661,2026-05-15
元大花蓮,4695.0,1,0,9856,3661,2026-05-15
元大蘆洲,4675.0,0,30,9857,3661,2026-05-15
元大花蓮,4680.0,1,0,9856,3661,2026-05-15
元大花蓮,4660.0,10,0,9856,3661,2026-05-15
元大花蓮,4635.0,50,0,9856,3661,2026-05-15
元大花蓮,4615.0,36,0,9856,3661,2026-05-15
元大花蓮,4605.0,5,0,9856,3661,2026-05-15
元大興安,4790.0,1,0,9854,3661,2026-05-15
元大興安,4740.0,101,0,9854,3661,2026-05-15
元大興安,4700.0,110,0,9854,3661,2026-05-15
元大興安,4680.0,10,0,9854,3661,2026-05-15
元大興安,4610.0,14,0,9854,3661,2026-05-15
元大興安,4600.0,5,1,9854,3661,2026-05-15
元大南屯,4865.0,1000,0,9853,3661,2026-05-15
元大花蓮,4670.0,5,0,9856,3661,2026-05-15
元大南屯,4800.0,6,0,9853,3661,2026-05-15
元大蘆洲,4685.0,13,0,9857,3661,2026-05-15
元大蘆洲,4710.0,0,2050,9857,3661,2026-05-15
元大經國,4750.0,1002,0,9859,3661,2026-05-15
元大經國,4725.0,9,0,9859,3661,2026-05-15
元大經國,4710.0,5,0,9859,3661,2026-05-15
元大經國,4700.0,71,1000,9859,3661,2026-05-15
元大經國,4685.0,11,0,9859,3661,2026-05-15
元大經國,4660.0,2,0,9859,3661,2026-05-15
元大經國,4635.0,12,0,9859,3661,2026-05-15
元大經國,4625.0,5,0,9859,3661,2026-05-15
元大經國,4610.0,3,1000,9859,3661,2026-05-15
元大經國,4600.0,21,0,9859,3661,2026-05-15
元大龍潭,4805.0,1,0,9858,3661,2026-05-15
元大蘆洲,4700.0,102,5020,9857,3661,2026-05-15
元大龍潭,4785.0,1,1,9858,3661,2026-05-15
元大龍潭,4710.0,5,0,9858,3661,2026-05-15
元大龍潭,4700.0,56,20,9858,3661,2026-05-15
元大龍潭,4685.0,40,0,9858,3661,2026-05-15
元大龍潭,4670.0,10,0,9858,3661,2026-05-15
元大龍潭,4655.0,0,10,9858,3661,2026-05-15
元大龍潭,4635.0,12,0,9858,3661,2026-05-15
元大龍潭,4615.0,1,0,9858,3661,2026-05-15
元大龍潭,4600.0,20,0,9858,3661,2026-05-15
元大蘆洲,4800.0,100,0,9857,3661,2026-05-15
元大蘆洲,4780.0,1,0,9857,3661,2026-05-15
元大蘆洲,4730.0,3,0,9857,3661,2026-05-15
元大龍潭,4730.0,45,0,9858,3661,2026-05-15
元大南屯,4780.0,1,0,9853,3661,2026-05-15
元大南屯,4750.0,5,0,9853,3661,2026-05-15
元大南屯,4710.0,0,17,9853,3661,2026-05-15
元大館前,4605.0,10,23,984K,3661,2026-05-15
元大景美,4845.0,1000,0,984H,3661,2026-05-15
元大景美,4810.0,0,50,984H,3661,2026-05-15
元大景美,4780.0,1,0,984H,3661,2026-05-15
元大景美,4750.0,1,0,984H,3661,2026-05-15
元大景美,4720.0,1,0,984H,3661,2026-05-15
元大景美,4705.0,1,0,984H,3661,2026-05-15
元大景美,4695.0,11,0,984H,3661,2026-05-15
元大景美,4680.0,0,2,984H,3661,2026-05-15
元大景美,4660.0,7,20,984H,3661,2026-05-15
元大景美,4625.0,1,0,984H,3661,2026-05-15
元大館前,4615.0,50,0,984K,3661,2026-05-15
元大景美,4610.0,100,0,984H,3661,2026-05-15
元大南勢,4745.0,2,0,984E,3661,2026-05-15
元大南勢,4680.0,10,0,984E,3661,2026-05-15
元大新中,4900.0,0,10,984C,3661,2026-05-15
元大新中,4765.0,3,0,984C,3661,2026-05-15
元大新中,4740.0,0,5,984C,3661,2026-05-15
元大新中,4700.0,782,0,984C,3661,2026-05-15
元大新中,4655.0,10,5,984C,3661,2026-05-15
元大新中,4635.0,0,50,984C,3661,2026-05-15
元大新中,4620.0,10,0,984C,3661,2026-05-15
元大新中,4600.0,100,0,984C,3661,2026-05-15
元大大直,4700.0,6,0,9846,3661,2026-05-15
元大南勢,4855.0,0,10,984E,3661,2026-05-15
元大館前,4630.0,0,1000,984K,3661,2026-05-15
元大館前,4670.0,13,0,984K,3661,2026-05-15
元大館前,4685.0,5,0,984K,3661,2026-05-15
元大南屯,4695.0,5,0,9853,3661,2026-05-15
元大南屯,4680.0,1000,1000,9853,3661,2026-05-15
元大南屯,4665.0,0,100,9853,3661,2026-05-15
元大南屯,4650.0,5,0,9853,3661,2026-05-15
元大南屯,4635.0,201,10,9853,3661,2026-05-15
元大南屯,4615.0,2,10,9853,3661,2026-05-15
元大永春,4885.0,0,2,9852,3661,2026-05-15
元大永春,4800.0,0,100,9852,3661,2026-05-15
元大永春,4760.0,0,2,9852,3661,2026-05-15
元大永春,4720.0,20,0,9852,3661,2026-05-15
元大永春,4710.0,2,0,9852,3661,2026-05-15
元大永春,4700.0,7,40,9852,3661,2026-05-15
元大永春,4680.0,1001,0,9852,3661,2026-05-15
元大永春,4650.0,31,50,9852,3661,2026-05-15
元大永春,4635.0,1003,25,9852,3661,2026-05-15
元大永春,4615.0,3,1,9852,3661,2026-05-15
元大永春,4605.0,0,40,9852,3661,2026-05-15
元大館前,4920.0,2000,0,984K,3661,2026-05-15
元大館前,4885.0,5,0,984K,3661,2026-05-15
元大館前,4780.0,1,0,984K,3661,2026-05-15
元大館前,4765.0,1000,0,984K,3661,2026-05-15
元大館前,4740.0,2,0,984K,3661,2026-05-15
元大館前,4730.0,4,0,984K,3661,2026-05-15
元大館前,4710.0,1000,20,984K,3661,2026-05-15
元大館前,4700.0,6,20,984K,3661,2026-05-15
元大經國,4760.0,5,0,9859,3661,2026-05-15
元大鳳山,4910.0,0,10,983Z,3661,2026-05-15
元大經國,4785.0,5,0,9859,3661,2026-05-15
元大經國,4820.0,36,0,9859,3661,2026-05-15
元大基孝,4630.0,7,0,986K,3661,2026-05-15
元大基孝,4615.0,0,314,986K,3661,2026-05-15
元大基孝,4600.0,1,2000,986K,3661,2026-05-15
元大新盛,4820.0,1,0,9869,3661,2026-05-15
元大新盛,4810.0,0,100,9869,3661,2026-05-15
元大新盛,4795.0,1,0,9869,3661,2026-05-15
元大新盛,4770.0,0,30,9869,3661,2026-05-15
元大新盛,4755.0,0,1,9869,3661,2026-05-15
元大新盛,4745.0,1,0,9869,3661,2026-05-15
元大新盛,4720.0,65,5,9869,3661,2026-05-15
元大新盛,4705.0,90,0,9869,3661,2026-05-15
元大基孝,4655.0,2,200,986K,3661,2026-05-15
元大新盛,4695.0,10,0,9869,3661,2026-05-15
元大新盛,4670.0,20,0,9869,3661,2026-05-15
元大新盛,4660.0,19,0,9869,3661,2026-05-15
元大新盛,4650.0,11,0,9869,3661,2026-05-15
元大新盛,4625.0,60,0,9869,3661,2026-05-15
元大新盛,4615.0,61,0,9869,3661,2026-05-15
元大新盛,4600.0,90,0,9869,3661,2026-05-15
元大文心,4820.0,0,50,9868,3661,2026-05-15
元大文心,4800.0,11,0,9868,3661,2026-05-15
元大文心,4775.0,5,1000,9868,3661,2026-05-15
元大文心,4725.0,10,0,9868,3661,2026-05-15
元大文心,4705.0,0,50,9868,3661,2026-05-15
元大新盛,4680.0,30,0,9869,3661,2026-05-15
元大文心,4690.0,1,0,9868,3661,2026-05-15
元大基孝,4680.0,20,0,986K,3661,2026-05-15
元大基孝,4730.0,1,0,986K,3661,2026-05-15
元大復北,4700.0,20,1000,9872,3661,2026-05-15
元大復北,4680.0,3,0,9872,3661,2026-05-15
元大復北,4670.0,10,0,9872,3661,2026-05-15
元大復北,4660.0,10,0,9872,3661,2026-05-15
元大復北,4650.0,10,0,9872,3661,2026-05-15
元大復北,4620.0,110,0,9872,3661,2026-05-15
元大復北,4610.0,0,51,9872,3661,2026-05-15
元大復北,4600.0,30,0,9872,3661,2026-05-15
元大忠孝,4865.0,0,2000,9871,3661,2026-05-15
元大忠孝,4815.0,20,0,9871,3661,2026-05-15
元大忠孝,4800.0,70,0,9871,3661,2026-05-15
元大基孝,4710.0,25,0,986K,3661,2026-05-15
元大忠孝,4780.0,0,3000,9871,3661,2026-05-15
元大忠孝,4740.0,0,50,9871,3661,2026-05-15
元大忠孝,4715.0,0,200,9871,3661,2026-05-15
元大忠孝,4705.0,102,50,9871,3661,2026-05-15
元大忠孝,4695.0,30,0,9871,3661,2026-05-15
元大忠孝,4685.0,2,0,9871,3661,2026-05-15
元大忠孝,4670.0,20,1000,9871,3661,2026-05-15
元大忠孝,4660.0,20,0,9871,3661,2026-05-15
元大忠孝,4650.0,20,0,9871,3661,2026-05-15
元大忠孝,4625.0,5,0,9871,3661,2026-05-15
元大忠孝,4605.0,8000,0,9871,3661,2026-05-15
元大基孝,4850.0,500,0,986K,3661,2026-05-15
元大忠孝,4770.0,5,0,9871,3661,2026-05-15
元大文心,4680.0,10,2,9868,3661,2026-05-15
元大文心,4660.0,11,0,9868,3661,2026-05-15
元大文心,4650.0,20,50,9868,3661,2026-05-15
元大南京,4705.0,52,0,9862,3661,2026-05-15
元大南京,4685.0,3,0,9862,3661,2026-05-15
元大南京,4670.0,16,0,9862,3661,2026-05-15
元大南京,4655.0,0,25,9862,3661,2026-05-15
元大南京,4630.0,0,100,9862,3661,2026-05-15
元大南京,4620.0,3,0,9862,3661,2026-05-15
元大南京,4610.0,21,0,9862,3661,2026-05-15
元大南京,4600.0,15,3,9862,3661,2026-05-15
元大岡山,4690.0,5,0,985F,3661,2026-05-15
元大鳳中,4900.0,0,3,985C,3661,2026-05-15
元大鳳中,4820.0,1,0,985C,3661,2026-05-15
元大南京,4720.0,25,10,9862,3661,2026-05-15
元大鳳中,4760.0,1,0,985C,3661,2026-05-15
元大鳳中,4715.0,0,5,985C,3661,2026-05-15
元大鳳中,4705.0,8,20,985C,3661,2026-05-15
元大鳳中,4690.0,1,0,985C,3661,2026-05-15
元大鳳中,4655.0,2,0,985C,3661,2026-05-15
元大鳳中,4635.0,10,0,985C,3661,2026-05-15
元大鳳中,4620.0,2,0,985C,3661,2026-05-15
元大鳳中,4610.0,2,0,985C,3661,2026-05-15
元大經國,4955.0,1000,0,9859,3661,2026-05-15
元大經國,4890.0,9,0,9859,3661,2026-05-15
元大經國,4875.0,0,1000,9859,3661,2026-05-15
元大經國,4865.0,11,0,9859,3661,2026-05-15
元大鳳中,4725.0,1,0,985C,3661,2026-05-15
元大南京,4735.0,30,0,9862,3661,2026-05-15
元大南京,4795.0,5,0,9862,3661,2026-05-15
元大南京,4830.0,50,0,9862,3661,2026-05-15
元大文心,4620.0,5,0,9868,3661,2026-05-15
元大文心,4600.0,20,34,9868,3661,2026-05-15
元大民權,4890.0,100,0,9867,3661,2026-05-15
元大民權,4830.0,1000,0,9867,3661,2026-05-15
元大民權,4805.0,0,1,9867,3661,2026-05-15
元大民權,4795.0,200,0,9867,3661,2026-05-15
元大民權,4780.0,5,0,9867,3661,2026-05-15
元大民權,4760.0,3,0,9867,3661,2026-05-15
元大民權,4720.0,43,0,9867,3661,2026-05-15
元大民權,4705.0,50,0,9867,3661,2026-05-15
元大民權,4695.0,1,0,9867,3661,2026-05-15
元大民權,4650.0,100,0,9867,3661,2026-05-15
元大民權,4620.0,3,30,9867,3661,2026-05-15
元大民權,4600.0,0,15,9867,3661,2026-05-15
元大和平,4900.0,0,50,9863,3661,2026-05-15
元大和平,4805.0,50,0,9863,3661,2026-05-15
元大和平,4750.0,30,0,9863,3661,2026-05-15
元大和平,4700.0,5,59,9863,3661,2026-05-15
元大和平,4685.0,50,0,9863,3661,2026-05-15
元大和平,4645.0,0,1000,9863,3661,2026-05-15
元大和平,4615.0,5,0,9863,3661,2026-05-15
元大和平,4600.0,1,0,9863,3661,2026-05-15
元大南京,4910.0,50,0,9862,3661,2026-05-15
元大南京,4890.0,50,0,9862,3661,2026-05-15
元大南京,4855.0,0,3000,9862,3661,2026-05-15
元大經國,4800.0,1075,0,9859,3661,2026-05-15
元大復北,4720.0,13,0,9872,3661,2026-05-15
元大鳳山,4765.0,1,0,983Z,3661,2026-05-15
元大鳳山,4695.0,150,0,983Z,3661,2026-05-15
元大中壢,4650.0,12,0,9834,3661,2026-05-15
元大中壢,4640.0,220,0,9834,3661,2026-05-15
元大中壢,4630.0,0,25,9834,3661,2026-05-15
元大中壢,4620.0,0,1060,9834,3661,2026-05-15
元大中壢,4610.0,20,140,9834,3661,2026-05-15
元大中壢,4600.0,3,2,9834,3661,2026-05-15
元大敦化,4795.0,0,50,9833,3661,2026-05-15
元大敦化,4715.0,1,0,9833,3661,2026-05-15
元大敦化,4700.0,1,50,9833,3661,2026-05-15
元大敦化,4680.0,5,0,9833,3661,2026-05-15
元大敦化,4665.0,1,0,9833,3661,2026-05-15
元大中壢,4660.0,35,0,9834,3661,2026-05-15
元大敦化,4655.0,0,200,9833,3661,2026-05-15
元大敦化,4600.0,101,0,9833,3661,2026-05-15
元大四維,4835.0,50,0,9831,3661,2026-05-15
元大四維,4765.0,20,0,9831,3661,2026-05-15
元大四維,4745.0,0,160,9831,3661,2026-05-15
元大四維,4720.0,150,0,9831,3661,2026-05-15
元大四維,4690.0,0,150,9831,3661,2026-05-15
元大四維,4670.0,3,0,9831,3661,2026-05-15
元大四維,4620.0,10,0,9831,3661,2026-05-15
元大忠鼎,5010.0,1000,0,982F,3661,2026-05-15
元大忠鼎,4810.0,0,1,982F,3661,2026-05-15
元大忠鼎,4780.0,0,1000,982F,3661,2026-05-15
元大敦化,4635.0,1,0,9833,3661,2026-05-15
元大忠鼎,4720.0,0,3000,982F,3661,2026-05-15
元大中壢,4670.0,3,0,9834,3661,2026-05-15
元大中壢,4690.0,21,0,9834,3661,2026-05-15
元大北港,4670.0,1,0,9837,3661,2026-05-15
元大北港,4610.0,30,0,9837,3661,2026-05-15
元大中山,5010.0,0,1000,9835,3661,2026-05-15
元大中山,4820.0,0,3,9835,3661,2026-05-15
元大中山,4790.0,0,60,9835,3661,2026-05-15
元大中山,4750.0,1,0,9835,3661,2026-05-15
元大中山,4735.0,2,0,9835,3661,2026-05-15
元大中山,4700.0,5,0,9835,3661,2026-05-15
元大中山,4660.0,30,0,9835,3661,2026-05-15
元大中山,4635.0,1,70,9835,3661,2026-05-15
元大中山,4625.0,31,0,9835,3661,2026-05-15
元大中壢,4680.0,15,0,9834,3661,2026-05-15
元大中山,4610.0,32,0,9835,3661,2026-05-15
元大中壢,4875.0,1,0,9834,3661,2026-05-15
元大中壢,4820.0,1000,0,9834,3661,2026-05-15
元大中壢,4810.0,1,0,9834,3661,2026-05-15
元大中壢,4800.0,40,0,9834,3661,2026-05-15
元大中壢,4790.0,0,10,9834,3661,2026-05-15
元大中壢,4775.0,1,0,9834,3661,2026-05-15
元大中壢,4755.0,2,0,9834,3661,2026-05-15
元大中壢,4740.0,1,3,9834,3661,2026-05-15
元大中壢,4730.0,10,0,9834,3661,2026-05-15
元大中壢,4720.0,16,20,9834,3661,2026-05-15
元大中壢,4705.0,17,2,9834,3661,2026-05-15
元大中壢,4975.0,1000,0,9834,3661,2026-05-15
元大忠鼎,4700.0,100,0,982F,3661,2026-05-15
元大忠鼎,4680.0,0,100,982F,3661,2026-05-15
元大忠鼎,4605.0,0,10,982F,3661,2026-05-15
元大羅東,4650.0,6,170,982A,3661,2026-05-15
元大羅東,4640.0,1,0,982A,3661,2026-05-15
元大羅東,4625.0,1,0,982A,3661,2026-05-15
元大羅東,4615.0,12,0,982A,3661,2026-05-15
元大羅東,4600.0,3,0,982A,3661,2026-05-15
元大永康,4795.0,1000,0,9829,3661,2026-05-15
元大永康,4735.0,1000,0,9829,3661,2026-05-15
元大永康,4720.0,10,0,9829,3661,2026-05-15
元大永康,4705.0,1,15,9829,3661,2026-05-15
元大永康,4685.0,2,0,9829,3661,2026-05-15
元大永康,4655.0,10,0,9829,3661,2026-05-15
元大羅東,4660.0,1,200,982A,3661,2026-05-15
元大永康,4640.0,1,0,9829,3661,2026-05-15
元大永康,4605.0,100,0,9829,3661,2026-05-15
元大新營,4830.0,1,0,9825,3661,2026-05-15
元大新營,4805.0,1,0,9825,3661,2026-05-15
元大新營,4770.0,10,0,9825,3661,2026-05-15
元大新營,4730.0,1,0,9825,3661,2026-05-15
元大新營,4720.0,3,1,9825,3661,2026-05-15
元大新營,4705.0,4,0,9825,3661,2026-05-15
元大新營,4685.0,5,0,9825,3661,2026-05-15
元大新營,4670.0,1,0,9825,3661,2026-05-15
元大新營,4635.0,5,0,9825,3661,2026-05-15
元大新營,4620.0,10,100,9825,3661,2026-05-15
元大永康,4615.0,9,7,9829,3661,2026-05-15
元大羅東,4670.0,2,0,982A,3661,2026-05-15
元大羅東,4680.0,2,0,982A,3661,2026-05-15
元大羅東,4690.0,50,0,982A,3661,2026-05-15
元大六合,4865.0,0,30,982C,3661,2026-05-15
元大六合,4755.0,5,0,982C,3661,2026-05-15
元大六合,4720.0,55,0,982C,3661,2026-05-15
元大六合,4685.0,7,0,982C,3661,2026-05-15
元大六合,4655.0,10,0,982C,3661,2026-05-15
元大六合,4630.0,5,0,982C,3661,2026-05-15
元大六合,4600.0,6,0,982C,3661,2026-05-15
元大博愛,4825.0,7,0,982B,3661,2026-05-15
元大博愛,4795.0,1,0,982B,3661,2026-05-15
元大博愛,4770.0,0,50,982B,3661,2026-05-15
元大博愛,4750.0,3,0,982B,3661,2026-05-15
元大博愛,4720.0,6,0,982B,3661,2026-05-15
元大博愛,4710.0,10,0,982B,3661,2026-05-15
元大博愛,4700.0,80,0,982B,3661,2026-05-15
元大博愛,4685.0,1,0,982B,3661,2026-05-15
元大博愛,4660.0,1,0,982B,3661,2026-05-15
元大博愛,4650.0,5,0,982B,3661,2026-05-15
元大博愛,4630.0,27,0,982B,3661,2026-05-15
元大博愛,4620.0,15,200,982B,3661,2026-05-15
元大博愛,4610.0,11,0,982B,3661,2026-05-15
元大博愛,4600.0,20,0,982B,3661,2026-05-15
元大羅東,4800.0,1,0,982A,3661,2026-05-15
元大羅東,4765.0,1,0,982A,3661,2026-05-15
元大羅東,4710.0,3,0,982A,3661,2026-05-15
元大羅東,4700.0,1,21,982A,3661,2026-05-15
元大北港,4685.0,50,0,9837,3661,2026-05-15
元大鳳山,4710.0,5,0,983Z,3661,2026-05-15
元大北港,4695.0,0,100,9837,3661,2026-05-15
元大北港,4740.0,1,0,9837,3661,2026-05-15
元大頭份,4670.0,11,0,983U,3661,2026-05-15
元大頭份,4630.0,1,0,983U,3661,2026-05-15
元大頭份,4605.0,1,0,983U,3661,2026-05-15
元大大安,4900.0,1,0,983N,3661,2026-05-15
元大大安,4840.0,1,0,983N,3661,2026-05-15
元大大安,4805.0,1000,0,983N,3661,2026-05-15
元大大安,4785.0,1,0,983N,3661,2026-05-15
元大大安,4755.0,1,0,983N,3661,2026-05-15
元大大安,4695.0,10,0,983N,3661,2026-05-15
元大大安,4670.0,20,0,983N,3661,2026-05-15
元大大安,4635.0,10,0,983N,3661,2026-05-15
元大頭份,4690.0,10,0,983U,3661,2026-05-15
元大大安,4615.0,20,0,983N,3661,2026-05-15
元大木柵,4835.0,0,100,983M,3661,2026-05-15
元大木柵,4790.0,10,0,983M,3661,2026-05-15
元大木柵,4725.0,2,0,983M,3661,2026-05-15
元大木柵,4700.0,152,0,983M,3661,2026-05-15
元大木柵,4675.0,4,0,983M,3661,2026-05-15
元大木柵,4615.0,19,0,983M,3661,2026-05-15
元大木柵,4600.0,50,0,983M,3661,2026-05-15
元大學甲,4815.0,0,10,983K,3661,2026-05-15
元大學甲,4685.0,10,0,983K,3661,2026-05-15
元大學甲,4655.0,20,0,983K,3661,2026-05-15
元大學甲,4630.0,0,6,983K,3661,2026-05-15
元大大安,4600.0,3,0,983N,3661,2026-05-15
元大仁愛,4910.0,1000,0,983j,3661,2026-05-15
元大頭份,4700.0,17,0,983U,3661,2026-05-15
元大頭份,4725.0,6,0,983U,3661,2026-05-15
元大鳳山,4680.0,1,0,983Z,3661,2026-05-15
元大鳳山,4655.0,1,30,983Z,3661,2026-05-15
元大鳳山,4635.0,0,2,983Z,3661,2026-05-15
元大德芳,4885.0,0,100,983W,3661,2026-05-15
元大德芳,4780.0,80,0,983W,3661,2026-05-15
元大德芳,4765.0,5,0,983W,3661,2026-05-15
元大德芳,4720.0,5,0,983W,3661,2026-05-15
元大德芳,4695.0,2,0,983W,3661,2026-05-15
元大德芳,4655.0,0,20,983W,3661,2026-05-15
元大德芳,4630.0,0,1050,983W,3661,2026-05-15
元大德芳,4600.0,102,0,983W,3661,2026-05-15
元大頭份,4710.0,30,0,983U,3661,2026-05-15
元大竹南,4750.0,10,0,983V,3661,2026-05-15
元大竹南,4720.0,5,0,983V,3661,2026-05-15
元大竹南,4700.0,10,0,983V,3661,2026-05-15
元大竹南,4680.0,0,50,983V,3661,2026-05-15
元大竹南,4615.0,100,0,983V,3661,2026-05-15
元大頭份,4865.0,0,5,983U,3661,2026-05-15
元大頭份,4845.0,0,15,983U,3661,2026-05-15
元大頭份,4825.0,15,0,983U,3661,2026-05-15
元大頭份,4815.0,15,0,983U,3661,2026-05-15
元大頭份,4795.0,1,0,983U,3661,2026-05-15
元大頭份,4780.0,5,0,983U,3661,2026-05-15
元大頭份,4755.0,1,0,983U,3661,2026-05-15
元大竹南,4740.0,0,1000,983V,3661,2026-05-15
元大仁愛,4890.0,2,0,983j,3661,2026-05-15
元大仁愛,4850.0,0,1000,983j,3661,2026-05-15
元大仁愛,4835.0,100,0,983j,3661,2026-05-15
元大上新,4630.0,0,1000,983G,3661,2026-05-15
元大竹東,4950.0,1000,0,983f,3661,2026-05-15
元大竹東,4875.0,100,0,983f,3661,2026-05-15
元大竹東,4785.0,1000,0,983f,3661,2026-05-15
元大竹東,4745.0,0,1000,983f,3661,2026-05-15
元大竹東,4715.0,9,0,983f,3661,2026-05-15
元大竹東,4680.0,50,0,983f,3661,2026-05-15
元大竹東,4655.0,0,20,983f,3661,2026-05-15
元大竹東,4630.0,0,1,983f,3661,2026-05-15
元大林森,4855.0,0,1,983B,3661,2026-05-15
元大林森,4680.0,5,0,983B,3661,2026-05-15
元大上新,4665.0,20,0,983G,3661,2026-05-15
元大林森,4620.0,400,0,983B,3661,2026-05-15
元大豐原,4790.0,5,0,9838,3661,2026-05-15
元大豐原,4760.0,1,10,9838,3661,2026-05-15
元大豐原,4750.0,60,0,9838,3661,2026-05-15
元大豐原,4720.0,100,36,9838,3661,2026-05-15
元大豐原,4700.0,25,0,9838,3661,2026-05-15
元大豐原,4655.0,5,0,9838,3661,2026-05-15
元大豐原,4645.0,5,0,9838,3661,2026-05-15
元大豐原,4620.0,5,0,9838,3661,2026-05-15
元大豐原,4610.0,50,0,9838,3661,2026-05-15
元大豐原,4595.0,0,9,9838,3661,2026-05-15
元大北港,4850.0,0,5,9837,3661,2026-05-15
元大豐原,4915.0,0,2,9838,3661,2026-05-15
元大上新,4685.0,5,0,983G,3661,2026-05-15
元大上新,4695.0,20,0,983G,3661,2026-05-15
元大上新,4710.0,0,41,983G,3661,2026-05-15
元大仁愛,4815.0,0,17,983j,3661,2026-05-15
元大仁愛,4800.0,32,0,983j,3661,2026-05-15
元大仁愛,4775.0,1000,0,983j,3661,2026-05-15
元大仁愛,4740.0,1,0,983j,3661,2026-05-15
元大仁愛,4730.0,1,2,983j,3661,2026-05-15
元大仁愛,4715.0,15,0,983j,3661,2026-05-15
元大仁愛,4700.0,11,0,983j,3661,2026-05-15
元大仁愛,4685.0,2,0,983j,3661,2026-05-15
元大仁愛,4670.0,2,0,983j,3661,2026-05-15
元大仁愛,4645.0,3,0,983j,3661,2026-05-15
元大仁愛,4600.0,6,0,983j,3661,2026-05-15
元大大雅,4835.0,11,0,983i,3661,2026-05-15
元大大雅,4795.0,1000,0,983i,3661,2026-05-15
元大大雅,4760.0,10,0,983i,3661,2026-05-15
元大大雅,4750.0,10,0,983i,3661,2026-05-15
元大大雅,4725.0,10,0,983i,3661,2026-05-15
元大大雅,4705.0,0,1,983i,3661,2026-05-15
元大大雅,4695.0,1,0,983i,3661,2026-05-15
元大大雅,4680.0,20,0,983i,3661,2026-05-15
元大大雅,4660.0,20,0,983i,3661,2026-05-15
元大大雅,4620.0,4,0,983i,3661,2026-05-15
元大大雅,4600.0,2,0,983i,3661,2026-05-15
元大上新,4770.0,50,0,983G,3661,2026-05-15
元大上新,4750.0,50,0,983G,3661,2026-05-15
元大上新,4725.0,5,0,983G,3661,2026-05-15
元大北港,4725.0,3,0,9837,3661,2026-05-15
元大復北,4730.0,10,0,9872,3661,2026-05-15
元大復北,4750.0,11,0,9872,3661,2026-05-15
元大復北,4760.0,10,0,9872,3661,2026-05-15
元大嘉義,4735.0,2,0,989g,3661,2026-05-15
元大嘉義,4725.0,5,0,989g,3661,2026-05-15
元大嘉義,4715.0,10,0,989g,3661,2026-05-15
元大嘉義,4705.0,5,0,989g,3661,2026-05-15
元大嘉義,4680.0,11,0,989g,3661,2026-05-15
元大嘉義,4660.0,10,0,989g,3661,2026-05-15
元大嘉義,4635.0,2,20,989g,3661,2026-05-15
元大嘉義,4620.0,3,0,989g,3661,2026-05-15
元大嘉義,4610.0,5,0,989g,3661,2026-05-15
元大高雄,4830.0,50,0,989F,3661,2026-05-15
元大高雄,4790.0,0,1,989F,3661,2026-05-15
元大嘉義,4745.0,2,0,989g,3661,2026-05-15
元大高雄,4770.0,3,0,989F,3661,2026-05-15
元大高雄,4725.0,17,0,989F,3661,2026-05-15
元大大甲,4790.0,10,0,989U,3661,2026-05-15
元大高雄,4715.0,1,0,989F,3661,2026-05-15
元大高雄,4705.0,21,10,989F,3661,2026-05-15
元大高雄,4685.0,2,0,989F,3661,2026-05-15
元大高雄,4675.0,4,0,989F,3661,2026-05-15
元大高雄,4650.0,252,0,989F,3661,2026-05-15
元大高雄,4625.0,2,108,989F,3661,2026-05-15
元大高雄,4610.0,10,2,989F,3661,2026-05-15
元大東港,4990.0,1000,0,989f,3661,2026-05-15
元大東港,4910.0,0,5,989f,3661,2026-05-15
元大高雄,4755.0,1,10,989F,3661,2026-05-15
元大東港,4890.0,0,5,989f,3661,2026-05-15
元大嘉義,4755.0,1002,0,989g,3661,2026-05-15
元大嘉義,4835.0,0,1025,989g,3661,2026-05-15
元大樹林,4650.0,0,100,989j,3661,2026-05-15
元大樹林,4635.0,0,4,989j,3661,2026-05-15
元大樹林,4625.0,20,36,989j,3661,2026-05-15
元大樹林,4615.0,40,64,989j,3661,2026-05-15
元大蘆中,4910.0,0,1,989I,3661,2026-05-15
元大蘆中,4855.0,0,2,989I,3661,2026-05-15
元大蘆中,4790.0,0,1,989I,3661,2026-05-15
元大蘆中,4750.0,2,0,989I,3661,2026-05-15
元大蘆中,4730.0,1,0,989I,3661,2026-05-15
元大蘆中,4710.0,0,215,989I,3661,2026-05-15
元大蘆中,4700.0,10,0,989I,3661,2026-05-15
元大嘉義,4800.0,5,0,989g,3661,2026-05-15
元大蘆中,4690.0,2,0,989I,3661,2026-05-15
元大蘆中,4620.0,10,0,989I,3661,2026-05-15
元大蘆中,4600.0,4,0,989I,3661,2026-05-15
元大大同,4850.0,1,0,989G,3661,2026-05-15
元大大同,4780.0,0,1010,989G,3661,2026-05-15
元大大同,4740.0,1,2,989G,3661,2026-05-15
元大大同,4730.0,36,0,989G,3661,2026-05-15
元大大同,4700.0,57,0,989G,3661,2026-05-15
元大大同,4685.0,13,0,989G,3661,2026-05-15
元大大同,4660.0,0,30,989G,3661,2026-05-15
元大大同,4635.0,1,0,989G,3661,2026-05-15
元大大同,4620.0,1001,0,989G,3661,2026-05-15
元大蘆中,4650.0,5,0,989I,3661,2026-05-15
元大東港,4870.0,0,4,989f,3661,2026-05-15
元大東港,4820.0,0,2,989f,3661,2026-05-15
元大東港,4800.0,4,5,989f,3661,2026-05-15
元大中和,4850.0,1,0,989e,3661,2026-05-15
元大中和,4825.0,10,0,989e,3661,2026-05-15
元大中和,4790.0,1,0,989e,3661,2026-05-15
元大中和,4770.0,1,0,989e,3661,2026-05-15
元大中和,4710.0,0,6,989e,3661,2026-05-15
元大中和,4680.0,0,20,989e,3661,2026-05-15
元大中和,4660.0,2,0,989e,3661,2026-05-15
元大中和,4630.0,5,6,989e,3661,2026-05-15
元大中和,4615.0,2,10,989e,3661,2026-05-15
元大中和,4600.0,12,3,989e,3661,2026-05-15
元大左營,4755.0,1,30,989D,3661,2026-05-15
元大草屯,4605.0,11,0,989E,3661,2026-05-15
元大左營,4720.0,10,0,989D,3661,2026-05-15
元大左營,4685.0,5,0,989D,3661,2026-05-15
元大左營,4675.0,100,0,989D,3661,2026-05-15
元大左營,4650.0,5,0,989D,3661,2026-05-15
元大左營,4625.0,1,0,989D,3661,2026-05-15
元大北屯,4860.0,10,0,989d,3661,2026-05-15
元大北屯,4835.0,2,0,989d,3661,2026-05-15
元大北屯,4815.0,2,0,989d,3661,2026-05-15
元大北屯,4795.0,3,0,989d,3661,2026-05-15
元大北屯,4755.0,0,1000,989d,3661,2026-05-15
元大北屯,4730.0,2,0,989d,3661,2026-05-15
元大北屯,4700.0,74,0,989d,3661,2026-05-15
元大左營,4700.0,37,0,989D,3661,2026-05-15
元大草屯,4615.0,84,0,989E,3661,2026-05-15
元大草屯,4625.0,5,5,989E,3661,2026-05-15
元大草屯,4635.0,20,100,989E,3661,2026-05-15
元大東港,4785.0,10,5,989f,3661,2026-05-15
元大東港,4715.0,0,100,989f,3661,2026-05-15
元大東港,4700.0,16,17,989f,3661,2026-05-15
元大東港,4680.0,3,0,989f,3661,2026-05-15
元大東港,4660.0,0,5,989f,3661,2026-05-15
元大東港,4635.0,1,0,989f,3661,2026-05-15
元大草屯,4900.0,100,0,989E,3661,2026-05-15
元大草屯,4865.0,55,0,989E,3661,2026-05-15
元大草屯,4835.0,22,0,989E,3661,2026-05-15
元大草屯,4825.0,1,0,989E,3661,2026-05-15
元大草屯,4800.0,11,0,989E,3661,2026-05-15
元大草屯,4790.0,5,0,989E,3661,2026-05-15
元大草屯,4780.0,26,0,989E,3661,2026-05-15
元大草屯,4760.0,9,0,989E,3661,2026-05-15
元大草屯,4750.0,5,0,989E,3661,2026-05-15
元大草屯,4740.0,3,0,989E,3661,2026-05-15
元大草屯,4730.0,13,0,989E,3661,2026-05-15
元大草屯,4715.0,3,0,989E,3661,2026-05-15
元大草屯,4705.0,5,0,989E,3661,2026-05-15
元大草屯,4695.0,21,0,989E,3661,2026-05-15
元大草屯,4685.0,1,0,989E,3661,2026-05-15
元大草屯,4675.0,1,0,989E,3661,2026-05-15
元大草屯,4665.0,1,0,989E,3661,2026-05-15
元大草屯,4655.0,1,0,989E,3661,2026-05-15
元大草屯,4645.0,1,0,989E,3661,2026-05-15
元大樹林,4685.0,23,0,989j,3661,2026-05-15
元大北屯,4690.0,2,0,989d,3661,2026-05-15
元大樹林,4700.0,60,27,989j,3661,2026-05-15
元大樹林,4750.0,0,30,989j,3661,2026-05-15
元大汐止,4680.0,75,0,989Q,3661,2026-05-15
元大汐止,4670.0,82,4,989Q,3661,2026-05-15
元大汐止,4660.0,2,100,989Q,3661,2026-05-15
元大汐止,4635.0,10,0,989Q,3661,2026-05-15
元大汐止,4620.0,1,0,989Q,3661,2026-05-15
元大汐止,4605.0,0,2,989Q,3661,2026-05-15
元大敦南,4830.0,1,0,989P,3661,2026-05-15
元大敦南,4780.0,1001,0,989P,3661,2026-05-15
元大敦南,4760.0,100,0,989P,3661,2026-05-15
元大敦南,4750.0,3,0,989P,3661,2026-05-15
元大敦南,4740.0,10,0,989P,3661,2026-05-15
元大汐止,4690.0,50,1,989Q,3661,2026-05-15
元大敦南,4725.0,100,0,989P,3661,2026-05-15
元大敦南,4690.0,0,400,989P,3661,2026-05-15
元大敦南,4675.0,0,50,989P,3661,2026-05-15
元大敦南,4660.0,2,0,989P,3661,2026-05-15
元大敦南,4650.0,10,2,989P,3661,2026-05-15
元大敦南,4635.0,0,2,989P,3661,2026-05-15
元大敦南,4625.0,0,1000,989P,3661,2026-05-15
元大敦南,4610.0,0,13,989P,3661,2026-05-15
元大內湖,4915.0,0,16,989N,3661,2026-05-15
元大內湖,4895.0,100,0,989N,3661,2026-05-15
元大內湖,4860.0,100,0,989N,3661,2026-05-15
元大內湖,4745.0,10,0,989N,3661,2026-05-15
元大敦南,4705.0,2,0,989P,3661,2026-05-15
元大內湖,4720.0,2,5,989N,3661,2026-05-15
元大汐止,4700.0,25,0,989Q,3661,2026-05-15
元大汐止,4730.0,21,0,989Q,3661,2026-05-15
永豐員林,4700.0,5,0,9A9C,3661,2026-05-15
元大大甲,4740.0,1,0,989U,3661,2026-05-15
元大大甲,4715.0,100,0,989U,3661,2026-05-15
元大大甲,4695.0,6,0,989U,3661,2026-05-15
元大大甲,4650.0,31,0,989U,3661,2026-05-15
元大大甲,4610.0,1,0,989U,3661,2026-05-15
元大鹿港,4915.0,65,0,989S,3661,2026-05-15
元大鹿港,4800.0,1,0,989S,3661,2026-05-15
元大鹿港,4770.0,0,2,989S,3661,2026-05-15
元大鹿港,4725.0,50,0,989S,3661,2026-05-15
元大鹿港,4710.0,10,0,989S,3661,2026-05-15
元大汐止,4715.0,0,5,989Q,3661,2026-05-15
元大鹿港,4700.0,0,10,989S,3661,2026-05-15
元大鹿港,4660.0,1,0,989S,3661,2026-05-15
元大鹿港,4615.0,1,0,989S,3661,2026-05-15
元大鹿港,4605.0,5,2,989S,3661,2026-05-15
元大汐止,4905.0,1,0,989Q,3661,2026-05-15
元大汐止,4885.0,2,0,989Q,3661,2026-05-15
元大汐止,4865.0,1,0,989Q,3661,2026-05-15
元大汐止,4810.0,0,13,989Q,3661,2026-05-15
元大汐止,4800.0,14,0,989Q,3661,2026-05-15
元大汐止,4790.0,200,1001,989Q,3661,2026-05-15
元大汐止,4755.0,14,30,989Q,3661,2026-05-15
元大汐止,4740.0,2,0,989Q,3661,2026-05-15
元大鹿港,4675.0,2,0,989S,3661,2026-05-15
元大內湖,4705.0,7,0,989N,3661,2026-05-15
元大內湖,4685.0,1071,0,989N,3661,2026-05-15
元大內湖,4675.0,1000,0,989N,3661,2026-05-15
元大古亭,4715.0,102,0,989k,3661,2026-05-15
元大古亭,4705.0,1,67,989k,3661,2026-05-15
元大古亭,4685.0,21,0,989k,3661,2026-05-15
元大古亭,4675.0,1000,0,989k,3661,2026-05-15
元大古亭,4650.0,6,0,989k,3661,2026-05-15
元大古亭,4630.0,2,1000,989k,3661,2026-05-15
元大彰生,4865.0,5,0,989J,3661,2026-05-15
元大彰生,4795.0,1,0,989J,3661,2026-05-15
元大彰生,4775.0,1,0,989J,3661,2026-05-15
元大彰生,4760.0,0,2,989J,3661,2026-05-15
元大彰生,4740.0,10,15,989J,3661,2026-05-15
元大古亭,4725.0,10,1000,989k,3661,2026-05-15
元大彰生,4710.0,10,0,989J,3661,2026-05-15
元大彰生,4690.0,1,0,989J,3661,2026-05-15
元大彰生,4675.0,10,0,989J,3661,2026-05-15
元大彰生,4650.0,10,0,989J,3661,2026-05-15
元大彰生,4635.0,10,0,989J,3661,2026-05-15
元大彰生,4620.0,2,0,989J,3661,2026-05-15
元大彰生,4600.0,23,0,989J,3661,2026-05-15
元大樹林,4895.0,50,0,989j,3661,2026-05-15
元大樹林,4885.0,50,0,989j,3661,2026-05-15
元大樹林,4810.0,0,35,989j,3661,2026-05-15
元大樹林,4785.0,20,0,989j,3661,2026-05-15
元大樹林,4770.0,10,0,989j,3661,2026-05-15
元大彰生,4700.0,10,2,989J,3661,2026-05-15
元大古亭,4740.0,2,0,989k,3661,2026-05-15
元大古亭,4750.0,5,0,989k,3661,2026-05-15
元大古亭,4780.0,1,0,989k,3661,2026-05-15
元大內湖,4635.0,0,5,989N,3661,2026-05-15
元大內湖,4625.0,0,5,989N,3661,2026-05-15
元大內湖,4615.0,10,0,989N,3661,2026-05-15
元大信義,4840.0,2,0,989m,3661,2026-05-15
元大信義,4795.0,50,0,989m,3661,2026-05-15
元大信義,4700.0,2,0,989m,3661,2026-05-15
元大信義,4650.0,0,3000,989m,3661,2026-05-15
元大信義,4625.0,1000,0,989m,3661,2026-05-15
元大成功,4915.0,10,0,989L,3661,2026-05-15
元大成功,4900.0,12,0,989L,3661,2026-05-15
元大成功,4815.0,0,10,989L,3661,2026-05-15
元大成功,4805.0,38,0,989L,3661,2026-05-15
元大成功,4795.0,17,0,989L,3661,2026-05-15
元大成功,4785.0,20,80,989L,3661,2026-05-15
元大成功,4760.0,1,40,989L,3661,2026-05-15
元大成功,4750.0,3,1,989L,3661,2026-05-15
元大成功,4725.0,5,0,989L,3661,2026-05-15
元大成功,4715.0,23,0,989L,3661,2026-05-15
元大成功,4700.0,102,0,989L,3661,2026-05-15
元大成功,4680.0,1,0,989L,3661,2026-05-15
元大成功,4660.0,1000,0,989L,3661,2026-05-15
元大成功,4615.0,3,100,989L,3661,2026-05-15
元大古亭,4905.0,0,50,989k,3661,2026-05-15
元大古亭,4835.0,1,0,989k,3661,2026-05-15
元大古亭,4805.0,0,3,989k,3661,2026-05-15
元大樹林,4715.0,11,0,989j,3661,2026-05-15
元大北屯,4680.0,2,0,989d,3661,2026-05-15
元大北屯,4645.0,50,0,989d,3661,2026-05-15
元大北屯,4630.0,0,50,989d,3661,2026-05-15
元大桃園,4725.0,10,0,988B,3661,2026-05-15
元大桃園,4710.0,50,0,988B,3661,2026-05-15
元大桃園,4700.0,20,1,988B,3661,2026-05-15
元大桃園,4690.0,10,0,988B,3661,2026-05-15
元大桃園,4670.0,25,0,988B,3661,2026-05-15
元大桃園,4650.0,20,0,988B,3661,2026-05-15
元大員林,4990.0,1000,0,9889,3661,2026-05-15
元大員林,4800.0,1000,0,9889,3661,2026-05-15
元大員林,4760.0,0,20,9889,3661,2026-05-15
元大員林,4725.0,2000,0,9889,3661,2026-05-15
元大員林,4705.0,10,2,9889,3661,2026-05-15
元大桃園,4740.0,10,0,988B,3661,2026-05-15
元大員林,4695.0,0,3000,9889,3661,2026-05-15
元大員林,4620.0,5,30,9889,3661,2026-05-15
元大鑫永,4810.0,100,0,9888,3661,2026-05-15
元大鑫永,4740.0,1,0,9888,3661,2026-05-15
元大鑫永,4685.0,2,0,9888,3661,2026-05-15
元大鑫永,4670.0,0,5,9888,3661,2026-05-15
元大鑫永,4635.0,0,10,9888,3661,2026-05-15
元大鑫永,4615.0,13,0,9888,3661,2026-05-15
元大鑫永,4605.0,10,0,9888,3661,2026-05-15
元大斗信,4860.0,0,2,9884,3661,2026-05-15
元大斗信,4835.0,0,20,9884,3661,2026-05-15
元大斗信,4790.0,1,0,9884,3661,2026-05-15
元大員林,4680.0,2,0,9889,3661,2026-05-15
元大斗信,4760.0,5,0,9884,3661,2026-05-15
元大桃園,4800.0,10,0,988B,3661,2026-05-15
元大三重,4600.0,10,0,988C,3661,2026-05-15
元大屏東,4630.0,1,1000,9892,3661,2026-05-15
元大屏東,4600.0,1,0,9892,3661,2026-05-15
元大永和,4865.0,0,10,9891,3661,2026-05-15
元大永和,4850.0,2000,0,9891,3661,2026-05-15
元大永和,4795.0,10,0,9891,3661,2026-05-15
元大永和,4785.0,7,0,9891,3661,2026-05-15
元大永和,4745.0,10,0,9891,3661,2026-05-15
元大永和,4730.0,5,0,9891,3661,2026-05-15
元大永和,4720.0,10,15,9891,3661,2026-05-15
元大永和,4700.0,16,0,9891,3661,2026-05-15
元大永和,4680.0,2,0,9891,3661,2026-05-15
元大桃園,4840.0,30,0,988B,3661,2026-05-15
元大永和,4660.0,1,0,9891,3661,2026-05-15
元大永和,4630.0,1,0,9891,3661,2026-05-15
元大永和,4615.0,0,4000,9891,3661,2026-05-15
元大永和,4605.0,0,3000,9891,3661,2026-05-15
元大長庚,4900.0,100,0,988V,3661,2026-05-15
元大長庚,4705.0,10,2,988V,3661,2026-05-15
元大長庚,4695.0,50,20,988V,3661,2026-05-15
元大長庚,4635.0,0,12,988V,3661,2026-05-15
元大長庚,4600.0,55,2,988V,3661,2026-05-15
元大三重,4715.0,20,0,988C,3661,2026-05-15
元大三重,4685.0,1,0,988C,3661,2026-05-15
元大三重,4650.0,0,50,988C,3661,2026-05-15
元大永和,4650.0,6,0,9891,3661,2026-05-15
元大斗信,4740.0,3,0,9884,3661,2026-05-15
元大斗信,4700.0,22,0,9884,3661,2026-05-15
元大斗信,4685.0,5,0,9884,3661,2026-05-15
元大永寧,4805.0,1,0,9875,3661,2026-05-15
元大永寧,4760.0,1000,20,9875,3661,2026-05-15
元大永寧,4740.0,0,1,9875,3661,2026-05-15
元大永寧,4720.0,20,0,9875,3661,2026-05-15
元大永寧,4700.0,13,8,9875,3661,2026-05-15
元大永寧,4680.0,18,0,9875,3661,2026-05-15
元大永寧,4650.0,3,0,9875,3661,2026-05-15
元大永寧,4625.0,0,1,9875,3661,2026-05-15
元大永寧,4615.0,3,0,9875,3661,2026-05-15
元大永寧,4600.0,17,0,9875,3661,2026-05-15
元大雙和,4905.0,20,0,9874,3661,2026-05-15
元大金華,4600.0,12,1000,9878,3661,2026-05-15
元大雙和,4795.0,7,0,9874,3661,2026-05-15
元大雙和,4720.0,0,10,9874,3661,2026-05-15
元大雙和,4710.0,0,10,9874,3661,2026-05-15
元大雙和,4695.0,30,1,9874,3661,2026-05-15
元大雙和,4685.0,10,20,9874,3661,2026-05-15
元大雙和,4655.0,6,0,9874,3661,2026-05-15
元大雙和,4645.0,30,0,9874,3661,2026-05-15
元大雙和,4625.0,15,0,9874,3661,2026-05-15
元大雙和,4600.0,53,0,9874,3661,2026-05-15
元大復北,4870.0,20,0,9872,3661,2026-05-15
元大復北,4800.0,330,0,9872,3661,2026-05-15
元大復北,4780.0,10,0,9872,3661,2026-05-15
元大雙和,4780.0,2,0,9874,3661,2026-05-15
元大金華,4630.0,0,75,9878,3661,2026-05-15
元大金華,4705.0,5,0,9878,3661,2026-05-15
元大金華,4730.0,1000,0,9878,3661,2026-05-15
元大斗信,4650.0,1,0,9884,3661,2026-05-15
元大斗信,4630.0,30,0,9884,3661,2026-05-15
元大斗信,4600.0,11,0,9884,3661,2026-05-15
元大楊梅,4805.0,0,1,987A,3661,2026-05-15
元大楊梅,4780.0,30,0,987A,3661,2026-05-15
元大楊梅,4730.0,20,0,987A,3661,2026-05-15
元大楊梅,4720.0,0,300,987A,3661,2026-05-15
元大楊梅,4700.0,10,1000,987A,3661,2026-05-15
元大楊梅,4680.0,12,0,987A,3661,2026-05-15
元大楊梅,4650.0,1002,2000,987A,3661,2026-05-15
元大楊梅,4625.0,1,0,987A,3661,2026-05-15
元大楊梅,4605.0,0,20,987A,3661,2026-05-15
元大板三,4885.0,0,20,9879,3661,2026-05-15
元大板三,4830.0,4,0,9879,3661,2026-05-15
元大板三,4795.0,5,0,9879,3661,2026-05-15
元大板三,4710.0,5,0,9879,3661,2026-05-15
元大板三,4700.0,8,0,9879,3661,2026-05-15
元大板三,4680.0,15,0,9879,3661,2026-05-15
元大板三,4665.0,0,1000,9879,3661,2026-05-15
元大板三,4655.0,2,0,9879,3661,2026-05-15
元大板三,4620.0,1,0,9879,3661,2026-05-15
元大板三,4610.0,1012,0,9879,3661,2026-05-15
元大金華,4835.0,10,0,9878,3661,2026-05-15
元大金華,4820.0,5,0,9878,3661,2026-05-15
元大金華,4745.0,5,0,9878,3661,2026-05-15
元大屏東,4660.0,10,3,9892,3661,2026-05-15
元大屏東,4685.0,31,0,9892,3661,2026-05-15
元大屏東,4700.0,1069,0,9892,3661,2026-05-15
元大屏東,4720.0,1,1000,9892,3661,2026-05-15
元大北投,4780.0,20,0,989A,3661,2026-05-15
元大北投,4770.0,10,0,989A,3661,2026-05-15
元大北投,4750.0,10,0,989A,3661,2026-05-15
元大北投,4735.0,10,0,989A,3661,2026-05-15
元大北投,4705.0,22,0,989A,3661,2026-05-15
元大北投,4695.0,10,0,989A,3661,2026-05-15
元大北投,4680.0,25,0,989A,3661,2026-05-15
元大北投,4650.0,2,0,989A,3661,2026-05-15
元大北投,4640.0,10,0,989A,3661,2026-05-15
元大北投,4630.0,0,1000,989A,3661,2026-05-15
元大北投,4600.0,20,0,989A,3661,2026-05-15
元大北投,4810.0,10,0,989A,3661,2026-05-15
元大苑裡,4740.0,10,0,989a,3661,2026-05-15
元大苑裡,4700.0,0,50,989a,3661,2026-05-15
元大苑裡,4605.0,0,1000,989a,3661,2026-05-15
元大淡水,4810.0,10,10,9899,3661,2026-05-15
元大淡水,4765.0,60,0,9899,3661,2026-05-15
元大淡水,4740.0,10,0,9899,3661,2026-05-15
元大淡水,4730.0,10,0,9899,3661,2026-05-15
元大淡水,4720.0,10,0,9899,3661,2026-05-15
元大淡水,4685.0,25,0,9899,3661,2026-05-15
元大淡水,4675.0,10,1,9899,3661,2026-05-15
元大淡水,4650.0,11,0,9899,3661,2026-05-15
元大淡水,4610.0,20,0,9899,3661,2026-05-15
元大苑裡,4725.0,100,30,989a,3661,2026-05-15
元大北投,4885.0,2,0,989A,3661,2026-05-15
元大中港,4605.0,51,100,989B,3661,2026-05-15
元大中港,4650.0,0,14,989B,3661,2026-05-15
元大北屯,4595.0,0,5,989d,3661,2026-05-15
元大板橋,4830.0,5,0,989C,3661,2026-05-15
元大板橋,4815.0,1,0,989C,3661,2026-05-15
元大板橋,4800.0,6,50,989C,3661,2026-05-15
元大板橋,4780.0,3,0,989C,3661,2026-05-15
元大板橋,4720.0,5,70,989C,3661,2026-05-15
元大板橋,4710.0,7,0,989C,3661,2026-05-15
元大板橋,4700.0,21,20,989C,3661,2026-05-15
元大板橋,4685.0,1,0,989C,3661,2026-05-15
元大板橋,4675.0,1,0,989C,3661,2026-05-15
元大板橋,4650.0,1,0,989C,3661,2026-05-15
元大板橋,4630.0,31,0,989C,3661,2026-05-15
元大板橋,4610.0,0,11,989C,3661,2026-05-15
元大中港,4885.0,0,1000,989B,3661,2026-05-15
元大中港,4850.0,1000,0,989B,3661,2026-05-15
元大中港,4800.0,30,0,989B,3661,2026-05-15
元大中港,4790.0,5,0,989B,3661,2026-05-15
元大中港,4775.0,0,1000,989B,3661,2026-05-15
元大中港,4755.0,1020,0,989B,3661,2026-05-15
元大中港,4735.0,0,5,989B,3661,2026-05-15
元大中港,4720.0,170,0,989B,3661,2026-05-15
元大中港,4710.0,0,50,989B,3661,2026-05-15
元大中港,4700.0,15,0,989B,3661,2026-05-15
元大中港,4680.0,2,0,989B,3661,2026-05-15
元大中港,4660.0,1000,0,989B,3661,2026-05-15
元大淡水,4600.0,6,0,9899,3661,2026-05-15
元大向上,4760.0,20,0,9824,3661,2026-05-15
元大新莊,4900.0,0,19,9898,3661,2026-05-15
元大新莊,4800.0,1,0,9898,3661,2026-05-15
元大台南,4615.0,0,40,9896,3661,2026-05-15
元大台南,4605.0,10,0,9896,3661,2026-05-15
元大台南,4595.0,5,0,9896,3661,2026-05-15
元大桃興,4795.0,10,0,9894,3661,2026-05-15
元大桃興,4740.0,0,3,9894,3661,2026-05-15
元大桃興,4715.0,2,0,9894,3661,2026-05-15
元大桃興,4700.0,1,0,9894,3661,2026-05-15
元大桃興,4670.0,3,0,9894,3661,2026-05-15
元大桃興,4630.0,10,0,9894,3661,2026-05-15
元大桃興,4615.0,30,0,9894,3661,2026-05-15
元大大天,4890.0,0,15,9893,3661,2026-05-15
元大台南,4630.0,10,0,9896,3661,2026-05-15
元大大天,4860.0,0,1007,9893,3661,2026-05-15
元大大天,4795.0,5,0,9893,3661,2026-05-15
元大大天,4770.0,30,0,9893,3661,2026-05-15
元大大天,4745.0,7,0,9893,3661,2026-05-15
元大大天,4735.0,1000,0,9893,3661,2026-05-15
元大大天,4725.0,10,0,9893,3661,2026-05-15
元大大天,4710.0,10,0,9893,3661,2026-05-15
元大大天,4685.0,6,0,9893,3661,2026-05-15
元大大天,4655.0,23,0,9893,3661,2026-05-15
元大大天,4610.0,1,0,9893,3661,2026-05-15
元大屏東,4875.0,50,0,9892,3661,2026-05-15
元大屏東,4815.0,2,0,9892,3661,2026-05-15
元大大天,4815.0,15,0,9893,3661,2026-05-15
元大台南,4655.0,5,0,9896,3661,2026-05-15
元大台南,4690.0,5,0,9896,3661,2026-05-15
元大台南,4700.0,1,0,9896,3661,2026-05-15
元大新莊,4780.0,10,0,9898,3661,2026-05-15
元大新莊,4745.0,100,0,9898,3661,2026-05-15
元大新莊,4725.0,1105,0,9898,3661,2026-05-15
元大新莊,4700.0,5,1040,9898,3661,2026-05-15
元大新莊,4690.0,0,36,9898,3661,2026-05-15
元大新莊,4660.0,15,1000,9898,3661,2026-05-15
元大新莊,4650.0,13,0,9898,3661,2026-05-15
元大新莊,4630.0,0,25,9898,3661,2026-05-15
元大土城,4880.0,0,1000,9897,3661,2026-05-15
元大土城,4865.0,5,10,9897,3661,2026-05-15
元大土城,4850.0,0,1000,9897,3661,2026-05-15
元大土城,4800.0,10,0,9897,3661,2026-05-15
元大土城,4750.0,0,30,9897,3661,2026-05-15
元大土城,4700.0,0,1000,9897,3661,2026-05-15
元大土城,4685.0,3,0,9897,3661,2026-05-15
元大土城,4650.0,1,1,9897,3661,2026-05-15
元大土城,4610.0,50,0,9897,3661,2026-05-15
元大台南,4870.0,5,0,9896,3661,2026-05-15
元大台南,4830.0,12,0,9896,3661,2026-05-15
元大台南,4810.0,5,0,9896,3661,2026-05-15
元大台南,4800.0,7,0,9896,3661,2026-05-15
元大台南,4760.0,2,0,9896,3661,2026-05-15
元大台南,4750.0,5,5,9896,3661,2026-05-15
元大台南,4730.0,2,0,9896,3661,2026-05-15
元大台南,4715.0,10,0,9896,3661,2026-05-15
元大新莊,4825.0,10,0,9898,3661,2026-05-15
元大向上,4610.0,0,1,9824,3661,2026-05-15
元大經國,4675.0,1,0,9859,3661,2026-05-15
元大學府,4700.0,3,0,9822,3661,2026-05-15
富邦台南,4785.0,11,0,9667,3661,2026-05-15
富邦台南,4775.0,0,1,9667,3661,2026-05-15
富邦台南,4755.0,1,0,9667,3661,2026-05-15
富邦台南,4730.0,1,0,9667,3661,2026-05-15
富邦台南,4720.0,34,0,9667,3661,2026-05-15
富邦台南,4700.0,71,0,9667,3661,2026-05-15
富邦台南,4680.0,4,0,9667,3661,2026-05-15
富邦台南,4660.0,3,0,9667,3661,2026-05-15
富邦台南,4650.0,10,0,9667,3661,2026-05-15
富邦台南,4635.0,2,0,9667,3661,2026-05-15
富邦台南,4625.0,3,0,9667,3661,2026-05-15
富邦台南,4800.0,1,0,9667,3661,2026-05-15
富邦台南,4615.0,2,0,9667,3661,2026-05-15
富邦南屯,4910.0,0,20,9666,3661,2026-05-15
富邦南屯,4855.0,1,0,9666,3661,2026-05-15
富邦南屯,4785.0,10,0,9666,3661,2026-05-15
富邦南屯,4760.0,10,0,9666,3661,2026-05-15
富邦南屯,4735.0,1,0,9666,3661,2026-05-15
富邦南屯,4725.0,1,0,9666,3661,2026-05-15
富邦南屯,4710.0,2,0,9666,3661,2026-05-15
富邦南屯,4695.0,0,1,9666,3661,2026-05-15
富邦南屯,4660.0,6,0,9666,3661,2026-05-15
富邦南屯,4625.0,1,0,9666,3661,2026-05-15
富邦南屯,4610.0,1,0,9666,3661,2026-05-15
富邦台南,4605.0,18,0,9667,3661,2026-05-15
富邦桃園,4910.0,4,0,9665,3661,2026-05-15
富邦台南,4875.0,0,20,9667,3661,2026-05-15
富邦左營,4620.0,5,0,966F,3661,2026-05-15
富邦仁愛,4645.0,10,0,9676,3661,2026-05-15
富邦仁愛,4635.0,35,1,9676,3661,2026-05-15
富邦仁愛,4625.0,36,0,9676,3661,2026-05-15
富邦仁愛,4615.0,34,0,9676,3661,2026-05-15
富邦仁愛,4605.0,210,8100,9676,3661,2026-05-15
富邦員林,4895.0,0,10,9672,3661,2026-05-15
富邦員林,4815.0,0,100,9672,3661,2026-05-15
富邦員林,4770.0,1000,50,9672,3661,2026-05-15
富邦員林,4755.0,1000,5,9672,3661,2026-05-15
富邦員林,4730.0,1,0,9672,3661,2026-05-15
富邦員林,4720.0,11,0,9672,3661,2026-05-15
富邦左營,4610.0,10,0,966F,3661,2026-05-15
富邦員林,4710.0,103,4,9672,3661,2026-05-15
富邦員林,4660.0,0,1020,9672,3661,2026-05-15
富邦員林,4625.0,0,25,9672,3661,2026-05-15
富邦員林,4615.0,1,0,9672,3661,2026-05-15
富邦員林,4600.0,5,0,9672,3661,2026-05-15
富邦左營,4830.0,10,0,966F,3661,2026-05-15
富邦左營,4780.0,10,0,966F,3661,2026-05-15
富邦左營,4705.0,10,0,966F,3661,2026-05-15
富邦左營,4685.0,100,0,966F,3661,2026-05-15
富邦左營,4660.0,5,0,966F,3661,2026-05-15
富邦左營,4640.0,5,0,966F,3661,2026-05-15
富邦左營,4630.0,0,5,966F,3661,2026-05-15
富邦員林,4700.0,10,0,9672,3661,2026-05-15
富邦桃園,4870.0,10,0,9665,3661,2026-05-15
富邦桃園,4805.0,1,0,9665,3661,2026-05-15
富邦桃園,4785.0,10,0,9665,3661,2026-05-15
富邦新店,4720.0,122,0,9661,3661,2026-05-15
富邦新店,4705.0,17,0,9661,3661,2026-05-15
富邦新店,4695.0,42,0,9661,3661,2026-05-15
富邦新店,4685.0,40,0,9661,3661,2026-05-15
富邦新店,4675.0,101,0,9661,3661,2026-05-15
富邦新店,4665.0,110,0,9661,3661,2026-05-15
富邦新店,4655.0,31,0,9661,3661,2026-05-15
富邦新店,4645.0,15,1,9661,3661,2026-05-15
富邦新店,4630.0,11,200,9661,3661,2026-05-15
富邦新店,4620.0,21,0,9661,3661,2026-05-15
富邦新店,4610.0,2,3,9661,3661,2026-05-15
富邦新店,4740.0,12,0,9661,3661,2026-05-15
富邦新店,4600.0,27,0,9661,3661,2026-05-15
富邦彰化,4720.0,5,0,965U,3661,2026-05-15
富邦彰化,4695.0,0,1,965U,3661,2026-05-15
富邦彰化,4680.0,5,0,965U,3661,2026-05-15
富邦彰化,4660.0,210,0,965U,3661,2026-05-15
富邦彰化,4635.0,30,15,965U,3661,2026-05-15
富邦彰化,4600.0,0,20,965U,3661,2026-05-15
富邦台中,4890.0,3,0,965K,3661,2026-05-15
富邦台中,4810.0,15,1000,965K,3661,2026-05-15
富邦台中,4795.0,1,2,965K,3661,2026-05-15
富邦台中,4780.0,100,0,965K,3661,2026-05-15
富邦台中,4760.0,0,10,965K,3661,2026-05-15
富邦彰化,4835.0,100,0,965U,3661,2026-05-15
富邦新店,4750.0,30,91,9661,3661,2026-05-15
富邦新店,4775.0,0,1020,9661,3661,2026-05-15
富邦新店,4795.0,200,1,9661,3661,2026-05-15
富邦桃園,4775.0,5,0,9665,3661,2026-05-15
富邦桃園,4740.0,5,20,9665,3661,2026-05-15
富邦桃園,4705.0,5,21,9665,3661,2026-05-15
富邦桃園,4685.0,0,8,9665,3661,2026-05-15
富邦桃園,4645.0,20,0,9665,3661,2026-05-15
富邦桃園,4630.0,5,0,9665,3661,2026-05-15
富邦桃園,4620.0,0,10,9665,3661,2026-05-15
富邦桃園,4610.0,0,1000,9665,3661,2026-05-15
富邦敦南,4965.0,2000,0,9663,3661,2026-05-15
富邦敦南,4885.0,1,0,9663,3661,2026-05-15
富邦敦南,4845.0,10,0,9663,3661,2026-05-15
富邦敦南,4815.0,12,0,9663,3661,2026-05-15
富邦敦南,4790.0,1000,0,9663,3661,2026-05-15
富邦敦南,4750.0,10,0,9663,3661,2026-05-15
富邦敦南,4715.0,10,175,9663,3661,2026-05-15
富邦敦南,4705.0,0,14,9663,3661,2026-05-15
富邦敦南,4680.0,5,0,9663,3661,2026-05-15
富邦敦南,4670.0,10,0,9663,3661,2026-05-15
富邦敦南,4655.0,1,0,9663,3661,2026-05-15
富邦敦南,4625.0,3,0,9663,3661,2026-05-15
富邦敦南,4615.0,5,0,9663,3661,2026-05-15
富邦新店,4900.0,200,121,9661,3661,2026-05-15
富邦新店,4870.0,50,0,9661,3661,2026-05-15
富邦新店,4830.0,50,0,9661,3661,2026-05-15
富邦新店,4810.0,0,8,9661,3661,2026-05-15
富邦仁愛,4655.0,22,10,9676,3661,2026-05-15
富邦台中,4750.0,1000,0,965K,3661,2026-05-15
富邦仁愛,4670.0,33,3000,9676,3661,2026-05-15
富邦仁愛,4690.0,10,1,9676,3661,2026-05-15
元大,4695.0,6127,5470,9800,3661,2026-05-15
元大,4685.0,1000,3029,9800,3661,2026-05-15
元大,4675.0,6170,0,9800,3661,2026-05-15
元大,4665.0,639,4000,9800,3661,2026-05-15
元大,4655.0,3000,0,9800,3661,2026-05-15
元大,4645.0,1044,1078,9800,3661,2026-05-15
元大,4635.0,1001,2501,9800,3661,2026-05-15
元大,4625.0,6000,4000,9800,3661,2026-05-15
元大,4615.0,3500,5,9800,3661,2026-05-15
元大,4605.0,20453,1000,9800,3661,2026-05-15
富邦北港,4915.0,0,100,969C,3661,2026-05-15
元大,4705.0,6541,5864,9800,3661,2026-05-15
富邦北港,4695.0,4,0,969C,3661,2026-05-15
富邦北港,4650.0,0,1,969C,3661,2026-05-15
富邦北港,4625.0,0,435,969C,3661,2026-05-15
富邦北港,4610.0,0,1000,969C,3661,2026-05-15
富邦虎尾,4800.0,100,0,9697,3661,2026-05-15
富邦虎尾,4735.0,10,0,9697,3661,2026-05-15
富邦虎尾,4725.0,0,4,9697,3661,2026-05-15
富邦虎尾,4705.0,10,0,9697,3661,2026-05-15
富邦虎尾,4680.0,2,0,9697,3661,2026-05-15
富邦虎尾,4630.0,20,0,9697,3661,2026-05-15
富邦新營,4880.0,1000,0,9693,3661,2026-05-15
富邦新營,4745.0,0,2000,9693,3661,2026-05-15
富邦北港,4670.0,15,0,969C,3661,2026-05-15
富邦新營,4700.0,60,0,9693,3661,2026-05-15
元大,4715.0,3613,3098,9800,3661,2026-05-15
元大,4735.0,4035,1017,9800,3661,2026-05-15
元大松江,4690.0,21,0,9801,3661,2026-05-15
元大松江,4665.0,25,0,9801,3661,2026-05-15
元大松江,4630.0,10,0,9801,3661,2026-05-15
元大松江,4600.0,20,0,9801,3661,2026-05-15
元大,4990.0,0,5000,9800,3661,2026-05-15
元大,4980.0,4000,0,9800,3661,2026-05-15
元大,4965.0,1000,1000,9800,3661,2026-05-15
元大,4940.0,0,1000,9800,3661,2026-05-15
元大,4915.0,1000,5000,9800,3661,2026-05-15
元大,4905.0,1654,1000,9800,3661,2026-05-15
元大,4885.0,4000,1000,9800,3661,2026-05-15
元大,4725.0,5097,1004,9800,3661,2026-05-15
元大,4875.0,1000,1000,9800,3661,2026-05-15
元大,4845.0,1,1012,9800,3661,2026-05-15
元大,4835.0,0,1147,9800,3661,2026-05-15
元大,4825.0,1,136,9800,3661,2026-05-15
元大,4815.0,167,1261,9800,3661,2026-05-15
元大,4805.0,1109,1050,9800,3661,2026-05-15
元大,4795.0,140,3437,9800,3661,2026-05-15
元大,4785.0,3090,2582,9800,3661,2026-05-15
元大,4775.0,5000,2671,9800,3661,2026-05-15
元大,4765.0,1399,2000,9800,3661,2026-05-15
元大,4755.0,3408,1000,9800,3661,2026-05-15
元大,4745.0,51,2000,9800,3661,2026-05-15
元大,4855.0,0,2301,9800,3661,2026-05-15
富邦新營,4650.0,2,0,9693,3661,2026-05-15
富邦新營,4615.0,50,28,9693,3661,2026-05-15
富邦嘉義,4910.0,1000,161,9692,3661,2026-05-15
富邦三重,4715.0,15,0,9677,3661,2026-05-15
富邦三重,4705.0,12,0,9677,3661,2026-05-15
富邦三重,4695.0,1002,0,9677,3661,2026-05-15
富邦三重,4685.0,50,0,9677,3661,2026-05-15
富邦三重,4675.0,0,10,9677,3661,2026-05-15
富邦三重,4660.0,50,0,9677,3661,2026-05-15
富邦三重,4650.0,10,0,9677,3661,2026-05-15
富邦三重,4635.0,0,6,9677,3661,2026-05-15
富邦三重,4625.0,11,0,9677,3661,2026-05-15
富邦三重,4610.0,15,0,9677,3661,2026-05-15
富邦三重,4600.0,33,5,9677,3661,2026-05-15
富邦三重,4730.0,7,0,9677,3661,2026-05-15
富邦仁愛,4970.0,1000,0,9676,3661,2026-05-15
富邦仁愛,4840.0,2,1000,9676,3661,2026-05-15
富邦仁愛,4810.0,1,0,9676,3661,2026-05-15
富邦仁愛,4790.0,20,0,9676,3661,2026-05-15
富邦仁愛,4780.0,50,100,9676,3661,2026-05-15
富邦仁愛,4770.0,50,0,9676,3661,2026-05-15
富邦仁愛,4760.0,5,0,9676,3661,2026-05-15
富邦仁愛,4740.0,25,0,9676,3661,2026-05-15
富邦仁愛,4730.0,3,0,9676,3661,2026-05-15
富邦仁愛,4720.0,10,200,9676,3661,2026-05-15
富邦仁愛,4710.0,26,100,9676,3661,2026-05-15
富邦仁愛,4700.0,61,303,9676,3661,2026-05-15
富邦仁愛,4860.0,1001,0,9676,3661,2026-05-15
富邦三重,4750.0,10,169,9677,3661,2026-05-15
富邦三重,4765.0,0,84,9677,3661,2026-05-15
富邦三重,4775.0,0,16,9677,3661,2026-05-15
富邦嘉義,4840.0,30,0,9692,3661,2026-05-15
富邦嘉義,4820.0,0,1,9692,3661,2026-05-15
富邦嘉義,4790.0,33,0,9692,3661,2026-05-15
富邦嘉義,4780.0,6,0,9692,3661,2026-05-15
富邦嘉義,4745.0,2,0,9692,3661,2026-05-15
富邦嘉義,4730.0,3,0,9692,3661,2026-05-15
富邦嘉義,4720.0,10,0,9692,3661,2026-05-15
富邦嘉義,4710.0,0,5,9692,3661,2026-05-15
富邦嘉義,4695.0,5,0,9692,3661,2026-05-15
富邦嘉義,4670.0,10,0,9692,3661,2026-05-15
富邦嘉義,4660.0,11,0,9692,3661,2026-05-15
富邦嘉義,4650.0,7,0,9692,3661,2026-05-15
富邦嘉義,4635.0,2,378,9692,3661,2026-05-15
富邦嘉義,4620.0,0,2,9692,3661,2026-05-15
富邦嘉義,4610.0,21,1000,9692,3661,2026-05-15
富邦宜蘭,4760.0,0,150,9686,3661,2026-05-15
富邦宜蘭,4720.0,0,5,9686,3661,2026-05-15
富邦宜蘭,4695.0,0,1000,9686,3661,2026-05-15
富邦宜蘭,4660.0,1,0,9686,3661,2026-05-15
富邦宜蘭,4645.0,0,10,9686,3661,2026-05-15
富邦宜蘭,4630.0,10,5,9686,3661,2026-05-15
富邦宜蘭,4605.0,10,5,9686,3661,2026-05-15
富邦三重,4900.0,0,10,9677,3661,2026-05-15
富邦三重,4855.0,5,0,9677,3661,2026-05-15
富邦三重,4795.0,3,0,9677,3661,2026-05-15
富邦仁愛,4680.0,5,0,9676,3661,2026-05-15
富邦台中,4735.0,4,0,965K,3661,2026-05-15
富邦台中,4725.0,11,0,965K,3661,2026-05-15
富邦台中,4715.0,20,0,965K,3661,2026-05-15
永豐松山,4755.0,2000,0,9A91,3661,2026-05-15
永豐松山,4795.0,5,1000,9A91,3661,2026-05-15
永豐松山,4900.0,1,0,9A91,3661,2026-05-15
永豐松山,4990.0,1000,0,9A91,3661,2026-05-15
永豐萬盛,4610.0,205,0,9A92,3661,2026-05-15
永豐萬盛,4650.0,1000,0,9A92,3661,2026-05-15
永豐萬盛,4670.0,0,2,9A92,3661,2026-05-15
永豐萬盛,4680.0,0,2,9A92,3661,2026-05-15
永豐萬盛,4700.0,21,350,9A92,3661,2026-05-15
永豐萬盛,4710.0,10,10,9A92,3661,2026-05-15
永豐萬盛,4720.0,3,0,9A92,3661,2026-05-15
永豐松山,4745.0,0,5,9A91,3661,2026-05-15
永豐萬盛,4740.0,0,12,9A92,3661,2026-05-15
永豐萬盛,4780.0,2,0,9A92,3661,2026-05-15
永豐萬盛,4830.0,100,0,9A92,3661,2026-05-15
永豐新竹,4635.0,0,100,9A97,3661,2026-05-15
永豐新竹,4655.0,102,0,9A97,3661,2026-05-15
永豐新竹,4685.0,3,15,9A97,3661,2026-05-15
永豐新竹,4705.0,15,0,9A97,3661,2026-05-15
永豐新竹,4715.0,3,0,9A97,3661,2026-05-15
永豐新竹,4780.0,3,0,9A97,3661,2026-05-15
永豐新竹,4895.0,10,0,9A97,3661,2026-05-15
永豐大園,4605.0,2,1000,9A98,3661,2026-05-15
永豐大園,4645.0,0,1000,9A98,3661,2026-05-15
永豐萬盛,4750.0,0,10,9A92,3661,2026-05-15
永豐大園,4670.0,2,0,9A98,3661,2026-05-15
永豐松山,4730.0,10,0,9A91,3661,2026-05-15
永豐松山,4705.0,1,0,9A91,3661,2026-05-15
永豐敦北,4820.0,10,0,9A89,3661,2026-05-15
永豐敦北,4865.0,10,0,9A89,3661,2026-05-15
永豐敦南,4595.0,5,0,9A8F,3661,2026-05-15
永豐敦南,4605.0,20,10,9A8F,3661,2026-05-15
永豐敦南,4615.0,4,10,9A8F,3661,2026-05-15
永豐敦南,4625.0,1,25,9A8F,3661,2026-05-15
永豐敦南,4650.0,20,0,9A8F,3661,2026-05-15
永豐敦南,4665.0,4,0,9A8F,3661,2026-05-15
永豐敦南,4680.0,0,1,9A8F,3661,2026-05-15
永豐敦南,4700.0,222,2000,9A8F,3661,2026-05-15
永豐敦南,4715.0,260,0,9A8F,3661,2026-05-15
永豐松山,4720.0,50,2000,9A91,3661,2026-05-15
永豐敦南,4725.0,0,5,9A8F,3661,2026-05-15
永豐敦南,4755.0,17,0,9A8F,3661,2026-05-15
永豐敦南,4785.0,27,5,9A8F,3661,2026-05-15
永豐敦南,4805.0,1010,0,9A8F,3661,2026-05-15
永豐敦南,4820.0,0,19,9A8F,3661,2026-05-15
永豐敦南,4860.0,0,1,9A8F,3661,2026-05-15
永豐敦南,4885.0,2,0,9A8F,3661,2026-05-15
永豐敦南,4920.0,1000,0,9A8F,3661,2026-05-15
永豐松山,4605.0,1000,20,9A91,3661,2026-05-15
永豐松山,4630.0,1000,0,9A91,3661,2026-05-15
永豐松山,4680.0,0,2000,9A91,3661,2026-05-15
永豐松山,4695.0,10,1000,9A91,3661,2026-05-15
永豐敦南,4735.0,1001,0,9A8F,3661,2026-05-15
永豐大園,4695.0,10,0,9A98,3661,2026-05-15
永豐大園,4705.0,102,0,9A98,3661,2026-05-15
永豐大園,4725.0,2,0,9A98,3661,2026-05-15
永豐羅東,4690.0,5,0,9A9A,3661,2026-05-15
永豐羅東,4705.0,5,0,9A9A,3661,2026-05-15
永豐虎尾,4600.0,2,0,9A9b,3661,2026-05-15
永豐虎尾,4715.0,11,0,9A9b,3661,2026-05-15
永豐中和,4600.0,10,0,9A9B,3661,2026-05-15
永豐中和,4615.0,5,0,9A9B,3661,2026-05-15
永豐中和,4635.0,10,0,9A9B,3661,2026-05-15
永豐中和,4680.0,10,0,9A9B,3661,2026-05-15
永豐中和,4750.0,15,0,9A9B,3661,2026-05-15
永豐永康,4600.0,60,0,9A9c,3661,2026-05-15
永豐永康,4615.0,1,0,9A9c,3661,2026-05-15
永豐羅東,4670.0,12,3,9A9A,3661,2026-05-15
永豐永康,4650.0,3,0,9A9c,3661,2026-05-15
永豐永康,4670.0,13,0,9A9c,3661,2026-05-15
永豐永康,4680.0,1,0,9A9c,3661,2026-05-15
永豐永康,4695.0,5,0,9A9c,3661,2026-05-15
永豐永康,4705.0,1,0,9A9c,3661,2026-05-15
永豐永康,4730.0,30,0,9A9c,3661,2026-05-15
永豐永康,4740.0,1,0,9A9c,3661,2026-05-15
永豐永康,4795.0,30,0,9A9c,3661,2026-05-15
永豐永康,4820.0,30,0,9A9c,3661,2026-05-15
永豐永康,4850.0,100,0,9A9c,3661,2026-05-15
永豐永康,4910.0,2,0,9A9c,3661,2026-05-15
永豐員林,4635.0,0,15,9A9C,3661,2026-05-15
永豐永康,4660.0,10,0,9A9c,3661,2026-05-15
永豐羅東,4635.0,0,20,9A9A,3661,2026-05-15
永豐羅東,4605.0,12,0,9A9A,3661,2026-05-15
永豐苓雅,4895.0,0,40,9A9a,3661,2026-05-15
永豐大園,4740.0,1,0,9A98,3661,2026-05-15
永豐大園,4785.0,50,0,9A98,3661,2026-05-15
永豐大園,4820.0,1000,0,9A98,3661,2026-05-15
永豐大園,4915.0,1000,0,9A98,3661,2026-05-15
永豐中壢,4610.0,10,0,9A99,3661,2026-05-15
永豐中壢,4620.0,1,0,9A99,3661,2026-05-15
永豐中壢,4650.0,1000,10,9A99,3661,2026-05-15
永豐中壢,4680.0,10,0,9A99,3661,2026-05-15
永豐中壢,4695.0,11,0,9A99,3661,2026-05-15
永豐中壢,4705.0,1010,0,9A99,3661,2026-05-15
永豐中壢,4715.0,10,0,9A99,3661,2026-05-15
永豐中壢,4775.0,0,1000,9A99,3661,2026-05-15
永豐中壢,4815.0,11,0,9A99,3661,2026-05-15
永豐中壢,4860.0,0,40,9A99,3661,2026-05-15
永豐中壢,4890.0,0,1000,9A99,3661,2026-05-15
永豐苓雅,4610.0,0,6,9A9a,3661,2026-05-15
永豐苓雅,4620.0,1,51,9A9a,3661,2026-05-15
永豐苓雅,4630.0,0,1000,9A9a,3661,2026-05-15
永豐苓雅,4660.0,0,19,9A9a,3661,2026-05-15
永豐苓雅,4680.0,6,0,9A9a,3661,2026-05-15
永豐苓雅,4705.0,40,0,9A9a,3661,2026-05-15
永豐苓雅,4720.0,2,0,9A9a,3661,2026-05-15
永豐苓雅,4740.0,10,0,9A9a,3661,2026-05-15
永豐苓雅,4775.0,50,0,9A9a,3661,2026-05-15
永豐苓雅,4870.0,0,1000,9A9a,3661,2026-05-15
永豐敦北,4790.0,2,0,9A89,3661,2026-05-15
永豐敦北,4780.0,1,0,9A89,3661,2026-05-15
永豐敦北,4750.0,60,0,9A89,3661,2026-05-15
永豐敦北,4715.0,6,0,9A89,3661,2026-05-15
元大三民,4750.0,5,0,989X,3661,2026-05-15
元大基隆,4630.0,10,0,989Y,3661,2026-05-15
元大基隆,4645.0,44,0,989Y,3661,2026-05-15
元大基隆,4665.0,5,0,989Y,3661,2026-05-15
元大基隆,4705.0,0,10,989Y,3661,2026-05-15
元大基隆,4735.0,2,0,989Y,3661,2026-05-15
元大基隆,4780.0,20,0,989Y,3661,2026-05-15
元大小港,4600.0,50,0,989Z,3661,2026-05-15
元大小港,4650.0,1,0,989Z,3661,2026-05-15
元大小港,4695.0,2,0,989Z,3661,2026-05-15
元大小港,4705.0,4,0,989Z,3661,2026-05-15
元大三民,4715.0,120,0,989X,3661,2026-05-15
元大小港,4720.0,10,16,989Z,3661,2026-05-15
永豐金,4595.0,1,15,9A00,3661,2026-05-15
永豐金,4605.0,31,315,9A00,3661,2026-05-15
永豐金,4615.0,187,65,9A00,3661,2026-05-15
永豐金,4625.0,48,104,9A00,3661,2026-05-15
永豐金,4635.0,96,1310,9A00,3661,2026-05-15
永豐金,4645.0,1,187,9A00,3661,2026-05-15
永豐金,4655.0,836,619,9A00,3661,2026-05-15
永豐金,4665.0,3,108,9A00,3661,2026-05-15
永豐金,4675.0,34,553,9A00,3661,2026-05-15
永豐金,4685.0,60,764,9A00,3661,2026-05-15
永豐金,4695.0,65,926,9A00,3661,2026-05-15
元大小港,4810.0,2,0,989Z,3661,2026-05-15
元大三民,4680.0,1,0,989X,3661,2026-05-15
元大三民,4655.0,60,0,989X,3661,2026-05-15
元大三民,4615.0,5,0,989X,3661,2026-05-15
富邦台中,4705.0,21,0,965K,3661,2026-05-15
元大大甲,4800.0,0,20,989U,3661,2026-05-15
元大大甲,4870.0,1,0,989U,3661,2026-05-15
元大北重,4630.0,20,0,989V,3661,2026-05-15
元大北重,4640.0,1,0,989V,3661,2026-05-15
元大北重,4685.0,1,0,989V,3661,2026-05-15
元大北重,4705.0,0,47,989V,3661,2026-05-15
元大北重,4715.0,10,0,989V,3661,2026-05-15
元大北重,4735.0,1,0,989V,3661,2026-05-15
元大北重,4745.0,4,0,989V,3661,2026-05-15
元大北重,4760.0,31,0,989V,3661,2026-05-15
元大北重,4770.0,31,0,989V,3661,2026-05-15
元大北重,4780.0,30,0,989V,3661,2026-05-15
元大站前,4600.0,6,0,989W,3661,2026-05-15
元大站前,4615.0,2,0,989W,3661,2026-05-15
元大站前,4630.0,3,119,989W,3661,2026-05-15
元大站前,4660.0,5,0,989W,3661,2026-05-15
元大站前,4680.0,2,0,989W,3661,2026-05-15
元大站前,4690.0,0,13,989W,3661,2026-05-15
元大站前,4700.0,6,3,989W,3661,2026-05-15
元大站前,4710.0,3,0,989W,3661,2026-05-15
元大站前,4725.0,5,2,989W,3661,2026-05-15
元大站前,4740.0,2,0,989W,3661,2026-05-15
元大站前,4750.0,8,0,989W,3661,2026-05-15
元大站前,4805.0,3,0,989W,3661,2026-05-15
永豐金,4705.0,78,734,9A00,3661,2026-05-15
元大松江,4705.0,20,0,9801,3661,2026-05-15
永豐金,4715.0,1003,120,9A00,3661,2026-05-15
永豐金,4735.0,2032,99,9A00,3661,2026-05-15
永豐屏東,4650.0,2,0,9A69,3661,2026-05-15
永豐屏東,4685.0,1,0,9A69,3661,2026-05-15
永豐屏東,4705.0,1,0,9A69,3661,2026-05-15
永豐屏東,4725.0,9,0,9A69,3661,2026-05-15
永豐屏東,4745.0,5,0,9A69,3661,2026-05-15
永豐屏東,4785.0,4,0,9A69,3661,2026-05-15
永豐屏東,4865.0,0,68,9A69,3661,2026-05-15
永豐屏東,4905.0,0,32,9A69,3661,2026-05-15
永豐埔里,4605.0,2000,0,9A79,3661,2026-05-15
永豐埔里,4635.0,4,0,9A79,3661,2026-05-15
永豐埔里,4655.0,0,45,9A79,3661,2026-05-15
永豐屏東,4625.0,2,0,9A69,3661,2026-05-15
永豐埔里,4690.0,0,80,9A79,3661,2026-05-15
永豐埔里,4720.0,0,100,9A79,3661,2026-05-15
永豐埔里,4730.0,0,100,9A79,3661,2026-05-15
永豐埔里,4740.0,0,100,9A79,3661,2026-05-15
永豐埔里,4785.0,0,1000,9A79,3661,2026-05-15
永豐埔里,4830.0,1000,0,9A79,3661,2026-05-15
元大學府,4800.0,0,5,9822,3661,2026-05-15
永豐敦北,4625.0,0,249,9A89,3661,2026-05-15
永豐敦北,4650.0,52,0,9A89,3661,2026-05-15
永豐敦北,4680.0,3,0,9A89,3661,2026-05-15
永豐敦北,4690.0,0,2000,9A89,3661,2026-05-15
永豐敦北,4700.0,29,1,9A89,3661,2026-05-15
永豐埔里,4700.0,10,1,9A79,3661,2026-05-15
永豐屏東,4600.0,20,0,9A69,3661,2026-05-15
永豐鳳山,4915.0,0,3,9A61,3661,2026-05-15
永豐鳳山,4905.0,0,1,9A61,3661,2026-05-15
永豐金,4745.0,1002,110,9A00,3661,2026-05-15
永豐金,4755.0,10,0,9A00,3661,2026-05-15
永豐金,4765.0,6,0,9A00,3661,2026-05-15
永豐金,4775.0,1001,0,9A00,3661,2026-05-15
永豐金,4785.0,1023,0,9A00,3661,2026-05-15
永豐金,4795.0,1073,339,9A00,3661,2026-05-15
永豐金,4810.0,1,0,9A00,3661,2026-05-15
永豐金,4820.0,2,0,9A00,3661,2026-05-15
永豐金,4830.0,153,1000,9A00,3661,2026-05-15
永豐金,4840.0,351,0,9A00,3661,2026-05-15
永豐金,4855.0,0,50,9A00,3661,2026-05-15
永豐金,4870.0,105,0,9A00,3661,2026-05-15
永豐金,4885.0,0,53,9A00,3661,2026-05-15
永豐金,4895.0,100,13,9A00,3661,2026-05-15
永豐金,4905.0,10,657,9A00,3661,2026-05-15
永豐金,4915.0,1511,0,9A00,3661,2026-05-15
永豐金,4990.0,1000,1000,9A00,3661,2026-05-15
永豐鳳山,4610.0,5,0,9A61,3661,2026-05-15
永豐鳳山,4675.0,0,10,9A61,3661,2026-05-15
永豐鳳山,4690.0,20,0,9A61,3661,2026-05-15
永豐鳳山,4705.0,8,0,9A61,3661,2026-05-15
永豐鳳山,4720.0,10,0,9A61,3661,2026-05-15
永豐鳳山,4750.0,15,0,9A61,3661,2026-05-15
永豐鳳山,4770.0,32,0,9A61,3661,2026-05-15
永豐鳳山,4800.0,5,0,9A61,3661,2026-05-15
永豐金,4725.0,84,21,9A00,3661,2026-05-15
元大松江,4715.0,25,0,9801,3661,2026-05-15
永豐匯立,4675.0,1000,0,9A81,3661,2026-05-15
元大松江,4805.0,5,0,9801,3661,2026-05-15
元大士林,4660.0,15,0,981j,3661,2026-05-15
元大士林,4620.0,5,0,981j,3661,2026-05-15
元大天母,4990.0,1000,0,981I,3661,2026-05-15
元大天母,4830.0,1000,0,981I,3661,2026-05-15
元大天母,4795.0,0,50,981I,3661,2026-05-15
元大天母,4760.0,2,0,981I,3661,2026-05-15
元大天母,4720.0,1,0,981I,3661,2026-05-15
元大天母,4705.0,200,0,981I,3661,2026-05-15
元大天母,4680.0,0,1,981I,3661,2026-05-15
元大天母,4670.0,62,0,981I,3661,2026-05-15
元大天母,4620.0,10,0,981I,3661,2026-05-15
元大士林,4675.0,20,0,981j,3661,2026-05-15
元大天母,4595.0,0,4,981I,3661,2026-05-15
元大西螺,4705.0,100,0,981i,3661,2026-05-15
元大西螺,4695.0,15,0,981i,3661,2026-05-15
元大西螺,4675.0,5,0,981i,3661,2026-05-15
元大西螺,4625.0,0,1000,981i,3661,2026-05-15
元大屏生,4840.0,0,11,981h,3661,2026-05-15
元大屏生,4730.0,1,0,981h,3661,2026-05-15
元大屏生,4710.0,1,18,981h,3661,2026-05-15
元大屏生,4685.0,50,0,981h,3661,2026-05-15
元大屏生,4675.0,0,30,981h,3661,2026-05-15
元大屏生,4665.0,1,0,981h,3661,2026-05-15
元大屏生,4655.0,5,0,981h,3661,2026-05-15
元大西螺,4755.0,20,0,981i,3661,2026-05-15
元大屏生,4640.0,1,0,981h,3661,2026-05-15
元大士林,4695.0,20,0,981j,3661,2026-05-15
元大士林,4730.0,2,48,981j,3661,2026-05-15
元大前金,4745.0,5,0,981m,3661,2026-05-15
元大前金,4715.0,17,220,981m,3661,2026-05-15
元大前金,4705.0,1,0,981m,3661,2026-05-15
元大前金,4685.0,2,0,981m,3661,2026-05-15
元大前金,4660.0,10,0,981m,3661,2026-05-15
元大前金,4650.0,15,0,981m,3661,2026-05-15
元大前金,4630.0,1,2000,981m,3661,2026-05-15
元大前金,4600.0,53,0,981m,3661,2026-05-15
元大莒光,4830.0,2,0,981L,3661,2026-05-15
元大莒光,4795.0,1,0,981L,3661,2026-05-15
元大莒光,4750.0,0,100,981L,3661,2026-05-15
元大士林,4705.0,25,0,981j,3661,2026-05-15
元大莒光,4740.0,1,0,981L,3661,2026-05-15
元大莒光,4710.0,0,50,981L,3661,2026-05-15
元大莒光,4700.0,105,0,981L,3661,2026-05-15
元大莒光,4685.0,1,0,981L,3661,2026-05-15
元大莒光,4675.0,4,0,981L,3661,2026-05-15
元大莒光,4655.0,10,0,981L,3661,2026-05-15
元大莒光,4645.0,10,0,981L,3661,2026-05-15
元大莒光,4635.0,505,250,981L,3661,2026-05-15
元大莒光,4615.0,1,0,981L,3661,2026-05-15
元大莒光,4600.0,14,40,981L,3661,2026-05-15
元大林園,4650.0,5,0,981K,3661,2026-05-15
元大士林,4905.0,100,0,981j,3661,2026-05-15
元大莒光,4720.0,1,0,981L,3661,2026-05-15
元大屏生,4620.0,5,4,981h,3661,2026-05-15
元大屏生,4610.0,16,0,981h,3661,2026-05-15
元大彰化,4905.0,0,2,981G,3661,2026-05-15
元大福營,4635.0,20,0,981F,3661,2026-05-15
元大福營,4615.0,10,0,981F,3661,2026-05-15
元大福營,4600.0,0,15,981F,3661,2026-05-15
元大發財,4820.0,10,0,981E,3661,2026-05-15
元大發財,4785.0,4,0,981E,3661,2026-05-15
元大發財,4715.0,5,0,981E,3661,2026-05-15
元大發財,4705.0,2,0,981E,3661,2026-05-15
元大發財,4695.0,5,0,981E,3661,2026-05-15
元大發財,4680.0,5,0,981E,3661,2026-05-15
元大發財,4630.0,4,0,981E,3661,2026-05-15
元大佳里,4900.0,10,0,981e,3661,2026-05-15
元大福營,4660.0,3,0,981F,3661,2026-05-15
元大佳里,4840.0,10,0,981e,3661,2026-05-15
元大佳里,4780.0,5,0,981e,3661,2026-05-15
元大佳里,4740.0,5,0,981e,3661,2026-05-15
元大佳里,4725.0,5,0,981e,3661,2026-05-15
元大佳里,4700.0,10,0,981e,3661,2026-05-15
元大佳里,4680.0,0,20,981e,3661,2026-05-15
元大佳里,4665.0,10,0,981e,3661,2026-05-15
元大佳里,4655.0,10,0,981e,3661,2026-05-15
元大佳里,4635.0,20,0,981e,3661,2026-05-15
元大佳里,4620.0,1,10,981e,3661,2026-05-15
元大佳里,4610.0,10,140,981e,3661,2026-05-15
元大南投,4950.0,1000,0,981D,3661,2026-05-15
元大佳里,4800.0,10,0,981e,3661,2026-05-15
元大福營,4695.0,4,0,981F,3661,2026-05-15
元大福營,4710.0,7,0,981F,3661,2026-05-15
元大福營,4885.0,69,0,981F,3661,2026-05-15
元大彰化,4805.0,10,0,981G,3661,2026-05-15
元大彰化,4760.0,10,0,981G,3661,2026-05-15
元大彰化,4725.0,1,0,981G,3661,2026-05-15
元大彰化,4710.0,0,7,981G,3661,2026-05-15
元大彰化,4680.0,10,0,981G,3661,2026-05-15
元大彰化,4625.0,3,0,981G,3661,2026-05-15
元大彰化,4610.0,20,0,981G,3661,2026-05-15
元大大里,4900.0,3,0,981g,3661,2026-05-15
元大大里,4870.0,0,26,981g,3661,2026-05-15
元大大里,4845.0,0,20,981g,3661,2026-05-15
元大大里,4805.0,40,20,981g,3661,2026-05-15
元大大里,4790.0,0,20,981g,3661,2026-05-15
元大大里,4780.0,50,0,981g,3661,2026-05-15
元大大里,4760.0,11,0,981g,3661,2026-05-15
元大大里,4745.0,1000,0,981g,3661,2026-05-15
元大大里,4720.0,0,1,981g,3661,2026-05-15
元大大里,4705.0,1,0,981g,3661,2026-05-15
元大大里,4690.0,10,20,981g,3661,2026-05-15
元大大里,4680.0,10,0,981g,3661,2026-05-15
元大大里,4670.0,2,10,981g,3661,2026-05-15
元大大里,4660.0,1,0,981g,3661,2026-05-15
元大大里,4650.0,5,30,981g,3661,2026-05-15
元大大里,4640.0,5,0,981g,3661,2026-05-15
元大大里,4625.0,22,0,981g,3661,2026-05-15
元大大里,4605.0,0,2005,981g,3661,2026-05-15
元大前金,4780.0,100,0,981m,3661,2026-05-15
元大南投,4900.0,0,10,981D,3661,2026-05-15
元大前金,4800.0,5,0,981m,3661,2026-05-15
元大前金,4860.0,0,100,981m,3661,2026-05-15
元大民雄,4750.0,10,0,981V,3661,2026-05-15
元大民雄,4700.0,1,0,981V,3661,2026-05-15
元大民雄,4665.0,0,20,981V,3661,2026-05-15
元大民雄,4635.0,0,16,981V,3661,2026-05-15
元大民雄,4625.0,0,79,981V,3661,2026-05-15
元大民雄,4600.0,1,0,981V,3661,2026-05-15
元大華山,4670.0,1,0,981U,3661,2026-05-15
元大華山,4650.0,15,0,981U,3661,2026-05-15
元大華山,4630.0,1,0,981U,3661,2026-05-15
元大華山,4615.0,0,10,981U,3661,2026-05-15
元大崇德,4910.0,0,5,981S,3661,2026-05-15
元大民雄,4830.0,1,0,981V,3661,2026-05-15
元大崇德,4875.0,0,88,981S,3661,2026-05-15
元大崇德,4825.0,5,0,981S,3661,2026-05-15
元大崇德,4810.0,50,0,981S,3661,2026-05-15
元大崇德,4800.0,5,55,981S,3661,2026-05-15
元大崇德,4790.0,0,150,981S,3661,2026-05-15
元大崇德,4750.0,20,0,981S,3661,2026-05-15
元大崇德,4730.0,0,1010,981S,3661,2026-05-15
元大崇德,4710.0,20,49,981S,3661,2026-05-15
元大崇德,4690.0,2,0,981S,3661,2026-05-15
元大崇德,4680.0,26,0,981S,3661,2026-05-15
元大崇德,4655.0,10,0,981S,3661,2026-05-15
元大崇德,4645.0,3,0,981S,3661,2026-05-15
元大崇德,4865.0,0,30,981S,3661,2026-05-15
元大崇德,4615.0,15,0,981S,3661,2026-05-15
元大新生,4650.0,0,25,981X,3661,2026-05-15
元大新生,4705.0,2,0,981X,3661,2026-05-15
元大松江,4735.0,1,0,9801,3661,2026-05-15
元大學府,4625.0,30,0,9822,3661,2026-05-15
元大潮州,4830.0,7,0,981Z,3661,2026-05-15
元大潮州,4750.0,1,0,981Z,3661,2026-05-15
元大潮州,4695.0,0,10,981Z,3661,2026-05-15
元大潮州,4650.0,120,0,981Z,3661,2026-05-15
元大潮州,4630.0,0,10,981Z,3661,2026-05-15
元大大統,4760.0,3,0,981z,3661,2026-05-15
元大大統,4705.0,10,0,981z,3661,2026-05-15
元大大統,4685.0,2,0,981z,3661,2026-05-15
元大大統,4665.0,10,0,981z,3661,2026-05-15
元大新生,4695.0,0,1,981X,3661,2026-05-15
元大大統,4650.0,10,0,981z,3661,2026-05-15
元大大統,4605.0,0,10,981z,3661,2026-05-15
元大善化,4800.0,101,0,981y,3661,2026-05-15
元大善化,4750.0,302,0,981y,3661,2026-05-15
元大善化,4720.0,2,1,981y,3661,2026-05-15
元大善化,4700.0,303,0,981y,3661,2026-05-15
元大善化,4685.0,15,0,981y,3661,2026-05-15
元大善化,4675.0,6,0,981y,3661,2026-05-15
元大善化,4655.0,0,150,981y,3661,2026-05-15
元大善化,4640.0,5,0,981y,3661,2026-05-15
元大善化,4605.0,0,3,981y,3661,2026-05-15
元大新生,4855.0,0,5,981X,3661,2026-05-15
元大大統,4630.0,10,0,981z,3661,2026-05-15
元大竹山,4890.0,10,0,981R,3661,2026-05-15
元大竹山,4845.0,0,50,981R,3661,2026-05-15
元大竹山,4800.0,5,0,981R,3661,2026-05-15
元大萬華,4605.0,50,0,981q,3661,2026-05-15
元大松山,4900.0,2,0,981p,3661,2026-05-15
元大松山,4755.0,0,1000,981p,3661,2026-05-15
元大松山,4735.0,0,1000,981p,3661,2026-05-15
元大松山,4685.0,128,0,981p,3661,2026-05-15
元大松山,4660.0,25,0,981p,3661,2026-05-15
元大松山,4625.0,10,0,981p,3661,2026-05-15
元大松山,4600.0,11,0,981p,3661,2026-05-15
元大金門,4710.0,20,0,981N,3661,2026-05-15
元大金門,4680.0,20,0,981N,3661,2026-05-15
元大金門,4635.0,10,5,981N,3661,2026-05-15
元大萬華,4615.0,10,0,981q,3661,2026-05-15
元大金門,4600.0,10,0,981N,3661,2026-05-15
元大旗山,4830.0,1,0,981n,3661,2026-05-15
元大旗山,4755.0,1,0,981n,3661,2026-05-15
元大旗山,4715.0,2,0,981n,3661,2026-05-15
元大旗山,4685.0,1,0,981n,3661,2026-05-15
元大旗山,4670.0,1,0,981n,3661,2026-05-15
元大旗山,4655.0,1,0,981n,3661,2026-05-15
元大旗山,4635.0,0,30,981n,3661,2026-05-15
元大旗山,4615.0,5,0,981n,3661,2026-05-15
元大苗栗,4635.0,10,0,981M,3661,2026-05-15
元大前金,4905.0,0,10,981m,3661,2026-05-15
元大前金,4890.0,100,0,981m,3661,2026-05-15
元大旗山,4870.0,0,5,981n,3661,2026-05-15
元大萬華,4695.0,1,0,981q,3661,2026-05-15
元大萬華,4755.0,1,0,981q,3661,2026-05-15
元大萬華,4830.0,10,0,981q,3661,2026-05-15
元大竹山,4750.0,5,0,981R,3661,2026-05-15
元大竹山,4725.0,1,0,981R,3661,2026-05-15
元大竹山,4700.0,10,0,981R,3661,2026-05-15
元大竹山,4650.0,0,100,981R,3661,2026-05-15
元大竹山,4600.0,15,0,981R,3661,2026-05-15
元大屏南,4820.0,1,0,981r,3661,2026-05-15
元大屏南,4805.0,3,0,981r,3661,2026-05-15
元大屏南,4795.0,1,0,981r,3661,2026-05-15
元大屏南,4750.0,2,0,981r,3661,2026-05-15
元大屏南,4725.0,0,17,981r,3661,2026-05-15
元大屏南,4650.0,2,0,981r,3661,2026-05-15
元大屏南,4635.0,0,20,981r,3661,2026-05-15
元大屏南,4600.0,0,5,981r,3661,2026-05-15
元大太平,4880.0,1,0,981Q,3661,2026-05-15
元大太平,4830.0,1,0,981Q,3661,2026-05-15
元大太平,4790.0,5,0,981Q,3661,2026-05-15
元大太平,4780.0,0,15,981Q,3661,2026-05-15
元大太平,4770.0,7,0,981Q,3661,2026-05-15
元大太平,4740.0,1,0,981Q,3661,2026-05-15
元大太平,4705.0,50,0,981Q,3661,2026-05-15
元大太平,4685.0,10,0,981Q,3661,2026-05-15
元大太平,4655.0,5,0,981Q,3661,2026-05-15
元大太平,4640.0,1,0,981Q,3661,2026-05-15
元大太平,4630.0,1,0,981Q,3661,2026-05-15
元大太平,4610.0,1001,0,981Q,3661,2026-05-15
元大前金,4830.0,10,0,981m,3661,2026-05-15
元大南投,4825.0,4,18,981D,3661,2026-05-15
元大竹山,4620.0,5,0,981R,3661,2026-05-15
元大南投,4720.0,1,0,981D,3661,2026-05-15
元大竹科,4770.0,1,0,980K,3661,2026-05-15
元大竹科,4760.0,1,0,980K,3661,2026-05-15
元大竹科,4750.0,32,125,980K,3661,2026-05-15
元大竹科,4740.0,22,0,980K,3661,2026-05-15
元大竹科,4730.0,1,30,980K,3661,2026-05-15
元大竹科,4720.0,2,0,980K,3661,2026-05-15
元大竹科,4710.0,21,0,980K,3661,2026-05-15
元大竹科,4700.0,6,0,980K,3661,2026-05-15
元大竹科,4685.0,2,0,980K,3661,2026-05-15
元大竹科,4670.0,1,1,980K,3661,2026-05-15
元大竹科,4655.0,0,50,980K,3661,2026-05-15
元大竹科,4780.0,1,0,980K,3661,2026-05-15
元大竹科,4640.0,0,28,980K,3661,2026-05-15
元大竹科,4620.0,10,0,980K,3661,2026-05-15
元大竹科,4610.0,14,1000,980K,3661,2026-05-15
元大竹科,4600.0,24,8,980K,3661,2026-05-15
元大台北,4830.0,1,0,980h,3661,2026-05-15
元大台北,4780.0,50,0,980h,3661,2026-05-15
元大台北,4740.0,0,1,980h,3661,2026-05-15
元大台北,4710.0,5,0,980h,3661,2026-05-15
元大台北,4680.0,31,0,980h,3661,2026-05-15
元大台北,4660.0,10,0,980h,3661,2026-05-15
元大台北,4635.0,0,2,980h,3661,2026-05-15
元大台北,4620.0,3,1,980h,3661,2026-05-15
元大竹科,4630.0,20,100,980K,3661,2026-05-15
元大台北,4610.0,3,0,980h,3661,2026-05-15
元大竹科,4790.0,1,0,980K,3661,2026-05-15
元大竹科,4810.0,1,0,980K,3661,2026-05-15
元大西屯,4600.0,1,0,980w,3661,2026-05-15
元大府城,4800.0,5,20,980u,3661,2026-05-15
元大府城,4720.0,10,0,980u,3661,2026-05-15
元大府城,4700.0,3,10,980u,3661,2026-05-15
元大府城,4655.0,10,0,980u,3661,2026-05-15
元大府城,4620.0,5,0,980u,3661,2026-05-15
元大府城,4610.0,10,0,980u,3661,2026-05-15
元大南崁,4990.0,1000,0,980Q,3661,2026-05-15
元大南崁,4800.0,5,5,980Q,3661,2026-05-15
元大南崁,4760.0,0,5,980Q,3661,2026-05-15
元大南崁,4735.0,1,0,980Q,3661,2026-05-15
元大竹科,4800.0,1,20,980K,3661,2026-05-15
元大南崁,4720.0,80,0,980Q,3661,2026-05-15
元大南崁,4700.0,1,10,980Q,3661,2026-05-15
元大南崁,4680.0,8,0,980Q,3661,2026-05-15
元大南崁,4650.0,15,0,980Q,3661,2026-05-15
元大南崁,4610.0,10,0,980Q,3661,2026-05-15
元大虎尾,4720.0,100,0,980l,3661,2026-05-15
元大虎尾,4685.0,15,0,980l,3661,2026-05-15
元大虎尾,4665.0,10,0,980l,3661,2026-05-15
元大虎尾,4600.0,12,0,980l,3661,2026-05-15
元大竹科,4905.0,50,0,980K,3661,2026-05-15
元大竹科,4855.0,50,0,980K,3661,2026-05-15
元大竹科,4820.0,1,0,980K,3661,2026-05-15
元大南崁,4710.0,0,20,980Q,3661,2026-05-15
元大清水,4915.0,0,1000,980e,3661,2026-05-15
元大清水,4805.0,5,0,980e,3661,2026-05-15
元大清水,4790.0,2,0,980e,3661,2026-05-15
元大斗六,4845.0,0,1,980C,3661,2026-05-15
元大斗六,4760.0,0,250,980C,3661,2026-05-15
元大斗六,4740.0,10,0,980C,3661,2026-05-15
元大斗六,4725.0,0,100,980C,3661,2026-05-15
元大斗六,4710.0,0,1,980C,3661,2026-05-15
元大斗六,4700.0,40,5,980C,3661,2026-05-15
元大斗六,4680.0,20,0,980C,3661,2026-05-15
元大斗六,4650.0,30,0,980C,3661,2026-05-15
元大斗六,4630.0,50,0,980C,3661,2026-05-15
元大斗六,4610.0,30,5,980C,3661,2026-05-15
元大中北,4910.0,0,30,980a,3661,2026-05-15
元大斗六,4890.0,0,1,980C,3661,2026-05-15
元大中北,4900.0,310,0,980a,3661,2026-05-15
元大中北,4810.0,1,0,980a,3661,2026-05-15
元大中北,4800.0,10,0,980a,3661,2026-05-15
元大中北,4780.0,1,0,980a,3661,2026-05-15
元大中北,4730.0,2,0,980a,3661,2026-05-15
元大中北,4705.0,10,1001,980a,3661,2026-05-15
元大中北,4695.0,1,0,980a,3661,2026-05-15
元大中北,4685.0,1,0,980a,3661,2026-05-15
元大中北,4655.0,50,0,980a,3661,2026-05-15
元大南投,4770.0,5,0,981D,3661,2026-05-15
元大中北,4620.0,60,0,980a,3661,2026-05-15
元大中北,4600.0,0,8000,980a,3661,2026-05-15
元大中北,4830.0,0,4,980a,3661,2026-05-15
元大沙鹿,4600.0,4,0,980d,3661,2026-05-15
元大沙鹿,4610.0,10,0,980d,3661,2026-05-15
元大沙鹿,4630.0,30,0,980d,3661,2026-05-15
元大清水,4750.0,1001,0,980e,3661,2026-05-15
元大清水,4725.0,3,0,980e,3661,2026-05-15
元大清水,4710.0,9,0,980e,3661,2026-05-15
元大清水,4700.0,8,0,980e,3661,2026-05-15
元大清水,4685.0,6,20,980e,3661,2026-05-15
元大清水,4670.0,1,20,980e,3661,2026-05-15
元大清水,4660.0,1,0,980e,3661,2026-05-15
元大清水,4645.0,0,30,980e,3661,2026-05-15
元大清水,4630.0,1001,0,980e,3661,2026-05-15
元大清水,4615.0,50,0,980e,3661,2026-05-15
元大北府,4865.0,1,0,980D,3661,2026-05-15
元大北府,4770.0,5,0,980D,3661,2026-05-15
元大北府,4760.0,0,3,980D,3661,2026-05-15
元大北府,4710.0,5,0,980D,3661,2026-05-15
元大北府,4695.0,2,0,980D,3661,2026-05-15
元大北府,4655.0,1,0,980D,3661,2026-05-15
元大北府,4610.0,10,0,980D,3661,2026-05-15
元大沙鹿,4890.0,10,0,980d,3661,2026-05-15
元大沙鹿,4770.0,10,0,980d,3661,2026-05-15
元大沙鹿,4750.0,1,0,980d,3661,2026-05-15
元大沙鹿,4730.0,6,0,980d,3661,2026-05-15
元大沙鹿,4710.0,5,0,980d,3661,2026-05-15
元大沙鹿,4700.0,3,0,980d,3661,2026-05-15
元大沙鹿,4675.0,20,13,980d,3661,2026-05-15
元大沙鹿,4645.0,10,0,980d,3661,2026-05-15
元大西屯,4610.0,18,0,980w,3661,2026-05-15
元大西屯,4620.0,5,0,980w,3661,2026-05-15
元大沙鹿,4720.0,15,0,980d,3661,2026-05-15
元大西屯,4680.0,10,0,980w,3661,2026-05-15
元大歸仁,4715.0,1,0,981a,3661,2026-05-15
元大歸仁,4705.0,15,0,981a,3661,2026-05-15
元大歸仁,4695.0,5,0,981a,3661,2026-05-15
元大歸仁,4685.0,20,0,981a,3661,2026-05-15
元大歸仁,4675.0,20,0,981a,3661,2026-05-15
元大歸仁,4650.0,5,0,981a,3661,2026-05-15
元大歸仁,4630.0,1055,0,981a,3661,2026-05-15
元大歸仁,4605.0,0,1,981a,3661,2026-05-15
元大東泰,4830.0,1000,0,9817,3661,2026-05-15
元大東泰,4720.0,2,0,9817,3661,2026-05-15
元大東泰,4700.0,10,0,9817,3661,2026-05-15
元大歸仁,4735.0,0,1000,981a,3661,2026-05-15
元大東泰,4690.0,0,1,9817,3661,2026-05-15
元大東泰,4630.0,0,68,9817,3661,2026-05-15
元大東泰,4600.0,25,0,9817,3661,2026-05-15
元大新竹,4870.0,0,1,9816,3661,2026-05-15
元大新竹,4785.0,25,0,9816,3661,2026-05-15
元大新竹,4750.0,105,0,9816,3661,2026-05-15
元大新竹,4710.0,1,0,9816,3661,2026-05-15
元大新竹,4685.0,4,0,9816,3661,2026-05-15
元大新竹,4670.0,100,0,9816,3661,2026-05-15
元大新竹,4655.0,0,1000,9816,3661,2026-05-15
元大新竹,4640.0,6,0,9816,3661,2026-05-15
元大新竹,4620.0,2,0,9816,3661,2026-05-15
元大東泰,4655.0,15,0,9817,3661,2026-05-15
元大歸仁,4780.0,0,4,981a,3661,2026-05-15
元大歸仁,4790.0,1001,0,981a,3661,2026-05-15
元大歸仁,4805.0,1,0,981a,3661,2026-05-15
元大南投,4680.0,17,0,981D,3661,2026-05-15
元大南投,4690.0,4,0,981D,3661,2026-05-15
元大南投,4705.0,1,0,981D,3661,2026-05-15
元大西屯,4650.0,0,10,980w,3661,2026-05-15
元大南投,4665.0,100,0,981D,3661,2026-05-15
元大南投,4635.0,4,0,981D,3661,2026-05-15
元大南投,4610.0,4,3,981D,3661,2026-05-15
元大路竹,4780.0,1,0,981C,3661,2026-05-15
元大路竹,4725.0,0,5,981C,3661,2026-05-15
元大路竹,4700.0,1,0,981C,3661,2026-05-15
元大路竹,4670.0,1,0,981C,3661,2026-05-15
元大路竹,4610.0,0,30,981C,3661,2026-05-15
元大竹北,4840.0,1000,0,981B,3661,2026-05-15
元大竹北,4800.0,2,0,981B,3661,2026-05-15
元大竹北,4730.0,1000,0,981B,3661,2026-05-15
元大竹北,4710.0,3,0,981B,3661,2026-05-15
元大竹北,4675.0,0,1000,981B,3661,2026-05-15
元大竹北,4635.0,2,0,981B,3661,2026-05-15
元大竹北,4605.0,1,0,981B,3661,2026-05-15
元大三峽,4805.0,3,0,981A,3661,2026-05-15
元大三峽,4795.0,0,10,981A,3661,2026-05-15
元大三峽,4745.0,1,0,981A,3661,2026-05-15
元大三峽,4725.0,1,0,981A,3661,2026-05-15
元大歸仁,4900.0,5,0,981a,3661,2026-05-15
元大歸仁,4845.0,0,1000,981a,3661,2026-05-15
元大新竹,4610.0,1,0,9816,3661,2026-05-15
元大新竹,4600.0,6,10000,9816,3661,2026-05-15
元大竹北,4620.0,10,1000,981B,3661,2026-05-15
元大大灣,4800.0,11,30,9815,3661,2026-05-15
元大中崙,4715.0,1,0,9813,3661,2026-05-15
元大中崙,4700.0,16,0,9813,3661,2026-05-15
元大中崙,4685.0,0,1027,9813,3661,2026-05-15
元大中崙,4655.0,5,0,9813,3661,2026-05-15
元大中崙,4615.0,11,0,9813,3661,2026-05-15
元大中崙,4600.0,7,0,9813,3661,2026-05-15
元大台中,4980.0,0,1000,9812,3661,2026-05-15
元大台中,4840.0,1,0,9812,3661,2026-05-15
元大台中,4820.0,0,7,9812,3661,2026-05-15
元大台中,4785.0,1,0,9812,3661,2026-05-15
元大台中,4760.0,1,0,9812,3661,2026-05-15
元大台中,4730.0,20,0,9812,3661,2026-05-15
元大台中,4715.0,2,0,9812,3661,2026-05-15
元大台中,4700.0,42,1130,9812,3661,2026-05-15
元大台中,4675.0,1,9,9812,3661,2026-05-15
元大台中,4650.0,0,5,9812,3661,2026-05-15
元大台中,4610.0,10,50,9812,3661,2026-05-15
元大台中,4600.0,23,0,9812,3661,2026-05-15
元大西屯,4865.0,1,0,980w,3661,2026-05-15
元大西屯,4840.0,0,2,980w,3661,2026-05-15
元大大灣,4815.0,1,0,9815,3661,2026-05-15
元大西屯,4705.0,0,20,980w,3661,2026-05-15
元大西屯,4715.0,60,0,980w,3661,2026-05-15
元大西屯,4725.0,10,0,980w,3661,2026-05-15
元大西屯,4785.0,0,100,980w,3661,2026-05-15
元大中崙,4825.0,1,0,9813,3661,2026-05-15
元大中崙,4915.0,2000,0,9813,3661,2026-05-15
元大台中,4690.0,5,0,9812,3661,2026-05-15
元大大益,4660.0,20,0,9814,3661,2026-05-15
元大大灣,4750.0,13,0,9815,3661,2026-05-15
元大大灣,4760.0,1,0,9815,3661,2026-05-15
元大大灣,4780.0,1,0,9815,3661,2026-05-15
元大大益,4625.0,2,0,9814,3661,2026-05-15
元大大灣,4790.0,1,0,9815,3661,2026-05-15
元大大灣,4740.0,1,0,9815,3661,2026-05-15
元大大灣,4725.0,1,0,9815,3661,2026-05-15
元大大灣,4705.0,3,0,9815,3661,2026-05-15
元大大灣,4695.0,2,0,9815,3661,2026-05-15
元大大灣,4685.0,5,0,9815,3661,2026-05-15
元大大灣,4675.0,8,0,9815,3661,2026-05-15
元大大灣,4665.0,1,0,9815,3661,2026-05-15
元大大灣,4715.0,3,1000,9815,3661,2026-05-15
元大大灣,4645.0,5,0,9815,3661,2026-05-15
元大大益,4730.0,5,0,9814,3661,2026-05-15
元大大灣,4655.0,10,0,9815,3661,2026-05-15
元大大益,4685.0,20,0,9814,3661,2026-05-15
元大大益,4750.0,30,0,9814,3661,2026-05-15
元大大灣,4600.0,5,60,9815,3661,2026-05-15
元大大益,4710.0,0,24,9814,3661,2026-05-15
元大大灣,4610.0,2,0,9815,3661,2026-05-15
元大大益,4675.0,50,0,9814,3661,2026-05-15
元大大灣,4620.0,4,0,9815,3661,2026-05-15
元大大灣,4630.0,2,0,9815,3661,2026-05-15
