securities_trader,price,buy,sell,securities_trader_id,stock_id,date
亞東台中,140.5,1000,0,2187,2486,2026-02-26
元大發財,142.0,0,50,981E,2486,2026-02-26
元大台南,140.0,1000,0,9896,2486,2026-02-26
元大台南,141.0,0,10000,9896,2486,2026-02-26
元大台南,142.0,2050,0,9896,2486,2026-02-26
元大台南,145.0,6000,0,9896,2486,2026-02-26
元大土城,141.0,400,0,9897,2486,2026-02-26
元大土城,142.5,0,1000,9897,2486,2026-02-26
元大桃興,145.0,2000,4000,9894,2486,2026-02-26
元大土城,147.0,1000,0,9897,2486,2026-02-26
元大新莊,142.0,20,0,9898,2486,2026-02-26
元大新莊,144.5,1000,0,9898,2486,2026-02-26
元大淡水,139.5,3000,0,9899,2486,2026-02-26
元大淡水,140.5,1000,0,9899,2486,2026-02-26
元大淡水,141.5,2000,0,9899,2486,2026-02-26
元大淡水,142.5,1000,0,9899,2486,2026-02-26
元大新莊,140.5,2000,5000,9898,2486,2026-02-26
元大桃興,142.0,2000,2000,9894,2486,2026-02-26
元大桃興,140.5,11000,10000,9894,2486,2026-02-26
元大大天,144.0,0,1000,9893,2486,2026-02-26
元大桃園,144.0,1000,0,988B,2486,2026-02-26
元大桃園,145.0,1000,0,988B,2486,2026-02-26
元大三重,140.5,1000,0,988C,2486,2026-02-26
元大三重,142.0,50,0,988C,2486,2026-02-26
元大長庚,140.0,3000,0,988V,2486,2026-02-26
元大長庚,141.5,450,0,988V,2486,2026-02-26
元大長庚,145.0,1000,0,988V,2486,2026-02-26
元大永和,140.5,2000,0,9891,2486,2026-02-26
元大永和,143.0,1000,0,9891,2486,2026-02-26
元大永和,146.5,0,1000,9891,2486,2026-02-26
元大屏東,140.5,1000,0,9892,2486,2026-02-26
元大屏東,143.0,1000,1000,9892,2486,2026-02-26
元大屏東,145.0,0,1000,9892,2486,2026-02-26
元大大天,139.5,0,1000,9893,2486,2026-02-26
元大大天,141.5,2000,1000,9893,2486,2026-02-26
元大淡水,143.5,2000,0,9899,2486,2026-02-26
元大桃園,143.0,3000,0,988B,2486,2026-02-26
元大淡水,144.5,0,1000,9899,2486,2026-02-26
元大苑裡,141.0,50,1000,989a,2486,2026-02-26
元大北屯,145.0,0,1000,989d,2486,2026-02-26
元大北屯,146.0,1000,1000,989d,2486,2026-02-26
元大北屯,147.0,0,1000,989d,2486,2026-02-26
元大左營,141.0,1000,3000,989D,2486,2026-02-26
元大左營,142.0,1000,0,989D,2486,2026-02-26
元大中和,140.0,1000,0,989e,2486,2026-02-26
元大北屯,144.0,6000,0,989d,2486,2026-02-26
元大中和,141.5,50,0,989e,2486,2026-02-26
元大草屯,141.5,1000,1001,989E,2486,2026-02-26
元大草屯,142.5,5000,0,989E,2486,2026-02-26
元大草屯,144.0,1000,0,989E,2486,2026-02-26
元大草屯,146.0,0,50,989E,2486,2026-02-26
元大東港,140.5,0,10000,989f,2486,2026-02-26
元大東港,141.5,2000,0,989f,2486,2026-02-26
元大草屯,140.5,1000,2000,989E,2486,2026-02-26
元大北屯,143.0,3000,0,989d,2486,2026-02-26
元大北屯,141.5,2000,8000,989d,2486,2026-02-26
元大北屯,140.0,8000,2000,989d,2486,2026-02-26
元大苑裡,142.0,1000,0,989a,2486,2026-02-26
元大苑裡,143.5,0,1000,989a,2486,2026-02-26
元大北投,140.0,1000,5000,989A,2486,2026-02-26
元大北投,141.0,3000,4000,989A,2486,2026-02-26
元大北投,142.5,1000,0,989A,2486,2026-02-26
元大北投,145.0,3000,1000,989A,2486,2026-02-26
元大中港,140.5,2000,1000,989B,2486,2026-02-26
元大中港,141.5,0,1000,989B,2486,2026-02-26
元大中港,143.0,2000,0,989B,2486,2026-02-26
元大中港,147.0,1000,6000,989B,2486,2026-02-26
元大板橋,140.5,20000,0,989C,2486,2026-02-26
元大板橋,141.5,200,0,989C,2486,2026-02-26
元大板橋,142.5,0,1000,989C,2486,2026-02-26
元大板橋,144.5,0,2000,989C,2486,2026-02-26
元大板橋,145.5,0,1000,989C,2486,2026-02-26
元大苑裡,140.0,1000,0,989a,2486,2026-02-26
元大高雄,140.5,1000,0,989F,2486,2026-02-26
元大桃園,142.0,10000,0,988B,2486,2026-02-26
元大員林,145.5,0,3000,9889,2486,2026-02-26
元大文心,141.0,2000,1000,9868,2486,2026-02-26
元大文心,142.0,10,0,9868,2486,2026-02-26
元大文心,143.5,1000,0,9868,2486,2026-02-26
元大文心,144.5,0,1000,9868,2486,2026-02-26
元大文心,147.0,2000,1000,9868,2486,2026-02-26
元大新盛,141.0,1050,0,9869,2486,2026-02-26
元大文心,140.0,1000,0,9868,2486,2026-02-26
元大新盛,142.5,2200,0,9869,2486,2026-02-26
元大基孝,142.0,0,1000,986K,2486,2026-02-26
元大基孝,145.5,1000,0,986K,2486,2026-02-26
元大忠孝,140.5,12000,0,9871,2486,2026-02-26
元大忠孝,141.5,5000,1000,9871,2486,2026-02-26
元大忠孝,143.5,10000,0,9871,2486,2026-02-26
元大忠孝,145.5,10000,0,9871,2486,2026-02-26
元大新盛,144.0,0,1025,9869,2486,2026-02-26
元大民權,144.5,1000,0,9867,2486,2026-02-26
元大民權,142.5,7000,0,9867,2486,2026-02-26
元大民權,141.0,1000,1100,9867,2486,2026-02-26
元大經國,145.5,1000,1000,9859,2486,2026-02-26
元大經國,146.5,0,2000,9859,2486,2026-02-26
元大鳳中,140.0,0,2000,985C,2486,2026-02-26
元大鳳中,141.0,1000,20000,985C,2486,2026-02-26
元大鳳中,142.0,3000,0,985C,2486,2026-02-26
元大鳳中,143.0,2000,50,985C,2486,2026-02-26
元大鳳中,144.0,1000,0,985C,2486,2026-02-26
元大南京,139.5,20000,0,9862,2486,2026-02-26
元大南京,140.5,1000,0,9862,2486,2026-02-26
元大南京,141.5,1050,1000,9862,2486,2026-02-26
元大南京,143.5,1000,0,9862,2486,2026-02-26
元大南京,145.5,0,1000,9862,2486,2026-02-26
元大和平,142.0,100,0,9863,2486,2026-02-26
元大和平,145.5,1000,0,9863,2486,2026-02-26
元大民權,140.0,1000,0,9867,2486,2026-02-26
元大復北,141.0,0,7000,9872,2486,2026-02-26
元大桃園,141.0,1000,0,988B,2486,2026-02-26
元大復北,142.0,1050,0,9872,2486,2026-02-26
元大復北,146.0,0,1000,9872,2486,2026-02-26
元大楊梅,141.0,6000,0,987A,2486,2026-02-26
元大楊梅,142.0,20,0,987A,2486,2026-02-26
元大楊梅,144.5,0,2000,987A,2486,2026-02-26
元大楊梅,147.0,0,1000,987A,2486,2026-02-26
元大斗信,140.0,1000,2000,9884,2486,2026-02-26
元大斗信,141.0,4001,4000,9884,2486,2026-02-26
元大楊梅,140.0,12000,0,987A,2486,2026-02-26
元大斗信,142.0,2000,0,9884,2486,2026-02-26
元大斗信,146.0,0,100,9884,2486,2026-02-26
元大鑫永,143.0,1000,0,9888,2486,2026-02-26
元大員林,140.5,4000,0,9889,2486,2026-02-26
元大員林,141.5,2000,0,9889,2486,2026-02-26
元大員林,142.5,0,1,9889,2486,2026-02-26
元大員林,143.5,15000,0,9889,2486,2026-02-26
元大斗信,144.5,3000,0,9884,2486,2026-02-26
元大板三,144.5,0,1000,9879,2486,2026-02-26
元大板三,143.5,1000,180,9879,2486,2026-02-26
元大板三,142.0,100,0,9879,2486,2026-02-26
元大雙和,140.0,6000,1000,9874,2486,2026-02-26
元大雙和,141.0,1050,1000,9874,2486,2026-02-26
元大雙和,142.0,0,20,9874,2486,2026-02-26
元大雙和,143.5,20000,0,9874,2486,2026-02-26
元大雙和,147.0,0,1000,9874,2486,2026-02-26
元大永寧,140.0,2000,0,9875,2486,2026-02-26
元大永寧,141.0,5000,0,9875,2486,2026-02-26
元大永寧,142.5,0,1000,9875,2486,2026-02-26
元大永寧,143.5,1000,0,9875,2486,2026-02-26
元大永寧,145.0,10000,1000,9875,2486,2026-02-26
元大永寧,147.0,1000,1000,9875,2486,2026-02-26
元大金華,140.0,1000,1000,9878,2486,2026-02-26
元大金華,142.5,0,1031,9878,2486,2026-02-26
元大金華,145.0,1000,0,9878,2486,2026-02-26
元大板三,140.5,1000,2000,9879,2486,2026-02-26
元大復北,145.0,2000,0,9872,2486,2026-02-26
元大高雄,142.0,0,3000,989F,2486,2026-02-26
元大高雄,144.5,11000,0,989F,2486,2026-02-26
元大高雄,146.0,0,50,989F,2486,2026-02-26
永豐萬盛,143.0,8001,0,9A92,2486,2026-02-26
永豐萬盛,147.0,1000,0,9A92,2486,2026-02-26
永豐新竹,141.0,1000,0,9A97,2486,2026-02-26
永豐新竹,142.0,0,2000,9A97,2486,2026-02-26
永豐新竹,145.0,0,1000,9A97,2486,2026-02-26
永豐大園,139.5,1000,0,9A98,2486,2026-02-26
永豐萬盛,141.0,2000,5000,9A92,2486,2026-02-26
永豐大園,140.5,20237,126,9A98,2486,2026-02-26
永豐大園,142.5,0,2000,9A98,2486,2026-02-26
永豐大園,143.5,1030,2000,9A98,2486,2026-02-26
永豐大園,144.5,0,1000,9A98,2486,2026-02-26
永豐大園,147.0,0,2000,9A98,2486,2026-02-26
永豐中壢,140.5,15050,6000,9A99,2486,2026-02-26
永豐中壢,141.5,1050,0,9A99,2486,2026-02-26
永豐大園,141.5,2020,0,9A98,2486,2026-02-26
永豐萬盛,140.0,1000,5000,9A92,2486,2026-02-26
永豐松山,145.5,0,10000,9A91,2486,2026-02-26
永豐松山,144.5,10000,2000,9A91,2486,2026-02-26
永豐屏東,143.5,1000,0,9A69,2486,2026-02-26
永豐屏東,145.0,0,1000,9A69,2486,2026-02-26
永豐埔里,140.5,1000,0,9A79,2486,2026-02-26
永豐埔里,142.0,1000,0,9A79,2486,2026-02-26
永豐敦北,141.0,1500,0,9A89,2486,2026-02-26
永豐敦北,143.0,1000,0,9A89,2486,2026-02-26
永豐敦南,139.5,0,3000,9A8F,2486,2026-02-26
永豐敦南,140.5,1000,0,9A8F,2486,2026-02-26
永豐敦南,141.5,0,1,9A8F,2486,2026-02-26
永豐敦南,142.5,0,1000,9A8F,2486,2026-02-26
永豐敦南,144.0,13000,0,9A8F,2486,2026-02-26
永豐敦南,145.5,0,14000,9A8F,2486,2026-02-26
永豐松山,140.0,5000,0,9A91,2486,2026-02-26
永豐松山,141.0,0,2000,9A91,2486,2026-02-26
永豐松山,142.5,11000,0,9A91,2486,2026-02-26
永豐中壢,142.5,1,0,9A99,2486,2026-02-26
永豐屏東,142.0,1000,0,9A69,2486,2026-02-26
永豐中壢,143.5,2000,1000,9A99,2486,2026-02-26
永豐苓雅,141.0,3270,0,9A9a,2486,2026-02-26
永豐古亭,140.0,0,5000,9A9d,2486,2026-02-26
永豐古亭,141.0,1000,8000,9A9d,2486,2026-02-26
永豐古亭,142.0,3000,0,9A9d,2486,2026-02-26
永豐忠孝,139.5,1000,1000,9A9D,2486,2026-02-26
永豐忠孝,140.5,4000,0,9A9D,2486,2026-02-26
永豐忠孝,142.5,2000,0,9A9D,2486,2026-02-26
永豐員林,140.0,1000,0,9A9C,2486,2026-02-26
永豐高雄,140.5,3000,1040,9A9e,2486,2026-02-26
永豐高雄,143.0,5,0,9A9e,2486,2026-02-26
永豐高雄,146.0,0,1000,9A9e,2486,2026-02-26
永豐內湖,140.5,1000,0,9A9g,2486,2026-02-26
永豐內湖,142.0,1000,0,9A9g,2486,2026-02-26
永豐內湖,143.0,1000,0,9A9g,2486,2026-02-26
永豐天母,139.5,1000,0,9A9G,2486,2026-02-26
永豐高雄,142.0,0,20,9A9e,2486,2026-02-26
永豐永康,145.0,7000,1000,9A9c,2486,2026-02-26
永豐永康,144.0,2000,0,9A9c,2486,2026-02-26
永豐永康,143.0,1000,0,9A9c,2486,2026-02-26
永豐苓雅,142.0,0,1000,9A9a,2486,2026-02-26
永豐苓雅,143.0,11000,0,9A9a,2486,2026-02-26
永豐苓雅,144.0,600,0,9A9a,2486,2026-02-26
永豐苓雅,146.0,0,2000,9A9a,2486,2026-02-26
永豐羅東,140.0,0,1000,9A9A,2486,2026-02-26
永豐羅東,141.5,0,40,9A9A,2486,2026-02-26
永豐羅東,144.0,3000,0,9A9A,2486,2026-02-26
永豐虎尾,140.5,1000,0,9A9b,2486,2026-02-26
永豐虎尾,142.0,0,1000,9A9b,2486,2026-02-26
永豐中和,139.5,1000,0,9A9B,2486,2026-02-26
永豐中和,141.0,0,5000,9A9B,2486,2026-02-26
永豐中和,143.0,0,1000,9A9B,2486,2026-02-26
永豐中和,146.5,0,1000,9A9B,2486,2026-02-26
永豐永康,140.5,2100,2000,9A9c,2486,2026-02-26
永豐永康,141.5,2100,1000,9A9c,2486,2026-02-26
永豐苓雅,140.0,6000,3480,9A9a,2486,2026-02-26
永豐屏東,140.5,1000,0,9A69,2486,2026-02-26
永豐鳳山,145.0,5000,0,9A61,2486,2026-02-26
永豐鳳山,143.0,3000,0,9A61,2486,2026-02-26
元大彰生,144.5,1000,4000,989J,2486,2026-02-26
元大古亭,141.5,68,0,989k,2486,2026-02-26
元大成功,140.0,2000,0,989L,2486,2026-02-26
元大成功,141.5,200,2000,989L,2486,2026-02-26
元大成功,142.5,5000,0,989L,2486,2026-02-26
元大成功,143.5,0,1000,989L,2486,2026-02-26
元大彰生,143.0,1000,0,989J,2486,2026-02-26
元大成功,147.0,1000,0,989L,2486,2026-02-26
元大信義,145.5,0,1000,989m,2486,2026-02-26
元大內湖,140.5,3000,3000,989N,2486,2026-02-26
元大內湖,142.5,10,0,989N,2486,2026-02-26
元大內湖,147.0,1000,0,989N,2486,2026-02-26
元大敦南,140.5,10000,0,989P,2486,2026-02-26
元大敦南,141.5,8000,4000,989P,2486,2026-02-26
元大信義,141.5,1000,1000,989m,2486,2026-02-26
元大彰生,142.0,10,0,989J,2486,2026-02-26
元大彰生,141.0,0,2000,989J,2486,2026-02-26
元大樹林,144.5,1000,0,989j,2486,2026-02-26
元大嘉義,141.0,1300,3000,989g,2486,2026-02-26
元大嘉義,142.5,0,500,989g,2486,2026-02-26
元大嘉義,144.5,0,3000,989g,2486,2026-02-26
元大大同,140.5,2000,1000,989G,2486,2026-02-26
元大大同,142.5,0,5000,989G,2486,2026-02-26
元大大同,143.5,1000,2000,989G,2486,2026-02-26
元大大同,146.5,1000,0,989G,2486,2026-02-26
元大蘆中,140.5,2000,0,989I,2486,2026-02-26
元大蘆中,141.5,2055,0,989I,2486,2026-02-26
元大蘆中,143.0,1100,0,989I,2486,2026-02-26
元大蘆中,144.5,2000,0,989I,2486,2026-02-26
元大蘆中,146.5,0,80,989I,2486,2026-02-26
元大樹林,140.5,100,2000,989j,2486,2026-02-26
元大樹林,141.5,5304,0,989j,2486,2026-02-26
元大樹林,142.5,1000,1000,989j,2486,2026-02-26
元大敦南,142.5,2000,0,989P,2486,2026-02-26
元大敦南,143.5,8000,0,989P,2486,2026-02-26
元大敦南,145.5,0,3000,989P,2486,2026-02-26
元大汐止,140.5,0,1000,989Q,2486,2026-02-26
元大基隆,140.5,1000,0,989Y,2486,2026-02-26
元大基隆,141.5,4000,0,989Y,2486,2026-02-26
元大基隆,143.5,2000,0,989Y,2486,2026-02-26
元大基隆,145.0,0,1000,989Y,2486,2026-02-26
元大小港,143.0,0,210,989Z,2486,2026-02-26
永豐金,140.0,7010,5000,9A00,2486,2026-02-26
永豐金,141.0,31544,8392,9A00,2486,2026-02-26
永豐金,142.0,6458,0,9A00,2486,2026-02-26
永豐金,143.0,6250,6000,9A00,2486,2026-02-26
永豐金,144.0,2000,3100,9A00,2486,2026-02-26
永豐金,145.0,4000,1000,9A00,2486,2026-02-26
永豐金,146.5,3000,2000,9A00,2486,2026-02-26
永豐金,147.5,1000,0,9A00,2486,2026-02-26
永豐鳳山,140.5,0,5500,9A61,2486,2026-02-26
永豐鳳山,141.5,3000,0,9A61,2486,2026-02-26
元大三民,144.5,1000,0,989X,2486,2026-02-26
元大經國,143.5,1000,0,9859,2486,2026-02-26
元大三民,143.0,1117,0,989X,2486,2026-02-26
元大三民,140.0,1000,0,989X,2486,2026-02-26
元大汐止,141.5,100,1000,989Q,2486,2026-02-26
元大汐止,143.0,0,3000,989Q,2486,2026-02-26
元大汐止,146.0,0,150,989Q,2486,2026-02-26
元大鹿港,141.5,450,0,989S,2486,2026-02-26
元大大甲,140.5,2000,0,989U,2486,2026-02-26
元大大甲,145.0,0,1000,989U,2486,2026-02-26
元大北重,140.5,0,1000,989V,2486,2026-02-26
元大北重,141.5,1000,0,989V,2486,2026-02-26
元大北重,143.0,3000,0,989V,2486,2026-02-26
元大站前,140.0,1000,1100,989W,2486,2026-02-26
元大站前,141.0,2000,3000,989W,2486,2026-02-26
元大站前,142.0,0,4000,989W,2486,2026-02-26
元大站前,143.0,6000,4000,989W,2486,2026-02-26
元大站前,145.0,2000,0,989W,2486,2026-02-26
元大站前,147.0,1000,0,989W,2486,2026-02-26
元大三民,141.0,1000,0,989X,2486,2026-02-26
元大經國,142.0,2200,140,9859,2486,2026-02-26
元大經國,141.0,12000,4000,9859,2486,2026-02-26
元大經國,140.0,1000,0,9859,2486,2026-02-26
元大福營,144.5,0,2000,981F,2486,2026-02-26
元大福營,146.0,1000,0,981F,2486,2026-02-26
元大大里,140.0,1000,0,981g,2486,2026-02-26
元大大里,141.0,3000,0,981g,2486,2026-02-26
元大大里,142.0,200,1000,981g,2486,2026-02-26
元大大里,143.0,4000,2000,981g,2486,2026-02-26
元大福營,142.5,1000,0,981F,2486,2026-02-26
元大大里,146.0,1000,0,981g,2486,2026-02-26
元大彰化,142.0,1000,0,981G,2486,2026-02-26
元大屏生,142.0,100,0,981h,2486,2026-02-26
元大西螺,140.0,0,1000,981i,2486,2026-02-26
元大西螺,142.0,0,200,981i,2486,2026-02-26
元大天母,139.5,1000,0,981I,2486,2026-02-26
元大天母,141.0,0,5000,981I,2486,2026-02-26
元大彰化,140.5,1000,0,981G,2486,2026-02-26
元大福營,141.5,5000,0,981F,2486,2026-02-26
元大福營,140.5,0,1000,981F,2486,2026-02-26
元大發財,147.0,0,1000,981E,2486,2026-02-26
元大竹北,144.5,1000,0,981B,2486,2026-02-26
元大竹北,147.0,2000,0,981B,2486,2026-02-26
元大路竹,141.0,2015,5000,981C,2486,2026-02-26
元大路竹,142.5,2000,0,981C,2486,2026-02-26
元大路竹,145.0,0,1000,981C,2486,2026-02-26
元大南投,141.0,6019,5000,981D,2486,2026-02-26
元大南投,142.0,9,0,981D,2486,2026-02-26
元大南投,143.0,1000,0,981D,2486,2026-02-26
元大南投,144.5,1000,0,981D,2486,2026-02-26
元大佳里,140.0,10000,0,981e,2486,2026-02-26
元大佳里,141.0,1000,30000,981e,2486,2026-02-26
元大佳里,143.0,1000,0,981e,2486,2026-02-26
元大佳里,144.0,0,1000,981e,2486,2026-02-26
元大發財,141.0,2200,1000,981E,2486,2026-02-26
光和嘉義,143.0,5000,0,638A,2486,2026-02-26
元大天母,142.5,1000,0,981I,2486,2026-02-26
元大竹北,143.0,5000,1000,981B,2486,2026-02-26
元大天母,147.0,0,1000,981I,2486,2026-02-26
元大士林,141.5,10,0,981j,2486,2026-02-26
元大太平,139.5,1000,0,981Q,2486,2026-02-26
元大太平,140.5,1000,5000,981Q,2486,2026-02-26
元大太平,141.5,3000,77,981Q,2486,2026-02-26
元大太平,143.0,1000,0,981Q,2486,2026-02-26
元大太平,144.0,1000,0,981Q,2486,2026-02-26
元大太平,145.5,1000,0,981Q,2486,2026-02-26
元大萬華,141.0,3000,0,981q,2486,2026-02-26
元大屏南,140.0,3000,0,981r,2486,2026-02-26
元大屏南,142.0,0,3000,981r,2486,2026-02-26
元大屏南,145.0,2000,0,981r,2486,2026-02-26
元大竹山,140.5,1000,0,981R,2486,2026-02-26
元大竹山,141.5,0,2000,981R,2486,2026-02-26
元大竹山,143.0,1000,1021,981R,2486,2026-02-26
元大崇德,141.0,1100,5000,981S,2486,2026-02-26
元大屏南,141.0,100,0,981r,2486,2026-02-26
元大松山,144.5,1000,20,981p,2486,2026-02-26
元大松山,140.5,10,1000,981p,2486,2026-02-26
元大金門,146.5,1000,0,981N,2486,2026-02-26
元大士林,142.5,1000,1000,981j,2486,2026-02-26
元大林園,140.0,1000,0,981K,2486,2026-02-26
元大莒光,141.0,1000,0,981L,2486,2026-02-26
元大莒光,144.0,1000,0,981L,2486,2026-02-26
元大前金,140.5,1000,0,981m,2486,2026-02-26
元大前金,141.5,1100,0,981m,2486,2026-02-26
元大前金,144.0,1000,0,981m,2486,2026-02-26
元大苗栗,140.5,1000,3000,981M,2486,2026-02-26
元大苗栗,142.0,10,0,981M,2486,2026-02-26
元大苗栗,144.5,3000,0,981M,2486,2026-02-26
元大旗山,140.5,3000,0,981n,2486,2026-02-26
元大旗山,142.0,1000,0,981n,2486,2026-02-26
元大旗山,144.0,1000,0,981n,2486,2026-02-26
元大金門,140.5,200,0,981N,2486,2026-02-26
元大金門,142.0,1500,3100,981N,2486,2026-02-26
元大士林,140.5,80,0,981j,2486,2026-02-26
元大竹北,141.5,0,500,981B,2486,2026-02-26
元大竹北,140.5,2000,457,981B,2486,2026-02-26
元大三峽,146.0,0,1000,981A,2486,2026-02-26
元大台北,146.0,0,300,980h,2486,2026-02-26
元大竹科,140.0,0,1000,980K,2486,2026-02-26
元大竹科,141.0,1000,5000,980K,2486,2026-02-26
元大竹科,142.0,1000,16000,980K,2486,2026-02-26
元大竹科,143.5,0,3000,980K,2486,2026-02-26
元大竹科,146.0,0,1000,980K,2486,2026-02-26
元大台北,144.0,1000,0,980h,2486,2026-02-26
元大虎尾,140.0,16000,0,980l,2486,2026-02-26
元大南崁,140.0,1000,1000,980Q,2486,2026-02-26
元大南崁,142.0,0,1000,980Q,2486,2026-02-26
元大南崁,143.5,1000,0,980Q,2486,2026-02-26
元大南海,141.0,3000,0,980R,2486,2026-02-26
元大府城,140.0,1000,0,980u,2486,2026-02-26
元大府城,141.0,0,1000,980u,2486,2026-02-26
元大虎尾,142.0,1098,0,980l,2486,2026-02-26
元大台北,140.5,1112,0,980h,2486,2026-02-26
元大清水,145.5,1000,0,980e,2486,2026-02-26
元大清水,142.0,105,0,980e,2486,2026-02-26
元大松江,145.0,0,2000,9801,2486,2026-02-26
元大松江,147.0,0,1000,9801,2486,2026-02-26
元大中北,141.5,500,0,980a,2486,2026-02-26
元大中北,144.5,1000,0,980a,2486,2026-02-26
元大斗六,140.0,1000,0,980C,2486,2026-02-26
元大斗六,141.5,10,0,980C,2486,2026-02-26
元大斗六,142.5,0,150,980C,2486,2026-02-26
元大斗六,145.5,0,1000,980C,2486,2026-02-26
元大沙鹿,140.0,6000,0,980d,2486,2026-02-26
元大沙鹿,141.0,15000,5000,980d,2486,2026-02-26
元大沙鹿,142.0,2120,2000,980d,2486,2026-02-26
元大沙鹿,143.0,1000,1000,980d,2486,2026-02-26
元大沙鹿,147.0,0,4000,980d,2486,2026-02-26
元大北府,140.5,0,1396,980D,2486,2026-02-26
元大清水,140.5,2000,2000,980e,2486,2026-02-26
元大府城,142.0,0,1000,980u,2486,2026-02-26
元大府城,143.5,3000,0,980u,2486,2026-02-26
元大府城,146.0,0,1000,980u,2486,2026-02-26
元大西屯,140.0,1000,0,980w,2486,2026-02-26
元大新竹,143.0,2000,10000,9816,2486,2026-02-26
元大新竹,144.0,1010,0,9816,2486,2026-02-26
元大新竹,145.5,0,1000,9816,2486,2026-02-26
元大東泰,140.0,60,0,9817,2486,2026-02-26
元大東泰,141.0,1040,1000,9817,2486,2026-02-26
元大東泰,143.0,1000,1000,9817,2486,2026-02-26
元大東泰,144.0,0,1000,9817,2486,2026-02-26
元大歸仁,140.0,1000,0,981a,2486,2026-02-26
元大歸仁,141.0,5000,10000,981a,2486,2026-02-26
元大歸仁,142.0,100,0,981a,2486,2026-02-26
元大歸仁,143.0,100,3000,981a,2486,2026-02-26
元大歸仁,144.5,100,0,981a,2486,2026-02-26
元大三峽,140.0,0,2000,981A,2486,2026-02-26
元大三峽,141.0,300,0,981A,2486,2026-02-26
元大三峽,144.5,1000,0,981A,2486,2026-02-26
元大新竹,142.0,1000,1000,9816,2486,2026-02-26
元大崇德,142.5,2000,0,981S,2486,2026-02-26
元大新竹,140.5,1000,2000,9816,2486,2026-02-26
元大大灣,144.0,1001,0,9815,2486,2026-02-26
元大西屯,141.0,1000,3000,980w,2486,2026-02-26
元大西屯,143.0,1043,0,980w,2486,2026-02-26
元大台中,140.0,5000,0,9812,2486,2026-02-26
元大台中,141.0,3000,0,9812,2486,2026-02-26
元大台中,142.5,100,0,9812,2486,2026-02-26
元大台中,143.5,1000,0,9812,2486,2026-02-26
元大八德,140.5,5000,0,9813,2486,2026-02-26
元大八德,142.0,0,1,9813,2486,2026-02-26
元大八德,147.0,0,8000,9813,2486,2026-02-26
元大大益,140.5,5010,0,9814,2486,2026-02-26
元大大益,142.0,0,1000,9814,2486,2026-02-26
元大大益,144.0,1000,0,9814,2486,2026-02-26
元大大灣,140.0,1000,3000,9815,2486,2026-02-26
元大大灣,141.0,6004,1000,9815,2486,2026-02-26
元大大灣,142.0,1003,0,9815,2486,2026-02-26
元大大灣,145.0,1,0,9815,2486,2026-02-26
永豐天母,141.5,0,1050,9A9G,2486,2026-02-26
元大民雄,140.0,2000,0,981V,2486,2026-02-26
元大民雄,143.0,1000,0,981V,2486,2026-02-26
元大竹南,142.0,1100,0,983V,2486,2026-02-26
元大竹南,143.0,1000,0,983V,2486,2026-02-26
元大德芳,140.0,2000,2000,983W,2486,2026-02-26
元大德芳,141.0,0,2000,983W,2486,2026-02-26
元大德芳,142.0,2000,100,983W,2486,2026-02-26
元大德芳,143.0,0,1000,983W,2486,2026-02-26
元大竹南,141.0,1100,1000,983V,2486,2026-02-26
元大德芳,144.0,0,1000,983W,2486,2026-02-26
元大德芳,146.0,1000,0,983W,2486,2026-02-26
元大鳳山,141.0,0,7050,983Z,2486,2026-02-26
元大鳳山,142.0,1025,0,983Z,2486,2026-02-26
元大鳳山,144.5,300,0,983Z,2486,2026-02-26
元大大直,140.0,0,1000,9846,2486,2026-02-26
元大大直,141.0,3000,2000,9846,2486,2026-02-26
元大德芳,145.0,1000,0,983W,2486,2026-02-26
元大頭份,143.5,2000,0,983U,2486,2026-02-26
元大頭份,142.0,0,1479,983U,2486,2026-02-26
元大頭份,141.0,1000,1000,983U,2486,2026-02-26
元大大雅,146.0,1000,2000,983i,2486,2026-02-26
元大仁愛,140.0,2000,2000,983j,2486,2026-02-26
元大仁愛,141.0,4250,1000,983j,2486,2026-02-26
元大仁愛,142.0,1000,3000,983j,2486,2026-02-26
元大仁愛,143.0,2000,2000,983j,2486,2026-02-26
元大仁愛,144.5,0,1000,983j,2486,2026-02-26
元大學甲,140.5,1000,0,983K,2486,2026-02-26
元大學甲,142.0,10,0,983K,2486,2026-02-26
元大學甲,143.0,0,1000,983K,2486,2026-02-26
元大木柵,141.0,50,1010,983M,2486,2026-02-26
元大木柵,144.5,2000,0,983M,2486,2026-02-26
元大大安,140.0,3000,1000,983N,2486,2026-02-26
元大大安,141.0,6300,0,983N,2486,2026-02-26
元大大安,142.5,1000,0,983N,2486,2026-02-26
元大頭份,140.0,5005,0,983U,2486,2026-02-26
元大大直,142.0,0,2000,9846,2486,2026-02-26
元大大雅,144.5,1000,0,983i,2486,2026-02-26
元大新中,140.0,5086,3000,984C,2486,2026-02-26
元大新中,142.5,1010,2000,984C,2486,2026-02-26
元大花蓮,143.0,1400,1000,9856,2486,2026-02-26
元大花蓮,146.0,0,1000,9856,2486,2026-02-26
元大蘆洲,139.5,1000,0,9857,2486,2026-02-26
元大蘆洲,140.5,4000,2000,9857,2486,2026-02-26
元大蘆洲,141.5,6000,3000,9857,2486,2026-02-26
元大蘆洲,142.5,10,0,9857,2486,2026-02-26
元大花蓮,142.0,1200,2000,9856,2486,2026-02-26
元大蘆洲,143.5,1000,0,9857,2486,2026-02-26
元大蘆洲,146.0,0,1000,9857,2486,2026-02-26
元大蘆洲,147.0,1000,0,9857,2486,2026-02-26
元大龍潭,140.5,11000,0,9858,2486,2026-02-26
元大龍潭,141.5,0,1000,9858,2486,2026-02-26
元大龍潭,143.0,3000,0,9858,2486,2026-02-26
元大龍潭,144.5,2000,0,9858,2486,2026-02-26
元大蘆洲,144.5,1000,0,9857,2486,2026-02-26
元大花蓮,141.0,2200,1000,9856,2486,2026-02-26
元大花蓮,140.0,200,2000,9856,2486,2026-02-26
元大興安,143.0,1000,1000,9854,2486,2026-02-26
元大新中,144.5,1000,0,984C,2486,2026-02-26
元大南勢,140.5,30,0,984E,2486,2026-02-26
元大南勢,144.5,1000,0,984E,2486,2026-02-26
元大館前,140.0,7000,0,984K,2486,2026-02-26
元大館前,141.0,2100,7000,984K,2486,2026-02-26
元大館前,143.0,0,12000,984K,2486,2026-02-26
元大永春,141.0,2000,1000,9852,2486,2026-02-26
元大永春,142.0,1050,335,9852,2486,2026-02-26
元大永春,143.0,0,5000,9852,2486,2026-02-26
元大南屯,140.5,0,5000,9853,2486,2026-02-26
元大南屯,141.5,100,0,9853,2486,2026-02-26
元大南屯,146.0,0,2000,9853,2486,2026-02-26
元大興安,139.5,1000,0,9854,2486,2026-02-26
元大興安,140.5,2320,1000,9854,2486,2026-02-26
元大興安,141.5,2000,1000,9854,2486,2026-02-26
元大新中,141.5,100,0,984C,2486,2026-02-26
元大大雅,143.0,0,1000,983i,2486,2026-02-26
元大大雅,142.0,5000,2000,983i,2486,2026-02-26
元大大雅,141.0,1000,9000,983i,2486,2026-02-26
元大向上,144.0,1000,0,9824,2486,2026-02-26
元大向上,147.0,1000,0,9824,2486,2026-02-26
元大新營,141.0,0,1000,9825,2486,2026-02-26
元大新營,142.5,1000,0,9825,2486,2026-02-26
元大新營,143.5,1000,0,9825,2486,2026-02-26
元大永康,140.5,0,1000,9829,2486,2026-02-26
元大向上,142.0,386,4000,9824,2486,2026-02-26
元大永康,142.0,2000,0,9829,2486,2026-02-26
元大博愛,141.5,500,0,982B,2486,2026-02-26
元大博愛,142.5,8000,1000,982B,2486,2026-02-26
元大博愛,143.5,6012,0,982B,2486,2026-02-26
元大博愛,144.5,1000,0,982B,2486,2026-02-26
元大六合,139.5,1000,0,982C,2486,2026-02-26
元大六合,140.5,2000,1000,982C,2486,2026-02-26
元大博愛,140.0,0,13000,982B,2486,2026-02-26
元大向上,141.0,1000,1000,9824,2486,2026-02-26
元大向上,140.0,0,4000,9824,2486,2026-02-26
元大學府,142.0,0,6000,9822,2486,2026-02-26
元大新生,140.5,20,0,981X,2486,2026-02-26
元大新生,141.5,10,7000,981X,2486,2026-02-26
元大善化,139.5,1000,3000,981y,2486,2026-02-26
元大善化,140.5,4000,34000,981y,2486,2026-02-26
元大善化,141.5,3004,10000,981y,2486,2026-02-26
元大善化,142.5,16000,0,981y,2486,2026-02-26
元大善化,143.5,1200,0,981y,2486,2026-02-26
元大善化,145.0,30000,0,981y,2486,2026-02-26
元大大統,139.5,1000,0,981z,2486,2026-02-26
元大大統,141.5,1000,0,981z,2486,2026-02-26
元大大統,143.0,1000,0,981z,2486,2026-02-26
元大大統,145.0,2000,0,981z,2486,2026-02-26
元大潮州,140.0,0,5000,981Z,2486,2026-02-26
元大潮州,141.5,500,0,981Z,2486,2026-02-26
元大學府,140.5,2000,0,9822,2486,2026-02-26
元大六合,141.5,1000,1000,982C,2486,2026-02-26
元大六合,142.5,0,2000,982C,2486,2026-02-26
元大忠鼎,141.0,1000,0,982F,2486,2026-02-26
元大忠鼎,142.0,100,0,982F,2486,2026-02-26
元大北港,141.5,1000,0,9837,2486,2026-02-26
元大北港,143.5,0,7000,9837,2486,2026-02-26
元大北港,146.5,0,30,9837,2486,2026-02-26
元大豐原,140.0,1000,2000,9838,2486,2026-02-26
元大豐原,141.0,1000,5000,9838,2486,2026-02-26
元大豐原,142.0,1000,1000,9838,2486,2026-02-26
元大豐原,143.5,0,1000,9838,2486,2026-02-26
元大豐原,145.0,1000,0,9838,2486,2026-02-26
元大豐原,146.0,1000,0,9838,2486,2026-02-26
元大林森,141.0,6000,0,983B,2486,2026-02-26
元大竹東,141.0,0,1000,983f,2486,2026-02-26
元大上新,140.0,1000,0,983G,2486,2026-02-26
元大上新,141.0,1000,0,983G,2486,2026-02-26
元大上新,144.5,0,1000,983G,2486,2026-02-26
元大大雅,140.0,3000,5000,983i,2486,2026-02-26
元大北港,140.5,50,0,9837,2486,2026-02-26
元大民雄,141.5,50,0,981V,2486,2026-02-26
元大中山,145.0,0,1000,9835,2486,2026-02-26
元大中山,142.0,0,4000,9835,2486,2026-02-26
元大忠鼎,143.0,5000,0,982F,2486,2026-02-26
元大四維,141.0,2000,10000,9831,2486,2026-02-26
元大四維,142.0,1200,0,9831,2486,2026-02-26
元大四維,144.0,1000,0,9831,2486,2026-02-26
元大敦化,140.0,0,2000,9833,2486,2026-02-26
元大敦化,141.0,2000,0,9833,2486,2026-02-26
元大敦化,142.0,0,1000,9833,2486,2026-02-26
元大敦化,145.5,0,1000,9833,2486,2026-02-26
元大中壢,140.0,22000,0,9834,2486,2026-02-26
元大中壢,141.0,4015,3000,9834,2486,2026-02-26
元大中壢,142.0,71,3100,9834,2486,2026-02-26
元大中壢,143.0,1000,0,9834,2486,2026-02-26
元大中壢,144.5,4000,0,9834,2486,2026-02-26
元大中山,140.0,2000,0,9835,2486,2026-02-26
元大中山,141.0,6030,0,9835,2486,2026-02-26
元大中山,143.0,3000,1000,9835,2486,2026-02-26
永豐天母,142.5,0,1000,9A9G,2486,2026-02-26
永豐台南,140.0,1000,0,9A9h,2486,2026-02-26
永豐台南,141.0,1150,0,9A9h,2486,2026-02-26
第一彰化,145.0,1000,0,5386,2486,2026-02-26
第一澎湖,140.5,1000,0,5387,2486,2026-02-26
第一澎湖,142.5,1000,0,5387,2486,2026-02-26
第一澎湖,146.5,400,0,5387,2486,2026-02-26
第一中山,140.0,1000,0,5389,2486,2026-02-26
第一中山,141.0,0,1000,5389,2486,2026-02-26
第一彰化,142.5,0,30000,5386,2486,2026-02-26
第一中山,144.5,0,1000,5389,2486,2026-02-26
第一新興,141.5,3000,0,538A,2486,2026-02-26
第一新興,142.5,1000,0,538A,2486,2026-02-26
第一新竹,140.0,1000,0,538B,2486,2026-02-26
第一新竹,141.0,1000,1000,538B,2486,2026-02-26
第一新竹,142.0,0,2000,538B,2486,2026-02-26
第一新竹,143.5,10,0,538B,2486,2026-02-26
第一新興,140.5,2000,1000,538A,2486,2026-02-26
第一彰化,140.5,0,1000,5386,2486,2026-02-26
第一桃園,145.0,4000,0,5385,2486,2026-02-26
第一桃園,143.0,2000,0,5385,2486,2026-02-26
第一金證,140.0,0,2000,5380,2486,2026-02-26
第一金證,142.0,1000,0,5380,2486,2026-02-26
第一金證,143.0,1000,0,5380,2486,2026-02-26
第一金證,146.5,1000,0,5380,2486,2026-02-26
第一員林,142.0,1,0,5381,2486,2026-02-26
第一台中,141.0,0,1000,5382,2486,2026-02-26
第一台中,142.0,1000,0,5382,2486,2026-02-26
第一台中,147.0,0,1000,5382,2486,2026-02-26
第一高雄,141.0,1000,0,5383,2486,2026-02-26
第一高雄,143.0,2000,0,5383,2486,2026-02-26
第一台南,140.0,31000,0,5384,2486,2026-02-26
第一台南,141.5,1000,0,5384,2486,2026-02-26
第一台南,145.0,1000,0,5384,2486,2026-02-26
第一桃園,140.5,2000,3000,5385,2486,2026-02-26
第一桃園,141.5,5010,0,5385,2486,2026-02-26
第一新竹,145.0,1000,1000,538B,2486,2026-02-26
高橋內壢,140.5,2000,200,5323,2486,2026-02-26
第一光復,142.0,0,14,538C,2486,2026-02-26
第一自由,140.0,2000,0,538E,2486,2026-02-26
第一華江,143.0,8200,0,538W,2486,2026-02-26
第一華江,145.0,2000,1000,538W,2486,2026-02-26
第一中壢,141.0,2000,0,538Y,2486,2026-02-26
第一中壢,142.0,1105,0,538Y,2486,2026-02-26
第一中壢,143.5,2000,0,538Y,2486,2026-02-26
第一中壢,145.5,0,1000,538Y,2486,2026-02-26
第一華江,142.0,100,1000,538W,2486,2026-02-26
第一中壢,147.0,0,2000,538Y,2486,2026-02-26
永興大墩,144.0,500,0,5604,2486,2026-02-26
永興大墩,145.0,478,0,5604,2486,2026-02-26
日進,141.0,1015,10,5660,2486,2026-02-26
日進,147.0,1000,0,5660,2486,2026-02-26
統一,140.5,24000,10000,5850,2486,2026-02-26
統一,141.5,10022,9013,5850,2486,2026-02-26
永興台中,141.5,100,0,5603,2486,2026-02-26
第一華江,141.0,1200,5000,538W,2486,2026-02-26
第一華江,140.0,2000,2000,538W,2486,2026-02-26
第一路竹,145.0,2000,0,538P,2486,2026-02-26
第一自由,142.0,5000,0,538E,2486,2026-02-26
第一稻埕,140.0,2000,0,538F,2486,2026-02-26
第一稻埕,142.0,2000,0,538F,2486,2026-02-26
第一頭份,140.0,0,1000,538I,2486,2026-02-26
第一頭份,141.0,1000,0,538I,2486,2026-02-26
第一安和,140.0,11000,1000,538j,2486,2026-02-26
第一安和,141.5,2000,10000,538j,2486,2026-02-26
第一安和,143.0,1000,3000,538j,2486,2026-02-26
第一嘉義,140.0,1000,0,538M,2486,2026-02-26
第一豐原,140.5,500,6000,538N,2486,2026-02-26
第一豐原,142.5,7000,0,538N,2486,2026-02-26
第一豐原,144.0,1000,0,538N,2486,2026-02-26
第一路竹,140.5,6000,1000,538P,2486,2026-02-26
第一路竹,141.5,1000,1000,538P,2486,2026-02-26
第一路竹,143.0,1000,0,538P,2486,2026-02-26
第一忠孝,140.0,0,1000,538D,2486,2026-02-26
高橋中壢,143.5,0,1000,5322,2486,2026-02-26
高橋龍潭,141.5,2000,0,5321,2486,2026-02-26
高橋,146.0,0,1000,5320,2486,2026-02-26
美商高盛,142.0,6000,7000,1480,2486,2026-02-26
美商高盛,143.0,0,72000,1480,2486,2026-02-26
美商高盛,144.0,0,3000,1480,2486,2026-02-26
美商高盛,145.0,3000,6000,1480,2486,2026-02-26
港商野村,140.0,0,138000,1560,2486,2026-02-26
港商野村,141.0,10000,92000,1560,2486,2026-02-26
美商高盛,141.0,37000,181000,1480,2486,2026-02-26
港商野村,142.0,0,3000,1560,2486,2026-02-26
花旗環球,140.0,4000,0,1590,2486,2026-02-26
花旗環球,141.0,3000,0,1590,2486,2026-02-26
瑞銀,139.0,0,2000,1650,2486,2026-02-26
瑞銀,140.0,28000,45000,1650,2486,2026-02-26
瑞銀,141.0,9000,25000,1650,2486,2026-02-26
瑞銀,142.0,0,4000,1650,2486,2026-02-26
港商野村,143.5,0,52000,1560,2486,2026-02-26
美商高盛,140.0,69000,214000,1480,2486,2026-02-26
台灣摩根,146.5,0,1000,1470,2486,2026-02-26
台灣摩根,144.5,7000,11000,1470,2486,2026-02-26
宏遠新化,140.0,1000,0,126X,2486,2026-02-26
宏遠新化,141.5,1000,0,126X,2486,2026-02-26
宏遠新化,144.0,1000,0,126X,2486,2026-02-26
美林,140.5,0,31000,1440,2486,2026-02-26
美林,141.5,19000,104000,1440,2486,2026-02-26
美林,142.5,3000,52000,1440,2486,2026-02-26
美林,143.5,18000,12000,1440,2486,2026-02-26
美林,144.5,0,29000,1440,2486,2026-02-26
美林,145.5,0,47000,1440,2486,2026-02-26
美林,146.5,0,4000,1440,2486,2026-02-26
台灣摩根,139.5,5000,0,1470,2486,2026-02-26
台灣摩根,140.5,66000,148000,1470,2486,2026-02-26
台灣摩根,141.5,40000,10000,1470,2486,2026-02-26
台灣摩根,142.5,50000,6000,1470,2486,2026-02-26
台灣摩根,143.5,5000,12000,1470,2486,2026-02-26
瑞銀,143.5,0,17000,1650,2486,2026-02-26
瑞銀,144.5,0,16000,1650,2486,2026-02-26
瑞銀,146.0,0,17000,1650,2486,2026-02-26
瑞銀,147.0,0,2000,1650,2486,2026-02-26
美好楊梅,140.5,6000,1000,5262,2486,2026-02-26
美好楊梅,141.5,6000,0,5262,2486,2026-02-26
美好楊梅,143.5,2000,0,5262,2486,2026-02-26
美好泰山,140.0,1000,0,5263,2486,2026-02-26
美好泰山,142.0,1000,0,5263,2486,2026-02-26
美好苗栗,140.5,0,2000,5265,2486,2026-02-26
美好中壢,141.5,1000,0,5266,2486,2026-02-26
美好基隆,141.5,0,1000,5267,2486,2026-02-26
美好中和,144.5,0,1000,526A,2486,2026-02-26
美好富順,141.5,0,1000,526K,2486,2026-02-26
美好市政,141.0,1000,0,526M,2486,2026-02-26
美好市政,143.5,0,5000,526M,2486,2026-02-26
高橋,140.5,1100,1000,5320,2486,2026-02-26
高橋,143.0,1000,0,5320,2486,2026-02-26
高橋,144.5,1000,0,5320,2486,2026-02-26
美好蘆洲,147.0,1000,0,5261,2486,2026-02-26
統一,142.5,2000,5000,5850,2486,2026-02-26
美好蘆洲,145.0,1000,1000,5261,2486,2026-02-26
美好蘆洲,142.5,2000,20,5261,2486,2026-02-26
亞東,141.5,0,1000,2180,2486,2026-02-26
亞東,147.0,2000,0,2180,2486,2026-02-26
亞東板橋,141.0,0,1000,2181,2486,2026-02-26
亞東板橋,142.0,1000,3000,2181,2486,2026-02-26
亞東新竹,143.0,5000,0,2184,2486,2026-02-26
亞東台南,141.0,50,0,2185,2486,2026-02-26
光和嘉義,141.5,5000,162,638A,2486,2026-02-26
大展,141.0,1000,0,5050,2486,2026-02-26
大展,142.0,0,10000,5050,2486,2026-02-26
大展台南,140.0,1000,0,5058,2486,2026-02-26
大展台南,141.5,1000,0,5058,2486,2026-02-26
大展台南,142.5,11000,0,5058,2486,2026-02-26
美好,141.5,1000,0,5260,2486,2026-02-26
美好蘆洲,140.5,1000,1000,5261,2486,2026-02-26
美好蘆洲,141.5,20,1000,5261,2486,2026-02-26
美好蘆洲,143.5,1000,0,5261,2486,2026-02-26
宏遠館前,142.5,0,1000,126U,2486,2026-02-26
統一,144.0,0,1000,5850,2486,2026-02-26
統一,146.0,1000,0,5850,2486,2026-02-26
中銀豐原,142.0,100,1000,611A,2486,2026-02-26
中銀豐原,144.0,1000,0,611A,2486,2026-02-26
中銀豐原,147.0,0,2000,611A,2486,2026-02-26
中國信託,140.5,8050,16000,6160,2486,2026-02-26
中國信託,141.5,1550,4161,6160,2486,2026-02-26
中國信託,142.5,1000,3000,6160,2486,2026-02-26
中銀豐原,141.0,1000,4000,611A,2486,2026-02-26
中國信託,143.5,11000,0,6160,2486,2026-02-26
中國信託,146.0,0,1000,6160,2486,2026-02-26
中信三重,140.0,5000,0,6161,2486,2026-02-26
中信三重,141.0,1000,12000,6161,2486,2026-02-26
中信三重,142.0,200,0,6161,2486,2026-02-26
中信三重,143.5,5000,1000,6161,2486,2026-02-26
中信三重,146.0,10000,0,6161,2486,2026-02-26
中國信託,144.5,1000,0,6160,2486,2026-02-26
中銀豐原,140.0,0,10000,611A,2486,2026-02-26
中銀高雄,140.0,1000,0,6116,2486,2026-02-26
中銀員林,144.5,2000,0,6114,2486,2026-02-26
統一松江,144.5,0,2000,585Z,2486,2026-02-26
統一松江,146.5,1000,0,585Z,2486,2026-02-26
盈溢,141.0,1000,0,5860,2486,2026-02-26
日茂,144.5,5000,0,5960,2486,2026-02-26
日茂南投,140.0,0,1000,5962,2486,2026-02-26
日茂南投,141.5,1000,0,5962,2486,2026-02-26
?亞網路,144.5,150,0,6012,2486,2026-02-26
?亞鑫豐,140.5,0,22,601d,2486,2026-02-26
?亞鑫豐,143.5,1000,123,601d,2486,2026-02-26
台中銀,140.0,2000,0,6110,2486,2026-02-26
台中銀,141.0,4000,0,6110,2486,2026-02-26
台中銀,142.0,5014,0,6110,2486,2026-02-26
台中銀,143.5,1000,0,6110,2486,2026-02-26
台中銀,144.5,1000,0,6110,2486,2026-02-26
中銀員林,140.5,0,5000,6114,2486,2026-02-26
中信託忠,141.0,3008,5000,6162,2486,2026-02-26
統一松江,143.0,5000,0,585Z,2486,2026-02-26
中信託忠,142.0,0,5000,6162,2486,2026-02-26
中信託忠,144.0,3000,0,6162,2486,2026-02-26
中信託高,140.5,2000,1000,616K,2486,2026-02-26
中信託高,141.5,2000,0,616K,2486,2026-02-26
中信託高,142.5,0,1000,616K,2486,2026-02-26
中信託高,146.0,0,600,616K,2486,2026-02-26
新百王,140.5,6020,0,6210,2486,2026-02-26
新百王,142.5,0,1000,6210,2486,2026-02-26
中信中壢,146.0,1,0,616A,2486,2026-02-26
新百王,143.5,1000,0,6210,2486,2026-02-26
光和,142.0,1000,0,6380,2486,2026-02-26
光和溪湖,142.0,1000,0,6381,2486,2026-02-26
光和田中,141.0,1000,0,6382,2486,2026-02-26
光和田中,145.0,5000,0,6382,2486,2026-02-26
光和花壇,140.0,2000,0,6385,2486,2026-02-26
光和嘉義,141.0,15,0,638A,2486,2026-02-26
光和,140.5,0,1000,6380,2486,2026-02-26
中信中壢,143.0,0,1000,616A,2486,2026-02-26
中信中壢,141.5,3500,0,616A,2486,2026-02-26
中信嘉義,145.0,2000,0,6168,2486,2026-02-26
中信託永,140.0,0,6000,6163,2486,2026-02-26
中信託永,142.0,1,7000,6163,2486,2026-02-26
中信託永,144.0,2000,1000,6163,2486,2026-02-26
中信託永,146.0,0,1000,6163,2486,2026-02-26
中信託文,140.5,1000,1000,6164,2486,2026-02-26
中信託文,141.5,2251,2000,6164,2486,2026-02-26
中信託文,143.0,0,1020,6164,2486,2026-02-26
中信託文,144.5,0,1000,6164,2486,2026-02-26
中信託新,140.0,6000,0,6165,2486,2026-02-26
中信託新,141.0,10,0,6165,2486,2026-02-26
中信託新,144.0,0,154,6165,2486,2026-02-26
中信松江,140.5,0,1000,6167,2486,2026-02-26
中信嘉義,140.0,5000,0,6168,2486,2026-02-26
中信嘉義,141.0,1000,1000,6168,2486,2026-02-26
中信嘉義,142.0,2200,4000,6168,2486,2026-02-26
中信託忠,143.0,4000,400,6162,2486,2026-02-26
統一松江,141.5,4000,0,585Z,2486,2026-02-26
統一松江,140.5,2000,0,585Z,2486,2026-02-26
統一土城,141.5,0,48000,585Y,2486,2026-02-26
統一新竹,139.5,1000,0,5857,2486,2026-02-26
統一新竹,140.5,50,1000,5857,2486,2026-02-26
統一新竹,141.5,0,18,5857,2486,2026-02-26
統一新竹,143.0,0,30,5857,2486,2026-02-26
統一嘉義,140.0,1000,0,5858,2486,2026-02-26
統一嘉義,141.0,100,0,5858,2486,2026-02-26
統一台中,144.5,0,2000,5856,2486,2026-02-26
統一嘉義,142.0,2000,0,5858,2486,2026-02-26
統一屏東,141.5,8,0,5859,2486,2026-02-26
統一屏東,142.5,0,1000,5859,2486,2026-02-26
統一屏東,144.0,1000,0,5859,2486,2026-02-26
統一基隆,140.5,1000,0,585A,2486,2026-02-26
統一基隆,141.5,1000,1000,585A,2486,2026-02-26
統一基隆,142.5,1000,0,585A,2486,2026-02-26
統一屏東,140.5,7000,0,5859,2486,2026-02-26
統一台中,143.0,4100,1000,5856,2486,2026-02-26
統一台中,142.0,2000,2000,5856,2486,2026-02-26
統一台中,141.0,3000,0,5856,2486,2026-02-26
統一,147.0,6000,1000,5850,2486,2026-02-26
統一高雄,141.0,0,1000,5851,2486,2026-02-26
統一敦南,140.0,1010,1000,5852,2486,2026-02-26
統一敦南,141.0,1000,0,5852,2486,2026-02-26
統一敦南,144.5,1000,0,5852,2486,2026-02-26
統一中壢,141.0,2600,0,5853,2486,2026-02-26
統一中壢,143.0,0,1000,5853,2486,2026-02-26
統一城中,141.0,1000,0,5854,2486,2026-02-26
統一城中,143.0,10000,0,5854,2486,2026-02-26
統一城中,144.0,0,10000,5854,2486,2026-02-26
統一城中,145.0,10000,0,5854,2486,2026-02-26
統一台南,141.5,50,0,5855,2486,2026-02-26
統一台南,143.0,50,0,5855,2486,2026-02-26
統一台南,145.0,1000,0,5855,2486,2026-02-26
統一台中,140.0,1000,6000,5856,2486,2026-02-26
統一內湖,139.5,1000,0,585b,2486,2026-02-26
統一內湖,140.5,0,6000,585b,2486,2026-02-26
統一內湖,141.5,1000,1000,585b,2486,2026-02-26
統一內湖,147.0,1000,0,585b,2486,2026-02-26
統一三重,142.0,0,2000,585J,2486,2026-02-26
統一三重,143.5,0,8000,585J,2486,2026-02-26
統一三重,145.0,0,3000,585J,2486,2026-02-26
統一士林,140.5,2035,2000,585M,2486,2026-02-26
統一士林,141.5,3000,3000,585M,2486,2026-02-26
統一士林,143.0,0,7000,585M,2486,2026-02-26
統一士林,145.0,3000,0,585M,2486,2026-02-26
統一三多,140.0,4000,0,585Q,2486,2026-02-26
統一三多,143.0,1000,0,585Q,2486,2026-02-26
統一宜蘭,140.5,0,1000,585S,2486,2026-02-26
統一宜蘭,142.0,5000,0,585S,2486,2026-02-26
統一南京,140.0,0,2000,585U,2486,2026-02-26
統一南京,142.0,0,3000,585U,2486,2026-02-26
統一南京,145.0,1000,0,585U,2486,2026-02-26
統一金門,145.0,1000,1000,585W,2486,2026-02-26
統一三重,141.0,8000,1000,585J,2486,2026-02-26
統一,145.0,2000,3000,5850,2486,2026-02-26
統一員林,143.0,1000,0,585I,2486,2026-02-26
統一桃園,143.0,1000,0,585H,2486,2026-02-26
統一永和,143.5,0,3000,585B,2486,2026-02-26
統一仁愛,140.5,8010,4000,585c,2486,2026-02-26
統一仁愛,141.5,0,3000,585c,2486,2026-02-26
統一仁愛,142.5,0,33000,585c,2486,2026-02-26
統一仁愛,144.0,1000,0,585c,2486,2026-02-26
統一新台中,140.0,4000,0,585D,2486,2026-02-26
統一新台中,141.0,1000,0,585D,2486,2026-02-26
統一新台中,142.0,1000,1000,585D,2486,2026-02-26
統一新台中,143.5,0,1000,585D,2486,2026-02-26
統一新台中,145.0,2000,0,585D,2486,2026-02-26
統一新台中,146.5,0,1000,585D,2486,2026-02-26
統一新營,145.0,0,1000,585E,2486,2026-02-26
統一平鎮,141.0,15000,0,585g,2486,2026-02-26
統一桃園,139.5,1000,0,585H,2486,2026-02-26
統一桃園,141.0,0,1000,585H,2486,2026-02-26
統一桃園,147.0,1000,0,585H,2486,2026-02-26
元大松江,143.5,0,3000,9801,2486,2026-02-26
宏遠台中,140.5,1000,5000,126L,2486,2026-02-26
宏遠光隆,144.5,0,1000,126i,2486,2026-02-26
元富台南,141.0,3000,0,9B29,2486,2026-02-26
元富台南,142.0,1028,0,9B29,2486,2026-02-26
元富台南,143.0,2000,1000,9B29,2486,2026-02-26
元富台南,145.0,0,2000,9B29,2486,2026-02-26
元富松德,139.5,1000,1000,9B2a,2486,2026-02-26
元富松德,141.0,1000,1902,9B2a,2486,2026-02-26
元富台南,140.0,2000,0,9B29,2486,2026-02-26
元富松德,142.0,2100,2850,9B2a,2486,2026-02-26
元富松德,144.0,0,1596,9B2a,2486,2026-02-26
元富緯城,140.5,400,1000,9B2A,2486,2026-02-26
元富緯城,142.5,1000,0,9B2A,2486,2026-02-26
元富板橋,140.5,67,0,9B2b,2486,2026-02-26
元富板橋,141.5,30,3000,9B2b,2486,2026-02-26
元富板橋,142.5,0,1000,9B2b,2486,2026-02-26
元富松德,143.0,0,3985,9B2a,2486,2026-02-26
元富林園,146.5,0,1000,9B27,2486,2026-02-26
元富林園,143.5,1000,0,9B27,2486,2026-02-26
元富林園,141.5,1000,0,9B27,2486,2026-02-26
元富證券,140.5,4000,0,9B00,2486,2026-02-26
元富證券,142.5,4000,0,9B00,2486,2026-02-26
元富高雄,140.0,1000,0,9B21,2486,2026-02-26
元富高雄,141.0,1000,0,9B21,2486,2026-02-26
元富高雄,142.5,0,1000,9B21,2486,2026-02-26
元富高雄,143.5,0,1000,9B21,2486,2026-02-26
元富高雄,147.0,0,2000,9B21,2486,2026-02-26
元富新店,144.5,0,2000,9B22,2486,2026-02-26
元富三重,141.0,0,1000,9B23,2486,2026-02-26
元富三重,142.0,1,0,9B23,2486,2026-02-26
元富台中,140.0,1000,0,9B25,2486,2026-02-26
元富台中,141.0,3000,0,9B25,2486,2026-02-26
元富台中,143.0,1000,0,9B25,2486,2026-02-26
元富林園,139.5,0,1000,9B27,2486,2026-02-26
元富林園,140.5,7000,3000,9B27,2486,2026-02-26
元富板橋,143.5,0,2000,9B2b,2486,2026-02-26
永豐復興,144.5,2000,1000,9A9Z,2486,2026-02-26
元富板橋,146.0,0,2000,9B2b,2486,2026-02-26
元富烏日,140.5,1000,8000,9B2c,2486,2026-02-26
元富嘉義,140.5,2000,0,9B2I,2486,2026-02-26
元富嘉義,141.5,10000,0,9B2I,2486,2026-02-26
元富嘉義,142.5,2000,1000,9B2I,2486,2026-02-26
元富嘉義,146.5,0,2000,9B2I,2486,2026-02-26
元富大裕,140.5,3000,0,9B2l,2486,2026-02-26
元富大裕,141.5,0,1000,9B2l,2486,2026-02-26
元富嘉義,139.5,1000,0,9B2I,2486,2026-02-26
元富大裕,143.0,0,3000,9B2l,2486,2026-02-26
元富大裕,145.5,1000,0,9B2l,2486,2026-02-26
元富中壢,140.5,2000,0,9B2L,2486,2026-02-26
元富成功,140.0,1000,0,9B2m,2486,2026-02-26
元富成功,141.0,1000,1000,9B2m,2486,2026-02-26
元富成功,142.0,0,1000,9B2m,2486,2026-02-26
元富成功,143.0,1000,0,9B2m,2486,2026-02-26
元富大裕,144.5,0,1000,9B2l,2486,2026-02-26
元富中港,143.5,100,0,9B2i,2486,2026-02-26
元富中港,142.5,3100,0,9B2i,2486,2026-02-26
元富中港,140.5,0,10000,9B2i,2486,2026-02-26
元富烏日,141.5,1000,0,9B2c,2486,2026-02-26
元富烏日,147.0,1000,0,9B2c,2486,2026-02-26
元富潮州,141.5,1000,1000,9B2C,2486,2026-02-26
元富潮州,143.0,1000,0,9B2C,2486,2026-02-26
元富潮州,146.0,0,2000,9B2C,2486,2026-02-26
元富大昌,143.0,2000,0,9B2D,2486,2026-02-26
元富城中,140.5,1000,0,9B2E,2486,2026-02-26
元富城中,142.5,250,0,9B2E,2486,2026-02-26
元富城中,143.5,1000,0,9B2E,2486,2026-02-26
元富中原,141.0,2000,1000,9B2g,2486,2026-02-26
元富中原,143.0,2000,0,9B2g,2486,2026-02-26
元富新竹,141.0,0,1000,9B2G,2486,2026-02-26
元富新竹,143.5,0,1000,9B2G,2486,2026-02-26
元富新竹,146.5,1000,0,9B2G,2486,2026-02-26
元富信義,140.5,1100,0,9B2H,2486,2026-02-26
元富永和,140.5,1000,0,9B2B,2486,2026-02-26
永豐復興,143.0,0,2000,9A9Z,2486,2026-02-26
永豐復興,142.0,0,2000,9A9Z,2486,2026-02-26
永豐復興,140.5,1000,0,9A9Z,2486,2026-02-26
永豐三重,140.5,3300,0,9A9K,2486,2026-02-26
永豐三重,141.5,200,1000,9A9K,2486,2026-02-26
永豐三重,142.5,1000,1000,9A9K,2486,2026-02-26
永豐三重,146.5,0,1000,9A9K,2486,2026-02-26
永豐台中,140.5,3050,0,9A9L,2486,2026-02-26
永豐台中,142.0,1000,0,9A9L,2486,2026-02-26
永豐板新,146.0,0,144,9A9J,2486,2026-02-26
永豐台中,144.0,0,2000,9A9L,2486,2026-02-26
永豐南投,141.0,1000,2000,9A9M,2486,2026-02-26
永豐南投,142.0,0,2000,9A9M,2486,2026-02-26
永豐桃盛,140.5,1100,0,9A9N,2486,2026-02-26
永豐桃盛,141.5,6000,1000,9A9N,2486,2026-02-26
永豐桃盛,142.5,1000,1000,9A9N,2486,2026-02-26
永豐桃盛,143.5,1000,0,9A9N,2486,2026-02-26
永豐南投,140.0,4000,0,9A9M,2486,2026-02-26
永豐板新,145.0,0,5000,9A9J,2486,2026-02-26
永豐板新,144.0,0,1000,9A9J,2486,2026-02-26
永豐板新,143.0,2000,8000,9A9J,2486,2026-02-26
永豐台南,142.0,100,50,9A9h,2486,2026-02-26
永豐台南,144.0,0,1000,9A9h,2486,2026-02-26
永豐台南,146.0,0,200,9A9h,2486,2026-02-26
永豐新莊,140.5,4000,0,9A9H,2486,2026-02-26
永豐新莊,141.5,10,0,9A9H,2486,2026-02-26
永豐新莊,143.0,0,1000,9A9H,2486,2026-02-26
永豐新莊,144.0,0,2000,9A9H,2486,2026-02-26
永豐新店,141.0,1000,0,9A9i,2486,2026-02-26
永豐嘉義,140.0,3000,2000,9A9j,2486,2026-02-26
永豐嘉義,141.5,1000,1000,9A9j,2486,2026-02-26
永豐嘉義,143.5,3000,0,9A9j,2486,2026-02-26
永豐嘉義,146.5,0,1000,9A9j,2486,2026-02-26
永豐板新,140.0,6000,5000,9A9J,2486,2026-02-26
永豐板新,141.0,7016,2000,9A9J,2486,2026-02-26
永豐板新,142.0,1000,3000,9A9J,2486,2026-02-26
永豐竹北,141.0,2000,0,9A9P,2486,2026-02-26
永豐竹北,142.0,2000,1000,9A9P,2486,2026-02-26
永豐潮州,140.5,1000,0,9A9q,2486,2026-02-26
永豐豐原,139.5,0,1000,9A9Q,2486,2026-02-26
永豐市政,147.0,3000,1000,9A9W,2486,2026-02-26
永豐桃園,140.5,1000,1000,9A9x,2486,2026-02-26
永豐桃園,142.0,1010,1000,9A9x,2486,2026-02-26
永豐桃園,143.0,2000,0,9A9x,2486,2026-02-26
永豐桃園,144.5,0,1000,9A9x,2486,2026-02-26
永豐桃園,146.0,1000,0,9A9x,2486,2026-02-26
永豐竹科,140.5,4000,2000,9A9X,2486,2026-02-26
永豐竹科,141.5,500,1000,9A9X,2486,2026-02-26
永豐竹科,143.0,2000,0,9A9X,2486,2026-02-26
永豐竹科,145.0,1000,2000,9A9X,2486,2026-02-26
永豐竹科,147.0,0,1000,9A9X,2486,2026-02-26
永豐板盛,141.0,1000,2000,9A9Y,2486,2026-02-26
永豐板盛,142.5,1000,0,9A9Y,2486,2026-02-26
永豐板盛,144.0,0,3000,9A9Y,2486,2026-02-26
永豐板盛,147.5,2000,0,9A9Y,2486,2026-02-26
永豐市政,145.0,0,1000,9A9W,2486,2026-02-26
元富成功,146.0,0,1000,9B2m,2486,2026-02-26
永豐市政,143.5,1000,0,9A9W,2486,2026-02-26
永豐市政,141.0,2300,6000,9A9W,2486,2026-02-26
永豐豐原,141.0,4000,0,9A9Q,2486,2026-02-26
永豐豐原,142.5,9000,0,9A9Q,2486,2026-02-26
永豐豐原,144.0,1000,0,9A9Q,2486,2026-02-26
永豐北高,141.0,0,2000,9A9r,2486,2026-02-26
永豐信義,141.5,0,100,9A9R,2486,2026-02-26
永豐彰化,140.5,1000,0,9A9s,2486,2026-02-26
永豐彰化,142.0,1000,1000,9A9s,2486,2026-02-26
永豐南京,140.0,7000,0,9A9S,2486,2026-02-26
永豐南京,141.0,1000,0,9A9S,2486,2026-02-26
永豐中正,139.5,1000,0,9A9U,2486,2026-02-26
永豐中正,140.5,7000,1000,9A9U,2486,2026-02-26
永豐中正,141.5,0,1000,9A9U,2486,2026-02-26
永豐中正,142.5,7000,3000,9A9U,2486,2026-02-26
永豐中正,144.5,1000,0,9A9U,2486,2026-02-26
永豐市政,140.0,0,1000,9A9W,2486,2026-02-26
永豐市政,142.0,1020,100,9A9W,2486,2026-02-26
宏遠光隆,147.0,0,1000,126i,2486,2026-02-26
元富彰化,141.5,0,5000,9B2M,2486,2026-02-26
元富西松,146.0,0,300,9B2n,2486,2026-02-26
臺銀臺南,142.0,1070,0,1042,2486,2026-02-26
臺銀臺南,144.5,0,2000,1042,2486,2026-02-26
臺銀民權,139.0,1000,0,1043,2486,2026-02-26
臺銀民權,141.5,0,3,1043,2486,2026-02-26
臺銀民權,146.0,0,1000,1043,2486,2026-02-26
臺銀新竹,140.0,0,1000,1045,2486,2026-02-26
臺銀臺南,141.0,1000,10000,1042,2486,2026-02-26
臺銀新竹,141.5,1500,0,1045,2486,2026-02-26
臺銀新竹,144.5,3000,0,1045,2486,2026-02-26
臺銀臺中,139.5,4000,0,104A,2486,2026-02-26
臺銀臺中,140.5,3000,1000,104A,2486,2026-02-26
臺銀臺中,141.5,3000,2000,104A,2486,2026-02-26
臺銀高雄,140.0,0,1000,104C,2486,2026-02-26
臺銀高雄,141.0,3210,3000,104C,2486,2026-02-26
臺銀新竹,143.0,2000,0,1045,2486,2026-02-26
臺銀臺南,140.0,1000,0,1042,2486,2026-02-26
臺銀,144.5,1000,0,1040,2486,2026-02-26
臺銀,143.5,200,0,1040,2486,2026-02-26
土銀,139.0,1000,0,1030,2486,2026-02-26
土銀,141.0,2200,0,1030,2486,2026-02-26
土銀,142.0,1000,1000,1030,2486,2026-02-26
土銀,143.5,3000,0,1030,2486,2026-02-26
土銀台中,141.0,1000,0,1031,2486,2026-02-26
土銀台南,141.0,1000,0,1032,2486,2026-02-26
土銀高雄,140.0,1000,0,1033,2486,2026-02-26
土銀嘉義,141.5,100,0,1034,2486,2026-02-26
土銀玉里,141.0,2000,0,1036,2486,2026-02-26
土銀玉里,147.0,0,1000,1036,2486,2026-02-26
土銀士林,145.0,0,1000,1039,2486,2026-02-26
土銀南港,140.5,1000,0,103F,2486,2026-02-26
臺銀,140.0,1000,1000,1040,2486,2026-02-26
臺銀,141.0,100,1000,1040,2486,2026-02-26
臺銀,142.0,0,1000,1040,2486,2026-02-26
臺銀高雄,142.0,107,2000,104C,2486,2026-02-26
合庫三重,144.0,1000,0,102G,2486,2026-02-26
臺銀高雄,143.0,2000,1000,104C,2486,2026-02-26
臺銀金山,141.0,2100,0,104D,2486,2026-02-26
彰銀台中,143.0,1000,0,1233,2486,2026-02-26
宏遠,142.5,0,1000,1260,2486,2026-02-26
宏遠民生,140.0,1000,0,1261,2486,2026-02-26
宏遠桃園,140.0,0,6000,1262,2486,2026-02-26
宏遠桃園,142.0,2000,500,1262,2486,2026-02-26
宏遠桃園,143.0,13000,0,1262,2486,2026-02-26
彰銀台中,140.0,0,1000,1233,2486,2026-02-26
宏遠桃園,144.0,10000,0,1262,2486,2026-02-26
宏遠台南,144.0,0,1000,126D,2486,2026-02-26
宏遠台南,145.5,1000,0,126D,2486,2026-02-26
宏遠中和,140.5,0,2000,126H,2486,2026-02-26
宏遠中和,145.0,2000,0,126H,2486,2026-02-26
宏遠光隆,140.5,50,0,126i,2486,2026-02-26
宏遠光隆,141.5,1020,0,126i,2486,2026-02-26
宏遠桃園,145.5,6000,0,1262,2486,2026-02-26
彰銀七賢,143.5,0,4000,1232,2486,2026-02-26
彰銀七賢,140.0,2000,0,1232,2486,2026-02-26
彰銀,141.0,100,1000,1230,2486,2026-02-26
臺銀金山,143.0,1000,0,104D,2486,2026-02-26
企銀,140.0,1000,0,1110,2486,2026-02-26
企銀,141.0,2000,0,1110,2486,2026-02-26
企銀,144.5,1000,0,1110,2486,2026-02-26
企銀台中,142.0,1500,0,1111,2486,2026-02-26
企銀九如,145.0,0,1000,1113,2486,2026-02-26
企銀嘉義,142.0,1,0,1114,2486,2026-02-26
企銀嘉義,146.0,1,0,1114,2486,2026-02-26
企銀太平,141.5,1000,1000,1115,2486,2026-02-26
企銀太平,144.5,1000,0,1115,2486,2026-02-26
企銀豐原,142.0,0,1000,1118,2486,2026-02-26
企銀民雄,142.0,100,0,111A,2486,2026-02-26
台企建成,141.5,2000,0,111B,2486,2026-02-26
企銀桃園,140.0,0,1000,111E,2486,2026-02-26
企銀桃園,142.0,1000,0,111E,2486,2026-02-26
臺銀高雄,145.0,1000,0,104C,2486,2026-02-26
合庫三重,141.5,2000,3000,102G,2486,2026-02-26
合庫三重,140.0,1000,1000,102G,2486,2026-02-26
合庫西台,142.5,0,2000,102F,2486,2026-02-26
元富宜蘭,140.0,1000,0,9B2U,2486,2026-02-26
元富宜蘭,142.5,0,2000,9B2U,2486,2026-02-26
元富桃園,141.0,1000,0,9B2v,2486,2026-02-26
元富桃園,143.5,1000,0,9B2v,2486,2026-02-26
元富佳里,140.5,1000,0,9B2w,2486,2026-02-26
元富佳里,143.5,0,30,9B2w,2486,2026-02-26
元富世貿,144.0,0,1000,9B2u,2486,2026-02-26
元富吉利,141.5,0,1000,9B2W,2486,2026-02-26
元富草屯,144.5,1000,0,9B2X,2486,2026-02-26
元富草屯,145.5,0,1000,9B2X,2486,2026-02-26
元富花蓮,141.5,0,1000,9B2y,2486,2026-02-26
元富花蓮,144.0,5000,0,9B2y,2486,2026-02-26
元富埔里,141.5,1000,0,9B2Y,2486,2026-02-26
元富文心,140.5,5000,0,9B2z,2486,2026-02-26
元富草屯,141.0,0,220,9B2X,2486,2026-02-26
元富世貿,140.5,1000,0,9B2u,2486,2026-02-26
元富城東,147.0,0,5000,9B2r,2486,2026-02-26
元富城東,146.0,0,5000,9B2r,2486,2026-02-26
元富虎尾,140.5,1000,0,9B2N,2486,2026-02-26
元富虎尾,147.0,0,1000,9B2N,2486,2026-02-26
元富新興,141.0,100,0,9B2o,2486,2026-02-26
元富新興,143.0,0,4000,9B2o,2486,2026-02-26
元富同大,142.0,256,1000,9B2P,2486,2026-02-26
元富同大,143.5,0,1,9B2P,2486,2026-02-26
元富屏東,140.0,10,2000,9B2q,2486,2026-02-26
元富屏東,142.5,2000,0,9B2q,2486,2026-02-26
元富敦南,140.0,1000,2000,9B2Q,2486,2026-02-26
元富敦南,141.0,2000,0,9B2Q,2486,2026-02-26
元富敦南,143.5,2000,1000,9B2Q,2486,2026-02-26
元富城東,139.5,1000,0,9B2r,2486,2026-02-26
元富城東,141.5,0,10,9B2r,2486,2026-02-26
元富城東,144.0,0,15000,9B2r,2486,2026-02-26
元富城東,145.0,0,5000,9B2r,2486,2026-02-26
元富文心,141.5,3000,3000,9B2z,2486,2026-02-26
元富文心,143.0,1000,0,9B2z,2486,2026-02-26
合庫,141.0,1000,1000,1020,2486,2026-02-26
合庫,142.5,1000,0,1020,2486,2026-02-26
合庫鳳山,144.0,0,3000,1029,2486,2026-02-26
合庫新竹,141.5,2000,0,102A,2486,2026-02-26
合庫新竹,142.5,2000,0,102A,2486,2026-02-26
合庫新竹,143.5,0,2000,102A,2486,2026-02-26
合庫新竹,145.0,0,3000,102A,2486,2026-02-26
合庫自強,140.5,1000,14000,102C,2486,2026-02-26
合庫自強,142.0,1000,1000,102C,2486,2026-02-26
合庫自強,144.5,0,10000,102C,2486,2026-02-26
合庫桃園,140.0,1000,1000,102E,2486,2026-02-26
合庫桃園,141.0,2000,6000,102E,2486,2026-02-26
合庫桃園,142.0,1000,13000,102E,2486,2026-02-26
合庫桃園,143.5,2000,0,102E,2486,2026-02-26
合庫西台,139.5,0,2000,102F,2486,2026-02-26
合庫西台,140.5,100,14000,102F,2486,2026-02-26
合庫西台,141.5,0,5000,102F,2486,2026-02-26
合庫鳳山,142.5,0,100,1029,2486,2026-02-26
元富西松,142.0,0,100,9B2n,2486,2026-02-26
合庫鳳山,141.0,1000,0,1029,2486,2026-02-26
合庫彰化,141.0,100,1000,1028,2486,2026-02-26
合庫台中,140.5,3000,1000,1021,2486,2026-02-26
合庫台中,141.5,1000,1000,1021,2486,2026-02-26
合庫台中,142.5,1000,0,1021,2486,2026-02-26
合庫台南,140.0,4000,0,1022,2486,2026-02-26
合庫台南,141.0,4000,0,1022,2486,2026-02-26
合庫台南,145.0,2000,0,1022,2486,2026-02-26
合庫高雄,140.0,4000,0,1023,2486,2026-02-26
合庫高雄,141.0,3000,3000,1023,2486,2026-02-26
合庫高雄,142.0,0,2000,1023,2486,2026-02-26
合庫高雄,143.5,3000,0,1023,2486,2026-02-26
合庫高雄,144.5,5000,0,1023,2486,2026-02-26
合庫高雄,146.5,1000,0,1023,2486,2026-02-26
合庫嘉義,141.0,12000,0,1024,2486,2026-02-26
合庫嘉義,144.0,1000,0,1024,2486,2026-02-26
合庫基隆,142.0,500,1000,1025,2486,2026-02-26
合庫彰化,142.0,100,0,1028,2486,2026-02-26
光和嘉義,142.0,2000,0,638A,2486,2026-02-26
元大松江,142.5,1000,0,9801,2486,2026-02-26
元大松江,140.0,0,2000,9801,2486,2026-02-26
聯邦三重,141.0,6000,0,8585,2486,2026-02-26
聯邦三重,144.5,0,10000,8585,2486,2026-02-26
聯邦大業,142.0,120,0,8586,2486,2026-02-26
聯邦興中,140.5,1000,1000,8587,2486,2026-02-26
聯邦興中,143.0,1000,0,8587,2486,2026-02-26
陽信,140.5,1000,0,8710,2486,2026-02-26
聯邦雙和,145.0,5000,0,8584,2486,2026-02-26
陽信,143.0,0,2000,8710,2486,2026-02-26
陽信石牌,140.0,1000,0,8711,2486,2026-02-26
玉山,140.0,5000,3000,8840,2486,2026-02-26
玉山,141.0,8100,4000,8840,2486,2026-02-26
玉山,142.0,69500,3000,8840,2486,2026-02-26
玉山,143.0,7000,5000,8840,2486,2026-02-26
玉山,144.0,1000,7000,8840,2486,2026-02-26
陽信,145.5,0,1000,8710,2486,2026-02-26
聯邦雙和,141.0,25,2000,8584,2486,2026-02-26
聯邦,143.5,0,50,8580,2486,2026-02-26
聯邦,141.0,1000,0,8580,2486,2026-02-26
新光新竹,140.5,4000,0,8563,2486,2026-02-26
新光新竹,141.5,5000,6000,8563,2486,2026-02-26
新光新竹,142.5,1000,0,8563,2486,2026-02-26
新光新竹,143.5,3000,0,8563,2486,2026-02-26
新光新竹,145.0,0,1000,8563,2486,2026-02-26
新光台南,142.0,20,281,8564,2486,2026-02-26
新光台南,143.0,1000,0,8564,2486,2026-02-26
新光台南,144.0,2000,0,8564,2486,2026-02-26
新光台南,145.0,1000,0,8564,2486,2026-02-26
新光桃園,140.5,9000,1001,8565,2486,2026-02-26
新光桃園,141.5,2050,150,8565,2486,2026-02-26
新光桃園,142.5,1000,1000,8565,2486,2026-02-26
新光桃園,144.0,0,2000,8565,2486,2026-02-26
新光桃園,145.5,0,1000,8565,2486,2026-02-26
聯邦,140.0,0,2000,8580,2486,2026-02-26
玉山,145.0,3000,0,8840,2486,2026-02-26
新光高雄,146.0,1000,0,8562,2486,2026-02-26
玉山,146.0,1000,0,8840,2486,2026-02-26
玉山雙和,141.5,7005,300,8841,2486,2026-02-26
玉山板橋,146.0,5000,0,8846,2486,2026-02-26
玉山台南,140.0,5000,1000,8847,2486,2026-02-26
玉山台南,141.0,1000,1500,8847,2486,2026-02-26
玉山台南,142.5,1000,0,8847,2486,2026-02-26
玉山台南,143.5,0,3000,8847,2486,2026-02-26
玉山台南,146.0,0,1000,8847,2486,2026-02-26
玉山板橋,144.5,1000,0,8846,2486,2026-02-26
玉山嘉義,140.0,1000,360,8848,2486,2026-02-26
玉山嘉義,142.0,500,1000,8848,2486,2026-02-26
玉山嘉義,146.0,6,0,8848,2486,2026-02-26
玉山景美,140.0,2000,8000,8849,2486,2026-02-26
玉山景美,141.0,5001,7000,8849,2486,2026-02-26
玉山景美,142.0,0,2000,8849,2486,2026-02-26
玉山景美,143.0,2000,0,8849,2486,2026-02-26
玉山嘉義,141.0,1000,0,8848,2486,2026-02-26
玉山板橋,143.5,2000,0,8846,2486,2026-02-26
玉山板橋,142.5,100,0,8846,2486,2026-02-26
玉山板橋,141.5,8100,2000,8846,2486,2026-02-26
玉山雙和,143.0,0,1000,8841,2486,2026-02-26
玉山新莊,140.0,64000,6000,8842,2486,2026-02-26
玉山新莊,141.0,6054,0,8842,2486,2026-02-26
玉山新莊,142.0,0,4000,8842,2486,2026-02-26
玉山新莊,143.0,5000,1000,8842,2486,2026-02-26
玉山新莊,144.0,1000,0,8842,2486,2026-02-26
玉山新莊,145.0,11000,200,8842,2486,2026-02-26
玉山高雄,140.0,2000,2000,8843,2486,2026-02-26
玉山高雄,141.0,4057,10000,8843,2486,2026-02-26
玉山高雄,142.0,1043,3000,8843,2486,2026-02-26
玉山高雄,143.0,2000,2000,8843,2486,2026-02-26
玉山高雄,144.0,1000,2000,8843,2486,2026-02-26
玉山高雄,145.0,2000,0,8843,2486,2026-02-26
玉山板橋,139.0,1000,0,8846,2486,2026-02-26
玉山板橋,140.5,5000,11000,8846,2486,2026-02-26
玉山,147.0,1000,1000,8840,2486,2026-02-26
玉山景美,145.0,1000,3000,8849,2486,2026-02-26
新光高雄,145.0,17000,0,8562,2486,2026-02-26
新光高雄,143.0,4020,1000,8562,2486,2026-02-26
康和嘉義,140.5,6000,0,8459,2486,2026-02-26
康和嘉義,142.0,0,6000,8459,2486,2026-02-26
康和嘉義,143.5,0,1000,8459,2486,2026-02-26
康和嘉義,145.5,1000,0,8459,2486,2026-02-26
康和內湖,142.0,0,100,845A,2486,2026-02-26
康和內湖,145.0,1000,0,845A,2486,2026-02-26
康和台南,147.0,0,1000,8458,2486,2026-02-26
康和永和,141.5,1000,0,845B,2486,2026-02-26
康和板橋,141.5,0,108,845D,2486,2026-02-26
康和板橋,142.5,1000,0,845D,2486,2026-02-26
康和板橋,145.0,1000,1000,845D,2486,2026-02-26
康和澎湖,140.5,3000,0,845E,2486,2026-02-26
康和仁愛,140.5,1000,0,845F,2486,2026-02-26
康和仁愛,142.5,3000,1000,845F,2486,2026-02-26
康和板橋,140.0,1000,0,845D,2486,2026-02-26
康和台南,145.0,1000,1000,8458,2486,2026-02-26
康和台南,143.5,3000,0,8458,2486,2026-02-26
康和台南,142.0,0,1000,8458,2486,2026-02-26
摩根大通,141.5,16000,145000,8440,2486,2026-02-26
摩根大通,142.5,0,103000,8440,2486,2026-02-26
摩根大通,143.5,2000,4000,8440,2486,2026-02-26
摩根大通,145.0,24000,16000,8440,2486,2026-02-26
摩根大通,146.0,12000,20000,8440,2486,2026-02-26
摩根大通,147.0,2000,29000,8440,2486,2026-02-26
康和,142.5,5000,0,8450,2486,2026-02-26
康和,143.5,1000,0,8450,2486,2026-02-26
康和延平,141.0,1000,0,8451,2486,2026-02-26
康和延平,142.0,1000,1000,8451,2486,2026-02-26
康和台中,139.5,0,1000,8455,2486,2026-02-26
康和台中,140.5,2000,0,8455,2486,2026-02-26
康和台中,142.0,0,1000,8455,2486,2026-02-26
康和新竹,142.0,1000,0,8456,2486,2026-02-26
康和台南,140.5,1000,6000,8458,2486,2026-02-26
康和仁愛,144.0,0,1000,845F,2486,2026-02-26
新光高雄,144.0,0,1000,8562,2486,2026-02-26
康和高雄,141.0,1000,0,845J,2486,2026-02-26
康和石牌,142.0,1000,1000,845R,2486,2026-02-26
新光,144.0,2000,7000,8560,2486,2026-02-26
新光,145.0,4000,20000,8560,2486,2026-02-26
新光,146.0,1000,1000,8560,2486,2026-02-26
新光,147.0,3000,1000,8560,2486,2026-02-26
新光台中,139.5,3000,0,8561,2486,2026-02-26
新光台中,140.5,1000,2000,8561,2486,2026-02-26
新光,143.0,9090,7000,8560,2486,2026-02-26
新光台中,141.5,3100,7000,8561,2486,2026-02-26
新光台中,143.5,1000,1000,8561,2486,2026-02-26
新光台中,144.5,2000,1000,8561,2486,2026-02-26
新光台中,147.0,0,2000,8561,2486,2026-02-26
新光高雄,140.0,1000,16000,8562,2486,2026-02-26
新光高雄,141.0,8000,3000,8562,2486,2026-02-26
新光高雄,142.0,3000,1000,8562,2486,2026-02-26
新光台中,142.5,1100,1000,8561,2486,2026-02-26
新光,142.0,54000,10500,8560,2486,2026-02-26
新光,141.0,84155,6050,8560,2486,2026-02-26
新光,140.0,14020,4300,8560,2486,2026-02-26
康和南崁,139.5,1000,0,845S,2486,2026-02-26
康和南崁,140.5,2000,1000,845S,2486,2026-02-26
康和南崁,142.5,1000,0,845S,2486,2026-02-26
康和南崁,144.0,1000,0,845S,2486,2026-02-26
康和台北,140.0,0,3000,845U,2486,2026-02-26
康和台北,143.0,0,2000,845U,2486,2026-02-26
康和台北,145.0,0,1000,845U,2486,2026-02-26
康和屏東,140.5,1000,0,845X,2486,2026-02-26
京城,141.0,2000,0,8490,2486,2026-02-26
京城嘉義,139.5,1000,0,8492,2486,2026-02-26
京城嘉義,141.0,1020,0,8492,2486,2026-02-26
京城嘉義,142.0,1000,0,8492,2486,2026-02-26
京城嘉義,143.5,10000,1000,8492,2486,2026-02-26
京城嘉義,144.5,1000,0,8492,2486,2026-02-26
中農,144.5,1000,0,8520,2486,2026-02-26
康和石牌,141.0,1000,1000,845R,2486,2026-02-26
玉山士林,140.0,1000,0,884A,2486,2026-02-26
玉山士林,143.0,0,2000,884A,2486,2026-02-26
玉山台中,141.0,1038,0,884B,2486,2026-02-26
國泰板橋,147.0,0,5000,888K,2486,2026-02-26
國泰新竹,143.0,13,0,888N,2486,2026-02-26
上海匯豐,140.0,1000,0,8960,2486,2026-02-26
群益,140.5,28000,15800,9100,2486,2026-02-26
群益,141.5,9000,6754,9100,2486,2026-02-26
群益,142.5,5000,366,9100,2486,2026-02-26
國泰板橋,146.0,150,1100,888K,2486,2026-02-26
群益,143.5,4000,4000,9100,2486,2026-02-26
群益,146.0,8000,0,9100,2486,2026-02-26
群益,147.0,71000,0,9100,2486,2026-02-26
群益敦南,140.5,2000,0,9101,2486,2026-02-26
群益敦南,141.5,130,0,9101,2486,2026-02-26
群益敦南,143.0,4000,0,9101,2486,2026-02-26
群益敦南,144.5,1000,0,9101,2486,2026-02-26
群益,145.0,9000,2000,9100,2486,2026-02-26
國泰板橋,144.5,5000,10000,888K,2486,2026-02-26
國泰板橋,143.5,5000,1000,888K,2486,2026-02-26
國泰板橋,142.5,3303,97,888K,2486,2026-02-26
國泰敦南,140.0,35145,10225,8888,2486,2026-02-26
國泰敦南,141.0,33060,30239,8888,2486,2026-02-26
國泰敦南,142.0,19578,13283,8888,2486,2026-02-26
國泰敦南,143.0,25902,20000,8888,2486,2026-02-26
國泰敦南,144.0,10000,10000,8888,2486,2026-02-26
國泰敦南,145.0,43000,15000,8888,2486,2026-02-26
國泰敦南,146.0,3016,5791,8888,2486,2026-02-26
國泰敦南,147.0,10000,7000,8888,2486,2026-02-26
國泰館前,140.5,3000,3000,888A,2486,2026-02-26
國泰館前,141.5,2000,3000,888A,2486,2026-02-26
國泰館前,142.5,8000,0,888A,2486,2026-02-26
國泰館前,145.0,6000,2000,888A,2486,2026-02-26
國泰館前,146.0,1,7000,888A,2486,2026-02-26
國泰板橋,140.5,6000,2250,888K,2486,2026-02-26
國泰板橋,141.5,10008,1104,888K,2486,2026-02-26
群益松山,140.5,0,1000,9103,2486,2026-02-26
國泰忠孝,147.0,1000,0,8887,2486,2026-02-26
群益松山,145.0,2000,0,9103,2486,2026-02-26
群益海山,142.0,60,0,9108,2486,2026-02-26
群益士林,141.5,5000,0,9137,2486,2026-02-26
群益士林,146.0,0,4,9137,2486,2026-02-26
群益中港,141.5,0,1000,9138,2486,2026-02-26
群益潭子,140.5,7081,3000,913D,2486,2026-02-26
群益潭子,141.5,7000,6000,913D,2486,2026-02-26
群益潭子,142.5,2000,0,913D,2486,2026-02-26
群益士林,140.5,2,0,9137,2486,2026-02-26
群益潭子,144.0,0,6066,913D,2486,2026-02-26
群益基隆,142.0,1000,0,913E,2486,2026-02-26
群益基隆,144.0,0,2000,913E,2486,2026-02-26
群益三重,141.0,1000,1000,913g,2486,2026-02-26
群益三重,142.5,1000,0,913g,2486,2026-02-26
群益三重,143.5,1069,0,913g,2486,2026-02-26
群益三重,146.5,28,0,913g,2486,2026-02-26
群益潭子,146.0,1000,0,913D,2486,2026-02-26
群益西松,145.0,1000,0,9136,2486,2026-02-26
群益西松,143.5,1000,0,9136,2486,2026-02-26
群益西松,141.5,5000,2000,9136,2486,2026-02-26
群益海山,143.5,0,5000,9108,2486,2026-02-26
群益市府,141.5,2000,0,910D,2486,2026-02-26
群益市府,145.5,0,1000,910D,2486,2026-02-26
群益市府,146.5,1000,59,910D,2486,2026-02-26
群益民權,140.0,0,1000,9131,2486,2026-02-26
群益民權,141.5,3000,69000,9131,2486,2026-02-26
群益民權,146.0,1,0,9131,2486,2026-02-26
群益開元,140.0,0,1000,9134,2486,2026-02-26
群益開元,141.0,3000,0,9134,2486,2026-02-26
群益開元,143.5,0,1000,9134,2486,2026-02-26
群益東大,142.0,2100,1000,9135,2486,2026-02-26
群益東大,143.5,2000,0,9135,2486,2026-02-26
群益東大,144.5,1000,0,9135,2486,2026-02-26
群益東大,146.5,1000,0,9135,2486,2026-02-26
群益西松,140.5,5000,3000,9136,2486,2026-02-26
群益海山,140.0,0,2000,9108,2486,2026-02-26
國泰忠孝,144.0,1000,0,8887,2486,2026-02-26
國泰忠孝,143.0,1000,1000,8887,2486,2026-02-26
國泰忠孝,142.0,10,0,8887,2486,2026-02-26
玉山新竹,141.0,1000,4000,884H,2486,2026-02-26
玉山新竹,142.0,6000,0,884H,2486,2026-02-26
玉山新竹,144.0,4000,0,884H,2486,2026-02-26
玉山新竹,145.0,2000,0,884H,2486,2026-02-26
玉山新竹,146.0,0,310,884H,2486,2026-02-26
玉山大里,140.0,28000,0,884J,2486,2026-02-26
玉山新竹,140.0,31000,0,884H,2486,2026-02-26
玉山大里,141.0,11000,0,884J,2486,2026-02-26
玉山大里,143.5,0,2000,884J,2486,2026-02-26
玉山大里,144.5,1000,0,884J,2486,2026-02-26
玉山大里,147.0,2000,0,884J,2486,2026-02-26
玉山數位,140.5,2000,0,884M,2486,2026-02-26
玉山數位,141.5,100,1000,884M,2486,2026-02-26
玉山數位,143.5,0,114,884M,2486,2026-02-26
玉山大里,142.0,2000,4000,884J,2486,2026-02-26
玉山新竹,139.0,1000,0,884H,2486,2026-02-26
玉山桃園,143.0,0,3000,884F,2486,2026-02-26
玉山桃園,142.0,40,5000,884F,2486,2026-02-26
玉山台中,142.5,10028,0,884B,2486,2026-02-26
玉山台中,143.5,0,1000,884B,2486,2026-02-26
玉山台中,144.5,1000,0,884B,2486,2026-02-26
玉山信義,140.5,10,0,884C,2486,2026-02-26
玉山信義,142.5,0,1,884C,2486,2026-02-26
玉山信義,144.5,0,4000,884C,2486,2026-02-26
玉山左營,140.0,5000,0,884D,2486,2026-02-26
玉山左營,141.0,0,1000,884D,2486,2026-02-26
玉山左營,143.0,1000,0,884D,2486,2026-02-26
玉山城中,140.0,6000,0,884E,2486,2026-02-26
玉山城中,141.5,2000,0,884E,2486,2026-02-26
玉山城中,144.5,2000,0,884E,2486,2026-02-26
玉山城中,145.5,2000,0,884E,2486,2026-02-26
玉山桃園,140.0,5000,0,884F,2486,2026-02-26
玉山桃園,141.0,7310,0,884F,2486,2026-02-26
國泰綜合,139.5,1000,0,8880,2486,2026-02-26
國泰綜合,141.0,1000,0,8880,2486,2026-02-26
國泰綜合,145.5,1000,0,8880,2486,2026-02-26
國泰高雄,140.0,5000,3000,8881,2486,2026-02-26
國泰台南,141.0,2107,3000,8884,2486,2026-02-26
國泰台南,142.0,1,2000,8884,2486,2026-02-26
國泰台南,146.0,0,1000,8884,2486,2026-02-26
國泰桃園,140.5,4500,7000,8885,2486,2026-02-26
國泰桃園,141.5,4005,120,8885,2486,2026-02-26
國泰桃園,142.5,4000,0,8885,2486,2026-02-26
國泰桃園,143.5,2000,0,8885,2486,2026-02-26
國泰桃園,144.5,0,2000,8885,2486,2026-02-26
國泰桃園,145.5,0,1000,8885,2486,2026-02-26
國泰桃園,146.5,1000,0,8885,2486,2026-02-26
國泰新莊,140.5,4000,1000,8886,2486,2026-02-26
國泰新莊,141.5,1002,4000,8886,2486,2026-02-26
國泰新莊,142.5,0,1000,8886,2486,2026-02-26
國泰新莊,146.0,3,105,8886,2486,2026-02-26
國泰忠孝,140.5,0,584,8887,2486,2026-02-26
國泰台南,140.0,0,2000,8884,2486,2026-02-26
摩根大通,140.5,29000,61000,8440,2486,2026-02-26
國泰松江,145.5,5000,1000,8883,2486,2026-02-26
國泰松江,143.0,0,1000,8883,2486,2026-02-26
國泰高雄,141.0,3010,1500,8881,2486,2026-02-26
國泰高雄,142.0,3011,1000,8881,2486,2026-02-26
國泰高雄,143.0,5100,1000,8881,2486,2026-02-26
國泰高雄,144.5,2000,0,8881,2486,2026-02-26
國泰高雄,146.0,0,160,8881,2486,2026-02-26
國泰台中,140.0,8000,3000,8882,2486,2026-02-26
國泰台中,141.0,13300,10005,8882,2486,2026-02-26
國泰台中,142.0,12518,3005,8882,2486,2026-02-26
國泰台中,143.0,2000,0,8882,2486,2026-02-26
國泰台中,144.0,1000,2000,8882,2486,2026-02-26
國泰台中,145.0,0,3000,8882,2486,2026-02-26
國泰台中,146.5,1000,0,8882,2486,2026-02-26
國泰松江,140.0,1000,2000,8883,2486,2026-02-26
國泰松江,141.0,4000,2000,8883,2486,2026-02-26
國泰松江,142.0,20,1000,8883,2486,2026-02-26
國泰松江,144.0,2000,1000,8883,2486,2026-02-26
安泰楠梓,143.5,1000,0,8382,2486,2026-02-26
安泰大發,145.0,1000,0,8381,2486,2026-02-26
安泰,145.0,0,1000,8380,2486,2026-02-26
兆豐松德,141.0,0,2000,700i,2486,2026-02-26
兆豐北高,144.5,1000,1000,700I,2486,2026-02-26
兆豐大安,140.5,2000,0,700j,2486,2026-02-26
兆豐大安,141.5,0,1000,700j,2486,2026-02-26
兆豐大安,146.5,1000,0,700j,2486,2026-02-26
兆豐公益,142.0,2300,0,700J,2486,2026-02-26
兆豐東門,141.0,200,0,700H,2486,2026-02-26
兆豐員林,140.0,6000,0,700k,2486,2026-02-26
兆豐員林,144.5,0,3000,700k,2486,2026-02-26
兆豐員林,145.5,0,1000,700k,2486,2026-02-26
兆豐新營,140.0,50,0,700K,2486,2026-02-26
兆豐新營,143.5,1000,0,700K,2486,2026-02-26
兆豐天母,140.5,0,1000,700L,2486,2026-02-26
兆豐天母,141.5,2000,0,700L,2486,2026-02-26
兆豐員林,143.0,1500,4000,700k,2486,2026-02-26
兆豐三民,145.0,0,50000,700h,2486,2026-02-26
兆豐三民,141.0,1000,30000,700h,2486,2026-02-26
兆豐三民,140.0,0,20000,700h,2486,2026-02-26
兆豐彰化,142.5,1000,1000,700d,2486,2026-02-26
兆豐彰化,143.5,0,1217,700d,2486,2026-02-26
兆豐西螺,141.0,2000,0,700D,2486,2026-02-26
兆豐西螺,145.0,0,1000,700D,2486,2026-02-26
兆豐鹿港,143.0,1000,0,700f,2486,2026-02-26
兆豐鹿港,144.0,0,500,700f,2486,2026-02-26
兆豐虎尾,140.5,1000,0,700F,2486,2026-02-26
兆豐虎尾,142.0,2000,0,700F,2486,2026-02-26
兆豐虎尾,143.5,0,2000,700F,2486,2026-02-26
兆豐南門,140.5,5000,0,700g,2486,2026-02-26
兆豐南門,142.0,1000,0,700g,2486,2026-02-26
兆豐南門,143.0,0,1000,700g,2486,2026-02-26
兆豐南門,144.0,1000,0,700g,2486,2026-02-26
兆豐南門,146.5,0,1000,700g,2486,2026-02-26
兆豐麻豆,141.0,0,1000,700G,2486,2026-02-26
兆豐天母,143.0,1000,1000,700L,2486,2026-02-26
兆豐來福,147.0,0,2000,700C,2486,2026-02-26
兆豐天母,145.0,2000,1000,700L,2486,2026-02-26
兆豐桃園,141.0,8200,5000,700M,2486,2026-02-26
兆豐桃鶯,140.5,5000,0,700U,2486,2026-02-26
兆豐桃鶯,142.0,0,1000,700U,2486,2026-02-26
兆豐桃鶯,143.5,1000,0,700U,2486,2026-02-26
兆豐新竹,140.5,2000,0,700V,2486,2026-02-26
兆豐新竹,141.5,1000,0,700V,2486,2026-02-26
兆豐新竹,145.0,3000,0,700V,2486,2026-02-26
兆豐大同,141.0,0,1000,700S,2486,2026-02-26
兆豐新莊,141.0,1000,0,700w,2486,2026-02-26
兆豐新莊,143.5,0,1000,700w,2486,2026-02-26
兆豐新莊,146.0,0,54,700w,2486,2026-02-26
兆豐城中,141.0,2200,0,700W,2486,2026-02-26
兆豐城中,142.0,0,100,700W,2486,2026-02-26
兆豐城中,143.5,0,1000,700W,2486,2026-02-26
兆豐永和,141.0,1000,0,700X,2486,2026-02-26
兆豐新莊,142.0,1000,0,700w,2486,2026-02-26
兆豐岡山,143.0,1000,0,700s,2486,2026-02-26
兆豐岡山,141.0,4010,0,700s,2486,2026-02-26
兆豐岡山,140.0,20000,0,700s,2486,2026-02-26
兆豐桃園,143.0,2000,3000,700M,2486,2026-02-26
兆豐桃園,144.0,0,1000,700M,2486,2026-02-26
兆豐桃園,145.0,1000,0,700M,2486,2026-02-26
兆豐桃園,146.5,0,1000,700M,2486,2026-02-26
兆豐埔墘,140.5,1000,1000,700N,2486,2026-02-26
兆豐復興,140.0,0,1000,700p,2486,2026-02-26
兆豐復興,141.0,0,12000,700p,2486,2026-02-26
兆豐復興,142.0,2010,0,700p,2486,2026-02-26
兆豐南京,142.0,0,1000,700P,2486,2026-02-26
兆豐南京,143.5,1000,0,700P,2486,2026-02-26
兆豐寶成,141.0,200,0,700r,2486,2026-02-26
兆豐寶成,142.0,0,1000,700r,2486,2026-02-26
兆豐寶成,143.5,1000,0,700r,2486,2026-02-26
兆豐寶成,145.5,3000,0,700r,2486,2026-02-26
兆豐小港,140.5,1000,0,700R,2486,2026-02-26
兆豐桃園,140.0,1000,1000,700M,2486,2026-02-26
兆豐來福,144.0,1000,0,700C,2486,2026-02-26
兆豐來福,141.5,1000,0,700C,2486,2026-02-26
兆豐來福,140.5,1300,0,700C,2486,2026-02-26
大昌新店,144.5,0,1000,6464,2486,2026-02-26
大昌新店,147.0,0,1000,6464,2486,2026-02-26
福邦,139.5,4000,0,6480,2486,2026-02-26
福邦,141.5,0,2000,6480,2486,2026-02-26
福邦,146.0,0,10,6480,2486,2026-02-26
口袋,140.5,3151,0,6620,2486,2026-02-26
大昌新店,143.0,0,100,6464,2486,2026-02-26
口袋,141.5,7000,1100,6620,2486,2026-02-26
口袋,143.5,150,0,6620,2486,2026-02-26
口袋,145.0,2100,0,6620,2486,2026-02-26
口袋,147.0,0,1000,6620,2486,2026-02-26
德信,141.5,1000,0,6910,2486,2026-02-26
德信中正,141.0,1000,0,6912,2486,2026-02-26
德信新營,140.5,200,0,6913,2486,2026-02-26
口袋,142.5,14050,0,6620,2486,2026-02-26
大昌新店,141.5,1000,3000,6464,2486,2026-02-26
大昌新店,140.5,3000,0,6464,2486,2026-02-26
大昌新竹,146.0,0,1000,6463,2486,2026-02-26
永全,143.0,0,1000,6450,2486,2026-02-26
永全,145.0,0,3000,6450,2486,2026-02-26
永全南崁,140.5,0,2000,6451,2486,2026-02-26
永全八德,142.5,1000,0,6452,2486,2026-02-26
大昌,140.5,2000,0,6460,2486,2026-02-26
大昌,141.5,1000,1000,6460,2486,2026-02-26
大昌,142.5,0,1000,6460,2486,2026-02-26
大昌,145.0,1000,1000,6460,2486,2026-02-26
大昌樹林,141.0,1000,1000,6461,2486,2026-02-26
大昌樹林,142.0,1000,1000,6461,2486,2026-02-26
大昌樹林,146.0,0,1000,6461,2486,2026-02-26
大昌安康,140.0,0,1000,6462,2486,2026-02-26
大昌安康,142.5,1250,0,6462,2486,2026-02-26
大昌新竹,141.0,2000,1000,6463,2486,2026-02-26
大昌新竹,142.5,1000,0,6463,2486,2026-02-26
德信新營,142.0,1000,1000,6913,2486,2026-02-26
德信新營,145.0,0,1000,6913,2486,2026-02-26
德信和平,141.5,1000,0,6915,2486,2026-02-26
福勝,141.0,1000,0,6950,2486,2026-02-26
兆豐竹北,143.0,0,1000,7007,2486,2026-02-26
兆豐竹北,145.0,0,1000,7007,2486,2026-02-26
兆豐三重,140.5,1000,0,7008,2486,2026-02-26
兆豐三重,141.5,8,0,7008,2486,2026-02-26
兆豐忠孝,140.0,0,50000,700a,2486,2026-02-26
兆豐忠孝,141.0,3001,15000,700a,2486,2026-02-26
兆豐忠孝,142.0,15000,0,700a,2486,2026-02-26
兆豐忠孝,143.5,1000,1000,700a,2486,2026-02-26
兆豐忠孝,145.0,20000,1000,700a,2486,2026-02-26
兆豐中壢,140.0,0,10000,700b,2486,2026-02-26
兆豐中壢,142.5,1000,0,700b,2486,2026-02-26
兆豐板橋,141.0,3000,0,700B,2486,2026-02-26
兆豐板橋,142.5,100,0,700B,2486,2026-02-26
兆豐民生,140.0,4000,0,700c,2486,2026-02-26
兆豐民生,145.0,0,3000,700c,2486,2026-02-26
兆豐竹北,142.0,30,6000,7007,2486,2026-02-26
兆豐永和,143.5,0,1000,700X,2486,2026-02-26
兆豐竹北,140.5,15000,100,7007,2486,2026-02-26
兆豐台南,143.5,0,1000,7006,2486,2026-02-26
福勝,144.0,0,1000,6950,2486,2026-02-26
福勝,145.5,0,1000,6950,2486,2026-02-26
兆豐,141.0,12000,0,7000,2486,2026-02-26
兆豐,142.0,1000,0,7000,2486,2026-02-26
兆豐,143.0,1000,0,7000,2486,2026-02-26
兆豐,147.5,1000,0,7000,2486,2026-02-26
兆豐嘉義,140.5,1000,0,7001,2486,2026-02-26
兆豐嘉義,143.0,3000,0,7001,2486,2026-02-26
兆豐嘉義,144.0,2000,0,7001,2486,2026-02-26
兆豐台中,140.0,1000,0,7003,2486,2026-02-26
兆豐台中,142.0,80,10,7003,2486,2026-02-26
兆豐中港,141.5,1000,0,7005,2486,2026-02-26
兆豐中港,146.5,0,1000,7005,2486,2026-02-26
兆豐台南,141.0,30,0,7006,2486,2026-02-26
兆豐台南,142.0,100,0,7006,2486,2026-02-26
兆豐台南,145.0,0,1000,7006,2486,2026-02-26
群益土城,141.5,75,2200,913N,2486,2026-02-26
兆豐高雄,140.0,2000,0,700Z,2486,2026-02-26
兆豐高雄,143.0,0,1000,700Z,2486,2026-02-26
台新建北,143.0,10000,0,8151,2486,2026-02-26
台新建北,144.5,1000,2000,8151,2486,2026-02-26
台新新莊,141.0,1500,10000,8152,2486,2026-02-26
台新新莊,144.5,1000,0,8152,2486,2026-02-26
台新新莊,146.0,1000,1000,8152,2486,2026-02-26
台新三民,139.5,1000,0,8156,2486,2026-02-26
台新建北,142.0,2000,0,8151,2486,2026-02-26
台新三民,140.5,1000,0,8156,2486,2026-02-26
台新左楠,140.5,3000,1000,8157,2486,2026-02-26
台新左楠,142.0,1000,0,8157,2486,2026-02-26
台新左楠,143.5,1000,1000,8157,2486,2026-02-26
台新左楠,145.0,1000,0,8157,2486,2026-02-26
台新松江,140.0,1000,16000,8158,2486,2026-02-26
台新松江,141.0,19000,9000,8158,2486,2026-02-26
台新三民,142.0,1000,0,8156,2486,2026-02-26
台新建北,141.0,2000,0,8151,2486,2026-02-26
台新建北,140.0,6000,0,8151,2486,2026-02-26
台新,147.0,1000,2000,8150,2486,2026-02-26
國票安和,140.0,2000,1000,779Z,2486,2026-02-26
國票安和,141.0,31001,15000,779Z,2486,2026-02-26
國票安和,142.0,1000,6000,779Z,2486,2026-02-26
國票安和,143.0,6000,2000,779Z,2486,2026-02-26
國票安和,144.0,3000,2000,779Z,2486,2026-02-26
國票安和,145.0,2000,5000,779Z,2486,2026-02-26
國票安和,146.0,1000,2000,779Z,2486,2026-02-26
國票安和,147.0,1000,1000,779Z,2486,2026-02-26
台新,140.0,23000,4000,8150,2486,2026-02-26
台新,141.0,24750,26000,8150,2486,2026-02-26
台新,142.0,2220,1000,8150,2486,2026-02-26
台新,143.0,12000,17150,8150,2486,2026-02-26
台新,144.0,1000,2000,8150,2486,2026-02-26
台新,145.0,9000,6000,8150,2486,2026-02-26
台新,146.0,2000,1007,8150,2486,2026-02-26
台新松江,142.0,1000,1100,8158,2486,2026-02-26
國票博愛,141.0,4000,0,779z,2486,2026-02-26
台新松江,143.5,1000,0,8158,2486,2026-02-26
台新松江,146.0,2000,0,8158,2486,2026-02-26
台新台中,147.0,1000,0,815B,2486,2026-02-26
台新屏東,140.5,1000,0,815H,2486,2026-02-26
台新屏東,141.5,1000,0,815H,2486,2026-02-26
台新屏東,143.0,300,0,815H,2486,2026-02-26
台新屏東,144.0,0,1000,815H,2486,2026-02-26
台新中壢,141.0,0,1000,815S,2486,2026-02-26
台新台中,146.0,0,1000,815B,2486,2026-02-26
台新中壢,142.5,1,0,815S,2486,2026-02-26
台新新營,141.5,2000,0,815Y,2486,2026-02-26
台新新營,142.5,0,2000,815Y,2486,2026-02-26
台新新營,143.5,1000,0,815Y,2486,2026-02-26
台新新營,146.5,1000,0,815Y,2486,2026-02-26
安泰,140.0,1000,0,8380,2486,2026-02-26
安泰,143.5,1000,0,8380,2486,2026-02-26
台新新營,140.5,0,1000,815Y,2486,2026-02-26
台新台中,145.0,0,1000,815B,2486,2026-02-26
台新台中,143.0,0,10,815B,2486,2026-02-26
台新台中,142.0,14100,35,815B,2486,2026-02-26
台新台南,140.5,4200,0,8159,2486,2026-02-26
台新台南,141.5,1000,2000,8159,2486,2026-02-26
台新台南,142.5,1000,0,8159,2486,2026-02-26
台新台南,143.5,0,1000,8159,2486,2026-02-26
台新台南,144.5,3000,0,8159,2486,2026-02-26
台新台南,146.0,13,0,8159,2486,2026-02-26
台新台南,147.0,0,2000,8159,2486,2026-02-26
台新高雄,140.5,6100,4000,815A,2486,2026-02-26
台新高雄,141.5,15212,7100,815A,2486,2026-02-26
台新高雄,142.5,6000,0,815A,2486,2026-02-26
台新高雄,143.5,8000,0,815A,2486,2026-02-26
台新高雄,144.5,50,3000,815A,2486,2026-02-26
台新高雄,145.5,1000,0,815A,2486,2026-02-26
台新台中,140.0,3000,0,815B,2486,2026-02-26
台新台中,141.0,2100,1000,815B,2486,2026-02-26
台新松江,144.5,1000,0,8158,2486,2026-02-26
國票博愛,140.0,0,1000,779z,2486,2026-02-26
國票中和,143.5,0,1000,779X,2486,2026-02-26
國票中和,142.5,0,4000,779X,2486,2026-02-26
北城,141.0,2000,0,7750,2486,2026-02-26
北城,142.0,1000,0,7750,2486,2026-02-26
國票綜合,140.0,0,2000,7790,2486,2026-02-26
國票綜合,141.0,200,2224,7790,2486,2026-02-26
國票綜合,142.0,1000,5314,7790,2486,2026-02-26
國票綜合,143.0,0,873,7790,2486,2026-02-26
北城,140.0,3000,0,7750,2486,2026-02-26
國票綜合,144.5,0,316,7790,2486,2026-02-26
國票台東,142.0,2000,0,7791,2486,2026-02-26
國票台東,145.0,3000,0,7791,2486,2026-02-26
國票北投,140.5,1000,0,7792,2486,2026-02-26
國票北投,142.5,0,1000,7792,2486,2026-02-26
國票南港,140.5,3000,0,7795,2486,2026-02-26
國票南港,141.5,6000,0,7795,2486,2026-02-26
國票綜合,145.5,2000,210,7790,2486,2026-02-26
石橋,140.5,1000,0,7080,2486,2026-02-26
致和崇德,141.5,0,1000,703B,2486,2026-02-26
致和崇德,140.0,2000,0,703B,2486,2026-02-26
兆豐高雄,144.0,1000,0,700Z,2486,2026-02-26
致和,140.5,1000,3000,7030,2486,2026-02-26
致和,143.0,1000,0,7030,2486,2026-02-26
致和佳里,141.5,100,0,7032,2486,2026-02-26
致和佳里,144.5,3000,0,7032,2486,2026-02-26
致和金華,143.5,1000,0,7034,2486,2026-02-26
致和東門,139.5,2000,0,7035,2486,2026-02-26
致和東門,140.5,0,4000,7035,2486,2026-02-26
致和東門,141.5,2000,3000,7035,2486,2026-02-26
致和東門,142.5,4000,0,7035,2486,2026-02-26
致和東門,143.5,3000,0,7035,2486,2026-02-26
致和東門,145.0,0,3000,7035,2486,2026-02-26
致和東門,146.0,0,1000,7035,2486,2026-02-26
致和高雄,140.5,100,1000,7036,2486,2026-02-26
致和高雄,142.5,1000,0,7036,2486,2026-02-26
國票中正,139.5,1000,2000,7797,2486,2026-02-26
國票內壢,140.5,0,1000,7798,2486,2026-02-26
國票內壢,141.5,0,2000,7798,2486,2026-02-26
國票敦北,140.5,1217,3000,779c,2486,2026-02-26
國票九鼎,140.5,2000,0,779P,2486,2026-02-26
國票九鼎,141.5,2020,0,779P,2486,2026-02-26
國票九鼎,142.5,1000,0,779P,2486,2026-02-26
國票九鼎,144.5,0,1000,779P,2486,2026-02-26
國票桃園,144.0,50,0,779r,2486,2026-02-26
國票桃園,147.0,1000,0,779r,2486,2026-02-26
國票長城,141.0,21000,0,779u,2486,2026-02-26
國票長城,142.5,0,1000,779u,2486,2026-02-26
國票台中,141.0,0,1000,779v,2486,2026-02-26
國票台中,145.0,0,6000,779v,2486,2026-02-26
國票天祥,140.0,0,1000,779V,2486,2026-02-26
國票天祥,142.0,10,0,779V,2486,2026-02-26
國票天祥,145.0,0,10000,779V,2486,2026-02-26
國票中和,140.5,1000,36000,779X,2486,2026-02-26
國票中和,141.5,2000,50000,779X,2486,2026-02-26
國票中港,142.0,1000,0,779m,2486,2026-02-26
兆豐高雄,141.0,1050,1000,700Z,2486,2026-02-26
國票北高,146.5,1000,0,779J,2486,2026-02-26
國票和平,143.0,0,1000,779j,2486,2026-02-26
國票敦北,141.5,1000,0,779c,2486,2026-02-26
國票敦北,144.0,0,1000,779c,2486,2026-02-26
國票敦北,146.0,10000,0,779c,2486,2026-02-26
國票台南,141.0,1000,20000,779D,2486,2026-02-26
國票台南,142.5,30000,0,779D,2486,2026-02-26
國票台南,144.5,0,3000,779D,2486,2026-02-26
國票南科,142.0,1000,0,779e,2486,2026-02-26
國票南科,146.5,1000,0,779e,2486,2026-02-26
國票南崁,143.0,0,2000,779E,2486,2026-02-26
國票新莊,141.0,1000,0,779G,2486,2026-02-26
國票新莊,143.5,0,1000,779G,2486,2026-02-26
國票嘉義,140.0,0,3000,779H,2486,2026-02-26
國票嘉義,141.0,1000,3000,779H,2486,2026-02-26
國票嘉義,143.5,3000,0,779H,2486,2026-02-26
國票和平,141.0,0,1000,779j,2486,2026-02-26
國票北高,141.0,4000,0,779J,2486,2026-02-26
群益土城,142.5,1000,0,913N,2486,2026-02-26
群益北高,141.0,2000,1000,913R,2486,2026-02-26
群益北高,142.0,0,2000,913R,2486,2026-02-26
富邦南京,141.0,9100,0,961C,2486,2026-02-26
富邦南京,142.0,5000,0,961C,2486,2026-02-26
富邦南京,143.0,7000,0,961C,2486,2026-02-26
富邦南京,144.0,2000,0,961C,2486,2026-02-26
富邦南京,146.0,0,1000,961C,2486,2026-02-26
富邦公益,140.5,3000,0,961F,2486,2026-02-26
富邦南京,140.0,8000,18000,961C,2486,2026-02-26
富邦公益,142.0,1000,0,961F,2486,2026-02-26
富邦新板,140.0,1000,0,961H,2486,2026-02-26
富邦新板,141.0,3001,1000,961H,2486,2026-02-26
富邦新板,142.0,2000,0,961H,2486,2026-02-26
富邦新板,143.0,10000,0,961H,2486,2026-02-26
富邦新板,146.5,0,1000,961H,2486,2026-02-26
富邦七賢,141.0,7000,10000,961K,2486,2026-02-26
富邦公益,144.5,0,1000,961F,2486,2026-02-26
富邦岡山,144.5,0,2000,9616,2486,2026-02-26
富邦岡山,143.0,0,3000,9616,2486,2026-02-26
富邦岡山,141.0,11000,0,9616,2486,2026-02-26
華南東昇,141.0,0,2000,9386,2486,2026-02-26
華南東昇,143.0,1000,0,9386,2486,2026-02-26
富邦,140.5,3000,2000,9600,2486,2026-02-26
富邦,141.5,0,630,9600,2486,2026-02-26
富邦,143.0,100,5000,9600,2486,2026-02-26
富邦陽明,140.0,4030,2000,9604,2486,2026-02-26
富邦陽明,141.0,1080,3000,9604,2486,2026-02-26
富邦陽明,142.0,2000,0,9604,2486,2026-02-26
富邦陽明,143.0,2000,2000,9604,2486,2026-02-26
富邦陽明,144.0,1000,3000,9604,2486,2026-02-26
富邦陽明,145.0,1000,0,9604,2486,2026-02-26
富邦陽明,146.0,1,25,9604,2486,2026-02-26
富邦台東,141.0,5500,0,9608,2486,2026-02-26
富邦台東,142.0,1000,0,9608,2486,2026-02-26
富邦基隆,141.5,1000,0,9614,2486,2026-02-26
富邦七賢,144.5,11000,0,961K,2486,2026-02-26
華南東昇,140.0,4000,0,9386,2486,2026-02-26
富邦木柵,140.0,14000,6000,961M,2486,2026-02-26
富邦木柵,142.0,1000,1000,961M,2486,2026-02-26
富邦永康,143.5,1000,0,961Z,2486,2026-02-26
富邦花蓮,140.0,1000,0,9621,2486,2026-02-26
富邦花蓮,141.0,4000,1000,9621,2486,2026-02-26
富邦花蓮,142.0,10000,0,9621,2486,2026-02-26
富邦花蓮,143.5,1000,0,9621,2486,2026-02-26
富邦花蓮,145.0,0,2000,9621,2486,2026-02-26
富邦永康,141.5,10000,1000,961Z,2486,2026-02-26
富邦台北,140.0,6000,2000,9623,2486,2026-02-26
富邦台北,142.0,25,0,9623,2486,2026-02-26
富邦台北,143.0,0,100,9623,2486,2026-02-26
富邦台北,144.5,0,1000,9623,2486,2026-02-26
富邦台北,145.5,0,1000,9623,2486,2026-02-26
富邦竹北,140.0,0,2000,9624,2486,2026-02-26
富邦竹北,141.0,12000,0,9624,2486,2026-02-26
富邦台北,141.0,4000,2000,9623,2486,2026-02-26
富邦永康,140.5,0,1000,961Z,2486,2026-02-26
富邦屏東,147.0,0,1000,961Y,2486,2026-02-26
富邦屏東,141.5,1000,0,961Y,2486,2026-02-26
富邦木柵,143.0,0,4000,961M,2486,2026-02-26
富邦木柵,145.0,3000,0,961M,2486,2026-02-26
富邦青埔,139.5,2000,0,961N,2486,2026-02-26
富邦青埔,140.5,3005,0,961N,2486,2026-02-26
富邦青埔,141.5,0,1000,961N,2486,2026-02-26
富邦青埔,143.0,0,10000,961N,2486,2026-02-26
富邦青埔,144.0,0,1000,961N,2486,2026-02-26
富邦和美,140.0,1000,1000,961P,2486,2026-02-26
富邦和美,143.5,2000,0,961P,2486,2026-02-26
富邦南員,140.0,1000,1000,961R,2486,2026-02-26
富邦南員,141.0,1000,3000,961R,2486,2026-02-26
富邦南員,142.5,1000,0,961R,2486,2026-02-26
富邦南員,143.5,0,1000,961R,2486,2026-02-26
富邦南員,145.5,0,1000,961R,2486,2026-02-26
富邦南員,147.5,0,1000,961R,2486,2026-02-26
富邦木柵,141.0,0,6700,961M,2486,2026-02-26
華南虎尾,145.5,1000,0,9377,2486,2026-02-26
華南虎尾,142.5,0,2000,9377,2486,2026-02-26
華南虎尾,141.5,1000,0,9377,2486,2026-02-26
華南鳳山,140.5,2000,0,9331,2486,2026-02-26
華南鳳山,142.0,1000,1000,9331,2486,2026-02-26
華南楠梓,140.0,0,1000,9332,2486,2026-02-26
華南楠梓,141.0,0,2000,9332,2486,2026-02-26
華南楠梓,142.0,2705,1000,9332,2486,2026-02-26
華南楠梓,143.0,1000,2000,9332,2486,2026-02-26
華南朴子,141.0,500,1000,9329,2486,2026-02-26
華南楠梓,146.0,0,1000,9332,2486,2026-02-26
華南長虹,142.0,0,1000,9333,2486,2026-02-26
華南世貿,140.0,2000,0,9334,2486,2026-02-26
華南世貿,141.5,0,10,9334,2486,2026-02-26
華南世貿,144.0,0,1000,9334,2486,2026-02-26
華南世貿,145.0,1000,0,9334,2486,2026-02-26
華南內壢,141.0,0,1000,9337,2486,2026-02-26
華南長虹,140.5,2000,0,9333,2486,2026-02-26
華南朴子,140.0,0,2000,9329,2486,2026-02-26
華南潮州,140.5,5000,0,9328,2486,2026-02-26
華南斗六,145.0,0,1000,9327,2486,2026-02-26
華南淡水,145.5,2000,0,9316,2486,2026-02-26
華南淡水,147.0,1000,0,9316,2486,2026-02-26
華南林口,139.5,3000,0,9317,2486,2026-02-26
華南林口,141.0,3030,1000,9317,2486,2026-02-26
華南林口,142.0,0,5000,9317,2486,2026-02-26
華南林口,143.0,2000,0,9317,2486,2026-02-26
華南林口,144.0,0,1000,9317,2486,2026-02-26
華南鶯歌,145.0,1000,0,9319,2486,2026-02-26
華南基隆,141.5,290,1000,9322,2486,2026-02-26
華南小港,140.0,1000,1001,9323,2486,2026-02-26
華南岡山,140.5,2000,0,9324,2486,2026-02-26
華南岡山,141.5,0,2000,9324,2486,2026-02-26
華南南京,140.0,0,2000,9326,2486,2026-02-26
華南南京,141.0,50,0,9326,2486,2026-02-26
華南南京,143.5,3000,3000,9326,2486,2026-02-26
華南內壢,142.0,50,0,9337,2486,2026-02-26
華南內壢,143.0,0,2000,9337,2486,2026-02-26
華南內壢,144.5,2000,0,9337,2486,2026-02-26
華南竹北,140.0,0,1000,9339,2486,2026-02-26
華南中正,141.0,2040,0,9359,2486,2026-02-26
華南中正,142.0,1050,100,9359,2486,2026-02-26
華南中正,143.0,3000,0,9359,2486,2026-02-26
華南苗栗,140.0,2000,0,9362,2486,2026-02-26
華南苗栗,141.0,1000,0,9362,2486,2026-02-26
華南苗栗,142.0,1000,1000,9362,2486,2026-02-26
華南苗栗,146.5,0,2000,9362,2486,2026-02-26
華南彰化,140.5,2000,1000,9363,2486,2026-02-26
華南彰化,141.5,0,2000,9363,2486,2026-02-26
華南彰化,142.5,1000,0,9363,2486,2026-02-26
華南彰化,146.0,1000,50,9363,2486,2026-02-26
華南豐原,141.0,500,0,9366,2486,2026-02-26
華南三重,140.5,2000,0,9369,2486,2026-02-26
華南三重,142.0,1000,0,9369,2486,2026-02-26
華南虎尾,140.5,1000,0,9377,2486,2026-02-26
華南中正,140.0,2000,0,9359,2486,2026-02-26
富邦竹北,143.0,1000,0,9624,2486,2026-02-26
華南東勢,144.0,1000,0,9358,2486,2026-02-26
華南東勢,140.5,510,0,9358,2486,2026-02-26
華南竹北,141.0,2000,0,9339,2486,2026-02-26
華南竹北,142.0,1000,2000,9339,2486,2026-02-26
華南頭份,140.5,0,3000,9343,2486,2026-02-26
華南頭份,141.5,1000,0,9343,2486,2026-02-26
華南頭份,144.0,1000,0,9343,2486,2026-02-26
華南敦南,142.0,500,0,9347,2486,2026-02-26
華南板橋,140.5,1000,0,9349,2486,2026-02-26
華南板橋,141.5,1000,0,9349,2486,2026-02-26
華南板橋,143.5,5000,3,9349,2486,2026-02-26
華南板橋,145.0,0,2000,9349,2486,2026-02-26
華南桃園,140.0,2000,0,9352,2486,2026-02-26
華南桃園,141.0,2000,0,9352,2486,2026-02-26
華南桃園,142.0,50,1000,9352,2486,2026-02-26
華南桃園,143.5,1000,0,9352,2486,2026-02-26
華南桃園,145.5,1000,0,9352,2486,2026-02-26
華南東勢,142.0,1000,5000,9358,2486,2026-02-26
華南淡水,144.0,1000,0,9316,2486,2026-02-26
富邦竹北,144.0,2000,0,9624,2486,2026-02-26
富邦竹東,140.5,1000,4000,9625,2486,2026-02-26
富邦南屯,144.0,0,1000,9666,2486,2026-02-26
富邦南屯,146.0,1,0,9666,2486,2026-02-26
富邦台南,140.5,6000,0,9667,2486,2026-02-26
富邦台南,141.5,1100,2000,9667,2486,2026-02-26
富邦台南,142.5,1000,0,9667,2486,2026-02-26
富邦台南,143.5,2000,0,9667,2486,2026-02-26
富邦南屯,143.0,100,0,9666,2486,2026-02-26
富邦台南,146.0,1002,0,9667,2486,2026-02-26
富邦左營,142.5,50,0,966F,2486,2026-02-26
富邦左營,146.0,1000,0,966F,2486,2026-02-26
富邦員林,140.5,1,0,9672,2486,2026-02-26
富邦員林,141.5,5000,0,9672,2486,2026-02-26
富邦員林,143.0,0,1000,9672,2486,2026-02-26
富邦仁愛,140.0,10000,1300,9676,2486,2026-02-26
富邦左營,141.0,2000,0,966F,2486,2026-02-26
富邦南屯,141.5,1550,0,9666,2486,2026-02-26
富邦南屯,140.5,1000,1000,9666,2486,2026-02-26
富邦桃園,145.5,1000,0,9665,2486,2026-02-26
富邦新店,140.5,10000,0,9661,2486,2026-02-26
富邦新店,141.5,3300,0,9661,2486,2026-02-26
富邦新店,142.5,1000,2000,9661,2486,2026-02-26
富邦新店,144.0,0,2000,9661,2486,2026-02-26
富邦新店,146.0,1000,1000,9661,2486,2026-02-26
富邦敦南,139.5,1000,0,9663,2486,2026-02-26
富邦敦南,140.5,2010,0,9663,2486,2026-02-26
富邦敦南,141.5,0,1000,9663,2486,2026-02-26
富邦敦南,143.0,1000,0,9663,2486,2026-02-26
富邦敦南,145.0,1000,0,9663,2486,2026-02-26
富邦敦南,147.0,0,3000,9663,2486,2026-02-26
富邦桃園,140.5,2000,0,9665,2486,2026-02-26
富邦桃園,141.5,9000,3000,9665,2486,2026-02-26
富邦桃園,143.0,2000,2000,9665,2486,2026-02-26
富邦桃園,144.5,3000,0,9665,2486,2026-02-26
富邦仁愛,141.0,9000,0,9676,2486,2026-02-26
富邦新店,139.5,2000,0,9661,2486,2026-02-26
富邦仁愛,142.0,1000,1000,9676,2486,2026-02-26
富邦仁愛,144.0,0,2000,9676,2486,2026-02-26
富邦新營,141.5,0,4000,9693,2486,2026-02-26
富邦新營,143.0,1000,0,9693,2486,2026-02-26
富邦虎尾,142.0,1000,0,9697,2486,2026-02-26
富邦虎尾,144.5,1000,0,9697,2486,2026-02-26
富邦虎尾,147.0,1000,0,9697,2486,2026-02-26
富邦北港,141.0,1000,0,969C,2486,2026-02-26
富邦新營,140.5,6000,0,9693,2486,2026-02-26
元大,139.5,16000,119000,9800,2486,2026-02-26
元大,141.5,181000,166174,9800,2486,2026-02-26
元大,142.5,59000,104653,9800,2486,2026-02-26
元大,143.5,107000,128000,9800,2486,2026-02-26
元大,144.5,101000,42000,9800,2486,2026-02-26
元大,145.5,6000,1000,9800,2486,2026-02-26
元大,146.5,118000,58000,9800,2486,2026-02-26
元大,140.5,112000,108095,9800,2486,2026-02-26
富邦嘉義,144.0,0,10000,9692,2486,2026-02-26
富邦嘉義,142.5,1000,2000,9692,2486,2026-02-26
富邦嘉義,141.5,4000,0,9692,2486,2026-02-26
富邦仁愛,145.0,1000,0,9676,2486,2026-02-26
富邦三重,139.5,0,1000,9677,2486,2026-02-26
富邦三重,140.5,2050,0,9677,2486,2026-02-26
富邦三重,141.5,100,2000,9677,2486,2026-02-26
富邦三重,142.5,6000,0,9677,2486,2026-02-26
富邦三重,143.5,2000,1000,9677,2486,2026-02-26
富邦三重,145.0,0,1000,9677,2486,2026-02-26
富邦宜蘭,140.0,0,9000,9686,2486,2026-02-26
富邦宜蘭,141.0,2100,2100,9686,2486,2026-02-26
富邦宜蘭,142.0,130,0,9686,2486,2026-02-26
富邦宜蘭,143.0,11000,1000,9686,2486,2026-02-26
富邦宜蘭,144.0,1000,0,9686,2486,2026-02-26
富邦宜蘭,146.5,4000,0,9686,2486,2026-02-26
富邦嘉義,139.5,2000,0,9692,2486,2026-02-26
富邦嘉義,140.5,4000,7000,9692,2486,2026-02-26
富邦仁愛,143.0,2000,0,9676,2486,2026-02-26
富邦彰化,144.0,1000,0,965U,2486,2026-02-26
富邦彰化,142.0,10,0,965U,2486,2026-02-26
富邦彰化,141.0,1000,0,965U,2486,2026-02-26
富邦三峽,145.5,0,5000,962J,2486,2026-02-26
富邦三峽,147.0,1000,0,962J,2486,2026-02-26
富邦頭份,140.5,1000,0,962P,2486,2026-02-26
富邦頭份,142.0,3000,1000,962P,2486,2026-02-26
富邦頭份,144.0,1000,0,962P,2486,2026-02-26
富邦頭份,145.0,15000,0,962P,2486,2026-02-26
富邦三峽,142.0,5,0,962J,2486,2026-02-26
富邦頭份,146.0,5000,1000,962P,2486,2026-02-26
富邦北高,141.0,1000,0,962Q,2486,2026-02-26
富邦羅東,140.5,4000,0,9634,2486,2026-02-26
富邦羅東,141.5,1000,1000,9634,2486,2026-02-26
富邦羅東,143.0,0,1000,9634,2486,2026-02-26
富邦中壢,140.0,0,1000,9636,2486,2026-02-26
富邦中壢,141.5,2000,0,9636,2486,2026-02-26
富邦頭份,147.0,5000,0,962P,2486,2026-02-26
富邦三峽,141.0,7000,0,962J,2486,2026-02-26
富邦三峽,140.0,0,1000,962J,2486,2026-02-26
富邦斗六,140.0,1000,0,962G,2486,2026-02-26
富邦竹東,142.0,1000,1000,9625,2486,2026-02-26
富邦竹東,143.0,2000,0,9625,2486,2026-02-26
富邦內湖,140.0,1000,0,9627,2486,2026-02-26
富邦內湖,141.0,1200,0,9627,2486,2026-02-26
富邦內湖,142.5,0,1000,9627,2486,2026-02-26
富邦內湖,145.5,1000,0,9627,2486,2026-02-26
富邦二林,140.5,2000,200,962B,2486,2026-02-26
富邦竹科,141.0,4110,0,962C,2486,2026-02-26
富邦新莊,140.0,1000,0,962D,2486,2026-02-26
富邦新莊,141.5,0,2000,962D,2486,2026-02-26
富邦新莊,143.0,0,1000,962D,2486,2026-02-26
富邦樹林,140.0,21000,0,962E,2486,2026-02-26
富邦樹林,141.0,1200,79,962E,2486,2026-02-26
富邦樹林,142.0,300,1000,962E,2486,2026-02-26
富邦樹林,143.0,1000,0,962E,2486,2026-02-26
富邦中壢,142.5,1000,0,9636,2486,2026-02-26
富邦中壢,146.0,1,50,9636,2486,2026-02-26
富邦八德,140.0,0,2000,963A,2486,2026-02-26
富邦八德,141.0,100,15000,963A,2486,2026-02-26
富邦苗栗,142.0,20,0,9657,2486,2026-02-26
富邦苗栗,146.0,1000,0,9657,2486,2026-02-26
富邦建國,140.5,11000,0,9658,2486,2026-02-26
富邦建國,142.0,1107,2109,9658,2486,2026-02-26
富邦建國,143.5,1000,0,9658,2486,2026-02-26
富邦建國,145.0,0,1000,9658,2486,2026-02-26
富邦高雄,140.0,2000,5000,9659,2486,2026-02-26
富邦高雄,141.0,20100,1000,9659,2486,2026-02-26
富邦高雄,143.5,2000,0,9659,2486,2026-02-26
富邦高雄,146.5,2000,0,9659,2486,2026-02-26
富邦台中,141.0,3100,160,965K,2486,2026-02-26
富邦台中,142.0,90,0,965K,2486,2026-02-26
富邦台中,143.0,0,1000,965K,2486,2026-02-26
富邦台中,144.5,0,3000,965K,2486,2026-02-26
富邦台中,147.0,2000,0,965K,2486,2026-02-26
富邦苗栗,141.0,0,2000,9657,2486,2026-02-26
富邦竹北,146.5,1000,0,9624,2486,2026-02-26
富邦苗栗,140.0,0,1000,9657,2486,2026-02-26
富邦板橋,143.5,1000,1000,9655,2486,2026-02-26
富邦八德,144.0,1000,0,963A,2486,2026-02-26
富邦豐原,140.5,1000,0,963L,2486,2026-02-26
富邦新竹,139.5,1000,1000,9647,2486,2026-02-26
富邦新竹,141.0,4000,50,9647,2486,2026-02-26
富邦新竹,142.0,2500,0,9647,2486,2026-02-26
富邦新竹,144.0,2000,5000,9647,2486,2026-02-26
富邦永和,139.5,2000,0,9654,2486,2026-02-26
富邦永和,140.5,28000,4000,9654,2486,2026-02-26
富邦永和,141.5,18151,4150,9654,2486,2026-02-26
富邦永和,142.5,1000,0,9654,2486,2026-02-26
富邦永和,143.5,1000,1000,9654,2486,2026-02-26
富邦永和,145.5,0,1000,9654,2486,2026-02-26
富邦板橋,140.0,4000,0,9655,2486,2026-02-26
富邦板橋,141.0,9000,2032,9655,2486,2026-02-26
富邦板橋,142.0,1450,2000,9655,2486,2026-02-26
富邦板橋,145.0,1000,1000,9655,2486,2026-02-26
元大松江,141.5,1100,8000,9801,2486,2026-02-26
華南淡水,143.0,1000,0,9316,2486,2026-02-26
華南淡水,140.0,0,2000,9316,2486,2026-02-26
凱基三重,143.0,3000,0,9205,2486,2026-02-26
凱基三重,146.0,1,0,9205,2486,2026-02-26
凱基高雄,141.5,1000,0,9206,2486,2026-02-26
凱基高雄,145.0,1000,0,9206,2486,2026-02-26
凱基永和,144.0,800,0,9207,2486,2026-02-26
凱基永和,146.0,1,0,9207,2486,2026-02-26
凱基三重,141.5,0,4000,9205,2486,2026-02-26
凱基桃園,140.5,4000,7000,9208,2486,2026-02-26
凱基桃園,143.0,1000,0,9208,2486,2026-02-26
凱基桃園,144.0,1000,0,9208,2486,2026-02-26
凱基桃園,145.0,1100,0,9208,2486,2026-02-26
凱基岡山,143.5,0,1000,9209,2486,2026-02-26
凱基板橋,140.5,1200,0,920A,2486,2026-02-26
凱基板橋,141.5,3000,2000,920A,2486,2026-02-26
凱基桃園,141.5,5000,0,9208,2486,2026-02-26
凱基三重,140.5,1000,5000,9205,2486,2026-02-26
凱基台中,145.0,1000,0,9204,2486,2026-02-26
凱基台中,141.5,1300,0,9204,2486,2026-02-26
群益瑞豐,143.5,8000,0,918u,2486,2026-02-26
群益忠孝,143.0,2000,0,918W,2486,2026-02-26
群益忠孝,145.5,1000,0,918W,2486,2026-02-26
群益忠孝,147.0,0,2000,918W,2486,2026-02-26
群益延平,143.0,1000,2000,918x,2486,2026-02-26
群益宜蘭,141.5,0,1000,918z,2486,2026-02-26
群益宜蘭,143.0,1000,0,918z,2486,2026-02-26
凱基,139.0,0,1000,9200,2486,2026-02-26
凱基,140.0,0,2000,9200,2486,2026-02-26
凱基,141.5,2000,0,9200,2486,2026-02-26
凱基,146.0,0,2000,9200,2486,2026-02-26
凱基中港,140.5,1000,0,9202,2486,2026-02-26
凱基中港,141.5,0,1000,9202,2486,2026-02-26
凱基中港,143.0,2000,0,9202,2486,2026-02-26
凱基中港,146.0,100,0,9202,2486,2026-02-26
凱基板橋,143.0,20,0,920A,2486,2026-02-26
群益瑞豐,141.5,3000,0,918u,2486,2026-02-26
凱基雙和,139.5,1000,0,920C,2486,2026-02-26
凱基雙和,141.5,0,100,920C,2486,2026-02-26
凱基湖口,145.0,2000,0,920N,2486,2026-02-26
凱基新店,141.5,500,0,920V,2486,2026-02-26
凱基大里,140.0,1000,0,920W,2486,2026-02-26
凱基大里,144.5,0,1000,920W,2486,2026-02-26
凱基台南,140.0,2000,0,9211,2486,2026-02-26
凱基台南,141.0,1000,0,9211,2486,2026-02-26
凱基湖口,143.5,2000,0,920N,2486,2026-02-26
凱基台南,143.0,1000,1000,9211,2486,2026-02-26
凱基東港,141.0,0,1000,9212,2486,2026-02-26
凱基東港,143.5,0,1000,9212,2486,2026-02-26
凱基高美,139.5,1000,0,9215,2486,2026-02-26
凱基高美,140.5,16,1000,9215,2486,2026-02-26
凱基高美,141.5,100,0,9215,2486,2026-02-26
凱基高美,143.0,100,1000,9215,2486,2026-02-26
凱基台南,144.5,0,1000,9211,2486,2026-02-26
凱基湖口,142.0,15,0,920N,2486,2026-02-26
凱基湖口,140.0,1000,0,920N,2486,2026-02-26
凱基宜蘭,141.0,0,1000,920M,2486,2026-02-26
凱基雙和,143.5,1000,0,920C,2486,2026-02-26
凱基市府,141.5,5000,0,920D,2486,2026-02-26
凱基市府,142.5,1000,0,920D,2486,2026-02-26
凱基市府,145.0,0,2000,920D,2486,2026-02-26
凱基站前,140.0,36000,1000,920F,2486,2026-02-26
凱基站前,141.0,2300,1000,920F,2486,2026-02-26
凱基站前,142.0,2000,0,920F,2486,2026-02-26
凱基站前,143.0,9000,2000,920F,2486,2026-02-26
凱基站前,146.0,0,10,920F,2486,2026-02-26
凱基彰化,140.5,2000,0,920G,2486,2026-02-26
凱基彰化,141.5,100,0,920G,2486,2026-02-26
凱基彰化,146.5,0,1000,920G,2486,2026-02-26
凱基基隆,141.0,2200,2000,920H,2486,2026-02-26
凱基基隆,143.5,1000,0,920H,2486,2026-02-26
凱基基隆,146.5,1000,0,920H,2486,2026-02-26
凱基雙和,140.5,1000,0,920C,2486,2026-02-26
群益瑞豐,140.5,100,0,918u,2486,2026-02-26
群益丹鳳,146.0,0,1000,918s,2486,2026-02-26
群益天母,143.5,1000,0,918P,2486,2026-02-26
群益三民,140.0,1000,0,9188,2486,2026-02-26
群益三民,145.0,0,1000,9188,2486,2026-02-26
群益桃園,140.5,2000,1000,9189,2486,2026-02-26
群益桃園,142.0,0,1000,9189,2486,2026-02-26
群益桃園,144.0,1000,0,9189,2486,2026-02-26
群益中壢,140.0,5000,260,918A,2486,2026-02-26
群益彰化,142.0,1200,0,9187,2486,2026-02-26
群益中壢,141.0,0,2000,918A,2486,2026-02-26
群益板橋,141.0,5000,0,918B,2486,2026-02-26
群益板橋,142.0,0,1000,918B,2486,2026-02-26
群益板橋,143.0,1000,0,918B,2486,2026-02-26
群益板橋,145.0,0,3000,918B,2486,2026-02-26
群益鳳山,141.5,3000,1000,918c,2486,2026-02-26
群益古亭,140.5,1000,0,918C,2486,2026-02-26
群益中壢,142.0,0,1000,918A,2486,2026-02-26
群益彰化,141.0,2100,1000,9187,2486,2026-02-26
群益彰化,140.0,2000,1000,9187,2486,2026-02-26
群益新竹,142.0,4000,0,9186,2486,2026-02-26
群益北高,144.5,0,2000,913R,2486,2026-02-26
群益崇德,140.0,1000,0,913U,2486,2026-02-26
群益崇德,147.0,1000,0,913U,2486,2026-02-26
群益館前,140.5,11000,3000,913Y,2486,2026-02-26
群益館前,141.5,1000,4000,913Y,2486,2026-02-26
群益館前,144.5,0,16000,913Y,2486,2026-02-26
群益高雄,140.5,1000,2000,9183,2486,2026-02-26
群益高雄,142.0,1000,0,9183,2486,2026-02-26
群益台中,139.5,1000,0,9184,2486,2026-02-26
群益台中,140.5,1000,1000,9184,2486,2026-02-26
群益台中,141.5,600,1000,9184,2486,2026-02-26
群益台中,144.5,1000,0,9184,2486,2026-02-26
群益台中,146.5,0,1000,9184,2486,2026-02-26
群益台南,143.5,0,1000,9185,2486,2026-02-26
群益新竹,140.5,0,3000,9186,2486,2026-02-26
群益古亭,142.5,1,0,918C,2486,2026-02-26
群益古亭,146.0,0,1000,918C,2486,2026-02-26
群益東門,139.5,0,3000,918D,2486,2026-02-26
群益東門,140.5,6075,0,918D,2486,2026-02-26
群益中山,145.0,0,1000,918H,2486,2026-02-26
群益竹南,141.5,0,7000,918i,2486,2026-02-26
群益永和,140.0,1000,3000,918J,2486,2026-02-26
群益永和,141.5,0,1000,918J,2486,2026-02-26
群益永和,143.5,1000,0,918J,2486,2026-02-26
群益永和,147.0,1000,0,918J,2486,2026-02-26
群益東湖,140.5,1000,50,918K,2486,2026-02-26
群益東湖,142.5,100,0,918K,2486,2026-02-26
群益東湖,144.5,1000,1000,918K,2486,2026-02-26
群益東湖,146.0,0,1000,918K,2486,2026-02-26
群益建成,141.0,1000,0,918L,2486,2026-02-26
群益建成,143.0,50,0,918L,2486,2026-02-26
群益建成,146.0,100,0,918L,2486,2026-02-26
群益嘉義,140.0,1000,1000,918M,2486,2026-02-26
群益嘉義,142.5,1000,0,918M,2486,2026-02-26
群益中山,143.5,4000,1000,918H,2486,2026-02-26
凱基高美,145.5,1000,0,9215,2486,2026-02-26
群益中山,141.5,1000,0,918H,2486,2026-02-26
群益新莊,146.0,0,1000,918G,2486,2026-02-26
群益東門,141.5,1140,4000,918D,2486,2026-02-26
群益東門,142.5,80,0,918D,2486,2026-02-26
群益東門,146.5,1000,0,918D,2486,2026-02-26
群益南京,142.0,0,1000,918E,2486,2026-02-26
群益南京,144.0,1000,0,918E,2486,2026-02-26
群益南京,147.0,0,1000,918E,2486,2026-02-26
群益新店,142.0,100,0,918F,2486,2026-02-26
群益大甲,141.0,1000,1400,918g,2486,2026-02-26
群益大甲,143.0,1000,4,918g,2486,2026-02-26
群益大甲,144.0,0,2000,918g,2486,2026-02-26
群益新莊,140.5,5000,1000,918G,2486,2026-02-26
群益新莊,141.5,1000,0,918G,2486,2026-02-26
群益新莊,142.5,3000,0,918G,2486,2026-02-26
群益新莊,143.5,2000,0,918G,2486,2026-02-26
群益新莊,144.5,0,2000,918G,2486,2026-02-26
群益中山,140.5,0,6000,918H,2486,2026-02-26
華南淡水,141.5,0,2000,9316,2486,2026-02-26
凱基高美,147.0,1000,0,9215,2486,2026-02-26
凱基信義,141.5,10000,0,9216,2486,2026-02-26
凱基鳳山,142.0,0,1000,9274,2486,2026-02-26
凱基鳳山,143.5,1000,0,9274,2486,2026-02-26
凱基鳳山,145.0,1000,0,9274,2486,2026-02-26
凱基三多,141.5,1000,0,9275,2486,2026-02-26
凱基三多,144.0,0,1000,9275,2486,2026-02-26
凱基苗栗,141.0,1000,0,9276,2486,2026-02-26
凱基鳳山,140.5,0,1100,9274,2486,2026-02-26
凱基永康,141.0,2200,0,9278,2486,2026-02-26
凱基斗六,140.0,50000,0,9281,2486,2026-02-26
凱基斗六,141.5,0,1000,9281,2486,2026-02-26
凱基北門,141.5,2000,0,9283,2486,2026-02-26
凱基中壢,141.0,2000,0,9285,2486,2026-02-26
凱基中壢,145.0,100,1000,9285,2486,2026-02-26
凱基埔墘,140.0,1000,0,9288,2486,2026-02-26
凱基永康,144.0,1000,0,9278,2486,2026-02-26
凱基竹東,147.0,0,1000,9273,2486,2026-02-26
凱基竹東,140.0,1000,0,9273,2486,2026-02-26
凱基竹科,144.5,0,1000,9272,2486,2026-02-26
凱基羅東,141.5,0,2000,9258,2486,2026-02-26
凱基羅東,144.5,10000,0,9258,2486,2026-02-26
凱基新豐,141.5,0,100,9266,2486,2026-02-26
凱基台北,140.0,131000,30000,9268,2486,2026-02-26
凱基台北,141.0,49000,108000,9268,2486,2026-02-26
凱基台北,142.0,70001,69000,9268,2486,2026-02-26
凱基台北,143.0,36000,130000,9268,2486,2026-02-26
凱基台北,144.0,6000,24000,9268,2486,2026-02-26
凱基台北,145.0,4001,94000,9268,2486,2026-02-26
凱基台北,146.0,1002,24000,9268,2486,2026-02-26
凱基台北,147.0,3000,21000,9268,2486,2026-02-26
凱基竹科,140.5,0,3000,9272,2486,2026-02-26
凱基竹科,141.5,2000,1000,9272,2486,2026-02-26
凱基竹科,142.5,10000,1000,9272,2486,2026-02-26
凱基竹科,143.5,0,2000,9272,2486,2026-02-26
凱基頭份,140.0,0,1000,9296,2486,2026-02-26
凱基羅東,140.5,0,2000,9258,2486,2026-02-26
凱基頭份,141.5,0,1000,9296,2486,2026-02-26
凱基文心,140.5,2200,0,9297,2486,2026-02-26
華南大安,144.0,0,7000,9307,2486,2026-02-26
華南大安,145.0,0,2000,9307,2486,2026-02-26
華南大安,146.5,0,1000,9307,2486,2026-02-26
華南麻豆,140.5,7000,0,9308,2486,2026-02-26
華南麻豆,141.5,1150,0,9308,2486,2026-02-26
華南麻豆,142.5,150,0,9308,2486,2026-02-26
華南大安,143.0,1000,1000,9307,2486,2026-02-26
華南麻豆,146.0,0,258,9308,2486,2026-02-26
華南古亭,143.5,2000,1000,9309,2486,2026-02-26
華南古亭,145.0,1000,0,9309,2486,2026-02-26
華南古亭,147.0,0,2000,9309,2486,2026-02-26
華南民權,141.0,1000,0,9312,2486,2026-02-26
華南嘉義,141.5,1000,0,9314,2486,2026-02-26
華南大甲,141.0,0,1000,9315,2486,2026-02-26
華南古亭,142.0,1000,1000,9309,2486,2026-02-26
華南大安,142.0,1000,0,9307,2486,2026-02-26
華南大安,141.0,3000,3020,9307,2486,2026-02-26
華南新莊,141.0,2000,0,9305,2486,2026-02-26
華南永昌,140.0,4000,3000,9300,2486,2026-02-26
華南永昌,141.0,9020,6786,9300,2486,2026-02-26
華南永昌,142.0,3000,0,9300,2486,2026-02-26
華南永昌,143.0,9050,0,9300,2486,2026-02-26
華南永昌,144.5,2000,0,9300,2486,2026-02-26
華南永昌,145.5,1000,0,9300,2486,2026-02-26
華南台中,141.0,300,1002,9302,2486,2026-02-26
華南台中,142.0,2000,0,9302,2486,2026-02-26
華南台中,144.0,0,1010,9302,2486,2026-02-26
華南台中,145.0,1000,0,9302,2486,2026-02-26
華南高雄,141.0,0,3045,9303,2486,2026-02-26
華南高雄,142.0,2020,0,9303,2486,2026-02-26
華南高雄,143.5,0,1000,9303,2486,2026-02-26
華南高雄,145.0,2000,0,9303,2486,2026-02-26
華南新莊,140.0,1000,0,9305,2486,2026-02-26
凱基頭份,142.5,1000,0,9296,2486,2026-02-26
凱基林口,146.0,3000,0,9257,2486,2026-02-26
凱基林口,144.5,2000,0,9257,2486,2026-02-26
凱基林口,142.0,0,3000,9257,2486,2026-02-26
凱基東勢,141.0,10,1000,921Y,2486,2026-02-26
凱基東勢,143.5,1000,0,921Y,2486,2026-02-26
凱基東勢,145.0,2000,0,921Y,2486,2026-02-26
凱基豐中,140.5,500,0,9223,2486,2026-02-26
凱基豐中,142.0,100,0,9223,2486,2026-02-26
凱基內埔,140.5,0,6000,9225,2486,2026-02-26
凱基新莊,143.0,10000,0,921S,2486,2026-02-26
凱基內埔,142.5,2000,0,9225,2486,2026-02-26
凱基汐止,142.0,0,1000,9226,2486,2026-02-26
凱基汐止,144.0,0,1000,9226,2486,2026-02-26
凱基城中,140.5,3000,5000,9227,2486,2026-02-26
凱基城中,142.5,5000,0,9227,2486,2026-02-26
凱基城中,145.5,0,5000,9227,2486,2026-02-26
凱基中山,140.0,2000,0,9229,2486,2026-02-26
凱基內埔,144.5,2000,0,9225,2486,2026-02-26
凱基新莊,141.5,2000,0,921S,2486,2026-02-26
凱基新莊,140.0,15000,0,921S,2486,2026-02-26
凱基八德,141.0,2000,1000,921M,2486,2026-02-26
凱基信義,144.5,0,81,9216,2486,2026-02-26
凱基松山,141.0,1000,5000,9217,2486,2026-02-26
凱基松山,143.5,5000,0,9217,2486,2026-02-26
凱基大直,140.0,0,2000,9218,2486,2026-02-26
凱基大直,145.0,0,1000,9218,2486,2026-02-26
凱基民權,142.5,0,1000,921C,2486,2026-02-26
凱基民權,146.0,1,1000,921C,2486,2026-02-26
凱基三峽,140.5,13000,0,921E,2486,2026-02-26
凱基三峽,142.0,0,1000,921E,2486,2026-02-26
凱基三峽,144.5,0,1000,921E,2486,2026-02-26
凱基五股,140.5,2000,0,921G,2486,2026-02-26
凱基五股,142.0,3000,50,921G,2486,2026-02-26
凱基五股,144.0,1000,0,921G,2486,2026-02-26
凱基土城,141.0,100,0,921J,2486,2026-02-26
凱基土城,143.0,2000,0,921J,2486,2026-02-26
凱基中山,141.0,2000,3000,9229,2486,2026-02-26
凱基中山,142.0,0,200,9229,2486,2026-02-26
凱基中山,143.5,2000,0,9229,2486,2026-02-26
凱基中山,144.5,1000,0,9229,2486,2026-02-26
凱基士林,141.5,0,1000,9238,2486,2026-02-26
凱基市政,140.5,3000,0,9239,2486,2026-02-26
凱基市政,141.5,2000,0,9239,2486,2026-02-26
凱基市政,143.0,2000,0,9239,2486,2026-02-26
凱基市政,144.5,0,6,9239,2486,2026-02-26
凱基市政,146.0,1,0,9239,2486,2026-02-26
凱基嘉義,141.0,2000,70,9252,2486,2026-02-26
凱基嘉義,147.0,0,5000,9252,2486,2026-02-26
凱基科園,141.5,1000,2000,9254,2486,2026-02-26
凱基和平,140.0,2000,0,9255,2486,2026-02-26
凱基和平,141.0,200,1000,9255,2486,2026-02-26
凱基南崁,140.5,8000,2000,9256,2486,2026-02-26
凱基南崁,141.5,4000,0,9256,2486,2026-02-26
凱基林口,139.5,1000,0,9257,2486,2026-02-26
凱基林口,140.5,3000,0,9257,2486,2026-02-26
凱基士林,140.5,4000,0,9238,2486,2026-02-26
凱基信義,140.0,0,8000,9216,2486,2026-02-26
凱基敦北,141.5,0,1000,9237,2486,2026-02-26
凱基虎尾,141.5,3000,0,9236,2486,2026-02-26
凱基中山,145.5,0,1000,9229,2486,2026-02-26
凱基屏東,141.0,2000,0,922C,2486,2026-02-26
凱基員林,140.5,2000,0,9231,2486,2026-02-26
凱基員林,141.5,200,0,9231,2486,2026-02-26
凱基員林,143.5,1000,0,9231,2486,2026-02-26
凱基長庚,140.5,6000,0,9233,2486,2026-02-26
凱基長庚,141.5,0,1100,9233,2486,2026-02-26
凱基長庚,143.0,2000,1000,9233,2486,2026-02-26
凱基長庚,144.5,2000,0,9233,2486,2026-02-26
凱基長庚,146.0,0,1000,9233,2486,2026-02-26
凱基竹北,141.5,0,2000,9234,2486,2026-02-26
凱基竹北,143.5,0,1000,9234,2486,2026-02-26
凱基竹北,146.0,0,360,9234,2486,2026-02-26
凱基永華,145.0,1000,0,9235,2486,2026-02-26
凱基虎尾,139.5,1000,0,9236,2486,2026-02-26
凱基虎尾,143.0,1000,1000,9236,2486,2026-02-26
永全,141.5,1000,1000,6450,2486,2026-02-26
光和嘉義,143.5,0,1000,638A,2486,2026-02-26
永全,142.0,1000,0,6450,2486,2026-02-26
元大台南,140.5,0,1000,9896,2486,2026-02-26
元大台南,141.5,3100,0,9896,2486,2026-02-26
元大台南,143.0,1000,1000,9896,2486,2026-02-26
元大台南,147.0,1000,0,9896,2486,2026-02-26
元大土城,141.5,200,0,9897,2486,2026-02-26
元大土城,143.0,0,1000,9897,2486,2026-02-26
元大台南,139.5,1000,0,9896,2486,2026-02-26
元大新莊,140.0,2100,0,9898,2486,2026-02-26
元大新莊,142.5,1000,0,9898,2486,2026-02-26
元大新莊,147.0,0,2000,9898,2486,2026-02-26
元大淡水,140.0,2000,2000,9899,2486,2026-02-26
元大淡水,141.0,3100,2000,9899,2486,2026-02-26
元大淡水,142.0,0,4000,9899,2486,2026-02-26
元大淡水,143.0,0,1000,9899,2486,2026-02-26
元大新莊,141.5,1100,30,9898,2486,2026-02-26
元大桃興,143.0,2000,0,9894,2486,2026-02-26
元大桃興,141.0,3000,0,9894,2486,2026-02-26
元大桃興,140.0,15000,0,9894,2486,2026-02-26
元大桃園,144.5,1000,0,988B,2486,2026-02-26
元大三重,140.0,100,0,988C,2486,2026-02-26
元大三重,141.5,1120,0,988C,2486,2026-02-26
元大長庚,139.5,1000,0,988V,2486,2026-02-26
元大長庚,141.0,0,1158,988V,2486,2026-02-26
元大長庚,142.0,0,1000,988V,2486,2026-02-26
元大長庚,146.0,0,142,988V,2486,2026-02-26
元大永和,141.5,200,0,9891,2486,2026-02-26
元大永和,143.5,1000,0,9891,2486,2026-02-26
元大屏東,140.0,0,11000,9892,2486,2026-02-26
元大屏東,141.0,1000,1000,9892,2486,2026-02-26
元大屏東,144.0,200,0,9892,2486,2026-02-26
元大屏東,147.0,1000,0,9892,2486,2026-02-26
元大大天,141.0,2100,0,9893,2486,2026-02-26
元大大天,142.0,1000,0,9893,2486,2026-02-26
元大淡水,144.0,1000,1000,9899,2486,2026-02-26
元大桃園,143.5,1000,0,988B,2486,2026-02-26
元大淡水,145.0,1000,0,9899,2486,2026-02-26
元大苑裡,141.5,1000,0,989a,2486,2026-02-26
元大北屯,145.5,0,1000,989d,2486,2026-02-26
元大北屯,146.5,1000,0,989d,2486,2026-02-26
元大左營,140.0,1000,0,989D,2486,2026-02-26
元大左營,141.5,2040,0,989D,2486,2026-02-26
元大左營,146.0,0,50,989D,2486,2026-02-26
元大中和,141.0,3000,1000,989e,2486,2026-02-26
元大北屯,144.5,1000,180,989d,2486,2026-02-26
元大中和,145.0,5000,0,989e,2486,2026-02-26
元大草屯,142.0,0,2000,989E,2486,2026-02-26
元大草屯,143.5,2000,0,989E,2486,2026-02-26
元大草屯,144.5,2000,5000,989E,2486,2026-02-26
元大東港,140.0,0,2000,989f,2486,2026-02-26
元大東港,141.0,10000,2000,989f,2486,2026-02-26
元大高雄,140.0,3000,0,989F,2486,2026-02-26
元大草屯,141.0,90,0,989E,2486,2026-02-26
元大北屯,143.5,6000,0,989d,2486,2026-02-26
元大北屯,142.0,1000,0,989d,2486,2026-02-26
元大北屯,140.5,2100,0,989d,2486,2026-02-26
元大苑裡,143.0,1000,0,989a,2486,2026-02-26
元大苑裡,146.5,0,50,989a,2486,2026-02-26
元大北投,140.5,1000,0,989A,2486,2026-02-26
元大北投,141.5,2000,0,989A,2486,2026-02-26
元大北投,143.0,1000,0,989A,2486,2026-02-26
元大中港,140.0,6000,0,989B,2486,2026-02-26
元大中港,141.0,13000,0,989B,2486,2026-02-26
元大中港,142.5,100,0,989B,2486,2026-02-26
元大中港,145.5,1000,0,989B,2486,2026-02-26
元大板橋,140.0,11000,0,989C,2486,2026-02-26
元大板橋,141.0,4000,1000,989C,2486,2026-02-26
元大板橋,142.0,1000,0,989C,2486,2026-02-26
元大板橋,144.0,0,2000,989C,2486,2026-02-26
元大板橋,145.0,1000,16000,989C,2486,2026-02-26
元大板橋,146.0,0,1000,989C,2486,2026-02-26
元大苑裡,140.5,1150,1000,989a,2486,2026-02-26
元大高雄,141.5,1000,0,989F,2486,2026-02-26
元大桃園,142.5,0,5000,988B,2486,2026-02-26
元大桃園,140.5,0,1000,988B,2486,2026-02-26
元大文心,141.5,300,1000,9868,2486,2026-02-26
元大文心,142.5,0,1000,9868,2486,2026-02-26
元大文心,144.0,1000,0,9868,2486,2026-02-26
元大文心,146.0,0,1200,9868,2486,2026-02-26
元大新盛,140.5,5000,0,9869,2486,2026-02-26
元大新盛,142.0,5,1000,9869,2486,2026-02-26
元大文心,140.5,3000,0,9868,2486,2026-02-26
元大新盛,143.0,1000,0,9869,2486,2026-02-26
元大基孝,143.5,1000,0,986K,2486,2026-02-26
元大忠孝,140.0,10000,0,9871,2486,2026-02-26
元大忠孝,141.0,18000,22000,9871,2486,2026-02-26
元大忠孝,142.0,15000,0,9871,2486,2026-02-26
元大忠孝,144.0,1000,0,9871,2486,2026-02-26
元大復北,140.0,1000,0,9872,2486,2026-02-26
元大基孝,141.0,0,1000,986K,2486,2026-02-26
元大民權,146.5,1000,0,9867,2486,2026-02-26
元大民權,143.5,6000,0,9867,2486,2026-02-26
元大民權,141.5,200,12000,9867,2486,2026-02-26
元大經國,146.0,1000,0,9859,2486,2026-02-26
元大經國,147.0,0,2000,9859,2486,2026-02-26
元大鳳中,140.5,1000,1000,985C,2486,2026-02-26
元大鳳中,141.5,1000,0,985C,2486,2026-02-26
元大鳳中,142.5,1000,0,985C,2486,2026-02-26
元大鳳中,143.5,2000,0,985C,2486,2026-02-26
元大岡山,140.5,1000,0,985F,2486,2026-02-26
元大南京,140.0,1000,0,9862,2486,2026-02-26
元大南京,141.0,50,1000,9862,2486,2026-02-26
元大南京,142.0,50,1000,9862,2486,2026-02-26
元大南京,144.0,2000,300,9862,2486,2026-02-26
元大和平,140.5,1000,0,9863,2486,2026-02-26
元大和平,144.0,1000,0,9863,2486,2026-02-26
元大和平,146.0,1000,0,9863,2486,2026-02-26
元大民權,140.5,0,1000,9867,2486,2026-02-26
元大復北,141.5,0,400,9872,2486,2026-02-26
元大桃園,141.5,0,20,988B,2486,2026-02-26
元大復北,143.5,0,2000,9872,2486,2026-02-26
元大復北,147.0,0,2000,9872,2486,2026-02-26
元大楊梅,141.5,2000,1000,987A,2486,2026-02-26
元大楊梅,142.5,3000,1000,987A,2486,2026-02-26
元大楊梅,145.0,1000,0,987A,2486,2026-02-26
元大斗信,139.5,1000,0,9884,2486,2026-02-26
元大斗信,140.5,3000,0,9884,2486,2026-02-26
元大斗信,141.5,8000,0,9884,2486,2026-02-26
元大楊梅,140.5,3000,0,987A,2486,2026-02-26
元大斗信,143.0,1000,0,9884,2486,2026-02-26
元大鑫永,142.0,0,1300,9888,2486,2026-02-26
元大員林,139.5,2000,0,9889,2486,2026-02-26
元大員林,141.0,2000,500,9889,2486,2026-02-26
元大員林,142.0,0,1000,9889,2486,2026-02-26
元大員林,143.0,2000,0,9889,2486,2026-02-26
元大員林,144.0,0,2000,9889,2486,2026-02-26
元大斗信,145.0,1000,0,9884,2486,2026-02-26
元大板三,145.0,1000,0,9879,2486,2026-02-26
元大板三,144.0,1000,0,9879,2486,2026-02-26
元大板三,143.0,1000,0,9879,2486,2026-02-26
元大雙和,140.5,2000,1000,9874,2486,2026-02-26
元大雙和,141.5,1200,0,9874,2486,2026-02-26
元大雙和,143.0,2000,3000,9874,2486,2026-02-26
元大雙和,144.5,2000,0,9874,2486,2026-02-26
元大永寧,139.5,0,1000,9875,2486,2026-02-26
元大永寧,140.5,2000,0,9875,2486,2026-02-26
元大永寧,142.0,1000,0,9875,2486,2026-02-26
元大永寧,143.0,0,3000,9875,2486,2026-02-26
元大永寧,144.5,0,1000,9875,2486,2026-02-26
元大永寧,146.0,0,12,9875,2486,2026-02-26
元大金華,139.5,6000,0,9878,2486,2026-02-26
元大金華,141.0,5000,0,9878,2486,2026-02-26
元大金華,144.5,1000,0,9878,2486,2026-02-26
元大板三,140.0,0,50,9879,2486,2026-02-26
元大板三,141.0,2112,0,9879,2486,2026-02-26
元大復北,145.5,3000,0,9872,2486,2026-02-26
元大高雄,144.0,1000,0,989F,2486,2026-02-26
元大高雄,145.0,0,3000,989F,2486,2026-02-26
元大嘉義,140.0,1000,50,989g,2486,2026-02-26
永豐萬盛,143.5,6000,0,9A92,2486,2026-02-26
永豐新竹,140.0,10000,1000,9A97,2486,2026-02-26
永豐新竹,141.5,2000,3000,9A97,2486,2026-02-26
永豐新竹,142.5,1000,0,9A97,2486,2026-02-26
永豐新竹,146.0,4,0,9A97,2486,2026-02-26
永豐大園,140.0,3000,0,9A98,2486,2026-02-26
永豐萬盛,141.5,10,0,9A92,2486,2026-02-26
永豐大園,141.0,1000,1000,9A98,2486,2026-02-26
永豐大園,143.0,1000,2000,9A98,2486,2026-02-26
永豐大園,144.0,1000,2000,9A98,2486,2026-02-26
永豐大園,145.0,0,1000,9A98,2486,2026-02-26
永豐中壢,140.0,4000,1000,9A99,2486,2026-02-26
永豐中壢,141.0,50,0,9A99,2486,2026-02-26
永豐中壢,142.0,2050,5000,9A99,2486,2026-02-26
永豐大園,142.0,1050,0,9A98,2486,2026-02-26
永豐萬盛,140.5,0,5000,9A92,2486,2026-02-26
永豐松山,146.0,0,200,9A91,2486,2026-02-26
永豐松山,145.0,11000,0,9A91,2486,2026-02-26
永豐屏東,144.0,0,2000,9A69,2486,2026-02-26
永豐埔里,139.5,2000,0,9A79,2486,2026-02-26
永豐埔里,141.0,1100,0,9A79,2486,2026-02-26
永豐埔里,142.5,3000,0,9A79,2486,2026-02-26
永豐敦北,141.5,6000,0,9A89,2486,2026-02-26
永豐敦北,144.5,1000,0,9A89,2486,2026-02-26
永豐敦南,140.0,0,3000,9A8F,2486,2026-02-26
永豐敦南,141.0,8000,7,9A8F,2486,2026-02-26
永豐敦南,142.0,1,0,9A8F,2486,2026-02-26
永豐敦南,143.0,20,0,9A8F,2486,2026-02-26
永豐敦南,144.5,1000,0,9A8F,2486,2026-02-26
永豐敦南,146.0,1000,2000,9A8F,2486,2026-02-26
永豐松山,140.5,2000,10000,9A91,2486,2026-02-26
永豐松山,141.5,7000,3000,9A91,2486,2026-02-26
永豐松山,143.0,0,37000,9A91,2486,2026-02-26
永豐中壢,143.0,1049,0,9A99,2486,2026-02-26
永豐屏東,143.0,2000,1000,9A69,2486,2026-02-26
永豐中壢,147.0,0,1000,9A99,2486,2026-02-26
永豐苓雅,141.5,5001,1000,9A9a,2486,2026-02-26
永豐古亭,140.5,70,0,9A9d,2486,2026-02-26
永豐古亭,141.5,4017,0,9A9d,2486,2026-02-26
永豐古亭,147.0,51000,0,9A9d,2486,2026-02-26
永豐忠孝,140.0,1000,0,9A9D,2486,2026-02-26
永豐忠孝,141.5,2000,0,9A9D,2486,2026-02-26
永豐忠孝,144.5,1000,0,9A9D,2486,2026-02-26
永豐員林,143.0,100,1000,9A9C,2486,2026-02-26
永豐高雄,141.0,4000,0,9A9e,2486,2026-02-26
永豐高雄,144.0,1000,1000,9A9e,2486,2026-02-26
永豐內湖,140.0,2000,1000,9A9g,2486,2026-02-26
永豐內湖,141.5,1000,0,9A9g,2486,2026-02-26
永豐內湖,142.5,0,1000,9A9g,2486,2026-02-26
永豐內湖,143.5,0,2000,9A9g,2486,2026-02-26
永豐天母,141.0,1020,0,9A9G,2486,2026-02-26
永豐高雄,142.5,5,5,9A9e,2486,2026-02-26
永豐永康,147.0,2000,0,9A9c,2486,2026-02-26
永豐永康,144.5,6000,0,9A9c,2486,2026-02-26
永豐永康,143.5,4000,1000,9A9c,2486,2026-02-26
永豐苓雅,142.5,0,3000,9A9a,2486,2026-02-26
永豐苓雅,143.5,3000,2000,9A9a,2486,2026-02-26
永豐苓雅,144.5,1000,0,9A9a,2486,2026-02-26
永豐苓雅,147.0,1000,0,9A9a,2486,2026-02-26
永豐羅東,140.5,2000,0,9A9A,2486,2026-02-26
永豐羅東,142.0,0,3000,9A9A,2486,2026-02-26
永豐虎尾,140.0,1000,0,9A9b,2486,2026-02-26
永豐虎尾,141.0,1000,0,9A9b,2486,2026-02-26
永豐虎尾,145.5,1000,0,9A9b,2486,2026-02-26
永豐中和,140.5,1000,0,9A9B,2486,2026-02-26
永豐中和,141.5,3000,0,9A9B,2486,2026-02-26
永豐中和,145.0,1000,2000,9A9B,2486,2026-02-26
永豐永康,140.0,4000,10000,9A9c,2486,2026-02-26
永豐永康,141.0,2000,9000,9A9c,2486,2026-02-26
永豐永康,142.0,1000,0,9A9c,2486,2026-02-26
永豐苓雅,140.5,0,3000,9A9a,2486,2026-02-26
永豐屏東,141.0,2000,0,9A69,2486,2026-02-26
永豐屏東,140.0,0,2000,9A69,2486,2026-02-26
永豐鳳山,144.0,1000,0,9A61,2486,2026-02-26
元大古亭,141.0,0,1000,989k,2486,2026-02-26
元大古亭,145.0,3000,0,989k,2486,2026-02-26
元大成功,140.5,7000,5000,989L,2486,2026-02-26
元大成功,142.0,68001,0,989L,2486,2026-02-26
元大成功,143.0,3000,0,989L,2486,2026-02-26
元大成功,145.5,0,2000,989L,2486,2026-02-26
元大彰生,143.5,1000,0,989J,2486,2026-02-26
元大信義,140.5,1000,0,989m,2486,2026-02-26
元大內湖,140.0,0,4,989N,2486,2026-02-26
元大內湖,142.0,4,0,989N,2486,2026-02-26
元大內湖,143.0,0,1000,989N,2486,2026-02-26
元大敦南,140.0,1000,0,989P,2486,2026-02-26
元大敦南,141.0,16000,10000,989P,2486,2026-02-26
元大敦南,142.0,0,10000,989P,2486,2026-02-26
元大信義,143.5,1000,0,989m,2486,2026-02-26
元大彰生,142.5,3010,0,989J,2486,2026-02-26
元大彰生,141.5,2000,0,989J,2486,2026-02-26
元大樹林,146.0,0,9,989j,2486,2026-02-26
元大嘉義,141.5,0,1000,989g,2486,2026-02-26
元大嘉義,143.0,0,13000,989g,2486,2026-02-26
元大嘉義,145.0,2000,1000,989g,2486,2026-02-26
元大大同,141.0,0,1160,989G,2486,2026-02-26
元大大同,143.0,0,2000,989G,2486,2026-02-26
元大大同,144.5,1000,0,989G,2486,2026-02-26
元大蘆中,140.0,9000,8000,989I,2486,2026-02-26
元大蘆中,141.0,1505,4000,989I,2486,2026-02-26
元大蘆中,142.0,3000,3000,989I,2486,2026-02-26
元大蘆中,143.5,1000,0,989I,2486,2026-02-26
元大蘆中,145.0,4000,1000,989I,2486,2026-02-26
元大樹林,140.0,1000,5000,989j,2486,2026-02-26
元大樹林,141.0,0,1000,989j,2486,2026-02-26
元大樹林,142.0,0,1,989j,2486,2026-02-26
元大樹林,143.5,2000,0,989j,2486,2026-02-26
元大敦南,143.0,3000,0,989P,2486,2026-02-26
元大敦南,144.0,2000,0,989P,2486,2026-02-26
元大汐止,140.0,1000,0,989Q,2486,2026-02-26
元大汐止,141.0,2000,1000,989Q,2486,2026-02-26
元大基隆,141.0,2000,0,989Y,2486,2026-02-26
元大基隆,143.0,1000,0,989Y,2486,2026-02-26
元大基隆,144.5,1000,0,989Y,2486,2026-02-26
元大小港,140.5,1000,5000,989Z,2486,2026-02-26
元大小港,145.0,1000,1000,989Z,2486,2026-02-26
永豐金,140.5,12060,5000,9A00,2486,2026-02-26
永豐金,141.5,7639,4101,9A00,2486,2026-02-26
永豐金,142.5,0,3000,9A00,2486,2026-02-26
永豐金,143.5,1000,20000,9A00,2486,2026-02-26
永豐金,144.5,6000,10,9A00,2486,2026-02-26
永豐金,146.0,700,1,9A00,2486,2026-02-26
永豐金,147.0,3000,1000,9A00,2486,2026-02-26
永豐鳳山,140.0,0,1000,9A61,2486,2026-02-26
永豐鳳山,141.0,5000,0,9A61,2486,2026-02-26
永豐鳳山,142.0,2000,5000,9A61,2486,2026-02-26
元大基隆,140.0,1000,6000,989Y,2486,2026-02-26
元大經國,145.0,0,3000,9859,2486,2026-02-26
元大三民,144.0,0,1000,989X,2486,2026-02-26
元大三民,140.5,0,2000,989X,2486,2026-02-26
元大汐止,142.5,2000,0,989Q,2486,2026-02-26
元大汐止,145.0,0,50,989Q,2486,2026-02-26
元大鹿港,141.0,0,400,989S,2486,2026-02-26
元大鹿港,142.0,0,1000,989S,2486,2026-02-26
元大大甲,141.0,1050,0,989U,2486,2026-02-26
元大北重,140.0,0,2000,989V,2486,2026-02-26
元大北重,141.0,1000,0,989V,2486,2026-02-26
元大北重,142.5,1000,1000,989V,2486,2026-02-26
元大站前,139.5,3000,0,989W,2486,2026-02-26
元大站前,140.5,2000,0,989W,2486,2026-02-26
元大站前,141.5,2000,0,989W,2486,2026-02-26
元大站前,142.5,1000,1000,989W,2486,2026-02-26
元大站前,144.0,1000,0,989W,2486,2026-02-26
元大站前,145.5,1000,0,989W,2486,2026-02-26
元大三民,139.5,1000,0,989X,2486,2026-02-26
元大三民,141.5,2000,0,989X,2486,2026-02-26
元大經國,142.5,2000,1160,9859,2486,2026-02-26
元大經國,141.5,1000,200,9859,2486,2026-02-26
元大經國,140.5,2000,10000,9859,2486,2026-02-26
元大福營,145.0,1000,7000,981F,2486,2026-02-26
元大大里,139.5,1000,0,981g,2486,2026-02-26
元大大里,140.5,40,0,981g,2486,2026-02-26
元大大里,141.5,1250,1000,981g,2486,2026-02-26
元大大里,142.5,1000,0,981g,2486,2026-02-26
元大大里,145.5,3000,0,981g,2486,2026-02-26
元大福營,143.0,2000,1000,981F,2486,2026-02-26
元大彰化,140.0,1000,0,981G,2486,2026-02-26
元大彰化,146.0,1,0,981G,2486,2026-02-26
元大屏生,143.0,1000,0,981h,2486,2026-02-26
元大西螺,140.5,1000,0,981i,2486,2026-02-26
元大西螺,142.5,0,1000,981i,2486,2026-02-26
元大天母,140.5,2000,5000,981I,2486,2026-02-26
元大天母,141.5,2000,0,981I,2486,2026-02-26
元大彰化,141.0,0,1000,981G,2486,2026-02-26
元大福營,142.0,6000,0,981F,2486,2026-02-26
元大福營,141.0,2000,1000,981F,2486,2026-02-26
元大福營,140.0,0,2000,981F,2486,2026-02-26
元大竹北,145.0,1000,0,981B,2486,2026-02-26
元大路竹,140.0,1000,0,981C,2486,2026-02-26
元大路竹,141.5,400,0,981C,2486,2026-02-26
元大路竹,143.5,5000,0,981C,2486,2026-02-26
元大南投,140.0,0,4000,981D,2486,2026-02-26
元大南投,141.5,0,5000,981D,2486,2026-02-26
元大南投,142.5,1000,0,981D,2486,2026-02-26
元大南投,143.5,5000,0,981D,2486,2026-02-26
元大南投,146.0,0,1000,981D,2486,2026-02-26
元大佳里,140.5,20000,1000,981e,2486,2026-02-26
元大佳里,141.5,3000,0,981e,2486,2026-02-26
元大佳里,143.5,1000,0,981e,2486,2026-02-26
元大佳里,144.5,1000,0,981e,2486,2026-02-26
元大發財,141.5,1000,0,981E,2486,2026-02-26
元大發財,143.0,1000,1000,981E,2486,2026-02-26
元大天母,144.0,500,0,981I,2486,2026-02-26
元大竹北,143.5,4000,0,981B,2486,2026-02-26
元大士林,140.0,2000,0,981j,2486,2026-02-26
元大士林,142.0,50,0,981j,2486,2026-02-26
元大太平,140.0,2000,0,981Q,2486,2026-02-26
元大太平,141.0,13000,6000,981Q,2486,2026-02-26
元大太平,142.5,1000,0,981Q,2486,2026-02-26
元大太平,143.5,3000,11000,981Q,2486,2026-02-26
元大太平,144.5,0,1000,981Q,2486,2026-02-26
元大太平,146.0,1000,1000,981Q,2486,2026-02-26
元大萬華,147.0,0,1000,981q,2486,2026-02-26
元大屏南,140.5,1000,0,981r,2486,2026-02-26
元大屏南,144.5,0,100,981r,2486,2026-02-26
元大屏南,146.0,1000,0,981r,2486,2026-02-26
元大竹山,141.0,1000,0,981R,2486,2026-02-26
元大竹山,142.0,145,0,981R,2486,2026-02-26
元大竹山,143.5,1000,0,981R,2486,2026-02-26
元大崇德,142.0,100,0,981S,2486,2026-02-26
元大屏南,141.5,2000,0,981r,2486,2026-02-26
元大萬華,140.0,1000,0,981q,2486,2026-02-26
元大松山,141.0,1020,0,981p,2486,2026-02-26
元大松山,140.0,2010,0,981p,2486,2026-02-26
元大士林,143.0,1000,0,981j,2486,2026-02-26
元大莒光,140.0,1000,0,981L,2486,2026-02-26
元大莒光,141.5,16,0,981L,2486,2026-02-26
元大莒光,146.5,1000,2000,981L,2486,2026-02-26
元大前金,141.0,1000,0,981m,2486,2026-02-26
元大前金,142.0,3000,6000,981m,2486,2026-02-26
元大苗栗,140.0,0,1000,981M,2486,2026-02-26
元大苗栗,141.0,2000,0,981M,2486,2026-02-26
元大苗栗,143.5,0,1000,981M,2486,2026-02-26
元大旗山,140.0,1000,2000,981n,2486,2026-02-26
元大旗山,141.0,1000,1000,981n,2486,2026-02-26
元大旗山,142.5,1000,0,981n,2486,2026-02-26
元大旗山,147.0,1000,0,981n,2486,2026-02-26
元大金門,141.0,600,0,981N,2486,2026-02-26
元大金門,144.5,1000,0,981N,2486,2026-02-26
元大士林,141.0,81,1000,981j,2486,2026-02-26
元大竹北,142.5,1000,0,981B,2486,2026-02-26
元大竹北,141.0,1000,1200,981B,2486,2026-02-26
元大三峽,146.5,1000,0,981A,2486,2026-02-26
元大台北,147.0,0,1000,980h,2486,2026-02-26
元大竹科,140.5,0,225,980K,2486,2026-02-26
元大竹科,141.5,0,333,980K,2486,2026-02-26
元大竹科,143.0,1000,0,980K,2486,2026-02-26
元大竹科,145.0,0,5000,980K,2486,2026-02-26
元大竹科,147.0,0,1000,980K,2486,2026-02-26
元大台北,144.5,0,1000,980h,2486,2026-02-26
元大虎尾,141.0,1000,3000,980l,2486,2026-02-26
元大南崁,141.0,1000,300,980Q,2486,2026-02-26
元大南崁,142.5,0,2000,980Q,2486,2026-02-26
元大南崁,145.0,0,1000,980Q,2486,2026-02-26
元大南海,145.0,0,1000,980R,2486,2026-02-26
元大府城,140.5,10000,0,980u,2486,2026-02-26
元大府城,141.5,1200,2,980u,2486,2026-02-26
元大虎尾,142.5,0,1000,980l,2486,2026-02-26
元大台北,141.5,100,1000,980h,2486,2026-02-26
元大台北,140.0,1000,0,980h,2486,2026-02-26
元大清水,143.0,2000,0,980e,2486,2026-02-26
元大松江,146.5,0,2000,9801,2486,2026-02-26
元大中北,140.5,1000,1000,980a,2486,2026-02-26
元大中北,142.0,200,0,980a,2486,2026-02-26
元大中北,145.0,2000,0,980a,2486,2026-02-26
元大斗六,141.0,0,500,980C,2486,2026-02-26
元大斗六,142.0,0,50,980C,2486,2026-02-26
元大斗六,144.5,1000,0,980C,2486,2026-02-26
元大斗六,146.0,0,499,980C,2486,2026-02-26
元大沙鹿,140.5,2000,1000,980d,2486,2026-02-26
元大沙鹿,141.5,2000,10,980d,2486,2026-02-26
元大沙鹿,142.5,1000,0,980d,2486,2026-02-26
元大沙鹿,144.5,0,1000,980d,2486,2026-02-26
元大北府,140.0,1000,0,980D,2486,2026-02-26
元大北府,146.5,0,1000,980D,2486,2026-02-26
元大清水,141.5,11000,0,980e,2486,2026-02-26
元大府城,142.5,1000,0,980u,2486,2026-02-26
元大府城,144.5,0,1000,980u,2486,2026-02-26
元大府城,146.5,0,1000,980u,2486,2026-02-26
元大西屯,140.5,1000,0,980w,2486,2026-02-26
元大新竹,143.5,1000,0,9816,2486,2026-02-26
元大新竹,144.5,1000,1000,9816,2486,2026-02-26
元大新竹,147.0,2000,0,9816,2486,2026-02-26
元大東泰,140.5,10,0,9817,2486,2026-02-26
元大東泰,141.5,2020,1000,9817,2486,2026-02-26
元大東泰,143.5,1000,0,9817,2486,2026-02-26
元大東泰,147.0,1000,0,9817,2486,2026-02-26
元大歸仁,140.5,0,6000,981a,2486,2026-02-26
元大歸仁,141.5,80,1000,981a,2486,2026-02-26
元大歸仁,142.5,0,2000,981a,2486,2026-02-26
元大歸仁,143.5,0,100,981a,2486,2026-02-26
元大歸仁,146.0,1000,0,981a,2486,2026-02-26
元大三峽,140.5,1000,0,981A,2486,2026-02-26
元大三峽,142.5,10000,0,981A,2486,2026-02-26
元大三峽,145.0,2000,0,981A,2486,2026-02-26
元大新竹,142.5,0,1000,9816,2486,2026-02-26
元大崇德,145.0,3000,0,981S,2486,2026-02-26
元大新竹,141.0,1200,0,9816,2486,2026-02-26
元大大灣,144.5,1,0,9815,2486,2026-02-26
元大西屯,141.5,4000,1000,980w,2486,2026-02-26
元大西屯,143.5,457,2000,980w,2486,2026-02-26
元大台中,140.5,0,2000,9812,2486,2026-02-26
元大台中,142.0,0,2000,9812,2486,2026-02-26
元大台中,143.0,1000,0,9812,2486,2026-02-26
元大台中,146.0,1000,0,9812,2486,2026-02-26
元大八德,141.0,0,2000,9813,2486,2026-02-26
元大八德,146.5,0,5000,9813,2486,2026-02-26
元大大益,140.0,1000,5000,9814,2486,2026-02-26
元大大益,141.0,6150,0,9814,2486,2026-02-26
元大大益,143.5,10,0,9814,2486,2026-02-26
元大大益,146.0,0,4000,9814,2486,2026-02-26
元大大灣,140.5,4051,0,9815,2486,2026-02-26
元大大灣,141.5,4002,1000,9815,2486,2026-02-26
元大大灣,143.0,2002,0,9815,2486,2026-02-26
元大新竹,140.0,1000,0,9816,2486,2026-02-26
永豐天母,142.0,150,0,9A9G,2486,2026-02-26
元大民雄,140.5,1000,1000,981V,2486,2026-02-26
元大民雄,145.0,0,3000,981V,2486,2026-02-26
元大竹南,142.5,100,0,983V,2486,2026-02-26
元大竹南,145.0,0,1000,983V,2486,2026-02-26
元大德芳,140.5,1000,1000,983W,2486,2026-02-26
元大德芳,141.5,2000,1000,983W,2486,2026-02-26
元大德芳,142.5,2000,2000,983W,2486,2026-02-26
元大德芳,143.5,1000,0,983W,2486,2026-02-26
元大竹南,141.5,200,0,983V,2486,2026-02-26
元大德芳,144.5,0,1000,983W,2486,2026-02-26
元大鳳山,140.5,1067,2000,983Z,2486,2026-02-26
元大鳳山,141.5,257,0,983Z,2486,2026-02-26
元大鳳山,143.0,100,500,983Z,2486,2026-02-26
元大鳳山,146.5,1000,0,983Z,2486,2026-02-26
元大大直,140.5,1000,0,9846,2486,2026-02-26
元大大直,141.5,1000,0,9846,2486,2026-02-26
元大德芳,145.5,1000,0,983W,2486,2026-02-26
元大頭份,144.5,0,1000,983U,2486,2026-02-26
元大頭份,143.0,10000,0,983U,2486,2026-02-26
元大頭份,141.5,600,0,983U,2486,2026-02-26
元大仁愛,139.5,1000,0,983j,2486,2026-02-26
元大仁愛,140.5,4000,1000,983j,2486,2026-02-26
元大仁愛,141.5,2000,0,983j,2486,2026-02-26
元大仁愛,142.5,6000,1000,983j,2486,2026-02-26
元大仁愛,143.5,1000,1000,983j,2486,2026-02-26
元大仁愛,146.5,0,1000,983j,2486,2026-02-26
元大學甲,141.0,10,0,983K,2486,2026-02-26
元大學甲,142.5,0,1000,983K,2486,2026-02-26
元大學甲,145.0,1000,0,983K,2486,2026-02-26
元大木柵,143.0,1000,0,983M,2486,2026-02-26
元大木柵,145.0,1000,0,983M,2486,2026-02-26
元大大安,140.5,6000,20,983N,2486,2026-02-26
元大大安,141.5,1000,0,983N,2486,2026-02-26
元大大安,143.5,1000,0,983N,2486,2026-02-26
元大頭份,140.5,5010,0,983U,2486,2026-02-26
元大大直,142.5,1000,0,9846,2486,2026-02-26
元大大雅,145.0,0,1000,983i,2486,2026-02-26
元大新中,141.0,100,0,984C,2486,2026-02-26
元大新中,143.0,1000,0,984C,2486,2026-02-26
元大花蓮,144.5,1000,1000,9856,2486,2026-02-26
元大花蓮,146.5,0,1000,9856,2486,2026-02-26
元大蘆洲,140.0,2045,3000,9857,2486,2026-02-26
元大蘆洲,141.0,6000,5000,9857,2486,2026-02-26
元大蘆洲,142.0,5000,2200,9857,2486,2026-02-26
元大蘆洲,143.0,2000,2000,9857,2486,2026-02-26
元大花蓮,142.5,1000,1000,9856,2486,2026-02-26
元大蘆洲,144.0,0,1000,9857,2486,2026-02-26
元大蘆洲,146.5,1000,1000,9857,2486,2026-02-26
元大龍潭,140.0,2000,4000,9858,2486,2026-02-26
元大龍潭,141.0,4000,1000,9858,2486,2026-02-26
元大龍潭,142.0,2000,0,9858,2486,2026-02-26
元大龍潭,144.0,3000,0,9858,2486,2026-02-26
元大龍潭,145.5,0,1000,9858,2486,2026-02-26
元大蘆洲,145.0,0,1000,9857,2486,2026-02-26
元大花蓮,141.5,100,0,9856,2486,2026-02-26
元大花蓮,140.5,2000,1000,9856,2486,2026-02-26
元大興安,144.5,0,2000,9854,2486,2026-02-26
元大新中,145.0,1000,0,984C,2486,2026-02-26
元大南勢,142.5,1000,0,984E,2486,2026-02-26
元大景美,142.0,0,1000,984H,2486,2026-02-26
元大館前,140.5,200,0,984K,2486,2026-02-26
元大館前,141.5,1000,1000,984K,2486,2026-02-26
元大館前,145.0,0,2000,984K,2486,2026-02-26
元大永春,141.5,50,300,9852,2486,2026-02-26
元大永春,142.5,0,65,9852,2486,2026-02-26
元大南屯,140.0,1000,0,9853,2486,2026-02-26
元大南屯,141.0,300,0,9853,2486,2026-02-26
元大南屯,142.0,300,6000,9853,2486,2026-02-26
元大南屯,146.5,0,1000,9853,2486,2026-02-26
元大興安,140.0,2000,0,9854,2486,2026-02-26
元大興安,141.0,1000,0,9854,2486,2026-02-26
元大興安,142.0,0,1000,9854,2486,2026-02-26
元大新中,142.0,10,0,984C,2486,2026-02-26
元大大雅,143.5,0,5000,983i,2486,2026-02-26
元大大雅,142.5,1000,0,983i,2486,2026-02-26
元大大雅,141.5,0,3000,983i,2486,2026-02-26
元大向上,145.5,0,1000,9824,2486,2026-02-26
元大新營,140.5,0,1000,9825,2486,2026-02-26
元大新營,141.5,0,400,9825,2486,2026-02-26
元大新營,143.0,0,10,9825,2486,2026-02-26
元大新營,145.0,1000,0,9825,2486,2026-02-26
元大永康,141.5,3000,0,9829,2486,2026-02-26
元大向上,143.0,1000,0,9824,2486,2026-02-26
元大羅東,140.0,0,1000,982A,2486,2026-02-26
元大博愛,142.0,1000,0,982B,2486,2026-02-26
元大博愛,143.0,8100,0,982B,2486,2026-02-26
元大博愛,144.0,200,2000,982B,2486,2026-02-26
元大博愛,145.0,1000,0,982B,2486,2026-02-26
元大六合,140.0,2000,0,982C,2486,2026-02-26
元大六合,141.0,2000,1000,982C,2486,2026-02-26
元大博愛,141.0,1150,1000,982B,2486,2026-02-26
元大向上,141.5,1000,0,9824,2486,2026-02-26
元大向上,140.5,2500,0,9824,2486,2026-02-26
元大學府,145.5,0,1000,9822,2486,2026-02-26
元大新生,141.0,7030,0,981X,2486,2026-02-26
元大新生,142.0,40,0,981X,2486,2026-02-26
元大善化,140.0,0,5000,981y,2486,2026-02-26
元大善化,141.0,8000,1000,981y,2486,2026-02-26
元大善化,142.0,9000,11000,981y,2486,2026-02-26
元大善化,143.0,13000,0,981y,2486,2026-02-26
元大善化,144.0,6000,1000,981y,2486,2026-02-26
元大善化,146.0,1000,204,981y,2486,2026-02-26
元大大統,141.0,6000,1000,981z,2486,2026-02-26
元大大統,142.0,0,1200,981z,2486,2026-02-26
元大大統,144.0,0,1000,981z,2486,2026-02-26
元大大統,146.5,0,1000,981z,2486,2026-02-26
元大潮州,140.5,2000,0,981Z,2486,2026-02-26
元大潮州,145.0,1000,0,981Z,2486,2026-02-26
元大學府,141.5,1000,0,9822,2486,2026-02-26
元大六合,142.0,1000,0,982C,2486,2026-02-26
元大六合,143.0,3000,0,982C,2486,2026-02-26
元大忠鼎,141.5,20040,0,982F,2486,2026-02-26
元大忠鼎,142.5,0,3000,982F,2486,2026-02-26
元大北港,143.0,3000,0,9837,2486,2026-02-26
元大北港,145.5,0,1000,9837,2486,2026-02-26
元大豐原,139.5,1000,0,9838,2486,2026-02-26
元大豐原,140.5,2000,2000,9838,2486,2026-02-26
元大豐原,141.5,2000,0,9838,2486,2026-02-26
元大豐原,143.0,4000,0,9838,2486,2026-02-26
元大豐原,144.5,2000,0,9838,2486,2026-02-26
元大豐原,145.5,4000,0,9838,2486,2026-02-26
元大豐原,147.5,1000,0,9838,2486,2026-02-26
元大竹東,140.0,1000,0,983f,2486,2026-02-26
元大竹東,141.5,2000,0,983f,2486,2026-02-26
元大上新,140.5,2100,0,983G,2486,2026-02-26
元大上新,142.5,1000,1000,983G,2486,2026-02-26
元大大雅,139.5,2000,2000,983i,2486,2026-02-26
元大大雅,140.5,11000,0,983i,2486,2026-02-26
元大北港,141.0,2230,0,9837,2486,2026-02-26
元大民雄,142.5,2000,1000,981V,2486,2026-02-26
元大北港,140.0,0,1000,9837,2486,2026-02-26
元大中山,142.5,4000,1000,9835,2486,2026-02-26
元大四維,140.5,2000,1000,9831,2486,2026-02-26
元大四維,141.5,0,1000,9831,2486,2026-02-26
元大四維,142.5,0,1000,9831,2486,2026-02-26
元大四維,144.5,0,1000,9831,2486,2026-02-26
元大敦化,140.5,1000,0,9833,2486,2026-02-26
元大敦化,141.5,0,5000,9833,2486,2026-02-26
元大敦化,143.0,1000,0,9833,2486,2026-02-26
元大中壢,139.5,0,4000,9834,2486,2026-02-26
元大中壢,140.5,4000,2000,9834,2486,2026-02-26
元大中壢,141.5,1200,9000,9834,2486,2026-02-26
元大中壢,142.5,0,2000,9834,2486,2026-02-26
元大中壢,143.5,3000,1000,9834,2486,2026-02-26
元大中壢,145.0,0,4000,9834,2486,2026-02-26
元大中山,140.5,3000,0,9835,2486,2026-02-26
元大中山,141.5,2000,0,9835,2486,2026-02-26
元大中山,143.5,2000,0,9835,2486,2026-02-26
永豐天母,146.0,1,0,9A9G,2486,2026-02-26
永豐台南,140.5,2020,1000,9A9h,2486,2026-02-26
永豐台南,141.5,1200,0,9A9h,2486,2026-02-26
第一台南,139.5,0,3000,5384,2486,2026-02-26
第一高雄,142.0,0,2000,5383,2486,2026-02-26
第一高雄,140.5,0,1000,5383,2486,2026-02-26
第一台中,144.5,1000,0,5382,2486,2026-02-26
第一台中,141.5,0,1200,5382,2486,2026-02-26
第一台中,140.0,1000,0,5382,2486,2026-02-26
第一台南,141.0,1504,2000,5384,2486,2026-02-26
第一員林,141.5,0,110,5381,2486,2026-02-26
第一金證,142.5,1000,0,5380,2486,2026-02-26
第一金證,141.0,2000,0,5380,2486,2026-02-26
高橋內壢,141.0,1030,0,5323,2486,2026-02-26
高橋中壢,145.0,0,1000,5322,2486,2026-02-26
高橋龍潭,142.5,1000,0,5321,2486,2026-02-26
高橋龍潭,140.5,5000,0,5321,2486,2026-02-26
第一金證,145.0,2000,0,5380,2486,2026-02-26
第一台南,144.5,2000,0,5384,2486,2026-02-26
第一桃園,140.0,8000,3000,5385,2486,2026-02-26
第一桃園,141.0,4000,0,5385,2486,2026-02-26
第一新竹,139.5,1000,0,538B,2486,2026-02-26
第一新興,142.0,100,100,538A,2486,2026-02-26
第一新興,141.0,1000,0,538A,2486,2026-02-26
第一新興,140.0,1000,0,538A,2486,2026-02-26
第一中山,142.0,1000,1000,5389,2486,2026-02-26
第一中山,140.5,25,0,5389,2486,2026-02-26
第一澎湖,147.0,0,1000,5387,2486,2026-02-26
第一澎湖,144.0,7000,0,5387,2486,2026-02-26
第一澎湖,141.0,10000,1000,5387,2486,2026-02-26
第一澎湖,140.0,1000,0,5387,2486,2026-02-26
第一彰化,143.0,1000,0,5386,2486,2026-02-26
第一彰化,141.0,0,1000,5386,2486,2026-02-26
第一桃園,145.5,2200,0,5385,2486,2026-02-26
第一桃園,144.5,4000,0,5385,2486,2026-02-26
第一桃園,142.5,1000,0,5385,2486,2026-02-26
高橋,145.0,0,3000,5320,2486,2026-02-26
第一新竹,140.5,1100,2000,538B,2486,2026-02-26
高橋,143.5,0,2000,5320,2486,2026-02-26
高橋,140.0,4000,1000,5320,2486,2026-02-26
大展台南,142.0,1000,0,5058,2486,2026-02-26
大展台南,140.5,0,1000,5058,2486,2026-02-26
大展,142.5,0,10000,5050,2486,2026-02-26
大展,141.5,100,2000,5050,2486,2026-02-26
大展,140.0,20000,0,5050,2486,2026-02-26
亞東台南,146.0,2100,0,2185,2486,2026-02-26
美好,140.0,0,1000,5260,2486,2026-02-26
亞東新竹,143.5,10000,0,2184,2486,2026-02-26
亞東板橋,141.5,32000,0,2181,2486,2026-02-26
亞東板橋,140.0,1000,0,2181,2486,2026-02-26
亞東,143.0,2000,0,2180,2486,2026-02-26
亞東,140.0,0,3000,2180,2486,2026-02-26
瑞銀,146.5,0,14000,1650,2486,2026-02-26
瑞銀,145.0,0,19000,1650,2486,2026-02-26
亞東新竹,142.0,5000,0,2184,2486,2026-02-26
美好蘆洲,140.0,1000,0,5261,2486,2026-02-26
美好蘆洲,141.0,2000,1000,5261,2486,2026-02-26
美好蘆洲,142.0,1050,1000,5261,2486,2026-02-26
美好市政,141.5,1000,0,526M,2486,2026-02-26
美好富順,145.0,1000,0,526K,2486,2026-02-26
美好富順,141.0,0,1000,526K,2486,2026-02-26
美好台南,144.5,0,1000,5268,2486,2026-02-26
美好基隆,140.5,1000,0,5267,2486,2026-02-26
美好中壢,140.0,0,1000,5266,2486,2026-02-26
美好泰山,145.0,1000,0,5263,2486,2026-02-26
美好泰山,140.5,100,0,5263,2486,2026-02-26
美好楊梅,146.5,0,1000,5262,2486,2026-02-26
美好楊梅,142.0,1000,0,5262,2486,2026-02-26
美好楊梅,141.0,1000,0,5262,2486,2026-02-26
美好楊梅,140.0,2000,0,5262,2486,2026-02-26
美好蘆洲,145.5,0,2000,5261,2486,2026-02-26
美好蘆洲,144.0,0,1000,5261,2486,2026-02-26
美好蘆洲,143.0,2000,10,5261,2486,2026-02-26
高橋,141.5,6000,0,5320,2486,2026-02-26
第一新竹,141.5,1000,0,538B,2486,2026-02-26
第一新竹,143.0,200,0,538B,2486,2026-02-26
第一新竹,144.5,1000,0,538B,2486,2026-02-26
統一台南,140.0,1000,0,5855,2486,2026-02-26
統一城中,144.5,0,10000,5854,2486,2026-02-26
統一城中,143.5,0,13000,5854,2486,2026-02-26
統一城中,142.0,0,1000,5854,2486,2026-02-26
統一中壢,143.5,0,1000,5853,2486,2026-02-26
統一中壢,142.0,0,1000,5853,2486,2026-02-26
統一台南,142.0,0,1000,5855,2486,2026-02-26
統一中壢,140.0,4000,0,5853,2486,2026-02-26
統一敦南,140.5,12000,12000,5852,2486,2026-02-26
統一高雄,142.0,0,1000,5851,2486,2026-02-26
統一高雄,140.5,1000,1000,5851,2486,2026-02-26
統一,146.5,2000,1000,5850,2486,2026-02-26
統一,145.5,2000,3000,5850,2486,2026-02-26
統一,144.5,4000,18000,5850,2486,2026-02-26
統一敦南,143.0,1000,1000,5852,2486,2026-02-26
統一台南,144.5,2000,0,5855,2486,2026-02-26
統一台南,146.0,1000,0,5855,2486,2026-02-26
統一台中,140.5,1000,0,5856,2486,2026-02-26
統一基隆,140.0,5000,3000,585A,2486,2026-02-26
統一屏東,143.0,1000,0,5859,2486,2026-02-26
統一屏東,142.0,1007,0,5859,2486,2026-02-26
統一屏東,141.0,4000,0,5859,2486,2026-02-26
統一嘉義,143.0,1000,2000,5858,2486,2026-02-26
統一嘉義,141.5,2000,0,5858,2486,2026-02-26
統一嘉義,140.5,1000,0,5858,2486,2026-02-26
統一新竹,145.0,1000,2000,5857,2486,2026-02-26
統一新竹,142.0,5000,1000,5857,2486,2026-02-26
統一新竹,141.0,6000,10000,5857,2486,2026-02-26
統一新竹,140.0,1000,0,5857,2486,2026-02-26
統一台中,145.0,0,1000,5856,2486,2026-02-26
統一台中,144.0,1000,0,5856,2486,2026-02-26
統一台中,142.5,3000,2000,5856,2486,2026-02-26
統一台中,141.5,3100,3000,5856,2486,2026-02-26
統一,143.0,1000,5000,5850,2486,2026-02-26
統一,142.0,1000,3000,5850,2486,2026-02-26
統一,141.0,4000,11000,5850,2486,2026-02-26
統一,140.0,36000,0,5850,2486,2026-02-26
第一豐原,143.0,1000,2000,538N,2486,2026-02-26
第一豐原,141.0,1000,0,538N,2486,2026-02-26
第一嘉義,141.5,0,10,538M,2486,2026-02-26
第一安和,144.5,2000,0,538j,2486,2026-02-26
第一安和,142.0,2100,0,538j,2486,2026-02-26
第一安和,140.5,3000,0,538j,2486,2026-02-26
第一頭份,147.0,0,5000,538I,2486,2026-02-26
第一頭份,140.5,1000,0,538I,2486,2026-02-26
第一稻埕,142.5,0,1000,538F,2486,2026-02-26
第一稻埕,140.5,3000,1000,538F,2486,2026-02-26
第一稻埕,139.5,1000,0,538F,2486,2026-02-26
第一自由,141.0,4000,0,538E,2486,2026-02-26
第一忠孝,140.5,1000,0,538D,2486,2026-02-26
第一光復,143.0,0,1000,538C,2486,2026-02-26
第一新竹,145.5,0,1000,538B,2486,2026-02-26
第一路竹,140.0,200,1000,538P,2486,2026-02-26
瑞銀,144.0,0,10000,1650,2486,2026-02-26
第一路竹,141.0,100,4000,538P,2486,2026-02-26
第一路竹,144.5,1000,0,538P,2486,2026-02-26
日進,144.0,10,0,5660,2486,2026-02-26
日進,140.0,3010,0,5660,2486,2026-02-26
永興大墩,144.5,22,0,5604,2486,2026-02-26
永興大墩,141.5,300,0,5604,2486,2026-02-26
永興水湳,141.5,1000,0,5602,2486,2026-02-26
第一中壢,146.0,240,0,538Y,2486,2026-02-26
第一中壢,144.5,1000,0,538Y,2486,2026-02-26
第一中壢,143.0,1002,2000,538Y,2486,2026-02-26
第一中壢,141.5,1002,0,538Y,2486,2026-02-26
第一華江,146.0,1000,0,538W,2486,2026-02-26
第一華江,143.5,1000,2000,538W,2486,2026-02-26
第一華江,142.5,0,5000,538W,2486,2026-02-26
第一華江,141.5,3400,1000,538W,2486,2026-02-26
第一華江,140.5,5035,0,538W,2486,2026-02-26
第一華江,139.0,0,1000,538W,2486,2026-02-26
第一路竹,142.0,3020,0,538P,2486,2026-02-26
統一基隆,141.0,1000,10000,585A,2486,2026-02-26
瑞銀,142.5,4000,45000,1650,2486,2026-02-26
瑞銀,140.5,15000,19000,1650,2486,2026-02-26
土銀士林,142.5,1000,0,1039,2486,2026-02-26
土銀玉里,144.0,1000,0,1036,2486,2026-02-26
土銀新竹,141.5,1000,0,1035,2486,2026-02-26
土銀嘉義,141.0,1000,0,1034,2486,2026-02-26
土銀台南,144.0,0,1000,1032,2486,2026-02-26
土銀台中,143.0,100,0,1031,2486,2026-02-26
土銀南港,140.0,1000,0,103F,2486,2026-02-26
土銀,144.0,0,2000,1030,2486,2026-02-26
土銀,141.5,0,4000,1030,2486,2026-02-26
土銀,140.0,2000,0,1030,2486,2026-02-26
合庫三重,146.0,0,2000,102G,2486,2026-02-26
合庫三重,143.0,1000,0,102G,2486,2026-02-26
合庫三重,140.5,3000,0,102G,2486,2026-02-26
合庫西台,143.0,1000,0,102F,2486,2026-02-26
土銀,143.0,0,1000,1030,2486,2026-02-26
土銀南港,141.5,1000,0,103F,2486,2026-02-26
臺銀,140.5,0,2000,1040,2486,2026-02-26
臺銀,141.5,0,1000,1040,2486,2026-02-26
臺銀臺中,140.0,0,1000,104A,2486,2026-02-26
臺銀新竹,145.5,0,1000,1045,2486,2026-02-26
臺銀新竹,144.0,3000,0,1045,2486,2026-02-26
臺銀新竹,142.0,1000,0,1045,2486,2026-02-26
臺銀新竹,141.0,1000,0,1045,2486,2026-02-26
臺銀民權,146.5,1000,0,1043,2486,2026-02-26
臺銀民權,144.5,0,1000,1043,2486,2026-02-26
臺銀民權,141.0,3000,1000,1043,2486,2026-02-26
臺銀臺南,145.0,1000,0,1042,2486,2026-02-26
臺銀臺南,142.5,140,0,1042,2486,2026-02-26
臺銀臺南,141.5,1090,0,1042,2486,2026-02-26
臺銀臺南,140.5,1000,0,1042,2486,2026-02-26
臺銀,147.0,1000,0,1040,2486,2026-02-26
臺銀,144.0,2000,0,1040,2486,2026-02-26
臺銀,143.0,0,142,1040,2486,2026-02-26
合庫西台,142.0,1000,0,102F,2486,2026-02-26
臺銀臺中,141.0,5000,3000,104A,2486,2026-02-26
合庫西台,141.0,2000,0,102F,2486,2026-02-26
合庫桃園,144.0,1000,0,102E,2486,2026-02-26
合庫高雄,145.0,1000,1000,1023,2486,2026-02-26
合庫高雄,144.0,2000,0,1023,2486,2026-02-26
合庫高雄,143.0,0,2000,1023,2486,2026-02-26
合庫高雄,141.5,3000,5000,1023,2486,2026-02-26
合庫高雄,140.5,1000,2000,1023,2486,2026-02-26
合庫高雄,139.5,2000,0,1023,2486,2026-02-26
合庫嘉義,140.5,0,1000,1024,2486,2026-02-26
合庫台南,143.5,0,1000,1022,2486,2026-02-26
合庫台中,143.5,1000,0,1021,2486,2026-02-26
合庫台中,142.0,50,1000,1021,2486,2026-02-26
合庫台中,141.0,3000,1000,1021,2486,2026-02-26
合庫,144.0,0,1000,1020,2486,2026-02-26
合庫,142.0,0,6000,1020,2486,2026-02-26
合庫,140.5,3100,6000,1020,2486,2026-02-26
合庫台南,140.5,1000,0,1022,2486,2026-02-26
合庫嘉義,143.0,1000,0,1024,2486,2026-02-26
合庫基隆,140.0,1000,0,1025,2486,2026-02-26
合庫彰化,140.5,2000,0,1028,2486,2026-02-26
合庫桃園,143.0,0,21000,102E,2486,2026-02-26
合庫桃園,141.5,2000,24000,102E,2486,2026-02-26
合庫桃園,140.5,2000,1000,102E,2486,2026-02-26
合庫桃園,139.5,30000,0,102E,2486,2026-02-26
合庫自強,143.0,2000,1000,102C,2486,2026-02-26
合庫自強,141.0,0,3000,102C,2486,2026-02-26
合庫新竹,145.5,1000,1000,102A,2486,2026-02-26
合庫新竹,144.0,0,1000,102A,2486,2026-02-26
合庫新竹,143.0,2000,0,102A,2486,2026-02-26
合庫新竹,142.0,5000,0,102A,2486,2026-02-26
合庫新竹,140.0,3000,6000,102A,2486,2026-02-26
合庫鳳山,143.0,2000,0,1029,2486,2026-02-26
合庫鳳山,141.5,3000,0,1029,2486,2026-02-26
合庫彰化,145.0,4000,0,1028,2486,2026-02-26
合庫彰化,141.5,0,2000,1028,2486,2026-02-26
合庫西台,140.0,14000,0,102F,2486,2026-02-26
臺銀臺中,142.0,0,9000,104A,2486,2026-02-26
臺銀高雄,140.5,3200,1001,104C,2486,2026-02-26
臺銀高雄,141.5,101,0,104C,2486,2026-02-26
台灣摩根,140.0,1000,22000,1470,2486,2026-02-26
美林,147.0,0,2000,1440,2486,2026-02-26
美林,146.0,0,8000,1440,2486,2026-02-26
美林,145.0,0,15000,1440,2486,2026-02-26
美林,144.0,0,64000,1440,2486,2026-02-26
美林,143.0,27000,2000,1440,2486,2026-02-26
台灣摩根,141.0,47000,83000,1470,2486,2026-02-26
美林,142.0,0,12000,1440,2486,2026-02-26
美林,140.0,12000,32000,1440,2486,2026-02-26
宏遠新化,143.0,1000,1000,126X,2486,2026-02-26
宏遠新化,140.5,0,1000,126X,2486,2026-02-26
宏遠館前,143.0,0,2000,126U,2486,2026-02-26
宏遠台中,141.0,0,100,126L,2486,2026-02-26
宏遠台中,140.0,0,1000,126L,2486,2026-02-26
美林,141.0,27000,26000,1440,2486,2026-02-26
台灣摩根,142.0,3000,215000,1470,2486,2026-02-26
台灣摩根,143.0,11000,4000,1470,2486,2026-02-26
台灣摩根,144.0,9000,14000,1470,2486,2026-02-26
瑞銀,139.5,0,14000,1650,2486,2026-02-26
花旗環球,143.0,1000,0,1590,2486,2026-02-26
花旗環球,140.5,5000,0,1590,2486,2026-02-26
港商野村,144.0,0,10000,1560,2486,2026-02-26
港商野村,142.5,0,11000,1560,2486,2026-02-26
港商野村,141.5,0,3000,1560,2486,2026-02-26
港商野村,140.5,8000,251000,1560,2486,2026-02-26
港商野村,139.5,3000,0,1560,2486,2026-02-26
美商高盛,144.5,35000,2000,1480,2486,2026-02-26
美商高盛,143.5,0,4000,1480,2486,2026-02-26
美商高盛,142.5,12000,3000,1480,2486,2026-02-26
美商高盛,141.5,67000,39000,1480,2486,2026-02-26
美商高盛,140.5,33000,151000,1480,2486,2026-02-26
美商高盛,139.5,0,7000,1480,2486,2026-02-26
台灣摩根,145.0,4000,12000,1470,2486,2026-02-26
宏遠光隆,146.0,0,1000,126i,2486,2026-02-26
宏遠光隆,143.0,1030,0,126i,2486,2026-02-26
宏遠光隆,141.0,3000,0,126i,2486,2026-02-26
宏遠光隆,140.0,2000,1000,126i,2486,2026-02-26
企銀岡山,141.0,0,1000,1119,2486,2026-02-26
企銀竹北,143.0,1000,0,1117,2486,2026-02-26
企銀太平,143.5,3000,0,1115,2486,2026-02-26
企銀太平,141.0,0,1000,1115,2486,2026-02-26
企銀嘉義,142.5,1,0,1114,2486,2026-02-26
企銀嘉義,140.5,1000,0,1114,2486,2026-02-26
企銀台南,141.5,3000,0,1112,2486,2026-02-26
企銀台中,141.5,0,1000,1111,2486,2026-02-26
企銀,142.0,1000,1000,1110,2486,2026-02-26
企銀,140.5,3500,1000,1110,2486,2026-02-26
臺銀金山,144.5,1000,0,104D,2486,2026-02-26
臺銀金山,142.5,1000,0,104D,2486,2026-02-26
臺銀金山,140.0,10000,0,104D,2486,2026-02-26
臺銀高雄,143.5,1000,0,104C,2486,2026-02-26
臺銀高雄,142.5,0,1000,104C,2486,2026-02-26
台企建成,140.5,1000,0,111B,2486,2026-02-26
瑞銀,141.5,1000,26000,1650,2486,2026-02-26
台企建成,142.5,1000,0,111B,2486,2026-02-26
彰銀,140.0,1000,0,1230,2486,2026-02-26
宏遠中和,141.0,0,2000,126H,2486,2026-02-26
宏遠台南,147.0,1000,0,126D,2486,2026-02-26
宏遠台南,145.0,1000,1000,126D,2486,2026-02-26
宏遠台南,141.5,3000,0,126D,2486,2026-02-26
宏遠桃園,145.0,10000,0,1262,2486,2026-02-26
宏遠桃園,143.5,5000,0,1262,2486,2026-02-26
宏遠桃園,142.5,10000,500,1262,2486,2026-02-26
宏遠桃園,141.5,2000,0,1262,2486,2026-02-26
宏遠民生,140.5,0,4000,1261,2486,2026-02-26
宏遠,143.0,0,1000,1260,2486,2026-02-26
宏遠,142.0,100,0,1260,2486,2026-02-26
彰銀台中,141.0,2000,0,1233,2486,2026-02-26
彰銀七賢,144.5,1000,0,1232,2486,2026-02-26
彰銀七賢,141.0,1000,0,1232,2486,2026-02-26
彰銀,142.0,100,200,1230,2486,2026-02-26
企銀桃園,140.5,1000,0,111E,2486,2026-02-26
元大松江,144.0,0,2000,9801,2486,2026-02-26
統一基隆,142.0,1000,0,585A,2486,2026-02-26
統一內湖,140.0,0,2000,585b,2486,2026-02-26
元富台南,141.5,1008,0,9B29,2486,2026-02-26
元富台南,142.5,1000,0,9B29,2486,2026-02-26
元富台南,143.5,1000,0,9B29,2486,2026-02-26
元富台南,145.5,0,2000,9B29,2486,2026-02-26
元富松德,140.5,1210,516,9B2a,2486,2026-02-26
元富松德,141.5,0,669,9B2a,2486,2026-02-26
元富台南,140.5,0,1000,9B29,2486,2026-02-26
元富松德,142.5,866,1536,9B2a,2486,2026-02-26
元富松德,146.0,6984,250,9B2a,2486,2026-02-26
元富緯城,141.5,1000,0,9B2A,2486,2026-02-26
元富板橋,140.0,6000,0,9B2b,2486,2026-02-26
元富板橋,141.0,2010,1,9B2b,2486,2026-02-26
元富板橋,142.0,1013,2000,9B2b,2486,2026-02-26
元富板橋,143.0,1,1000,9B2b,2486,2026-02-26
元富松德,143.5,0,1000,9B2a,2486,2026-02-26
元富新莊,141.0,0,1000,9B28,2486,2026-02-26
元富林園,145.0,0,2000,9B27,2486,2026-02-26
元富林園,143.0,3000,3000,9B27,2486,2026-02-26
元富證券,142.0,2000,0,9B00,2486,2026-02-26
元富證券,146.0,0,2000,9B00,2486,2026-02-26
元富高雄,140.5,1000,0,9B21,2486,2026-02-26
元富高雄,141.5,0,100,9B21,2486,2026-02-26
元富高雄,143.0,2000,0,9B21,2486,2026-02-26
元富高雄,144.5,0,1000,9B21,2486,2026-02-26
元富新店,143.0,1000,0,9B22,2486,2026-02-26
元富三重,140.5,1000,0,9B23,2486,2026-02-26
元富三重,141.5,1000,0,9B23,2486,2026-02-26
元富三重,146.5,1000,0,9B23,2486,2026-02-26
元富台中,140.5,0,1000,9B25,2486,2026-02-26
元富台中,142.0,0,2000,9B25,2486,2026-02-26
元富台中,144.0,0,1000,9B25,2486,2026-02-26
元富林園,140.0,1000,0,9B27,2486,2026-02-26
元富林園,141.0,0,1000,9B27,2486,2026-02-26
元富板橋,144.0,0,5000,9B2b,2486,2026-02-26
元富證券,140.0,200,0,9B00,2486,2026-02-26
元富永和,140.0,1000,0,9B2B,2486,2026-02-26
元富烏日,141.0,1000,0,9B2c,2486,2026-02-26
元富嘉義,141.0,23000,0,9B2I,2486,2026-02-26
元富嘉義,142.0,1000,0,9B2I,2486,2026-02-26
元富嘉義,143.0,10000,0,9B2I,2486,2026-02-26
元富大裕,140.0,2000,4000,9B2l,2486,2026-02-26
元富大裕,141.0,3000,0,9B2l,2486,2026-02-26
元富大裕,142.5,1000,1000,9B2l,2486,2026-02-26
元富嘉義,140.0,2000,47000,9B2I,2486,2026-02-26
元富大裕,143.5,1000,0,9B2l,2486,2026-02-26
元富大裕,147.0,0,1000,9B2l,2486,2026-02-26
元富中壢,146.0,0,3000,9B2L,2486,2026-02-26
元富成功,140.5,5018,1000,9B2m,2486,2026-02-26
元富成功,141.5,0,3000,9B2m,2486,2026-02-26
元富成功,142.5,1000,0,9B2m,2486,2026-02-26
元富成功,145.0,0,3000,9B2m,2486,2026-02-26
元富大裕,145.0,1000,2000,9B2l,2486,2026-02-26
元富中港,146.0,0,1000,9B2i,2486,2026-02-26
元富中港,143.0,5000,0,9B2i,2486,2026-02-26
元富中港,141.0,2000,2000,9B2i,2486,2026-02-26
元富烏日,142.5,100,0,9B2c,2486,2026-02-26
元富潮州,140.0,1000,0,9B2C,2486,2026-02-26
元富潮州,142.5,0,1000,9B2C,2486,2026-02-26
元富潮州,145.0,1000,0,9B2C,2486,2026-02-26
元富大昌,141.0,1,0,9B2D,2486,2026-02-26
元富城中,140.0,4050,0,9B2E,2486,2026-02-26
元富城中,142.0,0,1000,9B2E,2486,2026-02-26
元富城中,143.0,2000,1000,9B2E,2486,2026-02-26
元富中原,140.5,1000,0,9B2g,2486,2026-02-26
元富中原,141.5,1000,0,9B2g,2486,2026-02-26
元富中原,145.0,1000,0,9B2g,2486,2026-02-26
元富新竹,141.5,0,50,9B2G,2486,2026-02-26
元富新竹,146.0,0,172,9B2G,2486,2026-02-26
元富信義,140.0,0,28000,9B2H,2486,2026-02-26
元富信義,142.0,28000,200,9B2H,2486,2026-02-26
元富永和,141.0,0,1000,9B2B,2486,2026-02-26
永豐復興,144.0,1000,0,9A9Z,2486,2026-02-26
永豐復興,142.5,1000,0,9A9Z,2486,2026-02-26
永豐復興,141.5,1000,0,9A9Z,2486,2026-02-26
永豐三重,141.0,4000,0,9A9K,2486,2026-02-26
永豐三重,142.0,1000,2000,9A9K,2486,2026-02-26
永豐三重,144.5,0,1000,9A9K,2486,2026-02-26
永豐台中,140.0,3000,7000,9A9L,2486,2026-02-26
永豐台中,141.0,2000,1000,9A9L,2486,2026-02-26
永豐台中,143.0,1000,5000,9A9L,2486,2026-02-26
永豐板新,147.0,0,1000,9A9J,2486,2026-02-26
永豐台中,145.0,0,1000,9A9L,2486,2026-02-26
永豐南投,141.5,1000,0,9A9M,2486,2026-02-26
永豐南投,143.0,0,35,9A9M,2486,2026-02-26
永豐桃盛,141.0,200,1000,9A9N,2486,2026-02-26
永豐桃盛,142.0,0,4000,9A9N,2486,2026-02-26
永豐桃盛,143.0,2000,0,9A9N,2486,2026-02-26
永豐竹北,140.5,2000,0,9A9P,2486,2026-02-26
永豐南投,140.5,2000,0,9A9M,2486,2026-02-26
永豐板新,145.5,1000,0,9A9J,2486,2026-02-26
永豐板新,144.5,0,2000,9A9J,2486,2026-02-26
永豐板新,143.5,0,2000,9A9J,2486,2026-02-26
永豐台南,143.0,10000,0,9A9h,2486,2026-02-26
永豐台南,144.5,5000,0,9A9h,2486,2026-02-26
永豐新莊,140.0,1000,0,9A9H,2486,2026-02-26
永豐新莊,141.0,1000,0,9A9H,2486,2026-02-26
永豐新莊,142.5,0,1000,9A9H,2486,2026-02-26
永豐新莊,143.5,0,1000,9A9H,2486,2026-02-26
永豐新店,140.0,1000,0,9A9i,2486,2026-02-26
永豐新店,145.0,11000,0,9A9i,2486,2026-02-26
永豐嘉義,140.5,1000,0,9A9j,2486,2026-02-26
永豐嘉義,142.0,1000,1010,9A9j,2486,2026-02-26
永豐嘉義,144.5,0,2000,9A9j,2486,2026-02-26
永豐板新,139.5,0,5000,9A9J,2486,2026-02-26
永豐板新,140.5,15148,5000,9A9J,2486,2026-02-26
永豐板新,141.5,1000,3000,9A9J,2486,2026-02-26
永豐板新,142.5,1300,2000,9A9J,2486,2026-02-26
永豐竹北,141.5,1000,0,9A9P,2486,2026-02-26
永豐竹北,145.0,0,2000,9A9P,2486,2026-02-26
永豐潮州,147.0,0,3000,9A9q,2486,2026-02-26
永豐豐原,140.5,0,2000,9A9Q,2486,2026-02-26
永豐桃園,140.0,2000,0,9A9x,2486,2026-02-26
永豐桃園,141.0,4000,3000,9A9x,2486,2026-02-26
永豐桃園,142.5,0,5000,9A9x,2486,2026-02-26
永豐桃園,143.5,150,0,9A9x,2486,2026-02-26
永豐桃園,145.0,2000,0,9A9x,2486,2026-02-26
永豐竹科,140.0,500,0,9A9X,2486,2026-02-26
永豐竹科,141.0,5100,1000,9A9X,2486,2026-02-26
永豐竹科,142.0,0,1100,9A9X,2486,2026-02-26
永豐竹科,144.0,0,1000,9A9X,2486,2026-02-26
永豐竹科,146.0,0,400,9A9X,2486,2026-02-26
永豐板盛,140.0,2000,0,9A9Y,2486,2026-02-26
永豐板盛,141.5,0,1000,9A9Y,2486,2026-02-26
永豐板盛,143.0,0,2000,9A9Y,2486,2026-02-26
永豐板盛,144.5,1000,0,9A9Y,2486,2026-02-26
永豐復興,140.0,4000,0,9A9Z,2486,2026-02-26
永豐市政,146.0,1,0,9A9W,2486,2026-02-26
元富彰化,141.0,1000,0,9B2M,2486,2026-02-26
永豐市政,144.5,3000,0,9A9W,2486,2026-02-26
永豐市政,141.5,180,1000,9A9W,2486,2026-02-26
永豐豐原,141.5,3000,1000,9A9Q,2486,2026-02-26
永豐豐原,143.0,1000,0,9A9Q,2486,2026-02-26
永豐豐原,144.5,1000,0,9A9Q,2486,2026-02-26
永豐北高,141.5,1,0,9A9r,2486,2026-02-26
永豐彰化,140.0,1000,1000,9A9s,2486,2026-02-26
永豐彰化,141.5,3000,0,9A9s,2486,2026-02-26
永豐彰化,142.5,0,8,9A9s,2486,2026-02-26
永豐南京,140.5,1000,0,9A9S,2486,2026-02-26
永豐南京,143.0,0,8000,9A9S,2486,2026-02-26
永豐中正,140.0,1000,4000,9A9U,2486,2026-02-26
永豐中正,141.0,1000,8600,9A9U,2486,2026-02-26
永豐中正,142.0,1219,0,9A9U,2486,2026-02-26
永豐中正,143.0,1000,0,9A9U,2486,2026-02-26
永豐中正,145.0,1000,0,9A9U,2486,2026-02-26
永豐市政,140.5,1000,1000,9A9W,2486,2026-02-26
永豐市政,143.0,4000,1000,9A9W,2486,2026-02-26
統一基隆,144.5,1000,1000,585A,2486,2026-02-26
元富西松,140.5,0,5000,9B2n,2486,2026-02-26
元富虎尾,140.0,0,1000,9B2N,2486,2026-02-26
台中銀,140.5,9000,1000,6110,2486,2026-02-26
?亞鑫豐,145.0,0,1000,601d,2486,2026-02-26
?亞鑫豐,141.0,1000,0,601d,2486,2026-02-26
?亞網路,146.0,0,30,6012,2486,2026-02-26
?亞網路,140.5,100,0,6012,2486,2026-02-26
日茂南投,141.0,1000,0,5962,2486,2026-02-26
台中銀,141.5,2000,0,6110,2486,2026-02-26
日茂埔里,140.5,2000,0,5961,2486,2026-02-26
統一松江,147.0,0,1000,585Z,2486,2026-02-26
統一松江,145.0,0,2000,585Z,2486,2026-02-26
統一松江,143.5,3000,0,585Z,2486,2026-02-26
統一松江,142.5,0,1000,585Z,2486,2026-02-26
統一松江,141.0,0,2000,585Z,2486,2026-02-26
統一松江,139.5,1000,0,585Z,2486,2026-02-26
日茂,143.5,1000,0,5960,2486,2026-02-26
台中銀,142.5,2000,0,6110,2486,2026-02-26
台中銀,144.0,10000,1000,6110,2486,2026-02-26
台中銀,147.0,1000,0,6110,2486,2026-02-26
中信三重,140.5,145000,1000,6161,2486,2026-02-26
中國信託,147.0,1000,0,6160,2486,2026-02-26
中國信託,145.0,1000,1000,6160,2486,2026-02-26
中國信託,144.0,0,1000,6160,2486,2026-02-26
中國信託,143.0,0,1000,6160,2486,2026-02-26
中國信託,142.0,20330,6924,6160,2486,2026-02-26
中國信託,141.0,2200,1834,6160,2486,2026-02-26
中國信託,140.0,9000,1000,6160,2486,2026-02-26
中銀豐原,144.5,1000,0,611A,2486,2026-02-26
中銀豐原,143.5,2000,4000,611A,2486,2026-02-26
中銀豐原,141.5,1000,6000,611A,2486,2026-02-26
中銀豐原,140.5,1000,0,611A,2486,2026-02-26
中銀高雄,141.0,0,1000,6116,2486,2026-02-26
中銀員林,145.0,2000,0,6114,2486,2026-02-26
中銀員林,141.5,1500,0,6114,2486,2026-02-26
統一土城,141.0,0,6000,585Y,2486,2026-02-26
中信三重,141.5,0,10000,6161,2486,2026-02-26
統一南京,147.5,1000,0,585U,2486,2026-02-26
統一南京,140.5,3000,0,585U,2486,2026-02-26
統一新營,141.5,1000,0,585E,2486,2026-02-26
統一新台中,145.5,1000,0,585D,2486,2026-02-26
統一新台中,144.0,2000,0,585D,2486,2026-02-26
統一新台中,143.0,0,1000,585D,2486,2026-02-26
統一新台中,141.5,1000,1000,585D,2486,2026-02-26
統一新台中,140.5,1000,4000,585D,2486,2026-02-26
統一平鎮,140.5,1000,0,585g,2486,2026-02-26
統一仁愛,144.5,0,10000,585c,2486,2026-02-26
統一仁愛,142.0,0,4000,585c,2486,2026-02-26
統一仁愛,141.0,1000,5000,585c,2486,2026-02-26
統一仁愛,140.0,16000,0,585c,2486,2026-02-26
統一永和,141.0,1000,0,585B,2486,2026-02-26
統一內湖,142.0,0,1000,585b,2486,2026-02-26
統一內湖,141.0,2000,1000,585b,2486,2026-02-26
統一仁愛,143.0,0,4000,585c,2486,2026-02-26
統一平鎮,143.0,0,2000,585g,2486,2026-02-26
統一桃園,140.5,0,1000,585H,2486,2026-02-26
統一桃園,142.5,1000,0,585H,2486,2026-02-26
統一宜蘭,145.5,1000,0,585S,2486,2026-02-26
統一宜蘭,141.0,1009,0,585S,2486,2026-02-26
統一東湖,142.0,10,0,585R,2486,2026-02-26
統一三多,140.5,0,1000,585Q,2486,2026-02-26
統一板橋,140.5,1000,0,585P,2486,2026-02-26
統一士林,144.0,1000,0,585M,2486,2026-02-26
統一士林,142.0,0,1000,585M,2486,2026-02-26
統一士林,141.0,4000,34000,585M,2486,2026-02-26
統一士林,140.0,1000,0,585M,2486,2026-02-26
統一三重,144.5,1000,0,585J,2486,2026-02-26
統一三重,142.5,0,1000,585J,2486,2026-02-26
統一三重,141.5,1000,0,585J,2486,2026-02-26
統一三重,140.0,2000,1000,585J,2486,2026-02-26
統一員林,142.5,1000,0,585I,2486,2026-02-26
統一桃園,144.0,100,1000,585H,2486,2026-02-26
統一南京,143.5,2000,0,585U,2486,2026-02-26
中信三重,143.0,1000,0,6161,2486,2026-02-26
中信三重,145.0,4000,0,6161,2486,2026-02-26
中信三重,147.0,9000,0,6161,2486,2026-02-26
元富宜蘭,140.5,3000,0,9B2U,2486,2026-02-26
元富宜蘭,146.0,1,0,9B2U,2486,2026-02-26
元富桃園,141.5,1000,0,9B2v,2486,2026-02-26
元富佳里,140.0,0,1000,9B2w,2486,2026-02-26
元富佳里,141.5,0,1000,9B2w,2486,2026-02-26
元富吉利,141.0,2000,0,9B2W,2486,2026-02-26
元富世貿,146.5,0,1000,9B2u,2486,2026-02-26
元富草屯,140.5,2000,2,9B2X,2486,2026-02-26
元富草屯,145.0,1000,2000,9B2X,2486,2026-02-26
元富花蓮,140.5,1000,0,9B2y,2486,2026-02-26
元富花蓮,142.5,0,1000,9B2y,2486,2026-02-26
元富埔里,140.5,0,2000,9B2Y,2486,2026-02-26
元富文心,140.0,1000,2000,9B2z,2486,2026-02-26
元富文心,141.0,3000,3000,9B2z,2486,2026-02-26
元富草屯,142.5,2000,4,9B2X,2486,2026-02-26
元富世貿,141.0,2000,2000,9B2u,2486,2026-02-26
元富基隆,140.0,1000,0,9B2S,2486,2026-02-26
元富城東,146.5,0,5000,9B2r,2486,2026-02-26
元富虎尾,141.5,1000,0,9B2N,2486,2026-02-26
元富新興,140.5,3010,0,9B2o,2486,2026-02-26
元富新興,141.5,100,0,9B2o,2486,2026-02-26
元富同大,141.0,4020,10,9B2P,2486,2026-02-26
元富同大,143.0,1000,2000,9B2P,2486,2026-02-26
元富同大,146.0,0,46,9B2P,2486,2026-02-26
元富屏東,141.0,1000,0,9B2q,2486,2026-02-26
元富屏東,143.0,1000,0,9B2q,2486,2026-02-26
元富敦南,140.5,11000,1000,9B2Q,2486,2026-02-26
元富敦南,143.0,0,1000,9B2Q,2486,2026-02-26
元富敦南,145.0,1000,0,9B2Q,2486,2026-02-26
元富城東,140.0,5000,5000,9B2r,2486,2026-02-26
元富城東,142.5,3000,0,9B2r,2486,2026-02-26
元富城東,144.5,0,10000,9B2r,2486,2026-02-26
元富城東,145.5,0,5000,9B2r,2486,2026-02-26
元富文心,142.0,300,3000,9B2z,2486,2026-02-26
元富文心,143.5,1000,0,9B2z,2486,2026-02-26
光和嘉義,140.5,0,2000,638A,2486,2026-02-26
光和和美,140.0,1000,0,6383,2486,2026-02-26
中信松江,139.5,2000,0,6167,2486,2026-02-26
中信託新,141.5,350,1346,6165,2486,2026-02-26
中信託新,140.5,0,1050,6165,2486,2026-02-26
中信託文,145.0,2000,0,6164,2486,2026-02-26
中信託文,143.5,2000,1000,6164,2486,2026-02-26
中信託文,142.0,1000,1000,6164,2486,2026-02-26
中信託文,141.0,1142,1000,6164,2486,2026-02-26
中信託文,140.0,5000,3000,6164,2486,2026-02-26
中信託永,145.5,1000,0,6163,2486,2026-02-26
中信託永,143.0,0,5000,6163,2486,2026-02-26
中信託永,141.0,1000,1000,6163,2486,2026-02-26
中信託忠,145.0,1000,0,6162,2486,2026-02-26
中信託忠,143.5,2000,5000,6162,2486,2026-02-26
中信託忠,142.5,10000,10000,6162,2486,2026-02-26
中信託忠,141.5,5000,1000,6162,2486,2026-02-26
中信松江,142.0,0,1000,6167,2486,2026-02-26
元富西松,142.5,2000,0,9B2n,2486,2026-02-26
中信嘉義,140.5,5000,0,6168,2486,2026-02-26
中信嘉義,144.0,1000,0,6168,2486,2026-02-26
光和田中,143.5,1000,0,6382,2486,2026-02-26
光和溪湖,147.0,0,1000,6381,2486,2026-02-26
光和,142.5,0,2000,6380,2486,2026-02-26
光和,141.0,300,0,6380,2486,2026-02-26
新百王,144.5,0,1000,6210,2486,2026-02-26
新百王,143.0,1000,5000,6210,2486,2026-02-26
新百王,141.0,6000,6000,6210,2486,2026-02-26
新百王,140.0,1000,0,6210,2486,2026-02-26
中信託高,143.0,26000,3000,616K,2486,2026-02-26
中信託高,142.0,540,2000,616K,2486,2026-02-26
中信託高,141.0,22190,2000,616K,2486,2026-02-26
中信託高,140.0,2000,44000,616K,2486,2026-02-26
中信中壢,145.0,0,1000,616A,2486,2026-02-26
中信中壢,142.0,4000,0,616A,2486,2026-02-26
中信中壢,140.5,4000,7000,616A,2486,2026-02-26
中信嘉義,141.5,45,1000,6168,2486,2026-02-26
永全,140.5,1000,0,6450,2486,2026-02-26
元大松江,143.0,640,1000,9801,2486,2026-02-26
元大松江,141.0,2000,2400,9801,2486,2026-02-26
聯邦三重,143.5,0,5000,8585,2486,2026-02-26
聯邦大業,141.0,0,100,8586,2486,2026-02-26
聯邦大業,146.0,0,100,8586,2486,2026-02-26
聯邦興中,141.0,1000,0,8587,2486,2026-02-26
聯邦台南,142.0,1100,0,8588,2486,2026-02-26
陽信,141.5,1000,0,8710,2486,2026-02-26
聯邦三重,140.5,3000,0,8585,2486,2026-02-26
陽信,144.5,1000,0,8710,2486,2026-02-26
陽信石牌,141.5,1000,1000,8711,2486,2026-02-26
玉山,140.5,9000,3000,8840,2486,2026-02-26
玉山,141.5,5000,100,8840,2486,2026-02-26
玉山,142.5,0,2000,8840,2486,2026-02-26
玉山,143.5,0,13000,8840,2486,2026-02-26
玉山,144.5,1000,0,8840,2486,2026-02-26
陽信,146.0,0,200,8710,2486,2026-02-26
聯邦雙和,143.0,1000,0,8584,2486,2026-02-26
聯邦高雄,146.0,0,10,8581,2486,2026-02-26
聯邦,143.0,2000,0,8580,2486,2026-02-26
新光新竹,141.0,5010,10205,8563,2486,2026-02-26
新光新竹,142.0,0,1000,8563,2486,2026-02-26
新光新竹,143.0,1000,0,8563,2486,2026-02-26
新光新竹,144.5,1000,0,8563,2486,2026-02-26
新光台南,141.5,100,20,8564,2486,2026-02-26
新光台南,142.5,100,5110,8564,2486,2026-02-26
新光台南,143.5,0,100,8564,2486,2026-02-26
新光台南,144.5,1000,0,8564,2486,2026-02-26
新光桃園,140.0,2000,2000,8565,2486,2026-02-26
新光桃園,141.0,1200,0,8565,2486,2026-02-26
新光桃園,142.0,1000,0,8565,2486,2026-02-26
新光桃園,143.5,1000,0,8565,2486,2026-02-26
新光桃園,144.5,0,6000,8565,2486,2026-02-26
新光桃園,146.5,0,1000,8565,2486,2026-02-26
聯邦,140.5,23,0,8580,2486,2026-02-26
玉山,145.5,0,2000,8840,2486,2026-02-26
新光高雄,147.0,0,1000,8562,2486,2026-02-26
玉山,146.5,0,1000,8840,2486,2026-02-26
玉山雙和,142.0,100,0,8841,2486,2026-02-26
玉山板橋,147.0,1000,0,8846,2486,2026-02-26
玉山台南,140.5,8000,0,8847,2486,2026-02-26
玉山台南,142.0,400,0,8847,2486,2026-02-26
玉山台南,143.0,1000,0,8847,2486,2026-02-26
玉山台南,145.0,1000,6000,8847,2486,2026-02-26
玉山台南,146.5,1000,1000,8847,2486,2026-02-26
玉山板橋,145.0,10000,0,8846,2486,2026-02-26
玉山嘉義,140.5,1050,0,8848,2486,2026-02-26
玉山嘉義,145.5,0,1000,8848,2486,2026-02-26
玉山景美,139.5,2000,0,8849,2486,2026-02-26
玉山景美,140.5,10000,0,8849,2486,2026-02-26
玉山景美,141.5,0,2000,8849,2486,2026-02-26
玉山景美,142.5,1000,4000,8849,2486,2026-02-26
玉山景美,144.5,1000,0,8849,2486,2026-02-26
玉山嘉義,141.5,500,0,8848,2486,2026-02-26
玉山板橋,144.0,2000,1000,8846,2486,2026-02-26
玉山板橋,143.0,0,2100,8846,2486,2026-02-26
玉山板橋,142.0,200,2000,8846,2486,2026-02-26
玉山雙和,143.5,0,100,8841,2486,2026-02-26
玉山新莊,140.5,5066,4000,8842,2486,2026-02-26
玉山新莊,141.5,1000,500,8842,2486,2026-02-26
玉山新莊,142.5,0,4000,8842,2486,2026-02-26
玉山新莊,143.5,1000,0,8842,2486,2026-02-26
玉山新莊,144.5,3000,0,8842,2486,2026-02-26
玉山新莊,147.0,1000,0,8842,2486,2026-02-26
玉山高雄,140.5,8000,1000,8843,2486,2026-02-26
玉山高雄,141.5,1165,0,8843,2486,2026-02-26
玉山高雄,142.5,2000,3000,8843,2486,2026-02-26
玉山高雄,143.5,1000,1000,8843,2486,2026-02-26
玉山高雄,144.5,2000,1000,8843,2486,2026-02-26
玉山高雄,147.0,1000,1000,8843,2486,2026-02-26
玉山板橋,140.0,2000,0,8846,2486,2026-02-26
玉山板橋,141.0,6500,0,8846,2486,2026-02-26
玉山雙和,140.0,4000,4000,8841,2486,2026-02-26
玉山景美,146.0,0,4000,8849,2486,2026-02-26
新光高雄,145.5,1000,2000,8562,2486,2026-02-26
新光高雄,143.5,4000,0,8562,2486,2026-02-26
康和嘉義,141.5,1000,0,8459,2486,2026-02-26
康和嘉義,143.0,1000,0,8459,2486,2026-02-26
康和嘉義,145.0,2000,0,8459,2486,2026-02-26
康和內湖,141.0,2000,1000,845A,2486,2026-02-26
康和內湖,144.0,1000,0,845A,2486,2026-02-26
康和永和,140.5,1000,0,845B,2486,2026-02-26
康和嘉義,140.0,2000,1000,8459,2486,2026-02-26
康和永和,144.0,1000,0,845B,2486,2026-02-26
康和板橋,142.0,0,2006,845D,2486,2026-02-26
康和板橋,143.5,1000,0,845D,2486,2026-02-26
康和澎湖,140.0,1000,0,845E,2486,2026-02-26
康和澎湖,141.0,10,0,845E,2486,2026-02-26
康和仁愛,141.0,4000,0,845F,2486,2026-02-26
康和仁愛,143.0,0,1000,845F,2486,2026-02-26
康和板橋,140.5,50,2103,845D,2486,2026-02-26
康和台南,146.5,2000,0,8458,2486,2026-02-26
康和台南,144.5,0,1000,8458,2486,2026-02-26
康和台南,142.5,3000,0,8458,2486,2026-02-26
摩根大通,142.0,1000,30000,8440,2486,2026-02-26
摩根大通,143.0,23000,4000,8440,2486,2026-02-26
摩根大通,144.5,20000,26000,8440,2486,2026-02-26
摩根大通,145.5,18000,0,8440,2486,2026-02-26
摩根大通,146.5,2000,60000,8440,2486,2026-02-26
康和,141.5,2000,0,8450,2486,2026-02-26
康和,143.0,2000,0,8450,2486,2026-02-26
康和延平,140.5,2000,0,8451,2486,2026-02-26
康和延平,141.5,2000,1000,8451,2486,2026-02-26
康和延平,146.5,0,1000,8451,2486,2026-02-26
康和台中,140.0,2000,0,8455,2486,2026-02-26
康和台中,141.5,0,2000,8455,2486,2026-02-26
康和新竹,141.0,0,1000,8456,2486,2026-02-26
康和新竹,143.0,1000,0,8456,2486,2026-02-26
康和台南,141.0,3150,0,8458,2486,2026-02-26
康和高雄,140.5,10000,0,845J,2486,2026-02-26
新光高雄,144.5,3000,0,8562,2486,2026-02-26
康和高雄,146.0,0,2000,845J,2486,2026-02-26
康和石牌,147.0,0,1000,845R,2486,2026-02-26
新光,144.5,7000,2000,8560,2486,2026-02-26
新光,145.5,0,1000,8560,2486,2026-02-26
新光,146.5,1000,6000,8560,2486,2026-02-26
新光台中,139.0,1000,0,8561,2486,2026-02-26
新光台中,140.0,1000,2000,8561,2486,2026-02-26
新光台中,141.0,3250,3000,8561,2486,2026-02-26
新光,143.5,3000,4000,8560,2486,2026-02-26
新光台中,142.0,1000,0,8561,2486,2026-02-26
新光台中,144.0,1000,0,8561,2486,2026-02-26
新光台中,145.0,0,11000,8561,2486,2026-02-26
新光高雄,139.5,0,1000,8562,2486,2026-02-26
新光高雄,140.5,6020,3000,8562,2486,2026-02-26
新光高雄,141.5,4000,4000,8562,2486,2026-02-26
新光高雄,142.5,3000,1000,8562,2486,2026-02-26
新光台中,143.0,8000,0,8561,2486,2026-02-26
新光,142.5,3835,6100,8560,2486,2026-02-26
新光,141.5,53162,4000,8560,2486,2026-02-26
新光,140.5,81060,3000,8560,2486,2026-02-26
康和南崁,140.0,0,12000,845S,2486,2026-02-26
康和南崁,141.0,5000,0,845S,2486,2026-02-26
康和南崁,143.5,2000,0,845S,2486,2026-02-26
康和南崁,144.5,1000,0,845S,2486,2026-02-26
康和台北,141.0,0,1000,845U,2486,2026-02-26
康和台北,144.5,1000,0,845U,2486,2026-02-26
康和台北,147.0,0,2000,845U,2486,2026-02-26
京城,140.0,1000,7000,8490,2486,2026-02-26
京城,141.5,3000,0,8490,2486,2026-02-26
京城嘉義,140.0,1030,1000,8492,2486,2026-02-26
京城嘉義,141.5,0,1000,8492,2486,2026-02-26
京城嘉義,143.0,1000,0,8492,2486,2026-02-26
京城嘉義,144.0,0,1000,8492,2486,2026-02-26
中農,140.5,5000,0,8520,2486,2026-02-26
新光,139.5,1000,0,8560,2486,2026-02-26
康和石牌,141.5,0,1000,845R,2486,2026-02-26
玉山士林,142.5,0,1000,884A,2486,2026-02-26
玉山士林,143.5,0,1000,884A,2486,2026-02-26
玉山台中,141.5,2,0,884B,2486,2026-02-26
國泰新竹,140.5,1000,0,888N,2486,2026-02-26
國泰新竹,145.0,1000,0,888N,2486,2026-02-26
群益,140.0,26000,4000,9100,2486,2026-02-26
群益,141.0,11000,10000,9100,2486,2026-02-26
群益,142.0,2000,1200,9100,2486,2026-02-26
群益,143.0,10000,3000,9100,2486,2026-02-26
國泰板橋,146.5,1000,0,888K,2486,2026-02-26
群益,144.5,4000,1000,9100,2486,2026-02-26
群益,146.5,10000,0,9100,2486,2026-02-26
群益敦南,140.0,1000,0,9101,2486,2026-02-26
群益敦南,141.0,2050,1000,9101,2486,2026-02-26
群益敦南,142.0,170,2000,9101,2486,2026-02-26
群益敦南,143.5,0,1000,9101,2486,2026-02-26
群益敦南,147.0,0,1000,9101,2486,2026-02-26
群益,145.5,12000,1000,9100,2486,2026-02-26
國泰板橋,145.0,4000,2000,888K,2486,2026-02-26
國泰板橋,144.0,6050,0,888K,2486,2026-02-26
國泰板橋,143.0,6000,4100,888K,2486,2026-02-26
國泰敦南,140.5,41112,9600,8888,2486,2026-02-26
國泰敦南,141.5,27183,10329,8888,2486,2026-02-26
國泰敦南,142.5,9990,11615,8888,2486,2026-02-26
國泰敦南,143.5,23200,17300,8888,2486,2026-02-26
國泰敦南,144.5,27030,0,8888,2486,2026-02-26
國泰敦南,145.5,16000,3000,8888,2486,2026-02-26
國泰敦南,146.5,14000,5000,8888,2486,2026-02-26
國泰館前,140.0,4000,2050,888A,2486,2026-02-26
國泰館前,141.0,4000,8057,888A,2486,2026-02-26
國泰館前,142.0,10000,1030,888A,2486,2026-02-26
國泰館前,143.0,1000,2000,888A,2486,2026-02-26
國泰館前,145.5,2000,6000,888A,2486,2026-02-26
國泰板橋,140.0,3060,0,888K,2486,2026-02-26
國泰板橋,141.0,8850,11100,888K,2486,2026-02-26
國泰板橋,142.0,6130,1113,888K,2486,2026-02-26
群益松山,141.5,0,2000,9103,2486,2026-02-26
國泰敦南,139.5,3000,1000,8888,2486,2026-02-26
群益高盛,142.5,1000,0,9105,2486,2026-02-26
群益海山,143.0,0,1000,9108,2486,2026-02-26
群益士林,142.0,1002,0,9137,2486,2026-02-26
群益中港,140.0,1000,0,9138,2486,2026-02-26
群益潭子,140.0,2000,1000,913D,2486,2026-02-26
群益潭子,141.0,2000,1000,913D,2486,2026-02-26
群益潭子,142.0,3000,0,913D,2486,2026-02-26
群益潭子,143.0,2020,1000,913D,2486,2026-02-26
群益士林,141.0,2,0,9137,2486,2026-02-26
群益潭子,144.5,1000,2000,913D,2486,2026-02-26
群益基隆,143.0,1000,0,913E,2486,2026-02-26
群益三重,140.0,2000,1000,913g,2486,2026-02-26
群益三重,142.0,2,0,913g,2486,2026-02-26
群益三重,143.0,0,2000,913g,2486,2026-02-26
群益三重,145.5,1000,0,913g,2486,2026-02-26
群益土城,140.5,1000,1000,913N,2486,2026-02-26
群益潭子,146.5,2000,0,913D,2486,2026-02-26
群益士林,140.0,1000,1000,9137,2486,2026-02-26
群益西松,144.5,1000,5000,9136,2486,2026-02-26
群益西松,143.0,2000,0,9136,2486,2026-02-26
群益市府,140.5,2000,0,910D,2486,2026-02-26
群益市府,142.5,1000,0,910D,2486,2026-02-26
群益市府,146.0,0,341,910D,2486,2026-02-26
群益市府,147.0,0,2000,910D,2486,2026-02-26
群益民權,140.5,2000,203000,9131,2486,2026-02-26
群益民權,144.5,1000,0,9131,2486,2026-02-26
群益民權,147.0,1000,0,9131,2486,2026-02-26
群益開元,140.5,1000,0,9134,2486,2026-02-26
群益開元,142.0,2000,0,9134,2486,2026-02-26
群益東大,141.5,2000,0,9135,2486,2026-02-26
群益東大,143.0,1000,0,9135,2486,2026-02-26
群益東大,144.0,1000,0,9135,2486,2026-02-26
群益東大,145.5,1000,0,9135,2486,2026-02-26
群益西松,140.0,8000,0,9136,2486,2026-02-26
群益西松,141.0,0,3000,9136,2486,2026-02-26
群益海山,140.5,4100,0,9108,2486,2026-02-26
國泰忠孝,144.5,3000,0,8887,2486,2026-02-26
國泰忠孝,143.5,1000,30,8887,2486,2026-02-26
國泰忠孝,142.5,1000,0,8887,2486,2026-02-26
玉山新竹,141.5,2000,0,884H,2486,2026-02-26
玉山新竹,143.5,1000,6000,884H,2486,2026-02-26
玉山新竹,144.5,0,2000,884H,2486,2026-02-26
玉山新竹,145.5,0,1000,884H,2486,2026-02-26
玉山新竹,147.0,0,1000,884H,2486,2026-02-26
玉山大里,140.5,3000,0,884J,2486,2026-02-26
玉山新竹,140.5,0,9000,884H,2486,2026-02-26
玉山大里,141.5,26000,0,884J,2486,2026-02-26
玉山大里,144.0,1000,0,884J,2486,2026-02-26
玉山大里,146.5,1000,0,884J,2486,2026-02-26
玉山大里,147.5,0,6000,884J,2486,2026-02-26
玉山數位,141.0,1051,2000,884M,2486,2026-02-26
玉山數位,142.0,1,0,884M,2486,2026-02-26
玉山數位,144.0,1000,0,884M,2486,2026-02-26
玉山大里,143.0,10000,0,884J,2486,2026-02-26
玉山新竹,139.5,1000,5000,884H,2486,2026-02-26
玉山桃園,144.5,0,1000,884F,2486,2026-02-26
玉山桃園,142.5,10,0,884F,2486,2026-02-26
玉山台中,143.0,0,100,884B,2486,2026-02-26
玉山台中,144.0,0,100,884B,2486,2026-02-26
玉山台中,145.0,13000,0,884B,2486,2026-02-26
玉山信義,141.0,0,1000,884C,2486,2026-02-26
玉山信義,143.0,1000,0,884C,2486,2026-02-26
玉山信義,146.0,0,2,884C,2486,2026-02-26
玉山左營,140.5,1000,1000,884D,2486,2026-02-26
玉山左營,141.5,1100,1,884D,2486,2026-02-26
玉山城中,139.5,1000,0,884E,2486,2026-02-26
玉山城中,141.0,3020,0,884E,2486,2026-02-26
玉山城中,144.0,2000,1000,884E,2486,2026-02-26
玉山城中,145.0,1000,0,884E,2486,2026-02-26
玉山城中,146.0,0,5000,884E,2486,2026-02-26
玉山桃園,140.5,4050,0,884F,2486,2026-02-26
玉山桃園,141.5,2000,0,884F,2486,2026-02-26
國泰綜合,140.0,2000,0,8880,2486,2026-02-26
國泰綜合,145.0,2000,0,8880,2486,2026-02-26
國泰高雄,139.5,0,2000,8881,2486,2026-02-26
國泰高雄,140.5,2120,1000,8881,2486,2026-02-26
國泰台南,141.5,2,6,8884,2486,2026-02-26
國泰台南,142.5,2000,1000,8884,2486,2026-02-26
國泰桃園,140.0,1000,0,8885,2486,2026-02-26
國泰桃園,141.0,17703,6010,8885,2486,2026-02-26
國泰桃園,142.0,2051,8900,8885,2486,2026-02-26
國泰桃園,143.0,4000,1000,8885,2486,2026-02-26
國泰桃園,144.0,1000,0,8885,2486,2026-02-26
國泰桃園,145.0,2000,1000,8885,2486,2026-02-26
國泰桃園,146.0,0,2600,8885,2486,2026-02-26
國泰新莊,140.0,4000,1000,8886,2486,2026-02-26
國泰新莊,141.0,2100,12000,8886,2486,2026-02-26
國泰新莊,142.0,3001,2010,8886,2486,2026-02-26
國泰新莊,143.0,100,0,8886,2486,2026-02-26
國泰忠孝,139.5,0,1000,8887,2486,2026-02-26
國泰忠孝,141.0,30,0,8887,2486,2026-02-26
國泰台南,140.5,2500,0,8884,2486,2026-02-26
摩根大通,141.0,15265,110000,8440,2486,2026-02-26
國泰松江,146.0,1,1150,8883,2486,2026-02-26
國泰松江,143.5,0,1000,8883,2486,2026-02-26
國泰高雄,141.5,3350,1000,8881,2486,2026-02-26
國泰高雄,142.5,1000,0,8881,2486,2026-02-26
國泰高雄,143.5,0,1000,8881,2486,2026-02-26
國泰高雄,145.0,1000,1000,8881,2486,2026-02-26
國泰台中,139.5,2000,0,8882,2486,2026-02-26
國泰台中,140.5,0,4000,8882,2486,2026-02-26
國泰台中,141.5,2820,3000,8882,2486,2026-02-26
國泰台中,142.5,1500,0,8882,2486,2026-02-26
國泰台中,143.5,9100,2000,8882,2486,2026-02-26
國泰台中,144.5,4000,0,8882,2486,2026-02-26
國泰台中,146.0,0,3061,8882,2486,2026-02-26
國泰台中,147.0,1000,3000,8882,2486,2026-02-26
國泰松江,140.5,0,1000,8883,2486,2026-02-26
國泰松江,141.5,1000,0,8883,2486,2026-02-26
國泰松江,142.5,1000,0,8883,2486,2026-02-26
國泰松江,144.5,2000,0,8883,2486,2026-02-26
摩根大通,140.0,1000,284000,8440,2486,2026-02-26
安泰楠梓,140.0,1000,0,8382,2486,2026-02-26
安泰大發,140.5,1000,0,8381,2486,2026-02-26
兆豐松德,143.0,1000,0,700i,2486,2026-02-26
兆豐北高,146.0,0,3000,700I,2486,2026-02-26
兆豐大安,141.0,1000,1000,700j,2486,2026-02-26
兆豐大安,146.0,1000,0,700j,2486,2026-02-26
兆豐公益,141.0,2000,0,700J,2486,2026-02-26
兆豐公益,143.0,200,0,700J,2486,2026-02-26
兆豐松德,140.5,0,1000,700i,2486,2026-02-26
兆豐員林,141.5,0,1000,700k,2486,2026-02-26
兆豐員林,145.0,1000,1000,700k,2486,2026-02-26
兆豐員林,146.5,1000,1000,700k,2486,2026-02-26
兆豐新營,142.5,1000,0,700K,2486,2026-02-26
兆豐天母,140.0,1000,0,700L,2486,2026-02-26
兆豐天母,141.0,3000,2000,700L,2486,2026-02-26
兆豐天母,142.0,0,1000,700L,2486,2026-02-26
兆豐員林,143.5,0,2000,700k,2486,2026-02-26
兆豐三民,146.0,0,1000,700h,2486,2026-02-26
兆豐三民,143.0,100,0,700h,2486,2026-02-26
兆豐三民,140.5,0,50000,700h,2486,2026-02-26
兆豐彰化,143.0,1000,0,700d,2486,2026-02-26
兆豐西螺,140.0,0,1000,700D,2486,2026-02-26
兆豐西螺,141.5,2000,0,700D,2486,2026-02-26
兆豐鹿港,141.0,3000,500,700f,2486,2026-02-26
兆豐鹿港,143.5,0,2000,700f,2486,2026-02-26
兆豐鹿港,145.0,0,1000,700f,2486,2026-02-26
兆豐虎尾,141.5,1000,0,700F,2486,2026-02-26
兆豐虎尾,143.0,0,1000,700F,2486,2026-02-26
兆豐南門,140.0,7000,0,700g,2486,2026-02-26
兆豐南門,141.0,1000,0,700g,2486,2026-02-26
兆豐南門,142.5,1000,0,700g,2486,2026-02-26
兆豐南門,143.5,1000,0,700g,2486,2026-02-26
兆豐南門,145.5,1000,0,700g,2486,2026-02-26
兆豐麻豆,140.0,1000,1000,700G,2486,2026-02-26
兆豐麻豆,143.5,1000,0,700G,2486,2026-02-26
兆豐天母,144.0,0,1000,700L,2486,2026-02-26
兆豐彰化,140.5,2227,0,700d,2486,2026-02-26
兆豐天母,147.0,0,1000,700L,2486,2026-02-26
兆豐桃園,141.5,0,4000,700M,2486,2026-02-26
兆豐桃鶯,141.0,1050,0,700U,2486,2026-02-26
兆豐桃鶯,143.0,1000,1000,700U,2486,2026-02-26
兆豐桃鶯,146.5,50,0,700U,2486,2026-02-26
兆豐新竹,141.0,2500,0,700V,2486,2026-02-26
兆豐新竹,143.0,0,2000,700V,2486,2026-02-26
兆豐新莊,140.0,0,2000,700w,2486,2026-02-26
兆豐桃鶯,140.0,1000,3000,700U,2486,2026-02-26
兆豐新莊,141.5,1000,1000,700w,2486,2026-02-26
兆豐新莊,144.0,0,1000,700w,2486,2026-02-26
兆豐新莊,146.5,2000,9,700w,2486,2026-02-26
兆豐城中,141.5,50,0,700W,2486,2026-02-26
兆豐城中,143.0,50,0,700W,2486,2026-02-26
兆豐永和,140.0,1000,0,700X,2486,2026-02-26
兆豐永和,142.5,0,1000,700X,2486,2026-02-26
兆豐新莊,143.0,0,3000,700w,2486,2026-02-26
兆豐大同,140.5,10000,0,700S,2486,2026-02-26
兆豐岡山,142.5,2000,0,700s,2486,2026-02-26
兆豐岡山,140.5,0,2000,700s,2486,2026-02-26
兆豐桃園,143.5,1000,0,700M,2486,2026-02-26
兆豐桃園,144.5,4000,0,700M,2486,2026-02-26
兆豐桃園,146.0,50,0,700M,2486,2026-02-26
兆豐桃園,147.0,1000,0,700M,2486,2026-02-26
兆豐埔墘,143.0,0,1000,700N,2486,2026-02-26
兆豐復興,140.5,2000,20000,700p,2486,2026-02-26
兆豐復興,141.5,12000,2000,700p,2486,2026-02-26
兆豐南京,140.5,0,1000,700P,2486,2026-02-26
兆豐南京,143.0,1000,0,700P,2486,2026-02-26
兆豐寶成,140.0,0,1000,700r,2486,2026-02-26
兆豐寶成,141.5,1000,0,700r,2486,2026-02-26
兆豐寶成,143.0,2000,0,700r,2486,2026-02-26
兆豐寶成,144.5,3000,0,700r,2486,2026-02-26
兆豐小港,140.0,1000,0,700R,2486,2026-02-26
兆豐小港,141.0,3000,0,700R,2486,2026-02-26
兆豐桃園,140.5,6000,1000,700M,2486,2026-02-26
兆豐來福,145.0,2000,0,700C,2486,2026-02-26
兆豐來福,143.0,4200,0,700C,2486,2026-02-26
兆豐來福,141.0,2000,6000,700C,2486,2026-02-26
大昌新店,145.0,50000,0,6464,2486,2026-02-26
大昌桃園,145.0,0,1000,6465,2486,2026-02-26
福邦,141.0,18000,0,6480,2486,2026-02-26
福邦,142.5,0,2000,6480,2486,2026-02-26
口袋,140.0,1000,19000,6620,2486,2026-02-26
口袋,141.0,4250,3100,6620,2486,2026-02-26
大昌新店,144.0,1000,0,6464,2486,2026-02-26
口袋,142.0,152,2000,6620,2486,2026-02-26
口袋,144.0,2000,0,6620,2486,2026-02-26
口袋,146.0,47,0,6620,2486,2026-02-26
德信,140.0,0,1000,6910,2486,2026-02-26
德信,143.0,0,1000,6910,2486,2026-02-26
德信中正,144.5,10,0,6912,2486,2026-02-26
德信新營,141.5,100,0,6913,2486,2026-02-26
口袋,143.0,2100,100,6620,2486,2026-02-26
大昌新店,142.5,0,1000,6464,2486,2026-02-26
大昌新店,141.0,1000,0,6464,2486,2026-02-26
大昌新店,140.0,1000,0,6464,2486,2026-02-26
永全,144.0,0,1000,6450,2486,2026-02-26
永全南崁,140.0,1000,0,6451,2486,2026-02-26
永全八德,141.0,16000,1000,6452,2486,2026-02-26
永全八德,147.0,0,4000,6452,2486,2026-02-26
大昌,141.0,1000,0,6460,2486,2026-02-26
大昌,142.0,1000,0,6460,2486,2026-02-26
大昌,144.0,0,2000,6460,2486,2026-02-26
大昌樹林,140.5,0,1000,6461,2486,2026-02-26
大昌樹林,141.5,4020,3000,6461,2486,2026-02-26
大昌樹林,143.0,2000,1000,6461,2486,2026-02-26
大昌樹林,146.5,1000,0,6461,2486,2026-02-26
大昌安康,141.5,1000,0,6462,2486,2026-02-26
大昌新竹,140.5,1000,0,6463,2486,2026-02-26
大昌新竹,142.0,0,1000,6463,2486,2026-02-26
大昌新竹,145.0,0,1000,6463,2486,2026-02-26
德信新營,144.5,0,1000,6913,2486,2026-02-26
德信和平,141.0,2000,0,6915,2486,2026-02-26
福勝,140.5,0,1000,6950,2486,2026-02-26
福勝,143.5,0,1000,6950,2486,2026-02-26
兆豐竹北,144.0,1000,4000,7007,2486,2026-02-26
兆豐三重,140.0,1000,0,7008,2486,2026-02-26
兆豐三重,141.0,0,3000,7008,2486,2026-02-26
兆豐三重,142.0,3000,0,7008,2486,2026-02-26
兆豐忠孝,140.5,1000,1000,700a,2486,2026-02-26
兆豐忠孝,141.5,20000,0,700a,2486,2026-02-26
兆豐忠孝,143.0,0,1000,700a,2486,2026-02-26
兆豐忠孝,144.5,0,5000,700a,2486,2026-02-26
兆豐忠孝,146.0,5000,0,700a,2486,2026-02-26
兆豐中壢,141.0,100,0,700b,2486,2026-02-26
兆豐板橋,140.5,41000,0,700B,2486,2026-02-26
兆豐板橋,142.0,220,0,700B,2486,2026-02-26
兆豐板橋,145.0,1000,1000,700B,2486,2026-02-26
兆豐民生,143.0,1000,0,700c,2486,2026-02-26
兆豐民生,145.5,0,2000,700c,2486,2026-02-26
兆豐竹北,142.5,100,1000,7007,2486,2026-02-26
兆豐永和,144.5,0,1000,700X,2486,2026-02-26
兆豐竹北,141.0,5080,6000,7007,2486,2026-02-26
兆豐台南,144.0,1000,0,7006,2486,2026-02-26
福勝,145.0,1000,0,6950,2486,2026-02-26
兆豐,140.5,1000,0,7000,2486,2026-02-26
兆豐,141.5,3000,0,7000,2486,2026-02-26
兆豐,142.5,1000,0,7000,2486,2026-02-26
兆豐,146.0,0,1000,7000,2486,2026-02-26
兆豐嘉義,140.0,1000,3000,7001,2486,2026-02-26
兆豐嘉義,142.5,1000,0,7001,2486,2026-02-26
兆豐嘉義,143.5,0,1000,7001,2486,2026-02-26
兆豐嘉義,144.5,1000,5000,7001,2486,2026-02-26
兆豐台中,141.5,50,0,7003,2486,2026-02-26
兆豐中港,139.5,1000,0,7005,2486,2026-02-26
兆豐中港,142.0,1000,1,7005,2486,2026-02-26
兆豐台南,140.5,1050,0,7006,2486,2026-02-26
兆豐台南,141.5,3000,0,7006,2486,2026-02-26
兆豐台南,143.0,2000,0,7006,2486,2026-02-26
兆豐竹北,140.0,5000,0,7007,2486,2026-02-26
群益土城,142.0,40,0,913N,2486,2026-02-26
兆豐高雄,140.5,0,1000,700Z,2486,2026-02-26
兆豐高雄,143.5,0,1000,700Z,2486,2026-02-26
台新建北,143.5,1000,0,8151,2486,2026-02-26
台新建北,145.0,1000,1000,8151,2486,2026-02-26
台新新莊,142.0,0,1000,8152,2486,2026-02-26
台新新莊,145.0,0,1000,8152,2486,2026-02-26
台新新莊,146.5,9000,0,8152,2486,2026-02-26
台新三民,140.0,1000,1000,8156,2486,2026-02-26
台新建北,142.5,5000,2000,8151,2486,2026-02-26
台新三民,141.5,0,1000,8156,2486,2026-02-26
台新左楠,141.0,1300,29000,8157,2486,2026-02-26
台新左楠,142.5,0,2000,8157,2486,2026-02-26
台新左楠,144.5,3000,0,8157,2486,2026-02-26
台新松江,139.5,1000,0,8158,2486,2026-02-26
台新松江,140.5,1000,7000,8158,2486,2026-02-26
台新松江,141.5,2000,0,8158,2486,2026-02-26
台新左楠,140.0,0,1000,8157,2486,2026-02-26
台新建北,141.5,2000,4000,8151,2486,2026-02-26
台新建北,140.5,1000,2000,8151,2486,2026-02-26
台新建北,139.5,1000,0,8151,2486,2026-02-26
國票安和,140.5,12000,4000,779Z,2486,2026-02-26
國票安和,141.5,27000,10000,779Z,2486,2026-02-26
國票安和,142.5,3000,1000,779Z,2486,2026-02-26
國票安和,143.5,1000,5000,779Z,2486,2026-02-26
國票安和,144.5,6000,1000,779Z,2486,2026-02-26
國票安和,145.5,2000,1000,779Z,2486,2026-02-26
國票安和,146.5,2000,1000,779Z,2486,2026-02-26
台新,139.5,1000,1000,8150,2486,2026-02-26
台新,140.5,27035,4000,8150,2486,2026-02-26
台新,141.5,12030,6000,8150,2486,2026-02-26
台新,142.5,1001,1000,8150,2486,2026-02-26
台新,143.5,5000,0,8150,2486,2026-02-26
台新,144.5,1000,0,8150,2486,2026-02-26
台新,145.5,1000,0,8150,2486,2026-02-26
台新,146.5,0,2000,8150,2486,2026-02-26
台新松江,143.0,1000,0,8158,2486,2026-02-26
國票博愛,142.0,100,0,779z,2486,2026-02-26
台新松江,144.0,0,3000,8158,2486,2026-02-26
台新台南,140.0,5000,0,8159,2486,2026-02-26
台新屏東,140.0,1000,0,815H,2486,2026-02-26
台新屏東,141.0,100,1000,815H,2486,2026-02-26
台新屏東,142.0,500,0,815H,2486,2026-02-26
台新屏東,143.5,1000,0,815H,2486,2026-02-26
台新中壢,140.5,1005,0,815S,2486,2026-02-26
台新中壢,141.5,1,0,815S,2486,2026-02-26
台新台中,146.5,3000,0,815B,2486,2026-02-26
台新新營,140.0,2000,0,815Y,2486,2026-02-26
台新新營,142.0,1500,0,815Y,2486,2026-02-26
台新新營,143.0,4000,1000,815Y,2486,2026-02-26
台新新營,145.5,0,1000,815Y,2486,2026-02-26
台新新營,147.0,0,4000,815Y,2486,2026-02-26
安泰,142.0,0,1000,8380,2486,2026-02-26
安泰,144.0,1000,0,8380,2486,2026-02-26
台新新營,141.0,0,400,815Y,2486,2026-02-26
台新台中,145.5,0,1000,815B,2486,2026-02-26
台新台中,144.5,4050,0,815B,2486,2026-02-26
台新台中,142.5,400,1000,815B,2486,2026-02-26
台新台南,141.0,1000,0,8159,2486,2026-02-26
台新台南,142.0,3000,0,8159,2486,2026-02-26
台新台南,143.0,0,3000,8159,2486,2026-02-26
台新台南,144.0,10000,0,8159,2486,2026-02-26
台新台南,145.0,0,1000,8159,2486,2026-02-26
台新台南,146.5,2000,0,8159,2486,2026-02-26
台新高雄,140.0,2000,4000,815A,2486,2026-02-26
台新高雄,141.0,11100,11000,815A,2486,2026-02-26
台新高雄,142.0,11000,1105,815A,2486,2026-02-26
台新高雄,143.0,6000,1000,815A,2486,2026-02-26
台新高雄,144.0,2000,3000,815A,2486,2026-02-26
台新高雄,145.0,1000,0,815A,2486,2026-02-26
台新高雄,147.0,1000,0,815A,2486,2026-02-26
台新台中,140.5,9000,1000,815B,2486,2026-02-26
台新台中,141.5,4202,6000,815B,2486,2026-02-26
台新松江,145.0,2000,0,8158,2486,2026-02-26
國票博愛,140.5,5000,0,779z,2486,2026-02-26
國票中和,144.5,0,30000,779X,2486,2026-02-26
國票中和,143.0,1000,42000,779X,2486,2026-02-26
北城,141.5,1000,0,7750,2486,2026-02-26
北城,143.5,1000,5000,7750,2486,2026-02-26
國票綜合,140.5,1000,3112,7790,2486,2026-02-26
國票綜合,141.5,0,2415,7790,2486,2026-02-26
國票綜合,142.5,1000,1241,7790,2486,2026-02-26
國票綜合,143.5,5000,1331,7790,2486,2026-02-26
北城,140.5,1000,0,7750,2486,2026-02-26
國票綜合,145.0,2000,1530,7790,2486,2026-02-26
國票台東,144.5,2000,0,7791,2486,2026-02-26
國票北投,139.5,1000,0,7792,2486,2026-02-26
國票北投,141.5,0,10000,7792,2486,2026-02-26
國票北投,145.0,0,1000,7792,2486,2026-02-26
國票南港,141.0,12000,2000,7795,2486,2026-02-26
國票南港,145.0,0,10000,7795,2486,2026-02-26
國票台東,141.5,0,3000,7791,2486,2026-02-26
石橋,141.0,1000,0,7080,2486,2026-02-26
致和崇德,143.5,2000,0,703B,2486,2026-02-26
致和崇德,141.0,0,3000,703B,2486,2026-02-26
致和,139.5,1000,0,7030,2486,2026-02-26
致和,141.0,1000,0,7030,2486,2026-02-26
致和佳里,141.0,0,3000,7032,2486,2026-02-26
致和佳里,142.0,2000,0,7032,2486,2026-02-26
致和佳里,145.0,1000,0,7032,2486,2026-02-26
致和金華,144.0,0,1000,7034,2486,2026-02-26
致和東門,140.0,2000,0,7035,2486,2026-02-26
致和東門,141.0,6000,13000,7035,2486,2026-02-26
致和東門,142.0,4000,3000,7035,2486,2026-02-26
致和東門,143.0,5000,0,7035,2486,2026-02-26
致和東門,144.0,1000,0,7035,2486,2026-02-26
致和東門,145.5,0,1000,7035,2486,2026-02-26
致和東門,147.0,0,1000,7035,2486,2026-02-26
致和高雄,141.5,1000,0,7036,2486,2026-02-26
致和高雄,143.5,1000,0,7036,2486,2026-02-26
國票中正,141.0,200,0,7797,2486,2026-02-26
國票內壢,141.0,0,1000,7798,2486,2026-02-26
國票敦北,140.0,4000,0,779c,2486,2026-02-26
國票敦北,141.0,6000,0,779c,2486,2026-02-26
國票九鼎,141.0,1053,2000,779P,2486,2026-02-26
國票九鼎,142.0,1000,1000,779P,2486,2026-02-26
國票九鼎,143.0,1000,1000,779P,2486,2026-02-26
國票桃園,141.0,2000,0,779r,2486,2026-02-26
國票桃園,144.5,1000,0,779r,2486,2026-02-26
國票長城,140.5,2000,0,779u,2486,2026-02-26
國票長城,142.0,2000,0,779u,2486,2026-02-26
國票台中,140.5,1000,0,779v,2486,2026-02-26
國票台中,142.0,1,0,779v,2486,2026-02-26
國票台中,145.5,0,1000,779v,2486,2026-02-26
國票天祥,141.5,2000,0,779V,2486,2026-02-26
國票天祥,143.0,1000,0,779V,2486,2026-02-26
國票中和,140.0,1000,0,779X,2486,2026-02-26
國票中和,141.0,51000,19000,779X,2486,2026-02-26
國票中和,142.0,0,28000,779X,2486,2026-02-26
國票南京,141.0,1000,0,779n,2486,2026-02-26
兆豐高雄,141.5,1000,0,700Z,2486,2026-02-26
國票中港,141.0,3,0,779m,2486,2026-02-26
國票北高,140.5,2000,0,779J,2486,2026-02-26
國票敦北,142.0,2800,0,779c,2486,2026-02-26
國票敦北,145.0,1000,0,779c,2486,2026-02-26
國票台南,140.5,1000,30000,779D,2486,2026-02-26
國票台南,141.5,0,28000,779D,2486,2026-02-26
國票台南,144.0,0,2000,779D,2486,2026-02-26
國票南科,140.5,1000,0,779e,2486,2026-02-26
國票南科,143.5,0,3000,779e,2486,2026-02-26
國票南崁,141.0,1000,0,779E,2486,2026-02-26
國票新莊,140.0,1000,1000,779G,2486,2026-02-26
國票新莊,142.0,1000,0,779G,2486,2026-02-26
國票新莊,144.0,1000,0,779G,2486,2026-02-26
國票嘉義,140.5,1000,0,779H,2486,2026-02-26
國票嘉義,142.5,2000,0,779H,2486,2026-02-26
國票嘉義,145.0,0,1000,779H,2486,2026-02-26
國票和平,142.0,1000,0,779j,2486,2026-02-26
國票北高,143.0,0,1000,779J,2486,2026-02-26
群益土城,144.0,1000,0,913N,2486,2026-02-26
群益北高,141.5,2000,0,913R,2486,2026-02-26
群益北高,143.5,1000,1000,913R,2486,2026-02-26
富邦南京,141.5,6000,0,961C,2486,2026-02-26
富邦南京,142.5,4000,10000,961C,2486,2026-02-26
富邦南京,143.5,3000,0,961C,2486,2026-02-26
富邦南京,145.0,5000,0,961C,2486,2026-02-26
富邦南京,147.5,1000,0,961C,2486,2026-02-26
富邦公益,141.0,3000,0,961F,2486,2026-02-26
富邦南京,140.5,1000,29,961C,2486,2026-02-26
富邦公益,142.5,0,1000,961F,2486,2026-02-26
富邦新板,140.5,0,9000,961H,2486,2026-02-26
富邦新板,141.5,4000,0,961H,2486,2026-02-26
富邦新板,142.5,2000,1000,961H,2486,2026-02-26
富邦新板,145.0,1000,0,961H,2486,2026-02-26
富邦七賢,140.0,0,10000,961K,2486,2026-02-26
富邦七賢,141.5,100,0,961K,2486,2026-02-26
富邦公益,145.0,6000,2000,961F,2486,2026-02-26
富邦岡山,147.0,1000,0,9616,2486,2026-02-26
富邦岡山,144.0,2000,0,9616,2486,2026-02-26
富邦岡山,142.0,10,0,9616,2486,2026-02-26
華南東昇,141.5,1000,0,9386,2486,2026-02-26
富邦,140.0,17000,16000,9600,2486,2026-02-26
富邦,141.0,7000,0,9600,2486,2026-02-26
富邦,142.0,0,1000,9600,2486,2026-02-26
富邦,146.0,0,20,9600,2486,2026-02-26
富邦陽明,140.5,1000,1000,9604,2486,2026-02-26
富邦陽明,141.5,4075,2000,9604,2486,2026-02-26
富邦陽明,142.5,4000,0,9604,2486,2026-02-26
富邦陽明,143.5,1000,0,9604,2486,2026-02-26
富邦陽明,144.5,0,1000,9604,2486,2026-02-26
富邦陽明,145.5,1000,0,9604,2486,2026-02-26
富邦陽明,146.5,0,1200,9604,2486,2026-02-26
富邦台東,141.5,16,0,9608,2486,2026-02-26
富邦基隆,141.0,1000,1000,9614,2486,2026-02-26
富邦基隆,143.0,2000,0,9614,2486,2026-02-26
富邦七賢,145.0,4000,0,961K,2486,2026-02-26
華南東昇,140.5,4000,0,9386,2486,2026-02-26
富邦木柵,140.5,4000,2007,961M,2486,2026-02-26
富邦木柵,142.5,1000,0,961M,2486,2026-02-26
富邦花蓮,139.5,1000,0,9621,2486,2026-02-26
富邦花蓮,140.5,1000,0,9621,2486,2026-02-26
富邦花蓮,141.5,7500,0,9621,2486,2026-02-26
富邦花蓮,142.5,1000,0,9621,2486,2026-02-26
富邦花蓮,144.0,0,1000,9621,2486,2026-02-26
富邦花蓮,146.5,0,1000,9621,2486,2026-02-26
富邦永康,142.0,6000,0,961Z,2486,2026-02-26
富邦台北,140.5,1000,1000,9623,2486,2026-02-26
富邦台北,142.5,1000,1000,9623,2486,2026-02-26
富邦台北,143.5,1000,1000,9623,2486,2026-02-26
富邦台北,145.0,2000,0,9623,2486,2026-02-26
富邦台北,147.5,0,1000,9623,2486,2026-02-26
富邦竹北,140.5,3000,0,9624,2486,2026-02-26
富邦竹北,141.5,0,2000,9624,2486,2026-02-26
富邦台北,141.5,1000,0,9623,2486,2026-02-26
富邦永康,141.0,1000,0,961Z,2486,2026-02-26
富邦永康,140.0,1000,5000,961Z,2486,2026-02-26
富邦屏東,143.5,1000,0,961Y,2486,2026-02-26
富邦木柵,144.5,1000,0,961M,2486,2026-02-26
富邦木柵,146.5,1000,0,961M,2486,2026-02-26
富邦青埔,140.0,1000,2000,961N,2486,2026-02-26
富邦青埔,141.0,2100,1000,961N,2486,2026-02-26
富邦青埔,142.0,0,3000,961N,2486,2026-02-26
富邦青埔,143.5,1000,0,961N,2486,2026-02-26
富邦青埔,146.0,0,100,961N,2486,2026-02-26
富邦和美,142.0,60,0,961P,2486,2026-02-26
富邦和美,145.5,1000,0,961P,2486,2026-02-26
富邦南員,140.5,0,2000,961R,2486,2026-02-26
富邦南員,142.0,10000,0,961R,2486,2026-02-26
富邦南員,143.0,1000,2000,961R,2486,2026-02-26
富邦南員,144.5,0,1000,961R,2486,2026-02-26
富邦南員,146.5,0,1000,961R,2486,2026-02-26
富邦屏東,140.0,1000,0,961Y,2486,2026-02-26
富邦木柵,141.5,0,1000,961M,2486,2026-02-26
華南虎尾,146.0,1000,0,9377,2486,2026-02-26
華南虎尾,143.0,1200,0,9377,2486,2026-02-26
華南虎尾,142.0,300,0,9377,2486,2026-02-26
華南鳳山,141.5,0,1000,9331,2486,2026-02-26
華南鳳山,145.0,0,2000,9331,2486,2026-02-26
華南楠梓,140.5,5000,2000,9332,2486,2026-02-26
華南楠梓,141.5,4000,0,9332,2486,2026-02-26
華南楠梓,142.5,3000,0,9332,2486,2026-02-26
華南楠梓,144.0,0,2000,9332,2486,2026-02-26
華南朴子,144.0,0,1000,9329,2486,2026-02-26
華南長虹,140.0,4000,1000,9333,2486,2026-02-26
華南長虹,144.0,1000,1000,9333,2486,2026-02-26
華南世貿,141.0,2000,0,9334,2486,2026-02-26
華南世貿,143.5,1000,1000,9334,2486,2026-02-26
華南世貿,144.5,0,1000,9334,2486,2026-02-26
華南內壢,140.0,50,0,9337,2486,2026-02-26
華南內壢,141.5,2350,0,9337,2486,2026-02-26
華南長虹,141.0,8200,0,9333,2486,2026-02-26
華南朴子,140.5,0,2000,9329,2486,2026-02-26
華南潮州,144.5,1000,0,9328,2486,2026-02-26
華南斗六,146.0,0,100,9327,2486,2026-02-26
華南淡水,146.0,1000,0,9316,2486,2026-02-26
華南淡水,147.5,1000,0,9316,2486,2026-02-26
華南林口,140.5,4000,0,9317,2486,2026-02-26
華南林口,141.5,2000,4000,9317,2486,2026-02-26
華南林口,142.5,0,2000,9317,2486,2026-02-26
華南林口,143.5,1000,0,9317,2486,2026-02-26
華南鶯歌,141.5,1000,30,9319,2486,2026-02-26
華南基隆,140.5,0,3000,9322,2486,2026-02-26
華南基隆,142.5,300,0,9322,2486,2026-02-26
華南小港,140.5,1000,0,9323,2486,2026-02-26
華南岡山,141.0,100,0,9324,2486,2026-02-26
華南岡山,144.5,0,3000,9324,2486,2026-02-26
華南南京,140.5,0,1000,9326,2486,2026-02-26
華南南京,142.5,1000,0,9326,2486,2026-02-26
華南斗六,140.5,4000,0,9327,2486,2026-02-26
華南內壢,142.5,3000,0,9337,2486,2026-02-26
華南內壢,144.0,1000,0,9337,2486,2026-02-26
華南內壢,145.0,2000,0,9337,2486,2026-02-26
華南竹北,140.5,2000,0,9339,2486,2026-02-26
華南中正,141.5,1000,4000,9359,2486,2026-02-26
華南中正,142.5,1000,0,9359,2486,2026-02-26
華南中正,144.5,1000,0,9359,2486,2026-02-26
華南苗栗,140.5,2000,0,9362,2486,2026-02-26
華南苗栗,141.5,1000,1000,9362,2486,2026-02-26
華南苗栗,143.5,0,1000,9362,2486,2026-02-26
華南彰化,140.0,1000,0,9363,2486,2026-02-26
華南彰化,141.0,5,0,9363,2486,2026-02-26
華南彰化,142.0,0,2000,9363,2486,2026-02-26
華南彰化,143.0,2000,0,9363,2486,2026-02-26
華南豐原,140.5,1000,0,9366,2486,2026-02-26
華南三重,140.0,5000,1000,9369,2486,2026-02-26
華南三重,141.0,3000,0,9369,2486,2026-02-26
華南虎尾,140.0,1000,0,9377,2486,2026-02-26
華南虎尾,141.0,2680,340,9377,2486,2026-02-26
華南中正,140.5,2000,0,9359,2486,2026-02-26
富邦竹北,143.5,1000,0,9624,2486,2026-02-26
華南東勢,146.5,1000,0,9358,2486,2026-02-26
華南東勢,141.5,1000,0,9358,2486,2026-02-26
華南竹北,141.5,10,0,9339,2486,2026-02-26
華南竹北,145.0,0,1000,9339,2486,2026-02-26
華南頭份,141.0,1000,50,9343,2486,2026-02-26
華南頭份,143.5,1000,0,9343,2486,2026-02-26
華南頭份,146.5,0,50,9343,2486,2026-02-26
華南板橋,140.0,1000,0,9349,2486,2026-02-26
華南板橋,141.0,1000,0,9349,2486,2026-02-26
華南板橋,142.0,1000,0,9349,2486,2026-02-26
華南板橋,144.0,8000,0,9349,2486,2026-02-26
華南板橋,147.0,0,5000,9349,2486,2026-02-26
華南桃園,140.5,1000,0,9352,2486,2026-02-26
華南桃園,141.5,2001,2000,9352,2486,2026-02-26
華南桃園,142.5,1000,4000,9352,2486,2026-02-26
華南桃園,144.5,0,1000,9352,2486,2026-02-26
華南桃園,146.0,0,1000,9352,2486,2026-02-26
華南東勢,143.5,0,1000,9358,2486,2026-02-26
華南淡水,145.0,1000,0,9316,2486,2026-02-26
富邦竹北,145.0,0,1000,9624,2486,2026-02-26
富邦竹東,141.0,0,1000,9625,2486,2026-02-26
富邦南屯,144.5,1000,1000,9666,2486,2026-02-26
富邦台南,140.0,3000,0,9667,2486,2026-02-26
富邦台南,141.0,7000,1000,9667,2486,2026-02-26
富邦台南,142.0,0,1000,9667,2486,2026-02-26
富邦台南,143.0,1000,1000,9667,2486,2026-02-26
富邦台南,145.0,1000,0,9667,2486,2026-02-26
富邦南屯,143.5,2000,0,9666,2486,2026-02-26
富邦台南,147.0,2000,0,9667,2486,2026-02-26
富邦左營,144.5,1000,0,966F,2486,2026-02-26
富邦員林,140.0,1000,0,9672,2486,2026-02-26
富邦員林,141.0,100,0,9672,2486,2026-02-26
富邦員林,142.5,1000,0,9672,2486,2026-02-26
富邦員林,144.5,0,1000,9672,2486,2026-02-26
富邦仁愛,140.5,20000,0,9676,2486,2026-02-26
富邦左營,141.5,1000,2200,966F,2486,2026-02-26
富邦南屯,142.5,300,1000,9666,2486,2026-02-26
富邦南屯,141.0,2360,2000,9666,2486,2026-02-26
富邦南屯,140.0,1100,0,9666,2486,2026-02-26
富邦新店,141.0,2000,3000,9661,2486,2026-02-26
富邦新店,142.0,3000,5040,9661,2486,2026-02-26
富邦新店,143.0,0,1000,9661,2486,2026-02-26
富邦新店,145.5,0,1000,9661,2486,2026-02-26
富邦新店,146.5,0,1000,9661,2486,2026-02-26
富邦敦南,140.0,0,1000,9663,2486,2026-02-26
富邦敦南,141.0,15,0,9663,2486,2026-02-26
富邦敦南,142.0,30,0,9663,2486,2026-02-26
富邦敦南,144.5,3000,0,9663,2486,2026-02-26
富邦敦南,146.0,0,1000,9663,2486,2026-02-26
富邦桃園,140.0,1000,1,9665,2486,2026-02-26
富邦桃園,141.0,4100,1000,9665,2486,2026-02-26
富邦桃園,142.0,2000,3000,9665,2486,2026-02-26
富邦桃園,143.5,1000,1000,9665,2486,2026-02-26
富邦桃園,145.0,0,2000,9665,2486,2026-02-26
富邦仁愛,141.5,2000,0,9676,2486,2026-02-26
富邦新店,140.0,1000,1000,9661,2486,2026-02-26
富邦仁愛,142.5,2000,12000,9676,2486,2026-02-26
富邦仁愛,144.5,1000,6000,9676,2486,2026-02-26
富邦新營,142.0,200,0,9693,2486,2026-02-26
富邦虎尾,140.5,1000,0,9697,2486,2026-02-26
富邦虎尾,144.0,0,200,9697,2486,2026-02-26
富邦虎尾,145.0,1000,0,9697,2486,2026-02-26
富邦北港,140.5,3000,0,969C,2486,2026-02-26
富邦北港,142.0,0,1000,969C,2486,2026-02-26
富邦新營,141.0,6000,1000,9693,2486,2026-02-26
元大,140.0,103000,135000,9800,2486,2026-02-26
元大,142.0,36000,21598,9800,2486,2026-02-26
元大,143.0,65000,202000,9800,2486,2026-02-26
元大,144.0,111000,32000,9800,2486,2026-02-26
元大,145.0,31000,123000,9800,2486,2026-02-26
元大,146.0,98000,18000,9800,2486,2026-02-26
元大,147.0,20000,44000,9800,2486,2026-02-26
元大,141.0,142040,174003,9800,2486,2026-02-26
富邦嘉義,147.0,0,1000,9692,2486,2026-02-26
富邦嘉義,143.0,6000,1000,9692,2486,2026-02-26
富邦嘉義,142.0,1000,0,9692,2486,2026-02-26
富邦仁愛,146.0,2000,0,9676,2486,2026-02-26
富邦三重,140.0,3000,1000,9677,2486,2026-02-26
富邦三重,141.0,3200,40,9677,2486,2026-02-26
富邦三重,142.0,1000,0,9677,2486,2026-02-26
富邦三重,143.0,1300,4375,9677,2486,2026-02-26
富邦三重,144.0,0,6000,9677,2486,2026-02-26
富邦三重,145.5,1000,0,9677,2486,2026-02-26
富邦宜蘭,140.5,4000,0,9686,2486,2026-02-26
富邦宜蘭,141.5,1000,5000,9686,2486,2026-02-26
富邦宜蘭,142.5,2000,0,9686,2486,2026-02-26
富邦宜蘭,143.5,1000,1000,9686,2486,2026-02-26
富邦宜蘭,144.5,5000,0,9686,2486,2026-02-26
富邦宜蘭,147.0,0,1000,9686,2486,2026-02-26
富邦嘉義,140.0,3000,0,9692,2486,2026-02-26
富邦嘉義,141.0,10000,15000,9692,2486,2026-02-26
富邦仁愛,143.5,0,4000,9676,2486,2026-02-26
富邦彰化,145.0,1000,1000,965U,2486,2026-02-26
富邦彰化,143.5,0,1000,965U,2486,2026-02-26
富邦彰化,141.5,30,0,965U,2486,2026-02-26
富邦三峽,146.0,0,5000,962J,2486,2026-02-26
富邦頭份,140.0,4000,3000,962P,2486,2026-02-26
富邦頭份,141.0,0,51000,962P,2486,2026-02-26
富邦頭份,143.5,4000,0,962P,2486,2026-02-26
富邦頭份,144.5,10000,0,962P,2486,2026-02-26
富邦頭份,145.5,10000,0,962P,2486,2026-02-26
富邦三峽,142.5,10000,1000,962J,2486,2026-02-26
富邦頭份,146.5,2000,0,962P,2486,2026-02-26
富邦羅東,140.0,2000,1000,9634,2486,2026-02-26
富邦羅東,141.0,0,1000,9634,2486,2026-02-26
富邦羅東,142.0,1000,2008,9634,2486,2026-02-26
富邦羅東,143.5,10000,0,9634,2486,2026-02-26
富邦中壢,141.0,0,3450,9636,2486,2026-02-26
富邦中壢,142.0,10,200,9636,2486,2026-02-26
富邦北高,139.5,0,1000,962Q,2486,2026-02-26
富邦三峽,141.5,0,1000,962J,2486,2026-02-26
富邦三峽,140.5,1000,0,962J,2486,2026-02-26
富邦斗六,146.0,0,100,962G,2486,2026-02-26
富邦竹東,142.5,100,1000,9625,2486,2026-02-26
富邦竹東,145.0,1000,0,9625,2486,2026-02-26
富邦內湖,140.5,1100,0,9627,2486,2026-02-26
富邦內湖,142.0,1000,0,9627,2486,2026-02-26
富邦內湖,144.0,1000,0,9627,2486,2026-02-26
富邦南港,146.5,1000,0,962A,2486,2026-02-26
富邦竹科,140.5,1010,0,962C,2486,2026-02-26
富邦竹科,143.0,2000,0,962C,2486,2026-02-26
富邦新莊,140.5,1000,0,962D,2486,2026-02-26
富邦新莊,142.0,0,3000,962D,2486,2026-02-26
富邦新莊,144.5,2000,0,962D,2486,2026-02-26
富邦樹林,140.5,1085,0,962E,2486,2026-02-26
富邦樹林,141.5,1000,10235,962E,2486,2026-02-26
富邦樹林,142.5,1010,0,962E,2486,2026-02-26
富邦樹林,145.0,0,1000,962E,2486,2026-02-26
富邦中壢,143.0,0,1000,9636,2486,2026-02-26
富邦中壢,147.0,0,2000,9636,2486,2026-02-26
富邦八德,140.5,1200,0,963A,2486,2026-02-26
富邦八德,143.0,3000,1000,963A,2486,2026-02-26
富邦苗栗,143.0,3000,3000,9657,2486,2026-02-26
富邦建國,140.0,1000,3000,9658,2486,2026-02-26
富邦建國,141.0,11040,3000,9658,2486,2026-02-26
富邦建國,143.0,2050,1000,9658,2486,2026-02-26
富邦建國,144.0,30,0,9658,2486,2026-02-26
富邦建國,145.5,5000,0,9658,2486,2026-02-26
富邦高雄,140.5,20,0,9659,2486,2026-02-26
富邦高雄,141.5,2000,0,9659,2486,2026-02-26
富邦高雄,144.0,1000,0,9659,2486,2026-02-26
富邦台中,140.5,3400,0,965K,2486,2026-02-26
富邦台中,141.5,2000,25000,965K,2486,2026-02-26
富邦台中,142.5,1000,1000,965K,2486,2026-02-26
富邦台中,143.5,2000,0,965K,2486,2026-02-26
富邦台中,146.0,1,0,965K,2486,2026-02-26
富邦彰化,140.5,0,3,965U,2486,2026-02-26
富邦苗栗,141.5,1040,3000,9657,2486,2026-02-26
富邦竹東,140.0,0,1000,9625,2486,2026-02-26
富邦苗栗,140.5,1000,0,9657,2486,2026-02-26
富邦板橋,144.5,1000,0,9655,2486,2026-02-26
富邦八德,147.0,0,1000,963A,2486,2026-02-26
富邦豐原,141.5,1000,0,963L,2486,2026-02-26
富邦新竹,140.0,0,5000,9647,2486,2026-02-26
富邦新竹,141.5,1000,0,9647,2486,2026-02-26
富邦新竹,143.0,5000,0,9647,2486,2026-02-26
富邦新竹,145.0,7000,0,9647,2486,2026-02-26
富邦永和,140.0,3000,1000,9654,2486,2026-02-26
富邦永和,141.0,9704,0,9654,2486,2026-02-26
富邦永和,142.0,1151,1000,9654,2486,2026-02-26
富邦永和,143.0,1000,0,9654,2486,2026-02-26
富邦永和,145.0,2000,11000,9654,2486,2026-02-26
富邦板橋,139.5,6000,0,9655,2486,2026-02-26
富邦板橋,140.5,6100,3000,9655,2486,2026-02-26
富邦板橋,141.5,9020,1000,9655,2486,2026-02-26
富邦板橋,143.0,7000,1000,9655,2486,2026-02-26
富邦板橋,146.0,0,1000,9655,2486,2026-02-26
元大松江,142.0,11150,0,9801,2486,2026-02-26
華南淡水,143.5,1000,0,9316,2486,2026-02-26
華南淡水,141.0,0,1000,9316,2486,2026-02-26
凱基三重,144.0,3000,0,9205,2486,2026-02-26
凱基高雄,140.0,0,1000,9206,2486,2026-02-26
凱基高雄,142.5,1000,0,9206,2486,2026-02-26
凱基永和,143.0,0,2000,9207,2486,2026-02-26
凱基永和,145.0,1000,0,9207,2486,2026-02-26
凱基桃園,140.0,4000,0,9208,2486,2026-02-26
凱基三重,142.0,2000,0,9205,2486,2026-02-26
凱基桃園,141.0,6000,0,9208,2486,2026-02-26
凱基桃園,143.5,1000,1000,9208,2486,2026-02-26
凱基桃園,144.5,1000,0,9208,2486,2026-02-26
凱基桃園,146.0,1,0,9208,2486,2026-02-26
凱基板橋,140.0,2000,0,920A,2486,2026-02-26
凱基板橋,141.0,1000,0,920A,2486,2026-02-26
凱基板橋,142.0,3010,0,920A,2486,2026-02-26
凱基桃園,142.5,1000,0,9208,2486,2026-02-26
凱基三重,141.0,4000,0,9205,2486,2026-02-26
凱基三重,140.0,4000,1000,9205,2486,2026-02-26
凱基台中,143.5,0,1009,9204,2486,2026-02-26
群益瑞豐,145.0,1000,0,918u,2486,2026-02-26
群益忠孝,143.5,0,1000,918W,2486,2026-02-26
群益忠孝,146.0,0,58,918W,2486,2026-02-26
群益延平,141.0,1000,0,918x,2486,2026-02-26
群益宜蘭,140.5,2000,1000,918z,2486,2026-02-26
群益宜蘭,142.0,0,2000,918z,2486,2026-02-26
群益宜蘭,144.5,1000,0,918z,2486,2026-02-26
凱基,139.5,0,4000,9200,2486,2026-02-26
凱基,140.5,0,2000,9200,2486,2026-02-26
凱基,143.0,0,2000,9200,2486,2026-02-26
凱基中港,140.0,1000,1000,9202,2486,2026-02-26
凱基中港,141.0,1000,6000,9202,2486,2026-02-26
凱基中港,142.5,2000,0,9202,2486,2026-02-26
凱基中港,144.5,1000,0,9202,2486,2026-02-26
凱基台中,140.0,100,1000,9204,2486,2026-02-26
凱基板橋,146.0,0,200,920A,2486,2026-02-26
群益瑞豐,142.0,0,4000,918u,2486,2026-02-26
凱基雙和,140.0,0,5000,920C,2486,2026-02-26
凱基雙和,143.0,1000,0,920C,2486,2026-02-26
凱基新店,141.0,0,2000,920V,2486,2026-02-26
凱基新店,144.5,2000,0,920V,2486,2026-02-26
凱基大里,140.5,1000,1000,920W,2486,2026-02-26
凱基大里,145.0,2000,1000,920W,2486,2026-02-26
凱基台南,140.5,1000,0,9211,2486,2026-02-26
凱基台南,142.0,100,0,9211,2486,2026-02-26
凱基湖口,144.5,0,4000,920N,2486,2026-02-26
凱基台南,144.0,0,2000,9211,2486,2026-02-26
凱基東港,143.0,1000,0,9212,2486,2026-02-26
凱基東港,144.0,1000,0,9212,2486,2026-02-26
凱基高美,140.0,1000,1000,9215,2486,2026-02-26
凱基高美,141.0,4000,5,9215,2486,2026-02-26
凱基高美,142.0,0,4157,9215,2486,2026-02-26
凱基高美,144.5,0,1000,9215,2486,2026-02-26
凱基東港,140.0,1000,1000,9212,2486,2026-02-26
凱基湖口,142.5,2000,0,920N,2486,2026-02-26
凱基湖口,141.0,2000,0,920N,2486,2026-02-26
凱基宜蘭,141.5,1000,0,920M,2486,2026-02-26
凱基市府,140.0,2000,0,920D,2486,2026-02-26
凱基市府,142.0,1000,0,920D,2486,2026-02-26
凱基市府,143.0,16000,0,920D,2486,2026-02-26
凱基站前,139.0,0,1000,920F,2486,2026-02-26
凱基站前,140.5,2000,1000,920F,2486,2026-02-26
凱基站前,141.5,0,35000,920F,2486,2026-02-26
凱基站前,142.5,5000,0,920F,2486,2026-02-26
凱基站前,143.5,1000,0,920F,2486,2026-02-26
凱基站前,146.5,0,1000,920F,2486,2026-02-26
凱基彰化,141.0,2000,0,920G,2486,2026-02-26
凱基彰化,143.0,100,0,920G,2486,2026-02-26
凱基基隆,140.0,1000,0,920H,2486,2026-02-26
凱基基隆,142.0,1100,0,920H,2486,2026-02-26
凱基基隆,145.0,1000,0,920H,2486,2026-02-26
凱基宜蘭,140.5,0,1000,920M,2486,2026-02-26
凱基雙和,141.0,3000,0,920C,2486,2026-02-26
群益瑞豐,141.0,0,6000,918u,2486,2026-02-26
群益瑞豐,140.0,2000,0,918u,2486,2026-02-26
群益丹鳳,142.0,1000,0,918s,2486,2026-02-26
群益三民,141.5,100,0,9188,2486,2026-02-26
群益桃園,140.0,1000,2000,9189,2486,2026-02-26
群益桃園,141.0,2000,0,9189,2486,2026-02-26
群益桃園,143.0,1000,0,9189,2486,2026-02-26
群益桃園,146.0,1000,0,9189,2486,2026-02-26
群益中壢,140.5,7000,0,918A,2486,2026-02-26
群益彰化,143.0,1000,2000,9187,2486,2026-02-26
群益中壢,141.5,1050,1000,918A,2486,2026-02-26
群益板橋,141.5,4000,0,918B,2486,2026-02-26
群益板橋,142.5,0,3000,918B,2486,2026-02-26
群益板橋,143.5,3000,0,918B,2486,2026-02-26
群益鳳山,140.0,3000,0,918c,2486,2026-02-26
群益古亭,140.0,2000,1000,918C,2486,2026-02-26
群益古亭,141.5,0,6000,918C,2486,2026-02-26
群益中壢,143.0,0,50,918A,2486,2026-02-26
群益彰化,141.5,0,500,9187,2486,2026-02-26
群益彰化,140.5,0,1000,9187,2486,2026-02-26
群益新竹,145.0,3000,0,9186,2486,2026-02-26
群益北高,145.0,0,2000,913R,2486,2026-02-26
群益崇德,141.0,0,1000,913U,2486,2026-02-26
群益館前,140.0,25000,0,913Y,2486,2026-02-26
群益館前,141.0,2000,10000,913Y,2486,2026-02-26
群益館前,143.0,0,4000,913Y,2486,2026-02-26
群益館前,146.0,100,0,913Y,2486,2026-02-26
群益高雄,141.5,300,0,9183,2486,2026-02-26
群益高雄,144.5,0,1000,9183,2486,2026-02-26
群益台中,140.0,7000,0,9184,2486,2026-02-26
群益台中,141.0,0,2000,9184,2486,2026-02-26
群益台中,142.5,0,1000,9184,2486,2026-02-26
群益台中,145.0,2000,0,9184,2486,2026-02-26
群益台南,141.5,1000,0,9185,2486,2026-02-26
群益台南,145.0,1000,0,9185,2486,2026-02-26
群益新竹,141.5,2000,3000,9186,2486,2026-02-26
群益古亭,145.0,1000,0,918C,2486,2026-02-26
群益內湖,141.0,100,0,918d,2486,2026-02-26
群益東門,140.0,0,2000,918D,2486,2026-02-26
群益東門,141.0,4000,1000,918D,2486,2026-02-26
群益竹南,139.5,1000,0,918i,2486,2026-02-26
群益竹南,145.0,6000,0,918i,2486,2026-02-26
群益永和,140.5,10000,0,918J,2486,2026-02-26
群益永和,143.0,0,1000,918J,2486,2026-02-26
群益永和,144.5,1000,0,918J,2486,2026-02-26
群益東湖,140.0,0,1000,918K,2486,2026-02-26
群益東湖,141.0,1000,0,918K,2486,2026-02-26
群益東湖,143.0,0,1000,918K,2486,2026-02-26
群益東湖,145.0,0,1000,918K,2486,2026-02-26
群益建成,140.0,0,1000,918L,2486,2026-02-26
群益建成,142.0,0,1000,918L,2486,2026-02-26
群益建成,145.0,1000,0,918L,2486,2026-02-26
群益嘉義,139.5,1000,0,918M,2486,2026-02-26
群益嘉義,141.0,4000,1000,918M,2486,2026-02-26
群益嘉義,143.0,1000,0,918M,2486,2026-02-26
群益中山,144.5,1000,0,918H,2486,2026-02-26
凱基高美,146.0,10,0,9215,2486,2026-02-26
群益中山,143.0,1000,1000,918H,2486,2026-02-26
群益中山,140.0,3000,0,918H,2486,2026-02-26
群益東門,142.0,2075,1000,918D,2486,2026-02-26
群益東門,146.0,1000,0,918D,2486,2026-02-26
群益南京,141.0,3000,0,918E,2486,2026-02-26
群益南京,142.5,0,1000,918E,2486,2026-02-26
群益南京,145.0,1000,0,918E,2486,2026-02-26
群益新店,140.0,5000,0,918F,2486,2026-02-26
群益新店,146.0,0,200,918F,2486,2026-02-26
群益大甲,142.0,1000,0,918g,2486,2026-02-26
群益大甲,143.5,0,2000,918g,2486,2026-02-26
群益大甲,147.0,0,10000,918g,2486,2026-02-26
群益新莊,141.0,2000,400,918G,2486,2026-02-26
群益新莊,142.0,1000,0,918G,2486,2026-02-26
群益新莊,143.0,0,1000,918G,2486,2026-02-26
群益新莊,144.0,2000,0,918G,2486,2026-02-26
群益新莊,145.0,0,3000,918G,2486,2026-02-26
群益中山,141.0,5000,1000,918H,2486,2026-02-26
華南淡水,142.0,0,20,9316,2486,2026-02-26
凱基信義,139.5,0,2000,9216,2486,2026-02-26
凱基信義,143.5,0,1000,9216,2486,2026-02-26
凱基鳳山,143.0,1000,0,9274,2486,2026-02-26
凱基鳳山,144.5,0,1000,9274,2486,2026-02-26
凱基三多,141.0,1000,2000,9275,2486,2026-02-26
凱基三多,142.0,0,2000,9275,2486,2026-02-26
凱基苗栗,140.5,1000,1000,9276,2486,2026-02-26
凱基永康,140.5,1000,0,9278,2486,2026-02-26
凱基鳳山,141.5,2000,2000,9274,2486,2026-02-26
凱基永康,141.5,1000,40,9278,2486,2026-02-26
凱基斗六,141.0,1000,0,9281,2486,2026-02-26
凱基斗六,144.5,1000,0,9281,2486,2026-02-26
凱基中壢,140.0,2000,0,9285,2486,2026-02-26
凱基中壢,143.5,1000,0,9285,2486,2026-02-26
凱基內湖,143.5,5000,0,9287,2486,2026-02-26
凱基埔墘,141.0,1000,0,9288,2486,2026-02-26
凱基永康,145.0,1000,0,9278,2486,2026-02-26
凱基鳳山,140.0,2000,0,9274,2486,2026-02-26
凱基竹東,141.5,2000,0,9273,2486,2026-02-26
凱基竹科,145.0,2000,0,9272,2486,2026-02-26
凱基羅東,143.5,1000,0,9258,2486,2026-02-26
凱基羅東,145.0,1000,0,9258,2486,2026-02-26
凱基台北,139.5,20000,11000,9268,2486,2026-02-26
凱基台北,140.5,115000,205000,9268,2486,2026-02-26
凱基台北,141.5,89000,108000,9268,2486,2026-02-26
凱基台北,142.5,88001,71000,9268,2486,2026-02-26
凱基台北,143.5,7000,96000,9268,2486,2026-02-26
凱基台北,144.5,34000,127000,9268,2486,2026-02-26
凱基台北,145.5,3000,2000,9268,2486,2026-02-26
凱基台北,146.5,3000,10000,9268,2486,2026-02-26
凱基竹科,140.0,1000,1000,9272,2486,2026-02-26
凱基竹科,141.0,11000,0,9272,2486,2026-02-26
凱基竹科,142.0,1000,0,9272,2486,2026-02-26
凱基竹科,143.0,1000,0,9272,2486,2026-02-26
凱基竹科,144.0,0,1000,9272,2486,2026-02-26
凱基頭份,141.0,1000,0,9296,2486,2026-02-26
凱基羅東,141.0,200,0,9258,2486,2026-02-26
凱基頭份,142.0,1000,0,9296,2486,2026-02-26
凱基文心,145.0,1000,0,9297,2486,2026-02-26
華南大安,144.5,0,2000,9307,2486,2026-02-26
華南大安,146.0,0,1000,9307,2486,2026-02-26
華南麻豆,140.0,1000,5000,9308,2486,2026-02-26
華南麻豆,141.0,3000,0,9308,2486,2026-02-26
華南麻豆,142.0,1000,0,9308,2486,2026-02-26
華南麻豆,145.5,1000,0,9308,2486,2026-02-26
華南大安,143.5,4000,0,9307,2486,2026-02-26
華南古亭,141.0,1000,0,9309,2486,2026-02-26
華南古亭,144.5,0,1000,9309,2486,2026-02-26
華南古亭,146.0,0,100,9309,2486,2026-02-26
華南民權,140.5,200,0,9312,2486,2026-02-26
華南嘉義,140.5,1000,0,9314,2486,2026-02-26
華南嘉義,142.0,40,0,9314,2486,2026-02-26
華南淡水,139.5,1000,1000,9316,2486,2026-02-26
華南古亭,143.0,1000,0,9309,2486,2026-02-26
華南大安,142.5,1000,0,9307,2486,2026-02-26
華南大安,141.5,1000,1120,9307,2486,2026-02-26
華南台南,142.5,1000,0,9306,2486,2026-02-26
華南永昌,140.5,0,2000,9300,2486,2026-02-26
華南永昌,141.5,1000,2000,9300,2486,2026-02-26
華南永昌,142.5,5000,0,9300,2486,2026-02-26
華南永昌,144.0,0,1000,9300,2486,2026-02-26
華南永昌,145.0,0,4000,9300,2486,2026-02-26
華南台中,140.5,0,4000,9302,2486,2026-02-26
華南台中,141.5,1000,3,9302,2486,2026-02-26
華南台中,143.0,4000,0,9302,2486,2026-02-26
華南台中,144.5,1000,0,9302,2486,2026-02-26
華南高雄,140.5,0,2000,9303,2486,2026-02-26
華南高雄,141.5,100,0,9303,2486,2026-02-26
華南高雄,143.0,1000,0,9303,2486,2026-02-26
華南高雄,144.5,1000,0,9303,2486,2026-02-26
華南高雄,145.5,2000,0,9303,2486,2026-02-26
華南新莊,140.5,2003,0,9305,2486,2026-02-26
凱基頭份,143.0,1000,0,9296,2486,2026-02-26
凱基羅東,140.0,0,1000,9258,2486,2026-02-26
凱基林口,145.0,1000,0,9257,2486,2026-02-26
凱基林口,143.0,2000,0,9257,2486,2026-02-26
凱基東勢,141.5,20,0,921Y,2486,2026-02-26
凱基東勢,144.0,1000,0,921Y,2486,2026-02-26
凱基豐中,140.0,1000,0,9223,2486,2026-02-26
凱基豐中,141.0,2399,0,9223,2486,2026-02-26
凱基豐中,145.5,2000,0,9223,2486,2026-02-26
凱基內埔,141.0,1000,0,9225,2486,2026-02-26
凱基新莊,144.5,1000,0,921S,2486,2026-02-26
凱基內埔,143.5,0,2000,9225,2486,2026-02-26
凱基汐止,143.0,0,4000,9226,2486,2026-02-26
凱基城中,140.0,1000,2000,9227,2486,2026-02-26
凱基城中,141.5,0,3000,9227,2486,2026-02-26
凱基城中,143.0,10000,1000,9227,2486,2026-02-26
凱基城中,147.0,0,5000,9227,2486,2026-02-26
凱基中山,140.5,4200,1000,9229,2486,2026-02-26
凱基汐止,140.0,4000,0,9226,2486,2026-02-26
凱基新莊,142.0,0,1000,921S,2486,2026-02-26
凱基新莊,141.0,2000,1000,921S,2486,2026-02-26
凱基八德,146.0,100,0,921M,2486,2026-02-26
凱基信義,147.0,10000,0,9216,2486,2026-02-26
凱基松山,143.0,1000,0,9217,2486,2026-02-26
凱基松山,145.0,10000,0,9217,2486,2026-02-26
凱基大直,143.0,1000,0,9218,2486,2026-02-26
凱基民權,140.5,2000,10,921C,2486,2026-02-26
凱基民權,143.0,1000,0,921C,2486,2026-02-26
凱基三峽,140.0,0,10000,921E,2486,2026-02-26
凱基三峽,141.0,5000,3000,921E,2486,2026-02-26
凱基三峽,144.0,1000,0,921E,2486,2026-02-26
凱基五股,140.0,1000,0,921G,2486,2026-02-26
凱基五股,141.0,100,0,921G,2486,2026-02-26
凱基五股,143.0,0,1000,921G,2486,2026-02-26
凱基土城,140.5,100,0,921J,2486,2026-02-26
凱基土城,142.0,100,0,921J,2486,2026-02-26
凱基土城,144.5,2000,0,921J,2486,2026-02-26
凱基中山,141.5,1000,0,9229,2486,2026-02-26
凱基中山,143.0,1000,1000,9229,2486,2026-02-26
凱基中山,144.0,1000,0,9229,2486,2026-02-26
凱基中山,145.0,1000,0,9229,2486,2026-02-26
凱基市政,140.0,6000,0,9239,2486,2026-02-26
凱基市政,141.0,3060,2000,9239,2486,2026-02-26
凱基市政,142.0,1000,3000,9239,2486,2026-02-26
凱基市政,143.5,2000,0,9239,2486,2026-02-26
凱基市政,145.0,2000,3000,9239,2486,2026-02-26
凱基嘉義,140.5,1000,0,9252,2486,2026-02-26
凱基嘉義,142.5,0,1000,9252,2486,2026-02-26
凱基科園,141.0,1000,0,9254,2486,2026-02-26
凱基科園,143.0,2000,0,9254,2486,2026-02-26
凱基和平,140.5,10,0,9255,2486,2026-02-26
凱基南崁,140.0,2000,0,9256,2486,2026-02-26
凱基南崁,141.0,0,7000,9256,2486,2026-02-26
凱基南崁,143.0,3000,0,9256,2486,2026-02-26
凱基林口,140.0,0,1000,9257,2486,2026-02-26
凱基林口,141.5,1000,0,9257,2486,2026-02-26
凱基士林,141.0,7000,0,9238,2486,2026-02-26
凱基信義,140.5,2000,0,9216,2486,2026-02-26
凱基士林,140.0,5000,0,9238,2486,2026-02-26
凱基虎尾,142.0,1100,0,9236,2486,2026-02-26
凱基屏東,140.0,0,2000,922C,2486,2026-02-26
凱基屏東,143.5,0,1000,922C,2486,2026-02-26
凱基員林,141.0,0,2000,9231,2486,2026-02-26
凱基員林,142.0,1000,0,9231,2486,2026-02-26
凱基員林,147.0,1000,0,9231,2486,2026-02-26
凱基長庚,141.0,1000,0,9233,2486,2026-02-26
凱基長庚,142.0,0,1000,9233,2486,2026-02-26
凱基長庚,144.0,1000,1000,9233,2486,2026-02-26
凱基長庚,145.0,0,1000,9233,2486,2026-02-26
凱基竹北,140.5,1000,3000,9234,2486,2026-02-26
凱基竹北,142.0,150,0,9234,2486,2026-02-26
凱基竹北,145.5,10,0,9234,2486,2026-02-26
凱基永華,140.0,0,4000,9235,2486,2026-02-26
凱基永華,146.0,0,1000,9235,2486,2026-02-26
凱基虎尾,141.0,110,4000,9236,2486,2026-02-26
凱基敦北,140.0,2000,0,9237,2486,2026-02-26
光和高雄,145.0,1000,0,638D,2486,2026-02-26
